        STARTING PIPELINE FOR 2T4C  128x128              
-> Updating Param.cpp...
-> Updating main.cpp...
-> Updating inference.py...
-> Compiling NeuroSim (make clean && make)...
-> Running inference.py (Waiting for 4% batch completion)...
/scratch/rxc5747/conda_envs/neurosim/lib/python3.11/site-packages/torchvision/datasets/cifar.py:83: VisibleDeprecationWarning: dtype(): align should be passed as Python or NumPy boolean but got `align=0`. Did you mean to pass a tuple to create a subarray type? (Deprecated NumPy 2.4)
  entry = pickle.load(f, encoding="latin1")
WARNING: Logging before flag parsing goes to stderr.
I0612 13:55:04.567162 140655335757632 _utils.py:224] Input is fake quantized to 8 bits in CIMConv2d with axis None!
Input is fake quantized to 8 bits in CIMConv2d with axis None!
I0612 13:55:04.567303 140655335757632 _utils.py:227] Weight is fake quantized to 8 bits in CIMConv2d with axis 0!
Weight is fake quantized to 8 bits in CIMConv2d with axis 0!
I0612 13:55:04.567348 140655335757632 _utils.py:230] Output is fake quantized to 7 bits in CIMConv2d with axis None!
Output is fake quantized to 7 bits in CIMConv2d with axis None!
I0612 13:55:04.588177 140655335757632 _utils.py:224] Input is fake quantized to 8 bits in CIMConv2d with axis None!
Input is fake quantized to 8 bits in CIMConv2d with axis None!
I0612 13:55:04.588282 140655335757632 _utils.py:227] Weight is fake quantized to 8 bits in CIMConv2d with axis 0!
Weight is fake quantized to 8 bits in CIMConv2d with axis 0!
I0612 13:55:04.588321 140655335757632 _utils.py:230] Output is fake quantized to 7 bits in CIMConv2d with axis None!
Output is fake quantized to 7 bits in CIMConv2d with axis None!
I0612 13:55:04.589647 140655335757632 _utils.py:224] Input is fake quantized to 8 bits in CIMConv2d with axis None!
Input is fake quantized to 8 bits in CIMConv2d with axis None!
I0612 13:55:04.589713 140655335757632 _utils.py:227] Weight is fake quantized to 8 bits in CIMConv2d with axis 0!
Weight is fake quantized to 8 bits in CIMConv2d with axis 0!
I0612 13:55:04.589761 140655335757632 _utils.py:230] Output is fake quantized to 7 bits in CIMConv2d with axis None!
Output is fake quantized to 7 bits in CIMConv2d with axis None!
I0612 13:55:04.591291 140655335757632 _utils.py:224] Input is fake quantized to 8 bits in CIMConv2d with axis None!
Input is fake quantized to 8 bits in CIMConv2d with axis None!
I0612 13:55:04.591349 140655335757632 _utils.py:227] Weight is fake quantized to 8 bits in CIMConv2d with axis 0!
Weight is fake quantized to 8 bits in CIMConv2d with axis 0!
I0612 13:55:04.591382 140655335757632 _utils.py:230] Output is fake quantized to 7 bits in CIMConv2d with axis None!
Output is fake quantized to 7 bits in CIMConv2d with axis None!
I0612 13:55:04.592614 140655335757632 _utils.py:224] Input is fake quantized to 8 bits in CIMConv2d with axis None!
Input is fake quantized to 8 bits in CIMConv2d with axis None!
I0612 13:55:04.592668 140655335757632 _utils.py:227] Weight is fake quantized to 8 bits in CIMConv2d with axis 0!
Weight is fake quantized to 8 bits in CIMConv2d with axis 0!
I0612 13:55:04.592700 140655335757632 _utils.py:230] Output is fake quantized to 7 bits in CIMConv2d with axis None!
Output is fake quantized to 7 bits in CIMConv2d with axis None!
I0612 13:55:04.594032 140655335757632 _utils.py:224] Input is fake quantized to 8 bits in CIMConv2d with axis None!
Input is fake quantized to 8 bits in CIMConv2d with axis None!
I0612 13:55:04.594085 140655335757632 _utils.py:227] Weight is fake quantized to 8 bits in CIMConv2d with axis 0!
Weight is fake quantized to 8 bits in CIMConv2d with axis 0!
I0612 13:55:04.594117 140655335757632 _utils.py:230] Output is fake quantized to 7 bits in CIMConv2d with axis None!
Output is fake quantized to 7 bits in CIMConv2d with axis None!
I0612 13:55:04.595606 140655335757632 _utils.py:224] Input is fake quantized to 8 bits in CIMConv2d with axis None!
Input is fake quantized to 8 bits in CIMConv2d with axis None!
I0612 13:55:04.595660 140655335757632 _utils.py:227] Weight is fake quantized to 8 bits in CIMConv2d with axis 0!
Weight is fake quantized to 8 bits in CIMConv2d with axis 0!
I0612 13:55:04.595693 140655335757632 _utils.py:230] Output is fake quantized to 7 bits in CIMConv2d with axis None!
Output is fake quantized to 7 bits in CIMConv2d with axis None!
I0612 13:55:04.596867 140655335757632 _utils.py:224] Input is fake quantized to 8 bits in CIMConv2d with axis None!
Input is fake quantized to 8 bits in CIMConv2d with axis None!
I0612 13:55:04.596921 140655335757632 _utils.py:227] Weight is fake quantized to 8 bits in CIMConv2d with axis 0!
Weight is fake quantized to 8 bits in CIMConv2d with axis 0!
I0612 13:55:04.596953 140655335757632 _utils.py:230] Output is fake quantized to 7 bits in CIMConv2d with axis None!
Output is fake quantized to 7 bits in CIMConv2d with axis None!
I0612 13:55:04.598496 140655335757632 _utils.py:224] Input is fake quantized to 8 bits in CIMConv2d with axis None!
Input is fake quantized to 8 bits in CIMConv2d with axis None!
I0612 13:55:04.598551 140655335757632 _utils.py:227] Weight is fake quantized to 8 bits in CIMConv2d with axis 0!
Weight is fake quantized to 8 bits in CIMConv2d with axis 0!
I0612 13:55:04.598596 140655335757632 _utils.py:230] Output is fake quantized to 7 bits in CIMConv2d with axis None!
Output is fake quantized to 7 bits in CIMConv2d with axis None!
I0612 13:55:04.600079 140655335757632 _utils.py:224] Input is fake quantized to 8 bits in CIMConv2d with axis None!
Input is fake quantized to 8 bits in CIMConv2d with axis None!
I0612 13:55:04.600133 140655335757632 _utils.py:227] Weight is fake quantized to 8 bits in CIMConv2d with axis 0!
Weight is fake quantized to 8 bits in CIMConv2d with axis 0!
I0612 13:55:04.600168 140655335757632 _utils.py:230] Output is fake quantized to 7 bits in CIMConv2d with axis None!
Output is fake quantized to 7 bits in CIMConv2d with axis None!
I0612 13:55:04.602069 140655335757632 _utils.py:224] Input is fake quantized to 8 bits in CIMConv2d with axis None!
Input is fake quantized to 8 bits in CIMConv2d with axis None!
I0612 13:55:04.602124 140655335757632 _utils.py:227] Weight is fake quantized to 8 bits in CIMConv2d with axis 0!
Weight is fake quantized to 8 bits in CIMConv2d with axis 0!
I0612 13:55:04.602159 140655335757632 _utils.py:230] Output is fake quantized to 7 bits in CIMConv2d with axis None!
Output is fake quantized to 7 bits in CIMConv2d with axis None!
I0612 13:55:04.604791 140655335757632 _utils.py:224] Input is fake quantized to 8 bits in CIMConv2d with axis None!
Input is fake quantized to 8 bits in CIMConv2d with axis None!
I0612 13:55:04.604848 140655335757632 _utils.py:227] Weight is fake quantized to 8 bits in CIMConv2d with axis 0!
Weight is fake quantized to 8 bits in CIMConv2d with axis 0!
I0612 13:55:04.604881 140655335757632 _utils.py:230] Output is fake quantized to 7 bits in CIMConv2d with axis None!
Output is fake quantized to 7 bits in CIMConv2d with axis None!
I0612 13:55:04.606135 140655335757632 _utils.py:224] Input is fake quantized to 8 bits in CIMConv2d with axis None!
Input is fake quantized to 8 bits in CIMConv2d with axis None!
I0612 13:55:04.606189 140655335757632 _utils.py:227] Weight is fake quantized to 8 bits in CIMConv2d with axis 0!
Weight is fake quantized to 8 bits in CIMConv2d with axis 0!
I0612 13:55:04.606225 140655335757632 _utils.py:230] Output is fake quantized to 7 bits in CIMConv2d with axis None!
Output is fake quantized to 7 bits in CIMConv2d with axis None!
I0612 13:55:04.608877 140655335757632 _utils.py:224] Input is fake quantized to 8 bits in CIMConv2d with axis None!
Input is fake quantized to 8 bits in CIMConv2d with axis None!
I0612 13:55:04.608934 140655335757632 _utils.py:227] Weight is fake quantized to 8 bits in CIMConv2d with axis 0!
Weight is fake quantized to 8 bits in CIMConv2d with axis 0!
I0612 13:55:04.608969 140655335757632 _utils.py:230] Output is fake quantized to 7 bits in CIMConv2d with axis None!
Output is fake quantized to 7 bits in CIMConv2d with axis None!
I0612 13:55:04.611614 140655335757632 _utils.py:224] Input is fake quantized to 8 bits in CIMConv2d with axis None!
Input is fake quantized to 8 bits in CIMConv2d with axis None!
I0612 13:55:04.611672 140655335757632 _utils.py:227] Weight is fake quantized to 8 bits in CIMConv2d with axis 0!
Weight is fake quantized to 8 bits in CIMConv2d with axis 0!
I0612 13:55:04.611704 140655335757632 _utils.py:230] Output is fake quantized to 7 bits in CIMConv2d with axis None!
Output is fake quantized to 7 bits in CIMConv2d with axis None!
I0612 13:55:04.615885 140655335757632 _utils.py:224] Input is fake quantized to 8 bits in CIMConv2d with axis None!
Input is fake quantized to 8 bits in CIMConv2d with axis None!
I0612 13:55:04.615942 140655335757632 _utils.py:227] Weight is fake quantized to 8 bits in CIMConv2d with axis 0!
Weight is fake quantized to 8 bits in CIMConv2d with axis 0!
I0612 13:55:04.615974 140655335757632 _utils.py:230] Output is fake quantized to 7 bits in CIMConv2d with axis None!
Output is fake quantized to 7 bits in CIMConv2d with axis None!
I0612 13:55:04.623183 140655335757632 _utils.py:224] Input is fake quantized to 8 bits in CIMConv2d with axis None!
Input is fake quantized to 8 bits in CIMConv2d with axis None!
I0612 13:55:04.623246 140655335757632 _utils.py:227] Weight is fake quantized to 8 bits in CIMConv2d with axis 0!
Weight is fake quantized to 8 bits in CIMConv2d with axis 0!
I0612 13:55:04.623278 140655335757632 _utils.py:230] Output is fake quantized to 7 bits in CIMConv2d with axis None!
Output is fake quantized to 7 bits in CIMConv2d with axis None!
I0612 13:55:04.624825 140655335757632 _utils.py:224] Input is fake quantized to 8 bits in CIMConv2d with axis None!
Input is fake quantized to 8 bits in CIMConv2d with axis None!
I0612 13:55:04.624880 140655335757632 _utils.py:227] Weight is fake quantized to 8 bits in CIMConv2d with axis 0!
Weight is fake quantized to 8 bits in CIMConv2d with axis 0!
I0612 13:55:04.624912 140655335757632 _utils.py:230] Output is fake quantized to 7 bits in CIMConv2d with axis None!
Output is fake quantized to 7 bits in CIMConv2d with axis None!
I0612 13:55:04.632141 140655335757632 _utils.py:224] Input is fake quantized to 8 bits in CIMConv2d with axis None!
Input is fake quantized to 8 bits in CIMConv2d with axis None!
I0612 13:55:04.632203 140655335757632 _utils.py:227] Weight is fake quantized to 8 bits in CIMConv2d with axis 0!
Weight is fake quantized to 8 bits in CIMConv2d with axis 0!
I0612 13:55:04.632236 140655335757632 _utils.py:230] Output is fake quantized to 7 bits in CIMConv2d with axis None!
Output is fake quantized to 7 bits in CIMConv2d with axis None!
I0612 13:55:04.640586 140655335757632 _utils.py:224] Input is fake quantized to 8 bits in CIMConv2d with axis None!
Input is fake quantized to 8 bits in CIMConv2d with axis None!
I0612 13:55:04.640652 140655335757632 _utils.py:227] Weight is fake quantized to 8 bits in CIMConv2d with axis 0!
Weight is fake quantized to 8 bits in CIMConv2d with axis 0!
I0612 13:55:04.640685 140655335757632 _utils.py:230] Output is fake quantized to 7 bits in CIMConv2d with axis None!
Output is fake quantized to 7 bits in CIMConv2d with axis None!
I0612 13:55:04.641852 140655335757632 _utils.py:305] Input is fake quantized to 8 bits in CIMAdaptiveAvgPool2d with axis None!
Input is fake quantized to 8 bits in CIMAdaptiveAvgPool2d with axis None!
I0612 13:55:04.642643 140655335757632 _utils.py:224] Input is fake quantized to 8 bits in CIMLinear with axis None!
Input is fake quantized to 8 bits in CIMLinear with axis None!
I0612 13:55:04.642693 140655335757632 _utils.py:227] Weight is fake quantized to 8 bits in CIMLinear with axis 0!
Weight is fake quantized to 8 bits in CIMLinear with axis 0!
I0612 13:55:04.642726 140655335757632 _utils.py:230] Output is fake quantized to 7 bits in CIMLinear with axis None!
Output is fake quantized to 7 bits in CIMLinear with axis None!
log/default/adc_axis=None/adc_calib_method=max/adc_enable=1/adc_precision=7/adc_quant_method=scale/batch_size=400/bitcell=1/calib_batch_size=128/dac_precision=1/dataset=cifar10/detect=0/hardware=1/input_axis=None/input_calib_method=max/input_precision=8/mem_states_file=mem_states.csv/mem_type=capacitive/mode=TensorRT/model=resnet18/num_batches=-1/off_state=0.006/on_state=1.02e-11/optimize_adc=0/output_noise=0.0/output_noise_file=/parallel_read=64/ppa=1/rate_stuck_0=0.0/rate_stuck_1=0.0/read_noise=0.0/seed=1234/sub_array=[4096, 64]/t=1/target=0.0/test_name=test/v=0.0/v_list=[0.005, 0.005, 0.005, 0.005, 0.005, 0.005, 0.005, 0.005]/vdd=1/weight_axis=0/weight_calib_method=max/weight_precision=8
=================FLAGS==================
dataset: cifar10
model: resnet18
data_path: ./datasets
model_path: ./models/
test_name: test
mode: TensorRT
gpu: 0
batch_size: 400
calib_batch_size: 128
seed: 1234
logdir: log/default/adc_axis=None/adc_calib_method=max/adc_enable=1/adc_precision=7/adc_quant_method=scale/batch_size=400/bitcell=1/calib_batch_size=128/dac_precision=1/dataset=cifar10/detect=0/hardware=1/input_axis=None/input_calib_method=max/input_precision=8/mem_states_file=mem_states.csv/mem_type=capacitive/mode=TensorRT/model=resnet18/num_batches=-1/off_state=0.006/on_state=1.02e-11/optimize_adc=0/output_noise=0.0/output_noise_file=/parallel_read=64/ppa=1/rate_stuck_0=0.0/rate_stuck_1=0.0/read_noise=0.0/seed=1234/sub_array=[4096, 64]/t=1/target=0.0/test_name=test/v=0.0/v_list=[0.005, 0.005, 0.005, 0.005, 0.005, 0.005, 0.005, 0.005]/vdd=1/weight_axis=0/weight_calib_method=max/weight_precision=8
hardware: 1
ppa: 1
num_batches: -1
sub_array: [4096, 64]
parallel_read: 64
weight_precision: 8
input_precision: 8
dac_precision: 1
adc_precision: 7
bitcell: 1
mem_type: capacitive
off_state: 0.006
on_state: 1.02e-11
mem_states_file: mem_states.csv
vdd: 1
read_noise: 0.0
output_noise: 0.0
output_noise_file: 
t: 1
v: 0.0
v_list: [0.005, 0.005, 0.005, 0.005, 0.005, 0.005, 0.005, 0.005]
detect: 0
target: 0.0
rate_stuck_0: 0.0
rate_stuck_1: 0.0
input_calib_method: max
weight_calib_method: max
adc_calib_method: max
input_axis: None
weight_axis: 0
adc_axis: None
adc_quant_method: scale
optimize_adc: 0
adc_enable: 1
logger: <bound method Logger.info of <pytorch_quantization.utils.misc.Logger object at 0x7feb15deb250>>
========================================

Running in-memory computing functional simulation of resnet18 on cifar10 dataset...
Building CIFAR-10 data loader with 1 workers
Building CIFAR-10 data loader with 1 workers

Loading pretrained model ./models/resnet18_cifar10.pth...
ResNet(
  (conv1): Sequential(
    (0): CIMConv2d(
      3, 64, kernel_size=(3, 3), stride=(1, 1), padding=(1, 1), bias=False
      (_input_quantizer): TensorQuantizer(8bit fake per-tensor amax=dynamic calibrator=MaxCalibrator scale=1.0 quant)
      (_weight_quantizer): TensorQuantizer(8bit fake axis=0 amax=dynamic calibrator=MaxCalibrator scale=1.0 quant)
      (_adc_quantizer): TensorQuantizer(unsigned 7bit fake per-tensor amax=dynamic calibrator=MaxCalibrator scale=1.0 quant)
    )
    (1): BatchNorm2d(64, eps=1e-05, momentum=0.1, affine=True, track_running_stats=True)
    (2): ReLU(inplace=True)
  )
  (conv2_x): Sequential(
    (0): BasicBlock(
      (residual_function): Sequential(
        (0): CIMConv2d(
          64, 64, kernel_size=(3, 3), stride=(1, 1), padding=(1, 1), bias=False
          (_input_quantizer): TensorQuantizer(8bit fake per-tensor amax=dynamic calibrator=MaxCalibrator scale=1.0 quant)
          (_weight_quantizer): TensorQuantizer(8bit fake axis=0 amax=dynamic calibrator=MaxCalibrator scale=1.0 quant)
          (_adc_quantizer): TensorQuantizer(unsigned 7bit fake per-tensor amax=dynamic calibrator=MaxCalibrator scale=1.0 quant)
        )
        (1): BatchNorm2d(64, eps=1e-05, momentum=0.1, affine=True, track_running_stats=True)
        (2): ReLU(inplace=True)
        (3): CIMConv2d(
          64, 64, kernel_size=(3, 3), stride=(1, 1), padding=(1, 1), bias=False
          (_input_quantizer): TensorQuantizer(8bit fake per-tensor amax=dynamic calibrator=MaxCalibrator scale=1.0 quant)
          (_weight_quantizer): TensorQuantizer(8bit fake axis=0 amax=dynamic calibrator=MaxCalibrator scale=1.0 quant)
          (_adc_quantizer): TensorQuantizer(unsigned 7bit fake per-tensor amax=dynamic calibrator=MaxCalibrator scale=1.0 quant)
        )
        (4): BatchNorm2d(64, eps=1e-05, momentum=0.1, affine=True, track_running_stats=True)
      )
      (shortcut): Sequential()
    )
    (1): BasicBlock(
      (residual_function): Sequential(
        (0): CIMConv2d(
          64, 64, kernel_size=(3, 3), stride=(1, 1), padding=(1, 1), bias=False
          (_input_quantizer): TensorQuantizer(8bit fake per-tensor amax=dynamic calibrator=MaxCalibrator scale=1.0 quant)
          (_weight_quantizer): TensorQuantizer(8bit fake axis=0 amax=dynamic calibrator=MaxCalibrator scale=1.0 quant)
          (_adc_quantizer): TensorQuantizer(unsigned 7bit fake per-tensor amax=dynamic calibrator=MaxCalibrator scale=1.0 quant)
        )
        (1): BatchNorm2d(64, eps=1e-05, momentum=0.1, affine=True, track_running_stats=True)
        (2): ReLU(inplace=True)
        (3): CIMConv2d(
          64, 64, kernel_size=(3, 3), stride=(1, 1), padding=(1, 1), bias=False
          (_input_quantizer): TensorQuantizer(8bit fake per-tensor amax=dynamic calibrator=MaxCalibrator scale=1.0 quant)
          (_weight_quantizer): TensorQuantizer(8bit fake axis=0 amax=dynamic calibrator=MaxCalibrator scale=1.0 quant)
          (_adc_quantizer): TensorQuantizer(unsigned 7bit fake per-tensor amax=dynamic calibrator=MaxCalibrator scale=1.0 quant)
        )
        (4): BatchNorm2d(64, eps=1e-05, momentum=0.1, affine=True, track_running_stats=True)
      )
      (shortcut): Sequential()
    )
  )
  (conv3_x): Sequential(
    (0): BasicBlock(
      (residual_function): Sequential(
        (0): CIMConv2d(
          64, 128, kernel_size=(3, 3), stride=(2, 2), padding=(1, 1), bias=False
          (_input_quantizer): TensorQuantizer(8bit fake per-tensor amax=dynamic calibrator=MaxCalibrator scale=1.0 quant)
          (_weight_quantizer): TensorQuantizer(8bit fake axis=0 amax=dynamic calibrator=MaxCalibrator scale=1.0 quant)
          (_adc_quantizer): TensorQuantizer(unsigned 7bit fake per-tensor amax=dynamic calibrator=MaxCalibrator scale=1.0 quant)
        )
        (1): BatchNorm2d(128, eps=1e-05, momentum=0.1, affine=True, track_running_stats=True)
        (2): ReLU(inplace=True)
        (3): CIMConv2d(
          128, 128, kernel_size=(3, 3), stride=(1, 1), padding=(1, 1), bias=False
          (_input_quantizer): TensorQuantizer(8bit fake per-tensor amax=dynamic calibrator=MaxCalibrator scale=1.0 quant)
          (_weight_quantizer): TensorQuantizer(8bit fake axis=0 amax=dynamic calibrator=MaxCalibrator scale=1.0 quant)
          (_adc_quantizer): TensorQuantizer(unsigned 7bit fake per-tensor amax=dynamic calibrator=MaxCalibrator scale=1.0 quant)
        )
        (4): BatchNorm2d(128, eps=1e-05, momentum=0.1, affine=True, track_running_stats=True)
      )
      (shortcut): Sequential(
        (0): CIMConv2d(
          64, 128, kernel_size=(1, 1), stride=(2, 2), bias=False
          (_input_quantizer): TensorQuantizer(8bit fake per-tensor amax=dynamic calibrator=MaxCalibrator scale=1.0 quant)
          (_weight_quantizer): TensorQuantizer(8bit fake axis=0 amax=dynamic calibrator=MaxCalibrator scale=1.0 quant)
          (_adc_quantizer): TensorQuantizer(unsigned 7bit fake per-tensor amax=dynamic calibrator=MaxCalibrator scale=1.0 quant)
        )
        (1): BatchNorm2d(128, eps=1e-05, momentum=0.1, affine=True, track_running_stats=True)
      )
    )
    (1): BasicBlock(
      (residual_function): Sequential(
        (0): CIMConv2d(
          128, 128, kernel_size=(3, 3), stride=(1, 1), padding=(1, 1), bias=False
          (_input_quantizer): TensorQuantizer(8bit fake per-tensor amax=dynamic calibrator=MaxCalibrator scale=1.0 quant)
          (_weight_quantizer): TensorQuantizer(8bit fake axis=0 amax=dynamic calibrator=MaxCalibrator scale=1.0 quant)
          (_adc_quantizer): TensorQuantizer(unsigned 7bit fake per-tensor amax=dynamic calibrator=MaxCalibrator scale=1.0 quant)
        )
        (1): BatchNorm2d(128, eps=1e-05, momentum=0.1, affine=True, track_running_stats=True)
        (2): ReLU(inplace=True)
        (3): CIMConv2d(
          128, 128, kernel_size=(3, 3), stride=(1, 1), padding=(1, 1), bias=False
          (_input_quantizer): TensorQuantizer(8bit fake per-tensor amax=dynamic calibrator=MaxCalibrator scale=1.0 quant)
          (_weight_quantizer): TensorQuantizer(8bit fake axis=0 amax=dynamic calibrator=MaxCalibrator scale=1.0 quant)
          (_adc_quantizer): TensorQuantizer(unsigned 7bit fake per-tensor amax=dynamic calibrator=MaxCalibrator scale=1.0 quant)
        )
        (4): BatchNorm2d(128, eps=1e-05, momentum=0.1, affine=True, track_running_stats=True)
      )
      (shortcut): Sequential()
    )
  )
  (conv4_x): Sequential(
    (0): BasicBlock(
      (residual_function): Sequential(
        (0): CIMConv2d(
          128, 256, kernel_size=(3, 3), stride=(2, 2), padding=(1, 1), bias=False
          (_input_quantizer): TensorQuantizer(8bit fake per-tensor amax=dynamic calibrator=MaxCalibrator scale=1.0 quant)
          (_weight_quantizer): TensorQuantizer(8bit fake axis=0 amax=dynamic calibrator=MaxCalibrator scale=1.0 quant)
          (_adc_quantizer): TensorQuantizer(unsigned 7bit fake per-tensor amax=dynamic calibrator=MaxCalibrator scale=1.0 quant)
        )
        (1): BatchNorm2d(256, eps=1e-05, momentum=0.1, affine=True, track_running_stats=True)
        (2): ReLU(inplace=True)
        (3): CIMConv2d(
          256, 256, kernel_size=(3, 3), stride=(1, 1), padding=(1, 1), bias=False
          (_input_quantizer): TensorQuantizer(8bit fake per-tensor amax=dynamic calibrator=MaxCalibrator scale=1.0 quant)
          (_weight_quantizer): TensorQuantizer(8bit fake axis=0 amax=dynamic calibrator=MaxCalibrator scale=1.0 quant)
          (_adc_quantizer): TensorQuantizer(unsigned 7bit fake per-tensor amax=dynamic calibrator=MaxCalibrator scale=1.0 quant)
        )
        (4): BatchNorm2d(256, eps=1e-05, momentum=0.1, affine=True, track_running_stats=True)
      )
      (shortcut): Sequential(
        (0): CIMConv2d(
          128, 256, kernel_size=(1, 1), stride=(2, 2), bias=False
          (_input_quantizer): TensorQuantizer(8bit fake per-tensor amax=dynamic calibrator=MaxCalibrator scale=1.0 quant)
          (_weight_quantizer): TensorQuantizer(8bit fake axis=0 amax=dynamic calibrator=MaxCalibrator scale=1.0 quant)
          (_adc_quantizer): TensorQuantizer(unsigned 7bit fake per-tensor amax=dynamic calibrator=MaxCalibrator scale=1.0 quant)
        )
        (1): BatchNorm2d(256, eps=1e-05, momentum=0.1, affine=True, track_running_stats=True)
      )
    )
    (1): BasicBlock(
      (residual_function): Sequential(
        (0): CIMConv2d(
          256, 256, kernel_size=(3, 3), stride=(1, 1), padding=(1, 1), bias=False
          (_input_quantizer): TensorQuantizer(8bit fake per-tensor amax=dynamic calibrator=MaxCalibrator scale=1.0 quant)
          (_weight_quantizer): TensorQuantizer(8bit fake axis=0 amax=dynamic calibrator=MaxCalibrator scale=1.0 quant)
          (_adc_quantizer): TensorQuantizer(unsigned 7bit fake per-tensor amax=dynamic calibrator=MaxCalibrator scale=1.0 quant)
        )
        (1): BatchNorm2d(256, eps=1e-05, momentum=0.1, affine=True, track_running_stats=True)
        (2): ReLU(inplace=True)
        (3): CIMConv2d(
          256, 256, kernel_size=(3, 3), stride=(1, 1), padding=(1, 1), bias=False
          (_input_quantizer): TensorQuantizer(8bit fake per-tensor amax=dynamic calibrator=MaxCalibrator scale=1.0 quant)
          (_weight_quantizer): TensorQuantizer(8bit fake axis=0 amax=dynamic calibrator=MaxCalibrator scale=1.0 quant)
          (_adc_quantizer): TensorQuantizer(unsigned 7bit fake per-tensor amax=dynamic calibrator=MaxCalibrator scale=1.0 quant)
        )
        (4): BatchNorm2d(256, eps=1e-05, momentum=0.1, affine=True, track_running_stats=True)
      )
      (shortcut): Sequential()
    )
  )
  (conv5_x): Sequential(
    (0): BasicBlock(
      (residual_function): Sequential(
        (0): CIMConv2d(
          256, 512, kernel_size=(3, 3), stride=(2, 2), padding=(1, 1), bias=False
          (_input_quantizer): TensorQuantizer(8bit fake per-tensor amax=dynamic calibrator=MaxCalibrator scale=1.0 quant)
          (_weight_quantizer): TensorQuantizer(8bit fake axis=0 amax=dynamic calibrator=MaxCalibrator scale=1.0 quant)
          (_adc_quantizer): TensorQuantizer(unsigned 7bit fake per-tensor amax=dynamic calibrator=MaxCalibrator scale=1.0 quant)
        )
        (1): BatchNorm2d(512, eps=1e-05, momentum=0.1, affine=True, track_running_stats=True)
        (2): ReLU(inplace=True)
        (3): CIMConv2d(
          512, 512, kernel_size=(3, 3), stride=(1, 1), padding=(1, 1), bias=False
          (_input_quantizer): TensorQuantizer(8bit fake per-tensor amax=dynamic calibrator=MaxCalibrator scale=1.0 quant)
          (_weight_quantizer): TensorQuantizer(8bit fake axis=0 amax=dynamic calibrator=MaxCalibrator scale=1.0 quant)
          (_adc_quantizer): TensorQuantizer(unsigned 7bit fake per-tensor amax=dynamic calibrator=MaxCalibrator scale=1.0 quant)
        )
        (4): BatchNorm2d(512, eps=1e-05, momentum=0.1, affine=True, track_running_stats=True)
      )
      (shortcut): Sequential(
        (0): CIMConv2d(
          256, 512, kernel_size=(1, 1), stride=(2, 2), bias=False
          (_input_quantizer): TensorQuantizer(8bit fake per-tensor amax=dynamic calibrator=MaxCalibrator scale=1.0 quant)
          (_weight_quantizer): TensorQuantizer(8bit fake axis=0 amax=dynamic calibrator=MaxCalibrator scale=1.0 quant)
          (_adc_quantizer): TensorQuantizer(unsigned 7bit fake per-tensor amax=dynamic calibrator=MaxCalibrator scale=1.0 quant)
        )
        (1): BatchNorm2d(512, eps=1e-05, momentum=0.1, affine=True, track_running_stats=True)
      )
    )
    (1): BasicBlock(
      (residual_function): Sequential(
        (0): CIMConv2d(
          512, 512, kernel_size=(3, 3), stride=(1, 1), padding=(1, 1), bias=False
          (_input_quantizer): TensorQuantizer(8bit fake per-tensor amax=dynamic calibrator=MaxCalibrator scale=1.0 quant)
          (_weight_quantizer): TensorQuantizer(8bit fake axis=0 amax=dynamic calibrator=MaxCalibrator scale=1.0 quant)
          (_adc_quantizer): TensorQuantizer(unsigned 7bit fake per-tensor amax=dynamic calibrator=MaxCalibrator scale=1.0 quant)
        )
        (1): BatchNorm2d(512, eps=1e-05, momentum=0.1, affine=True, track_running_stats=True)
        (2): ReLU(inplace=True)
        (3): CIMConv2d(
          512, 512, kernel_size=(3, 3), stride=(1, 1), padding=(1, 1), bias=False
          (_input_quantizer): TensorQuantizer(8bit fake per-tensor amax=dynamic calibrator=MaxCalibrator scale=1.0 quant)
          (_weight_quantizer): TensorQuantizer(8bit fake axis=0 amax=dynamic calibrator=MaxCalibrator scale=1.0 quant)
          (_adc_quantizer): TensorQuantizer(unsigned 7bit fake per-tensor amax=dynamic calibrator=MaxCalibrator scale=1.0 quant)
        )
        (4): BatchNorm2d(512, eps=1e-05, momentum=0.1, affine=True, track_running_stats=True)
      )
      (shortcut): Sequential()
    )
  )
  (avg_pool): CIMAdaptiveAvgPool2d(
    output_size=(1, 1)
    (_input_quantizer): TensorQuantizer(8bit fake per-tensor amax=dynamic calibrator=MaxCalibrator scale=1.0 quant)
  )
  (fc): CIMLinear(
    in_features=512, out_features=10, bias=True
    (_input_quantizer): TensorQuantizer(8bit fake per-tensor amax=dynamic calibrator=MaxCalibrator scale=1.0 quant)
    (_weight_quantizer): TensorQuantizer(8bit fake axis=0 amax=dynamic calibrator=MaxCalibrator scale=1.0 quant)
    (_adc_quantizer): TensorQuantizer(unsigned 7bit fake per-tensor amax=dynamic calibrator=MaxCalibrator scale=1.0 quant)
  )
)
Evaluating baseline model...


  0%|          | 0/1 [00:00<?, ?it/s]
  0%|          | 0/1 [00:00<?, ?it/s]
Test Accuracy of the model on 400 test images: 12.75 %
Average Test loss: 2.3037919998168945

--------------------------------------------
evaluation time: 0.45882320404052734
Quantizing inputs and weights...
Collecting histograms...


  0%|          | 0/2 [00:00<?, ?it/s]I0612 13:55:05.191865 140655335757632 max.py:61] Calibrator encountered negative values. It shouldn't happen after ReLU. Make sure this is the right tensor to calibrate.
Calibrator encountered negative values. It shouldn't happen after ReLU. Make sure this is the right tensor to calibrate.

100%|██████████| 2/2 [00:00<00:00, 22.98it/s]
W0612 13:55:05.266196 140655335757632 tensor_quantizer.py:239] Call .cuda() if running on GPU after loading calibrated amax.
Call .cuda() if running on GPU after loading calibrated amax.

Computing amax... 

Finished quantizing inputs and weights.
Evaluating input and weight quantized model...


  0%|          | 0/1 [00:00<?, ?it/s]
  0%|          | 0/1 [00:00<?, ?it/s]
I0612 13:55:05.388918 140655335757632 misc.py:32] Running inference with detailed hardware simulation...
Running inference with detailed hardware simulation...
Test Accuracy of the model on 400 test images: 12.5 %
Average Test loss: 2.303790330886841

--------------------------------------------
evaluation time: 0.08414387702941895

  0%|          | 0/25 [00:00<?, ?it/s]
  4%|▍         | 1/25 [00:11<04:39, 11.63s/it]

-> [Auto-Interrupt] 4% batch mark reached! CSVs should be fully saved.
-> [Auto-Interrupt] Sending Ctrl+C (SIGTERM)...
-> integrationMode = CNA: recompiling...
-> Running NeuroSim Hardware Trace...
-> DONE! Saved hardware performance to results_resnet18_2T4C_128x128_CNA_no_pipeline.txt

-> integrationMode = CUA: recompiling...
-> Running NeuroSim Hardware Trace...
-> DONE! Saved hardware performance to results_resnet18_2T4C_128x128_CUA_no_pipeline.txt

-> integrationMode = CBA: recompiling...
-> Running NeuroSim Hardware Trace...
-> DONE! Saved hardware performance to results_resnet18_2T4C_128x128_CBA_no_pipeline.txt

        STARTING PIPELINE FOR 2T4C  256x256              
-> Updating Param.cpp...
-> Updating main.cpp...
-> Updating inference.py...
-> Compiling NeuroSim (make clean && make)...
-> Running inference.py (Waiting for 4% batch completion)...
/scratch/rxc5747/conda_envs/neurosim/lib/python3.11/site-packages/torchvision/datasets/cifar.py:83: VisibleDeprecationWarning: dtype(): align should be passed as Python or NumPy boolean but got `align=0`. Did you mean to pass a tuple to create a subarray type? (Deprecated NumPy 2.4)
  entry = pickle.load(f, encoding="latin1")
WARNING: Logging before flag parsing goes to stderr.
I0612 14:05:50.920617 140520418637632 _utils.py:224] Input is fake quantized to 8 bits in CIMConv2d with axis None!
Input is fake quantized to 8 bits in CIMConv2d with axis None!
I0612 14:05:50.920754 140520418637632 _utils.py:227] Weight is fake quantized to 8 bits in CIMConv2d with axis 0!
Weight is fake quantized to 8 bits in CIMConv2d with axis 0!
I0612 14:05:50.920800 140520418637632 _utils.py:230] Output is fake quantized to 7 bits in CIMConv2d with axis None!
Output is fake quantized to 7 bits in CIMConv2d with axis None!
I0612 14:05:50.941751 140520418637632 _utils.py:224] Input is fake quantized to 8 bits in CIMConv2d with axis None!
Input is fake quantized to 8 bits in CIMConv2d with axis None!
I0612 14:05:50.941860 140520418637632 _utils.py:227] Weight is fake quantized to 8 bits in CIMConv2d with axis 0!
Weight is fake quantized to 8 bits in CIMConv2d with axis 0!
I0612 14:05:50.941899 140520418637632 _utils.py:230] Output is fake quantized to 7 bits in CIMConv2d with axis None!
Output is fake quantized to 7 bits in CIMConv2d with axis None!
I0612 14:05:50.943205 140520418637632 _utils.py:224] Input is fake quantized to 8 bits in CIMConv2d with axis None!
Input is fake quantized to 8 bits in CIMConv2d with axis None!
I0612 14:05:50.943273 140520418637632 _utils.py:227] Weight is fake quantized to 8 bits in CIMConv2d with axis 0!
Weight is fake quantized to 8 bits in CIMConv2d with axis 0!
I0612 14:05:50.943322 140520418637632 _utils.py:230] Output is fake quantized to 7 bits in CIMConv2d with axis None!
Output is fake quantized to 7 bits in CIMConv2d with axis None!
I0612 14:05:50.944849 140520418637632 _utils.py:224] Input is fake quantized to 8 bits in CIMConv2d with axis None!
Input is fake quantized to 8 bits in CIMConv2d with axis None!
I0612 14:05:50.944906 140520418637632 _utils.py:227] Weight is fake quantized to 8 bits in CIMConv2d with axis 0!
Weight is fake quantized to 8 bits in CIMConv2d with axis 0!
I0612 14:05:50.944939 140520418637632 _utils.py:230] Output is fake quantized to 7 bits in CIMConv2d with axis None!
Output is fake quantized to 7 bits in CIMConv2d with axis None!
I0612 14:05:50.946159 140520418637632 _utils.py:224] Input is fake quantized to 8 bits in CIMConv2d with axis None!
Input is fake quantized to 8 bits in CIMConv2d with axis None!
I0612 14:05:50.946215 140520418637632 _utils.py:227] Weight is fake quantized to 8 bits in CIMConv2d with axis 0!
Weight is fake quantized to 8 bits in CIMConv2d with axis 0!
I0612 14:05:50.946247 140520418637632 _utils.py:230] Output is fake quantized to 7 bits in CIMConv2d with axis None!
Output is fake quantized to 7 bits in CIMConv2d with axis None!
I0612 14:05:50.947583 140520418637632 _utils.py:224] Input is fake quantized to 8 bits in CIMConv2d with axis None!
Input is fake quantized to 8 bits in CIMConv2d with axis None!
I0612 14:05:50.947642 140520418637632 _utils.py:227] Weight is fake quantized to 8 bits in CIMConv2d with axis 0!
Weight is fake quantized to 8 bits in CIMConv2d with axis 0!
I0612 14:05:50.947674 140520418637632 _utils.py:230] Output is fake quantized to 7 bits in CIMConv2d with axis None!
Output is fake quantized to 7 bits in CIMConv2d with axis None!
I0612 14:05:50.949142 140520418637632 _utils.py:224] Input is fake quantized to 8 bits in CIMConv2d with axis None!
Input is fake quantized to 8 bits in CIMConv2d with axis None!
I0612 14:05:50.949198 140520418637632 _utils.py:227] Weight is fake quantized to 8 bits in CIMConv2d with axis 0!
Weight is fake quantized to 8 bits in CIMConv2d with axis 0!
I0612 14:05:50.949231 140520418637632 _utils.py:230] Output is fake quantized to 7 bits in CIMConv2d with axis None!
Output is fake quantized to 7 bits in CIMConv2d with axis None!
I0612 14:05:50.950388 140520418637632 _utils.py:224] Input is fake quantized to 8 bits in CIMConv2d with axis None!
Input is fake quantized to 8 bits in CIMConv2d with axis None!
I0612 14:05:50.950443 140520418637632 _utils.py:227] Weight is fake quantized to 8 bits in CIMConv2d with axis 0!
Weight is fake quantized to 8 bits in CIMConv2d with axis 0!
I0612 14:05:50.950475 140520418637632 _utils.py:230] Output is fake quantized to 7 bits in CIMConv2d with axis None!
Output is fake quantized to 7 bits in CIMConv2d with axis None!
I0612 14:05:50.952009 140520418637632 _utils.py:224] Input is fake quantized to 8 bits in CIMConv2d with axis None!
Input is fake quantized to 8 bits in CIMConv2d with axis None!
I0612 14:05:50.952064 140520418637632 _utils.py:227] Weight is fake quantized to 8 bits in CIMConv2d with axis 0!
Weight is fake quantized to 8 bits in CIMConv2d with axis 0!
I0612 14:05:50.952096 140520418637632 _utils.py:230] Output is fake quantized to 7 bits in CIMConv2d with axis None!
Output is fake quantized to 7 bits in CIMConv2d with axis None!
I0612 14:05:50.953570 140520418637632 _utils.py:224] Input is fake quantized to 8 bits in CIMConv2d with axis None!
Input is fake quantized to 8 bits in CIMConv2d with axis None!
I0612 14:05:50.953626 140520418637632 _utils.py:227] Weight is fake quantized to 8 bits in CIMConv2d with axis 0!
Weight is fake quantized to 8 bits in CIMConv2d with axis 0!
I0612 14:05:50.953657 140520418637632 _utils.py:230] Output is fake quantized to 7 bits in CIMConv2d with axis None!
Output is fake quantized to 7 bits in CIMConv2d with axis None!
I0612 14:05:50.955533 140520418637632 _utils.py:224] Input is fake quantized to 8 bits in CIMConv2d with axis None!
Input is fake quantized to 8 bits in CIMConv2d with axis None!
I0612 14:05:50.955595 140520418637632 _utils.py:227] Weight is fake quantized to 8 bits in CIMConv2d with axis 0!
Weight is fake quantized to 8 bits in CIMConv2d with axis 0!
I0612 14:05:50.955627 140520418637632 _utils.py:230] Output is fake quantized to 7 bits in CIMConv2d with axis None!
Output is fake quantized to 7 bits in CIMConv2d with axis None!
I0612 14:05:50.958263 140520418637632 _utils.py:224] Input is fake quantized to 8 bits in CIMConv2d with axis None!
Input is fake quantized to 8 bits in CIMConv2d with axis None!
I0612 14:05:50.958320 140520418637632 _utils.py:227] Weight is fake quantized to 8 bits in CIMConv2d with axis 0!
Weight is fake quantized to 8 bits in CIMConv2d with axis 0!
I0612 14:05:50.958352 140520418637632 _utils.py:230] Output is fake quantized to 7 bits in CIMConv2d with axis None!
Output is fake quantized to 7 bits in CIMConv2d with axis None!
I0612 14:05:50.959601 140520418637632 _utils.py:224] Input is fake quantized to 8 bits in CIMConv2d with axis None!
Input is fake quantized to 8 bits in CIMConv2d with axis None!
I0612 14:05:50.959657 140520418637632 _utils.py:227] Weight is fake quantized to 8 bits in CIMConv2d with axis 0!
Weight is fake quantized to 8 bits in CIMConv2d with axis 0!
I0612 14:05:50.959688 140520418637632 _utils.py:230] Output is fake quantized to 7 bits in CIMConv2d with axis None!
Output is fake quantized to 7 bits in CIMConv2d with axis None!
I0612 14:05:50.962321 140520418637632 _utils.py:224] Input is fake quantized to 8 bits in CIMConv2d with axis None!
Input is fake quantized to 8 bits in CIMConv2d with axis None!
I0612 14:05:50.962381 140520418637632 _utils.py:227] Weight is fake quantized to 8 bits in CIMConv2d with axis 0!
Weight is fake quantized to 8 bits in CIMConv2d with axis 0!
I0612 14:05:50.962413 140520418637632 _utils.py:230] Output is fake quantized to 7 bits in CIMConv2d with axis None!
Output is fake quantized to 7 bits in CIMConv2d with axis None!
I0612 14:05:50.965044 140520418637632 _utils.py:224] Input is fake quantized to 8 bits in CIMConv2d with axis None!
Input is fake quantized to 8 bits in CIMConv2d with axis None!
I0612 14:05:50.965101 140520418637632 _utils.py:227] Weight is fake quantized to 8 bits in CIMConv2d with axis 0!
Weight is fake quantized to 8 bits in CIMConv2d with axis 0!
I0612 14:05:50.965132 140520418637632 _utils.py:230] Output is fake quantized to 7 bits in CIMConv2d with axis None!
Output is fake quantized to 7 bits in CIMConv2d with axis None!
I0612 14:05:50.969312 140520418637632 _utils.py:224] Input is fake quantized to 8 bits in CIMConv2d with axis None!
Input is fake quantized to 8 bits in CIMConv2d with axis None!
I0612 14:05:50.969370 140520418637632 _utils.py:227] Weight is fake quantized to 8 bits in CIMConv2d with axis 0!
Weight is fake quantized to 8 bits in CIMConv2d with axis 0!
I0612 14:05:50.969402 140520418637632 _utils.py:230] Output is fake quantized to 7 bits in CIMConv2d with axis None!
Output is fake quantized to 7 bits in CIMConv2d with axis None!
I0612 14:05:50.976608 140520418637632 _utils.py:224] Input is fake quantized to 8 bits in CIMConv2d with axis None!
Input is fake quantized to 8 bits in CIMConv2d with axis None!
I0612 14:05:50.976670 140520418637632 _utils.py:227] Weight is fake quantized to 8 bits in CIMConv2d with axis 0!
Weight is fake quantized to 8 bits in CIMConv2d with axis 0!
I0612 14:05:50.976701 140520418637632 _utils.py:230] Output is fake quantized to 7 bits in CIMConv2d with axis None!
Output is fake quantized to 7 bits in CIMConv2d with axis None!
I0612 14:05:50.978245 140520418637632 _utils.py:224] Input is fake quantized to 8 bits in CIMConv2d with axis None!
Input is fake quantized to 8 bits in CIMConv2d with axis None!
I0612 14:05:50.978300 140520418637632 _utils.py:227] Weight is fake quantized to 8 bits in CIMConv2d with axis 0!
Weight is fake quantized to 8 bits in CIMConv2d with axis 0!
I0612 14:05:50.978331 140520418637632 _utils.py:230] Output is fake quantized to 7 bits in CIMConv2d with axis None!
Output is fake quantized to 7 bits in CIMConv2d with axis None!
I0612 14:05:50.985522 140520418637632 _utils.py:224] Input is fake quantized to 8 bits in CIMConv2d with axis None!
Input is fake quantized to 8 bits in CIMConv2d with axis None!
I0612 14:05:50.985587 140520418637632 _utils.py:227] Weight is fake quantized to 8 bits in CIMConv2d with axis 0!
Weight is fake quantized to 8 bits in CIMConv2d with axis 0!
I0612 14:05:50.985620 140520418637632 _utils.py:230] Output is fake quantized to 7 bits in CIMConv2d with axis None!
Output is fake quantized to 7 bits in CIMConv2d with axis None!
I0612 14:05:50.993934 140520418637632 _utils.py:224] Input is fake quantized to 8 bits in CIMConv2d with axis None!
Input is fake quantized to 8 bits in CIMConv2d with axis None!
I0612 14:05:50.994001 140520418637632 _utils.py:227] Weight is fake quantized to 8 bits in CIMConv2d with axis 0!
Weight is fake quantized to 8 bits in CIMConv2d with axis 0!
I0612 14:05:50.994033 140520418637632 _utils.py:230] Output is fake quantized to 7 bits in CIMConv2d with axis None!
Output is fake quantized to 7 bits in CIMConv2d with axis None!
I0612 14:05:50.995249 140520418637632 _utils.py:305] Input is fake quantized to 8 bits in CIMAdaptiveAvgPool2d with axis None!
Input is fake quantized to 8 bits in CIMAdaptiveAvgPool2d with axis None!
I0612 14:05:50.996047 140520418637632 _utils.py:224] Input is fake quantized to 8 bits in CIMLinear with axis None!
Input is fake quantized to 8 bits in CIMLinear with axis None!
I0612 14:05:50.996097 140520418637632 _utils.py:227] Weight is fake quantized to 8 bits in CIMLinear with axis 0!
Weight is fake quantized to 8 bits in CIMLinear with axis 0!
I0612 14:05:50.996128 140520418637632 _utils.py:230] Output is fake quantized to 7 bits in CIMLinear with axis None!
Output is fake quantized to 7 bits in CIMLinear with axis None!
log/default/adc_axis=None/adc_calib_method=max/adc_enable=1/adc_precision=7/adc_quant_method=scale/batch_size=400/bitcell=1/calib_batch_size=128/dac_precision=1/dataset=cifar10/detect=0/hardware=1/input_axis=None/input_calib_method=max/input_precision=8/mem_states_file=mem_states.csv/mem_type=capacitive/mode=TensorRT/model=resnet18/num_batches=-1/off_state=0.006/on_state=1.02e-11/optimize_adc=0/output_noise=0.0/output_noise_file=/parallel_read=64/ppa=1/rate_stuck_0=0.0/rate_stuck_1=0.0/read_noise=0.0/seed=1234/sub_array=[4096, 64]/t=1/target=0.0/test_name=test/v=0.0/v_list=[0.005, 0.005, 0.005, 0.005, 0.005, 0.005, 0.005, 0.005]/vdd=1/weight_axis=0/weight_calib_method=max/weight_precision=8
=================FLAGS==================
dataset: cifar10
model: resnet18
data_path: ./datasets
model_path: ./models/
test_name: test
mode: TensorRT
gpu: 0
batch_size: 400
calib_batch_size: 128
seed: 1234
logdir: log/default/adc_axis=None/adc_calib_method=max/adc_enable=1/adc_precision=7/adc_quant_method=scale/batch_size=400/bitcell=1/calib_batch_size=128/dac_precision=1/dataset=cifar10/detect=0/hardware=1/input_axis=None/input_calib_method=max/input_precision=8/mem_states_file=mem_states.csv/mem_type=capacitive/mode=TensorRT/model=resnet18/num_batches=-1/off_state=0.006/on_state=1.02e-11/optimize_adc=0/output_noise=0.0/output_noise_file=/parallel_read=64/ppa=1/rate_stuck_0=0.0/rate_stuck_1=0.0/read_noise=0.0/seed=1234/sub_array=[4096, 64]/t=1/target=0.0/test_name=test/v=0.0/v_list=[0.005, 0.005, 0.005, 0.005, 0.005, 0.005, 0.005, 0.005]/vdd=1/weight_axis=0/weight_calib_method=max/weight_precision=8
hardware: 1
ppa: 1
num_batches: -1
sub_array: [4096, 64]
parallel_read: 64
weight_precision: 8
input_precision: 8
dac_precision: 1
adc_precision: 7
bitcell: 1
mem_type: capacitive
off_state: 0.006
on_state: 1.02e-11
mem_states_file: mem_states.csv
vdd: 1
read_noise: 0.0
output_noise: 0.0
output_noise_file: 
t: 1
v: 0.0
v_list: [0.005, 0.005, 0.005, 0.005, 0.005, 0.005, 0.005, 0.005]
detect: 0
target: 0.0
rate_stuck_0: 0.0
rate_stuck_1: 0.0
input_calib_method: max
weight_calib_method: max
adc_calib_method: max
input_axis: None
weight_axis: 0
adc_axis: None
adc_quant_method: scale
optimize_adc: 0
adc_enable: 1
logger: <bound method Logger.info of <pytorch_quantization.utils.misc.Logger object at 0x7fcbac2f3890>>
========================================

Running in-memory computing functional simulation of resnet18 on cifar10 dataset...
Building CIFAR-10 data loader with 1 workers
Building CIFAR-10 data loader with 1 workers

Loading pretrained model ./models/resnet18_cifar10.pth...
ResNet(
  (conv1): Sequential(
    (0): CIMConv2d(
      3, 64, kernel_size=(3, 3), stride=(1, 1), padding=(1, 1), bias=False
      (_input_quantizer): TensorQuantizer(8bit fake per-tensor amax=dynamic calibrator=MaxCalibrator scale=1.0 quant)
      (_weight_quantizer): TensorQuantizer(8bit fake axis=0 amax=dynamic calibrator=MaxCalibrator scale=1.0 quant)
      (_adc_quantizer): TensorQuantizer(unsigned 7bit fake per-tensor amax=dynamic calibrator=MaxCalibrator scale=1.0 quant)
    )
    (1): BatchNorm2d(64, eps=1e-05, momentum=0.1, affine=True, track_running_stats=True)
    (2): ReLU(inplace=True)
  )
  (conv2_x): Sequential(
    (0): BasicBlock(
      (residual_function): Sequential(
        (0): CIMConv2d(
          64, 64, kernel_size=(3, 3), stride=(1, 1), padding=(1, 1), bias=False
          (_input_quantizer): TensorQuantizer(8bit fake per-tensor amax=dynamic calibrator=MaxCalibrator scale=1.0 quant)
          (_weight_quantizer): TensorQuantizer(8bit fake axis=0 amax=dynamic calibrator=MaxCalibrator scale=1.0 quant)
          (_adc_quantizer): TensorQuantizer(unsigned 7bit fake per-tensor amax=dynamic calibrator=MaxCalibrator scale=1.0 quant)
        )
        (1): BatchNorm2d(64, eps=1e-05, momentum=0.1, affine=True, track_running_stats=True)
        (2): ReLU(inplace=True)
        (3): CIMConv2d(
          64, 64, kernel_size=(3, 3), stride=(1, 1), padding=(1, 1), bias=False
          (_input_quantizer): TensorQuantizer(8bit fake per-tensor amax=dynamic calibrator=MaxCalibrator scale=1.0 quant)
          (_weight_quantizer): TensorQuantizer(8bit fake axis=0 amax=dynamic calibrator=MaxCalibrator scale=1.0 quant)
          (_adc_quantizer): TensorQuantizer(unsigned 7bit fake per-tensor amax=dynamic calibrator=MaxCalibrator scale=1.0 quant)
        )
        (4): BatchNorm2d(64, eps=1e-05, momentum=0.1, affine=True, track_running_stats=True)
      )
      (shortcut): Sequential()
    )
    (1): BasicBlock(
      (residual_function): Sequential(
        (0): CIMConv2d(
          64, 64, kernel_size=(3, 3), stride=(1, 1), padding=(1, 1), bias=False
          (_input_quantizer): TensorQuantizer(8bit fake per-tensor amax=dynamic calibrator=MaxCalibrator scale=1.0 quant)
          (_weight_quantizer): TensorQuantizer(8bit fake axis=0 amax=dynamic calibrator=MaxCalibrator scale=1.0 quant)
          (_adc_quantizer): TensorQuantizer(unsigned 7bit fake per-tensor amax=dynamic calibrator=MaxCalibrator scale=1.0 quant)
        )
        (1): BatchNorm2d(64, eps=1e-05, momentum=0.1, affine=True, track_running_stats=True)
        (2): ReLU(inplace=True)
        (3): CIMConv2d(
          64, 64, kernel_size=(3, 3), stride=(1, 1), padding=(1, 1), bias=False
          (_input_quantizer): TensorQuantizer(8bit fake per-tensor amax=dynamic calibrator=MaxCalibrator scale=1.0 quant)
          (_weight_quantizer): TensorQuantizer(8bit fake axis=0 amax=dynamic calibrator=MaxCalibrator scale=1.0 quant)
          (_adc_quantizer): TensorQuantizer(unsigned 7bit fake per-tensor amax=dynamic calibrator=MaxCalibrator scale=1.0 quant)
        )
        (4): BatchNorm2d(64, eps=1e-05, momentum=0.1, affine=True, track_running_stats=True)
      )
      (shortcut): Sequential()
    )
  )
  (conv3_x): Sequential(
    (0): BasicBlock(
      (residual_function): Sequential(
        (0): CIMConv2d(
          64, 128, kernel_size=(3, 3), stride=(2, 2), padding=(1, 1), bias=False
          (_input_quantizer): TensorQuantizer(8bit fake per-tensor amax=dynamic calibrator=MaxCalibrator scale=1.0 quant)
          (_weight_quantizer): TensorQuantizer(8bit fake axis=0 amax=dynamic calibrator=MaxCalibrator scale=1.0 quant)
          (_adc_quantizer): TensorQuantizer(unsigned 7bit fake per-tensor amax=dynamic calibrator=MaxCalibrator scale=1.0 quant)
        )
        (1): BatchNorm2d(128, eps=1e-05, momentum=0.1, affine=True, track_running_stats=True)
        (2): ReLU(inplace=True)
        (3): CIMConv2d(
          128, 128, kernel_size=(3, 3), stride=(1, 1), padding=(1, 1), bias=False
          (_input_quantizer): TensorQuantizer(8bit fake per-tensor amax=dynamic calibrator=MaxCalibrator scale=1.0 quant)
          (_weight_quantizer): TensorQuantizer(8bit fake axis=0 amax=dynamic calibrator=MaxCalibrator scale=1.0 quant)
          (_adc_quantizer): TensorQuantizer(unsigned 7bit fake per-tensor amax=dynamic calibrator=MaxCalibrator scale=1.0 quant)
        )
        (4): BatchNorm2d(128, eps=1e-05, momentum=0.1, affine=True, track_running_stats=True)
      )
      (shortcut): Sequential(
        (0): CIMConv2d(
          64, 128, kernel_size=(1, 1), stride=(2, 2), bias=False
          (_input_quantizer): TensorQuantizer(8bit fake per-tensor amax=dynamic calibrator=MaxCalibrator scale=1.0 quant)
          (_weight_quantizer): TensorQuantizer(8bit fake axis=0 amax=dynamic calibrator=MaxCalibrator scale=1.0 quant)
          (_adc_quantizer): TensorQuantizer(unsigned 7bit fake per-tensor amax=dynamic calibrator=MaxCalibrator scale=1.0 quant)
        )
        (1): BatchNorm2d(128, eps=1e-05, momentum=0.1, affine=True, track_running_stats=True)
      )
    )
    (1): BasicBlock(
      (residual_function): Sequential(
        (0): CIMConv2d(
          128, 128, kernel_size=(3, 3), stride=(1, 1), padding=(1, 1), bias=False
          (_input_quantizer): TensorQuantizer(8bit fake per-tensor amax=dynamic calibrator=MaxCalibrator scale=1.0 quant)
          (_weight_quantizer): TensorQuantizer(8bit fake axis=0 amax=dynamic calibrator=MaxCalibrator scale=1.0 quant)
          (_adc_quantizer): TensorQuantizer(unsigned 7bit fake per-tensor amax=dynamic calibrator=MaxCalibrator scale=1.0 quant)
        )
        (1): BatchNorm2d(128, eps=1e-05, momentum=0.1, affine=True, track_running_stats=True)
        (2): ReLU(inplace=True)
        (3): CIMConv2d(
          128, 128, kernel_size=(3, 3), stride=(1, 1), padding=(1, 1), bias=False
          (_input_quantizer): TensorQuantizer(8bit fake per-tensor amax=dynamic calibrator=MaxCalibrator scale=1.0 quant)
          (_weight_quantizer): TensorQuantizer(8bit fake axis=0 amax=dynamic calibrator=MaxCalibrator scale=1.0 quant)
          (_adc_quantizer): TensorQuantizer(unsigned 7bit fake per-tensor amax=dynamic calibrator=MaxCalibrator scale=1.0 quant)
        )
        (4): BatchNorm2d(128, eps=1e-05, momentum=0.1, affine=True, track_running_stats=True)
      )
      (shortcut): Sequential()
    )
  )
  (conv4_x): Sequential(
    (0): BasicBlock(
      (residual_function): Sequential(
        (0): CIMConv2d(
          128, 256, kernel_size=(3, 3), stride=(2, 2), padding=(1, 1), bias=False
          (_input_quantizer): TensorQuantizer(8bit fake per-tensor amax=dynamic calibrator=MaxCalibrator scale=1.0 quant)
          (_weight_quantizer): TensorQuantizer(8bit fake axis=0 amax=dynamic calibrator=MaxCalibrator scale=1.0 quant)
          (_adc_quantizer): TensorQuantizer(unsigned 7bit fake per-tensor amax=dynamic calibrator=MaxCalibrator scale=1.0 quant)
        )
        (1): BatchNorm2d(256, eps=1e-05, momentum=0.1, affine=True, track_running_stats=True)
        (2): ReLU(inplace=True)
        (3): CIMConv2d(
          256, 256, kernel_size=(3, 3), stride=(1, 1), padding=(1, 1), bias=False
          (_input_quantizer): TensorQuantizer(8bit fake per-tensor amax=dynamic calibrator=MaxCalibrator scale=1.0 quant)
          (_weight_quantizer): TensorQuantizer(8bit fake axis=0 amax=dynamic calibrator=MaxCalibrator scale=1.0 quant)
          (_adc_quantizer): TensorQuantizer(unsigned 7bit fake per-tensor amax=dynamic calibrator=MaxCalibrator scale=1.0 quant)
        )
        (4): BatchNorm2d(256, eps=1e-05, momentum=0.1, affine=True, track_running_stats=True)
      )
      (shortcut): Sequential(
        (0): CIMConv2d(
          128, 256, kernel_size=(1, 1), stride=(2, 2), bias=False
          (_input_quantizer): TensorQuantizer(8bit fake per-tensor amax=dynamic calibrator=MaxCalibrator scale=1.0 quant)
          (_weight_quantizer): TensorQuantizer(8bit fake axis=0 amax=dynamic calibrator=MaxCalibrator scale=1.0 quant)
          (_adc_quantizer): TensorQuantizer(unsigned 7bit fake per-tensor amax=dynamic calibrator=MaxCalibrator scale=1.0 quant)
        )
        (1): BatchNorm2d(256, eps=1e-05, momentum=0.1, affine=True, track_running_stats=True)
      )
    )
    (1): BasicBlock(
      (residual_function): Sequential(
        (0): CIMConv2d(
          256, 256, kernel_size=(3, 3), stride=(1, 1), padding=(1, 1), bias=False
          (_input_quantizer): TensorQuantizer(8bit fake per-tensor amax=dynamic calibrator=MaxCalibrator scale=1.0 quant)
          (_weight_quantizer): TensorQuantizer(8bit fake axis=0 amax=dynamic calibrator=MaxCalibrator scale=1.0 quant)
          (_adc_quantizer): TensorQuantizer(unsigned 7bit fake per-tensor amax=dynamic calibrator=MaxCalibrator scale=1.0 quant)
        )
        (1): BatchNorm2d(256, eps=1e-05, momentum=0.1, affine=True, track_running_stats=True)
        (2): ReLU(inplace=True)
        (3): CIMConv2d(
          256, 256, kernel_size=(3, 3), stride=(1, 1), padding=(1, 1), bias=False
          (_input_quantizer): TensorQuantizer(8bit fake per-tensor amax=dynamic calibrator=MaxCalibrator scale=1.0 quant)
          (_weight_quantizer): TensorQuantizer(8bit fake axis=0 amax=dynamic calibrator=MaxCalibrator scale=1.0 quant)
          (_adc_quantizer): TensorQuantizer(unsigned 7bit fake per-tensor amax=dynamic calibrator=MaxCalibrator scale=1.0 quant)
        )
        (4): BatchNorm2d(256, eps=1e-05, momentum=0.1, affine=True, track_running_stats=True)
      )
      (shortcut): Sequential()
    )
  )
  (conv5_x): Sequential(
    (0): BasicBlock(
      (residual_function): Sequential(
        (0): CIMConv2d(
          256, 512, kernel_size=(3, 3), stride=(2, 2), padding=(1, 1), bias=False
          (_input_quantizer): TensorQuantizer(8bit fake per-tensor amax=dynamic calibrator=MaxCalibrator scale=1.0 quant)
          (_weight_quantizer): TensorQuantizer(8bit fake axis=0 amax=dynamic calibrator=MaxCalibrator scale=1.0 quant)
          (_adc_quantizer): TensorQuantizer(unsigned 7bit fake per-tensor amax=dynamic calibrator=MaxCalibrator scale=1.0 quant)
        )
        (1): BatchNorm2d(512, eps=1e-05, momentum=0.1, affine=True, track_running_stats=True)
        (2): ReLU(inplace=True)
        (3): CIMConv2d(
          512, 512, kernel_size=(3, 3), stride=(1, 1), padding=(1, 1), bias=False
          (_input_quantizer): TensorQuantizer(8bit fake per-tensor amax=dynamic calibrator=MaxCalibrator scale=1.0 quant)
          (_weight_quantizer): TensorQuantizer(8bit fake axis=0 amax=dynamic calibrator=MaxCalibrator scale=1.0 quant)
          (_adc_quantizer): TensorQuantizer(unsigned 7bit fake per-tensor amax=dynamic calibrator=MaxCalibrator scale=1.0 quant)
        )
        (4): BatchNorm2d(512, eps=1e-05, momentum=0.1, affine=True, track_running_stats=True)
      )
      (shortcut): Sequential(
        (0): CIMConv2d(
          256, 512, kernel_size=(1, 1), stride=(2, 2), bias=False
          (_input_quantizer): TensorQuantizer(8bit fake per-tensor amax=dynamic calibrator=MaxCalibrator scale=1.0 quant)
          (_weight_quantizer): TensorQuantizer(8bit fake axis=0 amax=dynamic calibrator=MaxCalibrator scale=1.0 quant)
          (_adc_quantizer): TensorQuantizer(unsigned 7bit fake per-tensor amax=dynamic calibrator=MaxCalibrator scale=1.0 quant)
        )
        (1): BatchNorm2d(512, eps=1e-05, momentum=0.1, affine=True, track_running_stats=True)
      )
    )
    (1): BasicBlock(
      (residual_function): Sequential(
        (0): CIMConv2d(
          512, 512, kernel_size=(3, 3), stride=(1, 1), padding=(1, 1), bias=False
          (_input_quantizer): TensorQuantizer(8bit fake per-tensor amax=dynamic calibrator=MaxCalibrator scale=1.0 quant)
          (_weight_quantizer): TensorQuantizer(8bit fake axis=0 amax=dynamic calibrator=MaxCalibrator scale=1.0 quant)
          (_adc_quantizer): TensorQuantizer(unsigned 7bit fake per-tensor amax=dynamic calibrator=MaxCalibrator scale=1.0 quant)
        )
        (1): BatchNorm2d(512, eps=1e-05, momentum=0.1, affine=True, track_running_stats=True)
        (2): ReLU(inplace=True)
        (3): CIMConv2d(
          512, 512, kernel_size=(3, 3), stride=(1, 1), padding=(1, 1), bias=False
          (_input_quantizer): TensorQuantizer(8bit fake per-tensor amax=dynamic calibrator=MaxCalibrator scale=1.0 quant)
          (_weight_quantizer): TensorQuantizer(8bit fake axis=0 amax=dynamic calibrator=MaxCalibrator scale=1.0 quant)
          (_adc_quantizer): TensorQuantizer(unsigned 7bit fake per-tensor amax=dynamic calibrator=MaxCalibrator scale=1.0 quant)
        )
        (4): BatchNorm2d(512, eps=1e-05, momentum=0.1, affine=True, track_running_stats=True)
      )
      (shortcut): Sequential()
    )
  )
  (avg_pool): CIMAdaptiveAvgPool2d(
    output_size=(1, 1)
    (_input_quantizer): TensorQuantizer(8bit fake per-tensor amax=dynamic calibrator=MaxCalibrator scale=1.0 quant)
  )
  (fc): CIMLinear(
    in_features=512, out_features=10, bias=True
    (_input_quantizer): TensorQuantizer(8bit fake per-tensor amax=dynamic calibrator=MaxCalibrator scale=1.0 quant)
    (_weight_quantizer): TensorQuantizer(8bit fake axis=0 amax=dynamic calibrator=MaxCalibrator scale=1.0 quant)
    (_adc_quantizer): TensorQuantizer(unsigned 7bit fake per-tensor amax=dynamic calibrator=MaxCalibrator scale=1.0 quant)
  )
)
Evaluating baseline model...


  0%|          | 0/1 [00:00<?, ?it/s]
  0%|          | 0/1 [00:00<?, ?it/s]
Test Accuracy of the model on 400 test images: 12.75 %
Average Test loss: 2.3037919998168945

--------------------------------------------
evaluation time: 0.40712904930114746
Quantizing inputs and weights...
Collecting histograms...


  0%|          | 0/2 [00:00<?, ?it/s]I0612 14:05:51.494240 140520418637632 max.py:61] Calibrator encountered negative values. It shouldn't happen after ReLU. Make sure this is the right tensor to calibrate.
Calibrator encountered negative values. It shouldn't happen after ReLU. Make sure this is the right tensor to calibrate.

100%|██████████| 2/2 [00:00<00:00, 21.97it/s]
W0612 14:05:51.570174 140520418637632 tensor_quantizer.py:239] Call .cuda() if running on GPU after loading calibrated amax.
Call .cuda() if running on GPU after loading calibrated amax.

Computing amax... 

Finished quantizing inputs and weights.
Evaluating input and weight quantized model...


  0%|          | 0/1 [00:00<?, ?it/s]
  0%|          | 0/1 [00:00<?, ?it/s]
I0612 14:05:51.695486 140520418637632 misc.py:32] Running inference with detailed hardware simulation...
Running inference with detailed hardware simulation...
Test Accuracy of the model on 400 test images: 12.5 %
Average Test loss: 2.303790330886841

--------------------------------------------
evaluation time: 0.08614921569824219

  0%|          | 0/25 [00:00<?, ?it/s]
  4%|▍         | 1/25 [00:11<04:39, 11.65s/it]

-> [Auto-Interrupt] 4% batch mark reached! CSVs should be fully saved.
-> [Auto-Interrupt] Sending Ctrl+C (SIGTERM)...
-> integrationMode = CNA: recompiling...
-> Running NeuroSim Hardware Trace...
-> DONE! Saved hardware performance to results_resnet18_2T4C_256x256_CNA_no_pipeline.txt

-> integrationMode = CUA: recompiling...
-> Running NeuroSim Hardware Trace...
-> DONE! Saved hardware performance to results_resnet18_2T4C_256x256_CUA_no_pipeline.txt

-> integrationMode = CBA: recompiling...
-> Running NeuroSim Hardware Trace...
-> DONE! Saved hardware performance to results_resnet18_2T4C_256x256_CBA_no_pipeline.txt

        STARTING PIPELINE FOR 2T4C  512x512              
-> Updating Param.cpp...
-> Updating main.cpp...
-> Updating inference.py...
-> Compiling NeuroSim (make clean && make)...
-> Running inference.py (Waiting for 4% batch completion)...
/scratch/rxc5747/conda_envs/neurosim/lib/python3.11/site-packages/torchvision/datasets/cifar.py:83: VisibleDeprecationWarning: dtype(): align should be passed as Python or NumPy boolean but got `align=0`. Did you mean to pass a tuple to create a subarray type? (Deprecated NumPy 2.4)
  entry = pickle.load(f, encoding="latin1")
WARNING: Logging before flag parsing goes to stderr.
I0612 14:15:53.332943 140279395419968 _utils.py:224] Input is fake quantized to 8 bits in CIMConv2d with axis None!
Input is fake quantized to 8 bits in CIMConv2d with axis None!
I0612 14:15:53.333084 140279395419968 _utils.py:227] Weight is fake quantized to 8 bits in CIMConv2d with axis 0!
Weight is fake quantized to 8 bits in CIMConv2d with axis 0!
I0612 14:15:53.333129 140279395419968 _utils.py:230] Output is fake quantized to 7 bits in CIMConv2d with axis None!
Output is fake quantized to 7 bits in CIMConv2d with axis None!
I0612 14:15:53.354021 140279395419968 _utils.py:224] Input is fake quantized to 8 bits in CIMConv2d with axis None!
Input is fake quantized to 8 bits in CIMConv2d with axis None!
I0612 14:15:53.354128 140279395419968 _utils.py:227] Weight is fake quantized to 8 bits in CIMConv2d with axis 0!
Weight is fake quantized to 8 bits in CIMConv2d with axis 0!
I0612 14:15:53.354167 140279395419968 _utils.py:230] Output is fake quantized to 7 bits in CIMConv2d with axis None!
Output is fake quantized to 7 bits in CIMConv2d with axis None!
I0612 14:15:53.355477 140279395419968 _utils.py:224] Input is fake quantized to 8 bits in CIMConv2d with axis None!
Input is fake quantized to 8 bits in CIMConv2d with axis None!
I0612 14:15:53.355545 140279395419968 _utils.py:227] Weight is fake quantized to 8 bits in CIMConv2d with axis 0!
Weight is fake quantized to 8 bits in CIMConv2d with axis 0!
I0612 14:15:53.355601 140279395419968 _utils.py:230] Output is fake quantized to 7 bits in CIMConv2d with axis None!
Output is fake quantized to 7 bits in CIMConv2d with axis None!
I0612 14:15:53.357116 140279395419968 _utils.py:224] Input is fake quantized to 8 bits in CIMConv2d with axis None!
Input is fake quantized to 8 bits in CIMConv2d with axis None!
I0612 14:15:53.357173 140279395419968 _utils.py:227] Weight is fake quantized to 8 bits in CIMConv2d with axis 0!
Weight is fake quantized to 8 bits in CIMConv2d with axis 0!
I0612 14:15:53.357206 140279395419968 _utils.py:230] Output is fake quantized to 7 bits in CIMConv2d with axis None!
Output is fake quantized to 7 bits in CIMConv2d with axis None!
I0612 14:15:53.358435 140279395419968 _utils.py:224] Input is fake quantized to 8 bits in CIMConv2d with axis None!
Input is fake quantized to 8 bits in CIMConv2d with axis None!
I0612 14:15:53.358491 140279395419968 _utils.py:227] Weight is fake quantized to 8 bits in CIMConv2d with axis 0!
Weight is fake quantized to 8 bits in CIMConv2d with axis 0!
I0612 14:15:53.358523 140279395419968 _utils.py:230] Output is fake quantized to 7 bits in CIMConv2d with axis None!
Output is fake quantized to 7 bits in CIMConv2d with axis None!
I0612 14:15:53.359869 140279395419968 _utils.py:224] Input is fake quantized to 8 bits in CIMConv2d with axis None!
Input is fake quantized to 8 bits in CIMConv2d with axis None!
I0612 14:15:53.359925 140279395419968 _utils.py:227] Weight is fake quantized to 8 bits in CIMConv2d with axis 0!
Weight is fake quantized to 8 bits in CIMConv2d with axis 0!
I0612 14:15:53.359956 140279395419968 _utils.py:230] Output is fake quantized to 7 bits in CIMConv2d with axis None!
Output is fake quantized to 7 bits in CIMConv2d with axis None!
I0612 14:15:53.361432 140279395419968 _utils.py:224] Input is fake quantized to 8 bits in CIMConv2d with axis None!
Input is fake quantized to 8 bits in CIMConv2d with axis None!
I0612 14:15:53.361488 140279395419968 _utils.py:227] Weight is fake quantized to 8 bits in CIMConv2d with axis 0!
Weight is fake quantized to 8 bits in CIMConv2d with axis 0!
I0612 14:15:53.361525 140279395419968 _utils.py:230] Output is fake quantized to 7 bits in CIMConv2d with axis None!
Output is fake quantized to 7 bits in CIMConv2d with axis None!
I0612 14:15:53.362715 140279395419968 _utils.py:224] Input is fake quantized to 8 bits in CIMConv2d with axis None!
Input is fake quantized to 8 bits in CIMConv2d with axis None!
I0612 14:15:53.362772 140279395419968 _utils.py:227] Weight is fake quantized to 8 bits in CIMConv2d with axis 0!
Weight is fake quantized to 8 bits in CIMConv2d with axis 0!
I0612 14:15:53.362804 140279395419968 _utils.py:230] Output is fake quantized to 7 bits in CIMConv2d with axis None!
Output is fake quantized to 7 bits in CIMConv2d with axis None!
I0612 14:15:53.364342 140279395419968 _utils.py:224] Input is fake quantized to 8 bits in CIMConv2d with axis None!
Input is fake quantized to 8 bits in CIMConv2d with axis None!
I0612 14:15:53.364398 140279395419968 _utils.py:227] Weight is fake quantized to 8 bits in CIMConv2d with axis 0!
Weight is fake quantized to 8 bits in CIMConv2d with axis 0!
I0612 14:15:53.364430 140279395419968 _utils.py:230] Output is fake quantized to 7 bits in CIMConv2d with axis None!
Output is fake quantized to 7 bits in CIMConv2d with axis None!
I0612 14:15:53.365927 140279395419968 _utils.py:224] Input is fake quantized to 8 bits in CIMConv2d with axis None!
Input is fake quantized to 8 bits in CIMConv2d with axis None!
I0612 14:15:53.365980 140279395419968 _utils.py:227] Weight is fake quantized to 8 bits in CIMConv2d with axis 0!
Weight is fake quantized to 8 bits in CIMConv2d with axis 0!
I0612 14:15:53.366015 140279395419968 _utils.py:230] Output is fake quantized to 7 bits in CIMConv2d with axis None!
Output is fake quantized to 7 bits in CIMConv2d with axis None!
I0612 14:15:53.367906 140279395419968 _utils.py:224] Input is fake quantized to 8 bits in CIMConv2d with axis None!
Input is fake quantized to 8 bits in CIMConv2d with axis None!
I0612 14:15:53.367961 140279395419968 _utils.py:227] Weight is fake quantized to 8 bits in CIMConv2d with axis 0!
Weight is fake quantized to 8 bits in CIMConv2d with axis 0!
I0612 14:15:53.367997 140279395419968 _utils.py:230] Output is fake quantized to 7 bits in CIMConv2d with axis None!
Output is fake quantized to 7 bits in CIMConv2d with axis None!
I0612 14:15:53.370617 140279395419968 _utils.py:224] Input is fake quantized to 8 bits in CIMConv2d with axis None!
Input is fake quantized to 8 bits in CIMConv2d with axis None!
I0612 14:15:53.370673 140279395419968 _utils.py:227] Weight is fake quantized to 8 bits in CIMConv2d with axis 0!
Weight is fake quantized to 8 bits in CIMConv2d with axis 0!
I0612 14:15:53.370708 140279395419968 _utils.py:230] Output is fake quantized to 7 bits in CIMConv2d with axis None!
Output is fake quantized to 7 bits in CIMConv2d with axis None!
I0612 14:15:53.371956 140279395419968 _utils.py:224] Input is fake quantized to 8 bits in CIMConv2d with axis None!
Input is fake quantized to 8 bits in CIMConv2d with axis None!
I0612 14:15:53.372012 140279395419968 _utils.py:227] Weight is fake quantized to 8 bits in CIMConv2d with axis 0!
Weight is fake quantized to 8 bits in CIMConv2d with axis 0!
I0612 14:15:53.372044 140279395419968 _utils.py:230] Output is fake quantized to 7 bits in CIMConv2d with axis None!
Output is fake quantized to 7 bits in CIMConv2d with axis None!
I0612 14:15:53.374695 140279395419968 _utils.py:224] Input is fake quantized to 8 bits in CIMConv2d with axis None!
Input is fake quantized to 8 bits in CIMConv2d with axis None!
I0612 14:15:53.374755 140279395419968 _utils.py:227] Weight is fake quantized to 8 bits in CIMConv2d with axis 0!
Weight is fake quantized to 8 bits in CIMConv2d with axis 0!
I0612 14:15:53.374788 140279395419968 _utils.py:230] Output is fake quantized to 7 bits in CIMConv2d with axis None!
Output is fake quantized to 7 bits in CIMConv2d with axis None!
I0612 14:15:53.377402 140279395419968 _utils.py:224] Input is fake quantized to 8 bits in CIMConv2d with axis None!
Input is fake quantized to 8 bits in CIMConv2d with axis None!
I0612 14:15:53.377459 140279395419968 _utils.py:227] Weight is fake quantized to 8 bits in CIMConv2d with axis 0!
Weight is fake quantized to 8 bits in CIMConv2d with axis 0!
I0612 14:15:53.377490 140279395419968 _utils.py:230] Output is fake quantized to 7 bits in CIMConv2d with axis None!
Output is fake quantized to 7 bits in CIMConv2d with axis None!
I0612 14:15:53.381677 140279395419968 _utils.py:224] Input is fake quantized to 8 bits in CIMConv2d with axis None!
Input is fake quantized to 8 bits in CIMConv2d with axis None!
I0612 14:15:53.381735 140279395419968 _utils.py:227] Weight is fake quantized to 8 bits in CIMConv2d with axis 0!
Weight is fake quantized to 8 bits in CIMConv2d with axis 0!
I0612 14:15:53.381766 140279395419968 _utils.py:230] Output is fake quantized to 7 bits in CIMConv2d with axis None!
Output is fake quantized to 7 bits in CIMConv2d with axis None!
I0612 14:15:53.388954 140279395419968 _utils.py:224] Input is fake quantized to 8 bits in CIMConv2d with axis None!
Input is fake quantized to 8 bits in CIMConv2d with axis None!
I0612 14:15:53.389016 140279395419968 _utils.py:227] Weight is fake quantized to 8 bits in CIMConv2d with axis 0!
Weight is fake quantized to 8 bits in CIMConv2d with axis 0!
I0612 14:15:53.389048 140279395419968 _utils.py:230] Output is fake quantized to 7 bits in CIMConv2d with axis None!
Output is fake quantized to 7 bits in CIMConv2d with axis None!
I0612 14:15:53.390585 140279395419968 _utils.py:224] Input is fake quantized to 8 bits in CIMConv2d with axis None!
Input is fake quantized to 8 bits in CIMConv2d with axis None!
I0612 14:15:53.390639 140279395419968 _utils.py:227] Weight is fake quantized to 8 bits in CIMConv2d with axis 0!
Weight is fake quantized to 8 bits in CIMConv2d with axis 0!
I0612 14:15:53.390670 140279395419968 _utils.py:230] Output is fake quantized to 7 bits in CIMConv2d with axis None!
Output is fake quantized to 7 bits in CIMConv2d with axis None!
I0612 14:15:53.397867 140279395419968 _utils.py:224] Input is fake quantized to 8 bits in CIMConv2d with axis None!
Input is fake quantized to 8 bits in CIMConv2d with axis None!
I0612 14:15:53.397929 140279395419968 _utils.py:227] Weight is fake quantized to 8 bits in CIMConv2d with axis 0!
Weight is fake quantized to 8 bits in CIMConv2d with axis 0!
I0612 14:15:53.397962 140279395419968 _utils.py:230] Output is fake quantized to 7 bits in CIMConv2d with axis None!
Output is fake quantized to 7 bits in CIMConv2d with axis None!
I0612 14:15:53.406315 140279395419968 _utils.py:224] Input is fake quantized to 8 bits in CIMConv2d with axis None!
Input is fake quantized to 8 bits in CIMConv2d with axis None!
I0612 14:15:53.406380 140279395419968 _utils.py:227] Weight is fake quantized to 8 bits in CIMConv2d with axis 0!
Weight is fake quantized to 8 bits in CIMConv2d with axis 0!
I0612 14:15:53.406412 140279395419968 _utils.py:230] Output is fake quantized to 7 bits in CIMConv2d with axis None!
Output is fake quantized to 7 bits in CIMConv2d with axis None!
I0612 14:15:53.407579 140279395419968 _utils.py:305] Input is fake quantized to 8 bits in CIMAdaptiveAvgPool2d with axis None!
Input is fake quantized to 8 bits in CIMAdaptiveAvgPool2d with axis None!
I0612 14:15:53.408355 140279395419968 _utils.py:224] Input is fake quantized to 8 bits in CIMLinear with axis None!
Input is fake quantized to 8 bits in CIMLinear with axis None!
I0612 14:15:53.408403 140279395419968 _utils.py:227] Weight is fake quantized to 8 bits in CIMLinear with axis 0!
Weight is fake quantized to 8 bits in CIMLinear with axis 0!
I0612 14:15:53.408433 140279395419968 _utils.py:230] Output is fake quantized to 7 bits in CIMLinear with axis None!
Output is fake quantized to 7 bits in CIMLinear with axis None!
log/default/adc_axis=None/adc_calib_method=max/adc_enable=1/adc_precision=7/adc_quant_method=scale/batch_size=400/bitcell=1/calib_batch_size=128/dac_precision=1/dataset=cifar10/detect=0/hardware=1/input_axis=None/input_calib_method=max/input_precision=8/mem_states_file=mem_states.csv/mem_type=capacitive/mode=TensorRT/model=resnet18/num_batches=-1/off_state=0.006/on_state=1.02e-11/optimize_adc=0/output_noise=0.0/output_noise_file=/parallel_read=64/ppa=1/rate_stuck_0=0.0/rate_stuck_1=0.0/read_noise=0.0/seed=1234/sub_array=[4096, 64]/t=1/target=0.0/test_name=test/v=0.0/v_list=[0.005, 0.005, 0.005, 0.005, 0.005, 0.005, 0.005, 0.005]/vdd=1/weight_axis=0/weight_calib_method=max/weight_precision=8
=================FLAGS==================
dataset: cifar10
model: resnet18
data_path: ./datasets
model_path: ./models/
test_name: test
mode: TensorRT
gpu: 0
batch_size: 400
calib_batch_size: 128
seed: 1234
logdir: log/default/adc_axis=None/adc_calib_method=max/adc_enable=1/adc_precision=7/adc_quant_method=scale/batch_size=400/bitcell=1/calib_batch_size=128/dac_precision=1/dataset=cifar10/detect=0/hardware=1/input_axis=None/input_calib_method=max/input_precision=8/mem_states_file=mem_states.csv/mem_type=capacitive/mode=TensorRT/model=resnet18/num_batches=-1/off_state=0.006/on_state=1.02e-11/optimize_adc=0/output_noise=0.0/output_noise_file=/parallel_read=64/ppa=1/rate_stuck_0=0.0/rate_stuck_1=0.0/read_noise=0.0/seed=1234/sub_array=[4096, 64]/t=1/target=0.0/test_name=test/v=0.0/v_list=[0.005, 0.005, 0.005, 0.005, 0.005, 0.005, 0.005, 0.005]/vdd=1/weight_axis=0/weight_calib_method=max/weight_precision=8
hardware: 1
ppa: 1
num_batches: -1
sub_array: [4096, 64]
parallel_read: 64
weight_precision: 8
input_precision: 8
dac_precision: 1
adc_precision: 7
bitcell: 1
mem_type: capacitive
off_state: 0.006
on_state: 1.02e-11
mem_states_file: mem_states.csv
vdd: 1
read_noise: 0.0
output_noise: 0.0
output_noise_file: 
t: 1
v: 0.0
v_list: [0.005, 0.005, 0.005, 0.005, 0.005, 0.005, 0.005, 0.005]
detect: 0
target: 0.0
rate_stuck_0: 0.0
rate_stuck_1: 0.0
input_calib_method: max
weight_calib_method: max
adc_calib_method: max
input_axis: None
weight_axis: 0
adc_axis: None
adc_quant_method: scale
optimize_adc: 0
adc_enable: 1
logger: <bound method Logger.info of <pytorch_quantization.utils.misc.Logger object at 0x7f938e0ebb90>>
========================================

Running in-memory computing functional simulation of resnet18 on cifar10 dataset...
Building CIFAR-10 data loader with 1 workers
Building CIFAR-10 data loader with 1 workers

Loading pretrained model ./models/resnet18_cifar10.pth...
ResNet(
  (conv1): Sequential(
    (0): CIMConv2d(
      3, 64, kernel_size=(3, 3), stride=(1, 1), padding=(1, 1), bias=False
      (_input_quantizer): TensorQuantizer(8bit fake per-tensor amax=dynamic calibrator=MaxCalibrator scale=1.0 quant)
      (_weight_quantizer): TensorQuantizer(8bit fake axis=0 amax=dynamic calibrator=MaxCalibrator scale=1.0 quant)
      (_adc_quantizer): TensorQuantizer(unsigned 7bit fake per-tensor amax=dynamic calibrator=MaxCalibrator scale=1.0 quant)
    )
    (1): BatchNorm2d(64, eps=1e-05, momentum=0.1, affine=True, track_running_stats=True)
    (2): ReLU(inplace=True)
  )
  (conv2_x): Sequential(
    (0): BasicBlock(
      (residual_function): Sequential(
        (0): CIMConv2d(
          64, 64, kernel_size=(3, 3), stride=(1, 1), padding=(1, 1), bias=False
          (_input_quantizer): TensorQuantizer(8bit fake per-tensor amax=dynamic calibrator=MaxCalibrator scale=1.0 quant)
          (_weight_quantizer): TensorQuantizer(8bit fake axis=0 amax=dynamic calibrator=MaxCalibrator scale=1.0 quant)
          (_adc_quantizer): TensorQuantizer(unsigned 7bit fake per-tensor amax=dynamic calibrator=MaxCalibrator scale=1.0 quant)
        )
        (1): BatchNorm2d(64, eps=1e-05, momentum=0.1, affine=True, track_running_stats=True)
        (2): ReLU(inplace=True)
        (3): CIMConv2d(
          64, 64, kernel_size=(3, 3), stride=(1, 1), padding=(1, 1), bias=False
          (_input_quantizer): TensorQuantizer(8bit fake per-tensor amax=dynamic calibrator=MaxCalibrator scale=1.0 quant)
          (_weight_quantizer): TensorQuantizer(8bit fake axis=0 amax=dynamic calibrator=MaxCalibrator scale=1.0 quant)
          (_adc_quantizer): TensorQuantizer(unsigned 7bit fake per-tensor amax=dynamic calibrator=MaxCalibrator scale=1.0 quant)
        )
        (4): BatchNorm2d(64, eps=1e-05, momentum=0.1, affine=True, track_running_stats=True)
      )
      (shortcut): Sequential()
    )
    (1): BasicBlock(
      (residual_function): Sequential(
        (0): CIMConv2d(
          64, 64, kernel_size=(3, 3), stride=(1, 1), padding=(1, 1), bias=False
          (_input_quantizer): TensorQuantizer(8bit fake per-tensor amax=dynamic calibrator=MaxCalibrator scale=1.0 quant)
          (_weight_quantizer): TensorQuantizer(8bit fake axis=0 amax=dynamic calibrator=MaxCalibrator scale=1.0 quant)
          (_adc_quantizer): TensorQuantizer(unsigned 7bit fake per-tensor amax=dynamic calibrator=MaxCalibrator scale=1.0 quant)
        )
        (1): BatchNorm2d(64, eps=1e-05, momentum=0.1, affine=True, track_running_stats=True)
        (2): ReLU(inplace=True)
        (3): CIMConv2d(
          64, 64, kernel_size=(3, 3), stride=(1, 1), padding=(1, 1), bias=False
          (_input_quantizer): TensorQuantizer(8bit fake per-tensor amax=dynamic calibrator=MaxCalibrator scale=1.0 quant)
          (_weight_quantizer): TensorQuantizer(8bit fake axis=0 amax=dynamic calibrator=MaxCalibrator scale=1.0 quant)
          (_adc_quantizer): TensorQuantizer(unsigned 7bit fake per-tensor amax=dynamic calibrator=MaxCalibrator scale=1.0 quant)
        )
        (4): BatchNorm2d(64, eps=1e-05, momentum=0.1, affine=True, track_running_stats=True)
      )
      (shortcut): Sequential()
    )
  )
  (conv3_x): Sequential(
    (0): BasicBlock(
      (residual_function): Sequential(
        (0): CIMConv2d(
          64, 128, kernel_size=(3, 3), stride=(2, 2), padding=(1, 1), bias=False
          (_input_quantizer): TensorQuantizer(8bit fake per-tensor amax=dynamic calibrator=MaxCalibrator scale=1.0 quant)
          (_weight_quantizer): TensorQuantizer(8bit fake axis=0 amax=dynamic calibrator=MaxCalibrator scale=1.0 quant)
          (_adc_quantizer): TensorQuantizer(unsigned 7bit fake per-tensor amax=dynamic calibrator=MaxCalibrator scale=1.0 quant)
        )
        (1): BatchNorm2d(128, eps=1e-05, momentum=0.1, affine=True, track_running_stats=True)
        (2): ReLU(inplace=True)
        (3): CIMConv2d(
          128, 128, kernel_size=(3, 3), stride=(1, 1), padding=(1, 1), bias=False
          (_input_quantizer): TensorQuantizer(8bit fake per-tensor amax=dynamic calibrator=MaxCalibrator scale=1.0 quant)
          (_weight_quantizer): TensorQuantizer(8bit fake axis=0 amax=dynamic calibrator=MaxCalibrator scale=1.0 quant)
          (_adc_quantizer): TensorQuantizer(unsigned 7bit fake per-tensor amax=dynamic calibrator=MaxCalibrator scale=1.0 quant)
        )
        (4): BatchNorm2d(128, eps=1e-05, momentum=0.1, affine=True, track_running_stats=True)
      )
      (shortcut): Sequential(
        (0): CIMConv2d(
          64, 128, kernel_size=(1, 1), stride=(2, 2), bias=False
          (_input_quantizer): TensorQuantizer(8bit fake per-tensor amax=dynamic calibrator=MaxCalibrator scale=1.0 quant)
          (_weight_quantizer): TensorQuantizer(8bit fake axis=0 amax=dynamic calibrator=MaxCalibrator scale=1.0 quant)
          (_adc_quantizer): TensorQuantizer(unsigned 7bit fake per-tensor amax=dynamic calibrator=MaxCalibrator scale=1.0 quant)
        )
        (1): BatchNorm2d(128, eps=1e-05, momentum=0.1, affine=True, track_running_stats=True)
      )
    )
    (1): BasicBlock(
      (residual_function): Sequential(
        (0): CIMConv2d(
          128, 128, kernel_size=(3, 3), stride=(1, 1), padding=(1, 1), bias=False
          (_input_quantizer): TensorQuantizer(8bit fake per-tensor amax=dynamic calibrator=MaxCalibrator scale=1.0 quant)
          (_weight_quantizer): TensorQuantizer(8bit fake axis=0 amax=dynamic calibrator=MaxCalibrator scale=1.0 quant)
          (_adc_quantizer): TensorQuantizer(unsigned 7bit fake per-tensor amax=dynamic calibrator=MaxCalibrator scale=1.0 quant)
        )
        (1): BatchNorm2d(128, eps=1e-05, momentum=0.1, affine=True, track_running_stats=True)
        (2): ReLU(inplace=True)
        (3): CIMConv2d(
          128, 128, kernel_size=(3, 3), stride=(1, 1), padding=(1, 1), bias=False
          (_input_quantizer): TensorQuantizer(8bit fake per-tensor amax=dynamic calibrator=MaxCalibrator scale=1.0 quant)
          (_weight_quantizer): TensorQuantizer(8bit fake axis=0 amax=dynamic calibrator=MaxCalibrator scale=1.0 quant)
          (_adc_quantizer): TensorQuantizer(unsigned 7bit fake per-tensor amax=dynamic calibrator=MaxCalibrator scale=1.0 quant)
        )
        (4): BatchNorm2d(128, eps=1e-05, momentum=0.1, affine=True, track_running_stats=True)
      )
      (shortcut): Sequential()
    )
  )
  (conv4_x): Sequential(
    (0): BasicBlock(
      (residual_function): Sequential(
        (0): CIMConv2d(
          128, 256, kernel_size=(3, 3), stride=(2, 2), padding=(1, 1), bias=False
          (_input_quantizer): TensorQuantizer(8bit fake per-tensor amax=dynamic calibrator=MaxCalibrator scale=1.0 quant)
          (_weight_quantizer): TensorQuantizer(8bit fake axis=0 amax=dynamic calibrator=MaxCalibrator scale=1.0 quant)
          (_adc_quantizer): TensorQuantizer(unsigned 7bit fake per-tensor amax=dynamic calibrator=MaxCalibrator scale=1.0 quant)
        )
        (1): BatchNorm2d(256, eps=1e-05, momentum=0.1, affine=True, track_running_stats=True)
        (2): ReLU(inplace=True)
        (3): CIMConv2d(
          256, 256, kernel_size=(3, 3), stride=(1, 1), padding=(1, 1), bias=False
          (_input_quantizer): TensorQuantizer(8bit fake per-tensor amax=dynamic calibrator=MaxCalibrator scale=1.0 quant)
          (_weight_quantizer): TensorQuantizer(8bit fake axis=0 amax=dynamic calibrator=MaxCalibrator scale=1.0 quant)
          (_adc_quantizer): TensorQuantizer(unsigned 7bit fake per-tensor amax=dynamic calibrator=MaxCalibrator scale=1.0 quant)
        )
        (4): BatchNorm2d(256, eps=1e-05, momentum=0.1, affine=True, track_running_stats=True)
      )
      (shortcut): Sequential(
        (0): CIMConv2d(
          128, 256, kernel_size=(1, 1), stride=(2, 2), bias=False
          (_input_quantizer): TensorQuantizer(8bit fake per-tensor amax=dynamic calibrator=MaxCalibrator scale=1.0 quant)
          (_weight_quantizer): TensorQuantizer(8bit fake axis=0 amax=dynamic calibrator=MaxCalibrator scale=1.0 quant)
          (_adc_quantizer): TensorQuantizer(unsigned 7bit fake per-tensor amax=dynamic calibrator=MaxCalibrator scale=1.0 quant)
        )
        (1): BatchNorm2d(256, eps=1e-05, momentum=0.1, affine=True, track_running_stats=True)
      )
    )
    (1): BasicBlock(
      (residual_function): Sequential(
        (0): CIMConv2d(
          256, 256, kernel_size=(3, 3), stride=(1, 1), padding=(1, 1), bias=False
          (_input_quantizer): TensorQuantizer(8bit fake per-tensor amax=dynamic calibrator=MaxCalibrator scale=1.0 quant)
          (_weight_quantizer): TensorQuantizer(8bit fake axis=0 amax=dynamic calibrator=MaxCalibrator scale=1.0 quant)
          (_adc_quantizer): TensorQuantizer(unsigned 7bit fake per-tensor amax=dynamic calibrator=MaxCalibrator scale=1.0 quant)
        )
        (1): BatchNorm2d(256, eps=1e-05, momentum=0.1, affine=True, track_running_stats=True)
        (2): ReLU(inplace=True)
        (3): CIMConv2d(
          256, 256, kernel_size=(3, 3), stride=(1, 1), padding=(1, 1), bias=False
          (_input_quantizer): TensorQuantizer(8bit fake per-tensor amax=dynamic calibrator=MaxCalibrator scale=1.0 quant)
          (_weight_quantizer): TensorQuantizer(8bit fake axis=0 amax=dynamic calibrator=MaxCalibrator scale=1.0 quant)
          (_adc_quantizer): TensorQuantizer(unsigned 7bit fake per-tensor amax=dynamic calibrator=MaxCalibrator scale=1.0 quant)
        )
        (4): BatchNorm2d(256, eps=1e-05, momentum=0.1, affine=True, track_running_stats=True)
      )
      (shortcut): Sequential()
    )
  )
  (conv5_x): Sequential(
    (0): BasicBlock(
      (residual_function): Sequential(
        (0): CIMConv2d(
          256, 512, kernel_size=(3, 3), stride=(2, 2), padding=(1, 1), bias=False
          (_input_quantizer): TensorQuantizer(8bit fake per-tensor amax=dynamic calibrator=MaxCalibrator scale=1.0 quant)
          (_weight_quantizer): TensorQuantizer(8bit fake axis=0 amax=dynamic calibrator=MaxCalibrator scale=1.0 quant)
          (_adc_quantizer): TensorQuantizer(unsigned 7bit fake per-tensor amax=dynamic calibrator=MaxCalibrator scale=1.0 quant)
        )
        (1): BatchNorm2d(512, eps=1e-05, momentum=0.1, affine=True, track_running_stats=True)
        (2): ReLU(inplace=True)
        (3): CIMConv2d(
          512, 512, kernel_size=(3, 3), stride=(1, 1), padding=(1, 1), bias=False
          (_input_quantizer): TensorQuantizer(8bit fake per-tensor amax=dynamic calibrator=MaxCalibrator scale=1.0 quant)
          (_weight_quantizer): TensorQuantizer(8bit fake axis=0 amax=dynamic calibrator=MaxCalibrator scale=1.0 quant)
          (_adc_quantizer): TensorQuantizer(unsigned 7bit fake per-tensor amax=dynamic calibrator=MaxCalibrator scale=1.0 quant)
        )
        (4): BatchNorm2d(512, eps=1e-05, momentum=0.1, affine=True, track_running_stats=True)
      )
      (shortcut): Sequential(
        (0): CIMConv2d(
          256, 512, kernel_size=(1, 1), stride=(2, 2), bias=False
          (_input_quantizer): TensorQuantizer(8bit fake per-tensor amax=dynamic calibrator=MaxCalibrator scale=1.0 quant)
          (_weight_quantizer): TensorQuantizer(8bit fake axis=0 amax=dynamic calibrator=MaxCalibrator scale=1.0 quant)
          (_adc_quantizer): TensorQuantizer(unsigned 7bit fake per-tensor amax=dynamic calibrator=MaxCalibrator scale=1.0 quant)
        )
        (1): BatchNorm2d(512, eps=1e-05, momentum=0.1, affine=True, track_running_stats=True)
      )
    )
    (1): BasicBlock(
      (residual_function): Sequential(
        (0): CIMConv2d(
          512, 512, kernel_size=(3, 3), stride=(1, 1), padding=(1, 1), bias=False
          (_input_quantizer): TensorQuantizer(8bit fake per-tensor amax=dynamic calibrator=MaxCalibrator scale=1.0 quant)
          (_weight_quantizer): TensorQuantizer(8bit fake axis=0 amax=dynamic calibrator=MaxCalibrator scale=1.0 quant)
          (_adc_quantizer): TensorQuantizer(unsigned 7bit fake per-tensor amax=dynamic calibrator=MaxCalibrator scale=1.0 quant)
        )
        (1): BatchNorm2d(512, eps=1e-05, momentum=0.1, affine=True, track_running_stats=True)
        (2): ReLU(inplace=True)
        (3): CIMConv2d(
          512, 512, kernel_size=(3, 3), stride=(1, 1), padding=(1, 1), bias=False
          (_input_quantizer): TensorQuantizer(8bit fake per-tensor amax=dynamic calibrator=MaxCalibrator scale=1.0 quant)
          (_weight_quantizer): TensorQuantizer(8bit fake axis=0 amax=dynamic calibrator=MaxCalibrator scale=1.0 quant)
          (_adc_quantizer): TensorQuantizer(unsigned 7bit fake per-tensor amax=dynamic calibrator=MaxCalibrator scale=1.0 quant)
        )
        (4): BatchNorm2d(512, eps=1e-05, momentum=0.1, affine=True, track_running_stats=True)
      )
      (shortcut): Sequential()
    )
  )
  (avg_pool): CIMAdaptiveAvgPool2d(
    output_size=(1, 1)
    (_input_quantizer): TensorQuantizer(8bit fake per-tensor amax=dynamic calibrator=MaxCalibrator scale=1.0 quant)
  )
  (fc): CIMLinear(
    in_features=512, out_features=10, bias=True
    (_input_quantizer): TensorQuantizer(8bit fake per-tensor amax=dynamic calibrator=MaxCalibrator scale=1.0 quant)
    (_weight_quantizer): TensorQuantizer(8bit fake axis=0 amax=dynamic calibrator=MaxCalibrator scale=1.0 quant)
    (_adc_quantizer): TensorQuantizer(unsigned 7bit fake per-tensor amax=dynamic calibrator=MaxCalibrator scale=1.0 quant)
  )
)
Evaluating baseline model...


  0%|          | 0/1 [00:00<?, ?it/s]
  0%|          | 0/1 [00:00<?, ?it/s]
Test Accuracy of the model on 400 test images: 12.75 %
Average Test loss: 2.3037919998168945

--------------------------------------------
evaluation time: 0.41363954544067383
Quantizing inputs and weights...
Collecting histograms...


  0%|          | 0/2 [00:00<?, ?it/s]I0612 14:15:53.912196 140279395419968 max.py:61] Calibrator encountered negative values. It shouldn't happen after ReLU. Make sure this is the right tensor to calibrate.
Calibrator encountered negative values. It shouldn't happen after ReLU. Make sure this is the right tensor to calibrate.

100%|██████████| 2/2 [00:00<00:00, 21.92it/s]
W0612 14:15:53.988440 140279395419968 tensor_quantizer.py:239] Call .cuda() if running on GPU after loading calibrated amax.
Call .cuda() if running on GPU after loading calibrated amax.

Computing amax... 

Finished quantizing inputs and weights.
Evaluating input and weight quantized model...


  0%|          | 0/1 [00:00<?, ?it/s]
  0%|          | 0/1 [00:00<?, ?it/s]
I0612 14:15:54.111976 140279395419968 misc.py:32] Running inference with detailed hardware simulation...
Running inference with detailed hardware simulation...
Test Accuracy of the model on 400 test images: 12.5 %
Average Test loss: 2.303790330886841

--------------------------------------------
evaluation time: 0.08377861976623535

  0%|          | 0/25 [00:00<?, ?it/s]
  4%|▍         | 1/25 [00:11<04:39, 11.65s/it]

-> [Auto-Interrupt] 4% batch mark reached! CSVs should be fully saved.
-> [Auto-Interrupt] Sending Ctrl+C (SIGTERM)...
-> integrationMode = CNA: recompiling...
-> Running NeuroSim Hardware Trace...
-> DONE! Saved hardware performance to results_resnet18_2T4C_512x512_CNA_no_pipeline.txt

-> integrationMode = CUA: recompiling...
-> Running NeuroSim Hardware Trace...
-> DONE! Saved hardware performance to results_resnet18_2T4C_512x512_CUA_no_pipeline.txt

-> integrationMode = CBA: recompiling...
-> Running NeuroSim Hardware Trace...
-> DONE! Saved hardware performance to results_resnet18_2T4C_512x512_CBA_no_pipeline.txt

        SKIPPING 2T8C 128x128 -- all 3 modes already complete
        SKIPPING 2T8C 256x256 -- all 3 modes already complete
        STARTING PIPELINE FOR 2T8C  512x512              
-> Updating Param.cpp...
-> Updating main.cpp...
-> Updating inference.py...
-> Compiling NeuroSim (make clean && make)...
-> Running inference.py (Waiting for 4% batch completion)...
/scratch/rxc5747/conda_envs/neurosim/lib/python3.11/site-packages/torchvision/datasets/cifar.py:83: VisibleDeprecationWarning: dtype(): align should be passed as Python or NumPy boolean but got `align=0`. Did you mean to pass a tuple to create a subarray type? (Deprecated NumPy 2.4)
  entry = pickle.load(f, encoding="latin1")
WARNING: Logging before flag parsing goes to stderr.
I0612 14:25:45.680001 139743468431168 _utils.py:224] Input is fake quantized to 8 bits in CIMConv2d with axis None!
Input is fake quantized to 8 bits in CIMConv2d with axis None!
I0612 14:25:45.680141 139743468431168 _utils.py:227] Weight is fake quantized to 8 bits in CIMConv2d with axis 0!
Weight is fake quantized to 8 bits in CIMConv2d with axis 0!
I0612 14:25:45.680185 139743468431168 _utils.py:230] Output is fake quantized to 7 bits in CIMConv2d with axis None!
Output is fake quantized to 7 bits in CIMConv2d with axis None!
I0612 14:25:45.701437 139743468431168 _utils.py:224] Input is fake quantized to 8 bits in CIMConv2d with axis None!
Input is fake quantized to 8 bits in CIMConv2d with axis None!
I0612 14:25:45.701549 139743468431168 _utils.py:227] Weight is fake quantized to 8 bits in CIMConv2d with axis 0!
Weight is fake quantized to 8 bits in CIMConv2d with axis 0!
I0612 14:25:45.701597 139743468431168 _utils.py:230] Output is fake quantized to 7 bits in CIMConv2d with axis None!
Output is fake quantized to 7 bits in CIMConv2d with axis None!
I0612 14:25:45.702916 139743468431168 _utils.py:224] Input is fake quantized to 8 bits in CIMConv2d with axis None!
Input is fake quantized to 8 bits in CIMConv2d with axis None!
I0612 14:25:45.702985 139743468431168 _utils.py:227] Weight is fake quantized to 8 bits in CIMConv2d with axis 0!
Weight is fake quantized to 8 bits in CIMConv2d with axis 0!
I0612 14:25:45.703031 139743468431168 _utils.py:230] Output is fake quantized to 7 bits in CIMConv2d with axis None!
Output is fake quantized to 7 bits in CIMConv2d with axis None!
I0612 14:25:45.704548 139743468431168 _utils.py:224] Input is fake quantized to 8 bits in CIMConv2d with axis None!
Input is fake quantized to 8 bits in CIMConv2d with axis None!
I0612 14:25:45.704618 139743468431168 _utils.py:227] Weight is fake quantized to 8 bits in CIMConv2d with axis 0!
Weight is fake quantized to 8 bits in CIMConv2d with axis 0!
I0612 14:25:45.704651 139743468431168 _utils.py:230] Output is fake quantized to 7 bits in CIMConv2d with axis None!
Output is fake quantized to 7 bits in CIMConv2d with axis None!
I0612 14:25:45.705864 139743468431168 _utils.py:224] Input is fake quantized to 8 bits in CIMConv2d with axis None!
Input is fake quantized to 8 bits in CIMConv2d with axis None!
I0612 14:25:45.705919 139743468431168 _utils.py:227] Weight is fake quantized to 8 bits in CIMConv2d with axis 0!
Weight is fake quantized to 8 bits in CIMConv2d with axis 0!
I0612 14:25:45.705950 139743468431168 _utils.py:230] Output is fake quantized to 7 bits in CIMConv2d with axis None!
Output is fake quantized to 7 bits in CIMConv2d with axis None!
I0612 14:25:45.707266 139743468431168 _utils.py:224] Input is fake quantized to 8 bits in CIMConv2d with axis None!
Input is fake quantized to 8 bits in CIMConv2d with axis None!
I0612 14:25:45.707324 139743468431168 _utils.py:227] Weight is fake quantized to 8 bits in CIMConv2d with axis 0!
Weight is fake quantized to 8 bits in CIMConv2d with axis 0!
I0612 14:25:45.707356 139743468431168 _utils.py:230] Output is fake quantized to 7 bits in CIMConv2d with axis None!
Output is fake quantized to 7 bits in CIMConv2d with axis None!
I0612 14:25:45.708835 139743468431168 _utils.py:224] Input is fake quantized to 8 bits in CIMConv2d with axis None!
Input is fake quantized to 8 bits in CIMConv2d with axis None!
I0612 14:25:45.708890 139743468431168 _utils.py:227] Weight is fake quantized to 8 bits in CIMConv2d with axis 0!
Weight is fake quantized to 8 bits in CIMConv2d with axis 0!
I0612 14:25:45.708925 139743468431168 _utils.py:230] Output is fake quantized to 7 bits in CIMConv2d with axis None!
Output is fake quantized to 7 bits in CIMConv2d with axis None!
I0612 14:25:45.710083 139743468431168 _utils.py:224] Input is fake quantized to 8 bits in CIMConv2d with axis None!
Input is fake quantized to 8 bits in CIMConv2d with axis None!
I0612 14:25:45.710138 139743468431168 _utils.py:227] Weight is fake quantized to 8 bits in CIMConv2d with axis 0!
Weight is fake quantized to 8 bits in CIMConv2d with axis 0!
I0612 14:25:45.710169 139743468431168 _utils.py:230] Output is fake quantized to 7 bits in CIMConv2d with axis None!
Output is fake quantized to 7 bits in CIMConv2d with axis None!
I0612 14:25:45.711705 139743468431168 _utils.py:224] Input is fake quantized to 8 bits in CIMConv2d with axis None!
Input is fake quantized to 8 bits in CIMConv2d with axis None!
I0612 14:25:45.711762 139743468431168 _utils.py:227] Weight is fake quantized to 8 bits in CIMConv2d with axis 0!
Weight is fake quantized to 8 bits in CIMConv2d with axis 0!
I0612 14:25:45.711794 139743468431168 _utils.py:230] Output is fake quantized to 7 bits in CIMConv2d with axis None!
Output is fake quantized to 7 bits in CIMConv2d with axis None!
I0612 14:25:45.713264 139743468431168 _utils.py:224] Input is fake quantized to 8 bits in CIMConv2d with axis None!
Input is fake quantized to 8 bits in CIMConv2d with axis None!
I0612 14:25:45.713318 139743468431168 _utils.py:227] Weight is fake quantized to 8 bits in CIMConv2d with axis 0!
Weight is fake quantized to 8 bits in CIMConv2d with axis 0!
I0612 14:25:45.713351 139743468431168 _utils.py:230] Output is fake quantized to 7 bits in CIMConv2d with axis None!
Output is fake quantized to 7 bits in CIMConv2d with axis None!
I0612 14:25:45.715239 139743468431168 _utils.py:224] Input is fake quantized to 8 bits in CIMConv2d with axis None!
Input is fake quantized to 8 bits in CIMConv2d with axis None!
I0612 14:25:45.715295 139743468431168 _utils.py:227] Weight is fake quantized to 8 bits in CIMConv2d with axis 0!
Weight is fake quantized to 8 bits in CIMConv2d with axis 0!
I0612 14:25:45.715327 139743468431168 _utils.py:230] Output is fake quantized to 7 bits in CIMConv2d with axis None!
Output is fake quantized to 7 bits in CIMConv2d with axis None!
I0612 14:25:45.717944 139743468431168 _utils.py:224] Input is fake quantized to 8 bits in CIMConv2d with axis None!
Input is fake quantized to 8 bits in CIMConv2d with axis None!
I0612 14:25:45.718000 139743468431168 _utils.py:227] Weight is fake quantized to 8 bits in CIMConv2d with axis 0!
Weight is fake quantized to 8 bits in CIMConv2d with axis 0!
I0612 14:25:45.718032 139743468431168 _utils.py:230] Output is fake quantized to 7 bits in CIMConv2d with axis None!
Output is fake quantized to 7 bits in CIMConv2d with axis None!
I0612 14:25:45.719279 139743468431168 _utils.py:224] Input is fake quantized to 8 bits in CIMConv2d with axis None!
Input is fake quantized to 8 bits in CIMConv2d with axis None!
I0612 14:25:45.719334 139743468431168 _utils.py:227] Weight is fake quantized to 8 bits in CIMConv2d with axis 0!
Weight is fake quantized to 8 bits in CIMConv2d with axis 0!
I0612 14:25:45.719369 139743468431168 _utils.py:230] Output is fake quantized to 7 bits in CIMConv2d with axis None!
Output is fake quantized to 7 bits in CIMConv2d with axis None!
I0612 14:25:45.722028 139743468431168 _utils.py:224] Input is fake quantized to 8 bits in CIMConv2d with axis None!
Input is fake quantized to 8 bits in CIMConv2d with axis None!
I0612 14:25:45.722086 139743468431168 _utils.py:227] Weight is fake quantized to 8 bits in CIMConv2d with axis 0!
Weight is fake quantized to 8 bits in CIMConv2d with axis 0!
I0612 14:25:45.722121 139743468431168 _utils.py:230] Output is fake quantized to 7 bits in CIMConv2d with axis None!
Output is fake quantized to 7 bits in CIMConv2d with axis None!
I0612 14:25:45.724750 139743468431168 _utils.py:224] Input is fake quantized to 8 bits in CIMConv2d with axis None!
Input is fake quantized to 8 bits in CIMConv2d with axis None!
I0612 14:25:45.724806 139743468431168 _utils.py:227] Weight is fake quantized to 8 bits in CIMConv2d with axis 0!
Weight is fake quantized to 8 bits in CIMConv2d with axis 0!
I0612 14:25:45.724838 139743468431168 _utils.py:230] Output is fake quantized to 7 bits in CIMConv2d with axis None!
Output is fake quantized to 7 bits in CIMConv2d with axis None!
I0612 14:25:45.729019 139743468431168 _utils.py:224] Input is fake quantized to 8 bits in CIMConv2d with axis None!
Input is fake quantized to 8 bits in CIMConv2d with axis None!
I0612 14:25:45.729077 139743468431168 _utils.py:227] Weight is fake quantized to 8 bits in CIMConv2d with axis 0!
Weight is fake quantized to 8 bits in CIMConv2d with axis 0!
I0612 14:25:45.729108 139743468431168 _utils.py:230] Output is fake quantized to 7 bits in CIMConv2d with axis None!
Output is fake quantized to 7 bits in CIMConv2d with axis None!
I0612 14:25:45.736315 139743468431168 _utils.py:224] Input is fake quantized to 8 bits in CIMConv2d with axis None!
Input is fake quantized to 8 bits in CIMConv2d with axis None!
I0612 14:25:45.736373 139743468431168 _utils.py:227] Weight is fake quantized to 8 bits in CIMConv2d with axis 0!
Weight is fake quantized to 8 bits in CIMConv2d with axis 0!
I0612 14:25:45.736404 139743468431168 _utils.py:230] Output is fake quantized to 7 bits in CIMConv2d with axis None!
Output is fake quantized to 7 bits in CIMConv2d with axis None!
I0612 14:25:45.737949 139743468431168 _utils.py:224] Input is fake quantized to 8 bits in CIMConv2d with axis None!
Input is fake quantized to 8 bits in CIMConv2d with axis None!
I0612 14:25:45.738003 139743468431168 _utils.py:227] Weight is fake quantized to 8 bits in CIMConv2d with axis 0!
Weight is fake quantized to 8 bits in CIMConv2d with axis 0!
I0612 14:25:45.738035 139743468431168 _utils.py:230] Output is fake quantized to 7 bits in CIMConv2d with axis None!
Output is fake quantized to 7 bits in CIMConv2d with axis None!
I0612 14:25:45.745234 139743468431168 _utils.py:224] Input is fake quantized to 8 bits in CIMConv2d with axis None!
Input is fake quantized to 8 bits in CIMConv2d with axis None!
I0612 14:25:45.745298 139743468431168 _utils.py:227] Weight is fake quantized to 8 bits in CIMConv2d with axis 0!
Weight is fake quantized to 8 bits in CIMConv2d with axis 0!
I0612 14:25:45.745331 139743468431168 _utils.py:230] Output is fake quantized to 7 bits in CIMConv2d with axis None!
Output is fake quantized to 7 bits in CIMConv2d with axis None!
I0612 14:25:45.753024 139743468431168 _utils.py:224] Input is fake quantized to 8 bits in CIMConv2d with axis None!
Input is fake quantized to 8 bits in CIMConv2d with axis None!
I0612 14:25:45.753094 139743468431168 _utils.py:227] Weight is fake quantized to 8 bits in CIMConv2d with axis 0!
Weight is fake quantized to 8 bits in CIMConv2d with axis 0!
I0612 14:25:45.753127 139743468431168 _utils.py:230] Output is fake quantized to 7 bits in CIMConv2d with axis None!
Output is fake quantized to 7 bits in CIMConv2d with axis None!
I0612 14:25:45.754283 139743468431168 _utils.py:305] Input is fake quantized to 8 bits in CIMAdaptiveAvgPool2d with axis None!
Input is fake quantized to 8 bits in CIMAdaptiveAvgPool2d with axis None!
I0612 14:25:45.755066 139743468431168 _utils.py:224] Input is fake quantized to 8 bits in CIMLinear with axis None!
Input is fake quantized to 8 bits in CIMLinear with axis None!
I0612 14:25:45.755116 139743468431168 _utils.py:227] Weight is fake quantized to 8 bits in CIMLinear with axis 0!
Weight is fake quantized to 8 bits in CIMLinear with axis 0!
I0612 14:25:45.755148 139743468431168 _utils.py:230] Output is fake quantized to 7 bits in CIMLinear with axis None!
Output is fake quantized to 7 bits in CIMLinear with axis None!
log/default/adc_axis=None/adc_calib_method=max/adc_enable=1/adc_precision=7/adc_quant_method=scale/batch_size=400/bitcell=1/calib_batch_size=128/dac_precision=1/dataset=cifar10/detect=0/hardware=1/input_axis=None/input_calib_method=max/input_precision=8/mem_states_file=mem_states.csv/mem_type=capacitive/mode=TensorRT/model=resnet18/num_batches=-1/off_state=0.006/on_state=1.02e-11/optimize_adc=0/output_noise=0.0/output_noise_file=/parallel_read=64/ppa=1/rate_stuck_0=0.0/rate_stuck_1=0.0/read_noise=0.0/seed=1234/sub_array=[4096, 64]/t=1/target=0.0/test_name=test/v=0.0/v_list=[0.005, 0.005, 0.005, 0.005, 0.005, 0.005, 0.005, 0.005]/vdd=1/weight_axis=0/weight_calib_method=max/weight_precision=8
=================FLAGS==================
dataset: cifar10
model: resnet18
data_path: ./datasets
model_path: ./models/
test_name: test
mode: TensorRT
gpu: 0
batch_size: 400
calib_batch_size: 128
seed: 1234
logdir: log/default/adc_axis=None/adc_calib_method=max/adc_enable=1/adc_precision=7/adc_quant_method=scale/batch_size=400/bitcell=1/calib_batch_size=128/dac_precision=1/dataset=cifar10/detect=0/hardware=1/input_axis=None/input_calib_method=max/input_precision=8/mem_states_file=mem_states.csv/mem_type=capacitive/mode=TensorRT/model=resnet18/num_batches=-1/off_state=0.006/on_state=1.02e-11/optimize_adc=0/output_noise=0.0/output_noise_file=/parallel_read=64/ppa=1/rate_stuck_0=0.0/rate_stuck_1=0.0/read_noise=0.0/seed=1234/sub_array=[4096, 64]/t=1/target=0.0/test_name=test/v=0.0/v_list=[0.005, 0.005, 0.005, 0.005, 0.005, 0.005, 0.005, 0.005]/vdd=1/weight_axis=0/weight_calib_method=max/weight_precision=8
hardware: 1
ppa: 1
num_batches: -1
sub_array: [4096, 64]
parallel_read: 64
weight_precision: 8
input_precision: 8
dac_precision: 1
adc_precision: 7
bitcell: 1
mem_type: capacitive
off_state: 0.006
on_state: 1.02e-11
mem_states_file: mem_states.csv
vdd: 1
read_noise: 0.0
output_noise: 0.0
output_noise_file: 
t: 1
v: 0.0
v_list: [0.005, 0.005, 0.005, 0.005, 0.005, 0.005, 0.005, 0.005]
detect: 0
target: 0.0
rate_stuck_0: 0.0
rate_stuck_1: 0.0
input_calib_method: max
weight_calib_method: max
adc_calib_method: max
input_axis: None
weight_axis: 0
adc_axis: None
adc_quant_method: scale
optimize_adc: 0
adc_enable: 1
logger: <bound method Logger.info of <pytorch_quantization.utils.misc.Logger object at 0x7f16c64f8210>>
========================================

Running in-memory computing functional simulation of resnet18 on cifar10 dataset...
Building CIFAR-10 data loader with 1 workers
Building CIFAR-10 data loader with 1 workers

Loading pretrained model ./models/resnet18_cifar10.pth...
ResNet(
  (conv1): Sequential(
    (0): CIMConv2d(
      3, 64, kernel_size=(3, 3), stride=(1, 1), padding=(1, 1), bias=False
      (_input_quantizer): TensorQuantizer(8bit fake per-tensor amax=dynamic calibrator=MaxCalibrator scale=1.0 quant)
      (_weight_quantizer): TensorQuantizer(8bit fake axis=0 amax=dynamic calibrator=MaxCalibrator scale=1.0 quant)
      (_adc_quantizer): TensorQuantizer(unsigned 7bit fake per-tensor amax=dynamic calibrator=MaxCalibrator scale=1.0 quant)
    )
    (1): BatchNorm2d(64, eps=1e-05, momentum=0.1, affine=True, track_running_stats=True)
    (2): ReLU(inplace=True)
  )
  (conv2_x): Sequential(
    (0): BasicBlock(
      (residual_function): Sequential(
        (0): CIMConv2d(
          64, 64, kernel_size=(3, 3), stride=(1, 1), padding=(1, 1), bias=False
          (_input_quantizer): TensorQuantizer(8bit fake per-tensor amax=dynamic calibrator=MaxCalibrator scale=1.0 quant)
          (_weight_quantizer): TensorQuantizer(8bit fake axis=0 amax=dynamic calibrator=MaxCalibrator scale=1.0 quant)
          (_adc_quantizer): TensorQuantizer(unsigned 7bit fake per-tensor amax=dynamic calibrator=MaxCalibrator scale=1.0 quant)
        )
        (1): BatchNorm2d(64, eps=1e-05, momentum=0.1, affine=True, track_running_stats=True)
        (2): ReLU(inplace=True)
        (3): CIMConv2d(
          64, 64, kernel_size=(3, 3), stride=(1, 1), padding=(1, 1), bias=False
          (_input_quantizer): TensorQuantizer(8bit fake per-tensor amax=dynamic calibrator=MaxCalibrator scale=1.0 quant)
          (_weight_quantizer): TensorQuantizer(8bit fake axis=0 amax=dynamic calibrator=MaxCalibrator scale=1.0 quant)
          (_adc_quantizer): TensorQuantizer(unsigned 7bit fake per-tensor amax=dynamic calibrator=MaxCalibrator scale=1.0 quant)
        )
        (4): BatchNorm2d(64, eps=1e-05, momentum=0.1, affine=True, track_running_stats=True)
      )
      (shortcut): Sequential()
    )
    (1): BasicBlock(
      (residual_function): Sequential(
        (0): CIMConv2d(
          64, 64, kernel_size=(3, 3), stride=(1, 1), padding=(1, 1), bias=False
          (_input_quantizer): TensorQuantizer(8bit fake per-tensor amax=dynamic calibrator=MaxCalibrator scale=1.0 quant)
          (_weight_quantizer): TensorQuantizer(8bit fake axis=0 amax=dynamic calibrator=MaxCalibrator scale=1.0 quant)
          (_adc_quantizer): TensorQuantizer(unsigned 7bit fake per-tensor amax=dynamic calibrator=MaxCalibrator scale=1.0 quant)
        )
        (1): BatchNorm2d(64, eps=1e-05, momentum=0.1, affine=True, track_running_stats=True)
        (2): ReLU(inplace=True)
        (3): CIMConv2d(
          64, 64, kernel_size=(3, 3), stride=(1, 1), padding=(1, 1), bias=False
          (_input_quantizer): TensorQuantizer(8bit fake per-tensor amax=dynamic calibrator=MaxCalibrator scale=1.0 quant)
          (_weight_quantizer): TensorQuantizer(8bit fake axis=0 amax=dynamic calibrator=MaxCalibrator scale=1.0 quant)
          (_adc_quantizer): TensorQuantizer(unsigned 7bit fake per-tensor amax=dynamic calibrator=MaxCalibrator scale=1.0 quant)
        )
        (4): BatchNorm2d(64, eps=1e-05, momentum=0.1, affine=True, track_running_stats=True)
      )
      (shortcut): Sequential()
    )
  )
  (conv3_x): Sequential(
    (0): BasicBlock(
      (residual_function): Sequential(
        (0): CIMConv2d(
          64, 128, kernel_size=(3, 3), stride=(2, 2), padding=(1, 1), bias=False
          (_input_quantizer): TensorQuantizer(8bit fake per-tensor amax=dynamic calibrator=MaxCalibrator scale=1.0 quant)
          (_weight_quantizer): TensorQuantizer(8bit fake axis=0 amax=dynamic calibrator=MaxCalibrator scale=1.0 quant)
          (_adc_quantizer): TensorQuantizer(unsigned 7bit fake per-tensor amax=dynamic calibrator=MaxCalibrator scale=1.0 quant)
        )
        (1): BatchNorm2d(128, eps=1e-05, momentum=0.1, affine=True, track_running_stats=True)
        (2): ReLU(inplace=True)
        (3): CIMConv2d(
          128, 128, kernel_size=(3, 3), stride=(1, 1), padding=(1, 1), bias=False
          (_input_quantizer): TensorQuantizer(8bit fake per-tensor amax=dynamic calibrator=MaxCalibrator scale=1.0 quant)
          (_weight_quantizer): TensorQuantizer(8bit fake axis=0 amax=dynamic calibrator=MaxCalibrator scale=1.0 quant)
          (_adc_quantizer): TensorQuantizer(unsigned 7bit fake per-tensor amax=dynamic calibrator=MaxCalibrator scale=1.0 quant)
        )
        (4): BatchNorm2d(128, eps=1e-05, momentum=0.1, affine=True, track_running_stats=True)
      )
      (shortcut): Sequential(
        (0): CIMConv2d(
          64, 128, kernel_size=(1, 1), stride=(2, 2), bias=False
          (_input_quantizer): TensorQuantizer(8bit fake per-tensor amax=dynamic calibrator=MaxCalibrator scale=1.0 quant)
          (_weight_quantizer): TensorQuantizer(8bit fake axis=0 amax=dynamic calibrator=MaxCalibrator scale=1.0 quant)
          (_adc_quantizer): TensorQuantizer(unsigned 7bit fake per-tensor amax=dynamic calibrator=MaxCalibrator scale=1.0 quant)
        )
        (1): BatchNorm2d(128, eps=1e-05, momentum=0.1, affine=True, track_running_stats=True)
      )
    )
    (1): BasicBlock(
      (residual_function): Sequential(
        (0): CIMConv2d(
          128, 128, kernel_size=(3, 3), stride=(1, 1), padding=(1, 1), bias=False
          (_input_quantizer): TensorQuantizer(8bit fake per-tensor amax=dynamic calibrator=MaxCalibrator scale=1.0 quant)
          (_weight_quantizer): TensorQuantizer(8bit fake axis=0 amax=dynamic calibrator=MaxCalibrator scale=1.0 quant)
          (_adc_quantizer): TensorQuantizer(unsigned 7bit fake per-tensor amax=dynamic calibrator=MaxCalibrator scale=1.0 quant)
        )
        (1): BatchNorm2d(128, eps=1e-05, momentum=0.1, affine=True, track_running_stats=True)
        (2): ReLU(inplace=True)
        (3): CIMConv2d(
          128, 128, kernel_size=(3, 3), stride=(1, 1), padding=(1, 1), bias=False
          (_input_quantizer): TensorQuantizer(8bit fake per-tensor amax=dynamic calibrator=MaxCalibrator scale=1.0 quant)
          (_weight_quantizer): TensorQuantizer(8bit fake axis=0 amax=dynamic calibrator=MaxCalibrator scale=1.0 quant)
          (_adc_quantizer): TensorQuantizer(unsigned 7bit fake per-tensor amax=dynamic calibrator=MaxCalibrator scale=1.0 quant)
        )
        (4): BatchNorm2d(128, eps=1e-05, momentum=0.1, affine=True, track_running_stats=True)
      )
      (shortcut): Sequential()
    )
  )
  (conv4_x): Sequential(
    (0): BasicBlock(
      (residual_function): Sequential(
        (0): CIMConv2d(
          128, 256, kernel_size=(3, 3), stride=(2, 2), padding=(1, 1), bias=False
          (_input_quantizer): TensorQuantizer(8bit fake per-tensor amax=dynamic calibrator=MaxCalibrator scale=1.0 quant)
          (_weight_quantizer): TensorQuantizer(8bit fake axis=0 amax=dynamic calibrator=MaxCalibrator scale=1.0 quant)
          (_adc_quantizer): TensorQuantizer(unsigned 7bit fake per-tensor amax=dynamic calibrator=MaxCalibrator scale=1.0 quant)
        )
        (1): BatchNorm2d(256, eps=1e-05, momentum=0.1, affine=True, track_running_stats=True)
        (2): ReLU(inplace=True)
        (3): CIMConv2d(
          256, 256, kernel_size=(3, 3), stride=(1, 1), padding=(1, 1), bias=False
          (_input_quantizer): TensorQuantizer(8bit fake per-tensor amax=dynamic calibrator=MaxCalibrator scale=1.0 quant)
          (_weight_quantizer): TensorQuantizer(8bit fake axis=0 amax=dynamic calibrator=MaxCalibrator scale=1.0 quant)
          (_adc_quantizer): TensorQuantizer(unsigned 7bit fake per-tensor amax=dynamic calibrator=MaxCalibrator scale=1.0 quant)
        )
        (4): BatchNorm2d(256, eps=1e-05, momentum=0.1, affine=True, track_running_stats=True)
      )
      (shortcut): Sequential(
        (0): CIMConv2d(
          128, 256, kernel_size=(1, 1), stride=(2, 2), bias=False
          (_input_quantizer): TensorQuantizer(8bit fake per-tensor amax=dynamic calibrator=MaxCalibrator scale=1.0 quant)
          (_weight_quantizer): TensorQuantizer(8bit fake axis=0 amax=dynamic calibrator=MaxCalibrator scale=1.0 quant)
          (_adc_quantizer): TensorQuantizer(unsigned 7bit fake per-tensor amax=dynamic calibrator=MaxCalibrator scale=1.0 quant)
        )
        (1): BatchNorm2d(256, eps=1e-05, momentum=0.1, affine=True, track_running_stats=True)
      )
    )
    (1): BasicBlock(
      (residual_function): Sequential(
        (0): CIMConv2d(
          256, 256, kernel_size=(3, 3), stride=(1, 1), padding=(1, 1), bias=False
          (_input_quantizer): TensorQuantizer(8bit fake per-tensor amax=dynamic calibrator=MaxCalibrator scale=1.0 quant)
          (_weight_quantizer): TensorQuantizer(8bit fake axis=0 amax=dynamic calibrator=MaxCalibrator scale=1.0 quant)
          (_adc_quantizer): TensorQuantizer(unsigned 7bit fake per-tensor amax=dynamic calibrator=MaxCalibrator scale=1.0 quant)
        )
        (1): BatchNorm2d(256, eps=1e-05, momentum=0.1, affine=True, track_running_stats=True)
        (2): ReLU(inplace=True)
        (3): CIMConv2d(
          256, 256, kernel_size=(3, 3), stride=(1, 1), padding=(1, 1), bias=False
          (_input_quantizer): TensorQuantizer(8bit fake per-tensor amax=dynamic calibrator=MaxCalibrator scale=1.0 quant)
          (_weight_quantizer): TensorQuantizer(8bit fake axis=0 amax=dynamic calibrator=MaxCalibrator scale=1.0 quant)
          (_adc_quantizer): TensorQuantizer(unsigned 7bit fake per-tensor amax=dynamic calibrator=MaxCalibrator scale=1.0 quant)
        )
        (4): BatchNorm2d(256, eps=1e-05, momentum=0.1, affine=True, track_running_stats=True)
      )
      (shortcut): Sequential()
    )
  )
  (conv5_x): Sequential(
    (0): BasicBlock(
      (residual_function): Sequential(
        (0): CIMConv2d(
          256, 512, kernel_size=(3, 3), stride=(2, 2), padding=(1, 1), bias=False
          (_input_quantizer): TensorQuantizer(8bit fake per-tensor amax=dynamic calibrator=MaxCalibrator scale=1.0 quant)
          (_weight_quantizer): TensorQuantizer(8bit fake axis=0 amax=dynamic calibrator=MaxCalibrator scale=1.0 quant)
          (_adc_quantizer): TensorQuantizer(unsigned 7bit fake per-tensor amax=dynamic calibrator=MaxCalibrator scale=1.0 quant)
        )
        (1): BatchNorm2d(512, eps=1e-05, momentum=0.1, affine=True, track_running_stats=True)
        (2): ReLU(inplace=True)
        (3): CIMConv2d(
          512, 512, kernel_size=(3, 3), stride=(1, 1), padding=(1, 1), bias=False
          (_input_quantizer): TensorQuantizer(8bit fake per-tensor amax=dynamic calibrator=MaxCalibrator scale=1.0 quant)
          (_weight_quantizer): TensorQuantizer(8bit fake axis=0 amax=dynamic calibrator=MaxCalibrator scale=1.0 quant)
          (_adc_quantizer): TensorQuantizer(unsigned 7bit fake per-tensor amax=dynamic calibrator=MaxCalibrator scale=1.0 quant)
        )
        (4): BatchNorm2d(512, eps=1e-05, momentum=0.1, affine=True, track_running_stats=True)
      )
      (shortcut): Sequential(
        (0): CIMConv2d(
          256, 512, kernel_size=(1, 1), stride=(2, 2), bias=False
          (_input_quantizer): TensorQuantizer(8bit fake per-tensor amax=dynamic calibrator=MaxCalibrator scale=1.0 quant)
          (_weight_quantizer): TensorQuantizer(8bit fake axis=0 amax=dynamic calibrator=MaxCalibrator scale=1.0 quant)
          (_adc_quantizer): TensorQuantizer(unsigned 7bit fake per-tensor amax=dynamic calibrator=MaxCalibrator scale=1.0 quant)
        )
        (1): BatchNorm2d(512, eps=1e-05, momentum=0.1, affine=True, track_running_stats=True)
      )
    )
    (1): BasicBlock(
      (residual_function): Sequential(
        (0): CIMConv2d(
          512, 512, kernel_size=(3, 3), stride=(1, 1), padding=(1, 1), bias=False
          (_input_quantizer): TensorQuantizer(8bit fake per-tensor amax=dynamic calibrator=MaxCalibrator scale=1.0 quant)
          (_weight_quantizer): TensorQuantizer(8bit fake axis=0 amax=dynamic calibrator=MaxCalibrator scale=1.0 quant)
          (_adc_quantizer): TensorQuantizer(unsigned 7bit fake per-tensor amax=dynamic calibrator=MaxCalibrator scale=1.0 quant)
        )
        (1): BatchNorm2d(512, eps=1e-05, momentum=0.1, affine=True, track_running_stats=True)
        (2): ReLU(inplace=True)
        (3): CIMConv2d(
          512, 512, kernel_size=(3, 3), stride=(1, 1), padding=(1, 1), bias=False
          (_input_quantizer): TensorQuantizer(8bit fake per-tensor amax=dynamic calibrator=MaxCalibrator scale=1.0 quant)
          (_weight_quantizer): TensorQuantizer(8bit fake axis=0 amax=dynamic calibrator=MaxCalibrator scale=1.0 quant)
          (_adc_quantizer): TensorQuantizer(unsigned 7bit fake per-tensor amax=dynamic calibrator=MaxCalibrator scale=1.0 quant)
        )
        (4): BatchNorm2d(512, eps=1e-05, momentum=0.1, affine=True, track_running_stats=True)
      )
      (shortcut): Sequential()
    )
  )
  (avg_pool): CIMAdaptiveAvgPool2d(
    output_size=(1, 1)
    (_input_quantizer): TensorQuantizer(8bit fake per-tensor amax=dynamic calibrator=MaxCalibrator scale=1.0 quant)
  )
  (fc): CIMLinear(
    in_features=512, out_features=10, bias=True
    (_input_quantizer): TensorQuantizer(8bit fake per-tensor amax=dynamic calibrator=MaxCalibrator scale=1.0 quant)
    (_weight_quantizer): TensorQuantizer(8bit fake axis=0 amax=dynamic calibrator=MaxCalibrator scale=1.0 quant)
    (_adc_quantizer): TensorQuantizer(unsigned 7bit fake per-tensor amax=dynamic calibrator=MaxCalibrator scale=1.0 quant)
  )
)
Evaluating baseline model...


  0%|          | 0/1 [00:00<?, ?it/s]
  0%|          | 0/1 [00:00<?, ?it/s]
Test Accuracy of the model on 400 test images: 12.75 %
Average Test loss: 2.3037919998168945

--------------------------------------------
evaluation time: 0.40834856033325195
Quantizing inputs and weights...
Collecting histograms...


  0%|          | 0/2 [00:00<?, ?it/s]I0612 14:25:46.253295 139743468431168 max.py:61] Calibrator encountered negative values. It shouldn't happen after ReLU. Make sure this is the right tensor to calibrate.
Calibrator encountered negative values. It shouldn't happen after ReLU. Make sure this is the right tensor to calibrate.

100%|██████████| 2/2 [00:00<00:00, 22.87it/s]
W0612 14:25:46.333809 139743468431168 tensor_quantizer.py:239] Call .cuda() if running on GPU after loading calibrated amax.
Call .cuda() if running on GPU after loading calibrated amax.

Computing amax... 

Finished quantizing inputs and weights.
Evaluating input and weight quantized model...


  0%|          | 0/1 [00:00<?, ?it/s]
  0%|          | 0/1 [00:00<?, ?it/s]
I0612 14:25:46.458328 139743468431168 misc.py:32] Running inference with detailed hardware simulation...
Running inference with detailed hardware simulation...
Test Accuracy of the model on 400 test images: 12.5 %
Average Test loss: 2.303790330886841

--------------------------------------------
evaluation time: 0.08515024185180664

  0%|          | 0/25 [00:00<?, ?it/s]
  4%|▍         | 1/25 [00:11<04:39, 11.65s/it]

-> [Auto-Interrupt] 4% batch mark reached! CSVs should be fully saved.
-> [Auto-Interrupt] Sending Ctrl+C (SIGTERM)...
-> integrationMode = CNA: recompiling...
-> Running NeuroSim Hardware Trace...
-> DONE! Saved hardware performance to results_resnet18_2T8C_512x512_CNA_no_pipeline.txt

-> integrationMode = CUA: recompiling...
-> Running NeuroSim Hardware Trace...
-> DONE! Saved hardware performance to results_resnet18_2T8C_512x512_CUA_no_pipeline.txt

-> integrationMode = CBA: recompiling...
-> Running NeuroSim Hardware Trace...
-> DONE! Saved hardware performance to results_resnet18_2T8C_512x512_CBA_no_pipeline.txt

        STARTING PIPELINE FOR 2T16C  128x128              
-> Updating Param.cpp...
-> Updating main.cpp...
-> Updating inference.py...
-> Compiling NeuroSim (make clean && make)...
-> Running inference.py (Waiting for 4% batch completion)...
/scratch/rxc5747/conda_envs/neurosim/lib/python3.11/site-packages/torchvision/datasets/cifar.py:83: VisibleDeprecationWarning: dtype(): align should be passed as Python or NumPy boolean but got `align=0`. Did you mean to pass a tuple to create a subarray type? (Deprecated NumPy 2.4)
  entry = pickle.load(f, encoding="latin1")
WARNING: Logging before flag parsing goes to stderr.
I0612 14:27:21.442165 140280818456384 _utils.py:224] Input is fake quantized to 8 bits in CIMConv2d with axis None!
Input is fake quantized to 8 bits in CIMConv2d with axis None!
I0612 14:27:21.442306 140280818456384 _utils.py:227] Weight is fake quantized to 8 bits in CIMConv2d with axis 0!
Weight is fake quantized to 8 bits in CIMConv2d with axis 0!
I0612 14:27:21.442355 140280818456384 _utils.py:230] Output is fake quantized to 7 bits in CIMConv2d with axis None!
Output is fake quantized to 7 bits in CIMConv2d with axis None!
I0612 14:27:21.463600 140280818456384 _utils.py:224] Input is fake quantized to 8 bits in CIMConv2d with axis None!
Input is fake quantized to 8 bits in CIMConv2d with axis None!
I0612 14:27:21.463711 140280818456384 _utils.py:227] Weight is fake quantized to 8 bits in CIMConv2d with axis 0!
Weight is fake quantized to 8 bits in CIMConv2d with axis 0!
I0612 14:27:21.463750 140280818456384 _utils.py:230] Output is fake quantized to 7 bits in CIMConv2d with axis None!
Output is fake quantized to 7 bits in CIMConv2d with axis None!
I0612 14:27:21.465059 140280818456384 _utils.py:224] Input is fake quantized to 8 bits in CIMConv2d with axis None!
Input is fake quantized to 8 bits in CIMConv2d with axis None!
I0612 14:27:21.465128 140280818456384 _utils.py:227] Weight is fake quantized to 8 bits in CIMConv2d with axis 0!
Weight is fake quantized to 8 bits in CIMConv2d with axis 0!
I0612 14:27:21.465175 140280818456384 _utils.py:230] Output is fake quantized to 7 bits in CIMConv2d with axis None!
Output is fake quantized to 7 bits in CIMConv2d with axis None!
I0612 14:27:21.466691 140280818456384 _utils.py:224] Input is fake quantized to 8 bits in CIMConv2d with axis None!
Input is fake quantized to 8 bits in CIMConv2d with axis None!
I0612 14:27:21.466748 140280818456384 _utils.py:227] Weight is fake quantized to 8 bits in CIMConv2d with axis 0!
Weight is fake quantized to 8 bits in CIMConv2d with axis 0!
I0612 14:27:21.466781 140280818456384 _utils.py:230] Output is fake quantized to 7 bits in CIMConv2d with axis None!
Output is fake quantized to 7 bits in CIMConv2d with axis None!
I0612 14:27:21.467998 140280818456384 _utils.py:224] Input is fake quantized to 8 bits in CIMConv2d with axis None!
Input is fake quantized to 8 bits in CIMConv2d with axis None!
I0612 14:27:21.468055 140280818456384 _utils.py:227] Weight is fake quantized to 8 bits in CIMConv2d with axis 0!
Weight is fake quantized to 8 bits in CIMConv2d with axis 0!
I0612 14:27:21.468087 140280818456384 _utils.py:230] Output is fake quantized to 7 bits in CIMConv2d with axis None!
Output is fake quantized to 7 bits in CIMConv2d with axis None!
I0612 14:27:21.469433 140280818456384 _utils.py:224] Input is fake quantized to 8 bits in CIMConv2d with axis None!
Input is fake quantized to 8 bits in CIMConv2d with axis None!
I0612 14:27:21.469489 140280818456384 _utils.py:227] Weight is fake quantized to 8 bits in CIMConv2d with axis 0!
Weight is fake quantized to 8 bits in CIMConv2d with axis 0!
I0612 14:27:21.469521 140280818456384 _utils.py:230] Output is fake quantized to 7 bits in CIMConv2d with axis None!
Output is fake quantized to 7 bits in CIMConv2d with axis None!
I0612 14:27:21.471020 140280818456384 _utils.py:224] Input is fake quantized to 8 bits in CIMConv2d with axis None!
Input is fake quantized to 8 bits in CIMConv2d with axis None!
I0612 14:27:21.471076 140280818456384 _utils.py:227] Weight is fake quantized to 8 bits in CIMConv2d with axis 0!
Weight is fake quantized to 8 bits in CIMConv2d with axis 0!
I0612 14:27:21.471109 140280818456384 _utils.py:230] Output is fake quantized to 7 bits in CIMConv2d with axis None!
Output is fake quantized to 7 bits in CIMConv2d with axis None!
I0612 14:27:21.472263 140280818456384 _utils.py:224] Input is fake quantized to 8 bits in CIMConv2d with axis None!
Input is fake quantized to 8 bits in CIMConv2d with axis None!
I0612 14:27:21.472318 140280818456384 _utils.py:227] Weight is fake quantized to 8 bits in CIMConv2d with axis 0!
Weight is fake quantized to 8 bits in CIMConv2d with axis 0!
I0612 14:27:21.472350 140280818456384 _utils.py:230] Output is fake quantized to 7 bits in CIMConv2d with axis None!
Output is fake quantized to 7 bits in CIMConv2d with axis None!
I0612 14:27:21.473896 140280818456384 _utils.py:224] Input is fake quantized to 8 bits in CIMConv2d with axis None!
Input is fake quantized to 8 bits in CIMConv2d with axis None!
I0612 14:27:21.473953 140280818456384 _utils.py:227] Weight is fake quantized to 8 bits in CIMConv2d with axis 0!
Weight is fake quantized to 8 bits in CIMConv2d with axis 0!
I0612 14:27:21.473985 140280818456384 _utils.py:230] Output is fake quantized to 7 bits in CIMConv2d with axis None!
Output is fake quantized to 7 bits in CIMConv2d with axis None!
I0612 14:27:21.475458 140280818456384 _utils.py:224] Input is fake quantized to 8 bits in CIMConv2d with axis None!
Input is fake quantized to 8 bits in CIMConv2d with axis None!
I0612 14:27:21.475513 140280818456384 _utils.py:227] Weight is fake quantized to 8 bits in CIMConv2d with axis 0!
Weight is fake quantized to 8 bits in CIMConv2d with axis 0!
I0612 14:27:21.475547 140280818456384 _utils.py:230] Output is fake quantized to 7 bits in CIMConv2d with axis None!
Output is fake quantized to 7 bits in CIMConv2d with axis None!
I0612 14:27:21.477443 140280818456384 _utils.py:224] Input is fake quantized to 8 bits in CIMConv2d with axis None!
Input is fake quantized to 8 bits in CIMConv2d with axis None!
I0612 14:27:21.477500 140280818456384 _utils.py:227] Weight is fake quantized to 8 bits in CIMConv2d with axis 0!
Weight is fake quantized to 8 bits in CIMConv2d with axis 0!
I0612 14:27:21.477535 140280818456384 _utils.py:230] Output is fake quantized to 7 bits in CIMConv2d with axis None!
Output is fake quantized to 7 bits in CIMConv2d with axis None!
I0612 14:27:21.480179 140280818456384 _utils.py:224] Input is fake quantized to 8 bits in CIMConv2d with axis None!
Input is fake quantized to 8 bits in CIMConv2d with axis None!
I0612 14:27:21.480237 140280818456384 _utils.py:227] Weight is fake quantized to 8 bits in CIMConv2d with axis 0!
Weight is fake quantized to 8 bits in CIMConv2d with axis 0!
I0612 14:27:21.480272 140280818456384 _utils.py:230] Output is fake quantized to 7 bits in CIMConv2d with axis None!
Output is fake quantized to 7 bits in CIMConv2d with axis None!
I0612 14:27:21.481522 140280818456384 _utils.py:224] Input is fake quantized to 8 bits in CIMConv2d with axis None!
Input is fake quantized to 8 bits in CIMConv2d with axis None!
I0612 14:27:21.481585 140280818456384 _utils.py:227] Weight is fake quantized to 8 bits in CIMConv2d with axis 0!
Weight is fake quantized to 8 bits in CIMConv2d with axis 0!
I0612 14:27:21.481621 140280818456384 _utils.py:230] Output is fake quantized to 7 bits in CIMConv2d with axis None!
Output is fake quantized to 7 bits in CIMConv2d with axis None!
I0612 14:27:21.484255 140280818456384 _utils.py:224] Input is fake quantized to 8 bits in CIMConv2d with axis None!
Input is fake quantized to 8 bits in CIMConv2d with axis None!
I0612 14:27:21.484312 140280818456384 _utils.py:227] Weight is fake quantized to 8 bits in CIMConv2d with axis 0!
Weight is fake quantized to 8 bits in CIMConv2d with axis 0!
I0612 14:27:21.484346 140280818456384 _utils.py:230] Output is fake quantized to 7 bits in CIMConv2d with axis None!
Output is fake quantized to 7 bits in CIMConv2d with axis None!
I0612 14:27:21.486979 140280818456384 _utils.py:224] Input is fake quantized to 8 bits in CIMConv2d with axis None!
Input is fake quantized to 8 bits in CIMConv2d with axis None!
I0612 14:27:21.487035 140280818456384 _utils.py:227] Weight is fake quantized to 8 bits in CIMConv2d with axis 0!
Weight is fake quantized to 8 bits in CIMConv2d with axis 0!
I0612 14:27:21.487067 140280818456384 _utils.py:230] Output is fake quantized to 7 bits in CIMConv2d with axis None!
Output is fake quantized to 7 bits in CIMConv2d with axis None!
I0612 14:27:21.491257 140280818456384 _utils.py:224] Input is fake quantized to 8 bits in CIMConv2d with axis None!
Input is fake quantized to 8 bits in CIMConv2d with axis None!
I0612 14:27:21.491317 140280818456384 _utils.py:227] Weight is fake quantized to 8 bits in CIMConv2d with axis 0!
Weight is fake quantized to 8 bits in CIMConv2d with axis 0!
I0612 14:27:21.491348 140280818456384 _utils.py:230] Output is fake quantized to 7 bits in CIMConv2d with axis None!
Output is fake quantized to 7 bits in CIMConv2d with axis None!
I0612 14:27:21.498551 140280818456384 _utils.py:224] Input is fake quantized to 8 bits in CIMConv2d with axis None!
Input is fake quantized to 8 bits in CIMConv2d with axis None!
I0612 14:27:21.498620 140280818456384 _utils.py:227] Weight is fake quantized to 8 bits in CIMConv2d with axis 0!
Weight is fake quantized to 8 bits in CIMConv2d with axis 0!
I0612 14:27:21.498652 140280818456384 _utils.py:230] Output is fake quantized to 7 bits in CIMConv2d with axis None!
Output is fake quantized to 7 bits in CIMConv2d with axis None!
I0612 14:27:21.500181 140280818456384 _utils.py:224] Input is fake quantized to 8 bits in CIMConv2d with axis None!
Input is fake quantized to 8 bits in CIMConv2d with axis None!
I0612 14:27:21.500236 140280818456384 _utils.py:227] Weight is fake quantized to 8 bits in CIMConv2d with axis 0!
Weight is fake quantized to 8 bits in CIMConv2d with axis 0!
I0612 14:27:21.500267 140280818456384 _utils.py:230] Output is fake quantized to 7 bits in CIMConv2d with axis None!
Output is fake quantized to 7 bits in CIMConv2d with axis None!
I0612 14:27:21.507491 140280818456384 _utils.py:224] Input is fake quantized to 8 bits in CIMConv2d with axis None!
Input is fake quantized to 8 bits in CIMConv2d with axis None!
I0612 14:27:21.507551 140280818456384 _utils.py:227] Weight is fake quantized to 8 bits in CIMConv2d with axis 0!
Weight is fake quantized to 8 bits in CIMConv2d with axis 0!
I0612 14:27:21.507590 140280818456384 _utils.py:230] Output is fake quantized to 7 bits in CIMConv2d with axis None!
Output is fake quantized to 7 bits in CIMConv2d with axis None!
I0612 14:27:21.515259 140280818456384 _utils.py:224] Input is fake quantized to 8 bits in CIMConv2d with axis None!
Input is fake quantized to 8 bits in CIMConv2d with axis None!
I0612 14:27:21.515323 140280818456384 _utils.py:227] Weight is fake quantized to 8 bits in CIMConv2d with axis 0!
Weight is fake quantized to 8 bits in CIMConv2d with axis 0!
I0612 14:27:21.515355 140280818456384 _utils.py:230] Output is fake quantized to 7 bits in CIMConv2d with axis None!
Output is fake quantized to 7 bits in CIMConv2d with axis None!
I0612 14:27:21.516499 140280818456384 _utils.py:305] Input is fake quantized to 8 bits in CIMAdaptiveAvgPool2d with axis None!
Input is fake quantized to 8 bits in CIMAdaptiveAvgPool2d with axis None!
I0612 14:27:21.517272 140280818456384 _utils.py:224] Input is fake quantized to 8 bits in CIMLinear with axis None!
Input is fake quantized to 8 bits in CIMLinear with axis None!
I0612 14:27:21.517322 140280818456384 _utils.py:227] Weight is fake quantized to 8 bits in CIMLinear with axis 0!
Weight is fake quantized to 8 bits in CIMLinear with axis 0!
I0612 14:27:21.517354 140280818456384 _utils.py:230] Output is fake quantized to 7 bits in CIMLinear with axis None!
Output is fake quantized to 7 bits in CIMLinear with axis None!
log/default/adc_axis=None/adc_calib_method=max/adc_enable=1/adc_precision=7/adc_quant_method=scale/batch_size=400/bitcell=1/calib_batch_size=128/dac_precision=1/dataset=cifar10/detect=0/hardware=1/input_axis=None/input_calib_method=max/input_precision=8/mem_states_file=mem_states.csv/mem_type=capacitive/mode=TensorRT/model=resnet18/num_batches=-1/off_state=0.006/on_state=1.02e-11/optimize_adc=0/output_noise=0.0/output_noise_file=/parallel_read=64/ppa=1/rate_stuck_0=0.0/rate_stuck_1=0.0/read_noise=0.0/seed=1234/sub_array=[4096, 64]/t=1/target=0.0/test_name=test/v=0.0/v_list=[0.005, 0.005, 0.005, 0.005, 0.005, 0.005, 0.005, 0.005]/vdd=1/weight_axis=0/weight_calib_method=max/weight_precision=8
=================FLAGS==================
dataset: cifar10
model: resnet18
data_path: ./datasets
model_path: ./models/
test_name: test
mode: TensorRT
gpu: 0
batch_size: 400
calib_batch_size: 128
seed: 1234
logdir: log/default/adc_axis=None/adc_calib_method=max/adc_enable=1/adc_precision=7/adc_quant_method=scale/batch_size=400/bitcell=1/calib_batch_size=128/dac_precision=1/dataset=cifar10/detect=0/hardware=1/input_axis=None/input_calib_method=max/input_precision=8/mem_states_file=mem_states.csv/mem_type=capacitive/mode=TensorRT/model=resnet18/num_batches=-1/off_state=0.006/on_state=1.02e-11/optimize_adc=0/output_noise=0.0/output_noise_file=/parallel_read=64/ppa=1/rate_stuck_0=0.0/rate_stuck_1=0.0/read_noise=0.0/seed=1234/sub_array=[4096, 64]/t=1/target=0.0/test_name=test/v=0.0/v_list=[0.005, 0.005, 0.005, 0.005, 0.005, 0.005, 0.005, 0.005]/vdd=1/weight_axis=0/weight_calib_method=max/weight_precision=8
hardware: 1
ppa: 1
num_batches: -1
sub_array: [4096, 64]
parallel_read: 64
weight_precision: 8
input_precision: 8
dac_precision: 1
adc_precision: 7
bitcell: 1
mem_type: capacitive
off_state: 0.006
on_state: 1.02e-11
mem_states_file: mem_states.csv
vdd: 1
read_noise: 0.0
output_noise: 0.0
output_noise_file: 
t: 1
v: 0.0
v_list: [0.005, 0.005, 0.005, 0.005, 0.005, 0.005, 0.005, 0.005]
detect: 0
target: 0.0
rate_stuck_0: 0.0
rate_stuck_1: 0.0
input_calib_method: max
weight_calib_method: max
adc_calib_method: max
input_axis: None
weight_axis: 0
adc_axis: None
adc_quant_method: scale
optimize_adc: 0
adc_enable: 1
logger: <bound method Logger.info of <pytorch_quantization.utils.misc.Logger object at 0x7f93e2efc490>>
========================================

Running in-memory computing functional simulation of resnet18 on cifar10 dataset...
Building CIFAR-10 data loader with 1 workers
Building CIFAR-10 data loader with 1 workers

Loading pretrained model ./models/resnet18_cifar10.pth...
ResNet(
  (conv1): Sequential(
    (0): CIMConv2d(
      3, 64, kernel_size=(3, 3), stride=(1, 1), padding=(1, 1), bias=False
      (_input_quantizer): TensorQuantizer(8bit fake per-tensor amax=dynamic calibrator=MaxCalibrator scale=1.0 quant)
      (_weight_quantizer): TensorQuantizer(8bit fake axis=0 amax=dynamic calibrator=MaxCalibrator scale=1.0 quant)
      (_adc_quantizer): TensorQuantizer(unsigned 7bit fake per-tensor amax=dynamic calibrator=MaxCalibrator scale=1.0 quant)
    )
    (1): BatchNorm2d(64, eps=1e-05, momentum=0.1, affine=True, track_running_stats=True)
    (2): ReLU(inplace=True)
  )
  (conv2_x): Sequential(
    (0): BasicBlock(
      (residual_function): Sequential(
        (0): CIMConv2d(
          64, 64, kernel_size=(3, 3), stride=(1, 1), padding=(1, 1), bias=False
          (_input_quantizer): TensorQuantizer(8bit fake per-tensor amax=dynamic calibrator=MaxCalibrator scale=1.0 quant)
          (_weight_quantizer): TensorQuantizer(8bit fake axis=0 amax=dynamic calibrator=MaxCalibrator scale=1.0 quant)
          (_adc_quantizer): TensorQuantizer(unsigned 7bit fake per-tensor amax=dynamic calibrator=MaxCalibrator scale=1.0 quant)
        )
        (1): BatchNorm2d(64, eps=1e-05, momentum=0.1, affine=True, track_running_stats=True)
        (2): ReLU(inplace=True)
        (3): CIMConv2d(
          64, 64, kernel_size=(3, 3), stride=(1, 1), padding=(1, 1), bias=False
          (_input_quantizer): TensorQuantizer(8bit fake per-tensor amax=dynamic calibrator=MaxCalibrator scale=1.0 quant)
          (_weight_quantizer): TensorQuantizer(8bit fake axis=0 amax=dynamic calibrator=MaxCalibrator scale=1.0 quant)
          (_adc_quantizer): TensorQuantizer(unsigned 7bit fake per-tensor amax=dynamic calibrator=MaxCalibrator scale=1.0 quant)
        )
        (4): BatchNorm2d(64, eps=1e-05, momentum=0.1, affine=True, track_running_stats=True)
      )
      (shortcut): Sequential()
    )
    (1): BasicBlock(
      (residual_function): Sequential(
        (0): CIMConv2d(
          64, 64, kernel_size=(3, 3), stride=(1, 1), padding=(1, 1), bias=False
          (_input_quantizer): TensorQuantizer(8bit fake per-tensor amax=dynamic calibrator=MaxCalibrator scale=1.0 quant)
          (_weight_quantizer): TensorQuantizer(8bit fake axis=0 amax=dynamic calibrator=MaxCalibrator scale=1.0 quant)
          (_adc_quantizer): TensorQuantizer(unsigned 7bit fake per-tensor amax=dynamic calibrator=MaxCalibrator scale=1.0 quant)
        )
        (1): BatchNorm2d(64, eps=1e-05, momentum=0.1, affine=True, track_running_stats=True)
        (2): ReLU(inplace=True)
        (3): CIMConv2d(
          64, 64, kernel_size=(3, 3), stride=(1, 1), padding=(1, 1), bias=False
          (_input_quantizer): TensorQuantizer(8bit fake per-tensor amax=dynamic calibrator=MaxCalibrator scale=1.0 quant)
          (_weight_quantizer): TensorQuantizer(8bit fake axis=0 amax=dynamic calibrator=MaxCalibrator scale=1.0 quant)
          (_adc_quantizer): TensorQuantizer(unsigned 7bit fake per-tensor amax=dynamic calibrator=MaxCalibrator scale=1.0 quant)
        )
        (4): BatchNorm2d(64, eps=1e-05, momentum=0.1, affine=True, track_running_stats=True)
      )
      (shortcut): Sequential()
    )
  )
  (conv3_x): Sequential(
    (0): BasicBlock(
      (residual_function): Sequential(
        (0): CIMConv2d(
          64, 128, kernel_size=(3, 3), stride=(2, 2), padding=(1, 1), bias=False
          (_input_quantizer): TensorQuantizer(8bit fake per-tensor amax=dynamic calibrator=MaxCalibrator scale=1.0 quant)
          (_weight_quantizer): TensorQuantizer(8bit fake axis=0 amax=dynamic calibrator=MaxCalibrator scale=1.0 quant)
          (_adc_quantizer): TensorQuantizer(unsigned 7bit fake per-tensor amax=dynamic calibrator=MaxCalibrator scale=1.0 quant)
        )
        (1): BatchNorm2d(128, eps=1e-05, momentum=0.1, affine=True, track_running_stats=True)
        (2): ReLU(inplace=True)
        (3): CIMConv2d(
          128, 128, kernel_size=(3, 3), stride=(1, 1), padding=(1, 1), bias=False
          (_input_quantizer): TensorQuantizer(8bit fake per-tensor amax=dynamic calibrator=MaxCalibrator scale=1.0 quant)
          (_weight_quantizer): TensorQuantizer(8bit fake axis=0 amax=dynamic calibrator=MaxCalibrator scale=1.0 quant)
          (_adc_quantizer): TensorQuantizer(unsigned 7bit fake per-tensor amax=dynamic calibrator=MaxCalibrator scale=1.0 quant)
        )
        (4): BatchNorm2d(128, eps=1e-05, momentum=0.1, affine=True, track_running_stats=True)
      )
      (shortcut): Sequential(
        (0): CIMConv2d(
          64, 128, kernel_size=(1, 1), stride=(2, 2), bias=False
          (_input_quantizer): TensorQuantizer(8bit fake per-tensor amax=dynamic calibrator=MaxCalibrator scale=1.0 quant)
          (_weight_quantizer): TensorQuantizer(8bit fake axis=0 amax=dynamic calibrator=MaxCalibrator scale=1.0 quant)
          (_adc_quantizer): TensorQuantizer(unsigned 7bit fake per-tensor amax=dynamic calibrator=MaxCalibrator scale=1.0 quant)
        )
        (1): BatchNorm2d(128, eps=1e-05, momentum=0.1, affine=True, track_running_stats=True)
      )
    )
    (1): BasicBlock(
      (residual_function): Sequential(
        (0): CIMConv2d(
          128, 128, kernel_size=(3, 3), stride=(1, 1), padding=(1, 1), bias=False
          (_input_quantizer): TensorQuantizer(8bit fake per-tensor amax=dynamic calibrator=MaxCalibrator scale=1.0 quant)
          (_weight_quantizer): TensorQuantizer(8bit fake axis=0 amax=dynamic calibrator=MaxCalibrator scale=1.0 quant)
          (_adc_quantizer): TensorQuantizer(unsigned 7bit fake per-tensor amax=dynamic calibrator=MaxCalibrator scale=1.0 quant)
        )
        (1): BatchNorm2d(128, eps=1e-05, momentum=0.1, affine=True, track_running_stats=True)
        (2): ReLU(inplace=True)
        (3): CIMConv2d(
          128, 128, kernel_size=(3, 3), stride=(1, 1), padding=(1, 1), bias=False
          (_input_quantizer): TensorQuantizer(8bit fake per-tensor amax=dynamic calibrator=MaxCalibrator scale=1.0 quant)
          (_weight_quantizer): TensorQuantizer(8bit fake axis=0 amax=dynamic calibrator=MaxCalibrator scale=1.0 quant)
          (_adc_quantizer): TensorQuantizer(unsigned 7bit fake per-tensor amax=dynamic calibrator=MaxCalibrator scale=1.0 quant)
        )
        (4): BatchNorm2d(128, eps=1e-05, momentum=0.1, affine=True, track_running_stats=True)
      )
      (shortcut): Sequential()
    )
  )
  (conv4_x): Sequential(
    (0): BasicBlock(
      (residual_function): Sequential(
        (0): CIMConv2d(
          128, 256, kernel_size=(3, 3), stride=(2, 2), padding=(1, 1), bias=False
          (_input_quantizer): TensorQuantizer(8bit fake per-tensor amax=dynamic calibrator=MaxCalibrator scale=1.0 quant)
          (_weight_quantizer): TensorQuantizer(8bit fake axis=0 amax=dynamic calibrator=MaxCalibrator scale=1.0 quant)
          (_adc_quantizer): TensorQuantizer(unsigned 7bit fake per-tensor amax=dynamic calibrator=MaxCalibrator scale=1.0 quant)
        )
        (1): BatchNorm2d(256, eps=1e-05, momentum=0.1, affine=True, track_running_stats=True)
        (2): ReLU(inplace=True)
        (3): CIMConv2d(
          256, 256, kernel_size=(3, 3), stride=(1, 1), padding=(1, 1), bias=False
          (_input_quantizer): TensorQuantizer(8bit fake per-tensor amax=dynamic calibrator=MaxCalibrator scale=1.0 quant)
          (_weight_quantizer): TensorQuantizer(8bit fake axis=0 amax=dynamic calibrator=MaxCalibrator scale=1.0 quant)
          (_adc_quantizer): TensorQuantizer(unsigned 7bit fake per-tensor amax=dynamic calibrator=MaxCalibrator scale=1.0 quant)
        )
        (4): BatchNorm2d(256, eps=1e-05, momentum=0.1, affine=True, track_running_stats=True)
      )
      (shortcut): Sequential(
        (0): CIMConv2d(
          128, 256, kernel_size=(1, 1), stride=(2, 2), bias=False
          (_input_quantizer): TensorQuantizer(8bit fake per-tensor amax=dynamic calibrator=MaxCalibrator scale=1.0 quant)
          (_weight_quantizer): TensorQuantizer(8bit fake axis=0 amax=dynamic calibrator=MaxCalibrator scale=1.0 quant)
          (_adc_quantizer): TensorQuantizer(unsigned 7bit fake per-tensor amax=dynamic calibrator=MaxCalibrator scale=1.0 quant)
        )
        (1): BatchNorm2d(256, eps=1e-05, momentum=0.1, affine=True, track_running_stats=True)
      )
    )
    (1): BasicBlock(
      (residual_function): Sequential(
        (0): CIMConv2d(
          256, 256, kernel_size=(3, 3), stride=(1, 1), padding=(1, 1), bias=False
          (_input_quantizer): TensorQuantizer(8bit fake per-tensor amax=dynamic calibrator=MaxCalibrator scale=1.0 quant)
          (_weight_quantizer): TensorQuantizer(8bit fake axis=0 amax=dynamic calibrator=MaxCalibrator scale=1.0 quant)
          (_adc_quantizer): TensorQuantizer(unsigned 7bit fake per-tensor amax=dynamic calibrator=MaxCalibrator scale=1.0 quant)
        )
        (1): BatchNorm2d(256, eps=1e-05, momentum=0.1, affine=True, track_running_stats=True)
        (2): ReLU(inplace=True)
        (3): CIMConv2d(
          256, 256, kernel_size=(3, 3), stride=(1, 1), padding=(1, 1), bias=False
          (_input_quantizer): TensorQuantizer(8bit fake per-tensor amax=dynamic calibrator=MaxCalibrator scale=1.0 quant)
          (_weight_quantizer): TensorQuantizer(8bit fake axis=0 amax=dynamic calibrator=MaxCalibrator scale=1.0 quant)
          (_adc_quantizer): TensorQuantizer(unsigned 7bit fake per-tensor amax=dynamic calibrator=MaxCalibrator scale=1.0 quant)
        )
        (4): BatchNorm2d(256, eps=1e-05, momentum=0.1, affine=True, track_running_stats=True)
      )
      (shortcut): Sequential()
    )
  )
  (conv5_x): Sequential(
    (0): BasicBlock(
      (residual_function): Sequential(
        (0): CIMConv2d(
          256, 512, kernel_size=(3, 3), stride=(2, 2), padding=(1, 1), bias=False
          (_input_quantizer): TensorQuantizer(8bit fake per-tensor amax=dynamic calibrator=MaxCalibrator scale=1.0 quant)
          (_weight_quantizer): TensorQuantizer(8bit fake axis=0 amax=dynamic calibrator=MaxCalibrator scale=1.0 quant)
          (_adc_quantizer): TensorQuantizer(unsigned 7bit fake per-tensor amax=dynamic calibrator=MaxCalibrator scale=1.0 quant)
        )
        (1): BatchNorm2d(512, eps=1e-05, momentum=0.1, affine=True, track_running_stats=True)
        (2): ReLU(inplace=True)
        (3): CIMConv2d(
          512, 512, kernel_size=(3, 3), stride=(1, 1), padding=(1, 1), bias=False
          (_input_quantizer): TensorQuantizer(8bit fake per-tensor amax=dynamic calibrator=MaxCalibrator scale=1.0 quant)
          (_weight_quantizer): TensorQuantizer(8bit fake axis=0 amax=dynamic calibrator=MaxCalibrator scale=1.0 quant)
          (_adc_quantizer): TensorQuantizer(unsigned 7bit fake per-tensor amax=dynamic calibrator=MaxCalibrator scale=1.0 quant)
        )
        (4): BatchNorm2d(512, eps=1e-05, momentum=0.1, affine=True, track_running_stats=True)
      )
      (shortcut): Sequential(
        (0): CIMConv2d(
          256, 512, kernel_size=(1, 1), stride=(2, 2), bias=False
          (_input_quantizer): TensorQuantizer(8bit fake per-tensor amax=dynamic calibrator=MaxCalibrator scale=1.0 quant)
          (_weight_quantizer): TensorQuantizer(8bit fake axis=0 amax=dynamic calibrator=MaxCalibrator scale=1.0 quant)
          (_adc_quantizer): TensorQuantizer(unsigned 7bit fake per-tensor amax=dynamic calibrator=MaxCalibrator scale=1.0 quant)
        )
        (1): BatchNorm2d(512, eps=1e-05, momentum=0.1, affine=True, track_running_stats=True)
      )
    )
    (1): BasicBlock(
      (residual_function): Sequential(
        (0): CIMConv2d(
          512, 512, kernel_size=(3, 3), stride=(1, 1), padding=(1, 1), bias=False
          (_input_quantizer): TensorQuantizer(8bit fake per-tensor amax=dynamic calibrator=MaxCalibrator scale=1.0 quant)
          (_weight_quantizer): TensorQuantizer(8bit fake axis=0 amax=dynamic calibrator=MaxCalibrator scale=1.0 quant)
          (_adc_quantizer): TensorQuantizer(unsigned 7bit fake per-tensor amax=dynamic calibrator=MaxCalibrator scale=1.0 quant)
        )
        (1): BatchNorm2d(512, eps=1e-05, momentum=0.1, affine=True, track_running_stats=True)
        (2): ReLU(inplace=True)
        (3): CIMConv2d(
          512, 512, kernel_size=(3, 3), stride=(1, 1), padding=(1, 1), bias=False
          (_input_quantizer): TensorQuantizer(8bit fake per-tensor amax=dynamic calibrator=MaxCalibrator scale=1.0 quant)
          (_weight_quantizer): TensorQuantizer(8bit fake axis=0 amax=dynamic calibrator=MaxCalibrator scale=1.0 quant)
          (_adc_quantizer): TensorQuantizer(unsigned 7bit fake per-tensor amax=dynamic calibrator=MaxCalibrator scale=1.0 quant)
        )
        (4): BatchNorm2d(512, eps=1e-05, momentum=0.1, affine=True, track_running_stats=True)
      )
      (shortcut): Sequential()
    )
  )
  (avg_pool): CIMAdaptiveAvgPool2d(
    output_size=(1, 1)
    (_input_quantizer): TensorQuantizer(8bit fake per-tensor amax=dynamic calibrator=MaxCalibrator scale=1.0 quant)
  )
  (fc): CIMLinear(
    in_features=512, out_features=10, bias=True
    (_input_quantizer): TensorQuantizer(8bit fake per-tensor amax=dynamic calibrator=MaxCalibrator scale=1.0 quant)
    (_weight_quantizer): TensorQuantizer(8bit fake axis=0 amax=dynamic calibrator=MaxCalibrator scale=1.0 quant)
    (_adc_quantizer): TensorQuantizer(unsigned 7bit fake per-tensor amax=dynamic calibrator=MaxCalibrator scale=1.0 quant)
  )
)
Evaluating baseline model...


  0%|          | 0/1 [00:00<?, ?it/s]
  0%|          | 0/1 [00:00<?, ?it/s]
Test Accuracy of the model on 400 test images: 12.75 %
Average Test loss: 2.3037919998168945

--------------------------------------------
evaluation time: 0.4140653610229492
Quantizing inputs and weights...
Collecting histograms...


  0%|          | 0/2 [00:00<?, ?it/s]I0612 14:27:22.021273 140280818456384 max.py:61] Calibrator encountered negative values. It shouldn't happen after ReLU. Make sure this is the right tensor to calibrate.
Calibrator encountered negative values. It shouldn't happen after ReLU. Make sure this is the right tensor to calibrate.

100%|██████████| 2/2 [00:00<00:00, 22.22it/s]
W0612 14:27:22.096633 140280818456384 tensor_quantizer.py:239] Call .cuda() if running on GPU after loading calibrated amax.
Call .cuda() if running on GPU after loading calibrated amax.

Computing amax... 

Finished quantizing inputs and weights.
Evaluating input and weight quantized model...


  0%|          | 0/1 [00:00<?, ?it/s]
  0%|          | 0/1 [00:00<?, ?it/s]
I0612 14:27:22.221194 140280818456384 misc.py:32] Running inference with detailed hardware simulation...
Running inference with detailed hardware simulation...
Test Accuracy of the model on 400 test images: 12.5 %
Average Test loss: 2.303790330886841

--------------------------------------------
evaluation time: 0.08731436729431152

  0%|          | 0/25 [00:00<?, ?it/s]
  4%|▍         | 1/25 [00:11<04:39, 11.64s/it]

-> [Auto-Interrupt] 4% batch mark reached! CSVs should be fully saved.
-> [Auto-Interrupt] Sending Ctrl+C (SIGTERM)...
-> integrationMode = CNA: recompiling...
-> Running NeuroSim Hardware Trace...
-> DONE! Saved hardware performance to results_resnet18_2T16C_128x128_CNA_no_pipeline.txt

-> integrationMode = CUA: recompiling...
-> Running NeuroSim Hardware Trace...
-> DONE! Saved hardware performance to results_resnet18_2T16C_128x128_CUA_no_pipeline.txt

-> integrationMode = CBA: recompiling...
-> Running NeuroSim Hardware Trace...
-> DONE! Saved hardware performance to results_resnet18_2T16C_128x128_CBA_no_pipeline.txt

        STARTING PIPELINE FOR 2T16C  256x256              
-> Updating Param.cpp...
-> Updating main.cpp...
-> Updating inference.py...
-> Compiling NeuroSim (make clean && make)...
-> Running inference.py (Waiting for 4% batch completion)...
/scratch/rxc5747/conda_envs/neurosim/lib/python3.11/site-packages/torchvision/datasets/cifar.py:83: VisibleDeprecationWarning: dtype(): align should be passed as Python or NumPy boolean but got `align=0`. Did you mean to pass a tuple to create a subarray type? (Deprecated NumPy 2.4)
  entry = pickle.load(f, encoding="latin1")
WARNING: Logging before flag parsing goes to stderr.
I0612 14:37:27.704784 140225093277504 _utils.py:224] Input is fake quantized to 8 bits in CIMConv2d with axis None!
Input is fake quantized to 8 bits in CIMConv2d with axis None!
I0612 14:37:27.704922 140225093277504 _utils.py:227] Weight is fake quantized to 8 bits in CIMConv2d with axis 0!
Weight is fake quantized to 8 bits in CIMConv2d with axis 0!
I0612 14:37:27.704966 140225093277504 _utils.py:230] Output is fake quantized to 7 bits in CIMConv2d with axis None!
Output is fake quantized to 7 bits in CIMConv2d with axis None!
I0612 14:37:27.726122 140225093277504 _utils.py:224] Input is fake quantized to 8 bits in CIMConv2d with axis None!
Input is fake quantized to 8 bits in CIMConv2d with axis None!
I0612 14:37:27.726232 140225093277504 _utils.py:227] Weight is fake quantized to 8 bits in CIMConv2d with axis 0!
Weight is fake quantized to 8 bits in CIMConv2d with axis 0!
I0612 14:37:27.726272 140225093277504 _utils.py:230] Output is fake quantized to 7 bits in CIMConv2d with axis None!
Output is fake quantized to 7 bits in CIMConv2d with axis None!
I0612 14:37:27.727602 140225093277504 _utils.py:224] Input is fake quantized to 8 bits in CIMConv2d with axis None!
Input is fake quantized to 8 bits in CIMConv2d with axis None!
I0612 14:37:27.727671 140225093277504 _utils.py:227] Weight is fake quantized to 8 bits in CIMConv2d with axis 0!
Weight is fake quantized to 8 bits in CIMConv2d with axis 0!
I0612 14:37:27.727717 140225093277504 _utils.py:230] Output is fake quantized to 7 bits in CIMConv2d with axis None!
Output is fake quantized to 7 bits in CIMConv2d with axis None!
I0612 14:37:27.729240 140225093277504 _utils.py:224] Input is fake quantized to 8 bits in CIMConv2d with axis None!
Input is fake quantized to 8 bits in CIMConv2d with axis None!
I0612 14:37:27.729298 140225093277504 _utils.py:227] Weight is fake quantized to 8 bits in CIMConv2d with axis 0!
Weight is fake quantized to 8 bits in CIMConv2d with axis 0!
I0612 14:37:27.729333 140225093277504 _utils.py:230] Output is fake quantized to 7 bits in CIMConv2d with axis None!
Output is fake quantized to 7 bits in CIMConv2d with axis None!
I0612 14:37:27.730547 140225093277504 _utils.py:224] Input is fake quantized to 8 bits in CIMConv2d with axis None!
Input is fake quantized to 8 bits in CIMConv2d with axis None!
I0612 14:37:27.730611 140225093277504 _utils.py:227] Weight is fake quantized to 8 bits in CIMConv2d with axis 0!
Weight is fake quantized to 8 bits in CIMConv2d with axis 0!
I0612 14:37:27.730644 140225093277504 _utils.py:230] Output is fake quantized to 7 bits in CIMConv2d with axis None!
Output is fake quantized to 7 bits in CIMConv2d with axis None!
I0612 14:37:27.731964 140225093277504 _utils.py:224] Input is fake quantized to 8 bits in CIMConv2d with axis None!
Input is fake quantized to 8 bits in CIMConv2d with axis None!
I0612 14:37:27.732019 140225093277504 _utils.py:227] Weight is fake quantized to 8 bits in CIMConv2d with axis 0!
Weight is fake quantized to 8 bits in CIMConv2d with axis 0!
I0612 14:37:27.732051 140225093277504 _utils.py:230] Output is fake quantized to 7 bits in CIMConv2d with axis None!
Output is fake quantized to 7 bits in CIMConv2d with axis None!
I0612 14:37:27.733530 140225093277504 _utils.py:224] Input is fake quantized to 8 bits in CIMConv2d with axis None!
Input is fake quantized to 8 bits in CIMConv2d with axis None!
I0612 14:37:27.733594 140225093277504 _utils.py:227] Weight is fake quantized to 8 bits in CIMConv2d with axis 0!
Weight is fake quantized to 8 bits in CIMConv2d with axis 0!
I0612 14:37:27.733627 140225093277504 _utils.py:230] Output is fake quantized to 7 bits in CIMConv2d with axis None!
Output is fake quantized to 7 bits in CIMConv2d with axis None!
I0612 14:37:27.734792 140225093277504 _utils.py:224] Input is fake quantized to 8 bits in CIMConv2d with axis None!
Input is fake quantized to 8 bits in CIMConv2d with axis None!
I0612 14:37:27.734848 140225093277504 _utils.py:227] Weight is fake quantized to 8 bits in CIMConv2d with axis 0!
Weight is fake quantized to 8 bits in CIMConv2d with axis 0!
I0612 14:37:27.734880 140225093277504 _utils.py:230] Output is fake quantized to 7 bits in CIMConv2d with axis None!
Output is fake quantized to 7 bits in CIMConv2d with axis None!
I0612 14:37:27.736412 140225093277504 _utils.py:224] Input is fake quantized to 8 bits in CIMConv2d with axis None!
Input is fake quantized to 8 bits in CIMConv2d with axis None!
I0612 14:37:27.736466 140225093277504 _utils.py:227] Weight is fake quantized to 8 bits in CIMConv2d with axis 0!
Weight is fake quantized to 8 bits in CIMConv2d with axis 0!
I0612 14:37:27.736498 140225093277504 _utils.py:230] Output is fake quantized to 7 bits in CIMConv2d with axis None!
Output is fake quantized to 7 bits in CIMConv2d with axis None!
I0612 14:37:27.737979 140225093277504 _utils.py:224] Input is fake quantized to 8 bits in CIMConv2d with axis None!
Input is fake quantized to 8 bits in CIMConv2d with axis None!
I0612 14:37:27.738034 140225093277504 _utils.py:227] Weight is fake quantized to 8 bits in CIMConv2d with axis 0!
Weight is fake quantized to 8 bits in CIMConv2d with axis 0!
I0612 14:37:27.738067 140225093277504 _utils.py:230] Output is fake quantized to 7 bits in CIMConv2d with axis None!
Output is fake quantized to 7 bits in CIMConv2d with axis None!
I0612 14:37:27.739960 140225093277504 _utils.py:224] Input is fake quantized to 8 bits in CIMConv2d with axis None!
Input is fake quantized to 8 bits in CIMConv2d with axis None!
I0612 14:37:27.740018 140225093277504 _utils.py:227] Weight is fake quantized to 8 bits in CIMConv2d with axis 0!
Weight is fake quantized to 8 bits in CIMConv2d with axis 0!
I0612 14:37:27.740051 140225093277504 _utils.py:230] Output is fake quantized to 7 bits in CIMConv2d with axis None!
Output is fake quantized to 7 bits in CIMConv2d with axis None!
I0612 14:37:27.742697 140225093277504 _utils.py:224] Input is fake quantized to 8 bits in CIMConv2d with axis None!
Input is fake quantized to 8 bits in CIMConv2d with axis None!
I0612 14:37:27.742755 140225093277504 _utils.py:227] Weight is fake quantized to 8 bits in CIMConv2d with axis 0!
Weight is fake quantized to 8 bits in CIMConv2d with axis 0!
I0612 14:37:27.742788 140225093277504 _utils.py:230] Output is fake quantized to 7 bits in CIMConv2d with axis None!
Output is fake quantized to 7 bits in CIMConv2d with axis None!
I0612 14:37:27.744037 140225093277504 _utils.py:224] Input is fake quantized to 8 bits in CIMConv2d with axis None!
Input is fake quantized to 8 bits in CIMConv2d with axis None!
I0612 14:37:27.744092 140225093277504 _utils.py:227] Weight is fake quantized to 8 bits in CIMConv2d with axis 0!
Weight is fake quantized to 8 bits in CIMConv2d with axis 0!
I0612 14:37:27.744124 140225093277504 _utils.py:230] Output is fake quantized to 7 bits in CIMConv2d with axis None!
Output is fake quantized to 7 bits in CIMConv2d with axis None!
I0612 14:37:27.746806 140225093277504 _utils.py:224] Input is fake quantized to 8 bits in CIMConv2d with axis None!
Input is fake quantized to 8 bits in CIMConv2d with axis None!
I0612 14:37:27.746867 140225093277504 _utils.py:227] Weight is fake quantized to 8 bits in CIMConv2d with axis 0!
Weight is fake quantized to 8 bits in CIMConv2d with axis 0!
I0612 14:37:27.746900 140225093277504 _utils.py:230] Output is fake quantized to 7 bits in CIMConv2d with axis None!
Output is fake quantized to 7 bits in CIMConv2d with axis None!
I0612 14:37:27.749544 140225093277504 _utils.py:224] Input is fake quantized to 8 bits in CIMConv2d with axis None!
Input is fake quantized to 8 bits in CIMConv2d with axis None!
I0612 14:37:27.749609 140225093277504 _utils.py:227] Weight is fake quantized to 8 bits in CIMConv2d with axis 0!
Weight is fake quantized to 8 bits in CIMConv2d with axis 0!
I0612 14:37:27.749641 140225093277504 _utils.py:230] Output is fake quantized to 7 bits in CIMConv2d with axis None!
Output is fake quantized to 7 bits in CIMConv2d with axis None!
I0612 14:37:27.753835 140225093277504 _utils.py:224] Input is fake quantized to 8 bits in CIMConv2d with axis None!
Input is fake quantized to 8 bits in CIMConv2d with axis None!
I0612 14:37:27.753893 140225093277504 _utils.py:227] Weight is fake quantized to 8 bits in CIMConv2d with axis 0!
Weight is fake quantized to 8 bits in CIMConv2d with axis 0!
I0612 14:37:27.753926 140225093277504 _utils.py:230] Output is fake quantized to 7 bits in CIMConv2d with axis None!
Output is fake quantized to 7 bits in CIMConv2d with axis None!
I0612 14:37:27.761165 140225093277504 _utils.py:224] Input is fake quantized to 8 bits in CIMConv2d with axis None!
Input is fake quantized to 8 bits in CIMConv2d with axis None!
I0612 14:37:27.761226 140225093277504 _utils.py:227] Weight is fake quantized to 8 bits in CIMConv2d with axis 0!
Weight is fake quantized to 8 bits in CIMConv2d with axis 0!
I0612 14:37:27.761257 140225093277504 _utils.py:230] Output is fake quantized to 7 bits in CIMConv2d with axis None!
Output is fake quantized to 7 bits in CIMConv2d with axis None!
I0612 14:37:27.762796 140225093277504 _utils.py:224] Input is fake quantized to 8 bits in CIMConv2d with axis None!
Input is fake quantized to 8 bits in CIMConv2d with axis None!
I0612 14:37:27.762852 140225093277504 _utils.py:227] Weight is fake quantized to 8 bits in CIMConv2d with axis 0!
Weight is fake quantized to 8 bits in CIMConv2d with axis 0!
I0612 14:37:27.762883 140225093277504 _utils.py:230] Output is fake quantized to 7 bits in CIMConv2d with axis None!
Output is fake quantized to 7 bits in CIMConv2d with axis None!
I0612 14:37:27.770122 140225093277504 _utils.py:224] Input is fake quantized to 8 bits in CIMConv2d with axis None!
Input is fake quantized to 8 bits in CIMConv2d with axis None!
I0612 14:37:27.770183 140225093277504 _utils.py:227] Weight is fake quantized to 8 bits in CIMConv2d with axis 0!
Weight is fake quantized to 8 bits in CIMConv2d with axis 0!
I0612 14:37:27.770216 140225093277504 _utils.py:230] Output is fake quantized to 7 bits in CIMConv2d with axis None!
Output is fake quantized to 7 bits in CIMConv2d with axis None!
I0612 14:37:27.777969 140225093277504 _utils.py:224] Input is fake quantized to 8 bits in CIMConv2d with axis None!
Input is fake quantized to 8 bits in CIMConv2d with axis None!
I0612 14:37:27.778034 140225093277504 _utils.py:227] Weight is fake quantized to 8 bits in CIMConv2d with axis 0!
Weight is fake quantized to 8 bits in CIMConv2d with axis 0!
I0612 14:37:27.778068 140225093277504 _utils.py:230] Output is fake quantized to 7 bits in CIMConv2d with axis None!
Output is fake quantized to 7 bits in CIMConv2d with axis None!
I0612 14:37:27.779229 140225093277504 _utils.py:305] Input is fake quantized to 8 bits in CIMAdaptiveAvgPool2d with axis None!
Input is fake quantized to 8 bits in CIMAdaptiveAvgPool2d with axis None!
I0612 14:37:27.780007 140225093277504 _utils.py:224] Input is fake quantized to 8 bits in CIMLinear with axis None!
Input is fake quantized to 8 bits in CIMLinear with axis None!
I0612 14:37:27.780056 140225093277504 _utils.py:227] Weight is fake quantized to 8 bits in CIMLinear with axis 0!
Weight is fake quantized to 8 bits in CIMLinear with axis 0!
I0612 14:37:27.780087 140225093277504 _utils.py:230] Output is fake quantized to 7 bits in CIMLinear with axis None!
Output is fake quantized to 7 bits in CIMLinear with axis None!
log/default/adc_axis=None/adc_calib_method=max/adc_enable=1/adc_precision=7/adc_quant_method=scale/batch_size=400/bitcell=1/calib_batch_size=128/dac_precision=1/dataset=cifar10/detect=0/hardware=1/input_axis=None/input_calib_method=max/input_precision=8/mem_states_file=mem_states.csv/mem_type=capacitive/mode=TensorRT/model=resnet18/num_batches=-1/off_state=0.006/on_state=1.02e-11/optimize_adc=0/output_noise=0.0/output_noise_file=/parallel_read=64/ppa=1/rate_stuck_0=0.0/rate_stuck_1=0.0/read_noise=0.0/seed=1234/sub_array=[4096, 64]/t=1/target=0.0/test_name=test/v=0.0/v_list=[0.005, 0.005, 0.005, 0.005, 0.005, 0.005, 0.005, 0.005]/vdd=1/weight_axis=0/weight_calib_method=max/weight_precision=8
=================FLAGS==================
dataset: cifar10
model: resnet18
data_path: ./datasets
model_path: ./models/
test_name: test
mode: TensorRT
gpu: 0
batch_size: 400
calib_batch_size: 128
seed: 1234
logdir: log/default/adc_axis=None/adc_calib_method=max/adc_enable=1/adc_precision=7/adc_quant_method=scale/batch_size=400/bitcell=1/calib_batch_size=128/dac_precision=1/dataset=cifar10/detect=0/hardware=1/input_axis=None/input_calib_method=max/input_precision=8/mem_states_file=mem_states.csv/mem_type=capacitive/mode=TensorRT/model=resnet18/num_batches=-1/off_state=0.006/on_state=1.02e-11/optimize_adc=0/output_noise=0.0/output_noise_file=/parallel_read=64/ppa=1/rate_stuck_0=0.0/rate_stuck_1=0.0/read_noise=0.0/seed=1234/sub_array=[4096, 64]/t=1/target=0.0/test_name=test/v=0.0/v_list=[0.005, 0.005, 0.005, 0.005, 0.005, 0.005, 0.005, 0.005]/vdd=1/weight_axis=0/weight_calib_method=max/weight_precision=8
hardware: 1
ppa: 1
num_batches: -1
sub_array: [4096, 64]
parallel_read: 64
weight_precision: 8
input_precision: 8
dac_precision: 1
adc_precision: 7
bitcell: 1
mem_type: capacitive
off_state: 0.006
on_state: 1.02e-11
mem_states_file: mem_states.csv
vdd: 1
read_noise: 0.0
output_noise: 0.0
output_noise_file: 
t: 1
v: 0.0
v_list: [0.005, 0.005, 0.005, 0.005, 0.005, 0.005, 0.005, 0.005]
detect: 0
target: 0.0
rate_stuck_0: 0.0
rate_stuck_1: 0.0
input_calib_method: max
weight_calib_method: max
adc_calib_method: max
input_axis: None
weight_axis: 0
adc_axis: None
adc_quant_method: scale
optimize_adc: 0
adc_enable: 1
logger: <bound method Logger.info of <pytorch_quantization.utils.misc.Logger object at 0x7f86e97ef590>>
========================================

Running in-memory computing functional simulation of resnet18 on cifar10 dataset...
Building CIFAR-10 data loader with 1 workers
Building CIFAR-10 data loader with 1 workers

Loading pretrained model ./models/resnet18_cifar10.pth...
ResNet(
  (conv1): Sequential(
    (0): CIMConv2d(
      3, 64, kernel_size=(3, 3), stride=(1, 1), padding=(1, 1), bias=False
      (_input_quantizer): TensorQuantizer(8bit fake per-tensor amax=dynamic calibrator=MaxCalibrator scale=1.0 quant)
      (_weight_quantizer): TensorQuantizer(8bit fake axis=0 amax=dynamic calibrator=MaxCalibrator scale=1.0 quant)
      (_adc_quantizer): TensorQuantizer(unsigned 7bit fake per-tensor amax=dynamic calibrator=MaxCalibrator scale=1.0 quant)
    )
    (1): BatchNorm2d(64, eps=1e-05, momentum=0.1, affine=True, track_running_stats=True)
    (2): ReLU(inplace=True)
  )
  (conv2_x): Sequential(
    (0): BasicBlock(
      (residual_function): Sequential(
        (0): CIMConv2d(
          64, 64, kernel_size=(3, 3), stride=(1, 1), padding=(1, 1), bias=False
          (_input_quantizer): TensorQuantizer(8bit fake per-tensor amax=dynamic calibrator=MaxCalibrator scale=1.0 quant)
          (_weight_quantizer): TensorQuantizer(8bit fake axis=0 amax=dynamic calibrator=MaxCalibrator scale=1.0 quant)
          (_adc_quantizer): TensorQuantizer(unsigned 7bit fake per-tensor amax=dynamic calibrator=MaxCalibrator scale=1.0 quant)
        )
        (1): BatchNorm2d(64, eps=1e-05, momentum=0.1, affine=True, track_running_stats=True)
        (2): ReLU(inplace=True)
        (3): CIMConv2d(
          64, 64, kernel_size=(3, 3), stride=(1, 1), padding=(1, 1), bias=False
          (_input_quantizer): TensorQuantizer(8bit fake per-tensor amax=dynamic calibrator=MaxCalibrator scale=1.0 quant)
          (_weight_quantizer): TensorQuantizer(8bit fake axis=0 amax=dynamic calibrator=MaxCalibrator scale=1.0 quant)
          (_adc_quantizer): TensorQuantizer(unsigned 7bit fake per-tensor amax=dynamic calibrator=MaxCalibrator scale=1.0 quant)
        )
        (4): BatchNorm2d(64, eps=1e-05, momentum=0.1, affine=True, track_running_stats=True)
      )
      (shortcut): Sequential()
    )
    (1): BasicBlock(
      (residual_function): Sequential(
        (0): CIMConv2d(
          64, 64, kernel_size=(3, 3), stride=(1, 1), padding=(1, 1), bias=False
          (_input_quantizer): TensorQuantizer(8bit fake per-tensor amax=dynamic calibrator=MaxCalibrator scale=1.0 quant)
          (_weight_quantizer): TensorQuantizer(8bit fake axis=0 amax=dynamic calibrator=MaxCalibrator scale=1.0 quant)
          (_adc_quantizer): TensorQuantizer(unsigned 7bit fake per-tensor amax=dynamic calibrator=MaxCalibrator scale=1.0 quant)
        )
        (1): BatchNorm2d(64, eps=1e-05, momentum=0.1, affine=True, track_running_stats=True)
        (2): ReLU(inplace=True)
        (3): CIMConv2d(
          64, 64, kernel_size=(3, 3), stride=(1, 1), padding=(1, 1), bias=False
          (_input_quantizer): TensorQuantizer(8bit fake per-tensor amax=dynamic calibrator=MaxCalibrator scale=1.0 quant)
          (_weight_quantizer): TensorQuantizer(8bit fake axis=0 amax=dynamic calibrator=MaxCalibrator scale=1.0 quant)
          (_adc_quantizer): TensorQuantizer(unsigned 7bit fake per-tensor amax=dynamic calibrator=MaxCalibrator scale=1.0 quant)
        )
        (4): BatchNorm2d(64, eps=1e-05, momentum=0.1, affine=True, track_running_stats=True)
      )
      (shortcut): Sequential()
    )
  )
  (conv3_x): Sequential(
    (0): BasicBlock(
      (residual_function): Sequential(
        (0): CIMConv2d(
          64, 128, kernel_size=(3, 3), stride=(2, 2), padding=(1, 1), bias=False
          (_input_quantizer): TensorQuantizer(8bit fake per-tensor amax=dynamic calibrator=MaxCalibrator scale=1.0 quant)
          (_weight_quantizer): TensorQuantizer(8bit fake axis=0 amax=dynamic calibrator=MaxCalibrator scale=1.0 quant)
          (_adc_quantizer): TensorQuantizer(unsigned 7bit fake per-tensor amax=dynamic calibrator=MaxCalibrator scale=1.0 quant)
        )
        (1): BatchNorm2d(128, eps=1e-05, momentum=0.1, affine=True, track_running_stats=True)
        (2): ReLU(inplace=True)
        (3): CIMConv2d(
          128, 128, kernel_size=(3, 3), stride=(1, 1), padding=(1, 1), bias=False
          (_input_quantizer): TensorQuantizer(8bit fake per-tensor amax=dynamic calibrator=MaxCalibrator scale=1.0 quant)
          (_weight_quantizer): TensorQuantizer(8bit fake axis=0 amax=dynamic calibrator=MaxCalibrator scale=1.0 quant)
          (_adc_quantizer): TensorQuantizer(unsigned 7bit fake per-tensor amax=dynamic calibrator=MaxCalibrator scale=1.0 quant)
        )
        (4): BatchNorm2d(128, eps=1e-05, momentum=0.1, affine=True, track_running_stats=True)
      )
      (shortcut): Sequential(
        (0): CIMConv2d(
          64, 128, kernel_size=(1, 1), stride=(2, 2), bias=False
          (_input_quantizer): TensorQuantizer(8bit fake per-tensor amax=dynamic calibrator=MaxCalibrator scale=1.0 quant)
          (_weight_quantizer): TensorQuantizer(8bit fake axis=0 amax=dynamic calibrator=MaxCalibrator scale=1.0 quant)
          (_adc_quantizer): TensorQuantizer(unsigned 7bit fake per-tensor amax=dynamic calibrator=MaxCalibrator scale=1.0 quant)
        )
        (1): BatchNorm2d(128, eps=1e-05, momentum=0.1, affine=True, track_running_stats=True)
      )
    )
    (1): BasicBlock(
      (residual_function): Sequential(
        (0): CIMConv2d(
          128, 128, kernel_size=(3, 3), stride=(1, 1), padding=(1, 1), bias=False
          (_input_quantizer): TensorQuantizer(8bit fake per-tensor amax=dynamic calibrator=MaxCalibrator scale=1.0 quant)
          (_weight_quantizer): TensorQuantizer(8bit fake axis=0 amax=dynamic calibrator=MaxCalibrator scale=1.0 quant)
          (_adc_quantizer): TensorQuantizer(unsigned 7bit fake per-tensor amax=dynamic calibrator=MaxCalibrator scale=1.0 quant)
        )
        (1): BatchNorm2d(128, eps=1e-05, momentum=0.1, affine=True, track_running_stats=True)
        (2): ReLU(inplace=True)
        (3): CIMConv2d(
          128, 128, kernel_size=(3, 3), stride=(1, 1), padding=(1, 1), bias=False
          (_input_quantizer): TensorQuantizer(8bit fake per-tensor amax=dynamic calibrator=MaxCalibrator scale=1.0 quant)
          (_weight_quantizer): TensorQuantizer(8bit fake axis=0 amax=dynamic calibrator=MaxCalibrator scale=1.0 quant)
          (_adc_quantizer): TensorQuantizer(unsigned 7bit fake per-tensor amax=dynamic calibrator=MaxCalibrator scale=1.0 quant)
        )
        (4): BatchNorm2d(128, eps=1e-05, momentum=0.1, affine=True, track_running_stats=True)
      )
      (shortcut): Sequential()
    )
  )
  (conv4_x): Sequential(
    (0): BasicBlock(
      (residual_function): Sequential(
        (0): CIMConv2d(
          128, 256, kernel_size=(3, 3), stride=(2, 2), padding=(1, 1), bias=False
          (_input_quantizer): TensorQuantizer(8bit fake per-tensor amax=dynamic calibrator=MaxCalibrator scale=1.0 quant)
          (_weight_quantizer): TensorQuantizer(8bit fake axis=0 amax=dynamic calibrator=MaxCalibrator scale=1.0 quant)
          (_adc_quantizer): TensorQuantizer(unsigned 7bit fake per-tensor amax=dynamic calibrator=MaxCalibrator scale=1.0 quant)
        )
        (1): BatchNorm2d(256, eps=1e-05, momentum=0.1, affine=True, track_running_stats=True)
        (2): ReLU(inplace=True)
        (3): CIMConv2d(
          256, 256, kernel_size=(3, 3), stride=(1, 1), padding=(1, 1), bias=False
          (_input_quantizer): TensorQuantizer(8bit fake per-tensor amax=dynamic calibrator=MaxCalibrator scale=1.0 quant)
          (_weight_quantizer): TensorQuantizer(8bit fake axis=0 amax=dynamic calibrator=MaxCalibrator scale=1.0 quant)
          (_adc_quantizer): TensorQuantizer(unsigned 7bit fake per-tensor amax=dynamic calibrator=MaxCalibrator scale=1.0 quant)
        )
        (4): BatchNorm2d(256, eps=1e-05, momentum=0.1, affine=True, track_running_stats=True)
      )
      (shortcut): Sequential(
        (0): CIMConv2d(
          128, 256, kernel_size=(1, 1), stride=(2, 2), bias=False
          (_input_quantizer): TensorQuantizer(8bit fake per-tensor amax=dynamic calibrator=MaxCalibrator scale=1.0 quant)
          (_weight_quantizer): TensorQuantizer(8bit fake axis=0 amax=dynamic calibrator=MaxCalibrator scale=1.0 quant)
          (_adc_quantizer): TensorQuantizer(unsigned 7bit fake per-tensor amax=dynamic calibrator=MaxCalibrator scale=1.0 quant)
        )
        (1): BatchNorm2d(256, eps=1e-05, momentum=0.1, affine=True, track_running_stats=True)
      )
    )
    (1): BasicBlock(
      (residual_function): Sequential(
        (0): CIMConv2d(
          256, 256, kernel_size=(3, 3), stride=(1, 1), padding=(1, 1), bias=False
          (_input_quantizer): TensorQuantizer(8bit fake per-tensor amax=dynamic calibrator=MaxCalibrator scale=1.0 quant)
          (_weight_quantizer): TensorQuantizer(8bit fake axis=0 amax=dynamic calibrator=MaxCalibrator scale=1.0 quant)
          (_adc_quantizer): TensorQuantizer(unsigned 7bit fake per-tensor amax=dynamic calibrator=MaxCalibrator scale=1.0 quant)
        )
        (1): BatchNorm2d(256, eps=1e-05, momentum=0.1, affine=True, track_running_stats=True)
        (2): ReLU(inplace=True)
        (3): CIMConv2d(
          256, 256, kernel_size=(3, 3), stride=(1, 1), padding=(1, 1), bias=False
          (_input_quantizer): TensorQuantizer(8bit fake per-tensor amax=dynamic calibrator=MaxCalibrator scale=1.0 quant)
          (_weight_quantizer): TensorQuantizer(8bit fake axis=0 amax=dynamic calibrator=MaxCalibrator scale=1.0 quant)
          (_adc_quantizer): TensorQuantizer(unsigned 7bit fake per-tensor amax=dynamic calibrator=MaxCalibrator scale=1.0 quant)
        )
        (4): BatchNorm2d(256, eps=1e-05, momentum=0.1, affine=True, track_running_stats=True)
      )
      (shortcut): Sequential()
    )
  )
  (conv5_x): Sequential(
    (0): BasicBlock(
      (residual_function): Sequential(
        (0): CIMConv2d(
          256, 512, kernel_size=(3, 3), stride=(2, 2), padding=(1, 1), bias=False
          (_input_quantizer): TensorQuantizer(8bit fake per-tensor amax=dynamic calibrator=MaxCalibrator scale=1.0 quant)
          (_weight_quantizer): TensorQuantizer(8bit fake axis=0 amax=dynamic calibrator=MaxCalibrator scale=1.0 quant)
          (_adc_quantizer): TensorQuantizer(unsigned 7bit fake per-tensor amax=dynamic calibrator=MaxCalibrator scale=1.0 quant)
        )
        (1): BatchNorm2d(512, eps=1e-05, momentum=0.1, affine=True, track_running_stats=True)
        (2): ReLU(inplace=True)
        (3): CIMConv2d(
          512, 512, kernel_size=(3, 3), stride=(1, 1), padding=(1, 1), bias=False
          (_input_quantizer): TensorQuantizer(8bit fake per-tensor amax=dynamic calibrator=MaxCalibrator scale=1.0 quant)
          (_weight_quantizer): TensorQuantizer(8bit fake axis=0 amax=dynamic calibrator=MaxCalibrator scale=1.0 quant)
          (_adc_quantizer): TensorQuantizer(unsigned 7bit fake per-tensor amax=dynamic calibrator=MaxCalibrator scale=1.0 quant)
        )
        (4): BatchNorm2d(512, eps=1e-05, momentum=0.1, affine=True, track_running_stats=True)
      )
      (shortcut): Sequential(
        (0): CIMConv2d(
          256, 512, kernel_size=(1, 1), stride=(2, 2), bias=False
          (_input_quantizer): TensorQuantizer(8bit fake per-tensor amax=dynamic calibrator=MaxCalibrator scale=1.0 quant)
          (_weight_quantizer): TensorQuantizer(8bit fake axis=0 amax=dynamic calibrator=MaxCalibrator scale=1.0 quant)
          (_adc_quantizer): TensorQuantizer(unsigned 7bit fake per-tensor amax=dynamic calibrator=MaxCalibrator scale=1.0 quant)
        )
        (1): BatchNorm2d(512, eps=1e-05, momentum=0.1, affine=True, track_running_stats=True)
      )
    )
    (1): BasicBlock(
      (residual_function): Sequential(
        (0): CIMConv2d(
          512, 512, kernel_size=(3, 3), stride=(1, 1), padding=(1, 1), bias=False
          (_input_quantizer): TensorQuantizer(8bit fake per-tensor amax=dynamic calibrator=MaxCalibrator scale=1.0 quant)
          (_weight_quantizer): TensorQuantizer(8bit fake axis=0 amax=dynamic calibrator=MaxCalibrator scale=1.0 quant)
          (_adc_quantizer): TensorQuantizer(unsigned 7bit fake per-tensor amax=dynamic calibrator=MaxCalibrator scale=1.0 quant)
        )
        (1): BatchNorm2d(512, eps=1e-05, momentum=0.1, affine=True, track_running_stats=True)
        (2): ReLU(inplace=True)
        (3): CIMConv2d(
          512, 512, kernel_size=(3, 3), stride=(1, 1), padding=(1, 1), bias=False
          (_input_quantizer): TensorQuantizer(8bit fake per-tensor amax=dynamic calibrator=MaxCalibrator scale=1.0 quant)
          (_weight_quantizer): TensorQuantizer(8bit fake axis=0 amax=dynamic calibrator=MaxCalibrator scale=1.0 quant)
          (_adc_quantizer): TensorQuantizer(unsigned 7bit fake per-tensor amax=dynamic calibrator=MaxCalibrator scale=1.0 quant)
        )
        (4): BatchNorm2d(512, eps=1e-05, momentum=0.1, affine=True, track_running_stats=True)
      )
      (shortcut): Sequential()
    )
  )
  (avg_pool): CIMAdaptiveAvgPool2d(
    output_size=(1, 1)
    (_input_quantizer): TensorQuantizer(8bit fake per-tensor amax=dynamic calibrator=MaxCalibrator scale=1.0 quant)
  )
  (fc): CIMLinear(
    in_features=512, out_features=10, bias=True
    (_input_quantizer): TensorQuantizer(8bit fake per-tensor amax=dynamic calibrator=MaxCalibrator scale=1.0 quant)
    (_weight_quantizer): TensorQuantizer(8bit fake axis=0 amax=dynamic calibrator=MaxCalibrator scale=1.0 quant)
    (_adc_quantizer): TensorQuantizer(unsigned 7bit fake per-tensor amax=dynamic calibrator=MaxCalibrator scale=1.0 quant)
  )
)
Evaluating baseline model...


  0%|          | 0/1 [00:00<?, ?it/s]
  0%|          | 0/1 [00:00<?, ?it/s]
Test Accuracy of the model on 400 test images: 12.75 %
Average Test loss: 2.3037919998168945

--------------------------------------------
evaluation time: 0.401885986328125
Quantizing inputs and weights...
Collecting histograms...


  0%|          | 0/2 [00:00<?, ?it/s]I0612 14:37:28.272850 140225093277504 max.py:61] Calibrator encountered negative values. It shouldn't happen after ReLU. Make sure this is the right tensor to calibrate.
Calibrator encountered negative values. It shouldn't happen after ReLU. Make sure this is the right tensor to calibrate.

100%|██████████| 2/2 [00:00<00:00, 21.44it/s]
W0612 14:37:28.352333 140225093277504 tensor_quantizer.py:239] Call .cuda() if running on GPU after loading calibrated amax.
Call .cuda() if running on GPU after loading calibrated amax.

Computing amax... 

Finished quantizing inputs and weights.
Evaluating input and weight quantized model...


  0%|          | 0/1 [00:00<?, ?it/s]
  0%|          | 0/1 [00:00<?, ?it/s]
I0612 14:37:28.475095 140225093277504 misc.py:32] Running inference with detailed hardware simulation...
Running inference with detailed hardware simulation...
Test Accuracy of the model on 400 test images: 12.5 %
Average Test loss: 2.303790330886841

--------------------------------------------
evaluation time: 0.08442258834838867

  0%|          | 0/25 [00:00<?, ?it/s]
  4%|▍         | 1/25 [00:11<04:39, 11.63s/it]

-> [Auto-Interrupt] 4% batch mark reached! CSVs should be fully saved.
-> [Auto-Interrupt] Sending Ctrl+C (SIGTERM)...
-> integrationMode = CNA: recompiling...
-> Running NeuroSim Hardware Trace...
-> DONE! Saved hardware performance to results_resnet18_2T16C_256x256_CNA_no_pipeline.txt

-> integrationMode = CUA: recompiling...
-> Running NeuroSim Hardware Trace...
-> DONE! Saved hardware performance to results_resnet18_2T16C_256x256_CUA_no_pipeline.txt

-> integrationMode = CBA: recompiling...
-> Running NeuroSim Hardware Trace...
-> DONE! Saved hardware performance to results_resnet18_2T16C_256x256_CBA_no_pipeline.txt

        STARTING PIPELINE FOR 2T16C  512x512              
-> Updating Param.cpp...
-> Updating main.cpp...
-> Updating inference.py...
-> Compiling NeuroSim (make clean && make)...
-> Running inference.py (Waiting for 4% batch completion)...
/scratch/rxc5747/conda_envs/neurosim/lib/python3.11/site-packages/torchvision/datasets/cifar.py:83: VisibleDeprecationWarning: dtype(): align should be passed as Python or NumPy boolean but got `align=0`. Did you mean to pass a tuple to create a subarray type? (Deprecated NumPy 2.4)
  entry = pickle.load(f, encoding="latin1")
WARNING: Logging before flag parsing goes to stderr.
I0612 14:39:03.412828 140469299803968 _utils.py:224] Input is fake quantized to 8 bits in CIMConv2d with axis None!
Input is fake quantized to 8 bits in CIMConv2d with axis None!
I0612 14:39:03.412970 140469299803968 _utils.py:227] Weight is fake quantized to 8 bits in CIMConv2d with axis 0!
Weight is fake quantized to 8 bits in CIMConv2d with axis 0!
I0612 14:39:03.413020 140469299803968 _utils.py:230] Output is fake quantized to 7 bits in CIMConv2d with axis None!
Output is fake quantized to 7 bits in CIMConv2d with axis None!
I0612 14:39:03.434349 140469299803968 _utils.py:224] Input is fake quantized to 8 bits in CIMConv2d with axis None!
Input is fake quantized to 8 bits in CIMConv2d with axis None!
I0612 14:39:03.434452 140469299803968 _utils.py:227] Weight is fake quantized to 8 bits in CIMConv2d with axis 0!
Weight is fake quantized to 8 bits in CIMConv2d with axis 0!
I0612 14:39:03.434490 140469299803968 _utils.py:230] Output is fake quantized to 7 bits in CIMConv2d with axis None!
Output is fake quantized to 7 bits in CIMConv2d with axis None!
I0612 14:39:03.435809 140469299803968 _utils.py:224] Input is fake quantized to 8 bits in CIMConv2d with axis None!
Input is fake quantized to 8 bits in CIMConv2d with axis None!
I0612 14:39:03.435877 140469299803968 _utils.py:227] Weight is fake quantized to 8 bits in CIMConv2d with axis 0!
Weight is fake quantized to 8 bits in CIMConv2d with axis 0!
I0612 14:39:03.435924 140469299803968 _utils.py:230] Output is fake quantized to 7 bits in CIMConv2d with axis None!
Output is fake quantized to 7 bits in CIMConv2d with axis None!
I0612 14:39:03.437458 140469299803968 _utils.py:224] Input is fake quantized to 8 bits in CIMConv2d with axis None!
Input is fake quantized to 8 bits in CIMConv2d with axis None!
I0612 14:39:03.437516 140469299803968 _utils.py:227] Weight is fake quantized to 8 bits in CIMConv2d with axis 0!
Weight is fake quantized to 8 bits in CIMConv2d with axis 0!
I0612 14:39:03.437549 140469299803968 _utils.py:230] Output is fake quantized to 7 bits in CIMConv2d with axis None!
Output is fake quantized to 7 bits in CIMConv2d with axis None!
I0612 14:39:03.438789 140469299803968 _utils.py:224] Input is fake quantized to 8 bits in CIMConv2d with axis None!
Input is fake quantized to 8 bits in CIMConv2d with axis None!
I0612 14:39:03.438842 140469299803968 _utils.py:227] Weight is fake quantized to 8 bits in CIMConv2d with axis 0!
Weight is fake quantized to 8 bits in CIMConv2d with axis 0!
I0612 14:39:03.438873 140469299803968 _utils.py:230] Output is fake quantized to 7 bits in CIMConv2d with axis None!
Output is fake quantized to 7 bits in CIMConv2d with axis None!
I0612 14:39:03.440200 140469299803968 _utils.py:224] Input is fake quantized to 8 bits in CIMConv2d with axis None!
Input is fake quantized to 8 bits in CIMConv2d with axis None!
I0612 14:39:03.440254 140469299803968 _utils.py:227] Weight is fake quantized to 8 bits in CIMConv2d with axis 0!
Weight is fake quantized to 8 bits in CIMConv2d with axis 0!
I0612 14:39:03.440285 140469299803968 _utils.py:230] Output is fake quantized to 7 bits in CIMConv2d with axis None!
Output is fake quantized to 7 bits in CIMConv2d with axis None!
I0612 14:39:03.441779 140469299803968 _utils.py:224] Input is fake quantized to 8 bits in CIMConv2d with axis None!
Input is fake quantized to 8 bits in CIMConv2d with axis None!
I0612 14:39:03.441833 140469299803968 _utils.py:227] Weight is fake quantized to 8 bits in CIMConv2d with axis 0!
Weight is fake quantized to 8 bits in CIMConv2d with axis 0!
I0612 14:39:03.441865 140469299803968 _utils.py:230] Output is fake quantized to 7 bits in CIMConv2d with axis None!
Output is fake quantized to 7 bits in CIMConv2d with axis None!
I0612 14:39:03.443034 140469299803968 _utils.py:224] Input is fake quantized to 8 bits in CIMConv2d with axis None!
Input is fake quantized to 8 bits in CIMConv2d with axis None!
I0612 14:39:03.443088 140469299803968 _utils.py:227] Weight is fake quantized to 8 bits in CIMConv2d with axis 0!
Weight is fake quantized to 8 bits in CIMConv2d with axis 0!
I0612 14:39:03.443120 140469299803968 _utils.py:230] Output is fake quantized to 7 bits in CIMConv2d with axis None!
Output is fake quantized to 7 bits in CIMConv2d with axis None!
I0612 14:39:03.444662 140469299803968 _utils.py:224] Input is fake quantized to 8 bits in CIMConv2d with axis None!
Input is fake quantized to 8 bits in CIMConv2d with axis None!
I0612 14:39:03.444718 140469299803968 _utils.py:227] Weight is fake quantized to 8 bits in CIMConv2d with axis 0!
Weight is fake quantized to 8 bits in CIMConv2d with axis 0!
I0612 14:39:03.444753 140469299803968 _utils.py:230] Output is fake quantized to 7 bits in CIMConv2d with axis None!
Output is fake quantized to 7 bits in CIMConv2d with axis None!
I0612 14:39:03.446224 140469299803968 _utils.py:224] Input is fake quantized to 8 bits in CIMConv2d with axis None!
Input is fake quantized to 8 bits in CIMConv2d with axis None!
I0612 14:39:03.446276 140469299803968 _utils.py:227] Weight is fake quantized to 8 bits in CIMConv2d with axis 0!
Weight is fake quantized to 8 bits in CIMConv2d with axis 0!
I0612 14:39:03.446308 140469299803968 _utils.py:230] Output is fake quantized to 7 bits in CIMConv2d with axis None!
Output is fake quantized to 7 bits in CIMConv2d with axis None!
I0612 14:39:03.448200 140469299803968 _utils.py:224] Input is fake quantized to 8 bits in CIMConv2d with axis None!
Input is fake quantized to 8 bits in CIMConv2d with axis None!
I0612 14:39:03.448255 140469299803968 _utils.py:227] Weight is fake quantized to 8 bits in CIMConv2d with axis 0!
Weight is fake quantized to 8 bits in CIMConv2d with axis 0!
I0612 14:39:03.448287 140469299803968 _utils.py:230] Output is fake quantized to 7 bits in CIMConv2d with axis None!
Output is fake quantized to 7 bits in CIMConv2d with axis None!
I0612 14:39:03.450911 140469299803968 _utils.py:224] Input is fake quantized to 8 bits in CIMConv2d with axis None!
Input is fake quantized to 8 bits in CIMConv2d with axis None!
I0612 14:39:03.450970 140469299803968 _utils.py:227] Weight is fake quantized to 8 bits in CIMConv2d with axis 0!
Weight is fake quantized to 8 bits in CIMConv2d with axis 0!
I0612 14:39:03.451003 140469299803968 _utils.py:230] Output is fake quantized to 7 bits in CIMConv2d with axis None!
Output is fake quantized to 7 bits in CIMConv2d with axis None!
I0612 14:39:03.452254 140469299803968 _utils.py:224] Input is fake quantized to 8 bits in CIMConv2d with axis None!
Input is fake quantized to 8 bits in CIMConv2d with axis None!
I0612 14:39:03.452308 140469299803968 _utils.py:227] Weight is fake quantized to 8 bits in CIMConv2d with axis 0!
Weight is fake quantized to 8 bits in CIMConv2d with axis 0!
I0612 14:39:03.452339 140469299803968 _utils.py:230] Output is fake quantized to 7 bits in CIMConv2d with axis None!
Output is fake quantized to 7 bits in CIMConv2d with axis None!
I0612 14:39:03.454991 140469299803968 _utils.py:224] Input is fake quantized to 8 bits in CIMConv2d with axis None!
Input is fake quantized to 8 bits in CIMConv2d with axis None!
I0612 14:39:03.455048 140469299803968 _utils.py:227] Weight is fake quantized to 8 bits in CIMConv2d with axis 0!
Weight is fake quantized to 8 bits in CIMConv2d with axis 0!
I0612 14:39:03.455083 140469299803968 _utils.py:230] Output is fake quantized to 7 bits in CIMConv2d with axis None!
Output is fake quantized to 7 bits in CIMConv2d with axis None!
I0612 14:39:03.457718 140469299803968 _utils.py:224] Input is fake quantized to 8 bits in CIMConv2d with axis None!
Input is fake quantized to 8 bits in CIMConv2d with axis None!
I0612 14:39:03.457775 140469299803968 _utils.py:227] Weight is fake quantized to 8 bits in CIMConv2d with axis 0!
Weight is fake quantized to 8 bits in CIMConv2d with axis 0!
I0612 14:39:03.457805 140469299803968 _utils.py:230] Output is fake quantized to 7 bits in CIMConv2d with axis None!
Output is fake quantized to 7 bits in CIMConv2d with axis None!
I0612 14:39:03.461989 140469299803968 _utils.py:224] Input is fake quantized to 8 bits in CIMConv2d with axis None!
Input is fake quantized to 8 bits in CIMConv2d with axis None!
I0612 14:39:03.462046 140469299803968 _utils.py:227] Weight is fake quantized to 8 bits in CIMConv2d with axis 0!
Weight is fake quantized to 8 bits in CIMConv2d with axis 0!
I0612 14:39:03.462080 140469299803968 _utils.py:230] Output is fake quantized to 7 bits in CIMConv2d with axis None!
Output is fake quantized to 7 bits in CIMConv2d with axis None!
I0612 14:39:03.469290 140469299803968 _utils.py:224] Input is fake quantized to 8 bits in CIMConv2d with axis None!
Input is fake quantized to 8 bits in CIMConv2d with axis None!
I0612 14:39:03.469349 140469299803968 _utils.py:227] Weight is fake quantized to 8 bits in CIMConv2d with axis 0!
Weight is fake quantized to 8 bits in CIMConv2d with axis 0!
I0612 14:39:03.469380 140469299803968 _utils.py:230] Output is fake quantized to 7 bits in CIMConv2d with axis None!
Output is fake quantized to 7 bits in CIMConv2d with axis None!
I0612 14:39:03.470910 140469299803968 _utils.py:224] Input is fake quantized to 8 bits in CIMConv2d with axis None!
Input is fake quantized to 8 bits in CIMConv2d with axis None!
I0612 14:39:03.470963 140469299803968 _utils.py:227] Weight is fake quantized to 8 bits in CIMConv2d with axis 0!
Weight is fake quantized to 8 bits in CIMConv2d with axis 0!
I0612 14:39:03.470995 140469299803968 _utils.py:230] Output is fake quantized to 7 bits in CIMConv2d with axis None!
Output is fake quantized to 7 bits in CIMConv2d with axis None!
I0612 14:39:03.478202 140469299803968 _utils.py:224] Input is fake quantized to 8 bits in CIMConv2d with axis None!
Input is fake quantized to 8 bits in CIMConv2d with axis None!
I0612 14:39:03.478262 140469299803968 _utils.py:227] Weight is fake quantized to 8 bits in CIMConv2d with axis 0!
Weight is fake quantized to 8 bits in CIMConv2d with axis 0!
I0612 14:39:03.478296 140469299803968 _utils.py:230] Output is fake quantized to 7 bits in CIMConv2d with axis None!
Output is fake quantized to 7 bits in CIMConv2d with axis None!
I0612 14:39:03.486720 140469299803968 _utils.py:224] Input is fake quantized to 8 bits in CIMConv2d with axis None!
Input is fake quantized to 8 bits in CIMConv2d with axis None!
I0612 14:39:03.486786 140469299803968 _utils.py:227] Weight is fake quantized to 8 bits in CIMConv2d with axis 0!
Weight is fake quantized to 8 bits in CIMConv2d with axis 0!
I0612 14:39:03.486819 140469299803968 _utils.py:230] Output is fake quantized to 7 bits in CIMConv2d with axis None!
Output is fake quantized to 7 bits in CIMConv2d with axis None!
I0612 14:39:03.487992 140469299803968 _utils.py:305] Input is fake quantized to 8 bits in CIMAdaptiveAvgPool2d with axis None!
Input is fake quantized to 8 bits in CIMAdaptiveAvgPool2d with axis None!
I0612 14:39:03.488768 140469299803968 _utils.py:224] Input is fake quantized to 8 bits in CIMLinear with axis None!
Input is fake quantized to 8 bits in CIMLinear with axis None!
I0612 14:39:03.488817 140469299803968 _utils.py:227] Weight is fake quantized to 8 bits in CIMLinear with axis 0!
Weight is fake quantized to 8 bits in CIMLinear with axis 0!
I0612 14:39:03.488847 140469299803968 _utils.py:230] Output is fake quantized to 7 bits in CIMLinear with axis None!
Output is fake quantized to 7 bits in CIMLinear with axis None!
log/default/adc_axis=None/adc_calib_method=max/adc_enable=1/adc_precision=7/adc_quant_method=scale/batch_size=400/bitcell=1/calib_batch_size=128/dac_precision=1/dataset=cifar10/detect=0/hardware=1/input_axis=None/input_calib_method=max/input_precision=8/mem_states_file=mem_states.csv/mem_type=capacitive/mode=TensorRT/model=resnet18/num_batches=-1/off_state=0.006/on_state=1.02e-11/optimize_adc=0/output_noise=0.0/output_noise_file=/parallel_read=64/ppa=1/rate_stuck_0=0.0/rate_stuck_1=0.0/read_noise=0.0/seed=1234/sub_array=[4096, 64]/t=1/target=0.0/test_name=test/v=0.0/v_list=[0.005, 0.005, 0.005, 0.005, 0.005, 0.005, 0.005, 0.005]/vdd=1/weight_axis=0/weight_calib_method=max/weight_precision=8
=================FLAGS==================
dataset: cifar10
model: resnet18
data_path: ./datasets
model_path: ./models/
test_name: test
mode: TensorRT
gpu: 0
batch_size: 400
calib_batch_size: 128
seed: 1234
logdir: log/default/adc_axis=None/adc_calib_method=max/adc_enable=1/adc_precision=7/adc_quant_method=scale/batch_size=400/bitcell=1/calib_batch_size=128/dac_precision=1/dataset=cifar10/detect=0/hardware=1/input_axis=None/input_calib_method=max/input_precision=8/mem_states_file=mem_states.csv/mem_type=capacitive/mode=TensorRT/model=resnet18/num_batches=-1/off_state=0.006/on_state=1.02e-11/optimize_adc=0/output_noise=0.0/output_noise_file=/parallel_read=64/ppa=1/rate_stuck_0=0.0/rate_stuck_1=0.0/read_noise=0.0/seed=1234/sub_array=[4096, 64]/t=1/target=0.0/test_name=test/v=0.0/v_list=[0.005, 0.005, 0.005, 0.005, 0.005, 0.005, 0.005, 0.005]/vdd=1/weight_axis=0/weight_calib_method=max/weight_precision=8
hardware: 1
ppa: 1
num_batches: -1
sub_array: [4096, 64]
parallel_read: 64
weight_precision: 8
input_precision: 8
dac_precision: 1
adc_precision: 7
bitcell: 1
mem_type: capacitive
off_state: 0.006
on_state: 1.02e-11
mem_states_file: mem_states.csv
vdd: 1
read_noise: 0.0
output_noise: 0.0
output_noise_file: 
t: 1
v: 0.0
v_list: [0.005, 0.005, 0.005, 0.005, 0.005, 0.005, 0.005, 0.005]
detect: 0
target: 0.0
rate_stuck_0: 0.0
rate_stuck_1: 0.0
input_calib_method: max
weight_calib_method: max
adc_calib_method: max
input_axis: None
weight_axis: 0
adc_axis: None
adc_quant_method: scale
optimize_adc: 0
adc_enable: 1
logger: <bound method Logger.info of <pytorch_quantization.utils.misc.Logger object at 0x7fbfc52f36d0>>
========================================

Running in-memory computing functional simulation of resnet18 on cifar10 dataset...
Building CIFAR-10 data loader with 1 workers
Building CIFAR-10 data loader with 1 workers

Loading pretrained model ./models/resnet18_cifar10.pth...
ResNet(
  (conv1): Sequential(
    (0): CIMConv2d(
      3, 64, kernel_size=(3, 3), stride=(1, 1), padding=(1, 1), bias=False
      (_input_quantizer): TensorQuantizer(8bit fake per-tensor amax=dynamic calibrator=MaxCalibrator scale=1.0 quant)
      (_weight_quantizer): TensorQuantizer(8bit fake axis=0 amax=dynamic calibrator=MaxCalibrator scale=1.0 quant)
      (_adc_quantizer): TensorQuantizer(unsigned 7bit fake per-tensor amax=dynamic calibrator=MaxCalibrator scale=1.0 quant)
    )
    (1): BatchNorm2d(64, eps=1e-05, momentum=0.1, affine=True, track_running_stats=True)
    (2): ReLU(inplace=True)
  )
  (conv2_x): Sequential(
    (0): BasicBlock(
      (residual_function): Sequential(
        (0): CIMConv2d(
          64, 64, kernel_size=(3, 3), stride=(1, 1), padding=(1, 1), bias=False
          (_input_quantizer): TensorQuantizer(8bit fake per-tensor amax=dynamic calibrator=MaxCalibrator scale=1.0 quant)
          (_weight_quantizer): TensorQuantizer(8bit fake axis=0 amax=dynamic calibrator=MaxCalibrator scale=1.0 quant)
          (_adc_quantizer): TensorQuantizer(unsigned 7bit fake per-tensor amax=dynamic calibrator=MaxCalibrator scale=1.0 quant)
        )
        (1): BatchNorm2d(64, eps=1e-05, momentum=0.1, affine=True, track_running_stats=True)
        (2): ReLU(inplace=True)
        (3): CIMConv2d(
          64, 64, kernel_size=(3, 3), stride=(1, 1), padding=(1, 1), bias=False
          (_input_quantizer): TensorQuantizer(8bit fake per-tensor amax=dynamic calibrator=MaxCalibrator scale=1.0 quant)
          (_weight_quantizer): TensorQuantizer(8bit fake axis=0 amax=dynamic calibrator=MaxCalibrator scale=1.0 quant)
          (_adc_quantizer): TensorQuantizer(unsigned 7bit fake per-tensor amax=dynamic calibrator=MaxCalibrator scale=1.0 quant)
        )
        (4): BatchNorm2d(64, eps=1e-05, momentum=0.1, affine=True, track_running_stats=True)
      )
      (shortcut): Sequential()
    )
    (1): BasicBlock(
      (residual_function): Sequential(
        (0): CIMConv2d(
          64, 64, kernel_size=(3, 3), stride=(1, 1), padding=(1, 1), bias=False
          (_input_quantizer): TensorQuantizer(8bit fake per-tensor amax=dynamic calibrator=MaxCalibrator scale=1.0 quant)
          (_weight_quantizer): TensorQuantizer(8bit fake axis=0 amax=dynamic calibrator=MaxCalibrator scale=1.0 quant)
          (_adc_quantizer): TensorQuantizer(unsigned 7bit fake per-tensor amax=dynamic calibrator=MaxCalibrator scale=1.0 quant)
        )
        (1): BatchNorm2d(64, eps=1e-05, momentum=0.1, affine=True, track_running_stats=True)
        (2): ReLU(inplace=True)
        (3): CIMConv2d(
          64, 64, kernel_size=(3, 3), stride=(1, 1), padding=(1, 1), bias=False
          (_input_quantizer): TensorQuantizer(8bit fake per-tensor amax=dynamic calibrator=MaxCalibrator scale=1.0 quant)
          (_weight_quantizer): TensorQuantizer(8bit fake axis=0 amax=dynamic calibrator=MaxCalibrator scale=1.0 quant)
          (_adc_quantizer): TensorQuantizer(unsigned 7bit fake per-tensor amax=dynamic calibrator=MaxCalibrator scale=1.0 quant)
        )
        (4): BatchNorm2d(64, eps=1e-05, momentum=0.1, affine=True, track_running_stats=True)
      )
      (shortcut): Sequential()
    )
  )
  (conv3_x): Sequential(
    (0): BasicBlock(
      (residual_function): Sequential(
        (0): CIMConv2d(
          64, 128, kernel_size=(3, 3), stride=(2, 2), padding=(1, 1), bias=False
          (_input_quantizer): TensorQuantizer(8bit fake per-tensor amax=dynamic calibrator=MaxCalibrator scale=1.0 quant)
          (_weight_quantizer): TensorQuantizer(8bit fake axis=0 amax=dynamic calibrator=MaxCalibrator scale=1.0 quant)
          (_adc_quantizer): TensorQuantizer(unsigned 7bit fake per-tensor amax=dynamic calibrator=MaxCalibrator scale=1.0 quant)
        )
        (1): BatchNorm2d(128, eps=1e-05, momentum=0.1, affine=True, track_running_stats=True)
        (2): ReLU(inplace=True)
        (3): CIMConv2d(
          128, 128, kernel_size=(3, 3), stride=(1, 1), padding=(1, 1), bias=False
          (_input_quantizer): TensorQuantizer(8bit fake per-tensor amax=dynamic calibrator=MaxCalibrator scale=1.0 quant)
          (_weight_quantizer): TensorQuantizer(8bit fake axis=0 amax=dynamic calibrator=MaxCalibrator scale=1.0 quant)
          (_adc_quantizer): TensorQuantizer(unsigned 7bit fake per-tensor amax=dynamic calibrator=MaxCalibrator scale=1.0 quant)
        )
        (4): BatchNorm2d(128, eps=1e-05, momentum=0.1, affine=True, track_running_stats=True)
      )
      (shortcut): Sequential(
        (0): CIMConv2d(
          64, 128, kernel_size=(1, 1), stride=(2, 2), bias=False
          (_input_quantizer): TensorQuantizer(8bit fake per-tensor amax=dynamic calibrator=MaxCalibrator scale=1.0 quant)
          (_weight_quantizer): TensorQuantizer(8bit fake axis=0 amax=dynamic calibrator=MaxCalibrator scale=1.0 quant)
          (_adc_quantizer): TensorQuantizer(unsigned 7bit fake per-tensor amax=dynamic calibrator=MaxCalibrator scale=1.0 quant)
        )
        (1): BatchNorm2d(128, eps=1e-05, momentum=0.1, affine=True, track_running_stats=True)
      )
    )
    (1): BasicBlock(
      (residual_function): Sequential(
        (0): CIMConv2d(
          128, 128, kernel_size=(3, 3), stride=(1, 1), padding=(1, 1), bias=False
          (_input_quantizer): TensorQuantizer(8bit fake per-tensor amax=dynamic calibrator=MaxCalibrator scale=1.0 quant)
          (_weight_quantizer): TensorQuantizer(8bit fake axis=0 amax=dynamic calibrator=MaxCalibrator scale=1.0 quant)
          (_adc_quantizer): TensorQuantizer(unsigned 7bit fake per-tensor amax=dynamic calibrator=MaxCalibrator scale=1.0 quant)
        )
        (1): BatchNorm2d(128, eps=1e-05, momentum=0.1, affine=True, track_running_stats=True)
        (2): ReLU(inplace=True)
        (3): CIMConv2d(
          128, 128, kernel_size=(3, 3), stride=(1, 1), padding=(1, 1), bias=False
          (_input_quantizer): TensorQuantizer(8bit fake per-tensor amax=dynamic calibrator=MaxCalibrator scale=1.0 quant)
          (_weight_quantizer): TensorQuantizer(8bit fake axis=0 amax=dynamic calibrator=MaxCalibrator scale=1.0 quant)
          (_adc_quantizer): TensorQuantizer(unsigned 7bit fake per-tensor amax=dynamic calibrator=MaxCalibrator scale=1.0 quant)
        )
        (4): BatchNorm2d(128, eps=1e-05, momentum=0.1, affine=True, track_running_stats=True)
      )
      (shortcut): Sequential()
    )
  )
  (conv4_x): Sequential(
    (0): BasicBlock(
      (residual_function): Sequential(
        (0): CIMConv2d(
          128, 256, kernel_size=(3, 3), stride=(2, 2), padding=(1, 1), bias=False
          (_input_quantizer): TensorQuantizer(8bit fake per-tensor amax=dynamic calibrator=MaxCalibrator scale=1.0 quant)
          (_weight_quantizer): TensorQuantizer(8bit fake axis=0 amax=dynamic calibrator=MaxCalibrator scale=1.0 quant)
          (_adc_quantizer): TensorQuantizer(unsigned 7bit fake per-tensor amax=dynamic calibrator=MaxCalibrator scale=1.0 quant)
        )
        (1): BatchNorm2d(256, eps=1e-05, momentum=0.1, affine=True, track_running_stats=True)
        (2): ReLU(inplace=True)
        (3): CIMConv2d(
          256, 256, kernel_size=(3, 3), stride=(1, 1), padding=(1, 1), bias=False
          (_input_quantizer): TensorQuantizer(8bit fake per-tensor amax=dynamic calibrator=MaxCalibrator scale=1.0 quant)
          (_weight_quantizer): TensorQuantizer(8bit fake axis=0 amax=dynamic calibrator=MaxCalibrator scale=1.0 quant)
          (_adc_quantizer): TensorQuantizer(unsigned 7bit fake per-tensor amax=dynamic calibrator=MaxCalibrator scale=1.0 quant)
        )
        (4): BatchNorm2d(256, eps=1e-05, momentum=0.1, affine=True, track_running_stats=True)
      )
      (shortcut): Sequential(
        (0): CIMConv2d(
          128, 256, kernel_size=(1, 1), stride=(2, 2), bias=False
          (_input_quantizer): TensorQuantizer(8bit fake per-tensor amax=dynamic calibrator=MaxCalibrator scale=1.0 quant)
          (_weight_quantizer): TensorQuantizer(8bit fake axis=0 amax=dynamic calibrator=MaxCalibrator scale=1.0 quant)
          (_adc_quantizer): TensorQuantizer(unsigned 7bit fake per-tensor amax=dynamic calibrator=MaxCalibrator scale=1.0 quant)
        )
        (1): BatchNorm2d(256, eps=1e-05, momentum=0.1, affine=True, track_running_stats=True)
      )
    )
    (1): BasicBlock(
      (residual_function): Sequential(
        (0): CIMConv2d(
          256, 256, kernel_size=(3, 3), stride=(1, 1), padding=(1, 1), bias=False
          (_input_quantizer): TensorQuantizer(8bit fake per-tensor amax=dynamic calibrator=MaxCalibrator scale=1.0 quant)
          (_weight_quantizer): TensorQuantizer(8bit fake axis=0 amax=dynamic calibrator=MaxCalibrator scale=1.0 quant)
          (_adc_quantizer): TensorQuantizer(unsigned 7bit fake per-tensor amax=dynamic calibrator=MaxCalibrator scale=1.0 quant)
        )
        (1): BatchNorm2d(256, eps=1e-05, momentum=0.1, affine=True, track_running_stats=True)
        (2): ReLU(inplace=True)
        (3): CIMConv2d(
          256, 256, kernel_size=(3, 3), stride=(1, 1), padding=(1, 1), bias=False
          (_input_quantizer): TensorQuantizer(8bit fake per-tensor amax=dynamic calibrator=MaxCalibrator scale=1.0 quant)
          (_weight_quantizer): TensorQuantizer(8bit fake axis=0 amax=dynamic calibrator=MaxCalibrator scale=1.0 quant)
          (_adc_quantizer): TensorQuantizer(unsigned 7bit fake per-tensor amax=dynamic calibrator=MaxCalibrator scale=1.0 quant)
        )
        (4): BatchNorm2d(256, eps=1e-05, momentum=0.1, affine=True, track_running_stats=True)
      )
      (shortcut): Sequential()
    )
  )
  (conv5_x): Sequential(
    (0): BasicBlock(
      (residual_function): Sequential(
        (0): CIMConv2d(
          256, 512, kernel_size=(3, 3), stride=(2, 2), padding=(1, 1), bias=False
          (_input_quantizer): TensorQuantizer(8bit fake per-tensor amax=dynamic calibrator=MaxCalibrator scale=1.0 quant)
          (_weight_quantizer): TensorQuantizer(8bit fake axis=0 amax=dynamic calibrator=MaxCalibrator scale=1.0 quant)
          (_adc_quantizer): TensorQuantizer(unsigned 7bit fake per-tensor amax=dynamic calibrator=MaxCalibrator scale=1.0 quant)
        )
        (1): BatchNorm2d(512, eps=1e-05, momentum=0.1, affine=True, track_running_stats=True)
        (2): ReLU(inplace=True)
        (3): CIMConv2d(
          512, 512, kernel_size=(3, 3), stride=(1, 1), padding=(1, 1), bias=False
          (_input_quantizer): TensorQuantizer(8bit fake per-tensor amax=dynamic calibrator=MaxCalibrator scale=1.0 quant)
          (_weight_quantizer): TensorQuantizer(8bit fake axis=0 amax=dynamic calibrator=MaxCalibrator scale=1.0 quant)
          (_adc_quantizer): TensorQuantizer(unsigned 7bit fake per-tensor amax=dynamic calibrator=MaxCalibrator scale=1.0 quant)
        )
        (4): BatchNorm2d(512, eps=1e-05, momentum=0.1, affine=True, track_running_stats=True)
      )
      (shortcut): Sequential(
        (0): CIMConv2d(
          256, 512, kernel_size=(1, 1), stride=(2, 2), bias=False
          (_input_quantizer): TensorQuantizer(8bit fake per-tensor amax=dynamic calibrator=MaxCalibrator scale=1.0 quant)
          (_weight_quantizer): TensorQuantizer(8bit fake axis=0 amax=dynamic calibrator=MaxCalibrator scale=1.0 quant)
          (_adc_quantizer): TensorQuantizer(unsigned 7bit fake per-tensor amax=dynamic calibrator=MaxCalibrator scale=1.0 quant)
        )
        (1): BatchNorm2d(512, eps=1e-05, momentum=0.1, affine=True, track_running_stats=True)
      )
    )
    (1): BasicBlock(
      (residual_function): Sequential(
        (0): CIMConv2d(
          512, 512, kernel_size=(3, 3), stride=(1, 1), padding=(1, 1), bias=False
          (_input_quantizer): TensorQuantizer(8bit fake per-tensor amax=dynamic calibrator=MaxCalibrator scale=1.0 quant)
          (_weight_quantizer): TensorQuantizer(8bit fake axis=0 amax=dynamic calibrator=MaxCalibrator scale=1.0 quant)
          (_adc_quantizer): TensorQuantizer(unsigned 7bit fake per-tensor amax=dynamic calibrator=MaxCalibrator scale=1.0 quant)
        )
        (1): BatchNorm2d(512, eps=1e-05, momentum=0.1, affine=True, track_running_stats=True)
        (2): ReLU(inplace=True)
        (3): CIMConv2d(
          512, 512, kernel_size=(3, 3), stride=(1, 1), padding=(1, 1), bias=False
          (_input_quantizer): TensorQuantizer(8bit fake per-tensor amax=dynamic calibrator=MaxCalibrator scale=1.0 quant)
          (_weight_quantizer): TensorQuantizer(8bit fake axis=0 amax=dynamic calibrator=MaxCalibrator scale=1.0 quant)
          (_adc_quantizer): TensorQuantizer(unsigned 7bit fake per-tensor amax=dynamic calibrator=MaxCalibrator scale=1.0 quant)
        )
        (4): BatchNorm2d(512, eps=1e-05, momentum=0.1, affine=True, track_running_stats=True)
      )
      (shortcut): Sequential()
    )
  )
  (avg_pool): CIMAdaptiveAvgPool2d(
    output_size=(1, 1)
    (_input_quantizer): TensorQuantizer(8bit fake per-tensor amax=dynamic calibrator=MaxCalibrator scale=1.0 quant)
  )
  (fc): CIMLinear(
    in_features=512, out_features=10, bias=True
    (_input_quantizer): TensorQuantizer(8bit fake per-tensor amax=dynamic calibrator=MaxCalibrator scale=1.0 quant)
    (_weight_quantizer): TensorQuantizer(8bit fake axis=0 amax=dynamic calibrator=MaxCalibrator scale=1.0 quant)
    (_adc_quantizer): TensorQuantizer(unsigned 7bit fake per-tensor amax=dynamic calibrator=MaxCalibrator scale=1.0 quant)
  )
)
Evaluating baseline model...


  0%|          | 0/1 [00:00<?, ?it/s]
  0%|          | 0/1 [00:00<?, ?it/s]
Test Accuracy of the model on 400 test images: 12.75 %
Average Test loss: 2.3037919998168945

--------------------------------------------
evaluation time: 0.4010748863220215
Quantizing inputs and weights...
Collecting histograms...


  0%|          | 0/2 [00:00<?, ?it/s]I0612 14:39:03.980069 140469299803968 max.py:61] Calibrator encountered negative values. It shouldn't happen after ReLU. Make sure this is the right tensor to calibrate.
Calibrator encountered negative values. It shouldn't happen after ReLU. Make sure this is the right tensor to calibrate.

100%|██████████| 2/2 [00:00<00:00, 22.96it/s]
W0612 14:39:04.056305 140469299803968 tensor_quantizer.py:239] Call .cuda() if running on GPU after loading calibrated amax.
Call .cuda() if running on GPU after loading calibrated amax.

Computing amax... 

Finished quantizing inputs and weights.
Evaluating input and weight quantized model...


  0%|          | 0/1 [00:00<?, ?it/s]
  0%|          | 0/1 [00:00<?, ?it/s]
I0612 14:39:04.179945 140469299803968 misc.py:32] Running inference with detailed hardware simulation...
Running inference with detailed hardware simulation...
Test Accuracy of the model on 400 test images: 12.5 %
Average Test loss: 2.303790330886841

--------------------------------------------
evaluation time: 0.08489871025085449

  0%|          | 0/25 [00:00<?, ?it/s]
  4%|▍         | 1/25 [00:11<04:38, 11.61s/it]

-> [Auto-Interrupt] 4% batch mark reached! CSVs should be fully saved.
-> [Auto-Interrupt] Sending Ctrl+C (SIGTERM)...
-> integrationMode = CNA: recompiling...
-> Running NeuroSim Hardware Trace...
-> DONE! Saved hardware performance to results_resnet18_2T16C_512x512_CNA_no_pipeline.txt

-> integrationMode = CUA: recompiling...
-> Running NeuroSim Hardware Trace...
-> DONE! Saved hardware performance to results_resnet18_2T16C_512x512_CUA_no_pipeline.txt

-> integrationMode = CBA: recompiling...
-> Running NeuroSim Hardware Trace...
-> DONE! Saved hardware performance to results_resnet18_2T16C_512x512_CBA_no_pipeline.txt

        STARTING PIPELINE FOR 2T32C  128x128              
-> Updating Param.cpp...
-> Updating main.cpp...
-> Updating inference.py...
-> Compiling NeuroSim (make clean && make)...
-> Running inference.py (Waiting for 4% batch completion)...
/scratch/rxc5747/conda_envs/neurosim/lib/python3.11/site-packages/torchvision/datasets/cifar.py:83: VisibleDeprecationWarning: dtype(): align should be passed as Python or NumPy boolean but got `align=0`. Did you mean to pass a tuple to create a subarray type? (Deprecated NumPy 2.4)
  entry = pickle.load(f, encoding="latin1")
WARNING: Logging before flag parsing goes to stderr.
I0612 14:40:39.112976 140205446195008 _utils.py:224] Input is fake quantized to 8 bits in CIMConv2d with axis None!
Input is fake quantized to 8 bits in CIMConv2d with axis None!
I0612 14:40:39.113112 140205446195008 _utils.py:227] Weight is fake quantized to 8 bits in CIMConv2d with axis 0!
Weight is fake quantized to 8 bits in CIMConv2d with axis 0!
I0612 14:40:39.113162 140205446195008 _utils.py:230] Output is fake quantized to 7 bits in CIMConv2d with axis None!
Output is fake quantized to 7 bits in CIMConv2d with axis None!
I0612 14:40:39.143955 140205446195008 _utils.py:224] Input is fake quantized to 8 bits in CIMConv2d with axis None!
Input is fake quantized to 8 bits in CIMConv2d with axis None!
I0612 14:40:39.144066 140205446195008 _utils.py:227] Weight is fake quantized to 8 bits in CIMConv2d with axis 0!
Weight is fake quantized to 8 bits in CIMConv2d with axis 0!
I0612 14:40:39.144104 140205446195008 _utils.py:230] Output is fake quantized to 7 bits in CIMConv2d with axis None!
Output is fake quantized to 7 bits in CIMConv2d with axis None!
I0612 14:40:39.145509 140205446195008 _utils.py:224] Input is fake quantized to 8 bits in CIMConv2d with axis None!
Input is fake quantized to 8 bits in CIMConv2d with axis None!
I0612 14:40:39.145585 140205446195008 _utils.py:227] Weight is fake quantized to 8 bits in CIMConv2d with axis 0!
Weight is fake quantized to 8 bits in CIMConv2d with axis 0!
I0612 14:40:39.145634 140205446195008 _utils.py:230] Output is fake quantized to 7 bits in CIMConv2d with axis None!
Output is fake quantized to 7 bits in CIMConv2d with axis None!
I0612 14:40:39.147245 140205446195008 _utils.py:224] Input is fake quantized to 8 bits in CIMConv2d with axis None!
Input is fake quantized to 8 bits in CIMConv2d with axis None!
I0612 14:40:39.147303 140205446195008 _utils.py:227] Weight is fake quantized to 8 bits in CIMConv2d with axis 0!
Weight is fake quantized to 8 bits in CIMConv2d with axis 0!
I0612 14:40:39.147336 140205446195008 _utils.py:230] Output is fake quantized to 7 bits in CIMConv2d with axis None!
Output is fake quantized to 7 bits in CIMConv2d with axis None!
I0612 14:40:39.148656 140205446195008 _utils.py:224] Input is fake quantized to 8 bits in CIMConv2d with axis None!
Input is fake quantized to 8 bits in CIMConv2d with axis None!
I0612 14:40:39.148712 140205446195008 _utils.py:227] Weight is fake quantized to 8 bits in CIMConv2d with axis 0!
Weight is fake quantized to 8 bits in CIMConv2d with axis 0!
I0612 14:40:39.148743 140205446195008 _utils.py:230] Output is fake quantized to 7 bits in CIMConv2d with axis None!
Output is fake quantized to 7 bits in CIMConv2d with axis None!
I0612 14:40:39.150209 140205446195008 _utils.py:224] Input is fake quantized to 8 bits in CIMConv2d with axis None!
Input is fake quantized to 8 bits in CIMConv2d with axis None!
I0612 14:40:39.150262 140205446195008 _utils.py:227] Weight is fake quantized to 8 bits in CIMConv2d with axis 0!
Weight is fake quantized to 8 bits in CIMConv2d with axis 0!
I0612 14:40:39.150294 140205446195008 _utils.py:230] Output is fake quantized to 7 bits in CIMConv2d with axis None!
Output is fake quantized to 7 bits in CIMConv2d with axis None!
I0612 14:40:39.152033 140205446195008 _utils.py:224] Input is fake quantized to 8 bits in CIMConv2d with axis None!
Input is fake quantized to 8 bits in CIMConv2d with axis None!
I0612 14:40:39.152090 140205446195008 _utils.py:227] Weight is fake quantized to 8 bits in CIMConv2d with axis 0!
Weight is fake quantized to 8 bits in CIMConv2d with axis 0!
I0612 14:40:39.152123 140205446195008 _utils.py:230] Output is fake quantized to 7 bits in CIMConv2d with axis None!
Output is fake quantized to 7 bits in CIMConv2d with axis None!
I0612 14:40:39.153307 140205446195008 _utils.py:224] Input is fake quantized to 8 bits in CIMConv2d with axis None!
Input is fake quantized to 8 bits in CIMConv2d with axis None!
I0612 14:40:39.153363 140205446195008 _utils.py:227] Weight is fake quantized to 8 bits in CIMConv2d with axis 0!
Weight is fake quantized to 8 bits in CIMConv2d with axis 0!
I0612 14:40:39.153395 140205446195008 _utils.py:230] Output is fake quantized to 7 bits in CIMConv2d with axis None!
Output is fake quantized to 7 bits in CIMConv2d with axis None!
I0612 14:40:39.155190 140205446195008 _utils.py:224] Input is fake quantized to 8 bits in CIMConv2d with axis None!
Input is fake quantized to 8 bits in CIMConv2d with axis None!
I0612 14:40:39.155245 140205446195008 _utils.py:227] Weight is fake quantized to 8 bits in CIMConv2d with axis 0!
Weight is fake quantized to 8 bits in CIMConv2d with axis 0!
I0612 14:40:39.155278 140205446195008 _utils.py:230] Output is fake quantized to 7 bits in CIMConv2d with axis None!
Output is fake quantized to 7 bits in CIMConv2d with axis None!
I0612 14:40:39.157012 140205446195008 _utils.py:224] Input is fake quantized to 8 bits in CIMConv2d with axis None!
Input is fake quantized to 8 bits in CIMConv2d with axis None!
I0612 14:40:39.157066 140205446195008 _utils.py:227] Weight is fake quantized to 8 bits in CIMConv2d with axis 0!
Weight is fake quantized to 8 bits in CIMConv2d with axis 0!
I0612 14:40:39.157101 140205446195008 _utils.py:230] Output is fake quantized to 7 bits in CIMConv2d with axis None!
Output is fake quantized to 7 bits in CIMConv2d with axis None!
I0612 14:40:39.159471 140205446195008 _utils.py:224] Input is fake quantized to 8 bits in CIMConv2d with axis None!
Input is fake quantized to 8 bits in CIMConv2d with axis None!
I0612 14:40:39.159530 140205446195008 _utils.py:227] Weight is fake quantized to 8 bits in CIMConv2d with axis 0!
Weight is fake quantized to 8 bits in CIMConv2d with axis 0!
I0612 14:40:39.159568 140205446195008 _utils.py:230] Output is fake quantized to 7 bits in CIMConv2d with axis None!
Output is fake quantized to 7 bits in CIMConv2d with axis None!
I0612 14:40:39.163142 140205446195008 _utils.py:224] Input is fake quantized to 8 bits in CIMConv2d with axis None!
Input is fake quantized to 8 bits in CIMConv2d with axis None!
I0612 14:40:39.163202 140205446195008 _utils.py:227] Weight is fake quantized to 8 bits in CIMConv2d with axis 0!
Weight is fake quantized to 8 bits in CIMConv2d with axis 0!
I0612 14:40:39.163236 140205446195008 _utils.py:230] Output is fake quantized to 7 bits in CIMConv2d with axis None!
Output is fake quantized to 7 bits in CIMConv2d with axis None!
I0612 14:40:39.164560 140205446195008 _utils.py:224] Input is fake quantized to 8 bits in CIMConv2d with axis None!
Input is fake quantized to 8 bits in CIMConv2d with axis None!
I0612 14:40:39.164621 140205446195008 _utils.py:227] Weight is fake quantized to 8 bits in CIMConv2d with axis 0!
Weight is fake quantized to 8 bits in CIMConv2d with axis 0!
I0612 14:40:39.164653 140205446195008 _utils.py:230] Output is fake quantized to 7 bits in CIMConv2d with axis None!
Output is fake quantized to 7 bits in CIMConv2d with axis None!
I0612 14:40:39.168230 140205446195008 _utils.py:224] Input is fake quantized to 8 bits in CIMConv2d with axis None!
Input is fake quantized to 8 bits in CIMConv2d with axis None!
I0612 14:40:39.168288 140205446195008 _utils.py:227] Weight is fake quantized to 8 bits in CIMConv2d with axis 0!
Weight is fake quantized to 8 bits in CIMConv2d with axis 0!
I0612 14:40:39.168320 140205446195008 _utils.py:230] Output is fake quantized to 7 bits in CIMConv2d with axis None!
Output is fake quantized to 7 bits in CIMConv2d with axis None!
I0612 14:40:39.171904 140205446195008 _utils.py:224] Input is fake quantized to 8 bits in CIMConv2d with axis None!
Input is fake quantized to 8 bits in CIMConv2d with axis None!
I0612 14:40:39.171965 140205446195008 _utils.py:227] Weight is fake quantized to 8 bits in CIMConv2d with axis 0!
Weight is fake quantized to 8 bits in CIMConv2d with axis 0!
I0612 14:40:39.171997 140205446195008 _utils.py:230] Output is fake quantized to 7 bits in CIMConv2d with axis None!
Output is fake quantized to 7 bits in CIMConv2d with axis None!
I0612 14:40:39.177368 140205446195008 _utils.py:224] Input is fake quantized to 8 bits in CIMConv2d with axis None!
Input is fake quantized to 8 bits in CIMConv2d with axis None!
I0612 14:40:39.177428 140205446195008 _utils.py:227] Weight is fake quantized to 8 bits in CIMConv2d with axis 0!
Weight is fake quantized to 8 bits in CIMConv2d with axis 0!
I0612 14:40:39.177460 140205446195008 _utils.py:230] Output is fake quantized to 7 bits in CIMConv2d with axis None!
Output is fake quantized to 7 bits in CIMConv2d with axis None!
I0612 14:40:39.185708 140205446195008 _utils.py:224] Input is fake quantized to 8 bits in CIMConv2d with axis None!
Input is fake quantized to 8 bits in CIMConv2d with axis None!
I0612 14:40:39.185774 140205446195008 _utils.py:227] Weight is fake quantized to 8 bits in CIMConv2d with axis 0!
Weight is fake quantized to 8 bits in CIMConv2d with axis 0!
I0612 14:40:39.185806 140205446195008 _utils.py:230] Output is fake quantized to 7 bits in CIMConv2d with axis None!
Output is fake quantized to 7 bits in CIMConv2d with axis None!
I0612 14:40:39.187598 140205446195008 _utils.py:224] Input is fake quantized to 8 bits in CIMConv2d with axis None!
Input is fake quantized to 8 bits in CIMConv2d with axis None!
I0612 14:40:39.187653 140205446195008 _utils.py:227] Weight is fake quantized to 8 bits in CIMConv2d with axis 0!
Weight is fake quantized to 8 bits in CIMConv2d with axis 0!
I0612 14:40:39.187684 140205446195008 _utils.py:230] Output is fake quantized to 7 bits in CIMConv2d with axis None!
Output is fake quantized to 7 bits in CIMConv2d with axis None!
I0612 14:40:39.196586 140205446195008 _utils.py:224] Input is fake quantized to 8 bits in CIMConv2d with axis None!
Input is fake quantized to 8 bits in CIMConv2d with axis None!
I0612 14:40:39.196648 140205446195008 _utils.py:227] Weight is fake quantized to 8 bits in CIMConv2d with axis 0!
Weight is fake quantized to 8 bits in CIMConv2d with axis 0!
I0612 14:40:39.196680 140205446195008 _utils.py:230] Output is fake quantized to 7 bits in CIMConv2d with axis None!
Output is fake quantized to 7 bits in CIMConv2d with axis None!
I0612 14:40:39.204977 140205446195008 _utils.py:224] Input is fake quantized to 8 bits in CIMConv2d with axis None!
Input is fake quantized to 8 bits in CIMConv2d with axis None!
I0612 14:40:39.205040 140205446195008 _utils.py:227] Weight is fake quantized to 8 bits in CIMConv2d with axis 0!
Weight is fake quantized to 8 bits in CIMConv2d with axis 0!
I0612 14:40:39.205072 140205446195008 _utils.py:230] Output is fake quantized to 7 bits in CIMConv2d with axis None!
Output is fake quantized to 7 bits in CIMConv2d with axis None!
I0612 14:40:39.206257 140205446195008 _utils.py:305] Input is fake quantized to 8 bits in CIMAdaptiveAvgPool2d with axis None!
Input is fake quantized to 8 bits in CIMAdaptiveAvgPool2d with axis None!
I0612 14:40:39.207048 140205446195008 _utils.py:224] Input is fake quantized to 8 bits in CIMLinear with axis None!
Input is fake quantized to 8 bits in CIMLinear with axis None!
I0612 14:40:39.207097 140205446195008 _utils.py:227] Weight is fake quantized to 8 bits in CIMLinear with axis 0!
Weight is fake quantized to 8 bits in CIMLinear with axis 0!
I0612 14:40:39.207129 140205446195008 _utils.py:230] Output is fake quantized to 7 bits in CIMLinear with axis None!
Output is fake quantized to 7 bits in CIMLinear with axis None!
log/default/adc_axis=None/adc_calib_method=max/adc_enable=1/adc_precision=7/adc_quant_method=scale/batch_size=400/bitcell=1/calib_batch_size=128/dac_precision=1/dataset=cifar10/detect=0/hardware=1/input_axis=None/input_calib_method=max/input_precision=8/mem_states_file=mem_states.csv/mem_type=capacitive/mode=TensorRT/model=resnet18/num_batches=-1/off_state=0.006/on_state=1.02e-11/optimize_adc=0/output_noise=0.0/output_noise_file=/parallel_read=64/ppa=1/rate_stuck_0=0.0/rate_stuck_1=0.0/read_noise=0.0/seed=1234/sub_array=[4096, 64]/t=1/target=0.0/test_name=test/v=0.0/v_list=[0.005, 0.005, 0.005, 0.005, 0.005, 0.005, 0.005, 0.005]/vdd=1/weight_axis=0/weight_calib_method=max/weight_precision=8
=================FLAGS==================
dataset: cifar10
model: resnet18
data_path: ./datasets
model_path: ./models/
test_name: test
mode: TensorRT
gpu: 0
batch_size: 400
calib_batch_size: 128
seed: 1234
logdir: log/default/adc_axis=None/adc_calib_method=max/adc_enable=1/adc_precision=7/adc_quant_method=scale/batch_size=400/bitcell=1/calib_batch_size=128/dac_precision=1/dataset=cifar10/detect=0/hardware=1/input_axis=None/input_calib_method=max/input_precision=8/mem_states_file=mem_states.csv/mem_type=capacitive/mode=TensorRT/model=resnet18/num_batches=-1/off_state=0.006/on_state=1.02e-11/optimize_adc=0/output_noise=0.0/output_noise_file=/parallel_read=64/ppa=1/rate_stuck_0=0.0/rate_stuck_1=0.0/read_noise=0.0/seed=1234/sub_array=[4096, 64]/t=1/target=0.0/test_name=test/v=0.0/v_list=[0.005, 0.005, 0.005, 0.005, 0.005, 0.005, 0.005, 0.005]/vdd=1/weight_axis=0/weight_calib_method=max/weight_precision=8
hardware: 1
ppa: 1
num_batches: -1
sub_array: [4096, 64]
parallel_read: 64
weight_precision: 8
input_precision: 8
dac_precision: 1
adc_precision: 7
bitcell: 1
mem_type: capacitive
off_state: 0.006
on_state: 1.02e-11
mem_states_file: mem_states.csv
vdd: 1
read_noise: 0.0
output_noise: 0.0
output_noise_file: 
t: 1
v: 0.0
v_list: [0.005, 0.005, 0.005, 0.005, 0.005, 0.005, 0.005, 0.005]
detect: 0
target: 0.0
rate_stuck_0: 0.0
rate_stuck_1: 0.0
input_calib_method: max
weight_calib_method: max
adc_calib_method: max
input_axis: None
weight_axis: 0
adc_axis: None
adc_quant_method: scale
optimize_adc: 0
adc_enable: 1
logger: <bound method Logger.info of <pytorch_quantization.utils.misc.Logger object at 0x7f82565e7b90>>
========================================

Running in-memory computing functional simulation of resnet18 on cifar10 dataset...
Building CIFAR-10 data loader with 1 workers
Building CIFAR-10 data loader with 1 workers

Loading pretrained model ./models/resnet18_cifar10.pth...
ResNet(
  (conv1): Sequential(
    (0): CIMConv2d(
      3, 64, kernel_size=(3, 3), stride=(1, 1), padding=(1, 1), bias=False
      (_input_quantizer): TensorQuantizer(8bit fake per-tensor amax=dynamic calibrator=MaxCalibrator scale=1.0 quant)
      (_weight_quantizer): TensorQuantizer(8bit fake axis=0 amax=dynamic calibrator=MaxCalibrator scale=1.0 quant)
      (_adc_quantizer): TensorQuantizer(unsigned 7bit fake per-tensor amax=dynamic calibrator=MaxCalibrator scale=1.0 quant)
    )
    (1): BatchNorm2d(64, eps=1e-05, momentum=0.1, affine=True, track_running_stats=True)
    (2): ReLU(inplace=True)
  )
  (conv2_x): Sequential(
    (0): BasicBlock(
      (residual_function): Sequential(
        (0): CIMConv2d(
          64, 64, kernel_size=(3, 3), stride=(1, 1), padding=(1, 1), bias=False
          (_input_quantizer): TensorQuantizer(8bit fake per-tensor amax=dynamic calibrator=MaxCalibrator scale=1.0 quant)
          (_weight_quantizer): TensorQuantizer(8bit fake axis=0 amax=dynamic calibrator=MaxCalibrator scale=1.0 quant)
          (_adc_quantizer): TensorQuantizer(unsigned 7bit fake per-tensor amax=dynamic calibrator=MaxCalibrator scale=1.0 quant)
        )
        (1): BatchNorm2d(64, eps=1e-05, momentum=0.1, affine=True, track_running_stats=True)
        (2): ReLU(inplace=True)
        (3): CIMConv2d(
          64, 64, kernel_size=(3, 3), stride=(1, 1), padding=(1, 1), bias=False
          (_input_quantizer): TensorQuantizer(8bit fake per-tensor amax=dynamic calibrator=MaxCalibrator scale=1.0 quant)
          (_weight_quantizer): TensorQuantizer(8bit fake axis=0 amax=dynamic calibrator=MaxCalibrator scale=1.0 quant)
          (_adc_quantizer): TensorQuantizer(unsigned 7bit fake per-tensor amax=dynamic calibrator=MaxCalibrator scale=1.0 quant)
        )
        (4): BatchNorm2d(64, eps=1e-05, momentum=0.1, affine=True, track_running_stats=True)
      )
      (shortcut): Sequential()
    )
    (1): BasicBlock(
      (residual_function): Sequential(
        (0): CIMConv2d(
          64, 64, kernel_size=(3, 3), stride=(1, 1), padding=(1, 1), bias=False
          (_input_quantizer): TensorQuantizer(8bit fake per-tensor amax=dynamic calibrator=MaxCalibrator scale=1.0 quant)
          (_weight_quantizer): TensorQuantizer(8bit fake axis=0 amax=dynamic calibrator=MaxCalibrator scale=1.0 quant)
          (_adc_quantizer): TensorQuantizer(unsigned 7bit fake per-tensor amax=dynamic calibrator=MaxCalibrator scale=1.0 quant)
        )
        (1): BatchNorm2d(64, eps=1e-05, momentum=0.1, affine=True, track_running_stats=True)
        (2): ReLU(inplace=True)
        (3): CIMConv2d(
          64, 64, kernel_size=(3, 3), stride=(1, 1), padding=(1, 1), bias=False
          (_input_quantizer): TensorQuantizer(8bit fake per-tensor amax=dynamic calibrator=MaxCalibrator scale=1.0 quant)
          (_weight_quantizer): TensorQuantizer(8bit fake axis=0 amax=dynamic calibrator=MaxCalibrator scale=1.0 quant)
          (_adc_quantizer): TensorQuantizer(unsigned 7bit fake per-tensor amax=dynamic calibrator=MaxCalibrator scale=1.0 quant)
        )
        (4): BatchNorm2d(64, eps=1e-05, momentum=0.1, affine=True, track_running_stats=True)
      )
      (shortcut): Sequential()
    )
  )
  (conv3_x): Sequential(
    (0): BasicBlock(
      (residual_function): Sequential(
        (0): CIMConv2d(
          64, 128, kernel_size=(3, 3), stride=(2, 2), padding=(1, 1), bias=False
          (_input_quantizer): TensorQuantizer(8bit fake per-tensor amax=dynamic calibrator=MaxCalibrator scale=1.0 quant)
          (_weight_quantizer): TensorQuantizer(8bit fake axis=0 amax=dynamic calibrator=MaxCalibrator scale=1.0 quant)
          (_adc_quantizer): TensorQuantizer(unsigned 7bit fake per-tensor amax=dynamic calibrator=MaxCalibrator scale=1.0 quant)
        )
        (1): BatchNorm2d(128, eps=1e-05, momentum=0.1, affine=True, track_running_stats=True)
        (2): ReLU(inplace=True)
        (3): CIMConv2d(
          128, 128, kernel_size=(3, 3), stride=(1, 1), padding=(1, 1), bias=False
          (_input_quantizer): TensorQuantizer(8bit fake per-tensor amax=dynamic calibrator=MaxCalibrator scale=1.0 quant)
          (_weight_quantizer): TensorQuantizer(8bit fake axis=0 amax=dynamic calibrator=MaxCalibrator scale=1.0 quant)
          (_adc_quantizer): TensorQuantizer(unsigned 7bit fake per-tensor amax=dynamic calibrator=MaxCalibrator scale=1.0 quant)
        )
        (4): BatchNorm2d(128, eps=1e-05, momentum=0.1, affine=True, track_running_stats=True)
      )
      (shortcut): Sequential(
        (0): CIMConv2d(
          64, 128, kernel_size=(1, 1), stride=(2, 2), bias=False
          (_input_quantizer): TensorQuantizer(8bit fake per-tensor amax=dynamic calibrator=MaxCalibrator scale=1.0 quant)
          (_weight_quantizer): TensorQuantizer(8bit fake axis=0 amax=dynamic calibrator=MaxCalibrator scale=1.0 quant)
          (_adc_quantizer): TensorQuantizer(unsigned 7bit fake per-tensor amax=dynamic calibrator=MaxCalibrator scale=1.0 quant)
        )
        (1): BatchNorm2d(128, eps=1e-05, momentum=0.1, affine=True, track_running_stats=True)
      )
    )
    (1): BasicBlock(
      (residual_function): Sequential(
        (0): CIMConv2d(
          128, 128, kernel_size=(3, 3), stride=(1, 1), padding=(1, 1), bias=False
          (_input_quantizer): TensorQuantizer(8bit fake per-tensor amax=dynamic calibrator=MaxCalibrator scale=1.0 quant)
          (_weight_quantizer): TensorQuantizer(8bit fake axis=0 amax=dynamic calibrator=MaxCalibrator scale=1.0 quant)
          (_adc_quantizer): TensorQuantizer(unsigned 7bit fake per-tensor amax=dynamic calibrator=MaxCalibrator scale=1.0 quant)
        )
        (1): BatchNorm2d(128, eps=1e-05, momentum=0.1, affine=True, track_running_stats=True)
        (2): ReLU(inplace=True)
        (3): CIMConv2d(
          128, 128, kernel_size=(3, 3), stride=(1, 1), padding=(1, 1), bias=False
          (_input_quantizer): TensorQuantizer(8bit fake per-tensor amax=dynamic calibrator=MaxCalibrator scale=1.0 quant)
          (_weight_quantizer): TensorQuantizer(8bit fake axis=0 amax=dynamic calibrator=MaxCalibrator scale=1.0 quant)
          (_adc_quantizer): TensorQuantizer(unsigned 7bit fake per-tensor amax=dynamic calibrator=MaxCalibrator scale=1.0 quant)
        )
        (4): BatchNorm2d(128, eps=1e-05, momentum=0.1, affine=True, track_running_stats=True)
      )
      (shortcut): Sequential()
    )
  )
  (conv4_x): Sequential(
    (0): BasicBlock(
      (residual_function): Sequential(
        (0): CIMConv2d(
          128, 256, kernel_size=(3, 3), stride=(2, 2), padding=(1, 1), bias=False
          (_input_quantizer): TensorQuantizer(8bit fake per-tensor amax=dynamic calibrator=MaxCalibrator scale=1.0 quant)
          (_weight_quantizer): TensorQuantizer(8bit fake axis=0 amax=dynamic calibrator=MaxCalibrator scale=1.0 quant)
          (_adc_quantizer): TensorQuantizer(unsigned 7bit fake per-tensor amax=dynamic calibrator=MaxCalibrator scale=1.0 quant)
        )
        (1): BatchNorm2d(256, eps=1e-05, momentum=0.1, affine=True, track_running_stats=True)
        (2): ReLU(inplace=True)
        (3): CIMConv2d(
          256, 256, kernel_size=(3, 3), stride=(1, 1), padding=(1, 1), bias=False
          (_input_quantizer): TensorQuantizer(8bit fake per-tensor amax=dynamic calibrator=MaxCalibrator scale=1.0 quant)
          (_weight_quantizer): TensorQuantizer(8bit fake axis=0 amax=dynamic calibrator=MaxCalibrator scale=1.0 quant)
          (_adc_quantizer): TensorQuantizer(unsigned 7bit fake per-tensor amax=dynamic calibrator=MaxCalibrator scale=1.0 quant)
        )
        (4): BatchNorm2d(256, eps=1e-05, momentum=0.1, affine=True, track_running_stats=True)
      )
      (shortcut): Sequential(
        (0): CIMConv2d(
          128, 256, kernel_size=(1, 1), stride=(2, 2), bias=False
          (_input_quantizer): TensorQuantizer(8bit fake per-tensor amax=dynamic calibrator=MaxCalibrator scale=1.0 quant)
          (_weight_quantizer): TensorQuantizer(8bit fake axis=0 amax=dynamic calibrator=MaxCalibrator scale=1.0 quant)
          (_adc_quantizer): TensorQuantizer(unsigned 7bit fake per-tensor amax=dynamic calibrator=MaxCalibrator scale=1.0 quant)
        )
        (1): BatchNorm2d(256, eps=1e-05, momentum=0.1, affine=True, track_running_stats=True)
      )
    )
    (1): BasicBlock(
      (residual_function): Sequential(
        (0): CIMConv2d(
          256, 256, kernel_size=(3, 3), stride=(1, 1), padding=(1, 1), bias=False
          (_input_quantizer): TensorQuantizer(8bit fake per-tensor amax=dynamic calibrator=MaxCalibrator scale=1.0 quant)
          (_weight_quantizer): TensorQuantizer(8bit fake axis=0 amax=dynamic calibrator=MaxCalibrator scale=1.0 quant)
          (_adc_quantizer): TensorQuantizer(unsigned 7bit fake per-tensor amax=dynamic calibrator=MaxCalibrator scale=1.0 quant)
        )
        (1): BatchNorm2d(256, eps=1e-05, momentum=0.1, affine=True, track_running_stats=True)
        (2): ReLU(inplace=True)
        (3): CIMConv2d(
          256, 256, kernel_size=(3, 3), stride=(1, 1), padding=(1, 1), bias=False
          (_input_quantizer): TensorQuantizer(8bit fake per-tensor amax=dynamic calibrator=MaxCalibrator scale=1.0 quant)
          (_weight_quantizer): TensorQuantizer(8bit fake axis=0 amax=dynamic calibrator=MaxCalibrator scale=1.0 quant)
          (_adc_quantizer): TensorQuantizer(unsigned 7bit fake per-tensor amax=dynamic calibrator=MaxCalibrator scale=1.0 quant)
        )
        (4): BatchNorm2d(256, eps=1e-05, momentum=0.1, affine=True, track_running_stats=True)
      )
      (shortcut): Sequential()
    )
  )
  (conv5_x): Sequential(
    (0): BasicBlock(
      (residual_function): Sequential(
        (0): CIMConv2d(
          256, 512, kernel_size=(3, 3), stride=(2, 2), padding=(1, 1), bias=False
          (_input_quantizer): TensorQuantizer(8bit fake per-tensor amax=dynamic calibrator=MaxCalibrator scale=1.0 quant)
          (_weight_quantizer): TensorQuantizer(8bit fake axis=0 amax=dynamic calibrator=MaxCalibrator scale=1.0 quant)
          (_adc_quantizer): TensorQuantizer(unsigned 7bit fake per-tensor amax=dynamic calibrator=MaxCalibrator scale=1.0 quant)
        )
        (1): BatchNorm2d(512, eps=1e-05, momentum=0.1, affine=True, track_running_stats=True)
        (2): ReLU(inplace=True)
        (3): CIMConv2d(
          512, 512, kernel_size=(3, 3), stride=(1, 1), padding=(1, 1), bias=False
          (_input_quantizer): TensorQuantizer(8bit fake per-tensor amax=dynamic calibrator=MaxCalibrator scale=1.0 quant)
          (_weight_quantizer): TensorQuantizer(8bit fake axis=0 amax=dynamic calibrator=MaxCalibrator scale=1.0 quant)
          (_adc_quantizer): TensorQuantizer(unsigned 7bit fake per-tensor amax=dynamic calibrator=MaxCalibrator scale=1.0 quant)
        )
        (4): BatchNorm2d(512, eps=1e-05, momentum=0.1, affine=True, track_running_stats=True)
      )
      (shortcut): Sequential(
        (0): CIMConv2d(
          256, 512, kernel_size=(1, 1), stride=(2, 2), bias=False
          (_input_quantizer): TensorQuantizer(8bit fake per-tensor amax=dynamic calibrator=MaxCalibrator scale=1.0 quant)
          (_weight_quantizer): TensorQuantizer(8bit fake axis=0 amax=dynamic calibrator=MaxCalibrator scale=1.0 quant)
          (_adc_quantizer): TensorQuantizer(unsigned 7bit fake per-tensor amax=dynamic calibrator=MaxCalibrator scale=1.0 quant)
        )
        (1): BatchNorm2d(512, eps=1e-05, momentum=0.1, affine=True, track_running_stats=True)
      )
    )
    (1): BasicBlock(
      (residual_function): Sequential(
        (0): CIMConv2d(
          512, 512, kernel_size=(3, 3), stride=(1, 1), padding=(1, 1), bias=False
          (_input_quantizer): TensorQuantizer(8bit fake per-tensor amax=dynamic calibrator=MaxCalibrator scale=1.0 quant)
          (_weight_quantizer): TensorQuantizer(8bit fake axis=0 amax=dynamic calibrator=MaxCalibrator scale=1.0 quant)
          (_adc_quantizer): TensorQuantizer(unsigned 7bit fake per-tensor amax=dynamic calibrator=MaxCalibrator scale=1.0 quant)
        )
        (1): BatchNorm2d(512, eps=1e-05, momentum=0.1, affine=True, track_running_stats=True)
        (2): ReLU(inplace=True)
        (3): CIMConv2d(
          512, 512, kernel_size=(3, 3), stride=(1, 1), padding=(1, 1), bias=False
          (_input_quantizer): TensorQuantizer(8bit fake per-tensor amax=dynamic calibrator=MaxCalibrator scale=1.0 quant)
          (_weight_quantizer): TensorQuantizer(8bit fake axis=0 amax=dynamic calibrator=MaxCalibrator scale=1.0 quant)
          (_adc_quantizer): TensorQuantizer(unsigned 7bit fake per-tensor amax=dynamic calibrator=MaxCalibrator scale=1.0 quant)
        )
        (4): BatchNorm2d(512, eps=1e-05, momentum=0.1, affine=True, track_running_stats=True)
      )
      (shortcut): Sequential()
    )
  )
  (avg_pool): CIMAdaptiveAvgPool2d(
    output_size=(1, 1)
    (_input_quantizer): TensorQuantizer(8bit fake per-tensor amax=dynamic calibrator=MaxCalibrator scale=1.0 quant)
  )
  (fc): CIMLinear(
    in_features=512, out_features=10, bias=True
    (_input_quantizer): TensorQuantizer(8bit fake per-tensor amax=dynamic calibrator=MaxCalibrator scale=1.0 quant)
    (_weight_quantizer): TensorQuantizer(8bit fake axis=0 amax=dynamic calibrator=MaxCalibrator scale=1.0 quant)
    (_adc_quantizer): TensorQuantizer(unsigned 7bit fake per-tensor amax=dynamic calibrator=MaxCalibrator scale=1.0 quant)
  )
)
Evaluating baseline model...


  0%|          | 0/1 [00:00<?, ?it/s]
  0%|          | 0/1 [00:00<?, ?it/s]
Test Accuracy of the model on 400 test images: 12.75 %
Average Test loss: 2.3037919998168945

--------------------------------------------
evaluation time: 0.41458559036254883
Quantizing inputs and weights...
Collecting histograms...


  0%|          | 0/2 [00:00<?, ?it/s]I0612 14:40:39.713321 140205446195008 max.py:61] Calibrator encountered negative values. It shouldn't happen after ReLU. Make sure this is the right tensor to calibrate.
Calibrator encountered negative values. It shouldn't happen after ReLU. Make sure this is the right tensor to calibrate.

100%|██████████| 2/2 [00:00<00:00, 22.05it/s]
W0612 14:40:39.788180 140205446195008 tensor_quantizer.py:239] Call .cuda() if running on GPU after loading calibrated amax.
Call .cuda() if running on GPU after loading calibrated amax.

Computing amax... 

Finished quantizing inputs and weights.
Evaluating input and weight quantized model...


  0%|          | 0/1 [00:00<?, ?it/s]
  0%|          | 0/1 [00:00<?, ?it/s]
I0612 14:40:39.914665 140205446195008 misc.py:32] Running inference with detailed hardware simulation...
Running inference with detailed hardware simulation...
Test Accuracy of the model on 400 test images: 12.5 %
Average Test loss: 2.303790330886841

--------------------------------------------
evaluation time: 0.08680438995361328

  0%|          | 0/25 [00:00<?, ?it/s]
  4%|▍         | 1/25 [00:11<04:39, 11.65s/it]

-> [Auto-Interrupt] 4% batch mark reached! CSVs should be fully saved.
-> [Auto-Interrupt] Sending Ctrl+C (SIGTERM)...
-> integrationMode = CNA: recompiling...
-> Running NeuroSim Hardware Trace...
-> DONE! Saved hardware performance to results_resnet18_2T32C_128x128_CNA_no_pipeline.txt

-> integrationMode = CUA: recompiling...
-> Running NeuroSim Hardware Trace...
-> DONE! Saved hardware performance to results_resnet18_2T32C_128x128_CUA_no_pipeline.txt

-> integrationMode = CBA: recompiling...
-> Running NeuroSim Hardware Trace...
-> DONE! Saved hardware performance to results_resnet18_2T32C_128x128_CBA_no_pipeline.txt

        STARTING PIPELINE FOR 2T32C  256x256              
-> Updating Param.cpp...
-> Updating main.cpp...
-> Updating inference.py...
-> Compiling NeuroSim (make clean && make)...
-> Running inference.py (Waiting for 4% batch completion)...
/scratch/rxc5747/conda_envs/neurosim/lib/python3.11/site-packages/torchvision/datasets/cifar.py:83: VisibleDeprecationWarning: dtype(): align should be passed as Python or NumPy boolean but got `align=0`. Did you mean to pass a tuple to create a subarray type? (Deprecated NumPy 2.4)
  entry = pickle.load(f, encoding="latin1")
WARNING: Logging before flag parsing goes to stderr.
I0612 14:42:14.924017 140210027202368 _utils.py:224] Input is fake quantized to 8 bits in CIMConv2d with axis None!
Input is fake quantized to 8 bits in CIMConv2d with axis None!
I0612 14:42:14.924159 140210027202368 _utils.py:227] Weight is fake quantized to 8 bits in CIMConv2d with axis 0!
Weight is fake quantized to 8 bits in CIMConv2d with axis 0!
I0612 14:42:14.924205 140210027202368 _utils.py:230] Output is fake quantized to 7 bits in CIMConv2d with axis None!
Output is fake quantized to 7 bits in CIMConv2d with axis None!
I0612 14:42:14.945749 140210027202368 _utils.py:224] Input is fake quantized to 8 bits in CIMConv2d with axis None!
Input is fake quantized to 8 bits in CIMConv2d with axis None!
I0612 14:42:14.945855 140210027202368 _utils.py:227] Weight is fake quantized to 8 bits in CIMConv2d with axis 0!
Weight is fake quantized to 8 bits in CIMConv2d with axis 0!
I0612 14:42:14.945894 140210027202368 _utils.py:230] Output is fake quantized to 7 bits in CIMConv2d with axis None!
Output is fake quantized to 7 bits in CIMConv2d with axis None!
I0612 14:42:14.947205 140210027202368 _utils.py:224] Input is fake quantized to 8 bits in CIMConv2d with axis None!
Input is fake quantized to 8 bits in CIMConv2d with axis None!
I0612 14:42:14.947273 140210027202368 _utils.py:227] Weight is fake quantized to 8 bits in CIMConv2d with axis 0!
Weight is fake quantized to 8 bits in CIMConv2d with axis 0!
I0612 14:42:14.947319 140210027202368 _utils.py:230] Output is fake quantized to 7 bits in CIMConv2d with axis None!
Output is fake quantized to 7 bits in CIMConv2d with axis None!
I0612 14:42:14.948845 140210027202368 _utils.py:224] Input is fake quantized to 8 bits in CIMConv2d with axis None!
Input is fake quantized to 8 bits in CIMConv2d with axis None!
I0612 14:42:14.948902 140210027202368 _utils.py:227] Weight is fake quantized to 8 bits in CIMConv2d with axis 0!
Weight is fake quantized to 8 bits in CIMConv2d with axis 0!
I0612 14:42:14.948934 140210027202368 _utils.py:230] Output is fake quantized to 7 bits in CIMConv2d with axis None!
Output is fake quantized to 7 bits in CIMConv2d with axis None!
I0612 14:42:14.950160 140210027202368 _utils.py:224] Input is fake quantized to 8 bits in CIMConv2d with axis None!
Input is fake quantized to 8 bits in CIMConv2d with axis None!
I0612 14:42:14.950217 140210027202368 _utils.py:227] Weight is fake quantized to 8 bits in CIMConv2d with axis 0!
Weight is fake quantized to 8 bits in CIMConv2d with axis 0!
I0612 14:42:14.950249 140210027202368 _utils.py:230] Output is fake quantized to 7 bits in CIMConv2d with axis None!
Output is fake quantized to 7 bits in CIMConv2d with axis None!
I0612 14:42:14.951588 140210027202368 _utils.py:224] Input is fake quantized to 8 bits in CIMConv2d with axis None!
Input is fake quantized to 8 bits in CIMConv2d with axis None!
I0612 14:42:14.951642 140210027202368 _utils.py:227] Weight is fake quantized to 8 bits in CIMConv2d with axis 0!
Weight is fake quantized to 8 bits in CIMConv2d with axis 0!
I0612 14:42:14.951674 140210027202368 _utils.py:230] Output is fake quantized to 7 bits in CIMConv2d with axis None!
Output is fake quantized to 7 bits in CIMConv2d with axis None!
I0612 14:42:14.953156 140210027202368 _utils.py:224] Input is fake quantized to 8 bits in CIMConv2d with axis None!
Input is fake quantized to 8 bits in CIMConv2d with axis None!
I0612 14:42:14.953211 140210027202368 _utils.py:227] Weight is fake quantized to 8 bits in CIMConv2d with axis 0!
Weight is fake quantized to 8 bits in CIMConv2d with axis 0!
I0612 14:42:14.953247 140210027202368 _utils.py:230] Output is fake quantized to 7 bits in CIMConv2d with axis None!
Output is fake quantized to 7 bits in CIMConv2d with axis None!
I0612 14:42:14.954396 140210027202368 _utils.py:224] Input is fake quantized to 8 bits in CIMConv2d with axis None!
Input is fake quantized to 8 bits in CIMConv2d with axis None!
I0612 14:42:14.954451 140210027202368 _utils.py:227] Weight is fake quantized to 8 bits in CIMConv2d with axis 0!
Weight is fake quantized to 8 bits in CIMConv2d with axis 0!
I0612 14:42:14.954483 140210027202368 _utils.py:230] Output is fake quantized to 7 bits in CIMConv2d with axis None!
Output is fake quantized to 7 bits in CIMConv2d with axis None!
I0612 14:42:14.956023 140210027202368 _utils.py:224] Input is fake quantized to 8 bits in CIMConv2d with axis None!
Input is fake quantized to 8 bits in CIMConv2d with axis None!
I0612 14:42:14.956078 140210027202368 _utils.py:227] Weight is fake quantized to 8 bits in CIMConv2d with axis 0!
Weight is fake quantized to 8 bits in CIMConv2d with axis 0!
I0612 14:42:14.956109 140210027202368 _utils.py:230] Output is fake quantized to 7 bits in CIMConv2d with axis None!
Output is fake quantized to 7 bits in CIMConv2d with axis None!
I0612 14:42:14.957604 140210027202368 _utils.py:224] Input is fake quantized to 8 bits in CIMConv2d with axis None!
Input is fake quantized to 8 bits in CIMConv2d with axis None!
I0612 14:42:14.957659 140210027202368 _utils.py:227] Weight is fake quantized to 8 bits in CIMConv2d with axis 0!
Weight is fake quantized to 8 bits in CIMConv2d with axis 0!
I0612 14:42:14.957695 140210027202368 _utils.py:230] Output is fake quantized to 7 bits in CIMConv2d with axis None!
Output is fake quantized to 7 bits in CIMConv2d with axis None!
I0612 14:42:14.959582 140210027202368 _utils.py:224] Input is fake quantized to 8 bits in CIMConv2d with axis None!
Input is fake quantized to 8 bits in CIMConv2d with axis None!
I0612 14:42:14.959639 140210027202368 _utils.py:227] Weight is fake quantized to 8 bits in CIMConv2d with axis 0!
Weight is fake quantized to 8 bits in CIMConv2d with axis 0!
I0612 14:42:14.959672 140210027202368 _utils.py:230] Output is fake quantized to 7 bits in CIMConv2d with axis None!
Output is fake quantized to 7 bits in CIMConv2d with axis None!
I0612 14:42:14.962294 140210027202368 _utils.py:224] Input is fake quantized to 8 bits in CIMConv2d with axis None!
Input is fake quantized to 8 bits in CIMConv2d with axis None!
I0612 14:42:14.962351 140210027202368 _utils.py:227] Weight is fake quantized to 8 bits in CIMConv2d with axis 0!
Weight is fake quantized to 8 bits in CIMConv2d with axis 0!
I0612 14:42:14.962383 140210027202368 _utils.py:230] Output is fake quantized to 7 bits in CIMConv2d with axis None!
Output is fake quantized to 7 bits in CIMConv2d with axis None!
I0612 14:42:14.963634 140210027202368 _utils.py:224] Input is fake quantized to 8 bits in CIMConv2d with axis None!
Input is fake quantized to 8 bits in CIMConv2d with axis None!
I0612 14:42:14.963688 140210027202368 _utils.py:227] Weight is fake quantized to 8 bits in CIMConv2d with axis 0!
Weight is fake quantized to 8 bits in CIMConv2d with axis 0!
I0612 14:42:14.963720 140210027202368 _utils.py:230] Output is fake quantized to 7 bits in CIMConv2d with axis None!
Output is fake quantized to 7 bits in CIMConv2d with axis None!
I0612 14:42:14.966364 140210027202368 _utils.py:224] Input is fake quantized to 8 bits in CIMConv2d with axis None!
Input is fake quantized to 8 bits in CIMConv2d with axis None!
I0612 14:42:14.966423 140210027202368 _utils.py:227] Weight is fake quantized to 8 bits in CIMConv2d with axis 0!
Weight is fake quantized to 8 bits in CIMConv2d with axis 0!
I0612 14:42:14.966455 140210027202368 _utils.py:230] Output is fake quantized to 7 bits in CIMConv2d with axis None!
Output is fake quantized to 7 bits in CIMConv2d with axis None!
I0612 14:42:14.969083 140210027202368 _utils.py:224] Input is fake quantized to 8 bits in CIMConv2d with axis None!
Input is fake quantized to 8 bits in CIMConv2d with axis None!
I0612 14:42:14.969139 140210027202368 _utils.py:227] Weight is fake quantized to 8 bits in CIMConv2d with axis 0!
Weight is fake quantized to 8 bits in CIMConv2d with axis 0!
I0612 14:42:14.969169 140210027202368 _utils.py:230] Output is fake quantized to 7 bits in CIMConv2d with axis None!
Output is fake quantized to 7 bits in CIMConv2d with axis None!
I0612 14:42:14.973345 140210027202368 _utils.py:224] Input is fake quantized to 8 bits in CIMConv2d with axis None!
Input is fake quantized to 8 bits in CIMConv2d with axis None!
I0612 14:42:14.973405 140210027202368 _utils.py:227] Weight is fake quantized to 8 bits in CIMConv2d with axis 0!
Weight is fake quantized to 8 bits in CIMConv2d with axis 0!
I0612 14:42:14.973436 140210027202368 _utils.py:230] Output is fake quantized to 7 bits in CIMConv2d with axis None!
Output is fake quantized to 7 bits in CIMConv2d with axis None!
I0612 14:42:14.980644 140210027202368 _utils.py:224] Input is fake quantized to 8 bits in CIMConv2d with axis None!
Input is fake quantized to 8 bits in CIMConv2d with axis None!
I0612 14:42:14.980708 140210027202368 _utils.py:227] Weight is fake quantized to 8 bits in CIMConv2d with axis 0!
Weight is fake quantized to 8 bits in CIMConv2d with axis 0!
I0612 14:42:14.980738 140210027202368 _utils.py:230] Output is fake quantized to 7 bits in CIMConv2d with axis None!
Output is fake quantized to 7 bits in CIMConv2d with axis None!
I0612 14:42:14.982266 140210027202368 _utils.py:224] Input is fake quantized to 8 bits in CIMConv2d with axis None!
Input is fake quantized to 8 bits in CIMConv2d with axis None!
I0612 14:42:14.982322 140210027202368 _utils.py:227] Weight is fake quantized to 8 bits in CIMConv2d with axis 0!
Weight is fake quantized to 8 bits in CIMConv2d with axis 0!
I0612 14:42:14.982353 140210027202368 _utils.py:230] Output is fake quantized to 7 bits in CIMConv2d with axis None!
Output is fake quantized to 7 bits in CIMConv2d with axis None!
I0612 14:42:14.989557 140210027202368 _utils.py:224] Input is fake quantized to 8 bits in CIMConv2d with axis None!
Input is fake quantized to 8 bits in CIMConv2d with axis None!
I0612 14:42:14.989620 140210027202368 _utils.py:227] Weight is fake quantized to 8 bits in CIMConv2d with axis 0!
Weight is fake quantized to 8 bits in CIMConv2d with axis 0!
I0612 14:42:14.989654 140210027202368 _utils.py:230] Output is fake quantized to 7 bits in CIMConv2d with axis None!
Output is fake quantized to 7 bits in CIMConv2d with axis None!
I0612 14:42:14.998011 140210027202368 _utils.py:224] Input is fake quantized to 8 bits in CIMConv2d with axis None!
Input is fake quantized to 8 bits in CIMConv2d with axis None!
I0612 14:42:14.998078 140210027202368 _utils.py:227] Weight is fake quantized to 8 bits in CIMConv2d with axis 0!
Weight is fake quantized to 8 bits in CIMConv2d with axis 0!
I0612 14:42:14.998110 140210027202368 _utils.py:230] Output is fake quantized to 7 bits in CIMConv2d with axis None!
Output is fake quantized to 7 bits in CIMConv2d with axis None!
I0612 14:42:14.999265 140210027202368 _utils.py:305] Input is fake quantized to 8 bits in CIMAdaptiveAvgPool2d with axis None!
Input is fake quantized to 8 bits in CIMAdaptiveAvgPool2d with axis None!
I0612 14:42:15.000051 140210027202368 _utils.py:224] Input is fake quantized to 8 bits in CIMLinear with axis None!
Input is fake quantized to 8 bits in CIMLinear with axis None!
I0612 14:42:15.000100 140210027202368 _utils.py:227] Weight is fake quantized to 8 bits in CIMLinear with axis 0!
Weight is fake quantized to 8 bits in CIMLinear with axis 0!
I0612 14:42:15.000130 140210027202368 _utils.py:230] Output is fake quantized to 7 bits in CIMLinear with axis None!
Output is fake quantized to 7 bits in CIMLinear with axis None!
log/default/adc_axis=None/adc_calib_method=max/adc_enable=1/adc_precision=7/adc_quant_method=scale/batch_size=400/bitcell=1/calib_batch_size=128/dac_precision=1/dataset=cifar10/detect=0/hardware=1/input_axis=None/input_calib_method=max/input_precision=8/mem_states_file=mem_states.csv/mem_type=capacitive/mode=TensorRT/model=resnet18/num_batches=-1/off_state=0.006/on_state=1.02e-11/optimize_adc=0/output_noise=0.0/output_noise_file=/parallel_read=64/ppa=1/rate_stuck_0=0.0/rate_stuck_1=0.0/read_noise=0.0/seed=1234/sub_array=[4096, 64]/t=1/target=0.0/test_name=test/v=0.0/v_list=[0.005, 0.005, 0.005, 0.005, 0.005, 0.005, 0.005, 0.005]/vdd=1/weight_axis=0/weight_calib_method=max/weight_precision=8
=================FLAGS==================
dataset: cifar10
model: resnet18
data_path: ./datasets
model_path: ./models/
test_name: test
mode: TensorRT
gpu: 0
batch_size: 400
calib_batch_size: 128
seed: 1234
logdir: log/default/adc_axis=None/adc_calib_method=max/adc_enable=1/adc_precision=7/adc_quant_method=scale/batch_size=400/bitcell=1/calib_batch_size=128/dac_precision=1/dataset=cifar10/detect=0/hardware=1/input_axis=None/input_calib_method=max/input_precision=8/mem_states_file=mem_states.csv/mem_type=capacitive/mode=TensorRT/model=resnet18/num_batches=-1/off_state=0.006/on_state=1.02e-11/optimize_adc=0/output_noise=0.0/output_noise_file=/parallel_read=64/ppa=1/rate_stuck_0=0.0/rate_stuck_1=0.0/read_noise=0.0/seed=1234/sub_array=[4096, 64]/t=1/target=0.0/test_name=test/v=0.0/v_list=[0.005, 0.005, 0.005, 0.005, 0.005, 0.005, 0.005, 0.005]/vdd=1/weight_axis=0/weight_calib_method=max/weight_precision=8
hardware: 1
ppa: 1
num_batches: -1
sub_array: [4096, 64]
parallel_read: 64
weight_precision: 8
input_precision: 8
dac_precision: 1
adc_precision: 7
bitcell: 1
mem_type: capacitive
off_state: 0.006
on_state: 1.02e-11
mem_states_file: mem_states.csv
vdd: 1
read_noise: 0.0
output_noise: 0.0
output_noise_file: 
t: 1
v: 0.0
v_list: [0.005, 0.005, 0.005, 0.005, 0.005, 0.005, 0.005, 0.005]
detect: 0
target: 0.0
rate_stuck_0: 0.0
rate_stuck_1: 0.0
input_calib_method: max
weight_calib_method: max
adc_calib_method: max
input_axis: None
weight_axis: 0
adc_axis: None
adc_quant_method: scale
optimize_adc: 0
adc_enable: 1
logger: <bound method Logger.info of <pytorch_quantization.utils.misc.Logger object at 0x7f83677ef4d0>>
========================================

Running in-memory computing functional simulation of resnet18 on cifar10 dataset...
Building CIFAR-10 data loader with 1 workers
Building CIFAR-10 data loader with 1 workers

Loading pretrained model ./models/resnet18_cifar10.pth...
ResNet(
  (conv1): Sequential(
    (0): CIMConv2d(
      3, 64, kernel_size=(3, 3), stride=(1, 1), padding=(1, 1), bias=False
      (_input_quantizer): TensorQuantizer(8bit fake per-tensor amax=dynamic calibrator=MaxCalibrator scale=1.0 quant)
      (_weight_quantizer): TensorQuantizer(8bit fake axis=0 amax=dynamic calibrator=MaxCalibrator scale=1.0 quant)
      (_adc_quantizer): TensorQuantizer(unsigned 7bit fake per-tensor amax=dynamic calibrator=MaxCalibrator scale=1.0 quant)
    )
    (1): BatchNorm2d(64, eps=1e-05, momentum=0.1, affine=True, track_running_stats=True)
    (2): ReLU(inplace=True)
  )
  (conv2_x): Sequential(
    (0): BasicBlock(
      (residual_function): Sequential(
        (0): CIMConv2d(
          64, 64, kernel_size=(3, 3), stride=(1, 1), padding=(1, 1), bias=False
          (_input_quantizer): TensorQuantizer(8bit fake per-tensor amax=dynamic calibrator=MaxCalibrator scale=1.0 quant)
          (_weight_quantizer): TensorQuantizer(8bit fake axis=0 amax=dynamic calibrator=MaxCalibrator scale=1.0 quant)
          (_adc_quantizer): TensorQuantizer(unsigned 7bit fake per-tensor amax=dynamic calibrator=MaxCalibrator scale=1.0 quant)
        )
        (1): BatchNorm2d(64, eps=1e-05, momentum=0.1, affine=True, track_running_stats=True)
        (2): ReLU(inplace=True)
        (3): CIMConv2d(
          64, 64, kernel_size=(3, 3), stride=(1, 1), padding=(1, 1), bias=False
          (_input_quantizer): TensorQuantizer(8bit fake per-tensor amax=dynamic calibrator=MaxCalibrator scale=1.0 quant)
          (_weight_quantizer): TensorQuantizer(8bit fake axis=0 amax=dynamic calibrator=MaxCalibrator scale=1.0 quant)
          (_adc_quantizer): TensorQuantizer(unsigned 7bit fake per-tensor amax=dynamic calibrator=MaxCalibrator scale=1.0 quant)
        )
        (4): BatchNorm2d(64, eps=1e-05, momentum=0.1, affine=True, track_running_stats=True)
      )
      (shortcut): Sequential()
    )
    (1): BasicBlock(
      (residual_function): Sequential(
        (0): CIMConv2d(
          64, 64, kernel_size=(3, 3), stride=(1, 1), padding=(1, 1), bias=False
          (_input_quantizer): TensorQuantizer(8bit fake per-tensor amax=dynamic calibrator=MaxCalibrator scale=1.0 quant)
          (_weight_quantizer): TensorQuantizer(8bit fake axis=0 amax=dynamic calibrator=MaxCalibrator scale=1.0 quant)
          (_adc_quantizer): TensorQuantizer(unsigned 7bit fake per-tensor amax=dynamic calibrator=MaxCalibrator scale=1.0 quant)
        )
        (1): BatchNorm2d(64, eps=1e-05, momentum=0.1, affine=True, track_running_stats=True)
        (2): ReLU(inplace=True)
        (3): CIMConv2d(
          64, 64, kernel_size=(3, 3), stride=(1, 1), padding=(1, 1), bias=False
          (_input_quantizer): TensorQuantizer(8bit fake per-tensor amax=dynamic calibrator=MaxCalibrator scale=1.0 quant)
          (_weight_quantizer): TensorQuantizer(8bit fake axis=0 amax=dynamic calibrator=MaxCalibrator scale=1.0 quant)
          (_adc_quantizer): TensorQuantizer(unsigned 7bit fake per-tensor amax=dynamic calibrator=MaxCalibrator scale=1.0 quant)
        )
        (4): BatchNorm2d(64, eps=1e-05, momentum=0.1, affine=True, track_running_stats=True)
      )
      (shortcut): Sequential()
    )
  )
  (conv3_x): Sequential(
    (0): BasicBlock(
      (residual_function): Sequential(
        (0): CIMConv2d(
          64, 128, kernel_size=(3, 3), stride=(2, 2), padding=(1, 1), bias=False
          (_input_quantizer): TensorQuantizer(8bit fake per-tensor amax=dynamic calibrator=MaxCalibrator scale=1.0 quant)
          (_weight_quantizer): TensorQuantizer(8bit fake axis=0 amax=dynamic calibrator=MaxCalibrator scale=1.0 quant)
          (_adc_quantizer): TensorQuantizer(unsigned 7bit fake per-tensor amax=dynamic calibrator=MaxCalibrator scale=1.0 quant)
        )
        (1): BatchNorm2d(128, eps=1e-05, momentum=0.1, affine=True, track_running_stats=True)
        (2): ReLU(inplace=True)
        (3): CIMConv2d(
          128, 128, kernel_size=(3, 3), stride=(1, 1), padding=(1, 1), bias=False
          (_input_quantizer): TensorQuantizer(8bit fake per-tensor amax=dynamic calibrator=MaxCalibrator scale=1.0 quant)
          (_weight_quantizer): TensorQuantizer(8bit fake axis=0 amax=dynamic calibrator=MaxCalibrator scale=1.0 quant)
          (_adc_quantizer): TensorQuantizer(unsigned 7bit fake per-tensor amax=dynamic calibrator=MaxCalibrator scale=1.0 quant)
        )
        (4): BatchNorm2d(128, eps=1e-05, momentum=0.1, affine=True, track_running_stats=True)
      )
      (shortcut): Sequential(
        (0): CIMConv2d(
          64, 128, kernel_size=(1, 1), stride=(2, 2), bias=False
          (_input_quantizer): TensorQuantizer(8bit fake per-tensor amax=dynamic calibrator=MaxCalibrator scale=1.0 quant)
          (_weight_quantizer): TensorQuantizer(8bit fake axis=0 amax=dynamic calibrator=MaxCalibrator scale=1.0 quant)
          (_adc_quantizer): TensorQuantizer(unsigned 7bit fake per-tensor amax=dynamic calibrator=MaxCalibrator scale=1.0 quant)
        )
        (1): BatchNorm2d(128, eps=1e-05, momentum=0.1, affine=True, track_running_stats=True)
      )
    )
    (1): BasicBlock(
      (residual_function): Sequential(
        (0): CIMConv2d(
          128, 128, kernel_size=(3, 3), stride=(1, 1), padding=(1, 1), bias=False
          (_input_quantizer): TensorQuantizer(8bit fake per-tensor amax=dynamic calibrator=MaxCalibrator scale=1.0 quant)
          (_weight_quantizer): TensorQuantizer(8bit fake axis=0 amax=dynamic calibrator=MaxCalibrator scale=1.0 quant)
          (_adc_quantizer): TensorQuantizer(unsigned 7bit fake per-tensor amax=dynamic calibrator=MaxCalibrator scale=1.0 quant)
        )
        (1): BatchNorm2d(128, eps=1e-05, momentum=0.1, affine=True, track_running_stats=True)
        (2): ReLU(inplace=True)
        (3): CIMConv2d(
          128, 128, kernel_size=(3, 3), stride=(1, 1), padding=(1, 1), bias=False
          (_input_quantizer): TensorQuantizer(8bit fake per-tensor amax=dynamic calibrator=MaxCalibrator scale=1.0 quant)
          (_weight_quantizer): TensorQuantizer(8bit fake axis=0 amax=dynamic calibrator=MaxCalibrator scale=1.0 quant)
          (_adc_quantizer): TensorQuantizer(unsigned 7bit fake per-tensor amax=dynamic calibrator=MaxCalibrator scale=1.0 quant)
        )
        (4): BatchNorm2d(128, eps=1e-05, momentum=0.1, affine=True, track_running_stats=True)
      )
      (shortcut): Sequential()
    )
  )
  (conv4_x): Sequential(
    (0): BasicBlock(
      (residual_function): Sequential(
        (0): CIMConv2d(
          128, 256, kernel_size=(3, 3), stride=(2, 2), padding=(1, 1), bias=False
          (_input_quantizer): TensorQuantizer(8bit fake per-tensor amax=dynamic calibrator=MaxCalibrator scale=1.0 quant)
          (_weight_quantizer): TensorQuantizer(8bit fake axis=0 amax=dynamic calibrator=MaxCalibrator scale=1.0 quant)
          (_adc_quantizer): TensorQuantizer(unsigned 7bit fake per-tensor amax=dynamic calibrator=MaxCalibrator scale=1.0 quant)
        )
        (1): BatchNorm2d(256, eps=1e-05, momentum=0.1, affine=True, track_running_stats=True)
        (2): ReLU(inplace=True)
        (3): CIMConv2d(
          256, 256, kernel_size=(3, 3), stride=(1, 1), padding=(1, 1), bias=False
          (_input_quantizer): TensorQuantizer(8bit fake per-tensor amax=dynamic calibrator=MaxCalibrator scale=1.0 quant)
          (_weight_quantizer): TensorQuantizer(8bit fake axis=0 amax=dynamic calibrator=MaxCalibrator scale=1.0 quant)
          (_adc_quantizer): TensorQuantizer(unsigned 7bit fake per-tensor amax=dynamic calibrator=MaxCalibrator scale=1.0 quant)
        )
        (4): BatchNorm2d(256, eps=1e-05, momentum=0.1, affine=True, track_running_stats=True)
      )
      (shortcut): Sequential(
        (0): CIMConv2d(
          128, 256, kernel_size=(1, 1), stride=(2, 2), bias=False
          (_input_quantizer): TensorQuantizer(8bit fake per-tensor amax=dynamic calibrator=MaxCalibrator scale=1.0 quant)
          (_weight_quantizer): TensorQuantizer(8bit fake axis=0 amax=dynamic calibrator=MaxCalibrator scale=1.0 quant)
          (_adc_quantizer): TensorQuantizer(unsigned 7bit fake per-tensor amax=dynamic calibrator=MaxCalibrator scale=1.0 quant)
        )
        (1): BatchNorm2d(256, eps=1e-05, momentum=0.1, affine=True, track_running_stats=True)
      )
    )
    (1): BasicBlock(
      (residual_function): Sequential(
        (0): CIMConv2d(
          256, 256, kernel_size=(3, 3), stride=(1, 1), padding=(1, 1), bias=False
          (_input_quantizer): TensorQuantizer(8bit fake per-tensor amax=dynamic calibrator=MaxCalibrator scale=1.0 quant)
          (_weight_quantizer): TensorQuantizer(8bit fake axis=0 amax=dynamic calibrator=MaxCalibrator scale=1.0 quant)
          (_adc_quantizer): TensorQuantizer(unsigned 7bit fake per-tensor amax=dynamic calibrator=MaxCalibrator scale=1.0 quant)
        )
        (1): BatchNorm2d(256, eps=1e-05, momentum=0.1, affine=True, track_running_stats=True)
        (2): ReLU(inplace=True)
        (3): CIMConv2d(
          256, 256, kernel_size=(3, 3), stride=(1, 1), padding=(1, 1), bias=False
          (_input_quantizer): TensorQuantizer(8bit fake per-tensor amax=dynamic calibrator=MaxCalibrator scale=1.0 quant)
          (_weight_quantizer): TensorQuantizer(8bit fake axis=0 amax=dynamic calibrator=MaxCalibrator scale=1.0 quant)
          (_adc_quantizer): TensorQuantizer(unsigned 7bit fake per-tensor amax=dynamic calibrator=MaxCalibrator scale=1.0 quant)
        )
        (4): BatchNorm2d(256, eps=1e-05, momentum=0.1, affine=True, track_running_stats=True)
      )
      (shortcut): Sequential()
    )
  )
  (conv5_x): Sequential(
    (0): BasicBlock(
      (residual_function): Sequential(
        (0): CIMConv2d(
          256, 512, kernel_size=(3, 3), stride=(2, 2), padding=(1, 1), bias=False
          (_input_quantizer): TensorQuantizer(8bit fake per-tensor amax=dynamic calibrator=MaxCalibrator scale=1.0 quant)
          (_weight_quantizer): TensorQuantizer(8bit fake axis=0 amax=dynamic calibrator=MaxCalibrator scale=1.0 quant)
          (_adc_quantizer): TensorQuantizer(unsigned 7bit fake per-tensor amax=dynamic calibrator=MaxCalibrator scale=1.0 quant)
        )
        (1): BatchNorm2d(512, eps=1e-05, momentum=0.1, affine=True, track_running_stats=True)
        (2): ReLU(inplace=True)
        (3): CIMConv2d(
          512, 512, kernel_size=(3, 3), stride=(1, 1), padding=(1, 1), bias=False
          (_input_quantizer): TensorQuantizer(8bit fake per-tensor amax=dynamic calibrator=MaxCalibrator scale=1.0 quant)
          (_weight_quantizer): TensorQuantizer(8bit fake axis=0 amax=dynamic calibrator=MaxCalibrator scale=1.0 quant)
          (_adc_quantizer): TensorQuantizer(unsigned 7bit fake per-tensor amax=dynamic calibrator=MaxCalibrator scale=1.0 quant)
        )
        (4): BatchNorm2d(512, eps=1e-05, momentum=0.1, affine=True, track_running_stats=True)
      )
      (shortcut): Sequential(
        (0): CIMConv2d(
          256, 512, kernel_size=(1, 1), stride=(2, 2), bias=False
          (_input_quantizer): TensorQuantizer(8bit fake per-tensor amax=dynamic calibrator=MaxCalibrator scale=1.0 quant)
          (_weight_quantizer): TensorQuantizer(8bit fake axis=0 amax=dynamic calibrator=MaxCalibrator scale=1.0 quant)
          (_adc_quantizer): TensorQuantizer(unsigned 7bit fake per-tensor amax=dynamic calibrator=MaxCalibrator scale=1.0 quant)
        )
        (1): BatchNorm2d(512, eps=1e-05, momentum=0.1, affine=True, track_running_stats=True)
      )
    )
    (1): BasicBlock(
      (residual_function): Sequential(
        (0): CIMConv2d(
          512, 512, kernel_size=(3, 3), stride=(1, 1), padding=(1, 1), bias=False
          (_input_quantizer): TensorQuantizer(8bit fake per-tensor amax=dynamic calibrator=MaxCalibrator scale=1.0 quant)
          (_weight_quantizer): TensorQuantizer(8bit fake axis=0 amax=dynamic calibrator=MaxCalibrator scale=1.0 quant)
          (_adc_quantizer): TensorQuantizer(unsigned 7bit fake per-tensor amax=dynamic calibrator=MaxCalibrator scale=1.0 quant)
        )
        (1): BatchNorm2d(512, eps=1e-05, momentum=0.1, affine=True, track_running_stats=True)
        (2): ReLU(inplace=True)
        (3): CIMConv2d(
          512, 512, kernel_size=(3, 3), stride=(1, 1), padding=(1, 1), bias=False
          (_input_quantizer): TensorQuantizer(8bit fake per-tensor amax=dynamic calibrator=MaxCalibrator scale=1.0 quant)
          (_weight_quantizer): TensorQuantizer(8bit fake axis=0 amax=dynamic calibrator=MaxCalibrator scale=1.0 quant)
          (_adc_quantizer): TensorQuantizer(unsigned 7bit fake per-tensor amax=dynamic calibrator=MaxCalibrator scale=1.0 quant)
        )
        (4): BatchNorm2d(512, eps=1e-05, momentum=0.1, affine=True, track_running_stats=True)
      )
      (shortcut): Sequential()
    )
  )
  (avg_pool): CIMAdaptiveAvgPool2d(
    output_size=(1, 1)
    (_input_quantizer): TensorQuantizer(8bit fake per-tensor amax=dynamic calibrator=MaxCalibrator scale=1.0 quant)
  )
  (fc): CIMLinear(
    in_features=512, out_features=10, bias=True
    (_input_quantizer): TensorQuantizer(8bit fake per-tensor amax=dynamic calibrator=MaxCalibrator scale=1.0 quant)
    (_weight_quantizer): TensorQuantizer(8bit fake axis=0 amax=dynamic calibrator=MaxCalibrator scale=1.0 quant)
    (_adc_quantizer): TensorQuantizer(unsigned 7bit fake per-tensor amax=dynamic calibrator=MaxCalibrator scale=1.0 quant)
  )
)
Evaluating baseline model...


  0%|          | 0/1 [00:00<?, ?it/s]
  0%|          | 0/1 [00:00<?, ?it/s]
Test Accuracy of the model on 400 test images: 12.75 %
Average Test loss: 2.3037919998168945

--------------------------------------------
evaluation time: 0.39591312408447266
Quantizing inputs and weights...
Collecting histograms...


  0%|          | 0/2 [00:00<?, ?it/s]I0612 14:42:15.487202 140210027202368 max.py:61] Calibrator encountered negative values. It shouldn't happen after ReLU. Make sure this is the right tensor to calibrate.
Calibrator encountered negative values. It shouldn't happen after ReLU. Make sure this is the right tensor to calibrate.

100%|██████████| 2/2 [00:00<00:00, 22.71it/s]
W0612 14:42:15.561856 140210027202368 tensor_quantizer.py:239] Call .cuda() if running on GPU after loading calibrated amax.
Call .cuda() if running on GPU after loading calibrated amax.

Computing amax... 

Finished quantizing inputs and weights.
Evaluating input and weight quantized model...


  0%|          | 0/1 [00:00<?, ?it/s]
  0%|          | 0/1 [00:00<?, ?it/s]
I0612 14:42:15.686035 140210027202368 misc.py:32] Running inference with detailed hardware simulation...
Running inference with detailed hardware simulation...
Test Accuracy of the model on 400 test images: 12.5 %
Average Test loss: 2.303790330886841

--------------------------------------------
evaluation time: 0.08673882484436035

  0%|          | 0/25 [00:00<?, ?it/s]
  4%|▍         | 1/25 [00:11<04:39, 11.63s/it]

-> [Auto-Interrupt] 4% batch mark reached! CSVs should be fully saved.
-> [Auto-Interrupt] Sending Ctrl+C (SIGTERM)...
-> integrationMode = CNA: recompiling...
-> Running NeuroSim Hardware Trace...
-> DONE! Saved hardware performance to results_resnet18_2T32C_256x256_CNA_no_pipeline.txt

-> integrationMode = CUA: recompiling...
-> Running NeuroSim Hardware Trace...
-> DONE! Saved hardware performance to results_resnet18_2T32C_256x256_CUA_no_pipeline.txt

-> integrationMode = CBA: recompiling...
-> Running NeuroSim Hardware Trace...
-> DONE! Saved hardware performance to results_resnet18_2T32C_256x256_CBA_no_pipeline.txt

        STARTING PIPELINE FOR 2T32C  512x512              
-> Updating Param.cpp...
-> Updating main.cpp...
-> Updating inference.py...
-> Compiling NeuroSim (make clean && make)...
-> Running inference.py (Waiting for 4% batch completion)...
/scratch/rxc5747/conda_envs/neurosim/lib/python3.11/site-packages/torchvision/datasets/cifar.py:83: VisibleDeprecationWarning: dtype(): align should be passed as Python or NumPy boolean but got `align=0`. Did you mean to pass a tuple to create a subarray type? (Deprecated NumPy 2.4)
  entry = pickle.load(f, encoding="latin1")
WARNING: Logging before flag parsing goes to stderr.
I0612 14:43:50.646883 139749405595456 _utils.py:224] Input is fake quantized to 8 bits in CIMConv2d with axis None!
Input is fake quantized to 8 bits in CIMConv2d with axis None!
I0612 14:43:50.647024 139749405595456 _utils.py:227] Weight is fake quantized to 8 bits in CIMConv2d with axis 0!
Weight is fake quantized to 8 bits in CIMConv2d with axis 0!
I0612 14:43:50.647073 139749405595456 _utils.py:230] Output is fake quantized to 7 bits in CIMConv2d with axis None!
Output is fake quantized to 7 bits in CIMConv2d with axis None!
I0612 14:43:50.668658 139749405595456 _utils.py:224] Input is fake quantized to 8 bits in CIMConv2d with axis None!
Input is fake quantized to 8 bits in CIMConv2d with axis None!
I0612 14:43:50.668759 139749405595456 _utils.py:227] Weight is fake quantized to 8 bits in CIMConv2d with axis 0!
Weight is fake quantized to 8 bits in CIMConv2d with axis 0!
I0612 14:43:50.668798 139749405595456 _utils.py:230] Output is fake quantized to 7 bits in CIMConv2d with axis None!
Output is fake quantized to 7 bits in CIMConv2d with axis None!
I0612 14:43:50.670100 139749405595456 _utils.py:224] Input is fake quantized to 8 bits in CIMConv2d with axis None!
Input is fake quantized to 8 bits in CIMConv2d with axis None!
I0612 14:43:50.670170 139749405595456 _utils.py:227] Weight is fake quantized to 8 bits in CIMConv2d with axis 0!
Weight is fake quantized to 8 bits in CIMConv2d with axis 0!
I0612 14:43:50.670216 139749405595456 _utils.py:230] Output is fake quantized to 7 bits in CIMConv2d with axis None!
Output is fake quantized to 7 bits in CIMConv2d with axis None!
I0612 14:43:50.671741 139749405595456 _utils.py:224] Input is fake quantized to 8 bits in CIMConv2d with axis None!
Input is fake quantized to 8 bits in CIMConv2d with axis None!
I0612 14:43:50.671800 139749405595456 _utils.py:227] Weight is fake quantized to 8 bits in CIMConv2d with axis 0!
Weight is fake quantized to 8 bits in CIMConv2d with axis 0!
I0612 14:43:50.671833 139749405595456 _utils.py:230] Output is fake quantized to 7 bits in CIMConv2d with axis None!
Output is fake quantized to 7 bits in CIMConv2d with axis None!
I0612 14:43:50.673055 139749405595456 _utils.py:224] Input is fake quantized to 8 bits in CIMConv2d with axis None!
Input is fake quantized to 8 bits in CIMConv2d with axis None!
I0612 14:43:50.673110 139749405595456 _utils.py:227] Weight is fake quantized to 8 bits in CIMConv2d with axis 0!
Weight is fake quantized to 8 bits in CIMConv2d with axis 0!
I0612 14:43:50.673141 139749405595456 _utils.py:230] Output is fake quantized to 7 bits in CIMConv2d with axis None!
Output is fake quantized to 7 bits in CIMConv2d with axis None!
I0612 14:43:50.674463 139749405595456 _utils.py:224] Input is fake quantized to 8 bits in CIMConv2d with axis None!
Input is fake quantized to 8 bits in CIMConv2d with axis None!
I0612 14:43:50.674519 139749405595456 _utils.py:227] Weight is fake quantized to 8 bits in CIMConv2d with axis 0!
Weight is fake quantized to 8 bits in CIMConv2d with axis 0!
I0612 14:43:50.674551 139749405595456 _utils.py:230] Output is fake quantized to 7 bits in CIMConv2d with axis None!
Output is fake quantized to 7 bits in CIMConv2d with axis None!
I0612 14:43:50.676065 139749405595456 _utils.py:224] Input is fake quantized to 8 bits in CIMConv2d with axis None!
Input is fake quantized to 8 bits in CIMConv2d with axis None!
I0612 14:43:50.676122 139749405595456 _utils.py:227] Weight is fake quantized to 8 bits in CIMConv2d with axis 0!
Weight is fake quantized to 8 bits in CIMConv2d with axis 0!
I0612 14:43:50.676160 139749405595456 _utils.py:230] Output is fake quantized to 7 bits in CIMConv2d with axis None!
Output is fake quantized to 7 bits in CIMConv2d with axis None!
I0612 14:43:50.677313 139749405595456 _utils.py:224] Input is fake quantized to 8 bits in CIMConv2d with axis None!
Input is fake quantized to 8 bits in CIMConv2d with axis None!
I0612 14:43:50.677369 139749405595456 _utils.py:227] Weight is fake quantized to 8 bits in CIMConv2d with axis 0!
Weight is fake quantized to 8 bits in CIMConv2d with axis 0!
I0612 14:43:50.677405 139749405595456 _utils.py:230] Output is fake quantized to 7 bits in CIMConv2d with axis None!
Output is fake quantized to 7 bits in CIMConv2d with axis None!
I0612 14:43:50.678938 139749405595456 _utils.py:224] Input is fake quantized to 8 bits in CIMConv2d with axis None!
Input is fake quantized to 8 bits in CIMConv2d with axis None!
I0612 14:43:50.678993 139749405595456 _utils.py:227] Weight is fake quantized to 8 bits in CIMConv2d with axis 0!
Weight is fake quantized to 8 bits in CIMConv2d with axis 0!
I0612 14:43:50.679028 139749405595456 _utils.py:230] Output is fake quantized to 7 bits in CIMConv2d with axis None!
Output is fake quantized to 7 bits in CIMConv2d with axis None!
I0612 14:43:50.680501 139749405595456 _utils.py:224] Input is fake quantized to 8 bits in CIMConv2d with axis None!
Input is fake quantized to 8 bits in CIMConv2d with axis None!
I0612 14:43:50.680556 139749405595456 _utils.py:227] Weight is fake quantized to 8 bits in CIMConv2d with axis 0!
Weight is fake quantized to 8 bits in CIMConv2d with axis 0!
I0612 14:43:50.680596 139749405595456 _utils.py:230] Output is fake quantized to 7 bits in CIMConv2d with axis None!
Output is fake quantized to 7 bits in CIMConv2d with axis None!
I0612 14:43:50.682478 139749405595456 _utils.py:224] Input is fake quantized to 8 bits in CIMConv2d with axis None!
Input is fake quantized to 8 bits in CIMConv2d with axis None!
I0612 14:43:50.682535 139749405595456 _utils.py:227] Weight is fake quantized to 8 bits in CIMConv2d with axis 0!
Weight is fake quantized to 8 bits in CIMConv2d with axis 0!
I0612 14:43:50.682574 139749405595456 _utils.py:230] Output is fake quantized to 7 bits in CIMConv2d with axis None!
Output is fake quantized to 7 bits in CIMConv2d with axis None!
I0612 14:43:50.685202 139749405595456 _utils.py:224] Input is fake quantized to 8 bits in CIMConv2d with axis None!
Input is fake quantized to 8 bits in CIMConv2d with axis None!
I0612 14:43:50.685260 139749405595456 _utils.py:227] Weight is fake quantized to 8 bits in CIMConv2d with axis 0!
Weight is fake quantized to 8 bits in CIMConv2d with axis 0!
I0612 14:43:50.685295 139749405595456 _utils.py:230] Output is fake quantized to 7 bits in CIMConv2d with axis None!
Output is fake quantized to 7 bits in CIMConv2d with axis None!
I0612 14:43:50.686537 139749405595456 _utils.py:224] Input is fake quantized to 8 bits in CIMConv2d with axis None!
Input is fake quantized to 8 bits in CIMConv2d with axis None!
I0612 14:43:50.686600 139749405595456 _utils.py:227] Weight is fake quantized to 8 bits in CIMConv2d with axis 0!
Weight is fake quantized to 8 bits in CIMConv2d with axis 0!
I0612 14:43:50.686632 139749405595456 _utils.py:230] Output is fake quantized to 7 bits in CIMConv2d with axis None!
Output is fake quantized to 7 bits in CIMConv2d with axis None!
I0612 14:43:50.689264 139749405595456 _utils.py:224] Input is fake quantized to 8 bits in CIMConv2d with axis None!
Input is fake quantized to 8 bits in CIMConv2d with axis None!
I0612 14:43:50.689322 139749405595456 _utils.py:227] Weight is fake quantized to 8 bits in CIMConv2d with axis 0!
Weight is fake quantized to 8 bits in CIMConv2d with axis 0!
I0612 14:43:50.689354 139749405595456 _utils.py:230] Output is fake quantized to 7 bits in CIMConv2d with axis None!
Output is fake quantized to 7 bits in CIMConv2d with axis None!
I0612 14:43:50.691984 139749405595456 _utils.py:224] Input is fake quantized to 8 bits in CIMConv2d with axis None!
Input is fake quantized to 8 bits in CIMConv2d with axis None!
I0612 14:43:50.692041 139749405595456 _utils.py:227] Weight is fake quantized to 8 bits in CIMConv2d with axis 0!
Weight is fake quantized to 8 bits in CIMConv2d with axis 0!
I0612 14:43:50.692073 139749405595456 _utils.py:230] Output is fake quantized to 7 bits in CIMConv2d with axis None!
Output is fake quantized to 7 bits in CIMConv2d with axis None!
I0612 14:43:50.696254 139749405595456 _utils.py:224] Input is fake quantized to 8 bits in CIMConv2d with axis None!
Input is fake quantized to 8 bits in CIMConv2d with axis None!
I0612 14:43:50.696312 139749405595456 _utils.py:227] Weight is fake quantized to 8 bits in CIMConv2d with axis 0!
Weight is fake quantized to 8 bits in CIMConv2d with axis 0!
I0612 14:43:50.696343 139749405595456 _utils.py:230] Output is fake quantized to 7 bits in CIMConv2d with axis None!
Output is fake quantized to 7 bits in CIMConv2d with axis None!
I0612 14:43:50.703536 139749405595456 _utils.py:224] Input is fake quantized to 8 bits in CIMConv2d with axis None!
Input is fake quantized to 8 bits in CIMConv2d with axis None!
I0612 14:43:50.703604 139749405595456 _utils.py:227] Weight is fake quantized to 8 bits in CIMConv2d with axis 0!
Weight is fake quantized to 8 bits in CIMConv2d with axis 0!
I0612 14:43:50.703636 139749405595456 _utils.py:230] Output is fake quantized to 7 bits in CIMConv2d with axis None!
Output is fake quantized to 7 bits in CIMConv2d with axis None!
I0612 14:43:50.705176 139749405595456 _utils.py:224] Input is fake quantized to 8 bits in CIMConv2d with axis None!
Input is fake quantized to 8 bits in CIMConv2d with axis None!
I0612 14:43:50.705232 139749405595456 _utils.py:227] Weight is fake quantized to 8 bits in CIMConv2d with axis 0!
Weight is fake quantized to 8 bits in CIMConv2d with axis 0!
I0612 14:43:50.705267 139749405595456 _utils.py:230] Output is fake quantized to 7 bits in CIMConv2d with axis None!
Output is fake quantized to 7 bits in CIMConv2d with axis None!
I0612 14:43:50.712463 139749405595456 _utils.py:224] Input is fake quantized to 8 bits in CIMConv2d with axis None!
Input is fake quantized to 8 bits in CIMConv2d with axis None!
I0612 14:43:50.712523 139749405595456 _utils.py:227] Weight is fake quantized to 8 bits in CIMConv2d with axis 0!
Weight is fake quantized to 8 bits in CIMConv2d with axis 0!
I0612 14:43:50.712558 139749405595456 _utils.py:230] Output is fake quantized to 7 bits in CIMConv2d with axis None!
Output is fake quantized to 7 bits in CIMConv2d with axis None!
I0612 14:43:50.720992 139749405595456 _utils.py:224] Input is fake quantized to 8 bits in CIMConv2d with axis None!
Input is fake quantized to 8 bits in CIMConv2d with axis None!
I0612 14:43:50.721057 139749405595456 _utils.py:227] Weight is fake quantized to 8 bits in CIMConv2d with axis 0!
Weight is fake quantized to 8 bits in CIMConv2d with axis 0!
I0612 14:43:50.721089 139749405595456 _utils.py:230] Output is fake quantized to 7 bits in CIMConv2d with axis None!
Output is fake quantized to 7 bits in CIMConv2d with axis None!
I0612 14:43:50.722243 139749405595456 _utils.py:305] Input is fake quantized to 8 bits in CIMAdaptiveAvgPool2d with axis None!
Input is fake quantized to 8 bits in CIMAdaptiveAvgPool2d with axis None!
I0612 14:43:50.723020 139749405595456 _utils.py:224] Input is fake quantized to 8 bits in CIMLinear with axis None!
Input is fake quantized to 8 bits in CIMLinear with axis None!
I0612 14:43:50.723068 139749405595456 _utils.py:227] Weight is fake quantized to 8 bits in CIMLinear with axis 0!
Weight is fake quantized to 8 bits in CIMLinear with axis 0!
I0612 14:43:50.723099 139749405595456 _utils.py:230] Output is fake quantized to 7 bits in CIMLinear with axis None!
Output is fake quantized to 7 bits in CIMLinear with axis None!
log/default/adc_axis=None/adc_calib_method=max/adc_enable=1/adc_precision=7/adc_quant_method=scale/batch_size=400/bitcell=1/calib_batch_size=128/dac_precision=1/dataset=cifar10/detect=0/hardware=1/input_axis=None/input_calib_method=max/input_precision=8/mem_states_file=mem_states.csv/mem_type=capacitive/mode=TensorRT/model=resnet18/num_batches=-1/off_state=0.006/on_state=1.02e-11/optimize_adc=0/output_noise=0.0/output_noise_file=/parallel_read=64/ppa=1/rate_stuck_0=0.0/rate_stuck_1=0.0/read_noise=0.0/seed=1234/sub_array=[4096, 64]/t=1/target=0.0/test_name=test/v=0.0/v_list=[0.005, 0.005, 0.005, 0.005, 0.005, 0.005, 0.005, 0.005]/vdd=1/weight_axis=0/weight_calib_method=max/weight_precision=8
=================FLAGS==================
dataset: cifar10
model: resnet18
data_path: ./datasets
model_path: ./models/
test_name: test
mode: TensorRT
gpu: 0
batch_size: 400
calib_batch_size: 128
seed: 1234
logdir: log/default/adc_axis=None/adc_calib_method=max/adc_enable=1/adc_precision=7/adc_quant_method=scale/batch_size=400/bitcell=1/calib_batch_size=128/dac_precision=1/dataset=cifar10/detect=0/hardware=1/input_axis=None/input_calib_method=max/input_precision=8/mem_states_file=mem_states.csv/mem_type=capacitive/mode=TensorRT/model=resnet18/num_batches=-1/off_state=0.006/on_state=1.02e-11/optimize_adc=0/output_noise=0.0/output_noise_file=/parallel_read=64/ppa=1/rate_stuck_0=0.0/rate_stuck_1=0.0/read_noise=0.0/seed=1234/sub_array=[4096, 64]/t=1/target=0.0/test_name=test/v=0.0/v_list=[0.005, 0.005, 0.005, 0.005, 0.005, 0.005, 0.005, 0.005]/vdd=1/weight_axis=0/weight_calib_method=max/weight_precision=8
hardware: 1
ppa: 1
num_batches: -1
sub_array: [4096, 64]
parallel_read: 64
weight_precision: 8
input_precision: 8
dac_precision: 1
adc_precision: 7
bitcell: 1
mem_type: capacitive
off_state: 0.006
on_state: 1.02e-11
mem_states_file: mem_states.csv
vdd: 1
read_noise: 0.0
output_noise: 0.0
output_noise_file: 
t: 1
v: 0.0
v_list: [0.005, 0.005, 0.005, 0.005, 0.005, 0.005, 0.005, 0.005]
detect: 0
target: 0.0
rate_stuck_0: 0.0
rate_stuck_1: 0.0
input_calib_method: max
weight_calib_method: max
adc_calib_method: max
input_axis: None
weight_axis: 0
adc_axis: None
adc_quant_method: scale
optimize_adc: 0
adc_enable: 1
logger: <bound method Logger.info of <pytorch_quantization.utils.misc.Logger object at 0x7f18282f80d0>>
========================================

Running in-memory computing functional simulation of resnet18 on cifar10 dataset...
Building CIFAR-10 data loader with 1 workers
Building CIFAR-10 data loader with 1 workers

Loading pretrained model ./models/resnet18_cifar10.pth...
ResNet(
  (conv1): Sequential(
    (0): CIMConv2d(
      3, 64, kernel_size=(3, 3), stride=(1, 1), padding=(1, 1), bias=False
      (_input_quantizer): TensorQuantizer(8bit fake per-tensor amax=dynamic calibrator=MaxCalibrator scale=1.0 quant)
      (_weight_quantizer): TensorQuantizer(8bit fake axis=0 amax=dynamic calibrator=MaxCalibrator scale=1.0 quant)
      (_adc_quantizer): TensorQuantizer(unsigned 7bit fake per-tensor amax=dynamic calibrator=MaxCalibrator scale=1.0 quant)
    )
    (1): BatchNorm2d(64, eps=1e-05, momentum=0.1, affine=True, track_running_stats=True)
    (2): ReLU(inplace=True)
  )
  (conv2_x): Sequential(
    (0): BasicBlock(
      (residual_function): Sequential(
        (0): CIMConv2d(
          64, 64, kernel_size=(3, 3), stride=(1, 1), padding=(1, 1), bias=False
          (_input_quantizer): TensorQuantizer(8bit fake per-tensor amax=dynamic calibrator=MaxCalibrator scale=1.0 quant)
          (_weight_quantizer): TensorQuantizer(8bit fake axis=0 amax=dynamic calibrator=MaxCalibrator scale=1.0 quant)
          (_adc_quantizer): TensorQuantizer(unsigned 7bit fake per-tensor amax=dynamic calibrator=MaxCalibrator scale=1.0 quant)
        )
        (1): BatchNorm2d(64, eps=1e-05, momentum=0.1, affine=True, track_running_stats=True)
        (2): ReLU(inplace=True)
        (3): CIMConv2d(
          64, 64, kernel_size=(3, 3), stride=(1, 1), padding=(1, 1), bias=False
          (_input_quantizer): TensorQuantizer(8bit fake per-tensor amax=dynamic calibrator=MaxCalibrator scale=1.0 quant)
          (_weight_quantizer): TensorQuantizer(8bit fake axis=0 amax=dynamic calibrator=MaxCalibrator scale=1.0 quant)
          (_adc_quantizer): TensorQuantizer(unsigned 7bit fake per-tensor amax=dynamic calibrator=MaxCalibrator scale=1.0 quant)
        )
        (4): BatchNorm2d(64, eps=1e-05, momentum=0.1, affine=True, track_running_stats=True)
      )
      (shortcut): Sequential()
    )
    (1): BasicBlock(
      (residual_function): Sequential(
        (0): CIMConv2d(
          64, 64, kernel_size=(3, 3), stride=(1, 1), padding=(1, 1), bias=False
          (_input_quantizer): TensorQuantizer(8bit fake per-tensor amax=dynamic calibrator=MaxCalibrator scale=1.0 quant)
          (_weight_quantizer): TensorQuantizer(8bit fake axis=0 amax=dynamic calibrator=MaxCalibrator scale=1.0 quant)
          (_adc_quantizer): TensorQuantizer(unsigned 7bit fake per-tensor amax=dynamic calibrator=MaxCalibrator scale=1.0 quant)
        )
        (1): BatchNorm2d(64, eps=1e-05, momentum=0.1, affine=True, track_running_stats=True)
        (2): ReLU(inplace=True)
        (3): CIMConv2d(
          64, 64, kernel_size=(3, 3), stride=(1, 1), padding=(1, 1), bias=False
          (_input_quantizer): TensorQuantizer(8bit fake per-tensor amax=dynamic calibrator=MaxCalibrator scale=1.0 quant)
          (_weight_quantizer): TensorQuantizer(8bit fake axis=0 amax=dynamic calibrator=MaxCalibrator scale=1.0 quant)
          (_adc_quantizer): TensorQuantizer(unsigned 7bit fake per-tensor amax=dynamic calibrator=MaxCalibrator scale=1.0 quant)
        )
        (4): BatchNorm2d(64, eps=1e-05, momentum=0.1, affine=True, track_running_stats=True)
      )
      (shortcut): Sequential()
    )
  )
  (conv3_x): Sequential(
    (0): BasicBlock(
      (residual_function): Sequential(
        (0): CIMConv2d(
          64, 128, kernel_size=(3, 3), stride=(2, 2), padding=(1, 1), bias=False
          (_input_quantizer): TensorQuantizer(8bit fake per-tensor amax=dynamic calibrator=MaxCalibrator scale=1.0 quant)
          (_weight_quantizer): TensorQuantizer(8bit fake axis=0 amax=dynamic calibrator=MaxCalibrator scale=1.0 quant)
          (_adc_quantizer): TensorQuantizer(unsigned 7bit fake per-tensor amax=dynamic calibrator=MaxCalibrator scale=1.0 quant)
        )
        (1): BatchNorm2d(128, eps=1e-05, momentum=0.1, affine=True, track_running_stats=True)
        (2): ReLU(inplace=True)
        (3): CIMConv2d(
          128, 128, kernel_size=(3, 3), stride=(1, 1), padding=(1, 1), bias=False
          (_input_quantizer): TensorQuantizer(8bit fake per-tensor amax=dynamic calibrator=MaxCalibrator scale=1.0 quant)
          (_weight_quantizer): TensorQuantizer(8bit fake axis=0 amax=dynamic calibrator=MaxCalibrator scale=1.0 quant)
          (_adc_quantizer): TensorQuantizer(unsigned 7bit fake per-tensor amax=dynamic calibrator=MaxCalibrator scale=1.0 quant)
        )
        (4): BatchNorm2d(128, eps=1e-05, momentum=0.1, affine=True, track_running_stats=True)
      )
      (shortcut): Sequential(
        (0): CIMConv2d(
          64, 128, kernel_size=(1, 1), stride=(2, 2), bias=False
          (_input_quantizer): TensorQuantizer(8bit fake per-tensor amax=dynamic calibrator=MaxCalibrator scale=1.0 quant)
          (_weight_quantizer): TensorQuantizer(8bit fake axis=0 amax=dynamic calibrator=MaxCalibrator scale=1.0 quant)
          (_adc_quantizer): TensorQuantizer(unsigned 7bit fake per-tensor amax=dynamic calibrator=MaxCalibrator scale=1.0 quant)
        )
        (1): BatchNorm2d(128, eps=1e-05, momentum=0.1, affine=True, track_running_stats=True)
      )
    )
    (1): BasicBlock(
      (residual_function): Sequential(
        (0): CIMConv2d(
          128, 128, kernel_size=(3, 3), stride=(1, 1), padding=(1, 1), bias=False
          (_input_quantizer): TensorQuantizer(8bit fake per-tensor amax=dynamic calibrator=MaxCalibrator scale=1.0 quant)
          (_weight_quantizer): TensorQuantizer(8bit fake axis=0 amax=dynamic calibrator=MaxCalibrator scale=1.0 quant)
          (_adc_quantizer): TensorQuantizer(unsigned 7bit fake per-tensor amax=dynamic calibrator=MaxCalibrator scale=1.0 quant)
        )
        (1): BatchNorm2d(128, eps=1e-05, momentum=0.1, affine=True, track_running_stats=True)
        (2): ReLU(inplace=True)
        (3): CIMConv2d(
          128, 128, kernel_size=(3, 3), stride=(1, 1), padding=(1, 1), bias=False
          (_input_quantizer): TensorQuantizer(8bit fake per-tensor amax=dynamic calibrator=MaxCalibrator scale=1.0 quant)
          (_weight_quantizer): TensorQuantizer(8bit fake axis=0 amax=dynamic calibrator=MaxCalibrator scale=1.0 quant)
          (_adc_quantizer): TensorQuantizer(unsigned 7bit fake per-tensor amax=dynamic calibrator=MaxCalibrator scale=1.0 quant)
        )
        (4): BatchNorm2d(128, eps=1e-05, momentum=0.1, affine=True, track_running_stats=True)
      )
      (shortcut): Sequential()
    )
  )
  (conv4_x): Sequential(
    (0): BasicBlock(
      (residual_function): Sequential(
        (0): CIMConv2d(
          128, 256, kernel_size=(3, 3), stride=(2, 2), padding=(1, 1), bias=False
          (_input_quantizer): TensorQuantizer(8bit fake per-tensor amax=dynamic calibrator=MaxCalibrator scale=1.0 quant)
          (_weight_quantizer): TensorQuantizer(8bit fake axis=0 amax=dynamic calibrator=MaxCalibrator scale=1.0 quant)
          (_adc_quantizer): TensorQuantizer(unsigned 7bit fake per-tensor amax=dynamic calibrator=MaxCalibrator scale=1.0 quant)
        )
        (1): BatchNorm2d(256, eps=1e-05, momentum=0.1, affine=True, track_running_stats=True)
        (2): ReLU(inplace=True)
        (3): CIMConv2d(
          256, 256, kernel_size=(3, 3), stride=(1, 1), padding=(1, 1), bias=False
          (_input_quantizer): TensorQuantizer(8bit fake per-tensor amax=dynamic calibrator=MaxCalibrator scale=1.0 quant)
          (_weight_quantizer): TensorQuantizer(8bit fake axis=0 amax=dynamic calibrator=MaxCalibrator scale=1.0 quant)
          (_adc_quantizer): TensorQuantizer(unsigned 7bit fake per-tensor amax=dynamic calibrator=MaxCalibrator scale=1.0 quant)
        )
        (4): BatchNorm2d(256, eps=1e-05, momentum=0.1, affine=True, track_running_stats=True)
      )
      (shortcut): Sequential(
        (0): CIMConv2d(
          128, 256, kernel_size=(1, 1), stride=(2, 2), bias=False
          (_input_quantizer): TensorQuantizer(8bit fake per-tensor amax=dynamic calibrator=MaxCalibrator scale=1.0 quant)
          (_weight_quantizer): TensorQuantizer(8bit fake axis=0 amax=dynamic calibrator=MaxCalibrator scale=1.0 quant)
          (_adc_quantizer): TensorQuantizer(unsigned 7bit fake per-tensor amax=dynamic calibrator=MaxCalibrator scale=1.0 quant)
        )
        (1): BatchNorm2d(256, eps=1e-05, momentum=0.1, affine=True, track_running_stats=True)
      )
    )
    (1): BasicBlock(
      (residual_function): Sequential(
        (0): CIMConv2d(
          256, 256, kernel_size=(3, 3), stride=(1, 1), padding=(1, 1), bias=False
          (_input_quantizer): TensorQuantizer(8bit fake per-tensor amax=dynamic calibrator=MaxCalibrator scale=1.0 quant)
          (_weight_quantizer): TensorQuantizer(8bit fake axis=0 amax=dynamic calibrator=MaxCalibrator scale=1.0 quant)
          (_adc_quantizer): TensorQuantizer(unsigned 7bit fake per-tensor amax=dynamic calibrator=MaxCalibrator scale=1.0 quant)
        )
        (1): BatchNorm2d(256, eps=1e-05, momentum=0.1, affine=True, track_running_stats=True)
        (2): ReLU(inplace=True)
        (3): CIMConv2d(
          256, 256, kernel_size=(3, 3), stride=(1, 1), padding=(1, 1), bias=False
          (_input_quantizer): TensorQuantizer(8bit fake per-tensor amax=dynamic calibrator=MaxCalibrator scale=1.0 quant)
          (_weight_quantizer): TensorQuantizer(8bit fake axis=0 amax=dynamic calibrator=MaxCalibrator scale=1.0 quant)
          (_adc_quantizer): TensorQuantizer(unsigned 7bit fake per-tensor amax=dynamic calibrator=MaxCalibrator scale=1.0 quant)
        )
        (4): BatchNorm2d(256, eps=1e-05, momentum=0.1, affine=True, track_running_stats=True)
      )
      (shortcut): Sequential()
    )
  )
  (conv5_x): Sequential(
    (0): BasicBlock(
      (residual_function): Sequential(
        (0): CIMConv2d(
          256, 512, kernel_size=(3, 3), stride=(2, 2), padding=(1, 1), bias=False
          (_input_quantizer): TensorQuantizer(8bit fake per-tensor amax=dynamic calibrator=MaxCalibrator scale=1.0 quant)
          (_weight_quantizer): TensorQuantizer(8bit fake axis=0 amax=dynamic calibrator=MaxCalibrator scale=1.0 quant)
          (_adc_quantizer): TensorQuantizer(unsigned 7bit fake per-tensor amax=dynamic calibrator=MaxCalibrator scale=1.0 quant)
        )
        (1): BatchNorm2d(512, eps=1e-05, momentum=0.1, affine=True, track_running_stats=True)
        (2): ReLU(inplace=True)
        (3): CIMConv2d(
          512, 512, kernel_size=(3, 3), stride=(1, 1), padding=(1, 1), bias=False
          (_input_quantizer): TensorQuantizer(8bit fake per-tensor amax=dynamic calibrator=MaxCalibrator scale=1.0 quant)
          (_weight_quantizer): TensorQuantizer(8bit fake axis=0 amax=dynamic calibrator=MaxCalibrator scale=1.0 quant)
          (_adc_quantizer): TensorQuantizer(unsigned 7bit fake per-tensor amax=dynamic calibrator=MaxCalibrator scale=1.0 quant)
        )
        (4): BatchNorm2d(512, eps=1e-05, momentum=0.1, affine=True, track_running_stats=True)
      )
      (shortcut): Sequential(
        (0): CIMConv2d(
          256, 512, kernel_size=(1, 1), stride=(2, 2), bias=False
          (_input_quantizer): TensorQuantizer(8bit fake per-tensor amax=dynamic calibrator=MaxCalibrator scale=1.0 quant)
          (_weight_quantizer): TensorQuantizer(8bit fake axis=0 amax=dynamic calibrator=MaxCalibrator scale=1.0 quant)
          (_adc_quantizer): TensorQuantizer(unsigned 7bit fake per-tensor amax=dynamic calibrator=MaxCalibrator scale=1.0 quant)
        )
        (1): BatchNorm2d(512, eps=1e-05, momentum=0.1, affine=True, track_running_stats=True)
      )
    )
    (1): BasicBlock(
      (residual_function): Sequential(
        (0): CIMConv2d(
          512, 512, kernel_size=(3, 3), stride=(1, 1), padding=(1, 1), bias=False
          (_input_quantizer): TensorQuantizer(8bit fake per-tensor amax=dynamic calibrator=MaxCalibrator scale=1.0 quant)
          (_weight_quantizer): TensorQuantizer(8bit fake axis=0 amax=dynamic calibrator=MaxCalibrator scale=1.0 quant)
          (_adc_quantizer): TensorQuantizer(unsigned 7bit fake per-tensor amax=dynamic calibrator=MaxCalibrator scale=1.0 quant)
        )
        (1): BatchNorm2d(512, eps=1e-05, momentum=0.1, affine=True, track_running_stats=True)
        (2): ReLU(inplace=True)
        (3): CIMConv2d(
          512, 512, kernel_size=(3, 3), stride=(1, 1), padding=(1, 1), bias=False
          (_input_quantizer): TensorQuantizer(8bit fake per-tensor amax=dynamic calibrator=MaxCalibrator scale=1.0 quant)
          (_weight_quantizer): TensorQuantizer(8bit fake axis=0 amax=dynamic calibrator=MaxCalibrator scale=1.0 quant)
          (_adc_quantizer): TensorQuantizer(unsigned 7bit fake per-tensor amax=dynamic calibrator=MaxCalibrator scale=1.0 quant)
        )
        (4): BatchNorm2d(512, eps=1e-05, momentum=0.1, affine=True, track_running_stats=True)
      )
      (shortcut): Sequential()
    )
  )
  (avg_pool): CIMAdaptiveAvgPool2d(
    output_size=(1, 1)
    (_input_quantizer): TensorQuantizer(8bit fake per-tensor amax=dynamic calibrator=MaxCalibrator scale=1.0 quant)
  )
  (fc): CIMLinear(
    in_features=512, out_features=10, bias=True
    (_input_quantizer): TensorQuantizer(8bit fake per-tensor amax=dynamic calibrator=MaxCalibrator scale=1.0 quant)
    (_weight_quantizer): TensorQuantizer(8bit fake axis=0 amax=dynamic calibrator=MaxCalibrator scale=1.0 quant)
    (_adc_quantizer): TensorQuantizer(unsigned 7bit fake per-tensor amax=dynamic calibrator=MaxCalibrator scale=1.0 quant)
  )
)
Evaluating baseline model...


  0%|          | 0/1 [00:00<?, ?it/s]
  0%|          | 0/1 [00:00<?, ?it/s]
Test Accuracy of the model on 400 test images: 12.75 %
Average Test loss: 2.3037919998168945

--------------------------------------------
evaluation time: 0.4101560115814209
Quantizing inputs and weights...
Collecting histograms...


  0%|          | 0/2 [00:00<?, ?it/s]I0612 14:43:51.223504 139749405595456 max.py:61] Calibrator encountered negative values. It shouldn't happen after ReLU. Make sure this is the right tensor to calibrate.
Calibrator encountered negative values. It shouldn't happen after ReLU. Make sure this is the right tensor to calibrate.

100%|██████████| 2/2 [00:00<00:00, 21.99it/s]
W0612 14:43:51.300627 139749405595456 tensor_quantizer.py:239] Call .cuda() if running on GPU after loading calibrated amax.
Call .cuda() if running on GPU after loading calibrated amax.

Computing amax... 

Finished quantizing inputs and weights.
Evaluating input and weight quantized model...


  0%|          | 0/1 [00:00<?, ?it/s]
  0%|          | 0/1 [00:00<?, ?it/s]
I0612 14:43:51.424855 139749405595456 misc.py:32] Running inference with detailed hardware simulation...
Running inference with detailed hardware simulation...
Test Accuracy of the model on 400 test images: 12.5 %
Average Test loss: 2.303790330886841

--------------------------------------------
evaluation time: 0.08532071113586426

  0%|          | 0/25 [00:00<?, ?it/s]
  4%|▍         | 1/25 [00:11<04:39, 11.63s/it]

-> [Auto-Interrupt] 4% batch mark reached! CSVs should be fully saved.
-> [Auto-Interrupt] Sending Ctrl+C (SIGTERM)...
-> integrationMode = CNA: recompiling...
-> Running NeuroSim Hardware Trace...
-> DONE! Saved hardware performance to results_resnet18_2T32C_512x512_CNA_no_pipeline.txt

-> integrationMode = CUA: recompiling...
-> Running NeuroSim Hardware Trace...
-> DONE! Saved hardware performance to results_resnet18_2T32C_512x512_CUA_no_pipeline.txt

-> integrationMode = CBA: recompiling...
-> Running NeuroSim Hardware Trace...
-> DONE! Saved hardware performance to results_resnet18_2T32C_512x512_CBA_no_pipeline.txt

        STARTING PIPELINE FOR 2T64C  128x128              
-> Updating Param.cpp...
-> Updating main.cpp...
-> Updating inference.py...
-> Compiling NeuroSim (make clean && make)...
-> Running inference.py (Waiting for 4% batch completion)...
/scratch/rxc5747/conda_envs/neurosim/lib/python3.11/site-packages/torchvision/datasets/cifar.py:83: VisibleDeprecationWarning: dtype(): align should be passed as Python or NumPy boolean but got `align=0`. Did you mean to pass a tuple to create a subarray type? (Deprecated NumPy 2.4)
  entry = pickle.load(f, encoding="latin1")
WARNING: Logging before flag parsing goes to stderr.
I0612 14:45:26.361354 139940724479808 _utils.py:224] Input is fake quantized to 8 bits in CIMConv2d with axis None!
Input is fake quantized to 8 bits in CIMConv2d with axis None!
I0612 14:45:26.361508 139940724479808 _utils.py:227] Weight is fake quantized to 8 bits in CIMConv2d with axis 0!
Weight is fake quantized to 8 bits in CIMConv2d with axis 0!
I0612 14:45:26.361554 139940724479808 _utils.py:230] Output is fake quantized to 7 bits in CIMConv2d with axis None!
Output is fake quantized to 7 bits in CIMConv2d with axis None!
I0612 14:45:26.383013 139940724479808 _utils.py:224] Input is fake quantized to 8 bits in CIMConv2d with axis None!
Input is fake quantized to 8 bits in CIMConv2d with axis None!
I0612 14:45:26.383119 139940724479808 _utils.py:227] Weight is fake quantized to 8 bits in CIMConv2d with axis 0!
Weight is fake quantized to 8 bits in CIMConv2d with axis 0!
I0612 14:45:26.383158 139940724479808 _utils.py:230] Output is fake quantized to 7 bits in CIMConv2d with axis None!
Output is fake quantized to 7 bits in CIMConv2d with axis None!
I0612 14:45:26.384464 139940724479808 _utils.py:224] Input is fake quantized to 8 bits in CIMConv2d with axis None!
Input is fake quantized to 8 bits in CIMConv2d with axis None!
I0612 14:45:26.384532 139940724479808 _utils.py:227] Weight is fake quantized to 8 bits in CIMConv2d with axis 0!
Weight is fake quantized to 8 bits in CIMConv2d with axis 0!
I0612 14:45:26.384586 139940724479808 _utils.py:230] Output is fake quantized to 7 bits in CIMConv2d with axis None!
Output is fake quantized to 7 bits in CIMConv2d with axis None!
I0612 14:45:26.386106 139940724479808 _utils.py:224] Input is fake quantized to 8 bits in CIMConv2d with axis None!
Input is fake quantized to 8 bits in CIMConv2d with axis None!
I0612 14:45:26.386163 139940724479808 _utils.py:227] Weight is fake quantized to 8 bits in CIMConv2d with axis 0!
Weight is fake quantized to 8 bits in CIMConv2d with axis 0!
I0612 14:45:26.386197 139940724479808 _utils.py:230] Output is fake quantized to 7 bits in CIMConv2d with axis None!
Output is fake quantized to 7 bits in CIMConv2d with axis None!
I0612 14:45:26.387419 139940724479808 _utils.py:224] Input is fake quantized to 8 bits in CIMConv2d with axis None!
Input is fake quantized to 8 bits in CIMConv2d with axis None!
I0612 14:45:26.387475 139940724479808 _utils.py:227] Weight is fake quantized to 8 bits in CIMConv2d with axis 0!
Weight is fake quantized to 8 bits in CIMConv2d with axis 0!
I0612 14:45:26.387507 139940724479808 _utils.py:230] Output is fake quantized to 7 bits in CIMConv2d with axis None!
Output is fake quantized to 7 bits in CIMConv2d with axis None!
I0612 14:45:26.388841 139940724479808 _utils.py:224] Input is fake quantized to 8 bits in CIMConv2d with axis None!
Input is fake quantized to 8 bits in CIMConv2d with axis None!
I0612 14:45:26.388898 139940724479808 _utils.py:227] Weight is fake quantized to 8 bits in CIMConv2d with axis 0!
Weight is fake quantized to 8 bits in CIMConv2d with axis 0!
I0612 14:45:26.388930 139940724479808 _utils.py:230] Output is fake quantized to 7 bits in CIMConv2d with axis None!
Output is fake quantized to 7 bits in CIMConv2d with axis None!
I0612 14:45:26.390408 139940724479808 _utils.py:224] Input is fake quantized to 8 bits in CIMConv2d with axis None!
Input is fake quantized to 8 bits in CIMConv2d with axis None!
I0612 14:45:26.390463 139940724479808 _utils.py:227] Weight is fake quantized to 8 bits in CIMConv2d with axis 0!
Weight is fake quantized to 8 bits in CIMConv2d with axis 0!
I0612 14:45:26.390496 139940724479808 _utils.py:230] Output is fake quantized to 7 bits in CIMConv2d with axis None!
Output is fake quantized to 7 bits in CIMConv2d with axis None!
I0612 14:45:26.391659 139940724479808 _utils.py:224] Input is fake quantized to 8 bits in CIMConv2d with axis None!
Input is fake quantized to 8 bits in CIMConv2d with axis None!
I0612 14:45:26.391715 139940724479808 _utils.py:227] Weight is fake quantized to 8 bits in CIMConv2d with axis 0!
Weight is fake quantized to 8 bits in CIMConv2d with axis 0!
I0612 14:45:26.391749 139940724479808 _utils.py:230] Output is fake quantized to 7 bits in CIMConv2d with axis None!
Output is fake quantized to 7 bits in CIMConv2d with axis None!
I0612 14:45:26.393286 139940724479808 _utils.py:224] Input is fake quantized to 8 bits in CIMConv2d with axis None!
Input is fake quantized to 8 bits in CIMConv2d with axis None!
I0612 14:45:26.393342 139940724479808 _utils.py:227] Weight is fake quantized to 8 bits in CIMConv2d with axis 0!
Weight is fake quantized to 8 bits in CIMConv2d with axis 0!
I0612 14:45:26.393378 139940724479808 _utils.py:230] Output is fake quantized to 7 bits in CIMConv2d with axis None!
Output is fake quantized to 7 bits in CIMConv2d with axis None!
I0612 14:45:26.394856 139940724479808 _utils.py:224] Input is fake quantized to 8 bits in CIMConv2d with axis None!
Input is fake quantized to 8 bits in CIMConv2d with axis None!
I0612 14:45:26.394911 139940724479808 _utils.py:227] Weight is fake quantized to 8 bits in CIMConv2d with axis 0!
Weight is fake quantized to 8 bits in CIMConv2d with axis 0!
I0612 14:45:26.394946 139940724479808 _utils.py:230] Output is fake quantized to 7 bits in CIMConv2d with axis None!
Output is fake quantized to 7 bits in CIMConv2d with axis None!
I0612 14:45:26.396852 139940724479808 _utils.py:224] Input is fake quantized to 8 bits in CIMConv2d with axis None!
Input is fake quantized to 8 bits in CIMConv2d with axis None!
I0612 14:45:26.396908 139940724479808 _utils.py:227] Weight is fake quantized to 8 bits in CIMConv2d with axis 0!
Weight is fake quantized to 8 bits in CIMConv2d with axis 0!
I0612 14:45:26.396944 139940724479808 _utils.py:230] Output is fake quantized to 7 bits in CIMConv2d with axis None!
Output is fake quantized to 7 bits in CIMConv2d with axis None!
I0612 14:45:26.399569 139940724479808 _utils.py:224] Input is fake quantized to 8 bits in CIMConv2d with axis None!
Input is fake quantized to 8 bits in CIMConv2d with axis None!
I0612 14:45:26.399626 139940724479808 _utils.py:227] Weight is fake quantized to 8 bits in CIMConv2d with axis 0!
Weight is fake quantized to 8 bits in CIMConv2d with axis 0!
I0612 14:45:26.399662 139940724479808 _utils.py:230] Output is fake quantized to 7 bits in CIMConv2d with axis None!
Output is fake quantized to 7 bits in CIMConv2d with axis None!
I0612 14:45:26.400915 139940724479808 _utils.py:224] Input is fake quantized to 8 bits in CIMConv2d with axis None!
Input is fake quantized to 8 bits in CIMConv2d with axis None!
I0612 14:45:26.400971 139940724479808 _utils.py:227] Weight is fake quantized to 8 bits in CIMConv2d with axis 0!
Weight is fake quantized to 8 bits in CIMConv2d with axis 0!
I0612 14:45:26.401006 139940724479808 _utils.py:230] Output is fake quantized to 7 bits in CIMConv2d with axis None!
Output is fake quantized to 7 bits in CIMConv2d with axis None!
I0612 14:45:26.403653 139940724479808 _utils.py:224] Input is fake quantized to 8 bits in CIMConv2d with axis None!
Input is fake quantized to 8 bits in CIMConv2d with axis None!
I0612 14:45:26.403714 139940724479808 _utils.py:227] Weight is fake quantized to 8 bits in CIMConv2d with axis 0!
Weight is fake quantized to 8 bits in CIMConv2d with axis 0!
I0612 14:45:26.403746 139940724479808 _utils.py:230] Output is fake quantized to 7 bits in CIMConv2d with axis None!
Output is fake quantized to 7 bits in CIMConv2d with axis None!
I0612 14:45:26.406371 139940724479808 _utils.py:224] Input is fake quantized to 8 bits in CIMConv2d with axis None!
Input is fake quantized to 8 bits in CIMConv2d with axis None!
I0612 14:45:26.406427 139940724479808 _utils.py:227] Weight is fake quantized to 8 bits in CIMConv2d with axis 0!
Weight is fake quantized to 8 bits in CIMConv2d with axis 0!
I0612 14:45:26.406459 139940724479808 _utils.py:230] Output is fake quantized to 7 bits in CIMConv2d with axis None!
Output is fake quantized to 7 bits in CIMConv2d with axis None!
I0612 14:45:26.410648 139940724479808 _utils.py:224] Input is fake quantized to 8 bits in CIMConv2d with axis None!
Input is fake quantized to 8 bits in CIMConv2d with axis None!
I0612 14:45:26.410707 139940724479808 _utils.py:227] Weight is fake quantized to 8 bits in CIMConv2d with axis 0!
Weight is fake quantized to 8 bits in CIMConv2d with axis 0!
I0612 14:45:26.410739 139940724479808 _utils.py:230] Output is fake quantized to 7 bits in CIMConv2d with axis None!
Output is fake quantized to 7 bits in CIMConv2d with axis None!
I0612 14:45:26.417932 139940724479808 _utils.py:224] Input is fake quantized to 8 bits in CIMConv2d with axis None!
Input is fake quantized to 8 bits in CIMConv2d with axis None!
I0612 14:45:26.417996 139940724479808 _utils.py:227] Weight is fake quantized to 8 bits in CIMConv2d with axis 0!
Weight is fake quantized to 8 bits in CIMConv2d with axis 0!
I0612 14:45:26.418028 139940724479808 _utils.py:230] Output is fake quantized to 7 bits in CIMConv2d with axis None!
Output is fake quantized to 7 bits in CIMConv2d with axis None!
I0612 14:45:26.419576 139940724479808 _utils.py:224] Input is fake quantized to 8 bits in CIMConv2d with axis None!
Input is fake quantized to 8 bits in CIMConv2d with axis None!
I0612 14:45:26.419631 139940724479808 _utils.py:227] Weight is fake quantized to 8 bits in CIMConv2d with axis 0!
Weight is fake quantized to 8 bits in CIMConv2d with axis 0!
I0612 14:45:26.419664 139940724479808 _utils.py:230] Output is fake quantized to 7 bits in CIMConv2d with axis None!
Output is fake quantized to 7 bits in CIMConv2d with axis None!
I0612 14:45:26.426872 139940724479808 _utils.py:224] Input is fake quantized to 8 bits in CIMConv2d with axis None!
Input is fake quantized to 8 bits in CIMConv2d with axis None!
I0612 14:45:26.426933 139940724479808 _utils.py:227] Weight is fake quantized to 8 bits in CIMConv2d with axis 0!
Weight is fake quantized to 8 bits in CIMConv2d with axis 0!
I0612 14:45:26.426966 139940724479808 _utils.py:230] Output is fake quantized to 7 bits in CIMConv2d with axis None!
Output is fake quantized to 7 bits in CIMConv2d with axis None!
I0612 14:45:26.434676 139940724479808 _utils.py:224] Input is fake quantized to 8 bits in CIMConv2d with axis None!
Input is fake quantized to 8 bits in CIMConv2d with axis None!
I0612 14:45:26.434742 139940724479808 _utils.py:227] Weight is fake quantized to 8 bits in CIMConv2d with axis 0!
Weight is fake quantized to 8 bits in CIMConv2d with axis 0!
I0612 14:45:26.434775 139940724479808 _utils.py:230] Output is fake quantized to 7 bits in CIMConv2d with axis None!
Output is fake quantized to 7 bits in CIMConv2d with axis None!
I0612 14:45:26.435946 139940724479808 _utils.py:305] Input is fake quantized to 8 bits in CIMAdaptiveAvgPool2d with axis None!
Input is fake quantized to 8 bits in CIMAdaptiveAvgPool2d with axis None!
I0612 14:45:26.436726 139940724479808 _utils.py:224] Input is fake quantized to 8 bits in CIMLinear with axis None!
Input is fake quantized to 8 bits in CIMLinear with axis None!
I0612 14:45:26.436776 139940724479808 _utils.py:227] Weight is fake quantized to 8 bits in CIMLinear with axis 0!
Weight is fake quantized to 8 bits in CIMLinear with axis 0!
I0612 14:45:26.436808 139940724479808 _utils.py:230] Output is fake quantized to 7 bits in CIMLinear with axis None!
Output is fake quantized to 7 bits in CIMLinear with axis None!
log/default/adc_axis=None/adc_calib_method=max/adc_enable=1/adc_precision=7/adc_quant_method=scale/batch_size=400/bitcell=1/calib_batch_size=128/dac_precision=1/dataset=cifar10/detect=0/hardware=1/input_axis=None/input_calib_method=max/input_precision=8/mem_states_file=mem_states.csv/mem_type=capacitive/mode=TensorRT/model=resnet18/num_batches=-1/off_state=0.006/on_state=1.02e-11/optimize_adc=0/output_noise=0.0/output_noise_file=/parallel_read=64/ppa=1/rate_stuck_0=0.0/rate_stuck_1=0.0/read_noise=0.0/seed=1234/sub_array=[4096, 64]/t=1/target=0.0/test_name=test/v=0.0/v_list=[0.005, 0.005, 0.005, 0.005, 0.005, 0.005, 0.005, 0.005]/vdd=1/weight_axis=0/weight_calib_method=max/weight_precision=8
=================FLAGS==================
dataset: cifar10
model: resnet18
data_path: ./datasets
model_path: ./models/
test_name: test
mode: TensorRT
gpu: 0
batch_size: 400
calib_batch_size: 128
seed: 1234
logdir: log/default/adc_axis=None/adc_calib_method=max/adc_enable=1/adc_precision=7/adc_quant_method=scale/batch_size=400/bitcell=1/calib_batch_size=128/dac_precision=1/dataset=cifar10/detect=0/hardware=1/input_axis=None/input_calib_method=max/input_precision=8/mem_states_file=mem_states.csv/mem_type=capacitive/mode=TensorRT/model=resnet18/num_batches=-1/off_state=0.006/on_state=1.02e-11/optimize_adc=0/output_noise=0.0/output_noise_file=/parallel_read=64/ppa=1/rate_stuck_0=0.0/rate_stuck_1=0.0/read_noise=0.0/seed=1234/sub_array=[4096, 64]/t=1/target=0.0/test_name=test/v=0.0/v_list=[0.005, 0.005, 0.005, 0.005, 0.005, 0.005, 0.005, 0.005]/vdd=1/weight_axis=0/weight_calib_method=max/weight_precision=8
hardware: 1
ppa: 1
num_batches: -1
sub_array: [4096, 64]
parallel_read: 64
weight_precision: 8
input_precision: 8
dac_precision: 1
adc_precision: 7
bitcell: 1
mem_type: capacitive
off_state: 0.006
on_state: 1.02e-11
mem_states_file: mem_states.csv
vdd: 1
read_noise: 0.0
output_noise: 0.0
output_noise_file: 
t: 1
v: 0.0
v_list: [0.005, 0.005, 0.005, 0.005, 0.005, 0.005, 0.005, 0.005]
detect: 0
target: 0.0
rate_stuck_0: 0.0
rate_stuck_1: 0.0
input_calib_method: max
weight_calib_method: max
adc_calib_method: max
input_axis: None
weight_axis: 0
adc_axis: None
adc_quant_method: scale
optimize_adc: 0
adc_enable: 1
logger: <bound method Logger.info of <pytorch_quantization.utils.misc.Logger object at 0x7f44b3af8c50>>
========================================

Running in-memory computing functional simulation of resnet18 on cifar10 dataset...
Building CIFAR-10 data loader with 1 workers
Building CIFAR-10 data loader with 1 workers

Loading pretrained model ./models/resnet18_cifar10.pth...
ResNet(
  (conv1): Sequential(
    (0): CIMConv2d(
      3, 64, kernel_size=(3, 3), stride=(1, 1), padding=(1, 1), bias=False
      (_input_quantizer): TensorQuantizer(8bit fake per-tensor amax=dynamic calibrator=MaxCalibrator scale=1.0 quant)
      (_weight_quantizer): TensorQuantizer(8bit fake axis=0 amax=dynamic calibrator=MaxCalibrator scale=1.0 quant)
      (_adc_quantizer): TensorQuantizer(unsigned 7bit fake per-tensor amax=dynamic calibrator=MaxCalibrator scale=1.0 quant)
    )
    (1): BatchNorm2d(64, eps=1e-05, momentum=0.1, affine=True, track_running_stats=True)
    (2): ReLU(inplace=True)
  )
  (conv2_x): Sequential(
    (0): BasicBlock(
      (residual_function): Sequential(
        (0): CIMConv2d(
          64, 64, kernel_size=(3, 3), stride=(1, 1), padding=(1, 1), bias=False
          (_input_quantizer): TensorQuantizer(8bit fake per-tensor amax=dynamic calibrator=MaxCalibrator scale=1.0 quant)
          (_weight_quantizer): TensorQuantizer(8bit fake axis=0 amax=dynamic calibrator=MaxCalibrator scale=1.0 quant)
          (_adc_quantizer): TensorQuantizer(unsigned 7bit fake per-tensor amax=dynamic calibrator=MaxCalibrator scale=1.0 quant)
        )
        (1): BatchNorm2d(64, eps=1e-05, momentum=0.1, affine=True, track_running_stats=True)
        (2): ReLU(inplace=True)
        (3): CIMConv2d(
          64, 64, kernel_size=(3, 3), stride=(1, 1), padding=(1, 1), bias=False
          (_input_quantizer): TensorQuantizer(8bit fake per-tensor amax=dynamic calibrator=MaxCalibrator scale=1.0 quant)
          (_weight_quantizer): TensorQuantizer(8bit fake axis=0 amax=dynamic calibrator=MaxCalibrator scale=1.0 quant)
          (_adc_quantizer): TensorQuantizer(unsigned 7bit fake per-tensor amax=dynamic calibrator=MaxCalibrator scale=1.0 quant)
        )
        (4): BatchNorm2d(64, eps=1e-05, momentum=0.1, affine=True, track_running_stats=True)
      )
      (shortcut): Sequential()
    )
    (1): BasicBlock(
      (residual_function): Sequential(
        (0): CIMConv2d(
          64, 64, kernel_size=(3, 3), stride=(1, 1), padding=(1, 1), bias=False
          (_input_quantizer): TensorQuantizer(8bit fake per-tensor amax=dynamic calibrator=MaxCalibrator scale=1.0 quant)
          (_weight_quantizer): TensorQuantizer(8bit fake axis=0 amax=dynamic calibrator=MaxCalibrator scale=1.0 quant)
          (_adc_quantizer): TensorQuantizer(unsigned 7bit fake per-tensor amax=dynamic calibrator=MaxCalibrator scale=1.0 quant)
        )
        (1): BatchNorm2d(64, eps=1e-05, momentum=0.1, affine=True, track_running_stats=True)
        (2): ReLU(inplace=True)
        (3): CIMConv2d(
          64, 64, kernel_size=(3, 3), stride=(1, 1), padding=(1, 1), bias=False
          (_input_quantizer): TensorQuantizer(8bit fake per-tensor amax=dynamic calibrator=MaxCalibrator scale=1.0 quant)
          (_weight_quantizer): TensorQuantizer(8bit fake axis=0 amax=dynamic calibrator=MaxCalibrator scale=1.0 quant)
          (_adc_quantizer): TensorQuantizer(unsigned 7bit fake per-tensor amax=dynamic calibrator=MaxCalibrator scale=1.0 quant)
        )
        (4): BatchNorm2d(64, eps=1e-05, momentum=0.1, affine=True, track_running_stats=True)
      )
      (shortcut): Sequential()
    )
  )
  (conv3_x): Sequential(
    (0): BasicBlock(
      (residual_function): Sequential(
        (0): CIMConv2d(
          64, 128, kernel_size=(3, 3), stride=(2, 2), padding=(1, 1), bias=False
          (_input_quantizer): TensorQuantizer(8bit fake per-tensor amax=dynamic calibrator=MaxCalibrator scale=1.0 quant)
          (_weight_quantizer): TensorQuantizer(8bit fake axis=0 amax=dynamic calibrator=MaxCalibrator scale=1.0 quant)
          (_adc_quantizer): TensorQuantizer(unsigned 7bit fake per-tensor amax=dynamic calibrator=MaxCalibrator scale=1.0 quant)
        )
        (1): BatchNorm2d(128, eps=1e-05, momentum=0.1, affine=True, track_running_stats=True)
        (2): ReLU(inplace=True)
        (3): CIMConv2d(
          128, 128, kernel_size=(3, 3), stride=(1, 1), padding=(1, 1), bias=False
          (_input_quantizer): TensorQuantizer(8bit fake per-tensor amax=dynamic calibrator=MaxCalibrator scale=1.0 quant)
          (_weight_quantizer): TensorQuantizer(8bit fake axis=0 amax=dynamic calibrator=MaxCalibrator scale=1.0 quant)
          (_adc_quantizer): TensorQuantizer(unsigned 7bit fake per-tensor amax=dynamic calibrator=MaxCalibrator scale=1.0 quant)
        )
        (4): BatchNorm2d(128, eps=1e-05, momentum=0.1, affine=True, track_running_stats=True)
      )
      (shortcut): Sequential(
        (0): CIMConv2d(
          64, 128, kernel_size=(1, 1), stride=(2, 2), bias=False
          (_input_quantizer): TensorQuantizer(8bit fake per-tensor amax=dynamic calibrator=MaxCalibrator scale=1.0 quant)
          (_weight_quantizer): TensorQuantizer(8bit fake axis=0 amax=dynamic calibrator=MaxCalibrator scale=1.0 quant)
          (_adc_quantizer): TensorQuantizer(unsigned 7bit fake per-tensor amax=dynamic calibrator=MaxCalibrator scale=1.0 quant)
        )
        (1): BatchNorm2d(128, eps=1e-05, momentum=0.1, affine=True, track_running_stats=True)
      )
    )
    (1): BasicBlock(
      (residual_function): Sequential(
        (0): CIMConv2d(
          128, 128, kernel_size=(3, 3), stride=(1, 1), padding=(1, 1), bias=False
          (_input_quantizer): TensorQuantizer(8bit fake per-tensor amax=dynamic calibrator=MaxCalibrator scale=1.0 quant)
          (_weight_quantizer): TensorQuantizer(8bit fake axis=0 amax=dynamic calibrator=MaxCalibrator scale=1.0 quant)
          (_adc_quantizer): TensorQuantizer(unsigned 7bit fake per-tensor amax=dynamic calibrator=MaxCalibrator scale=1.0 quant)
        )
        (1): BatchNorm2d(128, eps=1e-05, momentum=0.1, affine=True, track_running_stats=True)
        (2): ReLU(inplace=True)
        (3): CIMConv2d(
          128, 128, kernel_size=(3, 3), stride=(1, 1), padding=(1, 1), bias=False
          (_input_quantizer): TensorQuantizer(8bit fake per-tensor amax=dynamic calibrator=MaxCalibrator scale=1.0 quant)
          (_weight_quantizer): TensorQuantizer(8bit fake axis=0 amax=dynamic calibrator=MaxCalibrator scale=1.0 quant)
          (_adc_quantizer): TensorQuantizer(unsigned 7bit fake per-tensor amax=dynamic calibrator=MaxCalibrator scale=1.0 quant)
        )
        (4): BatchNorm2d(128, eps=1e-05, momentum=0.1, affine=True, track_running_stats=True)
      )
      (shortcut): Sequential()
    )
  )
  (conv4_x): Sequential(
    (0): BasicBlock(
      (residual_function): Sequential(
        (0): CIMConv2d(
          128, 256, kernel_size=(3, 3), stride=(2, 2), padding=(1, 1), bias=False
          (_input_quantizer): TensorQuantizer(8bit fake per-tensor amax=dynamic calibrator=MaxCalibrator scale=1.0 quant)
          (_weight_quantizer): TensorQuantizer(8bit fake axis=0 amax=dynamic calibrator=MaxCalibrator scale=1.0 quant)
          (_adc_quantizer): TensorQuantizer(unsigned 7bit fake per-tensor amax=dynamic calibrator=MaxCalibrator scale=1.0 quant)
        )
        (1): BatchNorm2d(256, eps=1e-05, momentum=0.1, affine=True, track_running_stats=True)
        (2): ReLU(inplace=True)
        (3): CIMConv2d(
          256, 256, kernel_size=(3, 3), stride=(1, 1), padding=(1, 1), bias=False
          (_input_quantizer): TensorQuantizer(8bit fake per-tensor amax=dynamic calibrator=MaxCalibrator scale=1.0 quant)
          (_weight_quantizer): TensorQuantizer(8bit fake axis=0 amax=dynamic calibrator=MaxCalibrator scale=1.0 quant)
          (_adc_quantizer): TensorQuantizer(unsigned 7bit fake per-tensor amax=dynamic calibrator=MaxCalibrator scale=1.0 quant)
        )
        (4): BatchNorm2d(256, eps=1e-05, momentum=0.1, affine=True, track_running_stats=True)
      )
      (shortcut): Sequential(
        (0): CIMConv2d(
          128, 256, kernel_size=(1, 1), stride=(2, 2), bias=False
          (_input_quantizer): TensorQuantizer(8bit fake per-tensor amax=dynamic calibrator=MaxCalibrator scale=1.0 quant)
          (_weight_quantizer): TensorQuantizer(8bit fake axis=0 amax=dynamic calibrator=MaxCalibrator scale=1.0 quant)
          (_adc_quantizer): TensorQuantizer(unsigned 7bit fake per-tensor amax=dynamic calibrator=MaxCalibrator scale=1.0 quant)
        )
        (1): BatchNorm2d(256, eps=1e-05, momentum=0.1, affine=True, track_running_stats=True)
      )
    )
    (1): BasicBlock(
      (residual_function): Sequential(
        (0): CIMConv2d(
          256, 256, kernel_size=(3, 3), stride=(1, 1), padding=(1, 1), bias=False
          (_input_quantizer): TensorQuantizer(8bit fake per-tensor amax=dynamic calibrator=MaxCalibrator scale=1.0 quant)
          (_weight_quantizer): TensorQuantizer(8bit fake axis=0 amax=dynamic calibrator=MaxCalibrator scale=1.0 quant)
          (_adc_quantizer): TensorQuantizer(unsigned 7bit fake per-tensor amax=dynamic calibrator=MaxCalibrator scale=1.0 quant)
        )
        (1): BatchNorm2d(256, eps=1e-05, momentum=0.1, affine=True, track_running_stats=True)
        (2): ReLU(inplace=True)
        (3): CIMConv2d(
          256, 256, kernel_size=(3, 3), stride=(1, 1), padding=(1, 1), bias=False
          (_input_quantizer): TensorQuantizer(8bit fake per-tensor amax=dynamic calibrator=MaxCalibrator scale=1.0 quant)
          (_weight_quantizer): TensorQuantizer(8bit fake axis=0 amax=dynamic calibrator=MaxCalibrator scale=1.0 quant)
          (_adc_quantizer): TensorQuantizer(unsigned 7bit fake per-tensor amax=dynamic calibrator=MaxCalibrator scale=1.0 quant)
        )
        (4): BatchNorm2d(256, eps=1e-05, momentum=0.1, affine=True, track_running_stats=True)
      )
      (shortcut): Sequential()
    )
  )
  (conv5_x): Sequential(
    (0): BasicBlock(
      (residual_function): Sequential(
        (0): CIMConv2d(
          256, 512, kernel_size=(3, 3), stride=(2, 2), padding=(1, 1), bias=False
          (_input_quantizer): TensorQuantizer(8bit fake per-tensor amax=dynamic calibrator=MaxCalibrator scale=1.0 quant)
          (_weight_quantizer): TensorQuantizer(8bit fake axis=0 amax=dynamic calibrator=MaxCalibrator scale=1.0 quant)
          (_adc_quantizer): TensorQuantizer(unsigned 7bit fake per-tensor amax=dynamic calibrator=MaxCalibrator scale=1.0 quant)
        )
        (1): BatchNorm2d(512, eps=1e-05, momentum=0.1, affine=True, track_running_stats=True)
        (2): ReLU(inplace=True)
        (3): CIMConv2d(
          512, 512, kernel_size=(3, 3), stride=(1, 1), padding=(1, 1), bias=False
          (_input_quantizer): TensorQuantizer(8bit fake per-tensor amax=dynamic calibrator=MaxCalibrator scale=1.0 quant)
          (_weight_quantizer): TensorQuantizer(8bit fake axis=0 amax=dynamic calibrator=MaxCalibrator scale=1.0 quant)
          (_adc_quantizer): TensorQuantizer(unsigned 7bit fake per-tensor amax=dynamic calibrator=MaxCalibrator scale=1.0 quant)
        )
        (4): BatchNorm2d(512, eps=1e-05, momentum=0.1, affine=True, track_running_stats=True)
      )
      (shortcut): Sequential(
        (0): CIMConv2d(
          256, 512, kernel_size=(1, 1), stride=(2, 2), bias=False
          (_input_quantizer): TensorQuantizer(8bit fake per-tensor amax=dynamic calibrator=MaxCalibrator scale=1.0 quant)
          (_weight_quantizer): TensorQuantizer(8bit fake axis=0 amax=dynamic calibrator=MaxCalibrator scale=1.0 quant)
          (_adc_quantizer): TensorQuantizer(unsigned 7bit fake per-tensor amax=dynamic calibrator=MaxCalibrator scale=1.0 quant)
        )
        (1): BatchNorm2d(512, eps=1e-05, momentum=0.1, affine=True, track_running_stats=True)
      )
    )
    (1): BasicBlock(
      (residual_function): Sequential(
        (0): CIMConv2d(
          512, 512, kernel_size=(3, 3), stride=(1, 1), padding=(1, 1), bias=False
          (_input_quantizer): TensorQuantizer(8bit fake per-tensor amax=dynamic calibrator=MaxCalibrator scale=1.0 quant)
          (_weight_quantizer): TensorQuantizer(8bit fake axis=0 amax=dynamic calibrator=MaxCalibrator scale=1.0 quant)
          (_adc_quantizer): TensorQuantizer(unsigned 7bit fake per-tensor amax=dynamic calibrator=MaxCalibrator scale=1.0 quant)
        )
        (1): BatchNorm2d(512, eps=1e-05, momentum=0.1, affine=True, track_running_stats=True)
        (2): ReLU(inplace=True)
        (3): CIMConv2d(
          512, 512, kernel_size=(3, 3), stride=(1, 1), padding=(1, 1), bias=False
          (_input_quantizer): TensorQuantizer(8bit fake per-tensor amax=dynamic calibrator=MaxCalibrator scale=1.0 quant)
          (_weight_quantizer): TensorQuantizer(8bit fake axis=0 amax=dynamic calibrator=MaxCalibrator scale=1.0 quant)
          (_adc_quantizer): TensorQuantizer(unsigned 7bit fake per-tensor amax=dynamic calibrator=MaxCalibrator scale=1.0 quant)
        )
        (4): BatchNorm2d(512, eps=1e-05, momentum=0.1, affine=True, track_running_stats=True)
      )
      (shortcut): Sequential()
    )
  )
  (avg_pool): CIMAdaptiveAvgPool2d(
    output_size=(1, 1)
    (_input_quantizer): TensorQuantizer(8bit fake per-tensor amax=dynamic calibrator=MaxCalibrator scale=1.0 quant)
  )
  (fc): CIMLinear(
    in_features=512, out_features=10, bias=True
    (_input_quantizer): TensorQuantizer(8bit fake per-tensor amax=dynamic calibrator=MaxCalibrator scale=1.0 quant)
    (_weight_quantizer): TensorQuantizer(8bit fake axis=0 amax=dynamic calibrator=MaxCalibrator scale=1.0 quant)
    (_adc_quantizer): TensorQuantizer(unsigned 7bit fake per-tensor amax=dynamic calibrator=MaxCalibrator scale=1.0 quant)
  )
)
Evaluating baseline model...


  0%|          | 0/1 [00:00<?, ?it/s]
  0%|          | 0/1 [00:00<?, ?it/s]
Test Accuracy of the model on 400 test images: 12.75 %
Average Test loss: 2.3037919998168945

--------------------------------------------
evaluation time: 0.3998572826385498
Quantizing inputs and weights...
Collecting histograms...


  0%|          | 0/2 [00:00<?, ?it/s]I0612 14:45:26.927462 139940724479808 max.py:61] Calibrator encountered negative values. It shouldn't happen after ReLU. Make sure this is the right tensor to calibrate.
Calibrator encountered negative values. It shouldn't happen after ReLU. Make sure this is the right tensor to calibrate.

100%|██████████| 2/2 [00:00<00:00, 22.18it/s]
W0612 14:45:27.003081 139940724479808 tensor_quantizer.py:239] Call .cuda() if running on GPU after loading calibrated amax.
Call .cuda() if running on GPU after loading calibrated amax.

Computing amax... 

Finished quantizing inputs and weights.
Evaluating input and weight quantized model...


  0%|          | 0/1 [00:00<?, ?it/s]
  0%|          | 0/1 [00:00<?, ?it/s]
I0612 14:45:27.128686 139940724479808 misc.py:32] Running inference with detailed hardware simulation...
Running inference with detailed hardware simulation...
Test Accuracy of the model on 400 test images: 12.5 %
Average Test loss: 2.303790330886841

--------------------------------------------
evaluation time: 0.08679366111755371

  0%|          | 0/25 [00:00<?, ?it/s]
  4%|▍         | 1/25 [00:11<04:39, 11.65s/it]

-> [Auto-Interrupt] 4% batch mark reached! CSVs should be fully saved.
-> [Auto-Interrupt] Sending Ctrl+C (SIGTERM)...
-> integrationMode = CNA: recompiling...
-> Running NeuroSim Hardware Trace...
-> DONE! Saved hardware performance to results_resnet18_2T64C_128x128_CNA_no_pipeline.txt

-> integrationMode = CUA: recompiling...
-> Running NeuroSim Hardware Trace...
-> DONE! Saved hardware performance to results_resnet18_2T64C_128x128_CUA_no_pipeline.txt

-> integrationMode = CBA: recompiling...
-> Running NeuroSim Hardware Trace...
-> DONE! Saved hardware performance to results_resnet18_2T64C_128x128_CBA_no_pipeline.txt

        STARTING PIPELINE FOR 2T64C  256x256              
-> Updating Param.cpp...
-> Updating main.cpp...
-> Updating inference.py...
-> Compiling NeuroSim (make clean && make)...
-> Running inference.py (Waiting for 4% batch completion)...
/scratch/rxc5747/conda_envs/neurosim/lib/python3.11/site-packages/torchvision/datasets/cifar.py:83: VisibleDeprecationWarning: dtype(): align should be passed as Python or NumPy boolean but got `align=0`. Did you mean to pass a tuple to create a subarray type? (Deprecated NumPy 2.4)
  entry = pickle.load(f, encoding="latin1")
WARNING: Logging before flag parsing goes to stderr.
I0612 14:47:02.162669 139671094376256 _utils.py:224] Input is fake quantized to 8 bits in CIMConv2d with axis None!
Input is fake quantized to 8 bits in CIMConv2d with axis None!
I0612 14:47:02.162812 139671094376256 _utils.py:227] Weight is fake quantized to 8 bits in CIMConv2d with axis 0!
Weight is fake quantized to 8 bits in CIMConv2d with axis 0!
I0612 14:47:02.162860 139671094376256 _utils.py:230] Output is fake quantized to 7 bits in CIMConv2d with axis None!
Output is fake quantized to 7 bits in CIMConv2d with axis None!
I0612 14:47:02.184523 139671094376256 _utils.py:224] Input is fake quantized to 8 bits in CIMConv2d with axis None!
Input is fake quantized to 8 bits in CIMConv2d with axis None!
I0612 14:47:02.184639 139671094376256 _utils.py:227] Weight is fake quantized to 8 bits in CIMConv2d with axis 0!
Weight is fake quantized to 8 bits in CIMConv2d with axis 0!
I0612 14:47:02.184678 139671094376256 _utils.py:230] Output is fake quantized to 7 bits in CIMConv2d with axis None!
Output is fake quantized to 7 bits in CIMConv2d with axis None!
I0612 14:47:02.185999 139671094376256 _utils.py:224] Input is fake quantized to 8 bits in CIMConv2d with axis None!
Input is fake quantized to 8 bits in CIMConv2d with axis None!
I0612 14:47:02.186067 139671094376256 _utils.py:227] Weight is fake quantized to 8 bits in CIMConv2d with axis 0!
Weight is fake quantized to 8 bits in CIMConv2d with axis 0!
I0612 14:47:02.186113 139671094376256 _utils.py:230] Output is fake quantized to 7 bits in CIMConv2d with axis None!
Output is fake quantized to 7 bits in CIMConv2d with axis None!
I0612 14:47:02.187667 139671094376256 _utils.py:224] Input is fake quantized to 8 bits in CIMConv2d with axis None!
Input is fake quantized to 8 bits in CIMConv2d with axis None!
I0612 14:47:02.187724 139671094376256 _utils.py:227] Weight is fake quantized to 8 bits in CIMConv2d with axis 0!
Weight is fake quantized to 8 bits in CIMConv2d with axis 0!
I0612 14:47:02.187757 139671094376256 _utils.py:230] Output is fake quantized to 7 bits in CIMConv2d with axis None!
Output is fake quantized to 7 bits in CIMConv2d with axis None!
I0612 14:47:02.188991 139671094376256 _utils.py:224] Input is fake quantized to 8 bits in CIMConv2d with axis None!
Input is fake quantized to 8 bits in CIMConv2d with axis None!
I0612 14:47:02.189046 139671094376256 _utils.py:227] Weight is fake quantized to 8 bits in CIMConv2d with axis 0!
Weight is fake quantized to 8 bits in CIMConv2d with axis 0!
I0612 14:47:02.189078 139671094376256 _utils.py:230] Output is fake quantized to 7 bits in CIMConv2d with axis None!
Output is fake quantized to 7 bits in CIMConv2d with axis None!
I0612 14:47:02.190423 139671094376256 _utils.py:224] Input is fake quantized to 8 bits in CIMConv2d with axis None!
Input is fake quantized to 8 bits in CIMConv2d with axis None!
I0612 14:47:02.190477 139671094376256 _utils.py:227] Weight is fake quantized to 8 bits in CIMConv2d with axis 0!
Weight is fake quantized to 8 bits in CIMConv2d with axis 0!
I0612 14:47:02.190508 139671094376256 _utils.py:230] Output is fake quantized to 7 bits in CIMConv2d with axis None!
Output is fake quantized to 7 bits in CIMConv2d with axis None!
I0612 14:47:02.192006 139671094376256 _utils.py:224] Input is fake quantized to 8 bits in CIMConv2d with axis None!
Input is fake quantized to 8 bits in CIMConv2d with axis None!
I0612 14:47:02.192060 139671094376256 _utils.py:227] Weight is fake quantized to 8 bits in CIMConv2d with axis 0!
Weight is fake quantized to 8 bits in CIMConv2d with axis 0!
I0612 14:47:02.192092 139671094376256 _utils.py:230] Output is fake quantized to 7 bits in CIMConv2d with axis None!
Output is fake quantized to 7 bits in CIMConv2d with axis None!
I0612 14:47:02.193239 139671094376256 _utils.py:224] Input is fake quantized to 8 bits in CIMConv2d with axis None!
Input is fake quantized to 8 bits in CIMConv2d with axis None!
I0612 14:47:02.193294 139671094376256 _utils.py:227] Weight is fake quantized to 8 bits in CIMConv2d with axis 0!
Weight is fake quantized to 8 bits in CIMConv2d with axis 0!
I0612 14:47:02.193325 139671094376256 _utils.py:230] Output is fake quantized to 7 bits in CIMConv2d with axis None!
Output is fake quantized to 7 bits in CIMConv2d with axis None!
I0612 14:47:02.194869 139671094376256 _utils.py:224] Input is fake quantized to 8 bits in CIMConv2d with axis None!
Input is fake quantized to 8 bits in CIMConv2d with axis None!
I0612 14:47:02.194925 139671094376256 _utils.py:227] Weight is fake quantized to 8 bits in CIMConv2d with axis 0!
Weight is fake quantized to 8 bits in CIMConv2d with axis 0!
I0612 14:47:02.194957 139671094376256 _utils.py:230] Output is fake quantized to 7 bits in CIMConv2d with axis None!
Output is fake quantized to 7 bits in CIMConv2d with axis None!
I0612 14:47:02.196434 139671094376256 _utils.py:224] Input is fake quantized to 8 bits in CIMConv2d with axis None!
Input is fake quantized to 8 bits in CIMConv2d with axis None!
I0612 14:47:02.196489 139671094376256 _utils.py:227] Weight is fake quantized to 8 bits in CIMConv2d with axis 0!
Weight is fake quantized to 8 bits in CIMConv2d with axis 0!
I0612 14:47:02.196525 139671094376256 _utils.py:230] Output is fake quantized to 7 bits in CIMConv2d with axis None!
Output is fake quantized to 7 bits in CIMConv2d with axis None!
I0612 14:47:02.198409 139671094376256 _utils.py:224] Input is fake quantized to 8 bits in CIMConv2d with axis None!
Input is fake quantized to 8 bits in CIMConv2d with axis None!
I0612 14:47:02.198466 139671094376256 _utils.py:227] Weight is fake quantized to 8 bits in CIMConv2d with axis 0!
Weight is fake quantized to 8 bits in CIMConv2d with axis 0!
I0612 14:47:02.198500 139671094376256 _utils.py:230] Output is fake quantized to 7 bits in CIMConv2d with axis None!
Output is fake quantized to 7 bits in CIMConv2d with axis None!
I0612 14:47:02.201129 139671094376256 _utils.py:224] Input is fake quantized to 8 bits in CIMConv2d with axis None!
Input is fake quantized to 8 bits in CIMConv2d with axis None!
I0612 14:47:02.201187 139671094376256 _utils.py:227] Weight is fake quantized to 8 bits in CIMConv2d with axis 0!
Weight is fake quantized to 8 bits in CIMConv2d with axis 0!
I0612 14:47:02.201220 139671094376256 _utils.py:230] Output is fake quantized to 7 bits in CIMConv2d with axis None!
Output is fake quantized to 7 bits in CIMConv2d with axis None!
I0612 14:47:02.202473 139671094376256 _utils.py:224] Input is fake quantized to 8 bits in CIMConv2d with axis None!
Input is fake quantized to 8 bits in CIMConv2d with axis None!
I0612 14:47:02.202529 139671094376256 _utils.py:227] Weight is fake quantized to 8 bits in CIMConv2d with axis 0!
Weight is fake quantized to 8 bits in CIMConv2d with axis 0!
I0612 14:47:02.202570 139671094376256 _utils.py:230] Output is fake quantized to 7 bits in CIMConv2d with axis None!
Output is fake quantized to 7 bits in CIMConv2d with axis None!
I0612 14:47:02.205208 139671094376256 _utils.py:224] Input is fake quantized to 8 bits in CIMConv2d with axis None!
Input is fake quantized to 8 bits in CIMConv2d with axis None!
I0612 14:47:02.205265 139671094376256 _utils.py:227] Weight is fake quantized to 8 bits in CIMConv2d with axis 0!
Weight is fake quantized to 8 bits in CIMConv2d with axis 0!
I0612 14:47:02.205299 139671094376256 _utils.py:230] Output is fake quantized to 7 bits in CIMConv2d with axis None!
Output is fake quantized to 7 bits in CIMConv2d with axis None!
I0612 14:47:02.207945 139671094376256 _utils.py:224] Input is fake quantized to 8 bits in CIMConv2d with axis None!
Input is fake quantized to 8 bits in CIMConv2d with axis None!
I0612 14:47:02.208003 139671094376256 _utils.py:227] Weight is fake quantized to 8 bits in CIMConv2d with axis 0!
Weight is fake quantized to 8 bits in CIMConv2d with axis 0!
I0612 14:47:02.208035 139671094376256 _utils.py:230] Output is fake quantized to 7 bits in CIMConv2d with axis None!
Output is fake quantized to 7 bits in CIMConv2d with axis None!
I0612 14:47:02.212220 139671094376256 _utils.py:224] Input is fake quantized to 8 bits in CIMConv2d with axis None!
Input is fake quantized to 8 bits in CIMConv2d with axis None!
I0612 14:47:02.212279 139671094376256 _utils.py:227] Weight is fake quantized to 8 bits in CIMConv2d with axis 0!
Weight is fake quantized to 8 bits in CIMConv2d with axis 0!
I0612 14:47:02.212310 139671094376256 _utils.py:230] Output is fake quantized to 7 bits in CIMConv2d with axis None!
Output is fake quantized to 7 bits in CIMConv2d with axis None!
I0612 14:47:02.219531 139671094376256 _utils.py:224] Input is fake quantized to 8 bits in CIMConv2d with axis None!
Input is fake quantized to 8 bits in CIMConv2d with axis None!
I0612 14:47:02.219599 139671094376256 _utils.py:227] Weight is fake quantized to 8 bits in CIMConv2d with axis 0!
Weight is fake quantized to 8 bits in CIMConv2d with axis 0!
I0612 14:47:02.219632 139671094376256 _utils.py:230] Output is fake quantized to 7 bits in CIMConv2d with axis None!
Output is fake quantized to 7 bits in CIMConv2d with axis None!
I0612 14:47:02.221172 139671094376256 _utils.py:224] Input is fake quantized to 8 bits in CIMConv2d with axis None!
Input is fake quantized to 8 bits in CIMConv2d with axis None!
I0612 14:47:02.221228 139671094376256 _utils.py:227] Weight is fake quantized to 8 bits in CIMConv2d with axis 0!
Weight is fake quantized to 8 bits in CIMConv2d with axis 0!
I0612 14:47:02.221261 139671094376256 _utils.py:230] Output is fake quantized to 7 bits in CIMConv2d with axis None!
Output is fake quantized to 7 bits in CIMConv2d with axis None!
I0612 14:47:02.228458 139671094376256 _utils.py:224] Input is fake quantized to 8 bits in CIMConv2d with axis None!
Input is fake quantized to 8 bits in CIMConv2d with axis None!
I0612 14:47:02.228520 139671094376256 _utils.py:227] Weight is fake quantized to 8 bits in CIMConv2d with axis 0!
Weight is fake quantized to 8 bits in CIMConv2d with axis 0!
I0612 14:47:02.228554 139671094376256 _utils.py:230] Output is fake quantized to 7 bits in CIMConv2d with axis None!
Output is fake quantized to 7 bits in CIMConv2d with axis None!
I0612 14:47:02.236948 139671094376256 _utils.py:224] Input is fake quantized to 8 bits in CIMConv2d with axis None!
Input is fake quantized to 8 bits in CIMConv2d with axis None!
I0612 14:47:02.237015 139671094376256 _utils.py:227] Weight is fake quantized to 8 bits in CIMConv2d with axis 0!
Weight is fake quantized to 8 bits in CIMConv2d with axis 0!
I0612 14:47:02.237048 139671094376256 _utils.py:230] Output is fake quantized to 7 bits in CIMConv2d with axis None!
Output is fake quantized to 7 bits in CIMConv2d with axis None!
I0612 14:47:02.238215 139671094376256 _utils.py:305] Input is fake quantized to 8 bits in CIMAdaptiveAvgPool2d with axis None!
Input is fake quantized to 8 bits in CIMAdaptiveAvgPool2d with axis None!
I0612 14:47:02.239000 139671094376256 _utils.py:224] Input is fake quantized to 8 bits in CIMLinear with axis None!
Input is fake quantized to 8 bits in CIMLinear with axis None!
I0612 14:47:02.239050 139671094376256 _utils.py:227] Weight is fake quantized to 8 bits in CIMLinear with axis 0!
Weight is fake quantized to 8 bits in CIMLinear with axis 0!
I0612 14:47:02.239081 139671094376256 _utils.py:230] Output is fake quantized to 7 bits in CIMLinear with axis None!
Output is fake quantized to 7 bits in CIMLinear with axis None!
log/default/adc_axis=None/adc_calib_method=max/adc_enable=1/adc_precision=7/adc_quant_method=scale/batch_size=400/bitcell=1/calib_batch_size=128/dac_precision=1/dataset=cifar10/detect=0/hardware=1/input_axis=None/input_calib_method=max/input_precision=8/mem_states_file=mem_states.csv/mem_type=capacitive/mode=TensorRT/model=resnet18/num_batches=-1/off_state=0.006/on_state=1.02e-11/optimize_adc=0/output_noise=0.0/output_noise_file=/parallel_read=64/ppa=1/rate_stuck_0=0.0/rate_stuck_1=0.0/read_noise=0.0/seed=1234/sub_array=[4096, 64]/t=1/target=0.0/test_name=test/v=0.0/v_list=[0.005, 0.005, 0.005, 0.005, 0.005, 0.005, 0.005, 0.005]/vdd=1/weight_axis=0/weight_calib_method=max/weight_precision=8
=================FLAGS==================
dataset: cifar10
model: resnet18
data_path: ./datasets
model_path: ./models/
test_name: test
mode: TensorRT
gpu: 0
batch_size: 400
calib_batch_size: 128
seed: 1234
logdir: log/default/adc_axis=None/adc_calib_method=max/adc_enable=1/adc_precision=7/adc_quant_method=scale/batch_size=400/bitcell=1/calib_batch_size=128/dac_precision=1/dataset=cifar10/detect=0/hardware=1/input_axis=None/input_calib_method=max/input_precision=8/mem_states_file=mem_states.csv/mem_type=capacitive/mode=TensorRT/model=resnet18/num_batches=-1/off_state=0.006/on_state=1.02e-11/optimize_adc=0/output_noise=0.0/output_noise_file=/parallel_read=64/ppa=1/rate_stuck_0=0.0/rate_stuck_1=0.0/read_noise=0.0/seed=1234/sub_array=[4096, 64]/t=1/target=0.0/test_name=test/v=0.0/v_list=[0.005, 0.005, 0.005, 0.005, 0.005, 0.005, 0.005, 0.005]/vdd=1/weight_axis=0/weight_calib_method=max/weight_precision=8
hardware: 1
ppa: 1
num_batches: -1
sub_array: [4096, 64]
parallel_read: 64
weight_precision: 8
input_precision: 8
dac_precision: 1
adc_precision: 7
bitcell: 1
mem_type: capacitive
off_state: 0.006
on_state: 1.02e-11
mem_states_file: mem_states.csv
vdd: 1
read_noise: 0.0
output_noise: 0.0
output_noise_file: 
t: 1
v: 0.0
v_list: [0.005, 0.005, 0.005, 0.005, 0.005, 0.005, 0.005, 0.005]
detect: 0
target: 0.0
rate_stuck_0: 0.0
rate_stuck_1: 0.0
input_calib_method: max
weight_calib_method: max
adc_calib_method: max
input_axis: None
weight_axis: 0
adc_axis: None
adc_quant_method: scale
optimize_adc: 0
adc_enable: 1
logger: <bound method Logger.info of <pytorch_quantization.utils.misc.Logger object at 0x7f05ec6ef950>>
========================================

Running in-memory computing functional simulation of resnet18 on cifar10 dataset...
Building CIFAR-10 data loader with 1 workers
Building CIFAR-10 data loader with 1 workers

Loading pretrained model ./models/resnet18_cifar10.pth...
ResNet(
  (conv1): Sequential(
    (0): CIMConv2d(
      3, 64, kernel_size=(3, 3), stride=(1, 1), padding=(1, 1), bias=False
      (_input_quantizer): TensorQuantizer(8bit fake per-tensor amax=dynamic calibrator=MaxCalibrator scale=1.0 quant)
      (_weight_quantizer): TensorQuantizer(8bit fake axis=0 amax=dynamic calibrator=MaxCalibrator scale=1.0 quant)
      (_adc_quantizer): TensorQuantizer(unsigned 7bit fake per-tensor amax=dynamic calibrator=MaxCalibrator scale=1.0 quant)
    )
    (1): BatchNorm2d(64, eps=1e-05, momentum=0.1, affine=True, track_running_stats=True)
    (2): ReLU(inplace=True)
  )
  (conv2_x): Sequential(
    (0): BasicBlock(
      (residual_function): Sequential(
        (0): CIMConv2d(
          64, 64, kernel_size=(3, 3), stride=(1, 1), padding=(1, 1), bias=False
          (_input_quantizer): TensorQuantizer(8bit fake per-tensor amax=dynamic calibrator=MaxCalibrator scale=1.0 quant)
          (_weight_quantizer): TensorQuantizer(8bit fake axis=0 amax=dynamic calibrator=MaxCalibrator scale=1.0 quant)
          (_adc_quantizer): TensorQuantizer(unsigned 7bit fake per-tensor amax=dynamic calibrator=MaxCalibrator scale=1.0 quant)
        )
        (1): BatchNorm2d(64, eps=1e-05, momentum=0.1, affine=True, track_running_stats=True)
        (2): ReLU(inplace=True)
        (3): CIMConv2d(
          64, 64, kernel_size=(3, 3), stride=(1, 1), padding=(1, 1), bias=False
          (_input_quantizer): TensorQuantizer(8bit fake per-tensor amax=dynamic calibrator=MaxCalibrator scale=1.0 quant)
          (_weight_quantizer): TensorQuantizer(8bit fake axis=0 amax=dynamic calibrator=MaxCalibrator scale=1.0 quant)
          (_adc_quantizer): TensorQuantizer(unsigned 7bit fake per-tensor amax=dynamic calibrator=MaxCalibrator scale=1.0 quant)
        )
        (4): BatchNorm2d(64, eps=1e-05, momentum=0.1, affine=True, track_running_stats=True)
      )
      (shortcut): Sequential()
    )
    (1): BasicBlock(
      (residual_function): Sequential(
        (0): CIMConv2d(
          64, 64, kernel_size=(3, 3), stride=(1, 1), padding=(1, 1), bias=False
          (_input_quantizer): TensorQuantizer(8bit fake per-tensor amax=dynamic calibrator=MaxCalibrator scale=1.0 quant)
          (_weight_quantizer): TensorQuantizer(8bit fake axis=0 amax=dynamic calibrator=MaxCalibrator scale=1.0 quant)
          (_adc_quantizer): TensorQuantizer(unsigned 7bit fake per-tensor amax=dynamic calibrator=MaxCalibrator scale=1.0 quant)
        )
        (1): BatchNorm2d(64, eps=1e-05, momentum=0.1, affine=True, track_running_stats=True)
        (2): ReLU(inplace=True)
        (3): CIMConv2d(
          64, 64, kernel_size=(3, 3), stride=(1, 1), padding=(1, 1), bias=False
          (_input_quantizer): TensorQuantizer(8bit fake per-tensor amax=dynamic calibrator=MaxCalibrator scale=1.0 quant)
          (_weight_quantizer): TensorQuantizer(8bit fake axis=0 amax=dynamic calibrator=MaxCalibrator scale=1.0 quant)
          (_adc_quantizer): TensorQuantizer(unsigned 7bit fake per-tensor amax=dynamic calibrator=MaxCalibrator scale=1.0 quant)
        )
        (4): BatchNorm2d(64, eps=1e-05, momentum=0.1, affine=True, track_running_stats=True)
      )
      (shortcut): Sequential()
    )
  )
  (conv3_x): Sequential(
    (0): BasicBlock(
      (residual_function): Sequential(
        (0): CIMConv2d(
          64, 128, kernel_size=(3, 3), stride=(2, 2), padding=(1, 1), bias=False
          (_input_quantizer): TensorQuantizer(8bit fake per-tensor amax=dynamic calibrator=MaxCalibrator scale=1.0 quant)
          (_weight_quantizer): TensorQuantizer(8bit fake axis=0 amax=dynamic calibrator=MaxCalibrator scale=1.0 quant)
          (_adc_quantizer): TensorQuantizer(unsigned 7bit fake per-tensor amax=dynamic calibrator=MaxCalibrator scale=1.0 quant)
        )
        (1): BatchNorm2d(128, eps=1e-05, momentum=0.1, affine=True, track_running_stats=True)
        (2): ReLU(inplace=True)
        (3): CIMConv2d(
          128, 128, kernel_size=(3, 3), stride=(1, 1), padding=(1, 1), bias=False
          (_input_quantizer): TensorQuantizer(8bit fake per-tensor amax=dynamic calibrator=MaxCalibrator scale=1.0 quant)
          (_weight_quantizer): TensorQuantizer(8bit fake axis=0 amax=dynamic calibrator=MaxCalibrator scale=1.0 quant)
          (_adc_quantizer): TensorQuantizer(unsigned 7bit fake per-tensor amax=dynamic calibrator=MaxCalibrator scale=1.0 quant)
        )
        (4): BatchNorm2d(128, eps=1e-05, momentum=0.1, affine=True, track_running_stats=True)
      )
      (shortcut): Sequential(
        (0): CIMConv2d(
          64, 128, kernel_size=(1, 1), stride=(2, 2), bias=False
          (_input_quantizer): TensorQuantizer(8bit fake per-tensor amax=dynamic calibrator=MaxCalibrator scale=1.0 quant)
          (_weight_quantizer): TensorQuantizer(8bit fake axis=0 amax=dynamic calibrator=MaxCalibrator scale=1.0 quant)
          (_adc_quantizer): TensorQuantizer(unsigned 7bit fake per-tensor amax=dynamic calibrator=MaxCalibrator scale=1.0 quant)
        )
        (1): BatchNorm2d(128, eps=1e-05, momentum=0.1, affine=True, track_running_stats=True)
      )
    )
    (1): BasicBlock(
      (residual_function): Sequential(
        (0): CIMConv2d(
          128, 128, kernel_size=(3, 3), stride=(1, 1), padding=(1, 1), bias=False
          (_input_quantizer): TensorQuantizer(8bit fake per-tensor amax=dynamic calibrator=MaxCalibrator scale=1.0 quant)
          (_weight_quantizer): TensorQuantizer(8bit fake axis=0 amax=dynamic calibrator=MaxCalibrator scale=1.0 quant)
          (_adc_quantizer): TensorQuantizer(unsigned 7bit fake per-tensor amax=dynamic calibrator=MaxCalibrator scale=1.0 quant)
        )
        (1): BatchNorm2d(128, eps=1e-05, momentum=0.1, affine=True, track_running_stats=True)
        (2): ReLU(inplace=True)
        (3): CIMConv2d(
          128, 128, kernel_size=(3, 3), stride=(1, 1), padding=(1, 1), bias=False
          (_input_quantizer): TensorQuantizer(8bit fake per-tensor amax=dynamic calibrator=MaxCalibrator scale=1.0 quant)
          (_weight_quantizer): TensorQuantizer(8bit fake axis=0 amax=dynamic calibrator=MaxCalibrator scale=1.0 quant)
          (_adc_quantizer): TensorQuantizer(unsigned 7bit fake per-tensor amax=dynamic calibrator=MaxCalibrator scale=1.0 quant)
        )
        (4): BatchNorm2d(128, eps=1e-05, momentum=0.1, affine=True, track_running_stats=True)
      )
      (shortcut): Sequential()
    )
  )
  (conv4_x): Sequential(
    (0): BasicBlock(
      (residual_function): Sequential(
        (0): CIMConv2d(
          128, 256, kernel_size=(3, 3), stride=(2, 2), padding=(1, 1), bias=False
          (_input_quantizer): TensorQuantizer(8bit fake per-tensor amax=dynamic calibrator=MaxCalibrator scale=1.0 quant)
          (_weight_quantizer): TensorQuantizer(8bit fake axis=0 amax=dynamic calibrator=MaxCalibrator scale=1.0 quant)
          (_adc_quantizer): TensorQuantizer(unsigned 7bit fake per-tensor amax=dynamic calibrator=MaxCalibrator scale=1.0 quant)
        )
        (1): BatchNorm2d(256, eps=1e-05, momentum=0.1, affine=True, track_running_stats=True)
        (2): ReLU(inplace=True)
        (3): CIMConv2d(
          256, 256, kernel_size=(3, 3), stride=(1, 1), padding=(1, 1), bias=False
          (_input_quantizer): TensorQuantizer(8bit fake per-tensor amax=dynamic calibrator=MaxCalibrator scale=1.0 quant)
          (_weight_quantizer): TensorQuantizer(8bit fake axis=0 amax=dynamic calibrator=MaxCalibrator scale=1.0 quant)
          (_adc_quantizer): TensorQuantizer(unsigned 7bit fake per-tensor amax=dynamic calibrator=MaxCalibrator scale=1.0 quant)
        )
        (4): BatchNorm2d(256, eps=1e-05, momentum=0.1, affine=True, track_running_stats=True)
      )
      (shortcut): Sequential(
        (0): CIMConv2d(
          128, 256, kernel_size=(1, 1), stride=(2, 2), bias=False
          (_input_quantizer): TensorQuantizer(8bit fake per-tensor amax=dynamic calibrator=MaxCalibrator scale=1.0 quant)
          (_weight_quantizer): TensorQuantizer(8bit fake axis=0 amax=dynamic calibrator=MaxCalibrator scale=1.0 quant)
          (_adc_quantizer): TensorQuantizer(unsigned 7bit fake per-tensor amax=dynamic calibrator=MaxCalibrator scale=1.0 quant)
        )
        (1): BatchNorm2d(256, eps=1e-05, momentum=0.1, affine=True, track_running_stats=True)
      )
    )
    (1): BasicBlock(
      (residual_function): Sequential(
        (0): CIMConv2d(
          256, 256, kernel_size=(3, 3), stride=(1, 1), padding=(1, 1), bias=False
          (_input_quantizer): TensorQuantizer(8bit fake per-tensor amax=dynamic calibrator=MaxCalibrator scale=1.0 quant)
          (_weight_quantizer): TensorQuantizer(8bit fake axis=0 amax=dynamic calibrator=MaxCalibrator scale=1.0 quant)
          (_adc_quantizer): TensorQuantizer(unsigned 7bit fake per-tensor amax=dynamic calibrator=MaxCalibrator scale=1.0 quant)
        )
        (1): BatchNorm2d(256, eps=1e-05, momentum=0.1, affine=True, track_running_stats=True)
        (2): ReLU(inplace=True)
        (3): CIMConv2d(
          256, 256, kernel_size=(3, 3), stride=(1, 1), padding=(1, 1), bias=False
          (_input_quantizer): TensorQuantizer(8bit fake per-tensor amax=dynamic calibrator=MaxCalibrator scale=1.0 quant)
          (_weight_quantizer): TensorQuantizer(8bit fake axis=0 amax=dynamic calibrator=MaxCalibrator scale=1.0 quant)
          (_adc_quantizer): TensorQuantizer(unsigned 7bit fake per-tensor amax=dynamic calibrator=MaxCalibrator scale=1.0 quant)
        )
        (4): BatchNorm2d(256, eps=1e-05, momentum=0.1, affine=True, track_running_stats=True)
      )
      (shortcut): Sequential()
    )
  )
  (conv5_x): Sequential(
    (0): BasicBlock(
      (residual_function): Sequential(
        (0): CIMConv2d(
          256, 512, kernel_size=(3, 3), stride=(2, 2), padding=(1, 1), bias=False
          (_input_quantizer): TensorQuantizer(8bit fake per-tensor amax=dynamic calibrator=MaxCalibrator scale=1.0 quant)
          (_weight_quantizer): TensorQuantizer(8bit fake axis=0 amax=dynamic calibrator=MaxCalibrator scale=1.0 quant)
          (_adc_quantizer): TensorQuantizer(unsigned 7bit fake per-tensor amax=dynamic calibrator=MaxCalibrator scale=1.0 quant)
        )
        (1): BatchNorm2d(512, eps=1e-05, momentum=0.1, affine=True, track_running_stats=True)
        (2): ReLU(inplace=True)
        (3): CIMConv2d(
          512, 512, kernel_size=(3, 3), stride=(1, 1), padding=(1, 1), bias=False
          (_input_quantizer): TensorQuantizer(8bit fake per-tensor amax=dynamic calibrator=MaxCalibrator scale=1.0 quant)
          (_weight_quantizer): TensorQuantizer(8bit fake axis=0 amax=dynamic calibrator=MaxCalibrator scale=1.0 quant)
          (_adc_quantizer): TensorQuantizer(unsigned 7bit fake per-tensor amax=dynamic calibrator=MaxCalibrator scale=1.0 quant)
        )
        (4): BatchNorm2d(512, eps=1e-05, momentum=0.1, affine=True, track_running_stats=True)
      )
      (shortcut): Sequential(
        (0): CIMConv2d(
          256, 512, kernel_size=(1, 1), stride=(2, 2), bias=False
          (_input_quantizer): TensorQuantizer(8bit fake per-tensor amax=dynamic calibrator=MaxCalibrator scale=1.0 quant)
          (_weight_quantizer): TensorQuantizer(8bit fake axis=0 amax=dynamic calibrator=MaxCalibrator scale=1.0 quant)
          (_adc_quantizer): TensorQuantizer(unsigned 7bit fake per-tensor amax=dynamic calibrator=MaxCalibrator scale=1.0 quant)
        )
        (1): BatchNorm2d(512, eps=1e-05, momentum=0.1, affine=True, track_running_stats=True)
      )
    )
    (1): BasicBlock(
      (residual_function): Sequential(
        (0): CIMConv2d(
          512, 512, kernel_size=(3, 3), stride=(1, 1), padding=(1, 1), bias=False
          (_input_quantizer): TensorQuantizer(8bit fake per-tensor amax=dynamic calibrator=MaxCalibrator scale=1.0 quant)
          (_weight_quantizer): TensorQuantizer(8bit fake axis=0 amax=dynamic calibrator=MaxCalibrator scale=1.0 quant)
          (_adc_quantizer): TensorQuantizer(unsigned 7bit fake per-tensor amax=dynamic calibrator=MaxCalibrator scale=1.0 quant)
        )
        (1): BatchNorm2d(512, eps=1e-05, momentum=0.1, affine=True, track_running_stats=True)
        (2): ReLU(inplace=True)
        (3): CIMConv2d(
          512, 512, kernel_size=(3, 3), stride=(1, 1), padding=(1, 1), bias=False
          (_input_quantizer): TensorQuantizer(8bit fake per-tensor amax=dynamic calibrator=MaxCalibrator scale=1.0 quant)
          (_weight_quantizer): TensorQuantizer(8bit fake axis=0 amax=dynamic calibrator=MaxCalibrator scale=1.0 quant)
          (_adc_quantizer): TensorQuantizer(unsigned 7bit fake per-tensor amax=dynamic calibrator=MaxCalibrator scale=1.0 quant)
        )
        (4): BatchNorm2d(512, eps=1e-05, momentum=0.1, affine=True, track_running_stats=True)
      )
      (shortcut): Sequential()
    )
  )
  (avg_pool): CIMAdaptiveAvgPool2d(
    output_size=(1, 1)
    (_input_quantizer): TensorQuantizer(8bit fake per-tensor amax=dynamic calibrator=MaxCalibrator scale=1.0 quant)
  )
  (fc): CIMLinear(
    in_features=512, out_features=10, bias=True
    (_input_quantizer): TensorQuantizer(8bit fake per-tensor amax=dynamic calibrator=MaxCalibrator scale=1.0 quant)
    (_weight_quantizer): TensorQuantizer(8bit fake axis=0 amax=dynamic calibrator=MaxCalibrator scale=1.0 quant)
    (_adc_quantizer): TensorQuantizer(unsigned 7bit fake per-tensor amax=dynamic calibrator=MaxCalibrator scale=1.0 quant)
  )
)
Evaluating baseline model...


  0%|          | 0/1 [00:00<?, ?it/s]
  0%|          | 0/1 [00:00<?, ?it/s]
Test Accuracy of the model on 400 test images: 12.75 %
Average Test loss: 2.3037919998168945

--------------------------------------------
evaluation time: 0.4043080806732178
Quantizing inputs and weights...
Collecting histograms...


  0%|          | 0/2 [00:00<?, ?it/s]I0612 14:47:02.733609 139671094376256 max.py:61] Calibrator encountered negative values. It shouldn't happen after ReLU. Make sure this is the right tensor to calibrate.
Calibrator encountered negative values. It shouldn't happen after ReLU. Make sure this is the right tensor to calibrate.

100%|██████████| 2/2 [00:00<00:00, 23.08it/s]
W0612 14:47:02.808854 139671094376256 tensor_quantizer.py:239] Call .cuda() if running on GPU after loading calibrated amax.
Call .cuda() if running on GPU after loading calibrated amax.

Computing amax... 

Finished quantizing inputs and weights.
Evaluating input and weight quantized model...


  0%|          | 0/1 [00:00<?, ?it/s]
  0%|          | 0/1 [00:00<?, ?it/s]
I0612 14:47:02.932219 139671094376256 misc.py:32] Running inference with detailed hardware simulation...
Running inference with detailed hardware simulation...
Test Accuracy of the model on 400 test images: 12.5 %
Average Test loss: 2.303790330886841

--------------------------------------------
evaluation time: 0.08466601371765137

  0%|          | 0/25 [00:00<?, ?it/s]
  4%|▍         | 1/25 [00:11<04:38, 11.61s/it]

-> [Auto-Interrupt] 4% batch mark reached! CSVs should be fully saved.
-> [Auto-Interrupt] Sending Ctrl+C (SIGTERM)...
-> integrationMode = CNA: recompiling...
-> Running NeuroSim Hardware Trace...
-> DONE! Saved hardware performance to results_resnet18_2T64C_256x256_CNA_no_pipeline.txt

-> integrationMode = CUA: recompiling...
-> Running NeuroSim Hardware Trace...
-> DONE! Saved hardware performance to results_resnet18_2T64C_256x256_CUA_no_pipeline.txt

-> integrationMode = CBA: recompiling...
-> Running NeuroSim Hardware Trace...
-> DONE! Saved hardware performance to results_resnet18_2T64C_256x256_CBA_no_pipeline.txt

        STARTING PIPELINE FOR 2T64C  512x512              
-> Updating Param.cpp...
-> Updating main.cpp...
-> Updating inference.py...
-> Compiling NeuroSim (make clean && make)...
-> Running inference.py (Waiting for 4% batch completion)...
/scratch/rxc5747/conda_envs/neurosim/lib/python3.11/site-packages/torchvision/datasets/cifar.py:83: VisibleDeprecationWarning: dtype(): align should be passed as Python or NumPy boolean but got `align=0`. Did you mean to pass a tuple to create a subarray type? (Deprecated NumPy 2.4)
  entry = pickle.load(f, encoding="latin1")
WARNING: Logging before flag parsing goes to stderr.
I0612 14:48:37.885082 140713504851776 _utils.py:224] Input is fake quantized to 8 bits in CIMConv2d with axis None!
Input is fake quantized to 8 bits in CIMConv2d with axis None!
I0612 14:48:37.885220 140713504851776 _utils.py:227] Weight is fake quantized to 8 bits in CIMConv2d with axis 0!
Weight is fake quantized to 8 bits in CIMConv2d with axis 0!
I0612 14:48:37.885272 140713504851776 _utils.py:230] Output is fake quantized to 7 bits in CIMConv2d with axis None!
Output is fake quantized to 7 bits in CIMConv2d with axis None!
I0612 14:48:37.906751 140713504851776 _utils.py:224] Input is fake quantized to 8 bits in CIMConv2d with axis None!
Input is fake quantized to 8 bits in CIMConv2d with axis None!
I0612 14:48:37.906858 140713504851776 _utils.py:227] Weight is fake quantized to 8 bits in CIMConv2d with axis 0!
Weight is fake quantized to 8 bits in CIMConv2d with axis 0!
I0612 14:48:37.906897 140713504851776 _utils.py:230] Output is fake quantized to 7 bits in CIMConv2d with axis None!
Output is fake quantized to 7 bits in CIMConv2d with axis None!
I0612 14:48:37.908223 140713504851776 _utils.py:224] Input is fake quantized to 8 bits in CIMConv2d with axis None!
Input is fake quantized to 8 bits in CIMConv2d with axis None!
I0612 14:48:37.908290 140713504851776 _utils.py:227] Weight is fake quantized to 8 bits in CIMConv2d with axis 0!
Weight is fake quantized to 8 bits in CIMConv2d with axis 0!
I0612 14:48:37.908336 140713504851776 _utils.py:230] Output is fake quantized to 7 bits in CIMConv2d with axis None!
Output is fake quantized to 7 bits in CIMConv2d with axis None!
I0612 14:48:37.909877 140713504851776 _utils.py:224] Input is fake quantized to 8 bits in CIMConv2d with axis None!
Input is fake quantized to 8 bits in CIMConv2d with axis None!
I0612 14:48:37.909932 140713504851776 _utils.py:227] Weight is fake quantized to 8 bits in CIMConv2d with axis 0!
Weight is fake quantized to 8 bits in CIMConv2d with axis 0!
I0612 14:48:37.909964 140713504851776 _utils.py:230] Output is fake quantized to 7 bits in CIMConv2d with axis None!
Output is fake quantized to 7 bits in CIMConv2d with axis None!
I0612 14:48:37.911191 140713504851776 _utils.py:224] Input is fake quantized to 8 bits in CIMConv2d with axis None!
Input is fake quantized to 8 bits in CIMConv2d with axis None!
I0612 14:48:37.911244 140713504851776 _utils.py:227] Weight is fake quantized to 8 bits in CIMConv2d with axis 0!
Weight is fake quantized to 8 bits in CIMConv2d with axis 0!
I0612 14:48:37.911275 140713504851776 _utils.py:230] Output is fake quantized to 7 bits in CIMConv2d with axis None!
Output is fake quantized to 7 bits in CIMConv2d with axis None!
I0612 14:48:37.912606 140713504851776 _utils.py:224] Input is fake quantized to 8 bits in CIMConv2d with axis None!
Input is fake quantized to 8 bits in CIMConv2d with axis None!
I0612 14:48:37.912659 140713504851776 _utils.py:227] Weight is fake quantized to 8 bits in CIMConv2d with axis 0!
Weight is fake quantized to 8 bits in CIMConv2d with axis 0!
I0612 14:48:37.912690 140713504851776 _utils.py:230] Output is fake quantized to 7 bits in CIMConv2d with axis None!
Output is fake quantized to 7 bits in CIMConv2d with axis None!
I0612 14:48:37.914178 140713504851776 _utils.py:224] Input is fake quantized to 8 bits in CIMConv2d with axis None!
Input is fake quantized to 8 bits in CIMConv2d with axis None!
I0612 14:48:37.914232 140713504851776 _utils.py:227] Weight is fake quantized to 8 bits in CIMConv2d with axis 0!
Weight is fake quantized to 8 bits in CIMConv2d with axis 0!
I0612 14:48:37.914265 140713504851776 _utils.py:230] Output is fake quantized to 7 bits in CIMConv2d with axis None!
Output is fake quantized to 7 bits in CIMConv2d with axis None!
I0612 14:48:37.915431 140713504851776 _utils.py:224] Input is fake quantized to 8 bits in CIMConv2d with axis None!
Input is fake quantized to 8 bits in CIMConv2d with axis None!
I0612 14:48:37.915485 140713504851776 _utils.py:227] Weight is fake quantized to 8 bits in CIMConv2d with axis 0!
Weight is fake quantized to 8 bits in CIMConv2d with axis 0!
I0612 14:48:37.915516 140713504851776 _utils.py:230] Output is fake quantized to 7 bits in CIMConv2d with axis None!
Output is fake quantized to 7 bits in CIMConv2d with axis None!
I0612 14:48:37.917068 140713504851776 _utils.py:224] Input is fake quantized to 8 bits in CIMConv2d with axis None!
Input is fake quantized to 8 bits in CIMConv2d with axis None!
I0612 14:48:37.917124 140713504851776 _utils.py:227] Weight is fake quantized to 8 bits in CIMConv2d with axis 0!
Weight is fake quantized to 8 bits in CIMConv2d with axis 0!
I0612 14:48:37.917156 140713504851776 _utils.py:230] Output is fake quantized to 7 bits in CIMConv2d with axis None!
Output is fake quantized to 7 bits in CIMConv2d with axis None!
I0612 14:48:37.918637 140713504851776 _utils.py:224] Input is fake quantized to 8 bits in CIMConv2d with axis None!
Input is fake quantized to 8 bits in CIMConv2d with axis None!
I0612 14:48:37.918691 140713504851776 _utils.py:227] Weight is fake quantized to 8 bits in CIMConv2d with axis 0!
Weight is fake quantized to 8 bits in CIMConv2d with axis 0!
I0612 14:48:37.918723 140713504851776 _utils.py:230] Output is fake quantized to 7 bits in CIMConv2d with axis None!
Output is fake quantized to 7 bits in CIMConv2d with axis None!
I0612 14:48:37.920612 140713504851776 _utils.py:224] Input is fake quantized to 8 bits in CIMConv2d with axis None!
Input is fake quantized to 8 bits in CIMConv2d with axis None!
I0612 14:48:37.920667 140713504851776 _utils.py:227] Weight is fake quantized to 8 bits in CIMConv2d with axis 0!
Weight is fake quantized to 8 bits in CIMConv2d with axis 0!
I0612 14:48:37.920701 140713504851776 _utils.py:230] Output is fake quantized to 7 bits in CIMConv2d with axis None!
Output is fake quantized to 7 bits in CIMConv2d with axis None!
I0612 14:48:37.923352 140713504851776 _utils.py:224] Input is fake quantized to 8 bits in CIMConv2d with axis None!
Input is fake quantized to 8 bits in CIMConv2d with axis None!
I0612 14:48:37.923409 140713504851776 _utils.py:227] Weight is fake quantized to 8 bits in CIMConv2d with axis 0!
Weight is fake quantized to 8 bits in CIMConv2d with axis 0!
I0612 14:48:37.923440 140713504851776 _utils.py:230] Output is fake quantized to 7 bits in CIMConv2d with axis None!
Output is fake quantized to 7 bits in CIMConv2d with axis None!
I0612 14:48:37.924713 140713504851776 _utils.py:224] Input is fake quantized to 8 bits in CIMConv2d with axis None!
Input is fake quantized to 8 bits in CIMConv2d with axis None!
I0612 14:48:37.924769 140713504851776 _utils.py:227] Weight is fake quantized to 8 bits in CIMConv2d with axis 0!
Weight is fake quantized to 8 bits in CIMConv2d with axis 0!
I0612 14:48:37.924804 140713504851776 _utils.py:230] Output is fake quantized to 7 bits in CIMConv2d with axis None!
Output is fake quantized to 7 bits in CIMConv2d with axis None!
I0612 14:48:37.927454 140713504851776 _utils.py:224] Input is fake quantized to 8 bits in CIMConv2d with axis None!
Input is fake quantized to 8 bits in CIMConv2d with axis None!
I0612 14:48:37.927512 140713504851776 _utils.py:227] Weight is fake quantized to 8 bits in CIMConv2d with axis 0!
Weight is fake quantized to 8 bits in CIMConv2d with axis 0!
I0612 14:48:37.927547 140713504851776 _utils.py:230] Output is fake quantized to 7 bits in CIMConv2d with axis None!
Output is fake quantized to 7 bits in CIMConv2d with axis None!
I0612 14:48:37.930203 140713504851776 _utils.py:224] Input is fake quantized to 8 bits in CIMConv2d with axis None!
Input is fake quantized to 8 bits in CIMConv2d with axis None!
I0612 14:48:37.930260 140713504851776 _utils.py:227] Weight is fake quantized to 8 bits in CIMConv2d with axis 0!
Weight is fake quantized to 8 bits in CIMConv2d with axis 0!
I0612 14:48:37.930292 140713504851776 _utils.py:230] Output is fake quantized to 7 bits in CIMConv2d with axis None!
Output is fake quantized to 7 bits in CIMConv2d with axis None!
I0612 14:48:37.934479 140713504851776 _utils.py:224] Input is fake quantized to 8 bits in CIMConv2d with axis None!
Input is fake quantized to 8 bits in CIMConv2d with axis None!
I0612 14:48:37.934537 140713504851776 _utils.py:227] Weight is fake quantized to 8 bits in CIMConv2d with axis 0!
Weight is fake quantized to 8 bits in CIMConv2d with axis 0!
I0612 14:48:37.934576 140713504851776 _utils.py:230] Output is fake quantized to 7 bits in CIMConv2d with axis None!
Output is fake quantized to 7 bits in CIMConv2d with axis None!
I0612 14:48:37.941808 140713504851776 _utils.py:224] Input is fake quantized to 8 bits in CIMConv2d with axis None!
Input is fake quantized to 8 bits in CIMConv2d with axis None!
I0612 14:48:37.941867 140713504851776 _utils.py:227] Weight is fake quantized to 8 bits in CIMConv2d with axis 0!
Weight is fake quantized to 8 bits in CIMConv2d with axis 0!
I0612 14:48:37.941898 140713504851776 _utils.py:230] Output is fake quantized to 7 bits in CIMConv2d with axis None!
Output is fake quantized to 7 bits in CIMConv2d with axis None!
I0612 14:48:37.943436 140713504851776 _utils.py:224] Input is fake quantized to 8 bits in CIMConv2d with axis None!
Input is fake quantized to 8 bits in CIMConv2d with axis None!
I0612 14:48:37.943490 140713504851776 _utils.py:227] Weight is fake quantized to 8 bits in CIMConv2d with axis 0!
Weight is fake quantized to 8 bits in CIMConv2d with axis 0!
I0612 14:48:37.943522 140713504851776 _utils.py:230] Output is fake quantized to 7 bits in CIMConv2d with axis None!
Output is fake quantized to 7 bits in CIMConv2d with axis None!
I0612 14:48:37.950734 140713504851776 _utils.py:224] Input is fake quantized to 8 bits in CIMConv2d with axis None!
Input is fake quantized to 8 bits in CIMConv2d with axis None!
I0612 14:48:37.950793 140713504851776 _utils.py:227] Weight is fake quantized to 8 bits in CIMConv2d with axis 0!
Weight is fake quantized to 8 bits in CIMConv2d with axis 0!
I0612 14:48:37.950825 140713504851776 _utils.py:230] Output is fake quantized to 7 bits in CIMConv2d with axis None!
Output is fake quantized to 7 bits in CIMConv2d with axis None!
I0612 14:48:37.959253 140713504851776 _utils.py:224] Input is fake quantized to 8 bits in CIMConv2d with axis None!
Input is fake quantized to 8 bits in CIMConv2d with axis None!
I0612 14:48:37.959318 140713504851776 _utils.py:227] Weight is fake quantized to 8 bits in CIMConv2d with axis 0!
Weight is fake quantized to 8 bits in CIMConv2d with axis 0!
I0612 14:48:37.959350 140713504851776 _utils.py:230] Output is fake quantized to 7 bits in CIMConv2d with axis None!
Output is fake quantized to 7 bits in CIMConv2d with axis None!
I0612 14:48:37.960534 140713504851776 _utils.py:305] Input is fake quantized to 8 bits in CIMAdaptiveAvgPool2d with axis None!
Input is fake quantized to 8 bits in CIMAdaptiveAvgPool2d with axis None!
I0612 14:48:37.961336 140713504851776 _utils.py:224] Input is fake quantized to 8 bits in CIMLinear with axis None!
Input is fake quantized to 8 bits in CIMLinear with axis None!
I0612 14:48:37.961385 140713504851776 _utils.py:227] Weight is fake quantized to 8 bits in CIMLinear with axis 0!
Weight is fake quantized to 8 bits in CIMLinear with axis 0!
I0612 14:48:37.961416 140713504851776 _utils.py:230] Output is fake quantized to 7 bits in CIMLinear with axis None!
Output is fake quantized to 7 bits in CIMLinear with axis None!
log/default/adc_axis=None/adc_calib_method=max/adc_enable=1/adc_precision=7/adc_quant_method=scale/batch_size=400/bitcell=1/calib_batch_size=128/dac_precision=1/dataset=cifar10/detect=0/hardware=1/input_axis=None/input_calib_method=max/input_precision=8/mem_states_file=mem_states.csv/mem_type=capacitive/mode=TensorRT/model=resnet18/num_batches=-1/off_state=0.006/on_state=1.02e-11/optimize_adc=0/output_noise=0.0/output_noise_file=/parallel_read=64/ppa=1/rate_stuck_0=0.0/rate_stuck_1=0.0/read_noise=0.0/seed=1234/sub_array=[4096, 64]/t=1/target=0.0/test_name=test/v=0.0/v_list=[0.005, 0.005, 0.005, 0.005, 0.005, 0.005, 0.005, 0.005]/vdd=1/weight_axis=0/weight_calib_method=max/weight_precision=8
=================FLAGS==================
dataset: cifar10
model: resnet18
data_path: ./datasets
model_path: ./models/
test_name: test
mode: TensorRT
gpu: 0
batch_size: 400
calib_batch_size: 128
seed: 1234
logdir: log/default/adc_axis=None/adc_calib_method=max/adc_enable=1/adc_precision=7/adc_quant_method=scale/batch_size=400/bitcell=1/calib_batch_size=128/dac_precision=1/dataset=cifar10/detect=0/hardware=1/input_axis=None/input_calib_method=max/input_precision=8/mem_states_file=mem_states.csv/mem_type=capacitive/mode=TensorRT/model=resnet18/num_batches=-1/off_state=0.006/on_state=1.02e-11/optimize_adc=0/output_noise=0.0/output_noise_file=/parallel_read=64/ppa=1/rate_stuck_0=0.0/rate_stuck_1=0.0/read_noise=0.0/seed=1234/sub_array=[4096, 64]/t=1/target=0.0/test_name=test/v=0.0/v_list=[0.005, 0.005, 0.005, 0.005, 0.005, 0.005, 0.005, 0.005]/vdd=1/weight_axis=0/weight_calib_method=max/weight_precision=8
hardware: 1
ppa: 1
num_batches: -1
sub_array: [4096, 64]
parallel_read: 64
weight_precision: 8
input_precision: 8
dac_precision: 1
adc_precision: 7
bitcell: 1
mem_type: capacitive
off_state: 0.006
on_state: 1.02e-11
mem_states_file: mem_states.csv
vdd: 1
read_noise: 0.0
output_noise: 0.0
output_noise_file: 
t: 1
v: 0.0
v_list: [0.005, 0.005, 0.005, 0.005, 0.005, 0.005, 0.005, 0.005]
detect: 0
target: 0.0
rate_stuck_0: 0.0
rate_stuck_1: 0.0
input_calib_method: max
weight_calib_method: max
adc_calib_method: max
input_axis: None
weight_axis: 0
adc_axis: None
adc_quant_method: scale
optimize_adc: 0
adc_enable: 1
logger: <bound method Logger.info of <pytorch_quantization.utils.misc.Logger object at 0x7ff8a0eebc50>>
========================================

Running in-memory computing functional simulation of resnet18 on cifar10 dataset...
Building CIFAR-10 data loader with 1 workers
Building CIFAR-10 data loader with 1 workers

Loading pretrained model ./models/resnet18_cifar10.pth...
ResNet(
  (conv1): Sequential(
    (0): CIMConv2d(
      3, 64, kernel_size=(3, 3), stride=(1, 1), padding=(1, 1), bias=False
      (_input_quantizer): TensorQuantizer(8bit fake per-tensor amax=dynamic calibrator=MaxCalibrator scale=1.0 quant)
      (_weight_quantizer): TensorQuantizer(8bit fake axis=0 amax=dynamic calibrator=MaxCalibrator scale=1.0 quant)
      (_adc_quantizer): TensorQuantizer(unsigned 7bit fake per-tensor amax=dynamic calibrator=MaxCalibrator scale=1.0 quant)
    )
    (1): BatchNorm2d(64, eps=1e-05, momentum=0.1, affine=True, track_running_stats=True)
    (2): ReLU(inplace=True)
  )
  (conv2_x): Sequential(
    (0): BasicBlock(
      (residual_function): Sequential(
        (0): CIMConv2d(
          64, 64, kernel_size=(3, 3), stride=(1, 1), padding=(1, 1), bias=False
          (_input_quantizer): TensorQuantizer(8bit fake per-tensor amax=dynamic calibrator=MaxCalibrator scale=1.0 quant)
          (_weight_quantizer): TensorQuantizer(8bit fake axis=0 amax=dynamic calibrator=MaxCalibrator scale=1.0 quant)
          (_adc_quantizer): TensorQuantizer(unsigned 7bit fake per-tensor amax=dynamic calibrator=MaxCalibrator scale=1.0 quant)
        )
        (1): BatchNorm2d(64, eps=1e-05, momentum=0.1, affine=True, track_running_stats=True)
        (2): ReLU(inplace=True)
        (3): CIMConv2d(
          64, 64, kernel_size=(3, 3), stride=(1, 1), padding=(1, 1), bias=False
          (_input_quantizer): TensorQuantizer(8bit fake per-tensor amax=dynamic calibrator=MaxCalibrator scale=1.0 quant)
          (_weight_quantizer): TensorQuantizer(8bit fake axis=0 amax=dynamic calibrator=MaxCalibrator scale=1.0 quant)
          (_adc_quantizer): TensorQuantizer(unsigned 7bit fake per-tensor amax=dynamic calibrator=MaxCalibrator scale=1.0 quant)
        )
        (4): BatchNorm2d(64, eps=1e-05, momentum=0.1, affine=True, track_running_stats=True)
      )
      (shortcut): Sequential()
    )
    (1): BasicBlock(
      (residual_function): Sequential(
        (0): CIMConv2d(
          64, 64, kernel_size=(3, 3), stride=(1, 1), padding=(1, 1), bias=False
          (_input_quantizer): TensorQuantizer(8bit fake per-tensor amax=dynamic calibrator=MaxCalibrator scale=1.0 quant)
          (_weight_quantizer): TensorQuantizer(8bit fake axis=0 amax=dynamic calibrator=MaxCalibrator scale=1.0 quant)
          (_adc_quantizer): TensorQuantizer(unsigned 7bit fake per-tensor amax=dynamic calibrator=MaxCalibrator scale=1.0 quant)
        )
        (1): BatchNorm2d(64, eps=1e-05, momentum=0.1, affine=True, track_running_stats=True)
        (2): ReLU(inplace=True)
        (3): CIMConv2d(
          64, 64, kernel_size=(3, 3), stride=(1, 1), padding=(1, 1), bias=False
          (_input_quantizer): TensorQuantizer(8bit fake per-tensor amax=dynamic calibrator=MaxCalibrator scale=1.0 quant)
          (_weight_quantizer): TensorQuantizer(8bit fake axis=0 amax=dynamic calibrator=MaxCalibrator scale=1.0 quant)
          (_adc_quantizer): TensorQuantizer(unsigned 7bit fake per-tensor amax=dynamic calibrator=MaxCalibrator scale=1.0 quant)
        )
        (4): BatchNorm2d(64, eps=1e-05, momentum=0.1, affine=True, track_running_stats=True)
      )
      (shortcut): Sequential()
    )
  )
  (conv3_x): Sequential(
    (0): BasicBlock(
      (residual_function): Sequential(
        (0): CIMConv2d(
          64, 128, kernel_size=(3, 3), stride=(2, 2), padding=(1, 1), bias=False
          (_input_quantizer): TensorQuantizer(8bit fake per-tensor amax=dynamic calibrator=MaxCalibrator scale=1.0 quant)
          (_weight_quantizer): TensorQuantizer(8bit fake axis=0 amax=dynamic calibrator=MaxCalibrator scale=1.0 quant)
          (_adc_quantizer): TensorQuantizer(unsigned 7bit fake per-tensor amax=dynamic calibrator=MaxCalibrator scale=1.0 quant)
        )
        (1): BatchNorm2d(128, eps=1e-05, momentum=0.1, affine=True, track_running_stats=True)
        (2): ReLU(inplace=True)
        (3): CIMConv2d(
          128, 128, kernel_size=(3, 3), stride=(1, 1), padding=(1, 1), bias=False
          (_input_quantizer): TensorQuantizer(8bit fake per-tensor amax=dynamic calibrator=MaxCalibrator scale=1.0 quant)
          (_weight_quantizer): TensorQuantizer(8bit fake axis=0 amax=dynamic calibrator=MaxCalibrator scale=1.0 quant)
          (_adc_quantizer): TensorQuantizer(unsigned 7bit fake per-tensor amax=dynamic calibrator=MaxCalibrator scale=1.0 quant)
        )
        (4): BatchNorm2d(128, eps=1e-05, momentum=0.1, affine=True, track_running_stats=True)
      )
      (shortcut): Sequential(
        (0): CIMConv2d(
          64, 128, kernel_size=(1, 1), stride=(2, 2), bias=False
          (_input_quantizer): TensorQuantizer(8bit fake per-tensor amax=dynamic calibrator=MaxCalibrator scale=1.0 quant)
          (_weight_quantizer): TensorQuantizer(8bit fake axis=0 amax=dynamic calibrator=MaxCalibrator scale=1.0 quant)
          (_adc_quantizer): TensorQuantizer(unsigned 7bit fake per-tensor amax=dynamic calibrator=MaxCalibrator scale=1.0 quant)
        )
        (1): BatchNorm2d(128, eps=1e-05, momentum=0.1, affine=True, track_running_stats=True)
      )
    )
    (1): BasicBlock(
      (residual_function): Sequential(
        (0): CIMConv2d(
          128, 128, kernel_size=(3, 3), stride=(1, 1), padding=(1, 1), bias=False
          (_input_quantizer): TensorQuantizer(8bit fake per-tensor amax=dynamic calibrator=MaxCalibrator scale=1.0 quant)
          (_weight_quantizer): TensorQuantizer(8bit fake axis=0 amax=dynamic calibrator=MaxCalibrator scale=1.0 quant)
          (_adc_quantizer): TensorQuantizer(unsigned 7bit fake per-tensor amax=dynamic calibrator=MaxCalibrator scale=1.0 quant)
        )
        (1): BatchNorm2d(128, eps=1e-05, momentum=0.1, affine=True, track_running_stats=True)
        (2): ReLU(inplace=True)
        (3): CIMConv2d(
          128, 128, kernel_size=(3, 3), stride=(1, 1), padding=(1, 1), bias=False
          (_input_quantizer): TensorQuantizer(8bit fake per-tensor amax=dynamic calibrator=MaxCalibrator scale=1.0 quant)
          (_weight_quantizer): TensorQuantizer(8bit fake axis=0 amax=dynamic calibrator=MaxCalibrator scale=1.0 quant)
          (_adc_quantizer): TensorQuantizer(unsigned 7bit fake per-tensor amax=dynamic calibrator=MaxCalibrator scale=1.0 quant)
        )
        (4): BatchNorm2d(128, eps=1e-05, momentum=0.1, affine=True, track_running_stats=True)
      )
      (shortcut): Sequential()
    )
  )
  (conv4_x): Sequential(
    (0): BasicBlock(
      (residual_function): Sequential(
        (0): CIMConv2d(
          128, 256, kernel_size=(3, 3), stride=(2, 2), padding=(1, 1), bias=False
          (_input_quantizer): TensorQuantizer(8bit fake per-tensor amax=dynamic calibrator=MaxCalibrator scale=1.0 quant)
          (_weight_quantizer): TensorQuantizer(8bit fake axis=0 amax=dynamic calibrator=MaxCalibrator scale=1.0 quant)
          (_adc_quantizer): TensorQuantizer(unsigned 7bit fake per-tensor amax=dynamic calibrator=MaxCalibrator scale=1.0 quant)
        )
        (1): BatchNorm2d(256, eps=1e-05, momentum=0.1, affine=True, track_running_stats=True)
        (2): ReLU(inplace=True)
        (3): CIMConv2d(
          256, 256, kernel_size=(3, 3), stride=(1, 1), padding=(1, 1), bias=False
          (_input_quantizer): TensorQuantizer(8bit fake per-tensor amax=dynamic calibrator=MaxCalibrator scale=1.0 quant)
          (_weight_quantizer): TensorQuantizer(8bit fake axis=0 amax=dynamic calibrator=MaxCalibrator scale=1.0 quant)
          (_adc_quantizer): TensorQuantizer(unsigned 7bit fake per-tensor amax=dynamic calibrator=MaxCalibrator scale=1.0 quant)
        )
        (4): BatchNorm2d(256, eps=1e-05, momentum=0.1, affine=True, track_running_stats=True)
      )
      (shortcut): Sequential(
        (0): CIMConv2d(
          128, 256, kernel_size=(1, 1), stride=(2, 2), bias=False
          (_input_quantizer): TensorQuantizer(8bit fake per-tensor amax=dynamic calibrator=MaxCalibrator scale=1.0 quant)
          (_weight_quantizer): TensorQuantizer(8bit fake axis=0 amax=dynamic calibrator=MaxCalibrator scale=1.0 quant)
          (_adc_quantizer): TensorQuantizer(unsigned 7bit fake per-tensor amax=dynamic calibrator=MaxCalibrator scale=1.0 quant)
        )
        (1): BatchNorm2d(256, eps=1e-05, momentum=0.1, affine=True, track_running_stats=True)
      )
    )
    (1): BasicBlock(
      (residual_function): Sequential(
        (0): CIMConv2d(
          256, 256, kernel_size=(3, 3), stride=(1, 1), padding=(1, 1), bias=False
          (_input_quantizer): TensorQuantizer(8bit fake per-tensor amax=dynamic calibrator=MaxCalibrator scale=1.0 quant)
          (_weight_quantizer): TensorQuantizer(8bit fake axis=0 amax=dynamic calibrator=MaxCalibrator scale=1.0 quant)
          (_adc_quantizer): TensorQuantizer(unsigned 7bit fake per-tensor amax=dynamic calibrator=MaxCalibrator scale=1.0 quant)
        )
        (1): BatchNorm2d(256, eps=1e-05, momentum=0.1, affine=True, track_running_stats=True)
        (2): ReLU(inplace=True)
        (3): CIMConv2d(
          256, 256, kernel_size=(3, 3), stride=(1, 1), padding=(1, 1), bias=False
          (_input_quantizer): TensorQuantizer(8bit fake per-tensor amax=dynamic calibrator=MaxCalibrator scale=1.0 quant)
          (_weight_quantizer): TensorQuantizer(8bit fake axis=0 amax=dynamic calibrator=MaxCalibrator scale=1.0 quant)
          (_adc_quantizer): TensorQuantizer(unsigned 7bit fake per-tensor amax=dynamic calibrator=MaxCalibrator scale=1.0 quant)
        )
        (4): BatchNorm2d(256, eps=1e-05, momentum=0.1, affine=True, track_running_stats=True)
      )
      (shortcut): Sequential()
    )
  )
  (conv5_x): Sequential(
    (0): BasicBlock(
      (residual_function): Sequential(
        (0): CIMConv2d(
          256, 512, kernel_size=(3, 3), stride=(2, 2), padding=(1, 1), bias=False
          (_input_quantizer): TensorQuantizer(8bit fake per-tensor amax=dynamic calibrator=MaxCalibrator scale=1.0 quant)
          (_weight_quantizer): TensorQuantizer(8bit fake axis=0 amax=dynamic calibrator=MaxCalibrator scale=1.0 quant)
          (_adc_quantizer): TensorQuantizer(unsigned 7bit fake per-tensor amax=dynamic calibrator=MaxCalibrator scale=1.0 quant)
        )
        (1): BatchNorm2d(512, eps=1e-05, momentum=0.1, affine=True, track_running_stats=True)
        (2): ReLU(inplace=True)
        (3): CIMConv2d(
          512, 512, kernel_size=(3, 3), stride=(1, 1), padding=(1, 1), bias=False
          (_input_quantizer): TensorQuantizer(8bit fake per-tensor amax=dynamic calibrator=MaxCalibrator scale=1.0 quant)
          (_weight_quantizer): TensorQuantizer(8bit fake axis=0 amax=dynamic calibrator=MaxCalibrator scale=1.0 quant)
          (_adc_quantizer): TensorQuantizer(unsigned 7bit fake per-tensor amax=dynamic calibrator=MaxCalibrator scale=1.0 quant)
        )
        (4): BatchNorm2d(512, eps=1e-05, momentum=0.1, affine=True, track_running_stats=True)
      )
      (shortcut): Sequential(
        (0): CIMConv2d(
          256, 512, kernel_size=(1, 1), stride=(2, 2), bias=False
          (_input_quantizer): TensorQuantizer(8bit fake per-tensor amax=dynamic calibrator=MaxCalibrator scale=1.0 quant)
          (_weight_quantizer): TensorQuantizer(8bit fake axis=0 amax=dynamic calibrator=MaxCalibrator scale=1.0 quant)
          (_adc_quantizer): TensorQuantizer(unsigned 7bit fake per-tensor amax=dynamic calibrator=MaxCalibrator scale=1.0 quant)
        )
        (1): BatchNorm2d(512, eps=1e-05, momentum=0.1, affine=True, track_running_stats=True)
      )
    )
    (1): BasicBlock(
      (residual_function): Sequential(
        (0): CIMConv2d(
          512, 512, kernel_size=(3, 3), stride=(1, 1), padding=(1, 1), bias=False
          (_input_quantizer): TensorQuantizer(8bit fake per-tensor amax=dynamic calibrator=MaxCalibrator scale=1.0 quant)
          (_weight_quantizer): TensorQuantizer(8bit fake axis=0 amax=dynamic calibrator=MaxCalibrator scale=1.0 quant)
          (_adc_quantizer): TensorQuantizer(unsigned 7bit fake per-tensor amax=dynamic calibrator=MaxCalibrator scale=1.0 quant)
        )
        (1): BatchNorm2d(512, eps=1e-05, momentum=0.1, affine=True, track_running_stats=True)
        (2): ReLU(inplace=True)
        (3): CIMConv2d(
          512, 512, kernel_size=(3, 3), stride=(1, 1), padding=(1, 1), bias=False
          (_input_quantizer): TensorQuantizer(8bit fake per-tensor amax=dynamic calibrator=MaxCalibrator scale=1.0 quant)
          (_weight_quantizer): TensorQuantizer(8bit fake axis=0 amax=dynamic calibrator=MaxCalibrator scale=1.0 quant)
          (_adc_quantizer): TensorQuantizer(unsigned 7bit fake per-tensor amax=dynamic calibrator=MaxCalibrator scale=1.0 quant)
        )
        (4): BatchNorm2d(512, eps=1e-05, momentum=0.1, affine=True, track_running_stats=True)
      )
      (shortcut): Sequential()
    )
  )
  (avg_pool): CIMAdaptiveAvgPool2d(
    output_size=(1, 1)
    (_input_quantizer): TensorQuantizer(8bit fake per-tensor amax=dynamic calibrator=MaxCalibrator scale=1.0 quant)
  )
  (fc): CIMLinear(
    in_features=512, out_features=10, bias=True
    (_input_quantizer): TensorQuantizer(8bit fake per-tensor amax=dynamic calibrator=MaxCalibrator scale=1.0 quant)
    (_weight_quantizer): TensorQuantizer(8bit fake axis=0 amax=dynamic calibrator=MaxCalibrator scale=1.0 quant)
    (_adc_quantizer): TensorQuantizer(unsigned 7bit fake per-tensor amax=dynamic calibrator=MaxCalibrator scale=1.0 quant)
  )
)
Evaluating baseline model...


  0%|          | 0/1 [00:00<?, ?it/s]
  0%|          | 0/1 [00:00<?, ?it/s]
Test Accuracy of the model on 400 test images: 12.75 %
Average Test loss: 2.3037919998168945

--------------------------------------------
evaluation time: 0.40000104904174805
Quantizing inputs and weights...
Collecting histograms...


  0%|          | 0/2 [00:00<?, ?it/s]I0612 14:48:38.452743 140713504851776 max.py:61] Calibrator encountered negative values. It shouldn't happen after ReLU. Make sure this is the right tensor to calibrate.
Calibrator encountered negative values. It shouldn't happen after ReLU. Make sure this is the right tensor to calibrate.

100%|██████████| 2/2 [00:00<00:00, 21.61it/s]
W0612 14:48:38.527967 140713504851776 tensor_quantizer.py:239] Call .cuda() if running on GPU after loading calibrated amax.
Call .cuda() if running on GPU after loading calibrated amax.

Computing amax... 

Finished quantizing inputs and weights.
Evaluating input and weight quantized model...


  0%|          | 0/1 [00:00<?, ?it/s]
  0%|          | 0/1 [00:00<?, ?it/s]
I0612 14:48:38.652537 140713504851776 misc.py:32] Running inference with detailed hardware simulation...
Running inference with detailed hardware simulation...
Test Accuracy of the model on 400 test images: 12.5 %
Average Test loss: 2.303790330886841

--------------------------------------------
evaluation time: 0.0865330696105957

  0%|          | 0/25 [00:00<?, ?it/s]
  4%|▍         | 1/25 [00:11<04:38, 11.62s/it]

-> [Auto-Interrupt] 4% batch mark reached! CSVs should be fully saved.
-> [Auto-Interrupt] Sending Ctrl+C (SIGTERM)...
-> integrationMode = CNA: recompiling...
-> Running NeuroSim Hardware Trace...
-> DONE! Saved hardware performance to results_resnet18_2T64C_512x512_CNA_no_pipeline.txt

-> integrationMode = CUA: recompiling...
-> Running NeuroSim Hardware Trace...
-> DONE! Saved hardware performance to results_resnet18_2T64C_512x512_CUA_no_pipeline.txt

-> integrationMode = CBA: recompiling...
-> Running NeuroSim Hardware Trace...
-> DONE! Saved hardware performance to results_resnet18_2T64C_512x512_CBA_no_pipeline.txt

ALL RUNS COMPLETED SUCCESSFULLY.
