0,0,0,0,0,0,0,0,0,0,0,0,0,0,0,0,0,0,0,0,7,0,0,3,0,0,2,0,3,0,10,2,0,0,0,0,0,0,4,0,0,0,0,15,0,0,2,0,0,0,0,9,10,0,0,0,0,2,0,0,2,0,0,0
0,0,0,0,0,0,0,0,0,0,0,0,0,0,0,0,9,0,0,0,2,0,0,0,4,2,0,0,6,0,1,8,9,10,0,0,0,0,0,0,0,0,0,0,6,6,0,0,0,0,0,2,8,0,0,0,10,0,8,0,0,0,2,0
0,0,0,0,0,0,0,0,0,0,0,0,0,0,0,0,0,0,0,7,0,0,3,0,0,2,0,3,0,10,2,0,0,0,0,0,0,4,0,0,0,0,15,0,0,2,0,0,0,0,9,10,0,0,0,0,2,0,0,2,0,0,0,4
0,0,1,0,1,0,0,0,0,0,0,0,0,0,7,0,0,0,0,0,5,0,8,4,0,0,0,0,1,0,8,0,0,0,0,0,0,0,5,0,0,0,0,0,0,12,0,0,0,1,0,3,3,1,0,0,0,3,8,0,5,1,6,0
0,1,1,0,1,0,0,0,2,0,0,0,0,0,6,0,1,0,0,0,4,0,0,3,14,1,2,0,0,0,1,5,0,14,6,4,0,0,0,0,0,0,0,0,5,1,0,0,8,0,0,0,1,0,0,0,10,1,3,0,0,3,1,7
0,1,0,1,0,0,0,0,0,0,0,0,0,7,0,0,0,0,0,5,0,8,4,0,0,0,0,1,0,8,0,4,0,0,0,0,0,5,0,0,0,0,0,0,12,0,0,0,1,0,3,3,1,0,0,0,3,8,0,5,1,6,0,3
0,0,0,0,0,0,0,0,0,0,0,0,7,0,0,3,0,0,2,0,3,0,10,2,0,0,0,0,0,0,4,0,0,0,0,15,0,0,2,0,0,0,0,9,10,0,0,0,0,2,0,0,2,0,0,0,0,6,6,2,6,2,6,2
0,0,0,0,0,0,0,0,9,0,0,0,2,0,0,0,4,2,0,0,6,0,1,8,9,10,0,0,0,0,0,0,0,0,0,0,6,6,0,0,0,0,0,2,8,0,0,0,10,0,8,0,0,0,2,0,9,6,4,6,2,8,0,17
0,0,0,0,0,0,0,0,0,0,0,7,0,0,3,0,0,2,0,3,0,10,2,0,0,0,0,0,0,4,0,0,0,0,15,0,0,2,0,0,0,0,9,10,0,0,0,0,2,0,0,2,0,0,0,4,6,6,2,6,2,6,2,7
0,0,0,0,0,0,0,0,0,1,1,1,1,0,1,1,0,3,3,3,2,2,2,2,0,1,4,1,1,2,2,1,0,1,2,1,1,1,1,1,0,2,6,2,2,1,1,3,0,3,2,3,2,3,3,2,0,3,1,4,2,3,3,2
0,0,0,0,0,0,0,0,1,1,1,3,1,1,1,2,1,2,3,2,2,2,2,2,1,2,9,2,2,1,2,1,1,2,2,2,1,1,1,1,1,1,2,3,3,2,2,3,1,4,2,3,1,3,1,2,0,3,4,2,3,2,2,2
0,0,0,0,0,0,0,0,1,1,1,1,0,1,1,0,3,3,3,2,2,2,2,1,1,4,1,1,2,2,1,1,1,2,1,1,1,1,1,1,2,6,2,2,1,1,3,1,3,2,3,2,3,3,2,1,3,1,4,2,3,3,2,2
0,1,2,2,2,2,1,1,0,2,3,7,2,2,1,1,0,3,3,2,2,1,2,2,0,2,3,1,2,1,1,2,0,1,7,2,2,2,2,1,0,3,1,4,1,2,3,2,0,2,1,1,2,2,2,2,0,2,10,3,2,2,1,2
1,1,2,2,2,1,1,1,1,2,3,2,2,2,1,2,1,2,2,3,2,2,2,2,0,1,3,0,3,1,1,1,1,2,2,0,2,2,1,2,1,2,2,5,2,2,3,2,0,4,4,1,3,2,2,1,0,1,4,2,2,2,1,1
1,2,2,2,2,1,1,1,2,3,7,2,2,1,1,0,3,3,2,2,1,2,2,0,2,3,1,2,1,1,2,0,1,7,2,2,2,2,1,1,3,1,4,1,2,3,2,1,2,1,1,2,2,2,2,1,2,10,3,2,2,1,2,1
0,1,1,1,1,0,1,1,0,3,3,3,2,2,2,2,0,1,4,1,1,2,2,1,0,1,2,1,1,1,1,1,0,2,6,2,2,1,1,3,0,3,2,3,2,3,3,2,0,3,1,4,2,3,3,2,0,1,2,0,1,1,2,0
1,1,1,3,1,1,1,2,1,2,3,2,2,2,2,2,1,2,9,2,2,1,2,1,1,2,2,2,1,1,1,1,1,1,2,3,3,2,2,3,1,4,2,3,1,3,1,2,0,3,4,2,3,2,2,2,0,0,2,1,1,1,2,0
1,1,1,1,0,1,1,0,3,3,3,2,2,2,2,1,1,4,1,1,2,2,1,1,1,2,1,1,1,1,1,1,2,6,2,2,1,1,3,1,3,2,3,2,3,3,2,1,3,1,4,2,3,3,2,2,1,2,0,1,1,2,0,1
0,0,0,0,0,0,0,0,0,2,5,4,0,6,7,7,0,11,3,1,5,0,3,5,0,0,0,35,1,12,1,2,0,2,5,7,11,0,0,0,0,23,0,0,4,5,12,6,0,23,18,22,0,9,0,0,0,0,13,0,0,0,0,0
0,0,0,0,0,0,0,0,2,6,7,0,2,7,6,10,6,6,5,9,3,0,2,10,5,8,0,11,6,1,4,8,13,15,4,18,2,11,2,2,16,31,19,2,0,0,12,3,4,28,37,0,11,0,0,0,9,1,40,0,0,0,0,0
0,0,0,0,0,0,0,0,2,5,4,0,6,7,7,8,11,3,1,5,0,3,5,5,0,0,35,1,12,1,2,9,2,5,7,11,0,0,0,9,23,0,0,4,5,12,6,0,23,18,22,0,9,0,0,0,0,13,0,0,0,0,0,0
0,1,1,2,1,1,0,2,0,0,3,0,0,12,1,3,0,5,1,5,2,5,0,5,0,0,7,15,15,0,0,8,0,13,7,0,5,0,0,9,0,24,9,12,6,0,11,3,0,0,15,27,0,0,0,0,0,0,0,0,0,0,0,0
0,1,2,3,1,0,0,4,3,2,4,5,11,3,1,10,14,0,3,0,2,6,6,6,8,9,1,8,5,9,2,6,20,22,0,13,6,3,2,12,13,24,24,0,23,19,0,2,6,13,40,0,0,0,0,0,8,0,26,0,0,0,0,0
1,1,2,1,1,0,2,6,0,3,0,0,12,1,3,6,5,1,5,2,5,0,5,12,0,7,15,15,0,0,8,5,13,7,0,5,0,0,9,4,24,9,12,6,0,11,3,2,0,15,27,0,0,0,0,0,0,0,0,0,0,0,0,0
0,2,5,4,0,6,7,7,0,11,3,1,5,0,3,5,0,0,0,35,1,12,1,2,0,2,5,7,11,0,0,0,0,23,0,0,4,5,12,6,0,23,18,22,0,9,0,0,0,0,13,0,0,0,0,0,0,0,0,0,0,0,0,0
2,6,7,0,2,7,6,10,6,6,5,9,3,0,2,10,5,8,0,11,6,1,4,8,13,15,4,18,2,11,2,2,16,31,19,2,0,0,12,3,4,28,37,0,11,0,0,0,9,1,40,0,0,0,0,0,10,0,0,0,0,0,0,0
2,5,4,0,6,7,7,8,11,3,1,5,0,3,5,5,0,0,35,1,12,1,2,9,2,5,7,11,0,0,0,9,23,0,0,4,5,12,6,0,23,18,22,0,9,0,0,0,0,13,0,0,0,0,0,0,0,0,0,0,0,0,0,0
0,0,0,0,0,0,0,0,0,0,0,0,0,0,0,0,0,0,1,0,0,0,0,0,0,0,0,0,0,0,0,0,0,0,0,0,0,0,0,0,0,0,2,0,0,0,0,0,0,0,0,0,0,0,0,0,0,0,0,0,0,0,0,0
0,0,0,0,0,0,0,0,0,0,0,0,0,0,0,0,0,0,0,0,0,0,0,0,0,0,0,1,0,0,0,0,0,0,0,0,0,0,0,0,0,0,0,0,0,0,0,0,0,0,0,0,0,0,1,0,0,0,0,0,0,0,0,0
0,0,0,0,0,0,0,0,0,0,0,0,0,0,0,0,0,1,0,0,0,0,0,1,0,0,0,0,0,0,0,0,0,0,0,0,0,0,0,2,0,2,0,0,0,0,0,1,0,0,0,0,0,0,0,0,0,0,0,0,0,0,0,0
0,0,1,0,1,0,0,1,0,0,0,0,0,0,0,0,0,0,0,1,0,0,0,0,0,2,0,0,0,0,0,0,0,0,1,1,0,1,0,0,0,1,0,0,0,0,0,1,0,0,0,0,0,0,0,0,0,0,0,0,0,0,0,0
0,0,1,0,1,0,1,0,0,0,0,0,0,0,0,1,0,0,1,1,0,0,0,0,0,0,0,0,0,0,0,0,0,0,0,1,0,0,0,0,0,0,1,0,0,0,0,1,0,0,0,0,0,0,0,0,0,0,0,0,0,0,0,0
0,1,0,1,0,0,1,0,0,0,0,0,0,0,0,1,0,0,1,0,0,0,0,0,2,0,0,0,0,0,0,0,0,1,1,0,1,0,0,0,1,0,0,0,0,0,1,1,0,0,0,0,0,0,0,0,0,0,0,0,0,0,0,1
0,0,0,0,0,0,0,0,0,0,1,0,0,0,0,0,0,0,0,0,0,0,0,0,0,0,0,0,0,0,0,0,0,0,2,0,0,0,0,0,0,0,0,0,0,0,0,0,0,0,0,0,0,0,0,0,0,0,0,0,0,0,0,0
0,0,0,0,0,0,0,0,0,0,0,0,0,0,0,0,0,0,0,1,0,0,0,0,0,0,0,0,0,0,0,0,0,0,0,0,0,0,0,0,0,0,0,0,0,0,1,0,0,0,0,0,0,0,0,0,0,0,0,0,0,0,0,0
0,0,0,0,0,0,0,0,0,1,0,0,0,0,0,1,0,0,0,0,0,0,0,0,0,0,0,0,0,0,0,2,0,2,0,0,0,0,0,1,0,0,0,0,0,0,0,0,0,0,0,0,0,0,0,0,0,0,0,0,0,0,0,0
0,0,0,0,0,0,0,0,0,1,1,1,1,0,3,1,0,1,1,1,1,0,2,2,0,0,3,1,1,1,1,1,0,1,1,1,1,1,2,1,0,0,0,0,1,2,0,2,0,0,1,1,4,0,1,1,0,2,0,0,1,0,1,0
0,0,0,0,0,0,0,0,1,0,1,1,1,1,2,0,0,1,2,2,2,1,2,1,3,1,1,2,0,3,2,1,0,0,3,0,1,1,0,1,1,1,0,0,3,1,0,1,0,2,1,6,0,1,1,0,0,1,0,1,0,1,0,1
0,0,0,0,0,0,0,0,1,1,1,1,0,3,1,0,1,1,1,1,0,2,2,1,0,3,1,1,1,1,1,2,1,1,1,1,1,2,1,1,0,0,0,1,2,0,2,1,0,1,1,4,0,1,1,1,2,0,0,1,0,1,0,1
0,0,0,0,1,0,1,0,0,1,2,1,2,0,2,2,0,0,1,0,2,0,2,1,0,1,2,0,0,1,2,1,0,0,0,9,1,3,1,0,0,1,0,0,1,3,0,1,0,1,0,0,2,1,1,0,0,0,1,1,1,1,0,2
1,0,0,1,0,0,1,0,0,0,1,2,0,1,3,0,0,1,0,0,2,1,2,1,4,0,0,0,1,5,2,1,2,1,2,0,0,1,0,1,0,2,1,1,0,0,1,0,0,0,0,1,2,1,1,0,0,1,0,2,0,1,0,1
0,0,0,1,0,1,0,0,1,2,1,2,0,2,2,0,0,1,0,2,0,2,1,1,1,2,0,0,1,2,1,1,0,0,9,1,3,1,0,1,1,0,0,1,3,0,1,1,1,0,0,2,1,1,0,1,0,1,1,1,1,0,2,0
0,1,1,1,1,0,3,1,0,1,1,1,1,0,2,2,0,0,3,1,1,1,1,1,0,1,1,1,1,1,2,1,0,0,0,0,1,2,0,2,0,0,1,1,4,0,1,1,0,2,0,0,1,0,1,0,0,0,1,1,1,1,1,0
1,0,1,1,1,1,2,0,0,1,2,2,2,1,2,1,3,1,1,2,0,3,2,1,0,0,3,0,1,1,0,1,1,1,0,0,3,1,0,1,0,2,1,6,0,1,1,0,0,1,0,1,0,1,0,1,0,0,2,2,1,1,1,0
1,1,1,1,0,3,1,0,1,1,1,1,0,2,2,1,0,3,1,1,1,1,1,2,1,1,1,1,1,2,1,1,0,0,0,1,2,0,2,1,0,1,1,4,0,1,1,1,2,0,0,1,0,1,0,1,0,1,1,1,1,1,0,1
0,0,0,0,0,0,0,0,0,14,14,16,14,12,7,7,0,7,17,12,18,6,4,15,0,18,13,31,9,5,10,12,0,20,7,15,17,6,10,12,0,30,9,9,12,3,3,11,0,24,30,44,0,0,10,2,0,0,33,3,1,4,4,0
0,0,0,0,0,0,0,0,11,15,15,12,17,9,7,14,16,8,17,11,17,6,7,7,5,14,18,9,12,11,9,18,3,23,17,36,5,8,6,6,16,25,2,5,11,22,10,11,7,29,58,7,0,10,8,0,12,0,45,1,2,5,3,5
0,0,0,0,0,0,0,0,14,14,16,14,12,7,7,8,7,17,12,18,6,4,15,9,18,13,31,9,5,10,12,8,20,7,15,17,6,10,12,7,30,9,9,12,3,3,11,8,24,30,44,0,0,10,2,0,0,33,3,1,4,4,0,0
0,4,4,4,6,1,1,2,0,14,17,22,14,10,15,11,0,16,14,16,9,2,13,16,0,14,13,11,27,9,9,2,0,24,6,7,3,11,9,0,0,31,20,20,22,15,11,11,0,0,29,14,3,3,3,7,0,1,13,0,7,3,1,10
3,4,3,2,5,3,1,1,14,19,15,15,4,10,20,8,11,14,25,13,10,0,8,14,1,19,12,23,14,12,7,11,12,23,9,5,1,3,7,2,11,28,25,6,28,0,14,13,11,5,57,2,4,3,4,4,12,0,10,1,6,2,0,12
4,4,4,6,1,1,2,0,14,17,22,14,10,15,11,7,16,14,16,9,2,13,16,7,14,13,11,27,9,9,2,16,24,6,7,3,11,9,0,10,31,20,20,22,15,11,11,6,0,29,14,3,3,3,7,1,1,13,0,7,3,1,10,0
0,14,14,16,14,12,7,7,0,7,17,12,18,6,4,15,0,18,13,31,9,5,10,12,0,20,7,15,17,6,10,12,0,30,9,9,12,3,3,11,0,24,30,44,0,0,10,2,0,0,33,3,1,4,4,0,0,0,0,0,0,0,0,10
11,15,15,12,17,9,7,14,16,8,17,11,17,6,7,7,5,14,18,9,12,11,9,18,3,23,17,36,5,8,6,6,16,25,2,5,11,22,10,11,7,29,58,7,0,10,8,0,12,0,45,1,2,5,3,5,6,0,0,0,0,5,0,13
14,14,16,14,12,7,7,8,7,17,12,18,6,4,15,9,18,13,31,9,5,10,12,8,20,7,15,17,6,10,12,7,30,9,9,12,3,3,11,8,24,30,44,0,0,10,2,0,0,33,3,1,4,4,0,0,0,0,0,0,0,0,10,0
0,0,0,0,0,0,0,0,0,2,1,1,1,1,1,2,0,0,2,2,0,3,1,0,0,1,1,0,0,2,1,1,0,2,1,0,3,2,1,1,0,2,2,2,3,1,1,3,0,2,1,0,2,0,1,0,0,0,3,3,2,1,0,0
0,0,0,0,0,0,0,0,0,1,1,1,1,1,1,2,1,1,1,2,1,1,1,1,0,0,2,1,1,1,0,1,0,1,4,2,0,1,0,1,0,2,0,1,4,1,2,1,0,2,0,0,0,0,0,0,3,0,2,4,1,1,0,2
0,0,0,0,0,0,0,0,2,1,1,1,1,1,2,2,0,2,2,0,3,1,0,3,1,1,0,0,2,1,1,2,2,1,0,3,2,1,1,2,2,2,2,3,1,1,3,1,2,1,0,2,0,1,0,1,0,3,3,2,1,0,0,2
0,1,0,1,1,1,0,2,0,2,3,2,1,2,1,2,0,1,1,4,0,1,0,1,0,1,0,0,1,1,2,2,0,1,2,1,1,2,2,2,0,1,4,3,2,1,2,1,0,0,0,9,1,1,1,1,0,2,1,0,0,1,0,4
0,1,1,0,1,0,1,1,1,2,2,1,2,1,1,2,0,0,1,1,1,1,1,1,0,1,2,0,1,1,0,1,0,2,1,3,2,1,0,1,0,2,0,2,2,1,1,0,2,0,2,1,1,1,1,0,2,0,0,1,0,0,1,1
1,0,1,1,1,0,2,1,2,3,2,1,2,1,2,2,1,1,4,0,1,0,1,2,1,0,0,1,1,2,2,2,1,2,1,1,2,2,2,2,1,4,3,2,1,2,1,1,0,0,9,1,1,1,1,5,2,1,0,0,1,0,4,3
0,2,1,1,1,1,1,2,0,0,2,2,0,3,1,0,0,1,1,0,0,2,1,1,0,2,1,0,3,2,1,1,0,2,2,2,3,1,1,3,0,2,1,0,2,0,1,0,0,0,3,3,2,1,0,0,0,1,0,2,1,1,0,6
0,1,1,1,1,1,1,2,1,1,1,2,1,1,1,1,0,0,2,1,1,1,0,1,0,1,4,2,0,1,0,1,0,2,0,1,4,1,2,1,0,2,0,0,0,0,0,0,3,0,2,4,1,1,0,2,3,1,1,1,0,1,1,3
2,1,1,1,1,1,2,2,0,2,2,0,3,1,0,3,1,1,0,0,2,1,1,2,2,1,0,3,2,1,1,2,2,2,2,3,1,1,3,1,2,1,0,2,0,1,0,1,0,3,3,2,1,0,0,2,1,0,2,1,1,0,6,2
0,0,0,0,0,0,0,0,0,0,0,0,0,0,12,7,0,8,0,0,4,14,2,17,0,6,0,0,2,21,0,14,0,1,2,8,0,6,0,14,0,0,8,4,11,6,13,18,0,0,11,0,0,19,19,15,0,20,0,18,20,21,20,16
0,0,0,0,0,0,0,0,4,0,0,0,0,9,13,3,6,7,0,0,19,2,7,21,0,0,0,0,4,5,8,21,0,0,1,0,0,0,11,7,0,0,0,13,1,9,24,2,0,0,0,0,3,20,19,13,0,13,0,18,20,20,16,15
0,0,0,0,0,0,0,0,0,0,0,0,0,12,7,8,8,0,0,4,14,2,17,12,6,0,0,2,21,0,14,29,1,2,8,0,6,0,14,14,0,8,4,11,6,13,18,0,0,11,0,0,19,19,15,14,20,0,18,20,21,20,16,2
0,1,1,0,0,0,3,2,0,0,0,0,0,16,4,15,0,6,0,0,4,19,4,17,0,8,0,0,0,10,0,15,0,1,10,0,3,6,2,15,0,0,11,2,1,2,29,13,0,8,0,3,18,22,22,14,0,19,0,20,16,18,17,17
2,0,1,0,0,3,3,2,7,0,0,0,11,6,14,11,0,6,0,3,16,7,8,24,0,0,1,1,1,0,12,14,0,0,1,0,6,0,17,10,0,0,3,0,0,15,24,9,0,0,0,16,22,21,19,16,0,13,0,20,18,19,19,4
1,1,0,0,0,3,2,3,0,0,0,0,16,4,15,11,6,0,0,4,19,4,17,22,8,0,0,0,10,0,15,23,1,10,0,3,6,2,15,7,0,11,2,1,2,29,13,13,8,0,3,18,22,22,14,13,19,0,20,16,18,17,17,17
0,0,0,0,0,0,12,7,0,8,0,0,4,14,2,17,0,6,0,0,2,21,0,14,0,1,2,8,0,6,0,14,0,0,8,4,11,6,13,18,0,0,11,0,0,19,19,15,0,20,0,18,20,21,20,16,0,18,18,30,24,19,21,0
4,0,0,0,0,9,13,3,6,7,0,0,19,2,7,21,0,0,0,0,4,5,8,21,0,0,1,0,0,0,11,7,0,0,0,13,1,9,24,2,0,0,0,0,3,20,19,13,0,13,0,18,20,20,16,15,0,19,26,25,25,13,20,4
0,0,0,0,0,12,7,8,8,0,0,4,14,2,17,12,6,0,0,2,21,0,14,29,1,2,8,0,6,0,14,14,0,8,4,11,6,13,18,0,0,11,0,0,19,19,15,14,20,0,18,20,21,20,16,2,18,18,30,24,19,21,0,26
0,0,0,0,0,0,0,0,0,2,1,1,1,1,2,2,0,2,0,2,1,2,0,2,0,7,0,18,0,2,1,3,0,3,2,1,0,1,1,1,0,10,0,2,0,0,1,2,0,19,6,0,0,1,2,1,0,1,29,2,1,1,1,1
0,0,0,0,0,0,0,0,1,1,0,1,2,1,2,2,1,3,0,1,2,4,2,3,8,0,1,4,2,10,1,3,1,0,2,15,0,2,2,3,6,2,0,0,1,0,3,2,4,4,22,1,1,2,1,1,1,3,0,1,1,1,1,1
0,0,0,0,0,0,0,0,2,1,1,1,1,2,2,0,2,0,2,1,2,0,2,0,7,0,18,0,2,1,3,1,3,2,1,0,1,1,1,0,10,0,2,0,0,1,2,0,19,6,0,0,1,2,1,0,1,29,2,1,1,1,1,0
0,0,0,0,0,0,0,0,0,3,1,1,2,2,0,2,0,2,2,2,0,2,0,2,0,7,0,2,0,1,0,2,0,7,0,5,1,0,0,1,0,11,0,0,10,0,1,1,0,1,32,0,0,2,1,0,0,3,3,3,2,2,1,2
1,0,0,0,0,0,0,0,2,2,1,1,3,1,1,2,9,1,5,0,1,0,1,2,0,1,4,10,0,3,1,3,7,0,0,2,0,1,2,1,3,3,21,0,1,1,2,1,1,5,4,1,1,1,0,1,1,3,2,2,2,2,1,2
0,0,0,0,0,0,0,0,3,1,1,2,2,0,2,0,2,2,2,0,2,0,2,1,7,0,2,0,1,0,2,0,7,0,5,1,0,0,1,0,11,0,0,10,0,1,1,0,1,32,0,0,2,1,0,0,3,3,3,2,2,1,2,0
0,2,1,1,1,1,2,2,0,2,0,2,1,2,0,2,0,7,0,18,0,2,1,3,0,3,2,1,0,1,1,1,0,10,0,2,0,0,1,2,0,19,6,0,0,1,2,1,0,1,29,2,1,1,1,1,0,2,1,2,2,1,1,2
1,1,0,1,2,1,2,2,1,3,0,1,2,4,2,3,8,0,1,4,2,10,1,3,1,0,2,15,0,2,2,3,6,2,0,0,1,0,3,2,4,4,22,1,1,2,1,1,1,3,0,1,1,1,1,1,0,1,1,1,1,2,1,2
2,1,1,1,1,2,2,0,2,0,2,1,2,0,2,0,7,0,18,0,2,1,3,1,3,2,1,0,1,1,1,0,10,0,2,0,0,1,2,0,19,6,0,0,1,2,1,0,1,29,2,1,1,1,1,0,2,1,2,2,1,1,2,1
0,0,0,0,0,0,0,0,0,3,3,6,5,3,4,1,0,12,5,5,8,1,1,9,0,4,5,25,6,5,7,5,0,1,2,0,15,9,1,1,0,11,8,8,0,0,4,4,0,9,1,28,18,19,8,15,0,18,1,12,13,13,13,16
0,0,0,0,0,0,0,0,3,4,4,7,5,2,3,1,6,1,2,5,0,5,2,2,8,12,0,9,5,9,5,7,7,20,4,22,7,7,4,0,0,19,4,2,5,10,7,3,8,13,17,11,28,8,14,15,22,5,37,12,13,15,14,11
0,0,0,0,0,0,0,0,3,3,6,5,3,4,1,0,12,5,5,8,1,1,9,2,4,5,25,6,5,7,5,6,1,2,0,15,9,1,1,2,11,8,8,0,0,4,4,2,9,1,28,18,19,8,15,14,18,1,12,13,13,13,16,11
0,0,0,0,0,0,0,0,0,2,3,1,2,6,4,4,0,15,9,24,1,11,5,6,0,3,1,8,24,13,7,2,0,4,1,7,4,5,5,2,0,14,8,25,12,7,18,6,0,10,2,36,9,11,17,13,0,19,7,16,13,14,16,10
0,0,0,0,0,0,0,0,5,2,4,7,11,2,3,2,12,11,14,9,3,3,5,10,10,10,2,3,3,6,6,4,0,22,9,17,3,2,5,0,1,14,12,9,27,15,11,11,28,9,35,16,8,16,14,12,19,12,32,12,14,15,15,13
0,0,0,0,0,0,0,0,2,3,1,2,6,4,4,2,15,9,24,1,11,5,6,2,3,1,8,24,13,7,2,2,4,1,7,4,5,5,2,1,14,8,25,12,7,18,6,9,10,2,36,9,11,17,13,10,19,7,16,13,14,16,10,19
0,3,3,6,5,3,4,1,0,12,5,5,8,1,1,9,0,4,5,25,6,5,7,5,0,1,2,0,15,9,1,1,0,11,8,8,0,0,4,4,0,9,1,28,18,19,8,15,0,18,1,12,13,13,13,16,0,16,12,12,14,9,11,5
3,4,4,7,5,2,3,1,6,1,2,5,0,5,2,2,8,12,0,9,5,9,5,7,7,20,4,22,7,7,4,0,0,19,4,2,5,10,7,3,8,13,17,11,28,8,14,15,22,5,37,12,13,15,14,11,18,16,10,14,14,8,7,17
3,3,6,5,3,4,1,0,12,5,5,8,1,1,9,2,4,5,25,6,5,7,5,6,1,2,0,15,9,1,1,2,11,8,8,0,0,4,4,2,9,1,28,18,19,8,15,14,18,1,12,13,13,13,16,11,16,12,12,14,9,11,5,16
0,0,0,0,0,0,0,0,0,0,0,0,0,0,0,0,0,0,0,0,2,0,0,0,0,4,2,24,0,0,0,0,0,0,0,0,0,0,3,0,0,2,0,0,0,0,0,0,0,9,0,0,0,0,0,0,0,0,23,0,0,0,0,0
0,0,0,0,0,0,0,0,0,0,0,0,0,0,0,0,0,0,0,3,0,1,0,0,4,11,0,5,0,0,0,0,5,0,0,17,4,9,0,0,10,6,0,0,0,3,0,0,0,8,22,0,0,0,0,0,0,0,5,0,0,0,0,0
0,0,0,0,0,0,0,0,0,0,0,0,0,0,0,0,0,0,0,2,0,0,0,1,4,2,24,0,0,0,0,0,0,0,0,0,0,3,0,0,2,0,0,0,0,0,0,0,9,0,0,0,0,0,0,0,0,23,0,0,0,0,0,0
0,0,0,0,0,0,0,0,0,0,0,0,0,0,0,0,0,0,0,0,0,0,0,0,0,0,0,0,9,0,0,0,0,1,0,0,0,0,7,0,0,7,0,0,12,0,0,0,0,0,17,2,0,0,0,0,0,0,0,0,0,0,0,0
0,0,0,0,0,0,0,0,0,0,0,7,3,0,0,0,12,0,7,0,0,0,0,0,3,6,0,8,0,7,0,0,12,7,1,0,0,0,0,0,0,6,19,0,4,0,0,0,2,0,15,0,0,0,0,0,0,0,0,0,0,0,0,0
0,0,0,0,0,0,0,0,0,0,0,0,0,0,0,0,0,0,0,0,0,0,0,0,0,0,0,9,0,0,0,0,1,0,0,0,0,7,0,0,7,0,0,12,0,0,0,0,0,17,2,0,0,0,0,0,0,0,0,0,0,0,0,0
0,0,0,0,0,0,0,0,0,0,0,0,2,0,0,0,0,4,2,24,0,0,0,0,0,0,0,0,0,0,3,0,0,2,0,0,0,0,0,0,0,9,0,0,0,0,0,0,0,0,23,0,0,0,0,0,0,0,0,0,0,0,0,0
0,0,0,0,0,0,0,0,0,0,0,3,0,1,0,0,4,11,0,5,0,0,0,0,5,0,0,17,4,9,0,0,10,6,0,0,0,3,0,0,0,8,22,0,0,0,0,0,0,0,5,0,0,0,0,0,0,0,1,0,0,0,0,0
0,0,0,0,0,0,0,0,0,0,0,2,0,0,0,1,4,2,24,0,0,0,0,0,0,0,0,0,0,3,0,0,2,0,0,0,0,0,0,0,9,0,0,0,0,0,0,0,0,23,0,0,0,0,0,0,0,0,0,0,0,0,0,0
0,0,0,0,0,0,0,0,0,5,3,2,3,5,5,10,0,10,3,7,3,1,4,5,0,4,5,1,5,10,2,0,0,3,9,9,5,19,4,0,0,1,4,2,2,0,9,3,0,2,3,3,11,1,0,0,0,2,2,1,1,0,1,1
0,0,0,0,0,0,0,0,4,4,4,0,3,7,9,5,0,19,4,11,0,0,3,6,2,0,14,1,2,0,6,2,2,6,14,0,3,1,3,2,2,2,6,14,0,4,9,5,3,3,1,13,7,0,0,0,2,4,2,1,0,1,0,1
0,0,0,0,0,0,0,0,5,3,2,3,5,5,10,4,10,3,7,3,1,4,5,5,4,5,1,5,10,2,0,0,3,9,9,5,19,4,0,2,1,4,2,2,0,9,3,0,2,3,3,11,1,0,0,0,2,2,1,1,0,1,1,0
0,9,8,9,8,8,8,9,0,4,4,7,6,16,0,0,0,5,5,0,3,8,3,1,0,2,1,2,0,12,2,6,0,2,8,17,14,6,2,9,0,1,8,0,0,1,9,0,0,3,0,15,0,1,0,1,0,2,5,0,1,1,1,1
0,6,8,8,8,6,8,11,1,7,5,0,15,2,0,11,0,0,0,4,0,3,8,2,1,8,17,0,4,0,5,0,2,2,0,9,3,16,10,6,4,4,2,4,2,6,0,0,2,4,2,1,0,1,1,0,1,2,3,2,1,2,1,0
9,8,9,8,8,8,9,16,4,4,7,6,16,0,0,2,5,5,0,3,8,3,1,11,2,1,2,0,12,2,6,0,2,8,17,14,6,2,9,1,1,8,0,0,1,9,0,0,3,0,15,0,1,0,1,0,2,5,0,1,1,1,1,1
0,5,3,2,3,5,5,10,0,10,3,7,3,1,4,5,0,4,5,1,5,10,2,0,0,3,9,9,5,19,4,0,0,1,4,2,2,0,9,3,0,2,3,3,11,1,0,0,0,2,2,1,1,0,1,1,0,1,0,0,0,0,0,0
4,4,4,0,3,7,9,5,0,19,4,11,0,0,3,6,2,0,14,1,2,0,6,2,2,6,14,0,3,1,3,2,2,2,6,14,0,4,9,5,3,3,1,13,7,0,0,0,2,4,2,1,0,1,0,1,1,1,0,1,0,1,0,1
5,3,2,3,5,5,10,4,10,3,7,3,1,4,5,5,4,5,1,5,10,2,0,0,3,9,9,5,19,4,0,2,1,4,2,2,0,9,3,0,2,3,3,11,1,0,0,0,2,2,1,1,0,1,1,0,1,0,0,0,0,0,0,0
0,0,0,0,0,0,0,0,0,5,3,4,6,6,12,8,0,10,3,2,15,15,11,19,0,5,1,1,10,16,12,14,0,4,8,1,1,9,16,12,0,2,9,10,15,9,17,21,0,2,1,1,4,25,28,23,0,20,5,31,25,23,21,16
0,0,0,0,0,0,0,0,8,3,5,5,4,8,11,7,7,7,1,2,19,5,11,19,0,3,1,4,12,10,9,28,2,1,4,2,4,2,15,12,1,0,6,4,13,5,20,11,0,1,3,4,11,25,24,19,6,10,4,22,23,23,16,15
0,0,0,0,0,0,0,0,5,3,4,6,6,12,8,7,10,3,2,15,15,11,19,5,5,1,1,10,16,12,14,21,4,8,1,1,9,16,12,13,2,9,10,15,9,17,21,7,2,1,1,4,25,28,23,17,20,5,31,25,23,21,16,10
0,1,1,1,0,1,1,1,0,5,2,8,6,12,18,15,0,25,7,9,11,12,10,21,0,11,3,2,1,15,16,10,0,3,9,1,8,14,13,9,0,1,2,12,2,15,25,20,0,5,4,13,24,24,23,19,0,19,4,23,20,22,20,18
4,1,1,1,2,1,1,2,9,2,0,7,8,11,18,8,3,14,8,10,14,10,13,26,4,1,6,3,10,3,12,20,0,0,2,2,8,7,12,9,0,0,5,14,2,16,32,14,0,1,3,22,24,23,22,19,2,16,9,18,19,20,15,10
1,1,1,0,1,1,1,1,5,2,8,6,12,18,15,6,25,7,9,11,12,10,21,10,11,3,2,1,15,16,10,20,3,9,1,8,14,13,9,10,1,2,12,2,15,25,20,13,5,4,13,24,24,23,19,16,19,4,23,20,22,20,18,16
0,5,3,4,6,6,12,8,0,10,3,2,15,15,11,19,0,5,1,1,10,16,12,14,0,4,8,1,1,9,16,12,0,2,9,10,15,9,17,21,0,2,1,1,4,25,28,23,0,20,5,31,25,23,21,16,0,17,21,24,23,13,18,6
8,3,5,5,4,8,11,7,7,7,1,2,19,5,11,19,0,3,1,4,12,10,9,28,2,1,4,2,4,2,15,12,1,0,6,4,13,5,20,11,0,1,3,4,11,25,24,19,6,10,4,22,23,23,16,15,6,21,25,20,16,17,12,16
5,3,4,6,6,12,8,7,10,3,2,15,15,11,19,5,5,1,1,10,16,12,14,21,4,8,1,1,9,16,12,13,2,9,10,15,9,17,21,7,2,1,1,4,25,28,23,17,20,5,31,25,23,21,16,10,17,21,24,23,13,18,6,21
0,0,0,0,0,0,0,0,0,2,1,1,1,1,0,4,0,1,1,2,0,0,1,0,0,2,0,10,1,5,2,0,0,3,4,1,13,2,3,1,0,3,4,0,2,5,1,1,0,3,2,20,12,11,1,5,0,7,1,8,9,6,7,11
0,0,0,0,0,0,0,0,0,1,2,2,2,1,2,0,0,4,1,2,0,0,0,0,1,1,0,1,0,0,4,0,1,7,4,1,2,0,2,0,1,9,12,2,1,1,1,0,2,6,3,7,21,5,7,4,8,10,16,9,6,7,5,5
0,0,0,0,0,0,0,0,2,1,1,1,1,0,4,0,1,1,2,0,0,1,0,0,2,0,10,1,5,2,0,0,3,4,1,13,2,3,1,0,3,4,0,2,5,1,1,0,3,2,20,12,11,1,5,0,7,1,8,9,6,7,11,0
0,3,2,2,3,3,2,3,0,1,1,1,1,3,0,0,0,2,1,1,1,5,0,0,0,2,2,6,4,7,2,3,0,3,6,0,6,2,4,3,0,2,18,4,5,1,5,3,0,8,3,35,1,7,8,6,0,7,0,14,5,7,7,2
6,2,2,3,1,2,2,3,0,0,2,3,1,0,0,2,1,0,0,1,0,3,1,0,1,1,0,1,0,1,2,0,1,9,2,13,4,9,1,0,0,7,5,4,7,3,2,1,3,16,1,4,4,7,5,2,7,7,27,8,7,7,10,1
3,2,2,3,3,2,3,2,1,1,1,1,3,0,0,0,2,1,1,1,5,0,0,0,2,2,6,4,7,2,3,0,3,6,0,6,2,4,3,0,2,18,4,5,1,5,3,0,8,3,35,1,7,8,6,4,7,0,14,5,7,7,2,12
0,2,1,1,1,1,0,4,0,1,1,2,0,0,1,0,0,2,0,10,1,5,2,0,0,3,4,1,13,2,3,1,0,3,4,0,2,5,1,1,0,3,2,20,12,11,1,5,0,7,1,8,9,6,7,11,0,4,2,3,4,7,2,1
0,1,2,2,2,1,2,0,0,4,1,2,0,0,0,0,1,1,0,1,0,0,4,0,1,7,4,1,2,0,2,0,1,9,12,2,1,1,1,0,2,6,3,7,21,5,7,4,8,10,16,9,6,7,5,5,9,5,1,5,8,1,1,5
2,1,1,1,1,0,4,0,1,1,2,0,0,1,0,0,2,0,10,1,5,2,0,0,3,4,1,13,2,3,1,0,3,4,0,2,5,1,1,0,3,2,20,12,11,1,5,0,7,1,8,9,6,7,11,0,4,2,3,4,7,2,1,4
0,0,0,0,0,0,0,0,0,7,8,7,4,2,1,4,0,1,6,1,0,5,2,1,0,1,9,0,2,5,2,3,0,1,6,1,0,2,1,6,0,1,4,0,7,3,1,6,0,0,4,0,1,1,7,2,0,3,0,5,6,6,4,3
0,0,0,0,0,0,0,0,3,6,8,4,7,2,1,5,3,3,8,3,8,2,2,6,0,1,2,1,0,2,5,2,1,1,7,0,3,1,3,2,0,0,2,7,1,6,8,1,6,0,0,3,1,9,4,0,2,8,0,9,7,5,2,6
0,0,0,0,0,0,0,0,7,8,7,4,2,1,4,4,1,6,1,0,5,2,1,3,1,9,0,2,5,2,3,7,1,6,1,0,2,1,6,3,1,4,0,7,3,1,6,4,0,4,0,1,1,7,2,2,3,0,5,6,6,4,3,0
0,0,0,0,0,0,1,1,0,4,6,2,1,8,4,2,0,11,9,2,1,1,2,4,0,1,9,0,1,5,1,5,0,2,5,0,2,5,1,6,0,0,6,1,0,2,5,2,0,0,0,0,6,6,3,4,0,4,2,4,4,2,3,13
0,0,0,0,0,0,1,1,1,5,5,1,1,7,6,4,2,0,13,1,0,6,3,3,0,1,1,0,4,0,2,4,4,1,3,0,1,0,1,2,0,0,4,1,0,1,9,1,7,2,0,10,5,6,3,3,2,6,0,5,5,1,8,0
0,0,0,0,0,1,1,1,4,6,2,1,8,4,2,2,11,9,2,1,1,2,4,7,1,9,0,1,5,1,5,2,2,5,0,2,5,1,6,1,0,6,1,0,2,5,2,0,0,0,0,6,6,3,4,7,4,2,4,4,2,3,13,0
0,7,8,7,4,2,1,4,0,1,6,1,0,5,2,1,0,1,9,0,2,5,2,3,0,1,6,1,0,2,1,6,0,1,4,0,7,3,1,6,0,0,4,0,1,1,7,2,0,3,0,5,6,6,4,3,0,10,9,10,4,12,9,6
3,6,8,4,7,2,1,5,3,3,8,3,8,2,2,6,0,1,2,1,0,2,5,2,1,1,7,0,3,1,3,2,0,0,2,7,1,6,8,1,6,0,0,3,1,9,4,0,2,8,0,9,7,5,2,6,6,10,5,7,10,7,17,2
7,8,7,4,2,1,4,4,1,6,1,0,5,2,1,3,1,9,0,2,5,2,3,7,1,6,1,0,2,1,6,3,1,4,0,7,3,1,6,4,0,4,0,1,1,7,2,2,3,0,5,6,6,4,3,0,10,9,10,4,12,9,6,8
0,0,0,0,0,0,0,0,0,16,10,9,13,7,8,9,0,16,13,11,1,17,5,6,0,1,7,1,0,21,0,3,0,12,10,2,0,8,0,9,0,0,6,1,1,2,3,20,0,2,0,1,1,1,10,6,0,9,2,7,6,7,7,6
0,0,0,0,0,0,0,0,3,11,10,8,8,6,7,9,1,10,9,8,7,0,4,24,0,1,12,0,1,6,6,6,1,0,7,1,0,1,6,0,2,2,0,6,0,1,16,12,1,3,0,5,0,5,9,0,0,1,1,2,7,5,6,4
0,0,0,0,0,0,0,0,16,10,9,13,7,8,9,4,16,13,11,1,17,5,6,4,1,7,1,0,21,0,3,16,12,10,2,0,8,0,9,4,0,6,1,1,2,3,20,10,2,0,1,1,1,10,6,0,9,2,7,6,7,7,6,10
0,14,13,13,15,16,16,15,0,12,14,10,7,11,0,13,0,6,12,0,0,16,0,6,0,7,8,1,0,15,0,11,0,0,13,12,10,3,0,14,0,2,0,0,3,4,10,6,0,5,2,0,4,6,7,6,0,5,2,1,4,6,5,9
6,12,12,13,15,14,15,14,2,12,12,3,10,2,6,13,0,3,1,4,9,0,9,16,1,0,15,0,0,0,7,2,1,1,0,2,2,12,5,10,2,3,0,10,0,6,19,0,1,2,1,0,7,8,6,4,0,3,2,2,9,6,4,8
14,13,13,15,16,16,15,11,12,14,10,7,11,0,13,6,6,12,0,0,16,0,6,9,7,8,1,0,15,0,11,5,0,13,12,10,3,0,14,8,2,0,0,3,4,10,6,0,5,2,0,4,6,7,6,6,5,2,1,4,6,5,9,4
0,16,10,9,13,7,8,9,0,16,13,11,1,17,5,6,0,1,7,1,0,21,0,3,0,12,10,2,0,8,0,9,0,0,6,1,1,2,3,20,0,2,0,1,1,1,10,6,0,9,2,7,6,7,7,6,0,5,7,8,4,3,0,7
3,11,10,8,8,6,7,9,1,10,9,8,7,0,4,24,0,1,12,0,1,6,6,6,1,0,7,1,0,1,6,0,2,2,0,6,0,1,16,12,1,3,0,5,0,5,9,0,0,1,1,2,7,5,6,4,0,5,1,9,8,2,7,0
16,10,9,13,7,8,9,4,16,13,11,1,17,5,6,4,1,7,1,0,21,0,3,16,12,10,2,0,8,0,9,4,0,6,1,1,2,3,20,10,2,0,1,1,1,10,6,0,9,2,7,6,7,7,6,10,5,7,8,4,3,0,7,1
0,0,0,0,0,0,0,0,0,1,1,1,0,1,10,5,0,18,2,2,5,2,9,8,0,2,4,16,6,2,1,6,0,3,2,2,9,1,4,2,0,25,7,4,1,1,1,7,0,22,15,23,2,1,1,3,0,2,26,3,1,1,1,0
0,0,0,0,0,0,0,0,8,1,1,1,1,4,8,4,11,4,2,3,3,1,6,6,1,6,0,4,10,1,9,8,2,11,2,16,0,9,6,3,8,11,2,3,5,2,2,4,15,15,40,1,0,0,2,1,1,3,21,0,1,1,1,1
0,0,0,0,0,0,0,0,1,1,1,0,1,10,5,0,18,2,2,5,2,9,8,1,2,4,16,6,2,1,6,7,3,2,2,9,1,4,2,1,25,7,4,1,1,1,7,0,22,15,23,2,1,1,3,1,2,26,3,1,1,1,0,0
0,4,4,3,5,3,5,7,0,1,2,2,2,1,4,12,0,2,2,2,2,6,6,8,0,1,1,3,8,1,5,3,0,17,3,2,5,2,2,1,0,25,4,5,4,12,1,2,0,3,22,0,2,1,1,1,0,0,0,0,0,0,1,1
6,3,4,5,6,4,6,7,9,2,2,1,8,2,9,4,1,4,1,2,5,1,9,13,2,13,1,12,3,4,9,3,3,3,2,1,7,7,5,7,8,22,3,2,2,1,1,1,2,10,41,0,2,1,2,0,1,0,2,0,1,1,0,0
4,4,3,5,3,5,7,7,1,2,2,2,1,4,12,0,2,2,2,2,6,6,8,0,1,1,3,8,1,5,3,5,17,3,2,5,2,2,1,0,25,4,5,4,12,1,2,1,3,22,0,2,1,1,1,1,0,0,0,0,0,1,1,0
0,1,1,1,0,1,10,5,0,18,2,2,5,2,9,8,0,2,4,16,6,2,1,6,0,3,2,2,9,1,4,2,0,25,7,4,1,1,1,7,0,22,15,23,2,1,1,3,0,2,26,3,1,1,1,0,0,2,2,1,0,1,1,1
8,1,1,1,1,4,8,4,11,4,2,3,3,1,6,6,1,6,0,4,10,1,9,8,2,11,2,16,0,9,6,3,8,11,2,3,5,2,2,4,15,15,40,1,0,0,2,1,1,3,21,0,1,1,1,1,0,0,1,1,1,1,1,1
1,1,1,0,1,10,5,0,18,2,2,5,2,9,8,1,2,4,16,6,2,1,6,7,3,2,2,9,1,4,2,1,25,7,4,1,1,1,7,0,22,15,23,2,1,1,3,1,2,26,3,1,1,1,0,0,2,2,1,0,1,1,1,0
0,0,0,0,0,0,0,0,0,2,1,1,1,1,1,1,0,1,0,2,1,0,3,2,0,7,1,3,2,2,2,2,0,2,5,7,0,0,1,0,0,3,1,1,6,4,2,2,0,3,5,2,10,3,2,0,0,3,3,0,2,2,2,2
0,0,0,0,0,0,0,0,1,1,1,1,1,0,1,0,2,9,1,1,2,0,2,1,2,1,2,2,2,0,3,1,3,1,2,0,2,0,0,0,3,1,0,11,0,4,2,0,2,5,6,4,2,3,2,0,2,3,1,0,1,2,1,2
0,0,0,0,0,0,0,0,2,1,1,1,1,1,1,0,1,0,2,1,0,3,2,0,7,1,3,2,2,2,2,0,2,5,7,0,0,1,0,0,3,1,1,6,4,2,2,0,3,5,2,10,3,2,0,0,3,3,0,2,2,2,2,0
0,2,2,2,3,2,3,2,0,2,1,2,3,4,1,1,0,5,1,0,2,1,2,2,0,4,1,3,0,1,1,2,0,2,4,5,0,5,1,0,0,3,4,8,2,1,2,4,0,3,6,1,3,2,2,1,0,3,2,0,3,2,3,3
1,2,2,3,2,2,2,1,2,1,1,2,1,0,1,1,7,1,4,3,1,0,2,1,3,2,2,2,2,0,2,0,3,1,1,1,0,1,2,0,2,2,2,9,2,2,4,0,2,5,4,1,3,2,1,0,3,3,2,3,2,2,2,1
2,2,2,3,2,3,2,1,2,1,2,3,4,1,1,0,5,1,0,2,1,2,2,0,4,1,3,0,1,1,2,0,2,4,5,0,5,1,0,0,3,4,8,2,1,2,4,0,3,6,1,3,2,2,1,0,3,2,0,3,2,3,3,2
0,2,1,1,1,1,1,1,0,1,0,2,1,0,3,2,0,7,1,3,2,2,2,2,0,2,5,7,0,0,1,0,0,3,1,1,6,4,2,2,0,3,5,2,10,3,2,0,0,3,3,0,2,2,2,2,0,1,0,0,0,0,0,0
1,1,1,1,1,0,1,0,2,9,1,1,2,0,2,1,2,1,2,2,2,0,3,1,3,1,2,0,2,0,0,0,3,1,0,11,0,4,2,0,2,5,6,4,2,3,2,0,2,3,1,0,1,2,1,2,1,0,0,0,0,0,0,0
2,1,1,1,1,1,1,0,1,0,2,1,0,3,2,0,7,1,3,2,2,2,2,0,2,5,7,0,0,1,0,0,3,1,1,6,4,2,2,0,3,5,2,10,3,2,0,0,3,3,0,2,2,2,2,0,1,0,0,0,0,0,0,0
0,0,0,0,0,0,0,0,0,10,9,11,10,5,3,6,0,9,10,8,16,15,3,17,0,7,5,0,1,19,0,13,0,2,2,7,2,10,1,14,0,4,1,4,15,8,4,19,0,3,3,2,2,6,21,12,0,20,3,16,18,21,13,12
0,0,0,0,0,0,0,0,8,9,8,5,10,4,4,7,8,9,8,6,23,4,11,14,0,2,10,1,10,4,11,20,1,2,13,2,0,1,9,5,1,2,0,10,5,10,22,7,2,2,5,1,1,22,15,8,2,4,4,17,20,17,8,14
0,0,0,0,0,0,0,0,10,9,11,10,5,3,6,12,9,10,8,16,15,3,17,8,7,5,0,1,19,0,13,19,2,2,7,2,10,1,14,13,4,1,4,15,8,4,19,8,3,3,2,2,6,21,12,14,20,3,16,18,21,13,12,5
0,8,6,8,6,8,7,5,0,11,10,12,3,14,14,13,0,14,8,1,5,12,3,20,0,8,1,1,1,13,0,11,0,4,6,6,1,7,2,7,0,3,0,2,5,9,24,12,0,15,6,2,17,20,19,14,0,18,8,11,14,13,12,15
5,6,5,6,7,7,7,4,10,11,9,6,3,10,17,8,5,11,12,3,12,3,12,19,1,3,11,2,7,1,9,14,1,2,5,2,1,1,8,4,4,2,3,12,3,8,26,5,5,2,4,13,18,20,17,17,2,14,5,13,14,12,11,7
8,6,8,6,8,7,5,6,11,10,12,3,14,14,13,10,14,8,1,5,12,3,20,12,8,1,1,1,13,0,11,24,4,6,6,1,7,2,7,12,3,0,2,5,9,24,12,9,15,6,2,17,20,19,14,18,18,8,11,14,13,12,15,13
0,10,9,11,10,5,3,6,0,9,10,8,16,15,3,17,0,7,5,0,1,19,0,13,0,2,2,7,2,10,1,14,0,4,1,4,15,8,4,19,0,3,3,2,2,6,21,12,0,20,3,16,18,21,13,12,0,16,12,26,14,10,16,2
8,9,8,5,10,4,4,7,8,9,8,6,23,4,11,14,0,2,10,1,10,4,11,20,1,2,13,2,0,1,9,5,1,2,0,10,5,10,22,7,2,2,5,1,1,22,15,8,2,4,4,17,20,17,8,14,1,11,20,20,12,9,16,1
10,9,11,10,5,3,6,12,9,10,8,16,15,3,17,8,7,5,0,1,19,0,13,19,2,2,7,2,10,1,14,13,4,1,4,15,8,4,19,8,3,3,2,2,6,21,12,14,20,3,16,18,21,13,12,5,16,12,26,14,10,16,2,21
0,0,0,0,0,0,0,0,0,0,0,1,0,0,0,0,0,0,1,0,1,0,0,0,0,6,0,21,0,0,1,2,0,11,1,2,0,0,1,0,0,20,0,0,1,0,0,0,0,13,8,16,0,2,0,0,0,0,35,3,0,0,0,0
0,0,0,0,0,0,0,0,0,0,0,0,0,1,0,1,0,1,0,2,0,2,0,0,9,4,5,5,1,9,1,0,0,5,0,43,0,12,1,0,16,5,1,0,0,2,1,0,0,7,51,0,1,0,0,1,0,0,0,1,0,1,2,0
0,0,0,0,0,0,0,0,0,0,1,0,0,0,0,0,0,1,0,1,0,0,0,1,6,0,21,0,0,1,2,0,11,1,2,0,0,1,0,0,20,0,0,1,0,0,0,0,13,8,16,0,2,0,0,0,0,35,3,0,0,0,0,0
0,0,0,1,1,0,0,0,0,0,1,0,0,1,1,0,0,0,0,3,0,0,2,0,0,2,0,3,14,0,1,0,0,14,1,0,1,1,1,0,0,18,0,0,23,0,0,0,0,0,36,0,1,0,0,1,0,0,0,1,2,1,1,0
0,1,0,1,0,0,1,1,0,0,0,0,0,1,0,0,3,0,1,0,0,1,0,0,1,4,0,16,0,16,1,0,13,6,0,0,1,0,0,1,3,7,36,0,9,0,0,0,0,0,39,2,0,0,1,0,0,0,1,2,2,1,1,0
0,0,1,1,0,0,0,1,0,1,0,0,1,1,0,1,0,0,3,0,0,2,0,0,2,0,3,14,0,1,0,0,14,1,0,1,1,1,0,0,18,0,0,23,0,0,0,1,0,36,0,1,0,0,1,0,0,0,1,2,1,1,0,1
0,0,0,1,0,0,0,0,0,0,1,0,1,0,0,0,0,6,0,21,0,0,1,2,0,11,1,2,0,0,1,0,0,20,0,0,1,0,0,0,0,13,8,16,0,2,0,0,0,0,35,3,0,0,0,0,0,0,0,1,1,1,1,0
0,0,0,0,0,1,0,1,0,1,0,2,0,2,0,0,9,4,5,5,1,9,1,0,0,5,0,43,0,12,1,0,16,5,1,0,0,2,1,0,0,7,51,0,1,0,0,1,0,0,0,1,0,1,2,0,0,0,1,1,2,2,1,1
0,0,1,0,0,0,0,0,0,1,0,1,0,0,0,1,6,0,21,0,0,1,2,0,11,1,2,0,0,1,0,0,20,0,0,1,0,0,0,0,13,8,16,0,2,0,0,0,0,35,3,0,0,0,0,0,0,0,1,1,1,1,0,1
0,0,0,0,0,0,0,0,0,1,0,0,0,0,1,0,0,0,0,0,0,0,0,0,0,0,0,0,0,0,0,0,0,0,0,0,0,0,0,0,0,0,0,0,0,0,0,0,0,0,0,0,0,0,0,0,0,0,0,0,0,0,0,0
0,0,0,0,0,0,0,0,0,0,0,1,0,1,1,0,0,0,0,0,0,0,0,0,0,0,0,0,1,0,0,0,0,0,0,0,0,0,0,0,0,0,0,0,1,0,0,0,0,0,2,0,0,0,0,0,0,0,0,0,0,0,0,1
0,0,0,0,0,0,0,0,1,0,0,0,0,1,0,0,0,0,0,0,0,0,0,0,0,0,0,0,0,0,0,0,0,0,0,0,0,0,0,0,0,0,0,0,0,0,0,0,0,0,0,0,0,0,0,0,0,0,0,0,0,0,0,0
0,0,0,0,0,0,0,1,0,0,0,0,0,0,0,0,0,0,0,0,1,0,0,0,0,0,0,0,0,0,0,0,0,0,0,0,0,0,0,0,0,0,0,1,0,0,0,0,0,0,0,0,0,0,0,0,0,0,0,0,0,0,0,0
0,0,0,1,1,0,1,0,0,0,1,0,0,0,0,0,0,1,0,0,0,0,0,0,0,0,1,0,0,0,0,0,0,0,0,0,1,0,0,0,0,2,0,0,0,0,1,0,0,0,1,0,0,0,0,0,0,0,0,0,0,0,0,0
0,0,0,0,0,0,1,1,0,0,0,0,0,0,0,0,0,0,0,1,0,0,0,0,0,0,0,0,0,0,0,0,0,0,0,0,0,0,0,0,0,0,1,0,0,0,0,0,0,0,0,0,0,0,0,0,0,0,0,0,0,0,0,0
0,1,0,0,0,0,1,0,0,0,0,0,0,0,0,0,0,0,0,0,0,0,0,0,0,0,0,0,0,0,0,0,0,0,0,0,0,0,0,0,0,0,0,0,0,0,0,0,0,0,0,0,0,0,0,0,0,0,0,0,0,0,0,0
0,0,0,1,0,1,1,0,0,0,0,0,0,0,0,0,0,0,0,0,1,0,0,0,0,0,0,0,0,0,0,0,0,0,0,0,1,0,0,0,0,0,2,0,0,0,0,0,0,0,0,0,0,0,0,1,0,0,0,0,0,0,0,0
1,0,0,0,0,1,0,0,0,0,0,0,0,0,0,0,0,0,0,0,0,0,0,0,0,0,0,0,0,0,0,0,0,0,0,0,0,0,0,0,0,0,0,0,0,0,0,0,0,0,0,0,0,0,0,0,0,0,0,0,0,0,0,0
0,0,0,0,0,0,0,0,0,2,2,5,10,6,1,6,0,0,5,6,0,2,2,1,0,6,4,1,1,0,0,1,0,10,6,9,2,8,1,1,0,1,3,1,1,2,2,1,0,2,3,6,6,2,0,0,0,0,21,2,1,0,0,0
0,0,0,0,0,0,0,0,0,4,4,2,7,3,5,4,0,4,7,4,0,2,2,3,0,1,25,0,1,0,2,1,0,0,8,6,2,2,1,1,0,1,0,1,0,1,1,1,13,6,17,14,2,1,1,1,0,0,1,1,1,0,0,0
0,0,0,0,0,0,0,0,2,2,5,10,6,1,6,1,0,5,6,0,2,2,1,4,6,4,1,1,0,0,1,1,10,6,9,2,8,1,1,1,1,3,1,1,2,2,1,3,2,3,6,6,2,0,0,0,0,21,2,1,0,0,0,0
0,4,2,4,5,3,5,2,0,7,4,10,5,1,1,1,0,0,8,0,0,1,1,1,0,10,3,4,1,6,1,0,0,4,3,14,3,0,1,2,0,0,3,1,12,2,1,0,0,0,24,7,1,0,0,1,0,0,7,1,1,0,0,0
1,2,2,3,3,4,5,3,1,5,7,2,2,1,1,4,0,0,9,1,2,1,1,1,0,3,13,15,2,0,1,1,0,1,3,2,0,10,1,1,8,3,0,2,2,2,0,1,0,4,5,4,0,0,0,0,0,0,1,1,1,0,1,0
4,2,4,5,3,5,2,1,7,4,10,5,1,1,1,2,0,8,0,0,1,1,1,4,10,3,4,1,6,1,0,1,4,3,14,3,0,1,2,0,0,3,1,12,2,1,0,0,0,24,7,1,0,0,1,0,0,7,1,1,0,0,0,0
0,2,2,5,10,6,1,6,0,0,5,6,0,2,2,1,0,6,4,1,1,0,0,1,0,10,6,9,2,8,1,1,0,1,3,1,1,2,2,1,0,2,3,6,6,2,0,0,0,0,21,2,1,0,0,0,0,0,0,0,0,0,0,0
0,4,4,2,7,3,5,4,0,4,7,4,0,2,2,3,0,1,25,0,1,0,2,1,0,0,8,6,2,2,1,1,0,1,0,1,0,1,1,1,13,6,17,14,2,1,1,1,0,0,1,1,1,0,0,0,0,0,0,0,0,0,0,0
2,2,5,10,6,1,6,1,0,5,6,0,2,2,1,4,6,4,1,1,0,0,1,1,10,6,9,2,8,1,1,1,1,3,1,1,2,2,1,3,2,3,6,6,2,0,0,0,0,21,2,1,0,0,0,0,0,0,0,0,0,0,0,0
0,0,0,0,0,0,0,0,0,1,1,1,0,1,1,0,0,0,1,0,0,0,0,0,0,0,0,1,0,1,0,0,0,1,0,0,0,0,0,0,0,2,0,0,1,0,0,0,0,0,1,0,0,1,0,0,0,0,0,0,1,0,0,0
0,0,0,0,0,0,0,0,0,1,1,1,0,1,0,1,0,0,0,0,0,0,0,0,0,1,0,1,1,0,0,0,0,0,0,4,0,0,0,0,0,0,0,0,0,0,1,0,0,1,1,0,0,2,0,1,0,0,0,0,0,0,0,1
0,0,0,0,0,0,0,0,1,1,1,0,1,1,0,1,0,1,0,0,0,0,0,1,0,0,1,0,1,0,0,0,1,0,0,0,0,0,0,0,2,0,0,1,0,0,0,0,0,1,0,0,1,0,0,1,0,0,0,1,0,0,0,1
0,1,3,3,1,2,1,2,0,0,1,0,0,1,0,0,0,1,0,0,0,0,0,0,0,0,0,2,1,0,0,0,0,2,0,0,2,0,0,1,0,1,2,1,0,0,1,0,0,0,0,1,0,1,0,0,0,1,4,0,0,0,0,0
1,2,3,3,2,0,2,2,0,0,0,0,0,0,0,0,0,0,0,0,0,0,0,0,0,4,0,0,1,0,0,0,0,1,0,0,0,0,0,1,0,0,1,0,0,0,0,0,0,0,5,0,0,0,0,0,0,0,0,1,0,0,0,0
1,3,3,1,2,1,2,6,0,1,0,0,1,0,0,0,1,0,0,0,0,0,0,0,0,0,2,1,0,0,0,0,2,0,0,2,0,0,1,0,1,2,1,0,0,1,0,0,0,0,1,0,1,0,0,1,1,4,0,0,0,0,0,1
0,1,1,1,0,1,1,0,0,0,1,0,0,0,0,0,0,0,0,1,0,1,0,0,0,1,0,0,0,0,0,0,0,2,0,0,1,0,0,0,0,0,1,0,0,1,0,0,0,0,0,0,1,0,0,0,0,0,0,0,0,0,0,0
0,1,1,1,0,1,0,1,0,0,0,0,0,0,0,0,0,1,0,1,1,0,0,0,0,0,0,4,0,0,0,0,0,0,0,0,0,0,1,0,0,1,1,0,0,2,0,1,0,0,0,0,0,0,0,1,0,0,0,0,0,0,0,0
1,1,1,0,1,1,0,1,0,1,0,0,0,0,0,1,0,0,1,0,1,0,0,0,1,0,0,0,0,0,0,0,2,0,0,1,0,0,0,0,0,1,0,0,1,0,0,1,0,0,0,1,0,0,0,1,0,0,0,0,0,0,0,0
0,0,0,0,0,0,0,0,0,6,6,6,9,10,10,12,0,17,8,7,21,5,10,25,0,5,7,2,12,15,8,17,0,1,8,1,0,5,9,9,0,0,8,11,5,6,14,8,0,1,5,1,2,13,10,6,0,11,0,9,10,10,7,6
0,0,0,0,0,0,0,0,14,7,6,4,8,9,10,14,17,7,6,9,24,2,17,12,1,0,1,1,19,0,18,27,1,5,8,0,4,0,20,12,2,1,1,5,10,18,20,10,0,0,2,4,3,22,7,10,9,0,0,11,11,9,8,2
0,0,0,0,0,0,0,0,6,6,6,9,10,10,12,11,17,8,7,21,5,10,25,5,5,7,2,12,15,8,17,6,1,8,1,0,5,9,9,10,0,8,11,5,6,14,8,8,1,5,1,2,13,10,6,6,11,0,9,10,10,7,6,1
0,3,5,4,7,7,7,7,0,11,6,1,9,7,18,17,0,12,8,7,13,13,13,24,0,1,7,2,0,12,10,10,0,0,3,1,5,3,13,4,0,0,8,10,2,16,26,0,0,0,3,12,16,13,8,8,0,9,0,14,14,8,12,4
9,5,4,4,6,6,6,6,14,6,6,0,15,5,20,12,8,11,9,1,16,0,16,18,1,1,4,1,10,0,17,16,2,1,6,1,10,0,19,8,1,1,4,2,0,12,9,4,10,1,0,17,17,7,8,9,12,8,11,10,12,10,5,9
3,5,4,7,7,7,7,6,11,6,1,9,7,18,17,7,12,8,7,13,13,13,24,5,1,7,2,0,12,10,10,16,0,3,1,5,3,13,4,9,0,8,10,2,16,26,0,0,0,3,12,16,13,8,8,2,9,0,14,14,8,12,4,5
0,6,6,6,9,10,10,12,0,17,8,7,21,5,10,25,0,5,7,2,12,15,8,17,0,1,8,1,0,5,9,9,0,0,8,11,5,6,14,8,0,1,5,1,2,13,10,6,0,11,0,9,10,10,7,6,0,8,15,16,7,2,9,0
14,7,6,4,8,9,10,14,17,7,6,9,24,2,17,12,1,0,1,1,19,0,18,27,1,5,8,0,4,0,20,12,2,1,1,5,10,18,20,10,0,0,2,4,3,22,7,10,9,0,0,11,11,9,8,2,4,6,16,8,6,10,1,7
6,6,6,9,10,10,12,11,17,8,7,21,5,10,25,5,5,7,2,12,15,8,17,6,1,8,1,0,5,9,9,10,0,8,11,5,6,14,8,8,1,5,1,2,13,10,6,6,11,0,9,10,10,7,6,1,8,15,16,7,2,9,0,15
0,0,0,0,0,0,0,0,0,4,6,6,9,10,1,0,0,8,11,8,9,0,2,0,0,4,8,16,14,0,3,0,0,5,1,14,0,0,0,1,0,19,3,6,1,0,1,0,0,15,17,12,4,0,0,1,0,0,32,0,0,0,0,0
0,0,0,0,0,0,0,0,13,7,9,13,12,4,0,5,14,0,8,6,1,0,3,0,8,11,5,5,3,1,1,0,2,8,11,33,0,7,0,0,14,6,1,3,13,6,0,0,16,19,44,0,2,0,0,0,2,0,21,0,0,0,0,1
0,0,0,0,0,0,0,0,4,6,6,9,10,1,0,5,8,11,8,9,0,2,0,3,4,8,16,14,0,3,0,0,5,1,14,0,0,0,1,0,19,3,6,1,0,1,0,8,15,17,12,4,0,0,1,0,0,32,0,0,0,0,0,1
0,0,0,0,0,0,0,0,0,6,7,2,8,1,0,0,0,2,7,32,6,2,8,0,0,0,6,9,19,3,0,0,0,14,0,3,1,1,2,1,0,24,0,18,20,7,0,0,0,2,25,0,1,0,0,1,0,0,7,0,0,0,0,0
7,0,0,2,0,0,0,0,14,8,7,11,5,0,0,0,6,10,8,4,0,1,3,0,2,12,2,13,0,10,1,0,10,2,13,5,0,0,0,0,16,12,16,3,11,4,0,4,7,7,39,0,0,0,0,0,2,0,3,0,0,0,0,0
0,0,0,0,0,0,0,0,6,7,2,8,1,0,0,8,2,7,32,6,2,8,0,0,0,6,9,19,3,0,0,0,14,0,3,1,1,2,1,3,24,0,18,20,7,0,0,4,2,25,0,1,0,0,1,1,0,7,0,0,0,0,0,0
0,4,6,6,9,10,1,0,0,8,11,8,9,0,2,0,0,4,8,16,14,0,3,0,0,5,1,14,0,0,0,1,0,19,3,6,1,0,1,0,0,15,17,12,4,0,0,1,0,0,32,0,0,0,0,0,0,0,1,0,1,1,0,0
13,7,9,13,12,4,0,5,14,0,8,6,1,0,3,0,8,11,5,5,3,1,1,0,2,8,11,33,0,7,0,0,14,6,1,3,13,6,0,0,16,19,44,0,2,0,0,0,2,0,21,0,0,0,0,1,0,0,0,0,1,0,1,0
4,6,6,9,10,1,0,5,8,11,8,9,0,2,0,3,4,8,16,14,0,3,0,0,5,1,14,0,0,0,1,0,19,3,6,1,0,1,0,8,15,17,12,4,0,0,1,0,0,32,0,0,0,0,0,1,0,1,0,1,1,0,0,0
0,0,0,0,0,0,0,0,0,0,0,0,0,0,0,0,0,0,2,0,0,0,0,0,0,0,0,0,0,2,0,0,0,0,0,0,0,0,0,0,0,0,0,0,0,0,0,0,0,0,0,0,0,0,0,0,0,0,0,0,0,0,0,0
0,0,0,0,0,0,0,0,4,0,0,1,0,0,0,0,0,0,4,0,0,0,0,0,0,0,0,0,0,0,0,0,0,0,0,0,0,0,0,0,0,0,0,0,0,0,0,0,0,0,0,0,0,0,0,0,1,0,0,0,0,0,0,0
0,0,0,0,0,0,0,0,0,0,0,0,0,0,0,0,0,2,0,0,0,0,0,0,0,0,0,0,2,0,0,0,0,0,0,0,0,0,0,0,0,0,0,0,0,0,0,2,0,0,0,0,0,0,0,2,0,0,0,0,0,0,0,0
0,3,3,4,3,1,2,1,0,0,0,0,0,0,0,0,0,0,1,0,0,0,0,0,0,0,3,3,0,0,0,0,0,0,0,0,1,0,0,0,0,0,0,0,0,0,0,0,0,1,0,0,0,0,0,0,0,0,0,0,0,0,0,0
10,3,3,4,3,2,2,1,0,0,3,4,0,0,0,0,0,0,0,0,0,0,0,0,0,0,0,0,0,0,0,0,0,0,0,8,0,0,0,0,0,0,0,0,0,0,1,0,0,2,0,0,0,1,0,0,0,0,3,0,0,0,0,0
3,3,4,3,1,2,1,1,0,0,0,0,0,0,0,1,0,1,0,0,0,0,0,0,0,3,3,0,0,0,0,0,0,0,0,1,0,0,0,0,0,0,0,0,0,0,0,0,1,0,0,0,0,0,0,0,0,0,0,0,0,0,0,0
0,0,0,0,0,0,0,0,0,0,2,0,0,0,0,0,0,0,0,0,0,2,0,0,0,0,0,0,0,0,0,0,0,0,0,0,0,0,0,0,0,0,0,0,0,0,0,0,0,0,0,0,0,0,0,0,0,0,0,0,0,0,0,0
4,0,0,1,0,0,0,0,0,0,4,0,0,0,0,0,0,0,0,0,0,0,0,0,0,0,0,0,0,0,0,0,0,0,0,0,0,0,0,0,0,0,0,0,0,0,0,0,1,0,0,0,0,0,0,0,0,0,0,0,0,0,0,0
0,0,0,0,0,0,0,0,0,2,0,0,0,0,0,0,0,0,0,0,2,0,0,0,0,0,0,0,0,0,0,0,0,0,0,0,0,0,0,2,0,0,0,0,0,0,0,2,0,0,0,0,0,0,0,0,0,0,0,0,0,0,0,0
0,0,0,0,0,0,0,0,0,10,9,8,10,12,11,10,0,12,13,12,14,11,9,15,0,3,9,2,11,15,4,15,0,3,6,3,4,3,9,12,0,3,10,10,5,5,10,6,0,4,5,3,6,10,16,14,0,4,4,13,14,13,12,12
0,0,0,0,0,0,0,0,5,9,10,10,13,11,9,11,8,12,15,9,10,2,8,10,2,2,19,1,14,2,10,17,3,4,9,1,8,3,10,10,3,3,9,3,15,11,12,2,4,3,3,10,4,17,16,10,3,8,5,12,12,14,11,10
0,0,0,0,0,0,0,0,10,9,8,10,12,11,10,11,12,13,12,14,11,9,15,13,3,9,2,11,15,4,15,10,3,6,3,4,3,9,12,11,3,10,10,5,5,10,6,9,4,5,3,6,10,16,14,13,4,4,13,14,13,12,12,9
0,4,6,7,6,7,7,6,0,12,11,6,14,8,10,15,0,6,10,2,15,14,12,17,0,4,13,5,1,10,8,10,0,2,2,4,2,6,11,10,0,3,13,3,4,9,14,14,0,5,6,12,11,13,14,12,0,8,4,8,12,9,9,6
4,7,6,5,6,6,7,4,4,14,11,6,11,8,16,10,1,7,5,3,12,10,9,16,2,3,4,1,8,3,10,11,3,3,11,4,8,4,15,7,3,2,3,5,2,10,11,14,6,6,3,13,13,14,13,12,3,7,15,11,10,8,9,4
4,6,7,6,7,7,6,4,12,11,6,14,8,10,15,14,6,10,2,15,14,12,17,9,4,13,5,1,10,8,10,13,2,2,4,2,6,11,10,7,3,13,3,4,9,14,14,16,5,6,12,11,13,14,12,13,8,4,8,12,9,9,6,13
0,10,9,8,10,12,11,10,0,12,13,12,14,11,9,15,0,3,9,2,11,15,4,15,0,3,6,3,4,3,9,12,0,3,10,10,5,5,10,6,0,4,5,3,6,10,16,14,0,4,4,13,14,13,12,12,0,6,3,10,10,8,7,1
5,9,10,10,13,11,9,11,8,12,15,9,10,2,8,10,2,2,19,1,14,2,10,17,3,4,9,1,8,3,10,10,3,3,9,3,15,11,12,2,4,3,3,10,4,17,16,10,3,8,5,12,12,14,11,10,1,5,7,9,8,5,4,2
10,9,8,10,12,11,10,11,12,13,12,14,11,9,15,13,3,9,2,11,15,4,15,10,3,6,3,4,3,9,12,11,3,10,10,5,5,10,6,9,4,5,3,6,10,16,14,13,4,4,13,14,13,12,12,9,6,3,10,10,8,7,1,11
0,0,0,0,0,0,0,0,0,2,1,2,2,2,3,3,0,2,1,1,12,1,0,5,0,0,2,0,0,1,0,6,0,1,2,0,1,1,2,3,0,1,1,0,3,2,2,1,0,0,2,2,1,2,4,4,0,2,0,5,1,2,2,2
0,0,0,0,0,0,0,0,2,2,1,2,2,2,3,2,6,2,2,2,7,1,2,2,0,2,2,2,6,2,2,10,0,0,2,0,2,2,0,2,0,0,0,0,0,2,2,2,1,2,1,1,3,7,2,5,1,0,0,1,2,4,2,6
0,0,0,0,0,0,0,0,2,1,2,2,2,3,3,1,2,1,1,12,1,0,5,2,0,2,0,0,1,0,6,2,1,2,0,1,1,2,3,2,1,1,0,3,2,2,1,0,0,2,2,1,2,4,4,2,2,0,5,1,2,2,2,1
0,2,1,1,2,1,1,2,0,1,1,2,2,2,10,3,0,5,3,1,5,1,5,5,0,2,2,0,1,0,2,2,0,1,1,0,3,0,2,0,0,0,2,2,0,3,4,1,0,2,0,2,2,3,2,1,0,3,5,2,6,2,2,9
2,1,1,1,1,1,1,1,2,2,2,2,2,5,11,2,0,4,2,2,4,2,2,2,0,1,3,0,8,2,1,9,0,0,2,0,0,1,0,1,0,3,2,3,1,3,2,1,0,0,0,2,1,1,2,2,2,1,1,1,1,2,2,4
2,1,1,2,1,1,2,0,1,1,2,2,2,10,3,1,5,3,1,5,1,5,5,2,2,2,0,1,0,2,2,6,1,1,0,3,0,2,0,1,0,2,2,0,3,4,1,1,2,0,2,2,3,2,1,7,3,5,2,6,2,2,9,1
0,2,1,2,2,2,3,3,0,2,1,1,12,1,0,5,0,0,2,0,0,1,0,6,0,1,2,0,1,1,2,3,0,1,1,0,3,2,2,1,0,0,2,2,1,2,4,4,0,2,0,5,1,2,2,2,0,0,2,0,1,1,1,1
2,2,1,2,2,2,3,2,6,2,2,2,7,1,2,2,0,2,2,2,6,2,2,10,0,0,2,0,2,2,0,2,0,0,0,0,0,2,2,2,1,2,1,1,3,7,2,5,1,0,0,1,2,4,2,6,1,1,1,1,1,3,1,2
2,1,2,2,2,3,3,1,2,1,1,12,1,0,5,2,0,2,0,0,1,0,6,2,1,2,0,1,1,2,3,2,1,1,0,3,2,2,1,0,0,2,2,1,2,4,4,2,2,0,5,1,2,2,2,1,0,2,0,1,1,1,1,2
0,0,0,0,0,0,0,0,0,17,13,13,10,6,3,13,0,1,12,8,0,6,0,5,0,11,8,14,0,13,0,0,0,14,7,4,10,11,0,4,0,12,2,0,5,3,6,1,0,20,13,14,14,9,4,6,0,9,29,0,9,8,11,16
0,0,0,0,0,0,0,0,3,13,12,5,6,6,9,10,1,15,8,1,0,0,3,11,8,0,15,7,0,0,3,0,13,0,5,15,2,3,7,3,18,9,2,9,0,0,11,0,11,19,15,9,10,7,9,7,11,8,2,7,9,8,10,13
0,0,0,0,0,0,0,0,17,13,13,10,6,3,13,4,1,12,8,0,6,0,5,6,11,8,14,0,13,0,0,3,14,7,4,10,11,0,4,3,12,2,0,5,3,6,1,5,20,13,14,14,9,4,6,7,9,29,0,9,8,11,16,13
0,23,21,21,22,19,17,21,0,10,13,5,3,8,0,1,0,1,4,2,0,9,0,0,0,17,7,11,2,11,0,8,0,11,3,7,9,5,1,15,0,16,6,0,5,0,6,0,0,8,37,7,7,9,10,7,0,14,7,13,7,9,12,16
9,21,21,20,21,16,20,21,1,15,11,5,6,0,0,11,4,1,6,0,1,7,0,5,11,1,15,16,0,0,5,0,17,3,0,21,2,9,10,7,14,15,9,0,0,6,5,0,11,17,20,2,9,11,8,10,10,13,7,13,9,9,19,10
23,21,21,22,19,17,21,14,10,13,5,3,8,0,1,4,1,4,2,0,9,0,0,11,17,7,11,2,11,0,8,0,11,3,7,9,5,1,15,3,16,6,0,5,0,6,0,0,8,37,7,7,9,10,7,12,14,7,13,7,9,12,16,11
0,17,13,13,10,6,3,13,0,1,12,8,0,6,0,5,0,11,8,14,0,13,0,0,0,14,7,4,10,11,0,4,0,12,2,0,5,3,6,1,0,20,13,14,14,9,4,6,0,9,29,0,9,8,11,16,0,7,6,10,9,9,7,9
3,13,12,5,6,6,9,10,1,15,8,1,0,0,3,11,8,0,15,7,0,0,3,0,13,0,5,15,2,3,7,3,18,9,2,9,0,0,11,0,11,19,15,9,10,7,9,7,11,8,2,7,9,8,10,13,12,12,6,6,14,6,8,8
17,13,13,10,6,3,13,4,1,12,8,0,6,0,5,6,11,8,14,0,13,0,0,3,14,7,4,10,11,0,4,3,12,2,0,5,3,6,1,5,20,13,14,14,9,4,6,7,9,29,0,9,8,11,16,13,7,6,10,9,9,7,9,10
0,0,0,0,0,0,0,0,0,2,1,3,3,1,2,4,0,3,4,3,7,10,1,2,0,3,2,4,2,4,3,6,0,4,6,4,3,10,3,7,0,4,10,4,10,4,2,8,0,5,5,6,8,20,11,11,0,3,6,13,10,12,12,13
0,0,0,0,0,0,0,0,1,3,2,3,2,2,2,5,1,2,3,7,5,5,2,2,1,2,9,2,6,2,6,6,0,3,10,5,7,2,3,3,1,3,10,2,2,5,9,6,8,5,6,9,9,16,16,9,17,8,3,10,12,14,7,10
0,0,0,0,0,0,0,0,2,1,3,3,1,2,4,2,3,4,3,7,10,1,2,1,3,2,4,2,4,3,6,2,4,6,4,3,10,3,7,2,4,10,4,10,4,2,8,2,5,5,6,8,20,11,11,3,3,6,13,10,12,12,13,2
0,0,0,1,0,0,0,0,0,3,3,10,2,11,8,3,0,10,4,2,6,2,5,5,0,3,2,1,3,9,3,8,0,3,15,4,6,5,3,2,0,3,14,5,3,1,17,10,0,3,5,26,8,9,15,8,0,6,11,15,12,13,6,11
0,1,1,1,0,0,0,0,1,2,3,2,3,12,5,2,2,3,3,9,2,10,2,2,1,3,13,2,12,1,2,8,1,3,3,3,4,6,1,3,3,3,2,6,2,11,13,6,14,4,6,11,7,13,11,10,15,3,16,11,13,11,12,2
0,0,1,0,0,0,0,0,3,3,10,2,11,8,3,2,10,4,2,6,2,5,5,2,3,2,1,3,9,3,8,3,3,15,4,6,5,3,2,1,3,14,5,3,1,17,10,1,3,5,26,8,9,15,8,2,6,11,15,12,13,6,11,2
0,2,1,3,3,1,2,4,0,3,4,3,7,10,1,2,0,3,2,4,2,4,3,6,0,4,6,4,3,10,3,7,0,4,10,4,10,4,2,8,0,5,5,6,8,20,11,11,0,3,6,13,10,12,12,13,0,4,2,6,3,9,4,2
1,3,2,3,2,2,2,5,1,2,3,7,5,5,2,2,1,2,9,2,6,2,6,6,0,3,10,5,7,2,3,3,1,3,10,2,2,5,9,6,8,5,6,9,9,16,16,9,17,8,3,10,12,14,7,10,13,5,4,3,9,3,6,4
2,1,3,3,1,2,4,2,3,4,3,7,10,1,2,1,3,2,4,2,4,3,6,2,4,6,4,3,10,3,7,2,4,10,4,10,4,2,8,2,5,5,6,8,20,11,11,3,3,6,13,10,12,12,13,2,4,2,6,3,9,4,2,3
0,0,0,0,0,0,0,0,0,0,0,0,0,0,1,0,0,0,0,0,0,2,0,5,0,7,0,2,0,6,0,0,0,10,0,1,0,1,0,0,0,7,1,0,3,0,0,0,0,5,8,3,0,5,10,11,0,17,8,8,11,11,15,15
0,0,0,0,0,0,0,0,0,0,1,0,0,1,0,0,0,0,0,0,0,0,0,0,0,0,0,2,0,4,0,4,1,0,5,1,1,0,1,0,4,1,4,3,0,0,4,0,6,10,13,0,4,10,12,11,7,9,2,10,10,13,10,16
0,0,0,0,0,0,0,0,0,0,0,0,0,1,0,0,0,0,0,0,2,0,5,2,7,0,2,0,6,0,0,0,10,0,1,0,1,0,0,0,7,1,0,3,0,0,0,1,5,8,3,0,5,10,11,16,17,8,8,11,11,15,15,13
0,1,0,0,0,0,1,0,0,0,0,0,0,0,3,0,0,7,0,1,0,6,0,4,0,6,0,1,0,7,0,2,0,15,0,0,0,0,0,2,0,5,4,0,9,0,6,1,0,9,15,11,15,15,14,10,0,17,4,13,9,12,13,16
0,0,0,0,0,0,1,0,0,0,1,0,0,4,0,0,0,0,2,0,0,1,0,0,0,0,0,9,0,4,1,3,2,0,1,0,3,0,1,0,3,2,4,0,1,0,6,0,6,8,0,12,13,16,13,13,3,12,0,11,10,11,19,9
1,0,0,0,0,1,0,1,0,0,0,0,0,3,0,1,7,0,1,0,6,0,4,1,6,0,1,0,7,0,2,0,15,0,0,0,0,0,2,0,5,4,0,9,0,6,1,0,9,15,11,15,15,14,10,17,17,4,13,9,12,13,16,17
0,0,0,0,0,0,1,0,0,0,0,0,0,2,0,5,0,7,0,2,0,6,0,0,0,10,0,1,0,1,0,0,0,7,1,0,3,0,0,0,0,5,8,3,0,5,10,11,0,17,8,8,11,11,15,15,0,16,20,21,17,13,14,12
0,0,1,0,0,1,0,0,0,0,0,0,0,0,0,0,0,0,0,2,0,4,0,4,1,0,5,1,1,0,1,0,4,1,4,3,0,0,4,0,6,10,13,0,4,10,12,11,7,9,2,10,10,13,10,16,7,16,16,16,16,9,17,6
0,0,0,0,0,1,0,0,0,0,0,0,2,0,5,2,7,0,2,0,6,0,0,0,10,0,1,0,1,0,0,0,7,1,0,3,0,0,0,1,5,8,3,0,5,10,11,16,17,8,8,11,11,15,15,13,16,20,21,17,13,14,12,21
0,0,0,0,0,0,0,0,0,17,17,20,18,18,13,20,0,15,15,11,20,19,13,26,0,15,16,5,8,29,11,18,0,8,12,19,7,16,15,17,0,4,4,0,15,18,24,23,0,5,15,11,10,28,22,17,0,10,17,18,21,19,14,14
0,0,0,0,0,0,0,0,15,20,18,11,17,15,15,22,12,18,18,15,21,8,16,28,0,3,16,6,12,4,20,27,4,11,19,1,8,6,21,13,5,6,9,14,5,11,35,17,12,3,2,10,17,28,20,16,15,20,12,17,21,18,9,9
0,0,0,0,0,0,0,0,17,17,20,18,18,13,20,21,15,15,11,20,19,13,26,20,15,16,5,8,29,11,18,22,8,12,19,7,16,15,17,21,4,4,0,15,18,24,23,15,5,15,11,10,28,22,17,13,10,17,18,21,19,14,14,3
0,14,15,14,15,15,14,15,0,17,16,11,13,25,16,22,0,17,14,3,10,21,12,23,0,13,17,7,10,19,11,22,0,8,14,1,12,11,16,21,0,0,15,3,4,4,36,20,0,12,18,30,20,26,19,11,0,13,14,24,18,17,12,10
9,14,15,15,15,14,14,17,15,19,20,13,19,12,19,23,12,7,5,4,15,15,19,24,0,3,14,5,14,3,16,20,0,8,12,4,12,18,20,21,12,3,5,13,18,28,27,11,10,6,1,17,24,23,15,9,13,15,25,21,20,13,18,2
14,15,14,15,15,14,15,16,17,16,11,13,25,16,22,17,17,14,3,10,21,12,23,27,13,17,7,10,19,11,22,21,8,14,1,12,11,16,21,14,0,15,3,4,4,36,20,10,12,18,30,20,26,19,11,9,13,14,24,18,17,12,10,17
0,17,17,20,18,18,13,20,0,15,15,11,20,19,13,26,0,15,16,5,8,29,11,18,0,8,12,19,7,16,15,17,0,4,4,0,15,18,24,23,0,5,15,11,10,28,22,17,0,10,17,18,21,19,14,14,0,4,8,14,13,7,7,0
15,20,18,11,17,15,15,22,12,18,18,15,21,8,16,28,0,3,16,6,12,4,20,27,4,11,19,1,8,6,21,13,5,6,9,14,5,11,35,17,12,3,2,10,17,28,20,16,15,20,12,17,21,18,9,9,7,5,18,11,11,1,6,0
17,17,20,18,18,13,20,21,15,15,11,20,19,13,26,20,15,16,5,8,29,11,18,22,8,12,19,7,16,15,17,21,4,4,0,15,18,24,23,15,5,15,11,10,28,22,17,13,10,17,18,21,19,14,14,3,4,8,14,13,7,7,0,10
0,0,0,0,0,0,0,0,0,4,3,0,3,4,14,6,0,18,0,8,4,12,4,13,0,3,0,0,2,15,0,4,0,0,0,2,0,3,0,9,0,1,0,5,1,1,17,10,0,1,3,0,0,10,7,3,0,8,2,5,11,10,7,6
0,0,0,0,0,0,0,0,5,4,1,4,3,8,11,4,4,1,4,4,14,0,4,16,0,0,0,0,5,8,10,10,1,0,6,0,0,0,10,2,1,0,1,6,4,6,17,0,1,0,1,0,2,13,1,2,1,3,0,10,9,8,4,6
0,0,0,0,0,0,0,0,4,3,0,3,4,14,6,7,18,0,8,4,12,4,13,1,3,0,0,2,15,0,4,17,0,0,2,0,3,0,9,3,1,0,5,1,1,17,10,0,1,3,0,0,10,7,3,9,8,2,5,11,10,7,6,2
0,5,6,5,4,7,8,9,0,2,3,0,5,11,1,13,0,4,0,5,3,14,4,10,0,1,3,0,0,3,1,9,0,1,0,0,3,5,0,10,0,2,2,4,6,6,18,0,0,1,3,0,16,13,9,6,0,12,3,10,7,10,10,13
4,5,6,5,6,6,8,9,5,2,2,0,14,2,7,5,0,0,0,5,11,1,17,18,0,0,0,2,0,1,15,4,2,0,0,0,10,1,13,4,1,0,5,1,0,17,15,1,2,0,0,13,15,9,7,6,4,8,5,9,11,10,9,6
5,6,5,4,7,8,9,11,2,3,0,5,11,1,13,3,4,0,5,3,14,4,10,6,1,3,0,0,3,1,9,8,1,0,0,3,5,0,10,4,2,2,4,6,6,18,0,2,1,3,0,16,13,9,6,7,12,3,10,7,10,10,13,12
0,4,3,0,3,4,14,6,0,18,0,8,4,12,4,13,0,3,0,0,2,15,0,4,0,0,0,2,0,3,0,9,0,1,0,5,1,1,17,10,0,1,3,0,0,10,7,3,0,8,2,5,11,10,7,6,0,8,10,17,10,3,6,4
5,4,1,4,3,8,11,4,4,1,4,4,14,0,4,16,0,0,0,0,5,8,10,10,1,0,6,0,0,0,10,2,1,0,1,6,4,6,17,0,1,0,1,0,2,13,1,2,1,3,0,10,9,8,4,6,1,6,12,12,8,2,6,0
4,3,0,3,4,14,6,7,18,0,8,4,12,4,13,1,3,0,0,2,15,0,4,17,0,0,2,0,3,0,9,3,1,0,5,1,1,17,10,0,1,3,0,0,10,7,3,9,8,2,5,11,10,7,6,2,8,10,17,10,3,6,4,11
0,0,0,0,0,0,0,0,0,7,4,6,7,2,1,5,0,1,2,9,1,4,1,2,0,6,3,13,0,2,1,1,0,17,9,2,4,1,0,2,0,15,3,0,5,2,2,2,0,12,5,30,0,3,3,2,0,2,23,4,2,2,3,1
0,0,0,0,0,0,0,0,1,3,5,3,7,2,4,1,1,5,3,1,2,2,1,3,11,2,15,3,2,3,2,2,7,4,10,23,1,7,1,1,17,11,2,3,1,2,3,2,0,13,38,8,2,3,2,2,0,3,10,3,2,2,2,2
0,0,0,0,0,0,0,0,7,4,6,7,2,1,5,4,1,2,9,1,4,1,2,3,6,3,13,0,2,1,1,2,17,9,2,4,1,0,2,1,15,3,0,5,2,2,2,5,12,5,30,0,3,3,2,1,2,23,4,2,2,3,1,5
0,1,2,2,4,2,1,1,0,9,2,8,4,2,0,2,0,0,7,0,1,3,1,1,0,9,3,1,6,2,0,2,0,16,3,7,4,1,0,2,0,14,3,3,17,1,2,2,0,2,17,3,3,2,2,2,0,2,4,2,2,2,1,2
1,1,2,3,3,1,1,0,1,3,2,0,1,1,1,3,1,2,3,2,1,1,2,2,6,3,6,10,1,11,3,1,14,9,3,0,1,9,1,1,7,13,15,5,5,1,3,4,0,13,36,2,3,2,2,2,0,3,2,2,2,1,2,1
1,2,2,4,2,1,1,0,9,2,8,4,2,0,2,4,0,7,0,1,3,1,1,8,9,3,1,6,2,0,2,1,16,3,7,4,1,0,2,0,14,3,3,17,1,2,2,6,2,17,3,3,2,2,2,1,2,4,2,2,2,1,2,1
0,7,4,6,7,2,1,5,0,1,2,9,1,4,1,2,0,6,3,13,0,2,1,1,0,17,9,2,4,1,0,2,0,15,3,0,5,2,2,2,0,12,5,30,0,3,3,2,0,2,23,4,2,2,3,1,0,0,1,0,0,0,0,4
1,3,5,3,7,2,4,1,1,5,3,1,2,2,1,3,11,2,15,3,2,3,2,2,7,4,10,23,1,7,1,1,17,11,2,3,1,2,3,2,0,13,38,8,2,3,2,2,0,3,10,3,2,2,2,2,0,0,1,0,0,0,0,0
7,4,6,7,2,1,5,4,1,2,9,1,4,1,2,3,6,3,13,0,2,1,1,2,17,9,2,4,1,0,2,1,15,3,0,5,2,2,2,5,12,5,30,0,3,3,2,1,2,23,4,2,2,3,1,5,0,1,0,0,0,0,4,0
0,0,0,0,0,0,0,0,0,1,1,1,1,3,1,1,0,2,1,0,3,0,1,0,0,0,1,11,5,0,6,0,0,0,0,0,6,0,2,0,0,0,0,15,0,1,4,0,0,9,0,9,3,0,0,0,0,0,0,2,0,0,0,1
0,0,0,0,0,0,0,0,1,1,2,2,1,1,2,0,0,1,1,0,0,0,1,1,0,0,0,0,0,0,0,0,0,11,0,2,3,0,0,0,0,5,0,0,6,0,0,0,0,4,0,2,12,0,0,0,0,0,29,0,0,0,0,0
0,0,0,0,0,0,0,0,1,1,1,1,3,1,1,0,2,1,0,3,0,1,0,1,0,1,11,5,0,6,0,0,0,0,0,6,0,2,0,1,0,0,15,0,1,4,0,0,9,0,9,3,0,0,0,0,0,0,2,0,0,0,1,0
0,1,1,0,2,0,1,0,0,1,1,1,1,0,1,1,0,0,1,1,2,0,4,0,0,0,1,2,2,0,10,0,0,0,0,1,0,1,5,0,0,1,0,14,0,8,0,0,0,0,0,19,0,0,1,0,0,0,0,0,0,0,0,0
1,1,1,1,1,1,1,0,0,1,0,3,2,0,1,1,0,0,0,0,0,1,0,0,2,5,1,0,1,0,0,0,0,12,2,11,0,1,1,1,0,3,2,0,11,0,0,1,0,9,11,1,1,0,0,0,0,0,13,0,0,0,0,0
1,1,0,2,0,1,0,0,1,1,1,1,0,1,1,1,0,1,1,2,0,4,0,1,0,1,2,2,0,10,0,0,0,0,1,0,1,5,0,2,1,0,14,0,8,0,0,1,0,0,19,0,0,1,0,0,0,0,0,0,0,0,0,0
0,1,1,1,1,3,1,1,0,2,1,0,3,0,1,0,0,0,1,11,5,0,6,0,0,0,0,0,6,0,2,0,0,0,0,15,0,1,4,0,0,9,0,9,3,0,0,0,0,0,0,2,0,0,0,1,0,0,0,0,0,0,0,0
1,1,2,2,1,1,2,0,0,1,1,0,0,0,1,1,0,0,0,0,0,0,0,0,0,11,0,2,3,0,0,0,0,5,0,0,6,0,0,0,0,4,0,2,12,0,0,0,0,0,29,0,0,0,0,0,0,0,1,0,0,0,0,0
1,1,1,1,3,1,1,0,2,1,0,3,0,1,0,1,0,1,11,5,0,6,0,0,0,0,0,6,0,2,0,1,0,0,15,0,1,4,0,0,9,0,9,3,0,0,0,0,0,0,2,0,0,0,1,0,0,0,0,0,0,0,0,0
0,0,0,0,0,0,0,0,0,0,0,0,0,0,0,0,0,0,0,0,0,0,0,0,0,0,0,0,0,0,0,0,0,0,0,0,0,0,0,0,0,0,0,0,0,0,0,0,0,0,0,0,1,0,0,0,0,0,3,0,0,0,0,0
0,0,0,0,0,0,0,0,0,0,0,0,0,0,0,0,0,0,0,0,0,0,0,0,2,0,0,0,0,0,0,0,0,0,0,0,0,0,0,0,0,0,0,0,0,0,0,0,1,0,0,0,0,0,0,0,1,2,0,0,0,0,0,0
0,0,0,0,0,0,0,0,0,0,0,0,0,0,0,0,0,0,0,0,0,0,0,0,0,0,0,0,0,0,0,0,0,0,0,0,0,0,0,0,0,0,0,0,0,0,0,0,0,0,0,1,0,0,0,0,0,3,0,0,0,0,0,0
0,0,0,0,0,0,0,0,0,0,0,0,0,0,0,0,0,0,0,0,0,0,0,0,0,0,0,0,0,0,0,0,0,0,0,0,0,0,0,0,0,0,0,0,0,0,0,0,0,0,0,0,0,0,0,0,0,0,6,0,0,0,0,0
0,0,0,0,0,0,0,0,0,0,0,0,0,0,0,0,0,0,0,0,0,0,0,0,0,0,0,0,0,5,0,0,1,0,0,0,0,5,0,0,2,0,0,0,0,0,0,0,1,4,0,0,0,0,0,0,1,1,2,1,0,0,0,0
0,0,0,0,0,0,0,0,0,0,0,0,0,0,0,0,0,0,0,0,0,0,0,0,0,0,0,0,0,0,0,0,0,0,0,0,0,0,0,0,0,0,0,0,0,0,0,0,0,0,0,0,0,0,0,0,0,6,0,0,0,0,0,0
0,0,0,0,0,0,0,0,0,0,0,0,0,0,0,0,0,0,0,0,0,0,0,0,0,0,0,0,0,0,0,0,0,0,0,0,0,0,0,0,0,0,0,0,1,0,0,0,0,0,3,0,0,0,0,0,0,2,2,1,1,1,1,1
0,0,0,0,0,0,0,0,0,0,0,0,0,0,0,0,2,0,0,0,0,0,0,0,0,0,0,0,0,0,0,0,0,0,0,0,0,0,0,0,1,0,0,0,0,0,0,0,1,2,0,0,0,0,0,0,1,2,2,1,1,1,1,1
0,0,0,0,0,0,0,0,0,0,0,0,0,0,0,0,0,0,0,0,0,0,0,0,0,0,0,0,0,0,0,0,0,0,0,0,0,0,0,0,0,0,0,1,0,0,0,0,0,3,0,0,0,0,0,0,2,2,1,1,1,1,1,0
0,0,0,0,0,0,0,0,0,2,2,2,2,1,2,3,0,1,3,2,2,8,3,2,0,4,2,1,2,7,3,4,0,4,2,6,3,11,3,5,0,3,3,2,3,2,2,10,0,8,6,2,9,8,7,8,0,3,7,7,9,10,6,10
0,0,0,0,0,0,0,0,2,3,2,2,3,3,2,3,2,6,3,2,5,4,4,12,5,3,8,2,2,7,3,6,4,3,2,3,2,2,3,3,6,4,3,8,2,2,8,5,2,5,3,4,7,4,5,5,1,6,6,7,8,7,3,6
0,0,0,0,0,0,0,0,2,2,2,2,1,2,3,0,1,3,2,2,8,3,2,2,4,2,1,2,7,3,4,13,4,2,6,3,11,3,5,7,3,3,2,3,2,2,10,1,8,6,2,9,8,7,8,6,3,7,7,9,10,6,10,2
0,1,1,1,2,1,1,2,0,2,2,2,2,10,2,2,0,3,3,2,2,7,4,6,0,3,2,4,2,3,3,10,0,2,7,5,3,3,3,9,0,4,3,3,11,2,9,8,0,12,5,3,4,10,10,5,0,5,11,12,4,9,7,5
1,2,1,1,1,1,1,1,1,3,1,2,2,2,4,5,5,2,4,5,7,10,3,9,2,4,4,2,3,3,6,6,5,3,3,3,3,3,3,3,6,3,4,4,4,6,14,3,2,5,5,9,7,12,7,4,2,4,5,7,10,7,7,4
1,1,1,2,1,1,2,1,2,2,2,2,10,2,2,1,3,3,2,2,7,4,6,13,3,2,4,2,3,3,10,9,2,7,5,3,3,3,9,1,4,3,3,11,2,9,8,2,12,5,3,4,10,10,5,5,5,11,12,4,9,7,5,12
0,2,2,2,2,1,2,3,0,1,3,2,2,8,3,2,0,4,2,1,2,7,3,4,0,4,2,6,3,11,3,5,0,3,3,2,3,2,2,10,0,8,6,2,9,8,7,8,0,3,7,7,9,10,6,10,0,2,6,9,11,7,7,2
2,3,2,2,3,3,2,3,2,6,3,2,5,4,4,12,5,3,8,2,2,7,3,6,4,3,2,3,2,2,3,3,6,4,3,8,2,2,8,5,2,5,3,4,7,4,5,5,1,6,6,7,8,7,3,6,1,3,11,13,11,3,8,3
2,2,2,2,1,2,3,0,1,3,2,2,8,3,2,2,4,2,1,2,7,3,4,13,4,2,6,3,11,3,5,7,3,3,2,3,2,2,10,1,8,6,2,9,8,7,8,6,3,7,7,9,10,6,10,2,2,6,9,11,7,7,2,9
0,0,0,0,0,0,0,0,0,0,2,3,3,1,0,0,0,1,4,4,2,1,1,0,0,3,7,30,7,5,1,0,0,9,2,6,12,0,1,0,0,35,11,2,0,0,0,0,0,13,29,40,0,3,0,4,0,3,6,1,1,2,6,10
0,0,0,0,0,0,0,0,0,0,3,5,0,0,0,1,1,0,2,1,0,1,1,0,10,6,1,17,0,2,0,0,10,8,1,42,2,4,0,0,14,23,3,0,4,0,0,0,4,31,66,0,5,0,4,6,11,14,28,3,2,3,8,4
0,0,0,0,0,0,0,0,0,2,3,3,1,0,0,0,1,4,4,2,1,1,0,0,3,7,30,7,5,1,0,0,9,2,6,12,0,1,0,1,35,11,2,0,0,0,0,1,13,29,40,0,3,0,4,2,3,6,1,1,2,6,10,4
0,0,0,0,0,0,0,0,0,0,1,10,0,0,0,0,0,1,6,15,1,0,1,1,0,3,2,14,27,0,2,2,0,28,5,1,4,1,0,1,0,37,25,17,13,0,0,1,0,2,18,11,0,1,4,5,0,4,2,6,2,3,4,4
0,0,0,0,0,0,0,0,0,1,3,5,0,1,1,0,1,0,7,3,0,1,0,0,7,13,3,17,1,12,0,0,16,16,2,4,4,1,0,0,8,27,14,3,11,2,0,3,9,21,45,1,0,2,3,4,11,7,4,4,1,5,9,9
0,0,0,0,0,0,0,0,0,1,10,0,0,0,0,1,1,6,15,1,0,1,1,0,3,2,14,27,0,2,2,0,28,5,1,4,1,0,1,1,37,25,17,13,0,0,1,5,2,18,11,0,1,4,5,3,4,2,6,2,3,4,4,4
0,0,2,3,3,1,0,0,0,1,4,4,2,1,1,0,0,3,7,30,7,5,1,0,0,9,2,6,12,0,1,0,0,35,11,2,0,0,0,0,0,13,29,40,0,3,0,4,0,3,6,1,1,2,6,10,0,2,2,1,3,6,3,12
0,0,3,5,0,0,0,1,1,0,2,1,0,1,1,0,10,6,1,17,0,2,0,0,10,8,1,42,2,4,0,0,14,23,3,0,4,0,0,0,4,31,66,0,5,0,4,6,11,14,28,3,2,3,8,4,11,4,2,2,5,6,2,9
0,2,3,3,1,0,0,0,1,4,4,2,1,1,0,0,3,7,30,7,5,1,0,0,9,2,6,12,0,1,0,1,35,11,2,0,0,0,0,1,13,29,40,0,3,0,4,2,3,6,1,1,2,6,10,4,2,2,1,3,6,3,12,1
0,0,0,0,0,0,0,0,0,0,0,0,1,3,5,0,0,5,0,3,9,0,0,3,0,0,2,18,7,0,10,4,0,0,0,0,11,0,6,0,0,0,0,5,0,0,10,0,0,0,0,12,7,10,2,3,0,8,0,7,4,5,4,5
0,0,0,0,0,0,0,0,3,0,1,8,0,7,0,0,4,0,0,1,0,0,2,0,1,12,0,1,4,0,0,5,0,17,0,0,7,6,0,2,0,3,2,0,7,1,0,0,0,0,0,1,13,1,4,5,2,0,30,10,3,5,8,0
0,0,0,0,0,0,0,0,0,0,0,1,3,5,0,2,5,0,3,9,0,0,3,5,0,2,18,7,0,10,4,0,0,0,0,11,0,6,0,0,0,0,5,0,0,10,0,7,0,0,12,7,10,2,3,7,8,0,7,4,5,4,5,0
0,0,0,0,0,0,0,0,0,0,0,0,3,0,4,2,0,0,0,7,8,0,6,2,0,0,2,7,12,0,16,0,0,0,0,0,0,0,12,0,0,0,0,5,0,4,5,2,0,0,0,13,4,3,7,1,0,6,0,3,7,6,6,0
1,0,0,0,0,0,0,0,5,0,1,20,8,1,2,0,0,2,0,0,0,0,1,0,7,16,0,0,4,1,0,4,0,14,8,15,3,0,0,0,0,0,0,0,7,10,0,12,1,0,14,5,4,3,4,3,2,2,9,5,5,7,3,4
0,0,0,0,0,0,0,0,0,0,0,3,0,4,2,5,0,0,7,8,0,6,2,0,0,2,7,12,0,16,0,2,0,0,0,0,0,12,0,4,0,0,5,0,4,5,2,9,0,0,13,4,3,7,1,3,6,0,3,7,6,6,0,3
0,0,0,0,1,3,5,0,0,5,0,3,9,0,0,3,0,0,2,18,7,0,10,4,0,0,0,0,11,0,6,0,0,0,0,5,0,0,10,0,0,0,0,12,7,10,2,3,0,8,0,7,4,5,4,5,0,9,5,9,9,5,9,2
3,0,1,8,0,7,0,0,4,0,0,1,0,0,2,0,1,12,0,1,4,0,0,5,0,17,0,0,7,6,0,2,0,3,2,0,7,1,0,0,0,0,0,1,13,1,4,5,2,0,30,10,3,5,8,0,3,7,11,7,4,10,1,14
0,0,0,1,3,5,0,2,5,0,3,9,0,0,3,5,0,2,18,7,0,10,4,0,0,0,0,11,0,6,0,0,0,0,5,0,0,10,0,7,0,0,12,7,10,2,3,7,8,0,7,4,5,4,5,0,9,5,9,9,5,9,2,8
0,0,0,0,0,0,0,0,0,0,0,0,0,0,0,0,0,0,0,0,1,7,1,4,0,0,0,1,0,11,0,3,0,1,3,0,1,0,0,6,0,0,3,0,1,8,0,11,0,1,0,0,0,6,4,5,0,2,3,6,7,7,6,3
0,0,0,0,0,0,0,0,0,0,0,0,0,1,0,0,1,2,0,0,6,0,7,13,0,0,1,1,0,2,6,3,2,0,1,0,0,1,3,0,1,1,1,12,0,0,12,0,1,1,0,2,4,7,3,2,2,0,1,9,7,6,0,7
0,0,0,0,0,0,0,0,0,0,0,0,0,0,0,0,0,0,0,1,7,1,4,0,0,0,1,0,11,0,3,16,1,3,0,1,0,0,6,5,0,3,0,1,8,0,11,0,1,0,0,0,6,4,5,0,2,3,6,7,7,6,3,0
0,0,0,0,0,0,0,1,0,0,0,0,0,6,0,0,0,0,0,0,0,9,0,4,0,5,1,0,0,0,0,11,0,0,10,1,2,0,0,12,0,1,0,0,1,1,12,3,0,2,1,2,7,9,6,0,0,4,1,15,4,6,4,9
0,0,0,0,0,0,1,2,1,0,0,0,0,0,2,4,1,0,0,0,8,7,6,6,2,0,1,0,0,1,5,3,1,0,1,1,2,4,2,4,1,2,0,1,0,3,6,0,1,0,3,8,7,7,5,0,2,1,1,11,6,5,6,0
0,0,0,0,0,0,1,1,0,0,0,0,6,0,0,0,0,0,0,0,9,0,4,10,5,1,0,0,0,0,11,6,0,10,1,2,0,0,12,0,1,0,0,1,1,12,3,0,2,1,2,7,9,6,0,0,4,1,15,4,6,4,9,5
0,0,0,0,0,0,0,0,0,0,0,0,1,7,1,4,0,0,0,1,0,11,0,3,0,1,3,0,1,0,0,6,0,0,3,0,1,8,0,11,0,1,0,0,0,6,4,5,0,2,3,6,7,7,6,3,0,4,11,15,11,12,6,3
0,0,0,0,0,1,0,0,1,2,0,0,6,0,7,13,0,0,1,1,0,2,6,3,2,0,1,0,0,1,3,0,1,1,1,12,0,0,12,0,1,1,0,2,4,7,3,2,2,0,1,9,7,6,0,7,0,9,8,12,16,0,14,0
0,0,0,0,0,0,0,0,0,0,0,1,7,1,4,0,0,0,1,0,11,0,3,16,1,3,0,1,0,0,6,5,0,3,0,1,8,0,11,0,1,0,0,0,6,4,5,0,2,3,6,7,7,6,3,0,4,11,15,11,12,6,3,11
0,0,0,0,0,0,0,0,0,8,7,5,5,10,13,17,0,7,4,4,9,0,0,9,0,0,0,0,0,3,1,2,0,0,8,0,1,0,4,0,0,0,0,0,2,7,6,0,0,0,0,0,0,1,0,0,0,0,0,1,0,0,0,0
0,0,0,0,0,0,0,0,10,7,7,5,8,14,14,13,5,12,7,7,3,0,3,0,0,0,0,0,0,0,1,10,0,0,0,0,0,0,2,0,0,1,0,6,0,0,4,0,0,0,0,0,0,0,0,0,0,0,0,0,0,0,0,0
0,0,0,0,0,0,0,0,8,7,5,5,10,13,17,15,7,4,4,9,0,0,9,12,0,0,0,0,3,1,2,6,0,8,0,1,0,4,0,11,0,0,0,2,7,6,0,3,0,0,0,0,1,0,0,1,0,0,1,0,0,0,0,0
0,1,0,1,0,1,2,1,0,10,6,0,11,7,4,2,0,4,0,0,0,3,2,5,0,0,8,0,0,0,4,0,0,0,0,0,6,0,8,2,0,0,0,0,0,0,7,0,0,0,0,6,0,0,0,0,0,0,0,0,0,0,0,0
6,1,0,1,0,1,1,0,6,8,5,3,13,0,5,7,3,0,2,0,1,0,3,1,0,0,0,0,0,0,2,5,0,0,0,0,3,0,4,2,0,0,0,0,1,3,0,6,0,0,0,1,0,0,0,0,0,0,0,0,0,0,0,0
1,0,1,0,1,2,1,5,10,6,0,11,7,4,2,11,4,0,0,0,3,2,5,10,0,8,0,0,0,4,0,14,0,0,0,6,0,8,2,9,0,0,0,0,0,7,0,15,0,0,6,0,0,0,0,0,0,0,0,0,0,0,0,0
0,8,7,5,5,10,13,17,0,7,4,4,9,0,0,9,0,0,0,0,0,3,1,2,0,0,8,0,1,0,4,0,0,0,0,0,2,7,6,0,0,0,0,0,0,1,0,0,0,0,0,1,0,0,0,0,0,0,0,3,0,0,1,0
10,7,7,5,8,14,14,13,5,12,7,7,3,0,3,0,0,0,0,0,0,0,1,10,0,0,0,0,0,0,2,0,0,1,0,6,0,0,4,0,0,0,0,0,0,0,0,0,0,0,0,0,0,0,0,0,0,0,7,0,0,0,0,0
8,7,5,5,10,13,17,15,7,4,4,9,0,0,9,12,0,0,0,0,3,1,2,6,0,8,0,1,0,4,0,11,0,0,0,2,7,6,0,3,0,0,0,0,1,0,0,1,0,0,1,0,0,0,0,0,0,0,3,0,0,1,0,8
0,0,0,0,0,0,0,0,0,1,0,0,1,0,0,0,0,0,1,0,0,0,0,0,0,0,0,0,0,0,4,0,0,1,0,0,1,0,0,0,0,1,1,1,0,0,0,0,0,0,5,15,0,0,0,0,0,0,0,0,0,0,0,0
0,0,0,0,0,0,0,0,0,0,0,0,0,0,0,0,0,0,0,0,0,0,0,0,0,1,0,0,0,0,0,0,1,12,0,0,1,0,0,0,0,9,3,1,0,0,0,0,0,4,0,0,0,0,0,0,0,0,13,0,0,0,0,0
0,0,0,0,0,0,0,0,1,0,0,1,0,0,0,0,0,1,0,0,0,0,0,0,0,0,0,0,0,4,0,0,1,0,0,1,0,0,0,0,1,1,1,0,0,0,0,0,0,5,15,0,0,0,0,0,0,0,0,0,0,0,0,0
0,1,0,0,0,0,0,0,0,0,0,0,0,0,0,0,0,0,0,0,0,0,0,0,0,1,0,5,9,0,0,0,0,2,0,0,0,0,0,0,0,1,7,1,0,0,0,0,0,1,0,0,0,0,0,0,0,0,0,0,0,0,0,0
1,0,1,0,1,0,1,0,0,0,0,0,0,0,0,0,4,3,0,0,0,0,0,0,1,10,0,0,0,0,0,0,0,14,0,4,0,0,0,0,1,9,3,0,6,0,0,0,0,0,6,0,0,0,0,0,0,0,0,0,0,0,0,0
1,0,0,0,0,0,0,0,0,0,0,0,0,0,0,0,0,0,0,0,0,0,0,0,1,0,5,9,0,0,0,0,2,0,0,0,0,0,0,0,1,7,1,0,0,0,0,0,1,0,0,0,0,0,0,0,0,0,0,0,0,0,0,0
0,1,0,0,1,0,0,0,0,0,1,0,0,0,0,0,0,0,0,0,0,0,4,0,0,1,0,0,1,0,0,0,0,1,1,1,0,0,0,0,0,0,5,15,0,0,0,0,0,0,0,0,0,0,0,0,0,0,0,0,0,0,0,0
0,0,0,0,0,0,0,0,0,0,0,0,0,0,0,0,0,1,0,0,0,0,0,0,1,12,0,0,1,0,0,0,0,9,3,1,0,0,0,0,0,4,0,0,0,0,0,0,0,0,13,0,0,0,0,0,0,0,0,0,0,0,0,0
1,0,0,1,0,0,0,0,0,1,0,0,0,0,0,0,0,0,0,0,0,4,0,0,1,0,0,1,0,0,0,0,1,1,1,0,0,0,0,0,0,5,15,0,0,0,0,0,0,0,0,0,0,0,0,0,0,0,0,0,0,0,0,0
0,0,0,0,0,0,0,0,0,6,5,4,7,5,5,8,0,5,9,12,2,10,9,7,0,0,11,3,2,6,7,7,0,0,6,0,8,9,3,8,0,0,0,0,1,5,1,8,0,0,0,4,0,0,0,0,0,0,0,3,0,0,0,0
0,0,0,0,0,0,0,0,2,6,5,3,6,6,7,10,0,15,9,7,0,9,5,9,3,3,0,7,0,0,6,8,0,0,9,1,6,4,4,11,0,6,4,1,0,4,1,9,0,2,3,0,3,0,2,0,0,0,0,0,0,0,0,1
0,0,0,0,0,0,0,0,6,5,4,7,5,5,8,11,5,9,12,2,10,9,7,17,0,11,3,2,6,7,7,15,0,6,0,8,9,3,8,12,0,0,0,1,5,1,8,8,0,0,4,0,0,0,0,0,0,0,3,0,0,0,0,2
0,9,8,9,6,8,11,11,0,8,10,2,11,5,0,8,0,0,12,1,8,14,2,6,0,0,10,5,4,9,5,6,0,0,1,0,8,4,5,9,0,0,7,1,0,0,0,9,0,1,2,13,0,0,0,0,0,0,0,1,0,0,0,1
8,8,10,10,7,8,11,11,2,12,9,2,8,1,3,10,0,0,0,0,3,4,1,12,2,0,9,3,2,1,3,6,0,5,4,1,6,6,11,12,0,2,1,0,9,0,1,6,0,3,3,0,0,0,0,0,0,0,11,0,0,0,0,1
9,8,9,6,8,11,11,11,8,10,2,11,5,0,8,15,0,12,1,8,14,2,6,12,0,10,5,4,9,5,6,12,0,1,0,8,4,5,9,9,0,7,1,0,0,0,9,5,1,2,13,0,0,0,0,1,0,0,1,0,0,0,1,1
0,6,5,4,7,5,5,8,0,5,9,12,2,10,9,7,0,0,11,3,2,6,7,7,0,0,6,0,8,9,3,8,0,0,0,0,1,5,1,8,0,0,0,4,0,0,0,0,0,0,0,3,0,0,0,0,0,0,0,0,0,0,0,0
2,6,5,3,6,6,7,10,0,15,9,7,0,9,5,9,3,3,0,7,0,0,6,8,0,0,9,1,6,4,4,11,0,6,4,1,0,4,1,9,0,2,3,0,3,0,2,0,0,0,0,0,0,0,0,1,0,0,0,0,1,0,0,0
6,5,4,7,5,5,8,11,5,9,12,2,10,9,7,17,0,11,3,2,6,7,7,15,0,6,0,8,9,3,8,12,0,0,0,1,5,1,8,8,0,0,4,0,0,0,0,0,0,0,3,0,0,0,0,2,0,0,0,0,0,0,0,0
0,0,0,0,0,0,0,0,0,7,7,9,6,6,7,8,0,10,7,7,2,8,3,1,0,6,3,0,3,11,2,0,0,5,6,16,0,7,2,1,0,0,5,3,5,0,10,7,0,0,13,1,1,4,2,6,0,4,0,2,5,5,5,7
0,0,0,0,0,0,0,0,1,6,7,4,6,9,6,7,2,8,6,5,0,1,0,14,0,1,4,1,3,0,5,2,0,1,4,1,0,0,1,1,2,1,1,0,1,2,13,2,5,0,2,2,3,7,4,3,1,11,1,2,4,4,5,1
0,0,0,0,0,0,0,0,7,7,9,6,6,7,8,2,10,7,7,2,8,3,1,0,6,3,0,3,11,2,0,1,5,6,16,0,7,2,1,0,0,5,3,5,0,10,7,1,0,13,1,1,4,2,6,1,4,0,2,5,5,5,7,1
0,2,2,4,2,3,4,4,0,8,7,7,4,11,1,4,0,6,9,0,1,3,2,0,0,11,2,0,1,5,2,6,0,2,9,0,5,0,1,7,0,1,9,4,0,6,11,5,0,5,0,4,5,5,5,3,0,0,12,3,5,6,5,3
5,2,3,2,2,2,4,5,2,7,6,0,6,2,1,11,0,0,10,6,1,2,5,4,0,1,6,5,0,0,1,2,0,1,0,0,4,2,0,7,8,2,3,4,0,11,5,7,0,0,1,1,5,4,4,1,1,6,1,6,7,5,6,3
2,2,4,2,3,4,4,5,8,7,7,4,11,1,4,1,6,9,0,1,3,2,0,4,11,2,0,1,5,2,6,0,2,9,0,5,0,1,7,1,1,9,4,0,6,11,5,7,5,0,4,5,5,5,3,1,0,12,3,5,6,5,3,7
0,7,7,9,6,6,7,8,0,10,7,7,2,8,3,1,0,6,3,0,3,11,2,0,0,5,6,16,0,7,2,1,0,0,5,3,5,0,10,7,0,0,13,1,1,4,2,6,0,4,0,2,5,5,5,7,0,5,7,5,6,5,4,0
1,6,7,4,6,9,6,7,2,8,6,5,0,1,0,14,0,1,4,1,3,0,5,2,0,1,4,1,0,0,1,1,2,1,1,0,1,2,13,2,5,0,2,2,3,7,4,3,1,11,1,2,4,4,5,1,0,3,5,7,5,1,7,1
7,7,9,6,6,7,8,2,10,7,7,2,8,3,1,0,6,3,0,3,11,2,0,1,5,6,16,0,7,2,1,0,0,5,3,5,0,10,7,1,0,13,1,1,4,2,6,1,4,0,2,5,5,5,7,1,5,7,5,6,5,4,0,1
0,0,0,0,0,0,0,0,0,0,0,0,0,0,0,0,0,1,0,0,2,0,1,0,0,0,0,0,0,0,0,1,0,0,2,0,0,0,1,0,0,0,1,1,0,0,0,0,0,0,0,0,0,3,1,0,0,0,0,2,1,1,0,0
0,0,0,0,0,0,0,0,1,0,0,0,0,0,0,0,1,1,0,2,1,0,2,0,0,1,0,0,1,0,1,1,0,1,2,0,1,0,0,0,0,0,1,2,4,1,1,1,0,0,0,0,1,0,0,0,0,0,1,2,1,0,0,0
0,0,0,0,0,0,0,0,0,0,0,0,0,0,0,0,1,0,0,2,0,1,0,0,0,0,0,0,0,0,1,0,0,2,0,0,0,1,0,0,0,1,1,0,0,0,0,0,0,0,0,0,3,1,0,0,0,0,2,1,1,0,0,0
0,0,0,0,0,0,0,0,0,0,0,0,1,0,1,0,0,1,0,0,1,0,0,1,0,0,1,0,0,0,0,0,0,0,3,0,1,0,2,0,0,0,0,0,0,2,1,0,0,0,0,1,2,0,0,0,0,0,0,3,1,1,1,0
5,0,0,0,0,0,0,0,0,0,0,1,0,1,1,0,1,0,0,0,1,0,1,0,0,0,0,0,0,0,1,1,0,2,1,0,1,1,0,0,0,0,0,1,0,2,0,1,0,0,0,4,1,0,0,1,1,0,3,1,1,0,1,0
0,0,0,0,0,0,0,0,0,0,0,1,0,1,0,0,1,0,0,1,0,0,1,0,0,1,0,0,0,0,0,0,0,3,0,1,0,2,0,0,0,0,0,0,2,1,0,0,0,0,1,2,0,0,0,0,0,0,3,1,1,1,0,0
0,0,0,0,0,0,0,0,0,1,0,0,2,0,1,0,0,0,0,0,0,0,0,1,0,0,2,0,0,0,1,0,0,0,1,1,0,0,0,0,0,0,0,0,0,3,1,0,0,0,0,2,1,1,0,0,0,1,3,0,2,1,2,1
1,0,0,0,0,0,0,0,1,1,0,2,1,0,2,0,0,1,0,0,1,0,1,1,0,1,2,0,1,0,0,0,0,0,1,2,4,1,1,1,0,0,0,0,1,0,0,0,0,0,1,2,1,0,0,0,0,1,2,2,1,2,0,1
0,0,0,0,0,0,0,0,1,0,0,2,0,1,0,0,0,0,0,0,0,0,1,0,0,2,0,0,0,1,0,0,0,1,1,0,0,0,0,0,0,0,0,0,3,1,0,0,0,0,2,1,1,0,0,0,1,3,0,2,1,2,1,1
0,0,0,0,0,0,0,0,0,0,0,0,0,0,0,0,0,0,0,0,0,0,0,0,0,0,0,0,0,0,0,0,0,0,0,0,0,0,0,0,0,0,0,0,0,0,0,0,0,0,0,0,0,0,0,0,0,0,0,0,0,0,0,0
0,0,0,0,0,0,0,0,0,0,0,0,0,0,0,0,0,0,0,0,0,0,0,0,0,0,3,0,0,0,0,0,0,0,0,0,0,0,0,0,0,0,0,0,0,0,0,0,0,0,0,0,0,0,0,0,0,0,0,0,0,0,0,0
0,0,0,0,0,0,0,0,0,0,0,0,0,0,0,0,0,0,0,0,0,0,0,0,0,0,0,0,0,0,0,0,0,0,0,0,0,0,0,0,0,0,0,0,0,0,0,0,0,0,0,0,0,0,0,0,0,0,0,0,0,0,0,0
0,0,0,0,0,0,0,0,0,0,0,0,0,0,0,0,0,0,0,0,0,0,0,0,0,0,0,0,0,0,0,0,0,0,0,0,0,0,0,0,0,0,0,0,0,0,0,0,0,1,0,0,0,0,0,0,0,0,0,0,0,0,0,0
0,0,0,0,0,0,0,0,0,0,0,0,0,0,0,0,0,0,0,0,0,0,0,0,0,0,3,0,0,0,0,0,0,0,0,0,0,5,0,0,1,0,0,0,0,0,0,0,0,0,0,0,0,0,0,0,0,0,0,0,0,0,0,0
0,0,0,0,0,0,0,0,0,0,0,0,0,0,0,0,0,0,0,0,0,0,0,0,0,0,0,0,0,0,0,0,0,0,0,0,0,0,0,0,0,0,0,0,0,0,0,0,1,0,0,0,0,0,0,0,0,0,0,0,0,0,0,0
0,0,0,0,0,0,0,0,0,0,0,0,0,0,0,0,0,0,0,0,0,0,0,0,0,0,0,0,0,0,0,0,0,0,0,0,0,0,0,0,0,0,0,0,0,0,0,0,0,0,0,0,0,0,0,0,0,1,2,2,2,1,1,2
0,0,0,0,0,0,0,0,0,0,0,0,0,0,0,0,0,0,3,0,0,0,0,0,0,0,0,0,0,0,0,0,0,0,0,0,0,0,0,0,0,0,0,0,0,0,0,0,0,0,0,0,0,0,0,0,1,2,2,2,1,1,2,0
0,0,0,0,0,0,0,0,0,0,0,0,0,0,0,0,0,0,0,0,0,0,0,0,0,0,0,0,0,0,0,0,0,0,0,0,0,0,0,0,0,0,0,0,0,0,0,0,0,0,0,0,0,0,0,0,1,2,2,2,1,1,2,0
0,0,0,0,0,0,0,0,0,0,0,2,0,0,1,0,0,0,0,4,1,0,3,1,0,1,0,3,1,3,1,2,0,0,0,1,4,7,1,0,0,6,0,0,2,6,4,0,0,1,9,3,3,0,1,0,0,1,0,0,0,1,1,3
0,0,0,0,0,0,0,0,0,0,2,0,2,1,1,0,0,1,0,0,0,1,3,0,0,0,3,1,1,0,1,0,4,0,2,0,0,0,5,0,0,6,1,1,0,1,4,0,2,0,6,1,2,0,0,0,2,2,6,1,1,0,2,3
0,0,0,0,0,0,0,0,0,0,2,0,0,1,0,2,0,0,4,1,0,3,1,1,1,0,3,1,3,1,2,2,0,0,1,4,7,1,0,6,6,0,0,2,6,4,0,4,1,9,3,3,0,1,0,0,1,0,0,0,1,1,3,1
0,7,4,7,5,8,5,2,0,1,0,1,2,0,1,0,0,0,1,1,1,0,0,1,0,1,0,2,0,4,1,3,0,4,0,0,4,0,0,2,0,0,5,1,1,0,1,0,0,2,1,16,0,0,0,0,0,2,0,8,0,0,1,0
0,5,5,6,7,5,5,5,0,0,0,1,0,0,1,0,0,2,0,1,5,0,1,0,2,0,6,1,1,1,1,1,2,0,0,7,1,5,4,0,0,5,0,1,4,2,0,0,3,2,11,5,0,0,0,0,1,1,4,0,0,1,4,1
7,4,7,5,8,5,2,10,1,0,1,2,0,1,0,2,0,1,1,1,0,0,1,9,1,0,2,0,4,1,3,1,4,0,0,4,0,0,2,4,0,5,1,1,0,1,0,1,2,1,16,0,0,0,0,2,2,0,8,0,0,1,0,7
0,0,0,2,0,0,1,0,0,0,0,4,1,0,3,1,0,1,0,3,1,3,1,2,0,0,0,1,4,7,1,0,0,6,0,0,2,6,4,0,0,1,9,3,3,0,1,0,0,1,0,0,0,1,1,3,0,2,0,4,4,4,3,4
0,0,2,0,2,1,1,0,0,1,0,0,0,1,3,0,0,0,3,1,1,0,1,0,4,0,2,0,0,0,5,0,0,6,1,1,0,1,4,0,2,0,6,1,2,0,0,0,2,2,6,1,1,0,2,3,2,4,0,0,7,1,3,6
0,0,2,0,0,1,0,2,0,0,4,1,0,3,1,1,1,0,3,1,3,1,2,2,0,0,1,4,7,1,0,6,6,0,0,2,6,4,0,4,1,9,3,3,0,1,0,0,1,0,0,0,1,1,3,1,2,0,4,4,4,3,4,1
0,0,0,0,0,0,0,0,0,15,16,13,18,22,19,23,0,17,15,15,11,7,7,21,0,6,13,13,5,13,14,12,0,5,8,0,2,3,15,10,0,10,2,10,1,11,16,3,0,3,7,28,3,9,8,8,0,14,4,10,9,8,8,5
0,0,0,0,0,0,0,0,12,19,18,12,23,20,23,21,12,16,13,12,9,5,11,17,10,12,2,5,9,2,12,20,14,20,13,14,10,7,14,10,9,14,3,11,8,20,14,7,6,14,13,7,13,13,9,7,3,9,17,7,9,6,6,3
0,0,0,0,0,0,0,0,15,16,13,18,22,19,23,14,17,15,15,11,7,7,21,13,6,13,13,5,13,14,12,8,5,8,0,2,3,15,10,5,10,2,10,1,11,16,3,10,3,7,28,3,9,8,8,3,14,4,10,9,8,8,5,5
0,12,13,12,14,15,18,18,0,20,17,7,21,12,7,18,0,1,13,5,12,14,12,17,0,7,11,8,20,3,10,10,0,9,1,4,11,1,21,13,0,12,17,1,5,10,13,8,0,11,5,15,8,9,6,5,0,12,1,11,6,4,8,3
13,14,13,13,15,17,19,19,12,18,13,25,25,3,13,20,8,2,10,0,8,7,10,17,12,10,9,0,4,7,13,10,13,26,14,1,7,14,21,10,3,10,20,2,20,15,5,18,13,5,30,10,11,6,8,6,6,12,19,10,5,6,7,9
12,13,12,14,15,18,18,14,20,17,7,21,12,7,18,12,1,13,5,12,14,12,17,15,7,11,8,20,3,10,10,9,9,1,4,11,1,21,13,3,12,17,1,5,10,13,8,17,11,5,15,8,9,6,5,3,12,1,11,6,4,8,3,11
0,15,16,13,18,22,19,23,0,17,15,15,11,7,7,21,0,6,13,13,5,13,14,12,0,5,8,0,2,3,15,10,0,10,2,10,1,11,16,3,0,3,7,28,3,9,8,8,0,14,4,10,9,8,8,5,0,14,11,10,10,6,9,3
12,19,18,12,23,20,23,21,12,16,13,12,9,5,11,17,10,12,2,5,9,2,12,20,14,20,13,14,10,7,14,10,9,14,3,11,8,20,14,7,6,14,13,7,13,13,9,7,3,9,17,7,9,6,6,3,2,10,11,11,10,8,2,15
15,16,13,18,22,19,23,14,17,15,15,11,7,7,21,13,6,13,13,5,13,14,12,8,5,8,0,2,3,15,10,5,10,2,10,1,11,16,3,10,3,7,28,3,9,8,8,3,14,4,10,9,8,8,5,5,14,11,10,10,6,9,3,16
0,0,0,0,0,0,0,0,0,1,1,2,1,1,2,2,0,1,2,0,1,2,0,2,0,1,0,1,0,1,0,2,0,2,1,2,1,0,1,1,0,2,1,2,0,1,2,2,0,2,2,2,2,1,1,1,0,1,2,3,1,1,1,1
0,0,0,0,0,0,0,0,0,1,1,1,1,1,2,2,0,2,1,0,1,0,1,3,0,1,3,0,1,1,1,3,0,1,0,1,1,1,0,1,0,4,1,0,1,1,2,0,0,0,1,1,2,1,1,1,0,2,1,0,1,1,1,0
0,0,0,0,0,0,0,0,1,1,2,1,1,2,2,1,1,2,0,1,2,0,2,1,1,0,1,0,1,0,2,2,2,1,2,1,0,1,1,1,2,1,2,0,1,2,2,0,2,2,2,2,1,1,1,1,1,2,3,1,1,1,1,0
0,1,0,1,1,0,1,0,0,1,0,1,1,2,1,2,0,2,1,0,0,1,0,2,0,3,0,0,1,1,0,1,0,1,1,1,2,0,1,2,0,2,1,0,1,1,3,2,0,1,0,3,0,0,2,0,0,1,2,0,0,1,1,2
0,0,0,0,0,1,1,0,0,1,1,0,1,1,1,2,0,0,2,0,0,0,0,3,0,1,2,1,1,1,0,2,0,2,0,1,1,1,1,2,0,3,1,1,1,1,2,1,1,0,2,2,1,1,1,0,0,2,3,0,0,1,0,3
1,0,1,1,0,1,0,0,1,0,1,1,2,1,2,1,2,1,0,0,1,0,2,2,3,0,0,1,1,0,1,1,1,1,1,2,0,1,2,0,2,1,0,1,1,3,2,1,1,0,3,0,0,2,0,0,1,2,0,0,1,1,2,1
0,1,1,2,1,1,2,2,0,1,2,0,1,2,0,2,0,1,0,1,0,1,0,2,0,2,1,2,1,0,1,1,0,2,1,2,0,1,2,2,0,2,2,2,2,1,1,1,0,1,2,3,1,1,1,1,0,1,0,0,0,1,0,1
0,1,1,1,1,1,2,2,0,2,1,0,1,0,1,3,0,1,3,0,1,1,1,3,0,1,0,1,1,1,0,1,0,4,1,0,1,1,2,0,0,0,1,1,2,1,1,1,0,2,1,0,1,1,1,0,0,1,1,0,0,0,1,1
1,1,2,1,1,2,2,1,1,2,0,1,2,0,2,1,1,0,1,0,1,0,2,2,2,1,2,1,0,1,1,1,2,1,2,0,1,2,2,0,2,2,2,2,1,1,1,1,1,2,3,1,1,1,1,0,1,0,0,0,1,0,1,2
0,0,0,0,0,0,0,0,0,8,8,5,5,0,0,0,0,0,12,6,0,4,3,0,0,0,5,0,4,3,5,0,0,1,0,0,0,1,1,0,0,2,0,7,0,1,1,6,0,1,1,0,1,0,3,3,0,2,2,1,1,5,1,1
0,0,0,0,0,0,0,0,12,9,11,9,1,0,0,2,3,0,8,0,3,0,0,2,1,10,1,2,5,0,0,1,1,6,2,0,1,0,0,1,1,5,0,0,5,0,3,10,1,1,1,0,1,0,2,1,0,2,2,1,3,4,0,2
0,0,0,0,0,0,0,0,8,8,5,5,0,0,0,4,0,12,6,0,4,3,0,5,0,5,0,4,3,5,0,9,1,0,0,0,1,1,0,4,2,0,7,0,1,1,6,11,1,1,0,1,0,3,3,1,2,2,1,1,5,1,1,1
0,14,15,15,17,14,10,13,0,1,9,4,0,0,0,1,0,3,9,9,4,1,4,0,0,0,9,4,10,1,3,0,0,1,1,0,1,0,2,1,0,2,3,8,0,2,1,4,0,4,0,3,4,0,5,1,0,0,3,0,0,3,0,3
18,17,16,15,15,13,12,12,10,5,9,8,0,0,2,1,1,9,1,1,1,0,2,3,0,5,1,1,2,0,0,1,1,2,1,2,0,0,0,5,2,2,1,7,4,0,7,1,0,1,1,0,4,3,8,5,0,0,0,0,3,2,1,1
14,15,15,17,14,10,13,11,1,9,4,0,0,0,1,7,3,9,9,4,1,4,0,2,0,9,4,10,1,3,0,7,1,1,0,1,0,2,1,10,2,3,8,0,2,1,4,1,4,0,3,4,0,5,1,5,0,3,0,0,3,0,3,2
0,8,8,5,5,0,0,0,0,0,12,6,0,4,3,0,0,0,5,0,4,3,5,0,0,1,0,0,0,1,1,0,0,2,0,7,0,1,1,6,0,1,1,0,1,0,3,3,0,2,2,1,1,5,1,1,0,0,0,1,0,0,2,0
12,9,11,9,1,0,0,2,3,0,8,0,3,0,0,2,1,10,1,2,5,0,0,1,1,6,2,0,1,0,0,1,1,5,0,0,5,0,3,10,1,1,1,0,1,0,2,1,0,2,2,1,3,4,0,2,0,3,0,1,0,0,0,1
8,8,5,5,0,0,0,4,0,12,6,0,4,3,0,5,0,5,0,4,3,5,0,9,1,0,0,0,1,1,0,4,2,0,7,0,1,1,6,11,1,1,0,1,0,3,3,1,2,2,1,1,5,1,1,1,0,0,1,0,0,2,0,1
0,0,0,0,0,0,0,0,0,1,2,2,2,1,2,1,0,2,3,6,2,2,1,3,0,2,1,8,1,3,1,2,0,2,3,3,4,3,1,2,0,3,4,1,3,1,3,3,0,1,2,9,0,3,2,2,0,2,6,2,4,3,3,3
0,0,0,0,0,0,0,0,2,1,2,2,1,1,1,0,2,2,4,3,2,2,2,1,2,2,0,1,4,1,2,3,2,2,2,8,1,2,1,1,3,2,2,4,1,1,3,1,5,6,1,7,2,2,3,2,12,1,16,1,3,3,3,2
0,0,0,0,0,0,0,0,1,2,2,2,1,2,1,1,2,3,6,2,2,1,3,1,2,1,8,1,3,1,2,2,2,3,3,4,3,1,2,2,3,4,1,3,1,3,3,1,1,2,9,0,3,2,2,1,2,6,2,4,3,3,3,4
0,0,1,1,2,1,1,1,0,1,2,3,2,3,2,2,0,3,2,3,1,3,1,3,0,2,3,4,2,2,1,2,0,2,2,4,2,3,1,2,0,5,2,3,0,1,2,2,0,2,3,3,4,3,4,3,0,2,4,2,2,3,3,2
1,1,1,1,1,1,1,1,2,3,3,2,2,2,2,1,2,1,2,1,4,2,2,2,2,1,1,3,2,2,2,2,2,2,1,4,1,2,2,2,1,7,2,3,1,2,2,0,8,2,13,1,3,3,3,2,12,2,2,2,2,3,3,3
0,1,1,2,1,1,1,1,1,2,3,2,3,2,2,2,3,2,3,1,3,1,3,1,2,3,4,2,2,1,2,2,2,2,4,2,3,1,2,1,5,2,3,0,1,2,2,1,2,3,3,4,3,4,3,1,2,4,2,2,3,3,2,1
0,1,2,2,2,1,2,1,0,2,3,6,2,2,1,3,0,2,1,8,1,3,1,2,0,2,3,3,4,3,1,2,0,3,4,1,3,1,3,3,0,1,2,9,0,3,2,2,0,2,6,2,4,3,3,3,0,1,1,2,1,2,1,9
2,1,2,2,1,1,1,0,2,2,4,3,2,2,2,1,2,2,0,1,4,1,2,3,2,2,2,8,1,2,1,1,3,2,2,4,1,1,3,1,5,6,1,7,2,2,3,2,12,1,16,1,3,3,3,2,12,2,2,1,2,1,2,3
1,2,2,2,1,2,1,1,2,3,6,2,2,1,3,1,2,1,8,1,3,1,2,2,2,3,3,4,3,1,2,2,3,4,1,3,1,3,3,1,1,2,9,0,3,2,2,1,2,6,2,4,3,3,3,4,1,1,2,1,2,1,9,0
0,0,0,0,0,0,0,0,0,1,1,0,1,2,1,1,0,2,2,1,2,3,2,3,0,1,2,1,0,3,1,0,0,1,2,2,2,1,2,1,0,0,3,2,4,1,3,3,0,1,2,1,2,2,1,2,0,1,2,5,2,1,1,3
0,0,0,0,0,0,0,0,1,2,1,1,1,1,1,1,1,2,1,1,2,1,2,3,1,1,2,1,0,2,2,2,2,3,2,2,0,2,2,1,1,0,2,3,3,3,2,1,1,1,2,4,1,2,2,2,1,8,1,3,1,1,1,4
0,0,0,0,0,0,0,0,1,1,0,1,2,1,1,1,2,2,1,2,3,2,3,2,1,2,1,0,3,1,0,3,1,2,2,2,1,2,1,2,0,3,2,4,1,3,3,1,1,2,1,2,2,1,2,2,1,2,5,2,1,1,3,1
0,2,1,1,1,1,2,2,0,2,2,2,2,2,2,3,0,1,1,2,1,2,1,2,0,1,2,1,1,1,1,0,0,0,4,2,3,2,2,2,0,0,1,3,3,1,2,1,0,1,4,2,2,2,1,2,0,1,1,2,0,1,0,7
0,1,1,1,1,2,2,1,1,3,1,2,1,2,3,2,1,1,1,1,0,2,1,3,2,2,2,1,1,1,1,1,2,1,3,1,3,4,2,2,0,1,3,4,1,1,2,2,2,2,1,4,3,1,2,2,1,4,3,0,0,0,1,0
2,1,1,1,1,2,2,1,2,2,2,2,2,2,3,2,1,1,2,1,2,1,2,3,1,2,1,1,1,1,0,2,0,4,2,3,2,2,2,1,0,1,3,3,1,2,1,2,1,4,2,2,2,1,2,1,1,1,2,0,1,0,7,1
0,1,1,0,1,2,1,1,0,2,2,1,2,3,2,3,0,1,2,1,0,3,1,0,0,1,2,2,2,1,2,1,0,0,3,2,4,1,3,3,0,1,2,1,2,2,1,2,0,1,2,5,2,1,1,3,0,0,0,0,0,1,0,0
1,2,1,1,1,1,1,1,1,2,1,1,2,1,2,3,1,1,2,1,0,2,2,2,2,3,2,2,0,2,2,1,1,0,2,3,3,3,2,1,1,1,2,4,1,2,2,2,1,8,1,3,1,1,1,4,0,0,1,0,0,0,3,0
1,1,0,1,2,1,1,1,2,2,1,2,3,2,3,2,1,2,1,0,3,1,0,3,1,2,2,2,1,2,1,2,0,3,2,4,1,3,3,1,1,2,1,2,2,1,2,2,1,2,5,2,1,1,3,1,0,0,0,0,1,0,0,0
0,0,0,0,0,0,0,0,0,0,0,0,0,0,0,0,0,6,0,0,0,0,0,12,0,0,0,1,0,7,0,3,0,0,0,1,0,3,0,1,0,1,0,0,0,0,1,0,0,1,7,0,0,8,3,4,0,12,0,0,7,4,1,4
0,0,0,0,0,0,0,0,1,0,0,0,0,0,0,0,1,0,0,0,7,0,0,0,1,0,0,0,7,0,7,11,1,0,0,2,0,0,5,0,3,0,0,0,0,0,9,0,1,0,2,0,1,6,4,4,0,0,1,7,5,4,2,1
0,0,0,0,0,0,0,0,0,0,0,0,0,0,0,0,6,0,0,0,0,0,12,0,0,0,1,0,7,0,3,4,0,0,1,0,3,0,1,0,1,0,0,0,0,1,0,0,1,7,0,0,8,3,4,6,12,0,0,7,4,1,4,0
0,0,0,0,0,0,0,0,0,0,0,0,0,2,2,0,0,5,0,0,0,8,0,9,0,0,0,0,0,3,0,1,0,0,0,0,0,2,0,1,0,2,0,8,0,4,16,0,0,3,0,0,6,9,5,4,0,7,0,3,4,3,4,0
1,0,0,0,0,0,0,0,0,0,0,0,1,0,4,0,1,0,0,0,6,0,7,9,1,0,0,1,0,0,11,0,2,0,0,0,0,0,9,0,2,0,0,0,0,7,8,0,4,0,3,1,7,5,4,7,1,6,0,0,6,3,3,0
0,0,0,0,0,0,0,5,0,0,0,0,2,2,0,0,5,0,0,0,8,0,9,0,0,0,0,0,3,0,1,6,0,0,0,0,2,0,1,0,2,0,8,0,4,16,0,0,3,0,0,6,9,5,4,0,7,0,3,4,3,4,0,5
0,0,0,0,0,0,0,0,0,6,0,0,0,0,0,12,0,0,0,1,0,7,0,3,0,0,0,1,0,3,0,1,0,1,0,0,0,0,1,0,0,1,7,0,0,8,3,4,0,12,0,0,7,4,1,4,0,3,7,9,8,0,6,0
1,0,0,0,0,0,0,0,1,0,0,0,7,0,0,0,1,0,0,0,7,0,7,11,1,0,0,2,0,0,5,0,3,0,0,0,0,0,9,0,1,0,2,0,1,6,4,4,0,0,1,7,5,4,2,1,1,5,10,9,6,2,0,0
0,0,0,0,0,0,0,0,6,0,0,0,0,0,12,0,0,0,1,0,7,0,3,4,0,0,1,0,3,0,1,0,1,0,0,0,0,1,0,0,1,7,0,0,8,3,4,6,12,0,0,7,4,1,4,0,3,7,9,8,0,6,0,14
0,0,0,0,0,0,0,0,0,0,1,0,1,1,1,0,0,0,0,0,0,0,0,0,0,8,1,11,2,0,0,0,0,3,0,8,6,0,0,0,0,16,1,0,3,0,0,0,0,10,18,11,1,0,0,0,0,0,8,0,0,0,0,1
0,0,0,0,0,0,0,0,3,2,0,2,0,1,0,0,1,0,1,1,0,2,0,0,0,0,11,6,0,1,0,0,0,1,0,9,0,2,0,0,3,15,6,0,1,0,0,3,1,8,21,3,0,0,1,0,0,1,16,0,0,0,0,5
0,0,0,0,0,0,0,0,0,1,0,1,1,1,0,1,0,0,0,0,0,0,0,0,8,1,11,2,0,0,0,0,3,0,8,6,0,0,0,0,16,1,0,3,0,0,0,0,10,18,11,1,0,0,0,0,0,8,0,0,0,0,1,3
0,0,0,0,0,0,0,0,0,0,0,11,0,0,1,0,0,0,0,1,0,0,0,0,0,5,0,3,11,1,0,0,0,8,0,0,0,0,0,0,0,15,5,1,9,0,0,0,0,0,25,4,0,0,0,1,0,0,0,0,0,0,0,7
0,0,0,0,0,0,0,0,2,3,1,2,0,3,0,0,3,0,5,0,0,2,0,0,0,0,0,14,0,0,0,0,4,3,0,0,0,0,0,0,4,9,14,0,12,0,0,0,0,0,8,0,0,0,0,4,0,0,5,0,0,0,0,0
0,0,0,0,0,0,0,1,0,0,11,0,0,1,0,0,0,0,1,0,0,0,0,0,5,0,3,11,1,0,0,0,8,0,0,0,0,0,0,0,15,5,1,9,0,0,0,0,0,25,4,0,0,0,1,3,0,0,0,0,0,0,7,1
0,0,1,0,1,1,1,0,0,0,0,0,0,0,0,0,0,8,1,11,2,0,0,0,0,3,0,8,6,0,0,0,0,16,1,0,3,0,0,0,0,10,18,11,1,0,0,0,0,0,8,0,0,0,0,1,0,4,0,0,0,3,0,8
3,2,0,2,0,1,0,0,1,0,1,1,0,2,0,0,0,0,11,6,0,1,0,0,0,1,0,9,0,2,0,0,3,15,6,0,1,0,0,3,1,8,21,3,0,0,1,0,0,1,16,0,0,0,0,5,2,0,0,0,0,3,3,6
0,1,0,1,1,1,0,1,0,0,0,0,0,0,0,0,8,1,11,2,0,0,0,0,3,0,8,6,0,0,0,0,16,1,0,3,0,0,0,0,10,18,11,1,0,0,0,0,0,8,0,0,0,0,1,3,4,0,0,0,3,0,8,0
0,0,0,0,0,0,0,0,0,1,1,1,0,1,2,2,0,2,2,1,3,2,2,2,0,8,2,0,2,0,2,2,0,10,1,11,0,1,1,2,0,8,0,4,3,2,0,1,0,11,13,1,1,1,1,5,0,0,26,0,2,1,3,1
0,0,0,0,0,0,0,0,1,1,1,1,1,1,2,1,2,2,2,2,2,1,2,2,4,1,14,2,1,3,2,1,4,2,3,6,0,0,2,1,16,1,2,0,1,1,1,0,10,3,25,1,1,1,1,3,9,2,0,1,2,1,1,6
0,0,0,0,0,0,0,0,1,1,1,0,1,2,2,0,2,2,1,3,2,2,2,0,8,2,0,2,0,2,2,1,10,1,11,0,1,1,2,0,8,0,4,3,2,0,1,0,11,13,1,1,1,1,5,1,0,26,0,2,1,3,1,6
0,0,0,0,0,0,0,0,0,2,1,0,2,1,1,2,0,4,1,1,1,1,2,2,0,5,1,0,1,0,2,2,0,10,1,0,0,1,0,1,0,9,0,5,16,1,0,1,0,3,21,0,4,1,2,2,0,0,22,1,1,1,1,8
0,0,0,0,0,0,0,0,2,1,1,2,2,2,2,1,4,2,0,4,1,2,2,1,2,1,1,12,1,6,2,1,13,2,3,0,1,2,0,1,14,4,5,6,1,2,1,2,5,2,8,3,1,1,3,2,10,0,0,0,1,2,1,8
0,0,0,0,0,0,0,0,2,1,0,2,1,1,2,0,4,1,1,1,1,2,2,0,5,1,0,1,0,2,2,0,10,1,0,0,1,0,1,1,9,0,5,16,1,0,1,1,3,21,0,4,1,2,2,3,0,22,1,1,1,1,8,0
0,1,1,1,0,1,2,2,0,2,2,1,3,2,2,2,0,8,2,0,2,0,2,2,0,10,1,11,0,1,1,2,0,8,0,4,3,2,0,1,0,11,13,1,1,1,1,5,0,0,26,0,2,1,3,1,0,3,3,1,3,7,2,15
1,1,1,1,1,1,2,1,2,2,2,2,2,1,2,2,4,1,14,2,1,3,2,1,4,2,3,6,0,0,2,1,16,1,2,0,1,1,1,0,10,3,25,1,1,1,1,3,9,2,0,1,2,1,1,6,13,1,2,3,3,6,6,6
1,1,1,0,1,2,2,0,2,2,1,3,2,2,2,0,8,2,0,2,0,2,2,1,10,1,11,0,1,1,2,0,8,0,4,3,2,0,1,0,11,13,1,1,1,1,5,1,0,26,0,2,1,3,1,6,3,3,1,3,7,2,15,0
0,0,0,0,0,0,0,0,0,0,0,0,0,0,0,0,0,6,0,3,4,0,0,2,0,0,0,0,3,0,4,0,0,0,0,0,0,6,0,0,0,0,0,6,0,0,5,0,0,0,0,0,0,3,0,0,0,9,1,4,1,0,0,0
0,0,0,0,0,0,0,0,0,0,0,0,0,0,0,0,0,0,0,0,0,0,0,0,0,0,0,0,0,0,0,6,0,2,0,0,0,0,0,0,0,0,0,0,7,0,4,0,0,0,0,0,0,0,0,0,0,0,0,0,0,0,0,0
0,0,0,0,0,0,0,0,0,0,0,0,0,0,0,2,6,0,3,4,0,0,2,0,0,0,0,3,0,4,0,7,0,0,0,0,6,0,0,5,0,0,6,0,0,5,0,4,0,0,0,0,3,0,0,0,9,1,4,1,0,0,0,1
0,1,3,3,3,3,1,0,0,0,0,0,1,0,0,0,0,3,0,3,0,1,0,0,0,0,0,0,0,0,3,0,0,0,0,0,0,0,0,0,0,0,0,11,0,0,3,0,0,6,0,0,0,0,0,0,0,4,0,0,0,0,0,0
0,3,5,3,3,3,0,1,0,0,0,1,0,0,0,0,0,0,0,0,2,0,0,4,0,0,6,0,0,0,0,0,0,0,0,0,1,0,0,0,0,0,0,0,0,6,3,0,0,0,0,0,0,0,0,0,0,3,0,0,0,0,0,0
1,3,3,3,3,1,0,10,0,0,0,1,0,0,0,0,3,0,3,0,1,0,0,0,0,0,0,0,0,3,0,8,0,0,0,0,0,0,0,6,0,0,11,0,0,3,0,6,6,0,0,0,0,0,0,6,4,0,0,0,0,0,0,14
0,0,0,0,0,0,0,0,0,6,0,3,4,0,0,2,0,0,0,0,3,0,4,0,0,0,0,0,0,6,0,0,0,0,0,6,0,0,5,0,0,0,0,0,0,3,0,0,0,9,1,4,1,0,0,0,0,0,1,0,0,0,2,0
0,0,0,0,0,0,0,0,0,0,0,0,0,0,0,0,0,0,0,0,0,0,0,6,0,2,0,0,0,0,0,0,0,0,0,0,7,0,4,0,0,0,0,0,0,0,0,0,0,0,0,0,0,0,0,0,0,1,2,1,0,0,0,0
0,0,0,0,0,0,0,2,6,0,3,4,0,0,2,0,0,0,0,3,0,4,0,7,0,0,0,0,6,0,0,5,0,0,6,0,0,5,0,4,0,0,0,0,3,0,0,0,9,1,4,1,0,0,0,1,0,1,0,0,0,2,0,8
0,0,0,0,0,0,0,0,0,2,2,2,2,3,2,3,0,2,3,3,4,4,2,4,0,3,2,5,3,2,2,4,0,3,3,4,2,3,2,3,0,1,2,4,2,1,3,4,0,4,6,3,5,4,4,2,0,3,5,4,3,2,3,3
0,0,0,0,0,0,0,0,2,2,2,2,3,2,2,2,3,3,4,2,3,2,3,4,5,3,4,2,3,2,4,3,6,3,2,1,2,2,3,3,4,3,5,3,1,2,4,3,4,4,1,3,10,3,3,2,1,5,3,1,3,3,4,3
0,0,0,0,0,0,0,0,2,2,2,2,3,2,3,2,2,3,3,4,4,2,4,0,3,2,5,3,2,2,4,1,3,3,4,2,3,2,3,0,1,2,4,2,1,3,4,0,4,6,3,5,4,4,2,1,3,5,4,3,2,3,3,2
0,3,4,3,3,4,3,4,0,3,3,3,3,3,2,4,0,3,2,3,3,3,3,4,0,2,4,4,2,3,2,4,0,1,1,5,3,3,3,4,0,3,1,2,2,4,4,3,0,4,7,2,3,3,3,3,0,3,4,2,2,2,3,2
4,4,5,5,5,2,3,5,2,3,3,3,3,3,2,2,2,3,3,3,3,3,3,4,9,3,3,1,3,2,4,4,5,3,3,3,2,3,3,2,4,4,2,3,2,3,5,3,3,6,1,1,3,3,3,3,2,4,4,2,2,2,2,1
3,4,3,3,4,3,4,6,3,3,3,3,3,2,4,1,3,2,3,3,3,3,4,1,2,4,4,2,3,2,4,0,1,1,5,3,3,3,4,1,3,1,2,2,4,4,3,2,4,7,2,3,3,3,3,1,3,4,2,2,2,3,2,0
0,2,2,2,2,3,2,3,0,2,3,3,4,4,2,4,0,3,2,5,3,2,2,4,0,3,3,4,2,3,2,3,0,1,2,4,2,1,3,4,0,4,6,3,5,4,4,2,0,3,5,4,3,2,3,3,0,1,0,0,1,1,0,1
2,2,2,2,3,2,2,2,3,3,4,2,3,2,3,4,5,3,4,2,3,2,4,3,6,3,2,1,2,2,3,3,4,3,5,3,1,2,4,3,4,4,1,3,10,3,3,2,1,5,3,1,3,3,4,3,0,1,1,0,1,1,1,0
2,2,2,2,3,2,3,2,2,3,3,4,4,2,4,0,3,2,5,3,2,2,4,1,3,3,4,2,3,2,3,0,1,2,4,2,1,3,4,0,4,6,3,5,4,4,2,1,3,5,4,3,2,3,3,2,1,0,0,1,1,0,1,1
0,0,0,0,0,0,0,0,0,4,3,3,4,3,3,5,0,4,4,4,3,6,2,5,0,10,4,4,4,5,3,4,0,14,3,7,5,3,3,4,0,6,3,5,3,4,5,8,0,3,8,7,4,5,4,4,0,8,14,6,3,3,4,6
0,0,0,0,0,0,0,0,3,3,3,3,3,3,5,3,2,5,4,4,4,7,4,6,2,4,4,5,3,25,5,5,12,4,3,3,2,3,3,3,11,4,4,3,3,4,4,2,4,3,7,4,4,5,4,2,2,17,7,4,3,3,3,14
0,0,0,0,0,0,0,0,4,3,3,4,3,3,5,2,4,4,4,3,6,2,5,3,10,4,4,4,5,3,4,6,14,3,7,5,3,3,4,2,6,3,5,3,4,5,8,2,3,8,7,4,5,4,4,1,8,14,6,3,3,4,6,3
0,2,1,1,1,2,2,2,0,5,3,4,4,4,4,5,0,4,4,3,3,4,2,4,0,16,4,2,5,5,3,5,0,7,3,14,4,2,4,4,0,5,7,4,9,5,4,8,0,12,9,6,4,4,3,3,0,5,15,5,2,5,2,15
1,1,1,2,2,2,3,2,2,4,3,3,4,3,4,4,4,7,7,10,3,4,5,5,2,3,4,5,3,11,3,3,14,5,3,2,2,4,4,2,3,4,17,14,3,4,9,3,5,5,8,4,4,5,5,6,2,13,5,4,2,3,6,4
2,1,1,1,2,2,2,1,5,3,4,4,4,4,5,3,4,4,3,3,4,2,4,4,16,4,2,5,5,3,5,2,7,3,14,4,2,4,4,2,5,7,4,9,5,4,8,2,12,9,6,4,4,3,3,9,5,15,5,2,5,2,15,4
0,4,3,3,4,3,3,5,0,4,4,4,3,6,2,5,0,10,4,4,4,5,3,4,0,14,3,7,5,3,3,4,0,6,3,5,3,4,5,8,0,3,8,7,4,5,4,4,0,8,14,6,3,3,4,6,0,6,8,5,5,11,4,10
3,3,3,3,3,3,5,3,2,5,4,4,4,7,4,6,2,4,4,5,3,25,5,5,12,4,3,3,2,3,3,3,11,4,4,3,3,4,4,2,4,3,7,4,4,5,4,2,2,17,7,4,3,3,3,14,1,9,1,9,7,2,17,2
4,3,3,4,3,3,5,2,4,4,4,3,6,2,5,3,10,4,4,4,5,3,4,6,14,3,7,5,3,3,4,2,6,3,5,3,4,5,8,2,3,8,7,4,5,4,4,1,8,14,6,3,3,4,6,3,6,8,5,5,11,4,10,5
0,0,0,0,0,0,0,0,0,10,10,11,11,10,9,6,0,9,8,14,13,6,4,9,0,22,7,8,5,3,11,8,0,24,9,16,4,3,12,5,0,14,0,14,15,2,9,4,0,21,18,2,9,11,9,9,0,3,47,22,7,8,6,6
0,0,0,0,0,0,0,0,1,9,8,7,10,11,6,8,1,8,11,13,12,11,6,8,13,14,14,12,4,16,4,13,17,10,5,22,4,14,4,9,19,9,2,15,5,13,9,8,1,17,18,2,13,13,7,8,7,8,19,12,9,8,6,8
0,0,0,0,0,0,0,0,10,10,11,11,10,9,6,6,9,8,14,13,6,4,9,7,22,7,8,5,3,11,8,4,24,9,16,4,3,12,5,4,14,0,14,15,2,9,4,8,21,18,2,9,11,9,9,5,3,47,22,7,8,6,6,2
0,3,4,5,4,6,5,4,0,8,10,12,8,12,9,6,0,8,10,6,11,7,10,11,0,18,4,12,6,3,14,5,0,13,5,16,12,4,13,3,0,14,2,7,20,12,18,14,0,10,28,27,10,8,9,8,0,2,15,11,8,7,6,8
0,3,5,3,5,6,3,6,1,9,9,7,8,6,6,10,10,14,24,12,8,4,8,10,18,5,8,18,3,18,5,12,18,16,7,10,10,4,3,4,7,8,24,16,10,13,10,15,5,20,24,9,10,7,10,8,12,2,20,5,7,6,5,11
3,4,5,4,6,5,4,6,8,10,12,8,12,9,6,6,8,10,6,11,7,10,11,9,18,4,12,6,3,14,5,8,13,5,16,12,4,13,3,6,14,2,7,20,12,18,14,12,10,28,27,10,8,9,8,5,2,15,11,8,7,6,8,1
0,10,10,11,11,10,9,6,0,9,8,14,13,6,4,9,0,22,7,8,5,3,11,8,0,24,9,16,4,3,12,5,0,14,0,14,15,2,9,4,0,21,18,2,9,11,9,9,0,3,47,22,7,8,6,6,0,1,5,5,4,3,6,6
1,9,8,7,10,11,6,8,1,8,11,13,12,11,6,8,13,14,14,12,4,16,4,13,17,10,5,22,4,14,4,9,19,9,2,15,5,13,9,8,1,17,18,2,13,13,7,8,7,8,19,12,9,8,6,8,4,2,12,4,1,6,3,9
10,10,11,11,10,9,6,6,9,8,14,13,6,4,9,7,22,7,8,5,3,11,8,4,24,9,16,4,3,12,5,4,14,0,14,15,2,9,4,8,21,18,2,9,11,9,9,5,3,47,22,7,8,6,6,2,1,5,5,4,3,6,6,3
0,0,0,0,0,0,0,0,0,7,7,14,7,2,2,5,0,1,7,7,14,2,6,14,0,6,12,16,9,1,13,14,0,2,8,2,7,3,8,9,0,11,4,10,6,7,3,2,0,7,8,35,9,16,11,11,0,2,2,11,10,13,9,11
0,0,0,0,0,0,0,0,0,6,6,7,5,7,2,7,2,4,11,5,12,11,12,2,6,13,4,16,14,4,9,19,10,17,6,11,9,3,11,11,0,20,15,3,11,7,5,8,2,17,9,16,12,11,18,12,24,2,21,13,13,12,11,9
0,0,0,0,0,0,0,0,7,7,14,7,2,2,5,11,1,7,7,14,2,6,14,8,6,12,16,9,1,13,14,4,2,8,2,7,3,8,9,10,11,4,10,6,7,3,2,7,7,8,35,9,16,11,11,11,2,2,11,10,13,9,11,7
0,5,8,6,6,7,3,5,0,2,8,2,3,6,15,1,0,2,8,12,14,7,12,16,0,2,10,5,18,1,8,9,0,4,3,4,5,3,14,5,0,14,9,21,2,4,15,6,0,2,5,27,6,13,14,8,0,11,0,15,12,9,11,11
0,5,7,6,8,5,5,5,0,5,6,11,6,10,11,2,14,10,14,9,11,6,8,10,13,7,3,4,14,3,8,17,2,30,11,7,6,2,10,7,0,18,20,2,21,7,11,6,16,8,29,11,8,12,9,12,23,5,18,10,10,10,9,10
5,8,6,6,7,3,5,6,2,8,2,3,6,15,1,8,2,8,12,14,7,12,16,5,2,10,5,18,1,8,9,14,4,3,4,5,3,14,5,9,14,9,21,2,4,15,6,1,2,5,27,6,13,14,8,8,11,0,15,12,9,11,11,5
0,7,7,14,7,2,2,5,0,1,7,7,14,2,6,14,0,6,12,16,9,1,13,14,0,2,8,2,7,3,8,9,0,11,4,10,6,7,3,2,0,7,8,35,9,16,11,11,0,2,2,11,10,13,9,11,0,10,3,11,10,10,9,7
0,6,6,7,5,7,2,7,2,4,11,5,12,11,12,2,6,13,4,16,14,4,9,19,10,17,6,11,9,3,11,11,0,20,15,3,11,7,5,8,2,17,9,16,12,11,18,12,24,2,21,13,13,12,11,9,18,11,10,8,13,12,2,19
7,7,14,7,2,2,5,11,1,7,7,14,2,6,14,8,6,12,16,9,1,13,14,4,2,8,2,7,3,8,9,10,11,4,10,6,7,3,2,7,7,8,35,9,16,11,11,11,2,2,11,10,13,9,11,7,10,3,11,10,10,9,7,13
0,0,0,0,0,0,0,0,0,2,2,1,0,1,13,6,0,11,0,0,17,7,11,20,0,0,7,0,5,17,6,16,0,0,6,0,0,0,8,7,0,11,0,11,0,5,17,12,0,0,0,12,0,13,10,9,0,9,8,7,10,10,6,7
0,0,0,0,0,0,0,0,6,0,2,4,0,9,9,8,6,8,2,6,18,3,11,14,4,6,3,3,18,2,10,25,6,0,0,19,0,6,14,11,9,12,0,0,5,0,20,7,0,3,39,0,4,17,9,8,15,7,6,12,11,9,5,0
0,0,0,0,0,0,0,0,2,2,1,0,1,13,6,15,11,0,0,17,7,11,20,11,0,7,0,5,17,6,16,22,0,6,0,0,0,8,7,16,11,0,11,0,5,17,12,7,0,0,12,0,13,10,9,9,9,8,7,10,10,6,7,5
0,3,5,5,3,5,7,6,0,0,2,0,4,11,12,14,0,5,0,12,10,9,6,23,0,0,7,0,10,0,10,14,0,10,6,0,4,0,4,8,0,11,0,11,8,11,22,5,0,4,0,7,15,14,9,7,0,11,4,16,10,9,9,0
10,6,6,5,5,6,5,9,3,1,3,0,6,6,18,11,0,10,0,0,16,2,14,20,6,0,0,5,9,17,14,19,6,6,5,2,9,0,13,15,1,12,0,1,1,16,12,3,10,0,23,14,14,10,6,7,18,9,6,9,11,10,9,11
3,5,5,3,5,7,6,13,0,2,0,4,11,12,14,13,5,0,12,10,9,6,23,16,0,7,0,10,0,10,14,21,10,6,0,4,0,4,8,10,11,0,11,8,11,22,5,5,4,0,7,15,14,9,7,6,11,4,16,10,9,9,0,12
0,2,2,1,0,1,13,6,0,11,0,0,17,7,11,20,0,0,7,0,5,17,6,16,0,0,6,0,0,0,8,7,0,11,0,11,0,5,17,12,0,0,0,12,0,13,10,9,0,9,8,7,10,10,6,7,0,12,15,21,18,9,13,7
6,0,2,4,0,9,9,8,6,8,2,6,18,3,11,14,4,6,3,3,18,2,10,25,6,0,0,19,0,6,14,11,9,12,0,0,5,0,20,7,0,3,39,0,4,17,9,8,15,7,6,12,11,9,5,0,16,12,21,19,12,13,1,14
2,2,1,0,1,13,6,15,11,0,0,17,7,11,20,11,0,7,0,5,17,6,16,22,0,6,0,0,0,8,7,16,11,0,11,0,5,17,12,7,0,0,12,0,13,10,9,9,9,8,7,10,10,6,7,5,12,15,21,18,9,13,7,18
0,0,0,0,0,0,0,0,0,18,17,12,15,13,23,20,0,21,18,17,12,25,13,29,0,15,10,40,12,33,8,21,0,30,21,14,21,14,12,22,0,44,18,12,11,14,20,29,0,42,35,48,17,17,35,26,0,37,59,29,30,29,27,22
0,0,0,0,0,0,0,0,26,16,17,12,13,14,26,20,14,22,18,7,29,9,15,37,12,26,28,20,17,17,17,33,20,19,7,45,1,14,21,21,38,33,13,19,17,10,33,17,20,32,83,17,12,33,25,23,8,23,31,23,29,26,21,26
0,0,0,0,0,0,0,0,18,17,12,15,13,23,20,18,21,18,17,12,25,13,29,23,15,10,40,12,33,8,21,40,30,21,14,21,14,12,22,24,44,18,12,11,14,20,29,15,42,35,48,17,17,35,26,28,37,59,29,30,29,27,22,26
0,15,14,13,15,14,14,14,0,14,17,18,19,20,19,28,0,25,14,9,13,26,7,25,0,20,25,22,29,25,10,19,0,36,17,22,14,14,10,24,0,45,13,14,35,14,29,24,0,23,55,15,33,30,29,24,0,32,25,23,24,25,26,30
17,15,15,13,16,12,12,16,25,15,15,20,16,15,26,24,6,22,12,10,19,11,17,41,15,32,12,33,12,30,20,23,32,27,5,15,6,12,26,19,26,37,25,11,16,16,34,17,12,29,70,27,33,29,29,28,3,32,16,23,25,24,26,24
15,14,13,15,14,14,14,14,14,17,18,19,20,19,28,20,25,14,9,13,26,7,25,31,20,25,22,29,25,10,19,32,36,17,22,14,14,10,24,18,45,13,14,35,14,29,24,16,23,55,15,33,30,29,24,26,32,25,23,24,25,26,30,30
0,18,17,12,15,13,23,20,0,21,18,17,12,25,13,29,0,15,10,40,12,33,8,21,0,30,21,14,21,14,12,22,0,44,18,12,11,14,20,29,0,42,35,48,17,17,35,26,0,37,59,29,30,29,27,22,0,30,31,33,30,22,27,21
26,16,17,12,13,14,26,20,14,22,18,7,29,9,15,37,12,26,28,20,17,17,17,33,20,19,7,45,1,14,21,21,38,33,13,19,17,10,33,17,20,32,83,17,12,33,25,23,8,23,31,23,29,26,21,26,7,31,31,32,24,22,27,20
18,17,12,15,13,23,20,18,21,18,17,12,25,13,29,23,15,10,40,12,33,8,21,40,30,21,14,21,14,12,22,24,44,18,12,11,14,20,29,15,42,35,48,17,17,35,26,28,37,59,29,30,29,27,22,26,30,31,33,30,22,27,21,35
0,0,0,0,0,0,0,0,0,0,0,0,0,0,0,0,0,1,0,0,0,0,1,0,0,0,0,0,4,0,0,0,0,0,0,0,0,0,6,0,0,0,5,0,0,0,0,0,0,0,0,0,0,0,0,0,0,0,0,1,0,0,0,0
0,0,0,0,0,0,0,0,0,0,0,0,0,0,0,0,0,0,0,0,0,0,0,0,0,0,0,0,0,0,0,1,0,0,0,0,3,0,0,1,0,0,0,0,6,2,0,0,0,0,0,0,0,0,0,0,0,0,1,0,0,0,0,0
0,0,0,0,0,0,0,0,0,0,0,0,0,0,0,0,1,0,0,0,0,1,0,0,0,0,0,4,0,0,0,0,0,0,0,0,0,6,0,0,0,5,0,0,0,0,0,0,0,0,0,0,0,0,0,0,0,0,1,0,0,0,0,0
0,0,0,0,0,0,0,0,0,0,0,0,1,0,0,0,0,0,0,0,0,0,0,0,0,0,0,0,1,0,0,0,0,0,0,0,2,1,2,0,0,0,0,0,0,3,0,0,0,0,0,1,0,0,0,0,0,0,0,2,0,1,0,0
1,0,0,0,0,0,0,0,0,0,0,0,0,0,0,0,0,0,0,0,0,0,0,0,0,0,0,0,0,0,0,1,0,0,2,0,1,0,0,0,0,0,0,0,0,0,0,0,0,0,0,3,0,0,0,0,0,0,2,0,0,1,0,0
0,0,0,0,0,0,0,0,0,0,0,1,0,0,0,0,0,0,0,0,0,0,0,0,0,0,0,1,0,0,0,0,0,0,0,2,1,2,0,0,0,0,0,0,3,0,0,0,0,0,1,0,0,0,0,0,0,0,2,0,1,0,0,1
0,0,0,0,0,0,0,0,0,1,0,0,0,0,1,0,0,0,0,0,4,0,0,0,0,0,0,0,0,0,6,0,0,0,5,0,0,0,0,0,0,0,0,0,0,0,0,0,0,0,0,1,0,0,0,0,0,0,1,0,0,0,0,1
0,0,0,0,0,0,0,0,0,0,0,0,0,0,0,0,0,0,0,0,0,0,0,1,0,0,0,0,3,0,0,1,0,0,0,0,6,2,0,0,0,0,0,0,0,0,0,0,0,0,1,0,0,0,0,0,0,0,0,0,0,1,1,1
0,0,0,0,0,0,0,0,1,0,0,0,0,1,0,0,0,0,0,4,0,0,0,0,0,0,0,0,0,6,0,0,0,5,0,0,0,0,0,0,0,0,0,0,0,0,0,0,0,0,1,0,0,0,0,0,0,1,0,0,0,0,1,1
0,0,0,0,0,0,0,0,0,0,0,0,0,0,0,1,0,0,2,0,1,2,0,1,0,1,2,2,1,0,1,1,0,1,1,1,2,0,0,2,0,1,1,2,0,0,0,1,0,1,1,4,0,0,1,2,0,1,2,3,1,2,2,2
0,0,0,0,0,0,0,0,0,0,0,0,1,0,0,2,0,2,0,2,2,3,1,2,1,1,0,1,0,2,0,2,1,0,0,0,2,1,0,2,1,2,1,1,1,0,0,2,0,2,9,0,1,1,2,1,0,1,3,0,1,2,3,2
0,0,0,0,0,0,0,0,0,0,0,0,0,0,1,1,0,2,0,1,2,0,1,3,1,2,2,1,0,1,1,2,1,1,1,2,0,0,2,1,1,1,2,0,0,0,1,1,1,1,4,0,0,1,2,1,1,2,3,1,2,2,2,2
0,0,0,0,0,0,1,1,0,0,0,0,0,1,0,0,0,0,2,0,1,2,1,1,0,0,2,2,2,0,0,2,0,1,2,1,2,1,0,1,0,2,2,0,0,0,1,2,0,0,1,3,0,0,2,3,0,0,2,2,3,2,2,2
0,0,0,0,1,1,1,0,0,1,0,0,0,0,0,1,0,0,2,3,1,1,0,2,1,1,0,1,1,2,0,3,1,2,1,0,0,1,1,1,0,1,3,1,0,0,1,2,0,4,3,1,1,1,3,1,0,0,3,2,2,3,2,3
0,0,0,0,0,1,1,1,0,0,0,0,1,0,0,2,0,2,0,1,2,1,1,3,0,2,2,2,0,0,2,2,1,2,1,2,1,0,1,1,2,2,0,0,0,1,2,1,0,1,3,0,0,2,3,1,0,2,2,3,2,2,2,1
0,0,0,0,0,0,0,1,0,0,2,0,1,2,0,1,0,1,2,2,1,0,1,1,0,1,1,1,2,0,0,2,0,1,1,2,0,0,0,1,0,1,1,4,0,0,1,2,0,1,2,3,1,2,2,2,0,0,1,0,2,2,2,2
0,0,0,0,1,0,0,2,0,2,0,2,2,3,1,2,1,1,0,1,0,2,0,2,1,0,0,0,2,1,0,2,1,2,1,1,1,0,0,2,0,2,9,0,1,1,2,1,0,1,3,0,1,2,3,2,0,0,1,1,2,2,2,1
0,0,0,0,0,0,1,1,0,2,0,1,2,0,1,3,1,2,2,1,0,1,1,2,1,1,1,2,0,0,2,1,1,1,2,0,0,0,1,1,1,1,4,0,0,1,2,1,1,2,3,1,2,2,2,2,0,1,0,2,2,2,2,1
0,0,0,0,0,0,0,0,0,2,1,1,1,1,0,1,0,3,2,2,2,2,0,2,0,1,3,2,0,2,0,1,0,3,2,1,3,1,1,0,0,3,4,1,2,0,2,0,0,4,1,0,0,1,0,0,0,3,2,5,0,0,0,1
0,0,0,0,0,0,0,0,1,1,1,1,1,0,1,1,0,1,2,1,2,0,1,1,0,2,2,2,1,1,1,1,1,2,2,2,3,2,2,0,2,2,4,3,0,2,2,0,1,3,3,0,1,0,0,0,0,3,4,0,0,0,0,0
0,0,0,0,0,0,0,0,2,1,1,1,1,0,1,0,3,2,2,2,2,0,2,2,1,3,2,0,2,0,1,2,3,2,1,3,1,1,0,1,3,4,1,2,0,2,0,1,4,1,0,0,1,0,0,1,3,2,5,0,0,0,1,0
0,1,0,1,1,0,1,0,0,3,1,2,1,2,0,2,0,2,1,2,0,3,1,1,0,3,4,3,2,1,1,1,0,3,3,2,3,1,1,1,0,2,2,3,1,1,2,0,0,4,2,5,0,0,0,1,0,1,1,1,0,0,1,0
1,1,1,1,0,0,1,0,1,2,1,1,2,0,2,1,1,1,1,2,0,1,1,2,2,2,1,2,0,1,2,0,2,3,0,3,2,1,1,0,1,3,4,0,0,1,0,0,1,3,4,1,1,0,0,0,0,2,4,0,0,0,1,0
1,0,1,1,0,1,0,0,3,1,2,1,2,0,2,1,2,1,2,0,3,1,1,2,3,4,3,2,1,1,1,2,3,3,2,3,1,1,1,1,2,2,3,1,1,2,0,0,4,2,5,0,0,0,1,1,1,1,1,0,0,1,0,2
0,2,1,1,1,1,0,1,0,3,2,2,2,2,0,2,0,1,3,2,0,2,0,1,0,3,2,1,3,1,1,0,0,3,4,1,2,0,2,0,0,4,1,0,0,1,0,0,0,3,2,5,0,0,0,1,0,0,2,0,1,1,1,0
1,1,1,1,1,0,1,1,0,1,2,1,2,0,1,1,0,2,2,2,1,1,1,1,1,2,2,2,3,2,2,0,2,2,4,3,0,2,2,0,1,3,3,0,1,0,0,0,0,3,4,0,0,0,0,0,0,1,1,0,1,0,1,0
2,1,1,1,1,0,1,0,3,2,2,2,2,0,2,2,1,3,2,0,2,0,1,2,3,2,1,3,1,1,0,1,3,4,1,2,0,2,0,1,4,1,0,0,1,0,0,1,3,2,5,0,0,0,1,0,0,2,0,1,1,1,0,1
0,0,0,0,0,0,0,0,0,5,4,1,5,7,1,3,0,3,4,13,4,0,4,3,0,1,7,3,5,0,10,4,0,0,0,1,4,0,7,0,0,2,1,4,0,0,7,0,0,0,0,5,1,0,0,0,0,0,2,0,0,0,0,0
0,0,0,0,0,0,0,0,5,4,4,3,5,0,4,4,4,0,9,0,0,5,6,0,7,1,0,0,5,6,1,2,10,8,2,0,10,2,0,6,0,0,5,0,4,11,0,5,1,0,0,10,4,0,0,0,0,1,4,0,0,0,0,0
0,0,0,0,0,0,0,0,5,4,1,5,7,1,3,4,3,4,13,4,0,4,3,2,1,7,3,5,0,10,4,2,0,0,1,4,0,7,0,1,2,1,4,0,0,7,0,5,0,0,5,1,0,0,0,0,0,2,0,0,0,0,0,0
0,5,4,2,2,3,5,5,0,6,5,1,13,0,2,9,0,0,9,0,8,3,3,1,0,1,10,1,0,0,9,0,0,0,0,7,5,2,12,0,0,0,0,0,0,6,0,0,0,0,0,1,0,0,0,0,0,0,0,0,0,0,0,0
4,2,4,2,4,4,5,5,3,5,3,17,8,0,1,0,2,5,0,2,4,0,0,5,15,5,2,0,0,3,4,0,3,10,9,6,3,5,7,0,0,0,0,0,5,1,0,4,0,1,0,0,0,0,0,0,0,0,11,0,0,0,0,0
5,4,2,2,3,5,5,6,6,5,1,13,0,2,9,2,0,9,0,8,3,3,1,0,1,10,1,0,0,9,0,3,0,0,7,5,2,12,0,4,0,0,0,0,6,0,0,0,0,0,1,0,0,0,0,0,0,0,0,0,0,0,0,0
0,5,4,1,5,7,1,3,0,3,4,13,4,0,4,3,0,1,7,3,5,0,10,4,0,0,0,1,4,0,7,0,0,2,1,4,0,0,7,0,0,0,0,5,1,0,0,0,0,0,2,0,0,0,0,0,0,0,0,0,0,0,0,4
5,4,4,3,5,0,4,4,4,0,9,0,0,5,6,0,7,1,0,0,5,6,1,2,10,8,2,0,10,2,0,6,0,0,5,0,4,11,0,5,1,0,0,10,4,0,0,0,0,1,4,0,0,0,0,0,0,0,0,0,0,0,0,2
5,4,1,5,7,1,3,4,3,4,13,4,0,4,3,2,1,7,3,5,0,10,4,2,0,0,1,4,0,7,0,1,2,1,4,0,0,7,0,5,0,0,5,1,0,0,0,0,0,2,0,0,0,0,0,0,0,0,0,0,0,0,4,0
0,0,0,0,0,0,0,0,0,0,0,0,0,0,0,2,0,0,0,0,0,3,0,0,0,2,0,4,1,0,0,0,0,2,7,1,3,0,0,5,0,0,0,0,8,4,0,2,0,9,0,1,0,1,1,0,0,0,12,0,0,0,0,0
0,0,0,0,0,0,0,0,0,0,0,0,0,0,0,0,0,5,0,1,5,0,0,5,0,3,13,0,1,0,4,0,0,1,0,0,0,5,2,0,6,1,6,0,0,0,0,0,0,2,12,0,0,0,0,1,0,0,1,1,0,0,0,1
0,0,0,0,0,0,0,0,0,0,0,0,0,0,2,0,0,0,0,0,3,0,0,1,2,0,4,1,0,0,0,2,2,7,1,3,0,0,5,1,0,0,0,8,4,0,2,0,9,0,1,0,1,1,0,1,0,12,0,0,0,0,0,1
0,0,0,0,0,0,0,0,0,0,0,0,0,3,0,0,0,0,0,0,0,1,0,0,0,0,0,1,0,0,0,1,0,0,2,2,0,4,0,0,0,3,0,0,6,0,0,1,0,0,14,0,0,0,0,0,0,0,0,0,0,0,0,1
0,0,0,0,0,0,0,0,0,0,0,0,0,0,0,6,0,0,0,3,4,1,0,0,0,1,1,12,0,0,0,0,0,1,0,1,0,0,0,0,6,1,0,3,0,0,1,0,0,6,1,1,0,0,0,0,0,0,0,0,0,0,0,0
0,0,0,0,0,0,0,0,0,0,0,0,3,0,0,0,0,0,0,0,1,0,0,7,0,0,1,0,0,0,1,0,0,2,2,0,4,0,0,0,3,0,0,6,0,0,1,1,0,14,0,0,0,0,0,1,0,0,0,0,0,0,1,1
0,0,0,0,0,0,0,2,0,0,0,0,0,3,0,0,0,2,0,4,1,0,0,0,0,2,7,1,3,0,0,5,0,0,0,0,8,4,0,2,0,9,0,1,0,1,1,0,0,0,12,0,0,0,0,0,0,0,0,0,0,1,0,0
0,0,0,0,0,0,0,0,0,5,0,1,5,0,0,5,0,3,13,0,1,0,4,0,0,1,0,0,0,5,2,0,6,1,6,0,0,0,0,0,0,2,12,0,0,0,0,1,0,0,1,1,0,0,0,1,0,0,1,0,1,0,4,0
0,0,0,0,0,0,2,0,0,0,0,0,3,0,0,1,2,0,4,1,0,0,0,2,2,7,1,3,0,0,5,1,0,0,0,8,4,0,2,0,9,0,1,0,1,1,0,1,0,12,0,0,0,0,0,1,0,0,0,0,1,0,0,0
0,0,0,0,0,0,0,0,0,0,0,0,0,0,0,0,0,0,0,1,1,0,2,0,0,0,3,0,3,0,1,1,0,2,0,1,0,1,1,0,0,0,0,7,0,1,0,0,0,1,2,0,0,0,1,1,0,0,1,8,1,1,1,0
0,0,0,0,0,0,0,0,0,0,0,0,0,0,0,0,1,1,0,1,0,1,0,0,1,0,0,0,1,1,1,0,0,0,2,0,1,0,0,1,0,0,1,1,4,0,0,0,2,2,0,1,0,1,1,0,2,5,0,0,1,1,0,1
0,0,0,0,0,0,0,0,0,0,0,0,0,0,0,0,0,0,1,1,0,2,0,0,0,3,0,3,0,1,1,0,2,0,1,0,1,1,0,0,0,0,7,0,1,0,0,0,1,2,0,0,0,1,1,0,0,1,8,1,1,1,0,9
0,0,0,0,0,0,0,0,0,0,0,0,1,0,1,0,0,0,1,3,2,0,1,0,0,0,0,0,0,1,0,1,0,0,0,1,0,1,0,0,0,0,1,0,1,6,0,1,0,11,0,0,0,0,2,0,0,0,15,1,0,1,0,2
0,0,0,0,0,0,0,0,0,0,0,0,0,2,0,0,1,0,0,1,0,2,0,0,1,0,2,0,1,0,0,1,0,0,4,0,1,0,0,1,1,0,0,1,0,0,0,1,1,4,0,0,1,1,1,0,1,1,0,0,0,0,0,0
0,0,0,0,0,0,0,0,0,0,0,1,0,1,0,1,0,1,3,2,0,1,0,0,0,0,0,0,1,0,1,0,0,0,1,0,1,0,0,0,0,1,0,1,6,0,1,0,11,0,0,0,0,2,0,1,0,15,1,0,1,0,2,5
0,0,0,0,0,0,0,0,0,0,0,1,1,0,2,0,0,0,3,0,3,0,1,1,0,2,0,1,0,1,1,0,0,0,0,7,0,1,0,0,0,1,2,0,0,0,1,1,0,0,1,8,1,1,1,0,0,1,2,1,2,2,1,5
0,0,0,0,0,0,0,0,1,1,0,1,0,1,0,0,1,0,0,0,1,1,1,0,0,0,2,0,1,0,0,1,0,0,1,1,4,0,0,0,2,2,0,1,0,1,1,0,2,5,0,0,1,1,0,1,2,2,3,2,2,2,2,1
0,0,0,0,0,0,0,0,0,0,1,1,0,2,0,0,0,3,0,3,0,1,1,0,2,0,1,0,1,1,0,0,0,0,7,0,1,0,0,0,1,2,0,0,0,1,1,0,0,1,8,1,1,1,0,9,1,2,1,2,2,1,5,1
0,0,0,0,0,0,0,0,0,9,7,8,5,0,6,7,0,7,6,3,6,19,4,9,0,0,12,20,1,25,1,5,0,0,14,10,9,7,0,10,0,16,6,3,8,19,1,24,0,14,10,29,0,7,10,11,0,11,0,7,8,7,7,7
0,0,0,0,0,0,0,0,4,5,5,0,6,2,4,7,0,19,9,7,17,1,6,20,3,5,1,11,6,6,9,12,8,6,3,13,0,5,8,5,8,23,9,10,2,1,21,11,8,16,34,0,0,7,8,7,7,13,14,0,8,6,2,8
0,0,0,0,0,0,0,0,9,7,8,5,0,6,7,8,7,6,3,6,19,4,9,10,0,12,20,1,25,1,5,19,0,14,10,9,7,0,10,22,16,6,3,8,19,1,24,9,14,10,29,0,7,10,11,12,11,0,7,8,7,7,7,6
0,8,8,7,9,7,5,5,0,6,9,0,0,17,8,13,0,16,8,2,2,12,0,11,0,0,9,6,17,10,0,12,0,9,15,0,4,8,0,11,0,19,8,6,9,0,15,12,0,5,12,7,8,8,7,6,0,6,0,7,4,6,5,8
10,8,8,8,9,4,5,6,6,7,9,0,1,8,13,16,6,14,11,7,10,7,8,14,3,3,0,7,5,6,10,10,11,19,3,1,2,1,3,12,7,22,14,11,14,1,19,0,4,0,27,3,8,9,7,6,5,12,4,7,7,7,10,5
8,8,7,9,7,5,5,2,6,9,0,0,17,8,13,11,16,8,2,2,12,0,11,22,0,9,6,17,10,0,12,20,9,15,0,4,8,0,11,12,19,8,6,9,0,15,12,1,5,12,7,8,8,7,6,12,6,0,7,4,6,5,8,13
0,9,7,8,5,0,6,7,0,7,6,3,6,19,4,9,0,0,12,20,1,25,1,5,0,0,14,10,9,7,0,10,0,16,6,3,8,19,1,24,0,14,10,29,0,7,10,11,0,11,0,7,8,7,7,7,0,4,10,13,13,7,9,6
4,5,5,0,6,2,4,7,0,19,9,7,17,1,6,20,3,5,1,11,6,6,9,12,8,6,3,13,0,5,8,5,8,23,9,10,2,1,21,11,8,16,34,0,0,7,8,7,7,13,14,0,8,6,2,8,7,9,13,13,11,4,10,0
9,7,8,5,0,6,7,8,7,6,3,6,19,4,9,10,0,12,20,1,25,1,5,19,0,14,10,9,7,0,10,22,16,6,3,8,19,1,24,9,14,10,29,0,7,10,11,12,11,0,7,8,7,7,7,6,4,10,13,13,7,9,6,10
0,0,0,0,0,0,0,0,0,0,0,0,0,0,0,0,0,0,0,0,8,0,0,3,0,14,1,3,0,7,0,4,0,9,0,19,0,0,0,1,0,7,1,0,9,3,0,0,0,13,24,0,0,10,6,13,0,12,16,19,12,10,9,15
0,0,0,0,0,0,0,0,0,0,0,0,0,0,0,0,0,0,0,0,11,3,3,0,2,0,0,7,0,11,0,7,1,0,0,8,0,0,0,0,9,0,1,13,0,3,11,0,0,10,9,0,5,13,9,13,12,13,0,11,12,12,9,18
0,0,0,0,0,0,0,0,0,0,0,0,0,0,0,0,0,0,0,8,0,0,3,0,14,1,3,0,7,0,4,0,9,0,19,0,0,0,1,0,7,1,0,9,3,0,0,1,13,24,0,0,10,6,13,15,12,16,19,12,10,9,15,3
0,0,0,0,0,0,0,0,0,0,0,0,0,5,4,0,0,15,0,9,0,0,1,8,0,13,0,10,0,1,1,3,0,9,9,0,3,0,0,0,0,7,4,20,9,4,18,0,0,6,19,16,12,14,11,10,0,15,4,10,10,14,10,23
0,0,0,0,0,0,0,0,0,0,0,0,0,6,4,0,9,5,14,12,0,3,6,0,1,0,0,16,0,1,0,6,6,0,0,0,0,0,0,0,7,2,17,26,0,7,5,0,7,17,0,20,14,9,12,11,16,10,6,9,11,11,18,8
0,0,0,0,0,0,0,0,0,0,0,0,5,4,0,0,15,0,9,0,0,1,8,0,13,0,10,0,1,1,3,0,9,9,0,3,0,0,0,0,7,4,20,9,4,18,0,1,6,19,16,12,14,11,10,15,15,4,10,10,14,10,23,13
0,0,0,0,0,0,0,0,0,0,0,0,8,0,0,3,0,14,1,3,0,7,0,4,0,9,0,19,0,0,0,1,0,7,1,0,9,3,0,0,0,13,24,0,0,10,6,13,0,12,16,19,12,10,9,15,0,12,12,15,10,11,12,5
0,0,0,0,0,0,0,0,0,0,0,0,11,3,3,0,2,0,0,7,0,11,0,7,1,0,0,8,0,0,0,0,9,0,1,13,0,3,11,0,0,10,9,0,5,13,9,13,12,13,0,11,12,12,9,18,12,11,20,12,6,7,14,5
0,0,0,0,0,0,0,0,0,0,0,8,0,0,3,0,14,1,3,0,7,0,4,0,9,0,19,0,0,0,1,0,7,1,0,9,3,0,0,1,13,24,0,0,10,6,13,15,12,16,19,12,10,9,15,3,12,12,15,10,11,12,5,12
0,0,0,0,0,0,0,0,0,9,11,7,9,7,3,1,0,7,13,10,1,0,2,0,0,0,9,15,7,0,5,0,0,0,6,0,8,0,2,0,0,0,0,8,0,0,0,0,0,0,0,8,0,0,0,0,0,0,0,0,0,0,0,0
0,0,0,0,0,0,0,0,16,11,12,11,7,2,0,8,6,0,7,1,0,0,3,0,0,13,0,3,0,0,0,0,1,9,6,4,7,2,0,0,0,11,1,0,0,0,0,7,0,5,7,0,4,0,0,0,0,0,18,0,0,0,0,0
0,0,0,0,0,0,0,0,9,11,7,9,7,3,1,11,7,13,10,1,0,2,0,9,0,9,15,7,0,5,0,0,0,6,0,8,0,2,0,4,0,0,8,0,0,0,0,12,0,0,8,0,0,0,0,0,0,0,0,0,0,0,0,0
0,9,9,9,11,9,6,7,0,5,10,0,4,0,0,0,0,0,8,12,5,0,1,0,0,0,9,6,18,0,5,0,0,0,0,0,4,0,0,0,0,3,4,0,0,0,0,0,0,0,0,3,0,0,0,0,0,0,0,0,0,0,0,0
16,10,11,10,11,7,7,9,13,6,12,19,6,0,0,0,5,8,1,0,0,0,0,0,0,17,0,0,2,2,2,0,0,10,7,10,1,0,0,1,0,5,3,0,3,0,0,1,0,0,8,0,0,0,0,0,0,0,5,0,0,0,0,0
9,9,9,11,9,6,7,10,5,10,0,4,0,0,0,12,0,8,12,5,0,1,0,0,0,9,6,18,0,5,0,1,0,0,0,4,0,0,0,8,3,4,0,0,0,0,0,1,0,0,3,0,0,0,0,0,0,0,0,0,0,0,0,0
0,9,11,7,9,7,3,1,0,7,13,10,1,0,2,0,0,0,9,15,7,0,5,0,0,0,6,0,8,0,2,0,0,0,0,8,0,0,0,0,0,0,0,8,0,0,0,0,0,0,0,0,0,0,0,0,0,0,0,0,0,0,0,0
16,11,12,11,7,2,0,8,6,0,7,1,0,0,3,0,0,13,0,3,0,0,0,0,1,9,6,4,7,2,0,0,0,11,1,0,0,0,0,7,0,5,7,0,4,0,0,0,0,0,18,0,0,0,0,0,0,0,0,0,0,0,0,0
9,11,7,9,7,3,1,11,7,13,10,1,0,2,0,9,0,9,15,7,0,5,0,0,0,6,0,8,0,2,0,4,0,0,8,0,0,0,0,12,0,0,8,0,0,0,0,0,0,0,0,0,0,0,0,0,0,0,0,0,0,0,0,0
0,0,0,0,0,0,0,0,0,0,3,3,0,0,1,0,0,8,0,0,0,0,1,2,0,0,0,9,0,6,0,0,0,0,0,0,1,0,0,0,0,9,7,0,0,1,6,0,0,5,8,2,3,0,0,0,0,0,3,0,0,0,0,9
0,0,0,0,0,0,0,0,5,4,2,2,0,0,1,0,2,0,0,0,0,0,0,0,0,0,0,7,3,0,2,1,4,0,0,4,0,2,0,0,3,5,0,0,0,0,4,0,1,9,20,1,7,0,0,0,16,0,5,0,0,0,3,0
0,0,0,0,0,0,0,0,0,3,3,0,0,1,0,0,8,0,0,0,0,1,2,0,0,0,9,0,6,0,0,0,0,0,0,1,0,0,0,0,9,7,0,0,1,6,0,0,5,8,2,3,0,0,0,0,0,3,0,0,0,0,9,3
0,3,5,6,5,4,6,9,0,0,0,0,0,0,0,1,0,3,0,0,0,6,0,3,0,0,0,0,0,3,0,0,0,8,0,0,1,0,0,0,0,7,4,7,7,5,2,0,0,0,0,9,1,0,0,1,0,5,0,0,0,0,5,1
2,6,4,4,4,6,8,7,2,1,1,0,5,0,1,0,0,3,5,0,2,0,3,1,0,4,0,0,0,2,1,0,5,0,0,1,0,0,5,0,1,4,1,2,6,13,0,0,14,2,9,0,0,0,0,2,15,0,5,0,2,2,3,13
3,5,6,5,4,6,9,7,0,0,0,0,0,0,1,0,3,0,0,0,6,0,3,0,0,0,0,0,3,0,0,0,8,0,0,1,0,0,0,0,7,4,7,7,5,2,0,0,0,0,9,1,0,0,1,1,5,0,0,0,0,5,1,9
0,0,3,3,0,0,1,0,0,8,0,0,0,0,1,2,0,0,0,9,0,6,0,0,0,0,0,0,1,0,0,0,0,9,7,0,0,1,6,0,0,5,8,2,3,0,0,0,0,0,3,0,0,0,0,9,0,4,0,3,1,0,0,6
5,4,2,2,0,0,1,0,2,0,0,0,0,0,0,0,0,0,0,7,3,0,2,1,4,0,0,4,0,2,0,0,3,5,0,0,0,0,4,0,1,9,20,1,7,0,0,0,16,0,5,0,0,0,3,0,12,1,3,1,0,1,0,12
0,3,3,0,0,1,0,0,8,0,0,0,0,1,2,0,0,0,9,0,6,0,0,0,0,0,0,1,0,0,0,0,9,7,0,0,1,6,0,0,5,8,2,3,0,0,0,0,0,3,0,0,0,0,9,3,4,0,3,1,0,0,6,3
0,0,0,0,0,0,0,0,0,0,0,0,0,0,0,0,0,0,0,0,8,0,3,3,0,0,0,0,0,0,4,4,0,0,0,0,0,0,1,0,0,0,0,4,0,5,13,0,0,0,0,0,3,13,0,1,0,11,0,5,5,2,3,4
0,0,0,0,0,0,0,0,0,0,0,0,0,0,0,0,0,0,0,0,0,0,5,0,7,0,0,0,6,0,1,6,2,0,0,11,5,4,6,0,0,0,0,0,0,0,8,0,0,0,0,0,5,6,1,0,7,0,0,10,4,2,4,0
0,0,0,0,0,0,0,0,0,0,0,0,0,0,0,0,0,0,0,8,0,3,3,0,0,0,0,0,0,4,4,0,0,0,0,0,0,1,0,0,0,0,4,0,5,13,0,0,0,0,0,3,13,0,1,0,11,0,5,5,2,3,4,0
0,0,0,0,0,2,2,2,0,0,0,0,0,0,0,0,0,0,0,0,4,0,7,3,0,0,0,0,0,0,4,3,0,0,0,0,0,0,3,0,0,0,0,0,0,9,12,0,0,5,0,4,7,8,3,1,0,8,7,9,6,2,4,0
0,0,0,0,0,4,2,1,0,0,0,0,3,0,2,0,4,0,0,0,1,0,5,0,9,0,0,0,1,0,1,4,2,5,1,0,7,2,2,2,0,0,0,0,5,19,0,0,7,0,8,7,5,2,1,0,8,7,0,9,5,5,2,7
0,0,0,0,2,2,2,1,0,0,0,0,0,0,0,0,0,0,0,4,0,7,3,0,0,0,0,0,0,4,3,0,0,0,0,0,0,3,0,0,0,0,0,0,9,12,0,0,5,0,4,7,8,3,1,0,8,7,9,6,2,4,0,6
0,0,0,0,0,0,0,0,0,0,0,0,8,0,3,3,0,0,0,0,0,0,4,4,0,0,0,0,0,0,1,0,0,0,0,4,0,5,13,0,0,0,0,0,3,13,0,1,0,11,0,5,5,2,3,4,0,3,1,1,0,0,0,0
0,0,0,0,0,0,0,0,0,0,0,0,0,0,5,0,7,0,0,0,6,0,1,6,2,0,0,11,5,4,6,0,0,0,0,0,0,0,8,0,0,0,0,0,5,6,1,0,7,0,0,10,4,2,4,0,5,1,4,2,0,1,0,3
0,0,0,0,0,0,0,0,0,0,0,8,0,3,3,0,0,0,0,0,0,4,4,0,0,0,0,0,0,1,0,0,0,0,4,0,5,13,0,0,0,0,0,3,13,0,1,0,11,0,5,5,2,3,4,0,3,1,1,0,0,0,0,1
0,0,0,0,0,0,0,0,0,0,0,0,0,0,1,0,0,0,0,0,0,0,0,0,0,0,0,0,0,0,0,0,0,0,2,0,0,0,0,0,0,0,0,2,0,0,0,0,0,0,0,0,0,0,0,0,0,0,0,0,0,0,0,0
0,0,0,0,0,0,0,0,0,0,0,0,0,1,0,0,0,0,0,0,0,0,0,0,0,0,0,0,0,0,0,0,0,0,0,0,0,0,0,0,0,0,0,0,0,1,0,0,0,0,0,0,0,0,0,0,0,0,0,0,0,0,0,0
0,0,0,0,0,0,0,0,0,0,0,0,0,1,0,1,0,0,0,0,0,0,0,0,0,0,0,0,0,0,0,0,0,2,0,0,0,0,0,0,0,0,2,0,0,0,0,0,0,0,0,0,0,0,0,0,0,0,0,0,0,0,0,0
0,0,0,0,0,0,1,0,0,0,0,0,0,0,0,0,0,1,0,0,0,0,0,0,0,0,0,0,0,0,0,0,0,0,0,0,0,0,0,0,0,0,0,0,0,0,0,0,0,0,0,0,0,0,0,0,0,0,0,0,0,0,0,0
0,0,0,0,0,1,0,0,0,0,0,0,0,0,0,0,0,0,0,0,0,0,0,0,0,0,0,0,0,0,0,0,0,0,0,0,0,0,0,0,0,0,0,1,0,0,0,0,0,0,0,0,0,0,0,0,0,0,0,0,0,0,0,0
0,0,0,0,0,1,0,0,0,0,0,0,0,0,0,0,1,0,0,0,0,0,0,0,0,0,0,0,0,0,0,0,0,0,0,0,0,0,0,0,0,0,0,0,0,0,0,0,0,0,0,0,0,0,0,0,0,0,0,0,0,0,0,1
0,0,0,0,0,0,1,0,0,0,0,0,0,0,0,0,0,0,0,0,0,0,0,0,0,0,2,0,0,0,0,0,0,0,0,2,0,0,0,0,0,0,0,0,0,0,0,0,0,0,0,0,0,0,0,0,0,0,0,0,0,0,0,0
0,0,0,0,0,1,0,0,0,0,0,0,0,0,0,0,0,0,0,0,0,0,0,0,0,0,0,0,0,0,0,0,0,0,0,0,0,1,0,0,0,0,0,0,0,0,0,0,0,0,0,0,0,0,0,0,0,0,0,0,0,0,0,0
0,0,0,0,0,1,0,1,0,0,0,0,0,0,0,0,0,0,0,0,0,0,0,0,0,2,0,0,0,0,0,0,0,0,2,0,0,0,0,0,0,0,0,0,0,0,0,0,0,0,0,0,0,0,0,0,0,0,0,0,0,0,0,0
0,0,0,0,0,0,0,0,0,8,6,4,5,8,24,16,0,28,10,4,25,11,14,40,0,0,5,20,12,26,16,27,0,7,12,0,7,6,12,11,0,11,9,24,6,14,42,24,0,15,7,24,20,35,26,20,0,23,17,23,29,26,16,22
0,0,0,0,0,0,0,0,14,8,5,11,8,18,24,11,17,14,10,9,26,3,20,26,13,24,16,5,22,5,20,45,21,26,15,21,9,11,23,15,12,19,16,13,21,8,41,15,7,13,28,16,24,28,27,22,24,16,17,29,28,24,18,11
0,0,0,0,0,0,0,0,8,6,4,5,8,24,16,14,28,10,4,25,11,14,40,12,0,5,20,12,26,16,27,31,7,12,0,7,6,12,11,19,11,9,24,6,14,42,24,8,15,7,24,20,35,26,20,24,23,17,23,29,26,16,22,7
0,3,5,5,5,7,9,8,0,9,8,6,15,26,21,27,0,20,10,24,20,25,17,36,0,2,12,8,19,7,18,23,0,8,9,2,7,7,15,22,0,14,10,22,8,25,47,21,0,18,10,28,28,32,26,15,0,26,16,27,22,21,19,6
6,6,6,7,7,7,9,9,14,8,8,12,27,15,26,16,7,21,6,3,25,15,25,39,22,18,9,7,12,19,22,29,16,28,14,12,18,5,27,18,9,19,8,14,24,45,35,16,18,15,32,31,27,27,18,20,17,21,23,22,24,21,20,14
3,5,5,5,7,9,8,12,9,8,6,15,26,21,27,13,20,10,24,20,25,17,36,22,2,12,8,19,7,18,23,31,8,9,2,7,7,15,22,8,14,10,22,8,25,47,21,15,18,10,28,28,32,26,15,13,26,16,27,22,21,19,6,27
0,8,6,4,5,8,24,16,0,28,10,4,25,11,14,40,0,0,5,20,12,26,16,27,0,7,12,0,7,6,12,11,0,11,9,24,6,14,42,24,0,15,7,24,20,35,26,20,0,23,17,23,29,26,16,22,0,17,17,34,32,13,21,1
14,8,5,11,8,18,24,11,17,14,10,9,26,3,20,26,13,24,16,5,22,5,20,45,21,26,15,21,9,11,23,15,12,19,16,13,21,8,41,15,7,13,28,16,24,28,27,22,24,16,17,29,28,24,18,11,15,25,35,31,23,14,4,21
8,6,4,5,8,24,16,14,28,10,4,25,11,14,40,12,0,5,20,12,26,16,27,31,7,12,0,7,6,12,11,19,11,9,24,6,14,42,24,8,15,7,24,20,35,26,20,24,23,17,23,29,26,16,22,7,17,17,34,32,13,21,1,32
0,0,0,0,0,0,0,0,0,0,0,0,0,2,13,2,0,16,0,0,0,2,4,17,0,7,0,19,0,13,1,6,0,12,1,0,4,7,3,2,0,22,0,0,1,0,19,0,0,23,19,20,16,22,10,17,0,22,29,14,19,18,19,28
0,0,0,0,0,0,0,0,0,0,0,0,0,10,10,0,0,1,0,0,3,0,7,13,15,5,6,5,2,13,9,14,11,7,0,30,2,8,10,5,13,16,0,7,0,1,19,0,9,21,40,11,24,14,17,17,20,15,26,12,17,17,20,15
0,0,0,0,0,0,0,0,0,0,0,0,2,13,2,0,16,0,0,0,2,4,17,0,7,0,19,0,13,1,6,11,12,1,0,4,7,3,2,3,22,0,0,1,0,19,0,0,23,19,20,16,22,10,17,16,22,29,14,19,18,19,28,15
0,0,0,0,0,0,2,2,0,0,0,0,6,10,0,9,0,2,0,3,0,15,0,10,0,5,0,6,9,5,4,11,0,18,3,7,8,0,6,13,0,23,8,9,20,5,23,13,0,18,25,30,14,18,20,14,0,23,9,21,14,16,19,12
0,0,0,0,0,0,1,3,0,0,0,0,13,0,1,6,5,0,1,1,9,0,10,17,15,4,0,18,0,16,11,8,14,11,0,9,9,2,14,6,4,20,21,0,7,26,12,8,19,18,32,12,15,19,14,18,17,17,23,16,14,17,24,20
0,0,0,0,0,2,2,7,0,0,0,6,10,0,9,0,2,0,3,0,15,0,10,7,5,0,6,9,5,4,11,4,18,3,7,8,0,6,13,0,23,8,9,20,5,23,13,9,18,25,30,14,18,20,14,12,23,9,21,14,16,19,12,28
0,0,0,0,0,2,13,2,0,16,0,0,0,2,4,17,0,7,0,19,0,13,1,6,0,12,1,0,4,7,3,2,0,22,0,0,1,0,19,0,0,23,19,20,16,22,10,17,0,22,29,14,19,18,19,28,0,20,23,23,25,16,19,18
0,0,0,0,0,10,10,0,0,1,0,0,3,0,7,13,15,5,6,5,2,13,9,14,11,7,0,30,2,8,10,5,13,16,0,7,0,1,19,0,9,21,40,11,24,14,17,17,20,15,26,12,17,17,20,15,19,24,22,22,21,16,15,25
0,0,0,0,2,13,2,0,16,0,0,0,2,4,17,0,7,0,19,0,13,1,6,11,12,1,0,4,7,3,2,3,22,0,0,1,0,19,0,0,23,19,20,16,22,10,17,16,22,29,14,19,18,19,28,15,20,23,23,25,16,19,18,25
0,0,0,0,0,0,0,0,0,7,2,0,6,5,13,15,0,13,5,1,4,0,5,12,0,7,9,20,5,3,9,4,0,10,0,0,9,1,10,0,0,18,0,3,1,3,15,0,0,16,19,23,3,9,0,0,0,6,28,10,3,0,0,2
0,0,0,0,0,0,0,0,3,3,2,1,4,9,16,8,0,8,0,8,0,2,8,8,11,0,0,11,6,2,6,4,12,9,6,19,2,5,8,0,14,13,1,2,4,11,12,1,0,17,28,5,20,1,0,7,1,7,13,9,3,1,1,1
0,0,0,0,0,0,0,0,7,2,0,6,5,13,15,6,13,5,1,4,0,5,12,5,7,9,20,5,3,9,4,2,10,0,0,9,1,10,0,1,18,0,3,1,3,15,0,1,16,19,23,3,9,0,0,7,6,28,10,3,0,0,2,0
0,12,10,10,10,14,15,15,0,8,2,0,7,5,0,9,0,0,0,0,3,10,2,8,0,5,1,5,14,1,7,5,0,16,1,0,11,6,14,8,0,18,4,1,13,2,10,0,0,1,34,33,9,5,1,0,0,2,1,12,3,0,1,1
8,9,12,10,10,14,16,17,3,1,2,1,17,1,4,10,8,0,0,0,3,1,5,7,11,6,1,15,0,5,10,1,16,13,0,0,8,3,16,7,2,18,26,1,10,18,0,2,8,14,24,11,9,3,0,0,4,8,28,3,0,0,2,2
12,10,10,10,14,15,15,18,8,2,0,7,5,0,9,3,0,0,0,3,10,2,8,3,5,1,5,14,1,7,5,2,16,1,0,11,6,14,8,2,18,4,1,13,2,10,0,2,1,34,33,9,5,1,0,0,2,1,12,3,0,1,1,6
0,7,2,0,6,5,13,15,0,13,5,1,4,0,5,12,0,7,9,20,5,3,9,4,0,10,0,0,9,1,10,0,0,18,0,3,1,3,15,0,0,16,19,23,3,9,0,0,0,6,28,10,3,0,0,2,0,0,4,3,5,0,0,0
3,3,2,1,4,9,16,8,0,8,0,8,0,2,8,8,11,0,0,11,6,2,6,4,12,9,6,19,2,5,8,0,14,13,1,2,4,11,12,1,0,17,28,5,20,1,0,7,1,7,13,9,3,1,1,1,0,0,11,6,3,0,0,0
7,2,0,6,5,13,15,6,13,5,1,4,0,5,12,5,7,9,20,5,3,9,4,2,10,0,0,9,1,10,0,1,18,0,3,1,3,15,0,1,16,19,23,3,9,0,0,7,6,28,10,3,0,0,2,0,0,4,3,5,0,0,0,10
0,0,0,0,0,0,0,0,0,2,3,3,3,3,3,3,0,5,4,5,7,6,11,13,0,13,8,25,5,7,3,10,0,14,2,15,14,3,8,9,0,23,5,8,6,9,20,9,0,25,27,15,11,7,7,6,0,4,33,13,14,10,9,12
0,0,0,0,0,0,0,0,1,3,3,4,3,4,3,3,2,2,5,3,15,11,13,11,8,4,12,20,9,18,9,16,6,3,5,32,5,10,9,16,14,15,1,8,3,8,14,9,0,22,52,6,9,7,8,7,5,5,10,11,13,10,6,10
0,0,0,0,0,0,0,0,2,3,3,3,3,3,3,5,5,4,5,7,6,11,13,2,13,8,25,5,7,3,10,14,14,2,15,14,3,8,9,7,23,5,8,6,9,20,9,2,25,27,15,11,7,7,6,6,4,33,13,14,10,9,12,3
0,7,8,8,9,8,5,9,0,2,4,4,4,3,5,10,0,5,4,9,4,12,3,13,0,10,5,13,10,3,10,9,0,19,2,11,6,4,5,11,0,27,7,15,29,11,13,3,0,1,45,6,7,13,12,7,0,8,3,12,9,13,11,12
2,8,9,7,9,7,6,11,2,5,3,4,7,5,6,6,3,7,10,16,15,7,14,16,4,10,4,25,6,20,11,13,10,3,2,19,5,6,16,7,11,24,20,10,3,14,13,3,2,15,34,9,11,13,13,9,6,9,6,7,11,11,11,5
7,8,8,9,8,5,9,9,2,4,4,4,3,5,10,4,5,4,9,4,12,3,13,7,10,5,13,10,3,10,9,12,19,2,11,6,4,5,11,9,27,7,15,29,11,13,3,2,1,45,6,7,13,12,7,4,8,3,12,9,13,11,12,4
0,2,3,3,3,3,3,3,0,5,4,5,7,6,11,13,0,13,8,25,5,7,3,10,0,14,2,15,14,3,8,9,0,23,5,8,6,9,20,9,0,25,27,15,11,7,7,6,0,4,33,13,14,10,9,12,0,5,4,10,9,3,8,2
1,3,3,4,3,4,3,3,2,2,5,3,15,11,13,11,8,4,12,20,9,18,9,16,6,3,5,32,5,10,9,16,14,15,1,8,3,8,14,9,0,22,52,6,9,7,8,7,5,5,10,11,13,10,6,10,3,7,12,10,7,5,6,2
2,3,3,3,3,3,3,5,5,4,5,7,6,11,13,2,13,8,25,5,7,3,10,14,14,2,15,14,3,8,9,7,23,5,8,6,9,20,9,2,25,27,15,11,7,7,6,6,4,33,13,14,10,9,12,3,5,4,10,9,3,8,2,6
0,0,0,0,0,0,0,0,0,0,0,0,0,0,0,0,0,0,0,0,0,0,0,0,0,2,0,11,0,0,0,0,0,0,0,0,6,0,0,0,0,15,1,0,0,0,0,0,0,7,13,33,0,0,0,0,0,0,0,0,0,0,0,0
0,0,0,0,0,0,0,0,1,0,1,0,0,0,0,0,0,0,0,0,0,0,0,0,0,0,5,4,0,0,0,0,0,0,1,0,0,0,0,0,0,17,0,0,0,0,0,0,8,12,20,7,0,0,0,0,0,0,27,0,0,0,0,1
0,0,0,0,0,0,0,0,0,0,0,0,0,0,0,0,0,0,0,0,0,0,0,0,2,0,11,0,0,0,0,0,0,0,0,6,0,0,0,0,15,1,0,0,0,0,0,1,7,13,33,0,0,0,0,0,0,0,0,0,0,0,0,0
0,0,0,0,0,0,0,0,0,0,0,2,0,0,0,0,0,0,1,0,0,0,0,0,0,1,0,1,2,0,0,0,0,10,0,0,0,0,0,0,0,15,5,0,0,0,0,0,0,0,13,5,0,0,0,0,0,0,0,0,0,0,0,0
0,0,1,1,0,0,0,0,0,0,0,0,0,0,0,0,0,0,0,0,1,0,0,0,0,0,0,9,0,0,0,0,1,4,0,1,0,0,0,0,1,15,9,1,5,0,0,0,0,0,30,0,0,0,0,0,0,0,0,0,0,0,0,0
0,0,0,0,0,0,0,0,0,0,2,0,0,0,0,0,0,1,0,0,0,0,0,0,1,0,1,2,0,0,0,0,10,0,0,0,0,0,0,0,15,5,0,0,0,0,0,0,0,13,5,0,0,0,0,0,0,0,0,0,0,0,0,0
0,0,0,0,0,0,0,0,0,0,0,0,0,0,0,0,0,2,0,11,0,0,0,0,0,0,0,0,6,0,0,0,0,15,1,0,0,0,0,0,0,7,13,33,0,0,0,0,0,0,0,0,0,0,0,0,0,0,0,0,0,0,0,5
1,0,1,0,0,0,0,0,0,0,0,0,0,0,0,0,0,0,5,4,0,0,0,0,0,0,1,0,0,0,0,0,0,17,0,0,0,0,0,0,8,12,20,7,0,0,0,0,0,0,27,0,0,0,0,1,0,0,0,0,0,0,0,0
0,0,0,0,0,0,0,0,0,0,0,0,0,0,0,0,2,0,11,0,0,0,0,0,0,0,0,6,0,0,0,0,15,1,0,0,0,0,0,1,7,13,33,0,0,0,0,0,0,0,0,0,0,0,0,0,0,0,0,0,0,0,5,0
0,0,0,0,0,0,0,0,0,2,2,2,2,2,2,2,0,2,3,3,2,1,1,2,0,2,3,3,1,1,2,1,0,3,6,1,3,2,1,2,0,4,3,2,2,1,3,2,0,5,2,2,2,2,1,1,0,2,4,3,2,1,2,2
0,0,0,0,0,0,0,0,1,2,2,2,2,2,2,2,1,2,3,0,2,2,1,2,2,3,3,2,2,3,2,2,2,4,4,4,2,3,1,1,1,6,1,2,2,1,3,2,1,5,9,4,2,1,1,0,0,2,3,3,1,1,2,0
0,0,0,0,0,0,0,0,2,2,2,2,2,2,2,2,2,3,3,2,1,1,2,0,2,3,3,1,1,2,1,1,3,6,1,3,2,1,2,1,4,3,2,2,1,3,2,2,5,2,2,2,2,1,1,2,2,4,3,2,1,2,2,1
0,2,2,2,2,1,2,2,0,1,2,1,1,1,0,1,0,2,2,4,2,2,1,1,0,3,2,3,3,2,1,2,0,3,4,3,3,3,1,3,0,4,3,4,3,3,2,2,0,2,4,2,0,2,2,2,0,2,3,3,2,2,2,1
1,2,2,2,2,1,2,2,1,2,2,2,2,0,1,2,1,2,2,2,1,1,1,2,1,4,3,4,2,2,2,1,4,4,2,3,2,2,2,2,1,5,3,3,1,2,3,1,0,5,4,2,1,2,1,2,0,3,4,2,2,1,2,3
2,2,2,2,1,2,2,1,1,2,1,1,1,0,1,1,2,2,4,2,2,1,1,1,3,2,3,3,2,1,2,1,3,4,3,3,3,1,3,1,4,3,4,3,3,2,2,0,2,4,2,0,2,2,2,1,2,3,3,2,2,2,1,1
0,2,2,2,2,2,2,2,0,2,3,3,2,1,1,2,0,2,3,3,1,1,2,1,0,3,6,1,3,2,1,2,0,4,3,2,2,1,3,2,0,5,2,2,2,2,1,1,0,2,4,3,2,1,2,2,0,0,1,2,2,1,1,1
1,2,2,2,2,2,2,2,1,2,3,0,2,2,1,2,2,3,3,2,2,3,2,2,2,4,4,4,2,3,1,1,1,6,1,2,2,1,3,2,1,5,9,4,2,1,1,0,0,2,3,3,1,1,2,0,0,0,1,2,1,1,1,1
2,2,2,2,2,2,2,2,2,3,3,2,1,1,2,0,2,3,3,1,1,2,1,1,3,6,1,3,2,1,2,1,4,3,2,2,1,3,2,2,5,2,2,2,2,1,1,2,2,4,3,2,1,2,2,1,0,1,2,2,1,1,1,0
0,0,0,0,0,0,0,0,0,0,0,0,0,0,0,0,0,0,0,0,0,0,0,0,0,0,0,16,0,0,0,0,0,3,0,0,12,0,0,0,0,20,0,0,0,0,0,0,0,15,4,21,4,1,0,0,0,5,18,0,1,1,3,7
0,0,0,0,0,0,0,0,3,0,0,0,0,0,0,0,3,0,0,0,0,0,0,0,8,2,0,5,0,0,0,0,12,4,0,25,0,7,0,0,15,13,0,0,0,0,0,0,0,12,31,0,4,1,1,0,3,1,22,1,1,2,5,3
0,0,0,0,0,0,0,0,0,0,0,0,0,0,0,0,0,0,0,0,0,0,0,0,0,0,16,0,0,0,0,0,3,0,0,12,0,0,0,0,20,0,0,0,0,0,0,0,15,4,21,4,1,0,0,5,5,18,0,1,1,3,7,3
0,0,0,0,0,0,0,0,0,0,0,0,0,0,0,0,0,0,0,3,0,0,0,0,0,0,0,8,17,0,0,0,0,14,0,0,0,0,0,0,0,19,0,2,12,0,0,0,0,0,18,5,1,1,4,4,0,5,0,0,3,3,1,1
1,0,0,0,0,0,0,0,5,0,0,1,0,0,0,0,0,0,4,0,0,0,0,0,11,2,0,10,0,7,0,0,17,7,0,11,0,0,0,0,8,10,13,0,13,0,0,0,4,0,36,0,0,0,5,3,5,0,1,2,2,4,3,11
0,0,0,0,0,0,0,0,0,0,0,0,0,0,0,0,0,0,3,0,0,0,0,0,0,0,8,17,0,0,0,0,14,0,0,0,0,0,0,0,19,0,2,12,0,0,0,2,0,18,5,1,1,4,4,8,5,0,0,3,3,1,1,10
0,0,0,0,0,0,0,0,0,0,0,0,0,0,0,0,0,0,0,16,0,0,0,0,0,3,0,0,12,0,0,0,0,20,0,0,0,0,0,0,0,15,4,21,4,1,0,0,0,5,18,0,1,1,3,7,0,7,0,0,0,0,2,2
3,0,0,0,0,0,0,0,3,0,0,0,0,0,0,0,8,2,0,5,0,0,0,0,12,4,0,25,0,7,0,0,15,13,0,0,0,0,0,0,0,12,31,0,4,1,1,0,3,1,22,1,1,2,5,3,8,4,0,1,0,2,0,8
0,0,0,0,0,0,0,0,0,0,0,0,0,0,0,0,0,0,16,0,0,0,0,0,3,0,0,12,0,0,0,0,20,0,0,0,0,0,0,0,15,4,21,4,1,0,0,5,5,18,0,1,1,3,7,3,7,0,0,0,0,2,2,2
0,0,0,0,0,0,0,0,0,4,5,1,5,9,6,3,0,1,0,6,9,0,0,5,0,0,6,0,0,1,0,6,0,0,0,0,0,0,2,3,0,0,0,4,0,0,8,0,0,0,0,0,1,1,9,4,0,2,0,0,6,7,7,5
0,0,0,0,0,0,0,0,0,4,6,9,7,5,4,10,1,1,2,0,4,0,4,1,0,0,0,0,2,0,3,7,0,0,1,1,0,0,4,2,0,0,0,0,0,3,3,0,0,0,0,0,0,11,5,6,6,0,2,6,8,6,7,3
0,0,0,0,0,0,0,0,4,5,1,5,9,6,3,12,1,0,6,9,0,0,5,8,0,6,0,0,1,0,6,4,0,0,0,0,0,2,3,2,0,0,4,0,0,8,0,5,0,0,0,1,1,9,4,6,2,0,0,6,7,7,5,1
0,0,0,0,0,0,0,0,0,5,1,0,5,0,6,7,0,0,1,1,4,0,2,3,0,0,0,0,0,0,0,5,0,0,0,0,0,0,0,0,0,0,0,0,0,1,4,0,0,0,0,0,9,10,5,6,0,1,4,0,7,6,6,3
0,0,0,0,0,0,0,0,0,2,4,0,6,2,7,3,0,0,0,0,1,0,1,0,0,0,1,0,0,0,2,3,0,0,6,1,0,0,3,1,0,0,0,0,0,10,0,0,4,0,2,1,11,5,5,5,8,5,0,7,7,5,7,0
0,0,0,0,0,0,0,0,5,1,0,5,0,6,7,8,0,1,1,4,0,2,3,1,0,0,0,0,0,0,5,3,0,0,0,0,0,0,0,3,0,0,0,0,1,4,0,2,0,0,0,9,10,5,6,5,1,4,0,7,6,6,3,2
0,4,5,1,5,9,6,3,0,1,0,6,9,0,0,5,0,0,6,0,0,1,0,6,0,0,0,0,0,0,2,3,0,0,0,4,0,0,8,0,0,0,0,0,1,1,9,4,0,2,0,0,6,7,7,5,0,6,12,10,6,6,7,2
0,4,6,9,7,5,4,10,1,1,2,0,4,0,4,1,0,0,0,0,2,0,3,7,0,0,1,1,0,0,4,2,0,0,0,0,0,3,3,0,0,0,0,0,0,11,5,6,6,0,2,6,8,6,7,3,10,6,12,9,7,6,6,2
4,5,1,5,9,6,3,12,1,0,6,9,0,0,5,8,0,6,0,0,1,0,6,4,0,0,0,0,0,2,3,2,0,0,4,0,0,8,0,5,0,0,0,1,1,9,4,6,2,0,0,6,7,7,5,1,6,12,10,6,6,7,2,5
0,0,0,0,0,0,0,0,0,0,0,0,0,0,0,0,0,0,0,0,0,0,0,0,0,0,0,0,0,0,0,0,0,0,1,1,0,0,0,0,0,0,0,0,0,0,0,0,0,0,0,0,6,0,0,0,0,0,0,0,0,0,0,0
0,0,0,0,0,0,0,0,1,0,0,0,0,0,0,0,0,0,0,0,0,0,0,0,0,0,0,0,0,0,0,0,0,0,1,0,0,0,0,0,2,0,2,0,0,0,0,0,1,0,0,0,2,0,0,0,0,4,0,0,0,0,0,0
0,0,0,0,0,0,0,0,0,0,0,0,0,0,0,0,0,0,0,0,0,0,0,0,0,0,0,0,0,0,0,0,0,1,1,0,0,0,0,0,0,0,0,0,0,0,0,0,0,0,0,6,0,0,0,0,0,0,0,0,0,0,0,0
0,0,0,0,0,0,0,0,0,0,0,0,0,0,0,0,0,0,0,0,0,0,0,0,0,0,0,3,0,0,0,0,0,0,0,0,0,0,0,0,0,0,0,0,0,0,0,2,0,0,1,0,0,0,0,0,0,0,0,0,0,0,0,0
0,0,0,0,0,0,0,0,0,0,0,0,0,0,0,0,0,0,0,0,0,1,0,0,1,0,0,0,0,0,0,0,1,0,0,3,0,0,0,0,1,0,0,0,0,0,0,0,0,7,0,0,0,0,0,0,0,0,0,0,0,0,0,0
0,0,0,0,0,0,0,0,0,0,0,0,0,0,0,0,0,0,0,0,0,0,0,0,0,0,3,0,0,0,0,0,0,0,0,0,0,0,0,0,0,0,0,0,0,0,2,0,0,1,0,0,0,0,0,0,0,0,0,0,0,0,0,0
0,0,0,0,0,0,0,0,0,0,0,0,0,0,0,0,0,0,0,0,0,0,0,0,0,0,1,1,0,0,0,0,0,0,0,0,0,0,0,0,0,0,0,0,6,0,0,0,0,0,0,0,0,0,0,0,0,0,0,0,0,0,0,0
1,0,0,0,0,0,0,0,0,0,0,0,0,0,0,0,0,0,0,0,0,0,0,0,0,0,1,0,0,0,0,0,2,0,2,0,0,0,0,0,1,0,0,0,2,0,0,0,0,4,0,0,0,0,0,0,0,0,0,0,0,0,0,0
0,0,0,0,0,0,0,0,0,0,0,0,0,0,0,0,0,0,0,0,0,0,0,0,0,1,1,0,0,0,0,0,0,0,0,0,0,0,0,0,0,0,0,6,0,0,0,0,0,0,0,0,0,0,0,0,0,0,0,0,0,0,0,0
0,0,0,0,0,0,0,0,0,15,14,13,13,5,6,12,0,2,13,8,9,3,6,7,0,7,10,20,11,2,7,4,0,12,10,11,15,2,6,4,0,14,4,11,9,8,8,6,0,19,14,12,14,1,0,1,0,1,24,2,0,0,0,0
0,0,0,0,0,0,0,0,9,13,13,16,12,5,9,10,2,12,11,5,9,2,8,6,9,14,29,9,11,13,5,6,6,10,2,16,3,12,8,11,9,21,10,11,7,4,0,13,4,12,40,10,8,2,0,0,4,0,20,0,1,0,0,0
0,0,0,0,0,0,0,0,15,14,13,13,5,6,12,13,2,13,8,9,3,6,7,7,7,10,20,11,2,7,4,5,12,10,11,15,2,6,4,8,14,4,11,9,8,8,6,9,19,14,12,14,1,0,1,0,1,24,2,0,0,0,0,0
0,12,11,9,14,13,8,10,0,7,13,18,10,1,4,8,0,2,11,22,9,2,4,7,0,6,8,10,12,2,10,4,0,13,3,17,5,4,14,3,0,19,4,21,13,5,1,0,0,2,27,9,1,0,0,0,0,0,2,1,0,0,0,0
10,11,12,12,17,9,10,12,5,8,11,7,6,4,5,8,5,17,12,10,6,5,5,6,10,17,9,22,7,14,7,7,8,15,4,27,2,8,7,8,12,15,14,5,4,6,0,0,0,7,24,2,0,0,0,0,4,0,10,0,0,0,0,0
12,11,9,14,13,8,10,10,7,13,18,10,1,4,8,10,2,11,22,9,2,4,7,7,6,8,10,12,2,10,4,9,13,3,17,5,4,14,3,11,19,4,21,13,5,1,0,0,2,27,9,1,0,0,0,0,0,2,1,0,0,0,0,0
0,15,14,13,13,5,6,12,0,2,13,8,9,3,6,7,0,7,10,20,11,2,7,4,0,12,10,11,15,2,6,4,0,14,4,11,9,8,8,6,0,19,14,12,14,1,0,1,0,1,24,2,0,0,0,0,0,0,1,0,1,1,0,1
9,13,13,16,12,5,9,10,2,12,11,5,9,2,8,6,9,14,29,9,11,13,5,6,6,10,2,16,3,12,8,11,9,21,10,11,7,4,0,13,4,12,40,10,8,2,0,0,4,0,20,0,1,0,0,0,3,0,2,0,1,1,0,2
15,14,13,13,5,6,12,13,2,13,8,9,3,6,7,7,7,10,20,11,2,7,4,5,12,10,11,15,2,6,4,8,14,4,11,9,8,8,6,9,19,14,12,14,1,0,1,0,1,24,2,0,0,0,0,0,0,1,0,1,1,0,1,0
0,0,0,0,0,0,0,0,0,0,0,0,0,1,0,0,0,0,0,0,0,0,0,0,0,0,0,0,0,0,0,0,0,0,0,0,0,0,0,0,0,0,0,2,0,0,0,0,0,0,0,0,0,0,0,0,0,0,0,0,0,0,0,0
0,0,0,0,0,0,0,0,1,0,1,0,1,1,0,0,0,0,0,0,0,0,0,0,0,0,0,0,0,0,0,0,0,0,0,0,0,0,0,0,0,0,0,0,3,0,0,0,0,0,0,0,0,0,0,0,0,0,0,0,0,0,0,0
0,0,0,0,0,0,0,0,0,0,0,0,1,0,0,0,0,0,0,0,0,0,0,0,0,0,0,0,0,0,0,0,0,0,0,0,0,0,0,0,0,0,2,0,0,0,0,1,0,0,0,0,0,0,0,0,0,0,0,0,0,0,0,0
0,3,4,4,2,5,2,3,0,0,0,0,0,0,0,0,0,0,0,0,0,0,0,0,0,0,1,0,0,0,0,0,0,0,0,0,0,0,0,0,0,0,0,2,0,0,0,0,0,0,0,0,0,0,0,0,0,0,0,0,0,0,0,0
6,4,4,5,4,2,3,3,0,0,0,0,0,0,0,0,1,0,0,0,0,0,0,0,1,0,0,0,0,0,0,0,0,0,0,0,0,0,0,0,0,0,0,0,0,0,0,0,0,0,0,0,0,0,0,0,0,0,0,0,0,0,0,0
3,4,4,2,5,2,3,9,0,0,0,0,0,0,0,0,0,0,0,0,0,0,0,0,0,1,0,0,0,0,0,0,0,0,0,0,0,0,0,0,0,0,2,0,0,0,0,0,0,0,0,0,0,0,0,0,0,0,0,0,0,0,0,0
0,0,0,0,0,1,0,0,0,0,0,0,0,0,0,0,0,0,0,0,0,0,0,0,0,0,0,0,0,0,0,0,0,0,0,2,0,0,0,0,0,0,0,0,0,0,0,0,0,0,0,0,0,0,0,0,0,0,0,0,0,0,0,0
1,0,1,0,1,1,0,0,0,0,0,0,0,0,0,0,0,0,0,0,0,0,0,0,0,0,0,0,0,0,0,0,0,0,0,0,3,0,0,0,0,0,0,0,0,0,0,0,0,0,0,0,0,0,0,0,0,0,0,0,0,0,0,0
0,0,0,0,1,0,0,0,0,0,0,0,0,0,0,0,0,0,0,0,0,0,0,0,0,0,0,0,0,0,0,0,0,0,2,0,0,0,0,1,0,0,0,0,0,0,0,0,0,0,0,0,0,0,0,0,0,0,0,0,0,0,0,0
0,0,0,0,0,0,0,0,0,21,19,17,23,17,22,28,0,20,20,18,10,18,6,17,0,8,19,21,7,23,3,9,0,13,18,11,6,13,2,11,0,16,11,9,8,15,16,23,0,9,25,12,9,14,12,12,0,14,20,18,14,15,11,12
0,0,0,0,0,0,0,0,19,20,22,18,20,18,26,23,5,29,19,12,17,5,10,29,13,16,1,13,3,18,13,15,20,8,15,28,5,7,10,7,15,16,5,18,4,8,25,16,7,20,36,18,12,14,13,9,0,16,0,13,15,14,7,14
0,0,0,0,0,0,0,0,21,19,17,23,17,22,28,26,20,20,18,10,18,6,17,24,8,19,21,7,23,3,9,31,13,18,11,6,13,2,11,19,16,11,9,8,15,16,23,20,9,25,12,9,14,12,12,13,14,20,18,14,15,11,12,6
0,17,19,18,20,20,21,21,0,20,21,13,19,26,5,17,0,15,17,13,4,22,7,14,0,8,23,6,15,19,3,12,0,16,10,11,7,13,10,18,0,17,11,10,28,13,28,19,0,11,23,14,15,13,14,9,0,9,0,14,8,13,10,16
16,18,18,21,21,18,21,22,14,20,21,8,22,2,9,23,8,16,12,5,15,8,15,25,17,12,9,13,5,14,17,11,22,11,11,0,12,5,15,12,7,12,30,25,10,22,27,10,5,16,27,19,13,16,12,9,1,21,2,11,13,10,12,5
17,19,18,20,20,21,21,21,20,21,13,19,26,5,17,22,15,17,13,4,22,7,14,31,8,23,6,15,19,3,12,20,16,10,11,7,13,10,18,19,17,11,10,28,13,28,19,18,11,23,14,15,13,14,9,10,9,0,14,8,13,10,16,17
0,21,19,17,23,17,22,28,0,20,20,18,10,18,6,17,0,8,19,21,7,23,3,9,0,13,18,11,6,13,2,11,0,16,11,9,8,15,16,23,0,9,25,12,9,14,12,12,0,14,20,18,14,15,11,12,0,6,12,21,19,9,10,11
19,20,22,18,20,18,26,23,5,29,19,12,17,5,10,29,13,16,1,13,3,18,13,15,20,8,15,28,5,7,10,7,15,16,5,18,4,8,25,16,7,20,36,18,12,14,13,9,0,16,0,13,15,14,7,14,0,14,17,19,16,3,12,0
21,19,17,23,17,22,28,26,20,20,18,10,18,6,17,24,8,19,21,7,23,3,9,31,13,18,11,6,13,2,11,19,16,11,9,8,15,16,23,20,9,25,12,9,14,12,12,13,14,20,18,14,15,11,12,6,6,12,21,19,9,10,11,19
0,0,0,0,0,0,0,0,0,0,0,0,0,2,8,0,0,10,0,6,5,5,2,4,0,7,0,4,2,0,3,1,0,11,0,11,4,5,0,1,0,6,6,7,5,0,5,0,0,9,9,0,11,15,8,10,0,10,26,5,9,8,11,11
0,0,0,0,0,0,0,0,1,0,0,2,3,6,3,0,11,0,2,6,1,0,1,5,7,3,11,0,0,15,1,1,9,4,5,11,3,6,0,0,17,3,4,0,4,6,4,0,11,6,20,7,12,5,9,7,3,11,4,9,7,10,10,15
0,0,0,0,0,0,0,0,0,0,0,0,2,8,0,0,10,0,6,5,5,2,4,0,7,0,4,2,0,3,1,2,11,0,11,4,5,0,1,0,6,6,7,5,0,5,0,0,9,9,0,11,15,8,10,6,10,26,5,9,8,11,11,7
0,0,0,0,0,0,0,0,0,4,0,5,6,0,2,5,0,4,0,3,6,2,5,2,0,13,0,3,0,7,0,0,0,9,2,6,0,3,0,3,0,3,2,3,12,10,6,13,0,15,24,4,9,8,10,9,0,10,15,15,7,10,8,14
0,0,0,0,0,0,0,1,2,0,1,7,7,5,2,0,1,4,6,3,6,5,1,5,6,5,4,13,0,16,1,1,16,0,3,4,6,0,0,0,15,3,12,4,0,10,10,14,6,6,11,11,3,9,10,9,0,13,6,10,8,10,8,8
0,0,0,0,0,0,0,0,4,0,5,6,0,2,5,0,4,0,3,6,2,5,2,0,13,0,3,0,7,0,0,0,9,2,6,0,3,0,3,0,3,2,3,12,10,6,13,12,15,24,4,9,8,10,9,8,10,15,15,7,10,8,14,10
0,0,0,0,0,2,8,0,0,10,0,6,5,5,2,4,0,7,0,4,2,0,3,1,0,11,0,11,4,5,0,1,0,6,6,7,5,0,5,0,0,9,9,0,11,15,8,10,0,10,26,5,9,8,11,11,0,7,8,11,12,9,4,13
1,0,0,2,3,6,3,0,11,0,2,6,1,0,1,5,7,3,11,0,0,15,1,1,9,4,5,11,3,6,0,0,17,3,4,0,4,6,4,0,11,6,20,7,12,5,9,7,3,11,4,9,7,10,10,15,3,12,8,10,9,6,14,0
0,0,0,0,2,8,0,0,10,0,6,5,5,2,4,0,7,0,4,2,0,3,1,2,11,0,11,4,5,0,1,0,6,6,7,5,0,5,0,0,9,9,0,11,15,8,10,6,10,26,5,9,8,11,11,7,7,8,11,12,9,4,13,5
0,0,0,0,0,0,0,0,0,0,0,0,0,0,0,0,0,0,0,0,0,0,1,0,0,0,1,0,0,0,0,1,0,0,0,1,1,0,0,0,0,0,0,1,0,4,0,0,0,1,2,0,1,1,0,0,0,0,0,2,0,0,1,0
0,0,0,0,0,0,0,0,0,0,0,0,0,0,0,0,0,0,0,0,0,1,1,0,2,0,1,0,0,0,2,0,0,0,1,0,0,0,2,0,1,0,1,0,0,0,0,0,1,3,0,0,1,0,0,0,0,1,0,1,0,0,1,0
0,0,0,0,0,0,0,0,0,0,0,0,0,0,0,0,0,0,0,0,0,1,0,0,0,1,0,0,0,0,1,4,0,0,1,1,0,0,0,0,0,0,1,0,4,0,0,0,1,2,0,1,1,0,0,0,0,0,2,0,0,1,0,0
0,0,0,0,0,0,0,0,0,0,0,0,0,0,0,0,0,0,0,0,1,0,1,0,0,0,0,0,0,0,0,1,0,0,4,0,0,0,1,0,0,0,0,0,2,1,0,2,0,1,0,1,0,0,0,1,0,0,0,0,0,0,0,0
0,0,0,0,0,0,0,0,0,0,0,0,0,0,0,0,0,0,0,0,0,1,1,0,1,0,1,0,1,0,1,0,0,0,1,0,0,0,0,0,2,1,0,8,1,0,0,0,0,3,0,0,0,0,1,0,1,0,1,0,0,0,0,0
0,0,0,0,0,0,0,0,0,0,0,0,0,0,0,1,0,0,0,1,0,1,0,3,0,0,0,0,0,0,1,0,0,4,0,0,0,1,0,0,0,0,0,2,1,0,2,2,1,0,1,0,0,0,1,0,0,0,0,0,0,0,0,0
0,0,0,0,0,0,0,0,0,0,0,0,0,0,1,0,0,0,1,0,0,0,0,1,0,0,0,1,1,0,0,0,0,0,0,1,0,4,0,0,0,1,2,0,1,1,0,0,0,0,0,2,0,0,1,0,0,0,1,1,1,1,1,1
0,0,0,0,0,0,0,0,0,0,0,0,0,1,1,0,2,0,1,0,0,0,2,0,0,0,1,0,0,0,2,0,1,0,1,0,0,0,0,0,1,3,0,0,1,0,0,0,0,1,0,1,0,0,1,0,1,0,0,1,1,1,1,0
0,0,0,0,0,0,0,0,0,0,0,0,0,1,0,0,0,1,0,0,0,0,1,4,0,0,1,1,0,0,0,0,0,0,1,0,4,0,0,0,1,2,0,1,1,0,0,0,0,0,2,0,0,1,0,0,0,1,1,1,1,1,1,1
0,0,0,0,0,0,0,0,0,1,1,2,1,1,1,1,0,1,1,0,3,2,3,1,0,6,2,18,2,1,4,2,0,4,1,12,0,1,3,1,0,19,1,2,7,2,2,2,0,23,31,5,0,2,2,1,0,1,26,1,2,2,1,1
0,0,0,0,0,0,0,0,1,0,1,1,4,1,1,0,1,2,2,0,0,4,2,4,6,3,1,6,2,7,2,1,11,1,2,28,2,0,1,2,16,14,2,2,0,2,0,2,8,23,33,2,2,1,1,0,1,2,7,0,2,2,1,1
0,0,0,0,0,0,0,0,1,1,2,1,1,1,1,0,1,1,0,3,2,3,1,0,6,2,18,2,1,4,2,0,4,1,12,0,1,3,1,0,19,1,2,7,2,2,2,0,23,31,5,0,2,2,1,0,1,26,1,2,2,1,1,0
0,1,1,2,1,1,1,1,0,3,0,7,1,1,2,2,0,0,1,7,2,2,2,2,0,9,1,5,6,1,3,2,0,15,2,5,0,1,2,1,0,24,6,11,17,0,2,5,0,1,39,1,1,1,2,0,0,1,2,2,2,1,1,1
0,0,1,1,1,1,1,1,1,0,1,0,0,0,1,1,5,2,13,1,1,1,2,1,2,0,4,14,2,3,2,2,21,3,2,0,0,1,1,1,10,13,30,12,17,2,5,2,2,9,17,2,3,1,1,0,2,3,1,1,1,2,1,1
1,1,2,1,1,1,1,1,3,0,7,1,1,2,2,0,0,1,7,2,2,2,2,1,9,1,5,6,1,3,2,0,15,2,5,0,1,2,1,0,24,6,11,17,0,2,5,1,1,39,1,1,1,2,0,0,1,2,2,2,1,1,1,1
0,1,1,2,1,1,1,1,0,1,1,0,3,2,3,1,0,6,2,18,2,1,4,2,0,4,1,12,0,1,3,1,0,19,1,2,7,2,2,2,0,23,31,5,0,2,2,1,0,1,26,1,2,2,1,1,0,0,0,0,1,1,1,0
1,0,1,1,4,1,1,0,1,2,2,0,0,4,2,4,6,3,1,6,2,7,2,1,11,1,2,28,2,0,1,2,16,14,2,2,0,2,0,2,8,23,33,2,2,1,1,0,1,2,7,0,2,2,1,1,2,0,3,1,1,1,1,0
1,1,2,1,1,1,1,0,1,1,0,3,2,3,1,0,6,2,18,2,1,4,2,0,4,1,12,0,1,3,1,0,19,1,2,7,2,2,2,0,23,31,5,0,2,2,1,0,1,26,1,2,2,1,1,0,0,0,0,1,1,1,0,0
0,0,0,0,0,0,0,0,0,1,1,1,0,2,6,1,0,9,1,0,1,1,0,0,0,2,0,3,0,6,0,1,0,0,1,0,0,0,1,1,0,13,2,3,1,0,1,1,0,5,0,3,0,1,0,0,0,0,1,1,1,0,0,0
0,0,0,0,0,0,0,0,1,1,1,0,1,3,3,1,1,0,1,2,0,2,0,2,0,0,0,0,1,0,0,0,1,1,0,15,0,1,0,0,0,7,1,3,2,1,8,0,0,6,16,0,2,0,0,0,0,0,20,0,0,0,0,0
0,0,0,0,0,0,0,0,1,1,1,0,2,6,1,4,9,1,0,1,1,0,0,3,2,0,3,0,6,0,1,6,0,1,0,0,0,1,1,8,13,2,3,1,0,1,1,2,5,0,3,0,1,0,0,0,0,1,1,1,0,0,0,0
0,1,0,1,0,1,1,1,0,0,0,0,0,6,0,3,0,1,1,3,0,0,0,2,0,0,0,2,3,0,0,2,0,2,1,0,1,2,0,4,0,17,1,2,0,2,4,0,0,1,0,6,0,0,0,0,0,1,0,0,0,0,0,0
2,1,0,1,1,2,1,0,0,0,0,1,1,0,0,2,1,1,0,1,1,0,0,0,0,0,0,0,0,1,0,1,0,2,0,1,1,0,1,4,0,7,0,3,4,7,0,0,0,0,19,1,0,0,0,0,0,0,5,0,0,0,0,0
1,0,1,0,1,1,1,1,0,0,0,0,6,0,3,4,1,1,3,0,0,0,2,7,0,0,2,3,0,0,2,3,2,1,0,1,2,0,4,3,17,1,2,0,2,4,0,6,1,0,6,0,0,0,0,0,1,0,0,0,0,0,0,0
0,1,1,1,0,2,6,1,0,9,1,0,1,1,0,0,0,2,0,3,0,6,0,1,0,0,1,0,0,0,1,1,0,13,2,3,1,0,1,1,0,5,0,3,0,1,0,0,0,0,1,1,1,0,0,0,0,0,0,0,0,0,0,0
1,1,1,0,1,3,3,1,1,0,1,2,0,2,0,2,0,0,0,0,1,0,0,0,1,1,0,15,0,1,0,0,0,7,1,3,2,1,8,0,0,6,16,0,2,0,0,0,0,0,20,0,0,0,0,0,1,0,0,0,0,0,0,0
1,1,1,0,2,6,1,4,9,1,0,1,1,0,0,3,2,0,3,0,6,0,1,6,0,1,0,0,0,1,1,8,13,2,3,1,0,1,1,2,5,0,3,0,1,0,0,0,0,1,1,1,0,0,0,0,0,0,0,0,0,0,0,0
0,0,0,0,0,0,0,0,0,0,0,0,0,0,0,0,0,0,0,0,0,0,0,0,0,0,0,0,0,0,0,0,0,0,0,0,0,0,0,0,0,0,0,0,0,0,0,0,0,0,0,0,0,0,0,0,0,0,0,0,0,0,0,0
0,0,0,0,0,0,0,0,1,0,0,0,0,0,0,0,1,0,0,0,0,0,0,0,1,0,0,0,0,1,0,0,3,0,0,2,0,0,0,0,3,0,0,0,0,0,0,0,1,0,0,0,0,0,0,0,1,0,0,0,0,0,0,0
0,0,0,0,0,0,0,0,0,0,0,0,0,0,0,0,0,0,0,0,0,0,0,0,0,0,0,0,0,0,0,0,0,0,0,0,0,0,0,0,0,0,0,0,0,0,0,0,0,0,0,0,0,0,0,0,0,0,0,0,0,0,0,0
0,1,1,1,2,1,1,0,0,0,0,0,0,0,0,0,0,0,0,0,0,0,0,0,0,0,0,0,0,0,0,0,0,0,0,0,0,0,0,0,0,1,0,0,0,0,1,7,0,0,0,0,0,0,0,0,0,0,0,0,0,0,0,0
1,1,1,1,1,1,0,0,1,0,0,0,0,0,0,0,1,0,0,0,0,0,0,0,1,0,0,0,0,0,0,0,3,0,0,0,0,0,0,0,1,2,0,0,0,0,7,0,1,0,0,0,0,0,0,0,1,0,0,0,0,0,0,0
1,1,1,2,1,1,0,0,0,0,0,0,0,0,0,0,0,0,0,0,0,0,0,0,0,0,0,0,0,0,0,0,0,0,0,0,0,0,0,0,1,0,0,0,0,1,7,0,0,0,0,0,0,0,0,0,0,0,0,0,0,0,0,0
0,0,0,0,0,0,0,0,0,0,0,0,0,0,0,0,0,0,0,0,0,0,0,0,0,0,0,0,0,0,0,0,0,0,0,0,0,0,0,0,0,0,0,0,0,0,0,0,0,0,0,0,0,0,0,0,0,0,0,2,1,0,0,0
1,0,0,0,0,0,0,0,1,0,0,0,0,0,0,0,1,0,0,0,0,1,0,0,3,0,0,2,0,0,0,0,3,0,0,0,0,0,0,0,1,0,0,0,0,0,0,0,1,0,0,0,0,0,0,0,0,2,5,1,0,0,0,0
0,0,0,0,0,0,0,0,0,0,0,0,0,0,0,0,0,0,0,0,0,0,0,0,0,0,0,0,0,0,0,0,0,0,0,0,0,0,0,0,0,0,0,0,0,0,0,0,0,0,0,0,0,0,0,0,0,0,2,1,0,0,0,10
0,0,0,0,0,0,0,0,0,18,16,20,14,12,5,13,0,6,16,15,15,18,9,18,0,7,16,4,7,22,7,14,0,3,7,8,7,14,11,17,0,0,0,12,11,7,13,19,0,1,3,0,10,11,15,6,0,2,7,8,12,12,9,3
0,0,0,0,0,0,0,0,11,16,18,10,16,11,6,18,8,20,17,11,16,6,11,18,0,12,27,5,13,4,13,19,0,19,18,1,5,4,18,11,4,5,4,9,8,13,26,13,1,0,2,6,7,22,9,10,0,7,7,9,13,9,5,0
0,0,0,0,0,0,0,0,18,16,20,14,12,5,13,21,6,16,15,15,18,9,18,21,7,16,4,7,22,7,14,19,3,7,8,7,14,11,17,17,0,0,12,11,7,13,19,15,1,3,0,10,11,15,6,11,2,7,8,12,12,9,3,8
0,21,22,23,24,23,17,20,0,14,17,17,7,19,11,10,0,12,16,7,10,14,12,20,0,8,18,9,9,14,10,15,0,1,8,13,11,7,11,17,0,0,4,2,0,6,22,1,0,6,8,11,11,12,9,6,0,3,16,11,13,6,10,0
16,22,23,22,25,18,19,20,6,17,18,10,8,13,14,15,5,11,21,1,12,10,10,17,0,14,18,14,9,0,12,16,0,13,10,9,7,10,20,14,6,2,0,4,8,9,15,2,0,6,5,14,13,12,7,4,0,7,0,13,10,5,8,0
21,22,23,24,23,17,20,20,14,17,17,7,19,11,10,21,12,16,7,10,14,12,20,23,8,18,9,9,14,10,15,21,1,8,13,11,7,11,17,13,0,4,2,0,6,22,1,5,6,8,11,11,12,9,6,8,3,16,11,13,6,10,0,12
0,18,16,20,14,12,5,13,0,6,16,15,15,18,9,18,0,7,16,4,7,22,7,14,0,3,7,8,7,14,11,17,0,0,0,12,11,7,13,19,0,1,3,0,10,11,15,6,0,2,7,8,12,12,9,3,0,7,4,11,6,6,9,0
11,16,18,10,16,11,6,18,8,20,17,11,16,6,11,18,0,12,27,5,13,4,13,19,0,19,18,1,5,4,18,11,4,5,4,9,8,13,26,13,1,0,2,6,7,22,9,10,0,7,7,9,13,9,5,0,2,5,4,10,8,5,6,3
18,16,20,14,12,5,13,21,6,16,15,15,18,9,18,21,7,16,4,7,22,7,14,19,3,7,8,7,14,11,17,17,0,0,12,11,7,13,19,15,1,3,0,10,11,15,6,11,2,7,8,12,12,9,3,8,7,4,11,6,6,9,0,10
0,0,0,0,0,0,0,0,0,10,12,9,11,6,16,10,0,22,11,9,14,14,13,29,0,14,8,46,11,22,15,24,0,25,16,19,34,11,14,17,0,38,11,8,8,10,22,18,0,42,32,58,25,25,32,23,0,25,52,22,26,29,26,26
0,0,0,0,0,0,0,0,22,11,11,13,8,10,17,10,19,20,14,10,22,10,16,23,18,27,30,19,18,23,20,32,22,33,3,43,9,21,17,18,30,38,19,14,14,10,19,13,27,40,70,22,21,30,25,25,24,18,56,23,27,28,25,27
0,0,0,0,0,0,0,0,10,12,9,11,6,16,10,13,22,11,9,14,14,13,29,14,14,8,46,11,22,15,24,28,25,16,19,34,11,14,17,19,38,11,8,8,10,22,18,10,42,32,58,25,25,32,23,23,25,52,22,26,29,26,26,21
0,10,11,11,12,10,10,10,0,11,13,21,13,14,19,23,0,26,11,25,16,19,5,27,0,14,18,24,36,18,14,18,0,31,11,23,5,13,18,14,0,42,12,24,31,12,26,22,0,15,43,36,28,30,27,24,0,33,32,30,28,28,28,27
10,9,11,11,12,10,9,11,25,13,13,25,13,12,23,14,18,23,19,15,21,8,21,37,24,31,9,30,16,27,19,21,22,36,10,37,12,12,23,13,29,37,24,16,35,19,31,13,17,29,76,19,28,28,24,28,23,28,41,27,28,27,27,25
10,11,11,12,10,10,10,14,11,13,21,13,14,19,23,11,26,11,25,16,19,5,27,17,14,18,24,36,18,14,18,24,31,11,23,5,13,18,14,13,42,12,24,31,12,26,22,13,15,43,36,28,30,27,24,19,33,32,30,28,28,28,27,29
0,10,12,9,11,6,16,10,0,22,11,9,14,14,13,29,0,14,8,46,11,22,15,24,0,25,16,19,34,11,14,17,0,38,11,8,8,10,22,18,0,42,32,58,25,25,32,23,0,25,52,22,26,29,26,26,0,28,31,35,35,21,29,23
22,11,11,13,8,10,17,10,19,20,14,10,22,10,16,23,18,27,30,19,18,23,20,32,22,33,3,43,9,21,17,18,30,38,19,14,14,10,19,13,27,40,70,22,21,30,25,25,24,18,56,23,27,28,25,27,21,29,36,33,28,25,24,29
10,12,9,11,6,16,10,13,22,11,9,14,14,13,29,14,14,8,46,11,22,15,24,28,25,16,19,34,11,14,17,19,38,11,8,8,10,22,18,10,42,32,58,25,25,32,23,23,25,52,22,26,29,26,26,21,28,31,35,35,21,29,23,34
0,0,0,0,0,0,0,0,0,1,0,0,0,0,0,0,0,1,1,1,0,4,0,0,0,1,0,0,0,1,1,0,0,8,0,11,0,4,1,4,0,0,0,2,7,0,0,0,0,1,3,0,0,0,8,8,0,2,14,12,4,6,6,3
0,0,0,0,0,0,0,0,0,0,1,0,0,0,0,0,1,6,3,2,1,0,1,0,1,2,11,5,1,2,0,0,1,0,4,5,1,3,0,0,6,1,0,2,0,0,1,0,2,1,8,1,0,7,9,6,3,7,1,0,6,8,3,7
0,0,0,0,0,0,0,0,1,0,0,0,0,0,0,0,1,1,1,0,4,0,0,1,1,0,0,0,1,1,0,0,8,0,11,0,4,1,4,0,0,0,2,7,0,0,0,0,1,3,0,0,0,8,8,12,2,14,12,4,6,6,3,0
0,0,0,0,0,0,0,0,0,1,2,17,0,10,0,0,0,0,0,0,0,0,0,1,0,4,2,0,0,1,0,0,0,2,2,2,0,2,1,4,0,4,0,0,5,0,1,3,0,3,15,5,4,4,8,5,0,3,5,0,6,7,6,8
0,0,0,0,0,0,0,0,1,3,0,0,0,1,0,1,1,0,1,0,0,7,0,0,1,0,1,13,0,4,0,0,3,2,0,0,0,0,0,0,2,6,1,2,0,0,3,0,3,2,1,10,6,8,9,5,2,7,2,4,7,6,9,1
0,0,0,0,0,0,0,0,1,2,17,0,10,0,0,0,0,0,0,0,0,0,1,7,4,2,0,0,1,0,0,0,2,2,2,0,2,1,4,0,4,0,0,5,0,1,3,2,3,15,5,4,4,8,5,11,3,5,0,6,7,6,8,6
0,1,0,0,0,0,0,0,0,1,1,1,0,4,0,0,0,1,0,0,0,1,1,0,0,8,0,11,0,4,1,4,0,0,0,2,7,0,0,0,0,1,3,0,0,0,8,8,0,2,14,12,4,6,6,3,0,1,2,3,6,8,5,1
0,0,1,0,0,0,0,0,1,6,3,2,1,0,1,0,1,2,11,5,1,2,0,0,1,0,4,5,1,3,0,0,6,1,0,2,0,0,1,0,2,1,8,1,0,7,9,6,3,7,1,0,6,8,3,7,1,4,8,6,6,2,7,1
1,0,0,0,0,0,0,0,1,1,1,0,4,0,0,1,1,0,0,0,1,1,0,0,8,0,11,0,4,1,4,0,0,0,2,7,0,0,0,0,1,3,0,0,0,8,8,12,2,14,12,4,6,6,3,0,1,2,3,6,8,5,1,5
0,0,0,0,0,0,0,0,0,1,1,1,0,1,2,1,0,2,0,0,1,0,1,3,0,2,0,0,2,1,5,3,0,8,1,3,0,0,1,2,0,7,0,1,0,1,2,1,0,3,0,0,1,3,2,2,0,1,17,0,2,3,2,2
0,0,0,0,0,0,0,0,1,1,0,0,1,2,2,1,0,0,0,1,0,4,2,1,5,1,19,0,1,11,2,2,0,1,0,8,0,3,1,1,10,0,0,1,0,2,2,1,0,0,8,0,3,3,1,1,0,1,0,1,3,2,2,1
0,0,0,0,0,0,0,0,1,1,1,0,1,2,1,1,2,0,0,1,0,1,3,1,2,0,0,2,1,5,3,1,8,1,3,0,0,1,2,1,7,0,1,0,1,2,1,0,3,0,0,1,3,2,2,0,1,17,0,2,3,2,2,0
0,1,1,2,1,2,2,2,0,1,1,0,1,2,0,1,0,0,0,0,2,1,2,3,0,4,0,0,2,0,1,3,0,4,0,8,1,0,2,2,0,4,0,0,11,0,3,0,0,0,9,0,3,3,2,2,0,1,7,4,4,3,3,2
1,1,1,1,1,2,1,1,1,0,0,4,2,2,1,2,4,0,3,8,2,2,3,2,3,1,3,2,0,12,2,1,7,1,0,0,0,2,2,1,3,0,6,1,0,2,1,1,0,2,6,1,4,2,2,1,1,2,3,4,3,3,2,2
1,1,2,1,2,2,2,1,1,1,0,1,2,0,1,1,0,0,0,2,1,2,3,1,4,0,0,2,0,1,3,1,4,0,8,1,0,2,2,0,4,0,0,11,0,3,0,0,0,9,0,3,3,2,2,1,1,7,4,4,3,3,2,1
0,1,1,1,0,1,2,1,0,2,0,0,1,0,1,3,0,2,0,0,2,1,5,3,0,8,1,3,0,0,1,2,0,7,0,1,0,1,2,1,0,3,0,0,1,3,2,2,0,1,17,0,2,3,2,2,0,1,2,2,3,2,1,2
1,1,0,0,1,2,2,1,0,0,0,1,0,4,2,1,5,1,19,0,1,11,2,2,0,1,0,8,0,3,1,1,10,0,0,1,0,2,2,1,0,0,8,0,3,3,1,1,0,1,0,1,3,2,2,1,1,1,2,3,2,2,1,1
1,1,1,0,1,2,1,1,2,0,0,1,0,1,3,1,2,0,0,2,1,5,3,1,8,1,3,0,0,1,2,1,7,0,1,0,1,2,1,0,3,0,0,1,3,2,2,0,1,17,0,2,3,2,2,0,1,2,2,3,2,1,2,0
0,0,0,0,0,0,0,0,0,0,4,2,1,3,6,5,0,5,3,0,4,3,4,6,0,0,0,11,2,4,8,6,0,1,5,1,0,0,8,1,0,10,3,4,0,3,16,7,0,0,3,30,6,8,6,6,0,9,0,8,11,8,9,12
0,0,0,0,0,0,0,0,0,1,3,8,3,1,4,5,1,1,4,0,6,3,3,5,8,13,3,1,5,9,0,10,11,3,0,26,6,3,5,7,4,11,0,2,7,0,5,6,0,7,28,6,5,4,7,9,10,0,11,8,10,9,11,3
0,0,0,0,0,0,0,0,0,4,2,1,3,6,5,7,5,3,0,4,3,4,6,5,0,0,11,2,4,8,6,14,1,5,1,0,0,8,1,8,10,3,4,0,3,16,7,6,0,3,30,6,8,6,6,8,9,0,8,11,8,9,12,14
0,0,1,0,2,0,1,1,0,1,4,4,5,0,5,8,0,0,0,17,2,7,1,4,0,0,3,0,13,0,5,4,0,5,3,0,0,3,5,8,0,7,0,10,12,8,5,0,0,0,0,0,6,8,8,9,0,16,0,8,8,9,13,2
1,1,2,2,2,1,0,1,0,2,2,8,5,5,4,5,2,10,0,5,4,4,5,12,13,10,0,3,5,13,2,8,7,9,4,5,2,0,7,8,0,11,0,11,8,13,5,0,4,0,26,3,9,8,7,10,6,7,0,10,9,12,13,13
0,1,0,2,0,1,1,1,1,4,4,5,0,5,8,7,0,0,17,2,7,1,4,6,0,3,0,13,0,5,4,12,5,3,0,0,3,5,8,6,7,0,10,12,8,5,0,6,0,0,0,6,8,8,9,7,16,0,8,8,9,13,2,11
0,0,4,2,1,3,6,5,0,5,3,0,4,3,4,6,0,0,0,11,2,4,8,6,0,1,5,1,0,0,8,1,0,10,3,4,0,3,16,7,0,0,3,30,6,8,6,6,0,9,0,8,11,8,9,12,0,16,10,11,16,11,16,9
0,1,3,8,3,1,4,5,1,1,4,0,6,3,3,5,8,13,3,1,5,9,0,10,11,3,0,26,6,3,5,7,4,11,0,2,7,0,5,6,0,7,28,6,5,4,7,9,10,0,11,8,10,9,11,3,13,16,13,15,15,15,10,19
0,4,2,1,3,6,5,7,5,3,0,4,3,4,6,5,0,0,11,2,4,8,6,14,1,5,1,0,0,8,1,8,10,3,4,0,3,16,7,6,0,3,30,6,8,6,6,8,9,0,8,11,8,9,12,14,16,10,11,16,11,16,9,15
0,0,0,0,0,0,0,0,0,11,13,13,12,12,12,9,0,12,10,18,12,0,2,6,0,12,4,0,0,7,0,3,0,18,12,0,0,3,0,1,0,10,12,3,10,0,7,0,0,0,16,4,0,3,3,1,0,3,27,8,2,1,0,7
0,0,0,0,0,0,0,0,2,10,14,9,12,15,10,13,8,9,16,13,0,0,1,4,2,0,22,11,11,7,5,4,0,0,10,3,5,0,2,3,15,0,6,0,2,0,6,0,12,2,14,11,2,5,3,3,15,0,0,3,1,1,0,1
0,0,0,0,0,0,0,0,11,13,13,12,12,12,9,7,12,10,18,12,0,2,6,4,12,4,0,0,7,0,3,0,18,12,0,0,3,0,1,0,10,12,3,10,0,7,0,2,0,16,4,0,3,3,1,7,3,27,8,2,1,0,7,2
0,7,7,9,6,6,5,6,0,10,13,16,15,8,3,4,0,3,11,0,6,2,3,4,0,13,11,0,0,9,0,2,0,10,3,8,8,1,0,3,0,1,17,0,12,1,5,0,0,0,40,8,1,3,0,2,0,5,0,7,0,0,1,3
1,6,6,7,6,6,4,9,2,12,10,5,15,6,4,9,3,3,16,6,0,1,2,3,0,0,10,21,4,3,4,3,12,0,1,0,5,5,8,2,8,4,22,0,0,10,0,4,15,0,0,7,2,2,0,5,12,0,3,0,0,0,3,0
7,7,9,6,6,5,6,5,10,13,16,15,8,3,4,8,3,11,0,6,2,3,4,0,13,11,0,0,9,0,2,0,10,3,8,8,1,0,3,2,1,17,0,12,1,5,0,7,0,40,8,1,3,0,2,4,5,0,7,0,0,1,3,5
0,11,13,13,12,12,12,9,0,12,10,18,12,0,2,6,0,12,4,0,0,7,0,3,0,18,12,0,0,3,0,1,0,10,12,3,10,0,7,0,0,0,16,4,0,3,3,1,0,3,27,8,2,1,0,7,0,7,0,5,0,0,0,4
2,10,14,9,12,15,10,13,8,9,16,13,0,0,1,4,2,0,22,11,11,7,5,4,0,0,10,3,5,0,2,3,15,0,6,0,2,0,6,0,12,2,14,11,2,5,3,3,15,0,0,3,1,1,0,1,14,2,0,0,0,1,0,6
11,13,13,12,12,12,9,7,12,10,18,12,0,2,6,4,12,4,0,0,7,0,3,0,18,12,0,0,3,0,1,0,10,12,3,10,0,7,0,2,0,16,4,0,3,3,1,7,3,27,8,2,1,0,7,2,7,0,5,0,0,0,4,3
0,0,0,0,0,0,0,0,0,0,1,0,0,0,1,1,0,2,2,0,6,10,4,20,0,1,1,1,3,18,0,16,0,0,1,2,0,15,3,12,0,0,3,7,4,5,10,10,0,0,1,0,16,29,23,24,0,30,1,28,30,29,24,28
0,0,0,0,0,0,0,0,1,1,1,0,0,1,1,1,4,2,1,1,13,5,8,10,1,2,0,1,12,0,16,24,0,0,8,0,7,0,15,8,0,0,1,4,7,7,23,8,1,1,1,19,18,26,24,22,20,20,0,30,29,28,23,19
0,0,0,0,0,0,0,0,0,1,0,0,0,1,1,1,2,2,0,6,10,4,20,4,1,1,1,3,18,0,16,12,0,1,2,0,15,3,12,10,0,3,7,4,5,10,10,1,0,1,0,16,29,23,24,17,30,1,28,30,29,24,28,7
0,2,2,4,1,5,2,5,0,0,1,1,0,14,13,7,0,15,1,1,4,16,7,20,0,1,1,1,1,17,1,15,0,1,9,5,3,4,5,14,0,0,1,0,0,7,31,11,0,18,1,22,25,31,28,21,0,28,20,36,30,26,28,20
2,4,4,3,2,5,3,5,4,1,1,1,4,8,12,4,1,8,1,0,10,8,8,19,0,1,9,0,8,0,13,17,1,1,1,1,6,7,17,7,0,1,0,5,0,19,18,2,20,3,0,27,24,27,24,21,19,35,17,31,27,28,30,19
2,2,4,1,5,2,5,7,0,1,1,0,14,13,7,2,15,1,1,4,16,7,20,10,1,1,1,1,17,1,15,17,1,9,5,3,4,5,14,1,0,1,0,0,7,31,11,0,18,1,22,25,31,28,21,15,28,20,36,30,26,28,20,27
0,0,1,0,0,0,1,1,0,2,2,0,6,10,4,20,0,1,1,1,3,18,0,16,0,0,1,2,0,15,3,12,0,0,3,7,4,5,10,10,0,0,1,0,16,29,23,24,0,30,1,28,30,29,24,28,0,24,29,30,29,21,27,2
1,1,1,0,0,1,1,1,4,2,1,1,13,5,8,10,1,2,0,1,12,0,16,24,0,0,8,0,7,0,15,8,0,0,1,4,7,7,23,8,1,1,1,19,18,26,24,22,20,20,0,30,29,28,23,19,17,29,29,28,27,21,16,22
0,1,0,0,0,1,1,1,2,2,0,6,10,4,20,4,1,1,1,3,18,0,16,12,0,1,2,0,15,3,12,10,0,3,7,4,5,10,10,1,0,1,0,16,29,23,24,17,30,1,28,30,29,24,28,7,24,29,30,29,21,27,2,30
0,0,0,0,0,0,0,0,0,5,8,4,10,8,6,2,0,8,14,9,10,8,4,14,0,2,11,6,5,4,5,10,0,2,1,3,3,3,4,10,0,4,8,5,2,2,4,6,0,4,5,6,3,10,12,9,0,14,3,7,15,15,15,9
0,0,0,0,0,0,0,0,11,9,11,11,9,6,3,6,14,2,8,4,12,4,6,7,1,10,2,3,8,2,9,16,1,4,10,2,5,1,9,6,2,3,4,2,13,8,7,5,5,5,6,3,4,14,12,10,2,7,7,16,15,16,15,7
0,0,0,0,0,0,0,0,5,8,4,10,8,6,2,6,8,14,9,10,8,4,14,8,2,11,6,5,4,5,10,10,2,1,3,3,3,4,10,3,4,8,5,2,2,4,6,6,4,5,6,3,10,12,9,8,14,3,7,15,15,15,9,2
0,1,1,1,2,1,0,1,0,6,10,9,7,8,15,10,0,7,15,21,7,11,12,10,0,2,3,2,6,6,1,6,0,4,3,3,0,3,5,6,0,3,5,12,4,11,14,11,0,4,5,4,9,15,14,14,0,14,4,14,16,16,17,11
3,2,2,1,1,1,1,1,11,9,10,16,8,8,14,5,1,11,8,3,8,4,9,16,1,3,1,2,8,1,6,11,1,1,12,3,2,1,7,6,1,5,4,7,9,4,15,8,2,4,7,6,8,10,14,10,3,13,5,13,17,17,13,6
1,1,1,2,1,0,1,1,6,10,9,7,8,15,10,7,7,15,21,7,11,12,10,5,2,3,2,6,6,1,6,11,4,3,3,0,3,5,6,6,3,5,12,4,11,14,11,7,4,5,4,9,15,14,14,5,14,4,14,16,16,17,11,12
0,5,8,4,10,8,6,2,0,8,14,9,10,8,4,14,0,2,11,6,5,4,5,10,0,2,1,3,3,3,4,10,0,4,8,5,2,2,4,6,0,4,5,6,3,10,12,9,0,14,3,7,15,15,15,9,0,15,14,18,14,12,15,4
11,9,11,11,9,6,3,6,14,2,8,4,12,4,6,7,1,10,2,3,8,2,9,16,1,4,10,2,5,1,9,6,2,3,4,2,13,8,7,5,5,5,6,3,4,14,12,10,2,7,7,16,15,16,15,7,1,13,14,13,13,14,11,7
5,8,4,10,8,6,2,6,8,14,9,10,8,4,14,8,2,11,6,5,4,5,10,10,2,1,3,3,3,4,10,3,4,8,5,2,2,4,6,6,4,5,6,3,10,12,9,8,14,3,7,15,15,15,9,2,15,14,18,14,12,15,4,12
0,0,0,0,0,0,0,0,0,14,12,14,13,3,2,3,0,4,16,20,19,5,2,8,0,17,17,28,12,4,9,10,0,17,12,1,10,11,11,10,0,19,11,10,13,10,3,6,0,19,22,38,3,4,18,12,0,8,31,15,7,13,15,3
0,0,0,0,0,0,0,0,2,11,11,10,11,3,2,5,2,12,21,11,11,11,7,4,16,12,18,19,13,18,10,11,11,14,18,34,9,8,9,5,19,17,7,15,10,21,4,9,11,24,44,10,3,21,13,15,16,2,19,14,10,15,11,12
0,0,0,0,0,0,0,0,14,12,14,13,3,2,3,9,4,16,20,19,5,2,8,8,17,17,28,12,4,9,10,5,17,12,1,10,11,11,10,7,19,11,10,13,10,3,6,9,19,22,38,3,4,18,12,16,8,31,15,7,13,15,3,7
0,10,9,7,9,8,1,1,0,11,15,22,11,7,13,3,0,13,20,13,10,5,9,10,0,10,18,10,24,14,3,2,0,14,7,22,8,11,13,2,0,25,25,5,18,4,9,6,0,2,38,7,15,13,13,16,0,10,3,17,17,13,11,19
3,6,7,8,10,4,1,1,3,10,13,17,3,15,9,3,18,6,26,20,7,2,3,4,11,6,9,20,14,13,9,11,18,24,13,3,3,3,11,2,9,24,38,3,23,3,14,5,18,16,38,20,14,13,16,12,17,11,15,14,13,11,9,4
10,9,7,9,8,1,1,2,11,15,22,11,7,13,3,11,13,20,13,10,5,9,10,6,10,18,10,24,14,3,2,9,14,7,22,8,11,13,2,11,25,25,5,18,4,9,6,4,2,38,7,15,13,13,16,9,10,3,17,17,13,11,19,3
0,14,12,14,13,3,2,3,0,4,16,20,19,5,2,8,0,17,17,28,12,4,9,10,0,17,12,1,10,11,11,10,0,19,11,10,13,10,3,6,0,19,22,38,3,4,18,12,0,8,31,15,7,13,15,3,0,5,6,10,2,6,4,9
2,11,11,10,11,3,2,5,2,12,21,11,11,11,7,4,16,12,18,19,13,18,10,11,11,14,18,34,9,8,9,5,19,17,7,15,10,21,4,9,11,24,44,10,3,21,13,15,16,2,19,14,10,15,11,12,3,6,3,3,4,7,10,1
14,12,14,13,3,2,3,9,4,16,20,19,5,2,8,8,17,17,28,12,4,9,10,5,17,12,1,10,11,11,10,7,19,11,10,13,10,3,6,9,19,22,38,3,4,18,12,16,8,31,15,7,13,15,3,7,5,6,10,2,6,4,9,7
0,0,0,0,0,0,0,0,0,1,1,2,2,4,13,3,0,9,2,0,22,6,8,16,0,1,2,1,8,1,14,17,0,0,3,0,1,1,12,8,0,1,2,18,0,5,16,11,0,0,0,4,9,16,20,8,0,8,0,8,12,15,10,7
0,0,0,0,0,0,0,0,3,1,1,4,1,7,7,6,10,3,1,1,20,10,8,10,8,0,1,2,17,6,6,28,6,8,1,0,7,3,7,17,0,2,3,2,14,14,8,7,0,0,0,5,12,20,9,9,2,6,2,9,14,14,5,1
0,0,0,0,0,0,0,0,1,1,2,2,4,13,3,9,9,2,0,22,6,8,16,5,1,2,1,8,1,14,17,19,0,3,0,1,1,12,8,7,1,2,18,0,5,16,11,2,0,0,4,9,16,20,8,8,8,0,8,12,15,10,7,0
0,1,1,2,2,2,2,3,0,2,0,1,11,3,19,16,0,5,1,9,15,3,13,18,0,2,3,2,4,1,16,6,0,0,1,0,2,10,18,2,0,1,3,8,0,16,21,19,0,0,0,4,11,16,13,9,0,7,0,7,11,10,7,2
4,2,1,1,2,2,2,2,6,1,0,6,4,10,18,5,3,7,0,5,16,3,11,23,12,0,1,0,15,1,9,20,0,11,16,4,6,1,8,10,0,0,1,3,7,12,24,14,2,1,0,9,12,15,12,9,4,5,1,7,9,9,3,0
1,1,2,2,2,2,3,1,2,0,1,11,3,19,16,6,5,1,9,15,3,13,18,4,2,3,2,4,1,16,6,21,0,1,0,2,10,18,2,9,1,3,8,0,16,21,19,10,0,0,4,11,16,13,9,0,7,0,7,11,10,7,2,1
0,1,1,2,2,4,13,3,0,9,2,0,22,6,8,16,0,1,2,1,8,1,14,17,0,0,3,0,1,1,12,8,0,1,2,18,0,5,16,11,0,0,0,4,9,16,20,8,0,8,0,8,12,15,10,7,0,9,9,16,18,3,14,1
3,1,1,4,1,7,7,6,10,3,1,1,20,10,8,10,8,0,1,2,17,6,6,28,6,8,1,0,7,3,7,17,0,2,3,2,14,14,8,7,0,0,0,5,12,20,9,9,2,6,2,9,14,14,5,1,2,10,14,15,8,8,2,4
1,1,2,2,4,13,3,9,9,2,0,22,6,8,16,5,1,2,1,8,1,14,17,19,0,3,0,1,1,12,8,7,1,2,18,0,5,16,11,2,0,0,4,9,16,20,8,8,8,0,8,12,15,10,7,0,9,9,16,18,3,14,1,12
0,0,0,0,0,0,0,0,0,0,0,0,0,0,0,0,0,0,0,0,0,0,0,0,0,0,0,10,0,0,0,0,0,9,3,1,0,0,0,0,0,7,4,3,0,0,0,0,0,2,0,0,1,0,2,2,0,8,7,4,0,2,4,2
0,0,0,0,0,0,0,0,2,0,0,3,0,0,0,0,3,0,0,0,0,0,0,0,2,5,12,4,3,1,0,0,0,0,0,10,0,3,0,0,2,3,0,0,4,0,0,0,5,2,8,1,0,0,0,0,6,0,0,1,0,2,7,0
0,0,0,0,0,0,0,0,0,0,0,0,0,0,0,0,0,0,0,0,0,0,0,0,0,0,10,0,0,0,0,0,9,3,1,0,0,0,0,0,7,4,3,0,0,0,0,0,2,0,0,1,0,2,2,1,8,7,4,0,2,4,2,6
0,0,0,0,0,0,0,0,0,0,0,7,0,0,0,0,0,0,0,4,0,1,3,0,0,3,0,6,6,0,0,0,0,3,1,3,0,0,0,0,0,11,7,0,0,2,0,0,0,4,7,0,2,0,3,8,0,10,6,0,2,4,7,5
7,1,0,0,0,0,0,0,5,0,0,4,0,3,0,0,0,3,5,3,0,0,0,0,0,0,0,11,0,5,0,1,0,2,0,0,0,0,0,1,5,7,1,0,0,0,0,0,2,3,0,3,4,0,4,6,6,0,0,1,2,7,7,12
0,0,0,0,0,0,0,0,0,0,7,0,0,0,0,0,0,0,4,0,1,3,0,0,3,0,6,6,0,0,0,0,3,1,3,0,0,0,0,0,11,7,0,0,2,0,0,0,4,7,0,2,0,3,8,4,10,6,0,2,4,7,5,0
0,0,0,0,0,0,0,0,0,0,0,0,0,0,0,0,0,0,0,10,0,0,0,0,0,9,3,1,0,0,0,0,0,7,4,3,0,0,0,0,0,2,0,0,1,0,2,2,0,8,7,4,0,2,4,2,0,12,1,3,0,2,6,3
2,0,0,3,0,0,0,0,3,0,0,0,0,0,0,0,2,5,12,4,3,1,0,0,0,0,0,10,0,3,0,0,2,3,0,0,4,0,0,0,5,2,8,1,0,0,0,0,6,0,0,1,0,2,7,0,7,8,0,2,0,10,4,14
0,0,0,0,0,0,0,0,0,0,0,0,0,0,0,0,0,0,10,0,0,0,0,0,9,3,1,0,0,0,0,0,7,4,3,0,0,0,0,0,2,0,0,1,0,2,2,1,8,7,4,0,2,4,2,6,12,1,3,0,2,6,3,0
0,0,0,0,0,0,0,0,0,0,0,0,0,0,0,0,0,0,0,0,0,1,0,0,0,0,3,0,2,0,0,1,0,0,0,0,0,0,0,0,0,0,0,0,0,0,0,0,0,0,0,0,0,0,0,0,0,0,0,0,0,0,0,0
0,0,0,0,0,0,0,0,0,0,0,0,0,0,0,0,0,0,0,0,0,1,0,0,1,0,0,0,1,0,1,0,0,0,1,0,2,1,0,0,0,0,0,0,0,1,0,0,0,0,0,0,0,0,0,0,0,0,0,1,0,0,0,0
0,0,0,0,0,0,0,0,0,0,0,0,0,0,0,0,0,0,0,0,1,0,0,0,0,3,0,2,0,0,1,0,0,0,0,0,0,0,0,0,0,0,0,0,0,0,0,0,0,0,0,0,0,0,0,0,0,0,0,0,0,0,0,0
0,0,0,0,0,0,0,0,0,1,0,0,1,0,1,0,0,0,1,0,0,0,0,0,0,0,1,0,0,2,0,0,0,0,0,0,0,0,0,0,0,0,0,1,1,1,0,0,0,0,0,0,0,0,0,0,0,1,0,0,0,1,0,0
0,0,0,0,0,0,0,0,0,1,0,1,1,1,0,0,0,0,0,3,0,0,1,0,0,0,0,0,1,0,0,0,0,0,2,0,0,0,0,0,0,0,0,2,0,1,0,0,0,2,0,0,0,0,0,0,0,0,0,0,1,0,0,0
0,0,0,0,0,0,0,0,1,0,0,1,0,1,0,0,0,1,0,0,0,0,0,0,0,1,0,0,2,0,0,0,0,0,0,0,0,0,0,0,0,0,1,1,1,0,0,0,0,0,0,0,0,0,0,0,1,0,0,0,1,0,0,0
0,0,0,0,0,0,0,0,0,0,0,0,0,1,0,0,0,0,3,0,2,0,0,1,0,0,0,0,0,0,0,0,0,0,0,0,0,0,0,0,0,0,0,0,0,0,0,0,0,0,0,0,0,0,0,0,0,0,0,0,0,0,0,2
0,0,0,0,0,0,0,0,0,0,0,0,0,1,0,0,1,0,0,0,1,0,1,0,0,0,1,0,2,1,0,0,0,0,0,0,0,1,0,0,0,0,0,0,0,0,0,0,0,0,0,1,0,0,0,0,0,0,0,0,0,0,1,0
0,0,0,0,0,0,0,0,0,0,0,0,1,0,0,0,0,3,0,2,0,0,1,0,0,0,0,0,0,0,0,0,0,0,0,0,0,0,0,0,0,0,0,0,0,0,0,0,0,0,0,0,0,0,0,0,0,0,0,0,0,0,2,0
0,0,0,0,0,0,0,0,0,5,2,1,3,9,11,10,0,11,5,10,9,10,2,14,0,3,4,3,1,13,1,5,0,2,5,4,2,16,1,8,0,2,3,9,3,2,5,9,0,4,3,1,7,2,9,10,0,7,5,4,10,9,8,7
0,0,0,0,0,0,0,0,0,3,3,0,6,7,13,7,4,8,4,3,9,1,6,17,1,1,14,0,6,5,9,14,3,1,12,2,4,3,9,8,4,2,3,6,1,5,10,1,3,6,0,14,7,6,10,3,3,3,7,7,8,10,5,1
0,0,0,0,0,0,0,0,5,2,1,3,9,11,10,10,11,5,10,9,10,2,14,10,3,4,3,1,13,1,5,23,2,5,4,2,16,1,8,10,2,3,9,3,2,5,9,3,4,3,1,7,2,9,10,7,7,5,4,10,9,8,7,0
0,3,0,2,1,1,4,3,0,12,7,12,16,9,2,11,0,6,4,3,5,13,3,9,0,5,4,4,1,13,1,7,0,3,5,16,5,11,1,8,0,3,5,3,2,9,8,6,0,4,2,10,9,8,11,6,0,7,9,8,6,10,9,4
0,0,0,0,1,3,3,4,2,9,6,2,17,4,7,11,1,2,2,1,10,3,8,19,2,2,14,1,0,2,11,7,3,1,6,7,7,8,14,7,4,5,4,1,2,11,13,10,4,6,6,8,5,10,10,5,2,7,4,5,9,10,7,1
3,0,2,1,1,4,3,5,12,7,12,16,9,2,11,12,6,4,3,5,13,3,9,18,5,4,4,1,13,1,7,19,3,5,16,5,11,1,8,10,3,5,3,2,9,8,6,11,4,2,10,9,8,11,6,1,7,9,8,6,10,9,4,6
0,5,2,1,3,9,11,10,0,11,5,10,9,10,2,14,0,3,4,3,1,13,1,5,0,2,5,4,2,16,1,8,0,2,3,9,3,2,5,9,0,4,3,1,7,2,9,10,0,7,5,4,10,9,8,7,0,9,12,16,14,9,12,0
0,3,3,0,6,7,13,7,4,8,4,3,9,1,6,17,1,1,14,0,6,5,9,14,3,1,12,2,4,3,9,8,4,2,3,6,1,5,10,1,3,6,0,14,7,6,10,3,3,3,7,7,8,10,5,1,0,12,8,14,15,6,10,1
5,2,1,3,9,11,10,10,11,5,10,9,10,2,14,10,3,4,3,1,13,1,5,23,2,5,4,2,16,1,8,10,2,3,9,3,2,5,9,3,4,3,1,7,2,9,10,7,7,5,4,10,9,8,7,0,9,12,16,14,9,12,0,13
0,0,0,0,0,0,0,0,0,1,0,2,0,0,0,2,0,0,0,0,1,5,0,0,0,15,0,0,0,7,0,0,0,8,0,13,0,7,0,3,0,5,0,0,6,7,0,2,0,11,19,0,11,9,5,14,0,13,21,9,10,11,12,12
0,0,0,0,0,0,0,0,0,0,0,0,0,0,0,0,0,7,0,1,4,0,0,6,0,0,6,0,0,3,2,0,1,0,0,0,0,0,0,0,1,0,1,5,0,2,2,0,13,0,0,0,13,10,10,10,5,9,0,5,10,12,6,20
0,0,0,0,0,0,0,0,1,0,2,0,0,0,2,0,0,0,0,1,5,0,0,0,15,0,0,0,7,0,0,1,8,0,13,0,7,0,3,0,5,0,0,6,7,0,2,0,11,19,0,11,9,5,14,7,13,21,9,10,11,12,12,0
0,0,0,0,0,0,0,0,0,1,0,0,0,7,0,0,0,5,0,0,0,0,0,0,0,14,0,5,0,4,0,3,0,6,0,10,1,0,1,1,0,5,0,3,8,0,9,4,0,15,26,8,6,10,12,5,0,12,13,9,7,10,9,17
1,0,0,0,0,0,0,0,0,0,0,0,0,1,4,6,9,0,10,0,1,3,2,0,0,0,10,8,0,0,0,0,3,0,0,0,1,4,0,0,9,0,18,10,1,7,10,6,14,8,0,11,9,11,12,6,5,13,9,10,10,10,10,8
0,0,0,0,0,0,0,0,1,0,0,0,7,0,0,0,5,0,0,0,0,0,0,4,14,0,5,0,4,0,3,0,6,0,10,1,0,1,1,0,5,0,3,8,0,9,4,1,15,26,8,6,10,12,5,12,12,13,9,7,10,9,17,12
0,1,0,2,0,0,0,2,0,0,0,0,1,5,0,0,0,15,0,0,0,7,0,0,0,8,0,13,0,7,0,3,0,5,0,0,6,7,0,2,0,11,19,0,11,9,5,14,0,13,21,9,10,11,12,12,0,7,13,11,9,11,6,1
0,0,0,0,0,0,0,0,0,7,0,1,4,0,0,6,0,0,6,0,0,3,2,0,1,0,0,0,0,0,0,0,1,0,1,5,0,2,2,0,13,0,0,0,13,10,10,10,5,9,0,5,10,12,6,20,1,6,12,10,11,2,15,0
1,0,2,0,0,0,2,0,0,0,0,1,5,0,0,0,15,0,0,0,7,0,0,1,8,0,13,0,7,0,3,0,5,0,0,6,7,0,2,0,11,19,0,11,9,5,14,7,13,21,9,10,11,12,12,0,7,13,11,9,11,6,1,11
0,0,0,0,0,0,0,0,0,0,0,0,0,0,0,0,0,0,0,0,0,0,0,0,0,0,0,0,0,0,0,0,0,4,0,5,0,0,0,0,0,0,0,1,0,0,0,0,0,3,0,0,0,0,0,0,0,0,14,0,0,0,0,0
0,0,0,0,0,0,0,0,1,0,0,0,0,0,0,0,1,0,0,0,0,0,0,0,1,0,8,0,1,0,0,0,2,0,0,0,0,0,0,0,2,0,0,0,0,0,0,0,3,1,0,0,0,0,0,0,1,0,0,0,0,0,0,0
0,0,0,0,0,0,0,0,0,0,0,0,0,0,0,0,0,0,0,0,0,0,0,0,0,0,0,0,0,0,0,0,4,0,5,0,0,0,0,0,0,0,1,0,0,0,0,0,3,0,0,0,0,0,0,0,0,14,0,0,0,0,0,0
0,0,0,0,0,0,0,0,0,0,0,0,0,0,0,0,0,0,1,0,0,0,0,0,0,2,0,1,0,0,0,0,0,0,0,9,0,0,0,0,0,1,0,0,0,0,0,0,0,2,5,0,0,0,0,0,0,0,11,0,0,0,0,0
0,0,0,0,0,0,0,0,1,0,0,0,0,0,0,0,1,0,0,0,0,0,0,0,1,0,3,0,0,0,0,0,2,0,0,0,0,0,0,0,6,0,0,1,0,0,0,0,1,1,0,0,0,0,0,0,0,0,0,0,0,0,0,1
0,0,0,0,0,0,0,0,0,0,0,0,0,0,0,0,0,1,0,0,0,0,0,0,2,0,1,0,0,0,0,0,0,0,9,0,0,0,0,0,1,0,0,0,0,0,0,0,2,5,0,0,0,0,0,0,0,11,0,0,0,0,0,0
0,0,0,0,0,0,0,0,0,0,0,0,0,0,0,0,0,0,0,0,0,0,0,0,0,4,0,5,0,0,0,0,0,0,0,1,0,0,0,0,0,3,0,0,0,0,0,0,0,0,14,0,0,0,0,0,0,0,0,0,0,0,0,0
1,0,0,0,0,0,0,0,1,0,0,0,0,0,0,0,1,0,8,0,1,0,0,0,2,0,0,0,0,0,0,0,2,0,0,0,0,0,0,0,3,1,0,0,0,0,0,0,1,0,0,0,0,0,0,0,0,0,0,0,0,0,0,0
0,0,0,0,0,0,0,0,0,0,0,0,0,0,0,0,0,0,0,0,0,0,0,0,4,0,5,0,0,0,0,0,0,0,1,0,0,0,0,0,3,0,0,0,0,0,0,0,0,14,0,0,0,0,0,0,0,0,0,0,0,0,0,0
0,0,0,0,0,0,0,0,0,0,0,0,0,0,0,0,0,0,0,0,0,1,0,0,0,0,2,0,1,0,0,2,0,1,1,0,0,0,0,6,0,0,2,0,2,0,0,0,0,0,1,1,1,0,13,12,0,15,0,5,8,12,14,8
0,0,0,0,0,0,0,0,0,0,0,0,0,0,0,0,3,0,0,0,5,0,1,1,2,0,0,1,1,1,0,3,4,0,0,0,0,0,0,1,2,1,2,0,0,4,0,0,1,1,0,2,0,13,11,10,2,5,0,12,10,14,11,13
0,0,0,0,0,0,0,0,0,0,0,0,0,0,0,0,0,0,0,0,1,0,0,0,0,2,0,1,0,0,2,0,1,1,0,0,0,0,6,0,0,2,0,2,0,0,0,0,0,1,1,1,0,13,12,8,15,0,5,8,12,14,8,8
0,0,0,0,0,1,0,0,0,0,0,0,1,0,5,0,0,3,0,0,0,0,0,2,0,0,0,0,0,4,0,1,0,1,1,7,0,0,1,0,0,0,3,2,0,7,0,0,0,0,0,0,14,10,12,15,0,11,6,3,14,12,10,22
0,0,0,0,0,0,0,1,1,0,0,0,0,0,6,0,1,0,0,0,1,0,0,1,3,0,1,0,1,0,0,2,3,1,0,0,0,1,0,2,2,2,1,4,0,1,1,0,5,2,0,10,13,10,15,17,3,16,2,12,12,11,12,12
0,0,0,0,1,0,0,0,0,0,0,1,0,5,0,0,3,0,0,0,0,0,2,0,0,0,0,0,4,0,1,2,1,1,7,0,0,1,0,0,0,3,2,0,7,0,0,0,0,0,0,14,10,12,15,12,11,6,3,14,12,10,22,3
0,0,0,0,0,0,0,0,0,0,0,0,0,1,0,0,0,0,2,0,1,0,0,2,0,1,1,0,0,0,0,6,0,0,2,0,2,0,0,0,0,0,1,1,1,0,13,12,0,15,0,5,8,12,14,8,0,8,11,8,0,8,8,3
0,0,0,0,0,0,0,0,3,0,0,0,5,0,1,1,2,0,0,1,1,1,0,3,4,0,0,0,0,0,0,1,2,1,2,0,0,4,0,0,1,1,0,2,0,13,11,10,2,5,0,12,10,14,11,13,1,8,5,4,1,10,12,1
0,0,0,0,0,0,0,0,0,0,0,0,1,0,0,0,0,2,0,1,0,0,2,0,1,1,0,0,0,0,6,0,0,2,0,2,0,0,0,0,0,1,1,1,0,13,12,8,15,0,5,8,12,14,8,8,8,11,8,0,8,8,3,10
0,0,0,0,0,0,0,0,0,4,3,2,0,0,0,0,0,0,3,0,0,0,0,0,0,0,5,10,0,0,2,0,0,0,0,0,9,0,0,0,0,0,0,0,0,0,0,0,0,3,0,11,0,0,0,0,0,0,0,0,0,0,0,0
0,0,0,0,0,0,0,0,0,1,0,0,0,0,0,0,0,0,0,4,0,0,0,0,3,6,0,5,0,0,0,0,5,1,0,8,1,6,0,0,0,10,0,0,0,0,0,0,0,2,13,0,0,0,0,0,0,0,11,0,0,0,0,0
0,0,0,0,0,0,0,0,4,3,2,0,0,0,0,3,0,3,0,0,0,0,0,0,0,5,10,0,0,2,0,0,0,0,0,9,0,0,0,0,0,0,0,0,0,0,0,2,3,0,11,0,0,0,0,0,0,0,0,0,0,0,0,0
0,6,6,6,5,5,4,5,0,0,2,5,0,0,0,0,0,0,2,0,2,0,0,0,0,0,1,0,7,0,1,0,0,0,0,0,0,0,3,0,0,0,0,0,0,0,0,0,0,0,0,0,0,0,0,0,0,0,0,0,0,0,0,0
6,5,5,5,6,2,7,6,0,1,2,5,0,0,0,0,0,0,0,0,0,0,0,0,3,7,0,0,0,4,0,0,3,12,0,10,0,0,0,0,0,3,0,0,6,0,0,0,0,0,20,0,0,0,0,0,0,0,0,0,0,0,0,0
6,6,6,5,5,4,5,9,0,2,5,0,0,0,0,1,0,2,0,2,0,0,0,0,0,1,0,7,0,1,0,0,0,0,0,0,0,3,0,0,0,0,0,0,0,0,0,0,0,0,0,0,0,0,0,0,0,0,0,0,0,0,0,0
0,4,3,2,0,0,0,0,0,0,3,0,0,0,0,0,0,0,5,10,0,0,2,0,0,0,0,0,9,0,0,0,0,0,0,0,0,0,0,0,0,3,0,11,0,0,0,0,0,0,0,0,0,0,0,0,0,0,0,0,0,0,0,0
0,1,0,0,0,0,0,0,0,0,0,4,0,0,0,0,3,6,0,5,0,0,0,0,5,1,0,8,1,6,0,0,0,10,0,0,0,0,0,0,0,2,13,0,0,0,0,0,0,0,11,0,0,0,0,0,0,0,0,0,0,0,0,0
4,3,2,0,0,0,0,3,0,3,0,0,0,0,0,0,0,5,10,0,0,2,0,0,0,0,0,9,0,0,0,0,0,0,0,0,0,0,0,2,3,0,11,0,0,0,0,0,0,0,0,0,0,0,0,0,0,0,0,0,0,0,0,0
0,0,0,0,0,0,0,0,0,0,0,1,1,0,0,0,0,0,0,1,0,0,0,0,0,0,0,0,0,0,0,0,0,1,0,11,0,0,0,0,0,1,1,0,11,0,0,0,0,0,18,0,0,3,0,0,0,0,3,0,0,0,0,7
0,0,0,0,0,0,0,0,0,0,1,0,1,0,0,0,0,0,1,1,0,0,0,0,0,0,0,2,0,0,0,0,4,0,0,0,0,0,0,0,4,0,5,0,0,0,0,0,0,3,3,0,0,0,0,3,8,0,0,1,0,0,1,6
0,0,0,0,0,0,0,0,0,0,1,1,0,0,0,1,0,0,1,0,0,0,0,0,0,0,0,0,0,0,0,0,1,0,11,0,0,0,0,0,1,1,0,11,0,0,0,1,0,18,0,0,3,0,0,3,0,3,0,0,0,0,7,0
0,0,0,0,2,1,0,0,0,1,0,1,0,0,0,0,0,0,0,0,0,0,0,0,0,1,0,1,0,0,0,0,0,1,0,1,0,0,0,0,0,0,2,0,0,0,0,0,0,0,13,3,0,0,0,0,0,1,0,2,0,0,0,6
0,0,1,1,1,0,0,1,0,0,1,0,0,0,0,0,4,0,4,0,0,1,0,0,0,0,0,7,0,0,0,0,5,0,0,6,0,0,0,0,2,2,9,0,0,0,0,0,2,0,0,3,0,0,0,4,10,0,0,0,0,0,7,3
0,0,0,2,1,0,0,0,1,0,1,0,0,0,0,1,0,0,0,0,0,0,0,0,1,0,1,0,0,0,0,1,1,0,1,0,0,0,0,0,0,2,0,0,0,0,0,1,0,13,3,0,0,0,0,6,1,0,2,0,0,0,6,1
0,0,0,1,1,0,0,0,0,0,0,1,0,0,0,0,0,0,0,0,0,0,0,0,0,1,0,11,0,0,0,0,0,1,1,0,11,0,0,0,0,0,18,0,0,3,0,0,0,0,3,0,0,0,0,7,0,4,0,0,1,5,7,1
0,0,1,0,1,0,0,0,0,0,1,1,0,0,0,0,0,0,0,2,0,0,0,0,4,0,0,0,0,0,0,0,4,0,5,0,0,0,0,0,0,3,3,0,0,0,0,3,8,0,0,1,0,0,1,6,8,5,2,0,2,5,3,8
0,0,1,1,0,0,0,1,0,0,1,0,0,0,0,0,0,0,0,0,0,0,0,0,1,0,11,0,0,0,0,0,1,1,0,11,0,0,0,1,0,18,0,0,3,0,0,3,0,3,0,0,0,0,7,0,4,0,0,1,5,7,1,3
0,0,0,0,0,0,0,0,0,1,1,0,1,1,2,2,0,3,0,1,2,2,1,3,0,0,0,0,0,2,0,2,0,3,1,2,1,1,0,2,0,3,0,1,0,2,2,2,0,2,0,0,2,1,2,1,0,3,3,3,2,1,1,1
0,0,0,0,0,0,0,0,3,0,0,1,1,2,2,1,2,3,0,2,3,1,2,2,1,2,2,0,1,1,1,4,1,0,0,4,0,1,1,2,2,1,0,1,0,0,2,1,5,0,1,0,0,1,1,0,2,2,3,1,2,1,1,1
0,0,0,0,0,0,0,0,1,1,0,1,1,2,2,1,3,0,1,2,2,1,3,0,0,0,0,0,2,0,2,2,3,1,2,1,1,0,2,1,3,0,1,0,2,2,2,0,2,0,0,2,1,2,1,2,3,3,3,2,1,1,1,10
0,0,0,0,0,1,1,0,0,1,1,0,1,0,2,3,0,2,1,0,1,2,0,3,0,0,1,1,0,3,0,2,0,2,0,1,1,1,0,2,0,3,0,0,1,2,1,2,0,2,3,0,1,2,1,3,0,2,3,1,1,2,1,1
2,0,0,0,0,1,0,0,3,1,1,1,2,1,3,2,1,2,0,1,2,2,2,3,2,2,1,0,0,3,1,2,2,1,3,1,1,2,1,0,2,0,0,1,1,2,2,0,3,3,5,0,2,2,1,3,1,2,1,0,1,2,1,5
0,0,0,0,1,1,0,0,1,1,0,1,0,2,3,0,2,1,0,1,2,0,3,0,0,1,1,0,3,0,2,2,2,0,1,1,1,0,2,0,3,0,0,1,2,1,2,0,2,3,0,1,2,1,3,6,2,3,1,1,2,1,1,0
0,1,1,0,1,1,2,2,0,3,0,1,2,2,1,3,0,0,0,0,0,2,0,2,0,3,1,2,1,1,0,2,0,3,0,1,0,2,2,2,0,2,0,0,2,1,2,1,0,3,3,3,2,1,1,1,0,1,2,2,2,2,2,1
3,0,0,1,1,2,2,1,2,3,0,2,3,1,2,2,1,2,2,0,1,1,1,4,1,0,0,4,0,1,1,2,2,1,0,1,0,0,2,1,5,0,1,0,0,1,1,0,2,2,3,1,2,1,1,1,1,1,2,2,2,2,1,0
1,1,0,1,1,2,2,1,3,0,1,2,2,1,3,0,0,0,0,0,2,0,2,2,3,1,2,1,1,0,2,1,3,0,1,0,2,2,2,0,2,0,0,2,1,2,1,2,3,3,3,2,1,1,1,10,1,2,2,2,2,2,1,0
0,0,0,0,0,0,0,0,0,5,3,1,2,5,9,11,0,5,4,2,2,3,6,6,0,1,6,6,6,8,5,8,0,1,5,0,9,2,7,4,0,15,0,11,5,8,18,9,0,10,8,19,1,3,5,2,0,5,4,2,3,2,1,2
0,0,0,0,0,0,0,0,10,3,3,1,2,5,10,10,5,10,3,4,7,2,8,8,2,2,0,1,5,2,4,8,4,8,1,6,4,2,7,10,6,15,5,11,5,2,6,7,1,12,22,3,3,4,3,3,3,0,25,4,2,1,1,1
0,0,0,0,0,0,0,0,5,3,1,2,5,9,11,7,5,4,2,2,3,6,6,11,1,6,6,6,8,5,8,7,1,5,0,9,2,7,4,13,15,0,11,5,8,18,9,6,10,8,19,1,3,5,2,2,5,4,2,3,2,1,2,5
0,4,3,3,4,2,5,4,0,3,3,1,11,3,3,11,0,1,2,2,8,6,1,8,0,0,8,0,2,0,6,10,0,10,2,2,5,8,7,10,0,13,5,3,1,4,2,2,0,1,3,4,7,5,1,2,0,0,3,5,0,1,1,0
11,4,3,5,4,2,5,6,7,6,4,1,8,3,6,9,2,3,1,2,5,4,5,8,2,8,1,1,2,1,7,6,5,5,1,4,8,4,12,12,5,16,3,2,3,5,2,2,1,0,28,2,4,1,2,3,0,1,2,2,0,1,1,1
4,3,3,4,2,5,4,4,3,3,1,11,3,3,11,9,1,2,2,8,6,1,8,12,0,8,0,2,0,6,10,12,10,2,2,5,8,7,10,6,13,5,3,1,4,2,2,2,1,3,4,7,5,1,2,1,0,3,5,0,1,1,0,1
0,5,3,1,2,5,9,11,0,5,4,2,2,3,6,6,0,1,6,6,6,8,5,8,0,1,5,0,9,2,7,4,0,15,0,11,5,8,18,9,0,10,8,19,1,3,5,2,0,5,4,2,3,2,1,2,0,0,5,5,5,2,1,10
10,3,3,1,2,5,10,10,5,10,3,4,7,2,8,8,2,2,0,1,5,2,4,8,4,8,1,6,4,2,7,10,6,15,5,11,5,2,6,7,1,12,22,3,3,4,3,3,3,0,25,4,2,1,1,1,3,2,7,2,4,3,1,9
5,3,1,2,5,9,11,7,5,4,2,2,3,6,6,11,1,6,6,6,8,5,8,7,1,5,0,9,2,7,4,13,15,0,11,5,8,18,9,6,10,8,19,1,3,5,2,2,5,4,2,3,2,1,2,5,0,5,5,5,2,1,10,1
0,0,0,0,0,0,0,0,0,1,1,1,1,1,1,0,0,1,1,0,1,0,2,0,0,0,1,5,0,0,0,0,0,0,0,1,7,0,0,0,0,0,0,1,0,1,0,0,0,0,2,5,0,1,1,0,0,2,0,2,1,0,1,0
0,0,0,0,0,0,0,0,1,1,1,2,1,1,0,0,1,0,2,1,0,0,0,0,2,0,1,0,0,0,0,0,2,0,1,0,2,0,0,0,1,4,0,0,0,0,0,0,2,1,0,1,1,0,0,0,1,2,16,1,0,0,0,0
0,0,0,0,0,0,0,0,1,1,1,1,1,1,0,0,1,1,0,1,0,2,0,0,0,1,5,0,0,0,0,0,0,0,1,7,0,0,0,1,0,0,1,0,1,0,0,0,0,2,5,0,1,1,0,0,2,0,2,1,0,1,0,1
0,1,2,2,1,0,0,0,0,1,1,1,1,0,0,1,0,1,1,2,0,0,0,0,0,0,1,7,0,0,1,0,0,0,0,1,1,1,0,0,0,1,3,0,0,1,1,0,0,3,1,2,0,1,0,1,0,2,1,1,0,0,0,1
0,1,0,2,0,0,0,0,1,1,2,1,0,1,1,0,1,1,2,0,0,0,0,0,1,2,2,0,1,0,0,0,1,0,2,0,1,1,0,0,1,1,1,3,3,1,1,0,2,4,0,1,0,1,1,0,1,2,1,0,0,0,0,0
1,2,2,1,0,0,0,0,1,1,1,1,0,0,1,0,1,1,2,0,0,0,0,0,0,1,7,0,0,1,0,0,0,0,1,1,1,0,0,1,1,3,0,0,1,1,0,1,3,1,2,0,1,0,1,0,2,1,1,0,0,0,1,0
0,1,1,1,1,1,1,0,0,1,1,0,1,0,2,0,0,0,1,5,0,0,0,0,0,0,0,1,7,0,0,0,0,0,0,1,0,1,0,0,0,0,2,5,0,1,1,0,0,2,0,2,1,0,1,0,0,1,1,0,0,0,1,1
1,1,1,2,1,1,0,0,1,0,2,1,0,0,0,0,2,0,1,0,0,0,0,0,2,0,1,0,2,0,0,0,1,4,0,0,0,0,0,0,2,1,0,1,1,0,0,0,1,2,16,1,0,0,0,0,0,1,0,0,0,1,1,0
1,1,1,1,1,1,0,0,1,1,0,1,0,2,0,0,0,1,5,0,0,0,0,0,0,0,1,7,0,0,0,1,0,0,1,0,1,0,0,0,0,2,5,0,1,1,0,0,2,0,2,1,0,1,0,1,1,1,0,0,0,1,1,1
0,0,0,0,0,0,0,0,0,1,2,1,2,2,2,3,0,2,4,5,3,5,1,2,0,1,1,3,5,3,2,2,0,4,3,2,2,2,2,3,0,4,3,6,3,2,2,5,0,2,3,6,2,3,3,2,0,2,2,3,3,3,3,3
0,0,0,0,0,0,0,0,0,2,2,1,2,1,2,4,0,3,2,3,3,3,1,4,0,3,1,4,2,4,1,3,0,6,3,3,3,3,2,2,0,5,5,5,2,1,4,4,0,2,11,2,2,3,2,3,0,1,3,4,3,3,3,4
0,0,0,0,0,0,0,0,1,2,1,2,2,2,3,2,2,4,5,3,5,1,2,5,1,1,3,5,3,2,2,4,4,3,2,2,2,2,3,2,4,3,6,3,2,2,5,3,2,3,6,2,3,3,2,3,2,2,3,3,3,3,3,4
0,2,2,2,2,2,2,2,0,2,2,2,1,4,1,2,0,1,2,3,2,4,2,2,0,2,3,2,4,3,2,3,0,5,4,1,2,2,1,4,0,3,3,6,4,1,3,4,0,2,2,4,3,2,3,3,0,2,2,3,2,2,2,2
0,2,2,2,2,2,2,2,0,3,3,1,3,4,1,4,0,2,2,3,2,3,1,4,0,5,2,5,1,3,2,3,0,6,4,4,4,2,4,4,0,4,7,3,1,2,5,3,0,1,8,5,3,3,3,3,0,0,3,3,3,2,2,2
2,2,2,2,2,2,2,2,2,2,2,1,4,1,2,4,1,2,3,2,4,2,2,5,2,3,2,4,3,2,3,3,5,4,1,2,2,1,4,3,3,3,6,4,1,3,4,3,2,2,4,3,2,3,3,3,2,2,3,2,2,2,2,4
0,1,2,1,2,2,2,3,0,2,4,5,3,5,1,2,0,1,1,3,5,3,2,2,0,4,3,2,2,2,2,3,0,4,3,6,3,2,2,5,0,2,3,6,2,3,3,2,0,2,2,3,3,3,3,3,0,0,0,0,1,1,1,0
0,2,2,1,2,1,2,4,0,3,2,3,3,3,1,4,0,3,1,4,2,4,1,3,0,6,3,3,3,3,2,2,0,5,5,5,2,1,4,4,0,2,11,2,2,3,2,3,0,1,3,4,3,3,3,4,0,0,0,0,1,1,1,1
1,2,1,2,2,2,3,2,2,4,5,3,5,1,2,5,1,1,3,5,3,2,2,4,4,3,2,2,2,2,3,2,4,3,6,3,2,2,5,3,2,3,6,2,3,3,2,3,2,2,3,3,3,3,3,4,0,0,0,1,1,1,0,1
0,0,0,0,0,0,0,0,0,6,6,9,5,0,4,3,0,9,7,5,13,15,6,16,0,24,6,14,9,22,8,17,0,32,5,12,4,11,8,14,0,34,11,23,15,6,10,15,0,32,30,20,15,17,25,21,0,20,61,25,22,23,22,20
0,0,0,0,0,0,0,0,7,6,6,1,4,0,4,6,9,10,7,7,20,6,10,12,10,14,29,14,18,22,14,22,13,14,11,43,6,11,18,11,32,18,3,13,15,15,21,7,17,28,63,11,10,29,23,20,26,18,23,22,24,23,22,19
0,0,0,0,0,0,0,0,6,6,9,5,0,4,3,5,9,7,5,13,15,6,16,4,24,6,14,9,22,8,17,16,32,5,12,4,11,8,14,13,34,11,23,15,6,10,15,3,32,30,20,15,17,25,21,20,20,61,25,22,23,22,20,22
0,8,7,8,8,6,5,5,0,5,6,8,0,9,17,9,0,21,9,15,8,12,9,21,0,25,2,7,15,15,7,13,0,33,8,15,9,5,3,8,0,28,12,5,36,16,19,3,0,19,51,21,28,27,23,22,0,26,37,27,23,21,25,22
8,7,7,7,6,6,4,8,8,6,6,5,4,11,18,6,12,16,16,9,13,8,12,20,10,11,15,29,10,25,12,18,25,18,8,7,4,9,14,8,24,24,25,8,15,11,15,2,18,23,45,30,27,24,21,23,28,18,20,24,22,23,24,27
8,7,8,8,6,5,5,6,5,6,8,0,9,17,9,4,21,9,15,8,12,9,21,10,25,2,7,15,15,7,13,20,33,8,15,9,5,3,8,6,28,12,5,36,16,19,3,0,19,51,21,28,27,23,22,19,26,37,27,23,21,25,22,23
0,6,6,9,5,0,4,3,0,9,7,5,13,15,6,16,0,24,6,14,9,22,8,17,0,32,5,12,4,11,8,14,0,34,11,23,15,6,10,15,0,32,30,20,15,17,25,21,0,20,61,25,22,23,22,20,0,26,24,28,22,18,23,29
7,6,6,1,4,0,4,6,9,10,7,7,20,6,10,12,10,14,29,14,18,22,14,22,13,14,11,43,6,11,18,11,32,18,3,13,15,15,21,7,17,28,63,11,10,29,23,20,26,18,23,22,24,23,22,19,26,22,24,25,19,22,20,24
6,6,9,5,0,4,3,5,9,7,5,13,15,6,16,4,24,6,14,9,22,8,17,16,32,5,12,4,11,8,14,13,34,11,23,15,6,10,15,3,32,30,20,15,17,25,21,20,20,61,25,22,23,22,20,22,26,24,28,22,18,23,29,21
0,0,0,0,0,0,0,0,0,0,0,0,0,3,0,0,0,0,6,4,0,0,0,0,0,2,0,16,2,0,0,0,0,11,0,1,2,0,0,0,0,29,8,0,0,0,0,0,0,13,25,24,3,1,0,1,0,0,16,0,1,1,1,1
0,0,0,0,0,0,0,0,1,0,0,1,1,0,0,0,0,1,0,0,0,0,0,0,1,0,1,4,0,4,0,0,1,1,0,31,0,0,0,0,10,14,2,0,0,1,0,0,11,21,54,2,1,1,0,0,1,2,6,1,1,1,1,0
0,0,0,0,0,0,0,0,0,0,0,0,3,0,0,0,0,6,4,0,0,0,0,0,2,0,16,2,0,0,0,0,11,0,1,2,0,0,0,0,29,8,0,0,0,0,0,0,13,25,24,3,1,0,1,0,0,16,0,1,1,1,1,0
0,0,0,0,0,0,0,0,0,3,0,3,0,0,0,0,0,0,2,7,0,0,0,0,0,8,0,0,15,0,0,1,0,25,1,0,0,0,0,0,0,31,10,7,24,1,1,0,0,3,27,1,1,1,1,1,0,1,4,0,0,1,1,0
0,0,0,0,0,0,0,0,1,0,0,0,0,0,0,0,1,0,1,6,0,0,1,0,0,6,1,16,1,8,1,0,7,0,0,1,0,1,0,0,10,16,8,4,5,3,0,0,1,1,27,0,1,0,1,1,1,0,1,1,1,0,0,0
0,0,0,0,0,0,0,0,3,0,3,0,0,0,0,0,0,2,7,0,0,0,0,0,8,0,0,15,0,0,1,0,25,1,0,0,0,0,0,0,31,10,7,24,1,1,0,0,3,27,1,1,1,1,1,0,1,4,0,0,1,1,0,0
0,0,0,0,0,3,0,0,0,0,6,4,0,0,0,0,0,2,0,16,2,0,0,0,0,11,0,1,2,0,0,0,0,29,8,0,0,0,0,0,0,13,25,24,3,1,0,1,0,0,16,0,1,1,1,1,0,0,1,0,0,0,0,10
1,0,0,1,1,0,0,0,0,1,0,0,0,0,0,0,1,0,1,4,0,4,0,0,1,1,0,31,0,0,0,0,10,14,2,0,0,1,0,0,11,21,54,2,1,1,0,0,1,2,6,1,1,1,1,0,0,0,0,0,0,0,0,0
0,0,0,0,3,0,0,0,0,6,4,0,0,0,0,0,2,0,16,2,0,0,0,0,11,0,1,2,0,0,0,0,29,8,0,0,0,0,0,0,13,25,24,3,1,0,1,0,0,16,0,1,1,1,1,0,0,1,0,0,0,0,10,0
0,0,0,0,0,0,0,0,0,13,11,13,16,12,10,11,0,12,14,17,10,3,5,11,0,4,7,19,6,8,3,6,0,6,3,2,3,8,6,4,0,21,9,3,3,6,3,5,0,10,12,22,10,8,8,8,0,11,27,6,10,8,12,15
0,0,0,0,0,0,0,0,13,13,14,14,12,11,10,13,15,6,14,4,5,2,4,10,4,6,7,9,3,3,7,12,8,3,6,19,2,6,11,5,12,15,1,2,7,1,12,5,14,16,34,5,3,14,8,6,9,2,26,8,10,8,9,11
0,0,0,0,0,0,0,0,13,11,13,16,12,10,11,13,12,14,17,10,3,5,11,9,4,7,19,6,8,3,6,4,6,3,2,3,8,6,4,7,21,9,3,3,6,3,5,10,10,12,22,10,8,8,8,3,11,27,6,10,8,12,15,9
0,9,9,9,11,10,11,10,0,12,14,8,15,4,11,9,0,6,11,16,3,5,9,8,0,3,8,2,14,4,6,4,0,18,3,6,6,2,3,5,0,20,13,18,3,3,8,4,0,5,20,3,10,10,9,11,0,9,14,11,10,7,8,12
8,9,8,11,12,10,10,8,16,12,13,13,10,5,10,9,5,3,4,2,6,5,6,8,6,7,8,8,1,11,7,7,13,9,4,4,3,7,8,10,7,11,14,3,15,6,3,3,9,4,40,8,10,8,10,12,6,11,3,11,9,8,12,9
9,9,9,11,10,11,10,6,12,14,8,15,4,11,9,11,6,11,16,3,5,9,8,5,3,8,2,14,4,6,4,3,18,3,6,6,2,3,5,7,20,13,18,3,3,8,4,4,5,20,3,10,10,9,11,7,9,14,11,10,7,8,12,8
0,13,11,13,16,12,10,11,0,12,14,17,10,3,5,11,0,4,7,19,6,8,3,6,0,6,3,2,3,8,6,4,0,21,9,3,3,6,3,5,0,10,12,22,10,8,8,8,0,11,27,6,10,8,12,15,0,9,12,11,9,8,9,9
13,13,14,14,12,11,10,13,15,6,14,4,5,2,4,10,4,6,7,9,3,3,7,12,8,3,6,19,2,6,11,5,12,15,1,2,7,1,12,5,14,16,34,5,3,14,8,6,9,2,26,8,10,8,9,11,7,12,8,10,8,10,6,9
13,11,13,16,12,10,11,13,12,14,17,10,3,5,11,9,4,7,19,6,8,3,6,4,6,3,2,3,8,6,4,7,21,9,3,3,6,3,5,10,10,12,22,10,8,8,8,3,11,27,6,10,8,12,15,9,9,12,11,9,8,9,9,10
0,0,0,0,0,0,0,0,0,1,4,5,1,11,8,5,0,7,0,2,1,6,0,5,0,0,2,0,8,3,3,1,0,0,1,0,0,6,1,4,0,0,3,16,0,0,15,4,0,0,0,6,12,3,2,0,0,1,0,8,4,2,3,7
0,0,0,0,0,0,0,0,1,4,6,7,6,9,7,8,4,0,0,0,5,0,0,6,0,0,0,0,2,0,0,2,0,5,5,0,1,0,0,6,0,3,2,0,13,8,9,3,5,0,0,2,9,3,0,1,0,0,16,3,3,0,6,3
0,0,0,0,0,0,0,0,1,4,5,1,11,8,5,14,7,0,2,1,6,0,5,9,0,2,0,8,3,3,1,11,0,1,0,0,6,1,4,3,0,3,16,0,0,15,4,6,0,0,6,12,3,2,0,4,1,0,8,4,2,3,7,9
0,2,5,5,5,6,9,7,0,0,1,0,4,6,0,8,0,1,0,4,3,8,3,1,0,0,0,0,3,2,5,2,0,1,0,0,1,2,7,5,0,0,0,20,0,16,14,5,0,12,0,3,2,7,1,4,0,0,13,5,1,2,3,3
0,6,6,4,7,7,8,9,0,2,1,1,8,0,0,4,0,1,0,0,4,0,3,12,1,5,8,0,0,0,4,0,0,1,6,1,3,0,9,0,0,4,0,7,1,11,13,6,3,0,14,0,5,4,3,5,1,2,0,0,3,0,0,7
2,5,5,5,6,9,7,13,0,1,0,4,6,0,8,11,1,0,4,3,8,3,1,7,0,0,0,3,2,5,2,9,1,0,0,1,2,7,5,8,0,0,20,0,16,14,5,11,12,0,3,2,7,1,4,4,0,13,5,1,2,3,3,9
0,1,4,5,1,11,8,5,0,7,0,2,1,6,0,5,0,0,2,0,8,3,3,1,0,0,1,0,0,6,1,4,0,0,3,16,0,0,15,4,0,0,0,6,12,3,2,0,0,1,0,8,4,2,3,7,0,0,0,0,1,0,0,1
1,4,6,7,6,9,7,8,4,0,0,0,5,0,0,6,0,0,0,0,2,0,0,2,0,5,5,0,1,0,0,6,0,3,2,0,13,8,9,3,5,0,0,2,9,3,0,1,0,0,16,3,3,0,6,3,0,0,1,1,0,0,0,3
1,4,5,1,11,8,5,14,7,0,2,1,6,0,5,9,0,2,0,8,3,3,1,11,0,1,0,0,6,1,4,3,0,3,16,0,0,15,4,6,0,0,6,12,3,2,0,4,1,0,8,4,2,3,7,9,0,0,0,1,0,0,1,2
0,0,0,0,0,0,0,0,0,6,6,6,9,0,0,3,0,0,2,0,0,2,0,2,0,8,3,11,1,1,2,1,0,4,1,7,5,3,4,4,0,11,0,0,6,3,2,0,0,7,22,15,0,13,2,2,0,3,6,6,9,7,6,8
0,0,0,0,0,0,0,0,7,4,6,6,5,0,0,3,0,4,2,1,1,2,0,2,2,12,0,2,0,3,2,0,5,9,0,15,2,2,7,0,2,11,0,2,2,1,7,4,5,11,21,0,0,10,4,4,9,5,17,11,7,6,6,10
0,0,0,0,0,0,0,0,6,6,6,9,0,0,3,2,0,2,0,0,2,0,2,0,8,3,11,1,1,2,1,0,4,1,7,5,3,4,4,1,11,0,0,6,3,2,0,6,7,22,15,0,13,2,2,4,3,6,6,9,7,6,8,6
0,9,10,8,11,12,8,10,0,0,3,6,0,3,0,0,0,2,4,7,0,0,0,2,0,6,7,7,19,5,3,4,0,7,0,0,3,0,8,5,0,15,2,5,10,0,11,0,0,0,14,1,10,8,8,5,0,7,0,11,8,6,7,10
8,8,11,10,13,10,10,8,4,0,3,0,0,0,0,1,5,5,6,1,0,4,3,0,3,10,0,17,1,0,2,0,5,14,2,1,2,2,4,0,0,4,6,1,16,5,2,0,4,6,14,11,10,7,7,7,9,4,8,12,6,5,9,2
9,10,8,11,12,8,10,10,0,3,6,0,3,0,0,0,2,4,7,0,0,0,2,5,6,7,7,19,5,3,4,0,7,0,0,3,0,8,5,0,15,2,5,10,0,11,0,0,0,14,1,10,8,8,5,6,7,0,11,8,6,7,10,7
0,6,6,6,9,0,0,3,0,0,2,0,0,2,0,2,0,8,3,11,1,1,2,1,0,4,1,7,5,3,4,4,0,11,0,0,6,3,2,0,0,7,22,15,0,13,2,2,0,3,6,6,9,7,6,8,0,3,0,2,4,5,6,5
7,4,6,6,5,0,0,3,0,4,2,1,1,2,0,2,2,12,0,2,0,3,2,0,5,9,0,15,2,2,7,0,2,11,0,2,2,1,7,4,5,11,21,0,0,10,4,4,9,5,17,11,7,6,6,10,6,6,2,2,6,3,6,5
6,6,6,9,0,0,3,2,0,2,0,0,2,0,2,0,8,3,11,1,1,2,1,0,4,1,7,5,3,4,4,1,11,0,0,6,3,2,0,6,7,22,15,0,13,2,2,4,3,6,6,9,7,6,8,6,3,0,2,4,5,6,5,6
0,0,0,0,0,0,0,0,0,12,10,10,11,21,24,24,0,28,12,15,21,15,13,35,0,3,15,4,5,28,4,23,0,6,14,3,14,8,5,19,0,14,7,14,7,13,32,19,0,13,1,14,15,25,26,23,0,30,10,26,33,29,24,29
0,0,0,0,0,0,0,0,4,12,10,5,14,24,27,18,2,16,9,17,25,6,19,27,2,1,3,8,18,10,24,34,1,16,21,6,11,6,20,13,8,2,1,17,9,22,40,7,6,11,13,17,21,34,28,21,17,16,29,25,32,26,26,26
0,0,0,0,0,0,0,0,12,10,10,11,21,24,24,15,28,12,15,21,15,13,35,14,3,15,4,5,28,4,23,23,6,14,3,14,8,5,19,12,14,7,14,7,13,32,19,7,13,1,14,15,25,26,23,23,30,10,26,33,29,24,29,22
0,9,8,9,6,11,14,14,0,17,13,1,23,30,12,25,0,11,10,1,11,24,13,30,0,4,13,8,8,9,11,26,0,13,13,7,17,8,10,26,0,8,7,7,4,20,46,18,0,20,0,42,32,30,29,24,0,30,21,24,29,24,26,20
5,9,8,8,7,13,14,15,5,16,11,8,33,12,21,24,1,3,4,4,21,13,26,34,2,6,11,6,11,7,26,20,1,4,7,16,14,17,32,15,9,13,2,6,6,32,30,17,18,11,23,30,32,29,24,28,18,30,30,28,28,25,30,25
9,8,9,6,11,14,14,15,17,13,1,23,30,12,25,12,11,10,1,11,24,13,30,24,4,13,8,8,9,11,26,20,13,13,7,17,8,10,26,3,8,7,7,4,20,46,18,21,20,0,42,32,30,29,24,25,30,21,24,29,24,26,20,32
0,12,10,10,11,21,24,24,0,28,12,15,21,15,13,35,0,3,15,4,5,28,4,23,0,6,14,3,14,8,5,19,0,14,7,14,7,13,32,19,0,13,1,14,15,25,26,23,0,30,10,26,33,29,24,29,0,24,27,31,27,19,24,21
4,12,10,5,14,24,27,18,2,16,9,17,25,6,19,27,2,1,3,8,18,10,24,34,1,16,21,6,11,6,20,13,8,2,1,17,9,22,40,7,6,11,13,17,21,34,28,21,17,16,29,25,32,26,26,26,17,27,29,31,23,20,17,24
12,10,10,11,21,24,24,15,28,12,15,21,15,13,35,14,3,15,4,5,28,4,23,23,6,14,3,14,8,5,19,12,14,7,14,7,13,32,19,7,13,1,14,15,25,26,23,23,30,10,26,33,29,24,29,22,24,27,31,27,19,24,21,29
0,0,0,0,0,0,0,0,0,12,9,10,12,10,13,19,0,15,13,19,8,22,7,17,0,20,13,21,4,21,7,10,0,19,19,26,21,20,7,14,0,20,9,2,16,13,7,17,0,26,29,23,23,14,12,12,0,6,31,10,12,11,13,6
0,0,0,0,0,0,0,0,9,10,9,3,9,11,18,10,4,25,13,13,15,5,11,27,0,9,37,12,4,15,14,14,0,17,18,8,14,13,11,10,15,18,8,21,4,12,19,11,20,12,32,10,21,17,14,8,9,8,34,5,12,11,6,9
0,0,0,0,0,0,0,0,12,9,10,12,10,13,19,9,15,13,19,8,22,7,17,16,20,13,21,4,21,7,10,19,19,19,26,21,20,7,14,12,20,9,2,16,13,7,17,10,26,29,23,23,14,12,12,6,6,31,10,12,11,13,6,5
0,7,7,7,7,8,6,5,0,17,13,18,17,26,8,14,0,17,13,0,9,19,7,13,0,20,10,14,13,25,10,12,0,17,14,25,15,10,10,16,0,14,15,1,11,0,20,22,0,16,31,26,11,10,11,6,0,5,21,14,10,10,12,10
6,7,7,7,9,5,6,7,13,13,15,19,22,9,7,24,0,8,15,7,11,13,11,16,0,19,24,25,5,7,12,10,6,13,5,31,12,24,12,10,22,19,13,5,10,9,19,18,2,15,34,11,8,12,9,4,6,8,34,12,11,10,10,0
7,7,7,7,8,6,5,9,17,13,18,17,26,8,14,11,17,13,0,9,19,7,13,30,20,10,14,13,25,10,12,11,17,14,25,15,10,10,16,11,14,15,1,11,0,20,22,14,16,31,26,11,10,11,6,2,5,21,14,10,10,12,10,9
0,12,9,10,12,10,13,19,0,15,13,19,8,22,7,17,0,20,13,21,4,21,7,10,0,19,19,26,21,20,7,14,0,20,9,2,16,13,7,17,0,26,29,23,23,14,12,12,0,6,31,10,12,11,13,6,0,4,10,11,12,13,7,14
9,10,9,3,9,11,18,10,4,25,13,13,15,5,11,27,0,9,37,12,4,15,14,14,0,17,18,8,14,13,11,10,15,18,8,21,4,12,19,11,20,12,32,10,21,17,14,8,9,8,34,5,12,11,6,9,6,9,8,9,14,5,15,3
12,9,10,12,10,13,19,9,15,13,19,8,22,7,17,16,20,13,21,4,21,7,10,19,19,19,26,21,20,7,14,12,20,9,2,16,13,7,17,10,26,29,23,23,14,12,12,6,6,31,10,12,11,13,6,5,4,10,11,12,13,7,14,8
0,0,0,0,0,0,0,0,0,0,0,0,0,0,2,1,0,2,3,0,3,4,0,0,0,7,3,0,0,6,0,0,0,7,5,3,0,1,0,3,0,0,8,5,10,3,0,10,0,0,12,0,0,3,0,2,0,0,0,0,3,2,2,0
0,0,0,0,0,0,0,0,0,0,0,4,0,3,1,2,0,7,1,6,6,6,0,4,3,0,5,3,2,13,1,1,0,0,1,6,0,0,0,3,0,0,0,9,4,2,5,5,0,0,12,0,0,1,0,3,0,0,0,0,2,3,1,10
0,0,0,0,0,0,0,0,0,0,0,0,0,2,1,0,2,3,0,3,4,0,0,2,7,3,0,0,6,0,0,6,7,5,3,0,1,0,3,0,0,8,5,10,3,0,10,0,0,12,0,0,3,0,2,7,0,0,0,3,2,2,0,7
0,0,0,0,0,0,0,0,0,0,0,3,0,13,0,1,0,6,3,11,0,2,3,0,0,3,0,0,0,1,0,4,0,2,9,2,0,6,0,4,0,0,4,10,14,0,6,0,0,0,0,0,0,2,2,3,0,0,0,0,0,4,3,10
0,0,0,0,0,0,0,0,0,0,0,0,3,7,0,6,7,8,11,14,0,11,4,6,0,0,0,8,3,0,2,3,0,0,3,0,0,0,0,4,0,3,18,13,0,0,7,1,0,0,0,1,0,2,6,3,0,0,0,0,3,3,2,1
0,0,0,0,0,0,0,0,0,0,3,0,13,0,1,1,6,3,11,0,2,3,0,6,3,0,0,0,1,0,4,2,2,9,2,0,6,0,4,2,0,4,10,14,0,6,0,3,0,0,0,0,2,2,3,8,0,0,0,0,4,3,10,1
0,0,0,0,0,0,2,1,0,2,3,0,3,4,0,0,0,7,3,0,0,6,0,0,0,7,5,3,0,1,0,3,0,0,8,5,10,3,0,10,0,0,12,0,0,3,0,2,0,0,0,0,3,2,2,0,0,2,2,3,3,3,3,5
0,0,0,4,0,3,1,2,0,7,1,6,6,6,0,4,3,0,5,3,2,13,1,1,0,0,1,6,0,0,0,3,0,0,0,9,4,2,5,5,0,0,12,0,0,1,0,3,0,0,0,0,2,3,1,10,0,1,1,3,3,1,8,0
0,0,0,0,0,2,1,0,2,3,0,3,4,0,0,2,7,3,0,0,6,0,0,6,7,5,3,0,1,0,3,0,0,8,5,10,3,0,10,0,0,12,0,0,3,0,2,7,0,0,0,3,2,2,0,7,2,2,3,3,3,3,5,2
0,0,0,0,0,0,0,0,0,1,1,1,1,1,2,2,0,1,2,2,1,2,1,2,0,1,4,10,1,1,0,2,0,1,0,4,8,3,1,1,0,0,0,1,1,1,2,2,0,6,2,2,5,2,3,2,0,2,2,2,1,2,2,2
0,0,0,0,0,0,0,0,0,1,1,2,2,1,2,2,0,2,1,0,1,1,1,3,0,10,6,1,1,1,2,2,0,0,2,1,1,1,1,1,0,0,1,0,0,1,3,2,5,3,1,2,3,3,2,2,1,3,4,2,2,2,1,1
0,0,0,0,0,0,0,0,1,1,1,1,1,2,2,2,1,2,2,1,2,1,2,2,1,4,10,1,1,0,2,1,1,0,4,8,3,1,1,2,0,0,1,1,1,2,2,2,6,2,2,5,2,3,2,1,2,2,2,1,2,2,2,1
0,5,3,3,5,3,2,1,0,2,2,4,2,3,1,2,0,2,1,1,0,3,1,1,0,1,0,8,3,1,1,1,0,0,0,0,0,3,2,2,0,0,0,0,0,2,2,1,0,2,0,1,1,1,2,2,0,0,2,1,2,1,1,1
0,3,3,4,3,2,2,2,0,2,3,3,4,2,1,3,0,2,2,1,1,2,1,2,0,4,5,0,2,0,2,1,0,0,2,11,1,3,2,1,0,0,2,1,5,2,2,2,3,7,2,2,1,1,2,1,0,1,1,2,2,1,1,1
5,3,3,5,3,2,1,1,2,2,4,2,3,1,2,2,2,1,1,0,3,1,1,2,1,0,8,3,1,1,1,1,0,0,0,0,3,2,2,2,0,0,0,0,2,2,1,1,2,0,1,1,1,2,2,1,0,2,1,2,1,1,1,1
0,1,1,1,1,1,2,2,0,1,2,2,1,2,1,2,0,1,4,10,1,1,0,2,0,1,0,4,8,3,1,1,0,0,0,1,1,1,2,2,0,6,2,2,5,2,3,2,0,2,2,2,1,2,2,2,0,0,2,1,1,1,1,1
0,1,1,2,2,1,2,2,0,2,1,0,1,1,1,3,0,10,6,1,1,1,2,2,0,0,2,1,1,1,1,1,0,0,1,0,0,1,3,2,5,3,1,2,3,3,2,2,1,3,4,2,2,2,1,1,0,2,2,2,1,1,0,2
1,1,1,1,1,2,2,2,1,2,2,1,2,1,2,2,1,4,10,1,1,0,2,1,1,0,4,8,3,1,1,2,0,0,1,1,1,2,2,2,6,2,2,5,2,3,2,1,2,2,2,1,2,2,2,1,0,2,1,1,1,1,1,1
0,0,0,0,0,0,0,0,0,0,0,0,0,0,0,0,0,0,0,0,0,0,0,0,0,0,0,0,2,0,0,0,0,0,0,1,0,0,0,0,0,0,0,0,0,0,0,0,0,0,0,1,0,0,0,0,0,0,0,1,0,0,0,2
0,0,0,0,0,0,0,0,0,0,0,0,0,0,0,0,0,0,0,0,0,0,0,0,0,0,3,0,0,0,0,0,0,0,1,0,0,0,0,0,0,0,0,0,0,0,0,0,0,0,0,2,0,0,0,0,0,6,5,0,0,0,0,8
0,0,0,0,0,0,0,0,0,0,0,0,0,0,0,0,0,0,0,0,0,0,0,0,0,0,0,2,0,0,0,0,0,0,1,0,0,0,0,0,0,0,0,0,0,0,0,0,0,0,1,0,0,0,0,0,0,0,1,0,0,0,2,1
0,0,3,4,2,3,0,2,0,0,0,0,0,0,0,0,0,0,0,0,0,0,0,0,0,0,1,0,0,0,0,0,0,0,0,0,1,0,0,0,0,0,0,4,0,0,1,0,0,3,0,11,0,0,0,0,0,0,0,0,0,0,0,4
0,3,3,2,3,2,2,2,0,0,0,0,0,0,0,0,0,0,0,0,0,0,0,0,0,0,0,0,0,0,0,0,0,0,0,1,0,1,0,0,0,0,0,0,0,0,0,0,0,0,0,0,0,0,2,0,2,0,5,0,0,0,4,0
0,3,4,2,3,0,2,2,0,0,0,0,0,0,0,0,0,0,0,0,0,0,0,0,0,1,0,0,0,0,0,0,0,0,0,1,0,0,0,0,0,0,4,0,0,1,0,0,3,0,11,0,0,0,0,6,0,0,0,0,0,0,4,0
0,0,0,0,0,0,0,0,0,0,0,0,0,0,0,0,0,0,0,0,2,0,0,0,0,0,0,1,0,0,0,0,0,0,0,0,0,0,0,0,0,0,0,1,0,0,0,0,0,0,0,1,0,0,0,2,0,0,0,0,0,2,0,0
0,0,0,0,0,0,0,0,0,0,0,0,0,0,0,0,0,0,3,0,0,0,0,0,0,0,1,0,0,0,0,0,0,0,0,0,0,0,0,0,0,0,0,2,0,0,0,0,0,6,5,0,0,0,0,8,5,0,1,0,0,0,2,0
0,0,0,0,0,0,0,0,0,0,0,0,0,0,0,0,0,0,0,2,0,0,0,0,0,0,1,0,0,0,0,0,0,0,0,0,0,0,0,0,0,0,1,0,0,0,0,0,0,0,1,0,0,0,2,1,0,0,0,0,2,0,0,0
0,0,0,0,0,0,0,0,0,8,8,8,9,4,15,20,0,9,7,2,9,19,7,25,0,16,10,42,6,23,5,22,0,21,12,18,26,7,5,20,0,50,6,4,14,25,14,24,0,42,41,55,14,29,30,22,0,25,41,22,27,27,27,22
0,0,0,0,0,0,0,0,8,7,8,3,14,10,18,15,11,20,5,11,27,3,19,30,15,17,7,22,11,16,20,27,22,23,8,47,7,12,20,15,33,43,15,26,3,21,35,10,10,50,89,12,23,34,25,23,28,24,58,21,28,26,22,31
0,0,0,0,0,0,0,0,8,8,8,9,4,15,20,10,9,7,2,9,19,7,25,14,16,10,42,6,23,5,22,26,21,12,18,26,7,5,20,20,50,6,4,14,25,14,24,4,42,41,55,14,29,30,22,20,25,41,22,27,27,27,22,13
0,1,1,0,1,1,5,1,0,11,5,6,7,23,16,19,0,19,10,7,5,19,7,27,0,15,11,16,26,14,2,24,0,38,12,2,4,14,13,22,0,50,14,12,31,8,39,21,0,23,49,43,25,30,25,24,0,27,14,26,23,19,23,27
4,0,0,1,0,3,4,3,12,10,8,4,15,13,21,24,20,9,20,11,19,10,17,27,15,18,2,28,13,16,18,26,31,33,5,16,8,3,17,16,24,44,39,10,34,22,29,15,21,24,81,21,29,30,24,23,25,21,34,28,22,21,25,20
1,1,0,1,1,5,1,1,11,5,6,7,23,16,19,8,19,10,7,5,19,7,27,29,15,11,16,26,14,2,24,23,38,12,2,4,14,13,22,9,50,14,12,31,8,39,21,14,23,49,43,25,30,25,24,20,27,14,26,23,19,23,27,22
0,8,8,8,9,4,15,20,0,9,7,2,9,19,7,25,0,16,10,42,6,23,5,22,0,21,12,18,26,7,5,20,0,50,6,4,14,25,14,24,0,42,41,55,14,29,30,22,0,25,41,22,27,27,27,22,0,21,25,29,26,22,22,25
8,7,8,3,14,10,18,15,11,20,5,11,27,3,19,30,15,17,7,22,11,16,20,27,22,23,8,47,7,12,20,15,33,43,15,26,3,21,35,10,10,50,89,12,23,34,25,23,28,24,58,21,28,26,22,31,23,20,29,27,27,18,23,21
8,8,8,9,4,15,20,10,9,7,2,9,19,7,25,14,16,10,42,6,23,5,22,26,21,12,18,26,7,5,20,20,50,6,4,14,25,14,24,4,42,41,55,14,29,30,22,20,25,41,22,27,27,27,22,13,21,25,29,26,22,22,25,22
0,0,0,0,0,0,0,0,0,0,0,0,0,4,12,5,0,17,0,0,7,0,8,19,0,1,0,0,5,0,1,12,0,1,2,0,0,1,10,6,0,1,3,7,0,2,17,12,0,0,0,0,1,8,8,3,0,0,0,0,7,4,0,0
0,0,0,0,0,0,0,0,14,0,0,0,0,5,11,5,14,3,0,0,14,1,12,14,0,0,0,1,14,1,8,20,1,0,1,0,3,0,6,13,1,0,1,0,9,1,7,8,0,0,1,0,3,6,4,1,0,0,0,4,4,3,1,0
0,0,0,0,0,0,0,0,0,0,0,0,4,12,5,3,17,0,0,7,0,8,19,3,1,0,0,5,0,1,12,18,1,2,0,0,1,10,6,8,1,3,7,0,2,17,12,4,0,0,0,1,8,8,3,1,0,0,0,7,4,0,0,1
0,0,0,0,0,0,4,1,0,3,0,0,14,3,11,19,0,4,0,0,10,7,4,15,0,0,0,0,0,3,12,4,0,1,2,1,0,8,13,3,0,0,0,0,0,15,11,9,0,0,2,0,3,5,2,0,0,2,0,0,6,5,3,0
11,0,0,0,0,2,1,3,14,0,0,0,10,0,14,6,0,3,1,1,14,1,14,29,0,0,0,0,8,0,11,14,1,0,1,0,8,0,12,7,0,0,2,0,0,7,15,3,0,0,2,0,4,3,0,1,0,0,0,4,5,3,0,2
0,0,0,0,0,4,1,3,3,0,0,14,3,11,19,4,4,0,0,10,7,4,15,3,0,0,0,0,3,12,4,18,1,2,1,0,8,13,3,7,0,0,0,0,15,11,9,3,0,2,0,3,5,2,0,0,2,0,0,6,5,3,0,2
0,0,0,0,0,4,12,5,0,17,0,0,7,0,8,19,0,1,0,0,5,0,1,12,0,1,2,0,0,1,10,6,0,1,3,7,0,2,17,12,0,0,0,0,1,8,8,3,0,0,0,0,7,4,0,0,0,4,1,6,7,1,2,1
14,0,0,0,0,5,11,5,14,3,0,0,14,1,12,14,0,0,0,1,14,1,8,20,1,0,1,0,3,0,6,13,1,0,1,0,9,1,7,8,0,0,1,0,3,6,4,1,0,0,0,4,4,3,1,0,1,3,8,5,0,3,0,8
0,0,0,0,4,12,5,3,17,0,0,7,0,8,19,3,1,0,0,5,0,1,12,18,1,2,0,0,1,10,6,8,1,3,7,0,2,17,12,4,0,0,0,1,8,8,3,1,0,0,0,7,4,0,0,1,4,1,6,7,1,2,1,6
0,0,0,0,0,0,0,0,0,0,0,0,0,0,0,1,0,0,0,0,2,0,0,4,0,0,0,0,0,0,0,1,0,0,2,0,0,1,0,0,0,0,1,0,0,6,0,0,0,0,0,0,3,1,0,0,0,0,0,0,0,0,0,0
0,0,0,0,0,0,0,0,6,0,0,0,0,1,1,0,7,0,0,0,0,0,2,0,0,0,0,0,2,0,2,7,0,0,0,0,6,0,1,6,0,0,3,0,0,0,0,0,1,0,0,1,2,0,0,0,0,0,0,0,0,0,0,0
0,0,0,0,0,0,0,0,0,0,0,0,0,0,1,0,0,0,0,2,0,0,4,0,0,0,0,0,0,0,1,0,0,2,0,0,1,0,0,1,0,1,0,0,6,0,0,0,0,0,0,3,1,0,0,0,0,0,0,0,0,0,0,0
0,0,0,1,0,0,1,0,0,0,0,0,2,0,3,0,0,0,0,0,1,0,2,1,0,0,0,0,0,0,0,0,0,0,1,0,0,0,5,1,0,0,0,0,0,1,0,4,0,0,0,0,0,0,0,0,0,0,0,0,0,0,0,0
0,0,0,1,0,0,0,1,6,0,0,8,5,0,0,0,0,0,0,0,1,0,0,5,0,0,0,0,0,0,3,2,0,0,0,0,1,0,5,0,1,0,0,0,0,0,0,4,0,0,0,1,0,0,0,0,0,0,0,0,0,0,0,0
0,0,1,0,0,1,0,1,0,0,0,2,0,3,0,1,0,0,0,1,0,2,1,0,0,0,0,0,0,0,0,2,0,1,0,0,0,5,1,0,0,0,0,0,1,0,4,2,0,0,0,0,0,0,0,0,0,0,0,0,0,0,0,0
0,0,0,0,0,0,0,1,0,0,0,0,2,0,0,4,0,0,0,0,0,0,0,1,0,0,2,0,0,1,0,0,0,0,1,0,0,6,0,0,0,0,0,0,3,1,0,0,0,0,0,0,0,0,0,0,0,0,0,0,0,0,0,0
6,0,0,0,0,1,1,0,7,0,0,0,0,0,2,0,0,0,0,0,2,0,2,7,0,0,0,0,6,0,1,6,0,0,3,0,0,0,0,0,1,0,0,1,2,0,0,0,0,0,0,0,0,0,0,0,0,0,0,0,0,0,0,0
0,0,0,0,0,0,1,0,0,0,0,2,0,0,4,0,0,0,0,0,0,0,1,0,0,2,0,0,1,0,0,1,0,1,0,0,6,0,0,0,0,0,0,3,1,0,0,0,0,0,0,0,0,0,0,0,0,0,0,0,0,0,0,0
0,0,0,0,0,0,0,0,0,0,2,1,1,0,0,0,0,0,1,0,0,0,1,0,0,0,4,6,0,1,3,0,0,0,1,0,8,0,2,0,0,6,0,0,3,0,0,0,0,2,0,7,5,3,0,0,0,0,0,0,0,0,0,0
0,0,0,0,0,0,0,0,8,1,2,2,4,0,0,0,1,0,3,0,0,0,0,0,9,5,0,5,0,3,1,0,16,10,0,14,0,1,1,0,6,12,3,0,0,4,0,2,0,3,12,1,10,0,0,0,0,0,19,0,0,0,0,0
0,0,0,0,0,0,0,0,0,2,1,1,0,0,0,0,0,1,0,0,0,1,0,5,0,4,6,0,1,3,0,0,0,1,0,8,0,2,0,0,6,0,0,3,0,0,0,5,2,0,7,5,3,0,0,0,0,0,0,0,0,0,0,0
0,1,0,0,1,2,1,1,0,1,1,1,0,0,0,1,0,0,1,1,0,0,0,0,0,0,4,10,8,1,3,0,0,2,0,1,3,0,6,0,0,7,0,0,1,0,0,0,0,0,0,14,0,0,0,0,0,0,0,0,0,0,0,0
5,1,1,1,1,1,1,1,7,1,1,10,1,0,1,0,0,0,16,3,0,0,0,0,15,9,0,0,0,3,1,0,13,16,3,11,0,0,1,0,0,7,3,0,6,0,0,3,2,4,19,0,0,0,0,0,1,0,7,0,0,0,0,0
1,0,0,1,2,1,1,0,1,1,1,0,0,0,1,3,0,1,1,0,0,0,0,2,0,4,10,8,1,3,0,0,2,0,1,3,0,6,0,2,7,0,0,1,0,0,0,9,0,0,14,0,0,0,0,0,0,0,0,0,0,0,0,1
0,0,2,1,1,0,0,0,0,0,1,0,0,0,1,0,0,0,4,6,0,1,3,0,0,0,1,0,8,0,2,0,0,6,0,0,3,0,0,0,0,2,0,7,5,3,0,0,0,0,0,0,0,0,0,0,0,0,0,0,0,0,0,0
8,1,2,2,4,0,0,0,1,0,3,0,0,0,0,0,9,5,0,5,0,3,1,0,16,10,0,14,0,1,1,0,6,12,3,0,0,4,0,2,0,3,12,1,10,0,0,0,0,0,19,0,0,0,0,0,0,0,0,0,0,0,0,0
0,2,1,1,0,0,0,0,0,1,0,0,0,1,0,5,0,4,6,0,1,3,0,0,0,1,0,8,0,2,0,0,6,0,0,3,0,0,0,5,2,0,7,5,3,0,0,0,0,0,0,0,0,0,0,0,0,0,0,0,0,0,0,0
0,0,0,0,0,0,0,0,0,0,0,0,0,0,0,0,0,0,0,0,0,0,0,0,0,5,0,0,0,0,0,0,0,0,0,1,0,0,0,0,0,0,0,0,3,0,0,0,0,5,11,0,0,1,0,0,0,0,0,1,0,0,0,0
0,0,0,0,0,0,0,0,0,0,0,0,0,0,0,0,0,0,0,0,0,0,0,0,1,0,1,0,0,0,0,0,0,0,0,1,0,0,0,0,0,3,5,0,1,0,0,0,0,0,4,0,1,0,0,0,1,0,0,0,0,0,0,0
0,0,0,0,0,0,0,0,0,0,0,0,0,0,0,0,0,0,0,0,0,0,0,0,5,0,0,0,0,0,0,0,0,0,1,0,0,0,0,0,0,0,0,3,0,0,0,0,5,11,0,0,1,0,0,0,0,0,1,0,0,0,0,0
0,0,0,0,0,0,0,0,0,0,0,0,0,0,0,0,0,0,0,0,0,0,0,0,0,5,0,0,0,0,0,0,0,0,0,0,0,1,0,0,0,0,0,2,3,0,0,0,0,0,1,0,0,0,0,0,0,0,0,2,0,0,0,0
0,0,0,0,0,0,0,0,0,0,0,0,0,0,0,0,0,0,0,0,0,0,0,0,0,1,0,1,0,0,0,0,0,0,0,0,1,0,0,0,0,0,9,8,0,0,0,0,0,0,0,0,0,0,0,0,2,0,0,0,0,0,0,0
0,0,0,0,0,0,0,0,0,0,0,0,0,0,0,0,0,0,0,0,0,0,0,0,5,0,0,0,0,0,0,0,0,0,0,0,1,0,0,0,0,0,2,3,0,0,0,0,0,1,0,0,0,0,0,0,0,0,2,0,0,0,0,0
0,0,0,0,0,0,0,0,0,0,0,0,0,0,0,0,0,5,0,0,0,0,0,0,0,0,0,1,0,0,0,0,0,0,0,0,3,0,0,0,0,5,11,0,0,1,0,0,0,0,0,1,0,0,0,0,0,0,0,1,0,0,0,0
0,0,0,0,0,0,0,0,0,0,0,0,0,0,0,0,1,0,1,0,0,0,0,0,0,0,0,1,0,0,0,0,0,3,5,0,1,0,0,0,0,0,4,0,1,0,0,0,1,0,0,0,0,0,0,0,1,0,0,0,0,0,0,0
0,0,0,0,0,0,0,0,0,0,0,0,0,0,0,0,5,0,0,0,0,0,0,0,0,0,1,0,0,0,0,0,0,0,0,3,0,0,0,0,5,11,0,0,1,0,0,0,0,0,1,0,0,0,0,0,0,0,1,0,0,0,0,0
