0,0,0,0,0,0,0,0,0,0,0,0,0,0,0,0,0,0,0,0,0,0,0,0,0,0,0,0,0,0,0,0,0,3,0,0,0,6,0,0,0,0,0,0,0,0,0,0,0,0,0,0,0,0,0,0,0,0,0,0,0,0,0,0
0,0,0,0,0,0,0,0,0,0,0,0,0,0,0,0,0,0,0,0,0,0,0,0,0,0,0,0,0,0,0,0,3,0,0,0,6,0,0,0,0,0,0,0,0,0,0,0,0,0,0,0,0,0,0,0,0,0,0,0,0,0,0,0
0,0,0,0,0,0,0,0,0,0,0,0,0,0,0,0,0,0,0,0,0,0,0,0,0,0,0,0,0,0,0,0,0,0,0,6,0,0,0,0,0,0,0,0,0,0,0,0,0,0,0,0,0,0,0,0,0,0,0,0,0,0,0,0
0,0,0,0,0,0,0,0,0,0,0,0,0,0,0,0,0,0,0,0,0,0,0,0,0,3,0,0,0,6,0,0,0,0,0,0,0,0,0,0,0,0,0,0,0,0,0,0,0,0,0,0,0,0,0,0,0,1,0,0,0,0,0,0
0,0,0,0,0,0,0,0,0,0,0,0,0,0,0,0,0,0,0,0,0,0,0,0,3,0,0,0,6,0,0,0,0,0,0,0,0,0,0,0,0,0,0,0,0,0,0,0,0,0,0,0,0,0,0,0,1,0,0,0,0,0,0,0
0,0,0,0,0,0,0,0,0,0,0,0,0,0,0,0,0,0,0,0,0,0,0,0,0,0,0,6,0,0,0,0,0,0,0,0,0,0,0,0,0,0,0,0,0,0,0,0,0,0,0,0,0,0,0,0,0,0,0,0,0,0,0,0
0,0,0,0,0,0,0,0,0,0,0,0,0,0,0,0,0,3,0,0,0,6,0,0,0,0,0,0,0,0,0,0,0,0,0,0,0,0,0,0,0,0,0,0,0,0,0,0,0,1,0,0,0,0,0,0,0,0,0,0,0,0,0,0
0,0,0,0,0,0,0,0,0,0,0,0,0,0,0,0,3,0,0,0,6,0,0,0,0,0,0,0,0,0,0,0,0,0,0,0,0,0,0,0,0,0,0,0,0,0,0,0,1,0,0,0,0,0,0,0,0,0,0,0,0,0,0,0
0,0,0,0,0,0,0,0,0,0,0,0,0,0,0,0,0,0,0,6,0,0,0,0,0,0,0,0,0,0,0,0,0,0,0,0,0,0,0,0,0,0,0,0,0,0,0,0,0,0,0,0,0,0,0,0,0,0,0,0,0,0,0,0
0,0,0,0,0,0,0,0,0,0,0,1,1,3,3,7,0,3,15,11,15,17,6,0,0,3,12,13,7,7,13,9,0,5,15,18,0,3,3,11,0,1,15,9,13,7,15,11,0,6,12,9,13,14,6,11,0,7,9,15,3,0,9,0
0,0,0,0,0,0,0,0,0,0,1,1,3,3,7,3,3,15,11,15,17,6,0,12,3,12,13,7,7,13,9,7,5,15,18,0,3,3,11,0,1,15,9,13,7,15,11,3,6,12,9,13,14,6,11,12,7,9,15,3,0,9,0,0
0,0,0,0,0,0,0,0,0,1,1,3,3,7,3,0,15,11,15,17,6,0,12,0,12,13,7,7,13,9,7,0,15,18,0,3,3,11,0,0,15,9,13,7,15,11,3,0,12,9,13,14,6,11,12,0,9,15,3,0,9,0,0,0
0,0,0,1,1,3,3,7,0,3,15,11,15,17,6,0,0,3,12,13,7,7,13,9,0,5,15,18,0,3,3,11,0,1,15,9,13,7,15,11,0,6,12,9,13,14,6,11,0,7,9,15,3,0,9,0,0,0,12,13,5,3,1,0
0,0,1,1,3,3,7,3,3,15,11,15,17,6,0,12,3,12,13,7,7,13,9,7,5,15,18,0,3,3,11,0,1,15,9,13,7,15,11,3,6,12,9,13,14,6,11,12,7,9,15,3,0,9,0,0,0,12,13,5,3,1,0,0
0,1,1,3,3,7,3,0,15,11,15,17,6,0,12,0,12,13,7,7,13,9,7,0,15,18,0,3,3,11,0,0,15,9,13,7,15,11,3,0,12,9,13,14,6,11,12,0,9,15,3,0,9,0,0,0,12,13,5,3,1,0,0,0
0,3,15,11,15,17,6,0,0,3,12,13,7,7,13,9,0,5,15,18,0,3,3,11,0,1,15,9,13,7,15,11,0,6,12,9,13,14,6,11,0,7,9,15,3,0,9,0,0,0,12,13,5,3,1,0,0,0,0,0,0,0,0,0
3,15,11,15,17,6,0,12,3,12,13,7,7,13,9,7,5,15,18,0,3,3,11,0,1,15,9,13,7,15,11,3,6,12,9,13,14,6,11,12,7,9,15,3,0,9,0,0,0,12,13,5,3,1,0,0,0,0,0,0,0,0,0,0
15,11,15,17,6,0,12,0,12,13,7,7,13,9,7,0,15,18,0,3,3,11,0,0,15,9,13,7,15,11,3,0,12,9,13,14,6,11,12,0,9,15,3,0,9,0,0,0,12,13,5,3,1,0,0,0,0,0,0,0,0,0,0,0
0,0,0,0,0,0,0,0,0,1,3,5,6,9,0,3,0,1,7,3,7,5,1,0,0,10,0,9,1,7,5,3,0,9,1,13,11,0,0,5,0,14,9,6,5,1,7,6,0,15,9,13,1,11,3,15,0,7,7,17,7,6,15,11
0,0,0,0,0,0,0,0,1,3,5,6,9,0,3,0,1,7,3,7,5,1,0,0,10,0,9,1,7,5,3,7,9,1,13,11,0,0,5,0,14,9,6,5,1,7,6,0,15,9,13,1,11,3,15,5,7,7,17,7,6,15,11,7
0,0,0,0,0,0,0,0,3,5,6,9,0,3,0,0,7,3,7,5,1,0,0,0,0,9,1,7,5,3,7,0,1,13,11,0,0,5,0,0,9,6,5,1,7,6,0,0,9,13,1,11,3,15,5,0,7,17,7,6,15,11,7,0
0,1,3,5,6,9,0,3,0,1,7,3,7,5,1,0,0,10,0,9,1,7,5,3,0,9,1,13,11,0,0,5,0,14,9,6,5,1,7,6,0,15,9,13,1,11,3,15,0,7,7,17,7,6,15,11,0,5,7,7,9,7,10,12
1,3,5,6,9,0,3,0,1,7,3,7,5,1,0,0,10,0,9,1,7,5,3,7,9,1,13,11,0,0,5,0,14,9,6,5,1,7,6,0,15,9,13,1,11,3,15,5,7,7,17,7,6,15,11,7,5,7,7,9,7,10,12,0
3,5,6,9,0,3,0,0,7,3,7,5,1,0,0,0,0,9,1,7,5,3,7,0,1,13,11,0,0,5,0,0,9,6,5,1,7,6,0,0,9,13,1,11,3,15,5,0,7,17,7,6,15,11,7,0,7,7,9,7,10,12,0,0
0,1,7,3,7,5,1,0,0,10,0,9,1,7,5,3,0,9,1,13,11,0,0,5,0,14,9,6,5,1,7,6,0,15,9,13,1,11,3,15,0,7,7,17,7,6,15,11,0,5,7,7,9,7,10,12,0,0,0,0,0,0,0,0
1,7,3,7,5,1,0,0,10,0,9,1,7,5,3,7,9,1,13,11,0,0,5,0,14,9,6,5,1,7,6,0,15,9,13,1,11,3,15,5,7,7,17,7,6,15,11,7,5,7,7,9,7,10,12,0,0,0,0,0,0,0,0,0
7,3,7,5,1,0,0,0,0,9,1,7,5,3,7,0,1,13,11,0,0,5,0,0,9,6,5,1,7,6,0,0,9,13,1,11,3,15,5,0,7,17,7,6,15,11,7,0,7,7,9,7,10,12,0,0,0,0,0,0,0,0,0,0
0,0,0,0,0,0,0,0,0,9,5,1,3,5,0,3,0,3,3,3,1,3,0,3,0,0,3,0,0,0,0,0,0,0,3,0,0,7,0,0,0,0,0,0,5,0,5,1,0,0,3,0,0,3,0,0,0,0,1,11,1,0,0,0
0,0,0,0,0,0,0,0,9,5,1,3,5,0,3,3,3,3,3,1,3,0,3,5,0,3,0,0,0,0,0,0,0,3,0,0,7,0,0,0,0,0,0,5,0,5,1,3,0,3,0,0,3,0,0,0,0,1,11,1,0,0,0,3
0,0,0,0,0,0,0,0,5,1,3,5,0,3,3,0,3,3,1,3,0,3,5,0,3,0,0,0,0,0,0,0,3,0,0,7,0,0,0,0,0,0,5,0,5,1,3,0,3,0,0,3,0,0,0,0,1,11,1,0,0,0,3,0
0,9,5,1,3,5,0,3,0,3,3,3,1,3,0,3,0,0,3,0,0,0,0,0,0,0,3,0,0,7,0,0,0,0,0,0,5,0,5,1,0,0,3,0,0,3,0,0,0,0,1,11,1,0,0,0,0,3,0,0,1,0,0,0
9,5,1,3,5,0,3,3,3,3,3,1,3,0,3,5,0,3,0,0,0,0,0,0,0,3,0,0,7,0,0,0,0,0,0,5,0,5,1,3,0,3,0,0,3,0,0,0,0,1,11,1,0,0,0,3,3,0,0,1,0,0,0,0
5,1,3,5,0,3,3,0,3,3,1,3,0,3,5,0,3,0,0,0,0,0,0,0,3,0,0,7,0,0,0,0,0,0,5,0,5,1,3,0,3,0,0,3,0,0,0,0,1,11,1,0,0,0,3,0,0,0,1,0,0,0,0,0
0,3,3,3,1,3,0,3,0,0,3,0,0,0,0,0,0,0,3,0,0,7,0,0,0,0,0,0,5,0,5,1,0,0,3,0,0,3,0,0,0,0,1,11,1,0,0,0,0,3,0,0,1,0,0,0,0,0,0,0,0,0,0,0
3,3,3,1,3,0,3,5,0,3,0,0,0,0,0,0,0,3,0,0,7,0,0,0,0,0,0,5,0,5,1,3,0,3,0,0,3,0,0,0,0,1,11,1,0,0,0,3,3,0,0,1,0,0,0,0,0,0,0,0,0,0,0,0
3,3,1,3,0,3,5,0,3,0,0,0,0,0,0,0,3,0,0,7,0,0,0,0,0,0,5,0,5,1,3,0,3,0,0,3,0,0,0,0,1,11,1,0,0,0,3,0,0,0,1,0,0,0,0,0,0,0,0,0,0,0,0,0
0,0,0,0,0,0,0,0,0,0,0,0,0,0,0,0,0,0,0,0,0,0,0,0,0,1,0,0,0,0,0,0,0,0,0,0,1,0,0,0,0,0,0,0,0,0,0,0,0,0,0,0,0,0,0,0,0,0,0,0,0,0,0,0
0,0,0,0,0,0,0,0,0,0,0,0,0,0,0,0,0,0,0,0,0,0,0,0,1,0,0,0,0,0,0,0,0,0,0,1,0,0,0,0,0,0,0,0,0,0,0,0,0,0,0,0,0,0,0,0,0,0,0,0,0,0,0,0
0,0,0,0,0,0,0,0,0,0,0,0,0,0,0,0,0,0,0,0,0,0,0,0,0,0,0,0,0,0,0,0,0,0,1,0,0,0,0,0,0,0,0,0,0,0,0,0,0,0,0,0,0,0,0,0,0,0,0,0,0,0,0,0
0,0,0,0,0,0,0,0,0,0,0,0,0,0,0,0,0,1,0,0,0,0,0,0,0,0,0,0,1,0,0,0,0,0,0,0,0,0,0,0,0,0,0,0,0,0,0,0,0,0,0,0,0,0,0,0,0,0,0,7,0,0,0,0
0,0,0,0,0,0,0,0,0,0,0,0,0,0,0,0,1,0,0,0,0,0,0,0,0,0,0,1,0,0,0,0,0,0,0,0,0,0,0,0,0,0,0,0,0,0,0,0,0,0,0,0,0,0,0,0,0,0,7,0,0,0,0,0
0,0,0,0,0,0,0,0,0,0,0,0,0,0,0,0,0,0,0,0,0,0,0,0,0,0,1,0,0,0,0,0,0,0,0,0,0,0,0,0,0,0,0,0,0,0,0,0,0,0,0,0,0,0,0,0,0,7,0,0,0,0,0,0
0,0,0,0,0,0,0,0,0,1,0,0,0,0,0,0,0,0,0,0,1,0,0,0,0,0,0,0,0,0,0,0,0,0,0,0,0,0,0,0,0,0,0,0,0,0,0,0,0,0,0,7,0,0,0,0,0,0,0,0,0,0,0,0
0,0,0,0,0,0,0,0,1,0,0,0,0,0,0,0,0,0,0,1,0,0,0,0,0,0,0,0,0,0,0,0,0,0,0,0,0,0,0,0,0,0,0,0,0,0,0,0,0,0,7,0,0,0,0,0,0,0,0,0,0,0,0,0
0,0,0,0,0,0,0,0,0,0,0,0,0,0,0,0,0,0,1,0,0,0,0,0,0,0,0,0,0,0,0,0,0,0,0,0,0,0,0,0,0,0,0,0,0,0,0,0,0,7,0,0,0,0,0,0,0,0,0,0,0,0,0,0
0,0,0,0,0,0,0,0,0,5,0,1,0,0,0,0,0,3,0,0,7,0,0,0,0,0,0,0,0,0,0,0,0,0,0,0,0,0,0,0,0,0,0,1,3,0,0,0,0,0,0,0,0,0,0,0,0,0,0,0,0,0,0,0
0,0,0,0,0,0,0,0,5,0,1,0,0,0,0,0,3,0,0,7,0,0,0,0,0,0,0,0,0,0,0,0,0,0,0,0,0,0,0,0,0,0,1,3,0,0,0,0,0,0,0,0,0,0,0,0,0,0,0,0,0,0,0,0
0,0,0,0,0,0,0,0,0,1,0,0,0,0,0,0,0,0,7,0,0,0,0,0,0,0,0,0,0,0,0,0,0,0,0,0,0,0,0,0,0,1,3,0,0,0,0,0,0,0,0,0,0,0,0,0,0,0,0,0,0,0,0,0
0,5,0,1,0,0,0,0,0,3,0,0,7,0,0,0,0,0,0,0,0,0,0,0,0,0,0,0,0,0,0,0,0,0,0,1,3,0,0,0,0,0,0,0,0,0,0,0,0,0,0,0,0,0,0,0,0,0,0,0,0,0,0,0
5,0,1,0,0,0,0,0,3,0,0,7,0,0,0,0,0,0,0,0,0,0,0,0,0,0,0,0,0,0,0,0,0,0,1,3,0,0,0,0,0,0,0,0,0,0,0,0,0,0,0,0,0,0,0,0,0,0,0,0,0,0,0,0
0,1,0,0,0,0,0,0,0,0,7,0,0,0,0,0,0,0,0,0,0,0,0,0,0,0,0,0,0,0,0,0,0,1,3,0,0,0,0,0,0,0,0,0,0,0,0,0,0,0,0,0,0,0,0,0,0,0,0,0,0,0,0,0
0,3,0,0,7,0,0,0,0,0,0,0,0,0,0,0,0,0,0,0,0,0,0,0,0,0,0,1,3,0,0,0,0,0,0,0,0,0,0,0,0,0,0,0,0,0,0,0,0,0,0,0,0,0,0,0,0,0,0,0,0,0,0,0
3,0,0,7,0,0,0,0,0,0,0,0,0,0,0,0,0,0,0,0,0,0,0,0,0,0,1,3,0,0,0,0,0,0,0,0,0,0,0,0,0,0,0,0,0,0,0,0,0,0,0,0,0,0,0,0,0,0,0,0,0,0,0,0
0,0,7,0,0,0,0,0,0,0,0,0,0,0,0,0,0,0,0,0,0,0,0,0,0,1,3,0,0,0,0,0,0,0,0,0,0,0,0,0,0,0,0,0,0,0,0,0,0,0,0,0,0,0,0,0,0,0,0,0,0,0,0,0
0,0,0,0,0,0,0,0,0,5,0,0,0,0,0,0,0,0,0,0,0,0,0,0,0,0,0,0,0,0,0,0,0,0,0,0,0,0,0,0,0,0,0,0,0,0,0,0,0,0,0,0,0,0,0,0,0,0,0,0,0,1,0,0
0,0,0,0,0,0,0,0,5,0,0,0,0,0,0,0,0,0,0,0,0,0,0,0,0,0,0,0,0,0,0,0,0,0,0,0,0,0,0,0,0,0,0,0,0,0,0,0,0,0,0,0,0,0,0,0,0,0,0,0,1,0,0,0
0,0,0,0,0,0,0,0,0,0,0,0,0,0,0,0,0,0,0,0,0,0,0,0,0,0,0,0,0,0,0,0,0,0,0,0,0,0,0,0,0,0,0,0,0,0,0,0,0,0,0,0,0,0,0,0,0,0,0,1,0,0,0,0
0,5,0,0,0,0,0,0,0,0,0,0,0,0,0,0,0,0,0,0,0,0,0,0,0,0,0,0,0,0,0,0,0,0,0,0,0,0,0,0,0,0,0,0,0,0,0,0,0,0,0,0,0,1,0,0,0,0,0,0,1,0,0,0
5,0,0,0,0,0,0,0,0,0,0,0,0,0,0,0,0,0,0,0,0,0,0,0,0,0,0,0,0,0,0,0,0,0,0,0,0,0,0,0,0,0,0,0,0,0,0,0,0,0,0,0,1,0,0,0,0,0,0,1,0,0,0,5
0,0,0,0,0,0,0,0,0,0,0,0,0,0,0,0,0,0,0,0,0,0,0,0,0,0,0,0,0,0,0,0,0,0,0,0,0,0,0,0,0,0,0,0,0,0,0,0,0,0,0,1,0,0,0,0,0,0,1,0,0,0,5,0
0,0,0,0,0,0,0,0,0,0,0,0,0,0,0,0,0,0,0,0,0,0,0,0,0,0,0,0,0,0,0,0,0,0,0,0,0,0,0,0,0,0,0,0,0,1,0,0,0,0,0,0,1,0,0,0,0,0,0,0,0,0,0,0
0,0,0,0,0,0,0,0,0,0,0,0,0,0,0,0,0,0,0,0,0,0,0,0,0,0,0,0,0,0,0,0,0,0,0,0,0,0,0,0,0,0,0,0,1,0,0,0,0,0,0,1,0,0,0,5,0,0,0,0,0,0,0,0
0,0,0,0,0,0,0,0,0,0,0,0,0,0,0,0,0,0,0,0,0,0,0,0,0,0,0,0,0,0,0,0,0,0,0,0,0,0,0,0,0,0,0,1,0,0,0,0,0,0,1,0,0,0,5,0,0,0,0,0,0,0,0,0
0,0,0,0,0,0,0,0,0,0,0,0,0,0,0,0,0,1,3,0,7,0,3,7,0,3,6,7,7,7,3,0,0,0,3,1,6,0,10,5,0,0,0,0,0,0,1,6,0,0,5,0,7,1,3,13,0,7,0,15,7,15,17,13
0,0,0,0,0,0,0,0,0,0,0,0,0,0,0,0,1,3,0,7,0,3,7,1,3,6,7,7,7,3,0,3,0,3,1,6,0,10,5,5,0,0,0,0,0,1,6,0,0,5,0,7,1,3,13,5,7,0,15,7,15,17,13,11
0,0,0,0,0,0,0,0,0,0,0,0,0,0,0,0,3,0,7,0,3,7,1,0,6,7,7,7,3,0,3,0,3,1,6,0,10,5,5,0,0,0,0,0,1,6,0,0,5,0,7,1,3,13,5,0,0,15,7,15,17,13,11,0
0,0,0,0,0,0,0,0,0,1,3,0,7,0,3,7,0,3,6,7,7,7,3,0,0,0,3,1,6,0,10,5,0,0,0,0,0,0,1,6,0,0,5,0,7,1,3,13,0,7,0,15,7,15,17,13,0,5,9,3,10,11,10,12
0,0,0,0,0,0,0,0,1,3,0,7,0,3,7,1,3,6,7,7,7,3,0,3,0,3,1,6,0,10,5,5,0,0,0,0,0,1,6,0,0,5,0,7,1,3,13,5,7,0,15,7,15,17,13,11,5,9,3,10,11,10,12,3
0,0,0,0,0,0,0,0,3,0,7,0,3,7,1,0,6,7,7,7,3,0,3,0,3,1,6,0,10,5,5,0,0,0,0,0,1,6,0,0,5,0,7,1,3,13,5,0,0,15,7,15,17,13,11,0,9,3,10,11,10,12,3,0
0,1,3,0,7,0,3,7,0,3,6,7,7,7,3,0,0,0,3,1,6,0,10,5,0,0,0,0,0,0,1,6,0,0,5,0,7,1,3,13,0,7,0,15,7,15,17,13,0,5,9,3,10,11,10,12,0,0,0,0,0,0,0,0
1,3,0,7,0,3,7,1,3,6,7,7,7,3,0,3,0,3,1,6,0,10,5,5,0,0,0,0,0,1,6,0,0,5,0,7,1,3,13,5,7,0,15,7,15,17,13,11,5,9,3,10,11,10,12,3,0,0,0,0,0,0,0,0
3,0,7,0,3,7,1,0,6,7,7,7,3,0,3,0,3,1,6,0,10,5,5,0,0,0,0,0,1,6,0,0,5,0,7,1,3,13,5,0,0,15,7,15,17,13,11,0,9,3,10,11,10,12,3,0,0,0,0,0,0,0,0,0
0,0,0,0,0,0,0,0,0,5,6,5,5,5,3,7,0,0,3,3,0,5,7,14,0,0,5,5,7,9,6,13,0,0,5,9,0,3,0,10,0,0,1,0,11,0,3,10,0,1,12,0,3,0,3,13,0,7,7,12,3,10,13,9
0,0,0,0,0,0,0,0,5,6,5,5,5,3,7,10,0,3,3,0,5,7,14,12,0,5,5,7,9,6,13,17,0,5,9,0,3,0,10,13,0,1,0,11,0,3,10,9,1,12,0,3,0,3,13,0,7,7,12,3,10,13,9,14
0,0,0,0,0,0,0,0,6,5,5,5,3,7,10,0,3,3,0,5,7,14,12,0,5,5,7,9,6,13,17,0,5,9,0,3,0,10,13,0,1,0,11,0,3,10,9,0,12,0,3,0,3,13,0,0,7,12,3,10,13,9,14,0
0,5,6,5,5,5,3,7,0,0,3,3,0,5,7,14,0,0,5,5,7,9,6,13,0,0,5,9,0,3,0,10,0,0,1,0,11,0,3,10,0,1,12,0,3,0,3,13,0,7,7,12,3,10,13,9,0,11,15,11,14,11,12,20
5,6,5,5,5,3,7,10,0,3,3,0,5,7,14,12,0,5,5,7,9,6,13,17,0,5,9,0,3,0,10,13,0,1,0,11,0,3,10,9,1,12,0,3,0,3,13,0,7,7,12,3,10,13,9,14,11,15,11,14,11,12,20,12
6,5,5,5,3,7,10,0,3,3,0,5,7,14,12,0,5,5,7,9,6,13,17,0,5,9,0,3,0,10,13,0,1,0,11,0,3,10,9,0,12,0,3,0,3,13,0,0,7,12,3,10,13,9,14,0,15,11,14,11,12,20,12,0
0,0,3,3,0,5,7,14,0,0,5,5,7,9,6,13,0,0,5,9,0,3,0,10,0,0,1,0,11,0,3,10,0,1,12,0,3,0,3,13,0,7,7,12,3,10,13,9,0,11,15,11,14,11,12,20,0,0,0,0,0,0,0,0
0,3,3,0,5,7,14,12,0,5,5,7,9,6,13,17,0,5,9,0,3,0,10,13,0,1,0,11,0,3,10,9,1,12,0,3,0,3,13,0,7,7,12,3,10,13,9,14,11,15,11,14,11,12,20,12,0,0,0,0,0,0,0,0
3,3,0,5,7,14,12,0,5,5,7,9,6,13,17,0,5,9,0,3,0,10,13,0,1,0,11,0,3,10,9,0,12,0,3,0,3,13,0,0,7,12,3,10,13,9,14,0,15,11,14,11,12,20,12,0,0,0,0,0,0,0,0,0
0,0,0,0,0,0,0,0,0,0,0,0,0,0,0,0,0,0,0,0,0,0,0,0,0,7,0,0,0,0,0,3,0,0,0,0,0,0,0,0,0,0,0,0,0,6,0,0,0,0,0,1,7,11,5,0,0,11,0,0,11,0,0,5
0,0,0,0,0,0,0,0,0,0,0,0,0,0,0,0,0,0,0,0,0,0,0,0,7,0,0,0,0,0,3,0,0,0,0,0,0,0,0,0,0,0,0,0,6,0,0,0,0,0,1,7,11,5,0,0,11,0,0,11,0,0,5,3
0,0,0,0,0,0,0,0,0,0,0,0,0,0,0,0,0,0,0,0,0,0,0,0,0,0,0,0,0,3,0,0,0,0,0,0,0,0,0,0,0,0,0,6,0,0,0,0,0,1,7,11,5,0,0,0,0,0,11,0,0,5,3,0
0,0,0,0,0,0,0,0,0,0,0,0,0,0,0,0,0,7,0,0,0,0,0,3,0,0,0,0,0,0,0,0,0,0,0,0,0,6,0,0,0,0,0,1,7,11,5,0,0,11,0,0,11,0,0,5,0,11,0,7,3,0,3,0
0,0,0,0,0,0,0,0,0,0,0,0,0,0,0,0,7,0,0,0,0,0,3,0,0,0,0,0,0,0,0,0,0,0,0,0,6,0,0,0,0,0,1,7,11,5,0,0,11,0,0,11,0,0,5,3,11,0,7,3,0,3,0,15
0,0,0,0,0,0,0,0,0,0,0,0,0,0,0,0,0,0,0,0,0,3,0,0,0,0,0,0,0,0,0,0,0,0,0,6,0,0,0,0,0,1,7,11,5,0,0,0,0,0,11,0,0,5,3,0,0,7,3,0,3,0,15,0
0,0,0,0,0,0,0,0,0,7,0,0,0,0,0,3,0,0,0,0,0,0,0,0,0,0,0,0,0,6,0,0,0,0,0,1,7,11,5,0,0,11,0,0,11,0,0,5,0,11,0,7,3,0,3,0,0,0,0,0,0,0,0,0
0,0,0,0,0,0,0,0,7,0,0,0,0,0,3,0,0,0,0,0,0,0,0,0,0,0,0,0,6,0,0,0,0,0,1,7,11,5,0,0,11,0,0,11,0,0,5,3,11,0,7,3,0,3,0,15,0,0,0,0,0,0,0,0
0,0,0,0,0,0,0,0,0,0,0,0,0,3,0,0,0,0,0,0,0,0,0,0,0,0,0,6,0,0,0,0,0,1,7,11,5,0,0,0,0,0,11,0,0,5,3,0,0,7,3,0,3,0,15,0,0,0,0,0,0,0,0,0
0,0,0,0,0,0,0,0,0,0,0,0,3,3,3,1,0,7,9,3,10,7,5,9,0,10,14,15,10,9,0,9,0,17,7,5,14,7,7,5,0,11,17,13,14,0,3,7,0,9,13,17,20,22,15,15,0,25,14,26,15,9,11,9
0,0,0,0,0,0,0,0,0,0,0,3,3,3,1,0,7,9,3,10,7,5,9,0,10,14,15,10,9,0,9,13,17,7,5,14,7,7,5,11,11,17,13,14,0,3,7,0,9,13,17,20,22,15,15,6,25,14,26,15,9,11,9,14
0,0,0,0,0,0,0,0,0,0,3,3,3,1,0,0,9,3,10,7,5,9,0,0,14,15,10,9,0,9,13,0,7,5,14,7,7,5,11,0,17,13,14,0,3,7,0,0,13,17,20,22,15,15,6,0,14,26,15,9,11,9,14,0
0,0,0,0,3,3,3,1,0,7,9,3,10,7,5,9,0,10,14,15,10,9,0,9,0,17,7,5,14,7,7,5,0,11,17,13,14,0,3,7,0,9,13,17,20,22,15,15,0,25,14,26,15,9,11,9,0,21,7,12,11,12,12,14
0,0,0,3,3,3,1,0,7,9,3,10,7,5,9,0,10,14,15,10,9,0,9,13,17,7,5,14,7,7,5,11,11,17,13,14,0,3,7,0,9,13,17,20,22,15,15,6,25,14,26,15,9,11,9,14,21,7,12,11,12,12,14,20
0,0,3,3,3,1,0,0,9,3,10,7,5,9,0,0,14,15,10,9,0,9,13,0,7,5,14,7,7,5,11,0,17,13,14,0,3,7,0,0,13,17,20,22,15,15,6,0,14,26,15,9,11,9,14,0,7,12,11,12,12,14,20,0
0,7,9,3,10,7,5,9,0,10,14,15,10,9,0,9,0,17,7,5,14,7,7,5,0,11,17,13,14,0,3,7,0,9,13,17,20,22,15,15,0,25,14,26,15,9,11,9,0,21,7,12,11,12,12,14,0,0,0,0,0,0,0,0
7,9,3,10,7,5,9,0,10,14,15,10,9,0,9,13,17,7,5,14,7,7,5,11,11,17,13,14,0,3,7,0,9,13,17,20,22,15,15,6,25,14,26,15,9,11,9,14,21,7,12,11,12,12,14,20,0,0,0,0,0,0,0,0
9,3,10,7,5,9,0,0,14,15,10,9,0,9,13,0,7,5,14,7,7,5,11,0,17,13,14,0,3,7,0,0,13,17,20,22,15,15,6,0,14,26,15,9,11,9,14,0,7,12,11,12,12,14,20,0,0,0,0,0,0,0,0,0
0,0,0,0,0,0,0,0,0,9,6,6,6,6,7,6,0,9,3,7,3,5,14,17,0,10,19,23,15,10,9,17,0,3,14,7,15,14,18,13,0,15,14,9,9,5,9,7,0,17,25,13,27,12,10,21,0,18,28,28,21,22,22,23
0,0,0,0,0,0,0,0,9,6,6,6,6,7,6,5,9,3,7,3,5,14,17,7,10,19,23,15,10,9,17,18,3,14,7,15,14,18,13,14,15,14,9,9,5,9,7,7,17,25,13,27,12,10,21,6,18,28,28,21,22,22,23,17
0,0,0,0,0,0,0,0,6,6,6,6,7,6,5,0,3,7,3,5,14,17,7,0,19,23,15,10,9,17,18,0,14,7,15,14,18,13,14,0,14,9,9,5,9,7,7,0,25,13,27,12,10,21,6,0,28,28,21,22,22,23,17,0
0,9,6,6,6,6,7,6,0,9,3,7,3,5,14,17,0,10,19,23,15,10,9,17,0,3,14,7,15,14,18,13,0,15,14,9,9,5,9,7,0,17,25,13,27,12,10,21,0,18,28,28,21,22,22,23,0,18,29,22,18,21,22,26
9,6,6,6,6,7,6,5,9,3,7,3,5,14,17,7,10,19,23,15,10,9,17,18,3,14,7,15,14,18,13,14,15,14,9,9,5,9,7,7,17,25,13,27,12,10,21,6,18,28,28,21,22,22,23,17,18,29,22,18,21,22,26,22
6,6,6,6,7,6,5,0,3,7,3,5,14,17,7,0,19,23,15,10,9,17,18,0,14,7,15,14,18,13,14,0,14,9,9,5,9,7,7,0,25,13,27,12,10,21,6,0,28,28,21,22,22,23,17,0,29,22,18,21,22,26,22,0
0,9,3,7,3,5,14,17,0,10,19,23,15,10,9,17,0,3,14,7,15,14,18,13,0,15,14,9,9,5,9,7,0,17,25,13,27,12,10,21,0,18,28,28,21,22,22,23,0,18,29,22,18,21,22,26,0,0,0,0,0,0,0,0
9,3,7,3,5,14,17,7,10,19,23,15,10,9,17,18,3,14,7,15,14,18,13,14,15,14,9,9,5,9,7,7,17,25,13,27,12,10,21,6,18,28,28,21,22,22,23,17,18,29,22,18,21,22,26,22,0,0,0,0,0,0,0,0
3,7,3,5,14,17,7,0,19,23,15,10,9,17,18,0,14,7,15,14,18,13,14,0,14,9,9,5,9,7,7,0,25,13,27,12,10,21,6,0,28,28,21,22,22,23,17,0,29,22,18,21,22,26,22,0,0,0,0,0,0,0,0,0
0,0,0,0,0,0,0,0,0,3,3,1,3,1,0,0,0,1,0,0,0,0,0,0,0,3,0,0,0,0,0,0,0,6,5,0,0,0,0,0,0,0,12,0,5,0,0,0,0,3,0,0,0,3,0,0,0,0,3,1,0,0,0,0
0,0,0,0,0,0,0,0,3,3,1,3,1,0,0,0,1,0,0,0,0,0,0,0,3,0,0,0,0,0,0,0,6,5,0,0,0,0,0,0,0,12,0,5,0,0,0,0,3,0,0,0,3,0,0,0,0,3,1,0,0,0,0,0
0,0,0,0,0,0,0,0,3,1,3,1,0,0,0,0,0,0,0,0,0,0,0,0,0,0,0,0,0,0,0,0,5,0,0,0,0,0,0,0,12,0,5,0,0,0,0,0,0,0,0,3,0,0,0,0,3,1,0,0,0,0,0,0
0,3,3,1,3,1,0,0,0,1,0,0,0,0,0,0,0,3,0,0,0,0,0,0,0,6,5,0,0,0,0,0,0,0,12,0,5,0,0,0,0,3,0,0,0,3,0,0,0,0,3,1,0,0,0,0,0,0,0,9,0,0,0,0
3,3,1,3,1,0,0,0,1,0,0,0,0,0,0,0,3,0,0,0,0,0,0,0,6,5,0,0,0,0,0,0,0,12,0,5,0,0,0,0,3,0,0,0,3,0,0,0,0,3,1,0,0,0,0,0,0,0,9,0,0,0,0,0
3,1,3,1,0,0,0,0,0,0,0,0,0,0,0,0,0,0,0,0,0,0,0,0,5,0,0,0,0,0,0,0,12,0,5,0,0,0,0,0,0,0,0,3,0,0,0,0,3,1,0,0,0,0,0,0,0,9,0,0,0,0,0,0
0,1,0,0,0,0,0,0,0,3,0,0,0,0,0,0,0,6,5,0,0,0,0,0,0,0,12,0,5,0,0,0,0,3,0,0,0,3,0,0,0,0,3,1,0,0,0,0,0,0,0,9,0,0,0,0,0,0,0,0,0,0,0,0
1,0,0,0,0,0,0,0,3,0,0,0,0,0,0,0,6,5,0,0,0,0,0,0,0,12,0,5,0,0,0,0,3,0,0,0,3,0,0,0,0,3,1,0,0,0,0,0,0,0,9,0,0,0,0,0,0,0,0,0,0,0,0,0
0,0,0,0,0,0,0,0,0,0,0,0,0,0,0,0,5,0,0,0,0,0,0,0,12,0,5,0,0,0,0,0,0,0,0,3,0,0,0,0,3,1,0,0,0,0,0,0,0,9,0,0,0,0,0,0,0,0,0,0,0,0,0,0
0,0,0,0,0,0,0,0,0,0,0,0,0,0,0,0,0,0,0,0,7,0,0,0,0,5,3,13,3,0,1,0,0,12,6,0,7,0,10,0,0,9,7,5,0,1,0,0,0,0,0,14,11,9,0,0,0,1,0,22,0,0,0,0
0,0,0,0,0,0,0,0,0,0,0,0,0,0,0,0,0,0,0,7,0,0,0,0,5,3,13,3,0,1,0,0,12,6,0,7,0,10,0,0,9,7,5,0,1,0,0,0,0,0,14,11,9,0,0,11,1,0,22,0,0,0,0,0
0,0,0,0,0,0,0,0,0,0,0,0,0,0,0,0,0,0,7,0,0,0,0,0,3,13,3,0,1,0,0,0,6,0,7,0,10,0,0,0,7,5,0,1,0,0,0,0,0,14,11,9,0,0,11,0,0,22,0,0,0,0,0,0
0,0,0,0,0,0,0,0,0,0,0,0,7,0,0,0,0,5,3,13,3,0,1,0,0,12,6,0,7,0,10,0,0,9,7,5,0,1,0,0,0,0,0,14,11,9,0,0,0,1,0,22,0,0,0,0,0,6,0,0,0,0,0,0
0,0,0,0,0,0,0,0,0,0,0,7,0,0,0,0,5,3,13,3,0,1,0,0,12,6,0,7,0,10,0,0,9,7,5,0,1,0,0,0,0,0,14,11,9,0,0,11,1,0,22,0,0,0,0,0,6,0,0,0,0,0,0,7
0,0,0,0,0,0,0,0,0,0,7,0,0,0,0,0,3,13,3,0,1,0,0,0,6,0,7,0,10,0,0,0,7,5,0,1,0,0,0,0,0,14,11,9,0,0,11,0,0,22,0,0,0,0,0,0,0,0,0,0,0,0,7,0
0,0,0,0,7,0,0,0,0,5,3,13,3,0,1,0,0,12,6,0,7,0,10,0,0,9,7,5,0,1,0,0,0,0,0,14,11,9,0,0,0,1,0,22,0,0,0,0,0,6,0,0,0,0,0,0,0,0,0,0,0,0,0,0
0,0,0,7,0,0,0,0,5,3,13,3,0,1,0,0,12,6,0,7,0,10,0,0,9,7,5,0,1,0,0,0,0,0,14,11,9,0,0,11,1,0,22,0,0,0,0,0,6,0,0,0,0,0,0,7,0,0,0,0,0,0,0,0
0,0,7,0,0,0,0,0,3,13,3,0,1,0,0,0,6,0,7,0,10,0,0,0,7,5,0,1,0,0,0,0,0,14,11,9,0,0,11,0,0,22,0,0,0,0,0,0,0,0,0,0,0,0,7,0,0,0,0,0,0,0,0,0
0,0,0,0,0,0,0,0,0,0,5,1,3,6,0,1,0,0,0,5,0,0,7,0,0,0,0,0,0,0,3,0,0,0,0,1,0,7,0,3,0,0,0,1,0,5,7,0,0,1,0,0,0,0,3,3,0,6,0,0,0,1,3,3
0,0,0,0,0,0,0,0,0,5,1,3,6,0,1,3,0,0,5,0,0,7,0,1,0,0,0,0,0,3,0,0,0,0,1,0,7,0,3,0,0,0,1,0,5,7,0,7,1,0,0,0,0,3,3,0,6,0,0,0,1,3,3,0
0,0,0,0,0,0,0,0,5,1,3,6,0,1,3,0,0,5,0,0,7,0,1,0,0,0,0,0,3,0,0,0,0,1,0,7,0,3,0,0,0,1,0,5,7,0,7,0,0,0,0,0,3,3,0,0,0,0,0,1,3,3,0,0
0,0,5,1,3,6,0,1,0,0,0,5,0,0,7,0,0,0,0,0,0,0,3,0,0,0,0,1,0,7,0,3,0,0,0,1,0,5,7,0,0,1,0,0,0,0,3,3,0,6,0,0,0,1,3,3,0,10,7,3,0,1,1,1
0,5,1,3,6,0,1,3,0,0,5,0,0,7,0,1,0,0,0,0,0,3,0,0,0,0,1,0,7,0,3,0,0,0,1,0,5,7,0,7,1,0,0,0,0,3,3,0,6,0,0,0,1,3,3,0,10,7,3,0,1,1,1,0
5,1,3,6,0,1,3,0,0,5,0,0,7,0,1,0,0,0,0,0,3,0,0,0,0,1,0,7,0,3,0,0,0,1,0,5,7,0,7,0,0,0,0,0,3,3,0,0,0,0,0,1,3,3,0,0,7,3,0,1,1,1,0,0
0,0,0,5,0,0,7,0,0,0,0,0,0,0,3,0,0,0,0,1,0,7,0,3,0,0,0,1,0,5,7,0,0,1,0,0,0,0,3,3,0,6,0,0,0,1,3,3,0,10,7,3,0,1,1,1,0,0,0,0,0,0,0,0
0,0,5,0,0,7,0,1,0,0,0,0,0,3,0,0,0,0,1,0,7,0,3,0,0,0,1,0,5,7,0,7,1,0,0,0,0,3,3,0,6,0,0,0,1,3,3,0,10,7,3,0,1,1,1,0,0,0,0,0,0,0,0,0
0,5,0,0,7,0,1,0,0,0,0,0,3,0,0,0,0,1,0,7,0,3,0,0,0,1,0,5,7,0,7,0,0,0,0,0,3,3,0,0,0,0,0,1,3,3,0,0,7,3,0,1,1,1,0,0,0,0,0,0,0,0,0,0
0,0,0,0,0,0,0,0,0,0,0,0,0,0,0,0,0,0,0,0,0,0,0,0,0,0,0,0,0,0,0,0,0,0,0,0,0,0,0,0,0,0,0,0,0,0,0,0,0,0,0,0,0,0,0,0,0,0,0,0,0,0,0,0
0,0,0,0,0,0,0,0,0,0,0,0,0,0,0,0,0,0,0,0,0,0,0,0,0,0,0,0,0,0,0,0,0,0,0,0,0,0,0,0,0,0,0,0,0,0,0,0,0,0,0,0,0,0,0,0,0,0,0,0,0,0,0,0
0,0,0,0,0,0,0,0,0,0,0,0,0,0,0,0,0,0,0,0,0,0,0,0,0,0,0,0,0,0,0,0,0,0,0,0,0,0,0,0,0,0,0,0,0,0,0,0,0,0,0,0,0,0,0,0,0,0,0,0,0,0,0,0
0,0,0,0,0,0,0,0,0,0,0,0,0,0,0,0,0,0,0,0,0,0,0,0,0,0,0,0,0,0,0,0,0,0,0,0,0,0,0,0,0,0,0,0,0,0,0,0,0,0,0,0,0,0,0,0,0,0,0,0,0,0,0,0
0,0,0,0,0,0,0,0,0,0,0,0,0,0,0,0,0,0,0,0,0,0,0,0,0,0,0,0,0,0,0,0,0,0,0,0,0,0,0,0,0,0,0,0,0,0,0,0,0,0,0,0,0,0,0,0,0,0,0,0,0,0,0,0
0,0,0,0,0,0,0,0,0,0,0,0,0,0,0,0,0,0,0,0,0,0,0,0,0,0,0,0,0,0,0,0,0,0,0,0,0,0,0,0,0,0,0,0,0,0,0,0,0,0,0,0,0,0,0,0,0,0,0,0,0,0,0,0
0,0,0,0,0,0,0,0,0,0,0,0,0,0,0,0,0,0,0,0,0,0,0,0,0,0,0,0,0,0,0,0,0,0,0,0,0,0,0,0,0,0,0,0,0,0,0,0,0,0,0,0,0,0,0,0,0,0,0,0,0,0,0,0
0,0,0,0,0,0,0,0,0,0,0,0,0,0,0,0,0,0,0,0,0,0,0,0,0,0,0,0,0,0,0,0,0,0,0,0,0,0,0,0,0,0,0,0,0,0,0,0,0,0,0,0,0,0,0,0,0,0,0,0,0,0,0,0
0,0,0,0,0,0,0,0,0,0,0,0,0,0,0,0,0,0,0,0,0,0,0,0,0,0,0,0,0,0,0,0,0,0,0,0,0,0,0,0,0,0,0,0,0,0,0,0,0,0,0,0,0,0,0,0,0,0,0,0,0,0,0,0
0,0,0,0,0,0,0,0,0,3,3,3,5,3,5,7,0,0,1,3,0,1,0,0,0,3,0,0,0,0,3,0,0,0,0,1,6,0,1,0,0,6,1,0,7,0,6,0,0,7,9,15,0,6,0,0,0,9,7,20,0,0,0,0
0,0,0,0,0,0,0,0,3,3,3,5,3,5,7,1,0,1,3,0,1,0,0,3,3,0,0,0,0,3,0,0,0,0,1,6,0,1,0,0,6,1,0,7,0,6,0,0,7,9,15,0,6,0,0,0,9,7,20,0,0,0,0,0
0,0,0,0,0,0,0,0,3,3,5,3,5,7,1,0,1,3,0,1,0,0,3,0,0,0,0,0,3,0,0,0,0,1,6,0,1,0,0,0,1,0,7,0,6,0,0,0,9,15,0,6,0,0,0,0,7,20,0,0,0,0,0,0
0,3,3,3,5,3,5,7,0,0,1,3,0,1,0,0,0,3,0,0,0,0,3,0,0,0,0,1,6,0,1,0,0,6,1,0,7,0,6,0,0,7,9,15,0,6,0,0,0,9,7,20,0,0,0,0,0,0,0,6,0,0,0,0
3,3,3,5,3,5,7,1,0,1,3,0,1,0,0,3,3,0,0,0,0,3,0,0,0,0,1,6,0,1,0,0,6,1,0,7,0,6,0,0,7,9,15,0,6,0,0,0,9,7,20,0,0,0,0,0,0,0,6,0,0,0,0,0
3,3,5,3,5,7,1,0,1,3,0,1,0,0,3,0,0,0,0,0,3,0,0,0,0,1,6,0,1,0,0,0,1,0,7,0,6,0,0,0,9,15,0,6,0,0,0,0,7,20,0,0,0,0,0,0,0,6,0,0,0,0,0,0
0,0,1,3,0,1,0,0,0,3,0,0,0,0,3,0,0,0,0,1,6,0,1,0,0,6,1,0,7,0,6,0,0,7,9,15,0,6,0,0,0,9,7,20,0,0,0,0,0,0,0,6,0,0,0,0,0,0,0,0,0,0,0,0
0,1,3,0,1,0,0,3,3,0,0,0,0,3,0,0,0,0,1,6,0,1,0,0,6,1,0,7,0,6,0,0,7,9,15,0,6,0,0,0,9,7,20,0,0,0,0,0,0,0,6,0,0,0,0,0,0,0,0,0,0,0,0,0
1,3,0,1,0,0,3,0,0,0,0,0,3,0,0,0,0,1,6,0,1,0,0,0,1,0,7,0,6,0,0,0,9,15,0,6,0,0,0,0,7,20,0,0,0,0,0,0,0,6,0,0,0,0,0,0,0,0,0,0,0,0,0,0
0,0,0,0,0,0,0,0,0,12,5,6,6,3,1,3,0,10,6,3,0,3,0,12,0,5,9,0,0,10,0,3,0,5,0,0,0,7,0,6,0,3,3,0,0,5,0,7,0,3,1,0,0,0,5,7,0,9,3,0,14,17,17,11
0,0,0,0,0,0,0,0,12,5,6,6,3,1,3,3,10,6,3,0,3,0,12,3,5,9,0,0,10,0,3,10,5,0,0,0,7,0,6,13,3,3,0,0,5,0,7,10,3,1,0,0,0,5,7,0,9,3,0,14,17,17,11,10
0,0,0,0,0,0,0,0,5,6,6,3,1,3,3,0,6,3,0,3,0,12,3,0,9,0,0,10,0,3,10,0,0,0,0,7,0,6,13,0,3,0,0,5,0,7,10,0,1,0,0,0,5,7,0,0,3,0,14,17,17,11,10,0
0,12,5,6,6,3,1,3,0,10,6,3,0,3,0,12,0,5,9,0,0,10,0,3,0,5,0,0,0,7,0,6,0,3,3,0,0,5,0,7,0,3,1,0,0,0,5,7,0,9,3,0,14,17,17,11,0,15,21,1,15,15,13,20
12,5,6,6,3,1,3,3,10,6,3,0,3,0,12,3,5,9,0,0,10,0,3,10,5,0,0,0,7,0,6,13,3,3,0,0,5,0,7,10,3,1,0,0,0,5,7,0,9,3,0,14,17,17,11,10,15,21,1,15,15,13,20,0
5,6,6,3,1,3,3,0,6,3,0,3,0,12,3,0,9,0,0,10,0,3,10,0,0,0,0,7,0,6,13,0,3,0,0,5,0,7,10,0,1,0,0,0,5,7,0,0,3,0,14,17,17,11,10,0,21,1,15,15,13,20,0,0
0,10,6,3,0,3,0,12,0,5,9,0,0,10,0,3,0,5,0,0,0,7,0,6,0,3,3,0,0,5,0,7,0,3,1,0,0,0,5,7,0,9,3,0,14,17,17,11,0,15,21,1,15,15,13,20,0,0,0,0,0,0,0,0
10,6,3,0,3,0,12,3,5,9,0,0,10,0,3,10,5,0,0,0,7,0,6,13,3,3,0,0,5,0,7,10,3,1,0,0,0,5,7,0,9,3,0,14,17,17,11,10,15,21,1,15,15,13,20,0,0,0,0,0,0,0,0,0
6,3,0,3,0,12,3,0,9,0,0,10,0,3,10,0,0,0,0,7,0,6,13,0,3,0,0,5,0,7,10,0,1,0,0,0,5,7,0,0,3,0,14,17,17,11,10,0,21,1,15,15,13,20,0,0,0,0,0,0,0,0,0,0
0,0,0,0,0,0,0,0,0,13,10,11,11,12,7,12,0,3,10,6,0,1,3,3,0,6,6,3,3,3,3,3,0,10,13,0,0,5,3,3,0,0,19,3,1,3,0,3,0,0,7,0,10,1,0,7,0,0,1,7,0,0,0,0
0,0,0,0,0,0,0,0,13,10,11,11,12,7,12,10,3,10,6,0,1,3,3,7,6,6,3,3,3,3,3,9,10,13,0,0,5,3,3,7,0,19,3,1,3,0,3,5,0,7,0,10,1,0,7,0,0,1,7,0,0,0,0,0
0,0,0,0,0,0,0,0,10,11,11,12,7,12,10,0,10,6,0,1,3,3,7,0,6,3,3,3,3,3,9,0,13,0,0,5,3,3,7,0,19,3,1,3,0,3,5,0,7,0,10,1,0,7,0,0,1,7,0,0,0,0,0,0
0,13,10,11,11,12,7,12,0,3,10,6,0,1,3,3,0,6,6,3,3,3,3,3,0,10,13,0,0,5,3,3,0,0,19,3,1,3,0,3,0,0,7,0,10,1,0,7,0,0,1,7,0,0,0,0,0,0,0,0,0,0,0,0
13,10,11,11,12,7,12,10,3,10,6,0,1,3,3,7,6,6,3,3,3,3,3,9,10,13,0,0,5,3,3,7,0,19,3,1,3,0,3,5,0,7,0,10,1,0,7,0,0,1,7,0,0,0,0,0,0,0,0,0,0,0,0,0
10,11,11,12,7,12,10,0,10,6,0,1,3,3,7,0,6,3,3,3,3,3,9,0,13,0,0,5,3,3,7,0,19,3,1,3,0,3,5,0,7,0,10,1,0,7,0,0,1,7,0,0,0,0,0,0,0,0,0,0,0,0,0,0
0,3,10,6,0,1,3,3,0,6,6,3,3,3,3,3,0,10,13,0,0,5,3,3,0,0,19,3,1,3,0,3,0,0,7,0,10,1,0,7,0,0,1,7,0,0,0,0,0,0,0,0,0,0,0,0,0,0,0,0,0,0,0,0
3,10,6,0,1,3,3,7,6,6,3,3,3,3,3,9,10,13,0,0,5,3,3,7,0,19,3,1,3,0,3,5,0,7,0,10,1,0,7,0,0,1,7,0,0,0,0,0,0,0,0,0,0,0,0,0,0,0,0,0,0,0,0,0
10,6,0,1,3,3,7,0,6,3,3,3,3,3,9,0,13,0,0,5,3,3,7,0,19,3,1,3,0,3,5,0,7,0,10,1,0,7,0,0,1,7,0,0,0,0,0,0,0,0,0,0,0,0,0,0,0,0,0,0,0,0,0,0
0,0,0,0,0,0,0,0,0,0,0,0,0,0,0,0,0,0,0,0,0,0,0,0,0,0,0,0,0,0,0,0,0,0,0,0,0,0,0,0,0,0,0,0,0,0,0,0,0,0,0,0,0,0,0,0,0,0,0,0,0,0,0,0
0,0,0,0,0,0,0,0,0,0,0,0,0,0,0,0,0,0,0,0,0,0,0,0,0,0,0,0,0,0,0,0,0,0,0,0,0,0,0,0,0,0,0,0,0,0,0,0,0,0,0,0,0,0,0,0,0,0,0,0,0,0,0,0
0,0,0,0,0,0,0,0,0,0,0,0,0,0,0,0,0,0,0,0,0,0,0,0,0,0,0,0,0,0,0,0,0,0,0,0,0,0,0,0,0,0,0,0,0,0,0,0,0,0,0,0,0,0,0,0,0,0,0,0,0,0,0,0
0,0,0,0,0,0,0,0,0,0,0,0,0,0,0,0,0,0,0,0,0,0,0,0,0,0,0,0,0,0,0,0,0,0,0,0,0,0,0,0,0,0,0,0,0,0,0,0,0,0,0,0,0,0,0,0,0,0,0,0,0,0,0,0
0,0,0,0,0,0,0,0,0,0,0,0,0,0,0,0,0,0,0,0,0,0,0,0,0,0,0,0,0,0,0,0,0,0,0,0,0,0,0,0,0,0,0,0,0,0,0,0,0,0,0,0,0,0,0,0,0,0,0,0,0,0,0,0
0,0,0,0,0,0,0,0,0,0,0,0,0,0,0,0,0,0,0,0,0,0,0,0,0,0,0,0,0,0,0,0,0,0,0,0,0,0,0,0,0,0,0,0,0,0,0,0,0,0,0,0,0,0,0,0,0,0,0,0,0,0,0,0
0,0,0,0,0,0,0,0,0,0,0,0,0,0,0,0,0,0,0,0,0,0,0,0,0,0,0,0,0,0,0,0,0,0,0,0,0,0,0,0,0,0,0,0,0,0,0,0,0,0,0,0,0,0,0,0,0,0,0,0,0,0,0,0
0,0,0,0,0,0,0,0,0,0,0,0,0,0,0,0,0,0,0,0,0,0,0,0,0,0,0,0,0,0,0,0,0,0,0,0,0,0,0,0,0,0,0,0,0,0,0,0,0,0,0,0,0,0,0,0,0,0,0,0,0,0,0,0
0,0,0,0,0,0,0,0,0,0,0,0,0,0,0,0,0,0,0,0,0,0,0,0,0,0,0,0,0,0,0,0,0,0,0,0,0,0,0,0,0,0,0,0,0,0,0,0,0,0,0,0,0,0,0,0,0,0,0,0,0,0,0,0
0,0,0,0,0,0,0,0,0,0,0,0,0,0,0,1,0,0,0,0,0,0,0,0,0,0,0,3,0,0,0,0,0,1,0,0,0,0,0,0,0,5,0,0,0,0,0,0,0,0,0,11,0,0,0,0,0,0,0,0,0,0,0,0
0,0,0,0,0,0,0,0,0,0,0,0,0,0,1,0,0,0,0,0,0,0,0,0,0,0,3,0,0,0,0,0,1,0,0,0,0,0,0,0,5,0,0,0,0,0,0,0,0,0,11,0,0,0,0,0,0,0,0,0,0,0,0,0
0,0,0,0,0,0,0,0,0,0,0,0,0,1,0,0,0,0,0,0,0,0,0,0,0,3,0,0,0,0,0,0,0,0,0,0,0,0,0,0,0,0,0,0,0,0,0,0,0,11,0,0,0,0,0,0,0,0,0,0,0,0,0,0
0,0,0,0,0,0,0,1,0,0,0,0,0,0,0,0,0,0,0,3,0,0,0,0,0,1,0,0,0,0,0,0,0,5,0,0,0,0,0,0,0,0,0,11,0,0,0,0,0,0,0,0,0,0,0,0,0,0,0,0,0,0,0,0
0,0,0,0,0,0,1,0,0,0,0,0,0,0,0,0,0,0,3,0,0,0,0,0,1,0,0,0,0,0,0,0,5,0,0,0,0,0,0,0,0,0,11,0,0,0,0,0,0,0,0,0,0,0,0,0,0,0,0,0,0,0,0,0
0,0,0,0,0,1,0,0,0,0,0,0,0,0,0,0,0,3,0,0,0,0,0,0,0,0,0,0,0,0,0,0,0,0,0,0,0,0,0,0,0,11,0,0,0,0,0,0,0,0,0,0,0,0,0,0,0,0,0,0,0,0,0,0
0,0,0,0,0,0,0,0,0,0,0,3,0,0,0,0,0,1,0,0,0,0,0,0,0,5,0,0,0,0,0,0,0,0,0,11,0,0,0,0,0,0,0,0,0,0,0,0,0,0,0,0,0,0,0,0,0,0,0,0,0,0,0,0
0,0,0,0,0,0,0,0,0,0,3,0,0,0,0,0,1,0,0,0,0,0,0,0,5,0,0,0,0,0,0,0,0,0,11,0,0,0,0,0,0,0,0,0,0,0,0,0,0,0,0,0,0,0,0,0,0,0,0,0,0,0,0,0
0,0,0,0,0,0,0,0,0,3,0,0,0,0,0,0,0,0,0,0,0,0,0,0,0,0,0,0,0,0,0,0,0,11,0,0,0,0,0,0,0,0,0,0,0,0,0,0,0,0,0,0,0,0,0,0,0,0,0,0,0,0,0,0
0,0,0,0,0,0,0,0,0,6,5,3,1,5,0,0,0,7,7,7,3,3,5,9,0,7,15,19,13,7,0,3,0,0,11,3,24,5,0,0,0,6,22,7,7,0,0,0,0,9,10,22,12,6,3,10,0,7,15,10,9,7,7,7
0,0,0,0,0,0,0,0,6,5,3,1,5,0,0,3,7,7,7,3,3,5,9,7,7,15,19,13,7,0,3,7,0,11,3,24,5,0,0,10,6,22,7,7,0,0,0,0,9,10,22,12,6,3,10,9,7,15,10,9,7,7,7,10
0,0,0,0,0,0,0,0,5,3,1,5,0,0,3,0,7,7,3,3,5,9,7,0,15,19,13,7,0,3,7,0,11,3,24,5,0,0,10,0,22,7,7,0,0,0,0,0,10,22,12,6,3,10,9,0,15,10,9,7,7,7,10,0
0,6,5,3,1,5,0,0,0,7,7,7,3,3,5,9,0,7,15,19,13,7,0,3,0,0,11,3,24,5,0,0,0,6,22,7,7,0,0,0,0,9,10,22,12,6,3,10,0,7,15,10,9,7,7,7,0,14,0,14,0,7,5,3
6,5,3,1,5,0,0,3,7,7,7,3,3,5,9,7,7,15,19,13,7,0,3,7,0,11,3,24,5,0,0,10,6,22,7,7,0,0,0,0,9,10,22,12,6,3,10,9,7,15,10,9,7,7,7,10,14,0,14,0,7,5,3,7
5,3,1,5,0,0,3,0,7,7,3,3,5,9,7,0,15,19,13,7,0,3,7,0,11,3,24,5,0,0,10,0,22,7,7,0,0,0,0,0,10,22,12,6,3,10,9,0,15,10,9,7,7,7,10,0,0,14,0,7,5,3,7,0
0,7,7,7,3,3,5,9,0,7,15,19,13,7,0,3,0,0,11,3,24,5,0,0,0,6,22,7,7,0,0,0,0,9,10,22,12,6,3,10,0,7,15,10,9,7,7,7,0,14,0,14,0,7,5,3,0,0,0,0,0,0,0,0
7,7,7,3,3,5,9,7,7,15,19,13,7,0,3,7,0,11,3,24,5,0,0,10,6,22,7,7,0,0,0,0,9,10,22,12,6,3,10,9,7,15,10,9,7,7,7,10,14,0,14,0,7,5,3,7,0,0,0,0,0,0,0,0
7,7,3,3,5,9,7,0,15,19,13,7,0,3,7,0,11,3,24,5,0,0,10,0,22,7,7,0,0,0,0,0,10,22,12,6,3,10,9,0,15,10,9,7,7,7,10,0,0,14,0,7,5,3,7,0,0,0,0,0,0,0,0,0
0,0,0,0,0,0,0,0,0,0,0,0,0,0,0,0,0,0,0,0,0,0,0,0,0,0,0,0,0,0,0,0,0,0,0,3,0,0,0,0,0,0,0,0,0,0,0,0,0,0,0,0,0,0,0,0,0,0,0,0,0,0,0,0
0,0,0,0,0,0,0,0,0,0,0,0,0,0,0,0,0,0,0,0,0,0,0,0,0,0,0,0,0,0,0,0,0,0,3,0,0,0,0,0,0,0,0,0,0,0,0,0,0,0,0,0,0,0,0,0,0,0,0,0,0,0,0,0
0,0,0,0,0,0,0,0,0,0,0,0,0,0,0,0,0,0,0,0,0,0,0,0,0,0,0,0,0,0,0,0,0,3,0,0,0,0,0,0,0,0,0,0,0,0,0,0,0,0,0,0,0,0,0,0,0,0,0,0,0,0,0,0
0,0,0,0,0,0,0,0,0,0,0,0,0,0,0,0,0,0,0,0,0,0,0,0,0,0,0,3,0,0,0,0,0,0,0,0,0,0,0,0,0,0,0,0,0,0,0,0,0,0,0,0,0,0,0,0,0,0,0,0,0,0,0,0
0,0,0,0,0,0,0,0,0,0,0,0,0,0,0,0,0,0,0,0,0,0,0,0,0,0,3,0,0,0,0,0,0,0,0,0,0,0,0,0,0,0,0,0,0,0,0,0,0,0,0,0,0,0,0,0,0,0,0,0,0,0,0,0
0,0,0,0,0,0,0,0,0,0,0,0,0,0,0,0,0,0,0,0,0,0,0,0,0,3,0,0,0,0,0,0,0,0,0,0,0,0,0,0,0,0,0,0,0,0,0,0,0,0,0,0,0,0,0,0,0,0,0,0,0,0,0,0
0,0,0,0,0,0,0,0,0,0,0,0,0,0,0,0,0,0,0,3,0,0,0,0,0,0,0,0,0,0,0,0,0,0,0,0,0,0,0,0,0,0,0,0,0,0,0,0,0,0,0,0,0,0,0,0,0,0,0,0,0,0,0,0
0,0,0,0,0,0,0,0,0,0,0,0,0,0,0,0,0,0,3,0,0,0,0,0,0,0,0,0,0,0,0,0,0,0,0,0,0,0,0,0,0,0,0,0,0,0,0,0,0,0,0,0,0,0,0,0,0,0,0,0,0,0,0,0
0,0,0,0,0,0,0,0,0,0,0,0,0,0,0,0,0,3,0,0,0,0,0,0,0,0,0,0,0,0,0,0,0,0,0,0,0,0,0,0,0,0,0,0,0,0,0,0,0,0,0,0,0,0,0,0,0,0,0,0,0,0,0,0
0,0,0,0,0,0,0,0,0,10,3,3,6,3,3,3,0,9,5,7,7,0,3,0,0,5,1,12,0,0,0,0,0,0,7,7,5,1,0,0,0,0,1,5,3,0,9,3,0,5,3,3,6,7,0,0,0,5,7,0,3,1,0,0
0,0,0,0,0,0,0,0,10,3,3,6,3,3,3,3,9,5,7,7,0,3,0,0,5,1,12,0,0,0,0,0,0,7,7,5,1,0,0,0,0,1,5,3,0,9,3,0,5,3,3,6,7,0,0,0,5,7,0,3,1,0,0,0
0,0,0,0,0,0,0,0,3,3,6,3,3,3,3,0,5,7,7,0,3,0,0,0,1,12,0,0,0,0,0,0,7,7,5,1,0,0,0,0,1,5,3,0,9,3,0,0,3,3,6,7,0,0,0,0,7,0,3,1,0,0,0,0
0,10,3,3,6,3,3,3,0,9,5,7,7,0,3,0,0,5,1,12,0,0,0,0,0,0,7,7,5,1,0,0,0,0,1,5,3,0,9,3,0,5,3,3,6,7,0,0,0,5,7,0,3,1,0,0,0,3,7,9,0,0,0,0
10,3,3,6,3,3,3,3,9,5,7,7,0,3,0,0,5,1,12,0,0,0,0,0,0,7,7,5,1,0,0,0,0,1,5,3,0,9,3,0,5,3,3,6,7,0,0,0,5,7,0,3,1,0,0,0,3,7,9,0,0,0,0,0
3,3,6,3,3,3,3,0,5,7,7,0,3,0,0,0,1,12,0,0,0,0,0,0,7,7,5,1,0,0,0,0,1,5,3,0,9,3,0,0,3,3,6,7,0,0,0,0,7,0,3,1,0,0,0,0,7,9,0,0,0,0,0,0
0,9,5,7,7,0,3,0,0,5,1,12,0,0,0,0,0,0,7,7,5,1,0,0,0,0,1,5,3,0,9,3,0,5,3,3,6,7,0,0,0,5,7,0,3,1,0,0,0,3,7,9,0,0,0,0,0,0,0,0,0,0,0,0
9,5,7,7,0,3,0,0,5,1,12,0,0,0,0,0,0,7,7,5,1,0,0,0,0,1,5,3,0,9,3,0,5,3,3,6,7,0,0,0,5,7,0,3,1,0,0,0,3,7,9,0,0,0,0,0,0,0,0,0,0,0,0,0
5,7,7,0,3,0,0,0,1,12,0,0,0,0,0,0,7,7,5,1,0,0,0,0,1,5,3,0,9,3,0,0,3,3,6,7,0,0,0,0,7,0,3,1,0,0,0,0,7,9,0,0,0,0,0,0,0,0,0,0,0,0,0,0
0,0,0,0,0,0,0,0,0,0,0,0,0,0,0,0,0,6,0,0,13,3,0,0,0,3,3,6,0,0,0,1,0,0,7,0,0,1,0,0,0,0,1,0,9,0,0,0,0,0,0,0,0,11,0,0,0,7,0,7,0,0,0,0
0,0,0,0,0,0,0,0,0,0,0,0,0,0,0,0,6,0,0,13,3,0,0,0,3,3,6,0,0,0,1,0,0,7,0,0,1,0,0,0,0,1,0,9,0,0,0,0,0,0,0,0,11,0,0,3,7,0,7,0,0,0,0,0
0,0,0,0,0,0,0,0,0,0,0,0,0,0,0,0,0,0,13,3,0,0,0,0,3,6,0,0,0,1,0,0,7,0,0,1,0,0,0,0,1,0,9,0,0,0,0,0,0,0,0,11,0,0,3,0,0,7,0,0,0,0,0,0
0,0,0,0,0,0,0,0,0,6,0,0,13,3,0,0,0,3,3,6,0,0,0,1,0,0,7,0,0,1,0,0,0,0,1,0,9,0,0,0,0,0,0,0,0,11,0,0,0,7,0,7,0,0,0,0,0,0,0,12,0,0,0,0
0,0,0,0,0,0,0,0,6,0,0,13,3,0,0,0,3,3,6,0,0,0,1,0,0,7,0,0,1,0,0,0,0,1,0,9,0,0,0,0,0,0,0,0,11,0,0,3,7,0,7,0,0,0,0,0,0,0,12,0,0,0,0,0
0,0,0,0,0,0,0,0,0,0,13,3,0,0,0,0,3,6,0,0,0,1,0,0,7,0,0,1,0,0,0,0,1,0,9,0,0,0,0,0,0,0,0,11,0,0,3,0,0,7,0,0,0,0,0,0,0,12,0,0,0,0,0,0
0,6,0,0,13,3,0,0,0,3,3,6,0,0,0,1,0,0,7,0,0,1,0,0,0,0,1,0,9,0,0,0,0,0,0,0,0,11,0,0,0,7,0,7,0,0,0,0,0,0,0,12,0,0,0,0,0,0,0,0,0,0,0,0
6,0,0,13,3,0,0,0,3,3,6,0,0,0,1,0,0,7,0,0,1,0,0,0,0,1,0,9,0,0,0,0,0,0,0,0,11,0,0,3,7,0,7,0,0,0,0,0,0,0,12,0,0,0,0,0,0,0,0,0,0,0,0,0
0,0,13,3,0,0,0,0,3,6,0,0,0,1,0,0,7,0,0,1,0,0,0,0,1,0,9,0,0,0,0,0,0,0,0,11,0,0,3,0,0,7,0,0,0,0,0,0,0,12,0,0,0,0,0,0,0,0,0,0,0,0,0,0
0,0,0,0,0,0,0,0,0,1,3,1,3,3,3,5,0,5,7,0,0,1,0,6,0,1,0,0,3,3,0,3,0,5,0,0,1,0,12,0,0,11,3,1,0,0,0,1,0,1,0,1,0,3,5,0,0,0,0,10,0,0,0,0
0,0,0,0,0,0,0,0,1,3,1,3,3,3,5,3,5,7,0,0,1,0,6,0,1,0,0,3,3,0,3,5,5,0,0,1,0,12,0,0,11,3,1,0,0,0,1,0,1,0,1,0,3,5,0,0,0,0,10,0,0,0,0,0
0,0,0,0,0,0,0,0,3,1,3,3,3,5,3,0,7,0,0,1,0,6,0,0,0,0,3,3,0,3,5,0,0,0,1,0,12,0,0,0,3,1,0,0,0,1,0,0,0,1,0,3,5,0,0,0,0,10,0,0,0,0,0,0
0,1,3,1,3,3,3,5,0,5,7,0,0,1,0,6,0,1,0,0,3,3,0,3,0,5,0,0,1,0,12,0,0,11,3,1,0,0,0,1,0,1,0,1,0,3,5,0,0,0,0,10,0,0,0,0,0,0,0,0,0,0,0,0
1,3,1,3,3,3,5,3,5,7,0,0,1,0,6,0,1,0,0,3,3,0,3,5,5,0,0,1,0,12,0,0,11,3,1,0,0,0,1,0,1,0,1,0,3,5,0,0,0,0,10,0,0,0,0,0,0,0,0,0,0,0,0,1
3,1,3,3,3,5,3,0,7,0,0,1,0,6,0,0,0,0,3,3,0,3,5,0,0,0,1,0,12,0,0,0,3,1,0,0,0,1,0,0,0,1,0,3,5,0,0,0,0,10,0,0,0,0,0,0,0,0,0,0,0,0,1,0
0,5,7,0,0,1,0,6,0,1,0,0,3,3,0,3,0,5,0,0,1,0,12,0,0,11,3,1,0,0,0,1,0,1,0,1,0,3,5,0,0,0,0,10,0,0,0,0,0,0,0,0,0,0,0,0,0,0,0,0,0,0,0,0
5,7,0,0,1,0,6,0,1,0,0,3,3,0,3,5,5,0,0,1,0,12,0,0,11,3,1,0,0,0,1,0,1,0,1,0,3,5,0,0,0,0,10,0,0,0,0,0,0,0,0,0,0,0,0,1,0,0,0,0,0,0,0,0
7,0,0,1,0,6,0,0,0,0,3,3,0,3,5,0,0,0,1,0,12,0,0,0,3,1,0,0,0,1,0,0,0,1,0,3,5,0,0,0,0,10,0,0,0,0,0,0,0,0,0,0,0,0,1,0,0,0,0,0,0,0,0,0
0,0,0,0,0,0,0,0,0,9,10,10,10,14,7,9,0,0,3,7,0,1,3,0,0,0,0,1,3,0,1,3,0,0,0,17,11,6,3,9,0,6,0,1,0,3,9,10,0,12,3,0,0,0,0,5,0,6,3,3,9,7,7,6
0,0,0,0,0,0,0,0,9,10,10,10,14,7,9,10,0,3,7,0,1,3,0,6,0,0,1,3,0,1,3,0,0,0,17,11,6,3,9,0,6,0,1,0,3,9,10,1,12,3,0,0,0,0,5,0,6,3,3,9,7,7,6,0
0,0,0,0,0,0,0,0,10,10,10,14,7,9,10,0,3,7,0,1,3,0,6,0,0,1,3,0,1,3,0,0,0,17,11,6,3,9,0,0,0,1,0,3,9,10,1,0,3,0,0,0,0,5,0,0,3,3,9,7,7,6,0,0
0,9,10,10,10,14,7,9,0,0,3,7,0,1,3,0,0,0,0,1,3,0,1,3,0,0,0,17,11,6,3,9,0,6,0,1,0,3,9,10,0,12,3,0,0,0,0,5,0,6,3,3,9,7,7,6,0,0,0,0,7,1,0,3
9,10,10,10,14,7,9,10,0,3,7,0,1,3,0,6,0,0,1,3,0,1,3,0,0,0,17,11,6,3,9,0,6,0,1,0,3,9,10,1,12,3,0,0,0,0,5,0,6,3,3,9,7,7,6,0,0,0,0,7,1,0,3,0
10,10,10,14,7,9,10,0,3,7,0,1,3,0,6,0,0,1,3,0,1,3,0,0,0,17,11,6,3,9,0,0,0,1,0,3,9,10,1,0,3,0,0,0,0,5,0,0,3,3,9,7,7,6,0,0,0,0,7,1,0,3,0,0
0,0,3,7,0,1,3,0,0,0,0,1,3,0,1,3,0,0,0,17,11,6,3,9,0,6,0,1,0,3,9,10,0,12,3,0,0,0,0,5,0,6,3,3,9,7,7,6,0,0,0,0,7,1,0,3,0,0,0,0,0,0,0,0
0,3,7,0,1,3,0,6,0,0,1,3,0,1,3,0,0,0,17,11,6,3,9,0,6,0,1,0,3,9,10,1,12,3,0,0,0,0,5,0,6,3,3,9,7,7,6,0,0,0,0,7,1,0,3,0,0,0,0,0,0,0,0,0
3,7,0,1,3,0,6,0,0,1,3,0,1,3,0,0,0,17,11,6,3,9,0,0,0,1,0,3,9,10,1,0,3,0,0,0,0,5,0,0,3,3,9,7,7,6,0,0,0,0,7,1,0,3,0,0,0,0,0,0,0,0,0,0
0,0,0,0,0,0,0,0,0,0,0,0,0,0,0,0,0,0,0,0,0,0,0,0,0,0,0,0,7,0,6,0,0,0,0,0,6,0,0,1,0,0,0,0,0,0,0,9,0,0,3,13,0,7,3,3,0,0,0,13,13,11,3,12
0,0,0,0,0,0,0,0,0,0,0,0,0,0,0,0,0,0,0,0,0,0,0,0,0,0,0,7,0,6,0,1,0,0,0,6,0,0,1,3,0,0,0,0,0,0,9,0,0,3,13,0,7,3,3,10,0,0,13,13,11,3,12,7
0,0,0,0,0,0,0,0,0,0,0,0,0,0,0,0,0,0,0,0,0,0,0,0,0,0,7,0,6,0,1,0,0,0,6,0,0,1,3,0,0,0,0,0,0,9,0,0,3,13,0,7,3,3,10,0,0,13,13,11,3,12,7,0
0,0,0,0,0,0,0,0,0,0,0,0,0,0,0,0,0,0,0,0,7,0,6,0,0,0,0,0,6,0,0,1,0,0,0,0,0,0,0,9,0,0,3,13,0,7,3,3,0,0,0,13,13,11,3,12,0,0,7,9,7,6,5,9
0,0,0,0,0,0,0,0,0,0,0,0,0,0,0,0,0,0,0,7,0,6,0,1,0,0,0,6,0,0,1,3,0,0,0,0,0,0,9,0,0,3,13,0,7,3,3,10,0,0,13,13,11,3,12,7,0,7,9,7,6,5,9,10
0,0,0,0,0,0,0,0,0,0,0,0,0,0,0,0,0,0,7,0,6,0,1,0,0,0,6,0,0,1,3,0,0,0,0,0,0,9,0,0,3,13,0,7,3,3,10,0,0,13,13,11,3,12,7,0,7,9,7,6,5,9,10,0
0,0,0,0,0,0,0,0,0,0,0,0,7,0,6,0,0,0,0,0,6,0,0,1,0,0,0,0,0,0,0,9,0,0,3,13,0,7,3,3,0,0,0,13,13,11,3,12,0,0,7,9,7,6,5,9,0,0,0,0,0,0,0,0
0,0,0,0,0,0,0,0,0,0,0,7,0,6,0,1,0,0,0,6,0,0,1,3,0,0,0,0,0,0,9,0,0,3,13,0,7,3,3,10,0,0,13,13,11,3,12,7,0,7,9,7,6,5,9,10,0,0,0,0,0,0,0,0
0,0,0,0,0,0,0,0,0,0,7,0,6,0,1,0,0,0,6,0,0,1,3,0,0,0,0,0,0,9,0,0,3,13,0,7,3,3,10,0,0,13,13,11,3,12,7,0,7,9,7,6,5,9,10,0,0,0,0,0,0,0,0,0
0,0,0,0,0,0,0,0,0,6,7,7,7,13,3,7,0,0,10,10,3,0,9,10,0,6,18,15,14,7,6,6,0,10,12,6,1,9,9,3,0,0,21,7,12,6,13,0,0,3,7,5,15,3,5,12,0,15,3,10,3,0,6,7
0,0,0,0,0,0,0,0,6,7,7,7,13,3,7,6,0,10,10,3,0,9,10,10,6,18,15,14,7,6,6,7,10,12,6,1,9,9,3,7,0,21,7,12,6,13,0,5,3,7,5,15,3,5,12,1,15,3,10,3,0,6,7,6
0,0,0,0,0,0,0,0,7,7,7,13,3,7,6,0,10,10,3,0,9,10,10,0,18,15,14,7,6,6,7,0,12,6,1,9,9,3,7,0,21,7,12,6,13,0,5,0,7,5,15,3,5,12,1,0,3,10,3,0,6,7,6,0
0,6,7,7,7,13,3,7,0,0,10,10,3,0,9,10,0,6,18,15,14,7,6,6,0,10,12,6,1,9,9,3,0,0,21,7,12,6,13,0,0,3,7,5,15,3,5,12,0,15,3,10,3,0,6,7,0,12,10,7,3,5,6,10
6,7,7,7,13,3,7,6,0,10,10,3,0,9,10,10,6,18,15,14,7,6,6,7,10,12,6,1,9,9,3,7,0,21,7,12,6,13,0,5,3,7,5,15,3,5,12,1,15,3,10,3,0,6,7,6,12,10,7,3,5,6,10,7
7,7,7,13,3,7,6,0,10,10,3,0,9,10,10,0,18,15,14,7,6,6,7,0,12,6,1,9,9,3,7,0,21,7,12,6,13,0,5,0,7,5,15,3,5,12,1,0,3,10,3,0,6,7,6,0,10,7,3,5,6,10,7,0
0,0,10,10,3,0,9,10,0,6,18,15,14,7,6,6,0,10,12,6,1,9,9,3,0,0,21,7,12,6,13,0,0,3,7,5,15,3,5,12,0,15,3,10,3,0,6,7,0,12,10,7,3,5,6,10,0,0,0,0,0,0,0,0
0,10,10,3,0,9,10,10,6,18,15,14,7,6,6,7,10,12,6,1,9,9,3,7,0,21,7,12,6,13,0,5,3,7,5,15,3,5,12,1,15,3,10,3,0,6,7,6,12,10,7,3,5,6,10,7,0,0,0,0,0,0,0,0
10,10,3,0,9,10,10,0,18,15,14,7,6,6,7,0,12,6,1,9,9,3,7,0,21,7,12,6,13,0,5,0,7,5,15,3,5,12,1,0,3,10,3,0,6,7,6,0,10,7,3,5,6,10,7,0,0,0,0,0,0,0,0,0
0,0,0,0,0,0,0,0,0,1,0,0,0,0,0,0,0,0,0,0,0,0,0,0,0,0,0,0,0,0,3,3,0,0,0,0,7,0,0,0,0,0,0,0,5,3,0,0,0,15,3,0,7,0,6,5,0,0,9,0,1,0,0,7
0,0,0,0,0,0,0,0,1,0,0,0,0,0,0,0,0,0,0,0,0,0,0,0,0,0,0,0,0,3,3,1,0,0,0,7,0,0,0,0,0,0,0,5,3,0,0,5,15,3,0,7,0,6,5,5,0,9,0,1,0,0,7,3
0,0,0,0,0,0,0,0,0,0,0,0,0,0,0,0,0,0,0,0,0,0,0,0,0,0,0,0,3,3,1,0,0,0,7,0,0,0,0,0,0,0,5,3,0,0,5,0,3,0,7,0,6,5,5,0,9,0,1,0,0,7,3,0
0,1,0,0,0,0,0,0,0,0,0,0,0,0,0,0,0,0,0,0,0,0,3,3,0,0,0,0,7,0,0,0,0,0,0,0,5,3,0,0,0,15,3,0,7,0,6,5,0,0,9,0,1,0,0,7,0,0,5,0,3,7,9,11
1,0,0,0,0,0,0,0,0,0,0,0,0,0,0,0,0,0,0,0,0,3,3,1,0,0,0,7,0,0,0,0,0,0,0,5,3,0,0,5,15,3,0,7,0,6,5,5,0,9,0,1,0,0,7,3,0,5,0,3,7,9,11,6
0,0,0,0,0,0,0,0,0,0,0,0,0,0,0,0,0,0,0,0,3,3,1,0,0,0,7,0,0,0,0,0,0,0,5,3,0,0,5,0,3,0,7,0,6,5,5,0,9,0,1,0,0,7,3,0,5,0,3,7,9,11,6,0
0,0,0,0,0,0,0,0,0,0,0,0,0,0,3,3,0,0,0,0,7,0,0,0,0,0,0,0,5,3,0,0,0,15,3,0,7,0,6,5,0,0,9,0,1,0,0,7,0,0,5,0,3,7,9,11,0,0,0,0,0,0,0,0
0,0,0,0,0,0,0,0,0,0,0,0,0,3,3,1,0,0,0,7,0,0,0,0,0,0,0,5,3,0,0,5,15,3,0,7,0,6,5,5,0,9,0,1,0,0,7,3,0,5,0,3,7,9,11,6,0,0,0,0,0,0,0,0
0,0,0,0,0,0,0,0,0,0,0,0,3,3,1,0,0,0,7,0,0,0,0,0,0,0,5,3,0,0,5,0,3,0,7,0,6,5,5,0,9,0,1,0,0,7,3,0,5,0,3,7,9,11,6,0,0,0,0,0,0,0,0,0
0,0,0,0,0,0,0,0,0,1,0,0,1,0,1,5,0,0,0,0,0,0,0,0,0,0,0,0,0,0,0,0,0,0,0,0,0,0,0,0,0,0,0,3,0,0,0,0,0,0,0,0,0,0,0,0,0,0,0,0,0,0,0,0
0,0,0,0,0,0,0,0,1,0,0,1,0,1,5,0,0,0,0,0,0,0,0,0,0,0,0,0,0,0,0,0,0,0,0,0,0,0,0,0,0,0,3,0,0,0,0,0,0,0,0,0,0,0,0,0,0,0,0,0,0,0,0,0
0,0,0,0,0,0,0,0,0,0,1,0,1,5,0,0,0,0,0,0,0,0,0,0,0,0,0,0,0,0,0,0,0,0,0,0,0,0,0,0,0,3,0,0,0,0,0,0,0,0,0,0,0,0,0,0,0,0,0,0,0,0,0,0
0,1,0,0,1,0,1,5,0,0,0,0,0,0,0,0,0,0,0,0,0,0,0,0,0,0,0,0,0,0,0,0,0,0,0,3,0,0,0,0,0,0,0,0,0,0,0,0,0,0,0,0,0,0,0,0,0,0,0,0,0,0,0,0
1,0,0,1,0,1,5,0,0,0,0,0,0,0,0,0,0,0,0,0,0,0,0,0,0,0,0,0,0,0,0,0,0,0,3,0,0,0,0,0,0,0,0,0,0,0,0,0,0,0,0,0,0,0,0,0,0,0,0,0,0,0,0,0
0,0,1,0,1,5,0,0,0,0,0,0,0,0,0,0,0,0,0,0,0,0,0,0,0,0,0,0,0,0,0,0,0,3,0,0,0,0,0,0,0,0,0,0,0,0,0,0,0,0,0,0,0,0,0,0,0,0,0,0,0,0,0,0
0,0,0,0,0,0,0,0,0,0,0,0,0,0,0,0,0,0,0,0,0,0,0,0,0,0,0,3,0,0,0,0,0,0,0,0,0,0,0,0,0,0,0,0,0,0,0,0,0,0,0,0,0,0,0,0,0,0,0,0,0,0,0,0
0,0,0,0,0,0,0,0,0,0,0,0,0,0,0,0,0,0,0,0,0,0,0,0,0,0,3,0,0,0,0,0,0,0,0,0,0,0,0,0,0,0,0,0,0,0,0,0,0,0,0,0,0,0,0,0,0,0,0,0,0,0,0,0
0,0,0,0,0,0,0,0,0,0,0,0,0,0,0,0,0,0,0,0,0,0,0,0,0,3,0,0,0,0,0,0,0,0,0,0,0,0,0,0,0,0,0,0,0,0,0,0,0,0,0,0,0,0,0,0,0,0,0,0,0,0,0,0
0,0,0,0,0,0,0,0,0,9,6,6,6,7,3,7,0,0,0,0,0,6,0,0,0,9,0,1,0,0,0,0,0,7,5,0,11,0,3,0,0,13,14,0,1,0,0,0,0,7,13,22,0,9,3,0,0,7,13,26,0,0,1,9
0,0,0,0,0,0,0,0,9,6,6,6,7,3,7,6,0,0,0,0,6,0,0,3,9,0,1,0,0,0,0,0,7,5,0,11,0,3,0,0,13,14,0,1,0,0,0,0,7,13,22,0,9,3,0,3,7,13,26,0,0,1,9,10
0,0,0,0,0,0,0,0,6,6,6,7,3,7,6,0,0,0,0,6,0,0,3,0,0,1,0,0,0,0,0,0,5,0,11,0,3,0,0,0,14,0,1,0,0,0,0,0,13,22,0,9,3,0,3,0,13,26,0,0,1,9,10,0
0,9,6,6,6,7,3,7,0,0,0,0,0,6,0,0,0,9,0,1,0,0,0,0,0,7,5,0,11,0,3,0,0,13,14,0,1,0,0,0,0,7,13,22,0,9,3,0,0,7,13,26,0,0,1,9,0,5,0,10,1,3,3,5
9,6,6,6,7,3,7,6,0,0,0,0,6,0,0,3,9,0,1,0,0,0,0,0,7,5,0,11,0,3,0,0,13,14,0,1,0,0,0,0,7,13,22,0,9,3,0,3,7,13,26,0,0,1,9,10,5,0,10,1,3,3,5,14
6,6,6,7,3,7,6,0,0,0,0,6,0,0,3,0,0,1,0,0,0,0,0,0,5,0,11,0,3,0,0,0,14,0,1,0,0,0,0,0,13,22,0,9,3,0,3,0,13,26,0,0,1,9,10,0,0,10,1,3,3,5,14,0
0,0,0,0,0,6,0,0,0,9,0,1,0,0,0,0,0,7,5,0,11,0,3,0,0,13,14,0,1,0,0,0,0,7,13,22,0,9,3,0,0,7,13,26,0,0,1,9,0,5,0,10,1,3,3,5,0,0,0,0,0,0,0,0
0,0,0,0,6,0,0,3,9,0,1,0,0,0,0,0,7,5,0,11,0,3,0,0,13,14,0,1,0,0,0,0,7,13,22,0,9,3,0,3,7,13,26,0,0,1,9,10,5,0,10,1,3,3,5,14,0,0,0,0,0,0,0,0
0,0,0,6,0,0,3,0,0,1,0,0,0,0,0,0,5,0,11,0,3,0,0,0,14,0,1,0,0,0,0,0,13,22,0,9,3,0,3,0,13,26,0,0,1,9,10,0,0,10,1,3,3,5,14,0,0,0,0,0,0,0,0,0
0,0,0,0,0,0,0,0,0,3,3,3,6,5,7,7,0,11,10,9,15,22,7,12,0,11,9,12,11,12,15,13,0,7,10,14,24,3,11,17,0,11,5,14,12,13,9,18,0,15,13,23,14,7,15,25,0,7,11,11,15,15,15,15
0,0,0,0,0,0,0,0,3,3,3,6,5,7,7,5,11,10,9,15,22,7,12,17,11,9,12,11,12,15,13,21,7,10,14,24,3,11,17,7,11,5,14,12,13,9,18,9,15,13,23,14,7,15,25,23,7,11,11,15,15,15,15,13
0,0,0,0,0,0,0,0,3,3,6,5,7,7,5,0,10,9,15,22,7,12,17,0,9,12,11,12,15,13,21,0,10,14,24,3,11,17,7,0,5,14,12,13,9,18,9,0,13,23,14,7,15,25,23,0,11,11,15,15,15,15,13,0
0,3,3,3,6,5,7,7,0,11,10,9,15,22,7,12,0,11,9,12,11,12,15,13,0,7,10,14,24,3,11,17,0,11,5,14,12,13,9,18,0,15,13,23,14,7,15,25,0,7,11,11,15,15,15,15,0,0,6,20,6,10,11,7
3,3,3,6,5,7,7,5,11,10,9,15,22,7,12,17,11,9,12,11,12,15,13,21,7,10,14,24,3,11,17,7,11,5,14,12,13,9,18,9,15,13,23,14,7,15,25,23,7,11,11,15,15,15,15,13,0,6,20,6,10,11,7,7
3,3,6,5,7,7,5,0,10,9,15,22,7,12,17,0,9,12,11,12,15,13,21,0,10,14,24,3,11,17,7,0,5,14,12,13,9,18,9,0,13,23,14,7,15,25,23,0,11,11,15,15,15,15,13,0,6,20,6,10,11,7,7,0
0,11,10,9,15,22,7,12,0,11,9,12,11,12,15,13,0,7,10,14,24,3,11,17,0,11,5,14,12,13,9,18,0,15,13,23,14,7,15,25,0,7,11,11,15,15,15,15,0,0,6,20,6,10,11,7,0,0,0,0,0,0,0,0
11,10,9,15,22,7,12,17,11,9,12,11,12,15,13,21,7,10,14,24,3,11,17,7,11,5,14,12,13,9,18,9,15,13,23,14,7,15,25,23,7,11,11,15,15,15,15,13,0,6,20,6,10,11,7,7,0,0,0,0,0,0,0,0
10,9,15,22,7,12,17,0,9,12,11,12,15,13,21,0,10,14,24,3,11,17,7,0,5,14,12,13,9,18,9,0,13,23,14,7,15,25,23,0,11,11,15,15,15,15,13,0,6,20,6,10,11,7,7,0,0,0,0,0,0,0,0,0
0,0,0,0,0,0,0,0,0,9,6,6,7,12,3,6,0,6,0,7,14,0,0,0,0,7,6,15,3,0,0,0,0,7,11,0,1,5,7,0,0,7,17,0,5,0,0,0,0,0,9,14,11,10,0,3,0,0,3,26,0,0,0,0
0,0,0,0,0,0,0,0,9,6,6,7,12,3,6,0,6,0,7,14,0,0,0,0,7,6,15,3,0,0,0,0,7,11,0,1,5,7,0,0,7,17,0,5,0,0,0,0,0,9,14,11,10,0,3,0,0,3,26,0,0,0,0,0
0,0,0,0,0,0,0,0,6,6,7,12,3,6,0,0,0,7,14,0,0,0,0,0,6,15,3,0,0,0,0,0,11,0,1,5,7,0,0,0,17,0,5,0,0,0,0,0,9,14,11,10,0,3,0,0,3,26,0,0,0,0,0,0
0,9,6,6,7,12,3,6,0,6,0,7,14,0,0,0,0,7,6,15,3,0,0,0,0,7,11,0,1,5,7,0,0,7,17,0,5,0,0,0,0,0,9,14,11,10,0,3,0,0,3,26,0,0,0,0,0,0,0,0,0,0,0,0
9,6,6,7,12,3,6,0,6,0,7,14,0,0,0,0,7,6,15,3,0,0,0,0,7,11,0,1,5,7,0,0,7,17,0,5,0,0,0,0,0,9,14,11,10,0,3,0,0,3,26,0,0,0,0,0,0,0,0,0,0,0,0,0
6,6,7,12,3,6,0,0,0,7,14,0,0,0,0,0,6,15,3,0,0,0,0,0,11,0,1,5,7,0,0,0,17,0,5,0,0,0,0,0,9,14,11,10,0,3,0,0,3,26,0,0,0,0,0,0,0,0,0,0,0,0,0,0
0,6,0,7,14,0,0,0,0,7,6,15,3,0,0,0,0,7,11,0,1,5,7,0,0,7,17,0,5,0,0,0,0,0,9,14,11,10,0,3,0,0,3,26,0,0,0,0,0,0,0,0,0,0,0,0,0,0,0,0,0,0,0,0
6,0,7,14,0,0,0,0,7,6,15,3,0,0,0,0,7,11,0,1,5,7,0,0,7,17,0,5,0,0,0,0,0,9,14,11,10,0,3,0,0,3,26,0,0,0,0,0,0,0,0,0,0,0,0,0,0,0,0,0,0,0,0,0
0,7,14,0,0,0,0,0,6,15,3,0,0,0,0,0,11,0,1,5,7,0,0,0,17,0,5,0,0,0,0,0,9,14,11,10,0,3,0,0,3,26,0,0,0,0,0,0,0,0,0,0,0,0,0,0,0,0,0,0,0,0,0,0
0,0,0,0,0,0,0,0,0,3,0,3,3,3,0,0,0,5,7,10,1,0,6,10,0,7,12,15,7,13,0,7,0,11,7,10,7,11,5,6,0,15,14,7,3,3,0,3,0,13,15,11,12,6,1,21,0,7,13,21,12,10,12,7
0,0,0,0,0,0,0,0,3,0,3,3,3,0,0,0,5,7,10,1,0,6,10,7,7,12,15,7,13,0,7,18,11,7,10,7,11,5,6,13,15,14,7,3,3,0,3,7,13,15,11,12,6,1,21,5,7,13,21,12,10,12,7,10
0,0,0,0,0,0,0,0,0,3,3,3,0,0,0,0,7,10,1,0,6,10,7,0,12,15,7,13,0,7,18,0,7,10,7,11,5,6,13,0,14,7,3,3,0,3,7,0,15,11,12,6,1,21,5,0,13,21,12,10,12,7,10,0
0,3,0,3,3,3,0,0,0,5,7,10,1,0,6,10,0,7,12,15,7,13,0,7,0,11,7,10,7,11,5,6,0,15,14,7,3,3,0,3,0,13,15,11,12,6,1,21,0,7,13,21,12,10,12,7,0,10,22,5,14,11,11,13
3,0,3,3,3,0,0,0,5,7,10,1,0,6,10,7,7,12,15,7,13,0,7,18,11,7,10,7,11,5,6,13,15,14,7,3,3,0,3,7,13,15,11,12,6,1,21,5,7,13,21,12,10,12,7,10,10,22,5,14,11,11,13,11
0,3,3,3,0,0,0,0,7,10,1,0,6,10,7,0,12,15,7,13,0,7,18,0,7,10,7,11,5,6,13,0,14,7,3,3,0,3,7,0,15,11,12,6,1,21,5,0,13,21,12,10,12,7,10,0,22,5,14,11,11,13,11,0
0,5,7,10,1,0,6,10,0,7,12,15,7,13,0,7,0,11,7,10,7,11,5,6,0,15,14,7,3,3,0,3,0,13,15,11,12,6,1,21,0,7,13,21,12,10,12,7,0,10,22,5,14,11,11,13,0,0,0,0,0,0,0,0
5,7,10,1,0,6,10,7,7,12,15,7,13,0,7,18,11,7,10,7,11,5,6,13,15,14,7,3,3,0,3,7,13,15,11,12,6,1,21,5,7,13,21,12,10,12,7,10,10,22,5,14,11,11,13,11,0,0,0,0,0,0,0,0
7,10,1,0,6,10,7,0,12,15,7,13,0,7,18,0,7,10,7,11,5,6,13,0,14,7,3,3,0,3,7,0,15,11,12,6,1,21,5,0,13,21,12,10,12,7,10,0,22,5,14,11,11,13,11,0,0,0,0,0,0,0,0,0
0,0,0,0,0,0,0,0,0,0,0,0,0,0,0,0,0,0,0,0,0,0,0,0,0,0,0,0,0,0,0,0,0,0,7,3,0,0,0,0,0,0,0,0,17,0,3,0,0,0,0,0,0,0,0,0,0,0,0,0,0,0,0,0
0,0,0,0,0,0,0,0,0,0,0,0,0,0,0,0,0,0,0,0,0,0,0,0,0,0,0,0,0,0,0,0,0,7,3,0,0,0,0,0,0,0,0,17,0,3,0,0,0,0,0,0,0,0,0,3,0,0,0,0,0,0,0,0
0,0,0,0,0,0,0,0,0,0,0,0,0,0,0,0,0,0,0,0,0,0,0,0,0,0,0,0,0,0,0,0,7,3,0,0,0,0,0,0,0,0,17,0,3,0,0,0,0,0,0,0,0,0,3,0,0,0,0,0,0,0,0,0
0,0,0,0,0,0,0,0,0,0,0,0,0,0,0,0,0,0,0,0,0,0,0,0,0,0,7,3,0,0,0,0,0,0,0,0,17,0,3,0,0,0,0,0,0,0,0,0,0,0,0,0,0,0,0,0,0,0,0,6,0,0,0,0
0,0,0,0,0,0,0,0,0,0,0,0,0,0,0,0,0,0,0,0,0,0,0,0,0,7,3,0,0,0,0,0,0,0,0,17,0,3,0,0,0,0,0,0,0,0,0,3,0,0,0,0,0,0,0,0,0,0,6,0,0,0,0,0
0,0,0,0,0,0,0,0,0,0,0,0,0,0,0,0,0,0,0,0,0,0,0,0,7,3,0,0,0,0,0,0,0,0,17,0,3,0,0,0,0,0,0,0,0,0,3,0,0,0,0,0,0,0,0,0,0,6,0,0,0,0,0,0
0,0,0,0,0,0,0,0,0,0,0,0,0,0,0,0,0,0,7,3,0,0,0,0,0,0,0,0,17,0,3,0,0,0,0,0,0,0,0,0,0,0,0,0,0,0,0,0,0,0,0,6,0,0,0,0,0,0,0,0,0,0,0,0
0,0,0,0,0,0,0,0,0,0,0,0,0,0,0,0,0,7,3,0,0,0,0,0,0,0,0,17,0,3,0,0,0,0,0,0,0,0,0,3,0,0,0,0,0,0,0,0,0,0,6,0,0,0,0,0,0,0,0,0,0,0,0,0
0,0,0,0,0,0,0,0,0,0,0,0,0,0,0,0,7,3,0,0,0,0,0,0,0,0,17,0,3,0,0,0,0,0,0,0,0,0,3,0,0,0,0,0,0,0,0,0,0,6,0,0,0,0,0,0,0,0,0,0,0,0,0,0
0,0,0,0,0,0,0,0,0,7,3,3,3,5,5,5,0,7,7,9,15,0,3,7,0,0,7,15,9,7,5,0,0,3,0,11,0,6,0,0,0,0,1,11,0,1,1,0,0,7,0,0,5,0,0,3,0,0,1,0,5,0,0,0
0,0,0,0,0,0,0,0,7,3,3,3,5,5,5,0,7,7,9,15,0,3,7,1,0,7,15,9,7,5,0,0,3,0,11,0,6,0,0,3,0,1,11,0,1,1,0,0,7,0,0,5,0,0,3,6,0,1,0,5,0,0,0,0
0,0,0,0,0,0,0,0,3,3,3,5,5,5,0,0,7,9,15,0,3,7,1,0,7,15,9,7,5,0,0,0,0,11,0,6,0,0,3,0,1,11,0,1,1,0,0,0,0,0,5,0,0,3,6,0,1,0,5,0,0,0,0,0
0,7,3,3,3,5,5,5,0,7,7,9,15,0,3,7,0,0,7,15,9,7,5,0,0,3,0,11,0,6,0,0,0,0,1,11,0,1,1,0,0,7,0,0,5,0,0,3,0,0,1,0,5,0,0,0,0,0,0,0,0,0,0,0
7,3,3,3,5,5,5,0,7,7,9,15,0,3,7,1,0,7,15,9,7,5,0,0,3,0,11,0,6,0,0,3,0,1,11,0,1,1,0,0,7,0,0,5,0,0,3,6,0,1,0,5,0,0,0,0,0,0,0,0,0,0,0,0
3,3,3,5,5,5,0,0,7,9,15,0,3,7,1,0,7,15,9,7,5,0,0,0,0,11,0,6,0,0,3,0,1,11,0,1,1,0,0,0,0,0,5,0,0,3,6,0,1,0,5,0,0,0,0,0,0,0,0,0,0,0,0,0
0,7,7,9,15,0,3,7,0,0,7,15,9,7,5,0,0,3,0,11,0,6,0,0,0,0,1,11,0,1,1,0,0,7,0,0,5,0,0,3,0,0,1,0,5,0,0,0,0,0,0,0,0,0,0,0,0,0,0,0,0,0,0,0
7,7,9,15,0,3,7,1,0,7,15,9,7,5,0,0,3,0,11,0,6,0,0,3,0,1,11,0,1,1,0,0,7,0,0,5,0,0,3,6,0,1,0,5,0,0,0,0,0,0,0,0,0,0,0,0,0,0,0,0,0,0,0,0
7,9,15,0,3,7,1,0,7,15,9,7,5,0,0,0,0,11,0,6,0,0,3,0,1,11,0,1,1,0,0,0,0,0,5,0,0,3,6,0,1,0,5,0,0,0,0,0,0,0,0,0,0,0,0,0,0,0,0,0,0,0,0,0
0,0,0,0,0,0,0,0,0,0,0,0,0,0,0,0,0,0,0,0,0,0,0,0,0,0,0,0,0,0,3,0,0,0,0,0,0,0,0,0,0,0,0,3,0,1,0,0,0,0,0,0,0,0,1,0,0,0,0,0,3,0,0,0
0,0,0,0,0,0,0,0,0,0,0,0,0,0,0,0,0,0,0,0,0,0,0,0,0,0,0,0,0,3,0,0,0,0,0,0,0,0,0,0,0,0,3,0,1,0,0,0,0,0,0,0,0,1,0,0,0,0,0,3,0,0,0,0
0,0,0,0,0,0,0,0,0,0,0,0,0,0,0,0,0,0,0,0,0,0,0,0,0,0,0,0,3,0,0,0,0,0,0,0,0,0,0,0,0,3,0,1,0,0,0,0,0,0,0,0,1,0,0,0,0,0,3,0,0,0,0,0
0,0,0,0,0,0,0,0,0,0,0,0,0,0,0,0,0,0,0,0,0,0,3,0,0,0,0,0,0,0,0,0,0,0,0,3,0,1,0,0,0,0,0,0,0,0,1,0,0,0,0,0,3,0,0,0,0,0,0,10,0,0,0,0
0,0,0,0,0,0,0,0,0,0,0,0,0,0,0,0,0,0,0,0,0,3,0,0,0,0,0,0,0,0,0,0,0,0,3,0,1,0,0,0,0,0,0,0,0,1,0,0,0,0,0,3,0,0,0,0,0,0,10,0,0,0,0,0
0,0,0,0,0,0,0,0,0,0,0,0,0,0,0,0,0,0,0,0,3,0,0,0,0,0,0,0,0,0,0,0,0,3,0,1,0,0,0,0,0,0,0,0,1,0,0,0,0,0,3,0,0,0,0,0,0,10,0,0,0,0,0,0
0,0,0,0,0,0,0,0,0,0,0,0,0,0,3,0,0,0,0,0,0,0,0,0,0,0,0,3,0,1,0,0,0,0,0,0,0,0,1,0,0,0,0,0,3,0,0,0,0,0,0,10,0,0,0,0,0,0,0,0,0,0,0,0
0,0,0,0,0,0,0,0,0,0,0,0,0,3,0,0,0,0,0,0,0,0,0,0,0,0,3,0,1,0,0,0,0,0,0,0,0,1,0,0,0,0,0,3,0,0,0,0,0,0,10,0,0,0,0,0,0,0,0,0,0,0,0,0
0,0,0,0,0,0,0,0,0,0,0,0,3,0,0,0,0,0,0,0,0,0,0,0,0,3,0,1,0,0,0,0,0,0,0,0,1,0,0,0,0,0,3,0,0,0,0,0,0,10,0,0,0,0,0,0,0,0,0,0,0,0,0,0
0,0,0,0,0,0,0,0,0,3,5,5,7,9,9,5,0,3,7,6,5,15,0,5,0,6,1,11,3,7,3,5,0,0,3,14,5,1,0,6,0,0,0,5,5,7,12,7,0,7,0,9,3,6,7,3,0,14,7,3,3,0,1,3
0,0,0,0,0,0,0,0,3,5,5,7,9,9,5,5,3,7,6,5,15,0,5,7,6,1,11,3,7,3,5,3,0,3,14,5,1,0,6,3,0,0,5,5,7,12,7,0,7,0,9,3,6,7,3,7,14,7,3,3,0,1,3,0
0,0,0,0,0,0,0,0,5,5,7,9,9,5,5,0,7,6,5,15,0,5,7,0,1,11,3,7,3,5,3,0,3,14,5,1,0,6,3,0,0,5,5,7,12,7,0,0,0,9,3,6,7,3,7,0,7,3,3,0,1,3,0,0
0,3,5,5,7,9,9,5,0,3,7,6,5,15,0,5,0,6,1,11,3,7,3,5,0,0,3,14,5,1,0,6,0,0,0,5,5,7,12,7,0,7,0,9,3,6,7,3,0,14,7,3,3,0,1,3,0,6,7,18,0,3,1,0
3,5,5,7,9,9,5,5,3,7,6,5,15,0,5,7,6,1,11,3,7,3,5,3,0,3,14,5,1,0,6,3,0,0,5,5,7,12,7,0,7,0,9,3,6,7,3,7,14,7,3,3,0,1,3,0,6,7,18,0,3,1,0,0
5,5,7,9,9,5,5,0,7,6,5,15,0,5,7,0,1,11,3,7,3,5,3,0,3,14,5,1,0,6,3,0,0,5,5,7,12,7,0,0,0,9,3,6,7,3,7,0,7,3,3,0,1,3,0,0,7,18,0,3,1,0,0,0
0,3,7,6,5,15,0,5,0,6,1,11,3,7,3,5,0,0,3,14,5,1,0,6,0,0,0,5,5,7,12,7,0,7,0,9,3,6,7,3,0,14,7,3,3,0,1,3,0,6,7,18,0,3,1,0,0,0,0,0,0,0,0,0
3,7,6,5,15,0,5,7,6,1,11,3,7,3,5,3,0,3,14,5,1,0,6,3,0,0,5,5,7,12,7,0,7,0,9,3,6,7,3,7,14,7,3,3,0,1,3,0,6,7,18,0,3,1,0,0,0,0,0,0,0,0,0,0
7,6,5,15,0,5,7,0,1,11,3,7,3,5,3,0,3,14,5,1,0,6,3,0,0,5,5,7,12,7,0,0,0,9,3,6,7,3,7,0,7,3,3,0,1,3,0,0,7,18,0,3,1,0,0,0,0,0,0,0,0,0,0,0
0,0,0,0,0,0,0,0,0,3,5,5,3,3,5,10,0,0,0,0,0,0,0,0,0,0,0,0,0,0,0,0,0,0,0,3,0,0,0,0,0,3,0,0,7,0,0,0,0,0,1,0,0,0,1,0,0,0,1,0,5,0,0,0
0,0,0,0,0,0,0,0,3,5,5,3,3,5,10,5,0,0,0,0,0,0,0,1,0,0,0,0,0,0,0,0,0,0,3,0,0,0,0,0,3,0,0,7,0,0,0,0,0,1,0,0,0,1,0,0,0,1,0,5,0,0,0,0
0,0,0,0,0,0,0,0,5,5,3,3,5,10,5,0,0,0,0,0,0,0,1,0,0,0,0,0,0,0,0,0,0,3,0,0,0,0,0,0,0,0,7,0,0,0,0,0,1,0,0,0,1,0,0,0,1,0,5,0,0,0,0,0
0,3,5,5,3,3,5,10,0,0,0,0,0,0,0,0,0,0,0,0,0,0,0,0,0,0,0,3,0,0,0,0,0,3,0,0,7,0,0,0,0,0,1,0,0,0,1,0,0,0,1,0,5,0,0,0,0,0,0,0,0,0,0,0
3,5,5,3,3,5,10,5,0,0,0,0,0,0,0,1,0,0,0,0,0,0,0,0,0,0,3,0,0,0,0,0,3,0,0,7,0,0,0,0,0,1,0,0,0,1,0,0,0,1,0,5,0,0,0,0,0,0,0,0,0,0,0,0
5,5,3,3,5,10,5,0,0,0,0,0,0,0,1,0,0,0,0,0,0,0,0,0,0,3,0,0,0,0,0,0,0,0,7,0,0,0,0,0,1,0,0,0,1,0,0,0,1,0,5,0,0,0,0,0,0,0,0,0,0,0,0,0
0,0,0,0,0,0,0,0,0,0,0,0,0,0,0,0,0,0,0,3,0,0,0,0,0,3,0,0,7,0,0,0,0,0,1,0,0,0,1,0,0,0,1,0,5,0,0,0,0,0,0,0,0,0,0,0,0,0,0,0,0,0,0,0
0,0,0,0,0,0,0,1,0,0,0,0,0,0,0,0,0,0,3,0,0,0,0,0,3,0,0,7,0,0,0,0,0,1,0,0,0,1,0,0,0,1,0,5,0,0,0,0,0,0,0,0,0,0,0,0,0,0,0,0,0,0,0,0
0,0,0,0,0,0,1,0,0,0,0,0,0,0,0,0,0,3,0,0,0,0,0,0,0,0,7,0,0,0,0,0,1,0,0,0,1,0,0,0,1,0,5,0,0,0,0,0,0,0,0,0,0,0,0,0,0,0,0,0,0,0,0,0
0,0,0,0,0,0,0,0,0,0,0,0,0,0,3,1,0,1,0,1,1,3,0,5,0,10,0,12,0,3,1,1,0,0,0,0,7,3,0,3,0,0,0,0,0,3,0,7,0,0,0,13,0,0,3,0,0,0,0,0,10,11,9,11
0,0,0,0,0,0,0,0,0,0,0,0,0,3,1,0,1,0,1,1,3,0,5,0,10,0,12,0,3,1,1,1,0,0,0,7,3,0,3,5,0,0,0,0,3,0,7,0,0,0,13,0,0,3,0,7,0,0,0,10,11,9,11,3
0,0,0,0,0,0,0,0,0,0,0,0,3,1,0,0,0,1,1,3,0,5,0,0,0,12,0,3,1,1,1,0,0,0,7,3,0,3,5,0,0,0,0,3,0,7,0,0,0,13,0,0,3,0,7,0,0,0,10,11,9,11,3,0
0,0,0,0,0,0,3,1,0,1,0,1,1,3,0,5,0,10,0,12,0,3,1,1,0,0,0,0,7,3,0,3,0,0,0,0,0,3,0,7,0,0,0,13,0,0,3,0,0,0,0,0,10,11,9,11,0,0,3,0,10,9,6,3
0,0,0,0,0,3,1,0,1,0,1,1,3,0,5,0,10,0,12,0,3,1,1,1,0,0,0,7,3,0,3,5,0,0,0,0,3,0,7,0,0,0,13,0,0,3,0,7,0,0,0,10,11,9,11,3,0,3,0,10,9,6,3,1
0,0,0,0,3,1,0,0,0,1,1,3,0,5,0,0,0,12,0,3,1,1,1,0,0,0,7,3,0,3,5,0,0,0,0,3,0,7,0,0,0,13,0,0,3,0,7,0,0,0,10,11,9,11,3,0,3,0,10,9,6,3,1,0
0,1,0,1,1,3,0,5,0,10,0,12,0,3,1,1,0,0,0,0,7,3,0,3,0,0,0,0,0,3,0,7,0,0,0,13,0,0,3,0,0,0,0,0,10,11,9,11,0,0,3,0,10,9,6,3,0,0,0,0,0,0,0,0
1,0,1,1,3,0,5,0,10,0,12,0,3,1,1,1,0,0,0,7,3,0,3,5,0,0,0,0,3,0,7,0,0,0,13,0,0,3,0,7,0,0,0,10,11,9,11,3,0,3,0,10,9,6,3,1,0,0,0,0,0,0,0,0
0,1,1,3,0,5,0,0,0,12,0,3,1,1,1,0,0,0,7,3,0,3,5,0,0,0,0,3,0,7,0,0,0,13,0,0,3,0,7,0,0,0,10,11,9,11,3,0,3,0,10,9,6,3,1,0,0,0,0,0,0,0,0,0
0,0,0,0,0,0,0,0,0,0,0,0,0,0,0,0,0,0,0,0,0,0,0,0,0,0,0,0,0,0,0,0,0,0,0,0,0,0,0,0,0,0,0,0,0,0,0,0,0,0,0,0,0,0,0,0,0,0,0,0,0,0,0,0
0,0,0,0,0,0,0,0,0,0,0,0,0,0,0,0,0,0,0,0,0,0,0,0,0,0,0,0,0,0,0,0,0,0,0,0,0,0,0,0,0,0,0,0,0,0,0,0,0,0,0,0,0,0,0,0,0,0,0,0,0,0,0,0
0,0,0,0,0,0,0,0,0,0,0,0,0,0,0,0,0,0,0,0,0,0,0,0,0,0,0,0,0,0,0,0,0,0,0,0,0,0,0,0,0,0,0,0,0,0,0,0,0,0,0,0,0,0,0,0,0,0,0,0,0,0,0,0
0,0,0,0,0,0,0,0,0,0,0,0,0,0,0,0,0,0,0,0,0,0,0,0,0,0,0,0,0,0,0,0,0,0,0,0,0,0,0,0,0,0,0,0,0,0,0,0,0,0,0,0,0,0,0,0,0,0,0,0,0,0,0,0
0,0,0,0,0,0,0,0,0,0,0,0,0,0,0,0,0,0,0,0,0,0,0,0,0,0,0,0,0,0,0,0,0,0,0,0,0,0,0,0,0,0,0,0,0,0,0,0,0,0,0,0,0,0,0,0,0,0,0,0,0,0,0,0
0,0,0,0,0,0,0,0,0,0,0,0,0,0,0,0,0,0,0,0,0,0,0,0,0,0,0,0,0,0,0,0,0,0,0,0,0,0,0,0,0,0,0,0,0,0,0,0,0,0,0,0,0,0,0,0,0,0,0,0,0,0,0,0
0,0,0,0,0,0,0,0,0,0,0,0,0,0,0,0,0,0,0,0,0,0,0,0,0,0,0,0,0,0,0,0,0,0,0,0,0,0,0,0,0,0,0,0,0,0,0,0,0,0,0,0,0,0,0,0,0,0,0,0,0,0,0,0
0,0,0,0,0,0,0,0,0,0,0,0,0,0,0,0,0,0,0,0,0,0,0,0,0,0,0,0,0,0,0,0,0,0,0,0,0,0,0,0,0,0,0,0,0,0,0,0,0,0,0,0,0,0,0,0,0,0,0,0,0,0,0,0
0,0,0,0,0,0,0,0,0,0,0,0,0,0,0,0,0,0,0,0,0,0,0,0,0,0,0,0,0,0,0,0,0,0,0,0,0,0,0,0,0,0,0,0,0,0,0,0,0,0,0,0,0,0,0,0,0,0,0,0,0,0,0,0
0,0,0,0,0,0,0,0,0,3,0,0,0,0,0,0,0,0,0,0,0,0,3,1,0,5,0,3,0,0,0,0,0,0,0,0,0,3,0,0,0,0,0,3,0,0,0,0,0,0,0,0,0,6,0,0,0,0,0,0,0,0,0,0
0,0,0,0,0,0,0,0,3,0,0,0,0,0,0,0,0,0,0,0,0,3,1,0,5,0,3,0,0,0,0,0,0,0,0,0,3,0,0,0,0,0,3,0,0,0,0,0,0,0,0,0,6,0,0,0,0,0,0,0,0,0,0,0
0,0,0,0,0,0,0,0,0,0,0,0,0,0,0,0,0,0,0,0,3,1,0,0,0,3,0,0,0,0,0,0,0,0,0,3,0,0,0,0,0,3,0,0,0,0,0,0,0,0,0,6,0,0,0,0,0,0,0,0,0,0,0,0
0,3,0,0,0,0,0,0,0,0,0,0,0,0,3,1,0,5,0,3,0,0,0,0,0,0,0,0,0,3,0,0,0,0,0,3,0,0,0,0,0,0,0,0,0,6,0,0,0,0,0,0,0,0,0,0,0,0,0,0,0,0,0,0
3,0,0,0,0,0,0,0,0,0,0,0,0,3,1,0,5,0,3,0,0,0,0,0,0,0,0,0,3,0,0,0,0,0,3,0,0,0,0,0,0,0,0,0,6,0,0,0,0,0,0,0,0,0,0,0,0,0,0,0,0,0,0,0
0,0,0,0,0,0,0,0,0,0,0,0,3,1,0,0,0,3,0,0,0,0,0,0,0,0,0,3,0,0,0,0,0,3,0,0,0,0,0,0,0,0,0,6,0,0,0,0,0,0,0,0,0,0,0,0,0,0,0,0,0,0,0,0
0,0,0,0,0,0,3,1,0,5,0,3,0,0,0,0,0,0,0,0,0,3,0,0,0,0,0,3,0,0,0,0,0,0,0,0,0,6,0,0,0,0,0,0,0,0,0,0,0,0,0,0,0,0,0,0,0,0,0,0,0,0,0,0
0,0,0,0,0,3,1,0,5,0,3,0,0,0,0,0,0,0,0,0,3,0,0,0,0,0,3,0,0,0,0,0,0,0,0,0,6,0,0,0,0,0,0,0,0,0,0,0,0,0,0,0,0,0,0,0,0,0,0,0,0,0,0,0
0,0,0,0,3,1,0,0,0,3,0,0,0,0,0,0,0,0,0,3,0,0,0,0,0,3,0,0,0,0,0,0,0,0,0,6,0,0,0,0,0,0,0,0,0,0,0,0,0,0,0,0,0,0,0,0,0,0,0,0,0,0,0,0
0,0,0,0,0,0,0,0,0,7,3,7,7,7,0,3,0,6,0,1,1,0,0,5,0,7,6,10,0,5,0,3,0,0,7,0,9,3,0,7,0,0,6,0,3,0,0,7,0,0,3,0,0,0,0,0,0,3,0,5,12,3,3,0
0,0,0,0,0,0,0,0,7,3,7,7,7,0,3,7,6,0,1,1,0,0,5,0,7,6,10,0,5,0,3,5,0,7,0,9,3,0,7,7,0,6,0,3,0,0,7,5,0,3,0,0,0,0,0,0,3,0,5,12,3,3,0,0
0,0,0,0,0,0,0,0,3,7,7,7,0,3,7,0,0,1,1,0,0,5,0,0,6,10,0,5,0,3,5,0,7,0,9,3,0,7,7,0,6,0,3,0,0,7,5,0,3,0,0,0,0,0,0,0,0,5,12,3,3,0,0,0
0,7,3,7,7,7,0,3,0,6,0,1,1,0,0,5,0,7,6,10,0,5,0,3,0,0,7,0,9,3,0,7,0,0,6,0,3,0,0,7,0,0,3,0,0,0,0,0,0,3,0,5,12,3,3,0,0,0,7,7,5,3,3,0
7,3,7,7,7,0,3,7,6,0,1,1,0,0,5,0,7,6,10,0,5,0,3,5,0,7,0,9,3,0,7,7,0,6,0,3,0,0,7,5,0,3,0,0,0,0,0,0,3,0,5,12,3,3,0,0,0,7,7,5,3,3,0,0
3,7,7,7,0,3,7,0,0,1,1,0,0,5,0,0,6,10,0,5,0,3,5,0,7,0,9,3,0,7,7,0,6,0,3,0,0,7,5,0,3,0,0,0,0,0,0,0,0,5,12,3,3,0,0,0,7,7,5,3,3,0,0,0
0,6,0,1,1,0,0,5,0,7,6,10,0,5,0,3,0,0,7,0,9,3,0,7,0,0,6,0,3,0,0,7,0,0,3,0,0,0,0,0,0,3,0,5,12,3,3,0,0,0,7,7,5,3,3,0,0,0,0,0,0,0,0,0
6,0,1,1,0,0,5,0,7,6,10,0,5,0,3,5,0,7,0,9,3,0,7,7,0,6,0,3,0,0,7,5,0,3,0,0,0,0,0,0,3,0,5,12,3,3,0,0,0,7,7,5,3,3,0,0,0,0,0,0,0,0,0,0
0,1,1,0,0,5,0,0,6,10,0,5,0,3,5,0,7,0,9,3,0,7,7,0,6,0,3,0,0,7,5,0,3,0,0,0,0,0,0,0,0,5,12,3,3,0,0,0,7,7,5,3,3,0,0,0,0,0,0,0,0,0,0,0
0,0,0,0,0,0,0,0,0,0,0,0,0,0,0,0,0,0,0,0,0,0,0,0,0,0,0,0,0,0,0,0,0,0,0,0,0,0,0,0,0,0,0,0,0,0,0,0,0,0,0,0,0,0,0,0,0,0,0,0,0,0,0,0
0,0,0,0,0,0,0,0,0,0,0,0,0,0,0,0,0,0,0,0,0,0,0,0,0,0,0,0,0,0,0,0,0,0,0,0,0,0,0,0,0,0,0,0,0,0,0,0,0,0,0,0,0,0,0,0,0,0,0,0,0,0,0,0
0,0,0,0,0,0,0,0,0,0,0,0,0,0,0,0,0,0,0,0,0,0,0,0,0,0,0,0,0,0,0,0,0,0,0,0,0,0,0,0,0,0,0,0,0,0,0,0,0,0,0,0,0,0,0,0,0,0,0,0,0,0,0,0
0,0,0,0,0,0,0,0,0,0,0,0,0,0,0,0,0,0,0,0,0,0,0,0,0,0,0,0,0,0,0,0,0,0,0,0,0,0,0,0,0,0,0,0,0,0,0,0,0,0,0,0,0,0,0,0,0,0,0,0,0,0,0,0
0,0,0,0,0,0,0,0,0,0,0,0,0,0,0,0,0,0,0,0,0,0,0,0,0,0,0,0,0,0,0,0,0,0,0,0,0,0,0,0,0,0,0,0,0,0,0,0,0,0,0,0,0,0,0,0,0,0,0,0,0,0,0,0
0,0,0,0,0,0,0,0,0,0,0,0,0,0,0,0,0,0,0,0,0,0,0,0,0,0,0,0,0,0,0,0,0,0,0,0,0,0,0,0,0,0,0,0,0,0,0,0,0,0,0,0,0,0,0,0,0,0,0,0,0,0,0,0
0,0,0,0,0,0,0,0,0,0,0,0,0,0,0,0,0,0,0,0,0,0,0,0,0,0,0,0,0,0,0,0,0,0,0,0,0,0,0,0,0,0,0,0,0,0,0,0,0,0,0,0,0,0,0,0,0,0,0,0,0,0,0,0
0,0,0,0,0,0,0,0,0,0,0,0,0,0,0,0,0,0,0,0,0,0,0,0,0,0,0,0,0,0,0,0,0,0,0,0,0,0,0,0,0,0,0,0,0,0,0,0,0,0,0,0,0,0,0,0,0,0,0,0,0,0,0,0
0,0,0,0,0,0,0,0,0,0,0,0,0,0,0,0,0,0,0,0,0,0,0,0,0,0,0,0,0,0,0,0,0,0,0,0,0,0,0,0,0,0,0,0,0,0,0,0,0,0,0,0,0,0,0,0,0,0,0,0,0,0,0,0
0,0,0,0,0,0,0,0,0,3,3,6,6,3,5,7,0,10,7,7,14,9,7,7,0,7,3,0,6,0,6,0,0,0,11,0,11,3,7,0,0,10,7,0,10,1,0,3,0,0,14,22,0,10,0,5,0,0,0,30,0,0,0,7
0,0,0,0,0,0,0,0,3,3,6,6,3,5,7,3,10,7,7,14,9,7,7,10,7,3,0,6,0,6,0,3,0,11,0,11,3,7,0,9,10,7,0,10,1,0,3,9,0,14,22,0,10,0,5,10,0,0,30,0,0,0,7,7
0,0,0,0,0,0,0,0,3,6,6,3,5,7,3,0,7,7,14,9,7,7,10,0,3,0,6,0,6,0,3,0,11,0,11,3,7,0,9,0,7,0,10,1,0,3,9,0,14,22,0,10,0,5,10,0,0,30,0,0,0,7,7,0
0,3,3,6,6,3,5,7,0,10,7,7,14,9,7,7,0,7,3,0,6,0,6,0,0,0,11,0,11,3,7,0,0,10,7,0,10,1,0,3,0,0,14,22,0,10,0,5,0,0,0,30,0,0,0,7,0,0,0,15,0,0,0,0
3,3,6,6,3,5,7,3,10,7,7,14,9,7,7,10,7,3,0,6,0,6,0,3,0,11,0,11,3,7,0,9,10,7,0,10,1,0,3,9,0,14,22,0,10,0,5,10,0,0,30,0,0,0,7,7,0,0,15,0,0,0,0,0
3,6,6,3,5,7,3,0,7,7,14,9,7,7,10,0,3,0,6,0,6,0,3,0,11,0,11,3,7,0,9,0,7,0,10,1,0,3,9,0,14,22,0,10,0,5,10,0,0,30,0,0,0,7,7,0,0,15,0,0,0,0,0,0
0,10,7,7,14,9,7,7,0,7,3,0,6,0,6,0,0,0,11,0,11,3,7,0,0,10,7,0,10,1,0,3,0,0,14,22,0,10,0,5,0,0,0,30,0,0,0,7,0,0,0,15,0,0,0,0,0,0,0,0,0,0,0,0
10,7,7,14,9,7,7,10,7,3,0,6,0,6,0,3,0,11,0,11,3,7,0,9,10,7,0,10,1,0,3,9,0,14,22,0,10,0,5,10,0,0,30,0,0,0,7,7,0,0,15,0,0,0,0,0,0,0,0,0,0,0,0,0
7,7,14,9,7,7,10,0,3,0,6,0,6,0,3,0,11,0,11,3,7,0,9,0,7,0,10,1,0,3,9,0,14,22,0,10,0,5,10,0,0,30,0,0,0,7,7,0,0,15,0,0,0,0,0,0,0,0,0,0,0,0,0,0
0,0,0,0,0,0,0,0,0,3,1,0,0,1,0,0,0,3,3,3,0,0,0,0,0,0,3,7,1,0,0,3,0,1,12,0,14,0,3,1,0,10,9,0,1,0,0,0,0,12,15,7,0,5,0,0,0,0,0,31,0,0,0,0
0,0,0,0,0,0,0,0,3,1,0,0,1,0,0,1,3,3,3,0,0,0,0,9,0,3,7,1,0,0,3,1,1,12,0,14,0,3,1,0,10,9,0,1,0,0,0,5,12,15,7,0,5,0,0,0,0,0,31,0,0,0,0,0
0,0,0,0,0,0,0,0,1,0,0,1,0,0,1,0,3,3,0,0,0,0,9,0,3,7,1,0,0,3,1,0,12,0,14,0,3,1,0,0,9,0,1,0,0,0,5,0,15,7,0,5,0,0,0,0,0,31,0,0,0,0,0,0
0,3,1,0,0,1,0,0,0,3,3,3,0,0,0,0,0,0,3,7,1,0,0,3,0,1,12,0,14,0,3,1,0,10,9,0,1,0,0,0,0,12,15,7,0,5,0,0,0,0,0,31,0,0,0,0,0,0,0,0,0,0,0,0
3,1,0,0,1,0,0,1,3,3,3,0,0,0,0,9,0,3,7,1,0,0,3,1,1,12,0,14,0,3,1,0,10,9,0,1,0,0,0,5,12,15,7,0,5,0,0,0,0,0,31,0,0,0,0,0,0,0,0,0,0,0,0,0
1,0,0,1,0,0,1,0,3,3,0,0,0,0,9,0,3,7,1,0,0,3,1,0,12,0,14,0,3,1,0,0,9,0,1,0,0,0,5,0,15,7,0,5,0,0,0,0,0,31,0,0,0,0,0,0,0,0,0,0,0,0,0,0
0,3,3,3,0,0,0,0,0,0,3,7,1,0,0,3,0,1,12,0,14,0,3,1,0,10,9,0,1,0,0,0,0,12,15,7,0,5,0,0,0,0,0,31,0,0,0,0,0,0,0,0,0,0,0,0,0,0,0,0,0,0,0,0
3,3,3,0,0,0,0,9,0,3,7,1,0,0,3,1,1,12,0,14,0,3,1,0,10,9,0,1,0,0,0,5,12,15,7,0,5,0,0,0,0,0,31,0,0,0,0,0,0,0,0,0,0,0,0,0,0,0,0,0,0,0,0,0
3,3,0,0,0,0,9,0,3,7,1,0,0,3,1,0,12,0,14,0,3,1,0,0,9,0,1,0,0,0,5,0,15,7,0,5,0,0,0,0,0,31,0,0,0,0,0,0,0,0,0,0,0,0,0,0,0,0,0,0,0,0,0,0
0,0,0,0,0,0,0,0,0,0,3,0,0,0,1,3,0,0,0,0,0,1,0,0,0,0,0,0,0,0,0,0,0,0,0,5,0,0,0,1,0,0,0,0,0,0,6,7,0,0,0,0,0,0,0,0,0,0,0,0,0,0,0,0
0,0,0,0,0,0,0,0,0,3,0,0,0,1,3,6,0,0,0,0,1,0,0,3,0,0,0,0,0,0,0,0,0,0,5,0,0,0,1,0,0,0,0,0,0,6,7,3,0,0,0,0,0,0,0,0,0,0,0,0,0,0,0,0
0,0,0,0,0,0,0,0,3,0,0,0,1,3,6,0,0,0,0,1,0,0,3,0,0,0,0,0,0,0,0,0,0,5,0,0,0,1,0,0,0,0,0,0,6,7,3,0,0,0,0,0,0,0,0,0,0,0,0,0,0,0,0,0
0,0,3,0,0,0,1,3,0,0,0,0,0,1,0,0,0,0,0,0,0,0,0,0,0,0,0,5,0,0,0,1,0,0,0,0,0,0,6,7,0,0,0,0,0,0,0,0,0,0,0,0,0,0,0,0,0,0,0,0,0,0,0,0
0,3,0,0,0,1,3,6,0,0,0,0,1,0,0,3,0,0,0,0,0,0,0,0,0,0,5,0,0,0,1,0,0,0,0,0,0,6,7,3,0,0,0,0,0,0,0,0,0,0,0,0,0,0,0,0,0,0,0,0,0,0,0,0
3,0,0,0,1,3,6,0,0,0,0,1,0,0,3,0,0,0,0,0,0,0,0,0,0,5,0,0,0,1,0,0,0,0,0,0,6,7,3,0,0,0,0,0,0,0,0,0,0,0,0,0,0,0,0,0,0,0,0,0,0,0,0,0
0,0,0,0,0,1,0,0,0,0,0,0,0,0,0,0,0,0,0,5,0,0,0,1,0,0,0,0,0,0,6,7,0,0,0,0,0,0,0,0,0,0,0,0,0,0,0,0,0,0,0,0,0,0,0,0,0,0,0,0,0,0,0,0
0,0,0,0,1,0,0,3,0,0,0,0,0,0,0,0,0,0,5,0,0,0,1,0,0,0,0,0,0,6,7,3,0,0,0,0,0,0,0,0,0,0,0,0,0,0,0,0,0,0,0,0,0,0,0,0,0,0,0,0,0,0,0,0
0,0,0,1,0,0,3,0,0,0,0,0,0,0,0,0,0,5,0,0,0,1,0,0,0,0,0,0,6,7,3,0,0,0,0,0,0,0,0,0,0,0,0,0,0,0,0,0,0,0,0,0,0,0,0,0,0,0,0,0,0,0,0,0
0,0,0,0,0,0,0,0,0,0,0,0,0,0,0,0,0,3,0,0,5,0,0,0,0,1,0,0,0,0,0,0,0,1,0,0,0,0,0,0,0,0,13,0,0,0,0,0,0,6,6,6,0,7,0,0,0,5,0,15,0,0,0,0
0,0,0,0,0,0,0,0,0,0,0,0,0,0,0,0,3,0,0,5,0,0,0,0,1,0,0,0,0,0,0,0,1,0,0,0,0,0,0,0,0,13,0,0,0,0,0,0,6,6,6,0,7,0,0,0,5,0,15,0,0,0,0,3
0,0,0,0,0,0,0,0,0,0,0,0,0,0,0,0,0,0,5,0,0,0,0,0,0,0,0,0,0,0,0,0,0,0,0,0,0,0,0,0,13,0,0,0,0,0,0,0,6,6,0,7,0,0,0,0,0,15,0,0,0,0,3,0
0,0,0,0,0,0,0,0,0,3,0,0,5,0,0,0,0,1,0,0,0,0,0,0,0,1,0,0,0,0,0,0,0,0,13,0,0,0,0,0,0,6,6,6,0,7,0,0,0,5,0,15,0,0,0,0,0,1,0,1,0,0,3,0
0,0,0,0,0,0,0,0,3,0,0,5,0,0,0,0,1,0,0,0,0,0,0,0,1,0,0,0,0,0,0,0,0,13,0,0,0,0,0,0,6,6,6,0,7,0,0,0,5,0,15,0,0,0,0,3,1,0,1,0,0,3,0,1
0,0,0,0,0,0,0,0,0,0,5,0,0,0,0,0,0,0,0,0,0,0,0,0,0,0,0,0,0,0,0,0,13,0,0,0,0,0,0,0,6,6,0,7,0,0,0,0,0,15,0,0,0,0,3,0,0,1,0,0,3,0,1,0
0,3,0,0,5,0,0,0,0,1,0,0,0,0,0,0,0,1,0,0,0,0,0,0,0,0,13,0,0,0,0,0,0,6,6,6,0,7,0,0,0,5,0,15,0,0,0,0,0,1,0,1,0,0,3,0,0,0,0,0,0,0,0,0
3,0,0,5,0,0,0,0,1,0,0,0,0,0,0,0,1,0,0,0,0,0,0,0,0,13,0,0,0,0,0,0,6,6,6,0,7,0,0,0,5,0,15,0,0,0,0,3,1,0,1,0,0,3,0,1,0,0,0,0,0,0,0,0
0,0,5,0,0,0,0,0,0,0,0,0,0,0,0,0,0,0,0,0,0,0,0,0,13,0,0,0,0,0,0,0,6,6,0,7,0,0,0,0,0,15,0,0,0,0,3,0,0,1,0,0,3,0,1,0,0,0,0,0,0,0,0,0
0,0,0,0,0,0,0,0,0,13,9,9,11,12,7,9,0,5,7,7,7,3,0,0,0,9,7,15,7,0,0,3,0,0,11,0,21,0,7,1,0,14,15,0,3,0,0,0,0,14,17,26,0,7,0,0,0,0,9,36,0,0,0,0
0,0,0,0,0,0,0,0,13,9,9,11,12,7,9,11,5,7,7,7,3,0,0,5,9,7,15,7,0,0,3,0,0,11,0,21,0,7,1,0,14,15,0,3,0,0,0,3,14,17,26,0,7,0,0,0,0,9,36,0,0,0,0,0
0,0,0,0,0,0,0,0,9,9,11,12,7,9,11,0,7,7,7,3,0,0,5,0,7,15,7,0,0,3,0,0,11,0,21,0,7,1,0,0,15,0,3,0,0,0,3,0,17,26,0,7,0,0,0,0,9,36,0,0,0,0,0,0
0,13,9,9,11,12,7,9,0,5,7,7,7,3,0,0,0,9,7,15,7,0,0,3,0,0,11,0,21,0,7,1,0,14,15,0,3,0,0,0,0,14,17,26,0,7,0,0,0,0,9,36,0,0,0,0,0,1,0,0,0,0,0,0
13,9,9,11,12,7,9,11,5,7,7,7,3,0,0,5,9,7,15,7,0,0,3,0,0,11,0,21,0,7,1,0,14,15,0,3,0,0,0,3,14,17,26,0,7,0,0,0,0,9,36,0,0,0,0,0,1,0,0,0,0,0,0,0
9,9,11,12,7,9,11,0,7,7,7,3,0,0,5,0,7,15,7,0,0,3,0,0,11,0,21,0,7,1,0,0,15,0,3,0,0,0,3,0,17,26,0,7,0,0,0,0,9,36,0,0,0,0,0,0,0,0,0,0,0,0,0,0
0,5,7,7,7,3,0,0,0,9,7,15,7,0,0,3,0,0,11,0,21,0,7,1,0,14,15,0,3,0,0,0,0,14,17,26,0,7,0,0,0,0,9,36,0,0,0,0,0,1,0,0,0,0,0,0,0,0,0,0,0,0,0,0
5,7,7,7,3,0,0,5,9,7,15,7,0,0,3,0,0,11,0,21,0,7,1,0,14,15,0,3,0,0,0,3,14,17,26,0,7,0,0,0,0,9,36,0,0,0,0,0,1,0,0,0,0,0,0,0,0,0,0,0,0,0,0,0
7,7,7,3,0,0,5,0,7,15,7,0,0,3,0,0,11,0,21,0,7,1,0,0,15,0,3,0,0,0,3,0,17,26,0,7,0,0,0,0,9,36,0,0,0,0,0,0,0,0,0,0,0,0,0,0,0,0,0,0,0,0,0,0
0,0,0,0,0,0,0,0,0,0,0,0,0,0,0,0,0,0,0,0,0,0,0,0,0,0,0,0,0,0,0,0,0,0,0,0,0,0,0,0,0,0,0,0,0,0,0,0,0,0,0,0,0,0,0,0,0,0,0,0,0,0,0,0
0,0,0,0,0,0,0,0,0,0,0,0,0,0,0,0,0,0,0,0,0,0,0,0,0,0,0,0,0,0,0,0,0,0,0,0,0,0,0,0,0,0,0,0,0,0,0,0,0,0,0,0,0,0,0,0,0,0,0,0,0,0,0,0
0,0,0,0,0,0,0,0,0,0,0,0,0,0,0,0,0,0,0,0,0,0,0,0,0,0,0,0,0,0,0,0,0,0,0,0,0,0,0,0,0,0,0,0,0,0,0,0,0,0,0,0,0,0,0,0,0,0,0,0,0,0,0,0
0,0,0,0,0,0,0,0,0,0,0,0,0,0,0,0,0,0,0,0,0,0,0,0,0,0,0,0,0,0,0,0,0,0,0,0,0,0,0,0,0,0,0,0,0,0,0,0,0,0,0,0,0,0,0,0,0,0,0,0,0,0,0,0
0,0,0,0,0,0,0,0,0,0,0,0,0,0,0,0,0,0,0,0,0,0,0,0,0,0,0,0,0,0,0,0,0,0,0,0,0,0,0,0,0,0,0,0,0,0,0,0,0,0,0,0,0,0,0,0,0,0,0,0,0,0,0,0
0,0,0,0,0,0,0,0,0,0,0,0,0,0,0,0,0,0,0,0,0,0,0,0,0,0,0,0,0,0,0,0,0,0,0,0,0,0,0,0,0,0,0,0,0,0,0,0,0,0,0,0,0,0,0,0,0,0,0,0,0,0,0,0
0,0,0,0,0,0,0,0,0,0,0,0,0,0,0,0,0,0,0,0,0,0,0,0,0,0,0,0,0,0,0,0,0,0,0,0,0,0,0,0,0,0,0,0,0,0,0,0,0,0,0,0,0,0,0,0,0,0,0,0,0,0,0,0
0,0,0,0,0,0,0,0,0,0,0,0,0,0,0,0,0,0,0,0,0,0,0,0,0,0,0,0,0,0,0,0,0,0,0,0,0,0,0,0,0,0,0,0,0,0,0,0,0,0,0,0,0,0,0,0,0,0,0,0,0,0,0,0
0,0,0,0,0,0,0,0,0,0,0,0,0,0,0,0,0,0,0,0,0,0,0,0,0,0,0,0,0,0,0,0,0,0,0,0,0,0,0,0,0,0,0,0,0,0,0,0,0,0,0,0,0,0,0,0,0,0,0,0,0,0,0,0
0,0,0,0,0,0,0,0,0,0,0,0,0,0,0,0,0,3,0,0,6,0,7,15,0,7,6,15,12,9,0,6,0,7,14,10,14,10,10,1,0,7,24,12,13,7,3,7,0,6,11,19,0,15,14,11,0,11,3,31,11,17,15,18
0,0,0,0,0,0,0,0,0,0,0,0,0,0,0,0,3,0,0,6,0,7,15,1,7,6,15,12,9,0,6,11,7,14,10,14,10,10,1,15,7,24,12,13,7,3,7,7,6,11,19,0,15,14,11,13,11,3,31,11,17,15,18,21
0,0,0,0,0,0,0,0,0,0,0,0,0,0,0,0,0,0,6,0,7,15,1,0,6,15,12,9,0,6,11,0,14,10,14,10,10,1,15,0,24,12,13,7,3,7,7,0,11,19,0,15,14,11,13,0,3,31,11,17,15,18,21,0
0,0,0,0,0,0,0,0,0,3,0,0,6,0,7,15,0,7,6,15,12,9,0,6,0,7,14,10,14,10,10,1,0,7,24,12,13,7,3,7,0,6,11,19,0,15,14,11,0,11,3,31,11,17,15,18,0,12,7,17,21,15,15,14
0,0,0,0,0,0,0,0,3,0,0,6,0,7,15,1,7,6,15,12,9,0,6,11,7,14,10,14,10,10,1,15,7,24,12,13,7,3,7,7,6,11,19,0,15,14,11,13,11,3,31,11,17,15,18,21,12,7,17,21,15,15,14,19
0,0,0,0,0,0,0,0,0,0,6,0,7,15,1,0,6,15,12,9,0,6,11,0,14,10,14,10,10,1,15,0,24,12,13,7,3,7,7,0,11,19,0,15,14,11,13,0,3,31,11,17,15,18,21,0,7,17,21,15,15,14,19,0
0,3,0,0,6,0,7,15,0,7,6,15,12,9,0,6,0,7,14,10,14,10,10,1,0,7,24,12,13,7,3,7,0,6,11,19,0,15,14,11,0,11,3,31,11,17,15,18,0,12,7,17,21,15,15,14,0,0,0,0,0,0,0,0
3,0,0,6,0,7,15,1,7,6,15,12,9,0,6,11,7,14,10,14,10,10,1,15,7,24,12,13,7,3,7,7,6,11,19,0,15,14,11,13,11,3,31,11,17,15,18,21,12,7,17,21,15,15,14,19,0,0,0,0,0,0,0,0
0,0,6,0,7,15,1,0,6,15,12,9,0,6,11,0,14,10,14,10,10,1,15,0,24,12,13,7,3,7,7,0,11,19,0,15,14,11,13,0,3,31,11,17,15,18,21,0,7,17,21,15,15,14,19,0,0,0,0,0,0,0,0,0
0,0,0,0,0,0,0,0,0,1,0,3,0,0,1,0,0,0,0,0,10,3,0,0,0,9,0,9,0,0,0,0,0,12,11,0,5,0,1,0,0,13,11,0,0,1,0,0,0,5,6,15,0,7,6,0,0,6,6,11,0,7,0,0
0,0,0,0,0,0,0,0,1,0,3,0,0,1,0,0,0,0,0,10,3,0,0,0,9,0,9,0,0,0,0,0,12,11,0,5,0,1,0,0,13,11,0,0,1,0,0,0,5,6,15,0,7,6,0,3,6,6,11,0,7,0,0,0
0,0,0,0,0,0,0,0,0,3,0,0,1,0,0,0,0,0,10,3,0,0,0,0,0,9,0,0,0,0,0,0,11,0,5,0,1,0,0,0,11,0,0,1,0,0,0,0,6,15,0,7,6,0,3,0,6,11,0,7,0,0,0,0
0,1,0,3,0,0,1,0,0,0,0,0,10,3,0,0,0,9,0,9,0,0,0,0,0,12,11,0,5,0,1,0,0,13,11,0,0,1,0,0,0,5,6,15,0,7,6,0,0,6,6,11,0,7,0,0,0,6,7,3,7,0,1,6
1,0,3,0,0,1,0,0,0,0,0,10,3,0,0,0,9,0,9,0,0,0,0,0,12,11,0,5,0,1,0,0,13,11,0,0,1,0,0,0,5,6,15,0,7,6,0,3,6,6,11,0,7,0,0,0,6,7,3,7,0,1,6,5
0,3,0,0,1,0,0,0,0,0,10,3,0,0,0,0,0,9,0,0,0,0,0,0,11,0,5,0,1,0,0,0,11,0,0,1,0,0,0,0,6,15,0,7,6,0,3,0,6,11,0,7,0,0,0,0,7,3,7,0,1,6,5,0
0,0,0,0,10,3,0,0,0,9,0,9,0,0,0,0,0,12,11,0,5,0,1,0,0,13,11,0,0,1,0,0,0,5,6,15,0,7,6,0,0,6,6,11,0,7,0,0,0,6,7,3,7,0,1,6,0,0,0,0,0,0,0,0
0,0,0,10,3,0,0,0,9,0,9,0,0,0,0,0,12,11,0,5,0,1,0,0,13,11,0,0,1,0,0,0,5,6,15,0,7,6,0,3,6,6,11,0,7,0,0,0,6,7,3,7,0,1,6,5,0,0,0,0,0,0,0,0
0,0,10,3,0,0,0,0,0,9,0,0,0,0,0,0,11,0,5,0,1,0,0,0,11,0,0,1,0,0,0,0,6,15,0,7,6,0,3,0,6,11,0,7,0,0,0,0,7,3,7,0,1,6,5,0,0,0,0,0,0,0,0,0
0,0,0,0,0,0,0,0,0,0,0,0,0,0,0,0,0,0,0,1,0,0,0,0,0,0,6,10,3,1,0,0,0,0,0,0,0,0,3,0,0,0,0,0,0,0,0,0,0,0,0,0,0,0,0,6,0,0,0,0,0,0,0,0
0,0,0,0,0,0,0,0,0,0,0,0,0,0,0,0,0,0,1,0,0,0,0,0,0,6,10,3,1,0,0,0,0,0,0,0,0,3,0,6,0,0,0,0,0,0,0,0,0,0,0,0,0,0,6,0,0,0,0,0,0,0,0,0
0,0,0,0,0,0,0,0,0,0,0,0,0,0,0,0,0,1,0,0,0,0,0,0,6,10,3,1,0,0,0,0,0,0,0,0,3,0,6,0,0,0,0,0,0,0,0,0,0,0,0,0,0,6,0,0,0,0,0,0,0,0,0,0
0,0,0,0,0,0,0,0,0,0,0,1,0,0,0,0,0,0,6,10,3,1,0,0,0,0,0,0,0,0,3,0,0,0,0,0,0,0,0,0,0,0,0,0,0,0,0,6,0,0,0,0,0,0,0,0,0,0,0,0,0,0,0,0
0,0,0,0,0,0,0,0,0,0,1,0,0,0,0,0,0,6,10,3,1,0,0,0,0,0,0,0,0,3,0,6,0,0,0,0,0,0,0,0,0,0,0,0,0,0,6,0,0,0,0,0,0,0,0,0,0,0,0,0,0,0,0,0
0,0,0,0,0,0,0,0,0,1,0,0,0,0,0,0,6,10,3,1,0,0,0,0,0,0,0,0,3,0,6,0,0,0,0,0,0,0,0,0,0,0,0,0,0,6,0,0,0,0,0,0,0,0,0,0,0,0,0,0,0,0,0,0
0,0,0,1,0,0,0,0,0,0,6,10,3,1,0,0,0,0,0,0,0,0,3,0,0,0,0,0,0,0,0,0,0,0,0,0,0,0,0,6,0,0,0,0,0,0,0,0,0,0,0,0,0,0,0,0,0,0,0,0,0,0,0,0
0,0,1,0,0,0,0,0,0,6,10,3,1,0,0,0,0,0,0,0,0,3,0,6,0,0,0,0,0,0,0,0,0,0,0,0,0,0,6,0,0,0,0,0,0,0,0,0,0,0,0,0,0,0,0,0,0,0,0,0,0,0,0,0
0,1,0,0,0,0,0,0,6,10,3,1,0,0,0,0,0,0,0,0,3,0,6,0,0,0,0,0,0,0,0,0,0,0,0,0,0,6,0,0,0,0,0,0,0,0,0,0,0,0,0,0,0,0,0,0,0,0,0,0,0,0,0,0
0,0,0,0,0,0,0,0,0,7,7,7,7,9,7,7,0,5,5,7,0,3,6,3,0,0,1,10,0,3,5,3,0,0,1,11,18,0,0,3,0,0,0,0,9,3,7,6,0,6,0,3,3,0,3,7,0,3,0,0,9,5,6,9
0,0,0,0,0,0,0,0,7,7,7,7,9,7,7,7,5,5,7,0,3,6,3,3,0,1,10,0,3,5,3,0,0,1,11,18,0,0,3,3,0,0,0,9,3,7,6,3,6,0,3,3,0,3,7,9,3,0,0,9,5,6,9,3
0,0,0,0,0,0,0,0,7,7,7,9,7,7,7,0,5,7,0,3,6,3,3,0,1,10,0,3,5,3,0,0,1,11,18,0,0,3,3,0,0,0,9,3,7,6,3,0,0,3,3,0,3,7,9,0,0,0,9,5,6,9,3,0
0,7,7,7,7,9,7,7,0,5,5,7,0,3,6,3,0,0,1,10,0,3,5,3,0,0,1,11,18,0,0,3,0,0,0,0,9,3,7,6,0,6,0,3,3,0,3,7,0,3,0,0,9,5,6,9,0,0,6,3,6,6,5,5
7,7,7,7,9,7,7,7,5,5,7,0,3,6,3,3,0,1,10,0,3,5,3,0,0,1,11,18,0,0,3,3,0,0,0,9,3,7,6,3,6,0,3,3,0,3,7,9,3,0,0,9,5,6,9,3,0,6,3,6,6,5,5,0
7,7,7,9,7,7,7,0,5,7,0,3,6,3,3,0,1,10,0,3,5,3,0,0,1,11,18,0,0,3,3,0,0,0,9,3,7,6,3,0,0,3,3,0,3,7,9,0,0,0,9,5,6,9,3,0,6,3,6,6,5,5,0,0
0,5,5,7,0,3,6,3,0,0,1,10,0,3,5,3,0,0,1,11,18,0,0,3,0,0,0,0,9,3,7,6,0,6,0,3,3,0,3,7,0,3,0,0,9,5,6,9,0,0,6,3,6,6,5,5,0,0,0,0,0,0,0,0
5,5,7,0,3,6,3,3,0,1,10,0,3,5,3,0,0,1,11,18,0,0,3,3,0,0,0,9,3,7,6,3,6,0,3,3,0,3,7,9,3,0,0,9,5,6,9,3,0,6,3,6,6,5,5,0,0,0,0,0,0,0,0,0
5,7,0,3,6,3,3,0,1,10,0,3,5,3,0,0,1,11,18,0,0,3,3,0,0,0,9,3,7,6,3,0,0,3,3,0,3,7,9,0,0,0,9,5,6,9,3,0,6,3,6,6,5,5,0,0,0,0,0,0,0,0,0,0
0,0,0,0,0,0,0,0,0,5,0,0,0,0,0,0,0,12,5,3,10,0,5,6,0,0,11,5,3,11,6,6,0,1,9,0,10,0,15,7,0,10,3,5,1,0,0,9,0,7,6,10,11,9,3,20,0,3,3,24,11,7,12,11
0,0,0,0,0,0,0,0,5,0,0,0,0,0,0,0,12,5,3,10,0,5,6,5,0,11,5,3,11,6,6,22,1,9,0,10,0,15,7,15,10,3,5,1,0,0,9,7,7,6,10,11,9,3,20,11,3,3,24,11,7,12,11,11
0,0,0,0,0,0,0,0,0,0,0,0,0,0,0,0,5,3,10,0,5,6,5,0,11,5,3,11,6,6,22,0,9,0,10,0,15,7,15,0,3,5,1,0,0,9,7,0,6,10,11,9,3,20,11,0,3,24,11,7,12,11,11,0
0,5,0,0,0,0,0,0,0,12,5,3,10,0,5,6,0,0,11,5,3,11,6,6,0,1,9,0,10,0,15,7,0,10,3,5,1,0,0,9,0,7,6,10,11,9,3,20,0,3,3,24,11,7,12,11,0,0,7,3,5,6,7,3
5,0,0,0,0,0,0,0,12,5,3,10,0,5,6,5,0,11,5,3,11,6,6,22,1,9,0,10,0,15,7,15,10,3,5,1,0,0,9,7,7,6,10,11,9,3,20,11,3,3,24,11,7,12,11,11,0,7,3,5,6,7,3,7
0,0,0,0,0,0,0,0,5,3,10,0,5,6,5,0,11,5,3,11,6,6,22,0,9,0,10,0,15,7,15,0,3,5,1,0,0,9,7,0,6,10,11,9,3,20,11,0,3,24,11,7,12,11,11,0,7,3,5,6,7,3,7,0
0,12,5,3,10,0,5,6,0,0,11,5,3,11,6,6,0,1,9,0,10,0,15,7,0,10,3,5,1,0,0,9,0,7,6,10,11,9,3,20,0,3,3,24,11,7,12,11,0,0,7,3,5,6,7,3,0,0,0,0,0,0,0,0
12,5,3,10,0,5,6,5,0,11,5,3,11,6,6,22,1,9,0,10,0,15,7,15,10,3,5,1,0,0,9,7,7,6,10,11,9,3,20,11,3,3,24,11,7,12,11,11,0,7,3,5,6,7,3,7,0,0,0,0,0,0,0,0
5,3,10,0,5,6,5,0,11,5,3,11,6,6,22,0,9,0,10,0,15,7,15,0,3,5,1,0,0,9,7,0,6,10,11,9,3,20,11,0,3,24,11,7,12,11,11,0,7,3,5,6,7,3,7,0,0,0,0,0,0,0,0,0
0,0,0,0,0,0,0,0,0,7,7,9,7,9,6,6,0,11,10,11,13,9,3,11,0,15,22,19,10,11,11,10,0,18,18,0,17,7,20,12,0,28,26,7,14,10,7,10,0,15,25,30,13,19,18,11,0,18,17,41,18,13,21,17
0,0,0,0,0,0,0,0,7,7,9,7,9,6,6,7,11,10,11,13,9,3,11,11,15,22,19,10,11,11,10,9,18,18,0,17,7,20,12,10,28,26,7,14,10,7,10,6,15,25,30,13,19,18,11,12,18,17,41,18,13,21,17,13
0,0,0,0,0,0,0,0,7,9,7,9,6,6,7,0,10,11,13,9,3,11,11,0,22,19,10,11,11,10,9,0,18,0,17,7,20,12,10,0,26,7,14,10,7,10,6,0,25,30,13,19,18,11,12,0,17,41,18,13,21,17,13,0
0,7,7,9,7,9,6,6,0,11,10,11,13,9,3,11,0,15,22,19,10,11,11,10,0,18,18,0,17,7,20,12,0,28,26,7,14,10,7,10,0,15,25,30,13,19,18,11,0,18,17,41,18,13,21,17,0,18,18,23,15,15,19,20
7,7,9,7,9,6,6,7,11,10,11,13,9,3,11,11,15,22,19,10,11,11,10,9,18,18,0,17,7,20,12,10,28,26,7,14,10,7,10,6,15,25,30,13,19,18,11,12,18,17,41,18,13,21,17,13,18,18,23,15,15,19,20,11
7,9,7,9,6,6,7,0,10,11,13,9,3,11,11,0,22,19,10,11,11,10,9,0,18,0,17,7,20,12,10,0,26,7,14,10,7,10,6,0,25,30,13,19,18,11,12,0,17,41,18,13,21,17,13,0,18,23,15,15,19,20,11,0
0,11,10,11,13,9,3,11,0,15,22,19,10,11,11,10,0,18,18,0,17,7,20,12,0,28,26,7,14,10,7,10,0,15,25,30,13,19,18,11,0,18,17,41,18,13,21,17,0,18,18,23,15,15,19,20,0,0,0,0,0,0,0,0
11,10,11,13,9,3,11,11,15,22,19,10,11,11,10,9,18,18,0,17,7,20,12,10,28,26,7,14,10,7,10,6,15,25,30,13,19,18,11,12,18,17,41,18,13,21,17,13,18,18,23,15,15,19,20,11,0,0,0,0,0,0,0,0
10,11,13,9,3,11,11,0,22,19,10,11,11,10,9,0,18,0,17,7,20,12,10,0,26,7,14,10,7,10,6,0,25,30,13,19,18,11,12,0,17,41,18,13,21,17,13,0,18,23,15,15,19,20,11,0,0,0,0,0,0,0,0,0
0,0,0,0,0,0,0,0,0,1,10,7,7,11,6,7,0,0,9,5,5,5,9,6,0,3,6,12,6,6,7,9,0,0,3,11,9,10,3,9,0,0,6,1,5,7,10,11,0,0,0,0,10,1,3,10,0,3,0,7,24,11,7,7
0,0,0,0,0,0,0,0,1,10,7,7,11,6,7,11,0,9,5,5,5,9,6,10,3,6,12,6,6,7,9,10,0,3,11,9,10,3,9,7,0,6,1,5,7,10,11,7,0,0,0,10,1,3,10,0,3,0,7,24,11,7,7,6
0,0,0,0,0,0,0,0,10,7,7,11,6,7,11,0,9,5,5,5,9,6,10,0,6,12,6,6,7,9,10,0,3,11,9,10,3,9,7,0,6,1,5,7,10,11,7,0,0,0,10,1,3,10,0,0,0,7,24,11,7,7,6,0
0,1,10,7,7,11,6,7,0,0,9,5,5,5,9,6,0,3,6,12,6,6,7,9,0,0,3,11,9,10,3,9,0,0,6,1,5,7,10,11,0,0,0,0,10,1,3,10,0,3,0,7,24,11,7,7,0,10,18,10,15,9,10,10
1,10,7,7,11,6,7,11,0,9,5,5,5,9,6,10,3,6,12,6,6,7,9,10,0,3,11,9,10,3,9,7,0,6,1,5,7,10,11,7,0,0,0,10,1,3,10,0,3,0,7,24,11,7,7,6,10,18,10,15,9,10,10,10
10,7,7,11,6,7,11,0,9,5,5,5,9,6,10,0,6,12,6,6,7,9,10,0,3,11,9,10,3,9,7,0,6,1,5,7,10,11,7,0,0,0,10,1,3,10,0,0,0,7,24,11,7,7,6,0,18,10,15,9,10,10,10,0
0,0,9,5,5,5,9,6,0,3,6,12,6,6,7,9,0,0,3,11,9,10,3,9,0,0,6,1,5,7,10,11,0,0,0,0,10,1,3,10,0,3,0,7,24,11,7,7,0,10,18,10,15,9,10,10,0,0,0,0,0,0,0,0
0,9,5,5,5,9,6,10,3,6,12,6,6,7,9,10,0,3,11,9,10,3,9,7,0,6,1,5,7,10,11,7,0,0,0,10,1,3,10,0,3,0,7,24,11,7,7,6,10,18,10,15,9,10,10,10,0,0,0,0,0,0,0,0
9,5,5,5,9,6,10,0,6,12,6,6,7,9,10,0,3,11,9,10,3,9,7,0,6,1,5,7,10,11,7,0,0,0,10,1,3,10,0,0,0,7,24,11,7,7,6,0,18,10,15,9,10,10,10,0,0,0,0,0,0,0,0,0
0,0,0,0,0,0,0,0,0,0,0,0,0,0,0,0,0,0,0,0,0,0,0,0,0,0,0,0,0,0,0,0,0,0,0,0,0,0,0,0,0,0,0,0,0,0,0,0,0,0,0,0,0,0,0,0,0,0,0,0,0,0,0,0
0,0,0,0,0,0,0,0,0,0,0,0,0,0,0,0,0,0,0,0,0,0,0,0,0,0,0,0,0,0,0,0,0,0,0,0,0,0,0,0,0,0,0,0,0,0,0,0,0,0,0,0,0,0,0,0,0,0,0,0,0,0,0,0
0,0,0,0,0,0,0,0,0,0,0,0,0,0,0,0,0,0,0,0,0,0,0,0,0,0,0,0,0,0,0,0,0,0,0,0,0,0,0,0,0,0,0,0,0,0,0,0,0,0,0,0,0,0,0,0,0,0,0,0,0,0,0,0
0,0,0,0,0,0,0,0,0,0,0,0,0,0,0,0,0,0,0,0,0,0,0,0,0,0,0,0,0,0,0,0,0,0,0,0,0,0,0,0,0,0,0,0,0,0,0,0,0,0,0,0,0,0,0,0,0,0,0,0,0,0,0,0
0,0,0,0,0,0,0,0,0,0,0,0,0,0,0,0,0,0,0,0,0,0,0,0,0,0,0,0,0,0,0,0,0,0,0,0,0,0,0,0,0,0,0,0,0,0,0,0,0,0,0,0,0,0,0,0,0,0,0,0,0,0,0,0
0,0,0,0,0,0,0,0,0,0,0,0,0,0,0,0,0,0,0,0,0,0,0,0,0,0,0,0,0,0,0,0,0,0,0,0,0,0,0,0,0,0,0,0,0,0,0,0,0,0,0,0,0,0,0,0,0,0,0,0,0,0,0,0
0,0,0,0,0,0,0,0,0,0,0,0,0,0,0,0,0,0,0,0,0,0,0,0,0,0,0,0,0,0,0,0,0,0,0,0,0,0,0,0,0,0,0,0,0,0,0,0,0,0,0,0,0,0,0,0,0,0,0,0,0,0,0,0
0,0,0,0,0,0,0,0,0,0,0,0,0,0,0,0,0,0,0,0,0,0,0,0,0,0,0,0,0,0,0,0,0,0,0,0,0,0,0,0,0,0,0,0,0,0,0,0,0,0,0,0,0,0,0,0,0,0,0,0,0,0,0,0
0,0,0,0,0,0,0,0,0,0,0,0,0,0,0,0,0,0,0,0,0,0,0,0,0,0,0,0,0,0,0,0,0,0,0,0,0,0,0,0,0,0,0,0,0,0,0,0,0,0,0,0,0,0,0,0,0,0,0,0,0,0,0,0
0,0,0,0,0,0,0,0,0,5,1,0,3,1,1,0,0,6,1,5,6,0,1,0,0,1,1,5,7,0,0,0,0,3,6,0,14,0,7,0,0,12,12,5,0,0,5,0,0,9,14,12,3,7,0,0,0,0,0,29,0,0,3,7
0,0,0,0,0,0,0,0,5,1,0,3,1,1,0,1,6,1,5,6,0,1,0,3,1,1,5,7,0,0,0,0,3,6,0,14,0,7,0,0,12,12,5,0,0,5,0,0,9,14,12,3,7,0,0,3,0,0,29,0,0,3,7,3
0,0,0,0,0,0,0,0,1,0,3,1,1,0,1,0,1,5,6,0,1,0,3,0,1,5,7,0,0,0,0,0,6,0,14,0,7,0,0,0,12,5,0,0,5,0,0,0,14,12,3,7,0,0,3,0,0,29,0,0,3,7,3,0
0,5,1,0,3,1,1,0,0,6,1,5,6,0,1,0,0,1,1,5,7,0,0,0,0,3,6,0,14,0,7,0,0,12,12,5,0,0,5,0,0,9,14,12,3,7,0,0,0,0,0,29,0,0,3,7,0,3,0,0,0,0,0,0
5,1,0,3,1,1,0,1,6,1,5,6,0,1,0,3,1,1,5,7,0,0,0,0,3,6,0,14,0,7,0,0,12,12,5,0,0,5,0,0,9,14,12,3,7,0,0,3,0,0,29,0,0,3,7,3,3,0,0,0,0,0,0,0
1,0,3,1,1,0,1,0,1,5,6,0,1,0,3,0,1,5,7,0,0,0,0,0,6,0,14,0,7,0,0,0,12,5,0,0,5,0,0,0,14,12,3,7,0,0,3,0,0,29,0,0,3,7,3,0,0,0,0,0,0,0,0,0
0,6,1,5,6,0,1,0,0,1,1,5,7,0,0,0,0,3,6,0,14,0,7,0,0,12,12,5,0,0,5,0,0,9,14,12,3,7,0,0,0,0,0,29,0,0,3,7,0,3,0,0,0,0,0,0,0,0,0,0,0,0,0,0
6,1,5,6,0,1,0,3,1,1,5,7,0,0,0,0,3,6,0,14,0,7,0,0,12,12,5,0,0,5,0,0,9,14,12,3,7,0,0,3,0,0,29,0,0,3,7,3,3,0,0,0,0,0,0,0,0,0,0,0,0,0,0,0
1,5,6,0,1,0,3,0,1,5,7,0,0,0,0,0,6,0,14,0,7,0,0,0,12,5,0,0,5,0,0,0,14,12,3,7,0,0,3,0,0,29,0,0,3,7,3,0,0,0,0,0,0,0,0,0,0,0,0,0,0,0,0,0
0,0,0,0,0,0,0,0,0,0,0,0,0,0,0,1,0,0,0,0,0,0,0,0,0,0,0,0,3,0,0,0,0,0,0,3,0,0,0,0,0,0,0,0,0,0,5,0,0,0,0,0,0,0,0,0,0,0,0,0,0,0,0,0
0,0,0,0,0,0,0,0,0,0,0,0,0,0,1,0,0,0,0,0,0,0,0,3,0,0,0,3,0,0,0,0,0,0,3,0,0,0,0,0,0,0,0,0,0,5,0,0,0,0,0,0,0,0,0,1,0,0,0,0,0,0,0,0
0,0,0,0,0,0,0,0,0,0,0,0,0,1,0,0,0,0,0,0,0,0,3,0,0,0,3,0,0,0,0,0,0,3,0,0,0,0,0,0,0,0,0,0,5,0,0,0,0,0,0,0,0,0,1,0,0,0,0,0,0,0,0,0
0,0,0,0,0,0,0,1,0,0,0,0,0,0,0,0,0,0,0,0,3,0,0,0,0,0,0,3,0,0,0,0,0,0,0,0,0,0,5,0,0,0,0,0,0,0,0,0,0,0,0,0,0,0,0,0,0,0,0,0,0,0,0,0
0,0,0,0,0,0,1,0,0,0,0,0,0,0,0,3,0,0,0,3,0,0,0,0,0,0,3,0,0,0,0,0,0,0,0,0,0,5,0,0,0,0,0,0,0,0,0,1,0,0,0,0,0,0,0,0,0,0,0,0,0,0,0,0
0,0,0,0,0,1,0,0,0,0,0,0,0,0,3,0,0,0,3,0,0,0,0,0,0,3,0,0,0,0,0,0,0,0,0,0,5,0,0,0,0,0,0,0,0,0,1,0,0,0,0,0,0,0,0,0,0,0,0,0,0,0,0,0
0,0,0,0,0,0,0,0,0,0,0,0,3,0,0,0,0,0,0,3,0,0,0,0,0,0,0,0,0,0,5,0,0,0,0,0,0,0,0,0,0,0,0,0,0,0,0,0,0,0,0,0,0,0,0,0,0,0,0,0,0,0,0,0
0,0,0,0,0,0,0,3,0,0,0,3,0,0,0,0,0,0,3,0,0,0,0,0,0,0,0,0,0,5,0,0,0,0,0,0,0,0,0,1,0,0,0,0,0,0,0,0,0,0,0,0,0,0,0,0,0,0,0,0,0,0,0,0
0,0,0,0,0,0,3,0,0,0,3,0,0,0,0,0,0,3,0,0,0,0,0,0,0,0,0,0,5,0,0,0,0,0,0,0,0,0,1,0,0,0,0,0,0,0,0,0,0,0,0,0,0,0,0,0,0,0,0,0,0,0,0,0
0,0,0,0,0,0,0,0,0,0,0,0,0,0,0,0,0,12,9,7,9,6,15,22,0,1,12,10,12,15,11,15,0,3,9,14,20,15,13,13,0,9,7,0,11,3,7,7,0,12,17,15,21,17,10,25,0,13,6,31,25,23,25,20
0,0,0,0,0,0,0,0,0,0,0,0,0,0,0,0,12,9,7,9,6,15,22,17,1,12,10,12,15,11,15,23,3,9,14,20,15,13,13,21,9,7,0,11,3,7,7,12,12,17,15,21,17,10,25,13,13,6,31,25,23,25,20,23
0,0,0,0,0,0,0,0,0,0,0,0,0,0,0,0,9,7,9,6,15,22,17,0,12,10,12,15,11,15,23,0,9,14,20,15,13,13,21,0,7,0,11,3,7,7,12,0,17,15,21,17,10,25,13,0,6,31,25,23,25,20,23,0
0,0,0,0,0,0,0,0,0,12,9,7,9,6,15,22,0,1,12,10,12,15,11,15,0,3,9,14,20,15,13,13,0,9,7,0,11,3,7,7,0,12,17,15,21,17,10,25,0,13,6,31,25,23,25,20,0,19,24,12,23,23,20,22
0,0,0,0,0,0,0,0,12,9,7,9,6,15,22,17,1,12,10,12,15,11,15,23,3,9,14,20,15,13,13,21,9,7,0,11,3,7,7,12,12,17,15,21,17,10,25,13,13,6,31,25,23,25,20,23,19,24,12,23,23,20,22,17
0,0,0,0,0,0,0,0,9,7,9,6,15,22,17,0,12,10,12,15,11,15,23,0,9,14,20,15,13,13,21,0,7,0,11,3,7,7,12,0,17,15,21,17,10,25,13,0,6,31,25,23,25,20,23,0,24,12,23,23,20,22,17,0
0,12,9,7,9,6,15,22,0,1,12,10,12,15,11,15,0,3,9,14,20,15,13,13,0,9,7,0,11,3,7,7,0,12,17,15,21,17,10,25,0,13,6,31,25,23,25,20,0,19,24,12,23,23,20,22,0,0,0,0,0,0,0,0
12,9,7,9,6,15,22,17,1,12,10,12,15,11,15,23,3,9,14,20,15,13,13,21,9,7,0,11,3,7,7,12,12,17,15,21,17,10,25,13,13,6,31,25,23,25,20,23,19,24,12,23,23,20,22,17,0,0,0,0,0,0,0,0
9,7,9,6,15,22,17,0,12,10,12,15,11,15,23,0,9,14,20,15,13,13,21,0,7,0,11,3,7,7,12,0,17,15,21,17,10,25,13,0,6,31,25,23,25,20,23,0,24,12,23,23,20,22,17,0,0,0,0,0,0,0,0,0
0,0,0,0,0,0,0,0,0,15,18,19,17,23,17,19,0,15,11,13,9,15,9,20,0,7,23,18,9,19,13,15,0,7,19,17,14,7,11,17,0,9,15,3,11,7,12,22,0,3,7,10,15,0,21,33,0,3,13,17,23,26,24,23
0,0,0,0,0,0,0,0,15,18,19,17,23,17,19,20,15,11,13,9,15,9,20,25,7,23,18,9,19,13,15,40,7,19,17,14,7,11,17,22,9,15,3,11,7,12,22,14,3,7,10,15,0,21,33,11,3,13,17,23,26,24,23,21
0,0,0,0,0,0,0,0,18,19,17,23,17,19,20,0,11,13,9,15,9,20,25,0,23,18,9,19,13,15,40,0,19,17,14,7,11,17,22,0,15,3,11,7,12,22,14,0,7,10,15,0,21,33,11,0,13,17,23,26,24,23,21,0
0,15,18,19,17,23,17,19,0,15,11,13,9,15,9,20,0,7,23,18,9,19,13,15,0,7,19,17,14,7,11,17,0,9,15,3,11,7,12,22,0,3,7,10,15,0,21,33,0,3,13,17,23,26,24,23,0,0,30,20,21,26,20,26
15,18,19,17,23,17,19,20,15,11,13,9,15,9,20,25,7,23,18,9,19,13,15,40,7,19,17,14,7,11,17,22,9,15,3,11,7,12,22,14,3,7,10,15,0,21,33,11,3,13,17,23,26,24,23,21,0,30,20,21,26,20,26,9
18,19,17,23,17,19,20,0,11,13,9,15,9,20,25,0,23,18,9,19,13,15,40,0,19,17,14,7,11,17,22,0,15,3,11,7,12,22,14,0,7,10,15,0,21,33,11,0,13,17,23,26,24,23,21,0,30,20,21,26,20,26,9,0
0,15,11,13,9,15,9,20,0,7,23,18,9,19,13,15,0,7,19,17,14,7,11,17,0,9,15,3,11,7,12,22,0,3,7,10,15,0,21,33,0,3,13,17,23,26,24,23,0,0,30,20,21,26,20,26,0,0,0,0,0,0,0,0
15,11,13,9,15,9,20,25,7,23,18,9,19,13,15,40,7,19,17,14,7,11,17,22,9,15,3,11,7,12,22,14,3,7,10,15,0,21,33,11,3,13,17,23,26,24,23,21,0,30,20,21,26,20,26,9,0,0,0,0,0,0,0,0
11,13,9,15,9,20,25,0,23,18,9,19,13,15,40,0,19,17,14,7,11,17,22,0,15,3,11,7,12,22,14,0,7,10,15,0,21,33,11,0,13,17,23,26,24,23,21,0,30,20,21,26,20,26,9,0,0,0,0,0,0,0,0,0
0,0,0,0,0,0,0,0,0,0,0,0,0,0,0,0,0,0,0,0,0,0,0,0,0,0,0,0,0,0,0,0,0,0,0,0,0,0,0,0,0,0,0,0,0,0,0,0,0,0,0,0,3,0,0,0,0,0,0,0,0,0,0,0
0,0,0,0,0,0,0,0,0,0,0,0,0,0,0,0,0,0,0,0,0,0,0,0,0,0,0,0,0,0,0,0,0,0,0,0,0,0,0,0,0,0,0,0,0,0,0,0,0,0,0,3,0,0,0,0,0,0,0,0,0,0,0,0
0,0,0,0,0,0,0,0,0,0,0,0,0,0,0,0,0,0,0,0,0,0,0,0,0,0,0,0,0,0,0,0,0,0,0,0,0,0,0,0,0,0,0,0,0,0,0,0,0,0,3,0,0,0,0,0,0,0,0,0,0,0,0,0
0,0,0,0,0,0,0,0,0,0,0,0,0,0,0,0,0,0,0,0,0,0,0,0,0,0,0,0,0,0,0,0,0,0,0,0,0,0,0,0,0,0,0,0,3,0,0,0,0,0,0,0,0,0,0,0,0,0,0,0,0,0,0,0
0,0,0,0,0,0,0,0,0,0,0,0,0,0,0,0,0,0,0,0,0,0,0,0,0,0,0,0,0,0,0,0,0,0,0,0,0,0,0,0,0,0,0,3,0,0,0,0,0,0,0,0,0,0,0,0,0,0,0,0,0,0,0,0
0,0,0,0,0,0,0,0,0,0,0,0,0,0,0,0,0,0,0,0,0,0,0,0,0,0,0,0,0,0,0,0,0,0,0,0,0,0,0,0,0,0,3,0,0,0,0,0,0,0,0,0,0,0,0,0,0,0,0,0,0,0,0,0
0,0,0,0,0,0,0,0,0,0,0,0,0,0,0,0,0,0,0,0,0,0,0,0,0,0,0,0,0,0,0,0,0,0,0,0,3,0,0,0,0,0,0,0,0,0,0,0,0,0,0,0,0,0,0,0,0,0,0,0,0,0,0,0
0,0,0,0,0,0,0,0,0,0,0,0,0,0,0,0,0,0,0,0,0,0,0,0,0,0,0,0,0,0,0,0,0,0,0,3,0,0,0,0,0,0,0,0,0,0,0,0,0,0,0,0,0,0,0,0,0,0,0,0,0,0,0,0
0,0,0,0,0,0,0,0,0,0,0,0,0,0,0,0,0,0,0,0,0,0,0,0,0,0,0,0,0,0,0,0,0,0,3,0,0,0,0,0,0,0,0,0,0,0,0,0,0,0,0,0,0,0,0,0,0,0,0,0,0,0,0,0
0,0,0,0,0,0,0,0,0,0,0,0,1,1,3,3,0,0,0,3,0,0,3,3,0,0,0,0,0,0,0,0,0,0,0,3,0,3,0,0,0,0,0,0,0,0,0,0,0,0,0,0,0,0,0,0,0,0,0,0,0,0,0,0
0,0,0,0,0,0,0,0,0,0,0,1,1,3,3,0,0,0,3,0,0,3,3,0,0,0,0,0,0,0,0,0,0,0,3,0,3,0,0,0,0,0,0,0,0,0,0,3,0,0,0,0,0,0,0,0,0,0,0,0,0,0,0,0
0,0,0,0,0,0,0,0,0,0,1,1,3,3,0,0,0,3,0,0,3,3,0,0,0,0,0,0,0,0,0,0,0,3,0,3,0,0,0,0,0,0,0,0,0,0,3,0,0,0,0,0,0,0,0,0,0,0,0,0,0,0,0,0
0,0,0,0,1,1,3,3,0,0,0,3,0,0,3,3,0,0,0,0,0,0,0,0,0,0,0,3,0,3,0,0,0,0,0,0,0,0,0,0,0,0,0,0,0,0,0,0,0,0,0,0,0,0,0,0,0,0,0,0,0,0,0,0
0,0,0,1,1,3,3,0,0,0,3,0,0,3,3,0,0,0,0,0,0,0,0,0,0,0,3,0,3,0,0,0,0,0,0,0,0,0,0,3,0,0,0,0,0,0,0,0,0,0,0,0,0,0,0,0,0,0,0,0,0,0,0,0
0,0,1,1,3,3,0,0,0,3,0,0,3,3,0,0,0,0,0,0,0,0,0,0,0,3,0,3,0,0,0,0,0,0,0,0,0,0,3,0,0,0,0,0,0,0,0,0,0,0,0,0,0,0,0,0,0,0,0,0,0,0,0,0
0,0,0,3,0,0,3,3,0,0,0,0,0,0,0,0,0,0,0,3,0,3,0,0,0,0,0,0,0,0,0,0,0,0,0,0,0,0,0,0,0,0,0,0,0,0,0,0,0,0,0,0,0,0,0,0,0,0,0,0,0,0,0,0
0,0,3,0,0,3,3,0,0,0,0,0,0,0,0,0,0,0,3,0,3,0,0,0,0,0,0,0,0,0,0,3,0,0,0,0,0,0,0,0,0,0,0,0,0,0,0,0,0,0,0,0,0,0,0,0,0,0,0,0,0,0,0,0
0,3,0,0,3,3,0,0,0,0,0,0,0,0,0,0,0,3,0,3,0,0,0,0,0,0,0,0,0,0,3,0,0,0,0,0,0,0,0,0,0,0,0,0,0,0,0,0,0,0,0,0,0,0,0,0,0,0,0,0,0,0,0,0
0,0,0,0,0,0,0,0,0,3,7,7,7,13,5,6,0,10,15,13,15,7,9,11,0,9,7,7,3,7,3,7,0,6,17,15,15,14,13,7,0,12,27,10,15,5,17,10,0,13,20,21,3,29,7,7,0,5,9,52,3,3,3,0
0,0,0,0,0,0,0,0,3,7,7,7,13,5,6,7,10,15,13,15,7,9,11,9,9,7,7,3,7,3,7,7,6,17,15,15,14,13,7,12,12,27,10,15,5,17,10,12,13,20,21,3,29,7,7,5,5,9,52,3,3,3,0,0
0,0,0,0,0,0,0,0,7,7,7,13,5,6,7,0,15,13,15,7,9,11,9,0,7,7,3,7,3,7,7,0,17,15,15,14,13,7,12,0,27,10,15,5,17,10,12,0,20,21,3,29,7,7,5,0,9,52,3,3,3,0,0,0
0,3,7,7,7,13,5,6,0,10,15,13,15,7,9,11,0,9,7,7,3,7,3,7,0,6,17,15,15,14,13,7,0,12,27,10,15,5,17,10,0,13,20,21,3,29,7,7,0,5,9,52,3,3,3,0,0,7,0,10,0,0,0,0
3,7,7,7,13,5,6,7,10,15,13,15,7,9,11,9,9,7,7,3,7,3,7,7,6,17,15,15,14,13,7,12,12,27,10,15,5,17,10,12,13,20,21,3,29,7,7,5,5,9,52,3,3,3,0,0,7,0,10,0,0,0,0,0
7,7,7,13,5,6,7,0,15,13,15,7,9,11,9,0,7,7,3,7,3,7,7,0,17,15,15,14,13,7,12,0,27,10,15,5,17,10,12,0,20,21,3,29,7,7,5,0,9,52,3,3,3,0,0,0,0,10,0,0,0,0,0,0
0,10,15,13,15,7,9,11,0,9,7,7,3,7,3,7,0,6,17,15,15,14,13,7,0,12,27,10,15,5,17,10,0,13,20,21,3,29,7,7,0,5,9,52,3,3,3,0,0,7,0,10,0,0,0,0,0,0,0,0,0,0,0,0
10,15,13,15,7,9,11,9,9,7,7,3,7,3,7,7,6,17,15,15,14,13,7,12,12,27,10,15,5,17,10,12,13,20,21,3,29,7,7,5,5,9,52,3,3,3,0,0,7,0,10,0,0,0,0,0,0,0,0,0,0,0,0,0
15,13,15,7,9,11,9,0,7,7,3,7,3,7,7,0,17,15,15,14,13,7,12,0,27,10,15,5,17,10,12,0,20,21,3,29,7,7,5,0,9,52,3,3,3,0,0,0,0,10,0,0,0,0,0,0,0,0,0,0,0,0,0,0
0,0,0,0,0,0,0,0,0,0,0,0,1,1,0,0,0,1,0,0,0,3,1,6,0,6,0,6,0,7,0,7,0,9,0,0,12,0,3,13,0,18,7,0,0,7,0,7,0,12,7,17,0,5,3,3,0,7,9,14,15,3,7,7
0,0,0,0,0,0,0,0,0,0,0,1,1,0,0,0,1,0,0,0,3,1,6,3,6,0,6,0,7,0,7,6,9,0,0,12,0,3,13,0,18,7,0,0,7,0,7,0,12,7,17,0,5,3,3,0,7,9,14,15,3,7,7,3
0,0,0,0,0,0,0,0,0,0,1,1,0,0,0,0,0,0,0,3,1,6,3,0,0,6,0,7,0,7,6,0,0,0,12,0,3,13,0,0,7,0,0,7,0,7,0,0,7,17,0,5,3,3,0,0,9,14,15,3,7,7,3,0
0,0,0,0,1,1,0,0,0,1,0,0,0,3,1,6,0,6,0,6,0,7,0,7,0,9,0,0,12,0,3,13,0,18,7,0,0,7,0,7,0,12,7,17,0,5,3,3,0,7,9,14,15,3,7,7,0,3,14,3,7,6,3,7
0,0,0,1,1,0,0,0,1,0,0,0,3,1,6,3,6,0,6,0,7,0,7,6,9,0,0,12,0,3,13,0,18,7,0,0,7,0,7,0,12,7,17,0,5,3,3,0,7,9,14,15,3,7,7,3,3,14,3,7,6,3,7,1
0,0,1,1,0,0,0,0,0,0,0,3,1,6,3,0,0,6,0,7,0,7,6,0,0,0,12,0,3,13,0,0,7,0,0,7,0,7,0,0,7,17,0,5,3,3,0,0,9,14,15,3,7,7,3,0,14,3,7,6,3,7,1,0
0,1,0,0,0,3,1,6,0,6,0,6,0,7,0,7,0,9,0,0,12,0,3,13,0,18,7,0,0,7,0,7,0,12,7,17,0,5,3,3,0,7,9,14,15,3,7,7,0,3,14,3,7,6,3,7,0,0,0,0,0,0,0,0
1,0,0,0,3,1,6,3,6,0,6,0,7,0,7,6,9,0,0,12,0,3,13,0,18,7,0,0,7,0,7,0,12,7,17,0,5,3,3,0,7,9,14,15,3,7,7,3,3,14,3,7,6,3,7,1,0,0,0,0,0,0,0,0
0,0,0,3,1,6,3,0,0,6,0,7,0,7,6,0,0,0,12,0,3,13,0,0,7,0,0,7,0,7,0,0,7,17,0,5,3,3,0,0,9,14,15,3,7,7,3,0,14,3,7,6,3,7,1,0,0,0,0,0,0,0,0,0
0,0,0,0,0,0,0,0,0,1,0,0,0,0,0,0,0,0,0,0,0,6,0,5,0,0,10,0,0,3,0,3,0,9,6,0,0,3,6,3,0,1,11,9,1,0,0,0,0,3,13,0,7,5,3,3,0,0,5,25,0,0,0,0
0,0,0,0,0,0,0,0,1,0,0,0,0,0,0,0,0,0,0,0,6,0,5,5,0,10,0,0,3,0,3,9,9,6,0,0,3,6,3,7,1,11,9,1,0,0,0,6,3,13,0,7,5,3,3,10,0,5,25,0,0,0,0,0
0,0,0,0,0,0,0,0,0,0,0,0,0,0,0,0,0,0,0,6,0,5,5,0,10,0,0,3,0,3,9,0,6,0,0,3,6,3,7,0,11,9,1,0,0,0,6,0,13,0,7,5,3,3,10,0,5,25,0,0,0,0,0,0
0,1,0,0,0,0,0,0,0,0,0,0,0,6,0,5,0,0,10,0,0,3,0,3,0,9,6,0,0,3,6,3,0,1,11,9,1,0,0,0,0,3,13,0,7,5,3,3,0,0,5,25,0,0,0,0,0,0,0,0,0,0,0,0
1,0,0,0,0,0,0,0,0,0,0,0,6,0,5,5,0,10,0,0,3,0,3,9,9,6,0,0,3,6,3,7,1,11,9,1,0,0,0,6,3,13,0,7,5,3,3,10,0,5,25,0,0,0,0,0,0,0,0,0,0,0,0,0
0,0,0,0,0,0,0,0,0,0,0,6,0,5,5,0,10,0,0,3,0,3,9,0,6,0,0,3,6,3,7,0,11,9,1,0,0,0,6,0,13,0,7,5,3,3,10,0,5,25,0,0,0,0,0,0,0,0,0,0,0,0,0,0
0,0,0,0,0,6,0,5,0,0,10,0,0,3,0,3,0,9,6,0,0,3,6,3,0,1,11,9,1,0,0,0,0,3,13,0,7,5,3,3,0,0,5,25,0,0,0,0,0,0,0,0,0,0,0,0,0,0,0,0,0,0,0,0
0,0,0,0,6,0,5,5,0,10,0,0,3,0,3,9,9,6,0,0,3,6,3,7,1,11,9,1,0,0,0,6,3,13,0,7,5,3,3,10,0,5,25,0,0,0,0,0,0,0,0,0,0,0,0,0,0,0,0,0,0,0,0,0
0,0,0,6,0,5,5,0,10,0,0,3,0,3,9,0,6,0,0,3,6,3,7,0,11,9,1,0,0,0,6,0,13,0,7,5,3,3,10,0,5,25,0,0,0,0,0,0,0,0,0,0,0,0,0,0,0,0,0,0,0,0,0,0
0,0,0,0,0,0,0,0,0,0,0,0,0,0,0,0,0,0,0,0,0,0,0,0,0,1,3,0,0,0,0,0,0,1,0,0,0,0,0,1,0,0,0,1,0,3,0,0,0,0,0,0,0,0,1,0,0,15,0,0,6,0,0,0
0,0,0,0,0,0,0,0,0,0,0,0,0,0,0,0,0,0,0,0,0,0,0,0,1,3,0,0,0,0,0,0,1,0,0,0,0,0,1,5,0,0,1,0,3,0,0,0,0,0,0,0,0,1,0,0,15,0,0,6,0,0,0,0
0,0,0,0,0,0,0,0,0,0,0,0,0,0,0,0,0,0,0,0,0,0,0,0,3,0,0,0,0,0,0,0,0,0,0,0,0,1,5,0,0,1,0,3,0,0,0,0,0,0,0,0,1,0,0,0,0,0,6,0,0,0,0,0
0,0,0,0,0,0,0,0,0,0,0,0,0,0,0,0,0,1,3,0,0,0,0,0,0,1,0,0,0,0,0,1,0,0,0,1,0,3,0,0,0,0,0,0,0,0,1,0,0,15,0,0,6,0,0,0,0,12,0,0,0,0,1,0
0,0,0,0,0,0,0,0,0,0,0,0,0,0,0,0,1,3,0,0,0,0,0,0,1,0,0,0,0,0,1,5,0,0,1,0,3,0,0,0,0,0,0,0,0,1,0,0,15,0,0,6,0,0,0,0,12,0,0,0,0,1,0,1
0,0,0,0,0,0,0,0,0,0,0,0,0,0,0,0,3,0,0,0,0,0,0,0,0,0,0,0,0,1,5,0,0,1,0,3,0,0,0,0,0,0,0,0,1,0,0,0,0,0,6,0,0,0,0,0,0,0,0,0,1,0,1,0
0,0,0,0,0,0,0,0,0,1,3,0,0,0,0,0,0,1,0,0,0,0,0,1,0,0,0,1,0,3,0,0,0,0,0,0,0,0,1,0,0,15,0,0,6,0,0,0,0,12,0,0,0,0,1,0,0,0,0,0,0,0,0,0
0,0,0,0,0,0,0,0,1,3,0,0,0,0,0,0,1,0,0,0,0,0,1,5,0,0,1,0,3,0,0,0,0,0,0,0,0,1,0,0,15,0,0,6,0,0,0,0,12,0,0,0,0,1,0,1,0,0,0,0,0,0,0,0
0,0,0,0,0,0,0,0,3,0,0,0,0,0,0,0,0,0,0,0,0,1,5,0,0,1,0,3,0,0,0,0,0,0,0,0,1,0,0,0,0,0,6,0,0,0,0,0,0,0,0,0,1,0,1,0,0,0,0,0,0,0,0,0
0,0,0,0,0,0,0,0,0,0,0,0,0,0,0,0,0,0,0,0,0,0,0,0,0,0,0,0,3,0,0,0,0,0,0,0,0,0,0,0,0,0,0,0,0,0,0,0,0,0,0,0,1,0,1,0,0,0,0,0,0,0,0,0
0,0,0,0,0,0,0,0,0,0,0,0,0,0,0,0,0,0,0,0,0,0,0,0,0,0,0,3,0,0,0,0,0,0,0,0,0,0,0,0,0,0,0,0,0,0,0,0,0,0,0,1,0,1,0,3,0,0,0,0,0,0,0,0
0,0,0,0,0,0,0,0,0,0,0,0,0,0,0,0,0,0,0,0,0,0,0,0,0,0,3,0,0,0,0,0,0,0,0,0,0,0,0,0,0,0,0,0,0,0,0,0,0,0,1,0,1,0,3,0,0,0,0,0,0,0,0,0
0,0,0,0,0,0,0,0,0,0,0,0,0,0,0,0,0,0,0,0,3,0,0,0,0,0,0,0,0,0,0,0,0,0,0,0,0,0,0,0,0,0,0,0,1,0,1,0,0,0,0,0,0,0,0,0,0,0,0,0,0,0,0,0
0,0,0,0,0,0,0,0,0,0,0,0,0,0,0,0,0,0,0,3,0,0,0,0,0,0,0,0,0,0,0,0,0,0,0,0,0,0,0,0,0,0,0,1,0,1,0,3,0,0,0,0,0,0,0,0,0,0,0,0,0,0,0,0
0,0,0,0,0,0,0,0,0,0,0,0,0,0,0,0,0,0,3,0,0,0,0,0,0,0,0,0,0,0,0,0,0,0,0,0,0,0,0,0,0,0,1,0,1,0,3,0,0,0,0,0,0,0,0,0,0,0,0,0,0,0,0,0
0,0,0,0,0,0,0,0,0,0,0,0,3,0,0,0,0,0,0,0,0,0,0,0,0,0,0,0,0,0,0,0,0,0,0,0,1,0,1,0,0,0,0,0,0,0,0,0,0,0,0,0,0,0,0,0,0,0,0,0,0,0,0,0
0,0,0,0,0,0,0,0,0,0,0,3,0,0,0,0,0,0,0,0,0,0,0,0,0,0,0,0,0,0,0,0,0,0,0,1,0,1,0,3,0,0,0,0,0,0,0,0,0,0,0,0,0,0,0,0,0,0,0,0,0,0,0,0
0,0,0,0,0,0,0,0,0,0,3,0,0,0,0,0,0,0,0,0,0,0,0,0,0,0,0,0,0,0,0,0,0,0,1,0,1,0,3,0,0,0,0,0,0,0,0,0,0,0,0,0,0,0,0,0,0,0,0,0,0,0,0,0
0,0,0,0,0,0,0,0,0,0,0,1,3,3,0,0,0,0,0,0,0,0,1,0,0,0,0,0,1,0,3,0,0,0,0,5,0,0,0,0,0,0,0,0,0,0,5,0,0,0,0,0,0,0,0,0,0,0,0,0,1,0,0,7
0,0,0,0,0,0,0,0,0,0,1,3,3,0,0,0,0,0,0,0,0,1,0,0,0,0,0,1,0,3,0,0,0,0,5,0,0,0,0,0,0,0,0,0,0,5,0,0,0,0,0,0,0,0,0,0,0,0,0,1,0,0,7,3
0,0,0,0,0,0,0,0,0,1,3,3,0,0,0,0,0,0,0,0,1,0,0,0,0,0,1,0,3,0,0,0,0,5,0,0,0,0,0,0,0,0,0,0,5,0,0,0,0,0,0,0,0,0,0,0,0,0,1,0,0,7,3,0
0,0,0,1,3,3,0,0,0,0,0,0,0,0,1,0,0,0,0,0,1,0,3,0,0,0,0,5,0,0,0,0,0,0,0,0,0,0,5,0,0,0,0,0,0,0,0,0,0,0,0,0,1,0,0,7,0,0,0,0,0,5,3,0
0,0,1,3,3,0,0,0,0,0,0,0,0,1,0,0,0,0,0,1,0,3,0,0,0,0,5,0,0,0,0,0,0,0,0,0,0,5,0,0,0,0,0,0,0,0,0,0,0,0,0,1,0,0,7,3,0,0,0,0,5,3,0,3
0,1,3,3,0,0,0,0,0,0,0,0,1,0,0,0,0,0,1,0,3,0,0,0,0,5,0,0,0,0,0,0,0,0,0,0,5,0,0,0,0,0,0,0,0,0,0,0,0,0,1,0,0,7,3,0,0,0,0,5,3,0,3,0
0,0,0,0,0,0,1,0,0,0,0,0,1,0,3,0,0,0,0,5,0,0,0,0,0,0,0,0,0,0,5,0,0,0,0,0,0,0,0,0,0,0,0,0,1,0,0,7,0,0,0,0,0,5,3,0,0,0,0,0,0,0,0,0
0,0,0,0,0,1,0,0,0,0,0,1,0,3,0,0,0,0,5,0,0,0,0,0,0,0,0,0,0,5,0,0,0,0,0,0,0,0,0,0,0,0,0,1,0,0,7,3,0,0,0,0,5,3,0,3,0,0,0,0,0,0,0,0
0,0,0,0,1,0,0,0,0,0,1,0,3,0,0,0,0,5,0,0,0,0,0,0,0,0,0,0,5,0,0,0,0,0,0,0,0,0,0,0,0,0,1,0,0,7,3,0,0,0,0,5,3,0,3,0,0,0,0,0,0,0,0,0
0,0,0,0,0,0,0,0,0,0,0,0,0,0,0,0,0,0,0,0,0,0,0,0,0,0,0,0,0,0,0,0,0,0,0,0,0,0,0,0,0,0,0,0,0,0,0,0,0,0,0,0,0,0,0,0,0,0,0,0,0,0,0,0
0,0,0,0,0,0,0,0,0,0,0,0,0,0,0,0,0,0,0,0,0,0,0,0,0,0,0,0,0,0,0,0,0,0,0,0,0,0,0,0,0,0,0,0,0,0,0,0,0,0,0,0,0,0,0,0,0,0,0,0,0,0,0,0
0,0,0,0,0,0,0,0,0,0,0,0,0,0,0,0,0,0,0,0,0,0,0,0,0,0,0,0,0,0,0,0,0,0,0,0,0,0,0,0,0,0,0,0,0,0,0,0,0,0,0,0,0,0,0,0,0,0,0,0,0,0,0,0
0,0,0,0,0,0,0,0,0,0,0,0,0,0,0,0,0,0,0,0,0,0,0,0,0,0,0,0,0,0,0,0,0,0,0,0,0,0,0,0,0,0,0,0,0,0,0,0,0,0,0,0,0,0,0,0,0,0,0,0,0,0,0,0
0,0,0,0,0,0,0,0,0,0,0,0,0,0,0,0,0,0,0,0,0,0,0,0,0,0,0,0,0,0,0,0,0,0,0,0,0,0,0,0,0,0,0,0,0,0,0,0,0,0,0,0,0,0,0,0,0,0,0,0,0,0,0,0
0,0,0,0,0,0,0,0,0,0,0,0,0,0,0,0,0,0,0,0,0,0,0,0,0,0,0,0,0,0,0,0,0,0,0,0,0,0,0,0,0,0,0,0,0,0,0,0,0,0,0,0,0,0,0,0,0,0,0,0,0,0,0,0
0,0,0,0,0,0,0,0,0,0,0,0,0,0,0,0,0,0,0,0,0,0,0,0,0,0,0,0,0,0,0,0,0,0,0,0,0,0,0,0,0,0,0,0,0,0,0,0,0,0,0,0,0,0,0,0,0,0,0,0,0,0,0,0
0,0,0,0,0,0,0,0,0,0,0,0,0,0,0,0,0,0,0,0,0,0,0,0,0,0,0,0,0,0,0,0,0,0,0,0,0,0,0,0,0,0,0,0,0,0,0,0,0,0,0,0,0,0,0,0,0,0,0,0,0,0,0,0
0,0,0,0,0,0,0,0,0,0,0,0,0,0,0,0,0,0,0,0,0,0,0,0,0,0,0,0,0,0,0,0,0,0,0,0,0,0,0,0,0,0,0,0,0,0,0,0,0,0,0,0,0,0,0,0,0,0,0,0,0,0,0,0
0,0,0,0,0,0,0,0,0,1,0,0,0,0,0,0,0,5,0,0,1,0,0,0,0,1,0,0,0,0,0,0,0,0,1,0,0,0,0,0,0,0,0,0,0,0,0,0,0,0,5,0,0,3,0,0,0,0,0,20,0,0,0,0
0,0,0,0,0,0,0,0,1,0,0,0,0,0,0,0,5,0,0,1,0,0,0,0,1,0,0,0,0,0,0,0,0,1,0,0,0,0,0,0,0,0,0,0,0,0,0,0,0,5,0,0,3,0,0,0,0,0,20,0,0,0,0,0
0,0,0,0,0,0,0,0,0,0,0,0,0,0,0,0,0,0,1,0,0,0,0,0,0,0,0,0,0,0,0,0,1,0,0,0,0,0,0,0,0,0,0,0,0,0,0,0,5,0,0,3,0,0,0,0,0,20,0,0,0,0,0,0
0,1,0,0,0,0,0,0,0,5,0,0,1,0,0,0,0,1,0,0,0,0,0,0,0,0,1,0,0,0,0,0,0,0,0,0,0,0,0,0,0,0,5,0,0,3,0,0,0,0,0,20,0,0,0,0,0,0,0,0,0,0,0,0
1,0,0,0,0,0,0,0,5,0,0,1,0,0,0,0,1,0,0,0,0,0,0,0,0,1,0,0,0,0,0,0,0,0,0,0,0,0,0,0,0,5,0,0,3,0,0,0,0,0,20,0,0,0,0,0,0,0,0,0,0,0,0,0
0,0,0,0,0,0,0,0,0,0,1,0,0,0,0,0,0,0,0,0,0,0,0,0,1,0,0,0,0,0,0,0,0,0,0,0,0,0,0,0,5,0,0,3,0,0,0,0,0,20,0,0,0,0,0,0,0,0,0,0,0,0,0,0
0,5,0,0,1,0,0,0,0,1,0,0,0,0,0,0,0,0,1,0,0,0,0,0,0,0,0,0,0,0,0,0,0,0,5,0,0,3,0,0,0,0,0,20,0,0,0,0,0,0,0,0,0,0,0,0,0,0,0,0,0,0,0,0
5,0,0,1,0,0,0,0,1,0,0,0,0,0,0,0,0,1,0,0,0,0,0,0,0,0,0,0,0,0,0,0,0,5,0,0,3,0,0,0,0,0,20,0,0,0,0,0,0,0,0,0,0,0,0,0,0,0,0,0,0,0,0,0
0,0,1,0,0,0,0,0,0,0,0,0,0,0,0,0,1,0,0,0,0,0,0,0,0,0,0,0,0,0,0,0,5,0,0,3,0,0,0,0,0,20,0,0,0,0,0,0,0,0,0,0,0,0,0,0,0,0,0,0,0,0,0,0
0,0,0,0,0,0,0,0,0,0,0,0,0,0,0,0,0,0,0,0,0,1,3,0,0,0,0,0,0,0,5,0,0,0,0,1,6,0,0,0,0,0,0,0,0,3,0,3,0,0,0,0,0,0,6,0,0,7,0,0,10,7,3,7
0,0,0,0,0,0,0,0,0,0,0,0,0,0,0,0,0,0,0,0,1,3,0,0,0,0,0,0,0,5,0,0,0,0,1,6,0,0,0,3,0,0,0,0,3,0,3,0,0,0,0,0,0,6,0,0,7,0,0,10,7,3,7,5
0,0,0,0,0,0,0,0,0,0,0,0,0,0,0,0,0,0,0,1,3,0,0,0,0,0,0,0,5,0,0,0,0,1,6,0,0,0,3,0,0,0,0,3,0,3,0,0,0,0,0,0,6,0,0,0,0,0,10,7,3,7,5,0
0,0,0,0,0,0,0,0,0,0,0,0,0,1,3,0,0,0,0,0,0,0,5,0,0,0,0,1,6,0,0,0,0,0,0,0,0,3,0,3,0,0,0,0,0,0,6,0,0,7,0,0,10,7,3,7,0,3,6,0,6,3,7,11
0,0,0,0,0,0,0,0,0,0,0,0,1,3,0,0,0,0,0,0,0,5,0,0,0,0,1,6,0,0,0,3,0,0,0,0,3,0,3,0,0,0,0,0,0,6,0,0,7,0,0,10,7,3,7,5,3,6,0,6,3,7,11,0
0,0,0,0,0,0,0,0,0,0,0,1,3,0,0,0,0,0,0,0,5,0,0,0,0,1,6,0,0,0,3,0,0,0,0,3,0,3,0,0,0,0,0,0,6,0,0,0,0,0,10,7,3,7,5,0,6,0,6,3,7,11,0,0
0,0,0,0,0,1,3,0,0,0,0,0,0,0,5,0,0,0,0,1,6,0,0,0,0,0,0,0,0,3,0,3,0,0,0,0,0,0,6,0,0,7,0,0,10,7,3,7,0,3,6,0,6,3,7,11,0,0,0,0,0,0,0,0
0,0,0,0,1,3,0,0,0,0,0,0,0,5,0,0,0,0,1,6,0,0,0,3,0,0,0,0,3,0,3,0,0,0,0,0,0,6,0,0,7,0,0,10,7,3,7,5,3,6,0,6,3,7,11,0,0,0,0,0,0,0,0,0
0,0,0,1,3,0,0,0,0,0,0,0,5,0,0,0,0,1,6,0,0,0,3,0,0,0,0,3,0,3,0,0,0,0,0,0,6,0,0,0,0,0,10,7,3,7,5,0,6,0,6,3,7,11,0,0,0,0,0,0,0,0,0,0
0,0,0,0,0,0,0,0,0,0,0,0,0,0,0,0,0,3,1,0,0,0,7,9,0,3,9,0,12,15,9,15,0,0,5,7,0,12,0,7,0,0,0,5,0,10,3,9,0,6,0,0,20,0,7,23,0,7,13,0,13,15,20,12
0,0,0,0,0,0,0,0,0,0,0,0,0,0,0,0,3,1,0,0,0,7,9,3,3,9,0,12,15,9,15,13,0,5,7,0,12,0,7,9,0,0,5,0,10,3,9,3,6,0,0,20,0,7,23,0,7,13,0,13,15,20,12,10
0,0,0,0,0,0,0,0,0,0,0,0,0,0,0,0,1,0,0,0,7,9,3,0,9,0,12,15,9,15,13,0,5,7,0,12,0,7,9,0,0,5,0,10,3,9,3,0,0,0,20,0,7,23,0,0,13,0,13,15,20,12,10,0
0,0,0,0,0,0,0,0,0,3,1,0,0,0,7,9,0,3,9,0,12,15,9,15,0,0,5,7,0,12,0,7,0,0,0,5,0,10,3,9,0,6,0,0,20,0,7,23,0,7,13,0,13,15,20,12,0,5,5,6,14,11,10,9
0,0,0,0,0,0,0,0,3,1,0,0,0,7,9,3,3,9,0,12,15,9,15,13,0,5,7,0,12,0,7,9,0,0,5,0,10,3,9,3,6,0,0,20,0,7,23,0,7,13,0,13,15,20,12,10,5,5,6,14,11,10,9,7
0,0,0,0,0,0,0,0,1,0,0,0,7,9,3,0,9,0,12,15,9,15,13,0,5,7,0,12,0,7,9,0,0,5,0,10,3,9,3,0,0,0,20,0,7,23,0,0,13,0,13,15,20,12,10,0,5,6,14,11,10,9,7,0
0,3,1,0,0,0,7,9,0,3,9,0,12,15,9,15,0,0,5,7,0,12,0,7,0,0,0,5,0,10,3,9,0,6,0,0,20,0,7,23,0,7,13,0,13,15,20,12,0,5,5,6,14,11,10,9,0,0,0,0,0,0,0,0
3,1,0,0,0,7,9,3,3,9,0,12,15,9,15,13,0,5,7,0,12,0,7,9,0,0,5,0,10,3,9,3,6,0,0,20,0,7,23,0,7,13,0,13,15,20,12,10,5,5,6,14,11,10,9,7,0,0,0,0,0,0,0,0
1,0,0,0,7,9,3,0,9,0,12,15,9,15,13,0,5,7,0,12,0,7,9,0,0,5,0,10,3,9,3,0,0,0,20,0,7,23,0,0,13,0,13,15,20,12,10,0,5,6,14,11,10,9,7,0,0,0,0,0,0,0,0,0
0,0,0,0,0,0,0,0,0,0,0,0,0,0,0,0,0,0,0,0,0,1,0,0,0,0,0,0,1,0,0,0,0,0,0,5,0,0,0,0,0,0,0,0,3,0,3,0,0,3,0,0,0,0,0,0,0,6,3,0,0,0,1,1
0,0,0,0,0,0,0,0,0,0,0,0,0,0,0,0,0,0,0,0,1,0,0,0,0,0,0,1,0,0,0,0,0,0,5,0,0,0,0,0,0,0,0,3,0,3,0,0,3,0,0,0,0,0,0,0,6,3,0,0,0,1,1,0
0,0,0,0,0,0,0,0,0,0,0,0,0,0,0,0,0,0,0,1,0,0,0,0,0,0,1,0,0,0,0,0,0,5,0,0,0,0,0,0,0,0,3,0,3,0,0,0,0,0,0,0,0,0,0,0,3,0,0,0,1,1,0,0
0,0,0,0,0,0,0,0,0,0,0,0,0,1,0,0,0,0,0,0,1,0,0,0,0,0,0,5,0,0,0,0,0,0,0,0,3,0,3,0,0,3,0,0,0,0,0,0,0,6,3,0,0,0,1,1,0,3,7,1,5,5,5,3
0,0,0,0,0,0,0,0,0,0,0,0,1,0,0,0,0,0,0,1,0,0,0,0,0,0,5,0,0,0,0,0,0,0,0,3,0,3,0,0,3,0,0,0,0,0,0,0,6,3,0,0,0,1,1,0,3,7,1,5,5,5,3,3
0,0,0,0,0,0,0,0,0,0,0,1,0,0,0,0,0,0,1,0,0,0,0,0,0,5,0,0,0,0,0,0,0,0,3,0,3,0,0,0,0,0,0,0,0,0,0,0,3,0,0,0,1,1,0,0,7,1,5,5,5,3,3,0
0,0,0,0,0,1,0,0,0,0,0,0,1,0,0,0,0,0,0,5,0,0,0,0,0,0,0,0,3,0,3,0,0,3,0,0,0,0,0,0,0,6,3,0,0,0,1,1,0,3,7,1,5,5,5,3,0,0,0,0,0,0,0,0
0,0,0,0,1,0,0,0,0,0,0,1,0,0,0,0,0,0,5,0,0,0,0,0,0,0,0,3,0,3,0,0,3,0,0,0,0,0,0,0,6,3,0,0,0,1,1,0,3,7,1,5,5,5,3,3,0,0,0,0,0,0,0,0
0,0,0,1,0,0,0,0,0,0,1,0,0,0,0,0,0,5,0,0,0,0,0,0,0,0,3,0,3,0,0,0,0,0,0,0,0,0,0,0,3,0,0,0,1,1,0,0,7,1,5,5,5,3,3,0,0,0,0,0,0,0,0,0
0,0,0,0,0,0,0,0,0,12,13,13,14,13,7,9,0,7,9,9,10,5,7,15,0,3,11,9,3,12,10,10,0,3,14,5,13,9,10,12,0,3,15,17,5,7,7,11,0,11,5,11,13,14,11,19,0,7,7,7,25,20,18,17
0,0,0,0,0,0,0,0,12,13,13,14,13,7,9,10,7,9,9,10,5,7,15,9,3,11,9,3,12,10,10,18,3,14,5,13,9,10,12,14,3,15,17,5,7,7,11,11,11,5,11,13,14,11,19,6,7,7,7,25,20,18,17,10
0,0,0,0,0,0,0,0,13,13,14,13,7,9,10,0,9,9,10,5,7,15,9,0,11,9,3,12,10,10,18,0,14,5,13,9,10,12,14,0,15,17,5,7,7,11,11,0,5,11,13,14,11,19,6,0,7,7,25,20,18,17,10,0
0,12,13,13,14,13,7,9,0,7,9,9,10,5,7,15,0,3,11,9,3,12,10,10,0,3,14,5,13,9,10,12,0,3,15,17,5,7,7,11,0,11,5,11,13,14,11,19,0,7,7,7,25,20,18,17,0,3,20,9,14,13,11,9
12,13,13,14,13,7,9,10,7,9,9,10,5,7,15,9,3,11,9,3,12,10,10,18,3,14,5,13,9,10,12,14,3,15,17,5,7,7,11,11,11,5,11,13,14,11,19,6,7,7,7,25,20,18,17,10,3,20,9,14,13,11,9,5
13,13,14,13,7,9,10,0,9,9,10,5,7,15,9,0,11,9,3,12,10,10,18,0,14,5,13,9,10,12,14,0,15,17,5,7,7,11,11,0,5,11,13,14,11,19,6,0,7,7,25,20,18,17,10,0,20,9,14,13,11,9,5,0
0,7,9,9,10,5,7,15,0,3,11,9,3,12,10,10,0,3,14,5,13,9,10,12,0,3,15,17,5,7,7,11,0,11,5,11,13,14,11,19,0,7,7,7,25,20,18,17,0,3,20,9,14,13,11,9,0,0,0,0,0,0,0,0
7,9,9,10,5,7,15,9,3,11,9,3,12,10,10,18,3,14,5,13,9,10,12,14,3,15,17,5,7,7,11,11,11,5,11,13,14,11,19,6,7,7,7,25,20,18,17,10,3,20,9,14,13,11,9,5,0,0,0,0,0,0,0,0
9,9,10,5,7,15,9,0,11,9,3,12,10,10,18,0,14,5,13,9,10,12,14,0,15,17,5,7,7,11,11,0,5,11,13,14,11,19,6,0,7,7,25,20,18,17,10,0,20,9,14,13,11,9,5,0,0,0,0,0,0,0,0,0
0,0,0,0,0,0,0,0,0,7,0,0,0,0,0,0,0,0,0,0,0,0,3,7,0,0,1,0,0,1,7,6,0,0,3,0,9,0,1,0,0,0,9,0,0,0,0,0,0,0,13,1,1,11,3,6,0,0,0,15,7,3,5,3
0,0,0,0,0,0,0,0,7,0,0,0,0,0,0,0,0,0,0,0,0,3,7,13,0,1,0,0,1,7,6,13,0,3,0,9,0,1,0,12,0,9,0,0,0,0,0,15,0,13,1,1,11,3,6,5,0,0,15,7,3,5,3,7
0,0,0,0,0,0,0,0,0,0,0,0,0,0,0,0,0,0,0,0,3,7,13,0,1,0,0,1,7,6,13,0,3,0,9,0,1,0,12,0,9,0,0,0,0,0,15,0,13,1,1,11,3,6,5,0,0,15,7,3,5,3,7,0
0,7,0,0,0,0,0,0,0,0,0,0,0,0,3,7,0,0,1,0,0,1,7,6,0,0,3,0,9,0,1,0,0,0,9,0,0,0,0,0,0,0,13,1,1,11,3,6,0,0,0,15,7,3,5,3,0,0,0,7,1,5,3,6
7,0,0,0,0,0,0,0,0,0,0,0,0,3,7,13,0,1,0,0,1,7,6,13,0,3,0,9,0,1,0,12,0,9,0,0,0,0,0,15,0,13,1,1,11,3,6,5,0,0,15,7,3,5,3,7,0,0,7,1,5,3,6,6
0,0,0,0,0,0,0,0,0,0,0,0,3,7,13,0,1,0,0,1,7,6,13,0,3,0,9,0,1,0,12,0,9,0,0,0,0,0,15,0,13,1,1,11,3,6,5,0,0,15,7,3,5,3,7,0,0,7,1,5,3,6,6,0
0,0,0,0,0,0,3,7,0,0,1,0,0,1,7,6,0,0,3,0,9,0,1,0,0,0,9,0,0,0,0,0,0,0,13,1,1,11,3,6,0,0,0,15,7,3,5,3,0,0,0,7,1,5,3,6,0,0,0,0,0,0,0,0
0,0,0,0,0,3,7,13,0,1,0,0,1,7,6,13,0,3,0,9,0,1,0,12,0,9,0,0,0,0,0,15,0,13,1,1,11,3,6,5,0,0,15,7,3,5,3,7,0,0,7,1,5,3,6,6,0,0,0,0,0,0,0,0
0,0,0,0,3,7,13,0,1,0,0,1,7,6,13,0,3,0,9,0,1,0,12,0,9,0,0,0,0,0,15,0,13,1,1,11,3,6,5,0,0,15,7,3,5,3,7,0,0,7,1,5,3,6,6,0,0,0,0,0,0,0,0,0
0,0,0,0,0,0,0,0,0,0,0,0,0,0,0,0,0,0,0,0,0,0,0,0,0,0,0,0,0,0,1,0,0,0,0,0,0,0,0,0,0,0,0,0,0,0,0,0,0,0,0,0,0,0,0,0,0,0,0,0,0,0,0,0
0,0,0,0,0,0,0,0,0,0,0,0,0,0,0,0,0,0,0,0,0,0,0,0,0,0,0,0,0,1,0,0,0,0,0,0,0,0,0,0,0,0,0,0,0,0,0,0,0,0,0,0,0,0,0,0,0,0,0,0,0,0,0,0
0,0,0,0,0,0,0,0,0,0,0,0,0,0,0,0,0,0,0,0,0,0,0,0,0,0,0,0,1,0,0,0,0,0,0,0,0,0,0,0,0,0,0,0,0,0,0,0,0,0,0,0,0,0,0,0,0,0,0,0,0,0,0,0
0,0,0,0,0,0,0,0,0,0,0,0,0,0,0,0,0,0,0,0,0,0,1,0,0,0,0,0,0,0,0,0,0,0,0,0,0,0,0,0,0,0,0,0,0,0,0,0,0,0,0,0,0,0,0,0,0,0,0,0,0,0,0,0
0,0,0,0,0,0,0,0,0,0,0,0,0,0,0,0,0,0,0,0,0,1,0,0,0,0,0,0,0,0,0,0,0,0,0,0,0,0,0,0,0,0,0,0,0,0,0,0,0,0,0,0,0,0,0,0,0,0,0,0,0,0,0,0
0,0,0,0,0,0,0,0,0,0,0,0,0,0,0,0,0,0,0,0,1,0,0,0,0,0,0,0,0,0,0,0,0,0,0,0,0,0,0,0,0,0,0,0,0,0,0,0,0,0,0,0,0,0,0,0,0,0,0,0,0,0,0,0
0,0,0,0,0,0,0,0,0,0,0,0,0,0,1,0,0,0,0,0,0,0,0,0,0,0,0,0,0,0,0,0,0,0,0,0,0,0,0,0,0,0,0,0,0,0,0,0,0,0,0,0,0,0,0,0,0,0,0,0,0,0,0,0
0,0,0,0,0,0,0,0,0,0,0,0,0,1,0,0,0,0,0,0,0,0,0,0,0,0,0,0,0,0,0,0,0,0,0,0,0,0,0,0,0,0,0,0,0,0,0,0,0,0,0,0,0,0,0,0,0,0,0,0,0,0,0,0
0,0,0,0,0,0,0,0,0,0,0,0,1,0,0,0,0,0,0,0,0,0,0,0,0,0,0,0,0,0,0,0,0,0,0,0,0,0,0,0,0,0,0,0,0,0,0,0,0,0,0,0,0,0,0,0,0,0,0,0,0,0,0,0
0,0,0,0,0,0,0,0,0,0,0,0,0,0,0,0,0,0,0,0,0,3,6,7,0,3,0,0,0,5,7,0,0,6,7,0,7,7,13,0,0,6,14,0,0,0,0,5,0,0,19,0,0,10,12,3,0,7,3,34,13,7,9,1
0,0,0,0,0,0,0,0,0,0,0,0,0,0,0,0,0,0,0,0,3,6,7,6,3,0,0,0,5,7,0,5,6,7,0,7,7,13,0,14,6,14,0,0,0,0,5,7,0,19,0,0,10,12,3,10,7,3,34,13,7,9,1,9
0,0,0,0,0,0,0,0,0,0,0,0,0,0,0,0,0,0,0,3,6,7,6,0,0,0,0,5,7,0,5,0,7,0,7,7,13,0,14,0,14,0,0,0,0,5,7,0,19,0,0,10,12,3,10,0,3,34,13,7,9,1,9,0
0,0,0,0,0,0,0,0,0,0,0,0,0,3,6,7,0,3,0,0,0,5,7,0,0,6,7,0,7,7,13,0,0,6,14,0,0,0,0,5,0,0,19,0,0,10,12,3,0,7,3,34,13,7,9,1,0,11,0,3,0,0,1,1
0,0,0,0,0,0,0,0,0,0,0,0,3,6,7,6,3,0,0,0,5,7,0,5,6,7,0,7,7,13,0,14,6,14,0,0,0,0,5,7,0,19,0,0,10,12,3,10,7,3,34,13,7,9,1,9,11,0,3,0,0,1,1,10
0,0,0,0,0,0,0,0,0,0,0,3,6,7,6,0,0,0,0,5,7,0,5,0,7,0,7,7,13,0,14,0,14,0,0,0,0,5,7,0,19,0,0,10,12,3,10,0,3,34,13,7,9,1,9,0,0,3,0,0,1,1,10,0
0,0,0,0,0,3,6,7,0,3,0,0,0,5,7,0,0,6,7,0,7,7,13,0,0,6,14,0,0,0,0,5,0,0,19,0,0,10,12,3,0,7,3,34,13,7,9,1,0,11,0,3,0,0,1,1,0,0,0,0,0,0,0,0
0,0,0,0,3,6,7,6,3,0,0,0,5,7,0,5,6,7,0,7,7,13,0,14,6,14,0,0,0,0,5,7,0,19,0,0,10,12,3,10,7,3,34,13,7,9,1,9,11,0,3,0,0,1,1,10,0,0,0,0,0,0,0,0
0,0,0,3,6,7,6,0,0,0,0,5,7,0,5,0,7,0,7,7,13,0,14,0,14,0,0,0,0,5,7,0,19,0,0,10,12,3,10,0,3,34,13,7,9,1,9,0,0,3,0,0,1,1,10,0,0,0,0,0,0,0,0,0
0,0,0,0,0,0,0,0,0,0,0,0,0,0,0,0,0,5,5,3,1,1,5,6,0,0,3,10,3,7,6,3,0,0,3,13,19,3,12,5,0,7,0,11,0,0,3,7,0,11,7,10,7,7,0,5,0,1,14,17,11,3,3,6
0,0,0,0,0,0,0,0,0,0,0,0,0,0,0,0,5,5,3,1,1,5,6,6,0,3,10,3,7,6,3,5,0,3,13,19,3,12,5,10,7,0,11,0,0,3,7,1,11,7,10,7,7,0,5,7,1,14,17,11,3,3,6,0
0,0,0,0,0,0,0,0,0,0,0,0,0,0,0,0,5,3,1,1,5,6,6,0,3,10,3,7,6,3,5,0,3,13,19,3,12,5,10,0,0,11,0,0,3,7,1,0,7,10,7,7,0,5,7,0,14,17,11,3,3,6,0,0
0,0,0,0,0,0,0,0,0,5,5,3,1,1,5,6,0,0,3,10,3,7,6,3,0,0,3,13,19,3,12,5,0,7,0,11,0,0,3,7,0,11,7,10,7,7,0,5,0,1,14,17,11,3,3,6,0,9,0,7,0,5,1,0
0,0,0,0,0,0,0,0,5,5,3,1,1,5,6,6,0,3,10,3,7,6,3,5,0,3,13,19,3,12,5,10,7,0,11,0,0,3,7,1,11,7,10,7,7,0,5,7,1,14,17,11,3,3,6,0,9,0,7,0,5,1,0,0
0,0,0,0,0,0,0,0,5,3,1,1,5,6,6,0,3,10,3,7,6,3,5,0,3,13,19,3,12,5,10,0,0,11,0,0,3,7,1,0,7,10,7,7,0,5,7,0,14,17,11,3,3,6,0,0,0,7,0,5,1,0,0,0
0,5,5,3,1,1,5,6,0,0,3,10,3,7,6,3,0,0,3,13,19,3,12,5,0,7,0,11,0,0,3,7,0,11,7,10,7,7,0,5,0,1,14,17,11,3,3,6,0,9,0,7,0,5,1,0,0,0,0,0,0,0,0,0
5,5,3,1,1,5,6,6,0,3,10,3,7,6,3,5,0,3,13,19,3,12,5,10,7,0,11,0,0,3,7,1,11,7,10,7,7,0,5,7,1,14,17,11,3,3,6,0,9,0,7,0,5,1,0,0,0,0,0,0,0,0,0,0
5,3,1,1,5,6,6,0,3,10,3,7,6,3,5,0,3,13,19,3,12,5,10,0,0,11,0,0,3,7,1,0,7,10,7,7,0,5,7,0,14,17,11,3,3,6,0,0,0,7,0,5,1,0,0,0,0,0,0,0,0,0,0,0
0,0,0,0,0,0,0,0,0,1,9,9,7,7,10,9,0,0,13,7,0,7,0,12,0,0,7,3,0,6,0,3,0,0,0,10,0,0,0,6,0,0,0,3,0,0,1,11,0,0,0,0,0,0,3,7,0,1,0,0,1,3,0,0
0,0,0,0,0,0,0,0,1,9,9,7,7,10,9,10,0,13,7,0,7,0,12,12,0,7,3,0,6,0,3,18,0,0,10,0,0,0,6,12,0,0,3,0,0,1,11,1,0,0,0,0,0,3,7,0,1,0,0,1,3,0,0,3
0,0,0,0,0,0,0,0,9,9,7,7,10,9,10,0,13,7,0,7,0,12,12,0,7,3,0,6,0,3,18,0,0,10,0,0,0,6,12,0,0,3,0,0,1,11,1,0,0,0,0,0,3,7,0,0,0,0,1,3,0,0,3,0
0,1,9,9,7,7,10,9,0,0,13,7,0,7,0,12,0,0,7,3,0,6,0,3,0,0,0,10,0,0,0,6,0,0,0,3,0,0,1,11,0,0,0,0,0,0,3,7,0,1,0,0,1,3,0,0,0,0,7,0,3,5,3,7
1,9,9,7,7,10,9,10,0,13,7,0,7,0,12,12,0,7,3,0,6,0,3,18,0,0,10,0,0,0,6,12,0,0,3,0,0,1,11,1,0,0,0,0,0,3,7,0,1,0,0,1,3,0,0,3,0,7,0,3,5,3,7,7
9,9,7,7,10,9,10,0,13,7,0,7,0,12,12,0,7,3,0,6,0,3,18,0,0,10,0,0,0,6,12,0,0,3,0,0,1,11,1,0,0,0,0,0,3,7,0,0,0,0,1,3,0,0,3,0,7,0,3,5,3,7,7,0
0,0,13,7,0,7,0,12,0,0,7,3,0,6,0,3,0,0,0,10,0,0,0,6,0,0,0,3,0,0,1,11,0,0,0,0,0,0,3,7,0,1,0,0,1,3,0,0,0,0,7,0,3,5,3,7,0,0,0,0,0,0,0,0
0,13,7,0,7,0,12,12,0,7,3,0,6,0,3,18,0,0,10,0,0,0,6,12,0,0,3,0,0,1,11,1,0,0,0,0,0,3,7,0,1,0,0,1,3,0,0,3,0,7,0,3,5,3,7,7,0,0,0,0,0,0,0,0
13,7,0,7,0,12,12,0,7,3,0,6,0,3,18,0,0,10,0,0,0,6,12,0,0,3,0,0,1,11,1,0,0,0,0,0,3,7,0,0,0,0,1,3,0,0,3,0,7,0,3,5,3,7,7,0,0,0,0,0,0,0,0,0
0,0,0,0,0,0,0,0,0,9,13,12,12,13,17,20,0,11,12,9,0,15,0,11,0,0,0,0,0,7,0,9,0,0,0,9,0,0,0,9,0,0,0,0,0,3,3,14,0,0,0,0,3,3,22,15,0,0,0,0,7,11,3,0
0,0,0,0,0,0,0,0,9,13,12,12,13,17,20,15,11,12,9,0,15,0,11,15,0,0,0,0,7,0,9,20,0,0,9,0,0,0,9,3,0,0,0,0,3,3,14,7,0,0,0,3,3,22,15,0,0,0,0,7,11,3,0,0
0,0,0,0,0,0,0,0,13,12,12,13,17,20,15,0,12,9,0,15,0,11,15,0,0,0,0,7,0,9,20,0,0,9,0,0,0,9,3,0,0,0,0,3,3,14,7,0,0,0,3,3,22,15,0,0,0,0,7,11,3,0,0,0
0,9,13,12,12,13,17,20,0,11,12,9,0,15,0,11,0,0,0,0,0,7,0,9,0,0,0,9,0,0,0,9,0,0,0,0,0,3,3,14,0,0,0,0,3,3,22,15,0,0,0,0,7,11,3,0,0,0,0,0,5,5,0,0
9,13,12,12,13,17,20,15,11,12,9,0,15,0,11,15,0,0,0,0,7,0,9,20,0,0,9,0,0,0,9,3,0,0,0,0,3,3,14,7,0,0,0,3,3,22,15,0,0,0,0,7,11,3,0,0,0,0,0,5,5,0,0,1
13,12,12,13,17,20,15,0,12,9,0,15,0,11,15,0,0,0,0,7,0,9,20,0,0,9,0,0,0,9,3,0,0,0,0,3,3,14,7,0,0,0,3,3,22,15,0,0,0,0,7,11,3,0,0,0,0,0,5,5,0,0,1,0
0,11,12,9,0,15,0,11,0,0,0,0,0,7,0,9,0,0,0,9,0,0,0,9,0,0,0,0,0,3,3,14,0,0,0,0,3,3,22,15,0,0,0,0,7,11,3,0,0,0,0,0,5,5,0,0,0,0,0,0,0,0,0,0
11,12,9,0,15,0,11,15,0,0,0,0,7,0,9,20,0,0,9,0,0,0,9,3,0,0,0,0,3,3,14,7,0,0,0,3,3,22,15,0,0,0,0,7,11,3,0,0,0,0,0,5,5,0,0,1,0,0,0,0,0,0,0,0
12,9,0,15,0,11,15,0,0,0,0,7,0,9,20,0,0,9,0,0,0,9,3,0,0,0,0,3,3,14,7,0,0,0,3,3,22,15,0,0,0,0,7,11,3,0,0,0,0,0,5,5,0,0,1,0,0,0,0,0,0,0,0,0
0,0,0,0,0,0,0,0,0,3,3,3,1,1,3,5,0,0,1,0,1,3,0,0,0,0,0,0,0,0,3,0,0,0,0,0,0,0,0,0,0,0,0,0,0,0,0,0,0,0,0,0,0,0,5,1,0,0,0,0,0,3,5,3
0,0,0,0,0,0,0,0,3,3,3,1,1,3,5,6,0,1,0,1,3,0,0,0,0,0,0,0,0,3,0,3,0,0,0,0,0,0,0,0,0,0,0,0,0,0,0,3,0,0,0,0,0,5,1,3,0,0,0,0,3,5,3,1
0,0,0,0,0,0,0,0,3,3,1,1,3,5,6,0,1,0,1,3,0,0,0,0,0,0,0,0,3,0,3,0,0,0,0,0,0,0,0,0,0,0,0,0,0,0,3,0,0,0,0,0,5,1,3,0,0,0,0,3,5,3,1,0
0,3,3,3,1,1,3,5,0,0,1,0,1,3,0,0,0,0,0,0,0,0,3,0,0,0,0,0,0,0,0,0,0,0,0,0,0,0,0,0,0,0,0,0,0,0,5,1,0,0,0,0,0,3,5,3,0,0,5,0,6,12,7,9
3,3,3,1,1,3,5,6,0,1,0,1,3,0,0,0,0,0,0,0,0,3,0,3,0,0,0,0,0,0,0,0,0,0,0,0,0,0,0,3,0,0,0,0,0,5,1,3,0,0,0,0,3,5,3,1,0,5,0,6,12,7,9,1
3,3,1,1,3,5,6,0,1,0,1,3,0,0,0,0,0,0,0,0,3,0,3,0,0,0,0,0,0,0,0,0,0,0,0,0,0,0,3,0,0,0,0,0,5,1,3,0,0,0,0,3,5,3,1,0,5,0,6,12,7,9,1,0
0,0,1,0,1,3,0,0,0,0,0,0,0,0,3,0,0,0,0,0,0,0,0,0,0,0,0,0,0,0,0,0,0,0,0,0,0,0,5,1,0,0,0,0,0,3,5,3,0,0,5,0,6,12,7,9,0,0,0,0,0,0,0,0
0,1,0,1,3,0,0,0,0,0,0,0,0,3,0,3,0,0,0,0,0,0,0,0,0,0,0,0,0,0,0,3,0,0,0,0,0,5,1,3,0,0,0,0,3,5,3,1,0,5,0,6,12,7,9,1,0,0,0,0,0,0,0,0
1,0,1,3,0,0,0,0,0,0,0,0,3,0,3,0,0,0,0,0,0,0,0,0,0,0,0,0,0,0,3,0,0,0,0,0,5,1,3,0,0,0,0,3,5,3,1,0,5,0,6,12,7,9,1,0,0,0,0,0,0,0,0,0
0,0,0,0,0,0,0,0,0,6,7,7,7,7,7,9,0,10,7,6,6,10,7,15,0,0,7,1,0,12,11,12,0,0,0,1,0,0,6,9,0,1,0,0,0,6,7,11,0,0,0,0,0,0,13,21,0,0,0,0,11,11,10,7
0,0,0,0,0,0,0,0,6,7,7,7,7,7,9,10,10,7,6,6,10,7,15,18,0,7,1,0,12,11,12,24,0,0,1,0,0,6,9,19,1,0,0,0,6,7,11,14,0,0,0,0,0,13,21,3,0,0,0,11,11,10,7,0
0,0,0,0,0,0,0,0,7,7,7,7,7,9,10,0,7,6,6,10,7,15,18,0,7,1,0,12,11,12,24,0,0,1,0,0,6,9,19,0,0,0,0,6,7,11,14,0,0,0,0,0,13,21,3,0,0,0,11,11,10,7,0,0
0,6,7,7,7,7,7,9,0,10,7,6,6,10,7,15,0,0,7,1,0,12,11,12,0,0,0,1,0,0,6,9,0,1,0,0,0,6,7,11,0,0,0,0,0,0,13,21,0,0,0,0,11,11,10,7,0,0,11,3,14,14,11,7
6,7,7,7,7,7,9,10,10,7,6,6,10,7,15,18,0,7,1,0,12,11,12,24,0,0,1,0,0,6,9,19,1,0,0,0,6,7,11,14,0,0,0,0,0,13,21,3,0,0,0,11,11,10,7,0,0,11,3,14,14,11,7,0
7,7,7,7,7,9,10,0,7,6,6,10,7,15,18,0,7,1,0,12,11,12,24,0,0,1,0,0,6,9,19,0,0,0,0,6,7,11,14,0,0,0,0,0,13,21,3,0,0,0,11,11,10,7,0,0,11,3,14,14,11,7,0,0
0,10,7,6,6,10,7,15,0,0,7,1,0,12,11,12,0,0,0,1,0,0,6,9,0,1,0,0,0,6,7,11,0,0,0,0,0,0,13,21,0,0,0,0,11,11,10,7,0,0,11,3,14,14,11,7,0,0,0,0,0,0,0,0
10,7,6,6,10,7,15,18,0,7,1,0,12,11,12,24,0,0,1,0,0,6,9,19,1,0,0,0,6,7,11,14,0,0,0,0,0,13,21,3,0,0,0,11,11,10,7,0,0,11,3,14,14,11,7,0,0,0,0,0,0,0,0,0
7,6,6,10,7,15,18,0,7,1,0,12,11,12,24,0,0,1,0,0,6,9,19,0,0,0,0,6,7,11,14,0,0,0,0,0,13,21,3,0,0,0,11,11,10,7,0,0,11,3,14,14,11,7,0,0,0,0,0,0,0,0,0,0
0,0,0,0,0,0,0,0,0,1,6,3,7,7,6,7,0,5,14,10,0,3,6,12,0,7,9,14,5,9,3,6,0,0,6,5,0,7,0,6,0,0,1,5,0,0,0,1,0,3,1,0,1,5,9,13,0,1,0,12,0,7,3,0
0,0,0,0,0,0,0,0,1,6,3,7,7,6,7,3,5,14,10,0,3,6,12,10,7,9,14,5,9,3,6,7,0,6,5,0,7,0,6,14,0,1,5,0,0,0,1,7,3,1,0,1,5,9,13,0,1,0,12,0,7,3,0,0
0,0,0,0,0,0,0,0,6,3,7,7,6,7,3,0,14,10,0,3,6,12,10,0,9,14,5,9,3,6,7,0,6,5,0,7,0,6,14,0,1,5,0,0,0,1,7,0,1,0,1,5,9,13,0,0,0,12,0,7,3,0,0,0
0,1,6,3,7,7,6,7,0,5,14,10,0,3,6,12,0,7,9,14,5,9,3,6,0,0,6,5,0,7,0,6,0,0,1,5,0,0,0,1,0,3,1,0,1,5,9,13,0,1,0,12,0,7,3,0,0,5,3,0,6,7,1,0
1,6,3,7,7,6,7,3,5,14,10,0,3,6,12,10,7,9,14,5,9,3,6,7,0,6,5,0,7,0,6,14,0,1,5,0,0,0,1,7,3,1,0,1,5,9,13,0,1,0,12,0,7,3,0,0,5,3,0,6,7,1,0,0
6,3,7,7,6,7,3,0,14,10,0,3,6,12,10,0,9,14,5,9,3,6,7,0,6,5,0,7,0,6,14,0,1,5,0,0,0,1,7,0,1,0,1,5,9,13,0,0,0,12,0,7,3,0,0,0,3,0,6,7,1,0,0,0
0,5,14,10,0,3,6,12,0,7,9,14,5,9,3,6,0,0,6,5,0,7,0,6,0,0,1,5,0,0,0,1,0,3,1,0,1,5,9,13,0,1,0,12,0,7,3,0,0,5,3,0,6,7,1,0,0,0,0,0,0,0,0,0
5,14,10,0,3,6,12,10,7,9,14,5,9,3,6,7,0,6,5,0,7,0,6,14,0,1,5,0,0,0,1,7,3,1,0,1,5,9,13,0,1,0,12,0,7,3,0,0,5,3,0,6,7,1,0,0,0,0,0,0,0,0,0,0
14,10,0,3,6,12,10,0,9,14,5,9,3,6,7,0,6,5,0,7,0,6,14,0,1,5,0,0,0,1,7,0,1,0,1,5,9,13,0,0,0,12,0,7,3,0,0,0,3,0,6,7,1,0,0,0,0,0,0,0,0,0,0,0
0,0,0,0,0,0,0,0,0,0,0,3,1,1,5,0,0,0,3,3,13,0,3,0,0,9,0,9,7,0,0,1,0,11,3,0,11,0,5,0,0,3,19,10,0,1,0,0,0,0,13,23,0,22,7,0,0,7,7,43,7,6,1,0
0,0,0,0,0,0,0,0,0,0,3,1,1,5,0,0,0,3,3,13,0,3,0,0,9,0,9,7,0,0,1,0,11,3,0,11,0,5,0,3,3,19,10,0,1,0,0,0,0,13,23,0,22,7,0,7,7,7,43,7,6,1,0,3
0,0,0,0,0,0,0,0,0,3,1,1,5,0,0,0,3,3,13,0,3,0,0,0,0,9,7,0,0,1,0,0,3,0,11,0,5,0,3,0,19,10,0,1,0,0,0,0,13,23,0,22,7,0,7,0,7,43,7,6,1,0,3,0
0,0,0,3,1,1,5,0,0,0,3,3,13,0,3,0,0,9,0,9,7,0,0,1,0,11,3,0,11,0,5,0,0,3,19,10,0,1,0,0,0,0,13,23,0,22,7,0,0,7,7,43,7,6,1,0,0,12,0,9,7,0,0,0
0,0,3,1,1,5,0,0,0,3,3,13,0,3,0,0,9,0,9,7,0,0,1,0,11,3,0,11,0,5,0,3,3,19,10,0,1,0,0,0,0,13,23,0,22,7,0,7,7,7,43,7,6,1,0,3,12,0,9,7,0,0,0,7
0,3,1,1,5,0,0,0,3,3,13,0,3,0,0,0,0,9,7,0,0,1,0,0,3,0,11,0,5,0,3,0,19,10,0,1,0,0,0,0,13,23,0,22,7,0,7,0,7,43,7,6,1,0,3,0,0,9,7,0,0,0,7,0
0,0,3,3,13,0,3,0,0,9,0,9,7,0,0,1,0,11,3,0,11,0,5,0,0,3,19,10,0,1,0,0,0,0,13,23,0,22,7,0,0,7,7,43,7,6,1,0,0,12,0,9,7,0,0,0,0,0,0,0,0,0,0,0
0,3,3,13,0,3,0,0,9,0,9,7,0,0,1,0,11,3,0,11,0,5,0,3,3,19,10,0,1,0,0,0,0,13,23,0,22,7,0,7,7,7,43,7,6,1,0,3,12,0,9,7,0,0,0,7,0,0,0,0,0,0,0,0
3,3,13,0,3,0,0,0,0,9,7,0,0,1,0,0,3,0,11,0,5,0,3,0,19,10,0,1,0,0,0,0,13,23,0,22,7,0,7,0,7,43,7,6,1,0,3,0,0,9,7,0,0,0,7,0,0,0,0,0,0,0,0,0
0,0,0,0,0,0,0,0,0,0,0,1,1,0,3,1,0,0,0,0,0,0,0,0,0,0,0,0,0,0,0,0,0,0,1,3,15,0,0,0,0,7,0,0,0,0,7,0,0,10,10,9,1,1,0,0,0,0,14,6,0,0,0,0
0,0,0,0,0,0,0,0,0,0,1,1,0,3,1,3,0,0,0,0,0,0,0,0,0,0,0,0,0,0,0,0,0,1,3,15,0,0,0,0,7,0,0,0,0,7,0,0,10,10,9,1,1,0,0,0,0,14,6,0,0,0,0,0
0,0,0,0,0,0,0,0,0,1,1,0,3,1,3,0,0,0,0,0,0,0,0,0,0,0,0,0,0,0,0,0,1,3,15,0,0,0,0,0,0,0,0,0,7,0,0,0,10,9,1,1,0,0,0,0,14,6,0,0,0,0,0,0
0,0,0,1,1,0,3,1,0,0,0,0,0,0,0,0,0,0,0,0,0,0,0,0,0,0,1,3,15,0,0,0,0,7,0,0,0,0,7,0,0,10,10,9,1,1,0,0,0,0,14,6,0,0,0,0,0,6,0,7,0,0,0,0
0,0,1,1,0,3,1,3,0,0,0,0,0,0,0,0,0,0,0,0,0,0,0,0,0,1,3,15,0,0,0,0,7,0,0,0,0,7,0,0,10,10,9,1,1,0,0,0,0,14,6,0,0,0,0,0,6,0,7,0,0,0,0,0
0,1,1,0,3,1,3,0,0,0,0,0,0,0,0,0,0,0,0,0,0,0,0,0,1,3,15,0,0,0,0,0,0,0,0,0,7,0,0,0,10,9,1,1,0,0,0,0,14,6,0,0,0,0,0,0,0,7,0,0,0,0,0,0
0,0,0,0,0,0,0,0,0,0,0,0,0,0,0,0,0,0,1,3,15,0,0,0,0,7,0,0,0,0,7,0,0,10,10,9,1,1,0,0,0,0,14,6,0,0,0,0,0,6,0,7,0,0,0,0,0,0,0,0,0,0,0,0
0,0,0,0,0,0,0,0,0,0,0,0,0,0,0,0,0,1,3,15,0,0,0,0,7,0,0,0,0,7,0,0,10,10,9,1,1,0,0,0,0,14,6,0,0,0,0,0,6,0,7,0,0,0,0,0,0,0,0,0,0,0,0,0
0,0,0,0,0,0,0,0,0,0,0,0,0,0,0,0,1,3,15,0,0,0,0,0,0,0,0,0,7,0,0,0,10,9,1,1,0,0,0,0,14,6,0,0,0,0,0,0,0,7,0,0,0,0,0,0,0,0,0,0,0,0,0,0
0,0,0,0,0,0,0,0,0,6,12,7,11,11,10,11,0,3,10,6,1,3,7,6,0,0,7,6,0,1,12,3,0,3,6,0,17,0,12,7,0,15,0,0,0,5,0,13,0,6,3,17,0,0,6,7,0,0,7,15,7,5,7,9
0,0,0,0,0,0,0,0,6,12,7,11,11,10,11,14,3,10,6,1,3,7,6,12,0,7,6,0,1,12,3,15,3,6,0,17,0,12,7,5,15,0,0,0,5,0,13,9,6,3,17,0,0,6,7,5,0,7,15,7,5,7,9,10
0,0,0,0,0,0,0,0,12,7,11,11,10,11,14,0,10,6,1,3,7,6,12,0,7,6,0,1,12,3,15,0,6,0,17,0,12,7,5,0,0,0,0,5,0,13,9,0,3,17,0,0,6,7,5,0,7,15,7,5,7,9,10,0
0,6,12,7,11,11,10,11,0,3,10,6,1,3,7,6,0,0,7,6,0,1,12,3,0,3,6,0,17,0,12,7,0,15,0,0,0,5,0,13,0,6,3,17,0,0,6,7,0,0,7,15,7,5,7,9,0,0,5,0,6,3,0,7
6,12,7,11,11,10,11,14,3,10,6,1,3,7,6,12,0,7,6,0,1,12,3,15,3,6,0,17,0,12,7,5,15,0,0,0,5,0,13,9,6,3,17,0,0,6,7,5,0,7,15,7,5,7,9,10,0,5,0,6,3,0,7,3
12,7,11,11,10,11,14,0,10,6,1,3,7,6,12,0,7,6,0,1,12,3,15,0,6,0,17,0,12,7,5,0,0,0,0,5,0,13,9,0,3,17,0,0,6,7,5,0,7,15,7,5,7,9,10,0,5,0,6,3,0,7,3,0
0,3,10,6,1,3,7,6,0,0,7,6,0,1,12,3,0,3,6,0,17,0,12,7,0,15,0,0,0,5,0,13,0,6,3,17,0,0,6,7,0,0,7,15,7,5,7,9,0,0,5,0,6,3,0,7,0,0,0,0,0,0,0,0
3,10,6,1,3,7,6,12,0,7,6,0,1,12,3,15,3,6,0,17,0,12,7,5,15,0,0,0,5,0,13,9,6,3,17,0,0,6,7,5,0,7,15,7,5,7,9,10,0,5,0,6,3,0,7,3,0,0,0,0,0,0,0,0
10,6,1,3,7,6,12,0,7,6,0,1,12,3,15,0,6,0,17,0,12,7,5,0,0,0,0,5,0,13,9,0,3,17,0,0,6,7,5,0,7,15,7,5,7,9,10,0,5,0,6,3,0,7,3,0,0,0,0,0,0,0,0,0
0,0,0,0,0,0,0,0,0,0,0,0,0,0,0,0,0,0,0,0,0,0,0,0,0,0,0,0,0,0,0,0,0,0,0,0,0,0,0,0,0,0,0,0,0,0,0,0,0,0,0,0,0,0,0,0,0,0,0,0,0,0,0,0
0,0,0,0,0,0,0,0,0,0,0,0,0,0,0,0,0,0,0,0,0,0,0,0,0,0,0,0,0,0,0,0,0,0,0,0,0,0,0,0,0,0,0,0,0,0,0,0,0,0,0,0,0,0,0,0,0,0,0,0,0,0,0,0
0,0,0,0,0,0,0,0,0,0,0,0,0,0,0,0,0,0,0,0,0,0,0,0,0,0,0,0,0,0,0,0,0,0,0,0,0,0,0,0,0,0,0,0,0,0,0,0,0,0,0,0,0,0,0,0,0,0,0,0,0,0,0,0
0,0,0,0,0,0,0,0,0,0,0,0,0,0,0,0,0,0,0,0,0,0,0,0,0,0,0,0,0,0,0,0,0,0,0,0,0,0,0,0,0,0,0,0,0,0,0,0,0,0,0,0,0,0,0,0,0,0,0,0,0,0,0,0
0,0,0,0,0,0,0,0,0,0,0,0,0,0,0,0,0,0,0,0,0,0,0,0,0,0,0,0,0,0,0,0,0,0,0,0,0,0,0,0,0,0,0,0,0,0,0,0,0,0,0,0,0,0,0,0,0,0,0,0,0,0,0,0
0,0,0,0,0,0,0,0,0,0,0,0,0,0,0,0,0,0,0,0,0,0,0,0,0,0,0,0,0,0,0,0,0,0,0,0,0,0,0,0,0,0,0,0,0,0,0,0,0,0,0,0,0,0,0,0,0,0,0,0,0,0,0,0
0,0,0,0,0,0,0,0,0,0,0,0,0,0,0,0,0,0,0,0,0,0,0,0,0,0,0,0,0,0,0,0,0,0,0,0,0,0,0,0,0,0,0,0,0,0,0,0,0,0,0,0,0,0,0,0,0,0,0,0,0,0,0,0
0,0,0,0,0,0,0,0,0,0,0,0,0,0,0,0,0,0,0,0,0,0,0,0,0,0,0,0,0,0,0,0,0,0,0,0,0,0,0,0,0,0,0,0,0,0,0,0,0,0,0,0,0,0,0,0,0,0,0,0,0,0,0,0
0,0,0,0,0,0,0,0,0,0,0,0,0,0,0,0,0,0,0,0,0,0,0,0,0,0,0,0,0,0,0,0,0,0,0,0,0,0,0,0,0,0,0,0,0,0,0,0,0,0,0,0,0,0,0,0,0,0,0,0,0,0,0,0
0,0,0,0,0,0,0,0,0,9,1,0,3,0,0,1,0,3,0,3,0,0,0,0,0,0,0,6,0,0,0,0,0,0,0,0,5,0,0,0,0,6,0,0,0,0,0,0,0,1,1,11,3,0,0,0,0,0,0,3,0,0,0,0
0,0,0,0,0,0,0,0,9,1,0,3,0,0,1,0,3,0,3,0,0,0,0,5,0,0,6,0,0,0,0,0,0,0,0,5,0,0,0,0,6,0,0,0,0,0,0,0,1,1,11,3,0,0,0,0,0,0,3,0,0,0,0,0
0,0,0,0,0,0,0,0,1,0,3,0,0,1,0,0,0,3,0,0,0,0,5,0,0,6,0,0,0,0,0,0,0,0,5,0,0,0,0,0,0,0,0,0,0,0,0,0,1,11,3,0,0,0,0,0,0,3,0,0,0,0,0,0
0,9,1,0,3,0,0,1,0,3,0,3,0,0,0,0,0,0,0,6,0,0,0,0,0,0,0,0,5,0,0,0,0,6,0,0,0,0,0,0,0,1,1,11,3,0,0,0,0,0,0,3,0,0,0,0,0,0,0,0,0,0,0,0
9,1,0,3,0,0,1,0,3,0,3,0,0,0,0,5,0,0,6,0,0,0,0,0,0,0,0,5,0,0,0,0,6,0,0,0,0,0,0,0,1,1,11,3,0,0,0,0,0,0,3,0,0,0,0,0,0,0,0,0,0,0,0,0
1,0,3,0,0,1,0,0,0,3,0,0,0,0,5,0,0,6,0,0,0,0,0,0,0,0,5,0,0,0,0,0,0,0,0,0,0,0,0,0,1,11,3,0,0,0,0,0,0,3,0,0,0,0,0,0,0,0,0,0,0,0,0,0
0,3,0,3,0,0,0,0,0,0,0,6,0,0,0,0,0,0,0,0,5,0,0,0,0,6,0,0,0,0,0,0,0,1,1,11,3,0,0,0,0,0,0,3,0,0,0,0,0,0,0,0,0,0,0,0,0,0,0,0,0,0,0,0
3,0,3,0,0,0,0,5,0,0,6,0,0,0,0,0,0,0,0,5,0,0,0,0,6,0,0,0,0,0,0,0,1,1,11,3,0,0,0,0,0,0,3,0,0,0,0,0,0,0,0,0,0,0,0,0,0,0,0,0,0,0,0,0
0,3,0,0,0,0,5,0,0,6,0,0,0,0,0,0,0,0,5,0,0,0,0,0,0,0,0,0,0,0,0,0,1,11,3,0,0,0,0,0,0,3,0,0,0,0,0,0,0,0,0,0,0,0,0,0,0,0,0,0,0,0,0,0
0,0,0,0,0,0,0,0,0,0,0,0,0,0,0,0,0,0,0,0,0,0,0,0,0,0,0,0,0,0,0,0,0,0,0,0,0,0,0,0,0,0,0,0,0,0,0,0,0,0,0,0,0,0,0,0,0,0,0,0,0,0,0,0
0,0,0,0,0,0,0,0,0,0,0,0,0,0,0,0,0,0,0,0,0,0,0,0,0,0,0,0,0,0,0,0,0,0,0,0,0,0,0,0,0,0,0,0,0,0,0,0,0,0,0,0,0,0,0,0,0,0,0,0,0,0,0,0
0,0,0,0,0,0,0,0,0,0,0,0,0,0,0,0,0,0,0,0,0,0,0,0,0,0,0,0,0,0,0,0,0,0,0,0,0,0,0,0,0,0,0,0,0,0,0,0,0,0,0,0,0,0,0,0,0,0,0,0,0,0,0,0
0,0,0,0,0,0,0,0,0,0,0,0,0,0,0,0,0,0,0,0,0,0,0,0,0,0,0,0,0,0,0,0,0,0,0,0,0,0,0,0,0,0,0,0,0,0,0,0,0,0,0,0,0,0,0,0,0,0,0,0,0,0,0,0
0,0,0,0,0,0,0,0,0,0,0,0,0,0,0,0,0,0,0,0,0,0,0,0,0,0,0,0,0,0,0,0,0,0,0,0,0,0,0,0,0,0,0,0,0,0,0,0,0,0,0,0,0,0,0,0,0,0,0,0,0,0,0,6
0,0,0,0,0,0,0,0,0,0,0,0,0,0,0,0,0,0,0,0,0,0,0,0,0,0,0,0,0,0,0,0,0,0,0,0,0,0,0,0,0,0,0,0,0,0,0,0,0,0,0,0,0,0,0,0,0,0,0,0,0,0,6,0
0,0,0,0,0,0,0,0,0,0,0,0,0,0,0,0,0,0,0,0,0,0,0,0,0,0,0,0,0,0,0,0,0,0,0,0,0,0,0,0,0,0,0,0,0,0,0,0,0,0,0,0,0,0,0,0,0,0,0,0,0,0,0,0
0,0,0,0,0,0,0,0,0,0,0,0,0,0,0,0,0,0,0,0,0,0,0,0,0,0,0,0,0,0,0,0,0,0,0,0,0,0,0,0,0,0,0,0,0,0,0,0,0,0,0,0,0,0,0,6,0,0,0,0,0,0,0,0
0,0,0,0,0,0,0,0,0,0,0,0,0,0,0,0,0,0,0,0,0,0,0,0,0,0,0,0,0,0,0,0,0,0,0,0,0,0,0,0,0,0,0,0,0,0,0,0,0,0,0,0,0,0,6,0,0,0,0,0,0,0,0,0
0,0,0,0,0,0,0,0,0,0,0,0,0,0,0,0,0,1,0,0,0,0,0,0,0,0,0,0,0,0,0,0,0,0,0,6,0,0,0,0,0,0,0,0,3,0,1,0,0,3,0,0,0,0,0,0,0,0,0,0,0,0,0,0
0,0,0,0,0,0,0,0,0,0,0,0,0,0,0,0,1,0,0,0,0,0,0,0,0,0,0,0,0,0,0,0,0,0,6,0,0,0,0,0,0,0,0,3,0,1,0,0,3,0,0,0,0,0,0,0,0,0,0,0,0,0,0,0
0,0,0,0,0,0,0,0,0,0,0,0,0,0,0,0,0,0,0,0,0,0,0,0,0,0,0,0,0,0,0,0,0,6,0,0,0,0,0,0,0,0,3,0,1,0,0,0,0,0,0,0,0,0,0,0,0,0,0,0,0,0,0,0
0,0,0,0,0,0,0,0,0,1,0,0,0,0,0,0,0,0,0,0,0,0,0,0,0,0,0,6,0,0,0,0,0,0,0,0,3,0,1,0,0,3,0,0,0,0,0,0,0,0,0,0,0,0,0,0,0,0,0,0,0,0,0,0
0,0,0,0,0,0,0,0,1,0,0,0,0,0,0,0,0,0,0,0,0,0,0,0,0,0,6,0,0,0,0,0,0,0,0,3,0,1,0,0,3,0,0,0,0,0,0,0,0,0,0,0,0,0,0,0,0,0,0,0,0,0,0,0
0,0,0,0,0,0,0,0,0,0,0,0,0,0,0,0,0,0,0,0,0,0,0,0,0,6,0,0,0,0,0,0,0,0,3,0,1,0,0,0,0,0,0,0,0,0,0,0,0,0,0,0,0,0,0,0,0,0,0,0,0,0,0,0
0,1,0,0,0,0,0,0,0,0,0,0,0,0,0,0,0,0,0,6,0,0,0,0,0,0,0,0,3,0,1,0,0,3,0,0,0,0,0,0,0,0,0,0,0,0,0,0,0,0,0,0,0,0,0,0,0,0,0,0,0,0,0,0
1,0,0,0,0,0,0,0,0,0,0,0,0,0,0,0,0,0,6,0,0,0,0,0,0,0,0,3,0,1,0,0,3,0,0,0,0,0,0,0,0,0,0,0,0,0,0,0,0,0,0,0,0,0,0,0,0,0,0,0,0,0,0,0
0,0,0,0,0,0,0,0,0,0,0,0,0,0,0,0,0,6,0,0,0,0,0,0,0,0,3,0,1,0,0,0,0,0,0,0,0,0,0,0,0,0,0,0,0,0,0,0,0,0,0,0,0,0,0,0,0,0,0,0,0,0,0,0
0,0,0,0,0,0,0,0,0,1,3,3,7,10,6,7,0,0,1,5,1,6,3,0,0,7,0,6,0,0,3,0,0,7,6,3,10,0,5,5,0,11,18,0,0,7,7,7,0,0,12,20,0,9,1,0,0,3,7,20,3,0,0,0
0,0,0,0,0,0,0,0,1,3,3,7,10,6,7,7,0,1,5,1,6,3,0,7,7,0,6,0,0,3,0,0,7,6,3,10,0,5,5,3,11,18,0,0,7,7,7,3,0,12,20,0,9,1,0,0,3,7,20,3,0,0,0,0
0,0,0,0,0,0,0,0,3,3,7,10,6,7,7,0,1,5,1,6,3,0,7,0,0,6,0,0,3,0,0,0,6,3,10,0,5,5,3,0,18,0,0,7,7,7,3,0,12,20,0,9,1,0,0,0,7,20,3,0,0,0,0,0
0,1,3,3,7,10,6,7,0,0,1,5,1,6,3,0,0,7,0,6,0,0,3,0,0,7,6,3,10,0,5,5,0,11,18,0,0,7,7,7,0,0,12,20,0,9,1,0,0,3,7,20,3,0,0,0,0,0,11,10,3,0,0,0
1,3,3,7,10,6,7,7,0,1,5,1,6,3,0,7,7,0,6,0,0,3,0,0,7,6,3,10,0,5,5,3,11,18,0,0,7,7,7,3,0,12,20,0,9,1,0,0,3,7,20,3,0,0,0,0,0,11,10,3,0,0,0,0
3,3,7,10,6,7,7,0,1,5,1,6,3,0,7,0,0,6,0,0,3,0,0,0,6,3,10,0,5,5,3,0,18,0,0,7,7,7,3,0,12,20,0,9,1,0,0,0,7,20,3,0,0,0,0,0,11,10,3,0,0,0,0,0
0,0,1,5,1,6,3,0,0,7,0,6,0,0,3,0,0,7,6,3,10,0,5,5,0,11,18,0,0,7,7,7,0,0,12,20,0,9,1,0,0,3,7,20,3,0,0,0,0,0,11,10,3,0,0,0,0,0,0,0,0,0,0,0
0,1,5,1,6,3,0,7,7,0,6,0,0,3,0,0,7,6,3,10,0,5,5,3,11,18,0,0,7,7,7,3,0,12,20,0,9,1,0,0,3,7,20,3,0,0,0,0,0,11,10,3,0,0,0,0,0,0,0,0,0,0,0,0
1,5,1,6,3,0,7,0,0,6,0,0,3,0,0,0,6,3,10,0,5,5,3,0,18,0,0,7,7,7,3,0,12,20,0,9,1,0,0,0,7,20,3,0,0,0,0,0,11,10,3,0,0,0,0,0,0,0,0,0,0,0,0,0
0,0,0,0,0,0,0,0,0,0,0,0,0,0,0,0,0,3,6,7,3,0,0,3,0,3,7,7,7,7,5,9,0,3,7,7,0,7,0,12,0,0,5,11,12,0,1,3,0,0,0,0,5,5,0,9,0,0,1,0,1,9,9,10
0,0,0,0,0,0,0,0,0,0,0,0,0,0,0,0,3,6,7,3,0,0,3,1,3,7,7,7,7,5,9,5,3,7,7,0,7,0,12,3,0,5,11,12,0,1,3,0,0,0,0,5,5,0,9,0,0,1,0,1,9,9,10,3
0,0,0,0,0,0,0,0,0,0,0,0,0,0,0,0,6,7,3,0,0,3,1,0,7,7,7,7,5,9,5,0,7,7,0,7,0,12,3,0,5,11,12,0,1,3,0,0,0,0,5,5,0,9,0,0,1,0,1,9,9,10,3,0
0,0,0,0,0,0,0,0,0,3,6,7,3,0,0,3,0,3,7,7,7,7,5,9,0,3,7,7,0,7,0,12,0,0,5,11,12,0,1,3,0,0,0,0,5,5,0,9,0,0,1,0,1,9,9,10,0,0,0,5,7,12,10,1
0,0,0,0,0,0,0,0,3,6,7,3,0,0,3,1,3,7,7,7,7,5,9,5,3,7,7,0,7,0,12,3,0,5,11,12,0,1,3,0,0,0,0,5,5,0,9,0,0,1,0,1,9,9,10,3,0,0,5,7,12,10,1,1
0,0,0,0,0,0,0,0,6,7,3,0,0,3,1,0,7,7,7,7,5,9,5,0,7,7,0,7,0,12,3,0,5,11,12,0,1,3,0,0,0,0,5,5,0,9,0,0,1,0,1,9,9,10,3,0,0,5,7,12,10,1,1,0
0,3,6,7,3,0,0,3,0,3,7,7,7,7,5,9,0,3,7,7,0,7,0,12,0,0,5,11,12,0,1,3,0,0,0,0,5,5,0,9,0,0,1,0,1,9,9,10,0,0,0,5,7,12,10,1,0,0,0,0,0,0,0,0
3,6,7,3,0,0,3,1,3,7,7,7,7,5,9,5,3,7,7,0,7,0,12,3,0,5,11,12,0,1,3,0,0,0,0,5,5,0,9,0,0,1,0,1,9,9,10,3,0,0,5,7,12,10,1,1,0,0,0,0,0,0,0,0
6,7,3,0,0,3,1,0,7,7,7,7,5,9,5,0,7,7,0,7,0,12,3,0,5,11,12,0,1,3,0,0,0,0,5,5,0,9,0,0,1,0,1,9,9,10,3,0,0,5,7,12,10,1,1,0,0,0,0,0,0,0,0,0
0,0,0,0,0,0,0,0,0,5,0,0,0,0,0,0,0,10,3,6,7,0,6,9,0,11,15,11,13,3,3,3,0,7,9,0,7,7,15,3,0,6,21,7,0,0,1,3,0,9,15,13,11,18,11,9,0,18,6,39,11,18,15,13
0,0,0,0,0,0,0,0,5,0,0,0,0,0,0,0,10,3,6,7,0,6,9,14,11,15,11,13,3,3,3,13,7,9,0,7,7,15,3,13,6,21,7,0,0,1,3,10,9,15,13,11,18,11,9,7,18,6,39,11,18,15,13,15
0,0,0,0,0,0,0,0,0,0,0,0,0,0,0,0,3,6,7,0,6,9,14,0,15,11,13,3,3,3,13,0,9,0,7,7,15,3,13,0,21,7,0,0,1,3,10,0,15,13,11,18,11,9,7,0,6,39,11,18,15,13,15,0
0,5,0,0,0,0,0,0,0,10,3,6,7,0,6,9,0,11,15,11,13,3,3,3,0,7,9,0,7,7,15,3,0,6,21,7,0,0,1,3,0,9,15,13,11,18,11,9,0,18,6,39,11,18,15,13,0,13,15,22,13,12,13,15
5,0,0,0,0,0,0,0,10,3,6,7,0,6,9,14,11,15,11,13,3,3,3,13,7,9,0,7,7,15,3,13,6,21,7,0,0,1,3,10,9,15,13,11,18,11,9,7,18,6,39,11,18,15,13,15,13,15,22,13,12,13,15,15
0,0,0,0,0,0,0,0,3,6,7,0,6,9,14,0,15,11,13,3,3,3,13,0,9,0,7,7,15,3,13,0,21,7,0,0,1,3,10,0,15,13,11,18,11,9,7,0,6,39,11,18,15,13,15,0,15,22,13,12,13,15,15,0
0,10,3,6,7,0,6,9,0,11,15,11,13,3,3,3,0,7,9,0,7,7,15,3,0,6,21,7,0,0,1,3,0,9,15,13,11,18,11,9,0,18,6,39,11,18,15,13,0,13,15,22,13,12,13,15,0,0,0,0,0,0,0,0
10,3,6,7,0,6,9,14,11,15,11,13,3,3,3,13,7,9,0,7,7,15,3,13,6,21,7,0,0,1,3,10,9,15,13,11,18,11,9,7,18,6,39,11,18,15,13,15,13,15,22,13,12,13,15,15,0,0,0,0,0,0,0,0
3,6,7,0,6,9,14,0,15,11,13,3,3,3,13,0,9,0,7,7,15,3,13,0,21,7,0,0,1,3,10,0,15,13,11,18,11,9,7,0,6,39,11,18,15,13,15,0,15,22,13,12,13,15,15,0,0,0,0,0,0,0,0,0
0,0,0,0,0,0,0,0,0,0,0,0,0,0,0,0,0,0,0,0,5,0,0,0,0,0,0,0,0,0,0,0,0,0,0,0,0,0,0,0,0,0,0,0,0,0,0,1,0,0,0,0,0,0,0,0,0,0,0,0,0,0,0,0
0,0,0,0,0,0,0,0,0,0,0,0,0,0,0,0,0,0,0,5,0,0,0,0,0,0,0,0,0,0,0,0,0,0,0,0,0,0,0,0,0,0,0,0,0,0,1,0,0,0,0,0,0,0,0,0,0,0,0,0,0,0,0,0
0,0,0,0,0,0,0,0,0,0,0,0,0,0,0,0,0,0,5,0,0,0,0,0,0,0,0,0,0,0,0,0,0,0,0,0,0,0,0,0,0,0,0,0,0,1,0,0,0,0,0,0,0,0,0,0,0,0,0,0,0,0,0,0
0,0,0,0,0,0,0,0,0,0,0,0,5,0,0,0,0,0,0,0,0,0,0,0,0,0,0,0,0,0,0,0,0,0,0,0,0,0,0,1,0,0,0,0,0,0,0,0,0,0,0,0,0,0,0,0,0,0,0,3,0,0,0,0
0,0,0,0,0,0,0,0,0,0,0,5,0,0,0,0,0,0,0,0,0,0,0,0,0,0,0,0,0,0,0,0,0,0,0,0,0,0,1,0,0,0,0,0,0,0,0,0,0,0,0,0,0,0,0,0,0,0,3,0,0,0,0,0
0,0,0,0,0,0,0,0,0,0,5,0,0,0,0,0,0,0,0,0,0,0,0,0,0,0,0,0,0,0,0,0,0,0,0,0,0,1,0,0,0,0,0,0,0,0,0,0,0,0,0,0,0,0,0,0,0,3,0,0,0,0,0,0
0,0,0,0,5,0,0,0,0,0,0,0,0,0,0,0,0,0,0,0,0,0,0,0,0,0,0,0,0,0,0,1,0,0,0,0,0,0,0,0,0,0,0,0,0,0,0,0,0,0,0,3,0,0,0,0,0,0,0,0,0,0,0,0
0,0,0,5,0,0,0,0,0,0,0,0,0,0,0,0,0,0,0,0,0,0,0,0,0,0,0,0,0,0,1,0,0,0,0,0,0,0,0,0,0,0,0,0,0,0,0,0,0,0,3,0,0,0,0,0,0,0,0,0,0,0,0,0
0,0,5,0,0,0,0,0,0,0,0,0,0,0,0,0,0,0,0,0,0,0,0,0,0,0,0,0,0,1,0,0,0,0,0,0,0,0,0,0,0,0,0,0,0,0,0,0,0,3,0,0,0,0,0,0,0,0,0,0,0,0,0,0
0,0,0,0,0,0,0,0,0,7,3,0,0,3,1,0,0,9,3,0,13,0,11,23,0,0,15,10,0,11,11,10,0,11,6,0,0,3,15,13,0,5,15,0,0,7,0,9,0,0,0,0,0,5,10,22,0,0,0,10,21,26,22,17
0,0,0,0,0,0,0,0,7,3,0,0,3,1,0,0,9,3,0,13,0,11,23,7,0,15,10,0,11,11,10,30,11,6,0,0,3,15,13,23,5,15,0,0,7,0,9,7,0,0,0,0,5,10,22,10,0,0,10,21,26,22,17,19
0,0,0,0,0,0,0,0,3,0,0,3,1,0,0,0,3,0,13,0,11,23,7,0,15,10,0,11,11,10,30,0,6,0,0,3,15,13,23,0,15,0,0,7,0,9,7,0,0,0,0,5,10,22,10,0,0,10,21,26,22,17,19,0
0,7,3,0,0,3,1,0,0,9,3,0,13,0,11,23,0,0,15,10,0,11,11,10,0,11,6,0,0,3,15,13,0,5,15,0,0,7,0,9,0,0,0,0,0,5,10,22,0,0,0,10,21,26,22,17,0,3,15,11,21,20,19,18
7,3,0,0,3,1,0,0,9,3,0,13,0,11,23,7,0,15,10,0,11,11,10,30,11,6,0,0,3,15,13,23,5,15,0,0,7,0,9,7,0,0,0,0,5,10,22,10,0,0,10,21,26,22,17,19,3,15,11,21,20,19,18,13
3,0,0,3,1,0,0,0,3,0,13,0,11,23,7,0,15,10,0,11,11,10,30,0,6,0,0,3,15,13,23,0,15,0,0,7,0,9,7,0,0,0,0,5,10,22,10,0,0,10,21,26,22,17,19,0,15,11,21,20,19,18,13,0
0,9,3,0,13,0,11,23,0,0,15,10,0,11,11,10,0,11,6,0,0,3,15,13,0,5,15,0,0,7,0,9,0,0,0,0,0,5,10,22,0,0,0,10,21,26,22,17,0,3,15,11,21,20,19,18,0,0,0,0,0,0,0,0
9,3,0,13,0,11,23,7,0,15,10,0,11,11,10,30,11,6,0,0,3,15,13,23,5,15,0,0,7,0,9,7,0,0,0,0,5,10,22,10,0,0,10,21,26,22,17,19,3,15,11,21,20,19,18,13,0,0,0,0,0,0,0,0
3,0,13,0,11,23,7,0,15,10,0,11,11,10,30,0,6,0,0,3,15,13,23,0,15,0,0,7,0,9,7,0,0,0,0,5,10,22,10,0,0,10,21,26,22,17,19,0,15,11,21,20,19,18,13,0,0,0,0,0,0,0,0,0
0,0,0,0,0,0,0,0,0,0,0,0,0,0,0,0,0,0,0,0,0,0,0,0,0,0,0,0,0,0,0,0,0,0,0,0,7,0,0,0,0,1,0,0,0,0,0,0,0,0,0,7,0,0,0,0,0,0,0,0,0,0,0,0
0,0,0,0,0,0,0,0,0,0,0,0,0,0,0,0,0,0,0,0,0,0,0,0,0,0,0,0,0,0,0,0,0,0,0,7,0,0,0,0,1,0,0,0,0,0,0,0,0,0,7,0,0,0,0,0,0,0,0,0,0,0,0,0
0,0,0,0,0,0,0,0,0,0,0,0,0,0,0,0,0,0,0,0,0,0,0,0,0,0,0,0,0,0,0,0,0,0,7,0,0,0,0,0,0,0,0,0,0,0,0,0,0,7,0,0,0,0,0,0,0,0,0,0,0,0,0,0
0,0,0,0,0,0,0,0,0,0,0,0,0,0,0,0,0,0,0,0,0,0,0,0,0,0,0,0,7,0,0,0,0,1,0,0,0,0,0,0,0,0,0,7,0,0,0,0,0,0,0,0,0,0,0,0,0,0,0,0,0,0,0,0
0,0,0,0,0,0,0,0,0,0,0,0,0,0,0,0,0,0,0,0,0,0,0,0,0,0,0,7,0,0,0,0,1,0,0,0,0,0,0,0,0,0,7,0,0,0,0,0,0,0,0,0,0,0,0,0,0,0,0,0,0,0,0,0
0,0,0,0,0,0,0,0,0,0,0,0,0,0,0,0,0,0,0,0,0,0,0,0,0,0,7,0,0,0,0,0,0,0,0,0,0,0,0,0,0,7,0,0,0,0,0,0,0,0,0,0,0,0,0,0,0,0,0,0,0,0,0,0
0,0,0,0,0,0,0,0,0,0,0,0,0,0,0,0,0,0,0,0,7,0,0,0,0,1,0,0,0,0,0,0,0,0,0,7,0,0,0,0,0,0,0,0,0,0,0,0,0,0,0,0,0,0,0,0,0,0,0,0,0,0,0,0
0,0,0,0,0,0,0,0,0,0,0,0,0,0,0,0,0,0,0,7,0,0,0,0,1,0,0,0,0,0,0,0,0,0,7,0,0,0,0,0,0,0,0,0,0,0,0,0,0,0,0,0,0,0,0,0,0,0,0,0,0,0,0,0
0,0,0,0,0,0,0,0,0,0,0,0,0,0,0,0,0,0,7,0,0,0,0,0,0,0,0,0,0,0,0,0,0,7,0,0,0,0,0,0,0,0,0,0,0,0,0,0,0,0,0,0,0,0,0,0,0,0,0,0,0,0,0,0
0,0,0,0,0,0,0,0,0,7,6,7,6,3,5,6,0,0,5,6,5,6,6,3,0,0,3,0,0,3,7,5,0,0,0,0,6,3,0,7,0,0,0,0,0,5,0,9,0,3,0,3,0,0,3,13,0,6,3,0,14,14,11,11
0,0,0,0,0,0,0,0,7,6,7,6,3,5,6,10,0,5,6,5,6,6,3,6,0,3,0,0,3,7,5,7,0,0,0,6,3,0,7,7,0,0,0,0,5,0,9,9,3,0,3,0,0,3,13,5,6,3,0,14,14,11,11,9
0,0,0,0,0,0,0,0,6,7,6,3,5,6,10,0,5,6,5,6,6,3,6,0,3,0,0,3,7,5,7,0,0,0,6,3,0,7,7,0,0,0,0,5,0,9,9,0,0,3,0,0,3,13,5,0,3,0,14,14,11,11,9,0
0,7,6,7,6,3,5,6,0,0,5,6,5,6,6,3,0,0,3,0,0,3,7,5,0,0,0,0,6,3,0,7,0,0,0,0,0,5,0,9,0,3,0,3,0,0,3,13,0,6,3,0,14,14,11,11,0,7,13,9,15,15,13,18
7,6,7,6,3,5,6,10,0,5,6,5,6,6,3,6,0,3,0,0,3,7,5,7,0,0,0,6,3,0,7,7,0,0,0,0,5,0,9,9,3,0,3,0,0,3,13,5,6,3,0,14,14,11,11,9,7,13,9,15,15,13,18,7
6,7,6,3,5,6,10,0,5,6,5,6,6,3,6,0,3,0,0,3,7,5,7,0,0,0,6,3,0,7,7,0,0,0,0,5,0,9,9,0,0,3,0,0,3,13,5,0,3,0,14,14,11,11,9,0,13,9,15,15,13,18,7,0
0,0,5,6,5,6,6,3,0,0,3,0,0,3,7,5,0,0,0,0,6,3,0,7,0,0,0,0,0,5,0,9,0,3,0,3,0,0,3,13,0,6,3,0,14,14,11,11,0,7,13,9,15,15,13,18,0,0,0,0,0,0,0,0
0,5,6,5,6,6,3,6,0,3,0,0,3,7,5,7,0,0,0,6,3,0,7,7,0,0,0,0,5,0,9,9,3,0,3,0,0,3,13,5,6,3,0,14,14,11,11,9,7,13,9,15,15,13,18,7,0,0,0,0,0,0,0,0
5,6,5,6,6,3,6,0,3,0,0,3,7,5,7,0,0,0,6,3,0,7,7,0,0,0,0,5,0,9,9,0,0,3,0,0,3,13,5,0,3,0,14,14,11,11,9,0,13,9,15,15,13,18,7,0,0,0,0,0,0,0,0,0
0,0,0,0,0,0,0,0,0,6,5,6,5,6,3,3,0,10,3,7,14,0,5,11,0,5,12,11,3,10,0,7,0,10,9,12,1,12,10,6,0,9,9,9,7,5,9,7,0,7,3,9,0,14,3,5,0,12,12,21,9,15,10,9
0,0,0,0,0,0,0,0,6,5,6,5,6,3,3,0,10,3,7,14,0,5,11,0,5,12,11,3,10,0,7,5,10,9,12,1,12,10,6,7,9,9,9,7,5,9,7,3,7,3,9,0,14,3,5,1,12,12,21,9,15,10,9,7
0,0,0,0,0,0,0,0,5,6,5,6,3,3,0,0,3,7,14,0,5,11,0,0,12,11,3,10,0,7,5,0,9,12,1,12,10,6,7,0,9,9,7,5,9,7,3,0,3,9,0,14,3,5,1,0,12,21,9,15,10,9,7,0
0,6,5,6,5,6,3,3,0,10,3,7,14,0,5,11,0,5,12,11,3,10,0,7,0,10,9,12,1,12,10,6,0,9,9,9,7,5,9,7,0,7,3,9,0,14,3,5,0,12,12,21,9,15,10,9,0,9,9,0,10,10,10,7
6,5,6,5,6,3,3,0,10,3,7,14,0,5,11,0,5,12,11,3,10,0,7,5,10,9,12,1,12,10,6,7,9,9,9,7,5,9,7,3,7,3,9,0,14,3,5,1,12,12,21,9,15,10,9,7,9,9,0,10,10,10,7,9
5,6,5,6,3,3,0,0,3,7,14,0,5,11,0,0,12,11,3,10,0,7,5,0,9,12,1,12,10,6,7,0,9,9,7,5,9,7,3,0,3,9,0,14,3,5,1,0,12,21,9,15,10,9,7,0,9,0,10,10,10,7,9,0
0,10,3,7,14,0,5,11,0,5,12,11,3,10,0,7,0,10,9,12,1,12,10,6,0,9,9,9,7,5,9,7,0,7,3,9,0,14,3,5,0,12,12,21,9,15,10,9,0,9,9,0,10,10,10,7,0,0,0,0,0,0,0,0
10,3,7,14,0,5,11,0,5,12,11,3,10,0,7,5,10,9,12,1,12,10,6,7,9,9,9,7,5,9,7,3,7,3,9,0,14,3,5,1,12,12,21,9,15,10,9,7,9,9,0,10,10,10,7,9,0,0,0,0,0,0,0,0
3,7,14,0,5,11,0,0,12,11,3,10,0,7,5,0,9,12,1,12,10,6,7,0,9,9,7,5,9,7,3,0,3,9,0,14,3,5,1,0,12,21,9,15,10,9,7,0,9,0,10,10,10,7,9,0,0,0,0,0,0,0,0,0
0,0,0,0,0,0,0,0,0,0,0,0,0,0,0,0,0,0,5,3,1,0,9,0,0,0,1,14,9,0,3,0,0,0,0,7,15,0,3,0,0,1,7,0,0,7,9,0,0,12,11,9,3,9,0,0,0,1,7,7,5,0,0,0
0,0,0,0,0,0,0,0,0,0,0,0,0,0,0,0,0,5,3,1,0,9,0,0,0,1,14,9,0,3,0,0,0,0,7,15,0,3,0,0,1,7,0,0,7,9,0,0,12,11,9,3,9,0,0,0,1,7,7,5,0,0,0,0
0,0,0,0,0,0,0,0,0,0,0,0,0,0,0,0,5,3,1,0,9,0,0,0,1,14,9,0,3,0,0,0,0,7,15,0,3,0,0,0,7,0,0,7,9,0,0,0,11,9,3,9,0,0,0,0,7,7,5,0,0,0,0,0
0,0,0,0,0,0,0,0,0,0,5,3,1,0,9,0,0,0,1,14,9,0,3,0,0,0,0,7,15,0,3,0,0,1,7,0,0,7,9,0,0,12,11,9,3,9,0,0,0,1,7,7,5,0,0,0,0,7,0,3,0,0,0,0
0,0,0,0,0,0,0,0,0,5,3,1,0,9,0,0,0,1,14,9,0,3,0,0,0,0,7,15,0,3,0,0,1,7,0,0,7,9,0,0,12,11,9,3,9,0,0,0,1,7,7,5,0,0,0,0,7,0,3,0,0,0,0,0
0,0,0,0,0,0,0,0,5,3,1,0,9,0,0,0,1,14,9,0,3,0,0,0,0,7,15,0,3,0,0,0,7,0,0,7,9,0,0,0,11,9,3,9,0,0,0,0,7,7,5,0,0,0,0,0,0,3,0,0,0,0,0,0
0,0,5,3,1,0,9,0,0,0,1,14,9,0,3,0,0,0,0,7,15,0,3,0,0,1,7,0,0,7,9,0,0,12,11,9,3,9,0,0,0,1,7,7,5,0,0,0,0,7,0,3,0,0,0,0,0,0,0,0,0,0,0,0
0,5,3,1,0,9,0,0,0,1,14,9,0,3,0,0,0,0,7,15,0,3,0,0,1,7,0,0,7,9,0,0,12,11,9,3,9,0,0,0,1,7,7,5,0,0,0,0,7,0,3,0,0,0,0,0,0,0,0,0,0,0,0,0
5,3,1,0,9,0,0,0,1,14,9,0,3,0,0,0,0,7,15,0,3,0,0,0,7,0,0,7,9,0,0,0,11,9,3,9,0,0,0,0,7,7,5,0,0,0,0,0,0,3,0,0,0,0,0,0,0,0,0,0,0,0,0,0
0,0,0,0,0,0,0,0,0,0,0,0,0,0,0,0,0,0,0,0,0,0,0,0,0,0,0,0,0,0,0,0,0,0,0,0,0,0,0,0,0,0,0,0,0,0,0,0,0,0,0,0,0,0,0,0,0,0,0,0,0,0,0,0
0,0,0,0,0,0,0,0,0,0,0,0,0,0,0,0,0,0,0,0,0,0,0,0,0,0,0,0,0,0,0,0,0,0,0,0,0,0,0,0,0,0,0,0,0,0,0,0,0,0,0,0,0,0,0,0,0,0,0,0,0,0,0,0
0,0,0,0,0,0,0,0,0,0,0,0,0,0,0,0,0,0,0,0,0,0,0,0,0,0,0,0,0,0,0,0,0,0,0,0,0,0,0,0,0,0,0,0,0,0,0,0,0,0,0,0,0,0,0,0,0,0,0,0,0,0,0,0
0,0,0,0,0,0,0,0,0,0,0,0,0,0,0,0,0,0,0,0,0,0,0,0,0,0,0,0,0,0,0,0,0,0,0,0,0,0,0,0,0,0,0,0,0,0,0,0,0,0,0,0,0,0,0,0,0,0,0,0,0,0,0,0
0,0,0,0,0,0,0,0,0,0,0,0,0,0,0,0,0,0,0,0,0,0,0,0,0,0,0,0,0,0,0,0,0,0,0,0,0,0,0,0,0,0,0,0,0,0,0,0,0,0,0,0,0,0,0,0,0,0,0,0,0,0,0,0
0,0,0,0,0,0,0,0,0,0,0,0,0,0,0,0,0,0,0,0,0,0,0,0,0,0,0,0,0,0,0,0,0,0,0,0,0,0,0,0,0,0,0,0,0,0,0,0,0,0,0,0,0,0,0,0,0,0,0,0,0,0,0,0
0,0,0,0,0,0,0,0,0,0,0,0,0,0,0,0,0,0,0,0,0,0,0,0,0,0,0,0,0,0,0,0,0,0,0,0,0,0,0,0,0,0,0,0,0,0,0,0,0,0,0,0,0,0,0,0,0,0,0,0,0,0,0,0
0,0,0,0,0,0,0,0,0,0,0,0,0,0,0,0,0,0,0,0,0,0,0,0,0,0,0,0,0,0,0,0,0,0,0,0,0,0,0,0,0,0,0,0,0,0,0,0,0,0,0,0,0,0,0,0,0,0,0,0,0,0,0,0
0,0,0,0,0,0,0,0,0,0,0,0,0,0,0,0,0,0,0,0,0,0,0,0,0,0,0,0,0,0,0,0,0,0,0,0,0,0,0,0,0,0,0,0,0,0,0,0,0,0,0,0,0,0,0,0,0,0,0,0,0,0,0,0
0,0,0,0,0,0,0,0,0,0,0,0,0,0,0,0,0,0,0,0,0,0,3,0,0,0,3,0,1,0,3,0,0,0,0,0,3,0,5,0,0,0,0,1,0,0,0,0,0,0,0,0,0,0,0,0,0,0,0,0,0,0,0,0
0,0,0,0,0,0,0,0,0,0,0,0,0,0,0,0,0,0,0,0,0,3,0,0,0,3,0,1,0,3,0,0,0,0,0,3,0,5,0,0,0,0,1,0,0,0,0,0,0,0,0,0,0,0,0,0,0,0,0,0,0,0,0,1
0,0,0,0,0,0,0,0,0,0,0,0,0,0,0,0,0,0,0,0,3,0,0,0,3,0,1,0,3,0,0,0,0,0,3,0,5,0,0,0,0,1,0,0,0,0,0,0,0,0,0,0,0,0,0,0,0,0,0,0,0,0,1,0
0,0,0,0,0,0,0,0,0,0,0,0,0,0,3,0,0,0,3,0,1,0,3,0,0,0,0,0,3,0,5,0,0,0,0,1,0,0,0,0,0,0,0,0,0,0,0,0,0,0,0,0,0,0,0,0,0,0,1,0,0,0,0,0
0,0,0,0,0,0,0,0,0,0,0,0,0,3,0,0,0,3,0,1,0,3,0,0,0,0,0,3,0,5,0,0,0,0,1,0,0,0,0,0,0,0,0,0,0,0,0,0,0,0,0,0,0,0,0,1,0,1,0,0,0,0,0,0
0,0,0,0,0,0,0,0,0,0,0,0,3,0,0,0,3,0,1,0,3,0,0,0,0,0,3,0,5,0,0,0,0,1,0,0,0,0,0,0,0,0,0,0,0,0,0,0,0,0,0,0,0,0,1,0,1,0,0,0,0,0,0,0
0,0,0,0,0,0,3,0,0,0,3,0,1,0,3,0,0,0,0,0,3,0,5,0,0,0,0,1,0,0,0,0,0,0,0,0,0,0,0,0,0,0,0,0,0,0,0,0,0,0,1,0,0,0,0,0,0,0,0,0,0,0,0,0
0,0,0,0,0,3,0,0,0,3,0,1,0,3,0,0,0,0,0,3,0,5,0,0,0,0,1,0,0,0,0,0,0,0,0,0,0,0,0,0,0,0,0,0,0,0,0,1,0,1,0,0,0,0,0,0,0,0,0,0,0,0,0,0
0,0,0,0,3,0,0,0,3,0,1,0,3,0,0,0,0,0,3,0,5,0,0,0,0,1,0,0,0,0,0,0,0,0,0,0,0,0,0,0,0,0,0,0,0,0,1,0,1,0,0,0,0,0,0,0,0,0,0,0,0,0,0,0
0,0,0,0,0,0,0,0,0,0,0,0,0,0,0,0,0,0,0,0,0,0,0,0,0,0,0,0,0,0,0,0,0,0,0,0,0,0,0,0,0,0,0,0,0,0,0,3,0,0,0,0,0,0,0,0,0,0,0,0,0,0,0,0
0,0,0,0,0,0,0,0,0,0,0,0,0,0,0,0,0,0,0,0,0,0,0,0,0,0,0,0,0,0,0,0,0,0,0,0,0,0,0,0,0,0,0,0,0,0,3,0,0,0,0,0,0,0,0,0,0,0,0,0,0,0,0,0
0,0,0,0,0,0,0,0,0,0,0,0,0,0,0,0,0,0,0,0,0,0,0,0,0,0,0,0,0,0,0,0,0,0,0,0,0,0,0,0,0,0,0,0,0,3,0,0,0,0,0,0,0,0,0,0,0,0,0,0,0,0,0,0
0,0,0,0,0,0,0,0,0,0,0,0,0,0,0,0,0,0,0,0,0,0,0,0,0,0,0,0,0,0,0,0,0,0,0,0,0,0,0,3,0,0,0,0,0,0,0,0,0,0,0,0,0,0,0,0,0,3,1,0,0,0,0,0
0,0,0,0,0,0,0,0,0,0,0,0,0,0,0,0,0,0,0,0,0,0,0,0,0,0,0,0,0,0,0,0,0,0,0,0,0,0,3,0,0,0,0,0,0,0,0,0,0,0,0,0,0,0,0,0,3,1,0,0,0,0,0,3
0,0,0,0,0,0,0,0,0,0,0,0,0,0,0,0,0,0,0,0,0,0,0,0,0,0,0,0,0,0,0,0,0,0,0,0,0,3,0,0,0,0,0,0,0,0,0,0,0,0,0,0,0,0,0,0,1,0,0,0,0,0,3,0
0,0,0,0,0,0,0,0,0,0,0,0,0,0,0,0,0,0,0,0,0,0,0,0,0,0,0,0,0,0,0,3,0,0,0,0,0,0,0,0,0,0,0,0,0,0,0,0,0,3,1,0,0,0,0,0,0,0,0,0,0,0,0,0
0,0,0,0,0,0,0,0,0,0,0,0,0,0,0,0,0,0,0,0,0,0,0,0,0,0,0,0,0,0,3,0,0,0,0,0,0,0,0,0,0,0,0,0,0,0,0,0,3,1,0,0,0,0,0,3,0,0,0,0,0,0,0,0
0,0,0,0,0,0,0,0,0,0,0,0,0,0,0,0,0,0,0,0,0,0,0,0,0,0,0,0,0,3,0,0,0,0,0,0,0,0,0,0,0,0,0,0,0,0,0,0,1,0,0,0,0,0,3,0,0,0,0,0,0,0,0,0
0,0,0,0,0,0,0,0,0,0,0,0,0,0,0,0,0,0,0,0,0,0,0,0,0,0,0,0,0,0,0,0,0,0,0,3,0,0,0,0,0,0,0,0,7,0,6,0,0,3,0,0,0,0,0,0,0,0,3,0,0,0,0,0
0,0,0,0,0,0,0,0,0,0,0,0,0,0,0,0,0,0,0,0,0,0,0,0,0,0,0,0,0,0,0,0,0,0,3,0,0,0,0,0,0,0,0,7,0,6,0,0,3,0,0,0,0,0,0,0,0,3,0,0,0,0,0,0
0,0,0,0,0,0,0,0,0,0,0,0,0,0,0,0,0,0,0,0,0,0,0,0,0,0,0,0,0,0,0,0,0,3,0,0,0,0,0,0,0,0,7,0,6,0,0,0,0,0,0,0,0,0,0,0,3,0,0,0,0,0,0,0
0,0,0,0,0,0,0,0,0,0,0,0,0,0,0,0,0,0,0,0,0,0,0,0,0,0,0,3,0,0,0,0,0,0,0,0,7,0,6,0,0,3,0,0,0,0,0,0,0,0,3,0,0,0,0,0,0,0,1,7,0,0,0,0
0,0,0,0,0,0,0,0,0,0,0,0,0,0,0,0,0,0,0,0,0,0,0,0,0,0,3,0,0,0,0,0,0,0,0,7,0,6,0,0,3,0,0,0,0,0,0,0,0,3,0,0,0,0,0,0,0,1,7,0,0,0,0,0
0,0,0,0,0,0,0,0,0,0,0,0,0,0,0,0,0,0,0,0,0,0,0,0,0,3,0,0,0,0,0,0,0,0,7,0,6,0,0,0,0,0,0,0,0,0,0,0,3,0,0,0,0,0,0,0,1,7,0,0,0,0,0,0
0,0,0,0,0,0,0,0,0,0,0,0,0,0,0,0,0,0,0,3,0,0,0,0,0,0,0,0,7,0,6,0,0,3,0,0,0,0,0,0,0,0,3,0,0,0,0,0,0,0,1,7,0,0,0,0,0,0,0,0,0,0,0,0
0,0,0,0,0,0,0,0,0,0,0,0,0,0,0,0,0,0,3,0,0,0,0,0,0,0,0,7,0,6,0,0,3,0,0,0,0,0,0,0,0,3,0,0,0,0,0,0,0,1,7,0,0,0,0,0,0,0,0,0,0,0,0,0
0,0,0,0,0,0,0,0,0,0,0,0,0,0,0,0,0,3,0,0,0,0,0,0,0,0,7,0,6,0,0,0,0,0,0,0,0,0,0,0,3,0,0,0,0,0,0,0,1,7,0,0,0,0,0,0,0,0,0,0,0,0,0,0
0,0,0,0,0,0,0,0,0,0,0,0,0,0,0,0,0,0,0,0,1,0,0,0,0,0,0,0,0,0,0,0,0,1,0,0,0,0,0,0,0,0,0,0,0,0,0,0,0,0,0,0,0,0,0,0,0,0,0,0,0,0,0,0
0,0,0,0,0,0,0,0,0,0,0,0,0,0,0,0,0,0,0,1,0,0,0,0,0,0,0,0,0,0,0,0,1,0,0,0,0,0,0,0,0,0,0,0,0,0,0,0,0,0,0,0,0,0,0,0,0,0,0,0,0,0,0,0
0,0,0,0,0,0,0,0,0,0,0,0,0,0,0,0,0,0,1,0,0,0,0,0,0,0,0,0,0,0,0,0,0,0,0,0,0,0,0,0,0,0,0,0,0,0,0,0,0,0,0,0,0,0,0,0,0,0,0,0,0,0,0,0
0,0,0,0,0,0,0,0,0,0,0,0,1,0,0,0,0,0,0,0,0,0,0,0,0,1,0,0,0,0,0,0,0,0,0,0,0,0,0,0,0,0,0,0,0,0,0,0,0,0,0,0,0,0,0,0,0,0,0,0,3,0,0,0
0,0,0,0,0,0,0,0,0,0,0,1,0,0,0,0,0,0,0,0,0,0,0,0,1,0,0,0,0,0,0,0,0,0,0,0,0,0,0,0,0,0,0,0,0,0,0,0,0,0,0,0,0,0,0,0,0,0,0,3,0,0,0,0
0,0,0,0,0,0,0,0,0,0,1,0,0,0,0,0,0,0,0,0,0,0,0,0,0,0,0,0,0,0,0,0,0,0,0,0,0,0,0,0,0,0,0,0,0,0,0,0,0,0,0,0,0,0,0,0,0,0,3,0,0,0,0,0
0,0,0,0,1,0,0,0,0,0,0,0,0,0,0,0,0,1,0,0,0,0,0,0,0,0,0,0,0,0,0,0,0,0,0,0,0,0,0,0,0,0,0,0,0,0,0,0,0,0,0,0,3,0,0,0,0,0,0,0,0,0,0,0
0,0,0,1,0,0,0,0,0,0,0,0,0,0,0,0,1,0,0,0,0,0,0,0,0,0,0,0,0,0,0,0,0,0,0,0,0,0,0,0,0,0,0,0,0,0,0,0,0,0,0,3,0,0,0,0,0,0,0,0,0,0,0,0
0,0,1,0,0,0,0,0,0,0,0,0,0,0,0,0,0,0,0,0,0,0,0,0,0,0,0,0,0,0,0,0,0,0,0,0,0,0,0,0,0,0,0,0,0,0,0,0,0,0,3,0,0,0,0,0,0,0,0,0,0,0,0,0
0,0,0,0,0,0,0,0,0,7,3,5,5,3,1,3,0,5,0,0,0,5,3,9,0,0,0,0,0,7,1,7,0,1,7,3,6,7,15,7,0,1,0,0,11,3,1,7,0,11,9,0,0,0,7,0,0,7,11,12,12,7,9,0
0,0,0,0,0,0,0,0,7,3,5,5,3,1,3,1,5,0,0,0,5,3,9,0,0,0,0,0,7,1,7,7,1,7,3,6,7,15,7,3,1,0,0,11,3,1,7,5,11,9,0,0,0,7,0,0,7,11,12,12,7,9,0,3
0,0,0,0,0,0,0,0,3,5,5,3,1,3,1,0,0,0,0,5,3,9,0,0,0,0,0,7,1,7,7,0,7,3,6,7,15,7,3,0,0,0,11,3,1,7,5,0,9,0,0,0,7,0,0,0,11,12,12,7,9,0,3,0
0,7,3,5,5,3,1,3,0,5,0,0,0,5,3,9,0,0,0,0,0,7,1,7,0,1,7,3,6,7,15,7,0,1,0,0,11,3,1,7,0,11,9,0,0,0,7,0,0,7,11,12,12,7,9,0,0,7,9,7,9,7,7,12
7,3,5,5,3,1,3,1,5,0,0,0,5,3,9,0,0,0,0,0,7,1,7,7,1,7,3,6,7,15,7,3,1,0,0,11,3,1,7,5,11,9,0,0,0,7,0,0,7,11,12,12,7,9,0,3,7,9,7,9,7,7,12,7
3,5,5,3,1,3,1,0,0,0,0,5,3,9,0,0,0,0,0,7,1,7,7,0,7,3,6,7,15,7,3,0,0,0,11,3,1,7,5,0,9,0,0,0,7,0,0,0,11,12,12,7,9,0,3,0,9,7,9,7,7,12,7,0
0,5,0,0,0,5,3,9,0,0,0,0,0,7,1,7,0,1,7,3,6,7,15,7,0,1,0,0,11,3,1,7,0,11,9,0,0,0,7,0,0,7,11,12,12,7,9,0,0,7,9,7,9,7,7,12,0,0,0,0,0,0,0,0
5,0,0,0,5,3,9,0,0,0,0,0,7,1,7,7,1,7,3,6,7,15,7,3,1,0,0,11,3,1,7,5,11,9,0,0,0,7,0,0,7,11,12,12,7,9,0,3,7,9,7,9,7,7,12,7,0,0,0,0,0,0,0,0
0,0,0,5,3,9,0,0,0,0,0,7,1,7,7,0,7,3,6,7,15,7,3,0,0,0,11,3,1,7,5,0,9,0,0,0,7,0,0,0,11,12,12,7,9,0,3,0,9,7,9,7,7,12,7,0,0,0,0,0,0,0,0,0
0,0,0,0,0,0,0,0,0,0,0,0,0,0,0,0,0,0,0,0,0,0,0,0,0,0,0,0,0,0,0,0,0,0,0,0,0,0,0,0,0,0,0,0,0,0,0,0,0,0,15,0,0,5,0,0,0,0,0,25,0,0,0,0
0,0,0,0,0,0,0,0,0,0,0,0,0,0,0,0,0,0,0,0,0,0,0,0,0,0,0,0,0,0,0,0,0,0,0,0,0,0,0,0,0,0,0,0,0,0,0,0,0,15,0,0,5,0,0,0,0,0,25,0,0,0,0,0
0,0,0,0,0,0,0,0,0,0,0,0,0,0,0,0,0,0,0,0,0,0,0,0,0,0,0,0,0,0,0,0,0,0,0,0,0,0,0,0,0,0,0,0,0,0,0,0,15,0,0,5,0,0,0,0,0,25,0,0,0,0,0,0
0,0,0,0,0,0,0,0,0,0,0,0,0,0,0,0,0,0,0,0,0,0,0,0,0,0,0,0,0,0,0,0,0,0,0,0,0,0,0,0,0,0,15,0,0,5,0,0,0,0,0,25,0,0,0,0,0,0,0,0,0,0,0,0
0,0,0,0,0,0,0,0,0,0,0,0,0,0,0,0,0,0,0,0,0,0,0,0,0,0,0,0,0,0,0,0,0,0,0,0,0,0,0,0,0,15,0,0,5,0,0,0,0,0,25,0,0,0,0,0,0,0,0,0,0,0,0,0
0,0,0,0,0,0,0,0,0,0,0,0,0,0,0,0,0,0,0,0,0,0,0,0,0,0,0,0,0,0,0,0,0,0,0,0,0,0,0,0,15,0,0,5,0,0,0,0,0,25,0,0,0,0,0,0,0,0,0,0,0,0,0,0
0,0,0,0,0,0,0,0,0,0,0,0,0,0,0,0,0,0,0,0,0,0,0,0,0,0,0,0,0,0,0,0,0,0,15,0,0,5,0,0,0,0,0,25,0,0,0,0,0,0,0,0,0,0,0,0,0,0,0,0,0,0,0,0
0,0,0,0,0,0,0,0,0,0,0,0,0,0,0,0,0,0,0,0,0,0,0,0,0,0,0,0,0,0,0,0,0,15,0,0,5,0,0,0,0,0,25,0,0,0,0,0,0,0,0,0,0,0,0,0,0,0,0,0,0,0,0,0
0,0,0,0,0,0,0,0,0,0,0,0,0,0,0,0,0,0,0,0,0,0,0,0,0,0,0,0,0,0,0,0,15,0,0,5,0,0,0,0,0,25,0,0,0,0,0,0,0,0,0,0,0,0,0,0,0,0,0,0,0,0,0,0
0,0,0,0,0,0,0,0,0,0,0,0,0,0,0,0,0,0,0,0,0,0,0,0,0,0,0,0,0,0,0,0,0,0,0,0,0,0,0,0,0,1,0,0,0,0,0,0,0,0,0,3,0,0,0,0,0,0,0,0,0,0,0,0
0,0,0,0,0,0,0,0,0,0,0,0,0,0,0,0,0,0,0,0,0,0,0,0,0,0,0,0,0,0,0,0,0,0,0,0,0,0,0,0,1,0,0,0,0,0,0,0,0,0,3,0,0,0,0,0,0,0,0,0,0,0,0,0
0,0,0,0,0,0,0,0,0,0,0,0,0,0,0,0,0,0,0,0,0,0,0,0,0,0,0,0,0,0,0,0,0,0,0,0,0,0,0,0,0,0,0,0,0,0,0,0,0,3,0,0,0,0,0,0,0,0,0,0,0,0,0,0
0,0,0,0,0,0,0,0,0,0,0,0,0,0,0,0,0,0,0,0,0,0,0,0,0,0,0,0,0,0,0,0,0,1,0,0,0,0,0,0,0,0,0,3,0,0,0,0,0,0,0,0,0,0,0,0,0,0,0,0,0,0,0,0
0,0,0,0,0,0,0,0,0,0,0,0,0,0,0,0,0,0,0,0,0,0,0,0,0,0,0,0,0,0,0,0,1,0,0,0,0,0,0,0,0,0,3,0,0,0,0,0,0,0,0,0,0,0,0,0,0,0,0,0,0,0,0,0
0,0,0,0,0,0,0,0,0,0,0,0,0,0,0,0,0,0,0,0,0,0,0,0,0,0,0,0,0,0,0,0,0,0,0,0,0,0,0,0,0,3,0,0,0,0,0,0,0,0,0,0,0,0,0,0,0,0,0,0,0,0,0,0
0,0,0,0,0,0,0,0,0,0,0,0,0,0,0,0,0,0,0,0,0,0,0,0,0,1,0,0,0,0,0,0,0,0,0,3,0,0,0,0,0,0,0,0,0,0,0,0,0,0,0,0,0,0,0,0,0,0,0,0,0,0,0,0
0,0,0,0,0,0,0,0,0,0,0,0,0,0,0,0,0,0,0,0,0,0,0,0,1,0,0,0,0,0,0,0,0,0,3,0,0,0,0,0,0,0,0,0,0,0,0,0,0,0,0,0,0,0,0,0,0,0,0,0,0,0,0,0
0,0,0,0,0,0,0,0,0,0,0,0,0,0,0,0,0,0,0,0,0,0,0,0,0,0,0,0,0,0,0,0,0,3,0,0,0,0,0,0,0,0,0,0,0,0,0,0,0,0,0,0,0,0,0,0,0,0,0,0,0,0,0,0
0,0,0,0,0,0,0,0,0,0,0,0,0,0,0,0,0,0,0,0,6,5,6,7,0,3,0,6,0,6,3,3,0,3,0,1,0,3,0,6,0,0,1,0,0,5,0,9,0,0,0,0,0,1,7,7,0,3,0,0,18,10,9,11
0,0,0,0,0,0,0,0,0,0,0,0,0,0,0,0,0,0,0,6,5,6,7,0,3,0,6,0,6,3,3,3,3,0,1,0,3,0,6,12,0,1,0,0,5,0,9,1,0,0,0,0,1,7,7,13,3,0,0,18,10,9,11,11
0,0,0,0,0,0,0,0,0,0,0,0,0,0,0,0,0,0,6,5,6,7,0,0,0,6,0,6,3,3,3,0,0,1,0,3,0,6,12,0,1,0,0,5,0,9,1,0,0,0,0,1,7,7,13,0,0,0,18,10,9,11,11,0
0,0,0,0,0,0,0,0,0,0,0,0,6,5,6,7,0,3,0,6,0,6,3,3,0,3,0,1,0,3,0,6,0,0,1,0,0,5,0,9,0,0,0,0,0,1,7,7,0,3,0,0,18,10,9,11,0,3,3,0,3,0,1,5
0,0,0,0,0,0,0,0,0,0,0,6,5,6,7,0,3,0,6,0,6,3,3,3,3,0,1,0,3,0,6,12,0,1,0,0,5,0,9,1,0,0,0,0,1,7,7,13,3,0,0,18,10,9,11,11,3,3,0,3,0,1,5,3
0,0,0,0,0,0,0,0,0,0,6,5,6,7,0,0,0,6,0,6,3,3,3,0,0,1,0,3,0,6,12,0,1,0,0,5,0,9,1,0,0,0,0,1,7,7,13,0,0,0,18,10,9,11,11,0,3,0,3,0,1,5,3,0
0,0,0,0,6,5,6,7,0,3,0,6,0,6,3,3,0,3,0,1,0,3,0,6,0,0,1,0,0,5,0,9,0,0,0,0,0,1,7,7,0,3,0,0,18,10,9,11,0,3,3,0,3,0,1,5,0,0,0,0,0,0,0,0
0,0,0,6,5,6,7,0,3,0,6,0,6,3,3,3,3,0,1,0,3,0,6,12,0,1,0,0,5,0,9,1,0,0,0,0,1,7,7,13,3,0,0,18,10,9,11,11,3,3,0,3,0,1,5,3,0,0,0,0,0,0,0,0
0,0,6,5,6,7,0,0,0,6,0,6,3,3,3,0,0,1,0,3,0,6,12,0,1,0,0,5,0,9,1,0,0,0,0,1,7,7,13,0,0,0,18,10,9,11,11,0,3,0,3,0,1,5,3,0,0,0,0,0,0,0,0,0
0,0,0,0,0,0,0,0,0,0,0,0,0,0,3,3,0,0,11,9,0,14,1,0,0,1,9,13,7,5,6,9,0,0,0,17,9,0,3,11,0,3,0,0,7,5,10,10,0,9,1,10,17,0,12,10,0,7,0,0,3,6,5,1
0,0,0,0,0,0,0,0,0,0,0,0,0,3,3,6,0,11,9,0,14,1,0,19,1,9,13,7,5,6,9,7,0,0,17,9,0,3,11,0,3,0,0,7,5,10,10,7,9,1,10,17,0,12,10,1,7,0,0,3,6,5,1,7
0,0,0,0,0,0,0,0,0,0,0,0,3,3,6,0,11,9,0,14,1,0,19,0,9,13,7,5,6,9,7,0,0,17,9,0,3,11,0,0,0,0,7,5,10,10,7,0,1,10,17,0,12,10,1,0,0,0,3,6,5,1,7,0
0,0,0,0,0,0,3,3,0,0,11,9,0,14,1,0,0,1,9,13,7,5,6,9,0,0,0,17,9,0,3,11,0,3,0,0,7,5,10,10,0,9,1,10,17,0,12,10,0,7,0,0,3,6,5,1,0,3,12,10,7,7,6,7
0,0,0,0,0,3,3,6,0,11,9,0,14,1,0,19,1,9,13,7,5,6,9,7,0,0,17,9,0,3,11,0,3,0,0,7,5,10,10,7,9,1,10,17,0,12,10,1,7,0,0,3,6,5,1,7,3,12,10,7,7,6,7,7
0,0,0,0,3,3,6,0,11,9,0,14,1,0,19,0,9,13,7,5,6,9,7,0,0,17,9,0,3,11,0,0,0,0,7,5,10,10,7,0,1,10,17,0,12,10,1,0,0,0,3,6,5,1,7,0,12,10,7,7,6,7,7,0
0,0,11,9,0,14,1,0,0,1,9,13,7,5,6,9,0,0,0,17,9,0,3,11,0,3,0,0,7,5,10,10,0,9,1,10,17,0,12,10,0,7,0,0,3,6,5,1,0,3,12,10,7,7,6,7,0,0,0,0,0,0,0,0
0,11,9,0,14,1,0,19,1,9,13,7,5,6,9,7,0,0,17,9,0,3,11,0,3,0,0,7,5,10,10,7,9,1,10,17,0,12,10,1,7,0,0,3,6,5,1,7,3,12,10,7,7,6,7,7,0,0,0,0,0,0,0,0
11,9,0,14,1,0,19,0,9,13,7,5,6,9,7,0,0,17,9,0,3,11,0,0,0,0,7,5,10,10,7,0,1,10,17,0,12,10,1,0,0,0,3,6,5,1,7,0,12,10,7,7,6,7,7,0,0,0,0,0,0,0,0,0
0,0,0,0,0,0,0,0,0,0,0,0,0,0,0,0,0,0,0,0,0,0,0,3,0,0,0,0,0,3,0,0,0,0,0,0,0,6,0,0,0,0,0,0,0,0,0,0,0,0,0,0,0,0,0,0,0,0,0,0,0,0,0,0
0,0,0,0,0,0,0,0,0,0,0,0,0,0,0,0,0,0,0,0,0,0,3,5,0,0,0,0,3,0,0,0,0,0,0,0,6,0,0,0,0,0,0,0,0,0,0,1,0,0,0,0,0,0,0,0,0,0,0,0,0,0,0,0
0,0,0,0,0,0,0,0,0,0,0,0,0,0,0,0,0,0,0,0,0,3,5,0,0,0,0,3,0,0,0,0,0,0,0,6,0,0,0,0,0,0,0,0,0,0,1,0,0,0,0,0,0,0,0,0,0,0,0,0,0,0,0,0
0,0,0,0,0,0,0,0,0,0,0,0,0,0,0,3,0,0,0,0,0,3,0,0,0,0,0,0,0,6,0,0,0,0,0,0,0,0,0,0,0,0,0,0,0,0,0,0,0,0,0,0,0,0,0,0,0,0,0,0,0,0,0,0
0,0,0,0,0,0,0,0,0,0,0,0,0,0,3,5,0,0,0,0,3,0,0,0,0,0,0,0,6,0,0,0,0,0,0,0,0,0,0,1,0,0,0,0,0,0,0,0,0,0,0,0,0,0,0,0,0,0,0,0,0,0,0,0
0,0,0,0,0,0,0,0,0,0,0,0,0,3,5,0,0,0,0,3,0,0,0,0,0,0,0,6,0,0,0,0,0,0,0,0,0,0,1,0,0,0,0,0,0,0,0,0,0,0,0,0,0,0,0,0,0,0,0,0,0,0,0,0
0,0,0,0,0,0,0,3,0,0,0,0,0,3,0,0,0,0,0,0,0,6,0,0,0,0,0,0,0,0,0,0,0,0,0,0,0,0,0,0,0,0,0,0,0,0,0,0,0,0,0,0,0,0,0,0,0,0,0,0,0,0,0,0
0,0,0,0,0,0,3,5,0,0,0,0,3,0,0,0,0,0,0,0,6,0,0,0,0,0,0,0,0,0,0,1,0,0,0,0,0,0,0,0,0,0,0,0,0,0,0,0,0,0,0,0,0,0,0,0,0,0,0,0,0,0,0,0
0,0,0,0,0,3,5,0,0,0,0,3,0,0,0,0,0,0,0,6,0,0,0,0,0,0,0,0,0,0,1,0,0,0,0,0,0,0,0,0,0,0,0,0,0,0,0,0,0,0,0,0,0,0,0,0,0,0,0,0,0,0,0,0
0,0,0,0,0,0,0,0,0,3,0,0,0,0,0,0,0,3,0,0,0,3,0,3,0,0,5,0,0,9,0,7,0,0,0,0,0,0,0,6,0,0,0,0,0,0,0,6,0,0,0,0,3,0,7,7,0,0,0,0,3,5,6,7
0,0,0,0,0,0,0,0,3,0,0,0,0,0,0,0,3,0,0,0,3,0,3,3,0,5,0,0,9,0,7,13,0,0,0,0,0,0,6,9,0,0,0,0,0,0,6,6,0,0,0,3,0,7,7,1,0,0,0,3,5,6,7,3
0,0,0,0,0,0,0,0,0,0,0,0,0,0,0,0,0,0,0,3,0,3,3,0,5,0,0,9,0,7,13,0,0,0,0,0,0,6,9,0,0,0,0,0,0,6,6,0,0,0,3,0,7,7,1,0,0,0,3,5,6,7,3,0
0,3,0,0,0,0,0,0,0,3,0,0,0,3,0,3,0,0,5,0,0,9,0,7,0,0,0,0,0,0,0,6,0,0,0,0,0,0,0,6,0,0,0,0,3,0,7,7,0,0,0,0,3,5,6,7,0,0,0,0,7,3,7,0
3,0,0,0,0,0,0,0,3,0,0,0,3,0,3,3,0,5,0,0,9,0,7,13,0,0,0,0,0,0,6,9,0,0,0,0,0,0,6,6,0,0,0,3,0,7,7,1,0,0,0,3,5,6,7,3,0,0,0,7,3,7,0,0
0,0,0,0,0,0,0,0,0,0,0,3,0,3,3,0,5,0,0,9,0,7,13,0,0,0,0,0,0,6,9,0,0,0,0,0,0,6,6,0,0,0,3,0,7,7,1,0,0,0,3,5,6,7,3,0,0,0,7,3,7,0,0,0
0,3,0,0,0,3,0,3,0,0,5,0,0,9,0,7,0,0,0,0,0,0,0,6,0,0,0,0,0,0,0,6,0,0,0,0,3,0,7,7,0,0,0,0,3,5,6,7,0,0,0,0,7,3,7,0,0,0,0,0,0,0,0,0
3,0,0,0,3,0,3,3,0,5,0,0,9,0,7,13,0,0,0,0,0,0,6,9,0,0,0,0,0,0,6,6,0,0,0,3,0,7,7,1,0,0,0,3,5,6,7,3,0,0,0,7,3,7,0,0,0,0,0,0,0,0,0,0
0,0,0,3,0,3,3,0,5,0,0,9,0,7,13,0,0,0,0,0,0,6,9,0,0,0,0,0,0,6,6,0,0,0,3,0,7,7,1,0,0,0,3,5,6,7,3,0,0,0,7,3,7,0,0,0,0,0,0,0,0,0,0,0
0,0,0,0,0,0,0,0,0,0,0,0,0,0,3,5,0,0,9,0,1,14,0,0,0,0,0,0,0,0,3,0,0,0,0,9,0,0,0,0,0,6,0,0,0,0,3,0,0,3,0,0,0,0,0,0,0,0,0,0,0,0,0,0
0,0,0,0,0,0,0,0,0,0,0,0,0,3,5,3,0,9,0,1,14,0,0,7,0,0,0,0,0,3,0,0,0,0,9,0,0,0,0,0,6,0,0,0,0,3,0,0,3,0,0,0,0,0,0,3,0,0,0,0,0,0,0,0
0,0,0,0,0,0,0,0,0,0,0,0,3,5,3,0,9,0,1,14,0,0,7,0,0,0,0,0,3,0,0,0,0,9,0,0,0,0,0,0,0,0,0,0,3,0,0,0,0,0,0,0,0,0,3,0,0,0,0,0,0,0,0,0
0,0,0,0,0,0,3,5,0,0,9,0,1,14,0,0,0,0,0,0,0,0,3,0,0,0,0,9,0,0,0,0,0,6,0,0,0,0,3,0,0,3,0,0,0,0,0,0,0,0,0,0,0,0,0,0,0,0,0,0,0,0,0,0
0,0,0,0,0,3,5,3,0,9,0,1,14,0,0,7,0,0,0,0,0,3,0,0,0,0,9,0,0,0,0,0,6,0,0,0,0,3,0,0,3,0,0,0,0,0,0,3,0,0,0,0,0,0,0,0,0,0,0,0,0,0,0,0
0,0,0,0,3,5,3,0,9,0,1,14,0,0,7,0,0,0,0,0,3,0,0,0,0,9,0,0,0,0,0,0,0,0,0,0,3,0,0,0,0,0,0,0,0,0,3,0,0,0,0,0,0,0,0,0,0,0,0,0,0,0,0,0
0,0,9,0,1,14,0,0,0,0,0,0,0,0,3,0,0,0,0,9,0,0,0,0,0,6,0,0,0,0,3,0,0,3,0,0,0,0,0,0,0,0,0,0,0,0,0,0,0,0,0,0,0,0,0,0,0,0,0,0,0,0,0,0
0,9,0,1,14,0,0,7,0,0,0,0,0,3,0,0,0,0,9,0,0,0,0,0,6,0,0,0,0,3,0,0,3,0,0,0,0,0,0,3,0,0,0,0,0,0,0,0,0,0,0,0,0,0,0,0,0,0,0,0,0,0,0,0
9,0,1,14,0,0,7,0,0,0,0,0,3,0,0,0,0,9,0,0,0,0,0,0,0,0,0,0,3,0,0,0,0,0,0,0,0,0,3,0,0,0,0,0,0,0,0,0,0,0,0,0,0,0,0,0,0,0,0,0,0,0,0,0
0,0,0,0,0,0,0,0,0,0,0,0,0,0,0,0,0,3,1,3,7,3,0,3,0,3,1,0,0,1,0,0,0,3,3,0,0,1,0,3,0,3,13,1,5,0,0,3,0,0,0,11,0,13,0,0,0,0,0,14,3,3,3,1
0,0,0,0,0,0,0,0,0,0,0,0,0,0,0,0,3,1,3,7,3,0,3,0,3,1,0,0,1,0,0,3,3,3,0,0,1,0,3,1,3,13,1,5,0,0,3,0,0,0,11,0,13,0,0,5,0,0,14,3,3,3,1,3
0,0,0,0,0,0,0,0,0,0,0,0,0,0,0,0,1,3,7,3,0,3,0,0,1,0,0,1,0,0,3,0,3,0,0,1,0,3,1,0,13,1,5,0,0,3,0,0,0,11,0,13,0,0,5,0,0,14,3,3,3,1,3,0
0,0,0,0,0,0,0,0,0,3,1,3,7,3,0,3,0,3,1,0,0,1,0,0,0,3,3,0,0,1,0,3,0,3,13,1,5,0,0,3,0,0,0,11,0,13,0,0,0,0,0,14,3,3,3,1,0,3,0,10,9,7,6,3
0,0,0,0,0,0,0,0,3,1,3,7,3,0,3,0,3,1,0,0,1,0,0,3,3,3,0,0,1,0,3,1,3,13,1,5,0,0,3,0,0,0,11,0,13,0,0,5,0,0,14,3,3,3,1,3,3,0,10,9,7,6,3,1
0,0,0,0,0,0,0,0,1,3,7,3,0,3,0,0,1,0,0,1,0,0,3,0,3,0,0,1,0,3,1,0,13,1,5,0,0,3,0,0,0,11,0,13,0,0,5,0,0,14,3,3,3,1,3,0,0,10,9,7,6,3,1,0
0,3,1,3,7,3,0,3,0,3,1,0,0,1,0,0,0,3,3,0,0,1,0,3,0,3,13,1,5,0,0,3,0,0,0,11,0,13,0,0,0,0,0,14,3,3,3,1,0,3,0,10,9,7,6,3,0,0,0,0,0,0,0,0
3,1,3,7,3,0,3,0,3,1,0,0,1,0,0,3,3,3,0,0,1,0,3,1,3,13,1,5,0,0,3,0,0,0,11,0,13,0,0,5,0,0,14,3,3,3,1,3,3,0,10,9,7,6,3,1,0,0,0,0,0,0,0,0
1,3,7,3,0,3,0,0,1,0,0,1,0,0,3,0,3,0,0,1,0,3,1,0,13,1,5,0,0,3,0,0,0,11,0,13,0,0,5,0,0,14,3,3,3,1,3,0,0,10,9,7,6,3,1,0,0,0,0,0,0,0,0,0
0,0,0,0,0,0,0,0,0,0,0,0,0,0,0,0,0,0,0,0,0,0,0,0,0,0,1,0,0,0,0,3,0,0,0,0,3,0,0,0,0,0,1,0,0,0,0,0,0,0,3,0,0,10,0,0,0,0,0,7,0,0,0,0
0,0,0,0,0,0,0,0,0,0,0,0,0,0,0,0,0,0,0,0,0,0,0,0,0,1,0,0,0,0,3,0,0,0,0,3,0,0,0,0,0,1,0,0,0,0,0,0,0,3,0,0,10,0,0,0,0,0,7,0,0,0,0,0
0,0,0,0,0,0,0,0,0,0,0,0,0,0,0,0,0,0,0,0,0,0,0,0,1,0,0,0,0,3,0,0,0,0,3,0,0,0,0,0,1,0,0,0,0,0,0,0,3,0,0,10,0,0,0,0,0,7,0,0,0,0,0,0
0,0,0,0,0,0,0,0,0,0,0,0,0,0,0,0,0,0,1,0,0,0,0,3,0,0,0,0,3,0,0,0,0,0,1,0,0,0,0,0,0,0,3,0,0,10,0,0,0,0,0,7,0,0,0,0,0,0,0,0,0,0,0,0
0,0,0,0,0,0,0,0,0,0,0,0,0,0,0,0,0,1,0,0,0,0,3,0,0,0,0,3,0,0,0,0,0,1,0,0,0,0,0,0,0,3,0,0,10,0,0,0,0,0,7,0,0,0,0,0,0,0,0,0,0,0,0,0
0,0,0,0,0,0,0,0,0,0,0,0,0,0,0,0,1,0,0,0,0,3,0,0,0,0,3,0,0,0,0,0,1,0,0,0,0,0,0,0,3,0,0,10,0,0,0,0,0,7,0,0,0,0,0,0,0,0,0,0,0,0,0,0
0,0,0,0,0,0,0,0,0,0,1,0,0,0,0,3,0,0,0,0,3,0,0,0,0,0,1,0,0,0,0,0,0,0,3,0,0,10,0,0,0,0,0,7,0,0,0,0,0,0,0,0,0,0,0,0,0,0,0,0,0,0,0,0
0,0,0,0,0,0,0,0,0,1,0,0,0,0,3,0,0,0,0,3,0,0,0,0,0,1,0,0,0,0,0,0,0,3,0,0,10,0,0,0,0,0,7,0,0,0,0,0,0,0,0,0,0,0,0,0,0,0,0,0,0,0,0,0
0,0,0,0,0,0,0,0,1,0,0,0,0,3,0,0,0,0,3,0,0,0,0,0,1,0,0,0,0,0,0,0,3,0,0,10,0,0,0,0,0,7,0,0,0,0,0,0,0,0,0,0,0,0,0,0,0,0,0,0,0,0,0,0
0,0,0,0,0,0,0,0,0,0,1,1,0,0,1,0,0,0,3,0,0,0,3,9,0,3,5,3,0,14,7,5,0,0,0,12,3,3,0,7,0,0,7,7,0,0,3,9,0,0,12,0,1,6,6,11,0,6,3,0,5,9,7,5
0,0,0,0,0,0,0,0,0,1,1,0,0,1,0,3,0,3,0,0,0,3,9,3,3,5,3,0,14,7,5,13,0,0,12,3,3,0,7,7,0,7,7,0,0,3,9,3,0,12,0,1,6,6,11,1,6,3,0,5,9,7,5,7
0,0,0,0,0,0,0,0,1,1,0,0,1,0,3,0,3,0,0,0,3,9,3,0,5,3,0,14,7,5,13,0,0,12,3,3,0,7,7,0,7,7,0,0,3,9,3,0,12,0,1,6,6,11,1,0,3,0,5,9,7,5,7,0
0,0,1,1,0,0,1,0,0,0,3,0,0,0,3,9,0,3,5,3,0,14,7,5,0,0,0,12,3,3,0,7,0,0,7,7,0,0,3,9,0,0,12,0,1,6,6,11,0,6,3,0,5,9,7,5,0,6,0,9,3,5,1,3
0,1,1,0,0,1,0,3,0,3,0,0,0,3,9,3,3,5,3,0,14,7,5,13,0,0,12,3,3,0,7,7,0,7,7,0,0,3,9,3,0,12,0,1,6,6,11,1,6,3,0,5,9,7,5,7,6,0,9,3,5,1,3,0
1,1,0,0,1,0,3,0,3,0,0,0,3,9,3,0,5,3,0,14,7,5,13,0,0,12,3,3,0,7,7,0,7,7,0,0,3,9,3,0,12,0,1,6,6,11,1,0,3,0,5,9,7,5,7,0,0,9,3,5,1,3,0,0
0,0,3,0,0,0,3,9,0,3,5,3,0,14,7,5,0,0,0,12,3,3,0,7,0,0,7,7,0,0,3,9,0,0,12,0,1,6,6,11,0,6,3,0,5,9,7,5,0,6,0,9,3,5,1,3,0,0,0,0,0,0,0,0
0,3,0,0,0,3,9,3,3,5,3,0,14,7,5,13,0,0,12,3,3,0,7,7,0,7,7,0,0,3,9,3,0,12,0,1,6,6,11,1,6,3,0,5,9,7,5,7,6,0,9,3,5,1,3,0,0,0,0,0,0,0,0,0
3,0,0,0,3,9,3,0,5,3,0,14,7,5,13,0,0,12,3,3,0,7,7,0,7,7,0,0,3,9,3,0,12,0,1,6,6,11,1,0,3,0,5,9,7,5,7,0,0,9,3,5,1,3,0,0,0,0,0,0,0,0,0,0
0,0,0,0,0,0,0,0,0,0,0,0,0,0,0,0,0,0,0,0,0,0,0,0,0,0,0,0,0,0,0,0,0,0,0,0,0,0,0,0,0,0,0,0,0,0,1,0,0,0,0,0,0,0,0,0,0,0,0,0,0,0,0,0
0,0,0,0,0,0,0,0,0,0,0,0,0,0,0,0,0,0,0,0,0,0,0,0,0,0,0,0,0,0,0,0,0,0,0,0,0,0,0,0,0,0,0,0,0,1,0,0,0,0,0,0,0,0,0,0,0,0,0,0,0,0,0,0
0,0,0,0,0,0,0,0,0,0,0,0,0,0,0,0,0,0,0,0,0,0,0,0,0,0,0,0,0,0,0,0,0,0,0,0,0,0,0,0,0,0,0,0,1,0,0,0,0,0,0,0,0,0,0,0,0,0,0,0,0,0,0,0
0,0,0,0,0,0,0,0,0,0,0,0,0,0,0,0,0,0,0,0,0,0,0,0,0,0,0,0,0,0,0,0,0,0,0,0,0,0,1,0,0,0,0,0,0,0,0,0,0,0,0,0,0,0,0,0,0,0,0,0,0,0,0,0
0,0,0,0,0,0,0,0,0,0,0,0,0,0,0,0,0,0,0,0,0,0,0,0,0,0,0,0,0,0,0,0,0,0,0,0,0,1,0,0,0,0,0,0,0,0,0,0,0,0,0,0,0,0,0,0,0,0,0,0,0,0,0,0
0,0,0,0,0,0,0,0,0,0,0,0,0,0,0,0,0,0,0,0,0,0,0,0,0,0,0,0,0,0,0,0,0,0,0,0,1,0,0,0,0,0,0,0,0,0,0,0,0,0,0,0,0,0,0,0,0,0,0,0,0,0,0,0
0,0,0,0,0,0,0,0,0,0,0,0,0,0,0,0,0,0,0,0,0,0,0,0,0,0,0,0,0,0,1,0,0,0,0,0,0,0,0,0,0,0,0,0,0,0,0,0,0,0,0,0,0,0,0,0,0,0,0,0,0,0,0,0
0,0,0,0,0,0,0,0,0,0,0,0,0,0,0,0,0,0,0,0,0,0,0,0,0,0,0,0,0,1,0,0,0,0,0,0,0,0,0,0,0,0,0,0,0,0,0,0,0,0,0,0,0,0,0,0,0,0,0,0,0,0,0,0
0,0,0,0,0,0,0,0,0,0,0,0,0,0,0,0,0,0,0,0,0,0,0,0,0,0,0,0,1,0,0,0,0,0,0,0,0,0,0,0,0,0,0,0,0,0,0,0,0,0,0,0,0,0,0,0,0,0,0,0,0,0,0,0
0,0,0,0,0,0,0,0,0,7,7,9,11,7,9,11,0,5,6,7,3,14,11,18,0,7,9,19,12,15,15,17,0,11,18,15,37,11,18,20,0,26,25,1,15,14,15,24,0,20,22,38,15,21,25,30,0,13,27,46,29,31,31,25
0,0,0,0,0,0,0,0,7,7,9,11,7,9,11,12,5,6,7,3,14,11,18,23,7,9,19,12,15,15,17,25,11,18,15,37,11,18,20,19,26,25,1,15,14,15,24,11,20,22,38,15,21,25,30,15,13,27,46,29,31,31,25,24
0,0,0,0,0,0,0,0,7,9,11,7,9,11,12,0,6,7,3,14,11,18,23,0,9,19,12,15,15,17,25,0,18,15,37,11,18,20,19,0,25,1,15,14,15,24,11,0,22,38,15,21,25,30,15,0,27,46,29,31,31,25,24,0
0,7,7,9,11,7,9,11,0,5,6,7,3,14,11,18,0,7,9,19,12,15,15,17,0,11,18,15,37,11,18,20,0,26,25,1,15,14,15,24,0,20,22,38,15,21,25,30,0,13,27,46,29,31,31,25,0,11,33,29,29,24,24,27
7,7,9,11,7,9,11,12,5,6,7,3,14,11,18,23,7,9,19,12,15,15,17,25,11,18,15,37,11,18,20,19,26,25,1,15,14,15,24,11,20,22,38,15,21,25,30,15,13,27,46,29,31,31,25,24,11,33,29,29,24,24,27,15
7,9,11,7,9,11,12,0,6,7,3,14,11,18,23,0,9,19,12,15,15,17,25,0,18,15,37,11,18,20,19,0,25,1,15,14,15,24,11,0,22,38,15,21,25,30,15,0,27,46,29,31,31,25,24,0,33,29,29,24,24,27,15,0
0,5,6,7,3,14,11,18,0,7,9,19,12,15,15,17,0,11,18,15,37,11,18,20,0,26,25,1,15,14,15,24,0,20,22,38,15,21,25,30,0,13,27,46,29,31,31,25,0,11,33,29,29,24,24,27,0,0,0,0,0,0,0,0
5,6,7,3,14,11,18,23,7,9,19,12,15,15,17,25,11,18,15,37,11,18,20,19,26,25,1,15,14,15,24,11,20,22,38,15,21,25,30,15,13,27,46,29,31,31,25,24,11,33,29,29,24,24,27,15,0,0,0,0,0,0,0,0
6,7,3,14,11,18,23,0,9,19,12,15,15,17,25,0,18,15,37,11,18,20,19,0,25,1,15,14,15,24,11,0,22,38,15,21,25,30,15,0,27,46,29,31,31,25,24,0,33,29,29,24,24,27,15,0,0,0,0,0,0,0,0,0
0,0,0,0,0,0,0,0,0,0,0,0,0,0,0,0,0,13,3,0,10,0,3,15,0,11,7,12,11,15,5,12,0,12,9,3,15,6,12,10,0,21,14,5,3,3,3,9,0,17,26,27,19,15,9,27,0,20,23,47,19,25,29,26
0,0,0,0,0,0,0,0,0,0,0,0,0,0,0,0,13,3,0,10,0,3,15,5,11,7,12,11,15,5,12,22,12,9,3,15,6,12,10,7,21,14,5,3,3,3,9,5,17,26,27,19,15,9,27,7,20,23,47,19,25,29,26,19
0,0,0,0,0,0,0,0,0,0,0,0,0,0,0,0,3,0,10,0,3,15,5,0,7,12,11,15,5,12,22,0,9,3,15,6,12,10,7,0,14,5,3,3,3,9,5,0,26,27,19,15,9,27,7,0,23,47,19,25,29,26,19,0
0,0,0,0,0,0,0,0,0,13,3,0,10,0,3,15,0,11,7,12,11,15,5,12,0,12,9,3,15,6,12,10,0,21,14,5,3,3,3,9,0,17,26,27,19,15,9,27,0,20,23,47,19,25,29,26,0,11,37,7,21,27,28,30
0,0,0,0,0,0,0,0,13,3,0,10,0,3,15,5,11,7,12,11,15,5,12,22,12,9,3,15,6,12,10,7,21,14,5,3,3,3,9,5,17,26,27,19,15,9,27,7,20,23,47,19,25,29,26,19,11,37,7,21,27,28,30,19
0,0,0,0,0,0,0,0,3,0,10,0,3,15,5,0,7,12,11,15,5,12,22,0,9,3,15,6,12,10,7,0,14,5,3,3,3,9,5,0,26,27,19,15,9,27,7,0,23,47,19,25,29,26,19,0,37,7,21,27,28,30,19,0
0,13,3,0,10,0,3,15,0,11,7,12,11,15,5,12,0,12,9,3,15,6,12,10,0,21,14,5,3,3,3,9,0,17,26,27,19,15,9,27,0,20,23,47,19,25,29,26,0,11,37,7,21,27,28,30,0,0,0,0,0,0,0,0
13,3,0,10,0,3,15,5,11,7,12,11,15,5,12,22,12,9,3,15,6,12,10,7,21,14,5,3,3,3,9,5,17,26,27,19,15,9,27,7,20,23,47,19,25,29,26,19,11,37,7,21,27,28,30,19,0,0,0,0,0,0,0,0
3,0,10,0,3,15,5,0,7,12,11,15,5,12,22,0,9,3,15,6,12,10,7,0,14,5,3,3,3,9,5,0,26,27,19,15,9,27,7,0,23,47,19,25,29,26,19,0,37,7,21,27,28,30,19,0,0,0,0,0,0,0,0,0
0,0,0,0,0,0,0,0,0,0,0,0,0,0,0,0,0,0,0,0,0,0,0,0,0,0,0,0,0,0,0,0,0,0,0,0,3,0,0,0,0,0,0,0,0,0,0,0,0,3,0,0,0,0,0,0,0,0,0,0,0,0,0,0
0,0,0,0,0,0,0,0,0,0,0,0,0,0,0,0,0,0,0,0,0,0,0,0,0,0,0,0,0,0,0,0,0,0,0,3,0,0,0,0,0,0,0,0,0,0,0,0,3,0,0,0,0,0,0,0,0,0,0,0,0,0,0,0
0,0,0,0,0,0,0,0,0,0,0,0,0,0,0,0,0,0,0,0,0,0,0,0,0,0,0,0,0,0,0,0,0,0,3,0,0,0,0,0,0,0,0,0,0,0,0,0,0,0,0,0,0,0,0,0,0,0,0,0,0,0,0,0
0,0,0,0,0,0,0,0,0,0,0,0,0,0,0,0,0,0,0,0,0,0,0,0,0,0,0,0,3,0,0,0,0,0,0,0,0,0,0,0,0,3,0,0,0,0,0,0,0,0,0,0,0,0,0,0,0,0,0,0,0,0,0,0
0,0,0,0,0,0,0,0,0,0,0,0,0,0,0,0,0,0,0,0,0,0,0,0,0,0,0,3,0,0,0,0,0,0,0,0,0,0,0,0,3,0,0,0,0,0,0,0,0,0,0,0,0,0,0,0,0,0,0,0,0,0,0,0
0,0,0,0,0,0,0,0,0,0,0,0,0,0,0,0,0,0,0,0,0,0,0,0,0,0,3,0,0,0,0,0,0,0,0,0,0,0,0,0,0,0,0,0,0,0,0,0,0,0,0,0,0,0,0,0,0,0,0,0,0,0,0,0
0,0,0,0,0,0,0,0,0,0,0,0,0,0,0,0,0,0,0,0,3,0,0,0,0,0,0,0,0,0,0,0,0,3,0,0,0,0,0,0,0,0,0,0,0,0,0,0,0,0,0,0,0,0,0,0,0,0,0,0,0,0,0,0
0,0,0,0,0,0,0,0,0,0,0,0,0,0,0,0,0,0,0,3,0,0,0,0,0,0,0,0,0,0,0,0,3,0,0,0,0,0,0,0,0,0,0,0,0,0,0,0,0,0,0,0,0,0,0,0,0,0,0,0,0,0,0,0
0,0,0,0,0,0,0,0,0,0,0,0,0,0,0,0,0,0,3,0,0,0,0,0,0,0,0,0,0,0,0,0,0,0,0,0,0,0,0,0,0,0,0,0,0,0,0,0,0,0,0,0,0,0,0,0,0,0,0,0,0,0,0,0
0,0,0,0,0,0,0,0,0,5,3,3,1,5,3,7,0,17,7,7,5,12,12,22,0,1,13,7,3,15,6,14,0,5,17,15,21,13,15,12,0,12,14,7,10,13,18,13,0,26,23,15,15,13,14,26,0,22,22,35,29,31,27,27
0,0,0,0,0,0,0,0,5,3,3,1,5,3,7,3,17,7,7,5,12,12,22,11,1,13,7,3,15,6,14,12,5,17,15,21,13,15,12,13,12,14,7,10,13,18,13,7,26,23,15,15,13,14,26,13,22,22,35,29,31,27,27,18
0,0,0,0,0,0,0,0,3,3,1,5,3,7,3,0,7,7,5,12,12,22,11,0,13,7,3,15,6,14,12,0,17,15,21,13,15,12,13,0,14,7,10,13,18,13,7,0,23,15,15,13,14,26,13,0,22,35,29,31,27,27,18,0
0,5,3,3,1,5,3,7,0,17,7,7,5,12,12,22,0,1,13,7,3,15,6,14,0,5,17,15,21,13,15,12,0,12,14,7,10,13,18,13,0,26,23,15,15,13,14,26,0,22,22,35,29,31,27,27,0,21,26,7,24,19,23,23
5,3,3,1,5,3,7,3,17,7,7,5,12,12,22,11,1,13,7,3,15,6,14,12,5,17,15,21,13,15,12,13,12,14,7,10,13,18,13,7,26,23,15,15,13,14,26,13,22,22,35,29,31,27,27,18,21,26,7,24,19,23,23,15
3,3,1,5,3,7,3,0,7,7,5,12,12,22,11,0,13,7,3,15,6,14,12,0,17,15,21,13,15,12,13,0,14,7,10,13,18,13,7,0,23,15,15,13,14,26,13,0,22,35,29,31,27,27,18,0,26,7,24,19,23,23,15,0
0,17,7,7,5,12,12,22,0,1,13,7,3,15,6,14,0,5,17,15,21,13,15,12,0,12,14,7,10,13,18,13,0,26,23,15,15,13,14,26,0,22,22,35,29,31,27,27,0,21,26,7,24,19,23,23,0,0,0,0,0,0,0,0
17,7,7,5,12,12,22,11,1,13,7,3,15,6,14,12,5,17,15,21,13,15,12,13,12,14,7,10,13,18,13,7,26,23,15,15,13,14,26,13,22,22,35,29,31,27,27,18,21,26,7,24,19,23,23,15,0,0,0,0,0,0,0,0
7,7,5,12,12,22,11,0,13,7,3,15,6,14,12,0,17,15,21,13,15,12,13,0,14,7,10,13,18,13,7,0,23,15,15,13,14,26,13,0,22,35,29,31,27,27,18,0,26,7,24,19,23,23,15,0,0,0,0,0,0,0,0,0
0,0,0,0,0,0,0,0,0,0,0,0,0,0,0,0,0,0,0,0,0,0,0,0,0,0,0,0,1,0,0,0,0,0,0,0,0,0,0,0,0,0,1,0,0,0,0,0,0,0,0,0,0,1,0,0,0,0,0,1,0,0,0,0
0,0,0,0,0,0,0,0,0,0,0,0,0,0,0,0,0,0,0,0,0,0,0,0,0,0,0,1,0,0,0,0,0,0,0,0,0,0,0,0,0,1,0,0,0,0,0,0,0,0,0,0,1,0,0,0,0,0,1,0,0,0,0,0
0,0,0,0,0,0,0,0,0,0,0,0,0,0,0,0,0,0,0,0,0,0,0,0,0,0,1,0,0,0,0,0,0,0,0,0,0,0,0,0,1,0,0,0,0,0,0,0,0,0,0,1,0,0,0,0,0,1,0,0,0,0,0,0
0,0,0,0,0,0,0,0,0,0,0,0,0,0,0,0,0,0,0,0,1,0,0,0,0,0,0,0,0,0,0,0,0,0,1,0,0,0,0,0,0,0,0,0,0,1,0,0,0,0,0,1,0,0,0,0,0,0,0,0,0,0,0,0
0,0,0,0,0,0,0,0,0,0,0,0,0,0,0,0,0,0,0,1,0,0,0,0,0,0,0,0,0,0,0,0,0,1,0,0,0,0,0,0,0,0,0,0,1,0,0,0,0,0,1,0,0,0,0,0,0,0,0,0,0,0,0,0
0,0,0,0,0,0,0,0,0,0,0,0,0,0,0,0,0,0,1,0,0,0,0,0,0,0,0,0,0,0,0,0,1,0,0,0,0,0,0,0,0,0,0,1,0,0,0,0,0,1,0,0,0,0,0,0,0,0,0,0,0,0,0,0
0,0,0,0,0,0,0,0,0,0,0,0,1,0,0,0,0,0,0,0,0,0,0,0,0,0,1,0,0,0,0,0,0,0,0,0,0,1,0,0,0,0,0,1,0,0,0,0,0,0,0,0,0,0,0,0,0,0,0,0,0,0,0,0
0,0,0,0,0,0,0,0,0,0,0,1,0,0,0,0,0,0,0,0,0,0,0,0,0,1,0,0,0,0,0,0,0,0,0,0,1,0,0,0,0,0,1,0,0,0,0,0,0,0,0,0,0,0,0,0,0,0,0,0,0,0,0,0
0,0,0,0,0,0,0,0,0,0,1,0,0,0,0,0,0,0,0,0,0,0,0,0,1,0,0,0,0,0,0,0,0,0,0,1,0,0,0,0,0,1,0,0,0,0,0,0,0,0,0,0,0,0,0,0,0,0,0,0,0,0,0,0
0,0,0,0,0,0,0,0,0,0,0,0,0,0,0,0,0,0,0,0,0,0,0,0,0,0,3,5,3,3,0,0,0,6,0,0,5,0,3,0,0,0,0,0,6,0,0,0,0,7,0,0,15,0,0,0,0,3,5,0,0,0,5,3
0,0,0,0,0,0,0,0,0,0,0,0,0,0,0,0,0,0,0,0,0,0,0,0,0,3,5,3,3,0,0,0,6,0,0,5,0,3,0,0,0,0,0,6,0,0,0,0,7,0,0,15,0,0,0,0,3,5,0,0,0,5,3,0
0,0,0,0,0,0,0,0,0,0,0,0,0,0,0,0,0,0,0,0,0,0,0,0,3,5,3,3,0,0,0,0,0,0,5,0,3,0,0,0,0,0,6,0,0,0,0,0,0,0,15,0,0,0,0,0,5,0,0,0,5,3,0,0
0,0,0,0,0,0,0,0,0,0,0,0,0,0,0,0,0,0,3,5,3,3,0,0,0,6,0,0,5,0,3,0,0,0,0,0,6,0,0,0,0,7,0,0,15,0,0,0,0,3,5,0,0,0,5,3,0,11,6,0,0,0,1,3
0,0,0,0,0,0,0,0,0,0,0,0,0,0,0,0,0,3,5,3,3,0,0,0,6,0,0,5,0,3,0,0,0,0,0,6,0,0,0,0,7,0,0,15,0,0,0,0,3,5,0,0,0,5,3,0,11,6,0,0,0,1,3,3
0,0,0,0,0,0,0,0,0,0,0,0,0,0,0,0,3,5,3,3,0,0,0,0,0,0,5,0,3,0,0,0,0,0,6,0,0,0,0,0,0,0,15,0,0,0,0,0,5,0,0,0,5,3,0,0,6,0,0,0,1,3,3,0
0,0,0,0,0,0,0,0,0,0,3,5,3,3,0,0,0,6,0,0,5,0,3,0,0,0,0,0,6,0,0,0,0,7,0,0,15,0,0,0,0,3,5,0,0,0,5,3,0,11,6,0,0,0,1,3,0,0,0,0,0,0,0,0
0,0,0,0,0,0,0,0,0,3,5,3,3,0,0,0,6,0,0,5,0,3,0,0,0,0,0,6,0,0,0,0,7,0,0,15,0,0,0,0,3,5,0,0,0,5,3,0,11,6,0,0,0,1,3,3,0,0,0,0,0,0,0,0
0,0,0,0,0,0,0,0,3,5,3,3,0,0,0,0,0,0,5,0,3,0,0,0,0,0,6,0,0,0,0,0,0,0,15,0,0,0,0,0,5,0,0,0,5,3,0,0,6,0,0,0,1,3,3,0,0,0,0,0,0,0,0,0
0,0,0,0,0,0,0,0,0,5,7,5,6,6,7,7,0,0,0,0,0,7,7,3,0,7,0,3,0,1,9,3,0,5,3,0,11,0,7,5,0,15,12,0,15,7,6,9,0,9,10,6,0,6,15,12,0,6,15,13,18,18,17,15
0,0,0,0,0,0,0,0,5,7,5,6,6,7,7,5,0,0,0,0,7,7,3,7,7,0,3,0,1,9,3,3,5,3,0,11,0,7,5,7,15,12,0,15,7,6,9,10,9,10,6,0,6,15,12,6,6,15,13,18,18,17,15,12
0,0,0,0,0,0,0,0,7,5,6,6,7,7,5,0,0,0,0,7,7,3,7,0,0,3,0,1,9,3,3,0,3,0,11,0,7,5,7,0,12,0,15,7,6,9,10,0,10,6,0,6,15,12,6,0,15,13,18,18,17,15,12,0
0,5,7,5,6,6,7,7,0,0,0,0,0,7,7,3,0,7,0,3,0,1,9,3,0,5,3,0,11,0,7,5,0,15,12,0,15,7,6,9,0,9,10,6,0,6,15,12,0,6,15,13,18,18,17,15,0,6,11,14,12,11,11,15
5,7,5,6,6,7,7,5,0,0,0,0,7,7,3,7,7,0,3,0,1,9,3,3,5,3,0,11,0,7,5,7,15,12,0,15,7,6,9,10,9,10,6,0,6,15,12,6,6,15,13,18,18,17,15,12,6,11,14,12,11,11,15,6
7,5,6,6,7,7,5,0,0,0,0,7,7,3,7,0,0,3,0,1,9,3,3,0,3,0,11,0,7,5,7,0,12,0,15,7,6,9,10,0,10,6,0,6,15,12,6,0,15,13,18,18,17,15,12,0,11,14,12,11,11,15,6,0
0,0,0,0,0,7,7,3,0,7,0,3,0,1,9,3,0,5,3,0,11,0,7,5,0,15,12,0,15,7,6,9,0,9,10,6,0,6,15,12,0,6,15,13,18,18,17,15,0,6,11,14,12,11,11,15,0,0,0,0,0,0,0,0
0,0,0,0,7,7,3,7,7,0,3,0,1,9,3,3,5,3,0,11,0,7,5,7,15,12,0,15,7,6,9,10,9,10,6,0,6,15,12,6,6,15,13,18,18,17,15,12,6,11,14,12,11,11,15,6,0,0,0,0,0,0,0,0
0,0,0,7,7,3,7,0,0,3,0,1,9,3,3,0,3,0,11,0,7,5,7,0,12,0,15,7,6,9,10,0,10,6,0,6,15,12,6,0,15,13,18,18,17,15,12,0,11,14,12,11,11,15,6,0,0,0,0,0,0,0,0,0
0,0,0,0,0,0,0,0,0,0,3,7,5,7,7,6,0,5,7,7,0,0,0,0,0,7,7,12,14,0,0,3,0,11,0,3,6,0,1,0,0,12,1,0,11,0,3,0,0,0,9,28,24,7,0,9,0,0,12,15,0,0,0,3
0,0,0,0,0,0,0,0,0,3,7,5,7,7,6,6,5,7,7,0,0,0,0,0,7,7,12,14,0,0,3,1,11,0,3,6,0,1,0,0,12,1,0,11,0,3,0,0,0,9,28,24,7,0,9,0,0,12,15,0,0,0,3,0
0,0,0,0,0,0,0,0,3,7,5,7,7,6,6,0,7,7,0,0,0,0,0,0,7,12,14,0,0,3,1,0,0,3,6,0,1,0,0,0,1,0,11,0,3,0,0,0,9,28,24,7,0,9,0,0,12,15,0,0,0,3,0,0
0,0,3,7,5,7,7,6,0,5,7,7,0,0,0,0,0,7,7,12,14,0,0,3,0,11,0,3,6,0,1,0,0,12,1,0,11,0,3,0,0,0,9,28,24,7,0,9,0,0,12,15,0,0,0,3,0,1,0,0,0,0,0,3
0,3,7,5,7,7,6,6,5,7,7,0,0,0,0,0,7,7,12,14,0,0,3,1,11,0,3,6,0,1,0,0,12,1,0,11,0,3,0,0,0,9,28,24,7,0,9,0,0,12,15,0,0,0,3,0,1,0,0,0,0,0,3,0
3,7,5,7,7,6,6,0,7,7,0,0,0,0,0,0,7,12,14,0,0,3,1,0,0,3,6,0,1,0,0,0,1,0,11,0,3,0,0,0,9,28,24,7,0,9,0,0,12,15,0,0,0,3,0,0,0,0,0,0,0,3,0,0
0,5,7,7,0,0,0,0,0,7,7,12,14,0,0,3,0,11,0,3,6,0,1,0,0,12,1,0,11,0,3,0,0,0,9,28,24,7,0,9,0,0,12,15,0,0,0,3,0,1,0,0,0,0,0,3,0,0,0,0,0,0,0,0
5,7,7,0,0,0,0,0,7,7,12,14,0,0,3,1,11,0,3,6,0,1,0,0,12,1,0,11,0,3,0,0,0,9,28,24,7,0,9,0,0,12,15,0,0,0,3,0,1,0,0,0,0,0,3,0,0,0,0,0,0,0,0,0
7,7,0,0,0,0,0,0,7,12,14,0,0,3,1,0,0,3,6,0,1,0,0,0,1,0,11,0,3,0,0,0,9,28,24,7,0,9,0,0,12,15,0,0,0,3,0,0,0,0,0,0,0,3,0,0,0,0,0,0,0,0,0,0
0,0,0,0,0,0,0,0,0,0,0,0,0,0,0,0,0,0,0,0,0,0,0,0,0,0,0,0,0,0,0,0,0,0,0,0,0,0,0,0,0,0,0,0,0,0,0,0,0,0,0,0,1,0,0,0,0,0,0,0,0,0,0,0
0,0,0,0,0,0,0,0,0,0,0,0,0,0,0,0,0,0,0,0,0,0,0,0,0,0,0,0,0,0,0,0,0,0,0,0,0,0,0,0,0,0,0,0,0,0,0,0,0,0,0,1,0,0,0,0,0,0,0,0,0,0,0,0
0,0,0,0,0,0,0,0,0,0,0,0,0,0,0,0,0,0,0,0,0,0,0,0,0,0,0,0,0,0,0,0,0,0,0,0,0,0,0,0,0,0,0,0,0,0,0,0,0,0,1,0,0,0,0,0,0,0,0,0,0,0,0,0
0,0,0,0,0,0,0,0,0,0,0,0,0,0,0,0,0,0,0,0,0,0,0,0,0,0,0,0,0,0,0,0,0,0,0,0,0,0,0,0,0,0,0,0,1,0,0,0,0,0,0,0,0,0,0,0,0,0,0,0,0,0,0,0
0,0,0,0,0,0,0,0,0,0,0,0,0,0,0,0,0,0,0,0,0,0,0,0,0,0,0,0,0,0,0,0,0,0,0,0,0,0,0,0,0,0,0,1,0,0,0,0,0,0,0,0,0,0,0,0,0,0,0,0,0,0,0,0
0,0,0,0,0,0,0,0,0,0,0,0,0,0,0,0,0,0,0,0,0,0,0,0,0,0,0,0,0,0,0,0,0,0,0,0,0,0,0,0,0,0,1,0,0,0,0,0,0,0,0,0,0,0,0,0,0,0,0,0,0,0,0,0
0,0,0,0,0,0,0,0,0,0,0,0,0,0,0,0,0,0,0,0,0,0,0,0,0,0,0,0,0,0,0,0,0,0,0,0,1,0,0,0,0,0,0,0,0,0,0,0,0,0,0,0,0,0,0,0,0,0,0,0,0,0,0,0
0,0,0,0,0,0,0,0,0,0,0,0,0,0,0,0,0,0,0,0,0,0,0,0,0,0,0,0,0,0,0,0,0,0,0,1,0,0,0,0,0,0,0,0,0,0,0,0,0,0,0,0,0,0,0,0,0,0,0,0,0,0,0,0
0,0,0,0,0,0,0,0,0,0,0,0,0,0,0,0,0,0,0,0,0,0,0,0,0,0,0,0,0,0,0,0,0,0,1,0,0,0,0,0,0,0,0,0,0,0,0,0,0,0,0,0,0,0,0,0,0,0,0,0,0,0,0,0
0,0,0,0,0,0,0,0,0,7,10,9,9,11,9,10,0,10,10,13,15,6,7,11,0,7,7,12,7,11,7,13,0,11,18,0,0,12,5,13,0,0,29,14,14,7,10,12,0,0,6,3,3,25,6,11,0,7,6,22,5,13,11,7
0,0,0,0,0,0,0,0,7,10,9,9,11,9,10,7,10,10,13,15,6,7,11,7,7,7,12,7,11,7,13,11,11,18,0,0,12,5,13,13,0,29,14,14,7,10,12,7,0,6,3,3,25,6,11,6,7,6,22,5,13,11,7,7
0,0,0,0,0,0,0,0,10,9,9,11,9,10,7,0,10,13,15,6,7,11,7,0,7,12,7,11,7,13,11,0,18,0,0,12,5,13,13,0,29,14,14,7,10,12,7,0,6,3,3,25,6,11,6,0,6,22,5,13,11,7,7,0
0,7,10,9,9,11,9,10,0,10,10,13,15,6,7,11,0,7,7,12,7,11,7,13,0,11,18,0,0,12,5,13,0,0,29,14,14,7,10,12,0,0,6,3,3,25,6,11,0,7,6,22,5,13,11,7,0,14,5,28,14,12,10,7
7,10,9,9,11,9,10,7,10,10,13,15,6,7,11,7,7,7,12,7,11,7,13,11,11,18,0,0,12,5,13,13,0,29,14,14,7,10,12,7,0,6,3,3,25,6,11,6,7,6,22,5,13,11,7,7,14,5,28,14,12,10,7,6
10,9,9,11,9,10,7,0,10,13,15,6,7,11,7,0,7,12,7,11,7,13,11,0,18,0,0,12,5,13,13,0,29,14,14,7,10,12,7,0,6,3,3,25,6,11,6,0,6,22,5,13,11,7,7,0,5,28,14,12,10,7,6,0
0,10,10,13,15,6,7,11,0,7,7,12,7,11,7,13,0,11,18,0,0,12,5,13,0,0,29,14,14,7,10,12,0,0,6,3,3,25,6,11,0,7,6,22,5,13,11,7,0,14,5,28,14,12,10,7,0,0,0,0,0,0,0,0
10,10,13,15,6,7,11,7,7,7,12,7,11,7,13,11,11,18,0,0,12,5,13,13,0,29,14,14,7,10,12,7,0,6,3,3,25,6,11,6,7,6,22,5,13,11,7,7,14,5,28,14,12,10,7,6,0,0,0,0,0,0,0,0
10,13,15,6,7,11,7,0,7,12,7,11,7,13,11,0,18,0,0,12,5,13,13,0,29,14,14,7,10,12,7,0,6,3,3,25,6,11,6,0,6,22,5,13,11,7,7,0,5,28,14,12,10,7,6,0,0,0,0,0,0,0,0,0
0,0,0,0,0,0,0,0,0,0,0,0,0,0,0,0,0,0,0,0,3,0,0,0,0,3,1,9,6,0,0,0,0,0,5,0,7,0,9,0,0,0,11,3,3,6,0,0,0,0,11,20,7,12,6,0,0,0,3,26,7,1,0,1
0,0,0,0,0,0,0,0,0,0,0,0,0,0,0,0,0,0,0,3,0,0,0,0,3,1,9,6,0,0,0,0,0,5,0,7,0,9,0,0,0,11,3,3,6,0,0,0,0,11,20,7,12,6,0,7,0,3,26,7,1,0,1,0
0,0,0,0,0,0,0,0,0,0,0,0,0,0,0,0,0,0,3,0,0,0,0,0,1,9,6,0,0,0,0,0,5,0,7,0,9,0,0,0,11,3,3,6,0,0,0,0,11,20,7,12,6,0,7,0,3,26,7,1,0,1,0,0
0,0,0,0,0,0,0,0,0,0,0,0,3,0,0,0,0,3,1,9,6,0,0,0,0,0,5,0,7,0,9,0,0,0,11,3,3,6,0,0,0,0,11,20,7,12,6,0,0,0,3,26,7,1,0,1,0,1,0,7,0,1,1,3
0,0,0,0,0,0,0,0,0,0,0,3,0,0,0,0,3,1,9,6,0,0,0,0,0,5,0,7,0,9,0,0,0,11,3,3,6,0,0,0,0,11,20,7,12,6,0,7,0,3,26,7,1,0,1,0,1,0,7,0,1,1,3,0
0,0,0,0,0,0,0,0,0,0,3,0,0,0,0,0,1,9,6,0,0,0,0,0,5,0,7,0,9,0,0,0,11,3,3,6,0,0,0,0,11,20,7,12,6,0,7,0,3,26,7,1,0,1,0,0,0,7,0,1,1,3,0,0
0,0,0,0,3,0,0,0,0,3,1,9,6,0,0,0,0,0,5,0,7,0,9,0,0,0,11,3,3,6,0,0,0,0,11,20,7,12,6,0,0,0,3,26,7,1,0,1,0,1,0,7,0,1,1,3,0,0,0,0,0,0,0,0
0,0,0,3,0,0,0,0,3,1,9,6,0,0,0,0,0,5,0,7,0,9,0,0,0,11,3,3,6,0,0,0,0,11,20,7,12,6,0,7,0,3,26,7,1,0,1,0,1,0,7,0,1,1,3,0,0,0,0,0,0,0,0,0
0,0,3,0,0,0,0,0,1,9,6,0,0,0,0,0,5,0,7,0,9,0,0,0,11,3,3,6,0,0,0,0,11,20,7,12,6,0,7,0,3,26,7,1,0,1,0,0,0,7,0,1,1,3,0,0,0,0,0,0,0,0,0,0
0,0,0,0,0,0,0,0,0,3,3,3,3,3,3,3,0,12,7,6,19,19,13,15,0,12,7,3,13,10,12,19,0,3,15,5,17,14,17,19,0,9,18,12,11,11,14,17,0,18,23,17,0,25,19,5,0,12,12,41,12,15,12,9
0,0,0,0,0,0,0,0,3,3,3,3,3,3,3,5,12,7,6,19,19,13,15,7,12,7,3,13,10,12,19,9,3,15,5,17,14,17,19,13,9,18,12,11,11,14,17,7,18,23,17,0,25,19,5,6,12,12,41,12,15,12,9,3
0,0,0,0,0,0,0,0,3,3,3,3,3,3,5,0,7,6,19,19,13,15,7,0,7,3,13,10,12,19,9,0,15,5,17,14,17,19,13,0,18,12,11,11,14,17,7,0,23,17,0,25,19,5,6,0,12,41,12,15,12,9,3,0
0,3,3,3,3,3,3,3,0,12,7,6,19,19,13,15,0,12,7,3,13,10,12,19,0,3,15,5,17,14,17,19,0,9,18,12,11,11,14,17,0,18,23,17,0,25,19,5,0,12,12,41,12,15,12,9,0,15,9,30,15,13,11,9
3,3,3,3,3,3,3,5,12,7,6,19,19,13,15,7,12,7,3,13,10,12,19,9,3,15,5,17,14,17,19,13,9,18,12,11,11,14,17,7,18,23,17,0,25,19,5,6,12,12,41,12,15,12,9,3,15,9,30,15,13,11,9,3
3,3,3,3,3,3,5,0,7,6,19,19,13,15,7,0,7,3,13,10,12,19,9,0,15,5,17,14,17,19,13,0,18,12,11,11,14,17,7,0,23,17,0,25,19,5,6,0,12,41,12,15,12,9,3,0,9,30,15,13,11,9,3,0
0,12,7,6,19,19,13,15,0,12,7,3,13,10,12,19,0,3,15,5,17,14,17,19,0,9,18,12,11,11,14,17,0,18,23,17,0,25,19,5,0,12,12,41,12,15,12,9,0,15,9,30,15,13,11,9,0,0,0,0,0,0,0,0
12,7,6,19,19,13,15,7,12,7,3,13,10,12,19,9,3,15,5,17,14,17,19,13,9,18,12,11,11,14,17,7,18,23,17,0,25,19,5,6,12,12,41,12,15,12,9,3,15,9,30,15,13,11,9,3,0,0,0,0,0,0,0,0
7,6,19,19,13,15,7,0,7,3,13,10,12,19,9,0,15,5,17,14,17,19,13,0,18,12,11,11,14,17,7,0,23,17,0,25,19,5,6,0,12,41,12,15,12,9,3,0,9,30,15,13,11,9,3,0,0,0,0,0,0,0,0,0
0,0,0,0,0,0,0,0,0,0,0,0,0,0,0,0,0,0,0,0,0,0,0,0,0,0,0,0,0,0,0,0,0,0,0,0,0,0,0,0,0,0,0,0,0,0,0,0,0,0,0,0,0,0,0,0,0,0,0,0,0,0,0,0
0,0,0,0,0,0,0,0,0,0,0,0,0,0,0,0,0,0,0,0,0,0,0,0,0,0,0,0,0,0,0,0,0,0,0,0,0,0,0,0,0,0,0,0,0,0,0,0,0,0,0,0,0,0,0,0,0,0,0,0,0,0,0,0
0,0,0,0,0,0,0,0,0,0,0,0,0,0,0,0,0,0,0,0,0,0,0,0,0,0,0,0,0,0,0,0,0,0,0,0,0,0,0,0,0,0,0,0,0,0,0,0,0,0,0,0,0,0,0,0,0,0,0,0,0,0,0,0
0,0,0,0,0,0,0,0,0,0,0,0,0,0,0,0,0,0,0,0,0,0,0,0,0,0,0,0,0,0,0,0,0,0,0,0,0,0,0,0,0,0,0,0,0,0,0,0,0,0,0,0,0,0,0,0,0,0,0,0,0,0,0,0
0,0,0,0,0,0,0,0,0,0,0,0,0,0,0,0,0,0,0,0,0,0,0,0,0,0,0,0,0,0,0,0,0,0,0,0,0,0,0,0,0,0,0,0,0,0,0,0,0,0,0,0,0,0,0,0,0,0,0,0,0,0,0,0
0,0,0,0,0,0,0,0,0,0,0,0,0,0,0,0,0,0,0,0,0,0,0,0,0,0,0,0,0,0,0,0,0,0,0,0,0,0,0,0,0,0,0,0,0,0,0,0,0,0,0,0,0,0,0,0,0,0,0,0,0,0,0,0
0,0,0,0,0,0,0,0,0,0,0,0,0,0,0,0,0,0,0,0,0,0,0,0,0,0,0,0,0,0,0,0,0,0,0,0,0,0,0,0,0,0,0,0,0,0,0,0,0,0,0,0,0,0,0,0,0,0,0,0,0,0,0,0
0,0,0,0,0,0,0,0,0,0,0,0,0,0,0,0,0,0,0,0,0,0,0,0,0,0,0,0,0,0,0,0,0,0,0,0,0,0,0,0,0,0,0,0,0,0,0,0,0,0,0,0,0,0,0,0,0,0,0,0,0,0,0,0
0,0,0,0,0,0,0,0,0,0,0,0,0,0,0,0,0,0,0,0,0,0,0,0,0,0,0,0,0,0,0,0,0,0,0,0,0,0,0,0,0,0,0,0,0,0,0,0,0,0,0,0,0,0,0,0,0,0,0,0,0,0,0,0
0,0,0,0,0,0,0,0,0,0,0,0,0,1,0,0,0,0,0,0,0,0,0,0,0,0,0,0,0,0,0,0,0,9,0,0,0,0,3,0,0,1,3,0,0,0,0,0,0,0,0,0,0,0,0,0,0,0,1,0,0,0,1,3
0,0,0,0,0,0,0,0,0,0,0,0,1,0,0,0,0,0,0,0,0,0,0,0,0,0,0,0,0,0,0,0,9,0,0,0,0,3,0,1,1,3,0,0,0,0,0,1,0,0,0,0,0,0,0,0,0,1,0,0,0,1,3,1
0,0,0,0,0,0,0,0,0,0,0,1,0,0,0,0,0,0,0,0,0,0,0,0,0,0,0,0,0,0,0,0,0,0,0,0,3,0,1,0,3,0,0,0,0,0,1,0,0,0,0,0,0,0,0,0,1,0,0,0,1,3,1,0
0,0,0,0,0,1,0,0,0,0,0,0,0,0,0,0,0,0,0,0,0,0,0,0,0,9,0,0,0,0,3,0,0,1,3,0,0,0,0,0,0,0,0,0,0,0,0,0,0,0,1,0,0,0,1,3,0,3,0,0,0,5,5,9
0,0,0,0,1,0,0,0,0,0,0,0,0,0,0,0,0,0,0,0,0,0,0,0,9,0,0,0,0,3,0,1,1,3,0,0,0,0,0,1,0,0,0,0,0,0,0,0,0,1,0,0,0,1,3,1,3,0,0,0,5,5,9,6
0,0,0,1,0,0,0,0,0,0,0,0,0,0,0,0,0,0,0,0,0,0,0,0,0,0,0,0,3,0,1,0,3,0,0,0,0,0,1,0,0,0,0,0,0,0,0,0,1,0,0,0,1,3,1,0,0,0,0,5,5,9,6,0
0,0,0,0,0,0,0,0,0,0,0,0,0,0,0,0,0,9,0,0,0,0,3,0,0,1,3,0,0,0,0,0,0,0,0,0,0,0,0,0,0,0,1,0,0,0,1,3,0,3,0,0,0,5,5,9,0,0,0,0,0,0,0,0
0,0,0,0,0,0,0,0,0,0,0,0,0,0,0,0,9,0,0,0,0,3,0,1,1,3,0,0,0,0,0,1,0,0,0,0,0,0,0,0,0,1,0,0,0,1,3,1,3,0,0,0,5,5,9,6,0,0,0,0,0,0,0,0
0,0,0,0,0,0,0,0,0,0,0,0,0,0,0,0,0,0,0,0,3,0,1,0,3,0,0,0,0,0,1,0,0,0,0,0,0,0,0,0,1,0,0,0,1,3,1,0,0,0,0,5,5,9,6,0,0,0,0,0,0,0,0,0
0,0,0,0,0,0,0,0,0,0,0,0,0,0,0,0,0,0,0,0,0,0,0,0,0,0,0,0,0,0,0,0,0,0,0,0,0,0,0,0,0,3,0,0,0,0,0,0,0,0,1,0,0,0,0,0,0,0,0,12,0,0,0,0
0,0,0,0,0,0,0,0,0,0,0,0,0,0,0,0,0,0,0,0,0,0,0,0,0,0,0,0,0,0,0,0,0,0,0,0,0,0,0,0,3,0,0,0,0,0,0,0,0,1,0,0,0,0,0,0,0,0,12,0,0,0,0,0
0,0,0,0,0,0,0,0,0,0,0,0,0,0,0,0,0,0,0,0,0,0,0,0,0,0,0,0,0,0,0,0,0,0,0,0,0,0,0,0,0,0,0,0,0,0,0,0,1,0,0,0,0,0,0,0,0,12,0,0,0,0,0,0
0,0,0,0,0,0,0,0,0,0,0,0,0,0,0,0,0,0,0,0,0,0,0,0,0,0,0,0,0,0,0,0,0,3,0,0,0,0,0,0,0,0,1,0,0,0,0,0,0,0,0,12,0,0,0,0,0,0,0,0,0,0,0,0
0,0,0,0,0,0,0,0,0,0,0,0,0,0,0,0,0,0,0,0,0,0,0,0,0,0,0,0,0,0,0,0,3,0,0,0,0,0,0,0,0,1,0,0,0,0,0,0,0,0,12,0,0,0,0,0,0,0,0,0,0,0,0,0
0,0,0,0,0,0,0,0,0,0,0,0,0,0,0,0,0,0,0,0,0,0,0,0,0,0,0,0,0,0,0,0,0,0,0,0,0,0,0,0,1,0,0,0,0,0,0,0,0,12,0,0,0,0,0,0,0,0,0,0,0,0,0,0
0,0,0,0,0,0,0,0,0,0,0,0,0,0,0,0,0,0,0,0,0,0,0,0,0,3,0,0,0,0,0,0,0,0,1,0,0,0,0,0,0,0,0,12,0,0,0,0,0,0,0,0,0,0,0,0,0,0,0,0,0,0,0,0
0,0,0,0,0,0,0,0,0,0,0,0,0,0,0,0,0,0,0,0,0,0,0,0,3,0,0,0,0,0,0,0,0,1,0,0,0,0,0,0,0,0,12,0,0,0,0,0,0,0,0,0,0,0,0,0,0,0,0,0,0,0,0,0
0,0,0,0,0,0,0,0,0,0,0,0,0,0,0,0,0,0,0,0,0,0,0,0,0,0,0,0,0,0,0,0,1,0,0,0,0,0,0,0,0,12,0,0,0,0,0,0,0,0,0,0,0,0,0,0,0,0,0,0,0,0,0,0
0,0,0,0,0,0,0,0,0,3,3,0,0,3,3,7,0,0,7,9,3,7,7,12,0,1,9,14,7,10,10,7,0,3,5,9,0,7,0,1,0,0,13,17,7,11,3,3,0,0,7,1,18,7,7,6,0,11,1,6,10,3,5,10
0,0,0,0,0,0,0,0,3,3,0,0,3,3,7,5,0,7,9,3,7,7,12,10,1,9,14,7,10,10,7,7,3,5,9,0,7,0,1,6,0,13,17,7,11,3,3,7,0,7,1,18,7,7,6,17,11,1,6,10,3,5,10,7
0,0,0,0,0,0,0,0,3,0,0,3,3,7,5,0,7,9,3,7,7,12,10,0,9,14,7,10,10,7,7,0,5,9,0,7,0,1,6,0,13,17,7,11,3,3,7,0,7,1,18,7,7,6,17,0,1,6,10,3,5,10,7,0
0,3,3,0,0,3,3,7,0,0,7,9,3,7,7,12,0,1,9,14,7,10,10,7,0,3,5,9,0,7,0,1,0,0,13,17,7,11,3,3,0,0,7,1,18,7,7,6,0,11,1,6,10,3,5,10,0,7,0,15,3,5,7,6
3,3,0,0,3,3,7,5,0,7,9,3,7,7,12,10,1,9,14,7,10,10,7,7,3,5,9,0,7,0,1,6,0,13,17,7,11,3,3,7,0,7,1,18,7,7,6,17,11,1,6,10,3,5,10,7,7,0,15,3,5,7,6,7
3,0,0,3,3,7,5,0,7,9,3,7,7,12,10,0,9,14,7,10,10,7,7,0,5,9,0,7,0,1,6,0,13,17,7,11,3,3,7,0,7,1,18,7,7,6,17,0,1,6,10,3,5,10,7,0,0,15,3,5,7,6,7,0
0,0,7,9,3,7,7,12,0,1,9,14,7,10,10,7,0,3,5,9,0,7,0,1,0,0,13,17,7,11,3,3,0,0,7,1,18,7,7,6,0,11,1,6,10,3,5,10,0,7,0,15,3,5,7,6,0,0,0,0,0,0,0,0
0,7,9,3,7,7,12,10,1,9,14,7,10,10,7,7,3,5,9,0,7,0,1,6,0,13,17,7,11,3,3,7,0,7,1,18,7,7,6,17,11,1,6,10,3,5,10,7,7,0,15,3,5,7,6,7,0,0,0,0,0,0,0,0
7,9,3,7,7,12,10,0,9,14,7,10,10,7,7,0,5,9,0,7,0,1,6,0,13,17,7,11,3,3,7,0,7,1,18,7,7,6,17,0,1,6,10,3,5,10,7,0,0,15,3,5,7,6,7,0,0,0,0,0,0,0,0,0
0,0,0,0,0,0,0,0,0,3,0,0,0,0,0,0,0,3,0,0,7,7,0,0,0,3,3,0,0,1,5,1,0,10,3,3,0,0,0,3,0,6,0,6,7,0,3,3,0,3,7,0,0,0,6,0,0,15,7,11,3,3,9,12
0,0,0,0,0,0,0,0,3,0,0,0,0,0,0,0,3,0,0,7,7,0,0,0,3,3,0,0,1,5,1,6,10,3,3,0,0,0,3,0,6,0,6,7,0,3,3,0,3,7,0,0,0,6,0,1,15,7,11,3,3,9,12,9
0,0,0,0,0,0,0,0,0,0,0,0,0,0,0,0,0,0,7,7,0,0,0,0,3,0,0,1,5,1,6,0,3,3,0,0,0,3,0,0,0,6,7,0,3,3,0,0,7,0,0,0,6,0,1,0,7,11,3,3,9,12,9,0
0,3,0,0,0,0,0,0,0,3,0,0,7,7,0,0,0,3,3,0,0,1,5,1,0,10,3,3,0,0,0,3,0,6,0,6,7,0,3,3,0,3,7,0,0,0,6,0,0,15,7,11,3,3,9,12,0,5,11,7,7,10,12,12
3,0,0,0,0,0,0,0,3,0,0,7,7,0,0,0,3,3,0,0,1,5,1,6,10,3,3,0,0,0,3,0,6,0,6,7,0,3,3,0,3,7,0,0,0,6,0,1,15,7,11,3,3,9,12,9,5,11,7,7,10,12,12,7
0,0,0,0,0,0,0,0,0,0,7,7,0,0,0,0,3,0,0,1,5,1,6,0,3,3,0,0,0,3,0,0,0,6,7,0,3,3,0,0,7,0,0,0,6,0,1,0,7,11,3,3,9,12,9,0,11,7,7,10,12,12,7,0
0,3,0,0,7,7,0,0,0,3,3,0,0,1,5,1,0,10,3,3,0,0,0,3,0,6,0,6,7,0,3,3,0,3,7,0,0,0,6,0,0,15,7,11,3,3,9,12,0,5,11,7,7,10,12,12,0,0,0,0,0,0,0,0
3,0,0,7,7,0,0,0,3,3,0,0,1,5,1,6,10,3,3,0,0,0,3,0,6,0,6,7,0,3,3,0,3,7,0,0,0,6,0,1,15,7,11,3,3,9,12,9,5,11,7,7,10,12,12,7,0,0,0,0,0,0,0,0
0,0,7,7,0,0,0,0,3,0,0,1,5,1,6,0,3,3,0,0,0,3,0,0,0,6,7,0,3,3,0,0,7,0,0,0,6,0,1,0,7,11,3,3,9,12,9,0,11,7,7,10,12,12,7,0,0,0,0,0,0,0,0,0
0,0,0,0,0,0,0,0,0,1,0,0,0,0,0,0,0,9,3,1,5,3,7,6,0,0,5,0,1,0,3,3,0,9,7,0,7,0,1,3,0,3,7,3,0,1,0,0,0,12,10,10,1,3,3,7,0,1,7,26,5,12,11,17
0,0,0,0,0,0,0,0,1,0,0,0,0,0,0,0,9,3,1,5,3,7,6,9,0,5,0,1,0,3,3,9,9,7,0,7,0,1,3,6,3,7,3,0,1,0,0,3,12,10,10,1,3,3,7,10,1,7,26,5,12,11,17,13
0,0,0,0,0,0,0,0,0,0,0,0,0,0,0,0,3,1,5,3,7,6,9,0,5,0,1,0,3,3,9,0,7,0,7,0,1,3,6,0,7,3,0,1,0,0,3,0,10,10,1,3,3,7,10,0,7,26,5,12,11,17,13,0
0,1,0,0,0,0,0,0,0,9,3,1,5,3,7,6,0,0,5,0,1,0,3,3,0,9,7,0,7,0,1,3,0,3,7,3,0,1,0,0,0,12,10,10,1,3,3,7,0,1,7,26,5,12,11,17,0,3,10,0,15,14,14,18
1,0,0,0,0,0,0,0,9,3,1,5,3,7,6,9,0,5,0,1,0,3,3,9,9,7,0,7,0,1,3,6,3,7,3,0,1,0,0,3,12,10,10,1,3,3,7,10,1,7,26,5,12,11,17,13,3,10,0,15,14,14,18,9
0,0,0,0,0,0,0,0,3,1,5,3,7,6,9,0,5,0,1,0,3,3,9,0,7,0,7,0,1,3,6,0,7,3,0,1,0,0,3,0,10,10,1,3,3,7,10,0,7,26,5,12,11,17,13,0,10,0,15,14,14,18,9,0
0,9,3,1,5,3,7,6,0,0,5,0,1,0,3,3,0,9,7,0,7,0,1,3,0,3,7,3,0,1,0,0,0,12,10,10,1,3,3,7,0,1,7,26,5,12,11,17,0,3,10,0,15,14,14,18,0,0,0,0,0,0,0,0
9,3,1,5,3,7,6,9,0,5,0,1,0,3,3,9,9,7,0,7,0,1,3,6,3,7,3,0,1,0,0,3,12,10,10,1,3,3,7,10,1,7,26,5,12,11,17,13,3,10,0,15,14,14,18,9,0,0,0,0,0,0,0,0
3,1,5,3,7,6,9,0,5,0,1,0,3,3,9,0,7,0,7,0,1,3,6,0,7,3,0,1,0,0,3,0,10,10,1,3,3,7,10,0,7,26,5,12,11,17,13,0,10,0,15,14,14,18,9,0,0,0,0,0,0,0,0,0
0,0,0,0,0,0,0,0,0,6,0,0,0,0,0,0,0,7,7,7,11,6,5,7,0,9,7,20,9,0,5,3,0,0,5,0,12,0,0,3,0,3,7,0,1,0,1,1,0,7,7,11,0,7,0,0,0,5,11,3,7,7,5,5
0,0,0,0,0,0,0,0,6,0,0,0,0,0,0,0,7,7,7,11,6,5,7,3,9,7,20,9,0,5,3,0,0,5,0,12,0,0,3,5,3,7,0,1,0,1,1,0,7,7,11,0,7,0,0,0,5,11,3,7,7,5,5,0
0,0,0,0,0,0,0,0,0,0,0,0,0,0,0,0,7,7,11,6,5,7,3,0,7,20,9,0,5,3,0,0,5,0,12,0,0,3,5,0,7,0,1,0,1,1,0,0,7,11,0,7,0,0,0,0,11,3,7,7,5,5,0,0
0,6,0,0,0,0,0,0,0,7,7,7,11,6,5,7,0,9,7,20,9,0,5,3,0,0,5,0,12,0,0,3,0,3,7,0,1,0,1,1,0,7,7,11,0,7,0,0,0,5,11,3,7,7,5,5,0,7,9,17,7,7,5,9
6,0,0,0,0,0,0,0,7,7,7,11,6,5,7,3,9,7,20,9,0,5,3,0,0,5,0,12,0,0,3,5,3,7,0,1,0,1,1,0,7,7,11,0,7,0,0,0,5,11,3,7,7,5,5,0,7,9,17,7,7,5,9,3
0,0,0,0,0,0,0,0,7,7,11,6,5,7,3,0,7,20,9,0,5,3,0,0,5,0,12,0,0,3,5,0,7,0,1,0,1,1,0,0,7,11,0,7,0,0,0,0,11,3,7,7,5,5,0,0,9,17,7,7,5,9,3,0
0,7,7,7,11,6,5,7,0,9,7,20,9,0,5,3,0,0,5,0,12,0,0,3,0,3,7,0,1,0,1,1,0,7,7,11,0,7,0,0,0,5,11,3,7,7,5,5,0,7,9,17,7,7,5,9,0,0,0,0,0,0,0,0
7,7,7,11,6,5,7,3,9,7,20,9,0,5,3,0,0,5,0,12,0,0,3,5,3,7,0,1,0,1,1,0,7,7,11,0,7,0,0,0,5,11,3,7,7,5,5,0,7,9,17,7,7,5,9,3,0,0,0,0,0,0,0,0
7,7,11,6,5,7,3,0,7,20,9,0,5,3,0,0,5,0,12,0,0,3,5,0,7,0,1,0,1,1,0,0,7,11,0,7,0,0,0,0,11,3,7,7,5,5,0,0,9,17,7,7,5,9,3,0,0,0,0,0,0,0,0,0
0,0,0,0,0,0,0,0,0,0,0,0,0,0,0,0,0,0,0,0,0,3,0,0,0,0,0,0,0,0,0,0,0,0,0,0,0,0,0,0,0,0,0,0,0,0,0,0,0,0,0,0,0,0,0,0,0,0,0,0,0,0,0,0
0,0,0,0,0,0,0,0,0,0,0,0,0,0,0,0,0,0,0,0,3,0,0,0,0,0,0,0,0,0,0,0,0,0,0,0,0,0,0,0,0,0,0,0,0,0,0,0,0,0,0,0,0,0,0,0,0,0,0,0,0,0,0,0
0,0,0,0,0,0,0,0,0,0,0,0,0,0,0,0,0,0,0,3,0,0,0,0,0,0,0,0,0,0,0,0,0,0,0,0,0,0,0,0,0,0,0,0,0,0,0,0,0,0,0,0,0,0,0,0,0,0,0,0,0,0,0,0
0,0,0,0,0,0,0,0,0,0,0,0,0,3,0,0,0,0,0,0,0,0,0,0,0,0,0,0,0,0,0,0,0,0,0,0,0,0,0,0,0,0,0,0,0,0,0,0,0,0,0,0,0,0,0,0,0,0,0,0,0,0,0,0
0,0,0,0,0,0,0,0,0,0,0,0,3,0,0,0,0,0,0,0,0,0,0,0,0,0,0,0,0,0,0,0,0,0,0,0,0,0,0,0,0,0,0,0,0,0,0,0,0,0,0,0,0,0,0,0,0,0,0,0,0,0,0,0
0,0,0,0,0,0,0,0,0,0,0,3,0,0,0,0,0,0,0,0,0,0,0,0,0,0,0,0,0,0,0,0,0,0,0,0,0,0,0,0,0,0,0,0,0,0,0,0,0,0,0,0,0,0,0,0,0,0,0,0,0,0,0,0
0,0,0,0,0,3,0,0,0,0,0,0,0,0,0,0,0,0,0,0,0,0,0,0,0,0,0,0,0,0,0,0,0,0,0,0,0,0,0,0,0,0,0,0,0,0,0,0,0,0,0,0,0,0,0,0,0,0,0,0,0,0,0,0
0,0,0,0,3,0,0,0,0,0,0,0,0,0,0,0,0,0,0,0,0,0,0,0,0,0,0,0,0,0,0,0,0,0,0,0,0,0,0,0,0,0,0,0,0,0,0,0,0,0,0,0,0,0,0,0,0,0,0,0,0,0,0,0
0,0,0,3,0,0,0,0,0,0,0,0,0,0,0,0,0,0,0,0,0,0,0,0,0,0,0,0,0,0,0,0,0,0,0,0,0,0,0,0,0,0,0,0,0,0,0,0,0,0,0,0,0,0,0,0,0,0,0,0,0,0,0,0
0,0,0,0,0,0,0,0,0,0,0,0,0,0,0,0,0,0,0,0,0,0,0,0,0,0,0,0,0,0,0,0,0,0,0,0,0,0,0,0,0,0,0,0,0,0,0,0,0,0,0,0,0,0,0,0,0,0,0,0,0,0,0,0
0,0,0,0,0,0,0,0,0,0,0,0,0,0,0,0,0,0,0,0,0,0,0,0,0,0,0,0,0,0,0,0,0,0,0,0,0,0,0,0,0,0,0,0,0,0,0,0,0,0,0,0,0,0,0,0,0,0,0,0,0,0,0,0
0,0,0,0,0,0,0,0,0,0,0,0,0,0,0,0,0,0,0,0,0,0,0,0,0,0,0,0,0,0,0,0,0,0,0,0,0,0,0,0,0,0,0,0,0,0,0,0,0,0,0,0,0,0,0,0,0,0,0,0,0,0,0,0
0,0,0,0,0,0,0,0,0,0,0,0,0,0,0,0,0,0,0,0,0,0,0,0,0,0,0,0,0,0,0,0,0,0,0,0,0,0,0,0,0,0,0,0,0,0,0,0,0,0,0,0,0,0,0,0,0,0,0,0,0,0,0,0
0,0,0,0,0,0,0,0,0,0,0,0,0,0,0,0,0,0,0,0,0,0,0,0,0,0,0,0,0,0,0,0,0,0,0,0,0,0,0,0,0,0,0,0,0,0,0,0,0,0,0,0,0,0,0,0,0,0,0,0,0,0,0,0
0,0,0,0,0,0,0,0,0,0,0,0,0,0,0,0,0,0,0,0,0,0,0,0,0,0,0,0,0,0,0,0,0,0,0,0,0,0,0,0,0,0,0,0,0,0,0,0,0,0,0,0,0,0,0,0,0,0,0,0,0,0,0,0
0,0,0,0,0,0,0,0,0,0,0,0,0,0,0,0,0,0,0,0,0,0,0,0,0,0,0,0,0,0,0,0,0,0,0,0,0,0,0,0,0,0,0,0,0,0,0,0,0,0,0,0,0,0,0,0,0,0,0,0,0,0,0,0
0,0,0,0,0,0,0,0,0,0,0,0,0,0,0,0,0,0,0,0,0,0,0,0,0,0,0,0,0,0,0,0,0,0,0,0,0,0,0,0,0,0,0,0,0,0,0,0,0,0,0,0,0,0,0,0,0,0,0,0,0,0,0,0
0,0,0,0,0,0,0,0,0,0,0,0,0,0,0,0,0,0,0,0,0,0,0,0,0,0,0,0,0,0,0,0,0,0,0,0,0,0,0,0,0,0,0,0,0,0,0,0,0,0,0,0,0,0,0,0,0,0,0,0,0,0,0,0
0,0,0,0,0,0,0,0,0,1,3,1,6,3,3,3,0,5,0,0,3,3,3,5,0,0,10,0,0,3,7,3,0,13,10,5,0,3,0,7,0,3,15,0,0,1,1,5,0,0,9,0,0,11,6,6,0,1,3,15,1,7,9,6
0,0,0,0,0,0,0,0,1,3,1,6,3,3,3,5,5,0,0,3,3,3,5,6,0,10,0,0,3,7,3,10,13,10,5,0,3,0,7,3,3,15,0,0,1,1,5,9,0,9,0,0,11,6,6,0,1,3,15,1,7,9,6,7
0,0,0,0,0,0,0,0,3,1,6,3,3,3,5,0,0,0,3,3,3,5,6,0,10,0,0,3,7,3,10,0,10,5,0,3,0,7,3,0,15,0,0,1,1,5,9,0,9,0,0,11,6,6,0,0,3,15,1,7,9,6,7,0
0,1,3,1,6,3,3,3,0,5,0,0,3,3,3,5,0,0,10,0,0,3,7,3,0,13,10,5,0,3,0,7,0,3,15,0,0,1,1,5,0,0,9,0,0,11,6,6,0,1,3,15,1,7,9,6,0,1,13,7,7,6,7,3
1,3,1,6,3,3,3,5,5,0,0,3,3,3,5,6,0,10,0,0,3,7,3,10,13,10,5,0,3,0,7,3,3,15,0,0,1,1,5,9,0,9,0,0,11,6,6,0,1,3,15,1,7,9,6,7,1,13,7,7,6,7,3,3
3,1,6,3,3,3,5,0,0,0,3,3,3,5,6,0,10,0,0,3,7,3,10,0,10,5,0,3,0,7,3,0,15,0,0,1,1,5,9,0,9,0,0,11,6,6,0,0,3,15,1,7,9,6,7,0,13,7,7,6,7,3,3,0
0,5,0,0,3,3,3,5,0,0,10,0,0,3,7,3,0,13,10,5,0,3,0,7,0,3,15,0,0,1,1,5,0,0,9,0,0,11,6,6,0,1,3,15,1,7,9,6,0,1,13,7,7,6,7,3,0,0,0,0,0,0,0,0
5,0,0,3,3,3,5,6,0,10,0,0,3,7,3,10,13,10,5,0,3,0,7,3,3,15,0,0,1,1,5,9,0,9,0,0,11,6,6,0,1,3,15,1,7,9,6,7,1,13,7,7,6,7,3,3,0,0,0,0,0,0,0,0
0,0,3,3,3,5,6,0,10,0,0,3,7,3,10,0,10,5,0,3,0,7,3,0,15,0,0,1,1,5,9,0,9,0,0,11,6,6,0,0,3,15,1,7,9,6,7,0,13,7,7,6,7,3,3,0,0,0,0,0,0,0,0,0
0,0,0,0,0,0,0,0,0,0,0,0,0,0,0,0,0,0,0,0,0,1,0,0,0,0,3,0,0,0,0,3,0,0,0,0,0,0,0,0,0,0,0,0,0,1,0,0,0,0,0,0,3,0,1,0,0,0,0,0,0,0,0,0
0,0,0,0,0,0,0,0,0,0,0,0,0,0,0,0,0,0,0,0,1,0,0,0,0,3,0,0,0,0,3,0,0,0,0,0,0,0,0,0,0,0,0,0,1,0,0,0,0,0,0,3,0,1,0,0,0,0,0,0,0,0,0,0
0,0,0,0,0,0,0,0,0,0,0,0,0,0,0,0,0,0,0,1,0,0,0,0,3,0,0,0,0,3,0,0,0,0,0,0,0,0,0,0,0,0,0,1,0,0,0,0,0,0,3,0,1,0,0,0,0,0,0,0,0,0,0,0
0,0,0,0,0,0,0,0,0,0,0,0,0,1,0,0,0,0,3,0,0,0,0,3,0,0,0,0,0,0,0,0,0,0,0,0,0,1,0,0,0,0,0,0,3,0,1,0,0,0,0,0,0,0,0,0,0,0,0,0,0,0,0,0
0,0,0,0,0,0,0,0,0,0,0,0,1,0,0,0,0,3,0,0,0,0,3,0,0,0,0,0,0,0,0,0,0,0,0,0,1,0,0,0,0,0,0,3,0,1,0,0,0,0,0,0,0,0,0,0,0,0,0,0,0,0,0,0
0,0,0,0,0,0,0,0,0,0,0,1,0,0,0,0,3,0,0,0,0,3,0,0,0,0,0,0,0,0,0,0,0,0,0,1,0,0,0,0,0,0,3,0,1,0,0,0,0,0,0,0,0,0,0,0,0,0,0,0,0,0,0,0
0,0,0,0,0,1,0,0,0,0,3,0,0,0,0,3,0,0,0,0,0,0,0,0,0,0,0,0,0,1,0,0,0,0,0,0,3,0,1,0,0,0,0,0,0,0,0,0,0,0,0,0,0,0,0,0,0,0,0,0,0,0,0,0
0,0,0,0,1,0,0,0,0,3,0,0,0,0,3,0,0,0,0,0,0,0,0,0,0,0,0,0,1,0,0,0,0,0,0,3,0,1,0,0,0,0,0,0,0,0,0,0,0,0,0,0,0,0,0,0,0,0,0,0,0,0,0,0
0,0,0,1,0,0,0,0,3,0,0,0,0,3,0,0,0,0,0,0,0,0,0,0,0,0,0,1,0,0,0,0,0,0,3,0,1,0,0,0,0,0,0,0,0,0,0,0,0,0,0,0,0,0,0,0,0,0,0,0,0,0,0,0
0,0,0,0,0,0,0,0,0,5,0,1,0,1,3,3,0,6,0,0,5,0,0,1,0,0,0,0,3,3,0,3,0,0,13,0,10,0,0,3,0,0,13,0,20,1,9,7,0,3,10,0,0,5,0,0,0,0,0,19,0,0,0,0
0,0,0,0,0,0,0,0,5,0,1,0,1,3,3,0,6,0,0,5,0,0,1,3,0,0,0,3,3,0,3,0,0,13,0,10,0,0,3,0,0,13,0,20,1,9,7,0,3,10,0,0,5,0,0,3,0,0,19,0,0,0,0,0
0,0,0,0,0,0,0,0,0,1,0,1,3,3,0,0,0,0,5,0,0,1,3,0,0,0,3,3,0,3,0,0,13,0,10,0,0,3,0,0,13,0,20,1,9,7,0,0,10,0,0,5,0,0,3,0,0,19,0,0,0,0,0,0
0,5,0,1,0,1,3,3,0,6,0,0,5,0,0,1,0,0,0,0,3,3,0,3,0,0,13,0,10,0,0,3,0,0,13,0,20,1,9,7,0,3,10,0,0,5,0,0,0,0,0,19,0,0,0,0,0,5,0,18,1,0,0,0
5,0,1,0,1,3,3,0,6,0,0,5,0,0,1,3,0,0,0,3,3,0,3,0,0,13,0,10,0,0,3,0,0,13,0,20,1,9,7,0,3,10,0,0,5,0,0,3,0,0,19,0,0,0,0,0,5,0,18,1,0,0,0,1
0,1,0,1,3,3,0,0,0,0,5,0,0,1,3,0,0,0,3,3,0,3,0,0,13,0,10,0,0,3,0,0,13,0,20,1,9,7,0,0,10,0,0,5,0,0,3,0,0,19,0,0,0,0,0,0,0,18,1,0,0,0,1,0
0,6,0,0,5,0,0,1,0,0,0,0,3,3,0,3,0,0,13,0,10,0,0,3,0,0,13,0,20,1,9,7,0,3,10,0,0,5,0,0,0,0,0,19,0,0,0,0,0,5,0,18,1,0,0,0,0,0,0,0,0,0,0,0
6,0,0,5,0,0,1,3,0,0,0,3,3,0,3,0,0,13,0,10,0,0,3,0,0,13,0,20,1,9,7,0,3,10,0,0,5,0,0,3,0,0,19,0,0,0,0,0,5,0,18,1,0,0,0,1,0,0,0,0,0,0,0,0
0,0,5,0,0,1,3,0,0,0,3,3,0,3,0,0,13,0,10,0,0,3,0,0,13,0,20,1,9,7,0,0,10,0,0,5,0,0,3,0,0,19,0,0,0,0,0,0,0,18,1,0,0,0,1,0,0,0,0,0,0,0,0,0
0,0,0,0,0,0,0,0,0,0,0,0,0,0,0,0,0,0,1,0,0,0,6,0,0,0,0,0,3,0,0,0,0,0,0,0,0,0,0,0,0,0,0,7,0,1,0,0,0,0,0,3,3,0,3,7,0,0,0,0,3,0,0,0
0,0,0,0,0,0,0,0,0,0,0,0,0,0,0,0,0,1,0,0,0,6,0,1,0,0,0,3,0,0,0,0,0,0,0,0,0,0,0,0,0,0,7,0,1,0,0,3,0,0,3,3,0,3,7,7,0,0,0,3,0,0,0,0
0,0,0,0,0,0,0,0,0,0,0,0,0,0,0,0,1,0,0,0,6,0,1,0,0,0,3,0,0,0,0,0,0,0,0,0,0,0,0,0,0,7,0,1,0,0,3,0,0,3,3,0,3,7,7,0,0,0,3,0,0,0,0,0
0,0,0,0,0,0,0,0,0,0,1,0,0,0,6,0,0,0,0,0,3,0,0,0,0,0,0,0,0,0,0,0,0,0,0,7,0,1,0,0,0,0,0,3,3,0,3,7,0,0,0,0,3,0,0,0,0,0,0,0,0,0,0,0
0,0,0,0,0,0,0,0,0,1,0,0,0,6,0,1,0,0,0,3,0,0,0,0,0,0,0,0,0,0,0,0,0,0,7,0,1,0,0,3,0,0,3,3,0,3,7,7,0,0,0,3,0,0,0,0,0,0,0,0,0,0,0,0
0,0,0,0,0,0,0,0,1,0,0,0,6,0,1,0,0,0,3,0,0,0,0,0,0,0,0,0,0,0,0,0,0,7,0,1,0,0,3,0,0,3,3,0,3,7,7,0,0,0,3,0,0,0,0,0,0,0,0,0,0,0,0,0
0,0,1,0,0,0,6,0,0,0,0,0,3,0,0,0,0,0,0,0,0,0,0,0,0,0,0,7,0,1,0,0,0,0,0,3,3,0,3,7,0,0,0,0,3,0,0,0,0,0,0,0,0,0,0,0,0,0,0,0,0,0,0,0
0,1,0,0,0,6,0,1,0,0,0,3,0,0,0,0,0,0,0,0,0,0,0,0,0,0,7,0,1,0,0,3,0,0,3,3,0,3,7,7,0,0,0,3,0,0,0,0,0,0,0,0,0,0,0,0,0,0,0,0,0,0,0,0
1,0,0,0,6,0,1,0,0,0,3,0,0,0,0,0,0,0,0,0,0,0,0,0,0,7,0,1,0,0,3,0,0,3,3,0,3,7,7,0,0,0,3,0,0,0,0,0,0,0,0,0,0,0,0,0,0,0,0,0,0,0,0,0
0,0,0,0,0,0,0,0,0,0,0,0,0,0,0,0,0,0,0,0,0,0,0,0,0,0,0,0,0,3,0,3,0,0,0,0,0,0,0,1,0,0,0,0,0,0,0,0,0,0,0,0,3,0,1,7,0,0,0,0,0,3,0,0
0,0,0,0,0,0,0,0,0,0,0,0,0,0,0,0,0,0,0,0,0,0,0,1,0,0,0,0,3,0,3,6,0,0,0,0,0,0,1,0,0,0,0,0,0,0,0,0,0,0,0,3,0,1,7,0,0,0,0,0,3,0,0,0
0,0,0,0,0,0,0,0,0,0,0,0,0,0,0,0,0,0,0,0,0,0,1,0,0,0,0,3,0,3,6,0,0,0,0,0,0,1,0,0,0,0,0,0,0,0,0,0,0,0,3,0,1,7,0,0,0,0,0,3,0,0,0,0
0,0,0,0,0,0,0,0,0,0,0,0,0,0,0,0,0,0,0,0,0,3,0,3,0,0,0,0,0,0,0,1,0,0,0,0,0,0,0,0,0,0,0,0,3,0,1,7,0,0,0,0,0,3,0,0,0,0,0,0,0,0,0,0
0,0,0,0,0,0,0,0,0,0,0,0,0,0,0,1,0,0,0,0,3,0,3,6,0,0,0,0,0,0,1,0,0,0,0,0,0,0,0,0,0,0,0,3,0,1,7,0,0,0,0,0,3,0,0,0,0,0,0,0,0,0,0,0
0,0,0,0,0,0,0,0,0,0,0,0,0,0,1,0,0,0,0,3,0,3,6,0,0,0,0,0,0,1,0,0,0,0,0,0,0,0,0,0,0,0,3,0,1,7,0,0,0,0,0,3,0,0,0,0,0,0,0,0,0,0,0,0
0,0,0,0,0,0,0,0,0,0,0,0,0,3,0,3,0,0,0,0,0,0,0,1,0,0,0,0,0,0,0,0,0,0,0,0,3,0,1,7,0,0,0,0,0,3,0,0,0,0,0,0,0,0,0,0,0,0,0,0,0,0,0,0
0,0,0,0,0,0,0,1,0,0,0,0,3,0,3,6,0,0,0,0,0,0,1,0,0,0,0,0,0,0,0,0,0,0,0,3,0,1,7,0,0,0,0,0,3,0,0,0,0,0,0,0,0,0,0,0,0,0,0,0,0,0,0,0
0,0,0,0,0,0,1,0,0,0,0,3,0,3,6,0,0,0,0,0,0,1,0,0,0,0,0,0,0,0,0,0,0,0,3,0,1,7,0,0,0,0,0,3,0,0,0,0,0,0,0,0,0,0,0,0,0,0,0,0,0,0,0,0
0,0,0,0,0,0,0,0,0,6,0,0,0,0,0,0,0,0,0,0,0,0,0,0,0,0,1,0,0,0,0,0,0,0,0,0,0,0,0,0,0,0,0,0,0,0,0,0,0,0,12,0,3,0,0,0,0,0,0,14,0,0,0,0
0,0,0,0,0,0,0,0,6,0,0,0,0,0,0,0,0,0,0,0,0,0,0,0,0,1,0,0,0,0,0,0,0,0,0,0,0,0,0,0,0,0,0,0,0,0,0,3,0,12,0,3,0,0,0,0,0,0,14,0,0,0,0,0
0,0,0,0,0,0,0,0,0,0,0,0,0,0,0,0,0,0,0,0,0,0,0,0,1,0,0,0,0,0,0,0,0,0,0,0,0,0,0,0,0,0,0,0,0,0,3,0,12,0,3,0,0,0,0,0,0,14,0,0,0,0,0,0
0,6,0,0,0,0,0,0,0,0,0,0,0,0,0,0,0,0,1,0,0,0,0,0,0,0,0,0,0,0,0,0,0,0,0,0,0,0,0,0,0,0,12,0,3,0,0,0,0,0,0,14,0,0,0,0,0,0,0,0,0,0,0,0
6,0,0,0,0,0,0,0,0,0,0,0,0,0,0,0,0,1,0,0,0,0,0,0,0,0,0,0,0,0,0,0,0,0,0,0,0,0,0,3,0,12,0,3,0,0,0,0,0,0,14,0,0,0,0,0,0,0,0,0,0,0,0,0
0,0,0,0,0,0,0,0,0,0,0,0,0,0,0,0,1,0,0,0,0,0,0,0,0,0,0,0,0,0,0,0,0,0,0,0,0,0,3,0,12,0,3,0,0,0,0,0,0,14,0,0,0,0,0,0,0,0,0,0,0,0,0,0
0,0,0,0,0,0,0,0,0,0,1,0,0,0,0,0,0,0,0,0,0,0,0,0,0,0,0,0,0,0,0,0,0,0,12,0,3,0,0,0,0,0,0,14,0,0,0,0,0,0,0,0,0,0,0,0,0,0,0,0,0,0,0,0
0,0,0,0,0,0,0,0,0,1,0,0,0,0,0,0,0,0,0,0,0,0,0,0,0,0,0,0,0,0,0,3,0,12,0,3,0,0,0,0,0,0,14,0,0,0,0,0,0,0,0,0,0,0,0,0,0,0,0,0,0,0,0,0
0,0,0,0,0,0,0,0,1,0,0,0,0,0,0,0,0,0,0,0,0,0,0,0,0,0,0,0,0,0,3,0,12,0,3,0,0,0,0,0,0,14,0,0,0,0,0,0,0,0,0,0,0,0,0,0,0,0,0,0,0,0,0,0
0,0,0,0,0,0,0,0,0,0,0,0,0,0,0,0,0,1,0,0,3,3,7,5,0,11,0,5,1,0,7,6,0,7,9,3,5,7,15,3,0,9,15,0,7,3,3,6,0,10,14,12,0,14,12,6,0,12,9,25,3,5,5,1
0,0,0,0,0,0,0,0,0,0,0,0,0,0,0,0,1,0,0,3,3,7,5,5,11,0,5,1,0,7,6,6,7,9,3,5,7,15,3,5,9,15,0,7,3,3,6,0,10,14,12,0,14,12,6,5,12,9,25,3,5,5,1,3
0,0,0,0,0,0,0,0,0,0,0,0,0,0,0,0,0,0,3,3,7,5,5,0,0,5,1,0,7,6,6,0,9,3,5,7,15,3,5,0,15,0,7,3,3,6,0,0,14,12,0,14,12,6,5,0,9,25,3,5,5,1,3,0
0,0,0,0,0,0,0,0,0,1,0,0,3,3,7,5,0,11,0,5,1,0,7,6,0,7,9,3,5,7,15,3,0,9,15,0,7,3,3,6,0,10,14,12,0,14,12,6,0,12,9,25,3,5,5,1,0,6,3,6,1,0,0,0
0,0,0,0,0,0,0,0,1,0,0,3,3,7,5,5,11,0,5,1,0,7,6,6,7,9,3,5,7,15,3,5,9,15,0,7,3,3,6,0,10,14,12,0,14,12,6,5,12,9,25,3,5,5,1,3,6,3,6,1,0,0,0,0
0,0,0,0,0,0,0,0,0,0,3,3,7,5,5,0,0,5,1,0,7,6,6,0,9,3,5,7,15,3,5,0,15,0,7,3,3,6,0,0,14,12,0,14,12,6,5,0,9,25,3,5,5,1,3,0,3,6,1,0,0,0,0,0
0,1,0,0,3,3,7,5,0,11,0,5,1,0,7,6,0,7,9,3,5,7,15,3,0,9,15,0,7,3,3,6,0,10,14,12,0,14,12,6,0,12,9,25,3,5,5,1,0,6,3,6,1,0,0,0,0,0,0,0,0,0,0,0
1,0,0,3,3,7,5,5,11,0,5,1,0,7,6,6,7,9,3,5,7,15,3,5,9,15,0,7,3,3,6,0,10,14,12,0,14,12,6,5,12,9,25,3,5,5,1,3,6,3,6,1,0,0,0,0,0,0,0,0,0,0,0,0
0,0,3,3,7,5,5,0,0,5,1,0,7,6,6,0,9,3,5,7,15,3,5,0,15,0,7,3,3,6,0,0,14,12,0,14,12,6,5,0,9,25,3,5,5,1,3,0,3,6,1,0,0,0,0,0,0,0,0,0,0,0,0,0
0,0,0,0,0,0,0,0,0,0,0,0,0,0,0,0,0,1,0,0,0,1,5,3,0,3,3,3,0,7,6,3,0,11,3,0,18,1,12,3,0,21,15,0,5,3,0,3,0,7,15,24,5,11,3,9,0,3,7,34,11,7,9,10
0,0,0,0,0,0,0,0,0,0,0,0,0,0,0,0,1,0,0,0,1,5,3,6,3,3,3,0,7,6,3,7,11,3,0,18,1,12,3,9,21,15,0,5,3,0,3,1,7,15,24,5,11,3,9,0,3,7,34,11,7,9,10,11
0,0,0,0,0,0,0,0,0,0,0,0,0,0,0,0,0,0,0,1,5,3,6,0,3,3,0,7,6,3,7,0,3,0,18,1,12,3,9,0,15,0,5,3,0,3,1,0,15,24,5,11,3,9,0,0,7,34,11,7,9,10,11,0
0,0,0,0,0,0,0,0,0,1,0,0,0,1,5,3,0,3,3,3,0,7,6,3,0,11,3,0,18,1,12,3,0,21,15,0,5,3,0,3,0,7,15,24,5,11,3,9,0,3,7,34,11,7,9,10,0,7,11,3,11,13,13,14
0,0,0,0,0,0,0,0,1,0,0,0,1,5,3,6,3,3,3,0,7,6,3,7,11,3,0,18,1,12,3,9,21,15,0,5,3,0,3,1,7,15,24,5,11,3,9,0,3,7,34,11,7,9,10,11,7,11,3,11,13,13,14,13
0,0,0,0,0,0,0,0,0,0,0,1,5,3,6,0,3,3,0,7,6,3,7,0,3,0,18,1,12,3,9,0,15,0,5,3,0,3,1,0,15,24,5,11,3,9,0,0,7,34,11,7,9,10,11,0,11,3,11,13,13,14,13,0
0,1,0,0,0,1,5,3,0,3,3,3,0,7,6,3,0,11,3,0,18,1,12,3,0,21,15,0,5,3,0,3,0,7,15,24,5,11,3,9,0,3,7,34,11,7,9,10,0,7,11,3,11,13,13,14,0,0,0,0,0,0,0,0
1,0,0,0,1,5,3,6,3,3,3,0,7,6,3,7,11,3,0,18,1,12,3,9,21,15,0,5,3,0,3,1,7,15,24,5,11,3,9,0,3,7,34,11,7,9,10,11,7,11,3,11,13,13,14,13,0,0,0,0,0,0,0,0
0,0,0,1,5,3,6,0,3,3,0,7,6,3,7,0,3,0,18,1,12,3,9,0,15,0,5,3,0,3,1,0,15,24,5,11,3,9,0,0,7,34,11,7,9,10,11,0,11,3,11,13,13,14,13,0,0,0,0,0,0,0,0,0
0,0,0,0,0,0,0,0,0,0,0,0,0,0,3,3,0,7,3,0,3,13,0,5,0,0,0,0,0,3,3,10,0,6,3,7,7,0,5,6,0,3,0,0,13,3,10,13,0,1,3,0,0,0,11,1,0,0,0,20,9,7,10,7
0,0,0,0,0,0,0,0,0,0,0,0,0,3,3,3,7,3,0,3,13,0,5,6,0,0,0,0,3,3,10,9,6,3,7,7,0,5,6,1,3,0,0,13,3,10,13,1,1,3,0,0,0,11,1,0,0,0,20,9,7,10,7,7
0,0,0,0,0,0,0,0,0,0,0,0,3,3,3,0,3,0,3,13,0,5,6,0,0,0,0,3,3,10,9,0,3,7,7,0,5,6,1,0,0,0,13,3,10,13,1,0,3,0,0,0,11,1,0,0,0,20,9,7,10,7,7,0
0,0,0,0,0,0,3,3,0,7,3,0,3,13,0,5,0,0,0,0,0,3,3,10,0,6,3,7,7,0,5,6,0,3,0,0,13,3,10,13,0,1,3,0,0,0,11,1,0,0,0,20,9,7,10,7,0,0,9,0,7,10,10,10
0,0,0,0,0,3,3,3,7,3,0,3,13,0,5,6,0,0,0,0,3,3,10,9,6,3,7,7,0,5,6,1,3,0,0,13,3,10,13,1,1,3,0,0,0,11,1,0,0,0,20,9,7,10,7,7,0,9,0,7,10,10,10,10
0,0,0,0,3,3,3,0,3,0,3,13,0,5,6,0,0,0,0,3,3,10,9,0,3,7,7,0,5,6,1,0,0,0,13,3,10,13,1,0,3,0,0,0,11,1,0,0,0,20,9,7,10,7,7,0,9,0,7,10,10,10,10,0
0,7,3,0,3,13,0,5,0,0,0,0,0,3,3,10,0,6,3,7,7,0,5,6,0,3,0,0,13,3,10,13,0,1,3,0,0,0,11,1,0,0,0,20,9,7,10,7,0,0,9,0,7,10,10,10,0,0,0,0,0,0,0,0
7,3,0,3,13,0,5,6,0,0,0,0,3,3,10,9,6,3,7,7,0,5,6,1,3,0,0,13,3,10,13,1,1,3,0,0,0,11,1,0,0,0,20,9,7,10,7,7,0,9,0,7,10,10,10,10,0,0,0,0,0,0,0,0
3,0,3,13,0,5,6,0,0,0,0,3,3,10,9,0,3,7,7,0,5,6,1,0,0,0,13,3,10,13,1,0,3,0,0,0,11,1,0,0,0,20,9,7,10,7,7,0,9,0,7,10,10,10,10,0,0,0,0,0,0,0,0,0
0,0,0,0,0,0,0,0,0,9,3,3,1,1,1,0,0,11,6,7,15,7,7,9,0,13,11,13,3,9,7,5,0,14,14,0,9,10,15,6,0,21,26,14,12,6,0,10,0,12,18,24,3,22,14,11,0,17,14,39,12,3,10,5
0,0,0,0,0,0,0,0,9,3,3,1,1,1,0,5,11,6,7,15,7,7,9,3,13,11,13,3,9,7,5,9,14,14,0,9,10,15,6,11,21,26,14,12,6,0,10,6,12,18,24,3,22,14,11,13,17,14,39,12,3,10,5,3
0,0,0,0,0,0,0,0,3,3,1,1,1,0,5,0,6,7,15,7,7,9,3,0,11,13,3,9,7,5,9,0,14,0,9,10,15,6,11,0,26,14,12,6,0,10,6,0,18,24,3,22,14,11,13,0,14,39,12,3,10,5,3,0
0,9,3,3,1,1,1,0,0,11,6,7,15,7,7,9,0,13,11,13,3,9,7,5,0,14,14,0,9,10,15,6,0,21,26,14,12,6,0,10,0,12,18,24,3,22,14,11,0,17,14,39,12,3,10,5,0,9,6,15,3,3,5,5
9,3,3,1,1,1,0,5,11,6,7,15,7,7,9,3,13,11,13,3,9,7,5,9,14,14,0,9,10,15,6,11,21,26,14,12,6,0,10,6,12,18,24,3,22,14,11,13,17,14,39,12,3,10,5,3,9,6,15,3,3,5,5,3
3,3,1,1,1,0,5,0,6,7,15,7,7,9,3,0,11,13,3,9,7,5,9,0,14,0,9,10,15,6,11,0,26,14,12,6,0,10,6,0,18,24,3,22,14,11,13,0,14,39,12,3,10,5,3,0,6,15,3,3,5,5,3,0
0,11,6,7,15,7,7,9,0,13,11,13,3,9,7,5,0,14,14,0,9,10,15,6,0,21,26,14,12,6,0,10,0,12,18,24,3,22,14,11,0,17,14,39,12,3,10,5,0,9,6,15,3,3,5,5,0,0,0,0,0,0,0,0
11,6,7,15,7,7,9,3,13,11,13,3,9,7,5,9,14,14,0,9,10,15,6,11,21,26,14,12,6,0,10,6,12,18,24,3,22,14,11,13,17,14,39,12,3,10,5,3,9,6,15,3,3,5,5,3,0,0,0,0,0,0,0,0
6,7,15,7,7,9,3,0,11,13,3,9,7,5,9,0,14,0,9,10,15,6,11,0,26,14,12,6,0,10,6,0,18,24,3,22,14,11,13,0,14,39,12,3,10,5,3,0,6,15,3,3,5,5,3,0,0,0,0,0,0,0,0,0
0,0,0,0,0,0,0,0,0,9,10,9,11,15,7,13,0,12,3,6,6,10,9,15,0,3,9,0,0,13,6,11,0,3,12,7,7,12,5,12,0,0,12,1,15,9,12,12,0,9,15,0,3,9,7,10,0,5,7,20,18,12,7,7
0,0,0,0,0,0,0,0,9,10,9,11,15,7,13,12,12,3,6,6,10,9,15,7,3,9,0,0,13,6,11,12,3,12,7,7,12,5,12,12,0,12,1,15,9,12,12,10,9,15,0,3,9,7,10,0,5,7,20,18,12,7,7,7
0,0,0,0,0,0,0,0,10,9,11,15,7,13,12,0,3,6,6,10,9,15,7,0,9,0,0,13,6,11,12,0,12,7,7,12,5,12,12,0,12,1,15,9,12,12,10,0,15,0,3,9,7,10,0,0,7,20,18,12,7,7,7,0
0,9,10,9,11,15,7,13,0,12,3,6,6,10,9,15,0,3,9,0,0,13,6,11,0,3,12,7,7,12,5,12,0,0,12,1,15,9,12,12,0,9,15,0,3,9,7,10,0,5,7,20,18,12,7,7,0,3,9,15,14,7,7,9
9,10,9,11,15,7,13,12,12,3,6,6,10,9,15,7,3,9,0,0,13,6,11,12,3,12,7,7,12,5,12,12,0,12,1,15,9,12,12,10,9,15,0,3,9,7,10,0,5,7,20,18,12,7,7,7,3,9,15,14,7,7,9,10
10,9,11,15,7,13,12,0,3,6,6,10,9,15,7,0,9,0,0,13,6,11,12,0,12,7,7,12,5,12,12,0,12,1,15,9,12,12,10,0,15,0,3,9,7,10,0,0,7,20,18,12,7,7,7,0,9,15,14,7,7,9,10,0
0,12,3,6,6,10,9,15,0,3,9,0,0,13,6,11,0,3,12,7,7,12,5,12,0,0,12,1,15,9,12,12,0,9,15,0,3,9,7,10,0,5,7,20,18,12,7,7,0,3,9,15,14,7,7,9,0,0,0,0,0,0,0,0
12,3,6,6,10,9,15,7,3,9,0,0,13,6,11,12,3,12,7,7,12,5,12,12,0,12,1,15,9,12,12,10,9,15,0,3,9,7,10,0,5,7,20,18,12,7,7,7,3,9,15,14,7,7,9,10,0,0,0,0,0,0,0,0
3,6,6,10,9,15,7,0,9,0,0,13,6,11,12,0,12,7,7,12,5,12,12,0,12,1,15,9,12,12,10,0,15,0,3,9,7,10,0,0,7,20,18,12,7,7,7,0,9,15,14,7,7,9,10,0,0,0,0,0,0,0,0,0
0,0,0,0,0,0,0,0,0,0,0,3,3,3,5,7,0,0,3,0,0,7,0,0,0,0,0,0,1,0,0,0,0,0,0,7,0,0,0,0,0,0,0,0,0,0,6,6,0,0,0,0,3,0,3,0,0,0,5,0,3,0,0,1
0,0,0,0,0,0,0,0,0,0,3,3,3,5,7,5,0,3,0,0,7,0,0,0,0,0,0,1,0,0,0,0,0,0,7,0,0,0,0,0,0,0,0,0,0,6,6,0,0,0,0,3,0,3,0,0,0,5,0,3,0,0,1,0
0,0,0,0,0,0,0,0,0,3,3,3,5,7,5,0,3,0,0,7,0,0,0,0,0,0,1,0,0,0,0,0,0,7,0,0,0,0,0,0,0,0,0,0,6,6,0,0,0,0,3,0,3,0,0,0,5,0,3,0,0,1,0,0
0,0,0,3,3,3,5,7,0,0,3,0,0,7,0,0,0,0,0,0,1,0,0,0,0,0,0,7,0,0,0,0,0,0,0,0,0,0,6,6,0,0,0,0,3,0,3,0,0,0,5,0,3,0,0,1,0,0,7,0,3,1,0,5
0,0,3,3,3,5,7,5,0,3,0,0,7,0,0,0,0,0,0,1,0,0,0,0,0,0,7,0,0,0,0,0,0,0,0,0,0,6,6,0,0,0,0,3,0,3,0,0,0,5,0,3,0,0,1,0,0,7,0,3,1,0,5,0
0,3,3,3,5,7,5,0,3,0,0,7,0,0,0,0,0,0,1,0,0,0,0,0,0,7,0,0,0,0,0,0,0,0,0,0,6,6,0,0,0,0,3,0,3,0,0,0,5,0,3,0,0,1,0,0,7,0,3,1,0,5,0,0
0,0,3,0,0,7,0,0,0,0,0,0,1,0,0,0,0,0,0,7,0,0,0,0,0,0,0,0,0,0,6,6,0,0,0,0,3,0,3,0,0,0,5,0,3,0,0,1,0,0,7,0,3,1,0,5,0,0,0,0,0,0,0,0
0,3,0,0,7,0,0,0,0,0,0,1,0,0,0,0,0,0,7,0,0,0,0,0,0,0,0,0,0,6,6,0,0,0,0,3,0,3,0,0,0,5,0,3,0,0,1,0,0,7,0,3,1,0,5,0,0,0,0,0,0,0,0,0
3,0,0,7,0,0,0,0,0,0,1,0,0,0,0,0,0,7,0,0,0,0,0,0,0,0,0,0,6,6,0,0,0,0,3,0,3,0,0,0,5,0,3,0,0,1,0,0,7,0,3,1,0,5,0,0,0,0,0,0,0,0,0,0
0,0,0,0,0,0,0,0,0,0,0,0,0,0,0,0,0,7,0,0,0,0,0,0,0,1,0,0,0,0,0,0,0,0,0,0,1,0,0,0,0,0,0,0,0,0,0,0,0,12,0,0,0,3,0,0,0,7,0,0,0,0,0,1
0,0,0,0,0,0,0,0,0,0,0,0,0,0,0,0,7,0,0,0,0,0,0,0,1,0,0,0,0,0,0,0,0,0,0,1,0,0,0,0,0,0,0,0,0,0,0,0,12,0,0,0,3,0,0,0,7,0,0,0,0,0,1,0
0,0,0,0,0,0,0,0,0,0,0,0,0,0,0,0,0,0,0,0,0,0,0,0,0,0,0,0,0,0,0,0,0,0,1,0,0,0,0,0,0,0,0,0,0,0,0,0,0,0,0,3,0,0,0,0,0,0,0,0,0,1,0,0
0,0,0,0,0,0,0,0,0,7,0,0,0,0,0,0,0,1,0,0,0,0,0,0,0,0,0,0,1,0,0,0,0,0,0,0,0,0,0,0,0,12,0,0,0,3,0,0,0,7,0,0,0,0,0,1,0,3,0,7,0,0,0,3
0,0,0,0,0,0,0,0,7,0,0,0,0,0,0,0,1,0,0,0,0,0,0,0,0,0,0,1,0,0,0,0,0,0,0,0,0,0,0,0,12,0,0,0,3,0,0,0,7,0,0,0,0,0,1,0,3,0,7,0,0,0,3,0
0,0,0,0,0,0,0,0,0,0,0,0,0,0,0,0,0,0,0,0,0,0,0,0,0,0,1,0,0,0,0,0,0,0,0,0,0,0,0,0,0,0,0,3,0,0,0,0,0,0,0,0,0,1,0,0,0,7,0,0,0,3,0,0
0,7,0,0,0,0,0,0,0,1,0,0,0,0,0,0,0,0,0,0,1,0,0,0,0,0,0,0,0,0,0,0,0,12,0,0,0,3,0,0,0,7,0,0,0,0,0,1,0,3,0,7,0,0,0,3,0,0,0,0,0,0,0,0
7,0,0,0,0,0,0,0,1,0,0,0,0,0,0,0,0,0,0,1,0,0,0,0,0,0,0,0,0,0,0,0,12,0,0,0,3,0,0,0,7,0,0,0,0,0,1,0,3,0,7,0,0,0,3,0,0,0,0,0,0,0,0,0
0,0,0,0,0,0,0,0,0,0,0,0,0,0,0,0,0,0,1,0,0,0,0,0,0,0,0,0,0,0,0,0,0,0,0,3,0,0,0,0,0,0,0,0,0,1,0,0,0,7,0,0,0,3,0,0,0,0,0,0,0,0,0,0
0,0,0,0,0,0,0,0,0,1,12,13,14,14,11,13,0,0,7,10,7,17,3,0,0,5,3,5,3,7,9,7,0,3,9,7,17,7,9,12,0,1,13,7,13,10,7,17,0,0,12,22,9,19,24,3,0,15,6,27,19,9,12,9
0,0,0,0,0,0,0,0,1,12,13,14,14,11,13,17,0,7,10,7,17,3,0,11,5,3,5,3,7,9,7,5,3,9,7,17,7,9,12,3,1,13,7,13,10,7,17,12,0,12,22,9,19,24,3,1,15,6,27,19,9,12,9,10
0,0,0,0,0,0,0,0,12,13,14,14,11,13,17,0,7,10,7,17,3,0,11,0,3,5,3,7,9,7,5,0,9,7,17,7,9,12,3,0,13,7,13,10,7,17,12,0,12,22,9,19,24,3,1,0,6,27,19,9,12,9,10,0
0,1,12,13,14,14,11,13,0,0,7,10,7,17,3,0,0,5,3,5,3,7,9,7,0,3,9,7,17,7,9,12,0,1,13,7,13,10,7,17,0,0,12,22,9,19,24,3,0,15,6,27,19,9,12,9,0,12,12,26,18,15,17,15
1,12,13,14,14,11,13,17,0,7,10,7,17,3,0,11,5,3,5,3,7,9,7,5,3,9,7,17,7,9,12,3,1,13,7,13,10,7,17,12,0,12,22,9,19,24,3,1,15,6,27,19,9,12,9,10,12,12,26,18,15,17,15,12
12,13,14,14,11,13,17,0,7,10,7,17,3,0,11,0,3,5,3,7,9,7,5,0,9,7,17,7,9,12,3,0,13,7,13,10,7,17,12,0,12,22,9,19,24,3,1,0,6,27,19,9,12,9,10,0,12,26,18,15,17,15,12,0
0,0,7,10,7,17,3,0,0,5,3,5,3,7,9,7,0,3,9,7,17,7,9,12,0,1,13,7,13,10,7,17,0,0,12,22,9,19,24,3,0,15,6,27,19,9,12,9,0,12,12,26,18,15,17,15,0,0,0,0,0,0,0,0
0,7,10,7,17,3,0,11,5,3,5,3,7,9,7,5,3,9,7,17,7,9,12,3,1,13,7,13,10,7,17,12,0,12,22,9,19,24,3,1,15,6,27,19,9,12,9,10,12,12,26,18,15,17,15,12,0,0,0,0,0,0,0,0
7,10,7,17,3,0,11,0,3,5,3,7,9,7,5,0,9,7,17,7,9,12,3,0,13,7,13,10,7,17,12,0,12,22,9,19,24,3,1,0,6,27,19,9,12,9,10,0,12,26,18,15,17,15,12,0,0,0,0,0,0,0,0,0
0,0,0,0,0,0,0,0,0,0,6,6,3,7,7,3,0,5,6,5,0,7,9,14,0,3,15,5,9,9,7,12,0,9,9,6,6,3,11,11,0,11,1,1,3,0,7,7,0,7,1,7,15,0,19,19,0,7,11,9,14,17,21,15
0,0,0,0,0,0,0,0,0,6,6,3,7,7,3,6,5,6,5,0,7,9,14,5,3,15,5,9,9,7,12,15,9,9,6,6,3,11,11,10,11,1,1,3,0,7,7,3,7,1,7,15,0,19,19,7,7,11,9,14,17,21,15,12
0,0,0,0,0,0,0,0,6,6,3,7,7,3,6,0,6,5,0,7,9,14,5,0,15,5,9,9,7,12,15,0,9,6,6,3,11,11,10,0,1,1,3,0,7,7,3,0,1,7,15,0,19,19,7,0,11,9,14,17,21,15,12,0
0,0,6,6,3,7,7,3,0,5,6,5,0,7,9,14,0,3,15,5,9,9,7,12,0,9,9,6,6,3,11,11,0,11,1,1,3,0,7,7,0,7,1,7,15,0,19,19,0,7,11,9,14,17,21,15,0,3,22,7,14,18,15,15
0,6,6,3,7,7,3,6,5,6,5,0,7,9,14,5,3,15,5,9,9,7,12,15,9,9,6,6,3,11,11,10,11,1,1,3,0,7,7,3,7,1,7,15,0,19,19,7,7,11,9,14,17,21,15,12,3,22,7,14,18,15,15,5
6,6,3,7,7,3,6,0,6,5,0,7,9,14,5,0,15,5,9,9,7,12,15,0,9,6,6,3,11,11,10,0,1,1,3,0,7,7,3,0,1,7,15,0,19,19,7,0,11,9,14,17,21,15,12,0,22,7,14,18,15,15,5,0
0,5,6,5,0,7,9,14,0,3,15,5,9,9,7,12,0,9,9,6,6,3,11,11,0,11,1,1,3,0,7,7,0,7,1,7,15,0,19,19,0,7,11,9,14,17,21,15,0,3,22,7,14,18,15,15,0,0,0,0,0,0,0,0
5,6,5,0,7,9,14,5,3,15,5,9,9,7,12,15,9,9,6,6,3,11,11,10,11,1,1,3,0,7,7,3,7,1,7,15,0,19,19,7,7,11,9,14,17,21,15,12,3,22,7,14,18,15,15,5,0,0,0,0,0,0,0,0
6,5,0,7,9,14,5,0,15,5,9,9,7,12,15,0,9,6,6,3,11,11,10,0,1,1,3,0,7,7,3,0,1,7,15,0,19,19,7,0,11,9,14,17,21,15,12,0,22,7,14,18,15,15,5,0,0,0,0,0,0,0,0,0
0,0,0,0,0,0,0,0,0,0,0,0,0,0,0,0,0,0,0,0,0,0,0,0,0,3,0,0,0,5,0,1,0,3,0,0,0,0,0,1,0,0,0,3,0,0,0,1,0,0,0,0,0,0,3,3,0,3,0,0,3,3,3,0
0,0,0,0,0,0,0,0,0,0,0,0,0,0,0,0,0,0,0,0,0,0,0,0,3,0,0,0,5,0,1,7,3,0,0,0,0,0,1,0,0,0,3,0,0,0,1,0,0,0,0,0,0,3,3,3,3,0,0,3,3,3,0,3
0,0,0,0,0,0,0,0,0,0,0,0,0,0,0,0,0,0,0,0,0,0,0,0,0,0,0,5,0,1,7,0,0,0,0,0,0,1,0,0,0,3,0,0,0,1,0,0,0,0,0,0,3,3,3,0,0,0,3,3,3,0,3,0
0,0,0,0,0,0,0,0,0,0,0,0,0,0,0,0,0,3,0,0,0,5,0,1,0,3,0,0,0,0,0,1,0,0,0,3,0,0,0,1,0,0,0,0,0,0,3,3,0,3,0,0,3,3,3,0,0,0,0,0,1,0,0,1
0,0,0,0,0,0,0,0,0,0,0,0,0,0,0,0,3,0,0,0,5,0,1,7,3,0,0,0,0,0,1,0,0,0,3,0,0,0,1,0,0,0,0,0,0,3,3,3,3,0,0,3,3,3,0,3,0,0,0,1,0,0,1,0
0,0,0,0,0,0,0,0,0,0,0,0,0,0,0,0,0,0,0,5,0,1,7,0,0,0,0,0,0,1,0,0,0,3,0,0,0,1,0,0,0,0,0,0,3,3,3,0,0,0,3,3,3,0,3,0,0,0,1,0,0,1,0,0
0,0,0,0,0,0,0,0,0,3,0,0,0,5,0,1,0,3,0,0,0,0,0,1,0,0,0,3,0,0,0,1,0,0,0,0,0,0,3,3,0,3,0,0,3,3,3,0,0,0,0,0,1,0,0,1,0,0,0,0,0,0,0,0
0,0,0,0,0,0,0,0,3,0,0,0,5,0,1,7,3,0,0,0,0,0,1,0,0,0,3,0,0,0,1,0,0,0,0,0,0,3,3,3,3,0,0,3,3,3,0,3,0,0,0,1,0,0,1,0,0,0,0,0,0,0,0,0
0,0,0,0,0,0,0,0,0,0,0,5,0,1,7,0,0,0,0,0,0,1,0,0,0,3,0,0,0,1,0,0,0,0,0,0,3,3,3,0,0,0,3,3,3,0,3,0,0,0,1,0,0,1,0,0,0,0,0,0,0,0,0,0
0,0,0,0,0,0,0,0,0,0,1,1,0,0,0,0,0,0,0,0,0,0,0,0,0,0,0,7,3,0,0,0,0,0,0,1,3,3,0,0,0,3,0,7,1,0,1,0,0,0,3,0,0,12,0,0,0,3,0,7,0,0,0,0
0,0,0,0,0,0,0,0,0,1,1,0,0,0,0,1,0,0,0,0,0,0,0,0,0,0,7,3,0,0,0,0,0,0,1,3,3,0,0,0,3,0,7,1,0,1,0,3,0,3,0,0,12,0,0,0,3,0,7,0,0,0,0,0
0,0,0,0,0,0,0,0,1,1,0,0,0,0,1,0,0,0,0,0,0,0,0,0,0,7,3,0,0,0,0,0,0,1,3,3,0,0,0,0,0,7,1,0,1,0,3,0,3,0,0,12,0,0,0,0,0,7,0,0,0,0,0,0
0,0,1,1,0,0,0,0,0,0,0,0,0,0,0,0,0,0,0,7,3,0,0,0,0,0,0,1,3,3,0,0,0,3,0,7,1,0,1,0,0,0,3,0,0,12,0,0,0,3,0,7,0,0,0,0,0,11,0,0,0,0,0,0
0,1,1,0,0,0,0,1,0,0,0,0,0,0,0,0,0,0,7,3,0,0,0,0,0,0,1,3,3,0,0,0,3,0,7,1,0,1,0,3,0,3,0,0,12,0,0,0,3,0,7,0,0,0,0,0,11,0,0,0,0,0,0,3
1,1,0,0,0,0,1,0,0,0,0,0,0,0,0,0,0,7,3,0,0,0,0,0,0,1,3,3,0,0,0,0,0,7,1,0,1,0,3,0,3,0,0,12,0,0,0,0,0,7,0,0,0,0,0,0,0,0,0,0,0,0,3,0
0,0,0,0,0,0,0,0,0,0,0,7,3,0,0,0,0,0,0,1,3,3,0,0,0,3,0,7,1,0,1,0,0,0,3,0,0,12,0,0,0,3,0,7,0,0,0,0,0,11,0,0,0,0,0,0,0,0,0,0,0,0,0,0
0,0,0,0,0,0,0,0,0,0,7,3,0,0,0,0,0,0,1,3,3,0,0,0,3,0,7,1,0,1,0,3,0,3,0,0,12,0,0,0,3,0,7,0,0,0,0,0,11,0,0,0,0,0,0,3,0,0,0,0,0,0,0,0
0,0,0,0,0,0,0,0,0,7,3,0,0,0,0,0,0,1,3,3,0,0,0,0,0,7,1,0,1,0,3,0,3,0,0,12,0,0,0,0,0,7,0,0,0,0,0,0,0,0,0,0,0,0,3,0,0,0,0,0,0,0,0,0
0,0,0,0,0,0,0,0,0,0,0,0,0,0,0,0,0,0,0,0,0,0,0,0,0,0,0,0,0,0,0,0,0,0,0,0,0,0,0,0,0,0,0,0,0,0,0,0,0,0,0,0,0,0,0,0,0,0,0,0,0,0,0,0
0,0,0,0,0,0,0,0,0,0,0,0,0,0,0,0,0,0,0,0,0,0,0,0,0,0,0,0,0,0,0,0,0,0,0,0,0,0,0,0,0,0,0,0,0,0,0,0,0,0,0,0,0,0,0,0,0,0,0,0,0,0,0,0
0,0,0,0,0,0,0,0,0,0,0,0,0,0,0,0,0,0,0,0,0,0,0,0,0,0,0,0,0,0,0,0,0,0,0,0,0,0,0,0,0,0,0,0,0,0,0,0,0,0,0,0,0,0,0,0,0,0,0,0,0,0,0,0
0,0,0,0,0,0,0,0,0,0,0,0,0,0,0,0,0,0,0,0,0,0,0,0,0,0,0,0,0,0,0,0,0,0,0,0,0,0,0,0,0,0,0,0,0,0,0,0,0,0,0,0,0,0,0,0,0,0,0,0,0,0,0,0
0,0,0,0,0,0,0,0,0,0,0,0,0,0,0,0,0,0,0,0,0,0,0,0,0,0,0,0,0,0,0,0,0,0,0,0,0,0,0,0,0,0,0,0,0,0,0,0,0,0,0,0,0,0,0,0,0,0,0,0,0,0,0,0
0,0,0,0,0,0,0,0,0,0,0,0,0,0,0,0,0,0,0,0,0,0,0,0,0,0,0,0,0,0,0,0,0,0,0,0,0,0,0,0,0,0,0,0,0,0,0,0,0,0,0,0,0,0,0,0,0,0,0,0,0,0,0,0
0,0,0,0,0,0,0,0,0,0,0,0,0,0,0,0,0,0,0,0,0,0,0,0,0,0,0,0,0,0,0,0,0,0,0,0,0,0,0,0,0,0,0,0,0,0,0,0,0,0,0,0,0,0,0,0,0,0,0,0,0,0,0,0
0,0,0,0,0,0,0,0,0,0,0,0,0,0,0,0,0,0,0,0,0,0,0,0,0,0,0,0,0,0,0,0,0,0,0,0,0,0,0,0,0,0,0,0,0,0,0,0,0,0,0,0,0,0,0,0,0,0,0,0,0,0,0,0
0,0,0,0,0,0,0,0,0,0,0,0,0,0,0,0,0,0,0,0,0,0,0,0,0,0,0,0,0,0,0,0,0,0,0,0,0,0,0,0,0,0,0,0,0,0,0,0,0,0,0,0,0,0,0,0,0,0,0,0,0,0,0,0
0,0,0,0,0,0,0,0,0,10,1,0,0,0,0,0,0,7,5,6,11,0,5,7,0,11,6,12,1,0,0,0,0,3,9,0,0,5,0,0,0,1,18,6,7,0,0,0,0,7,9,7,0,19,7,0,0,3,0,21,1,5,0,0
0,0,0,0,0,0,0,0,10,1,0,0,0,0,0,0,7,5,6,11,0,5,7,1,11,6,12,1,0,0,0,0,3,9,0,0,5,0,0,7,1,18,6,7,0,0,0,0,7,9,7,0,19,7,0,7,3,0,21,1,5,0,0,0
0,0,0,0,0,0,0,0,1,0,0,0,0,0,0,0,5,6,11,0,5,7,1,0,6,12,1,0,0,0,0,0,9,0,0,5,0,0,7,0,18,6,7,0,0,0,0,0,9,7,0,19,7,0,7,0,0,21,1,5,0,0,0,0
0,10,1,0,0,0,0,0,0,7,5,6,11,0,5,7,0,11,6,12,1,0,0,0,0,3,9,0,0,5,0,0,0,1,18,6,7,0,0,0,0,7,9,7,0,19,7,0,0,3,0,21,1,5,0,0,0,3,0,21,0,1,0,0
10,1,0,0,0,0,0,0,7,5,6,11,0,5,7,1,11,6,12,1,0,0,0,0,3,9,0,0,5,0,0,7,1,18,6,7,0,0,0,0,7,9,7,0,19,7,0,7,3,0,21,1,5,0,0,0,3,0,21,0,1,0,0,0
1,0,0,0,0,0,0,0,5,6,11,0,5,7,1,0,6,12,1,0,0,0,0,0,9,0,0,5,0,0,7,0,18,6,7,0,0,0,0,0,9,7,0,19,7,0,7,0,0,21,1,5,0,0,0,0,0,21,0,1,0,0,0,0
0,7,5,6,11,0,5,7,0,11,6,12,1,0,0,0,0,3,9,0,0,5,0,0,0,1,18,6,7,0,0,0,0,7,9,7,0,19,7,0,0,3,0,21,1,5,0,0,0,3,0,21,0,1,0,0,0,0,0,0,0,0,0,0
7,5,6,11,0,5,7,1,11,6,12,1,0,0,0,0,3,9,0,0,5,0,0,7,1,18,6,7,0,0,0,0,7,9,7,0,19,7,0,7,3,0,21,1,5,0,0,0,3,0,21,0,1,0,0,0,0,0,0,0,0,0,0,0
5,6,11,0,5,7,1,0,6,12,1,0,0,0,0,0,9,0,0,5,0,0,7,0,18,6,7,0,0,0,0,0,9,7,0,19,7,0,7,0,0,21,1,5,0,0,0,0,0,21,0,1,0,0,0,0,0,0,0,0,0,0,0,0
0,0,0,0,0,0,0,0,0,0,0,0,0,0,0,0,0,0,0,0,0,0,0,0,0,0,0,0,0,3,0,6,0,7,0,0,3,0,3,0,0,6,0,0,0,0,0,0,0,0,0,0,0,0,12,1,0,9,0,5,0,0,0,0
0,0,0,0,0,0,0,0,0,0,0,0,0,0,0,0,0,0,0,0,0,0,0,0,0,0,0,0,3,0,6,0,7,0,0,3,0,3,0,0,6,0,0,0,0,0,0,0,0,0,0,0,0,12,1,0,9,0,5,0,0,0,0,0
0,0,0,0,0,0,0,0,0,0,0,0,0,0,0,0,0,0,0,0,0,0,0,0,0,0,0,3,0,6,0,0,0,0,3,0,3,0,0,0,0,0,0,0,0,0,0,0,0,0,0,0,12,1,0,0,0,5,0,0,0,0,0,0
0,0,0,0,0,0,0,0,0,0,0,0,0,0,0,0,0,0,0,0,0,3,0,6,0,7,0,0,3,0,3,0,0,6,0,0,0,0,0,0,0,0,0,0,0,0,12,1,0,9,0,5,0,0,0,0,0,11,0,0,0,1,1,0
0,0,0,0,0,0,0,0,0,0,0,0,0,0,0,0,0,0,0,0,3,0,6,0,7,0,0,3,0,3,0,0,6,0,0,0,0,0,0,0,0,0,0,0,0,12,1,0,9,0,5,0,0,0,0,0,11,0,0,0,1,1,0,5
0,0,0,0,0,0,0,0,0,0,0,0,0,0,0,0,0,0,0,3,0,6,0,0,0,0,3,0,3,0,0,0,0,0,0,0,0,0,0,0,0,0,0,0,12,1,0,0,0,5,0,0,0,0,0,0,0,0,0,1,1,0,5,0
0,0,0,0,0,0,0,0,0,0,0,0,0,3,0,6,0,7,0,0,3,0,3,0,0,6,0,0,0,0,0,0,0,0,0,0,0,0,12,1,0,9,0,5,0,0,0,0,0,11,0,0,0,1,1,0,0,0,0,0,0,0,0,0
0,0,0,0,0,0,0,0,0,0,0,0,3,0,6,0,7,0,0,3,0,3,0,0,6,0,0,0,0,0,0,0,0,0,0,0,0,12,1,0,9,0,5,0,0,0,0,0,11,0,0,0,1,1,0,5,0,0,0,0,0,0,0,0
0,0,0,0,0,0,0,0,0,0,0,3,0,6,0,0,0,0,3,0,3,0,0,0,0,0,0,0,0,0,0,0,0,0,0,0,12,1,0,0,0,5,0,0,0,0,0,0,0,0,0,1,1,0,5,0,0,0,0,0,0,0,0,0
0,0,0,0,0,0,0,0,0,0,0,0,0,0,0,0,0,0,0,0,0,3,0,0,0,0,0,0,0,0,0,1,0,0,0,0,0,3,0,1,0,0,0,0,0,5,0,0,0,0,0,0,0,0,0,0,0,0,0,0,0,0,0,0
0,0,0,0,0,0,0,0,0,0,0,0,0,0,0,0,0,0,0,0,3,0,0,0,0,0,0,0,0,0,1,0,0,0,0,0,3,0,1,0,0,0,0,0,5,0,0,0,0,0,0,0,0,0,0,0,0,0,0,0,0,0,0,0
0,0,0,0,0,0,0,0,0,0,0,0,0,0,0,0,0,0,0,3,0,0,0,0,0,0,0,0,0,1,0,0,0,0,0,3,0,1,0,0,0,0,0,5,0,0,0,0,0,0,0,0,0,0,0,0,0,0,0,0,0,0,0,0
0,0,0,0,0,0,0,0,0,0,0,0,0,3,0,0,0,0,0,0,0,0,0,1,0,0,0,0,0,3,0,1,0,0,0,0,0,5,0,0,0,0,0,0,0,0,0,0,0,0,0,0,0,0,0,0,0,0,0,0,0,0,0,0
0,0,0,0,0,0,0,0,0,0,0,0,3,0,0,0,0,0,0,0,0,0,1,0,0,0,0,0,3,0,1,0,0,0,0,0,5,0,0,0,0,0,0,0,0,0,0,0,0,0,0,0,0,0,0,0,0,0,0,0,0,0,0,0
0,0,0,0,0,0,0,0,0,0,0,3,0,0,0,0,0,0,0,0,0,1,0,0,0,0,0,3,0,1,0,0,0,0,0,5,0,0,0,0,0,0,0,0,0,0,0,0,0,0,0,0,0,0,0,0,0,0,0,0,0,0,0,0
0,0,0,0,0,3,0,0,0,0,0,0,0,0,0,1,0,0,0,0,0,3,0,1,0,0,0,0,0,5,0,0,0,0,0,0,0,0,0,0,0,0,0,0,0,0,0,0,0,0,0,0,0,0,0,0,0,0,0,0,0,0,0,0
0,0,0,0,3,0,0,0,0,0,0,0,0,0,1,0,0,0,0,0,3,0,1,0,0,0,0,0,5,0,0,0,0,0,0,0,0,0,0,0,0,0,0,0,0,0,0,0,0,0,0,0,0,0,0,0,0,0,0,0,0,0,0,0
0,0,0,3,0,0,0,0,0,0,0,0,0,1,0,0,0,0,0,3,0,1,0,0,0,0,0,5,0,0,0,0,0,0,0,0,0,0,0,0,0,0,0,0,0,0,0,0,0,0,0,0,0,0,0,0,0,0,0,0,0,0,0,0
0,0,0,0,0,0,0,0,0,1,0,0,0,0,0,0,0,6,0,3,3,6,9,12,0,14,14,11,12,12,10,11,0,20,15,1,29,14,21,11,0,21,28,10,19,11,5,9,0,23,35,18,7,15,20,7,0,21,27,61,17,23,21,17
0,0,0,0,0,0,0,0,1,0,0,0,0,0,0,0,6,0,3,3,6,9,12,3,14,14,11,12,12,10,11,7,20,15,1,29,14,21,11,11,21,28,10,19,11,5,9,5,23,35,18,7,15,20,7,1,21,27,61,17,23,21,17,19
0,0,0,0,0,0,0,0,0,0,0,0,0,0,0,0,0,3,3,6,9,12,3,0,14,11,12,12,10,11,7,0,15,1,29,14,21,11,11,0,28,10,19,11,5,9,5,0,35,18,7,15,20,7,1,0,27,61,17,23,21,17,19,0
0,1,0,0,0,0,0,0,0,6,0,3,3,6,9,12,0,14,14,11,12,12,10,11,0,20,15,1,29,14,21,11,0,21,28,10,19,11,5,9,0,23,35,18,7,15,20,7,0,21,27,61,17,23,21,17,0,31,31,30,30,20,25,28
1,0,0,0,0,0,0,0,6,0,3,3,6,9,12,3,14,14,11,12,12,10,11,7,20,15,1,29,14,21,11,11,21,28,10,19,11,5,9,5,23,35,18,7,15,20,7,1,21,27,61,17,23,21,17,19,31,31,30,30,20,25,28,24
0,0,0,0,0,0,0,0,0,3,3,6,9,12,3,0,14,11,12,12,10,11,7,0,15,1,29,14,21,11,11,0,28,10,19,11,5,9,5,0,35,18,7,15,20,7,1,0,27,61,17,23,21,17,19,0,31,30,30,20,25,28,24,0
0,6,0,3,3,6,9,12,0,14,14,11,12,12,10,11,0,20,15,1,29,14,21,11,0,21,28,10,19,11,5,9,0,23,35,18,7,15,20,7,0,21,27,61,17,23,21,17,0,31,31,30,30,20,25,28,0,0,0,0,0,0,0,0
6,0,3,3,6,9,12,3,14,14,11,12,12,10,11,7,20,15,1,29,14,21,11,11,21,28,10,19,11,5,9,5,23,35,18,7,15,20,7,1,21,27,61,17,23,21,17,19,31,31,30,30,20,25,28,24,0,0,0,0,0,0,0,0
0,3,3,6,9,12,3,0,14,11,12,12,10,11,7,0,15,1,29,14,21,11,11,0,28,10,19,11,5,9,5,0,35,18,7,15,20,7,1,0,27,61,17,23,21,17,19,0,31,30,30,20,25,28,24,0,0,0,0,0,0,0,0,0
0,0,0,0,0,0,0,0,0,0,0,0,0,0,0,0,0,0,3,0,0,1,0,0,0,0,0,0,0,1,1,0,0,3,5,1,10,0,5,0,0,6,1,0,13,0,0,5,0,7,7,0,0,0,6,0,0,0,0,15,0,0,0,0
0,0,0,0,0,0,0,0,0,0,0,0,0,0,0,0,0,3,0,0,1,0,0,0,0,0,0,0,1,1,0,0,3,5,1,10,0,5,0,0,6,1,0,13,0,0,5,0,7,7,0,0,0,6,0,0,0,0,15,0,0,0,0,0
0,0,0,0,0,0,0,0,0,0,0,0,0,0,0,0,3,0,0,1,0,0,0,0,0,0,0,1,1,0,0,0,5,1,10,0,5,0,0,0,1,0,13,0,0,5,0,0,7,0,0,0,6,0,0,0,0,15,0,0,0,0,0,0
0,0,0,0,0,0,0,0,0,0,3,0,0,1,0,0,0,0,0,0,0,1,1,0,0,3,5,1,10,0,5,0,0,6,1,0,13,0,0,5,0,7,7,0,0,0,6,0,0,0,0,15,0,0,0,0,0,3,0,0,0,0,0,6
0,0,0,0,0,0,0,0,0,3,0,0,1,0,0,0,0,0,0,0,1,1,0,0,3,5,1,10,0,5,0,0,6,1,0,13,0,0,5,0,7,7,0,0,0,6,0,0,0,0,15,0,0,0,0,0,3,0,0,0,0,0,6,0
0,0,0,0,0,0,0,0,3,0,0,1,0,0,0,0,0,0,0,1,1,0,0,0,5,1,10,0,5,0,0,0,1,0,13,0,0,5,0,0,7,0,0,0,6,0,0,0,0,15,0,0,0,0,0,0,0,0,0,0,0,6,0,0
0,0,3,0,0,1,0,0,0,0,0,0,0,1,1,0,0,3,5,1,10,0,5,0,0,6,1,0,13,0,0,5,0,7,7,0,0,0,6,0,0,0,0,15,0,0,0,0,0,3,0,0,0,0,0,6,0,0,0,0,0,0,0,0
0,3,0,0,1,0,0,0,0,0,0,0,1,1,0,0,3,5,1,10,0,5,0,0,6,1,0,13,0,0,5,0,7,7,0,0,0,6,0,0,0,0,15,0,0,0,0,0,3,0,0,0,0,0,6,0,0,0,0,0,0,0,0,0
3,0,0,1,0,0,0,0,0,0,0,1,1,0,0,0,5,1,10,0,5,0,0,0,1,0,13,0,0,5,0,0,7,0,0,0,6,0,0,0,0,15,0,0,0,0,0,0,0,0,0,0,0,6,0,0,0,0,0,0,0,0,0,0
0,0,0,0,0,0,0,0,0,13,14,14,13,13,12,12,0,7,5,6,7,7,7,11,0,13,13,11,11,14,7,9,0,3,15,13,25,10,17,10,0,18,13,7,23,3,7,13,0,18,21,33,6,10,11,22,0,11,13,29,14,17,15,15
0,0,0,0,0,0,0,0,13,14,14,13,13,12,12,13,7,5,6,7,7,7,11,10,13,13,11,11,14,7,9,17,3,15,13,25,10,17,10,11,18,13,7,23,3,7,13,9,18,21,33,6,10,11,22,3,11,13,29,14,17,15,15,17
0,0,0,0,0,0,0,0,14,14,13,13,12,12,13,0,5,6,7,7,7,11,10,0,13,11,11,14,7,9,17,0,15,13,25,10,17,10,11,0,13,7,23,3,7,13,9,0,21,33,6,10,11,22,3,0,13,29,14,17,15,15,17,0
0,13,14,14,13,13,12,12,0,7,5,6,7,7,7,11,0,13,13,11,11,14,7,9,0,3,15,13,25,10,17,10,0,18,13,7,23,3,7,13,0,18,21,33,6,10,11,22,0,11,13,29,14,17,15,15,0,10,15,7,15,11,14,17
13,14,14,13,13,12,12,13,7,5,6,7,7,7,11,10,13,13,11,11,14,7,9,17,3,15,13,25,10,17,10,11,18,13,7,23,3,7,13,9,18,21,33,6,10,11,22,3,11,13,29,14,17,15,15,17,10,15,7,15,11,14,17,17
14,14,13,13,12,12,13,0,5,6,7,7,7,11,10,0,13,11,11,14,7,9,17,0,15,13,25,10,17,10,11,0,13,7,23,3,7,13,9,0,21,33,6,10,11,22,3,0,13,29,14,17,15,15,17,0,15,7,15,11,14,17,17,0
0,7,5,6,7,7,7,11,0,13,13,11,11,14,7,9,0,3,15,13,25,10,17,10,0,18,13,7,23,3,7,13,0,18,21,33,6,10,11,22,0,11,13,29,14,17,15,15,0,10,15,7,15,11,14,17,0,0,0,0,0,0,0,0
7,5,6,7,7,7,11,10,13,13,11,11,14,7,9,17,3,15,13,25,10,17,10,11,18,13,7,23,3,7,13,9,18,21,33,6,10,11,22,3,11,13,29,14,17,15,15,17,10,15,7,15,11,14,17,17,0,0,0,0,0,0,0,0
5,6,7,7,7,11,10,0,13,11,11,14,7,9,17,0,15,13,25,10,17,10,11,0,13,7,23,3,7,13,9,0,21,33,6,10,11,22,3,0,13,29,14,17,15,15,17,0,15,7,15,11,14,17,17,0,0,0,0,0,0,0,0,0
0,0,0,0,0,0,0,0,0,7,7,7,5,7,6,1,0,5,5,6,0,0,3,3,0,3,15,9,0,13,0,3,0,5,7,0,3,0,0,3,0,0,13,5,5,0,0,7,0,3,0,0,15,0,3,23,0,3,10,0,13,15,18,14
0,0,0,0,0,0,0,0,7,7,7,5,7,6,1,6,5,5,6,0,0,3,3,7,3,15,9,0,13,0,3,20,5,7,0,3,0,0,3,12,0,13,5,5,0,0,7,6,3,0,0,15,0,3,23,5,3,10,0,13,15,18,14,15
0,0,0,0,0,0,0,0,7,7,5,7,6,1,6,0,5,6,0,0,3,3,7,0,15,9,0,13,0,3,20,0,7,0,3,0,0,3,12,0,13,5,5,0,0,7,6,0,0,0,15,0,3,23,5,0,10,0,13,15,18,14,15,0
0,7,7,7,5,7,6,1,0,5,5,6,0,0,3,3,0,3,15,9,0,13,0,3,0,5,7,0,3,0,0,3,0,0,13,5,5,0,0,7,0,3,0,0,15,0,3,23,0,3,10,0,13,15,18,14,0,0,13,0,12,11,13,15
7,7,7,5,7,6,1,6,5,5,6,0,0,3,3,7,3,15,9,0,13,0,3,20,5,7,0,3,0,0,3,12,0,13,5,5,0,0,7,6,3,0,0,15,0,3,23,5,3,10,0,13,15,18,14,15,0,13,0,12,11,13,15,6
7,7,5,7,6,1,6,0,5,6,0,0,3,3,7,0,15,9,0,13,0,3,20,0,7,0,3,0,0,3,12,0,13,5,5,0,0,7,6,0,0,0,15,0,3,23,5,0,10,0,13,15,18,14,15,0,13,0,12,11,13,15,6,0
0,5,5,6,0,0,3,3,0,3,15,9,0,13,0,3,0,5,7,0,3,0,0,3,0,0,13,5,5,0,0,7,0,3,0,0,15,0,3,23,0,3,10,0,13,15,18,14,0,0,13,0,12,11,13,15,0,0,0,0,0,0,0,0
5,5,6,0,0,3,3,7,3,15,9,0,13,0,3,20,5,7,0,3,0,0,3,12,0,13,5,5,0,0,7,6,3,0,0,15,0,3,23,5,3,10,0,13,15,18,14,15,0,13,0,12,11,13,15,6,0,0,0,0,0,0,0,0
5,6,0,0,3,3,7,0,15,9,0,13,0,3,20,0,7,0,3,0,0,3,12,0,13,5,5,0,0,7,6,0,0,0,15,0,3,23,5,0,10,0,13,15,18,14,15,0,13,0,12,11,13,15,6,0,0,0,0,0,0,0,0,0
0,0,0,0,0,0,0,0,0,0,0,0,0,0,0,0,0,0,0,0,0,0,0,0,0,0,0,0,0,0,0,0,0,0,0,0,0,0,0,0,0,0,0,0,0,0,0,0,0,0,0,0,0,0,0,0,0,0,0,0,0,0,0,0
0,0,0,0,0,0,0,0,0,0,0,0,0,0,0,0,0,0,0,0,0,0,0,0,0,0,0,0,0,0,0,0,0,0,0,0,0,0,0,0,0,0,0,0,0,0,0,0,0,0,0,0,0,0,0,0,0,0,0,0,0,0,0,0
0,0,0,0,0,0,0,0,0,0,0,0,0,0,0,0,0,0,0,0,0,0,0,0,0,0,0,0,0,0,0,0,0,0,0,0,0,0,0,0,0,0,0,0,0,0,0,0,0,0,0,0,0,0,0,0,0,0,0,0,0,0,0,0
0,0,0,0,0,0,0,0,0,0,0,0,0,0,0,0,0,0,0,0,0,0,0,0,0,0,0,0,0,0,0,0,0,0,0,0,0,0,0,0,0,0,0,0,0,0,0,0,0,0,0,0,0,0,0,0,0,0,0,0,0,0,0,0
0,0,0,0,0,0,0,0,0,0,0,0,0,0,0,0,0,0,0,0,0,0,0,0,0,0,0,0,0,0,0,0,0,0,0,0,0,0,0,0,0,0,0,0,0,0,0,0,0,0,0,0,0,0,0,0,0,0,0,0,0,0,0,0
0,0,0,0,0,0,0,0,0,0,0,0,0,0,0,0,0,0,0,0,0,0,0,0,0,0,0,0,0,0,0,0,0,0,0,0,0,0,0,0,0,0,0,0,0,0,0,0,0,0,0,0,0,0,0,0,0,0,0,0,0,0,0,0
0,0,0,0,0,0,0,0,0,0,0,0,0,0,0,0,0,0,0,0,0,0,0,0,0,0,0,0,0,0,0,0,0,0,0,0,0,0,0,0,0,0,0,0,0,0,0,0,0,0,0,0,0,0,0,0,0,0,0,0,0,0,0,0
0,0,0,0,0,0,0,0,0,0,0,0,0,0,0,0,0,0,0,0,0,0,0,0,0,0,0,0,0,0,0,0,0,0,0,0,0,0,0,0,0,0,0,0,0,0,0,0,0,0,0,0,0,0,0,0,0,0,0,0,0,0,0,0
0,0,0,0,0,0,0,0,0,0,0,0,0,0,0,0,0,0,0,0,0,0,0,0,0,0,0,0,0,0,0,0,0,0,0,0,0,0,0,0,0,0,0,0,0,0,0,0,0,0,0,0,0,0,0,0,0,0,0,0,0,0,0,0
0,0,0,0,0,0,0,0,0,13,10,11,11,10,12,11,0,11,14,12,10,19,7,13,0,3,7,13,3,19,11,20,0,18,7,13,1,14,13,18,0,15,12,15,15,11,7,23,0,11,11,15,11,7,20,15,0,7,14,31,15,17,17,19
0,0,0,0,0,0,0,0,13,10,11,11,10,12,11,12,11,14,12,10,19,7,13,20,3,7,13,3,19,11,20,29,18,7,13,1,14,13,18,21,15,12,15,15,11,7,23,24,11,11,15,11,7,20,15,17,7,14,31,15,17,17,19,13
0,0,0,0,0,0,0,0,10,11,11,10,12,11,12,0,14,12,10,19,7,13,20,0,7,13,3,19,11,20,29,0,7,13,1,14,13,18,21,0,12,15,15,11,7,23,24,0,11,15,11,7,20,15,17,0,14,31,15,17,17,19,13,0
0,13,10,11,11,10,12,11,0,11,14,12,10,19,7,13,0,3,7,13,3,19,11,20,0,18,7,13,1,14,13,18,0,15,12,15,15,11,7,23,0,11,11,15,11,7,20,15,0,7,14,31,15,17,17,19,0,0,7,12,19,15,15,15
13,10,11,11,10,12,11,12,11,14,12,10,19,7,13,20,3,7,13,3,19,11,20,29,18,7,13,1,14,13,18,21,15,12,15,15,11,7,23,24,11,11,15,11,7,20,15,17,7,14,31,15,17,17,19,13,0,7,12,19,15,15,15,11
10,11,11,10,12,11,12,0,14,12,10,19,7,13,20,0,7,13,3,19,11,20,29,0,7,13,1,14,13,18,21,0,12,15,15,11,7,23,24,0,11,15,11,7,20,15,17,0,14,31,15,17,17,19,13,0,7,12,19,15,15,15,11,0
0,11,14,12,10,19,7,13,0,3,7,13,3,19,11,20,0,18,7,13,1,14,13,18,0,15,12,15,15,11,7,23,0,11,11,15,11,7,20,15,0,7,14,31,15,17,17,19,0,0,7,12,19,15,15,15,0,0,0,0,0,0,0,0
11,14,12,10,19,7,13,20,3,7,13,3,19,11,20,29,18,7,13,1,14,13,18,21,15,12,15,15,11,7,23,24,11,11,15,11,7,20,15,17,7,14,31,15,17,17,19,13,0,7,12,19,15,15,15,11,0,0,0,0,0,0,0,0
14,12,10,19,7,13,20,0,7,13,3,19,11,20,29,0,7,13,1,14,13,18,21,0,12,15,15,11,7,23,24,0,11,15,11,7,20,15,17,0,14,31,15,17,17,19,13,0,7,12,19,15,15,15,11,0,0,0,0,0,0,0,0,0
0,0,0,0,0,0,0,0,0,0,0,0,0,0,0,1,0,3,0,0,0,0,0,7,0,0,3,0,0,0,0,0,0,0,0,0,0,0,0,0,0,0,0,0,0,0,0,1,0,0,0,0,0,0,0,0,0,0,0,0,0,0,0,0
0,0,0,0,0,0,0,0,0,0,0,0,0,0,1,0,3,0,0,0,0,0,7,0,0,3,0,0,0,0,0,5,0,0,0,0,0,0,0,3,0,0,0,0,0,0,1,1,0,0,0,0,0,0,0,0,0,0,0,0,0,0,0,0
0,0,0,0,0,0,0,0,0,0,0,0,0,1,0,0,0,0,0,0,0,7,0,0,3,0,0,0,0,0,5,0,0,0,0,0,0,0,3,0,0,0,0,0,0,1,1,0,0,0,0,0,0,0,0,0,0,0,0,0,0,0,0,0
0,0,0,0,0,0,0,1,0,3,0,0,0,0,0,7,0,0,3,0,0,0,0,0,0,0,0,0,0,0,0,0,0,0,0,0,0,0,0,1,0,0,0,0,0,0,0,0,0,0,0,0,0,0,0,0,0,0,0,0,0,1,0,0
0,0,0,0,0,0,1,0,3,0,0,0,0,0,7,0,0,3,0,0,0,0,0,5,0,0,0,0,0,0,0,3,0,0,0,0,0,0,1,1,0,0,0,0,0,0,0,0,0,0,0,0,0,0,0,0,0,0,0,0,1,0,0,0
0,0,0,0,0,1,0,0,0,0,0,0,0,7,0,0,3,0,0,0,0,0,5,0,0,0,0,0,0,0,3,0,0,0,0,0,0,1,1,0,0,0,0,0,0,0,0,0,0,0,0,0,0,0,0,0,0,0,0,1,0,0,0,0
0,3,0,0,0,0,0,7,0,0,3,0,0,0,0,0,0,0,0,0,0,0,0,0,0,0,0,0,0,0,0,1,0,0,0,0,0,0,0,0,0,0,0,0,0,0,0,0,0,0,0,0,0,1,0,0,0,0,0,0,0,0,0,0
3,0,0,0,0,0,7,0,0,3,0,0,0,0,0,5,0,0,0,0,0,0,0,3,0,0,0,0,0,0,1,1,0,0,0,0,0,0,0,0,0,0,0,0,0,0,0,0,0,0,0,0,1,0,0,0,0,0,0,0,0,0,0,0
0,0,0,0,0,7,0,0,3,0,0,0,0,0,5,0,0,0,0,0,0,0,3,0,0,0,0,0,0,1,1,0,0,0,0,0,0,0,0,0,0,0,0,0,0,0,0,0,0,0,0,1,0,0,0,0,0,0,0,0,0,0,0,0
0,0,0,0,0,0,0,0,0,0,0,0,0,0,6,7,0,0,0,0,0,18,3,3,0,0,0,0,0,5,5,12,0,0,0,3,0,6,0,15,0,0,0,0,0,12,7,23,0,0,0,0,0,0,28,7,0,1,0,0,0,7,9,0
0,0,0,0,0,0,0,0,0,0,0,0,0,6,7,11,0,0,0,0,18,3,3,11,0,0,0,0,5,5,12,17,0,0,3,0,6,0,15,11,0,0,0,0,12,7,23,13,0,0,0,0,0,28,7,0,1,0,0,0,7,9,0,0
0,0,0,0,0,0,0,0,0,0,0,0,6,7,11,0,0,0,0,18,3,3,11,0,0,0,0,5,5,12,17,0,0,3,0,6,0,15,11,0,0,0,0,12,7,23,13,0,0,0,0,0,28,7,0,0,0,0,0,7,9,0,0,0
0,0,0,0,0,0,6,7,0,0,0,0,0,18,3,3,0,0,0,0,0,5,5,12,0,0,0,3,0,6,0,15,0,0,0,0,0,12,7,23,0,0,0,0,0,0,28,7,0,1,0,0,0,7,9,0,0,0,0,0,7,6,0,0
0,0,0,0,0,6,7,11,0,0,0,0,18,3,3,11,0,0,0,0,5,5,12,17,0,0,3,0,6,0,15,11,0,0,0,0,12,7,23,13,0,0,0,0,0,28,7,0,1,0,0,0,7,9,0,0,0,0,0,7,6,0,0,0
0,0,0,0,6,7,11,0,0,0,0,18,3,3,11,0,0,0,0,5,5,12,17,0,0,3,0,6,0,15,11,0,0,0,0,12,7,23,13,0,0,0,0,0,28,7,0,0,0,0,0,7,9,0,0,0,0,0,7,6,0,0,0,0
0,0,0,0,0,18,3,3,0,0,0,0,0,5,5,12,0,0,0,3,0,6,0,15,0,0,0,0,0,12,7,23,0,0,0,0,0,0,28,7,0,1,0,0,0,7,9,0,0,0,0,0,7,6,0,0,0,0,0,0,0,0,0,0
0,0,0,0,18,3,3,11,0,0,0,0,5,5,12,17,0,0,3,0,6,0,15,11,0,0,0,0,12,7,23,13,0,0,0,0,0,28,7,0,1,0,0,0,7,9,0,0,0,0,0,7,6,0,0,0,0,0,0,0,0,0,0,0
0,0,0,18,3,3,11,0,0,0,0,5,5,12,17,0,0,3,0,6,0,15,11,0,0,0,0,12,7,23,13,0,0,0,0,0,28,7,0,0,0,0,0,7,9,0,0,0,0,0,7,6,0,0,0,0,0,0,0,0,0,0,0,0
0,0,0,0,0,0,0,0,0,0,0,0,0,0,0,0,0,0,0,0,0,0,0,0,0,0,0,0,0,0,0,0,0,0,0,0,0,0,0,0,0,0,0,0,0,0,0,0,0,0,0,0,0,0,0,0,0,0,0,0,3,0,6,7
0,0,0,0,0,0,0,0,0,0,0,0,0,0,0,0,0,0,0,0,0,0,0,0,0,0,0,0,0,0,0,0,0,0,0,0,0,0,0,0,0,0,0,0,0,0,0,0,0,0,0,0,0,0,0,0,0,0,0,3,0,6,7,9
0,0,0,0,0,0,0,0,0,0,0,0,0,0,0,0,0,0,0,0,0,0,0,0,0,0,0,0,0,0,0,0,0,0,0,0,0,0,0,0,0,0,0,0,0,0,0,0,0,0,0,0,0,0,0,0,0,0,3,0,6,7,9,0
0,0,0,0,0,0,0,0,0,0,0,0,0,0,0,0,0,0,0,0,0,0,0,0,0,0,0,0,0,0,0,0,0,0,0,0,0,0,0,0,0,0,0,0,0,0,0,0,0,0,0,0,3,0,6,7,0,0,9,0,3,5,7,11
0,0,0,0,0,0,0,0,0,0,0,0,0,0,0,0,0,0,0,0,0,0,0,0,0,0,0,0,0,0,0,0,0,0,0,0,0,0,0,0,0,0,0,0,0,0,0,0,0,0,0,3,0,6,7,9,0,9,0,3,5,7,11,5
0,0,0,0,0,0,0,0,0,0,0,0,0,0,0,0,0,0,0,0,0,0,0,0,0,0,0,0,0,0,0,0,0,0,0,0,0,0,0,0,0,0,0,0,0,0,0,0,0,0,3,0,6,7,9,0,9,0,3,5,7,11,5,0
0,0,0,0,0,0,0,0,0,0,0,0,0,0,0,0,0,0,0,0,0,0,0,0,0,0,0,0,0,0,0,0,0,0,0,0,0,0,0,0,0,0,0,0,3,0,6,7,0,0,9,0,3,5,7,11,0,0,0,0,0,0,0,0
0,0,0,0,0,0,0,0,0,0,0,0,0,0,0,0,0,0,0,0,0,0,0,0,0,0,0,0,0,0,0,0,0,0,0,0,0,0,0,0,0,0,0,3,0,6,7,9,0,9,0,3,5,7,11,5,0,0,0,0,0,0,0,0
0,0,0,0,0,0,0,0,0,0,0,0,0,0,0,0,0,0,0,0,0,0,0,0,0,0,0,0,0,0,0,0,0,0,0,0,0,0,0,0,0,0,3,0,6,7,9,0,9,0,3,5,7,11,5,0,0,0,0,0,0,0,0,0
0,0,0,0,0,0,0,0,0,3,0,1,3,0,0,3,0,3,0,0,7,0,0,0,0,0,0,0,0,0,0,0,0,9,3,0,0,0,6,0,0,7,3,5,1,0,0,0,0,3,0,0,0,7,0,0,0,0,0,6,0,0,0,0
0,0,0,0,0,0,0,0,3,0,1,3,0,0,3,0,3,0,0,7,0,0,0,0,0,0,0,0,0,0,0,0,9,3,0,0,0,6,0,0,7,3,5,1,0,0,0,0,3,0,0,0,7,0,0,0,0,0,6,0,0,0,0,0
0,0,0,0,0,0,0,0,0,1,3,0,0,3,0,0,0,0,7,0,0,0,0,0,0,0,0,0,0,0,0,0,3,0,0,0,6,0,0,0,3,5,1,0,0,0,0,0,0,0,0,7,0,0,0,0,0,6,0,0,0,0,0,0
0,3,0,1,3,0,0,3,0,3,0,0,7,0,0,0,0,0,0,0,0,0,0,0,0,9,3,0,0,0,6,0,0,7,3,5,1,0,0,0,0,3,0,0,0,7,0,0,0,0,0,6,0,0,0,0,0,0,0,0,0,0,0,0
3,0,1,3,0,0,3,0,3,0,0,7,0,0,0,0,0,0,0,0,0,0,0,0,9,3,0,0,0,6,0,0,7,3,5,1,0,0,0,0,3,0,0,0,7,0,0,0,0,0,6,0,0,0,0,0,0,0,0,0,0,0,0,0
0,1,3,0,0,3,0,0,0,0,7,0,0,0,0,0,0,0,0,0,0,0,0,0,3,0,0,0,6,0,0,0,3,5,1,0,0,0,0,0,0,0,0,7,0,0,0,0,0,6,0,0,0,0,0,0,0,0,0,0,0,0,0,0
0,3,0,0,7,0,0,0,0,0,0,0,0,0,0,0,0,9,3,0,0,0,6,0,0,7,3,5,1,0,0,0,0,3,0,0,0,7,0,0,0,0,0,6,0,0,0,0,0,0,0,0,0,0,0,0,0,0,0,0,0,0,0,0
3,0,0,7,0,0,0,0,0,0,0,0,0,0,0,0,9,3,0,0,0,6,0,0,7,3,5,1,0,0,0,0,3,0,0,0,7,0,0,0,0,0,6,0,0,0,0,0,0,0,0,0,0,0,0,0,0,0,0,0,0,0,0,0
0,0,7,0,0,0,0,0,0,0,0,0,0,0,0,0,3,0,0,0,6,0,0,0,3,5,1,0,0,0,0,0,0,0,0,7,0,0,0,0,0,6,0,0,0,0,0,0,0,0,0,0,0,0,0,0,0,0,0,0,0,0,0,0
0,0,0,0,0,0,0,0,0,0,0,0,0,0,0,0,0,0,0,0,0,0,1,0,0,0,3,0,6,0,3,0,0,1,0,0,0,7,0,1,0,0,0,3,11,0,0,0,0,0,0,0,0,0,0,0,0,3,0,0,0,0,0,0
0,0,0,0,0,0,0,0,0,0,0,0,0,0,0,0,0,0,0,0,0,1,0,0,0,3,0,6,0,3,0,0,1,0,0,0,7,0,1,1,0,0,3,11,0,0,0,0,0,0,0,0,0,0,0,3,3,0,0,0,0,0,0,3
0,0,0,0,0,0,0,0,0,0,0,0,0,0,0,0,0,0,0,0,1,0,0,0,3,0,6,0,3,0,0,0,0,0,0,7,0,1,1,0,0,3,11,0,0,0,0,0,0,0,0,0,0,0,3,0,0,0,0,0,0,0,3,0
0,0,0,0,0,0,0,0,0,0,0,0,0,0,1,0,0,0,3,0,6,0,3,0,0,1,0,0,0,7,0,1,0,0,0,3,11,0,0,0,0,0,0,0,0,0,0,0,0,3,0,0,0,0,0,0,0,3,0,11,0,0,0,0
0,0,0,0,0,0,0,0,0,0,0,0,0,1,0,0,0,3,0,6,0,3,0,0,1,0,0,0,7,0,1,1,0,0,3,11,0,0,0,0,0,0,0,0,0,0,0,3,3,0,0,0,0,0,0,3,3,0,11,0,0,0,0,0
0,0,0,0,0,0,0,0,0,0,0,0,1,0,0,0,3,0,6,0,3,0,0,0,0,0,0,7,0,1,1,0,0,3,11,0,0,0,0,0,0,0,0,0,0,0,3,0,0,0,0,0,0,0,3,0,0,11,0,0,0,0,0,0
0,0,0,0,0,0,1,0,0,0,3,0,6,0,3,0,0,1,0,0,0,7,0,1,0,0,0,3,11,0,0,0,0,0,0,0,0,0,0,0,0,3,0,0,0,0,0,0,0,3,0,11,0,0,0,0,0,0,0,0,0,0,0,0
0,0,0,0,0,1,0,0,0,3,0,6,0,3,0,0,1,0,0,0,7,0,1,1,0,0,3,11,0,0,0,0,0,0,0,0,0,0,0,3,3,0,0,0,0,0,0,3,3,0,11,0,0,0,0,0,0,0,0,0,0,0,0,0
0,0,0,0,1,0,0,0,3,0,6,0,3,0,0,0,0,0,0,7,0,1,1,0,0,3,11,0,0,0,0,0,0,0,0,0,0,0,3,0,0,0,0,0,0,0,3,0,0,11,0,0,0,0,0,0,0,0,0,0,0,0,0,0
0,0,0,0,0,0,0,0,0,1,0,1,3,1,3,7,0,1,0,0,3,9,0,0,0,1,0,0,0,0,0,0,0,7,0,0,0,0,0,0,0,5,0,1,0,0,0,0,0,0,0,0,0,5,12,0,0,0,0,0,0,0,0,0
0,0,0,0,0,0,0,0,1,0,1,3,1,3,7,5,1,0,0,3,9,0,0,0,1,0,0,0,0,0,0,0,7,0,0,0,0,0,0,0,5,0,1,0,0,0,0,0,0,0,0,0,5,12,0,0,0,0,0,0,0,0,0,0
0,0,0,0,0,0,0,0,0,1,3,1,3,7,5,0,0,0,3,9,0,0,0,0,0,0,0,0,0,0,0,0,0,0,0,0,0,0,0,0,0,1,0,0,0,0,0,0,0,0,0,5,12,0,0,0,0,0,0,0,0,0,0,0
0,1,0,1,3,1,3,7,0,1,0,0,3,9,0,0,0,1,0,0,0,0,0,0,0,7,0,0,0,0,0,0,0,5,0,1,0,0,0,0,0,0,0,0,0,5,12,0,0,0,0,0,0,0,0,0,0,0,0,0,0,0,0,0
1,0,1,3,1,3,7,5,1,0,0,3,9,0,0,0,1,0,0,0,0,0,0,0,7,0,0,0,0,0,0,0,5,0,1,0,0,0,0,0,0,0,0,0,5,12,0,0,0,0,0,0,0,0,0,0,0,0,0,0,0,0,0,0
0,1,3,1,3,7,5,0,0,0,3,9,0,0,0,0,0,0,0,0,0,0,0,0,0,0,0,0,0,0,0,0,0,1,0,0,0,0,0,0,0,0,0,5,12,0,0,0,0,0,0,0,0,0,0,0,0,0,0,0,0,0,0,0
0,1,0,0,3,9,0,0,0,1,0,0,0,0,0,0,0,7,0,0,0,0,0,0,0,5,0,1,0,0,0,0,0,0,0,0,0,5,12,0,0,0,0,0,0,0,0,0,0,0,0,0,0,0,0,0,0,0,0,0,0,0,0,0
1,0,0,3,9,0,0,0,1,0,0,0,0,0,0,0,7,0,0,0,0,0,0,0,5,0,1,0,0,0,0,0,0,0,0,0,5,12,0,0,0,0,0,0,0,0,0,0,0,0,0,0,0,0,0,0,0,0,0,0,0,0,0,0
0,0,3,9,0,0,0,0,0,0,0,0,0,0,0,0,0,0,0,0,0,0,0,0,0,1,0,0,0,0,0,0,0,0,0,5,12,0,0,0,0,0,0,0,0,0,0,0,0,0,0,0,0,0,0,0,0,0,0,0,0,0,0,0
0,0,0,0,0,0,0,0,0,0,7,7,7,6,10,11,0,1,1,0,0,7,3,7,0,0,1,0,0,14,1,15,0,6,0,0,0,1,6,15,0,3,0,0,3,3,3,15,0,0,0,3,0,0,15,9,0,10,0,7,13,18,13,11
0,0,0,0,0,0,0,0,0,7,7,7,6,10,11,12,1,1,0,0,7,3,7,5,0,1,0,0,14,1,15,18,6,0,0,0,1,6,15,7,3,0,0,3,3,3,15,5,0,0,3,0,0,15,9,0,10,0,7,13,18,13,11,15
0,0,0,0,0,0,0,0,7,7,7,6,10,11,12,0,1,0,0,7,3,7,5,0,1,0,0,14,1,15,18,0,0,0,0,1,6,15,7,0,0,0,3,3,3,15,5,0,0,3,0,0,15,9,0,0,0,7,13,18,13,11,15,0
0,0,7,7,7,6,10,11,0,1,1,0,0,7,3,7,0,0,1,0,0,14,1,15,0,6,0,0,0,1,6,15,0,3,0,0,3,3,3,15,0,0,0,3,0,0,15,9,0,10,0,7,13,18,13,11,0,12,18,11,12,18,15,15
0,7,7,7,6,10,11,12,1,1,0,0,7,3,7,5,0,1,0,0,14,1,15,18,6,0,0,0,1,6,15,7,3,0,0,3,3,3,15,5,0,0,3,0,0,15,9,0,10,0,7,13,18,13,11,15,12,18,11,12,18,15,15,17
7,7,7,6,10,11,12,0,1,0,0,7,3,7,5,0,1,0,0,14,1,15,18,0,0,0,0,1,6,15,7,0,0,0,3,3,3,15,5,0,0,3,0,0,15,9,0,0,0,7,13,18,13,11,15,0,18,11,12,18,15,15,17,0
0,1,1,0,0,7,3,7,0,0,1,0,0,14,1,15,0,6,0,0,0,1,6,15,0,3,0,0,3,3,3,15,0,0,0,3,0,0,15,9,0,10,0,7,13,18,13,11,0,12,18,11,12,18,15,15,0,0,0,0,0,0,0,0
1,1,0,0,7,3,7,5,0,1,0,0,14,1,15,18,6,0,0,0,1,6,15,7,3,0,0,3,3,3,15,5,0,0,3,0,0,15,9,0,10,0,7,13,18,13,11,15,12,18,11,12,18,15,15,17,0,0,0,0,0,0,0,0
1,0,0,7,3,7,5,0,1,0,0,14,1,15,18,0,0,0,0,1,6,15,7,0,0,0,3,3,3,15,5,0,0,3,0,0,15,9,0,0,0,7,13,18,13,11,15,0,18,11,12,18,15,15,17,0,0,0,0,0,0,0,0,0
0,0,0,0,0,0,0,0,0,0,1,0,0,0,0,1,0,0,0,0,0,7,0,0,0,0,0,0,0,0,1,0,0,0,0,3,0,0,0,3,0,0,0,0,0,5,6,6,0,0,0,0,0,0,3,3,0,0,0,0,0,0,3,0
0,0,0,0,0,0,0,0,0,1,0,0,0,0,1,3,0,0,0,0,7,0,0,6,0,0,0,0,0,1,0,0,0,0,3,0,0,0,3,0,0,0,0,0,5,6,6,3,0,0,0,0,0,3,3,1,0,0,0,0,0,3,0,0
0,0,0,0,0,0,0,0,1,0,0,0,0,1,3,0,0,0,0,7,0,0,6,0,0,0,0,0,1,0,0,0,0,3,0,0,0,3,0,0,0,0,0,5,6,6,3,0,0,0,0,0,3,3,1,0,0,0,0,0,3,0,0,0
0,0,1,0,0,0,0,1,0,0,0,0,0,7,0,0,0,0,0,0,0,0,1,0,0,0,0,3,0,0,0,3,0,0,0,0,0,5,6,6,0,0,0,0,0,0,3,3,0,0,0,0,0,0,3,0,0,0,0,3,0,0,0,0
0,1,0,0,0,0,1,3,0,0,0,0,7,0,0,6,0,0,0,0,0,1,0,0,0,0,3,0,0,0,3,0,0,0,0,0,5,6,6,3,0,0,0,0,0,3,3,1,0,0,0,0,0,3,0,0,0,0,3,0,0,0,0,0
1,0,0,0,0,1,3,0,0,0,0,7,0,0,6,0,0,0,0,0,1,0,0,0,0,3,0,0,0,3,0,0,0,0,0,5,6,6,3,0,0,0,0,0,3,3,1,0,0,0,0,0,3,0,0,0,0,3,0,0,0,0,0,0
0,0,0,0,0,7,0,0,0,0,0,0,0,0,1,0,0,0,0,3,0,0,0,3,0,0,0,0,0,5,6,6,0,0,0,0,0,0,3,3,0,0,0,0,0,0,3,0,0,0,0,3,0,0,0,0,0,0,0,0,0,0,0,0
0,0,0,0,7,0,0,6,0,0,0,0,0,1,0,0,0,0,3,0,0,0,3,0,0,0,0,0,5,6,6,3,0,0,0,0,0,3,3,1,0,0,0,0,0,3,0,0,0,0,3,0,0,0,0,0,0,0,0,0,0,0,0,0
0,0,0,7,0,0,6,0,0,0,0,0,1,0,0,0,0,3,0,0,0,3,0,0,0,0,0,5,6,6,3,0,0,0,0,0,3,3,1,0,0,0,0,0,3,0,0,0,0,3,0,0,0,0,0,0,0,0,0,0,0,0,0,0
0,0,0,0,0,0,0,0,0,0,0,0,0,0,0,0,0,0,0,0,0,0,0,0,0,0,0,0,0,0,0,0,0,1,0,0,0,0,0,0,0,0,0,0,0,0,0,0,0,0,0,0,0,0,0,0,0,0,0,0,0,0,0,0
0,0,0,0,0,0,0,0,0,0,0,0,0,0,0,0,0,0,0,0,0,0,0,0,0,0,0,0,0,0,0,0,1,0,0,0,0,0,0,0,0,0,0,0,0,0,0,0,0,0,0,0,0,0,0,0,0,0,0,0,0,0,0,0
0,0,0,0,0,0,0,0,0,0,0,0,0,0,0,0,0,0,0,0,0,0,0,0,0,0,0,0,0,0,0,0,0,0,0,0,0,0,0,0,0,0,0,0,0,0,0,0,0,0,0,0,0,0,0,0,0,0,0,0,0,0,0,0
0,0,0,0,0,0,0,0,0,0,0,0,0,0,0,0,0,0,0,0,0,0,0,0,0,1,0,0,0,0,0,0,0,0,0,0,0,0,0,0,0,0,0,0,0,0,0,0,0,0,0,0,0,0,0,0,0,0,0,0,0,0,0,0
0,0,0,0,0,0,0,0,0,0,0,0,0,0,0,0,0,0,0,0,0,0,0,0,1,0,0,0,0,0,0,0,0,0,0,0,0,0,0,0,0,0,0,0,0,0,0,0,0,0,0,0,0,0,0,0,0,0,0,0,0,0,0,0
0,0,0,0,0,0,0,0,0,0,0,0,0,0,0,0,0,0,0,0,0,0,0,0,0,0,0,0,0,0,0,0,0,0,0,0,0,0,0,0,0,0,0,0,0,0,0,0,0,0,0,0,0,0,0,0,0,0,0,0,0,0,0,0
0,0,0,0,0,0,0,0,0,0,0,0,0,0,0,0,0,1,0,0,0,0,0,0,0,0,0,0,0,0,0,0,0,0,0,0,0,0,0,0,0,0,0,0,0,0,0,0,0,0,0,0,0,0,0,0,0,0,0,0,0,0,0,0
0,0,0,0,0,0,0,0,0,0,0,0,0,0,0,0,1,0,0,0,0,0,0,0,0,0,0,0,0,0,0,0,0,0,0,0,0,0,0,0,0,0,0,0,0,0,0,0,0,0,0,0,0,0,0,0,0,0,0,0,0,0,0,0
0,0,0,0,0,0,0,0,0,0,0,0,0,0,0,0,0,0,0,0,0,0,0,0,0,0,0,0,0,0,0,0,0,0,0,0,0,0,0,0,0,0,0,0,0,0,0,0,0,0,0,0,0,0,0,0,0,0,0,0,0,0,0,0
0,0,0,0,0,0,0,0,0,0,0,0,0,0,0,0,0,0,7,3,1,9,3,0,0,3,3,3,13,0,6,0,0,5,9,3,24,0,18,6,0,17,10,7,5,0,7,7,0,7,21,35,7,11,3,6,0,6,19,42,9,6,11,9
0,0,0,0,0,0,0,0,0,0,0,0,0,0,0,0,0,7,3,1,9,3,0,6,3,3,3,13,0,6,0,6,5,9,3,24,0,18,6,3,17,10,7,5,0,7,7,0,7,21,35,7,11,3,6,7,6,19,42,9,6,11,9,14
0,0,0,0,0,0,0,0,0,0,0,0,0,0,0,0,7,3,1,9,3,0,6,0,3,3,13,0,6,0,6,0,9,3,24,0,18,6,3,0,10,7,5,0,7,7,0,0,21,35,7,11,3,6,7,0,19,42,9,6,11,9,14,0
0,0,0,0,0,0,0,0,0,0,7,3,1,9,3,0,0,3,3,3,13,0,6,0,0,5,9,3,24,0,18,6,0,17,10,7,5,0,7,7,0,7,21,35,7,11,3,6,0,6,19,42,9,6,11,9,0,0,0,7,5,3,5,3
0,0,0,0,0,0,0,0,0,7,3,1,9,3,0,6,3,3,3,13,0,6,0,6,5,9,3,24,0,18,6,3,17,10,7,5,0,7,7,0,7,21,35,7,11,3,6,7,6,19,42,9,6,11,9,14,0,0,7,5,3,5,3,5
0,0,0,0,0,0,0,0,7,3,1,9,3,0,6,0,3,3,13,0,6,0,6,0,9,3,24,0,18,6,3,0,10,7,5,0,7,7,0,0,21,35,7,11,3,6,7,0,19,42,9,6,11,9,14,0,0,7,5,3,5,3,5,0
0,0,7,3,1,9,3,0,0,3,3,3,13,0,6,0,0,5,9,3,24,0,18,6,0,17,10,7,5,0,7,7,0,7,21,35,7,11,3,6,0,6,19,42,9,6,11,9,0,0,0,7,5,3,5,3,0,0,0,0,0,0,0,0
0,7,3,1,9,3,0,6,3,3,3,13,0,6,0,6,5,9,3,24,0,18,6,3,17,10,7,5,0,7,7,0,7,21,35,7,11,3,6,7,6,19,42,9,6,11,9,14,0,0,7,5,3,5,3,5,0,0,0,0,0,0,0,0
7,3,1,9,3,0,6,0,3,3,13,0,6,0,6,0,9,3,24,0,18,6,3,0,10,7,5,0,7,7,0,0,21,35,7,11,3,6,7,0,19,42,9,6,11,9,14,0,0,7,5,3,5,3,5,0,0,0,0,0,0,0,0,0
0,0,0,0,0,0,0,0,0,9,3,6,5,3,7,7,0,10,6,9,10,13,3,9,0,6,3,7,0,7,0,9,0,3,9,0,20,0,10,10,0,11,12,3,0,7,1,13,0,3,23,26,5,21,15,1,0,3,7,46,7,11,5,3
0,0,0,0,0,0,0,0,9,3,6,5,3,7,7,10,10,6,9,10,13,3,9,11,6,3,7,0,7,0,9,15,3,9,0,20,0,10,10,13,11,12,3,0,7,1,13,15,3,23,26,5,21,15,1,7,3,7,46,7,11,5,3,9
0,0,0,0,0,0,0,0,3,6,5,3,7,7,10,0,6,9,10,13,3,9,11,0,3,7,0,7,0,9,15,0,9,0,20,0,10,10,13,0,12,3,0,7,1,13,15,0,23,26,5,21,15,1,7,0,7,46,7,11,5,3,9,0
0,9,3,6,5,3,7,7,0,10,6,9,10,13,3,9,0,6,3,7,0,7,0,9,0,3,9,0,20,0,10,10,0,11,12,3,0,7,1,13,0,3,23,26,5,21,15,1,0,3,7,46,7,11,5,3,0,13,3,15,6,1,5,9
9,3,6,5,3,7,7,10,10,6,9,10,13,3,9,11,6,3,7,0,7,0,9,15,3,9,0,20,0,10,10,13,11,12,3,0,7,1,13,15,3,23,26,5,21,15,1,7,3,7,46,7,11,5,3,9,13,3,15,6,1,5,9,13
3,6,5,3,7,7,10,0,6,9,10,13,3,9,11,0,3,7,0,7,0,9,15,0,9,0,20,0,10,10,13,0,12,3,0,7,1,13,15,0,23,26,5,21,15,1,7,0,7,46,7,11,5,3,9,0,3,15,6,1,5,9,13,0
0,10,6,9,10,13,3,9,0,6,3,7,0,7,0,9,0,3,9,0,20,0,10,10,0,11,12,3,0,7,1,13,0,3,23,26,5,21,15,1,0,3,7,46,7,11,5,3,0,13,3,15,6,1,5,9,0,0,0,0,0,0,0,0
10,6,9,10,13,3,9,11,6,3,7,0,7,0,9,15,3,9,0,20,0,10,10,13,11,12,3,0,7,1,13,15,3,23,26,5,21,15,1,7,3,7,46,7,11,5,3,9,13,3,15,6,1,5,9,13,0,0,0,0,0,0,0,0
6,9,10,13,3,9,11,0,3,7,0,7,0,9,15,0,9,0,20,0,10,10,13,0,12,3,0,7,1,13,15,0,23,26,5,21,15,1,7,0,7,46,7,11,5,3,9,0,3,15,6,1,5,9,13,0,0,0,0,0,0,0,0,0
0,0,0,0,0,0,0,0,0,0,3,6,5,7,3,3,0,0,0,3,6,0,0,0,0,0,0,12,3,0,0,0,0,11,7,0,1,0,7,0,0,6,9,3,9,0,0,0,0,0,0,7,11,7,0,0,0,0,14,0,0,0,0,0
0,0,0,0,0,0,0,0,0,3,6,5,7,3,3,1,0,0,3,6,0,0,0,0,0,0,12,3,0,0,0,0,11,7,0,1,0,7,0,0,6,9,3,9,0,0,0,0,0,0,7,11,7,0,0,3,0,14,0,0,0,0,0,0
0,0,0,0,0,0,0,0,3,6,5,7,3,3,1,0,0,3,6,0,0,0,0,0,0,12,3,0,0,0,0,0,7,0,1,0,7,0,0,0,9,3,9,0,0,0,0,0,0,7,11,7,0,0,3,0,14,0,0,0,0,0,0,0
0,0,3,6,5,7,3,3,0,0,0,3,6,0,0,0,0,0,0,12,3,0,0,0,0,11,7,0,1,0,7,0,0,6,9,3,9,0,0,0,0,0,0,7,11,7,0,0,0,0,14,0,0,0,0,0,0,0,0,0,0,0,0,0
0,3,6,5,7,3,3,1,0,0,3,6,0,0,0,0,0,0,12,3,0,0,0,0,11,7,0,1,0,7,0,0,6,9,3,9,0,0,0,0,0,0,7,11,7,0,0,3,0,14,0,0,0,0,0,0,0,0,0,0,0,0,0,3
3,6,5,7,3,3,1,0,0,3,6,0,0,0,0,0,0,12,3,0,0,0,0,0,7,0,1,0,7,0,0,0,9,3,9,0,0,0,0,0,0,7,11,7,0,0,3,0,14,0,0,0,0,0,0,0,0,0,0,0,0,0,3,0
0,0,0,3,6,0,0,0,0,0,0,12,3,0,0,0,0,11,7,0,1,0,7,0,0,6,9,3,9,0,0,0,0,0,0,7,11,7,0,0,0,0,14,0,0,0,0,0,0,0,0,0,0,0,0,0,0,0,0,0,0,0,0,0
0,0,3,6,0,0,0,0,0,0,12,3,0,0,0,0,11,7,0,1,0,7,0,0,6,9,3,9,0,0,0,0,0,0,7,11,7,0,0,3,0,14,0,0,0,0,0,0,0,0,0,0,0,0,0,3,0,0,0,0,0,0,0,0
0,3,6,0,0,0,0,0,0,12,3,0,0,0,0,0,7,0,1,0,7,0,0,0,9,3,9,0,0,0,0,0,0,7,11,7,0,0,3,0,14,0,0,0,0,0,0,0,0,0,0,0,0,0,3,0,0,0,0,0,0,0,0,0
0,0,0,0,0,0,0,0,0,0,0,0,0,0,0,0,0,0,0,0,0,0,0,0,0,1,0,0,0,0,0,0,0,0,0,0,0,0,0,0,0,0,0,0,0,0,0,0,0,0,0,0,0,0,0,0,0,5,0,0,0,0,0,0
0,0,0,0,0,0,0,0,0,0,0,0,0,0,0,0,0,0,0,0,0,0,0,0,1,0,0,0,0,0,0,0,0,0,0,0,0,0,0,0,0,0,0,0,0,0,0,0,0,0,0,0,0,0,0,0,5,0,0,0,0,0,0,0
0,0,0,0,0,0,0,0,0,0,0,0,0,0,0,0,0,0,0,0,0,0,0,0,0,0,0,0,0,0,0,0,0,0,0,0,0,0,0,0,0,0,0,0,0,0,0,0,0,0,0,0,0,0,0,0,0,0,0,0,0,0,0,0
0,0,0,0,0,0,0,0,0,0,0,0,0,0,0,0,0,1,0,0,0,0,0,0,0,0,0,0,0,0,0,0,0,0,0,0,0,0,0,0,0,0,0,0,0,0,0,0,0,5,0,0,0,0,0,0,0,0,0,0,0,0,0,0
0,0,0,0,0,0,0,0,0,0,0,0,0,0,0,0,1,0,0,0,0,0,0,0,0,0,0,0,0,0,0,0,0,0,0,0,0,0,0,0,0,0,0,0,0,0,0,0,5,0,0,0,0,0,0,0,0,0,0,0,0,0,0,0
0,0,0,0,0,0,0,0,0,0,0,0,0,0,0,0,0,0,0,0,0,0,0,0,0,0,0,0,0,0,0,0,0,0,0,0,0,0,0,0,0,0,0,0,0,0,0,0,0,0,0,0,0,0,0,0,0,0,0,0,0,0,0,0
0,0,0,0,0,0,0,0,0,1,0,0,0,0,0,0,0,0,0,0,0,0,0,0,0,0,0,0,0,0,0,0,0,0,0,0,0,0,0,0,0,5,0,0,0,0,0,0,0,0,0,0,0,0,0,0,0,0,0,0,0,0,0,0
0,0,0,0,0,0,0,0,1,0,0,0,0,0,0,0,0,0,0,0,0,0,0,0,0,0,0,0,0,0,0,0,0,0,0,0,0,0,0,0,5,0,0,0,0,0,0,0,0,0,0,0,0,0,0,0,0,0,0,0,0,0,0,0
0,0,0,0,0,0,0,0,0,0,0,0,0,0,0,0,0,0,0,0,0,0,0,0,0,0,0,0,0,0,0,0,0,0,0,0,0,0,0,0,0,0,0,0,0,0,0,0,0,0,0,0,0,0,0,0,0,0,0,0,0,0,0,0
0,0,0,0,0,0,0,0,0,7,1,0,1,0,0,0,0,6,0,3,0,0,0,1,0,3,0,6,0,0,0,0,0,0,0,0,0,1,0,3,0,1,0,0,0,0,0,0,0,0,0,3,0,9,0,0,0,13,0,0,0,0,0,0
0,0,0,0,0,0,0,0,7,1,0,1,0,0,0,0,6,0,3,0,0,0,1,0,3,0,6,0,0,0,0,0,0,0,0,0,1,0,3,0,1,0,0,0,0,0,0,0,0,0,3,0,9,0,0,0,13,0,0,0,0,0,0,0
0,0,0,0,0,0,0,0,1,0,1,0,0,0,0,0,0,3,0,0,0,1,0,0,0,6,0,0,0,0,0,0,0,0,0,1,0,3,0,0,0,0,0,0,0,0,0,0,0,3,0,9,0,0,0,0,0,0,0,0,0,0,0,0
0,7,1,0,1,0,0,0,0,6,0,3,0,0,0,1,0,3,0,6,0,0,0,0,0,0,0,0,0,1,0,3,0,1,0,0,0,0,0,0,0,0,0,3,0,9,0,0,0,13,0,0,0,0,0,0,0,14,0,13,7,1,0,3
7,1,0,1,0,0,0,0,6,0,3,0,0,0,1,0,3,0,6,0,0,0,0,0,0,0,0,0,1,0,3,0,1,0,0,0,0,0,0,0,0,0,3,0,9,0,0,0,13,0,0,0,0,0,0,0,14,0,13,7,1,0,3,0
1,0,1,0,0,0,0,0,0,3,0,0,0,1,0,0,0,6,0,0,0,0,0,0,0,0,0,1,0,3,0,0,0,0,0,0,0,0,0,0,0,3,0,9,0,0,0,0,0,0,0,0,0,0,0,0,0,13,7,1,0,3,0,0
0,6,0,3,0,0,0,1,0,3,0,6,0,0,0,0,0,0,0,0,0,1,0,3,0,1,0,0,0,0,0,0,0,0,0,3,0,9,0,0,0,13,0,0,0,0,0,0,0,14,0,13,7,1,0,3,0,0,0,0,0,0,0,0
6,0,3,0,0,0,1,0,3,0,6,0,0,0,0,0,0,0,0,0,1,0,3,0,1,0,0,0,0,0,0,0,0,0,3,0,9,0,0,0,13,0,0,0,0,0,0,0,14,0,13,7,1,0,3,0,0,0,0,0,0,0,0,0
0,3,0,0,0,1,0,0,0,6,0,0,0,0,0,0,0,0,0,1,0,3,0,0,0,0,0,0,0,0,0,0,0,3,0,9,0,0,0,0,0,0,0,0,0,0,0,0,0,13,7,1,0,3,0,0,0,0,0,0,0,0,0,0
0,0,0,0,0,0,0,0,0,0,0,0,0,0,0,1,0,0,0,0,0,0,0,0,0,0,0,0,0,0,0,0,0,0,0,0,0,0,0,0,0,0,0,0,0,0,0,0,0,0,0,0,0,0,0,0,0,0,0,0,0,0,0,0
0,0,0,0,0,0,0,0,0,0,0,0,0,0,1,0,0,0,0,0,0,0,0,0,0,0,0,0,0,0,0,0,0,0,0,0,0,0,0,0,0,0,0,0,0,0,0,0,0,0,0,0,0,0,0,0,0,0,0,0,0,0,0,0
0,0,0,0,0,0,0,0,0,0,0,0,0,1,0,0,0,0,0,0,0,0,0,0,0,0,0,0,0,0,0,0,0,0,0,0,0,0,0,0,0,0,0,0,0,0,0,0,0,0,0,0,0,0,0,0,0,0,0,0,0,0,0,0
0,0,0,0,0,0,0,1,0,0,0,0,0,0,0,0,0,0,0,0,0,0,0,0,0,0,0,0,0,0,0,0,0,0,0,0,0,0,0,0,0,0,0,0,0,0,0,0,0,0,0,0,0,0,0,0,0,0,0,0,0,0,0,0
0,0,0,0,0,0,1,0,0,0,0,0,0,0,0,0,0,0,0,0,0,0,0,0,0,0,0,0,0,0,0,0,0,0,0,0,0,0,0,0,0,0,0,0,0,0,0,0,0,0,0,0,0,0,0,0,0,0,0,0,0,0,0,0
0,0,0,0,0,1,0,0,0,0,0,0,0,0,0,0,0,0,0,0,0,0,0,0,0,0,0,0,0,0,0,0,0,0,0,0,0,0,0,0,0,0,0,0,0,0,0,0,0,0,0,0,0,0,0,0,0,0,0,0,0,0,0,0
0,0,0,0,0,0,0,0,0,0,0,0,0,0,0,0,0,0,0,0,0,0,0,0,0,0,0,0,0,0,0,0,0,0,0,0,0,0,0,0,0,0,0,0,0,0,0,0,0,0,0,0,0,0,0,0,0,0,0,0,0,0,0,0
0,0,0,0,0,0,0,0,0,0,0,0,0,0,0,0,0,0,0,0,0,0,0,0,0,0,0,0,0,0,0,0,0,0,0,0,0,0,0,0,0,0,0,0,0,0,0,0,0,0,0,0,0,0,0,0,0,0,0,0,0,0,0,0
0,0,0,0,0,0,0,0,0,0,0,0,0,0,0,0,0,0,0,0,0,0,0,0,0,0,0,0,0,0,0,0,0,0,0,0,0,0,0,0,0,0,0,0,0,0,0,0,0,0,0,0,0,0,0,0,0,0,0,0,0,0,0,0
0,0,0,0,0,0,0,0,0,1,0,0,0,0,3,3,0,0,0,0,1,3,0,6,0,0,1,0,0,3,0,0,0,0,10,1,3,3,0,0,0,0,6,0,9,0,0,0,0,0,0,0,0,0,1,0,0,0,0,0,3,3,0,0
0,0,0,0,0,0,0,0,1,0,0,0,0,3,3,0,0,0,0,1,3,0,6,0,0,1,0,0,3,0,0,0,0,10,1,3,3,0,0,0,0,6,0,9,0,0,0,0,0,0,0,0,0,1,0,1,0,0,0,3,3,0,0,0
0,0,0,0,0,0,0,0,0,0,0,0,3,3,0,0,0,0,1,3,0,6,0,0,1,0,0,3,0,0,0,0,10,1,3,3,0,0,0,0,6,0,9,0,0,0,0,0,0,0,0,0,1,0,1,0,0,0,3,3,0,0,0,0
0,1,0,0,0,0,3,3,0,0,0,0,1,3,0,6,0,0,1,0,0,3,0,0,0,0,10,1,3,3,0,0,0,0,6,0,9,0,0,0,0,0,0,0,0,0,1,0,0,0,0,0,3,3,0,0,0,1,0,5,5,1,1,0
1,0,0,0,0,3,3,0,0,0,0,1,3,0,6,0,0,1,0,0,3,0,0,0,0,10,1,3,3,0,0,0,0,6,0,9,0,0,0,0,0,0,0,0,0,1,0,1,0,0,0,3,3,0,0,0,1,0,5,5,1,1,0,7
0,0,0,0,3,3,0,0,0,0,1,3,0,6,0,0,1,0,0,3,0,0,0,0,10,1,3,3,0,0,0,0,6,0,9,0,0,0,0,0,0,0,0,0,1,0,1,0,0,0,3,3,0,0,0,0,0,5,5,1,1,0,7,0
0,0,0,0,1,3,0,6,0,0,1,0,0,3,0,0,0,0,10,1,3,3,0,0,0,0,6,0,9,0,0,0,0,0,0,0,0,0,1,0,0,0,0,0,3,3,0,0,0,1,0,5,5,1,1,0,0,0,0,0,0,0,0,0
0,0,0,1,3,0,6,0,0,1,0,0,3,0,0,0,0,10,1,3,3,0,0,0,0,6,0,9,0,0,0,0,0,0,0,0,0,1,0,1,0,0,0,3,3,0,0,0,1,0,5,5,1,1,0,7,0,0,0,0,0,0,0,0
0,0,1,3,0,6,0,0,1,0,0,3,0,0,0,0,10,1,3,3,0,0,0,0,6,0,9,0,0,0,0,0,0,0,0,0,1,0,1,0,0,0,3,3,0,0,0,0,0,5,5,1,1,0,7,0,0,0,0,0,0,0,0,0
0,0,0,0,0,0,0,0,0,0,1,3,0,1,7,6,0,3,9,5,0,15,11,21,0,0,5,0,0,21,5,14,0,0,0,5,0,9,3,13,0,0,1,10,0,13,9,15,0,3,7,0,7,0,22,25,0,0,1,6,7,17,13,7
0,0,0,0,0,0,0,0,0,1,3,0,1,7,6,6,3,9,5,0,15,11,21,19,0,5,0,0,21,5,14,31,0,0,5,0,9,3,13,21,0,1,10,0,13,9,15,15,3,7,0,7,0,22,25,10,0,1,6,7,17,13,7,6
0,0,0,0,0,0,0,0,1,3,0,1,7,6,6,0,9,5,0,15,11,21,19,0,5,0,0,21,5,14,31,0,0,5,0,9,3,13,21,0,1,10,0,13,9,15,15,0,7,0,7,0,22,25,10,0,1,6,7,17,13,7,6,0
0,0,1,3,0,1,7,6,0,3,9,5,0,15,11,21,0,0,5,0,0,21,5,14,0,0,0,5,0,9,3,13,0,0,1,10,0,13,9,15,0,3,7,0,7,0,22,25,0,0,1,6,7,17,13,7,0,0,3,0,9,9,3,0
0,1,3,0,1,7,6,6,3,9,5,0,15,11,21,19,0,5,0,0,21,5,14,31,0,0,5,0,9,3,13,21,0,1,10,0,13,9,15,15,3,7,0,7,0,22,25,10,0,1,6,7,17,13,7,6,0,3,0,9,9,3,0,3
1,3,0,1,7,6,6,0,9,5,0,15,11,21,19,0,5,0,0,21,5,14,31,0,0,5,0,9,3,13,21,0,1,10,0,13,9,15,15,0,7,0,7,0,22,25,10,0,1,6,7,17,13,7,6,0,3,0,9,9,3,0,3,0
0,3,9,5,0,15,11,21,0,0,5,0,0,21,5,14,0,0,0,5,0,9,3,13,0,0,1,10,0,13,9,15,0,3,7,0,7,0,22,25,0,0,1,6,7,17,13,7,0,0,3,0,9,9,3,0,0,0,0,0,0,0,0,0
3,9,5,0,15,11,21,19,0,5,0,0,21,5,14,31,0,0,5,0,9,3,13,21,0,1,10,0,13,9,15,15,3,7,0,7,0,22,25,10,0,1,6,7,17,13,7,6,0,3,0,9,9,3,0,3,0,0,0,0,0,0,0,0
9,5,0,15,11,21,19,0,5,0,0,21,5,14,31,0,0,5,0,9,3,13,21,0,1,10,0,13,9,15,15,0,7,0,7,0,22,25,10,0,1,6,7,17,13,7,6,0,3,0,9,9,3,0,3,0,0,0,0,0,0,0,0,0
0,0,0,0,0,0,0,0,0,3,0,0,0,0,3,1,0,5,7,3,1,0,3,17,0,0,7,5,5,10,3,10,0,0,3,0,0,0,1,9,0,0,3,15,0,0,3,9,0,0,0,0,0,0,0,13,0,0,0,0,0,7,7,9
0,0,0,0,0,0,0,0,3,0,0,0,0,3,1,3,5,7,3,1,0,3,17,10,0,7,5,5,10,3,10,22,0,3,0,0,0,1,9,11,0,3,15,0,0,3,9,7,0,0,0,0,0,0,13,11,0,0,0,0,7,7,9,12
0,0,0,0,0,0,0,0,0,0,0,0,3,1,3,0,7,3,1,0,3,17,10,0,7,5,5,10,3,10,22,0,3,0,0,0,1,9,11,0,3,15,0,0,3,9,7,0,0,0,0,0,0,13,11,0,0,0,0,7,7,9,12,0
0,3,0,0,0,0,3,1,0,5,7,3,1,0,3,17,0,0,7,5,5,10,3,10,0,0,3,0,0,0,1,9,0,0,3,15,0,0,3,9,0,0,0,0,0,0,0,13,0,0,0,0,0,7,7,9,0,0,6,0,3,9,3,3
3,0,0,0,0,3,1,3,5,7,3,1,0,3,17,10,0,7,5,5,10,3,10,22,0,3,0,0,0,1,9,11,0,3,15,0,0,3,9,7,0,0,0,0,0,0,13,11,0,0,0,0,7,7,9,12,0,6,0,3,9,3,3,9
0,0,0,0,3,1,3,0,7,3,1,0,3,17,10,0,7,5,5,10,3,10,22,0,3,0,0,0,1,9,11,0,3,15,0,0,3,9,7,0,0,0,0,0,0,13,11,0,0,0,0,7,7,9,12,0,6,0,3,9,3,3,9,0
0,5,7,3,1,0,3,17,0,0,7,5,5,10,3,10,0,0,3,0,0,0,1,9,0,0,3,15,0,0,3,9,0,0,0,0,0,0,0,13,0,0,0,0,0,7,7,9,0,0,6,0,3,9,3,3,0,0,0,0,0,0,0,0
5,7,3,1,0,3,17,10,0,7,5,5,10,3,10,22,0,3,0,0,0,1,9,11,0,3,15,0,0,3,9,7,0,0,0,0,0,0,13,11,0,0,0,0,7,7,9,12,0,6,0,3,9,3,3,9,0,0,0,0,0,0,0,0
7,3,1,0,3,17,10,0,7,5,5,10,3,10,22,0,3,0,0,0,1,9,11,0,3,15,0,0,3,9,7,0,0,0,0,0,0,13,11,0,0,0,0,7,7,9,12,0,6,0,3,9,3,3,9,0,0,0,0,0,0,0,0,0
0,0,0,0,0,0,0,0,0,0,3,6,6,7,9,11,0,0,6,6,0,15,7,10,0,3,0,6,0,7,7,10,0,3,7,20,18,7,7,9,0,1,0,0,12,3,13,19,0,12,7,0,3,0,14,9,0,11,19,15,20,17,17,13
0,0,0,0,0,0,0,0,0,3,6,6,7,9,11,9,0,6,6,0,15,7,10,6,3,0,6,0,7,7,10,14,3,7,20,18,7,7,9,11,1,0,0,12,3,13,19,9,12,7,0,3,0,14,9,6,11,19,15,20,17,17,13,12
0,0,0,0,0,0,0,0,3,6,6,7,9,11,9,0,6,6,0,15,7,10,6,0,0,6,0,7,7,10,14,0,7,20,18,7,7,9,11,0,0,0,12,3,13,19,9,0,7,0,3,0,14,9,6,0,19,15,20,17,17,13,12,0
0,0,3,6,6,7,9,11,0,0,6,6,0,15,7,10,0,3,0,6,0,7,7,10,0,3,7,20,18,7,7,9,0,1,0,0,12,3,13,19,0,12,7,0,3,0,14,9,0,11,19,15,20,17,17,13,0,10,10,14,15,15,13,20
0,3,6,6,7,9,11,9,0,6,6,0,15,7,10,6,3,0,6,0,7,7,10,14,3,7,20,18,7,7,9,11,1,0,0,12,3,13,19,9,12,7,0,3,0,14,9,6,11,19,15,20,17,17,13,12,10,10,14,15,15,13,20,15
3,6,6,7,9,11,9,0,6,6,0,15,7,10,6,0,0,6,0,7,7,10,14,0,7,20,18,7,7,9,11,0,0,0,12,3,13,19,9,0,7,0,3,0,14,9,6,0,19,15,20,17,17,13,12,0,10,14,15,15,13,20,15,0
0,0,6,6,0,15,7,10,0,3,0,6,0,7,7,10,0,3,7,20,18,7,7,9,0,1,0,0,12,3,13,19,0,12,7,0,3,0,14,9,0,11,19,15,20,17,17,13,0,10,10,14,15,15,13,20,0,0,0,0,0,0,0,0
0,6,6,0,15,7,10,6,3,0,6,0,7,7,10,14,3,7,20,18,7,7,9,11,1,0,0,12,3,13,19,9,12,7,0,3,0,14,9,6,11,19,15,20,17,17,13,12,10,10,14,15,15,13,20,15,0,0,0,0,0,0,0,0
6,6,0,15,7,10,6,0,0,6,0,7,7,10,14,0,7,20,18,7,7,9,11,0,0,0,12,3,13,19,9,0,7,0,3,0,14,9,6,0,19,15,20,17,17,13,12,0,10,14,15,15,13,20,15,0,0,0,0,0,0,0,0,0
0,0,0,0,0,0,0,0,0,0,0,0,0,0,0,0,0,0,0,0,0,0,0,0,0,0,0,0,0,0,0,0,0,0,0,0,0,0,0,0,0,0,0,0,0,0,0,0,0,0,0,0,0,0,0,0,0,0,0,0,0,0,0,0
0,0,0,0,0,0,0,0,0,0,0,0,0,0,0,0,0,0,0,0,0,0,0,0,0,0,0,0,0,0,0,0,0,0,0,0,0,0,0,0,0,0,0,0,0,0,0,0,0,0,0,0,0,0,0,0,0,0,0,0,0,0,0,0
0,0,0,0,0,0,0,0,0,0,0,0,0,0,0,0,0,0,0,0,0,0,0,0,0,0,0,0,0,0,0,0,0,0,0,0,0,0,0,0,0,0,0,0,0,0,0,0,0,0,0,0,0,0,0,0,0,0,0,0,0,0,0,0
0,0,0,0,0,0,0,0,0,0,0,0,0,0,0,0,0,0,0,0,0,0,0,0,0,0,0,0,0,0,0,0,0,0,0,0,0,0,0,0,0,0,0,0,0,0,0,0,0,0,0,0,0,0,0,0,0,0,0,0,0,0,0,0
0,0,0,0,0,0,0,0,0,0,0,0,0,0,0,0,0,0,0,0,0,0,0,0,0,0,0,0,0,0,0,0,0,0,0,0,0,0,0,0,0,0,0,0,0,0,0,0,0,0,0,0,0,0,0,0,0,0,0,0,0,0,0,0
0,0,0,0,0,0,0,0,0,0,0,0,0,0,0,0,0,0,0,0,0,0,0,0,0,0,0,0,0,0,0,0,0,0,0,0,0,0,0,0,0,0,0,0,0,0,0,0,0,0,0,0,0,0,0,0,0,0,0,0,0,0,0,0
0,0,0,0,0,0,0,0,0,0,0,0,0,0,0,0,0,0,0,0,0,0,0,0,0,0,0,0,0,0,0,0,0,0,0,0,0,0,0,0,0,0,0,0,0,0,0,0,0,0,0,0,0,0,0,0,0,0,0,0,0,0,0,0
0,0,0,0,0,0,0,0,0,0,0,0,0,0,0,0,0,0,0,0,0,0,0,0,0,0,0,0,0,0,0,0,0,0,0,0,0,0,0,0,0,0,0,0,0,0,0,0,0,0,0,0,0,0,0,0,0,0,0,0,0,0,0,0
0,0,0,0,0,0,0,0,0,0,0,0,0,0,0,0,0,0,0,0,0,0,0,0,0,0,0,0,0,0,0,0,0,0,0,0,0,0,0,0,0,0,0,0,0,0,0,0,0,0,0,0,0,0,0,0,0,0,0,0,0,0,0,0
0,0,0,0,0,0,0,0,0,1,0,0,0,0,0,0,0,0,0,0,0,0,0,0,0,1,0,0,0,0,0,0,0,10,3,0,0,0,0,0,0,1,7,0,5,3,0,0,0,0,0,0,0,0,0,0,0,0,0,0,0,0,0,0
0,0,0,0,0,0,0,0,1,0,0,0,0,0,0,0,0,0,0,0,0,0,0,0,1,0,0,0,0,0,0,0,10,3,0,0,0,0,0,0,1,7,0,5,3,0,0,0,0,0,0,0,0,0,0,1,0,0,0,0,0,0,0,0
0,0,0,0,0,0,0,0,0,0,0,0,0,0,0,0,0,0,0,0,0,0,0,0,0,0,0,0,0,0,0,0,3,0,0,0,0,0,0,0,7,0,5,3,0,0,0,0,0,0,0,0,0,0,1,0,0,0,0,0,0,0,0,0
0,1,0,0,0,0,0,0,0,0,0,0,0,0,0,0,0,1,0,0,0,0,0,0,0,10,3,0,0,0,0,0,0,1,7,0,5,3,0,0,0,0,0,0,0,0,0,0,0,0,0,0,0,0,0,0,0,3,3,9,10,5,5,1
1,0,0,0,0,0,0,0,0,0,0,0,0,0,0,0,1,0,0,0,0,0,0,0,10,3,0,0,0,0,0,0,1,7,0,5,3,0,0,0,0,0,0,0,0,0,0,1,0,0,0,0,0,0,0,0,3,3,9,10,5,5,1,3
0,0,0,0,0,0,0,0,0,0,0,0,0,0,0,0,0,0,0,0,0,0,0,0,3,0,0,0,0,0,0,0,7,0,5,3,0,0,0,0,0,0,0,0,0,0,1,0,0,0,0,0,0,0,0,0,3,9,10,5,5,1,3,0
0,0,0,0,0,0,0,0,0,1,0,0,0,0,0,0,0,10,3,0,0,0,0,0,0,1,7,0,5,3,0,0,0,0,0,0,0,0,0,0,0,0,0,0,0,0,0,0,0,3,3,9,10,5,5,1,0,0,0,0,0,0,0,0
0,0,0,0,0,0,0,0,1,0,0,0,0,0,0,0,10,3,0,0,0,0,0,0,1,7,0,5,3,0,0,0,0,0,0,0,0,0,0,1,0,0,0,0,0,0,0,0,3,3,9,10,5,5,1,3,0,0,0,0,0,0,0,0
0,0,0,0,0,0,0,0,0,0,0,0,0,0,0,0,3,0,0,0,0,0,0,0,7,0,5,3,0,0,0,0,0,0,0,0,0,0,1,0,0,0,0,0,0,0,0,0,3,9,10,5,5,1,3,0,0,0,0,0,0,0,0,0
0,0,0,0,0,0,0,0,0,1,0,0,0,1,0,0,0,0,0,0,1,0,0,0,0,7,7,0,3,0,0,0,0,7,7,0,7,0,7,0,0,0,15,7,5,0,0,0,0,5,3,1,6,7,0,0,0,0,7,14,0,0,3,6
0,0,0,0,0,0,0,0,1,0,0,0,1,0,0,0,0,0,0,1,0,0,0,0,7,7,0,3,0,0,0,0,7,7,0,7,0,7,0,0,0,15,7,5,0,0,0,0,5,3,1,6,7,0,0,0,0,7,14,0,0,3,6,3
0,0,0,0,0,0,0,0,0,0,0,1,0,0,0,0,0,0,1,0,0,0,0,0,7,0,3,0,0,0,0,0,7,0,7,0,7,0,0,0,15,7,5,0,0,0,0,0,3,1,6,7,0,0,0,0,7,14,0,0,3,6,3,0
0,1,0,0,0,1,0,0,0,0,0,0,1,0,0,0,0,7,7,0,3,0,0,0,0,7,7,0,7,0,7,0,0,0,15,7,5,0,0,0,0,5,3,1,6,7,0,0,0,0,7,14,0,0,3,6,0,0,0,1,1,0,1,0
1,0,0,0,1,0,0,0,0,0,0,1,0,0,0,0,7,7,0,3,0,0,0,0,7,7,0,7,0,7,0,0,0,15,7,5,0,0,0,0,5,3,1,6,7,0,0,0,0,7,14,0,0,3,6,3,0,0,1,1,0,1,0,0
0,0,0,1,0,0,0,0,0,0,1,0,0,0,0,0,7,0,3,0,0,0,0,0,7,0,7,0,7,0,0,0,15,7,5,0,0,0,0,0,3,1,6,7,0,0,0,0,7,14,0,0,3,6,3,0,0,1,1,0,1,0,0,0
0,0,0,0,1,0,0,0,0,7,7,0,3,0,0,0,0,7,7,0,7,0,7,0,0,0,15,7,5,0,0,0,0,5,3,1,6,7,0,0,0,0,7,14,0,0,3,6,0,0,0,1,1,0,1,0,0,0,0,0,0,0,0,0
0,0,0,1,0,0,0,0,7,7,0,3,0,0,0,0,7,7,0,7,0,7,0,0,0,15,7,5,0,0,0,0,5,3,1,6,7,0,0,0,0,7,14,0,0,3,6,3,0,0,1,1,0,1,0,0,0,0,0,0,0,0,0,0
0,0,1,0,0,0,0,0,7,0,3,0,0,0,0,0,7,0,7,0,7,0,0,0,15,7,5,0,0,0,0,0,3,1,6,7,0,0,0,0,7,14,0,0,3,6,3,0,0,1,1,0,1,0,0,0,0,0,0,0,0,0,0,0
0,0,0,0,0,0,0,0,0,0,3,1,1,3,1,3,0,0,0,0,0,0,0,0,0,0,0,0,0,0,0,0,0,0,0,0,0,0,0,0,0,0,0,0,0,0,0,0,0,0,0,0,0,0,0,0,0,0,0,0,0,0,0,0
0,0,0,0,0,0,0,0,0,3,1,1,3,1,3,3,0,0,0,0,0,0,0,0,0,0,0,0,0,0,0,0,0,0,0,0,0,0,0,0,0,0,0,0,0,0,0,0,0,0,0,0,0,0,0,0,0,0,0,0,0,0,0,0
0,0,0,0,0,0,0,0,3,1,1,3,1,3,3,0,0,0,0,0,0,0,0,0,0,0,0,0,0,0,0,0,0,0,0,0,0,0,0,0,0,0,0,0,0,0,0,0,0,0,0,0,0,0,0,0,0,0,0,0,0,0,0,0
0,0,3,1,1,3,1,3,0,0,0,0,0,0,0,0,0,0,0,0,0,0,0,0,0,0,0,0,0,0,0,0,0,0,0,0,0,0,0,0,0,0,0,0,0,0,0,0,0,0,0,0,0,0,0,0,0,0,0,0,0,0,0,0
0,3,1,1,3,1,3,3,0,0,0,0,0,0,0,0,0,0,0,0,0,0,0,0,0,0,0,0,0,0,0,0,0,0,0,0,0,0,0,0,0,0,0,0,0,0,0,0,0,0,0,0,0,0,0,0,0,0,0,0,0,0,0,0
3,1,1,3,1,3,3,0,0,0,0,0,0,0,0,0,0,0,0,0,0,0,0,0,0,0,0,0,0,0,0,0,0,0,0,0,0,0,0,0,0,0,0,0,0,0,0,0,0,0,0,0,0,0,0,0,0,0,0,0,0,0,0,0
0,0,0,0,0,0,0,0,0,0,0,0,0,0,0,0,0,0,0,0,0,0,0,0,0,0,0,0,0,0,0,0,0,0,0,0,0,0,0,0,0,0,0,0,0,0,0,0,0,0,0,0,0,0,0,0,0,0,0,0,0,0,0,0
0,0,0,0,0,0,0,0,0,0,0,0,0,0,0,0,0,0,0,0,0,0,0,0,0,0,0,0,0,0,0,0,0,0,0,0,0,0,0,0,0,0,0,0,0,0,0,0,0,0,0,0,0,0,0,0,0,0,0,0,0,0,0,0
0,0,0,0,0,0,0,0,0,0,0,0,0,0,0,0,0,0,0,0,0,0,0,0,0,0,0,0,0,0,0,0,0,0,0,0,0,0,0,0,0,0,0,0,0,0,0,0,0,0,0,0,0,0,0,0,0,0,0,0,0,0,0,0
0,0,0,0,0,0,0,0,0,0,0,0,0,0,0,0,0,0,0,0,0,0,0,0,0,0,0,0,0,0,0,0,0,0,0,0,0,0,0,0,0,0,0,0,0,0,0,0,0,0,0,0,0,0,0,0,0,0,0,0,0,0,0,0
0,0,0,0,0,0,0,0,0,0,0,0,0,0,0,0,0,0,0,0,0,0,0,0,0,0,0,0,0,0,0,0,0,0,0,0,0,0,0,0,0,0,0,0,0,0,0,0,0,0,0,0,0,0,0,0,0,0,0,0,0,0,0,0
0,0,0,0,0,0,0,0,0,0,0,0,0,0,0,0,0,0,0,0,0,0,0,0,0,0,0,0,0,0,0,0,0,0,0,0,0,0,0,0,0,0,0,0,0,0,0,0,0,0,0,0,0,0,0,0,0,0,0,0,0,0,0,0
0,0,0,0,0,0,0,0,0,0,0,0,0,0,0,0,0,0,0,0,0,0,0,0,0,0,0,0,0,0,0,0,0,0,0,0,0,0,0,0,0,0,0,0,0,0,0,0,0,0,0,0,0,0,0,0,0,0,0,0,0,0,0,0
0,0,0,0,0,0,0,0,0,0,0,0,0,0,0,0,0,0,0,0,0,0,0,0,0,0,0,0,0,0,0,0,0,0,0,0,0,0,0,0,0,0,0,0,0,0,0,0,0,0,0,0,0,0,0,0,0,0,0,0,0,0,0,3
0,0,0,0,0,0,0,0,0,0,0,0,0,0,0,0,0,0,0,0,0,0,0,0,0,0,0,0,0,0,0,0,0,0,0,0,0,0,0,0,0,0,0,0,0,0,0,0,0,0,0,0,0,0,0,0,0,0,0,0,0,0,3,0
0,0,0,0,0,0,0,0,0,0,0,0,0,0,0,0,0,0,0,0,0,0,0,0,0,0,0,0,0,0,0,0,0,0,0,0,0,0,0,0,0,0,0,0,0,0,0,0,0,0,0,0,0,0,0,0,0,0,0,0,0,0,0,0
0,0,0,0,0,0,0,0,0,0,0,0,0,0,0,0,0,0,0,0,0,0,0,0,0,0,0,0,0,0,0,0,0,0,0,0,0,0,0,0,0,0,0,0,0,0,0,0,0,0,0,0,0,0,0,3,0,0,0,0,0,0,0,0
0,0,0,0,0,0,0,0,0,0,0,0,0,0,0,0,0,0,0,0,0,0,0,0,0,0,0,0,0,0,0,0,0,0,0,0,0,0,0,0,0,0,0,0,0,0,0,0,0,0,0,0,0,0,3,0,0,0,0,0,0,0,0,0
0,0,0,0,0,0,0,0,0,0,0,0,0,0,0,0,0,3,0,0,0,7,3,0,0,0,0,1,3,7,9,10,0,0,11,3,7,1,0,9,0,0,5,0,10,3,3,10,0,3,9,5,3,11,18,15,0,7,5,26,15,19,18,15
0,0,0,0,0,0,0,0,0,0,0,0,0,0,0,0,3,0,0,0,7,3,0,1,0,0,1,3,7,9,10,19,0,11,3,7,1,0,9,10,0,5,0,10,3,3,10,6,3,9,5,3,11,18,15,7,7,5,26,15,19,18,15,14
0,0,0,0,0,0,0,0,0,0,0,0,0,0,0,0,0,0,0,7,3,0,1,0,0,1,3,7,9,10,19,0,11,3,7,1,0,9,10,0,5,0,10,3,3,10,6,0,9,5,3,11,18,15,7,0,5,26,15,19,18,15,14,0
0,0,0,0,0,0,0,0,0,3,0,0,0,7,3,0,0,0,0,1,3,7,9,10,0,0,11,3,7,1,0,9,0,0,5,0,10,3,3,10,0,3,9,5,3,11,18,15,0,7,5,26,15,19,18,15,0,7,3,6,9,12,13,11
0,0,0,0,0,0,0,0,3,0,0,0,7,3,0,1,0,0,1,3,7,9,10,19,0,11,3,7,1,0,9,10,0,5,0,10,3,3,10,6,3,9,5,3,11,18,15,7,7,5,26,15,19,18,15,14,7,3,6,9,12,13,11,13
0,0,0,0,0,0,0,0,0,0,0,7,3,0,1,0,0,1,3,7,9,10,19,0,11,3,7,1,0,9,10,0,5,0,10,3,3,10,6,0,9,5,3,11,18,15,7,0,5,26,15,19,18,15,14,0,3,6,9,12,13,11,13,0
0,3,0,0,0,7,3,0,0,0,0,1,3,7,9,10,0,0,11,3,7,1,0,9,0,0,5,0,10,3,3,10,0,3,9,5,3,11,18,15,0,7,5,26,15,19,18,15,0,7,3,6,9,12,13,11,0,0,0,0,0,0,0,0
3,0,0,0,7,3,0,1,0,0,1,3,7,9,10,19,0,11,3,7,1,0,9,10,0,5,0,10,3,3,10,6,3,9,5,3,11,18,15,7,7,5,26,15,19,18,15,14,7,3,6,9,12,13,11,13,0,0,0,0,0,0,0,0
0,0,0,7,3,0,1,0,0,1,3,7,9,10,19,0,11,3,7,1,0,9,10,0,5,0,10,3,3,10,6,0,9,5,3,11,18,15,7,0,5,26,15,19,18,15,14,0,3,6,9,12,13,11,13,0,0,0,0,0,0,0,0,0
0,0,0,0,0,0,0,0,0,0,0,0,0,0,0,0,0,0,0,0,0,0,0,0,0,0,0,0,0,0,0,0,0,0,0,0,0,0,0,0,0,0,0,0,0,0,0,0,0,0,0,0,0,0,0,0,0,0,0,0,0,0,0,0
0,0,0,0,0,0,0,0,0,0,0,0,0,0,0,0,0,0,0,0,0,0,0,0,0,0,0,0,0,0,0,0,0,0,0,0,0,0,0,0,0,0,0,0,0,0,0,0,0,0,0,0,0,0,0,0,0,0,0,0,0,0,0,0
0,0,0,0,0,0,0,0,0,0,0,0,0,0,0,0,0,0,0,0,0,0,0,0,0,0,0,0,0,0,0,0,0,0,0,0,0,0,0,0,0,0,0,0,0,0,0,0,0,0,0,0,0,0,0,0,0,0,0,0,0,0,0,0
0,0,0,0,0,0,0,0,0,0,0,0,0,0,0,0,0,0,0,0,0,0,0,0,0,0,0,0,0,0,0,0,0,0,0,0,0,0,0,0,0,0,0,0,0,0,0,0,0,0,0,0,0,0,0,0,0,0,0,0,0,0,0,0
0,0,0,0,0,0,0,0,0,0,0,0,0,0,0,0,0,0,0,0,0,0,0,0,0,0,0,0,0,0,0,0,0,0,0,0,0,0,0,0,0,0,0,0,0,0,0,0,0,0,0,0,0,0,0,0,0,0,0,0,0,0,0,0
0,0,0,0,0,0,0,0,0,0,0,0,0,0,0,0,0,0,0,0,0,0,0,0,0,0,0,0,0,0,0,0,0,0,0,0,0,0,0,0,0,0,0,0,0,0,0,0,0,0,0,0,0,0,0,0,0,0,0,0,0,0,0,0
0,0,0,0,0,0,0,0,0,0,0,0,0,0,0,0,0,0,0,0,0,0,0,0,0,0,0,0,0,0,0,0,0,0,0,0,0,0,0,0,0,0,0,0,0,0,0,0,0,0,0,0,0,0,0,0,0,0,0,0,0,0,0,0
0,0,0,0,0,0,0,0,0,0,0,0,0,0,0,0,0,0,0,0,0,0,0,0,0,0,0,0,0,0,0,0,0,0,0,0,0,0,0,0,0,0,0,0,0,0,0,0,0,0,0,0,0,0,0,0,0,0,0,0,0,0,0,0
0,0,0,0,0,0,0,0,0,0,0,0,0,0,0,0,0,0,0,0,0,0,0,0,0,0,0,0,0,0,0,0,0,0,0,0,0,0,0,0,0,0,0,0,0,0,0,0,0,0,0,0,0,0,0,0,0,0,0,0,0,0,0,0
0,0,0,0,0,0,0,0,0,0,0,0,0,0,0,0,0,0,0,0,0,0,0,0,0,0,0,0,0,0,0,0,0,0,0,0,0,0,0,0,0,0,0,0,0,5,0,0,0,0,0,0,0,0,0,0,0,0,0,0,0,0,0,0
0,0,0,0,0,0,0,0,0,0,0,0,0,0,0,0,0,0,0,0,0,0,0,0,0,0,0,0,0,0,0,0,0,0,0,0,0,0,0,0,0,0,0,0,5,0,0,0,0,0,0,0,0,0,0,0,0,0,0,0,0,0,0,0
0,0,0,0,0,0,0,0,0,0,0,0,0,0,0,0,0,0,0,0,0,0,0,0,0,0,0,0,0,0,0,0,0,0,0,0,0,0,0,0,0,0,0,5,0,0,0,0,0,0,0,0,0,0,0,0,0,0,0,0,0,0,0,0
0,0,0,0,0,0,0,0,0,0,0,0,0,0,0,0,0,0,0,0,0,0,0,0,0,0,0,0,0,0,0,0,0,0,0,0,0,5,0,0,0,0,0,0,0,0,0,0,0,0,0,0,0,0,0,0,0,0,0,0,0,0,0,0
0,0,0,0,0,0,0,0,0,0,0,0,0,0,0,0,0,0,0,0,0,0,0,0,0,0,0,0,0,0,0,0,0,0,0,0,5,0,0,0,0,0,0,0,0,0,0,0,0,0,0,0,0,0,0,0,0,0,0,0,0,0,0,0
0,0,0,0,0,0,0,0,0,0,0,0,0,0,0,0,0,0,0,0,0,0,0,0,0,0,0,0,0,0,0,0,0,0,0,5,0,0,0,0,0,0,0,0,0,0,0,0,0,0,0,0,0,0,0,0,0,0,0,0,0,0,0,0
0,0,0,0,0,0,0,0,0,0,0,0,0,0,0,0,0,0,0,0,0,0,0,0,0,0,0,0,0,5,0,0,0,0,0,0,0,0,0,0,0,0,0,0,0,0,0,0,0,0,0,0,0,0,0,0,0,0,0,0,0,0,0,0
0,0,0,0,0,0,0,0,0,0,0,0,0,0,0,0,0,0,0,0,0,0,0,0,0,0,0,0,5,0,0,0,0,0,0,0,0,0,0,0,0,0,0,0,0,0,0,0,0,0,0,0,0,0,0,0,0,0,0,0,0,0,0,0
0,0,0,0,0,0,0,0,0,0,0,0,0,0,0,0,0,0,0,0,0,0,0,0,0,0,0,5,0,0,0,0,0,0,0,0,0,0,0,0,0,0,0,0,0,0,0,0,0,0,0,0,0,0,0,0,0,0,0,0,0,0,0,0
0,0,0,0,0,0,0,0,0,0,0,0,0,0,0,0,0,0,0,0,0,0,0,0,0,0,0,0,0,0,0,0,0,0,0,0,0,0,0,0,0,0,0,0,0,0,0,0,0,0,0,0,0,6,0,0,0,0,0,0,0,0,0,0
0,0,0,0,0,0,0,0,0,0,0,0,0,0,0,0,0,0,0,0,0,0,0,0,0,0,0,0,0,0,0,0,0,0,0,0,0,0,0,0,0,0,0,0,0,0,0,0,0,0,0,0,6,0,0,0,0,0,0,0,0,0,0,0
0,0,0,0,0,0,0,0,0,0,0,0,0,0,0,0,0,0,0,0,0,0,0,0,0,0,0,0,0,0,0,0,0,0,0,0,0,0,0,0,0,0,0,0,0,0,0,0,0,0,0,6,0,0,0,0,0,0,0,0,0,0,0,0
0,0,0,0,0,0,0,0,0,0,0,0,0,0,0,0,0,0,0,0,0,0,0,0,0,0,0,0,0,0,0,0,0,0,0,0,0,0,0,0,0,0,0,0,0,6,0,0,0,0,0,0,0,0,0,0,0,0,0,0,0,0,0,0
0,0,0,0,0,0,0,0,0,0,0,0,0,0,0,0,0,0,0,0,0,0,0,0,0,0,0,0,0,0,0,0,0,0,0,0,0,0,0,0,0,0,0,0,6,0,0,0,0,0,0,0,0,0,0,0,0,0,0,0,0,0,0,0
0,0,0,0,0,0,0,0,0,0,0,0,0,0,0,0,0,0,0,0,0,0,0,0,0,0,0,0,0,0,0,0,0,0,0,0,0,0,0,0,0,0,0,6,0,0,0,0,0,0,0,0,0,0,0,0,0,0,0,0,0,0,0,0
0,0,0,0,0,0,0,0,0,0,0,0,0,0,0,0,0,0,0,0,0,0,0,0,0,0,0,0,0,0,0,0,0,0,0,0,0,6,0,0,0,0,0,0,0,0,0,0,0,0,0,0,0,0,0,0,0,0,0,0,0,0,0,0
0,0,0,0,0,0,0,0,0,0,0,0,0,0,0,0,0,0,0,0,0,0,0,0,0,0,0,0,0,0,0,0,0,0,0,0,6,0,0,0,0,0,0,0,0,0,0,0,0,0,0,0,0,0,0,0,0,0,0,0,0,0,0,0
0,0,0,0,0,0,0,0,0,0,0,0,0,0,0,0,0,0,0,0,0,0,0,0,0,0,0,0,0,0,0,0,0,0,0,6,0,0,0,0,0,0,0,0,0,0,0,0,0,0,0,0,0,0,0,0,0,0,0,0,0,0,0,0
0,0,0,0,0,0,0,0,0,14,7,7,7,7,7,11,0,14,17,15,14,21,12,21,0,13,23,22,7,19,7,17,0,21,10,17,17,14,23,19,0,25,20,12,11,9,9,23,0,20,20,31,22,21,18,27,0,10,18,43,11,13,10,12
0,0,0,0,0,0,0,0,14,7,7,7,7,7,11,11,14,17,15,14,21,12,21,24,13,23,22,7,19,7,17,29,21,10,17,17,14,23,19,22,25,20,12,11,9,9,23,17,20,20,31,22,21,18,27,19,10,18,43,11,13,10,12,10
0,0,0,0,0,0,0,0,7,7,7,7,7,11,11,0,17,15,14,21,12,21,24,0,23,22,7,19,7,17,29,0,10,17,17,14,23,19,22,0,20,12,11,9,9,23,17,0,20,31,22,21,18,27,19,0,18,43,11,13,10,12,10,0
0,14,7,7,7,7,7,11,0,14,17,15,14,21,12,21,0,13,23,22,7,19,7,17,0,21,10,17,17,14,23,19,0,25,20,12,11,9,9,23,0,20,20,31,22,21,18,27,0,10,18,43,11,13,10,12,0,7,17,26,7,11,14,7
14,7,7,7,7,7,11,11,14,17,15,14,21,12,21,24,13,23,22,7,19,7,17,29,21,10,17,17,14,23,19,22,25,20,12,11,9,9,23,17,20,20,31,22,21,18,27,19,10,18,43,11,13,10,12,10,7,17,26,7,11,14,7,10
7,7,7,7,7,11,11,0,17,15,14,21,12,21,24,0,23,22,7,19,7,17,29,0,10,17,17,14,23,19,22,0,20,12,11,9,9,23,17,0,20,31,22,21,18,27,19,0,18,43,11,13,10,12,10,0,17,26,7,11,14,7,10,0
0,14,17,15,14,21,12,21,0,13,23,22,7,19,7,17,0,21,10,17,17,14,23,19,0,25,20,12,11,9,9,23,0,20,20,31,22,21,18,27,0,10,18,43,11,13,10,12,0,7,17,26,7,11,14,7,0,0,0,0,0,0,0,0
14,17,15,14,21,12,21,24,13,23,22,7,19,7,17,29,21,10,17,17,14,23,19,22,25,20,12,11,9,9,23,17,20,20,31,22,21,18,27,19,10,18,43,11,13,10,12,10,7,17,26,7,11,14,7,10,0,0,0,0,0,0,0,0
17,15,14,21,12,21,24,0,23,22,7,19,7,17,29,0,10,17,17,14,23,19,22,0,20,12,11,9,9,23,17,0,20,31,22,21,18,27,19,0,18,43,11,13,10,12,10,0,17,26,7,11,14,7,10,0,0,0,0,0,0,0,0,0
0,0,0,0,0,0,0,0,0,5,5,6,5,6,3,3,0,0,3,3,0,0,0,3,0,0,1,0,0,1,0,5,0,0,0,7,0,3,0,3,0,0,0,0,0,0,7,1,0,0,0,0,1,0,3,0,0,3,0,0,0,3,1,0
0,0,0,0,0,0,0,0,5,5,6,5,6,3,3,3,0,3,3,0,0,0,3,0,0,1,0,0,1,0,5,0,0,0,7,0,3,0,3,0,0,0,0,0,0,7,1,0,0,0,0,1,0,3,0,0,3,0,0,0,3,1,0,0
0,0,0,0,0,0,0,0,5,6,5,6,3,3,3,0,3,3,0,0,0,3,0,0,1,0,0,1,0,5,0,0,0,7,0,3,0,3,0,0,0,0,0,0,7,1,0,0,0,0,1,0,3,0,0,0,0,0,0,3,1,0,0,0
0,5,5,6,5,6,3,3,0,0,3,3,0,0,0,3,0,0,1,0,0,1,0,5,0,0,0,7,0,3,0,3,0,0,0,0,0,0,7,1,0,0,0,0,1,0,3,0,0,3,0,0,0,3,1,0,0,9,7,0,0,3,1,3
5,5,6,5,6,3,3,3,0,3,3,0,0,0,3,0,0,1,0,0,1,0,5,0,0,0,7,0,3,0,3,0,0,0,0,0,0,7,1,0,0,0,0,1,0,3,0,0,3,0,0,0,3,1,0,0,9,7,0,0,3,1,3,0
5,6,5,6,3,3,3,0,3,3,0,0,0,3,0,0,1,0,0,1,0,5,0,0,0,7,0,3,0,3,0,0,0,0,0,0,7,1,0,0,0,0,1,0,3,0,0,0,0,0,0,3,1,0,0,0,7,0,0,3,1,3,0,0
0,0,3,3,0,0,0,3,0,0,1,0,0,1,0,5,0,0,0,7,0,3,0,3,0,0,0,0,0,0,7,1,0,0,0,0,1,0,3,0,0,3,0,0,0,3,1,0,0,9,7,0,0,3,1,3,0,0,0,0,0,0,0,0
0,3,3,0,0,0,3,0,0,1,0,0,1,0,5,0,0,0,7,0,3,0,3,0,0,0,0,0,0,7,1,0,0,0,0,1,0,3,0,0,3,0,0,0,3,1,0,0,9,7,0,0,3,1,3,0,0,0,0,0,0,0,0,0
3,3,0,0,0,3,0,0,1,0,0,1,0,5,0,0,0,7,0,3,0,3,0,0,0,0,0,0,7,1,0,0,0,0,1,0,3,0,0,0,0,0,0,3,1,0,0,0,7,0,0,3,1,3,0,0,0,0,0,0,0,0,0,0
0,0,0,0,0,0,0,0,0,0,0,0,0,0,0,0,0,0,0,0,0,3,0,0,0,0,0,0,0,0,3,5,0,0,0,0,0,0,0,3,0,0,0,0,0,1,0,0,0,0,0,0,1,0,3,0,0,0,0,5,3,1,0,0
0,0,0,0,0,0,0,0,0,0,0,0,0,0,0,0,0,0,0,0,3,0,0,3,0,0,0,0,0,3,5,3,0,0,0,0,0,0,3,0,0,0,0,0,1,0,0,0,0,0,0,1,0,3,0,1,0,0,5,3,1,0,0,1
0,0,0,0,0,0,0,0,0,0,0,0,0,0,0,0,0,0,0,3,0,0,3,0,0,0,0,0,3,5,3,0,0,0,0,0,0,3,0,0,0,0,0,1,0,0,0,0,0,0,1,0,3,0,1,0,0,5,3,1,0,0,1,0
0,0,0,0,0,0,0,0,0,0,0,0,0,3,0,0,0,0,0,0,0,0,3,5,0,0,0,0,0,0,0,3,0,0,0,0,0,1,0,0,0,0,0,0,1,0,3,0,0,0,0,5,3,1,0,0,0,0,0,0,3,3,0,0
0,0,0,0,0,0,0,0,0,0,0,0,3,0,0,3,0,0,0,0,0,3,5,3,0,0,0,0,0,0,3,0,0,0,0,0,1,0,0,0,0,0,0,1,0,3,0,1,0,0,5,3,1,0,0,1,0,0,0,3,3,0,0,3
0,0,0,0,0,0,0,0,0,0,0,3,0,0,3,0,0,0,0,0,3,5,3,0,0,0,0,0,0,3,0,0,0,0,0,1,0,0,0,0,0,0,1,0,3,0,1,0,0,5,3,1,0,0,1,0,0,0,3,3,0,0,3,0
0,0,0,0,0,3,0,0,0,0,0,0,0,0,3,5,0,0,0,0,0,0,0,3,0,0,0,0,0,1,0,0,0,0,0,0,1,0,3,0,0,0,0,5,3,1,0,0,0,0,0,0,3,3,0,0,0,0,0,0,0,0,0,0
0,0,0,0,3,0,0,3,0,0,0,0,0,3,5,3,0,0,0,0,0,0,3,0,0,0,0,0,1,0,0,0,0,0,0,1,0,3,0,1,0,0,5,3,1,0,0,1,0,0,0,3,3,0,0,3,0,0,0,0,0,0,0,0
0,0,0,3,0,0,3,0,0,0,0,0,3,5,3,0,0,0,0,0,0,3,0,0,0,0,0,1,0,0,0,0,0,0,1,0,3,0,1,0,0,5,3,1,0,0,1,0,0,0,3,3,0,0,3,0,0,0,0,0,0,0,0,0
0,0,0,0,0,0,0,0,0,3,0,0,0,0,0,0,0,0,0,0,0,0,0,0,0,0,0,0,0,0,0,0,0,0,3,0,1,0,0,0,0,0,0,0,3,0,0,0,0,0,0,0,0,0,0,0,0,0,0,0,0,0,0,0
0,0,0,0,0,0,0,0,3,0,0,0,0,0,0,0,0,0,0,0,0,0,0,0,0,0,0,0,0,0,0,0,0,3,0,1,0,0,0,0,0,0,0,3,0,0,0,0,0,0,0,0,0,0,0,0,0,0,0,0,0,0,0,0
0,0,0,0,0,0,0,0,0,0,0,0,0,0,0,0,0,0,0,0,0,0,0,0,0,0,0,0,0,0,0,0,3,0,1,0,0,0,0,0,0,0,3,0,0,0,0,0,0,0,0,0,0,0,0,0,0,0,0,0,0,0,0,0
0,3,0,0,0,0,0,0,0,0,0,0,0,0,0,0,0,0,0,0,0,0,0,0,0,0,3,0,1,0,0,0,0,0,0,0,3,0,0,0,0,0,0,0,0,0,0,0,0,0,0,0,0,0,0,0,0,0,0,3,0,0,0,0
3,0,0,0,0,0,0,0,0,0,0,0,0,0,0,0,0,0,0,0,0,0,0,0,0,3,0,1,0,0,0,0,0,0,0,3,0,0,0,0,0,0,0,0,0,0,0,0,0,0,0,0,0,0,0,0,0,0,3,0,0,0,0,0
0,0,0,0,0,0,0,0,0,0,0,0,0,0,0,0,0,0,0,0,0,0,0,0,3,0,1,0,0,0,0,0,0,0,3,0,0,0,0,0,0,0,0,0,0,0,0,0,0,0,0,0,0,0,0,0,0,3,0,0,0,0,0,0
0,0,0,0,0,0,0,0,0,0,0,0,0,0,0,0,0,0,3,0,1,0,0,0,0,0,0,0,3,0,0,0,0,0,0,0,0,0,0,0,0,0,0,0,0,0,0,0,0,0,0,3,0,0,0,0,0,0,0,0,0,0,0,0
0,0,0,0,0,0,0,0,0,0,0,0,0,0,0,0,0,3,0,1,0,0,0,0,0,0,0,3,0,0,0,0,0,0,0,0,0,0,0,0,0,0,0,0,0,0,0,0,0,0,3,0,0,0,0,0,0,0,0,0,0,0,0,0
0,0,0,0,0,0,0,0,0,0,0,0,0,0,0,0,3,0,1,0,0,0,0,0,0,0,3,0,0,0,0,0,0,0,0,0,0,0,0,0,0,0,0,0,0,0,0,0,0,3,0,0,0,0,0,0,0,0,0,0,0,0,0,0
0,0,0,0,0,0,0,0,0,15,20,19,20,17,13,15,0,12,15,15,17,12,6,9,0,0,13,0,1,7,9,9,0,5,25,17,22,3,18,9,0,14,19,9,22,7,20,14,0,20,34,9,11,9,15,15,0,1,22,43,11,18,19,18
0,0,0,0,0,0,0,0,15,20,19,20,17,13,15,17,12,15,15,17,12,6,9,14,0,13,0,1,7,9,9,15,5,25,17,22,3,18,9,5,14,19,9,22,7,20,14,12,20,34,9,11,9,15,15,11,1,22,43,11,18,19,18,17
0,0,0,0,0,0,0,0,20,19,20,17,13,15,17,0,15,15,17,12,6,9,14,0,13,0,1,7,9,9,15,0,25,17,22,3,18,9,5,0,19,9,22,7,20,14,12,0,34,9,11,9,15,15,11,0,22,43,11,18,19,18,17,0
0,15,20,19,20,17,13,15,0,12,15,15,17,12,6,9,0,0,13,0,1,7,9,9,0,5,25,17,22,3,18,9,0,14,19,9,22,7,20,14,0,20,34,9,11,9,15,15,0,1,22,43,11,18,19,18,0,1,18,15,15,15,15,20
15,20,19,20,17,13,15,17,12,15,15,17,12,6,9,14,0,13,0,1,7,9,9,15,5,25,17,22,3,18,9,5,14,19,9,22,7,20,14,12,20,34,9,11,9,15,15,11,1,22,43,11,18,19,18,17,1,18,15,15,15,15,20,19
20,19,20,17,13,15,17,0,15,15,17,12,6,9,14,0,13,0,1,7,9,9,15,0,25,17,22,3,18,9,5,0,19,9,22,7,20,14,12,0,34,9,11,9,15,15,11,0,22,43,11,18,19,18,17,0,18,15,15,15,15,20,19,0
0,12,15,15,17,12,6,9,0,0,13,0,1,7,9,9,0,5,25,17,22,3,18,9,0,14,19,9,22,7,20,14,0,20,34,9,11,9,15,15,0,1,22,43,11,18,19,18,0,1,18,15,15,15,15,20,0,0,0,0,0,0,0,0
12,15,15,17,12,6,9,14,0,13,0,1,7,9,9,15,5,25,17,22,3,18,9,5,14,19,9,22,7,20,14,12,20,34,9,11,9,15,15,11,1,22,43,11,18,19,18,17,1,18,15,15,15,15,20,19,0,0,0,0,0,0,0,0
15,15,17,12,6,9,14,0,13,0,1,7,9,9,15,0,25,17,22,3,18,9,5,0,19,9,22,7,20,14,12,0,34,9,11,9,15,15,11,0,22,43,11,18,19,18,17,0,18,15,15,15,15,20,19,0,0,0,0,0,0,0,0,0
0,0,0,0,0,0,0,0,0,0,7,7,6,11,7,7,0,0,0,0,0,0,0,0,0,0,3,0,1,0,0,3,0,0,0,3,0,0,0,1,0,0,0,0,0,0,6,7,0,0,0,0,0,0,6,3,0,0,0,0,0,5,0,0
0,0,0,0,0,0,0,0,0,7,7,6,11,7,7,10,0,0,0,0,0,0,0,7,0,3,0,1,0,0,3,3,0,0,3,0,0,0,1,0,0,0,0,0,0,6,7,3,0,0,0,0,0,6,3,0,0,0,0,0,5,0,0,0
0,0,0,0,0,0,0,0,7,7,6,11,7,7,10,0,0,0,0,0,0,0,7,0,3,0,1,0,0,3,3,0,0,3,0,0,0,1,0,0,0,0,0,0,6,7,3,0,0,0,0,0,6,3,0,0,0,0,0,5,0,0,0,0
0,0,7,7,6,11,7,7,0,0,0,0,0,0,0,0,0,0,3,0,1,0,0,3,0,0,0,3,0,0,0,1,0,0,0,0,0,0,6,7,0,0,0,0,0,0,6,3,0,0,0,0,0,5,0,0,0,5,0,0,1,0,0,0
0,7,7,6,11,7,7,10,0,0,0,0,0,0,0,7,0,3,0,1,0,0,3,3,0,0,3,0,0,0,1,0,0,0,0,0,0,6,7,3,0,0,0,0,0,6,3,0,0,0,0,0,5,0,0,0,5,0,0,1,0,0,0,0
7,7,6,11,7,7,10,0,0,0,0,0,0,0,7,0,3,0,1,0,0,3,3,0,0,3,0,0,0,1,0,0,0,0,0,0,6,7,3,0,0,0,0,0,6,3,0,0,0,0,0,5,0,0,0,0,0,0,1,0,0,0,0,0
0,0,0,0,0,0,0,0,0,0,3,0,1,0,0,3,0,0,0,3,0,0,0,1,0,0,0,0,0,0,6,7,0,0,0,0,0,0,6,3,0,0,0,0,0,5,0,0,0,5,0,0,1,0,0,0,0,0,0,0,0,0,0,0
0,0,0,0,0,0,0,7,0,3,0,1,0,0,3,3,0,0,3,0,0,0,1,0,0,0,0,0,0,6,7,3,0,0,0,0,0,6,3,0,0,0,0,0,5,0,0,0,5,0,0,1,0,0,0,0,0,0,0,0,0,0,0,0
0,0,0,0,0,0,7,0,3,0,1,0,0,3,3,0,0,3,0,0,0,1,0,0,0,0,0,0,6,7,3,0,0,0,0,0,6,3,0,0,0,0,0,5,0,0,0,0,0,0,1,0,0,0,0,0,0,0,0,0,0,0,0,0
0,0,0,0,0,0,0,0,0,0,0,0,0,0,0,0,0,0,0,0,0,0,0,0,0,11,0,11,7,1,3,0,0,6,0,7,14,0,14,0,0,15,0,0,0,3,0,1,0,9,0,23,0,3,7,0,0,12,6,5,0,0,0,3
0,0,0,0,0,0,0,0,0,0,0,0,0,0,0,0,0,0,0,0,0,0,0,0,11,0,11,7,1,3,0,0,6,0,7,14,0,14,0,0,15,0,0,0,3,0,1,0,9,0,23,0,3,7,0,0,12,6,5,0,0,0,3,0
0,0,0,0,0,0,0,0,0,0,0,0,0,0,0,0,0,0,0,0,0,0,0,0,0,11,7,1,3,0,0,0,0,7,14,0,14,0,0,0,0,0,0,3,0,1,0,0,0,23,0,3,7,0,0,0,6,5,0,0,0,3,0,0
0,0,0,0,0,0,0,0,0,0,0,0,0,0,0,0,0,11,0,11,7,1,3,0,0,6,0,7,14,0,14,0,0,15,0,0,0,3,0,1,0,9,0,23,0,3,7,0,0,12,6,5,0,0,0,3,0,15,7,3,7,7,9,9
0,0,0,0,0,0,0,0,0,0,0,0,0,0,0,0,11,0,11,7,1,3,0,0,6,0,7,14,0,14,0,0,15,0,0,0,3,0,1,0,9,0,23,0,3,7,0,0,12,6,5,0,0,0,3,0,15,7,3,7,7,9,9,9
0,0,0,0,0,0,0,0,0,0,0,0,0,0,0,0,0,11,7,1,3,0,0,0,0,7,14,0,14,0,0,0,0,0,0,3,0,1,0,0,0,23,0,3,7,0,0,0,6,5,0,0,0,3,0,0,7,3,7,7,9,9,9,0
0,0,0,0,0,0,0,0,0,11,0,11,7,1,3,0,0,6,0,7,14,0,14,0,0,15,0,0,0,3,0,1,0,9,0,23,0,3,7,0,0,12,6,5,0,0,0,3,0,15,7,3,7,7,9,9,0,0,0,0,0,0,0,0
0,0,0,0,0,0,0,0,11,0,11,7,1,3,0,0,6,0,7,14,0,14,0,0,15,0,0,0,3,0,1,0,9,0,23,0,3,7,0,0,12,6,5,0,0,0,3,0,15,7,3,7,7,9,9,9,0,0,0,0,0,0,0,0
0,0,0,0,0,0,0,0,0,11,7,1,3,0,0,0,0,7,14,0,14,0,0,0,0,0,0,3,0,1,0,0,0,23,0,3,7,0,0,0,6,5,0,0,0,3,0,0,7,3,7,7,9,9,9,0,0,0,0,0,0,0,0,0
0,0,0,0,0,0,0,0,0,6,6,6,3,6,3,3,0,1,3,5,5,3,9,11,0,5,3,0,0,12,7,11,0,0,0,7,1,7,3,15,0,0,11,12,1,7,5,14,0,3,7,0,0,6,7,14,0,5,6,15,17,15,12,13
0,0,0,0,0,0,0,0,6,6,6,3,6,3,3,3,1,3,5,5,3,9,11,6,5,3,0,0,12,7,11,12,0,0,7,1,7,3,15,14,0,11,12,1,7,5,14,11,3,7,0,0,6,7,14,7,5,6,15,17,15,12,13,11
0,0,0,0,0,0,0,0,6,6,3,6,3,3,3,0,3,5,5,3,9,11,6,0,3,0,0,12,7,11,12,0,0,7,1,7,3,15,14,0,11,12,1,7,5,14,11,0,7,0,0,6,7,14,7,0,6,15,17,15,12,13,11,0
0,6,6,6,3,6,3,3,0,1,3,5,5,3,9,11,0,5,3,0,0,12,7,11,0,0,0,7,1,7,3,15,0,0,11,12,1,7,5,14,0,3,7,0,0,6,7,14,0,5,6,15,17,15,12,13,0,10,10,11,15,15,13,13
6,6,6,3,6,3,3,3,1,3,5,5,3,9,11,6,5,3,0,0,12,7,11,12,0,0,7,1,7,3,15,14,0,11,12,1,7,5,14,11,3,7,0,0,6,7,14,7,5,6,15,17,15,12,13,11,10,10,11,15,15,13,13,11
6,6,3,6,3,3,3,0,3,5,5,3,9,11,6,0,3,0,0,12,7,11,12,0,0,7,1,7,3,15,14,0,11,12,1,7,5,14,11,0,7,0,0,6,7,14,7,0,6,15,17,15,12,13,11,0,10,11,15,15,13,13,11,0
0,1,3,5,5,3,9,11,0,5,3,0,0,12,7,11,0,0,0,7,1,7,3,15,0,0,11,12,1,7,5,14,0,3,7,0,0,6,7,14,0,5,6,15,17,15,12,13,0,10,10,11,15,15,13,13,0,0,0,0,0,0,0,0
1,3,5,5,3,9,11,6,5,3,0,0,12,7,11,12,0,0,7,1,7,3,15,14,0,11,12,1,7,5,14,11,3,7,0,0,6,7,14,7,5,6,15,17,15,12,13,11,10,10,11,15,15,13,13,11,0,0,0,0,0,0,0,0
3,5,5,3,9,11,6,0,3,0,0,12,7,11,12,0,0,7,1,7,3,15,14,0,11,12,1,7,5,14,11,0,7,0,0,6,7,14,7,0,6,15,17,15,12,13,11,0,10,11,15,15,13,13,11,0,0,0,0,0,0,0,0,0
0,0,0,0,0,0,0,0,0,0,0,0,0,0,0,0,0,0,0,0,0,0,0,0,0,5,0,1,0,3,0,0,0,1,3,0,14,3,0,3,0,7,0,0,0,0,0,7,0,3,6,10,0,6,0,0,0,0,11,12,3,0,0,3
0,0,0,0,0,0,0,0,0,0,0,0,0,0,0,0,0,0,0,0,0,0,0,0,5,0,1,0,3,0,0,7,1,3,0,14,3,0,3,5,7,0,0,0,0,0,7,1,3,6,10,0,6,0,0,0,0,11,12,3,0,0,3,3
0,0,0,0,0,0,0,0,0,0,0,0,0,0,0,0,0,0,0,0,0,0,0,0,0,1,0,3,0,0,7,0,3,0,14,3,0,3,5,0,0,0,0,0,0,7,1,0,6,10,0,6,0,0,0,0,11,12,3,0,0,3,3,0
0,0,0,0,0,0,0,0,0,0,0,0,0,0,0,0,0,5,0,1,0,3,0,0,0,1,3,0,14,3,0,3,0,7,0,0,0,0,0,7,0,3,6,10,0,6,0,0,0,0,11,12,3,0,0,3,0,0,1,6,3,5,3,0
0,0,0,0,0,0,0,0,0,0,0,0,0,0,0,0,5,0,1,0,3,0,0,7,1,3,0,14,3,0,3,5,7,0,0,0,0,0,7,1,3,6,10,0,6,0,0,0,0,11,12,3,0,0,3,3,0,1,6,3,5,3,0,1
0,0,0,0,0,0,0,0,0,0,0,0,0,0,0,0,0,1,0,3,0,0,7,0,3,0,14,3,0,3,5,0,0,0,0,0,0,7,1,0,6,10,0,6,0,0,0,0,11,12,3,0,0,3,3,0,1,6,3,5,3,0,1,0
0,0,0,0,0,0,0,0,0,5,0,1,0,3,0,0,0,1,3,0,14,3,0,3,0,7,0,0,0,0,0,7,0,3,6,10,0,6,0,0,0,0,11,12,3,0,0,3,0,0,1,6,3,5,3,0,0,0,0,0,0,0,0,0
0,0,0,0,0,0,0,0,5,0,1,0,3,0,0,7,1,3,0,14,3,0,3,5,7,0,0,0,0,0,7,1,3,6,10,0,6,0,0,0,0,11,12,3,0,0,3,3,0,1,6,3,5,3,0,1,0,0,0,0,0,0,0,0
0,0,0,0,0,0,0,0,0,1,0,3,0,0,7,0,3,0,14,3,0,3,5,0,0,0,0,0,0,7,1,0,6,10,0,6,0,0,0,0,11,12,3,0,0,3,3,0,1,6,3,5,3,0,1,0,0,0,0,0,0,0,0,0
0,0,0,0,0,0,0,0,0,3,1,3,5,3,3,1,0,0,1,0,0,0,0,0,0,0,7,11,11,3,0,3,0,0,0,5,7,3,9,5,0,0,0,3,0,7,0,3,0,0,3,7,7,0,0,6,0,1,3,7,5,3,5,9
0,0,0,0,0,0,0,0,3,1,3,5,3,3,1,1,0,1,0,0,0,0,0,0,0,7,11,11,3,0,3,5,0,0,5,7,3,9,5,7,0,0,3,0,7,0,3,0,0,3,7,7,0,0,6,0,1,3,7,5,3,5,9,5
0,0,0,0,0,0,0,0,1,3,5,3,3,1,1,0,1,0,0,0,0,0,0,0,7,11,11,3,0,3,5,0,0,5,7,3,9,5,7,0,0,3,0,7,0,3,0,0,3,7,7,0,0,6,0,0,3,7,5,3,5,9,5,0
0,3,1,3,5,3,3,1,0,0,1,0,0,0,0,0,0,0,7,11,11,3,0,3,0,0,0,5,7,3,9,5,0,0,0,3,0,7,0,3,0,0,3,7,7,0,0,6,0,1,3,7,5,3,5,9,0,11,1,0,6,7,10,7
3,1,3,5,3,3,1,1,0,1,0,0,0,0,0,0,0,7,11,11,3,0,3,5,0,0,5,7,3,9,5,7,0,0,3,0,7,0,3,0,0,3,7,7,0,0,6,0,1,3,7,5,3,5,9,5,11,1,0,6,7,10,7,9
1,3,5,3,3,1,1,0,1,0,0,0,0,0,0,0,7,11,11,3,0,3,5,0,0,5,7,3,9,5,7,0,0,3,0,7,0,3,0,0,3,7,7,0,0,6,0,0,3,7,5,3,5,9,5,0,1,0,6,7,10,7,9,0
0,0,1,0,0,0,0,0,0,0,7,11,11,3,0,3,0,0,0,5,7,3,9,5,0,0,0,3,0,7,0,3,0,0,3,7,7,0,0,6,0,1,3,7,5,3,5,9,0,11,1,0,6,7,10,7,0,0,0,0,0,0,0,0
0,1,0,0,0,0,0,0,0,7,11,11,3,0,3,5,0,0,5,7,3,9,5,7,0,0,3,0,7,0,3,0,0,3,7,7,0,0,6,0,1,3,7,5,3,5,9,5,11,1,0,6,7,10,7,9,0,0,0,0,0,0,0,0
1,0,0,0,0,0,0,0,7,11,11,3,0,3,5,0,0,5,7,3,9,5,7,0,0,3,0,7,0,3,0,0,3,7,7,0,0,6,0,0,3,7,5,3,5,9,5,0,1,0,6,7,10,7,9,0,0,0,0,0,0,0,0,0
0,0,0,0,0,0,0,0,0,9,18,18,18,19,14,15,0,7,13,12,14,9,7,12,0,0,10,0,6,15,10,17,0,5,11,15,5,11,14,15,0,6,13,7,17,5,13,19,0,11,13,0,3,11,11,19,0,3,5,29,7,7,15,14
0,0,0,0,0,0,0,0,9,18,18,18,19,14,15,21,7,13,12,14,9,7,12,17,0,10,0,6,15,10,17,22,5,11,15,5,11,14,15,12,6,13,7,17,5,13,19,15,11,13,0,3,11,11,19,6,3,5,29,7,7,15,14,13
0,0,0,0,0,0,0,0,18,18,18,19,14,15,21,0,13,12,14,9,7,12,17,0,10,0,6,15,10,17,22,0,11,15,5,11,14,15,12,0,13,7,17,5,13,19,15,0,13,0,3,11,11,19,6,0,5,29,7,7,15,14,13,0
0,9,18,18,18,19,14,15,0,7,13,12,14,9,7,12,0,0,10,0,6,15,10,17,0,5,11,15,5,11,14,15,0,6,13,7,17,5,13,19,0,11,13,0,3,11,11,19,0,3,5,29,7,7,15,14,0,7,10,10,13,13,12,15
9,18,18,18,19,14,15,21,7,13,12,14,9,7,12,17,0,10,0,6,15,10,17,22,5,11,15,5,11,14,15,12,6,13,7,17,5,13,19,15,11,13,0,3,11,11,19,6,3,5,29,7,7,15,14,13,7,10,10,13,13,12,15,13
18,18,18,19,14,15,21,0,13,12,14,9,7,12,17,0,10,0,6,15,10,17,22,0,11,15,5,11,14,15,12,0,13,7,17,5,13,19,15,0,13,0,3,11,11,19,6,0,5,29,7,7,15,14,13,0,10,10,13,13,12,15,13,0
0,7,13,12,14,9,7,12,0,0,10,0,6,15,10,17,0,5,11,15,5,11,14,15,0,6,13,7,17,5,13,19,0,11,13,0,3,11,11,19,0,3,5,29,7,7,15,14,0,7,10,10,13,13,12,15,0,0,0,0,0,0,0,0
7,13,12,14,9,7,12,17,0,10,0,6,15,10,17,22,5,11,15,5,11,14,15,12,6,13,7,17,5,13,19,15,11,13,0,3,11,11,19,6,3,5,29,7,7,15,14,13,7,10,10,13,13,12,15,13,0,0,0,0,0,0,0,0
13,12,14,9,7,12,17,0,10,0,6,15,10,17,22,0,11,15,5,11,14,15,12,0,13,7,17,5,13,19,15,0,13,0,3,11,11,19,6,0,5,29,7,7,15,14,13,0,10,10,13,13,12,15,13,0,0,0,0,0,0,0,0,0
0,0,0,0,0,0,0,0,0,0,0,0,0,0,0,0,0,0,0,3,3,0,3,0,0,0,0,0,3,0,0,0,0,0,3,3,0,0,3,0,0,0,0,7,0,0,9,0,0,0,0,0,5,0,0,0,0,0,0,0,0,0,0,0
0,0,0,0,0,0,0,0,0,0,0,0,0,0,0,0,0,0,3,3,0,3,0,0,0,0,0,3,0,0,0,0,0,3,3,0,0,3,0,0,0,0,7,0,0,9,0,0,0,0,0,5,0,0,0,11,0,0,0,0,0,0,0,0
0,0,0,0,0,0,0,0,0,0,0,0,0,0,0,0,0,3,3,0,3,0,0,0,0,0,3,0,0,0,0,0,3,3,0,0,3,0,0,0,0,7,0,0,9,0,0,0,0,0,5,0,0,0,11,0,0,0,0,0,0,0,0,0
0,0,0,0,0,0,0,0,0,0,0,3,3,0,3,0,0,0,0,0,3,0,0,0,0,0,3,3,0,0,3,0,0,0,0,7,0,0,9,0,0,0,0,0,5,0,0,0,0,0,0,0,0,0,0,0,0,0,0,0,0,0,0,0
0,0,0,0,0,0,0,0,0,0,3,3,0,3,0,0,0,0,0,3,0,0,0,0,0,3,3,0,0,3,0,0,0,0,7,0,0,9,0,0,0,0,0,5,0,0,0,11,0,0,0,0,0,0,0,0,0,0,0,0,0,0,0,0
0,0,0,0,0,0,0,0,0,3,3,0,3,0,0,0,0,0,3,0,0,0,0,0,3,3,0,0,3,0,0,0,0,7,0,0,9,0,0,0,0,0,5,0,0,0,11,0,0,0,0,0,0,0,0,0,0,0,0,0,0,0,0,0
0,0,0,3,3,0,3,0,0,0,0,0,3,0,0,0,0,0,3,3,0,0,3,0,0,0,0,7,0,0,9,0,0,0,0,0,5,0,0,0,0,0,0,0,0,0,0,0,0,0,0,0,0,0,0,0,0,0,0,0,0,0,0,0
0,0,3,3,0,3,0,0,0,0,0,3,0,0,0,0,0,3,3,0,0,3,0,0,0,0,7,0,0,9,0,0,0,0,0,5,0,0,0,11,0,0,0,0,0,0,0,0,0,0,0,0,0,0,0,0,0,0,0,0,0,0,0,0
0,3,3,0,3,0,0,0,0,0,3,0,0,0,0,0,3,3,0,0,3,0,0,0,0,7,0,0,9,0,0,0,0,0,5,0,0,0,11,0,0,0,0,0,0,0,0,0,0,0,0,0,0,0,0,0,0,0,0,0,0,0,0,0
0,0,0,0,0,0,0,0,0,7,10,11,9,9,9,7,0,6,3,7,6,0,3,6,0,7,12,13,7,7,0,3,0,5,9,7,15,3,10,3,0,7,6,5,7,7,5,9,0,9,11,15,3,0,3,7,0,0,14,10,10,11,6,6
0,0,0,0,0,0,0,0,7,10,11,9,9,9,7,6,6,3,7,6,0,3,6,3,7,12,13,7,7,0,3,5,5,9,7,15,3,10,3,3,7,6,5,7,7,5,9,3,9,11,15,3,0,3,7,0,0,14,10,10,11,6,6,0
0,0,0,0,0,0,0,0,10,11,9,9,9,7,6,0,3,7,6,0,3,6,3,0,12,13,7,7,0,3,5,0,9,7,15,3,10,3,3,0,6,5,7,7,5,9,3,0,11,15,3,0,3,7,0,0,14,10,10,11,6,6,0,0
0,7,10,11,9,9,9,7,0,6,3,7,6,0,3,6,0,7,12,13,7,7,0,3,0,5,9,7,15,3,10,3,0,7,6,5,7,7,5,9,0,9,11,15,3,0,3,7,0,0,14,10,10,11,6,6,0,0,10,0,7,6,3,3
7,10,11,9,9,9,7,6,6,3,7,6,0,3,6,3,7,12,13,7,7,0,3,5,5,9,7,15,3,10,3,3,7,6,5,7,7,5,9,3,9,11,15,3,0,3,7,0,0,14,10,10,11,6,6,0,0,10,0,7,6,3,3,3
10,11,9,9,9,7,6,0,3,7,6,0,3,6,3,0,12,13,7,7,0,3,5,0,9,7,15,3,10,3,3,0,6,5,7,7,5,9,3,0,11,15,3,0,3,7,0,0,14,10,10,11,6,6,0,0,10,0,7,6,3,3,3,0
0,6,3,7,6,0,3,6,0,7,12,13,7,7,0,3,0,5,9,7,15,3,10,3,0,7,6,5,7,7,5,9,0,9,11,15,3,0,3,7,0,0,14,10,10,11,6,6,0,0,10,0,7,6,3,3,0,0,0,0,0,0,0,0
6,3,7,6,0,3,6,3,7,12,13,7,7,0,3,5,5,9,7,15,3,10,3,3,7,6,5,7,7,5,9,3,9,11,15,3,0,3,7,0,0,14,10,10,11,6,6,0,0,10,0,7,6,3,3,3,0,0,0,0,0,0,0,0
3,7,6,0,3,6,3,0,12,13,7,7,0,3,5,0,9,7,15,3,10,3,3,0,6,5,7,7,5,9,3,0,11,15,3,0,3,7,0,0,14,10,10,11,6,6,0,0,10,0,7,6,3,3,3,0,0,0,0,0,0,0,0,0
0,0,0,0,0,0,0,0,0,0,0,0,0,0,0,0,0,0,0,0,0,0,0,0,0,0,0,0,0,0,0,0,0,0,0,0,0,0,0,0,0,0,0,0,0,0,0,0,0,0,0,0,0,0,0,0,0,0,0,0,0,0,0,0
0,0,0,0,0,0,0,0,0,0,0,0,0,0,0,0,0,0,0,0,0,0,0,0,0,0,0,0,0,0,0,0,0,0,0,0,0,0,0,0,0,0,0,0,0,0,0,0,0,0,0,0,0,0,0,0,0,0,0,0,0,0,0,0
0,0,0,0,0,0,0,0,0,0,0,0,0,0,0,0,0,0,0,0,0,0,0,0,0,0,0,0,0,0,0,0,0,0,0,0,0,0,0,0,0,0,0,0,0,0,0,0,0,0,0,0,0,0,0,0,0,0,0,0,0,0,0,0
0,0,0,0,0,0,0,0,0,0,0,0,0,0,0,0,0,0,0,0,0,0,0,0,0,0,0,0,0,0,0,0,0,0,0,0,0,0,0,0,0,0,0,0,0,0,0,0,0,0,0,0,0,0,0,0,0,0,0,0,0,0,0,0
0,0,0,0,0,0,0,0,0,0,0,0,0,0,0,0,0,0,0,0,0,0,0,0,0,0,0,0,0,0,0,0,0,0,0,0,0,0,0,0,0,0,0,0,0,0,0,0,0,0,0,0,0,0,0,0,0,0,0,0,0,0,0,0
0,0,0,0,0,0,0,0,0,0,0,0,0,0,0,0,0,0,0,0,0,0,0,0,0,0,0,0,0,0,0,0,0,0,0,0,0,0,0,0,0,0,0,0,0,0,0,0,0,0,0,0,0,0,0,0,0,0,0,0,0,0,0,0
0,0,0,0,0,0,0,0,0,0,0,0,0,0,0,0,0,0,0,0,0,0,0,0,0,0,0,0,0,0,0,0,0,0,0,0,0,0,0,0,0,0,0,0,0,0,0,0,0,0,0,0,0,0,0,0,0,0,0,0,0,0,0,0
0,0,0,0,0,0,0,0,0,0,0,0,0,0,0,0,0,0,0,0,0,0,0,0,0,0,0,0,0,0,0,0,0,0,0,0,0,0,0,0,0,0,0,0,0,0,0,0,0,0,0,0,0,0,0,0,0,0,0,0,0,0,0,0
0,0,0,0,0,0,0,0,0,0,0,0,0,0,0,0,0,0,0,0,0,0,0,0,0,0,0,0,0,0,0,0,0,0,0,0,0,0,0,0,0,0,0,0,0,0,0,0,0,0,0,0,0,0,0,0,0,0,0,0,0,0,0,0
0,0,0,0,0,0,0,0,0,0,1,3,3,3,6,7,0,1,0,1,9,9,7,14,0,1,1,12,5,7,3,6,0,0,3,17,10,3,5,6,0,0,0,10,3,5,12,7,0,1,0,6,3,0,0,6,0,7,6,0,7,3,1,3
0,0,0,0,0,0,0,0,0,1,3,3,3,6,7,3,1,0,1,9,9,7,14,3,1,1,12,5,7,3,6,7,0,3,17,10,3,5,6,6,0,0,10,3,5,12,7,0,1,0,6,3,0,0,6,5,7,6,0,7,3,1,3,0
0,0,0,0,0,0,0,0,1,3,3,3,6,7,3,0,0,1,9,9,7,14,3,0,1,12,5,7,3,6,7,0,3,17,10,3,5,6,6,0,0,10,3,5,12,7,0,0,0,6,3,0,0,6,5,0,6,0,7,3,1,3,0,0
0,0,1,3,3,3,6,7,0,1,0,1,9,9,7,14,0,1,1,12,5,7,3,6,0,0,3,17,10,3,5,6,0,0,0,10,3,5,12,7,0,1,0,6,3,0,0,6,0,7,6,0,7,3,1,3,0,0,0,0,0,0,0,0
0,1,3,3,3,6,7,3,1,0,1,9,9,7,14,3,1,1,12,5,7,3,6,7,0,3,17,10,3,5,6,6,0,0,10,3,5,12,7,0,1,0,6,3,0,0,6,5,7,6,0,7,3,1,3,0,0,0,0,0,0,0,0,0
1,3,3,3,6,7,3,0,0,1,9,9,7,14,3,0,1,12,5,7,3,6,7,0,3,17,10,3,5,6,6,0,0,10,3,5,12,7,0,0,0,6,3,0,0,6,5,0,6,0,7,3,1,3,0,0,0,0,0,0,0,0,0,0
0,1,0,1,9,9,7,14,0,1,1,12,5,7,3,6,0,0,3,17,10,3,5,6,0,0,0,10,3,5,12,7,0,1,0,6,3,0,0,6,0,7,6,0,7,3,1,3,0,0,0,0,0,0,0,0,0,0,0,0,0,0,0,0
1,0,1,9,9,7,14,3,1,1,12,5,7,3,6,7,0,3,17,10,3,5,6,6,0,0,10,3,5,12,7,0,1,0,6,3,0,0,6,5,7,6,0,7,3,1,3,0,0,0,0,0,0,0,0,0,0,0,0,0,0,0,0,0
0,1,9,9,7,14,3,0,1,12,5,7,3,6,7,0,3,17,10,3,5,6,6,0,0,10,3,5,12,7,0,0,0,6,3,0,0,6,5,0,6,0,7,3,1,3,0,0,0,0,0,0,0,0,0,0,0,0,0,0,0,0,0,0
0,0,0,0,0,0,0,0,0,0,0,0,0,0,0,0,0,0,0,0,0,0,0,0,0,0,0,0,0,5,1,3,0,7,0,0,18,0,15,1,0,12,6,0,6,0,0,5,0,7,20,14,0,3,0,1,0,0,11,31,3,6,7,5
0,0,0,0,0,0,0,0,0,0,0,0,0,0,0,0,0,0,0,0,0,0,0,3,0,0,0,0,5,1,3,9,7,0,0,18,0,15,1,6,12,6,0,6,0,0,5,5,7,20,14,0,3,0,1,0,0,11,31,3,6,7,5,11
0,0,0,0,0,0,0,0,0,0,0,0,0,0,0,0,0,0,0,0,0,0,3,0,0,0,0,5,1,3,9,0,0,0,18,0,15,1,6,0,6,0,6,0,0,5,5,0,20,14,0,3,0,1,0,0,11,31,3,6,7,5,11,0
0,0,0,0,0,0,0,0,0,0,0,0,0,0,0,0,0,0,0,0,0,5,1,3,0,7,0,0,18,0,15,1,0,12,6,0,6,0,0,5,0,7,20,14,0,3,0,1,0,0,11,31,3,6,7,5,0,3,15,0,7,6,10,13
0,0,0,0,0,0,0,0,0,0,0,0,0,0,0,3,0,0,0,0,5,1,3,9,7,0,0,18,0,15,1,6,12,6,0,6,0,0,5,5,7,20,14,0,3,0,1,0,0,11,31,3,6,7,5,11,3,15,0,7,6,10,13,15
0,0,0,0,0,0,0,0,0,0,0,0,0,0,3,0,0,0,0,5,1,3,9,0,0,0,18,0,15,1,6,0,6,0,6,0,0,5,5,0,20,14,0,3,0,1,0,0,11,31,3,6,7,5,11,0,15,0,7,6,10,13,15,0
0,0,0,0,0,0,0,0,0,0,0,0,0,5,1,3,0,7,0,0,18,0,15,1,0,12,6,0,6,0,0,5,0,7,20,14,0,3,0,1,0,0,11,31,3,6,7,5,0,3,15,0,7,6,10,13,0,0,0,0,0,0,0,0
0,0,0,0,0,0,0,3,0,0,0,0,5,1,3,9,7,0,0,18,0,15,1,6,12,6,0,6,0,0,5,5,7,20,14,0,3,0,1,0,0,11,31,3,6,7,5,11,3,15,0,7,6,10,13,15,0,0,0,0,0,0,0,0
0,0,0,0,0,0,3,0,0,0,0,5,1,3,9,0,0,0,18,0,15,1,6,0,6,0,6,0,0,5,5,0,20,14,0,3,0,1,0,0,11,31,3,6,7,5,11,0,15,0,7,6,10,13,15,0,0,0,0,0,0,0,0,0
0,0,0,0,0,0,0,0,0,7,6,7,7,3,6,3,0,6,7,10,1,0,10,11,0,0,9,9,10,9,10,6,0,0,0,6,9,7,0,10,0,1,3,7,6,3,3,5,0,5,12,3,11,5,0,12,0,1,7,0,18,9,12,14
0,0,0,0,0,0,0,0,7,6,7,7,3,6,3,3,6,7,10,1,0,10,11,11,0,9,9,10,9,10,6,7,0,0,6,9,7,0,10,9,1,3,7,6,3,3,5,11,5,12,3,11,5,0,12,0,1,7,0,18,9,12,14,13
0,0,0,0,0,0,0,0,6,7,7,3,6,3,3,0,7,10,1,0,10,11,11,0,9,9,10,9,10,6,7,0,0,6,9,7,0,10,9,0,3,7,6,3,3,5,11,0,12,3,11,5,0,12,0,0,7,0,18,9,12,14,13,0
0,7,6,7,7,3,6,3,0,6,7,10,1,0,10,11,0,0,9,9,10,9,10,6,0,0,0,6,9,7,0,10,0,1,3,7,6,3,3,5,0,5,12,3,11,5,0,12,0,1,7,0,18,9,12,14,0,3,10,6,10,12,13,14
7,6,7,7,3,6,3,3,6,7,10,1,0,10,11,11,0,9,9,10,9,10,6,7,0,0,6,9,7,0,10,9,1,3,7,6,3,3,5,11,5,12,3,11,5,0,12,0,1,7,0,18,9,12,14,13,3,10,6,10,12,13,14,6
6,7,7,3,6,3,3,0,7,10,1,0,10,11,11,0,9,9,10,9,10,6,7,0,0,6,9,7,0,10,9,0,3,7,6,3,3,5,11,0,12,3,11,5,0,12,0,0,7,0,18,9,12,14,13,0,10,6,10,12,13,14,6,0
0,6,7,10,1,0,10,11,0,0,9,9,10,9,10,6,0,0,0,6,9,7,0,10,0,1,3,7,6,3,3,5,0,5,12,3,11,5,0,12,0,1,7,0,18,9,12,14,0,3,10,6,10,12,13,14,0,0,0,0,0,0,0,0
6,7,10,1,0,10,11,11,0,9,9,10,9,10,6,7,0,0,6,9,7,0,10,9,1,3,7,6,3,3,5,11,5,12,3,11,5,0,12,0,1,7,0,18,9,12,14,13,3,10,6,10,12,13,14,6,0,0,0,0,0,0,0,0
7,10,1,0,10,11,11,0,9,9,10,9,10,6,7,0,0,6,9,7,0,10,9,0,3,7,6,3,3,5,11,0,12,3,11,5,0,12,0,0,7,0,18,9,12,14,13,0,10,6,10,12,13,14,6,0,0,0,0,0,0,0,0,0
0,0,0,0,0,0,0,0,0,11,10,10,11,10,3,7,0,13,14,13,5,1,17,29,0,15,19,12,9,20,15,20,0,7,9,11,19,20,20,20,0,19,22,7,15,1,12,15,0,19,30,17,14,17,11,31,0,12,22,33,20,27,27,24
0,0,0,0,0,0,0,0,11,10,10,11,10,3,7,9,13,14,13,5,1,17,29,14,15,19,12,9,20,15,20,31,7,9,11,19,20,20,20,28,19,22,7,15,1,12,15,19,19,30,17,14,17,11,31,0,12,22,33,20,27,27,24,23
0,0,0,0,0,0,0,0,10,10,11,10,3,7,9,0,14,13,5,1,17,29,14,0,19,12,9,20,15,20,31,0,9,11,19,20,20,20,28,0,22,7,15,1,12,15,19,0,30,17,14,17,11,31,0,0,22,33,20,27,27,24,23,0
0,11,10,10,11,10,3,7,0,13,14,13,5,1,17,29,0,15,19,12,9,20,15,20,0,7,9,11,19,20,20,20,0,19,22,7,15,1,12,15,0,19,30,17,14,17,11,31,0,12,22,33,20,27,27,24,0,18,22,21,22,23,19,20
11,10,10,11,10,3,7,9,13,14,13,5,1,17,29,14,15,19,12,9,20,15,20,31,7,9,11,19,20,20,20,28,19,22,7,15,1,12,15,19,19,30,17,14,17,11,31,0,12,22,33,20,27,27,24,23,18,22,21,22,23,19,20,11
10,10,11,10,3,7,9,0,14,13,5,1,17,29,14,0,19,12,9,20,15,20,31,0,9,11,19,20,20,20,28,0,22,7,15,1,12,15,19,0,30,17,14,17,11,31,0,0,22,33,20,27,27,24,23,0,22,21,22,23,19,20,11,0
0,13,14,13,5,1,17,29,0,15,19,12,9,20,15,20,0,7,9,11,19,20,20,20,0,19,22,7,15,1,12,15,0,19,30,17,14,17,11,31,0,12,22,33,20,27,27,24,0,18,22,21,22,23,19,20,0,0,0,0,0,0,0,0
13,14,13,5,1,17,29,14,15,19,12,9,20,15,20,31,7,9,11,19,20,20,20,28,19,22,7,15,1,12,15,19,19,30,17,14,17,11,31,0,12,22,33,20,27,27,24,23,18,22,21,22,23,19,20,11,0,0,0,0,0,0,0,0
14,13,5,1,17,29,14,0,19,12,9,20,15,20,31,0,9,11,19,20,20,20,28,0,22,7,15,1,12,15,19,0,30,17,14,17,11,31,0,0,22,33,20,27,27,24,23,0,22,21,22,23,19,20,11,0,0,0,0,0,0,0,0,0
0,0,0,0,0,0,0,0,0,0,0,0,0,0,0,0,0,0,0,0,0,7,0,1,0,0,0,0,0,0,0,5,0,0,0,6,0,3,0,3,0,0,1,5,1,3,1,3,0,0,0,0,3,6,12,3,0,1,3,3,0,0,0,0
0,0,0,0,0,0,0,0,0,0,0,0,0,0,0,0,0,0,0,0,7,0,1,0,0,0,0,0,0,0,5,3,0,0,6,0,3,0,3,0,0,1,5,1,3,1,3,1,0,0,0,3,6,12,3,1,1,3,3,0,0,0,0,5
0,0,0,0,0,0,0,0,0,0,0,0,0,0,0,0,0,0,0,7,0,1,0,0,0,0,0,0,0,5,3,0,0,6,0,3,0,3,0,0,1,5,1,3,1,3,1,0,0,0,3,6,12,3,1,0,3,3,0,0,0,0,5,0
0,0,0,0,0,0,0,0,0,0,0,0,0,7,0,1,0,0,0,0,0,0,0,5,0,0,0,6,0,3,0,3,0,0,1,5,1,3,1,3,0,0,0,0,3,6,12,3,0,1,3,3,0,0,0,0,0,3,0,1,0,0,0,0
0,0,0,0,0,0,0,0,0,0,0,0,7,0,1,0,0,0,0,0,0,0,5,3,0,0,6,0,3,0,3,0,0,1,5,1,3,1,3,1,0,0,0,3,6,12,3,1,1,3,3,0,0,0,0,5,3,0,1,0,0,0,0,0
0,0,0,0,0,0,0,0,0,0,0,7,0,1,0,0,0,0,0,0,0,5,3,0,0,6,0,3,0,3,0,0,1,5,1,3,1,3,1,0,0,0,3,6,12,3,1,0,3,3,0,0,0,0,5,0,0,1,0,0,0,0,0,0
0,0,0,0,0,7,0,1,0,0,0,0,0,0,0,5,0,0,0,6,0,3,0,3,0,0,1,5,1,3,1,3,0,0,0,0,3,6,12,3,0,1,3,3,0,0,0,0,0,3,0,1,0,0,0,0,0,0,0,0,0,0,0,0
0,0,0,0,7,0,1,0,0,0,0,0,0,0,5,3,0,0,6,0,3,0,3,0,0,1,5,1,3,1,3,1,0,0,0,3,6,12,3,1,1,3,3,0,0,0,0,5,3,0,1,0,0,0,0,0,0,0,0,0,0,0,0,0
0,0,0,7,0,1,0,0,0,0,0,0,0,5,3,0,0,6,0,3,0,3,0,0,1,5,1,3,1,3,1,0,0,0,3,6,12,3,1,0,3,3,0,0,0,0,5,0,0,1,0,0,0,0,0,0,0,0,0,0,0,0,0,0
0,0,0,0,0,0,0,0,0,0,0,0,0,0,0,0,0,0,0,0,0,0,0,0,0,0,0,0,0,0,0,0,0,0,0,0,0,0,0,0,0,0,0,0,0,0,0,0,0,0,0,0,0,0,0,0,0,0,0,0,0,0,0,0
0,0,0,0,0,0,0,0,0,0,0,0,0,0,0,0,0,0,0,0,0,0,0,0,0,0,0,0,0,0,0,0,0,0,0,0,0,0,0,0,0,0,0,0,0,0,0,0,0,0,0,0,0,0,0,0,0,0,0,0,0,0,0,0
0,0,0,0,0,0,0,0,0,0,0,0,0,0,0,0,0,0,0,0,0,0,0,0,0,0,0,0,0,0,0,0,0,0,0,0,0,0,0,0,0,0,0,0,0,0,0,0,0,0,0,0,0,0,0,0,0,0,0,0,0,0,0,0
0,0,0,0,0,0,0,0,0,0,0,0,0,0,0,0,0,0,0,0,0,0,0,0,0,0,0,0,0,0,0,0,0,0,0,0,0,0,0,0,0,0,0,0,0,0,0,0,0,0,0,0,0,0,0,0,0,0,0,0,0,0,0,0
0,0,0,0,0,0,0,0,0,0,0,0,0,0,0,0,0,0,0,0,0,0,0,0,0,0,0,0,0,0,0,0,0,0,0,0,0,0,0,0,0,0,0,0,0,0,0,0,0,0,0,0,0,0,0,0,0,0,0,0,0,0,0,0
0,0,0,0,0,0,0,0,0,0,0,0,0,0,0,0,0,0,0,0,0,0,0,0,0,0,0,0,0,0,0,0,0,0,0,0,0,0,0,0,0,0,0,0,0,0,0,0,0,0,0,0,0,0,0,0,0,0,0,0,0,0,0,0
0,0,0,0,0,0,0,0,0,0,0,0,0,0,0,0,0,0,0,0,0,0,0,0,0,0,0,0,0,0,0,0,0,0,0,0,0,0,0,0,0,0,0,0,0,0,0,0,0,0,0,0,0,0,0,0,0,0,0,0,0,0,0,0
0,0,0,0,0,0,0,0,0,0,0,0,0,0,0,0,0,0,0,0,0,0,0,0,0,0,0,0,0,0,0,0,0,0,0,0,0,0,0,0,0,0,0,0,0,0,0,0,0,0,0,0,0,0,0,0,0,0,0,0,0,0,0,0
0,0,0,0,0,0,0,0,0,0,0,0,0,0,0,0,0,0,0,0,0,0,0,0,0,0,0,0,0,0,0,0,0,0,0,0,0,0,0,0,0,0,0,0,0,0,0,0,0,0,0,0,0,0,0,0,0,0,0,0,0,0,0,0
0,0,0,0,0,0,0,0,0,0,0,0,0,0,0,0,0,0,0,0,0,0,0,0,0,0,0,0,0,0,0,0,0,0,0,0,0,0,0,0,0,0,0,0,0,0,0,0,0,0,0,0,0,0,0,0,0,0,0,0,0,0,0,0
0,0,0,0,0,0,0,0,0,0,0,0,0,0,0,0,0,0,0,0,0,0,0,0,0,0,0,0,0,0,0,0,0,0,0,0,0,0,0,0,0,0,0,0,0,0,0,0,0,0,0,0,0,0,0,0,0,0,0,0,0,0,0,0
0,0,0,0,0,0,0,0,0,0,0,0,0,0,0,0,0,0,0,0,0,0,0,0,0,0,0,0,0,0,0,0,0,0,0,0,0,0,0,0,0,0,0,0,0,0,0,0,0,0,0,0,0,0,0,0,0,0,0,0,0,0,0,0
0,0,0,0,0,0,0,0,0,0,0,0,0,0,0,0,0,0,0,0,0,0,0,0,0,0,0,0,0,0,0,0,0,0,0,0,0,0,0,0,0,0,0,0,0,0,0,0,0,0,0,0,0,0,0,0,0,0,0,0,0,0,0,0
0,0,0,0,0,0,0,0,0,0,0,0,0,0,0,0,0,0,0,0,0,0,0,0,0,0,0,0,0,0,0,0,0,0,0,0,0,0,0,0,0,0,0,0,0,0,0,0,0,0,0,0,0,0,0,0,0,0,0,0,0,0,0,0
0,0,0,0,0,0,0,0,0,0,0,0,0,0,0,0,0,0,0,0,0,0,0,0,0,0,0,0,0,0,0,0,0,0,0,0,0,0,0,0,0,0,0,0,0,0,0,0,0,0,0,0,0,0,0,0,0,0,0,0,0,0,0,0
0,0,0,0,0,0,0,0,0,0,0,0,0,0,0,0,0,0,0,0,0,0,0,0,0,0,0,0,0,0,0,0,0,0,0,0,0,0,0,0,0,0,0,0,0,0,0,0,0,0,0,0,0,0,0,0,0,0,0,0,0,0,0,0
0,0,0,0,0,0,0,0,0,0,0,0,0,0,0,0,0,0,0,0,0,0,0,0,0,0,0,0,0,0,0,0,0,0,0,0,0,0,0,0,0,0,0,0,0,0,0,0,0,0,0,0,0,0,0,0,0,0,0,0,0,0,0,0
0,0,0,0,0,0,0,0,0,0,0,0,0,0,0,0,0,0,0,0,0,0,0,0,0,0,0,0,0,0,0,0,0,0,0,0,0,0,0,0,0,0,0,0,0,0,0,0,0,0,0,0,0,0,0,0,0,0,0,0,0,0,0,0
0,0,0,0,0,0,0,0,0,0,0,0,0,0,0,0,0,0,0,0,0,0,0,0,0,0,0,0,0,0,0,0,0,0,0,0,0,0,0,0,0,0,0,0,0,0,0,0,0,0,0,0,0,0,0,0,0,0,0,0,0,0,0,0
0,0,0,0,0,0,0,0,0,0,0,0,0,0,0,0,0,0,0,0,0,0,0,0,0,0,0,0,0,0,0,0,0,0,0,0,0,0,0,0,0,0,0,0,0,0,0,0,0,0,0,0,0,0,0,0,0,0,0,0,0,0,0,0
0,0,0,0,0,0,0,0,0,0,0,0,0,0,0,0,0,0,0,0,0,0,0,0,0,0,0,0,0,0,0,0,0,0,0,0,0,0,0,0,0,0,0,0,0,0,0,0,0,0,0,0,0,0,0,0,0,0,0,0,0,0,0,0
0,0,0,0,0,0,0,0,0,0,0,0,0,0,0,0,0,0,0,0,0,0,0,0,0,0,0,0,0,0,0,0,0,0,0,0,0,0,0,0,0,0,0,0,0,0,0,0,0,0,0,0,0,0,0,0,0,0,0,0,0,0,0,0
0,0,0,0,0,0,0,0,0,0,0,0,0,0,0,0,0,0,0,0,0,0,0,0,0,0,0,0,0,0,0,0,0,0,0,0,0,0,0,0,0,0,0,0,0,0,0,0,0,0,0,0,0,0,0,0,0,0,0,0,0,0,0,0
0,0,0,0,0,0,0,0,0,0,0,0,0,0,0,0,0,0,0,0,0,0,0,0,0,0,0,0,0,0,0,0,0,0,0,0,0,0,0,0,0,0,0,0,0,0,0,0,0,0,0,0,0,0,0,0,0,0,0,0,0,0,0,0
0,0,0,0,0,0,0,0,0,0,0,0,0,0,0,0,0,0,0,0,0,0,0,0,0,0,0,0,0,0,0,0,0,0,0,0,0,0,0,0,0,0,0,0,0,0,0,0,0,0,0,0,0,0,0,0,0,0,0,0,0,0,0,0
0,0,0,0,0,0,0,0,0,0,0,0,0,0,0,0,0,0,0,0,0,0,0,0,0,0,0,0,0,0,0,0,0,0,0,0,0,0,0,0,0,0,0,0,0,0,0,0,0,0,0,0,0,0,0,0,0,0,0,0,0,0,0,0
0,0,0,0,0,0,0,0,0,0,0,0,0,0,0,0,0,0,0,0,0,0,0,0,0,0,0,0,0,0,0,0,0,0,0,0,0,0,0,0,0,0,0,0,0,0,0,0,0,0,0,0,0,0,0,0,0,0,0,0,0,0,0,0
0,0,0,0,0,0,0,0,0,3,6,7,6,3,3,0,0,0,7,7,3,9,7,14,0,0,10,10,3,12,7,11,0,3,9,15,18,5,15,9,0,5,3,10,7,7,0,13,0,1,6,11,10,7,20,12,0,7,3,23,19,17,17,13
0,0,0,0,0,0,0,0,3,6,7,6,3,3,0,0,0,7,7,3,9,7,14,7,0,10,10,3,12,7,11,15,3,9,15,18,5,15,9,12,5,3,10,7,7,0,13,3,1,6,11,10,7,20,12,10,7,3,23,19,17,17,13,15
0,0,0,0,0,0,0,0,6,7,6,3,3,0,0,0,7,7,3,9,7,14,7,0,10,10,3,12,7,11,15,0,9,15,18,5,15,9,12,0,3,10,7,7,0,13,3,0,6,11,10,7,20,12,10,0,3,23,19,17,17,13,15,0
0,3,6,7,6,3,3,0,0,0,7,7,3,9,7,14,0,0,10,10,3,12,7,11,0,3,9,15,18,5,15,9,0,5,3,10,7,7,0,13,0,1,6,11,10,7,20,12,0,7,3,23,19,17,17,13,0,11,11,1,15,17,14,17
3,6,7,6,3,3,0,0,0,7,7,3,9,7,14,7,0,10,10,3,12,7,11,15,3,9,15,18,5,15,9,12,5,3,10,7,7,0,13,3,1,6,11,10,7,20,12,10,7,3,23,19,17,17,13,15,11,11,1,15,17,14,17,13
6,7,6,3,3,0,0,0,7,7,3,9,7,14,7,0,10,10,3,12,7,11,15,0,9,15,18,5,15,9,12,0,3,10,7,7,0,13,3,0,6,11,10,7,20,12,10,0,3,23,19,17,17,13,15,0,11,1,15,17,14,17,13,0
0,0,7,7,3,9,7,14,0,0,10,10,3,12,7,11,0,3,9,15,18,5,15,9,0,5,3,10,7,7,0,13,0,1,6,11,10,7,20,12,0,7,3,23,19,17,17,13,0,11,11,1,15,17,14,17,0,0,0,0,0,0,0,0
0,7,7,3,9,7,14,7,0,10,10,3,12,7,11,15,3,9,15,18,5,15,9,12,5,3,10,7,7,0,13,3,1,6,11,10,7,20,12,10,7,3,23,19,17,17,13,15,11,11,1,15,17,14,17,13,0,0,0,0,0,0,0,0
7,7,3,9,7,14,7,0,10,10,3,12,7,11,15,0,9,15,18,5,15,9,12,0,3,10,7,7,0,13,3,0,6,11,10,7,20,12,10,0,3,23,19,17,17,13,15,0,11,1,15,17,14,17,13,0,0,0,0,0,0,0,0,0
0,0,0,0,0,0,0,0,0,0,0,0,0,0,0,0,0,0,0,0,0,0,0,0,0,0,0,7,7,0,0,0,0,0,0,6,3,0,1,0,0,0,0,0,0,0,0,0,0,0,0,15,11,0,0,0,0,0,0,0,0,0,0,0
0,0,0,0,0,0,0,0,0,0,0,0,0,0,0,0,0,0,0,0,0,0,0,0,0,0,7,7,0,0,0,0,0,0,6,3,0,1,0,0,0,0,0,0,0,0,0,0,0,0,15,11,0,0,0,0,0,0,0,0,0,0,0,1
0,0,0,0,0,0,0,0,0,0,0,0,0,0,0,0,0,0,0,0,0,0,0,0,0,7,7,0,0,0,0,0,0,6,3,0,1,0,0,0,0,0,0,0,0,0,0,0,0,15,11,0,0,0,0,0,0,0,0,0,0,0,1,0
0,0,0,0,0,0,0,0,0,0,0,0,0,0,0,0,0,0,0,7,7,0,0,0,0,0,0,6,3,0,1,0,0,0,0,0,0,0,0,0,0,0,0,15,11,0,0,0,0,0,0,0,0,0,0,0,0,0,0,0,0,0,0,0
0,0,0,0,0,0,0,0,0,0,0,0,0,0,0,0,0,0,7,7,0,0,0,0,0,0,6,3,0,1,0,0,0,0,0,0,0,0,0,0,0,0,15,11,0,0,0,0,0,0,0,0,0,0,0,1,0,0,0,0,0,0,0,0
0,0,0,0,0,0,0,0,0,0,0,0,0,0,0,0,0,7,7,0,0,0,0,0,0,6,3,0,1,0,0,0,0,0,0,0,0,0,0,0,0,15,11,0,0,0,0,0,0,0,0,0,0,0,1,0,0,0,0,0,0,0,0,0
0,0,0,0,0,0,0,0,0,0,0,7,7,0,0,0,0,0,0,6,3,0,1,0,0,0,0,0,0,0,0,0,0,0,0,15,11,0,0,0,0,0,0,0,0,0,0,0,0,0,0,0,0,0,0,0,0,0,0,0,0,0,0,0
0,0,0,0,0,0,0,0,0,0,7,7,0,0,0,0,0,0,6,3,0,1,0,0,0,0,0,0,0,0,0,0,0,0,15,11,0,0,0,0,0,0,0,0,0,0,0,1,0,0,0,0,0,0,0,0,0,0,0,0,0,0,0,0
0,0,0,0,0,0,0,0,0,7,7,0,0,0,0,0,0,6,3,0,1,0,0,0,0,0,0,0,0,0,0,0,0,15,11,0,0,0,0,0,0,0,0,0,0,0,1,0,0,0,0,0,0,0,0,0,0,0,0,0,0,0,0,0
0,0,0,0,0,0,0,0,0,0,0,0,0,0,3,7,0,0,0,0,7,13,9,10,0,0,3,0,3,0,11,11,0,6,3,9,0,3,3,10,0,0,6,3,11,14,17,7,0,0,0,0,3,6,21,15,0,3,3,0,17,11,14,9
0,0,0,0,0,0,0,0,0,0,0,0,0,3,7,3,0,0,0,7,13,9,10,7,0,3,0,3,0,11,11,13,6,3,9,0,3,3,10,6,0,6,3,11,14,17,7,6,0,0,0,3,6,21,15,18,3,3,0,17,11,14,9,9
0,0,0,0,0,0,0,0,0,0,0,0,3,7,3,0,0,0,7,13,9,10,7,0,3,0,3,0,11,11,13,0,3,9,0,3,3,10,6,0,6,3,11,14,17,7,6,0,0,0,3,6,21,15,18,0,3,0,17,11,14,9,9,0
0,0,0,0,0,0,3,7,0,0,0,0,7,13,9,10,0,0,3,0,3,0,11,11,0,6,3,9,0,3,3,10,0,0,6,3,11,14,17,7,0,0,0,0,3,6,21,15,0,3,3,0,17,11,14,9,0,0,15,27,17,13,13,10
0,0,0,0,0,3,7,3,0,0,0,7,13,9,10,7,0,3,0,3,0,11,11,13,6,3,9,0,3,3,10,6,0,6,3,11,14,17,7,6,0,0,0,3,6,21,15,18,3,3,0,17,11,14,9,9,0,15,27,17,13,13,10,5
0,0,0,0,3,7,3,0,0,0,7,13,9,10,7,0,3,0,3,0,11,11,13,0,3,9,0,3,3,10,6,0,6,3,11,14,17,7,6,0,0,0,3,6,21,15,18,0,3,0,17,11,14,9,9,0,15,27,17,13,13,10,5,0
0,0,0,0,7,13,9,10,0,0,3,0,3,0,11,11,0,6,3,9,0,3,3,10,0,0,6,3,11,14,17,7,0,0,0,0,3,6,21,15,0,3,3,0,17,11,14,9,0,0,15,27,17,13,13,10,0,0,0,0,0,0,0,0
0,0,0,7,13,9,10,7,0,3,0,3,0,11,11,13,6,3,9,0,3,3,10,6,0,6,3,11,14,17,7,6,0,0,0,3,6,21,15,18,3,3,0,17,11,14,9,9,0,15,27,17,13,13,10,5,0,0,0,0,0,0,0,0
0,0,7,13,9,10,7,0,3,0,3,0,11,11,13,0,3,9,0,3,3,10,6,0,6,3,11,14,17,7,6,0,0,0,3,6,21,15,18,0,3,0,17,11,14,9,9,0,15,27,17,13,13,10,5,0,0,0,0,0,0,0,0,0
0,0,0,0,0,0,0,0,0,1,0,0,0,0,0,0,0,0,0,0,0,0,0,0,0,0,0,0,0,0,0,0,0,0,0,0,0,0,3,0,0,1,0,0,6,0,0,0,0,6,0,0,0,0,1,0,0,10,0,3,0,0,0,0
0,0,0,0,0,0,0,0,1,0,0,0,0,0,0,0,0,0,0,0,0,0,0,0,0,0,0,0,0,0,0,0,0,0,0,0,0,3,0,0,1,0,0,6,0,0,0,0,6,0,0,0,0,1,0,0,10,0,3,0,0,0,0,1
0,0,0,0,0,0,0,0,0,0,0,0,0,0,0,0,0,0,0,0,0,0,0,0,0,0,0,0,0,0,0,0,0,0,0,0,3,0,0,0,0,0,6,0,0,0,0,0,0,0,0,0,1,0,0,0,0,3,0,0,0,0,1,0
0,1,0,0,0,0,0,0,0,0,0,0,0,0,0,0,0,0,0,0,0,0,0,0,0,0,0,0,0,0,3,0,0,1,0,0,6,0,0,0,0,6,0,0,0,0,1,0,0,10,0,3,0,0,0,0,0,15,6,17,6,3,3,3
1,0,0,0,0,0,0,0,0,0,0,0,0,0,0,0,0,0,0,0,0,0,0,0,0,0,0,0,0,3,0,0,1,0,0,6,0,0,0,0,6,0,0,0,0,1,0,0,10,0,3,0,0,0,0,1,15,6,17,6,3,3,3,6
0,0,0,0,0,0,0,0,0,0,0,0,0,0,0,0,0,0,0,0,0,0,0,0,0,0,0,0,3,0,0,0,0,0,6,0,0,0,0,0,0,0,0,0,1,0,0,0,0,3,0,0,0,0,1,0,6,17,6,3,3,3,6,0
0,0,0,0,0,0,0,0,0,0,0,0,0,0,0,0,0,0,0,0,0,0,3,0,0,1,0,0,6,0,0,0,0,6,0,0,0,0,1,0,0,10,0,3,0,0,0,0,0,15,6,17,6,3,3,3,0,0,0,0,0,0,0,0
0,0,0,0,0,0,0,0,0,0,0,0,0,0,0,0,0,0,0,0,0,3,0,0,1,0,0,6,0,0,0,0,6,0,0,0,0,1,0,0,10,0,3,0,0,0,0,1,15,6,17,6,3,3,3,6,0,0,0,0,0,0,0,0
0,0,0,0,0,0,0,0,0,0,0,0,0,0,0,0,0,0,0,0,3,0,0,0,0,0,6,0,0,0,0,0,0,0,0,0,1,0,0,0,0,3,0,0,0,0,1,0,6,17,6,3,3,3,6,0,0,0,0,0,0,0,0,0
0,0,0,0,0,0,0,0,0,0,0,0,1,0,0,0,0,0,0,0,0,1,0,0,0,3,0,3,0,0,0,0,0,1,0,3,3,0,0,0,0,9,0,0,0,0,0,0,0,3,0,15,0,3,0,0,0,3,0,1,0,0,0,0
0,0,0,0,0,0,0,0,0,0,0,1,0,0,0,0,0,0,0,0,1,0,0,0,3,0,3,0,0,0,0,0,1,0,3,3,0,0,0,0,9,0,0,0,0,0,0,0,3,0,15,0,3,0,0,0,3,0,1,0,0,0,0,0
0,0,0,0,0,0,0,0,0,0,1,0,0,0,0,0,0,0,0,1,0,0,0,0,0,3,0,0,0,0,0,0,0,3,3,0,0,0,0,0,0,0,0,0,0,0,0,0,0,15,0,3,0,0,0,0,0,1,0,0,0,0,0,0
0,0,0,0,1,0,0,0,0,0,0,0,0,1,0,0,0,3,0,3,0,0,0,0,0,1,0,3,3,0,0,0,0,9,0,0,0,0,0,0,0,3,0,15,0,3,0,0,0,3,0,1,0,0,0,0,0,3,0,0,0,0,0,0
0,0,0,1,0,0,0,0,0,0,0,0,1,0,0,0,3,0,3,0,0,0,0,0,1,0,3,3,0,0,0,0,9,0,0,0,0,0,0,0,3,0,15,0,3,0,0,0,3,0,1,0,0,0,0,0,3,0,0,0,0,0,0,0
0,0,1,0,0,0,0,0,0,0,0,1,0,0,0,0,0,3,0,0,0,0,0,0,0,3,3,0,0,0,0,0,0,0,0,0,0,0,0,0,0,15,0,3,0,0,0,0,0,1,0,0,0,0,0,0,0,0,0,0,0,0,0,0
0,0,0,0,0,1,0,0,0,3,0,3,0,0,0,0,0,1,0,3,3,0,0,0,0,9,0,0,0,0,0,0,0,3,0,15,0,3,0,0,0,3,0,1,0,0,0,0,0,3,0,0,0,0,0,0,0,0,0,0,0,0,0,0
0,0,0,0,1,0,0,0,3,0,3,0,0,0,0,0,1,0,3,3,0,0,0,0,9,0,0,0,0,0,0,0,3,0,15,0,3,0,0,0,3,0,1,0,0,0,0,0,3,0,0,0,0,0,0,0,0,0,0,0,0,0,0,0
0,0,0,1,0,0,0,0,0,3,0,0,0,0,0,0,0,3,3,0,0,0,0,0,0,0,0,0,0,0,0,0,0,15,0,3,0,0,0,0,0,1,0,0,0,0,0,0,0,0,0,0,0,0,0,0,0,0,0,0,0,0,0,0
0,0,0,0,0,0,0,0,0,0,0,0,0,0,0,0,0,0,0,0,0,0,0,0,0,0,0,0,0,0,0,0,0,0,0,0,0,0,0,0,0,0,0,0,0,0,0,0,0,0,0,0,0,0,0,0,0,0,0,0,0,0,0,0
0,0,0,0,0,0,0,0,0,0,0,0,0,0,0,0,0,0,0,0,0,0,0,0,0,0,0,0,0,0,0,0,0,0,0,0,0,0,0,0,0,0,0,0,0,0,0,0,0,0,0,0,0,0,0,0,0,0,0,0,0,0,0,0
0,0,0,0,0,0,0,0,0,0,0,0,0,0,0,0,0,0,0,0,0,0,0,0,0,0,0,0,0,0,0,0,0,0,0,0,0,0,0,0,0,0,0,0,0,0,0,0,0,0,0,0,0,0,0,0,0,0,0,0,0,0,0,0
0,0,0,0,0,0,0,0,0,0,0,0,0,0,0,0,0,0,0,0,0,0,0,0,0,0,0,0,0,0,0,0,0,0,0,0,0,0,0,0,0,0,0,0,0,0,0,0,0,0,0,0,0,0,0,0,0,0,0,0,0,0,0,0
0,0,0,0,0,0,0,0,0,0,0,0,0,0,0,0,0,0,0,0,0,0,0,0,0,0,0,0,0,0,0,0,0,0,0,0,0,0,0,0,0,0,0,0,0,0,0,0,0,0,0,0,0,0,0,0,0,0,0,0,0,0,0,0
0,0,0,0,0,0,0,0,0,0,0,0,0,0,0,0,0,0,0,0,0,0,0,0,0,0,0,0,0,0,0,0,0,0,0,0,0,0,0,0,0,0,0,0,0,0,0,0,0,0,0,0,0,0,0,0,0,0,0,0,0,0,0,0
0,0,0,0,0,0,0,0,0,0,0,0,0,0,0,0,0,0,0,0,0,0,0,0,0,0,0,0,0,0,0,0,0,0,0,0,0,0,0,0,0,0,0,0,0,0,0,0,0,0,0,0,0,0,0,0,0,0,0,0,0,0,0,0
0,0,0,0,0,0,0,0,0,0,0,0,0,0,0,0,0,0,0,0,0,0,0,0,0,0,0,0,0,0,0,0,0,0,0,0,0,0,0,0,0,0,0,0,0,0,0,0,0,0,0,0,0,0,0,0,0,0,0,0,0,0,0,0
0,0,0,0,0,0,0,0,0,0,0,0,0,0,0,0,0,0,0,0,0,0,0,0,0,0,0,0,0,0,0,0,0,0,0,0,0,0,0,0,0,0,0,0,0,0,0,0,0,0,0,0,0,0,0,0,0,0,0,0,0,0,0,0
0,0,0,0,0,0,0,0,0,0,0,0,0,1,3,3,0,0,0,0,0,9,0,3,0,0,0,0,0,9,0,3,0,0,0,3,0,0,0,3,0,0,0,1,0,10,1,6,0,0,0,0,1,0,15,6,0,1,0,0,9,6,9,3
0,0,0,0,0,0,0,0,0,0,0,0,1,3,3,1,0,0,0,0,9,0,3,7,0,0,0,0,9,0,3,9,0,0,3,0,0,0,3,7,0,0,1,0,10,1,6,10,0,0,0,1,0,15,6,7,1,0,0,9,6,9,3,6
0,0,0,0,0,0,0,0,0,0,0,1,3,3,1,0,0,0,0,9,0,3,7,0,0,0,0,9,0,3,9,0,0,3,0,0,0,3,7,0,0,1,0,10,1,6,10,0,0,0,1,0,15,6,7,0,0,0,9,6,9,3,6,0
0,0,0,0,0,1,3,3,0,0,0,0,0,9,0,3,0,0,0,0,0,9,0,3,0,0,0,3,0,0,0,3,0,0,0,1,0,10,1,6,0,0,0,0,1,0,15,6,0,1,0,0,9,6,9,3,0,0,0,0,1,5,6,3
0,0,0,0,1,3,3,1,0,0,0,0,9,0,3,7,0,0,0,0,9,0,3,9,0,0,3,0,0,0,3,7,0,0,1,0,10,1,6,10,0,0,0,1,0,15,6,7,1,0,0,9,6,9,3,6,0,0,0,1,5,6,3,3
0,0,0,1,3,3,1,0,0,0,0,9,0,3,7,0,0,0,0,9,0,3,9,0,0,3,0,0,0,3,7,0,0,1,0,10,1,6,10,0,0,0,1,0,15,6,7,0,0,0,9,6,9,3,6,0,0,0,1,5,6,3,3,0
0,0,0,0,0,9,0,3,0,0,0,0,0,9,0,3,0,0,0,3,0,0,0,3,0,0,0,1,0,10,1,6,0,0,0,0,1,0,15,6,0,1,0,0,9,6,9,3,0,0,0,0,1,5,6,3,0,0,0,0,0,0,0,0
0,0,0,0,9,0,3,7,0,0,0,0,9,0,3,9,0,0,3,0,0,0,3,7,0,0,1,0,10,1,6,10,0,0,0,1,0,15,6,7,1,0,0,9,6,9,3,6,0,0,0,1,5,6,3,3,0,0,0,0,0,0,0,0
0,0,0,9,0,3,7,0,0,0,0,9,0,3,9,0,0,3,0,0,0,3,7,0,0,1,0,10,1,6,10,0,0,0,1,0,15,6,7,0,0,0,9,6,9,3,6,0,0,0,1,5,6,3,3,0,0,0,0,0,0,0,0,0
0,0,0,0,0,0,0,0,0,3,5,3,6,3,9,7,0,0,5,3,0,7,10,14,0,5,6,7,7,7,7,14,0,9,0,5,7,7,6,12,0,6,1,10,3,11,11,15,0,7,15,3,17,15,24,15,0,11,15,15,24,23,22,15
0,0,0,0,0,0,0,0,3,5,3,6,3,9,7,6,0,5,3,0,7,10,14,5,5,6,7,7,7,7,14,10,9,0,5,7,7,6,12,11,6,1,10,3,11,11,15,9,7,15,3,17,15,24,15,0,11,15,15,24,23,22,15,17
0,0,0,0,0,0,0,0,5,3,6,3,9,7,6,0,5,3,0,7,10,14,5,0,6,7,7,7,7,14,10,0,0,5,7,7,6,12,11,0,1,10,3,11,11,15,9,0,15,3,17,15,24,15,0,0,15,15,24,23,22,15,17,0
0,3,5,3,6,3,9,7,0,0,5,3,0,7,10,14,0,5,6,7,7,7,7,14,0,9,0,5,7,7,6,12,0,6,1,10,3,11,11,15,0,7,15,3,17,15,24,15,0,11,15,15,24,23,22,15,0,11,17,3,15,14,12,18
3,5,3,6,3,9,7,6,0,5,3,0,7,10,14,5,5,6,7,7,7,7,14,10,9,0,5,7,7,6,12,11,6,1,10,3,11,11,15,9,7,15,3,17,15,24,15,0,11,15,15,24,23,22,15,17,11,17,3,15,14,12,18,7
5,3,6,3,9,7,6,0,5,3,0,7,10,14,5,0,6,7,7,7,7,14,10,0,0,5,7,7,6,12,11,0,1,10,3,11,11,15,9,0,15,3,17,15,24,15,0,0,15,15,24,23,22,15,17,0,17,3,15,14,12,18,7,0
0,0,5,3,0,7,10,14,0,5,6,7,7,7,7,14,0,9,0,5,7,7,6,12,0,6,1,10,3,11,11,15,0,7,15,3,17,15,24,15,0,11,15,15,24,23,22,15,0,11,17,3,15,14,12,18,0,0,0,0,0,0,0,0
0,5,3,0,7,10,14,5,5,6,7,7,7,7,14,10,9,0,5,7,7,6,12,11,6,1,10,3,11,11,15,9,7,15,3,17,15,24,15,0,11,15,15,24,23,22,15,17,11,17,3,15,14,12,18,7,0,0,0,0,0,0,0,0
5,3,0,7,10,14,5,0,6,7,7,7,7,14,10,0,0,5,7,7,6,12,11,0,1,10,3,11,11,15,9,0,15,3,17,15,24,15,0,0,15,15,24,23,22,15,17,0,17,3,15,14,12,18,7,0,0,0,0,0,0,0,0,0
0,0,0,0,0,0,0,0,0,0,0,0,0,0,0,0,0,0,0,0,0,0,0,0,0,0,0,0,0,0,0,0,0,0,0,0,0,0,0,0,0,0,0,0,0,0,0,0,0,0,0,0,0,0,0,0,0,0,0,0,0,0,0,0
0,0,0,0,0,0,0,0,0,0,0,0,0,0,0,0,0,0,0,0,0,0,0,0,0,0,0,0,0,0,0,0,0,0,0,0,0,0,0,0,0,0,0,0,0,0,0,0,0,0,0,0,0,0,0,0,0,0,0,0,0,0,0,0
0,0,0,0,0,0,0,0,0,0,0,0,0,0,0,0,0,0,0,0,0,0,0,0,0,0,0,0,0,0,0,0,0,0,0,0,0,0,0,0,0,0,0,0,0,0,0,0,0,0,0,0,0,0,0,0,0,0,0,0,0,0,0,0
0,0,0,0,0,0,0,0,0,0,0,0,0,0,0,0,0,0,0,0,0,0,0,0,0,0,0,0,0,0,0,0,0,0,0,0,0,0,0,0,0,0,0,0,0,0,0,0,0,0,0,0,0,0,0,0,0,0,0,0,0,0,0,0
0,0,0,0,0,0,0,0,0,0,0,0,0,0,0,0,0,0,0,0,0,0,0,0,0,0,0,0,0,0,0,0,0,0,0,0,0,0,0,0,0,0,0,0,0,0,0,0,0,0,0,0,0,0,0,0,0,0,0,0,0,0,0,0
0,0,0,0,0,0,0,0,0,0,0,0,0,0,0,0,0,0,0,0,0,0,0,0,0,0,0,0,0,0,0,0,0,0,0,0,0,0,0,0,0,0,0,0,0,0,0,0,0,0,0,0,0,0,0,0,0,0,0,0,0,0,0,0
0,0,0,0,0,0,0,0,0,0,0,0,0,0,0,0,0,0,0,0,0,0,0,0,0,0,0,0,0,0,0,0,0,0,0,0,0,0,0,0,0,0,0,0,0,0,0,0,0,0,0,0,0,0,0,0,0,0,0,0,0,0,0,0
0,0,0,0,0,0,0,0,0,0,0,0,0,0,0,0,0,0,0,0,0,0,0,0,0,0,0,0,0,0,0,0,0,0,0,0,0,0,0,0,0,0,0,0,0,0,0,0,0,0,0,0,0,0,0,0,0,0,0,0,0,0,0,0
0,0,0,0,0,0,0,0,0,0,0,0,0,0,0,0,0,0,0,0,0,0,0,0,0,0,0,0,0,0,0,0,0,0,0,0,0,0,0,0,0,0,0,0,0,0,0,0,0,0,0,0,0,0,0,0,0,0,0,0,0,0,0,0
0,0,0,0,0,0,0,0,0,0,0,0,0,0,0,0,0,0,0,0,0,0,0,0,0,0,0,0,0,0,0,0,0,0,0,0,0,0,0,0,0,0,0,0,0,0,0,0,0,0,0,0,0,0,0,0,0,0,0,0,0,0,0,0
0,0,0,0,0,0,0,0,0,0,0,0,0,0,0,0,0,0,0,0,0,0,0,0,0,0,0,0,0,0,0,0,0,0,0,0,0,0,0,0,0,0,0,0,0,0,0,0,0,0,0,0,0,0,0,0,0,0,0,0,0,0,0,0
0,0,0,0,0,0,0,0,0,0,0,0,0,0,0,0,0,0,0,0,0,0,0,0,0,0,0,0,0,0,0,0,0,0,0,0,0,0,0,0,0,0,0,0,0,0,0,0,0,0,0,0,0,0,0,0,0,0,0,0,0,0,0,0
0,0,0,0,0,0,0,0,0,0,0,0,0,0,0,0,0,0,0,0,0,0,0,0,0,0,0,0,0,0,0,0,0,0,0,0,0,0,0,0,0,0,0,0,0,0,0,0,0,0,0,0,0,0,0,0,0,0,0,0,0,0,0,0
0,0,0,0,0,0,0,0,0,0,0,0,0,0,0,0,0,0,0,0,0,0,0,0,0,0,0,0,0,0,0,0,0,0,0,0,0,0,0,0,0,0,0,0,0,0,0,0,0,0,0,0,0,0,0,0,0,0,0,0,0,0,0,0
0,0,0,0,0,0,0,0,0,0,0,0,0,0,0,0,0,0,0,0,0,0,0,0,0,0,0,0,0,0,0,0,0,0,0,0,0,0,0,0,0,0,0,0,0,0,0,0,0,0,0,0,0,0,0,0,0,0,0,0,0,0,0,0
0,0,0,0,0,0,0,0,0,0,0,0,0,0,0,0,0,0,0,0,0,0,0,0,0,0,0,0,0,0,0,0,0,0,0,0,0,0,0,0,0,0,0,0,0,0,0,0,0,0,0,0,0,0,0,0,0,0,0,0,0,0,0,0
0,0,0,0,0,0,0,0,0,0,0,0,0,0,0,0,0,0,0,0,0,0,0,0,0,0,0,0,0,0,0,0,0,0,0,0,0,0,0,0,0,0,0,0,0,0,0,0,0,0,0,0,0,0,0,0,0,0,0,0,0,0,0,0
0,0,0,0,0,0,0,0,0,0,0,0,0,0,0,0,0,0,0,0,0,0,0,0,0,0,0,0,0,0,0,0,0,0,0,0,0,0,0,0,0,0,0,0,0,0,0,0,0,0,0,0,0,0,0,0,0,0,0,0,0,0,0,0
0,0,0,0,0,0,0,0,0,0,0,0,0,0,0,0,0,1,3,0,0,5,3,3,0,0,0,0,0,0,7,0,0,0,0,0,0,0,0,3,0,0,0,0,0,1,0,3,0,1,0,7,0,0,9,5,0,0,1,0,3,7,9,9
0,0,0,0,0,0,0,0,0,0,0,0,0,0,0,0,1,3,0,0,5,3,3,10,0,0,0,0,0,7,0,5,0,0,0,0,0,0,3,1,0,0,0,0,1,0,3,3,1,0,7,0,0,9,5,12,0,1,0,3,7,9,9,10
0,0,0,0,0,0,0,0,0,0,0,0,0,0,0,0,3,0,0,5,3,3,10,0,0,0,0,0,7,0,5,0,0,0,0,0,0,3,1,0,0,0,0,1,0,3,3,0,0,7,0,0,9,5,12,0,1,0,3,7,9,9,10,0
0,0,0,0,0,0,0,0,0,1,3,0,0,5,3,3,0,0,0,0,0,0,7,0,0,0,0,0,0,0,0,3,0,0,0,0,0,1,0,3,0,1,0,7,0,0,9,5,0,0,1,0,3,7,9,9,0,0,12,15,10,7,9,13
0,0,0,0,0,0,0,0,1,3,0,0,5,3,3,10,0,0,0,0,0,7,0,5,0,0,0,0,0,0,3,1,0,0,0,0,1,0,3,3,1,0,7,0,0,9,5,12,0,1,0,3,7,9,9,10,0,12,15,10,7,9,13,1
0,0,0,0,0,0,0,0,3,0,0,5,3,3,10,0,0,0,0,0,7,0,5,0,0,0,0,0,0,3,1,0,0,0,0,1,0,3,3,0,0,7,0,0,9,5,12,0,1,0,3,7,9,9,10,0,12,15,10,7,9,13,1,0
0,1,3,0,0,5,3,3,0,0,0,0,0,0,7,0,0,0,0,0,0,0,0,3,0,0,0,0,0,1,0,3,0,1,0,7,0,0,9,5,0,0,1,0,3,7,9,9,0,0,12,15,10,7,9,13,0,0,0,0,0,0,0,0
1,3,0,0,5,3,3,10,0,0,0,0,0,7,0,5,0,0,0,0,0,0,3,1,0,0,0,0,1,0,3,3,1,0,7,0,0,9,5,12,0,1,0,3,7,9,9,10,0,12,15,10,7,9,13,1,0,0,0,0,0,0,0,0
3,0,0,5,3,3,10,0,0,0,0,0,7,0,5,0,0,0,0,0,0,3,1,0,0,0,0,1,0,3,3,0,0,7,0,0,9,5,12,0,1,0,3,7,9,9,10,0,12,15,10,7,9,13,1,0,0,0,0,0,0,0,0,0
0,0,0,0,0,0,0,0,0,0,0,0,0,0,0,0,0,5,0,0,7,0,0,1,0,0,0,0,0,0,0,0,0,3,0,0,0,0,0,0,0,0,0,3,0,0,0,0,0,0,0,0,0,0,0,0,0,0,0,0,0,0,0,0
0,0,0,0,0,0,0,0,0,0,0,0,0,0,0,0,5,0,0,7,0,0,1,0,0,0,0,0,0,0,0,0,3,0,0,0,0,0,0,5,0,0,3,0,0,0,0,0,0,0,0,0,0,0,0,3,0,0,0,0,0,0,0,0
0,0,0,0,0,0,0,0,0,0,0,0,0,0,0,0,0,0,7,0,0,1,0,0,0,0,0,0,0,0,0,0,0,0,0,0,0,0,5,0,0,3,0,0,0,0,0,0,0,0,0,0,0,0,3,0,0,0,0,0,0,0,0,0
0,0,0,0,0,0,0,0,0,5,0,0,7,0,0,1,0,0,0,0,0,0,0,0,0,3,0,0,0,0,0,0,0,0,0,3,0,0,0,0,0,0,0,0,0,0,0,0,0,0,0,0,0,0,0,0,0,0,0,0,0,0,0,0
0,0,0,0,0,0,0,0,5,0,0,7,0,0,1,0,0,0,0,0,0,0,0,0,3,0,0,0,0,0,0,5,0,0,3,0,0,0,0,0,0,0,0,0,0,0,0,3,0,0,0,0,0,0,0,0,0,0,0,0,0,0,0,0
0,0,0,0,0,0,0,0,0,0,7,0,0,1,0,0,0,0,0,0,0,0,0,0,0,0,0,0,0,0,5,0,0,3,0,0,0,0,0,0,0,0,0,0,0,0,3,0,0,0,0,0,0,0,0,0,0,0,0,0,0,0,0,0
0,5,0,0,7,0,0,1,0,0,0,0,0,0,0,0,0,3,0,0,0,0,0,0,0,0,0,3,0,0,0,0,0,0,0,0,0,0,0,0,0,0,0,0,0,0,0,0,0,0,0,0,0,0,0,0,0,0,0,0,0,0,0,0
5,0,0,7,0,0,1,0,0,0,0,0,0,0,0,0,3,0,0,0,0,0,0,5,0,0,3,0,0,0,0,0,0,0,0,0,0,0,0,3,0,0,0,0,0,0,0,0,0,0,0,0,0,0,0,0,0,0,0,0,0,0,0,0
0,0,7,0,0,1,0,0,0,0,0,0,0,0,0,0,0,0,0,0,0,0,5,0,0,3,0,0,0,0,0,0,0,0,0,0,0,0,3,0,0,0,0,0,0,0,0,0,0,0,0,0,0,0,0,0,0,0,0,0,0,0,0,0
0,0,0,0,0,0,0,0,0,0,0,0,0,0,0,0,0,0,0,0,3,0,0,0,0,0,0,0,3,0,0,0,0,0,1,7,0,0,1,0,0,1,1,1,0,0,3,0,0,3,3,5,0,0,0,0,0,0,0,3,0,0,0,0
0,0,0,0,0,0,0,0,0,0,0,0,0,0,0,0,0,0,0,3,0,0,0,0,0,0,0,3,0,0,0,0,0,1,7,0,0,1,0,0,1,1,1,0,0,3,0,0,3,3,5,0,0,0,0,0,0,0,3,0,0,0,0,0
0,0,0,0,0,0,0,0,0,0,0,0,0,0,0,0,0,0,3,0,0,0,0,0,0,0,3,0,0,0,0,0,1,7,0,0,1,0,0,0,1,1,0,0,3,0,0,0,3,5,0,0,0,0,0,0,0,3,0,0,0,0,0,0
0,0,0,0,0,0,0,0,0,0,0,0,3,0,0,0,0,0,0,0,3,0,0,0,0,0,1,7,0,0,1,0,0,1,1,1,0,0,3,0,0,3,3,5,0,0,0,0,0,0,0,3,0,0,0,0,0,0,0,0,0,0,0,0
0,0,0,0,0,0,0,0,0,0,0,3,0,0,0,0,0,0,0,3,0,0,0,0,0,1,7,0,0,1,0,0,1,1,1,0,0,3,0,0,3,3,5,0,0,0,0,0,0,0,3,0,0,0,0,0,0,0,0,0,0,0,0,0
0,0,0,0,0,0,0,0,0,0,3,0,0,0,0,0,0,0,3,0,0,0,0,0,1,7,0,0,1,0,0,0,1,1,0,0,3,0,0,0,3,5,0,0,0,0,0,0,0,3,0,0,0,0,0,0,0,0,0,0,0,0,0,0
0,0,0,0,3,0,0,0,0,0,0,0,3,0,0,0,0,0,1,7,0,0,1,0,0,1,1,1,0,0,3,0,0,3,3,5,0,0,0,0,0,0,0,3,0,0,0,0,0,0,0,0,0,0,0,0,0,0,0,0,0,0,0,0
0,0,0,3,0,0,0,0,0,0,0,3,0,0,0,0,0,1,7,0,0,1,0,0,1,1,1,0,0,3,0,0,3,3,5,0,0,0,0,0,0,0,3,0,0,0,0,0,0,0,0,0,0,0,0,0,0,0,0,0,0,0,0,0
0,0,3,0,0,0,0,0,0,0,3,0,0,0,0,0,1,7,0,0,1,0,0,0,1,1,0,0,3,0,0,0,3,5,0,0,0,0,0,0,0,3,0,0,0,0,0,0,0,0,0,0,0,0,0,0,0,0,0,0,0,0,0,0
0,0,0,0,0,0,0,0,0,0,0,0,0,0,0,0,0,1,0,0,0,0,3,7,0,0,0,0,0,0,6,1,0,7,7,6,12,0,3,0,0,11,0,9,6,6,7,0,0,9,5,7,7,6,5,3,0,3,7,15,14,12,15,12
0,0,0,0,0,0,0,0,0,0,0,0,0,0,0,0,1,0,0,0,0,3,7,0,0,0,0,0,0,6,1,0,7,7,6,12,0,3,0,0,11,0,9,6,6,7,0,0,9,5,7,7,6,5,3,0,3,7,15,14,12,15,12,6
0,0,0,0,0,0,0,0,0,0,0,0,0,0,0,0,0,0,0,0,3,7,0,0,0,0,0,0,6,1,0,0,7,6,12,0,3,0,0,0,0,9,6,6,7,0,0,0,5,7,7,6,5,3,0,0,7,15,14,12,15,12,6,0
0,0,0,0,0,0,0,0,0,1,0,0,0,0,3,7,0,0,0,0,0,0,6,1,0,7,7,6,12,0,3,0,0,11,0,9,6,6,7,0,0,9,5,7,7,6,5,3,0,3,7,15,14,12,15,12,0,7,10,0,7,11,10,13
0,0,0,0,0,0,0,0,1,0,0,0,0,3,7,0,0,0,0,0,0,6,1,0,7,7,6,12,0,3,0,0,11,0,9,6,6,7,0,0,9,5,7,7,6,5,3,0,3,7,15,14,12,15,12,6,7,10,0,7,11,10,13,5
0,0,0,0,0,0,0,0,0,0,0,0,3,7,0,0,0,0,0,0,6,1,0,0,7,6,12,0,3,0,0,0,0,9,6,6,7,0,0,0,5,7,7,6,5,3,0,0,7,15,14,12,15,12,6,0,10,0,7,11,10,13,5,0
0,1,0,0,0,0,3,7,0,0,0,0,0,0,6,1,0,7,7,6,12,0,3,0,0,11,0,9,6,6,7,0,0,9,5,7,7,6,5,3,0,3,7,15,14,12,15,12,0,7,10,0,7,11,10,13,0,0,0,0,0,0,0,0
1,0,0,0,0,3,7,0,0,0,0,0,0,6,1,0,7,7,6,12,0,3,0,0,11,0,9,6,6,7,0,0,9,5,7,7,6,5,3,0,3,7,15,14,12,15,12,6,7,10,0,7,11,10,13,5,0,0,0,0,0,0,0,0
0,0,0,0,3,7,0,0,0,0,0,0,6,1,0,0,7,6,12,0,3,0,0,0,0,9,6,6,7,0,0,0,5,7,7,6,5,3,0,0,7,15,14,12,15,12,6,0,10,0,7,11,10,13,5,0,0,0,0,0,0,0,0,0
0,0,0,0,0,0,0,0,0,6,3,3,1,3,3,0,0,12,7,11,0,3,1,0,0,1,5,3,0,1,5,6,0,0,10,13,9,0,1,5,0,0,1,0,9,3,9,3,0,18,1,0,0,11,6,10,0,6,5,3,3,6,7,6
0,0,0,0,0,0,0,0,6,3,3,1,3,3,0,3,12,7,11,0,3,1,0,9,1,5,3,0,1,5,6,14,0,10,13,9,0,1,5,1,0,1,0,9,3,9,3,3,18,1,0,0,11,6,10,0,6,5,3,3,6,7,6,6
0,0,0,0,0,0,0,0,3,3,1,3,3,0,3,0,7,11,0,3,1,0,9,0,5,3,0,1,5,6,14,0,10,13,9,0,1,5,1,0,1,0,9,3,9,3,3,0,1,0,0,11,6,10,0,0,5,3,3,6,7,6,6,0
0,6,3,3,1,3,3,0,0,12,7,11,0,3,1,0,0,1,5,3,0,1,5,6,0,0,10,13,9,0,1,5,0,0,1,0,9,3,9,3,0,18,1,0,0,11,6,10,0,6,5,3,3,6,7,6,0,5,5,15,9,11,10,11
6,3,3,1,3,3,0,3,12,7,11,0,3,1,0,9,1,5,3,0,1,5,6,14,0,10,13,9,0,1,5,1,0,1,0,9,3,9,3,3,18,1,0,0,11,6,10,0,6,5,3,3,6,7,6,6,5,5,15,9,11,10,11,7
3,3,1,3,3,0,3,0,7,11,0,3,1,0,9,0,5,3,0,1,5,6,14,0,10,13,9,0,1,5,1,0,1,0,9,3,9,3,3,0,1,0,0,11,6,10,0,0,5,3,3,6,7,6,6,0,5,15,9,11,10,11,7,0
0,12,7,11,0,3,1,0,0,1,5,3,0,1,5,6,0,0,10,13,9,0,1,5,0,0,1,0,9,3,9,3,0,18,1,0,0,11,6,10,0,6,5,3,3,6,7,6,0,5,5,15,9,11,10,11,0,0,0,0,0,0,0,0
12,7,11,0,3,1,0,9,1,5,3,0,1,5,6,14,0,10,13,9,0,1,5,1,0,1,0,9,3,9,3,3,18,1,0,0,11,6,10,0,6,5,3,3,6,7,6,6,5,5,15,9,11,10,11,7,0,0,0,0,0,0,0,0
7,11,0,3,1,0,9,0,5,3,0,1,5,6,14,0,10,13,9,0,1,5,1,0,1,0,9,3,9,3,3,0,1,0,0,11,6,10,0,0,5,3,3,6,7,6,6,0,5,15,9,11,10,11,7,0,0,0,0,0,0,0,0,0
0,0,0,0,0,0,0,0,0,0,0,3,3,1,3,3,0,0,0,0,0,0,0,0,0,0,0,0,0,0,0,0,0,6,0,0,7,0,6,0,0,3,0,0,5,0,0,0,0,0,0,1,0,0,0,0,0,0,0,0,0,0,0,0
0,0,0,0,0,0,0,0,0,0,3,3,1,3,3,3,0,0,0,0,0,0,0,0,0,0,0,0,0,0,0,0,6,0,0,7,0,6,0,0,3,0,0,5,0,0,0,0,0,0,1,0,0,0,0,0,0,0,0,0,0,0,0,0
0,0,0,0,0,0,0,0,0,3,3,1,3,3,3,0,0,0,0,0,0,0,0,0,0,0,0,0,0,0,0,0,0,0,7,0,6,0,0,0,0,0,5,0,0,0,0,0,0,1,0,0,0,0,0,0,0,0,0,0,0,0,0,0
0,0,0,3,3,1,3,3,0,0,0,0,0,0,0,0,0,0,0,0,0,0,0,0,0,6,0,0,7,0,6,0,0,3,0,0,5,0,0,0,0,0,0,1,0,0,0,0,0,0,0,0,0,0,0,0,0,0,0,0,0,0,0,0
0,0,3,3,1,3,3,3,0,0,0,0,0,0,0,0,0,0,0,0,0,0,0,0,6,0,0,7,0,6,0,0,3,0,0,5,0,0,0,0,0,0,1,0,0,0,0,0,0,0,0,0,0,0,0,0,0,0,0,0,0,0,0,0
0,3,3,1,3,3,3,0,0,0,0,0,0,0,0,0,0,0,0,0,0,0,0,0,0,0,7,0,6,0,0,0,0,0,5,0,0,0,0,0,0,1,0,0,0,0,0,0,0,0,0,0,0,0,0,0,0,0,0,0,0,0,0,0
0,0,0,0,0,0,0,0,0,0,0,0,0,0,0,0,0,6,0,0,7,0,6,0,0,3,0,0,5,0,0,0,0,0,0,1,0,0,0,0,0,0,0,0,0,0,0,0,0,0,0,0,0,0,0,0,0,0,0,0,0,0,0,0
0,0,0,0,0,0,0,0,0,0,0,0,0,0,0,0,6,0,0,7,0,6,0,0,3,0,0,5,0,0,0,0,0,0,1,0,0,0,0,0,0,0,0,0,0,0,0,0,0,0,0,0,0,0,0,0,0,0,0,0,0,0,0,0
0,0,0,0,0,0,0,0,0,0,0,0,0,0,0,0,0,0,7,0,6,0,0,0,0,0,5,0,0,0,0,0,0,1,0,0,0,0,0,0,0,0,0,0,0,0,0,0,0,0,0,0,0,0,0,0,0,0,0,0,0,0,0,0
0,0,0,0,0,0,0,0,0,7,5,5,3,3,6,7,0,6,7,7,0,10,0,3,0,1,1,7,0,6,3,7,0,0,0,0,0,0,0,6,0,0,0,11,0,5,0,14,0,0,0,0,7,0,15,10,0,5,7,0,15,12,7,0
0,0,0,0,0,0,0,0,7,5,5,3,3,6,7,5,6,7,7,0,10,0,3,12,1,1,7,0,6,3,7,13,0,0,0,0,0,0,6,12,0,0,11,0,5,0,14,7,0,0,0,7,0,15,10,3,5,7,0,15,12,7,0,1
0,0,0,0,0,0,0,0,5,5,3,3,6,7,5,0,7,7,0,10,0,3,12,0,1,7,0,6,3,7,13,0,0,0,0,0,0,6,12,0,0,11,0,5,0,14,7,0,0,0,7,0,15,10,3,0,7,0,15,12,7,0,1,0
0,7,5,5,3,3,6,7,0,6,7,7,0,10,0,3,0,1,1,7,0,6,3,7,0,0,0,0,0,0,0,6,0,0,0,11,0,5,0,14,0,0,0,0,7,0,15,10,0,5,7,0,15,12,7,0,0,0,1,0,6,3,0,3
7,5,5,3,3,6,7,5,6,7,7,0,10,0,3,12,1,1,7,0,6,3,7,13,0,0,0,0,0,0,6,12,0,0,11,0,5,0,14,7,0,0,0,7,0,15,10,3,5,7,0,15,12,7,0,1,0,1,0,6,3,0,3,0
5,5,3,3,6,7,5,0,7,7,0,10,0,3,12,0,1,7,0,6,3,7,13,0,0,0,0,0,0,6,12,0,0,11,0,5,0,14,7,0,0,0,7,0,15,10,3,0,7,0,15,12,7,0,1,0,1,0,6,3,0,3,0,0
0,6,7,7,0,10,0,3,0,1,1,7,0,6,3,7,0,0,0,0,0,0,0,6,0,0,0,11,0,5,0,14,0,0,0,0,7,0,15,10,0,5,7,0,15,12,7,0,0,0,1,0,6,3,0,3,0,0,0,0,0,0,0,0
6,7,7,0,10,0,3,12,1,1,7,0,6,3,7,13,0,0,0,0,0,0,6,12,0,0,11,0,5,0,14,7,0,0,0,7,0,15,10,3,5,7,0,15,12,7,0,1,0,1,0,6,3,0,3,0,0,0,0,0,0,0,0,0
7,7,0,10,0,3,12,0,1,7,0,6,3,7,13,0,0,0,0,0,0,6,12,0,0,11,0,5,0,14,7,0,0,0,7,0,15,10,3,0,7,0,15,12,7,0,1,0,1,0,6,3,0,3,0,0,0,0,0,0,0,0,0,0
0,0,0,0,0,0,0,0,0,0,0,0,0,0,0,0,0,1,3,0,0,3,0,0,0,0,0,0,0,0,0,0,0,3,0,0,0,0,0,0,0,7,0,0,12,0,1,0,0,7,0,0,0,7,0,0,0,6,6,0,0,0,0,0
0,0,0,0,0,0,0,0,0,0,0,0,0,0,0,0,1,3,0,0,3,0,0,3,0,0,0,0,0,0,0,0,3,0,0,0,0,0,0,0,7,0,0,12,0,1,0,3,7,0,0,0,7,0,0,0,6,6,0,0,0,0,0,0
0,0,0,0,0,0,0,0,0,0,0,0,0,0,0,0,3,0,0,3,0,0,3,0,0,0,0,0,0,0,0,0,0,0,0,0,0,0,0,0,0,0,12,0,1,0,3,0,0,0,0,7,0,0,0,0,6,0,0,0,0,0,0,0
0,0,0,0,0,0,0,0,0,1,3,0,0,3,0,0,0,0,0,0,0,0,0,0,0,3,0,0,0,0,0,0,0,7,0,0,12,0,1,0,0,7,0,0,0,7,0,0,0,6,6,0,0,0,0,0,0,11,0,5,0,0,0,0
0,0,0,0,0,0,0,0,1,3,0,0,3,0,0,3,0,0,0,0,0,0,0,0,3,0,0,0,0,0,0,0,7,0,0,12,0,1,0,3,7,0,0,0,7,0,0,0,6,6,0,0,0,0,0,0,11,0,5,0,0,0,0,0
0,0,0,0,0,0,0,0,3,0,0,3,0,0,3,0,0,0,0,0,0,0,0,0,0,0,0,0,0,0,0,0,0,0,12,0,1,0,3,0,0,0,0,7,0,0,0,0,6,0,0,0,0,0,0,0,0,5,0,0,0,0,0,0
0,1,3,0,0,3,0,0,0,0,0,0,0,0,0,0,0,3,0,0,0,0,0,0,0,7,0,0,12,0,1,0,0,7,0,0,0,7,0,0,0,6,6,0,0,0,0,0,0,11,0,5,0,0,0,0,0,0,0,0,0,0,0,0
1,3,0,0,3,0,0,3,0,0,0,0,0,0,0,0,3,0,0,0,0,0,0,0,7,0,0,12,0,1,0,3,7,0,0,0,7,0,0,0,6,6,0,0,0,0,0,0,11,0,5,0,0,0,0,0,0,0,0,0,0,0,0,0
3,0,0,3,0,0,3,0,0,0,0,0,0,0,0,0,0,0,0,0,0,0,0,0,0,0,12,0,1,0,3,0,0,0,0,7,0,0,0,0,6,0,0,0,0,0,0,0,0,5,0,0,0,0,0,0,0,0,0,0,0,0,0,0
0,0,0,0,0,0,0,0,0,1,0,0,0,0,1,1,0,0,0,0,0,0,0,0,0,0,0,0,0,0,0,0,0,0,0,0,0,0,0,0,0,0,0,0,0,0,0,0,0,0,0,0,0,0,0,0,0,0,0,0,0,0,0,0
0,0,0,0,0,0,0,0,1,0,0,0,0,1,1,0,0,0,0,0,0,0,0,0,0,0,0,0,0,0,0,0,0,0,0,0,0,0,0,0,0,0,0,0,0,0,0,0,0,0,0,0,0,0,0,0,0,0,0,0,0,0,0,0
0,0,0,0,0,0,0,0,0,0,0,0,1,1,0,0,0,0,0,0,0,0,0,0,0,0,0,0,0,0,0,0,0,0,0,0,0,0,0,0,0,0,0,0,0,0,0,0,0,0,0,0,0,0,0,0,0,0,0,0,0,0,0,0
0,1,0,0,0,0,1,1,0,0,0,0,0,0,0,0,0,0,0,0,0,0,0,0,0,0,0,0,0,0,0,0,0,0,0,0,0,0,0,0,0,0,0,0,0,0,0,0,0,0,0,0,0,0,0,0,0,1,0,0,0,0,0,0
1,0,0,0,0,1,1,0,0,0,0,0,0,0,0,0,0,0,0,0,0,0,0,0,0,0,0,0,0,0,0,0,0,0,0,0,0,0,0,0,0,0,0,0,0,0,0,0,0,0,0,0,0,0,0,0,1,0,0,0,0,0,0,0
0,0,0,0,1,1,0,0,0,0,0,0,0,0,0,0,0,0,0,0,0,0,0,0,0,0,0,0,0,0,0,0,0,0,0,0,0,0,0,0,0,0,0,0,0,0,0,0,0,0,0,0,0,0,0,0,0,0,0,0,0,0,0,0
0,0,0,0,0,0,0,0,0,0,0,0,0,0,0,0,0,0,0,0,0,0,0,0,0,0,0,0,0,0,0,0,0,0,0,0,0,0,0,0,0,0,0,0,0,0,0,0,0,1,0,0,0,0,0,0,0,0,0,0,0,0,0,0
0,0,0,0,0,0,0,0,0,0,0,0,0,0,0,0,0,0,0,0,0,0,0,0,0,0,0,0,0,0,0,0,0,0,0,0,0,0,0,0,0,0,0,0,0,0,0,0,1,0,0,0,0,0,0,0,0,0,0,0,0,0,0,0
0,0,0,0,0,0,0,0,0,0,0,0,0,0,0,0,0,0,0,0,0,0,0,0,0,0,0,0,0,0,0,0,0,0,0,0,0,0,0,0,0,0,0,0,0,0,0,0,0,0,0,0,0,0,0,0,0,0,0,0,0,0,0,0
0,0,0,0,0,0,0,0,0,0,0,0,0,0,0,0,0,6,0,0,0,5,0,10,0,0,0,0,0,12,3,9,0,0,0,0,0,5,0,9,0,0,0,0,0,5,1,7,0,0,0,0,0,0,9,10,0,0,0,0,10,9,9,5
0,0,0,0,0,0,0,0,0,0,0,0,0,0,0,0,6,0,0,0,5,0,10,11,0,0,0,0,12,3,9,12,0,0,0,0,5,0,9,12,0,0,0,0,5,1,7,5,0,0,0,0,0,9,10,5,0,0,0,10,9,9,5,1
0,0,0,0,0,0,0,0,0,0,0,0,0,0,0,0,0,0,0,5,0,10,11,0,0,0,0,12,3,9,12,0,0,0,0,5,0,9,12,0,0,0,0,5,1,7,5,0,0,0,0,0,9,10,5,0,0,0,10,9,9,5,1,0
0,0,0,0,0,0,0,0,0,6,0,0,0,5,0,10,0,0,0,0,0,12,3,9,0,0,0,0,0,5,0,9,0,0,0,0,0,5,1,7,0,0,0,0,0,0,9,10,0,0,0,0,10,9,9,5,0,0,6,0,11,10,9,3
0,0,0,0,0,0,0,0,6,0,0,0,5,0,10,11,0,0,0,0,12,3,9,12,0,0,0,0,5,0,9,12,0,0,0,0,5,1,7,5,0,0,0,0,0,9,10,5,0,0,0,10,9,9,5,1,0,6,0,11,10,9,3,3
0,0,0,0,0,0,0,0,0,0,0,5,0,10,11,0,0,0,0,12,3,9,12,0,0,0,0,5,0,9,12,0,0,0,0,5,1,7,5,0,0,0,0,0,9,10,5,0,0,0,10,9,9,5,1,0,6,0,11,10,9,3,3,0
0,6,0,0,0,5,0,10,0,0,0,0,0,12,3,9,0,0,0,0,0,5,0,9,0,0,0,0,0,5,1,7,0,0,0,0,0,0,9,10,0,0,0,0,10,9,9,5,0,0,6,0,11,10,9,3,0,0,0,0,0,0,0,0
6,0,0,0,5,0,10,11,0,0,0,0,12,3,9,12,0,0,0,0,5,0,9,12,0,0,0,0,5,1,7,5,0,0,0,0,0,9,10,5,0,0,0,10,9,9,5,1,0,6,0,11,10,9,3,3,0,0,0,0,0,0,0,0
0,0,0,5,0,10,11,0,0,0,0,12,3,9,12,0,0,0,0,5,0,9,12,0,0,0,0,5,1,7,5,0,0,0,0,0,9,10,5,0,0,0,10,9,9,5,1,0,6,0,11,10,9,3,3,0,0,0,0,0,0,0,0,0
0,0,0,0,0,0,0,0,0,6,5,3,3,1,3,3,0,5,14,15,3,11,7,5,0,0,7,3,7,9,1,5,0,1,0,5,0,5,3,5,0,0,0,7,0,7,3,6,0,0,0,0,9,0,7,15,0,7,7,0,7,7,17,9
0,0,0,0,0,0,0,0,6,5,3,3,1,3,3,3,5,14,15,3,11,7,5,12,0,7,3,7,9,1,5,10,1,0,5,0,5,3,5,5,0,0,7,0,7,3,6,7,0,0,0,9,0,7,15,6,7,7,0,7,7,17,9,3
0,0,0,0,0,0,0,0,5,3,3,1,3,3,3,0,14,15,3,11,7,5,12,0,7,3,7,9,1,5,10,0,0,5,0,5,3,5,5,0,0,7,0,7,3,6,7,0,0,0,9,0,7,15,6,0,7,0,7,7,17,9,3,0
0,6,5,3,3,1,3,3,0,5,14,15,3,11,7,5,0,0,7,3,7,9,1,5,0,1,0,5,0,5,3,5,0,0,0,7,0,7,3,6,0,0,0,0,9,0,7,15,0,7,7,0,7,7,17,9,0,7,12,13,9,14,7,11
6,5,3,3,1,3,3,3,5,14,15,3,11,7,5,12,0,7,3,7,9,1,5,10,1,0,5,0,5,3,5,5,0,0,7,0,7,3,6,7,0,0,0,9,0,7,15,6,7,7,0,7,7,17,9,3,7,12,13,9,14,7,11,3
5,3,3,1,3,3,3,0,14,15,3,11,7,5,12,0,7,3,7,9,1,5,10,0,0,5,0,5,3,5,5,0,0,7,0,7,3,6,7,0,0,0,9,0,7,15,6,0,7,0,7,7,17,9,3,0,12,13,9,14,7,11,3,0
0,5,14,15,3,11,7,5,0,0,7,3,7,9,1,5,0,1,0,5,0,5,3,5,0,0,0,7,0,7,3,6,0,0,0,0,9,0,7,15,0,7,7,0,7,7,17,9,0,7,12,13,9,14,7,11,0,0,0,0,0,0,0,0
5,14,15,3,11,7,5,12,0,7,3,7,9,1,5,10,1,0,5,0,5,3,5,5,0,0,7,0,7,3,6,7,0,0,0,9,0,7,15,6,7,7,0,7,7,17,9,3,7,12,13,9,14,7,11,3,0,0,0,0,0,0,0,0
14,15,3,11,7,5,12,0,7,3,7,9,1,5,10,0,0,5,0,5,3,5,5,0,0,7,0,7,3,6,7,0,0,0,9,0,7,15,6,0,7,0,7,7,17,9,3,0,12,13,9,14,7,11,3,0,0,0,0,0,0,0,0,0
0,0,0,0,0,0,0,0,0,0,0,0,0,0,3,3,0,0,0,0,0,0,0,0,0,0,9,0,0,0,1,0,0,15,7,1,9,0,11,0,0,1,15,5,3,3,0,0,0,0,3,1,3,7,0,0,0,0,5,0,0,0,0,0
0,0,0,0,0,0,0,0,0,0,0,0,0,3,3,3,0,0,0,0,0,0,0,0,0,9,0,0,0,1,0,0,15,7,1,9,0,11,0,1,1,15,5,3,3,0,0,0,0,3,1,3,7,0,0,0,0,5,0,0,0,0,0,0
0,0,0,0,0,0,0,0,0,0,0,0,3,3,3,0,0,0,0,0,0,0,0,0,9,0,0,0,1,0,0,0,7,1,9,0,11,0,1,0,15,5,3,3,0,0,0,0,3,1,3,7,0,0,0,0,5,0,0,0,0,0,0,0
0,0,0,0,0,0,3,3,0,0,0,0,0,0,0,0,0,0,9,0,0,0,1,0,0,15,7,1,9,0,11,0,0,1,15,5,3,3,0,0,0,0,3,1,3,7,0,0,0,0,5,0,0,0,0,0,0,0,0,3,0,0,0,0
0,0,0,0,0,3,3,3,0,0,0,0,0,0,0,0,0,9,0,0,0,1,0,0,15,7,1,9,0,11,0,1,1,15,5,3,3,0,0,0,0,3,1,3,7,0,0,0,0,5,0,0,0,0,0,0,0,0,3,0,0,0,0,0
0,0,0,0,3,3,3,0,0,0,0,0,0,0,0,0,9,0,0,0,1,0,0,0,7,1,9,0,11,0,1,0,15,5,3,3,0,0,0,0,3,1,3,7,0,0,0,0,5,0,0,0,0,0,0,0,0,3,0,0,0,0,0,0
0,0,0,0,0,0,0,0,0,0,9,0,0,0,1,0,0,15,7,1,9,0,11,0,0,1,15,5,3,3,0,0,0,0,3,1,3,7,0,0,0,0,5,0,0,0,0,0,0,0,0,3,0,0,0,0,0,0,0,0,0,0,0,0
0,0,0,0,0,0,0,0,0,9,0,0,0,1,0,0,15,7,1,9,0,11,0,1,1,15,5,3,3,0,0,0,0,3,1,3,7,0,0,0,0,5,0,0,0,0,0,0,0,0,3,0,0,0,0,0,0,0,0,0,0,0,0,0
0,0,0,0,0,0,0,0,9,0,0,0,1,0,0,0,7,1,9,0,11,0,1,0,15,5,3,3,0,0,0,0,3,1,3,7,0,0,0,0,5,0,0,0,0,0,0,0,0,3,0,0,0,0,0,0,0,0,0,0,0,0,0,0
0,0,0,0,0,0,0,0,0,3,0,0,0,0,0,0,0,0,0,0,0,0,0,0,0,0,1,0,1,0,0,0,0,0,0,0,3,0,7,0,0,1,0,3,0,0,0,0,0,0,0,1,0,0,0,0,0,0,0,0,0,0,0,0
0,0,0,0,0,0,0,0,3,0,0,0,0,0,0,0,0,0,0,0,0,0,0,0,0,1,0,1,0,0,0,0,0,0,0,3,0,7,0,0,1,0,3,0,0,0,0,0,0,0,1,0,0,0,0,0,0,0,0,0,0,0,0,0
0,0,0,0,0,0,0,0,0,0,0,0,0,0,0,0,0,0,0,0,0,0,0,0,1,0,1,0,0,0,0,0,0,0,3,0,7,0,0,0,0,3,0,0,0,0,0,0,0,1,0,0,0,0,0,0,0,0,0,0,0,0,0,0
0,3,0,0,0,0,0,0,0,0,0,0,0,0,0,0,0,0,1,0,1,0,0,0,0,0,0,0,3,0,7,0,0,1,0,3,0,0,0,0,0,0,0,1,0,0,0,0,0,0,0,0,0,0,0,0,0,0,0,0,0,0,0,0
3,0,0,0,0,0,0,0,0,0,0,0,0,0,0,0,0,1,0,1,0,0,0,0,0,0,0,3,0,7,0,0,1,0,3,0,0,0,0,0,0,0,1,0,0,0,0,0,0,0,0,0,0,0,0,0,0,0,0,0,0,0,0,0
0,0,0,0,0,0,0,0,0,0,0,0,0,0,0,0,1,0,1,0,0,0,0,0,0,0,3,0,7,0,0,0,0,3,0,0,0,0,0,0,0,1,0,0,0,0,0,0,0,0,0,0,0,0,0,0,0,0,0,0,0,0,0,0
0,0,0,0,0,0,0,0,0,0,1,0,1,0,0,0,0,0,0,0,3,0,7,0,0,1,0,3,0,0,0,0,0,0,0,1,0,0,0,0,0,0,0,0,0,0,0,0,0,0,0,0,0,0,0,0,0,0,0,0,0,0,0,0
0,0,0,0,0,0,0,0,0,1,0,1,0,0,0,0,0,0,0,3,0,7,0,0,1,0,3,0,0,0,0,0,0,0,1,0,0,0,0,0,0,0,0,0,0,0,0,0,0,0,0,0,0,0,0,0,0,0,0,0,0,0,0,0
0,0,0,0,0,0,0,0,1,0,1,0,0,0,0,0,0,0,3,0,7,0,0,0,0,3,0,0,0,0,0,0,0,1,0,0,0,0,0,0,0,0,0,0,0,0,0,0,0,0,0,0,0,0,0,0,0,0,0,0,0,0,0,0
0,0,0,0,0,0,0,0,0,3,3,3,5,3,1,0,0,12,5,7,0,3,0,0,0,9,5,1,0,0,0,1,0,0,0,5,7,0,0,0,0,1,0,0,13,3,6,0,0,11,3,9,0,3,7,0,0,0,6,0,0,0,0,0
0,0,0,0,0,0,0,0,3,3,3,5,3,1,0,0,12,5,7,0,3,0,0,1,9,5,1,0,0,0,1,0,0,0,5,7,0,0,0,0,1,0,0,13,3,6,0,1,11,3,9,0,3,7,0,0,0,6,0,0,0,0,0,0
0,0,0,0,0,0,0,0,3,3,5,3,1,0,0,0,5,7,0,3,0,0,1,0,5,1,0,0,0,1,0,0,0,5,7,0,0,0,0,0,0,0,13,3,6,0,1,0,3,9,0,3,7,0,0,0,6,0,0,0,0,0,0,0
0,3,3,3,5,3,1,0,0,12,5,7,0,3,0,0,0,9,5,1,0,0,0,1,0,0,0,5,7,0,0,0,0,1,0,0,13,3,6,0,0,11,3,9,0,3,7,0,0,0,6,0,0,0,0,0,0,1,0,9,0,0,0,0
3,3,3,5,3,1,0,0,12,5,7,0,3,0,0,1,9,5,1,0,0,0,1,0,0,0,5,7,0,0,0,0,1,0,0,13,3,6,0,1,11,3,9,0,3,7,0,0,0,6,0,0,0,0,0,0,1,0,9,0,0,0,0,0
3,3,5,3,1,0,0,0,5,7,0,3,0,0,1,0,5,1,0,0,0,1,0,0,0,5,7,0,0,0,0,0,0,0,13,3,6,0,1,0,3,9,0,3,7,0,0,0,6,0,0,0,0,0,0,0,0,9,0,0,0,0,0,0
0,12,5,7,0,3,0,0,0,9,5,1,0,0,0,1,0,0,0,5,7,0,0,0,0,1,0,0,13,3,6,0,0,11,3,9,0,3,7,0,0,0,6,0,0,0,0,0,0,1,0,9,0,0,0,0,0,0,0,0,0,0,0,0
12,5,7,0,3,0,0,1,9,5,1,0,0,0,1,0,0,0,5,7,0,0,0,0,1,0,0,13,3,6,0,1,11,3,9,0,3,7,0,0,0,6,0,0,0,0,0,0,1,0,9,0,0,0,0,0,0,0,0,0,0,0,0,0
5,7,0,3,0,0,1,0,5,1,0,0,0,1,0,0,0,5,7,0,0,0,0,0,0,0,13,3,6,0,1,0,3,9,0,3,7,0,0,0,6,0,0,0,0,0,0,0,0,9,0,0,0,0,0,0,0,0,0,0,0,0,0,0
0,0,0,0,0,0,0,0,0,0,0,0,0,0,0,0,0,0,0,0,0,0,0,0,0,0,0,0,6,0,0,0,0,0,0,0,0,0,0,0,0,0,0,0,0,0,0,0,0,0,0,0,0,0,0,0,0,9,0,0,0,0,0,0
0,0,0,0,0,0,0,0,0,0,0,0,0,0,0,0,0,0,0,0,0,0,0,0,0,0,0,6,0,0,0,0,0,0,0,0,0,0,0,0,0,0,0,0,0,0,0,0,0,0,0,0,0,0,0,0,9,0,0,0,0,0,0,0
0,0,0,0,0,0,0,0,0,0,0,0,0,0,0,0,0,0,0,0,0,0,0,0,0,0,6,0,0,0,0,0,0,0,0,0,0,0,0,0,0,0,0,0,0,0,0,0,0,0,0,0,0,0,0,0,0,0,0,0,0,0,0,0
0,0,0,0,0,0,0,0,0,0,0,0,0,0,0,0,0,0,0,0,6,0,0,0,0,0,0,0,0,0,0,0,0,0,0,0,0,0,0,0,0,0,0,0,0,0,0,0,0,9,0,0,0,0,0,0,0,14,0,3,0,0,0,0
0,0,0,0,0,0,0,0,0,0,0,0,0,0,0,0,0,0,0,6,0,0,0,0,0,0,0,0,0,0,0,0,0,0,0,0,0,0,0,0,0,0,0,0,0,0,0,0,9,0,0,0,0,0,0,0,14,0,3,0,0,0,0,0
0,0,0,0,0,0,0,0,0,0,0,0,0,0,0,0,0,0,6,0,0,0,0,0,0,0,0,0,0,0,0,0,0,0,0,0,0,0,0,0,0,0,0,0,0,0,0,0,0,0,0,0,0,0,0,0,0,3,0,0,0,0,0,0
0,0,0,0,0,0,0,0,0,0,0,0,6,0,0,0,0,0,0,0,0,0,0,0,0,0,0,0,0,0,0,0,0,0,0,0,0,0,0,0,0,9,0,0,0,0,0,0,0,14,0,3,0,0,0,0,0,0,0,0,0,0,0,0
0,0,0,0,0,0,0,0,0,0,0,6,0,0,0,0,0,0,0,0,0,0,0,0,0,0,0,0,0,0,0,0,0,0,0,0,0,0,0,0,9,0,0,0,0,0,0,0,14,0,3,0,0,0,0,0,0,0,0,0,0,0,0,0
0,0,0,0,0,0,0,0,0,0,6,0,0,0,0,0,0,0,0,0,0,0,0,0,0,0,0,0,0,0,0,0,0,0,0,0,0,0,0,0,0,0,0,0,0,0,0,0,0,3,0,0,0,0,0,0,0,0,0,0,0,0,0,0
0,0,0,0,0,0,0,0,0,0,0,0,0,0,0,0,0,0,0,0,0,0,0,0,0,0,0,0,0,0,0,0,0,0,0,0,0,0,0,0,0,0,0,0,0,0,0,0,0,0,0,0,0,0,0,0,0,0,0,0,0,0,0,0
0,0,0,0,0,0,0,0,0,0,0,0,0,0,0,0,0,0,0,0,0,0,0,0,0,0,0,0,0,0,0,0,0,0,0,0,0,0,0,0,0,0,0,0,0,0,0,0,0,0,0,0,0,0,0,0,0,0,0,0,0,0,0,0
0,0,0,0,0,0,0,0,0,0,0,0,0,0,0,0,0,0,0,0,0,0,0,0,0,0,0,0,0,0,0,0,0,0,0,0,0,0,0,0,0,0,0,0,0,0,0,0,0,0,0,0,0,0,0,0,0,0,0,0,0,0,0,0
0,0,0,0,0,0,0,0,0,0,0,0,0,0,0,0,0,0,0,0,0,0,0,0,0,0,0,0,0,0,0,0,0,0,0,0,0,0,0,0,0,0,0,0,0,0,0,0,0,0,0,0,0,0,0,0,0,0,0,0,0,0,0,0
0,0,0,0,0,0,0,0,0,0,0,0,0,0,0,0,0,0,0,0,0,0,0,0,0,0,0,0,0,0,0,0,0,0,0,0,0,0,0,0,0,0,0,0,0,0,0,0,0,0,0,0,0,0,0,0,0,0,0,0,0,0,0,0
0,0,0,0,0,0,0,0,0,0,0,0,0,0,0,0,0,0,0,0,0,0,0,0,0,0,0,0,0,0,0,0,0,0,0,0,0,0,0,0,0,0,0,0,0,0,0,0,0,0,0,0,0,0,0,0,0,0,0,0,0,0,0,0
0,0,0,0,0,0,0,0,0,0,0,0,0,0,0,0,0,0,0,0,0,0,0,0,0,0,0,0,0,0,0,0,0,0,0,0,0,0,0,0,0,0,0,0,0,0,0,0,0,0,0,0,0,0,0,0,0,0,0,0,0,0,0,0
0,0,0,0,0,0,0,0,0,0,0,0,0,0,0,0,0,0,0,0,0,0,0,0,0,0,0,0,0,0,0,0,0,0,0,0,0,0,0,0,0,0,0,0,0,0,0,0,0,0,0,0,0,0,0,0,0,0,0,0,0,0,0,0
0,0,0,0,0,0,0,0,0,0,0,0,0,0,0,0,0,0,0,0,0,0,0,0,0,0,0,0,0,0,0,0,0,0,0,0,0,0,0,0,0,0,0,0,0,0,0,0,0,0,0,0,0,0,0,0,0,0,0,0,0,0,0,0
0,0,0,0,0,0,0,0,0,23,18,18,18,19,15,18,0,17,12,12,13,10,1,7,0,7,7,12,7,0,0,9,0,11,20,3,17,0,14,11,0,18,12,7,11,6,7,13,0,11,15,22,7,6,0,0,0,1,14,34,10,11,0,0
0,0,0,0,0,0,0,0,23,18,18,18,19,15,18,20,17,12,12,13,10,1,7,5,7,7,12,7,0,0,9,7,11,20,3,17,0,14,11,0,18,12,7,11,6,7,13,3,11,15,22,7,6,0,0,0,1,14,34,10,11,0,0,3
0,0,0,0,0,0,0,0,18,18,18,19,15,18,20,0,12,12,13,10,1,7,5,0,7,12,7,0,0,9,7,0,20,3,17,0,14,11,0,0,12,7,11,6,7,13,3,0,15,22,7,6,0,0,0,0,14,34,10,11,0,0,3,0
0,23,18,18,18,19,15,18,0,17,12,12,13,10,1,7,0,7,7,12,7,0,0,9,0,11,20,3,17,0,14,11,0,18,12,7,11,6,7,13,0,11,15,22,7,6,0,0,0,1,14,34,10,11,0,0,0,0,7,0,0,0,0,0
23,18,18,18,19,15,18,20,17,12,12,13,10,1,7,5,7,7,12,7,0,0,9,7,11,20,3,17,0,14,11,0,18,12,7,11,6,7,13,3,11,15,22,7,6,0,0,0,1,14,34,10,11,0,0,3,0,7,0,0,0,0,0,1
18,18,18,19,15,18,20,0,12,12,13,10,1,7,5,0,7,12,7,0,0,9,7,0,20,3,17,0,14,11,0,0,12,7,11,6,7,13,3,0,15,22,7,6,0,0,0,0,14,34,10,11,0,0,3,0,7,0,0,0,0,0,1,0
0,17,12,12,13,10,1,7,0,7,7,12,7,0,0,9,0,11,20,3,17,0,14,11,0,18,12,7,11,6,7,13,0,11,15,22,7,6,0,0,0,1,14,34,10,11,0,0,0,0,7,0,0,0,0,0,0,0,0,0,0,0,0,0
17,12,12,13,10,1,7,5,7,7,12,7,0,0,9,7,11,20,3,17,0,14,11,0,18,12,7,11,6,7,13,3,11,15,22,7,6,0,0,0,1,14,34,10,11,0,0,3,0,7,0,0,0,0,0,1,0,0,0,0,0,0,0,0
12,12,13,10,1,7,5,0,7,12,7,0,0,9,7,0,20,3,17,0,14,11,0,0,12,7,11,6,7,13,3,0,15,22,7,6,0,0,0,0,14,34,10,11,0,0,3,0,7,0,0,0,0,0,1,0,0,0,0,0,0,0,0,0
0,0,0,0,0,0,0,0,0,9,7,3,3,5,0,0,0,0,3,6,0,0,0,0,0,0,6,0,0,0,1,0,0,0,0,0,0,0,0,0,0,0,0,0,0,0,0,0,0,3,0,0,0,0,0,3,0,0,0,0,0,0,0,0
0,0,0,0,0,0,0,0,9,7,3,3,5,0,0,0,0,3,6,0,0,0,0,3,0,6,0,0,0,1,0,1,0,0,0,0,0,0,0,0,0,0,0,0,0,0,0,0,3,0,0,0,0,0,3,0,0,0,0,0,0,0,0,0
0,0,0,0,0,0,0,0,7,3,3,5,0,0,0,0,3,6,0,0,0,0,3,0,6,0,0,0,1,0,1,0,0,0,0,0,0,0,0,0,0,0,0,0,0,0,0,0,0,0,0,0,0,3,0,0,0,0,0,0,0,0,0,0
0,9,7,3,3,5,0,0,0,0,3,6,0,0,0,0,0,0,6,0,0,0,1,0,0,0,0,0,0,0,0,0,0,0,0,0,0,0,0,0,0,3,0,0,0,0,0,3,0,0,0,0,0,0,0,0,0,0,0,0,0,0,0,0
9,7,3,3,5,0,0,0,0,3,6,0,0,0,0,3,0,6,0,0,0,1,0,1,0,0,0,0,0,0,0,0,0,0,0,0,0,0,0,0,3,0,0,0,0,0,3,0,0,0,0,0,0,0,0,0,0,0,0,0,0,0,0,0
7,3,3,5,0,0,0,0,3,6,0,0,0,0,3,0,6,0,0,0,1,0,1,0,0,0,0,0,0,0,0,0,0,0,0,0,0,0,0,0,0,0,0,0,0,3,0,0,0,0,0,0,0,0,0,0,0,0,0,0,0,0,0,0
0,0,3,6,0,0,0,0,0,0,6,0,0,0,1,0,0,0,0,0,0,0,0,0,0,0,0,0,0,0,0,0,0,3,0,0,0,0,0,3,0,0,0,0,0,0,0,0,0,0,0,0,0,0,0,0,0,0,0,0,0,0,0,0
0,3,6,0,0,0,0,3,0,6,0,0,0,1,0,1,0,0,0,0,0,0,0,0,0,0,0,0,0,0,0,0,3,0,0,0,0,0,3,0,0,0,0,0,0,0,0,0,0,0,0,0,0,0,0,0,0,0,0,0,0,0,0,0
3,6,0,0,0,0,3,0,6,0,0,0,1,0,1,0,0,0,0,0,0,0,0,0,0,0,0,0,0,0,0,0,0,0,0,0,0,3,0,0,0,0,0,0,0,0,0,0,0,0,0,0,0,0,0,0,0,0,0,0,0,0,0,0
0,0,0,0,0,0,0,0,0,3,0,0,0,0,0,0,0,0,0,0,1,0,0,0,0,0,0,0,0,0,0,0,0,3,0,0,0,0,0,0,0,0,0,0,0,0,0,0,0,0,0,0,0,0,0,0,0,0,0,0,0,0,0,0
0,0,0,0,0,0,0,0,3,0,0,0,0,0,0,0,0,0,0,1,0,0,0,0,0,0,0,0,0,0,0,0,3,0,0,0,0,0,0,0,0,0,0,0,0,0,0,0,0,0,0,0,0,0,0,0,0,0,0,0,0,0,0,0
0,0,0,0,0,0,0,0,0,0,0,0,0,0,0,0,0,0,1,0,0,0,0,0,0,0,0,0,0,0,0,0,0,0,0,0,0,0,0,0,0,0,0,0,0,0,0,0,0,0,0,0,0,0,0,0,0,0,0,0,0,0,0,0
0,3,0,0,0,0,0,0,0,0,0,0,1,0,0,0,0,0,0,0,0,0,0,0,0,3,0,0,0,0,0,0,0,0,0,0,0,0,0,0,0,0,0,0,0,0,0,0,0,0,0,0,0,0,0,0,0,0,0,0,0,0,0,0
3,0,0,0,0,0,0,0,0,0,0,1,0,0,0,0,0,0,0,0,0,0,0,0,3,0,0,0,0,0,0,0,0,0,0,0,0,0,0,0,0,0,0,0,0,0,0,0,0,0,0,0,0,0,0,0,0,0,0,0,0,0,0,0
0,0,0,0,0,0,0,0,0,0,1,0,0,0,0,0,0,0,0,0,0,0,0,0,0,0,0,0,0,0,0,0,0,0,0,0,0,0,0,0,0,0,0,0,0,0,0,0,0,0,0,0,0,0,0,0,0,0,0,0,0,0,0,0
0,0,0,0,1,0,0,0,0,0,0,0,0,0,0,0,0,3,0,0,0,0,0,0,0,0,0,0,0,0,0,0,0,0,0,0,0,0,0,0,0,0,0,0,0,0,0,0,0,0,0,0,0,0,0,0,0,0,0,0,0,0,0,0
0,0,0,1,0,0,0,0,0,0,0,0,0,0,0,0,3,0,0,0,0,0,0,0,0,0,0,0,0,0,0,0,0,0,0,0,0,0,0,0,0,0,0,0,0,0,0,0,0,0,0,0,0,0,0,0,0,0,0,0,0,0,0,0
0,0,1,0,0,0,0,0,0,0,0,0,0,0,0,0,0,0,0,0,0,0,0,0,0,0,0,0,0,0,0,0,0,0,0,0,0,0,0,0,0,0,0,0,0,0,0,0,0,0,0,0,0,0,0,0,0,0,0,0,0,0,0,0
0,0,0,0,0,0,0,0,0,3,7,10,12,13,7,9,0,3,0,6,17,10,1,1,0,12,7,12,9,3,6,7,0,23,13,1,15,1,13,7,0,15,19,3,26,7,3,3,0,6,20,20,13,18,10,0,0,13,7,40,7,0,0,0
0,0,0,0,0,0,0,0,3,7,10,12,13,7,9,9,3,0,6,17,10,1,1,3,12,7,12,9,3,6,7,0,23,13,1,15,1,13,7,5,15,19,3,26,7,3,3,3,6,20,20,13,18,10,0,5,13,7,40,7,0,0,0,0
0,0,0,0,0,0,0,0,7,10,12,13,7,9,9,0,0,6,17,10,1,1,3,0,7,12,9,3,6,7,0,0,13,1,15,1,13,7,5,0,19,3,26,7,3,3,3,0,20,20,13,18,10,0,5,0,7,40,7,0,0,0,0,0
0,3,7,10,12,13,7,9,0,3,0,6,17,10,1,1,0,12,7,12,9,3,6,7,0,23,13,1,15,1,13,7,0,15,19,3,26,7,3,3,0,6,20,20,13,18,10,0,0,13,7,40,7,0,0,0,0,18,0,15,0,0,1,1
3,7,10,12,13,7,9,9,3,0,6,17,10,1,1,3,12,7,12,9,3,6,7,0,23,13,1,15,1,13,7,5,15,19,3,26,7,3,3,3,6,20,20,13,18,10,0,5,13,7,40,7,0,0,0,0,18,0,15,0,0,1,1,5
7,10,12,13,7,9,9,0,0,6,17,10,1,1,3,0,7,12,9,3,6,7,0,0,13,1,15,1,13,7,5,0,19,3,26,7,3,3,3,0,20,20,13,18,10,0,5,0,7,40,7,0,0,0,0,0,0,15,0,0,1,1,5,0
0,3,0,6,17,10,1,1,0,12,7,12,9,3,6,7,0,23,13,1,15,1,13,7,0,15,19,3,26,7,3,3,0,6,20,20,13,18,10,0,0,13,7,40,7,0,0,0,0,18,0,15,0,0,1,1,0,0,0,0,0,0,0,0
3,0,6,17,10,1,1,3,12,7,12,9,3,6,7,0,23,13,1,15,1,13,7,5,15,19,3,26,7,3,3,3,6,20,20,13,18,10,0,5,13,7,40,7,0,0,0,0,18,0,15,0,0,1,1,5,0,0,0,0,0,0,0,0
0,6,17,10,1,1,3,0,7,12,9,3,6,7,0,0,13,1,15,1,13,7,5,0,19,3,26,7,3,3,3,0,20,20,13,18,10,0,5,0,7,40,7,0,0,0,0,0,0,15,0,0,1,1,5,0,0,0,0,0,0,0,0,0
0,0,0,0,0,0,0,0,0,0,0,0,0,0,0,0,0,0,0,0,0,0,0,0,0,0,0,0,0,0,0,0,0,0,0,0,0,0,0,0,0,0,0,0,0,0,0,0,0,0,0,0,0,0,0,0,0,0,0,0,1,0,0,0
0,0,0,0,0,0,0,0,0,0,0,0,0,0,0,0,0,0,0,0,0,0,0,0,0,0,0,0,0,0,0,0,0,0,0,0,0,0,0,0,0,0,0,0,0,0,0,0,0,0,0,0,0,0,0,0,0,0,0,1,0,0,0,0
0,0,0,0,0,0,0,0,0,0,0,0,0,0,0,0,0,0,0,0,0,0,0,0,0,0,0,0,0,0,0,0,0,0,0,0,0,0,0,0,0,0,0,0,0,0,0,0,0,0,0,0,0,0,0,0,0,0,1,0,0,0,0,0
0,0,0,0,0,0,0,0,0,0,0,0,0,0,0,0,0,0,0,0,0,0,0,0,0,0,0,0,0,0,0,0,0,0,0,0,0,0,0,0,0,0,0,0,0,0,0,0,0,0,0,0,1,0,0,0,0,1,0,0,0,0,0,0
0,0,0,0,0,0,0,0,0,0,0,0,0,0,0,0,0,0,0,0,0,0,0,0,0,0,0,0,0,0,0,0,0,0,0,0,0,0,0,0,0,0,0,0,0,0,0,0,0,0,0,1,0,0,0,0,1,0,0,0,0,0,0,0
0,0,0,0,0,0,0,0,0,0,0,0,0,0,0,0,0,0,0,0,0,0,0,0,0,0,0,0,0,0,0,0,0,0,0,0,0,0,0,0,0,0,0,0,0,0,0,0,0,0,1,0,0,0,0,0,0,0,0,0,0,0,0,0
0,0,0,0,0,0,0,0,0,0,0,0,0,0,0,0,0,0,0,0,0,0,0,0,0,0,0,0,0,0,0,0,0,0,0,0,0,0,0,0,0,0,0,0,1,0,0,0,0,1,0,0,0,0,0,0,0,0,0,0,0,0,0,0
0,0,0,0,0,0,0,0,0,0,0,0,0,0,0,0,0,0,0,0,0,0,0,0,0,0,0,0,0,0,0,0,0,0,0,0,0,0,0,0,0,0,0,1,0,0,0,0,1,0,0,0,0,0,0,0,0,0,0,0,0,0,0,0
0,0,0,0,0,0,0,0,0,0,0,0,0,0,0,0,0,0,0,0,0,0,0,0,0,0,0,0,0,0,0,0,0,0,0,0,0,0,0,0,0,0,1,0,0,0,0,0,0,0,0,0,0,0,0,0,0,0,0,0,0,0,0,0
0,0,0,0,0,0,0,0,0,15,3,3,5,6,1,5,0,15,7,9,11,15,5,13,0,3,3,6,0,9,0,3,0,0,3,7,3,6,0,5,0,0,5,3,3,5,0,7,0,10,7,0,0,10,6,13,0,9,7,3,12,3,10,5
0,0,0,0,0,0,0,0,15,3,3,5,6,1,5,3,15,7,9,11,15,5,13,6,3,3,6,0,9,0,3,13,0,3,7,3,6,0,5,7,0,5,3,3,5,0,7,3,10,7,0,0,10,6,13,10,9,7,3,12,3,10,5,0
0,0,0,0,0,0,0,0,3,3,5,6,1,5,3,0,7,9,11,15,5,13,6,0,3,6,0,9,0,3,13,0,3,7,3,6,0,5,7,0,5,3,3,5,0,7,3,0,7,0,0,10,6,13,10,0,7,3,12,3,10,5,0,0
0,15,3,3,5,6,1,5,0,15,7,9,11,15,5,13,0,3,3,6,0,9,0,3,0,0,3,7,3,6,0,5,0,0,5,3,3,5,0,7,0,10,7,0,0,10,6,13,0,9,7,3,12,3,10,5,0,3,0,15,3,7,5,1
15,3,3,5,6,1,5,3,15,7,9,11,15,5,13,6,3,3,6,0,9,0,3,13,0,3,7,3,6,0,5,7,0,5,3,3,5,0,7,3,10,7,0,0,10,6,13,10,9,7,3,12,3,10,5,0,3,0,15,3,7,5,1,0
3,3,5,6,1,5,3,0,7,9,11,15,5,13,6,0,3,6,0,9,0,3,13,0,3,7,3,6,0,5,7,0,5,3,3,5,0,7,3,0,7,0,0,10,6,13,10,0,7,3,12,3,10,5,0,0,0,15,3,7,5,1,0,0
0,15,7,9,11,15,5,13,0,3,3,6,0,9,0,3,0,0,3,7,3,6,0,5,0,0,5,3,3,5,0,7,0,10,7,0,0,10,6,13,0,9,7,3,12,3,10,5,0,3,0,15,3,7,5,1,0,0,0,0,0,0,0,0
15,7,9,11,15,5,13,6,3,3,6,0,9,0,3,13,0,3,7,3,6,0,5,7,0,5,3,3,5,0,7,3,10,7,0,0,10,6,13,10,9,7,3,12,3,10,5,0,3,0,15,3,7,5,1,0,0,0,0,0,0,0,0,0
7,9,11,15,5,13,6,0,3,6,0,9,0,3,13,0,3,7,3,6,0,5,7,0,5,3,3,5,0,7,3,0,7,0,0,10,6,13,10,0,7,3,12,3,10,5,0,0,0,15,3,7,5,1,0,0,0,0,0,0,0,0,0,0
0,0,0,0,0,0,0,0,0,0,0,0,0,0,0,0,0,0,0,0,0,0,0,0,0,0,0,0,0,0,0,0,0,0,0,1,0,3,0,0,0,0,0,0,0,0,0,0,0,0,0,0,0,0,0,0,0,3,0,0,0,0,0,0
0,0,0,0,0,0,0,0,0,0,0,0,0,0,0,0,0,0,0,0,0,0,0,0,0,0,0,0,0,0,0,0,0,0,1,0,3,0,0,0,0,0,0,0,0,0,0,0,0,0,0,0,0,0,0,0,3,0,0,0,0,0,0,0
0,0,0,0,0,0,0,0,0,0,0,0,0,0,0,0,0,0,0,0,0,0,0,0,0,0,0,0,0,0,0,0,0,1,0,3,0,0,0,0,0,0,0,0,0,0,0,0,0,0,0,0,0,0,0,0,0,0,0,0,0,0,0,0
0,0,0,0,0,0,0,0,0,0,0,0,0,0,0,0,0,0,0,0,0,0,0,0,0,0,0,1,0,3,0,0,0,0,0,0,0,0,0,0,0,0,0,0,0,0,0,0,0,3,0,0,0,0,0,0,0,7,0,0,0,0,0,0
0,0,0,0,0,0,0,0,0,0,0,0,0,0,0,0,0,0,0,0,0,0,0,0,0,0,1,0,3,0,0,0,0,0,0,0,0,0,0,0,0,0,0,0,0,0,0,0,3,0,0,0,0,0,0,0,7,0,0,0,0,0,0,0
0,0,0,0,0,0,0,0,0,0,0,0,0,0,0,0,0,0,0,0,0,0,0,0,0,1,0,3,0,0,0,0,0,0,0,0,0,0,0,0,0,0,0,0,0,0,0,0,0,0,0,0,0,0,0,0,0,0,0,0,0,0,0,0
0,0,0,0,0,0,0,0,0,0,0,0,0,0,0,0,0,0,0,1,0,3,0,0,0,0,0,0,0,0,0,0,0,0,0,0,0,0,0,0,0,3,0,0,0,0,0,0,0,7,0,0,0,0,0,0,0,0,0,0,0,0,0,0
0,0,0,0,0,0,0,0,0,0,0,0,0,0,0,0,0,0,1,0,3,0,0,0,0,0,0,0,0,0,0,0,0,0,0,0,0,0,0,0,3,0,0,0,0,0,0,0,7,0,0,0,0,0,0,0,0,0,0,0,0,0,0,0
0,0,0,0,0,0,0,0,0,0,0,0,0,0,0,0,0,1,0,3,0,0,0,0,0,0,0,0,0,0,0,0,0,0,0,0,0,0,0,0,0,0,0,0,0,0,0,0,0,0,0,0,0,0,0,0,0,0,0,0,0,0,0,0
0,0,0,0,0,0,0,0,0,0,0,0,0,0,0,0,0,0,0,0,0,0,0,0,0,0,0,0,0,0,0,0,0,0,0,0,0,0,0,0,0,0,0,0,0,0,0,0,0,0,0,0,0,0,0,0,0,0,0,0,0,0,0,0
0,0,0,0,0,0,0,0,0,0,0,0,0,0,0,0,0,0,0,0,0,0,0,0,0,0,0,0,0,0,0,0,0,0,0,0,0,0,0,0,0,0,0,0,0,0,0,0,0,0,0,0,0,0,0,0,0,0,0,0,0,0,0,0
0,0,0,0,0,0,0,0,0,0,0,0,0,0,0,0,0,0,0,0,0,0,0,0,0,0,0,0,0,0,0,0,0,0,0,0,0,0,0,0,0,0,0,0,0,0,0,0,0,0,0,0,0,0,0,0,0,0,0,0,0,0,0,0
0,0,0,0,0,0,0,0,0,0,0,0,0,0,0,0,0,0,0,0,0,0,0,0,0,0,0,0,0,0,0,0,0,0,0,0,0,0,0,0,0,0,0,0,0,0,0,0,0,0,0,0,0,0,0,0,0,0,0,0,0,0,0,0
0,0,0,0,0,0,0,0,0,0,0,0,0,0,0,0,0,0,0,0,0,0,0,0,0,0,0,0,0,0,0,0,0,0,0,0,0,0,0,0,0,0,0,0,0,0,0,0,0,0,0,0,0,0,0,0,0,0,0,0,0,0,0,0
0,0,0,0,0,0,0,0,0,0,0,0,0,0,0,0,0,0,0,0,0,0,0,0,0,0,0,0,0,0,0,0,0,0,0,0,0,0,0,0,0,0,0,0,0,0,0,0,0,0,0,0,0,0,0,0,0,0,0,0,0,0,0,0
0,0,0,0,0,0,0,0,0,0,0,0,0,0,0,0,0,0,0,0,0,0,0,0,0,0,0,0,0,0,0,0,0,0,0,0,0,0,0,0,0,0,0,0,0,0,0,0,0,0,0,0,0,0,0,0,0,0,0,0,0,0,0,0
0,0,0,0,0,0,0,0,0,0,0,0,0,0,0,0,0,0,0,0,0,0,0,0,0,0,0,0,0,0,0,0,0,0,0,0,0,0,0,0,0,0,0,0,0,0,0,0,0,0,0,0,0,0,0,0,0,0,0,0,0,0,0,0
0,0,0,0,0,0,0,0,0,0,0,0,0,0,0,0,0,0,0,0,0,0,0,0,0,0,0,0,0,0,0,0,0,0,0,0,0,0,0,0,0,0,0,0,0,0,0,0,0,0,0,0,0,0,0,0,0,0,0,0,0,0,0,0
0,0,0,0,0,0,0,0,0,3,0,0,0,0,0,0,0,0,0,0,0,0,0,0,0,0,0,0,0,0,0,0,0,0,0,0,0,0,0,0,0,0,0,0,0,0,0,0,0,0,0,0,0,0,0,0,0,0,0,0,0,0,0,0
0,0,0,0,0,0,0,0,3,0,0,0,0,0,0,0,0,0,0,0,0,0,0,0,0,0,0,0,0,0,0,0,0,0,0,0,0,0,0,0,0,0,0,0,0,0,0,0,0,0,0,0,0,0,0,0,0,0,0,0,0,0,0,0
0,0,0,0,0,0,0,0,0,0,0,0,0,0,0,0,0,0,0,0,0,0,0,0,0,0,0,0,0,0,0,0,0,0,0,0,0,0,0,0,0,0,0,0,0,0,0,0,0,0,0,0,0,0,0,0,0,0,0,0,0,0,0,0
0,3,0,0,0,0,0,0,0,0,0,0,0,0,0,0,0,0,0,0,0,0,0,0,0,0,0,0,0,0,0,0,0,0,0,0,0,0,0,0,0,0,0,0,0,0,0,0,0,0,0,0,0,0,0,0,0,0,0,0,0,0,0,0
3,0,0,0,0,0,0,0,0,0,0,0,0,0,0,0,0,0,0,0,0,0,0,0,0,0,0,0,0,0,0,0,0,0,0,0,0,0,0,0,0,0,0,0,0,0,0,0,0,0,0,0,0,0,0,0,0,0,0,0,0,0,0,0
0,0,0,0,0,0,0,0,0,0,0,0,0,0,0,0,0,0,0,0,0,0,0,0,0,0,0,0,0,0,0,0,0,0,0,0,0,0,0,0,0,0,0,0,0,0,0,0,0,0,0,0,0,0,0,0,0,0,0,0,0,0,0,0
0,0,0,0,0,0,0,0,0,0,0,0,0,0,0,0,0,0,0,0,0,0,0,0,0,0,0,0,0,0,0,0,0,0,0,0,0,0,0,0,0,0,0,0,0,0,0,0,0,0,0,0,0,0,0,0,0,0,0,0,0,0,0,0
0,0,0,0,0,0,0,0,0,0,0,0,0,0,0,0,0,0,0,0,0,0,0,0,0,0,0,0,0,0,0,0,0,0,0,0,0,0,0,0,0,0,0,0,0,0,0,0,0,0,0,0,0,0,0,0,0,0,0,0,0,0,0,0
0,0,0,0,0,0,0,0,0,0,0,0,0,0,0,0,0,0,0,0,0,0,0,0,0,0,0,0,0,0,0,0,0,0,0,0,0,0,0,0,0,0,0,0,0,0,0,0,0,0,0,0,0,0,0,0,0,0,0,0,0,0,0,0
0,0,0,0,0,0,0,0,0,5,3,3,3,5,0,0,0,11,3,7,12,0,1,10,0,5,10,7,1,0,0,0,0,3,11,0,15,1,7,0,0,11,10,6,3,0,0,0,0,5,12,17,0,18,0,0,0,5,0,30,3,0,0,0
0,0,0,0,0,0,0,0,5,3,3,3,5,0,0,0,11,3,7,12,0,1,10,0,5,10,7,1,0,0,0,6,3,11,0,15,1,7,0,5,11,10,6,3,0,0,0,1,5,12,17,0,18,0,0,3,5,0,30,3,0,0,0,0
0,0,0,0,0,0,0,0,3,3,3,5,0,0,0,0,3,7,12,0,1,10,0,0,10,7,1,0,0,0,6,0,11,0,15,1,7,0,5,0,10,6,3,0,0,0,1,0,12,17,0,18,0,0,3,0,0,30,3,0,0,0,0,0
0,5,3,3,3,5,0,0,0,11,3,7,12,0,1,10,0,5,10,7,1,0,0,0,0,3,11,0,15,1,7,0,0,11,10,6,3,0,0,0,0,5,12,17,0,18,0,0,0,5,0,30,3,0,0,0,0,1,6,1,5,1,0,3
5,3,3,3,5,0,0,0,11,3,7,12,0,1,10,0,5,10,7,1,0,0,0,6,3,11,0,15,1,7,0,5,11,10,6,3,0,0,0,1,5,12,17,0,18,0,0,3,5,0,30,3,0,0,0,0,1,6,1,5,1,0,3,1
3,3,3,5,0,0,0,0,3,7,12,0,1,10,0,0,10,7,1,0,0,0,6,0,11,0,15,1,7,0,5,0,10,6,3,0,0,0,1,0,12,17,0,18,0,0,3,0,0,30,3,0,0,0,0,0,6,1,5,1,0,3,1,0
0,11,3,7,12,0,1,10,0,5,10,7,1,0,0,0,0,3,11,0,15,1,7,0,0,11,10,6,3,0,0,0,0,5,12,17,0,18,0,0,0,5,0,30,3,0,0,0,0,1,6,1,5,1,0,3,0,0,0,0,0,0,0,0
11,3,7,12,0,1,10,0,5,10,7,1,0,0,0,6,3,11,0,15,1,7,0,5,11,10,6,3,0,0,0,1,5,12,17,0,18,0,0,3,5,0,30,3,0,0,0,0,1,6,1,5,1,0,3,1,0,0,0,0,0,0,0,0
3,7,12,0,1,10,0,0,10,7,1,0,0,0,6,0,11,0,15,1,7,0,5,0,10,6,3,0,0,0,1,0,12,17,0,18,0,0,3,0,0,30,3,0,0,0,0,0,6,1,5,1,0,3,1,0,0,0,0,0,0,0,0,0
0,0,0,0,0,0,0,0,0,5,9,7,6,11,5,3,0,11,9,6,12,6,11,15,0,3,7,9,12,5,6,11,0,0,15,10,12,15,1,7,0,0,11,6,17,6,7,7,0,10,17,9,0,9,1,7,0,0,3,31,1,1,6,3
0,0,0,0,0,0,0,0,5,9,7,6,11,5,3,9,11,9,6,12,6,11,15,7,3,7,9,12,5,6,11,13,0,15,10,12,15,1,7,13,0,11,6,17,6,7,7,7,10,17,9,0,9,1,7,0,0,3,31,1,1,6,3,3
0,0,0,0,0,0,0,0,9,7,6,11,5,3,9,0,9,6,12,6,11,15,7,0,7,9,12,5,6,11,13,0,15,10,12,15,1,7,13,0,11,6,17,6,7,7,7,0,17,9,0,9,1,7,0,0,3,31,1,1,6,3,3,0
0,5,9,7,6,11,5,3,0,11,9,6,12,6,11,15,0,3,7,9,12,5,6,11,0,0,15,10,12,15,1,7,0,0,11,6,17,6,7,7,0,10,17,9,0,9,1,7,0,0,3,31,1,1,6,3,0,7,0,7,3,5,0,0
5,9,7,6,11,5,3,9,11,9,6,12,6,11,15,7,3,7,9,12,5,6,11,13,0,15,10,12,15,1,7,13,0,11,6,17,6,7,7,7,10,17,9,0,9,1,7,0,0,3,31,1,1,6,3,3,7,0,7,3,5,0,0,0
9,7,6,11,5,3,9,0,9,6,12,6,11,15,7,0,7,9,12,5,6,11,13,0,15,10,12,15,1,7,13,0,11,6,17,6,7,7,7,0,17,9,0,9,1,7,0,0,3,31,1,1,6,3,3,0,0,7,3,5,0,0,0,0
0,11,9,6,12,6,11,15,0,3,7,9,12,5,6,11,0,0,15,10,12,15,1,7,0,0,11,6,17,6,7,7,0,10,17,9,0,9,1,7,0,0,3,31,1,1,6,3,0,7,0,7,3,5,0,0,0,0,0,0,0,0,0,0
11,9,6,12,6,11,15,7,3,7,9,12,5,6,11,13,0,15,10,12,15,1,7,13,0,11,6,17,6,7,7,7,10,17,9,0,9,1,7,0,0,3,31,1,1,6,3,3,7,0,7,3,5,0,0,0,0,0,0,0,0,0,0,0
9,6,12,6,11,15,7,0,7,9,12,5,6,11,13,0,15,10,12,15,1,7,13,0,11,6,17,6,7,7,7,0,17,9,0,9,1,7,0,0,3,31,1,1,6,3,3,0,0,7,3,5,0,0,0,0,0,0,0,0,0,0,0,0
0,0,0,0,0,0,0,0,0,9,5,3,3,3,1,1,0,15,11,9,15,7,5,17,0,10,20,5,0,18,5,14,0,15,18,9,7,11,13,9,0,15,20,3,13,1,1,11,0,13,24,5,7,10,10,26,0,5,13,38,3,15,17,19
0,0,0,0,0,0,0,0,9,5,3,3,3,1,1,6,15,11,9,15,7,5,17,14,10,20,5,0,18,5,14,30,15,18,9,7,11,13,9,23,15,20,3,13,1,1,11,15,13,24,5,7,10,10,26,15,5,13,38,3,15,17,19,15
0,0,0,0,0,0,0,0,5,3,3,3,1,1,6,0,11,9,15,7,5,17,14,0,20,5,0,18,5,14,30,0,18,9,7,11,13,9,23,0,20,3,13,1,1,11,15,0,24,5,7,10,10,26,15,0,13,38,3,15,17,19,15,0
0,9,5,3,3,3,1,1,0,15,11,9,15,7,5,17,0,10,20,5,0,18,5,14,0,15,18,9,7,11,13,9,0,15,20,3,13,1,1,11,0,13,24,5,7,10,10,26,0,5,13,38,3,15,17,19,0,11,13,18,17,18,19,15
9,5,3,3,3,1,1,6,15,11,9,15,7,5,17,14,10,20,5,0,18,5,14,30,15,18,9,7,11,13,9,23,15,20,3,13,1,1,11,15,13,24,5,7,10,10,26,15,5,13,38,3,15,17,19,15,11,13,18,17,18,19,15,19
5,3,3,3,1,1,6,0,11,9,15,7,5,17,14,0,20,5,0,18,5,14,30,0,18,9,7,11,13,9,23,0,20,3,13,1,1,11,15,0,24,5,7,10,10,26,15,0,13,38,3,15,17,19,15,0,13,18,17,18,19,15,19,0
0,15,11,9,15,7,5,17,0,10,20,5,0,18,5,14,0,15,18,9,7,11,13,9,0,15,20,3,13,1,1,11,0,13,24,5,7,10,10,26,0,5,13,38,3,15,17,19,0,11,13,18,17,18,19,15,0,0,0,0,0,0,0,0
15,11,9,15,7,5,17,14,10,20,5,0,18,5,14,30,15,18,9,7,11,13,9,23,15,20,3,13,1,1,11,15,13,24,5,7,10,10,26,15,5,13,38,3,15,17,19,15,11,13,18,17,18,19,15,19,0,0,0,0,0,0,0,0
11,9,15,7,5,17,14,0,20,5,0,18,5,14,30,0,18,9,7,11,13,9,23,0,20,3,13,1,1,11,15,0,24,5,7,10,10,26,15,0,13,38,3,15,17,19,15,0,13,18,17,18,19,15,19,0,0,0,0,0,0,0,0,0
0,0,0,0,0,0,0,0,0,0,0,3,0,0,1,0,0,0,0,0,0,0,0,0,0,0,0,0,0,0,0,0,0,0,0,0,0,0,0,0,0,0,0,0,0,0,0,0,0,0,0,0,0,0,0,0,0,1,0,0,0,0,0,0
0,0,0,0,0,0,0,0,0,0,3,0,0,1,0,0,0,0,0,0,0,0,0,0,0,0,0,0,0,0,0,0,0,0,0,0,0,0,0,0,0,0,0,0,0,0,0,0,0,0,0,0,0,0,0,0,1,0,0,0,0,0,0,0
0,0,0,0,0,0,0,0,0,3,0,0,1,0,0,0,0,0,0,0,0,0,0,0,0,0,0,0,0,0,0,0,0,0,0,0,0,0,0,0,0,0,0,0,0,0,0,0,0,0,0,0,0,0,0,0,0,0,0,0,0,0,0,0
0,0,0,3,0,0,1,0,0,0,0,0,0,0,0,0,0,0,0,0,0,0,0,0,0,0,0,0,0,0,0,0,0,0,0,0,0,0,0,0,0,0,0,0,0,0,0,0,0,1,0,0,0,0,0,0,0,0,0,0,0,0,0,0
0,0,3,0,0,1,0,0,0,0,0,0,0,0,0,0,0,0,0,0,0,0,0,0,0,0,0,0,0,0,0,0,0,0,0,0,0,0,0,0,0,0,0,0,0,0,0,0,1,0,0,0,0,0,0,0,0,0,0,0,0,0,0,0
0,3,0,0,1,0,0,0,0,0,0,0,0,0,0,0,0,0,0,0,0,0,0,0,0,0,0,0,0,0,0,0,0,0,0,0,0,0,0,0,0,0,0,0,0,0,0,0,0,0,0,0,0,0,0,0,0,0,0,0,0,0,0,0
0,0,0,0,0,0,0,0,0,0,0,0,0,0,0,0,0,0,0,0,0,0,0,0,0,0,0,0,0,0,0,0,0,0,0,0,0,0,0,0,0,1,0,0,0,0,0,0,0,0,0,0,0,0,0,0,0,0,0,0,0,0,0,0
0,0,0,0,0,0,0,0,0,0,0,0,0,0,0,0,0,0,0,0,0,0,0,0,0,0,0,0,0,0,0,0,0,0,0,0,0,0,0,0,1,0,0,0,0,0,0,0,0,0,0,0,0,0,0,0,0,0,0,0,0,0,0,0
0,0,0,0,0,0,0,0,0,0,0,0,0,0,0,0,0,0,0,0,0,0,0,0,0,0,0,0,0,0,0,0,0,0,0,0,0,0,0,0,0,0,0,0,0,0,0,0,0,0,0,0,0,0,0,0,0,0,0,0,0,0,0,0
