0,0,0,0,0,0,0,0,0,0,0,0,0,0,0,0,0,0,0,0,0,0,0,0,0,0,0,0,0,0,0,0,0,0,0,0,0,0,1,1,1,0,0,0,0,0,0,0,0,0,0,0,0,0,0,0,0,0,3,0,0,0,1,0,0,0,9,0,0,0,0,0,0,1,6,0,0,0,0,0,0,0,13,0,0,1,6,0,0,0,5,0,0,0,0,7,0,0,1,0,0,0,0,0,0,0,11,0,0,3,0,3,0,1,0,0,0,1,3,0,0,0,13,0,0,3,0,0,0,1,0,1,0,3,1,1,0,0,3,0,0,3,0,0,0,0,3,0,0,0,0,3,0,1,0,0,0,3,0,0,0,0,3,1,11,0,0,0,1,6,0,0,5,9,0,0,0,0,3,0,10,3,11,5,0,0,3,11,11,9,6,1,0,22,0,1,10,1,3,9,7,6,10,13,14,14,15,15,0,24,19,1,3,3,11,12,12,13,15,17,18,15,15,20,0,20,20,19,0,3,14,12,14,13,15,15,15,15,22,17,0,19,18,15,13,15,15,11,12,14,15,17,17,21,20,17
0,0,0,0,0,0,0,0,0,0,0,0,0,0,0,0,0,0,0,0,0,0,0,0,0,0,0,0,0,0,0,0,0,0,0,0,0,0,1,1,0,0,0,0,0,0,0,0,0,1,0,0,0,0,0,0,0,6,0,0,0,0,0,0,0,0,0,0,0,0,0,0,3,5,0,0,0,1,3,0,0,5,0,0,1,0,3,0,3,3,3,0,0,0,0,3,1,7,0,1,1,0,1,0,0,11,3,0,0,0,0,3,1,9,0,0,0,0,3,0,0,0,0,0,3,3,0,0,3,10,0,0,0,0,0,3,0,3,0,0,0,0,0,0,3,5,1,12,0,6,0,0,0,0,0,0,0,3,0,0,3,3,1,1,0,0,6,3,0,0,0,0,3,3,0,0,7,3,3,3,5,9,9,3,0,0,6,12,15,7,0,6,5,0,1,3,5,0,7,6,6,9,13,13,14,15,15,18,6,20,7,6,1,3,12,11,13,14,15,17,17,14,17,20,6,18,19,3,3,11,12,14,13,15,15,17,15,20,22,17,6,19,18,18,1,15,14,12,14,15,15,17,18,20,15,17
0,0,0,0,0,0,0,0,0,0,0,0,0,0,0,0,0,0,0,0,0,0,0,0,0,0,0,0,0,0,0,0,0,0,0,0,0,1,1,1,0,0,0,0,0,0,0,0,0,0,0,0,0,0,0,0,0,3,0,0,0,1,0,0,0,9,0,0,0,0,0,0,1,6,0,0,0,0,0,0,0,13,0,0,1,6,0,0,0,5,0,0,0,0,7,0,0,1,0,0,0,0,0,0,0,11,0,0,3,0,3,7,1,0,0,0,1,3,0,0,0,13,0,0,3,0,0,0,1,0,1,0,3,1,1,0,0,3,0,0,3,0,0,0,0,3,0,0,0,0,3,0,1,0,0,0,3,0,0,0,0,3,1,11,0,0,0,1,6,0,0,5,9,0,0,0,0,3,0,10,3,11,5,0,0,3,11,11,9,6,1,12,22,0,1,10,1,3,9,7,6,10,13,14,14,15,15,19,24,19,1,3,3,11,12,12,13,15,17,18,15,15,20,18,20,20,19,0,3,14,12,14,13,15,15,15,15,22,17,12,19,18,15,13,15,15,11,12,14,15,17,17,21,20,17,25
0,0,0,0,0,0,0,0,0,0,0,0,0,0,0,0,0,1,0,0,0,0,0,0,0,1,0,0,1,0,0,0,0,0,0,0,0,1,0,0,0,0,0,0,0,0,0,0,0,0,1,0,0,0,0,0,0,3,3,0,0,0,3,0,0,0,9,0,0,0,3,0,0,0,7,0,0,0,3,3,0,0,7,0,0,0,3,0,0,0,9,0,0,0,0,3,0,0,1,0,1,0,1,0,0,0,14,0,0,3,0,0,0,1,0,1,0,3,3,3,0,0,7,0,0,1,3,0,0,1,1,0,0,3,0,1,0,1,0,0,0,1,0,0,0,0,3,0,3,0,3,0,0,6,0,3,0,6,0,0,0,1,5,0,11,3,1,5,1,0,0,0,12,12,0,0,0,11,3,0,13,5,3,0,1,0,1,15,13,11,12,11,0,26,5,1,6,3,7,12,12,13,14,15,15,17,15,17,0,21,21,10,1,3,12,12,13,14,15,17,15,15,18,18,0,21,19,17,0,6,11,11,14,15,15,15,18,18,23,15,0,15,18,17,17,14,15,14,11,13,15,15,18,21,12,15
0,0,0,0,0,0,0,0,0,0,0,0,0,0,0,0,0,0,0,0,0,0,0,0,0,1,0,1,1,0,0,0,0,0,0,0,0,1,0,0,0,0,0,0,3,0,0,0,0,0,0,0,1,0,0,0,3,9,0,0,0,0,3,0,0,7,0,0,0,1,0,0,1,0,0,0,0,0,0,0,0,0,0,1,0,0,3,0,0,9,3,0,0,0,0,7,1,10,0,1,0,0,1,0,0,7,3,0,0,0,0,1,1,9,0,0,0,0,3,0,0,1,0,0,0,3,0,0,3,7,1,7,0,3,0,3,0,0,0,0,0,0,0,0,3,3,1,7,0,3,1,0,0,0,0,0,6,7,0,0,5,3,3,0,1,6,18,9,0,7,0,3,10,0,0,0,5,0,1,7,5,3,3,1,0,0,11,14,12,14,11,13,6,15,0,3,3,3,12,12,13,13,15,15,17,15,15,20,7,19,18,3,1,13,12,12,13,14,15,17,17,15,21,20,6,18,19,17,1,12,12,12,14,15,15,17,17,21,22,17,7,17,15,15,11,17,15,12,12,15,14,15,20,17,12,15
0,0,0,0,0,0,0,0,0,0,0,0,0,0,0,0,1,0,0,0,0,0,0,0,1,0,0,1,0,0,0,0,0,0,0,0,1,0,0,0,0,0,0,0,0,0,0,0,0,1,0,0,0,0,0,0,3,3,0,0,0,3,0,0,0,9,0,0,0,3,0,0,0,7,0,0,0,3,3,0,0,7,0,0,0,3,0,0,0,9,0,0,0,0,3,3,0,1,0,1,0,1,0,0,0,14,0,0,3,0,0,5,1,0,1,0,3,3,3,0,0,7,0,0,1,3,0,0,1,1,0,0,3,0,1,0,1,0,0,0,1,0,0,0,0,3,0,3,0,3,0,0,6,0,3,0,6,0,0,0,1,5,0,11,3,1,5,1,0,0,0,12,12,0,0,5,11,3,0,13,5,3,0,1,0,1,15,13,11,12,11,18,26,5,1,6,3,7,12,12,13,14,15,15,17,15,17,18,21,21,10,1,3,12,12,13,14,15,17,15,15,18,18,13,21,19,17,0,6,11,11,14,15,15,15,18,18,23,15,19,15,18,17,17,14,15,14,11,13,15,15,18,21,12,15,25
0,0,0,0,0,0,0,0,0,0,0,0,0,0,0,0,0,0,0,0,0,0,1,1,1,0,0,0,0,0,0,0,0,0,0,0,0,0,0,0,0,0,3,0,0,0,1,0,0,0,9,0,0,0,0,0,0,1,6,0,0,0,0,0,0,0,13,0,0,1,6,0,0,0,5,0,0,0,0,7,0,0,1,0,0,0,0,0,0,0,11,0,0,3,0,3,0,1,0,0,0,1,3,0,0,0,13,0,0,3,0,0,0,1,0,1,0,3,1,1,0,0,3,0,0,3,0,0,0,0,3,0,0,0,0,3,0,1,0,0,0,3,0,0,0,0,3,1,11,0,0,0,1,6,0,0,5,9,0,0,0,0,3,0,10,3,11,5,0,0,3,11,11,9,6,1,0,22,0,1,10,1,3,9,7,6,10,13,14,14,15,15,0,24,19,1,3,3,11,12,12,13,15,17,18,15,15,20,0,20,20,19,0,3,14,12,14,13,15,15,15,15,22,17,0,19,18,15,13,15,15,11,12,14,15,17,17,21,20,17,0,10,15,12,12,14,17,15,17,14,10,9,15,12,3,9
0,0,0,0,0,0,0,0,0,0,0,0,0,0,0,0,0,0,0,0,0,0,1,1,0,0,0,0,0,0,0,0,0,1,0,0,0,0,0,0,0,6,0,0,0,0,0,0,0,0,0,0,0,0,0,0,3,5,0,0,0,1,3,0,0,5,0,0,1,0,3,0,3,3,3,0,0,0,0,3,1,7,0,1,1,0,1,0,0,11,3,0,0,0,0,3,1,9,0,0,0,0,3,0,0,0,0,0,3,3,0,0,3,10,0,0,0,0,0,3,0,3,0,0,0,0,0,0,3,5,1,12,0,6,0,0,0,0,0,0,0,3,0,0,3,3,1,1,0,0,6,3,0,0,0,0,3,3,0,0,7,3,3,3,5,9,9,3,0,0,6,12,15,7,0,6,5,0,1,3,5,0,7,6,6,9,13,13,14,15,15,18,6,20,7,6,1,3,12,11,13,14,15,17,17,14,17,20,6,18,19,3,3,11,12,14,13,15,15,17,15,20,22,17,6,19,18,18,1,15,14,12,14,15,15,17,18,20,15,17,7,12,13,13,14,17,15,17,15,12,7,13,15,7,6,18
0,0,0,0,0,0,0,0,0,0,0,0,0,0,0,0,0,0,0,0,0,1,1,1,0,0,0,0,0,0,0,0,0,0,0,0,0,0,0,0,0,3,0,0,0,1,0,0,0,9,0,0,0,0,0,0,1,6,0,0,0,0,0,0,0,13,0,0,1,6,0,0,0,5,0,0,0,0,7,0,0,1,0,0,0,0,0,0,0,11,0,0,3,0,3,7,1,0,0,0,1,3,0,0,0,13,0,0,3,0,0,0,1,0,1,0,3,1,1,0,0,3,0,0,3,0,0,0,0,3,0,0,0,0,3,0,1,0,0,0,3,0,0,0,0,3,1,11,0,0,0,1,6,0,0,5,9,0,0,0,0,3,0,10,3,11,5,0,0,3,11,11,9,6,1,12,22,0,1,10,1,3,9,7,6,10,13,14,14,15,15,19,24,19,1,3,3,11,12,12,13,15,17,18,15,15,20,18,20,20,19,0,3,14,12,14,13,15,15,15,15,22,17,12,19,18,15,13,15,15,11,12,14,15,17,17,21,20,17,25,10,15,12,12,14,17,15,17,14,10,9,15,12,3,9,14
0,0,0,0,0,0,0,0,0,0,0,0,0,0,0,0,0,1,1,1,1,1,0,0,0,1,1,0,1,1,1,3,0,1,0,0,0,0,0,0,0,1,1,1,3,1,1,0,0,1,3,0,0,0,1,0,3,1,0,0,1,3,3,1,0,3,3,0,0,0,3,0,1,3,3,0,1,3,5,3,0,7,0,0,0,14,0,3,1,3,3,1,1,3,3,5,0,5,11,0,0,1,0,7,0,5,6,7,1,3,3,5,0,10,9,1,0,3,0,10,0,3,5,11,0,3,3,3,0,15,20,0,0,1,1,5,0,0,3,1,0,3,1,1,0,20,15,3,3,0,5,0,0,1,1,3,1,3,1,0,0,15,11,10,0,5,1,0,7,1,0,3,3,1,1,0,0,13,13,7,5,31,3,0,14,1,3,3,1,1,6,6,0,1,17,12,9,21,6,1,3,1,1,1,1,3,3,5,0,0,3,13,19,14,0,1,1,1,1,0,1,0,1,9,0,3,3,0,26,0,0,1,1,1,0,0,3,3,5,1,0,1,3,1,10,0,3,1,1,1,3,1,1,3,10,7
0,0,0,0,0,0,0,0,0,0,0,0,0,0,0,0,1,1,1,1,1,1,1,0,1,0,1,0,1,1,1,3,1,1,0,0,0,0,0,0,0,1,0,1,3,1,0,0,1,1,0,0,0,0,0,1,3,1,0,1,3,3,3,0,3,3,1,0,0,0,0,0,3,1,0,0,3,3,3,0,6,0,0,0,1,9,0,0,3,3,0,0,3,3,5,3,5,0,10,0,3,12,0,0,3,1,0,0,1,3,3,5,7,0,10,1,0,3,0,11,0,0,9,0,3,3,1,3,9,3,12,3,0,1,9,0,1,0,1,0,3,3,3,1,9,12,20,0,3,1,3,0,0,1,3,1,3,3,0,0,5,13,15,0,7,1,0,3,1,3,1,3,1,1,0,0,5,22,12,6,22,15,0,7,11,1,3,3,1,1,7,3,1,15,13,5,26,14,0,3,1,1,1,1,1,1,5,3,0,1,9,12,24,0,0,1,1,1,1,1,0,1,6,7,0,3,0,12,19,0,1,1,1,1,1,1,3,3,3,5,0,1,3,5,5,1,3,1,1,0,3,1,0,7,11,1
0,0,0,0,0,0,0,0,0,0,0,0,0,0,0,0,1,1,1,1,1,0,0,0,1,1,0,1,1,1,3,0,1,0,0,0,0,0,0,0,1,1,1,3,1,1,0,0,1,3,0,0,0,1,0,3,1,0,0,1,3,3,1,0,3,3,0,0,0,3,0,1,3,3,0,1,3,5,3,0,7,0,0,0,14,0,3,1,3,3,1,1,3,3,5,0,5,11,0,0,1,0,7,0,5,6,7,1,3,3,5,1,10,9,1,0,3,0,10,0,3,5,11,0,3,3,3,0,15,20,0,0,1,1,5,0,0,3,1,0,3,1,1,0,20,15,3,3,0,5,0,0,1,1,3,1,3,1,0,0,15,11,10,0,5,1,0,7,1,0,3,3,1,1,0,0,13,13,7,5,31,3,0,14,1,3,3,1,1,6,6,1,1,17,12,9,21,6,1,3,1,1,1,1,3,3,5,3,0,3,13,19,14,0,1,1,1,1,0,1,0,1,9,7,3,3,0,26,0,0,1,1,1,0,0,3,3,5,1,6,1,3,1,10,0,3,1,1,1,3,1,1,3,10,7,0
0,1,1,1,1,1,1,1,1,1,0,0,0,1,1,1,0,1,0,0,0,0,0,0,0,0,0,1,1,1,0,0,0,0,0,0,0,0,0,0,3,1,0,0,3,3,3,0,0,3,5,0,0,0,3,0,3,3,3,0,1,3,3,3,0,3,1,0,0,1,0,0,1,3,3,0,1,3,3,5,0,7,5,0,0,9,6,5,1,3,5,3,1,3,3,6,0,7,9,0,0,1,0,11,0,3,6,11,0,3,3,3,0,11,15,0,0,3,6,12,0,1,3,7,0,3,1,3,0,19,18,0,3,0,3,1,0,1,3,0,0,3,3,1,0,19,14,7,1,0,3,0,0,1,0,3,3,3,1,0,0,14,9,7,3,17,1,10,15,0,3,3,3,3,3,0,0,7,18,15,1,31,0,3,7,3,3,0,1,1,3,1,0,1,11,11,17,21,0,0,0,0,1,1,0,3,3,5,0,3,3,7,25,1,0,1,1,1,1,0,0,3,6,7,0,3,3,0,18,0,1,0,1,1,0,0,0,3,5,10,0,6,1,3,1,1,3,3,3,1,3,1,1,1,10,5
1,1,1,1,1,1,1,1,1,0,0,1,1,1,1,3,1,1,0,0,0,0,0,0,0,0,1,1,1,0,0,0,0,0,0,0,0,0,0,0,3,1,0,1,3,1,3,0,1,3,1,0,0,0,0,0,3,1,0,0,3,3,3,0,7,0,0,1,0,1,0,0,3,3,1,0,3,3,5,1,3,0,7,0,3,19,0,0,3,3,0,0,1,3,5,3,5,0,9,0,3,3,0,9,1,0,5,0,1,3,3,6,7,0,10,1,0,1,11,11,0,0,6,0,1,1,1,3,9,9,15,1,0,1,7,0,0,1,3,0,3,3,1,1,7,12,19,0,7,1,3,0,0,3,0,3,3,3,0,0,5,15,12,0,15,13,3,9,15,3,3,3,3,3,1,0,3,22,14,7,21,13,0,6,5,3,1,1,3,1,3,0,0,6,7,9,24,12,0,0,0,1,1,1,0,1,3,7,0,1,1,13,27,0,1,1,1,1,1,0,1,3,9,3,0,3,0,5,9,0,1,1,1,1,0,0,1,6,7,3,0,1,1,3,0,1,3,3,1,0,0,3,0,7,7,3
1,1,1,1,1,1,1,1,1,0,0,0,1,1,1,0,1,0,0,0,0,0,0,0,0,0,1,1,1,0,0,0,0,0,0,0,0,0,0,3,1,0,0,3,3,3,0,0,3,5,0,0,0,3,0,3,3,3,0,1,3,3,3,0,3,1,0,0,1,0,0,1,3,3,0,1,3,3,5,0,7,5,0,0,9,6,5,1,3,5,3,1,3,3,6,0,7,9,0,0,1,0,11,0,3,6,11,0,3,3,3,1,11,15,0,0,3,6,12,0,1,3,7,0,3,1,3,0,19,18,0,3,0,3,1,0,1,3,0,0,3,3,1,0,19,14,7,1,0,3,0,0,1,0,3,3,3,1,0,0,14,9,7,3,17,1,10,15,0,3,3,3,3,3,0,0,7,18,15,1,31,0,3,7,3,3,0,1,1,3,1,0,1,11,11,17,21,0,0,0,0,1,1,0,3,3,5,9,3,3,7,25,1,0,1,1,1,1,0,0,3,6,7,7,3,3,0,18,0,1,0,1,1,0,0,0,3,5,10,0,6,1,3,1,1,3,3,3,1,3,1,1,1,10,5,1
0,1,1,1,1,1,0,0,0,1,1,0,1,1,1,3,0,1,0,0,0,0,0,0,0,1,1,1,3,1,1,0,0,1,3,0,0,0,1,0,3,1,0,0,1,3,3,1,0,3,3,0,0,0,3,0,1,3,3,0,1,3,5,3,0,7,0,0,0,14,0,3,1,3,3,1,1,3,3,5,0,5,11,0,0,1,0,7,0,5,6,7,1,3,3,5,0,10,9,1,0,3,0,10,0,3,5,11,0,3,3,3,0,15,20,0,0,1,1,5,0,0,3,1,0,3,1,1,0,20,15,3,3,0,5,0,0,1,1,3,1,3,1,0,0,15,11,10,0,5,1,0,7,1,0,3,3,1,1,0,0,13,13,7,5,31,3,0,14,1,3,3,1,1,6,6,0,1,17,12,9,21,6,1,3,1,1,1,1,3,3,5,0,0,3,13,19,14,0,1,1,1,1,0,1,0,1,9,0,3,3,0,26,0,0,1,1,1,0,0,3,3,5,1,0,1,3,1,10,0,3,1,1,1,3,1,1,3,10,7,0,0,0,0,1,1,3,1,1,1,0,0,1,0,7,0
1,1,1,1,1,1,1,0,1,0,1,0,1,1,1,3,1,1,0,0,0,0,0,0,0,1,0,1,3,1,0,0,1,1,0,0,0,0,0,1,3,1,0,1,3,3,3,0,3,3,1,0,0,0,0,0,3,1,0,0,3,3,3,0,6,0,0,0,1,9,0,0,3,3,0,0,3,3,5,3,5,0,10,0,3,12,0,0,3,1,0,0,1,3,3,5,7,0,10,1,0,3,0,11,0,0,9,0,3,3,1,3,9,3,12,3,0,1,9,0,1,0,1,0,3,3,3,1,9,12,20,0,3,1,3,0,0,1,3,1,3,3,0,0,5,13,15,0,7,1,0,3,1,3,1,3,1,1,0,0,5,22,12,6,22,15,0,7,11,1,3,3,1,1,7,3,1,15,13,5,26,14,0,3,1,1,1,1,1,1,5,3,0,1,9,12,24,0,0,1,1,1,1,1,0,1,6,7,0,3,0,12,19,0,1,1,1,1,1,1,3,3,3,5,0,1,3,5,5,1,3,1,1,0,3,1,0,7,11,1,0,0,0,3,1,1,3,1,1,0,3,0,0,3,6,0
1,1,1,1,1,0,0,0,1,1,0,1,1,1,3,0,1,0,0,0,0,0,0,0,1,1,1,3,1,1,0,0,1,3,0,0,0,1,0,3,1,0,0,1,3,3,1,0,3,3,0,0,0,3,0,1,3,3,0,1,3,5,3,0,7,0,0,0,14,0,3,1,3,3,1,1,3,3,5,0,5,11,0,0,1,0,7,0,5,6,7,1,3,3,5,1,10,9,1,0,3,0,10,0,3,5,11,0,3,3,3,0,15,20,0,0,1,1,5,0,0,3,1,0,3,1,1,0,20,15,3,3,0,5,0,0,1,1,3,1,3,1,0,0,15,11,10,0,5,1,0,7,1,0,3,3,1,1,0,0,13,13,7,5,31,3,0,14,1,3,3,1,1,6,6,1,1,17,12,9,21,6,1,3,1,1,1,1,3,3,5,3,0,3,13,19,14,0,1,1,1,1,0,1,0,1,9,7,3,3,0,26,0,0,1,1,1,0,0,3,3,5,1,6,1,3,1,10,0,3,1,1,1,3,1,1,3,10,7,0,0,0,0,1,1,3,1,1,1,0,0,1,0,7,0,1
0,0,0,0,0,0,0,0,0,0,0,0,0,0,0,0,0,15,14,14,15,14,14,13,15,14,13,13,14,15,18,20,0,15,18,17,15,15,3,14,12,15,13,13,18,19,15,19,0,13,12,17,15,17,14,11,21,21,11,9,9,15,18,15,0,21,10,18,15,12,15,11,15,15,9,5,13,15,21,18,0,3,0,11,3,3,3,5,13,18,11,7,14,15,22,23,0,3,3,7,17,3,5,3,13,19,3,6,9,13,15,20,0,3,5,3,20,7,3,3,0,12,0,3,12,15,13,15,0,3,3,3,12,15,3,1,3,12,3,3,13,13,13,14,0,3,3,3,1,11,7,9,9,6,14,14,18,21,15,13,0,3,3,1,1,1,14,6,3,13,7,17,25,15,10,11,0,1,3,6,3,3,1,0,3,1,18,22,15,7,5,5,0,3,3,3,5,7,1,9,10,11,15,12,12,10,9,9,0,7,5,5,7,6,12,13,14,15,15,12,9,7,5,3,0,6,7,3,3,9,11,12,14,13,12,11,7,6,5,6,0,7,7,5,10,17,13,10,10,9,7,11,10,3,1,7
0,0,0,0,0,0,0,0,0,0,0,0,0,0,0,0,6,15,14,14,14,14,13,15,15,13,13,14,14,17,19,20,7,18,17,15,15,10,12,12,15,15,13,15,18,18,17,21,3,14,15,17,18,13,6,19,20,17,7,7,11,17,18,18,0,18,14,15,12,15,10,15,15,14,3,11,15,23,20,15,0,0,5,14,1,5,0,7,18,20,7,7,14,19,23,18,1,0,3,18,10,5,1,7,11,19,3,5,12,12,18,21,3,0,3,13,15,5,3,3,7,3,3,6,15,14,15,17,3,1,5,1,20,1,1,3,6,11,3,7,15,9,15,14,3,3,1,5,1,14,3,9,13,1,15,13,20,23,13,15,1,3,3,5,3,9,13,3,7,11,11,22,21,11,9,11,0,6,3,3,5,1,1,1,0,7,21,20,15,3,3,5,0,3,5,3,9,5,6,7,13,12,14,13,11,11,7,10,3,5,5,3,5,10,12,13,15,15,14,10,7,5,3,3,5,7,6,3,5,13,10,14,14,12,11,10,6,7,6,7,3,9,7,7,6,15,13,9,10,9,9,10,7,3,3,10
0,0,0,0,0,0,0,0,0,0,0,0,0,0,0,0,15,14,14,15,14,14,13,15,14,13,13,14,15,18,20,18,15,18,17,15,15,3,14,12,15,13,13,18,19,15,19,19,13,12,17,15,17,14,11,21,21,11,9,9,15,18,15,19,21,10,18,15,12,15,11,15,15,9,5,13,15,21,18,18,3,0,11,3,3,3,5,13,18,11,7,14,15,22,23,15,3,3,7,17,3,5,3,13,19,3,6,9,13,15,20,23,3,5,3,20,7,3,3,0,12,0,3,12,15,13,15,15,3,3,3,12,15,3,1,3,12,3,3,13,13,13,14,15,3,3,3,1,11,7,9,9,6,14,14,18,21,15,13,15,3,3,1,1,1,14,6,3,13,7,17,25,15,10,11,14,1,3,6,3,3,1,0,3,1,18,22,15,7,5,5,7,3,3,3,5,7,1,9,10,11,15,12,12,10,9,9,3,7,5,5,7,6,12,13,14,15,15,12,9,7,5,3,3,6,7,3,3,9,11,12,14,13,12,11,7,6,5,6,3,7,7,5,10,17,13,10,10,9,7,11,10,3,1,7,10
0,17,15,18,18,18,17,18,19,19,15,15,17,19,20,19,0,15,18,15,15,15,14,17,15,15,15,15,15,15,17,20,0,11,15,15,17,15,3,9,15,21,11,9,12,15,17,17,0,17,14,17,15,14,17,13,19,19,7,9,9,15,20,15,0,14,0,14,11,9,13,7,15,15,13,3,15,18,24,20,0,1,0,11,11,5,1,3,11,19,7,6,12,12,19,22,0,3,3,3,20,0,5,3,9,14,0,6,12,14,13,18,0,3,3,3,18,13,1,5,1,11,0,3,12,11,12,14,0,3,3,3,1,17,1,3,6,11,7,5,14,15,12,11,0,3,3,3,1,3,14,10,7,7,7,20,19,23,17,15,0,1,3,3,3,9,7,3,3,3,18,19,25,13,5,7,0,1,3,5,5,6,1,0,5,3,10,17,13,9,7,10,0,3,3,6,3,7,10,14,17,15,17,12,12,9,6,7,0,5,7,3,7,7,12,14,14,14,13,11,7,6,5,3,0,7,9,3,5,12,10,9,14,13,11,11,10,6,3,10,0,3,9,6,15,17,17,15,12,7,3,7,10,3,0,6
18,15,18,18,18,17,17,19,20,17,15,17,18,19,20,18,7,19,17,17,15,15,14,15,15,15,15,17,15,15,19,21,3,13,15,15,17,7,6,15,18,15,10,9,15,18,15,20,3,20,14,17,15,14,11,18,19,17,3,11,12,18,19,15,0,12,9,13,6,18,6,11,15,15,6,10,15,21,22,14,1,0,3,17,3,5,0,9,17,21,3,5,12,15,21,21,0,0,3,17,15,3,1,3,11,11,5,7,15,14,17,20,3,0,5,7,18,1,6,3,3,6,3,7,15,11,13,15,1,3,3,0,11,0,1,9,9,9,7,7,17,13,15,13,1,3,3,5,0,15,6,3,13,3,10,21,23,25,13,15,0,6,3,3,6,13,11,3,0,13,20,22,21,3,5,6,0,3,3,3,10,3,3,3,3,7,15,14,10,9,9,12,1,5,5,3,7,3,13,15,19,14,15,12,10,7,5,7,3,6,6,1,5,15,12,14,14,14,12,9,7,6,3,3,5,7,7,5,6,13,10,11,14,13,12,11,7,5,7,12,3,7,7,7,14,17,17,14,10,5,5,10,6,1,0,11
17,15,18,18,18,17,18,19,19,15,15,17,19,20,19,13,15,18,15,15,15,14,17,15,15,15,15,15,15,17,20,20,11,15,15,17,15,3,9,15,21,11,9,12,15,17,17,19,17,14,17,15,14,17,13,19,19,7,9,9,15,20,15,18,14,0,14,11,9,13,7,15,15,13,3,15,18,24,20,15,1,0,11,11,5,1,3,11,19,7,6,12,12,19,22,21,3,3,3,20,0,5,3,9,14,0,6,12,14,13,18,19,3,3,3,18,13,1,5,1,11,0,3,12,11,12,14,14,3,3,3,1,17,1,3,6,11,7,5,14,15,12,11,14,3,3,3,1,3,14,10,7,7,7,20,19,23,17,15,15,1,3,3,3,9,7,3,3,3,18,19,25,13,5,7,12,1,3,5,5,6,1,0,5,3,10,17,13,9,7,10,6,3,3,6,3,7,10,14,17,15,17,12,12,9,6,7,3,5,7,3,7,7,12,14,14,14,13,11,7,6,5,3,3,7,9,3,5,12,10,9,14,13,11,11,10,6,3,10,5,3,9,6,15,17,17,15,12,7,3,7,10,3,0,6,9
0,15,14,14,15,14,14,13,15,14,13,13,14,15,18,20,0,15,18,17,15,15,3,14,12,15,13,13,18,19,15,19,0,13,12,17,15,17,14,11,21,21,11,9,9,15,18,15,0,21,10,18,15,12,15,11,15,15,9,5,13,15,21,18,0,3,0,11,3,3,3,5,13,18,11,7,14,15,22,23,0,3,3,7,17,3,5,3,13,19,3,6,9,13,15,20,0,3,5,3,20,7,3,3,0,12,0,3,12,15,13,15,0,3,3,3,12,15,3,1,3,12,3,3,13,13,13,14,0,3,3,3,1,11,7,9,9,6,14,14,18,21,15,13,0,3,3,1,1,1,14,6,3,13,7,17,25,15,10,11,0,1,3,6,3,3,1,0,3,1,18,22,15,7,5,5,0,3,3,3,5,7,1,9,10,11,15,12,12,10,9,9,0,7,5,5,7,6,12,13,14,15,15,12,9,7,5,3,0,6,7,3,3,9,11,12,14,13,12,11,7,6,5,6,0,7,7,5,10,17,13,10,10,9,7,11,10,3,1,7,0,6,13,10,13,17,17,18,19,14,7,9,12,3,1,11
6,15,14,14,14,14,13,15,15,13,13,14,14,17,19,20,7,18,17,15,15,10,12,12,15,15,13,15,18,18,17,21,3,14,15,17,18,13,6,19,20,17,7,7,11,17,18,18,0,18,14,15,12,15,10,15,15,14,3,11,15,23,20,15,0,0,5,14,1,5,0,7,18,20,7,7,14,19,23,18,1,0,3,18,10,5,1,7,11,19,3,5,12,12,18,21,3,0,3,13,15,5,3,3,7,3,3,6,15,14,15,17,3,1,5,1,20,1,1,3,6,11,3,7,15,9,15,14,3,3,1,5,1,14,3,9,13,1,15,13,20,23,13,15,1,3,3,5,3,9,13,3,7,11,11,22,21,11,9,11,0,6,3,3,5,1,1,1,0,7,21,20,15,3,3,5,0,3,5,3,9,5,6,7,13,12,14,13,11,11,7,10,3,5,5,3,5,10,12,13,15,15,14,10,7,5,3,3,5,7,6,3,5,13,10,14,14,12,11,10,6,7,6,7,3,9,7,7,6,15,13,9,10,9,9,10,7,3,3,10,12,10,11,10,15,17,17,19,17,10,7,11,7,0,6,15
15,14,14,15,14,14,13,15,14,13,13,14,15,18,20,18,15,18,17,15,15,3,14,12,15,13,13,18,19,15,19,19,13,12,17,15,17,14,11,21,21,11,9,9,15,18,15,19,21,10,18,15,12,15,11,15,15,9,5,13,15,21,18,18,3,0,11,3,3,3,5,13,18,11,7,14,15,22,23,15,3,3,7,17,3,5,3,13,19,3,6,9,13,15,20,23,3,5,3,20,7,3,3,0,12,0,3,12,15,13,15,15,3,3,3,12,15,3,1,3,12,3,3,13,13,13,14,15,3,3,3,1,11,7,9,9,6,14,14,18,21,15,13,15,3,3,1,1,1,14,6,3,13,7,17,25,15,10,11,14,1,3,6,3,3,1,0,3,1,18,22,15,7,5,5,7,3,3,3,5,7,1,9,10,11,15,12,12,10,9,9,3,7,5,5,7,6,12,13,14,15,15,12,9,7,5,3,3,6,7,3,3,9,11,12,14,13,12,11,7,6,5,6,3,7,7,5,10,17,13,10,10,9,7,11,10,3,1,7,10,6,13,10,13,17,17,18,19,14,7,9,12,3,1,11,5
0,0,0,0,0,0,0,0,0,0,0,0,0,0,0,0,0,0,0,0,0,0,0,0,0,0,0,0,0,0,0,0,0,0,0,0,0,0,0,0,0,0,0,0,0,0,0,0,0,0,0,0,0,0,0,0,0,0,1,0,0,0,0,0,0,3,0,0,0,0,0,0,0,0,3,0,0,0,0,0,0,1,6,0,0,6,0,0,0,0,0,0,0,0,0,0,0,0,7,0,0,14,3,1,0,0,9,0,0,0,0,0,0,0,0,0,0,0,0,1,0,0,10,0,0,0,0,0,0,1,3,0,0,0,10,0,0,0,0,0,0,0,0,0,0,0,5,0,7,0,0,0,0,0,1,0,0,0,0,0,0,6,3,0,6,0,0,0,6,0,0,0,0,1,0,0,0,21,5,0,20,1,0,5,0,0,0,3,6,3,3,1,0,15,15,6,12,0,0,7,7,7,7,10,11,14,12,13,0,7,10,14,5,0,7,7,7,7,11,12,14,12,13,18,0,12,12,10,5,3,9,9,9,9,11,11,15,14,18,11,0,9,15,10,7,3,10,10,10,11,12,10,12,17,12,11
0,0,0,0,0,0,0,0,0,0,0,0,0,0,0,0,0,0,0,0,0,0,0,0,0,0,0,0,0,0,0,0,0,0,0,0,0,0,1,0,0,0,0,0,0,0,0,0,0,0,0,0,0,0,0,0,0,0,0,0,0,0,0,0,0,0,0,0,0,0,0,0,0,0,3,0,0,0,0,0,7,0,3,0,7,0,0,0,0,0,3,0,0,0,0,0,7,9,1,0,0,1,3,0,0,0,7,0,0,0,0,0,10,9,0,0,0,0,0,0,0,0,5,0,0,0,0,0,12,7,1,0,0,0,0,0,0,0,0,0,0,0,0,0,15,6,3,0,1,0,0,0,0,0,0,0,0,0,0,0,11,3,0,0,1,3,1,7,0,0,0,0,0,0,0,0,1,6,0,0,22,0,3,3,0,0,0,6,5,1,5,3,0,19,7,6,3,0,6,7,7,7,9,10,13,13,13,14,0,9,15,17,0,7,7,6,7,9,11,15,14,12,15,20,0,13,9,20,0,6,13,9,9,10,12,13,15,15,15,11,1,12,13,3,6,7,10,11,11,11,12,10,15,15,12,9
0,0,0,0,0,0,0,0,0,0,0,0,0,0,0,0,0,0,0,0,0,0,0,0,0,0,0,0,0,0,0,0,0,0,0,0,0,0,0,0,0,0,0,0,0,0,0,0,0,0,0,0,0,0,0,0,0,1,0,0,0,0,0,0,3,0,0,0,0,0,0,0,0,3,0,0,0,0,0,0,1,6,0,0,6,0,0,0,0,0,0,0,0,0,0,0,0,7,0,0,14,3,1,0,0,9,0,0,0,0,0,0,0,0,0,0,0,0,1,0,0,10,0,0,0,0,0,0,1,3,0,0,0,10,0,0,0,0,0,0,0,0,0,0,0,5,0,7,0,0,0,0,0,1,0,0,0,0,0,0,6,3,0,6,0,0,0,6,0,0,0,0,1,0,0,0,21,5,0,20,1,0,5,0,0,0,3,6,3,3,1,10,15,15,6,12,0,0,7,7,7,7,10,11,14,12,13,14,7,10,14,5,0,7,7,7,7,11,12,14,12,13,18,15,12,12,10,5,3,9,9,9,9,11,11,15,14,18,11,17,9,15,10,7,3,10,10,10,11,12,10,12,17,12,11,15
0,0,0,0,0,0,0,0,0,0,0,0,0,0,0,0,0,0,0,0,0,0,0,0,0,0,0,0,0,0,0,0,0,0,0,0,0,0,0,0,0,0,0,0,0,0,0,0,0,1,0,0,0,0,0,0,0,0,5,0,0,0,0,0,0,3,1,0,1,3,0,0,0,0,0,0,0,0,0,0,0,0,3,0,0,3,0,0,0,0,5,0,0,0,0,0,0,0,5,0,0,1,0,3,0,0,11,0,0,0,0,0,0,0,0,0,0,0,7,0,0,0,6,0,0,0,0,0,0,0,7,0,0,0,0,0,0,0,1,0,0,0,0,0,0,1,3,0,5,0,0,0,0,0,1,0,0,0,0,0,0,13,1,0,15,1,0,10,3,0,0,0,0,0,0,0,0,23,7,0,18,0,0,3,3,3,6,6,7,9,11,7,0,7,18,6,9,0,7,7,6,5,7,12,14,15,12,15,0,11,7,20,3,0,9,9,9,9,11,12,13,12,17,18,0,12,14,7,11,7,11,11,9,12,12,13,13,17,15,13,0,13,14,12,5,6,7,7,10,10,13,7,11,15,10,9
0,0,0,0,0,0,0,0,0,0,0,0,0,0,0,0,0,0,0,0,0,0,0,0,0,0,0,0,0,0,0,0,0,0,0,0,0,0,3,0,0,0,0,0,0,0,0,0,0,0,0,0,0,0,0,0,0,0,0,0,0,0,0,0,5,0,0,0,1,0,0,0,0,0,5,0,0,0,0,0,6,9,3,0,3,0,0,0,0,0,9,0,0,0,0,0,7,9,0,0,0,0,7,0,0,0,6,0,0,0,0,0,12,7,0,0,0,0,1,0,0,0,0,0,0,0,0,0,14,7,0,0,0,0,0,0,0,0,0,0,0,0,0,0,14,3,3,0,3,0,0,0,0,0,0,0,0,0,0,0,7,1,0,0,13,1,3,11,0,0,0,0,1,3,0,0,0,12,3,5,7,0,0,1,3,7,6,6,10,10,10,9,0,14,9,15,0,0,7,7,6,6,11,13,15,13,13,18,0,10,9,19,0,5,9,9,9,10,11,14,13,13,21,15,0,14,11,7,0,7,12,10,10,13,11,12,15,17,11,13,0,11,13,9,7,7,7,9,9,13,10,10,14,15,7,12
0,0,0,0,0,0,0,0,0,0,0,0,0,0,0,0,0,0,0,0,0,0,0,0,0,0,0,0,0,0,0,0,0,0,0,0,0,0,0,0,0,0,0,0,0,0,0,0,1,0,0,0,0,0,0,0,0,5,0,0,0,0,0,0,3,1,0,1,3,0,0,0,0,0,0,0,0,0,0,0,0,3,0,0,3,0,0,0,0,5,0,0,0,0,0,0,0,5,0,0,1,0,3,0,0,11,0,0,0,0,0,0,0,0,0,0,0,7,0,0,0,6,0,0,0,0,0,0,0,7,0,0,0,0,0,0,0,1,0,0,0,0,0,0,1,3,0,5,0,0,0,0,0,1,0,0,0,0,0,0,13,1,0,15,1,0,10,3,0,0,0,0,0,0,0,3,23,7,0,18,0,0,3,3,3,6,6,7,9,11,7,12,7,18,6,9,0,7,7,6,5,7,12,14,15,12,15,17,11,7,20,3,0,9,9,9,9,11,12,13,12,17,18,15,12,14,7,11,7,11,11,9,12,12,13,13,17,15,13,19,13,14,12,5,6,7,7,10,10,13,7,11,15,10,9,11
0,0,0,0,0,0,0,0,0,0,0,0,0,0,0,0,0,0,0,0,0,0,0,0,0,0,0,0,0,0,0,0,0,0,0,0,0,0,0,0,0,0,1,0,0,0,0,0,0,3,0,0,0,0,0,0,0,0,3,0,0,0,0,0,0,1,6,0,0,6,0,0,0,0,0,0,0,0,0,0,0,0,7,0,0,14,3,1,0,0,9,0,0,0,0,0,0,0,0,0,0,0,0,1,0,0,10,0,0,0,0,0,0,1,3,0,0,0,10,0,0,0,0,0,0,0,0,0,0,0,5,0,7,0,0,0,0,0,1,0,0,0,0,0,0,6,3,0,6,0,0,0,6,0,0,0,0,1,0,0,0,21,5,0,20,1,0,5,0,0,0,3,6,3,3,1,0,15,15,6,12,0,0,7,7,7,7,10,11,14,12,13,0,7,10,14,5,0,7,7,7,7,11,12,14,12,13,18,0,12,12,10,5,3,9,9,9,9,11,11,15,14,18,11,0,9,15,10,7,3,10,10,10,11,12,10,12,17,12,11,0,3,3,3,1,0,3,1,0,5,3,3,0,5,3,1
0,0,0,0,0,0,0,0,0,0,0,0,0,0,0,0,0,0,0,0,0,0,1,0,0,0,0,0,0,0,0,0,0,0,0,0,0,0,0,0,0,0,0,0,0,0,0,0,0,0,0,0,0,0,0,0,0,0,3,0,0,0,0,0,7,0,3,0,7,0,0,0,0,0,3,0,0,0,0,0,7,9,1,0,0,1,3,0,0,0,7,0,0,0,0,0,10,9,0,0,0,0,0,0,0,0,5,0,0,0,0,0,12,7,1,0,0,0,0,0,0,0,0,0,0,0,0,0,15,6,3,0,1,0,0,0,0,0,0,0,0,0,0,0,11,3,0,0,1,3,1,7,0,0,0,0,0,0,0,0,1,6,0,0,22,0,3,3,0,0,0,6,5,1,5,3,0,19,7,6,3,0,6,7,7,7,9,10,13,13,13,14,0,9,15,17,0,7,7,6,7,9,11,15,14,12,15,20,0,13,9,20,0,6,13,9,9,10,12,13,15,15,15,11,1,12,13,3,6,7,10,11,11,11,12,10,15,15,12,9,0,3,3,0,0,1,1,1,3,5,3,3,5,5,0,5
0,0,0,0,0,0,0,0,0,0,0,0,0,0,0,0,0,0,0,0,0,0,0,0,0,0,0,0,0,0,0,0,0,0,0,0,0,0,0,0,0,1,0,0,0,0,0,0,3,0,0,0,0,0,0,0,0,3,0,0,0,0,0,0,1,6,0,0,6,0,0,0,0,0,0,0,0,0,0,0,0,7,0,0,14,3,1,0,0,9,0,0,0,0,0,0,0,0,0,0,0,0,1,0,0,10,0,0,0,0,0,0,1,3,0,0,0,10,0,0,0,0,0,0,0,0,0,0,0,5,0,7,0,0,0,0,0,1,0,0,0,0,0,0,6,3,0,6,0,0,0,6,0,0,0,0,1,0,0,0,21,5,0,20,1,0,5,0,0,0,3,6,3,3,1,10,15,15,6,12,0,0,7,7,7,7,10,11,14,12,13,14,7,10,14,5,0,7,7,7,7,11,12,14,12,13,18,15,12,12,10,5,3,9,9,9,9,11,11,15,14,18,11,17,9,15,10,7,3,10,10,10,11,12,10,12,17,12,11,15,3,3,3,1,0,3,1,0,5,3,3,0,5,3,1,1
0,0,0,0,0,0,0,0,0,0,0,0,0,0,0,0,0,3,1,3,3,3,3,3,0,0,0,0,0,0,1,1,0,3,3,5,1,6,5,0,0,0,0,1,0,0,0,1,0,0,0,0,0,6,0,0,0,7,14,3,0,0,3,1,0,0,21,3,3,0,0,3,6,6,17,0,3,0,5,9,0,0,15,0,9,0,7,0,0,0,18,0,0,3,0,12,0,0,0,0,15,0,0,0,0,0,38,0,0,5,0,5,0,0,0,0,0,13,1,0,0,0,27,0,0,6,9,3,0,0,0,0,0,15,12,0,0,0,23,0,0,7,6,0,0,0,0,0,0,7,0,0,6,3,0,3,0,7,7,14,0,0,0,0,6,0,5,0,0,6,0,0,0,14,10,0,0,0,0,0,20,0,10,12,0,0,0,6,13,7,0,0,0,0,0,0,7,0,0,0,0,0,1,3,3,3,5,1,0,0,1,0,0,0,1,3,3,3,7,6,7,3,0,1,0,0,1,15,0,0,3,0,5,6,6,3,1,0,10,0,0,0,5,3,0,0,3,0,0,7,5,5,3,13,5,0
0,0,0,0,0,0,0,0,0,0,0,0,0,0,0,0,0,3,1,3,3,5,3,1,0,0,0,0,0,3,1,5,0,5,3,3,3,7,0,0,0,0,1,0,0,0,0,5,0,0,0,3,1,13,0,0,0,21,7,0,3,0,6,3,0,0,15,3,0,0,9,0,7,14,0,0,0,0,12,1,0,10,0,5,15,0,5,0,6,0,15,0,3,3,3,12,0,6,0,3,17,0,0,0,0,14,11,0,3,0,0,15,0,15,0,0,15,0,5,0,1,12,0,0,3,9,3,5,0,3,0,5,6,15,0,0,0,15,0,0,0,7,0,12,0,0,0,9,0,12,0,0,1,7,0,0,0,11,9,7,0,0,0,0,0,0,11,10,0,5,0,0,10,10,0,0,0,0,0,0,0,0,14,0,0,0,0,9,13,1,0,0,0,0,0,7,0,0,0,0,0,0,3,3,3,6,0,3,0,5,0,3,0,0,5,0,3,5,7,5,7,0,0,7,0,0,3,0,0,1,1,5,5,5,6,3,0,1,10,0,0,3,3,3,0,1,1,0,6,7,5,3,9,13,0,3
0,0,0,0,0,0,0,0,0,0,0,0,0,0,0,0,3,1,3,3,3,3,3,0,0,0,0,0,0,1,1,20,3,3,5,1,6,5,0,0,0,0,1,0,0,0,1,19,0,0,0,0,6,0,0,0,7,14,3,0,0,3,1,19,0,21,3,3,0,0,3,6,6,17,0,3,0,5,9,15,0,15,0,9,0,7,0,0,0,18,0,0,3,0,12,15,0,0,0,15,0,0,0,0,0,38,0,0,5,0,5,28,0,0,0,0,13,1,0,0,0,27,0,0,6,9,3,24,0,0,0,0,15,12,0,0,0,23,0,0,7,6,0,24,0,0,0,0,7,0,0,6,3,0,3,0,7,7,14,14,0,0,0,6,0,5,0,0,6,0,0,0,14,10,0,7,0,0,0,20,0,10,12,0,0,0,6,13,7,0,0,3,0,0,0,7,0,0,0,0,0,1,3,3,3,5,1,9,0,1,0,0,0,1,3,3,3,7,6,7,3,0,1,9,0,1,15,0,0,3,0,5,6,6,3,1,0,10,0,0,0,5,3,0,0,3,0,0,7,5,5,3,13,5,0,15
0,1,1,3,3,3,1,3,3,3,0,0,0,0,0,0,0,3,1,3,1,3,1,0,0,0,0,0,0,0,0,1,0,1,0,1,0,5,6,0,0,0,13,3,3,5,0,0,0,0,3,1,3,3,0,0,6,13,15,0,0,0,5,5,0,0,25,0,3,0,14,0,0,3,13,0,0,0,3,13,0,0,0,0,17,0,0,0,0,1,27,0,0,5,0,9,0,0,0,0,1,12,1,0,0,0,37,0,0,7,0,5,0,0,0,0,0,12,6,0,0,0,24,0,0,7,11,0,0,0,0,0,0,7,0,0,0,0,15,0,0,7,0,5,0,0,0,0,7,0,0,3,5,10,0,5,0,13,18,6,0,0,0,0,10,0,1,14,0,0,0,0,7,7,0,0,0,0,0,0,26,0,0,0,0,0,0,9,7,3,1,0,0,0,0,0,0,0,0,3,5,3,5,3,5,6,3,1,0,0,1,5,0,0,3,1,3,6,7,7,3,0,0,7,0,0,3,12,0,0,1,0,3,7,6,5,3,3,12,0,0,0,7,3,0,0,7,3,3,3,5,1,7,15,0,0
0,3,1,3,3,1,3,3,3,1,0,0,0,0,0,0,0,3,1,3,1,3,0,0,0,0,0,0,0,0,0,5,0,0,0,3,0,15,0,0,0,5,9,1,1,3,0,3,0,0,3,3,3,5,0,0,12,19,3,0,0,0,11,0,0,7,7,5,1,0,15,0,3,6,5,0,0,0,7,6,0,7,0,3,22,0,0,0,0,5,19,0,1,0,0,18,0,10,0,0,17,0,3,0,5,15,0,0,3,0,1,10,0,13,0,0,7,7,0,0,0,14,0,0,0,12,3,5,0,0,0,7,0,18,1,0,0,10,0,0,1,3,0,12,0,0,0,6,0,0,7,7,0,0,10,0,3,18,12,3,0,0,0,0,0,0,11,15,0,1,0,0,15,0,0,0,1,0,0,6,0,0,0,0,0,0,5,9,1,3,0,3,0,0,0,3,0,0,1,3,5,1,6,3,6,3,1,1,0,0,0,0,0,3,1,3,5,7,7,6,0,0,3,3,0,1,3,3,0,0,1,3,5,7,5,5,0,12,0,0,0,3,3,3,0,9,5,0,5,3,1,3,14,7,0,3
1,1,3,3,3,1,3,3,3,0,0,0,0,0,0,6,3,1,3,1,3,1,0,0,0,0,0,0,0,0,1,21,1,0,1,0,5,6,0,0,0,13,3,3,5,0,0,19,0,3,1,3,3,0,0,6,13,15,0,0,0,5,5,15,0,25,0,3,0,14,0,0,3,13,0,0,0,3,13,13,0,0,0,17,0,0,0,0,1,27,0,0,5,0,9,23,0,0,0,1,12,1,0,0,0,37,0,0,7,0,5,27,0,0,0,0,12,6,0,0,0,24,0,0,7,11,0,24,0,0,0,0,7,0,0,0,0,15,0,0,7,0,5,17,0,0,0,7,0,0,3,5,10,0,5,0,13,18,6,14,0,0,0,10,0,1,14,0,0,0,0,7,7,0,0,0,0,0,0,26,0,0,0,0,0,0,9,7,3,1,0,10,0,0,0,0,0,0,3,5,3,5,3,5,6,3,1,10,0,1,5,0,0,3,1,3,6,7,7,3,0,0,7,3,0,3,12,0,0,1,0,3,7,6,5,3,3,12,0,11,0,7,3,0,0,7,3,3,3,5,1,7,15,0,0,14
0,3,1,3,3,3,3,3,0,0,0,0,0,0,1,1,0,3,3,5,1,6,5,0,0,0,0,1,0,0,0,1,0,0,0,0,0,6,0,0,0,7,14,3,0,0,3,1,0,0,21,3,3,0,0,3,6,6,17,0,3,0,5,9,0,0,15,0,9,0,7,0,0,0,18,0,0,3,0,12,0,0,0,0,15,0,0,0,0,0,38,0,0,5,0,5,0,0,0,0,0,13,1,0,0,0,27,0,0,6,9,3,0,0,0,0,0,15,12,0,0,0,23,0,0,7,6,0,0,0,0,0,0,7,0,0,6,3,0,3,0,7,7,14,0,0,0,0,6,0,5,0,0,6,0,0,0,14,10,0,0,0,0,0,20,0,10,12,0,0,0,6,13,7,0,0,0,0,0,0,7,0,0,0,0,0,1,3,3,3,5,1,0,0,1,0,0,0,1,3,3,3,7,6,7,3,0,1,0,0,1,15,0,0,3,0,5,6,6,3,1,0,10,0,0,0,5,3,0,0,3,0,0,7,5,5,3,13,5,0,0,12,21,19,19,20,26,25,22,23,15,12,22,21,0,15
0,3,1,3,3,5,3,1,0,0,0,0,0,3,1,5,0,5,3,3,3,7,0,0,0,0,1,0,0,0,0,5,0,0,0,3,1,13,0,0,0,21,7,0,3,0,6,3,0,0,15,3,0,0,9,0,7,14,0,0,0,0,12,1,0,10,0,5,15,0,5,0,6,0,15,0,3,3,3,12,0,6,0,3,17,0,0,0,0,14,11,0,3,0,0,15,0,15,0,0,15,0,5,0,1,12,0,0,3,9,3,5,0,3,0,5,6,15,0,0,0,15,0,0,0,7,0,12,0,0,0,9,0,12,0,0,1,7,0,0,0,11,9,7,0,0,0,0,0,0,11,10,0,5,0,0,10,10,0,0,0,0,0,0,0,0,14,0,0,0,0,9,13,1,0,0,0,0,0,7,0,0,0,0,0,0,3,3,3,6,0,3,0,5,0,3,0,0,5,0,3,5,7,5,7,0,0,7,0,0,3,0,0,1,1,5,5,5,6,3,0,1,10,0,0,3,3,3,0,1,1,0,6,7,5,3,9,13,0,3,7,15,20,17,20,26,24,22,23,21,9,18,27,9,0,21
3,1,3,3,3,3,3,0,0,0,0,0,0,1,1,20,3,3,5,1,6,5,0,0,0,0,1,0,0,0,1,19,0,0,0,0,6,0,0,0,7,14,3,0,0,3,1,19,0,21,3,3,0,0,3,6,6,17,0,3,0,5,9,15,0,15,0,9,0,7,0,0,0,18,0,0,3,0,12,15,0,0,0,15,0,0,0,0,0,38,0,0,5,0,5,28,0,0,0,0,13,1,0,0,0,27,0,0,6,9,3,24,0,0,0,0,15,12,0,0,0,23,0,0,7,6,0,24,0,0,0,0,7,0,0,6,3,0,3,0,7,7,14,14,0,0,0,6,0,5,0,0,6,0,0,0,14,10,0,7,0,0,0,20,0,10,12,0,0,0,6,13,7,0,0,3,0,0,0,7,0,0,0,0,0,1,3,3,3,5,1,9,0,1,0,0,0,1,3,3,3,7,6,7,3,0,1,9,0,1,15,0,0,3,0,5,6,6,3,1,0,10,0,0,0,5,3,0,0,3,0,0,7,5,5,3,13,5,0,15,12,21,19,19,20,26,25,22,23,15,12,22,21,0,15,25
0,0,0,0,0,0,0,0,0,0,0,0,0,0,0,0,0,0,3,1,1,1,0,1,1,0,0,1,3,1,1,1,0,0,3,3,3,5,1,3,3,3,5,0,1,5,3,3,0,0,6,3,3,1,6,1,3,3,3,0,0,0,3,6,0,0,3,3,3,3,5,0,0,1,3,6,0,1,1,6,0,22,1,3,3,35,15,12,0,0,3,5,0,1,1,3,0,20,7,5,0,3,18,27,3,1,0,27,0,1,1,1,0,26,15,3,0,1,11,28,13,0,0,26,0,1,1,0,0,35,30,1,3,0,6,22,1,0,0,18,0,3,1,3,0,44,35,22,1,0,3,1,0,1,1,1,3,3,3,0,0,34,29,31,3,10,5,1,18,1,1,3,3,3,1,1,0,12,28,27,5,70,20,6,25,11,3,3,3,1,3,3,0,0,17,25,25,63,10,3,3,3,3,3,3,1,1,1,0,0,1,11,48,34,3,1,3,3,3,3,1,1,1,3,0,1,3,0,45,5,3,1,1,1,1,1,1,1,1,1,0,0,3,1,5,3,3,3,3,1,0,0,1,0,11,3
0,0,0,0,0,0,0,0,0,0,0,0,0,0,0,0,0,3,1,1,1,1,0,1,0,0,1,1,1,1,1,1,0,3,3,3,3,3,1,3,1,6,3,0,3,3,3,3,0,1,6,3,3,3,6,0,3,3,0,0,0,1,5,3,6,3,3,3,3,3,3,0,1,0,3,0,1,1,3,6,11,3,1,5,11,41,9,5,0,1,1,7,0,0,1,7,10,1,12,1,1,27,11,17,1,0,3,9,0,1,1,3,10,1,11,6,0,1,11,36,0,0,14,7,0,1,0,1,10,12,31,5,1,0,35,3,1,0,5,1,1,3,3,1,14,26,38,3,7,0,3,0,0,0,3,3,3,3,1,1,1,31,33,7,9,5,3,1,20,3,3,3,3,3,1,1,0,34,31,9,41,44,5,10,26,3,3,3,1,3,3,3,0,6,25,21,59,38,0,3,3,3,3,3,1,1,1,1,10,0,0,17,62,3,1,3,3,3,3,3,1,1,0,6,7,3,1,0,45,1,1,3,1,1,1,1,1,1,1,0,11,0,1,1,7,3,3,3,3,0,0,1,1,7,9,3
0,0,0,0,0,0,0,0,0,0,0,0,0,0,0,0,0,3,1,1,1,0,1,1,0,0,1,3,1,1,1,1,0,3,3,3,5,1,3,3,3,5,0,1,5,3,3,3,0,6,3,3,1,6,1,3,3,3,0,0,0,3,6,3,0,3,3,3,3,5,0,0,1,3,6,0,1,1,6,3,22,1,3,3,35,15,12,0,0,3,5,0,1,1,3,7,20,7,5,0,3,18,27,3,1,0,27,0,1,1,1,3,26,15,3,0,1,11,28,13,0,0,26,0,1,1,0,3,35,30,1,3,0,6,22,1,0,0,18,0,3,1,3,3,44,35,22,1,0,3,1,0,1,1,1,3,3,3,0,3,34,29,31,3,10,5,1,18,1,1,3,3,3,1,1,3,12,28,27,5,70,20,6,25,11,3,3,3,1,3,3,3,0,17,25,25,63,10,3,3,3,3,3,3,1,1,1,3,0,1,11,48,34,3,1,3,3,3,3,1,1,1,3,1,1,3,0,45,5,3,1,1,1,1,1,1,1,1,1,1,0,3,1,5,3,3,3,3,1,0,0,1,0,11,3,3
0,1,1,1,1,1,1,1,1,1,0,0,0,0,0,0,0,1,3,3,3,3,1,3,3,3,3,3,3,5,3,3,0,0,3,5,3,3,3,1,3,5,3,0,0,1,3,5,0,0,6,5,3,0,3,1,1,1,3,0,0,0,3,6,0,10,0,3,3,15,5,5,0,1,5,7,0,1,1,3,0,18,0,3,1,24,28,21,1,1,1,15,1,1,1,1,0,23,9,6,0,1,10,31,6,0,0,30,0,1,3,1,0,29,23,1,1,1,15,27,9,0,0,20,0,1,0,1,0,40,35,7,3,0,1,14,1,1,0,3,0,1,3,1,0,43,31,28,3,10,0,3,3,1,3,0,3,3,1,0,0,23,28,28,3,29,7,7,29,7,0,3,5,3,3,3,0,0,27,31,15,72,14,0,3,1,3,3,3,3,3,3,0,0,0,15,36,50,0,3,3,3,3,3,1,1,1,1,0,1,3,0,55,22,1,1,3,3,1,1,3,1,0,3,0,1,3,0,18,1,3,3,3,3,1,1,1,1,3,1,0,1,1,0,3,1,3,3,3,3,0,0,0,0,15,1
0,3,0,1,1,1,1,1,1,0,0,0,0,0,0,0,0,3,3,3,3,3,0,3,3,3,3,3,5,3,3,3,0,1,3,3,3,3,9,3,5,5,0,0,1,3,5,3,0,3,6,3,3,3,3,0,1,1,0,0,1,1,3,5,14,1,0,3,3,12,3,1,0,1,3,0,1,1,1,7,11,7,10,1,0,44,14,7,1,1,0,10,1,1,0,5,10,1,10,3,1,12,11,34,1,0,7,6,0,3,0,1,10,3,23,5,1,0,31,21,0,0,11,3,1,1,0,3,13,20,37,3,1,0,7,3,0,1,3,3,0,3,3,1,9,31,36,1,7,0,3,1,0,3,0,0,3,3,0,1,0,33,31,11,27,13,1,13,35,1,3,5,3,3,3,3,0,27,30,17,44,59,0,0,7,3,3,3,3,3,3,3,6,0,13,20,63,21,1,3,3,3,3,3,1,1,1,1,9,1,1,14,53,1,1,1,3,3,1,1,3,1,1,0,10,1,0,0,25,3,3,3,1,1,1,1,1,0,1,1,7,0,0,1,1,1,3,3,3,1,0,1,0,10,9,3
1,1,1,1,1,1,1,1,1,0,0,0,0,0,0,0,1,3,3,3,3,1,3,3,3,3,3,3,5,3,3,3,0,3,5,3,3,3,1,3,5,3,0,0,1,3,5,3,0,6,5,3,0,3,1,1,1,3,0,0,0,3,6,3,10,0,3,3,15,5,5,0,1,5,7,0,1,1,3,5,18,0,3,1,24,28,21,1,1,1,15,1,1,1,1,6,23,9,6,0,1,10,31,6,0,0,30,0,1,3,1,1,29,23,1,1,1,15,27,9,0,0,20,0,1,0,1,3,40,35,7,3,0,1,14,1,1,0,3,0,1,3,1,3,43,31,28,3,10,0,3,3,1,3,0,3,3,1,0,1,23,28,28,3,29,7,7,29,7,0,3,5,3,3,3,3,0,27,31,15,72,14,0,3,1,3,3,3,3,3,3,1,0,0,15,36,50,0,3,3,3,3,3,1,1,1,1,1,1,3,0,55,22,1,1,3,3,1,1,3,1,0,3,1,1,3,0,18,1,3,3,3,3,1,1,1,1,3,1,3,1,1,0,3,1,3,3,3,3,0,0,0,0,15,1,1
0,0,3,1,1,1,0,1,1,0,0,1,3,1,1,1,0,0,3,3,3,5,1,3,3,3,5,0,1,5,3,3,0,0,6,3,3,1,6,1,3,3,3,0,0,0,3,6,0,0,3,3,3,3,5,0,0,1,3,6,0,1,1,6,0,22,1,3,3,35,15,12,0,0,3,5,0,1,1,3,0,20,7,5,0,3,18,27,3,1,0,27,0,1,1,1,0,26,15,3,0,1,11,28,13,0,0,26,0,1,1,0,0,35,30,1,3,0,6,22,1,0,0,18,0,3,1,3,0,44,35,22,1,0,3,1,0,1,1,1,3,3,3,0,0,34,29,31,3,10,5,1,18,1,1,3,3,3,1,1,0,12,28,27,5,70,20,6,25,11,3,3,3,1,3,3,0,0,17,25,25,63,10,3,3,3,3,3,3,1,1,1,0,0,1,11,48,34,3,1,3,3,3,3,1,1,1,3,0,1,3,0,45,5,3,1,1,1,1,1,1,1,1,1,0,0,3,1,5,3,3,3,3,1,0,0,1,0,11,3,0,0,0,0,0,0,0,0,0,0,0,0,0,0,10,0
0,3,1,1,1,1,0,1,0,0,1,1,1,1,1,1,0,3,3,3,3,3,1,3,1,6,3,0,3,3,3,3,0,1,6,3,3,3,6,0,3,3,0,0,0,1,5,3,6,3,3,3,3,3,3,0,1,0,3,0,1,1,3,6,11,3,1,5,11,41,9,5,0,1,1,7,0,0,1,7,10,1,12,1,1,27,11,17,1,0,3,9,0,1,1,3,10,1,11,6,0,1,11,36,0,0,14,7,0,1,0,1,10,12,31,5,1,0,35,3,1,0,5,1,1,3,3,1,14,26,38,3,7,0,3,0,0,0,3,3,3,3,1,1,1,31,33,7,9,5,3,1,20,3,3,3,3,3,1,1,0,34,31,9,41,44,5,10,26,3,3,3,1,3,3,3,0,6,25,21,59,38,0,3,3,3,3,3,1,1,1,1,10,0,0,17,62,3,1,3,3,3,3,3,1,1,0,6,7,3,1,0,45,1,1,3,1,1,1,1,1,1,1,0,11,0,1,1,7,3,3,3,3,0,0,1,1,7,9,3,0,0,0,0,0,0,0,0,0,0,0,0,0,0,5,0
0,3,1,1,1,0,1,1,0,0,1,3,1,1,1,1,0,3,3,3,5,1,3,3,3,5,0,1,5,3,3,3,0,6,3,3,1,6,1,3,3,3,0,0,0,3,6,3,0,3,3,3,3,5,0,0,1,3,6,0,1,1,6,3,22,1,3,3,35,15,12,0,0,3,5,0,1,1,3,7,20,7,5,0,3,18,27,3,1,0,27,0,1,1,1,3,26,15,3,0,1,11,28,13,0,0,26,0,1,1,0,3,35,30,1,3,0,6,22,1,0,0,18,0,3,1,3,3,44,35,22,1,0,3,1,0,1,1,1,3,3,3,0,3,34,29,31,3,10,5,1,18,1,1,3,3,3,1,1,3,12,28,27,5,70,20,6,25,11,3,3,3,1,3,3,3,0,17,25,25,63,10,3,3,3,3,3,3,1,1,1,3,0,1,11,48,34,3,1,3,3,3,3,1,1,1,3,1,1,3,0,45,5,3,1,1,1,1,1,1,1,1,1,1,0,3,1,5,3,3,3,3,1,0,0,1,0,11,3,3,0,0,0,0,0,0,0,0,0,0,0,0,0,10,0,0
0,0,0,0,0,0,0,0,0,0,0,0,0,0,0,0,0,0,0,0,0,0,0,0,0,0,0,0,0,0,0,0,0,0,0,0,0,0,0,0,0,0,0,0,0,0,0,0,0,0,0,0,0,0,0,0,0,0,0,0,0,0,0,0,0,5,0,0,0,0,0,0,0,0,0,0,0,0,0,0,0,0,0,0,0,0,0,0,0,1,0,0,0,0,0,0,0,0,0,0,0,3,1,0,0,3,0,0,0,1,1,0,0,0,3,0,0,5,0,0,0,3,3,0,0,1,0,0,0,0,3,0,0,1,0,5,0,0,3,0,0,0,0,0,0,1,1,0,0,0,7,0,0,0,6,0,0,0,0,0,0,3,3,1,5,0,0,0,0,0,0,1,6,0,0,0,0,3,1,3,0,0,1,1,3,0,7,7,3,5,6,3,0,18,6,0,1,15,7,14,13,7,11,12,14,14,14,13,0,15,10,0,6,12,7,11,11,13,13,15,13,14,15,15,0,18,11,0,14,7,11,11,11,13,14,15,15,18,15,15,0,18,15,12,22,15,13,12,12,13,15,15,17,15,20,17
0,0,0,0,0,0,0,0,0,0,0,0,0,0,0,0,0,0,0,0,0,0,0,0,0,0,0,0,0,0,0,0,0,0,0,0,0,0,0,0,0,0,0,0,0,0,0,0,0,0,0,0,0,0,0,0,0,0,0,0,0,0,0,0,0,0,0,0,0,0,0,0,3,0,0,0,1,3,0,0,1,0,0,0,0,0,0,0,3,3,0,0,0,0,0,0,7,3,0,0,11,3,0,0,0,0,0,0,0,0,0,0,12,0,0,0,0,0,0,1,0,1,1,0,1,0,0,0,9,1,0,0,0,0,6,3,0,0,0,0,0,0,0,0,7,1,3,1,0,5,3,0,0,0,0,0,1,0,0,0,10,3,3,0,0,0,3,0,0,0,0,0,0,0,0,0,1,3,3,0,0,0,3,1,3,0,6,7,9,3,3,6,6,1,3,0,3,21,12,11,11,9,13,13,15,14,14,15,15,10,7,5,21,7,7,10,12,13,14,14,13,13,19,11,19,14,7,9,6,10,12,11,12,14,15,15,15,20,15,20,15,17,14,18,1,13,13,13,12,15,15,15,15,14,15,10
0,0,0,0,0,0,0,0,0,0,0,0,0,0,0,0,0,0,0,0,0,0,0,0,0,0,0,0,0,0,0,0,0,0,0,0,0,0,0,0,0,0,0,0,0,0,0,0,0,0,0,0,0,0,0,0,0,0,0,0,0,0,0,0,5,0,0,0,0,0,0,0,0,0,0,0,0,0,0,0,0,0,0,0,0,0,0,0,1,0,0,0,0,0,0,0,0,0,0,0,3,1,0,0,3,0,0,0,1,1,0,3,0,3,0,0,5,0,0,0,3,3,0,0,1,0,0,0,0,3,0,0,1,0,5,0,0,3,0,0,0,0,0,0,1,1,0,0,0,7,0,0,0,6,0,0,0,0,0,0,3,3,1,5,0,0,0,0,0,0,1,6,0,0,0,0,3,1,3,0,0,1,1,3,0,7,7,3,5,6,3,0,18,6,0,1,15,7,14,13,7,11,12,14,14,14,13,0,15,10,0,6,12,7,11,11,13,13,15,13,14,15,15,0,18,11,0,14,7,11,11,11,13,14,15,15,18,15,15,3,18,15,12,22,15,13,12,12,13,15,15,17,15,20,17,6
0,0,0,0,0,0,0,0,0,0,0,0,0,0,0,0,0,0,0,0,0,0,0,0,0,0,0,0,0,0,0,0,0,0,0,0,0,0,0,0,0,0,0,0,0,0,0,0,0,0,0,0,0,0,0,0,0,0,0,0,0,0,0,0,0,5,0,0,0,0,0,0,0,0,1,0,0,0,0,0,0,1,0,0,0,3,1,0,0,0,0,0,0,0,1,0,0,0,0,0,0,3,0,0,0,3,0,0,0,0,0,0,0,0,5,0,0,0,0,7,0,3,3,0,0,0,0,0,0,0,0,0,0,0,11,1,0,0,0,0,0,3,0,0,0,1,1,0,0,0,0,0,3,0,0,7,0,0,0,0,0,3,3,1,0,0,0,0,3,0,3,3,6,3,0,0,0,12,5,1,0,3,9,10,7,3,1,7,11,11,11,14,0,20,3,1,1,24,7,9,9,11,14,14,15,13,13,17,0,15,12,0,12,3,9,12,12,13,14,14,14,15,21,10,0,18,13,7,14,9,10,11,12,14,14,15,18,18,18,18,0,15,15,12,14,12,14,12,9,11,11,14,14,13,15,17
0,0,0,0,0,0,0,0,0,0,0,0,0,0,0,0,0,0,0,0,0,0,0,0,0,0,0,0,0,0,0,0,0,0,0,0,0,0,0,0,0,0,0,0,0,0,0,0,0,0,0,0,0,0,0,0,0,0,0,0,0,0,0,0,0,0,0,0,0,0,0,0,1,0,0,0,0,0,0,0,7,0,0,0,0,1,0,0,1,3,0,0,0,0,0,0,11,1,0,0,1,1,0,0,0,0,3,0,0,3,0,0,11,0,0,0,0,0,0,3,0,0,3,0,0,0,0,0,7,0,1,0,0,0,5,0,0,0,0,0,0,1,0,0,9,3,5,0,0,3,0,0,0,0,0,5,6,0,0,0,7,3,3,0,0,3,7,0,0,1,9,3,3,0,0,0,0,6,3,0,0,7,7,7,9,3,6,10,11,12,13,14,14,7,5,3,11,10,9,9,12,12,15,14,14,13,13,17,18,11,7,3,14,10,11,11,12,13,14,14,15,19,15,15,17,15,11,17,5,10,13,11,13,13,15,15,18,15,22,13,18,15,13,7,9,12,14,10,11,11,13,13,13,14,18,11
0,0,0,0,0,0,0,0,0,0,0,0,0,0,0,1,0,0,0,0,0,0,0,0,0,0,0,0,0,0,0,0,0,0,0,0,0,0,0,0,0,0,0,0,0,0,0,0,0,0,0,0,0,0,0,0,0,0,0,0,0,0,0,0,5,0,0,0,0,0,0,0,0,1,0,0,0,0,0,0,1,0,0,0,3,1,0,0,0,0,0,0,0,1,0,3,0,0,0,0,3,0,0,0,3,0,0,0,0,0,0,0,0,5,0,0,0,0,7,0,3,3,0,0,0,0,0,0,0,0,0,0,0,11,1,0,0,0,0,0,3,0,0,0,1,1,0,0,0,0,0,3,0,0,7,0,0,0,0,0,3,3,1,0,0,0,0,3,0,3,3,6,3,0,0,0,12,5,1,0,3,9,10,7,3,1,7,11,11,11,14,3,20,3,1,1,24,7,9,9,11,14,14,15,13,13,17,0,15,12,0,12,3,9,12,12,13,14,14,14,15,21,10,5,18,13,7,14,9,10,11,12,14,14,15,18,18,18,18,0,15,15,12,14,12,14,12,9,11,11,14,14,13,15,17,3
0,0,0,0,0,0,0,0,0,0,0,0,0,0,0,0,0,0,0,0,0,0,0,0,0,0,0,0,0,0,0,0,0,0,0,0,0,0,0,0,0,0,0,0,0,0,0,0,0,5,0,0,0,0,0,0,0,0,0,0,0,0,0,0,0,0,0,0,0,0,0,0,0,1,0,0,0,0,0,0,0,0,0,0,0,3,1,0,0,3,0,0,0,1,1,0,0,0,3,0,0,5,0,0,0,3,3,0,0,1,0,0,0,0,3,0,0,1,0,5,0,0,3,0,0,0,0,0,0,1,1,0,0,0,7,0,0,0,6,0,0,0,0,0,0,3,3,1,5,0,0,0,0,0,0,1,6,0,0,0,0,3,1,3,0,0,1,1,3,0,7,7,3,5,6,3,0,18,6,0,1,15,7,14,13,7,11,12,14,14,14,13,0,15,10,0,6,12,7,11,11,13,13,15,13,14,15,15,0,18,11,0,14,7,11,11,11,13,14,15,15,18,15,15,0,18,15,12,22,15,13,12,12,13,15,15,17,15,20,17,0,15,17,15,13,15,15,15,17,13,14,14,13,12,15,15
0,0,0,0,0,0,0,0,0,0,0,0,0,0,0,0,0,0,0,0,0,0,0,0,0,0,0,0,0,0,0,0,0,0,0,0,0,0,0,0,0,0,0,0,0,0,0,0,0,0,0,0,0,0,0,0,3,0,0,0,1,3,0,0,1,0,0,0,0,0,0,0,3,3,0,0,0,0,0,0,7,3,0,0,11,3,0,0,0,0,0,0,0,0,0,0,12,0,0,0,0,0,0,1,0,1,1,0,1,0,0,0,9,1,0,0,0,0,6,3,0,0,0,0,0,0,0,0,7,1,3,1,0,5,3,0,0,0,0,0,1,0,0,0,10,3,3,0,0,0,3,0,0,0,0,0,0,0,0,0,1,3,3,0,0,0,3,1,3,0,6,7,9,3,3,6,6,1,3,0,3,21,12,11,11,9,13,13,15,14,14,15,15,10,7,5,21,7,7,10,12,13,14,14,13,13,19,11,19,14,7,9,6,10,12,11,12,14,15,15,15,20,15,20,15,17,14,18,1,13,13,13,12,15,15,15,15,14,15,10,14,15,15,14,15,15,15,18,15,13,15,14,11,15,17,18
0,0,0,0,0,0,0,0,0,0,0,0,0,0,0,0,0,0,0,0,0,0,0,0,0,0,0,0,0,0,0,0,0,0,0,0,0,0,0,0,0,0,0,0,0,0,0,0,5,0,0,0,0,0,0,0,0,0,0,0,0,0,0,0,0,0,0,0,0,0,0,0,1,0,0,0,0,0,0,0,0,0,0,0,3,1,0,0,3,0,0,0,1,1,0,3,0,3,0,0,5,0,0,0,3,3,0,0,1,0,0,0,0,3,0,0,1,0,5,0,0,3,0,0,0,0,0,0,1,1,0,0,0,7,0,0,0,6,0,0,0,0,0,0,3,3,1,5,0,0,0,0,0,0,1,6,0,0,0,0,3,1,3,0,0,1,1,3,0,7,7,3,5,6,3,0,18,6,0,1,15,7,14,13,7,11,12,14,14,14,13,0,15,10,0,6,12,7,11,11,13,13,15,13,14,15,15,0,18,11,0,14,7,11,11,11,13,14,15,15,18,15,15,3,18,15,12,22,15,13,12,12,13,15,15,17,15,20,17,6,15,17,15,13,15,15,15,17,13,14,14,13,12,15,15,1
0,0,0,0,0,0,0,0,0,0,0,0,0,0,0,0,0,0,0,0,3,1,0,3,3,0,0,0,0,0,0,0,0,0,0,3,3,1,0,10,0,0,0,0,0,0,0,0,0,0,0,5,3,3,0,0,0,0,0,3,0,0,0,0,0,0,0,5,0,0,0,0,0,0,0,0,0,0,0,0,0,12,3,15,3,21,20,9,0,0,0,10,0,0,0,0,0,19,3,18,0,3,7,13,3,0,0,19,0,0,0,0,0,23,7,0,3,0,3,15,3,0,0,12,0,0,0,0,0,21,15,9,1,0,10,15,0,0,0,0,0,0,0,0,0,23,17,10,0,7,0,0,0,0,0,0,0,0,0,3,0,12,15,10,0,15,0,0,7,5,0,0,0,0,0,0,0,3,15,11,1,28,17,1,5,0,0,0,0,0,0,0,0,0,1,15,17,22,0,0,1,0,0,0,0,1,0,0,0,0,3,1,26,1,0,0,0,0,0,0,0,0,0,0,0,0,0,1,3,0,0,0,0,0,0,0,0,1,1,0,0,0,0,3,6,0,1,1,0,3,0,0,1,3,3,0
0,0,0,0,0,0,0,0,0,0,0,0,0,0,0,0,13,0,3,1,1,0,1,1,1,0,0,0,0,0,0,0,13,1,3,3,3,3,22,0,0,0,0,0,0,0,0,0,6,0,0,3,5,0,0,0,0,0,0,0,0,0,0,1,3,0,0,1,0,1,0,0,0,0,0,3,0,0,0,0,0,0,17,0,3,26,0,0,0,0,1,1,0,0,0,0,0,0,20,7,0,15,5,19,0,0,5,0,0,0,0,0,0,0,19,0,0,3,19,12,3,1,11,0,0,0,0,0,0,3,11,0,6,0,7,1,0,1,10,1,0,0,0,0,1,13,15,1,3,0,0,0,0,0,0,0,0,0,5,5,3,19,15,3,7,0,0,0,7,0,0,0,0,0,0,0,0,19,13,3,31,31,1,3,0,0,0,0,0,0,0,0,0,3,11,9,36,0,0,0,0,0,0,0,0,0,0,0,0,1,1,5,25,0,0,0,0,0,0,0,0,0,0,0,0,0,3,6,17,0,0,0,0,0,0,0,0,3,0,0,0,0,1,3,0,0,1,0,1,1,0,0,1,3,0,0
0,0,0,0,0,0,0,0,0,0,0,0,0,0,0,0,0,0,0,3,1,0,3,3,0,0,0,0,0,0,0,0,0,0,3,3,1,0,10,0,0,0,0,0,0,0,0,0,0,0,5,3,3,0,0,0,0,0,3,0,0,0,0,0,0,0,5,0,0,0,0,0,0,0,0,0,0,0,0,1,12,3,15,3,21,20,9,0,0,0,10,0,0,0,0,1,19,3,18,0,3,7,13,3,0,0,19,0,0,0,0,1,23,7,0,3,0,3,15,3,0,0,12,0,0,0,0,1,21,15,9,1,0,10,15,0,0,0,0,0,0,0,0,0,23,17,10,0,7,0,0,0,0,0,0,0,0,0,3,0,12,15,10,0,15,0,0,7,5,0,0,0,0,0,0,0,3,15,11,1,28,17,1,5,0,0,0,0,0,0,0,0,0,1,15,17,22,0,0,1,0,0,0,0,1,0,0,0,0,3,1,26,1,0,0,0,0,0,0,0,0,0,0,0,0,0,1,3,0,0,0,0,0,0,0,0,1,1,0,1,0,0,3,6,0,1,1,0,3,0,0,1,3,3,0,3
0,5,3,6,6,6,3,7,9,6,3,0,0,1,1,0,0,1,0,1,3,1,0,6,0,0,0,0,0,0,0,0,0,0,0,3,3,3,0,3,0,0,0,0,0,0,0,0,0,0,0,3,3,3,0,0,0,0,0,7,0,0,0,0,0,7,0,12,0,1,10,3,0,0,0,0,0,0,0,0,0,22,7,20,6,7,17,11,0,0,1,22,1,0,0,0,0,19,7,3,1,3,7,15,9,0,0,14,0,0,0,0,0,22,12,0,0,0,3,26,1,0,0,13,0,0,0,0,0,22,17,13,0,10,3,0,0,0,0,0,0,0,0,0,0,20,15,10,0,0,5,1,0,0,1,0,0,0,0,3,0,3,15,12,3,27,0,1,18,0,0,0,0,0,0,0,0,3,10,15,7,41,0,0,0,0,0,0,0,1,0,1,0,0,3,11,25,11,0,0,0,0,0,0,0,0,0,0,0,0,3,1,20,0,0,0,0,0,0,0,0,0,0,0,0,0,0,1,3,0,0,0,0,0,0,0,0,3,1,0,0,0,1,3,5,0,3,3,3,3,3,1,3,3,3,0
12,3,6,3,6,3,6,9,7,3,1,0,0,0,0,1,14,1,3,3,3,0,7,0,0,0,0,0,0,0,0,0,10,0,0,1,3,10,10,0,0,0,0,0,0,0,0,1,5,0,0,5,1,0,0,0,0,0,0,0,0,0,0,0,0,3,11,0,1,22,0,0,0,0,1,0,0,0,0,0,0,0,20,0,1,20,5,13,0,0,0,0,0,0,0,0,0,0,20,3,0,7,10,22,0,3,11,3,0,0,0,0,0,0,12,0,0,1,20,6,0,1,6,5,0,0,0,0,1,9,13,0,3,0,3,0,0,0,0,0,0,1,0,0,3,15,17,3,0,0,0,3,10,0,0,0,0,0,3,5,1,21,15,1,7,13,0,7,11,0,0,0,0,0,0,0,0,5,12,15,41,17,0,0,0,0,0,0,0,1,0,0,0,3,3,3,27,0,0,0,0,0,0,0,0,0,0,0,0,0,3,5,28,0,0,0,0,0,0,0,0,0,0,0,0,0,3,5,0,0,0,0,0,0,0,0,1,3,0,0,0,0,3,3,3,1,3,3,3,3,1,1,3,5,0,1
5,3,6,6,6,3,7,9,6,3,0,0,1,1,0,1,1,0,1,3,1,0,6,0,0,0,0,0,0,0,0,0,0,0,3,3,3,0,3,0,0,0,0,0,0,0,0,0,0,0,3,3,3,0,0,0,0,0,7,0,0,0,0,0,7,0,12,0,1,10,3,0,0,0,0,0,0,0,0,1,22,7,20,6,7,17,11,0,0,1,22,1,0,0,0,1,19,7,3,1,3,7,15,9,0,0,14,0,0,0,0,0,22,12,0,0,0,3,26,1,0,0,13,0,0,0,0,0,22,17,13,0,10,3,0,0,0,0,0,0,0,0,0,0,20,15,10,0,0,5,1,0,0,1,0,0,0,0,3,0,3,15,12,3,27,0,1,18,0,0,0,0,0,0,0,0,3,10,15,7,41,0,0,0,0,0,0,0,1,0,1,0,0,3,11,25,11,0,0,0,0,0,0,0,0,0,0,0,0,3,1,20,0,0,0,0,0,0,0,0,0,0,0,0,0,0,1,3,0,0,0,0,0,0,0,0,3,1,0,1,0,1,3,5,0,3,3,3,3,3,1,3,3,3,0,3
0,0,0,0,3,1,0,3,3,0,0,0,0,0,0,0,0,0,0,3,3,1,0,10,0,0,0,0,0,0,0,0,0,0,0,5,3,3,0,0,0,0,0,3,0,0,0,0,0,0,0,5,0,0,0,0,0,0,0,0,0,0,0,0,0,12,3,15,3,21,20,9,0,0,0,10,0,0,0,0,0,19,3,18,0,3,7,13,3,0,0,19,0,0,0,0,0,23,7,0,3,0,3,15,3,0,0,12,0,0,0,0,0,21,15,9,1,0,10,15,0,0,0,0,0,0,0,0,0,23,17,10,0,7,0,0,0,0,0,0,0,0,0,3,0,12,15,10,0,15,0,0,7,5,0,0,0,0,0,0,0,3,15,11,1,28,17,1,5,0,0,0,0,0,0,0,0,0,1,15,17,22,0,0,1,0,0,0,0,1,0,0,0,0,3,1,26,1,0,0,0,0,0,0,0,0,0,0,0,0,0,1,3,0,0,0,0,0,0,0,0,1,1,0,0,0,0,3,6,0,1,1,0,3,0,0,1,3,3,0,0,3,1,0,0,0,0,0,0,0,1,3,3,3,3,3
13,0,3,1,1,0,1,1,1,0,0,0,0,0,0,0,13,1,3,3,3,3,22,0,0,0,0,0,0,0,0,0,6,0,0,3,5,0,0,0,0,0,0,0,0,0,0,1,3,0,0,1,0,1,0,0,0,0,0,3,0,0,0,0,0,0,17,0,3,26,0,0,0,0,1,1,0,0,0,0,0,0,20,7,0,15,5,19,0,0,5,0,0,0,0,0,0,0,19,0,0,3,19,12,3,1,11,0,0,0,0,0,0,3,11,0,6,0,7,1,0,1,10,1,0,0,0,0,1,13,15,1,3,0,0,0,0,0,0,0,0,0,5,5,3,19,15,3,7,0,0,0,7,0,0,0,0,0,0,0,0,19,13,3,31,31,1,3,0,0,0,0,0,0,0,0,0,3,11,9,36,0,0,0,0,0,0,0,0,0,0,0,0,1,1,5,25,0,0,0,0,0,0,0,0,0,0,0,0,0,3,6,17,0,0,0,0,0,0,0,0,3,0,0,0,0,1,3,0,0,1,0,1,1,0,0,1,3,0,0,0,1,1,1,0,0,0,0,0,1,3,0,3,5,3,0
0,0,0,3,1,0,3,3,0,0,0,0,0,0,0,0,0,0,3,3,1,0,10,0,0,0,0,0,0,0,0,0,0,0,5,3,3,0,0,0,0,0,3,0,0,0,0,0,0,0,5,0,0,0,0,0,0,0,0,0,0,0,0,1,12,3,15,3,21,20,9,0,0,0,10,0,0,0,0,1,19,3,18,0,3,7,13,3,0,0,19,0,0,0,0,1,23,7,0,3,0,3,15,3,0,0,12,0,0,0,0,1,21,15,9,1,0,10,15,0,0,0,0,0,0,0,0,0,23,17,10,0,7,0,0,0,0,0,0,0,0,0,3,0,12,15,10,0,15,0,0,7,5,0,0,0,0,0,0,0,3,15,11,1,28,17,1,5,0,0,0,0,0,0,0,0,0,1,15,17,22,0,0,1,0,0,0,0,1,0,0,0,0,3,1,26,1,0,0,0,0,0,0,0,0,0,0,0,0,0,1,3,0,0,0,0,0,0,0,0,1,1,0,1,0,0,3,6,0,1,1,0,3,0,0,1,3,3,0,3,3,1,0,0,0,0,0,0,0,1,3,3,3,3,3,1
0,0,0,0,0,0,0,0,0,0,0,0,0,0,0,0,0,10,7,9,6,7,5,7,7,7,5,9,11,10,10,13,0,12,5,7,6,7,0,0,3,14,12,1,7,14,13,7,0,10,17,7,7,12,6,12,15,14,3,0,3,7,19,13,0,0,13,5,5,1,7,0,7,13,12,0,13,15,21,22,0,0,0,3,3,0,0,0,7,15,23,0,0,10,10,26,0,0,0,0,26,10,0,0,0,3,12,0,6,11,7,12,0,1,0,5,6,11,1,0,0,0,7,0,3,15,7,5,0,0,0,3,0,9,0,0,9,7,11,0,7,15,10,15,0,1,0,1,0,3,17,6,5,3,7,11,18,27,18,9,0,1,0,0,3,0,12,3,0,0,12,15,22,9,1,1,0,0,0,1,1,0,0,0,0,0,7,5,3,1,0,1,0,3,0,3,3,3,17,19,18,13,12,7,9,7,7,7,0,6,11,1,3,0,7,7,11,11,10,6,1,1,5,0,0,3,9,13,0,3,6,6,9,10,7,9,9,10,3,5,0,1,12,17,11,15,18,13,7,5,3,6,11,1,0,3
0,0,0,0,0,0,0,0,0,0,0,0,0,0,0,0,3,10,7,7,7,7,6,7,7,6,7,11,9,9,12,14,3,7,7,6,7,3,0,3,5,15,3,3,14,13,10,11,5,11,9,7,7,18,12,14,17,13,0,5,6,15,20,9,0,15,0,7,3,3,0,0,11,15,6,3,13,14,25,14,0,0,1,10,0,0,0,0,10,19,3,0,10,6,19,24,0,3,3,3,18,0,0,0,5,12,0,0,14,11,7,20,0,0,1,5,18,1,0,0,0,15,0,0,10,10,1,10,0,0,0,3,1,7,1,3,7,18,0,0,14,13,12,15,1,0,0,1,0,7,17,7,0,10,11,13,26,21,10,7,0,0,0,0,0,3,12,0,0,9,13,21,19,6,0,3,0,3,0,1,0,0,0,0,0,1,10,1,0,6,0,0,17,3,0,3,1,1,20,19,13,11,9,7,7,7,7,7,3,15,1,5,0,10,6,10,11,10,7,3,1,3,5,0,3,7,15,1,0,7,6,6,10,9,7,9,7,7,0,13,0,7,9,20,19,18,14,10,7,3,3,10,7,0,0,15
0,0,0,0,0,0,0,0,0,0,0,0,0,0,0,0,10,7,9,6,7,5,7,7,7,5,9,11,10,10,13,22,12,5,7,6,7,0,0,3,14,12,1,7,14,13,7,19,10,17,7,7,12,6,12,15,14,3,0,3,7,19,13,18,0,13,5,5,1,7,0,7,13,12,0,13,15,21,22,15,0,0,3,3,0,0,0,7,15,23,0,0,10,10,26,24,0,0,0,26,10,0,0,0,3,12,0,6,11,7,12,23,1,0,5,6,11,1,0,0,0,7,0,3,15,7,5,22,0,0,3,0,9,0,0,9,7,11,0,7,15,10,15,18,1,0,1,0,3,17,6,5,3,7,11,18,27,18,9,15,1,0,0,3,0,12,3,0,0,12,15,22,9,1,1,9,0,0,1,1,0,0,0,0,0,7,5,3,1,0,1,1,3,0,3,3,3,17,19,18,13,12,7,9,7,7,7,3,6,11,1,3,0,7,7,11,11,10,6,1,1,5,0,0,3,9,13,0,3,6,6,9,10,7,9,9,10,3,5,12,1,12,17,11,15,18,13,7,5,3,6,11,1,0,3,9
0,15,14,15,15,15,15,14,15,18,15,15,15,18,20,22,0,14,10,9,6,7,0,3,5,5,11,10,14,14,10,9,0,7,3,7,7,10,0,0,15,18,6,0,3,11,17,10,0,13,21,6,7,6,9,0,7,10,6,0,11,9,22,18,0,0,0,1,3,0,0,0,9,13,22,0,6,12,15,24,0,0,0,1,12,0,0,0,6,10,15,0,0,12,6,22,0,0,0,1,13,12,3,0,0,0,10,0,7,15,11,7,0,1,0,0,0,10,0,0,0,5,10,0,6,12,3,10,0,0,0,1,0,3,10,13,13,7,7,10,3,22,17,12,0,1,0,1,1,1,6,0,0,5,0,5,25,19,9,6,0,0,0,0,0,0,5,0,0,1,19,21,12,3,0,0,0,0,0,1,3,0,0,15,13,10,7,1,3,6,5,6,0,13,6,3,3,0,7,7,10,11,13,10,7,0,3,3,0,3,14,10,1,3,7,7,10,9,7,3,5,7,9,0,0,1,9,24,6,10,11,3,6,7,7,7,11,7,0,7,0,3,13,9,12,13,19,20,18,12,0,5,9,0,0,7
3,15,14,15,15,15,15,15,17,17,15,15,18,19,22,25,3,11,9,6,6,6,0,6,3,7,11,10,14,13,9,12,1,5,6,7,9,1,0,9,20,18,0,0,3,12,15,9,1,19,13,7,7,10,9,0,9,10,0,3,9,18,22,12,0,1,0,6,0,0,0,0,14,23,9,0,12,12,23,21,0,0,1,11,7,1,0,0,6,17,0,0,11,7,11,24,0,3,3,1,21,0,0,0,0,11,0,0,15,14,5,12,0,0,1,3,12,0,1,0,3,17,0,0,9,7,5,13,0,0,0,5,0,22,3,9,9,6,10,0,19,22,10,9,1,0,0,1,0,0,14,0,0,6,6,14,21,11,7,7,0,1,0,0,0,0,1,0,0,3,21,20,15,3,0,0,7,1,0,1,0,0,11,14,12,6,3,3,3,5,3,7,13,12,0,5,3,6,7,7,10,13,11,7,5,1,3,1,3,10,7,3,0,3,9,10,10,7,7,3,5,11,0,0,1,7,12,11,5,11,6,3,10,7,7,10,11,3,0,13,1,9,11,14,14,18,19,17,17,6,0,9,7,0,1,18
15,14,15,15,15,15,14,15,18,15,15,15,18,20,22,22,14,10,9,6,7,0,3,5,5,11,10,14,14,10,9,19,7,3,7,7,10,0,0,15,18,6,0,3,11,17,10,19,13,21,6,7,6,9,0,7,10,6,0,11,9,22,18,17,0,0,1,3,0,0,0,9,13,22,0,6,12,15,24,17,0,0,1,12,0,0,0,6,10,15,0,0,12,6,22,25,0,0,1,13,12,3,0,0,0,10,0,7,15,11,7,22,1,0,0,0,10,0,0,0,5,10,0,6,12,3,10,23,0,0,1,0,3,10,13,13,7,7,10,3,22,17,12,14,1,0,1,1,1,6,0,0,5,0,5,25,19,9,6,15,0,0,0,0,0,5,0,0,1,19,21,12,3,0,0,0,0,0,1,3,0,0,15,13,10,7,1,3,6,5,6,1,13,6,3,3,0,7,7,10,11,13,10,7,0,3,3,0,3,14,10,1,3,7,7,10,9,7,3,5,7,9,0,0,1,9,24,6,10,11,3,6,7,7,7,11,7,0,7,13,3,13,9,12,13,19,20,18,12,0,5,9,0,0,7,7
0,10,7,9,6,7,5,7,7,7,5,9,11,10,10,13,0,12,5,7,6,7,0,0,3,14,12,1,7,14,13,7,0,10,17,7,7,12,6,12,15,14,3,0,3,7,19,13,0,0,13,5,5,1,7,0,7,13,12,0,13,15,21,22,0,0,0,3,3,0,0,0,7,15,23,0,0,10,10,26,0,0,0,0,26,10,0,0,0,3,12,0,6,11,7,12,0,1,0,5,6,11,1,0,0,0,7,0,3,15,7,5,0,0,0,3,0,9,0,0,9,7,11,0,7,15,10,15,0,1,0,1,0,3,17,6,5,3,7,11,18,27,18,9,0,1,0,0,3,0,12,3,0,0,12,15,22,9,1,1,0,0,0,1,1,0,0,0,0,0,7,5,3,1,0,1,0,3,0,3,3,3,17,19,18,13,12,7,9,7,7,7,0,6,11,1,3,0,7,7,11,11,10,6,1,1,5,0,0,3,9,13,0,3,6,6,9,10,7,9,9,10,3,5,0,1,12,17,11,15,18,13,7,5,3,6,11,1,0,3,0,7,10,9,10,9,10,12,14,11,7,7,7,7,7,11
3,10,7,7,7,7,6,7,7,6,7,11,9,9,12,14,3,7,7,6,7,3,0,3,5,15,3,3,14,13,10,11,5,11,9,7,7,18,12,14,17,13,0,5,6,15,20,9,0,15,0,7,3,3,0,0,11,15,6,3,13,14,25,14,0,0,1,10,0,0,0,0,10,19,3,0,10,6,19,24,0,3,3,3,18,0,0,0,5,12,0,0,14,11,7,20,0,0,1,5,18,1,0,0,0,15,0,0,10,10,1,10,0,0,0,3,1,7,1,3,7,18,0,0,14,13,12,15,1,0,0,1,0,7,17,7,0,10,11,13,26,21,10,7,0,0,0,0,0,3,12,0,0,9,13,21,19,6,0,3,0,3,0,1,0,0,0,0,0,1,10,1,0,6,0,0,17,3,0,3,1,1,20,19,13,11,9,7,7,7,7,7,3,15,1,5,0,10,6,10,11,10,7,3,1,3,5,0,3,7,15,1,0,7,6,6,10,9,7,9,7,7,0,13,0,7,9,20,19,18,14,10,7,3,3,10,7,0,0,15,5,9,10,9,9,11,10,13,14,9,6,9,9,5,9,11
10,7,9,6,7,5,7,7,7,5,9,11,10,10,13,22,12,5,7,6,7,0,0,3,14,12,1,7,14,13,7,19,10,17,7,7,12,6,12,15,14,3,0,3,7,19,13,18,0,13,5,5,1,7,0,7,13,12,0,13,15,21,22,15,0,0,3,3,0,0,0,7,15,23,0,0,10,10,26,24,0,0,0,26,10,0,0,0,3,12,0,6,11,7,12,23,1,0,5,6,11,1,0,0,0,7,0,3,15,7,5,22,0,0,3,0,9,0,0,9,7,11,0,7,15,10,15,18,1,0,1,0,3,17,6,5,3,7,11,18,27,18,9,15,1,0,0,3,0,12,3,0,0,12,15,22,9,1,1,9,0,0,1,1,0,0,0,0,0,7,5,3,1,0,1,1,3,0,3,3,3,17,19,18,13,12,7,9,7,7,7,3,6,11,1,3,0,7,7,11,11,10,6,1,1,5,0,0,3,9,13,0,3,6,6,9,10,7,9,9,10,3,5,12,1,12,17,11,15,18,13,7,5,3,6,11,1,0,3,9,7,10,9,10,9,10,12,14,11,7,7,7,7,7,11,7
0,0,0,0,0,0,0,0,0,0,0,0,0,0,0,0,0,7,6,7,7,7,6,7,10,9,7,10,13,11,10,13,0,13,7,7,7,10,9,3,9,7,17,11,13,14,15,14,0,11,19,7,9,9,3,9,11,13,15,3,14,13,15,19,0,3,25,9,9,10,13,9,11,17,10,6,9,18,20,22,0,3,6,3,5,3,1,1,12,17,18,3,3,20,21,18,0,1,1,0,1,1,1,3,3,15,20,1,6,15,17,18,0,3,1,1,14,9,1,1,3,7,15,0,6,14,14,10,0,6,3,1,12,3,1,0,3,9,13,0,6,13,10,14,0,6,5,1,11,0,0,0,11,11,3,3,15,20,17,9,0,3,3,3,6,0,10,10,3,1,14,19,26,22,17,7,0,6,3,1,7,6,1,1,0,1,18,22,23,15,15,10,0,7,1,1,10,0,1,5,6,12,19,20,18,17,15,15,0,13,9,5,7,3,15,17,19,19,20,19,17,15,15,15,0,14,15,6,0,9,17,15,17,19,18,17,15,18,18,10,0,14,18,13,12,17,20,19,19,15,15,13,17,15,7,14
0,0,0,0,0,0,0,0,0,0,0,0,0,0,0,0,10,9,6,7,7,7,6,7,10,9,11,13,12,10,12,13,12,11,6,9,9,9,3,10,6,15,12,10,11,12,15,15,11,5,17,7,7,3,3,7,17,13,5,7,15,17,20,13,13,9,15,7,7,3,11,7,19,10,13,3,15,20,18,20,10,7,3,9,13,3,3,1,10,12,14,3,13,17,20,23,9,6,0,11,1,0,0,1,12,5,3,0,12,15,20,20,10,6,0,15,1,0,3,1,0,1,1,3,10,14,13,17,10,5,0,17,7,9,0,0,6,3,0,0,7,12,10,15,7,5,1,1,9,0,7,7,0,13,3,7,15,15,12,11,5,3,1,0,3,10,15,5,3,13,13,23,28,21,10,11,3,3,3,3,10,3,1,0,0,14,20,24,20,15,13,12,3,1,1,7,7,3,5,3,7,18,20,18,17,15,17,15,3,12,6,9,1,7,17,18,19,21,20,19,15,15,17,9,3,18,13,3,0,14,17,17,19,20,17,15,15,19,10,9,3,15,15,9,10,20,19,20,18,15,13,15,18,11,7,19
0,0,0,0,0,0,0,0,0,0,0,0,0,0,0,0,7,6,7,7,7,6,7,10,9,7,10,13,11,10,13,11,13,7,7,7,10,9,3,9,7,17,11,13,14,15,14,13,11,19,7,9,9,3,9,11,13,15,3,14,13,15,19,11,3,25,9,9,10,13,9,11,17,10,6,9,18,20,22,10,3,6,3,5,3,1,1,12,17,18,3,3,20,21,18,21,1,1,0,1,1,1,3,3,15,20,1,6,15,17,18,15,3,1,1,14,9,1,1,3,7,15,0,6,14,14,10,15,6,3,1,12,3,1,0,3,9,13,0,6,13,10,14,12,6,5,1,11,0,0,0,11,11,3,3,15,20,17,9,10,3,3,3,6,0,10,10,3,1,14,19,26,22,17,7,10,6,3,1,7,6,1,1,0,1,18,22,23,15,15,10,7,7,1,1,10,0,1,5,6,12,19,20,18,17,15,15,7,13,9,5,7,3,15,17,19,19,20,19,17,15,15,15,1,14,15,6,0,9,17,15,17,19,18,17,15,18,18,10,10,14,18,13,12,17,20,19,19,15,15,13,17,15,7,14,10
0,5,3,5,3,5,5,5,5,6,7,6,6,5,6,7,0,11,9,9,7,10,7,7,11,10,14,12,13,13,15,15,0,11,10,7,7,9,6,7,11,14,15,10,11,14,17,15,0,7,19,10,9,10,7,14,14,15,14,0,11,17,21,20,0,1,15,6,10,3,5,1,9,14,13,5,7,19,22,18,0,0,0,0,1,1,0,1,9,15,24,3,3,15,15,17,0,3,1,3,7,5,1,3,3,14,17,1,7,14,18,14,0,3,3,0,13,10,3,0,0,7,11,1,10,18,12,9,0,6,5,1,17,1,0,0,9,11,3,15,6,17,13,13,0,6,5,1,11,5,0,5,11,3,13,6,19,23,17,7,0,5,3,1,11,3,3,3,3,0,5,21,24,15,12,9,0,9,3,1,10,5,0,0,0,7,19,23,19,15,15,15,0,7,1,3,10,0,10,15,19,20,21,20,18,15,14,14,0,15,13,5,3,1,15,15,19,20,19,17,17,14,18,9,0,12,19,7,3,14,19,18,15,17,15,15,17,20,11,11,0,15,18,20,21,25,25,22,22,20,15,15,17,12,6,18
6,6,3,5,5,6,5,5,6,7,5,6,7,6,7,7,11,10,6,9,7,9,3,11,11,6,13,12,15,18,15,15,12,10,7,7,7,6,1,10,13,15,10,12,19,14,19,12,11,5,20,7,9,7,10,11,20,11,6,5,13,17,19,15,11,6,10,10,10,5,3,5,15,10,14,3,13,20,18,25,7,1,1,7,1,3,0,1,15,12,12,1,14,17,21,22,9,6,0,14,0,0,3,3,7,3,1,0,14,17,15,19,10,3,0,19,1,0,3,1,0,3,0,1,15,15,11,18,9,5,0,9,1,1,0,1,5,11,0,9,15,15,12,12,6,3,1,1,6,3,13,11,1,20,7,13,21,15,9,11,3,3,1,1,6,3,5,3,3,6,15,24,18,15,10,11,3,3,1,3,10,0,1,0,3,15,21,21,17,15,17,15,3,3,0,9,1,1,15,15,20,20,19,19,18,14,14,14,3,15,9,7,0,11,18,17,20,20,20,18,15,15,15,6,3,17,15,5,1,18,20,17,17,15,15,15,19,15,9,11,3,15,18,17,21,25,22,21,22,17,14,18,18,7,9,20
5,3,5,3,5,5,5,5,6,7,6,6,5,6,7,7,11,9,9,7,10,7,7,11,10,14,12,13,13,15,15,12,11,10,7,7,9,6,7,11,14,15,10,11,14,17,15,11,7,19,10,9,10,7,14,14,15,14,0,11,17,21,20,10,1,15,6,10,3,5,1,9,14,13,5,7,19,22,18,17,0,0,0,1,1,0,1,9,15,24,3,3,15,15,17,19,3,1,3,7,5,1,3,3,14,17,1,7,14,18,14,14,3,3,0,13,10,3,0,0,7,11,1,10,18,12,9,14,6,5,1,17,1,0,0,9,11,3,15,6,17,13,13,10,6,5,1,11,5,0,5,11,3,13,6,19,23,17,7,10,5,3,1,11,3,3,3,3,0,5,21,24,15,12,9,9,9,3,1,10,5,0,0,0,7,19,23,19,15,15,15,7,7,1,3,10,0,10,15,19,20,21,20,18,15,14,14,1,15,13,5,3,1,15,15,19,20,19,17,17,14,18,9,5,12,19,7,3,14,19,18,15,17,15,15,17,20,11,11,12,15,18,20,21,25,25,22,22,20,15,15,17,12,6,18,9
0,7,6,7,7,7,6,7,10,9,7,10,13,11,10,13,0,13,7,7,7,10,9,3,9,7,17,11,13,14,15,14,0,11,19,7,9,9,3,9,11,13,15,3,14,13,15,19,0,3,25,9,9,10,13,9,11,17,10,6,9,18,20,22,0,3,6,3,5,3,1,1,12,17,18,3,3,20,21,18,0,1,1,0,1,1,1,3,3,15,20,1,6,15,17,18,0,3,1,1,14,9,1,1,3,7,15,0,6,14,14,10,0,6,3,1,12,3,1,0,3,9,13,0,6,13,10,14,0,6,5,1,11,0,0,0,11,11,3,3,15,20,17,9,0,3,3,3,6,0,10,10,3,1,14,19,26,22,17,7,0,6,3,1,7,6,1,1,0,1,18,22,23,15,15,10,0,7,1,1,10,0,1,5,6,12,19,20,18,17,15,15,0,13,9,5,7,3,15,17,19,19,20,19,17,15,15,15,0,14,15,6,0,9,17,15,17,19,18,17,15,18,18,10,0,14,18,13,12,17,20,19,19,15,15,13,17,15,7,14,0,9,7,10,11,13,13,11,9,5,5,7,7,0,1,7
10,9,6,7,7,7,6,7,10,9,11,13,12,10,12,13,12,11,6,9,9,9,3,10,6,15,12,10,11,12,15,15,11,5,17,7,7,3,3,7,17,13,5,7,15,17,20,13,13,9,15,7,7,3,11,7,19,10,13,3,15,20,18,20,10,7,3,9,13,3,3,1,10,12,14,3,13,17,20,23,9,6,0,11,1,0,0,1,12,5,3,0,12,15,20,20,10,6,0,15,1,0,3,1,0,1,1,3,10,14,13,17,10,5,0,17,7,9,0,0,6,3,0,0,7,12,10,15,7,5,1,1,9,0,7,7,0,13,3,7,15,15,12,11,5,3,1,0,3,10,15,5,3,13,13,23,28,21,10,11,3,3,3,3,10,3,1,0,0,14,20,24,20,15,13,12,3,1,1,7,7,3,5,3,7,18,20,18,17,15,17,15,3,12,6,9,1,7,17,18,19,21,20,19,15,15,17,9,3,18,13,3,0,14,17,17,19,20,17,15,15,19,10,9,3,15,15,9,10,20,19,20,18,15,13,15,18,11,7,19,3,7,7,11,12,13,12,10,7,3,6,7,3,0,7,11
7,6,7,7,7,6,7,10,9,7,10,13,11,10,13,11,13,7,7,7,10,9,3,9,7,17,11,13,14,15,14,13,11,19,7,9,9,3,9,11,13,15,3,14,13,15,19,11,3,25,9,9,10,13,9,11,17,10,6,9,18,20,22,10,3,6,3,5,3,1,1,12,17,18,3,3,20,21,18,21,1,1,0,1,1,1,3,3,15,20,1,6,15,17,18,15,3,1,1,14,9,1,1,3,7,15,0,6,14,14,10,15,6,3,1,12,3,1,0,3,9,13,0,6,13,10,14,12,6,5,1,11,0,0,0,11,11,3,3,15,20,17,9,10,3,3,3,6,0,10,10,3,1,14,19,26,22,17,7,10,6,3,1,7,6,1,1,0,1,18,22,23,15,15,10,7,7,1,1,10,0,1,5,6,12,19,20,18,17,15,15,7,13,9,5,7,3,15,17,19,19,20,19,17,15,15,15,1,14,15,6,0,9,17,15,17,19,18,17,15,18,18,10,10,14,18,13,12,17,20,19,19,15,15,13,17,15,7,14,10,9,7,10,11,13,13,11,9,5,5,7,7,0,1,7,0
0,0,0,0,0,0,0,0,0,0,0,0,0,0,0,0,0,7,10,9,10,10,10,11,13,10,3,1,1,1,1,1,0,7,10,11,12,10,15,11,7,3,3,3,3,3,3,3,0,1,1,11,11,11,14,7,3,3,1,1,3,3,3,3,0,3,3,9,14,13,3,1,3,3,1,3,1,3,3,3,0,1,3,13,9,15,9,6,1,1,3,0,1,3,5,5,0,5,11,18,10,15,17,13,1,3,3,11,1,3,3,5,0,7,13,7,9,1,13,15,7,3,3,7,3,3,3,3,0,11,14,3,3,3,15,15,3,1,3,6,1,3,1,3,0,17,14,1,3,3,5,5,1,3,3,0,1,3,3,1,0,22,15,5,3,0,3,0,5,0,3,1,6,6,3,9,0,14,18,7,1,15,0,3,12,0,3,5,6,5,3,3,0,0,11,11,26,27,3,1,1,1,3,3,3,3,1,3,0,1,0,12,31,1,1,3,3,3,3,3,1,1,3,1,0,1,3,0,19,1,1,3,3,3,3,3,3,3,1,3,0,1,3,3,1,3,3,3,3,3,1,3,3,1,1,1
0,0,0,0,0,0,0,0,0,0,0,0,0,0,0,0,9,10,10,10,10,9,10,12,12,6,3,3,1,1,1,1,9,9,10,12,10,13,13,9,3,3,3,3,3,3,3,3,7,3,7,11,11,15,15,3,3,3,0,1,3,3,3,3,1,7,3,11,15,3,0,3,3,1,3,0,3,3,5,3,6,1,13,9,14,14,7,3,3,6,0,1,3,3,5,5,7,0,13,11,5,21,15,6,3,5,10,3,3,3,5,3,6,3,7,12,1,10,13,14,1,3,13,1,3,3,3,3,9,9,3,1,1,6,21,7,1,1,10,0,1,1,1,3,13,11,10,1,3,1,3,3,1,1,0,1,3,3,3,5,13,17,12,6,3,1,1,1,1,3,1,5,6,3,9,7,1,20,15,0,14,1,0,10,3,1,5,6,5,3,3,3,0,6,12,19,31,13,3,3,1,3,3,3,3,1,3,3,0,3,1,23,22,1,1,3,3,3,3,3,1,3,3,1,0,3,3,11,1,1,3,3,3,3,3,3,3,3,1,3,0,3,3,1,1,3,3,3,3,3,1,3,3,1,1,3
0,0,0,0,0,0,0,0,0,0,0,0,0,0,0,0,7,10,9,10,10,10,11,13,10,3,1,1,1,1,1,0,7,10,11,12,10,15,11,7,3,3,3,3,3,3,3,0,1,1,11,11,11,14,7,3,3,1,1,3,3,3,3,0,3,3,9,14,13,3,1,3,3,1,3,1,3,3,3,0,1,3,13,9,15,9,6,1,1,3,0,1,3,5,5,1,5,11,18,10,15,17,13,1,3,3,11,1,3,3,5,0,7,13,7,9,1,13,15,7,3,3,7,3,3,3,3,1,11,14,3,3,3,15,15,3,1,3,6,1,3,1,3,0,17,14,1,3,3,5,5,1,3,3,0,1,3,3,1,3,22,15,5,3,0,3,0,5,0,3,1,6,6,3,9,6,14,18,7,1,15,0,3,12,0,3,5,6,5,3,3,1,0,11,11,26,27,3,1,1,1,3,3,3,3,1,3,3,1,0,12,31,1,1,3,3,3,3,3,1,1,3,1,3,1,3,0,19,1,1,3,3,3,3,3,3,3,1,3,3,1,3,3,1,3,3,3,3,3,1,3,3,1,1,1,1
0,6,7,7,7,6,7,7,9,7,6,3,3,3,1,0,0,7,10,10,11,11,10,11,12,7,1,3,3,3,1,3,0,6,7,12,12,11,18,10,3,5,3,3,3,3,3,3,0,3,3,10,12,12,7,3,3,3,3,0,1,3,3,3,0,3,3,11,12,13,0,1,3,3,1,3,1,3,3,5,0,3,7,15,7,21,19,10,1,3,1,6,1,3,3,5,0,6,11,15,7,3,15,15,1,3,3,11,3,3,3,5,0,9,14,3,7,1,15,15,7,3,1,5,3,3,3,3,0,14,13,0,1,3,13,13,0,3,3,5,0,3,1,3,0,20,15,3,0,1,3,1,1,3,3,0,5,5,3,5,0,20,18,6,1,6,3,0,11,0,1,6,6,6,3,3,0,1,15,7,14,27,5,3,3,1,3,3,5,3,1,3,0,1,0,15,31,14,1,1,1,3,3,3,3,3,3,3,0,0,1,3,28,1,1,3,3,3,3,3,3,3,3,1,0,1,3,3,3,1,3,3,3,3,3,3,3,3,1,3,0,1,3,3,1,3,3,3,3,3,1,3,3,1,1,3
3,7,7,7,6,7,6,9,9,6,3,3,3,1,1,0,7,10,10,11,10,11,10,12,9,1,3,3,3,3,1,3,10,7,10,12,11,13,15,5,3,3,1,3,3,3,3,3,3,5,3,11,12,10,6,3,3,3,1,1,1,3,5,3,3,3,5,10,14,3,0,3,3,3,0,1,3,5,5,3,7,3,15,11,12,24,14,1,3,6,3,3,3,3,5,3,6,0,11,13,3,15,14,11,3,3,14,0,3,3,3,3,7,6,5,5,1,5,21,13,3,3,11,0,3,1,3,3,12,9,7,1,3,9,15,3,1,0,5,0,1,3,1,3,14,14,11,3,3,1,1,1,1,1,0,3,6,3,1,7,7,19,13,1,7,3,0,7,5,0,5,6,6,5,3,3,0,17,12,5,27,15,1,3,1,1,3,3,5,3,3,3,1,0,10,25,31,3,1,1,3,3,5,3,3,3,3,3,0,1,3,22,10,0,3,3,3,3,3,3,3,3,1,1,0,3,3,0,0,1,3,3,3,3,3,3,5,0,1,3,0,3,5,1,3,5,3,3,3,3,1,3,3,3,1,3
6,7,7,7,6,7,7,9,7,6,3,3,3,1,0,0,7,10,10,11,11,10,11,12,7,1,3,3,3,1,3,0,6,7,12,12,11,18,10,3,5,3,3,3,3,3,3,0,3,3,10,12,12,7,3,3,3,3,0,1,3,3,3,0,3,3,11,12,13,0,1,3,3,1,3,1,3,3,5,0,3,7,15,7,21,19,10,1,3,1,6,1,3,3,5,0,6,11,15,7,3,15,15,1,3,3,11,3,3,3,5,1,9,14,3,7,1,15,15,7,3,1,5,3,3,3,3,1,14,13,0,1,3,13,13,0,3,3,5,0,3,1,3,3,20,15,3,0,1,3,1,1,3,3,0,5,5,3,5,6,20,18,6,1,6,3,0,11,0,1,6,6,6,3,3,0,1,15,7,14,27,5,3,3,1,3,3,5,3,1,3,1,1,0,15,31,14,1,1,1,3,3,3,3,3,3,3,3,0,1,3,28,1,1,3,3,3,3,3,3,3,3,1,3,1,3,3,3,1,3,3,3,3,3,3,3,3,1,3,3,1,3,3,1,3,3,3,3,3,1,3,3,1,1,3,3
0,7,10,9,10,10,10,11,13,10,3,1,1,1,1,1,0,7,10,11,12,10,15,11,7,3,3,3,3,3,3,3,0,1,1,11,11,11,14,7,3,3,1,1,3,3,3,3,0,3,3,9,14,13,3,1,3,3,1,3,1,3,3,3,0,1,3,13,9,15,9,6,1,1,3,0,1,3,5,5,0,5,11,18,10,15,17,13,1,3,3,11,1,3,3,5,0,7,13,7,9,1,13,15,7,3,3,7,3,3,3,3,0,11,14,3,3,3,15,15,3,1,3,6,1,3,1,3,0,17,14,1,3,3,5,5,1,3,3,0,1,3,3,1,0,22,15,5,3,0,3,0,5,0,3,1,6,6,3,9,0,14,18,7,1,15,0,3,12,0,3,5,6,5,3,3,0,0,11,11,26,27,3,1,1,1,3,3,3,3,1,3,0,1,0,12,31,1,1,3,3,3,3,3,1,1,3,1,0,1,3,0,19,1,1,3,3,3,3,3,3,3,1,3,0,1,3,3,1,3,3,3,3,3,1,3,3,1,1,1,0,3,3,3,3,5,5,5,5,5,3,3,3,3,3,5
9,10,10,10,10,9,10,12,12,6,3,3,1,1,1,1,9,9,10,12,10,13,13,9,3,3,3,3,3,3,3,3,7,3,7,11,11,15,15,3,3,3,0,1,3,3,3,3,1,7,3,11,15,3,0,3,3,1,3,0,3,3,5,3,6,1,13,9,14,14,7,3,3,6,0,1,3,3,5,5,7,0,13,11,5,21,15,6,3,5,10,3,3,3,5,3,6,3,7,12,1,10,13,14,1,3,13,1,3,3,3,3,9,9,3,1,1,6,21,7,1,1,10,0,1,1,1,3,13,11,10,1,3,1,3,3,1,1,0,1,3,3,3,5,13,17,12,6,3,1,1,1,1,3,1,5,6,3,9,7,1,20,15,0,14,1,0,10,3,1,5,6,5,3,3,3,0,6,12,19,31,13,3,3,1,3,3,3,3,1,3,3,0,3,1,23,22,1,1,3,3,3,3,3,1,3,3,1,0,3,3,11,1,1,3,3,3,3,3,3,3,3,1,3,0,3,3,1,1,3,3,3,3,3,1,3,3,1,1,3,0,3,5,3,3,6,5,5,5,3,3,3,3,3,3,5
7,10,9,10,10,10,11,13,10,3,1,1,1,1,1,0,7,10,11,12,10,15,11,7,3,3,3,3,3,3,3,0,1,1,11,11,11,14,7,3,3,1,1,3,3,3,3,0,3,3,9,14,13,3,1,3,3,1,3,1,3,3,3,0,1,3,13,9,15,9,6,1,1,3,0,1,3,5,5,1,5,11,18,10,15,17,13,1,3,3,11,1,3,3,5,0,7,13,7,9,1,13,15,7,3,3,7,3,3,3,3,1,11,14,3,3,3,15,15,3,1,3,6,1,3,1,3,0,17,14,1,3,3,5,5,1,3,3,0,1,3,3,1,3,22,15,5,3,0,3,0,5,0,3,1,6,6,3,9,6,14,18,7,1,15,0,3,12,0,3,5,6,5,3,3,1,0,11,11,26,27,3,1,1,1,3,3,3,3,1,3,3,1,0,12,31,1,1,3,3,3,3,3,1,1,3,1,3,1,3,0,19,1,1,3,3,3,3,3,3,3,1,3,3,1,3,3,1,3,3,3,3,3,1,3,3,1,1,1,1,3,3,3,3,5,5,5,5,5,3,3,3,3,3,5,5
0,0,0,0,0,0,0,0,0,0,0,0,0,0,0,0,0,6,7,7,7,7,6,7,7,7,6,6,6,7,7,7,0,7,10,10,10,9,11,6,7,7,7,3,3,6,9,11,0,6,9,12,10,7,11,6,7,6,7,3,3,6,7,12,0,5,3,10,9,7,3,7,3,6,7,6,3,6,6,9,0,1,10,7,7,31,18,13,1,6,7,12,3,6,7,6,0,21,30,17,3,34,30,23,3,3,7,31,3,6,7,6,0,20,29,7,7,5,19,36,6,3,5,20,3,5,7,7,0,35,25,3,7,3,37,24,6,3,3,9,6,6,7,7,0,43,41,18,6,5,5,6,5,3,5,6,6,7,7,7,0,38,42,17,3,15,1,3,11,3,6,7,9,7,7,7,0,25,43,15,21,39,14,15,27,3,7,9,7,7,7,6,0,12,26,24,61,72,9,7,7,7,7,7,9,6,7,6,0,5,7,24,84,13,7,7,7,9,9,7,6,6,6,5,0,5,7,18,38,10,9,7,7,7,7,6,7,7,5,6,0,5,7,6,10,7,9,9,7,7,7,6,7,6,6,6
0,0,0,0,0,0,0,0,0,0,0,0,0,0,0,0,5,7,7,7,7,7,6,7,7,6,6,6,7,7,7,6,5,9,10,10,9,11,22,7,7,7,6,3,5,7,11,7,5,7,12,11,10,12,7,6,7,6,6,3,5,6,9,11,5,3,7,9,9,5,3,3,5,6,7,3,6,6,6,12,6,5,20,6,10,31,11,3,5,6,7,3,3,7,6,9,9,6,30,10,14,43,15,18,5,3,21,3,3,7,7,6,5,12,30,12,3,7,43,21,6,3,28,3,3,6,7,5,10,26,17,7,3,7,36,13,6,1,14,6,5,7,7,6,19,41,21,3,5,3,6,6,3,3,3,7,7,7,6,7,23,45,31,5,15,3,3,10,5,6,6,9,9,7,7,7,17,48,35,9,43,27,7,27,11,6,9,10,7,7,6,6,3,21,34,34,95,31,7,7,9,7,7,7,7,6,7,6,3,5,7,52,58,9,7,6,7,9,9,7,6,5,6,6,3,6,6,37,20,7,9,7,7,7,7,7,7,7,6,6,3,7,7,6,7,9,9,9,7,7,6,7,7,6,7,6
0,0,0,0,0,0,0,0,0,0,0,0,0,0,0,0,6,7,7,7,7,6,7,7,7,6,6,6,7,7,7,3,7,10,10,10,9,11,6,7,7,7,3,3,6,9,11,5,6,9,12,10,7,11,6,7,6,7,3,3,6,7,12,6,5,3,10,9,7,3,7,3,6,7,6,3,6,6,9,9,1,10,7,7,31,18,13,1,6,7,12,3,6,7,6,9,21,30,17,3,34,30,23,3,3,7,31,3,6,7,6,7,20,29,7,7,5,19,36,6,3,5,20,3,5,7,7,5,35,25,3,7,3,37,24,6,3,3,9,6,6,7,7,5,43,41,18,6,5,5,6,5,3,5,6,6,7,7,7,3,38,42,17,3,15,1,3,11,3,6,7,9,7,7,7,3,25,43,15,21,39,14,15,27,3,7,9,7,7,7,6,3,12,26,24,61,72,9,7,7,7,7,7,9,6,7,6,3,5,7,24,84,13,7,7,7,9,9,7,6,6,6,5,5,5,7,18,38,10,9,7,7,7,7,6,7,7,5,6,3,5,7,6,10,7,9,9,7,7,7,6,7,6,6,6,5
0,3,7,6,6,5,6,5,6,5,5,3,5,5,6,6,0,7,9,9,7,9,7,6,7,7,7,5,6,7,9,9,0,7,10,11,10,7,12,7,7,7,7,5,3,5,7,11,0,3,7,11,10,9,5,7,3,5,7,5,3,7,5,11,0,3,5,9,7,13,5,3,3,6,7,6,3,7,7,7,0,15,20,15,9,39,36,19,3,6,7,25,3,5,7,5,0,18,37,11,7,7,23,30,5,3,7,30,3,5,7,7,0,27,22,3,7,3,22,49,10,3,3,18,3,5,7,6,0,42,34,11,7,3,29,14,6,3,6,6,6,7,7,7,0,43,42,15,3,6,3,3,5,3,6,7,7,7,7,7,0,31,42,17,6,36,6,15,28,3,6,9,7,7,7,7,0,15,40,17,48,73,12,13,14,7,7,7,9,7,7,7,0,6,18,31,81,36,7,7,9,9,9,9,7,6,6,6,0,5,6,21,69,9,7,7,7,7,7,7,6,6,7,5,0,6,7,5,11,9,7,7,7,7,7,7,7,7,5,7,0,5,6,7,6,6,7,6,6,5,5,5,5,6,5,6
3,5,6,6,6,6,5,6,6,6,5,3,5,6,6,5,5,7,9,9,9,7,7,7,9,6,6,5,7,7,9,7,5,7,11,10,9,11,9,7,7,7,7,3,5,6,9,10,3,3,10,10,9,5,7,5,5,5,6,3,6,7,7,12,3,3,7,7,11,15,3,1,5,6,9,3,5,7,6,11,11,7,27,7,20,46,18,5,3,3,7,3,3,7,6,7,7,7,31,11,3,21,31,26,6,3,28,3,3,7,6,6,6,20,20,9,3,7,58,25,5,1,18,3,3,5,7,6,15,34,17,3,3,11,24,3,3,3,3,5,6,7,6,6,23,43,27,3,5,3,3,7,1,5,3,10,7,6,7,7,20,47,35,3,17,11,5,30,15,5,7,7,7,7,7,7,14,35,33,22,79,42,10,19,6,7,7,7,7,7,7,5,0,11,23,49,85,9,7,7,9,7,10,9,6,6,6,5,3,6,7,46,35,7,7,7,7,7,7,7,7,6,5,6,3,7,6,25,6,7,9,7,9,7,7,7,7,5,6,7,3,5,6,5,7,6,6,6,6,5,5,5,5,6,5,5
3,7,6,6,5,6,5,6,5,5,3,5,5,6,6,5,7,9,9,7,9,7,6,7,7,7,5,6,7,9,9,5,7,10,11,10,7,12,7,7,7,7,5,3,5,7,11,5,3,7,11,10,9,5,7,3,5,7,5,3,7,5,11,7,3,5,9,7,13,5,3,3,6,7,6,3,7,7,7,9,15,20,15,9,39,36,19,3,6,7,25,3,5,7,5,7,18,37,11,7,7,23,30,5,3,7,30,3,5,7,7,6,27,22,3,7,3,22,49,10,3,3,18,3,5,7,6,3,42,34,11,7,3,29,14,6,3,6,6,6,7,7,7,3,43,42,15,3,6,3,3,5,3,6,7,7,7,7,7,3,31,42,17,6,36,6,15,28,3,6,9,7,7,7,7,5,15,40,17,48,73,12,13,14,7,7,7,9,7,7,7,3,6,18,31,81,36,7,7,9,9,9,9,7,6,6,6,3,5,6,21,69,9,7,7,7,7,7,7,6,6,7,5,5,6,7,5,11,9,7,7,7,7,7,7,7,7,5,7,3,5,6,7,6,6,7,6,6,5,5,5,5,6,5,6,5
0,6,7,7,7,7,6,7,7,7,6,6,6,7,7,7,0,7,10,10,10,9,11,6,7,7,7,3,3,6,9,11,0,6,9,12,10,7,11,6,7,6,7,3,3,6,7,12,0,5,3,10,9,7,3,7,3,6,7,6,3,6,6,9,0,1,10,7,7,31,18,13,1,6,7,12,3,6,7,6,0,21,30,17,3,34,30,23,3,3,7,31,3,6,7,6,0,20,29,7,7,5,19,36,6,3,5,20,3,5,7,7,0,35,25,3,7,3,37,24,6,3,3,9,6,6,7,7,0,43,41,18,6,5,5,6,5,3,5,6,6,7,7,7,0,38,42,17,3,15,1,3,11,3,6,7,9,7,7,7,0,25,43,15,21,39,14,15,27,3,7,9,7,7,7,6,0,12,26,24,61,72,9,7,7,7,7,7,9,6,7,6,0,5,7,24,84,13,7,7,7,9,9,7,6,6,6,5,0,5,7,18,38,10,9,7,7,7,7,6,7,7,5,6,0,5,7,6,10,7,9,9,7,7,7,6,7,6,6,6,0,3,3,3,3,3,3,3,3,3,3,3,1,3,3,3
5,7,7,7,7,7,6,7,7,6,6,6,7,7,7,6,5,9,10,10,9,11,22,7,7,7,6,3,5,7,11,7,5,7,12,11,10,12,7,6,7,6,6,3,5,6,9,11,5,3,7,9,9,5,3,3,5,6,7,3,6,6,6,12,6,5,20,6,10,31,11,3,5,6,7,3,3,7,6,9,9,6,30,10,14,43,15,18,5,3,21,3,3,7,7,6,5,12,30,12,3,7,43,21,6,3,28,3,3,6,7,5,10,26,17,7,3,7,36,13,6,1,14,6,5,7,7,6,19,41,21,3,5,3,6,6,3,3,3,7,7,7,6,7,23,45,31,5,15,3,3,10,5,6,6,9,9,7,7,7,17,48,35,9,43,27,7,27,11,6,9,10,7,7,6,6,3,21,34,34,95,31,7,7,9,7,7,7,7,6,7,6,3,5,7,52,58,9,7,6,7,9,9,7,6,5,6,6,3,6,6,37,20,7,9,7,7,7,7,7,7,7,6,6,3,7,7,6,7,9,9,9,7,7,6,7,7,6,7,6,3,3,3,3,3,3,3,3,3,1,3,3,1,5,3,3
6,7,7,7,7,6,7,7,7,6,6,6,7,7,7,3,7,10,10,10,9,11,6,7,7,7,3,3,6,9,11,5,6,9,12,10,7,11,6,7,6,7,3,3,6,7,12,6,5,3,10,9,7,3,7,3,6,7,6,3,6,6,9,9,1,10,7,7,31,18,13,1,6,7,12,3,6,7,6,9,21,30,17,3,34,30,23,3,3,7,31,3,6,7,6,7,20,29,7,7,5,19,36,6,3,5,20,3,5,7,7,5,35,25,3,7,3,37,24,6,3,3,9,6,6,7,7,5,43,41,18,6,5,5,6,5,3,5,6,6,7,7,7,3,38,42,17,3,15,1,3,11,3,6,7,9,7,7,7,3,25,43,15,21,39,14,15,27,3,7,9,7,7,7,6,3,12,26,24,61,72,9,7,7,7,7,7,9,6,7,6,3,5,7,24,84,13,7,7,7,9,9,7,6,6,6,5,5,5,7,18,38,10,9,7,7,7,7,6,7,7,5,6,3,5,7,6,10,7,9,9,7,7,7,6,7,6,6,6,5,3,3,3,3,3,3,3,3,3,3,3,1,3,3,3,3
0,0,0,0,0,0,0,0,0,0,0,0,0,0,0,0,0,13,13,12,13,12,11,15,15,11,6,3,5,6,7,5,0,14,13,12,14,15,19,11,7,0,0,0,0,0,3,6,0,5,10,15,15,14,15,10,0,1,0,0,0,0,1,5,0,0,1,12,14,11,0,0,1,3,1,7,0,0,1,3,0,3,0,11,0,7,3,6,0,0,1,3,0,1,0,3,0,3,10,19,11,17,12,15,0,3,0,11,1,0,1,1,0,3,11,10,12,1,6,12,7,1,0,10,1,0,0,0,0,7,7,1,5,0,3,15,7,5,0,12,0,1,0,6,0,12,6,9,0,0,0,5,0,1,3,0,1,1,3,7,0,14,10,11,0,0,3,0,3,0,1,1,3,5,5,9,0,5,7,14,0,12,3,1,5,3,1,3,3,3,0,0,0,0,3,9,3,18,7,0,0,1,3,3,1,3,1,3,0,1,0,0,15,7,3,3,3,3,3,3,1,0,1,1,0,1,3,0,17,1,3,1,1,3,3,1,1,1,1,0,0,0,3,3,0,1,1,1,3,3,1,0,3,1,0,0
0,0,0,0,0,0,0,0,0,0,0,0,0,0,0,0,11,13,12,12,12,12,11,15,14,7,5,3,5,7,7,3,10,14,13,14,15,7,15,9,3,1,0,0,0,0,5,6,1,3,15,15,15,15,19,0,0,1,0,0,0,0,1,6,0,3,3,15,11,3,0,1,0,3,3,0,0,0,3,7,5,3,12,13,3,9,3,0,0,5,0,5,0,1,1,1,7,0,19,11,0,23,9,10,0,6,1,6,0,1,1,3,10,0,15,14,0,6,3,15,0,3,9,5,0,0,0,0,7,0,11,1,3,0,14,7,3,0,11,5,0,0,3,7,6,3,13,3,6,0,7,0,0,1,3,1,1,1,6,9,3,10,12,3,3,1,3,0,5,0,3,1,6,3,10,9,0,12,9,3,3,5,3,0,6,3,1,3,3,1,0,1,1,1,10,1,20,15,1,0,0,3,3,3,1,1,1,3,0,3,1,1,17,3,3,3,3,3,3,3,1,1,1,3,0,5,6,0,6,3,3,1,3,3,1,1,0,1,0,1,0,3,3,0,0,1,1,3,3,3,0,1,3,0,0,5
0,0,0,0,0,0,0,0,0,0,0,0,0,0,0,0,13,13,12,13,12,11,15,15,11,6,3,5,6,7,5,0,14,13,12,14,15,19,11,7,0,0,0,0,0,3,6,0,5,10,15,15,14,15,10,0,1,0,0,0,0,1,5,0,0,1,12,14,11,0,0,1,3,1,7,0,0,1,3,0,3,0,11,0,7,3,6,0,0,1,3,0,1,0,3,0,3,10,19,11,17,12,15,0,3,0,11,1,0,1,1,0,3,11,10,12,1,6,12,7,1,0,10,1,0,0,0,0,7,7,1,5,0,3,15,7,5,0,12,0,1,0,6,0,12,6,9,0,0,0,5,0,1,3,0,1,1,3,7,0,14,10,11,0,0,3,0,3,0,1,1,3,5,5,9,0,5,7,14,0,12,3,1,5,3,1,3,3,3,0,0,0,0,3,9,3,18,7,0,0,1,3,3,1,3,1,3,3,1,0,0,15,7,3,3,3,3,3,3,1,0,1,1,0,1,3,0,17,1,3,1,1,3,3,1,1,1,1,0,1,0,3,3,0,1,1,1,3,3,1,0,3,1,0,0,3
0,17,18,18,18,19,17,20,21,21,18,15,15,15,15,15,0,15,15,13,14,13,14,13,13,7,0,0,0,1,7,6,0,7,12,13,15,15,13,11,0,1,1,0,0,0,1,6,0,0,3,15,15,12,7,0,0,3,0,3,0,0,1,1,0,3,0,11,10,7,0,0,0,0,1,5,0,0,0,3,0,3,6,15,3,17,12,13,0,1,0,6,1,0,1,3,0,3,12,19,11,6,13,17,3,1,0,14,0,0,1,0,0,6,10,0,10,3,3,12,7,1,0,11,0,1,0,0,0,10,7,3,3,0,7,17,3,3,0,7,0,1,1,5,0,14,7,10,0,1,1,0,0,0,0,0,1,3,6,13,0,12,7,12,0,11,3,0,7,3,0,3,3,3,0,1,0,0,5,14,0,23,3,0,0,3,3,5,3,1,1,3,0,0,0,9,11,9,3,3,3,3,3,3,3,1,1,1,0,3,3,0,17,1,3,3,3,3,3,3,1,0,1,1,0,0,3,1,3,1,3,3,1,1,1,3,3,3,0,0,0,1,3,5,3,3,3,3,5,3,3,3,3,3,0,3
14,17,18,19,19,19,18,21,22,19,15,15,15,15,15,15,11,14,13,14,14,12,12,15,9,0,0,0,1,5,7,5,7,10,13,15,15,7,19,3,0,1,1,0,0,0,3,6,0,3,11,15,15,11,3,0,0,3,3,0,0,0,3,7,0,3,6,14,9,6,0,1,0,3,0,1,0,0,3,1,7,0,18,13,0,22,7,0,0,6,0,6,0,1,0,3,10,0,15,14,0,18,3,17,0,5,6,3,0,1,1,1,10,0,12,7,1,0,15,15,1,3,10,0,0,0,0,3,7,0,11,0,7,0,18,5,0,3,1,6,0,1,3,5,5,6,12,1,0,5,1,0,3,0,0,0,3,3,11,14,0,11,10,5,1,0,3,0,10,0,0,3,5,3,0,1,0,11,7,3,10,13,0,1,0,3,3,5,3,1,1,3,0,1,11,6,20,3,1,3,3,3,3,3,3,1,1,3,0,5,3,3,12,3,3,1,3,3,3,3,0,1,0,1,0,3,5,0,3,3,3,3,1,1,1,1,3,1,0,3,0,3,3,3,3,3,3,3,5,3,1,3,3,0,0,6
17,18,18,18,19,17,20,21,21,18,15,15,15,15,15,3,15,15,13,14,13,14,13,13,7,0,0,0,1,7,6,0,7,12,13,15,15,13,11,0,1,1,0,0,0,1,6,0,0,3,15,15,12,7,0,0,3,0,3,0,0,1,1,0,3,0,11,10,7,0,0,0,0,1,5,0,0,0,3,0,3,6,15,3,17,12,13,0,1,0,6,1,0,1,3,0,3,12,19,11,6,13,17,3,1,0,14,0,0,1,0,0,6,10,0,10,3,3,12,7,1,0,11,0,1,0,0,0,10,7,3,3,0,7,17,3,3,0,7,0,1,1,5,0,14,7,10,0,1,1,0,0,0,0,0,1,3,6,13,0,12,7,12,0,11,3,0,7,3,0,3,3,3,0,1,0,0,5,14,0,23,3,0,0,3,3,5,3,1,1,3,3,0,0,9,11,9,3,3,3,3,3,3,3,1,1,1,1,3,3,0,17,1,3,3,3,3,3,3,1,0,1,1,0,0,3,1,3,1,3,3,1,1,1,3,3,3,0,0,3,1,3,5,3,3,3,3,5,3,3,3,3,3,0,3,3
0,13,13,12,13,12,11,15,15,11,6,3,5,6,7,5,0,14,13,12,14,15,19,11,7,0,0,0,0,0,3,6,0,5,10,15,15,14,15,10,0,1,0,0,0,0,1,5,0,0,1,12,14,11,0,0,1,3,1,7,0,0,1,3,0,3,0,11,0,7,3,6,0,0,1,3,0,1,0,3,0,3,10,19,11,17,12,15,0,3,0,11,1,0,1,1,0,3,11,10,12,1,6,12,7,1,0,10,1,0,0,0,0,7,7,1,5,0,3,15,7,5,0,12,0,1,0,6,0,12,6,9,0,0,0,5,0,1,3,0,1,1,3,7,0,14,10,11,0,0,3,0,3,0,1,1,3,5,5,9,0,5,7,14,0,12,3,1,5,3,1,3,3,3,0,0,0,0,3,9,3,18,7,0,0,1,3,3,1,3,1,3,0,1,0,0,15,7,3,3,3,3,3,3,1,0,1,1,0,1,3,0,17,1,3,1,1,3,3,1,1,1,1,0,0,0,3,3,0,1,1,1,3,3,1,0,3,1,0,0,0,0,0,0,1,0,0,0,0,0,0,0,0,0,0,0
11,13,12,12,12,12,11,15,14,7,5,3,5,7,7,3,10,14,13,14,15,7,15,9,3,1,0,0,0,0,5,6,1,3,15,15,15,15,19,0,0,1,0,0,0,0,1,6,0,3,3,15,11,3,0,1,0,3,3,0,0,0,3,7,5,3,12,13,3,9,3,0,0,5,0,5,0,1,1,1,7,0,19,11,0,23,9,10,0,6,1,6,0,1,1,3,10,0,15,14,0,6,3,15,0,3,9,5,0,0,0,0,7,0,11,1,3,0,14,7,3,0,11,5,0,0,3,7,6,3,13,3,6,0,7,0,0,1,3,1,1,1,6,9,3,10,12,3,3,1,3,0,5,0,3,1,6,3,10,9,0,12,9,3,3,5,3,0,6,3,1,3,3,1,0,1,1,1,10,1,20,15,1,0,0,3,3,3,1,1,1,3,0,3,1,1,17,3,3,3,3,3,3,3,1,1,1,3,0,5,6,0,6,3,3,1,3,3,1,1,0,1,0,1,0,3,3,0,0,1,1,3,3,3,0,1,3,0,0,5,0,0,0,0,0,1,0,0,0,0,0,0,0,0,0,0
13,13,12,13,12,11,15,15,11,6,3,5,6,7,5,0,14,13,12,14,15,19,11,7,0,0,0,0,0,3,6,0,5,10,15,15,14,15,10,0,1,0,0,0,0,1,5,0,0,1,12,14,11,0,0,1,3,1,7,0,0,1,3,0,3,0,11,0,7,3,6,0,0,1,3,0,1,0,3,0,3,10,19,11,17,12,15,0,3,0,11,1,0,1,1,0,3,11,10,12,1,6,12,7,1,0,10,1,0,0,0,0,7,7,1,5,0,3,15,7,5,0,12,0,1,0,6,0,12,6,9,0,0,0,5,0,1,3,0,1,1,3,7,0,14,10,11,0,0,3,0,3,0,1,1,3,5,5,9,0,5,7,14,0,12,3,1,5,3,1,3,3,3,0,0,0,0,3,9,3,18,7,0,0,1,3,3,1,3,1,3,3,1,0,0,15,7,3,3,3,3,3,3,1,0,1,1,0,1,3,0,17,1,3,1,1,3,3,1,1,1,1,0,1,0,3,3,0,1,1,1,3,3,1,0,3,1,0,0,3,0,0,0,1,0,0,0,0,0,0,0,0,0,0,0,0
0,0,0,0,0,0,0,0,0,0,0,0,0,0,0,0,0,0,0,0,0,0,0,0,0,0,0,0,0,0,0,0,0,0,0,0,0,0,0,0,0,0,0,0,0,0,0,0,0,0,0,0,0,0,0,0,0,0,0,0,0,0,0,0,0,0,0,0,0,0,0,0,0,0,0,0,0,0,0,0,0,3,0,0,0,1,0,0,0,0,1,0,0,0,0,0,0,7,0,0,0,1,7,3,0,0,0,3,3,0,0,0,0,9,0,0,0,0,1,1,3,0,0,7,0,0,0,0,0,6,9,0,0,0,0,13,1,0,0,3,0,0,0,0,0,7,7,7,0,0,9,3,0,0,1,0,3,0,0,0,0,7,7,7,1,0,0,0,1,0,0,0,0,0,0,0,0,1,7,11,5,7,0,0,3,3,0,0,0,0,0,0,0,0,7,7,3,14,20,11,9,0,0,0,0,0,0,1,0,5,0,3,5,27,1,0,0,0,0,0,0,0,0,0,0,3,1,0,15,7,0,0,0,0,0,0,0,5,0,3,0,6,1,3,12,3,0,0,0,0,0,1,3,0,3,7
0,0,0,0,0,0,0,0,0,0,0,0,0,0,0,0,0,0,0,0,0,0,0,0,0,0,0,0,0,0,0,1,0,0,0,0,0,0,0,0,0,0,0,0,0,0,0,0,0,0,0,0,0,0,0,0,0,0,0,0,0,0,0,0,0,0,0,0,0,0,0,0,0,0,0,0,0,0,0,0,0,0,0,0,0,3,0,1,0,0,0,0,0,0,0,0,3,0,1,0,0,7,3,3,0,0,0,3,0,0,0,3,3,1,9,0,1,3,3,9,0,0,0,6,0,0,0,0,3,5,6,0,0,0,1,5,1,0,0,3,0,0,0,0,3,6,10,0,0,0,6,0,0,0,0,0,0,0,0,0,0,7,7,5,0,1,0,1,3,0,0,0,0,0,0,0,0,7,7,12,5,3,0,0,3,0,0,0,0,0,0,0,0,6,6,0,3,26,12,10,6,0,0,0,0,0,1,3,0,1,7,0,23,7,0,0,0,0,0,0,0,0,3,0,1,3,0,0,22,0,0,0,0,0,0,0,3,3,0,13,0,3,3,5,6,0,0,0,0,0,0,3,0,0,7,3
0,0,0,0,0,0,0,0,0,0,0,0,0,0,0,0,0,0,0,0,0,0,0,0,0,0,0,0,0,0,0,0,0,0,0,0,0,0,0,0,0,0,0,0,0,0,0,0,0,0,0,0,0,0,0,0,0,0,0,0,0,0,0,0,0,0,0,0,0,0,0,0,0,0,0,0,0,0,0,0,3,0,0,0,1,0,0,0,0,1,0,0,0,0,0,0,7,0,0,0,1,7,3,0,0,0,3,3,0,0,0,0,9,0,0,0,0,1,1,3,0,0,7,0,0,0,0,1,6,9,0,0,0,0,13,1,0,0,3,0,0,0,0,0,7,7,7,0,0,9,3,0,0,1,0,3,0,0,0,0,7,7,7,1,0,0,0,1,0,0,0,0,0,0,0,0,1,7,11,5,7,0,0,3,3,0,0,0,0,0,0,0,0,7,7,3,14,20,11,9,0,0,0,0,0,0,1,0,5,0,3,5,27,1,0,0,0,0,0,0,0,0,0,0,3,1,0,15,7,0,0,0,0,0,0,0,5,0,3,6,6,1,3,12,3,0,0,0,0,0,1,3,0,3,7,0
0,0,0,0,0,0,0,0,0,0,0,0,0,0,0,0,0,0,0,0,0,0,0,0,0,0,0,0,0,0,0,0,0,0,0,0,0,0,0,0,0,0,0,0,0,0,0,0,0,0,0,0,0,0,0,0,0,0,0,0,0,0,0,0,0,1,0,0,0,1,1,0,0,0,0,0,0,0,0,0,0,6,1,0,0,3,10,1,0,0,0,0,0,0,0,0,0,12,0,0,0,1,6,3,0,0,0,7,0,0,0,0,0,7,6,0,0,3,0,7,0,1,0,3,0,0,0,0,0,7,7,0,0,0,0,11,0,0,0,0,0,0,0,0,0,7,7,7,1,0,1,0,1,0,0,1,0,0,0,0,0,3,7,3,1,10,1,0,3,1,0,0,0,0,0,0,0,0,10,13,3,1,1,3,10,7,0,0,0,0,0,0,0,6,0,11,5,28,6,0,0,0,0,0,0,0,0,3,0,5,1,0,13,15,0,0,0,0,0,0,0,3,5,0,0,3,1,0,13,1,0,0,0,0,0,0,3,3,0,12,0,7,3,3,6,3,0,1,0,0,0,3,1,0,6,10
7,0,0,0,0,0,0,0,0,0,0,0,0,0,0,1,0,0,0,0,0,0,0,0,0,0,0,0,0,0,0,0,0,0,0,0,0,0,0,0,0,0,0,0,0,0,0,0,0,0,0,0,0,0,0,0,0,0,0,0,0,0,0,0,0,0,0,0,0,0,0,0,0,1,0,0,0,0,0,0,0,0,0,0,0,11,3,0,0,0,0,0,0,0,0,1,3,1,3,0,1,11,1,5,0,0,0,6,0,0,0,3,3,3,6,0,0,0,3,6,0,0,1,0,0,0,0,0,3,6,7,0,0,0,15,6,0,0,0,0,0,0,0,0,1,7,10,0,0,1,0,0,0,0,0,3,0,0,0,0,0,7,3,6,1,10,0,1,6,0,0,0,0,0,0,0,0,7,10,0,5,3,0,7,10,1,0,0,0,0,0,0,3,5,10,1,9,21,0,0,0,0,0,0,0,0,0,5,0,3,0,1,29,0,0,0,0,0,0,0,0,5,0,0,1,1,1,0,15,0,0,0,0,0,0,0,3,0,6,10,3,5,3,1,0,0,3,0,0,0,0,3,0,0,10,5
0,0,0,0,0,0,0,0,0,0,0,0,0,0,0,0,0,0,0,0,0,0,0,0,0,0,0,0,0,0,0,0,0,0,0,0,0,0,0,0,0,0,0,0,0,0,0,0,0,0,0,0,0,0,0,0,0,0,0,0,0,0,0,0,1,0,0,0,1,1,0,0,0,0,0,0,0,0,0,0,6,1,0,0,3,10,1,0,0,0,0,0,0,0,0,0,12,0,0,0,1,6,3,0,0,0,7,0,0,0,0,1,7,6,0,0,3,0,7,0,1,0,3,0,0,0,0,0,7,7,0,0,0,0,11,0,0,0,0,0,0,0,0,0,7,7,7,1,0,1,0,1,0,0,1,0,0,0,0,0,3,7,3,1,10,1,0,3,1,0,0,0,0,0,0,0,0,10,13,3,1,1,3,10,7,0,0,0,0,0,0,0,6,0,11,5,28,6,0,0,0,0,0,0,0,0,3,0,5,1,0,13,15,0,0,0,0,0,0,0,3,5,0,6,3,1,0,13,1,0,0,0,0,0,0,3,3,0,12,0,7,3,3,6,3,0,1,0,0,0,3,1,0,6,10,3
0,0,0,0,0,0,0,0,0,0,0,0,0,0,0,0,0,0,0,0,0,0,0,0,0,0,0,0,0,0,0,0,0,0,0,0,0,0,0,0,0,0,0,0,0,0,0,0,0,0,0,0,0,0,0,0,0,0,0,0,0,0,0,0,0,3,0,0,0,1,0,0,0,0,1,0,0,0,0,0,0,7,0,0,0,1,7,3,0,0,0,3,3,0,0,0,0,9,0,0,0,0,1,1,3,0,0,7,0,0,0,0,0,6,9,0,0,0,0,13,1,0,0,3,0,0,0,0,0,7,7,7,0,0,9,3,0,0,1,0,3,0,0,0,0,7,7,7,1,0,0,0,1,0,0,0,0,0,0,0,0,1,7,11,5,7,0,0,3,3,0,0,0,0,0,0,0,0,7,7,3,14,20,11,9,0,0,0,0,0,0,1,0,5,0,3,5,27,1,0,0,0,0,0,0,0,0,0,0,3,1,0,15,7,0,0,0,0,0,0,0,5,0,3,0,6,1,3,12,3,0,0,0,0,0,1,3,0,3,7,0,6,3,3,5,3,1,3,5,0,0,5,0,0,10,6
0,0,0,0,0,0,0,0,0,0,0,0,0,0,0,1,0,0,0,0,0,0,0,0,0,0,0,0,0,0,0,0,0,0,0,0,0,0,0,0,0,0,0,0,0,0,0,0,0,0,0,0,0,0,0,0,0,0,0,0,0,0,0,0,0,0,0,0,0,3,0,1,0,0,0,0,0,0,0,0,3,0,1,0,0,7,3,3,0,0,0,3,0,0,0,3,3,1,9,0,1,3,3,9,0,0,0,6,0,0,0,0,3,5,6,0,0,0,1,5,1,0,0,3,0,0,0,0,3,6,10,0,0,0,6,0,0,0,0,0,0,0,0,0,0,7,7,5,0,1,0,1,3,0,0,0,0,0,0,0,0,7,7,12,5,3,0,0,3,0,0,0,0,0,0,0,0,6,6,0,3,26,12,10,6,0,0,0,0,0,1,3,0,1,7,0,23,7,0,0,0,0,0,0,0,0,3,0,1,3,0,0,22,0,0,0,0,0,0,0,3,3,0,13,0,3,3,5,6,0,0,0,0,0,0,3,0,0,7,3,0,5,3,5,3,0,3,5,1,0,6,3,0,3,13,5
0,0,0,0,0,0,0,0,0,0,0,0,0,0,0,0,0,0,0,0,0,0,0,0,0,0,0,0,0,0,0,0,0,0,0,0,0,0,0,0,0,0,0,0,0,0,0,0,0,0,0,0,0,0,0,0,0,0,0,0,0,0,0,0,3,0,0,0,1,0,0,0,0,1,0,0,0,0,0,0,7,0,0,0,1,7,3,0,0,0,3,3,0,0,0,0,9,0,0,0,0,1,1,3,0,0,7,0,0,0,0,1,6,9,0,0,0,0,13,1,0,0,3,0,0,0,0,0,7,7,7,0,0,9,3,0,0,1,0,3,0,0,0,0,7,7,7,1,0,0,0,1,0,0,0,0,0,0,0,0,1,7,11,5,7,0,0,3,3,0,0,0,0,0,0,0,0,7,7,3,14,20,11,9,0,0,0,0,0,0,1,0,5,0,3,5,27,1,0,0,0,0,0,0,0,0,0,0,3,1,0,15,7,0,0,0,0,0,0,0,5,0,3,6,6,1,3,12,3,0,0,0,0,0,1,3,0,3,7,0,6,3,3,5,3,1,3,5,0,0,5,0,0,10,6,1
0,0,0,0,0,0,0,0,0,0,0,0,0,0,0,0,0,3,9,9,10,9,7,7,11,10,5,0,3,7,7,7,0,10,11,9,10,10,22,10,5,1,7,7,0,0,3,11,0,0,1,7,11,6,0,5,0,0,0,3,7,3,0,9,0,14,0,9,9,10,9,12,0,0,0,10,0,3,0,0,0,18,7,9,5,31,6,7,1,0,0,13,6,3,7,0,0,0,5,10,0,1,0,15,9,9,0,3,0,0,6,0,0,0,7,0,13,0,0,7,9,10,0,7,1,0,0,1,0,0,17,0,19,0,0,0,0,5,0,6,1,0,0,7,0,0,0,0,6,0,0,3,3,3,6,0,1,0,6,6,0,3,0,7,0,0,0,5,20,0,0,1,0,0,6,9,0,0,0,6,0,30,0,0,0,6,6,0,0,0,1,0,0,0,0,9,1,0,3,1,0,0,0,0,0,0,0,0,0,0,0,0,3,0,0,0,0,0,0,0,0,0,0,0,0,0,0,0,13,0,0,0,0,0,0,0,0,0,0,0,0,0,0,0,0,0,0,0,0,0,0,0,0,0,0,0
0,0,0,0,0,0,0,0,0,0,0,0,0,0,0,0,7,5,10,10,10,7,7,10,12,6,3,1,6,9,7,7,9,7,9,10,10,17,15,7,0,7,7,3,0,0,7,11,3,0,7,10,10,0,7,0,3,0,3,3,3,0,0,12,10,0,5,9,13,7,7,11,0,0,7,0,0,1,0,9,11,0,13,5,13,20,3,9,0,0,3,12,1,3,0,0,12,0,15,13,1,3,10,7,6,0,11,9,0,3,7,0,18,0,1,9,0,6,0,12,3,0,9,10,0,0,6,9,20,0,12,3,0,1,9,0,1,0,5,7,0,0,3,9,13,0,19,0,20,0,0,1,0,0,1,0,0,0,7,11,0,0,9,0,0,7,0,1,9,0,0,1,0,0,7,6,1,3,1,0,26,19,0,0,5,7,1,1,0,0,1,0,0,0,0,1,0,0,3,1,0,0,0,0,0,0,0,0,0,0,0,3,5,0,0,0,0,0,0,0,0,0,0,0,0,0,0,1,0,0,0,0,0,0,0,0,0,0,0,0,0,0,0,1,0,0,0,0,0,0,0,0,0,0,0,0
0,0,0,0,0,0,0,0,0,0,0,0,0,0,0,0,3,9,9,10,9,7,7,11,10,5,0,3,7,7,7,0,10,11,9,10,10,22,10,5,1,7,7,0,0,3,11,0,0,1,7,11,6,0,5,0,0,0,3,7,3,0,9,0,14,0,9,9,10,9,12,0,0,0,10,0,3,0,0,1,18,7,9,5,31,6,7,1,0,0,13,6,3,7,0,0,0,5,10,0,1,0,15,9,9,0,3,0,0,6,0,0,0,7,0,13,0,0,7,9,10,0,7,1,0,0,1,0,0,17,0,19,0,0,0,0,5,0,6,1,0,0,7,0,0,0,0,6,0,0,3,3,3,6,0,1,0,6,6,0,3,0,7,0,0,0,5,20,0,0,1,0,0,6,9,0,0,0,6,0,30,0,0,0,6,6,0,0,0,1,0,0,0,0,9,1,0,3,1,0,0,0,0,0,0,0,0,0,0,0,0,3,0,0,0,0,0,0,0,0,0,0,0,0,0,0,0,13,0,0,0,0,0,0,0,0,0,0,0,0,0,0,0,0,0,0,0,0,0,0,0,0,0,0,0,0
0,0,3,1,1,0,0,3,3,1,0,0,0,0,0,0,0,7,10,10,10,10,14,10,13,9,3,0,0,0,9,11,0,7,9,7,10,7,12,3,0,1,3,9,6,0,0,11,0,0,0,7,11,10,3,11,6,0,0,3,0,5,0,3,0,21,3,11,12,29,6,12,0,0,0,11,0,5,0,0,0,3,7,9,0,9,3,9,3,0,0,9,3,1,7,0,0,0,0,6,5,0,0,19,7,14,0,3,0,0,3,3,0,0,18,0,15,0,13,0,3,7,0,7,1,0,0,3,0,0,7,0,15,0,1,0,0,5,0,6,0,0,0,3,0,3,0,0,0,5,0,7,15,0,18,0,0,0,10,12,0,3,0,5,7,11,0,1,19,3,0,3,0,0,3,3,0,0,0,15,0,12,0,1,3,3,0,0,0,0,0,0,0,0,0,0,0,0,0,0,0,0,0,0,0,0,0,0,0,0,0,0,12,0,0,0,0,0,0,0,0,0,0,0,0,0,0,0,0,1,0,0,0,0,0,0,0,0,0,0,0,0,0,0,0,0,0,0,0,0,0,0,0,0,0,0
0,0,3,1,1,0,3,3,3,1,0,0,0,0,0,0,7,6,11,11,12,13,11,12,13,5,3,0,0,6,11,9,7,5,7,9,9,0,17,0,3,0,6,9,6,0,5,10,5,0,3,9,11,0,7,13,3,0,7,0,0,0,0,10,15,5,11,7,22,18,5,7,0,0,1,6,0,3,0,3,7,0,15,6,0,15,11,6,3,0,10,9,0,3,6,0,14,0,7,14,1,3,0,14,6,0,11,7,0,0,7,6,21,0,3,6,0,0,1,0,5,0,11,5,0,0,3,9,15,0,15,1,6,0,1,0,0,0,0,5,0,0,6,7,7,0,14,0,12,1,0,6,0,9,0,0,0,0,10,12,0,0,1,0,19,15,12,3,19,0,3,1,0,1,3,1,3,0,7,0,6,0,0,3,1,3,0,0,0,0,0,0,0,1,0,3,1,0,0,0,0,0,0,0,0,0,0,0,0,0,0,1,7,0,0,0,0,0,0,0,0,0,0,0,0,0,0,3,0,0,0,0,0,0,0,0,0,0,0,0,0,0,0,0,0,0,0,0,0,0,0,0,0,0,0,0
0,3,1,1,0,0,3,3,1,0,0,0,0,0,0,0,7,10,10,10,10,14,10,13,9,3,0,0,0,9,11,0,7,9,7,10,7,12,3,0,1,3,9,6,0,0,11,0,0,0,7,11,10,3,11,6,0,0,3,0,5,0,3,0,21,3,11,12,29,6,12,0,0,0,11,0,5,0,0,0,3,7,9,0,9,3,9,3,0,0,9,3,1,7,0,0,0,0,6,5,0,0,19,7,14,0,3,0,0,3,3,0,0,18,0,15,0,13,0,3,7,0,7,1,0,0,3,0,0,7,0,15,0,1,0,0,5,0,6,0,0,0,3,0,3,0,0,0,5,0,7,15,0,18,0,0,0,10,12,1,3,0,5,7,11,0,1,19,3,0,3,0,0,3,3,0,0,0,15,0,12,0,1,3,3,0,0,0,0,0,0,0,0,0,0,0,0,0,0,0,0,0,0,0,0,0,0,0,0,0,0,12,0,0,0,0,0,0,0,0,0,0,0,0,0,0,0,0,1,0,0,0,0,0,0,0,0,0,0,0,0,0,0,0,0,0,0,0,0,0,0,0,0,0,0,0
0,3,9,9,10,9,7,7,11,10,5,0,3,7,7,7,0,10,11,9,10,10,22,10,5,1,7,7,0,0,3,11,0,0,1,7,11,6,0,5,0,0,0,3,7,3,0,9,0,14,0,9,9,10,9,12,0,0,0,10,0,3,0,0,0,18,7,9,5,31,6,7,1,0,0,13,6,3,7,0,0,0,5,10,0,1,0,15,9,9,0,3,0,0,6,0,0,0,7,0,13,0,0,7,9,10,0,7,1,0,0,1,0,0,17,0,19,0,0,0,0,5,0,6,1,0,0,7,0,0,0,0,6,0,0,3,3,3,6,0,1,0,6,6,0,3,0,7,0,0,0,5,20,0,0,1,0,0,6,9,0,0,0,6,0,30,0,0,0,6,6,0,0,0,1,0,0,0,0,9,1,0,3,1,0,0,0,0,0,0,0,0,0,0,0,0,3,0,0,0,0,0,0,0,0,0,0,0,0,0,0,0,13,0,0,0,0,0,0,0,0,0,0,0,0,0,0,0,0,0,0,0,0,0,0,0,0,0,0,0,0,3,1,5,7,7,7,6,0,0,0,5,0,0,3,5
7,5,10,10,10,7,7,10,12,6,3,1,6,9,7,7,9,7,9,10,10,17,15,7,0,7,7,3,0,0,7,11,3,0,7,10,10,0,7,0,3,0,3,3,3,0,0,12,10,0,5,9,13,7,7,11,0,0,7,0,0,1,0,9,11,0,13,5,13,20,3,9,0,0,3,12,1,3,0,0,12,0,15,13,1,3,10,7,6,0,11,9,0,3,7,0,18,0,1,9,0,6,0,12,3,0,9,10,0,0,6,9,20,0,12,3,0,1,9,0,1,0,5,7,0,0,3,9,13,0,19,0,20,0,0,1,0,0,1,0,0,0,7,11,0,0,9,0,0,7,0,1,9,0,0,1,0,0,7,6,1,3,1,0,26,19,0,0,5,7,1,1,0,0,1,0,0,0,0,1,0,0,3,1,0,0,0,0,0,0,0,0,0,0,0,3,5,0,0,0,0,0,0,0,0,0,0,0,0,0,0,1,0,0,0,0,0,0,0,0,0,0,0,0,0,0,0,1,0,0,0,0,0,0,0,0,0,0,0,0,0,1,1,7,9,6,7,3,0,0,6,3,0,0,9,9
3,9,9,10,9,7,7,11,10,5,0,3,7,7,7,0,10,11,9,10,10,22,10,5,1,7,7,0,0,3,11,0,0,1,7,11,6,0,5,0,0,0,3,7,3,0,9,0,14,0,9,9,10,9,12,0,0,0,10,0,3,0,0,1,18,7,9,5,31,6,7,1,0,0,13,6,3,7,0,0,0,5,10,0,1,0,15,9,9,0,3,0,0,6,0,0,0,7,0,13,0,0,7,9,10,0,7,1,0,0,1,0,0,17,0,19,0,0,0,0,5,0,6,1,0,0,7,0,0,0,0,6,0,0,3,3,3,6,0,1,0,6,6,0,3,0,7,0,0,0,5,20,0,0,1,0,0,6,9,0,0,0,6,0,30,0,0,0,6,6,0,0,0,1,0,0,0,0,9,1,0,3,1,0,0,0,0,0,0,0,0,0,0,0,0,3,0,0,0,0,0,0,0,0,0,0,0,0,0,0,0,13,0,0,0,0,0,0,0,0,0,0,0,0,0,0,0,0,0,0,0,0,0,0,0,0,0,0,0,0,3,1,5,7,7,7,6,0,0,0,5,0,0,3,5,0
0,0,0,0,0,0,0,0,0,0,0,0,0,0,0,0,0,5,7,7,7,6,7,5,5,7,3,0,0,3,3,6,0,6,7,6,7,6,22,5,6,0,0,3,0,0,0,3,0,7,0,7,7,7,0,3,0,0,0,1,0,0,0,0,0,13,0,1,7,10,0,10,0,0,0,5,0,0,0,0,0,9,7,0,1,24,7,3,3,1,0,5,3,0,0,0,0,3,3,3,10,6,3,18,3,10,0,1,1,0,0,0,0,5,13,1,11,3,15,9,6,5,0,5,6,0,0,0,0,7,6,3,3,0,7,5,0,3,0,7,3,0,0,0,0,11,6,10,0,7,1,6,7,0,1,3,3,0,0,6,0,10,5,15,3,3,0,1,12,0,0,3,1,0,0,1,0,6,6,14,7,26,13,0,1,3,3,3,0,0,0,1,0,3,3,9,12,10,5,3,3,3,3,1,1,1,1,1,0,3,5,7,13,7,5,1,1,3,1,1,1,1,1,3,0,3,3,6,7,7,3,3,1,1,1,3,1,3,3,1,0,3,3,3,3,3,1,1,3,1,1,1,3,1,1,3
0,0,0,0,0,0,0,0,0,0,0,0,0,0,0,0,0,3,7,7,7,6,7,6,7,7,1,0,0,5,3,7,0,6,7,7,7,3,17,5,3,0,3,0,0,0,0,5,0,1,0,7,7,3,1,0,0,0,3,0,3,0,0,3,3,0,0,6,7,6,7,6,0,0,0,1,0,1,0,0,7,7,6,7,17,24,7,1,0,1,1,9,0,0,1,0,11,3,7,9,3,7,3,11,1,1,9,1,0,0,0,0,11,5,3,0,5,5,7,7,6,1,6,5,1,0,1,0,7,6,22,0,13,1,9,5,1,1,1,3,1,0,0,3,5,6,15,1,6,3,5,1,0,5,1,1,0,0,1,3,1,7,9,5,7,3,1,7,13,0,1,1,0,0,1,3,0,6,12,7,19,23,0,0,1,3,3,1,1,0,1,1,3,3,9,9,11,5,3,3,3,3,1,1,1,1,1,1,13,3,5,6,11,7,3,1,1,1,1,1,1,3,3,3,10,3,5,0,7,5,1,3,1,1,1,1,1,3,3,1,12,3,3,3,3,3,1,1,1,1,1,1,3,0,1,3
0,0,0,0,0,0,0,0,0,0,0,0,0,0,0,0,5,7,7,7,6,7,5,5,7,3,0,0,3,3,6,0,6,7,6,7,6,22,5,6,0,0,3,0,0,0,3,0,7,0,7,7,7,0,3,0,0,0,1,0,0,0,0,0,13,0,1,7,10,0,10,0,0,0,5,0,0,0,0,0,9,7,0,1,24,7,3,3,1,0,5,3,0,0,0,0,3,3,3,10,6,3,18,3,10,0,1,1,0,0,0,0,5,13,1,11,3,15,9,6,5,0,5,6,0,0,0,0,7,6,3,3,0,7,5,0,3,0,7,3,0,0,0,0,11,6,10,0,7,1,6,7,0,1,3,3,0,0,6,0,10,5,15,3,3,0,1,12,0,0,3,1,0,0,1,1,6,6,14,7,26,13,0,1,3,3,3,0,0,0,1,1,3,3,9,12,10,5,3,3,3,3,1,1,1,1,1,1,3,5,7,13,7,5,1,1,3,1,1,1,1,1,3,0,3,3,6,7,7,3,3,1,1,1,3,1,3,3,1,1,3,3,3,3,3,1,1,3,1,1,1,3,1,1,3,1
0,0,3,1,3,3,3,3,3,3,3,0,0,0,0,1,0,5,6,7,7,7,10,3,6,7,0,0,0,0,0,5,0,7,3,6,7,7,14,3,0,0,3,3,0,1,0,0,0,11,0,5,7,7,1,9,1,1,0,3,0,0,0,0,0,15,6,1,5,22,9,3,0,1,0,5,0,0,1,0,0,3,3,1,0,7,7,13,5,6,0,5,1,0,0,0,0,3,11,1,15,7,6,18,5,11,0,3,1,0,0,0,0,5,10,3,7,1,15,5,1,3,0,6,3,0,0,0,0,9,7,3,1,3,1,6,0,0,0,0,3,0,0,1,0,11,6,15,1,6,1,3,14,0,3,3,0,0,0,3,0,10,6,15,3,15,10,7,5,10,1,0,3,0,0,0,0,3,6,15,15,15,3,1,3,3,1,3,1,0,0,1,0,3,3,9,11,9,5,1,1,3,1,1,1,1,1,3,0,3,3,7,14,7,3,1,1,1,1,1,1,3,3,3,0,3,3,3,5,6,3,3,3,1,1,1,3,3,1,1,0,3,1,0,1,0,0,0,0,0,0,1,1,0,0,1
0,0,3,3,3,0,3,3,3,3,1,0,0,1,0,1,0,3,6,6,7,6,9,5,6,1,0,0,0,0,1,7,0,3,5,7,6,1,7,0,0,0,1,1,0,0,0,3,0,1,0,7,7,9,1,7,1,0,5,0,1,0,0,0,7,3,3,7,12,17,7,3,0,1,0,5,0,0,0,0,9,6,7,10,3,11,10,3,0,1,11,7,0,1,1,0,11,3,1,3,1,6,6,15,3,1,3,1,0,0,1,0,9,5,13,0,9,3,20,1,3,1,3,5,0,0,1,0,7,6,20,0,12,6,1,3,0,0,0,7,1,0,0,5,1,7,10,3,0,10,9,1,7,0,13,3,1,0,3,3,1,9,10,5,18,7,1,11,13,3,1,1,0,0,0,0,0,3,12,7,7,17,3,1,3,3,3,1,0,0,1,1,12,3,6,6,14,6,3,3,3,1,1,1,1,1,3,1,10,1,5,3,10,7,1,1,1,1,1,1,3,1,1,3,12,3,3,1,6,3,3,3,1,1,1,3,3,3,1,3,7,1,0,0,1,0,0,0,0,0,0,1,0,0,1,1
0,3,1,3,3,3,3,3,3,3,0,0,0,0,1,0,5,6,7,7,7,10,3,6,7,0,0,0,0,0,5,0,7,3,6,7,7,14,3,0,0,3,3,0,1,0,0,1,11,0,5,7,7,1,9,1,1,0,3,0,0,0,0,1,15,6,1,5,22,9,3,0,1,0,5,0,0,1,0,0,3,3,1,0,7,7,13,5,6,0,5,1,0,0,0,0,3,11,1,15,7,6,18,5,11,0,3,1,0,0,0,0,5,10,3,7,1,15,5,1,3,0,6,3,0,0,0,0,9,7,3,1,3,1,6,0,0,0,0,3,0,0,1,0,11,6,15,1,6,1,3,14,0,3,3,0,0,0,3,0,10,6,15,3,15,10,7,5,10,1,0,3,0,0,0,1,3,6,15,15,15,3,1,3,3,1,3,1,0,0,1,1,3,3,9,11,9,5,1,1,3,1,1,1,1,1,3,1,3,3,7,14,7,3,1,1,1,1,1,1,3,3,3,0,3,3,3,5,6,3,3,3,1,1,1,3,3,1,1,1,3,1,0,1,0,0,0,0,0,0,1,1,0,0,1,0
0,5,7,7,7,6,7,5,5,7,3,0,0,3,3,6,0,6,7,6,7,6,22,5,6,0,0,3,0,0,0,3,0,7,0,7,7,7,0,3,0,0,0,1,0,0,0,0,0,13,0,1,7,10,0,10,0,0,0,5,0,0,0,0,0,9,7,0,1,24,7,3,3,1,0,5,3,0,0,0,0,3,3,3,10,6,3,18,3,10,0,1,1,0,0,0,0,5,13,1,11,3,15,9,6,5,0,5,6,0,0,0,0,7,6,3,3,0,7,5,0,3,0,7,3,0,0,0,0,11,6,10,0,7,1,6,7,0,1,3,3,0,0,6,0,10,5,15,3,3,0,1,12,0,0,3,1,0,0,1,0,6,6,14,7,26,13,0,1,3,3,3,0,0,0,1,0,3,3,9,12,10,5,3,3,3,3,1,1,1,1,1,0,3,5,7,13,7,5,1,1,3,1,1,1,1,1,3,0,3,3,6,7,7,3,3,1,1,1,3,1,3,3,1,0,3,3,3,3,3,1,1,3,1,1,1,3,1,1,3,0,0,0,0,0,1,0,0,0,0,0,0,0,0,0,3
0,3,7,7,7,6,7,6,7,7,1,0,0,5,3,7,0,6,7,7,7,3,17,5,3,0,3,0,0,0,0,5,0,1,0,7,7,3,1,0,0,0,3,0,3,0,0,3,3,0,0,6,7,6,7,6,0,0,0,1,0,1,0,0,7,7,6,7,17,24,7,1,0,1,1,9,0,0,1,0,11,3,7,9,3,7,3,11,1,1,9,1,0,0,0,0,11,5,3,0,5,5,7,7,6,1,6,5,1,0,1,0,7,6,22,0,13,1,9,5,1,1,1,3,1,0,0,3,5,6,15,1,6,3,5,1,0,5,1,1,0,0,1,3,1,7,9,5,7,3,1,7,13,0,1,1,0,0,1,3,0,6,12,7,19,23,0,0,1,3,3,1,1,0,1,1,3,3,9,9,11,5,3,3,3,3,1,1,1,1,1,1,13,3,5,6,11,7,3,1,1,1,1,1,1,3,3,3,10,3,5,0,7,5,1,3,1,1,1,1,1,3,3,1,12,3,3,3,3,3,1,1,1,1,1,1,3,0,1,3,6,0,0,0,3,0,0,0,0,0,0,1,0,0,1,3
5,7,7,7,6,7,5,5,7,3,0,0,3,3,6,0,6,7,6,7,6,22,5,6,0,0,3,0,0,0,3,0,7,0,7,7,7,0,3,0,0,0,1,0,0,0,0,0,13,0,1,7,10,0,10,0,0,0,5,0,0,0,0,0,9,7,0,1,24,7,3,3,1,0,5,3,0,0,0,0,3,3,3,10,6,3,18,3,10,0,1,1,0,0,0,0,5,13,1,11,3,15,9,6,5,0,5,6,0,0,0,0,7,6,3,3,0,7,5,0,3,0,7,3,0,0,0,0,11,6,10,0,7,1,6,7,0,1,3,3,0,0,6,0,10,5,15,3,3,0,1,12,0,0,3,1,0,0,1,1,6,6,14,7,26,13,0,1,3,3,3,0,0,0,1,1,3,3,9,12,10,5,3,3,3,3,1,1,1,1,1,1,3,5,7,13,7,5,1,1,3,1,1,1,1,1,3,0,3,3,6,7,7,3,3,1,1,1,3,1,3,3,1,1,3,3,3,3,3,1,1,3,1,1,1,3,1,1,3,1,0,0,0,0,1,0,0,0,0,0,0,0,0,0,3,0
0,0,0,0,0,0,0,0,0,0,0,0,0,0,0,0,0,26,25,25,24,23,21,26,27,23,20,22,26,28,30,33,0,27,27,26,23,21,7,14,19,26,15,13,18,25,28,28,0,18,30,24,24,23,20,14,23,21,14,7,17,24,27,31,0,17,20,25,20,12,15,10,18,21,15,6,19,23,28,39,0,0,3,15,11,0,0,0,14,25,18,1,14,21,29,31,0,0,0,7,7,0,0,0,10,21,3,1,9,20,20,27,0,0,0,10,27,21,0,0,0,13,5,0,10,17,15,19,0,0,0,0,15,18,0,0,7,13,12,0,10,18,17,26,0,0,0,0,6,0,15,7,7,13,17,9,23,27,29,27,0,0,0,0,1,1,12,5,0,1,17,29,31,29,22,18,0,0,0,0,0,0,0,0,0,0,20,15,14,3,0,0,0,0,0,0,0,0,0,0,3,3,7,7,5,3,1,0,0,1,0,0,0,0,3,10,11,9,7,3,0,0,0,0,0,0,1,0,0,0,5,5,7,9,5,0,1,0,0,1,0,0,3,1,9,7,7,7,7,6,0,1,3,0,1,3
0,0,0,0,0,0,0,0,0,0,0,0,0,0,0,0,20,26,26,25,25,20,24,26,26,20,20,26,28,28,31,30,22,25,25,24,23,20,6,20,20,23,13,15,23,28,28,28,15,25,27,25,24,11,9,20,24,22,5,14,15,22,31,27,7,15,23,26,15,15,10,13,24,13,13,9,25,26,34,30,0,0,5,18,0,0,0,10,22,24,10,6,21,22,30,36,0,0,0,24,7,0,0,0,14,12,0,6,15,19,23,31,0,0,0,23,11,1,0,0,1,0,0,3,17,15,15,29,0,0,0,13,7,0,0,0,11,11,3,6,14,15,25,26,0,0,0,3,6,13,7,6,7,12,3,22,27,29,25,27,0,0,0,0,0,18,23,0,0,21,25,26,24,23,18,17,0,0,0,0,0,0,0,0,0,15,15,17,13,1,0,0,0,0,0,0,0,0,0,0,3,7,7,6,3,1,0,0,3,0,0,0,0,0,6,11,10,7,6,1,0,0,1,0,3,1,0,0,0,0,6,5,9,7,5,1,0,0,1,0,3,0,5,3,0,7,7,9,7,3,0,3,0,1,1,1
0,0,0,0,0,0,0,0,0,0,0,0,0,0,0,0,26,25,25,24,23,21,26,27,23,20,22,26,28,30,33,21,27,27,26,23,21,7,14,19,26,15,13,18,25,28,28,21,18,30,24,24,23,20,14,23,21,14,7,17,24,27,31,21,17,20,25,20,12,15,10,18,21,15,6,19,23,28,39,19,0,3,15,11,0,0,0,14,25,18,1,14,21,29,31,25,0,0,7,7,0,0,0,10,21,3,1,9,20,20,27,29,0,0,10,27,21,0,0,0,13,5,0,10,17,15,19,19,0,0,0,15,18,0,0,7,13,12,0,10,18,17,26,20,0,0,0,6,0,15,7,7,13,17,9,23,27,29,27,18,0,0,0,1,1,12,5,0,1,17,29,31,29,22,18,13,0,0,0,0,0,0,0,0,0,20,15,14,3,0,0,0,0,0,0,0,0,0,0,3,3,7,7,5,3,1,0,1,1,0,0,0,0,3,10,11,9,7,3,0,0,0,0,0,0,1,0,0,0,5,5,7,9,5,0,1,0,0,1,0,0,3,1,9,7,7,7,7,6,0,1,3,0,1,3,6
0,22,21,21,21,22,20,23,24,23,21,20,23,23,25,26,0,28,28,25,23,23,18,24,24,19,18,15,25,29,29,30,0,23,26,24,24,22,15,13,27,26,17,11,18,21,30,28,0,19,25,26,24,21,20,15,22,19,15,5,15,22,29,34,0,3,13,20,18,0,0,7,15,22,19,7,17,25,29,37,0,0,0,9,0,0,0,0,15,24,13,1,12,22,22,28,0,0,0,11,22,10,0,0,0,19,3,1,11,20,15,23,0,0,0,7,22,15,0,0,0,13,6,0,15,20,15,23,0,0,0,0,11,6,0,0,7,15,13,12,19,24,22,21,0,0,0,0,6,3,13,13,7,9,15,23,27,29,29,27,0,0,0,0,0,0,1,0,0,0,17,23,20,13,7,3,0,0,0,0,0,0,0,0,0,1,11,10,7,3,0,0,0,0,0,0,0,0,0,11,13,10,7,6,3,1,0,0,0,1,0,0,0,0,3,7,11,7,6,1,1,0,0,0,0,0,3,0,0,0,7,5,7,5,3,3,5,0,1,0,0,0,3,7,10,10,12,7,11,7,0,1,1,0,0,0
19,22,21,21,21,20,22,23,24,22,20,21,23,23,26,24,22,28,26,24,25,21,18,25,23,20,17,20,27,31,30,29,18,24,24,25,24,10,12,20,28,18,10,13,21,28,30,26,12,19,26,26,21,18,14,18,25,17,5,12,21,25,33,28,6,3,15,21,6,0,3,11,21,21,12,9,20,25,29,36,0,0,0,20,3,0,0,3,19,23,3,5,18,19,27,33,0,0,0,25,10,0,0,0,10,5,0,6,19,22,19,30,0,0,0,20,10,0,0,0,9,0,1,3,21,15,18,27,0,0,0,13,7,0,0,9,11,6,15,7,23,24,24,24,0,0,0,0,0,11,19,6,0,22,9,25,29,28,25,23,0,0,0,0,0,0,5,0,0,12,22,25,15,7,5,5,0,0,0,0,0,0,0,0,0,9,12,7,6,1,1,0,1,0,0,0,0,0,7,12,13,10,6,3,0,0,0,0,3,1,0,0,0,0,7,9,10,6,3,1,0,0,1,0,3,0,0,0,0,7,7,5,7,3,5,3,3,0,3,0,1,0,3,6,7,12,11,7,11,0,0,3,0,0,0,5
22,21,21,21,22,20,23,24,23,21,20,23,23,25,26,15,28,28,25,23,23,18,24,24,19,18,15,25,29,29,30,20,23,26,24,24,22,15,13,27,26,17,11,18,21,30,28,20,19,25,26,24,21,20,15,22,19,15,5,15,22,29,34,21,3,13,20,18,0,0,7,15,22,19,7,17,25,29,37,20,0,0,9,0,0,0,0,15,24,13,1,12,22,22,28,30,0,0,11,22,10,0,0,0,19,3,1,11,20,15,23,22,0,0,7,22,15,0,0,0,13,6,0,15,20,15,23,19,0,0,0,11,6,0,0,7,15,13,12,19,24,22,21,17,0,0,0,6,3,13,13,7,9,15,23,27,29,29,27,15,0,0,0,0,0,1,0,0,0,17,23,20,13,7,3,3,0,0,0,0,0,0,0,0,1,11,10,7,3,0,0,1,0,0,0,0,0,0,11,13,10,7,6,3,1,0,0,0,1,0,0,0,0,3,7,11,7,6,1,1,0,0,0,0,0,3,0,0,0,7,5,7,5,3,3,5,0,1,0,0,0,3,7,10,10,12,7,11,7,0,1,1,0,0,0,3
0,26,25,25,24,23,21,26,27,23,20,22,26,28,30,33,0,27,27,26,23,21,7,14,19,26,15,13,18,25,28,28,0,18,30,24,24,23,20,14,23,21,14,7,17,24,27,31,0,17,20,25,20,12,15,10,18,21,15,6,19,23,28,39,0,0,3,15,11,0,0,0,14,25,18,1,14,21,29,31,0,0,0,7,7,0,0,0,10,21,3,1,9,20,20,27,0,0,0,10,27,21,0,0,0,13,5,0,10,17,15,19,0,0,0,0,15,18,0,0,7,13,12,0,10,18,17,26,0,0,0,0,6,0,15,7,7,13,17,9,23,27,29,27,0,0,0,0,1,1,12,5,0,1,17,29,31,29,22,18,0,0,0,0,0,0,0,0,0,0,20,15,14,3,0,0,0,0,0,0,0,0,0,0,3,3,7,7,5,3,1,0,0,1,0,0,0,0,3,10,11,9,7,3,0,0,0,0,0,0,1,0,0,0,5,5,7,9,5,0,1,0,0,1,0,0,3,1,9,7,7,7,7,6,0,1,3,0,1,3,0,6,7,7,9,9,12,11,7,3,3,3,3,0,1,1
20,26,26,25,25,20,24,26,26,20,20,26,28,28,31,30,22,25,25,24,23,20,6,20,20,23,13,15,23,28,28,28,15,25,27,25,24,11,9,20,24,22,5,14,15,22,31,27,7,15,23,26,15,15,10,13,24,13,13,9,25,26,34,30,0,0,5,18,0,0,0,10,22,24,10,6,21,22,30,36,0,0,0,24,7,0,0,0,14,12,0,6,15,19,23,31,0,0,0,23,11,1,0,0,1,0,0,3,17,15,15,29,0,0,0,13,7,0,0,0,11,11,3,6,14,15,25,26,0,0,0,3,6,13,7,6,7,12,3,22,27,29,25,27,0,0,0,0,0,18,23,0,0,21,25,26,24,23,18,17,0,0,0,0,0,0,0,0,0,15,15,17,13,1,0,0,0,0,0,0,0,0,0,0,3,7,7,6,3,1,0,0,3,0,0,0,0,0,6,11,10,7,6,1,0,0,1,0,3,1,0,0,0,0,6,5,9,7,5,1,0,0,1,0,3,0,5,3,0,7,7,9,7,3,0,3,0,1,1,1,1,5,6,9,10,10,10,10,6,0,3,7,0,0,3,12
26,25,25,24,23,21,26,27,23,20,22,26,28,30,33,21,27,27,26,23,21,7,14,19,26,15,13,18,25,28,28,21,18,30,24,24,23,20,14,23,21,14,7,17,24,27,31,21,17,20,25,20,12,15,10,18,21,15,6,19,23,28,39,19,0,3,15,11,0,0,0,14,25,18,1,14,21,29,31,25,0,0,7,7,0,0,0,10,21,3,1,9,20,20,27,29,0,0,10,27,21,0,0,0,13,5,0,10,17,15,19,19,0,0,0,15,18,0,0,7,13,12,0,10,18,17,26,20,0,0,0,6,0,15,7,7,13,17,9,23,27,29,27,18,0,0,0,1,1,12,5,0,1,17,29,31,29,22,18,13,0,0,0,0,0,0,0,0,0,20,15,14,3,0,0,0,0,0,0,0,0,0,0,3,3,7,7,5,3,1,0,1,1,0,0,0,0,3,10,11,9,7,3,0,0,0,0,0,0,1,0,0,0,5,5,7,9,5,0,1,0,0,1,0,0,3,1,9,7,7,7,7,6,0,1,3,0,1,3,6,6,7,7,9,9,12,11,7,3,3,3,3,0,1,1,0
0,0,0,0,0,0,0,0,0,0,0,0,0,0,0,0,0,7,7,7,9,9,7,7,7,7,5,1,3,3,5,5,0,3,7,7,7,10,12,12,5,1,0,0,0,0,0,3,0,0,1,9,7,7,7,0,0,0,0,0,0,0,0,0,0,5,0,9,7,7,7,5,0,0,0,0,0,0,0,0,0,7,7,11,12,23,15,6,0,0,0,7,0,0,0,0,0,3,5,13,1,7,3,9,6,0,0,7,0,0,0,0,0,6,3,3,10,3,3,10,5,3,1,6,0,0,0,0,0,6,11,5,10,3,12,10,1,1,0,1,0,0,0,0,0,11,10,1,0,3,3,1,0,0,6,0,0,0,0,3,0,7,9,3,0,3,0,0,9,0,0,0,0,0,1,5,0,7,12,6,9,19,14,3,3,0,0,0,0,0,0,0,0,3,7,11,18,7,0,0,0,0,0,0,0,0,0,0,0,0,1,3,22,7,0,0,0,0,0,0,0,0,0,0,0,0,0,3,9,3,0,0,0,0,0,0,0,0,0,0,0,0,0,0,3,0,0,0,0,0,0,0,0,1,0,0
0,0,0,0,0,0,0,0,0,0,0,0,0,0,0,0,10,7,7,9,7,7,7,7,7,6,3,1,3,5,5,6,9,7,7,7,7,13,17,6,5,0,0,0,0,0,3,5,3,1,6,9,7,1,0,0,0,0,0,0,0,0,0,3,3,0,6,7,7,6,5,3,0,0,0,0,0,0,0,0,5,5,11,7,11,19,5,0,0,0,0,1,0,0,0,0,1,5,11,9,6,7,9,9,0,0,7,0,0,0,0,0,5,3,9,7,0,7,15,7,3,0,7,1,0,0,0,0,7,9,3,3,7,3,6,0,0,0,5,0,0,0,0,0,6,11,10,3,7,0,3,0,0,0,0,0,0,0,0,7,7,11,9,1,1,0,0,3,3,0,0,0,0,0,5,6,5,17,6,3,20,25,9,7,1,0,0,0,0,0,0,0,0,5,12,9,21,6,0,1,0,0,0,0,0,0,0,0,0,0,5,15,13,3,0,0,0,0,0,0,0,0,0,0,0,0,0,12,7,0,0,0,0,0,0,0,0,0,0,0,0,0,0,0,1,0,0,0,0,0,0,0,0,1,0,0
0,0,0,0,0,0,0,0,0,0,0,0,0,0,0,0,7,7,7,9,9,7,7,7,7,5,1,3,3,5,5,0,3,7,7,7,10,12,12,5,1,0,0,0,0,0,3,1,0,1,9,7,7,7,0,0,0,0,0,0,0,0,0,1,5,0,9,7,7,7,5,0,0,0,0,0,0,0,0,3,7,7,11,12,23,15,6,0,0,0,7,0,0,0,0,0,3,5,13,1,7,3,9,6,0,0,7,0,0,0,0,0,6,3,3,10,3,3,10,5,3,1,6,0,0,0,0,0,6,11,5,10,3,12,10,1,1,0,1,0,0,0,0,0,11,10,1,0,3,3,1,0,0,6,0,0,0,0,3,3,7,9,3,0,3,0,0,9,0,0,0,0,0,1,5,6,7,12,6,9,19,14,3,3,0,0,0,0,0,0,0,0,3,7,11,18,7,0,0,0,0,0,0,0,0,0,0,0,0,1,3,22,7,0,0,0,0,0,0,0,0,0,0,0,0,0,3,9,3,0,0,0,0,0,0,0,0,0,0,0,0,0,0,3,0,0,0,0,0,0,0,0,1,0,0,0
0,0,0,0,0,0,0,0,0,0,0,0,0,0,0,0,0,5,7,7,7,9,10,9,7,6,0,0,0,0,3,5,0,3,10,7,7,7,3,7,0,0,0,0,0,0,0,1,0,0,0,9,7,7,7,1,0,0,0,0,0,0,0,0,0,9,0,11,9,13,12,5,0,0,0,0,0,0,0,0,0,11,7,13,7,7,10,6,1,0,0,11,1,0,0,0,0,1,3,7,5,7,7,13,9,0,1,3,0,0,0,0,0,6,9,3,10,3,10,14,0,3,3,7,0,0,0,0,0,9,10,7,6,9,6,1,0,0,0,0,0,0,0,0,0,10,10,1,0,0,3,3,3,0,6,0,0,0,0,1,0,7,11,5,3,15,0,7,15,0,0,0,0,0,0,5,0,7,12,12,10,21,5,0,1,0,0,0,0,0,0,0,0,0,7,10,23,11,0,0,0,0,0,0,0,0,0,0,0,0,0,6,19,3,0,0,0,0,0,0,0,0,0,0,0,0,0,0,7,0,0,0,0,0,0,0,0,0,0,0,0,0,0,0,0,0,0,0,0,0,0,0,0,1,0,0
3,0,0,0,0,0,0,0,0,0,0,0,0,0,0,0,9,7,7,9,9,7,9,7,7,3,0,0,0,0,5,5,7,6,7,7,7,13,9,1,0,0,0,0,0,0,0,5,3,0,1,9,7,5,3,3,0,0,0,0,0,0,0,3,1,7,12,7,15,20,6,0,0,0,0,0,0,0,0,0,0,3,12,5,3,13,6,6,0,0,3,0,0,0,0,0,3,3,9,12,3,3,10,13,0,0,10,3,0,0,0,0,6,6,3,6,1,9,15,3,0,0,3,0,0,0,0,0,6,11,7,0,3,1,7,0,0,0,0,0,0,0,0,3,7,10,10,1,3,7,0,1,3,0,0,0,0,0,0,5,7,13,7,0,0,13,12,9,7,0,0,0,0,0,3,3,1,10,10,12,26,3,1,3,1,0,0,0,0,0,0,0,1,3,6,9,13,5,0,0,0,0,0,0,0,0,0,0,0,0,3,14,15,1,0,0,0,0,0,0,0,0,0,0,0,0,0,6,3,0,0,0,0,0,0,0,0,1,0,0,0,0,0,0,0,0,0,0,0,0,0,0,0,0,0,0
0,0,0,0,0,0,0,0,0,0,0,0,0,0,0,0,5,7,7,7,9,10,9,7,6,0,0,0,0,3,5,3,3,10,7,7,7,3,7,0,0,0,0,0,0,0,1,1,0,0,9,7,7,7,1,0,0,0,0,0,0,0,0,3,9,0,11,9,13,12,5,0,0,0,0,0,0,0,0,0,11,7,13,7,7,10,6,1,0,0,11,1,0,0,0,0,1,3,7,5,7,7,13,9,0,1,3,0,0,0,0,0,6,9,3,10,3,10,14,0,3,3,7,0,0,0,0,0,9,10,7,6,9,6,1,0,0,0,0,0,0,0,0,5,10,10,1,0,0,3,3,3,0,6,0,0,0,0,1,3,7,11,5,3,15,0,7,15,0,0,0,0,0,0,5,3,7,12,12,10,21,5,0,1,0,0,0,0,0,0,0,0,0,7,10,23,11,0,0,0,0,0,0,0,0,0,0,0,0,0,6,19,3,0,0,0,0,0,0,0,0,0,0,0,0,0,0,7,0,0,0,0,0,0,0,0,0,0,0,0,0,0,0,0,0,0,0,0,0,0,0,0,1,0,0,0
0,7,7,7,9,9,7,7,7,7,5,1,3,3,5,5,0,3,7,7,7,10,12,12,5,1,0,0,0,0,0,3,0,0,1,9,7,7,7,0,0,0,0,0,0,0,0,0,0,5,0,9,7,7,7,5,0,0,0,0,0,0,0,0,0,7,7,11,12,23,15,6,0,0,0,7,0,0,0,0,0,3,5,13,1,7,3,9,6,0,0,7,0,0,0,0,0,6,3,3,10,3,3,10,5,3,1,6,0,0,0,0,0,6,11,5,10,3,12,10,1,1,0,1,0,0,0,0,0,11,10,1,0,3,3,1,0,0,6,0,0,0,0,3,0,7,9,3,0,3,0,0,9,0,0,0,0,0,1,5,0,7,12,6,9,19,14,3,3,0,0,0,0,0,0,0,0,3,7,11,18,7,0,0,0,0,0,0,0,0,0,0,0,0,1,3,22,7,0,0,0,0,0,0,0,0,0,0,0,0,0,3,9,3,0,0,0,0,0,0,0,0,0,0,0,0,0,0,3,0,0,0,0,0,0,0,0,1,0,0,0,0,0,0,0,0,0,0,0,0,0,0,0,0,0,0
10,7,7,9,7,7,7,7,7,6,3,1,3,5,5,6,9,7,7,7,7,13,17,6,5,0,0,0,0,0,3,5,3,1,6,9,7,1,0,0,0,0,0,0,0,0,0,3,3,0,6,7,7,6,5,3,0,0,0,0,0,0,0,0,5,5,11,7,11,19,5,0,0,0,0,1,0,0,0,0,1,5,11,9,6,7,9,9,0,0,7,0,0,0,0,0,5,3,9,7,0,7,15,7,3,0,7,1,0,0,0,0,7,9,3,3,7,3,6,0,0,0,5,0,0,0,0,0,6,11,10,3,7,0,3,0,0,0,0,0,0,0,0,7,7,11,9,1,1,0,0,3,3,0,0,0,0,0,5,6,5,17,6,3,20,25,9,7,1,0,0,0,0,0,0,0,0,5,12,9,21,6,0,1,0,0,0,0,0,0,0,0,0,0,5,15,13,3,0,0,0,0,0,0,0,0,0,0,0,0,0,12,7,0,0,0,0,0,0,0,0,0,0,0,0,0,0,0,1,0,0,0,0,0,0,0,0,1,0,0,0,0,0,0,0,0,0,0,0,0,0,0,0,0,0,0
7,7,7,9,9,7,7,7,7,5,1,3,3,5,5,0,3,7,7,7,10,12,12,5,1,0,0,0,0,0,3,1,0,1,9,7,7,7,0,0,0,0,0,0,0,0,0,1,5,0,9,7,7,7,5,0,0,0,0,0,0,0,0,3,7,7,11,12,23,15,6,0,0,0,7,0,0,0,0,0,3,5,13,1,7,3,9,6,0,0,7,0,0,0,0,0,6,3,3,10,3,3,10,5,3,1,6,0,0,0,0,0,6,11,5,10,3,12,10,1,1,0,1,0,0,0,0,0,11,10,1,0,3,3,1,0,0,6,0,0,0,0,3,3,7,9,3,0,3,0,0,9,0,0,0,0,0,1,5,6,7,12,6,9,19,14,3,3,0,0,0,0,0,0,0,0,3,7,11,18,7,0,0,0,0,0,0,0,0,0,0,0,0,1,3,22,7,0,0,0,0,0,0,0,0,0,0,0,0,0,3,9,3,0,0,0,0,0,0,0,0,0,0,0,0,0,0,3,0,0,0,0,0,0,0,0,1,0,0,0,0,0,0,0,0,0,0,0,0,0,0,0,0,0,0,0
0,0,0,0,0,0,0,0,0,0,0,0,0,0,0,0,0,0,0,0,0,0,0,0,0,0,0,0,0,0,0,0,0,0,0,0,0,0,0,0,0,0,0,0,0,0,0,0,0,0,0,0,0,0,0,0,0,0,0,0,0,0,0,0,0,0,0,0,0,1,0,0,0,0,0,0,0,0,0,0,0,15,0,0,0,7,21,3,0,0,0,0,0,0,0,0,0,27,1,0,0,3,5,1,0,0,0,15,0,0,0,0,0,25,11,1,0,0,5,18,0,0,0,11,0,0,0,0,0,27,13,7,0,0,3,17,0,0,0,0,0,0,0,0,0,31,22,14,0,0,0,0,0,0,0,0,0,0,0,0,0,18,24,13,1,7,0,0,3,0,0,0,0,0,0,0,0,3,22,20,9,33,21,13,13,0,0,0,0,0,0,0,0,6,5,22,29,48,0,0,0,0,0,0,0,0,6,5,0,11,0,3,37,23,0,0,0,0,0,0,3,7,7,7,0,11,0,3,15,0,0,0,0,0,0,3,3,5,6,14,0,15,0,0,0,0,0,0,0,0,3,7,3,6,24,11
0,0,0,0,0,0,0,0,0,0,0,0,0,0,0,0,0,0,0,0,0,0,0,0,0,0,0,0,0,0,0,0,0,0,0,0,0,0,0,0,0,0,0,0,0,0,0,0,0,0,0,0,0,0,0,0,0,0,0,0,0,0,0,0,0,0,0,0,0,3,0,0,0,0,0,0,0,0,0,0,0,0,0,0,1,19,3,0,0,0,0,0,0,0,0,0,0,0,1,0,1,3,3,10,0,0,1,0,0,0,0,0,3,1,11,0,0,1,18,13,0,0,5,0,0,0,0,0,3,13,7,0,0,0,17,0,0,0,0,0,0,0,0,0,5,26,14,1,0,0,0,0,0,0,0,0,0,0,0,0,7,28,19,14,5,0,0,3,10,0,0,0,0,0,0,0,14,26,20,11,22,31,12,18,7,0,0,0,0,0,0,0,25,3,12,15,47,30,0,0,0,0,0,0,0,3,5,6,21,3,0,12,51,0,0,0,0,0,0,0,5,6,7,10,24,3,0,5,31,0,0,0,0,0,1,3,5,6,14,11,23,7,0,1,0,0,0,0,0,3,6,3,0,15,19,0
0,0,0,0,0,0,0,0,0,0,0,0,0,0,0,0,0,0,0,0,0,0,0,0,0,0,0,0,0,0,0,0,0,0,0,0,0,0,0,0,0,0,0,0,0,0,0,0,0,0,0,0,0,0,0,0,0,0,0,0,0,0,0,0,0,0,0,0,1,0,0,0,0,0,0,0,0,0,0,0,15,0,0,0,7,21,3,0,0,0,0,0,0,0,0,0,27,1,0,0,3,5,1,0,0,0,15,0,0,0,0,0,25,11,1,0,0,5,18,0,0,0,11,0,0,0,0,0,27,13,7,0,0,3,17,0,0,0,0,0,0,0,0,0,31,22,14,0,0,0,0,0,0,0,0,0,0,0,0,0,18,24,13,1,7,0,0,3,0,0,0,0,0,0,0,0,3,22,20,9,33,21,13,13,0,0,0,0,0,0,0,0,6,5,22,29,48,0,0,0,0,0,0,0,0,6,5,0,11,0,3,37,23,0,0,0,0,0,0,3,7,7,7,10,11,0,3,15,0,0,0,0,0,0,3,3,5,6,14,0,15,0,0,0,0,0,0,0,0,3,7,3,6,24,11,0
0,0,0,0,0,0,0,0,0,0,0,0,0,0,0,0,0,0,0,0,0,0,0,0,0,0,0,0,0,0,0,0,0,0,0,0,0,1,0,0,0,0,0,0,0,0,0,0,0,0,0,0,0,0,0,0,0,0,0,0,0,0,0,0,0,7,0,0,0,0,7,0,0,0,0,0,0,0,0,0,0,23,3,0,0,3,11,3,0,0,0,13,0,0,0,0,0,26,3,0,0,1,6,7,3,0,0,11,0,0,0,0,0,25,12,1,0,0,3,31,0,0,0,3,0,0,0,0,0,31,15,14,0,0,7,0,0,0,0,0,0,0,0,0,0,27,24,12,0,0,0,0,0,0,0,0,0,0,0,0,0,5,23,17,3,25,0,0,18,3,0,0,0,0,0,0,0,3,15,19,17,40,25,0,0,0,0,0,0,0,0,1,0,10,0,18,33,44,0,0,0,0,0,0,0,3,7,7,0,11,0,0,35,9,0,0,0,0,0,3,3,7,5,12,0,15,0,1,1,0,0,0,0,0,0,1,5,3,17,9,0,10,3,0,0,0,0,0,0,0,5,7,3,12,25,7
0,0,0,0,0,0,0,0,0,0,0,0,0,0,0,0,0,0,0,0,0,0,0,0,0,0,0,0,0,0,0,0,0,0,0,0,0,0,0,0,0,0,0,0,0,0,0,0,0,0,0,0,0,0,0,0,0,0,0,0,0,0,0,0,0,0,0,0,0,3,3,0,0,0,0,0,0,0,0,0,0,0,1,1,0,12,1,1,0,0,1,0,0,0,0,0,1,0,7,0,0,5,7,14,0,0,5,0,0,0,0,0,3,5,10,0,0,1,22,6,0,0,1,0,0,0,0,0,3,20,12,0,0,0,1,0,0,0,0,0,0,0,0,0,5,28,17,11,0,0,0,0,9,0,0,0,0,0,0,0,10,28,19,13,3,12,0,10,9,0,0,0,0,0,0,0,20,13,19,17,47,38,1,0,0,0,0,0,0,0,0,0,22,0,3,7,47,5,0,0,0,0,0,0,0,5,7,5,25,3,0,7,41,0,0,0,0,0,0,3,7,7,5,19,22,6,0,6,9,0,0,0,0,0,1,3,3,7,18,1,24,7,3,0,0,0,0,0,0,1,10,3,3,20,21,0
0,0,0,0,0,0,0,0,0,0,0,0,0,0,0,0,0,0,0,0,0,0,0,0,0,0,0,0,0,0,0,0,0,0,0,0,1,0,0,0,0,0,0,0,0,0,0,0,0,0,0,0,0,0,0,0,0,0,0,0,0,0,0,0,7,0,0,0,0,7,0,0,0,0,0,0,0,0,0,0,23,3,0,0,3,11,3,0,0,0,13,0,0,0,0,0,26,3,0,0,1,6,7,3,0,0,11,0,0,0,0,0,25,12,1,0,0,3,31,0,0,0,3,0,0,0,0,0,31,15,14,0,0,7,0,0,0,0,0,0,0,0,0,0,27,24,12,0,0,0,0,0,0,0,0,0,0,0,0,0,5,23,17,3,25,0,0,18,3,0,0,0,0,0,0,0,3,15,19,17,40,25,0,0,0,0,0,0,0,0,1,0,10,0,18,33,44,0,0,0,0,0,0,0,3,7,7,0,11,0,0,35,9,0,0,0,0,0,3,3,7,5,12,5,15,0,1,1,0,0,0,0,0,0,1,5,3,17,9,0,10,3,0,0,0,0,0,0,0,5,7,3,12,25,7,0
0,0,0,0,0,0,0,0,0,0,0,0,0,0,0,0,0,0,0,0,0,0,0,0,0,0,0,0,0,0,0,0,0,0,0,0,0,0,0,0,0,0,0,0,0,0,0,0,0,0,0,0,0,1,0,0,0,0,0,0,0,0,0,0,0,15,0,0,0,7,21,3,0,0,0,0,0,0,0,0,0,27,1,0,0,3,5,1,0,0,0,15,0,0,0,0,0,25,11,1,0,0,5,18,0,0,0,11,0,0,0,0,0,27,13,7,0,0,3,17,0,0,0,0,0,0,0,0,0,31,22,14,0,0,0,0,0,0,0,0,0,0,0,0,0,18,24,13,1,7,0,0,3,0,0,0,0,0,0,0,0,3,22,20,9,33,21,13,13,0,0,0,0,0,0,0,0,6,5,22,29,48,0,0,0,0,0,0,0,0,6,5,0,11,0,3,37,23,0,0,0,0,0,0,3,7,7,7,0,11,0,3,15,0,0,0,0,0,0,3,3,5,6,14,0,15,0,0,0,0,0,0,0,0,3,7,3,6,24,11,0,6,1,1,0,0,0,0,0,0,5,1,1,9,12,0
0,0,0,0,0,0,0,0,0,0,0,0,0,0,0,0,0,0,0,0,0,0,0,0,0,0,0,0,0,0,0,0,0,0,0,0,0,0,0,0,0,0,0,0,0,0,0,0,0,0,0,0,0,3,0,0,0,0,0,0,0,0,0,0,0,0,0,0,1,19,3,0,0,0,0,0,0,0,0,0,0,0,1,0,1,3,3,10,0,0,1,0,0,0,0,0,3,1,11,0,0,1,18,13,0,0,5,0,0,0,0,0,3,13,7,0,0,0,17,0,0,0,0,0,0,0,0,0,5,26,14,1,0,0,0,0,0,0,0,0,0,0,0,0,7,28,19,14,5,0,0,3,10,0,0,0,0,0,0,0,14,26,20,11,22,31,12,18,7,0,0,0,0,0,0,0,25,3,12,15,47,30,0,0,0,0,0,0,0,3,5,6,21,3,0,12,51,0,0,0,0,0,0,0,5,6,7,10,24,3,0,5,31,0,0,0,0,0,1,3,5,6,14,11,23,7,0,1,0,0,0,0,0,3,6,3,0,15,19,0,12,3,1,0,0,0,0,0,0,1,5,0,3,13,7,0
0,0,0,0,0,0,0,0,0,0,0,0,0,0,0,0,0,0,0,0,0,0,0,0,0,0,0,0,0,0,0,0,0,0,0,0,0,0,0,0,0,0,0,0,0,0,0,0,0,0,0,0,1,0,0,0,0,0,0,0,0,0,0,0,15,0,0,0,7,21,3,0,0,0,0,0,0,0,0,0,27,1,0,0,3,5,1,0,0,0,15,0,0,0,0,0,25,11,1,0,0,5,18,0,0,0,11,0,0,0,0,0,27,13,7,0,0,3,17,0,0,0,0,0,0,0,0,0,31,22,14,0,0,0,0,0,0,0,0,0,0,0,0,0,18,24,13,1,7,0,0,3,0,0,0,0,0,0,0,0,3,22,20,9,33,21,13,13,0,0,0,0,0,0,0,0,6,5,22,29,48,0,0,0,0,0,0,0,0,6,5,0,11,0,3,37,23,0,0,0,0,0,0,3,7,7,7,10,11,0,3,15,0,0,0,0,0,0,3,3,5,6,14,0,15,0,0,0,0,0,0,0,0,3,7,3,6,24,11,0,6,1,1,0,0,0,0,0,0,5,1,1,9,12,0,0
0,0,0,0,0,0,0,0,0,0,0,0,0,0,0,0,0,9,7,10,10,12,7,10,11,13,14,12,9,7,7,9,0,11,9,11,13,11,7,18,15,18,5,5,3,0,6,10,0,17,6,10,12,11,3,14,7,1,0,3,1,7,0,0,0,15,0,7,14,18,7,7,10,3,0,7,3,1,1,0,0,18,3,14,13,15,15,9,6,3,0,1,10,0,3,0,0,15,3,15,14,6,11,7,6,5,3,15,11,0,3,0,0,15,3,6,15,3,7,13,10,10,1,14,5,0,0,3,0,15,3,15,7,5,5,17,3,0,0,7,3,0,0,0,0,15,3,15,1,10,0,3,0,0,3,0,7,0,0,5,0,10,5,15,3,9,9,1,6,1,10,11,0,0,0,13,0,7,5,12,11,22,10,3,9,15,7,0,0,1,3,11,0,3,3,14,12,21,1,0,0,0,0,0,0,0,0,0,0,0,0,7,9,20,0,0,0,0,0,0,0,0,0,0,0,0,0,1,12,6,1,0,0,0,0,0,0,0,0,0,0,0,0,0,0,0,0,0,0,0,0,0,0,0,0,0
0,0,0,0,0,0,0,0,0,0,0,0,0,0,0,0,6,7,11,9,11,10,7,11,12,14,13,10,7,7,7,9,7,10,12,12,13,6,19,14,19,11,6,3,3,3,6,11,13,17,5,11,12,9,18,12,0,0,1,5,1,7,0,7,6,11,0,14,14,17,1,13,1,0,0,6,0,3,0,0,5,3,9,15,7,28,3,9,1,0,3,7,3,3,5,0,6,0,11,9,0,10,3,14,5,5,5,10,0,1,1,0,6,1,15,3,15,5,6,21,6,6,5,7,0,0,0,0,7,3,19,1,12,3,20,5,3,0,3,3,1,0,0,0,7,5,9,0,12,0,1,0,7,0,0,9,0,0,0,9,7,6,3,7,3,12,0,3,17,0,13,7,0,0,9,13,3,10,7,5,9,17,5,3,15,9,0,0,0,1,7,9,11,0,9,10,13,18,0,0,0,0,0,0,0,0,0,0,11,0,0,9,25,0,0,0,0,0,0,0,0,0,0,0,7,0,0,0,26,0,0,0,0,0,0,0,0,0,0,0,6,0,0,0,5,0,0,0,0,0,0,0,0,1,0,0
0,0,0,0,0,0,0,0,0,0,0,0,0,0,0,0,9,7,10,10,12,7,10,11,13,14,12,9,7,7,9,7,11,9,11,13,11,7,18,15,18,5,5,3,0,6,10,10,17,6,10,12,11,3,14,7,1,0,3,1,7,0,0,10,15,0,7,14,18,7,7,10,3,0,7,3,1,1,0,7,18,3,14,13,15,15,9,6,3,0,1,10,0,3,0,0,15,3,15,14,6,11,7,6,5,3,15,11,0,3,0,0,15,3,6,15,3,7,13,10,10,1,14,5,0,0,3,3,15,3,15,7,5,5,17,3,0,0,7,3,0,0,0,7,15,3,15,1,10,0,3,0,0,3,0,7,0,0,5,12,10,5,15,3,9,9,1,6,1,10,11,0,0,0,13,9,7,5,12,11,22,10,3,9,15,7,0,0,1,3,11,0,3,3,14,12,21,1,0,0,0,0,0,0,0,0,0,0,0,0,7,9,20,0,0,0,0,0,0,0,0,0,0,0,0,0,1,12,6,1,0,0,0,0,0,0,0,0,0,0,0,0,0,0,0,0,0,0,0,0,0,0,0,0,0,0
0,0,0,0,0,0,0,0,0,0,0,0,0,0,0,0,0,11,7,11,12,13,6,13,14,18,12,7,7,7,7,10,0,15,7,10,12,11,13,23,15,6,0,3,5,3,1,5,0,14,0,9,14,15,9,7,7,1,0,3,0,7,1,0,0,15,1,12,12,12,7,9,7,3,0,5,3,0,0,0,0,15,3,15,13,7,14,7,7,3,0,9,13,0,3,1,0,17,3,15,15,5,5,6,7,9,3,15,9,0,0,1,0,15,6,7,11,0,7,10,7,6,0,11,11,0,0,3,0,15,3,18,1,7,1,11,1,0,0,0,13,0,0,0,0,14,5,17,1,7,5,6,1,0,9,3,3,0,0,7,0,10,5,14,3,6,1,5,3,7,5,0,0,0,7,15,0,5,5,11,12,21,15,0,1,5,6,0,0,0,0,0,0,1,0,7,9,26,0,0,0,0,0,0,0,0,0,0,0,0,0,3,15,11,0,0,0,0,0,0,0,0,0,0,0,0,0,1,3,0,0,0,0,0,0,0,0,0,0,0,0,0,0,0,0,0,0,0,0,0,0,0,0,1,0,0
0,0,0,0,0,0,0,0,0,0,0,0,0,0,0,0,6,7,12,11,12,9,11,13,15,17,9,7,7,6,7,10,11,13,10,11,13,10,28,19,12,0,3,6,1,7,0,9,9,13,0,14,14,15,7,12,0,0,0,3,3,7,0,3,3,6,1,14,7,14,1,12,0,1,0,7,0,1,1,0,5,1,9,12,3,18,3,9,3,3,3,10,3,3,3,0,5,0,15,7,7,7,6,19,5,7,5,9,1,0,0,0,7,1,20,0,14,1,9,9,9,1,6,11,6,0,0,0,7,6,15,0,13,3,6,3,5,0,7,10,5,0,0,3,7,5,6,5,9,1,0,1,12,0,10,5,0,0,1,10,7,9,5,10,10,3,0,3,15,0,1,0,0,1,14,15,9,6,9,6,7,30,3,0,5,0,3,0,0,0,0,0,10,0,5,11,23,10,0,0,0,0,0,0,0,0,0,0,9,0,0,6,26,0,0,0,0,0,0,0,0,0,0,0,5,0,0,0,19,0,0,0,0,0,0,0,0,0,0,0,3,0,0,0,0,0,0,0,0,0,0,0,0,0,0,0
0,0,0,0,0,0,0,0,0,0,0,0,0,0,0,0,11,7,11,12,13,6,13,14,18,12,7,7,7,7,10,9,15,7,10,12,11,13,23,15,6,0,3,5,3,1,5,9,14,0,9,14,15,9,7,7,1,0,3,0,7,1,0,9,15,1,12,12,12,7,9,7,3,0,5,3,0,0,0,3,15,3,15,13,7,14,7,7,3,0,9,13,0,3,1,0,17,3,15,15,5,5,6,7,9,3,15,9,0,0,1,1,15,6,7,11,0,7,10,7,6,0,11,11,0,0,3,3,15,3,18,1,7,1,11,1,0,0,0,13,0,0,0,10,14,5,17,1,7,5,6,1,0,9,3,3,0,0,7,12,10,5,14,3,6,1,5,3,7,5,0,0,0,7,15,0,5,5,11,12,21,15,0,1,5,6,0,0,0,0,0,0,1,0,7,9,26,0,0,0,0,0,0,0,0,0,0,0,0,0,3,15,11,0,0,0,0,0,0,0,0,0,0,0,0,0,1,3,0,0,0,0,0,0,0,0,0,0,0,0,0,0,0,0,0,0,0,0,0,0,0,0,1,0,0,0
0,9,7,10,10,12,7,10,11,13,14,12,9,7,7,9,0,11,9,11,13,11,7,18,15,18,5,5,3,0,6,10,0,17,6,10,12,11,3,14,7,1,0,3,1,7,0,0,0,15,0,7,14,18,7,7,10,3,0,7,3,1,1,0,0,18,3,14,13,15,15,9,6,3,0,1,10,0,3,0,0,15,3,15,14,6,11,7,6,5,3,15,11,0,3,0,0,15,3,6,15,3,7,13,10,10,1,14,5,0,0,3,0,15,3,15,7,5,5,17,3,0,0,7,3,0,0,0,0,15,3,15,1,10,0,3,0,0,3,0,7,0,0,5,0,10,5,15,3,9,9,1,6,1,10,11,0,0,0,13,0,7,5,12,11,22,10,3,9,15,7,0,0,1,3,11,0,3,3,14,12,21,1,0,0,0,0,0,0,0,0,0,0,0,0,7,9,20,0,0,0,0,0,0,0,0,0,0,0,0,0,1,12,6,1,0,0,0,0,0,0,0,0,0,0,0,0,0,0,0,0,0,0,0,0,0,0,0,0,0,0,0,0,0,0,0,0,0,0,0,0,0,0,0,0,0
6,7,11,9,11,10,7,11,12,14,13,10,7,7,7,9,7,10,12,12,13,6,19,14,19,11,6,3,3,3,6,11,13,17,5,11,12,9,18,12,0,0,1,5,1,7,0,7,6,11,0,14,14,17,1,13,1,0,0,6,0,3,0,0,5,3,9,15,7,28,3,9,1,0,3,7,3,3,5,0,6,0,11,9,0,10,3,14,5,5,5,10,0,1,1,0,6,1,15,3,15,5,6,21,6,6,5,7,0,0,0,0,7,3,19,1,12,3,20,5,3,0,3,3,1,0,0,0,7,5,9,0,12,0,1,0,7,0,0,9,0,0,0,9,7,6,3,7,3,12,0,3,17,0,13,7,0,0,9,13,3,10,7,5,9,17,5,3,15,9,0,0,0,1,7,9,11,0,9,10,13,18,0,0,0,0,0,0,0,0,0,0,11,0,0,9,25,0,0,0,0,0,0,0,0,0,0,0,7,0,0,0,26,0,0,0,0,0,0,0,0,0,0,0,6,0,0,0,5,0,0,0,0,0,0,0,0,1,0,0,1,0,0,0,1,0,0,0,0,0,0,0,0,0,0,0
9,7,10,10,12,7,10,11,13,14,12,9,7,7,9,7,11,9,11,13,11,7,18,15,18,5,5,3,0,6,10,10,17,6,10,12,11,3,14,7,1,0,3,1,7,0,0,10,15,0,7,14,18,7,7,10,3,0,7,3,1,1,0,7,18,3,14,13,15,15,9,6,3,0,1,10,0,3,0,0,15,3,15,14,6,11,7,6,5,3,15,11,0,3,0,0,15,3,6,15,3,7,13,10,10,1,14,5,0,0,3,3,15,3,15,7,5,5,17,3,0,0,7,3,0,0,0,7,15,3,15,1,10,0,3,0,0,3,0,7,0,0,5,12,10,5,15,3,9,9,1,6,1,10,11,0,0,0,13,9,7,5,12,11,22,10,3,9,15,7,0,0,1,3,11,0,3,3,14,12,21,1,0,0,0,0,0,0,0,0,0,0,0,0,7,9,20,0,0,0,0,0,0,0,0,0,0,0,0,0,1,12,6,1,0,0,0,0,0,0,0,0,0,0,0,0,0,0,0,0,0,0,0,0,0,0,0,0,0,0,0,0,0,0,0,0,0,0,0,0,0,0,0,0,0,0
0,0,0,0,0,0,0,0,0,0,0,0,0,0,0,0,0,3,1,1,1,1,1,1,1,1,0,0,1,1,1,0,0,3,1,1,1,3,12,1,0,1,0,9,11,3,3,0,0,1,3,1,1,3,1,1,6,5,3,3,3,6,3,0,0,10,15,3,3,6,0,7,3,3,1,0,0,6,10,0,0,0,13,3,3,3,0,3,6,6,7,9,6,7,6,5,0,0,3,0,1,0,0,7,5,15,5,0,1,1,1,9,0,0,10,0,1,1,3,0,0,7,3,0,7,7,7,5,0,0,5,3,6,1,0,0,0,1,0,0,9,1,1,0,0,0,0,3,0,3,1,6,13,1,10,3,3,5,7,5,0,0,0,3,9,7,0,5,12,7,1,3,3,0,0,0,0,0,0,3,5,3,7,0,0,1,3,12,5,3,3,3,0,0,0,0,0,0,0,7,9,7,5,6,7,10,10,7,0,7,3,3,0,0,6,7,10,9,10,9,10,3,6,9,0,9,11,1,0,0,7,10,9,6,7,7,7,7,11,3,0,7,11,12,7,6,7,6,6,7,12,11,10,10,14,11
0,0,0,0,0,0,0,0,0,0,0,0,0,0,0,0,5,1,1,1,0,0,0,1,1,0,0,0,1,1,1,3,3,1,1,1,1,3,13,0,0,0,6,10,7,1,1,0,0,1,3,1,1,0,3,5,9,1,6,1,7,7,3,0,14,5,15,3,6,1,3,5,1,3,3,3,3,7,3,3,7,1,10,3,3,0,3,3,6,3,11,9,1,6,10,3,9,0,6,3,0,0,0,7,9,3,7,0,3,1,6,13,10,1,1,0,1,6,0,0,6,0,3,3,7,7,7,7,5,0,10,5,0,1,0,0,0,0,1,3,6,3,1,7,0,0,3,1,6,1,0,7,3,7,7,3,3,3,9,1,0,0,0,1,15,0,1,6,7,0,3,3,3,3,0,0,0,0,0,3,7,11,0,0,0,3,11,7,5,5,3,0,1,0,0,0,0,0,5,7,9,7,5,5,7,10,9,5,3,7,1,0,0,0,7,7,9,10,9,11,7,3,6,9,3,12,5,0,0,3,9,10,7,6,7,7,6,10,7,3,3,9,11,9,6,7,7,6,6,7,13,10,10,13,13,9
0,0,0,0,0,0,0,0,0,0,0,0,0,0,0,0,3,1,1,1,1,1,1,1,1,0,0,1,1,1,0,0,3,1,1,1,3,12,1,0,1,0,9,11,3,3,0,0,1,3,1,1,3,1,1,6,5,3,3,3,6,3,0,0,10,15,3,3,6,0,7,3,3,1,0,0,6,10,0,0,0,13,3,3,3,0,3,6,6,7,9,6,7,6,5,3,0,3,0,1,0,0,7,5,15,5,0,1,1,1,9,3,0,10,0,1,1,3,0,0,7,3,0,7,7,7,5,3,0,5,3,6,1,0,0,0,1,0,0,9,1,1,0,0,0,0,3,0,3,1,6,13,1,10,3,3,5,7,5,0,0,0,3,9,7,0,5,12,7,1,3,3,0,0,0,0,0,0,3,5,3,7,0,0,1,3,12,5,3,3,3,0,0,0,0,0,0,0,7,9,7,5,6,7,10,10,7,3,7,3,3,0,0,6,7,10,9,10,9,10,3,6,9,6,9,11,1,0,0,7,10,9,6,7,7,7,7,11,3,3,7,11,12,7,6,7,6,6,7,12,11,10,10,14,11,3
0,1,1,1,3,1,1,1,3,0,0,0,0,3,1,0,0,3,1,1,1,1,7,3,1,0,0,3,1,1,3,0,0,1,3,1,1,3,3,1,0,1,3,3,7,10,1,0,0,7,3,3,1,1,1,7,7,7,3,5,1,3,3,0,0,7,15,6,3,24,12,1,3,3,5,3,7,6,12,1,0,0,3,6,1,0,0,7,3,11,7,3,1,1,7,10,0,0,10,0,3,0,0,3,5,9,3,1,1,1,3,7,0,0,7,3,5,3,1,0,0,1,3,0,1,3,1,1,0,0,0,3,3,1,1,0,3,3,3,1,3,1,3,3,0,0,0,5,3,0,0,3,13,0,3,3,3,11,10,3,0,0,0,0,5,29,15,15,1,9,6,6,12,7,3,0,0,0,0,5,5,0,0,1,1,3,5,3,3,7,7,7,0,7,0,0,0,0,3,7,7,6,7,10,9,9,6,7,0,9,7,0,0,0,5,9,7,9,7,7,5,6,7,7,0,10,10,5,0,1,5,5,7,11,10,7,7,11,14,17,0,7,9,11,7,7,9,9,6,5,6,7,7,3,6,6
0,0,3,3,3,0,3,3,1,0,0,0,1,3,1,3,5,1,1,1,1,3,9,1,1,1,0,1,1,3,1,3,1,1,3,1,3,1,3,1,3,1,1,7,7,3,1,0,5,3,1,1,3,0,0,10,9,1,5,0,3,6,3,0,11,7,13,1,7,22,5,1,3,3,3,6,7,6,11,3,7,0,11,6,0,0,0,3,7,3,15,3,1,3,10,9,9,0,0,1,0,3,0,3,3,3,6,0,1,1,7,13,7,0,7,0,0,3,9,0,1,1,1,0,1,1,3,3,3,0,5,0,10,0,0,0,0,3,1,3,1,1,3,5,0,0,0,1,1,10,1,0,9,3,1,3,3,10,7,1,0,0,0,1,22,27,18,10,5,11,3,10,13,3,1,0,0,0,0,3,0,0,1,1,1,5,3,3,5,7,7,7,3,0,0,0,0,0,7,7,6,7,7,10,9,7,7,9,3,10,1,0,0,3,7,7,7,9,9,5,6,6,9,1,3,10,9,1,0,5,5,7,10,11,9,9,7,14,11,7,1,7,10,10,7,7,9,7,5,5,7,9,6,3,7,10
1,1,1,3,1,1,1,3,0,0,0,0,3,1,0,0,3,1,1,1,1,7,3,1,0,0,3,1,1,3,0,1,1,3,1,1,3,3,1,0,1,3,3,7,10,1,0,0,7,3,3,1,1,1,7,7,7,3,5,1,3,3,0,0,7,15,6,3,24,12,1,3,3,5,3,7,6,12,1,1,0,3,6,1,0,0,7,3,11,7,3,1,1,7,10,3,0,10,0,3,0,0,3,5,9,3,1,1,1,3,7,3,0,7,3,5,3,1,0,0,1,3,0,1,3,1,1,0,0,0,3,3,1,1,0,3,3,3,1,3,1,3,3,0,0,0,5,3,0,0,3,13,0,3,3,3,11,10,3,0,0,0,0,5,29,15,15,1,9,6,6,12,7,3,0,0,0,0,5,5,0,0,1,1,3,5,3,3,7,7,7,1,7,0,0,0,0,3,7,7,6,7,10,9,9,6,7,13,9,7,0,0,0,5,9,7,9,7,7,5,6,7,7,3,10,10,5,0,1,5,5,7,11,10,7,7,11,14,17,3,7,9,11,7,7,9,9,6,5,6,7,7,3,6,6,3
0,3,1,1,1,1,1,1,1,1,0,0,1,1,1,0,0,3,1,1,1,3,12,1,0,1,0,9,11,3,3,0,0,1,3,1,1,3,1,1,6,5,3,3,3,6,3,0,0,10,15,3,3,6,0,7,3,3,1,0,0,6,10,0,0,0,13,3,3,3,0,3,6,6,7,9,6,7,6,5,0,0,3,0,1,0,0,7,5,15,5,0,1,1,1,9,0,0,10,0,1,1,3,0,0,7,3,0,7,7,7,5,0,0,5,3,6,1,0,0,0,1,0,0,9,1,1,0,0,0,0,3,0,3,1,6,13,1,10,3,3,5,7,5,0,0,0,3,9,7,0,5,12,7,1,3,3,0,0,0,0,0,0,3,5,3,7,0,0,1,3,12,5,3,3,3,0,0,0,0,0,0,0,7,9,7,5,6,7,10,10,7,0,7,3,3,0,0,6,7,10,9,10,9,10,3,6,9,0,9,11,1,0,0,7,10,9,6,7,7,7,7,11,3,0,7,11,12,7,6,7,6,6,7,12,11,10,10,14,11,0,15,20,24,23,25,27,28,29,22,15,15,17,9,9,20
5,1,1,1,0,0,0,1,1,0,0,0,1,1,1,3,3,1,1,1,1,3,13,0,0,0,6,10,7,1,1,0,0,1,3,1,1,0,3,5,9,1,6,1,7,7,3,0,14,5,15,3,6,1,3,5,1,3,3,3,3,7,3,3,7,1,10,3,3,0,3,3,6,3,11,9,1,6,10,3,9,0,6,3,0,0,0,7,9,3,7,0,3,1,6,13,10,1,1,0,1,6,0,0,6,0,3,3,7,7,7,7,5,0,10,5,0,1,0,0,0,0,1,3,6,3,1,7,0,0,3,1,6,1,0,7,3,7,7,3,3,3,9,1,0,0,0,1,15,0,1,6,7,0,3,3,3,3,0,0,0,0,0,3,7,11,0,0,0,3,11,7,5,5,3,0,1,0,0,0,0,0,5,7,9,7,5,5,7,10,9,5,3,7,1,0,0,0,7,7,9,10,9,11,7,3,6,9,3,12,5,0,0,3,9,10,7,6,7,7,6,10,7,3,3,9,11,9,6,7,7,6,6,7,13,10,10,13,13,9,3,18,22,24,23,26,27,28,27,18,15,19,15,6,15,26
3,1,1,1,1,1,1,1,1,0,0,1,1,1,0,0,3,1,1,1,3,12,1,0,1,0,9,11,3,3,0,0,1,3,1,1,3,1,1,6,5,3,3,3,6,3,0,0,10,15,3,3,6,0,7,3,3,1,0,0,6,10,0,0,0,13,3,3,3,0,3,6,6,7,9,6,7,6,5,3,0,3,0,1,0,0,7,5,15,5,0,1,1,1,9,3,0,10,0,1,1,3,0,0,7,3,0,7,7,7,5,3,0,5,3,6,1,0,0,0,1,0,0,9,1,1,0,0,0,0,3,0,3,1,6,13,1,10,3,3,5,7,5,0,0,0,3,9,7,0,5,12,7,1,3,3,0,0,0,0,0,0,3,5,3,7,0,0,1,3,12,5,3,3,3,0,0,0,0,0,0,0,7,9,7,5,6,7,10,10,7,3,7,3,3,0,0,6,7,10,9,10,9,10,3,6,9,6,9,11,1,0,0,7,10,9,6,7,7,7,7,11,3,3,7,11,12,7,6,7,6,6,7,12,11,10,10,14,11,3,15,20,24,23,25,27,28,29,22,15,15,17,9,9,20,18
0,0,0,0,0,0,0,0,0,0,0,0,0,0,0,0,0,3,0,0,0,0,1,0,0,0,0,1,1,1,1,1,0,3,3,3,3,3,3,3,1,3,5,3,3,3,1,5,0,3,3,5,3,3,3,3,3,3,1,3,3,3,3,3,0,5,3,3,1,3,1,3,3,1,7,3,3,6,5,1,0,3,3,3,7,3,3,3,5,3,3,3,3,5,6,3,0,10,3,3,6,21,12,3,3,5,3,3,3,3,7,5,0,9,3,3,5,5,6,9,3,3,5,0,1,3,3,3,0,7,6,3,1,7,14,0,3,3,3,3,1,0,3,3,0,10,11,3,0,3,7,1,0,0,3,7,3,3,3,1,0,15,13,3,3,6,1,3,5,3,3,6,5,3,3,3,0,14,9,6,17,6,0,3,13,3,5,3,3,3,3,3,0,20,15,13,18,24,19,13,13,11,6,7,9,7,9,10,0,5,13,20,13,17,7,7,7,9,7,9,7,10,15,9,0,13,7,25,12,11,7,5,7,9,10,10,13,14,13,9,0,9,12,7,17,9,12,13,7,7,7,9,11,13,10,9
0,0,0,0,0,0,0,0,0,0,0,0,0,0,0,0,3,1,1,1,0,0,1,0,0,0,1,1,1,1,1,0,3,3,3,3,3,3,3,1,3,5,3,3,3,1,3,3,3,0,3,5,3,3,5,3,3,1,3,1,5,3,3,3,6,3,3,1,3,3,3,3,3,1,6,3,3,6,3,1,3,3,3,3,3,3,3,3,3,1,3,3,3,7,5,1,3,13,3,3,21,7,5,3,3,5,5,3,3,3,7,3,3,10,3,3,3,5,5,1,3,6,3,3,1,3,5,3,3,9,3,1,3,6,3,3,1,5,6,3,0,1,3,3,11,12,5,3,3,3,1,1,0,0,1,0,3,3,3,3,15,15,10,1,6,3,3,3,3,3,3,6,5,3,3,3,17,7,7,15,13,5,1,10,10,5,5,3,5,3,3,3,19,25,6,17,18,21,14,14,15,5,7,7,11,7,10,11,21,5,20,18,15,19,6,7,7,7,9,7,7,11,14,7,22,9,9,33,12,5,7,5,7,9,11,12,13,14,12,15,19,12,10,7,15,11,13,10,7,7,7,10,13,11,12,3
0,0,0,0,0,0,0,0,0,0,0,0,0,0,0,0,3,0,0,0,0,1,0,0,0,0,1,1,1,1,1,0,3,3,3,3,3,3,3,1,3,5,3,3,3,1,5,0,3,3,5,3,3,3,3,3,3,1,3,3,3,3,3,0,5,3,3,1,3,1,3,3,1,7,3,3,6,5,1,0,3,3,3,7,3,3,3,5,3,3,3,3,5,6,3,0,10,3,3,6,21,12,3,3,5,3,3,3,3,7,5,0,9,3,3,5,5,6,9,3,3,5,0,1,3,3,3,0,7,6,3,1,7,14,0,3,3,3,3,1,0,3,3,0,10,11,3,0,3,7,1,0,0,3,7,3,3,3,1,0,15,13,3,3,6,1,3,5,3,3,6,5,3,3,3,0,14,9,6,17,6,0,3,13,3,5,3,3,3,3,3,0,20,15,13,18,24,19,13,13,11,6,7,9,7,9,10,0,5,13,20,13,17,7,7,7,9,7,9,7,10,15,9,0,13,7,25,12,11,7,5,7,9,10,10,13,14,13,9,9,9,12,7,17,9,12,13,7,7,7,9,11,13,10,9,3
0,1,3,3,3,3,3,3,3,3,1,1,1,3,3,1,0,3,3,3,3,3,3,1,3,1,5,3,3,3,3,5,0,3,1,5,3,3,3,3,3,3,3,3,5,3,3,3,0,3,3,3,3,1,1,3,3,3,1,3,3,6,3,1,0,5,3,3,1,3,3,3,5,1,3,1,3,5,6,3,0,10,3,3,6,11,5,3,5,5,3,3,3,3,7,5,0,10,3,3,5,10,7,3,5,3,5,0,3,3,6,5,0,7,3,3,3,1,6,7,3,3,6,3,3,1,3,3,0,9,9,3,1,5,12,11,3,0,1,7,0,1,3,1,0,15,11,1,5,3,3,1,3,3,1,0,3,3,3,1,0,14,11,5,10,9,3,1,5,3,3,10,6,3,3,3,0,19,7,6,15,17,3,21,24,15,7,3,6,7,7,7,0,9,23,19,20,19,11,5,5,7,7,9,10,7,9,9,0,11,7,30,12,15,7,7,7,7,7,11,9,12,17,9,0,12,10,12,25,14,10,7,3,7,10,11,12,14,11,10,0,12,13,11,7,7,7,12,14,13,10,7,12,14,11,13
3,3,3,3,3,3,3,3,3,3,1,1,1,3,3,0,3,3,3,3,3,3,3,1,1,3,5,3,3,3,5,3,3,1,3,3,3,5,3,3,3,3,3,3,5,3,3,3,5,0,3,3,3,0,3,3,3,3,3,3,3,5,3,3,5,3,3,3,0,3,3,3,3,1,9,3,3,7,5,1,3,9,3,6,27,5,3,3,5,3,3,3,3,6,6,3,3,12,3,3,7,7,14,3,3,5,6,3,1,3,6,3,3,10,1,1,5,9,6,7,1,5,3,3,1,3,3,3,6,10,5,1,5,10,15,3,1,1,12,1,1,1,3,1,13,15,7,1,5,3,3,1,3,1,1,1,3,3,1,1,15,11,10,9,5,5,1,6,3,1,10,6,3,3,3,3,19,12,6,13,19,13,14,22,22,11,3,3,9,9,7,7,17,18,12,24,15,19,6,3,6,7,10,9,9,7,9,10,22,6,15,21,11,7,6,7,7,7,9,11,9,15,14,11,19,12,7,26,15,11,9,3,6,9,11,10,14,12,10,13,21,11,13,7,10,7,10,13,13,13,6,7,13,13,11,9
1,3,3,3,3,3,3,3,3,1,1,1,3,3,1,10,3,3,3,3,3,3,1,3,1,5,3,3,3,3,5,0,3,1,5,3,3,3,3,3,3,3,3,5,3,3,3,0,3,3,3,3,1,1,3,3,3,1,3,3,6,3,1,0,5,3,3,1,3,3,3,5,1,3,1,3,5,6,3,0,10,3,3,6,11,5,3,5,5,3,3,3,3,7,5,1,10,3,3,5,10,7,3,5,3,5,0,3,3,6,5,0,7,3,3,3,1,6,7,3,3,6,3,3,1,3,3,0,9,9,3,1,5,12,11,3,0,1,7,0,1,3,1,0,15,11,1,5,3,3,1,3,3,1,0,3,3,3,1,0,14,11,5,10,9,3,1,5,3,3,10,6,3,3,3,0,19,7,6,15,17,3,21,24,15,7,3,6,7,7,7,0,9,23,19,20,19,11,5,5,7,7,9,10,7,9,9,0,11,7,30,12,15,7,7,7,7,7,11,9,12,17,9,6,12,10,12,25,14,10,7,3,7,10,11,12,14,11,10,7,12,13,11,7,7,7,12,14,13,10,7,12,14,11,13,0
0,3,0,0,0,0,1,0,0,0,0,1,1,1,1,1,0,3,3,3,3,3,3,3,1,3,5,3,3,3,1,5,0,3,3,5,3,3,3,3,3,3,1,3,3,3,3,3,0,5,3,3,1,3,1,3,3,1,7,3,3,6,5,1,0,3,3,3,7,3,3,3,5,3,3,3,3,5,6,3,0,10,3,3,6,21,12,3,3,5,3,3,3,3,7,5,0,9,3,3,5,5,6,9,3,3,5,0,1,3,3,3,0,7,6,3,1,7,14,0,3,3,3,3,1,0,3,3,0,10,11,3,0,3,7,1,0,0,3,7,3,3,3,1,0,15,13,3,3,6,1,3,5,3,3,6,5,3,3,3,0,14,9,6,17,6,0,3,13,3,5,3,3,3,3,3,0,20,15,13,18,24,19,13,13,11,6,7,9,7,9,10,0,5,13,20,13,17,7,7,7,9,7,9,7,10,15,9,0,13,7,25,12,11,7,5,7,9,10,10,13,14,13,9,0,9,12,7,17,9,12,13,7,7,7,9,11,13,10,9,0,3,5,5,5,3,5,3,3,3,5,3,5,10,7,3
3,1,1,1,0,0,1,0,0,0,1,1,1,1,1,0,3,3,3,3,3,3,3,1,3,5,3,3,3,1,3,3,3,0,3,5,3,3,5,3,3,1,3,1,5,3,3,3,6,3,3,1,3,3,3,3,3,1,6,3,3,6,3,1,3,3,3,3,3,3,3,3,3,1,3,3,3,7,5,1,3,13,3,3,21,7,5,3,3,5,5,3,3,3,7,3,3,10,3,3,3,5,5,1,3,6,3,3,1,3,5,3,3,9,3,1,3,6,3,3,1,5,6,3,0,1,3,3,11,12,5,3,3,3,1,1,0,0,1,0,3,3,3,3,15,15,10,1,6,3,3,3,3,3,3,6,5,3,3,3,17,7,7,15,13,5,1,10,10,5,5,3,5,3,3,3,19,25,6,17,18,21,14,14,15,5,7,7,11,7,10,11,21,5,20,18,15,19,6,7,7,7,9,7,7,11,14,7,22,9,9,33,12,5,7,5,7,9,11,12,13,14,12,15,19,12,10,7,15,11,13,10,7,7,7,10,13,11,12,3,11,3,5,5,3,3,3,5,3,5,3,3,6,11,5,3
3,0,0,0,0,1,0,0,0,0,1,1,1,1,1,0,3,3,3,3,3,3,3,1,3,5,3,3,3,1,5,0,3,3,5,3,3,3,3,3,3,1,3,3,3,3,3,0,5,3,3,1,3,1,3,3,1,7,3,3,6,5,1,0,3,3,3,7,3,3,3,5,3,3,3,3,5,6,3,0,10,3,3,6,21,12,3,3,5,3,3,3,3,7,5,0,9,3,3,5,5,6,9,3,3,5,0,1,3,3,3,0,7,6,3,1,7,14,0,3,3,3,3,1,0,3,3,0,10,11,3,0,3,7,1,0,0,3,7,3,3,3,1,0,15,13,3,3,6,1,3,5,3,3,6,5,3,3,3,0,14,9,6,17,6,0,3,13,3,5,3,3,3,3,3,0,20,15,13,18,24,19,13,13,11,6,7,9,7,9,10,0,5,13,20,13,17,7,7,7,9,7,9,7,10,15,9,0,13,7,25,12,11,7,5,7,9,10,10,13,14,13,9,9,9,12,7,17,9,12,13,7,7,7,9,11,13,10,9,3,3,5,5,5,3,5,3,3,3,5,3,5,10,7,3,0
0,0,0,0,0,0,0,0,0,0,0,0,0,0,0,0,0,3,3,3,3,3,3,3,3,3,3,5,7,6,3,5,0,3,3,3,3,3,3,6,3,3,19,20,22,19,11,7,0,3,7,5,3,3,1,3,15,26,20,3,10,14,24,15,0,7,35,6,3,3,11,9,13,17,15,1,7,15,28,26,0,5,17,5,3,5,3,3,9,17,29,6,3,20,24,31,0,3,6,3,3,0,0,1,3,15,34,3,3,18,18,28,0,6,7,5,3,11,5,1,0,3,19,1,10,19,20,15,0,6,7,7,6,11,1,0,3,7,7,0,6,21,11,7,0,5,3,3,14,3,1,3,13,17,3,12,5,25,17,6,0,1,3,1,15,7,11,12,3,9,3,6,31,35,14,5,0,6,0,3,22,7,10,3,1,1,18,39,38,33,23,20,0,12,1,1,7,3,3,19,18,24,29,30,29,28,25,25,0,20,19,9,1,3,26,25,27,30,31,31,30,23,22,29,0,20,29,21,3,12,26,25,28,29,29,27,25,24,34,13,0,15,31,24,19,25,30,26,24,26,25,25,27,30,14,21
0,0,0,0,0,0,0,0,0,0,0,0,0,0,0,0,1,3,3,3,3,3,5,3,3,3,5,7,7,5,5,6,1,3,3,3,3,3,3,5,5,9,19,19,20,17,9,5,3,5,5,3,3,3,3,7,24,27,7,3,15,17,21,6,3,19,19,3,1,6,15,5,20,17,3,5,11,24,28,14,1,13,5,3,12,3,0,3,15,19,21,1,13,21,25,29,1,10,1,3,3,0,0,1,12,24,5,3,14,15,24,28,1,13,3,3,5,3,3,1,5,11,3,1,15,22,15,15,3,1,3,18,3,7,1,1,3,10,3,1,14,15,5,11,1,3,3,13,1,5,3,7,9,7,7,5,19,25,10,3,1,1,5,5,9,3,20,14,3,12,3,21,37,22,5,3,1,1,3,6,9,6,9,1,1,7,31,41,34,27,20,23,5,5,1,5,3,3,18,18,23,27,31,29,30,27,24,25,12,24,9,3,0,19,27,26,29,31,31,31,27,21,25,26,11,30,26,3,0,22,26,28,28,29,28,27,23,31,27,12,10,27,29,20,15,31,28,24,27,25,25,25,31,23,15,27
0,0,0,0,0,0,0,0,0,0,0,0,0,0,0,0,3,3,3,3,3,3,3,3,3,3,5,7,6,3,5,7,3,3,3,3,3,3,6,3,3,19,20,22,19,11,7,5,3,7,5,3,3,1,3,15,26,20,3,10,14,24,15,5,7,35,6,3,3,11,9,13,17,15,1,7,15,28,26,5,5,17,5,3,5,3,3,9,17,29,6,3,20,24,31,14,3,6,3,3,0,0,1,3,15,34,3,3,18,18,28,22,6,7,5,3,11,5,1,0,3,19,1,10,19,20,15,14,6,7,7,6,11,1,0,3,7,7,0,6,21,11,7,5,5,3,3,14,3,1,3,13,17,3,12,5,25,17,6,3,1,3,1,15,7,11,12,3,9,3,6,31,35,14,5,1,6,0,3,22,7,10,3,1,1,18,39,38,33,23,20,19,12,1,1,7,3,3,19,18,24,29,30,29,28,25,25,26,20,19,9,1,3,26,25,27,30,31,31,30,23,22,29,18,20,29,21,3,12,26,25,28,29,29,27,25,24,34,13,22,15,31,24,19,25,30,26,24,26,25,25,27,30,14,21,31
0,0,0,0,0,0,0,0,0,0,0,1,1,0,1,3,0,3,3,3,3,3,3,3,3,3,7,15,15,10,6,6,0,3,3,3,3,3,0,5,5,15,22,13,15,21,17,10,0,6,26,7,3,5,3,10,21,22,17,3,10,13,25,19,0,5,30,6,3,5,15,5,9,18,18,3,9,19,27,31,0,5,6,5,3,0,0,3,6,17,38,5,3,17,22,31,0,5,7,3,3,7,0,3,3,7,25,1,6,17,19,23,0,6,7,10,5,14,6,1,3,3,13,0,1,19,15,6,0,5,5,6,7,7,1,0,7,12,3,0,5,19,12,13,0,3,3,1,13,3,11,6,10,15,3,5,19,34,20,6,0,0,3,3,17,3,19,22,3,3,9,27,42,38,19,13,0,7,0,3,14,6,3,1,1,10,27,34,31,28,26,23,0,19,9,1,5,1,22,27,25,27,30,31,31,27,24,26,0,19,24,18,1,3,26,25,29,30,31,30,25,22,29,25,0,19,31,21,5,18,26,24,26,30,28,27,25,30,25,18,0,15,29,27,25,27,33,30,27,25,22,20,27,23,5,23
0,0,0,0,0,0,0,0,0,0,1,1,0,1,1,0,0,3,3,3,3,3,3,3,3,5,12,15,13,9,6,6,3,3,3,3,3,3,1,5,5,23,14,12,20,17,14,6,3,13,15,5,3,3,6,10,27,21,3,3,9,19,27,7,3,22,7,3,7,6,11,5,19,13,15,3,15,24,29,21,1,7,3,1,0,0,0,3,12,22,17,3,12,17,26,31,1,14,3,3,5,0,3,1,10,17,3,3,13,17,22,22,3,7,3,12,3,9,3,0,3,11,3,3,12,18,7,12,3,1,3,15,3,7,1,3,7,12,3,1,11,17,10,7,1,1,5,7,3,3,17,12,5,10,7,9,31,27,5,3,0,3,3,5,7,11,28,7,3,12,15,35,42,28,13,15,3,1,1,12,7,3,3,1,3,20,34,34,29,29,22,24,10,19,1,3,1,3,28,26,26,28,31,31,30,24,24,29,11,26,22,3,0,25,25,28,29,31,30,28,22,23,31,12,11,29,27,14,3,24,26,25,28,30,27,25,27,31,17,24,9,25,28,23,27,34,30,28,26,24,18,24,29,13,9,28
0,0,0,0,0,0,0,0,0,0,1,1,0,1,3,5,3,3,3,3,3,3,3,3,3,7,15,15,10,6,6,7,3,3,3,3,3,0,5,5,15,22,13,15,21,17,10,6,6,26,7,3,5,3,10,21,22,17,3,10,13,25,19,3,5,30,6,3,5,15,5,9,18,18,3,9,19,27,31,7,5,6,5,3,0,0,3,6,17,38,5,3,17,22,31,21,5,7,3,3,7,0,3,3,7,25,1,6,17,19,23,19,6,7,10,5,14,6,1,3,3,13,0,1,19,15,6,10,5,5,6,7,7,1,0,7,12,3,0,5,19,12,13,3,3,3,1,13,3,11,6,10,15,3,5,19,34,20,6,3,0,3,3,17,3,19,22,3,3,9,27,42,38,19,13,10,7,0,3,14,6,3,1,1,10,27,34,31,28,26,23,23,19,9,1,5,1,22,27,25,27,30,31,31,27,24,26,27,19,24,18,1,3,26,25,29,30,31,30,25,22,29,25,13,19,31,21,5,18,26,24,26,30,28,27,25,30,25,18,31,15,29,27,25,27,33,30,27,25,22,20,27,23,5,23,30
0,3,3,3,3,3,3,3,3,3,3,5,7,6,3,5,0,3,3,3,3,3,3,6,3,3,19,20,22,19,11,7,0,3,7,5,3,3,1,3,15,26,20,3,10,14,24,15,0,7,35,6,3,3,11,9,13,17,15,1,7,15,28,26,0,5,17,5,3,5,3,3,9,17,29,6,3,20,24,31,0,3,6,3,3,0,0,1,3,15,34,3,3,18,18,28,0,6,7,5,3,11,5,1,0,3,19,1,10,19,20,15,0,6,7,7,6,11,1,0,3,7,7,0,6,21,11,7,0,5,3,3,14,3,1,3,13,17,3,12,5,25,17,6,0,1,3,1,15,7,11,12,3,9,3,6,31,35,14,5,0,6,0,3,22,7,10,3,1,1,18,39,38,33,23,20,0,12,1,1,7,3,3,19,18,24,29,30,29,28,25,25,0,20,19,9,1,3,26,25,27,30,31,31,30,23,22,29,0,20,29,21,3,12,26,25,28,29,29,27,25,24,34,13,0,15,31,24,19,25,30,26,24,26,25,25,27,30,14,21,0,7,19,19,19,23,27,26,26,22,12,13,19,9,3,17
1,3,3,3,3,3,5,3,3,3,5,7,7,5,5,6,1,3,3,3,3,3,3,5,5,9,19,19,20,17,9,5,3,5,5,3,3,3,3,7,24,27,7,3,15,17,21,6,3,19,19,3,1,6,15,5,20,17,3,5,11,24,28,14,1,13,5,3,12,3,0,3,15,19,21,1,13,21,25,29,1,10,1,3,3,0,0,1,12,24,5,3,14,15,24,28,1,13,3,3,5,3,3,1,5,11,3,1,15,22,15,15,3,1,3,18,3,7,1,1,3,10,3,1,14,15,5,11,1,3,3,13,1,5,3,7,9,7,7,5,19,25,10,3,1,1,5,5,9,3,20,14,3,12,3,21,37,22,5,3,1,1,3,6,9,6,9,1,1,7,31,41,34,27,20,23,5,5,1,5,3,3,18,18,23,27,31,29,30,27,24,25,12,24,9,3,0,19,27,26,29,31,31,31,27,21,25,26,11,30,26,3,0,22,26,28,28,29,28,27,23,31,27,12,10,27,29,20,15,31,28,24,27,25,25,25,31,23,15,27,7,14,19,18,23,27,26,25,26,18,10,17,18,5,5,22
3,3,3,3,3,3,3,3,3,3,5,7,6,3,5,7,3,3,3,3,3,3,6,3,3,19,20,22,19,11,7,5,3,7,5,3,3,1,3,15,26,20,3,10,14,24,15,5,7,35,6,3,3,11,9,13,17,15,1,7,15,28,26,5,5,17,5,3,5,3,3,9,17,29,6,3,20,24,31,14,3,6,3,3,0,0,1,3,15,34,3,3,18,18,28,22,6,7,5,3,11,5,1,0,3,19,1,10,19,20,15,14,6,7,7,6,11,1,0,3,7,7,0,6,21,11,7,5,5,3,3,14,3,1,3,13,17,3,12,5,25,17,6,3,1,3,1,15,7,11,12,3,9,3,6,31,35,14,5,1,6,0,3,22,7,10,3,1,1,18,39,38,33,23,20,19,12,1,1,7,3,3,19,18,24,29,30,29,28,25,25,26,20,19,9,1,3,26,25,27,30,31,31,30,23,22,29,18,20,29,21,3,12,26,25,28,29,29,27,25,24,34,13,22,15,31,24,19,25,30,26,24,26,25,25,27,30,14,21,31,7,19,19,19,23,27,26,26,22,12,13,19,9,3,17,24
0,0,0,0,0,0,0,0,0,0,0,0,0,0,0,0,0,0,0,0,0,0,0,0,0,0,3,3,1,1,1,5,0,0,0,0,0,1,0,0,0,1,11,13,11,6,6,6,0,6,0,0,0,0,0,0,6,13,7,5,9,14,12,7,0,14,12,0,0,1,1,7,11,13,5,0,6,13,20,9,0,3,3,0,0,0,0,0,7,13,7,0,6,15,22,13,0,0,0,0,0,0,0,0,3,17,7,0,1,12,15,17,0,0,0,0,3,0,0,0,0,12,0,0,7,12,12,9,0,0,0,0,5,3,0,0,0,7,0,0,6,13,5,6,0,0,0,0,6,0,0,0,10,10,0,7,7,12,9,3,0,0,0,0,0,3,0,3,3,0,7,12,24,19,3,0,0,0,0,0,0,0,0,0,0,5,15,26,26,18,12,13,0,0,0,0,0,0,3,6,7,17,21,21,18,17,17,18,0,22,1,1,0,0,18,18,18,21,22,21,18,15,15,15,0,21,19,0,0,15,17,17,18,19,18,15,17,18,21,10,0,18,21,12,14,20,20,19,18,17,15,18,19,17,12,21
0,0,0,0,0,0,0,0,0,0,0,0,0,0,0,0,0,0,0,0,0,0,0,0,0,1,5,3,1,1,3,9,0,0,0,0,1,0,0,0,1,5,12,11,7,6,5,7,0,0,0,0,0,0,0,1,15,11,5,6,12,13,11,6,5,10,5,0,0,0,5,9,17,7,5,1,10,18,12,7,5,0,0,0,1,0,0,0,10,13,5,1,10,17,19,14,1,0,0,0,0,0,0,0,7,10,0,0,7,14,20,15,3,0,0,0,0,0,0,0,0,0,0,0,11,13,12,15,0,0,0,7,0,0,0,0,0,0,0,0,10,10,5,11,0,0,0,0,3,0,0,3,6,0,0,3,12,9,5,3,0,0,0,0,0,6,9,0,0,6,7,18,23,7,0,0,0,0,0,0,0,0,3,0,0,12,22,29,21,15,13,15,0,0,0,1,0,0,6,5,13,21,21,18,18,15,18,18,17,9,0,0,0,13,18,18,19,22,21,19,17,15,17,15,13,22,9,0,0,17,18,18,19,19,17,15,17,20,15,7,15,20,19,0,17,21,20,20,18,15,15,19,19,12,15,19
0,0,0,0,0,0,0,0,0,0,0,0,0,0,0,0,0,0,0,0,0,0,0,0,0,3,3,1,1,1,5,3,0,0,0,0,1,0,0,0,1,11,13,11,6,6,6,3,6,0,0,0,0,0,0,6,13,7,5,9,14,12,7,1,14,12,0,0,1,1,7,11,13,5,0,6,13,20,9,0,3,3,0,0,0,0,0,7,13,7,0,6,15,22,13,5,0,0,0,0,0,0,0,3,17,7,0,1,12,15,17,5,0,0,0,3,0,0,0,0,12,0,0,7,12,12,9,6,0,0,0,5,3,0,0,0,7,0,0,6,13,5,6,5,0,0,0,6,0,0,0,10,10,0,7,7,12,9,3,0,0,0,0,0,3,0,3,3,0,7,12,24,19,3,0,0,0,0,0,0,0,0,0,0,5,15,26,26,18,12,13,5,0,0,0,0,0,3,6,7,17,21,21,18,17,17,18,7,22,1,1,0,0,18,18,18,21,22,21,18,15,15,15,5,21,19,0,0,15,17,17,18,19,18,15,17,18,21,10,6,18,21,12,14,20,20,19,18,17,15,18,19,17,12,21,9
0,0,0,0,0,0,0,0,0,0,0,0,0,0,0,0,0,0,0,0,0,0,0,0,0,3,6,6,6,1,1,6,0,1,0,0,0,0,0,0,1,6,12,11,13,14,10,5,0,7,7,0,0,0,0,9,15,15,9,0,7,14,15,9,0,7,13,0,1,1,0,1,5,13,0,0,5,15,20,13,0,0,0,0,0,0,0,0,5,15,10,0,1,13,17,15,0,0,0,0,0,0,0,0,0,15,0,0,6,11,13,13,0,0,0,0,5,3,0,0,0,7,0,0,9,14,9,5,0,0,0,0,3,0,0,0,3,6,1,1,9,12,3,6,0,0,0,0,1,0,1,5,9,1,10,3,18,15,10,0,0,0,0,0,0,0,0,0,0,0,3,20,23,15,7,6,0,0,0,0,0,0,0,0,0,5,24,24,19,17,19,19,0,7,0,0,0,0,15,21,20,21,20,20,19,17,15,15,0,23,10,0,0,6,18,15,19,21,20,19,15,15,17,14,0,20,22,0,1,17,18,18,17,17,15,18,17,21,14,15,0,17,18,20,19,23,21,18,18,14,15,14,18,10,7,18
0,0,0,0,0,0,0,0,0,0,0,0,0,0,0,0,0,0,0,0,0,0,0,0,0,3,7,7,6,3,5,9,0,0,0,0,0,0,0,3,0,11,10,14,15,11,7,7,3,0,5,0,1,0,0,13,20,10,1,3,9,18,11,3,6,10,0,0,1,0,3,0,12,6,6,0,11,17,15,12,0,0,0,0,0,0,0,0,9,13,3,0,10,12,22,14,3,0,0,0,0,0,0,0,6,3,0,0,11,13,15,17,3,0,0,3,0,0,0,0,0,0,0,5,12,11,9,12,0,0,0,3,0,0,0,0,3,0,0,6,12,9,5,9,0,0,0,0,6,3,11,6,1,9,3,11,17,9,3,1,0,0,0,0,0,0,6,0,0,3,13,21,19,12,5,9,0,0,0,1,0,0,0,0,0,18,27,22,18,18,19,20,9,0,0,0,0,0,20,20,21,22,21,19,18,15,17,15,15,19,7,0,0,17,17,18,20,21,20,19,15,17,19,9,13,21,15,0,0,20,19,18,17,18,17,18,19,20,10,15,11,15,17,17,23,23,18,19,15,14,14,18,15,7,11,20
0,0,0,0,0,0,0,0,0,0,0,0,0,0,0,1,0,0,0,0,0,0,0,0,3,6,6,6,1,1,6,3,1,0,0,0,0,0,0,1,6,12,11,13,14,10,5,3,7,7,0,0,0,0,9,15,15,9,0,7,14,15,9,0,7,13,0,1,1,0,1,5,13,0,0,5,15,20,13,0,0,0,0,0,0,0,0,5,15,10,0,1,13,17,15,6,0,0,0,0,0,0,0,0,15,0,0,6,11,13,13,5,0,0,0,5,3,0,0,0,7,0,0,9,14,9,5,6,0,0,0,3,0,0,0,3,6,1,1,9,12,3,6,1,0,0,0,1,0,1,5,9,1,10,3,18,15,10,0,0,0,0,0,0,0,0,0,0,0,3,20,23,15,7,6,3,0,0,0,0,0,0,0,0,5,24,24,19,17,19,19,7,7,0,0,0,0,15,21,20,21,20,20,19,17,15,15,6,23,10,0,0,6,18,15,19,21,20,19,15,15,17,14,3,20,22,0,1,17,18,18,17,17,15,18,17,21,14,15,9,17,18,20,19,23,21,18,18,14,15,14,18,10,7,18,7
0,0,0,0,0,0,0,0,0,0,3,3,1,1,1,5,0,0,0,0,0,1,0,0,0,1,11,13,11,6,6,6,0,6,0,0,0,0,0,0,6,13,7,5,9,14,12,7,0,14,12,0,0,1,1,7,11,13,5,0,6,13,20,9,0,3,3,0,0,0,0,0,7,13,7,0,6,15,22,13,0,0,0,0,0,0,0,0,3,17,7,0,1,12,15,17,0,0,0,0,3,0,0,0,0,12,0,0,7,12,12,9,0,0,0,0,5,3,0,0,0,7,0,0,6,13,5,6,0,0,0,0,6,0,0,0,10,10,0,7,7,12,9,3,0,0,0,0,0,3,0,3,3,0,7,12,24,19,3,0,0,0,0,0,0,0,0,0,0,5,15,26,26,18,12,13,0,0,0,0,0,0,3,6,7,17,21,21,18,17,17,18,0,22,1,1,0,0,18,18,18,21,22,21,18,15,15,15,0,21,19,0,0,15,17,17,18,19,18,15,17,18,21,10,0,18,21,12,14,20,20,19,18,17,15,18,19,17,12,21,0,10,10,11,12,15,15,14,10,10,7,9,10,1,0,10
0,0,0,0,0,0,0,0,0,1,5,3,1,1,3,9,0,0,0,0,1,0,0,0,1,5,12,11,7,6,5,7,0,0,0,0,0,0,0,1,15,11,5,6,12,13,11,6,5,10,5,0,0,0,5,9,17,7,5,1,10,18,12,7,5,0,0,0,1,0,0,0,10,13,5,1,10,17,19,14,1,0,0,0,0,0,0,0,7,10,0,0,7,14,20,15,3,0,0,0,0,0,0,0,0,0,0,0,11,13,12,15,0,0,0,7,0,0,0,0,0,0,0,0,10,10,5,11,0,0,0,0,3,0,0,3,6,0,0,3,12,9,5,3,0,0,0,0,0,6,9,0,0,6,7,18,23,7,0,0,0,0,0,0,0,0,3,0,0,12,22,29,21,15,13,15,0,0,0,1,0,0,6,5,13,21,21,18,18,15,18,18,17,9,0,0,0,13,18,18,19,22,21,19,17,15,17,15,13,22,9,0,0,17,18,18,19,19,17,15,17,20,15,7,15,20,19,0,17,21,20,20,18,15,15,19,19,12,15,19,3,9,10,13,14,15,15,12,10,7,7,11,7,0,5,15
0,0,0,0,0,0,0,0,0,3,3,1,1,1,5,3,0,0,0,0,1,0,0,0,1,11,13,11,6,6,6,3,6,0,0,0,0,0,0,6,13,7,5,9,14,12,7,1,14,12,0,0,1,1,7,11,13,5,0,6,13,20,9,0,3,3,0,0,0,0,0,7,13,7,0,6,15,22,13,5,0,0,0,0,0,0,0,3,17,7,0,1,12,15,17,5,0,0,0,3,0,0,0,0,12,0,0,7,12,12,9,6,0,0,0,5,3,0,0,0,7,0,0,6,13,5,6,5,0,0,0,6,0,0,0,10,10,0,7,7,12,9,3,0,0,0,0,0,3,0,3,3,0,7,12,24,19,3,0,0,0,0,0,0,0,0,0,0,5,15,26,26,18,12,13,5,0,0,0,0,0,3,6,7,17,21,21,18,17,17,18,7,22,1,1,0,0,18,18,18,21,22,21,18,15,15,15,5,21,19,0,0,15,17,17,18,19,18,15,17,18,21,10,6,18,21,12,14,20,20,19,18,17,15,18,19,17,12,21,9,10,10,11,12,15,15,14,10,10,7,9,10,1,0,10,7
0,0,0,0,0,0,0,0,0,0,0,0,0,0,0,0,0,0,0,0,0,0,0,0,0,0,0,0,0,0,0,0,0,0,0,0,0,0,0,0,1,5,3,3,3,3,1,1,0,3,1,0,0,0,0,3,6,5,0,0,1,5,5,1,0,1,1,0,0,0,0,0,3,6,0,0,3,14,9,3,0,1,0,0,0,0,0,0,3,11,1,0,3,6,9,6,0,0,0,0,0,7,0,0,0,5,1,0,6,5,7,6,0,1,0,0,0,0,0,0,0,6,0,0,3,5,3,3,0,1,0,0,0,0,0,0,5,5,0,5,6,7,1,0,0,0,0,1,0,0,6,0,0,0,0,7,15,9,0,0,0,0,0,3,0,0,0,0,0,0,9,17,18,5,0,1,0,0,0,0,1,1,3,0,3,11,12,15,14,10,11,14,0,9,3,0,0,7,28,21,22,23,22,22,21,21,17,20,0,15,12,0,0,15,17,19,20,20,20,20,17,19,22,15,0,22,20,0,15,18,17,19,20,21,20,21,25,23,18,24,0,18,25,19,21,21,24,24,21,18,15,19,19,12,12,23
0,0,0,0,0,0,0,0,0,0,0,0,0,0,0,0,0,0,0,0,0,0,0,0,0,0,0,0,0,1,0,0,0,0,0,0,0,0,0,0,3,3,1,3,3,3,3,0,0,1,1,0,0,0,6,3,12,1,0,3,3,6,1,0,0,1,0,0,0,0,0,3,3,3,6,0,9,10,5,0,1,3,0,0,0,3,0,0,6,5,0,0,3,7,7,0,9,0,0,0,0,0,0,0,1,1,0,5,7,10,10,1,7,0,0,0,0,0,0,0,0,1,0,1,7,3,3,1,1,0,1,0,1,0,1,1,5,1,0,0,7,5,0,0,0,0,3,0,0,0,7,0,1,3,0,15,17,3,0,0,0,0,0,0,0,7,3,0,0,0,15,15,12,1,0,0,0,0,0,0,1,0,1,0,12,14,15,15,13,12,13,12,6,15,0,0,0,18,22,22,25,20,21,21,21,18,19,18,15,12,11,0,7,22,18,20,20,20,20,19,18,22,20,14,15,23,12,7,9,19,21,18,21,21,22,22,25,19,19,24,15,20,22,13,26,22,23,24,19,15,17,21,15,12,18,18
0,0,0,0,0,0,0,0,0,0,0,0,0,0,0,0,0,0,0,0,0,0,0,0,0,0,0,0,0,0,0,0,0,0,0,0,0,0,0,1,5,3,3,3,3,1,1,0,3,1,0,0,0,0,3,6,5,0,0,1,5,5,1,0,1,1,0,0,0,0,0,3,6,0,0,3,14,9,3,0,1,0,0,0,0,0,0,3,11,1,0,3,6,9,6,3,0,0,0,0,7,0,0,0,5,1,0,6,5,7,6,0,1,0,0,0,0,0,0,0,6,0,0,3,5,3,3,0,1,0,0,0,0,0,0,5,5,0,5,6,7,1,0,0,0,0,1,0,0,6,0,0,0,0,7,15,9,0,0,0,0,0,3,0,0,0,0,0,0,9,17,18,5,0,1,1,0,0,0,1,1,3,0,3,11,12,15,14,10,11,14,1,9,3,0,0,7,28,21,22,23,22,22,21,21,17,20,3,15,12,0,0,15,17,19,20,20,20,20,17,19,22,15,3,22,20,0,15,18,17,19,20,21,20,21,25,23,18,24,10,18,25,19,21,21,24,24,21,18,15,19,19,12,12,23,3
0,0,0,0,0,0,0,0,0,0,0,0,0,1,1,1,0,0,0,0,0,0,0,0,0,1,3,1,1,1,1,0,0,0,1,0,0,0,0,1,7,9,0,1,3,5,3,3,0,9,1,0,0,0,0,0,3,6,0,0,5,9,6,3,0,0,0,0,0,1,1,0,3,10,1,1,3,10,9,3,0,0,0,0,0,0,0,0,5,11,1,0,3,7,9,7,0,1,0,0,0,0,0,0,0,7,0,0,7,6,7,5,0,1,0,0,0,0,0,0,1,3,0,0,7,6,1,3,0,1,0,1,0,0,0,13,6,3,0,7,7,10,3,0,0,0,0,0,0,1,0,0,0,1,0,5,23,6,0,0,0,0,0,1,0,1,3,0,0,5,14,23,11,5,3,5,0,5,0,0,0,0,5,20,23,21,20,14,18,18,15,18,0,12,12,0,0,13,19,17,17,21,22,23,20,18,19,18,0,21,15,0,0,18,19,20,21,20,19,19,22,23,20,15,0,19,23,10,31,22,21,20,18,19,19,23,24,18,17,27,0,19,21,19,12,18,21,21,21,18,15,15,14,9,13,18
0,0,0,0,0,0,0,0,0,0,0,0,0,0,1,3,0,0,0,0,0,0,0,0,0,3,3,1,3,1,0,0,0,0,0,0,0,0,1,1,12,5,0,3,3,5,3,0,0,5,0,0,0,0,0,3,5,1,0,0,7,12,3,0,3,3,0,0,0,0,0,0,6,7,3,0,5,9,7,0,7,1,0,0,0,0,0,0,3,0,0,1,3,6,10,0,9,0,0,1,0,0,0,0,0,3,0,1,7,9,7,1,5,0,0,0,1,0,0,1,3,1,0,1,5,3,3,0,0,0,3,0,1,0,10,3,3,1,1,7,9,10,0,0,0,0,0,0,0,3,3,0,1,1,3,14,13,3,0,0,0,0,0,0,1,1,0,0,1,3,21,20,13,3,5,7,0,0,0,1,0,7,15,20,26,21,15,15,20,17,18,17,13,12,7,0,0,24,17,15,19,22,23,21,18,18,19,17,15,19,7,0,7,15,20,21,20,20,20,21,22,24,18,18,14,23,19,7,18,22,21,20,19,19,20,23,21,14,19,21,13,15,21,15,20,18,20,21,20,15,15,15,12,12,18,23
0,0,0,0,0,0,0,0,0,0,0,0,1,1,1,0,0,0,0,0,0,0,0,0,1,3,1,1,1,1,0,0,0,1,0,0,0,0,1,7,9,0,1,3,5,3,3,0,9,1,0,0,0,0,0,3,6,0,0,5,9,6,3,0,0,0,0,0,1,1,0,3,10,1,1,3,10,9,3,0,0,0,0,0,0,0,0,5,11,1,0,3,7,9,7,0,1,0,0,0,0,0,0,0,7,0,0,7,6,7,5,0,1,0,0,0,0,0,0,1,3,0,0,7,6,1,3,0,1,0,1,0,0,0,13,6,3,0,7,7,10,3,0,0,0,0,0,0,1,0,0,0,1,0,5,23,6,0,0,0,0,0,1,0,1,3,0,0,5,14,23,11,5,3,5,1,5,0,0,0,0,5,20,23,21,20,14,18,18,15,18,3,12,12,0,0,13,19,17,17,21,22,23,20,18,19,18,3,21,15,0,0,18,19,20,21,20,19,19,22,23,20,15,7,19,23,10,31,22,21,20,18,19,19,23,24,18,17,27,7,19,21,19,12,18,21,21,21,18,15,15,14,9,13,18,1
0,0,0,0,0,0,0,0,0,0,0,0,0,0,0,0,0,0,0,0,0,0,0,0,1,5,3,3,3,3,1,1,0,3,1,0,0,0,0,3,6,5,0,0,1,5,5,1,0,1,1,0,0,0,0,0,3,6,0,0,3,14,9,3,0,1,0,0,0,0,0,0,3,11,1,0,3,6,9,6,0,0,0,0,0,7,0,0,0,5,1,0,6,5,7,6,0,1,0,0,0,0,0,0,0,6,0,0,3,5,3,3,0,1,0,0,0,0,0,0,5,5,0,5,6,7,1,0,0,0,0,1,0,0,6,0,0,0,0,7,15,9,0,0,0,0,0,3,0,0,0,0,0,0,9,17,18,5,0,1,0,0,0,0,1,1,3,0,3,11,12,15,14,10,11,14,0,9,3,0,0,7,28,21,22,23,22,22,21,21,17,20,0,15,12,0,0,15,17,19,20,20,20,20,17,19,22,15,0,22,20,0,15,18,17,19,20,21,20,21,25,23,18,24,0,18,25,19,21,21,24,24,21,18,15,19,19,12,12,23,0,3,1,1,0,0,1,0,1,0,3,0,1,1,9,0
0,0,0,0,0,0,0,0,0,0,0,0,0,1,0,0,0,0,0,0,0,0,0,0,3,3,1,3,3,3,3,0,0,1,1,0,0,0,6,3,12,1,0,3,3,6,1,0,0,1,0,0,0,0,0,3,3,3,6,0,9,10,5,0,1,3,0,0,0,3,0,0,6,5,0,0,3,7,7,0,9,0,0,0,0,0,0,0,1,1,0,5,7,10,10,1,7,0,0,0,0,0,0,0,0,1,0,1,7,3,3,1,1,0,1,0,1,0,1,1,5,1,0,0,7,5,0,0,0,0,3,0,0,0,7,0,1,3,0,15,17,3,0,0,0,0,0,0,0,7,3,0,0,0,15,15,12,1,0,0,0,0,0,0,1,0,1,0,12,14,15,15,13,12,13,12,6,15,0,0,0,18,22,22,25,20,21,21,21,18,19,18,15,12,11,0,7,22,18,20,20,20,20,19,18,22,20,14,15,23,12,7,9,19,21,18,21,21,22,22,25,19,19,24,15,20,22,13,26,22,23,24,19,15,17,21,15,12,18,18,3,1,1,0,0,1,0,1,1,0,3,0,1,6,6,5
0,0,0,0,0,0,0,0,0,0,0,0,0,0,0,0,0,0,0,0,0,0,0,1,5,3,3,3,3,1,1,0,3,1,0,0,0,0,3,6,5,0,0,1,5,5,1,0,1,1,0,0,0,0,0,3,6,0,0,3,14,9,3,0,1,0,0,0,0,0,0,3,11,1,0,3,6,9,6,3,0,0,0,0,7,0,0,0,5,1,0,6,5,7,6,0,1,0,0,0,0,0,0,0,6,0,0,3,5,3,3,0,1,0,0,0,0,0,0,5,5,0,5,6,7,1,0,0,0,0,1,0,0,6,0,0,0,0,7,15,9,0,0,0,0,0,3,0,0,0,0,0,0,9,17,18,5,0,1,1,0,0,0,1,1,3,0,3,11,12,15,14,10,11,14,1,9,3,0,0,7,28,21,22,23,22,22,21,21,17,20,3,15,12,0,0,15,17,19,20,20,20,20,17,19,22,15,3,22,20,0,15,18,17,19,20,21,20,21,25,23,18,24,10,18,25,19,21,21,24,24,21,18,15,19,19,12,12,23,3,3,1,1,0,0,1,0,1,0,3,0,1,1,9,0,1
0,0,0,0,0,0,0,0,0,0,0,0,0,0,0,0,0,0,1,0,0,0,1,0,0,1,3,3,3,1,1,5,0,0,0,0,0,0,0,0,0,0,11,7,0,0,0,0,0,0,0,0,0,0,0,10,7,11,0,0,11,7,0,0,0,7,0,0,0,0,7,3,11,11,0,11,0,18,12,3,0,11,0,0,0,0,0,0,14,12,7,0,9,11,18,1,0,5,0,0,6,0,0,0,6,14,1,0,14,3,15,15,0,14,0,0,7,0,0,0,6,7,1,3,11,10,7,6,0,7,0,0,0,0,0,0,0,10,0,7,10,6,0,7,0,0,1,12,0,7,0,3,7,1,0,0,21,13,3,0,0,0,0,10,3,1,13,6,0,0,3,15,18,3,0,0,0,1,0,6,3,7,3,1,0,7,19,18,15,5,1,3,0,0,0,0,3,0,19,7,9,17,15,14,15,15,12,15,0,12,1,0,1,25,18,15,15,18,19,17,13,9,15,13,0,18,11,1,0,23,14,18,14,17,15,15,12,20,13,3,0,17,15,9,1,18,13,12,15,14,14,14,18,13,7,18
0,0,0,0,0,0,0,0,0,0,0,0,0,0,0,0,0,0,0,1,0,0,1,0,0,1,3,3,1,1,3,7,0,0,0,0,0,0,0,0,0,12,9,3,0,0,0,0,0,0,0,0,0,0,3,6,13,3,1,6,10,10,0,0,7,18,0,0,0,0,5,11,9,3,1,6,7,19,0,0,0,10,0,0,0,0,0,9,7,11,0,10,10,11,15,0,0,3,0,0,0,0,1,1,15,10,0,0,9,10,18,3,0,3,0,0,11,0,0,3,0,12,0,11,10,7,7,3,0,1,12,0,6,0,0,0,6,3,0,7,11,3,0,1,0,1,0,0,0,0,5,11,3,0,7,6,19,3,0,0,0,0,0,9,0,7,1,0,15,0,6,21,18,1,0,0,0,0,0,11,0,7,3,0,3,10,22,17,12,3,1,3,11,0,0,0,0,12,9,7,15,15,15,14,15,14,13,14,31,1,1,3,0,23,15,15,17,19,18,15,10,13,15,7,26,17,1,3,18,15,15,15,15,17,15,12,15,19,3,10,25,17,13,0,28,14,10,14,14,14,13,17,15,10,14,20
0,0,0,0,0,0,0,0,0,0,0,0,0,0,0,0,0,1,0,0,0,1,0,0,1,3,3,3,1,1,5,15,0,0,0,0,0,0,0,0,0,11,7,0,0,0,0,15,0,0,0,0,0,0,10,7,11,0,0,11,7,0,0,13,7,0,0,0,0,7,3,11,11,0,11,0,18,12,3,13,11,0,0,0,0,0,0,14,12,7,0,9,11,18,1,11,5,0,0,6,0,0,0,6,14,1,0,14,3,15,15,3,14,0,0,7,0,0,0,6,7,1,3,11,10,7,6,15,7,0,0,0,0,0,0,0,10,0,7,10,6,0,7,11,0,1,12,0,7,0,3,7,1,0,0,21,13,3,0,15,0,0,10,3,1,13,6,0,0,3,15,18,3,0,0,10,1,0,6,3,7,3,1,0,7,19,18,15,5,1,3,1,0,0,0,3,0,19,7,9,17,15,14,15,15,12,15,0,12,1,0,1,25,18,15,15,18,19,17,13,9,15,13,1,18,11,1,0,23,14,18,14,17,15,15,12,20,13,3,3,17,15,9,1,18,13,12,15,14,14,14,18,13,7,18,1
0,1,3,3,3,1,5,1,1,5,5,5,3,6,3,7,0,0,0,0,0,0,0,0,0,0,6,3,0,1,0,3,0,0,0,0,0,0,0,0,0,10,3,6,7,1,0,0,0,3,0,0,0,0,0,11,15,9,0,3,7,15,7,1,0,15,0,0,0,1,0,0,11,9,1,6,7,14,15,3,0,3,0,0,0,0,0,1,11,13,1,0,9,7,15,12,0,12,0,0,11,0,1,1,3,13,1,0,14,3,15,12,0,12,0,0,0,0,1,0,0,12,1,5,10,11,0,3,0,1,1,5,0,0,0,10,6,5,1,11,10,7,3,0,0,0,0,14,1,7,0,3,7,0,11,0,26,13,0,0,0,0,0,5,3,1,15,0,0,7,3,25,20,3,1,0,0,1,0,5,1,3,3,0,0,13,21,13,12,14,9,15,0,1,1,0,1,3,20,15,17,17,19,17,15,11,13,14,0,17,1,1,0,29,13,15,15,18,17,14,13,12,17,1,0,15,15,1,1,18,15,17,15,15,14,17,15,21,7,14,0,17,15,14,11,21,15,14,13,15,12,15,15,3,12,20
0,3,3,3,3,3,3,1,3,5,5,3,5,5,5,7,0,0,0,0,0,0,0,0,0,0,6,0,0,1,0,3,0,0,0,0,0,0,0,0,7,11,6,7,9,0,0,0,0,0,0,0,0,0,6,15,11,1,0,5,6,17,0,0,3,13,0,0,1,1,0,10,7,7,0,11,7,19,6,1,0,1,0,0,0,0,1,1,14,13,0,1,11,12,21,0,0,1,0,0,5,0,0,5,6,11,0,5,9,7,12,5,0,3,7,0,13,0,0,0,3,7,0,5,12,6,1,3,0,1,7,1,0,1,0,3,6,0,0,9,15,5,0,0,0,0,0,1,1,0,3,7,7,3,9,12,21,0,0,0,0,0,0,11,1,0,0,0,13,1,15,26,10,3,0,1,0,0,0,3,0,3,3,0,7,13,18,12,14,10,10,15,26,0,0,0,0,27,17,15,17,18,17,17,15,12,14,14,28,13,0,3,10,15,15,15,17,17,17,13,11,15,12,1,28,18,10,1,28,15,13,17,17,15,15,15,19,15,9,15,22,17,15,12,19,18,15,12,14,14,13,15,11,3,17,19
1,3,3,3,1,5,1,1,5,5,5,3,6,3,7,13,0,0,0,0,0,0,0,0,0,6,3,0,1,0,3,15,0,0,0,0,0,0,0,0,10,3,6,7,1,0,0,14,3,0,0,0,0,0,11,15,9,0,3,7,15,7,1,13,15,0,0,0,1,0,0,11,9,1,6,7,14,15,3,14,3,0,0,0,0,0,1,11,13,1,0,9,7,15,12,3,12,0,0,11,0,1,1,3,13,1,0,14,3,15,12,11,12,0,0,0,0,1,0,0,12,1,5,10,11,0,3,14,1,1,5,0,0,0,10,6,5,1,11,10,7,3,0,11,0,0,14,1,7,0,3,7,0,11,0,26,13,0,0,15,0,0,5,3,1,15,0,0,7,3,25,20,3,1,0,3,1,0,5,1,3,3,0,0,13,21,13,12,14,9,15,0,1,1,0,1,3,20,15,17,17,19,17,15,11,13,14,0,17,1,1,0,29,13,15,15,18,17,14,13,12,17,1,3,15,15,1,1,18,15,17,15,15,14,17,15,21,7,14,3,17,15,14,11,21,15,14,13,15,12,15,15,3,12,20,1
0,0,1,0,0,0,1,0,0,1,3,3,3,1,1,5,0,0,0,0,0,0,0,0,0,0,11,7,0,0,0,0,0,0,0,0,0,0,0,10,7,11,0,0,11,7,0,0,0,7,0,0,0,0,7,3,11,11,0,11,0,18,12,3,0,11,0,0,0,0,0,0,14,12,7,0,9,11,18,1,0,5,0,0,6,0,0,0,6,14,1,0,14,3,15,15,0,14,0,0,7,0,0,0,6,7,1,3,11,10,7,6,0,7,0,0,0,0,0,0,0,10,0,7,10,6,0,7,0,0,1,12,0,7,0,3,7,1,0,0,21,13,3,0,0,0,0,10,3,1,13,6,0,0,3,15,18,3,0,0,0,1,0,6,3,7,3,1,0,7,19,18,15,5,1,3,0,0,0,0,3,0,19,7,9,17,15,14,15,15,12,15,0,12,1,0,1,25,18,15,15,18,19,17,13,9,15,13,0,18,11,1,0,23,14,18,14,17,15,15,12,20,13,3,0,17,15,9,1,18,13,12,15,14,14,14,18,13,7,18,0,18,15,15,17,20,15,17,14,9,9,18,12,0,15,23
0,0,0,1,0,0,1,0,0,1,3,3,1,1,3,7,0,0,0,0,0,0,0,0,0,12,9,3,0,0,0,0,0,0,0,0,0,0,3,6,13,3,1,6,10,10,0,0,7,18,0,0,0,0,5,11,9,3,1,6,7,19,0,0,0,10,0,0,0,0,0,9,7,11,0,10,10,11,15,0,0,3,0,0,0,0,1,1,15,10,0,0,9,10,18,3,0,3,0,0,11,0,0,3,0,12,0,11,10,7,7,3,0,1,12,0,6,0,0,0,6,3,0,7,11,3,0,1,0,1,0,0,0,0,5,11,3,0,7,6,19,3,0,0,0,0,0,9,0,7,1,0,15,0,6,21,18,1,0,0,0,0,0,11,0,7,3,0,3,10,22,17,12,3,1,3,11,0,0,0,0,12,9,7,15,15,15,14,15,14,13,14,31,1,1,3,0,23,15,15,17,19,18,15,10,13,15,7,26,17,1,3,18,15,15,15,15,17,15,12,15,19,3,10,25,17,13,0,28,14,10,14,14,14,13,17,15,10,14,20,20,19,15,15,17,18,18,17,10,7,15,15,5,1,25,17
0,1,0,0,0,1,0,0,1,3,3,3,1,1,5,15,0,0,0,0,0,0,0,0,0,11,7,0,0,0,0,15,0,0,0,0,0,0,10,7,11,0,0,11,7,0,0,13,7,0,0,0,0,7,3,11,11,0,11,0,18,12,3,13,11,0,0,0,0,0,0,14,12,7,0,9,11,18,1,11,5,0,0,6,0,0,0,6,14,1,0,14,3,15,15,3,14,0,0,7,0,0,0,6,7,1,3,11,10,7,6,15,7,0,0,0,0,0,0,0,10,0,7,10,6,0,7,11,0,1,12,0,7,0,3,7,1,0,0,21,13,3,0,15,0,0,10,3,1,13,6,0,0,3,15,18,3,0,0,10,1,0,6,3,7,3,1,0,7,19,18,15,5,1,3,1,0,0,0,3,0,19,7,9,17,15,14,15,15,12,15,0,12,1,0,1,25,18,15,15,18,19,17,13,9,15,13,1,18,11,1,0,23,14,18,14,17,15,15,12,20,13,3,3,17,15,9,1,18,13,12,15,14,14,14,18,13,7,18,1,18,15,15,17,20,15,17,14,9,9,18,12,0,15,23,3
0,0,0,0,0,0,0,0,0,0,0,0,0,0,0,0,0,0,5,1,3,3,3,3,3,1,5,3,1,0,3,3,0,0,3,3,5,0,1,5,5,7,1,0,0,1,3,3,0,7,3,3,3,1,10,0,0,0,1,10,0,10,1,3,0,13,0,3,3,3,1,1,5,3,1,9,6,3,7,3,0,6,1,7,1,0,6,12,5,9,0,1,10,0,7,3,0,3,0,6,6,0,0,3,6,13,0,12,9,1,6,3,0,0,12,1,14,0,0,10,1,15,0,6,3,0,0,7,0,0,3,1,1,0,0,19,7,5,0,1,6,0,9,3,0,0,0,10,0,0,0,0,0,0,5,0,12,0,1,5,0,0,0,13,0,11,3,0,5,5,9,14,3,3,5,7,0,0,0,10,0,3,7,0,9,9,0,1,1,0,0,0,0,0,3,0,0,27,1,0,0,3,1,0,0,0,0,0,0,0,0,1,10,10,1,1,0,0,0,0,0,0,0,0,0,0,0,0,13,1,0,0,0,0,0,0,0,0,0,10,0,3,0,0,1,3,0,1,1,0,0,0,0,0,0,3
0,0,0,0,0,0,0,0,0,0,0,0,0,0,0,0,5,3,3,3,3,3,1,3,1,3,5,3,1,3,3,6,5,0,3,3,3,0,12,1,10,1,0,0,0,1,1,7,3,6,3,3,1,0,0,0,0,1,1,6,3,7,3,7,0,0,3,3,3,3,1,10,3,3,1,7,6,7,3,3,3,0,10,3,0,10,5,6,6,3,3,6,1,5,9,3,7,0,11,7,0,12,0,13,0,0,6,13,0,3,3,7,6,0,14,1,0,0,0,7,9,0,3,5,1,0,3,7,0,0,11,3,0,0,15,7,5,0,5,6,1,1,11,3,0,0,11,0,3,7,0,0,5,0,0,14,1,0,1,7,0,0,7,0,0,15,0,0,11,7,15,7,3,3,10,3,0,1,3,0,0,15,0,6,12,5,0,3,1,0,0,0,0,0,3,0,11,17,0,0,1,1,0,0,0,0,0,0,0,0,0,0,25,1,0,0,0,0,0,0,0,0,0,0,0,0,0,0,13,0,0,0,0,0,0,0,0,0,0,1,1,0,0,0,3,1,3,3,0,0,0,0,0,0,3,0
0,0,0,0,0,0,0,0,0,0,0,0,0,0,0,0,0,5,1,3,3,3,3,3,1,5,3,1,0,3,3,0,0,3,3,5,0,1,5,5,7,1,0,0,1,3,3,0,7,3,3,3,1,10,0,0,0,1,10,0,10,1,3,0,13,0,3,3,3,1,1,5,3,1,9,6,3,7,3,0,6,1,7,1,0,6,12,5,9,0,1,10,0,7,3,1,3,0,6,6,0,0,3,6,13,0,12,9,1,6,3,0,0,12,1,14,0,0,10,1,15,0,6,3,0,0,7,1,0,3,1,1,0,0,19,7,5,0,1,6,0,9,3,1,0,0,10,0,0,0,0,0,0,5,0,12,0,1,5,0,0,0,13,0,11,3,0,5,5,9,14,3,3,5,7,0,0,0,10,0,3,7,0,9,9,0,1,1,0,0,0,0,0,3,0,0,27,1,0,0,3,1,0,0,0,0,0,0,0,0,1,10,10,1,1,0,0,0,0,0,0,0,0,0,0,0,0,13,1,0,0,0,0,0,0,0,0,0,10,0,3,0,0,1,3,0,1,1,0,0,0,0,0,0,3,0
0,7,9,7,9,10,9,7,12,11,9,7,7,7,9,11,0,0,5,1,3,3,0,3,1,5,1,1,1,1,1,3,0,0,1,1,3,1,9,10,7,0,1,0,1,3,3,3,0,7,0,3,3,5,1,0,0,3,1,13,1,10,5,3,0,11,1,7,0,0,3,12,3,7,1,1,6,1,7,3,0,6,0,3,0,0,0,7,6,12,0,10,13,0,6,3,0,0,5,1,12,0,0,1,7,13,0,7,5,3,0,3,0,0,10,0,7,0,0,14,3,11,0,6,10,0,3,10,0,0,1,7,1,0,10,3,0,0,15,0,18,5,3,1,0,0,0,12,1,1,0,3,3,0,0,19,1,3,3,10,0,0,0,17,0,6,1,0,3,3,6,0,1,3,3,3,0,0,0,0,0,19,17,0,3,0,0,1,0,0,0,0,0,0,1,1,0,23,0,0,1,3,0,0,0,0,0,0,0,0,0,0,15,1,0,1,0,0,0,0,0,0,0,0,0,0,0,0,3,1,0,0,0,0,0,0,0,0,0,3,0,0,0,0,0,1,0,0,0,0,0,1,0,0,6,1
11,7,10,7,10,7,7,10,12,9,9,7,7,7,9,11,6,3,3,3,5,0,3,1,1,5,1,1,1,1,3,5,3,3,1,3,3,0,17,9,3,1,0,3,0,6,3,6,1,0,3,3,5,5,0,1,0,1,3,7,9,6,3,5,0,0,9,3,0,0,3,11,3,6,3,5,1,3,7,5,3,0,7,3,0,9,0,11,7,1,3,13,0,5,6,3,7,0,15,3,0,0,0,12,5,0,5,12,3,1,1,7,1,0,11,3,0,0,3,1,9,0,1,10,3,1,10,3,0,0,13,0,3,0,7,3,1,0,6,12,10,3,3,6,0,0,7,0,0,13,1,0,13,1,3,12,3,3,7,7,0,0,7,1,0,1,0,0,3,7,1,1,1,3,3,1,0,1,0,0,0,25,3,3,1,0,1,0,0,0,0,0,0,0,3,0,24,3,0,1,3,1,0,0,0,0,0,0,0,0,0,0,17,3,0,0,0,0,0,0,0,0,0,6,0,0,0,0,7,0,0,0,0,0,0,0,0,0,0,0,0,0,0,0,0,0,0,1,0,0,3,0,0,0,7,0
7,9,7,9,10,9,7,12,11,9,7,7,7,9,11,0,0,5,1,3,3,0,3,1,5,1,1,1,1,1,3,0,0,1,1,3,1,9,10,7,0,1,0,1,3,3,3,0,7,0,3,3,5,1,0,0,3,1,13,1,10,5,3,0,11,1,7,0,0,3,12,3,7,1,1,6,1,7,3,1,6,0,3,0,0,0,7,6,12,0,10,13,0,6,3,1,0,5,1,12,0,0,1,7,13,0,7,5,3,0,3,1,0,10,0,7,0,0,14,3,11,0,6,10,0,3,10,0,0,1,7,1,0,10,3,0,0,15,0,18,5,3,1,1,0,0,12,1,1,0,3,3,0,0,19,1,3,3,10,0,0,0,17,0,6,1,0,3,3,6,0,1,3,3,3,1,0,0,0,0,19,17,0,3,0,0,1,0,0,0,0,1,0,1,1,0,23,0,0,1,3,0,0,0,0,0,0,0,0,0,0,15,1,0,1,0,0,0,0,0,0,0,0,0,0,0,0,3,1,0,0,0,0,0,0,0,0,0,3,0,0,0,0,0,1,0,0,0,0,0,1,0,0,6,1,0
0,0,5,1,3,3,3,3,3,1,5,3,1,0,3,3,0,0,3,3,5,0,1,5,5,7,1,0,0,1,3,3,0,7,3,3,3,1,10,0,0,0,1,10,0,10,1,3,0,13,0,3,3,3,1,1,5,3,1,9,6,3,7,3,0,6,1,7,1,0,6,12,5,9,0,1,10,0,7,3,0,3,0,6,6,0,0,3,6,13,0,12,9,1,6,3,0,0,12,1,14,0,0,10,1,15,0,6,3,0,0,7,0,0,3,1,1,0,0,19,7,5,0,1,6,0,9,3,0,0,0,10,0,0,0,0,0,0,5,0,12,0,1,5,0,0,0,13,0,11,3,0,5,5,9,14,3,3,5,7,0,0,0,10,0,3,7,0,9,9,0,1,1,0,0,0,0,0,3,0,0,27,1,0,0,3,1,0,0,0,0,0,0,0,0,1,10,10,1,1,0,0,0,0,0,0,0,0,0,0,0,0,13,1,0,0,0,0,0,0,0,0,0,10,0,3,0,0,1,3,0,1,1,0,0,0,0,0,0,3,0,0,0,0,0,0,0,0,0,0,0,0,0,0,3,0
5,3,3,3,3,3,1,3,1,3,5,3,1,3,3,6,5,0,3,3,3,0,12,1,10,1,0,0,0,1,1,7,3,6,3,3,1,0,0,0,0,1,1,6,3,7,3,7,0,0,3,3,3,3,1,10,3,3,1,7,6,7,3,3,3,0,10,3,0,10,5,6,6,3,3,6,1,5,9,3,7,0,11,7,0,12,0,13,0,0,6,13,0,3,3,7,6,0,14,1,0,0,0,7,9,0,3,5,1,0,3,7,0,0,11,3,0,0,15,7,5,0,5,6,1,1,11,3,0,0,11,0,3,7,0,0,5,0,0,14,1,0,1,7,0,0,7,0,0,15,0,0,11,7,15,7,3,3,10,3,0,1,3,0,0,15,0,6,12,5,0,3,1,0,0,0,0,0,3,0,11,17,0,0,1,1,0,0,0,0,0,0,0,0,0,0,25,1,0,0,0,0,0,0,0,0,0,0,0,0,0,0,13,0,0,0,0,0,0,0,0,0,0,1,1,0,0,0,3,1,3,3,0,0,0,0,0,0,3,0,0,0,0,0,0,0,0,0,0,0,0,0,0,5,1,0
0,5,1,3,3,3,3,3,1,5,3,1,0,3,3,0,0,3,3,5,0,1,5,5,7,1,0,0,1,3,3,0,7,3,3,3,1,10,0,0,0,1,10,0,10,1,3,0,13,0,3,3,3,1,1,5,3,1,9,6,3,7,3,0,6,1,7,1,0,6,12,5,9,0,1,10,0,7,3,1,3,0,6,6,0,0,3,6,13,0,12,9,1,6,3,0,0,12,1,14,0,0,10,1,15,0,6,3,0,0,7,1,0,3,1,1,0,0,19,7,5,0,1,6,0,9,3,1,0,0,10,0,0,0,0,0,0,5,0,12,0,1,5,0,0,0,13,0,11,3,0,5,5,9,14,3,3,5,7,0,0,0,10,0,3,7,0,9,9,0,1,1,0,0,0,0,0,3,0,0,27,1,0,0,3,1,0,0,0,0,0,0,0,0,1,10,10,1,1,0,0,0,0,0,0,0,0,0,0,0,0,13,1,0,0,0,0,0,0,0,0,0,10,0,3,0,0,1,3,0,1,1,0,0,0,0,0,0,3,0,0,0,0,0,0,0,0,0,0,0,0,0,0,3,0,0
0,0,0,0,0,0,0,0,0,0,0,0,0,0,0,0,0,11,7,11,10,10,9,9,10,11,7,6,7,11,12,14,0,14,11,10,9,10,17,3,6,6,12,12,10,9,12,11,0,3,9,11,11,13,0,9,7,17,13,1,7,13,10,12,0,5,21,7,9,6,12,7,13,15,1,1,7,15,18,13,0,0,0,3,3,3,3,0,10,14,20,0,7,15,17,14,0,3,0,3,15,1,3,3,3,15,20,3,0,7,12,17,0,3,0,3,14,6,13,1,1,3,7,0,9,14,13,10,0,1,1,3,3,10,3,1,0,7,5,1,6,10,5,9,0,1,3,3,5,9,0,1,12,5,6,1,5,17,14,13,0,3,0,0,7,0,7,6,3,1,1,7,17,14,12,5,0,3,0,0,9,6,3,0,3,0,13,17,20,7,0,0,0,0,3,3,5,0,0,0,0,6,11,9,7,7,7,7,0,7,0,7,3,0,10,10,12,13,12,11,7,3,3,5,0,3,10,0,3,7,9,10,9,9,7,7,3,7,6,0,0,3,7,11,0,10,7,6,7,10,7,7,7,10,0,6
0,0,0,0,0,0,0,0,0,0,0,0,0,0,0,0,3,10,7,10,11,10,7,10,10,9,7,7,9,11,14,14,3,11,10,10,10,14,1,7,1,7,9,12,11,7,12,13,1,0,12,10,11,12,0,9,15,17,5,6,14,13,12,11,10,15,6,10,9,5,13,7,14,7,6,3,7,14,15,14,0,14,0,7,15,3,0,1,12,7,12,3,14,13,21,10,0,1,3,12,0,3,3,3,14,13,0,1,12,12,15,20,0,7,3,7,14,3,1,1,1,12,0,0,14,10,12,14,1,1,1,7,11,7,1,0,0,15,0,1,10,9,6,15,3,0,0,0,3,0,0,7,0,18,0,1,14,11,13,11,3,0,0,1,0,7,12,9,3,0,5,12,19,13,6,7,3,3,0,3,5,3,0,0,0,9,18,18,14,5,0,3,1,1,3,7,3,0,0,0,1,10,9,9,7,7,6,7,10,6,0,6,0,3,10,11,12,12,11,11,6,3,7,3,5,6,7,3,1,12,9,10,7,9,9,5,3,7,0,0,7,6,6,1,3,10,5,7,10,9,7,7,9,7,0,12
0,0,0,0,0,0,0,0,0,0,0,0,0,0,0,0,11,7,11,10,10,9,9,10,11,7,6,7,11,12,14,18,14,11,10,9,10,17,3,6,6,12,12,10,9,12,11,17,3,9,11,11,13,0,9,7,17,13,1,7,13,10,12,15,5,21,7,9,6,12,7,13,15,1,1,7,15,18,13,14,0,0,3,3,3,3,0,10,14,20,0,7,15,17,14,15,3,0,3,15,1,3,3,3,15,20,3,0,7,12,17,13,3,0,3,14,6,13,1,1,3,7,0,9,14,13,10,19,1,1,3,3,10,3,1,0,7,5,1,6,10,5,9,15,1,3,3,5,9,0,1,12,5,6,1,5,17,14,13,13,3,0,0,7,0,7,6,3,1,1,7,17,14,12,5,12,3,0,0,9,6,3,0,3,0,13,17,20,7,0,0,0,0,3,3,5,0,0,0,0,6,11,9,7,7,7,7,0,7,0,7,3,0,10,10,12,13,12,11,7,3,3,5,0,3,10,0,3,7,9,10,9,9,7,7,3,7,6,0,0,3,7,11,0,10,7,6,7,10,7,7,7,10,0,6,3
0,13,13,12,13,12,13,13,14,14,14,12,12,13,13,14,0,13,11,12,11,12,11,7,9,9,9,7,7,7,13,14,0,10,9,9,9,11,7,3,6,5,14,7,15,13,10,11,0,11,10,10,10,9,6,11,17,19,11,0,10,7,15,13,0,5,20,3,12,15,5,0,9,10,6,0,7,15,20,10,0,1,0,3,0,7,3,1,13,15,24,0,0,15,12,20,0,3,0,3,17,1,3,1,1,15,15,1,3,10,13,15,0,3,0,1,12,7,13,0,0,6,3,0,7,15,9,9,0,1,3,3,0,0,0,0,6,10,1,3,6,11,7,13,0,1,1,1,0,11,1,1,14,3,5,6,15,23,15,10,0,3,0,0,12,5,17,7,1,7,5,12,20,3,3,0,0,1,3,0,10,1,1,0,0,0,12,17,7,7,5,6,0,0,1,7,1,0,6,12,13,12,13,10,10,7,7,7,0,5,7,3,3,0,10,7,10,11,10,7,7,3,6,0,0,3,7,1,0,6,9,9,11,9,7,7,7,10,7,0,0,5,7,7,5,12,12,7,6,7,6,7,9,3,0,3
3,12,12,14,13,14,11,14,15,14,13,12,14,13,14,15,3,12,9,11,9,14,5,9,10,7,9,5,6,12,13,15,1,10,11,10,10,3,3,0,9,13,9,10,13,9,13,11,3,0,13,10,10,12,7,13,21,11,7,1,10,15,13,12,13,11,3,9,18,0,7,3,9,12,3,9,10,18,15,15,3,9,1,13,3,3,0,1,10,12,11,1,10,13,17,14,1,5,3,7,9,3,3,3,5,13,0,1,12,10,14,18,1,3,3,7,15,7,1,0,3,9,0,1,10,14,7,13,1,0,3,3,11,7,3,0,3,9,0,3,13,9,6,15,3,0,0,0,0,5,14,14,3,6,20,1,18,14,14,10,3,0,0,1,21,3,9,3,0,3,3,22,20,5,0,3,3,3,0,3,6,3,0,0,0,0,18,12,7,3,5,7,10,0,1,6,0,0,11,11,13,12,11,7,9,7,7,7,5,9,0,6,0,7,9,9,11,11,9,7,3,3,3,0,7,7,10,0,0,9,7,11,11,7,6,7,7,9,0,1,1,6,6,10,9,13,9,3,7,6,7,9,9,0,0,14
13,13,12,13,12,13,13,14,14,14,12,12,13,13,14,11,13,11,12,11,12,11,7,9,9,9,7,7,7,13,14,18,10,9,9,9,11,7,3,6,5,14,7,15,13,10,11,15,11,10,10,10,9,6,11,17,19,11,0,10,7,15,13,14,5,20,3,12,15,5,0,9,10,6,0,7,15,20,10,15,1,0,3,0,7,3,1,13,15,24,0,0,15,12,20,12,3,0,3,17,1,3,1,1,15,15,1,3,10,13,15,15,3,0,1,12,7,13,0,0,6,3,0,7,15,9,9,19,1,3,3,0,0,0,0,6,10,1,3,6,11,7,13,14,1,1,1,0,11,1,1,14,3,5,6,15,23,15,10,14,3,0,0,12,5,17,7,1,7,5,12,20,3,3,0,9,1,3,0,10,1,1,0,0,0,12,17,7,7,5,6,1,0,1,7,1,0,6,12,13,12,13,10,10,7,7,7,0,5,7,3,3,0,10,7,10,11,10,7,7,3,6,0,0,3,7,1,0,6,9,9,11,9,7,7,7,10,7,0,5,5,7,7,5,12,12,7,6,7,6,7,9,3,0,3,0
0,11,7,11,10,10,9,9,10,11,7,6,7,11,12,14,0,14,11,10,9,10,17,3,6,6,12,12,10,9,12,11,0,3,9,11,11,13,0,9,7,17,13,1,7,13,10,12,0,5,21,7,9,6,12,7,13,15,1,1,7,15,18,13,0,0,0,3,3,3,3,0,10,14,20,0,7,15,17,14,0,3,0,3,15,1,3,3,3,15,20,3,0,7,12,17,0,3,0,3,14,6,13,1,1,3,7,0,9,14,13,10,0,1,1,3,3,10,3,1,0,7,5,1,6,10,5,9,0,1,3,3,5,9,0,1,12,5,6,1,5,17,14,13,0,3,0,0,7,0,7,6,3,1,1,7,17,14,12,5,0,3,0,0,9,6,3,0,3,0,13,17,20,7,0,0,0,0,3,3,5,0,0,0,0,6,11,9,7,7,7,7,0,7,0,7,3,0,10,10,12,13,12,11,7,3,3,5,0,3,10,0,3,7,9,10,9,9,7,7,3,7,6,0,0,3,7,11,0,10,7,6,7,10,7,7,7,10,0,6,0,9,12,11,15,19,18,20,15,9,5,9,11,0,0,11
3,10,7,10,11,10,7,10,10,9,7,7,9,11,14,14,3,11,10,10,10,14,1,7,1,7,9,12,11,7,12,13,1,0,12,10,11,12,0,9,15,17,5,6,14,13,12,11,10,15,6,10,9,5,13,7,14,7,6,3,7,14,15,14,0,14,0,7,15,3,0,1,12,7,12,3,14,13,21,10,0,1,3,12,0,3,3,3,14,13,0,1,12,12,15,20,0,7,3,7,14,3,1,1,1,12,0,0,14,10,12,14,1,1,1,7,11,7,1,0,0,15,0,1,10,9,6,15,3,0,0,0,3,0,0,7,0,18,0,1,14,11,13,11,3,0,0,1,0,7,12,9,3,0,5,12,19,13,6,7,3,3,0,3,5,3,0,0,0,9,18,18,14,5,0,3,1,1,3,7,3,0,0,0,1,10,9,9,7,7,6,7,10,6,0,6,0,3,10,11,12,12,11,11,6,3,7,3,5,6,7,3,1,12,9,10,7,9,9,5,3,7,0,0,7,6,6,1,3,10,5,7,10,9,7,7,9,7,0,12,3,12,11,12,15,19,17,18,12,6,5,13,6,0,5,14
11,7,11,10,10,9,9,10,11,7,6,7,11,12,14,18,14,11,10,9,10,17,3,6,6,12,12,10,9,12,11,17,3,9,11,11,13,0,9,7,17,13,1,7,13,10,12,15,5,21,7,9,6,12,7,13,15,1,1,7,15,18,13,14,0,0,3,3,3,3,0,10,14,20,0,7,15,17,14,15,3,0,3,15,1,3,3,3,15,20,3,0,7,12,17,13,3,0,3,14,6,13,1,1,3,7,0,9,14,13,10,19,1,1,3,3,10,3,1,0,7,5,1,6,10,5,9,15,1,3,3,5,9,0,1,12,5,6,1,5,17,14,13,13,3,0,0,7,0,7,6,3,1,1,7,17,14,12,5,12,3,0,0,9,6,3,0,3,0,13,17,20,7,0,0,0,0,3,3,5,0,0,0,0,6,11,9,7,7,7,7,0,7,0,7,3,0,10,10,12,13,12,11,7,3,3,5,0,3,10,0,3,7,9,10,9,9,7,7,3,7,6,0,0,3,7,11,0,10,7,6,7,10,7,7,7,10,0,6,3,9,12,11,15,19,18,20,15,9,5,9,11,0,0,11,3
0,0,0,0,0,0,0,0,0,0,0,0,0,0,0,0,0,0,0,0,0,0,0,0,0,0,0,0,0,0,0,0,0,0,0,0,0,0,0,0,0,0,6,3,3,3,3,0,0,0,3,0,0,0,0,0,3,11,13,1,9,6,13,5,0,0,10,0,0,0,0,0,3,10,21,0,5,10,12,20,0,0,7,0,3,0,0,0,0,9,20,1,0,13,15,13,0,0,0,0,0,0,0,0,0,5,25,0,0,15,13,13,0,0,0,0,0,15,0,0,0,5,19,0,0,10,14,3,0,1,0,0,0,7,5,0,0,3,5,0,0,17,7,1,0,0,0,0,11,0,0,0,0,15,0,9,1,15,12,0,0,0,0,0,11,0,1,7,0,0,5,7,29,29,3,0,0,6,0,0,15,0,0,3,0,0,11,27,26,19,11,5,0,28,0,1,0,0,0,14,15,18,25,27,26,26,23,23,0,18,25,5,0,0,21,26,27,29,30,31,28,25,26,26,0,23,25,25,0,7,25,22,27,30,29,26,29,27,28,18,0,19,30,15,33,21,31,31,28,27,24,24,30,31,17,25
0,0,0,0,0,0,0,0,0,0,0,0,0,0,0,0,0,0,0,0,0,0,0,0,0,0,0,0,0,0,0,0,0,0,0,0,0,0,0,0,0,3,6,1,5,7,0,0,0,0,0,0,0,0,0,0,11,17,0,3,5,3,15,1,0,1,3,0,0,0,0,0,17,7,11,0,12,14,15,6,3,0,0,0,3,0,0,0,9,19,12,1,7,14,7,27,1,11,0,0,1,0,0,0,1,14,3,0,6,12,15,10,7,6,0,0,0,3,0,0,0,0,0,0,7,15,9,12,10,0,0,7,0,3,0,0,0,0,0,0,7,12,6,0,9,0,0,12,0,0,0,0,0,0,0,1,13,18,0,0,11,0,0,0,0,1,23,5,0,17,6,13,26,11,0,0,9,0,0,0,11,0,7,0,0,3,18,31,25,17,7,10,0,15,0,0,0,0,11,12,20,22,27,26,28,23,25,25,7,18,28,0,0,13,24,26,27,30,31,29,26,24,28,23,10,27,19,19,0,19,27,24,29,30,28,28,27,31,26,22,10,28,28,11,9,28,31,30,29,26,21,26,34,20,15,20
0,0,0,0,0,0,0,0,0,0,0,0,0,0,0,0,0,0,0,0,0,0,0,0,0,0,0,0,0,0,0,1,0,0,0,0,0,0,0,0,0,6,3,3,3,3,0,0,0,3,0,0,0,0,0,3,11,13,1,9,6,13,5,0,0,10,0,0,0,0,0,3,10,21,0,5,10,12,20,1,0,7,0,3,0,0,0,0,9,20,1,0,13,15,13,17,0,0,0,0,0,0,0,0,5,25,0,0,15,13,13,21,0,0,0,0,15,0,0,0,5,19,0,0,10,14,3,6,1,0,0,0,7,5,0,0,3,5,0,0,17,7,1,1,0,0,0,11,0,0,0,0,15,0,9,1,15,12,0,0,0,0,0,11,0,1,7,0,0,5,7,29,29,3,0,1,6,0,0,15,0,0,3,0,0,11,27,26,19,11,5,12,28,0,1,0,0,0,14,15,18,25,27,26,26,23,23,22,18,25,5,0,0,21,26,27,29,30,31,28,25,26,26,15,23,25,25,0,7,25,22,27,30,29,26,29,27,28,18,26,19,30,15,33,21,31,31,28,27,24,24,30,31,17,25,36
0,0,0,0,0,0,0,0,0,0,0,0,0,0,0,0,0,0,0,0,0,0,0,0,0,0,0,0,5,5,0,0,0,0,0,0,0,0,0,0,0,7,14,7,5,3,11,0,0,0,15,0,0,0,0,0,5,9,17,0,6,10,10,13,0,1,11,0,0,0,0,0,0,13,15,0,0,15,13,22,0,0,0,0,0,0,0,0,0,9,27,0,0,14,14,9,0,0,0,0,0,12,0,0,0,5,19,0,0,12,13,10,0,1,0,0,0,10,0,0,0,0,14,0,0,15,11,0,0,1,0,0,0,0,0,0,0,7,0,5,1,15,7,0,0,0,0,0,15,0,7,7,1,10,3,0,14,20,12,0,0,0,0,0,22,1,0,3,0,0,1,22,25,22,11,1,0,25,0,3,0,0,0,5,3,6,21,26,27,21,21,19,0,15,19,1,0,0,15,23,25,27,29,29,30,27,24,25,0,21,20,23,0,0,24,24,29,29,30,30,26,22,29,23,0,22,29,10,11,17,28,26,24,27,26,27,29,33,22,18,0,21,31,28,28,28,31,30,31,30,25,22,30,27,10,29
0,0,0,0,0,0,0,0,0,0,0,0,0,0,0,0,0,0,0,0,0,0,0,0,0,0,0,1,3,0,0,0,0,0,0,0,0,0,0,0,0,12,6,5,9,7,6,0,0,0,3,0,0,0,0,0,15,17,0,3,7,11,17,1,0,6,0,1,0,0,0,0,11,7,18,1,10,14,9,20,0,3,0,0,14,0,0,0,3,19,7,0,7,9,14,17,3,9,0,0,0,0,0,0,5,1,0,0,7,17,13,10,9,1,0,3,0,6,0,0,0,0,0,0,11,11,3,7,7,0,0,14,0,0,0,0,3,0,5,0,7,15,7,0,10,0,0,0,3,0,13,6,1,14,0,12,23,13,0,0,11,0,0,1,1,0,14,0,0,0,15,21,22,14,1,6,1,1,0,0,0,0,1,0,3,20,26,26,25,23,20,20,0,24,3,0,0,0,21,25,27,28,29,29,28,24,24,25,11,22,31,0,0,19,24,28,29,29,29,31,24,26,29,19,7,28,23,23,0,26,30,23,26,27,28,27,31,27,15,26,13,25,28,20,27,31,30,31,31,29,20,26,31,19,14,24
0,0,0,0,0,0,0,0,0,0,0,0,0,0,0,11,0,0,0,0,0,0,0,0,0,0,0,5,5,0,0,0,0,0,0,0,0,0,0,0,7,14,7,5,3,11,0,0,0,15,0,0,0,0,0,5,9,17,0,6,10,10,13,0,1,11,0,0,0,0,0,0,13,15,0,0,15,13,22,5,0,0,0,0,0,0,0,0,9,27,0,0,14,14,9,26,0,0,0,0,12,0,0,0,5,19,0,0,12,13,10,11,1,0,0,0,10,0,0,0,0,14,0,0,15,11,0,3,1,0,0,0,0,0,0,0,7,0,5,1,15,7,0,0,0,0,0,15,0,7,7,1,10,3,0,14,20,12,0,0,0,0,0,22,1,0,3,0,0,1,22,25,22,11,1,13,25,0,3,0,0,0,5,3,6,21,26,27,21,21,19,20,15,19,1,0,0,15,23,25,27,29,29,30,27,24,25,15,21,20,23,0,0,24,24,29,29,30,30,26,22,29,23,21,22,29,10,11,17,28,26,24,27,26,27,29,33,22,18,33,21,31,28,28,28,31,30,31,30,25,22,30,27,10,29,28
0,0,0,0,0,0,0,0,0,0,0,0,0,0,0,0,0,0,0,0,0,0,0,0,0,0,6,3,3,3,3,0,0,0,3,0,0,0,0,0,3,11,13,1,9,6,13,5,0,0,10,0,0,0,0,0,3,10,21,0,5,10,12,20,0,0,7,0,3,0,0,0,0,9,20,1,0,13,15,13,0,0,0,0,0,0,0,0,0,5,25,0,0,15,13,13,0,0,0,0,0,15,0,0,0,5,19,0,0,10,14,3,0,1,0,0,0,7,5,0,0,3,5,0,0,17,7,1,0,0,0,0,11,0,0,0,0,15,0,9,1,15,12,0,0,0,0,0,11,0,1,7,0,0,5,7,29,29,3,0,0,6,0,0,15,0,0,3,0,0,11,27,26,19,11,5,0,28,0,1,0,0,0,14,15,18,25,27,26,26,23,23,0,18,25,5,0,0,21,26,27,29,30,31,28,25,26,26,0,23,25,25,0,7,25,22,27,30,29,26,29,27,28,18,0,19,30,15,33,21,31,31,28,27,24,24,30,31,17,25,0,15,17,15,15,15,20,17,15,15,14,12,13,11,7,12
0,0,0,0,0,0,0,0,0,0,0,0,0,0,0,0,0,0,0,0,0,0,0,0,0,3,6,1,5,7,0,0,0,0,0,0,0,0,0,0,11,17,0,3,5,3,15,1,0,1,3,0,0,0,0,0,17,7,11,0,12,14,15,6,3,0,0,0,3,0,0,0,9,19,12,1,7,14,7,27,1,11,0,0,1,0,0,0,1,14,3,0,6,12,15,10,7,6,0,0,0,3,0,0,0,0,0,0,7,15,9,12,10,0,0,7,0,3,0,0,0,0,0,0,7,12,6,0,9,0,0,12,0,0,0,0,0,0,0,1,13,18,0,0,11,0,0,0,0,1,23,5,0,17,6,13,26,11,0,0,9,0,0,0,11,0,7,0,0,3,18,31,25,17,7,10,0,15,0,0,0,0,11,12,20,22,27,26,28,23,25,25,7,18,28,0,0,13,24,26,27,30,31,29,26,24,28,23,10,27,19,19,0,19,27,24,29,30,28,28,27,31,26,22,10,28,28,11,9,28,31,30,29,26,21,26,34,20,15,20,5,12,17,15,17,18,18,15,17,15,12,15,15,10,7,18
0,0,0,0,0,0,0,0,0,0,0,0,0,0,0,1,0,0,0,0,0,0,0,0,0,6,3,3,3,3,0,0,0,3,0,0,0,0,0,3,11,13,1,9,6,13,5,0,0,10,0,0,0,0,0,3,10,21,0,5,10,12,20,1,0,7,0,3,0,0,0,0,9,20,1,0,13,15,13,17,0,0,0,0,0,0,0,0,5,25,0,0,15,13,13,21,0,0,0,0,15,0,0,0,5,19,0,0,10,14,3,6,1,0,0,0,7,5,0,0,3,5,0,0,17,7,1,1,0,0,0,11,0,0,0,0,15,0,9,1,15,12,0,0,0,0,0,11,0,1,7,0,0,5,7,29,29,3,0,1,6,0,0,15,0,0,3,0,0,11,27,26,19,11,5,12,28,0,1,0,0,0,14,15,18,25,27,26,26,23,23,22,18,25,5,0,0,21,26,27,29,30,31,28,25,26,26,15,23,25,25,0,7,25,22,27,30,29,26,29,27,28,18,26,19,30,15,33,21,31,31,28,27,24,24,30,31,17,25,36,15,17,15,15,15,20,17,15,15,14,12,13,11,7,12,0
0,0,0,0,0,0,0,0,0,0,0,0,0,0,0,0,0,1,1,1,3,3,1,3,3,3,7,9,7,6,9,10,0,3,1,1,1,3,0,7,3,6,3,14,15,7,3,9,0,15,3,1,1,0,3,5,6,10,1,11,15,26,9,3,0,34,0,0,1,7,0,15,20,19,3,17,10,20,27,1,0,12,0,7,3,0,0,9,22,26,1,0,24,19,31,13,0,0,3,7,3,1,1,5,15,39,0,7,18,7,21,27,0,0,7,1,22,1,0,0,9,25,0,6,19,12,7,21,0,0,0,5,13,0,1,11,3,15,0,3,15,3,7,9,0,1,1,21,3,11,3,1,13,0,11,0,25,10,1,3,0,0,0,21,0,7,11,0,7,14,10,28,21,12,1,5,0,0,0,13,0,13,17,1,3,25,29,21,20,11,0,3,0,0,0,0,0,3,3,3,3,12,14,14,12,11,11,14,0,26,1,1,3,11,18,19,19,18,17,14,13,13,10,7,0,22,17,1,9,18,13,20,15,14,14,14,10,14,7,19,0,28,17,14,5,21,13,14,17,15,15,19,13,1,19,31
0,0,0,0,0,0,0,0,0,0,0,0,0,0,0,0,12,1,1,1,3,1,1,3,3,6,9,7,6,9,9,13,11,1,1,1,1,1,13,1,7,3,7,15,7,1,5,10,10,1,1,1,1,1,1,12,11,1,5,12,20,24,3,10,17,11,0,1,0,3,0,26,19,5,1,17,15,28,10,6,9,0,15,7,1,17,0,11,17,11,0,21,15,23,33,3,12,0,10,12,1,0,0,15,15,1,0,18,10,15,28,24,13,0,13,1,1,1,0,5,13,0,0,15,15,7,19,22,0,0,29,1,18,1,3,0,5,1,1,17,9,5,12,7,0,0,15,1,20,0,0,0,11,6,3,14,12,1,3,6,0,0,0,0,0,26,3,0,28,3,18,26,15,7,7,7,1,0,1,0,0,34,5,3,15,28,22,21,21,3,3,3,0,1,0,0,3,5,3,3,7,17,13,13,10,13,13,15,19,7,3,0,3,9,19,19,19,19,15,13,13,13,7,11,15,21,3,1,17,17,15,19,15,14,14,10,13,7,12,7,15,19,19,3,15,14,12,17,15,14,18,18,6,6,27,27
0,0,0,0,0,0,0,0,0,0,0,0,0,0,0,0,1,1,1,3,3,1,3,3,3,7,9,7,6,9,10,1,3,1,1,1,3,0,7,3,6,3,14,15,7,3,9,1,15,3,1,1,0,3,5,6,10,1,11,15,26,9,3,1,34,0,0,1,7,0,15,20,19,3,17,10,20,27,1,1,12,0,7,3,0,0,9,22,26,1,0,24,19,31,13,1,0,3,7,3,1,1,5,15,39,0,7,18,7,21,27,0,0,7,1,22,1,0,0,9,25,0,6,19,12,7,21,1,0,0,5,13,0,1,11,3,15,0,3,15,3,7,9,1,1,1,21,3,11,3,1,13,0,11,0,25,10,1,3,1,0,0,21,0,7,11,0,7,14,10,28,21,12,1,5,0,0,0,13,0,13,17,1,3,25,29,21,20,11,0,3,0,0,0,0,0,3,3,3,3,12,14,14,12,11,11,14,0,26,1,1,3,11,18,19,19,18,17,14,13,13,10,7,7,22,17,1,9,18,13,20,15,14,14,14,10,14,7,19,0,28,17,14,5,21,13,14,17,15,15,19,13,1,19,31,0
0,5,6,3,5,5,3,5,6,6,6,6,3,3,3,6,0,3,1,0,1,1,0,0,1,7,6,7,5,3,7,9,0,3,0,1,1,0,1,13,6,3,1,14,21,20,3,6,0,20,3,0,1,3,3,12,19,20,1,15,9,28,21,1,0,34,1,5,3,0,0,10,17,19,3,5,17,19,33,1,0,0,0,6,3,3,1,10,19,31,1,3,24,12,24,22,0,0,1,1,18,1,0,0,15,35,0,3,15,10,12,22,0,0,6,1,19,0,0,3,0,21,0,9,24,12,7,15,0,0,0,15,7,0,1,0,6,6,3,0,27,9,7,5,0,1,1,26,1,9,3,5,18,1,15,24,19,13,3,5,0,0,0,19,1,15,1,0,1,22,9,13,20,6,1,7,0,0,0,3,0,3,17,1,3,6,19,24,14,12,7,11,0,3,0,0,3,5,13,20,23,22,17,14,11,12,13,10,0,26,6,3,3,14,12,19,17,18,15,13,13,13,1,11,0,24,19,0,3,15,12,18,19,12,13,15,14,7,12,23,0,24,18,22,21,27,20,15,13,9,15,21,12,1,21,26
11,3,6,3,6,3,3,5,7,5,7,5,5,3,5,6,11,1,1,1,1,1,3,1,0,5,5,7,7,6,7,12,12,0,3,1,1,1,18,9,10,3,7,22,22,15,1,7,13,9,1,1,1,1,3,23,22,1,6,9,17,26,1,7,12,7,15,3,1,9,1,21,14,9,1,19,12,26,23,3,6,0,13,7,3,1,0,12,23,6,0,22,13,22,33,11,14,0,7,9,1,0,0,15,14,0,0,19,15,7,21,28,7,0,24,1,1,1,0,0,10,0,1,17,18,10,15,14,0,0,27,3,19,0,1,0,5,5,3,23,20,3,7,9,0,0,3,0,3,26,5,0,25,5,19,18,13,6,5,6,0,0,0,0,0,7,0,0,21,20,11,20,10,0,7,7,1,1,0,0,1,17,1,1,1,14,24,17,13,9,12,13,11,1,1,0,3,7,18,23,23,20,14,14,11,13,14,9,15,19,1,3,15,18,18,15,18,17,15,12,14,7,3,11,15,18,14,1,20,14,15,21,14,12,15,17,10,7,18,12,11,19,18,20,24,20,17,15,10,7,22,21,3,3,28,25
5,6,3,5,5,3,5,6,6,6,6,3,3,3,6,0,3,1,0,1,1,0,0,1,7,6,7,5,3,7,9,1,3,0,1,1,0,1,13,6,3,1,14,21,20,3,6,1,20,3,0,1,3,3,12,19,20,1,15,9,28,21,1,1,34,1,5,3,0,0,10,17,19,3,5,17,19,33,1,1,0,0,6,3,3,1,10,19,31,1,3,24,12,24,22,1,0,1,1,18,1,0,0,15,35,0,3,15,10,12,22,0,0,6,1,19,0,0,3,0,21,0,9,24,12,7,15,1,0,0,15,7,0,1,0,6,6,3,0,27,9,7,5,0,1,1,26,1,9,3,5,18,1,15,24,19,13,3,5,1,0,0,19,1,15,1,0,1,22,9,13,20,6,1,7,0,0,0,3,0,3,17,1,3,6,19,24,14,12,7,11,0,3,0,0,3,5,13,20,23,22,17,14,11,12,13,10,3,26,6,3,3,14,12,19,17,18,15,13,13,13,1,11,0,24,19,0,3,15,12,18,19,12,13,15,14,7,12,23,0,24,18,22,21,27,20,15,13,9,15,21,12,1,21,26,0
0,1,1,1,3,3,1,3,3,3,7,9,7,6,9,10,0,3,1,1,1,3,0,7,3,6,3,14,15,7,3,9,0,15,3,1,1,0,3,5,6,10,1,11,15,26,9,3,0,34,0,0,1,7,0,15,20,19,3,17,10,20,27,1,0,12,0,7,3,0,0,9,22,26,1,0,24,19,31,13,0,0,3,7,3,1,1,5,15,39,0,7,18,7,21,27,0,0,7,1,22,1,0,0,9,25,0,6,19,12,7,21,0,0,0,5,13,0,1,11,3,15,0,3,15,3,7,9,0,1,1,21,3,11,3,1,13,0,11,0,25,10,1,3,0,0,0,21,0,7,11,0,7,14,10,28,21,12,1,5,0,0,0,13,0,13,17,1,3,25,29,21,20,11,0,3,0,0,0,0,0,3,3,3,3,12,14,14,12,11,11,14,0,26,1,1,3,11,18,19,19,18,17,14,13,13,10,7,0,22,17,1,9,18,13,20,15,14,14,14,10,14,7,19,0,28,17,14,5,21,13,14,17,15,15,19,13,1,19,31,0,10,7,9,11,14,11,11,3,0,0,9,3,0,5,10
12,1,1,1,3,1,1,3,3,6,9,7,6,9,9,13,11,1,1,1,1,1,13,1,7,3,7,15,7,1,5,10,10,1,1,1,1,1,1,12,11,1,5,12,20,24,3,10,17,11,0,1,0,3,0,26,19,5,1,17,15,28,10,6,9,0,15,7,1,17,0,11,17,11,0,21,15,23,33,3,12,0,10,12,1,0,0,15,15,1,0,18,10,15,28,24,13,0,13,1,1,1,0,5,13,0,0,15,15,7,19,22,0,0,29,1,18,1,3,0,5,1,1,17,9,5,12,7,0,0,15,1,20,0,0,0,11,6,3,14,12,1,3,6,0,0,0,0,0,26,3,0,28,3,18,26,15,7,7,7,1,0,1,0,0,34,5,3,15,28,22,21,21,3,3,3,0,1,0,0,3,5,3,3,7,17,13,13,10,13,13,15,19,7,3,0,3,9,19,19,19,19,15,13,13,13,7,11,15,21,3,1,17,17,15,19,15,14,14,10,13,7,12,7,15,19,19,3,15,14,12,17,15,14,18,18,6,6,27,27,6,10,7,11,12,11,12,10,0,0,7,9,0,0,12,14
1,1,1,3,3,1,3,3,3,7,9,7,6,9,10,1,3,1,1,1,3,0,7,3,6,3,14,15,7,3,9,1,15,3,1,1,0,3,5,6,10,1,11,15,26,9,3,1,34,0,0,1,7,0,15,20,19,3,17,10,20,27,1,1,12,0,7,3,0,0,9,22,26,1,0,24,19,31,13,1,0,3,7,3,1,1,5,15,39,0,7,18,7,21,27,0,0,7,1,22,1,0,0,9,25,0,6,19,12,7,21,1,0,0,5,13,0,1,11,3,15,0,3,15,3,7,9,1,1,1,21,3,11,3,1,13,0,11,0,25,10,1,3,1,0,0,21,0,7,11,0,7,14,10,28,21,12,1,5,0,0,0,13,0,13,17,1,3,25,29,21,20,11,0,3,0,0,0,0,0,3,3,3,3,12,14,14,12,11,11,14,0,26,1,1,3,11,18,19,19,18,17,14,13,13,10,7,7,22,17,1,9,18,13,20,15,14,14,14,10,14,7,19,0,28,17,14,5,21,13,14,17,15,15,19,13,1,19,31,0,10,7,9,11,14,11,11,3,0,0,9,3,0,5,10,0
0,0,0,0,0,0,0,0,0,0,0,0,0,0,0,0,0,13,9,11,11,11,7,13,11,9,7,7,12,13,15,15,0,15,14,12,11,12,6,9,9,6,10,11,14,14,19,15,0,3,20,14,12,13,3,6,11,19,10,3,12,14,23,20,0,3,28,15,11,5,9,6,13,15,11,1,10,14,24,25,0,0,11,15,7,1,1,1,9,12,23,1,9,15,19,26,0,0,0,15,3,3,0,0,6,10,19,1,5,13,13,23,0,0,3,17,7,3,5,1,0,3,3,3,7,15,14,17,0,0,3,11,11,10,3,3,1,12,5,3,6,14,11,19,0,3,3,0,9,7,3,7,3,15,0,5,7,20,22,18,0,3,3,0,3,0,12,7,3,9,6,7,21,21,15,7,0,5,3,1,3,3,6,3,3,0,10,18,17,11,3,3,0,3,3,3,6,7,1,0,1,7,11,11,9,7,6,6,0,9,3,7,5,5,9,10,12,12,13,11,7,3,3,3,0,5,12,6,6,3,10,11,12,11,9,7,6,6,6,0,0,5,9,14,3,11,13,10,12,10,7,7,11,9,0,10
0,0,0,0,0,0,0,0,0,0,0,0,0,0,0,0,23,11,10,11,11,9,12,11,10,7,7,11,12,14,15,15,25,15,12,11,12,12,5,11,5,7,9,13,15,18,18,15,18,12,18,11,13,5,0,7,17,17,3,9,14,17,24,15,11,24,23,13,10,3,10,6,15,15,3,6,10,17,26,22,1,13,13,11,3,0,1,3,12,20,6,3,14,17,23,24,3,0,7,12,3,0,1,0,12,24,3,1,13,15,17,26,3,3,3,17,5,7,1,1,0,17,1,3,14,14,12,23,5,1,0,15,9,5,1,3,1,18,3,0,13,13,14,22,6,3,3,6,6,1,3,9,5,15,1,5,18,22,21,14,6,3,3,6,1,7,11,3,0,11,5,15,20,24,9,9,6,3,3,9,3,3,5,3,1,9,14,19,13,9,1,1,3,5,1,3,6,3,0,1,1,12,10,10,7,7,5,6,3,12,3,3,7,3,10,11,11,13,11,10,7,3,3,5,3,11,13,5,3,7,10,11,11,10,7,7,6,6,0,1,3,11,10,5,7,13,11,11,12,9,7,9,11,3,0,15
0,0,0,0,0,0,0,0,0,0,0,0,0,0,0,0,13,9,11,11,11,7,13,11,9,7,7,12,13,15,15,7,15,14,12,11,12,6,9,9,6,10,11,14,14,19,15,7,3,20,14,12,13,3,6,11,19,10,3,12,14,23,20,5,3,28,15,11,5,9,6,13,15,11,1,10,14,24,25,6,0,11,15,7,1,1,1,9,12,23,1,9,15,19,26,11,0,0,15,3,3,0,0,6,10,19,1,5,13,13,23,18,0,3,17,7,3,5,1,0,3,3,3,7,15,14,17,19,0,3,11,11,10,3,3,1,12,5,3,6,14,11,19,7,3,3,0,9,7,3,7,3,15,0,5,7,20,22,18,0,3,3,0,3,0,12,7,3,9,6,7,21,21,15,7,3,5,3,1,3,3,6,3,3,0,10,18,17,11,3,3,6,3,3,3,6,7,1,0,1,7,11,11,9,7,6,6,14,9,3,7,5,5,9,10,12,12,13,11,7,3,3,3,9,5,12,6,6,3,10,11,12,11,9,7,6,6,6,0,11,5,9,14,3,11,13,10,12,10,7,7,11,9,0,10,17
0,10,7,9,9,9,7,11,10,7,7,7,9,9,10,7,0,15,11,12,12,13,7,14,12,7,7,9,13,14,18,15,0,11,15,12,11,12,3,5,6,10,11,7,15,18,20,17,0,3,24,15,13,9,3,9,15,18,12,0,11,11,23,22,0,0,26,17,11,3,9,3,9,14,13,3,9,17,22,27,0,0,3,15,3,1,0,0,11,13,24,1,6,15,15,26,0,0,1,14,6,3,1,1,1,9,10,3,9,13,14,20,0,0,3,15,10,5,3,3,1,5,3,3,9,17,12,17,0,1,3,6,9,7,3,1,5,13,5,3,7,15,12,21,0,1,3,0,3,7,12,7,3,12,10,3,18,24,22,13,0,5,3,0,7,3,15,7,1,9,6,15,19,12,6,3,0,5,1,3,5,5,3,3,3,0,12,15,10,9,7,7,0,3,5,3,6,7,7,11,13,12,12,11,9,7,6,5,0,6,10,10,3,3,10,9,13,12,11,7,6,3,1,1,0,5,9,11,5,6,11,9,11,10,7,7,7,9,1,0,0,5,7,11,9,13,14,11,12,7,5,7,11,3,0,7
14,7,7,9,9,7,9,10,9,7,7,9,9,9,10,9,25,14,11,12,12,11,11,13,11,7,7,12,12,15,17,17,22,14,14,11,13,9,0,7,7,15,6,13,15,17,20,15,14,15,24,12,12,7,7,10,19,15,3,6,12,19,26,18,6,20,19,13,7,1,3,3,13,18,3,6,13,19,25,24,1,7,7,12,3,0,0,0,10,23,3,1,13,14,20,24,3,3,1,12,3,3,1,0,7,21,3,1,13,14,15,24,5,0,0,18,6,9,1,3,0,15,1,3,13,15,12,22,6,3,1,12,7,5,3,3,5,14,1,3,15,13,15,18,6,3,3,6,1,0,12,9,3,12,9,6,20,26,18,12,5,3,3,6,5,3,7,0,3,6,3,21,18,13,1,1,5,3,1,12,3,3,3,3,3,7,15,13,7,7,7,6,1,3,5,1,6,3,10,12,11,13,11,10,7,7,5,5,3,13,6,5,7,5,10,12,12,12,9,7,3,3,3,1,1,11,12,3,3,10,10,11,11,9,7,9,7,6,0,11,3,10,7,13,11,15,12,11,10,6,5,9,10,0,1,14
10,7,9,9,9,7,11,10,7,7,7,9,9,10,7,6,15,11,12,12,13,7,14,12,7,7,9,13,14,18,15,7,11,15,12,11,12,3,5,6,10,11,7,15,18,20,17,6,3,24,15,13,9,3,9,15,18,12,0,11,11,23,22,5,0,26,17,11,3,9,3,9,14,13,3,9,17,22,27,7,0,3,15,3,1,0,0,11,13,24,1,6,15,15,26,15,0,1,14,6,3,1,1,1,9,10,3,9,13,14,20,20,0,3,15,10,5,3,3,1,5,3,3,9,17,12,17,13,1,3,6,9,7,3,1,5,13,5,3,7,15,12,21,3,1,3,0,3,7,12,7,3,12,10,3,18,24,22,13,3,5,3,0,7,3,15,7,1,9,6,15,19,12,6,3,5,5,1,3,5,5,3,3,3,0,12,15,10,9,7,7,12,3,5,3,6,7,7,11,13,12,12,11,9,7,6,5,12,6,10,10,3,3,10,9,13,12,11,7,6,3,1,1,6,5,9,11,5,6,11,9,11,10,7,7,7,9,1,0,18,5,7,11,9,13,14,11,12,7,5,7,11,3,0,7,15
0,13,9,11,11,11,7,13,11,9,7,7,12,13,15,15,0,15,14,12,11,12,6,9,9,6,10,11,14,14,19,15,0,3,20,14,12,13,3,6,11,19,10,3,12,14,23,20,0,3,28,15,11,5,9,6,13,15,11,1,10,14,24,25,0,0,11,15,7,1,1,1,9,12,23,1,9,15,19,26,0,0,0,15,3,3,0,0,6,10,19,1,5,13,13,23,0,0,3,17,7,3,5,1,0,3,3,3,7,15,14,17,0,0,3,11,11,10,3,3,1,12,5,3,6,14,11,19,0,3,3,0,9,7,3,7,3,15,0,5,7,20,22,18,0,3,3,0,3,0,12,7,3,9,6,7,21,21,15,7,0,5,3,1,3,3,6,3,3,0,10,18,17,11,3,3,0,3,3,3,6,7,1,0,1,7,11,11,9,7,6,6,0,9,3,7,5,5,9,10,12,12,13,11,7,3,3,3,0,5,12,6,6,3,10,11,12,11,9,7,6,6,6,0,0,5,9,14,3,11,13,10,12,10,7,7,11,9,0,10,0,11,13,15,17,19,20,20,18,13,7,12,13,5,1,15
23,11,10,11,11,9,12,11,10,7,7,11,12,14,15,15,25,15,12,11,12,12,5,11,5,7,9,13,15,18,18,15,18,12,18,11,13,5,0,7,17,17,3,9,14,17,24,15,11,24,23,13,10,3,10,6,15,15,3,6,10,17,26,22,1,13,13,11,3,0,1,3,12,20,6,3,14,17,23,24,3,0,7,12,3,0,1,0,12,24,3,1,13,15,17,26,3,3,3,17,5,7,1,1,0,17,1,3,14,14,12,23,5,1,0,15,9,5,1,3,1,18,3,0,13,13,14,22,6,3,3,6,6,1,3,9,5,15,1,5,18,22,21,14,6,3,3,6,1,7,11,3,0,11,5,15,20,24,9,9,6,3,3,9,3,3,5,3,1,9,14,19,13,9,1,1,3,5,1,3,6,3,0,1,1,12,10,10,7,7,5,6,3,12,3,3,7,3,10,11,11,13,11,10,7,3,3,5,3,11,13,5,3,7,10,11,11,10,7,7,6,6,0,1,3,11,10,5,7,13,11,11,12,9,7,9,11,3,0,15,1,13,15,15,17,20,20,19,15,11,7,14,12,0,7,15
13,9,11,11,11,7,13,11,9,7,7,12,13,15,15,7,15,14,12,11,12,6,9,9,6,10,11,14,14,19,15,7,3,20,14,12,13,3,6,11,19,10,3,12,14,23,20,5,3,28,15,11,5,9,6,13,15,11,1,10,14,24,25,6,0,11,15,7,1,1,1,9,12,23,1,9,15,19,26,11,0,0,15,3,3,0,0,6,10,19,1,5,13,13,23,18,0,3,17,7,3,5,1,0,3,3,3,7,15,14,17,19,0,3,11,11,10,3,3,1,12,5,3,6,14,11,19,7,3,3,0,9,7,3,7,3,15,0,5,7,20,22,18,0,3,3,0,3,0,12,7,3,9,6,7,21,21,15,7,3,5,3,1,3,3,6,3,3,0,10,18,17,11,3,3,6,3,3,3,6,7,1,0,1,7,11,11,9,7,6,6,14,9,3,7,5,5,9,10,12,12,13,11,7,3,3,3,9,5,12,6,6,3,10,11,12,11,9,7,6,6,6,0,11,5,9,14,3,11,13,10,12,10,7,7,11,9,0,10,17,11,13,15,17,19,20,20,18,13,7,12,13,5,1,15,15
0,0,0,0,0,0,0,0,0,0,0,0,0,0,0,0,0,0,0,0,0,0,0,0,0,0,0,0,0,0,0,0,0,0,0,0,0,0,0,0,0,0,0,0,0,0,0,0,0,0,0,0,0,0,0,0,0,0,0,3,0,0,0,0,0,0,0,0,0,0,0,0,0,0,0,0,1,0,0,0,0,7,0,0,0,7,7,7,0,0,0,0,0,0,0,0,0,13,0,0,0,0,7,3,1,0,0,12,0,0,0,0,0,13,3,0,0,0,0,14,0,0,0,10,0,0,0,0,0,13,10,0,0,0,7,10,0,0,0,0,0,0,0,0,0,15,15,7,0,0,0,0,0,0,0,0,0,0,0,0,0,7,14,11,0,12,0,0,3,0,0,0,0,0,0,0,0,0,12,9,5,18,15,3,13,3,0,0,0,0,0,0,0,7,3,11,10,33,0,0,0,0,0,0,0,0,0,0,0,0,0,0,24,13,0,0,0,0,0,0,0,0,0,0,0,0,0,0,14,0,0,0,0,0,0,0,0,0,0,3,0,1,0,0,0,0,0,0,0,0,0,0,0,0,7,0
0,0,0,0,0,0,0,0,0,0,0,0,0,0,0,0,0,0,0,0,0,0,0,0,0,0,0,0,0,0,0,0,0,0,0,0,0,0,0,0,0,0,0,0,0,0,0,0,0,0,0,0,0,0,0,0,0,0,0,0,0,0,0,0,0,0,0,0,0,0,0,0,0,0,0,0,0,0,0,0,3,0,0,0,0,11,0,1,0,0,0,0,0,0,0,0,0,1,6,0,0,13,0,7,0,0,0,6,0,0,0,0,0,0,13,0,0,0,9,10,0,0,3,0,0,0,0,0,0,5,10,0,0,0,11,0,0,0,0,0,0,0,0,0,0,15,13,0,0,0,0,0,0,0,0,0,0,0,0,0,1,14,13,0,1,0,0,0,3,0,0,0,0,0,0,0,3,13,11,1,15,18,5,11,11,0,0,0,0,0,0,0,1,5,13,1,31,19,0,0,0,0,0,0,0,0,0,0,0,0,0,0,31,0,0,0,0,0,0,0,0,0,0,5,0,0,0,3,19,0,0,0,0,0,0,0,0,0,3,0,0,0,0,0,0,0,0,0,0,0,0,0,0,1,7,0
0,0,0,0,0,0,0,0,0,0,0,0,0,0,0,0,0,0,0,0,0,0,0,0,0,0,0,0,0,0,0,0,0,0,0,0,0,0,0,0,0,0,0,0,0,0,0,0,0,0,0,0,0,0,0,0,0,0,3,0,0,0,0,0,0,0,0,0,0,0,0,0,0,0,0,1,0,0,0,0,7,0,0,0,7,7,7,0,0,0,0,0,0,0,0,0,13,0,0,0,0,7,3,1,0,0,12,0,0,0,0,0,13,3,0,0,0,0,14,0,0,0,10,0,0,0,0,0,13,10,0,0,0,7,10,0,0,0,0,0,0,0,0,0,15,15,7,0,0,0,0,0,0,0,0,0,0,0,0,0,7,14,11,0,12,0,0,3,0,0,0,0,0,0,0,0,0,12,9,5,18,15,3,13,3,0,0,0,0,0,0,0,7,3,11,10,33,0,0,0,0,0,0,0,0,0,0,0,0,0,0,24,13,0,0,0,0,0,0,0,0,0,0,0,0,0,0,14,0,0,0,0,0,0,0,0,0,0,3,0,1,0,0,0,0,0,0,0,0,0,0,0,0,7,0,0
0,0,0,0,0,0,0,0,0,0,0,0,0,0,0,0,0,0,0,0,0,0,0,0,0,0,0,0,0,0,0,0,0,0,0,0,0,0,0,0,0,0,0,0,0,0,0,0,0,0,0,0,0,0,0,0,0,0,0,0,0,0,0,0,0,0,0,0,0,0,0,1,0,0,0,0,0,0,0,0,0,15,0,0,0,0,10,5,0,0,0,9,0,0,0,0,0,12,3,0,0,0,0,6,3,0,0,13,0,0,0,0,0,12,7,0,0,0,0,21,3,0,0,9,0,0,0,0,0,15,14,9,0,0,0,0,0,0,0,0,0,0,0,0,0,14,15,10,0,0,0,0,0,3,0,0,0,0,0,0,0,1,13,14,1,10,0,0,14,0,0,0,0,0,0,0,0,1,12,7,3,42,11,3,5,0,0,0,0,0,0,0,0,0,1,6,20,24,0,0,0,0,0,0,0,0,0,0,0,0,0,0,25,3,0,0,0,0,0,0,0,0,0,5,0,3,0,0,3,0,0,0,0,0,0,0,0,0,1,0,0,0,0,0,0,0,0,0,0,0,0,0,0,0,9,0
0,0,0,0,0,0,0,0,0,0,0,0,0,0,0,0,0,0,0,0,0,0,0,0,0,0,0,0,0,0,0,0,0,0,0,0,0,0,0,0,0,0,0,0,0,0,0,0,0,0,0,0,0,0,0,0,0,0,0,1,0,0,0,0,0,0,0,0,0,0,0,0,0,0,0,0,0,0,0,0,1,1,3,0,0,17,0,7,0,0,0,3,0,0,0,0,0,0,13,0,0,0,1,11,0,0,1,3,0,0,0,0,0,0,9,0,0,0,11,9,0,0,0,3,0,0,0,0,0,11,12,0,0,0,6,0,0,0,0,0,0,0,0,0,3,15,14,0,0,0,0,0,3,0,0,0,0,0,0,0,3,12,12,3,0,11,0,6,13,0,0,0,0,0,0,0,6,7,10,3,31,27,1,5,0,0,0,0,0,0,0,0,0,3,1,0,34,1,0,0,0,0,0,0,0,0,0,0,0,0,0,0,26,0,0,0,0,0,0,0,0,0,0,5,0,0,0,6,3,0,0,0,0,0,0,0,0,0,1,0,0,0,0,0,0,0,0,0,0,0,0,0,0,6,6,0
0,0,0,0,0,0,0,0,0,0,0,0,0,0,0,0,0,0,0,0,0,0,0,0,0,0,0,0,0,0,0,0,0,0,0,0,0,0,0,0,0,0,0,0,0,0,0,0,0,0,0,0,0,0,0,0,0,0,0,0,0,0,0,0,0,0,0,0,0,0,1,0,0,0,0,0,0,0,0,0,15,0,0,0,0,10,5,0,0,0,9,0,0,0,0,0,12,3,0,0,0,0,6,3,0,0,13,0,0,0,0,0,12,7,0,0,0,0,21,3,0,0,9,0,0,0,0,0,15,14,9,0,0,0,0,0,0,0,0,0,0,0,0,0,14,15,10,0,0,0,0,0,3,0,0,0,0,0,0,0,1,13,14,1,10,0,0,14,0,0,0,0,0,0,0,0,1,12,7,3,42,11,3,5,0,0,0,0,0,0,0,0,0,1,6,20,24,0,0,0,0,0,0,0,0,0,0,0,0,0,0,25,3,0,0,0,0,0,0,0,0,0,5,0,3,0,0,3,0,0,0,0,0,0,0,0,0,1,0,0,0,0,0,0,0,0,0,0,0,0,0,0,0,9,0,0
0,0,0,0,0,0,0,0,0,0,0,0,0,0,0,0,0,0,0,0,0,0,0,0,0,0,0,0,0,0,0,0,0,0,0,0,0,0,0,0,0,0,0,3,0,0,0,0,0,0,0,0,0,0,0,0,0,0,0,0,1,0,0,0,0,7,0,0,0,7,7,7,0,0,0,0,0,0,0,0,0,13,0,0,0,0,7,3,1,0,0,12,0,0,0,0,0,13,3,0,0,0,0,14,0,0,0,10,0,0,0,0,0,13,10,0,0,0,7,10,0,0,0,0,0,0,0,0,0,15,15,7,0,0,0,0,0,0,0,0,0,0,0,0,0,7,14,11,0,12,0,0,3,0,0,0,0,0,0,0,0,0,12,9,5,18,15,3,13,3,0,0,0,0,0,0,0,7,3,11,10,33,0,0,0,0,0,0,0,0,0,0,0,0,0,0,24,13,0,0,0,0,0,0,0,0,0,0,0,0,0,0,14,0,0,0,0,0,0,0,0,0,0,3,0,1,0,0,0,0,0,0,0,0,0,0,0,0,7,0,0,0,0,0,0,0,0,0,0,0,0,0,0,0,1,0
0,0,0,0,0,0,0,0,0,0,0,0,0,0,0,0,0,0,0,0,0,0,0,0,0,0,0,0,0,0,0,0,0,0,0,0,0,0,0,0,0,0,0,0,0,0,0,0,0,0,0,0,0,0,0,0,0,0,0,0,0,0,0,0,3,0,0,0,0,11,0,1,0,0,0,0,0,0,0,0,0,1,6,0,0,13,0,7,0,0,0,6,0,0,0,0,0,0,13,0,0,0,9,10,0,0,3,0,0,0,0,0,0,5,10,0,0,0,11,0,0,0,0,0,0,0,0,0,0,15,13,0,0,0,0,0,0,0,0,0,0,0,0,0,1,14,13,0,1,0,0,0,3,0,0,0,0,0,0,0,3,13,11,1,15,18,5,11,11,0,0,0,0,0,0,0,1,5,13,1,31,19,0,0,0,0,0,0,0,0,0,0,0,0,0,0,31,0,0,0,0,0,0,0,0,0,0,5,0,0,0,3,19,0,0,0,0,0,0,0,0,0,3,0,0,0,0,0,0,0,0,0,0,0,0,0,0,1,7,0,0,0,0,0,0,0,0,0,0,0,0,0,0,3,0,0
0,0,0,0,0,0,0,0,0,0,0,0,0,0,0,0,0,0,0,0,0,0,0,0,0,0,0,0,0,0,0,0,0,0,0,0,0,0,0,0,0,0,3,0,0,0,0,0,0,0,0,0,0,0,0,0,0,0,0,1,0,0,0,0,7,0,0,0,7,7,7,0,0,0,0,0,0,0,0,0,13,0,0,0,0,7,3,1,0,0,12,0,0,0,0,0,13,3,0,0,0,0,14,0,0,0,10,0,0,0,0,0,13,10,0,0,0,7,10,0,0,0,0,0,0,0,0,0,15,15,7,0,0,0,0,0,0,0,0,0,0,0,0,0,7,14,11,0,12,0,0,3,0,0,0,0,0,0,0,0,0,12,9,5,18,15,3,13,3,0,0,0,0,0,0,0,7,3,11,10,33,0,0,0,0,0,0,0,0,0,0,0,0,0,0,24,13,0,0,0,0,0,0,0,0,0,0,0,0,0,0,14,0,0,0,0,0,0,0,0,0,0,3,0,1,0,0,0,0,0,0,0,0,0,0,0,0,7,0,0,0,0,0,0,0,0,0,0,0,0,0,0,0,1,0,0
0,0,0,0,0,0,0,0,0,0,0,0,0,0,0,0,0,1,3,3,3,3,3,3,3,3,3,3,5,3,5,5,0,3,5,3,3,3,3,3,5,6,5,3,5,5,6,6,0,3,6,5,5,3,5,3,5,7,3,0,1,3,6,7,0,3,3,6,5,5,3,3,5,3,1,1,3,6,7,6,0,23,1,3,11,18,14,9,3,5,3,11,3,5,5,6,0,38,12,11,0,15,39,17,1,5,3,24,1,5,5,5,0,47,5,3,3,1,13,28,11,0,0,28,3,5,3,5,0,46,31,7,6,1,10,25,1,3,0,14,3,3,3,3,0,50,39,15,1,3,6,6,5,3,1,3,7,5,3,3,0,43,41,18,3,10,7,7,5,1,3,7,9,6,3,3,0,15,42,25,20,50,7,5,20,3,7,9,9,5,3,5,0,5,28,41,35,63,21,3,6,7,7,6,5,3,3,6,0,6,3,39,44,43,6,6,6,6,7,6,6,3,5,5,0,7,5,3,26,6,6,6,6,6,5,5,3,5,6,3,0,6,3,3,3,7,5,3,5,3,3,5,5,3,1,5
0,0,0,0,0,0,0,0,0,0,0,0,0,0,0,0,1,3,3,3,3,3,3,3,3,3,3,3,3,5,5,3,3,5,3,3,3,10,3,3,7,5,3,5,6,6,6,3,3,6,6,3,5,1,18,3,7,3,3,0,3,6,6,5,3,6,5,6,5,3,3,3,3,1,0,1,3,7,5,5,3,3,3,3,3,15,3,3,5,3,3,5,5,6,6,5,3,7,15,3,14,37,21,15,5,3,3,3,5,5,5,3,3,3,25,6,1,21,21,36,1,3,9,3,6,3,3,3,3,18,15,3,5,1,26,10,3,1,13,3,5,3,3,3,7,36,28,3,3,0,3,3,1,3,3,5,7,3,5,3,18,45,34,13,3,6,3,6,7,1,6,9,7,3,3,3,29,46,29,40,36,22,5,10,13,5,9,9,6,5,6,3,3,23,23,36,63,50,3,5,7,7,7,5,3,5,5,3,5,5,9,34,62,7,7,6,6,6,6,6,5,3,3,1,3,6,7,19,51,6,5,6,6,5,5,5,3,6,6,1,3,3,3,1,7,7,5,5,3,3,3,5,3,1,3,5
0,0,0,0,0,0,0,0,0,0,0,0,0,0,0,0,1,3,3,3,3,3,3,3,3,3,3,5,3,5,5,1,3,5,3,3,3,3,3,5,6,5,3,5,5,6,6,1,3,6,5,5,3,5,3,5,7,3,0,1,3,6,7,1,3,3,6,5,5,3,3,5,3,1,1,3,6,7,6,3,23,1,3,11,18,14,9,3,5,3,11,3,5,5,6,1,38,12,11,0,15,39,17,1,5,3,24,1,5,5,5,1,47,5,3,3,1,13,28,11,0,0,28,3,5,3,5,1,46,31,7,6,1,10,25,1,3,0,14,3,3,3,3,1,50,39,15,1,3,6,6,5,3,1,3,7,5,3,3,1,43,41,18,3,10,7,7,5,1,3,7,9,6,3,3,0,15,42,25,20,50,7,5,20,3,7,9,9,5,3,5,0,5,28,41,35,63,21,3,6,7,7,6,5,3,3,6,1,6,3,39,44,43,6,6,6,6,7,6,6,3,5,5,0,7,5,3,26,6,6,6,6,6,5,5,3,5,6,3,0,6,3,3,3,7,5,3,5,3,3,5,5,3,1,5,1
0,0,1,1,1,3,1,1,3,3,1,1,1,3,3,3,0,3,5,3,3,3,5,3,3,3,5,3,5,6,6,5,0,1,5,3,3,3,5,3,7,5,5,1,3,5,7,6,0,3,6,6,5,3,3,5,6,6,1,3,3,6,6,6,0,3,3,5,3,11,9,3,3,3,3,3,3,6,6,6,0,36,1,11,0,25,37,13,3,6,3,19,3,3,6,6,0,45,3,6,1,3,31,24,5,1,1,29,1,5,3,5,0,46,18,3,5,0,18,44,10,0,0,20,3,3,3,3,0,49,37,11,3,0,7,20,3,3,1,1,6,5,3,3,0,50,40,15,1,3,7,3,5,3,5,7,9,6,3,3,0,28,41,17,13,29,10,15,27,0,5,9,7,3,5,6,0,3,40,36,21,65,6,1,12,5,7,7,5,5,6,6,0,5,13,52,47,60,7,7,7,7,7,6,6,6,5,6,0,7,3,23,42,19,6,5,6,6,6,6,5,3,3,3,0,7,6,1,11,9,5,5,5,5,5,5,5,5,5,5,0,3,1,3,5,6,3,3,3,1,1,3,3,1,1,3
1,3,1,1,3,1,1,3,3,1,1,1,3,3,3,3,3,5,5,3,3,5,3,3,3,6,3,5,6,6,5,3,3,3,6,3,3,3,5,5,7,3,3,1,3,7,7,5,3,5,5,6,5,3,5,3,7,3,1,0,5,6,6,6,1,5,3,3,11,14,3,3,3,3,1,3,5,7,6,5,3,6,7,1,10,42,15,7,5,5,3,3,5,3,5,3,3,7,24,5,0,29,29,30,3,3,7,3,5,5,3,3,3,7,20,5,1,22,26,31,1,3,11,1,5,3,1,3,3,29,17,1,3,1,28,0,3,3,3,6,7,3,3,3,13,41,34,3,7,1,3,3,3,3,6,6,7,3,3,1,26,45,31,23,15,26,3,13,24,3,7,10,7,3,5,5,15,36,35,41,59,41,3,7,9,6,7,6,5,3,6,3,3,3,15,44,58,26,6,7,7,7,6,6,5,5,5,3,3,5,3,22,62,7,6,5,6,6,6,5,5,3,5,1,3,6,5,0,25,6,3,6,5,5,6,5,5,5,3,3,3,1,1,3,6,6,3,3,3,1,1,3,1,0,1,3
0,1,1,1,3,1,1,3,3,1,1,1,3,3,3,1,3,5,3,3,3,5,3,3,3,5,3,5,6,6,5,1,1,5,3,3,3,5,3,7,5,5,1,3,5,7,6,1,3,6,6,5,3,3,5,6,6,1,3,3,6,6,6,1,3,3,5,3,11,9,3,3,3,3,3,3,6,6,6,3,36,1,11,0,25,37,13,3,6,3,19,3,3,6,6,1,45,3,6,1,3,31,24,5,1,1,29,1,5,3,5,1,46,18,3,5,0,18,44,10,0,0,20,3,3,3,3,1,49,37,11,3,0,7,20,3,3,1,1,6,5,3,3,1,50,40,15,1,3,7,3,5,3,5,7,9,6,3,3,1,28,41,17,13,29,10,15,27,0,5,9,7,3,5,6,0,3,40,36,21,65,6,1,12,5,7,7,5,5,6,6,1,5,13,52,47,60,7,7,7,7,7,6,6,6,5,6,1,7,3,23,42,19,6,5,6,6,6,6,5,3,3,3,0,7,6,1,11,9,5,5,5,5,5,5,5,5,5,5,1,3,1,3,5,6,3,3,3,1,1,3,3,1,1,3,0
0,1,3,3,3,3,3,3,3,3,3,3,5,3,5,5,0,3,5,3,3,3,3,3,5,6,5,3,5,5,6,6,0,3,6,5,5,3,5,3,5,7,3,0,1,3,6,7,0,3,3,6,5,5,3,3,5,3,1,1,3,6,7,6,0,23,1,3,11,18,14,9,3,5,3,11,3,5,5,6,0,38,12,11,0,15,39,17,1,5,3,24,1,5,5,5,0,47,5,3,3,1,13,28,11,0,0,28,3,5,3,5,0,46,31,7,6,1,10,25,1,3,0,14,3,3,3,3,0,50,39,15,1,3,6,6,5,3,1,3,7,5,3,3,0,43,41,18,3,10,7,7,5,1,3,7,9,6,3,3,0,15,42,25,20,50,7,5,20,3,7,9,9,5,3,5,0,5,28,41,35,63,21,3,6,7,7,6,5,3,3,6,0,6,3,39,44,43,6,6,6,6,7,6,6,3,5,5,0,7,5,3,26,6,6,6,6,6,5,5,3,5,6,3,0,6,3,3,3,7,5,3,5,3,3,5,5,3,1,5,0,0,0,0,0,0,0,0,0,0,0,0,0,0,6,0
1,3,3,3,3,3,3,3,3,3,3,3,3,5,5,3,3,5,3,3,3,10,3,3,7,5,3,5,6,6,6,3,3,6,6,3,5,1,18,3,7,3,3,0,3,6,6,5,3,6,5,6,5,3,3,3,3,1,0,1,3,7,5,5,3,3,3,3,3,15,3,3,5,3,3,5,5,6,6,5,3,7,15,3,14,37,21,15,5,3,3,3,5,5,5,3,3,3,25,6,1,21,21,36,1,3,9,3,6,3,3,3,3,18,15,3,5,1,26,10,3,1,13,3,5,3,3,3,7,36,28,3,3,0,3,3,1,3,3,5,7,3,5,3,18,45,34,13,3,6,3,6,7,1,6,9,7,3,3,3,29,46,29,40,36,22,5,10,13,5,9,9,6,5,6,3,3,23,23,36,63,50,3,5,7,7,7,5,3,5,5,3,5,5,9,34,62,7,7,6,6,6,6,6,5,3,3,1,3,6,7,19,51,6,5,6,6,5,5,5,3,6,6,1,3,3,3,1,7,7,5,5,3,3,3,5,3,1,3,5,1,0,0,0,0,0,0,0,0,0,0,0,0,0,3,0
1,3,3,3,3,3,3,3,3,3,3,5,3,5,5,1,3,5,3,3,3,3,3,5,6,5,3,5,5,6,6,1,3,6,5,5,3,5,3,5,7,3,0,1,3,6,7,1,3,3,6,5,5,3,3,5,3,1,1,3,6,7,6,3,23,1,3,11,18,14,9,3,5,3,11,3,5,5,6,1,38,12,11,0,15,39,17,1,5,3,24,1,5,5,5,1,47,5,3,3,1,13,28,11,0,0,28,3,5,3,5,1,46,31,7,6,1,10,25,1,3,0,14,3,3,3,3,1,50,39,15,1,3,6,6,5,3,1,3,7,5,3,3,1,43,41,18,3,10,7,7,5,1,3,7,9,6,3,3,0,15,42,25,20,50,7,5,20,3,7,9,9,5,3,5,0,5,28,41,35,63,21,3,6,7,7,6,5,3,3,6,1,6,3,39,44,43,6,6,6,6,7,6,6,3,5,5,0,7,5,3,26,6,6,6,6,6,5,5,3,5,6,3,0,6,3,3,3,7,5,3,5,3,3,5,5,3,1,5,1,0,0,0,0,0,0,0,0,0,0,0,0,0,6,0,0
0,0,0,0,0,0,0,0,0,0,0,0,0,0,0,0,0,0,0,0,0,0,0,0,0,0,0,0,0,0,0,0,0,0,0,0,0,0,0,0,0,0,0,3,1,0,0,0,0,0,0,0,0,0,0,0,0,3,0,0,0,1,3,0,0,0,0,0,0,0,0,0,1,0,1,0,1,0,6,0,0,0,0,0,0,0,0,0,0,0,7,0,0,0,0,6,0,1,0,0,0,0,0,0,0,0,7,0,0,0,0,5,0,5,0,0,0,0,0,0,0,0,3,0,0,3,3,1,0,0,0,10,0,3,0,0,0,0,0,0,0,3,0,0,0,0,0,0,0,0,0,0,0,3,0,0,0,0,1,0,0,0,0,0,3,0,0,0,0,3,0,0,3,5,0,0,0,0,0,0,6,0,3,0,0,0,0,7,6,11,3,1,0,5,0,0,0,0,0,3,5,7,3,5,6,6,7,3,0,7,7,1,0,0,1,5,5,7,7,7,7,6,6,7,0,7,7,15,0,0,3,6,7,7,6,6,6,6,9,1,0,3,6,7,0,3,6,3,3,5,6,7,7,9,3,6
0,0,0,0,0,0,0,0,0,0,0,0,0,0,0,0,0,0,0,0,0,0,0,0,0,0,0,0,0,0,0,0,0,0,0,0,0,0,0,0,0,0,0,3,3,0,0,0,0,0,0,0,0,0,0,0,0,5,0,0,0,3,0,0,0,10,0,0,0,0,0,0,0,0,0,0,0,1,6,0,0,0,0,0,0,0,0,0,3,7,0,0,3,0,3,0,0,1,0,0,6,0,0,0,0,14,0,0,3,0,0,0,0,3,0,0,1,0,0,0,0,10,0,0,3,3,0,0,0,0,0,0,0,0,0,0,0,3,0,0,6,0,0,0,0,0,0,7,0,0,0,1,7,0,0,0,3,3,0,0,0,0,0,5,0,0,1,0,0,0,0,0,5,0,0,0,10,0,0,7,0,0,0,0,0,0,5,7,5,10,0,0,13,0,0,0,0,0,3,6,6,3,5,5,7,7,5,6,5,9,0,1,0,3,3,5,6,6,7,7,7,3,6,7,3,7,9,0,0,1,5,6,6,6,6,7,5,9,7,3,1,7,7,6,0,5,6,3,3,6,6,6,9,6,5,6
0,0,0,0,0,0,0,0,0,0,0,0,0,0,0,0,0,0,0,0,0,0,0,0,0,0,0,0,0,0,0,0,0,0,0,0,0,0,0,0,0,0,3,1,0,0,0,0,0,0,0,0,0,0,0,0,3,0,0,0,1,3,0,0,0,0,0,0,0,0,0,1,0,1,0,1,0,6,0,0,0,0,0,0,0,0,0,0,0,7,0,0,0,0,6,0,1,0,0,0,0,0,0,0,0,7,0,0,0,0,5,7,5,0,0,0,0,0,0,0,0,3,0,0,3,3,1,1,0,0,10,0,3,0,0,0,0,0,0,0,3,0,0,0,0,0,0,0,0,0,0,0,3,0,0,0,0,1,0,0,0,0,0,3,0,0,0,0,3,0,0,3,5,0,0,0,0,0,0,6,0,3,0,0,0,0,7,6,11,3,1,3,5,0,0,0,0,0,3,5,7,3,5,6,6,7,3,13,7,7,1,0,0,1,5,5,7,7,7,7,6,6,7,12,7,7,15,0,0,3,6,7,7,6,6,6,6,9,1,10,3,6,7,0,3,6,3,3,5,6,7,7,9,3,6,17
0,0,0,0,0,0,0,0,0,0,0,0,0,0,0,0,0,0,0,0,0,0,0,0,0,0,0,0,0,0,0,0,0,0,0,0,0,0,0,0,0,0,0,0,3,3,0,0,0,0,0,0,0,0,0,0,3,3,0,0,0,0,3,0,0,0,3,0,0,1,5,0,1,0,1,0,1,0,3,7,0,1,0,0,0,0,0,0,0,1,9,0,0,0,0,7,0,3,0,0,0,0,0,0,0,0,7,0,0,0,0,3,0,3,0,6,0,0,0,0,0,0,3,0,0,0,0,0,0,0,0,3,0,0,0,0,0,0,0,0,0,0,0,0,0,0,0,0,0,0,10,0,0,9,0,0,0,1,0,0,0,0,0,0,6,0,7,10,0,0,0,1,7,12,0,0,0,0,0,0,0,0,0,0,0,0,3,3,3,6,6,3,0,10,1,0,0,0,5,3,3,5,5,7,9,7,7,7,0,6,7,14,0,0,5,6,6,6,7,7,3,6,7,7,0,7,6,10,0,3,3,3,5,7,7,7,6,7,9,3,0,5,7,7,5,6,7,7,7,5,3,6,10,7,0,7
0,0,0,0,0,0,0,0,0,0,0,0,0,0,0,0,0,0,0,0,0,0,0,0,0,0,0,0,0,0,0,0,0,0,0,0,0,0,0,0,0,3,0,0,0,1,0,0,0,1,0,0,0,0,0,0,1,5,0,0,0,3,3,0,0,11,0,0,0,0,0,0,0,3,0,0,3,0,7,0,0,5,0,0,1,0,0,0,0,10,0,0,1,0,3,0,0,3,0,0,6,0,0,0,0,11,0,0,1,0,1,0,0,0,0,0,0,7,0,0,0,7,0,0,0,0,0,0,0,0,0,3,0,0,0,0,1,0,0,0,0,0,0,0,0,0,0,6,0,0,0,0,3,0,0,0,3,1,0,0,0,0,0,3,0,9,5,3,0,0,0,5,11,7,0,0,15,0,0,10,0,0,0,0,0,0,5,5,6,7,3,3,10,7,0,1,0,0,3,5,3,5,7,7,7,6,6,7,3,7,6,0,0,3,1,7,6,7,6,6,3,7,7,3,1,7,10,6,0,1,3,3,7,7,6,6,7,9,5,10,3,7,7,7,3,7,7,7,5,6,3,6,7,0,3,6
0,0,0,0,0,0,0,0,0,0,0,0,0,0,0,3,0,0,0,0,0,0,0,0,0,0,0,0,0,0,0,0,0,0,0,0,0,0,0,0,0,0,0,3,3,0,0,0,0,0,0,0,0,0,0,3,3,0,0,0,0,3,0,0,0,3,0,0,1,5,0,1,0,1,0,1,0,3,7,0,1,0,0,0,0,0,0,0,1,9,0,0,0,0,7,3,3,0,0,0,0,0,0,0,0,7,0,0,0,0,3,7,3,0,6,0,0,0,0,0,0,3,0,0,0,0,0,0,0,0,3,0,0,0,0,0,0,0,0,0,0,0,0,0,0,0,0,0,0,10,0,0,9,0,0,0,1,0,0,0,0,0,0,6,0,7,10,0,0,0,1,7,12,0,0,0,0,0,0,0,0,0,0,0,0,3,3,3,6,6,3,12,10,1,0,0,0,5,3,3,5,5,7,9,7,7,7,14,6,7,14,0,0,5,6,6,6,7,7,3,6,7,7,7,7,6,10,0,3,3,3,5,7,7,7,6,7,9,3,15,5,7,7,5,6,7,7,7,5,3,6,10,7,0,7,17
0,0,0,0,0,0,0,0,0,0,0,0,0,0,0,0,0,0,0,0,0,0,0,0,0,0,0,3,1,0,0,0,0,0,0,0,0,0,0,0,0,3,0,0,0,1,3,0,0,0,0,0,0,0,0,0,1,0,1,0,1,0,6,0,0,0,0,0,0,0,0,0,0,0,7,0,0,0,0,6,0,1,0,0,0,0,0,0,0,0,7,0,0,0,0,5,0,5,0,0,0,0,0,0,0,0,3,0,0,3,3,1,0,0,0,10,0,3,0,0,0,0,0,0,0,3,0,0,0,0,0,0,0,0,0,0,0,3,0,0,0,0,1,0,0,0,0,0,3,0,0,0,0,3,0,0,3,5,0,0,0,0,0,0,6,0,3,0,0,0,0,7,6,11,3,1,0,5,0,0,0,0,0,3,5,7,3,5,6,6,7,3,0,7,7,1,0,0,1,5,5,7,7,7,7,6,6,7,0,7,7,15,0,0,3,6,7,7,6,6,6,6,9,1,0,3,6,7,0,3,6,3,3,5,6,7,7,9,3,6,0,6,9,10,10,11,12,13,14,12,7,7,9,7,0,10
0,0,0,0,0,0,0,0,0,0,0,0,0,0,0,0,0,0,0,0,0,0,0,0,0,0,0,3,3,0,0,0,0,0,0,0,0,0,0,0,0,5,0,0,0,3,0,0,0,10,0,0,0,0,0,0,0,0,0,0,0,1,6,0,0,0,0,0,0,0,0,0,3,7,0,0,3,0,3,0,0,1,0,0,6,0,0,0,0,14,0,0,3,0,0,0,0,3,0,0,1,0,0,0,0,10,0,0,3,3,0,0,0,0,0,0,0,0,0,0,0,3,0,0,6,0,0,0,0,0,0,7,0,0,0,1,7,0,0,0,3,3,0,0,0,0,0,5,0,0,1,0,0,0,0,0,5,0,0,0,10,0,0,7,0,0,0,0,0,0,5,7,5,10,0,0,13,0,0,0,0,0,3,6,6,3,5,5,7,7,5,6,5,9,0,1,0,3,3,5,6,6,7,7,7,3,6,7,3,7,9,0,0,1,5,6,6,6,6,7,5,9,7,3,1,7,7,6,0,5,6,3,3,6,6,6,9,6,5,6,1,7,10,9,10,12,12,13,14,10,5,7,9,1,3,10
0,0,0,0,0,0,0,0,0,0,0,0,0,0,0,0,0,0,0,0,0,0,0,0,0,0,3,1,0,0,0,0,0,0,0,0,0,0,0,0,3,0,0,0,1,3,0,0,0,0,0,0,0,0,0,1,0,1,0,1,0,6,0,0,0,0,0,0,0,0,0,0,0,7,0,0,0,0,6,0,1,0,0,0,0,0,0,0,0,7,0,0,0,0,5,7,5,0,0,0,0,0,0,0,0,3,0,0,3,3,1,1,0,0,10,0,3,0,0,0,0,0,0,0,3,0,0,0,0,0,0,0,0,0,0,0,3,0,0,0,0,1,0,0,0,0,0,3,0,0,0,0,3,0,0,3,5,0,0,0,0,0,0,6,0,3,0,0,0,0,7,6,11,3,1,3,5,0,0,0,0,0,3,5,7,3,5,6,6,7,3,13,7,7,1,0,0,1,5,5,7,7,7,7,6,6,7,12,7,7,15,0,0,3,6,7,7,6,6,6,6,9,1,10,3,6,7,0,3,6,3,3,5,6,7,7,9,3,6,17,6,9,10,10,11,12,13,14,12,7,7,9,7,0,10,20
0,0,0,0,0,0,0,0,0,0,0,0,0,0,0,0,0,15,17,15,15,15,14,15,14,15,23,30,30,26,25,27,0,17,18,17,17,14,3,14,25,33,25,22,28,31,33,28,0,30,35,21,17,15,3,24,30,37,10,7,15,24,39,31,0,19,21,15,13,14,15,7,23,27,12,7,19,29,43,36,0,0,0,13,0,3,3,0,20,31,20,0,17,24,35,43,0,0,0,13,10,3,1,3,7,24,3,3,21,23,26,38,0,0,3,24,25,3,0,3,3,17,3,1,18,23,19,24,0,0,3,7,14,5,5,3,10,24,3,0,18,24,21,23,0,0,3,7,3,13,9,9,11,15,0,15,33,38,24,18,0,0,5,0,0,7,23,5,3,9,26,36,47,35,15,18,0,1,3,0,3,0,0,0,3,21,29,35,31,23,15,21,0,1,0,0,1,5,19,15,18,23,26,23,19,14,7,12,0,12,7,0,7,15,20,20,22,22,21,15,11,11,12,3,0,11,18,0,3,24,15,17,21,22,17,14,13,14,7,9,0,10,15,15,10,25,26,24,23,15,9,13,15,3,0,18
0,0,0,0,0,0,0,0,0,0,0,0,0,0,0,0,17,15,15,14,15,15,15,14,15,20,28,31,27,25,26,28,17,18,20,17,17,3,3,19,31,30,20,23,30,33,29,29,21,33,27,17,17,7,17,25,38,25,6,13,21,35,37,28,10,31,13,15,11,15,7,17,24,25,7,15,23,34,41,31,0,3,3,14,3,0,1,10,22,31,5,9,20,27,42,40,0,1,1,15,3,0,3,0,15,21,3,6,24,27,33,39,0,3,5,20,18,0,3,1,6,14,1,10,21,20,18,29,0,3,5,13,24,0,5,9,15,13,3,6,23,23,22,22,0,1,1,0,6,5,11,9,12,12,10,22,39,29,19,15,1,0,3,3,0,22,12,3,3,15,28,47,45,27,15,22,1,0,5,1,3,0,0,1,10,29,35,33,25,20,18,22,3,1,0,0,3,3,15,17,20,25,24,22,15,10,9,11,3,12,0,3,6,23,19,22,22,22,19,13,11,13,7,0,0,15,13,5,7,18,15,19,22,19,15,13,13,9,5,12,0,13,15,10,28,26,24,23,20,11,10,15,10,3,3,26
0,0,0,0,0,0,0,0,0,0,0,0,0,0,0,0,15,17,15,15,15,14,15,14,15,23,30,30,26,25,27,15,17,18,17,17,14,3,14,25,33,25,22,28,31,33,28,15,30,35,21,17,15,3,24,30,37,10,7,15,24,39,31,15,19,21,15,13,14,15,7,23,27,12,7,19,29,43,36,15,0,0,13,0,3,3,0,20,31,20,0,17,24,35,43,24,0,0,13,10,3,1,3,7,24,3,3,21,23,26,38,21,0,3,24,25,3,0,3,3,17,3,1,18,23,19,24,19,0,3,7,14,5,5,3,10,24,3,0,18,24,21,23,9,0,3,7,3,13,9,9,11,15,0,15,33,38,24,18,7,0,5,0,0,7,23,5,3,9,26,36,47,35,15,18,13,1,3,0,3,0,0,0,3,21,29,35,31,23,15,21,17,1,0,0,1,5,19,15,18,23,26,23,19,14,7,12,10,12,7,0,7,15,20,20,22,22,21,15,11,11,12,3,0,11,18,0,3,24,15,17,21,22,17,14,13,14,7,9,12,10,15,15,10,25,26,24,23,15,9,13,15,3,0,18,17
0,7,7,7,6,7,7,6,6,6,9,12,12,12,13,14,0,18,18,17,15,15,9,15,18,24,26,28,34,35,28,28,0,21,22,19,17,15,6,24,35,36,19,11,20,31,37,28,0,26,31,20,17,15,14,19,27,29,9,5,19,28,41,33,0,3,11,11,5,3,0,0,19,30,15,7,15,28,37,41,0,0,1,11,3,3,1,0,15,31,9,1,17,22,29,42,0,0,1,20,23,3,0,3,3,21,3,1,23,24,24,29,0,0,3,15,22,1,1,3,9,17,5,0,24,24,15,22,0,0,3,11,7,6,1,15,15,15,11,13,27,31,22,23,0,0,5,6,0,9,15,11,1,11,12,17,47,37,17,12,0,0,5,0,1,0,5,0,0,7,24,42,36,23,23,28,0,1,1,0,0,6,7,7,11,21,33,29,22,19,15,17,0,3,3,0,3,5,23,21,24,23,23,19,15,10,9,9,0,12,15,0,3,23,19,19,23,21,18,15,12,13,7,3,0,9,15,9,7,24,22,17,18,15,14,15,15,7,1,11,0,11,13,17,17,27,25,23,27,17,9,12,14,3,0,15
6,6,7,7,7,7,7,6,6,7,10,13,12,13,14,15,18,17,17,15,15,10,12,15,21,24,26,31,36,33,28,28,19,23,22,17,17,7,13,30,37,33,13,17,24,33,31,27,18,31,28,17,17,17,17,23,28,21,3,13,19,39,37,29,0,15,3,14,3,0,1,15,24,29,7,12,23,31,43,37,0,1,0,13,3,1,1,5,19,29,3,7,23,23,39,40,0,1,3,18,6,0,3,0,10,14,1,10,25,24,25,34,0,3,9,18,20,0,0,3,12,13,1,13,24,20,19,25,1,3,0,7,11,0,3,13,17,15,9,18,35,28,20,19,1,0,3,3,5,10,21,6,7,12,19,33,40,22,13,15,1,0,5,6,1,0,0,0,0,13,31,41,33,25,24,29,1,0,3,0,0,3,9,9,15,26,31,24,21,15,15,17,3,5,0,0,7,23,21,23,23,24,20,18,12,9,11,5,0,15,6,3,5,17,17,23,22,21,17,15,10,13,5,3,0,14,15,6,21,24,18,18,18,15,14,15,13,3,0,21,0,12,15,20,25,27,23,25,22,11,9,15,7,1,3,25
7,7,7,6,7,7,6,6,6,9,12,12,12,13,14,10,18,18,17,15,15,9,15,18,24,26,28,34,35,28,28,15,21,22,19,17,15,6,24,35,36,19,11,20,31,37,28,15,26,31,20,17,15,14,19,27,29,9,5,19,28,41,33,14,3,11,11,5,3,0,0,19,30,15,7,15,28,37,41,18,0,1,11,3,3,1,0,15,31,9,1,17,22,29,42,23,0,1,20,23,3,0,3,3,21,3,1,23,24,24,29,20,0,3,15,22,1,1,3,9,17,5,0,24,24,15,22,14,0,3,11,7,6,1,15,15,15,11,13,27,31,22,23,7,0,5,6,0,9,15,11,1,11,12,17,47,37,17,12,9,0,5,0,1,0,5,0,0,7,24,42,36,23,23,28,25,1,1,0,0,6,7,7,11,21,33,29,22,19,15,17,13,3,3,0,3,5,23,21,24,23,23,19,15,10,9,9,3,12,15,0,3,23,19,19,23,21,18,15,12,13,7,3,3,9,15,9,7,24,22,17,18,15,14,15,15,7,1,11,17,11,13,17,17,27,25,23,27,17,9,12,14,3,0,15,15
0,15,17,15,15,15,14,15,14,15,23,30,30,26,25,27,0,17,18,17,17,14,3,14,25,33,25,22,28,31,33,28,0,30,35,21,17,15,3,24,30,37,10,7,15,24,39,31,0,19,21,15,13,14,15,7,23,27,12,7,19,29,43,36,0,0,0,13,0,3,3,0,20,31,20,0,17,24,35,43,0,0,0,13,10,3,1,3,7,24,3,3,21,23,26,38,0,0,3,24,25,3,0,3,3,17,3,1,18,23,19,24,0,0,3,7,14,5,5,3,10,24,3,0,18,24,21,23,0,0,3,7,3,13,9,9,11,15,0,15,33,38,24,18,0,0,5,0,0,7,23,5,3,9,26,36,47,35,15,18,0,1,3,0,3,0,0,0,3,21,29,35,31,23,15,21,0,1,0,0,1,5,19,15,18,23,26,23,19,14,7,12,0,12,7,0,7,15,20,20,22,22,21,15,11,11,12,3,0,11,18,0,3,24,15,17,21,22,17,14,13,14,7,9,0,10,15,15,10,25,26,24,23,15,9,13,15,3,0,18,0,0,0,0,1,3,3,3,3,3,1,0,1,1,0,0
17,15,15,14,15,15,15,14,15,20,28,31,27,25,26,28,17,18,20,17,17,3,3,19,31,30,20,23,30,33,29,29,21,33,27,17,17,7,17,25,38,25,6,13,21,35,37,28,10,31,13,15,11,15,7,17,24,25,7,15,23,34,41,31,0,3,3,14,3,0,1,10,22,31,5,9,20,27,42,40,0,1,1,15,3,0,3,0,15,21,3,6,24,27,33,39,0,3,5,20,18,0,3,1,6,14,1,10,21,20,18,29,0,3,5,13,24,0,5,9,15,13,3,6,23,23,22,22,0,1,1,0,6,5,11,9,12,12,10,22,39,29,19,15,1,0,3,3,0,22,12,3,3,15,28,47,45,27,15,22,1,0,5,1,3,0,0,1,10,29,35,33,25,20,18,22,3,1,0,0,3,3,15,17,20,25,24,22,15,10,9,11,3,12,0,3,6,23,19,22,22,22,19,13,11,13,7,0,0,15,13,5,7,18,15,19,22,19,15,13,13,9,5,12,0,13,15,10,28,26,24,23,20,11,10,15,10,3,3,26,0,0,0,0,3,3,3,3,3,3,0,0,3,1,0,0
15,17,15,15,15,14,15,14,15,23,30,30,26,25,27,15,17,18,17,17,14,3,14,25,33,25,22,28,31,33,28,15,30,35,21,17,15,3,24,30,37,10,7,15,24,39,31,15,19,21,15,13,14,15,7,23,27,12,7,19,29,43,36,15,0,0,13,0,3,3,0,20,31,20,0,17,24,35,43,24,0,0,13,10,3,1,3,7,24,3,3,21,23,26,38,21,0,3,24,25,3,0,3,3,17,3,1,18,23,19,24,19,0,3,7,14,5,5,3,10,24,3,0,18,24,21,23,9,0,3,7,3,13,9,9,11,15,0,15,33,38,24,18,7,0,5,0,0,7,23,5,3,9,26,36,47,35,15,18,13,1,3,0,3,0,0,0,3,21,29,35,31,23,15,21,17,1,0,0,1,5,19,15,18,23,26,23,19,14,7,12,10,12,7,0,7,15,20,20,22,22,21,15,11,11,12,3,0,11,18,0,3,24,15,17,21,22,17,14,13,14,7,9,12,10,15,15,10,25,26,24,23,15,9,13,15,3,0,18,17,0,0,0,1,3,3,3,3,3,1,0,1,1,0,0,0
0,0,0,0,0,0,0,0,0,0,0,0,0,0,0,0,0,12,15,14,15,17,14,14,15,18,18,17,15,15,15,17,0,13,15,15,17,14,12,19,22,25,15,14,15,15,13,17,0,23,9,17,17,15,18,20,20,9,0,1,0,12,9,12,0,23,3,14,14,24,15,10,6,5,0,10,5,7,9,3,0,5,0,15,1,7,6,11,7,11,1,6,11,3,7,9,0,0,3,11,18,5,0,6,5,15,0,11,7,1,5,6,0,0,10,5,21,3,3,6,5,11,1,11,7,5,0,3,0,1,3,7,15,0,3,14,3,5,3,6,12,1,1,0,0,3,3,7,0,7,6,7,9,0,22,5,15,3,1,7,0,3,1,6,0,1,1,0,6,5,3,15,6,0,3,15,0,5,3,9,0,3,0,0,3,3,15,3,0,3,17,21,0,3,6,0,5,22,3,7,7,1,0,0,0,0,0,0,0,1,3,3,12,12,0,0,0,0,0,0,0,0,0,0,0,0,0,1,15,0,0,0,0,0,0,0,0,0,0,0,0,0,0,3,7,0,0,0,0,0,0,0,0,0,0,0
0,0,0,0,0,0,0,0,0,0,0,0,0,0,0,0,6,12,15,14,15,14,14,15,15,18,18,15,15,15,15,17,6,13,15,15,15,3,26,18,24,19,14,15,15,12,15,15,9,18,14,17,17,15,15,25,15,0,1,0,3,14,5,15,7,9,7,15,15,23,9,12,1,1,1,7,5,9,5,11,0,0,10,18,3,14,6,9,5,3,3,9,3,5,13,5,7,0,9,12,3,7,1,12,3,0,1,12,3,3,7,9,6,3,15,7,11,3,3,7,7,0,7,9,6,1,3,3,0,1,15,5,13,1,10,3,5,0,3,9,6,1,3,1,0,3,7,0,12,13,7,1,7,5,11,12,7,1,3,13,1,3,1,0,5,10,1,3,14,1,12,12,0,0,13,17,1,5,3,0,1,7,0,3,3,10,10,0,0,11,21,20,7,1,3,0,14,15,5,9,5,0,0,0,0,0,0,0,3,1,0,7,29,0,0,0,0,0,0,0,0,0,0,0,3,0,1,7,12,0,0,0,0,0,0,0,0,0,0,0,0,0,0,5,0,0,0,0,0,0,0,0,0,0,0,0
0,0,0,0,0,0,0,0,0,0,0,0,0,0,0,0,12,15,14,15,17,14,14,15,18,18,17,15,15,15,17,6,13,15,15,17,14,12,19,22,25,15,14,15,15,13,17,7,23,9,17,17,15,18,20,20,9,0,1,0,12,9,12,9,23,3,14,14,24,15,10,6,5,0,10,5,7,9,3,10,5,0,15,1,7,6,11,7,11,1,6,11,3,7,9,3,0,3,11,18,5,0,6,5,15,0,11,7,1,5,6,1,0,10,5,21,3,3,6,5,11,1,11,7,5,0,3,1,1,3,7,15,0,3,14,3,5,3,6,12,1,1,0,1,3,3,7,0,7,6,7,9,0,22,5,15,3,1,7,9,3,1,6,0,1,1,0,6,5,3,15,6,0,3,15,11,5,3,9,0,3,0,0,3,3,15,3,0,3,17,21,6,3,6,0,5,22,3,7,7,1,0,0,0,0,0,0,0,1,3,3,12,12,0,0,0,0,0,0,0,0,0,0,0,0,0,1,15,0,0,0,0,0,0,0,0,0,0,0,0,0,0,3,7,0,0,0,0,0,0,0,0,0,0,0,0
0,1,0,0,1,1,0,1,1,1,1,1,1,1,1,3,0,12,15,15,17,15,15,15,18,23,20,19,15,13,15,17,0,15,15,15,17,15,7,21,21,19,6,5,7,13,9,15,0,29,5,15,15,17,18,14,10,6,0,7,0,10,9,7,0,18,0,15,11,26,10,10,7,7,1,7,11,5,11,3,0,0,0,14,5,7,3,9,7,13,0,6,10,0,9,10,0,0,3,7,19,3,1,3,5,12,0,13,5,3,1,3,0,0,9,7,20,3,5,18,1,11,1,9,5,0,0,5,0,1,1,6,9,0,7,3,3,0,3,1,10,3,5,1,0,3,3,7,0,7,3,1,9,0,7,20,11,1,0,9,0,5,1,6,0,18,7,0,5,11,18,9,7,3,11,20,0,3,5,0,3,7,3,1,5,3,3,0,0,0,0,0,0,3,3,0,9,25,0,0,0,0,0,0,0,0,0,0,0,0,1,1,22,0,0,0,0,0,0,0,0,0,0,0,0,0,0,3,5,0,0,0,0,0,0,0,0,0,0,1,0,0,0,0,0,0,0,0,0,0,0,0,0,0,0,0
0,0,1,0,1,1,0,1,1,0,1,1,1,1,1,3,7,11,17,15,17,12,19,17,20,22,20,17,15,13,15,15,7,15,17,15,17,3,22,19,25,7,3,5,7,13,11,17,10,21,7,17,17,18,14,18,6,0,1,1,3,11,3,14,0,0,10,15,12,25,6,12,3,7,1,12,6,6,11,3,6,1,11,19,1,14,0,7,6,0,3,10,1,7,11,7,7,1,10,9,6,7,1,12,0,0,6,11,3,1,3,7,3,1,17,6,13,3,17,3,7,0,7,3,1,0,3,3,0,3,11,0,19,3,6,0,5,1,0,7,6,1,3,7,1,3,3,0,1,19,3,0,13,1,12,15,5,1,1,10,1,3,1,0,6,14,3,3,10,15,15,10,1,3,17,20,1,3,3,0,7,9,0,3,6,5,1,0,0,0,0,0,9,3,1,3,25,5,0,0,0,0,0,0,0,0,0,0,1,0,1,9,22,0,0,0,0,0,0,0,0,0,0,0,3,0,1,3,5,0,0,0,0,0,0,0,0,0,0,0,0,0,0,0,0,0,0,0,0,0,0,0,0,0,0,0
1,0,0,1,1,0,1,1,1,1,1,1,1,1,3,1,12,15,15,17,15,15,15,18,23,20,19,15,13,15,17,7,15,15,15,17,15,7,21,21,19,6,5,7,13,9,15,7,29,5,15,15,17,18,14,10,6,0,7,0,10,9,7,10,18,0,15,11,26,10,10,7,7,1,7,11,5,11,3,7,0,0,14,5,7,3,9,7,13,0,6,10,0,9,10,1,0,3,7,19,3,1,3,5,12,0,13,5,3,1,3,1,0,9,7,20,3,5,18,1,11,1,9,5,0,0,5,1,1,1,6,9,0,7,3,3,0,3,1,10,3,5,1,7,3,3,7,0,7,3,1,9,0,7,20,11,1,0,9,7,5,1,6,0,18,7,0,5,11,18,9,7,3,11,20,7,3,5,0,3,7,3,1,5,3,3,0,0,0,0,0,1,3,3,0,9,25,0,0,0,0,0,0,0,0,0,0,0,0,1,1,22,0,0,0,0,0,0,0,0,0,0,0,0,0,0,3,5,0,0,0,0,0,0,0,0,0,0,1,0,0,0,0,0,0,0,0,0,0,0,0,0,0,0,0,0
0,12,15,14,15,17,14,14,15,18,18,17,15,15,15,17,0,13,15,15,17,14,12,19,22,25,15,14,15,15,13,17,0,23,9,17,17,15,18,20,20,9,0,1,0,12,9,12,0,23,3,14,14,24,15,10,6,5,0,10,5,7,9,3,0,5,0,15,1,7,6,11,7,11,1,6,11,3,7,9,0,0,3,11,18,5,0,6,5,15,0,11,7,1,5,6,0,0,10,5,21,3,3,6,5,11,1,11,7,5,0,3,0,1,3,7,15,0,3,14,3,5,3,6,12,1,1,0,0,3,3,7,0,7,6,7,9,0,22,5,15,3,1,7,0,3,1,6,0,1,1,0,6,5,3,15,6,0,3,15,0,5,3,9,0,3,0,0,3,3,15,3,0,3,17,21,0,3,6,0,5,22,3,7,7,1,0,0,0,0,0,0,0,1,3,3,12,12,0,0,0,0,0,0,0,0,0,0,0,0,0,1,15,0,0,0,0,0,0,0,0,0,0,0,0,0,0,3,7,0,0,0,0,0,0,0,0,0,0,0,0,0,0,0,0,0,0,0,0,0,0,0,0,0,0,0
6,12,15,14,15,14,14,15,15,18,18,15,15,15,15,17,6,13,15,15,15,3,26,18,24,19,14,15,15,12,15,15,9,18,14,17,17,15,15,25,15,0,1,0,3,14,5,15,7,9,7,15,15,23,9,12,1,1,1,7,5,9,5,11,0,0,10,18,3,14,6,9,5,3,3,9,3,5,13,5,7,0,9,12,3,7,1,12,3,0,1,12,3,3,7,9,6,3,15,7,11,3,3,7,7,0,7,9,6,1,3,3,0,1,15,5,13,1,10,3,5,0,3,9,6,1,3,1,0,3,7,0,12,13,7,1,7,5,11,12,7,1,3,13,1,3,1,0,5,10,1,3,14,1,12,12,0,0,13,17,1,5,3,0,1,7,0,3,3,10,10,0,0,11,21,20,7,1,3,0,14,15,5,9,5,0,0,0,0,0,0,0,3,1,0,7,29,0,0,0,0,0,0,0,0,0,0,0,3,0,1,7,12,0,0,0,0,0,0,0,0,0,0,0,0,0,0,5,0,0,0,0,0,0,0,0,0,0,0,0,0,0,0,0,0,0,0,0,0,0,0,0,0,0,0,0
12,15,14,15,17,14,14,15,18,18,17,15,15,15,17,6,13,15,15,17,14,12,19,22,25,15,14,15,15,13,17,7,23,9,17,17,15,18,20,20,9,0,1,0,12,9,12,9,23,3,14,14,24,15,10,6,5,0,10,5,7,9,3,10,5,0,15,1,7,6,11,7,11,1,6,11,3,7,9,3,0,3,11,18,5,0,6,5,15,0,11,7,1,5,6,1,0,10,5,21,3,3,6,5,11,1,11,7,5,0,3,1,1,3,7,15,0,3,14,3,5,3,6,12,1,1,0,1,3,3,7,0,7,6,7,9,0,22,5,15,3,1,7,9,3,1,6,0,1,1,0,6,5,3,15,6,0,3,15,11,5,3,9,0,3,0,0,3,3,15,3,0,3,17,21,6,3,6,0,5,22,3,7,7,1,0,0,0,0,0,0,0,1,3,3,12,12,0,0,0,0,0,0,0,0,0,0,0,0,0,1,15,0,0,0,0,0,0,0,0,0,0,0,0,0,0,3,7,0,0,0,0,0,0,0,0,0,0,0,0,0,0,0,0,0,0,0,0,0,0,0,0,0,0,0,0
0,0,0,0,0,0,0,0,0,0,0,0,0,0,0,0,0,12,11,12,11,10,11,13,14,11,7,9,12,9,3,1,0,10,10,13,10,14,3,3,9,7,1,0,0,0,10,1,0,0,27,13,11,14,17,3,0,0,0,0,0,0,0,7,0,0,1,9,14,0,12,0,0,0,19,0,0,0,0,15,0,0,0,0,33,0,1,0,0,0,22,0,0,0,0,0,0,1,6,3,17,35,23,0,0,0,30,0,0,0,0,0,0,3,1,15,0,15,20,3,1,0,25,0,0,0,0,0,0,7,0,1,0,13,19,0,5,0,17,0,0,0,0,0,0,0,5,0,3,0,15,0,0,3,0,7,0,0,0,1,0,11,7,1,6,0,3,12,0,0,7,0,0,0,6,7,0,18,10,0,30,0,0,12,6,0,0,0,0,0,0,0,0,10,24,0,22,1,0,0,0,0,0,0,0,0,0,0,0,0,9,35,0,0,0,0,0,0,0,0,0,0,0,0,0,0,0,30,0,0,0,0,0,0,0,0,0,0,0,0,0,0,0,0,0,0,0,0,0,0,0,0,0,0,0,0
0,0,0,0,0,0,0,0,0,0,0,0,0,0,0,0,0,15,9,11,10,11,12,14,13,9,9,12,10,5,5,0,0,14,10,13,11,25,0,12,7,11,0,0,0,6,7,0,0,12,18,12,11,35,13,0,0,7,0,0,0,0,15,0,0,0,0,14,12,1,5,0,0,1,7,0,0,0,0,7,0,1,0,7,31,0,0,0,0,0,3,0,0,0,0,11,0,21,0,0,40,3,17,0,0,0,0,0,0,0,0,0,0,21,0,13,24,15,15,0,0,19,0,0,0,0,0,0,0,13,0,7,0,36,3,5,0,17,3,0,0,0,0,0,1,9,1,3,0,1,9,3,0,3,9,0,0,1,0,0,17,7,0,1,0,0,0,12,0,1,0,0,0,3,5,7,27,5,0,14,0,3,0,12,0,0,0,0,0,0,0,0,6,26,0,33,10,3,0,0,0,0,0,0,0,0,0,0,0,0,10,33,3,0,0,0,0,0,0,0,0,0,0,0,0,0,0,40,0,0,0,0,0,0,0,0,0,0,0,0,0,0,0,1,0,0,0,0,0,0,0,0,0,0,0,0
0,0,0,0,0,0,0,0,0,0,0,0,0,0,0,0,12,11,12,11,10,11,13,14,11,7,9,12,9,3,1,20,10,10,13,10,14,3,3,9,7,1,0,0,0,10,1,19,0,27,13,11,14,17,3,0,0,0,0,0,0,0,7,18,0,1,9,14,0,12,0,0,0,19,0,0,0,0,15,15,0,0,0,33,0,1,0,0,0,22,0,0,0,0,0,26,1,6,3,17,35,23,0,0,0,30,0,0,0,0,0,15,3,1,15,0,15,20,3,1,0,25,0,0,0,0,0,14,7,0,1,0,13,19,0,5,0,17,0,0,0,0,0,10,0,5,0,3,0,15,0,0,3,0,7,0,0,0,1,15,11,7,1,6,0,3,12,0,0,7,0,0,0,6,7,18,18,10,0,30,0,0,12,6,0,0,0,0,0,0,0,7,10,24,0,22,1,0,0,0,0,0,0,0,0,0,0,0,0,9,35,0,0,0,0,0,0,0,0,0,0,0,0,0,0,0,30,0,0,0,0,0,0,0,0,0,0,0,0,6,0,0,0,0,0,0,0,0,0,0,0,0,0,0,0,1
0,13,10,12,11,11,12,12,12,12,12,11,12,9,10,9,0,11,11,12,10,11,6,10,12,6,7,0,6,12,7,0,0,7,13,13,11,15,15,3,10,3,0,0,0,0,10,3,0,0,19,12,12,9,12,0,0,0,12,0,0,0,0,12,0,0,0,3,22,0,3,0,0,0,21,0,0,0,0,10,0,0,0,0,31,28,13,0,0,0,27,0,0,0,0,0,0,1,0,17,0,22,23,0,1,0,27,0,0,0,0,0,0,6,0,3,0,9,19,0,3,0,24,0,0,0,0,0,0,1,0,1,0,7,24,7,0,0,6,14,0,0,0,3,0,3,7,1,5,0,3,0,0,6,0,0,0,0,0,1,0,15,10,3,19,1,0,7,0,0,0,0,0,0,3,3,0,20,11,0,28,0,3,18,13,0,0,0,0,0,0,0,0,0,26,17,15,3,0,0,0,0,0,0,0,0,0,0,0,0,0,44,0,0,0,0,0,0,0,0,0,0,0,0,0,0,0,9,0,0,0,0,0,0,0,0,0,0,0,0,0,0,0,0,0,0,0,0,0,0,0,0,0,0,0,0
0,14,9,11,10,13,11,12,12,13,10,11,10,9,10,7,0,15,10,11,9,13,1,15,10,5,3,0,7,11,3,0,0,15,12,13,11,33,0,9,7,10,0,0,0,0,12,0,0,0,18,12,11,14,7,0,0,6,0,0,0,0,9,3,0,0,0,13,17,0,1,0,0,0,11,0,0,0,0,14,0,15,0,1,51,0,3,0,0,0,0,0,0,0,0,0,0,22,0,6,33,9,24,1,0,9,0,0,0,0,0,0,0,15,0,12,13,25,0,7,0,17,1,0,0,0,0,0,0,11,1,7,0,35,11,5,0,5,22,0,0,3,0,0,9,10,0,3,0,0,5,10,0,1,0,1,0,0,0,3,24,7,0,7,0,3,0,3,0,0,0,0,0,1,3,3,23,15,0,17,9,3,15,18,0,0,0,0,0,0,0,0,0,11,9,39,1,0,0,0,0,0,0,0,0,0,0,0,0,0,0,37,3,0,0,0,0,0,0,0,0,0,0,0,0,0,0,23,0,0,0,0,0,0,0,0,0,0,0,0,0,0,0,0,0,0,0,0,0,0,0,0,0,0,0,0
13,10,12,11,11,12,12,12,12,12,11,12,9,10,9,20,11,11,12,10,11,6,10,12,6,7,0,6,12,7,0,18,7,13,13,11,15,15,3,10,3,0,0,0,0,10,3,19,0,19,12,12,9,12,0,0,0,12,0,0,0,0,12,18,0,0,3,22,0,3,0,0,0,21,0,0,0,0,10,20,0,0,0,31,28,13,0,0,0,27,0,0,0,0,0,22,1,0,17,0,22,23,0,1,0,27,0,0,0,0,0,13,6,0,3,0,9,19,0,3,0,24,0,0,0,0,0,13,1,0,1,0,7,24,7,0,0,6,14,0,0,0,3,12,3,7,1,5,0,3,0,0,6,0,0,0,0,0,1,15,15,10,3,19,1,0,7,0,0,0,0,0,0,3,3,18,20,11,0,28,0,3,18,13,0,0,0,0,0,0,0,0,0,26,17,15,3,0,0,0,0,0,0,0,0,0,0,0,0,0,44,0,0,0,0,0,0,0,0,0,0,0,0,0,0,0,9,0,0,0,0,0,0,0,0,0,0,0,0,6,0,0,0,0,0,0,0,0,0,0,0,0,0,0,0,0
0,12,11,12,11,10,11,13,14,11,7,9,12,9,3,1,0,10,10,13,10,14,3,3,9,7,1,0,0,0,10,1,0,0,27,13,11,14,17,3,0,0,0,0,0,0,0,7,0,0,1,9,14,0,12,0,0,0,19,0,0,0,0,15,0,0,0,0,33,0,1,0,0,0,22,0,0,0,0,0,0,1,6,3,17,35,23,0,0,0,30,0,0,0,0,0,0,3,1,15,0,15,20,3,1,0,25,0,0,0,0,0,0,7,0,1,0,13,19,0,5,0,17,0,0,0,0,0,0,0,5,0,3,0,15,0,0,3,0,7,0,0,0,1,0,11,7,1,6,0,3,12,0,0,7,0,0,0,6,7,0,18,10,0,30,0,0,12,6,0,0,0,0,0,0,0,0,10,24,0,22,1,0,0,0,0,0,0,0,0,0,0,0,0,9,35,0,0,0,0,0,0,0,0,0,0,0,0,0,0,0,30,0,0,0,0,0,0,0,0,0,0,0,0,0,0,0,0,0,0,0,0,0,0,0,0,0,0,0,0,0,0,0,0,0,0,0,0,0,0,0,0,0,0,0,0
0,15,9,11,10,11,12,14,13,9,9,12,10,5,5,0,0,14,10,13,11,25,0,12,7,11,0,0,0,6,7,0,0,12,18,12,11,35,13,0,0,7,0,0,0,0,15,0,0,0,0,14,12,1,5,0,0,1,7,0,0,0,0,7,0,1,0,7,31,0,0,0,0,0,3,0,0,0,0,11,0,21,0,0,40,3,17,0,0,0,0,0,0,0,0,0,0,21,0,13,24,15,15,0,0,19,0,0,0,0,0,0,0,13,0,7,0,36,3,5,0,17,3,0,0,0,0,0,1,9,1,3,0,1,9,3,0,3,9,0,0,1,0,0,17,7,0,1,0,0,0,12,0,1,0,0,0,3,5,7,27,5,0,14,0,3,0,12,0,0,0,0,0,0,0,0,6,26,0,33,10,3,0,0,0,0,0,0,0,0,0,0,0,0,10,33,3,0,0,0,0,0,0,0,0,0,0,0,0,0,0,40,0,0,0,0,0,0,0,0,0,0,0,0,0,0,0,1,0,0,0,0,0,0,0,0,0,0,0,0,0,0,0,0,0,0,0,0,0,0,0,0,0,0,0,0
12,11,12,11,10,11,13,14,11,7,9,12,9,3,1,20,10,10,13,10,14,3,3,9,7,1,0,0,0,10,1,19,0,27,13,11,14,17,3,0,0,0,0,0,0,0,7,18,0,1,9,14,0,12,0,0,0,19,0,0,0,0,15,15,0,0,0,33,0,1,0,0,0,22,0,0,0,0,0,26,1,6,3,17,35,23,0,0,0,30,0,0,0,0,0,15,3,1,15,0,15,20,3,1,0,25,0,0,0,0,0,14,7,0,1,0,13,19,0,5,0,17,0,0,0,0,0,10,0,5,0,3,0,15,0,0,3,0,7,0,0,0,1,15,11,7,1,6,0,3,12,0,0,7,0,0,0,6,7,18,18,10,0,30,0,0,12,6,0,0,0,0,0,0,0,7,10,24,0,22,1,0,0,0,0,0,0,0,0,0,0,0,0,9,35,0,0,0,0,0,0,0,0,0,0,0,0,0,0,0,30,0,0,0,0,0,0,0,0,0,0,0,0,6,0,0,0,0,0,0,0,0,0,0,0,0,0,0,0,1,0,0,0,0,0,0,0,0,0,0,0,0,0,0,0,0
0,0,0,0,0,0,0,0,0,0,0,0,0,0,0,0,0,0,0,0,0,0,0,0,0,0,0,0,0,0,0,0,0,0,0,0,0,0,3,0,0,0,0,0,0,0,0,0,0,0,0,0,0,0,9,1,0,0,6,0,0,0,0,0,0,0,0,0,0,1,0,0,0,0,13,0,0,0,0,0,0,0,9,0,0,6,1,0,0,0,0,0,0,0,0,0,0,0,7,0,0,23,0,0,0,0,24,0,0,0,0,0,0,0,13,0,0,15,5,15,0,0,35,0,0,0,0,0,0,0,0,0,0,6,37,0,1,0,24,1,0,0,0,0,0,0,15,0,0,0,0,0,0,0,0,0,0,0,0,0,0,10,15,0,7,0,0,0,3,0,0,0,0,0,0,0,0,21,13,0,23,0,0,29,12,0,0,1,1,1,0,0,0,25,15,0,54,22,3,0,0,1,1,1,1,0,1,1,0,0,19,7,44,1,3,3,3,3,3,3,3,6,3,1,0,0,0,30,12,5,3,1,0,1,1,1,3,0,6,14,0,1,3,0,0,3,3,3,3,3,3,1,3,9,11,0
0,0,0,0,0,0,0,0,0,0,0,0,0,0,0,0,0,0,0,0,0,0,0,0,0,0,0,0,0,0,0,0,0,0,0,0,0,0,0,0,0,0,0,0,0,0,0,0,0,0,0,0,0,9,1,0,0,0,1,0,0,0,0,0,0,0,0,0,0,0,0,0,0,0,3,0,0,0,0,0,3,0,0,0,10,0,7,0,0,0,12,0,0,0,0,0,10,15,0,0,29,0,9,0,0,0,30,0,0,0,0,0,6,25,0,1,0,0,27,0,0,0,14,0,0,0,0,0,10,25,0,0,0,19,19,1,0,0,6,0,0,0,0,0,25,15,0,0,0,14,0,0,0,1,0,0,0,0,0,0,29,14,1,0,0,0,1,7,0,0,0,0,0,0,0,0,14,7,11,0,23,0,11,29,0,0,1,1,3,0,0,1,3,15,9,19,38,3,0,0,0,1,1,3,0,1,0,3,0,7,7,43,1,3,3,3,3,3,3,3,6,3,3,9,0,0,3,52,0,3,3,1,0,1,1,3,0,1,18,3,0,1,0,15,3,3,3,3,3,3,1,3,3,17,0,3
0,0,0,0,0,0,0,0,0,0,0,0,0,0,0,0,0,0,0,0,0,0,0,0,0,0,0,0,0,0,0,0,0,0,0,0,0,3,0,0,0,0,0,0,0,0,0,1,0,0,0,0,0,9,1,0,0,6,0,0,0,0,0,1,0,0,0,0,1,0,0,0,0,13,0,0,0,0,0,1,0,9,0,0,6,1,0,0,0,0,0,0,0,0,0,1,0,7,0,0,23,0,0,0,0,24,0,0,0,0,0,3,0,13,0,0,15,5,15,0,0,35,0,0,0,0,0,3,0,0,0,0,6,37,0,1,0,24,1,0,0,0,0,1,0,15,0,0,0,0,0,0,0,0,0,0,0,0,0,1,10,15,0,7,0,0,0,3,0,0,0,0,0,0,0,0,21,13,0,23,0,0,29,12,0,0,1,1,1,0,0,1,25,15,0,54,22,3,0,0,1,1,1,1,0,1,1,3,0,19,7,44,1,3,3,3,3,3,3,3,6,3,1,9,0,0,30,12,5,3,1,0,1,1,1,3,0,6,14,1,1,3,0,0,3,3,3,3,3,3,1,3,9,11,0,10
0,0,0,0,0,0,0,0,0,0,0,0,0,0,0,0,0,0,0,0,0,0,0,0,0,0,0,0,0,0,0,0,0,0,0,0,0,0,15,0,0,0,0,1,0,0,0,0,0,0,0,0,0,3,0,1,0,0,10,0,0,0,0,0,0,0,0,0,0,0,0,0,0,0,3,0,0,0,0,0,0,0,11,0,3,24,0,0,0,0,3,3,0,0,0,0,0,0,13,0,0,24,0,6,0,0,38,0,0,0,0,0,0,0,3,0,0,1,21,9,0,0,30,0,0,0,0,0,0,0,7,0,0,0,34,1,0,0,15,1,0,0,0,0,0,5,17,0,7,1,0,0,3,0,0,0,0,0,0,0,0,13,15,0,9,0,0,0,7,0,0,0,0,0,0,0,0,30,12,0,49,9,6,20,7,3,0,5,3,1,1,1,0,9,19,0,48,0,1,0,0,1,3,1,0,1,1,1,0,0,6,25,27,5,1,1,0,1,3,3,7,1,3,14,0,1,0,20,7,3,3,3,1,1,1,1,1,1,17,0,0,0,1,0,0,0,0,0,0,1,3,0,0,21,9,0
0,0,0,0,0,0,0,0,0,0,0,0,0,0,0,0,0,0,0,0,0,0,0,0,0,0,0,0,0,0,0,0,0,0,0,0,0,5,0,0,0,0,1,0,0,0,0,0,0,0,0,0,1,0,1,0,0,0,3,0,0,0,0,0,0,0,0,0,0,0,3,0,0,0,3,0,0,0,0,0,12,6,0,0,42,0,6,0,0,0,21,0,0,0,0,0,9,15,0,1,3,0,18,0,0,0,22,0,0,0,0,0,7,29,0,0,0,1,20,1,0,0,11,0,0,0,0,0,15,17,0,0,0,25,3,1,0,0,10,0,0,0,0,0,30,15,0,0,0,0,0,0,0,0,0,0,0,0,0,0,22,11,7,0,6,0,0,25,0,0,0,0,0,0,0,0,11,10,7,0,44,0,15,13,3,0,3,3,3,1,0,3,0,13,12,30,24,3,0,0,0,1,3,1,1,1,1,3,0,0,5,49,0,1,3,0,1,3,3,5,5,1,6,18,1,0,0,38,3,3,3,3,1,1,1,1,1,5,10,0,0,0,0,0,0,0,0,0,0,3,1,0,9,21,0,0
0,0,0,0,0,0,0,0,0,0,0,0,0,0,0,0,0,0,0,0,0,0,0,0,0,0,0,0,0,0,0,1,0,0,0,0,0,15,0,0,0,0,1,0,0,0,0,0,0,0,0,0,3,0,1,0,0,10,0,0,0,0,0,1,0,0,0,0,0,0,0,0,0,3,0,0,0,0,0,3,0,11,0,3,24,0,0,0,0,3,3,0,0,0,0,3,0,13,0,0,24,0,6,0,0,38,0,0,0,0,0,3,0,3,0,0,1,21,9,0,0,30,0,0,0,0,0,1,0,7,0,0,0,34,1,0,0,15,1,0,0,0,0,1,5,17,0,7,1,0,0,3,0,0,0,0,0,0,0,0,13,15,0,9,0,0,0,7,0,0,0,0,0,0,0,1,30,12,0,49,9,6,20,7,3,0,5,3,1,1,1,3,9,19,0,48,0,1,0,0,1,3,1,0,1,1,1,0,0,6,25,27,5,1,1,0,1,3,3,7,1,3,14,7,1,0,20,7,3,3,3,1,1,1,1,1,1,17,0,3,0,1,0,0,0,0,0,0,1,3,0,0,21,9,0,1
0,0,0,0,0,0,0,0,0,0,0,0,0,0,0,0,0,0,0,0,0,0,3,0,0,0,0,0,0,0,0,0,0,0,0,0,0,0,9,1,0,0,6,0,0,0,0,0,0,0,0,0,0,1,0,0,0,0,13,0,0,0,0,0,0,0,9,0,0,6,1,0,0,0,0,0,0,0,0,0,0,0,7,0,0,23,0,0,0,0,24,0,0,0,0,0,0,0,13,0,0,15,5,15,0,0,35,0,0,0,0,0,0,0,0,0,0,6,37,0,1,0,24,1,0,0,0,0,0,0,15,0,0,0,0,0,0,0,0,0,0,0,0,0,0,10,15,0,7,0,0,0,3,0,0,0,0,0,0,0,0,21,13,0,23,0,0,29,12,0,0,1,1,1,0,0,0,25,15,0,54,22,3,0,0,1,1,1,1,0,1,1,0,0,19,7,44,1,3,3,3,3,3,3,3,6,3,1,0,0,0,30,12,5,3,1,0,1,1,1,3,0,6,14,0,1,3,0,0,3,3,3,3,3,3,1,3,9,11,0,0,0,0,0,0,0,0,0,0,0,5,0,0,19,1,0
0,0,0,0,0,0,0,0,0,0,0,0,0,0,0,0,0,0,0,0,0,0,0,0,0,0,0,0,0,0,0,0,0,0,0,0,0,9,1,0,0,0,1,0,0,0,0,0,0,0,0,0,0,0,0,0,0,0,3,0,0,0,0,0,3,0,0,0,10,0,7,0,0,0,12,0,0,0,0,0,10,15,0,0,29,0,9,0,0,0,30,0,0,0,0,0,6,25,0,1,0,0,27,0,0,0,14,0,0,0,0,0,10,25,0,0,0,19,19,1,0,0,6,0,0,0,0,0,25,15,0,0,0,14,0,0,0,1,0,0,0,0,0,0,29,14,1,0,0,0,1,7,0,0,0,0,0,0,0,0,14,7,11,0,23,0,11,29,0,0,1,1,3,0,0,1,3,15,9,19,38,3,0,0,0,1,1,3,0,1,0,3,0,7,7,43,1,3,3,3,3,3,3,3,6,3,3,9,0,0,3,52,0,3,3,1,0,1,1,3,0,1,18,3,0,1,0,15,3,3,3,3,3,3,1,3,3,17,0,3,0,0,0,0,0,0,0,0,0,3,0,0,11,17,0,0
0,0,0,0,0,0,0,0,0,0,0,0,0,0,0,0,0,0,0,0,0,3,0,0,0,0,0,0,0,0,0,1,0,0,0,0,0,9,1,0,0,6,0,0,0,0,0,1,0,0,0,0,1,0,0,0,0,13,0,0,0,0,0,1,0,9,0,0,6,1,0,0,0,0,0,0,0,0,0,1,0,7,0,0,23,0,0,0,0,24,0,0,0,0,0,3,0,13,0,0,15,5,15,0,0,35,0,0,0,0,0,3,0,0,0,0,6,37,0,1,0,24,1,0,0,0,0,1,0,15,0,0,0,0,0,0,0,0,0,0,0,0,0,1,10,15,0,7,0,0,0,3,0,0,0,0,0,0,0,0,21,13,0,23,0,0,29,12,0,0,1,1,1,0,0,1,25,15,0,54,22,3,0,0,1,1,1,1,0,1,1,3,0,19,7,44,1,3,3,3,3,3,3,3,6,3,1,9,0,0,30,12,5,3,1,0,1,1,1,3,0,6,14,1,1,3,0,0,3,3,3,3,3,3,1,3,9,11,0,10,0,0,0,0,0,0,0,0,0,5,0,0,19,1,0,1
0,0,0,0,0,0,0,0,0,0,0,0,0,0,0,0,0,15,13,13,14,15,15,14,15,17,18,15,13,13,18,20,0,15,14,15,14,13,1,24,15,14,9,17,26,21,12,17,0,21,3,11,14,13,14,12,28,20,0,10,11,23,27,9,0,36,15,14,14,17,11,12,19,14,0,3,15,14,26,14,0,10,7,18,3,0,12,12,15,20,0,9,22,15,26,29,0,1,0,11,6,0,1,1,22,27,0,3,15,13,18,26,0,1,1,11,17,3,1,1,3,24,0,3,19,15,7,21,0,3,0,24,17,9,0,1,0,11,0,0,22,12,9,11,0,1,0,9,0,10,3,10,11,9,20,10,20,15,5,12,0,0,0,6,1,19,9,0,3,21,3,17,24,15,7,14,0,0,1,7,0,3,20,3,0,5,24,24,14,11,10,12,0,3,0,1,5,5,6,7,7,7,11,9,7,6,7,7,0,11,1,3,0,7,7,12,11,12,11,9,7,5,1,1,0,9,9,3,0,3,10,11,14,7,7,7,6,5,1,5,0,7,7,3,14,15,7,5,5,5,6,12,7,0,7,15
0,0,0,0,0,0,0,0,0,0,0,0,0,0,0,0,14,12,14,14,15,15,14,15,15,17,15,14,14,15,18,21,15,15,14,13,14,0,25,15,19,12,14,22,23,19,13,19,13,21,6,15,15,0,6,25,22,9,3,9,12,26,12,15,7,24,21,13,12,25,3,22,17,12,0,17,14,27,25,7,0,3,14,14,0,5,3,15,23,23,0,11,18,22,29,18,0,0,10,18,7,0,1,17,10,19,0,15,13,9,22,25,0,0,23,7,7,0,1,3,10,0,0,12,20,14,15,21,0,0,7,7,12,0,0,0,9,0,0,12,20,6,11,11,0,3,3,14,9,17,0,7,22,0,15,13,20,14,10,15,0,3,1,7,6,10,7,0,12,13,9,23,14,5,12,14,0,1,1,3,1,18,1,1,3,9,24,21,15,10,10,14,0,0,0,7,3,7,3,6,9,12,10,7,7,6,7,7,6,7,0,0,6,3,11,11,12,12,9,7,6,3,1,3,7,11,5,0,3,7,7,14,11,7,6,7,5,6,3,5,3,11,11,3,1,13,7,5,6,5,10,10,3,1,11,12
0,0,0,0,0,0,0,0,0,0,0,0,0,0,0,0,15,13,13,14,15,15,14,15,17,18,15,13,13,18,20,6,15,14,15,14,13,1,24,15,14,9,17,26,21,12,17,3,21,3,11,14,13,14,12,28,20,0,10,11,23,27,9,5,36,15,14,14,17,11,12,19,14,0,3,15,14,26,14,3,10,7,18,3,0,12,12,15,20,0,9,22,15,26,29,0,1,0,11,6,0,1,1,22,27,0,3,15,13,18,26,12,1,1,11,17,3,1,1,3,24,0,3,19,15,7,21,0,3,0,24,17,9,0,1,0,11,0,0,22,12,9,11,3,1,0,9,0,10,3,10,11,9,20,10,20,15,5,12,3,0,0,6,1,19,9,0,3,21,3,17,24,15,7,14,6,0,1,7,0,3,20,3,0,5,24,24,14,11,10,12,11,3,0,1,5,5,6,7,7,7,11,9,7,6,7,7,5,11,1,3,0,7,7,12,11,12,11,9,7,5,1,1,3,9,9,3,0,3,10,11,14,7,7,7,6,5,1,5,3,7,7,3,14,15,7,5,5,5,6,12,7,0,7,15,10
0,6,5,7,7,7,5,5,6,7,6,7,7,7,10,11,0,15,12,13,13,13,13,18,15,17,14,19,17,14,13,19,0,18,13,14,14,12,0,15,14,21,6,11,18,22,15,13,0,25,15,10,13,17,15,13,24,20,0,11,6,20,25,10,0,24,5,20,6,7,20,12,17,18,5,1,23,17,29,23,0,11,0,17,7,0,6,3,13,24,0,7,19,10,25,28,0,3,0,5,17,0,3,0,17,20,0,3,15,14,9,22,0,3,1,23,17,9,0,12,1,17,0,1,14,9,9,15,0,3,0,17,3,17,0,1,5,10,9,0,22,14,7,9,0,0,0,6,0,1,21,10,6,12,7,27,18,17,9,13,0,0,1,9,0,20,6,0,1,15,23,19,26,20,9,13,0,0,0,3,5,6,6,0,0,1,11,13,11,7,6,7,0,11,0,3,1,9,7,14,12,12,11,10,7,7,6,6,0,9,7,1,0,5,10,13,10,11,9,7,1,7,1,3,0,11,9,3,1,7,3,6,13,10,7,7,9,3,3,17,0,6,9,11,14,17,13,12,7,0,1,10,6,1,3,14
7,3,7,6,7,5,6,6,6,6,7,7,6,9,9,12,14,12,14,14,15,11,19,14,15,19,15,22,15,10,17,20,14,14,12,13,14,1,6,19,15,7,7,15,21,28,10,19,15,31,5,14,15,14,7,26,22,12,0,15,12,24,20,11,0,20,22,12,0,30,3,15,18,13,0,11,20,21,31,6,0,3,12,15,0,3,3,21,21,21,0,11,13,15,28,26,0,0,15,14,3,0,0,7,12,7,0,18,15,10,19,24,0,0,13,7,10,0,1,3,3,0,0,14,15,7,11,15,0,1,3,6,12,0,0,6,12,3,0,7,15,7,15,15,0,3,3,11,3,23,0,0,23,0,7,27,22,15,9,14,0,3,3,3,0,39,15,0,7,27,23,19,17,7,10,13,0,0,1,7,1,7,3,0,0,12,14,14,7,9,6,9,5,1,0,3,6,5,13,15,12,12,9,9,6,5,6,5,7,10,5,0,11,12,9,12,11,10,7,3,5,6,1,3,6,10,7,0,3,6,5,9,11,10,9,7,5,1,9,14,7,10,9,7,13,15,13,13,1,0,7,10,0,3,10,10
6,5,7,7,7,5,5,6,7,6,7,7,7,10,11,1,15,12,13,13,13,13,18,15,17,14,19,17,14,13,19,7,18,13,14,14,12,0,15,14,21,6,11,18,22,15,13,5,25,15,10,13,17,15,13,24,20,0,11,6,20,25,10,5,24,5,20,6,7,20,12,17,18,5,1,23,17,29,23,0,11,0,17,7,0,6,3,13,24,0,7,19,10,25,28,5,3,0,5,17,0,3,0,17,20,0,3,15,14,9,22,7,3,1,23,17,9,0,12,1,17,0,1,14,9,9,15,0,3,0,17,3,17,0,1,5,10,9,0,22,14,7,9,6,0,0,6,0,1,21,10,6,12,7,27,18,17,9,13,1,0,1,9,0,20,6,0,1,15,23,19,26,20,9,13,7,0,0,3,5,6,6,0,0,1,11,13,11,7,6,7,5,11,0,3,1,9,7,14,12,12,11,10,7,7,6,6,6,9,7,1,0,5,10,13,10,11,9,7,1,7,1,3,3,11,9,3,1,7,3,6,13,10,7,7,9,3,3,17,3,6,9,11,14,17,13,12,7,0,1,10,6,1,3,14,12
0,15,13,13,14,15,15,14,15,17,18,15,13,13,18,20,0,15,14,15,14,13,1,24,15,14,9,17,26,21,12,17,0,21,3,11,14,13,14,12,28,20,0,10,11,23,27,9,0,36,15,14,14,17,11,12,19,14,0,3,15,14,26,14,0,10,7,18,3,0,12,12,15,20,0,9,22,15,26,29,0,1,0,11,6,0,1,1,22,27,0,3,15,13,18,26,0,1,1,11,17,3,1,1,3,24,0,3,19,15,7,21,0,3,0,24,17,9,0,1,0,11,0,0,22,12,9,11,0,1,0,9,0,10,3,10,11,9,20,10,20,15,5,12,0,0,0,6,1,19,9,0,3,21,3,17,24,15,7,14,0,0,1,7,0,3,20,3,0,5,24,24,14,11,10,12,0,3,0,1,5,5,6,7,7,7,11,9,7,6,7,7,0,11,1,3,0,7,7,12,11,12,11,9,7,5,1,1,0,9,9,3,0,3,10,11,14,7,7,7,6,5,1,5,0,7,7,3,14,15,7,5,5,5,6,12,7,0,7,15,0,5,10,11,12,15,18,15,17,9,3,6,7,0,0,9
14,12,14,14,15,15,14,15,15,17,15,14,14,15,18,21,15,15,14,13,14,0,25,15,19,12,14,22,23,19,13,19,13,21,6,15,15,0,6,25,22,9,3,9,12,26,12,15,7,24,21,13,12,25,3,22,17,12,0,17,14,27,25,7,0,3,14,14,0,5,3,15,23,23,0,11,18,22,29,18,0,0,10,18,7,0,1,17,10,19,0,15,13,9,22,25,0,0,23,7,7,0,1,3,10,0,0,12,20,14,15,21,0,0,7,7,12,0,0,0,9,0,0,12,20,6,11,11,0,3,3,14,9,17,0,7,22,0,15,13,20,14,10,15,0,3,1,7,6,10,7,0,12,13,9,23,14,5,12,14,0,1,1,3,1,18,1,1,3,9,24,21,15,10,10,14,0,0,0,7,3,7,3,6,9,12,10,7,7,6,7,7,6,7,0,0,6,3,11,11,12,12,9,7,6,3,1,3,7,11,5,0,3,7,7,14,11,7,6,7,5,6,3,5,3,11,11,3,1,13,7,5,6,5,10,10,3,1,11,12,0,7,9,12,15,17,15,17,14,3,5,9,3,0,3,15
15,13,13,14,15,15,14,15,17,18,15,13,13,18,20,6,15,14,15,14,13,1,24,15,14,9,17,26,21,12,17,3,21,3,11,14,13,14,12,28,20,0,10,11,23,27,9,5,36,15,14,14,17,11,12,19,14,0,3,15,14,26,14,3,10,7,18,3,0,12,12,15,20,0,9,22,15,26,29,0,1,0,11,6,0,1,1,22,27,0,3,15,13,18,26,12,1,1,11,17,3,1,1,3,24,0,3,19,15,7,21,0,3,0,24,17,9,0,1,0,11,0,0,22,12,9,11,3,1,0,9,0,10,3,10,11,9,20,10,20,15,5,12,3,0,0,6,1,19,9,0,3,21,3,17,24,15,7,14,6,0,1,7,0,3,20,3,0,5,24,24,14,11,10,12,11,3,0,1,5,5,6,7,7,7,11,9,7,6,7,7,5,11,1,3,0,7,7,12,11,12,11,9,7,5,1,1,3,9,9,3,0,3,10,11,14,7,7,7,6,5,1,5,3,7,7,3,14,15,7,5,5,5,6,12,7,0,7,15,10,5,10,11,12,15,18,15,17,9,3,6,7,0,0,9,7
0,0,0,0,0,0,0,0,0,0,0,0,0,0,0,0,0,3,3,3,3,3,1,1,1,1,1,3,5,5,3,5,0,3,3,3,3,3,15,1,5,5,6,5,6,7,7,6,0,5,6,3,3,3,3,3,6,7,5,3,5,6,9,7,0,6,7,3,1,0,1,1,6,7,3,1,3,7,9,9,0,3,13,3,5,33,13,7,6,7,7,7,3,7,7,9,0,0,21,0,6,15,6,20,3,6,3,15,5,6,7,7,0,0,22,0,3,0,14,22,7,3,12,7,6,7,6,6,0,12,20,3,5,3,24,14,3,3,12,5,5,7,6,5,0,26,23,0,1,3,3,1,3,3,3,3,7,9,6,3,0,26,24,10,1,0,3,3,17,3,6,7,10,6,3,0,0,21,23,7,26,42,10,13,14,3,7,10,7,5,5,5,0,1,14,13,54,30,3,6,5,7,7,7,7,7,6,6,0,5,3,10,51,0,6,7,7,7,7,7,6,5,3,5,0,7,5,3,28,5,6,6,7,7,7,6,6,5,5,6,0,7,7,7,1,9,7,7,7,7,7,7,7,5,10,7
0,0,0,0,0,0,0,0,0,0,0,0,0,0,0,0,1,3,3,3,1,1,3,1,1,1,3,5,5,5,5,5,0,3,3,3,3,3,6,5,5,7,5,6,7,7,6,5,1,5,6,3,1,1,3,5,7,7,3,3,5,7,7,5,1,6,3,3,1,0,1,5,7,6,1,3,6,7,10,7,15,3,10,3,15,25,13,3,7,6,6,3,6,7,9,7,20,9,15,3,3,17,15,7,5,5,24,1,6,7,7,9,22,14,0,3,3,0,25,13,3,3,20,3,6,6,7,7,26,20,7,3,3,7,26,0,1,3,11,3,7,6,5,5,31,24,19,3,3,3,3,1,3,5,3,5,7,7,6,3,22,26,20,3,7,0,3,9,5,3,6,9,10,6,1,0,1,26,19,1,46,31,7,18,6,5,7,9,7,5,5,3,3,0,22,28,54,3,5,5,6,7,7,7,7,6,6,6,1,3,0,41,22,3,7,7,7,7,7,7,5,3,5,3,1,6,5,17,0,7,6,6,7,7,7,6,6,5,5,3,0,7,7,6,6,9,7,7,7,7,7,7,5,7,6,7
0,0,0,0,0,0,0,0,0,0,0,0,0,0,0,0,3,3,3,3,3,1,1,1,1,1,3,5,5,3,5,3,3,3,3,3,3,15,1,5,5,6,5,6,7,7,6,5,5,6,3,3,3,3,3,6,7,5,3,5,6,9,7,3,6,7,3,1,0,1,1,6,7,3,1,3,7,9,9,5,3,13,3,5,33,13,7,6,7,7,7,3,7,7,9,7,0,21,0,6,15,6,20,3,6,3,15,5,6,7,7,7,0,22,0,3,0,14,22,7,3,12,7,6,7,6,6,7,12,20,3,5,3,24,14,3,3,12,5,5,7,6,5,3,26,23,0,1,3,3,1,3,3,3,3,7,9,6,3,3,26,24,10,1,0,3,3,17,3,6,7,10,6,3,0,3,21,23,7,26,42,10,13,14,3,7,10,7,5,5,5,3,1,14,13,54,30,3,6,5,7,7,7,7,7,6,6,5,5,3,10,51,0,6,7,7,7,7,7,6,5,3,5,5,7,5,3,28,5,6,6,7,7,7,6,6,5,5,6,3,7,7,7,1,9,7,7,7,7,7,7,7,5,10,7,6
0,1,1,0,1,0,1,1,1,1,1,1,1,1,1,3,0,3,3,3,3,3,3,1,1,3,5,5,6,7,6,5,0,5,3,3,3,3,11,3,6,7,5,5,5,7,7,7,0,6,6,3,1,3,1,3,7,7,3,1,3,7,10,7,0,3,3,3,3,11,3,5,5,7,6,1,3,7,10,9,0,3,20,0,5,31,14,13,3,6,7,15,5,7,7,9,0,0,22,0,5,7,9,28,3,5,7,11,3,6,7,7,0,7,19,1,3,3,27,20,1,3,9,7,5,6,6,6,0,19,21,1,3,3,11,0,3,5,0,3,6,7,7,5,0,27,24,5,1,1,3,1,6,1,5,5,10,9,5,1,0,24,23,9,10,26,5,10,28,3,5,9,10,6,3,3,0,10,23,13,43,47,3,0,0,5,6,7,7,6,5,5,0,5,1,13,54,6,6,7,7,7,7,7,6,5,5,6,0,7,5,1,45,1,6,7,7,7,7,6,5,5,5,5,0,7,6,5,0,6,7,6,6,7,7,7,7,5,6,5,0,6,6,6,3,7,7,7,6,3,3,5,3,1,7,5
1,1,1,1,0,1,1,1,0,1,1,1,1,1,3,1,0,3,3,3,3,3,1,1,3,3,5,5,6,6,6,5,0,3,3,3,3,1,7,5,7,6,3,5,7,7,7,5,1,5,5,1,1,3,3,6,7,6,7,3,6,7,9,6,7,5,5,3,7,7,5,3,6,6,3,3,5,9,9,7,18,5,14,3,5,29,15,3,7,5,18,6,5,7,7,9,21,11,6,3,3,6,17,15,3,5,25,1,6,6,7,7,23,17,0,3,5,3,38,6,1,3,14,3,6,6,6,6,30,21,15,3,0,1,6,0,3,3,1,5,7,7,6,3,30,26,20,3,0,3,1,3,3,5,6,7,12,7,3,1,11,25,19,1,28,5,6,22,15,5,7,10,7,3,1,1,3,20,21,15,59,19,0,1,1,6,7,7,6,5,5,3,0,1,12,34,39,0,7,7,7,7,7,7,6,5,5,6,1,5,1,38,7,6,7,7,7,7,7,6,5,3,5,3,0,7,5,3,1,7,6,6,7,6,7,7,6,5,7,6,0,5,6,6,5,7,7,6,5,3,5,5,3,10,5,6
1,1,0,1,0,1,1,1,1,1,1,1,1,1,3,3,3,3,3,3,3,3,1,1,3,5,5,6,7,6,5,5,5,3,3,3,3,11,3,6,7,5,5,5,7,7,7,3,6,6,3,1,3,1,3,7,7,3,1,3,7,10,7,3,3,3,3,3,11,3,5,5,7,6,1,3,7,10,9,6,3,20,0,5,31,14,13,3,6,7,15,5,7,7,9,7,0,22,0,5,7,9,28,3,5,7,11,3,6,7,7,7,7,19,1,3,3,27,20,1,3,9,7,5,6,6,6,5,19,21,1,3,3,11,0,3,5,0,3,6,7,7,5,3,27,24,5,1,1,3,1,6,1,5,5,10,9,5,1,3,24,23,9,10,26,5,10,28,3,5,9,10,6,3,3,3,10,23,13,43,47,3,0,0,5,6,7,7,6,5,5,5,5,1,13,54,6,6,7,7,7,7,7,6,5,5,6,3,7,5,1,45,1,6,7,7,7,7,6,5,5,5,5,1,7,6,5,0,6,7,6,6,7,7,7,7,5,6,5,3,6,6,6,3,7,7,7,6,3,3,5,3,1,7,5,6
0,3,3,3,3,3,1,1,1,1,1,3,5,5,3,5,0,3,3,3,3,3,15,1,5,5,6,5,6,7,7,6,0,5,6,3,3,3,3,3,6,7,5,3,5,6,9,7,0,6,7,3,1,0,1,1,6,7,3,1,3,7,9,9,0,3,13,3,5,33,13,7,6,7,7,7,3,7,7,9,0,0,21,0,6,15,6,20,3,6,3,15,5,6,7,7,0,0,22,0,3,0,14,22,7,3,12,7,6,7,6,6,0,12,20,3,5,3,24,14,3,3,12,5,5,7,6,5,0,26,23,0,1,3,3,1,3,3,3,3,7,9,6,3,0,26,24,10,1,0,3,3,17,3,6,7,10,6,3,0,0,21,23,7,26,42,10,13,14,3,7,10,7,5,5,5,0,1,14,13,54,30,3,6,5,7,7,7,7,7,6,6,0,5,3,10,51,0,6,7,7,7,7,7,6,5,3,5,0,7,5,3,28,5,6,6,7,7,7,6,6,5,5,6,0,7,7,7,1,9,7,7,7,7,7,7,7,5,10,7,0,3,3,3,5,6,6,6,5,3,1,3,3,5,3,3
1,3,3,3,1,1,3,1,1,1,3,5,5,5,5,5,0,3,3,3,3,3,6,5,5,7,5,6,7,7,6,5,1,5,6,3,1,1,3,5,7,7,3,3,5,7,7,5,1,6,3,3,1,0,1,5,7,6,1,3,6,7,10,7,15,3,10,3,15,25,13,3,7,6,6,3,6,7,9,7,20,9,15,3,3,17,15,7,5,5,24,1,6,7,7,9,22,14,0,3,3,0,25,13,3,3,20,3,6,6,7,7,26,20,7,3,3,7,26,0,1,3,11,3,7,6,5,5,31,24,19,3,3,3,3,1,3,5,3,5,7,7,6,3,22,26,20,3,7,0,3,9,5,3,6,9,10,6,1,0,1,26,19,1,46,31,7,18,6,5,7,9,7,5,5,3,3,0,22,28,54,3,5,5,6,7,7,7,7,6,6,6,1,3,0,41,22,3,7,7,7,7,7,7,5,3,5,3,1,6,5,17,0,7,6,6,7,7,7,6,6,5,5,3,0,7,7,6,6,9,7,7,7,7,7,7,5,7,6,7,0,3,5,3,5,6,6,6,5,3,3,3,1,7,1,5
3,3,3,3,3,1,1,1,1,1,3,5,5,3,5,3,3,3,3,3,3,15,1,5,5,6,5,6,7,7,6,5,5,6,3,3,3,3,3,6,7,5,3,5,6,9,7,3,6,7,3,1,0,1,1,6,7,3,1,3,7,9,9,5,3,13,3,5,33,13,7,6,7,7,7,3,7,7,9,7,0,21,0,6,15,6,20,3,6,3,15,5,6,7,7,7,0,22,0,3,0,14,22,7,3,12,7,6,7,6,6,7,12,20,3,5,3,24,14,3,3,12,5,5,7,6,5,3,26,23,0,1,3,3,1,3,3,3,3,7,9,6,3,3,26,24,10,1,0,3,3,17,3,6,7,10,6,3,0,3,21,23,7,26,42,10,13,14,3,7,10,7,5,5,5,3,1,14,13,54,30,3,6,5,7,7,7,7,7,6,6,5,5,3,10,51,0,6,7,7,7,7,7,6,5,3,5,5,7,5,3,28,5,6,6,7,7,7,6,6,5,5,6,3,7,7,7,1,9,7,7,7,7,7,7,7,5,10,7,6,3,3,3,5,6,6,6,5,3,1,3,3,5,3,3,5
0,0,0,0,0,0,0,0,0,0,0,0,0,0,0,0,0,0,0,0,0,0,0,0,0,0,0,0,0,0,0,0,0,0,0,0,0,0,0,0,0,0,0,0,0,0,0,0,0,0,0,0,0,0,7,0,0,0,0,0,0,0,0,0,0,1,0,0,0,0,0,0,0,0,0,0,0,0,0,0,0,0,0,0,0,5,0,0,0,0,0,0,0,0,0,0,0,1,7,0,0,17,3,3,0,0,0,0,0,0,0,0,0,3,20,0,0,7,7,11,0,0,5,3,0,0,0,0,0,7,12,0,0,0,1,0,1,0,0,0,0,0,0,0,0,7,12,0,0,0,7,1,0,0,11,3,0,0,0,0,0,14,7,1,5,1,0,0,3,0,0,0,0,0,0,0,0,22,9,13,6,6,0,0,3,0,0,0,0,0,7,5,0,18,9,6,22,34,11,15,15,1,0,0,0,0,1,0,0,3,11,3,35,10,0,0,0,0,0,0,0,0,0,0,0,3,0,7,28,0,0,0,0,0,0,1,0,0,0,10,0,3,0,6,18,0,0,0,0,0,0,0,0,0,3,0
0,0,0,0,0,0,0,0,0,0,0,0,0,0,0,0,0,0,0,0,0,0,0,0,0,0,0,0,0,0,0,0,0,0,0,0,0,0,0,0,0,0,0,0,0,0,0,0,3,0,0,0,0,0,0,3,0,0,0,0,0,0,0,0,1,0,0,0,0,0,0,0,0,0,0,0,0,0,0,0,7,0,0,0,5,1,3,0,0,0,1,0,0,0,0,0,18,3,3,0,6,9,0,1,0,0,9,3,0,0,0,0,21,0,7,0,0,5,7,1,0,0,13,0,0,0,0,0,18,12,5,0,0,1,3,0,0,0,0,3,0,0,0,0,19,11,11,0,0,9,9,0,0,0,6,1,0,0,0,0,14,11,9,0,10,0,1,1,1,0,0,0,0,0,0,0,3,15,15,7,10,1,0,5,0,0,0,0,0,6,6,6,12,9,12,7,27,24,14,15,10,0,0,0,0,0,1,0,1,7,7,19,30,0,0,0,0,0,0,0,0,0,0,0,6,0,6,17,5,0,0,0,0,0,0,1,0,0,3,3,5,0,0,19,3,0,0,0,0,0,0,0,0,0,3,0
0,0,0,0,0,0,0,0,0,0,0,0,0,0,0,0,0,0,0,0,0,0,0,0,0,0,0,0,0,0,0,0,0,0,0,0,0,0,0,0,0,0,0,0,0,0,0,0,0,0,0,0,0,7,0,0,0,0,0,0,0,0,0,0,1,0,0,0,0,0,0,0,0,0,0,0,0,0,0,0,0,0,0,0,5,0,0,0,0,0,0,0,0,0,0,0,1,7,0,0,17,3,3,0,0,0,0,0,0,0,0,0,3,20,0,0,7,7,11,0,0,5,3,0,0,0,0,0,7,12,0,0,0,1,0,1,0,0,0,0,0,0,0,0,7,12,0,0,0,7,1,0,0,11,3,0,0,0,0,0,14,7,1,5,1,0,0,3,0,0,0,0,0,0,0,0,22,9,13,6,6,0,0,3,0,0,0,0,0,7,5,0,18,9,6,22,34,11,15,15,1,0,0,0,0,1,0,0,3,11,3,35,10,0,0,0,0,0,0,0,0,0,0,0,3,0,7,28,0,0,0,0,0,0,1,0,0,0,10,0,3,0,6,18,0,0,0,0,0,0,0,0,0,3,0,0
0,0,0,0,0,0,0,0,0,0,0,0,0,0,0,0,0,0,0,0,0,0,0,0,0,0,0,0,0,0,0,0,0,0,0,0,0,0,0,0,0,0,0,0,0,0,0,0,0,7,0,0,0,0,0,0,0,0,0,0,0,0,0,0,0,1,0,0,0,7,0,0,0,0,0,0,0,0,0,0,0,0,6,0,0,12,0,1,0,0,0,0,0,0,0,0,0,3,15,0,0,14,6,10,0,0,0,6,0,0,0,0,0,5,15,0,0,0,10,15,0,0,0,3,0,0,0,0,0,7,9,0,0,0,23,0,0,0,0,0,0,0,0,0,0,9,11,0,3,0,0,0,3,0,0,7,0,0,0,0,0,18,7,3,0,20,0,0,7,0,12,0,0,0,3,3,0,15,11,7,15,6,0,18,18,9,0,0,0,0,0,0,0,20,7,7,28,21,0,0,0,0,0,0,0,0,0,0,0,1,10,1,36,3,0,0,0,0,0,0,0,3,0,0,0,3,0,14,22,0,0,0,0,0,0,0,0,0,5,12,0,3,0,0,6,0,3,6,0,0,0,0,0,0,3,0
0,0,0,0,0,0,0,0,0,0,0,0,0,0,0,0,0,0,0,0,0,0,0,0,0,0,0,0,0,0,0,0,1,0,0,0,0,0,0,0,1,0,0,0,0,0,0,0,3,0,0,0,0,0,0,0,0,0,0,0,0,0,0,0,1,0,0,0,3,3,0,0,0,0,0,0,0,0,0,0,19,0,1,0,3,5,1,0,0,0,3,0,0,0,0,0,21,3,3,0,0,12,3,1,0,0,15,0,0,0,0,0,18,7,3,0,0,3,22,1,0,0,7,0,0,0,0,0,20,10,9,0,0,6,12,0,0,0,0,0,0,0,0,0,18,10,7,0,0,7,0,0,0,0,0,0,0,0,0,0,7,13,10,3,17,1,1,6,0,11,7,0,0,0,6,3,1,12,13,9,21,0,9,19,18,0,0,0,0,1,0,0,12,13,18,13,31,7,0,0,0,0,0,0,0,0,0,0,5,1,3,22,15,0,0,0,0,0,0,0,3,3,0,0,7,0,0,21,3,0,0,0,0,0,0,0,0,0,11,0,6,0,0,3,3,0,5,3,0,0,0,0,0,0,6,0
0,0,0,0,0,0,0,0,0,0,0,0,0,0,0,0,0,0,0,0,0,0,0,0,0,0,0,0,0,0,0,0,0,0,0,0,0,0,0,0,0,0,0,0,0,0,0,0,7,0,0,0,0,0,0,0,0,0,0,0,0,0,0,0,1,0,0,0,7,0,0,0,0,0,0,0,0,0,0,0,0,6,0,0,12,0,1,0,0,0,0,0,0,0,0,0,3,15,0,0,14,6,10,0,0,0,6,0,0,0,0,0,5,15,0,0,0,10,15,0,0,0,3,0,0,0,0,0,7,9,0,0,0,23,0,0,0,0,0,0,0,0,0,0,9,11,0,3,0,0,0,3,0,0,7,0,0,0,0,0,18,7,3,0,20,0,0,7,0,12,0,0,0,3,3,0,15,11,7,15,6,0,18,18,9,0,0,0,0,0,0,0,20,7,7,28,21,0,0,0,0,0,0,0,0,0,0,0,1,10,1,36,3,0,0,0,0,0,0,0,3,0,0,0,3,0,14,22,0,0,0,0,0,0,0,0,0,5,12,0,3,0,0,6,0,3,6,0,0,0,0,0,0,3,0,0
0,0,0,0,0,0,0,0,0,0,0,0,0,0,0,0,0,0,0,0,0,0,0,0,0,0,0,0,0,0,0,0,0,0,0,0,0,0,7,0,0,0,0,0,0,0,0,0,0,1,0,0,0,0,0,0,0,0,0,0,0,0,0,0,0,0,0,0,0,5,0,0,0,0,0,0,0,0,0,0,0,1,7,0,0,17,3,3,0,0,0,0,0,0,0,0,0,3,20,0,0,7,7,11,0,0,5,3,0,0,0,0,0,7,12,0,0,0,1,0,1,0,0,0,0,0,0,0,0,7,12,0,0,0,7,1,0,0,11,3,0,0,0,0,0,14,7,1,5,1,0,0,3,0,0,0,0,0,0,0,0,22,9,13,6,6,0,0,3,0,0,0,0,0,7,5,0,18,9,6,22,34,11,15,15,1,0,0,0,0,1,0,0,3,11,3,35,10,0,0,0,0,0,0,0,0,0,0,0,3,0,7,28,0,0,0,0,0,0,1,0,0,0,10,0,3,0,6,18,0,0,0,0,0,0,0,0,0,3,0,0,0,0,0,0,0,0,0,0,0,0,0,0,0,0,0
0,0,0,0,0,0,0,0,0,0,0,0,0,0,0,0,0,0,0,0,0,0,0,0,0,0,0,0,0,0,0,0,3,0,0,0,0,0,0,3,0,0,0,0,0,0,0,0,1,0,0,0,0,0,0,0,0,0,0,0,0,0,0,0,7,0,0,0,5,1,3,0,0,0,1,0,0,0,0,0,18,3,3,0,6,9,0,1,0,0,9,3,0,0,0,0,21,0,7,0,0,5,7,1,0,0,13,0,0,0,0,0,18,12,5,0,0,1,3,0,0,0,0,3,0,0,0,0,19,11,11,0,0,9,9,0,0,0,6,1,0,0,0,0,14,11,9,0,10,0,1,1,1,0,0,0,0,0,0,0,3,15,15,7,10,1,0,5,0,0,0,0,0,6,6,6,12,9,12,7,27,24,14,15,10,0,0,0,0,0,1,0,1,7,7,19,30,0,0,0,0,0,0,0,0,0,0,0,6,0,6,17,5,0,0,0,0,0,0,1,0,0,3,3,5,0,0,19,3,0,0,0,0,0,0,0,0,0,3,0,0,0,0,0,0,0,0,0,0,0,0,0,0,0,0,0
0,0,0,0,0,0,0,0,0,0,0,0,0,0,0,0,0,0,0,0,0,0,0,0,0,0,0,0,0,0,0,0,0,0,0,0,0,7,0,0,0,0,0,0,0,0,0,0,1,0,0,0,0,0,0,0,0,0,0,0,0,0,0,0,0,0,0,0,5,0,0,0,0,0,0,0,0,0,0,0,1,7,0,0,17,3,3,0,0,0,0,0,0,0,0,0,3,20,0,0,7,7,11,0,0,5,3,0,0,0,0,0,7,12,0,0,0,1,0,1,0,0,0,0,0,0,0,0,7,12,0,0,0,7,1,0,0,11,3,0,0,0,0,0,14,7,1,5,1,0,0,3,0,0,0,0,0,0,0,0,22,9,13,6,6,0,0,3,0,0,0,0,0,7,5,0,18,9,6,22,34,11,15,15,1,0,0,0,0,1,0,0,3,11,3,35,10,0,0,0,0,0,0,0,0,0,0,0,3,0,7,28,0,0,0,0,0,0,1,0,0,0,10,0,3,0,6,18,0,0,0,0,0,0,0,0,0,3,0,0,0,0,0,0,0,0,0,0,0,0,0,0,0,0,0,0
0,0,0,0,0,0,0,0,0,0,0,0,0,0,0,0,0,0,0,0,0,0,0,0,0,0,0,0,0,1,0,0,0,0,0,0,0,0,20,0,0,0,0,0,0,0,0,0,0,0,0,0,0,0,0,0,0,0,1,0,0,0,0,0,0,0,0,0,0,0,0,0,0,0,0,3,0,0,0,0,0,1,3,0,0,26,11,3,0,0,0,3,0,0,0,0,0,0,14,1,15,15,11,21,0,0,7,11,0,0,0,0,0,1,17,0,0,0,24,11,7,0,9,3,0,0,1,0,0,20,11,0,0,0,13,3,0,0,3,7,0,0,0,0,0,26,17,7,0,7,1,0,0,0,0,0,0,0,0,0,0,26,18,5,0,0,0,3,12,0,0,0,0,0,1,0,0,23,19,3,21,43,1,12,5,0,0,0,0,0,0,0,0,0,15,5,44,24,0,0,0,0,0,0,0,0,1,0,0,1,0,18,41,0,0,0,1,1,0,0,1,1,1,1,0,1,0,0,15,0,0,1,0,0,0,0,0,0,1,0,0,0,0,0,0,0,0,0,0,0,0,0,0,0,1,0
0,0,0,0,0,0,0,0,0,0,0,0,0,0,0,0,0,0,0,0,0,0,0,0,0,1,0,0,0,0,0,0,0,0,0,0,0,0,5,0,0,0,0,0,0,0,0,0,0,0,0,0,0,13,0,0,0,1,1,0,0,0,0,0,6,0,0,0,0,0,0,0,0,0,1,0,0,0,0,0,5,7,5,0,22,27,13,0,0,0,7,1,0,0,0,0,11,3,6,0,0,9,11,6,0,0,18,0,0,0,0,0,7,14,0,0,0,3,20,9,0,0,13,0,0,0,0,0,11,15,9,0,0,10,22,0,0,0,3,0,0,0,0,0,19,18,9,0,0,0,0,0,0,11,1,0,0,0,0,0,10,20,12,1,3,0,0,14,10,0,0,0,0,0,0,0,0,23,17,3,29,15,0,7,0,0,1,0,0,0,0,0,0,0,13,33,43,1,0,0,0,0,0,0,0,0,1,0,0,0,3,40,7,0,0,0,1,1,0,1,1,0,0,0,0,1,0,14,0,0,1,0,0,0,0,0,0,0,3,0,0,0,0,0,0,0,0,0,0,0,0,0,0,3,1,0
0,0,0,0,0,0,0,0,0,0,0,0,0,0,0,0,0,0,0,0,0,0,0,0,0,0,0,0,1,0,0,3,0,0,0,0,0,20,0,0,0,0,0,0,0,0,0,1,0,0,0,0,0,0,0,0,0,1,0,0,0,0,0,1,0,0,0,0,0,0,0,0,0,0,3,0,0,0,0,3,1,3,0,0,26,11,3,0,0,0,3,0,0,0,0,3,0,14,1,15,15,11,21,0,0,7,11,0,0,0,0,3,1,17,0,0,0,24,11,7,0,9,3,0,0,1,0,0,20,11,0,0,0,13,3,0,0,3,7,0,0,0,0,1,26,17,7,0,7,1,0,0,0,0,0,0,0,0,0,0,26,18,5,0,0,0,3,12,0,0,0,0,0,1,0,0,23,19,3,21,43,1,12,5,0,0,0,0,0,0,0,0,0,15,5,44,24,0,0,0,0,0,0,0,0,1,0,0,1,0,18,41,0,0,0,1,1,0,0,1,1,1,1,0,1,0,0,15,0,0,1,0,0,0,0,0,0,1,0,0,0,0,0,0,0,0,0,0,0,0,0,0,0,1,0,0
0,0,1,1,1,1,1,1,1,1,1,1,1,1,1,1,0,0,0,0,0,0,0,0,0,0,0,0,0,0,0,0,0,0,0,0,0,0,3,0,0,0,0,0,0,0,0,0,0,0,0,0,0,0,0,0,0,0,3,0,0,0,0,0,0,0,1,0,0,25,3,0,0,0,0,1,0,0,0,0,0,1,12,0,0,27,15,12,0,0,0,7,0,0,0,0,0,3,15,0,1,3,11,22,0,0,14,11,0,0,0,0,0,12,9,0,0,0,33,3,0,0,3,0,0,0,1,0,0,24,14,0,0,0,9,0,0,0,0,0,0,0,0,0,0,26,18,6,0,13,0,0,7,0,0,0,0,0,1,0,0,25,18,1,5,25,13,17,14,7,0,0,0,0,0,0,0,5,20,9,45,23,1,0,0,0,0,3,0,0,0,0,0,1,1,7,42,3,0,0,0,1,0,0,0,1,1,0,0,1,0,10,31,0,0,0,0,0,0,0,1,0,0,1,0,1,0,0,0,0,0,1,0,0,0,0,0,1,3,0,0,0,0,0,0,0,0,0,0,0,0,0,0,0,0,0
0,0,1,1,1,1,1,1,1,1,1,1,1,1,1,0,0,0,0,0,0,0,0,0,0,0,0,0,0,0,0,0,0,0,0,0,0,0,0,0,0,0,0,0,0,0,0,0,0,0,0,0,0,0,0,0,0,0,10,0,0,0,0,0,12,0,1,0,12,9,10,0,0,0,0,0,0,0,0,0,14,12,7,0,3,24,12,0,0,0,17,0,0,0,0,0,7,7,0,0,0,7,15,14,0,0,13,0,0,0,0,0,9,15,0,0,0,7,39,0,0,0,10,0,0,0,0,0,17,15,10,0,7,11,0,0,0,0,0,0,0,0,0,0,15,20,7,0,0,0,0,0,0,0,7,0,0,0,0,0,3,22,15,1,41,3,1,25,7,1,0,0,0,0,0,0,0,22,17,15,39,12,0,0,0,0,1,0,0,0,0,0,0,0,15,37,31,0,0,0,1,0,0,0,1,1,1,0,0,0,1,39,0,0,1,0,0,0,0,1,1,0,1,0,1,0,0,0,0,0,1,0,0,0,0,0,0,1,3,0,0,0,0,0,0,0,0,0,0,0,0,0,0,1,0,0
0,1,1,1,1,1,1,1,1,1,1,1,1,1,1,1,0,0,0,0,0,0,0,0,0,0,0,0,0,0,0,1,0,0,0,0,0,3,0,0,0,0,0,0,0,0,0,3,0,0,0,0,0,0,0,0,0,3,0,0,0,0,0,1,0,1,0,0,25,3,0,0,0,0,1,0,0,0,0,3,1,12,0,0,27,15,12,0,0,0,7,0,0,0,0,3,3,15,0,1,3,11,22,0,0,14,11,0,0,0,0,0,12,9,0,0,0,33,3,0,0,3,0,0,0,1,0,1,24,14,0,0,0,9,0,0,0,0,0,0,0,0,0,0,26,18,6,0,13,0,0,7,0,0,0,0,0,1,0,0,25,18,1,5,25,13,17,14,7,0,0,0,0,0,0,0,5,20,9,45,23,1,0,0,0,0,3,0,0,0,0,0,1,1,7,42,3,0,0,0,1,0,0,0,1,1,0,0,1,0,10,31,0,0,0,0,0,0,0,1,0,0,1,0,1,0,0,0,0,0,1,0,0,0,0,0,1,3,0,0,0,0,0,0,0,0,0,0,0,0,0,0,0,0,0,0
0,0,0,0,0,0,0,0,0,0,0,0,0,1,0,0,0,0,0,0,0,0,20,0,0,0,0,0,0,0,0,0,0,0,0,0,0,0,0,0,0,0,1,0,0,0,0,0,0,0,0,0,0,0,0,0,0,0,0,3,0,0,0,0,0,1,3,0,0,26,11,3,0,0,0,3,0,0,0,0,0,0,14,1,15,15,11,21,0,0,7,11,0,0,0,0,0,1,17,0,0,0,24,11,7,0,9,3,0,0,1,0,0,20,11,0,0,0,13,3,0,0,3,7,0,0,0,0,0,26,17,7,0,7,1,0,0,0,0,0,0,0,0,0,0,26,18,5,0,0,0,3,12,0,0,0,0,0,1,0,0,23,19,3,21,43,1,12,5,0,0,0,0,0,0,0,0,0,15,5,44,24,0,0,0,0,0,0,0,0,1,0,0,1,0,18,41,0,0,0,1,1,0,0,1,1,1,1,0,1,0,0,15,0,0,1,0,0,0,0,0,0,1,0,0,0,0,0,0,0,0,0,0,0,0,0,0,0,1,0,0,0,0,0,0,0,0,0,0,0,0,0,0,0,0,0
0,0,0,0,0,0,0,0,0,1,0,0,0,0,0,0,0,0,0,0,0,0,5,0,0,0,0,0,0,0,0,0,0,0,0,0,0,13,0,0,0,1,1,0,0,0,0,0,6,0,0,0,0,0,0,0,0,0,1,0,0,0,0,0,5,7,5,0,22,27,13,0,0,0,7,1,0,0,0,0,11,3,6,0,0,9,11,6,0,0,18,0,0,0,0,0,7,14,0,0,0,3,20,9,0,0,13,0,0,0,0,0,11,15,9,0,0,10,22,0,0,0,3,0,0,0,0,0,19,18,9,0,0,0,0,0,0,11,1,0,0,0,0,0,10,20,12,1,3,0,0,14,10,0,0,0,0,0,0,0,0,23,17,3,29,15,0,7,0,0,1,0,0,0,0,0,0,0,13,33,43,1,0,0,0,0,0,0,0,0,1,0,0,0,3,40,7,0,0,0,1,1,0,1,1,0,0,0,0,1,0,14,0,0,1,0,0,0,0,0,0,0,3,0,0,0,0,0,0,0,0,0,0,0,0,0,0,3,1,0,0,0,0,0,0,0,0,0,0,0,0,0,0,0,0,0
0,0,0,0,0,0,0,0,0,0,0,0,1,0,0,3,0,0,0,0,0,20,0,0,0,0,0,0,0,0,0,1,0,0,0,0,0,0,0,0,0,1,0,0,0,0,0,1,0,0,0,0,0,0,0,0,0,0,3,0,0,0,0,3,1,3,0,0,26,11,3,0,0,0,3,0,0,0,0,3,0,14,1,15,15,11,21,0,0,7,11,0,0,0,0,3,1,17,0,0,0,24,11,7,0,9,3,0,0,1,0,0,20,11,0,0,0,13,3,0,0,3,7,0,0,0,0,1,26,17,7,0,7,1,0,0,0,0,0,0,0,0,0,0,26,18,5,0,0,0,3,12,0,0,0,0,0,1,0,0,23,19,3,21,43,1,12,5,0,0,0,0,0,0,0,0,0,15,5,44,24,0,0,0,0,0,0,0,0,1,0,0,1,0,18,41,0,0,0,1,1,0,0,1,1,1,1,0,1,0,0,15,0,0,1,0,0,0,0,0,0,1,0,0,0,0,0,0,0,0,0,0,0,0,0,0,0,1,0,0,0,0,0,0,0,0,0,0,0,0,0,0,0,0,0,0
0,0,0,0,0,0,0,0,0,0,0,0,0,0,0,0,0,3,3,3,3,3,3,3,3,3,3,1,3,1,1,3,0,3,1,3,3,0,3,3,3,0,0,0,0,1,1,1,0,5,0,0,3,1,10,0,0,0,0,5,3,3,0,0,0,1,0,3,1,3,1,1,3,1,0,0,1,3,3,0,0,1,6,3,0,3,6,3,3,3,0,1,3,1,5,1,0,3,6,7,5,11,5,3,3,1,1,10,1,1,1,3,0,0,17,5,3,1,1,15,0,3,0,1,3,1,0,3,0,0,7,1,3,0,15,15,3,1,7,1,3,3,1,1,0,7,11,3,0,1,0,0,0,1,0,7,3,1,1,3,0,11,15,6,3,5,1,0,3,7,10,1,3,1,0,1,0,0,7,7,1,7,3,12,12,3,0,0,3,0,0,0,0,12,0,3,20,40,1,0,0,0,1,3,1,1,1,1,0,1,7,1,31,7,3,3,3,3,3,3,3,7,3,3,0,5,1,6,22,1,3,3,3,3,3,5,6,1,3,17,0,6,3,0,5,0,1,3,1,1,1,3,1,1,11,3
0,0,0,0,0,0,0,0,0,0,0,0,0,0,0,0,3,1,3,3,3,3,3,3,3,3,3,3,1,1,3,1,3,1,3,3,3,0,3,3,3,0,0,0,0,1,0,1,3,3,0,3,3,0,3,0,0,0,1,3,3,1,0,0,3,0,0,3,3,0,0,3,3,0,0,1,3,3,1,0,7,3,3,3,0,1,3,3,3,1,0,3,1,3,3,0,12,1,3,3,11,12,3,6,3,0,10,7,1,1,3,0,9,3,7,3,0,0,14,5,5,0,10,3,3,0,1,0,7,9,6,3,0,3,17,6,1,0,10,1,3,3,1,0,9,13,7,0,3,7,0,0,0,1,1,7,3,0,1,1,9,14,13,3,7,6,0,0,5,7,7,1,3,1,0,1,1,3,13,5,7,10,3,14,10,1,0,1,1,0,0,0,13,0,9,3,39,21,0,0,0,0,3,1,1,1,0,1,7,3,0,6,31,0,3,3,3,3,3,3,5,7,3,3,11,3,0,10,3,3,3,3,3,3,3,5,3,3,11,7,9,3,1,6,0,1,3,1,0,1,3,3,1,5,11,0
0,0,0,0,0,0,0,0,0,0,0,0,0,0,0,0,3,3,3,3,3,3,3,3,3,3,1,3,1,1,3,0,3,1,3,3,0,3,3,3,0,0,0,0,1,1,1,0,5,0,0,3,1,10,0,0,0,0,5,3,3,0,0,0,1,0,3,1,3,1,1,3,1,0,0,1,3,3,0,0,1,6,3,0,3,6,3,3,3,0,1,3,1,5,1,0,3,6,7,5,11,5,3,3,1,1,10,1,1,1,3,0,0,17,5,3,1,1,15,0,3,0,1,3,1,0,3,0,0,7,1,3,0,15,15,3,1,7,1,3,3,1,1,0,7,11,3,0,1,0,0,0,1,0,7,3,1,1,3,0,11,15,6,3,5,1,0,3,7,10,1,3,1,0,1,0,0,7,7,1,7,3,12,12,3,0,0,3,0,0,0,0,12,0,3,20,40,1,0,0,0,1,3,1,1,1,1,0,1,7,1,31,7,3,3,3,3,3,3,3,7,3,3,1,5,1,6,22,1,3,3,3,3,3,5,6,1,3,17,0,6,3,0,5,0,1,3,1,1,1,3,1,1,11,3,0
0,3,3,3,3,3,3,3,5,5,1,3,1,1,1,5,0,3,3,3,3,1,3,5,3,3,0,1,1,1,3,3,0,3,1,3,3,1,9,3,1,0,0,1,0,1,0,1,0,1,0,1,1,3,0,0,0,0,0,5,3,3,1,0,0,3,1,3,0,3,3,3,3,3,0,1,3,3,3,1,0,3,3,6,10,12,5,5,3,1,0,6,3,1,3,0,0,1,15,7,1,7,1,6,3,1,1,7,3,1,0,3,0,0,13,1,3,0,0,15,3,1,3,7,3,1,1,3,0,3,7,5,1,1,18,1,0,1,14,3,3,1,0,3,0,12,15,3,3,0,0,0,3,1,0,7,3,3,1,1,0,5,13,12,1,9,3,0,3,3,3,1,1,0,0,0,0,0,3,5,9,37,22,15,12,0,3,3,3,0,0,0,0,7,1,5,29,26,0,1,0,1,0,1,1,3,3,3,0,3,1,0,27,1,3,3,1,3,3,3,5,6,3,10,0,6,5,6,11,3,1,3,3,3,3,3,3,3,7,9,0,3,5,1,0,0,0,3,3,1,3,3,0,5,17,5
1,1,3,3,3,3,1,5,7,3,3,3,1,3,3,3,3,1,3,3,3,1,5,3,3,1,0,1,3,1,3,3,3,3,0,3,3,3,6,3,0,0,0,0,0,1,0,0,3,1,0,1,3,0,0,0,1,0,0,3,3,3,0,0,0,1,3,3,0,3,3,3,3,0,0,1,1,3,3,0,10,1,3,3,7,5,3,3,3,0,1,7,1,3,5,0,11,1,6,6,0,0,3,6,5,0,12,6,1,0,1,0,6,7,3,3,0,0,15,7,1,0,7,5,3,0,3,0,7,10,7,0,3,7,13,0,0,1,9,6,3,0,1,1,11,15,10,3,0,0,0,0,5,1,0,1,3,1,1,1,3,9,17,3,3,5,3,1,3,3,3,1,0,1,0,0,7,3,6,3,31,30,17,15,5,1,3,3,3,0,0,0,7,3,3,3,42,0,1,1,1,1,1,1,3,3,3,1,11,1,0,7,14,1,3,3,3,3,3,3,6,3,1,13,10,5,0,19,3,3,3,3,3,3,5,5,3,1,11,0,10,3,3,0,1,1,0,3,1,0,5,1,0,12,13,1
3,3,3,3,3,3,3,5,5,1,3,1,1,1,5,3,3,3,3,3,1,3,5,3,3,0,1,1,1,3,3,0,3,1,3,3,1,9,3,1,0,0,1,0,1,0,1,0,1,0,1,1,3,0,0,0,0,0,5,3,3,1,0,0,3,1,3,0,3,3,3,3,3,0,1,3,3,3,1,0,3,3,6,10,12,5,5,3,1,0,6,3,1,3,0,0,1,15,7,1,7,1,6,3,1,1,7,3,1,0,3,0,0,13,1,3,0,0,15,3,1,3,7,3,1,1,3,0,3,7,5,1,1,18,1,0,1,14,3,3,1,0,3,0,12,15,3,3,0,0,0,3,1,0,7,3,3,1,1,0,5,13,12,1,9,3,0,3,3,3,1,1,0,0,0,0,0,3,5,9,37,22,15,12,0,3,3,3,0,0,0,0,7,1,5,29,26,0,1,0,1,0,1,1,3,3,3,0,3,1,0,27,1,3,3,1,3,3,3,5,6,3,10,1,6,5,6,11,3,1,3,3,3,3,3,3,3,7,9,0,3,5,1,0,0,0,3,3,1,3,3,0,5,17,5,0
0,3,3,3,3,3,3,3,3,3,3,1,3,1,1,3,0,3,1,3,3,0,3,3,3,0,0,0,0,1,1,1,0,5,0,0,3,1,10,0,0,0,0,5,3,3,0,0,0,1,0,3,1,3,1,1,3,1,0,0,1,3,3,0,0,1,6,3,0,3,6,3,3,3,0,1,3,1,5,1,0,3,6,7,5,11,5,3,3,1,1,10,1,1,1,3,0,0,17,5,3,1,1,15,0,3,0,1,3,1,0,3,0,0,7,1,3,0,15,15,3,1,7,1,3,3,1,1,0,7,11,3,0,1,0,0,0,1,0,7,3,1,1,3,0,11,15,6,3,5,1,0,3,7,10,1,3,1,0,1,0,0,7,7,1,7,3,12,12,3,0,0,3,0,0,0,0,12,0,3,20,40,1,0,0,0,1,3,1,1,1,1,0,1,7,1,31,7,3,3,3,3,3,3,3,7,3,3,0,5,1,6,22,1,3,3,3,3,3,5,6,1,3,17,0,6,3,0,5,0,1,3,1,1,1,3,1,1,11,3,0,7,9,7,3,3,3,3,3,5,11,6,7,18,15,7
3,1,3,3,3,3,3,3,3,3,3,3,1,1,3,1,3,1,3,3,3,0,3,3,3,0,0,0,0,1,0,1,3,3,0,3,3,0,3,0,0,0,1,3,3,1,0,0,3,0,0,3,3,0,0,3,3,0,0,1,3,3,1,0,7,3,3,3,0,1,3,3,3,1,0,3,1,3,3,0,12,1,3,3,11,12,3,6,3,0,10,7,1,1,3,0,9,3,7,3,0,0,14,5,5,0,10,3,3,0,1,0,7,9,6,3,0,3,17,6,1,0,10,1,3,3,1,0,9,13,7,0,3,7,0,0,0,1,1,7,3,0,1,1,9,14,13,3,7,6,0,0,5,7,7,1,3,1,0,1,1,3,13,5,7,10,3,14,10,1,0,1,1,0,0,0,13,0,9,3,39,21,0,0,0,0,3,1,1,1,0,1,7,3,0,6,31,0,3,3,3,3,3,3,5,7,3,3,11,3,0,10,3,3,3,3,3,3,3,5,3,3,11,7,9,3,1,6,0,1,3,1,0,1,3,3,1,5,11,0,10,7,9,3,3,3,3,3,3,9,9,5,12,21,10,3
3,3,3,3,3,3,3,3,3,3,1,3,1,1,3,0,3,1,3,3,0,3,3,3,0,0,0,0,1,1,1,0,5,0,0,3,1,10,0,0,0,0,5,3,3,0,0,0,1,0,3,1,3,1,1,3,1,0,0,1,3,3,0,0,1,6,3,0,3,6,3,3,3,0,1,3,1,5,1,0,3,6,7,5,11,5,3,3,1,1,10,1,1,1,3,0,0,17,5,3,1,1,15,0,3,0,1,3,1,0,3,0,0,7,1,3,0,15,15,3,1,7,1,3,3,1,1,0,7,11,3,0,1,0,0,0,1,0,7,3,1,1,3,0,11,15,6,3,5,1,0,3,7,10,1,3,1,0,1,0,0,7,7,1,7,3,12,12,3,0,0,3,0,0,0,0,12,0,3,20,40,1,0,0,0,1,3,1,1,1,1,0,1,7,1,31,7,3,3,3,3,3,3,3,7,3,3,1,5,1,6,22,1,3,3,3,3,3,5,6,1,3,17,0,6,3,0,5,0,1,3,1,1,1,3,1,1,11,3,0,7,9,7,3,3,3,3,3,5,11,6,7,18,15,7,3
0,0,0,0,0,0,0,0,0,0,0,0,0,0,0,0,0,15,13,14,13,14,12,13,15,15,15,21,22,19,17,20,0,15,12,14,12,15,0,3,9,26,20,7,9,19,25,15,0,7,31,13,13,14,9,15,24,22,7,0,10,12,26,20,0,1,14,10,14,0,21,0,12,18,17,0,15,20,24,31,0,1,0,1,19,0,0,0,5,17,28,0,3,13,18,26,0,0,0,0,10,0,5,0,5,7,6,0,12,17,13,18,0,0,0,17,11,21,1,0,0,7,0,0,6,15,11,9,0,0,0,0,1,23,0,3,7,15,0,0,6,19,9,22,0,3,1,0,5,0,23,13,0,15,5,9,22,28,19,5,0,0,3,3,3,0,11,13,0,0,13,24,36,25,9,12,0,0,3,3,1,0,0,1,0,3,15,17,11,7,3,5,0,1,0,3,3,3,19,15,14,12,12,10,11,7,5,6,0,0,7,7,3,14,9,9,12,13,12,9,1,3,9,0,0,3,9,1,0,15,7,6,9,13,7,7,7,11,0,0,0,0,7,11,15,15,15,15,12,7,0,5,12,1,0,10
0,0,0,0,0,0,0,0,0,0,0,0,0,0,0,0,5,15,14,13,14,12,13,15,15,12,18,24,22,17,18,23,9,13,12,12,13,19,0,14,10,28,10,7,19,23,21,22,3,23,22,13,13,7,17,15,25,20,0,9,5,15,30,15,0,27,3,15,11,14,7,0,17,13,9,1,19,21,28,23,0,0,0,12,0,0,0,6,13,33,0,0,15,13,24,33,0,5,0,9,13,1,0,0,7,25,0,0,15,15,18,21,0,1,0,12,19,13,1,0,0,18,0,5,14,14,6,22,0,3,0,5,5,1,0,7,10,15,0,0,15,13,18,18,0,6,0,3,0,6,14,10,7,3,7,17,31,25,7,9,1,3,0,0,0,14,22,0,0,12,18,27,28,15,7,15,5,0,1,11,0,1,0,0,0,11,18,15,7,5,1,7,0,13,0,3,3,7,15,15,15,10,12,11,11,6,6,7,5,7,18,1,5,21,5,11,12,13,11,6,1,5,9,0,5,7,7,1,1,9,7,6,12,11,7,6,9,10,0,15,3,7,9,5,21,18,14,14,10,5,0,10,10,0,0,9
0,0,0,0,0,0,0,0,0,0,0,0,0,0,0,0,15,13,14,13,14,12,13,15,15,15,21,22,19,17,20,21,15,12,14,12,15,0,3,9,26,20,7,9,19,25,15,21,7,31,13,13,14,9,15,24,22,7,0,10,12,26,20,17,1,14,10,14,0,21,0,12,18,17,0,15,20,24,31,15,1,0,1,19,0,0,0,5,17,28,0,3,13,18,26,27,0,0,0,10,0,5,0,5,7,6,0,12,17,13,18,25,0,0,17,11,21,1,0,0,7,0,0,6,15,11,9,18,0,0,0,1,23,0,3,7,15,0,0,6,19,9,22,13,3,1,0,5,0,23,13,0,15,5,9,22,28,19,5,11,0,3,3,3,0,11,13,0,0,13,24,36,25,9,12,14,0,3,3,1,0,0,1,0,3,15,17,11,7,3,5,7,1,0,3,3,3,19,15,14,12,12,10,11,7,5,6,7,0,7,7,3,14,9,9,12,13,12,9,1,3,9,0,0,3,9,1,0,15,7,6,9,13,7,7,7,11,0,0,17,0,7,11,15,15,15,15,12,7,0,5,12,1,0,10,18
0,23,20,21,21,22,22,21,21,23,22,22,24,23,24,26,0,15,13,12,11,15,3,12,12,9,20,17,24,26,21,18,0,13,14,14,12,15,1,6,24,31,11,1,9,11,29,17,0,11,33,12,14,11,19,9,13,14,12,0,12,13,25,26,0,0,0,3,19,0,0,0,12,19,23,1,7,19,19,31,0,0,0,1,3,0,3,0,9,15,20,0,6,17,14,22,0,0,0,13,14,10,1,0,0,10,0,0,15,18,15,13,0,0,0,10,7,17,0,1,1,10,1,0,13,19,6,14,0,3,0,0,0,7,0,17,12,20,3,15,11,24,19,17,0,0,3,3,1,0,15,11,0,11,6,0,34,25,14,10,0,0,3,3,7,0,5,0,0,0,15,34,20,14,9,12,0,3,1,5,3,3,5,10,12,14,14,9,9,9,6,5,0,1,7,5,3,6,15,7,10,13,14,11,10,3,3,6,0,3,9,12,1,15,9,7,13,11,10,7,5,6,12,0,0,0,7,3,11,15,13,7,7,7,7,7,11,9,0,5,0,3,9,12,13,17,18,15,21,15,3,7,12,0,0,14
13,22,20,21,20,23,21,21,22,23,21,23,24,23,25,29,7,15,13,11,13,13,1,14,11,17,19,18,22,25,18,22,5,14,14,13,14,5,0,14,27,27,1,0,7,17,27,18,0,23,23,12,11,14,17,9,15,15,0,10,11,24,29,18,0,6,0,14,1,0,0,1,15,25,10,1,15,18,22,31,0,1,0,11,11,0,1,0,6,35,0,0,15,10,21,24,0,1,0,10,17,5,3,0,3,15,0,3,15,21,12,19,0,1,0,11,20,9,0,3,5,13,0,3,18,10,6,21,0,5,0,11,0,10,7,15,13,1,24,0,22,24,20,13,0,5,1,0,0,0,15,7,0,11,0,23,33,18,7,14,3,1,0,10,0,1,0,0,0,0,29,30,15,10,11,17,1,1,0,3,1,7,7,9,17,14,12,7,10,7,6,5,3,9,1,3,3,22,10,9,13,13,13,10,6,3,3,3,3,9,11,0,3,10,7,13,12,10,7,7,3,12,0,0,0,7,10,0,13,17,10,5,9,6,7,7,13,0,0,17,6,7,10,12,17,19,18,18,20,10,1,9,7,0,1,15
23,20,21,21,22,22,21,21,23,22,22,24,23,24,26,28,15,13,12,11,15,3,12,12,9,20,17,24,26,21,18,20,13,14,14,12,15,1,6,24,31,11,1,9,11,29,17,19,11,33,12,14,11,19,9,13,14,12,0,12,13,25,26,15,0,0,3,19,0,0,0,12,19,23,1,7,19,19,31,19,0,0,1,3,0,3,0,9,15,20,0,6,17,14,22,29,0,0,13,14,10,1,0,0,10,0,0,15,18,15,13,21,0,0,10,7,17,0,1,1,10,1,0,13,19,6,14,15,3,0,0,0,7,0,17,12,20,3,15,11,24,19,17,11,0,3,3,1,0,15,11,0,11,6,0,34,25,14,10,15,0,3,3,7,0,5,0,0,0,15,34,20,14,9,12,18,3,1,5,3,3,5,10,12,14,14,9,9,9,6,5,10,1,7,5,3,6,15,7,10,13,14,11,10,3,3,6,0,3,9,12,1,15,9,7,13,11,10,7,5,6,12,0,9,0,7,3,11,15,13,7,7,7,7,7,11,9,0,5,20,3,9,12,13,17,18,15,21,15,3,7,12,0,0,14,17
0,15,13,14,13,14,12,13,15,15,15,21,22,19,17,20,0,15,12,14,12,15,0,3,9,26,20,7,9,19,25,15,0,7,31,13,13,14,9,15,24,22,7,0,10,12,26,20,0,1,14,10,14,0,21,0,12,18,17,0,15,20,24,31,0,1,0,1,19,0,0,0,5,17,28,0,3,13,18,26,0,0,0,0,10,0,5,0,5,7,6,0,12,17,13,18,0,0,0,17,11,21,1,0,0,7,0,0,6,15,11,9,0,0,0,0,1,23,0,3,7,15,0,0,6,19,9,22,0,3,1,0,5,0,23,13,0,15,5,9,22,28,19,5,0,0,3,3,3,0,11,13,0,0,13,24,36,25,9,12,0,0,3,3,1,0,0,1,0,3,15,17,11,7,3,5,0,1,0,3,3,3,19,15,14,12,12,10,11,7,5,6,0,0,7,7,3,14,9,9,12,13,12,9,1,3,9,0,0,3,9,1,0,15,7,6,9,13,7,7,7,11,0,0,0,0,7,11,15,15,15,15,12,7,0,5,12,1,0,10,0,0,0,0,0,0,0,1,1,0,0,0,0,0,0,0
5,15,14,13,14,12,13,15,15,12,18,24,22,17,18,23,9,13,12,12,13,19,0,14,10,28,10,7,19,23,21,22,3,23,22,13,13,7,17,15,25,20,0,9,5,15,30,15,0,27,3,15,11,14,7,0,17,13,9,1,19,21,28,23,0,0,0,12,0,0,0,6,13,33,0,0,15,13,24,33,0,5,0,9,13,1,0,0,7,25,0,0,15,15,18,21,0,1,0,12,19,13,1,0,0,18,0,5,14,14,6,22,0,3,0,5,5,1,0,7,10,15,0,0,15,13,18,18,0,6,0,3,0,6,14,10,7,3,7,17,31,25,7,9,1,3,0,0,0,14,22,0,0,12,18,27,28,15,7,15,5,0,1,11,0,1,0,0,0,11,18,15,7,5,1,7,0,13,0,3,3,7,15,15,15,10,12,11,11,6,6,7,5,7,18,1,5,21,5,11,12,13,11,6,1,5,9,0,5,7,7,1,1,9,7,6,12,11,7,6,9,10,0,15,3,7,9,5,21,18,14,14,10,5,0,10,10,0,0,9,3,0,0,0,0,0,0,1,0,0,0,0,0,0,0,0
15,13,14,13,14,12,13,15,15,15,21,22,19,17,20,21,15,12,14,12,15,0,3,9,26,20,7,9,19,25,15,21,7,31,13,13,14,9,15,24,22,7,0,10,12,26,20,17,1,14,10,14,0,21,0,12,18,17,0,15,20,24,31,15,1,0,1,19,0,0,0,5,17,28,0,3,13,18,26,27,0,0,0,10,0,5,0,5,7,6,0,12,17,13,18,25,0,0,17,11,21,1,0,0,7,0,0,6,15,11,9,18,0,0,0,1,23,0,3,7,15,0,0,6,19,9,22,13,3,1,0,5,0,23,13,0,15,5,9,22,28,19,5,11,0,3,3,3,0,11,13,0,0,13,24,36,25,9,12,14,0,3,3,1,0,0,1,0,3,15,17,11,7,3,5,7,1,0,3,3,3,19,15,14,12,12,10,11,7,5,6,7,0,7,7,3,14,9,9,12,13,12,9,1,3,9,0,0,3,9,1,0,15,7,6,9,13,7,7,7,11,0,0,17,0,7,11,15,15,15,15,12,7,0,5,12,1,0,10,18,0,0,0,0,0,0,1,1,0,0,0,0,0,0,0,0
0,0,0,0,0,0,0,0,0,0,0,0,0,0,0,0,0,0,0,0,0,0,0,0,0,0,0,0,0,0,0,0,0,0,0,0,0,0,1,0,1,1,1,0,0,0,0,0,0,0,3,0,1,0,3,3,1,0,0,0,0,0,0,1,0,0,1,0,3,1,3,0,0,0,0,0,0,1,0,1,0,17,0,1,0,10,0,3,0,0,0,3,0,0,0,0,0,15,11,1,0,6,10,11,0,0,0,14,0,0,0,0,0,19,10,0,0,0,0,14,3,0,0,18,0,0,0,0,0,20,26,0,1,0,1,15,0,1,0,9,0,0,0,0,0,28,22,9,1,0,1,3,0,0,1,0,0,0,0,0,0,24,19,19,0,3,1,0,7,0,1,3,1,0,0,1,0,13,19,22,0,38,5,0,19,10,1,0,0,1,3,3,0,1,20,25,11,40,24,3,3,1,0,0,1,1,1,5,0,7,0,20,29,39,0,0,0,0,0,0,1,3,9,13,0,14,1,0,40,7,0,0,0,0,0,0,3,7,7,5,0,11,0,1,12,0,0,0,0,0,3,1,1,6,17,12
0,0,0,0,0,0,0,0,0,0,0,0,0,0,0,0,0,0,0,0,0,0,0,0,0,0,0,0,0,0,0,0,0,0,0,0,0,0,0,1,0,1,0,0,0,0,1,0,0,1,1,0,1,0,7,0,1,0,0,0,0,0,0,1,0,1,1,1,3,3,1,0,0,0,0,0,0,0,0,3,1,0,3,0,0,5,0,0,0,1,0,0,0,0,0,3,3,0,11,1,0,21,5,6,0,1,1,3,0,0,0,0,6,0,17,3,0,10,0,22,0,0,11,5,0,0,0,1,9,0,20,1,0,0,15,0,0,0,6,0,0,0,0,1,9,17,28,0,5,0,0,0,0,0,0,0,0,0,0,1,6,24,26,5,5,3,1,0,9,0,0,1,0,0,0,3,7,30,20,14,24,21,0,5,21,0,0,0,0,1,3,1,6,19,21,7,39,43,3,3,5,0,0,0,1,0,5,3,15,0,14,10,47,13,0,0,0,0,0,1,1,6,11,10,17,5,1,7,44,0,0,0,0,0,0,1,7,11,7,10,15,5,0,1,17,1,0,0,0,0,3,0,3,7,18,0
0,0,0,0,0,0,0,0,0,0,0,0,0,0,0,0,0,0,0,0,0,0,0,0,0,0,0,0,0,0,0,0,0,0,0,0,0,1,0,1,1,1,0,0,0,0,0,0,0,3,0,1,0,3,3,1,0,0,0,0,0,0,1,0,0,1,0,3,1,3,0,0,0,0,0,0,1,0,1,0,17,0,1,0,10,0,3,0,0,0,3,0,0,0,0,0,15,11,1,0,6,10,11,0,0,0,14,0,0,0,0,0,19,10,0,0,0,0,14,3,0,0,18,0,0,0,0,0,20,26,0,1,0,1,15,0,1,0,9,0,0,0,0,0,28,22,9,1,0,1,3,0,0,1,0,0,0,0,0,0,24,19,19,0,3,1,0,7,0,1,3,1,0,0,1,0,13,19,22,0,38,5,0,19,10,1,0,0,1,3,3,0,1,20,25,11,40,24,3,3,1,0,0,1,1,1,5,0,7,0,20,29,39,0,0,0,0,0,0,1,3,9,13,3,14,1,0,40,7,0,0,0,0,0,0,3,7,7,5,3,11,0,1,12,0,0,0,0,0,3,1,1,6,17,12,0
0,0,0,0,0,0,0,0,0,0,0,0,0,0,0,0,0,0,0,0,0,1,1,0,0,0,1,1,1,1,0,0,0,0,1,0,0,0,1,1,1,1,0,0,0,0,0,0,0,0,3,0,1,0,3,0,0,0,0,0,0,0,0,1,0,3,0,1,3,0,1,1,0,0,0,1,0,0,0,0,0,20,0,3,0,12,11,7,0,0,0,7,0,0,1,0,0,19,7,1,0,3,7,18,0,0,0,19,0,0,0,0,0,18,22,0,1,1,5,17,5,1,0,13,0,0,0,0,0,24,24,3,3,1,0,13,0,0,0,1,0,0,0,0,0,28,20,14,0,0,3,3,0,0,1,0,1,0,0,0,0,18,19,19,0,17,0,5,19,0,0,3,0,0,1,3,0,7,22,29,0,49,7,0,11,12,0,0,0,0,1,1,0,3,11,29,25,47,7,0,0,0,0,0,0,3,6,9,0,13,1,7,40,21,0,0,0,0,0,0,1,7,12,9,0,13,1,0,25,0,0,1,0,0,0,1,0,9,7,14,0,12,0,0,0,0,0,0,0,0,3,3,0,3,19,11
0,0,0,0,0,0,0,0,0,0,0,0,0,0,0,0,0,1,0,0,0,1,0,0,0,1,1,1,1,0,0,1,0,0,0,0,0,0,3,0,1,1,0,0,0,0,1,0,1,1,1,0,1,0,3,0,0,0,0,0,0,0,0,1,0,0,0,1,1,0,0,0,0,0,0,0,0,0,0,3,0,0,7,1,0,25,3,0,0,3,0,0,0,0,0,1,3,0,12,3,0,13,3,18,0,0,6,5,0,0,0,0,7,0,18,3,0,3,11,18,0,0,9,0,0,0,0,3,9,10,23,0,0,0,19,0,0,0,0,0,0,0,0,0,7,21,30,0,9,3,3,0,0,1,0,1,1,0,0,1,7,25,21,9,11,15,0,0,24,0,1,0,0,1,3,1,6,28,24,15,27,30,0,7,15,3,0,0,0,1,1,1,12,5,17,11,41,33,0,0,0,0,0,0,1,5,7,9,17,1,1,12,51,0,0,0,0,0,0,1,3,9,13,7,17,5,1,0,30,0,0,0,0,0,0,0,6,7,13,7,15,1,0,1,3,0,0,0,0,3,3,0,0,12,15,0
0,0,0,0,0,0,0,0,0,0,0,0,0,0,0,0,0,0,0,0,1,1,0,0,0,1,1,1,1,0,0,0,0,1,0,0,0,1,1,1,1,0,0,0,0,0,0,0,0,3,0,1,0,3,0,0,0,0,0,0,0,0,1,0,3,0,1,3,0,1,1,0,0,0,1,0,0,0,0,0,20,0,3,0,12,11,7,0,0,0,7,0,0,1,0,0,19,7,1,0,3,7,18,0,0,0,19,0,0,0,0,0,18,22,0,1,1,5,17,5,1,0,13,0,0,0,0,0,24,24,3,3,1,0,13,0,0,0,1,0,0,0,0,0,28,20,14,0,0,3,3,0,0,1,0,1,0,0,0,0,18,19,19,0,17,0,5,19,0,0,3,0,0,1,3,0,7,22,29,0,49,7,0,11,12,0,0,0,0,1,1,0,3,11,29,25,47,7,0,0,0,0,0,0,3,6,9,0,13,1,7,40,21,0,0,0,0,0,0,1,7,12,9,7,13,1,0,25,0,0,1,0,0,0,1,0,9,7,14,0,12,0,0,0,0,0,0,0,0,3,3,0,3,19,11,0
0,0,0,0,0,0,0,0,0,0,0,0,0,0,0,0,0,0,0,0,0,0,1,0,1,1,1,0,0,0,0,0,0,0,3,0,1,0,3,3,1,0,0,0,0,0,0,1,0,0,1,0,3,1,3,0,0,0,0,0,0,1,0,1,0,17,0,1,0,10,0,3,0,0,0,3,0,0,0,0,0,15,11,1,0,6,10,11,0,0,0,14,0,0,0,0,0,19,10,0,0,0,0,14,3,0,0,18,0,0,0,0,0,20,26,0,1,0,1,15,0,1,0,9,0,0,0,0,0,28,22,9,1,0,1,3,0,0,1,0,0,0,0,0,0,24,19,19,0,3,1,0,7,0,1,3,1,0,0,1,0,13,19,22,0,38,5,0,19,10,1,0,0,1,3,3,0,1,20,25,11,40,24,3,3,1,0,0,1,1,1,5,0,7,0,20,29,39,0,0,0,0,0,0,1,3,9,13,0,14,1,0,40,7,0,0,0,0,0,0,3,7,7,5,0,11,0,1,12,0,0,0,0,0,3,1,1,6,17,12,0,0,0,0,0,0,0,0,0,0,0,0,0,0,7,0
0,0,0,0,0,0,0,0,0,0,0,0,0,0,0,0,0,0,0,0,0,0,0,1,0,1,0,0,0,0,1,0,0,1,1,0,1,0,7,0,1,0,0,0,0,0,0,1,0,1,1,1,3,3,1,0,0,0,0,0,0,0,0,3,1,0,3,0,0,5,0,0,0,1,0,0,0,0,0,3,3,0,11,1,0,21,5,6,0,1,1,3,0,0,0,0,6,0,17,3,0,10,0,22,0,0,11,5,0,0,0,1,9,0,20,1,0,0,15,0,0,0,6,0,0,0,0,1,9,17,28,0,5,0,0,0,0,0,0,0,0,0,0,1,6,24,26,5,5,3,1,0,9,0,0,1,0,0,0,3,7,30,20,14,24,21,0,5,21,0,0,0,0,1,3,1,6,19,21,7,39,43,3,3,5,0,0,0,1,0,5,3,15,0,14,10,47,13,0,0,0,0,0,1,1,6,11,10,17,5,1,7,44,0,0,0,0,0,0,1,7,11,7,10,15,5,0,1,17,1,0,0,0,0,3,0,3,7,18,0,1,0,0,0,0,0,0,0,0,0,0,0,0,0,7,0
0,0,0,0,0,0,0,0,0,0,0,0,0,0,0,0,0,0,0,0,0,1,0,1,1,1,0,0,0,0,0,0,0,3,0,1,0,3,3,1,0,0,0,0,0,0,1,0,0,1,0,3,1,3,0,0,0,0,0,0,1,0,1,0,17,0,1,0,10,0,3,0,0,0,3,0,0,0,0,0,15,11,1,0,6,10,11,0,0,0,14,0,0,0,0,0,19,10,0,0,0,0,14,3,0,0,18,0,0,0,0,0,20,26,0,1,0,1,15,0,1,0,9,0,0,0,0,0,28,22,9,1,0,1,3,0,0,1,0,0,0,0,0,0,24,19,19,0,3,1,0,7,0,1,3,1,0,0,1,0,13,19,22,0,38,5,0,19,10,1,0,0,1,3,3,0,1,20,25,11,40,24,3,3,1,0,0,1,1,1,5,0,7,0,20,29,39,0,0,0,0,0,0,1,3,9,13,3,14,1,0,40,7,0,0,0,0,0,0,3,7,7,5,3,11,0,1,12,0,0,0,0,0,3,1,1,6,17,12,0,0,0,0,0,0,0,0,0,0,0,0,0,0,7,0,0
0,0,0,0,0,0,0,0,0,0,0,0,0,0,0,0,0,0,0,0,0,0,0,0,0,0,0,3,3,1,0,0,0,0,0,0,0,0,0,0,0,7,11,7,12,15,7,0,0,0,7,0,0,0,0,13,22,15,0,0,1,6,15,3,0,3,6,0,0,0,9,0,3,7,0,0,7,14,15,10,0,0,0,0,0,0,0,0,6,11,14,0,1,5,9,17,0,0,0,0,1,0,0,0,0,3,0,0,10,3,6,11,0,1,0,11,0,0,0,0,0,0,0,0,7,11,5,1,0,0,0,3,3,0,0,0,3,6,0,0,10,7,0,3,0,0,0,3,0,3,12,10,3,3,10,7,15,17,1,0,0,0,0,0,0,0,3,7,0,1,3,14,19,3,0,0,0,0,0,0,0,0,0,0,0,0,15,15,6,6,13,18,0,3,0,0,0,0,29,24,25,20,14,12,12,12,11,11,0,11,7,1,0,20,12,10,13,14,13,12,7,6,9,5,0,13,15,0,0,13,10,12,12,12,10,12,12,15,6,5,0,9,13,17,18,19,15,11,9,6,7,11,13,3,1,14
0,0,0,0,0,0,0,0,0,0,0,0,0,0,0,0,1,0,0,0,0,0,0,0,0,0,3,5,3,0,0,1,3,0,0,0,0,0,0,0,0,12,6,12,18,11,3,0,7,7,0,0,0,0,11,18,22,6,0,3,3,15,10,0,3,20,0,0,0,6,0,0,3,5,0,3,9,13,14,5,0,0,0,0,0,0,0,3,7,14,0,0,7,6,15,10,0,0,0,0,0,0,0,0,6,12,0,0,10,5,7,10,0,0,0,1,3,0,0,0,0,9,0,6,11,7,0,3,0,0,0,3,0,0,0,0,7,3,0,3,13,3,1,0,0,0,0,0,0,0,10,10,5,1,15,10,21,9,0,0,0,0,0,3,0,3,1,0,0,1,6,20,12,0,0,1,0,0,0,7,0,0,0,0,0,9,20,9,3,11,14,17,10,6,0,0,0,15,26,26,23,15,11,12,13,10,12,12,5,14,5,0,0,18,10,12,14,14,12,11,7,7,9,1,5,15,14,0,10,10,11,12,12,11,11,13,13,14,3,15,1,12,12,15,28,18,12,10,7,6,9,13,10,0,7,15
0,0,0,0,0,0,0,0,0,0,0,0,0,0,0,0,0,0,0,0,0,0,0,0,0,0,3,3,1,0,0,9,0,0,0,0,0,0,0,0,7,11,7,12,15,7,0,7,0,7,0,0,0,0,13,22,15,0,0,1,6,15,3,5,3,6,0,0,0,9,0,3,7,0,0,7,14,15,10,5,0,0,0,0,0,0,0,6,11,14,0,1,5,9,17,14,0,0,0,1,0,0,0,0,3,0,0,10,3,6,11,14,1,0,11,0,0,0,0,0,0,0,0,7,11,5,1,10,0,0,3,3,0,0,0,3,6,0,0,10,7,0,3,1,0,0,3,0,3,12,10,3,3,10,7,15,17,1,0,3,0,0,0,0,0,3,7,0,1,3,14,19,3,0,0,7,0,0,0,0,0,0,0,0,0,15,15,6,6,13,18,18,3,0,0,0,0,29,24,25,20,14,12,12,12,11,11,10,11,7,1,0,20,12,10,13,14,13,12,7,6,9,5,3,13,15,0,0,13,10,12,12,12,10,12,12,15,6,5,15,9,13,17,18,19,15,11,9,6,7,11,13,3,1,14,10
0,0,0,0,0,0,0,0,0,0,3,5,6,6,6,7,0,0,0,0,0,0,0,0,0,0,9,13,14,9,1,0,0,0,0,0,0,0,0,0,9,20,1,0,6,7,12,3,0,12,17,0,0,0,3,6,9,6,0,0,3,7,15,7,0,0,0,0,0,0,0,0,7,9,9,1,7,10,12,12,0,0,0,0,0,0,0,0,5,9,3,0,3,6,7,18,0,5,0,3,0,0,0,0,0,0,0,0,11,7,7,6,0,0,0,9,3,0,0,0,0,3,0,0,3,5,0,3,0,0,0,0,0,0,0,12,9,9,0,3,3,7,9,1,0,0,0,0,0,5,9,0,0,1,0,1,24,11,0,0,0,0,0,0,0,0,19,0,0,6,22,28,18,7,5,10,0,0,0,0,0,0,0,7,15,23,15,6,7,11,10,10,0,15,3,0,0,7,18,11,12,11,14,14,13,7,7,10,0,13,15,1,0,21,12,12,13,11,11,9,7,13,15,1,0,11,13,14,10,17,11,9,11,12,11,12,14,12,3,20,0,12,11,13,14,18,18,20,15,9,3,10,10,0,1,15
0,0,0,0,0,0,0,0,0,1,3,6,5,5,6,10,0,0,0,0,0,0,0,0,0,3,13,13,10,5,0,0,3,0,0,0,0,0,0,0,18,15,0,0,6,11,7,0,9,22,3,0,0,0,7,6,6,3,0,3,3,15,12,1,0,5,0,0,0,0,0,0,7,13,1,5,11,11,15,7,0,0,0,0,0,0,0,0,5,14,0,0,7,5,13,11,0,0,0,0,3,1,0,0,0,6,0,3,9,7,3,5,0,0,1,3,7,0,0,1,0,6,0,0,5,1,0,0,0,0,0,0,3,0,3,7,9,0,1,0,7,7,7,0,0,0,0,0,0,0,0,0,0,0,0,15,19,3,0,0,0,0,0,3,0,7,0,0,0,7,25,26,15,10,9,13,1,0,0,0,0,0,3,11,20,19,9,6,10,10,9,11,12,14,0,0,0,24,13,10,11,15,13,14,9,7,7,10,3,15,7,0,6,9,11,14,12,11,10,7,9,15,7,1,3,14,13,1,18,12,7,9,14,11,11,12,14,5,9,23,3,12,13,15,19,18,19,18,12,6,5,11,3,0,9,19
0,0,0,0,0,0,0,0,0,3,5,6,6,6,7,12,0,0,0,0,0,0,0,0,0,9,13,14,9,1,0,7,0,0,0,0,0,0,0,9,20,1,0,6,7,12,3,7,12,17,0,0,0,3,6,9,6,0,0,3,7,15,7,5,0,0,0,0,0,0,0,7,9,9,1,7,10,12,12,7,0,0,0,0,0,0,0,5,9,3,0,3,6,7,18,15,5,0,3,0,0,0,0,0,0,0,0,11,7,7,6,12,0,0,9,3,0,0,0,0,3,0,0,3,5,0,3,7,0,0,0,0,0,0,12,9,9,0,3,3,7,9,1,3,0,0,0,0,5,9,0,0,1,0,1,24,11,0,0,3,0,0,0,0,0,19,0,0,6,22,28,18,7,5,10,19,0,0,0,0,0,0,7,15,23,15,6,7,11,10,10,9,15,3,0,0,7,18,11,12,11,14,14,13,7,7,10,6,13,15,1,0,21,12,12,13,11,11,9,7,13,15,1,3,11,13,14,10,17,11,9,11,12,11,12,14,12,3,20,15,12,11,13,14,18,18,20,15,9,3,10,10,0,1,15,13
0,0,0,0,0,0,0,0,0,0,0,3,3,1,0,0,0,0,0,0,0,0,0,0,0,7,11,7,12,15,7,0,0,0,7,0,0,0,0,13,22,15,0,0,1,6,15,3,0,3,6,0,0,0,9,0,3,7,0,0,7,14,15,10,0,0,0,0,0,0,0,0,6,11,14,0,1,5,9,17,0,0,0,0,1,0,0,0,0,3,0,0,10,3,6,11,0,1,0,11,0,0,0,0,0,0,0,0,7,11,5,1,0,0,0,3,3,0,0,0,3,6,0,0,10,7,0,3,0,0,0,3,0,3,12,10,3,3,10,7,15,17,1,0,0,0,0,0,0,0,3,7,0,1,3,14,19,3,0,0,0,0,0,0,0,0,0,0,0,0,15,15,6,6,13,18,0,3,0,0,0,0,29,24,25,20,14,12,12,12,11,11,0,11,7,1,0,20,12,10,13,14,13,12,7,6,9,5,0,13,15,0,0,13,10,12,12,12,10,12,12,15,6,5,0,9,13,17,18,19,15,11,9,6,7,11,13,3,1,14,0,0,1,3,5,7,6,7,12,5,0,1,0,1,0,6
1,0,0,0,0,0,0,0,0,0,3,5,3,0,0,1,3,0,0,0,0,0,0,0,0,12,6,12,18,11,3,0,7,7,0,0,0,0,11,18,22,6,0,3,3,15,10,0,3,20,0,0,0,6,0,0,3,5,0,3,9,13,14,5,0,0,0,0,0,0,0,3,7,14,0,0,7,6,15,10,0,0,0,0,0,0,0,0,6,12,0,0,10,5,7,10,0,0,0,1,3,0,0,0,0,9,0,6,11,7,0,3,0,0,0,3,0,0,0,0,7,3,0,3,13,3,1,0,0,0,0,0,0,0,10,10,5,1,15,10,21,9,0,0,0,0,0,3,0,3,1,0,0,1,6,20,12,0,0,1,0,0,0,7,0,0,0,0,0,9,20,9,3,11,14,17,10,6,0,0,0,15,26,26,23,15,11,12,13,10,12,12,5,14,5,0,0,18,10,12,14,14,12,11,7,7,9,1,5,15,14,0,10,10,11,12,12,11,11,13,13,14,3,15,1,12,12,15,28,18,12,10,7,6,9,13,10,0,7,15,0,1,3,5,6,6,7,10,9,0,0,1,0,1,6,5
0,0,0,0,0,0,0,0,0,0,3,3,1,0,0,9,0,0,0,0,0,0,0,0,7,11,7,12,15,7,0,7,0,7,0,0,0,0,13,22,15,0,0,1,6,15,3,5,3,6,0,0,0,9,0,3,7,0,0,7,14,15,10,5,0,0,0,0,0,0,0,6,11,14,0,1,5,9,17,14,0,0,0,1,0,0,0,0,3,0,0,10,3,6,11,14,1,0,11,0,0,0,0,0,0,0,0,7,11,5,1,10,0,0,3,3,0,0,0,3,6,0,0,10,7,0,3,1,0,0,3,0,3,12,10,3,3,10,7,15,17,1,0,3,0,0,0,0,0,3,7,0,1,3,14,19,3,0,0,7,0,0,0,0,0,0,0,0,0,15,15,6,6,13,18,18,3,0,0,0,0,29,24,25,20,14,12,12,12,11,11,10,11,7,1,0,20,12,10,13,14,13,12,7,6,9,5,3,13,15,0,0,13,10,12,12,12,10,12,12,15,6,5,15,9,13,17,18,19,15,11,9,6,7,11,13,3,1,14,10,0,1,3,5,7,6,7,12,5,0,1,0,1,0,6,3
0,0,0,0,0,0,0,0,0,0,0,0,0,0,0,0,0,6,6,7,6,5,6,3,3,7,3,3,5,7,6,10,0,7,5,6,6,9,18,0,6,3,15,10,3,3,7,7,0,6,6,7,7,7,0,11,5,18,7,3,10,6,5,9,0,6,10,0,7,7,11,10,11,10,0,3,6,14,15,1,0,3,1,0,5,6,0,0,13,9,12,0,6,13,13,0,0,3,1,3,12,3,9,9,3,12,15,1,5,7,10,12,0,6,1,5,13,0,15,3,5,3,0,5,9,7,13,6,0,7,5,3,3,3,0,5,3,11,0,11,6,9,1,7,0,5,6,0,9,5,3,10,14,3,0,12,7,12,15,10,0,7,6,5,0,0,1,1,3,0,10,6,15,7,0,0,0,5,6,7,13,7,3,1,3,3,7,18,15,0,0,5,0,1,7,11,1,7,5,5,5,17,15,11,7,11,5,7,0,7,3,10,3,11,15,9,10,11,12,10,9,3,6,9,0,7,7,7,9,23,7,9,9,11,9,7,7,10,14,0,0,7,11,6,5,11,13,12,13,12,9,7,10,12,0,10
0,0,0,0,0,0,0,0,0,0,0,0,0,0,0,0,0,6,6,6,6,6,3,5,6,6,3,3,5,7,7,11,0,6,7,7,7,10,0,6,3,6,11,3,3,5,7,9,0,3,9,6,7,3,6,3,19,12,6,6,15,6,6,7,11,10,0,7,7,1,17,9,10,5,7,3,6,13,3,10,7,13,0,10,19,1,3,3,6,5,7,10,9,12,11,1,5,3,3,11,1,6,5,0,15,6,0,0,11,13,14,7,3,3,0,6,12,5,1,3,5,9,0,7,7,7,9,6,3,1,9,3,15,9,3,5,3,10,1,3,9,7,1,11,3,3,3,1,0,3,10,9,1,7,3,5,13,7,12,3,3,5,5,1,1,10,1,7,1,0,10,14,18,0,0,1,1,9,6,7,3,0,3,1,3,5,17,19,6,0,3,6,3,7,7,12,3,6,5,5,13,12,13,7,7,7,6,6,22,3,7,7,7,27,11,10,11,12,11,10,7,6,7,9,15,9,5,1,11,13,12,9,10,10,10,6,9,10,3,0,18,7,7,3,27,12,10,12,14,7,7,10,13,9,6,14
0,0,0,0,0,0,0,0,0,0,0,0,0,0,0,0,6,6,7,6,5,6,3,3,7,3,3,5,7,6,10,15,7,5,6,6,9,18,0,6,3,15,10,3,3,7,7,14,6,6,7,7,7,0,11,5,18,7,3,10,6,5,9,12,6,10,0,7,7,11,10,11,10,0,3,6,14,15,1,10,3,1,0,5,6,0,0,13,9,12,0,6,13,13,0,12,3,1,3,12,3,9,9,3,12,15,1,5,7,10,12,1,6,1,5,13,0,15,3,5,3,0,5,9,7,13,6,13,7,5,3,3,3,0,5,3,11,0,11,6,9,1,7,11,5,6,0,9,5,3,10,14,3,0,12,7,12,15,10,13,7,6,5,0,0,1,1,3,0,10,6,15,7,0,0,5,5,6,7,13,7,3,1,3,3,7,18,15,0,0,5,3,1,7,11,1,7,5,5,5,17,15,11,7,11,5,7,0,7,3,10,3,11,15,9,10,11,12,10,9,3,6,9,0,7,7,7,9,23,7,9,9,11,9,7,7,10,14,0,0,7,11,6,5,11,13,12,13,12,9,7,10,12,0,10,0
0,1,1,1,1,1,1,1,3,3,1,1,1,0,1,3,0,10,7,7,7,9,9,0,6,7,5,5,3,6,7,10,0,7,3,5,6,9,11,0,3,7,15,10,9,11,3,7,0,6,7,7,7,6,0,17,17,12,6,0,12,9,9,5,0,3,13,0,6,7,6,0,6,10,1,7,3,15,12,1,0,3,3,1,7,3,5,3,12,14,18,0,0,12,9,10,0,5,0,3,15,1,10,3,0,14,3,3,12,5,13,11,0,6,3,5,6,5,6,3,9,3,0,3,10,13,6,3,0,6,6,0,9,3,1,14,11,5,0,14,7,7,3,10,0,7,6,7,0,7,3,3,11,0,13,0,20,15,7,0,0,7,5,3,9,1,15,9,0,1,0,17,12,0,0,0,0,3,7,10,3,3,1,3,5,3,22,13,7,7,9,11,0,3,3,12,3,7,21,14,14,12,13,9,10,7,6,6,0,7,3,7,6,26,10,7,11,12,10,10,7,3,7,7,0,7,10,6,7,17,14,14,7,9,7,11,7,14,6,1,0,9,9,7,3,11,10,7,9,7,9,6,9,3,3,7
0,3,0,3,3,1,1,3,3,3,0,0,1,1,3,3,0,7,7,7,7,9,0,6,6,3,6,1,5,7,9,11,0,3,5,7,7,9,0,3,3,19,11,12,9,0,7,6,0,1,10,7,7,5,12,14,17,3,6,0,7,15,3,7,14,11,0,7,12,0,9,3,7,6,7,6,9,15,7,7,3,14,0,12,1,5,3,0,7,6,6,3,11,10,14,1,3,3,0,6,3,7,5,0,10,6,0,0,11,7,13,9,5,0,3,1,13,6,1,6,5,12,0,9,7,9,7,7,3,1,6,3,7,9,3,5,3,7,0,14,11,5,0,5,3,3,5,0,3,0,20,11,0,7,20,1,14,3,6,3,1,7,5,3,12,0,3,0,3,0,1,19,11,0,0,0,3,10,7,12,1,1,3,3,6,10,20,7,7,6,9,13,14,6,7,10,6,20,15,13,13,12,12,9,10,6,7,6,17,6,6,7,7,15,9,10,12,12,12,9,3,6,11,0,18,9,7,1,15,14,11,12,9,9,7,9,11,15,0,6,11,7,7,7,15,12,6,7,7,9,6,10,9,3,3,14
1,1,1,1,1,1,1,3,3,1,1,1,0,1,3,6,10,7,7,7,9,9,0,6,7,5,5,3,6,7,10,14,7,3,5,6,9,11,0,3,7,15,10,9,11,3,7,14,6,7,7,7,6,0,17,17,12,6,0,12,9,9,5,10,3,13,0,6,7,6,0,6,10,1,7,3,15,12,1,11,3,3,1,7,3,5,3,12,14,18,0,0,12,9,10,6,5,0,3,15,1,10,3,0,14,3,3,12,5,13,11,7,6,3,5,6,5,6,3,9,3,0,3,10,13,6,3,15,6,6,0,9,3,1,14,11,5,0,14,7,7,3,10,6,7,6,7,0,7,3,3,11,0,13,0,20,15,7,0,11,7,5,3,9,1,15,9,0,1,0,17,12,0,0,0,0,3,7,10,3,3,1,3,5,3,22,13,7,7,9,11,0,3,3,12,3,7,21,14,14,12,13,9,10,7,6,6,0,7,3,7,6,26,10,7,11,12,10,10,7,3,7,7,0,7,10,6,7,17,14,14,7,9,7,11,7,14,6,1,3,9,9,7,3,11,10,7,9,7,9,6,9,3,3,7,0
0,6,6,7,6,5,6,3,3,7,3,3,5,7,6,10,0,7,5,6,6,9,18,0,6,3,15,10,3,3,7,7,0,6,6,7,7,7,0,11,5,18,7,3,10,6,5,9,0,6,10,0,7,7,11,10,11,10,0,3,6,14,15,1,0,3,1,0,5,6,0,0,13,9,12,0,6,13,13,0,0,3,1,3,12,3,9,9,3,12,15,1,5,7,10,12,0,6,1,5,13,0,15,3,5,3,0,5,9,7,13,6,0,7,5,3,3,3,0,5,3,11,0,11,6,9,1,7,0,5,6,0,9,5,3,10,14,3,0,12,7,12,15,10,0,7,6,5,0,0,1,1,3,0,10,6,15,7,0,0,0,5,6,7,13,7,3,1,3,3,7,18,15,0,0,5,0,1,7,11,1,7,5,5,5,17,15,11,7,11,5,7,0,7,3,10,3,11,15,9,10,11,12,10,9,3,6,9,0,7,7,7,9,23,7,9,9,11,9,7,7,10,14,0,0,7,11,6,5,11,13,12,13,12,9,7,10,12,0,10,0,18,15,15,17,19,18,17,12,13,11,15,13,6,10,21
0,6,6,6,6,6,3,5,6,6,3,3,5,7,7,11,0,6,7,7,7,10,0,6,3,6,11,3,3,5,7,9,0,3,9,6,7,3,6,3,19,12,6,6,15,6,6,7,11,10,0,7,7,1,17,9,10,5,7,3,6,13,3,10,7,13,0,10,19,1,3,3,6,5,7,10,9,12,11,1,5,3,3,11,1,6,5,0,15,6,0,0,11,13,14,7,3,3,0,6,12,5,1,3,5,9,0,7,7,7,9,6,3,1,9,3,15,9,3,5,3,10,1,3,9,7,1,11,3,3,3,1,0,3,10,9,1,7,3,5,13,7,12,3,3,5,5,1,1,10,1,7,1,0,10,14,18,0,0,1,1,9,6,7,3,0,3,1,3,5,17,19,6,0,3,6,3,7,7,12,3,6,5,5,13,12,13,7,7,7,6,6,22,3,7,7,7,27,11,10,11,12,11,10,7,6,7,9,15,9,5,1,11,13,12,9,10,10,10,6,9,10,3,0,18,7,7,3,27,12,10,12,14,7,7,10,13,9,6,14,17,17,15,17,17,19,18,13,13,12,13,15,11,3,17,18
6,6,7,6,5,6,3,3,7,3,3,5,7,6,10,15,7,5,6,6,9,18,0,6,3,15,10,3,3,7,7,14,6,6,7,7,7,0,11,5,18,7,3,10,6,5,9,12,6,10,0,7,7,11,10,11,10,0,3,6,14,15,1,10,3,1,0,5,6,0,0,13,9,12,0,6,13,13,0,12,3,1,3,12,3,9,9,3,12,15,1,5,7,10,12,1,6,1,5,13,0,15,3,5,3,0,5,9,7,13,6,13,7,5,3,3,3,0,5,3,11,0,11,6,9,1,7,11,5,6,0,9,5,3,10,14,3,0,12,7,12,15,10,13,7,6,5,0,0,1,1,3,0,10,6,15,7,0,0,5,5,6,7,13,7,3,1,3,3,7,18,15,0,0,5,3,1,7,11,1,7,5,5,5,17,15,11,7,11,5,7,0,7,3,10,3,11,15,9,10,11,12,10,9,3,6,9,0,7,7,7,9,23,7,9,9,11,9,7,7,10,14,0,0,7,11,6,5,11,13,12,13,12,9,7,10,12,0,10,0,18,15,15,17,19,18,17,12,13,11,15,13,6,10,21,7
0,0,0,0,0,0,0,0,0,0,0,0,0,0,0,0,0,0,0,0,0,0,0,0,0,0,0,0,0,0,0,0,0,0,0,0,0,0,0,0,0,0,0,0,0,0,0,0,0,0,0,0,0,0,0,0,0,0,0,0,0,0,0,0,0,0,0,0,0,0,0,0,0,0,0,3,0,0,0,0,0,11,0,0,0,11,0,3,0,0,0,0,0,0,0,0,0,0,7,5,0,0,3,9,0,0,0,5,0,0,0,0,0,7,3,0,0,0,0,0,3,0,0,9,0,0,0,0,0,11,7,0,0,0,0,3,0,0,0,7,0,0,0,0,0,12,0,6,1,0,0,0,0,0,0,0,0,0,0,0,0,6,0,12,0,3,0,0,1,0,0,0,0,0,0,0,0,0,0,5,0,26,5,0,0,6,0,0,0,0,0,0,0,0,0,7,0,1,1,0,0,0,0,0,0,0,0,0,0,0,0,0,0,5,0,0,0,0,0,0,0,0,0,0,0,1,0,0,6,0,0,0,0,0,0,0,0,0,0,0,0,3,0,0,0,0,0,0,0,0,0,0,0,0,3,6
0,0,0,0,0,0,0,0,0,0,0,0,0,0,0,0,3,0,0,0,0,0,0,0,0,0,0,0,0,0,0,0,5,0,0,0,0,0,0,0,0,0,0,0,0,0,0,0,3,0,0,0,0,0,0,0,0,0,0,0,0,0,0,0,6,0,0,0,0,0,0,0,0,0,0,0,0,0,0,0,3,0,10,0,0,15,0,3,0,0,0,5,0,0,0,0,3,0,14,0,0,7,0,1,0,0,0,1,0,0,0,0,3,0,6,0,0,0,0,13,0,0,0,3,0,0,0,0,3,0,18,0,0,0,9,0,0,0,0,0,0,0,0,0,0,0,13,0,6,0,0,0,0,0,0,0,0,0,0,0,0,3,7,0,0,3,0,0,7,0,0,0,0,0,0,0,0,3,0,0,9,11,0,0,6,0,0,0,0,0,0,0,0,0,3,1,0,3,0,0,0,0,0,0,0,0,0,0,0,0,0,0,3,0,0,0,0,0,0,0,0,0,0,0,0,0,0,0,12,0,0,0,0,0,0,0,0,0,0,0,0,0,0,0,0,0,0,0,0,0,0,0,0,0,9,0
0,0,0,0,0,0,0,0,0,0,0,0,0,0,0,0,0,0,0,0,0,0,0,0,0,0,0,0,0,0,0,0,0,0,0,0,0,0,0,0,0,0,0,0,0,0,0,0,0,0,0,0,0,0,0,0,0,0,0,0,0,0,0,0,0,0,0,0,0,0,0,0,0,0,3,0,0,0,0,0,11,0,0,0,11,0,3,0,0,0,0,0,0,0,0,0,0,7,5,0,0,3,9,0,0,0,5,0,0,0,0,0,7,3,0,0,0,0,0,3,0,0,9,0,0,0,0,0,11,7,0,0,0,0,3,0,0,0,7,0,0,0,0,0,12,0,6,1,0,0,0,0,0,0,0,0,0,0,0,0,6,0,12,0,3,0,0,1,0,0,0,0,0,0,0,0,0,0,5,0,26,5,0,0,6,0,0,0,0,0,0,0,0,0,7,0,1,1,0,0,0,0,0,0,0,0,0,0,0,0,0,0,5,0,0,0,0,0,0,0,0,0,0,9,1,0,0,6,0,0,0,0,0,0,0,0,0,0,0,1,3,0,0,0,0,0,0,0,0,0,0,0,0,3,6,0
0,0,0,0,0,0,0,0,0,0,0,0,0,0,0,0,0,0,0,0,0,0,0,0,0,0,0,0,0,0,0,0,0,0,0,0,0,0,0,0,0,0,0,0,0,0,0,0,0,0,0,0,0,0,0,0,0,0,0,0,0,0,0,0,0,3,0,0,0,0,0,0,0,0,0,3,0,0,0,0,0,3,1,3,0,3,6,7,0,0,0,0,0,0,0,0,0,5,3,1,0,0,0,5,0,0,0,9,0,0,0,0,0,9,7,0,0,0,0,0,3,0,0,7,0,0,0,0,0,12,3,1,0,0,0,5,0,0,0,0,0,0,0,0,0,12,0,14,0,1,0,0,0,0,1,0,0,0,0,0,0,0,0,7,0,1,0,0,1,3,0,0,0,0,0,0,0,0,0,9,0,15,0,0,0,0,0,0,0,0,0,0,0,0,0,0,0,3,0,0,0,0,0,0,0,0,0,0,0,3,0,0,3,5,0,0,0,0,0,0,0,0,0,0,0,1,0,0,0,0,0,0,0,0,0,0,0,0,0,0,0,6,0,0,0,0,0,0,0,0,0,0,0,0,7,3
0,0,0,0,0,0,0,0,0,0,0,0,0,0,0,0,3,0,0,0,0,0,0,0,0,0,0,0,0,0,0,0,5,0,0,0,0,0,0,0,0,0,0,0,0,0,0,0,0,0,0,0,0,0,0,0,0,0,0,0,0,0,0,0,9,0,0,0,0,0,0,0,0,0,0,0,0,0,0,0,1,3,13,0,0,15,0,0,0,0,0,3,0,0,0,0,3,0,9,0,0,1,0,10,0,0,0,1,0,0,0,0,3,0,14,0,0,0,0,6,0,0,0,3,0,0,0,0,1,0,14,0,0,0,0,0,0,0,0,3,0,0,0,0,0,1,11,0,6,0,0,0,0,0,0,0,0,0,0,0,0,3,3,1,9,0,0,0,15,0,0,0,0,0,0,0,0,3,3,3,0,17,0,0,0,0,0,0,0,0,0,0,0,0,0,0,3,5,0,0,0,0,0,0,0,0,0,0,0,0,0,0,9,0,0,0,0,0,0,0,0,0,0,0,0,0,0,0,6,0,0,0,0,0,0,0,0,0,0,0,0,0,0,0,0,0,0,0,0,0,1,0,0,3,9,0
0,0,0,0,0,0,0,0,0,0,0,0,0,0,0,0,0,0,0,0,0,0,0,0,0,0,0,0,0,0,0,0,0,0,0,0,0,0,0,0,0,0,0,0,0,0,0,0,0,0,0,0,0,0,0,0,0,0,0,0,0,0,0,0,3,0,0,0,0,0,0,0,0,0,3,0,0,0,0,0,3,1,3,0,3,6,7,0,0,0,0,0,0,0,0,0,5,3,1,0,0,0,5,0,0,0,9,0,0,0,0,0,9,7,0,0,0,0,0,3,0,0,7,0,0,0,0,0,12,3,1,0,0,0,5,0,0,0,0,0,0,0,0,0,12,0,14,0,1,0,0,0,0,1,0,0,0,0,0,0,0,0,7,0,1,0,0,1,3,0,0,0,0,0,0,0,0,0,9,0,15,0,0,0,0,0,0,0,0,0,0,0,0,0,0,0,3,0,0,0,0,0,0,0,0,0,0,3,3,0,0,3,5,0,0,0,0,0,0,0,0,0,0,3,1,0,0,0,0,0,0,0,0,0,0,0,0,0,0,0,6,0,0,0,0,0,0,0,0,0,0,0,0,7,3,0
0,0,0,0,0,0,0,0,0,0,0,0,0,0,0,0,0,0,0,0,0,0,0,0,0,0,0,0,0,0,0,0,0,0,0,0,0,0,0,0,0,0,0,0,0,0,0,0,0,0,0,0,0,0,0,0,0,0,0,3,0,0,0,0,0,11,0,0,0,11,0,3,0,0,0,0,0,0,0,0,0,0,7,5,0,0,3,9,0,0,0,5,0,0,0,0,0,7,3,0,0,0,0,0,3,0,0,9,0,0,0,0,0,11,7,0,0,0,0,3,0,0,0,7,0,0,0,0,0,12,0,6,1,0,0,0,0,0,0,0,0,0,0,0,0,6,0,12,0,3,0,0,1,0,0,0,0,0,0,0,0,0,0,5,0,26,5,0,0,6,0,0,0,0,0,0,0,0,0,7,0,1,1,0,0,0,0,0,0,0,0,0,0,0,0,0,0,5,0,0,0,0,0,0,0,0,0,0,0,1,0,0,6,0,0,0,0,0,0,0,0,0,0,0,0,3,0,0,0,0,0,0,0,0,0,0,0,0,3,6,0,15,7,11,10,9,7,7,3,3,7,12,6,3,15,14
3,0,0,0,0,0,0,0,0,0,0,0,0,0,0,0,5,0,0,0,0,0,0,0,0,0,0,0,0,0,0,0,3,0,0,0,0,0,0,0,0,0,0,0,0,0,0,0,6,0,0,0,0,0,0,0,0,0,0,0,0,0,0,0,3,0,10,0,0,15,0,3,0,0,0,5,0,0,0,0,3,0,14,0,0,7,0,1,0,0,0,1,0,0,0,0,3,0,6,0,0,0,0,13,0,0,0,3,0,0,0,0,3,0,18,0,0,0,9,0,0,0,0,0,0,0,0,0,0,0,13,0,6,0,0,0,0,0,0,0,0,0,0,0,0,3,7,0,0,3,0,0,7,0,0,0,0,0,0,0,0,3,0,0,9,11,0,0,6,0,0,0,0,0,0,0,0,0,3,1,0,3,0,0,0,0,0,0,0,0,0,0,0,0,0,0,3,0,0,0,0,0,0,0,0,0,0,0,0,0,0,0,12,0,0,0,0,0,0,0,0,0,0,0,0,0,0,0,0,0,0,0,0,0,0,0,0,0,9,0,3,11,10,13,7,6,7,6,3,5,12,10,3,7,19,11
0,0,0,0,0,0,0,0,0,0,0,0,0,0,0,0,0,0,0,0,0,0,0,0,0,0,0,0,0,0,0,0,0,0,0,0,0,0,0,0,0,0,0,0,0,0,0,0,0,0,0,0,0,0,0,0,0,0,3,0,0,0,0,0,11,0,0,0,11,0,3,0,0,0,0,0,0,0,0,0,0,7,5,0,0,3,9,0,0,0,5,0,0,0,0,0,7,3,0,0,0,0,0,3,0,0,9,0,0,0,0,0,11,7,0,0,0,0,3,0,0,0,7,0,0,0,0,0,12,0,6,1,0,0,0,0,0,0,0,0,0,0,0,0,6,0,12,0,3,0,0,1,0,0,0,0,0,0,0,0,0,0,5,0,26,5,0,0,6,0,0,0,0,0,0,0,0,0,7,0,1,1,0,0,0,0,0,0,0,0,0,0,0,0,0,0,5,0,0,0,0,0,0,0,0,0,0,9,1,0,0,6,0,0,0,0,0,0,0,0,0,0,0,1,3,0,0,0,0,0,0,0,0,0,0,0,0,3,6,0,15,7,11,10,9,7,7,3,3,7,12,6,3,15,14,6
0,0,0,0,0,0,0,0,0,0,0,0,0,0,0,0,0,1,0,0,0,0,0,1,0,0,0,0,0,3,6,3,0,0,0,0,0,0,0,3,0,0,0,5,9,3,0,3,0,5,1,3,0,0,0,0,0,9,0,7,7,12,7,0,0,12,5,0,0,0,0,3,13,10,0,6,6,7,19,0,0,0,1,7,0,0,10,0,14,14,0,1,14,9,15,19,0,5,1,10,9,0,1,0,7,19,0,3,10,3,11,20,0,7,0,5,7,0,0,0,6,7,0,0,12,7,3,14,0,3,0,14,0,1,1,10,1,5,0,0,10,1,7,7,0,0,3,17,0,15,0,3,5,0,3,0,12,9,3,5,0,0,3,5,0,3,20,0,0,20,0,9,11,6,3,0,0,0,3,0,0,0,14,0,3,7,15,13,14,9,0,0,0,0,3,3,1,1,6,0,0,3,7,10,9,7,9,11,0,15,0,1,1,10,13,12,11,11,12,10,12,10,6,7,0,11,11,3,0,13,11,12,12,10,11,10,7,7,9,9,0,15,11,11,1,10,9,7,12,12,11,12,10,5,10,14
0,0,0,0,0,0,0,0,0,0,0,0,0,0,0,0,11,0,0,0,0,0,0,0,0,0,0,0,1,5,3,6,10,0,0,0,0,0,6,0,0,0,1,7,1,0,0,3,9,0,0,1,0,0,0,3,1,1,6,3,11,17,0,6,10,11,1,0,0,0,0,12,7,14,0,13,3,15,15,0,0,10,6,1,0,7,0,3,10,11,0,6,10,12,22,0,0,1,1,5,0,1,3,11,6,14,1,0,7,5,14,20,0,1,7,0,7,0,0,0,9,7,0,7,9,6,9,11,0,0,7,0,14,0,0,5,0,6,0,7,7,3,6,7,0,0,0,7,3,1,0,1,7,0,3,0,7,5,9,1,0,1,3,11,3,3,0,0,10,0,0,15,14,12,1,0,0,0,5,1,0,24,7,1,0,12,11,13,15,0,0,0,3,1,3,3,1,5,0,0,0,7,7,10,7,9,9,9,0,12,1,1,1,6,13,12,11,11,11,10,10,9,3,9,0,13,12,0,7,11,9,14,11,10,10,9,7,7,7,3,0,14,14,7,0,10,7,9,12,10,13,12,7,7,13,22
0,0,0,0,0,0,0,0,0,0,0,0,0,0,0,0,1,0,0,0,0,0,1,0,0,0,0,0,3,6,3,6,0,0,0,0,0,0,3,0,0,0,5,9,3,0,3,5,5,1,3,0,0,0,0,0,9,0,7,7,12,7,0,6,12,5,0,0,0,0,3,13,10,0,6,6,7,19,0,7,0,1,7,0,0,10,0,14,14,0,1,14,9,15,19,3,5,1,10,9,0,1,0,7,19,0,3,10,3,11,20,11,7,0,5,7,0,0,0,6,7,0,0,12,7,3,14,15,3,0,14,0,1,1,10,1,5,0,0,10,1,7,7,7,0,3,17,0,15,0,3,5,0,3,0,12,9,3,5,3,0,3,5,0,3,20,0,0,20,0,9,11,6,3,0,0,0,3,0,0,0,14,0,3,7,15,13,14,9,0,0,0,0,3,3,1,1,6,0,0,3,7,10,9,7,9,11,9,15,0,1,1,10,13,12,11,11,12,10,12,10,6,7,6,11,11,3,0,13,11,12,12,10,11,10,7,7,9,9,0,15,11,11,1,10,9,7,12,12,11,12,10,5,10,14,6
0,7,7,7,7,7,6,7,7,7,7,7,7,7,7,6,0,1,0,0,0,0,0,0,0,0,0,0,0,0,1,3,0,0,0,1,0,0,0,6,0,0,0,6,11,12,0,0,0,1,0,3,0,0,0,0,13,15,0,9,3,13,18,0,0,13,1,5,0,0,0,0,10,9,0,1,13,7,20,6,0,0,0,7,7,0,3,3,6,15,0,5,12,3,12,21,0,5,0,3,9,0,0,0,11,10,0,0,10,7,6,15,0,7,0,7,1,0,1,0,3,9,0,3,12,7,7,10,0,0,3,20,0,12,0,3,3,0,6,0,14,7,5,6,0,0,3,12,0,1,6,3,5,3,6,11,6,12,9,5,0,0,3,3,0,14,1,0,0,15,3,1,15,5,0,0,0,1,3,1,1,0,13,0,0,0,7,15,10,9,6,7,0,7,0,3,3,5,10,13,14,13,11,10,9,10,10,7,0,14,9,3,0,13,9,13,11,12,11,10,9,9,1,9,0,13,13,12,1,7,7,10,14,11,10,10,9,6,7,10,0,11,10,13,12,14,12,10,7,5,7,13,10,3,7,14
11,6,9,6,7,7,7,7,7,7,7,7,7,7,7,6,11,0,0,0,0,0,1,0,0,0,0,3,1,0,3,3,11,0,1,0,0,0,0,1,0,0,5,12,14,10,0,5,11,9,0,1,0,0,0,11,11,7,3,7,5,13,7,3,0,15,11,0,0,9,0,7,7,10,0,9,6,13,23,0,0,0,1,0,1,0,3,7,15,12,1,3,9,11,18,14,0,1,1,1,3,1,1,7,7,15,0,6,10,1,10,17,0,1,10,0,6,0,0,3,1,7,0,7,11,9,7,9,0,0,1,3,5,0,0,3,3,13,0,7,15,1,7,5,0,0,1,14,0,18,0,0,17,0,12,7,11,15,7,1,0,0,3,3,0,3,0,0,3,17,0,7,10,1,0,0,0,3,5,1,0,1,6,0,1,3,12,13,7,7,6,7,3,0,3,3,3,7,13,14,12,13,10,10,10,11,9,7,0,14,1,0,5,14,11,11,11,12,12,9,9,5,5,7,0,12,12,0,7,9,7,13,11,10,11,12,7,9,10,11,0,15,11,12,9,13,11,9,6,5,11,13,6,1,11,15
7,7,7,7,7,6,7,7,7,7,7,7,7,7,6,0,1,0,0,0,0,0,0,0,0,0,0,0,0,1,3,6,0,0,1,0,0,0,6,0,0,0,6,11,12,0,0,5,1,0,3,0,0,0,0,13,15,0,9,3,13,18,0,7,13,1,5,0,0,0,0,10,9,0,1,13,7,20,6,5,0,0,7,7,0,3,3,6,15,0,5,12,3,12,21,1,5,0,3,9,0,0,0,11,10,0,0,10,7,6,15,18,7,0,7,1,0,1,0,3,9,0,3,12,7,7,10,11,0,3,20,0,12,0,3,3,0,6,0,14,7,5,6,6,0,3,12,0,1,6,3,5,3,6,11,6,12,9,5,3,0,3,3,0,14,1,0,0,15,3,1,15,5,0,0,0,1,3,1,1,0,13,0,0,0,7,15,10,9,6,7,6,7,0,3,3,5,10,13,14,13,11,10,9,10,10,7,10,14,9,3,0,13,9,13,11,12,11,10,9,9,1,9,1,13,13,12,1,7,7,10,14,11,10,10,9,6,7,10,0,11,10,13,12,14,12,10,7,5,7,13,10,3,7,14,12
0,1,0,0,0,0,0,1,0,0,0,0,0,3,6,3,0,0,0,0,0,0,0,3,0,0,0,5,9,3,0,3,0,5,1,3,0,0,0,0,0,9,0,7,7,12,7,0,0,12,5,0,0,0,0,3,13,10,0,6,6,7,19,0,0,0,1,7,0,0,10,0,14,14,0,1,14,9,15,19,0,5,1,10,9,0,1,0,7,19,0,3,10,3,11,20,0,7,0,5,7,0,0,0,6,7,0,0,12,7,3,14,0,3,0,14,0,1,1,10,1,5,0,0,10,1,7,7,0,0,3,17,0,15,0,3,5,0,3,0,12,9,3,5,0,0,3,5,0,3,20,0,0,20,0,9,11,6,3,0,0,0,3,0,0,0,14,0,3,7,15,13,14,9,0,0,0,0,3,3,1,1,6,0,0,3,7,10,9,7,9,11,0,15,0,1,1,10,13,12,11,11,12,10,12,10,6,7,0,11,11,3,0,13,11,12,12,10,11,10,7,7,9,9,0,15,11,11,1,10,9,7,12,12,11,12,10,5,10,14,0,10,12,11,13,15,14,14,13,7,3,10,13,3,0,14
11,0,0,0,0,0,0,0,0,0,0,0,1,5,3,6,10,0,0,0,0,0,6,0,0,0,1,7,1,0,0,3,9,0,0,1,0,0,0,3,1,1,6,3,11,17,0,6,10,11,1,0,0,0,0,12,7,14,0,13,3,15,15,0,0,10,6,1,0,7,0,3,10,11,0,6,10,12,22,0,0,1,1,5,0,1,3,11,6,14,1,0,7,5,14,20,0,1,7,0,7,0,0,0,9,7,0,7,9,6,9,11,0,0,7,0,14,0,0,5,0,6,0,7,7,3,6,7,0,0,0,7,3,1,0,1,7,0,3,0,7,5,9,1,0,1,3,11,3,3,0,0,10,0,0,15,14,12,1,0,0,0,5,1,0,24,7,1,0,12,11,13,15,0,0,0,3,1,3,3,1,5,0,0,0,7,7,10,7,9,9,9,0,12,1,1,1,6,13,12,11,11,11,10,10,9,3,9,0,13,12,0,7,11,9,14,11,10,10,9,7,7,7,3,0,14,14,7,0,10,7,9,12,10,13,12,7,7,13,22,0,13,11,12,13,15,15,15,9,5,6,11,7,0,7,14
1,0,0,0,0,0,1,0,0,0,0,0,3,6,3,6,0,0,0,0,0,0,3,0,0,0,5,9,3,0,3,5,5,1,3,0,0,0,0,0,9,0,7,7,12,7,0,6,12,5,0,0,0,0,3,13,10,0,6,6,7,19,0,7,0,1,7,0,0,10,0,14,14,0,1,14,9,15,19,3,5,1,10,9,0,1,0,7,19,0,3,10,3,11,20,11,7,0,5,7,0,0,0,6,7,0,0,12,7,3,14,15,3,0,14,0,1,1,10,1,5,0,0,10,1,7,7,7,0,3,17,0,15,0,3,5,0,3,0,12,9,3,5,3,0,3,5,0,3,20,0,0,20,0,9,11,6,3,0,0,0,3,0,0,0,14,0,3,7,15,13,14,9,0,0,0,0,3,3,1,1,6,0,0,3,7,10,9,7,9,11,9,15,0,1,1,10,13,12,11,11,12,10,12,10,6,7,6,11,11,3,0,13,11,12,12,10,11,10,7,7,9,9,0,15,11,11,1,10,9,7,12,12,11,12,10,5,10,14,6,10,12,11,13,15,14,14,13,7,3,10,13,3,0,14,20
0,0,0,0,0,0,0,0,0,0,0,0,0,0,0,0,0,0,0,0,0,0,0,0,0,0,3,9,6,3,1,5,0,0,0,0,0,0,0,0,0,15,6,3,6,9,5,0,0,7,7,0,0,0,14,11,17,7,0,0,7,12,10,3,0,17,0,0,0,0,1,0,5,7,0,5,10,15,15,9,0,6,0,1,0,1,3,0,6,18,0,0,3,7,15,7,0,1,3,3,0,12,5,3,5,13,0,3,12,10,11,9,0,0,3,3,6,9,0,7,3,14,0,5,6,7,1,5,0,3,3,1,0,0,0,7,11,11,0,3,11,9,3,6,0,5,7,3,0,0,18,7,3,3,3,10,24,14,5,0,0,3,7,7,0,0,0,0,0,0,12,28,26,10,0,0,0,1,7,10,0,7,1,0,3,15,17,13,6,7,7,10,0,13,3,3,6,15,28,22,21,19,15,12,14,12,12,13,0,14,7,0,10,33,15,15,15,15,13,12,7,12,13,3,0,19,14,0,17,20,11,12,14,14,12,14,15,17,1,18,0,15,15,11,31,20,15,15,13,7,7,14,14,0,5,25
0,0,0,0,0,0,0,0,0,0,0,0,0,0,0,0,0,0,0,0,0,0,0,0,0,0,7,9,6,1,3,7,0,0,0,0,0,0,0,0,3,13,3,3,9,7,0,3,0,11,0,0,0,0,14,13,17,0,0,7,3,12,7,0,0,7,0,0,0,0,0,5,10,0,5,3,17,18,7,3,0,0,0,0,0,5,0,9,10,15,0,1,7,10,14,11,6,0,3,0,3,7,3,3,3,0,0,14,7,9,14,6,9,1,7,0,0,0,6,6,0,0,3,10,9,3,5,9,1,5,5,0,0,0,3,10,13,0,3,6,7,3,11,0,0,7,10,0,0,6,13,0,3,0,3,24,21,9,0,0,0,7,6,0,0,20,7,0,3,7,22,24,13,0,0,1,0,5,7,0,3,7,0,1,13,15,17,11,7,6,11,13,1,10,1,0,12,35,20,22,23,17,15,12,13,11,14,15,19,7,14,0,24,24,14,17,15,15,13,10,7,13,12,0,19,17,3,3,18,14,13,12,15,13,13,13,18,12,7,23,18,15,15,7,23,19,17,17,10,7,9,15,7,0,15,14
0,0,0,0,0,0,0,0,0,0,0,0,0,0,0,0,0,0,0,0,0,0,0,0,0,3,9,6,3,1,5,0,0,0,0,0,0,0,0,0,15,6,3,6,9,5,0,0,7,7,0,0,0,14,11,17,7,0,0,7,12,10,3,0,17,0,0,0,0,1,0,5,7,0,5,10,15,15,9,0,6,0,1,0,1,3,0,6,18,0,0,3,7,15,7,0,1,3,3,0,12,5,3,5,13,0,3,12,10,11,9,0,0,3,3,6,9,0,7,3,14,0,5,6,7,1,5,0,3,3,1,0,0,0,7,11,11,0,3,11,9,3,6,0,5,7,3,0,0,18,7,3,3,3,10,24,14,5,0,0,3,7,7,0,0,0,0,0,0,12,28,26,10,0,0,0,1,7,10,0,7,1,0,3,15,17,13,6,7,7,10,0,13,3,3,6,15,28,22,21,19,15,12,14,12,12,13,3,14,7,0,10,33,15,15,15,15,13,12,7,12,13,3,0,19,14,0,17,20,11,12,14,14,12,14,15,17,1,18,14,15,15,11,31,20,15,15,13,7,7,14,14,0,5,25,9
0,3,1,1,1,3,3,0,0,3,5,5,6,6,7,11,0,0,0,0,0,0,0,0,0,0,9,10,11,9,0,1,0,0,0,0,0,0,0,0,18,19,0,3,3,6,9,0,0,17,6,0,0,0,7,5,5,3,0,0,6,15,13,7,0,7,0,0,0,0,0,0,7,14,0,3,7,14,15,9,0,1,0,1,0,3,6,1,9,17,0,0,10,9,13,7,0,1,3,3,0,9,3,5,1,14,0,3,13,10,7,7,0,0,5,0,3,1,3,7,3,12,0,3,12,7,0,7,0,3,5,3,0,0,6,14,9,7,0,12,14,13,9,0,0,5,7,5,0,0,1,0,0,0,0,12,26,7,0,0,0,3,7,9,0,3,0,1,3,3,19,29,11,9,0,5,0,5,5,3,1,14,9,15,23,22,15,7,10,10,11,13,0,11,5,0,7,33,19,15,15,19,15,14,12,9,10,11,0,19,9,0,10,22,14,15,15,13,12,11,11,15,12,0,0,15,15,0,35,19,13,12,12,10,11,15,18,10,3,26,0,15,15,15,20,22,19,20,19,13,7,14,9,0,10,23
0,1,3,3,3,3,1,0,3,5,5,6,6,7,9,13,0,0,0,0,0,0,0,0,0,6,10,9,10,7,0,3,0,0,0,0,0,0,0,7,21,7,0,3,5,7,5,0,0,13,0,0,0,0,6,6,7,0,0,7,11,18,7,0,0,0,0,0,0,0,0,7,11,11,3,3,11,14,10,9,0,0,3,0,0,9,1,1,7,7,0,6,7,7,17,7,9,0,5,0,0,5,5,5,1,0,3,15,10,12,9,7,7,1,5,0,0,0,6,10,7,0,3,9,12,0,6,5,0,6,7,0,0,0,22,11,10,0,11,7,15,13,7,0,0,7,6,0,0,5,7,0,0,5,0,26,15,0,0,0,0,6,7,0,0,5,0,1,3,5,31,20,5,0,5,7,0,3,6,0,9,10,9,20,29,20,12,7,12,11,14,14,12,9,5,0,14,35,15,17,18,17,15,14,9,9,11,9,20,14,6,1,24,15,14,15,14,12,11,11,14,18,5,9,17,17,11,7,22,19,14,12,12,11,14,15,15,0,15,18,20,13,15,14,22,18,19,21,15,9,10,14,1,0,20,18
3,1,1,1,3,3,0,0,3,5,5,6,6,7,11,5,0,0,0,0,0,0,0,0,0,9,10,11,9,0,1,0,0,0,0,0,0,0,0,18,19,0,3,3,6,9,0,0,17,6,0,0,0,7,5,5,3,0,0,6,15,13,7,0,7,0,0,0,0,0,0,7,14,0,3,7,14,15,9,0,1,0,1,0,3,6,1,9,17,0,0,10,9,13,7,0,1,3,3,0,9,3,5,1,14,0,3,13,10,7,7,0,0,5,0,3,1,3,7,3,12,0,3,12,7,0,7,0,3,5,3,0,0,6,14,9,7,0,12,14,13,9,0,0,5,7,5,0,0,1,0,0,0,0,12,26,7,0,0,0,3,7,9,0,3,0,1,3,3,19,29,11,9,0,5,0,5,5,3,1,14,9,15,23,22,15,7,10,10,11,13,3,11,5,0,7,33,19,15,15,19,15,14,12,9,10,11,0,19,9,0,10,22,14,15,15,13,12,11,11,15,12,0,12,15,15,0,35,19,13,12,12,10,11,15,18,10,3,26,10,15,15,15,20,22,19,20,19,13,7,14,9,0,10,23,6
0,0,0,0,0,0,0,0,0,0,3,9,6,3,1,5,0,0,0,0,0,0,0,0,0,15,6,3,6,9,5,0,0,7,7,0,0,0,14,11,17,7,0,0,7,12,10,3,0,17,0,0,0,0,1,0,5,7,0,5,10,15,15,9,0,6,0,1,0,1,3,0,6,18,0,0,3,7,15,7,0,1,3,3,0,12,5,3,5,13,0,3,12,10,11,9,0,0,3,3,6,9,0,7,3,14,0,5,6,7,1,5,0,3,3,1,0,0,0,7,11,11,0,3,11,9,3,6,0,5,7,3,0,0,18,7,3,3,3,10,24,14,5,0,0,3,7,7,0,0,0,0,0,0,12,28,26,10,0,0,0,1,7,10,0,7,1,0,3,15,17,13,6,7,7,10,0,13,3,3,6,15,28,22,21,19,15,12,14,12,12,13,0,14,7,0,10,33,15,15,15,15,13,12,7,12,13,3,0,19,14,0,17,20,11,12,14,14,12,14,15,17,1,18,0,15,15,11,31,20,15,15,13,7,7,14,14,0,5,25,0,7,5,5,3,6,5,5,3,0,3,5,0,0,12,6
0,0,0,0,0,0,0,0,0,0,7,9,6,1,3,7,0,0,0,0,0,0,0,0,3,13,3,3,9,7,0,3,0,11,0,0,0,0,14,13,17,0,0,7,3,12,7,0,0,7,0,0,0,0,0,5,10,0,5,3,17,18,7,3,0,0,0,0,0,5,0,9,10,15,0,1,7,10,14,11,6,0,3,0,3,7,3,3,3,0,0,14,7,9,14,6,9,1,7,0,0,0,6,6,0,0,3,10,9,3,5,9,1,5,5,0,0,0,3,10,13,0,3,6,7,3,11,0,0,7,10,0,0,6,13,0,3,0,3,24,21,9,0,0,0,7,6,0,0,20,7,0,3,7,22,24,13,0,0,1,0,5,7,0,3,7,0,1,13,15,17,11,7,6,11,13,1,10,1,0,12,35,20,22,23,17,15,12,13,11,14,15,19,7,14,0,24,24,14,17,15,15,13,10,7,13,12,0,19,17,3,3,18,14,13,12,15,13,13,13,18,12,7,23,18,15,15,7,23,19,17,17,10,7,9,15,7,0,15,14,11,3,5,6,7,3,3,6,3,0,7,3,0,5,12,7
0,0,0,0,0,0,0,0,0,3,9,6,3,1,5,0,0,0,0,0,0,0,0,0,15,6,3,6,9,5,0,0,7,7,0,0,0,14,11,17,7,0,0,7,12,10,3,0,17,0,0,0,0,1,0,5,7,0,5,10,15,15,9,0,6,0,1,0,1,3,0,6,18,0,0,3,7,15,7,0,1,3,3,0,12,5,3,5,13,0,3,12,10,11,9,0,0,3,3,6,9,0,7,3,14,0,5,6,7,1,5,0,3,3,1,0,0,0,7,11,11,0,3,11,9,3,6,0,5,7,3,0,0,18,7,3,3,3,10,24,14,5,0,0,3,7,7,0,0,0,0,0,0,12,28,26,10,0,0,0,1,7,10,0,7,1,0,3,15,17,13,6,7,7,10,0,13,3,3,6,15,28,22,21,19,15,12,14,12,12,13,3,14,7,0,10,33,15,15,15,15,13,12,7,12,13,3,0,19,14,0,17,20,11,12,14,14,12,14,15,17,1,18,14,15,15,11,31,20,15,15,13,7,7,14,14,0,5,25,9,7,5,5,3,6,5,5,3,0,3,5,0,0,12,6,0
0,0,0,0,0,0,0,0,0,0,0,0,0,0,0,0,0,0,0,0,0,0,0,0,0,0,0,0,0,0,0,0,0,0,0,0,0,0,13,0,0,0,0,0,0,0,0,0,0,0,0,0,0,0,3,0,0,0,3,0,0,0,0,0,0,0,0,0,0,0,0,0,0,0,0,0,0,0,0,0,0,0,12,0,0,31,7,0,0,0,6,0,0,0,0,0,0,0,18,0,0,7,3,10,0,0,30,0,0,0,0,0,0,5,0,0,0,1,23,5,3,0,21,0,0,0,0,0,0,12,11,0,0,0,20,0,0,0,3,0,0,0,0,0,0,15,18,0,10,0,0,0,0,0,0,0,0,0,0,0,0,20,14,0,7,0,0,7,7,0,0,0,0,0,0,0,0,29,15,0,47,40,6,18,6,0,0,0,0,0,0,0,0,0,23,13,49,0,0,0,0,0,0,0,0,0,0,0,0,0,0,41,15,0,0,0,0,0,0,0,0,0,0,12,0,0,0,10,0,0,0,0,0,0,0,0,0,0,7,0,0,1,0,0,0,0,0,0,0,0,0,0,0,17,5,0
0,0,0,0,0,0,0,0,0,0,0,0,0,0,0,0,0,0,0,0,0,0,0,0,0,0,0,0,0,0,0,0,0,0,0,0,0,6,0,0,0,0,0,0,0,0,0,0,0,0,0,0,0,0,0,0,0,0,0,0,0,0,0,0,0,0,0,0,0,0,0,0,0,0,3,0,0,0,0,0,7,24,0,0,41,13,5,0,0,0,9,0,0,0,0,0,0,18,0,0,3,0,19,0,0,1,12,0,0,0,0,0,0,28,0,0,0,7,15,1,0,6,3,0,0,0,0,0,13,20,0,0,0,24,3,0,0,0,0,0,0,0,0,0,25,18,0,0,0,0,0,0,0,0,0,0,0,0,0,0,15,12,10,0,0,0,0,25,0,0,0,0,0,1,0,0,12,15,5,12,47,15,15,7,0,0,0,0,0,0,0,0,0,10,12,51,21,0,0,0,0,0,0,0,0,0,0,0,0,0,0,52,0,0,0,0,0,0,0,0,0,0,3,11,0,0,0,23,0,0,0,0,0,0,0,0,0,0,0,0,0,0,0,0,0,0,0,0,0,0,0,0,3,19,0,0
0,0,0,0,0,0,0,0,0,0,0,0,0,0,0,0,0,0,0,0,0,0,0,0,0,0,0,0,0,0,0,1,0,0,0,0,0,13,0,0,0,0,0,0,0,0,0,1,0,0,0,0,0,3,0,0,0,3,0,0,0,0,0,0,0,0,0,0,0,0,0,0,0,0,0,0,0,0,0,0,0,12,0,0,31,7,0,0,0,6,0,0,0,0,0,1,0,18,0,0,7,3,10,0,0,30,0,0,0,0,0,3,5,0,0,0,1,23,5,3,0,21,0,0,0,0,0,1,12,11,0,0,0,20,0,0,0,3,0,0,0,0,0,1,15,18,0,10,0,0,0,0,0,0,0,0,0,0,0,1,20,14,0,7,0,0,7,7,0,0,0,0,0,0,0,0,29,15,0,47,40,6,18,6,0,0,0,0,0,0,0,0,0,23,13,49,0,0,0,0,0,0,0,0,0,0,0,6,0,0,41,15,0,0,0,0,0,0,0,0,0,0,12,7,0,0,10,0,0,0,0,0,0,0,0,0,0,7,0,3,1,0,0,0,0,0,0,0,0,0,0,0,17,5,0,0
0,0,0,0,0,0,0,0,0,0,0,0,0,0,0,0,0,0,0,0,0,0,0,0,0,0,0,0,0,0,0,0,0,0,0,0,0,0,0,0,0,0,0,0,0,0,0,0,0,0,0,0,0,0,0,0,0,0,7,0,0,0,0,0,0,0,13,0,0,9,0,0,0,0,0,0,0,0,0,0,0,0,15,0,0,27,9,0,0,0,24,0,0,0,0,0,0,0,7,0,0,0,6,17,0,0,24,0,0,0,0,0,0,9,0,0,0,0,40,0,0,0,10,0,0,0,0,0,0,12,19,0,3,0,0,0,0,0,0,0,0,0,0,0,0,17,15,0,0,0,0,0,0,0,0,0,0,0,0,0,0,25,14,0,31,0,7,29,15,0,0,0,0,0,0,0,0,17,20,7,53,18,0,0,0,0,0,0,0,0,0,0,0,0,7,18,36,0,0,0,0,0,0,0,0,0,0,0,0,0,0,36,3,0,0,0,0,0,0,0,0,0,0,5,0,0,0,0,0,0,0,0,0,0,0,0,0,3,6,0,0,1,0,0,0,0,0,0,0,0,1,0,0,15,0,0
0,0,0,0,0,0,0,1,0,0,0,0,0,0,0,0,0,0,0,0,0,0,0,0,0,0,0,0,0,0,0,0,0,0,0,0,0,0,0,0,0,0,0,0,0,0,0,0,0,0,0,0,0,0,0,0,0,0,3,0,0,0,0,0,11,3,0,0,17,0,3,0,0,0,0,0,0,0,0,0,3,24,0,0,9,9,7,0,0,0,18,0,0,0,0,0,0,24,0,0,1,0,23,0,0,3,6,0,0,0,0,0,6,22,0,0,0,23,15,0,0,0,3,0,0,0,0,0,21,19,0,0,0,0,0,0,0,0,0,0,0,0,0,0,22,15,6,0,0,0,0,14,0,0,0,0,0,0,0,0,12,10,7,0,33,0,10,29,3,0,0,0,0,0,0,0,0,23,12,37,38,0,0,0,0,0,0,0,0,0,0,0,0,0,7,52,0,0,0,0,0,0,0,0,0,0,0,6,0,0,1,50,0,0,0,0,0,0,0,0,0,0,10,0,0,0,0,0,0,0,0,0,0,0,0,0,0,13,0,0,0,0,0,0,0,0,0,0,0,0,0,0,7,15,0,0
0,0,0,0,0,0,0,0,0,0,0,0,0,0,0,1,0,0,0,0,0,0,0,0,0,0,0,0,0,0,0,0,0,0,0,0,0,0,0,0,0,0,0,0,0,0,0,1,0,0,0,0,0,0,0,0,0,7,0,0,0,0,0,0,0,13,0,0,9,0,0,0,0,0,0,0,0,0,0,1,0,15,0,0,27,9,0,0,0,24,0,0,0,0,0,3,0,7,0,0,0,6,17,0,0,24,0,0,0,0,0,3,9,0,0,0,0,40,0,0,0,10,0,0,0,0,0,0,12,19,0,3,0,0,0,0,0,0,0,0,0,0,0,1,17,15,0,0,0,0,0,0,0,0,0,0,0,0,0,0,25,14,0,31,0,7,29,15,0,0,0,0,0,0,0,0,17,20,7,53,18,0,0,0,0,0,0,0,0,0,0,0,0,7,18,36,0,0,0,0,0,0,0,0,0,0,0,10,0,0,36,3,0,0,0,0,0,0,0,0,0,0,5,0,0,0,0,0,0,0,0,0,0,0,0,0,3,6,0,3,1,0,0,0,0,0,0,0,0,1,0,0,15,0,0,0
0,0,0,0,0,0,0,0,0,0,0,0,0,0,0,0,0,0,0,0,0,0,13,0,0,0,0,0,0,0,0,0,0,0,0,0,0,0,3,0,0,0,3,0,0,0,0,0,0,0,0,0,0,0,0,0,0,0,0,0,0,0,0,0,0,0,12,0,0,31,7,0,0,0,6,0,0,0,0,0,0,0,18,0,0,7,3,10,0,0,30,0,0,0,0,0,0,5,0,0,0,1,23,5,3,0,21,0,0,0,0,0,0,12,11,0,0,0,20,0,0,0,3,0,0,0,0,0,0,15,18,0,10,0,0,0,0,0,0,0,0,0,0,0,0,20,14,0,7,0,0,7,7,0,0,0,0,0,0,0,0,29,15,0,47,40,6,18,6,0,0,0,0,0,0,0,0,0,23,13,49,0,0,0,0,0,0,0,0,0,0,0,0,0,0,41,15,0,0,0,0,0,0,0,0,0,0,12,0,0,0,10,0,0,0,0,0,0,0,0,0,0,7,0,0,1,0,0,0,0,0,0,0,0,0,0,0,17,5,0,0,1,0,0,0,0,0,0,0,0,0,0,0,1,0,0
0,0,0,0,0,0,0,0,0,0,0,0,0,0,0,0,0,0,0,0,0,6,0,0,0,0,0,0,0,0,0,0,0,0,0,0,0,0,0,0,0,0,0,0,0,0,0,0,0,0,0,0,0,0,0,0,0,0,3,0,0,0,0,0,7,24,0,0,41,13,5,0,0,0,9,0,0,0,0,0,0,18,0,0,3,0,19,0,0,1,12,0,0,0,0,0,0,28,0,0,0,7,15,1,0,6,3,0,0,0,0,0,13,20,0,0,0,24,3,0,0,0,0,0,0,0,0,0,25,18,0,0,0,0,0,0,0,0,0,0,0,0,0,0,15,12,10,0,0,0,0,25,0,0,0,0,0,1,0,0,12,15,5,12,47,15,15,7,0,0,0,0,0,0,0,0,0,10,12,51,21,0,0,0,0,0,0,0,0,0,0,0,0,0,0,52,0,0,0,0,0,0,0,0,0,0,3,11,0,0,0,23,0,0,0,0,0,0,0,0,0,0,0,0,0,0,0,0,0,0,0,0,0,0,0,0,3,19,0,0,1,0,0,0,0,0,0,0,0,0,0,0,1,0,0,0
0,0,0,0,0,0,0,0,0,0,0,0,0,0,0,1,0,0,0,0,0,13,0,0,0,0,0,0,0,0,0,1,0,0,0,0,0,3,0,0,0,3,0,0,0,0,0,0,0,0,0,0,0,0,0,0,0,0,0,0,0,0,0,0,0,12,0,0,31,7,0,0,0,6,0,0,0,0,0,1,0,18,0,0,7,3,10,0,0,30,0,0,0,0,0,3,5,0,0,0,1,23,5,3,0,21,0,0,0,0,0,1,12,11,0,0,0,20,0,0,0,3,0,0,0,0,0,1,15,18,0,10,0,0,0,0,0,0,0,0,0,0,0,1,20,14,0,7,0,0,7,7,0,0,0,0,0,0,0,0,29,15,0,47,40,6,18,6,0,0,0,0,0,0,0,0,0,23,13,49,0,0,0,0,0,0,0,0,0,0,0,6,0,0,41,15,0,0,0,0,0,0,0,0,0,0,12,7,0,0,10,0,0,0,0,0,0,0,0,0,0,7,0,3,1,0,0,0,0,0,0,0,0,0,0,0,17,5,0,0,1,0,0,0,0,0,0,0,0,0,0,0,1,0,0,5
0,0,0,0,0,0,0,0,0,0,0,0,0,0,0,0,0,1,3,1,1,0,1,3,1,3,7,12,12,7,5,6,0,3,3,3,1,3,3,3,11,15,12,7,10,15,15,7,0,22,18,3,3,1,3,15,11,14,0,3,3,7,14,15,0,7,3,3,3,9,5,3,7,11,0,7,7,17,19,12,0,3,0,3,3,3,3,3,13,18,0,3,1,11,14,10,0,3,5,3,1,21,3,5,3,14,0,3,10,7,7,7,0,1,7,12,13,7,3,6,3,7,0,3,7,7,7,6,0,3,5,5,6,1,3,6,9,14,0,7,10,10,9,3,0,5,7,5,11,0,3,7,11,0,0,22,22,17,7,0,0,5,7,11,1,3,3,0,1,3,22,21,19,11,1,3,0,11,7,9,5,7,6,0,7,14,9,13,10,6,12,17,0,12,7,6,7,12,26,15,17,20,15,17,13,12,9,14,0,10,11,1,11,22,15,13,14,14,13,10,9,11,10,7,0,13,12,1,31,22,9,10,12,13,12,12,15,13,14,17,0,12,15,13,18,19,21,19,14,7,7,10,10,0,0,14
0,0,0,0,0,0,0,0,0,0,0,0,0,0,0,0,0,1,1,1,1,0,3,1,1,7,12,12,9,7,6,7,0,3,3,1,1,0,3,5,14,9,3,3,10,15,11,7,0,14,13,3,1,3,15,11,23,3,3,3,12,15,13,7,6,3,0,3,0,3,3,7,9,7,9,3,11,14,11,15,11,3,0,10,3,6,3,1,1,5,3,9,1,9,15,13,15,3,3,0,1,14,5,1,5,0,3,7,12,14,12,11,13,3,5,9,1,1,5,3,1,0,3,7,5,3,9,5,5,6,15,10,11,0,5,10,10,0,1,3,10,11,9,6,3,7,10,3,1,3,20,0,1,7,7,19,17,5,1,0,1,7,6,3,10,19,5,3,1,10,23,24,18,3,3,10,0,5,7,5,7,9,1,0,17,14,14,12,6,9,19,18,3,17,11,5,12,17,15,18,20,17,15,14,10,9,12,11,9,12,13,6,9,26,13,14,15,14,11,10,11,15,7,7,7,14,12,3,14,14,13,12,14,13,12,13,15,7,12,12,9,10,11,10,35,18,18,17,11,3,10,13,6,1,12,19
0,0,0,0,0,0,0,0,0,0,0,0,0,0,0,0,1,3,1,1,0,1,3,1,3,7,12,12,7,5,6,3,3,3,3,1,3,3,3,11,15,12,7,10,15,15,7,1,22,18,3,3,1,3,15,11,14,0,3,3,7,14,15,3,7,3,3,3,9,5,3,7,11,0,7,7,17,19,12,3,3,0,3,3,3,3,3,13,18,0,3,1,11,14,10,7,3,5,3,1,21,3,5,3,14,0,3,10,7,7,7,3,1,7,12,13,7,3,6,3,7,0,3,7,7,7,6,0,3,5,5,6,1,3,6,9,14,0,7,10,10,9,3,0,5,7,5,11,0,3,7,11,0,0,22,22,17,7,0,1,5,7,11,1,3,3,0,1,3,22,21,19,11,1,3,3,11,7,9,5,7,6,0,7,14,9,13,10,6,12,17,11,12,7,6,7,12,26,15,17,20,15,17,13,12,9,14,6,10,11,1,11,22,15,13,14,14,13,10,9,11,10,7,3,13,12,1,31,22,9,10,12,13,12,12,15,13,14,17,15,12,15,13,18,19,21,19,14,7,7,10,10,0,0,14,1
0,1,1,0,0,1,0,0,0,0,3,5,3,3,5,7,0,3,3,3,3,3,1,3,3,12,11,15,17,15,10,7,0,6,7,3,3,3,10,9,18,13,6,1,1,15,15,11,0,19,15,6,3,1,1,10,5,9,0,0,11,13,15,15,0,1,0,1,3,3,3,1,5,15,0,7,3,14,13,10,0,1,0,1,0,6,3,5,10,19,0,3,5,9,7,9,0,3,12,11,9,13,3,5,3,14,0,6,13,10,11,6,0,1,3,6,11,3,3,6,13,7,0,9,13,9,3,3,0,5,6,3,9,0,3,28,14,7,9,19,10,12,12,7,0,5,7,11,6,3,3,0,6,1,1,3,27,14,0,1,0,11,7,14,3,5,6,1,3,3,13,25,10,6,12,15,0,7,6,7,6,10,7,19,24,23,21,12,12,13,14,14,0,7,15,3,10,11,19,12,14,15,15,13,10,9,7,7,0,13,13,0,13,24,12,12,14,12,10,12,13,15,9,13,0,11,14,11,36,23,15,12,7,10,11,14,12,7,6,19,0,14,13,13,13,20,19,21,22,14,11,9,7,0,7,14
0,0,0,1,3,0,0,0,0,3,3,6,6,5,7,7,0,1,3,3,1,1,3,3,3,7,12,17,20,15,7,7,0,7,5,3,3,1,3,15,22,14,1,6,3,11,14,6,0,10,17,3,1,7,5,7,10,1,5,1,10,15,10,11,6,1,0,3,3,3,3,7,10,12,7,5,7,12,14,17,13,5,1,5,0,7,3,1,1,3,1,9,9,10,15,11,15,3,5,3,3,5,6,3,1,0,3,9,13,10,11,9,9,5,11,12,1,0,5,15,5,0,1,9,7,5,10,3,1,7,14,3,9,12,15,3,7,7,3,19,14,11,5,1,3,7,6,3,3,9,22,1,0,11,10,14,7,0,1,0,0,6,6,3,5,3,3,1,1,3,21,21,12,15,17,19,0,5,7,3,9,14,18,22,26,21,15,11,12,11,14,15,7,14,18,6,13,30,13,13,14,15,14,12,10,9,10,6,7,13,10,5,7,15,14,13,12,12,13,12,12,12,12,9,7,12,12,6,27,19,13,12,9,11,11,14,11,7,6,14,5,9,12,15,23,17,15,22,18,10,10,14,6,3,13,23
1,1,0,0,1,0,0,0,0,3,5,3,3,5,7,1,3,3,3,3,3,1,3,3,12,11,15,17,15,10,7,3,6,7,3,3,3,10,9,18,13,6,1,1,15,15,11,3,19,15,6,3,1,1,10,5,9,0,0,11,13,15,15,3,1,0,1,3,3,3,1,5,15,0,7,3,14,13,10,3,1,0,1,0,6,3,5,10,19,0,3,5,9,7,9,3,3,12,11,9,13,3,5,3,14,0,6,13,10,11,6,0,1,3,6,11,3,3,6,13,7,0,9,13,9,3,3,0,5,6,3,9,0,3,28,14,7,9,19,10,12,12,7,0,5,7,11,6,3,3,0,6,1,1,3,27,14,0,1,1,11,7,14,3,5,6,1,3,3,13,25,10,6,12,15,7,7,6,7,6,10,7,19,24,23,21,12,12,13,14,14,6,7,15,3,10,11,19,12,14,15,15,13,10,9,7,7,7,13,13,0,13,24,12,12,14,12,10,12,13,15,9,13,6,11,14,11,36,23,15,12,7,10,11,14,12,7,6,19,13,14,13,13,13,20,19,21,22,14,11,9,7,0,7,14,1
0,1,3,1,1,0,1,3,1,3,7,12,12,7,5,6,0,3,3,3,1,3,3,3,11,15,12,7,10,15,15,7,0,22,18,3,3,1,3,15,11,14,0,3,3,7,14,15,0,7,3,3,3,9,5,3,7,11,0,7,7,17,19,12,0,3,0,3,3,3,3,3,13,18,0,3,1,11,14,10,0,3,5,3,1,21,3,5,3,14,0,3,10,7,7,7,0,1,7,12,13,7,3,6,3,7,0,3,7,7,7,6,0,3,5,5,6,1,3,6,9,14,0,7,10,10,9,3,0,5,7,5,11,0,3,7,11,0,0,22,22,17,7,0,0,5,7,11,1,3,3,0,1,3,22,21,19,11,1,3,0,11,7,9,5,7,6,0,7,14,9,13,10,6,12,17,0,12,7,6,7,12,26,15,17,20,15,17,13,12,9,14,0,10,11,1,11,22,15,13,14,14,13,10,9,11,10,7,0,13,12,1,31,22,9,10,12,13,12,12,15,13,14,17,0,12,15,13,18,19,21,19,14,7,7,10,10,0,0,14,0,0,0,0,0,0,0,0,0,0,0,0,0,0,1,0
0,1,1,1,1,0,3,1,1,7,12,12,9,7,6,7,0,3,3,1,1,0,3,5,14,9,3,3,10,15,11,7,0,14,13,3,1,3,15,11,23,3,3,3,12,15,13,7,6,3,0,3,0,3,3,7,9,7,9,3,11,14,11,15,11,3,0,10,3,6,3,1,1,5,3,9,1,9,15,13,15,3,3,0,1,14,5,1,5,0,3,7,12,14,12,11,13,3,5,9,1,1,5,3,1,0,3,7,5,3,9,5,5,6,15,10,11,0,5,10,10,0,1,3,10,11,9,6,3,7,10,3,1,3,20,0,1,7,7,19,17,5,1,0,1,7,6,3,10,19,5,3,1,10,23,24,18,3,3,10,0,5,7,5,7,9,1,0,17,14,14,12,6,9,19,18,3,17,11,5,12,17,15,18,20,17,15,14,10,9,12,11,9,12,13,6,9,26,13,14,15,14,11,10,11,15,7,7,7,14,12,3,14,14,13,12,14,13,12,13,15,7,12,12,9,10,11,10,35,18,18,17,11,3,10,13,6,1,12,19,0,0,0,0,0,0,0,0,0,0,0,0,0,0,0,0
1,3,1,1,0,1,3,1,3,7,12,12,7,5,6,3,3,3,3,1,3,3,3,11,15,12,7,10,15,15,7,1,22,18,3,3,1,3,15,11,14,0,3,3,7,14,15,3,7,3,3,3,9,5,3,7,11,0,7,7,17,19,12,3,3,0,3,3,3,3,3,13,18,0,3,1,11,14,10,7,3,5,3,1,21,3,5,3,14,0,3,10,7,7,7,3,1,7,12,13,7,3,6,3,7,0,3,7,7,7,6,0,3,5,5,6,1,3,6,9,14,0,7,10,10,9,3,0,5,7,5,11,0,3,7,11,0,0,22,22,17,7,0,1,5,7,11,1,3,3,0,1,3,22,21,19,11,1,3,3,11,7,9,5,7,6,0,7,14,9,13,10,6,12,17,11,12,7,6,7,12,26,15,17,20,15,17,13,12,9,14,6,10,11,1,11,22,15,13,14,14,13,10,9,11,10,7,3,13,12,1,31,22,9,10,12,13,12,12,15,13,14,17,15,12,15,13,18,19,21,19,14,7,7,10,10,0,0,14,1,0,0,0,0,0,0,0,0,0,0,0,0,0,1,0,0
0,0,0,0,0,0,0,0,0,0,0,0,0,0,0,0,0,0,3,3,5,3,3,3,5,6,0,0,0,0,0,0,0,0,6,7,7,7,26,10,6,0,0,0,0,0,0,1,0,0,0,7,6,7,3,0,0,0,0,0,0,0,0,0,0,0,0,6,9,13,1,12,0,0,0,0,0,0,0,0,0,9,15,3,13,47,18,7,0,0,0,12,0,0,0,0,0,1,13,1,1,5,1,20,0,0,10,9,0,0,0,0,0,3,15,0,0,0,18,25,3,0,11,5,0,0,0,0,0,13,20,0,6,1,27,0,0,0,3,1,0,0,0,0,0,20,20,0,6,0,0,1,0,0,0,0,0,0,0,0,0,18,15,3,1,1,0,0,24,0,0,0,0,0,5,3,0,24,17,0,24,42,19,15,10,0,0,0,1,3,0,0,0,0,7,12,48,18,0,0,0,0,1,3,3,5,3,3,0,3,0,9,41,3,1,0,0,1,3,5,5,3,5,5,0,3,1,3,15,0,3,1,1,3,5,5,3,5,5,3,0,3,3,1,3,3,3,3,1,3,5,3,5,7,3,3
0,0,0,0,0,0,0,0,0,0,0,0,0,0,0,0,0,0,1,5,5,3,3,3,6,3,0,0,0,0,0,0,0,3,6,7,6,15,23,7,0,0,0,0,0,0,0,0,0,0,0,7,6,7,3,0,0,0,3,0,0,0,0,0,0,0,3,6,12,5,10,0,0,0,0,0,0,0,0,0,17,5,9,3,38,34,15,0,0,0,5,1,0,0,0,0,15,3,7,5,0,5,15,5,0,0,25,0,0,0,0,0,14,13,0,0,0,1,27,9,3,0,17,0,0,0,0,0,22,15,7,0,1,7,17,0,0,0,7,0,0,0,0,0,30,15,17,0,7,0,1,0,0,0,0,0,0,0,0,0,21,17,18,0,7,0,0,14,3,0,0,0,0,0,6,3,6,20,18,0,52,26,15,13,5,0,0,0,1,0,0,0,3,1,13,25,42,1,0,0,0,1,3,3,3,5,3,3,3,0,0,40,7,0,1,0,0,3,3,5,5,3,5,1,5,3,0,13,3,0,1,1,3,3,5,3,3,6,3,3,3,5,1,1,3,3,3,3,3,5,5,3,6,7,3,0
0,0,0,0,0,0,0,0,0,0,0,0,0,0,0,0,0,3,3,5,3,3,3,5,6,0,0,0,0,0,0,0,0,6,7,7,7,26,10,6,0,0,0,0,0,0,1,0,0,0,7,6,7,3,0,0,0,0,0,0,0,0,0,0,0,0,6,9,13,1,12,0,0,0,0,0,0,0,0,0,9,15,3,13,47,18,7,0,0,0,12,0,0,0,0,0,1,13,1,1,5,1,20,0,0,10,9,0,0,0,0,0,3,15,0,0,0,18,25,3,0,11,5,0,0,0,0,0,13,20,0,6,1,27,0,0,0,3,1,0,0,0,0,1,20,20,0,6,0,0,1,0,0,0,0,0,0,0,0,3,18,15,3,1,1,0,0,24,0,0,0,0,0,5,3,3,24,17,0,24,42,19,15,10,0,0,0,1,3,0,0,0,0,7,12,48,18,0,0,0,0,1,3,3,5,3,3,0,3,0,9,41,3,1,0,0,1,3,5,5,3,5,5,0,3,1,3,15,0,3,1,1,3,5,5,3,5,5,3,0,3,3,1,3,3,3,3,1,3,5,3,5,7,3,3,0
0,0,0,0,0,0,0,0,0,0,0,0,0,0,0,0,0,0,3,5,6,6,9,5,7,7,0,0,0,0,0,0,0,3,1,6,5,5,23,1,0,0,0,0,0,0,0,0,0,0,0,6,7,10,3,3,0,0,0,0,0,0,0,0,0,3,6,7,13,33,19,10,0,0,0,1,0,0,0,0,0,5,15,3,3,23,9,10,0,0,0,17,0,0,0,0,0,1,15,0,0,1,3,30,3,0,13,5,0,0,0,0,0,7,17,0,3,0,33,15,0,0,7,3,0,0,0,0,0,17,23,0,5,0,0,1,0,0,0,0,0,0,0,0,0,20,17,0,1,0,0,0,13,0,0,0,0,0,0,0,0,20,17,3,10,15,0,21,26,0,0,0,0,0,1,3,0,12,17,9,42,40,0,0,0,0,0,1,3,3,1,3,0,1,0,7,47,0,0,0,0,0,1,3,5,5,5,5,0,3,0,7,29,0,1,1,1,3,3,5,3,3,6,3,0,3,1,0,3,0,1,1,3,3,5,3,3,6,5,3,0,3,1,0,0,0,0,0,0,3,1,3,3,3,5,3
0,0,0,0,0,0,0,0,0,0,0,0,0,0,0,0,0,1,3,6,5,7,9,6,9,0,0,0,0,0,0,0,0,3,5,7,5,15,7,0,0,0,1,0,0,0,0,0,0,0,0,6,9,5,1,0,0,0,3,0,0,0,0,0,11,0,9,7,25,22,17,1,0,0,0,0,0,0,0,0,15,7,7,3,19,17,15,0,0,0,20,3,0,0,0,0,15,6,0,3,0,3,24,14,0,0,19,0,0,0,0,0,18,15,0,0,0,11,33,1,0,0,9,0,0,0,0,0,27,15,14,0,5,1,3,0,0,0,0,0,0,0,0,0,28,15,18,0,6,0,0,5,0,0,0,0,0,0,0,0,12,19,18,0,28,0,7,30,13,0,0,0,0,0,3,3,3,14,18,18,50,15,0,0,0,0,0,3,3,1,1,1,3,0,1,30,26,0,0,0,0,1,3,3,5,5,5,3,5,0,0,34,1,0,1,3,3,3,3,5,3,5,5,3,5,3,0,0,3,1,1,1,3,5,5,3,5,6,3,0,3,3,1,0,0,0,1,1,1,3,1,3,3,6,3,0
0,0,0,0,0,0,0,0,0,0,0,0,0,0,0,0,0,3,5,6,6,9,5,7,7,0,0,0,0,0,0,0,3,1,6,5,5,23,1,0,0,0,0,0,0,0,0,1,0,0,6,7,10,3,3,0,0,0,0,0,0,0,0,0,3,6,7,13,33,19,10,0,0,0,1,0,0,0,0,0,5,15,3,3,23,9,10,0,0,0,17,0,0,0,0,0,1,15,0,0,1,3,30,3,0,13,5,0,0,0,0,0,7,17,0,3,0,33,15,0,0,7,3,0,0,0,0,0,17,23,0,5,0,0,1,0,0,0,0,0,0,0,0,5,20,17,0,1,0,0,0,13,0,0,0,0,0,0,0,6,20,17,3,10,15,0,21,26,0,0,0,0,0,1,3,0,12,17,9,42,40,0,0,0,0,0,1,3,3,1,3,0,1,0,7,47,0,0,0,0,0,1,3,5,5,5,5,0,3,0,7,29,0,1,1,1,3,3,5,3,3,6,3,0,3,1,0,3,0,1,1,3,3,5,3,3,6,5,3,0,3,1,0,0,0,0,0,0,3,1,3,3,3,5,3,0
0,0,3,3,5,3,3,3,5,6,0,0,0,0,0,0,0,0,6,7,7,7,26,10,6,0,0,0,0,0,0,1,0,0,0,7,6,7,3,0,0,0,0,0,0,0,0,0,0,0,0,6,9,13,1,12,0,0,0,0,0,0,0,0,0,9,15,3,13,47,18,7,0,0,0,12,0,0,0,0,0,1,13,1,1,5,1,20,0,0,10,9,0,0,0,0,0,3,15,0,0,0,18,25,3,0,11,5,0,0,0,0,0,13,20,0,6,1,27,0,0,0,3,1,0,0,0,0,0,20,20,0,6,0,0,1,0,0,0,0,0,0,0,0,0,18,15,3,1,1,0,0,24,0,0,0,0,0,5,3,0,24,17,0,24,42,19,15,10,0,0,0,1,3,0,0,0,0,7,12,48,18,0,0,0,0,1,3,3,5,3,3,0,3,0,9,41,3,1,0,0,1,3,5,5,3,5,5,0,3,1,3,15,0,3,1,1,3,5,5,3,5,5,3,0,3,3,1,3,3,3,3,1,3,5,3,5,7,3,3,0,3,3,3,1,3,3,3,3,3,3,3,3,3,5,5
0,0,1,5,5,3,3,3,6,3,0,0,0,0,0,0,0,3,6,7,6,15,23,7,0,0,0,0,0,0,0,0,0,0,0,7,6,7,3,0,0,0,3,0,0,0,0,0,0,0,3,6,12,5,10,0,0,0,0,0,0,0,0,0,17,5,9,3,38,34,15,0,0,0,5,1,0,0,0,0,15,3,7,5,0,5,15,5,0,0,25,0,0,0,0,0,14,13,0,0,0,1,27,9,3,0,17,0,0,0,0,0,22,15,7,0,1,7,17,0,0,0,7,0,0,0,0,0,30,15,17,0,7,0,1,0,0,0,0,0,0,0,0,0,21,17,18,0,7,0,0,14,3,0,0,0,0,0,6,3,6,20,18,0,52,26,15,13,5,0,0,0,1,0,0,0,3,1,13,25,42,1,0,0,0,1,3,3,3,5,3,3,3,0,0,40,7,0,1,0,0,3,3,5,5,3,5,1,5,3,0,13,3,0,1,1,3,3,5,3,3,6,3,3,3,5,1,1,3,3,3,3,3,5,5,3,6,7,3,0,3,3,3,3,1,1,3,3,3,3,3,3,3,3,6,1
0,3,3,5,3,3,3,5,6,0,0,0,0,0,0,0,0,6,7,7,7,26,10,6,0,0,0,0,0,0,1,0,0,0,7,6,7,3,0,0,0,0,0,0,0,0,0,0,0,0,6,9,13,1,12,0,0,0,0,0,0,0,0,0,9,15,3,13,47,18,7,0,0,0,12,0,0,0,0,0,1,13,1,1,5,1,20,0,0,10,9,0,0,0,0,0,3,15,0,0,0,18,25,3,0,11,5,0,0,0,0,0,13,20,0,6,1,27,0,0,0,3,1,0,0,0,0,1,20,20,0,6,0,0,1,0,0,0,0,0,0,0,0,3,18,15,3,1,1,0,0,24,0,0,0,0,0,5,3,3,24,17,0,24,42,19,15,10,0,0,0,1,3,0,0,0,0,7,12,48,18,0,0,0,0,1,3,3,5,3,3,0,3,0,9,41,3,1,0,0,1,3,5,5,3,5,5,0,3,1,3,15,0,3,1,1,3,5,5,3,5,5,3,0,3,3,1,3,3,3,3,1,3,5,3,5,7,3,3,0,3,3,3,1,3,3,3,3,3,3,3,3,3,5,5,0
0,0,0,0,0,0,0,0,0,0,0,0,0,0,0,0,0,14,13,14,14,15,12,17,18,15,11,7,7,7,12,9,0,12,13,13,14,14,11,19,12,7,0,0,1,0,1,7,0,7,3,15,15,14,15,15,5,0,0,0,0,0,0,0,0,3,0,15,17,15,6,0,0,0,0,7,0,0,0,0,0,7,0,17,5,5,10,10,0,0,0,3,1,0,0,0,0,12,1,21,15,0,15,10,3,0,0,14,5,0,0,0,0,11,9,10,15,1,1,7,11,0,0,14,1,0,0,0,0,12,7,10,7,0,0,15,7,0,0,11,1,0,0,1,0,11,6,14,0,10,3,5,0,1,18,0,0,0,0,5,0,7,6,11,1,0,0,0,0,0,0,0,0,0,3,14,0,0,7,14,0,13,0,0,3,1,0,0,0,0,0,0,0,0,0,3,0,23,5,0,0,0,0,0,0,0,0,0,0,0,0,0,15,7,0,0,0,0,0,0,0,0,0,0,0,0,0,0,7,0,0,0,0,0,0,0,0,0,0,0,0,0,0,0,0,0,0,0,0,0,0,0,0,0,0,0
0,0,0,0,0,0,0,0,0,0,0,0,0,0,0,0,15,12,14,14,15,14,13,17,18,12,10,7,7,10,12,7,17,12,14,13,14,12,22,13,10,5,0,3,1,0,5,7,14,3,10,15,15,17,17,13,0,0,0,0,0,0,0,9,7,1,0,17,15,13,0,0,0,0,0,5,0,0,0,1,0,0,12,13,0,18,3,6,0,0,0,3,0,0,0,0,0,0,15,14,3,15,5,15,0,0,0,7,0,0,0,0,0,0,22,11,5,5,1,14,1,0,3,7,0,0,0,0,0,0,14,1,5,0,10,7,0,0,3,10,0,0,0,1,0,3,10,0,10,0,5,3,0,5,7,0,0,0,0,10,0,7,7,7,0,0,0,0,11,0,0,0,0,0,12,13,0,11,7,5,0,9,0,0,5,0,0,0,0,0,0,0,1,0,1,0,17,19,3,0,0,0,0,0,0,0,0,0,0,0,0,0,22,0,0,0,0,0,0,0,0,0,0,0,0,0,0,0,11,1,0,0,0,0,0,0,0,0,0,0,0,0,0,0,0,0,0,0,0,0,0,0,0,0,0,0
0,0,0,0,0,0,0,0,0,0,0,0,0,0,0,0,14,13,14,14,15,12,17,18,15,11,7,7,7,12,9,0,12,13,13,14,14,11,19,12,7,0,0,1,0,1,7,0,7,3,15,15,14,15,15,5,0,0,0,0,0,0,0,3,3,0,15,17,15,6,0,0,0,0,7,0,0,0,0,3,7,0,17,5,5,10,10,0,0,0,3,1,0,0,0,0,12,1,21,15,0,15,10,3,0,0,14,5,0,0,0,0,11,9,10,15,1,1,7,11,0,0,14,1,0,0,0,0,12,7,10,7,0,0,15,7,0,0,11,1,0,0,1,0,11,6,14,0,10,3,5,0,1,18,0,0,0,0,5,7,7,6,11,1,0,0,0,0,0,0,0,0,0,3,14,3,0,7,14,0,13,0,0,3,1,0,0,0,0,0,0,0,0,0,3,0,23,5,0,0,0,0,0,0,0,0,0,0,0,0,0,15,7,0,0,0,0,0,0,0,0,0,0,0,0,0,0,7,0,0,0,0,0,0,0,0,0,0,0,0,0,0,0,0,0,0,0,0,0,0,0,0,0,0,0,0
0,7,7,9,9,7,7,10,9,10,7,7,7,7,7,6,0,12,13,13,14,15,13,15,15,12,9,6,1,0,7,7,0,10,12,15,15,13,0,15,6,0,0,0,0,0,0,5,0,7,0,14,14,15,14,5,0,0,0,6,0,0,0,0,0,11,0,17,18,19,1,6,0,0,0,1,3,0,0,0,0,7,3,20,5,3,18,13,0,0,0,9,5,0,0,0,0,13,3,18,14,0,11,9,7,0,0,15,0,0,0,0,0,12,9,7,13,0,1,17,5,3,0,10,0,0,0,0,0,12,5,10,3,5,7,10,0,0,0,0,0,0,0,1,0,9,6,12,0,6,0,0,0,0,3,3,0,0,0,11,0,0,6,9,0,20,1,0,7,10,3,0,0,0,3,10,0,0,7,10,0,7,5,1,0,3,0,0,0,0,0,0,0,0,0,7,7,17,1,0,0,0,0,0,0,0,0,0,0,0,0,0,17,0,0,0,0,0,0,0,0,0,0,0,0,0,0,1,0,0,0,0,0,0,0,0,0,0,0,0,0,1,1,0,0,0,0,0,0,0,0,0,0,0,0,0
11,7,10,7,7,7,7,9,10,9,7,7,7,7,7,3,15,11,14,13,14,15,15,15,14,11,7,3,1,3,9,7,15,10,15,14,15,3,22,7,7,0,0,0,0,0,0,10,12,9,0,15,15,15,10,3,0,0,0,0,0,0,0,6,1,0,9,15,15,19,0,5,0,0,0,7,0,0,0,0,0,1,15,13,0,21,7,6,0,1,0,5,0,0,0,0,0,0,17,14,1,14,1,20,0,0,1,7,0,0,0,0,0,0,18,6,9,0,15,10,3,0,5,0,0,0,0,0,0,0,11,0,12,0,9,7,0,0,1,0,0,0,1,6,0,5,7,0,0,10,0,0,6,0,1,0,0,0,5,12,0,10,6,5,5,7,0,0,11,6,0,0,0,0,10,7,0,3,9,0,7,9,1,0,3,1,0,0,0,0,0,0,0,0,0,0,21,3,0,0,0,0,0,0,0,0,0,0,0,0,0,0,19,0,0,0,0,0,0,0,0,0,0,0,0,0,0,0,1,0,0,0,0,0,0,0,0,0,0,0,0,1,1,0,0,0,0,0,0,0,0,0,0,0,0,0
7,7,9,9,7,7,10,9,10,7,7,7,7,7,6,0,12,13,13,14,15,13,15,15,12,9,6,1,0,7,7,0,10,12,15,15,13,0,15,6,0,0,0,0,0,0,5,1,7,0,14,14,15,14,5,0,0,0,6,0,0,0,0,3,11,0,17,18,19,1,6,0,0,0,1,3,0,0,0,0,7,3,20,5,3,18,13,0,0,0,9,5,0,0,0,0,13,3,18,14,0,11,9,7,0,0,15,0,0,0,0,0,12,9,7,13,0,1,17,5,3,0,10,0,0,0,0,0,12,5,10,3,5,7,10,0,0,0,0,0,0,0,1,3,9,6,12,0,6,0,0,0,0,3,3,0,0,0,11,7,0,6,9,0,20,1,0,7,10,3,0,0,0,3,10,0,0,7,10,0,7,5,1,0,3,0,0,0,0,0,0,0,0,0,7,7,17,1,0,0,0,0,0,0,0,0,0,0,0,0,0,17,0,0,0,0,0,0,0,0,0,0,0,0,0,0,1,0,0,0,0,0,0,0,0,0,0,0,0,0,1,1,0,0,0,0,0,0,0,0,0,0,0,0,0,0
0,14,13,14,14,15,12,17,18,15,11,7,7,7,12,9,0,12,13,13,14,14,11,19,12,7,0,0,1,0,1,7,0,7,3,15,15,14,15,15,5,0,0,0,0,0,0,0,0,3,0,15,17,15,6,0,0,0,0,7,0,0,0,0,0,7,0,17,5,5,10,10,0,0,0,3,1,0,0,0,0,12,1,21,15,0,15,10,3,0,0,14,5,0,0,0,0,11,9,10,15,1,1,7,11,0,0,14,1,0,0,0,0,12,7,10,7,0,0,15,7,0,0,11,1,0,0,1,0,11,6,14,0,10,3,5,0,1,18,0,0,0,0,5,0,7,6,11,1,0,0,0,0,0,0,0,0,0,3,14,0,0,7,14,0,13,0,0,3,1,0,0,0,0,0,0,0,0,0,3,0,23,5,0,0,0,0,0,0,0,0,0,0,0,0,0,15,7,0,0,0,0,0,0,0,0,0,0,0,0,0,0,7,0,0,0,0,0,0,0,0,0,0,0,0,0,0,0,0,0,0,0,0,0,0,0,0,0,0,0,0,0,0,0,0,0,0,0,0,0,0,0,0,0,0,1
15,12,14,14,15,14,13,17,18,12,10,7,7,10,12,7,17,12,14,13,14,12,22,13,10,5,0,3,1,0,5,7,14,3,10,15,15,17,17,13,0,0,0,0,0,0,0,9,7,1,0,17,15,13,0,0,0,0,0,5,0,0,0,1,0,0,12,13,0,18,3,6,0,0,0,3,0,0,0,0,0,0,15,14,3,15,5,15,0,0,0,7,0,0,0,0,0,0,22,11,5,5,1,14,1,0,3,7,0,0,0,0,0,0,14,1,5,0,10,7,0,0,3,10,0,0,0,1,0,3,10,0,10,0,5,3,0,5,7,0,0,0,0,10,0,7,7,7,0,0,0,0,11,0,0,0,0,0,12,13,0,11,7,5,0,9,0,0,5,0,0,0,0,0,0,0,1,0,1,0,17,19,3,0,0,0,0,0,0,0,0,0,0,0,0,0,22,0,0,0,0,0,0,0,0,0,0,0,0,0,0,0,11,1,0,0,0,0,0,0,0,0,0,0,0,0,0,0,0,0,0,0,0,0,0,0,0,0,0,0,0,0,0,0,0,0,0,0,0,0,0,0,0,0,3,0
14,13,14,14,15,12,17,18,15,11,7,7,7,12,9,0,12,13,13,14,14,11,19,12,7,0,0,1,0,1,7,0,7,3,15,15,14,15,15,5,0,0,0,0,0,0,0,3,3,0,15,17,15,6,0,0,0,0,7,0,0,0,0,3,7,0,17,5,5,10,10,0,0,0,3,1,0,0,0,0,12,1,21,15,0,15,10,3,0,0,14,5,0,0,0,0,11,9,10,15,1,1,7,11,0,0,14,1,0,0,0,0,12,7,10,7,0,0,15,7,0,0,11,1,0,0,1,0,11,6,14,0,10,3,5,0,1,18,0,0,0,0,5,7,7,6,11,1,0,0,0,0,0,0,0,0,0,3,14,3,0,7,14,0,13,0,0,3,1,0,0,0,0,0,0,0,0,0,3,0,23,5,0,0,0,0,0,0,0,0,0,0,0,0,0,15,7,0,0,0,0,0,0,0,0,0,0,0,0,0,0,7,0,0,0,0,0,0,0,0,0,0,0,0,0,0,0,0,0,0,0,0,0,0,0,0,0,0,0,0,0,0,0,0,0,0,0,0,0,0,0,0,0,0,1,0
0,0,0,0,0,0,0,0,0,0,0,0,0,0,0,0,0,15,19,18,19,19,15,19,22,19,11,5,7,11,13,15,0,15,20,18,20,19,21,14,12,6,3,1,1,1,7,14,0,5,5,21,22,23,19,17,3,3,5,3,1,1,1,10,0,6,1,19,19,15,5,7,0,3,3,10,0,3,3,5,0,11,1,17,3,18,3,9,5,1,3,9,1,3,3,3,0,7,3,21,15,20,15,24,5,5,7,12,7,3,3,3,0,11,6,6,25,3,13,17,11,9,6,17,5,3,3,5,0,11,15,0,14,3,7,15,3,12,3,15,7,3,3,11,0,18,9,7,3,5,0,15,6,0,6,10,5,1,5,10,0,26,12,18,1,1,0,3,13,0,3,1,1,3,3,11,0,12,15,15,5,22,1,3,3,0,0,3,6,3,3,1,0,5,9,13,12,31,7,0,1,1,3,5,5,5,3,3,0,3,3,11,25,18,3,1,3,3,5,5,6,5,3,6,0,3,3,9,29,3,3,3,5,5,5,6,3,5,7,3,0,6,5,1,5,5,5,6,6,7,6,5,6,9,5,3
0,0,0,0,0,0,0,0,0,0,0,0,0,0,0,0,14,17,18,18,19,15,15,21,22,15,7,5,9,12,15,15,15,15,20,19,20,13,19,13,10,3,1,1,0,3,10,17,6,0,18,20,22,17,28,7,7,5,3,0,1,3,3,15,9,0,6,20,17,7,7,6,3,3,3,5,0,3,3,13,7,3,10,17,7,19,3,9,1,1,3,10,1,1,3,6,12,3,19,23,7,31,9,14,5,5,3,10,0,3,3,6,13,3,9,15,5,11,5,21,6,3,12,9,1,3,3,5,10,3,19,1,14,6,20,10,7,0,13,7,1,3,7,12,9,5,25,0,11,0,13,7,0,1,10,7,0,1,7,14,7,15,17,0,3,0,1,3,12,0,0,0,3,3,7,13,5,20,15,3,15,5,1,3,7,0,1,5,5,3,1,0,0,7,15,10,28,19,0,0,1,3,5,5,5,5,3,3,0,3,6,14,31,3,3,3,3,3,5,6,6,3,6,6,0,3,3,11,23,3,3,5,5,5,5,5,3,6,6,3,3,6,3,5,10,3,6,5,7,7,6,3,7,9,3,5
0,0,0,0,0,0,0,0,0,0,0,0,0,0,0,0,15,19,18,19,19,15,19,22,19,11,5,7,11,13,15,5,15,20,18,20,19,21,14,12,6,3,1,1,1,7,14,7,5,5,21,22,23,19,17,3,3,5,3,1,1,1,10,7,6,1,19,19,15,5,7,0,3,3,10,0,3,3,5,10,11,1,17,3,18,3,9,5,1,3,9,1,3,3,3,5,7,3,21,15,20,15,24,5,5,7,12,7,3,3,3,5,11,6,6,25,3,13,17,11,9,6,17,5,3,3,5,3,11,15,0,14,3,7,15,3,12,3,15,7,3,3,11,5,18,9,7,3,5,0,15,6,0,6,10,5,1,5,10,12,26,12,18,1,1,0,3,13,0,3,1,1,3,3,11,9,12,15,15,5,22,1,3,3,0,0,3,6,3,3,1,0,5,9,13,12,31,7,0,1,1,3,5,5,5,3,3,1,3,3,11,25,18,3,1,3,3,5,5,6,5,3,6,1,3,3,9,29,3,3,3,5,5,5,6,3,5,7,3,3,6,5,1,5,5,5,6,6,7,6,5,6,9,5,3,3
0,19,19,20,20,21,18,22,23,21,18,15,17,17,18,19,0,15,19,18,19,19,15,17,17,15,3,1,0,3,10,15,0,9,15,20,21,20,17,13,3,5,3,0,0,1,1,13,0,7,0,21,21,18,13,13,0,3,3,6,1,1,3,5,0,9,1,15,12,24,6,5,0,3,3,12,0,1,3,3,0,7,3,24,5,15,18,15,3,1,5,6,3,1,3,3,0,9,5,14,24,7,15,24,6,7,7,21,5,3,3,3,0,10,13,0,23,1,13,15,11,7,3,15,0,3,3,6,0,14,13,0,7,1,6,26,3,3,1,7,3,3,0,11,0,24,9,15,0,1,0,1,5,0,7,0,3,3,7,13,0,22,14,15,1,11,3,6,12,0,0,0,6,3,1,1,0,9,12,20,9,36,3,1,3,0,1,5,5,3,3,3,0,3,7,9,18,20,1,1,3,3,5,5,5,6,5,5,0,1,3,12,31,12,3,3,5,6,6,5,6,5,6,7,0,3,3,3,17,1,3,5,5,5,5,5,5,7,6,1,0,3,3,0,1,1,3,3,3,3,3,3,5,7,3,1
15,19,19,21,21,19,19,23,23,19,17,15,18,17,18,18,15,17,19,18,19,15,18,19,17,7,3,0,0,6,12,15,10,7,20,21,22,12,17,6,3,3,0,1,1,1,6,17,6,0,12,20,21,14,13,7,3,3,6,3,1,1,3,15,10,0,0,18,14,18,0,7,3,1,1,7,0,3,3,6,9,3,19,20,9,31,11,9,1,3,3,9,1,3,3,6,13,3,12,21,3,21,10,23,3,5,9,9,1,3,3,6,13,1,12,6,10,6,18,19,5,1,12,7,1,3,5,7,9,3,22,0,15,3,23,5,0,3,0,12,1,1,6,12,9,9,21,0,3,3,0,0,0,0,0,1,1,3,11,18,6,21,15,0,7,11,5,6,19,1,0,3,5,1,1,3,3,12,15,7,15,19,3,3,3,0,3,5,3,3,3,3,0,5,9,13,31,13,1,1,3,3,5,5,6,5,3,6,0,1,3,15,30,3,3,3,6,6,6,6,5,3,7,3,1,3,3,6,15,1,3,5,5,5,5,5,5,7,3,3,0,3,1,0,1,1,3,3,3,3,3,3,6,5,1,1
19,19,20,20,21,18,22,23,21,18,15,17,17,18,19,7,15,19,18,19,19,15,17,17,15,3,1,0,3,10,15,6,9,15,20,21,20,17,13,3,5,3,0,0,1,1,13,9,7,0,21,21,18,13,13,0,3,3,6,1,1,3,5,9,9,1,15,12,24,6,5,0,3,3,12,0,1,3,3,7,7,3,24,5,15,18,15,3,1,5,6,3,1,3,3,5,9,5,14,24,7,15,24,6,7,7,21,5,3,3,3,3,10,13,0,23,1,13,15,11,7,3,15,0,3,3,6,3,14,13,0,7,1,6,26,3,3,1,7,3,3,0,11,7,24,9,15,0,1,0,1,5,0,7,0,3,3,7,13,12,22,14,15,1,11,3,6,12,0,0,0,6,3,1,1,1,9,12,20,9,36,3,1,3,0,1,5,5,3,3,3,1,3,7,9,18,20,1,1,3,3,5,5,5,6,5,5,3,1,3,12,31,12,3,3,5,6,6,5,6,5,6,7,1,3,3,3,17,1,3,5,5,5,5,5,5,7,6,1,1,3,3,0,1,1,3,3,3,3,3,3,5,7,3,1,3
0,15,19,18,19,19,15,19,22,19,11,5,7,11,13,15,0,15,20,18,20,19,21,14,12,6,3,1,1,1,7,14,0,5,5,21,22,23,19,17,3,3,5,3,1,1,1,10,0,6,1,19,19,15,5,7,0,3,3,10,0,3,3,5,0,11,1,17,3,18,3,9,5,1,3,9,1,3,3,3,0,7,3,21,15,20,15,24,5,5,7,12,7,3,3,3,0,11,6,6,25,3,13,17,11,9,6,17,5,3,3,5,0,11,15,0,14,3,7,15,3,12,3,15,7,3,3,11,0,18,9,7,3,5,0,15,6,0,6,10,5,1,5,10,0,26,12,18,1,1,0,3,13,0,3,1,1,3,3,11,0,12,15,15,5,22,1,3,3,0,0,3,6,3,3,1,0,5,9,13,12,31,7,0,1,1,3,5,5,5,3,3,0,3,3,11,25,18,3,1,3,3,5,5,6,5,3,6,0,3,3,9,29,3,3,3,5,5,5,6,3,5,7,3,0,6,5,1,5,5,5,6,6,7,6,5,6,9,5,3,0,5,5,5,3,5,5,6,6,5,5,5,5,5,9,5
14,17,18,18,19,15,15,21,22,15,7,5,9,12,15,15,15,15,20,19,20,13,19,13,10,3,1,1,0,3,10,17,6,0,18,20,22,17,28,7,7,5,3,0,1,3,3,15,9,0,6,20,17,7,7,6,3,3,3,5,0,3,3,13,7,3,10,17,7,19,3,9,1,1,3,10,1,1,3,6,12,3,19,23,7,31,9,14,5,5,3,10,0,3,3,6,13,3,9,15,5,11,5,21,6,3,12,9,1,3,3,5,10,3,19,1,14,6,20,10,7,0,13,7,1,3,7,12,9,5,25,0,11,0,13,7,0,1,10,7,0,1,7,14,7,15,17,0,3,0,1,3,12,0,0,0,3,3,7,13,5,20,15,3,15,5,1,3,7,0,1,5,5,3,1,0,0,7,15,10,28,19,0,0,1,3,5,5,5,5,3,3,0,3,6,14,31,3,3,3,3,3,5,6,6,3,6,6,0,3,3,11,23,3,3,5,5,5,5,5,3,6,6,3,3,6,3,5,10,3,6,5,7,7,6,3,7,9,3,5,6,5,5,3,3,5,5,6,6,5,3,5,5,5,9,3
15,19,18,19,19,15,19,22,19,11,5,7,11,13,15,5,15,20,18,20,19,21,14,12,6,3,1,1,1,7,14,7,5,5,21,22,23,19,17,3,3,5,3,1,1,1,10,7,6,1,19,19,15,5,7,0,3,3,10,0,3,3,5,10,11,1,17,3,18,3,9,5,1,3,9,1,3,3,3,5,7,3,21,15,20,15,24,5,5,7,12,7,3,3,3,5,11,6,6,25,3,13,17,11,9,6,17,5,3,3,5,3,11,15,0,14,3,7,15,3,12,3,15,7,3,3,11,5,18,9,7,3,5,0,15,6,0,6,10,5,1,5,10,12,26,12,18,1,1,0,3,13,0,3,1,1,3,3,11,9,12,15,15,5,22,1,3,3,0,0,3,6,3,3,1,0,5,9,13,12,31,7,0,1,1,3,5,5,5,3,3,1,3,3,11,25,18,3,1,3,3,5,5,6,5,3,6,1,3,3,9,29,3,3,3,5,5,5,6,3,5,7,3,3,6,5,1,5,5,5,6,6,7,6,5,6,9,5,3,3,5,5,5,3,5,5,6,6,5,5,5,5,5,9,5,1
0,0,0,0,0,0,0,0,0,0,0,0,0,0,0,0,0,0,0,0,0,0,0,0,0,1,0,0,0,0,0,0,0,1,1,1,1,1,3,3,3,1,0,1,1,1,3,1,0,3,0,0,1,3,0,1,1,0,0,6,3,3,1,1,0,10,0,1,3,0,1,7,5,3,0,0,3,3,3,0,0,5,13,3,3,27,15,7,3,3,1,9,6,3,5,1,0,0,5,1,5,3,1,9,7,9,1,10,3,3,3,5,0,1,17,0,1,5,5,20,0,10,5,3,3,3,1,3,0,3,14,1,0,5,21,1,0,1,1,1,5,3,1,3,0,9,12,3,1,3,0,0,0,0,3,6,5,0,0,3,0,3,9,3,1,10,3,3,19,3,3,5,3,3,3,3,0,7,7,6,9,25,24,15,13,3,5,6,7,5,3,3,0,12,3,5,34,21,0,3,3,6,7,7,7,7,9,7,0,7,7,7,34,0,5,7,7,7,7,7,12,13,6,9,0,7,7,7,18,3,6,7,7,7,7,7,7,7,9,11,0,9,6,7,6,3,6,6,6,7,9,9,5,9,24,7
0,0,0,0,0,0,0,0,0,0,0,0,0,0,0,0,3,0,0,0,0,0,0,0,0,0,0,0,0,0,0,0,3,1,1,1,1,1,14,3,3,0,0,3,1,1,1,0,3,0,0,0,1,3,0,3,1,0,3,3,3,3,0,0,3,3,0,3,1,1,1,7,3,3,0,3,3,3,3,1,14,5,6,3,3,17,7,1,1,3,1,7,3,3,5,0,17,3,7,0,3,3,3,12,1,5,21,6,3,5,3,3,19,5,3,0,3,5,22,0,9,5,13,0,3,0,3,3,20,15,1,1,3,3,11,0,0,3,7,1,5,1,1,1,19,15,10,6,5,9,0,0,1,3,0,7,3,0,1,0,15,10,10,3,6,3,3,5,7,3,6,5,3,3,1,0,7,9,10,6,38,36,15,21,7,5,6,7,11,5,5,0,7,3,13,5,36,0,3,5,3,7,7,7,7,7,10,5,7,6,5,17,21,0,7,7,7,7,7,7,12,10,6,13,10,7,6,12,0,5,6,7,7,7,7,7,7,6,17,1,10,5,6,7,5,5,6,6,6,7,11,6,5,15,15,3
0,0,0,0,0,0,0,0,0,0,0,0,0,0,0,0,0,0,0,0,0,0,0,0,1,0,0,0,0,0,0,0,1,1,1,1,1,3,3,3,1,0,1,1,1,3,1,0,3,0,0,1,3,0,1,1,0,0,6,3,3,1,1,0,10,0,1,3,0,1,7,5,3,0,0,3,3,3,0,0,5,13,3,3,27,15,7,3,3,1,9,6,3,5,1,0,0,5,1,5,3,1,9,7,9,1,10,3,3,3,5,0,1,17,0,1,5,5,20,0,10,5,3,3,3,1,3,0,3,14,1,0,5,21,1,0,1,1,1,5,3,1,3,0,9,12,3,1,3,0,0,0,0,3,6,5,0,0,3,0,3,9,3,1,10,3,3,19,3,3,5,3,3,3,3,0,7,7,6,9,25,24,15,13,3,5,6,7,5,3,3,0,12,3,5,34,21,0,3,3,6,7,7,7,7,9,7,0,7,7,7,34,0,5,7,7,7,7,7,12,13,6,9,6,7,7,7,18,3,6,7,7,7,7,7,7,7,9,11,0,9,6,7,6,3,6,6,6,7,9,9,5,9,24,7,0
0,0,0,0,0,0,0,0,0,0,0,0,0,0,0,0,0,1,1,1,3,3,1,3,3,5,0,1,1,1,3,1,0,3,3,0,1,3,3,3,1,0,0,3,3,3,0,1,0,3,0,1,1,1,0,1,3,3,0,6,3,3,3,1,0,13,0,3,3,6,6,11,3,3,0,0,3,3,5,1,0,6,9,3,3,5,0,6,3,3,3,19,3,3,3,3,0,0,13,0,3,7,3,17,7,7,0,3,3,1,3,3,0,3,15,0,0,3,6,20,0,3,1,3,3,3,1,3,0,7,14,3,0,1,7,0,0,1,7,1,6,0,0,1,0,6,11,0,5,3,3,1,10,0,3,14,5,1,0,3,0,3,9,9,5,26,3,7,25,6,5,5,5,7,5,3,0,11,7,7,22,31,6,3,3,3,7,7,7,7,7,5,0,7,6,3,34,6,1,7,7,7,6,7,7,12,11,6,0,7,7,5,31,0,6,7,7,7,7,10,9,7,7,15,0,10,7,9,7,6,6,7,7,6,7,7,7,6,17,7,0,5,6,6,5,6,5,5,5,3,7,6,3,11,17,3
0,0,0,0,0,0,0,0,0,0,0,0,0,0,0,0,3,0,1,1,3,1,3,3,5,3,0,1,1,3,1,1,3,1,1,1,1,3,3,3,1,0,0,5,1,3,1,0,3,1,0,0,1,1,0,3,3,0,3,1,3,3,1,0,5,5,10,3,3,13,6,3,3,3,0,3,3,3,3,0,13,3,5,3,3,6,7,10,3,3,14,10,3,5,5,0,18,1,7,0,3,3,6,10,3,6,19,1,3,1,3,3,19,13,0,0,5,5,21,0,3,3,7,1,3,3,3,3,18,17,9,0,3,3,0,0,1,3,0,5,3,0,0,1,18,12,11,1,0,10,1,3,9,1,6,3,3,0,3,1,11,10,10,3,10,17,15,21,11,12,5,6,5,3,3,0,6,3,13,7,42,11,1,3,1,6,7,9,7,7,7,3,7,5,5,7,28,0,6,7,6,7,7,7,7,12,10,5,10,6,5,17,10,3,7,7,7,7,9,9,10,7,9,11,10,7,7,13,1,6,7,7,7,7,9,7,6,10,15,3,7,3,5,7,5,5,5,5,5,3,9,3,3,17,10,3
0,0,0,0,0,0,0,0,0,0,0,0,0,0,0,0,1,1,1,3,3,1,3,3,5,0,1,1,1,3,1,0,3,3,0,1,3,3,3,1,0,0,3,3,3,0,1,0,3,0,1,1,1,0,1,3,3,0,6,3,3,3,1,0,13,0,3,3,6,6,11,3,3,0,0,3,3,5,1,0,6,9,3,3,5,0,6,3,3,3,19,3,3,3,3,0,0,13,0,3,7,3,17,7,7,0,3,3,1,3,3,0,3,15,0,0,3,6,20,0,3,1,3,3,3,1,3,0,7,14,3,0,1,7,0,0,1,7,1,6,0,0,1,0,6,11,0,5,3,3,1,10,0,3,14,5,1,0,3,0,3,9,9,5,26,3,7,25,6,5,5,5,7,5,3,0,11,7,7,22,31,6,3,3,3,7,7,7,7,7,5,0,7,6,3,34,6,1,7,7,7,6,7,7,12,11,6,3,7,7,5,31,0,6,7,7,7,7,10,9,7,7,15,0,10,7,9,7,6,6,7,7,6,7,7,7,6,17,7,0,5,6,6,5,6,5,5,5,3,7,6,3,11,17,3,1
0,0,0,0,0,0,0,0,0,1,0,0,0,0,0,0,0,1,1,1,1,1,3,3,3,1,0,1,1,1,3,1,0,3,0,0,1,3,0,1,1,0,0,6,3,3,1,1,0,10,0,1,3,0,1,7,5,3,0,0,3,3,3,0,0,5,13,3,3,27,15,7,3,3,1,9,6,3,5,1,0,0,5,1,5,3,1,9,7,9,1,10,3,3,3,5,0,1,17,0,1,5,5,20,0,10,5,3,3,3,1,3,0,3,14,1,0,5,21,1,0,1,1,1,5,3,1,3,0,9,12,3,1,3,0,0,0,0,3,6,5,0,0,3,0,3,9,3,1,10,3,3,19,3,3,5,3,3,3,3,0,7,7,6,9,25,24,15,13,3,5,6,7,5,3,3,0,12,3,5,34,21,0,3,3,6,7,7,7,7,9,7,0,7,7,7,34,0,5,7,7,7,7,7,12,13,6,9,0,7,7,7,18,3,6,7,7,7,7,7,7,7,9,11,0,9,6,7,6,3,6,6,6,7,9,9,5,9,24,7,0,3,3,3,3,6,3,3,3,3,1,3,3,1,1,3
3,0,0,0,0,0,0,0,0,0,0,0,0,0,0,0,3,1,1,1,1,1,14,3,3,0,0,3,1,1,1,0,3,0,0,0,1,3,0,3,1,0,3,3,3,3,0,0,3,3,0,3,1,1,1,7,3,3,0,3,3,3,3,1,14,5,6,3,3,17,7,1,1,3,1,7,3,3,5,0,17,3,7,0,3,3,3,12,1,5,21,6,3,5,3,3,19,5,3,0,3,5,22,0,9,5,13,0,3,0,3,3,20,15,1,1,3,3,11,0,0,3,7,1,5,1,1,1,19,15,10,6,5,9,0,0,1,3,0,7,3,0,1,0,15,10,10,3,6,3,3,5,7,3,6,5,3,3,1,0,7,9,10,6,38,36,15,21,7,5,6,7,11,5,5,0,7,3,13,5,36,0,3,5,3,7,7,7,7,7,10,5,7,6,5,17,21,0,7,7,7,7,7,7,12,10,6,13,10,7,6,12,0,5,6,7,7,7,7,7,7,6,17,1,10,5,6,7,5,5,6,6,6,7,11,6,5,15,15,3,1,3,3,5,5,5,3,3,3,3,3,3,1,3,3,3
0,0,0,0,0,0,0,0,1,0,0,0,0,0,0,0,1,1,1,1,1,3,3,3,1,0,1,1,1,3,1,0,3,0,0,1,3,0,1,1,0,0,6,3,3,1,1,0,10,0,1,3,0,1,7,5,3,0,0,3,3,3,0,0,5,13,3,3,27,15,7,3,3,1,9,6,3,5,1,0,0,5,1,5,3,1,9,7,9,1,10,3,3,3,5,0,1,17,0,1,5,5,20,0,10,5,3,3,3,1,3,0,3,14,1,0,5,21,1,0,1,1,1,5,3,1,3,0,9,12,3,1,3,0,0,0,0,3,6,5,0,0,3,0,3,9,3,1,10,3,3,19,3,3,5,3,3,3,3,0,7,7,6,9,25,24,15,13,3,5,6,7,5,3,3,0,12,3,5,34,21,0,3,3,6,7,7,7,7,9,7,0,7,7,7,34,0,5,7,7,7,7,7,12,13,6,9,6,7,7,7,18,3,6,7,7,7,7,7,7,7,9,11,0,9,6,7,6,3,6,6,6,7,9,9,5,9,24,7,0,3,3,3,3,6,3,3,3,3,1,3,3,1,1,3,3
0,0,0,0,0,0,0,0,0,0,0,0,0,0,0,0,0,0,0,0,0,0,0,0,0,0,0,0,0,0,0,0,0,0,0,0,0,0,0,0,0,0,0,0,0,0,0,0,0,0,0,0,0,0,0,0,0,0,0,0,0,0,0,0,0,0,0,0,0,0,0,0,0,0,0,0,0,0,0,0,0,10,5,0,0,23,22,3,0,0,0,3,0,0,0,0,0,22,15,0,0,0,19,12,0,0,0,21,0,0,0,0,0,21,19,0,0,0,13,26,3,0,0,14,0,0,0,0,0,35,15,5,0,0,20,13,0,0,0,5,0,0,0,0,0,42,33,10,0,0,0,0,0,0,0,0,0,0,0,0,0,29,35,10,0,3,0,0,7,0,0,0,0,0,0,0,0,15,35,12,20,52,15,17,18,0,0,0,0,0,0,0,0,0,17,26,61,56,0,0,0,0,0,0,0,0,0,0,0,0,0,17,59,1,0,0,0,0,0,0,0,0,0,0,0,0,0,6,15,0,0,0,0,0,0,0,0,0,0,0,0,0,0,0,0,0,0,0,0,0,0,0,0,0,7,0
0,0,0,0,0,0,0,0,0,0,0,0,0,0,0,0,1,0,0,0,0,0,0,0,0,0,0,0,0,0,0,0,0,0,0,0,0,0,3,0,0,0,0,0,0,0,0,0,1,0,0,0,0,0,0,0,0,0,0,0,0,0,0,0,1,0,0,0,0,0,0,0,0,0,0,0,0,0,0,0,3,0,5,0,3,31,5,0,0,0,0,0,0,0,0,0,1,6,14,0,0,14,12,11,0,0,14,0,0,0,0,0,1,10,10,0,0,0,31,18,0,0,12,0,0,0,0,0,9,23,6,0,0,0,31,3,0,0,3,0,0,0,0,0,20,35,15,0,0,0,0,0,0,0,0,0,0,0,0,0,22,37,23,7,0,0,0,1,5,0,0,0,0,0,0,0,18,37,26,14,44,25,7,25,6,0,0,0,0,0,0,0,6,10,18,38,69,15,0,0,0,0,0,0,0,0,0,0,0,0,0,46,44,0,0,0,0,0,0,0,0,0,0,0,0,0,0,25,15,0,0,0,0,0,0,0,0,0,0,0,0,0,0,0,0,0,0,0,0,0,0,0,0,6,0,0
0,0,0,0,0,0,0,0,0,0,0,0,0,0,0,0,0,0,0,0,0,0,0,0,0,0,0,0,0,0,0,0,0,0,0,0,0,0,0,0,0,0,0,0,0,0,0,0,0,0,0,0,0,0,0,0,0,0,0,0,0,0,0,0,0,0,0,0,0,0,0,0,0,0,0,0,0,0,0,0,10,5,0,0,23,22,3,0,0,0,3,0,0,0,0,0,22,15,0,0,0,19,12,0,0,0,21,0,0,0,0,0,21,19,0,0,0,13,26,3,0,0,14,0,0,0,0,0,35,15,5,0,0,20,13,0,0,0,5,0,0,0,0,0,42,33,10,0,0,0,0,0,0,0,0,0,0,0,0,0,29,35,10,0,3,0,0,7,0,0,0,0,0,0,0,0,15,35,12,20,52,15,17,18,0,0,0,0,0,0,0,0,0,17,26,61,56,0,0,0,0,0,0,0,0,0,0,0,0,0,17,59,1,0,0,0,0,0,0,0,0,0,0,7,0,0,6,15,0,0,0,0,0,0,0,0,0,0,0,0,0,0,0,0,0,0,0,0,0,0,0,0,0,7,0,0
0,0,0,0,0,0,0,0,0,0,0,0,0,0,0,0,0,0,0,0,0,0,0,0,0,0,0,0,0,0,0,0,0,0,0,0,0,0,1,0,0,0,0,0,0,0,0,0,0,1,0,0,0,0,0,0,0,0,0,0,0,0,0,0,0,0,0,0,0,6,0,0,0,0,0,0,0,0,0,0,0,13,15,0,0,21,24,6,0,0,0,18,0,0,0,0,0,22,15,0,0,0,9,21,0,0,0,15,0,0,0,0,0,27,15,0,0,0,24,34,0,0,0,3,0,0,0,0,0,40,25,5,0,0,11,0,0,0,0,0,0,0,0,0,0,38,35,9,0,0,0,0,0,0,0,0,0,0,0,0,0,19,34,9,6,25,0,7,24,7,0,0,0,0,0,0,0,11,33,15,48,50,13,0,0,0,0,0,0,0,0,0,0,0,3,25,60,26,0,0,0,0,0,0,0,0,0,0,0,0,0,17,47,0,0,0,0,0,0,0,0,0,0,0,0,0,0,0,0,0,0,0,0,0,0,0,0,0,3,0,0,0,0,0,0,0,0,0,0,0,0,0,0,0,9,0
0,0,0,0,0,0,0,0,0,0,0,0,0,0,0,0,0,0,0,0,0,0,0,0,0,0,0,0,0,0,0,0,0,0,0,0,0,0,0,0,0,0,0,0,0,0,0,0,3,0,0,0,0,0,0,0,0,0,0,0,0,0,0,0,3,0,0,0,0,0,0,0,0,0,0,0,0,0,0,0,6,9,10,0,11,30,12,0,0,0,0,0,0,0,0,0,0,3,15,0,0,9,23,20,1,0,14,0,0,0,0,0,3,17,5,0,0,5,40,6,0,0,11,0,0,0,0,0,15,29,10,0,0,0,0,0,0,0,0,0,0,0,0,0,22,38,19,3,0,0,0,0,0,0,0,0,0,0,0,0,20,38,23,9,24,3,0,29,13,0,0,0,0,0,0,0,12,26,27,26,67,44,0,0,0,0,0,0,0,0,0,0,0,0,11,45,61,1,0,0,0,0,0,0,0,0,0,0,0,0,0,37,26,0,0,0,0,0,0,0,0,0,0,3,1,0,0,3,0,0,0,0,0,0,0,0,0,0,1,0,0,0,0,0,0,0,0,0,0,0,0,0,0,9,0,0
0,0,0,0,0,0,0,0,0,0,0,0,0,0,0,0,0,0,0,0,0,0,0,0,0,0,0,0,0,0,0,0,0,0,0,0,0,1,0,0,0,0,0,0,0,0,0,0,1,0,0,0,0,0,0,0,0,0,0,0,0,0,0,0,0,0,0,0,6,0,0,0,0,0,0,0,0,0,0,0,13,15,0,0,21,24,6,0,0,0,18,0,0,0,0,0,22,15,0,0,0,9,21,0,0,0,15,0,0,0,0,0,27,15,0,0,0,24,34,0,0,0,3,0,0,0,0,0,40,25,5,0,0,11,0,0,0,0,0,0,0,0,0,0,38,35,9,0,0,0,0,0,0,0,0,0,0,0,0,0,19,34,9,6,25,0,7,24,7,0,0,0,0,0,0,0,11,33,15,48,50,13,0,0,0,0,0,0,0,0,0,0,0,3,25,60,26,0,0,0,0,0,0,0,0,0,0,0,0,0,17,47,0,0,0,0,0,0,0,0,0,0,0,0,0,0,0,0,0,0,0,0,0,0,0,0,0,3,0,0,0,0,0,0,0,0,0,0,0,0,0,0,0,9,0,0
0,0,0,0,0,0,0,0,0,0,0,0,0,0,0,0,0,0,0,0,0,0,0,0,0,0,0,0,0,0,0,0,0,0,0,0,0,0,0,0,0,0,0,0,0,0,0,0,0,0,0,0,0,0,0,0,0,0,0,0,0,0,0,0,0,10,5,0,0,23,22,3,0,0,0,3,0,0,0,0,0,22,15,0,0,0,19,12,0,0,0,21,0,0,0,0,0,21,19,0,0,0,13,26,3,0,0,14,0,0,0,0,0,35,15,5,0,0,20,13,0,0,0,5,0,0,0,0,0,42,33,10,0,0,0,0,0,0,0,0,0,0,0,0,0,29,35,10,0,3,0,0,7,0,0,0,0,0,0,0,0,15,35,12,20,52,15,17,18,0,0,0,0,0,0,0,0,0,17,26,61,56,0,0,0,0,0,0,0,0,0,0,0,0,0,17,59,1,0,0,0,0,0,0,0,0,0,0,0,0,0,6,15,0,0,0,0,0,0,0,0,0,0,0,0,0,0,0,0,0,0,0,0,0,0,0,0,0,7,0,0,0,0,0,0,0,0,0,0,0,0,0,0,3,3,0
1,0,0,0,0,0,0,0,0,0,0,0,0,0,0,0,0,0,0,0,0,0,3,0,0,0,0,0,0,0,0,0,1,0,0,0,0,0,0,0,0,0,0,0,0,0,0,0,1,0,0,0,0,0,0,0,0,0,0,0,0,0,0,0,3,0,5,0,3,31,5,0,0,0,0,0,0,0,0,0,1,6,14,0,0,14,12,11,0,0,14,0,0,0,0,0,1,10,10,0,0,0,31,18,0,0,12,0,0,0,0,0,9,23,6,0,0,0,31,3,0,0,3,0,0,0,0,0,20,35,15,0,0,0,0,0,0,0,0,0,0,0,0,0,22,37,23,7,0,0,0,1,5,0,0,0,0,0,0,0,18,37,26,14,44,25,7,25,6,0,0,0,0,0,0,0,6,10,18,38,69,15,0,0,0,0,0,0,0,0,0,0,0,0,0,46,44,0,0,0,0,0,0,0,0,0,0,0,0,0,0,25,15,0,0,0,0,0,0,0,0,0,0,0,0,0,0,0,0,0,0,0,0,0,0,0,0,6,0,0,0,0,0,0,0,0,0,0,0,0,0,0,0,6,0,0
0,0,0,0,0,0,0,0,0,0,0,0,0,0,0,0,0,0,0,0,0,0,0,0,0,0,0,0,0,0,0,0,0,0,0,0,0,0,0,0,0,0,0,0,0,0,0,0,0,0,0,0,0,0,0,0,0,0,0,0,0,0,0,0,10,5,0,0,23,22,3,0,0,0,3,0,0,0,0,0,22,15,0,0,0,19,12,0,0,0,21,0,0,0,0,0,21,19,0,0,0,13,26,3,0,0,14,0,0,0,0,0,35,15,5,0,0,20,13,0,0,0,5,0,0,0,0,0,42,33,10,0,0,0,0,0,0,0,0,0,0,0,0,0,29,35,10,0,3,0,0,7,0,0,0,0,0,0,0,0,15,35,12,20,52,15,17,18,0,0,0,0,0,0,0,0,0,17,26,61,56,0,0,0,0,0,0,0,0,0,0,0,0,0,17,59,1,0,0,0,0,0,0,0,0,0,0,7,0,0,6,15,0,0,0,0,0,0,0,0,0,0,0,0,0,0,0,0,0,0,0,0,0,0,0,0,0,7,0,0,0,0,0,0,0,0,0,0,0,0,0,0,3,3,0,0
0,0,0,0,0,0,0,0,0,0,0,0,0,0,0,0,0,1,1,1,1,1,3,1,1,1,1,3,1,3,1,3,0,3,1,3,3,1,1,3,1,3,1,1,1,3,3,3,0,3,3,3,3,3,1,3,0,7,3,6,11,7,3,3,0,3,1,3,1,3,0,0,15,11,3,1,1,7,9,3,0,13,1,3,0,3,7,1,5,6,3,3,7,6,13,6,0,9,3,3,3,0,3,1,0,3,3,3,5,6,14,15,0,13,0,1,3,0,5,1,3,1,5,1,1,5,5,9,0,7,1,6,0,0,5,9,0,3,3,0,0,5,7,3,0,5,1,7,1,1,0,0,1,1,0,0,10,7,3,1,0,5,1,0,0,5,17,0,3,1,3,17,15,13,3,3,0,3,3,0,5,15,9,18,10,22,19,17,27,19,7,9,0,3,6,7,9,0,1,1,5,18,25,27,27,27,23,26,0,31,6,7,7,12,25,26,25,26,28,29,28,29,31,28,0,31,29,11,5,26,25,25,24,28,28,29,26,31,29,29,0,31,29,24,0,22,21,27,29,27,24,26,27,26,27,33
0,0,0,0,0,0,0,0,0,0,0,0,0,0,0,0,0,1,1,1,1,1,3,1,1,1,3,1,1,3,1,3,0,3,3,1,1,1,1,1,3,3,1,0,1,3,3,3,0,3,3,3,3,3,1,1,1,7,3,9,7,7,3,3,0,13,3,3,3,7,1,5,12,9,3,1,3,10,7,3,1,18,3,0,3,7,0,0,5,7,3,0,11,10,13,3,1,1,1,1,3,3,3,1,3,12,7,0,6,9,14,7,0,3,1,0,3,0,5,3,0,17,3,0,3,3,7,5,1,3,0,1,3,3,3,0,0,7,1,0,3,6,3,1,3,3,0,3,3,3,0,0,5,0,0,0,7,3,3,0,3,5,0,7,0,13,0,5,9,0,13,14,19,6,3,1,3,3,0,5,9,15,21,12,14,20,14,23,27,13,5,11,19,5,1,12,6,0,3,3,9,21,27,28,26,26,23,27,31,20,0,7,1,15,24,27,25,27,29,28,28,29,31,28,28,31,19,7,21,26,23,24,27,28,28,26,30,29,29,27,28,31,28,11,15,22,24,28,28,27,24,28,25,27,31,31
0,0,0,0,0,0,0,0,0,0,0,0,0,0,0,0,1,1,1,1,1,3,1,1,1,1,3,1,3,1,3,1,3,1,3,3,1,1,3,1,3,1,1,1,3,3,3,3,3,3,3,3,3,1,3,0,7,3,6,11,7,3,3,3,3,1,3,1,3,0,0,15,11,3,1,1,7,9,3,3,13,1,3,0,3,7,1,5,6,3,3,7,6,13,6,3,9,3,3,3,0,3,1,0,3,3,3,5,6,14,15,3,13,0,1,3,0,5,1,3,1,5,1,1,5,5,9,7,7,1,6,0,0,5,9,0,3,3,0,0,5,7,3,1,5,1,7,1,1,0,0,1,1,0,0,10,7,3,1,1,5,1,0,0,5,17,0,3,1,3,17,15,13,3,3,1,3,3,0,5,15,9,18,10,22,19,17,27,19,7,9,15,3,6,7,9,0,1,1,5,18,25,27,27,27,23,26,20,31,6,7,7,12,25,26,25,26,28,29,28,29,31,28,21,31,29,11,5,26,25,25,24,28,28,29,26,31,29,29,17,31,29,24,0,22,21,27,29,27,24,26,27,26,27,33,17
0,0,0,0,0,0,0,0,0,0,0,0,0,0,0,0,0,1,1,1,1,1,0,1,1,1,1,0,1,3,1,3,0,3,1,3,3,1,3,3,1,1,3,11,13,3,3,3,0,3,3,3,3,3,1,1,13,11,3,3,3,10,11,3,0,7,3,3,3,3,3,3,7,6,1,3,1,7,9,3,0,7,3,3,1,3,3,0,3,5,5,3,7,7,7,11,0,12,1,3,3,0,5,0,0,7,3,3,5,7,9,13,0,11,1,1,1,0,6,0,0,6,3,0,15,14,7,7,0,3,1,14,0,1,0,3,1,0,3,0,14,11,3,1,0,5,1,5,0,6,1,3,3,3,6,1,6,7,3,3,0,3,3,0,7,3,1,3,1,5,1,7,11,3,3,1,0,3,3,0,7,3,25,0,0,9,25,31,25,27,24,26,0,11,1,1,9,1,21,27,29,27,28,26,28,26,27,27,0,31,18,10,5,18,24,25,26,27,28,31,31,26,27,28,0,29,31,15,3,24,31,29,27,23,26,29,29,28,28,22,0,27,28,29,22,27,24,19,25,27,27,29,28,25,28,31
0,0,0,0,0,0,0,0,0,0,0,0,0,0,0,1,0,1,1,1,1,1,0,1,0,1,1,0,1,1,1,1,0,3,3,3,3,3,3,1,3,3,10,12,10,3,3,3,0,1,3,3,3,6,1,3,9,11,3,3,5,13,3,3,0,14,3,3,1,3,1,3,3,7,1,3,1,11,7,3,0,7,1,1,5,3,0,0,9,13,7,0,12,9,12,3,1,3,1,1,3,0,6,1,1,19,3,0,7,6,9,7,1,3,1,0,3,0,3,0,5,7,1,3,17,12,6,1,3,3,0,0,3,1,3,1,0,1,3,3,18,6,1,1,3,3,0,7,3,1,1,6,7,1,7,0,13,3,3,3,3,5,0,14,6,1,0,5,3,0,1,12,7,1,3,1,14,3,1,9,7,13,7,0,3,13,33,26,26,25,24,27,25,3,3,7,3,14,27,28,28,27,26,27,28,27,27,25,29,30,7,9,7,21,26,25,27,28,29,31,28,27,26,29,27,31,26,1,26,29,28,28,24,24,28,31,29,30,26,25,26,30,29,29,22,28,22,21,27,27,28,26,26,25,30,29
0,0,0,0,0,0,0,0,0,0,0,0,0,0,0,1,1,1,1,1,1,0,1,1,1,1,0,1,3,1,3,1,3,1,3,3,1,3,3,1,1,3,11,13,3,3,3,3,3,3,3,3,3,1,1,13,11,3,3,3,10,11,3,3,7,3,3,3,3,3,3,7,6,1,3,1,7,9,3,3,7,3,3,1,3,3,0,3,5,5,3,7,7,7,11,1,12,1,3,3,0,5,0,0,7,3,3,5,7,9,13,7,11,1,1,1,0,6,0,0,6,3,0,15,14,7,7,1,3,1,14,0,1,0,3,1,0,3,0,14,11,3,1,1,5,1,5,0,6,1,3,3,3,6,1,6,7,3,3,1,3,3,0,7,3,1,3,1,5,1,7,11,3,3,1,5,3,3,0,7,3,25,0,0,9,25,31,25,27,24,26,22,11,1,1,9,1,21,27,29,27,28,26,28,26,27,27,15,31,18,10,5,18,24,25,26,27,28,31,31,26,27,28,22,29,31,15,3,24,31,29,27,23,26,29,29,28,28,22,15,27,28,29,22,27,24,19,25,27,27,29,28,25,28,31,22
0,1,1,1,1,1,3,1,1,1,1,3,1,3,1,3,0,3,1,3,3,1,1,3,1,3,1,1,1,3,3,3,0,3,3,3,3,3,1,3,0,7,3,6,11,7,3,3,0,3,1,3,1,3,0,0,15,11,3,1,1,7,9,3,0,13,1,3,0,3,7,1,5,6,3,3,7,6,13,6,0,9,3,3,3,0,3,1,0,3,3,3,5,6,14,15,0,13,0,1,3,0,5,1,3,1,5,1,1,5,5,9,0,7,1,6,0,0,5,9,0,3,3,0,0,5,7,3,0,5,1,7,1,1,0,0,1,1,0,0,10,7,3,1,0,5,1,0,0,5,17,0,3,1,3,17,15,13,3,3,0,3,3,0,5,15,9,18,10,22,19,17,27,19,7,9,0,3,6,7,9,0,1,1,5,18,25,27,27,27,23,26,0,31,6,7,7,12,25,26,25,26,28,29,28,29,31,28,0,31,29,11,5,26,25,25,24,28,28,29,26,31,29,29,0,31,29,24,0,22,21,27,29,27,24,26,27,26,27,33,0,17,15,14,14,13,12,12,3,5,12,17,15,12,17,18
0,1,1,1,1,1,3,1,1,1,3,1,1,3,1,3,0,3,3,1,1,1,1,1,3,3,1,0,1,3,3,3,0,3,3,3,3,3,1,1,1,7,3,9,7,7,3,3,0,13,3,3,3,7,1,5,12,9,3,1,3,10,7,3,1,18,3,0,3,7,0,0,5,7,3,0,11,10,13,3,1,1,1,1,3,3,3,1,3,12,7,0,6,9,14,7,0,3,1,0,3,0,5,3,0,17,3,0,3,3,7,5,1,3,0,1,3,3,3,0,0,7,1,0,3,6,3,1,3,3,0,3,3,3,0,0,5,0,0,0,7,3,3,0,3,5,0,7,0,13,0,5,9,0,13,14,19,6,3,1,3,3,0,5,9,15,21,12,14,20,14,23,27,13,5,11,19,5,1,12,6,0,3,3,9,21,27,28,26,26,23,27,31,20,0,7,1,15,24,27,25,27,29,28,28,29,31,28,28,31,19,7,21,26,23,24,27,28,28,26,30,29,29,27,28,31,28,11,15,22,24,28,28,27,24,28,25,27,31,31,21,19,15,15,12,13,14,7,0,9,15,15,13,13,19,13
1,1,1,1,1,3,1,1,1,1,3,1,3,1,3,1,3,1,3,3,1,1,3,1,3,1,1,1,3,3,3,3,3,3,3,3,3,1,3,0,7,3,6,11,7,3,3,3,3,1,3,1,3,0,0,15,11,3,1,1,7,9,3,3,13,1,3,0,3,7,1,5,6,3,3,7,6,13,6,3,9,3,3,3,0,3,1,0,3,3,3,5,6,14,15,3,13,0,1,3,0,5,1,3,1,5,1,1,5,5,9,7,7,1,6,0,0,5,9,0,3,3,0,0,5,7,3,1,5,1,7,1,1,0,0,1,1,0,0,10,7,3,1,1,5,1,0,0,5,17,0,3,1,3,17,15,13,3,3,1,3,3,0,5,15,9,18,10,22,19,17,27,19,7,9,15,3,6,7,9,0,1,1,5,18,25,27,27,27,23,26,20,31,6,7,7,12,25,26,25,26,28,29,28,29,31,28,21,31,29,11,5,26,25,25,24,28,28,29,26,31,29,29,17,31,29,24,0,22,21,27,29,27,24,26,27,26,27,33,17,17,15,14,14,13,12,12,3,5,12,17,15,12,17,18,10
0,0,0,0,0,0,0,0,0,0,0,0,0,0,0,0,0,15,18,15,15,13,15,17,15,14,15,18,17,15,14,14,0,12,15,15,15,13,3,7,15,18,5,0,3,11,15,14,0,20,18,17,15,14,17,12,7,5,0,0,0,0,7,14,0,0,0,14,12,12,3,0,0,0,3,3,7,5,6,7,0,0,0,7,0,0,0,0,3,6,0,0,0,0,1,3,0,0,0,9,15,15,7,0,0,0,0,0,3,3,0,0,0,0,0,12,18,5,0,0,0,3,0,0,0,0,0,3,0,0,0,0,3,0,7,1,10,7,0,0,1,1,7,9,0,0,0,0,1,0,3,1,1,0,0,15,10,6,7,11,0,0,0,0,0,3,3,0,0,0,17,10,6,3,5,9,0,0,0,0,0,0,0,0,1,1,0,0,0,0,0,0,0,0,0,0,0,0,0,0,0,0,0,0,0,0,0,0,0,0,0,0,0,1,0,0,0,0,0,0,0,0,0,0,0,0,0,0,0,0,0,0,0,0,0,0,0,0,0,0,0,0,0,0,0,0,0,0,0,0,0,0,0,0,0,0
0,0,0,0,0,0,0,0,0,0,0,0,0,0,0,0,10,15,15,14,14,13,15,17,14,14,15,17,15,14,15,13,7,13,15,15,15,0,3,13,21,9,0,0,6,13,14,13,7,20,17,15,15,17,17,10,7,0,0,0,0,3,11,13,0,0,5,15,9,7,1,3,0,3,6,5,6,1,7,12,1,0,0,15,0,0,0,1,0,0,0,1,0,0,1,9,0,0,0,12,0,9,0,1,0,0,0,5,3,3,0,3,0,0,0,15,11,0,0,0,0,0,0,0,0,0,0,1,0,0,0,3,11,3,3,10,7,0,1,0,0,3,10,9,0,0,0,0,0,9,7,0,0,3,3,14,7,5,7,10,0,0,0,0,0,10,0,0,0,10,15,10,3,0,9,11,0,0,0,0,0,0,0,0,3,0,0,0,0,0,0,0,0,1,0,0,0,0,0,0,0,0,0,0,0,0,0,0,0,0,0,0,0,0,0,0,0,0,0,0,0,0,0,0,0,0,0,0,1,0,0,0,0,0,0,0,0,0,0,0,0,0,0,0,3,0,0,0,0,0,0,0,0,0,0,0
0,0,0,0,0,0,0,0,0,0,0,0,0,0,0,0,15,18,15,15,13,15,17,15,14,15,18,17,15,14,14,3,12,15,15,15,13,3,7,15,18,5,0,3,11,15,14,3,20,18,17,15,14,17,12,7,5,0,0,0,0,7,14,3,0,0,14,12,12,3,0,0,0,3,3,7,5,6,7,3,0,0,7,0,0,0,0,3,6,0,0,0,0,1,3,6,0,0,9,15,15,7,0,0,0,0,0,3,3,0,0,0,0,0,12,18,5,0,0,0,3,0,0,0,0,0,3,0,0,0,0,3,0,7,1,10,7,0,0,1,1,7,9,0,0,0,0,1,0,3,1,1,0,0,15,10,6,7,11,5,0,0,0,0,3,3,0,0,0,17,10,6,3,5,9,1,0,0,0,0,0,0,0,1,1,0,0,0,0,0,0,0,0,0,0,0,0,0,0,0,0,0,0,0,0,0,0,0,0,0,0,0,1,0,0,0,0,0,0,0,0,0,0,0,0,0,0,0,0,0,0,0,0,0,0,0,0,0,0,0,0,0,0,0,0,0,0,0,0,0,0,0,0,0,0,0
0,11,10,9,9,10,9,10,12,11,7,7,9,7,11,11,0,15,17,14,14,12,10,13,13,15,11,10,15,18,14,12,0,14,14,15,17,15,23,15,21,10,1,0,0,6,11,13,0,11,12,17,15,15,9,6,0,0,0,0,5,3,6,12,0,0,0,9,0,0,0,0,0,6,0,3,1,3,0,7,0,0,0,6,13,6,0,0,3,6,0,1,3,0,0,0,0,0,3,14,17,11,0,0,0,0,0,0,7,3,0,0,0,0,0,3,10,0,0,0,9,1,0,3,7,0,0,6,0,0,0,0,0,0,7,15,9,1,13,10,7,7,9,7,0,0,0,0,3,0,0,0,0,0,0,3,11,0,5,9,0,0,0,0,0,0,0,0,0,0,6,3,0,0,1,6,0,0,0,0,0,0,0,7,11,3,0,0,0,0,0,0,0,0,0,0,0,0,0,0,0,0,0,0,0,0,0,0,0,0,0,0,0,0,0,0,0,0,0,0,0,0,0,0,0,0,0,0,6,0,0,0,0,0,0,0,0,0,0,0,0,1,0,0,0,0,0,0,0,0,0,0,0,0,0,1
9,10,9,10,11,9,10,11,11,9,7,9,9,10,11,10,10,15,15,14,14,6,11,14,13,12,9,13,18,17,12,12,7,14,15,17,15,17,14,22,17,7,0,0,0,7,13,12,0,9,15,17,15,15,7,3,0,0,0,3,3,3,7,14,0,0,0,14,0,0,0,3,1,5,3,1,3,0,5,12,0,0,0,13,10,3,0,1,0,0,0,3,3,0,0,3,0,0,3,14,1,0,0,0,0,0,0,6,5,1,0,0,0,0,0,11,6,0,0,6,7,0,0,7,1,0,6,5,0,0,0,0,3,12,14,7,3,7,7,10,7,6,6,7,0,0,0,0,0,3,9,0,0,3,3,7,0,0,7,9,0,0,0,0,0,0,0,0,0,0,7,0,0,0,5,6,0,0,0,0,0,0,6,10,7,0,0,0,0,0,0,0,0,0,0,0,0,3,0,0,0,0,0,0,0,0,0,0,0,0,0,0,0,0,0,0,0,0,0,0,0,0,0,0,0,0,0,0,3,0,0,0,0,0,0,0,0,0,0,0,0,0,0,0,0,0,0,0,0,0,0,0,0,0,3,0
11,10,9,9,10,9,10,12,11,7,7,9,7,11,11,1,15,17,14,14,12,10,13,13,15,11,10,15,18,14,12,1,14,14,15,17,15,23,15,21,10,1,0,0,6,11,13,3,11,12,17,15,15,9,6,0,0,0,0,5,3,6,12,3,0,0,9,0,0,0,0,0,6,0,3,1,3,0,7,5,0,0,6,13,6,0,0,3,6,0,1,3,0,0,0,0,0,3,14,17,11,0,0,0,0,0,0,7,3,0,0,0,0,0,3,10,0,0,0,9,1,0,3,7,0,0,6,0,0,0,0,0,0,7,15,9,1,13,10,7,7,9,7,0,0,0,0,3,0,0,0,0,0,0,3,11,0,5,9,3,0,0,0,0,0,0,0,0,0,6,3,0,0,1,6,0,0,0,0,0,0,0,7,11,3,0,0,0,0,0,0,0,0,0,0,0,0,0,0,0,0,0,0,0,0,0,0,0,0,0,0,0,0,0,0,0,0,0,0,0,0,0,0,0,0,0,0,6,0,0,0,0,0,0,0,0,0,0,0,0,1,0,0,0,0,0,0,0,0,0,0,0,0,0,1,0
0,15,18,15,15,13,15,17,15,14,15,18,17,15,14,14,0,12,15,15,15,13,3,7,15,18,5,0,3,11,15,14,0,20,18,17,15,14,17,12,7,5,0,0,0,0,7,14,0,0,0,14,12,12,3,0,0,0,3,3,7,5,6,7,0,0,0,7,0,0,0,0,3,6,0,0,0,0,1,3,0,0,0,9,15,15,7,0,0,0,0,0,3,3,0,0,0,0,0,12,18,5,0,0,0,3,0,0,0,0,0,3,0,0,0,0,3,0,7,1,10,7,0,0,1,1,7,9,0,0,0,0,1,0,3,1,1,0,0,15,10,6,7,11,0,0,0,0,0,3,3,0,0,0,17,10,6,3,5,9,0,0,0,0,0,0,0,0,1,1,0,0,0,0,0,0,0,0,0,0,0,0,0,0,0,0,0,0,0,0,0,0,0,0,0,0,0,1,0,0,0,0,0,0,0,0,0,0,0,0,0,0,0,0,0,0,0,0,0,0,0,0,0,0,0,0,0,0,0,0,0,0,0,0,0,0,0,0,0,0,0,0,0,0,0,0,0,0,0,0,0,0,0,0,0,0
10,15,15,14,14,13,15,17,14,14,15,17,15,14,15,13,7,13,15,15,15,0,3,13,21,9,0,0,6,13,14,13,7,20,17,15,15,17,17,10,7,0,0,0,0,3,11,13,0,0,5,15,9,7,1,3,0,3,6,5,6,1,7,12,1,0,0,15,0,0,0,1,0,0,0,1,0,0,1,9,0,0,0,12,0,9,0,1,0,0,0,5,3,3,0,3,0,0,0,15,11,0,0,0,0,0,0,0,0,0,0,1,0,0,0,3,11,3,3,10,7,0,1,0,0,3,10,9,0,0,0,0,0,9,7,0,0,3,3,14,7,5,7,10,0,0,0,0,0,10,0,0,0,10,15,10,3,0,9,11,0,0,0,0,0,0,0,0,3,0,0,0,0,0,0,0,0,1,0,0,0,0,0,0,0,0,0,0,0,0,0,0,0,0,0,0,0,0,0,0,0,0,0,0,0,0,0,0,0,0,0,0,1,0,0,0,0,0,0,0,0,0,0,0,0,0,0,0,3,0,0,0,0,0,0,0,0,0,0,0,0,0,0,0,0,0,0,0,0,0,0,0,0,0,0,0
15,18,15,15,13,15,17,15,14,15,18,17,15,14,14,3,12,15,15,15,13,3,7,15,18,5,0,3,11,15,14,3,20,18,17,15,14,17,12,7,5,0,0,0,0,7,14,3,0,0,14,12,12,3,0,0,0,3,3,7,5,6,7,3,0,0,7,0,0,0,0,3,6,0,0,0,0,1,3,6,0,0,9,15,15,7,0,0,0,0,0,3,3,0,0,0,0,0,12,18,5,0,0,0,3,0,0,0,0,0,3,0,0,0,0,3,0,7,1,10,7,0,0,1,1,7,9,0,0,0,0,1,0,3,1,1,0,0,15,10,6,7,11,5,0,0,0,0,3,3,0,0,0,17,10,6,3,5,9,1,0,0,0,0,0,0,0,1,1,0,0,0,0,0,0,0,0,0,0,0,0,0,0,0,0,0,0,0,0,0,0,0,0,0,0,0,1,0,0,0,0,0,0,0,0,0,0,0,0,0,0,0,0,0,0,0,0,0,0,0,0,0,0,0,0,0,0,0,0,0,0,0,0,0,0,0,0,0,0,0,0,0,0,0,0,0,0,0,0,0,0,0,0,0,0,0
0,0,0,0,0,0,0,0,0,0,0,0,0,0,0,0,0,11,13,12,12,13,11,12,13,12,9,10,13,15,11,12,0,13,15,15,14,17,7,5,9,15,19,7,3,10,18,13,0,3,29,15,15,14,10,10,14,13,15,3,9,3,11,20,0,1,15,12,15,7,24,5,3,7,15,3,3,7,6,26,0,7,1,7,34,5,0,1,5,3,26,3,3,7,7,7,0,1,0,7,7,11,6,3,3,3,19,1,3,12,9,7,0,3,0,13,9,17,6,0,6,1,15,1,3,7,10,3,0,0,3,7,14,21,3,3,3,6,6,3,3,11,3,12,0,0,0,3,13,5,14,9,3,15,3,5,3,10,17,7,0,0,0,3,15,3,3,17,0,3,5,12,17,15,7,7,0,10,0,6,15,0,0,0,1,3,11,11,9,6,13,11,0,3,11,12,0,0,6,5,3,7,7,3,3,3,0,0,0,0,3,17,0,7,6,1,3,3,3,3,1,0,1,1,0,0,3,3,0,7,3,3,3,3,1,3,1,0,0,0,0,0,0,3,10,5,3,3,5,1,0,0,3,3,0,0
0,0,0,0,0,0,0,0,0,0,0,0,0,0,0,0,1,15,12,13,12,12,10,12,13,9,10,14,15,12,12,11,3,15,13,14,15,33,3,14,7,24,13,7,10,14,18,11,3,14,25,15,13,6,13,5,17,20,3,0,3,6,24,10,1,15,9,15,19,10,17,3,10,5,18,3,11,7,10,17,0,1,3,11,27,0,1,3,6,13,13,3,9,7,6,21,0,12,3,15,12,1,18,1,6,15,3,3,5,9,7,5,0,7,3,21,7,21,0,0,3,9,0,5,5,10,3,9,6,3,3,13,6,7,0,3,6,9,3,6,3,7,7,7,10,0,3,9,6,1,11,13,1,3,7,3,11,15,10,9,12,1,0,5,3,7,18,7,1,6,7,7,15,14,5,7,7,0,0,17,5,0,1,0,3,7,11,14,7,7,12,11,3,13,1,9,0,5,3,5,9,6,7,3,5,1,0,0,1,3,22,5,0,9,3,1,3,3,3,1,1,0,6,0,0,0,6,17,3,6,3,3,3,3,1,3,1,3,0,3,0,0,1,3,5,3,3,5,3,0,0,0,5,0,0,0
0,0,0,0,0,0,0,0,0,0,0,0,0,0,0,0,11,13,12,12,13,11,12,13,12,9,10,13,15,11,12,15,13,15,15,14,17,7,5,9,15,19,7,3,10,18,13,15,3,29,15,15,14,10,10,14,13,15,3,9,3,11,20,14,1,15,12,15,7,24,5,3,7,15,3,3,7,6,26,14,7,1,7,34,5,0,1,5,3,26,3,3,7,7,7,25,1,0,7,7,11,6,3,3,3,19,1,3,12,9,7,18,3,0,13,9,17,6,0,6,1,15,1,3,7,10,3,10,0,3,7,14,21,3,3,3,6,6,3,3,11,3,12,10,0,0,3,13,5,14,9,3,15,3,5,3,10,17,7,13,0,0,3,15,3,3,17,0,3,5,12,17,15,7,7,14,10,0,6,15,0,0,0,1,3,11,11,9,6,13,11,13,3,11,12,0,0,6,5,3,7,7,3,3,3,0,0,1,0,3,17,0,7,6,1,3,3,3,3,1,0,1,1,0,0,3,3,0,7,3,3,3,3,1,3,1,0,0,0,7,0,0,3,10,5,3,3,5,1,0,0,3,3,0,0,10
0,3,5,5,5,5,3,5,5,5,3,3,3,3,3,5,0,12,15,14,13,15,11,10,15,7,15,7,13,17,15,14,0,10,17,15,14,15,15,7,14,22,15,6,7,6,18,15,0,3,25,15,17,10,15,13,11,5,19,1,3,5,7,22,0,0,10,7,29,7,3,1,5,5,17,7,3,12,5,18,0,1,3,7,7,10,1,1,3,3,28,1,1,13,6,7,0,3,0,13,7,11,9,0,3,3,13,1,5,6,11,3,0,1,0,9,10,17,13,0,5,3,13,3,3,13,7,3,0,0,1,5,15,5,0,6,5,13,3,21,3,10,9,7,0,0,0,5,9,5,10,14,3,3,15,5,11,14,12,6,0,3,0,5,31,0,3,1,0,3,5,15,13,10,12,13,0,17,0,7,0,0,1,1,5,7,11,7,5,3,3,3,0,3,14,14,0,3,7,3,3,3,5,3,3,0,0,0,0,0,6,20,0,7,5,3,5,3,3,1,1,0,6,0,0,0,0,5,11,7,7,5,3,3,1,1,1,6,0,0,0,0,1,0,0,3,1,3,3,6,0,0,1,0,0,0
1,5,3,5,5,5,3,5,5,5,3,3,3,3,5,3,3,17,14,15,14,19,6,15,15,12,13,7,13,20,15,10,3,15,15,15,14,15,3,6,15,22,7,3,10,6,22,9,3,7,25,15,13,5,21,7,12,14,3,3,5,6,17,12,3,9,5,15,26,3,3,1,5,5,18,3,7,7,7,25,0,7,3,12,22,0,9,3,6,19,5,1,9,6,5,7,0,10,1,18,7,10,13,0,5,9,0,5,5,14,6,3,5,6,3,19,9,20,0,5,5,6,5,6,9,7,3,10,7,0,3,18,5,3,10,9,5,5,13,5,6,14,12,5,11,0,0,5,10,3,12,18,3,15,7,7,20,13,5,7,12,0,0,9,3,1,12,0,0,3,12,15,6,6,14,14,0,3,1,9,0,0,0,1,10,11,10,3,5,5,5,1,3,1,9,7,0,9,7,3,3,3,3,1,1,0,0,3,0,0,10,7,3,7,3,3,5,3,1,1,0,0,1,0,0,0,5,5,6,7,7,3,3,1,1,3,5,0,0,3,0,1,1,3,1,1,3,1,6,5,0,1,3,0,0,0
3,5,5,5,5,3,5,5,5,3,3,3,3,3,5,11,12,15,14,13,15,11,10,15,7,15,7,13,17,15,14,14,10,17,15,14,15,15,7,14,22,15,6,7,6,18,15,14,3,25,15,17,10,15,13,11,5,19,1,3,5,7,22,14,0,10,7,29,7,3,1,5,5,17,7,3,12,5,18,18,1,3,7,7,10,1,1,3,3,28,1,1,13,6,7,24,3,0,13,7,11,9,0,3,3,13,1,5,6,11,3,11,1,0,9,10,17,13,0,5,3,13,3,3,13,7,3,10,0,1,5,15,5,0,6,5,13,3,21,3,10,9,7,9,0,0,5,9,5,10,14,3,3,15,5,11,14,12,6,13,3,0,5,31,0,3,1,0,3,5,15,13,10,12,13,17,17,0,7,0,0,1,1,5,7,11,7,5,3,3,3,3,3,14,14,0,3,7,3,3,3,5,3,3,0,0,0,0,0,6,20,0,7,5,3,5,3,3,1,1,0,6,0,3,0,0,5,11,7,7,5,3,3,1,1,1,6,0,0,10,0,1,0,0,3,1,3,3,6,0,0,1,0,0,0,3
0,11,13,12,12,13,11,12,13,12,9,10,13,15,11,12,0,13,15,15,14,17,7,5,9,15,19,7,3,10,18,13,0,3,29,15,15,14,10,10,14,13,15,3,9,3,11,20,0,1,15,12,15,7,24,5,3,7,15,3,3,7,6,26,0,7,1,7,34,5,0,1,5,3,26,3,3,7,7,7,0,1,0,7,7,11,6,3,3,3,19,1,3,12,9,7,0,3,0,13,9,17,6,0,6,1,15,1,3,7,10,3,0,0,3,7,14,21,3,3,3,6,6,3,3,11,3,12,0,0,0,3,13,5,14,9,3,15,3,5,3,10,17,7,0,0,0,3,15,3,3,17,0,3,5,12,17,15,7,7,0,10,0,6,15,0,0,0,1,3,11,11,9,6,13,11,0,3,11,12,0,0,6,5,3,7,7,3,3,3,0,0,0,0,3,17,0,7,6,1,3,3,3,3,1,0,1,1,0,0,3,3,0,7,3,3,3,3,1,3,1,0,0,0,0,0,0,3,10,5,3,3,5,1,0,0,3,3,0,0,0,1,3,3,3,3,3,3,3,3,1,3,1,0,0,3
1,15,12,13,12,12,10,12,13,9,10,14,15,12,12,11,3,15,13,14,15,33,3,14,7,24,13,7,10,14,18,11,3,14,25,15,13,6,13,5,17,20,3,0,3,6,24,10,1,15,9,15,19,10,17,3,10,5,18,3,11,7,10,17,0,1,3,11,27,0,1,3,6,13,13,3,9,7,6,21,0,12,3,15,12,1,18,1,6,15,3,3,5,9,7,5,0,7,3,21,7,21,0,0,3,9,0,5,5,10,3,9,6,3,3,13,6,7,0,3,6,9,3,6,3,7,7,7,10,0,3,9,6,1,11,13,1,3,7,3,11,15,10,9,12,1,0,5,3,7,18,7,1,6,7,7,15,14,5,7,7,0,0,17,5,0,1,0,3,7,11,14,7,7,12,11,3,13,1,9,0,5,3,5,9,6,7,3,5,1,0,0,1,3,22,5,0,9,3,1,3,3,3,1,1,0,6,0,0,0,6,17,3,6,3,3,3,3,1,3,1,3,0,3,0,0,1,3,5,3,3,5,3,0,0,0,5,0,0,0,3,3,3,1,1,1,3,3,3,1,1,3,1,0,3,3
11,13,12,12,13,11,12,13,12,9,10,13,15,11,12,15,13,15,15,14,17,7,5,9,15,19,7,3,10,18,13,15,3,29,15,15,14,10,10,14,13,15,3,9,3,11,20,14,1,15,12,15,7,24,5,3,7,15,3,3,7,6,26,14,7,1,7,34,5,0,1,5,3,26,3,3,7,7,7,25,1,0,7,7,11,6,3,3,3,19,1,3,12,9,7,18,3,0,13,9,17,6,0,6,1,15,1,3,7,10,3,10,0,3,7,14,21,3,3,3,6,6,3,3,11,3,12,10,0,0,3,13,5,14,9,3,15,3,5,3,10,17,7,13,0,0,3,15,3,3,17,0,3,5,12,17,15,7,7,14,10,0,6,15,0,0,0,1,3,11,11,9,6,13,11,13,3,11,12,0,0,6,5,3,7,7,3,3,3,0,0,1,0,3,17,0,7,6,1,3,3,3,3,1,0,1,1,0,0,3,3,0,7,3,3,3,3,1,3,1,0,0,0,7,0,0,3,10,5,3,3,5,1,0,0,3,3,0,0,10,1,3,3,3,3,3,3,3,3,1,3,1,0,0,3,1
0,0,0,0,0,0,0,0,0,0,0,0,0,0,0,0,0,3,3,3,3,3,1,6,6,3,0,0,1,1,0,0,0,1,0,3,3,3,0,5,0,5,0,0,0,0,1,0,0,0,14,3,3,1,11,13,1,0,0,0,0,0,0,0,0,0,0,3,3,1,5,0,0,0,0,3,0,0,0,0,0,0,0,9,5,3,0,1,0,0,0,0,0,0,0,0,0,0,7,14,0,19,18,5,0,0,0,6,0,0,0,0,0,1,0,17,0,0,3,10,6,0,0,13,0,0,0,0,0,0,14,0,7,0,0,19,6,0,0,10,0,0,0,0,0,6,11,0,5,0,12,6,0,0,6,0,0,0,0,0,0,15,9,1,0,0,0,6,0,0,0,0,0,0,0,3,0,14,12,7,0,3,0,0,15,1,0,0,0,0,5,3,0,0,22,12,0,22,17,0,0,0,0,0,0,0,0,0,0,0,0,18,10,21,0,0,0,0,0,0,0,0,0,0,0,0,0,0,29,1,0,0,0,0,0,0,0,0,0,0,0,0,0,0,6,1,0,0,0,0,0,0,0,0,0,0
0,0,0,0,0,0,0,0,0,0,0,0,0,0,0,0,14,1,3,1,3,0,5,5,5,0,0,3,1,0,0,0,14,0,3,3,3,7,0,3,0,9,0,0,0,0,0,0,11,3,10,3,3,0,23,1,0,0,0,0,0,0,0,0,0,0,0,5,6,3,0,0,0,0,7,0,0,0,0,3,0,0,7,0,7,0,0,1,0,0,0,0,0,0,0,0,0,3,15,3,0,24,15,0,0,0,0,7,0,0,0,0,1,0,17,13,1,18,0,19,0,0,10,6,0,0,0,0,3,0,3,1,0,0,18,9,3,0,6,3,0,0,0,0,7,3,12,0,7,0,15,3,0,0,3,0,0,0,0,0,11,7,11,0,0,0,0,0,0,0,0,0,0,0,0,3,5,14,7,5,0,0,0,1,10,0,0,0,0,0,7,3,0,22,9,3,9,33,1,0,0,0,0,0,0,0,0,0,0,0,14,7,27,0,0,0,0,0,0,0,0,0,0,0,0,0,0,18,17,0,0,0,0,0,0,0,0,0,0,1,0,0,1,0,3,0,0,0,0,0,0,0,0,0,0,0
0,0,0,0,0,0,0,0,0,0,0,0,0,0,0,0,3,3,3,3,3,1,6,6,3,0,0,1,1,0,0,0,1,0,3,3,3,0,5,0,5,0,0,0,0,1,0,0,0,14,3,3,1,11,13,1,0,0,0,0,0,0,0,0,0,0,3,3,1,5,0,0,0,0,3,0,0,0,0,0,0,0,9,5,3,0,1,0,0,0,0,0,0,0,0,0,0,7,14,0,19,18,5,0,0,0,6,0,0,0,0,0,1,0,17,0,0,3,10,6,0,0,13,0,0,0,0,0,0,14,0,7,0,0,19,6,0,0,10,0,0,0,0,0,6,11,0,5,0,12,6,0,0,6,0,0,0,0,0,0,15,9,1,0,0,0,6,0,0,0,0,0,0,0,3,0,14,12,7,0,3,0,0,15,1,0,0,0,0,5,3,0,0,22,12,0,22,17,0,0,0,0,0,0,0,0,0,0,0,0,18,10,21,0,0,0,0,0,0,0,0,0,0,0,0,0,0,29,1,0,0,0,0,0,0,0,0,0,0,3,0,0,0,6,1,0,0,0,0,0,0,0,0,0,0,0
0,0,0,0,0,0,0,0,0,0,0,0,0,0,0,0,0,1,1,3,3,3,1,6,6,0,5,0,0,1,3,0,0,0,6,5,3,0,0,7,3,6,0,0,0,0,0,0,0,0,5,5,3,1,5,0,0,0,0,0,0,0,0,0,0,0,0,3,7,1,0,0,0,0,0,6,0,0,0,0,0,3,3,11,0,26,14,1,0,0,1,0,0,0,0,0,0,3,0,22,0,0,15,9,0,0,0,11,0,0,0,0,0,0,9,5,5,0,6,12,6,1,0,10,0,0,0,0,0,1,11,0,9,0,12,22,0,0,0,12,0,0,0,0,0,11,9,0,0,5,0,0,0,0,0,0,0,0,0,0,0,15,11,1,0,0,0,0,6,0,0,0,0,0,3,7,0,10,18,7,0,9,5,10,21,12,0,0,0,0,0,0,0,0,12,22,5,30,0,0,0,0,0,0,0,0,0,0,0,0,0,7,20,1,0,0,0,0,0,0,0,0,0,0,0,0,0,0,27,0,0,0,0,0,0,0,0,1,0,1,0,0,0,0,0,0,0,0,0,0,0,0,0,0,0,0
3,0,0,0,0,0,0,0,0,0,0,0,0,0,0,0,14,0,3,3,3,3,1,7,5,0,1,0,1,5,0,0,13,3,5,3,3,0,15,0,9,0,0,0,0,0,3,0,7,3,5,3,1,0,9,0,0,0,0,0,0,0,0,3,0,0,0,3,10,0,0,0,0,0,3,0,0,0,0,0,0,0,14,1,1,26,7,0,0,0,0,0,0,0,0,0,0,0,17,9,0,24,7,3,0,0,7,6,0,0,0,0,3,0,9,9,0,9,0,21,0,0,13,0,0,0,0,0,6,1,5,0,0,0,33,7,0,0,7,0,0,0,0,0,9,7,12,0,10,0,0,0,0,1,0,0,0,0,0,1,12,9,7,0,0,0,0,0,3,0,0,0,0,0,9,5,0,24,11,0,6,6,3,18,20,1,0,0,0,0,0,0,0,0,18,10,15,14,0,0,0,0,0,0,0,0,0,0,0,0,0,17,25,0,0,0,0,0,0,0,0,0,0,0,0,0,0,0,15,0,0,0,0,0,0,0,0,0,0,0,0,0,0,0,0,0,0,0,0,0,0,0,0,0,0,0
0,0,0,0,0,0,0,0,0,0,0,0,0,0,0,0,1,1,3,3,3,1,6,6,0,5,0,0,1,3,0,0,0,6,5,3,0,0,7,3,6,0,0,0,0,0,0,0,0,5,5,3,1,5,0,0,0,0,0,0,0,0,0,0,0,0,3,7,1,0,0,0,0,0,6,0,0,0,0,0,3,3,11,0,26,14,1,0,0,1,0,0,0,0,0,0,3,0,22,0,0,15,9,0,0,0,11,0,0,0,0,0,0,9,5,5,0,6,12,6,1,0,10,0,0,0,0,0,1,11,0,9,0,12,22,0,0,0,12,0,0,0,0,0,11,9,0,0,5,0,0,0,0,0,0,0,0,0,0,0,15,11,1,0,0,0,0,6,0,0,0,0,0,3,7,5,10,18,7,0,9,5,10,21,12,0,0,0,0,0,0,0,0,12,22,5,30,0,0,0,0,0,0,0,0,0,0,0,0,0,7,20,1,0,0,0,0,0,0,0,0,0,0,3,0,0,0,27,0,0,0,0,0,0,0,0,1,0,1,0,0,0,0,0,0,0,0,0,0,0,0,0,0,0,0,0
0,3,3,3,3,3,1,6,6,3,0,0,1,1,0,0,0,1,0,3,3,3,0,5,0,5,0,0,0,0,1,0,0,0,14,3,3,1,11,13,1,0,0,0,0,0,0,0,0,0,0,3,3,1,5,0,0,0,0,3,0,0,0,0,0,0,0,9,5,3,0,1,0,0,0,0,0,0,0,0,0,0,7,14,0,19,18,5,0,0,0,6,0,0,0,0,0,1,0,17,0,0,3,10,6,0,0,13,0,0,0,0,0,0,14,0,7,0,0,19,6,0,0,10,0,0,0,0,0,6,11,0,5,0,12,6,0,0,6,0,0,0,0,0,0,15,9,1,0,0,0,6,0,0,0,0,0,0,0,3,0,14,12,7,0,3,0,0,15,1,0,0,0,0,5,3,0,0,22,12,0,22,17,0,0,0,0,0,0,0,0,0,0,0,0,18,10,21,0,0,0,0,0,0,0,0,0,0,0,0,0,0,29,1,0,0,0,0,0,0,0,0,0,0,0,0,0,0,6,1,0,0,0,0,0,0,0,0,0,0,0,0,0,0,0,0,0,0,0,0,0,0,0,0,0,0
14,1,3,1,3,0,5,5,5,0,0,3,1,0,0,0,14,0,3,3,3,7,0,3,0,9,0,0,0,0,0,0,11,3,10,3,3,0,23,1,0,0,0,0,0,0,0,0,0,0,0,5,6,3,0,0,0,0,7,0,0,0,0,3,0,0,7,0,7,0,0,1,0,0,0,0,0,0,0,0,0,3,15,3,0,24,15,0,0,0,0,7,0,0,0,0,1,0,17,13,1,18,0,19,0,0,10,6,0,0,0,0,3,0,3,1,0,0,18,9,3,0,6,3,0,0,0,0,7,3,12,0,7,0,15,3,0,0,3,0,0,0,0,0,11,7,11,0,0,0,0,0,0,0,0,0,0,0,0,3,5,14,7,5,0,0,0,1,10,0,0,0,0,0,7,3,0,22,9,3,9,33,1,0,0,0,0,0,0,0,0,0,0,0,14,7,27,0,0,0,0,0,0,0,0,0,0,0,0,0,0,18,17,0,0,0,0,0,0,0,0,0,0,1,0,0,1,0,3,0,0,0,0,0,0,0,0,0,0,0,0,0,0,0,0,0,0,0,0,0,0,0,0,0,0,0
3,3,3,3,3,1,6,6,3,0,0,1,1,0,0,0,1,0,3,3,3,0,5,0,5,0,0,0,0,1,0,0,0,14,3,3,1,11,13,1,0,0,0,0,0,0,0,0,0,0,3,3,1,5,0,0,0,0,3,0,0,0,0,0,0,0,9,5,3,0,1,0,0,0,0,0,0,0,0,0,0,7,14,0,19,18,5,0,0,0,6,0,0,0,0,0,1,0,17,0,0,3,10,6,0,0,13,0,0,0,0,0,0,14,0,7,0,0,19,6,0,0,10,0,0,0,0,0,6,11,0,5,0,12,6,0,0,6,0,0,0,0,0,0,15,9,1,0,0,0,6,0,0,0,0,0,0,0,3,0,14,12,7,0,3,0,0,15,1,0,0,0,0,5,3,0,0,22,12,0,22,17,0,0,0,0,0,0,0,0,0,0,0,0,18,10,21,0,0,0,0,0,0,0,0,0,0,0,0,0,0,29,1,0,0,0,0,0,0,0,0,0,0,3,0,0,0,6,1,0,0,0,0,0,0,0,0,0,0,0,0,0,0,0,0,0,0,0,0,0,0,0,0,0,0,0
0,0,0,0,0,0,0,0,0,0,0,0,0,0,0,0,0,3,3,3,3,1,1,3,3,3,0,0,0,0,1,1,0,3,3,3,3,3,5,3,1,6,3,3,3,3,3,3,0,5,3,1,3,3,3,9,3,3,3,3,7,3,1,3,0,12,3,3,3,3,3,3,3,1,1,11,3,9,3,3,0,20,3,3,3,9,3,7,7,3,1,3,3,3,7,3,0,7,7,5,7,14,10,12,7,6,3,11,15,3,7,3,0,7,5,5,9,0,1,14,9,15,1,15,5,1,3,3,0,5,15,0,6,3,5,22,7,13,3,11,6,0,1,5,0,11,3,7,3,3,3,1,3,3,0,1,18,3,3,3,0,15,1,19,0,11,5,3,3,1,15,19,3,3,3,0,0,1,0,15,6,15,3,3,21,24,5,5,5,3,3,3,0,1,9,14,9,22,23,0,0,7,5,6,3,3,3,5,0,3,1,3,5,37,3,6,3,5,3,3,3,5,7,3,0,12,1,5,41,15,3,3,3,5,3,3,7,7,1,7,0,12,6,3,14,3,3,10,9,3,3,3,3,3,3,13
0,0,0,0,0,0,0,0,0,0,0,0,0,0,0,0,3,3,1,3,1,1,3,3,3,0,1,1,0,0,1,0,3,3,3,3,3,3,1,3,3,7,3,3,3,3,3,3,3,5,3,3,3,3,23,3,3,3,3,6,3,3,3,1,3,3,3,3,3,1,3,9,3,3,9,3,7,6,3,3,9,5,1,3,0,6,3,13,3,3,1,12,3,3,3,1,11,3,15,3,3,26,5,5,3,3,3,15,3,6,7,3,14,3,14,1,3,6,3,25,3,6,7,12,3,1,3,3,9,0,17,3,1,3,24,7,13,5,7,5,1,1,6,3,0,0,24,1,10,1,7,0,0,1,1,14,5,1,3,3,1,3,14,1,3,19,3,3,7,3,15,12,3,3,0,0,3,6,7,3,9,5,3,7,29,11,3,5,3,3,7,1,1,15,14,7,10,38,3,1,6,5,6,3,3,3,5,1,15,1,10,5,34,15,5,6,3,5,3,3,3,7,7,1,15,6,6,3,33,3,5,3,5,3,3,3,10,3,1,10,17,5,6,0,20,5,7,11,3,3,3,5,3,3,13,3
0,0,0,0,0,0,0,0,0,0,0,0,0,0,0,0,3,3,3,3,1,1,3,3,3,0,0,0,0,1,1,0,3,3,3,3,3,5,3,1,6,3,3,3,3,3,3,1,5,3,1,3,3,3,9,3,3,3,3,7,3,1,3,1,12,3,3,3,3,3,3,3,1,1,11,3,9,3,3,0,20,3,3,3,9,3,7,7,3,1,3,3,3,7,3,1,7,7,5,7,14,10,12,7,6,3,11,15,3,7,3,1,7,5,5,9,0,1,14,9,15,1,15,5,1,3,3,1,5,15,0,6,3,5,22,7,13,3,11,6,0,1,5,1,11,3,7,3,3,3,1,3,3,0,1,18,3,3,3,1,15,1,19,0,11,5,3,3,1,15,19,3,3,3,0,0,1,0,15,6,15,3,3,21,24,5,5,5,3,3,3,0,1,9,14,9,22,23,0,0,7,5,6,3,3,3,5,0,3,1,3,5,37,3,6,3,5,3,3,3,5,7,3,0,12,1,5,41,15,3,3,3,5,3,3,7,7,1,7,5,12,6,3,14,3,3,10,9,3,3,3,3,3,3,13,0
0,1,3,3,3,3,3,3,3,3,1,0,1,1,3,1,0,3,3,3,3,3,3,3,3,1,3,3,3,3,3,3,0,3,3,3,3,3,9,7,7,5,3,3,3,3,3,3,0,3,1,3,3,3,3,5,5,1,1,1,5,12,1,3,0,14,3,3,1,3,1,3,3,5,1,12,3,6,3,3,0,15,3,3,3,23,7,10,7,6,1,1,11,3,5,3,0,7,3,11,3,0,1,12,3,14,3,15,13,3,5,3,0,5,17,1,7,0,3,3,13,13,1,17,12,1,3,3,0,6,10,0,10,3,1,26,3,3,1,19,12,3,1,3,0,15,3,15,0,5,0,0,3,3,13,0,12,3,3,3,0,10,0,22,0,0,5,3,7,1,1,14,5,3,1,3,0,1,0,15,9,37,17,7,19,21,14,3,5,3,5,7,0,0,3,7,5,38,12,3,3,3,3,3,3,3,1,3,0,12,3,3,20,20,3,5,5,3,3,3,5,7,3,3,0,9,5,6,37,11,6,7,3,3,3,7,5,3,3,12,0,15,5,7,3,7,3,3,9,7,6,7,3,3,14,18
1,3,3,3,3,3,3,3,3,3,0,0,0,1,3,1,3,3,3,3,3,3,3,3,3,1,3,1,3,3,3,3,1,3,1,3,3,3,21,3,7,3,3,6,3,3,3,3,3,3,3,3,3,3,6,7,3,3,0,5,3,6,3,3,3,5,3,3,3,3,3,12,3,3,1,5,3,3,3,3,3,3,10,3,3,26,3,7,5,3,3,12,3,3,6,1,13,3,15,3,3,11,1,11,6,5,3,17,3,3,5,3,12,3,15,3,3,1,0,20,7,5,11,13,6,1,6,3,3,0,21,3,1,3,31,6,3,3,6,17,5,1,1,1,0,0,20,0,15,3,0,3,0,5,0,13,3,1,3,1,3,3,11,3,0,3,1,0,19,1,11,5,3,3,3,1,1,15,9,5,3,28,7,15,22,17,5,3,5,3,7,6,5,0,11,7,22,35,3,3,3,3,3,3,3,3,3,0,17,3,5,3,38,3,3,6,3,3,3,5,5,6,3,3,15,6,3,0,31,10,6,5,3,3,5,5,7,3,3,5,17,5,7,3,10,5,3,7,7,6,7,6,3,5,17,5
1,3,3,3,3,3,3,3,3,1,0,1,1,3,1,1,3,3,3,3,3,3,3,3,1,3,3,3,3,3,3,1,3,3,3,3,3,9,7,7,5,3,3,3,3,3,3,1,3,1,3,3,3,3,5,5,1,1,1,5,12,1,3,1,14,3,3,1,3,1,3,3,5,1,12,3,6,3,3,1,15,3,3,3,23,7,10,7,6,1,1,11,3,5,3,1,7,3,11,3,0,1,12,3,14,3,15,13,3,5,3,0,5,17,1,7,0,3,3,13,13,1,17,12,1,3,3,1,6,10,0,10,3,1,26,3,3,1,19,12,3,1,3,1,15,3,15,0,5,0,0,3,3,13,0,12,3,3,3,1,10,0,22,0,0,5,3,7,1,1,14,5,3,1,3,1,1,0,15,9,37,17,7,19,21,14,3,5,3,5,7,0,0,3,7,5,38,12,3,3,3,3,3,3,3,1,3,0,12,3,3,20,20,3,5,5,3,3,3,5,7,3,3,7,9,5,6,37,11,6,7,3,3,3,7,5,3,3,12,0,15,5,7,3,7,3,3,9,7,6,7,3,3,14,18,0
0,3,3,3,3,1,1,3,3,3,0,0,0,0,1,1,0,3,3,3,3,3,5,3,1,6,3,3,3,3,3,3,0,5,3,1,3,3,3,9,3,3,3,3,7,3,1,3,0,12,3,3,3,3,3,3,3,1,1,11,3,9,3,3,0,20,3,3,3,9,3,7,7,3,1,3,3,3,7,3,0,7,7,5,7,14,10,12,7,6,3,11,15,3,7,3,0,7,5,5,9,0,1,14,9,15,1,15,5,1,3,3,0,5,15,0,6,3,5,22,7,13,3,11,6,0,1,5,0,11,3,7,3,3,3,1,3,3,0,1,18,3,3,3,0,15,1,19,0,11,5,3,3,1,15,19,3,3,3,0,0,1,0,15,6,15,3,3,21,24,5,5,5,3,3,3,0,1,9,14,9,22,23,0,0,7,5,6,3,3,3,5,0,3,1,3,5,37,3,6,3,5,3,3,3,5,7,3,0,12,1,5,41,15,3,3,3,5,3,3,7,7,1,7,0,12,6,3,14,3,3,10,9,3,3,3,3,3,3,13,0,7,3,3,3,3,3,3,1,1,1,3,3,1,14,3
3,3,1,3,1,1,3,3,3,0,1,1,0,0,1,0,3,3,3,3,3,3,1,3,3,7,3,3,3,3,3,3,3,5,3,3,3,3,23,3,3,3,3,6,3,3,3,1,3,3,3,3,3,1,3,9,3,3,9,3,7,6,3,3,9,5,1,3,0,6,3,13,3,3,1,12,3,3,3,1,11,3,15,3,3,26,5,5,3,3,3,15,3,6,7,3,14,3,14,1,3,6,3,25,3,6,7,12,3,1,3,3,9,0,17,3,1,3,24,7,13,5,7,5,1,1,6,3,0,0,24,1,10,1,7,0,0,1,1,14,5,1,3,3,1,3,14,1,3,19,3,3,7,3,15,12,3,3,0,0,3,6,7,3,9,5,3,7,29,11,3,5,3,3,7,1,1,15,14,7,10,38,3,1,6,5,6,3,3,3,5,1,15,1,10,5,34,15,5,6,3,5,3,3,3,7,7,1,15,6,6,3,33,3,5,3,5,3,3,3,10,3,1,10,17,5,6,0,20,5,7,11,3,3,3,5,3,3,13,3,7,3,3,3,3,3,3,1,1,1,6,3,1,6,14,3
3,3,3,3,1,1,3,3,3,0,0,0,0,1,1,0,3,3,3,3,3,5,3,1,6,3,3,3,3,3,3,1,5,3,1,3,3,3,9,3,3,3,3,7,3,1,3,1,12,3,3,3,3,3,3,3,1,1,11,3,9,3,3,0,20,3,3,3,9,3,7,7,3,1,3,3,3,7,3,1,7,7,5,7,14,10,12,7,6,3,11,15,3,7,3,1,7,5,5,9,0,1,14,9,15,1,15,5,1,3,3,1,5,15,0,6,3,5,22,7,13,3,11,6,0,1,5,1,11,3,7,3,3,3,1,3,3,0,1,18,3,3,3,1,15,1,19,0,11,5,3,3,1,15,19,3,3,3,0,0,1,0,15,6,15,3,3,21,24,5,5,5,3,3,3,0,1,9,14,9,22,23,0,0,7,5,6,3,3,3,5,0,3,1,3,5,37,3,6,3,5,3,3,3,5,7,3,0,12,1,5,41,15,3,3,3,5,3,3,7,7,1,7,5,12,6,3,14,3,3,10,9,3,3,3,3,3,3,13,0,7,3,3,3,3,3,3,1,1,1,3,3,1,14,3,0
0,0,0,0,0,0,0,0,0,0,0,0,0,0,0,0,0,7,7,9,7,9,5,7,7,6,1,1,3,5,7,7,0,9,9,10,10,10,9,13,3,5,3,0,3,3,3,7,0,3,5,10,9,7,3,1,3,3,0,0,3,1,6,5,0,0,7,9,7,3,1,0,1,1,1,0,0,1,3,5,0,0,7,15,11,7,15,0,0,3,7,1,3,0,3,6,0,0,0,14,3,0,0,0,3,1,7,3,0,1,1,5,0,6,0,0,6,0,1,0,6,1,0,1,1,1,0,3,0,3,0,14,1,1,0,3,1,1,3,0,0,3,1,7,0,0,0,3,0,3,3,1,0,1,3,0,5,6,7,13,0,0,3,0,0,0,5,3,0,6,1,5,5,3,7,1,0,0,3,0,1,11,9,1,0,0,3,3,3,3,1,1,0,0,0,0,3,0,1,1,3,3,1,3,0,1,1,1,0,0,1,0,0,5,3,3,3,3,1,1,0,0,0,0,0,0,3,0,0,1,1,1,1,3,1,0,1,1,0,0,0,0,1,1,3,1,3,1,1,0,0,1,1,0,0,0
0,0,0,0,0,0,0,0,0,0,0,0,0,0,0,0,13,7,9,7,7,6,7,7,7,3,1,3,3,6,7,5,15,7,11,9,11,14,15,6,3,5,1,1,3,3,6,6,10,5,5,9,10,5,3,1,5,3,0,1,1,3,6,7,3,7,6,10,7,1,1,0,0,3,1,0,1,3,5,5,0,12,11,7,5,12,3,0,0,3,0,0,3,1,3,3,0,0,7,7,0,0,3,6,0,9,1,1,1,1,3,5,0,1,5,1,3,3,3,1,0,7,0,1,1,3,1,7,0,3,3,1,5,1,0,3,1,7,0,1,3,3,3,10,0,3,0,3,1,0,3,3,0,5,3,1,6,6,13,10,0,0,0,5,0,3,0,3,1,0,3,5,3,10,3,3,0,0,0,3,3,15,6,0,0,0,3,3,1,3,1,3,0,0,0,6,0,3,0,1,3,3,3,1,1,1,3,3,0,1,0,0,3,5,3,3,3,3,1,1,0,0,1,0,0,1,0,0,1,1,0,1,3,1,0,0,1,1,0,3,0,1,1,5,3,3,3,1,1,0,0,3,1,0,0,3
0,0,0,0,0,0,0,0,0,0,0,0,0,0,0,0,7,7,9,7,9,5,7,7,6,1,1,3,5,7,7,6,9,9,10,10,10,9,13,3,5,3,0,3,3,3,7,7,3,5,10,9,7,3,1,3,3,0,0,3,1,6,5,7,0,7,9,7,3,1,0,1,1,1,0,0,1,3,5,7,0,7,15,11,7,15,0,0,3,7,1,3,0,3,6,5,0,0,14,3,0,0,0,3,1,7,3,0,1,1,5,7,6,0,0,6,0,1,0,6,1,0,1,1,1,0,3,14,3,0,14,1,1,0,3,1,1,3,0,0,3,1,7,11,0,0,3,0,3,3,1,0,1,3,0,5,6,7,13,7,0,3,0,0,0,5,3,0,6,1,5,5,3,7,1,3,0,3,0,1,11,9,1,0,0,3,3,3,3,1,1,5,0,0,0,3,0,1,1,3,3,1,3,0,1,1,1,3,0,1,0,0,5,3,3,3,3,1,1,0,0,0,0,1,0,3,0,0,1,1,1,1,3,1,0,1,1,0,0,3,0,1,1,3,1,3,1,1,0,0,1,1,0,0,0,3
0,3,3,3,3,3,3,3,5,3,0,0,1,3,1,0,0,9,9,10,10,10,7,10,10,5,5,3,3,3,6,7,0,5,6,10,9,7,3,7,3,7,1,3,5,1,5,6,0,3,3,9,9,7,1,0,1,3,3,1,0,1,5,5,0,0,10,14,10,7,7,1,0,3,3,0,1,1,1,5,0,0,6,15,5,0,7,0,0,3,10,6,1,1,1,5,0,1,0,7,5,0,3,1,7,1,1,0,0,1,0,3,0,7,0,6,3,0,3,0,3,3,0,1,0,3,3,5,0,1,0,11,0,3,0,3,0,1,0,0,0,5,3,7,0,0,1,0,0,0,3,5,0,3,3,1,5,3,11,12,0,0,3,0,6,5,3,6,0,7,3,5,3,3,3,3,0,0,1,0,3,0,0,0,0,1,3,1,1,1,0,0,0,0,0,0,0,3,3,1,3,3,1,1,1,0,0,0,0,0,3,0,0,3,1,0,1,1,1,0,0,1,1,0,0,0,3,0,1,1,1,1,3,3,0,0,1,1,0,0,0,0,0,0,1,0,1,1,0,0,0,0,0,0,0,0
3,3,3,3,3,3,3,5,3,1,0,0,1,1,1,1,14,9,12,10,11,9,10,7,9,5,3,3,3,3,7,5,14,5,9,7,10,10,9,3,5,5,1,3,3,3,5,7,6,5,3,10,9,1,3,0,1,5,0,0,0,3,5,7,1,13,14,9,11,9,3,0,1,5,1,1,1,1,5,5,0,0,7,7,0,0,1,3,0,5,3,0,3,1,3,3,0,0,6,6,3,0,3,6,0,12,0,1,1,3,1,6,0,3,5,0,6,7,6,1,0,5,0,0,3,5,1,7,0,3,0,3,1,0,3,1,0,3,0,0,3,5,3,9,0,3,0,7,0,3,0,7,3,0,1,5,5,10,13,9,0,0,0,0,1,0,7,6,1,1,5,5,3,3,1,3,0,0,0,7,1,0,0,0,1,3,1,3,3,0,0,3,0,1,0,0,0,3,0,3,3,1,1,1,0,0,0,3,0,0,1,0,3,3,1,1,1,1,0,0,0,0,0,1,0,0,0,1,1,1,1,1,3,1,0,1,1,0,0,5,0,0,1,1,3,1,1,1,0,0,0,0,0,0,0,0
3,3,3,3,3,3,3,5,3,0,0,1,3,1,0,3,9,9,10,10,10,7,10,10,5,5,3,3,3,6,7,7,5,6,10,9,7,3,7,3,7,1,3,5,1,5,6,7,3,3,9,9,7,1,0,1,3,3,1,0,1,5,5,7,0,10,14,10,7,7,1,0,3,3,0,1,1,1,5,7,0,6,15,5,0,7,0,0,3,10,6,1,1,1,5,5,1,0,7,5,0,3,1,7,1,1,0,0,1,0,3,13,7,0,6,3,0,3,0,3,3,0,1,0,3,3,5,11,1,0,11,0,3,0,3,0,1,0,0,0,5,3,7,7,0,1,0,0,0,3,5,0,3,3,1,5,3,11,12,7,0,3,0,6,5,3,6,0,7,3,5,3,3,3,3,5,0,1,0,3,0,0,0,0,1,3,1,1,1,0,0,3,0,0,0,0,3,3,1,3,3,1,1,1,0,0,0,1,0,3,0,0,3,1,0,1,1,1,0,0,1,1,0,1,0,3,0,1,1,1,1,3,3,0,0,1,1,0,0,3,0,0,0,1,0,1,1,0,0,0,0,0,0,0,0,1
0,7,7,9,7,9,5,7,7,6,1,1,3,5,7,7,0,9,9,10,10,10,9,13,3,5,3,0,3,3,3,7,0,3,5,10,9,7,3,1,3,3,0,0,3,1,6,5,0,0,7,9,7,3,1,0,1,1,1,0,0,1,3,5,0,0,7,15,11,7,15,0,0,3,7,1,3,0,3,6,0,0,0,14,3,0,0,0,3,1,7,3,0,1,1,5,0,6,0,0,6,0,1,0,6,1,0,1,1,1,0,3,0,3,0,14,1,1,0,3,1,1,3,0,0,3,1,7,0,0,0,3,0,3,3,1,0,1,3,0,5,6,7,13,0,0,3,0,0,0,5,3,0,6,1,5,5,3,7,1,0,0,3,0,1,11,9,1,0,0,3,3,3,3,1,1,0,0,0,0,3,0,1,1,3,3,1,3,0,1,1,1,0,0,1,0,0,5,3,3,3,3,1,1,0,0,0,0,0,0,3,0,0,1,1,1,1,3,1,0,1,1,0,0,0,0,1,1,3,1,3,1,1,0,0,1,1,0,0,0,0,3,6,7,7,6,7,7,6,3,3,5,7,3,0,5
13,7,9,7,7,6,7,7,7,3,1,3,3,6,7,5,15,7,11,9,11,14,15,6,3,5,1,1,3,3,6,6,10,5,5,9,10,5,3,1,5,3,0,1,1,3,6,7,3,7,6,10,7,1,1,0,0,3,1,0,1,3,5,5,0,12,11,7,5,12,3,0,0,3,0,0,3,1,3,3,0,0,7,7,0,0,3,6,0,9,1,1,1,1,3,5,0,1,5,1,3,3,3,1,0,7,0,1,1,3,1,7,0,3,3,1,5,1,0,3,1,7,0,1,3,3,3,10,0,3,0,3,1,0,3,3,0,5,3,1,6,6,13,10,0,0,0,5,0,3,0,3,1,0,3,5,3,10,3,3,0,0,0,3,3,15,6,0,0,0,3,3,1,3,1,3,0,0,0,6,0,3,0,1,3,3,3,1,1,1,3,3,0,1,0,0,3,5,3,3,3,3,1,1,0,0,1,0,0,1,0,0,1,1,0,1,3,1,0,0,1,1,0,3,0,1,1,5,3,3,3,1,1,0,0,3,1,0,0,3,0,5,7,7,6,7,7,7,3,3,3,6,5,0,1,7
7,7,9,7,9,5,7,7,6,1,1,3,5,7,7,6,9,9,10,10,10,9,13,3,5,3,0,3,3,3,7,7,3,5,10,9,7,3,1,3,3,0,0,3,1,6,5,7,0,7,9,7,3,1,0,1,1,1,0,0,1,3,5,7,0,7,15,11,7,15,0,0,3,7,1,3,0,3,6,5,0,0,14,3,0,0,0,3,1,7,3,0,1,1,5,7,6,0,0,6,0,1,0,6,1,0,1,1,1,0,3,14,3,0,14,1,1,0,3,1,1,3,0,0,3,1,7,11,0,0,3,0,3,3,1,0,1,3,0,5,6,7,13,7,0,3,0,0,0,5,3,0,6,1,5,5,3,7,1,3,0,3,0,1,11,9,1,0,0,3,3,3,3,1,1,5,0,0,0,3,0,1,1,3,3,1,3,0,1,1,1,3,0,1,0,0,5,3,3,3,3,1,1,0,0,0,0,1,0,3,0,0,1,1,1,1,3,1,0,1,1,0,0,3,0,1,1,3,1,3,1,1,0,0,1,1,0,0,0,3,3,6,7,7,6,7,7,6,3,3,5,7,3,0,5,13
0,0,0,0,0,0,0,0,0,0,0,0,0,0,0,0,0,0,1,1,1,3,3,1,0,1,1,3,1,3,1,3,0,0,3,3,3,3,0,1,3,11,14,15,14,9,7,7,0,0,3,6,3,5,3,10,14,20,9,5,14,20,14,7,0,20,7,5,5,1,7,5,15,18,5,10,7,20,24,10,0,18,3,3,1,5,7,3,13,18,11,1,14,15,27,19,0,6,3,5,3,3,5,3,12,23,3,5,15,11,21,28,0,7,3,5,9,5,3,3,10,15,3,7,14,15,12,14,0,5,6,9,7,5,0,7,6,12,3,7,12,11,7,10,0,5,7,15,3,5,3,7,5,5,7,3,19,20,9,1,0,3,7,17,5,3,13,6,1,3,3,25,31,20,3,3,0,1,7,14,3,15,12,3,3,19,31,29,31,24,17,19,0,5,3,7,3,18,24,17,19,23,27,27,27,27,23,26,0,25,7,3,9,30,26,26,28,28,29,28,25,22,25,23,0,25,30,9,7,29,24,28,27,28,27,26,23,29,24,19,0,25,30,28,17,26,24,24,28,26,25,25,28,22,18,34
0,0,0,0,0,0,0,0,0,0,0,0,0,0,0,0,0,1,1,1,3,3,0,0,1,0,3,3,3,3,3,7,0,3,3,3,3,3,1,3,5,15,15,17,14,6,7,7,3,3,7,3,3,3,3,13,19,14,5,10,15,19,9,7,9,25,5,3,3,3,1,13,15,10,3,9,13,24,17,7,0,10,3,3,0,9,6,11,15,21,3,7,14,20,30,7,1,5,1,6,5,3,3,6,14,17,3,7,12,15,27,22,1,5,5,1,6,3,0,7,3,7,3,14,15,13,14,17,1,6,15,3,6,0,5,7,7,3,3,10,12,10,10,3,3,7,12,7,12,3,3,7,7,5,3,10,23,12,6,1,1,7,7,12,1,22,7,0,15,3,13,28,25,12,1,1,0,6,9,9,5,15,7,3,9,27,30,31,30,19,18,18,3,3,6,7,11,20,20,17,21,25,26,28,27,24,24,26,21,19,3,3,15,31,25,27,27,29,28,27,23,24,25,18,15,31,19,6,27,27,25,27,27,27,27,23,26,29,19,20,17,29,30,13,26,26,23,27,27,25,25,27,25,17,25,30
0,0,0,0,0,0,0,0,0,0,0,0,0,0,0,0,0,1,1,1,3,3,1,0,1,1,3,1,3,1,3,6,0,3,3,3,3,0,1,3,11,14,15,14,9,7,7,6,0,3,6,3,5,3,10,14,20,9,5,14,20,14,7,6,20,7,5,5,1,7,5,15,18,5,10,7,20,24,10,7,18,3,3,1,5,7,3,13,18,11,1,14,15,27,19,7,6,3,5,3,3,5,3,12,23,3,5,15,11,21,28,9,7,3,5,9,5,3,3,10,15,3,7,14,15,12,14,11,5,6,9,7,5,0,7,6,12,3,7,12,11,7,10,3,5,7,15,3,5,3,7,5,5,7,3,19,20,9,1,1,3,7,17,5,3,13,6,1,3,3,25,31,20,3,3,5,1,7,14,3,15,12,3,3,19,31,29,31,24,17,19,10,5,3,7,3,18,24,17,19,23,27,27,27,27,23,26,11,25,7,3,9,30,26,26,28,28,29,28,25,22,25,23,9,25,30,9,7,29,24,28,27,28,27,26,23,29,24,19,9,25,30,28,17,26,24,24,28,26,25,25,28,22,18,34,13
0,0,0,0,0,0,0,0,0,0,0,0,1,1,1,0,0,0,3,3,3,3,1,1,1,3,10,10,9,7,6,7,0,0,3,5,3,3,0,5,10,19,13,13,19,15,10,7,0,14,3,5,3,3,3,10,18,19,3,6,7,20,21,7,0,22,3,3,3,5,3,1,13,17,5,7,10,19,27,11,0,6,3,5,3,3,9,3,15,21,5,3,14,15,23,28,0,9,1,5,10,5,3,3,9,22,3,5,15,13,17,21,0,5,3,7,9,3,1,7,6,15,3,3,15,18,9,12,0,3,7,12,3,5,3,9,7,9,3,3,17,15,11,3,0,3,7,17,5,13,7,12,7,1,14,11,25,22,5,1,0,3,7,12,7,3,14,1,3,15,10,28,31,15,3,7,0,3,7,12,3,12,18,6,3,15,30,30,27,28,23,26,0,11,3,5,7,20,29,27,28,28,29,28,28,23,25,27,0,26,19,5,10,31,25,27,28,28,28,25,25,24,25,15,0,24,31,10,9,24,24,27,28,26,26,26,26,29,22,26,0,23,25,26,25,30,27,23,23,21,19,24,24,10,15,29
0,0,0,0,0,0,0,0,0,0,1,1,1,1,1,1,0,3,3,3,3,3,0,1,3,6,11,9,7,6,6,7,0,3,6,3,3,3,3,6,15,14,13,15,18,13,9,7,9,12,5,3,3,3,5,19,20,9,3,6,12,25,12,7,7,18,3,3,3,3,3,11,12,18,3,12,13,24,21,7,0,3,1,3,1,7,7,6,15,23,1,6,14,17,31,15,1,6,3,3,6,6,1,7,9,12,3,10,14,15,20,21,1,6,12,3,7,3,3,7,7,3,1,10,17,13,10,10,3,7,15,7,7,3,3,10,7,1,1,9,18,14,10,1,1,7,9,6,7,11,7,7,10,3,11,18,28,13,1,0,0,7,7,14,6,13,5,3,15,11,19,33,23,7,7,9,1,3,9,7,6,15,11,5,12,24,31,28,29,24,24,24,17,7,5,6,13,31,27,28,28,30,27,28,25,24,26,25,17,29,7,1,22,28,26,27,28,28,27,26,25,26,22,15,15,30,29,9,26,25,25,28,27,25,26,26,27,25,22,26,14,26,24,27,27,29,26,22,22,20,23,25,18,10,25,30
0,0,0,0,0,0,0,0,0,0,0,1,1,1,0,1,0,3,3,3,3,1,1,1,3,10,10,9,7,6,7,6,0,3,5,3,3,0,5,10,19,13,13,19,15,10,7,5,14,3,5,3,3,3,10,18,19,3,6,7,20,21,7,7,22,3,3,3,5,3,1,13,17,5,7,10,19,27,11,10,6,3,5,3,3,9,3,15,21,5,3,14,15,23,28,7,9,1,5,10,5,3,3,9,22,3,5,15,13,17,21,11,5,3,7,9,3,1,7,6,15,3,3,15,18,9,12,6,3,7,12,3,5,3,9,7,9,3,3,17,15,11,3,3,3,7,17,5,13,7,12,7,1,14,11,25,22,5,1,1,3,7,12,7,3,14,1,3,15,10,28,31,15,3,7,12,3,7,12,3,12,18,6,3,15,30,30,27,28,23,26,10,11,3,5,7,20,29,27,28,28,29,28,28,23,25,27,9,26,19,5,10,31,25,27,28,28,28,25,25,24,25,15,9,24,31,10,9,24,24,27,28,26,26,26,26,29,22,26,11,23,25,26,25,30,27,23,23,21,19,24,24,10,15,29,13
0,0,1,1,1,3,3,1,0,1,1,3,1,3,1,3,0,0,3,3,3,3,0,1,3,11,14,15,14,9,7,7,0,0,3,6,3,5,3,10,14,20,9,5,14,20,14,7,0,20,7,5,5,1,7,5,15,18,5,10,7,20,24,10,0,18,3,3,1,5,7,3,13,18,11,1,14,15,27,19,0,6,3,5,3,3,5,3,12,23,3,5,15,11,21,28,0,7,3,5,9,5,3,3,10,15,3,7,14,15,12,14,0,5,6,9,7,5,0,7,6,12,3,7,12,11,7,10,0,5,7,15,3,5,3,7,5,5,7,3,19,20,9,1,0,3,7,17,5,3,13,6,1,3,3,25,31,20,3,3,0,1,7,14,3,15,12,3,3,19,31,29,31,24,17,19,0,5,3,7,3,18,24,17,19,23,27,27,27,27,23,26,0,25,7,3,9,30,26,26,28,28,29,28,25,22,25,23,0,25,30,9,7,29,24,28,27,28,27,26,23,29,24,19,0,25,30,28,17,26,24,24,28,26,25,25,28,22,18,34,0,15,17,17,20,24,22,22,17,10,7,15,13,3,10,20
0,1,1,1,3,3,0,0,1,0,3,3,3,3,3,7,0,3,3,3,3,3,1,3,5,15,15,17,14,6,7,7,3,3,7,3,3,3,3,13,19,14,5,10,15,19,9,7,9,25,5,3,3,3,1,13,15,10,3,9,13,24,17,7,0,10,3,3,0,9,6,11,15,21,3,7,14,20,30,7,1,5,1,6,5,3,3,6,14,17,3,7,12,15,27,22,1,5,5,1,6,3,0,7,3,7,3,14,15,13,14,17,1,6,15,3,6,0,5,7,7,3,3,10,12,10,10,3,3,7,12,7,12,3,3,7,7,5,3,10,23,12,6,1,1,7,7,12,1,22,7,0,15,3,13,28,25,12,1,1,0,6,9,9,5,15,7,3,9,27,30,31,30,19,18,18,3,3,6,7,11,20,20,17,21,25,26,28,27,24,24,26,21,19,3,3,15,31,25,27,27,29,28,27,23,24,25,18,15,31,19,6,27,27,25,27,27,27,27,23,26,29,19,20,17,29,30,13,26,26,23,27,27,25,25,27,25,17,25,30,9,17,15,20,21,22,22,21,13,7,13,17,6,1,20,22
0,1,1,1,3,3,1,0,1,1,3,1,3,1,3,6,0,3,3,3,3,0,1,3,11,14,15,14,9,7,7,6,0,3,6,3,5,3,10,14,20,9,5,14,20,14,7,6,20,7,5,5,1,7,5,15,18,5,10,7,20,24,10,7,18,3,3,1,5,7,3,13,18,11,1,14,15,27,19,7,6,3,5,3,3,5,3,12,23,3,5,15,11,21,28,9,7,3,5,9,5,3,3,10,15,3,7,14,15,12,14,11,5,6,9,7,5,0,7,6,12,3,7,12,11,7,10,3,5,7,15,3,5,3,7,5,5,7,3,19,20,9,1,1,3,7,17,5,3,13,6,1,3,3,25,31,20,3,3,5,1,7,14,3,15,12,3,3,19,31,29,31,24,17,19,10,5,3,7,3,18,24,17,19,23,27,27,27,27,23,26,11,25,7,3,9,30,26,26,28,28,29,28,25,22,25,23,9,25,30,9,7,29,24,28,27,28,27,26,23,29,24,19,9,25,30,28,17,26,24,24,28,26,25,25,28,22,18,34,13,15,17,17,20,24,22,22,17,10,7,15,13,3,10,20,5
