0,0,0,0,0,5,7,15,0,0,6,3,0,9,7,6
0,0,0,0,5,7,15,6,0,6,3,5,9,7,6,0
0,0,0,0,7,15,6,0,6,3,5,0,7,6,0,0
0,5,7,15,0,0,6,3,0,9,7,6,0,3,0,0
5,7,15,6,0,6,3,5,9,7,6,0,3,0,0,0
7,15,6,0,6,3,5,0,7,6,0,0,0,0,0,0
0,0,6,3,0,9,7,6,0,3,0,0,0,0,0,0
0,6,3,5,9,7,6,0,3,0,0,0,0,0,0,0
6,3,5,0,7,6,0,0,0,0,0,0,0,0,0,0
0,0,0,0,0,0,0,0,0,0,0,0,0,0,0,0
0,0,0,0,0,0,0,0,0,0,0,0,0,0,0,0
0,0,0,0,0,0,0,0,0,0,0,0,0,0,0,0
0,0,0,0,0,0,0,0,0,0,0,0,0,0,0,0
0,0,0,0,0,0,0,0,0,0,0,0,0,0,0,0
0,0,0,0,0,0,0,0,0,0,0,0,0,0,0,0
0,0,0,0,0,0,0,0,0,0,0,0,0,0,0,0
0,0,0,0,0,0,0,0,0,0,0,0,0,0,0,0
0,0,0,0,0,0,0,0,0,0,0,0,0,0,0,0
0,0,0,0,0,0,0,0,0,0,0,0,0,0,0,5
0,0,0,0,0,0,0,0,0,0,0,0,0,0,5,9
0,0,0,0,0,0,0,0,0,0,0,0,0,5,9,0
0,0,0,0,0,0,0,0,0,0,0,5,0,0,0,0
0,0,0,0,0,0,0,0,0,0,5,9,0,0,0,0
0,0,0,0,0,0,0,0,0,5,9,0,0,0,0,0
0,0,0,0,0,0,0,5,0,0,0,0,0,0,0,0
0,0,0,0,0,0,5,9,0,0,0,0,0,0,0,0
0,0,0,0,0,5,9,0,0,0,0,0,0,0,0,0
0,0,0,0,0,1,0,3,0,12,7,1,0,11,12,3
0,0,0,0,1,0,3,0,12,7,1,7,11,12,3,1
0,0,0,0,0,3,0,0,7,1,7,0,12,3,1,0
0,1,0,3,0,12,7,1,0,11,12,3,0,15,20,12
1,0,3,0,12,7,1,7,11,12,3,1,15,20,12,12
0,3,0,0,7,1,7,0,12,3,1,0,20,12,12,0
0,12,7,1,0,11,12,3,0,15,20,12,0,0,0,0
12,7,1,7,11,12,3,1,15,20,12,12,0,0,0,0
7,1,7,0,12,3,1,0,20,12,12,0,0,0,0,0
0,0,0,0,0,5,0,0,0,0,0,3,0,0,0,0
0,0,0,0,5,0,0,0,0,0,3,7,0,0,0,12
0,0,0,0,0,0,0,0,0,3,7,0,0,0,12,0
0,5,0,0,0,0,0,3,0,0,0,0,0,6,0,3
5,0,0,0,0,0,3,7,0,0,0,12,6,0,3,7
0,0,0,0,0,3,7,0,0,0,12,0,0,3,7,0
0,0,0,3,0,0,0,0,0,6,0,3,0,0,0,0
0,0,3,7,0,0,0,12,6,0,3,7,0,0,0,0
0,3,7,0,0,0,12,0,0,3,7,0,0,0,0,0
0,0,0,0,0,0,0,0,0,3,0,0,0,3,0,0
0,0,0,0,0,0,0,0,3,0,0,0,3,0,0,0
0,0,0,0,0,0,0,0,0,0,0,0,0,0,0,0
0,0,0,0,0,3,0,0,0,3,0,0,0,7,0,0
0,0,0,0,3,0,0,0,3,0,0,0,7,0,0,0
0,0,0,0,0,0,0,0,0,0,0,0,0,0,0,0
0,3,0,0,0,3,0,0,0,7,0,0,0,0,0,0
3,0,0,0,3,0,0,0,7,0,0,0,0,0,0,0
0,0,0,0,0,0,0,0,0,0,0,0,0,0,0,0
0,0,0,0,0,0,6,0,0,1,0,0,0,0,0,3
0,0,0,0,0,6,0,0,1,0,0,0,0,0,3,0
0,0,0,0,6,0,0,0,0,0,0,0,0,3,0,0
0,0,6,0,0,1,0,0,0,0,0,3,0,3,11,0
0,6,0,0,1,0,0,0,0,0,3,0,3,11,0,0
6,0,0,0,0,0,0,0,0,3,0,0,11,0,0,0
0,1,0,0,0,0,0,3,0,3,11,0,0,0,0,0
1,0,0,0,0,0,3,0,3,11,0,0,0,0,0,0
0,0,0,0,0,3,0,0,11,0,0,0,0,0,0,0
0,0,0,0,0,3,7,3,0,0,0,3,0,6,19,18
0,0,0,0,3,7,3,10,0,0,3,6,6,19,18,15
0,0,0,0,7,3,10,0,0,3,6,0,19,18,15,0
0,3,7,3,0,0,0,3,0,6,19,18,0,0,25,14
3,7,3,10,0,0,3,6,6,19,18,15,0,25,14,14
7,3,10,0,0,3,6,0,19,18,15,0,25,14,14,0
0,0,0,3,0,6,19,18,0,0,25,14,0,0,0,0
0,0,3,6,6,19,18,15,0,25,14,14,0,0,0,0
0,3,6,0,19,18,15,0,25,14,14,0,0,0,0,0
0,0,0,0,0,3,9,10,0,1,6,10,0,7,17,9
0,0,0,0,3,9,10,12,1,6,10,18,7,17,9,9
0,0,0,0,9,10,12,0,6,10,18,0,17,9,9,0
0,3,9,10,0,1,6,10,0,7,17,9,0,11,7,3
3,9,10,12,1,6,10,18,7,17,9,9,11,7,3,10
9,10,12,0,6,10,18,0,17,9,9,0,7,3,10,0
0,1,6,10,0,7,17,9,0,11,7,3,0,0,0,0
1,6,10,18,7,17,9,9,11,7,3,10,0,0,0,0
6,10,18,0,17,9,9,0,7,3,10,0,0,0,0,0
0,0,0,0,0,7,10,12,0,5,3,0,0,10,1,14
0,0,0,0,7,10,12,12,5,3,0,9,10,1,14,3
0,0,0,0,10,12,12,0,3,0,9,0,1,14,3,0
0,7,10,12,0,5,3,0,0,10,1,14,0,11,11,9
7,10,12,12,5,3,0,9,10,1,14,3,11,11,9,3
10,12,12,0,3,0,9,0,1,14,3,0,11,9,3,0
0,5,3,0,0,10,1,14,0,11,11,9,0,0,0,0
5,3,0,9,10,1,14,3,11,11,9,3,0,0,0,0
3,0,9,0,1,14,3,0,11,9,3,0,0,0,0,0
0,0,0,0,0,7,15,10,0,9,12,7,0,19,18,24
0,0,0,0,7,15,10,12,9,12,7,15,19,18,24,9
0,0,0,0,15,10,12,0,12,7,15,0,18,24,9,0
0,7,15,10,0,9,12,7,0,19,18,24,0,18,35,15
7,15,10,12,9,12,7,15,19,18,24,9,18,35,15,9
15,10,12,0,12,7,15,0,18,24,9,0,35,15,9,0
0,9,12,7,0,19,18,24,0,18,35,15,0,0,0,0
9,12,7,15,19,18,24,9,18,35,15,9,0,0,0,0
12,7,15,0,18,24,9,0,35,15,9,0,0,0,0,0
0,0,0,0,0,0,0,0,0,0,1,0,0,0,0,10
0,0,0,0,0,0,0,5,0,1,0,6,0,0,10,6
0,0,0,0,0,0,5,0,1,0,6,0,0,10,6,0
0,0,0,0,0,0,1,0,0,0,0,10,0,0,3,6
0,0,0,5,0,1,0,6,0,0,10,6,0,3,6,15
0,0,5,0,1,0,6,0,0,10,6,0,3,6,15,0
0,0,1,0,0,0,0,10,0,0,3,6,0,0,0,0
0,1,0,6,0,0,10,6,0,3,6,15,0,0,0,0
1,0,6,0,0,10,6,0,3,6,15,0,0,0,0,0
0,0,0,0,0,7,0,0,0,14,6,0,0,17,0,3
0,0,0,0,7,0,0,0,14,6,0,12,17,0,3,0
0,0,0,0,0,0,0,0,6,0,12,0,0,3,0,0
0,7,0,0,0,14,6,0,0,17,0,3,0,12,7,6
7,0,0,0,14,6,0,12,17,0,3,0,12,7,6,14
0,0,0,0,6,0,12,0,0,3,0,0,7,6,14,0
0,14,6,0,0,17,0,3,0,12,7,6,0,0,0,0
14,6,0,12,17,0,3,0,12,7,6,14,0,0,0,0
6,0,12,0,0,3,0,0,7,6,14,0,0,0,0,0
0,0,0,0,0,0,3,6,0,0,3,0,0,0,1,9
0,0,0,0,0,3,6,5,0,3,0,3,0,1,9,3
0,0,0,0,3,6,5,0,3,0,3,0,1,9,3,0
0,0,3,6,0,0,3,0,0,0,1,9,0,0,0,5
0,3,6,5,0,3,0,3,0,1,9,3,0,0,5,0
3,6,5,0,3,0,3,0,1,9,3,0,0,5,0,0
0,0,3,0,0,0,1,9,0,0,0,5,0,0,0,0
0,3,0,3,0,1,9,3,0,0,5,0,0,0,0,0
3,0,3,0,1,9,3,0,0,5,0,0,0,0,0,0
0,0,0,0,0,1,3,7,0,3,5,0,0,0,3,0
0,0,0,0,1,3,7,3,3,5,0,3,0,3,0,1
0,0,0,0,3,7,3,0,5,0,3,0,3,0,1,0
0,1,3,7,0,3,5,0,0,0,3,0,0,1,0,7
1,3,7,3,3,5,0,3,0,3,0,1,1,0,7,0
3,7,3,0,5,0,3,0,3,0,1,0,0,7,0,0
0,3,5,0,0,0,3,0,0,1,0,7,0,0,0,0
3,5,0,3,0,3,0,1,1,0,7,0,0,0,0,0
5,0,3,0,3,0,1,0,0,7,0,0,0,0,0,0
0,0,0,0,0,0,0,0,0,0,6,15,0,0,14,11
0,0,0,0,0,0,0,0,0,6,15,1,0,14,11,0
0,0,0,0,0,0,0,0,6,15,1,0,14,11,0,0
0,0,0,0,0,0,6,15,0,0,14,11,0,0,1,11
0,0,0,0,0,6,15,1,0,14,11,0,0,1,11,5
0,0,0,0,6,15,1,0,14,11,0,0,1,11,5,0
0,0,6,15,0,0,14,11,0,0,1,11,0,0,0,0
0,6,15,1,0,14,11,0,0,1,11,5,0,0,0,0
6,15,1,0,14,11,0,0,1,11,5,0,0,0,0,0
0,0,0,0,0,1,5,5,0,3,5,6,0,0,0,0
0,0,0,0,1,5,5,3,3,5,6,0,0,0,0,0
0,0,0,0,5,5,3,0,5,6,0,0,0,0,0,0
0,1,5,5,0,3,5,6,0,0,0,0,0,5,11,0
1,5,5,3,3,5,6,0,0,0,0,0,5,11,0,0
5,5,3,0,5,6,0,0,0,0,0,0,11,0,0,0
0,3,5,6,0,0,0,0,0,5,11,0,0,0,0,0
3,5,6,0,0,0,0,0,5,11,0,0,0,0,0,0
5,6,0,0,0,0,0,0,11,0,0,0,0,0,0,0
0,0,0,0,0,0,0,0,0,0,0,0,0,0,0,0
0,0,0,0,0,0,0,0,0,0,0,0,0,0,0,0
0,0,0,0,0,0,0,0,0,0,0,0,0,0,0,0
0,0,0,0,0,0,0,0,0,0,0,0,0,0,0,0
0,0,0,0,0,0,0,0,0,0,0,0,0,0,0,0
0,0,0,0,0,0,0,0,0,0,0,0,0,0,0,0
0,0,0,0,0,0,0,0,0,0,0,0,0,0,0,0
0,0,0,0,0,0,0,0,0,0,0,0,0,0,0,0
0,0,0,0,0,0,0,0,0,0,0,0,0,0,0,0
0,0,0,0,0,7,7,7,0,0,10,0,0,3,9,6
0,0,0,0,7,7,7,5,0,10,0,5,3,9,6,9
0,0,0,0,7,7,5,0,10,0,5,0,9,6,9,0
0,7,7,7,0,0,10,0,0,3,9,6,0,0,0,0
7,7,7,5,0,10,0,5,3,9,6,9,0,0,0,0
7,7,5,0,10,0,5,0,9,6,9,0,0,0,0,0
0,0,10,0,0,3,9,6,0,0,0,0,0,0,0,0
0,10,0,5,3,9,6,9,0,0,0,0,0,0,0,0
10,0,5,0,9,6,9,0,0,0,0,0,0,0,0,0
0,0,0,0,0,0,0,0,0,0,0,0,0,0,0,0
0,0,0,0,0,0,0,0,0,0,0,0,0,0,0,0
0,0,0,0,0,0,0,0,0,0,0,0,0,0,0,0
0,0,0,0,0,0,0,0,0,0,0,0,0,0,0,0
0,0,0,0,0,0,0,0,0,0,0,0,0,0,0,0
0,0,0,0,0,0,0,0,0,0,0,0,0,0,0,0
0,0,0,0,0,0,0,0,0,0,0,0,0,0,0,0
0,0,0,0,0,0,0,0,0,0,0,0,0,0,0,0
0,0,0,0,0,0,0,0,0,0,0,0,0,0,0,0
0,0,0,0,0,0,0,0,0,0,0,0,0,0,0,0
0,0,0,0,0,0,0,0,0,0,0,0,0,0,0,0
0,0,0,0,0,0,0,0,0,0,0,0,0,0,0,0
0,0,0,0,0,0,0,0,0,0,0,0,0,0,0,0
0,0,0,0,0,0,0,0,0,0,0,0,0,0,0,0
0,0,0,0,0,0,0,0,0,0,0,0,0,0,0,0
0,0,0,0,0,0,0,0,0,0,0,0,0,0,0,0
0,0,0,0,0,0,0,0,0,0,0,0,0,0,0,0
0,0,0,0,0,0,0,0,0,0,0,0,0,0,0,0
0,0,0,0,0,0,0,0,0,0,0,0,0,0,0,0
0,0,0,0,0,0,0,0,0,0,0,0,0,0,0,0
0,0,0,0,0,0,0,0,0,0,0,0,0,0,0,0
0,0,0,0,0,0,0,0,0,0,0,0,0,0,0,0
0,0,0,0,0,0,0,0,0,0,0,0,0,0,0,0
0,0,0,0,0,0,0,0,0,0,0,0,0,0,0,0
0,0,0,0,0,0,0,0,0,0,0,0,0,0,0,0
0,0,0,0,0,0,0,0,0,0,0,0,0,0,0,0
0,0,0,0,0,0,0,0,0,0,0,0,0,0,0,0
0,0,0,0,0,0,0,0,0,1,0,0,0,0,5,0
0,0,0,0,0,0,0,0,1,0,0,7,0,5,0,1
0,0,0,0,0,0,0,0,0,0,7,0,5,0,1,0
0,0,0,0,0,1,0,0,0,0,5,0,0,0,1,0
0,0,0,0,1,0,0,7,0,5,0,1,0,1,0,9
0,0,0,0,0,0,7,0,5,0,1,0,1,0,9,0
0,1,0,0,0,0,5,0,0,0,1,0,0,0,0,0
1,0,0,7,0,5,0,1,0,1,0,9,0,0,0,0
0,0,7,0,5,0,1,0,1,0,9,0,0,0,0,0
0,0,0,0,0,0,3,3,0,0,1,12,0,0,0,7
0,0,0,0,0,3,3,0,0,1,12,3,0,0,7,6
0,0,0,0,3,3,0,0,1,12,3,0,0,7,6,0
0,0,3,3,0,0,1,12,0,0,0,7,0,0,6,15
0,3,3,0,0,1,12,3,0,0,7,6,0,6,15,12
3,3,0,0,1,12,3,0,0,7,6,0,6,15,12,0
0,0,1,12,0,0,0,7,0,0,6,15,0,0,0,0
0,1,12,3,0,0,7,6,0,6,15,12,0,0,0,0
1,12,3,0,0,7,6,0,6,15,12,0,0,0,0,0
0,0,0,0,0,0,0,0,0,0,0,0,0,0,0,0
0,0,0,0,0,0,0,0,0,0,0,0,0,0,0,0
0,0,0,0,0,0,0,0,0,0,0,0,0,0,0,0
0,0,0,0,0,0,0,0,0,0,0,0,0,0,0,0
0,0,0,0,0,0,0,0,0,0,0,0,0,0,0,0
0,0,0,0,0,0,0,0,0,0,0,0,0,0,0,0
0,0,0,0,0,0,0,0,0,0,0,0,0,0,0,0
0,0,0,0,0,0,0,0,0,0,0,0,0,0,0,0
0,0,0,0,0,0,0,0,0,0,0,0,0,0,0,0
0,0,0,0,0,0,0,0,0,1,0,7,0,3,19,1
0,0,0,0,0,0,0,0,1,0,7,5,3,19,1,9
0,0,0,0,0,0,0,0,0,7,5,0,19,1,9,0
0,0,0,0,0,1,0,7,0,3,19,1,0,5,3,11
0,0,0,0,1,0,7,5,3,19,1,9,5,3,11,18
0,0,0,0,0,7,5,0,19,1,9,0,3,11,18,0
0,1,0,7,0,3,19,1,0,5,3,11,0,0,0,0
1,0,7,5,3,19,1,9,5,3,11,18,0,0,0,0
0,7,5,0,19,1,9,0,3,11,18,0,0,0,0,0
0,0,0,0,0,0,0,0,0,3,3,0,0,7,0,0
0,0,0,0,0,0,0,0,3,3,0,7,7,0,0,11
0,0,0,0,0,0,0,0,3,0,7,0,0,0,11,0
0,0,0,0,0,3,3,0,0,7,0,0,0,10,3,5
0,0,0,0,3,3,0,7,7,0,0,11,10,3,5,1
0,0,0,0,3,0,7,0,0,0,11,0,3,5,1,0
0,3,3,0,0,7,0,0,0,10,3,5,0,0,0,0
3,3,0,7,7,0,0,11,10,3,5,1,0,0,0,0
3,0,7,0,0,0,11,0,3,5,1,0,0,0,0,0
0,0,0,0,0,0,7,6,0,3,3,6,0,3,1,10
0,0,0,0,0,7,6,7,3,3,6,0,3,1,10,0
0,0,0,0,7,6,7,0,3,6,0,0,1,10,0,0
0,0,7,6,0,3,3,6,0,3,1,10,0,3,24,9
0,7,6,7,3,3,6,0,3,1,10,0,3,24,9,7
7,6,7,0,3,6,0,0,1,10,0,0,24,9,7,0
0,3,3,6,0,3,1,10,0,3,24,9,0,0,0,0
3,3,6,0,3,1,10,0,3,24,9,7,0,0,0,0
3,6,0,0,1,10,0,0,24,9,7,0,0,0,0,0
0,0,0,0,0,14,12,9,0,12,12,15,0,22,7,15
0,0,0,0,14,12,9,14,12,12,15,11,22,7,15,5
0,0,0,0,12,9,14,0,12,15,11,0,7,15,5,0
0,14,12,9,0,12,12,15,0,22,7,15,0,14,17,5
14,12,9,14,12,12,15,11,22,7,15,5,14,17,5,12
12,9,14,0,12,15,11,0,7,15,5,0,17,5,12,0
0,12,12,15,0,22,7,15,0,14,17,5,0,0,0,0
12,12,15,11,22,7,15,5,14,17,5,12,0,0,0,0
12,15,11,0,7,15,5,0,17,5,12,0,0,0,0,0
0,0,0,0,0,0,0,0,0,0,0,0,0,0,0,0
0,0,0,0,0,0,0,0,0,0,0,0,0,0,0,6
0,0,0,0,0,0,0,0,0,0,0,0,0,0,6,0
0,0,0,0,0,0,0,0,0,0,0,0,0,0,0,0
0,0,0,0,0,0,0,0,0,0,0,6,0,0,0,0
0,0,0,0,0,0,0,0,0,0,6,0,0,0,0,0
0,0,0,0,0,0,0,0,0,0,0,0,0,0,0,0
0,0,0,0,0,0,0,6,0,0,0,0,0,0,0,0
0,0,0,0,0,0,6,0,0,0,0,0,0,0,0,0
0,0,0,0,0,5,3,7,0,3,6,0,0,0,0,0
0,0,0,0,5,3,7,6,3,6,0,5,0,0,0,0
0,0,0,0,3,7,6,0,6,0,5,0,0,0,0,0
0,5,3,7,0,3,6,0,0,0,0,0,0,3,0,0
5,3,7,6,3,6,0,5,0,0,0,0,3,0,0,0
3,7,6,0,6,0,5,0,0,0,0,0,0,0,0,0
0,3,6,0,0,0,0,0,0,3,0,0,0,0,0,0
3,6,0,5,0,0,0,0,3,0,0,0,0,0,0,0
6,0,5,0,0,0,0,0,0,0,0,0,0,0,0,0
0,0,0,0,0,7,11,15,0,3,18,11,0,12,25,6
0,0,0,0,7,11,15,23,3,18,11,12,12,25,6,19
0,0,0,0,11,15,23,0,18,11,12,0,25,6,19,0
0,7,11,15,0,3,18,11,0,12,25,6,0,10,15,27
7,11,15,23,3,18,11,12,12,25,6,19,10,15,27,18
11,15,23,0,18,11,12,0,25,6,19,0,15,27,18,0
0,3,18,11,0,12,25,6,0,10,15,27,0,0,0,0
3,18,11,12,12,25,6,19,10,15,27,18,0,0,0,0
18,11,12,0,25,6,19,0,15,27,18,0,0,0,0,0
0,0,0,0,0,0,0,1,0,0,3,7,0,0,0,6
0,0,0,0,0,0,1,0,0,3,7,9,0,0,6,0
0,0,0,0,0,1,0,0,3,7,9,0,0,6,0,0
0,0,0,1,0,0,3,7,0,0,0,6,0,0,0,3
0,0,1,0,0,3,7,9,0,0,6,0,0,0,3,0
0,1,0,0,3,7,9,0,0,6,0,0,0,3,0,0
0,0,3,7,0,0,0,6,0,0,0,3,0,0,0,0
0,3,7,9,0,0,6,0,0,0,3,0,0,0,0,0
3,7,9,0,0,6,0,0,0,3,0,0,0,0,0,0
0,0,0,0,0,6,3,5,0,14,6,3,0,3,15,15
0,0,0,0,6,3,5,9,14,6,3,23,3,15,15,5
0,0,0,0,3,5,9,0,6,3,23,0,15,15,5,0
0,6,3,5,0,14,6,3,0,3,15,15,0,3,9,18
6,3,5,9,14,6,3,23,3,15,15,5,3,9,18,21
3,5,9,0,6,3,23,0,15,15,5,0,9,18,21,0
0,14,6,3,0,3,15,15,0,3,9,18,0,0,0,0
14,6,3,23,3,15,15,5,3,9,18,21,0,0,0,0
6,3,23,0,15,15,5,0,9,18,21,0,0,0,0,0
0,0,0,0,0,0,6,5,0,0,1,10,0,1,15,18
0,0,0,0,0,6,5,5,0,1,10,12,1,15,18,5
0,0,0,0,6,5,5,0,1,10,12,0,15,18,5,0
0,0,6,5,0,0,1,10,0,1,15,18,0,14,10,11
0,6,5,5,0,1,10,12,1,15,18,5,14,10,11,3
6,5,5,0,1,10,12,0,15,18,5,0,10,11,3,0
0,0,1,10,0,1,15,18,0,14,10,11,0,0,0,0
0,1,10,12,1,15,18,5,14,10,11,3,0,0,0,0
1,10,12,0,15,18,5,0,10,11,3,0,0,0,0,0
0,0,0,0,0,0,0,6,0,6,0,0,0,7,3,3
0,0,0,0,0,0,6,3,6,0,0,0,7,3,3,0
0,0,0,0,0,6,3,0,0,0,0,0,3,3,0,0
0,0,0,6,0,6,0,0,0,7,3,3,0,0,0,0
0,0,6,3,6,0,0,0,7,3,3,0,0,0,0,0
0,6,3,0,0,0,0,0,3,3,0,0,0,0,0,0
0,6,0,0,0,7,3,3,0,0,0,0,0,0,0,0
6,0,0,0,7,3,3,0,0,0,0,0,0,0,0,0
0,0,0,0,3,3,0,0,0,0,0,0,0,0,0,0
0,0,0,0,0,0,3,1,0,0,0,0,0,0,0,0
0,0,0,0,0,3,1,0,0,0,0,0,0,0,0,0
0,0,0,0,3,1,0,0,0,0,0,0,0,0,0,0
0,0,3,1,0,0,0,0,0,0,0,0,0,0,0,0
0,3,1,0,0,0,0,0,0,0,0,0,0,0,0,0
3,1,0,0,0,0,0,0,0,0,0,0,0,0,0,0
0,0,0,0,0,0,0,0,0,0,0,0,0,0,0,0
0,0,0,0,0,0,0,0,0,0,0,0,0,0,0,0
0,0,0,0,0,0,0,0,0,0,0,0,0,0,0,0
0,0,0,0,0,0,0,0,0,0,0,0,0,0,0,0
0,0,0,0,0,0,0,0,0,0,0,1,0,0,0,5
0,0,0,0,0,0,0,0,0,0,1,0,0,0,5,0
0,0,0,0,0,0,0,0,0,0,0,0,0,1,0,1
0,0,0,0,0,0,0,1,0,0,0,5,1,0,1,0
0,0,0,0,0,0,1,0,0,0,5,0,0,1,0,0
0,0,0,0,0,0,0,0,0,1,0,1,0,0,0,0
0,0,0,1,0,0,0,5,1,0,1,0,0,0,0,0
0,0,1,0,0,0,5,0,0,1,0,0,0,0,0,0
0,0,0,0,0,0,0,1,0,6,12,12,0,3,7,1
0,0,0,0,0,0,1,3,6,12,12,15,3,7,1,15
0,0,0,0,0,1,3,0,12,12,15,0,7,1,15,0
0,0,0,1,0,6,12,12,0,3,7,1,0,12,25,19
0,0,1,3,6,12,12,15,3,7,1,15,12,25,19,10
0,1,3,0,12,12,15,0,7,1,15,0,25,19,10,0
0,6,12,12,0,3,7,1,0,12,25,19,0,0,0,0
6,12,12,15,3,7,1,15,12,25,19,10,0,0,0,0
12,12,15,0,7,1,15,0,25,19,10,0,0,0,0,0
0,0,0,0,0,3,9,0,0,0,6,9,0,3,10,6
0,0,0,0,3,9,0,0,0,6,9,6,3,10,6,15
0,0,0,0,9,0,0,0,6,9,6,0,10,6,15,0
0,3,9,0,0,0,6,9,0,3,10,6,0,12,10,9
3,9,0,0,0,6,9,6,3,10,6,15,12,10,9,0
9,0,0,0,6,9,6,0,10,6,15,0,10,9,0,0
0,0,6,9,0,3,10,6,0,12,10,9,0,0,0,0
0,6,9,6,3,10,6,15,12,10,9,0,0,0,0,0
6,9,6,0,10,6,15,0,10,9,0,0,0,0,0,0
0,0,0,0,0,3,6,9,0,5,3,0,0,0,0,5
0,0,0,0,3,6,9,9,5,3,0,0,0,0,5,0
0,0,0,0,6,9,9,0,3,0,0,0,0,5,0,0
0,3,6,9,0,5,3,0,0,0,0,5,0,0,7,1
3,6,9,9,5,3,0,0,0,0,5,0,0,7,1,0
6,9,9,0,3,0,0,0,0,5,0,0,7,1,0,0
0,5,3,0,0,0,0,5,0,0,7,1,0,0,0,0
5,3,0,0,0,0,5,0,0,7,1,0,0,0,0,0
3,0,0,0,0,5,0,0,7,1,0,0,0,0,0,0
0,0,0,0,0,7,7,10,0,6,1,6,0,11,3,0
0,0,0,0,7,7,10,6,6,1,6,15,11,3,0,7
0,0,0,0,7,10,6,0,1,6,15,0,3,0,7,0
0,7,7,10,0,6,1,6,0,11,3,0,0,3,7,1
7,7,10,6,6,1,6,15,11,3,0,7,3,7,1,6
7,10,6,0,1,6,15,0,3,0,7,0,7,1,6,0
0,6,1,6,0,11,3,0,0,3,7,1,0,0,0,0
6,1,6,15,11,3,0,7,3,7,1,6,0,0,0,0
1,6,15,0,3,0,7,0,7,1,6,0,0,0,0,0
0,0,0,0,0,3,7,9,0,11,18,19,0,7,10,3
0,0,0,0,3,7,9,7,11,18,19,20,7,10,3,6
0,0,0,0,7,9,7,0,18,19,20,0,10,3,6,0
0,3,7,9,0,11,18,19,0,7,10,3,0,20,28,15
3,7,9,7,11,18,19,20,7,10,3,6,20,28,15,18
7,9,7,0,18,19,20,0,10,3,6,0,28,15,18,0
0,11,18,19,0,7,10,3,0,20,28,15,0,0,0,0
11,18,19,20,7,10,3,6,20,28,15,18,0,0,0,0
18,19,20,0,10,3,6,0,28,15,18,0,0,0,0,0
0,0,0,0,0,0,0,1,0,0,0,0,0,0,5,0
0,0,0,0,0,0,1,5,0,0,0,6,0,5,0,3
0,0,0,0,0,1,5,0,0,0,6,0,5,0,3,0
0,0,0,1,0,0,0,0,0,0,5,0,0,3,0,0
0,0,1,5,0,0,0,6,0,5,0,3,3,0,0,0
0,1,5,0,0,0,6,0,5,0,3,0,0,0,0,0
0,0,0,0,0,0,5,0,0,3,0,0,0,0,0,0
0,0,0,6,0,5,0,3,3,0,0,0,0,0,0,0
0,0,6,0,5,0,3,0,0,0,0,0,0,0,0,0
0,0,0,0,0,5,7,12,0,0,12,14,0,12,29,7
0,0,0,0,5,7,12,3,0,12,14,7,12,29,7,0
0,0,0,0,7,12,3,0,12,14,7,0,29,7,0,0
0,5,7,12,0,0,12,14,0,12,29,7,0,11,29,12
5,7,12,3,0,12,14,7,12,29,7,0,11,29,12,21
7,12,3,0,12,14,7,0,29,7,0,0,29,12,21,0
0,0,12,14,0,12,29,7,0,11,29,12,0,0,0,0
0,12,14,7,12,29,7,0,11,29,12,21,0,0,0,0
12,14,7,0,29,7,0,0,29,12,21,0,0,0,0,0
0,0,0,0,0,1,10,10,0,3,9,7,0,1,7,19
0,0,0,0,1,10,10,9,3,9,7,0,1,7,19,15
0,0,0,0,10,10,9,0,9,7,0,0,7,19,15,0
0,1,10,10,0,3,9,7,0,1,7,19,0,22,6,7
1,10,10,9,3,9,7,0,1,7,19,15,22,6,7,12
10,10,9,0,9,7,0,0,7,19,15,0,6,7,12,0
0,3,9,7,0,1,7,19,0,22,6,7,0,0,0,0
3,9,7,0,1,7,19,15,22,6,7,12,0,0,0,0
9,7,0,0,7,19,15,0,6,7,12,0,0,0,0,0
0,0,0,0,0,1,0,3,0,0,5,3,0,3,7,1
0,0,0,0,1,0,3,3,0,5,3,0,3,7,1,1
0,0,0,0,0,3,3,0,5,3,0,0,7,1,1,0
0,1,0,3,0,0,5,3,0,3,7,1,0,3,0,3
1,0,3,3,0,5,3,0,3,7,1,1,3,0,3,0
0,3,3,0,5,3,0,0,7,1,1,0,0,3,0,0
0,0,5,3,0,3,7,1,0,3,0,3,0,0,0,0
0,5,3,0,3,7,1,1,3,0,3,0,0,0,0,0
5,3,0,0,7,1,1,0,0,3,0,0,0,0,0,0
0,0,0,0,0,1,0,0,0,0,0,10,0,0,6,3
0,0,0,0,1,0,0,5,0,0,10,3,0,6,3,0
0,0,0,0,0,0,5,0,0,10,3,0,6,3,0,0
0,1,0,0,0,0,0,10,0,0,6,3,0,1,6,0
1,0,0,5,0,0,10,3,0,6,3,0,1,6,0,3
0,0,5,0,0,10,3,0,6,3,0,0,6,0,3,0
0,0,0,10,0,0,6,3,0,1,6,0,0,0,0,0
0,0,10,3,0,6,3,0,1,6,0,3,0,0,0,0
0,10,3,0,6,3,0,0,6,0,3,0,0,0,0,0
0,0,0,0,0,0,0,0,0,0,7,3,0,0,3,0
0,0,0,0,0,0,0,0,0,7,3,0,0,3,0,0
0,0,0,0,0,0,0,0,7,3,0,0,3,0,0,0
0,0,0,0,0,0,7,3,0,0,3,0,0,0,21,0
0,0,0,0,0,7,3,0,0,3,0,0,0,21,0,7
0,0,0,0,7,3,0,0,3,0,0,0,21,0,7,0
0,0,7,3,0,0,3,0,0,0,21,0,0,0,0,0
0,7,3,0,0,3,0,0,0,21,0,7,0,0,0,0
7,3,0,0,3,0,0,0,21,0,7,0,0,0,0,0
0,0,0,0,0,0,0,0,0,0,0,0,0,0,0,0
0,0,0,0,0,0,0,0,0,0,0,0,0,0,0,0
0,0,0,0,0,0,0,0,0,0,0,0,0,0,0,0
0,0,0,0,0,0,0,0,0,0,0,0,0,0,0,0
0,0,0,0,0,0,0,0,0,0,0,0,0,0,0,0
0,0,0,0,0,0,0,0,0,0,0,0,0,0,0,0
0,0,0,0,0,0,0,0,0,0,0,0,0,0,0,0
0,0,0,0,0,0,0,0,0,0,0,0,0,0,0,0
0,0,0,0,0,0,0,0,0,0,0,0,0,0,0,0
0,0,0,0,0,0,0,0,0,0,0,0,0,0,0,0
0,0,0,0,0,0,0,0,0,0,0,0,0,0,0,0
0,0,0,0,0,0,0,0,0,0,0,0,0,0,0,0
0,0,0,0,0,0,0,0,0,0,0,0,0,0,0,0
0,0,0,0,0,0,0,0,0,0,0,0,0,0,0,0
0,0,0,0,0,0,0,0,0,0,0,0,0,0,0,0
0,0,0,0,0,0,0,0,0,0,0,0,0,0,0,0
0,0,0,0,0,0,0,0,0,0,0,0,0,0,0,0
0,0,0,0,0,0,0,0,0,0,0,0,0,0,0,0
0,0,0,0,0,0,0,3,0,0,0,0,0,0,0,9
0,0,0,0,0,0,3,0,0,0,0,0,0,0,9,0
0,0,0,0,0,3,0,0,0,0,0,0,0,9,0,0
0,0,0,3,0,0,0,0,0,0,0,9,0,5,0,0
0,0,3,0,0,0,0,0,0,0,9,0,5,0,0,1
0,3,0,0,0,0,0,0,0,9,0,0,0,0,1,0
0,0,0,0,0,0,0,9,0,5,0,0,0,0,0,0
0,0,0,0,0,0,9,0,5,0,0,1,0,0,0,0
0,0,0,0,0,9,0,0,0,0,1,0,0,0,0,0
0,0,0,0,0,5,0,0,0,3,10,0,0,12,5,0
0,0,0,0,5,0,0,3,3,10,0,0,12,5,0,1
0,0,0,0,0,0,3,0,10,0,0,0,5,0,1,0
0,5,0,0,0,3,10,0,0,12,5,0,0,5,0,5
5,0,0,3,3,10,0,0,12,5,0,1,5,0,5,5
0,0,3,0,10,0,0,0,5,0,1,0,0,5,5,0
0,3,10,0,0,12,5,0,0,5,0,5,0,0,0,0
3,10,0,0,12,5,0,1,5,0,5,5,0,0,0,0
10,0,0,0,5,0,1,0,0,5,5,0,0,0,0,0
0,0,0,0,0,3,7,3,0,1,0,0,0,0,0,0
0,0,0,0,3,7,3,3,1,0,0,3,0,0,0,0
0,0,0,0,7,3,3,0,0,0,3,0,0,0,0,0
0,3,7,3,0,1,0,0,0,0,0,0,0,0,0,10
3,7,3,3,1,0,0,3,0,0,0,0,0,0,10,3
7,3,3,0,0,0,3,0,0,0,0,0,0,10,3,0
0,1,0,0,0,0,0,0,0,0,0,10,0,0,0,0
1,0,0,3,0,0,0,0,0,0,10,3,0,0,0,0
0,0,3,0,0,0,0,0,0,10,3,0,0,0,0,0
0,0,0,0,0,0,0,0,0,0,0,0,0,0,0,0
0,0,0,0,0,0,0,0,0,0,0,0,0,0,0,0
0,0,0,0,0,0,0,0,0,0,0,0,0,0,0,0
0,0,0,0,0,0,0,0,0,0,0,0,0,0,0,0
0,0,0,0,0,0,0,0,0,0,0,0,0,0,0,0
0,0,0,0,0,0,0,0,0,0,0,0,0,0,0,0
0,0,0,0,0,0,0,0,0,0,0,0,0,0,0,0
0,0,0,0,0,0,0,0,0,0,0,0,0,0,0,0
0,0,0,0,0,0,0,0,0,0,0,0,0,0,0,0
0,0,0,0,0,1,3,3,0,7,18,14,0,15,12,17
0,0,0,0,1,3,3,7,7,18,14,12,15,12,17,23
0,0,0,0,3,3,7,0,18,14,12,0,12,17,23,0
0,1,3,3,0,7,18,14,0,15,12,17,0,11,15,19
1,3,3,7,7,18,14,12,15,12,17,23,11,15,19,17
3,3,7,0,18,14,12,0,12,17,23,0,15,19,17,0
0,7,18,14,0,15,12,17,0,11,15,19,0,0,0,0
7,18,14,12,15,12,17,23,11,15,19,17,0,0,0,0
18,14,12,0,12,17,23,0,15,19,17,0,0,0,0,0
0,0,0,0,0,0,0,0,0,0,0,0,0,0,0,0
0,0,0,0,0,0,0,0,0,0,0,0,0,0,0,0
0,0,0,0,0,0,0,0,0,0,0,0,0,0,0,0
0,0,0,0,0,0,0,0,0,0,0,0,0,0,0,0
0,0,0,0,0,0,0,0,0,0,0,0,0,0,0,0
0,0,0,0,0,0,0,0,0,0,0,0,0,0,0,0
0,0,0,0,0,0,0,0,0,0,0,0,0,0,0,0
0,0,0,0,0,0,0,0,0,0,0,0,0,0,0,0
0,0,0,0,0,0,0,0,0,0,0,0,0,0,0,0
0,0,0,0,0,0,0,0,0,0,0,0,0,0,0,0
0,0,0,0,0,0,0,0,0,0,0,0,0,0,0,0
0,0,0,0,0,0,0,0,0,0,0,0,0,0,0,0
0,0,0,0,0,0,0,0,0,0,0,0,0,0,0,0
0,0,0,0,0,0,0,0,0,0,0,0,0,0,0,0
0,0,0,0,0,0,0,0,0,0,0,0,0,0,0,0
0,0,0,0,0,0,0,0,0,0,0,0,0,0,0,0
0,0,0,0,0,0,0,0,0,0,0,0,0,0,0,0
0,0,0,0,0,0,0,0,0,0,0,0,0,0,0,0
0,0,0,0,0,1,1,0,0,3,0,0,0,9,0,0
0,0,0,0,1,1,0,0,3,0,0,0,9,0,0,0
0,0,0,0,1,0,0,0,0,0,0,0,0,0,0,0
0,1,1,0,0,3,0,0,0,9,0,0,0,11,9,0
1,1,0,0,3,0,0,0,9,0,0,0,11,9,0,0
1,0,0,0,0,0,0,0,0,0,0,0,9,0,0,0
0,3,0,0,0,9,0,0,0,11,9,0,0,0,0,0
3,0,0,0,9,0,0,0,11,9,0,0,0,0,0,0
0,0,0,0,0,0,0,0,9,0,0,0,0,0,0,0
0,0,0,0,0,5,3,3,0,9,7,7,0,10,0,15
0,0,0,0,5,3,3,7,9,7,7,9,10,0,15,0
0,0,0,0,3,3,7,0,7,7,9,0,0,15,0,0
0,5,3,3,0,9,7,7,0,10,0,15,0,12,10,17
5,3,3,7,9,7,7,9,10,0,15,0,12,10,17,18
3,3,7,0,7,7,9,0,0,15,0,0,10,17,18,0
0,9,7,7,0,10,0,15,0,12,10,17,0,0,0,0
9,7,7,9,10,0,15,0,12,10,17,18,0,0,0,0
7,7,9,0,0,15,0,0,10,17,18,0,0,0,0,0
0,0,0,0,0,0,3,3,0,0,3,12,0,5,22,3
0,0,0,0,0,3,3,7,0,3,12,9,5,22,3,3
0,0,0,0,3,3,7,0,3,12,9,0,22,3,3,0
0,0,3,3,0,0,3,12,0,5,22,3,0,1,10,5
0,3,3,7,0,3,12,9,5,22,3,3,1,10,5,3
3,3,7,0,3,12,9,0,22,3,3,0,10,5,3,0
0,0,3,12,0,5,22,3,0,1,10,5,0,0,0,0
0,3,12,9,5,22,3,3,1,10,5,3,0,0,0,0
3,12,9,0,22,3,3,0,10,5,3,0,0,0,0,0
0,0,0,0,0,6,0,0,0,3,1,0,0,0,0,0
0,0,0,0,6,0,0,1,3,1,0,11,0,0,0,0
0,0,0,0,0,0,1,0,1,0,11,0,0,0,0,0
0,6,0,0,0,3,1,0,0,0,0,0,0,7,15,6
6,0,0,1,3,1,0,11,0,0,0,0,7,15,6,7
0,0,1,0,1,0,11,0,0,0,0,0,15,6,7,0
0,3,1,0,0,0,0,0,0,7,15,6,0,0,0,0
3,1,0,11,0,0,0,0,7,15,6,7,0,0,0,0
1,0,11,0,0,0,0,0,15,6,7,0,0,0,0,0
0,0,0,0,0,0,5,3,0,0,0,3,0,0,3,3
0,0,0,0,0,5,3,12,0,0,3,0,0,3,3,6
0,0,0,0,5,3,12,0,0,3,0,0,3,3,6,0
0,0,5,3,0,0,0,3,0,0,3,3,0,0,0,0
0,5,3,12,0,0,3,0,0,3,3,6,0,0,0,0
5,3,12,0,0,3,0,0,3,3,6,0,0,0,0,0
0,0,0,3,0,0,3,3,0,0,0,0,0,0,0,0
0,0,3,0,0,3,3,6,0,0,0,0,0,0,0,0
0,3,0,0,3,3,6,0,0,0,0,0,0,0,0,0
0,0,0,0,0,0,5,3,0,0,0,0,0,0,3,3
0,0,0,0,0,5,3,3,0,0,0,7,0,3,3,3
0,0,0,0,5,3,3,0,0,0,7,0,3,3,3,0
0,0,5,3,0,0,0,0,0,0,3,3,0,0,0,5
0,5,3,3,0,0,0,7,0,3,3,3,0,0,5,1
5,3,3,0,0,0,7,0,3,3,3,0,0,5,1,0
0,0,0,0,0,0,3,3,0,0,0,5,0,0,0,0
0,0,0,7,0,3,3,3,0,0,5,1,0,0,0,0
0,0,7,0,3,3,3,0,0,5,1,0,0,0,0,0
0,0,0,0,0,0,0,0,0,0,0,0,0,0,0,3
0,0,0,0,0,0,0,0,0,0,0,0,0,0,3,0
0,0,0,0,0,0,0,0,0,0,0,0,0,3,0,0
0,0,0,0,0,0,0,0,0,0,0,3,0,0,0,3
0,0,0,0,0,0,0,0,0,0,3,0,0,0,3,6
0,0,0,0,0,0,0,0,0,3,0,0,0,3,6,0
0,0,0,0,0,0,0,3,0,0,0,3,0,0,0,0
0,0,0,0,0,0,3,0,0,0,3,6,0,0,0,0
0,0,0,0,0,3,0,0,0,3,6,0,0,0,0,0
0,0,0,0,0,0,0,7,0,0,6,12,0,0,7,0
0,0,0,0,0,0,7,5,0,6,12,5,0,7,0,0
0,0,0,0,0,7,5,0,6,12,5,0,7,0,0,0
0,0,0,7,0,0,6,12,0,0,7,0,0,0,0,1
0,0,7,5,0,6,12,5,0,7,0,0,0,0,1,0
0,7,5,0,6,12,5,0,7,0,0,0,0,1,0,0
0,0,6,12,0,0,7,0,0,0,0,1,0,0,0,0
0,6,12,5,0,7,0,0,0,0,1,0,0,0,0,0
6,12,5,0,7,0,0,0,0,1,0,0,0,0,0,0
0,0,0,0,0,7,0,0,0,0,0,7,0,0,7,1
0,0,0,0,7,0,0,0,0,0,7,10,0,7,1,7
0,0,0,0,0,0,0,0,0,7,10,0,7,1,7,0
0,7,0,0,0,0,0,7,0,0,7,1,0,3,17,12
7,0,0,0,0,0,7,10,0,7,1,7,3,17,12,14
0,0,0,0,0,7,10,0,7,1,7,0,17,12,14,0
0,0,0,7,0,0,7,1,0,3,17,12,0,0,0,0
0,0,7,10,0,7,1,7,3,17,12,14,0,0,0,0
0,7,10,0,7,1,7,0,17,12,14,0,0,0,0,0
0,0,0,0,0,0,0,0,0,5,0,0,0,0,0,0
0,0,0,0,0,0,0,0,5,0,0,0,0,0,0,0
0,0,0,0,0,0,0,0,0,0,0,0,0,0,0,0
0,0,0,0,0,5,0,0,0,0,0,0,0,1,0,0
0,0,0,0,5,0,0,0,0,0,0,0,1,0,0,0
0,0,0,0,0,0,0,0,0,0,0,0,0,0,0,0
0,5,0,0,0,0,0,0,0,1,0,0,0,0,0,0
5,0,0,0,0,0,0,0,1,0,0,0,0,0,0,0
0,0,0,0,0,0,0,0,0,0,0,0,0,0,0,0
0,0,0,0,0,0,0,0,0,3,0,0,0,9,0,0
0,0,0,0,0,0,0,0,3,0,0,0,9,0,0,0
0,0,0,0,0,0,0,0,0,0,0,0,0,0,0,0
0,0,0,0,0,3,0,0,0,9,0,0,0,7,0,0
0,0,0,0,3,0,0,0,9,0,0,0,7,0,0,0
0,0,0,0,0,0,0,0,0,0,0,0,0,0,0,0
0,3,0,0,0,9,0,0,0,7,0,0,0,0,0,0
3,0,0,0,9,0,0,0,7,0,0,0,0,0,0,0
0,0,0,0,0,0,0,0,0,0,0,0,0,0,0,0
0,0,0,0,0,3,10,12,0,0,5,0,0,3,12,9
0,0,0,0,3,10,12,7,0,5,0,1,3,12,9,0
0,0,0,0,10,12,7,0,5,0,1,0,12,9,0,0
0,3,10,12,0,0,5,0,0,3,12,9,0,1,0,7
3,10,12,7,0,5,0,1,3,12,9,0,1,0,7,11
10,12,7,0,5,0,1,0,12,9,0,0,0,7,11,0
0,0,5,0,0,3,12,9,0,1,0,7,0,0,0,0
0,5,0,1,3,12,9,0,1,0,7,11,0,0,0,0
5,0,1,0,12,9,0,0,0,7,11,0,0,0,0,0
0,0,0,0,0,11,9,9,0,6,18,14,0,0,25,17
0,0,0,0,11,9,9,11,6,18,14,15,0,25,17,6
0,0,0,0,9,9,11,0,18,14,15,0,25,17,6,0
0,11,9,9,0,6,18,14,0,0,25,17,0,15,15,17
11,9,9,11,6,18,14,15,0,25,17,6,15,15,17,7
9,9,11,0,18,14,15,0,25,17,6,0,15,17,7,0
0,6,18,14,0,0,25,17,0,15,15,17,0,0,0,0
6,18,14,15,0,25,17,6,15,15,17,7,0,0,0,0
18,14,15,0,25,17,6,0,15,17,7,0,0,0,0,0
0,0,0,0,0,0,7,12,0,0,14,0,0,6,10,11
0,0,0,0,0,7,12,3,0,14,0,0,6,10,11,12
0,0,0,0,7,12,3,0,14,0,0,0,10,11,12,0
0,0,7,12,0,0,14,0,0,6,10,11,0,0,12,12
0,7,12,3,0,14,0,0,6,10,11,12,0,12,12,6
7,12,3,0,14,0,0,0,10,11,12,0,12,12,6,0
0,0,14,0,0,6,10,11,0,0,12,12,0,0,0,0
0,14,0,0,6,10,11,12,0,12,12,6,0,0,0,0
14,0,0,0,10,11,12,0,12,12,6,0,0,0,0,0
0,0,0,0,0,0,0,0,0,0,0,0,0,0,0,0
0,0,0,0,0,0,0,0,0,0,0,0,0,0,0,0
0,0,0,0,0,0,0,0,0,0,0,0,0,0,0,0
0,0,0,0,0,0,0,0,0,0,0,0,0,0,0,0
0,0,0,0,0,0,0,0,0,0,0,0,0,0,0,0
0,0,0,0,0,0,0,0,0,0,0,0,0,0,0,0
0,0,0,0,0,0,0,0,0,0,0,0,0,0,0,0
0,0,0,0,0,0,0,0,0,0,0,0,0,0,0,0
0,0,0,0,0,0,0,0,0,0,0,0,0,0,0,0
0,0,0,0,0,6,7,3,0,1,3,5,0,0,1,3
0,0,0,0,6,7,3,12,1,3,5,7,0,1,3,3
0,0,0,0,7,3,12,0,3,5,7,0,1,3,3,0
0,6,7,3,0,1,3,5,0,0,1,3,0,11,3,15
6,7,3,12,1,3,5,7,0,1,3,3,11,3,15,12
7,3,12,0,3,5,7,0,1,3,3,0,3,15,12,0
0,1,3,5,0,0,1,3,0,11,3,15,0,0,0,0
1,3,5,7,0,1,3,3,11,3,15,12,0,0,0,0
3,5,7,0,1,3,3,0,3,15,12,0,0,0,0,0
0,0,0,0,0,1,1,0,0,0,0,0,0,0,12,9
0,0,0,0,1,1,0,3,0,0,0,0,0,12,9,12
0,0,0,0,1,0,3,0,0,0,0,0,12,9,12,0
0,1,1,0,0,0,0,0,0,0,12,9,0,0,12,6
1,1,0,3,0,0,0,0,0,12,9,12,0,12,6,0
1,0,3,0,0,0,0,0,12,9,12,0,12,6,0,0
0,0,0,0,0,0,12,9,0,0,12,6,0,0,0,0
0,0,0,0,0,12,9,12,0,12,6,0,0,0,0,0
0,0,0,0,12,9,12,0,12,6,0,0,0,0,0,0
0,0,0,0,0,0,0,1,0,0,0,0,0,0,0,0
0,0,0,0,0,0,1,3,0,0,0,0,0,0,0,3
0,0,0,0,0,1,3,0,0,0,0,0,0,0,3,0
0,0,0,1,0,0,0,0,0,0,0,0,0,0,3,0
0,0,1,3,0,0,0,0,0,0,0,3,0,3,0,12
0,1,3,0,0,0,0,0,0,0,3,0,3,0,12,0
0,0,0,0,0,0,0,0,0,0,3,0,0,0,0,0
0,0,0,0,0,0,0,3,0,3,0,12,0,0,0,0
0,0,0,0,0,0,3,0,3,0,12,0,0,0,0,0
0,0,0,0,0,6,0,3,0,0,0,0,0,3,0,0
0,0,0,0,6,0,3,0,0,0,0,0,3,0,0,0
0,0,0,0,0,3,0,0,0,0,0,0,0,0,0,0
0,6,0,3,0,0,0,0,0,3,0,0,0,3,7,0
6,0,3,0,0,0,0,0,3,0,0,0,3,7,0,3
0,3,0,0,0,0,0,0,0,0,0,0,7,0,3,0
0,0,0,0,0,3,0,0,0,3,7,0,0,0,0,0
0,0,0,0,3,0,0,0,3,7,0,3,0,0,0,0
0,0,0,0,0,0,0,0,7,0,3,0,0,0,0,0
0,0,0,0,0,0,0,0,0,0,0,0,0,0,15,0
0,0,0,0,0,0,0,0,0,0,0,0,0,15,0,0
0,0,0,0,0,0,0,0,0,0,0,0,15,0,0,0
0,0,0,0,0,0,0,0,0,0,15,0,0,0,0,0
0,0,0,0,0,0,0,0,0,15,0,0,0,0,0,0
0,0,0,0,0,0,0,0,15,0,0,0,0,0,0,0
0,0,0,0,0,0,15,0,0,0,0,0,0,0,0,0
0,0,0,0,0,15,0,0,0,0,0,0,0,0,0,0
0,0,0,0,15,0,0,0,0,0,0,0,0,0,0,0
0,0,0,0,0,1,0,1,0,0,0,0,0,5,0,0
0,0,0,0,1,0,1,0,0,0,0,3,5,0,0,0
0,0,0,0,0,1,0,0,0,0,3,0,0,0,0,0
0,1,0,1,0,0,0,0,0,5,0,0,0,0,0,0
1,0,1,0,0,0,0,3,5,0,0,0,0,0,0,3
0,1,0,0,0,0,3,0,0,0,0,0,0,0,3,0
0,0,0,0,0,5,0,0,0,0,0,0,0,0,0,0
0,0,0,3,5,0,0,0,0,0,0,3,0,0,0,0
0,0,3,0,0,0,0,0,0,0,3,0,0,0,0,0
0,0,0,0,0,0,0,0,0,0,1,7,0,3,11,7
0,0,0,0,0,0,0,0,0,1,7,12,3,11,7,0
0,0,0,0,0,0,0,0,1,7,12,0,11,7,0,0
0,0,0,0,0,0,1,7,0,3,11,7,0,11,12,7
0,0,0,0,0,1,7,12,3,11,7,0,11,12,7,12
0,0,0,0,1,7,12,0,11,7,0,0,12,7,12,0
0,0,1,7,0,3,11,7,0,11,12,7,0,0,0,0
0,1,7,12,3,11,7,0,11,12,7,12,0,0,0,0
1,7,12,0,11,7,0,0,12,7,12,0,0,0,0,0
0,0,0,0,0,5,0,0,0,3,3,6,0,7,0,6
0,0,0,0,5,0,0,0,3,3,6,11,7,0,6,5
0,0,0,0,0,0,0,0,3,6,11,0,0,6,5,0
0,5,0,0,0,3,3,6,0,7,0,6,0,6,11,14
5,0,0,0,3,3,6,11,7,0,6,5,6,11,14,0
0,0,0,0,3,6,11,0,0,6,5,0,11,14,0,0
0,3,3,6,0,7,0,6,0,6,11,14,0,0,0,0
3,3,6,11,7,0,6,5,6,11,14,0,0,0,0,0
3,6,11,0,0,6,5,0,11,14,0,0,0,0,0,0
0,0,0,0,0,0,3,3,0,0,12,7,0,0,5,0
0,0,0,0,0,3,3,0,0,12,7,6,0,5,0,3
0,0,0,0,3,3,0,0,12,7,6,0,5,0,3,0
0,0,3,3,0,0,12,7,0,0,5,0,0,0,0,12
0,3,3,0,0,12,7,6,0,5,0,3,0,0,12,0
3,3,0,0,12,7,6,0,5,0,3,0,0,12,0,0
0,0,12,7,0,0,5,0,0,0,0,12,0,0,0,0
0,12,7,6,0,5,0,3,0,0,12,0,0,0,0,0
12,7,6,0,5,0,3,0,0,12,0,0,0,0,0,0
0,0,0,0,0,0,0,0,0,0,0,0,0,0,0,0
0,0,0,0,0,0,0,0,0,0,0,0,0,0,0,0
0,0,0,0,0,0,0,0,0,0,0,0,0,0,0,0
0,0,0,0,0,0,0,0,0,0,0,0,0,0,0,0
0,0,0,0,0,0,0,0,0,0,0,0,0,0,0,0
0,0,0,0,0,0,0,0,0,0,0,0,0,0,0,0
0,0,0,0,0,0,0,0,0,0,0,0,0,0,0,0
0,0,0,0,0,0,0,0,0,0,0,0,0,0,0,0
0,0,0,0,0,0,0,0,0,0,0,0,0,0,0,0
0,0,0,0,0,10,7,0,0,12,12,1,0,15,12,15
0,0,0,0,10,7,0,3,12,12,1,12,15,12,15,11
0,0,0,0,7,0,3,0,12,1,12,0,12,15,11,0
0,10,7,0,0,12,12,1,0,15,12,15,0,3,15,3
10,7,0,3,12,12,1,12,15,12,15,11,3,15,3,17
7,0,3,0,12,1,12,0,12,15,11,0,15,3,17,0
0,12,12,1,0,15,12,15,0,3,15,3,0,0,0,0
12,12,1,12,15,12,15,11,3,15,3,17,0,0,0,0
12,1,12,0,12,15,11,0,15,3,17,0,0,0,0,0
0,0,0,0,0,0,3,3,0,0,5,0,0,5,1,9
0,0,0,0,0,3,3,0,0,5,0,1,5,1,9,12
0,0,0,0,3,3,0,0,5,0,1,0,1,9,12,0
0,0,3,3,0,0,5,0,0,5,1,9,0,7,10,0
0,3,3,0,0,5,0,1,5,1,9,12,7,10,0,12
3,3,0,0,5,0,1,0,1,9,12,0,10,0,12,0
0,0,5,0,0,5,1,9,0,7,10,0,0,0,0,0
0,5,0,1,5,1,9,12,7,10,0,12,0,0,0,0
5,0,1,0,1,9,12,0,10,0,12,0,0,0,0,0
0,0,0,0,0,1,0,3,0,0,6,3,0,1,6,0
0,0,0,0,1,0,3,7,0,6,3,0,1,6,0,7
0,0,0,0,0,3,7,0,6,3,0,0,6,0,7,0
0,1,0,3,0,0,6,3,0,1,6,0,0,7,6,1
1,0,3,7,0,6,3,0,1,6,0,7,7,6,1,7
0,3,7,0,6,3,0,0,6,0,7,0,6,1,7,0
0,0,6,3,0,1,6,0,0,7,6,1,0,0,0,0
0,6,3,0,1,6,0,7,7,6,1,7,0,0,0,0
6,3,0,0,6,0,7,0,6,1,7,0,0,0,0,0
0,0,0,0,0,18,7,6,0,3,0,0,0,6,9,23
0,0,0,0,18,7,6,12,3,0,0,12,6,9,23,12
0,0,0,0,7,6,12,0,0,0,12,0,9,23,12,0
0,18,7,6,0,3,0,0,0,6,9,23,0,9,3,11
18,7,6,12,3,0,0,12,6,9,23,12,9,3,11,7
7,6,12,0,0,0,12,0,9,23,12,0,3,11,7,0
0,3,0,0,0,6,9,23,0,9,3,11,0,0,0,0
3,0,0,12,6,9,23,12,9,3,11,7,0,0,0,0
0,0,12,0,9,23,12,0,3,11,7,0,0,0,0,0
0,0,0,0,0,0,0,0,0,0,0,0,0,0,0,0
0,0,0,0,0,0,0,0,0,0,0,0,0,0,0,0
0,0,0,0,0,0,0,0,0,0,0,0,0,0,0,0
0,0,0,0,0,0,0,0,0,0,0,0,0,0,3,0
0,0,0,0,0,0,0,0,0,0,0,0,0,3,0,0
0,0,0,0,0,0,0,0,0,0,0,0,3,0,0,0
0,0,0,0,0,0,0,0,0,0,3,0,0,0,0,0
0,0,0,0,0,0,0,0,0,3,0,0,0,0,0,0
0,0,0,0,0,0,0,0,3,0,0,0,0,0,0,0
0,0,0,0,0,3,7,0,0,1,3,17,0,0,14,15
0,0,0,0,3,7,0,9,1,3,17,3,0,14,15,6
0,0,0,0,7,0,9,0,3,17,3,0,14,15,6,0
0,3,7,0,0,1,3,17,0,0,14,15,0,1,5,7
3,7,0,9,1,3,17,3,0,14,15,6,1,5,7,9
7,0,9,0,3,17,3,0,14,15,6,0,5,7,9,0
0,1,3,17,0,0,14,15,0,1,5,7,0,0,0,0
1,3,17,3,0,14,15,6,1,5,7,9,0,0,0,0
3,17,3,0,14,15,6,0,5,7,9,0,0,0,0,0
0,0,0,0,0,0,0,0,0,0,0,0,0,0,3,0
0,0,0,0,0,0,0,0,0,0,0,0,0,3,0,0
0,0,0,0,0,0,0,0,0,0,0,0,3,0,0,0
0,0,0,0,0,0,0,0,0,0,3,0,0,0,0,0
0,0,0,0,0,0,0,0,0,3,0,0,0,0,0,0
0,0,0,0,0,0,0,0,3,0,0,0,0,0,0,0
0,0,0,0,0,0,3,0,0,0,0,0,0,0,0,0
0,0,0,0,0,3,0,0,0,0,0,0,0,0,0,0
0,0,0,0,3,0,0,0,0,0,0,0,0,0,0,0
0,0,0,0,0,0,12,7,0,3,14,7,0,3,0,0
0,0,0,0,0,12,7,3,3,14,7,0,3,0,0,6
0,0,0,0,12,7,3,0,14,7,0,0,0,0,6,0
0,0,12,7,0,3,14,7,0,3,0,0,0,0,0,0
0,12,7,3,3,14,7,0,3,0,0,6,0,0,0,0
12,7,3,0,14,7,0,0,0,0,6,0,0,0,0,0
0,3,14,7,0,3,0,0,0,0,0,0,0,0,0,0
3,14,7,0,3,0,0,6,0,0,0,0,0,0,0,0
14,7,0,0,0,0,6,0,0,0,0,0,0,0,0,0
0,0,0,0,0,6,3,0,0,6,0,9,0,9,6,7
0,0,0,0,6,3,0,3,6,0,9,7,9,6,7,12
0,0,0,0,3,0,3,0,0,9,7,0,6,7,12,0
0,6,3,0,0,6,0,9,0,9,6,7,0,10,0,7
6,3,0,3,6,0,9,7,9,6,7,12,10,0,7,15
3,0,3,0,0,9,7,0,6,7,12,0,0,7,15,0
0,6,0,9,0,9,6,7,0,10,0,7,0,0,0,0
6,0,9,7,9,6,7,12,10,0,7,15,0,0,0,0
0,9,7,0,6,7,12,0,0,7,15,0,0,0,0,0
0,0,0,0,0,1,0,0,0,0,1,0,0,0,0,10
0,0,0,0,1,0,0,0,0,1,0,0,0,0,10,0
0,0,0,0,0,0,0,0,1,0,0,0,0,10,0,0
0,1,0,0,0,0,1,0,0,0,0,10,0,0,0,0
1,0,0,0,0,1,0,0,0,0,10,0,0,0,0,0
0,0,0,0,1,0,0,0,0,10,0,0,0,0,0,0
0,0,1,0,0,0,0,10,0,0,0,0,0,0,0,0
0,1,0,0,0,0,10,0,0,0,0,0,0,0,0,0
1,0,0,0,0,10,0,0,0,0,0,0,0,0,0,0
0,0,0,0,0,0,0,0,0,7,0,0,0,7,0,1
0,0,0,0,0,0,0,7,7,0,0,0,7,0,1,3
0,0,0,0,0,0,7,0,0,0,0,0,0,1,3,0
0,0,0,0,0,7,0,0,0,7,0,1,0,7,23,20
0,0,0,7,7,0,0,0,7,0,1,3,7,23,20,14
0,0,7,0,0,0,0,0,0,1,3,0,23,20,14,0
0,7,0,0,0,7,0,1,0,7,23,20,0,0,0,0
7,0,0,0,7,0,1,3,7,23,20,14,0,0,0,0
0,0,0,0,0,1,3,0,23,20,14,0,0,0,0,0
0,0,0,0,0,0,0,0,0,0,0,0,0,0,0,0
0,0,0,0,0,0,0,0,0,0,0,0,0,0,0,0
0,0,0,0,0,0,0,0,0,0,0,0,0,0,0,0
0,0,0,0,0,0,0,0,0,0,0,0,0,0,6,0
0,0,0,0,0,0,0,0,0,0,0,0,0,6,0,3
0,0,0,0,0,0,0,0,0,0,0,0,6,0,3,0
0,0,0,0,0,0,0,0,0,0,6,0,0,0,0,0
0,0,0,0,0,0,0,0,0,6,0,3,0,0,0,0
0,0,0,0,0,0,0,0,6,0,3,0,0,0,0,0
0,0,0,0,0,0,0,0,0,0,0,0,0,0,0,0
0,0,0,0,0,0,0,0,0,0,0,0,0,0,0,0
0,0,0,0,0,0,0,0,0,0,0,0,0,0,0,0
0,0,0,0,0,0,0,0,0,0,0,0,0,0,0,0
0,0,0,0,0,0,0,0,0,0,0,0,0,0,0,0
0,0,0,0,0,0,0,0,0,0,0,0,0,0,0,0
0,0,0,0,0,0,0,0,0,0,0,0,0,0,0,0
0,0,0,0,0,0,0,0,0,0,0,0,0,0,0,0
0,0,0,0,0,0,0,0,0,0,0,0,0,0,0,0
0,0,0,0,0,0,0,0,0,0,3,0,0,9,0,0
0,0,0,0,0,0,0,0,0,3,0,0,9,0,0,0
0,0,0,0,0,0,0,0,3,0,0,0,0,0,0,0
0,0,0,0,0,0,3,0,0,9,0,0,0,0,0,0
0,0,0,0,0,3,0,0,9,0,0,0,0,0,0,0
0,0,0,0,3,0,0,0,0,0,0,0,0,0,0,0
0,0,3,0,0,9,0,0,0,0,0,0,0,0,0,0
0,3,0,0,9,0,0,0,0,0,0,0,0,0,0,0
3,0,0,0,0,0,0,0,0,0,0,0,0,0,0,0
0,0,0,0,0,0,0,0,0,0,0,0,0,0,3,0
0,0,0,0,0,0,0,0,0,0,0,0,0,3,0,0
0,0,0,0,0,0,0,0,0,0,0,0,3,0,0,0
0,0,0,0,0,0,0,0,0,0,3,0,0,0,0,0
0,0,0,0,0,0,0,0,0,3,0,0,0,0,0,0
0,0,0,0,0,0,0,0,3,0,0,0,0,0,0,0
0,0,0,0,0,0,3,0,0,0,0,0,0,0,0,0
0,0,0,0,0,3,0,0,0,0,0,0,0,0,0,0
0,0,0,0,3,0,0,0,0,0,0,0,0,0,0,0
0,0,0,0,0,6,1,0,0,7,7,3,0,7,6,15
0,0,0,0,6,1,0,14,7,7,3,6,7,6,15,7
0,0,0,0,1,0,14,0,7,3,6,0,6,15,7,0
0,6,1,0,0,7,7,3,0,7,6,15,0,12,0,12
6,1,0,14,7,7,3,6,7,6,15,7,12,0,12,12
1,0,14,0,7,3,6,0,6,15,7,0,0,12,12,0
0,7,7,3,0,7,6,15,0,12,0,12,0,0,0,0
7,7,3,6,7,6,15,7,12,0,12,12,0,0,0,0
7,3,6,0,6,15,7,0,0,12,12,0,0,0,0,0
0,0,0,0,0,1,1,7,0,3,9,5,0,0,10,1
0,0,0,0,1,1,7,7,3,9,5,15,0,10,1,12
0,0,0,0,1,7,7,0,9,5,15,0,10,1,12,0
0,1,1,7,0,3,9,5,0,0,10,1,0,10,20,0
1,1,7,7,3,9,5,15,0,10,1,12,10,20,0,0
1,7,7,0,9,5,15,0,10,1,12,0,20,0,0,0
0,3,9,5,0,0,10,1,0,10,20,0,0,0,0,0
3,9,5,15,0,10,1,12,10,20,0,0,0,0,0,0
9,5,15,0,10,1,12,0,20,0,0,0,0,0,0,0
0,0,0,0,0,0,0,0,0,3,0,0,0,0,0,0
0,0,0,0,0,0,0,0,3,0,0,3,0,0,0,0
0,0,0,0,0,0,0,0,0,0,3,0,0,0,0,0
0,0,0,0,0,3,0,0,0,0,0,0,0,3,0,0
0,0,0,0,3,0,0,3,0,0,0,0,3,0,0,0
0,0,0,0,0,0,3,0,0,0,0,0,0,0,0,0
0,3,0,0,0,0,0,0,0,3,0,0,0,0,0,0
3,0,0,3,0,0,0,0,3,0,0,0,0,0,0,0
0,0,3,0,0,0,0,0,0,0,0,0,0,0,0,0
0,0,0,0,0,10,6,0,0,0,0,0,0,9,9,0
0,0,0,0,10,6,0,12,0,0,0,5,9,9,0,3
0,0,0,0,6,0,12,0,0,0,5,0,9,0,3,0
0,10,6,0,0,0,0,0,0,9,9,0,0,5,10,0
10,6,0,12,0,0,0,5,9,9,0,3,5,10,0,0
6,0,12,0,0,0,5,0,9,0,3,0,10,0,0,0
0,0,0,0,0,9,9,0,0,5,10,0,0,0,0,0
0,0,0,5,9,9,0,3,5,10,0,0,0,0,0,0
0,0,5,0,9,0,3,0,10,0,0,0,0,0,0,0
0,0,0,0,0,0,0,0,0,6,0,0,0,0,0,3
0,0,0,0,0,0,0,0,6,0,0,0,0,0,3,0
0,0,0,0,0,0,0,0,0,0,0,0,0,3,0,0
0,0,0,0,0,6,0,0,0,0,0,3,0,0,0,7
0,0,0,0,6,0,0,0,0,0,3,0,0,0,7,0
0,0,0,0,0,0,0,0,0,3,0,0,0,7,0,0
0,6,0,0,0,0,0,3,0,0,0,7,0,0,0,0
6,0,0,0,0,0,3,0,0,0,7,0,0,0,0,0
0,0,0,0,0,3,0,0,0,7,0,0,0,0,0,0
0,0,0,0,0,0,3,0,0,0,0,5,0,0,0,0
0,0,0,0,0,3,0,0,0,0,5,0,0,0,0,0
0,0,0,0,3,0,0,0,0,5,0,0,0,0,0,0
0,0,3,0,0,0,0,5,0,0,0,0,0,0,0,0
0,3,0,0,0,0,5,0,0,0,0,0,0,0,0,1
3,0,0,0,0,5,0,0,0,0,0,0,0,0,1,0
0,0,0,5,0,0,0,0,0,0,0,0,0,0,0,0
0,0,5,0,0,0,0,0,0,0,0,1,0,0,0,0
0,5,0,0,0,0,0,0,0,0,1,0,0,0,0,0
0,0,0,0,0,10,15,18,0,12,20,21,0,19,19,19
0,0,0,0,10,15,18,20,12,20,21,25,19,19,19,28
0,0,0,0,15,18,20,0,20,21,25,0,19,19,28,0
0,10,15,18,0,12,20,21,0,19,19,19,0,24,33,34
10,15,18,20,12,20,21,25,19,19,19,28,24,33,34,31
15,18,20,0,20,21,25,0,19,19,28,0,33,34,31,0
0,12,20,21,0,19,19,19,0,24,33,34,0,0,0,0
12,20,21,25,19,19,19,28,24,33,34,31,0,0,0,0
20,21,25,0,19,19,28,0,33,34,31,0,0,0,0,0
0,0,0,0,0,0,1,3,0,0,0,0,0,5,0,0
0,0,0,0,0,1,3,3,0,0,0,0,5,0,0,0
0,0,0,0,1,3,3,0,0,0,0,0,0,0,0,0
0,0,1,3,0,0,0,0,0,5,0,0,0,1,0,0
0,1,3,3,0,0,0,0,5,0,0,0,1,0,0,0
1,3,3,0,0,0,0,0,0,0,0,0,0,0,0,0
0,0,0,0,0,5,0,0,0,1,0,0,0,0,0,0
0,0,0,0,5,0,0,0,1,0,0,0,0,0,0,0
0,0,0,0,0,0,0,0,0,0,0,0,0,0,0,0
0,0,0,0,0,0,0,0,0,0,0,0,0,0,0,0
0,0,0,0,0,0,0,0,0,0,0,0,0,0,0,0
0,0,0,0,0,0,0,0,0,0,0,0,0,0,0,0
0,0,0,0,0,0,0,0,0,0,0,0,0,0,0,0
0,0,0,0,0,0,0,0,0,0,0,0,0,0,0,0
0,0,0,0,0,0,0,0,0,0,0,0,0,0,0,0
0,0,0,0,0,0,0,0,0,0,0,0,0,0,0,0
0,0,0,0,0,0,0,0,0,0,0,0,0,0,0,0
0,0,0,0,0,0,0,0,0,0,0,0,0,0,0,0
0,0,0,0,0,0,1,7,0,7,0,3,0,9,0,0
0,0,0,0,0,1,7,6,7,0,3,0,9,0,0,0
0,0,0,0,1,7,6,0,0,3,0,0,0,0,0,0
0,0,1,7,0,7,0,3,0,9,0,0,0,0,5,9
0,1,7,6,7,0,3,0,9,0,0,0,0,5,9,7
1,7,6,0,0,3,0,0,0,0,0,0,5,9,7,0
0,7,0,3,0,9,0,0,0,0,5,9,0,0,0,0
7,0,3,0,9,0,0,0,0,5,9,7,0,0,0,0
0,3,0,0,0,0,0,0,5,9,7,0,0,0,0,0
0,0,0,0,0,0,0,0,0,0,0,0,0,0,0,0
0,0,0,0,0,0,0,0,0,0,0,0,0,0,0,0
0,0,0,0,0,0,0,0,0,0,0,0,0,0,0,0
0,0,0,0,0,0,0,0,0,0,0,0,0,0,0,0
0,0,0,0,0,0,0,0,0,0,0,0,0,0,0,0
0,0,0,0,0,0,0,0,0,0,0,0,0,0,0,0
0,0,0,0,0,0,0,0,0,0,0,0,0,0,0,0
0,0,0,0,0,0,0,0,0,0,0,0,0,0,0,0
0,0,0,0,0,0,0,0,0,0,0,0,0,0,0,0
0,0,0,0,0,0,0,0,0,0,0,0,0,3,0,0
0,0,0,0,0,0,0,0,0,0,0,0,3,0,0,0
0,0,0,0,0,0,0,0,0,0,0,0,0,0,0,0
0,0,0,0,0,0,0,0,0,3,0,0,0,0,0,5
0,0,0,0,0,0,0,0,3,0,0,0,0,0,5,0
0,0,0,0,0,0,0,0,0,0,0,0,0,5,0,0
0,0,0,0,0,3,0,0,0,0,0,5,0,0,0,0
0,0,0,0,3,0,0,0,0,0,5,0,0,0,0,0
0,0,0,0,0,0,0,0,0,5,0,0,0,0,0,0
0,0,0,0,0,0,0,0,0,0,0,0,0,7,0,0
0,0,0,0,0,0,0,0,0,0,0,0,7,0,0,0
0,0,0,0,0,0,0,0,0,0,0,0,0,0,0,0
0,0,0,0,0,0,0,0,0,7,0,0,0,0,0,0
0,0,0,0,0,0,0,0,7,0,0,0,0,0,0,0
0,0,0,0,0,0,0,0,0,0,0,0,0,0,0,0
0,0,0,0,0,7,0,0,0,0,0,0,0,0,0,0
0,0,0,0,7,0,0,0,0,0,0,0,0,0,0,0
0,0,0,0,0,0,0,0,0,0,0,0,0,0,0,0
0,0,0,0,0,0,0,0,0,0,0,0,0,0,0,0
0,0,0,0,0,0,0,0,0,0,0,0,0,0,0,0
0,0,0,0,0,0,0,0,0,0,0,0,0,0,0,0
0,0,0,0,0,0,0,0,0,0,0,0,0,0,0,0
0,0,0,0,0,0,0,0,0,0,0,0,0,0,0,0
0,0,0,0,0,0,0,0,0,0,0,0,0,0,0,0
0,0,0,0,0,0,0,0,0,0,0,0,0,0,0,0
0,0,0,0,0,0,0,0,0,0,0,0,0,0,0,0
0,0,0,0,0,0,0,0,0,0,0,0,0,0,0,0
0,0,0,0,0,3,11,12,0,12,11,20,0,9,18,17
0,0,0,0,3,11,12,10,12,11,20,27,9,18,17,18
0,0,0,0,11,12,10,0,11,20,27,0,18,17,18,0
0,3,11,12,0,12,11,20,0,9,18,17,0,18,23,30
3,11,12,10,12,11,20,27,9,18,17,18,18,23,30,33
11,12,10,0,11,20,27,0,18,17,18,0,23,30,33,0
0,12,11,20,0,9,18,17,0,18,23,30,0,0,0,0
12,11,20,27,9,18,17,18,18,23,30,33,0,0,0,0
11,20,27,0,18,17,18,0,23,30,33,0,0,0,0,0
0,0,0,0,0,0,7,7,0,3,12,11,0,11,14,19
0,0,0,0,0,7,7,7,3,12,11,21,11,14,19,15
0,0,0,0,7,7,7,0,12,11,21,0,14,19,15,0
0,0,7,7,0,3,12,11,0,11,14,19,0,12,20,17
0,7,7,7,3,12,11,21,11,14,19,15,12,20,17,20
7,7,7,0,12,11,21,0,14,19,15,0,20,17,20,0
0,3,12,11,0,11,14,19,0,12,20,17,0,0,0,0
3,12,11,21,11,14,19,15,12,20,17,20,0,0,0,0
12,11,21,0,14,19,15,0,20,17,20,0,0,0,0,0
0,0,0,0,0,0,6,6,0,0,0,0,0,0,0,0
0,0,0,0,0,6,6,3,0,0,0,0,0,0,0,9
0,0,0,0,6,6,3,0,0,0,0,0,0,0,9,0
0,0,6,6,0,0,0,0,0,0,0,0,0,0,6,5
0,6,6,3,0,0,0,0,0,0,0,9,0,6,5,5
6,6,3,0,0,0,0,0,0,0,9,0,6,5,5,0
0,0,0,0,0,0,0,0,0,0,6,5,0,0,0,0
0,0,0,0,0,0,0,9,0,6,5,5,0,0,0,0
0,0,0,0,0,0,9,0,6,5,5,0,0,0,0,0
0,0,0,0,0,0,0,0,0,0,0,0,0,0,0,0
0,0,0,0,0,0,0,0,0,0,0,0,0,0,0,0
0,0,0,0,0,0,0,0,0,0,0,0,0,0,0,0
0,0,0,0,0,0,0,0,0,0,0,0,0,0,0,0
0,0,0,0,0,0,0,0,0,0,0,0,0,0,0,0
0,0,0,0,0,0,0,0,0,0,0,0,0,0,0,0
0,0,0,0,0,0,0,0,0,0,0,0,0,0,0,0
0,0,0,0,0,0,0,0,0,0,0,0,0,0,0,0
0,0,0,0,0,0,0,0,0,0,0,0,0,0,0,0
0,0,0,0,0,3,15,10,0,3,15,0,0,15,12,12
0,0,0,0,3,15,10,11,3,15,0,0,15,12,12,7
0,0,0,0,15,10,11,0,15,0,0,0,12,12,7,0
0,3,15,10,0,3,15,0,0,15,12,12,0,11,14,7
3,15,10,11,3,15,0,0,15,12,12,7,11,14,7,0
15,10,11,0,15,0,0,0,12,12,7,0,14,7,0,0
0,3,15,0,0,15,12,12,0,11,14,7,0,0,0,0
3,15,0,0,15,12,12,7,11,14,7,0,0,0,0,0
15,0,0,0,12,12,7,0,14,7,0,0,0,0,0,0
0,0,0,0,0,0,0,0,0,9,7,3,0,5,12,5
0,0,0,0,0,0,0,0,9,7,3,7,5,12,5,3
0,0,0,0,0,0,0,0,7,3,7,0,12,5,3,0
0,0,0,0,0,9,7,3,0,5,12,5,0,1,3,0
0,0,0,0,9,7,3,7,5,12,5,3,1,3,0,0
0,0,0,0,7,3,7,0,12,5,3,0,3,0,0,0
0,9,7,3,0,5,12,5,0,1,3,0,0,0,0,0
9,7,3,7,5,12,5,3,1,3,0,0,0,0,0,0
7,3,7,0,12,5,3,0,3,0,0,0,0,0,0,0
0,0,0,0,0,0,0,3,0,0,0,0,0,0,0,0
0,0,0,0,0,0,3,0,0,0,0,0,0,0,0,0
0,0,0,0,0,3,0,0,0,0,0,0,0,0,0,0
0,0,0,3,0,0,0,0,0,0,0,0,0,0,0,0
0,0,3,0,0,0,0,0,0,0,0,0,0,0,0,0
0,3,0,0,0,0,0,0,0,0,0,0,0,0,0,0
0,0,0,0,0,0,0,0,0,0,0,0,0,0,0,0
0,0,0,0,0,0,0,0,0,0,0,0,0,0,0,0
0,0,0,0,0,0,0,0,0,0,0,0,0,0,0,0
0,0,0,0,0,0,5,0,0,10,0,3,0,0,0,0
0,0,0,0,0,5,0,3,10,0,3,0,0,0,0,10
0,0,0,0,5,0,3,0,0,3,0,0,0,0,10,0
0,0,5,0,0,10,0,3,0,0,0,0,0,5,0,6
0,5,0,3,10,0,3,0,0,0,0,10,5,0,6,3
5,0,3,0,0,3,0,0,0,0,10,0,0,6,3,0
0,10,0,3,0,0,0,0,0,5,0,6,0,0,0,0
10,0,3,0,0,0,0,10,5,0,6,3,0,0,0,0
0,3,0,0,0,0,10,0,0,6,3,0,0,0,0,0
0,0,0,0,0,0,0,9,0,0,0,0,0,0,5,3
0,0,0,0,0,0,9,3,0,0,0,0,0,5,3,0
0,0,0,0,0,9,3,0,0,0,0,0,5,3,0,0
0,0,0,9,0,0,0,0,0,0,5,3,0,0,0,0
0,0,9,3,0,0,0,0,0,5,3,0,0,0,0,0
0,9,3,0,0,0,0,0,5,3,0,0,0,0,0,0
0,0,0,0,0,0,5,3,0,0,0,0,0,0,0,0
0,0,0,0,0,5,3,0,0,0,0,0,0,0,0,0
0,0,0,0,5,3,0,0,0,0,0,0,0,0,0,0
0,0,0,0,0,0,0,0,0,0,0,0,0,0,0,0
0,0,0,0,0,0,0,0,0,0,0,0,0,0,0,0
0,0,0,0,0,0,0,0,0,0,0,0,0,0,0,0
0,0,0,0,0,0,0,0,0,0,0,0,0,0,0,6
0,0,0,0,0,0,0,0,0,0,0,0,0,0,6,0
0,0,0,0,0,0,0,0,0,0,0,0,0,6,0,0
0,0,0,0,0,0,0,0,0,0,0,6,0,0,0,0
0,0,0,0,0,0,0,0,0,0,6,0,0,0,0,0
0,0,0,0,0,0,0,0,0,6,0,0,0,0,0,0
0,0,0,0,0,5,5,5,0,10,6,3,0,3,12,7
0,0,0,0,5,5,5,1,10,6,3,0,3,12,7,0
0,0,0,0,5,5,1,0,6,3,0,0,12,7,0,0
0,5,5,5,0,10,6,3,0,3,12,7,0,0,12,9
5,5,5,1,10,6,3,0,3,12,7,0,0,12,9,6
5,5,1,0,6,3,0,0,12,7,0,0,12,9,6,0
0,10,6,3,0,3,12,7,0,0,12,9,0,0,0,0
10,6,3,0,3,12,7,0,0,12,9,6,0,0,0,0
6,3,0,0,12,7,0,0,12,9,6,0,0,0,0,0
0,0,0,0,0,1,0,0,0,0,0,0,0,0,0,0
0,0,0,0,1,0,0,0,0,0,0,0,0,0,0,0
0,0,0,0,0,0,0,0,0,0,0,0,0,0,0,0
0,1,0,0,0,0,0,0,0,0,0,0,0,0,0,0
1,0,0,0,0,0,0,0,0,0,0,0,0,0,0,0
0,0,0,0,0,0,0,0,0,0,0,0,0,0,0,0
0,0,0,0,0,0,0,0,0,0,0,0,0,0,0,0
0,0,0,0,0,0,0,0,0,0,0,0,0,0,0,0
0,0,0,0,0,0,0,0,0,0,0,0,0,0,0,0
0,0,0,0,0,1,3,9,0,7,7,0,0,7,10,1
0,0,0,0,1,3,9,12,7,7,0,10,7,10,1,9
0,0,0,0,3,9,12,0,7,0,10,0,10,1,9,0
0,1,3,9,0,7,7,0,0,7,10,1,0,3,1,25
1,3,9,12,7,7,0,10,7,10,1,9,3,1,25,21
3,9,12,0,7,0,10,0,10,1,9,0,1,25,21,0
0,7,7,0,0,7,10,1,0,3,1,25,0,0,0,0
7,7,0,10,7,10,1,9,3,1,25,21,0,0,0,0
7,0,10,0,10,1,9,0,1,25,21,0,0,0,0,0
0,0,0,0,0,5,5,0,0,0,0,7,0,3,7,0
0,0,0,0,5,5,0,3,0,0,7,15,3,7,0,6
0,0,0,0,5,0,3,0,0,7,15,0,7,0,6,0
0,5,5,0,0,0,0,7,0,3,7,0,0,3,7,3
5,5,0,3,0,0,7,15,3,7,0,6,3,7,3,10
5,0,3,0,0,7,15,0,7,0,6,0,7,3,10,0
0,0,0,7,0,3,7,0,0,3,7,3,0,0,0,0
0,0,7,15,3,7,0,6,3,7,3,10,0,0,0,0
0,7,15,0,7,0,6,0,7,3,10,0,0,0,0,0
0,0,0,0,0,0,0,0,0,0,0,0,0,0,6,5
0,0,0,0,0,0,0,1,0,0,0,0,0,6,5,0
0,0,0,0,0,0,1,0,0,0,0,0,6,5,0,0
0,0,0,0,0,0,0,0,0,0,6,5,0,1,0,7
0,0,0,1,0,0,0,0,0,6,5,0,1,0,7,11
0,0,1,0,0,0,0,0,6,5,0,0,0,7,11,0
0,0,0,0,0,0,6,5,0,1,0,7,0,0,0,0
0,0,0,0,0,6,5,0,1,0,7,11,0,0,0,0
0,0,0,0,6,5,0,0,0,7,11,0,0,0,0,0
0,0,0,0,0,0,0,0,0,0,3,0,0,0,0,0
0,0,0,0,0,0,0,0,0,3,0,0,0,0,0,0
0,0,0,0,0,0,0,0,3,0,0,0,0,0,0,0
0,0,0,0,0,0,3,0,0,0,0,0,0,0,0,0
0,0,0,0,0,3,0,0,0,0,0,0,0,0,0,0
0,0,0,0,3,0,0,0,0,0,0,0,0,0,0,0
0,0,3,0,0,0,0,0,0,0,0,0,0,0,0,0
0,3,0,0,0,0,0,0,0,0,0,0,0,0,0,0
3,0,0,0,0,0,0,0,0,0,0,0,0,0,0,0
0,0,0,0,0,0,1,0,0,0,0,3,0,0,7,0
0,0,0,0,0,1,0,0,0,0,3,9,0,7,0,0
0,0,0,0,1,0,0,0,0,3,9,0,7,0,0,0
0,0,1,0,0,0,0,3,0,0,7,0,0,0,6,0
0,1,0,0,0,0,3,9,0,7,0,0,0,6,0,0
1,0,0,0,0,3,9,0,7,0,0,0,6,0,0,0
0,0,0,3,0,0,7,0,0,0,6,0,0,0,0,0
0,0,3,9,0,7,0,0,0,6,0,0,0,0,0,0
0,3,9,0,7,0,0,0,6,0,0,0,0,0,0,0
0,0,0,0,0,3,0,0,0,0,7,11,0,0,1,3
0,0,0,0,3,0,0,1,0,7,11,15,0,1,3,24
0,0,0,0,0,0,1,0,7,11,15,0,1,3,24,0
0,3,0,0,0,0,7,11,0,0,1,3,0,0,15,12
3,0,0,1,0,7,11,15,0,1,3,24,0,15,12,15
0,0,1,0,7,11,15,0,1,3,24,0,15,12,15,0
0,0,7,11,0,0,1,3,0,0,15,12,0,0,0,0
0,7,11,15,0,1,3,24,0,15,12,15,0,0,0,0
7,11,15,0,1,3,24,0,15,12,15,0,0,0,0,0
0,0,0,0,0,0,0,0,0,7,3,7,0,0,3,0
0,0,0,0,0,0,0,0,7,3,7,6,0,3,0,7
0,0,0,0,0,0,0,0,3,7,6,0,3,0,7,0
0,0,0,0,0,7,3,7,0,0,3,0,0,14,7,6
0,0,0,0,7,3,7,6,0,3,0,7,14,7,6,0
0,0,0,0,3,7,6,0,3,0,7,0,7,6,0,0
0,7,3,7,0,0,3,0,0,14,7,6,0,0,0,0
7,3,7,6,0,3,0,7,14,7,6,0,0,0,0,0
3,7,6,0,3,0,7,0,7,6,0,0,0,0,0,0
0,0,0,0,0,0,0,0,0,0,0,0,0,0,0,0
0,0,0,0,0,0,0,0,0,0,0,0,0,0,0,0
0,0,0,0,0,0,0,0,0,0,0,0,0,0,0,0
0,0,0,0,0,0,0,0,0,0,0,0,0,0,5,0
0,0,0,0,0,0,0,0,0,0,0,0,0,5,0,5
0,0,0,0,0,0,0,0,0,0,0,0,5,0,5,0
0,0,0,0,0,0,0,0,0,0,5,0,0,0,0,0
0,0,0,0,0,0,0,0,0,5,0,5,0,0,0,0
0,0,0,0,0,0,0,0,5,0,5,0,0,0,0,0
0,0,0,0,0,0,1,0,0,0,0,0,0,0,0,0
0,0,0,0,0,1,0,3,0,0,0,3,0,0,0,3
0,0,0,0,1,0,3,0,0,0,3,0,0,0,3,0
0,0,1,0,0,0,0,0,0,0,0,0,0,0,0,12
0,1,0,3,0,0,0,3,0,0,0,3,0,0,12,12
1,0,3,0,0,0,3,0,0,0,3,0,0,12,12,0
0,0,0,0,0,0,0,0,0,0,0,12,0,0,0,0
0,0,0,3,0,0,0,3,0,0,12,12,0,0,0,0
0,0,3,0,0,0,3,0,0,12,12,0,0,0,0,0
0,0,0,0,0,0,7,3,0,1,10,11,0,1,7,7
0,0,0,0,0,7,3,3,1,10,11,5,1,7,7,19
0,0,0,0,7,3,3,0,10,11,5,0,7,7,19,0
0,0,7,3,0,1,10,11,0,1,7,7,0,3,25,10
0,7,3,3,1,10,11,5,1,7,7,19,3,25,10,9
7,3,3,0,10,11,5,0,7,7,19,0,25,10,9,0
0,1,10,11,0,1,7,7,0,3,25,10,0,0,0,0
1,10,11,5,1,7,7,19,3,25,10,9,0,0,0,0
10,11,5,0,7,7,19,0,25,10,9,0,0,0,0,0
0,0,0,0,0,0,0,0,0,3,0,0,0,0,0,12
0,0,0,0,0,0,0,5,3,0,0,3,0,0,12,3
0,0,0,0,0,0,5,0,0,0,3,0,0,12,3,0
0,0,0,0,0,3,0,0,0,0,0,12,0,12,5,0
0,0,0,5,3,0,0,3,0,0,12,3,12,5,0,0
0,0,5,0,0,0,3,0,0,12,3,0,5,0,0,0
0,3,0,0,0,0,0,12,0,12,5,0,0,0,0,0
3,0,0,3,0,0,12,3,12,5,0,0,0,0,0,0
0,0,3,0,0,12,3,0,5,0,0,0,0,0,0,0
0,0,0,0,0,0,0,0,0,3,0,0,0,0,0,0
0,0,0,0,0,0,0,0,3,0,0,0,0,0,0,0
0,0,0,0,0,0,0,0,0,0,0,0,0,0,0,0
0,0,0,0,0,3,0,0,0,0,0,0,0,7,3,0
0,0,0,0,3,0,0,0,0,0,0,0,7,3,0,0
0,0,0,0,0,0,0,0,0,0,0,0,3,0,0,0
0,3,0,0,0,0,0,0,0,7,3,0,0,0,0,0
3,0,0,0,0,0,0,0,7,3,0,0,0,0,0,0
0,0,0,0,0,0,0,0,3,0,0,0,0,0,0,0
0,0,0,0,0,0,0,0,0,0,0,0,0,0,0,0
0,0,0,0,0,0,0,0,0,0,0,0,0,0,0,0
0,0,0,0,0,0,0,0,0,0,0,0,0,0,0,0
0,0,0,0,0,0,0,0,0,0,0,0,0,0,0,3
0,0,0,0,0,0,0,0,0,0,0,0,0,0,3,0
0,0,0,0,0,0,0,0,0,0,0,0,0,3,0,0
0,0,0,0,0,0,0,0,0,0,0,3,0,0,0,0
0,0,0,0,0,0,0,0,0,0,3,0,0,0,0,0
0,0,0,0,0,0,0,0,0,3,0,0,0,0,0,0
0,0,0,0,0,0,0,0,0,0,0,0,0,0,0,0
0,0,0,0,0,0,0,0,0,0,0,0,0,0,0,0
0,0,0,0,0,0,0,0,0,0,0,0,0,0,0,0
0,0,0,0,0,0,0,0,0,0,0,0,0,0,0,0
0,0,0,0,0,0,0,0,0,0,0,0,0,0,0,0
0,0,0,0,0,0,0,0,0,0,0,0,0,0,0,0
0,0,0,0,0,0,0,0,0,0,0,0,0,0,0,0
0,0,0,0,0,0,0,0,0,0,0,0,0,0,0,0
0,0,0,0,0,0,0,0,0,0,0,0,0,0,0,0
0,0,0,0,0,0,0,0,0,3,0,11,0,3,0,3
0,0,0,0,0,0,0,0,3,0,11,11,3,0,3,1
0,0,0,0,0,0,0,0,0,11,11,0,0,3,1,0
0,0,0,0,0,3,0,11,0,3,0,3,0,3,11,5
0,0,0,0,3,0,11,11,3,0,3,1,3,11,5,6
0,0,0,0,0,11,11,0,0,3,1,0,11,5,6,0
0,3,0,11,0,3,0,3,0,3,11,5,0,0,0,0
3,0,11,11,3,0,3,1,3,11,5,6,0,0,0,0
0,11,11,0,0,3,1,0,11,5,6,0,0,0,0,0
0,0,0,0,0,0,0,0,0,3,0,0,0,0,0,0
0,0,0,0,0,0,0,0,3,0,0,0,0,0,0,0
0,0,0,0,0,0,0,0,0,0,0,0,0,0,0,0
0,0,0,0,0,3,0,0,0,0,0,0,0,0,0,0
0,0,0,0,3,0,0,0,0,0,0,0,0,0,0,0
0,0,0,0,0,0,0,0,0,0,0,0,0,0,0,0
0,3,0,0,0,0,0,0,0,0,0,0,0,0,0,0
3,0,0,0,0,0,0,0,0,0,0,0,0,0,0,0
0,0,0,0,0,0,0,0,0,0,0,0,0,0,0,0
0,0,0,0,0,9,7,3,0,7,11,11,0,7,15,7
0,0,0,0,9,7,3,6,7,11,11,12,7,15,7,5
0,0,0,0,7,3,6,0,11,11,12,0,15,7,5,0
0,9,7,3,0,7,11,11,0,7,15,7,0,15,0,6
9,7,3,6,7,11,11,12,7,15,7,5,15,0,6,3
7,3,6,0,11,11,12,0,15,7,5,0,0,6,3,0
0,7,11,11,0,7,15,7,0,15,0,6,0,0,0,0
7,11,11,12,7,15,7,5,15,0,6,3,0,0,0,0
11,11,12,0,15,7,5,0,0,6,3,0,0,0,0,0
0,0,0,0,0,0,3,1,0,0,0,0,0,0,6,7
0,0,0,0,0,3,1,0,0,0,0,0,0,6,7,0
0,0,0,0,3,1,0,0,0,0,0,0,6,7,0,0
0,0,3,1,0,0,0,0,0,0,6,7,0,0,0,0
0,3,1,0,0,0,0,0,0,6,7,0,0,0,0,0
3,1,0,0,0,0,0,0,6,7,0,0,0,0,0,0
0,0,0,0,0,0,6,7,0,0,0,0,0,0,0,0
0,0,0,0,0,6,7,0,0,0,0,0,0,0,0,0
0,0,0,0,6,7,0,0,0,0,0,0,0,0,0,0
0,0,0,0,0,0,0,1,0,6,0,0,0,6,7,0
0,0,0,0,0,0,1,0,6,0,0,1,6,7,0,10
0,0,0,0,0,1,0,0,0,0,1,0,7,0,10,0
0,0,0,1,0,6,0,0,0,6,7,0,0,3,3,0
0,0,1,0,6,0,0,1,6,7,0,10,3,3,0,0
0,1,0,0,0,0,1,0,7,0,10,0,3,0,0,0
0,6,0,0,0,6,7,0,0,3,3,0,0,0,0,0
6,0,0,1,6,7,0,10,3,3,0,0,0,0,0,0
0,0,1,0,7,0,10,0,3,0,0,0,0,0,0,0
0,0,0,0,0,0,0,0,0,0,0,0,0,0,3,6
0,0,0,0,0,0,0,0,0,0,0,1,0,3,6,0
0,0,0,0,0,0,0,0,0,0,1,0,3,6,0,0
0,0,0,0,0,0,0,0,0,0,3,6,0,0,0,0
0,0,0,0,0,0,0,1,0,3,6,0,0,0,0,0
0,0,0,0,0,0,1,0,3,6,0,0,0,0,0,0
0,0,0,0,0,0,3,6,0,0,0,0,0,0,0,0
0,0,0,1,0,3,6,0,0,0,0,0,0,0,0,0
0,0,1,0,3,6,0,0,0,0,0,0,0,0,0,0
0,0,0,0,0,0,3,7,0,5,9,0,0,0,5,18
0,0,0,0,0,3,7,9,5,9,0,9,0,5,18,5
0,0,0,0,3,7,9,0,9,0,9,0,5,18,5,0
0,0,3,7,0,5,9,0,0,0,5,18,0,5,10,19
0,3,7,9,5,9,0,9,0,5,18,5,5,10,19,3
3,7,9,0,9,0,9,0,5,18,5,0,10,19,3,0
0,5,9,0,0,0,5,18,0,5,10,19,0,0,0,0
5,9,0,9,0,5,18,5,5,10,19,3,0,0,0,0
9,0,9,0,5,18,5,0,10,19,3,0,0,0,0,0
0,0,0,0,0,0,3,5,0,0,0,0,0,0,3,0
0,0,0,0,0,3,5,0,0,0,0,0,0,3,0,0
0,0,0,0,3,5,0,0,0,0,0,0,3,0,0,0
0,0,3,5,0,0,0,0,0,0,3,0,0,0,0,0
0,3,5,0,0,0,0,0,0,3,0,0,0,0,0,0
3,5,0,0,0,0,0,0,3,0,0,0,0,0,0,0
0,0,0,0,0,0,3,0,0,0,0,0,0,0,0,0
0,0,0,0,0,3,0,0,0,0,0,0,0,0,0,0
0,0,0,0,3,0,0,0,0,0,0,0,0,0,0,0
0,0,0,0,0,0,0,0,0,0,0,0,0,0,0,0
0,0,0,0,0,0,0,0,0,0,0,0,0,0,0,0
0,0,0,0,0,0,0,0,0,0,0,0,0,0,0,0
0,0,0,0,0,0,0,0,0,0,0,0,0,0,0,0
0,0,0,0,0,0,0,0,0,0,0,0,0,0,0,0
0,0,0,0,0,0,0,0,0,0,0,0,0,0,0,0
0,0,0,0,0,0,0,0,0,0,0,0,0,0,0,0
0,0,0,0,0,0,0,0,0,0,0,0,0,0,0,0
0,0,0,0,0,0,0,0,0,0,0,0,0,0,0,0
0,0,0,0,0,0,3,7,0,12,17,5,0,12,19,1
0,0,0,0,0,3,7,1,12,17,5,10,12,19,1,7
0,0,0,0,3,7,1,0,17,5,10,0,19,1,7,0
0,0,3,7,0,12,17,5,0,12,19,1,0,19,21,19
0,3,7,1,12,17,5,10,12,19,1,7,19,21,19,19
3,7,1,0,17,5,10,0,19,1,7,0,21,19,19,0
0,12,17,5,0,12,19,1,0,19,21,19,0,0,0,0
12,17,5,10,12,19,1,7,19,21,19,19,0,0,0,0
17,5,10,0,19,1,7,0,21,19,19,0,0,0,0,0
0,0,0,0,0,0,3,0,0,0,0,0,0,0,0,0
0,0,0,0,0,3,0,0,0,0,0,0,0,0,0,0
0,0,0,0,3,0,0,0,0,0,0,0,0,0,0,0
0,0,3,0,0,0,0,0,0,0,0,0,0,0,0,0
0,3,0,0,0,0,0,0,0,0,0,0,0,0,0,0
3,0,0,0,0,0,0,0,0,0,0,0,0,0,0,0
0,0,0,0,0,0,0,0,0,0,0,0,0,0,0,0
0,0,0,0,0,0,0,0,0,0,0,0,0,0,0,0
0,0,0,0,0,0,0,0,0,0,0,0,0,0,0,0
0,0,0,0,0,0,0,0,0,0,0,0,0,0,7,1
0,0,0,0,0,0,0,0,0,0,0,0,0,7,1,0
0,0,0,0,0,0,0,0,0,0,0,0,7,1,0,0
0,0,0,0,0,0,0,0,0,0,7,1,0,0,0,0
0,0,0,0,0,0,0,0,0,7,1,0,0,0,0,0
0,0,0,0,0,0,0,0,7,1,0,0,0,0,0,0
0,0,0,0,0,0,7,1,0,0,0,0,0,0,0,0
0,0,0,0,0,7,1,0,0,0,0,0,0,0,0,0
0,0,0,0,7,1,0,0,0,0,0,0,0,0,0,0
0,0,0,0,0,0,1,0,0,12,10,0,0,11,10,0
0,0,0,0,0,1,0,5,12,10,0,11,11,10,0,11
0,0,0,0,1,0,5,0,10,0,11,0,10,0,11,0
0,0,1,0,0,12,10,0,0,11,10,0,0,0,15,9
0,1,0,5,12,10,0,11,11,10,0,11,0,15,9,6
1,0,5,0,10,0,11,0,10,0,11,0,15,9,6,0
0,12,10,0,0,11,10,0,0,0,15,9,0,0,0,0
12,10,0,11,11,10,0,11,0,15,9,6,0,0,0,0
10,0,11,0,10,0,11,0,15,9,6,0,0,0,0,0
0,0,0,0,0,11,0,0,0,9,5,0,0,7,7,11
0,0,0,0,11,0,0,11,9,5,0,6,7,7,11,10
0,0,0,0,0,0,11,0,5,0,6,0,7,11,10,0
0,11,0,0,0,9,5,0,0,7,7,11,0,7,15,3
11,0,0,11,9,5,0,6,7,7,11,10,7,15,3,9
0,0,11,0,5,0,6,0,7,11,10,0,15,3,9,0
0,9,5,0,0,7,7,11,0,7,15,3,0,0,0,0
9,5,0,6,7,7,11,10,7,15,3,9,0,0,0,0
5,0,6,0,7,11,10,0,15,3,9,0,0,0,0,0
0,0,0,0,0,0,0,0,0,0,1,0,0,0,0,0
0,0,0,0,0,0,0,0,0,1,0,0,0,0,0,0
0,0,0,0,0,0,0,0,1,0,0,0,0,0,0,0
0,0,0,0,0,0,1,0,0,0,0,0,0,0,0,0
0,0,0,0,0,1,0,0,0,0,0,0,0,0,0,0
0,0,0,0,1,0,0,0,0,0,0,0,0,0,0,0
0,0,1,0,0,0,0,0,0,0,0,0,0,0,0,0
0,1,0,0,0,0,0,0,0,0,0,0,0,0,0,0
1,0,0,0,0,0,0,0,0,0,0,0,0,0,0,0
0,0,0,0,0,0,0,0,0,0,0,0,0,3,10,9
0,0,0,0,0,0,0,0,0,0,0,0,3,10,9,1
0,0,0,0,0,0,0,0,0,0,0,0,10,9,1,0
0,0,0,0,0,0,0,0,0,3,10,9,0,0,19,7
0,0,0,0,0,0,0,0,3,10,9,1,0,19,7,3
0,0,0,0,0,0,0,0,10,9,1,0,19,7,3,0
0,0,0,0,0,3,10,9,0,0,19,7,0,0,0,0
0,0,0,0,3,10,9,1,0,19,7,3,0,0,0,0
0,0,0,0,10,9,1,0,19,7,3,0,0,0,0,0
0,0,0,0,0,0,0,0,0,0,12,0,0,0,0,0
0,0,0,0,0,0,0,0,0,12,0,3,0,0,0,0
0,0,0,0,0,0,0,0,12,0,3,0,0,0,0,0
0,0,0,0,0,0,12,0,0,0,0,0,0,0,0,0
0,0,0,0,0,12,0,3,0,0,0,0,0,0,0,3
0,0,0,0,12,0,3,0,0,0,0,0,0,0,3,0
0,0,12,0,0,0,0,0,0,0,0,0,0,0,0,0
0,12,0,3,0,0,0,0,0,0,0,3,0,0,0,0
12,0,3,0,0,0,0,0,0,0,3,0,0,0,0,0
0,0,0,0,0,0,0,0,0,0,0,0,0,0,0,0
0,0,0,0,0,0,0,0,0,0,0,0,0,0,0,0
0,0,0,0,0,0,0,0,0,0,0,0,0,0,0,0
0,0,0,0,0,0,0,0,0,0,0,0,0,0,0,0
0,0,0,0,0,0,0,0,0,0,0,0,0,0,0,0
0,0,0,0,0,0,0,0,0,0,0,0,0,0,0,0
0,0,0,0,0,0,0,0,0,0,0,0,0,0,0,0
0,0,0,0,0,0,0,0,0,0,0,0,0,0,0,0
0,0,0,0,0,0,0,0,0,0,0,0,0,0,0,0
0,0,0,0,0,0,0,0,0,0,0,0,0,0,0,0
0,0,0,0,0,0,0,0,0,0,0,0,0,0,0,0
0,0,0,0,0,0,0,0,0,0,0,0,0,0,0,0
0,0,0,0,0,0,0,0,0,0,0,0,0,0,0,0
0,0,0,0,0,0,0,0,0,0,0,0,0,0,0,0
0,0,0,0,0,0,0,0,0,0,0,0,0,0,0,0
0,0,0,0,0,0,0,0,0,0,0,0,0,0,0,0
0,0,0,0,0,0,0,0,0,0,0,0,0,0,0,0
0,0,0,0,0,0,0,0,0,0,0,0,0,0,0,0
0,0,0,0,0,0,0,3,0,0,1,0,0,0,14,10
0,0,0,0,0,0,3,0,0,1,0,7,0,14,10,0
0,0,0,0,0,3,0,0,1,0,7,0,14,10,0,0
0,0,0,3,0,0,1,0,0,0,14,10,0,0,11,9
0,0,3,0,0,1,0,7,0,14,10,0,0,11,9,0
0,3,0,0,1,0,7,0,14,10,0,0,11,9,0,0
0,0,1,0,0,0,14,10,0,0,11,9,0,0,0,0
0,1,0,7,0,14,10,0,0,11,9,0,0,0,0,0
1,0,7,0,14,10,0,0,11,9,0,0,0,0,0,0
0,0,0,0,0,6,7,10,0,15,12,15,0,11,19,24
0,0,0,0,6,7,10,12,15,12,15,27,11,19,24,20
0,0,0,0,7,10,12,0,12,15,27,0,19,24,20,0
0,6,7,10,0,15,12,15,0,11,19,24,0,21,19,15
6,7,10,12,15,12,15,27,11,19,24,20,21,19,15,25
7,10,12,0,12,15,27,0,19,24,20,0,19,15,25,0
0,15,12,15,0,11,19,24,0,21,19,15,0,0,0,0
15,12,15,27,11,19,24,20,21,19,15,25,0,0,0,0
12,15,27,0,19,24,20,0,19,15,25,0,0,0,0,0
0,0,0,0,0,0,0,0,0,5,0,0,0,10,0,0
0,0,0,0,0,0,0,0,5,0,0,0,10,0,0,0
0,0,0,0,0,0,0,0,0,0,0,0,0,0,0,0
0,0,0,0,0,5,0,0,0,10,0,0,0,3,0,0
0,0,0,0,5,0,0,0,10,0,0,0,3,0,0,0
0,0,0,0,0,0,0,0,0,0,0,0,0,0,0,0
0,5,0,0,0,10,0,0,0,3,0,0,0,0,0,0
5,0,0,0,10,0,0,0,3,0,0,0,0,0,0,0
0,0,0,0,0,0,0,0,0,0,0,0,0,0,0,0
0,0,0,0,0,5,7,5,0,7,0,3,0,0,0,0
0,0,0,0,5,7,5,6,7,0,3,0,0,0,0,0
0,0,0,0,7,5,6,0,0,3,0,0,0,0,0,0
0,5,7,5,0,7,0,3,0,0,0,0,0,3,0,0
5,7,5,6,7,0,3,0,0,0,0,0,3,0,0,5
7,5,6,0,0,3,0,0,0,0,0,0,0,0,5,0
0,7,0,3,0,0,0,0,0,3,0,0,0,0,0,0
7,0,3,0,0,0,0,0,3,0,0,5,0,0,0,0
0,3,0,0,0,0,0,0,0,0,5,0,0,0,0,0
0,0,0,0,0,3,0,0,0,0,0,0,0,0,0,0
0,0,0,0,3,0,0,0,0,0,0,0,0,0,0,0
0,0,0,0,0,0,0,0,0,0,0,0,0,0,0,0
0,3,0,0,0,0,0,0,0,0,0,0,0,0,0,0
3,0,0,0,0,0,0,0,0,0,0,0,0,0,0,0
0,0,0,0,0,0,0,0,0,0,0,0,0,0,0,0
0,0,0,0,0,0,0,0,0,0,0,0,0,0,0,0
0,0,0,0,0,0,0,0,0,0,0,0,0,0,0,0
0,0,0,0,0,0,0,0,0,0,0,0,0,0,0,0
0,0,0,0,0,0,0,0,0,0,0,0,0,0,3,1
0,0,0,0,0,0,0,0,0,0,0,3,0,3,1,0
0,0,0,0,0,0,0,0,0,0,3,0,3,1,0,0
0,0,0,0,0,0,0,0,0,0,3,1,0,7,0,3
0,0,0,0,0,0,0,3,0,3,1,0,7,0,3,5
0,0,0,0,0,0,3,0,3,1,0,0,0,3,5,0
0,0,0,0,0,0,3,1,0,7,0,3,0,0,0,0
0,0,0,3,0,3,1,0,7,0,3,5,0,0,0,0
0,0,3,0,3,1,0,0,0,3,5,0,0,0,0,0
0,0,0,0,0,0,0,0,0,0,0,12,0,0,7,6
0,0,0,0,0,0,0,3,0,0,12,0,0,7,6,0
0,0,0,0,0,0,3,0,0,12,0,0,7,6,0,0
0,0,0,0,0,0,0,12,0,0,7,6,0,0,20,0
0,0,0,3,0,0,12,0,0,7,6,0,0,20,0,3
0,0,3,0,0,12,0,0,7,6,0,0,20,0,3,0
0,0,0,12,0,0,7,6,0,0,20,0,0,0,0,0
0,0,12,0,0,7,6,0,0,20,0,3,0,0,0,0
0,12,0,0,7,6,0,0,20,0,3,0,0,0,0,0
0,0,0,0,0,5,3,6,0,18,27,18,0,17,18,14
0,0,0,0,5,3,6,6,18,27,18,18,17,18,14,12
0,0,0,0,3,6,6,0,27,18,18,0,18,14,12,0
0,5,3,6,0,18,27,18,0,17,18,14,0,19,31,19
5,3,6,6,18,27,18,18,17,18,14,12,19,31,19,15
3,6,6,0,27,18,18,0,18,14,12,0,31,19,15,0
0,18,27,18,0,17,18,14,0,19,31,19,0,0,0,0
18,27,18,18,17,18,14,12,19,31,19,15,0,0,0,0
27,18,18,0,18,14,12,0,31,19,15,0,0,0,0,0
0,0,0,0,0,3,0,0,0,0,0,0,0,3,0,0
0,0,0,0,3,0,0,3,0,0,0,0,3,0,0,3
0,0,0,0,0,0,3,0,0,0,0,0,0,0,3,0
0,3,0,0,0,0,0,0,0,3,0,0,0,3,0,0
3,0,0,3,0,0,0,0,3,0,0,3,3,0,0,0
0,0,3,0,0,0,0,0,0,0,3,0,0,0,0,0
0,0,0,0,0,3,0,0,0,3,0,0,0,0,0,0
0,0,0,0,3,0,0,3,3,0,0,0,0,0,0,0
0,0,0,0,0,0,3,0,0,0,0,0,0,0,0,0
0,0,0,0,0,0,0,6,0,0,7,10,0,3,15,19
0,0,0,0,0,0,6,3,0,7,10,0,3,15,19,6
0,0,0,0,0,6,3,0,7,10,0,0,15,19,6,0
0,0,0,6,0,0,7,10,0,3,15,19,0,14,10,12
0,0,6,3,0,7,10,0,3,15,19,6,14,10,12,3
0,6,3,0,7,10,0,0,15,19,6,0,10,12,3,0
0,0,7,10,0,3,15,19,0,14,10,12,0,0,0,0
0,7,10,0,3,15,19,6,14,10,12,3,0,0,0,0
7,10,0,0,15,19,6,0,10,12,3,0,0,0,0,0
0,0,0,0,0,3,0,0,0,0,0,0,0,0,0,0
0,0,0,0,3,0,0,0,0,0,0,0,0,0,0,0
0,0,0,0,0,0,0,0,0,0,0,0,0,0,0,0
0,3,0,0,0,0,0,0,0,0,0,0,0,0,12,0
3,0,0,0,0,0,0,0,0,0,0,0,0,12,0,0
0,0,0,0,0,0,0,0,0,0,0,0,12,0,0,0
0,0,0,0,0,0,0,0,0,0,12,0,0,0,0,0
0,0,0,0,0,0,0,0,0,12,0,0,0,0,0,0
0,0,0,0,0,0,0,0,12,0,0,0,0,0,0,0
0,0,0,0,0,7,0,0,0,0,0,0,0,0,3,0
0,0,0,0,7,0,0,5,0,0,0,0,0,3,0,0
0,0,0,0,0,0,5,0,0,0,0,0,3,0,0,0
0,7,0,0,0,0,0,0,0,0,3,0,0,3,0,0
7,0,0,5,0,0,0,0,0,3,0,0,3,0,0,0
0,0,5,0,0,0,0,0,3,0,0,0,0,0,0,0
0,0,0,0,0,0,3,0,0,3,0,0,0,0,0,0
0,0,0,0,0,3,0,0,3,0,0,0,0,0,0,0
0,0,0,0,3,0,0,0,0,0,0,0,0,0,0,0
0,0,0,0,0,0,11,11,0,1,22,10,0,0,11,7
0,0,0,0,0,11,11,3,1,22,10,6,0,11,7,6
0,0,0,0,11,11,3,0,22,10,6,0,11,7,6,0
0,0,11,11,0,1,22,10,0,0,11,7,0,0,22,6
0,11,11,3,1,22,10,6,0,11,7,6,0,22,6,3
11,11,3,0,22,10,6,0,11,7,6,0,22,6,3,0
0,1,22,10,0,0,11,7,0,0,22,6,0,0,0,0
1,22,10,6,0,11,7,6,0,22,6,3,0,0,0,0
22,10,6,0,11,7,6,0,22,6,3,0,0,0,0,0
0,0,0,0,0,3,3,7,0,5,20,21,0,6,21,12
0,0,0,0,3,3,7,12,5,20,21,18,6,21,12,21
0,0,0,0,3,7,12,0,20,21,18,0,21,12,21,0
0,3,3,7,0,5,20,21,0,6,21,12,0,12,18,25
3,3,7,12,5,20,21,18,6,21,12,21,12,18,25,18
3,7,12,0,20,21,18,0,21,12,21,0,18,25,18,0
0,5,20,21,0,6,21,12,0,12,18,25,0,0,0,0
5,20,21,18,6,21,12,21,12,18,25,18,0,0,0,0
20,21,18,0,21,12,21,0,18,25,18,0,0,0,0,0
0,0,0,0,0,1,1,0,0,14,3,14,0,11,23,15
0,0,0,0,1,1,0,3,14,3,14,17,11,23,15,17
0,0,0,0,1,0,3,0,3,14,17,0,23,15,17,0
0,1,1,0,0,14,3,14,0,11,23,15,0,23,10,7
1,1,0,3,14,3,14,17,11,23,15,17,23,10,7,19
1,0,3,0,3,14,17,0,23,15,17,0,10,7,19,0
0,14,3,14,0,11,23,15,0,23,10,7,0,0,0,0
14,3,14,17,11,23,15,17,23,10,7,19,0,0,0,0
3,14,17,0,23,15,17,0,10,7,19,0,0,0,0,0
0,0,0,0,0,7,10,5,0,3,3,9,0,3,7,0
0,0,0,0,7,10,5,5,3,3,9,0,3,7,0,0
0,0,0,0,10,5,5,0,3,9,0,0,7,0,0,0
0,7,10,5,0,3,3,9,0,3,7,0,0,1,7,9
7,10,5,5,3,3,9,0,3,7,0,0,1,7,9,5
10,5,5,0,3,9,0,0,7,0,0,0,7,9,5,0
0,3,3,9,0,3,7,0,0,1,7,9,0,0,0,0
3,3,9,0,3,7,0,0,1,7,9,5,0,0,0,0
3,9,0,0,7,0,0,0,7,9,5,0,0,0,0,0
0,0,0,0,0,0,0,0,0,0,0,0,0,0,9,6
0,0,0,0,0,0,0,0,0,0,0,0,0,9,6,7
0,0,0,0,0,0,0,0,0,0,0,0,9,6,7,0
0,0,0,0,0,0,0,0,0,0,9,6,0,0,0,0
0,0,0,0,0,0,0,0,0,9,6,7,0,0,0,0
0,0,0,0,0,0,0,0,9,6,7,0,0,0,0,0
0,0,0,0,0,0,9,6,0,0,0,0,0,0,0,0
0,0,0,0,0,9,6,7,0,0,0,0,0,0,0,0
0,0,0,0,9,6,7,0,0,0,0,0,0,0,0,0
0,0,0,0,0,0,0,0,0,0,0,0,0,0,0,0
0,0,0,0,0,0,0,0,0,0,0,0,0,0,0,0
0,0,0,0,0,0,0,0,0,0,0,0,0,0,0,0
0,0,0,0,0,0,0,0,0,0,0,0,0,0,0,0
0,0,0,0,0,0,0,0,0,0,0,0,0,0,0,0
0,0,0,0,0,0,0,0,0,0,0,0,0,0,0,0
0,0,0,0,0,0,0,0,0,0,0,0,0,0,0,0
0,0,0,0,0,0,0,0,0,0,0,0,0,0,0,0
0,0,0,0,0,0,0,0,0,0,0,0,0,0,0,0
0,0,0,0,0,0,0,0,0,0,0,3,0,0,7,6
0,0,0,0,0,0,0,0,0,0,3,5,0,7,6,6
0,0,0,0,0,0,0,0,0,3,5,0,7,6,6,0
0,0,0,0,0,0,0,3,0,0,7,6,0,0,7,0
0,0,0,0,0,0,3,5,0,7,6,6,0,7,0,5
0,0,0,0,0,3,5,0,7,6,6,0,7,0,5,0
0,0,0,3,0,0,7,6,0,0,7,0,0,0,0,0
0,0,3,5,0,7,6,6,0,7,0,5,0,0,0,0
0,3,5,0,7,6,6,0,7,0,5,0,0,0,0,0
0,0,0,0,0,12,10,9,0,12,10,12,0,18,12,10
0,0,0,0,12,10,9,14,12,10,12,15,18,12,10,7
0,0,0,0,10,9,14,0,10,12,15,0,12,10,7,0
0,12,10,9,0,12,10,12,0,18,12,10,0,12,11,12
12,10,9,14,12,10,12,15,18,12,10,7,12,11,12,6
10,9,14,0,10,12,15,0,12,10,7,0,11,12,6,0
0,12,10,12,0,18,12,10,0,12,11,12,0,0,0,0
12,10,12,15,18,12,10,7,12,11,12,6,0,0,0,0
10,12,15,0,12,10,7,0,11,12,6,0,0,0,0,0
0,0,0,0,0,0,0,0,0,0,0,0,0,0,0,0
0,0,0,0,0,0,0,0,0,0,0,0,0,0,0,0
0,0,0,0,0,0,0,0,0,0,0,0,0,0,0,0
0,0,0,0,0,0,0,0,0,0,0,0,0,0,0,0
0,0,0,0,0,0,0,0,0,0,0,0,0,0,0,0
0,0,0,0,0,0,0,0,0,0,0,0,0,0,0,0
0,0,0,0,0,0,0,0,0,0,0,0,0,0,0,0
0,0,0,0,0,0,0,0,0,0,0,0,0,0,0,0
0,0,0,0,0,0,0,0,0,0,0,0,0,0,0,0
0,0,0,0,0,0,0,0,0,1,7,7,0,7,14,0
0,0,0,0,0,0,0,0,1,7,7,10,7,14,0,7
0,0,0,0,0,0,0,0,7,7,10,0,14,0,7,0
0,0,0,0,0,1,7,7,0,7,14,0,0,9,12,15
0,0,0,0,1,7,7,10,7,14,0,7,9,12,15,20
0,0,0,0,7,7,10,0,14,0,7,0,12,15,20,0
0,1,7,7,0,7,14,0,0,9,12,15,0,0,0,0
1,7,7,10,7,14,0,7,9,12,15,20,0,0,0,0
7,7,10,0,14,0,7,0,12,15,20,0,0,0,0,0
0,0,0,0,0,0,0,0,0,0,0,0,0,0,0,0
0,0,0,0,0,0,0,0,0,0,0,0,0,0,0,0
0,0,0,0,0,0,0,0,0,0,0,0,0,0,0,0
0,0,0,0,0,0,0,0,0,0,0,0,0,0,0,0
0,0,0,0,0,0,0,0,0,0,0,0,0,0,0,0
0,0,0,0,0,0,0,0,0,0,0,0,0,0,0,0
0,0,0,0,0,0,0,0,0,0,0,0,0,0,0,0
0,0,0,0,0,0,0,0,0,0,0,0,0,0,0,0
0,0,0,0,0,0,0,0,0,0,0,0,0,0,0,0
0,0,0,0,0,0,0,0,0,3,0,6,0,1,0,0
0,0,0,0,0,0,0,0,3,0,6,5,1,0,0,0
0,0,0,0,0,0,0,0,0,6,5,0,0,0,0,0
0,0,0,0,0,3,0,6,0,1,0,0,0,0,3,1
0,0,0,0,3,0,6,5,1,0,0,0,0,3,1,0
0,0,0,0,0,6,5,0,0,0,0,0,3,1,0,0
0,3,0,6,0,1,0,0,0,0,3,1,0,0,0,0
3,0,6,5,1,0,0,0,0,3,1,0,0,0,0,0
0,6,5,0,0,0,0,0,3,1,0,0,0,0,0,0
0,0,0,0,0,3,15,7,0,0,0,0,0,0,6,0
0,0,0,0,3,15,7,10,0,0,0,0,0,6,0,0
0,0,0,0,15,7,10,0,0,0,0,0,6,0,0,0
0,3,15,7,0,0,0,0,0,0,6,0,0,0,0,0
3,15,7,10,0,0,0,0,0,6,0,0,0,0,0,0
15,7,10,0,0,0,0,0,6,0,0,0,0,0,0,0
0,0,0,0,0,0,6,0,0,0,0,0,0,0,0,0
0,0,0,0,0,6,0,0,0,0,0,0,0,0,0,0
0,0,0,0,6,0,0,0,0,0,0,0,0,0,0,0
0,0,0,0,0,0,3,0,0,0,0,5,0,7,0,1
0,0,0,0,0,3,0,0,0,0,5,0,7,0,1,3
0,0,0,0,3,0,0,0,0,5,0,0,0,1,3,0
0,0,3,0,0,0,0,5,0,7,0,1,0,0,1,0
0,3,0,0,0,0,5,0,7,0,1,3,0,1,0,0
3,0,0,0,0,5,0,0,0,1,3,0,1,0,0,0
0,0,0,5,0,7,0,1,0,0,1,0,0,0,0,0
0,0,5,0,7,0,1,3,0,1,0,0,0,0,0,0
0,5,0,0,0,1,3,0,1,0,0,0,0,0,0,0
0,0,0,0,0,0,1,3,0,0,7,10,0,9,10,1
0,0,0,0,0,1,3,5,0,7,10,0,9,10,1,15
0,0,0,0,1,3,5,0,7,10,0,0,10,1,15,0
0,0,1,3,0,0,7,10,0,9,10,1,0,7,6,1
0,1,3,5,0,7,10,0,9,10,1,15,7,6,1,3
1,3,5,0,7,10,0,0,10,1,15,0,6,1,3,0
0,0,7,10,0,9,10,1,0,7,6,1,0,0,0,0
0,7,10,0,9,10,1,15,7,6,1,3,0,0,0,0
7,10,0,0,10,1,15,0,6,1,3,0,0,0,0,0
0,0,0,0,0,0,0,0,0,0,0,0,0,0,1,0
0,0,0,0,0,0,0,0,0,0,0,0,0,1,0,5
0,0,0,0,0,0,0,0,0,0,0,0,1,0,5,0
0,0,0,0,0,0,0,0,0,0,1,0,0,0,0,0
0,0,0,0,0,0,0,0,0,1,0,5,0,0,0,0
0,0,0,0,0,0,0,0,1,0,5,0,0,0,0,0
0,0,0,0,0,0,1,0,0,0,0,0,0,0,0,0
0,0,0,0,0,1,0,5,0,0,0,0,0,0,0,0
0,0,0,0,1,0,5,0,0,0,0,0,0,0,0,0
0,0,0,0,0,0,0,0,0,6,0,0,0,0,0,0
0,0,0,0,0,0,0,0,6,0,0,0,0,0,0,0
0,0,0,0,0,0,0,0,0,0,0,0,0,0,0,0
0,0,0,0,0,6,0,0,0,0,0,0,0,5,0,0
0,0,0,0,6,0,0,0,0,0,0,0,5,0,0,0
0,0,0,0,0,0,0,0,0,0,0,0,0,0,0,0
0,6,0,0,0,0,0,0,0,5,0,0,0,0,0,0
6,0,0,0,0,0,0,0,5,0,0,0,0,0,0,0
0,0,0,0,0,0,0,0,0,0,0,0,0,0,0,0
0,0,0,0,0,1,1,0,0,0,7,6,0,0,3,3
0,0,0,0,1,1,0,7,0,7,6,9,0,3,3,20
0,0,0,0,1,0,7,0,7,6,9,0,3,3,20,0
0,1,1,0,0,0,7,6,0,0,3,3,0,3,3,15
1,1,0,7,0,7,6,9,0,3,3,20,3,3,15,9
1,0,7,0,7,6,9,0,3,3,20,0,3,15,9,0
0,0,7,6,0,0,3,3,0,3,3,15,0,0,0,0
0,7,6,9,0,3,3,20,3,3,15,9,0,0,0,0
7,6,9,0,3,3,20,0,3,15,9,0,0,0,0,0
0,0,0,0,0,1,3,0,0,5,1,7,0,20,20,9
0,0,0,0,1,3,0,0,5,1,7,12,20,20,9,20
0,0,0,0,3,0,0,0,1,7,12,0,20,9,20,0
0,1,3,0,0,5,1,7,0,20,20,9,0,6,12,18
1,3,0,0,5,1,7,12,20,20,9,20,6,12,18,22
3,0,0,0,1,7,12,0,20,9,20,0,12,18,22,0
0,5,1,7,0,20,20,9,0,6,12,18,0,0,0,0
5,1,7,12,20,20,9,20,6,12,18,22,0,0,0,0
1,7,12,0,20,9,20,0,12,18,22,0,0,0,0,0
0,0,0,0,0,0,0,0,0,1,0,3,0,5,0,0
0,0,0,0,0,0,0,0,1,0,3,0,5,0,0,0
0,0,0,0,0,0,0,0,0,3,0,0,0,0,0,0
0,0,0,0,0,1,0,3,0,5,0,0,0,0,0,0
0,0,0,0,1,0,3,0,5,0,0,0,0,0,0,0
0,0,0,0,0,3,0,0,0,0,0,0,0,0,0,0
0,1,0,3,0,5,0,0,0,0,0,0,0,0,0,0
1,0,3,0,5,0,0,0,0,0,0,0,0,0,0,0
0,3,0,0,0,0,0,0,0,0,0,0,0,0,0,0
0,0,0,0,0,0,0,0,0,0,0,0,0,0,0,7
0,0,0,0,0,0,0,0,0,0,0,0,0,0,7,7
0,0,0,0,0,0,0,0,0,0,0,0,0,7,7,0
0,0,0,0,0,0,0,0,0,0,0,7,0,0,0,0
0,0,0,0,0,0,0,0,0,0,7,7,0,0,0,0
0,0,0,0,0,0,0,0,0,7,7,0,0,0,0,0
0,0,0,0,0,0,0,7,0,0,0,0,0,0,0,0
0,0,0,0,0,0,7,7,0,0,0,0,0,0,0,0
0,0,0,0,0,7,7,0,0,0,0,0,0,0,0,0
0,0,0,0,0,0,0,1,0,12,10,5,0,12,12,12
0,0,0,0,0,0,1,0,12,10,5,15,12,12,12,20
0,0,0,0,0,1,0,0,10,5,15,0,12,12,20,0
0,0,0,1,0,12,10,5,0,12,12,12,0,6,36,18
0,0,1,0,12,10,5,15,12,12,12,20,6,36,18,17
0,1,0,0,10,5,15,0,12,12,20,0,36,18,17,0
0,12,10,5,0,12,12,12,0,6,36,18,0,0,0,0
12,10,5,15,12,12,12,20,6,36,18,17,0,0,0,0
10,5,15,0,12,12,20,0,36,18,17,0,0,0,0,0
0,0,0,0,0,0,0,0,0,0,0,0,0,0,0,0
0,0,0,0,0,0,0,0,0,0,0,0,0,0,0,0
0,0,0,0,0,0,0,0,0,0,0,0,0,0,0,0
0,0,0,0,0,0,0,0,0,0,0,0,0,0,0,0
0,0,0,0,0,0,0,0,0,0,0,0,0,0,0,0
0,0,0,0,0,0,0,0,0,0,0,0,0,0,0,0
0,0,0,0,0,0,0,0,0,0,0,0,0,0,0,0
0,0,0,0,0,0,0,0,0,0,0,0,0,0,0,0
0,0,0,0,0,0,0,0,0,0,0,0,0,0,0,0
0,0,0,0,0,0,0,0,0,5,0,0,0,0,15,1
0,0,0,0,0,0,0,0,5,0,0,0,0,15,1,0
0,0,0,0,0,0,0,0,0,0,0,0,15,1,0,0
0,0,0,0,0,5,0,0,0,0,15,1,0,0,0,0
0,0,0,0,5,0,0,0,0,15,1,0,0,0,0,6
0,0,0,0,0,0,0,0,15,1,0,0,0,0,6,0
0,5,0,0,0,0,15,1,0,0,0,0,0,0,0,0
5,0,0,0,0,15,1,0,0,0,0,6,0,0,0,0
0,0,0,0,15,1,0,0,0,0,6,0,0,0,0,0
0,0,0,0,0,7,0,0,0,3,5,3,0,12,0,0
0,0,0,0,7,0,0,1,3,5,3,0,12,0,0,0
0,0,0,0,0,0,1,0,5,3,0,0,0,0,0,0
0,7,0,0,0,3,5,3,0,12,0,0,0,7,22,0
7,0,0,1,3,5,3,0,12,0,0,0,7,22,0,0
0,0,1,0,5,3,0,0,0,0,0,0,22,0,0,0
0,3,5,3,0,12,0,0,0,7,22,0,0,0,0,0
3,5,3,0,12,0,0,0,7,22,0,0,0,0,0,0
5,3,0,0,0,0,0,0,22,0,0,0,0,0,0,0
0,0,0,0,0,0,0,0,0,0,0,0,0,0,7,0
0,0,0,0,0,0,0,0,0,0,0,0,0,7,0,0
0,0,0,0,0,0,0,0,0,0,0,0,7,0,0,0
0,0,0,0,0,0,0,0,0,0,7,0,0,0,0,0
0,0,0,0,0,0,0,0,0,7,0,0,0,0,0,0
0,0,0,0,0,0,0,0,7,0,0,0,0,0,0,0
0,0,0,0,0,0,7,0,0,0,0,0,0,0,0,0
0,0,0,0,0,7,0,0,0,0,0,0,0,0,0,0
0,0,0,0,7,0,0,0,0,0,0,0,0,0,0,0
0,0,0,0,0,3,3,6,0,5,7,0,0,10,7,1
0,0,0,0,3,3,6,7,5,7,0,5,10,7,1,11
0,0,0,0,3,6,7,0,7,0,5,0,7,1,11,0
0,3,3,6,0,5,7,0,0,10,7,1,0,1,5,0
3,3,6,7,5,7,0,5,10,7,1,11,1,5,0,9
3,6,7,0,7,0,5,0,7,1,11,0,5,0,9,0
0,5,7,0,0,10,7,1,0,1,5,0,0,0,0,0
5,7,0,5,10,7,1,11,1,5,0,9,0,0,0,0
7,0,5,0,7,1,11,0,5,0,9,0,0,0,0,0
0,0,0,0,0,0,0,0,0,3,0,0,0,9,0,0
0,0,0,0,0,0,0,0,3,0,0,0,9,0,0,0
0,0,0,0,0,0,0,0,0,0,0,0,0,0,0,0
0,0,0,0,0,3,0,0,0,9,0,0,0,14,0,0
0,0,0,0,3,0,0,0,9,0,0,0,14,0,0,0
0,0,0,0,0,0,0,0,0,0,0,0,0,0,0,0
0,3,0,0,0,9,0,0,0,14,0,0,0,0,0,0
3,0,0,0,9,0,0,0,14,0,0,0,0,0,0,0
0,0,0,0,0,0,0,0,0,0,0,0,0,0,0,0
0,0,0,0,0,0,3,3,0,0,7,3,0,12,0,0
0,0,0,0,0,3,3,0,0,7,3,0,12,0,0,3
0,0,0,0,3,3,0,0,7,3,0,0,0,0,3,0
0,0,3,3,0,0,7,3,0,12,0,0,0,0,12,0
0,3,3,0,0,7,3,0,12,0,0,3,0,12,0,0
3,3,0,0,7,3,0,0,0,0,3,0,12,0,0,0
0,0,7,3,0,12,0,0,0,0,12,0,0,0,0,0
0,7,3,0,12,0,0,3,0,12,0,0,0,0,0,0
7,3,0,0,0,0,3,0,12,0,0,0,0,0,0,0
0,0,0,0,0,0,3,0,0,0,7,7,0,0,7,0
0,0,0,0,0,3,0,3,0,7,7,0,0,7,0,3
0,0,0,0,3,0,3,0,7,7,0,0,7,0,3,0
0,0,3,0,0,0,7,7,0,0,7,0,0,0,0,0
0,3,0,3,0,7,7,0,0,7,0,3,0,0,0,0
3,0,3,0,7,7,0,0,7,0,3,0,0,0,0,0
0,0,7,7,0,0,7,0,0,0,0,0,0,0,0,0
0,7,7,0,0,7,0,3,0,0,0,0,0,0,0,0
7,7,0,0,7,0,3,0,0,0,0,0,0,0,0,0
0,0,0,0,0,3,0,0,0,0,0,0,0,0,0,0
0,0,0,0,3,0,0,0,0,0,0,0,0,0,0,0
0,0,0,0,0,0,0,0,0,0,0,0,0,0,0,0
0,3,0,0,0,0,0,0,0,0,0,0,0,1,0,0
3,0,0,0,0,0,0,0,0,0,0,0,1,0,0,0
0,0,0,0,0,0,0,0,0,0,0,0,0,0,0,0
0,0,0,0,0,0,0,0,0,1,0,0,0,0,0,0
0,0,0,0,0,0,0,0,1,0,0,0,0,0,0,0
0,0,0,0,0,0,0,0,0,0,0,0,0,0,0,0
0,0,0,0,0,1,11,1,0,0,7,1,0,7,3,0
0,0,0,0,1,11,1,6,0,7,1,0,7,3,0,0
0,0,0,0,11,1,6,0,7,1,0,0,3,0,0,0
0,1,11,1,0,0,7,1,0,7,3,0,0,0,0,1
1,11,1,6,0,7,1,0,7,3,0,0,0,0,1,3
11,1,6,0,7,1,0,0,3,0,0,0,0,1,3,0
0,0,7,1,0,7,3,0,0,0,0,1,0,0,0,0
0,7,1,0,7,3,0,0,0,0,1,3,0,0,0,0
7,1,0,0,3,0,0,0,0,1,3,0,0,0,0,0
0,0,0,0,0,0,0,0,0,0,0,0,0,0,0,5
0,0,0,0,0,0,0,0,0,0,0,3,0,0,5,0
0,0,0,0,0,0,0,0,0,0,3,0,0,5,0,0
0,0,0,0,0,0,0,0,0,0,0,5,0,0,0,0
0,0,0,0,0,0,0,3,0,0,5,0,0,0,0,0
0,0,0,0,0,0,3,0,0,5,0,0,0,0,0,0
0,0,0,0,0,0,0,5,0,0,0,0,0,0,0,0
0,0,0,3,0,0,5,0,0,0,0,0,0,0,0,0
0,0,3,0,0,5,0,0,0,0,0,0,0,0,0,0
0,0,0,0,0,0,1,0,0,0,11,15,0,0,22,12
0,0,0,0,0,1,0,0,0,11,15,14,0,22,12,12
0,0,0,0,1,0,0,0,11,15,14,0,22,12,12,0
0,0,1,0,0,0,11,15,0,0,22,12,0,0,7,3
0,1,0,0,0,11,15,14,0,22,12,12,0,7,3,0
1,0,0,0,11,15,14,0,22,12,12,0,7,3,0,0
0,0,11,15,0,0,22,12,0,0,7,3,0,0,0,0
0,11,15,14,0,22,12,12,0,7,3,0,0,0,0,0
11,15,14,0,22,12,12,0,7,3,0,0,0,0,0,0
0,0,0,0,0,0,0,0,0,10,7,12,0,3,14,10
0,0,0,0,0,0,0,0,10,7,12,7,3,14,10,0
0,0,0,0,0,0,0,0,7,12,7,0,14,10,0,0
0,0,0,0,0,10,7,12,0,3,14,10,0,6,15,18
0,0,0,0,10,7,12,7,3,14,10,0,6,15,18,19
0,0,0,0,7,12,7,0,14,10,0,0,15,18,19,0
0,10,7,12,0,3,14,10,0,6,15,18,0,0,0,0
10,7,12,7,3,14,10,0,6,15,18,19,0,0,0,0
7,12,7,0,14,10,0,0,15,18,19,0,0,0,0,0
0,0,0,0,0,12,12,10,0,12,12,3,0,15,23,9
0,0,0,0,12,12,10,3,12,12,3,3,15,23,9,11
0,0,0,0,12,10,3,0,12,3,3,0,23,9,11,0
0,12,12,10,0,12,12,3,0,15,23,9,0,12,22,18
12,12,10,3,12,12,3,3,15,23,9,11,12,22,18,7
12,10,3,0,12,3,3,0,23,9,11,0,22,18,7,0
0,12,12,3,0,15,23,9,0,12,22,18,0,0,0,0
12,12,3,3,15,23,9,11,12,22,18,7,0,0,0,0
12,3,3,0,23,9,11,0,22,18,7,0,0,0,0,0
0,0,0,0,0,0,1,1,0,0,3,7,0,7,0,7
0,0,0,0,0,1,1,3,0,3,7,11,7,0,7,11
0,0,0,0,1,1,3,0,3,7,11,0,0,7,11,0
0,0,1,1,0,0,3,7,0,7,0,7,0,12,23,7
0,1,1,3,0,3,7,11,7,0,7,11,12,23,7,14
1,1,3,0,3,7,11,0,0,7,11,0,23,7,14,0
0,0,3,7,0,7,0,7,0,12,23,7,0,0,0,0
0,3,7,11,7,0,7,11,12,23,7,14,0,0,0,0
3,7,11,0,0,7,11,0,23,7,14,0,0,0,0,0
0,0,0,0,0,0,0,0,0,0,0,1,0,0,0,0
0,0,0,0,0,0,0,0,0,0,1,0,0,0,0,0
0,0,0,0,0,0,0,0,0,1,0,0,0,0,0,0
0,0,0,0,0,0,0,1,0,0,0,0,0,0,12,0
0,0,0,0,0,0,1,0,0,0,0,0,0,12,0,0
0,0,0,0,0,1,0,0,0,0,0,0,12,0,0,0
0,0,0,1,0,0,0,0,0,0,12,0,0,0,0,0
0,0,1,0,0,0,0,0,0,12,0,0,0,0,0,0
0,1,0,0,0,0,0,0,12,0,0,0,0,0,0,0
0,0,0,0,0,0,0,0,0,0,0,0,0,0,0,7
0,0,0,0,0,0,0,0,0,0,0,1,0,0,7,0
0,0,0,0,0,0,0,0,0,0,1,0,0,7,0,0
0,0,0,0,0,0,0,0,0,0,0,7,0,0,5,7
0,0,0,0,0,0,0,1,0,0,7,0,0,5,7,0
0,0,0,0,0,0,1,0,0,7,0,0,5,7,0,0
0,0,0,0,0,0,0,7,0,0,5,7,0,0,0,0
0,0,0,1,0,0,7,0,0,5,7,0,0,0,0,0
0,0,1,0,0,7,0,0,5,7,0,0,0,0,0,0
0,0,0,0,0,0,0,0,0,0,0,0,0,0,0,0
0,0,0,0,0,0,0,0,0,0,0,0,0,0,0,0
0,0,0,0,0,0,0,0,0,0,0,0,0,0,0,0
0,0,0,0,0,0,0,0,0,0,0,0,0,3,0,0
0,0,0,0,0,0,0,0,0,0,0,0,3,0,0,0
0,0,0,0,0,0,0,0,0,0,0,0,0,0,0,0
0,0,0,0,0,0,0,0,0,3,0,0,0,0,0,0
0,0,0,0,0,0,0,0,3,0,0,0,0,0,0,0
0,0,0,0,0,0,0,0,0,0,0,0,0,0,0,0
0,0,0,0,0,1,3,1,0,11,7,5,0,15,0,0
0,0,0,0,1,3,1,0,11,7,5,7,15,0,0,0
0,0,0,0,3,1,0,0,7,5,7,0,0,0,0,0
0,1,3,1,0,11,7,5,0,15,0,0,0,11,7,0
1,3,1,0,11,7,5,7,15,0,0,0,11,7,0,7
3,1,0,0,7,5,7,0,0,0,0,0,7,0,7,0
0,11,7,5,0,15,0,0,0,11,7,0,0,0,0,0
11,7,5,7,15,0,0,0,11,7,0,7,0,0,0,0
7,5,7,0,0,0,0,0,7,0,7,0,0,0,0,0
0,0,0,0,0,3,12,7,0,15,24,14,0,15,25,15
0,0,0,0,3,12,7,7,15,24,14,20,15,25,15,12
0,0,0,0,12,7,7,0,24,14,20,0,25,15,12,0
0,3,12,7,0,15,24,14,0,15,25,15,0,12,19,21
3,12,7,7,15,24,14,20,15,25,15,12,12,19,21,15
12,7,7,0,24,14,20,0,25,15,12,0,19,21,15,0
0,15,24,14,0,15,25,15,0,12,19,21,0,0,0,0
15,24,14,20,15,25,15,12,12,19,21,15,0,0,0,0
24,14,20,0,25,15,12,0,19,21,15,0,0,0,0,0
0,0,0,0,0,0,0,0,0,5,0,0,0,10,0,5
0,0,0,0,0,0,0,0,5,0,0,3,10,0,5,3
0,0,0,0,0,0,0,0,0,0,3,0,0,5,3,0
0,0,0,0,0,5,0,0,0,10,0,5,0,0,0,0
0,0,0,0,5,0,0,3,10,0,5,3,0,0,0,0
0,0,0,0,0,0,3,0,0,5,3,0,0,0,0,0
0,5,0,0,0,10,0,5,0,0,0,0,0,0,0,0
5,0,0,3,10,0,5,3,0,0,0,0,0,0,0,0
0,0,3,0,0,5,3,0,0,0,0,0,0,0,0,0
0,0,0,0,0,12,12,5,0,10,9,0,0,24,1,0
0,0,0,0,12,12,5,9,10,9,0,6,24,1,0,0
0,0,0,0,12,5,9,0,9,0,6,0,1,0,0,0
0,12,12,5,0,10,9,0,0,24,1,0,0,15,0,0
12,12,5,9,10,9,0,6,24,1,0,0,15,0,0,0
12,5,9,0,9,0,6,0,1,0,0,0,0,0,0,0
0,10,9,0,0,24,1,0,0,15,0,0,0,0,0,0
10,9,0,6,24,1,0,0,15,0,0,0,0,0,0,0
9,0,6,0,1,0,0,0,0,0,0,0,0,0,0,0
0,0,0,0,0,3,7,1,0,24,0,7,0,15,12,7
0,0,0,0,3,7,1,3,24,0,7,22,15,12,7,14
0,0,0,0,7,1,3,0,0,7,22,0,12,7,14,0
0,3,7,1,0,24,0,7,0,15,12,7,0,17,0,12
3,7,1,3,24,0,7,22,15,12,7,14,17,0,12,17
7,1,3,0,0,7,22,0,12,7,14,0,0,12,17,0
0,24,0,7,0,15,12,7,0,17,0,12,0,0,0,0
24,0,7,22,15,12,7,14,17,0,12,17,0,0,0,0
0,7,22,0,12,7,14,0,0,12,17,0,0,0,0,0
0,0,0,0,0,0,0,0,0,0,0,0,0,0,0,0
0,0,0,0,0,0,0,0,0,0,0,1,0,0,0,5
0,0,0,0,0,0,0,0,0,0,1,0,0,0,5,0
0,0,0,0,0,0,0,0,0,0,0,0,0,0,0,0
0,0,0,0,0,0,0,1,0,0,0,5,0,0,0,3
0,0,0,0,0,0,1,0,0,0,5,0,0,0,3,0
0,0,0,0,0,0,0,0,0,0,0,0,0,0,0,0
0,0,0,1,0,0,0,5,0,0,0,3,0,0,0,0
0,0,1,0,0,0,5,0,0,0,3,0,0,0,0,0
0,0,0,0,0,0,0,0,0,5,0,0,0,3,7,0
0,0,0,0,0,0,0,0,5,0,0,0,3,7,0,0
0,0,0,0,0,0,0,0,0,0,0,0,7,0,0,0
0,0,0,0,0,5,0,0,0,3,7,0,0,5,0,0
0,0,0,0,5,0,0,0,3,7,0,0,5,0,0,0
0,0,0,0,0,0,0,0,7,0,0,0,0,0,0,0
0,5,0,0,0,3,7,0,0,5,0,0,0,0,0,0
5,0,0,0,3,7,0,0,5,0,0,0,0,0,0,0
0,0,0,0,7,0,0,0,0,0,0,0,0,0,0,0
0,0,0,0,0,3,1,1,0,0,0,0,0,0,0,0
0,0,0,0,3,1,1,0,0,0,0,3,0,0,0,0
0,0,0,0,1,1,0,0,0,0,3,0,0,0,0,0
0,3,1,1,0,0,0,0,0,0,0,0,0,0,0,0
3,1,1,0,0,0,0,3,0,0,0,0,0,0,0,0
1,1,0,0,0,0,3,0,0,0,0,0,0,0,0,0
0,0,0,0,0,0,0,0,0,0,0,0,0,0,0,0
0,0,0,3,0,0,0,0,0,0,0,0,0,0,0,0
0,0,3,0,0,0,0,0,0,0,0,0,0,0,0,0
0,0,0,0,0,0,0,0,0,0,0,0,0,0,0,0
0,0,0,0,0,0,0,0,0,0,0,0,0,0,0,0
0,0,0,0,0,0,0,0,0,0,0,0,0,0,0,0
0,0,0,0,0,0,0,0,0,0,0,0,0,0,0,0
0,0,0,0,0,0,0,0,0,0,0,0,0,0,0,0
0,0,0,0,0,0,0,0,0,0,0,0,0,0,0,0
0,0,0,0,0,0,0,0,0,0,0,0,0,0,0,0
0,0,0,0,0,0,0,0,0,0,0,0,0,0,0,0
0,0,0,0,0,0,0,0,0,0,0,0,0,0,0,0
0,0,0,0,0,0,0,0,0,0,0,0,0,0,0,6
0,0,0,0,0,0,0,6,0,0,0,0,0,0,6,1
0,0,0,0,0,0,6,0,0,0,0,0,0,6,1,0
0,0,0,0,0,0,0,0,0,0,0,6,0,0,0,7
0,0,0,6,0,0,0,0,0,0,6,1,0,0,7,0
0,0,6,0,0,0,0,0,0,6,1,0,0,7,0,0
0,0,0,0,0,0,0,6,0,0,0,7,0,0,0,0
0,0,0,0,0,0,6,1,0,0,7,0,0,0,0,0
0,0,0,0,0,6,1,0,0,7,0,0,0,0,0,0
0,0,0,0,0,3,3,3,0,0,0,0,0,3,0,0
0,0,0,0,3,3,3,7,0,0,0,9,3,0,0,5
0,0,0,0,3,3,7,0,0,0,9,0,0,0,5,0
0,3,3,3,0,0,0,0,0,3,0,0,0,1,0,3
3,3,3,7,0,0,0,9,3,0,0,5,1,0,3,0
3,3,7,0,0,0,9,0,0,0,5,0,0,3,0,0
0,0,0,0,0,3,0,0,0,1,0,3,0,0,0,0
0,0,0,9,3,0,0,5,1,0,3,0,0,0,0,0
0,0,9,0,0,0,5,0,0,3,0,0,0,0,0,0
0,0,0,0,0,0,12,11,0,11,7,18,0,23,30,23
0,0,0,0,0,12,11,9,11,7,18,23,23,30,23,22
0,0,0,0,12,11,9,0,7,18,23,0,30,23,22,0
0,0,12,11,0,11,7,18,0,23,30,23,0,22,48,21
0,12,11,9,11,7,18,23,23,30,23,22,22,48,21,24
12,11,9,0,7,18,23,0,30,23,22,0,48,21,24,0
0,11,7,18,0,23,30,23,0,22,48,21,0,0,0,0
11,7,18,23,23,30,23,22,22,48,21,24,0,0,0,0
7,18,23,0,30,23,22,0,48,21,24,0,0,0,0,0
0,0,0,0,0,0,0,3,0,3,0,0,0,0,0,0
0,0,0,0,0,0,3,0,3,0,0,6,0,0,0,0
0,0,0,0,0,3,0,0,0,0,6,0,0,0,0,0
0,0,0,3,0,3,0,0,0,0,0,0,0,0,0,0
0,0,3,0,3,0,0,6,0,0,0,0,0,0,0,0
0,3,0,0,0,0,6,0,0,0,0,0,0,0,0,0
0,3,0,0,0,0,0,0,0,0,0,0,0,0,0,0
3,0,0,6,0,0,0,0,0,0,0,0,0,0,0,0
0,0,6,0,0,0,0,0,0,0,0,0,0,0,0,0
0,0,0,0,0,0,3,0,0,0,7,7,0,7,14,12
0,0,0,0,0,3,0,0,0,7,7,3,7,14,12,12
0,0,0,0,3,0,0,0,7,7,3,0,14,12,12,0
0,0,3,0,0,0,7,7,0,7,14,12,0,0,7,0
0,3,0,0,0,7,7,3,7,14,12,12,0,7,0,3
3,0,0,0,7,7,3,0,14,12,12,0,7,0,3,0
0,0,7,7,0,7,14,12,0,0,7,0,0,0,0,0
0,7,7,3,7,14,12,12,0,7,0,3,0,0,0,0
7,7,3,0,14,12,12,0,7,0,3,0,0,0,0,0
0,0,0,0,0,0,0,0,0,0,0,0,0,0,0,0
0,0,0,0,0,0,0,0,0,0,0,0,0,0,0,0
0,0,0,0,0,0,0,0,0,0,0,0,0,0,0,0
0,0,0,0,0,0,0,0,0,0,0,0,0,0,0,0
0,0,0,0,0,0,0,0,0,0,0,0,0,0,0,0
0,0,0,0,0,0,0,0,0,0,0,0,0,0,0,0
0,0,0,0,0,0,0,0,0,0,0,0,0,0,0,0
0,0,0,0,0,0,0,0,0,0,0,0,0,0,0,0
0,0,0,0,0,0,0,0,0,0,0,0,0,0,0,0
0,0,0,0,0,0,0,0,0,0,6,7,0,9,3,7
0,0,0,0,0,0,0,0,0,6,7,0,9,3,7,3
0,0,0,0,0,0,0,0,6,7,0,0,3,7,3,0
0,0,0,0,0,0,6,7,0,9,3,7,0,0,6,0
0,0,0,0,0,6,7,0,9,3,7,3,0,6,0,7
0,0,0,0,6,7,0,0,3,7,3,0,6,0,7,0
0,0,6,7,0,9,3,7,0,0,6,0,0,0,0,0
0,6,7,0,9,3,7,3,0,6,0,7,0,0,0,0
6,7,0,0,3,7,3,0,6,0,7,0,0,0,0,0
0,0,0,0,0,0,0,0,0,0,0,0,0,0,1,5
0,0,0,0,0,0,0,0,0,0,0,0,0,1,5,0
0,0,0,0,0,0,0,0,0,0,0,0,1,5,0,0
0,0,0,0,0,0,0,0,0,0,1,5,0,1,1,7
0,0,0,0,0,0,0,0,0,1,5,0,1,1,7,0
0,0,0,0,0,0,0,0,1,5,0,0,1,7,0,0
0,0,0,0,0,0,1,5,0,1,1,7,0,0,0,0
0,0,0,0,0,1,5,0,1,1,7,0,0,0,0,0
0,0,0,0,1,5,0,0,1,7,0,0,0,0,0,0
0,0,0,0,0,5,3,0,0,0,0,0,0,3,0,0
0,0,0,0,5,3,0,0,0,0,0,0,3,0,0,0
0,0,0,0,3,0,0,0,0,0,0,0,0,0,0,0
0,5,3,0,0,0,0,0,0,3,0,0,0,0,11,0
5,3,0,0,0,0,0,0,3,0,0,0,0,11,0,0
3,0,0,0,0,0,0,0,0,0,0,0,11,0,0,0
0,0,0,0,0,3,0,0,0,0,11,0,0,0,0,0
0,0,0,0,3,0,0,0,0,11,0,0,0,0,0,0
0,0,0,0,0,0,0,0,11,0,0,0,0,0,0,0
0,0,0,0,0,3,3,5,0,0,1,7,0,3,18,1
0,0,0,0,3,3,5,11,0,1,7,5,3,18,1,12
0,0,0,0,3,5,11,0,1,7,5,0,18,1,12,0
0,3,3,5,0,0,1,7,0,3,18,1,0,11,15,9
3,3,5,11,0,1,7,5,3,18,1,12,11,15,9,6
3,5,11,0,1,7,5,0,18,1,12,0,15,9,6,0
0,0,1,7,0,3,18,1,0,11,15,9,0,0,0,0
0,1,7,5,3,18,1,12,11,15,9,6,0,0,0,0
1,7,5,0,18,1,12,0,15,9,6,0,0,0,0,0
0,0,0,0,0,0,0,0,0,0,0,0,0,0,0,0
0,0,0,0,0,0,0,0,0,0,0,0,0,0,0,0
0,0,0,0,0,0,0,0,0,0,0,0,0,0,0,0
0,0,0,0,0,0,0,0,0,0,0,0,0,0,0,0
0,0,0,0,0,0,0,0,0,0,0,0,0,0,0,0
0,0,0,0,0,0,0,0,0,0,0,0,0,0,0,0
0,0,0,0,0,0,0,0,0,0,0,0,0,0,0,0
0,0,0,0,0,0,0,0,0,0,0,0,0,0,0,0
0,0,0,0,0,0,0,0,0,0,0,0,0,0,0,0
0,0,0,0,0,0,0,7,0,0,0,0,0,0,0,0
0,0,0,0,0,0,7,0,0,0,0,0,0,0,0,0
0,0,0,0,0,7,0,0,0,0,0,0,0,0,0,0
0,0,0,7,0,0,0,0,0,0,0,0,0,0,0,0
0,0,7,0,0,0,0,0,0,0,0,0,0,0,0,0
0,7,0,0,0,0,0,0,0,0,0,0,0,0,0,0
0,0,0,0,0,0,0,0,0,0,0,0,0,0,0,0
0,0,0,0,0,0,0,0,0,0,0,0,0,0,0,0
0,0,0,0,0,0,0,0,0,0,0,0,0,0,0,0
0,0,0,0,0,9,9,12,0,0,10,12,0,7,6,14
0,0,0,0,9,9,12,12,0,10,12,0,7,6,14,12
0,0,0,0,9,12,12,0,10,12,0,0,6,14,12,0
0,9,9,12,0,0,10,12,0,7,6,14,0,3,43,23
9,9,12,12,0,10,12,0,7,6,14,12,3,43,23,15
9,12,12,0,10,12,0,0,6,14,12,0,43,23,15,0
0,0,10,12,0,7,6,14,0,3,43,23,0,0,0,0
0,10,12,0,7,6,14,12,3,43,23,15,0,0,0,0
10,12,0,0,6,14,12,0,43,23,15,0,0,0,0,0
0,0,0,0,0,1,3,1,0,7,12,5,0,15,0,0
0,0,0,0,1,3,1,9,7,12,5,0,15,0,0,3
0,0,0,0,3,1,9,0,12,5,0,0,0,0,3,0
0,1,3,1,0,7,12,5,0,15,0,0,0,11,3,12
1,3,1,9,7,12,5,0,15,0,0,3,11,3,12,6
3,1,9,0,12,5,0,0,0,0,3,0,3,12,6,0
0,7,12,5,0,15,0,0,0,11,3,12,0,0,0,0
7,12,5,0,15,0,0,3,11,3,12,6,0,0,0,0
12,5,0,0,0,0,3,0,3,12,6,0,0,0,0,0
0,0,0,0,0,0,3,1,0,0,0,0,0,0,9,0
0,0,0,0,0,3,1,0,0,0,0,0,0,9,0,0
0,0,0,0,3,1,0,0,0,0,0,0,9,0,0,0
0,0,3,1,0,0,0,0,0,0,9,0,0,0,7,0
0,3,1,0,0,0,0,0,0,9,0,0,0,7,0,3
3,1,0,0,0,0,0,0,9,0,0,0,7,0,3,0
0,0,0,0,0,0,9,0,0,0,7,0,0,0,0,0
0,0,0,0,0,9,0,0,0,7,0,3,0,0,0,0
0,0,0,0,9,0,0,0,7,0,3,0,0,0,0,0
0,0,0,0,0,0,0,0,0,0,0,0,0,0,0,0
0,0,0,0,0,0,0,0,0,0,0,0,0,0,0,0
0,0,0,0,0,0,0,0,0,0,0,0,0,0,0,0
0,0,0,0,0,0,0,0,0,0,0,0,0,0,0,0
0,0,0,0,0,0,0,0,0,0,0,0,0,0,0,0
0,0,0,0,0,0,0,0,0,0,0,0,0,0,0,0
0,0,0,0,0,0,0,0,0,0,0,0,0,0,0,0
0,0,0,0,0,0,0,0,0,0,0,0,0,0,0,0
0,0,0,0,0,0,0,0,0,0,0,0,0,0,0,0
0,0,0,0,0,0,3,0,0,0,0,0,0,0,0,5
0,0,0,0,0,3,0,0,0,0,0,0,0,0,5,0
0,0,0,0,3,0,0,0,0,0,0,0,0,5,0,0
0,0,3,0,0,0,0,0,0,0,0,5,0,0,0,6
0,3,0,0,0,0,0,0,0,0,5,0,0,0,6,5
3,0,0,0,0,0,0,0,0,5,0,0,0,6,5,0
0,0,0,0,0,0,0,5,0,0,0,6,0,0,0,0
0,0,0,0,0,0,5,0,0,0,6,5,0,0,0,0
0,0,0,0,0,5,0,0,0,6,5,0,0,0,0,0
0,0,0,0,0,0,3,1,0,5,9,15,0,0,3,7
0,0,0,0,0,3,1,0,5,9,15,5,0,3,7,1
0,0,0,0,3,1,0,0,9,15,5,0,3,7,1,0
0,0,3,1,0,5,9,15,0,0,3,7,0,6,1,0
0,3,1,0,5,9,15,5,0,3,7,1,6,1,0,7
3,1,0,0,9,15,5,0,3,7,1,0,1,0,7,0
0,5,9,15,0,0,3,7,0,6,1,0,0,0,0,0
5,9,15,5,0,3,7,1,6,1,0,7,0,0,0,0
9,15,5,0,3,7,1,0,1,0,7,0,0,0,0,0
0,0,0,0,0,1,0,6,0,0,0,0,0,3,3,0
0,0,0,0,1,0,6,5,0,0,0,14,3,3,0,0
0,0,0,0,0,6,5,0,0,0,14,0,3,0,0,0
0,1,0,6,0,0,0,0,0,3,3,0,0,6,7,0
1,0,6,5,0,0,0,14,3,3,0,0,6,7,0,0
0,6,5,0,0,0,14,0,3,0,0,0,7,0,0,0
0,0,0,0,0,3,3,0,0,6,7,0,0,0,0,0
0,0,0,14,3,3,0,0,6,7,0,0,0,0,0,0
0,0,14,0,3,0,0,0,7,0,0,0,0,0,0,0
0,0,0,0,0,0,0,6,0,5,3,3,0,7,7,7
0,0,0,0,0,0,6,0,5,3,3,0,7,7,7,1
0,0,0,0,0,6,0,0,3,3,0,0,7,7,1,0
0,0,0,6,0,5,3,3,0,7,7,7,0,7,3,0
0,0,6,0,5,3,3,0,7,7,7,1,7,3,0,0
0,6,0,0,3,3,0,0,7,7,1,0,3,0,0,0
0,5,3,3,0,7,7,7,0,7,3,0,0,0,0,0
5,3,3,0,7,7,7,1,7,3,0,0,0,0,0,0
3,3,0,0,7,7,1,0,3,0,0,0,0,0,0,0
0,0,0,0,0,0,0,0,0,0,0,0,0,0,11,11
0,0,0,0,0,0,0,0,0,0,0,3,0,11,11,10
0,0,0,0,0,0,0,0,0,0,3,0,11,11,10,0
0,0,0,0,0,0,0,0,0,0,11,11,0,0,7,1
0,0,0,0,0,0,0,3,0,11,11,10,0,7,1,0
0,0,0,0,0,0,3,0,11,11,10,0,7,1,0,0
0,0,0,0,0,0,11,11,0,0,7,1,0,0,0,0
0,0,0,3,0,11,11,10,0,7,1,0,0,0,0,0
0,0,3,0,11,11,10,0,7,1,0,0,0,0,0,0
0,0,0,0,0,5,7,6,0,5,12,17,0,12,10,12
0,0,0,0,5,7,6,9,5,12,17,14,12,10,12,19
0,0,0,0,7,6,9,0,12,17,14,0,10,12,19,0
0,5,7,6,0,5,12,17,0,12,10,12,0,7,9,12
5,7,6,9,5,12,17,14,12,10,12,19,7,9,12,17
7,6,9,0,12,17,14,0,10,12,19,0,9,12,17,0
0,5,12,17,0,12,10,12,0,7,9,12,0,0,0,0
5,12,17,14,12,10,12,19,7,9,12,17,0,0,0,0
12,17,14,0,10,12,19,0,9,12,17,0,0,0,0,0
0,0,0,0,0,0,0,0,0,0,0,0,0,0,7,0
0,0,0,0,0,0,0,0,0,0,0,0,0,7,0,7
0,0,0,0,0,0,0,0,0,0,0,0,7,0,7,0
0,0,0,0,0,0,0,0,0,0,7,0,0,0,0,0
0,0,0,0,0,0,0,0,0,7,0,7,0,0,0,6
0,0,0,0,0,0,0,0,7,0,7,0,0,0,6,0
0,0,0,0,0,0,7,0,0,0,0,0,0,0,0,0
0,0,0,0,0,7,0,7,0,0,0,6,0,0,0,0
0,0,0,0,7,0,7,0,0,0,6,0,0,0,0,0
0,0,0,0,0,0,0,0,0,0,0,0,0,3,15,0
0,0,0,0,0,0,0,0,0,0,0,1,3,15,0,0
0,0,0,0,0,0,0,0,0,0,1,0,15,0,0,0
0,0,0,0,0,0,0,0,0,3,15,0,0,0,9,1
0,0,0,0,0,0,0,1,3,15,0,0,0,9,1,1
0,0,0,0,0,0,1,0,15,0,0,0,9,1,1,0
0,0,0,0,0,3,15,0,0,0,9,1,0,0,0,0
0,0,0,1,3,15,0,0,0,9,1,1,0,0,0,0
0,0,1,0,15,0,0,0,9,1,1,0,0,0,0,0
0,0,0,0,0,3,7,0,0,3,11,6,0,3,7,0
0,0,0,0,3,7,0,0,3,11,6,0,3,7,0,0
0,0,0,0,7,0,0,0,11,6,0,0,7,0,0,0
0,3,7,0,0,3,11,6,0,3,7,0,0,3,6,5
3,7,0,0,3,11,6,0,3,7,0,0,3,6,5,0
7,0,0,0,11,6,0,0,7,0,0,0,6,5,0,0
0,3,11,6,0,3,7,0,0,3,6,5,0,0,0,0
3,11,6,0,3,7,0,0,3,6,5,0,0,0,0,0
11,6,0,0,7,0,0,0,6,5,0,0,0,0,0,0
0,0,0,0,0,1,0,0,0,3,0,3,0,0,0,0
0,0,0,0,1,0,0,3,3,0,3,0,0,0,0,0
0,0,0,0,0,0,3,0,0,3,0,0,0,0,0,0
0,1,0,0,0,3,0,3,0,0,0,0,0,0,7,3
1,0,0,3,3,0,3,0,0,0,0,0,0,7,3,0
0,0,3,0,0,3,0,0,0,0,0,0,7,3,0,0
0,3,0,3,0,0,0,0,0,0,7,3,0,0,0,0
3,0,3,0,0,0,0,0,0,7,3,0,0,0,0,0
0,3,0,0,0,0,0,0,7,3,0,0,0,0,0,0
0,0,0,0,0,3,10,10,0,0,0,0,0,3,0,1
0,0,0,0,3,10,10,9,0,0,0,1,3,0,1,11
0,0,0,0,10,10,9,0,0,0,1,0,0,1,11,0
0,3,10,10,0,0,0,0,0,3,0,1,0,1,0,0
3,10,10,9,0,0,0,1,3,0,1,11,1,0,0,3
10,10,9,0,0,0,1,0,0,1,11,0,0,0,3,0
0,0,0,0,0,3,0,1,0,1,0,0,0,0,0,0
0,0,0,1,3,0,1,11,1,0,0,3,0,0,0,0
0,0,1,0,0,1,11,0,0,0,3,0,0,0,0,0
0,0,0,0,0,0,0,0,0,0,0,0,0,0,0,0
0,0,0,0,0,0,0,0,0,0,0,3,0,0,0,7
0,0,0,0,0,0,0,0,0,0,3,0,0,0,7,0
0,0,0,0,0,0,0,0,0,0,0,0,0,0,0,3
0,0,0,0,0,0,0,3,0,0,0,7,0,0,3,9
0,0,0,0,0,0,3,0,0,0,7,0,0,3,9,0
0,0,0,0,0,0,0,0,0,0,0,3,0,0,0,0
0,0,0,3,0,0,0,7,0,0,3,9,0,0,0,0
0,0,3,0,0,0,7,0,0,3,9,0,0,0,0,0
0,0,0,0,0,0,0,1,0,0,0,0,0,0,12,0
0,0,0,0,0,0,1,0,0,0,0,0,0,12,0,0
0,0,0,0,0,1,0,0,0,0,0,0,12,0,0,0
0,0,0,1,0,0,0,0,0,0,12,0,0,0,5,0
0,0,1,0,0,0,0,0,0,12,0,0,0,5,0,0
0,1,0,0,0,0,0,0,12,0,0,0,5,0,0,0
0,0,0,0,0,0,12,0,0,0,5,0,0,0,0,0
0,0,0,0,0,12,0,0,0,5,0,0,0,0,0,0
0,0,0,0,12,0,0,0,5,0,0,0,0,0,0,0
0,0,0,0,0,0,0,0,0,5,0,1,0,6,7,1
0,0,0,0,0,0,0,0,5,0,1,7,6,7,1,11
0,0,0,0,0,0,0,0,0,1,7,0,7,1,11,0
0,0,0,0,0,5,0,1,0,6,7,1,0,6,18,10
0,0,0,0,5,0,1,7,6,7,1,11,6,18,10,3
0,0,0,0,0,1,7,0,7,1,11,0,18,10,3,0
0,5,0,1,0,6,7,1,0,6,18,10,0,0,0,0
5,0,1,7,6,7,1,11,6,18,10,3,0,0,0,0
0,1,7,0,7,1,11,0,18,10,3,0,0,0,0,0
0,0,0,0,0,0,0,0,0,0,0,0,0,0,0,0
0,0,0,0,0,0,0,0,0,0,0,0,0,0,0,0
0,0,0,0,0,0,0,0,0,0,0,0,0,0,0,0
0,0,0,0,0,0,0,0,0,0,0,0,0,0,0,0
0,0,0,0,0,0,0,0,0,0,0,0,0,0,0,0
0,0,0,0,0,0,0,0,0,0,0,0,0,0,0,0
0,0,0,0,0,0,0,0,0,0,0,0,0,0,0,0
0,0,0,0,0,0,0,0,0,0,0,0,0,0,0,0
0,0,0,0,0,0,0,0,0,0,0,0,0,0,0,0
0,0,0,0,0,1,0,0,0,3,3,9,0,10,0,0
0,0,0,0,1,0,0,0,3,3,9,3,10,0,0,3
0,0,0,0,0,0,0,0,3,9,3,0,0,0,3,0
0,1,0,0,0,3,3,9,0,10,0,0,0,5,10,9
1,0,0,0,3,3,9,3,10,0,0,3,5,10,9,0
0,0,0,0,3,9,3,0,0,0,3,0,10,9,0,0
0,3,3,9,0,10,0,0,0,5,10,9,0,0,0,0
3,3,9,3,10,0,0,3,5,10,9,0,0,0,0,0
3,9,3,0,0,0,3,0,10,9,0,0,0,0,0,0
0,0,0,0,0,0,0,0,0,0,0,0,0,0,0,0
0,0,0,0,0,0,0,0,0,0,0,0,0,0,0,0
0,0,0,0,0,0,0,0,0,0,0,0,0,0,0,0
0,0,0,0,0,0,0,0,0,0,0,0,0,0,0,0
0,0,0,0,0,0,0,0,0,0,0,0,0,0,0,0
0,0,0,0,0,0,0,0,0,0,0,0,0,0,0,0
0,0,0,0,0,0,0,0,0,0,0,0,0,0,0,0
0,0,0,0,0,0,0,0,0,0,0,0,0,0,0,0
0,0,0,0,0,0,0,0,0,0,0,0,0,0,0,0
0,0,0,0,0,6,14,14,0,6,12,24,0,9,40,33
0,0,0,0,6,14,14,12,6,12,24,27,9,40,33,21
0,0,0,0,14,14,12,0,12,24,27,0,40,33,21,0
0,6,14,14,0,6,12,24,0,9,40,33,0,12,17,24
6,14,14,12,6,12,24,27,9,40,33,21,12,17,24,20
14,14,12,0,12,24,27,0,40,33,21,0,17,24,20,0
0,6,12,24,0,9,40,33,0,12,17,24,0,0,0,0
6,12,24,27,9,40,33,21,12,17,24,20,0,0,0,0
12,24,27,0,40,33,21,0,17,24,20,0,0,0,0,0
0,0,0,0,0,0,0,0,0,6,0,0,0,9,0,0
0,0,0,0,0,0,0,0,6,0,0,0,9,0,0,0
0,0,0,0,0,0,0,0,0,0,0,0,0,0,0,0
0,0,0,0,0,6,0,0,0,9,0,0,0,0,0,0
0,0,0,0,6,0,0,0,9,0,0,0,0,0,0,0
0,0,0,0,0,0,0,0,0,0,0,0,0,0,0,0
0,6,0,0,0,9,0,0,0,0,0,0,0,0,0,0
6,0,0,0,9,0,0,0,0,0,0,0,0,0,0,0
0,0,0,0,0,0,0,0,0,0,0,0,0,0,0,0
0,0,0,0,0,0,7,6,0,0,0,0,0,3,0,5
0,0,0,0,0,7,6,0,0,0,0,0,3,0,5,0
0,0,0,0,7,6,0,0,0,0,0,0,0,5,0,0
0,0,7,6,0,0,0,0,0,3,0,5,0,0,3,1
0,7,6,0,0,0,0,0,3,0,5,0,0,3,1,0
7,6,0,0,0,0,0,0,0,5,0,0,3,1,0,0
0,0,0,0,0,3,0,5,0,0,3,1,0,0,0,0
0,0,0,0,3,0,5,0,0,3,1,0,0,0,0,0
0,0,0,0,0,5,0,0,3,1,0,0,0,0,0,0
0,0,0,0,0,0,0,0,0,1,7,3,0,0,0,0
0,0,0,0,0,0,0,0,1,7,3,0,0,0,0,0
0,0,0,0,0,0,0,0,7,3,0,0,0,0,0,0
0,0,0,0,0,1,7,3,0,0,0,0,0,0,0,0
0,0,0,0,1,7,3,0,0,0,0,0,0,0,0,0
0,0,0,0,7,3,0,0,0,0,0,0,0,0,0,0
0,1,7,3,0,0,0,0,0,0,0,0,0,0,0,0
1,7,3,0,0,0,0,0,0,0,0,0,0,0,0,0
7,3,0,0,0,0,0,0,0,0,0,0,0,0,0,0
0,0,0,0,0,0,0,9,0,0,11,20,0,1,9,9
0,0,0,0,0,0,9,11,0,11,20,10,1,9,9,21
0,0,0,0,0,9,11,0,11,20,10,0,9,9,21,0
0,0,0,9,0,0,11,20,0,1,9,9,0,7,19,17
0,0,9,11,0,11,20,10,1,9,9,21,7,19,17,12
0,9,11,0,11,20,10,0,9,9,21,0,19,17,12,0
0,0,11,20,0,1,9,9,0,7,19,17,0,0,0,0
0,11,20,10,1,9,9,21,7,19,17,12,0,0,0,0
11,20,10,0,9,9,21,0,19,17,12,0,0,0,0,0
0,0,0,0,0,0,0,0,0,0,0,0,0,0,0,0
0,0,0,0,0,0,0,0,0,0,0,0,0,0,0,0
0,0,0,0,0,0,0,0,0,0,0,0,0,0,0,0
0,0,0,0,0,0,0,0,0,0,0,0,0,0,0,0
0,0,0,0,0,0,0,0,0,0,0,0,0,0,0,0
0,0,0,0,0,0,0,0,0,0,0,0,0,0,0,0
0,0,0,0,0,0,0,0,0,0,0,0,0,0,0,0
0,0,0,0,0,0,0,0,0,0,0,0,0,0,0,0
0,0,0,0,0,0,0,0,0,0,0,0,0,0,0,0
0,0,0,0,0,1,0,0,0,5,0,0,0,0,1,0
0,0,0,0,1,0,0,0,5,0,0,0,0,1,0,0
0,0,0,0,0,0,0,0,0,0,0,0,1,0,0,0
0,1,0,0,0,5,0,0,0,0,1,0,0,0,0,0
1,0,0,0,5,0,0,0,0,1,0,0,0,0,0,0
0,0,0,0,0,0,0,0,1,0,0,0,0,0,0,0
0,5,0,0,0,0,1,0,0,0,0,0,0,0,0,0
5,0,0,0,0,1,0,0,0,0,0,0,0,0,0,0
0,0,0,0,1,0,0,0,0,0,0,0,0,0,0,0
0,0,0,0,0,1,3,5,0,0,0,0,0,0,0,0
0,0,0,0,1,3,5,3,0,0,0,0,0,0,0,0
0,0,0,0,3,5,3,0,0,0,0,0,0,0,0,0
0,1,3,5,0,0,0,0,0,0,0,0,0,0,0,0
1,3,5,3,0,0,0,0,0,0,0,0,0,0,0,0
3,5,3,0,0,0,0,0,0,0,0,0,0,0,0,0
0,0,0,0,0,0,0,0,0,0,0,0,0,0,0,0
0,0,0,0,0,0,0,0,0,0,0,0,0,0,0,0
0,0,0,0,0,0,0,0,0,0,0,0,0,0,0,0
0,0,0,0,0,0,0,0,0,0,0,7,0,9,7,0
0,0,0,0,0,0,0,5,0,0,7,5,9,7,0,5
0,0,0,0,0,0,5,0,0,7,5,0,7,0,5,0
0,0,0,0,0,0,0,7,0,9,7,0,0,3,7,10
0,0,0,5,0,0,7,5,9,7,0,5,3,7,10,12
0,0,5,0,0,7,5,0,7,0,5,0,7,10,12,0
0,0,0,7,0,9,7,0,0,3,7,10,0,0,0,0
0,0,7,5,9,7,0,5,3,7,10,12,0,0,0,0
0,7,5,0,7,0,5,0,7,10,12,0,0,0,0,0
0,0,0,0,0,0,0,0,0,10,1,0,0,12,0,7
0,0,0,0,0,0,0,0,10,1,0,0,12,0,7,0
0,0,0,0,0,0,0,0,1,0,0,0,0,7,0,0
0,0,0,0,0,10,1,0,0,12,0,7,0,9,0,0
0,0,0,0,10,1,0,0,12,0,7,0,9,0,0,0
0,0,0,0,1,0,0,0,0,7,0,0,0,0,0,0
0,10,1,0,0,12,0,7,0,9,0,0,0,0,0,0
10,1,0,0,12,0,7,0,9,0,0,0,0,0,0,0
1,0,0,0,0,7,0,0,0,0,0,0,0,0,0,0
0,0,0,0,0,0,3,0,0,0,0,0,0,0,0,0
0,0,0,0,0,3,0,1,0,0,0,0,0,0,0,0
0,0,0,0,3,0,1,0,0,0,0,0,0,0,0,0
0,0,3,0,0,0,0,0,0,0,0,0,0,0,0,0
0,3,0,1,0,0,0,0,0,0,0,0,0,0,0,0
3,0,1,0,0,0,0,0,0,0,0,0,0,0,0,0
0,0,0,0,0,0,0,0,0,0,0,0,0,0,0,0
0,0,0,0,0,0,0,0,0,0,0,0,0,0,0,0
0,0,0,0,0,0,0,0,0,0,0,0,0,0,0,0
0,0,0,0,0,0,0,3,0,0,0,0,0,0,0,0
0,0,0,0,0,0,3,0,0,0,0,0,0,0,0,0
0,0,0,0,0,3,0,0,0,0,0,0,0,0,0,0
0,0,0,3,0,0,0,0,0,0,0,0,0,0,0,0
0,0,3,0,0,0,0,0,0,0,0,0,0,0,0,0
0,3,0,0,0,0,0,0,0,0,0,0,0,0,0,0
0,0,0,0,0,0,0,0,0,0,0,0,0,0,0,0
0,0,0,0,0,0,0,0,0,0,0,0,0,0,0,0
0,0,0,0,0,0,0,0,0,0,0,0,0,0,0,0
0,0,0,0,0,0,0,0,0,3,3,10,0,12,0,7
0,0,0,0,0,0,0,3,3,3,10,5,12,0,7,11
0,0,0,0,0,0,3,0,3,10,5,0,0,7,11,0
0,0,0,0,0,3,3,10,0,12,0,7,0,6,15,12
0,0,0,3,3,3,10,5,12,0,7,11,6,15,12,15
0,0,3,0,3,10,5,0,0,7,11,0,15,12,15,0
0,3,3,10,0,12,0,7,0,6,15,12,0,0,0,0
3,3,10,5,12,0,7,11,6,15,12,15,0,0,0,0
3,10,5,0,0,7,11,0,15,12,15,0,0,0,0,0
0,0,0,0,0,1,5,7,0,3,14,12,0,12,7,14
0,0,0,0,1,5,7,3,3,14,12,12,12,7,14,19
0,0,0,0,5,7,3,0,14,12,12,0,7,14,19,0
0,1,5,7,0,3,14,12,0,12,7,14,0,11,30,27
1,5,7,3,3,14,12,12,12,7,14,19,11,30,27,15
5,7,3,0,14,12,12,0,7,14,19,0,30,27,15,0
0,3,14,12,0,12,7,14,0,11,30,27,0,0,0,0
3,14,12,12,12,7,14,19,11,30,27,15,0,0,0,0
14,12,12,0,7,14,19,0,30,27,15,0,0,0,0,0
0,0,0,0,0,0,0,0,0,0,7,0,0,0,3,0
0,0,0,0,0,0,0,0,0,7,0,0,0,3,0,0
0,0,0,0,0,0,0,0,7,0,0,0,3,0,0,0
0,0,0,0,0,0,7,0,0,0,3,0,0,3,0,1
0,0,0,0,0,7,0,0,0,3,0,0,3,0,1,0
0,0,0,0,7,0,0,0,3,0,0,0,0,1,0,0
0,0,7,0,0,0,3,0,0,3,0,1,0,0,0,0
0,7,0,0,0,3,0,0,3,0,1,0,0,0,0,0
7,0,0,0,3,0,0,0,0,1,0,0,0,0,0,0
0,0,0,0,0,0,0,0,0,7,3,1,0,11,7,19
0,0,0,0,0,0,0,3,7,3,1,14,11,7,19,20
0,0,0,0,0,0,3,0,3,1,14,0,7,19,20,0
0,0,0,0,0,7,3,1,0,11,7,19,0,18,10,11
0,0,0,3,7,3,1,14,11,7,19,20,18,10,11,10
0,0,3,0,3,1,14,0,7,19,20,0,10,11,10,0
0,7,3,1,0,11,7,19,0,18,10,11,0,0,0,0
7,3,1,14,11,7,19,20,18,10,11,10,0,0,0,0
3,1,14,0,7,19,20,0,10,11,10,0,0,0,0,0
0,0,0,0,0,0,0,0,0,0,0,5,0,0,0,0
0,0,0,0,0,0,0,0,0,0,5,0,0,0,0,0
0,0,0,0,0,0,0,0,0,5,0,0,0,0,0,0
0,0,0,0,0,0,0,5,0,0,0,0,0,0,0,0
0,0,0,0,0,0,5,0,0,0,0,0,0,0,0,0
0,0,0,0,0,5,0,0,0,0,0,0,0,0,0,0
0,0,0,5,0,0,0,0,0,0,0,0,0,0,0,0
0,0,5,0,0,0,0,0,0,0,0,0,0,0,0,0
0,5,0,0,0,0,0,0,0,0,0,0,0,0,0,0
0,0,0,0,0,0,0,0,0,0,0,0,0,0,0,0
0,0,0,0,0,0,0,0,0,0,0,0,0,0,0,0
0,0,0,0,0,0,0,0,0,0,0,0,0,0,0,0
0,0,0,0,0,0,0,0,0,0,0,0,0,0,0,9
0,0,0,0,0,0,0,0,0,0,0,0,0,0,9,0
0,0,0,0,0,0,0,0,0,0,0,0,0,9,0,0
0,0,0,0,0,0,0,0,0,0,0,9,0,0,0,0
0,0,0,0,0,0,0,0,0,0,9,0,0,0,0,0
0,0,0,0,0,0,0,0,0,9,0,0,0,0,0,0
0,0,0,0,0,6,6,0,0,6,1,7,0,7,7,0
0,0,0,0,6,6,0,5,6,1,7,7,7,7,0,10
0,0,0,0,6,0,5,0,1,7,7,0,7,0,10,0
0,6,6,0,0,6,1,7,0,7,7,0,0,0,7,7
6,6,0,5,6,1,7,7,7,7,0,10,0,7,7,7
6,0,5,0,1,7,7,0,7,0,10,0,7,7,7,0
0,6,1,7,0,7,7,0,0,0,7,7,0,0,0,0
6,1,7,7,7,7,0,10,0,7,7,7,0,0,0,0
1,7,7,0,7,0,10,0,7,7,7,0,0,0,0,0
0,0,0,0,0,0,0,0,0,0,0,9,0,1,0,0
0,0,0,0,0,0,0,0,0,0,9,0,1,0,0,0
0,0,0,0,0,0,0,0,0,9,0,0,0,0,0,0
0,0,0,0,0,0,0,9,0,1,0,0,0,0,0,0
0,0,0,0,0,0,9,0,1,0,0,0,0,0,0,5
0,0,0,0,0,9,0,0,0,0,0,0,0,0,5,0
0,0,0,9,0,1,0,0,0,0,0,0,0,0,0,0
0,0,9,0,1,0,0,0,0,0,0,5,0,0,0,0
0,9,0,0,0,0,0,0,0,0,5,0,0,0,0,0
0,0,0,0,0,0,9,11,0,22,21,15,0,25,29,14
0,0,0,0,0,9,11,15,22,21,15,25,25,29,14,25
0,0,0,0,9,11,15,0,21,15,25,0,29,14,25,0
0,0,9,11,0,22,21,15,0,25,29,14,0,24,44,31
0,9,11,15,22,21,15,25,25,29,14,25,24,44,31,22
9,11,15,0,21,15,25,0,29,14,25,0,44,31,22,0
0,22,21,15,0,25,29,14,0,24,44,31,0,0,0,0
22,21,15,25,25,29,14,25,24,44,31,22,0,0,0,0
21,15,25,0,29,14,25,0,44,31,22,0,0,0,0,0
0,0,0,0,0,0,3,3,0,0,0,5,0,0,0,0
0,0,0,0,0,3,3,0,0,0,5,0,0,0,0,0
0,0,0,0,3,3,0,0,0,5,0,0,0,0,0,0
0,0,3,3,0,0,0,5,0,0,0,0,0,11,15,12
0,3,3,0,0,0,5,0,0,0,0,0,11,15,12,5
3,3,0,0,0,5,0,0,0,0,0,0,15,12,5,0
0,0,0,5,0,0,0,0,0,11,15,12,0,0,0,0
0,0,5,0,0,0,0,0,11,15,12,5,0,0,0,0
0,5,0,0,0,0,0,0,15,12,5,0,0,0,0,0
0,0,0,0,0,0,0,0,0,0,0,3,0,0,7,0
0,0,0,0,0,0,0,0,0,0,3,0,0,7,0,0
0,0,0,0,0,0,0,0,0,3,0,0,7,0,0,0
0,0,0,0,0,0,0,3,0,0,7,0,0,0,0,0
0,0,0,0,0,0,3,0,0,7,0,0,0,0,0,0
0,0,0,0,0,3,0,0,7,0,0,0,0,0,0,0
0,0,0,3,0,0,7,0,0,0,0,0,0,0,0,0
0,0,3,0,0,7,0,0,0,0,0,0,0,0,0,0
0,3,0,0,7,0,0,0,0,0,0,0,0,0,0,0
0,0,0,0,0,0,0,0,0,0,0,0,0,0,0,0
0,0,0,0,0,0,0,0,0,0,0,0,0,0,0,5
0,0,0,0,0,0,0,0,0,0,0,0,0,0,5,0
0,0,0,0,0,0,0,0,0,0,0,0,0,0,0,0
0,0,0,0,0,0,0,0,0,0,0,5,0,0,0,0
0,0,0,0,0,0,0,0,0,0,5,0,0,0,0,0
0,0,0,0,0,0,0,0,0,0,0,0,0,0,0,0
0,0,0,0,0,0,0,5,0,0,0,0,0,0,0,0
0,0,0,0,0,0,5,0,0,0,0,0,0,0,0,0
0,0,0,0,0,7,3,9,0,0,0,0,0,0,0,0
0,0,0,0,7,3,9,9,0,0,0,1,0,0,0,0
0,0,0,0,3,9,9,0,0,0,1,0,0,0,0,0
0,7,3,9,0,0,0,0,0,0,0,0,0,0,0,0
7,3,9,9,0,0,0,1,0,0,0,0,0,0,0,0
3,9,9,0,0,0,1,0,0,0,0,0,0,0,0,0
0,0,0,0,0,0,0,0,0,0,0,0,0,0,0,0
0,0,0,1,0,0,0,0,0,0,0,0,0,0,0,0
0,0,1,0,0,0,0,0,0,0,0,0,0,0,0,0
0,0,0,0,0,0,0,0,0,0,0,0,0,3,0,0
0,0,0,0,0,0,0,0,0,0,0,0,3,0,0,0
0,0,0,0,0,0,0,0,0,0,0,0,0,0,0,0
0,0,0,0,0,0,0,0,0,3,0,0,0,0,0,0
0,0,0,0,0,0,0,0,3,0,0,0,0,0,0,0
0,0,0,0,0,0,0,0,0,0,0,0,0,0,0,0
0,0,0,0,0,3,0,0,0,0,0,0,0,0,0,0
0,0,0,0,3,0,0,0,0,0,0,0,0,0,0,0
0,0,0,0,0,0,0,0,0,0,0,0,0,0,0,0
0,0,0,0,0,7,15,11,0,12,11,14,0,12,25,20
0,0,0,0,7,15,11,21,12,11,14,28,12,25,20,22
0,0,0,0,15,11,21,0,11,14,28,0,25,20,22,0
0,7,15,11,0,12,11,14,0,12,25,20,0,9,23,23
7,15,11,21,12,11,14,28,12,25,20,22,9,23,23,23
15,11,21,0,11,14,28,0,25,20,22,0,23,23,23,0
0,12,11,14,0,12,25,20,0,9,23,23,0,0,0,0
12,11,14,28,12,25,20,22,9,23,23,23,0,0,0,0
11,14,28,0,25,20,22,0,23,23,23,0,0,0,0,0
0,0,0,0,0,0,0,3,0,0,9,6,0,0,10,3
0,0,0,0,0,0,3,6,0,9,6,6,0,10,3,0
0,0,0,0,0,3,6,0,9,6,6,0,10,3,0,0
0,0,0,3,0,0,9,6,0,0,10,3,0,0,0,0
0,0,3,6,0,9,6,6,0,10,3,0,0,0,0,5
0,3,6,0,9,6,6,0,10,3,0,0,0,0,5,0
0,0,9,6,0,0,10,3,0,0,0,0,0,0,0,0
0,9,6,6,0,10,3,0,0,0,0,5,0,0,0,0
9,6,6,0,10,3,0,0,0,0,5,0,0,0,0,0
0,0,0,0,0,0,0,0,0,1,0,0,0,3,0,0
0,0,0,0,0,0,0,0,1,0,0,0,3,0,0,0
0,0,0,0,0,0,0,0,0,0,0,0,0,0,0,0
0,0,0,0,0,1,0,0,0,3,0,0,0,0,0,0
0,0,0,0,1,0,0,0,3,0,0,0,0,0,0,0
0,0,0,0,0,0,0,0,0,0,0,0,0,0,0,0
0,1,0,0,0,3,0,0,0,0,0,0,0,0,0,0
1,0,0,0,3,0,0,0,0,0,0,0,0,0,0,0
0,0,0,0,0,0,0,0,0,0,0,0,0,0,0,0
0,0,0,0,0,3,0,3,0,9,0,10,0,3,11,1
0,0,0,0,3,0,3,3,9,0,10,22,3,11,1,6
0,0,0,0,0,3,3,0,0,10,22,0,11,1,6,0
0,3,0,3,0,9,0,10,0,3,11,1,0,9,15,17
3,0,3,3,9,0,10,22,3,11,1,6,9,15,17,18
0,3,3,0,0,10,22,0,11,1,6,0,15,17,18,0
0,9,0,10,0,3,11,1,0,9,15,17,0,0,0,0
9,0,10,22,3,11,1,6,9,15,17,18,0,0,0,0
0,10,22,0,11,1,6,0,15,17,18,0,0,0,0,0
0,0,0,0,0,7,0,7,0,3,15,15,0,10,7,0
0,0,0,0,7,0,7,9,3,15,15,9,10,7,0,12
0,0,0,0,0,7,9,0,15,15,9,0,7,0,12,0
0,7,0,7,0,3,15,15,0,10,7,0,0,7,34,20
7,0,7,9,3,15,15,9,10,7,0,12,7,34,20,17
0,7,9,0,15,15,9,0,7,0,12,0,34,20,17,0
0,3,15,15,0,10,7,0,0,7,34,20,0,0,0,0
3,15,15,9,10,7,0,12,7,34,20,17,0,0,0,0
15,15,9,0,7,0,12,0,34,20,17,0,0,0,0,0
0,0,0,0,0,0,3,1,0,0,3,0,0,0,0,0
0,0,0,0,0,3,1,1,0,3,0,0,0,0,0,0
0,0,0,0,3,1,1,0,3,0,0,0,0,0,0,0
0,0,3,1,0,0,3,0,0,0,0,0,0,3,0,0
0,3,1,1,0,3,0,0,0,0,0,0,3,0,0,0
3,1,1,0,3,0,0,0,0,0,0,0,0,0,0,0
0,0,3,0,0,0,0,0,0,3,0,0,0,0,0,0
0,3,0,0,0,0,0,0,3,0,0,0,0,0,0,0
3,0,0,0,0,0,0,0,0,0,0,0,0,0,0,0
0,0,0,0,0,0,1,0,0,1,0,3,0,0,7,15
0,0,0,0,0,1,0,0,1,0,3,7,0,7,15,11
0,0,0,0,1,0,0,0,0,3,7,0,7,15,11,0
0,0,1,0,0,1,0,3,0,0,7,15,0,0,0,7
0,1,0,0,1,0,3,7,0,7,15,11,0,0,7,15
1,0,0,0,0,3,7,0,7,15,11,0,0,7,15,0
0,1,0,3,0,0,7,15,0,0,0,7,0,0,0,0
1,0,3,7,0,7,15,11,0,0,7,15,0,0,0,0
0,3,7,0,7,15,11,0,0,7,15,0,0,0,0,0
0,0,0,0,0,0,0,0,0,0,0,0,0,0,0,0
0,0,0,0,0,0,0,0,0,0,0,0,0,0,0,0
0,0,0,0,0,0,0,0,0,0,0,0,0,0,0,0
0,0,0,0,0,0,0,0,0,0,0,0,0,0,0,0
0,0,0,0,0,0,0,0,0,0,0,0,0,0,0,0
0,0,0,0,0,0,0,0,0,0,0,0,0,0,0,0
0,0,0,0,0,0,0,0,0,0,0,0,0,0,0,0
0,0,0,0,0,0,0,0,0,0,0,0,0,0,0,0
0,0,0,0,0,0,0,0,0,0,0,0,0,0,0,0
0,0,0,0,0,0,0,0,0,0,0,0,0,0,0,0
0,0,0,0,0,0,0,0,0,0,0,0,0,0,0,1
0,0,0,0,0,0,0,0,0,0,0,0,0,0,1,0
0,0,0,0,0,0,0,0,0,0,0,0,0,3,0,0
0,0,0,0,0,0,0,0,0,0,0,1,3,0,0,0
0,0,0,0,0,0,0,0,0,0,1,0,0,0,0,0
0,0,0,0,0,0,0,0,0,3,0,0,0,0,0,0
0,0,0,0,0,0,0,1,3,0,0,0,0,0,0,0
0,0,0,0,0,0,1,0,0,0,0,0,0,0,0,0
0,0,0,0,0,5,0,0,0,7,3,7,0,7,0,11
0,0,0,0,5,0,0,7,7,3,7,6,7,0,11,12
0,0,0,0,0,0,7,0,3,7,6,0,0,11,12,0
0,5,0,0,0,7,3,7,0,7,0,11,0,12,12,7
5,0,0,7,7,3,7,6,7,0,11,12,12,12,7,3
0,0,7,0,3,7,6,0,0,11,12,0,12,7,3,0
0,7,3,7,0,7,0,11,0,12,12,7,0,0,0,0
7,3,7,6,7,0,11,12,12,12,7,3,0,0,0,0
3,7,6,0,0,11,12,0,12,7,3,0,0,0,0,0
0,0,0,0,0,6,7,11,0,3,14,11,0,0,10,7
0,0,0,0,6,7,11,11,3,14,11,15,0,10,7,15
0,0,0,0,7,11,11,0,14,11,15,0,10,7,15,0
0,6,7,11,0,3,14,11,0,0,10,7,0,7,17,7
6,7,11,11,3,14,11,15,0,10,7,15,7,17,7,3
7,11,11,0,14,11,15,0,10,7,15,0,17,7,3,0
0,3,14,11,0,0,10,7,0,7,17,7,0,0,0,0
3,14,11,15,0,10,7,15,7,17,7,3,0,0,0,0
14,11,15,0,10,7,15,0,17,7,3,0,0,0,0,0
0,0,0,0,0,0,3,3,0,0,0,0,0,0,0,0
0,0,0,0,0,3,3,0,0,0,0,0,0,0,0,0
0,0,0,0,3,3,0,0,0,0,0,0,0,0,0,0
0,0,3,3,0,0,0,0,0,0,0,0,0,0,0,0
0,3,3,0,0,0,0,0,0,0,0,0,0,0,0,0
3,3,0,0,0,0,0,0,0,0,0,0,0,0,0,0
0,0,0,0,0,0,0,0,0,0,0,0,0,0,0,0
0,0,0,0,0,0,0,0,0,0,0,0,0,0,0,0
0,0,0,0,0,0,0,0,0,0,0,0,0,0,0,0
0,0,0,0,0,0,0,0,0,3,0,0,0,0,0,0
0,0,0,0,0,0,0,0,3,0,0,0,0,0,0,0
0,0,0,0,0,0,0,0,0,0,0,0,0,0,0,0
0,0,0,0,0,3,0,0,0,0,0,0,0,0,0,0
0,0,0,0,3,0,0,0,0,0,0,0,0,0,0,0
0,0,0,0,0,0,0,0,0,0,0,0,0,0,0,0
0,3,0,0,0,0,0,0,0,0,0,0,0,0,0,0
3,0,0,0,0,0,0,0,0,0,0,0,0,0,0,0
0,0,0,0,0,0,0,0,0,0,0,0,0,0,0,0
0,0,0,0,0,5,0,0,0,15,5,0,0,12,0,0
0,0,0,0,5,0,0,0,15,5,0,3,12,0,0,0
0,0,0,0,0,0,0,0,5,0,3,0,0,0,0,0
0,5,0,0,0,15,5,0,0,12,0,0,0,12,0,0
5,0,0,0,15,5,0,3,12,0,0,0,12,0,0,0
0,0,0,0,5,0,3,0,0,0,0,0,0,0,0,0
0,15,5,0,0,12,0,0,0,12,0,0,0,0,0,0
15,5,0,3,12,0,0,0,12,0,0,0,0,0,0,0
5,0,3,0,0,0,0,0,0,0,0,0,0,0,0,0
0,0,0,0,0,0,0,0,0,5,0,0,0,3,0,0
0,0,0,0,0,0,0,0,5,0,0,0,3,0,0,0
0,0,0,0,0,0,0,0,0,0,0,0,0,0,0,0
0,0,0,0,0,5,0,0,0,3,0,0,0,3,0,0
0,0,0,0,5,0,0,0,3,0,0,0,3,0,0,0
0,0,0,0,0,0,0,0,0,0,0,0,0,0,0,0
0,5,0,0,0,3,0,0,0,3,0,0,0,0,0,0
5,0,0,0,3,0,0,0,3,0,0,0,0,0,0,0
0,0,0,0,0,0,0,0,0,0,0,0,0,0,0,0
0,0,0,0,0,0,1,0,0,0,0,0,0,3,0,0
0,0,0,0,0,1,0,0,0,0,0,0,3,0,0,0
0,0,0,0,1,0,0,0,0,0,0,0,0,0,0,0
0,0,1,0,0,0,0,0,0,3,0,0,0,0,0,0
0,1,0,0,0,0,0,0,3,0,0,0,0,0,0,0
1,0,0,0,0,0,0,0,0,0,0,0,0,0,0,0
0,0,0,0,0,3,0,0,0,0,0,0,0,0,0,0
0,0,0,0,3,0,0,0,0,0,0,0,0,0,0,0
0,0,0,0,0,0,0,0,0,0,0,0,0,0,0,0
0,0,0,0,0,0,0,0,0,5,5,0,0,0,0,3
0,0,0,0,0,0,0,0,5,5,0,7,0,0,3,0
0,0,0,0,0,0,0,0,5,0,7,0,0,3,0,0
0,0,0,0,0,5,5,0,0,0,0,3,0,0,0,0
0,0,0,0,5,5,0,7,0,0,3,0,0,0,0,3
0,0,0,0,5,0,7,0,0,3,0,0,0,0,3,0
0,5,5,0,0,0,0,3,0,0,0,0,0,0,0,0
5,5,0,7,0,0,3,0,0,0,0,3,0,0,0,0
5,0,7,0,0,3,0,0,0,0,3,0,0,0,0,0
0,0,0,0,0,3,1,7,0,0,5,9,0,0,3,0
0,0,0,0,3,1,7,9,0,5,9,3,0,3,0,0
0,0,0,0,1,7,9,0,5,9,3,0,3,0,0,0
0,3,1,7,0,0,5,9,0,0,3,0,0,1,12,7
3,1,7,9,0,5,9,3,0,3,0,0,1,12,7,10
1,7,9,0,5,9,3,0,3,0,0,0,12,7,10,0
0,0,5,9,0,0,3,0,0,1,12,7,0,0,0,0
0,5,9,3,0,3,0,0,1,12,7,10,0,0,0,0
5,9,3,0,3,0,0,0,12,7,10,0,0,0,0,0
0,0,0,0,0,0,3,7,0,1,7,3,0,1,0,1
0,0,0,0,0,3,7,3,1,7,3,3,1,0,1,1
0,0,0,0,3,7,3,0,7,3,3,0,0,1,1,0
0,0,3,7,0,1,7,3,0,1,0,1,0,0,0,0
0,3,7,3,1,7,3,3,1,0,1,1,0,0,0,0
3,7,3,0,7,3,3,0,0,1,1,0,0,0,0,0
0,1,7,3,0,1,0,1,0,0,0,0,0,0,0,0
1,7,3,3,1,0,1,1,0,0,0,0,0,0,0,0
7,3,3,0,0,1,1,0,0,0,0,0,0,0,0,0
0,0,0,0,0,0,0,0,0,5,10,9,0,0,14,7
0,0,0,0,0,0,0,0,5,10,9,5,0,14,7,9
0,0,0,0,0,0,0,0,10,9,5,0,14,7,9,0
0,0,0,0,0,5,10,9,0,0,14,7,0,9,14,11
0,0,0,0,5,10,9,5,0,14,7,9,9,14,11,7
0,0,0,0,10,9,5,0,14,7,9,0,14,11,7,0
0,5,10,9,0,0,14,7,0,9,14,11,0,0,0,0
5,10,9,5,0,14,7,9,9,14,11,7,0,0,0,0
10,9,5,0,14,7,9,0,14,11,7,0,0,0,0,0
0,0,0,0,0,0,0,0,0,0,0,0,0,0,0,0
0,0,0,0,0,0,0,0,0,0,0,0,0,0,0,0
0,0,0,0,0,0,0,0,0,0,0,0,0,0,0,0
0,0,0,0,0,0,0,0,0,0,0,0,0,0,0,0
0,0,0,0,0,0,0,0,0,0,0,0,0,0,0,0
0,0,0,0,0,0,0,0,0,0,0,0,0,0,0,0
0,0,0,0,0,0,0,0,0,0,0,0,0,0,0,0
0,0,0,0,0,0,0,0,0,0,0,0,0,0,0,0
0,0,0,0,0,0,0,0,0,0,0,0,0,0,0,0
0,0,0,0,0,7,12,14,0,5,10,11,0,11,21,17
0,0,0,0,7,12,14,14,5,10,11,3,11,21,17,6
0,0,0,0,12,14,14,0,10,11,3,0,21,17,6,0
0,7,12,14,0,5,10,11,0,11,21,17,0,11,9,17
7,12,14,14,5,10,11,3,11,21,17,6,11,9,17,7
12,14,14,0,10,11,3,0,21,17,6,0,9,17,7,0
0,5,10,11,0,11,21,17,0,11,9,17,0,0,0,0
5,10,11,3,11,21,17,6,11,9,17,7,0,0,0,0
10,11,3,0,21,17,6,0,9,17,7,0,0,0,0,0
0,0,0,0,0,0,0,0,0,0,0,0,0,0,0,0
0,0,0,0,0,0,0,0,0,0,0,0,0,0,0,0
0,0,0,0,0,0,0,0,0,0,0,0,0,0,0,0
0,0,0,0,0,0,0,0,0,0,0,0,0,1,0,0
0,0,0,0,0,0,0,0,0,0,0,0,1,0,0,0
0,0,0,0,0,0,0,0,0,0,0,0,0,0,0,0
0,0,0,0,0,0,0,0,0,1,0,0,0,0,0,0
0,0,0,0,0,0,0,0,1,0,0,0,0,0,0,0
0,0,0,0,0,0,0,0,0,0,0,0,0,0,0,0
0,0,0,0,0,3,0,0,0,3,0,0,0,0,0,0
0,0,0,0,3,0,0,1,3,0,0,0,0,0,0,0
0,0,0,0,0,0,1,0,0,0,0,0,0,0,0,0
0,3,0,0,0,3,0,0,0,0,0,0,0,0,0,0
3,0,0,1,3,0,0,0,0,0,0,0,0,0,0,0
0,0,1,0,0,0,0,0,0,0,0,0,0,0,0,0
0,3,0,0,0,0,0,0,0,0,0,0,0,0,0,0
3,0,0,0,0,0,0,0,0,0,0,0,0,0,0,0
0,0,0,0,0,0,0,0,0,0,0,0,0,0,0,0
0,0,0,0,0,0,0,0,0,0,1,3,0,0,7,1
0,0,0,0,0,0,0,0,0,1,3,3,0,7,1,3
0,0,0,0,0,0,0,0,1,3,3,0,7,1,3,0
0,0,0,0,0,0,1,3,0,0,7,1,0,0,0,0
0,0,0,0,0,1,3,3,0,7,1,3,0,0,0,0
0,0,0,0,1,3,3,0,7,1,3,0,0,0,0,0
0,0,1,3,0,0,7,1,0,0,0,0,0,0,0,0
0,1,3,3,0,7,1,3,0,0,0,0,0,0,0,0
1,3,3,0,7,1,3,0,0,0,0,0,0,0,0,0
0,0,0,0,0,0,0,0,0,0,0,0,0,0,0,0
0,0,0,0,0,0,0,0,0,0,0,0,0,0,0,0
0,0,0,0,0,0,0,0,0,0,0,0,0,0,0,0
0,0,0,0,0,0,0,0,0,0,0,0,0,0,0,0
0,0,0,0,0,0,0,0,0,0,0,0,0,0,0,0
0,0,0,0,0,0,0,0,0,0,0,0,0,0,0,0
0,0,0,0,0,0,0,0,0,0,0,0,0,0,0,0
0,0,0,0,0,0,0,0,0,0,0,0,0,0,0,0
0,0,0,0,0,0,0,0,0,0,0,0,0,0,0,0
0,0,0,0,0,3,1,0,0,7,7,0,0,1,0,0
0,0,0,0,3,1,0,3,7,7,0,7,1,0,0,3
0,0,0,0,1,0,3,0,7,0,7,0,0,0,3,0
0,3,1,0,0,7,7,0,0,1,0,0,0,5,1,1
3,1,0,3,7,7,0,7,1,0,0,3,5,1,1,1
1,0,3,0,7,0,7,0,0,0,3,0,1,1,1,0
0,7,7,0,0,1,0,0,0,5,1,1,0,0,0,0
7,7,0,7,1,0,0,3,5,1,1,1,0,0,0,0
7,0,7,0,0,0,3,0,1,1,1,0,0,0,0,0
0,0,0,0,0,0,0,0,0,5,0,0,0,0,0,0
0,0,0,0,0,0,0,0,5,0,0,0,0,0,0,0
0,0,0,0,0,0,0,0,0,0,0,0,0,0,0,0
0,0,0,0,0,5,0,0,0,0,0,0,0,0,0,0
0,0,0,0,5,0,0,0,0,0,0,0,0,0,0,0
0,0,0,0,0,0,0,0,0,0,0,0,0,0,0,0
0,5,0,0,0,0,0,0,0,0,0,0,0,0,0,0
5,0,0,0,0,0,0,0,0,0,0,0,0,0,0,0
0,0,0,0,0,0,0,0,0,0,0,0,0,0,0,0
0,0,0,0,0,0,0,0,0,1,6,0,0,7,0,0
0,0,0,0,0,0,0,9,1,6,0,0,7,0,0,1
0,0,0,0,0,0,9,0,6,0,0,0,0,0,1,0
0,0,0,0,0,1,6,0,0,7,0,0,0,0,9,7
0,0,0,9,1,6,0,0,7,0,0,1,0,9,7,3
0,0,9,0,6,0,0,0,0,0,1,0,9,7,3,0
0,1,6,0,0,7,0,0,0,0,9,7,0,0,0,0
1,6,0,0,7,0,0,1,0,9,7,3,0,0,0,0
6,0,0,0,0,0,1,0,9,7,3,0,0,0,0,0
0,0,0,0,0,0,0,0,0,6,0,0,0,1,7,0
0,0,0,0,0,0,0,0,6,0,0,0,1,7,0,1
0,0,0,0,0,0,0,0,0,0,0,0,7,0,1,0
0,0,0,0,0,6,0,0,0,1,7,0,0,0,3,0
0,0,0,0,6,0,0,0,1,7,0,1,0,3,0,0
0,0,0,0,0,0,0,0,7,0,1,0,3,0,0,0
0,6,0,0,0,1,7,0,0,0,3,0,0,0,0,0
6,0,0,0,1,7,0,1,0,3,0,0,0,0,0,0
0,0,0,0,7,0,1,0,3,0,0,0,0,0,0,0
0,0,0,0,0,0,6,3,0,0,1,0,0,0,3,3
0,0,0,0,0,6,3,0,0,1,0,0,0,3,3,0
0,0,0,0,6,3,0,0,1,0,0,0,3,3,0,0
0,0,6,3,0,0,1,0,0,0,3,3,0,0,0,0
0,6,3,0,0,1,0,0,0,3,3,0,0,0,0,0
6,3,0,0,1,0,0,0,3,3,0,0,0,0,0,0
0,0,1,0,0,0,3,3,0,0,0,0,0,0,0,0
0,1,0,0,0,3,3,0,0,0,0,0,0,0,0,0
1,0,0,0,3,3,0,0,0,0,0,0,0,0,0,0
0,0,0,0,0,7,7,7,0,3,14,12,0,5,0,6
0,0,0,0,7,7,7,9,3,14,12,9,5,0,6,12
0,0,0,0,7,7,9,0,14,12,9,0,0,6,12,0
0,7,7,7,0,3,14,12,0,5,0,6,0,0,7,21
7,7,7,9,3,14,12,9,5,0,6,12,0,7,21,7
7,7,9,0,14,12,9,0,0,6,12,0,7,21,7,0
0,3,14,12,0,5,0,6,0,0,7,21,0,0,0,0
3,14,12,9,5,0,6,12,0,7,21,7,0,0,0,0
14,12,9,0,0,6,12,0,7,21,7,0,0,0,0,0
0,0,0,0,0,0,0,0,0,3,0,0,0,0,0,7
0,0,0,0,0,0,0,0,3,0,0,0,0,0,7,0
0,0,0,0,0,0,0,0,0,0,0,0,0,7,0,0
0,0,0,0,0,3,0,0,0,0,0,7,0,0,0,0
0,0,0,0,3,0,0,0,0,0,7,0,0,0,0,5
0,0,0,0,0,0,0,0,0,7,0,0,0,0,5,0
0,3,0,0,0,0,0,7,0,0,0,0,0,0,0,0
3,0,0,0,0,0,7,0,0,0,0,5,0,0,0,0
0,0,0,0,0,7,0,0,0,0,5,0,0,0,0,0
0,0,0,0,0,3,6,9,0,5,7,9,0,0,17,9
0,0,0,0,3,6,9,5,5,7,9,21,0,17,9,5
0,0,0,0,6,9,5,0,7,9,21,0,17,9,5,0
0,3,6,9,0,5,7,9,0,0,17,9,0,0,35,15
3,6,9,5,5,7,9,21,0,17,9,5,0,35,15,18
6,9,5,0,7,9,21,0,17,9,5,0,35,15,18,0
0,5,7,9,0,0,17,9,0,0,35,15,0,0,0,0
5,7,9,21,0,17,9,5,0,35,15,18,0,0,0,0
7,9,21,0,17,9,5,0,35,15,18,0,0,0,0,0
0,0,0,0,0,7,11,6,0,12,5,0,0,14,10,3
0,0,0,0,7,11,6,3,12,5,0,10,14,10,3,0
0,0,0,0,11,6,3,0,5,0,10,0,10,3,0,0
0,7,11,6,0,12,5,0,0,14,10,3,0,3,18,6
7,11,6,3,12,5,0,10,14,10,3,0,3,18,6,9
11,6,3,0,5,0,10,0,10,3,0,0,18,6,9,0
0,12,5,0,0,14,10,3,0,3,18,6,0,0,0,0
12,5,0,10,14,10,3,0,3,18,6,9,0,0,0,0
5,0,10,0,10,3,0,0,18,6,9,0,0,0,0,0
0,0,0,0,0,3,3,5,0,0,3,0,0,0,10,1
0,0,0,0,3,3,5,0,0,3,0,0,0,10,1,0
0,0,0,0,3,5,0,0,3,0,0,0,10,1,0,0
0,3,3,5,0,0,3,0,0,0,10,1,0,0,1,0
3,3,5,0,0,3,0,0,0,10,1,0,0,1,0,0
3,5,0,0,3,0,0,0,10,1,0,0,1,0,0,0
0,0,3,0,0,0,10,1,0,0,1,0,0,0,0,0
0,3,0,0,0,10,1,0,0,1,0,0,0,0,0,0
3,0,0,0,10,1,0,0,1,0,0,0,0,0,0,0
0,0,0,0,0,0,0,0,0,0,0,0,0,0,0,0
0,0,0,0,0,0,0,0,0,0,0,0,0,0,0,0
0,0,0,0,0,0,0,0,0,0,0,0,0,0,0,0
0,0,0,0,0,0,0,0,0,0,0,0,0,0,0,0
0,0,0,0,0,0,0,0,0,0,0,0,0,0,0,0
0,0,0,0,0,0,0,0,0,0,0,0,0,0,0,0
0,0,0,0,0,0,0,0,0,0,0,0,0,0,0,0
0,0,0,0,0,0,0,0,0,0,0,0,0,0,0,0
0,0,0,0,0,0,0,0,0,0,0,0,0,0,0,0
0,0,0,0,0,9,9,5,0,0,7,0,0,6,3,12
0,0,0,0,9,9,5,9,0,7,0,0,6,3,12,10
0,0,0,0,9,5,9,0,7,0,0,0,3,12,10,0
0,9,9,5,0,0,7,0,0,6,3,12,0,17,12,9
9,9,5,9,0,7,0,0,6,3,12,10,17,12,9,0
9,5,9,0,7,0,0,0,3,12,10,0,12,9,0,0
0,0,7,0,0,6,3,12,0,17,12,9,0,0,0,0
0,7,0,0,6,3,12,10,17,12,9,0,0,0,0,0
7,0,0,0,3,12,10,0,12,9,0,0,0,0,0,0
0,0,0,0,0,0,6,3,0,0,0,0,0,0,15,3
0,0,0,0,0,6,3,5,0,0,0,0,0,15,3,1
0,0,0,0,6,3,5,0,0,0,0,0,15,3,1,0
0,0,6,3,0,0,0,0,0,0,15,3,0,0,0,0
0,6,3,5,0,0,0,0,0,15,3,1,0,0,0,0
6,3,5,0,0,0,0,0,15,3,1,0,0,0,0,0
0,0,0,0,0,0,15,3,0,0,0,0,0,0,0,0
0,0,0,0,0,15,3,1,0,0,0,0,0,0,0,0
0,0,0,0,15,3,1,0,0,0,0,0,0,0,0,0
0,0,0,0,0,0,0,3,0,0,0,0,0,0,0,0
0,0,0,0,0,0,3,1,0,0,0,0,0,0,0,0
0,0,0,0,0,3,1,0,0,0,0,0,0,0,0,0
0,0,0,3,0,0,0,0,0,0,0,0,0,0,0,0
0,0,3,1,0,0,0,0,0,0,0,0,0,0,0,0
0,3,1,0,0,0,0,0,0,0,0,0,0,0,0,0
0,0,0,0,0,0,0,0,0,0,0,0,0,0,0,0
0,0,0,0,0,0,0,0,0,0,0,0,0,0,0,0
0,0,0,0,0,0,0,0,0,0,0,0,0,0,0,0
0,0,0,0,0,0,0,0,0,5,0,0,0,0,0,0
0,0,0,0,0,0,0,0,5,0,0,0,0,0,0,0
0,0,0,0,0,0,0,0,0,0,0,0,0,0,0,0
0,0,0,0,0,5,0,0,0,0,0,0,0,0,0,0
0,0,0,0,5,0,0,0,0,0,0,0,0,0,0,0
0,0,0,0,0,0,0,0,0,0,0,0,0,0,0,0
0,5,0,0,0,0,0,0,0,0,0,0,0,0,0,0
5,0,0,0,0,0,0,0,0,0,0,0,0,0,0,0
0,0,0,0,0,0,0,0,0,0,0,0,0,0,0,0
0,0,0,0,0,0,0,0,0,0,0,0,0,0,0,0
0,0,0,0,0,0,0,0,0,0,0,0,0,0,0,0
0,0,0,0,0,0,0,0,0,0,0,0,0,0,0,0
0,0,0,0,0,0,0,0,0,0,0,0,0,0,0,0
0,0,0,0,0,0,0,0,0,0,0,0,0,0,0,0
0,0,0,0,0,0,0,0,0,0,0,0,0,0,0,0
0,0,0,0,0,0,0,0,0,0,0,0,0,0,0,0
0,0,0,0,0,0,0,0,0,0,0,0,0,0,0,0
0,0,0,0,0,0,0,0,0,0,0,0,0,0,0,0
0,0,0,0,0,6,10,10,0,0,0,0,0,0,7,5
0,0,0,0,6,10,10,7,0,0,0,7,0,7,5,1
0,0,0,0,10,10,7,0,0,0,7,0,7,5,1,0
0,6,10,10,0,0,0,0,0,0,7,5,0,11,1,3
6,10,10,7,0,0,0,7,0,7,5,1,11,1,3,10
10,10,7,0,0,0,7,0,7,5,1,0,1,3,10,0
0,0,0,0,0,0,7,5,0,11,1,3,0,0,0,0
0,0,0,7,0,7,5,1,11,1,3,10,0,0,0,0
0,0,7,0,7,5,1,0,1,3,10,0,0,0,0,0
0,0,0,0,0,1,1,3,0,5,14,9,0,7,7,10
0,0,0,0,1,1,3,3,5,14,9,12,7,7,10,9
0,0,0,0,1,3,3,0,14,9,12,0,7,10,9,0
0,1,1,3,0,5,14,9,0,7,7,10,0,11,12,0
1,1,3,3,5,14,9,12,7,7,10,9,11,12,0,0
1,3,3,0,14,9,12,0,7,10,9,0,12,0,0,0
0,5,14,9,0,7,7,10,0,11,12,0,0,0,0,0
5,14,9,12,7,7,10,9,11,12,0,0,0,0,0,0
14,9,12,0,7,10,9,0,12,0,0,0,0,0,0,0
0,0,0,0,0,0,0,1,0,0,5,0,0,0,0,0
0,0,0,0,0,0,1,0,0,5,0,0,0,0,0,0
0,0,0,0,0,1,0,0,5,0,0,0,0,0,0,0
0,0,0,1,0,0,5,0,0,0,0,0,0,0,0,0
0,0,1,0,0,5,0,0,0,0,0,0,0,0,0,0
0,1,0,0,5,0,0,0,0,0,0,0,0,0,0,0
0,0,5,0,0,0,0,0,0,0,0,0,0,0,0,0
0,5,0,0,0,0,0,0,0,0,0,0,0,0,0,0
5,0,0,0,0,0,0,0,0,0,0,0,0,0,0,0
0,0,0,0,0,0,0,0,0,0,9,7,0,0,0,0
0,0,0,0,0,0,0,0,0,9,7,3,0,0,0,6
0,0,0,0,0,0,0,0,9,7,3,0,0,0,6,0
0,0,0,0,0,0,9,7,0,0,0,0,0,0,3,6
0,0,0,0,0,9,7,3,0,0,0,6,0,3,6,7
0,0,0,0,9,7,3,0,0,0,6,0,3,6,7,0
0,0,9,7,0,0,0,0,0,0,3,6,0,0,0,0
0,9,7,3,0,0,0,6,0,3,6,7,0,0,0,0
9,7,3,0,0,0,6,0,3,6,7,0,0,0,0,0
0,0,0,0,0,3,5,6,0,9,12,6,0,12,5,12
0,0,0,0,3,5,6,5,9,12,6,15,12,5,12,12
0,0,0,0,5,6,5,0,12,6,15,0,5,12,12,0
0,3,5,6,0,9,12,6,0,12,5,12,0,0,12,6
3,5,6,5,9,12,6,15,12,5,12,12,0,12,6,5
5,6,5,0,12,6,15,0,5,12,12,0,12,6,5,0
0,9,12,6,0,12,5,12,0,0,12,6,0,0,0,0
9,12,6,15,12,5,12,12,0,12,6,5,0,0,0,0
12,6,15,0,5,12,12,0,12,6,5,0,0,0,0,0
0,0,0,0,0,6,0,0,0,0,0,0,0,6,3,0
0,0,0,0,6,0,0,3,0,0,0,0,6,3,0,0
0,0,0,0,0,0,3,0,0,0,0,0,3,0,0,0
0,6,0,0,0,0,0,0,0,6,3,0,0,0,0,0
6,0,0,3,0,0,0,0,6,3,0,0,0,0,0,0
0,0,3,0,0,0,0,0,3,0,0,0,0,0,0,0
0,0,0,0,0,6,3,0,0,0,0,0,0,0,0,0
0,0,0,0,6,3,0,0,0,0,0,0,0,0,0,0
0,0,0,0,3,0,0,0,0,0,0,0,0,0,0,0
0,0,0,0,0,0,1,5,0,0,0,0,0,0,7,0
0,0,0,0,0,1,5,1,0,0,0,0,0,7,0,0
0,0,0,0,1,5,1,0,0,0,0,0,7,0,0,0
0,0,1,5,0,0,0,0,0,0,7,0,0,0,0,0
0,1,5,1,0,0,0,0,0,7,0,0,0,0,0,6
1,5,1,0,0,0,0,0,7,0,0,0,0,0,6,0
0,0,0,0,0,0,7,0,0,0,0,0,0,0,0,0
0,0,0,0,0,7,0,0,0,0,0,6,0,0,0,0
0,0,0,0,7,0,0,0,0,0,6,0,0,0,0,0
0,0,0,0,0,0,0,0,0,0,0,0,0,0,0,1
0,0,0,0,0,0,0,0,0,0,0,0,0,0,1,0
0,0,0,0,0,0,0,0,0,0,0,0,0,1,0,0
0,0,0,0,0,0,0,0,0,0,0,1,0,0,0,0
0,0,0,0,0,0,0,0,0,0,1,0,0,0,0,0
0,0,0,0,0,0,0,0,0,1,0,0,0,0,0,0
0,0,0,0,0,0,0,1,0,0,0,0,0,0,0,0
0,0,0,0,0,0,1,0,0,0,0,0,0,0,0,0
0,0,0,0,0,1,0,0,0,0,0,0,0,0,0,0
0,0,0,0,0,1,0,3,0,0,0,0,0,3,0,0
0,0,0,0,1,0,3,0,0,0,0,0,3,0,0,0
0,0,0,0,0,3,0,0,0,0,0,0,0,0,0,0
0,1,0,3,0,0,0,0,0,3,0,0,0,11,0,3
1,0,3,0,0,0,0,0,3,0,0,0,11,0,3,0
0,3,0,0,0,0,0,0,0,0,0,0,0,3,0,0
0,0,0,0,0,3,0,0,0,11,0,3,0,0,0,0
0,0,0,0,3,0,0,0,11,0,3,0,0,0,0,0
0,0,0,0,0,0,0,0,0,3,0,0,0,0,0,0
0,0,0,0,0,5,5,7,0,5,3,10,0,3,7,1
0,0,0,0,5,5,7,3,5,3,10,12,3,7,1,0
0,0,0,0,5,7,3,0,3,10,12,0,7,1,0,0
0,5,5,7,0,5,3,10,0,3,7,1,0,0,7,3
5,5,7,3,5,3,10,12,3,7,1,0,0,7,3,0
5,7,3,0,3,10,12,0,7,1,0,0,7,3,0,0
0,5,3,10,0,3,7,1,0,0,7,3,0,0,0,0
5,3,10,12,3,7,1,0,0,7,3,0,0,0,0,0
3,10,12,0,7,1,0,0,7,3,0,0,0,0,0,0
0,0,0,0,0,0,0,1,0,0,0,0,0,0,0,7
0,0,0,0,0,0,1,1,0,0,0,0,0,0,7,0
0,0,0,0,0,1,1,0,0,0,0,0,0,7,0,0
0,0,0,1,0,0,0,0,0,0,0,7,0,0,0,0
0,0,1,1,0,0,0,0,0,0,7,0,0,0,0,0
0,1,1,0,0,0,0,0,0,7,0,0,0,0,0,0
0,0,0,0,0,0,0,7,0,0,0,0,0,0,0,0
0,0,0,0,0,0,7,0,0,0,0,0,0,0,0,0
0,0,0,0,0,7,0,0,0,0,0,0,0,0,0,0
0,0,0,0,0,0,0,0,0,0,0,0,0,0,0,0
0,0,0,0,0,0,0,0,0,0,0,0,0,0,0,0
0,0,0,0,0,0,0,0,0,0,0,0,0,0,0,0
0,0,0,0,0,0,0,0,0,0,0,0,0,0,0,0
0,0,0,0,0,0,0,0,0,0,0,0,0,0,0,0
0,0,0,0,0,0,0,0,0,0,0,0,0,0,0,0
0,0,0,0,0,0,0,0,0,0,0,0,0,0,0,0
0,0,0,0,0,0,0,0,0,0,0,0,0,0,0,0
0,0,0,0,0,0,0,0,0,0,0,0,0,0,0,0
0,0,0,0,0,0,0,0,0,0,0,0,0,0,0,9
0,0,0,0,0,0,0,0,0,0,0,0,0,0,9,0
0,0,0,0,0,0,0,0,0,0,0,0,0,9,0,0
0,0,0,0,0,0,0,0,0,0,0,9,0,3,0,0
0,0,0,0,0,0,0,0,0,0,9,0,3,0,0,0
0,0,0,0,0,0,0,0,0,9,0,0,0,0,0,0
0,0,0,0,0,0,0,9,0,3,0,0,0,0,0,0
0,0,0,0,0,0,9,0,3,0,0,0,0,0,0,0
0,0,0,0,0,9,0,0,0,0,0,0,0,0,0,0
0,0,0,0,0,0,0,0,0,0,0,7,0,0,1,0
0,0,0,0,0,0,0,0,0,0,7,0,0,1,0,6
0,0,0,0,0,0,0,0,0,7,0,0,1,0,6,0
0,0,0,0,0,0,0,7,0,0,1,0,0,0,3,0
0,0,0,0,0,0,7,0,0,1,0,6,0,3,0,10
0,0,0,0,0,7,0,0,1,0,6,0,3,0,10,0
0,0,0,7,0,0,1,0,0,0,3,0,0,0,0,0
0,0,7,0,0,1,0,6,0,3,0,10,0,0,0,0
0,7,0,0,1,0,6,0,3,0,10,0,0,0,0,0
0,0,0,0,0,3,6,7,0,0,10,18,0,0,12,21
0,0,0,0,3,6,7,9,0,10,18,3,0,12,21,12
0,0,0,0,6,7,9,0,10,18,3,0,12,21,12,0
0,3,6,7,0,0,10,18,0,0,12,21,0,6,25,17
3,6,7,9,0,10,18,3,0,12,21,12,6,25,17,20
6,7,9,0,10,18,3,0,12,21,12,0,25,17,20,0
0,0,10,18,0,0,12,21,0,6,25,17,0,0,0,0
0,10,18,3,0,12,21,12,6,25,17,20,0,0,0,0
10,18,3,0,12,21,12,0,25,17,20,0,0,0,0,0
0,0,0,0,0,0,0,0,0,0,0,0,0,0,0,0
0,0,0,0,0,0,0,0,0,0,0,0,0,0,0,0
0,0,0,0,0,0,0,0,0,0,0,0,0,0,0,0
0,0,0,0,0,0,0,0,0,0,0,0,0,0,0,0
0,0,0,0,0,0,0,0,0,0,0,0,0,0,0,0
0,0,0,0,0,0,0,0,0,0,0,0,0,0,0,0
0,0,0,0,0,0,0,0,0,0,0,0,0,0,0,0
0,0,0,0,0,0,0,0,0,0,0,0,0,0,0,0
0,0,0,0,0,0,0,0,0,0,0,0,0,0,0,0
0,0,0,0,0,0,0,0,0,0,0,0,0,0,0,0
0,0,0,0,0,0,0,0,0,0,0,0,0,0,0,0
0,0,0,0,0,0,0,0,0,0,0,0,0,0,0,0
0,0,0,0,0,0,0,0,0,0,0,0,0,0,0,0
0,0,0,0,0,0,0,0,0,0,0,0,0,0,0,0
0,0,0,0,0,0,0,0,0,0,0,0,0,0,0,0
0,0,0,0,0,0,0,0,0,0,0,0,0,0,0,0
0,0,0,0,0,0,0,0,0,0,0,0,0,0,0,0
0,0,0,0,0,0,0,0,0,0,0,0,0,0,0,0
0,0,0,0,0,3,3,0,0,5,3,1,0,3,0,7
0,0,0,0,3,3,0,1,5,3,1,0,3,0,7,0
0,0,0,0,3,0,1,0,3,1,0,0,0,7,0,0
0,3,3,0,0,5,3,1,0,3,0,7,0,0,0,0
3,3,0,1,5,3,1,0,3,0,7,0,0,0,0,0
3,0,1,0,3,1,0,0,0,7,0,0,0,0,0,0
0,5,3,1,0,3,0,7,0,0,0,0,0,0,0,0
5,3,1,0,3,0,7,0,0,0,0,0,0,0,0,0
3,1,0,0,0,7,0,0,0,0,0,0,0,0,0,0
0,0,0,0,0,0,0,0,0,0,0,0,0,0,0,0
0,0,0,0,0,0,0,0,0,0,0,0,0,0,0,0
0,0,0,0,0,0,0,0,0,0,0,0,0,0,0,0
0,0,0,0,0,0,0,0,0,0,0,0,0,0,3,0
0,0,0,0,0,0,0,0,0,0,0,0,0,3,0,0
0,0,0,0,0,0,0,0,0,0,0,0,3,0,0,0
0,0,0,0,0,0,0,0,0,0,3,0,0,0,0,0
0,0,0,0,0,0,0,0,0,3,0,0,0,0,0,0
0,0,0,0,0,0,0,0,3,0,0,0,0,0,0,0
0,0,0,0,0,0,0,0,0,0,0,0,0,0,0,0
0,0,0,0,0,0,0,0,0,0,0,3,0,0,0,0
0,0,0,0,0,0,0,0,0,0,3,0,0,0,0,0
0,0,0,0,0,0,0,0,0,0,0,0,0,0,0,0
0,0,0,0,0,0,0,3,0,0,0,0,0,0,0,0
0,0,0,0,0,0,3,0,0,0,0,0,0,0,0,0
0,0,0,0,0,0,0,0,0,0,0,0,0,0,0,0
0,0,0,3,0,0,0,0,0,0,0,0,0,0,0,0
0,0,3,0,0,0,0,0,0,0,0,0,0,0,0,0
0,0,0,0,0,0,3,7,0,0,0,5,0,0,10,0
0,0,0,0,0,3,7,0,0,0,5,6,0,10,0,12
0,0,0,0,3,7,0,0,0,5,6,0,10,0,12,0
0,0,3,7,0,0,0,5,0,0,10,0,0,0,7,0
0,3,7,0,0,0,5,6,0,10,0,12,0,7,0,3
3,7,0,0,0,5,6,0,10,0,12,0,7,0,3,0
0,0,0,5,0,0,10,0,0,0,7,0,0,0,0,0
0,0,5,6,0,10,0,12,0,7,0,3,0,0,0,0
0,5,6,0,10,0,12,0,7,0,3,0,0,0,0,0
0,0,0,0,0,0,0,0,0,0,0,0,0,12,0,0
0,0,0,0,0,0,0,0,0,0,0,3,12,0,0,3
0,0,0,0,0,0,0,0,0,0,3,0,0,0,3,0
0,0,0,0,0,0,0,0,0,12,0,0,0,0,0,0
0,0,0,0,0,0,0,3,12,0,0,3,0,0,0,0
0,0,0,0,0,0,3,0,0,0,3,0,0,0,0,0
0,0,0,0,0,12,0,0,0,0,0,0,0,0,0,0
0,0,0,3,12,0,0,3,0,0,0,0,0,0,0,0
0,0,3,0,0,0,3,0,0,0,0,0,0,0,0,0
0,0,0,0,0,1,3,1,0,0,5,0,0,7,0,0
0,0,0,0,1,3,1,0,0,5,0,0,7,0,0,0
0,0,0,0,3,1,0,0,5,0,0,0,0,0,0,0
0,1,3,1,0,0,5,0,0,7,0,0,0,0,0,0
1,3,1,0,0,5,0,0,7,0,0,0,0,0,0,0
3,1,0,0,5,0,0,0,0,0,0,0,0,0,0,0
0,0,5,0,0,7,0,0,0,0,0,0,0,0,0,0
0,5,0,0,7,0,0,0,0,0,0,0,0,0,0,0
5,0,0,0,0,0,0,0,0,0,0,0,0,0,0,0
0,0,0,0,0,0,1,0,0,7,3,0,0,7,0,7
0,0,0,0,0,1,0,0,7,3,0,6,7,0,7,6
0,0,0,0,1,0,0,0,3,0,6,0,0,7,6,0
0,0,1,0,0,7,3,0,0,7,0,7,0,5,15,0
0,1,0,0,7,3,0,6,7,0,7,6,5,15,0,0
1,0,0,0,3,0,6,0,0,7,6,0,15,0,0,0
0,7,3,0,0,7,0,7,0,5,15,0,0,0,0,0
7,3,0,6,7,0,7,6,5,15,0,0,0,0,0,0
3,0,6,0,0,7,6,0,15,0,0,0,0,0,0,0
0,0,0,0,0,0,0,0,0,0,0,0,0,0,0,0
0,0,0,0,0,0,0,0,0,0,0,0,0,0,0,0
0,0,0,0,0,0,0,0,0,0,0,0,0,0,0,0
0,0,0,0,0,0,0,0,0,0,0,0,0,0,0,0
0,0,0,0,0,0,0,0,0,0,0,0,0,0,0,0
0,0,0,0,0,0,0,0,0,0,0,0,0,0,0,0
0,0,0,0,0,0,0,0,0,0,0,0,0,0,0,0
0,0,0,0,0,0,0,0,0,0,0,0,0,0,0,0
0,0,0,0,0,0,0,0,0,0,0,0,0,0,0,0
0,0,0,0,0,9,12,11,0,9,12,10,0,12,34,22
0,0,0,0,9,12,11,12,9,12,10,20,12,34,22,15
0,0,0,0,12,11,12,0,12,10,20,0,34,22,15,0
0,9,12,11,0,9,12,10,0,12,34,22,0,20,25,23
9,12,11,12,9,12,10,20,12,34,22,15,20,25,23,24
12,11,12,0,12,10,20,0,34,22,15,0,25,23,24,0
0,9,12,10,0,12,34,22,0,20,25,23,0,0,0,0
9,12,10,20,12,34,22,15,20,25,23,24,0,0,0,0
12,10,20,0,34,22,15,0,25,23,24,0,0,0,0,0
0,0,0,0,0,1,0,3,0,9,12,6,0,15,22,10
0,0,0,0,1,0,3,0,9,12,6,12,15,22,10,12
0,0,0,0,0,3,0,0,12,6,12,0,22,10,12,0
0,1,0,3,0,9,12,6,0,15,22,10,0,15,18,11
1,0,3,0,9,12,6,12,15,22,10,12,15,18,11,19
0,3,0,0,12,6,12,0,22,10,12,0,18,11,19,0
0,9,12,6,0,15,22,10,0,15,18,11,0,0,0,0
9,12,6,12,15,22,10,12,15,18,11,19,0,0,0,0
12,6,12,0,22,10,12,0,18,11,19,0,0,0,0,0
0,0,0,0,0,0,3,5,0,0,0,0,0,0,0,10
0,0,0,0,0,3,5,5,0,0,0,0,0,0,10,3
0,0,0,0,3,5,5,0,0,0,0,0,0,10,3,0
0,0,3,5,0,0,0,0,0,0,0,10,0,6,0,0
0,3,5,5,0,0,0,0,0,0,10,3,6,0,0,11
3,5,5,0,0,0,0,0,0,10,3,0,0,0,11,0
0,0,0,0,0,0,0,10,0,6,0,0,0,0,0,0
0,0,0,0,0,0,10,3,6,0,0,11,0,0,0,0
0,0,0,0,0,10,3,0,0,0,11,0,0,0,0,0
0,0,0,0,0,0,0,0,0,7,12,15,0,3,0,7
0,0,0,0,0,0,0,0,7,12,15,11,3,0,7,12
0,0,0,0,0,0,0,0,12,15,11,0,0,7,12,0
0,0,0,0,0,7,12,15,0,3,0,7,0,12,12,19
0,0,0,0,7,12,15,11,3,0,7,12,12,12,19,9
0,0,0,0,12,15,11,0,0,7,12,0,12,19,9,0
0,7,12,15,0,3,0,7,0,12,12,19,0,0,0,0
7,12,15,11,3,0,7,12,12,12,19,9,0,0,0,0
12,15,11,0,0,7,12,0,12,19,9,0,0,0,0,0
0,0,0,0,0,0,0,0,0,0,0,0,0,0,3,0
0,0,0,0,0,0,0,0,0,0,0,0,0,3,0,0
0,0,0,0,0,0,0,0,0,0,0,0,3,0,0,0
0,0,0,0,0,0,0,0,0,0,3,0,0,0,0,0
0,0,0,0,0,0,0,0,0,3,0,0,0,0,0,0
0,0,0,0,0,0,0,0,3,0,0,0,0,0,0,0
0,0,0,0,0,0,3,0,0,0,0,0,0,0,0,0
0,0,0,0,0,3,0,0,0,0,0,0,0,0,0,0
0,0,0,0,3,0,0,0,0,0,0,0,0,0,0,0
0,0,0,0,0,0,0,0,0,0,0,0,0,0,0,0
0,0,0,0,0,0,0,0,0,0,0,0,0,0,0,0
0,0,0,0,0,0,0,0,0,0,0,0,0,0,0,0
0,0,0,0,0,0,0,0,0,0,0,0,0,0,0,0
0,0,0,0,0,0,0,0,0,0,0,0,0,0,0,0
0,0,0,0,0,0,0,0,0,0,0,0,0,0,0,0
0,0,0,0,0,0,0,0,0,0,0,0,0,0,0,0
0,0,0,0,0,0,0,0,0,0,0,0,0,0,0,0
0,0,0,0,0,0,0,0,0,0,0,0,0,0,0,0
0,0,0,0,0,0,0,0,0,3,0,0,0,0,0,0
0,0,0,0,0,0,0,0,3,0,0,0,0,0,0,0
0,0,0,0,0,0,0,0,0,0,0,0,0,0,0,0
0,0,0,0,0,3,0,0,0,0,0,0,0,6,0,0
0,0,0,0,3,0,0,0,0,0,0,0,6,0,0,0
0,0,0,0,0,0,0,0,0,0,0,0,0,0,0,0
0,3,0,0,0,0,0,0,0,6,0,0,0,0,0,0
3,0,0,0,0,0,0,0,6,0,0,0,0,0,0,0
0,0,0,0,0,0,0,0,0,0,0,0,0,0,0,0
0,0,0,0,0,1,11,7,0,10,0,0,0,0,0,3
0,0,0,0,1,11,7,12,10,0,0,15,0,0,3,12
0,0,0,0,11,7,12,0,0,0,15,0,0,3,12,0
0,1,11,7,0,10,0,0,0,0,0,3,0,0,5,7
1,11,7,12,10,0,0,15,0,0,3,12,0,5,7,5
11,7,12,0,0,0,15,0,0,3,12,0,5,7,5,0
0,10,0,0,0,0,0,3,0,0,5,7,0,0,0,0
10,0,0,15,0,0,3,12,0,5,7,5,0,0,0,0
0,0,15,0,0,3,12,0,5,7,5,0,0,0,0,0
0,0,0,0,0,0,0,0,0,0,0,0,0,1,14,3
0,0,0,0,0,0,0,0,0,0,0,0,1,14,3,0
0,0,0,0,0,0,0,0,0,0,0,0,14,3,0,0
0,0,0,0,0,0,0,0,0,1,14,3,0,0,0,0
0,0,0,0,0,0,0,0,1,14,3,0,0,0,0,0
0,0,0,0,0,0,0,0,14,3,0,0,0,0,0,0
0,0,0,0,0,1,14,3,0,0,0,0,0,0,0,0
0,0,0,0,1,14,3,0,0,0,0,0,0,0,0,0
0,0,0,0,14,3,0,0,0,0,0,0,0,0,0,0
0,0,0,0,0,1,3,1,0,7,7,1,0,3,1,5
0,0,0,0,1,3,1,0,7,7,1,6,3,1,5,3
0,0,0,0,3,1,0,0,7,1,6,0,1,5,3,0
0,1,3,1,0,7,7,1,0,3,1,5,0,3,21,12
1,3,1,0,7,7,1,6,3,1,5,3,3,21,12,9
3,1,0,0,7,1,6,0,1,5,3,0,21,12,9,0
0,7,7,1,0,3,1,5,0,3,21,12,0,0,0,0
7,7,1,6,3,1,5,3,3,21,12,9,0,0,0,0
7,1,6,0,1,5,3,0,21,12,9,0,0,0,0,0
0,0,0,0,0,6,9,9,0,12,15,14,0,12,21,17
0,0,0,0,6,9,9,7,12,15,14,18,12,21,17,21
0,0,0,0,9,9,7,0,15,14,18,0,21,17,21,0
0,6,9,9,0,12,15,14,0,12,21,17,0,7,14,10
6,9,9,7,12,15,14,18,12,21,17,21,7,14,10,21
9,9,7,0,15,14,18,0,21,17,21,0,14,10,21,0
0,12,15,14,0,12,21,17,0,7,14,10,0,0,0,0
12,15,14,18,12,21,17,21,7,14,10,21,0,0,0,0
15,14,18,0,21,17,21,0,14,10,21,0,0,0,0,0
0,0,0,0,0,0,0,1,0,0,0,0,0,0,0,0
0,0,0,0,0,0,1,0,0,0,0,0,0,0,0,0
0,0,0,0,0,1,0,0,0,0,0,0,0,0,0,0
0,0,0,1,0,0,0,0,0,0,0,0,0,0,0,0
0,0,1,0,0,0,0,0,0,0,0,0,0,0,0,0
0,1,0,0,0,0,0,0,0,0,0,0,0,0,0,0
0,0,0,0,0,0,0,0,0,0,0,0,0,0,0,0
0,0,0,0,0,0,0,0,0,0,0,0,0,0,0,0
0,0,0,0,0,0,0,0,0,0,0,0,0,0,0,0
0,0,0,0,0,0,6,6,0,1,10,17,0,3,17,3
0,0,0,0,0,6,6,9,1,10,17,17,3,17,3,27
0,0,0,0,6,6,9,0,10,17,17,0,17,3,27,0
0,0,6,6,0,1,10,17,0,3,17,3,0,7,20,17
0,6,6,9,1,10,17,17,3,17,3,27,7,20,17,19
6,6,9,0,10,17,17,0,17,3,27,0,20,17,19,0
0,1,10,17,0,3,17,3,0,7,20,17,0,0,0,0
1,10,17,17,3,17,3,27,7,20,17,19,0,0,0,0
10,17,17,0,17,3,27,0,20,17,19,0,0,0,0,0
0,0,0,0,0,0,0,0,0,3,6,7,0,6,7,0
0,0,0,0,0,0,0,3,3,6,7,12,6,7,0,5
0,0,0,0,0,0,3,0,6,7,12,0,7,0,5,0
0,0,0,0,0,3,6,7,0,6,7,0,0,3,0,15
0,0,0,3,3,6,7,12,6,7,0,5,3,0,15,3
0,0,3,0,6,7,12,0,7,0,5,0,0,15,3,0
0,3,6,7,0,6,7,0,0,3,0,15,0,0,0,0
3,6,7,12,6,7,0,5,3,0,15,3,0,0,0,0
6,7,12,0,7,0,5,0,0,15,3,0,0,0,0,0
0,0,0,0,0,0,0,3,0,0,0,1,0,0,0,0
0,0,0,0,0,0,3,6,0,0,1,0,0,0,0,0
0,0,0,0,0,3,6,0,0,1,0,0,0,0,0,0
0,0,0,3,0,0,0,1,0,0,0,0,0,0,0,0
0,0,3,6,0,0,1,0,0,0,0,0,0,0,0,0
0,3,6,0,0,1,0,0,0,0,0,0,0,0,0,0
0,0,0,1,0,0,0,0,0,0,0,0,0,0,0,0
0,0,1,0,0,0,0,0,0,0,0,0,0,0,0,0
0,1,0,0,0,0,0,0,0,0,0,0,0,0,0,0
0,0,0,0,0,0,0,0,0,0,0,0,0,0,3,6
0,0,0,0,0,0,0,0,0,0,0,0,0,3,6,0
0,0,0,0,0,0,0,0,0,0,0,0,3,6,0,0
0,0,0,0,0,0,0,0,0,0,3,6,0,0,0,0
0,0,0,0,0,0,0,0,0,3,6,0,0,0,0,0
0,0,0,0,0,0,0,0,3,6,0,0,0,0,0,0
0,0,0,0,0,0,3,6,0,0,0,0,0,0,0,0
0,0,0,0,0,3,6,0,0,0,0,0,0,0,0,0
0,0,0,0,3,6,0,0,0,0,0,0,0,0,0,0
0,0,0,0,0,7,0,1,0,12,0,0,0,20,0,0
0,0,0,0,7,0,1,0,12,0,0,5,20,0,0,3
0,0,0,0,0,1,0,0,0,0,5,0,0,0,3,0
0,7,0,1,0,12,0,0,0,20,0,0,0,15,3,1
7,0,1,0,12,0,0,5,20,0,0,3,15,3,1,1
0,1,0,0,0,0,5,0,0,0,3,0,3,1,1,0
0,12,0,0,0,20,0,0,0,15,3,1,0,0,0,0
12,0,0,5,20,0,0,3,15,3,1,1,0,0,0,0
0,0,5,0,0,0,3,0,3,1,1,0,0,0,0,0
0,0,0,0,0,1,1,0,0,0,5,0,0,1,14,0
0,0,0,0,1,1,0,0,0,5,0,0,1,14,0,6
0,0,0,0,1,0,0,0,5,0,0,0,14,0,6,0
0,1,1,0,0,0,5,0,0,1,14,0,0,0,3,0
1,1,0,0,0,5,0,0,1,14,0,6,0,3,0,1
1,0,0,0,5,0,0,0,14,0,6,0,3,0,1,0
0,0,5,0,0,1,14,0,0,0,3,0,0,0,0,0
0,5,0,0,1,14,0,6,0,3,0,1,0,0,0,0
5,0,0,0,14,0,6,0,3,0,1,0,0,0,0,0
0,0,0,0,0,0,1,0,0,0,3,3,0,0,0,0
0,0,0,0,0,1,0,0,0,3,3,6,0,0,0,5
0,0,0,0,1,0,0,0,3,3,6,0,0,0,5,0
0,0,1,0,0,0,3,3,0,0,0,0,0,0,0,0
0,1,0,0,0,3,3,6,0,0,0,5,0,0,0,0
1,0,0,0,3,3,6,0,0,0,5,0,0,0,0,0
0,0,3,3,0,0,0,0,0,0,0,0,0,0,0,0
0,3,3,6,0,0,0,5,0,0,0,0,0,0,0,0
3,3,6,0,0,0,5,0,0,0,0,0,0,0,0,0
0,0,0,0,0,0,6,0,0,3,0,0,0,10,0,0
0,0,0,0,0,6,0,0,3,0,0,0,10,0,0,5
0,0,0,0,6,0,0,0,0,0,0,0,0,0,5,0
0,0,6,0,0,3,0,0,0,10,0,0,0,5,0,0
0,6,0,0,3,0,0,0,10,0,0,5,5,0,0,0
6,0,0,0,0,0,0,0,0,0,5,0,0,0,0,0
0,3,0,0,0,10,0,0,0,5,0,0,0,0,0,0
3,0,0,0,10,0,0,5,5,0,0,0,0,0,0,0
0,0,0,0,0,0,5,0,0,0,0,0,0,0,0,0
0,0,0,0,0,7,3,7,0,0,0,0,0,0,7,0
0,0,0,0,7,3,7,0,0,0,0,0,0,7,0,6
0,0,0,0,3,7,0,0,0,0,0,0,7,0,6,0
0,7,3,7,0,0,0,0,0,0,7,0,0,0,0,0
7,3,7,0,0,0,0,0,0,7,0,6,0,0,0,0
3,7,0,0,0,0,0,0,7,0,6,0,0,0,0,0
0,0,0,0,0,0,7,0,0,0,0,0,0,0,0,0
0,0,0,0,0,7,0,6,0,0,0,0,0,0,0,0
0,0,0,0,7,0,6,0,0,0,0,0,0,0,0,0
0,0,0,0,0,7,5,7,0,3,12,3,0,6,7,0
0,0,0,0,7,5,7,10,3,12,3,12,6,7,0,20
0,0,0,0,5,7,10,0,12,3,12,0,7,0,20,0
0,7,5,7,0,3,12,3,0,6,7,0,0,14,3,25
7,5,7,10,3,12,3,12,6,7,0,20,14,3,25,19
5,7,10,0,12,3,12,0,7,0,20,0,3,25,19,0
0,3,12,3,0,6,7,0,0,14,3,25,0,0,0,0
3,12,3,12,6,7,0,20,14,3,25,19,0,0,0,0
12,3,12,0,7,0,20,0,3,25,19,0,0,0,0,0
0,0,0,0,0,0,0,0,0,7,9,6,0,12,0,0
0,0,0,0,0,0,0,1,7,9,6,1,12,0,0,3
0,0,0,0,0,0,1,0,9,6,1,0,0,0,3,0
0,0,0,0,0,7,9,6,0,12,0,0,0,3,0,0
0,0,0,1,7,9,6,1,12,0,0,3,3,0,0,0
0,0,1,0,9,6,1,0,0,0,3,0,0,0,0,0
0,7,9,6,0,12,0,0,0,3,0,0,0,0,0,0
7,9,6,1,12,0,0,3,3,0,0,0,0,0,0,0
9,6,1,0,0,0,3,0,0,0,0,0,0,0,0,0
0,0,0,0,0,0,0,0,0,0,0,0,0,1,5,6
0,0,0,0,0,0,0,0,0,0,0,5,1,5,6,5
0,0,0,0,0,0,0,0,0,0,5,0,5,6,5,0
0,0,0,0,0,0,0,0,0,1,5,6,0,0,0,0
0,0,0,0,0,0,0,5,1,5,6,5,0,0,0,3
0,0,0,0,0,0,5,0,5,6,5,0,0,0,3,0
0,0,0,0,0,1,5,6,0,0,0,0,0,0,0,0
0,0,0,5,1,5,6,5,0,0,0,3,0,0,0,0
0,0,5,0,5,6,5,0,0,0,3,0,0,0,0,0
0,0,0,0,0,7,0,0,0,3,5,0,0,0,0,0
0,0,0,0,7,0,0,3,3,5,0,0,0,0,0,0
0,0,0,0,0,0,3,0,5,0,0,0,0,0,0,0
0,7,0,0,0,3,5,0,0,0,0,0,0,7,18,0
7,0,0,3,3,5,0,0,0,0,0,0,7,18,0,6
0,0,3,0,5,0,0,0,0,0,0,0,18,0,6,0
0,3,5,0,0,0,0,0,0,7,18,0,0,0,0,0
3,5,0,0,0,0,0,0,7,18,0,6,0,0,0,0
5,0,0,0,0,0,0,0,18,0,6,0,0,0,0,0
0,0,0,0,0,1,0,0,0,0,0,0,0,0,3,0
0,0,0,0,1,0,0,3,0,0,0,0,0,3,0,0
0,0,0,0,0,0,3,0,0,0,0,0,3,0,0,0
0,1,0,0,0,0,0,0,0,0,3,0,0,0,0,0
1,0,0,3,0,0,0,0,0,3,0,0,0,0,0,0
0,0,3,0,0,0,0,0,3,0,0,0,0,0,0,0
0,0,0,0,0,0,3,0,0,0,0,0,0,0,0,0
0,0,0,0,0,3,0,0,0,0,0,0,0,0,0,0
0,0,0,0,3,0,0,0,0,0,0,0,0,0,0,0
0,0,0,0,0,0,0,3,0,0,6,14,0,5,15,14
0,0,0,0,0,0,3,1,0,6,14,0,5,15,14,0
0,0,0,0,0,3,1,0,6,14,0,0,15,14,0,0
0,0,0,3,0,0,6,14,0,5,15,14,0,0,14,0
0,0,3,1,0,6,14,0,5,15,14,0,0,14,0,0
0,3,1,0,6,14,0,0,15,14,0,0,14,0,0,0
0,0,6,14,0,5,15,14,0,0,14,0,0,0,0,0
0,6,14,0,5,15,14,0,0,14,0,0,0,0,0,0
6,14,0,0,15,14,0,0,14,0,0,0,0,0,0,0
0,0,0,0,0,3,7,7,0,9,7,0,0,15,0,0
0,0,0,0,3,7,7,7,9,7,0,0,15,0,0,0
0,0,0,0,7,7,7,0,7,0,0,0,0,0,0,0
0,3,7,7,0,9,7,0,0,15,0,0,0,3,0,0
3,7,7,7,9,7,0,0,15,0,0,0,3,0,0,0
7,7,7,0,7,0,0,0,0,0,0,0,0,0,0,0
0,9,7,0,0,15,0,0,0,3,0,0,0,0,0,0
9,7,0,0,15,0,0,0,3,0,0,0,0,0,0,0
7,0,0,0,0,0,0,0,0,0,0,0,0,0,0,0
0,0,0,0,0,0,1,5,0,0,0,9,0,6,7,11
0,0,0,0,0,1,5,0,0,0,9,21,6,7,11,14
0,0,0,0,1,5,0,0,0,9,21,0,7,11,14,0
0,0,1,5,0,0,0,9,0,6,7,11,0,5,19,12
0,1,5,0,0,0,9,21,6,7,11,14,5,19,12,15
1,5,0,0,0,9,21,0,7,11,14,0,19,12,15,0
0,0,0,9,0,6,7,11,0,5,19,12,0,0,0,0
0,0,9,21,6,7,11,14,5,19,12,15,0,0,0,0
0,9,21,0,7,11,14,0,19,12,15,0,0,0,0,0
0,0,0,0,0,0,0,0,0,0,0,0,0,0,7,6
0,0,0,0,0,0,0,0,0,0,0,0,0,7,6,0
0,0,0,0,0,0,0,0,0,0,0,0,7,6,0,0
0,0,0,0,0,0,0,0,0,0,7,6,0,0,0,0
0,0,0,0,0,0,0,0,0,7,6,0,0,0,0,0
0,0,0,0,0,0,0,0,7,6,0,0,0,0,0,0
0,0,0,0,0,0,7,6,0,0,0,0,0,0,0,0
0,0,0,0,0,7,6,0,0,0,0,0,0,0,0,0
0,0,0,0,7,6,0,0,0,0,0,0,0,0,0,0
0,0,0,0,0,7,3,3,0,7,7,9,0,3,3,3
0,0,0,0,7,3,3,3,7,7,9,9,3,3,3,0
0,0,0,0,3,3,3,0,7,9,9,0,3,3,0,0
0,7,3,3,0,7,7,9,0,3,3,3,0,3,0,9
7,3,3,3,7,7,9,9,3,3,3,0,3,0,9,3
3,3,3,0,7,9,9,0,3,3,0,0,0,9,3,0
0,7,7,9,0,3,3,3,0,3,0,9,0,0,0,0
7,7,9,9,3,3,3,0,3,0,9,3,0,0,0,0
7,9,9,0,3,3,0,0,0,9,3,0,0,0,0,0
0,0,0,0,0,0,0,0,0,7,10,3,0,5,9,5
0,0,0,0,0,0,0,0,7,10,3,7,5,9,5,1
0,0,0,0,0,0,0,0,10,3,7,0,9,5,1,0
0,0,0,0,0,7,10,3,0,5,9,5,0,7,24,0
0,0,0,0,7,10,3,7,5,9,5,1,7,24,0,3
0,0,0,0,10,3,7,0,9,5,1,0,24,0,3,0
0,7,10,3,0,5,9,5,0,7,24,0,0,0,0,0
7,10,3,7,5,9,5,1,7,24,0,3,0,0,0,0
10,3,7,0,9,5,1,0,24,0,3,0,0,0,0,0
0,0,0,0,0,0,0,0,0,0,0,0,0,0,0,0
0,0,0,0,0,0,0,0,0,0,0,0,0,0,0,0
0,0,0,0,0,0,0,0,0,0,0,0,0,0,0,0
0,0,0,0,0,0,0,0,0,0,0,0,0,0,0,0
0,0,0,0,0,0,0,0,0,0,0,0,0,0,0,0
0,0,0,0,0,0,0,0,0,0,0,0,0,0,0,0
0,0,0,0,0,0,0,0,0,0,0,0,0,0,0,0
0,0,0,0,0,0,0,0,0,0,0,0,0,0,0,0
0,0,0,0,0,0,0,0,0,0,0,0,0,0,0,0
0,0,0,0,0,5,15,18,0,7,9,6,0,15,21,14
0,0,0,0,5,15,18,12,7,9,6,21,15,21,14,15
0,0,0,0,15,18,12,0,9,6,21,0,21,14,15,0
0,5,15,18,0,7,9,6,0,15,21,14,0,7,3,12
5,15,18,12,7,9,6,21,15,21,14,15,7,3,12,9
15,18,12,0,9,6,21,0,21,14,15,0,3,12,9,0
0,7,9,6,0,15,21,14,0,7,3,12,0,0,0,0
7,9,6,21,15,21,14,15,7,3,12,9,0,0,0,0
9,6,21,0,21,14,15,0,3,12,9,0,0,0,0,0
0,0,0,0,0,0,0,0,0,0,0,0,0,0,0,0
0,0,0,0,0,0,0,0,0,0,0,0,0,0,0,0
0,0,0,0,0,0,0,0,0,0,0,0,0,0,0,0
0,0,0,0,0,0,0,0,0,0,0,0,0,0,0,6
0,0,0,0,0,0,0,0,0,0,0,0,0,0,6,3
0,0,0,0,0,0,0,0,0,0,0,0,0,6,3,0
0,0,0,0,0,0,0,0,0,0,0,6,0,0,0,0
0,0,0,0,0,0,0,0,0,0,6,3,0,0,0,0
0,0,0,0,0,0,0,0,0,6,3,0,0,0,0,0
0,0,0,0,0,0,0,0,0,0,0,0,0,0,0,0
0,0,0,0,0,0,0,0,0,0,0,0,0,0,0,0
0,0,0,0,0,0,0,0,0,0,0,0,0,0,0,0
0,0,0,0,0,0,0,0,0,0,0,0,0,0,0,0
0,0,0,0,0,0,0,0,0,0,0,0,0,0,0,0
0,0,0,0,0,0,0,0,0,0,0,0,0,0,0,0
0,0,0,0,0,0,0,0,0,0,0,0,0,0,0,0
0,0,0,0,0,0,0,0,0,0,0,0,0,0,0,0
0,0,0,0,0,0,0,0,0,0,0,0,0,0,0,0
0,0,0,0,0,11,6,3,0,11,7,5,0,3,14,7
0,0,0,0,11,6,3,5,11,7,5,11,3,14,7,7
0,0,0,0,6,3,5,0,7,5,11,0,14,7,7,0
0,11,6,3,0,11,7,5,0,3,14,7,0,12,12,12
11,6,3,5,11,7,5,11,3,14,7,7,12,12,12,7
6,3,5,0,7,5,11,0,14,7,7,0,12,12,7,0
0,11,7,5,0,3,14,7,0,12,12,12,0,0,0,0
11,7,5,11,3,14,7,7,12,12,12,7,0,0,0,0
7,5,11,0,14,7,7,0,12,12,7,0,0,0,0,0
0,0,0,0,0,0,5,5,0,0,0,0,0,0,0,0
0,0,0,0,0,5,5,0,0,0,0,0,0,0,0,0
0,0,0,0,5,5,0,0,0,0,0,0,0,0,0,0
0,0,5,5,0,0,0,0,0,0,0,0,0,0,0,0
0,5,5,0,0,0,0,0,0,0,0,0,0,0,0,0
5,5,0,0,0,0,0,0,0,0,0,0,0,0,0,0
0,0,0,0,0,0,0,0,0,0,0,0,0,0,0,0
0,0,0,0,0,0,0,0,0,0,0,0,0,0,0,0
0,0,0,0,0,0,0,0,0,0,0,0,0,0,0,0
0,0,0,0,0,5,6,6,0,0,0,0,0,0,0,0
0,0,0,0,5,6,6,3,0,0,0,0,0,0,0,0
0,0,0,0,6,6,3,0,0,0,0,0,0,0,0,0
0,5,6,6,0,0,0,0,0,0,0,0,0,0,0,1
5,6,6,3,0,0,0,0,0,0,0,0,0,0,1,0
6,6,3,0,0,0,0,0,0,0,0,0,0,1,0,0
0,0,0,0,0,0,0,0,0,0,0,1,0,0,0,0
0,0,0,0,0,0,0,0,0,0,1,0,0,0,0,0
0,0,0,0,0,0,0,0,0,1,0,0,0,0,0,0
0,0,0,0,0,0,0,0,0,1,0,1,0,7,0,0
0,0,0,0,0,0,0,5,1,0,1,0,7,0,0,0
0,0,0,0,0,0,5,0,0,1,0,0,0,0,0,0
0,0,0,0,0,1,0,1,0,7,0,0,0,0,0,0
0,0,0,5,1,0,1,0,7,0,0,0,0,0,0,7
0,0,5,0,0,1,0,0,0,0,0,0,0,0,7,0
0,1,0,1,0,7,0,0,0,0,0,0,0,0,0,0
1,0,1,0,7,0,0,0,0,0,0,7,0,0,0,0
0,1,0,0,0,0,0,0,0,0,7,0,0,0,0,0
0,0,0,0,0,6,7,14,0,5,6,7,0,3,12,7
0,0,0,0,6,7,14,5,5,6,7,12,3,12,7,6
0,0,0,0,7,14,5,0,6,7,12,0,12,7,6,0
0,6,7,14,0,5,6,7,0,3,12,7,0,0,14,10
6,7,14,5,5,6,7,12,3,12,7,6,0,14,10,11
7,14,5,0,6,7,12,0,12,7,6,0,14,10,11,0
0,5,6,7,0,3,12,7,0,0,14,10,0,0,0,0
5,6,7,12,3,12,7,6,0,14,10,11,0,0,0,0
6,7,12,0,12,7,6,0,14,10,11,0,0,0,0,0
0,0,0,0,0,0,0,0,0,0,0,0,0,6,0,0
0,0,0,0,0,0,0,0,0,0,0,0,6,0,0,0
0,0,0,0,0,0,0,0,0,0,0,0,0,0,0,0
0,0,0,0,0,0,0,0,0,6,0,0,0,0,0,0
0,0,0,0,0,0,0,0,6,0,0,0,0,0,0,0
0,0,0,0,0,0,0,0,0,0,0,0,0,0,0,0
0,0,0,0,0,6,0,0,0,0,0,0,0,0,0,0
0,0,0,0,6,0,0,0,0,0,0,0,0,0,0,0
0,0,0,0,0,0,0,0,0,0,0,0,0,0,0,0
0,0,0,0,0,0,0,0,0,0,0,0,0,0,0,0
0,0,0,0,0,0,0,0,0,0,0,0,0,0,0,0
0,0,0,0,0,0,0,0,0,0,0,0,0,0,0,0
0,0,0,0,0,0,0,0,0,0,0,0,0,0,0,0
0,0,0,0,0,0,0,0,0,0,0,0,0,0,0,0
0,0,0,0,0,0,0,0,0,0,0,0,0,0,0,0
0,0,0,0,0,0,0,0,0,0,0,0,0,0,0,0
0,0,0,0,0,0,0,0,0,0,0,0,0,0,0,0
0,0,0,0,0,0,0,0,0,0,0,0,0,0,0,0
0,0,0,0,0,11,5,7,0,6,15,7,0,5,12,12
0,0,0,0,11,5,7,12,6,15,7,12,5,12,12,14
0,0,0,0,5,7,12,0,15,7,12,0,12,12,14,0
0,11,5,7,0,6,15,7,0,5,12,12,0,7,24,27
11,5,7,12,6,15,7,12,5,12,12,14,7,24,27,25
5,7,12,0,15,7,12,0,12,12,14,0,24,27,25,0
0,6,15,7,0,5,12,12,0,7,24,27,0,0,0,0
6,15,7,12,5,12,12,14,7,24,27,25,0,0,0,0
15,7,12,0,12,12,14,0,24,27,25,0,0,0,0,0
0,0,0,0,0,6,6,1,0,3,14,5,0,7,7,3
0,0,0,0,6,6,1,1,3,14,5,12,7,7,3,12
0,0,0,0,6,1,1,0,14,5,12,0,7,3,12,0
0,6,6,1,0,3,14,5,0,7,7,3,0,6,41,10
6,6,1,1,3,14,5,12,7,7,3,12,6,41,10,12
6,1,1,0,14,5,12,0,7,3,12,0,41,10,12,0
0,3,14,5,0,7,7,3,0,6,41,10,0,0,0,0
3,14,5,12,7,7,3,12,6,41,10,12,0,0,0,0
14,5,12,0,7,3,12,0,41,10,12,0,0,0,0,0
0,0,0,0,0,0,0,0,0,0,0,0,0,0,0,0
0,0,0,0,0,0,0,0,0,0,0,0,0,0,0,0
0,0,0,0,0,0,0,0,0,0,0,0,0,0,0,0
0,0,0,0,0,0,0,0,0,0,0,0,0,0,0,0
0,0,0,0,0,0,0,0,0,0,0,0,0,0,0,0
0,0,0,0,0,0,0,0,0,0,0,0,0,0,0,0
0,0,0,0,0,0,0,0,0,0,0,0,0,0,0,0
0,0,0,0,0,0,0,0,0,0,0,0,0,0,0,0
0,0,0,0,0,0,0,0,0,0,0,0,0,0,0,0
0,0,0,0,0,1,0,0,0,0,0,0,0,0,0,0
0,0,0,0,1,0,0,0,0,0,0,0,0,0,0,0
0,0,0,0,0,0,0,0,0,0,0,0,0,0,0,0
0,1,0,0,0,0,0,0,0,0,0,0,0,0,0,0
1,0,0,0,0,0,0,0,0,0,0,0,0,0,0,0
0,0,0,0,0,0,0,0,0,0,0,0,0,0,0,0
0,0,0,0,0,0,0,0,0,0,0,0,0,0,0,0
0,0,0,0,0,0,0,0,0,0,0,0,0,0,0,0
0,0,0,0,0,0,0,0,0,0,0,0,0,0,0,0
0,0,0,0,0,7,6,7,0,0,9,3,0,7,3,9
0,0,0,0,7,6,7,7,0,9,3,10,7,3,9,5
0,0,0,0,6,7,7,0,9,3,10,0,3,9,5,0
0,7,6,7,0,0,9,3,0,7,3,9,0,7,6,0
7,6,7,7,0,9,3,10,7,3,9,5,7,6,0,0
6,7,7,0,9,3,10,0,3,9,5,0,6,0,0,0
0,0,9,3,0,7,3,9,0,7,6,0,0,0,0,0
0,9,3,10,7,3,9,5,7,6,0,0,0,0,0,0
9,3,10,0,3,9,5,0,6,0,0,0,0,0,0,0
0,0,0,0,0,0,3,7,0,6,14,3,0,0,14,7
0,0,0,0,0,3,7,3,6,14,3,10,0,14,7,3
0,0,0,0,3,7,3,0,14,3,10,0,14,7,3,0
0,0,3,7,0,6,14,3,0,0,14,7,0,6,10,1
0,3,7,3,6,14,3,10,0,14,7,3,6,10,1,3
3,7,3,0,14,3,10,0,14,7,3,0,10,1,3,0
0,6,14,3,0,0,14,7,0,6,10,1,0,0,0,0
6,14,3,10,0,14,7,3,6,10,1,3,0,0,0,0
14,3,10,0,14,7,3,0,10,1,3,0,0,0,0,0
0,0,0,0,0,3,0,0,0,0,0,0,0,3,0,0
0,0,0,0,3,0,0,0,0,0,0,0,3,0,0,0
0,0,0,0,0,0,0,0,0,0,0,0,0,0,0,0
0,3,0,0,0,0,0,0,0,3,0,0,0,0,0,0
3,0,0,0,0,0,0,0,3,0,0,0,0,0,0,0
0,0,0,0,0,0,0,0,0,0,0,0,0,0,0,0
0,0,0,0,0,3,0,0,0,0,0,0,0,0,0,0
0,0,0,0,3,0,0,0,0,0,0,0,0,0,0,0
0,0,0,0,0,0,0,0,0,0,0,0,0,0,0,0
0,0,0,0,0,0,0,1,0,0,0,0,0,0,0,0
0,0,0,0,0,0,1,0,0,0,0,0,0,0,0,0
0,0,0,0,0,1,0,0,0,0,0,0,0,0,0,0
0,0,0,1,0,0,0,0,0,0,0,0,0,0,0,0
0,0,1,0,0,0,0,0,0,0,0,0,0,0,0,0
0,1,0,0,0,0,0,0,0,0,0,0,0,0,0,0
0,0,0,0,0,0,0,0,0,0,0,0,0,0,0,0
0,0,0,0,0,0,0,0,0,0,0,0,0,0,0,0
0,0,0,0,0,0,0,0,0,0,0,0,0,0,0,0
0,0,0,0,0,0,0,0,0,0,0,9,0,0,3,1
0,0,0,0,0,0,0,0,0,0,9,0,0,3,1,0
0,0,0,0,0,0,0,0,0,9,0,0,3,1,0,0
0,0,0,0,0,0,0,9,0,0,3,1,0,0,0,0
0,0,0,0,0,0,9,0,0,3,1,0,0,0,0,0
0,0,0,0,0,9,0,0,3,1,0,0,0,0,0,0
0,0,0,9,0,0,3,1,0,0,0,0,0,0,0,0
0,0,9,0,0,3,1,0,0,0,0,0,0,0,0,0
0,9,0,0,3,1,0,0,0,0,0,0,0,0,0,0
0,0,0,0,0,0,1,3,0,1,3,0,0,0,0,0
0,0,0,0,0,1,3,3,1,3,0,6,0,0,0,0
0,0,0,0,1,3,3,0,3,0,6,0,0,0,0,0
0,0,1,3,0,1,3,0,0,0,0,0,0,0,0,12
0,1,3,3,1,3,0,6,0,0,0,0,0,0,12,0
1,3,3,0,3,0,6,0,0,0,0,0,0,12,0,0
0,1,3,0,0,0,0,0,0,0,0,12,0,0,0,0
1,3,0,6,0,0,0,0,0,0,12,0,0,0,0,0
3,0,6,0,0,0,0,0,0,12,0,0,0,0,0,0
0,0,0,0,0,0,0,0,0,0,10,5,0,0,0,0
0,0,0,0,0,0,0,6,0,10,5,7,0,0,0,7
0,0,0,0,0,0,6,0,10,5,7,0,0,0,7,0
0,0,0,0,0,0,10,5,0,0,0,0,0,0,0,6
0,0,0,6,0,10,5,7,0,0,0,7,0,0,6,14
0,0,6,0,10,5,7,0,0,0,7,0,0,6,14,0
0,0,10,5,0,0,0,0,0,0,0,6,0,0,0,0
0,10,5,7,0,0,0,7,0,0,6,14,0,0,0,0
10,5,7,0,0,0,7,0,0,6,14,0,0,0,0,0
0,0,0,0,0,0,7,6,0,1,3,0,0,0,10,7
0,0,0,0,0,7,6,10,1,3,0,0,0,10,7,1
0,0,0,0,7,6,10,0,3,0,0,0,10,7,1,0
0,0,7,6,0,1,3,0,0,0,10,7,0,0,14,0
0,7,6,10,1,3,0,0,0,10,7,1,0,14,0,7
7,6,10,0,3,0,0,0,10,7,1,0,14,0,7,0
0,1,3,0,0,0,10,7,0,0,14,0,0,0,0,0
1,3,0,0,0,10,7,1,0,14,0,7,0,0,0,0
3,0,0,0,10,7,1,0,14,0,7,0,0,0,0,0
0,0,0,0,0,0,6,5,0,7,0,11,0,7,6,7
0,0,0,0,0,6,5,0,7,0,11,12,7,6,7,9
0,0,0,0,6,5,0,0,0,11,12,0,6,7,9,0
0,0,6,5,0,7,0,11,0,7,6,7,0,6,9,0
0,6,5,0,7,0,11,12,7,6,7,9,6,9,0,6
6,5,0,0,0,11,12,0,6,7,9,0,9,0,6,0
0,7,0,11,0,7,6,7,0,6,9,0,0,0,0,0
7,0,11,12,7,6,7,9,6,9,0,6,0,0,0,0
0,11,12,0,6,7,9,0,9,0,6,0,0,0,0,0
0,0,0,0,0,1,0,0,0,0,0,0,0,0,7,0
0,0,0,0,1,0,0,0,0,0,0,0,0,7,0,0
0,0,0,0,0,0,0,0,0,0,0,0,7,0,0,0
0,1,0,0,0,0,0,0,0,0,7,0,0,0,0,0
1,0,0,0,0,0,0,0,0,7,0,0,0,0,0,0
0,0,0,0,0,0,0,0,7,0,0,0,0,0,0,0
0,0,0,0,0,0,7,0,0,0,0,0,0,0,0,0
0,0,0,0,0,7,0,0,0,0,0,0,0,0,0,0
0,0,0,0,7,0,0,0,0,0,0,0,0,0,0,0
0,0,0,0,0,5,5,11,0,0,10,9,0,1,3,10
0,0,0,0,5,5,11,11,0,10,9,6,1,3,10,9
0,0,0,0,5,11,11,0,10,9,6,0,3,10,9,0
0,5,5,11,0,0,10,9,0,1,3,10,0,0,15,12
5,5,11,11,0,10,9,6,1,3,10,9,0,15,12,7
5,11,11,0,10,9,6,0,3,10,9,0,15,12,7,0
0,0,10,9,0,1,3,10,0,0,15,12,0,0,0,0
0,10,9,6,1,3,10,9,0,15,12,7,0,0,0,0
10,9,6,0,3,10,9,0,15,12,7,0,0,0,0,0
0,0,0,0,0,0,5,14,0,0,3,11,0,0,3,0
0,0,0,0,0,5,14,11,0,3,11,7,0,3,0,9
0,0,0,0,5,14,11,0,3,11,7,0,3,0,9,0
0,0,5,14,0,0,3,11,0,0,3,0,0,0,0,3
0,5,14,11,0,3,11,7,0,3,0,9,0,0,3,0
5,14,11,0,3,11,7,0,3,0,9,0,0,3,0,0
0,0,3,11,0,0,3,0,0,0,0,3,0,0,0,0
0,3,11,7,0,3,0,9,0,0,3,0,0,0,0,0
3,11,7,0,3,0,9,0,0,3,0,0,0,0,0,0
0,0,0,0,0,0,0,0,0,0,3,0,0,3,0,7
0,0,0,0,0,0,0,0,0,3,0,0,3,0,7,0
0,0,0,0,0,0,0,0,3,0,0,0,0,7,0,0
0,0,0,0,0,0,3,0,0,3,0,7,0,9,7,0
0,0,0,0,0,3,0,0,3,0,7,0,9,7,0,0
0,0,0,0,3,0,0,0,0,7,0,0,7,0,0,0
0,0,3,0,0,3,0,7,0,9,7,0,0,0,0,0
0,3,0,0,3,0,7,0,9,7,0,0,0,0,0,0
3,0,0,0,0,7,0,0,7,0,0,0,0,0,0,0
0,0,0,0,0,6,5,5,0,3,3,20,0,12,15,10
0,0,0,0,6,5,5,14,3,3,20,15,12,15,10,22
0,0,0,0,5,5,14,0,3,20,15,0,15,10,22,0
0,6,5,5,0,3,3,20,0,12,15,10,0,15,30,17
6,5,5,14,3,3,20,15,12,15,10,22,15,30,17,11
5,5,14,0,3,20,15,0,15,10,22,0,30,17,11,0
0,3,3,20,0,12,15,10,0,15,30,17,0,0,0,0
3,3,20,15,12,15,10,22,15,30,17,11,0,0,0,0
3,20,15,0,15,10,22,0,30,17,11,0,0,0,0,0
0,0,0,0,0,1,9,3,0,3,0,0,0,0,0,7
0,0,0,0,1,9,3,3,3,0,0,0,0,0,7,0
0,0,0,0,9,3,3,0,0,0,0,0,0,7,0,0
0,1,9,3,0,3,0,0,0,0,0,7,0,0,0,0
1,9,3,3,3,0,0,0,0,0,7,0,0,0,0,0
9,3,3,0,0,0,0,0,0,7,0,0,0,0,0,0
0,3,0,0,0,0,0,7,0,0,0,0,0,0,0,0
3,0,0,0,0,0,7,0,0,0,0,0,0,0,0,0
0,0,0,0,0,7,0,0,0,0,0,0,0,0,0,0
0,0,0,0,0,0,0,0,0,0,0,0,0,0,0,0
0,0,0,0,0,0,0,0,0,0,0,0,0,0,0,0
0,0,0,0,0,0,0,0,0,0,0,0,0,0,0,0
0,0,0,0,0,0,0,0,0,0,0,0,0,0,0,0
0,0,0,0,0,0,0,0,0,0,0,0,0,0,0,0
0,0,0,0,0,0,0,0,0,0,0,0,0,0,0,0
0,0,0,0,0,0,0,0,0,0,0,0,0,0,0,0
0,0,0,0,0,0,0,0,0,0,0,0,0,0,0,0
0,0,0,0,0,0,0,0,0,0,0,0,0,0,0,0
0,0,0,0,0,0,0,0,0,0,0,0,0,3,12,7
0,0,0,0,0,0,0,0,0,0,0,10,3,12,7,3
0,0,0,0,0,0,0,0,0,0,10,0,12,7,3,0
0,0,0,0,0,0,0,0,0,3,12,7,0,0,0,0
0,0,0,0,0,0,0,10,3,12,7,3,0,0,0,12
0,0,0,0,0,0,10,0,12,7,3,0,0,0,12,0
0,0,0,0,0,3,12,7,0,0,0,0,0,0,0,0
0,0,0,10,3,12,7,3,0,0,0,12,0,0,0,0
0,0,10,0,12,7,3,0,0,0,12,0,0,0,0,0
0,0,0,0,0,0,0,0,0,1,3,0,0,9,0,0
0,0,0,0,0,0,0,0,1,3,0,3,9,0,0,5
0,0,0,0,0,0,0,0,3,0,3,0,0,0,5,0
0,0,0,0,0,1,3,0,0,9,0,0,0,3,0,1
0,0,0,0,1,3,0,3,9,0,0,5,3,0,1,7
0,0,0,0,3,0,3,0,0,0,5,0,0,1,7,0
0,1,3,0,0,9,0,0,0,3,0,1,0,0,0,0
1,3,0,3,9,0,0,5,3,0,1,7,0,0,0,0
3,0,3,0,0,0,5,0,0,1,7,0,0,0,0,0
0,0,0,0,0,15,11,6,0,19,3,15,0,5,7,0
0,0,0,0,15,11,6,11,19,3,15,11,5,7,0,3
0,0,0,0,11,6,11,0,3,15,11,0,7,0,3,0
0,15,11,6,0,19,3,15,0,5,7,0,0,11,12,5
15,11,6,11,19,3,15,11,5,7,0,3,11,12,5,0
11,6,11,0,3,15,11,0,7,0,3,0,12,5,0,0
0,19,3,15,0,5,7,0,0,11,12,5,0,0,0,0
19,3,15,11,5,7,0,3,11,12,5,0,0,0,0,0
3,15,11,0,7,0,3,0,12,5,0,0,0,0,0,0
0,0,0,0,0,0,0,0,0,0,0,0,0,0,12,7
0,0,0,0,0,0,0,0,0,0,0,0,0,12,7,0
0,0,0,0,0,0,0,0,0,0,0,0,12,7,0,0
0,0,0,0,0,0,0,0,0,0,12,7,0,0,9,0
0,0,0,0,0,0,0,0,0,12,7,0,0,9,0,0
0,0,0,0,0,0,0,0,12,7,0,0,9,0,0,0
0,0,0,0,0,0,12,7,0,0,9,0,0,0,0,0
0,0,0,0,0,12,7,0,0,9,0,0,0,0,0,0
0,0,0,0,12,7,0,0,9,0,0,0,0,0,0,0
0,0,0,0,0,0,0,0,0,6,12,7,0,7,15,0
0,0,0,0,0,0,0,0,6,12,7,6,7,15,0,1
0,0,0,0,0,0,0,0,12,7,6,0,15,0,1,0
0,0,0,0,0,6,12,7,0,7,15,0,0,1,5,7
0,0,0,0,6,12,7,6,7,15,0,1,1,5,7,15
0,0,0,0,12,7,6,0,15,0,1,0,5,7,15,0
0,6,12,7,0,7,15,0,0,1,5,7,0,0,0,0
6,12,7,6,7,15,0,1,1,5,7,15,0,0,0,0
12,7,6,0,15,0,1,0,5,7,15,0,0,0,0,0
0,0,0,0,0,0,3,3,0,10,3,0,0,15,0,7
0,0,0,0,0,3,3,0,10,3,0,6,15,0,7,0
0,0,0,0,3,3,0,0,3,0,6,0,0,7,0,0
0,0,3,3,0,10,3,0,0,15,0,7,0,3,3,0
0,3,3,0,10,3,0,6,15,0,7,0,3,3,0,0
3,3,0,0,3,0,6,0,0,7,0,0,3,0,0,0
0,10,3,0,0,15,0,7,0,3,3,0,0,0,0,0
10,3,0,6,15,0,7,0,3,3,0,0,0,0,0,0
3,0,6,0,0,7,0,0,3,0,0,0,0,0,0,0
0,0,0,0,0,0,0,1,0,0,0,0,0,0,3,5
0,0,0,0,0,0,1,0,0,0,0,0,0,3,5,0
0,0,0,0,0,1,0,0,0,0,0,0,3,5,0,0
0,0,0,1,0,0,0,0,0,0,3,5,0,0,0,0
0,0,1,0,0,0,0,0,0,3,5,0,0,0,0,0
0,1,0,0,0,0,0,0,3,5,0,0,0,0,0,0
0,0,0,0,0,0,3,5,0,0,0,0,0,0,0,0
0,0,0,0,0,3,5,0,0,0,0,0,0,0,0,0
0,0,0,0,3,5,0,0,0,0,0,0,0,0,0,0
0,0,0,0,0,0,0,0,0,0,0,0,0,6,0,0
0,0,0,0,0,0,0,0,0,0,0,0,6,0,0,0
0,0,0,0,0,0,0,0,0,0,0,0,0,0,0,0
0,0,0,0,0,0,0,0,0,6,0,0,0,9,0,0
0,0,0,0,0,0,0,0,6,0,0,0,9,0,0,0
0,0,0,0,0,0,0,0,0,0,0,0,0,0,0,0
0,0,0,0,0,6,0,0,0,9,0,0,0,0,0,0
0,0,0,0,6,0,0,0,9,0,0,0,0,0,0,0
0,0,0,0,0,0,0,0,0,0,0,0,0,0,0,0
0,0,0,0,0,0,0,0,0,0,0,0,0,0,6,0
0,0,0,0,0,0,0,0,0,0,0,0,0,6,0,0
0,0,0,0,0,0,0,0,0,0,0,0,6,0,0,0
0,0,0,0,0,0,0,0,0,0,6,0,0,0,3,11
0,0,0,0,0,0,0,0,0,6,0,0,0,3,11,5
0,0,0,0,0,0,0,0,6,0,0,0,3,11,5,0
0,0,0,0,0,0,6,0,0,0,3,11,0,0,0,0
0,0,0,0,0,6,0,0,0,3,11,5,0,0,0,0
0,0,0,0,6,0,0,0,3,11,5,0,0,0,0,0
0,0,0,0,0,5,9,10,0,0,5,0,0,0,0,0
0,0,0,0,5,9,10,7,0,5,0,0,0,0,0,0
0,0,0,0,9,10,7,0,5,0,0,0,0,0,0,0
0,5,9,10,0,0,5,0,0,0,0,0,0,0,1,12
5,9,10,7,0,5,0,0,0,0,0,0,0,1,12,0
9,10,7,0,5,0,0,0,0,0,0,0,1,12,0,0
0,0,5,0,0,0,0,0,0,0,1,12,0,0,0,0
0,5,0,0,0,0,0,0,0,1,12,0,0,0,0,0
5,0,0,0,0,0,0,0,1,12,0,0,0,0,0,0
0,0,0,0,0,0,0,0,0,0,1,7,0,0,0,0
0,0,0,0,0,0,0,3,0,1,7,0,0,0,0,3
0,0,0,0,0,0,3,0,1,7,0,0,0,0,3,0
0,0,0,0,0,0,1,7,0,0,0,0,0,7,0,0
0,0,0,3,0,1,7,0,0,0,0,3,7,0,0,0
0,0,3,0,1,7,0,0,0,0,3,0,0,0,0,0
0,0,1,7,0,0,0,0,0,7,0,0,0,0,0,0
0,1,7,0,0,0,0,3,7,0,0,0,0,0,0,0
1,7,0,0,0,0,3,0,0,0,0,0,0,0,0,0
0,0,0,0,0,7,7,3,0,0,0,6,0,1,6,0
0,0,0,0,7,7,3,7,0,0,6,7,1,6,0,0
0,0,0,0,7,3,7,0,0,6,7,0,6,0,0,0
0,7,7,3,0,0,0,6,0,1,6,0,0,0,5,0
7,7,3,7,0,0,6,7,1,6,0,0,0,5,0,3
7,3,7,0,0,6,7,0,6,0,0,0,5,0,3,0
0,0,0,6,0,1,6,0,0,0,5,0,0,0,0,0
0,0,6,7,1,6,0,0,0,5,0,3,0,0,0,0
0,6,7,0,6,0,0,0,5,0,3,0,0,0,0,0
0,0,0,0,0,5,0,6,0,7,10,3,0,3,12,11
0,0,0,0,5,0,6,7,7,10,3,19,3,12,11,5
0,0,0,0,0,6,7,0,10,3,19,0,12,11,5,0
0,5,0,6,0,7,10,3,0,3,12,11,0,22,15,15
5,0,6,7,7,10,3,19,3,12,11,5,22,15,15,3
0,6,7,0,10,3,19,0,12,11,5,0,15,15,3,0
0,7,10,3,0,3,12,11,0,22,15,15,0,0,0,0
7,10,3,19,3,12,11,5,22,15,15,3,0,0,0,0
10,3,19,0,12,11,5,0,15,15,3,0,0,0,0,0
0,0,0,0,0,0,0,0,0,0,0,0,0,0,0,0
0,0,0,0,0,0,0,0,0,0,0,0,0,0,0,0
0,0,0,0,0,0,0,0,0,0,0,0,0,0,0,0
0,0,0,0,0,0,0,0,0,0,0,0,0,0,0,0
0,0,0,0,0,0,0,0,0,0,0,0,0,0,0,0
0,0,0,0,0,0,0,0,0,0,0,0,0,0,0,0
0,0,0,0,0,0,0,0,0,0,0,0,0,0,0,0
0,0,0,0,0,0,0,0,0,0,0,0,0,0,0,0
0,0,0,0,0,0,0,0,0,0,0,0,0,0,0,0
0,0,0,0,0,0,0,0,0,1,0,0,0,0,0,0
0,0,0,0,0,0,0,0,1,0,0,0,0,0,0,6
0,0,0,0,0,0,0,0,0,0,0,0,0,0,6,0
0,0,0,0,0,1,0,0,0,0,0,0,0,9,0,0
0,0,0,0,1,0,0,0,0,0,0,6,9,0,0,7
0,0,0,0,0,0,0,0,0,0,6,0,0,0,7,0
0,1,0,0,0,0,0,0,0,9,0,0,0,0,0,0
1,0,0,0,0,0,0,6,9,0,0,7,0,0,0,0
0,0,0,0,0,0,6,0,0,0,7,0,0,0,0,0
0,0,0,0,0,0,1,0,0,0,3,0,0,3,0,0
0,0,0,0,0,1,0,0,0,3,0,0,3,0,0,0
0,0,0,0,1,0,0,0,3,0,0,0,0,0,0,0
0,0,1,0,0,0,3,0,0,3,0,0,0,3,0,0
0,1,0,0,0,3,0,0,3,0,0,0,3,0,0,5
1,0,0,0,3,0,0,0,0,0,0,0,0,0,5,0
0,0,3,0,0,3,0,0,0,3,0,0,0,0,0,0
0,3,0,0,3,0,0,0,3,0,0,5,0,0,0,0
3,0,0,0,0,0,0,0,0,0,5,0,0,0,0,0
0,0,0,0,0,0,0,0,0,0,1,0,0,0,0,0
0,0,0,0,0,0,0,0,0,1,0,0,0,0,0,0
0,0,0,0,0,0,0,0,1,0,0,0,0,0,0,0
0,0,0,0,0,0,1,0,0,0,0,0,0,11,0,0
0,0,0,0,0,1,0,0,0,0,0,0,11,0,0,0
0,0,0,0,1,0,0,0,0,0,0,0,0,0,0,0
0,0,1,0,0,0,0,0,0,11,0,0,0,0,0,0
0,1,0,0,0,0,0,0,11,0,0,0,0,0,0,0
1,0,0,0,0,0,0,0,0,0,0,0,0,0,0,0
0,0,0,0,0,3,1,3,0,10,9,0,0,3,7,0
0,0,0,0,3,1,3,0,10,9,0,7,3,7,0,0
0,0,0,0,1,3,0,0,9,0,7,0,7,0,0,0
0,3,1,3,0,10,9,0,0,3,7,0,0,0,0,0
3,1,3,0,10,9,0,7,3,7,0,0,0,0,0,0
1,3,0,0,9,0,7,0,7,0,0,0,0,0,0,0
0,10,9,0,0,3,7,0,0,0,0,0,0,0,0,0
10,9,0,7,3,7,0,0,0,0,0,0,0,0,0,0
9,0,7,0,7,0,0,0,0,0,0,0,0,0,0,0
0,0,0,0,0,0,0,0,0,0,0,0,0,0,3,0
0,0,0,0,0,0,0,1,0,0,0,0,0,3,0,0
0,0,0,0,0,0,1,0,0,0,0,0,3,0,0,0
0,0,0,0,0,0,0,0,0,0,3,0,0,0,0,0
0,0,0,1,0,0,0,0,0,3,0,0,0,0,0,0
0,0,1,0,0,0,0,0,3,0,0,0,0,0,0,0
0,0,0,0,0,0,3,0,0,0,0,0,0,0,0,0
0,0,0,0,0,3,0,0,0,0,0,0,0,0,0,0
0,0,0,0,3,0,0,0,0,0,0,0,0,0,0,0
0,0,0,0,0,7,1,0,0,12,10,0,0,19,3,0
0,0,0,0,7,1,0,7,12,10,0,9,19,3,0,3
0,0,0,0,1,0,7,0,10,0,9,0,3,0,3,0
0,7,1,0,0,12,10,0,0,19,3,0,0,15,11,11
7,1,0,7,12,10,0,9,19,3,0,3,15,11,11,14
1,0,7,0,10,0,9,0,3,0,3,0,11,11,14,0
0,12,10,0,0,19,3,0,0,15,11,11,0,0,0,0
12,10,0,9,19,3,0,3,15,11,11,14,0,0,0,0
10,0,9,0,3,0,3,0,11,11,14,0,0,0,0,0
0,0,0,0,0,3,3,1,0,0,1,0,0,3,0,3
0,0,0,0,3,3,1,0,0,1,0,0,3,0,3,0
0,0,0,0,3,1,0,0,1,0,0,0,0,3,0,0
0,3,3,1,0,0,1,0,0,3,0,3,0,3,6,0
3,3,1,0,0,1,0,0,3,0,3,0,3,6,0,0
3,1,0,0,1,0,0,0,0,3,0,0,6,0,0,0
0,0,1,0,0,3,0,3,0,3,6,0,0,0,0,0
0,1,0,0,3,0,3,0,3,6,0,0,0,0,0,0
1,0,0,0,0,3,0,0,6,0,0,0,0,0,0,0
0,0,0,0,0,0,0,0,0,0,9,0,0,0,1,7
0,0,0,0,0,0,0,0,0,9,0,0,0,1,7,0
0,0,0,0,0,0,0,0,9,0,0,0,1,7,0,0
0,0,0,0,0,0,9,0,0,0,1,7,0,0,0,0
0,0,0,0,0,9,0,0,0,1,7,0,0,0,0,0
0,0,0,0,9,0,0,0,1,7,0,0,0,0,0,0
0,0,9,0,0,0,1,7,0,0,0,0,0,0,0,0
0,9,0,0,0,1,7,0,0,0,0,0,0,0,0,0
9,0,0,0,1,7,0,0,0,0,0,0,0,0,0,0
0,0,0,0,0,0,1,0,0,6,3,3,0,0,0,0
0,0,0,0,0,1,0,0,6,3,3,0,0,0,0,0
0,0,0,0,1,0,0,0,3,3,0,0,0,0,0,0
0,0,1,0,0,6,3,3,0,0,0,0,0,0,0,0
0,1,0,0,6,3,3,0,0,0,0,0,0,0,0,0
1,0,0,0,3,3,0,0,0,0,0,0,0,0,0,0
0,6,3,3,0,0,0,0,0,0,0,0,0,0,0,0
6,3,3,0,0,0,0,0,0,0,0,0,0,0,0,0
3,3,0,0,0,0,0,0,0,0,0,0,0,0,0,0
0,0,0,0,0,0,0,0,0,0,0,0,0,0,0,3
0,0,0,0,0,0,0,0,0,0,0,0,0,0,3,0
0,0,0,0,0,0,0,0,0,0,0,0,0,3,0,0
0,0,0,0,0,0,0,0,0,0,0,3,0,3,0,0
0,0,0,0,0,0,0,0,0,0,3,0,3,0,0,0
0,0,0,0,0,0,0,0,0,3,0,0,0,0,0,0
0,0,0,0,0,0,0,3,0,3,0,0,0,0,0,0
0,0,0,0,0,0,3,0,3,0,0,0,0,0,0,0
0,0,0,0,0,3,0,0,0,0,0,0,0,0,0,0
0,0,0,0,0,0,0,0,0,0,0,0,0,0,0,0
0,0,0,0,0,0,0,0,0,0,0,0,0,0,0,0
0,0,0,0,0,0,0,0,0,0,0,0,0,0,0,0
0,0,0,0,0,0,0,0,0,0,0,0,0,0,0,0
0,0,0,0,0,0,0,0,0,0,0,0,0,0,0,0
0,0,0,0,0,0,0,0,0,0,0,0,0,0,0,0
0,0,0,0,0,0,0,0,0,0,0,0,0,0,0,0
0,0,0,0,0,0,0,0,0,0,0,0,0,0,0,0
0,0,0,0,0,0,0,0,0,0,0,0,0,0,0,0
0,0,0,0,0,0,0,0,0,0,0,0,0,0,0,0
0,0,0,0,0,0,0,0,0,0,0,0,0,0,0,0
0,0,0,0,0,0,0,0,0,0,0,0,0,0,0,0
0,0,0,0,0,0,0,0,0,0,0,0,0,0,0,0
0,0,0,0,0,0,0,0,0,0,0,0,0,0,0,0
0,0,0,0,0,0,0,0,0,0,0,0,0,0,0,0
0,0,0,0,0,0,0,0,0,0,0,0,0,0,0,0
0,0,0,0,0,0,0,0,0,0,0,0,0,0,0,0
0,0,0,0,0,0,0,0,0,0,0,0,0,0,0,0
0,0,0,0,0,3,14,11,0,3,15,14,0,3,7,19
0,0,0,0,3,14,11,11,3,15,14,0,3,7,19,6
0,0,0,0,14,11,11,0,15,14,0,0,7,19,6,0
0,3,14,11,0,3,15,14,0,3,7,19,0,0,17,6
3,14,11,11,3,15,14,0,3,7,19,6,0,17,6,7
14,11,11,0,15,14,0,0,7,19,6,0,17,6,7,0
0,3,15,14,0,3,7,19,0,0,17,6,0,0,0,0
3,15,14,0,3,7,19,6,0,17,6,7,0,0,0,0
15,14,0,0,7,19,6,0,17,6,7,0,0,0,0,0
0,0,0,0,0,0,0,0,0,0,0,0,0,0,0,3
0,0,0,0,0,0,0,1,0,0,0,7,0,0,3,6
0,0,0,0,0,0,1,0,0,0,7,0,0,3,6,0
0,0,0,0,0,0,0,0,0,0,0,3,0,5,7,19
0,0,0,1,0,0,0,7,0,0,3,6,5,7,19,12
0,0,1,0,0,0,7,0,0,3,6,0,7,19,12,0
0,0,0,0,0,0,0,3,0,5,7,19,0,0,0,0
0,0,0,7,0,0,3,6,5,7,19,12,0,0,0,0
0,0,7,0,0,3,6,0,7,19,12,0,0,0,0,0
0,0,0,0,0,14,11,7,0,1,3,0,0,5,0,1
0,0,0,0,14,11,7,11,1,3,0,0,5,0,1,0
0,0,0,0,11,7,11,0,3,0,0,0,0,1,0,0
0,14,11,7,0,1,3,0,0,5,0,1,0,0,0,0
14,11,7,11,1,3,0,0,5,0,1,0,0,0,0,0
11,7,11,0,3,0,0,0,0,1,0,0,0,0,0,0
0,1,3,0,0,5,0,1,0,0,0,0,0,0,0,0
1,3,0,0,5,0,1,0,0,0,0,0,0,0,0,0
3,0,0,0,0,1,0,0,0,0,0,0,0,0,0,0
0,0,0,0,0,0,0,0,0,1,0,0,0,0,0,0
0,0,0,0,0,0,0,0,1,0,0,0,0,0,0,0
0,0,0,0,0,0,0,0,0,0,0,0,0,0,0,0
0,0,0,0,0,1,0,0,0,0,0,0,0,0,0,0
0,0,0,0,1,0,0,0,0,0,0,0,0,0,0,0
0,0,0,0,0,0,0,0,0,0,0,0,0,0,0,0
0,1,0,0,0,0,0,0,0,0,0,0,0,0,0,0
1,0,0,0,0,0,0,0,0,0,0,0,0,0,0,0
0,0,0,0,0,0,0,0,0,0,0,0,0,0,0,0
0,0,0,0,0,0,5,3,0,0,0,0,0,0,0,0
0,0,0,0,0,5,3,1,0,0,0,0,0,0,0,0
0,0,0,0,5,3,1,0,0,0,0,0,0,0,0,0
0,0,5,3,0,0,0,0,0,0,0,0,0,0,0,0
0,5,3,1,0,0,0,0,0,0,0,0,0,0,0,0
5,3,1,0,0,0,0,0,0,0,0,0,0,0,0,0
0,0,0,0,0,0,0,0,0,0,0,0,0,0,0,0
0,0,0,0,0,0,0,0,0,0,0,0,0,0,0,0
0,0,0,0,0,0,0,0,0,0,0,0,0,0,0,0
0,0,0,0,0,0,0,0,0,0,0,0,0,0,0,0
0,0,0,0,0,0,0,0,0,0,0,0,0,0,0,7
0,0,0,0,0,0,0,0,0,0,0,0,0,0,7,0
0,0,0,0,0,0,0,0,0,0,0,0,0,0,0,0
0,0,0,0,0,0,0,0,0,0,0,7,0,0,0,0
0,0,0,0,0,0,0,0,0,0,7,0,0,0,0,0
0,0,0,0,0,0,0,0,0,0,0,0,0,0,0,0
0,0,0,0,0,0,0,7,0,0,0,0,0,0,0,0
0,0,0,0,0,0,7,0,0,0,0,0,0,0,0,0
0,0,0,0,0,0,0,0,0,0,0,0,0,0,0,0
0,0,0,0,0,0,0,0,0,0,0,0,0,0,0,0
0,0,0,0,0,0,0,0,0,0,0,0,0,0,0,0
0,0,0,0,0,0,0,0,0,0,0,0,0,0,0,0
0,0,0,0,0,0,0,0,0,0,0,0,0,0,0,0
0,0,0,0,0,0,0,0,0,0,0,0,0,0,0,0
0,0,0,0,0,0,0,0,0,0,0,0,0,0,0,0
0,0,0,0,0,0,0,0,0,0,0,0,0,0,0,0
0,0,0,0,0,0,0,0,0,0,0,0,0,0,0,0
0,0,0,0,0,3,0,1,0,0,6,0,0,3,0,0
0,0,0,0,3,0,1,0,0,6,0,9,3,0,0,0
0,0,0,0,0,1,0,0,6,0,9,0,0,0,0,0
0,3,0,1,0,0,6,0,0,3,0,0,0,0,0,14
3,0,1,0,0,6,0,9,3,0,0,0,0,0,14,12
0,1,0,0,6,0,9,0,0,0,0,0,0,14,12,0
0,0,6,0,0,3,0,0,0,0,0,14,0,0,0,0
0,6,0,9,3,0,0,0,0,0,14,12,0,0,0,0
6,0,9,0,0,0,0,0,0,14,12,0,0,0,0,0
0,0,0,0,0,6,3,0,0,0,3,7,0,7,7,12
0,0,0,0,6,3,0,3,0,3,7,0,7,7,12,5
0,0,0,0,3,0,3,0,3,7,0,0,7,12,5,0
0,6,3,0,0,0,3,7,0,7,7,12,0,0,18,12
6,3,0,3,0,3,7,0,7,7,12,5,0,18,12,3
3,0,3,0,3,7,0,0,7,12,5,0,18,12,3,0
0,0,3,7,0,7,7,12,0,0,18,12,0,0,0,0
0,3,7,0,7,7,12,5,0,18,12,3,0,0,0,0
3,7,0,0,7,12,5,0,18,12,3,0,0,0,0,0
0,0,0,0,0,7,11,10,0,5,9,0,0,15,7,0
0,0,0,0,7,11,10,9,5,9,0,6,15,7,0,19
0,0,0,0,11,10,9,0,9,0,6,0,7,0,19,0
0,7,11,10,0,5,9,0,0,15,7,0,0,0,11,14
7,11,10,9,5,9,0,6,15,7,0,19,0,11,14,7
11,10,9,0,9,0,6,0,7,0,19,0,11,14,7,0
0,5,9,0,0,15,7,0,0,0,11,14,0,0,0,0
5,9,0,6,15,7,0,19,0,11,14,7,0,0,0,0
9,0,6,0,7,0,19,0,11,14,7,0,0,0,0,0
0,0,0,0,0,0,0,0,0,7,0,0,0,7,0,3
0,0,0,0,0,0,0,0,7,0,0,9,7,0,3,5
0,0,0,0,0,0,0,0,0,0,9,0,0,3,5,0
0,0,0,0,0,7,0,0,0,7,0,3,0,3,15,1
0,0,0,0,7,0,0,9,7,0,3,5,3,15,1,0
0,0,0,0,0,0,9,0,0,3,5,0,15,1,0,0
0,7,0,0,0,7,0,3,0,3,15,1,0,0,0,0
7,0,0,9,7,0,3,5,3,15,1,0,0,0,0,0
0,0,9,0,0,3,5,0,15,1,0,0,0,0,0,0
0,0,0,0,0,0,3,0,0,0,0,0,0,0,0,0
0,0,0,0,0,3,0,0,0,0,0,0,0,0,0,0
0,0,0,0,3,0,0,0,0,0,0,0,0,0,0,0
0,0,3,0,0,0,0,0,0,0,0,0,0,0,0,0
0,3,0,0,0,0,0,0,0,0,0,0,0,0,0,0
3,0,0,0,0,0,0,0,0,0,0,0,0,0,0,0
0,0,0,0,0,0,0,0,0,0,0,0,0,0,0,0
0,0,0,0,0,0,0,0,0,0,0,0,0,0,0,0
0,0,0,0,0,0,0,0,0,0,0,0,0,0,0,0
0,0,0,0,0,0,0,0,0,0,3,1,0,0,0,0
0,0,0,0,0,0,0,0,0,3,1,0,0,0,0,0
0,0,0,0,0,0,0,0,3,1,0,0,0,0,0,0
0,0,0,0,0,0,3,1,0,0,0,0,0,6,0,0
0,0,0,0,0,3,1,0,0,0,0,0,6,0,0,0
0,0,0,0,3,1,0,0,0,0,0,0,0,0,0,0
0,0,3,1,0,0,0,0,0,6,0,0,0,0,0,0
0,3,1,0,0,0,0,0,6,0,0,0,0,0,0,0
3,1,0,0,0,0,0,0,0,0,0,0,0,0,0,0
0,0,0,0,0,7,12,12,0,1,7,0,0,7,0,0
0,0,0,0,7,12,12,11,1,7,0,6,7,0,0,5
0,0,0,0,12,12,11,0,7,0,6,0,0,0,5,0
0,7,12,12,0,1,7,0,0,7,0,0,0,0,3,3
7,12,12,11,1,7,0,6,7,0,0,5,0,3,3,3
12,12,11,0,7,0,6,0,0,0,5,0,3,3,3,0
0,1,7,0,0,7,0,0,0,0,3,3,0,0,0,0
1,7,0,6,7,0,0,5,0,3,3,3,0,0,0,0
7,0,6,0,0,0,5,0,3,3,3,0,0,0,0,0
0,0,0,0,0,3,3,0,0,0,1,9,0,3,1,0
0,0,0,0,3,3,0,1,0,1,9,9,3,1,0,18
0,0,0,0,3,0,1,0,1,9,9,0,1,0,18,0
0,3,3,0,0,0,1,9,0,3,1,0,0,5,11,18
3,3,0,1,0,1,9,9,3,1,0,18,5,11,18,12
3,0,1,0,1,9,9,0,1,0,18,0,11,18,12,0
0,0,1,9,0,3,1,0,0,5,11,18,0,0,0,0
0,1,9,9,3,1,0,18,5,11,18,12,0,0,0,0
1,9,9,0,1,0,18,0,11,18,12,0,0,0,0,0
0,0,0,0,0,3,11,3,0,3,17,20,0,10,20,15
0,0,0,0,3,11,3,9,3,17,20,11,10,20,15,20
0,0,0,0,11,3,9,0,17,20,11,0,20,15,20,0
0,3,11,3,0,3,17,20,0,10,20,15,0,12,36,24
3,11,3,9,3,17,20,11,10,20,15,20,12,36,24,15
11,3,9,0,17,20,11,0,20,15,20,0,36,24,15,0
0,3,17,20,0,10,20,15,0,12,36,24,0,0,0,0
3,17,20,11,10,20,15,20,12,36,24,15,0,0,0,0
17,20,11,0,20,15,20,0,36,24,15,0,0,0,0,0
0,0,0,0,0,3,6,7,0,0,0,7,0,0,0,10
0,0,0,0,3,6,7,9,0,0,7,0,0,0,10,3
0,0,0,0,6,7,9,0,0,7,0,0,0,10,3,0
0,3,6,7,0,0,0,7,0,0,0,10,0,6,19,9
3,6,7,9,0,0,7,0,0,0,10,3,6,19,9,1
6,7,9,0,0,7,0,0,0,10,3,0,19,9,1,0
0,0,0,7,0,0,0,10,0,6,19,9,0,0,0,0
0,0,7,0,0,0,10,3,6,19,9,1,0,0,0,0
0,7,0,0,0,10,3,0,19,9,1,0,0,0,0,0
0,0,0,0,0,10,12,7,0,10,7,3,0,3,11,9
0,0,0,0,10,12,7,14,10,7,3,11,3,11,9,15
0,0,0,0,12,7,14,0,7,3,11,0,11,9,15,0
0,10,12,7,0,10,7,3,0,3,11,9,0,5,1,3
10,12,7,14,10,7,3,11,3,11,9,15,5,1,3,9
12,7,14,0,7,3,11,0,11,9,15,0,1,3,9,0
0,10,7,3,0,3,11,9,0,5,1,3,0,0,0,0
10,7,3,11,3,11,9,15,5,1,3,9,0,0,0,0
7,3,11,0,11,9,15,0,1,3,9,0,0,0,0,0
0,0,0,0,0,0,0,0,0,0,0,0,0,0,0,3
0,0,0,0,0,0,0,0,0,0,0,0,0,0,3,3
0,0,0,0,0,0,0,0,0,0,0,0,0,3,3,0
0,0,0,0,0,0,0,0,0,0,0,3,0,0,0,0
0,0,0,0,0,0,0,0,0,0,3,3,0,0,0,0
0,0,0,0,0,0,0,0,0,3,3,0,0,0,0,0
0,0,0,0,0,0,0,3,0,0,0,0,0,0,0,0
0,0,0,0,0,0,3,3,0,0,0,0,0,0,0,0
0,0,0,0,0,3,3,0,0,0,0,0,0,0,0,0
0,0,0,0,0,12,3,3,0,6,7,17,0,3,20,7
0,0,0,0,12,3,3,5,6,7,17,15,3,20,7,18
0,0,0,0,3,3,5,0,7,17,15,0,20,7,18,0
0,12,3,3,0,6,7,17,0,3,20,7,0,15,22,15
12,3,3,5,6,7,17,15,3,20,7,18,15,22,15,24
3,3,5,0,7,17,15,0,20,7,18,0,22,15,24,0
0,6,7,17,0,3,20,7,0,15,22,15,0,0,0,0
6,7,17,15,3,20,7,18,15,22,15,24,0,0,0,0
7,17,15,0,20,7,18,0,22,15,24,0,0,0,0,0
0,0,0,0,0,0,0,0,0,0,1,0,0,0,0,0
0,0,0,0,0,0,0,0,0,1,0,0,0,0,0,0
0,0,0,0,0,0,0,0,1,0,0,0,0,0,0,0
0,0,0,0,0,0,1,0,0,0,0,0,0,0,0,0
0,0,0,0,0,1,0,0,0,0,0,0,0,0,0,0
0,0,0,0,1,0,0,0,0,0,0,0,0,0,0,0
0,0,1,0,0,0,0,0,0,0,0,0,0,0,0,0
0,1,0,0,0,0,0,0,0,0,0,0,0,0,0,0
1,0,0,0,0,0,0,0,0,0,0,0,0,0,0,0
0,0,0,0,0,0,0,0,0,0,1,0,0,0,3,0
0,0,0,0,0,0,0,0,0,1,0,0,0,3,0,0
0,0,0,0,0,0,0,0,1,0,0,0,3,0,0,0
0,0,0,0,0,0,1,0,0,0,3,0,0,0,1,0
0,0,0,0,0,1,0,0,0,3,0,0,0,1,0,0
0,0,0,0,1,0,0,0,3,0,0,0,1,0,0,0
0,0,1,0,0,0,3,0,0,0,1,0,0,0,0,0
0,1,0,0,0,3,0,0,0,1,0,0,0,0,0,0
1,0,0,0,3,0,0,0,1,0,0,0,0,0,0,0
0,0,0,0,0,12,6,5,0,7,0,3,0,7,5,10
0,0,0,0,12,6,5,5,7,0,3,11,7,5,10,12
0,0,0,0,6,5,5,0,0,3,11,0,5,10,12,0
0,12,6,5,0,7,0,3,0,7,5,10,0,15,0,12
12,6,5,5,7,0,3,11,7,5,10,12,15,0,12,9
6,5,5,0,0,3,11,0,5,10,12,0,0,12,9,0
0,7,0,3,0,7,5,10,0,15,0,12,0,0,0,0
7,0,3,11,7,5,10,12,15,0,12,9,0,0,0,0
0,3,11,0,5,10,12,0,0,12,9,0,0,0,0,0
0,0,0,0,0,0,0,0,0,0,0,0,0,0,0,0
0,0,0,0,0,0,0,0,0,0,0,0,0,0,0,0
0,0,0,0,0,0,0,0,0,0,0,0,0,0,0,0
0,0,0,0,0,0,0,0,0,0,0,0,0,0,0,0
0,0,0,0,0,0,0,0,0,0,0,0,0,0,0,0
0,0,0,0,0,0,0,0,0,0,0,0,0,0,0,0
0,0,0,0,0,0,0,0,0,0,0,0,0,0,0,0
0,0,0,0,0,0,0,0,0,0,0,0,0,0,0,0
0,0,0,0,0,0,0,0,0,0,0,0,0,0,0,0
0,0,0,0,0,0,0,0,0,0,0,0,0,0,0,0
0,0,0,0,0,0,0,0,0,0,0,0,0,0,0,0
0,0,0,0,0,0,0,0,0,0,0,0,0,0,0,0
0,0,0,0,0,0,0,0,0,0,0,0,0,0,0,0
0,0,0,0,0,0,0,0,0,0,0,0,0,0,0,0
0,0,0,0,0,0,0,0,0,0,0,0,0,0,0,0
0,0,0,0,0,0,0,0,0,0,0,0,0,0,0,0
0,0,0,0,0,0,0,0,0,0,0,0,0,0,0,0
0,0,0,0,0,0,0,0,0,0,0,0,0,0,0,0
0,0,0,0,0,0,0,0,0,0,0,0,0,0,0,0
0,0,0,0,0,0,0,0,0,0,0,0,0,0,0,0
0,0,0,0,0,0,0,0,0,0,0,0,0,0,0,0
0,0,0,0,0,0,0,0,0,0,0,0,0,3,0,1
0,0,0,0,0,0,0,0,0,0,0,0,3,0,1,0
0,0,0,0,0,0,0,0,0,0,0,0,0,1,0,0
0,0,0,0,0,0,0,0,0,3,0,1,0,0,0,0
0,0,0,0,0,0,0,0,3,0,1,0,0,0,0,0
0,0,0,0,0,0,0,0,0,1,0,0,0,0,0,0
0,0,0,0,0,3,5,7,0,0,0,7,0,11,17,3
0,0,0,0,3,5,7,3,0,0,7,7,11,17,3,0
0,0,0,0,5,7,3,0,0,7,7,0,17,3,0,0
0,3,5,7,0,0,0,7,0,11,17,3,0,7,3,7
3,5,7,3,0,0,7,7,11,17,3,0,7,3,7,3
5,7,3,0,0,7,7,0,17,3,0,0,3,7,3,0
0,0,0,7,0,11,17,3,0,7,3,7,0,0,0,0
0,0,7,7,11,17,3,0,7,3,7,3,0,0,0,0
0,7,7,0,17,3,0,0,3,7,3,0,0,0,0,0
0,0,0,0,0,0,0,0,0,1,0,0,0,0,0,0
0,0,0,0,0,0,0,0,1,0,0,0,0,0,0,0
0,0,0,0,0,0,0,0,0,0,0,0,0,0,0,0
0,0,0,0,0,1,0,0,0,0,0,0,0,3,0,0
0,0,0,0,1,0,0,0,0,0,0,0,3,0,0,0
0,0,0,0,0,0,0,0,0,0,0,0,0,0,0,0
0,1,0,0,0,0,0,0,0,3,0,0,0,0,0,0
1,0,0,0,0,0,0,0,3,0,0,0,0,0,0,0
0,0,0,0,0,0,0,0,0,0,0,0,0,0,0,0
0,0,0,0,0,0,0,0,0,0,0,0,0,5,0,0
0,0,0,0,0,0,0,0,0,0,0,0,5,0,0,0
0,0,0,0,0,0,0,0,0,0,0,0,0,0,0,0
0,0,0,0,0,0,0,0,0,5,0,0,0,7,10,0
0,0,0,0,0,0,0,0,5,0,0,0,7,10,0,0
0,0,0,0,0,0,0,0,0,0,0,0,10,0,0,0
0,0,0,0,0,5,0,0,0,7,10,0,0,0,0,0
0,0,0,0,5,0,0,0,7,10,0,0,0,0,0,0
0,0,0,0,0,0,0,0,10,0,0,0,0,0,0,0
0,0,0,0,0,7,0,0,0,5,0,0,0,0,0,12
0,0,0,0,7,0,0,1,5,0,0,0,0,0,12,0
0,0,0,0,0,0,1,0,0,0,0,0,0,12,0,0
0,7,0,0,0,5,0,0,0,0,0,12,0,12,12,0
7,0,0,1,5,0,0,0,0,0,12,0,12,12,0,0
0,0,1,0,0,0,0,0,0,12,0,0,12,0,0,0
0,5,0,0,0,0,0,12,0,12,12,0,0,0,0,0
5,0,0,0,0,0,12,0,12,12,0,0,0,0,0,0
0,0,0,0,0,12,0,0,12,0,0,0,0,0,0,0
0,0,0,0,0,0,0,0,0,0,0,0,0,3,0,0
0,0,0,0,0,0,0,1,0,0,0,0,3,0,0,0
0,0,0,0,0,0,1,0,0,0,0,0,0,0,0,0
0,0,0,0,0,0,0,0,0,3,0,0,0,0,0,0
0,0,0,1,0,0,0,0,3,0,0,0,0,0,0,0
0,0,1,0,0,0,0,0,0,0,0,0,0,0,0,0
0,0,0,0,0,3,0,0,0,0,0,0,0,0,0,0
0,0,0,0,3,0,0,0,0,0,0,0,0,0,0,0
0,0,0,0,0,0,0,0,0,0,0,0,0,0,0,0
0,0,0,0,0,0,6,0,0,5,3,6,0,0,12,12
0,0,0,0,0,6,0,0,5,3,6,11,0,12,12,5
0,0,0,0,6,0,0,0,3,6,11,0,12,12,5,0
0,0,6,0,0,5,3,6,0,0,12,12,0,1,0,12
0,6,0,0,5,3,6,11,0,12,12,5,1,0,12,0
6,0,0,0,3,6,11,0,12,12,5,0,0,12,0,0
0,5,3,6,0,0,12,12,0,1,0,12,0,0,0,0
5,3,6,11,0,12,12,5,1,0,12,0,0,0,0,0
3,6,11,0,12,12,5,0,0,12,0,0,0,0,0,0
0,0,0,0,0,0,0,0,0,0,0,0,0,5,0,0
0,0,0,0,0,0,0,0,0,0,0,0,5,0,0,0
0,0,0,0,0,0,0,0,0,0,0,0,0,0,0,0
0,0,0,0,0,0,0,0,0,5,0,0,0,0,0,0
0,0,0,0,0,0,0,0,5,0,0,0,0,0,0,0
0,0,0,0,0,0,0,0,0,0,0,0,0,0,0,0
0,0,0,0,0,5,0,0,0,0,0,0,0,0,0,0
0,0,0,0,5,0,0,0,0,0,0,0,0,0,0,0
0,0,0,0,0,0,0,0,0,0,0,0,0,0,0,0
0,0,0,0,0,0,0,0,0,3,12,6,0,6,7,15
0,0,0,0,0,0,0,0,3,12,6,7,6,7,15,9
0,0,0,0,0,0,0,0,12,6,7,0,7,15,9,0
0,0,0,0,0,3,12,6,0,6,7,15,0,9,0,0
0,0,0,0,3,12,6,7,6,7,15,9,9,0,0,12
0,0,0,0,12,6,7,0,7,15,9,0,0,0,12,0
0,3,12,6,0,6,7,15,0,9,0,0,0,0,0,0
3,12,6,7,6,7,15,9,9,0,0,12,0,0,0,0
12,6,7,0,7,15,9,0,0,0,12,0,0,0,0,0
0,0,0,0,0,1,3,5,0,3,12,12,0,7,12,20
0,0,0,0,1,3,5,0,3,12,12,18,7,12,20,19
0,0,0,0,3,5,0,0,12,12,18,0,12,20,19,0
0,1,3,5,0,3,12,12,0,7,12,20,0,7,11,12
1,3,5,0,3,12,12,18,7,12,20,19,7,11,12,20
3,5,0,0,12,12,18,0,12,20,19,0,11,12,20,0
0,3,12,12,0,7,12,20,0,7,11,12,0,0,0,0
3,12,12,18,7,12,20,19,7,11,12,20,0,0,0,0
12,12,18,0,12,20,19,0,11,12,20,0,0,0,0,0
0,0,0,0,0,0,7,10,0,6,15,6,0,23,9,7
0,0,0,0,0,7,10,7,6,15,6,9,23,9,7,23
0,0,0,0,7,10,7,0,15,6,9,0,9,7,23,0
0,0,7,10,0,6,15,6,0,23,9,7,0,17,7,21
0,7,10,7,6,15,6,9,23,9,7,23,17,7,21,12
7,10,7,0,15,6,9,0,9,7,23,0,7,21,12,0
0,6,15,6,0,23,9,7,0,17,7,21,0,0,0,0
6,15,6,9,23,9,7,23,17,7,21,12,0,0,0,0
15,6,9,0,9,7,23,0,7,21,12,0,0,0,0,0
0,0,0,0,0,0,3,0,0,3,0,0,0,0,0,6
0,0,0,0,0,3,0,5,3,0,0,6,0,0,6,6
0,0,0,0,3,0,5,0,0,0,6,0,0,6,6,0
0,0,3,0,0,3,0,0,0,0,0,6,0,9,3,12
0,3,0,5,3,0,0,6,0,0,6,6,9,3,12,0
3,0,5,0,0,0,6,0,0,6,6,0,3,12,0,0
0,3,0,0,0,0,0,6,0,9,3,12,0,0,0,0
3,0,0,6,0,0,6,6,9,3,12,0,0,0,0,0
0,0,6,0,0,6,6,0,3,12,0,0,0,0,0,0
0,0,0,0,0,0,0,3,0,0,0,7,0,0,5,9
0,0,0,0,0,0,3,0,0,0,7,10,0,5,9,6
0,0,0,0,0,3,0,0,0,7,10,0,5,9,6,0
0,0,0,3,0,0,0,7,0,0,5,9,0,0,0,1
0,0,3,0,0,0,7,10,0,5,9,6,0,0,1,0
0,3,0,0,0,7,10,0,5,9,6,0,0,1,0,0
0,0,0,7,0,0,5,9,0,0,0,1,0,0,0,0
0,0,7,10,0,5,9,6,0,0,1,0,0,0,0,0
0,7,10,0,5,9,6,0,0,1,0,0,0,0,0,0
0,0,0,0,0,5,0,0,0,0,0,0,0,0,0,0
0,0,0,0,5,0,0,0,0,0,0,0,0,0,0,0
0,0,0,0,0,0,0,0,0,0,0,0,0,0,0,0
0,5,0,0,0,0,0,0,0,0,0,0,0,0,0,0
5,0,0,0,0,0,0,0,0,0,0,0,0,0,0,0
0,0,0,0,0,0,0,0,0,0,0,0,0,0,0,0
0,0,0,0,0,0,0,0,0,0,0,0,0,0,0,0
0,0,0,0,0,0,0,0,0,0,0,0,0,0,0,0
0,0,0,0,0,0,0,0,0,0,0,0,0,0,0,0
0,0,0,0,0,0,0,0,0,0,0,0,0,0,10,0
0,0,0,0,0,0,0,3,0,0,0,1,0,10,0,0
0,0,0,0,0,0,3,0,0,0,1,0,10,0,0,0
0,0,0,0,0,0,0,0,0,0,10,0,0,0,0,0
0,0,0,3,0,0,0,1,0,10,0,0,0,0,0,0
0,0,3,0,0,0,1,0,10,0,0,0,0,0,0,0
0,0,0,0,0,0,10,0,0,0,0,0,0,0,0,0
0,0,0,1,0,10,0,0,0,0,0,0,0,0,0,0
0,0,1,0,10,0,0,0,0,0,0,0,0,0,0,0
0,0,0,0,0,0,0,0,0,0,0,0,0,0,0,0
0,0,0,0,0,0,0,0,0,0,0,0,0,0,0,0
0,0,0,0,0,0,0,0,0,0,0,0,0,0,0,0
0,0,0,0,0,0,0,0,0,0,0,0,0,0,0,0
0,0,0,0,0,0,0,0,0,0,0,0,0,0,0,0
0,0,0,0,0,0,0,0,0,0,0,0,0,0,0,0
0,0,0,0,0,0,0,0,0,0,0,0,0,0,0,0
0,0,0,0,0,0,0,0,0,0,0,0,0,0,0,0
0,0,0,0,0,0,0,0,0,0,0,0,0,0,0,0
0,0,0,0,0,0,0,0,0,7,3,12,0,7,0,0
0,0,0,0,0,0,0,0,7,3,12,7,7,0,0,0
0,0,0,0,0,0,0,0,3,12,7,0,0,0,0,0
0,0,0,0,0,7,3,12,0,7,0,0,0,0,0,3
0,0,0,0,7,3,12,7,7,0,0,0,0,0,3,0
0,0,0,0,3,12,7,0,0,0,0,0,0,3,0,0
0,7,3,12,0,7,0,0,0,0,0,3,0,0,0,0
7,3,12,7,7,0,0,0,0,0,3,0,0,0,0,0
3,12,7,0,0,0,0,0,0,3,0,0,0,0,0,0
0,0,0,0,0,0,0,0,0,3,9,11,0,3,15,6
0,0,0,0,0,0,0,0,3,9,11,6,3,15,6,0
0,0,0,0,0,0,0,0,9,11,6,0,15,6,0,0
0,0,0,0,0,3,9,11,0,3,15,6,0,6,0,0
0,0,0,0,3,9,11,6,3,15,6,0,6,0,0,7
0,0,0,0,9,11,6,0,15,6,0,0,0,0,7,0
0,3,9,11,0,3,15,6,0,6,0,0,0,0,0,0
3,9,11,6,3,15,6,0,6,0,0,7,0,0,0,0
9,11,6,0,15,6,0,0,0,0,7,0,0,0,0,0
0,0,0,0,0,0,5,0,0,0,0,0,0,0,0,0
0,0,0,0,0,5,0,0,0,0,0,0,0,0,0,3
0,0,0,0,5,0,0,0,0,0,0,0,0,0,3,0
0,0,5,0,0,0,0,0,0,0,0,0,0,0,0,0
0,5,0,0,0,0,0,0,0,0,0,3,0,0,0,0
5,0,0,0,0,0,0,0,0,0,3,0,0,0,0,0
0,0,0,0,0,0,0,0,0,0,0,0,0,0,0,0
0,0,0,0,0,0,0,3,0,0,0,0,0,0,0,0
0,0,0,0,0,0,3,0,0,0,0,0,0,0,0,0
0,0,0,0,0,9,0,5,0,11,15,6,0,17,1,3
0,0,0,0,9,0,5,9,11,15,6,5,17,1,3,17
0,0,0,0,0,5,9,0,15,6,5,0,1,3,17,0
0,9,0,5,0,11,15,6,0,17,1,3,0,15,20,11
9,0,5,9,11,15,6,5,17,1,3,17,15,20,11,12
0,5,9,0,15,6,5,0,1,3,17,0,20,11,12,0
0,11,15,6,0,17,1,3,0,15,20,11,0,0,0,0
11,15,6,5,17,1,3,17,15,20,11,12,0,0,0,0
15,6,5,0,1,3,17,0,20,11,12,0,0,0,0,0
0,0,0,0,0,6,5,12,0,0,0,0,0,0,18,5
0,0,0,0,6,5,12,6,0,0,0,7,0,18,5,0
0,0,0,0,5,12,6,0,0,0,7,0,18,5,0,0
0,6,5,12,0,0,0,0,0,0,18,5,0,7,3,0
6,5,12,6,0,0,0,7,0,18,5,0,7,3,0,0
5,12,6,0,0,0,7,0,18,5,0,0,3,0,0,0
0,0,0,0,0,0,18,5,0,7,3,0,0,0,0,0
0,0,0,7,0,18,5,0,7,3,0,0,0,0,0,0
0,0,7,0,18,5,0,0,3,0,0,0,0,0,0,0
0,0,0,0,0,0,0,0,0,0,3,0,0,0,0,0
0,0,0,0,0,0,0,0,0,3,0,0,0,0,0,6
0,0,0,0,0,0,0,0,3,0,0,0,0,0,6,0
0,0,0,0,0,0,3,0,0,0,0,0,0,0,0,3
0,0,0,0,0,3,0,0,0,0,0,6,0,0,3,0
0,0,0,0,3,0,0,0,0,0,6,0,0,3,0,0
0,0,3,0,0,0,0,0,0,0,0,3,0,0,0,0
0,3,0,0,0,0,0,6,0,0,3,0,0,0,0,0
3,0,0,0,0,0,6,0,0,3,0,0,0,0,0,0
0,0,0,0,0,0,0,0,0,0,0,0,0,0,0,0
0,0,0,0,0,0,0,0,0,0,0,0,0,0,0,0
0,0,0,0,0,0,0,0,0,0,0,0,0,0,0,0
0,0,0,0,0,0,0,0,0,0,0,0,0,1,0,0
0,0,0,0,0,0,0,0,0,0,0,0,1,0,0,0
0,0,0,0,0,0,0,0,0,0,0,0,0,0,0,0
0,0,0,0,0,0,0,0,0,1,0,0,0,0,0,0
0,0,0,0,0,0,0,0,1,0,0,0,0,0,0,0
0,0,0,0,0,0,0,0,0,0,0,0,0,0,0,0
0,0,0,0,0,5,3,5,0,5,1,5,0,0,12,9
0,0,0,0,5,3,5,6,5,1,5,15,0,12,9,15
0,0,0,0,3,5,6,0,1,5,15,0,12,9,15,0
0,5,3,5,0,5,1,5,0,0,12,9,0,0,7,5
5,3,5,6,5,1,5,15,0,12,9,15,0,7,5,12
3,5,6,0,1,5,15,0,12,9,15,0,7,5,12,0
0,5,1,5,0,0,12,9,0,0,7,5,0,0,0,0
5,1,5,15,0,12,9,15,0,7,5,12,0,0,0,0
1,5,15,0,12,9,15,0,7,5,12,0,0,0,0,0
0,0,0,0,0,0,0,0,0,0,0,0,0,0,0,0
0,0,0,0,0,0,0,0,0,0,0,3,0,0,0,1
0,0,0,0,0,0,0,0,0,0,3,0,0,0,1,0
0,0,0,0,0,0,0,0,0,0,0,0,0,0,0,0
0,0,0,0,0,0,0,3,0,0,0,1,0,0,0,0
0,0,0,0,0,0,3,0,0,0,1,0,0,0,0,0
0,0,0,0,0,0,0,0,0,0,0,0,0,0,0,0
0,0,0,3,0,0,0,1,0,0,0,0,0,0,0,0
0,0,3,0,0,0,1,0,0,0,0,0,0,0,0,0
0,0,0,0,0,3,3,0,0,7,3,0,0,3,9,5
0,0,0,0,3,3,0,3,7,3,0,3,3,9,5,7
0,0,0,0,3,0,3,0,3,0,3,0,9,5,7,0
0,3,3,0,0,7,3,0,0,3,9,5,0,3,0,6
3,3,0,3,7,3,0,3,3,9,5,7,3,0,6,0
3,0,3,0,3,0,3,0,9,5,7,0,0,6,0,0
0,7,3,0,0,3,9,5,0,3,0,6,0,0,0,0
7,3,0,3,3,9,5,7,3,0,6,0,0,0,0,0
3,0,3,0,9,5,7,0,0,6,0,0,0,0,0,0
0,0,0,0,0,1,0,0,0,0,0,0,0,5,0,3
0,0,0,0,1,0,0,1,0,0,0,0,5,0,3,0
0,0,0,0,0,0,1,0,0,0,0,0,0,3,0,0
0,1,0,0,0,0,0,0,0,5,0,3,0,0,0,0
1,0,0,1,0,0,0,0,5,0,3,0,0,0,0,0
0,0,1,0,0,0,0,0,0,3,0,0,0,0,0,0
0,0,0,0,0,5,0,3,0,0,0,0,0,0,0,0
0,0,0,0,5,0,3,0,0,0,0,0,0,0,0,0
0,0,0,0,0,3,0,0,0,0,0,0,0,0,0,0
0,0,0,0,0,3,0,0,0,0,0,5,0,0,6,0
0,0,0,0,3,0,0,1,0,0,5,0,0,6,0,7
0,0,0,0,0,0,1,0,0,5,0,0,6,0,7,0
0,3,0,0,0,0,0,5,0,0,6,0,0,7,0,5
3,0,0,1,0,0,5,0,0,6,0,7,7,0,5,3
0,0,1,0,0,5,0,0,6,0,7,0,0,5,3,0
0,0,0,5,0,0,6,0,0,7,0,5,0,0,0,0
0,0,5,0,0,6,0,7,7,0,5,3,0,0,0,0
0,5,0,0,6,0,7,0,0,5,3,0,0,0,0,0
0,0,0,0,0,3,0,0,0,7,0,0,0,7,15,5
0,0,0,0,3,0,0,0,7,0,0,9,7,15,5,0
0,0,0,0,0,0,0,0,0,0,9,0,15,5,0,0
0,3,0,0,0,7,0,0,0,7,15,5,0,0,0,0
3,0,0,0,7,0,0,9,7,15,5,0,0,0,0,0
0,0,0,0,0,0,9,0,15,5,0,0,0,0,0,0
0,7,0,0,0,7,15,5,0,0,0,0,0,0,0,0
7,0,0,9,7,15,5,0,0,0,0,0,0,0,0,0
0,0,9,0,15,5,0,0,0,0,0,0,0,0,0,0
0,0,0,0,0,0,0,0,0,10,11,9,0,3,15,9
0,0,0,0,0,0,0,0,10,11,9,0,3,15,9,0
0,0,0,0,0,0,0,0,11,9,0,0,15,9,0,0
0,0,0,0,0,10,11,9,0,3,15,9,0,3,0,0
0,0,0,0,10,11,9,0,3,15,9,0,3,0,0,0
0,0,0,0,11,9,0,0,15,9,0,0,0,0,0,0
0,10,11,9,0,3,15,9,0,3,0,0,0,0,0,0
10,11,9,0,3,15,9,0,3,0,0,0,0,0,0,0
11,9,0,0,15,9,0,0,0,0,0,0,0,0,0,0
0,0,0,0,0,0,0,0,0,1,9,3,0,0,0,0
0,0,0,0,0,0,0,0,1,9,3,0,0,0,0,7
0,0,0,0,0,0,0,0,9,3,0,0,0,0,7,0
0,0,0,0,0,1,9,3,0,0,0,0,0,0,14,6
0,0,0,0,1,9,3,0,0,0,0,7,0,14,6,6
0,0,0,0,9,3,0,0,0,0,7,0,14,6,6,0
0,1,9,3,0,0,0,0,0,0,14,6,0,0,0,0
1,9,3,0,0,0,0,7,0,14,6,6,0,0,0,0
9,3,0,0,0,0,7,0,14,6,6,0,0,0,0,0
0,0,0,0,0,0,0,0,0,0,0,0,0,0,0,0
0,0,0,0,0,0,0,0,0,0,0,0,0,0,0,0
0,0,0,0,0,0,0,0,0,0,0,0,0,0,0,0
0,0,0,0,0,0,0,0,0,0,0,0,0,0,0,0
0,0,0,0,0,0,0,0,0,0,0,0,0,0,0,0
0,0,0,0,0,0,0,0,0,0,0,0,0,0,0,0
0,0,0,0,0,0,0,0,0,0,0,0,0,0,0,0
0,0,0,0,0,0,0,0,0,0,0,0,0,0,0,0
0,0,0,0,0,0,0,0,0,0,0,0,0,0,0,0
0,0,0,0,0,0,0,0,0,0,0,0,0,0,0,0
0,0,0,0,0,0,0,0,0,0,0,0,0,0,0,0
0,0,0,0,0,0,0,0,0,0,0,0,0,0,0,0
0,0,0,0,0,0,0,0,0,0,0,0,0,0,0,0
0,0,0,0,0,0,0,0,0,0,0,0,0,0,0,0
0,0,0,0,0,0,0,0,0,0,0,0,0,0,0,0
0,0,0,0,0,0,0,0,0,0,0,0,0,0,0,0
0,0,0,0,0,0,0,0,0,0,0,0,0,0,0,0
0,0,0,0,0,0,0,0,0,0,0,0,0,0,0,0
0,0,0,0,0,0,0,0,0,0,0,0,0,0,3,0
0,0,0,0,0,0,0,0,0,0,0,0,0,3,0,0
0,0,0,0,0,0,0,0,0,0,0,0,3,0,0,0
0,0,0,0,0,0,0,0,0,0,3,0,0,0,0,0
0,0,0,0,0,0,0,0,0,3,0,0,0,0,0,0
0,0,0,0,0,0,0,0,3,0,0,0,0,0,0,0
0,0,0,0,0,0,3,0,0,0,0,0,0,0,0,0
0,0,0,0,0,3,0,0,0,0,0,0,0,0,0,0
0,0,0,0,3,0,0,0,0,0,0,0,0,0,0,0
0,0,0,0,0,0,0,0,0,0,0,0,0,0,0,0
0,0,0,0,0,0,0,0,0,0,0,0,0,0,0,0
0,0,0,0,0,0,0,0,0,0,0,0,0,0,0,0
0,0,0,0,0,0,0,0,0,0,0,0,0,0,0,0
0,0,0,0,0,0,0,0,0,0,0,0,0,0,0,0
0,0,0,0,0,0,0,0,0,0,0,0,0,0,0,0
0,0,0,0,0,0,0,0,0,0,0,0,0,0,0,0
0,0,0,0,0,0,0,0,0,0,0,0,0,0,0,0
0,0,0,0,0,0,0,0,0,0,0,0,0,0,0,0
0,0,0,0,0,0,0,0,0,0,5,0,0,0,1,3
0,0,0,0,0,0,0,0,0,5,0,0,0,1,3,0
0,0,0,0,0,0,0,0,5,0,0,0,1,3,0,0
0,0,0,0,0,0,5,0,0,0,1,3,0,0,0,0
0,0,0,0,0,5,0,0,0,1,3,0,0,0,0,0
0,0,0,0,5,0,0,0,1,3,0,0,0,0,0,0
0,0,5,0,0,0,1,3,0,0,0,0,0,0,0,0
0,5,0,0,0,1,3,0,0,0,0,0,0,0,0,0
5,0,0,0,1,3,0,0,0,0,0,0,0,0,0,0
0,0,0,0,0,0,0,0,0,1,7,3,0,0,0,3
0,0,0,0,0,0,0,5,1,7,3,1,0,0,3,0
0,0,0,0,0,0,5,0,7,3,1,0,0,3,0,0
0,0,0,0,0,1,7,3,0,0,0,3,0,0,0,0
0,0,0,5,1,7,3,1,0,0,3,0,0,0,0,0
0,0,5,0,7,3,1,0,0,3,0,0,0,0,0,0
0,1,7,3,0,0,0,3,0,0,0,0,0,0,0,0
1,7,3,1,0,0,3,0,0,0,0,0,0,0,0,0
7,3,1,0,0,3,0,0,0,0,0,0,0,0,0,0
0,0,0,0,0,1,1,1,0,7,6,0,0,9,5,0
0,0,0,0,1,1,1,0,7,6,0,6,9,5,0,0
0,0,0,0,1,1,0,0,6,0,6,0,5,0,0,0
0,1,1,1,0,7,6,0,0,9,5,0,0,10,20,12
1,1,1,0,7,6,0,6,9,5,0,0,10,20,12,10
1,1,0,0,6,0,6,0,5,0,0,0,20,12,10,0
0,7,6,0,0,9,5,0,0,10,20,12,0,0,0,0
7,6,0,6,9,5,0,0,10,20,12,10,0,0,0,0
6,0,6,0,5,0,0,0,20,12,10,0,0,0,0,0
0,0,0,0,0,0,0,0,0,0,0,0,0,0,0,0
0,0,0,0,0,0,0,0,0,0,0,0,0,0,0,0
0,0,0,0,0,0,0,0,0,0,0,0,0,0,0,0
0,0,0,0,0,0,0,0,0,0,0,0,0,0,0,0
0,0,0,0,0,0,0,0,0,0,0,0,0,0,0,3
0,0,0,0,0,0,0,0,0,0,0,0,0,0,3,0
0,0,0,0,0,0,0,0,0,0,0,0,0,0,0,0
0,0,0,0,0,0,0,0,0,0,0,3,0,0,0,0
0,0,0,0,0,0,0,0,0,0,3,0,0,0,0,0
0,0,0,0,0,1,3,10,0,0,12,19,0,3,19,18
0,0,0,0,1,3,10,7,0,12,19,12,3,19,18,10
0,0,0,0,3,10,7,0,12,19,12,0,19,18,10,0
0,1,3,10,0,0,12,19,0,3,19,18,0,0,21,1
1,3,10,7,0,12,19,12,3,19,18,10,0,21,1,6
3,10,7,0,12,19,12,0,19,18,10,0,21,1,6,0
0,0,12,19,0,3,19,18,0,0,21,1,0,0,0,0
0,12,19,12,3,19,18,10,0,21,1,6,0,0,0,0
12,19,12,0,19,18,10,0,21,1,6,0,0,0,0,0
0,0,0,0,0,0,0,1,0,0,0,0,0,0,0,0
0,0,0,0,0,0,1,0,0,0,0,0,0,0,0,0
0,0,0,0,0,1,0,0,0,0,0,0,0,0,0,0
0,0,0,1,0,0,0,0,0,0,0,0,0,3,0,0
0,0,1,0,0,0,0,0,0,0,0,0,3,0,0,0
0,1,0,0,0,0,0,0,0,0,0,0,0,0,0,0
0,0,0,0,0,0,0,0,0,3,0,0,0,0,0,0
0,0,0,0,0,0,0,0,3,0,0,0,0,0,0,0
0,0,0,0,0,0,0,0,0,0,0,0,0,0,0,0
0,0,0,0,0,3,6,1,0,10,0,6,0,5,6,12
0,0,0,0,3,6,1,3,10,0,6,15,5,6,12,5
0,0,0,0,6,1,3,0,0,6,15,0,6,12,5,0
0,3,6,1,0,10,0,6,0,5,6,12,0,12,0,12
3,6,1,3,10,0,6,15,5,6,12,5,12,0,12,7
6,1,3,0,0,6,15,0,6,12,5,0,0,12,7,0
0,10,0,6,0,5,6,12,0,12,0,12,0,0,0,0
10,0,6,15,5,6,12,5,12,0,12,7,0,0,0,0
0,6,15,0,6,12,5,0,0,12,7,0,0,0,0,0
0,0,0,0,0,3,9,3,0,3,5,3,0,3,0,7
0,0,0,0,3,9,3,3,3,5,3,9,3,0,7,1
0,0,0,0,9,3,3,0,5,3,9,0,0,7,1,0
0,3,9,3,0,3,5,3,0,3,0,7,0,15,6,25
3,9,3,3,3,5,3,9,3,0,7,1,15,6,25,17
9,3,3,0,5,3,9,0,0,7,1,0,6,25,17,0
0,3,5,3,0,3,0,7,0,15,6,25,0,0,0,0
3,5,3,9,3,0,7,1,15,6,25,17,0,0,0,0
5,3,9,0,0,7,1,0,6,25,17,0,0,0,0,0
0,0,0,0,0,1,0,0,0,0,0,0,0,0,0,0
0,0,0,0,1,0,0,0,0,0,0,0,0,0,0,0
0,0,0,0,0,0,0,0,0,0,0,0,0,0,0,0
0,1,0,0,0,0,0,0,0,0,0,0,0,0,0,0
1,0,0,0,0,0,0,0,0,0,0,0,0,0,0,0
0,0,0,0,0,0,0,0,0,0,0,0,0,0,0,0
0,0,0,0,0,0,0,0,0,0,0,0,0,0,0,0
0,0,0,0,0,0,0,0,0,0,0,0,0,0,0,0
0,0,0,0,0,0,0,0,0,0,0,0,0,0,0,0
0,0,0,0,0,0,0,0,0,0,0,0,0,0,1,1
0,0,0,0,0,0,0,0,0,0,0,0,0,1,1,3
0,0,0,0,0,0,0,0,0,0,0,0,1,1,3,0
0,0,0,0,0,0,0,0,0,0,1,1,0,0,10,11
0,0,0,0,0,0,0,0,0,1,1,3,0,10,11,0
0,0,0,0,0,0,0,0,1,1,3,0,10,11,0,0
0,0,0,0,0,0,1,1,0,0,10,11,0,0,0,0
0,0,0,0,0,1,1,3,0,10,11,0,0,0,0,0
0,0,0,0,1,1,3,0,10,11,0,0,0,0,0,0
0,0,0,0,0,3,12,7,0,3,11,21,0,0,22,10
0,0,0,0,3,12,7,9,3,11,21,12,0,22,10,20
0,0,0,0,12,7,9,0,11,21,12,0,22,10,20,0
0,3,12,7,0,3,11,21,0,0,22,10,0,0,12,17
3,12,7,9,3,11,21,12,0,22,10,20,0,12,17,12
12,7,9,0,11,21,12,0,22,10,20,0,12,17,12,0
0,3,11,21,0,0,22,10,0,0,12,17,0,0,0,0
3,11,21,12,0,22,10,20,0,12,17,12,0,0,0,0
11,21,12,0,22,10,20,0,12,17,12,0,0,0,0,0
0,0,0,0,0,10,9,12,0,9,0,14,0,12,7,17
0,0,0,0,10,9,12,12,9,0,14,15,12,7,17,19
0,0,0,0,9,12,12,0,0,14,15,0,7,17,19,0
0,10,9,12,0,9,0,14,0,12,7,17,0,18,19,9
10,9,12,12,9,0,14,15,12,7,17,19,18,19,9,9
9,12,12,0,0,14,15,0,7,17,19,0,19,9,9,0
0,9,0,14,0,12,7,17,0,18,19,9,0,0,0,0
9,0,14,15,12,7,17,19,18,19,9,9,0,0,0,0
0,14,15,0,7,17,19,0,19,9,9,0,0,0,0,0
0,0,0,0,0,1,0,0,0,3,0,0,0,3,6,0
0,0,0,0,1,0,0,0,3,0,0,5,3,6,0,0
0,0,0,0,0,0,0,0,0,0,5,0,6,0,0,0
0,1,0,0,0,3,0,0,0,3,6,0,0,5,0,3
1,0,0,0,3,0,0,5,3,6,0,0,5,0,3,0
0,0,0,0,0,0,5,0,6,0,0,0,0,3,0,0
0,3,0,0,0,3,6,0,0,5,0,3,0,0,0,0
3,0,0,5,3,6,0,0,5,0,3,0,0,0,0,0
0,0,5,0,6,0,0,0,0,3,0,0,0,0,0,0
0,0,0,0,0,0,1,0,0,5,9,17,0,10,0,3
0,0,0,0,0,1,0,3,5,9,17,7,10,0,3,5
0,0,0,0,1,0,3,0,9,17,7,0,0,3,5,0
0,0,1,0,0,5,9,17,0,10,0,3,0,11,7,15
0,1,0,3,5,9,17,7,10,0,3,5,11,7,15,25
1,0,3,0,9,17,7,0,0,3,5,0,7,15,25,0
0,5,9,17,0,10,0,3,0,11,7,15,0,0,0,0
5,9,17,7,10,0,3,5,11,7,15,25,0,0,0,0
9,17,7,0,0,3,5,0,7,15,25,0,0,0,0,0
0,0,0,0,0,0,0,0,0,0,0,0,0,0,0,0
0,0,0,0,0,0,0,0,0,0,0,0,0,0,0,5
0,0,0,0,0,0,0,0,0,0,0,0,0,0,5,0
0,0,0,0,0,0,0,0,0,0,0,0,0,0,3,0
0,0,0,0,0,0,0,0,0,0,0,5,0,3,0,0
0,0,0,0,0,0,0,0,0,0,5,0,3,0,0,0
0,0,0,0,0,0,0,0,0,0,3,0,0,0,0,0
0,0,0,0,0,0,0,5,0,3,0,0,0,0,0,0
0,0,0,0,0,0,5,0,3,0,0,0,0,0,0,0
0,0,0,0,0,6,11,1,0,7,7,9,0,3,6,0
0,0,0,0,6,11,1,5,7,7,9,1,3,6,0,0
0,0,0,0,11,1,5,0,7,9,1,0,6,0,0,0
0,6,11,1,0,7,7,9,0,3,6,0,0,3,3,6
6,11,1,5,7,7,9,1,3,6,0,0,3,3,6,14
11,1,5,0,7,9,1,0,6,0,0,0,3,6,14,0
0,7,7,9,0,3,6,0,0,3,3,6,0,0,0,0
7,7,9,1,3,6,0,0,3,3,6,14,0,0,0,0
7,9,1,0,6,0,0,0,3,6,14,0,0,0,0,0
0,0,0,0,0,11,10,7,0,11,7,7,0,14,0,11
0,0,0,0,11,10,7,11,11,7,7,20,14,0,11,17
0,0,0,0,10,7,11,0,7,7,20,0,0,11,17,0
0,11,10,7,0,11,7,7,0,14,0,11,0,11,42,25
11,10,7,11,11,7,7,20,14,0,11,17,11,42,25,15
10,7,11,0,7,7,20,0,0,11,17,0,42,25,15,0
0,11,7,7,0,14,0,11,0,11,42,25,0,0,0,0
11,7,7,20,14,0,11,17,11,42,25,15,0,0,0,0
7,7,20,0,0,11,17,0,42,25,15,0,0,0,0,0
0,0,0,0,0,6,11,7,0,0,6,14,0,5,18,12
0,0,0,0,6,11,7,11,0,6,14,0,5,18,12,14
0,0,0,0,11,7,11,0,6,14,0,0,18,12,14,0
0,6,11,7,0,0,6,14,0,5,18,12,0,5,22,11
6,11,7,11,0,6,14,0,5,18,12,14,5,22,11,7
11,7,11,0,6,14,0,0,18,12,14,0,22,11,7,0
0,0,6,14,0,5,18,12,0,5,22,11,0,0,0,0
0,6,14,0,5,18,12,14,5,22,11,7,0,0,0,0
6,14,0,0,18,12,14,0,22,11,7,0,0,0,0,0
0,0,0,0,0,3,7,6,0,0,5,5,0,0,6,0
0,0,0,0,3,7,6,5,0,5,5,0,0,6,0,0
0,0,0,0,7,6,5,0,5,5,0,0,6,0,0,0
0,3,7,6,0,0,5,5,0,0,6,0,0,0,12,0
3,7,6,5,0,5,5,0,0,6,0,0,0,12,0,0
7,6,5,0,5,5,0,0,6,0,0,0,12,0,0,0
0,0,5,5,0,0,6,0,0,0,12,0,0,0,0,0
0,5,5,0,0,6,0,0,0,12,0,0,0,0,0,0
5,5,0,0,6,0,0,0,12,0,0,0,0,0,0,0
