0,0,0,0,0,0,0,0,0,0,0,0,0,0,1,0
0,0,0,0,0,0,0,0,0,0,0,0,0,1,0,0
0,0,0,0,0,0,0,0,0,0,0,0,1,0,0,0
0,0,0,0,0,0,0,0,0,0,1,0,0,0,0,0
0,0,0,0,0,0,0,0,0,1,0,0,0,0,0,0
0,0,0,0,0,0,0,0,1,0,0,0,0,0,0,0
0,0,0,0,0,0,1,0,0,0,0,0,0,0,0,0
0,0,0,0,0,1,0,0,0,0,0,0,0,0,0,0
0,0,0,0,1,0,0,0,0,0,0,0,0,0,0,0
0,0,0,0,0,0,4,0,0,0,0,2,0,0,1,6
0,0,0,0,0,4,0,0,0,0,2,2,0,1,6,4
0,0,0,0,4,0,0,0,0,2,2,0,1,6,4,0
0,0,4,0,0,0,0,2,0,0,1,6,0,0,3,2
0,4,0,0,0,0,2,2,0,1,6,4,0,3,2,4
4,0,0,0,0,2,2,0,1,6,4,0,3,2,4,0
0,0,0,2,0,0,1,6,0,0,3,2,0,0,0,0
0,0,2,2,0,1,6,4,0,3,2,4,0,0,0,0
0,2,2,0,1,6,4,0,3,2,4,0,0,0,0,0
0,0,0,0,0,3,6,9,0,0,7,12,0,12,4,0
0,0,0,0,3,6,9,11,0,7,12,8,12,4,0,12
0,0,0,0,6,9,11,0,7,12,8,0,4,0,12,0
0,3,6,9,0,0,7,12,0,12,4,0,0,0,34,15
3,6,9,11,0,7,12,8,12,4,0,12,0,34,15,10
6,9,11,0,7,12,8,0,4,0,12,0,34,15,10,0
0,0,7,12,0,12,4,0,0,0,34,15,0,0,0,0
0,7,12,8,12,4,0,12,0,34,15,10,0,0,0,0
7,12,8,0,4,0,12,0,34,15,10,0,0,0,0,0
0,0,0,0,0,0,0,0,0,0,0,0,0,0,0,0
0,0,0,0,0,0,0,0,0,0,0,0,0,0,0,0
0,0,0,0,0,0,0,0,0,0,0,0,0,0,0,0
0,0,0,0,0,0,0,0,0,0,0,0,0,0,0,0
0,0,0,0,0,0,0,0,0,0,0,0,0,0,0,0
0,0,0,0,0,0,0,0,0,0,0,0,0,0,0,0
0,0,0,0,0,0,0,0,0,0,0,0,0,0,0,0
0,0,0,0,0,0,0,0,0,0,0,0,0,0,0,0
0,0,0,0,0,0,0,0,0,0,0,0,0,0,0,0
0,0,0,0,0,0,0,0,0,0,0,0,0,0,0,0
0,0,0,0,0,0,0,0,0,0,0,0,0,0,0,0
0,0,0,0,0,0,0,0,0,0,0,0,0,0,0,0
0,0,0,0,0,0,0,0,0,0,0,0,0,0,0,0
0,0,0,0,0,0,0,0,0,0,0,0,0,0,0,0
0,0,0,0,0,0,0,0,0,0,0,0,0,0,0,0
0,0,0,0,0,0,0,0,0,0,0,0,0,0,0,0
0,0,0,0,0,0,0,0,0,0,0,0,0,0,0,0
0,0,0,0,0,0,0,0,0,0,0,0,0,0,0,0
0,0,0,0,0,0,2,3,0,1,2,0,0,0,0,0
0,0,0,0,0,2,3,0,1,2,0,0,0,0,0,0
0,0,0,0,2,3,0,0,2,0,0,0,0,0,0,0
0,0,2,3,0,1,2,0,0,0,0,0,0,0,0,0
0,2,3,0,1,2,0,0,0,0,0,0,0,0,0,2
2,3,0,0,2,0,0,0,0,0,0,0,0,0,2,0
0,1,2,0,0,0,0,0,0,0,0,0,0,0,0,0
1,2,0,0,0,0,0,0,0,0,0,2,0,0,0,0
2,0,0,0,0,0,0,0,0,0,2,0,0,0,0,0
0,0,0,0,0,0,0,0,0,0,0,0,0,0,0,0
0,0,0,0,0,0,0,0,0,0,0,0,0,0,0,0
0,0,0,0,0,0,0,0,0,0,0,0,0,0,0,0
0,0,0,0,0,0,0,0,0,0,0,0,0,0,0,0
0,0,0,0,0,0,0,0,0,0,0,0,0,0,0,0
0,0,0,0,0,0,0,0,0,0,0,0,0,0,0,0
0,0,0,0,0,0,0,0,0,0,0,0,0,0,0,0
0,0,0,0,0,0,0,0,0,0,0,0,0,0,0,0
0,0,0,0,0,0,0,0,0,0,0,0,0,0,0,0
0,0,0,0,0,16,23,21,0,0,6,7,0,7,12,5
0,0,0,0,16,23,21,22,0,6,7,7,7,12,5,17
0,0,0,0,23,21,22,0,6,7,7,0,12,5,17,0
0,16,23,21,0,0,6,7,0,7,12,5,0,3,17,15
16,23,21,22,0,6,7,7,7,12,5,17,3,17,15,3
23,21,22,0,6,7,7,0,12,5,17,0,17,15,3,0
0,0,6,7,0,7,12,5,0,3,17,15,0,0,0,0
0,6,7,7,7,12,5,17,3,17,15,3,0,0,0,0
6,7,7,0,12,5,17,0,17,15,3,0,0,0,0,0
0,0,0,0,0,0,1,0,0,0,0,8,0,4,8,8
0,0,0,0,0,1,0,2,0,0,8,5,4,8,8,9
0,0,0,0,1,0,2,0,0,8,5,0,8,8,9,0
0,0,1,0,0,0,0,8,0,4,8,8,0,0,16,0
0,1,0,2,0,0,8,5,4,8,8,9,0,16,0,3
1,0,2,0,0,8,5,0,8,8,9,0,16,0,3,0
0,0,0,8,0,4,8,8,0,0,16,0,0,0,0,0
0,0,8,5,4,8,8,9,0,16,0,3,0,0,0,0
0,8,5,0,8,8,9,0,16,0,3,0,0,0,0,0
0,0,0,0,0,6,8,5,0,3,5,6,0,0,3,7
0,0,0,0,6,8,5,6,3,5,6,9,0,3,7,2
0,0,0,0,8,5,6,0,5,6,9,0,3,7,2,0
0,6,8,5,0,3,5,6,0,0,3,7,0,1,4,6
6,8,5,6,3,5,6,9,0,3,7,2,1,4,6,9
8,5,6,0,5,6,9,0,3,7,2,0,4,6,9,0
0,3,5,6,0,0,3,7,0,1,4,6,0,0,0,0
3,5,6,9,0,3,7,2,1,4,6,9,0,0,0,0
5,6,9,0,3,7,2,0,4,6,9,0,0,0,0,0
0,0,0,0,0,0,0,0,0,0,0,0,0,0,0,0
0,0,0,0,0,0,0,0,0,0,0,0,0,0,0,0
0,0,0,0,0,0,0,0,0,0,0,0,0,0,0,0
0,0,0,0,0,0,0,0,0,0,0,0,0,0,0,0
0,0,0,0,0,0,0,0,0,0,0,0,0,0,0,0
0,0,0,0,0,0,0,0,0,0,0,0,0,0,0,0
0,0,0,0,0,0,0,0,0,0,0,0,0,0,0,0
0,0,0,0,0,0,0,0,0,0,0,0,0,0,0,0
0,0,0,0,0,0,0,0,0,0,0,0,0,0,0,0
0,0,0,0,0,21,13,13,0,10,18,21,0,8,22,6
0,0,0,0,21,13,13,12,10,18,21,18,8,22,6,24
0,0,0,0,13,13,12,0,18,21,18,0,22,6,24,0
0,21,13,13,0,10,18,21,0,8,22,6,0,17,60,18
21,13,13,12,10,18,21,18,8,22,6,24,17,60,18,17
13,13,12,0,18,21,18,0,22,6,24,0,60,18,17,0
0,10,18,21,0,8,22,6,0,17,60,18,0,0,0,0
10,18,21,18,8,22,6,24,17,60,18,17,0,0,0,0
18,21,18,0,22,6,24,0,60,18,17,0,0,0,0,0
0,0,0,0,0,0,0,0,0,0,0,0,0,0,0,0
0,0,0,0,0,0,0,3,0,0,0,0,0,0,0,5
0,0,0,0,0,0,3,0,0,0,0,0,0,0,5,0
0,0,0,0,0,0,0,0,0,0,0,0,0,0,0,9
0,0,0,3,0,0,0,0,0,0,0,5,0,0,9,0
0,0,3,0,0,0,0,0,0,0,5,0,0,9,0,0
0,0,0,0,0,0,0,0,0,0,0,9,0,0,0,0
0,0,0,0,0,0,0,5,0,0,9,0,0,0,0,0
0,0,0,0,0,0,5,0,0,9,0,0,0,0,0,0
0,0,0,0,0,0,0,0,0,0,0,0,0,0,0,0
0,0,0,0,0,0,0,0,0,0,0,0,0,0,0,0
0,0,0,0,0,0,0,0,0,0,0,0,0,0,0,0
0,0,0,0,0,0,0,0,0,0,0,0,0,0,0,0
0,0,0,0,0,0,0,0,0,0,0,0,0,0,0,0
0,0,0,0,0,0,0,0,0,0,0,0,0,0,0,0
0,0,0,0,0,0,0,0,0,0,0,0,0,0,0,0
0,0,0,0,0,0,0,0,0,0,0,0,0,0,0,0
0,0,0,0,0,0,0,0,0,0,0,0,0,0,0,0
0,0,0,0,0,0,0,0,0,0,0,0,0,0,0,0
0,0,0,0,0,0,0,0,0,0,0,0,0,0,0,0
0,0,0,0,0,0,0,0,0,0,0,0,0,0,0,0
0,0,0,0,0,0,0,0,0,0,0,0,0,0,0,0
0,0,0,0,0,0,0,0,0,0,0,0,0,0,0,0
0,0,0,0,0,0,0,0,0,0,0,0,0,0,0,0
0,0,0,0,0,0,0,0,0,0,0,0,0,0,0,0
0,0,0,0,0,0,0,0,0,0,0,0,0,0,0,0
0,0,0,0,0,0,0,0,0,0,0,0,0,0,0,0
0,0,0,0,0,0,0,0,0,0,0,0,0,0,0,0
0,0,0,0,0,0,0,0,0,0,0,0,0,0,0,0
0,0,0,0,0,0,0,0,0,0,0,0,0,0,0,0
0,0,0,0,0,0,0,0,0,0,0,0,0,3,0,0
0,0,0,0,0,0,0,0,0,0,0,0,3,0,0,0
0,0,0,0,0,0,0,0,0,0,0,0,0,0,0,0
0,0,0,0,0,0,0,0,0,3,0,0,0,0,0,0
0,0,0,0,0,0,0,0,3,0,0,0,0,0,0,0
0,0,0,0,0,0,0,0,0,0,0,0,0,0,0,0
0,0,0,0,0,1,2,0,0,8,2,7,0,13,0,4
0,0,0,0,1,2,0,0,8,2,7,5,13,0,4,8
0,0,0,0,2,0,0,0,2,7,5,0,0,4,8,0
0,1,2,0,0,8,2,7,0,13,0,4,0,11,37,10
1,2,0,0,8,2,7,5,13,0,4,8,11,37,10,10
2,0,0,0,2,7,5,0,0,4,8,0,37,10,10,0
0,8,2,7,0,13,0,4,0,11,37,10,0,0,0,0
8,2,7,5,13,0,4,8,11,37,10,10,0,0,0,0
2,7,5,0,0,4,8,0,37,10,10,0,0,0,0,0
0,0,0,0,0,4,0,0,0,0,0,3,0,0,1,4
0,0,0,0,4,0,0,1,0,0,3,0,0,1,4,0
0,0,0,0,0,0,1,0,0,3,0,0,1,4,0,0
0,4,0,0,0,0,0,3,0,0,1,4,0,0,20,0
4,0,0,1,0,0,3,0,0,1,4,0,0,20,0,0
0,0,1,0,0,3,0,0,1,4,0,0,20,0,0,0
0,0,0,3,0,0,1,4,0,0,20,0,0,0,0,0
0,0,3,0,0,1,4,0,0,20,0,0,0,0,0,0
0,3,0,0,1,4,0,0,20,0,0,0,0,0,0,0
0,0,0,0,0,0,0,0,0,1,0,0,0,7,2,11
0,0,0,0,0,0,0,0,1,0,0,5,7,2,11,0
0,0,0,0,0,0,0,0,0,0,5,0,2,11,0,0
0,0,0,0,0,1,0,0,0,7,2,11,0,3,0,2
0,0,0,0,1,0,0,5,7,2,11,0,3,0,2,2
0,0,0,0,0,0,5,0,2,11,0,0,0,2,2,0
0,1,0,0,0,7,2,11,0,3,0,2,0,0,0,0
1,0,0,5,7,2,11,0,3,0,2,2,0,0,0,0
0,0,5,0,2,11,0,0,0,2,2,0,0,0,0,0
0,0,0,0,0,11,11,5,0,8,10,11,0,6,3,0
0,0,0,0,11,11,5,6,8,10,11,9,6,3,0,0
0,0,0,0,11,5,6,0,10,11,9,0,3,0,0,0
0,11,11,5,0,8,10,11,0,6,3,0,0,7,21,11
11,11,5,6,8,10,11,9,6,3,0,0,7,21,11,19
11,5,6,0,10,11,9,0,3,0,0,0,21,11,19,0
0,8,10,11,0,6,3,0,0,7,21,11,0,0,0,0
8,10,11,9,6,3,0,0,7,21,11,19,0,0,0,0
10,11,9,0,3,0,0,0,21,11,19,0,0,0,0,0
0,0,0,0,0,0,0,0,0,0,5,2,0,0,9,0
0,0,0,0,0,0,0,0,0,5,2,4,0,9,0,0
0,0,0,0,0,0,0,0,5,2,4,0,9,0,0,0
0,0,0,0,0,0,5,2,0,0,9,0,0,0,0,0
0,0,0,0,0,5,2,4,0,9,0,0,0,0,0,0
0,0,0,0,5,2,4,0,9,0,0,0,0,0,0,0
0,0,5,2,0,0,9,0,0,0,0,0,0,0,0,0
0,5,2,4,0,9,0,0,0,0,0,0,0,0,0,0
5,2,4,0,9,0,0,0,0,0,0,0,0,0,0,0
0,0,0,0,0,0,0,0,0,0,0,0,0,0,3,0
0,0,0,0,0,0,0,0,0,0,0,0,0,3,0,0
0,0,0,0,0,0,0,0,0,0,0,0,3,0,0,0
0,0,0,0,0,0,0,0,0,0,3,0,0,0,0,0
0,0,0,0,0,0,0,0,0,3,0,0,0,0,0,0
0,0,0,0,0,0,0,0,3,0,0,0,0,0,0,0
0,0,0,0,0,0,3,0,0,0,0,0,0,0,0,0
0,0,0,0,0,3,0,0,0,0,0,0,0,0,0,0
0,0,0,0,3,0,0,0,0,0,0,0,0,0,0,0
0,0,0,0,0,8,9,14,0,14,13,12,0,18,2,4
0,0,0,0,8,9,14,19,14,13,12,9,18,2,4,14
0,0,0,0,9,14,19,0,13,12,9,0,2,4,14,0
0,8,9,14,0,14,13,12,0,18,2,4,0,10,23,5
8,9,14,19,14,13,12,9,18,2,4,14,10,23,5,6
9,14,19,0,13,12,9,0,2,4,14,0,23,5,6,0
0,14,13,12,0,18,2,4,0,10,23,5,0,0,0,0
14,13,12,9,18,2,4,14,10,23,5,6,0,0,0,0
13,12,9,0,2,4,14,0,23,5,6,0,0,0,0,0
0,0,0,0,0,10,4,3,0,0,5,0,0,5,12,2
0,0,0,0,10,4,3,10,0,5,0,3,5,12,2,0
0,0,0,0,4,3,10,0,5,0,3,0,12,2,0,0
0,10,4,3,0,0,5,0,0,5,12,2,0,4,11,1
10,4,3,10,0,5,0,3,5,12,2,0,4,11,1,0
4,3,10,0,5,0,3,0,12,2,0,0,11,1,0,0
0,0,5,0,0,5,12,2,0,4,11,1,0,0,0,0
0,5,0,3,5,12,2,0,4,11,1,0,0,0,0,0
5,0,3,0,12,2,0,0,11,1,0,0,0,0,0,0
0,0,0,0,0,0,6,6,0,1,0,1,0,13,8,1
0,0,0,0,0,6,6,0,1,0,1,4,13,8,1,0
0,0,0,0,6,6,0,0,0,1,4,0,8,1,0,0
0,0,6,6,0,1,0,1,0,13,8,1,0,8,11,0
0,6,6,0,1,0,1,4,13,8,1,0,8,11,0,1
6,6,0,0,0,1,4,0,8,1,0,0,11,0,1,0
0,1,0,1,0,13,8,1,0,8,11,0,0,0,0,0
1,0,1,4,13,8,1,0,8,11,0,1,0,0,0,0
0,1,4,0,8,1,0,0,11,0,1,0,0,0,0,0
0,0,0,0,0,0,0,0,0,0,0,0,0,0,0,0
0,0,0,0,0,0,0,0,0,0,0,0,0,0,0,0
0,0,0,0,0,0,0,0,0,0,0,0,0,0,0,0
0,0,0,0,0,0,0,0,0,0,0,0,0,0,0,0
0,0,0,0,0,0,0,0,0,0,0,0,0,0,0,0
0,0,0,0,0,0,0,0,0,0,0,0,0,0,0,0
0,0,0,0,0,0,0,0,0,0,0,0,0,0,0,0
0,0,0,0,0,0,0,0,0,0,0,0,0,0,0,0
0,0,0,0,0,0,0,0,0,0,0,0,0,0,0,0
0,0,0,0,0,0,0,0,0,0,0,0,0,9,0,0
0,0,0,0,0,0,0,0,0,0,0,0,9,0,0,0
0,0,0,0,0,0,0,0,0,0,0,0,0,0,0,0
0,0,0,0,0,0,0,0,0,9,0,0,0,3,0,0
0,0,0,0,0,0,0,0,9,0,0,0,3,0,0,0
0,0,0,0,0,0,0,0,0,0,0,0,0,0,0,0
0,0,0,0,0,9,0,0,0,3,0,0,0,0,0,0
0,0,0,0,9,0,0,0,3,0,0,0,0,0,0,0
0,0,0,0,0,0,0,0,0,0,0,0,0,0,0,0
0,0,0,0,0,6,11,7,0,1,0,2,0,3,13,10
0,0,0,0,6,11,7,7,1,0,2,4,3,13,10,9
0,0,0,0,11,7,7,0,0,2,4,0,13,10,9,0
0,6,11,7,0,1,0,2,0,3,13,10,0,23,5,8
6,11,7,7,1,0,2,4,3,13,10,9,23,5,8,0
11,7,7,0,0,2,4,0,13,10,9,0,5,8,0,0
0,1,0,2,0,3,13,10,0,23,5,8,0,0,0,0
1,0,2,4,3,13,10,9,23,5,8,0,0,0,0,0
0,2,4,0,13,10,9,0,5,8,0,0,0,0,0,0
0,0,0,0,0,0,1,0,0,3,0,0,0,0,0,0
0,0,0,0,0,1,0,0,3,0,0,0,0,0,0,0
0,0,0,0,1,0,0,0,0,0,0,0,0,0,0,0
0,0,1,0,0,3,0,0,0,0,0,0,0,3,0,0
0,1,0,0,3,0,0,0,0,0,0,0,3,0,0,0
1,0,0,0,0,0,0,0,0,0,0,0,0,0,0,0
0,3,0,0,0,0,0,0,0,3,0,0,0,0,0,0
3,0,0,0,0,0,0,0,3,0,0,0,0,0,0,0
0,0,0,0,0,0,0,0,0,0,0,0,0,0,0,0
0,0,0,0,0,0,0,0,0,0,0,0,0,1,3,5
0,0,0,0,0,0,0,0,0,0,0,0,1,3,5,0
0,0,0,0,0,0,0,0,0,0,0,0,3,5,0,0
0,0,0,0,0,0,0,0,0,1,3,5,0,5,0,0
0,0,0,0,0,0,0,0,1,3,5,0,5,0,0,0
0,0,0,0,0,0,0,0,3,5,0,0,0,0,0,0
0,0,0,0,0,1,3,5,0,5,0,0,0,0,0,0
0,0,0,0,1,3,5,0,5,0,0,0,0,0,0,0
0,0,0,0,3,5,0,0,0,0,0,0,0,0,0,0
0,0,0,0,0,6,2,0,0,0,10,2,0,2,7,4
0,0,0,0,6,2,0,0,0,10,2,0,2,7,4,0
0,0,0,0,2,0,0,0,10,2,0,0,7,4,0,0
0,6,2,0,0,0,10,2,0,2,7,4,0,6,0,8
6,2,0,0,0,10,2,0,2,7,4,0,6,0,8,4
2,0,0,0,10,2,0,0,7,4,0,0,0,8,4,0
0,0,10,2,0,2,7,4,0,6,0,8,0,0,0,0
0,10,2,0,2,7,4,0,6,0,8,4,0,0,0,0
10,2,0,0,7,4,0,0,0,8,4,0,0,0,0,0
0,0,0,0,0,0,3,0,0,0,0,0,0,0,0,0
0,0,0,0,0,3,0,0,0,0,0,0,0,0,0,0
0,0,0,0,3,0,0,0,0,0,0,0,0,0,0,0
0,0,3,0,0,0,0,0,0,0,0,0,0,0,0,0
0,3,0,0,0,0,0,0,0,0,0,0,0,0,0,0
3,0,0,0,0,0,0,0,0,0,0,0,0,0,0,0
0,0,0,0,0,0,0,0,0,0,0,0,0,0,0,0
0,0,0,0,0,0,0,0,0,0,0,0,0,0,0,0
0,0,0,0,0,0,0,0,0,0,0,0,0,0,0,0
0,0,0,0,0,9,7,7,0,4,19,1,0,13,8,0
0,0,0,0,9,7,7,8,4,19,1,4,13,8,0,8
0,0,0,0,7,7,8,0,19,1,4,0,8,0,8,0
0,9,7,7,0,4,19,1,0,13,8,0,0,7,53,25
9,7,7,8,4,19,1,4,13,8,0,8,7,53,25,15
7,7,8,0,19,1,4,0,8,0,8,0,53,25,15,0
0,4,19,1,0,13,8,0,0,7,53,25,0,0,0,0
4,19,1,4,13,8,0,8,7,53,25,15,0,0,0,0
19,1,4,0,8,0,8,0,53,25,15,0,0,0,0,0
0,0,0,0,0,0,3,3,0,3,2,0,0,1,0,5
0,0,0,0,0,3,3,0,3,2,0,0,1,0,5,0
0,0,0,0,3,3,0,0,2,0,0,0,0,5,0,0
0,0,3,3,0,3,2,0,0,1,0,5,0,4,22,11
0,3,3,0,3,2,0,0,1,0,5,0,4,22,11,10
3,3,0,0,2,0,0,0,0,5,0,0,22,11,10,0
0,3,2,0,0,1,0,5,0,4,22,11,0,0,0,0
3,2,0,0,1,0,5,0,4,22,11,10,0,0,0,0
2,0,0,0,0,5,0,0,22,11,10,0,0,0,0,0
0,0,0,0,0,1,0,4,0,6,3,4,0,0,1,2
0,0,0,0,1,0,4,0,6,3,4,0,0,1,2,3
0,0,0,0,0,4,0,0,3,4,0,0,1,2,3,0
0,1,0,4,0,6,3,4,0,0,1,2,0,9,0,12
1,0,4,0,6,3,4,0,0,1,2,3,9,0,12,3
0,4,0,0,3,4,0,0,1,2,3,0,0,12,3,0
0,6,3,4,0,0,1,2,0,9,0,12,0,0,0,0
6,3,4,0,0,1,2,3,9,0,12,3,0,0,0,0
3,4,0,0,1,2,3,0,0,12,3,0,0,0,0,0
0,0,0,0,0,0,0,0,0,0,0,0,0,0,0,0
0,0,0,0,0,0,0,0,0,0,0,0,0,0,0,0
0,0,0,0,0,0,0,0,0,0,0,0,0,0,0,0
0,0,0,0,0,0,0,0,0,0,0,0,0,0,0,0
0,0,0,0,0,0,0,0,0,0,0,0,0,0,0,0
0,0,0,0,0,0,0,0,0,0,0,0,0,0,0,0
0,0,0,0,0,0,0,0,0,0,0,0,0,0,0,0
0,0,0,0,0,0,0,0,0,0,0,0,0,0,0,0
0,0,0,0,0,0,0,0,0,0,0,0,0,0,0,0
0,0,0,0,0,0,0,0,0,0,0,0,0,0,0,0
0,0,0,0,0,0,0,0,0,0,0,0,0,0,0,0
0,0,0,0,0,0,0,0,0,0,0,0,0,0,0,0
0,0,0,0,0,0,0,0,0,0,0,0,0,8,0,0
0,0,0,0,0,0,0,0,0,0,0,0,8,0,0,0
0,0,0,0,0,0,0,0,0,0,0,0,0,0,0,0
0,0,0,0,0,0,0,0,0,8,0,0,0,0,0,0
0,0,0,0,0,0,0,0,8,0,0,0,0,0,0,0
0,0,0,0,0,0,0,0,0,0,0,0,0,0,0,0
0,0,0,0,0,0,4,3,0,0,7,2,0,0,6,0
0,0,0,0,0,4,3,0,0,7,2,0,0,6,0,0
0,0,0,0,4,3,0,0,7,2,0,0,6,0,0,0
0,0,4,3,0,0,7,2,0,0,6,0,0,0,0,0
0,4,3,0,0,7,2,0,0,6,0,0,0,0,0,0
4,3,0,0,7,2,0,0,6,0,0,0,0,0,0,0
0,0,7,2,0,0,6,0,0,0,0,0,0,0,0,0
0,7,2,0,0,6,0,0,0,0,0,0,0,0,0,0
7,2,0,0,6,0,0,0,0,0,0,0,0,0,0,0
0,0,0,0,0,6,8,8,0,1,0,0,0,0,0,0
0,0,0,0,6,8,8,7,1,0,0,0,0,0,0,0
0,0,0,0,8,8,7,0,0,0,0,0,0,0,0,0
0,6,8,8,0,1,0,0,0,0,0,0,0,0,0,0
6,8,8,7,1,0,0,0,0,0,0,0,0,0,0,0
8,8,7,0,0,0,0,0,0,0,0,0,0,0,0,0
0,1,0,0,0,0,0,0,0,0,0,0,0,0,0,0
1,0,0,0,0,0,0,0,0,0,0,0,0,0,0,0
0,0,0,0,0,0,0,0,0,0,0,0,0,0,0,0
0,0,0,0,0,4,6,7,0,2,0,5,0,0,0,0
0,0,0,0,4,6,7,11,2,0,5,3,0,0,0,0
0,0,0,0,6,7,11,0,0,5,3,0,0,0,0,0
0,4,6,7,0,2,0,5,0,0,0,0,0,1,0,6
4,6,7,11,2,0,5,3,0,0,0,0,1,0,6,3
6,7,11,0,0,5,3,0,0,0,0,0,0,6,3,0
0,2,0,5,0,0,0,0,0,1,0,6,0,0,0,0
2,0,5,3,0,0,0,0,1,0,6,3,0,0,0,0
0,5,3,0,0,0,0,0,0,6,3,0,0,0,0,0
0,0,0,0,0,5,8,5,0,9,17,12,0,22,11,17
0,0,0,0,5,8,5,10,9,17,12,12,22,11,17,22
0,0,0,0,8,5,10,0,17,12,12,0,11,17,22,0
0,5,8,5,0,9,17,12,0,22,11,17,0,23,43,23
5,8,5,10,9,17,12,12,22,11,17,22,23,43,23,20
8,5,10,0,17,12,12,0,11,17,22,0,43,23,20,0
0,9,17,12,0,22,11,17,0,23,43,23,0,0,0,0
9,17,12,12,22,11,17,22,23,43,23,20,0,0,0,0
17,12,12,0,11,17,22,0,43,23,20,0,0,0,0,0
0,0,0,0,0,0,0,0,0,6,1,0,0,3,5,1
0,0,0,0,0,0,0,0,6,1,0,0,3,5,1,0
0,0,0,0,0,0,0,0,1,0,0,0,5,1,0,0
0,0,0,0,0,6,1,0,0,3,5,1,0,0,0,0
0,0,0,0,6,1,0,0,3,5,1,0,0,0,0,0
0,0,0,0,1,0,0,0,5,1,0,0,0,0,0,0
0,6,1,0,0,3,5,1,0,0,0,0,0,0,0,0
6,1,0,0,3,5,1,0,0,0,0,0,0,0,0,0
1,0,0,0,5,1,0,0,0,0,0,0,0,0,0,0
0,0,0,0,0,11,14,12,0,16,17,22,0,19,8,7
0,0,0,0,11,14,12,17,16,17,22,16,19,8,7,15
0,0,0,0,14,12,17,0,17,22,16,0,8,7,15,0
0,11,14,12,0,16,17,22,0,19,8,7,0,7,23,20
11,14,12,17,16,17,22,16,19,8,7,15,7,23,20,8
14,12,17,0,17,22,16,0,8,7,15,0,23,20,8,0
0,16,17,22,0,19,8,7,0,7,23,20,0,0,0,0
16,17,22,16,19,8,7,15,7,23,20,8,0,0,0,0
17,22,16,0,8,7,15,0,23,20,8,0,0,0,0,0
0,0,0,0,0,0,0,0,0,0,0,0,0,0,0,0
0,0,0,0,0,0,0,0,0,0,0,0,0,0,0,0
0,0,0,0,0,0,0,0,0,0,0,0,0,0,0,0
0,0,0,0,0,0,0,0,0,0,0,0,0,0,1,0
0,0,0,0,0,0,0,0,0,0,0,0,0,1,0,0
0,0,0,0,0,0,0,0,0,0,0,0,1,0,0,0
0,0,0,0,0,0,0,0,0,0,1,0,0,0,0,0
0,0,0,0,0,0,0,0,0,1,0,0,0,0,0,0
0,0,0,0,0,0,0,0,1,0,0,0,0,0,0,0
0,0,0,0,0,0,0,0,0,0,0,0,0,0,0,5
0,0,0,0,0,0,0,0,0,0,0,0,0,0,5,2
0,0,0,0,0,0,0,0,0,0,0,0,0,5,2,0
0,0,0,0,0,0,0,0,0,0,0,5,0,3,19,4
0,0,0,0,0,0,0,0,0,0,5,2,3,19,4,3
0,0,0,0,0,0,0,0,0,5,2,0,19,4,3,0
0,0,0,0,0,0,0,5,0,3,19,4,0,0,0,0
0,0,0,0,0,0,5,2,3,19,4,3,0,0,0,0
0,0,0,0,0,5,2,0,19,4,3,0,0,0,0,0
0,0,0,0,0,2,4,6,0,6,8,0,0,2,6,3
0,0,0,0,2,4,6,2,6,8,0,7,2,6,3,7
0,0,0,0,4,6,2,0,8,0,7,0,6,3,7,0
0,2,4,6,0,6,8,0,0,2,6,3,0,0,24,8
2,4,6,2,6,8,0,7,2,6,3,7,0,24,8,10
4,6,2,0,8,0,7,0,6,3,7,0,24,8,10,0
0,6,8,0,0,2,6,3,0,0,24,8,0,0,0,0
6,8,0,7,2,6,3,7,0,24,8,10,0,0,0,0
8,0,7,0,6,3,7,0,24,8,10,0,0,0,0,0
0,0,0,0,0,0,0,0,0,0,0,0,0,0,0,0
0,0,0,0,0,0,0,0,0,0,0,0,0,0,0,0
0,0,0,0,0,0,0,0,0,0,0,0,0,0,0,0
0,0,0,0,0,0,0,0,0,0,0,0,0,0,0,0
0,0,0,0,0,0,0,0,0,0,0,0,0,0,0,0
0,0,0,0,0,0,0,0,0,0,0,0,0,0,0,0
0,0,0,0,0,0,0,0,0,0,0,0,0,0,0,0
0,0,0,0,0,0,0,0,0,0,0,0,0,0,0,0
0,0,0,0,0,0,0,0,0,0,0,0,0,0,0,0
0,0,0,0,0,9,11,9,0,5,0,0,0,9,11,5
0,0,0,0,9,11,9,1,5,0,0,0,9,11,5,0
0,0,0,0,11,9,1,0,0,0,0,0,11,5,0,0
0,9,11,9,0,5,0,0,0,9,11,5,0,0,10,0
9,11,9,1,5,0,0,0,9,11,5,0,0,10,0,0
11,9,1,0,0,0,0,0,11,5,0,0,10,0,0,0
0,5,0,0,0,9,11,5,0,0,10,0,0,0,0,0
5,0,0,0,9,11,5,0,0,10,0,0,0,0,0,0
0,0,0,0,11,5,0,0,10,0,0,0,0,0,0,0
0,0,0,0,0,0,0,0,0,0,0,0,0,0,0,0
0,0,0,0,0,0,0,0,0,0,0,0,0,0,0,0
0,0,0,0,0,0,0,0,0,0,0,0,0,0,0,0
0,0,0,0,0,0,0,0,0,0,0,0,0,0,0,0
0,0,0,0,0,0,0,0,0,0,0,0,0,0,0,0
0,0,0,0,0,0,0,0,0,0,0,0,0,0,0,0
0,0,0,0,0,0,0,0,0,0,0,0,0,0,0,0
0,0,0,0,0,0,0,0,0,0,0,0,0,0,0,0
0,0,0,0,0,0,0,0,0,0,0,0,0,0,0,0
0,0,0,0,0,10,12,11,0,1,5,7,0,2,6,0
0,0,0,0,10,12,11,11,1,5,7,5,2,6,0,2
0,0,0,0,12,11,11,0,5,7,5,0,6,0,2,0
0,10,12,11,0,1,5,7,0,2,6,0,0,2,0,8
10,12,11,11,1,5,7,5,2,6,0,2,2,0,8,6
12,11,11,0,5,7,5,0,6,0,2,0,0,8,6,0
0,1,5,7,0,2,6,0,0,2,0,8,0,0,0,0
1,5,7,5,2,6,0,2,2,0,8,6,0,0,0,0
5,7,5,0,6,0,2,0,0,8,6,0,0,0,0,0
0,0,0,0,0,0,0,0,0,1,0,1,0,5,8,6
0,0,0,0,0,0,0,2,1,0,1,9,5,8,6,11
0,0,0,0,0,0,2,0,0,1,9,0,8,6,11,0
0,0,0,0,0,1,0,1,0,5,8,6,0,0,26,4
0,0,0,2,1,0,1,9,5,8,6,11,0,26,4,0
0,0,2,0,0,1,9,0,8,6,11,0,26,4,0,0
0,1,0,1,0,5,8,6,0,0,26,4,0,0,0,0
1,0,1,9,5,8,6,11,0,26,4,0,0,0,0,0
0,1,9,0,8,6,11,0,26,4,0,0,0,0,0,0
0,0,0,0,0,4,6,9,0,9,8,7,0,13,5,10
0,0,0,0,4,6,9,10,9,8,7,10,13,5,10,17
0,0,0,0,6,9,10,0,8,7,10,0,5,10,17,0
0,4,6,9,0,9,8,7,0,13,5,10,0,14,36,14
4,6,9,10,9,8,7,10,13,5,10,17,14,36,14,7
6,9,10,0,8,7,10,0,5,10,17,0,36,14,7,0
0,9,8,7,0,13,5,10,0,14,36,14,0,0,0,0
9,8,7,10,13,5,10,17,14,36,14,7,0,0,0,0
8,7,10,0,5,10,17,0,36,14,7,0,0,0,0,0
0,0,0,0,0,0,0,0,0,0,0,0,0,0,0,0
0,0,0,0,0,0,0,0,0,0,0,0,0,0,0,0
0,0,0,0,0,0,0,0,0,0,0,0,0,0,0,0
0,0,0,0,0,0,0,0,0,0,0,0,0,0,0,0
0,0,0,0,0,0,0,0,0,0,0,0,0,0,0,0
0,0,0,0,0,0,0,0,0,0,0,0,0,0,0,0
0,0,0,0,0,0,0,0,0,0,0,0,0,0,0,0
0,0,0,0,0,0,0,0,0,0,0,0,0,0,0,0
0,0,0,0,0,0,0,0,0,0,0,0,0,0,0,0
0,0,0,0,0,10,8,15,0,5,10,8,0,6,11,11
0,0,0,0,10,8,15,13,5,10,8,6,6,11,11,8
0,0,0,0,8,15,13,0,10,8,6,0,11,11,8,0
0,10,8,15,0,5,10,8,0,6,11,11,0,4,9,14
10,8,15,13,5,10,8,6,6,11,11,8,4,9,14,12
8,15,13,0,10,8,6,0,11,11,8,0,9,14,12,0
0,5,10,8,0,6,11,11,0,4,9,14,0,0,0,0
5,10,8,6,6,11,11,8,4,9,14,12,0,0,0,0
10,8,6,0,11,11,8,0,9,14,12,0,0,0,0,0
0,0,0,0,0,0,0,0,0,0,0,0,0,0,0,0
0,0,0,0,0,0,0,0,0,0,0,0,0,0,0,0
0,0,0,0,0,0,0,0,0,0,0,0,0,0,0,0
0,0,0,0,0,0,0,0,0,0,0,0,0,0,0,0
0,0,0,0,0,0,0,0,0,0,0,0,0,0,0,0
0,0,0,0,0,0,0,0,0,0,0,0,0,0,0,0
0,0,0,0,0,0,0,0,0,0,0,0,0,0,0,0
0,0,0,0,0,0,0,0,0,0,0,0,0,0,0,0
0,0,0,0,0,0,0,0,0,0,0,0,0,0,0,0
0,0,0,0,0,0,0,4,0,1,2,2,0,7,0,5
0,0,0,0,0,0,4,3,1,2,2,5,7,0,5,5
0,0,0,0,0,4,3,0,2,2,5,0,0,5,5,0
0,0,0,4,0,1,2,2,0,7,0,5,0,0,1,3
0,0,4,3,1,2,2,5,7,0,5,5,0,1,3,5
0,4,3,0,2,2,5,0,0,5,5,0,1,3,5,0
0,1,2,2,0,7,0,5,0,0,1,3,0,0,0,0
1,2,2,5,7,0,5,5,0,1,3,5,0,0,0,0
2,2,5,0,0,5,5,0,1,3,5,0,0,0,0,0
0,0,0,0,0,0,0,0,0,0,0,0,0,0,0,0
0,0,0,0,0,0,0,0,0,0,0,0,0,0,0,0
0,0,0,0,0,0,0,0,0,0,0,0,0,0,0,0
0,0,0,0,0,0,0,0,0,0,0,0,0,1,14,0
0,0,0,0,0,0,0,0,0,0,0,0,1,14,0,0
0,0,0,0,0,0,0,0,0,0,0,0,14,0,0,0
0,0,0,0,0,0,0,0,0,1,14,0,0,0,0,0
0,0,0,0,0,0,0,0,1,14,0,0,0,0,0,0
0,0,0,0,0,0,0,0,14,0,0,0,0,0,0,0
0,0,0,0,0,6,6,8,0,6,16,5,0,0,15,10
0,0,0,0,6,6,8,3,6,16,5,5,0,15,10,1
0,0,0,0,6,8,3,0,16,5,5,0,15,10,1,0
0,6,6,8,0,6,16,5,0,0,15,10,0,13,10,3
6,6,8,3,6,16,5,5,0,15,10,1,13,10,3,0
6,8,3,0,16,5,5,0,15,10,1,0,10,3,0,0
0,6,16,5,0,0,15,10,0,13,10,3,0,0,0,0
6,16,5,5,0,15,10,1,13,10,3,0,0,0,0,0
16,5,5,0,15,10,1,0,10,3,0,0,0,0,0,0
0,0,0,0,0,0,5,3,0,0,1,0,0,0,2,6
0,0,0,0,0,5,3,4,0,1,0,0,0,2,6,3
0,0,0,0,5,3,4,0,1,0,0,0,2,6,3,0
0,0,5,3,0,0,1,0,0,0,2,6,0,0,2,0
0,5,3,4,0,1,0,0,0,2,6,3,0,2,0,0
5,3,4,0,1,0,0,0,2,6,3,0,2,0,0,0
0,0,1,0,0,0,2,6,0,0,2,0,0,0,0,0
0,1,0,0,0,2,6,3,0,2,0,0,0,0,0,0
1,0,0,0,2,6,3,0,2,0,0,0,0,0,0,0
0,0,0,0,0,0,1,0,0,0,0,6,0,0,0,1
0,0,0,0,0,1,0,3,0,0,6,6,0,0,1,13
0,0,0,0,1,0,3,0,0,6,6,0,0,1,13,0
0,0,1,0,0,0,0,6,0,0,0,1,0,0,0,2
0,1,0,3,0,0,6,6,0,0,1,13,0,0,2,3
1,0,3,0,0,6,6,0,0,1,13,0,0,2,3,0
0,0,0,6,0,0,0,1,0,0,0,2,0,0,0,0
0,0,6,6,0,0,1,13,0,0,2,3,0,0,0,0
0,6,6,0,0,1,13,0,0,2,3,0,0,0,0,0
0,0,0,0,0,0,4,4,0,5,7,3,0,3,4,1
0,0,0,0,0,4,4,5,5,7,3,7,3,4,1,19
0,0,0,0,4,4,5,0,7,3,7,0,4,1,19,0
0,0,4,4,0,5,7,3,0,3,4,1,0,6,32,2
0,4,4,5,5,7,3,7,3,4,1,19,6,32,2,0
4,4,5,0,7,3,7,0,4,1,19,0,32,2,0,0
0,5,7,3,0,3,4,1,0,6,32,2,0,0,0,0
5,7,3,7,3,4,1,19,6,32,2,0,0,0,0,0
7,3,7,0,4,1,19,0,32,2,0,0,0,0,0,0
0,0,0,0,0,0,0,0,0,3,0,11,0,7,7,0
0,0,0,0,0,0,0,2,3,0,11,5,7,7,0,11
0,0,0,0,0,0,2,0,0,11,5,0,7,0,11,0
0,0,0,0,0,3,0,11,0,7,7,0,0,6,7,4
0,0,0,2,3,0,11,5,7,7,0,11,6,7,4,12
0,0,2,0,0,11,5,0,7,0,11,0,7,4,12,0
0,3,0,11,0,7,7,0,0,6,7,4,0,0,0,0
3,0,11,5,7,7,0,11,6,7,4,12,0,0,0,0
0,11,5,0,7,0,11,0,7,4,12,0,0,0,0,0
0,0,0,0,0,4,0,0,0,0,2,0,0,0,0,0
0,0,0,0,4,0,0,0,0,2,0,0,0,0,0,0
0,0,0,0,0,0,0,0,2,0,0,0,0,0,0,0
0,4,0,0,0,0,2,0,0,0,0,0,0,0,6,0
4,0,0,0,0,2,0,0,0,0,0,0,0,6,0,4
0,0,0,0,2,0,0,0,0,0,0,0,6,0,4,0
0,0,2,0,0,0,0,0,0,0,6,0,0,0,0,0
0,2,0,0,0,0,0,0,0,6,0,4,0,0,0,0
2,0,0,0,0,0,0,0,6,0,4,0,0,0,0,0
0,0,0,0,0,18,13,13,0,10,19,6,0,2,11,7
0,0,0,0,18,13,13,8,10,19,6,3,2,11,7,2
0,0,0,0,13,13,8,0,19,6,3,0,11,7,2,0
0,18,13,13,0,10,19,6,0,2,11,7,0,11,11,10
18,13,13,8,10,19,6,3,2,11,7,2,11,11,10,7
13,13,8,0,19,6,3,0,11,7,2,0,11,10,7,0
0,10,19,6,0,2,11,7,0,11,11,10,0,0,0,0
10,19,6,3,2,11,7,2,11,11,10,7,0,0,0,0
19,6,3,0,11,7,2,0,11,10,7,0,0,0,0,0
0,0,0,0,0,6,12,10,0,10,18,10,0,12,5,17
0,0,0,0,6,12,10,13,10,18,10,15,12,5,17,29
0,0,0,0,12,10,13,0,18,10,15,0,5,17,29,0
0,6,12,10,0,10,18,10,0,12,5,17,0,10,18,26
6,12,10,13,10,18,10,15,12,5,17,29,10,18,26,13
12,10,13,0,18,10,15,0,5,17,29,0,18,26,13,0
0,10,18,10,0,12,5,17,0,10,18,26,0,0,0,0
10,18,10,15,12,5,17,29,10,18,26,13,0,0,0,0
18,10,15,0,5,17,29,0,18,26,13,0,0,0,0,0
0,0,0,0,0,1,0,0,0,0,0,0,0,0,0,0
0,0,0,0,1,0,0,0,0,0,0,2,0,0,0,0
0,0,0,0,0,0,0,0,0,0,2,0,0,0,0,0
0,1,0,0,0,0,0,0,0,0,0,0,0,0,0,0
1,0,0,0,0,0,0,2,0,0,0,0,0,0,0,0
0,0,0,0,0,0,2,0,0,0,0,0,0,0,0,0
0,0,0,0,0,0,0,0,0,0,0,0,0,0,0,0
0,0,0,2,0,0,0,0,0,0,0,0,0,0,0,0
0,0,2,0,0,0,0,0,0,0,0,0,0,0,0,0
0,0,0,0,0,0,0,0,0,0,0,0,0,9,3,5
0,0,0,0,0,0,0,0,0,0,0,0,9,3,5,4
0,0,0,0,0,0,0,0,0,0,0,0,3,5,4,0
0,0,0,0,0,0,0,0,0,9,3,5,0,0,12,3
0,0,0,0,0,0,0,0,9,3,5,4,0,12,3,0
0,0,0,0,0,0,0,0,3,5,4,0,12,3,0,0
0,0,0,0,0,9,3,5,0,0,12,3,0,0,0,0
0,0,0,0,9,3,5,4,0,12,3,0,0,0,0,0
0,0,0,0,3,5,4,0,12,3,0,0,0,0,0,0
0,0,0,0,0,0,4,1,0,0,0,8,0,0,0,3
0,0,0,0,0,4,1,0,0,0,8,2,0,0,3,5
0,0,0,0,4,1,0,0,0,8,2,0,0,3,5,0
0,0,4,1,0,0,0,8,0,0,0,3,0,2,0,0
0,4,1,0,0,0,8,2,0,0,3,5,2,0,0,1
4,1,0,0,0,8,2,0,0,3,5,0,0,0,1,0
0,0,0,8,0,0,0,3,0,2,0,0,0,0,0,0
0,0,8,2,0,0,3,5,2,0,0,1,0,0,0,0
0,8,2,0,0,3,5,0,0,0,1,0,0,0,0,0
0,0,0,0,0,0,0,0,0,0,0,0,0,0,0,0
0,0,0,0,0,0,0,3,0,0,0,0,0,0,0,5
0,0,0,0,0,0,3,0,0,0,0,0,0,0,5,0
0,0,0,0,0,0,0,0,0,0,0,0,0,0,0,0
0,0,0,3,0,0,0,0,0,0,0,5,0,0,0,0
0,0,3,0,0,0,0,0,0,0,5,0,0,0,0,0
0,0,0,0,0,0,0,0,0,0,0,0,0,0,0,0
0,0,0,0,0,0,0,5,0,0,0,0,0,0,0,0
0,0,0,0,0,0,5,0,0,0,0,0,0,0,0,0
0,0,0,0,0,15,7,2,0,7,15,13,0,8,2,9
0,0,0,0,15,7,2,9,7,15,13,9,8,2,9,7
0,0,0,0,7,2,9,0,15,13,9,0,2,9,7,0
0,15,7,2,0,7,15,13,0,8,2,9,0,11,0,17
15,7,2,9,7,15,13,9,8,2,9,7,11,0,17,16
7,2,9,0,15,13,9,0,2,9,7,0,0,17,16,0
0,7,15,13,0,8,2,9,0,11,0,17,0,0,0,0
7,15,13,9,8,2,9,7,11,0,17,16,0,0,0,0
15,13,9,0,2,9,7,0,0,17,16,0,0,0,0,0
0,0,0,0,0,0,1,0,0,0,0,0,0,0,0,0
0,0,0,0,0,1,0,0,0,0,0,0,0,0,0,0
0,0,0,0,1,0,0,0,0,0,0,0,0,0,0,0
0,0,1,0,0,0,0,0,0,0,0,0,0,0,0,0
0,1,0,0,0,0,0,0,0,0,0,0,0,0,0,0
1,0,0,0,0,0,0,0,0,0,0,0,0,0,0,0
0,0,0,0,0,0,0,0,0,0,0,0,0,0,0,0
0,0,0,0,0,0,0,0,0,0,0,0,0,0,0,0
0,0,0,0,0,0,0,0,0,0,0,0,0,0,0,0
0,0,0,0,0,8,7,10,0,6,0,0,0,0,5,6
0,0,0,0,8,7,10,6,6,0,0,0,0,5,6,0
0,0,0,0,7,10,6,0,0,0,0,0,5,6,0,0
0,8,7,10,0,6,0,0,0,0,5,6,0,0,19,0
8,7,10,6,6,0,0,0,0,5,6,0,0,19,0,0
7,10,6,0,0,0,0,0,5,6,0,0,19,0,0,0
0,6,0,0,0,0,5,6,0,0,19,0,0,0,0,0
6,0,0,0,0,5,6,0,0,19,0,0,0,0,0,0
0,0,0,0,5,6,0,0,19,0,0,0,0,0,0,0
0,0,0,0,0,0,0,0,0,0,0,0,0,0,0,0
0,0,0,0,0,0,0,0,0,0,0,0,0,0,0,0
0,0,0,0,0,0,0,0,0,0,0,0,0,0,0,0
0,0,0,0,0,0,0,0,0,0,0,0,0,0,4,0
0,0,0,0,0,0,0,0,0,0,0,0,0,4,0,0
0,0,0,0,0,0,0,0,0,0,0,0,4,0,0,0
0,0,0,0,0,0,0,0,0,0,4,0,0,0,0,0
0,0,0,0,0,0,0,0,0,4,0,0,0,0,0,0
0,0,0,0,0,0,0,0,4,0,0,0,0,0,0,0
0,0,0,0,0,0,4,3,0,0,0,4,0,0,0,10
0,0,0,0,0,4,3,0,0,0,4,6,0,0,10,11
0,0,0,0,4,3,0,0,0,4,6,0,0,10,11,0
0,0,4,3,0,0,0,4,0,0,0,10,0,9,8,11
0,4,3,0,0,0,4,6,0,0,10,11,9,8,11,6
4,3,0,0,0,4,6,0,0,10,11,0,8,11,6,0
0,0,0,4,0,0,0,10,0,9,8,11,0,0,0,0
0,0,4,6,0,0,10,11,9,8,11,6,0,0,0,0
0,4,6,0,0,10,11,0,8,11,6,0,0,0,0,0
0,0,0,0,0,4,1,2,0,4,1,13,0,14,0,0
0,0,0,0,4,1,2,0,4,1,13,8,14,0,0,3
0,0,0,0,1,2,0,0,1,13,8,0,0,0,3,0
0,4,1,2,0,4,1,13,0,14,0,0,0,9,22,12
4,1,2,0,4,1,13,8,14,0,0,3,9,22,12,7
1,2,0,0,1,13,8,0,0,0,3,0,22,12,7,0
0,4,1,13,0,14,0,0,0,9,22,12,0,0,0,0
4,1,13,8,14,0,0,3,9,22,12,7,0,0,0,0
1,13,8,0,0,0,3,0,22,12,7,0,0,0,0,0
0,0,0,0,0,4,8,7,0,0,0,6,0,10,3,5
0,0,0,0,4,8,7,5,0,0,6,2,10,3,5,1
0,0,0,0,8,7,5,0,0,6,2,0,3,5,1,0
0,4,8,7,0,0,0,6,0,10,3,5,0,0,21,0
4,8,7,5,0,0,6,2,10,3,5,1,0,21,0,3
8,7,5,0,0,6,2,0,3,5,1,0,21,0,3,0
0,0,0,6,0,10,3,5,0,0,21,0,0,0,0,0
0,0,6,2,10,3,5,1,0,21,0,3,0,0,0,0
0,6,2,0,3,5,1,0,21,0,3,0,0,0,0,0
0,0,0,0,0,0,0,0,0,0,0,0,0,0,0,0
0,0,0,0,0,0,0,0,0,0,0,0,0,0,0,0
0,0,0,0,0,0,0,0,0,0,0,0,0,0,0,0
0,0,0,0,0,0,0,0,0,0,0,0,0,8,0,3
0,0,0,0,0,0,0,0,0,0,0,0,8,0,3,1
0,0,0,0,0,0,0,0,0,0,0,0,0,3,1,0
0,0,0,0,0,0,0,0,0,8,0,3,0,0,0,0
0,0,0,0,0,0,0,0,8,0,3,1,0,0,0,0
0,0,0,0,0,0,0,0,0,3,1,0,0,0,0,0
0,0,0,0,0,0,0,0,0,4,0,6,0,5,0,0
0,0,0,0,0,0,0,0,4,0,6,7,5,0,0,0
0,0,0,0,0,0,0,0,0,6,7,0,0,0,0,0
0,0,0,0,0,4,0,6,0,5,0,0,0,0,1,4
0,0,0,0,4,0,6,7,5,0,0,0,0,1,4,1
0,0,0,0,0,6,7,0,0,0,0,0,1,4,1,0
0,4,0,6,0,5,0,0,0,0,1,4,0,0,0,0
4,0,6,7,5,0,0,0,0,1,4,1,0,0,0,0
0,6,7,0,0,0,0,0,1,4,1,0,0,0,0,0
0,0,0,0,0,8,9,11,0,2,4,11,0,0,0,0
0,0,0,0,8,9,11,8,2,4,11,8,0,0,0,6
0,0,0,0,9,11,8,0,4,11,8,0,0,0,6,0
0,8,9,11,0,2,4,11,0,0,0,0,0,0,20,8
8,9,11,8,2,4,11,8,0,0,0,6,0,20,8,2
9,11,8,0,4,11,8,0,0,0,6,0,20,8,2,0
0,2,4,11,0,0,0,0,0,0,20,8,0,0,0,0
2,4,11,8,0,0,0,6,0,20,8,2,0,0,0,0
4,11,8,0,0,0,6,0,20,8,2,0,0,0,0,0
0,0,0,0,0,5,8,11,0,9,7,3,0,8,4,5
0,0,0,0,5,8,11,6,9,7,3,4,8,4,5,0
0,0,0,0,8,11,6,0,7,3,4,0,4,5,0,0
0,5,8,11,0,9,7,3,0,8,4,5,0,9,20,14
5,8,11,6,9,7,3,4,8,4,5,0,9,20,14,13
8,11,6,0,7,3,4,0,4,5,0,0,20,14,13,0
0,9,7,3,0,8,4,5,0,9,20,14,0,0,0,0
9,7,3,4,8,4,5,0,9,20,14,13,0,0,0,0
7,3,4,0,4,5,0,0,20,14,13,0,0,0,0,0
0,0,0,0,0,0,0,0,0,0,0,0,0,4,0,9
0,0,0,0,0,0,0,0,0,0,0,2,4,0,9,0
0,0,0,0,0,0,0,0,0,0,2,0,0,9,0,0
0,0,0,0,0,0,0,0,0,4,0,9,0,3,0,4
0,0,0,0,0,0,0,2,4,0,9,0,3,0,4,2
0,0,0,0,0,0,2,0,0,9,0,0,0,4,2,0
0,0,0,0,0,4,0,9,0,3,0,4,0,0,0,0
0,0,0,2,4,0,9,0,3,0,4,2,0,0,0,0
0,0,2,0,0,9,0,0,0,4,2,0,0,0,0,0
0,0,0,0,0,0,3,6,0,0,0,0,0,0,0,0
0,0,0,0,0,3,6,7,0,0,0,0,0,0,0,3
0,0,0,0,3,6,7,0,0,0,0,0,0,0,3,0
0,0,3,6,0,0,0,0,0,0,0,0,0,0,0,4
0,3,6,7,0,0,0,0,0,0,0,3,0,0,4,0
3,6,7,0,0,0,0,0,0,0,3,0,0,4,0,0
0,0,0,0,0,0,0,0,0,0,0,4,0,0,0,0
0,0,0,0,0,0,0,3,0,0,4,0,0,0,0,0
0,0,0,0,0,0,3,0,0,4,0,0,0,0,0,0
0,0,0,0,0,0,0,0,0,3,12,0,0,15,0,5
0,0,0,0,0,0,0,0,3,12,0,0,15,0,5,0
0,0,0,0,0,0,0,0,12,0,0,0,0,5,0,0
0,0,0,0,0,3,12,0,0,15,0,5,0,6,31,11
0,0,0,0,3,12,0,0,15,0,5,0,6,31,11,14
0,0,0,0,12,0,0,0,0,5,0,0,31,11,14,0
0,3,12,0,0,15,0,5,0,6,31,11,0,0,0,0
3,12,0,0,15,0,5,0,6,31,11,14,0,0,0,0
12,0,0,0,0,5,0,0,31,11,14,0,0,0,0,0
0,0,0,0,0,1,1,0,0,0,0,0,0,0,0,0
0,0,0,0,1,1,0,2,0,0,0,0,0,0,0,0
0,0,0,0,1,0,2,0,0,0,0,0,0,0,0,0
0,1,1,0,0,0,0,0,0,0,0,0,0,0,0,0
1,1,0,2,0,0,0,0,0,0,0,0,0,0,0,0
1,0,2,0,0,0,0,0,0,0,0,0,0,0,0,0
0,0,0,0,0,0,0,0,0,0,0,0,0,0,0,0
0,0,0,0,0,0,0,0,0,0,0,0,0,0,0,0
0,0,0,0,0,0,0,0,0,0,0,0,0,0,0,0
0,0,0,0,0,0,0,0,0,0,0,0,0,0,0,3
0,0,0,0,0,0,0,0,0,0,0,0,0,0,3,0
0,0,0,0,0,0,0,0,0,0,0,0,0,3,0,0
0,0,0,0,0,0,0,0,0,0,0,3,0,0,0,0
0,0,0,0,0,0,0,0,0,0,3,0,0,0,0,0
0,0,0,0,0,0,0,0,0,3,0,0,0,0,0,0
0,0,0,0,0,0,0,3,0,0,0,0,0,0,0,0
0,0,0,0,0,0,3,0,0,0,0,0,0,0,0,0
0,0,0,0,0,3,0,0,0,0,0,0,0,0,0,0
0,0,0,0,0,3,2,0,0,0,0,0,0,0,0,0
0,0,0,0,3,2,0,3,0,0,0,0,0,0,0,0
0,0,0,0,2,0,3,0,0,0,0,0,0,0,0,0
0,3,2,0,0,0,0,0,0,0,0,0,0,0,4,0
3,2,0,3,0,0,0,0,0,0,0,0,0,4,0,0
2,0,3,0,0,0,0,0,0,0,0,0,4,0,0,0
0,0,0,0,0,0,0,0,0,0,4,0,0,0,0,0
0,0,0,0,0,0,0,0,0,4,0,0,0,0,0,0
0,0,0,0,0,0,0,0,4,0,0,0,0,0,0,0
0,0,0,0,0,0,0,0,0,4,0,7,0,6,4,0
0,0,0,0,0,0,0,0,4,0,7,0,6,4,0,0
0,0,0,0,0,0,0,0,0,7,0,0,4,0,0,0
0,0,0,0,0,4,0,7,0,6,4,0,0,0,1,0
0,0,0,0,4,0,7,0,6,4,0,0,0,1,0,0
0,0,0,0,0,7,0,0,4,0,0,0,1,0,0,0
0,4,0,7,0,6,4,0,0,0,1,0,0,0,0,0
4,0,7,0,6,4,0,0,0,1,0,0,0,0,0,0
0,7,0,0,4,0,0,0,1,0,0,0,0,0,0,0
0,0,0,0,0,0,0,0,0,0,0,0,0,0,0,0
0,0,0,0,0,0,0,0,0,0,0,0,0,0,0,0
0,0,0,0,0,0,0,0,0,0,0,0,0,0,0,0
0,0,0,0,0,0,0,0,0,0,0,0,0,3,0,0
0,0,0,0,0,0,0,0,0,0,0,0,3,0,0,0
0,0,0,0,0,0,0,0,0,0,0,0,0,0,0,0
0,0,0,0,0,0,0,0,0,3,0,0,0,0,0,0
0,0,0,0,0,0,0,0,3,0,0,0,0,0,0,0
0,0,0,0,0,0,0,0,0,0,0,0,0,0,0,0
0,0,0,0,0,0,4,8,0,0,0,13,0,0,1,7
0,0,0,0,0,4,8,7,0,0,13,6,0,1,7,20
0,0,0,0,4,8,7,0,0,13,6,0,1,7,20,0
0,0,4,8,0,0,0,13,0,0,1,7,0,11,16,13
0,4,8,7,0,0,13,6,0,1,7,20,11,16,13,1
4,8,7,0,0,13,6,0,1,7,20,0,16,13,1,0
0,0,0,13,0,0,1,7,0,11,16,13,0,0,0,0
0,0,13,6,0,1,7,20,11,16,13,1,0,0,0,0
0,13,6,0,1,7,20,0,16,13,1,0,0,0,0,0
0,0,0,0,0,0,5,7,0,2,11,9,0,12,10,9
0,0,0,0,0,5,7,11,2,11,9,11,12,10,9,17
0,0,0,0,5,7,11,0,11,9,11,0,10,9,17,0
0,0,5,7,0,2,11,9,0,12,10,9,0,20,34,18
0,5,7,11,2,11,9,11,12,10,9,17,20,34,18,14
5,7,11,0,11,9,11,0,10,9,17,0,34,18,14,0
0,2,11,9,0,12,10,9,0,20,34,18,0,0,0,0
2,11,9,11,12,10,9,17,20,34,18,14,0,0,0,0
11,9,11,0,10,9,17,0,34,18,14,0,0,0,0,0
0,0,0,0,0,0,0,0,0,5,0,0,0,2,0,2
0,0,0,0,0,0,0,0,5,0,0,0,2,0,2,0
0,0,0,0,0,0,0,0,0,0,0,0,0,2,0,0
0,0,0,0,0,5,0,0,0,2,0,2,0,0,0,0
0,0,0,0,5,0,0,0,2,0,2,0,0,0,0,0
0,0,0,0,0,0,0,0,0,2,0,0,0,0,0,0
0,5,0,0,0,2,0,2,0,0,0,0,0,0,0,0
5,0,0,0,2,0,2,0,0,0,0,0,0,0,0,0
0,0,0,0,0,2,0,0,0,0,0,0,0,0,0,0
0,0,0,0,0,0,0,0,0,0,0,0,0,0,0,0
0,0,0,0,0,0,0,0,0,0,0,0,0,0,0,0
0,0,0,0,0,0,0,0,0,0,0,0,0,0,0,0
0,0,0,0,0,0,0,0,0,0,0,0,0,0,0,0
0,0,0,0,0,0,0,0,0,0,0,0,0,0,0,0
0,0,0,0,0,0,0,0,0,0,0,0,0,0,0,0
0,0,0,0,0,0,0,0,0,0,0,0,0,0,0,0
0,0,0,0,0,0,0,0,0,0,0,0,0,0,0,0
0,0,0,0,0,0,0,0,0,0,0,0,0,0,0,0
0,0,0,0,0,0,0,0,0,0,0,0,0,0,1,0
0,0,0,0,0,0,0,0,0,0,0,0,0,1,0,0
0,0,0,0,0,0,0,0,0,0,0,0,1,0,0,0
0,0,0,0,0,0,0,0,0,0,1,0,0,0,0,0
0,0,0,0,0,0,0,0,0,1,0,0,0,0,0,0
0,0,0,0,0,0,0,0,1,0,0,0,0,0,0,0
0,0,0,0,0,0,1,0,0,0,0,0,0,0,0,0
0,0,0,0,0,1,0,0,0,0,0,0,0,0,0,0
0,0,0,0,1,0,0,0,0,0,0,0,0,0,0,0
0,0,0,0,0,12,12,15,0,6,9,19,0,20,15,15
0,0,0,0,12,12,15,15,6,9,19,16,20,15,15,31
0,0,0,0,12,15,15,0,9,19,16,0,15,15,31,0
0,12,12,15,0,6,9,19,0,20,15,15,0,6,20,29
12,12,15,15,6,9,19,16,20,15,15,31,6,20,29,23
12,15,15,0,9,19,16,0,15,15,31,0,20,29,23,0
0,6,9,19,0,20,15,15,0,6,20,29,0,0,0,0
6,9,19,16,20,15,15,31,6,20,29,23,0,0,0,0
9,19,16,0,15,15,31,0,20,29,23,0,0,0,0,0
0,0,0,0,0,0,2,1,0,0,0,1,0,0,6,0
0,0,0,0,0,2,1,0,0,0,1,0,0,6,0,0
0,0,0,0,2,1,0,0,0,1,0,0,6,0,0,0
0,0,2,1,0,0,0,1,0,0,6,0,0,6,0,0
0,2,1,0,0,0,1,0,0,6,0,0,6,0,0,0
2,1,0,0,0,1,0,0,6,0,0,0,0,0,0,0
0,0,0,1,0,0,6,0,0,6,0,0,0,0,0,0
0,0,1,0,0,6,0,0,6,0,0,0,0,0,0,0
0,1,0,0,6,0,0,0,0,0,0,0,0,0,0,0
0,0,0,0,0,0,1,0,0,2,0,0,0,21,0,4
0,0,0,0,0,1,0,4,2,0,0,5,21,0,4,7
0,0,0,0,1,0,4,0,0,0,5,0,0,4,7,0
0,0,1,0,0,2,0,0,0,21,0,4,0,5,15,5
0,1,0,4,2,0,0,5,21,0,4,7,5,15,5,7
1,0,4,0,0,0,5,0,0,4,7,0,15,5,7,0
0,2,0,0,0,21,0,4,0,5,15,5,0,0,0,0
2,0,0,5,21,0,4,7,5,15,5,7,0,0,0,0
0,0,5,0,0,4,7,0,15,5,7,0,0,0,0,0
0,0,0,0,0,11,8,8,0,0,4,0,0,4,9,2
0,0,0,0,11,8,8,1,0,4,0,1,4,9,2,3
0,0,0,0,8,8,1,0,4,0,1,0,9,2,3,0
0,11,8,8,0,0,4,0,0,4,9,2,0,0,11,0
11,8,8,1,0,4,0,1,4,9,2,3,0,11,0,0
8,8,1,0,4,0,1,0,9,2,3,0,11,0,0,0
0,0,4,0,0,4,9,2,0,0,11,0,0,0,0,0
0,4,0,1,4,9,2,3,0,11,0,0,0,0,0,0
4,0,1,0,9,2,3,0,11,0,0,0,0,0,0,0
0,0,0,0,0,0,0,1,0,0,3,2,0,4,2,1
0,0,0,0,0,0,1,0,0,3,2,0,4,2,1,0
0,0,0,0,0,1,0,0,3,2,0,0,2,1,0,0
0,0,0,1,0,0,3,2,0,4,2,1,0,0,0,4
0,0,1,0,0,3,2,0,4,2,1,0,0,0,4,1
0,1,0,0,3,2,0,0,2,1,0,0,0,4,1,0
0,0,3,2,0,4,2,1,0,0,0,4,0,0,0,0
0,3,2,0,4,2,1,0,0,0,4,1,0,0,0,0
3,2,0,0,2,1,0,0,0,4,1,0,0,0,0,0
0,0,0,0,0,3,2,2,0,0,0,0,0,0,0,7
0,0,0,0,3,2,2,6,0,0,0,0,0,0,7,9
0,0,0,0,2,2,6,0,0,0,0,0,0,7,9,0
0,3,2,2,0,0,0,0,0,0,0,7,0,0,0,0
3,2,2,6,0,0,0,0,0,0,7,9,0,0,0,0
2,2,6,0,0,0,0,0,0,7,9,0,0,0,0,0
0,0,0,0,0,0,0,7,0,0,0,0,0,0,0,0
0,0,0,0,0,0,7,9,0,0,0,0,0,0,0,0
0,0,0,0,0,7,9,0,0,0,0,0,0,0,0,0
0,0,0,0,0,5,0,0,0,1,0,8,0,12,0,0
0,0,0,0,5,0,0,0,1,0,8,1,12,0,0,0
0,0,0,0,0,0,0,0,0,8,1,0,0,0,0,0
0,5,0,0,0,1,0,8,0,12,0,0,0,10,0,16
5,0,0,0,1,0,8,1,12,0,0,0,10,0,16,13
0,0,0,0,0,8,1,0,0,0,0,0,0,16,13,0
0,1,0,8,0,12,0,0,0,10,0,16,0,0,0,0
1,0,8,1,12,0,0,0,10,0,16,13,0,0,0,0
0,8,1,0,0,0,0,0,0,16,13,0,0,0,0,0
0,0,0,0,0,0,0,0,0,0,0,0,0,0,0,0
0,0,0,0,0,0,0,0,0,0,0,0,0,0,0,0
0,0,0,0,0,0,0,0,0,0,0,0,0,0,0,0
0,0,0,0,0,0,0,0,0,0,0,0,0,0,0,0
0,0,0,0,0,0,0,0,0,0,0,0,0,0,0,0
0,0,0,0,0,0,0,0,0,0,0,0,0,0,0,0
0,0,0,0,0,0,0,0,0,0,0,0,0,0,0,0
0,0,0,0,0,0,0,0,0,0,0,0,0,0,0,0
0,0,0,0,0,0,0,0,0,0,0,0,0,0,0,0
0,0,0,0,0,1,4,9,0,8,17,20,0,11,8,7
0,0,0,0,1,4,9,10,8,17,20,14,11,8,7,14
0,0,0,0,4,9,10,0,17,20,14,0,8,7,14,0
0,1,4,9,0,8,17,20,0,11,8,7,0,7,29,17
1,4,9,10,8,17,20,14,11,8,7,14,7,29,17,19
4,9,10,0,17,20,14,0,8,7,14,0,29,17,19,0
0,8,17,20,0,11,8,7,0,7,29,17,0,0,0,0
8,17,20,14,11,8,7,14,7,29,17,19,0,0,0,0
17,20,14,0,8,7,14,0,29,17,19,0,0,0,0,0
0,0,0,0,0,8,7,7,0,10,19,5,0,11,3,0
0,0,0,0,8,7,7,4,10,19,5,5,11,3,0,7
0,0,0,0,7,7,4,0,19,5,5,0,3,0,7,0
0,8,7,7,0,10,19,5,0,11,3,0,0,0,10,19
8,7,7,4,10,19,5,5,11,3,0,7,0,10,19,15
7,7,4,0,19,5,5,0,3,0,7,0,10,19,15,0
0,10,19,5,0,11,3,0,0,0,10,19,0,0,0,0
10,19,5,5,11,3,0,7,0,10,19,15,0,0,0,0
19,5,5,0,3,0,7,0,10,19,15,0,0,0,0,0
0,0,0,0,0,2,1,4,0,3,0,6,0,10,7,6
0,0,0,0,2,1,4,0,3,0,6,0,10,7,6,5
0,0,0,0,1,4,0,0,0,6,0,0,7,6,5,0
0,2,1,4,0,3,0,6,0,10,7,6,0,9,13,0
2,1,4,0,3,0,6,0,10,7,6,5,9,13,0,1
1,4,0,0,0,6,0,0,7,6,5,0,13,0,1,0
0,3,0,6,0,10,7,6,0,9,13,0,0,0,0,0
3,0,6,0,10,7,6,5,9,13,0,1,0,0,0,0
0,6,0,0,7,6,5,0,13,0,1,0,0,0,0,0
0,0,0,0,0,0,0,0,0,0,0,0,0,0,5,6
0,0,0,0,0,0,0,0,0,0,0,0,0,5,6,0
0,0,0,0,0,0,0,0,0,0,0,0,5,6,0,0
0,0,0,0,0,0,0,0,0,0,5,6,0,0,0,0
0,0,0,0,0,0,0,0,0,5,6,0,0,0,0,0
0,0,0,0,0,0,0,0,5,6,0,0,0,0,0,0
0,0,0,0,0,0,5,6,0,0,0,0,0,0,0,0
0,0,0,0,0,5,6,0,0,0,0,0,0,0,0,0
0,0,0,0,5,6,0,0,0,0,0,0,0,0,0,0
0,0,0,0,0,8,8,12,0,3,7,2,0,8,2,0
0,0,0,0,8,8,12,8,3,7,2,6,8,2,0,8
0,0,0,0,8,12,8,0,7,2,6,0,2,0,8,0
0,8,8,12,0,3,7,2,0,8,2,0,0,0,28,1
8,8,12,8,3,7,2,6,8,2,0,8,0,28,1,1
8,12,8,0,7,2,6,0,2,0,8,0,28,1,1,0
0,3,7,2,0,8,2,0,0,0,28,1,0,0,0,0
3,7,2,6,8,2,0,8,0,28,1,1,0,0,0,0
7,2,6,0,2,0,8,0,28,1,1,0,0,0,0,0
0,0,0,0,0,0,0,0,0,0,0,0,0,0,0,0
0,0,0,0,0,0,0,0,0,0,0,0,0,0,0,0
0,0,0,0,0,0,0,0,0,0,0,0,0,0,0,0
0,0,0,0,0,0,0,0,0,0,0,0,0,0,0,0
0,0,0,0,0,0,0,0,0,0,0,0,0,0,0,0
0,0,0,0,0,0,0,0,0,0,0,0,0,0,0,0
0,0,0,0,0,0,0,0,0,0,0,0,0,0,0,0
0,0,0,0,0,0,0,0,0,0,0,0,0,0,0,0
0,0,0,0,0,0,0,0,0,0,0,0,0,0,0,0
0,0,0,0,0,5,14,17,0,11,11,10,0,12,3,4
0,0,0,0,5,14,17,9,11,11,10,9,12,3,4,9
0,0,0,0,14,17,9,0,11,10,9,0,3,4,9,0
0,5,14,17,0,11,11,10,0,12,3,4,0,12,10,12
5,14,17,9,11,11,10,9,12,3,4,9,12,10,12,15
14,17,9,0,11,10,9,0,3,4,9,0,10,12,15,0
0,11,11,10,0,12,3,4,0,12,10,12,0,0,0,0
11,11,10,9,12,3,4,9,12,10,12,15,0,0,0,0
11,10,9,0,3,4,9,0,10,12,15,0,0,0,0,0
0,0,0,0,0,2,4,0,0,0,0,0,0,9,0,0
0,0,0,0,2,4,0,5,0,0,0,0,9,0,0,5
0,0,0,0,4,0,5,0,0,0,0,0,0,0,5,0
0,2,4,0,0,0,0,0,0,9,0,0,0,11,0,1
2,4,0,5,0,0,0,0,9,0,0,5,11,0,1,0
4,0,5,0,0,0,0,0,0,0,5,0,0,1,0,0
0,0,0,0,0,9,0,0,0,11,0,1,0,0,0,0
0,0,0,0,9,0,0,5,11,0,1,0,0,0,0,0
0,0,0,0,0,0,5,0,0,1,0,0,0,0,0,0
0,0,0,0,0,3,5,5,0,2,3,11,0,7,4,16
0,0,0,0,3,5,5,15,2,3,11,16,7,4,16,23
0,0,0,0,5,5,15,0,3,11,16,0,4,16,23,0
0,3,5,5,0,2,3,11,0,7,4,16,0,17,7,23
3,5,5,15,2,3,11,16,7,4,16,23,17,7,23,10
5,5,15,0,3,11,16,0,4,16,23,0,7,23,10,0
0,2,3,11,0,7,4,16,0,17,7,23,0,0,0,0
2,3,11,16,7,4,16,23,17,7,23,10,0,0,0,0
3,11,16,0,4,16,23,0,7,23,10,0,0,0,0,0
0,0,0,0,0,0,6,8,0,1,7,0,0,6,2,4
0,0,0,0,0,6,8,4,1,7,0,1,6,2,4,6
0,0,0,0,6,8,4,0,7,0,1,0,2,4,6,0
0,0,6,8,0,1,7,0,0,6,2,4,0,8,8,0
0,6,8,4,1,7,0,1,6,2,4,6,8,8,0,0
6,8,4,0,7,0,1,0,2,4,6,0,8,0,0,0
0,1,7,0,0,6,2,4,0,8,8,0,0,0,0,0
1,7,0,1,6,2,4,6,8,8,0,0,0,0,0,0
7,0,1,0,2,4,6,0,8,0,0,0,0,0,0,0
0,0,0,0,0,0,0,1,0,0,0,4,0,0,0,0
0,0,0,0,0,0,1,1,0,0,4,0,0,0,0,2
0,0,0,0,0,1,1,0,0,4,0,0,0,0,2,0
0,0,0,1,0,0,0,4,0,0,0,0,0,0,0,0
0,0,1,1,0,0,4,0,0,0,0,2,0,0,0,0
0,1,1,0,0,4,0,0,0,0,2,0,0,0,0,0
0,0,0,4,0,0,0,0,0,0,0,0,0,0,0,0
0,0,4,0,0,0,0,2,0,0,0,0,0,0,0,0
0,4,0,0,0,0,2,0,0,0,0,0,0,0,0,0
0,0,0,0,0,0,0,0,0,0,0,0,0,0,0,1
0,0,0,0,0,0,0,1,0,0,0,0,0,0,1,0
0,0,0,0,0,0,1,0,0,0,0,0,0,1,0,0
0,0,0,0,0,0,0,0,0,0,0,1,0,0,0,0
0,0,0,1,0,0,0,0,0,0,1,0,0,0,0,0
0,0,1,0,0,0,0,0,0,1,0,0,0,0,0,0
0,0,0,0,0,0,0,1,0,0,0,0,0,0,0,0
0,0,0,0,0,0,1,0,0,0,0,0,0,0,0,0
0,0,0,0,0,1,0,0,0,0,0,0,0,0,0,0
0,0,0,0,0,4,2,1,0,3,9,7,0,13,4,1
0,0,0,0,4,2,1,3,3,9,7,3,13,4,1,7
0,0,0,0,2,1,3,0,9,7,3,0,4,1,7,0
0,4,2,1,0,3,9,7,0,13,4,1,0,10,15,11
4,2,1,3,3,9,7,3,13,4,1,7,10,15,11,9
2,1,3,0,9,7,3,0,4,1,7,0,15,11,9,0
0,3,9,7,0,13,4,1,0,10,15,11,0,0,0,0
3,9,7,3,13,4,1,7,10,15,11,9,0,0,0,0
9,7,3,0,4,1,7,0,15,11,9,0,0,0,0,0
0,0,0,0,0,0,0,0,0,0,0,2,0,0,0,0
0,0,0,0,0,0,0,1,0,0,2,0,0,0,0,0
0,0,0,0,0,0,1,0,0,2,0,0,0,0,0,0
0,0,0,0,0,0,0,2,0,0,0,0,0,0,0,0
0,0,0,1,0,0,2,0,0,0,0,0,0,0,0,0
0,0,1,0,0,2,0,0,0,0,0,0,0,0,0,0
0,0,0,2,0,0,0,0,0,0,0,0,0,0,0,0
0,0,2,0,0,0,0,0,0,0,0,0,0,0,0,0
0,2,0,0,0,0,0,0,0,0,0,0,0,0,0,0
0,0,0,0,0,0,6,2,0,8,4,0,0,16,3,4
0,0,0,0,0,6,2,1,8,4,0,1,16,3,4,0
0,0,0,0,6,2,1,0,4,0,1,0,3,4,0,0
0,0,6,2,0,8,4,0,0,16,3,4,0,7,14,0
0,6,2,1,8,4,0,1,16,3,4,0,7,14,0,1
6,2,1,0,4,0,1,0,3,4,0,0,14,0,1,0
0,8,4,0,0,16,3,4,0,7,14,0,0,0,0,0
8,4,0,1,16,3,4,0,7,14,0,1,0,0,0,0
4,0,1,0,3,4,0,0,14,0,1,0,0,0,0,0
0,0,0,0,0,0,0,0,0,0,0,1,0,0,0,2
0,0,0,0,0,0,0,0,0,0,1,6,0,0,2,3
0,0,0,0,0,0,0,0,0,1,6,0,0,2,3,0
0,0,0,0,0,0,0,1,0,0,0,2,0,0,0,2
0,0,0,0,0,0,1,6,0,0,2,3,0,0,2,0
0,0,0,0,0,1,6,0,0,2,3,0,0,2,0,0
0,0,0,1,0,0,0,2,0,0,0,2,0,0,0,0
0,0,1,6,0,0,2,3,0,0,2,0,0,0,0,0
0,1,6,0,0,2,3,0,0,2,0,0,0,0,0,0
0,0,0,0,0,0,0,0,0,8,11,0,0,9,0,2
0,0,0,0,0,0,0,0,8,11,0,0,9,0,2,0
0,0,0,0,0,0,0,0,11,0,0,0,0,2,0,0
0,0,0,0,0,8,11,0,0,9,0,2,0,0,19,0
0,0,0,0,8,11,0,0,9,0,2,0,0,19,0,0
0,0,0,0,11,0,0,0,0,2,0,0,19,0,0,0
0,8,11,0,0,9,0,2,0,0,19,0,0,0,0,0
8,11,0,0,9,0,2,0,0,19,0,0,0,0,0,0
11,0,0,0,0,2,0,0,19,0,0,0,0,0,0,0
0,0,0,0,0,0,0,0,0,13,20,7,0,16,2,0
0,0,0,0,0,0,0,0,13,20,7,8,16,2,0,0
0,0,0,0,0,0,0,0,20,7,8,0,2,0,0,0
0,0,0,0,0,13,20,7,0,16,2,0,0,9,18,6
0,0,0,0,13,20,7,8,16,2,0,0,9,18,6,3
0,0,0,0,20,7,8,0,2,0,0,0,18,6,3,0
0,13,20,7,0,16,2,0,0,9,18,6,0,0,0,0
13,20,7,8,16,2,0,0,9,18,6,3,0,0,0,0
20,7,8,0,2,0,0,0,18,6,3,0,0,0,0,0
0,0,0,0,0,4,6,4,0,0,0,10,0,0,9,7
0,0,0,0,4,6,4,8,0,0,10,6,0,9,7,10
0,0,0,0,6,4,8,0,0,10,6,0,9,7,10,0
0,4,6,4,0,0,0,10,0,0,9,7,0,8,0,0
4,6,4,8,0,0,10,6,0,9,7,10,8,0,0,4
6,4,8,0,0,10,6,0,9,7,10,0,0,0,4,0
0,0,0,10,0,0,9,7,0,8,0,0,0,0,0,0
0,0,10,6,0,9,7,10,8,0,0,4,0,0,0,0
0,10,6,0,9,7,10,0,0,0,4,0,0,0,0,0
0,0,0,0,0,4,0,0,0,0,4,0,0,0,3,0
0,0,0,0,4,0,0,0,0,4,0,0,0,3,0,1
0,0,0,0,0,0,0,0,4,0,0,0,3,0,1,0
0,4,0,0,0,0,4,0,0,0,3,0,0,1,0,4
4,0,0,0,0,4,0,0,0,3,0,1,1,0,4,2
0,0,0,0,4,0,0,0,3,0,1,0,0,4,2,0
0,0,4,0,0,0,3,0,0,1,0,4,0,0,0,0
0,4,0,0,0,3,0,1,1,0,4,2,0,0,0,0
4,0,0,0,3,0,1,0,0,4,2,0,0,0,0,0
0,0,0,0,0,10,8,11,0,6,4,8,0,10,6,7
0,0,0,0,10,8,11,11,6,4,8,11,10,6,7,12
0,0,0,0,8,11,11,0,4,8,11,0,6,7,12,0
0,10,8,11,0,6,4,8,0,10,6,7,0,11,31,19
10,8,11,11,6,4,8,11,10,6,7,12,11,31,19,14
8,11,11,0,4,8,11,0,6,7,12,0,31,19,14,0
0,6,4,8,0,10,6,7,0,11,31,19,0,0,0,0
6,4,8,11,10,6,7,12,11,31,19,14,0,0,0,0
4,8,11,0,6,7,12,0,31,19,14,0,0,0,0,0
0,0,0,0,0,0,0,0,0,0,0,5,0,5,0,0
0,0,0,0,0,0,0,0,0,0,5,0,5,0,0,4
0,0,0,0,0,0,0,0,0,5,0,0,0,0,4,0
0,0,0,0,0,0,0,5,0,5,0,0,0,1,0,3
0,0,0,0,0,0,5,0,5,0,0,4,1,0,3,8
0,0,0,0,0,5,0,0,0,0,4,0,0,3,8,0
0,0,0,5,0,5,0,0,0,1,0,3,0,0,0,0
0,0,5,0,5,0,0,4,1,0,3,8,0,0,0,0
0,5,0,0,0,0,4,0,0,3,8,0,0,0,0,0
0,0,0,0,0,7,5,4,0,0,3,12,0,0,5,4
0,0,0,0,7,5,4,9,0,3,12,19,0,5,4,18
0,0,0,0,5,4,9,0,3,12,19,0,5,4,18,0
0,7,5,4,0,0,3,12,0,0,5,4,0,0,0,6
7,5,4,9,0,3,12,19,0,5,4,18,0,0,6,8
5,4,9,0,3,12,19,0,5,4,18,0,0,6,8,0
0,0,3,12,0,0,5,4,0,0,0,6,0,0,0,0
0,3,12,19,0,5,4,18,0,0,6,8,0,0,0,0
3,12,19,0,5,4,18,0,0,6,8,0,0,0,0,0
0,0,0,0,0,1,0,0,0,4,0,2,0,0,0,4
0,0,0,0,1,0,0,0,4,0,2,5,0,0,4,5
0,0,0,0,0,0,0,0,0,2,5,0,0,4,5,0
0,1,0,0,0,4,0,2,0,0,0,4,0,9,12,6
1,0,0,0,4,0,2,5,0,0,4,5,9,12,6,7
0,0,0,0,0,2,5,0,0,4,5,0,12,6,7,0
0,4,0,2,0,0,0,4,0,9,12,6,0,0,0,0
4,0,2,5,0,0,4,5,9,12,6,7,0,0,0,0
0,2,5,0,0,4,5,0,12,6,7,0,0,0,0,0
0,0,0,0,0,0,0,0,0,0,0,2,0,0,1,0
0,0,0,0,0,0,0,0,0,0,2,2,0,1,0,0
0,0,0,0,0,0,0,0,0,2,2,0,1,0,0,0
0,0,0,0,0,0,0,2,0,0,1,0,0,0,0,0
0,0,0,0,0,0,2,2,0,1,0,0,0,0,0,2
0,0,0,0,0,2,2,0,1,0,0,0,0,0,2,0
0,0,0,2,0,0,1,0,0,0,0,0,0,0,0,0
0,0,2,2,0,1,0,0,0,0,0,2,0,0,0,0
0,2,2,0,1,0,0,0,0,0,2,0,0,0,0,0
0,0,0,0,0,0,0,2,0,0,1,2,0,0,0,0
0,0,0,0,0,0,2,1,0,1,2,8,0,0,0,12
0,0,0,0,0,2,1,0,1,2,8,0,0,0,12,0
0,0,0,2,0,0,1,2,0,0,0,0,0,0,0,5
0,0,2,1,0,1,2,8,0,0,0,12,0,0,5,4
0,2,1,0,1,2,8,0,0,0,12,0,0,5,4,0
0,0,1,2,0,0,0,0,0,0,0,5,0,0,0,0
0,1,2,8,0,0,0,12,0,0,5,4,0,0,0,0
1,2,8,0,0,0,12,0,0,5,4,0,0,0,0,0
0,0,0,0,0,0,0,0,0,0,0,0,0,0,0,0
0,0,0,0,0,0,0,0,0,0,0,0,0,0,0,0
0,0,0,0,0,0,0,0,0,0,0,0,0,0,0,0
0,0,0,0,0,0,0,0,0,0,0,0,0,0,0,0
0,0,0,0,0,0,0,0,0,0,0,0,0,0,0,0
0,0,0,0,0,0,0,0,0,0,0,0,0,0,0,0
0,0,0,0,0,0,0,0,0,0,0,0,0,0,0,0
0,0,0,0,0,0,0,0,0,0,0,0,0,0,0,0
0,0,0,0,0,0,0,0,0,0,0,0,0,0,0,0
0,0,0,0,0,14,8,8,0,7,1,3,0,6,2,5
0,0,0,0,14,8,8,6,7,1,3,1,6,2,5,0
0,0,0,0,8,8,6,0,1,3,1,0,2,5,0,0
0,14,8,8,0,7,1,3,0,6,2,5,0,0,0,0
14,8,8,6,7,1,3,1,6,2,5,0,0,0,0,0
8,8,6,0,1,3,1,0,2,5,0,0,0,0,0,0
0,7,1,3,0,6,2,5,0,0,0,0,0,0,0,0
7,1,3,1,6,2,5,0,0,0,0,0,0,0,0,0
1,3,1,0,2,5,0,0,0,0,0,0,0,0,0,0
0,0,0,0,0,0,0,0,0,0,0,0,0,0,0,0
0,0,0,0,0,0,0,0,0,0,0,0,0,0,0,0
0,0,0,0,0,0,0,0,0,0,0,0,0,0,0,0
0,0,0,0,0,0,0,0,0,0,0,0,0,0,0,0
0,0,0,0,0,0,0,0,0,0,0,0,0,0,0,0
0,0,0,0,0,0,0,0,0,0,0,0,0,0,0,0
0,0,0,0,0,0,0,0,0,0,0,0,0,0,0,0
0,0,0,0,0,0,0,0,0,0,0,0,0,0,0,0
0,0,0,0,0,0,0,0,0,0,0,0,0,0,0,0
0,0,0,0,0,2,0,0,0,6,0,0,0,5,5,5
0,0,0,0,2,0,0,0,6,0,0,0,5,5,5,0
0,0,0,0,0,0,0,0,0,0,0,0,5,5,0,0
0,2,0,0,0,6,0,0,0,5,5,5,0,8,0,4
2,0,0,0,6,0,0,0,5,5,5,0,8,0,4,2
0,0,0,0,0,0,0,0,5,5,0,0,0,4,2,0
0,6,0,0,0,5,5,5,0,8,0,4,0,0,0,0
6,0,0,0,5,5,5,0,8,0,4,2,0,0,0,0
0,0,0,0,5,5,0,0,0,4,2,0,0,0,0,0
0,0,0,0,0,10,8,4,0,6,1,7,0,18,7,1
0,0,0,0,10,8,4,0,6,1,7,1,18,7,1,2
0,0,0,0,8,4,0,0,1,7,1,0,7,1,2,0
0,10,8,4,0,6,1,7,0,18,7,1,0,3,9,6
10,8,4,0,6,1,7,1,18,7,1,2,3,9,6,9
8,4,0,0,1,7,1,0,7,1,2,0,9,6,9,0
0,6,1,7,0,18,7,1,0,3,9,6,0,0,0,0
6,1,7,1,18,7,1,2,3,9,6,9,0,0,0,0
1,7,1,0,7,1,2,0,9,6,9,0,0,0,0,0
0,0,0,0,0,0,0,0,0,1,0,0,0,0,8,0
0,0,0,0,0,0,0,0,1,0,0,0,0,8,0,0
0,0,0,0,0,0,0,0,0,0,0,0,8,0,0,0
0,0,0,0,0,1,0,0,0,0,8,0,0,0,0,0
0,0,0,0,1,0,0,0,0,8,0,0,0,0,0,0
0,0,0,0,0,0,0,0,8,0,0,0,0,0,0,0
0,1,0,0,0,0,8,0,0,0,0,0,0,0,0,0
1,0,0,0,0,8,0,0,0,0,0,0,0,0,0,0
0,0,0,0,8,0,0,0,0,0,0,0,0,0,0,0
0,0,0,0,0,0,0,0,0,1,0,0,0,6,0,0
0,0,0,0,0,0,0,0,1,0,0,0,6,0,0,3
0,0,0,0,0,0,0,0,0,0,0,0,0,0,3,0
0,0,0,0,0,1,0,0,0,6,0,0,0,0,19,3
0,0,0,0,1,0,0,0,6,0,0,3,0,19,3,0
0,0,0,0,0,0,0,0,0,0,3,0,19,3,0,0
0,1,0,0,0,6,0,0,0,0,19,3,0,0,0,0
1,0,0,0,6,0,0,3,0,19,3,0,0,0,0,0
0,0,0,0,0,0,3,0,19,3,0,0,0,0,0,0
0,0,0,0,0,0,0,0,0,0,0,0,0,0,3,0
0,0,0,0,0,0,0,0,0,0,0,0,0,3,0,0
0,0,0,0,0,0,0,0,0,0,0,0,3,0,0,0
0,0,0,0,0,0,0,0,0,0,3,0,0,0,0,0
0,0,0,0,0,0,0,0,0,3,0,0,0,0,0,0
0,0,0,0,0,0,0,0,3,0,0,0,0,0,0,0
0,0,0,0,0,0,3,0,0,0,0,0,0,0,0,0
0,0,0,0,0,3,0,0,0,0,0,0,0,0,0,0
0,0,0,0,3,0,0,0,0,0,0,0,0,0,0,0
0,0,0,0,0,0,7,5,0,6,11,0,0,0,11,6
0,0,0,0,0,7,5,5,6,11,0,3,0,11,6,12
0,0,0,0,7,5,5,0,11,0,3,0,11,6,12,0
0,0,7,5,0,6,11,0,0,0,11,6,0,8,17,9
0,7,5,5,6,11,0,3,0,11,6,12,8,17,9,7
7,5,5,0,11,0,3,0,11,6,12,0,17,9,7,0
0,6,11,0,0,0,11,6,0,8,17,9,0,0,0,0
6,11,0,3,0,11,6,12,8,17,9,7,0,0,0,0
11,0,3,0,11,6,12,0,17,9,7,0,0,0,0,0
0,0,0,0,0,0,2,8,0,6,5,7,0,1,8,4
0,0,0,0,0,2,8,9,6,5,7,11,1,8,4,18
0,0,0,0,2,8,9,0,5,7,11,0,8,4,18,0
0,0,2,8,0,6,5,7,0,1,8,4,0,8,0,0
0,2,8,9,6,5,7,11,1,8,4,18,8,0,0,0
2,8,9,0,5,7,11,0,8,4,18,0,0,0,0,0
0,6,5,7,0,1,8,4,0,8,0,0,0,0,0,0
6,5,7,11,1,8,4,18,8,0,0,0,0,0,0,0
5,7,11,0,8,4,18,0,0,0,0,0,0,0,0,0
0,0,0,0,0,7,4,1,0,14,8,1,0,12,1,2
0,0,0,0,7,4,1,1,14,8,1,2,12,1,2,0
0,0,0,0,4,1,1,0,8,1,2,0,1,2,0,0
0,7,4,1,0,14,8,1,0,12,1,2,0,1,13,2
7,4,1,1,14,8,1,2,12,1,2,0,1,13,2,0
4,1,1,0,8,1,2,0,1,2,0,0,13,2,0,0
0,14,8,1,0,12,1,2,0,1,13,2,0,0,0,0
14,8,1,2,12,1,2,0,1,13,2,0,0,0,0,0
8,1,2,0,1,2,0,0,13,2,0,0,0,0,0,0
0,0,0,0,0,0,1,0,0,0,0,0,0,0,0,0
0,0,0,0,0,1,0,0,0,0,0,0,0,0,0,0
0,0,0,0,1,0,0,0,0,0,0,0,0,0,0,0
0,0,1,0,0,0,0,0,0,0,0,0,0,0,2,0
0,1,0,0,0,0,0,0,0,0,0,0,0,2,0,0
1,0,0,0,0,0,0,0,0,0,0,0,2,0,0,0
0,0,0,0,0,0,0,0,0,0,2,0,0,0,0,0
0,0,0,0,0,0,0,0,0,2,0,0,0,0,0,0
0,0,0,0,0,0,0,0,2,0,0,0,0,0,0,0
0,0,0,0,0,0,2,5,0,0,2,0,0,0,4,2
0,0,0,0,0,2,5,0,0,2,0,0,0,4,2,0
0,0,0,0,2,5,0,0,2,0,0,0,4,2,0,0
0,0,2,5,0,0,2,0,0,0,4,2,0,5,6,0
0,2,5,0,0,2,0,0,0,4,2,0,5,6,0,0
2,5,0,0,2,0,0,0,4,2,0,0,6,0,0,0
0,0,2,0,0,0,4,2,0,5,6,0,0,0,0,0
0,2,0,0,0,4,2,0,5,6,0,0,0,0,0,0
2,0,0,0,4,2,0,0,6,0,0,0,0,0,0,0
0,0,0,0,0,0,0,0,0,1,0,0,0,2,0,0
0,0,0,0,0,0,0,0,1,0,0,0,2,0,0,0
0,0,0,0,0,0,0,0,0,0,0,0,0,0,0,0
0,0,0,0,0,1,0,0,0,2,0,0,0,1,2,0
0,0,0,0,1,0,0,0,2,0,0,0,1,2,0,0
0,0,0,0,0,0,0,0,0,0,0,0,2,0,0,0
0,1,0,0,0,2,0,0,0,1,2,0,0,0,0,0
1,0,0,0,2,0,0,0,1,2,0,0,0,0,0,0
0,0,0,0,0,0,0,0,2,0,0,0,0,0,0,0
0,0,0,0,0,4,8,11,0,9,17,15,0,7,12,15
0,0,0,0,4,8,11,10,9,17,15,20,7,12,15,22
0,0,0,0,8,11,10,0,17,15,20,0,12,15,22,0
0,4,8,11,0,9,17,15,0,7,12,15,0,20,35,23
4,8,11,10,9,17,15,20,7,12,15,22,20,35,23,21
8,11,10,0,17,15,20,0,12,15,22,0,35,23,21,0
0,9,17,15,0,7,12,15,0,20,35,23,0,0,0,0
9,17,15,20,7,12,15,22,20,35,23,21,0,0,0,0
17,15,20,0,12,15,22,0,35,23,21,0,0,0,0,0
0,0,0,0,0,9,0,0,0,2,7,0,0,11,3,3
0,0,0,0,9,0,0,3,2,7,0,5,11,3,3,3
0,0,0,0,0,0,3,0,7,0,5,0,3,3,3,0
0,9,0,0,0,2,7,0,0,11,3,3,0,4,12,9
9,0,0,3,2,7,0,5,11,3,3,3,4,12,9,15
0,0,3,0,7,0,5,0,3,3,3,0,12,9,15,0
0,2,7,0,0,11,3,3,0,4,12,9,0,0,0,0
2,7,0,5,11,3,3,3,4,12,9,15,0,0,0,0
7,0,5,0,3,3,3,0,12,9,15,0,0,0,0,0
0,0,0,0,0,0,2,0,0,0,1,0,0,3,0,0
0,0,0,0,0,2,0,4,0,1,0,6,3,0,0,1
0,0,0,0,2,0,4,0,1,0,6,0,0,0,1,0
0,0,2,0,0,0,1,0,0,3,0,0,0,0,22,7
0,2,0,4,0,1,0,6,3,0,0,1,0,22,7,3
2,0,4,0,1,0,6,0,0,0,1,0,22,7,3,0
0,0,1,0,0,3,0,0,0,0,22,7,0,0,0,0
0,1,0,6,3,0,0,1,0,22,7,3,0,0,0,0
1,0,6,0,0,0,1,0,22,7,3,0,0,0,0,0
0,0,0,0,0,0,0,0,0,9,15,14,0,17,2,6
0,0,0,0,0,0,0,0,9,15,14,10,17,2,6,4
0,0,0,0,0,0,0,0,15,14,10,0,2,6,4,0
0,0,0,0,0,9,15,14,0,17,2,6,0,11,15,23
0,0,0,0,9,15,14,10,17,2,6,4,11,15,23,16
0,0,0,0,15,14,10,0,2,6,4,0,15,23,16,0
0,9,15,14,0,17,2,6,0,11,15,23,0,0,0,0
9,15,14,10,17,2,6,4,11,15,23,16,0,0,0,0
15,14,10,0,2,6,4,0,15,23,16,0,0,0,0,0
0,0,0,0,0,1,0,0,0,0,6,0,0,4,4,0
0,0,0,0,1,0,0,0,0,6,0,0,4,4,0,0
0,0,0,0,0,0,0,0,6,0,0,0,4,0,0,0
0,1,0,0,0,0,6,0,0,4,4,0,0,5,8,0
1,0,0,0,0,6,0,0,4,4,0,0,5,8,0,3
0,0,0,0,6,0,0,0,4,0,0,0,8,0,3,0
0,0,6,0,0,4,4,0,0,5,8,0,0,0,0,0
0,6,0,0,4,4,0,0,5,8,0,3,0,0,0,0
6,0,0,0,4,0,0,0,8,0,3,0,0,0,0,0
0,0,0,0,0,0,0,0,0,0,0,0,0,0,0,0
0,0,0,0,0,0,0,0,0,0,0,0,0,0,0,0
0,0,0,0,0,0,0,0,0,0,0,0,0,0,0,0
0,0,0,0,0,0,0,0,0,0,0,0,0,4,0,2
0,0,0,0,0,0,0,0,0,0,0,0,4,0,2,4
0,0,0,0,0,0,0,0,0,0,0,0,0,2,4,0
0,0,0,0,0,0,0,0,0,4,0,2,0,0,0,0
0,0,0,0,0,0,0,0,4,0,2,4,0,0,0,0
0,0,0,0,0,0,0,0,0,2,4,0,0,0,0,0
0,0,0,0,0,0,0,0,0,0,0,0,0,0,0,0
0,0,0,0,0,0,0,0,0,0,0,0,0,0,0,0
0,0,0,0,0,0,0,0,0,0,0,0,0,0,0,0
0,0,0,0,0,0,0,0,0,0,0,0,0,0,0,0
0,0,0,0,0,0,0,0,0,0,0,0,0,0,0,0
0,0,0,0,0,0,0,0,0,0,0,0,0,0,0,0
0,0,0,0,0,0,0,0,0,0,0,0,0,0,0,0
0,0,0,0,0,0,0,0,0,0,0,0,0,0,0,0
0,0,0,0,0,0,0,0,0,0,0,0,0,0,0,0
0,0,0,0,0,9,0,0,0,2,12,12,0,0,9,2
0,0,0,0,9,0,0,0,2,12,12,10,0,9,2,0
0,0,0,0,0,0,0,0,12,12,10,0,9,2,0,0
0,9,0,0,0,2,12,12,0,0,9,2,0,11,14,15
9,0,0,0,2,12,12,10,0,9,2,0,11,14,15,18
0,0,0,0,12,12,10,0,9,2,0,0,14,15,18,0
0,2,12,12,0,0,9,2,0,11,14,15,0,0,0,0
2,12,12,10,0,9,2,0,11,14,15,18,0,0,0,0
12,12,10,0,9,2,0,0,14,15,18,0,0,0,0,0
0,0,0,0,0,0,0,0,0,0,0,0,0,0,0,2
0,0,0,0,0,0,0,2,0,0,0,0,0,0,2,2
0,0,0,0,0,0,2,0,0,0,0,0,0,2,2,0
0,0,0,0,0,0,0,0,0,0,0,2,0,4,0,0
0,0,0,2,0,0,0,0,0,0,2,2,4,0,0,0
0,0,2,0,0,0,0,0,0,2,2,0,0,0,0,0
0,0,0,0,0,0,0,2,0,4,0,0,0,0,0,0
0,0,0,0,0,0,2,2,4,0,0,0,0,0,0,0
0,0,0,0,0,2,2,0,0,0,0,0,0,0,0,0
0,0,0,0,0,0,0,0,0,0,0,0,0,0,0,0
0,0,0,0,0,0,0,0,0,0,0,0,0,0,0,0
0,0,0,0,0,0,0,0,0,0,0,0,0,0,0,0
0,0,0,0,0,0,0,0,0,0,0,0,0,0,2,0
0,0,0,0,0,0,0,0,0,0,0,0,0,2,0,0
0,0,0,0,0,0,0,0,0,0,0,0,2,0,0,0
0,0,0,0,0,0,0,0,0,0,2,0,0,0,0,0
0,0,0,0,0,0,0,0,0,2,0,0,0,0,0,0
0,0,0,0,0,0,0,0,2,0,0,0,0,0,0,0
0,0,0,0,0,0,0,0,0,0,0,0,0,0,0,0
0,0,0,0,0,0,0,0,0,0,0,0,0,0,0,0
0,0,0,0,0,0,0,0,0,0,0,0,0,0,0,0
0,0,0,0,0,0,0,0,0,0,0,0,0,0,0,0
0,0,0,0,0,0,0,0,0,0,0,0,0,0,0,0
0,0,0,0,0,0,0,0,0,0,0,0,0,0,0,0
0,0,0,0,0,0,0,0,0,0,0,0,0,0,0,0
0,0,0,0,0,0,0,0,0,0,0,0,0,0,0,0
0,0,0,0,0,0,0,0,0,0,0,0,0,0,0,0
0,0,0,0,0,0,1,0,0,0,0,0,0,0,2,0
0,0,0,0,0,1,0,0,0,0,0,0,0,2,0,0
0,0,0,0,1,0,0,0,0,0,0,0,2,0,0,0
0,0,1,0,0,0,0,0,0,0,2,0,0,0,4,0
0,1,0,0,0,0,0,0,0,2,0,0,0,4,0,1
1,0,0,0,0,0,0,0,2,0,0,0,4,0,1,0
0,0,0,0,0,0,2,0,0,0,4,0,0,0,0,0
0,0,0,0,0,2,0,0,0,4,0,1,0,0,0,0
0,0,0,0,2,0,0,0,4,0,1,0,0,0,0,0
0,0,0,0,0,0,0,0,0,0,0,0,0,0,0,0
0,0,0,0,0,0,0,0,0,0,0,0,0,0,0,0
0,0,0,0,0,0,0,0,0,0,0,0,0,0,0,0
0,0,0,0,0,0,0,0,0,0,0,0,0,0,0,0
0,0,0,0,0,0,0,0,0,0,0,0,0,0,0,0
0,0,0,0,0,0,0,0,0,0,0,0,0,0,0,0
0,0,0,0,0,0,0,0,0,0,0,0,0,0,0,0
0,0,0,0,0,0,0,0,0,0,0,0,0,0,0,0
0,0,0,0,0,0,0,0,0,0,0,0,0,0,0,0
0,0,0,0,0,0,0,0,0,5,1,0,0,4,0,0
0,0,0,0,0,0,0,0,5,1,0,5,4,0,0,1
0,0,0,0,0,0,0,0,1,0,5,0,0,0,1,0
0,0,0,0,0,5,1,0,0,4,0,0,0,0,28,7
0,0,0,0,5,1,0,5,4,0,0,1,0,28,7,7
0,0,0,0,1,0,5,0,0,0,1,0,28,7,7,0
0,5,1,0,0,4,0,0,0,0,28,7,0,0,0,0
5,1,0,5,4,0,0,1,0,28,7,7,0,0,0,0
1,0,5,0,0,0,1,0,28,7,7,0,0,0,0,0
0,0,0,0,0,14,8,9,0,0,2,5,0,0,0,6
0,0,0,0,14,8,9,8,0,2,5,4,0,0,6,5
0,0,0,0,8,9,8,0,2,5,4,0,0,6,5,0
0,14,8,9,0,0,2,5,0,0,0,6,0,0,6,15
14,8,9,8,0,2,5,4,0,0,6,5,0,6,15,11
8,9,8,0,2,5,4,0,0,6,5,0,6,15,11,0
0,0,2,5,0,0,0,6,0,0,6,15,0,0,0,0
0,2,5,4,0,0,6,5,0,6,15,11,0,0,0,0
2,5,4,0,0,6,5,0,6,15,11,0,0,0,0,0
0,0,0,0,0,0,0,0,0,4,8,0,0,3,4,3
0,0,0,0,0,0,0,0,4,8,0,0,3,4,3,1
0,0,0,0,0,0,0,0,8,0,0,0,4,3,1,0
0,0,0,0,0,4,8,0,0,3,4,3,0,0,10,0
0,0,0,0,4,8,0,0,3,4,3,1,0,10,0,0
0,0,0,0,8,0,0,0,4,3,1,0,10,0,0,0
0,4,8,0,0,3,4,3,0,0,10,0,0,0,0,0
4,8,0,0,3,4,3,1,0,10,0,0,0,0,0,0
8,0,0,0,4,3,1,0,10,0,0,0,0,0,0,0
0,0,0,0,0,0,0,2,0,0,0,0,0,0,0,0
0,0,0,0,0,0,2,0,0,0,0,0,0,0,0,0
0,0,0,0,0,2,0,0,0,0,0,0,0,0,0,0
0,0,0,2,0,0,0,0,0,0,0,0,0,0,1,0
0,0,2,0,0,0,0,0,0,0,0,0,0,1,0,0
0,2,0,0,0,0,0,0,0,0,0,0,1,0,0,0
0,0,0,0,0,0,0,0,0,0,1,0,0,0,0,0
0,0,0,0,0,0,0,0,0,1,0,0,0,0,0,0
0,0,0,0,0,0,0,0,1,0,0,0,0,0,0,0
0,0,0,0,0,0,0,3,0,4,9,0,0,0,11,3
0,0,0,0,0,0,3,0,4,9,0,0,0,11,3,0
0,0,0,0,0,3,0,0,9,0,0,0,11,3,0,0
0,0,0,3,0,4,9,0,0,0,11,3,0,2,5,0
0,0,3,0,4,9,0,0,0,11,3,0,2,5,0,0
0,3,0,0,9,0,0,0,11,3,0,0,5,0,0,0
0,4,9,0,0,0,11,3,0,2,5,0,0,0,0,0
4,9,0,0,0,11,3,0,2,5,0,0,0,0,0,0
9,0,0,0,11,3,0,0,5,0,0,0,0,0,0,0
0,0,0,0,0,0,0,0,0,0,5,4,0,0,0,0
0,0,0,0,0,0,0,0,0,5,4,0,0,0,0,0
0,0,0,0,0,0,0,0,5,4,0,0,0,0,0,0
0,0,0,0,0,0,5,4,0,0,0,0,0,4,0,0
0,0,0,0,0,5,4,0,0,0,0,0,4,0,0,2
0,0,0,0,5,4,0,0,0,0,0,0,0,0,2,0
0,0,5,4,0,0,0,0,0,4,0,0,0,0,0,0
0,5,4,0,0,0,0,0,4,0,0,2,0,0,0,0
5,4,0,0,0,0,0,0,0,0,2,0,0,0,0,0
0,0,0,0,0,2,4,3,0,0,12,1,0,0,4,0
0,0,0,0,2,4,3,0,0,12,1,3,0,4,0,0
0,0,0,0,4,3,0,0,12,1,3,0,4,0,0,0
0,2,4,3,0,0,12,1,0,0,4,0,0,3,21,0
2,4,3,0,0,12,1,3,0,4,0,0,3,21,0,0
4,3,0,0,12,1,3,0,4,0,0,0,21,0,0,0
0,0,12,1,0,0,4,0,0,3,21,0,0,0,0,0
0,12,1,3,0,4,0,0,3,21,0,0,0,0,0,0
12,1,3,0,4,0,0,0,21,0,0,0,0,0,0,0
0,0,0,0,0,8,6,8,0,0,0,6,0,0,0,4
0,0,0,0,8,6,8,5,0,0,6,6,0,0,4,6
0,0,0,0,6,8,5,0,0,6,6,0,0,4,6,0
0,8,6,8,0,0,0,6,0,0,0,4,0,0,0,7
8,6,8,5,0,0,6,6,0,0,4,6,0,0,7,4
6,8,5,0,0,6,6,0,0,4,6,0,0,7,4,0
0,0,0,6,0,0,0,4,0,0,0,7,0,0,0,0
0,0,6,6,0,0,4,6,0,0,7,4,0,0,0,0
0,6,6,0,0,4,6,0,0,7,4,0,0,0,0,0
0,0,0,0,0,0,0,2,0,0,1,0,0,1,0,0
0,0,0,0,0,0,2,0,0,1,0,0,1,0,0,0
0,0,0,0,0,2,0,0,1,0,0,0,0,0,0,0
0,0,0,2,0,0,1,0,0,1,0,0,0,6,10,0
0,0,2,0,0,1,0,0,1,0,0,0,6,10,0,0
0,2,0,0,1,0,0,0,0,0,0,0,10,0,0,0
0,0,1,0,0,1,0,0,0,6,10,0,0,0,0,0
0,1,0,0,1,0,0,0,6,10,0,0,0,0,0,0
1,0,0,0,0,0,0,0,10,0,0,0,0,0,0,0
0,0,0,0,0,4,6,4,0,1,0,11,0,0,0,0
0,0,0,0,4,6,4,10,1,0,11,10,0,0,0,15
0,0,0,0,6,4,10,0,0,11,10,0,0,0,15,0
0,4,6,4,0,1,0,11,0,0,0,0,0,0,0,8
4,6,4,10,1,0,11,10,0,0,0,15,0,0,8,1
6,4,10,0,0,11,10,0,0,0,15,0,0,8,1,0
0,1,0,11,0,0,0,0,0,0,0,8,0,0,0,0
1,0,11,10,0,0,0,15,0,0,8,1,0,0,0,0
0,11,10,0,0,0,15,0,0,8,1,0,0,0,0,0
0,0,0,0,0,7,2,2,0,2,0,0,0,15,0,0
0,0,0,0,7,2,2,4,2,0,0,0,15,0,0,0
0,0,0,0,2,2,4,0,0,0,0,0,0,0,0,0
0,7,2,2,0,2,0,0,0,15,0,0,0,6,9,0
7,2,2,4,2,0,0,0,15,0,0,0,6,9,0,0
2,2,4,0,0,0,0,0,0,0,0,0,9,0,0,0
0,2,0,0,0,15,0,0,0,6,9,0,0,0,0,0
2,0,0,0,15,0,0,0,6,9,0,0,0,0,0,0
0,0,0,0,0,0,0,0,9,0,0,0,0,0,0,0
0,0,0,0,0,0,0,0,0,3,0,3,0,7,0,0
0,0,0,0,0,0,0,0,3,0,3,7,7,0,0,0
0,0,0,0,0,0,0,0,0,3,7,0,0,0,0,0
0,0,0,0,0,3,0,3,0,7,0,0,0,5,0,0
0,0,0,0,3,0,3,7,7,0,0,0,5,0,0,0
0,0,0,0,0,3,7,0,0,0,0,0,0,0,0,0
0,3,0,3,0,7,0,0,0,5,0,0,0,0,0,0
3,0,3,7,7,0,0,0,5,0,0,0,0,0,0,0
0,3,7,0,0,0,0,0,0,0,0,0,0,0,0,0
0,0,0,0,0,0,0,0,0,2,2,0,0,0,0,0
0,0,0,0,0,0,0,0,2,2,0,0,0,0,0,0
0,0,0,0,0,0,0,0,2,0,0,0,0,0,0,0
0,0,0,0,0,2,2,0,0,0,0,0,0,0,0,0
0,0,0,0,2,2,0,0,0,0,0,0,0,0,0,0
0,0,0,0,2,0,0,0,0,0,0,0,0,0,0,0
0,2,2,0,0,0,0,0,0,0,0,0,0,0,0,0
2,2,0,0,0,0,0,0,0,0,0,0,0,0,0,0
2,0,0,0,0,0,0,0,0,0,0,0,0,0,0,0
0,0,0,0,0,0,0,0,0,0,0,0,0,0,0,0
0,0,0,0,0,0,0,0,0,0,0,4,0,0,0,0
0,0,0,0,0,0,0,0,0,0,4,0,0,0,0,0
0,0,0,0,0,0,0,0,0,0,0,0,0,0,11,0
0,0,0,0,0,0,0,4,0,0,0,0,0,11,0,0
0,0,0,0,0,0,4,0,0,0,0,0,11,0,0,0
0,0,0,0,0,0,0,0,0,0,11,0,0,0,0,0
0,0,0,4,0,0,0,0,0,11,0,0,0,0,0,0
0,0,4,0,0,0,0,0,11,0,0,0,0,0,0,0
0,0,0,0,0,7,7,8,0,0,7,0,0,9,2,1
0,0,0,0,7,7,8,11,0,7,0,0,9,2,1,0
0,0,0,0,7,8,11,0,7,0,0,0,2,1,0,0
0,7,7,8,0,0,7,0,0,9,2,1,0,0,0,0
7,7,8,11,0,7,0,0,9,2,1,0,0,0,0,4
7,8,11,0,7,0,0,0,2,1,0,0,0,0,4,0
0,0,7,0,0,9,2,1,0,0,0,0,0,0,0,0
0,7,0,0,9,2,1,0,0,0,0,4,0,0,0,0
7,0,0,0,2,1,0,0,0,0,4,0,0,0,0,0
0,0,0,0,0,6,6,5,0,0,14,1,0,0,6,0
0,0,0,0,6,6,5,0,0,14,1,1,0,6,0,0
0,0,0,0,6,5,0,0,14,1,1,0,6,0,0,0
0,6,6,5,0,0,14,1,0,0,6,0,0,0,0,0
6,6,5,0,0,14,1,1,0,6,0,0,0,0,0,0
6,5,0,0,14,1,1,0,6,0,0,0,0,0,0,0
0,0,14,1,0,0,6,0,0,0,0,0,0,0,0,0
0,14,1,1,0,6,0,0,0,0,0,0,0,0,0,0
14,1,1,0,6,0,0,0,0,0,0,0,0,0,0,0
0,0,0,0,0,6,0,1,0,6,4,6,0,0,0,0
0,0,0,0,6,0,1,1,6,4,6,11,0,0,0,4
0,0,0,0,0,1,1,0,4,6,11,0,0,0,4,0
0,6,0,1,0,6,4,6,0,0,0,0,0,7,15,3
6,0,1,1,6,4,6,11,0,0,0,4,7,15,3,9
0,1,1,0,4,6,11,0,0,0,4,0,15,3,9,0
0,6,4,6,0,0,0,0,0,7,15,3,0,0,0,0
6,4,6,11,0,0,0,4,7,15,3,9,0,0,0,0
4,6,11,0,0,0,4,0,15,3,9,0,0,0,0,0
0,0,0,0,0,0,0,0,0,0,4,5,0,14,7,0
0,0,0,0,0,0,0,0,0,4,5,0,14,7,0,3
0,0,0,0,0,0,0,0,4,5,0,0,7,0,3,0
0,0,0,0,0,0,4,5,0,14,7,0,0,1,21,10
0,0,0,0,0,4,5,0,14,7,0,3,1,21,10,9
0,0,0,0,4,5,0,0,7,0,3,0,21,10,9,0
0,0,4,5,0,14,7,0,0,1,21,10,0,0,0,0
0,4,5,0,14,7,0,3,1,21,10,9,0,0,0,0
4,5,0,0,7,0,3,0,21,10,9,0,0,0,0,0
0,0,0,0,0,15,5,10,0,12,12,3,0,24,8,13
0,0,0,0,15,5,10,6,12,12,3,18,24,8,13,13
0,0,0,0,5,10,6,0,12,3,18,0,8,13,13,0
0,15,5,10,0,12,12,3,0,24,8,13,0,19,49,31
15,5,10,6,12,12,3,18,24,8,13,13,19,49,31,22
5,10,6,0,12,3,18,0,8,13,13,0,49,31,22,0
0,12,12,3,0,24,8,13,0,19,49,31,0,0,0,0
12,12,3,18,24,8,13,13,19,49,31,22,0,0,0,0
12,3,18,0,8,13,13,0,49,31,22,0,0,0,0,0
0,0,0,0,0,0,0,4,0,0,0,0,0,1,0,2
0,0,0,0,0,0,4,6,0,0,0,0,1,0,2,5
0,0,0,0,0,4,6,0,0,0,0,0,0,2,5,0
0,0,0,4,0,0,0,0,0,1,0,2,0,0,0,1
0,0,4,6,0,0,0,0,1,0,2,5,0,0,1,0
0,4,6,0,0,0,0,0,0,2,5,0,0,1,0,0
0,0,0,0,0,1,0,2,0,0,0,1,0,0,0,0
0,0,0,0,1,0,2,5,0,0,1,0,0,0,0,0
0,0,0,0,0,2,5,0,0,1,0,0,0,0,0,0
0,0,0,0,0,0,2,5,0,17,3,19,0,18,5,12
0,0,0,0,0,2,5,5,17,3,19,12,18,5,12,5
0,0,0,0,2,5,5,0,3,19,12,0,5,12,5,0
0,0,2,5,0,17,3,19,0,18,5,12,0,25,16,28
0,2,5,5,17,3,19,12,18,5,12,5,25,16,28,25
2,5,5,0,3,19,12,0,5,12,5,0,16,28,25,0
0,17,3,19,0,18,5,12,0,25,16,28,0,0,0,0
17,3,19,12,18,5,12,5,25,16,28,25,0,0,0,0
3,19,12,0,5,12,5,0,16,28,25,0,0,0,0,0
0,0,0,0,0,0,0,0,0,0,0,0,0,0,0,0
0,0,0,0,0,0,0,0,0,0,0,0,0,0,0,0
0,0,0,0,0,0,0,0,0,0,0,0,0,0,0,0
0,0,0,0,0,0,0,0,0,0,0,0,0,0,0,0
0,0,0,0,0,0,0,0,0,0,0,0,0,0,0,0
0,0,0,0,0,0,0,0,0,0,0,0,0,0,0,0
0,0,0,0,0,0,0,0,0,0,0,0,0,0,0,0
0,0,0,0,0,0,0,0,0,0,0,0,0,0,0,0
0,0,0,0,0,0,0,0,0,0,0,0,0,0,0,0
0,0,0,0,0,2,0,0,0,0,0,0,0,0,0,0
0,0,0,0,2,0,0,2,0,0,0,0,0,0,0,0
0,0,0,0,0,0,2,0,0,0,0,0,0,0,0,0
0,2,0,0,0,0,0,0,0,0,0,0,0,2,0,0
2,0,0,2,0,0,0,0,0,0,0,0,2,0,0,0
0,0,2,0,0,0,0,0,0,0,0,0,0,0,0,0
0,0,0,0,0,0,0,0,0,2,0,0,0,0,0,0
0,0,0,0,0,0,0,0,2,0,0,0,0,0,0,0
0,0,0,0,0,0,0,0,0,0,0,0,0,0,0,0
0,0,0,0,0,0,0,0,0,0,0,0,0,0,0,1
0,0,0,0,0,0,0,0,0,0,0,0,0,0,1,0
0,0,0,0,0,0,0,0,0,0,0,0,0,1,0,0
0,0,0,0,0,0,0,0,0,0,0,1,0,0,0,0
0,0,0,0,0,0,0,0,0,0,1,0,0,0,0,0
0,0,0,0,0,0,0,0,0,1,0,0,0,0,0,0
0,0,0,0,0,0,0,1,0,0,0,0,0,0,0,0
0,0,0,0,0,0,1,0,0,0,0,0,0,0,0,0
0,0,0,0,0,1,0,0,0,0,0,0,0,0,0,0
0,0,0,0,0,0,0,0,0,3,0,2,0,0,0,0
0,0,0,0,0,0,0,0,3,0,2,5,0,0,0,7
0,0,0,0,0,0,0,0,0,2,5,0,0,0,7,0
0,0,0,0,0,3,0,2,0,0,0,0,0,0,8,0
0,0,0,0,3,0,2,5,0,0,0,7,0,8,0,1
0,0,0,0,0,2,5,0,0,0,7,0,8,0,1,0
0,3,0,2,0,0,0,0,0,0,8,0,0,0,0,0
3,0,2,5,0,0,0,7,0,8,0,1,0,0,0,0
0,2,5,0,0,0,7,0,8,0,1,0,0,0,0,0
0,0,0,0,0,8,8,7,0,11,5,7,0,8,8,9
0,0,0,0,8,8,7,6,11,5,7,2,8,8,9,11
0,0,0,0,8,7,6,0,5,7,2,0,8,9,11,0
0,8,8,7,0,11,5,7,0,8,8,9,0,10,28,4
8,8,7,6,11,5,7,2,8,8,9,11,10,28,4,0
8,7,6,0,5,7,2,0,8,9,11,0,28,4,0,0
0,11,5,7,0,8,8,9,0,10,28,4,0,0,0,0
11,5,7,2,8,8,9,11,10,28,4,0,0,0,0,0
5,7,2,0,8,9,11,0,28,4,0,0,0,0,0,0
0,0,0,0,0,0,0,0,0,0,0,1,0,0,0,0
0,0,0,0,0,0,0,0,0,0,1,0,0,0,0,1
0,0,0,0,0,0,0,0,0,1,0,0,0,0,1,0
0,0,0,0,0,0,0,1,0,0,0,0,0,0,0,4
0,0,0,0,0,0,1,0,0,0,0,1,0,0,4,1
0,0,0,0,0,1,0,0,0,0,1,0,0,4,1,0
0,0,0,1,0,0,0,0,0,0,0,4,0,0,0,0
0,0,1,0,0,0,0,1,0,0,4,1,0,0,0,0
0,1,0,0,0,0,1,0,0,4,1,0,0,0,0,0
0,0,0,0,0,0,0,0,0,4,7,6,0,12,7,2
0,0,0,0,0,0,0,0,4,7,6,0,12,7,2,0
0,0,0,0,0,0,0,0,7,6,0,0,7,2,0,0
0,0,0,0,0,4,7,6,0,12,7,2,0,2,14,13
0,0,0,0,4,7,6,0,12,7,2,0,2,14,13,5
0,0,0,0,7,6,0,0,7,2,0,0,14,13,5,0
0,4,7,6,0,12,7,2,0,2,14,13,0,0,0,0
4,7,6,0,12,7,2,0,2,14,13,5,0,0,0,0
7,6,0,0,7,2,0,0,14,13,5,0,0,0,0,0
0,0,0,0,0,0,0,0,0,0,0,0,0,0,0,0
0,0,0,0,0,0,0,0,0,0,0,0,0,0,0,0
0,0,0,0,0,0,0,0,0,0,0,0,0,0,0,0
0,0,0,0,0,0,0,0,0,0,0,0,0,0,0,0
0,0,0,0,0,0,0,0,0,0,0,0,0,0,0,0
0,0,0,0,0,0,0,0,0,0,0,0,0,0,0,0
0,0,0,0,0,0,0,0,0,0,0,0,0,0,0,0
0,0,0,0,0,0,0,0,0,0,0,0,0,0,0,0
0,0,0,0,0,0,0,0,0,0,0,0,0,0,0,0
0,0,0,0,0,0,0,3,0,2,7,2,0,4,6,8
0,0,0,0,0,0,3,1,2,7,2,0,4,6,8,0
0,0,0,0,0,3,1,0,7,2,0,0,6,8,0,0
0,0,0,3,0,2,7,2,0,4,6,8,0,0,16,0
0,0,3,1,2,7,2,0,4,6,8,0,0,16,0,0
0,3,1,0,7,2,0,0,6,8,0,0,16,0,0,0
0,2,7,2,0,4,6,8,0,0,16,0,0,0,0,0
2,7,2,0,4,6,8,0,0,16,0,0,0,0,0,0
7,2,0,0,6,8,0,0,16,0,0,0,0,0,0,0
0,0,0,0,0,0,3,4,0,0,4,1,0,7,0,0
0,0,0,0,0,3,4,1,0,4,1,8,7,0,0,5
0,0,0,0,3,4,1,0,4,1,8,0,0,0,5,0
0,0,3,4,0,0,4,1,0,7,0,0,0,2,7,2
0,3,4,1,0,4,1,8,7,0,0,5,2,7,2,1
3,4,1,0,4,1,8,0,0,0,5,0,7,2,1,0
0,0,4,1,0,7,0,0,0,2,7,2,0,0,0,0
0,4,1,8,7,0,0,5,2,7,2,1,0,0,0,0
4,1,8,0,0,0,5,0,7,2,1,0,0,0,0,0
0,0,0,0,0,11,5,7,0,7,2,14,0,21,8,7
0,0,0,0,11,5,7,7,7,2,14,15,21,8,7,5
0,0,0,0,5,7,7,0,2,14,15,0,8,7,5,0
0,11,5,7,0,7,2,14,0,21,8,7,0,12,39,9
11,5,7,7,7,2,14,15,21,8,7,5,12,39,9,9
5,7,7,0,2,14,15,0,8,7,5,0,39,9,9,0
0,7,2,14,0,21,8,7,0,12,39,9,0,0,0,0
7,2,14,15,21,8,7,5,12,39,9,9,0,0,0,0
2,14,15,0,8,7,5,0,39,9,9,0,0,0,0,0
0,0,0,0,0,0,0,0,0,0,5,0,0,0,0,0
0,0,0,0,0,0,0,0,0,5,0,0,0,0,0,0
0,0,0,0,0,0,0,0,5,0,0,0,0,0,0,0
0,0,0,0,0,0,5,0,0,0,0,0,0,0,3,0
0,0,0,0,0,5,0,0,0,0,0,0,0,3,0,0
0,0,0,0,5,0,0,0,0,0,0,0,3,0,0,0
0,0,5,0,0,0,0,0,0,0,3,0,0,0,0,0
0,5,0,0,0,0,0,0,0,3,0,0,0,0,0,0
5,0,0,0,0,0,0,0,3,0,0,0,0,0,0,0
0,0,0,0,0,0,0,2,0,0,0,10,0,0,6,11
0,0,0,0,0,0,2,7,0,0,10,9,0,6,11,6
0,0,0,0,0,2,7,0,0,10,9,0,6,11,6,0
0,0,0,2,0,0,0,10,0,0,6,11,0,0,24,0
0,0,2,7,0,0,10,9,0,6,11,6,0,24,0,0
0,2,7,0,0,10,9,0,6,11,6,0,24,0,0,0
0,0,0,10,0,0,6,11,0,0,24,0,0,0,0,0
0,0,10,9,0,6,11,6,0,24,0,0,0,0,0,0
0,10,9,0,6,11,6,0,24,0,0,0,0,0,0,0
0,0,0,0,0,0,0,0,0,0,5,0,0,0,0,0
0,0,0,0,0,0,0,0,0,5,0,0,0,0,0,0
0,0,0,0,0,0,0,0,5,0,0,0,0,0,0,0
0,0,0,0,0,0,5,0,0,0,0,0,0,0,0,0
0,0,0,0,0,5,0,0,0,0,0,0,0,0,0,0
0,0,0,0,5,0,0,0,0,0,0,0,0,0,0,0
0,0,5,0,0,0,0,0,0,0,0,0,0,0,0,0
0,5,0,0,0,0,0,0,0,0,0,0,0,0,0,0
5,0,0,0,0,0,0,0,0,0,0,0,0,0,0,0
0,0,0,0,0,1,5,5,0,8,11,4,0,13,7,2
0,0,0,0,1,5,5,4,8,11,4,5,13,7,2,4
0,0,0,0,5,5,4,0,11,4,5,0,7,2,4,0
0,1,5,5,0,8,11,4,0,13,7,2,0,12,4,6
1,5,5,4,8,11,4,5,13,7,2,4,12,4,6,5
5,5,4,0,11,4,5,0,7,2,4,0,4,6,5,0
0,8,11,4,0,13,7,2,0,12,4,6,0,0,0,0
8,11,4,5,13,7,2,4,12,4,6,5,0,0,0,0
11,4,5,0,7,2,4,0,4,6,5,0,0,0,0,0
0,0,0,0,0,0,2,0,0,6,4,8,0,4,5,4
0,0,0,0,0,2,0,1,6,4,8,3,4,5,4,6
0,0,0,0,2,0,1,0,4,8,3,0,5,4,6,0
0,0,2,0,0,6,4,8,0,4,5,4,0,9,9,11
0,2,0,1,6,4,8,3,4,5,4,6,9,9,11,8
2,0,1,0,4,8,3,0,5,4,6,0,9,11,8,0
0,6,4,8,0,4,5,4,0,9,9,11,0,0,0,0
6,4,8,3,4,5,4,6,9,9,11,8,0,0,0,0
4,8,3,0,5,4,6,0,9,11,8,0,0,0,0,0
0,0,0,0,0,9,7,9,0,8,17,21,0,13,18,12
0,0,0,0,9,7,9,11,8,17,21,10,13,18,12,22
0,0,0,0,7,9,11,0,17,21,10,0,18,12,22,0
0,9,7,9,0,8,17,21,0,13,18,12,0,19,25,22
9,7,9,11,8,17,21,10,13,18,12,22,19,25,22,9
7,9,11,0,17,21,10,0,18,12,22,0,25,22,9,0
0,8,17,21,0,13,18,12,0,19,25,22,0,0,0,0
8,17,21,10,13,18,12,22,19,25,22,9,0,0,0,0
17,21,10,0,18,12,22,0,25,22,9,0,0,0,0,0
0,0,0,0,0,0,7,13,0,2,1,10,0,6,4,12
0,0,0,0,0,7,13,12,2,1,10,10,6,4,12,6
0,0,0,0,7,13,12,0,1,10,10,0,4,12,6,0
0,0,7,13,0,2,1,10,0,6,4,12,0,10,0,0
0,7,13,12,2,1,10,10,6,4,12,6,10,0,0,5
7,13,12,0,1,10,10,0,4,12,6,0,0,0,5,0
0,2,1,10,0,6,4,12,0,10,0,0,0,0,0,0
2,1,10,10,6,4,12,6,10,0,0,5,0,0,0,0
1,10,10,0,4,12,6,0,0,0,5,0,0,0,0,0
0,0,0,0,0,0,0,0,0,0,10,4,0,0,3,2
0,0,0,0,0,0,0,0,0,10,4,6,0,3,2,3
0,0,0,0,0,0,0,0,10,4,6,0,3,2,3,0
0,0,0,0,0,0,10,4,0,0,3,2,0,4,0,8
0,0,0,0,0,10,4,6,0,3,2,3,4,0,8,17
0,0,0,0,10,4,6,0,3,2,3,0,0,8,17,0
0,0,10,4,0,0,3,2,0,4,0,8,0,0,0,0
0,10,4,6,0,3,2,3,4,0,8,17,0,0,0,0
10,4,6,0,3,2,3,0,0,8,17,0,0,0,0,0
0,0,0,0,0,0,0,0,0,0,6,0,0,0,9,4
0,0,0,0,0,0,0,0,0,6,0,2,0,9,4,1
0,0,0,0,0,0,0,0,6,0,2,0,9,4,1,0
0,0,0,0,0,0,6,0,0,0,9,4,0,3,0,6
0,0,0,0,0,6,0,2,0,9,4,1,3,0,6,6
0,0,0,0,6,0,2,0,9,4,1,0,0,6,6,0
0,0,6,0,0,0,9,4,0,3,0,6,0,0,0,0
0,6,0,2,0,9,4,1,3,0,6,6,0,0,0,0
6,0,2,0,9,4,1,0,0,6,6,0,0,0,0,0
0,0,0,0,0,4,5,4,0,1,0,1,0,0,0,0
0,0,0,0,4,5,4,12,1,0,1,4,0,0,0,5
0,0,0,0,5,4,12,0,0,1,4,0,0,0,5,0
0,4,5,4,0,1,0,1,0,0,0,0,0,0,16,0
4,5,4,12,1,0,1,4,0,0,0,5,0,16,0,0
5,4,12,0,0,1,4,0,0,0,5,0,16,0,0,0
0,1,0,1,0,0,0,0,0,0,16,0,0,0,0,0
1,0,1,4,0,0,0,5,0,16,0,0,0,0,0,0
0,1,4,0,0,0,5,0,16,0,0,0,0,0,0,0
0,0,0,0,0,6,16,16,0,4,9,9,0,2,6,6
0,0,0,0,6,16,16,13,4,9,9,3,2,6,6,6
0,0,0,0,16,16,13,0,9,9,3,0,6,6,6,0
0,6,16,16,0,4,9,9,0,2,6,6,0,2,0,4
6,16,16,13,4,9,9,3,2,6,6,6,2,0,4,2
16,16,13,0,9,9,3,0,6,6,6,0,0,4,2,0
0,4,9,9,0,2,6,6,0,2,0,4,0,0,0,0
4,9,9,3,2,6,6,6,2,0,4,2,0,0,0,0
9,9,3,0,6,6,6,0,0,4,2,0,0,0,0,0
0,0,0,0,0,12,15,13,0,3,7,13,0,6,9,4
0,0,0,0,12,15,13,12,3,7,13,16,6,9,4,22
0,0,0,0,15,13,12,0,7,13,16,0,9,4,22,0
0,12,15,13,0,3,7,13,0,6,9,4,0,0,1,14
12,15,13,12,3,7,13,16,6,9,4,22,0,1,14,11
15,13,12,0,7,13,16,0,9,4,22,0,1,14,11,0
0,3,7,13,0,6,9,4,0,0,1,14,0,0,0,0
3,7,13,16,6,9,4,22,0,1,14,11,0,0,0,0
7,13,16,0,9,4,22,0,1,14,11,0,0,0,0,0
0,0,0,0,0,0,0,0,0,0,0,0,0,0,0,0
0,0,0,0,0,0,0,0,0,0,0,0,0,0,0,0
0,0,0,0,0,0,0,0,0,0,0,0,0,0,0,0
0,0,0,0,0,0,0,0,0,0,0,0,0,0,0,0
0,0,0,0,0,0,0,0,0,0,0,0,0,0,0,0
0,0,0,0,0,0,0,0,0,0,0,0,0,0,0,0
0,0,0,0,0,0,0,0,0,0,0,0,0,0,0,0
0,0,0,0,0,0,0,0,0,0,0,0,0,0,0,0
0,0,0,0,0,0,0,0,0,0,0,0,0,0,0,0
0,0,0,0,0,0,0,0,0,0,0,8,0,0,3,3
0,0,0,0,0,0,0,0,0,0,8,13,0,3,3,13
0,0,0,0,0,0,0,0,0,8,13,0,3,3,13,0
0,0,0,0,0,0,0,8,0,0,3,3,0,11,0,23
0,0,0,0,0,0,8,13,0,3,3,13,11,0,23,11
0,0,0,0,0,8,13,0,3,3,13,0,0,23,11,0
0,0,0,8,0,0,3,3,0,11,0,23,0,0,0,0
0,0,8,13,0,3,3,13,11,0,23,11,0,0,0,0
0,8,13,0,3,3,13,0,0,23,11,0,0,0,0,0
0,0,0,0,0,0,0,0,0,0,0,0,0,0,0,0
0,0,0,0,0,0,0,0,0,0,0,0,0,0,0,0
0,0,0,0,0,0,0,0,0,0,0,0,0,0,0,0
0,0,0,0,0,0,0,0,0,0,0,0,0,0,0,0
0,0,0,0,0,0,0,0,0,0,0,0,0,0,0,0
0,0,0,0,0,0,0,0,0,0,0,0,0,0,0,0
0,0,0,0,0,0,0,0,0,0,0,0,0,0,0,0
0,0,0,0,0,0,0,0,0,0,0,0,0,0,0,0
0,0,0,0,0,0,0,0,0,0,0,0,0,0,0,0
0,0,0,0,0,0,0,0,0,0,0,3,0,6,8,0
0,0,0,0,0,0,0,0,0,0,3,0,6,8,0,0
0,0,0,0,0,0,0,0,0,3,0,0,8,0,0,0
0,0,0,0,0,0,0,3,0,6,8,0,0,0,9,0
0,0,0,0,0,0,3,0,6,8,0,0,0,9,0,0
0,0,0,0,0,3,0,0,8,0,0,0,9,0,0,0
0,0,0,3,0,6,8,0,0,0,9,0,0,0,0,0
0,0,3,0,6,8,0,0,0,9,0,0,0,0,0,0
0,3,0,0,8,0,0,0,9,0,0,0,0,0,0,0
0,0,0,0,0,0,0,0,0,0,0,0,0,0,0,0
0,0,0,0,0,0,0,0,0,0,0,0,0,0,0,0
0,0,0,0,0,0,0,0,0,0,0,0,0,0,0,0
0,0,0,0,0,0,0,0,0,0,0,0,0,0,0,0
0,0,0,0,0,0,0,0,0,0,0,0,0,0,0,0
0,0,0,0,0,0,0,0,0,0,0,0,0,0,0,0
0,0,0,0,0,0,0,0,0,0,0,0,0,0,0,0
0,0,0,0,0,0,0,0,0,0,0,0,0,0,0,0
0,0,0,0,0,0,0,0,0,0,0,0,0,0,0,0
0,0,0,0,0,0,0,0,0,4,0,0,0,0,0,6
0,0,0,0,0,0,0,2,4,0,0,1,0,0,6,5
0,0,0,0,0,0,2,0,0,0,1,0,0,6,5,0
0,0,0,0,0,4,0,0,0,0,0,6,0,1,7,7
0,0,0,2,4,0,0,1,0,0,6,5,1,7,7,0
0,0,2,0,0,0,1,0,0,6,5,0,7,7,0,0
0,4,0,0,0,0,0,6,0,1,7,7,0,0,0,0
4,0,0,1,0,0,6,5,1,7,7,0,0,0,0,0
0,0,1,0,0,6,5,0,7,7,0,0,0,0,0,0
0,0,0,0,0,10,12,16,0,12,18,21,0,24,18,12
0,0,0,0,10,12,16,13,12,18,21,17,24,18,12,16
0,0,0,0,12,16,13,0,18,21,17,0,18,12,16,0
0,10,12,16,0,12,18,21,0,24,18,12,0,13,65,23
10,12,16,13,12,18,21,17,24,18,12,16,13,65,23,23
12,16,13,0,18,21,17,0,18,12,16,0,65,23,23,0
0,12,18,21,0,24,18,12,0,13,65,23,0,0,0,0
12,18,21,17,24,18,12,16,13,65,23,23,0,0,0,0
18,21,17,0,18,12,16,0,65,23,23,0,0,0,0,0
0,0,0,0,0,8,6,5,0,8,0,4,0,5,0,8
0,0,0,0,8,6,5,5,8,0,4,4,5,0,8,7
0,0,0,0,6,5,5,0,0,4,4,0,0,8,7,0
0,8,6,5,0,8,0,4,0,5,0,8,0,0,1,0
8,6,5,5,8,0,4,4,5,0,8,7,0,1,0,0
6,5,5,0,0,4,4,0,0,8,7,0,1,0,0,0
0,8,0,4,0,5,0,8,0,0,1,0,0,0,0,0
8,0,4,4,5,0,8,7,0,1,0,0,0,0,0,0
0,4,4,0,0,8,7,0,1,0,0,0,0,0,0,0
0,0,0,0,0,0,1,0,0,3,0,0,0,0,0,0
0,0,0,0,0,1,0,0,3,0,0,0,0,0,0,2
0,0,0,0,1,0,0,0,0,0,0,0,0,0,2,0
0,0,1,0,0,3,0,0,0,0,0,0,0,9,4,7
0,1,0,0,3,0,0,0,0,0,0,2,9,4,7,0
1,0,0,0,0,0,0,0,0,0,2,0,4,7,0,0
0,3,0,0,0,0,0,0,0,9,4,7,0,0,0,0
3,0,0,0,0,0,0,2,9,4,7,0,0,0,0,0
0,0,0,0,0,0,2,0,4,7,0,0,0,0,0,0
0,0,0,0,0,0,0,0,0,0,0,1,0,0,0,2
0,0,0,0,0,0,0,0,0,0,1,1,0,0,2,0
0,0,0,0,0,0,0,0,0,1,1,0,0,2,0,0
0,0,0,0,0,0,0,1,0,0,0,2,0,1,14,0
0,0,0,0,0,0,1,1,0,0,2,0,1,14,0,2
0,0,0,0,0,1,1,0,0,2,0,0,14,0,2,0
0,0,0,1,0,0,0,2,0,1,14,0,0,0,0,0
0,0,1,1,0,0,2,0,1,14,0,2,0,0,0,0
0,1,1,0,0,2,0,0,14,0,2,0,0,0,0,0
0,0,0,0,0,6,5,6,0,10,22,11,0,10,13,8
0,0,0,0,6,5,6,4,10,22,11,7,10,13,8,9
0,0,0,0,5,6,4,0,22,11,7,0,13,8,9,0
0,6,5,6,0,10,22,11,0,10,13,8,0,17,34,14
6,5,6,4,10,22,11,7,10,13,8,9,17,34,14,14
5,6,4,0,22,11,7,0,13,8,9,0,34,14,14,0
0,10,22,11,0,10,13,8,0,17,34,14,0,0,0,0
10,22,11,7,10,13,8,9,17,34,14,14,0,0,0,0
22,11,7,0,13,8,9,0,34,14,14,0,0,0,0,0
0,0,0,0,0,0,0,0,0,0,0,0,0,0,0,0
0,0,0,0,0,0,0,0,0,0,0,0,0,0,0,0
0,0,0,0,0,0,0,0,0,0,0,0,0,0,0,0
0,0,0,0,0,0,0,0,0,0,0,0,0,0,0,0
0,0,0,0,0,0,0,0,0,0,0,0,0,0,0,0
0,0,0,0,0,0,0,0,0,0,0,0,0,0,0,0
0,0,0,0,0,0,0,0,0,0,0,0,0,0,0,0
0,0,0,0,0,0,0,0,0,0,0,0,0,0,0,0
0,0,0,0,0,0,0,0,0,0,0,0,0,0,0,0
0,0,0,0,0,0,0,0,0,0,0,5,0,1,0,0
0,0,0,0,0,0,0,0,0,0,5,5,1,0,0,2
0,0,0,0,0,0,0,0,0,5,5,0,0,0,2,0
0,0,0,0,0,0,0,5,0,1,0,0,0,0,0,0
0,0,0,0,0,0,5,5,1,0,0,2,0,0,0,5
0,0,0,0,0,5,5,0,0,0,2,0,0,0,5,0
0,0,0,5,0,1,0,0,0,0,0,0,0,0,0,0
0,0,5,5,1,0,0,2,0,0,0,5,0,0,0,0
0,5,5,0,0,0,2,0,0,0,5,0,0,0,0,0
0,0,0,0,0,0,0,0,0,0,0,0,0,0,0,0
0,0,0,0,0,0,0,0,0,0,0,0,0,0,0,0
0,0,0,0,0,0,0,0,0,0,0,0,0,0,0,0
0,0,0,0,0,0,0,0,0,0,0,0,0,0,0,0
0,0,0,0,0,0,0,0,0,0,0,0,0,0,0,0
0,0,0,0,0,0,0,0,0,0,0,0,0,0,0,0
0,0,0,0,0,0,0,0,0,0,0,0,0,0,0,0
0,0,0,0,0,0,0,0,0,0,0,0,0,0,0,0
0,0,0,0,0,0,0,0,0,0,0,0,0,0,0,0
0,0,0,0,0,1,0,0,0,3,7,0,0,9,0,0
0,0,0,0,1,0,0,0,3,7,0,0,9,0,0,0
0,0,0,0,0,0,0,0,7,0,0,0,0,0,0,0
0,1,0,0,0,3,7,0,0,9,0,0,0,0,6,0
1,0,0,0,3,7,0,0,9,0,0,0,0,6,0,0
0,0,0,0,7,0,0,0,0,0,0,0,6,0,0,0
0,3,7,0,0,9,0,0,0,0,6,0,0,0,0,0
3,7,0,0,9,0,0,0,0,6,0,0,0,0,0,0
7,0,0,0,0,0,0,0,6,0,0,0,0,0,0,0
0,0,0,0,0,0,1,2,0,0,0,0,0,2,0,0
0,0,0,0,0,1,2,2,0,0,0,0,2,0,0,0
0,0,0,0,1,2,2,0,0,0,0,0,0,0,0,0
0,0,1,2,0,0,0,0,0,2,0,0,0,0,11,0
0,1,2,2,0,0,0,0,2,0,0,0,0,11,0,0
1,2,2,0,0,0,0,0,0,0,0,0,11,0,0,0
0,0,0,0,0,2,0,0,0,0,11,0,0,0,0,0
0,0,0,0,2,0,0,0,0,11,0,0,0,0,0,0
0,0,0,0,0,0,0,0,11,0,0,0,0,0,0,0
0,0,0,0,0,8,4,5,0,3,9,14,0,0,9,14
0,0,0,0,8,4,5,2,3,9,14,6,0,9,14,8
0,0,0,0,4,5,2,0,9,14,6,0,9,14,8,0
0,8,4,5,0,3,9,14,0,0,9,14,0,10,0,0
8,4,5,2,3,9,14,6,0,9,14,8,10,0,0,9
4,5,2,0,9,14,6,0,9,14,8,0,0,0,9,0
0,3,9,14,0,0,9,14,0,10,0,0,0,0,0,0
3,9,14,6,0,9,14,8,10,0,0,9,0,0,0,0
9,14,6,0,9,14,8,0,0,0,9,0,0,0,0,0
0,0,0,0,0,0,7,5,0,0,4,0,0,0,0,2
0,0,0,0,0,7,5,2,0,4,0,0,0,0,2,0
0,0,0,0,7,5,2,0,4,0,0,0,0,2,0,0
0,0,7,5,0,0,4,0,0,0,0,2,0,0,0,0
0,7,5,2,0,4,0,0,0,0,2,0,0,0,0,0
7,5,2,0,4,0,0,0,0,2,0,0,0,0,0,0
0,0,4,0,0,0,0,2,0,0,0,0,0,0,0,0
0,4,0,0,0,0,2,0,0,0,0,0,0,0,0,0
4,0,0,0,0,2,0,0,0,0,0,0,0,0,0,0
0,0,0,0,0,7,10,15,0,4,10,5,0,6,6,10
0,0,0,0,7,10,15,11,4,10,5,4,6,6,10,9
0,0,0,0,10,15,11,0,10,5,4,0,6,10,9,0
0,7,10,15,0,4,10,5,0,6,6,10,0,20,24,13
7,10,15,11,4,10,5,4,6,6,10,9,20,24,13,20
10,15,11,0,10,5,4,0,6,10,9,0,24,13,20,0
0,4,10,5,0,6,6,10,0,20,24,13,0,0,0,0
4,10,5,4,6,6,10,9,20,24,13,20,0,0,0,0
10,5,4,0,6,10,9,0,24,13,20,0,0,0,0,0
0,0,0,0,0,0,0,0,0,0,0,0,0,0,0,4
0,0,0,0,0,0,0,7,0,0,0,1,0,0,4,6
0,0,0,0,0,0,7,0,0,0,1,0,0,4,6,0
0,0,0,0,0,0,0,0,0,0,0,4,0,0,13,0
0,0,0,7,0,0,0,1,0,0,4,6,0,13,0,0
0,0,7,0,0,0,1,0,0,4,6,0,13,0,0,0
0,0,0,0,0,0,0,4,0,0,13,0,0,0,0,0
0,0,0,1,0,0,4,6,0,13,0,0,0,0,0,0
0,0,1,0,0,4,6,0,13,0,0,0,0,0,0,0
0,0,0,0,0,0,0,0,0,0,0,0,0,0,0,1
0,0,0,0,0,0,0,0,0,0,0,0,0,0,1,1
0,0,0,0,0,0,0,0,0,0,0,0,0,1,1,0
0,0,0,0,0,0,0,0,0,0,0,1,0,0,0,0
0,0,0,0,0,0,0,0,0,0,1,1,0,0,0,0
0,0,0,0,0,0,0,0,0,1,1,0,0,0,0,0
0,0,0,0,0,0,0,1,0,0,0,0,0,0,0,0
0,0,0,0,0,0,1,1,0,0,0,0,0,0,0,0
0,0,0,0,0,1,1,0,0,0,0,0,0,0,0,0
0,0,0,0,0,0,0,0,0,0,0,9,0,0,5,4
0,0,0,0,0,0,0,0,0,0,9,5,0,5,4,6
0,0,0,0,0,0,0,0,0,9,5,0,5,4,6,0
0,0,0,0,0,0,0,9,0,0,5,4,0,0,11,22
0,0,0,0,0,0,9,5,0,5,4,6,0,11,22,13
0,0,0,0,0,9,5,0,5,4,6,0,11,22,13,0
0,0,0,9,0,0,5,4,0,0,11,22,0,0,0,0
0,0,9,5,0,5,4,6,0,11,22,13,0,0,0,0
0,9,5,0,5,4,6,0,11,22,13,0,0,0,0,0
0,0,0,0,0,2,0,1,0,3,10,0,0,2,5,4
0,0,0,0,2,0,1,0,3,10,0,0,2,5,4,0
0,0,0,0,0,1,0,0,10,0,0,0,5,4,0,0
0,2,0,1,0,3,10,0,0,2,5,4,0,6,8,0
2,0,1,0,3,10,0,0,2,5,4,0,6,8,0,2
0,1,0,0,10,0,0,0,5,4,0,0,8,0,2,0
0,3,10,0,0,2,5,4,0,6,8,0,0,0,0,0
3,10,0,0,2,5,4,0,6,8,0,2,0,0,0,0
10,0,0,0,5,4,0,0,8,0,2,0,0,0,0,0
0,0,0,0,0,0,1,0,0,0,0,2,0,0,0,0
0,0,0,0,0,1,0,0,0,0,2,0,0,0,0,0
0,0,0,0,1,0,0,0,0,2,0,0,0,0,0,0
0,0,1,0,0,0,0,2,0,0,0,0,0,0,0,0
0,1,0,0,0,0,2,0,0,0,0,0,0,0,0,0
1,0,0,0,0,2,0,0,0,0,0,0,0,0,0,0
0,0,0,2,0,0,0,0,0,0,0,0,0,0,0,0
0,0,2,0,0,0,0,0,0,0,0,0,0,0,0,0
0,2,0,0,0,0,0,0,0,0,0,0,0,0,0,0
0,0,0,0,0,0,0,0,0,0,0,0,0,0,0,0
0,0,0,0,0,0,0,0,0,0,0,0,0,0,0,0
0,0,0,0,0,0,0,0,0,0,0,0,0,0,0,0
0,0,0,0,0,0,0,0,0,0,0,0,0,0,0,0
0,0,0,0,0,0,0,0,0,0,0,0,0,0,0,0
0,0,0,0,0,0,0,0,0,0,0,0,0,0,0,0
0,0,0,0,0,0,0,0,0,0,0,0,0,0,0,0
0,0,0,0,0,0,0,0,0,0,0,0,0,0,0,0
0,0,0,0,0,0,0,0,0,0,0,0,0,0,0,0
0,0,0,0,0,0,0,0,0,4,4,0,0,0,0,4
0,0,0,0,0,0,0,0,4,4,0,0,0,0,4,0
0,0,0,0,0,0,0,0,4,0,0,0,0,4,0,0
0,0,0,0,0,4,4,0,0,0,0,4,0,0,0,0
0,0,0,0,4,4,0,0,0,0,4,0,0,0,0,0
0,0,0,0,4,0,0,0,0,4,0,0,0,0,0,0
0,4,4,0,0,0,0,4,0,0,0,0,0,0,0,0
4,4,0,0,0,0,4,0,0,0,0,0,0,0,0,0
4,0,0,0,0,4,0,0,0,0,0,0,0,0,0,0
0,0,0,0,0,0,0,0,0,0,0,0,0,6,0,0
0,0,0,0,0,0,0,0,0,0,0,0,6,0,0,0
0,0,0,0,0,0,0,0,0,0,0,0,0,0,0,0
0,0,0,0,0,0,0,0,0,6,0,0,0,0,0,0
0,0,0,0,0,0,0,0,6,0,0,0,0,0,0,4
0,0,0,0,0,0,0,0,0,0,0,0,0,0,4,0
0,0,0,0,0,6,0,0,0,0,0,0,0,0,0,0
0,0,0,0,6,0,0,0,0,0,0,4,0,0,0,0
0,0,0,0,0,0,0,0,0,0,4,0,0,0,0,0
0,0,0,0,0,0,0,0,0,0,0,0,0,0,0,0
0,0,0,0,0,0,0,0,0,0,0,0,0,0,0,0
0,0,0,0,0,0,0,0,0,0,0,0,0,0,0,0
0,0,0,0,0,0,0,0,0,0,0,0,0,0,3,0
0,0,0,0,0,0,0,0,0,0,0,0,0,3,0,0
0,0,0,0,0,0,0,0,0,0,0,0,3,0,0,0
0,0,0,0,0,0,0,0,0,0,3,0,0,0,0,0
0,0,0,0,0,0,0,0,0,3,0,0,0,0,0,0
0,0,0,0,0,0,0,0,3,0,0,0,0,0,0,0
0,0,0,0,0,0,2,0,0,5,15,0,0,13,10,0
0,0,0,0,0,2,0,1,5,15,0,0,13,10,0,0
0,0,0,0,2,0,1,0,15,0,0,0,10,0,0,0
0,0,2,0,0,5,15,0,0,13,10,0,0,0,0,0
0,2,0,1,5,15,0,0,13,10,0,0,0,0,0,5
2,0,1,0,15,0,0,0,10,0,0,0,0,0,5,0
0,5,15,0,0,13,10,0,0,0,0,0,0,0,0,0
5,15,0,0,13,10,0,0,0,0,0,5,0,0,0,0
15,0,0,0,10,0,0,0,0,0,5,0,0,0,0,0
0,0,0,0,0,0,0,0,0,0,0,4,0,0,11,0
0,0,0,0,0,0,0,3,0,0,4,0,0,11,0,1
0,0,0,0,0,0,3,0,0,4,0,0,11,0,1,0
0,0,0,0,0,0,0,4,0,0,11,0,0,3,6,0
0,0,0,3,0,0,4,0,0,11,0,1,3,6,0,0
0,0,3,0,0,4,0,0,11,0,1,0,6,0,0,0
0,0,0,4,0,0,11,0,0,3,6,0,0,0,0,0
0,0,4,0,0,11,0,1,3,6,0,0,0,0,0,0
0,4,0,0,11,0,1,0,6,0,0,0,0,0,0,0
0,0,0,0,0,0,0,3,0,0,0,2,0,1,8,16
0,0,0,0,0,0,3,1,0,0,2,4,1,8,16,10
0,0,0,0,0,3,1,0,0,2,4,0,8,16,10,0
0,0,0,3,0,0,0,2,0,1,8,16,0,9,0,10
0,0,3,1,0,0,2,4,1,8,16,10,9,0,10,7
0,3,1,0,0,2,4,0,8,16,10,0,0,10,7,0
0,0,0,2,0,1,8,16,0,9,0,10,0,0,0,0
0,0,2,4,1,8,16,10,9,0,10,7,0,0,0,0
0,2,4,0,8,16,10,0,0,10,7,0,0,0,0,0
0,0,0,0,0,7,12,15,0,1,10,18,0,0,11,9
0,0,0,0,7,12,15,13,1,10,18,22,0,11,9,17
0,0,0,0,12,15,13,0,10,18,22,0,11,9,17,0
0,7,12,15,0,1,10,18,0,0,11,9,0,17,34,24
7,12,15,13,1,10,18,22,0,11,9,17,17,34,24,28
12,15,13,0,10,18,22,0,11,9,17,0,34,24,28,0
0,1,10,18,0,0,11,9,0,17,34,24,0,0,0,0
1,10,18,22,0,11,9,17,17,34,24,28,0,0,0,0
10,18,22,0,11,9,17,0,34,24,28,0,0,0,0,0
0,0,0,0,0,0,0,0,0,0,0,0,0,0,0,2
0,0,0,0,0,0,0,2,0,0,0,0,0,0,2,4
0,0,0,0,0,0,2,0,0,0,0,0,0,2,4,0
0,0,0,0,0,0,0,0,0,0,0,2,0,0,0,5
0,0,0,2,0,0,0,0,0,0,2,4,0,0,5,0
0,0,2,0,0,0,0,0,0,2,4,0,0,5,0,0
0,0,0,0,0,0,0,2,0,0,0,5,0,0,0,0
0,0,0,0,0,0,2,4,0,0,5,0,0,0,0,0
0,0,0,0,0,2,4,0,0,5,0,0,0,0,0,0
0,0,0,0,0,0,0,0,0,0,0,0,0,0,1,0
0,0,0,0,0,0,0,0,0,0,0,0,0,1,0,0
0,0,0,0,0,0,0,0,0,0,0,0,1,0,0,0
0,0,0,0,0,0,0,0,0,0,1,0,0,0,3,0
0,0,0,0,0,0,0,0,0,1,0,0,0,3,0,0
0,0,0,0,0,0,0,0,1,0,0,0,3,0,0,0
0,0,0,0,0,0,1,0,0,0,3,0,0,0,0,0
0,0,0,0,0,1,0,0,0,3,0,0,0,0,0,0
0,0,0,0,1,0,0,0,3,0,0,0,0,0,0,0
0,0,0,0,0,4,6,2,0,3,10,9,0,4,7,10
0,0,0,0,4,6,2,5,3,10,9,9,4,7,10,17
0,0,0,0,6,2,5,0,10,9,9,0,7,10,17,0
0,4,6,2,0,3,10,9,0,4,7,10,0,7,11,8
4,6,2,5,3,10,9,9,4,7,10,17,7,11,8,9
6,2,5,0,10,9,9,0,7,10,17,0,11,8,9,0
0,3,10,9,0,4,7,10,0,7,11,8,0,0,0,0
3,10,9,9,4,7,10,17,7,11,8,9,0,0,0,0
10,9,9,0,7,10,17,0,11,8,9,0,0,0,0,0
0,0,0,0,0,0,0,0,0,0,0,0,0,0,0,1
0,0,0,0,0,0,0,0,0,0,0,0,0,0,1,0
0,0,0,0,0,0,0,0,0,0,0,0,0,1,0,0
0,0,0,0,0,0,0,0,0,0,0,1,0,0,0,0
0,0,0,0,0,0,0,0,0,0,1,0,0,0,0,0
0,0,0,0,0,0,0,0,0,1,0,0,0,0,0,0
0,0,0,0,0,0,0,1,0,0,0,0,0,0,0,0
0,0,0,0,0,0,1,0,0,0,0,0,0,0,0,0
0,0,0,0,0,1,0,0,0,0,0,0,0,0,0,0
0,0,0,0,0,0,0,0,0,0,0,0,0,7,0,0
0,0,0,0,0,0,0,0,0,0,0,0,7,0,0,0
0,0,0,0,0,0,0,0,0,0,0,0,0,0,0,0
0,0,0,0,0,0,0,0,0,7,0,0,0,0,0,0
0,0,0,0,0,0,0,0,7,0,0,0,0,0,0,0
0,0,0,0,0,0,0,0,0,0,0,0,0,0,0,0
0,0,0,0,0,7,0,0,0,0,0,0,0,0,0,0
0,0,0,0,7,0,0,0,0,0,0,0,0,0,0,0
0,0,0,0,0,0,0,0,0,0,0,0,0,0,0,0
0,0,0,0,0,6,7,5,0,9,2,6,0,5,0,0
0,0,0,0,6,7,5,11,9,2,6,4,5,0,0,3
0,0,0,0,7,5,11,0,2,6,4,0,0,0,3,0
0,6,7,5,0,9,2,6,0,5,0,0,0,14,39,5
6,7,5,11,9,2,6,4,5,0,0,3,14,39,5,6
7,5,11,0,2,6,4,0,0,0,3,0,39,5,6,0
0,9,2,6,0,5,0,0,0,14,39,5,0,0,0,0
9,2,6,4,5,0,0,3,14,39,5,6,0,0,0,0
2,6,4,0,0,0,3,0,39,5,6,0,0,0,0,0
0,0,0,0,0,8,3,6,0,4,7,9,0,7,2,6
0,0,0,0,8,3,6,11,4,7,9,8,7,2,6,9
0,0,0,0,3,6,11,0,7,9,8,0,2,6,9,0
0,8,3,6,0,4,7,9,0,7,2,6,0,1,32,12
8,3,6,11,4,7,9,8,7,2,6,9,1,32,12,13
3,6,11,0,7,9,8,0,2,6,9,0,32,12,13,0
0,4,7,9,0,7,2,6,0,1,32,12,0,0,0,0
4,7,9,8,7,2,6,9,1,32,12,13,0,0,0,0
7,9,8,0,2,6,9,0,32,12,13,0,0,0,0,0
0,0,0,0,0,1,0,0,0,0,0,11,0,5,0,8
0,0,0,0,1,0,0,3,0,0,11,7,5,0,8,13
0,0,0,0,0,0,3,0,0,11,7,0,0,8,13,0
0,1,0,0,0,0,0,11,0,5,0,8,0,5,14,28
1,0,0,3,0,0,11,7,5,0,8,13,5,14,28,18
0,0,3,0,0,11,7,0,0,8,13,0,14,28,18,0
0,0,0,11,0,5,0,8,0,5,14,28,0,0,0,0
0,0,11,7,5,0,8,13,5,14,28,18,0,0,0,0
0,11,7,0,0,8,13,0,14,28,18,0,0,0,0,0
0,0,0,0,0,0,0,0,0,0,4,0,0,0,0,0
0,0,0,0,0,0,0,0,0,4,0,0,0,0,0,0
0,0,0,0,0,0,0,0,4,0,0,0,0,0,0,0
0,0,0,0,0,0,4,0,0,0,0,0,0,0,0,0
0,0,0,0,0,4,0,0,0,0,0,0,0,0,0,0
0,0,0,0,4,0,0,0,0,0,0,0,0,0,0,0
0,0,4,0,0,0,0,0,0,0,0,0,0,0,0,0
0,4,0,0,0,0,0,0,0,0,0,0,0,0,0,0
4,0,0,0,0,0,0,0,0,0,0,0,0,0,0,0
0,0,0,0,0,4,0,0,0,7,0,1,0,8,3,12
0,0,0,0,4,0,0,0,7,0,1,4,8,3,12,10
0,0,0,0,0,0,0,0,0,1,4,0,3,12,10,0
0,4,0,0,0,7,0,1,0,8,3,12,0,12,35,17
4,0,0,0,7,0,1,4,8,3,12,10,12,35,17,10
0,0,0,0,0,1,4,0,3,12,10,0,35,17,10,0
0,7,0,1,0,8,3,12,0,12,35,17,0,0,0,0
7,0,1,4,8,3,12,10,12,35,17,10,0,0,0,0
0,1,4,0,3,12,10,0,35,17,10,0,0,0,0,0
0,0,0,0,0,16,12,17,0,11,15,6,0,15,6,3
0,0,0,0,16,12,17,13,11,15,6,7,15,6,3,10
0,0,0,0,12,17,13,0,15,6,7,0,6,3,10,0
0,16,12,17,0,11,15,6,0,15,6,3,0,10,56,14
16,12,17,13,11,15,6,7,15,6,3,10,10,56,14,19
12,17,13,0,15,6,7,0,6,3,10,0,56,14,19,0
0,11,15,6,0,15,6,3,0,10,56,14,0,0,0,0
11,15,6,7,15,6,3,10,10,56,14,19,0,0,0,0
15,6,7,0,6,3,10,0,56,14,19,0,0,0,0,0
0,0,0,0,0,0,1,2,0,0,0,0,0,0,0,4
0,0,0,0,0,1,2,7,0,0,0,1,0,0,4,4
0,0,0,0,1,2,7,0,0,0,1,0,0,4,4,0
0,0,1,2,0,0,0,0,0,0,0,4,0,5,22,7
0,1,2,7,0,0,0,1,0,0,4,4,5,22,7,0
1,2,7,0,0,0,1,0,0,4,4,0,22,7,0,0
0,0,0,0,0,0,0,4,0,5,22,7,0,0,0,0
0,0,0,1,0,0,4,4,5,22,7,0,0,0,0,0
0,0,1,0,0,4,4,0,22,7,0,0,0,0,0,0
0,0,0,0,0,15,11,13,0,12,15,13,0,23,16,0
0,0,0,0,15,11,13,13,12,15,13,13,23,16,0,15
0,0,0,0,11,13,13,0,15,13,13,0,16,0,15,0
0,15,11,13,0,12,15,13,0,23,16,0,0,5,62,18
15,11,13,13,12,15,13,13,23,16,0,15,5,62,18,17
11,13,13,0,15,13,13,0,16,0,15,0,62,18,17,0
0,12,15,13,0,23,16,0,0,5,62,18,0,0,0,0
12,15,13,13,23,16,0,15,5,62,18,17,0,0,0,0
15,13,13,0,16,0,15,0,62,18,17,0,0,0,0,0
0,0,0,0,0,9,5,9,0,2,3,0,0,8,6,0
0,0,0,0,9,5,9,2,2,3,0,3,8,6,0,0
0,0,0,0,5,9,2,0,3,0,3,0,6,0,0,0
0,9,5,9,0,2,3,0,0,8,6,0,0,0,13,2
9,5,9,2,2,3,0,3,8,6,0,0,0,13,2,4
5,9,2,0,3,0,3,0,6,0,0,0,13,2,4,0
0,2,3,0,0,8,6,0,0,0,13,2,0,0,0,0
2,3,0,3,8,6,0,0,0,13,2,4,0,0,0,0
3,0,3,0,6,0,0,0,13,2,4,0,0,0,0,0
0,0,0,0,0,0,2,1,0,2,5,0,0,0,2,11
0,0,0,0,0,2,1,11,2,5,0,1,0,2,11,3
0,0,0,0,2,1,11,0,5,0,1,0,2,11,3,0
0,0,2,1,0,2,5,0,0,0,2,11,0,9,5,0
0,2,1,11,2,5,0,1,0,2,11,3,9,5,0,0
2,1,11,0,5,0,1,0,2,11,3,0,5,0,0,0
0,2,5,0,0,0,2,11,0,9,5,0,0,0,0,0
2,5,0,1,0,2,11,3,9,5,0,0,0,0,0,0
5,0,1,0,2,11,3,0,5,0,0,0,0,0,0,0
0,0,0,0,0,0,0,2,0,0,0,0,0,0,0,0
0,0,0,0,0,0,2,0,0,0,0,0,0,0,0,0
0,0,0,0,0,2,0,0,0,0,0,0,0,0,0,0
0,0,0,2,0,0,0,0,0,0,0,0,0,0,0,0
0,0,2,0,0,0,0,0,0,0,0,0,0,0,0,1
0,2,0,0,0,0,0,0,0,0,0,0,0,0,1,0
0,0,0,0,0,0,0,0,0,0,0,0,0,0,0,0
0,0,0,0,0,0,0,0,0,0,0,1,0,0,0,0
0,0,0,0,0,0,0,0,0,0,1,0,0,0,0,0
0,0,0,0,0,11,14,19,0,0,7,12,0,0,10,4
0,0,0,0,11,14,19,13,0,7,12,16,0,10,4,13
0,0,0,0,14,19,13,0,7,12,16,0,10,4,13,0
0,11,14,19,0,0,7,12,0,0,10,4,0,0,14,9
11,14,19,13,0,7,12,16,0,10,4,13,0,14,9,15
14,19,13,0,7,12,16,0,10,4,13,0,14,9,15,0
0,0,7,12,0,0,10,4,0,0,14,9,0,0,0,0
0,7,12,16,0,10,4,13,0,14,9,15,0,0,0,0
7,12,16,0,10,4,13,0,14,9,15,0,0,0,0,0
0,0,0,0,0,2,0,0,0,0,0,0,0,1,0,0
0,0,0,0,2,0,0,0,0,0,0,0,1,0,0,0
0,0,0,0,0,0,0,0,0,0,0,0,0,0,0,0
0,2,0,0,0,0,0,0,0,1,0,0,0,0,0,0
2,0,0,0,0,0,0,0,1,0,0,0,0,0,0,0
0,0,0,0,0,0,0,0,0,0,0,0,0,0,0,0
0,0,0,0,0,1,0,0,0,0,0,0,0,0,0,0
0,0,0,0,1,0,0,0,0,0,0,0,0,0,0,0
0,0,0,0,0,0,0,0,0,0,0,0,0,0,0,0
0,0,0,0,0,0,0,0,0,0,0,2,0,1,0,3
0,0,0,0,0,0,0,0,0,0,2,0,1,0,3,1
0,0,0,0,0,0,0,0,0,2,0,0,0,3,1,0
0,0,0,0,0,0,0,2,0,1,0,3,0,4,15,7
0,0,0,0,0,0,2,0,1,0,3,1,4,15,7,10
0,0,0,0,0,2,0,0,0,3,1,0,15,7,10,0
0,0,0,2,0,1,0,3,0,4,15,7,0,0,0,0
0,0,2,0,1,0,3,1,4,15,7,10,0,0,0,0
0,2,0,0,0,3,1,0,15,7,10,0,0,0,0,0
0,0,0,0,0,6,2,3,0,6,5,10,0,0,9,0
0,0,0,0,6,2,3,0,6,5,10,3,0,9,0,3
0,0,0,0,2,3,0,0,5,10,3,0,9,0,3,0
0,6,2,3,0,6,5,10,0,0,9,0,0,1,0,13
6,2,3,0,6,5,10,3,0,9,0,3,1,0,13,10
2,3,0,0,5,10,3,0,9,0,3,0,0,13,10,0
0,6,5,10,0,0,9,0,0,1,0,13,0,0,0,0
6,5,10,3,0,9,0,3,1,0,13,10,0,0,0,0
5,10,3,0,9,0,3,0,0,13,10,0,0,0,0,0
0,0,0,0,0,5,5,3,0,11,10,4,0,18,0,9
0,0,0,0,5,5,3,3,11,10,4,0,18,0,9,8
0,0,0,0,5,3,3,0,10,4,0,0,0,9,8,0
0,5,5,3,0,11,10,4,0,18,0,9,0,10,20,5
5,5,3,3,11,10,4,0,18,0,9,8,10,20,5,2
5,3,3,0,10,4,0,0,0,9,8,0,20,5,2,0
0,11,10,4,0,18,0,9,0,10,20,5,0,0,0,0
11,10,4,0,18,0,9,8,10,20,5,2,0,0,0,0
10,4,0,0,0,9,8,0,20,5,2,0,0,0,0,0
0,0,0,0,0,1,0,0,0,0,0,3,0,0,0,7
0,0,0,0,1,0,0,5,0,0,3,7,0,0,7,0
0,0,0,0,0,0,5,0,0,3,7,0,0,7,0,0
0,1,0,0,0,0,0,3,0,0,0,7,0,1,5,5
1,0,0,5,0,0,3,7,0,0,7,0,1,5,5,1
0,0,5,0,0,3,7,0,0,7,0,0,5,5,1,0
0,0,0,3,0,0,0,7,0,1,5,5,0,0,0,0
0,0,3,7,0,0,7,0,1,5,5,1,0,0,0,0
0,3,7,0,0,7,0,0,5,5,1,0,0,0,0,0
0,0,0,0,0,0,0,0,0,0,0,0,0,0,0,0
0,0,0,0,0,0,0,0,0,0,0,0,0,0,0,0
0,0,0,0,0,0,0,0,0,0,0,0,0,0,0,0
0,0,0,0,0,0,0,0,0,0,0,0,0,0,0,0
0,0,0,0,0,0,0,0,0,0,0,0,0,0,0,0
0,0,0,0,0,0,0,0,0,0,0,0,0,0,0,0
0,0,0,0,0,0,0,0,0,0,0,0,0,0,0,0
0,0,0,0,0,0,0,0,0,0,0,0,0,0,0,0
0,0,0,0,0,0,0,0,0,0,0,0,0,0,0,0
0,0,0,0,0,3,0,0,0,0,5,0,0,7,3,0
0,0,0,0,3,0,0,0,0,5,0,0,7,3,0,0
0,0,0,0,0,0,0,0,5,0,0,0,3,0,0,0
0,3,0,0,0,0,5,0,0,7,3,0,0,0,0,0
3,0,0,0,0,5,0,0,7,3,0,0,0,0,0,0
0,0,0,0,5,0,0,0,3,0,0,0,0,0,0,0
0,0,5,0,0,7,3,0,0,0,0,0,0,0,0,0
0,5,0,0,7,3,0,0,0,0,0,0,0,0,0,0
5,0,0,0,3,0,0,0,0,0,0,0,0,0,0,0
0,0,0,0,0,0,10,10,0,3,0,4,0,9,0,4
0,0,0,0,0,10,10,10,3,0,4,3,9,0,4,6
0,0,0,0,10,10,10,0,0,4,3,0,0,4,6,0
0,0,10,10,0,3,0,4,0,9,0,4,0,0,2,0
0,10,10,10,3,0,4,3,9,0,4,6,0,2,0,0
10,10,10,0,0,4,3,0,0,4,6,0,2,0,0,0
0,3,0,4,0,9,0,4,0,0,2,0,0,0,0,0
3,0,4,3,9,0,4,6,0,2,0,0,0,0,0,0
0,4,3,0,0,4,6,0,2,0,0,0,0,0,0,0
0,0,0,0,0,0,0,0,0,0,0,0,0,7,6,3
0,0,0,0,0,0,0,4,0,0,0,1,7,6,3,6
0,0,0,0,0,0,4,0,0,0,1,0,6,3,6,0
0,0,0,0,0,0,0,0,0,7,6,3,0,0,3,2
0,0,0,4,0,0,0,1,7,6,3,6,0,3,2,5
0,0,4,0,0,0,1,0,6,3,6,0,3,2,5,0
0,0,0,0,0,7,6,3,0,0,3,2,0,0,0,0
0,0,0,1,7,6,3,6,0,3,2,5,0,0,0,0
0,0,1,0,6,3,6,0,3,2,5,0,0,0,0,0
0,0,0,0,0,3,1,3,0,9,11,12,0,20,6,5
0,0,0,0,3,1,3,5,9,11,12,11,20,6,5,14
0,0,0,0,1,3,5,0,11,12,11,0,6,5,14,0
0,3,1,3,0,9,11,12,0,20,6,5,0,24,44,22
3,1,3,5,9,11,12,11,20,6,5,14,24,44,22,24
1,3,5,0,11,12,11,0,6,5,14,0,44,22,24,0
0,9,11,12,0,20,6,5,0,24,44,22,0,0,0,0
9,11,12,11,20,6,5,14,24,44,22,24,0,0,0,0
11,12,11,0,6,5,14,0,44,22,24,0,0,0,0,0
0,0,0,0,0,11,4,4,0,1,5,2,0,5,5,0
0,0,0,0,11,4,4,0,1,5,2,0,5,5,0,0
0,0,0,0,4,4,0,0,5,2,0,0,5,0,0,0
0,11,4,4,0,1,5,2,0,5,5,0,0,2,0,0
11,4,4,0,1,5,2,0,5,5,0,0,2,0,0,0
4,4,0,0,5,2,0,0,5,0,0,0,0,0,0,0
0,1,5,2,0,5,5,0,0,2,0,0,0,0,0,0
1,5,2,0,5,5,0,0,2,0,0,0,0,0,0,0
5,2,0,0,5,0,0,0,0,0,0,0,0,0,0,0
0,0,0,0,0,0,0,0,0,4,0,3,0,2,0,3
0,0,0,0,0,0,0,0,4,0,3,0,2,0,3,6
0,0,0,0,0,0,0,0,0,3,0,0,0,3,6,0
0,0,0,0,0,4,0,3,0,2,0,3,0,0,6,0
0,0,0,0,4,0,3,0,2,0,3,6,0,6,0,0
0,0,0,0,0,3,0,0,0,3,6,0,6,0,0,0
0,4,0,3,0,2,0,3,0,0,6,0,0,0,0,0
4,0,3,0,2,0,3,6,0,6,0,0,0,0,0,0
0,3,0,0,0,3,6,0,6,0,0,0,0,0,0,0
0,0,0,0,0,0,0,0,0,0,0,0,0,0,0,0
0,0,0,0,0,0,0,0,0,0,0,0,0,0,0,0
0,0,0,0,0,0,0,0,0,0,0,0,0,0,0,0
0,0,0,0,0,0,0,0,0,0,0,0,0,0,0,0
0,0,0,0,0,0,0,0,0,0,0,0,0,0,0,0
0,0,0,0,0,0,0,0,0,0,0,0,0,0,0,0
0,0,0,0,0,0,0,0,0,0,0,0,0,0,0,0
0,0,0,0,0,0,0,0,0,0,0,0,0,0,0,0
0,0,0,0,0,0,0,0,0,0,0,0,0,0,0,0
0,0,0,0,0,0,0,0,0,0,0,0,0,8,0,0
0,0,0,0,0,0,0,0,0,0,0,0,8,0,0,0
0,0,0,0,0,0,0,0,0,0,0,0,0,0,0,0
0,0,0,0,0,0,0,0,0,8,0,0,0,10,15,0
0,0,0,0,0,0,0,0,8,0,0,0,10,15,0,0
0,0,0,0,0,0,0,0,0,0,0,0,15,0,0,0
0,0,0,0,0,8,0,0,0,10,15,0,0,0,0,0
0,0,0,0,8,0,0,0,10,15,0,0,0,0,0,0
0,0,0,0,0,0,0,0,15,0,0,0,0,0,0,0
0,0,0,0,0,1,2,3,0,1,9,0,0,0,0,0
0,0,0,0,1,2,3,1,1,9,0,3,0,0,0,3
0,0,0,0,2,3,1,0,9,0,3,0,0,0,3,0
0,1,2,3,0,1,9,0,0,0,0,0,0,0,0,0
1,2,3,1,1,9,0,3,0,0,0,3,0,0,0,0
2,3,1,0,9,0,3,0,0,0,3,0,0,0,0,0
0,1,9,0,0,0,0,0,0,0,0,0,0,0,0,0
1,9,0,3,0,0,0,3,0,0,0,0,0,0,0,0
9,0,3,0,0,0,3,0,0,0,0,0,0,0,0,0
0,0,0,0,0,0,0,0,0,2,0,0,0,0,0,0
0,0,0,0,0,0,0,0,2,0,0,0,0,0,0,0
0,0,0,0,0,0,0,0,0,0,0,0,0,0,0,0
0,0,0,0,0,2,0,0,0,0,0,0,0,0,0,0
0,0,0,0,2,0,0,0,0,0,0,0,0,0,0,0
0,0,0,0,0,0,0,0,0,0,0,0,0,0,0,0
0,2,0,0,0,0,0,0,0,0,0,0,0,0,0,0
2,0,0,0,0,0,0,0,0,0,0,0,0,0,0,0
0,0,0,0,0,0,0,0,0,0,0,0,0,0,0,0
0,0,0,0,0,0,0,0,0,0,0,2,0,3,0,7
0,0,0,0,0,0,0,4,0,0,2,0,3,0,7,3
0,0,0,0,0,0,4,0,0,2,0,0,0,7,3,0
0,0,0,0,0,0,0,2,0,3,0,7,0,0,0,2
0,0,0,4,0,0,2,0,3,0,7,3,0,0,2,0
0,0,4,0,0,2,0,0,0,7,3,0,0,2,0,0
0,0,0,2,0,3,0,7,0,0,0,2,0,0,0,0
0,0,2,0,3,0,7,3,0,0,2,0,0,0,0,0
0,2,0,0,0,7,3,0,0,2,0,0,0,0,0,0
0,0,0,0,0,1,1,0,0,0,0,1,0,0,3,1
0,0,0,0,1,1,0,3,0,0,1,1,0,3,1,4
0,0,0,0,1,0,3,0,0,1,1,0,3,1,4,0
0,1,1,0,0,0,0,1,0,0,3,1,0,0,17,0
1,1,0,3,0,0,1,1,0,3,1,4,0,17,0,0
1,0,3,0,0,1,1,0,3,1,4,0,17,0,0,0
0,0,0,1,0,0,3,1,0,0,17,0,0,0,0,0
0,0,1,1,0,3,1,4,0,17,0,0,0,0,0,0
0,1,1,0,3,1,4,0,17,0,0,0,0,0,0,0
0,0,0,0,0,0,1,5,0,0,0,1,0,0,0,0
0,0,0,0,0,1,5,2,0,0,1,0,0,0,0,0
0,0,0,0,1,5,2,0,0,1,0,0,0,0,0,0
0,0,1,5,0,0,0,1,0,0,0,0,0,0,0,0
0,1,5,2,0,0,1,0,0,0,0,0,0,0,0,0
1,5,2,0,0,1,0,0,0,0,0,0,0,0,0,0
0,0,0,1,0,0,0,0,0,0,0,0,0,0,0,0
0,0,1,0,0,0,0,0,0,0,0,0,0,0,0,0
0,1,0,0,0,0,0,0,0,0,0,0,0,0,0,0
0,0,0,0,0,7,4,2,0,0,2,3,0,0,8,4
0,0,0,0,7,4,2,9,0,2,3,4,0,8,4,0
0,0,0,0,4,2,9,0,2,3,4,0,8,4,0,0
0,7,4,2,0,0,2,3,0,0,8,4,0,4,0,0
7,4,2,9,0,2,3,4,0,8,4,0,4,0,0,0
4,2,9,0,2,3,4,0,8,4,0,0,0,0,0,0
0,0,2,3,0,0,8,4,0,4,0,0,0,0,0,0
0,2,3,4,0,8,4,0,4,0,0,0,0,0,0,0
2,3,4,0,8,4,0,0,0,0,0,0,0,0,0,0
0,0,0,0,0,0,0,0,0,0,0,0,0,0,3,0
0,0,0,0,0,0,0,0,0,0,0,0,0,3,0,0
0,0,0,0,0,0,0,0,0,0,0,0,3,0,0,0
0,0,0,0,0,0,0,0,0,0,3,0,0,0,0,0
0,0,0,0,0,0,0,0,0,3,0,0,0,0,0,0
0,0,0,0,0,0,0,0,3,0,0,0,0,0,0,0
0,0,0,0,0,0,3,0,0,0,0,0,0,0,0,0
0,0,0,0,0,3,0,0,0,0,0,0,0,0,0,0
0,0,0,0,3,0,0,0,0,0,0,0,0,0,0,0
0,0,0,0,0,0,5,3,0,0,0,10,0,0,0,0
0,0,0,0,0,5,3,4,0,0,10,6,0,0,0,6
0,0,0,0,5,3,4,0,0,10,6,0,0,0,6,0
0,0,5,3,0,0,0,10,0,0,0,0,0,2,4,4
0,5,3,4,0,0,10,6,0,0,0,6,2,4,4,0
5,3,4,0,0,10,6,0,0,0,6,0,4,4,0,0
0,0,0,10,0,0,0,0,0,2,4,4,0,0,0,0
0,0,10,6,0,0,0,6,2,4,4,0,0,0,0,0
0,10,6,0,0,0,6,0,4,4,0,0,0,0,0,0
0,0,0,0,0,0,0,0,0,0,0,0,0,0,0,0
0,0,0,0,0,0,0,0,0,0,0,0,0,0,0,0
0,0,0,0,0,0,0,0,0,0,0,0,0,0,0,0
0,0,0,0,0,0,0,0,0,0,0,0,0,0,0,0
0,0,0,0,0,0,0,0,0,0,0,0,0,0,0,0
0,0,0,0,0,0,0,0,0,0,0,0,0,0,0,0
0,0,0,0,0,0,0,0,0,0,0,0,0,0,0,0
0,0,0,0,0,0,0,0,0,0,0,0,0,0,0,0
0,0,0,0,0,0,0,0,0,0,0,0,0,0,0,0
0,0,0,0,0,0,0,0,0,0,0,0,0,0,0,0
0,0,0,0,0,0,0,0,0,0,0,0,0,0,0,0
0,0,0,0,0,0,0,0,0,0,0,0,0,0,0,0
0,0,0,0,0,0,0,0,0,0,0,0,0,6,1,0
0,0,0,0,0,0,0,0,0,0,0,0,6,1,0,0
0,0,0,0,0,0,0,0,0,0,0,0,1,0,0,0
0,0,0,0,0,0,0,0,0,6,1,0,0,0,0,0
0,0,0,0,0,0,0,0,6,1,0,0,0,0,0,0
0,0,0,0,0,0,0,0,1,0,0,0,0,0,0,0
0,0,0,0,0,0,0,0,0,0,0,0,0,0,3,0
0,0,0,0,0,0,0,0,0,0,0,0,0,3,0,0
0,0,0,0,0,0,0,0,0,0,0,0,3,0,0,0
0,0,0,0,0,0,0,0,0,0,3,0,0,0,0,0
0,0,0,0,0,0,0,0,0,3,0,0,0,0,0,0
0,0,0,0,0,0,0,0,3,0,0,0,0,0,0,0
0,0,0,0,0,0,3,0,0,0,0,0,0,0,0,0
0,0,0,0,0,3,0,0,0,0,0,0,0,0,0,0
0,0,0,0,3,0,0,0,0,0,0,0,0,0,0,0
0,0,0,0,0,0,0,1,0,0,0,0,0,0,0,0
0,0,0,0,0,0,1,0,0,0,0,0,0,0,0,0
0,0,0,0,0,1,0,0,0,0,0,0,0,0,0,0
0,0,0,1,0,0,0,0,0,0,0,0,0,0,0,0
0,0,1,0,0,0,0,0,0,0,0,0,0,0,0,0
0,1,0,0,0,0,0,0,0,0,0,0,0,0,0,0
0,0,0,0,0,0,0,0,0,0,0,0,0,0,0,0
0,0,0,0,0,0,0,0,0,0,0,0,0,0,0,0
0,0,0,0,0,0,0,0,0,0,0,0,0,0,0,0
0,0,0,0,0,0,0,0,0,0,0,0,0,0,0,0
0,0,0,0,0,0,0,0,0,0,0,0,0,0,0,0
0,0,0,0,0,0,0,0,0,0,0,0,0,0,0,0
0,0,0,0,0,0,0,0,0,0,0,0,0,0,0,0
0,0,0,0,0,0,0,0,0,0,0,0,0,0,0,0
0,0,0,0,0,0,0,0,0,0,0,0,0,0,0,0
0,0,0,0,0,0,0,0,0,0,0,0,0,0,0,0
0,0,0,0,0,0,0,0,0,0,0,0,0,0,0,0
0,0,0,0,0,0,0,0,0,0,0,0,0,0,0,0
0,0,0,0,0,7,12,14,0,0,0,6,0,6,1,7
0,0,0,0,7,12,14,10,0,0,6,2,6,1,7,8
0,0,0,0,12,14,10,0,0,6,2,0,1,7,8,0
0,7,12,14,0,0,0,6,0,6,1,7,0,0,11,0
7,12,14,10,0,0,6,2,6,1,7,8,0,11,0,8
12,14,10,0,0,6,2,0,1,7,8,0,11,0,8,0
0,0,0,6,0,6,1,7,0,0,11,0,0,0,0,0
0,0,6,2,6,1,7,8,0,11,0,8,0,0,0,0
0,6,2,0,1,7,8,0,11,0,8,0,0,0,0,0
0,0,0,0,0,6,4,2,0,7,22,17,0,5,8,4
0,0,0,0,6,4,2,0,7,22,17,8,5,8,4,10
0,0,0,0,4,2,0,0,22,17,8,0,8,4,10,0
0,6,4,2,0,7,22,17,0,5,8,4,0,4,5,19
6,4,2,0,7,22,17,8,5,8,4,10,4,5,19,14
4,2,0,0,22,17,8,0,8,4,10,0,5,19,14,0
0,7,22,17,0,5,8,4,0,4,5,19,0,0,0,0
7,22,17,8,5,8,4,10,4,5,19,14,0,0,0,0
22,17,8,0,8,4,10,0,5,19,14,0,0,0,0,0
0,0,0,0,0,6,4,4,0,0,0,0,0,0,6,1
0,0,0,0,6,4,4,2,0,0,0,0,0,6,1,0
0,0,0,0,4,4,2,0,0,0,0,0,6,1,0,0
0,6,4,4,0,0,0,0,0,0,6,1,0,1,0,0
6,4,4,2,0,0,0,0,0,6,1,0,1,0,0,0
4,4,2,0,0,0,0,0,6,1,0,0,0,0,0,0
0,0,0,0,0,0,6,1,0,1,0,0,0,0,0,0
0,0,0,0,0,6,1,0,1,0,0,0,0,0,0,0
0,0,0,0,6,1,0,0,0,0,0,0,0,0,0,0
0,0,0,0,0,0,0,0,0,0,0,0,0,4,1,0
0,0,0,0,0,0,0,0,0,0,0,0,4,1,0,0
0,0,0,0,0,0,0,0,0,0,0,0,1,0,0,0
0,0,0,0,0,0,0,0,0,4,1,0,0,0,12,0
0,0,0,0,0,0,0,0,4,1,0,0,0,12,0,0
0,0,0,0,0,0,0,0,1,0,0,0,12,0,0,0
0,0,0,0,0,4,1,0,0,0,12,0,0,0,0,0
0,0,0,0,4,1,0,0,0,12,0,0,0,0,0,0
0,0,0,0,1,0,0,0,12,0,0,0,0,0,0,0
0,0,0,0,0,2,0,0,0,9,10,1,0,10,1,7
0,0,0,0,2,0,0,0,9,10,1,0,10,1,7,0
0,0,0,0,0,0,0,0,10,1,0,0,1,7,0,0
0,2,0,0,0,9,10,1,0,10,1,7,0,8,15,0
2,0,0,0,9,10,1,0,10,1,7,0,8,15,0,3
0,0,0,0,10,1,0,0,1,7,0,0,15,0,3,0
0,9,10,1,0,10,1,7,0,8,15,0,0,0,0,0
9,10,1,0,10,1,7,0,8,15,0,3,0,0,0,0
10,1,0,0,1,7,0,0,15,0,3,0,0,0,0,0
0,0,0,0,0,9,11,11,0,10,8,16,0,13,14,8
0,0,0,0,9,11,11,8,10,8,16,11,13,14,8,4
0,0,0,0,11,11,8,0,8,16,11,0,14,8,4,0
0,9,11,11,0,10,8,16,0,13,14,8,0,10,17,9
9,11,11,8,10,8,16,11,13,14,8,4,10,17,9,9
11,11,8,0,8,16,11,0,14,8,4,0,17,9,9,0
0,10,8,16,0,13,14,8,0,10,17,9,0,0,0,0
10,8,16,11,13,14,8,4,10,17,9,9,0,0,0,0
8,16,11,0,14,8,4,0,17,9,9,0,0,0,0,0
0,0,0,0,0,0,0,0,0,0,0,0,0,0,0,0
0,0,0,0,0,0,0,0,0,0,0,0,0,0,0,0
0,0,0,0,0,0,0,0,0,0,0,0,0,0,0,0
0,0,0,0,0,0,0,0,0,0,0,0,0,0,0,0
0,0,0,0,0,0,0,0,0,0,0,0,0,0,0,0
0,0,0,0,0,0,0,0,0,0,0,0,0,0,0,0
0,0,0,0,0,0,0,0,0,0,0,0,0,0,0,0
0,0,0,0,0,0,0,0,0,0,0,0,0,0,0,0
0,0,0,0,0,0,0,0,0,0,0,0,0,0,0,0
0,0,0,0,0,0,0,0,0,0,0,0,0,0,0,0
0,0,0,0,0,0,0,0,0,0,0,0,0,0,0,0
0,0,0,0,0,0,0,0,0,0,0,0,0,0,0,0
0,0,0,0,0,0,0,0,0,0,0,0,0,0,0,0
0,0,0,0,0,0,0,0,0,0,0,0,0,0,0,0
0,0,0,0,0,0,0,0,0,0,0,0,0,0,0,0
0,0,0,0,0,0,0,0,0,0,0,0,0,0,0,0
0,0,0,0,0,0,0,0,0,0,0,0,0,0,0,0
0,0,0,0,0,0,0,0,0,0,0,0,0,0,0,0
0,0,0,0,0,8,0,3,0,0,2,3,0,2,4,1
0,0,0,0,8,0,3,0,0,2,3,10,2,4,1,3
0,0,0,0,0,3,0,0,2,3,10,0,4,1,3,0
0,8,0,3,0,0,2,3,0,2,4,1,0,1,17,9
8,0,3,0,0,2,3,10,2,4,1,3,1,17,9,13
0,3,0,0,2,3,10,0,4,1,3,0,17,9,13,0
0,0,2,3,0,2,4,1,0,1,17,9,0,0,0,0
0,2,3,10,2,4,1,3,1,17,9,13,0,0,0,0
2,3,10,0,4,1,3,0,17,9,13,0,0,0,0,0
0,0,0,0,0,0,6,11,0,2,7,24,0,3,12,18
0,0,0,0,0,6,11,12,2,7,24,29,3,12,18,29
0,0,0,0,6,11,12,0,7,24,29,0,12,18,29,0
0,0,6,11,0,2,7,24,0,3,12,18,0,11,24,33
0,6,11,12,2,7,24,29,3,12,18,29,11,24,33,14
6,11,12,0,7,24,29,0,12,18,29,0,24,33,14,0
0,2,7,24,0,3,12,18,0,11,24,33,0,0,0,0
2,7,24,29,3,12,18,29,11,24,33,14,0,0,0,0
7,24,29,0,12,18,29,0,24,33,14,0,0,0,0,0
0,0,0,0,0,0,0,0,0,0,0,0,0,0,0,0
0,0,0,0,0,0,0,0,0,0,0,0,0,0,0,0
0,0,0,0,0,0,0,0,0,0,0,0,0,0,0,0
0,0,0,0,0,0,0,0,0,0,0,0,0,2,0,0
0,0,0,0,0,0,0,0,0,0,0,0,2,0,0,0
0,0,0,0,0,0,0,0,0,0,0,0,0,0,0,0
0,0,0,0,0,0,0,0,0,2,0,0,0,0,0,0
0,0,0,0,0,0,0,0,2,0,0,0,0,0,0,0
0,0,0,0,0,0,0,0,0,0,0,0,0,0,0,0
0,0,0,0,0,0,0,0,0,2,0,0,0,5,4,3
0,0,0,0,0,0,0,0,2,0,0,10,5,4,3,2
0,0,0,0,0,0,0,0,0,0,10,0,4,3,2,0
0,0,0,0,0,2,0,0,0,5,4,3,0,3,29,0
0,0,0,0,2,0,0,10,5,4,3,2,3,29,0,0
0,0,0,0,0,0,10,0,4,3,2,0,29,0,0,0
0,2,0,0,0,5,4,3,0,3,29,0,0,0,0,0
2,0,0,10,5,4,3,2,3,29,0,0,0,0,0,0
0,0,10,0,4,3,2,0,29,0,0,0,0,0,0,0
0,0,0,0,0,0,0,0,0,0,0,0,0,0,0,4
0,0,0,0,0,0,0,1,0,0,0,0,0,0,4,4
0,0,0,0,0,0,1,0,0,0,0,0,0,4,4,0
0,0,0,0,0,0,0,0,0,0,0,4,0,0,0,0
0,0,0,1,0,0,0,0,0,0,4,4,0,0,0,0
0,0,1,0,0,0,0,0,0,4,4,0,0,0,0,0
0,0,0,0,0,0,0,4,0,0,0,0,0,0,0,0
0,0,0,0,0,0,4,4,0,0,0,0,0,0,0,0
0,0,0,0,0,4,4,0,0,0,0,0,0,0,0,0
0,0,0,0,0,2,0,0,0,0,0,11,0,16,5,0
0,0,0,0,2,0,0,0,0,0,11,1,16,5,0,5
0,0,0,0,0,0,0,0,0,11,1,0,5,0,5,0
0,2,0,0,0,0,0,11,0,16,5,0,0,6,12,7
2,0,0,0,0,0,11,1,16,5,0,5,6,12,7,7
0,0,0,0,0,11,1,0,5,0,5,0,12,7,7,0
0,0,0,11,0,16,5,0,0,6,12,7,0,0,0,0
0,0,11,1,16,5,0,5,6,12,7,7,0,0,0,0
0,11,1,0,5,0,5,0,12,7,7,0,0,0,0,0
0,0,0,0,0,0,0,0,0,0,0,0,0,0,0,5
0,0,0,0,0,0,0,0,0,0,0,0,0,0,5,1
0,0,0,0,0,0,0,0,0,0,0,0,0,5,1,0
0,0,0,0,0,0,0,0,0,0,0,5,0,0,0,0
0,0,0,0,0,0,0,0,0,0,5,1,0,0,0,0
0,0,0,0,0,0,0,0,0,5,1,0,0,0,0,0
0,0,0,0,0,0,0,5,0,0,0,0,0,0,0,0
0,0,0,0,0,0,5,1,0,0,0,0,0,0,0,0
0,0,0,0,0,5,1,0,0,0,0,0,0,0,0,0
0,0,0,0,0,0,0,0,0,4,6,8,0,8,7,6
0,0,0,0,0,0,0,3,4,6,8,4,8,7,6,5
0,0,0,0,0,0,3,0,6,8,4,0,7,6,5,0
0,0,0,0,0,4,6,8,0,8,7,6,0,15,46,11
0,0,0,3,4,6,8,4,8,7,6,5,15,46,11,9
0,0,3,0,6,8,4,0,7,6,5,0,46,11,9,0
0,4,6,8,0,8,7,6,0,15,46,11,0,0,0,0
4,6,8,4,8,7,6,5,15,46,11,9,0,0,0,0
6,8,4,0,7,6,5,0,46,11,9,0,0,0,0,0
0,0,0,0,0,0,0,0,0,0,0,0,0,0,0,0
0,0,0,0,0,0,0,0,0,0,0,0,0,0,0,0
0,0,0,0,0,0,0,0,0,0,0,0,0,0,0,0
0,0,0,0,0,0,0,0,0,0,0,0,0,0,0,0
0,0,0,0,0,0,0,0,0,0,0,0,0,0,0,0
0,0,0,0,0,0,0,0,0,0,0,0,0,0,0,0
0,0,0,0,0,0,0,0,0,0,0,0,0,0,0,0
0,0,0,0,0,0,0,0,0,0,0,0,0,0,0,0
0,0,0,0,0,0,0,0,0,0,0,0,0,0,0,0
0,0,0,0,0,13,12,10,0,6,10,10,0,5,1,8
0,0,0,0,13,12,10,20,6,10,10,11,5,1,8,24
0,0,0,0,12,10,20,0,10,10,11,0,1,8,24,0
0,13,12,10,0,6,10,10,0,5,1,8,0,5,25,17
13,12,10,20,6,10,10,11,5,1,8,24,5,25,17,9
12,10,20,0,10,10,11,0,1,8,24,0,25,17,9,0
0,6,10,10,0,5,1,8,0,5,25,17,0,0,0,0
6,10,10,11,5,1,8,24,5,25,17,9,0,0,0,0
10,10,11,0,1,8,24,0,25,17,9,0,0,0,0,0
0,0,0,0,0,9,10,10,0,4,13,2,0,3,0,6
0,0,0,0,9,10,10,11,4,13,2,7,3,0,6,12
0,0,0,0,10,10,11,0,13,2,7,0,0,6,12,0
0,9,10,10,0,4,13,2,0,3,0,6,0,10,16,11
9,10,10,11,4,13,2,7,3,0,6,12,10,16,11,9
10,10,11,0,13,2,7,0,0,6,12,0,16,11,9,0
0,4,13,2,0,3,0,6,0,10,16,11,0,0,0,0
4,13,2,7,3,0,6,12,10,16,11,9,0,0,0,0
13,2,7,0,0,6,12,0,16,11,9,0,0,0,0,0
0,0,0,0,0,0,0,1,0,0,0,11,0,6,3,1
0,0,0,0,0,0,1,0,0,0,11,7,6,3,1,5
0,0,0,0,0,1,0,0,0,11,7,0,3,1,5,0
0,0,0,1,0,0,0,11,0,6,3,1,0,0,13,12
0,0,1,0,0,0,11,7,6,3,1,5,0,13,12,13
0,1,0,0,0,11,7,0,3,1,5,0,13,12,13,0
0,0,0,11,0,6,3,1,0,0,13,12,0,0,0,0
0,0,11,7,6,3,1,5,0,13,12,13,0,0,0,0
0,11,7,0,3,1,5,0,13,12,13,0,0,0,0,0
0,0,0,0,0,13,10,9,0,9,9,22,0,26,19,12
0,0,0,0,13,10,9,6,9,9,22,14,26,19,12,17
0,0,0,0,10,9,6,0,9,22,14,0,19,12,17,0
0,13,10,9,0,9,9,22,0,26,19,12,0,7,52,39
13,10,9,6,9,9,22,14,26,19,12,17,7,52,39,27
10,9,6,0,9,22,14,0,19,12,17,0,52,39,27,0
0,9,9,22,0,26,19,12,0,7,52,39,0,0,0,0
9,9,22,14,26,19,12,17,7,52,39,27,0,0,0,0
9,22,14,0,19,12,17,0,52,39,27,0,0,0,0,0
0,0,0,0,0,12,14,18,0,11,18,11,0,2,5,3
0,0,0,0,12,14,18,10,11,18,11,6,2,5,3,8
0,0,0,0,14,18,10,0,18,11,6,0,5,3,8,0
0,12,14,18,0,11,18,11,0,2,5,3,0,9,0,14
12,14,18,10,11,18,11,6,2,5,3,8,9,0,14,5
14,18,10,0,18,11,6,0,5,3,8,0,0,14,5,0
0,11,18,11,0,2,5,3,0,9,0,14,0,0,0,0
11,18,11,6,2,5,3,8,9,0,14,5,0,0,0,0
18,11,6,0,5,3,8,0,0,14,5,0,0,0,0,0
0,0,0,0,0,0,0,0,0,1,0,3,0,4,15,17
0,0,0,0,0,0,0,0,1,0,3,0,4,15,17,7
0,0,0,0,0,0,0,0,0,3,0,0,15,17,7,0
0,0,0,0,0,1,0,3,0,4,15,17,0,4,7,1
0,0,0,0,1,0,3,0,4,15,17,7,4,7,1,1
0,0,0,0,0,3,0,0,15,17,7,0,7,1,1,0
0,1,0,3,0,4,15,17,0,4,7,1,0,0,0,0
1,0,3,0,4,15,17,7,4,7,1,1,0,0,0,0
0,3,0,0,15,17,7,0,7,1,1,0,0,0,0,0
0,0,0,0,0,7,1,3,0,6,10,3,0,0,1,1
0,0,0,0,7,1,3,1,6,10,3,5,0,1,1,2
0,0,0,0,1,3,1,0,10,3,5,0,1,1,2,0
0,7,1,3,0,6,10,3,0,0,1,1,0,4,0,11
7,1,3,1,6,10,3,5,0,1,1,2,4,0,11,9
1,3,1,0,10,3,5,0,1,1,2,0,0,11,9,0
0,6,10,3,0,0,1,1,0,4,0,11,0,0,0,0
6,10,3,5,0,1,1,2,4,0,11,9,0,0,0,0
10,3,5,0,1,1,2,0,0,11,9,0,0,0,0,0
0,0,0,0,0,2,0,0,0,0,0,5,0,10,0,8
0,0,0,0,2,0,0,3,0,0,5,6,10,0,8,5
0,0,0,0,0,0,3,0,0,5,6,0,0,8,5,0
0,2,0,0,0,0,0,5,0,10,0,8,0,0,24,1
2,0,0,3,0,0,5,6,10,0,8,5,0,24,1,4
0,0,3,0,0,5,6,0,0,8,5,0,24,1,4,0
0,0,0,5,0,10,0,8,0,0,24,1,0,0,0,0
0,0,5,6,10,0,8,5,0,24,1,4,0,0,0,0
0,5,6,0,0,8,5,0,24,1,4,0,0,0,0,0
0,0,0,0,0,8,6,11,0,0,5,8,0,0,3,6
0,0,0,0,8,6,11,7,0,5,8,5,0,3,6,4
0,0,0,0,6,11,7,0,5,8,5,0,3,6,4,0
0,8,6,11,0,0,5,8,0,0,3,6,0,0,11,1
8,6,11,7,0,5,8,5,0,3,6,4,0,11,1,0
6,11,7,0,5,8,5,0,3,6,4,0,11,1,0,0
0,0,5,8,0,0,3,6,0,0,11,1,0,0,0,0
0,5,8,5,0,3,6,4,0,11,1,0,0,0,0,0
5,8,5,0,3,6,4,0,11,1,0,0,0,0,0,0
0,0,0,0,0,16,11,18,0,9,16,0,0,8,11,0
0,0,0,0,16,11,18,17,9,16,0,2,8,11,0,11
0,0,0,0,11,18,17,0,16,0,2,0,11,0,11,0
0,16,11,18,0,9,16,0,0,8,11,0,0,12,26,0
16,11,18,17,9,16,0,2,8,11,0,11,12,26,0,3
11,18,17,0,16,0,2,0,11,0,11,0,26,0,3,0
0,9,16,0,0,8,11,0,0,12,26,0,0,0,0,0
9,16,0,2,8,11,0,11,12,26,0,3,0,0,0,0
16,0,2,0,11,0,11,0,26,0,3,0,0,0,0,0
0,0,0,0,0,0,0,0,0,0,0,0,0,0,0,0
0,0,0,0,0,0,0,0,0,0,0,0,0,0,0,0
0,0,0,0,0,0,0,0,0,0,0,0,0,0,0,0
0,0,0,0,0,0,0,0,0,0,0,0,0,0,0,0
0,0,0,0,0,0,0,0,0,0,0,0,0,0,0,0
0,0,0,0,0,0,0,0,0,0,0,0,0,0,0,0
0,0,0,0,0,0,0,0,0,0,0,0,0,0,0,0
0,0,0,0,0,0,0,0,0,0,0,0,0,0,0,0
0,0,0,0,0,0,0,0,0,0,0,0,0,0,0,0
0,0,0,0,0,0,0,0,0,3,0,0,0,9,0,0
0,0,0,0,0,0,0,0,3,0,0,0,9,0,0,0
0,0,0,0,0,0,0,0,0,0,0,0,0,0,0,0
0,0,0,0,0,3,0,0,0,9,0,0,0,0,13,0
0,0,0,0,3,0,0,0,9,0,0,0,0,13,0,0
0,0,0,0,0,0,0,0,0,0,0,0,13,0,0,0
0,3,0,0,0,9,0,0,0,0,13,0,0,0,0,0
3,0,0,0,9,0,0,0,0,13,0,0,0,0,0,0
0,0,0,0,0,0,0,0,13,0,0,0,0,0,0,0
0,0,0,0,0,2,0,0,0,0,0,0,0,0,0,0
0,0,0,0,2,0,0,0,0,0,0,0,0,0,0,0
0,0,0,0,0,0,0,0,0,0,0,0,0,0,0,0
0,2,0,0,0,0,0,0,0,0,0,0,0,0,9,0
2,0,0,0,0,0,0,0,0,0,0,0,0,9,0,0
0,0,0,0,0,0,0,0,0,0,0,0,9,0,0,0
0,0,0,0,0,0,0,0,0,0,9,0,0,0,0,0
0,0,0,0,0,0,0,0,0,9,0,0,0,0,0,0
0,0,0,0,0,0,0,0,9,0,0,0,0,0,0,0
0,0,0,0,0,9,7,6,0,11,7,21,0,18,7,10
0,0,0,0,9,7,6,11,11,7,21,19,18,7,10,25
0,0,0,0,7,6,11,0,7,21,19,0,7,10,25,0
0,9,7,6,0,11,7,21,0,18,7,10,0,13,37,32
9,7,6,11,11,7,21,19,18,7,10,25,13,37,32,28
7,6,11,0,7,21,19,0,7,10,25,0,37,32,28,0
0,11,7,21,0,18,7,10,0,13,37,32,0,0,0,0
11,7,21,19,18,7,10,25,13,37,32,28,0,0,0,0
7,21,19,0,7,10,25,0,37,32,28,0,0,0,0,0
0,0,0,0,0,0,0,2,0,2,0,0,0,0,0,0
0,0,0,0,0,0,2,0,2,0,0,0,0,0,0,0
0,0,0,0,0,2,0,0,0,0,0,0,0,0,0,0
0,0,0,2,0,2,0,0,0,0,0,0,0,0,0,0
0,0,2,0,2,0,0,0,0,0,0,0,0,0,0,0
0,2,0,0,0,0,0,0,0,0,0,0,0,0,0,0
0,2,0,0,0,0,0,0,0,0,0,0,0,0,0,0
2,0,0,0,0,0,0,0,0,0,0,0,0,0,0,0
0,0,0,0,0,0,0,0,0,0,0,0,0,0,0,0
0,0,0,0,0,0,0,0,0,0,0,0,0,0,0,0
0,0,0,0,0,0,0,0,0,0,0,0,0,0,0,0
0,0,0,0,0,0,0,0,0,0,0,0,0,0,0,0
0,0,0,0,0,0,0,0,0,0,0,0,0,0,0,0
0,0,0,0,0,0,0,0,0,0,0,0,0,0,0,0
0,0,0,0,0,0,0,0,0,0,0,0,0,0,0,0
0,0,0,0,0,0,0,0,0,0,0,0,0,0,0,0
0,0,0,0,0,0,0,0,0,0,0,0,0,0,0,0
0,0,0,0,0,0,0,0,0,0,0,0,0,0,0,0
0,0,0,0,0,2,0,0,0,0,2,2,0,0,9,1
0,0,0,0,2,0,0,0,0,2,2,4,0,9,1,6
0,0,0,0,0,0,0,0,2,2,4,0,9,1,6,0
0,2,0,0,0,0,2,2,0,0,9,1,0,4,22,8
2,0,0,0,0,2,2,4,0,9,1,6,4,22,8,6
0,0,0,0,2,2,4,0,9,1,6,0,22,8,6,0
0,0,2,2,0,0,9,1,0,4,22,8,0,0,0,0
0,2,2,4,0,9,1,6,4,22,8,6,0,0,0,0
2,2,4,0,9,1,6,0,22,8,6,0,0,0,0,0
0,0,0,0,0,0,0,3,0,0,0,0,0,0,0,0
0,0,0,0,0,0,3,1,0,0,0,0,0,0,0,0
0,0,0,0,0,3,1,0,0,0,0,0,0,0,0,0
0,0,0,3,0,0,0,0,0,0,0,0,0,0,0,0
0,0,3,1,0,0,0,0,0,0,0,0,0,0,0,0
0,3,1,0,0,0,0,0,0,0,0,0,0,0,0,0
0,0,0,0,0,0,0,0,0,0,0,0,0,0,0,0
0,0,0,0,0,0,0,0,0,0,0,0,0,0,0,0
0,0,0,0,0,0,0,0,0,0,0,0,0,0,0,0
0,0,0,0,0,0,0,0,0,0,0,0,0,0,0,0
0,0,0,0,0,0,0,0,0,0,0,0,0,0,0,0
0,0,0,0,0,0,0,0,0,0,0,0,0,0,0,0
0,0,0,0,0,0,0,0,0,0,0,0,0,0,0,0
0,0,0,0,0,0,0,0,0,0,0,0,0,0,0,0
0,0,0,0,0,0,0,0,0,0,0,0,0,0,0,0
0,0,0,0,0,0,0,0,0,0,0,0,0,0,0,0
0,0,0,0,0,0,0,0,0,0,0,0,0,0,0,0
0,0,0,0,0,0,0,0,0,0,0,0,0,0,0,0
0,0,0,0,0,8,9,11,0,0,0,1,0,5,0,0
0,0,0,0,8,9,11,7,0,0,1,0,5,0,0,2
0,0,0,0,9,11,7,0,0,1,0,0,0,0,2,0
0,8,9,11,0,0,0,1,0,5,0,0,0,0,0,1
8,9,11,7,0,0,1,0,5,0,0,2,0,0,1,0
9,11,7,0,0,1,0,0,0,0,2,0,0,1,0,0
0,0,0,1,0,5,0,0,0,0,0,1,0,0,0,0
0,0,1,0,5,0,0,2,0,0,1,0,0,0,0,0
0,1,0,0,0,0,2,0,0,1,0,0,0,0,0,0
0,0,0,0,0,0,0,0,0,0,0,0,0,0,0,1
0,0,0,0,0,0,0,0,0,0,0,0,0,0,1,0
0,0,0,0,0,0,0,0,0,0,0,0,0,1,0,0
0,0,0,0,0,0,0,0,0,0,0,1,0,0,0,0
0,0,0,0,0,0,0,0,0,0,1,0,0,0,0,0
0,0,0,0,0,0,0,0,0,1,0,0,0,0,0,0
0,0,0,0,0,0,0,1,0,0,0,0,0,0,0,0
0,0,0,0,0,0,1,0,0,0,0,0,0,0,0,0
0,0,0,0,0,1,0,0,0,0,0,0,0,0,0,0
0,0,0,0,0,2,0,4,0,4,6,0,0,0,0,4
0,0,0,0,2,0,4,1,4,6,0,2,0,0,4,0
0,0,0,0,0,4,1,0,6,0,2,0,0,4,0,0
0,2,0,4,0,4,6,0,0,0,0,4,0,7,0,0
2,0,4,1,4,6,0,2,0,0,4,0,7,0,0,0
0,4,1,0,6,0,2,0,0,4,0,0,0,0,0,0
0,4,6,0,0,0,0,4,0,7,0,0,0,0,0,0
4,6,0,2,0,0,4,0,7,0,0,0,0,0,0,0
6,0,2,0,0,4,0,0,0,0,0,0,0,0,0,0
0,0,0,0,0,0,0,0,0,0,0,0,0,0,0,0
0,0,0,0,0,0,0,0,0,0,0,0,0,0,0,0
0,0,0,0,0,0,0,0,0,0,0,0,0,0,0,0
0,0,0,0,0,0,0,0,0,0,0,0,0,0,13,0
0,0,0,0,0,0,0,0,0,0,0,0,0,13,0,5
0,0,0,0,0,0,0,0,0,0,0,0,13,0,5,0
0,0,0,0,0,0,0,0,0,0,13,0,0,0,0,0
0,0,0,0,0,0,0,0,0,13,0,5,0,0,0,0
0,0,0,0,0,0,0,0,13,0,5,0,0,0,0,0
0,0,0,0,0,0,0,0,0,0,0,0,0,0,0,0
0,0,0,0,0,0,0,0,0,0,0,0,0,0,0,0
0,0,0,0,0,0,0,0,0,0,0,0,0,0,0,0
0,0,0,0,0,0,0,0,0,0,0,0,0,0,5,0
0,0,0,0,0,0,0,0,0,0,0,0,0,5,0,0
0,0,0,0,0,0,0,0,0,0,0,0,5,0,0,0
0,0,0,0,0,0,0,0,0,0,5,0,0,0,0,0
0,0,0,0,0,0,0,0,0,5,0,0,0,0,0,0
0,0,0,0,0,0,0,0,5,0,0,0,0,0,0,0
0,0,0,0,0,0,1,5,0,0,0,0,0,0,2,0
0,0,0,0,0,1,5,0,0,0,0,0,0,2,0,0
0,0,0,0,1,5,0,0,0,0,0,0,2,0,0,0
0,0,1,5,0,0,0,0,0,0,2,0,0,0,0,0
0,1,5,0,0,0,0,0,0,2,0,0,0,0,0,0
1,5,0,0,0,0,0,0,2,0,0,0,0,0,0,0
0,0,0,0,0,0,2,0,0,0,0,0,0,0,0,0
0,0,0,0,0,2,0,0,0,0,0,0,0,0,0,0
0,0,0,0,2,0,0,0,0,0,0,0,0,0,0,0
0,0,0,0,0,0,0,4,0,0,9,6,0,0,6,1
0,0,0,0,0,0,4,0,0,9,6,0,0,6,1,0
0,0,0,0,0,4,0,0,9,6,0,0,6,1,0,0
0,0,0,4,0,0,9,6,0,0,6,1,0,0,0,0
0,0,4,0,0,9,6,0,0,6,1,0,0,0,0,0
0,4,0,0,9,6,0,0,6,1,0,0,0,0,0,0
0,0,9,6,0,0,6,1,0,0,0,0,0,0,0,0
0,9,6,0,0,6,1,0,0,0,0,0,0,0,0,0
9,6,0,0,6,1,0,0,0,0,0,0,0,0,0,0
0,0,0,0,0,11,1,0,0,8,0,0,0,13,0,0
0,0,0,0,11,1,0,0,8,0,0,8,13,0,0,0
0,0,0,0,1,0,0,0,0,0,8,0,0,0,0,0
0,11,1,0,0,8,0,0,0,13,0,0,0,0,16,2
11,1,0,0,8,0,0,8,13,0,0,0,0,16,2,5
1,0,0,0,0,0,8,0,0,0,0,0,16,2,5,0
0,8,0,0,0,13,0,0,0,0,16,2,0,0,0,0
8,0,0,8,13,0,0,0,0,16,2,5,0,0,0,0
0,0,8,0,0,0,0,0,16,2,5,0,0,0,0,0
0,0,0,0,0,0,1,1,0,0,0,1,0,0,0,0
0,0,0,0,0,1,1,0,0,0,1,0,0,0,0,0
0,0,0,0,1,1,0,0,0,1,0,0,0,0,0,0
0,0,1,1,0,0,0,1,0,0,0,0,0,1,0,0
0,1,1,0,0,0,1,0,0,0,0,0,1,0,0,0
1,1,0,0,0,1,0,0,0,0,0,0,0,0,0,0
0,0,0,1,0,0,0,0,0,1,0,0,0,0,0,0
0,0,1,0,0,0,0,0,1,0,0,0,0,0,0,0
0,1,0,0,0,0,0,0,0,0,0,0,0,0,0,0
0,0,0,0,0,10,6,11,0,6,12,7,0,0,20,8
0,0,0,0,10,6,11,8,6,12,7,3,0,20,8,9
0,0,0,0,6,11,8,0,12,7,3,0,20,8,9,0
0,10,6,11,0,6,12,7,0,0,20,8,0,7,10,0
10,6,11,8,6,12,7,3,0,20,8,9,7,10,0,7
6,11,8,0,12,7,3,0,20,8,9,0,10,0,7,0
0,6,12,7,0,0,20,8,0,7,10,0,0,0,0,0
6,12,7,3,0,20,8,9,7,10,0,7,0,0,0,0
12,7,3,0,20,8,9,0,10,0,7,0,0,0,0,0
0,0,0,0,0,3,4,5,0,2,9,10,0,0,10,4
0,0,0,0,3,4,5,3,2,9,10,9,0,10,4,6
0,0,0,0,4,5,3,0,9,10,9,0,10,4,6,0
0,3,4,5,0,2,9,10,0,0,10,4,0,11,0,10
3,4,5,3,2,9,10,9,0,10,4,6,11,0,10,0
4,5,3,0,9,10,9,0,10,4,6,0,0,10,0,0
0,2,9,10,0,0,10,4,0,11,0,10,0,0,0,0
2,9,10,9,0,10,4,6,11,0,10,0,0,0,0,0
9,10,9,0,10,4,6,0,0,10,0,0,0,0,0,0
0,0,0,0,0,0,0,0,0,0,0,0,0,0,0,0
0,0,0,0,0,0,0,0,0,0,0,0,0,0,0,0
0,0,0,0,0,0,0,0,0,0,0,0,0,0,0,0
0,0,0,0,0,0,0,0,0,0,0,0,0,0,0,0
0,0,0,0,0,0,0,0,0,0,0,0,0,0,0,0
0,0,0,0,0,0,0,0,0,0,0,0,0,0,0,0
0,0,0,0,0,0,0,0,0,0,0,0,0,0,0,0
0,0,0,0,0,0,0,0,0,0,0,0,0,0,0,0
0,0,0,0,0,0,0,0,0,0,0,0,0,0,0,0
0,0,0,0,0,0,2,0,0,0,0,0,0,0,0,0
0,0,0,0,0,2,0,0,0,0,0,0,0,0,0,0
0,0,0,0,2,0,0,0,0,0,0,0,0,0,0,0
0,0,2,0,0,0,0,0,0,0,0,0,0,0,0,0
0,2,0,0,0,0,0,0,0,0,0,0,0,0,0,0
2,0,0,0,0,0,0,0,0,0,0,0,0,0,0,0
0,0,0,0,0,0,0,0,0,0,0,0,0,0,0,0
0,0,0,0,0,0,0,0,0,0,0,0,0,0,0,0
0,0,0,0,0,0,0,0,0,0,0,0,0,0,0,0
0,0,0,0,0,11,3,1,0,1,3,0,0,11,0,3
0,0,0,0,11,3,1,0,1,3,0,1,11,0,3,0
0,0,0,0,3,1,0,0,3,0,1,0,0,3,0,0
0,11,3,1,0,1,3,0,0,11,0,3,0,8,28,4
11,3,1,0,1,3,0,1,11,0,3,0,8,28,4,8
3,1,0,0,3,0,1,0,0,3,0,0,28,4,8,0
0,1,3,0,0,11,0,3,0,8,28,4,0,0,0,0
1,3,0,1,11,0,3,0,8,28,4,8,0,0,0,0
3,0,1,0,0,3,0,0,28,4,8,0,0,0,0,0
0,0,0,0,0,0,0,0,0,0,0,0,0,0,2,0
0,0,0,0,0,0,0,0,0,0,0,0,0,2,0,0
0,0,0,0,0,0,0,0,0,0,0,0,2,0,0,0
0,0,0,0,0,0,0,0,0,0,2,0,0,0,0,0
0,0,0,0,0,0,0,0,0,2,0,0,0,0,0,0
0,0,0,0,0,0,0,0,2,0,0,0,0,0,0,0
0,0,0,0,0,0,2,0,0,0,0,0,0,0,0,0
0,0,0,0,0,2,0,0,0,0,0,0,0,0,0,0
0,0,0,0,2,0,0,0,0,0,0,0,0,0,0,0
0,0,0,0,0,0,0,0,0,0,0,0,0,0,0,0
0,0,0,0,0,0,0,0,0,0,0,0,0,0,0,0
0,0,0,0,0,0,0,0,0,0,0,0,0,0,0,0
0,0,0,0,0,0,0,0,0,0,0,0,0,0,0,0
0,0,0,0,0,0,0,0,0,0,0,0,0,0,0,0
0,0,0,0,0,0,0,0,0,0,0,0,0,0,0,0
0,0,0,0,0,0,0,0,0,0,0,0,0,0,0,0
0,0,0,0,0,0,0,0,0,0,0,0,0,0,0,0
0,0,0,0,0,0,0,0,0,0,0,0,0,0,0,0
0,0,0,0,0,5,8,11,0,5,4,7,0,14,8,0
0,0,0,0,5,8,11,4,5,4,7,6,14,8,0,5
0,0,0,0,8,11,4,0,4,7,6,0,8,0,5,0
0,5,8,11,0,5,4,7,0,14,8,0,0,2,4,8
5,8,11,4,5,4,7,6,14,8,0,5,2,4,8,14
8,11,4,0,4,7,6,0,8,0,5,0,4,8,14,0
0,5,4,7,0,14,8,0,0,2,4,8,0,0,0,0
5,4,7,6,14,8,0,5,2,4,8,14,0,0,0,0
4,7,6,0,8,0,5,0,4,8,14,0,0,0,0,0
0,0,0,0,0,2,4,0,0,0,0,0,0,3,0,0
0,0,0,0,2,4,0,5,0,0,0,1,3,0,0,3
0,0,0,0,4,0,5,0,0,0,1,0,0,0,3,0
0,2,4,0,0,0,0,0,0,3,0,0,0,0,0,13
2,4,0,5,0,0,0,1,3,0,0,3,0,0,13,5
4,0,5,0,0,0,1,0,0,0,3,0,0,13,5,0
0,0,0,0,0,3,0,0,0,0,0,13,0,0,0,0
0,0,0,1,3,0,0,3,0,0,13,5,0,0,0,0
0,0,1,0,0,0,3,0,0,13,5,0,0,0,0,0
0,0,0,0,0,0,0,1,0,0,0,10,0,0,0,0
0,0,0,0,0,0,1,0,0,0,10,5,0,0,0,4
0,0,0,0,0,1,0,0,0,10,5,0,0,0,4,0
0,0,0,1,0,0,0,10,0,0,0,0,0,5,0,21
0,0,1,0,0,0,10,5,0,0,0,4,5,0,21,17
0,1,0,0,0,10,5,0,0,0,4,0,0,21,17,0
0,0,0,10,0,0,0,0,0,5,0,21,0,0,0,0
0,0,10,5,0,0,0,4,5,0,21,17,0,0,0,0
0,10,5,0,0,0,4,0,0,21,17,0,0,0,0,0
0,0,0,0,0,0,8,4,0,0,0,7,0,0,4,4
0,0,0,0,0,8,4,2,0,0,7,11,0,4,4,15
0,0,0,0,8,4,2,0,0,7,11,0,4,4,15,0
0,0,8,4,0,0,0,7,0,0,4,4,0,0,0,8
0,8,4,2,0,0,7,11,0,4,4,15,0,0,8,5
8,4,2,0,0,7,11,0,4,4,15,0,0,8,5,0
0,0,0,7,0,0,4,4,0,0,0,8,0,0,0,0
0,0,7,11,0,4,4,15,0,0,8,5,0,0,0,0
0,7,11,0,4,4,15,0,0,8,5,0,0,0,0,0
0,0,0,0,0,2,0,0,0,0,0,0,0,0,0,0
0,0,0,0,2,0,0,0,0,0,0,0,0,0,0,0
0,0,0,0,0,0,0,0,0,0,0,0,0,0,0,0
0,2,0,0,0,0,0,0,0,0,0,0,0,0,0,0
2,0,0,0,0,0,0,0,0,0,0,0,0,0,0,0
0,0,0,0,0,0,0,0,0,0,0,0,0,0,0,0
0,0,0,0,0,0,0,0,0,0,0,0,0,0,0,0
0,0,0,0,0,0,0,0,0,0,0,0,0,0,0,0
0,0,0,0,0,0,0,0,0,0,0,0,0,0,0,0
0,0,0,0,0,0,0,0,0,4,0,10,0,0,2,5
0,0,0,0,0,0,0,0,4,0,10,3,0,2,5,1
0,0,0,0,0,0,0,0,0,10,3,0,2,5,1,0
0,0,0,0,0,4,0,10,0,0,2,5,0,6,0,0
0,0,0,0,4,0,10,3,0,2,5,1,6,0,0,1
0,0,0,0,0,10,3,0,2,5,1,0,0,0,1,0
0,4,0,10,0,0,2,5,0,6,0,0,0,0,0,0
4,0,10,3,0,2,5,1,6,0,0,1,0,0,0,0
0,10,3,0,2,5,1,0,0,0,1,0,0,0,0,0
0,0,0,0,0,0,5,9,0,12,8,0,0,17,0,2
0,0,0,0,0,5,9,0,12,8,0,4,17,0,2,0
0,0,0,0,5,9,0,0,8,0,4,0,0,2,0,0
0,0,5,9,0,12,8,0,0,17,0,2,0,9,22,9
0,5,9,0,12,8,0,4,17,0,2,0,9,22,9,0
5,9,0,0,8,0,4,0,0,2,0,0,22,9,0,0
0,12,8,0,0,17,0,2,0,9,22,9,0,0,0,0
12,8,0,4,17,0,2,0,9,22,9,0,0,0,0,0
8,0,4,0,0,2,0,0,22,9,0,0,0,0,0,0
0,0,0,0,0,0,0,0,0,0,0,0,0,0,0,0
0,0,0,0,0,0,0,0,0,0,0,0,0,0,0,0
0,0,0,0,0,0,0,0,0,0,0,0,0,0,0,0
0,0,0,0,0,0,0,0,0,0,0,0,0,0,0,0
0,0,0,0,0,0,0,0,0,0,0,0,0,0,0,0
0,0,0,0,0,0,0,0,0,0,0,0,0,0,0,0
0,0,0,0,0,0,0,0,0,0,0,0,0,0,0,0
0,0,0,0,0,0,0,0,0,0,0,0,0,0,0,0
0,0,0,0,0,0,0,0,0,0,0,0,0,0,0,0
0,0,0,0,0,0,0,0,0,1,3,0,0,3,6,11
0,0,0,0,0,0,0,5,1,3,0,0,3,6,11,0
0,0,0,0,0,0,5,0,3,0,0,0,6,11,0,0
0,0,0,0,0,1,3,0,0,3,6,11,0,8,0,0
0,0,0,5,1,3,0,0,3,6,11,0,8,0,0,0
0,0,5,0,3,0,0,0,6,11,0,0,0,0,0,0
0,1,3,0,0,3,6,11,0,8,0,0,0,0,0,0
1,3,0,0,3,6,11,0,8,0,0,0,0,0,0,0
3,0,0,0,6,11,0,0,0,0,0,0,0,0,0,0
0,0,0,0,0,5,2,5,0,0,7,0,0,3,1,1
0,0,0,0,5,2,5,3,0,7,0,0,3,1,1,0
0,0,0,0,2,5,3,0,7,0,0,0,1,1,0,0
0,5,2,5,0,0,7,0,0,3,1,1,0,0,6,0
5,2,5,3,0,7,0,0,3,1,1,0,0,6,0,1
2,5,3,0,7,0,0,0,1,1,0,0,6,0,1,0
0,0,7,0,0,3,1,1,0,0,6,0,0,0,0,0
0,7,0,0,3,1,1,0,0,6,0,1,0,0,0,0
7,0,0,0,1,1,0,0,6,0,1,0,0,0,0,0
0,0,0,0,0,0,0,0,0,0,6,0,0,0,0,0
0,0,0,0,0,0,0,0,0,6,0,0,0,0,0,0
0,0,0,0,0,0,0,0,6,0,0,0,0,0,0,0
0,0,0,0,0,0,6,0,0,0,0,0,0,0,0,0
0,0,0,0,0,6,0,0,0,0,0,0,0,0,0,0
0,0,0,0,6,0,0,0,0,0,0,0,0,0,0,0
0,0,6,0,0,0,0,0,0,0,0,0,0,0,0,0
0,6,0,0,0,0,0,0,0,0,0,0,0,0,0,0
6,0,0,0,0,0,0,0,0,0,0,0,0,0,0,0
0,0,0,0,0,5,7,12,0,6,0,1,0,11,0,0
0,0,0,0,5,7,12,6,6,0,1,0,11,0,0,0
0,0,0,0,7,12,6,0,0,1,0,0,0,0,0,0
0,5,7,12,0,6,0,1,0,11,0,0,0,0,11,0
5,7,12,6,6,0,1,0,11,0,0,0,0,11,0,0
7,12,6,0,0,1,0,0,0,0,0,0,11,0,0,0
0,6,0,1,0,11,0,0,0,0,11,0,0,0,0,0
6,0,1,0,11,0,0,0,0,11,0,0,0,0,0,0
0,1,0,0,0,0,0,0,11,0,0,0,0,0,0,0
0,0,0,0,0,0,0,0,0,0,0,0,0,0,0,2
0,0,0,0,0,0,0,0,0,0,0,0,0,0,2,0
0,0,0,0,0,0,0,0,0,0,0,0,0,2,0,0
0,0,0,0,0,0,0,0,0,0,0,2,0,0,0,0
0,0,0,0,0,0,0,0,0,0,2,0,0,0,0,2
0,0,0,0,0,0,0,0,0,2,0,0,0,0,2,0
0,0,0,0,0,0,0,2,0,0,0,0,0,0,0,0
0,0,0,0,0,0,2,0,0,0,0,2,0,0,0,0
0,0,0,0,0,2,0,0,0,0,2,0,0,0,0,0
0,0,0,0,0,0,0,0,0,0,0,0,0,0,0,0
0,0,0,0,0,0,0,0,0,0,0,0,0,0,0,0
0,0,0,0,0,0,0,0,0,0,0,0,0,0,0,0
0,0,0,0,0,0,0,0,0,0,0,0,0,0,0,0
0,0,0,0,0,0,0,0,0,0,0,0,0,0,0,0
0,0,0,0,0,0,0,0,0,0,0,0,0,0,0,0
0,0,0,0,0,0,0,0,0,0,0,0,0,0,0,0
0,0,0,0,0,0,0,0,0,0,0,0,0,0,0,0
0,0,0,0,0,0,0,0,0,0,0,0,0,0,0,0
0,0,0,0,0,2,0,1,0,5,11,16,0,17,4,0
0,0,0,0,2,0,1,0,5,11,16,10,17,4,0,0
0,0,0,0,0,1,0,0,11,16,10,0,4,0,0,0
0,2,0,1,0,5,11,16,0,17,4,0,0,10,41,14
2,0,1,0,5,11,16,10,17,4,0,0,10,41,14,12
0,1,0,0,11,16,10,0,4,0,0,0,41,14,12,0
0,5,11,16,0,17,4,0,0,10,41,14,0,0,0,0
5,11,16,10,17,4,0,0,10,41,14,12,0,0,0,0
11,16,10,0,4,0,0,0,41,14,12,0,0,0,0,0
0,0,0,0,0,0,0,0,0,0,4,8,0,0,0,1
0,0,0,0,0,0,0,0,0,4,8,2,0,0,1,7
0,0,0,0,0,0,0,0,4,8,2,0,0,1,7,0
0,0,0,0,0,0,4,8,0,0,0,1,0,0,0,0
0,0,0,0,0,4,8,2,0,0,1,7,0,0,0,0
0,0,0,0,4,8,2,0,0,1,7,0,0,0,0,0
0,0,4,8,0,0,0,1,0,0,0,0,0,0,0,0
0,4,8,2,0,0,1,7,0,0,0,0,0,0,0,0
4,8,2,0,0,1,7,0,0,0,0,0,0,0,0,0
0,0,0,0,0,0,0,0,0,0,0,0,0,0,0,0
0,0,0,0,0,0,0,0,0,0,0,0,0,0,0,0
0,0,0,0,0,0,0,0,0,0,0,0,0,0,0,0
0,0,0,0,0,0,0,0,0,0,0,0,0,7,0,0
0,0,0,0,0,0,0,0,0,0,0,0,7,0,0,0
0,0,0,0,0,0,0,0,0,0,0,0,0,0,0,0
0,0,0,0,0,0,0,0,0,7,0,0,0,0,0,0
0,0,0,0,0,0,0,0,7,0,0,0,0,0,0,0
0,0,0,0,0,0,0,0,0,0,0,0,0,0,0,0
0,0,0,0,0,13,9,10,0,1,2,2,0,0,8,8
0,0,0,0,13,9,10,10,1,2,2,8,0,8,8,13
0,0,0,0,9,10,10,0,2,2,8,0,8,8,13,0
0,13,9,10,0,1,2,2,0,0,8,8,0,0,30,14
13,9,10,10,1,2,2,8,0,8,8,13,0,30,14,1
9,10,10,0,2,2,8,0,8,8,13,0,30,14,1,0
0,1,2,2,0,0,8,8,0,0,30,14,0,0,0,0
1,2,2,8,0,8,8,13,0,30,14,1,0,0,0,0
2,2,8,0,8,8,13,0,30,14,1,0,0,0,0,0
0,0,0,0,0,0,0,2,0,0,1,0,0,5,0,4
0,0,0,0,0,0,2,3,0,1,0,2,5,0,4,3
0,0,0,0,0,2,3,0,1,0,2,0,0,4,3,0
0,0,0,2,0,0,1,0,0,5,0,4,0,0,9,0
0,0,2,3,0,1,0,2,5,0,4,3,0,9,0,0
0,2,3,0,1,0,2,0,0,4,3,0,9,0,0,0
0,0,1,0,0,5,0,4,0,0,9,0,0,0,0,0
0,1,0,2,5,0,4,3,0,9,0,0,0,0,0,0
1,0,2,0,0,4,3,0,9,0,0,0,0,0,0,0
0,0,0,0,0,0,6,8,0,3,1,13,0,6,6,4
0,0,0,0,0,6,8,9,3,1,13,19,6,6,4,23
0,0,0,0,6,8,9,0,1,13,19,0,6,4,23,0
0,0,6,8,0,3,1,13,0,6,6,4,0,2,24,14
0,6,8,9,3,1,13,19,6,6,4,23,2,24,14,19
6,8,9,0,1,13,19,0,6,4,23,0,24,14,19,0
0,3,1,13,0,6,6,4,0,2,24,14,0,0,0,0
3,1,13,19,6,6,4,23,2,24,14,19,0,0,0,0
1,13,19,0,6,4,23,0,24,14,19,0,0,0,0,0
0,0,0,0,0,7,1,3,0,0,0,0,0,0,0,0
0,0,0,0,7,1,3,4,0,0,0,0,0,0,0,0
0,0,0,0,1,3,4,0,0,0,0,0,0,0,0,0
0,7,1,3,0,0,0,0,0,0,0,0,0,0,0,0
7,1,3,4,0,0,0,0,0,0,0,0,0,0,0,9
1,3,4,0,0,0,0,0,0,0,0,0,0,0,9,0
0,0,0,0,0,0,0,0,0,0,0,0,0,0,0,0
0,0,0,0,0,0,0,0,0,0,0,9,0,0,0,0
0,0,0,0,0,0,0,0,0,0,9,0,0,0,0,0
0,0,0,0,0,6,7,8,0,15,5,11,0,9,2,0
0,0,0,0,6,7,8,6,15,5,11,6,9,2,0,2
0,0,0,0,7,8,6,0,5,11,6,0,2,0,2,0
0,6,7,8,0,15,5,11,0,9,2,0,0,14,17,17
6,7,8,6,15,5,11,6,9,2,0,2,14,17,17,10
7,8,6,0,5,11,6,0,2,0,2,0,17,17,10,0
0,15,5,11,0,9,2,0,0,14,17,17,0,0,0,0
15,5,11,6,9,2,0,2,14,17,17,10,0,0,0,0
5,11,6,0,2,0,2,0,17,17,10,0,0,0,0,0
0,0,0,0,0,5,17,15,0,13,15,14,0,17,15,12
0,0,0,0,5,17,15,16,13,15,14,15,17,15,12,19
0,0,0,0,17,15,16,0,15,14,15,0,15,12,19,0
0,5,17,15,0,13,15,14,0,17,15,12,0,11,36,10
5,17,15,16,13,15,14,15,17,15,12,19,11,36,10,6
17,15,16,0,15,14,15,0,15,12,19,0,36,10,6,0
0,13,15,14,0,17,15,12,0,11,36,10,0,0,0,0
13,15,14,15,17,15,12,19,11,36,10,6,0,0,0,0
15,14,15,0,15,12,19,0,36,10,6,0,0,0,0,0
0,0,0,0,0,0,0,0,0,1,0,2,0,7,0,8
0,0,0,0,0,0,0,3,1,0,2,0,7,0,8,0
0,0,0,0,0,0,3,0,0,2,0,0,0,8,0,0
0,0,0,0,0,1,0,2,0,7,0,8,0,0,0,14
0,0,0,3,1,0,2,0,7,0,8,0,0,0,14,3
0,0,3,0,0,2,0,0,0,8,0,0,0,14,3,0
0,1,0,2,0,7,0,8,0,0,0,14,0,0,0,0
1,0,2,0,7,0,8,0,0,0,14,3,0,0,0,0
0,2,0,0,0,8,0,0,0,14,3,0,0,0,0,0
0,0,0,0,0,5,6,7,0,0,0,0,0,9,0,6
0,0,0,0,5,6,7,1,0,0,0,0,9,0,6,0
0,0,0,0,6,7,1,0,0,0,0,0,0,6,0,0
0,5,6,7,0,0,0,0,0,9,0,6,0,3,10,0
5,6,7,1,0,0,0,0,9,0,6,0,3,10,0,0
6,7,1,0,0,0,0,0,0,6,0,0,10,0,0,0
0,0,0,0,0,9,0,6,0,3,10,0,0,0,0,0
0,0,0,0,9,0,6,0,3,10,0,0,0,0,0,0
0,0,0,0,0,6,0,0,10,0,0,0,0,0,0,0
0,0,0,0,0,0,0,0,0,0,0,7,0,0,6,3
0,0,0,0,0,0,0,2,0,0,7,2,0,6,3,9
0,0,0,0,0,0,2,0,0,7,2,0,6,3,9,0
0,0,0,0,0,0,0,7,0,0,6,3,0,11,0,6
0,0,0,2,0,0,7,2,0,6,3,9,11,0,6,5
0,0,2,0,0,7,2,0,6,3,9,0,0,6,5,0
0,0,0,7,0,0,6,3,0,11,0,6,0,0,0,0
0,0,7,2,0,6,3,9,11,0,6,5,0,0,0,0
0,7,2,0,6,3,9,0,0,6,5,0,0,0,0,0
0,0,0,0,0,0,0,4,0,7,4,7,0,2,8,8
0,0,0,0,0,0,4,0,7,4,7,9,2,8,8,5
0,0,0,0,0,4,0,0,4,7,9,0,8,8,5,0
0,0,0,4,0,7,4,7,0,2,8,8,0,0,27,1
0,0,4,0,7,4,7,9,2,8,8,5,0,27,1,0
0,4,0,0,4,7,9,0,8,8,5,0,27,1,0,0
0,7,4,7,0,2,8,8,0,0,27,1,0,0,0,0
7,4,7,9,2,8,8,5,0,27,1,0,0,0,0,0
4,7,9,0,8,8,5,0,27,1,0,0,0,0,0,0
0,0,0,0,0,1,2,4,0,4,15,3,0,10,2,10
0,0,0,0,1,2,4,5,4,15,3,8,10,2,10,15
0,0,0,0,2,4,5,0,15,3,8,0,2,10,15,0
0,1,2,4,0,4,15,3,0,10,2,10,0,3,17,4
1,2,4,5,4,15,3,8,10,2,10,15,3,17,4,5
2,4,5,0,15,3,8,0,2,10,15,0,17,4,5,0
0,4,15,3,0,10,2,10,0,3,17,4,0,0,0,0
4,15,3,8,10,2,10,15,3,17,4,5,0,0,0,0
15,3,8,0,2,10,15,0,17,4,5,0,0,0,0,0
0,0,0,0,0,0,0,0,0,0,2,0,0,0,1,2
0,0,0,0,0,0,0,1,0,2,0,1,0,1,2,0
0,0,0,0,0,0,1,0,2,0,1,0,1,2,0,0
0,0,0,0,0,0,2,0,0,0,1,2,0,0,0,0
0,0,0,1,0,2,0,1,0,1,2,0,0,0,0,0
0,0,1,0,2,0,1,0,1,2,0,0,0,0,0,0
0,0,2,0,0,0,1,2,0,0,0,0,0,0,0,0
0,2,0,1,0,1,2,0,0,0,0,0,0,0,0,0
2,0,1,0,1,2,0,0,0,0,0,0,0,0,0,0
0,0,0,0,0,10,11,8,0,0,2,1,0,0,9,12
0,0,0,0,10,11,8,11,0,2,1,0,0,9,12,3
0,0,0,0,11,8,11,0,2,1,0,0,9,12,3,0
0,10,11,8,0,0,2,1,0,0,9,12,0,3,0,0
10,11,8,11,0,2,1,0,0,9,12,3,3,0,0,4
11,8,11,0,2,1,0,0,9,12,3,0,0,0,4,0
0,0,2,1,0,0,9,12,0,3,0,0,0,0,0,0
0,2,1,0,0,9,12,3,3,0,0,4,0,0,0,0
2,1,0,0,9,12,3,0,0,0,4,0,0,0,0,0
0,0,0,0,0,6,10,5,0,9,18,19,0,29,12,9
0,0,0,0,6,10,5,6,9,18,19,22,29,12,9,26
0,0,0,0,10,5,6,0,18,19,22,0,12,9,26,0
0,6,10,5,0,9,18,19,0,29,12,9,0,19,50,37
6,10,5,6,9,18,19,22,29,12,9,26,19,50,37,37
10,5,6,0,18,19,22,0,12,9,26,0,50,37,37,0
0,9,18,19,0,29,12,9,0,19,50,37,0,0,0,0
9,18,19,22,29,12,9,26,19,50,37,37,0,0,0,0
18,19,22,0,12,9,26,0,50,37,37,0,0,0,0,0
0,0,0,0,0,0,0,0,0,0,0,0,0,0,0,0
0,0,0,0,0,0,0,0,0,0,0,0,0,0,0,0
0,0,0,0,0,0,0,0,0,0,0,0,0,0,0,0
0,0,0,0,0,0,0,0,0,0,0,0,0,0,0,0
0,0,0,0,0,0,0,0,0,0,0,0,0,0,0,0
0,0,0,0,0,0,0,0,0,0,0,0,0,0,0,0
0,0,0,0,0,0,0,0,0,0,0,0,0,0,0,0
0,0,0,0,0,0,0,0,0,0,0,0,0,0,0,0
0,0,0,0,0,0,0,0,0,0,0,0,0,0,0,0
0,0,0,0,0,12,10,10,0,8,10,14,0,10,0,11
0,0,0,0,12,10,10,7,8,10,14,16,10,0,11,15
0,0,0,0,10,10,7,0,10,14,16,0,0,11,15,0
0,12,10,10,0,8,10,14,0,10,0,11,0,7,32,34
12,10,10,7,8,10,14,16,10,0,11,15,7,32,34,32
10,10,7,0,10,14,16,0,0,11,15,0,32,34,32,0
0,8,10,14,0,10,0,11,0,7,32,34,0,0,0,0
8,10,14,16,10,0,11,15,7,32,34,32,0,0,0,0
10,14,16,0,0,11,15,0,32,34,32,0,0,0,0,0
0,0,0,0,0,0,2,1,0,0,0,1,0,0,0,0
0,0,0,0,0,2,1,0,0,0,1,0,0,0,0,2
0,0,0,0,2,1,0,0,0,1,0,0,0,0,2,0
0,0,2,1,0,0,0,1,0,0,0,0,0,0,0,0
0,2,1,0,0,0,1,0,0,0,0,2,0,0,0,0
2,1,0,0,0,1,0,0,0,0,2,0,0,0,0,0
0,0,0,1,0,0,0,0,0,0,0,0,0,0,0,0
0,0,1,0,0,0,0,2,0,0,0,0,0,0,0,0
0,1,0,0,0,0,2,0,0,0,0,0,0,0,0,0
0,0,0,0,0,0,0,0,0,0,0,0,0,0,0,0
0,0,0,0,0,0,0,0,0,0,0,0,0,0,0,0
0,0,0,0,0,0,0,0,0,0,0,0,0,0,0,0
0,0,0,0,0,0,0,0,0,0,0,0,0,0,0,0
0,0,0,0,0,0,0,0,0,0,0,0,0,0,0,0
0,0,0,0,0,0,0,0,0,0,0,0,0,0,0,0
0,0,0,0,0,0,0,0,0,0,0,0,0,0,0,0
0,0,0,0,0,0,0,0,0,0,0,0,0,0,0,0
0,0,0,0,0,0,0,0,0,0,0,0,0,0,0,0
0,0,0,0,0,0,0,0,0,6,2,0,0,5,0,3
0,0,0,0,0,0,0,0,6,2,0,0,5,0,3,0
0,0,0,0,0,0,0,0,2,0,0,0,0,3,0,0
0,0,0,0,0,6,2,0,0,5,0,3,0,0,2,0
0,0,0,0,6,2,0,0,5,0,3,0,0,2,0,0
0,0,0,0,2,0,0,0,0,3,0,0,2,0,0,0
0,6,2,0,0,5,0,3,0,0,2,0,0,0,0,0
6,2,0,0,5,0,3,0,0,2,0,0,0,0,0,0
2,0,0,0,0,3,0,0,2,0,0,0,0,0,0,0
0,0,0,0,0,0,0,0,0,0,0,0,0,0,1,0
0,0,0,0,0,0,0,0,0,0,0,0,0,1,0,0
0,0,0,0,0,0,0,0,0,0,0,0,1,0,0,0
0,0,0,0,0,0,0,0,0,0,1,0,0,0,0,0
0,0,0,0,0,0,0,0,0,1,0,0,0,0,0,0
0,0,0,0,0,0,0,0,1,0,0,0,0,0,0,0
0,0,0,0,0,0,1,0,0,0,0,0,0,0,0,0
0,0,0,0,0,1,0,0,0,0,0,0,0,0,0,0
0,0,0,0,1,0,0,0,0,0,0,0,0,0,0,0
0,0,0,0,0,0,0,0,0,0,0,12,0,0,9,1
0,0,0,0,0,0,0,0,0,0,12,2,0,9,1,1
0,0,0,0,0,0,0,0,0,12,2,0,9,1,1,0
0,0,0,0,0,0,0,12,0,0,9,1,0,14,0,1
0,0,0,0,0,0,12,2,0,9,1,1,14,0,1,0
0,0,0,0,0,12,2,0,9,1,1,0,0,1,0,0
0,0,0,12,0,0,9,1,0,14,0,1,0,0,0,0
0,0,12,2,0,9,1,1,14,0,1,0,0,0,0,0
0,12,2,0,9,1,1,0,0,1,0,0,0,0,0,0
0,0,0,0,0,0,0,0,0,1,0,0,0,0,0,0
0,0,0,0,0,0,0,0,1,0,0,0,0,0,0,0
0,0,0,0,0,0,0,0,0,0,0,0,0,0,0,0
0,0,0,0,0,1,0,0,0,0,0,0,0,0,0,0
0,0,0,0,1,0,0,0,0,0,0,0,0,0,0,0
0,0,0,0,0,0,0,0,0,0,0,0,0,0,0,0
0,1,0,0,0,0,0,0,0,0,0,0,0,0,0,0
1,0,0,0,0,0,0,0,0,0,0,0,0,0,0,0
0,0,0,0,0,0,0,0,0,0,0,0,0,0,0,0
0,0,0,0,0,10,2,0,0,0,6,16,0,4,5,0
0,0,0,0,10,2,0,0,0,6,16,5,4,5,0,3
0,0,0,0,2,0,0,0,6,16,5,0,5,0,3,0
0,10,2,0,0,0,6,16,0,4,5,0,0,5,7,18
10,2,0,0,0,6,16,5,4,5,0,3,5,7,18,15
2,0,0,0,6,16,5,0,5,0,3,0,7,18,15,0
0,0,6,16,0,4,5,0,0,5,7,18,0,0,0,0
0,6,16,5,4,5,0,3,5,7,18,15,0,0,0,0
6,16,5,0,5,0,3,0,7,18,15,0,0,0,0,0
0,0,0,0,0,13,13,13,0,11,6,21,0,8,9,9
0,0,0,0,13,13,13,5,11,6,21,19,8,9,9,20
0,0,0,0,13,13,5,0,6,21,19,0,9,9,20,0
0,13,13,13,0,11,6,21,0,8,9,9,0,16,29,40
13,13,13,5,11,6,21,19,8,9,9,20,16,29,40,26
13,13,5,0,6,21,19,0,9,9,20,0,29,40,26,0
0,11,6,21,0,8,9,9,0,16,29,40,0,0,0,0
11,6,21,19,8,9,9,20,16,29,40,26,0,0,0,0
6,21,19,0,9,9,20,0,29,40,26,0,0,0,0,0
0,0,0,0,0,3,1,0,0,0,0,1,0,0,0,7
0,0,0,0,3,1,0,0,0,0,1,0,0,0,7,2
0,0,0,0,1,0,0,0,0,1,0,0,0,7,2,0
0,3,1,0,0,0,0,1,0,0,0,7,0,6,0,8
3,1,0,0,0,0,1,0,0,0,7,2,6,0,8,2
1,0,0,0,0,1,0,0,0,7,2,0,0,8,2,0
0,0,0,1,0,0,0,7,0,6,0,8,0,0,0,0
0,0,1,0,0,0,7,2,6,0,8,2,0,0,0,0
0,1,0,0,0,7,2,0,0,8,2,0,0,0,0,0
0,0,0,0,0,7,2,0,0,2,20,18,0,16,15,11
0,0,0,0,7,2,0,3,2,20,18,16,16,15,11,12
0,0,0,0,2,0,3,0,20,18,16,0,15,11,12,0
0,7,2,0,0,2,20,18,0,16,15,11,0,13,16,16
7,2,0,3,2,20,18,16,16,15,11,12,13,16,16,16
2,0,3,0,20,18,16,0,15,11,12,0,16,16,16,0
0,2,20,18,0,16,15,11,0,13,16,16,0,0,0,0
2,20,18,16,16,15,11,12,13,16,16,16,0,0,0,0
20,18,16,0,15,11,12,0,16,16,16,0,0,0,0,0
0,0,0,0,0,3,8,9,0,1,3,16,0,5,11,8
0,0,0,0,3,8,9,5,1,3,16,12,5,11,8,17
0,0,0,0,8,9,5,0,3,16,12,0,11,8,17,0
0,3,8,9,0,1,3,16,0,5,11,8,0,0,25,12
3,8,9,5,1,3,16,12,5,11,8,17,0,25,12,5
8,9,5,0,3,16,12,0,11,8,17,0,25,12,5,0
0,1,3,16,0,5,11,8,0,0,25,12,0,0,0,0
1,3,16,12,5,11,8,17,0,25,12,5,0,0,0,0
3,16,12,0,11,8,17,0,25,12,5,0,0,0,0,0
0,0,0,0,0,6,5,4,0,0,2,0,0,0,1,3
0,0,0,0,6,5,4,4,0,2,0,6,0,1,3,0
0,0,0,0,5,4,4,0,2,0,6,0,1,3,0,0
0,6,5,4,0,0,2,0,0,0,1,3,0,0,0,0
6,5,4,4,0,2,0,6,0,1,3,0,0,0,0,0
5,4,4,0,2,0,6,0,1,3,0,0,0,0,0,0
0,0,2,0,0,0,1,3,0,0,0,0,0,0,0,0
0,2,0,6,0,1,3,0,0,0,0,0,0,0,0,0
2,0,6,0,1,3,0,0,0,0,0,0,0,0,0,0
0,0,0,0,0,0,0,0,0,0,0,0,0,0,0,0
0,0,0,0,0,0,0,0,0,0,0,0,0,0,0,0
0,0,0,0,0,0,0,0,0,0,0,0,0,0,0,0
0,0,0,0,0,0,0,0,0,0,0,0,0,0,0,0
0,0,0,0,0,0,0,0,0,0,0,0,0,0,0,0
0,0,0,0,0,0,0,0,0,0,0,0,0,0,0,0
0,0,0,0,0,0,0,0,0,0,0,0,0,0,0,0
0,0,0,0,0,0,0,0,0,0,0,0,0,0,0,0
0,0,0,0,0,0,0,0,0,0,0,0,0,0,0,0
0,0,0,0,0,5,2,6,0,1,8,10,0,8,11,6
0,0,0,0,5,2,6,4,1,8,10,9,8,11,6,8
0,0,0,0,2,6,4,0,8,10,9,0,11,6,8,0
0,5,2,6,0,1,8,10,0,8,11,6,0,8,16,0
5,2,6,4,1,8,10,9,8,11,6,8,8,16,0,5
2,6,4,0,8,10,9,0,11,6,8,0,16,0,5,0
0,1,8,10,0,8,11,6,0,8,16,0,0,0,0,0
1,8,10,9,8,11,6,8,8,16,0,5,0,0,0,0
8,10,9,0,11,6,8,0,16,0,5,0,0,0,0,0
0,0,0,0,0,0,0,0,0,0,0,0,0,0,0,1
0,0,0,0,0,0,0,0,0,0,0,0,0,0,1,0
0,0,0,0,0,0,0,0,0,0,0,0,0,1,0,0
0,0,0,0,0,0,0,0,0,0,0,1,0,0,0,0
0,0,0,0,0,0,0,0,0,0,1,0,0,0,0,0
0,0,0,0,0,0,0,0,0,1,0,0,0,0,0,0
0,0,0,0,0,0,0,1,0,0,0,0,0,0,0,0
0,0,0,0,0,0,1,0,0,0,0,0,0,0,0,0
0,0,0,0,0,1,0,0,0,0,0,0,0,0,0,0
0,0,0,0,0,2,5,4,0,2,4,5,0,0,0,0
0,0,0,0,2,5,4,6,2,4,5,4,0,0,0,0
0,0,0,0,5,4,6,0,4,5,4,0,0,0,0,0
0,2,5,4,0,2,4,5,0,0,0,0,0,0,0,2
2,5,4,6,2,4,5,4,0,0,0,0,0,0,2,0
5,4,6,0,4,5,4,0,0,0,0,0,0,2,0,0
0,2,4,5,0,0,0,0,0,0,0,2,0,0,0,0
2,4,5,4,0,0,0,0,0,0,2,0,0,0,0,0
4,5,4,0,0,0,0,0,0,2,0,0,0,0,0,0
0,0,0,0,0,0,0,0,0,0,0,0,0,0,5,2
0,0,0,0,0,0,0,0,0,0,0,0,0,5,2,0
0,0,0,0,0,0,0,0,0,0,0,0,5,2,0,0
0,0,0,0,0,0,0,0,0,0,5,2,0,0,0,0
0,0,0,0,0,0,0,0,0,5,2,0,0,0,0,0
0,0,0,0,0,0,0,0,5,2,0,0,0,0,0,0
0,0,0,0,0,0,5,2,0,0,0,0,0,0,0,0
0,0,0,0,0,5,2,0,0,0,0,0,0,0,0,0
0,0,0,0,5,2,0,0,0,0,0,0,0,0,0,0
0,0,0,0,0,0,0,1,0,0,0,4,0,0,0,0
0,0,0,0,0,0,1,0,0,0,4,0,0,0,0,0
0,0,0,0,0,1,0,0,0,4,0,0,0,0,0,0
0,0,0,1,0,0,0,4,0,0,0,0,0,1,0,0
0,0,1,0,0,0,4,0,0,0,0,0,1,0,0,2
0,1,0,0,0,4,0,0,0,0,0,0,0,0,2,0
0,0,0,4,0,0,0,0,0,1,0,0,0,0,0,0
0,0,4,0,0,0,0,0,1,0,0,2,0,0,0,0
0,4,0,0,0,0,0,0,0,0,2,0,0,0,0,0
0,0,0,0,0,0,0,0,0,0,0,0,0,0,0,0
0,0,0,0,0,0,0,0,0,0,0,0,0,0,0,0
0,0,0,0,0,0,0,0,0,0,0,0,0,0,0,0
0,0,0,0,0,0,0,0,0,0,0,0,0,0,0,0
0,0,0,0,0,0,0,0,0,0,0,0,0,0,0,0
0,0,0,0,0,0,0,0,0,0,0,0,0,0,0,0
0,0,0,0,0,0,0,0,0,0,0,0,0,0,0,0
0,0,0,0,0,0,0,0,0,0,0,0,0,0,0,0
0,0,0,0,0,0,0,0,0,0,0,0,0,0,0,0
0,0,0,0,0,4,9,13,0,5,1,20,0,8,5,2
0,0,0,0,4,9,13,12,5,1,20,18,8,5,2,13
0,0,0,0,9,13,12,0,1,20,18,0,5,2,13,0
0,4,9,13,0,5,1,20,0,8,5,2,0,9,22,9
4,9,13,12,5,1,20,18,8,5,2,13,9,22,9,8
9,13,12,0,1,20,18,0,5,2,13,0,22,9,8,0
0,5,1,20,0,8,5,2,0,9,22,9,0,0,0,0
5,1,20,18,8,5,2,13,9,22,9,8,0,0,0,0
1,20,18,0,5,2,13,0,22,9,8,0,0,0,0,0
0,0,0,0,0,0,0,0,0,0,0,0,0,0,0,0
0,0,0,0,0,0,0,0,0,0,0,0,0,0,0,0
0,0,0,0,0,0,0,0,0,0,0,0,0,0,0,0
0,0,0,0,0,0,0,0,0,0,0,0,0,0,0,0
0,0,0,0,0,0,0,0,0,0,0,0,0,0,0,0
0,0,0,0,0,0,0,0,0,0,0,0,0,0,0,0
0,0,0,0,0,0,0,0,0,0,0,0,0,0,0,0
0,0,0,0,0,0,0,0,0,0,0,0,0,0,0,0
0,0,0,0,0,0,0,0,0,0,0,0,0,0,0,0
0,0,0,0,0,0,0,0,0,0,0,0,0,0,0,0
0,0,0,0,0,0,0,0,0,0,0,0,0,0,0,0
0,0,0,0,0,0,0,0,0,0,0,0,0,0,0,0
0,0,0,0,0,0,0,0,0,0,0,0,0,0,0,0
0,0,0,0,0,0,0,0,0,0,0,0,0,0,0,0
0,0,0,0,0,0,0,0,0,0,0,0,0,0,0,0
0,0,0,0,0,0,0,0,0,0,0,0,0,0,0,0
0,0,0,0,0,0,0,0,0,0,0,0,0,0,0,0
0,0,0,0,0,0,0,0,0,0,0,0,0,0,0,0
0,0,0,0,0,0,0,0,0,0,3,3,0,0,0,4
0,0,0,0,0,0,0,5,0,3,3,12,0,0,4,13
0,0,0,0,0,0,5,0,3,3,12,0,0,4,13,0
0,0,0,0,0,0,3,3,0,0,0,4,0,10,0,6
0,0,0,5,0,3,3,12,0,0,4,13,10,0,6,8
0,0,5,0,3,3,12,0,0,4,13,0,0,6,8,0
0,0,3,3,0,0,0,4,0,10,0,6,0,0,0,0
0,3,3,12,0,0,4,13,10,0,6,8,0,0,0,0
3,3,12,0,0,4,13,0,0,6,8,0,0,0,0,0
0,0,0,0,0,2,7,13,0,12,20,7,0,2,9,10
0,0,0,0,2,7,13,8,12,20,7,9,2,9,10,11
0,0,0,0,7,13,8,0,20,7,9,0,9,10,11,0
0,2,7,13,0,12,20,7,0,2,9,10,0,16,16,17
2,7,13,8,12,20,7,9,2,9,10,11,16,16,17,6
7,13,8,0,20,7,9,0,9,10,11,0,16,17,6,0
0,12,20,7,0,2,9,10,0,16,16,17,0,0,0,0
12,20,7,9,2,9,10,11,16,16,17,6,0,0,0,0
20,7,9,0,9,10,11,0,16,17,6,0,0,0,0,0
0,0,0,0,0,0,0,0,0,0,0,0,0,0,0,0
0,0,0,0,0,0,0,0,0,0,0,0,0,0,0,3
0,0,0,0,0,0,0,0,0,0,0,0,0,0,3,0
0,0,0,0,0,0,0,0,0,0,0,0,0,1,0,0
0,0,0,0,0,0,0,0,0,0,0,3,1,0,0,0
0,0,0,0,0,0,0,0,0,0,3,0,0,0,0,0
0,0,0,0,0,0,0,0,0,1,0,0,0,0,0,0
0,0,0,0,0,0,0,3,1,0,0,0,0,0,0,0
0,0,0,0,0,0,3,0,0,0,0,0,0,0,0,0
0,0,0,0,0,0,0,0,0,0,0,0,0,0,0,0
0,0,0,0,0,0,0,0,0,0,0,0,0,0,0,0
0,0,0,0,0,0,0,0,0,0,0,0,0,0,0,0
0,0,0,0,0,0,0,0,0,0,0,0,0,0,0,0
0,0,0,0,0,0,0,0,0,0,0,0,0,0,0,0
0,0,0,0,0,0,0,0,0,0,0,0,0,0,0,0
0,0,0,0,0,0,0,0,0,0,0,0,0,0,0,0
0,0,0,0,0,0,0,0,0,0,0,0,0,0,0,0
0,0,0,0,0,0,0,0,0,0,0,0,0,0,0,0
0,0,0,0,0,5,0,0,0,0,0,0,0,13,0,0
0,0,0,0,5,0,0,0,0,0,0,0,13,0,0,0
0,0,0,0,0,0,0,0,0,0,0,0,0,0,0,0
0,5,0,0,0,0,0,0,0,13,0,0,0,0,11,0
5,0,0,0,0,0,0,0,13,0,0,0,0,11,0,0
0,0,0,0,0,0,0,0,0,0,0,0,11,0,0,0
0,0,0,0,0,13,0,0,0,0,11,0,0,0,0,0
0,0,0,0,13,0,0,0,0,11,0,0,0,0,0,0
0,0,0,0,0,0,0,0,11,0,0,0,0,0,0,0
0,0,0,0,0,0,0,0,0,0,0,0,0,0,0,3
0,0,0,0,0,0,0,0,0,0,0,0,0,0,3,3
0,0,0,0,0,0,0,0,0,0,0,0,0,3,3,0
0,0,0,0,0,0,0,0,0,0,0,3,0,0,0,5
0,0,0,0,0,0,0,0,0,0,3,3,0,0,5,0
0,0,0,0,0,0,0,0,0,3,3,0,0,5,0,0
0,0,0,0,0,0,0,3,0,0,0,5,0,0,0,0
0,0,0,0,0,0,3,3,0,0,5,0,0,0,0,0
0,0,0,0,0,3,3,0,0,5,0,0,0,0,0,0
0,0,0,0,0,5,0,2,0,0,5,7,0,0,1,0
0,0,0,0,5,0,2,0,0,5,7,0,0,1,0,0
0,0,0,0,0,2,0,0,5,7,0,0,1,0,0,0
0,5,0,2,0,0,5,7,0,0,1,0,0,6,11,7
5,0,2,0,0,5,7,0,0,1,0,0,6,11,7,10
0,2,0,0,5,7,0,0,1,0,0,0,11,7,10,0
0,0,5,7,0,0,1,0,0,6,11,7,0,0,0,0
0,5,7,0,0,1,0,0,6,11,7,10,0,0,0,0
5,7,0,0,1,0,0,0,11,7,10,0,0,0,0,0
0,0,0,0,0,13,12,18,0,13,18,16,0,21,9,4
0,0,0,0,13,12,18,16,13,18,16,15,21,9,4,15
0,0,0,0,12,18,16,0,18,16,15,0,9,4,15,0
0,13,12,18,0,13,18,16,0,21,9,4,0,22,21,24
13,12,18,16,13,18,16,15,21,9,4,15,22,21,24,30
12,18,16,0,18,16,15,0,9,4,15,0,21,24,30,0
0,13,18,16,0,21,9,4,0,22,21,24,0,0,0,0
13,18,16,15,21,9,4,15,22,21,24,30,0,0,0,0
18,16,15,0,9,4,15,0,21,24,30,0,0,0,0,0
0,0,0,0,0,9,3,3,0,0,9,0,0,0,1,0
0,0,0,0,9,3,3,0,0,9,0,0,0,1,0,1
0,0,0,0,3,3,0,0,9,0,0,0,1,0,1,0
0,9,3,3,0,0,9,0,0,0,1,0,0,0,4,0
9,3,3,0,0,9,0,0,0,1,0,1,0,4,0,0
3,3,0,0,9,0,0,0,1,0,1,0,4,0,0,0
0,0,9,0,0,0,1,0,0,0,4,0,0,0,0,0
0,9,0,0,0,1,0,1,0,4,0,0,0,0,0,0
9,0,0,0,1,0,1,0,4,0,0,0,0,0,0,0
0,0,0,0,0,0,0,0,0,6,4,9,0,0,5,8
0,0,0,0,0,0,0,0,6,4,9,4,0,5,8,0
0,0,0,0,0,0,0,0,4,9,4,0,5,8,0,0
0,0,0,0,0,6,4,9,0,0,5,8,0,6,0,2
0,0,0,0,6,4,9,4,0,5,8,0,6,0,2,5
0,0,0,0,4,9,4,0,5,8,0,0,0,2,5,0
0,6,4,9,0,0,5,8,0,6,0,2,0,0,0,0
6,4,9,4,0,5,8,0,6,0,2,5,0,0,0,0
4,9,4,0,5,8,0,0,0,2,5,0,0,0,0,0
0,0,0,0,0,0,0,0,0,0,2,0,0,0,0,0
0,0,0,0,0,0,0,0,0,2,0,0,0,0,0,0
0,0,0,0,0,0,0,0,2,0,0,0,0,0,0,0
0,0,0,0,0,0,2,0,0,0,0,0,0,0,0,0
0,0,0,0,0,2,0,0,0,0,0,0,0,0,0,0
0,0,0,0,2,0,0,0,0,0,0,0,0,0,0,0
0,0,2,0,0,0,0,0,0,0,0,0,0,0,0,0
0,2,0,0,0,0,0,0,0,0,0,0,0,0,0,0
2,0,0,0,0,0,0,0,0,0,0,0,0,0,0,0
0,0,0,0,0,9,1,5,0,16,12,3,0,9,1,2
0,0,0,0,9,1,5,0,16,12,3,0,9,1,2,1
0,0,0,0,1,5,0,0,12,3,0,0,1,2,1,0
0,9,1,5,0,16,12,3,0,9,1,2,0,2,0,0
9,1,5,0,16,12,3,0,9,1,2,1,2,0,0,0
1,5,0,0,12,3,0,0,1,2,1,0,0,0,0,0
0,16,12,3,0,9,1,2,0,2,0,0,0,0,0,0
16,12,3,0,9,1,2,1,2,0,0,0,0,0,0,0
12,3,0,0,1,2,1,0,0,0,0,0,0,0,0,0
0,0,0,0,0,3,1,2,0,0,0,0,0,0,0,0
0,0,0,0,3,1,2,0,0,0,0,0,0,0,0,0
0,0,0,0,1,2,0,0,0,0,0,0,0,0,0,0
0,3,1,2,0,0,0,0,0,0,0,0,0,0,0,0
3,1,2,0,0,0,0,0,0,0,0,0,0,0,0,0
1,2,0,0,0,0,0,0,0,0,0,0,0,0,0,0
0,0,0,0,0,0,0,0,0,0,0,0,0,0,0,0
0,0,0,0,0,0,0,0,0,0,0,0,0,0,0,0
0,0,0,0,0,0,0,0,0,0,0,0,0,0,0,0
0,0,0,0,0,3,0,0,0,2,14,18,0,1,13,10
0,0,0,0,3,0,0,1,2,14,18,14,1,13,10,7
0,0,0,0,0,0,1,0,14,18,14,0,13,10,7,0
0,3,0,0,0,2,14,18,0,1,13,10,0,7,7,15
3,0,0,1,2,14,18,14,1,13,10,7,7,7,15,15
0,0,1,0,14,18,14,0,13,10,7,0,7,15,15,0
0,2,14,18,0,1,13,10,0,7,7,15,0,0,0,0
2,14,18,14,1,13,10,7,7,7,15,15,0,0,0,0
14,18,14,0,13,10,7,0,7,15,15,0,0,0,0,0
0,0,0,0,0,0,2,0,0,4,3,6,0,0,0,0
0,0,0,0,0,2,0,0,4,3,6,0,0,0,0,0
0,0,0,0,2,0,0,0,3,6,0,0,0,0,0,0
0,0,2,0,0,4,3,6,0,0,0,0,0,6,0,1
0,2,0,0,4,3,6,0,0,0,0,0,6,0,1,0
2,0,0,0,3,6,0,0,0,0,0,0,0,1,0,0
0,4,3,6,0,0,0,0,0,6,0,1,0,0,0,0
4,3,6,0,0,0,0,0,6,0,1,0,0,0,0,0
3,6,0,0,0,0,0,0,0,1,0,0,0,0,0,0
0,0,0,0,0,0,0,1,0,0,0,0,0,0,0,0
0,0,0,0,0,0,1,0,0,0,0,0,0,0,0,0
0,0,0,0,0,1,0,0,0,0,0,0,0,0,0,0
0,0,0,1,0,0,0,0,0,0,0,0,0,0,0,0
0,0,1,0,0,0,0,0,0,0,0,0,0,0,0,0
0,1,0,0,0,0,0,0,0,0,0,0,0,0,0,0
0,0,0,0,0,0,0,0,0,0,0,0,0,0,0,0
0,0,0,0,0,0,0,0,0,0,0,0,0,0,0,0
0,0,0,0,0,0,0,0,0,0,0,0,0,0,0,0
0,0,0,0,0,0,0,0,0,0,0,0,0,0,0,0
0,0,0,0,0,0,0,0,0,0,0,0,0,0,0,2
0,0,0,0,0,0,0,0,0,0,0,0,0,0,2,0
0,0,0,0,0,0,0,0,0,0,0,0,0,0,0,0
0,0,0,0,0,0,0,0,0,0,0,2,0,0,0,0
0,0,0,0,0,0,0,0,0,0,2,0,0,0,0,0
0,0,0,0,0,0,0,0,0,0,0,0,0,0,0,0
0,0,0,0,0,0,0,2,0,0,0,0,0,0,0,0
0,0,0,0,0,0,2,0,0,0,0,0,0,0,0,0
0,0,0,0,0,10,5,6,0,6,12,0,0,9,5,4
0,0,0,0,10,5,6,13,6,12,0,0,9,5,4,0
0,0,0,0,5,6,13,0,12,0,0,0,5,4,0,0
0,10,5,6,0,6,12,0,0,9,5,4,0,0,0,0
10,5,6,13,6,12,0,0,9,5,4,0,0,0,0,0
5,6,13,0,12,0,0,0,5,4,0,0,0,0,0,0
0,6,12,0,0,9,5,4,0,0,0,0,0,0,0,0
6,12,0,0,9,5,4,0,0,0,0,0,0,0,0,0
12,0,0,0,5,4,0,0,0,0,0,0,0,0,0,0
0,0,0,0,0,6,5,2,0,1,0,5,0,1,0,0
0,0,0,0,6,5,2,6,1,0,5,3,1,0,0,9
0,0,0,0,5,2,6,0,0,5,3,0,0,0,9,0
0,6,5,2,0,1,0,5,0,1,0,0,0,0,8,8
6,5,2,6,1,0,5,3,1,0,0,9,0,8,8,0
5,2,6,0,0,5,3,0,0,0,9,0,8,8,0,0
0,1,0,5,0,1,0,0,0,0,8,8,0,0,0,0
1,0,5,3,1,0,0,9,0,8,8,0,0,0,0,0
0,5,3,0,0,0,9,0,8,8,0,0,0,0,0,0
0,0,0,0,0,0,0,0,0,0,0,3,0,0,0,6
0,0,0,0,0,0,0,1,0,0,3,4,0,0,6,4
0,0,0,0,0,0,1,0,0,3,4,0,0,6,4,0
0,0,0,0,0,0,0,3,0,0,0,6,0,2,0,10
0,0,0,1,0,0,3,4,0,0,6,4,2,0,10,7
0,0,1,0,0,3,4,0,0,6,4,0,0,10,7,0
0,0,0,3,0,0,0,6,0,2,0,10,0,0,0,0
0,0,3,4,0,0,6,4,2,0,10,7,0,0,0,0
0,3,4,0,0,6,4,0,0,10,7,0,0,0,0,0
0,0,0,0,0,8,17,25,0,14,14,13,0,17,15,11
0,0,0,0,8,17,25,19,14,14,13,2,17,15,11,13
0,0,0,0,17,25,19,0,14,13,2,0,15,11,13,0
0,8,17,25,0,14,14,13,0,17,15,11,0,3,17,7
8,17,25,19,14,14,13,2,17,15,11,13,3,17,7,7
17,25,19,0,14,13,2,0,15,11,13,0,17,7,7,0
0,14,14,13,0,17,15,11,0,3,17,7,0,0,0,0
14,14,13,2,17,15,11,13,3,17,7,7,0,0,0,0
14,13,2,0,15,11,13,0,17,7,7,0,0,0,0,0
0,0,0,0,0,0,0,0,0,2,2,0,0,0,0,1
0,0,0,0,0,0,0,0,2,2,0,1,0,0,1,0
0,0,0,0,0,0,0,0,2,0,1,0,0,1,0,0
0,0,0,0,0,2,2,0,0,0,0,1,0,0,0,0
0,0,0,0,2,2,0,1,0,0,1,0,0,0,0,0
0,0,0,0,2,0,1,0,0,1,0,0,0,0,0,0
0,2,2,0,0,0,0,1,0,0,0,0,0,0,0,0
2,2,0,1,0,0,1,0,0,0,0,0,0,0,0,0
2,0,1,0,0,1,0,0,0,0,0,0,0,0,0,0
0,0,0,0,0,0,0,0,0,0,0,0,0,0,0,0
0,0,0,0,0,0,0,0,0,0,0,0,0,0,0,0
0,0,0,0,0,0,0,0,0,0,0,0,0,0,0,0
0,0,0,0,0,0,0,0,0,0,0,0,0,0,0,0
0,0,0,0,0,0,0,0,0,0,0,0,0,0,0,0
0,0,0,0,0,0,0,0,0,0,0,0,0,0,0,0
0,0,0,0,0,0,0,0,0,0,0,0,0,0,0,0
0,0,0,0,0,0,0,0,0,0,0,0,0,0,0,0
0,0,0,0,0,0,0,0,0,0,0,0,0,0,0,0
0,0,0,0,0,1,5,6,0,0,0,13,0,1,6,0
0,0,0,0,1,5,6,3,0,0,13,2,1,6,0,7
0,0,0,0,5,6,3,0,0,13,2,0,6,0,7,0
0,1,5,6,0,0,0,13,0,1,6,0,0,0,0,0
1,5,6,3,0,0,13,2,1,6,0,7,0,0,0,0
5,6,3,0,0,13,2,0,6,0,7,0,0,0,0,0
0,0,0,13,0,1,6,0,0,0,0,0,0,0,0,0
0,0,13,2,1,6,0,7,0,0,0,0,0,0,0,0
0,13,2,0,6,0,7,0,0,0,0,0,0,0,0,0
0,0,0,0,0,4,0,0,0,5,6,3,0,9,9,3
0,0,0,0,4,0,0,0,5,6,3,0,9,9,3,0
0,0,0,0,0,0,0,0,6,3,0,0,9,3,0,0
0,4,0,0,0,5,6,3,0,9,9,3,0,16,26,4
4,0,0,0,5,6,3,0,9,9,3,0,16,26,4,8
0,0,0,0,6,3,0,0,9,3,0,0,26,4,8,0
0,5,6,3,0,9,9,3,0,16,26,4,0,0,0,0
5,6,3,0,9,9,3,0,16,26,4,8,0,0,0,0
6,3,0,0,9,3,0,0,26,4,8,0,0,0,0,0
0,0,0,0,0,0,8,13,0,6,0,5,0,0,16,5
0,0,0,0,0,8,13,11,6,0,5,8,0,16,5,1
0,0,0,0,8,13,11,0,0,5,8,0,16,5,1,0
0,0,8,13,0,6,0,5,0,0,16,5,0,10,12,3
0,8,13,11,6,0,5,8,0,16,5,1,10,12,3,7
8,13,11,0,0,5,8,0,16,5,1,0,12,3,7,0
0,6,0,5,0,0,16,5,0,10,12,3,0,0,0,0
6,0,5,8,0,16,5,1,10,12,3,7,0,0,0,0
0,5,8,0,16,5,1,0,12,3,7,0,0,0,0,0
0,0,0,0,0,0,0,0,0,3,1,1,0,0,0,2
0,0,0,0,0,0,0,2,3,1,1,0,0,0,2,7
0,0,0,0,0,0,2,0,1,1,0,0,0,2,7,0
0,0,0,0,0,3,1,1,0,0,0,2,0,0,10,0
0,0,0,2,3,1,1,0,0,0,2,7,0,10,0,0
0,0,2,0,1,1,0,0,0,2,7,0,10,0,0,0
0,3,1,1,0,0,0,2,0,0,10,0,0,0,0,0
3,1,1,0,0,0,2,7,0,10,0,0,0,0,0,0
1,1,0,0,0,2,7,0,10,0,0,0,0,0,0,0
0,0,0,0,0,0,2,3,0,0,0,0,0,0,0,0
0,0,0,0,0,2,3,0,0,0,0,0,0,0,0,0
0,0,0,0,2,3,0,0,0,0,0,0,0,0,0,0
0,0,2,3,0,0,0,0,0,0,0,0,0,0,0,0
0,2,3,0,0,0,0,0,0,0,0,0,0,0,0,0
2,3,0,0,0,0,0,0,0,0,0,0,0,0,0,0
0,0,0,0,0,0,0,0,0,0,0,0,0,0,0,0
0,0,0,0,0,0,0,0,0,0,0,0,0,0,0,0
0,0,0,0,0,0,0,0,0,0,0,0,0,0,0,0
0,0,0,0,0,0,3,3,0,0,0,1,0,0,1,9
0,0,0,0,0,3,3,1,0,0,1,3,0,1,9,0
0,0,0,0,3,3,1,0,0,1,3,0,1,9,0,0
0,0,3,3,0,0,0,1,0,0,1,9,0,4,0,0
0,3,3,1,0,0,1,3,0,1,9,0,4,0,0,0
3,3,1,0,0,1,3,0,1,9,0,0,0,0,0,0
0,0,0,1,0,0,1,9,0,4,0,0,0,0,0,0
0,0,1,3,0,1,9,0,4,0,0,0,0,0,0,0
0,1,3,0,1,9,0,0,0,0,0,0,0,0,0,0
0,0,0,0,0,0,0,0,0,0,0,0,0,0,0,0
0,0,0,0,0,0,0,0,0,0,0,0,0,0,0,0
0,0,0,0,0,0,0,0,0,0,0,0,0,0,0,0
0,0,0,0,0,0,0,0,0,0,0,0,0,0,0,0
0,0,0,0,0,0,0,0,0,0,0,0,0,0,0,0
0,0,0,0,0,0,0,0,0,0,0,0,0,0,0,0
0,0,0,0,0,0,0,0,0,0,0,0,0,0,0,0
0,0,0,0,0,0,0,0,0,0,0,0,0,0,0,0
0,0,0,0,0,0,0,0,0,0,0,0,0,0,0,0
0,0,0,0,0,3,0,0,0,11,0,11,0,10,10,5
0,0,0,0,3,0,0,1,11,0,11,7,10,10,5,15
0,0,0,0,0,0,1,0,0,11,7,0,10,5,15,0
0,3,0,0,0,11,0,11,0,10,10,5,0,16,29,21
3,0,0,1,11,0,11,7,10,10,5,15,16,29,21,22
0,0,1,0,0,11,7,0,10,5,15,0,29,21,22,0
0,11,0,11,0,10,10,5,0,16,29,21,0,0,0,0
11,0,11,7,10,10,5,15,16,29,21,22,0,0,0,0
0,11,7,0,10,5,15,0,29,21,22,0,0,0,0,0
0,0,0,0,0,11,5,9,0,13,20,5,0,13,2,1
0,0,0,0,11,5,9,8,13,20,5,4,13,2,1,5
0,0,0,0,5,9,8,0,20,5,4,0,2,1,5,0
0,11,5,9,0,13,20,5,0,13,2,1,0,15,27,11
11,5,9,8,13,20,5,4,13,2,1,5,15,27,11,1
5,9,8,0,20,5,4,0,2,1,5,0,27,11,1,0
0,13,20,5,0,13,2,1,0,15,27,11,0,0,0,0
13,20,5,4,13,2,1,5,15,27,11,1,0,0,0,0
20,5,4,0,2,1,5,0,27,11,1,0,0,0,0,0
0,0,0,0,0,0,1,4,0,0,1,0,0,0,0,0
0,0,0,0,0,1,4,0,0,1,0,0,0,0,0,0
0,0,0,0,1,4,0,0,1,0,0,0,0,0,0,0
0,0,1,4,0,0,1,0,0,0,0,0,0,0,0,0
0,1,4,0,0,1,0,0,0,0,0,0,0,0,0,0
1,4,0,0,1,0,0,0,0,0,0,0,0,0,0,0
0,0,1,0,0,0,0,0,0,0,0,0,0,0,0,0
0,1,0,0,0,0,0,0,0,0,0,0,0,0,0,0
1,0,0,0,0,0,0,0,0,0,0,0,0,0,0,0
0,0,0,0,0,2,0,1,0,2,4,6,0,16,4,1
0,0,0,0,2,0,1,5,2,4,6,12,16,4,1,8
0,0,0,0,0,1,5,0,4,6,12,0,4,1,8,0
0,2,0,1,0,2,4,6,0,16,4,1,0,0,25,12
2,0,1,5,2,4,6,12,16,4,1,8,0,25,12,6
0,1,5,0,4,6,12,0,4,1,8,0,25,12,6,0
0,2,4,6,0,16,4,1,0,0,25,12,0,0,0,0
2,4,6,12,16,4,1,8,0,25,12,6,0,0,0,0
4,6,12,0,4,1,8,0,25,12,6,0,0,0,0,0
0,0,0,0,0,1,6,6,0,0,0,2,0,0,3,4
0,0,0,0,1,6,6,10,0,0,2,11,0,3,4,12
0,0,0,0,6,6,10,0,0,2,11,0,3,4,12,0
0,1,6,6,0,0,0,2,0,0,3,4,0,0,0,3
1,6,6,10,0,0,2,11,0,3,4,12,0,0,3,0
6,6,10,0,0,2,11,0,3,4,12,0,0,3,0,0
0,0,0,2,0,0,3,4,0,0,0,3,0,0,0,0
0,0,2,11,0,3,4,12,0,0,3,0,0,0,0,0
0,2,11,0,3,4,12,0,0,3,0,0,0,0,0,0
0,0,0,0,0,9,5,11,0,8,22,14,0,1,8,8
0,0,0,0,9,5,11,0,8,22,14,4,1,8,8,3
0,0,0,0,5,11,0,0,22,14,4,0,8,8,3,0
0,9,5,11,0,8,22,14,0,1,8,8,0,3,7,17
9,5,11,0,8,22,14,4,1,8,8,3,3,7,17,2
5,11,0,0,22,14,4,0,8,8,3,0,7,17,2,0
0,8,22,14,0,1,8,8,0,3,7,17,0,0,0,0
8,22,14,4,1,8,8,3,3,7,17,2,0,0,0,0
22,14,4,0,8,8,3,0,7,17,2,0,0,0,0,0
0,0,0,0,0,6,1,2,0,0,9,3,0,0,14,13
0,0,0,0,6,1,2,3,0,9,3,6,0,14,13,6
0,0,0,0,1,2,3,0,9,3,6,0,14,13,6,0
0,6,1,2,0,0,9,3,0,0,14,13,0,9,0,3
6,1,2,3,0,9,3,6,0,14,13,6,9,0,3,2
1,2,3,0,9,3,6,0,14,13,6,0,0,3,2,0
0,0,9,3,0,0,14,13,0,9,0,3,0,0,0,0
0,9,3,6,0,14,13,6,9,0,3,2,0,0,0,0
9,3,6,0,14,13,6,0,0,3,2,0,0,0,0,0
0,0,0,0,0,0,0,0,0,0,0,0,0,0,2,4
0,0,0,0,0,0,0,0,0,0,0,0,0,2,4,0
0,0,0,0,0,0,0,0,0,0,0,0,2,4,0,0
0,0,0,0,0,0,0,0,0,0,2,4,0,0,0,0
0,0,0,0,0,0,0,0,0,2,4,0,0,0,0,0
0,0,0,0,0,0,0,0,2,4,0,0,0,0,0,0
0,0,0,0,0,0,2,4,0,0,0,0,0,0,0,0
0,0,0,0,0,2,4,0,0,0,0,0,0,0,0,0
0,0,0,0,2,4,0,0,0,0,0,0,0,0,0,0
0,0,0,0,0,10,12,15,0,7,23,9,0,2,12,7
0,0,0,0,10,12,15,10,7,23,9,6,2,12,7,11
0,0,0,0,12,15,10,0,23,9,6,0,12,7,11,0
0,10,12,15,0,7,23,9,0,2,12,7,0,17,0,13
10,12,15,10,7,23,9,6,2,12,7,11,17,0,13,4
12,15,10,0,23,9,6,0,12,7,11,0,0,13,4,0
0,7,23,9,0,2,12,7,0,17,0,13,0,0,0,0
7,23,9,6,2,12,7,11,17,0,13,4,0,0,0,0
23,9,6,0,12,7,11,0,0,13,4,0,0,0,0,0
0,0,0,0,0,0,0,0,0,0,0,6,0,0,0,0
0,0,0,0,0,0,0,0,0,0,6,0,0,0,0,0
0,0,0,0,0,0,0,0,0,6,0,0,0,0,0,0
0,0,0,0,0,0,0,6,0,0,0,0,0,0,0,11
0,0,0,0,0,0,6,0,0,0,0,0,0,0,11,8
0,0,0,0,0,6,0,0,0,0,0,0,0,11,8,0
0,0,0,6,0,0,0,0,0,0,0,11,0,0,0,0
0,0,6,0,0,0,0,0,0,0,11,8,0,0,0,0
0,6,0,0,0,0,0,0,0,11,8,0,0,0,0,0
0,0,0,0,0,2,0,0,0,9,15,5,0,8,0,2
0,0,0,0,2,0,0,0,9,15,5,8,8,0,2,11
0,0,0,0,0,0,0,0,15,5,8,0,0,2,11,0
0,2,0,0,0,9,15,5,0,8,0,2,0,8,9,17
2,0,0,0,9,15,5,8,8,0,2,11,8,9,17,13
0,0,0,0,15,5,8,0,0,2,11,0,9,17,13,0
0,9,15,5,0,8,0,2,0,8,9,17,0,0,0,0
9,15,5,8,8,0,2,11,8,9,17,13,0,0,0,0
15,5,8,0,0,2,11,0,9,17,13,0,0,0,0,0
0,0,0,0,0,0,0,0,0,0,3,17,0,2,4,0
0,0,0,0,0,0,0,0,0,3,17,7,2,4,0,13
0,0,0,0,0,0,0,0,3,17,7,0,4,0,13,0
0,0,0,0,0,0,3,17,0,2,4,0,0,0,6,4
0,0,0,0,0,3,17,7,2,4,0,13,0,6,4,4
0,0,0,0,3,17,7,0,4,0,13,0,6,4,4,0
0,0,3,17,0,2,4,0,0,0,6,4,0,0,0,0
0,3,17,7,2,4,0,13,0,6,4,4,0,0,0,0
3,17,7,0,4,0,13,0,6,4,4,0,0,0,0,0
0,0,0,0,0,2,0,0,0,4,0,0,0,3,0,0
0,0,0,0,2,0,0,0,4,0,0,0,3,0,0,0
0,0,0,0,0,0,0,0,0,0,0,0,0,0,0,0
0,2,0,0,0,4,0,0,0,3,0,0,0,0,0,0
2,0,0,0,4,0,0,0,3,0,0,0,0,0,0,0
0,0,0,0,0,0,0,0,0,0,0,0,0,0,0,0
0,4,0,0,0,3,0,0,0,0,0,0,0,0,0,0
4,0,0,0,3,0,0,0,0,0,0,0,0,0,0,0
0,0,0,0,0,0,0,0,0,0,0,0,0,0,0,0
0,0,0,0,0,0,0,0,0,3,0,0,0,6,0,0
0,0,0,0,0,0,0,0,3,0,0,1,6,0,0,0
0,0,0,0,0,0,0,0,0,0,1,0,0,0,0,0
0,0,0,0,0,3,0,0,0,6,0,0,0,0,10,3
0,0,0,0,3,0,0,1,6,0,0,0,0,10,3,2
0,0,0,0,0,0,1,0,0,0,0,0,10,3,2,0
0,3,0,0,0,6,0,0,0,0,10,3,0,0,0,0
3,0,0,1,6,0,0,0,0,10,3,2,0,0,0,0
0,0,1,0,0,0,0,0,10,3,2,0,0,0,0,0
0,0,0,0,0,0,0,0,0,0,0,0,0,15,0,0
0,0,0,0,0,0,0,0,0,0,0,0,15,0,0,0
0,0,0,0,0,0,0,0,0,0,0,0,0,0,0,0
0,0,0,0,0,0,0,0,0,15,0,0,0,0,3,0
0,0,0,0,0,0,0,0,15,0,0,0,0,3,0,0
0,0,0,0,0,0,0,0,0,0,0,0,3,0,0,0
0,0,0,0,0,15,0,0,0,0,3,0,0,0,0,0
0,0,0,0,15,0,0,0,0,3,0,0,0,0,0,0
0,0,0,0,0,0,0,0,3,0,0,0,0,0,0,0
0,0,0,0,0,0,1,2,0,10,0,0,0,8,0,0
0,0,0,0,0,1,2,0,10,0,0,0,8,0,0,0
0,0,0,0,1,2,0,0,0,0,0,0,0,0,0,0
0,0,1,2,0,10,0,0,0,8,0,0,0,7,4,1
0,1,2,0,10,0,0,0,8,0,0,0,7,4,1,0
1,2,0,0,0,0,0,0,0,0,0,0,4,1,0,0
0,10,0,0,0,8,0,0,0,7,4,1,0,0,0,0
10,0,0,0,8,0,0,0,7,4,1,0,0,0,0,0
0,0,0,0,0,0,0,0,4,1,0,0,0,0,0,0
0,0,0,0,0,4,14,16,0,9,13,13,0,8,5,19
0,0,0,0,4,14,16,17,9,13,13,9,8,5,19,16
0,0,0,0,14,16,17,0,13,13,9,0,5,19,16,0
0,4,14,16,0,9,13,13,0,8,5,19,0,10,20,14
4,14,16,17,9,13,13,9,8,5,19,16,10,20,14,14
14,16,17,0,13,13,9,0,5,19,16,0,20,14,14,0
0,9,13,13,0,8,5,19,0,10,20,14,0,0,0,0
9,13,13,9,8,5,19,16,10,20,14,14,0,0,0,0
13,13,9,0,5,19,16,0,20,14,14,0,0,0,0,0
0,0,0,0,0,0,0,0,0,0,0,0,0,1,0,0
0,0,0,0,0,0,0,0,0,0,0,0,1,0,0,0
0,0,0,0,0,0,0,0,0,0,0,0,0,0,0,0
0,0,0,0,0,0,0,0,0,1,0,0,0,0,0,0
0,0,0,0,0,0,0,0,1,0,0,0,0,0,0,0
0,0,0,0,0,0,0,0,0,0,0,0,0,0,0,0
0,0,0,0,0,1,0,0,0,0,0,0,0,0,0,0
0,0,0,0,1,0,0,0,0,0,0,0,0,0,0,0
0,0,0,0,0,0,0,0,0,0,0,0,0,0,0,0
0,0,0,0,0,3,3,9,0,0,0,0,0,0,0,0
0,0,0,0,3,3,9,1,0,0,0,0,0,0,0,0
0,0,0,0,3,9,1,0,0,0,0,0,0,0,0,0
0,3,3,9,0,0,0,0,0,0,0,0,0,0,0,0
3,3,9,1,0,0,0,0,0,0,0,0,0,0,0,0
3,9,1,0,0,0,0,0,0,0,0,0,0,0,0,0
0,0,0,0,0,0,0,0,0,0,0,0,0,0,0,0
0,0,0,0,0,0,0,0,0,0,0,0,0,0,0,0
0,0,0,0,0,0,0,0,0,0,0,0,0,0,0,0
0,0,0,0,0,0,2,0,0,4,5,5,0,0,6,1
0,0,0,0,0,2,0,1,4,5,5,7,0,6,1,6
0,0,0,0,2,0,1,0,5,5,7,0,6,1,6,0
0,0,2,0,0,4,5,5,0,0,6,1,0,8,15,8
0,2,0,1,4,5,5,7,0,6,1,6,8,15,8,0
2,0,1,0,5,5,7,0,6,1,6,0,15,8,0,0
0,4,5,5,0,0,6,1,0,8,15,8,0,0,0,0
4,5,5,7,0,6,1,6,8,15,8,0,0,0,0,0
5,5,7,0,6,1,6,0,15,8,0,0,0,0,0,0
0,0,0,0,0,0,0,0,0,0,0,0,0,0,0,1
0,0,0,0,0,0,0,0,0,0,0,2,0,0,1,0
0,0,0,0,0,0,0,0,0,0,2,0,0,1,0,0
0,0,0,0,0,0,0,0,0,0,0,1,0,0,4,0
0,0,0,0,0,0,0,2,0,0,1,0,0,4,0,4
0,0,0,0,0,0,2,0,0,1,0,0,4,0,4,0
0,0,0,0,0,0,0,1,0,0,4,0,0,0,0,0
0,0,0,2,0,0,1,0,0,4,0,4,0,0,0,0
0,0,2,0,0,1,0,0,4,0,4,0,0,0,0,0
0,0,0,0,0,7,8,6,0,0,0,0,0,0,0,1
0,0,0,0,7,8,6,14,0,0,0,0,0,0,1,9
0,0,0,0,8,6,14,0,0,0,0,0,0,1,9,0
0,7,8,6,0,0,0,0,0,0,0,1,0,1,0,0
7,8,6,14,0,0,0,0,0,0,1,9,1,0,0,0
8,6,14,0,0,0,0,0,0,1,9,0,0,0,0,0
0,0,0,0,0,0,0,1,0,1,0,0,0,0,0,0
0,0,0,0,0,0,1,9,1,0,0,0,0,0,0,0
0,0,0,0,0,1,9,0,0,0,0,0,0,0,0,0
0,0,0,0,0,2,0,0,0,5,0,0,0,2,3,0
0,0,0,0,2,0,0,0,5,0,0,2,2,3,0,2
0,0,0,0,0,0,0,0,0,0,2,0,3,0,2,0
0,2,0,0,0,5,0,0,0,2,3,0,0,3,0,5
2,0,0,0,5,0,0,2,2,3,0,2,3,0,5,9
0,0,0,0,0,0,2,0,3,0,2,0,0,5,9,0
0,5,0,0,0,2,3,0,0,3,0,5,0,0,0,0
5,0,0,2,2,3,0,2,3,0,5,9,0,0,0,0
0,0,2,0,3,0,2,0,0,5,9,0,0,0,0,0
0,0,0,0,0,0,0,0,0,0,0,0,0,0,0,0
0,0,0,0,0,0,0,0,0,0,0,0,0,0,0,0
0,0,0,0,0,0,0,0,0,0,0,0,0,0,0,0
0,0,0,0,0,0,0,0,0,0,0,0,0,0,0,0
0,0,0,0,0,0,0,0,0,0,0,0,0,0,0,0
0,0,0,0,0,0,0,0,0,0,0,0,0,0,0,0
0,0,0,0,0,0,0,0,0,0,0,0,0,0,0,0
0,0,0,0,0,0,0,0,0,0,0,0,0,0,0,0
0,0,0,0,0,0,0,0,0,0,0,0,0,0,0,0
0,0,0,0,0,0,0,0,0,0,0,0,0,0,0,0
0,0,0,0,0,0,0,0,0,0,0,0,0,0,0,0
0,0,0,0,0,0,0,0,0,0,0,0,0,0,0,0
0,0,0,0,0,0,0,0,0,0,0,0,0,0,0,5
0,0,0,0,0,0,0,0,0,0,0,0,0,0,5,1
0,0,0,0,0,0,0,0,0,0,0,0,0,5,1,0
0,0,0,0,0,0,0,0,0,0,0,5,0,0,0,0
0,0,0,0,0,0,0,0,0,0,5,1,0,0,0,0
0,0,0,0,0,0,0,0,0,5,1,0,0,0,0,0
0,0,0,0,0,3,5,4,0,2,7,0,0,0,0,0
0,0,0,0,3,5,4,9,2,7,0,1,0,0,0,2
0,0,0,0,5,4,9,0,7,0,1,0,0,0,2,0
0,3,5,4,0,2,7,0,0,0,0,0,0,3,2,0
3,5,4,9,2,7,0,1,0,0,0,2,3,2,0,0
5,4,9,0,7,0,1,0,0,0,2,0,2,0,0,0
0,2,7,0,0,0,0,0,0,3,2,0,0,0,0,0
2,7,0,1,0,0,0,2,3,2,0,0,0,0,0,0
7,0,1,0,0,0,2,0,2,0,0,0,0,0,0,0
0,0,0,0,0,0,0,0,0,0,0,0,0,0,0,0
0,0,0,0,0,0,0,0,0,0,0,0,0,0,0,0
0,0,0,0,0,0,0,0,0,0,0,0,0,0,0,0
0,0,0,0,0,0,0,0,0,0,0,0,0,0,0,0
0,0,0,0,0,0,0,0,0,0,0,0,0,0,0,0
0,0,0,0,0,0,0,0,0,0,0,0,0,0,0,0
0,0,0,0,0,0,0,0,0,0,0,0,0,0,0,0
0,0,0,0,0,0,0,0,0,0,0,0,0,0,0,0
0,0,0,0,0,0,0,0,0,0,0,0,0,0,0,0
0,0,0,0,0,0,0,0,0,0,0,0,0,0,0,0
0,0,0,0,0,0,0,0,0,0,0,0,0,0,0,0
0,0,0,0,0,0,0,0,0,0,0,0,0,0,0,0
0,0,0,0,0,0,0,0,0,0,0,0,0,0,0,0
0,0,0,0,0,0,0,0,0,0,0,0,0,0,0,0
0,0,0,0,0,0,0,0,0,0,0,0,0,0,0,0
0,0,0,0,0,0,0,0,0,0,0,0,0,0,0,0
0,0,0,0,0,0,0,0,0,0,0,0,0,0,0,0
0,0,0,0,0,0,0,0,0,0,0,0,0,0,0,0
0,0,0,0,0,0,3,5,0,3,0,9,0,9,5,2
0,0,0,0,0,3,5,3,3,0,9,0,9,5,2,1
0,0,0,0,3,5,3,0,0,9,0,0,5,2,1,0
0,0,3,5,0,3,0,9,0,9,5,2,0,8,14,18
0,3,5,3,3,0,9,0,9,5,2,1,8,14,18,7
3,5,3,0,0,9,0,0,5,2,1,0,14,18,7,0
0,3,0,9,0,9,5,2,0,8,14,18,0,0,0,0
3,0,9,0,9,5,2,1,8,14,18,7,0,0,0,0
0,9,0,0,5,2,1,0,14,18,7,0,0,0,0,0
0,0,0,0,0,0,0,0,0,0,0,0,0,0,0,0
0,0,0,0,0,0,0,0,0,0,0,0,0,0,0,0
0,0,0,0,0,0,0,0,0,0,0,0,0,0,0,0
0,0,0,0,0,0,0,0,0,0,0,0,0,0,0,0
0,0,0,0,0,0,0,0,0,0,0,0,0,0,0,0
0,0,0,0,0,0,0,0,0,0,0,0,0,0,0,0
0,0,0,0,0,0,0,0,0,0,0,0,0,0,0,0
0,0,0,0,0,0,0,0,0,0,0,0,0,0,0,0
0,0,0,0,0,0,0,0,0,0,0,0,0,0,0,0
0,0,0,0,0,0,0,0,0,0,0,0,0,0,0,0
0,0,0,0,0,0,0,0,0,0,0,0,0,0,0,0
0,0,0,0,0,0,0,0,0,0,0,0,0,0,0,0
0,0,0,0,0,0,0,0,0,0,0,0,0,5,0,0
0,0,0,0,0,0,0,0,0,0,0,0,5,0,0,0
0,0,0,0,0,0,0,0,0,0,0,0,0,0,0,0
0,0,0,0,0,0,0,0,0,5,0,0,0,0,0,0
0,0,0,0,0,0,0,0,5,0,0,0,0,0,0,0
0,0,0,0,0,0,0,0,0,0,0,0,0,0,0,0
0,0,0,0,0,8,7,5,0,9,2,0,0,0,5,8
0,0,0,0,8,7,5,10,9,2,0,2,0,5,8,7
0,0,0,0,7,5,10,0,2,0,2,0,5,8,7,0
0,8,7,5,0,9,2,0,0,0,5,8,0,1,1,5
8,7,5,10,9,2,0,2,0,5,8,7,1,1,5,0
7,5,10,0,2,0,2,0,5,8,7,0,1,5,0,0
0,9,2,0,0,0,5,8,0,1,1,5,0,0,0,0
9,2,0,2,0,5,8,7,1,1,5,0,0,0,0,0
2,0,2,0,5,8,7,0,1,5,0,0,0,0,0,0
0,0,0,0,0,14,8,7,0,2,5,5,0,12,2,0
0,0,0,0,14,8,7,8,2,5,5,5,12,2,0,9
0,0,0,0,8,7,8,0,5,5,5,0,2,0,9,0
0,14,8,7,0,2,5,5,0,12,2,0,0,1,4,6
14,8,7,8,2,5,5,5,12,2,0,9,1,4,6,9
8,7,8,0,5,5,5,0,2,0,9,0,4,6,9,0
0,2,5,5,0,12,2,0,0,1,4,6,0,0,0,0
2,5,5,5,12,2,0,9,1,4,6,9,0,0,0,0
5,5,5,0,2,0,9,0,4,6,9,0,0,0,0,0
0,0,0,0,0,4,2,4,0,11,14,8,0,17,1,2
0,0,0,0,4,2,4,4,11,14,8,6,17,1,2,4
0,0,0,0,2,4,4,0,14,8,6,0,1,2,4,0
0,4,2,4,0,11,14,8,0,17,1,2,0,8,40,15
4,2,4,4,11,14,8,6,17,1,2,4,8,40,15,16
2,4,4,0,14,8,6,0,1,2,4,0,40,15,16,0
0,11,14,8,0,17,1,2,0,8,40,15,0,0,0,0
11,14,8,6,17,1,2,4,8,40,15,16,0,0,0,0
14,8,6,0,1,2,4,0,40,15,16,0,0,0,0,0
0,0,0,0,0,0,0,0,0,0,0,7,0,0,0,4
0,0,0,0,0,0,0,0,0,0,7,0,0,0,4,0
0,0,0,0,0,0,0,0,0,7,0,0,0,4,0,0
0,0,0,0,0,0,0,7,0,0,0,4,0,0,0,0
0,0,0,0,0,0,7,0,0,0,4,0,0,0,0,0
0,0,0,0,0,7,0,0,0,4,0,0,0,0,0,0
0,0,0,7,0,0,0,4,0,0,0,0,0,0,0,0
0,0,7,0,0,0,4,0,0,0,0,0,0,0,0,0
0,7,0,0,0,4,0,0,0,0,0,0,0,0,0,0
0,0,0,0,0,0,0,0,0,0,10,4,0,2,22,13
0,0,0,0,0,0,0,0,0,10,4,8,2,22,13,5
0,0,0,0,0,0,0,0,10,4,8,0,22,13,5,0
0,0,0,0,0,0,10,4,0,2,22,13,0,12,28,14
0,0,0,0,0,10,4,8,2,22,13,5,12,28,14,16
0,0,0,0,10,4,8,0,22,13,5,0,28,14,16,0
0,0,10,4,0,2,22,13,0,12,28,14,0,0,0,0
0,10,4,8,2,22,13,5,12,28,14,16,0,0,0,0
10,4,8,0,22,13,5,0,28,14,16,0,0,0,0,0
0,0,0,0,0,0,0,0,0,0,0,0,0,0,0,0
0,0,0,0,0,0,0,0,0,0,0,0,0,0,0,0
0,0,0,0,0,0,0,0,0,0,0,0,0,0,0,0
0,0,0,0,0,0,0,0,0,0,0,0,0,0,0,0
0,0,0,0,0,0,0,0,0,0,0,0,0,0,0,0
0,0,0,0,0,0,0,0,0,0,0,0,0,0,0,0
0,0,0,0,0,0,0,0,0,0,0,0,0,0,0,0
0,0,0,0,0,0,0,0,0,0,0,0,0,0,0,0
0,0,0,0,0,0,0,0,0,0,0,0,0,0,0,0
0,0,0,0,0,2,7,5,0,8,0,8,0,11,0,0
0,0,0,0,2,7,5,2,8,0,8,1,11,0,0,0
0,0,0,0,7,5,2,0,0,8,1,0,0,0,0,0
0,2,7,5,0,8,0,8,0,11,0,0,0,15,13,0
2,7,5,2,8,0,8,1,11,0,0,0,15,13,0,0
7,5,2,0,0,8,1,0,0,0,0,0,13,0,0,0
0,8,0,8,0,11,0,0,0,15,13,0,0,0,0,0
8,0,8,1,11,0,0,0,15,13,0,0,0,0,0,0
0,8,1,0,0,0,0,0,13,0,0,0,0,0,0,0
0,0,0,0,0,0,2,5,0,0,0,0,0,0,0,0
0,0,0,0,0,2,5,9,0,0,0,0,0,0,0,0
0,0,0,0,2,5,9,0,0,0,0,0,0,0,0,0
0,0,2,5,0,0,0,0,0,0,0,0,0,0,0,0
0,2,5,9,0,0,0,0,0,0,0,0,0,0,0,0
2,5,9,0,0,0,0,0,0,0,0,0,0,0,0,0
0,0,0,0,0,0,0,0,0,0,0,0,0,0,0,0
0,0,0,0,0,0,0,0,0,0,0,0,0,0,0,0
0,0,0,0,0,0,0,0,0,0,0,0,0,0,0,0
0,0,0,0,0,0,0,1,0,0,0,10,0,0,6,3
0,0,0,0,0,0,1,2,0,0,10,1,0,6,3,12
0,0,0,0,0,1,2,0,0,10,1,0,6,3,12,0
0,0,0,1,0,0,0,10,0,0,6,3,0,6,0,8
0,0,1,2,0,0,10,1,0,6,3,12,6,0,8,9
0,1,2,0,0,10,1,0,6,3,12,0,0,8,9,0
0,0,0,10,0,0,6,3,0,6,0,8,0,0,0,0
0,0,10,1,0,6,3,12,6,0,8,9,0,0,0,0
0,10,1,0,6,3,12,0,0,8,9,0,0,0,0,0
0,0,0,0,0,0,0,0,0,0,0,0,0,0,0,0
0,0,0,0,0,0,0,0,0,0,0,0,0,0,0,0
0,0,0,0,0,0,0,0,0,0,0,0,0,0,0,0
0,0,0,0,0,0,0,0,0,0,0,0,0,0,0,0
0,0,0,0,0,0,0,0,0,0,0,0,0,0,0,0
0,0,0,0,0,0,0,0,0,0,0,0,0,0,0,0
0,0,0,0,0,0,0,0,0,0,0,0,0,0,0,0
0,0,0,0,0,0,0,0,0,0,0,0,0,0,0,0
0,0,0,0,0,0,0,0,0,0,0,0,0,0,0,0
0,0,0,0,0,10,7,11,0,1,4,13,0,9,0,0
0,0,0,0,10,7,11,9,1,4,13,10,9,0,0,4
0,0,0,0,7,11,9,0,4,13,10,0,0,0,4,0
0,10,7,11,0,1,4,13,0,9,0,0,0,3,0,9
10,7,11,9,1,4,13,10,9,0,0,4,3,0,9,8
7,11,9,0,4,13,10,0,0,0,4,0,0,9,8,0
0,1,4,13,0,9,0,0,0,3,0,9,0,0,0,0
1,4,13,10,9,0,0,4,3,0,9,8,0,0,0,0
4,13,10,0,0,0,4,0,0,9,8,0,0,0,0,0
0,0,0,0,0,0,2,3,0,0,1,20,0,0,2,3
0,0,0,0,0,2,3,3,0,1,20,14,0,2,3,5
0,0,0,0,2,3,3,0,1,20,14,0,2,3,5,0
0,0,2,3,0,0,1,20,0,0,2,3,0,0,0,21
0,2,3,3,0,1,20,14,0,2,3,5,0,0,21,18
2,3,3,0,1,20,14,0,2,3,5,0,0,21,18,0
0,0,1,20,0,0,2,3,0,0,0,21,0,0,0,0
0,1,20,14,0,2,3,5,0,0,21,18,0,0,0,0
1,20,14,0,2,3,5,0,0,21,18,0,0,0,0,0
0,0,0,0,0,0,0,0,0,6,3,10,0,10,2,0
0,0,0,0,0,0,0,0,6,3,10,7,10,2,0,1
0,0,0,0,0,0,0,0,3,10,7,0,2,0,1,0
0,0,0,0,0,6,3,10,0,10,2,0,0,0,37,17
0,0,0,0,6,3,10,7,10,2,0,1,0,37,17,13
0,0,0,0,3,10,7,0,2,0,1,0,37,17,13,0
0,6,3,10,0,10,2,0,0,0,37,17,0,0,0,0
6,3,10,7,10,2,0,1,0,37,17,13,0,0,0,0
3,10,7,0,2,0,1,0,37,17,13,0,0,0,0,0
0,0,0,0,0,0,0,0,0,0,0,0,0,0,0,0
0,0,0,0,0,0,0,0,0,0,0,0,0,0,0,0
0,0,0,0,0,0,0,0,0,0,0,0,0,0,0,0
0,0,0,0,0,0,0,0,0,0,0,0,0,0,0,0
0,0,0,0,0,0,0,0,0,0,0,0,0,0,0,0
0,0,0,0,0,0,0,0,0,0,0,0,0,0,0,0
0,0,0,0,0,0,0,0,0,0,0,0,0,0,0,0
0,0,0,0,0,0,0,0,0,0,0,0,0,0,0,0
0,0,0,0,0,0,0,0,0,0,0,0,0,0,0,0
0,0,0,0,0,0,0,0,0,0,0,0,0,0,0,0
0,0,0,0,0,0,0,0,0,0,0,0,0,0,0,0
0,0,0,0,0,0,0,0,0,0,0,0,0,0,0,0
0,0,0,0,0,0,0,0,0,0,0,0,0,0,0,0
0,0,0,0,0,0,0,0,0,0,0,0,0,0,0,0
0,0,0,0,0,0,0,0,0,0,0,0,0,0,0,0
0,0,0,0,0,0,0,0,0,0,0,0,0,0,0,0
0,0,0,0,0,0,0,0,0,0,0,0,0,0,0,0
0,0,0,0,0,0,0,0,0,0,0,0,0,0,0,0
0,0,0,0,0,4,6,10,0,2,0,1,0,4,0,7
0,0,0,0,4,6,10,10,2,0,1,8,4,0,7,6
0,0,0,0,6,10,10,0,0,1,8,0,0,7,6,0
0,4,6,10,0,2,0,1,0,4,0,7,0,0,8,6
4,6,10,10,2,0,1,8,4,0,7,6,0,8,6,7
6,10,10,0,0,1,8,0,0,7,6,0,8,6,7,0
0,2,0,1,0,4,0,7,0,0,8,6,0,0,0,0
2,0,1,8,4,0,7,6,0,8,6,7,0,0,0,0
0,1,8,0,0,7,6,0,8,6,7,0,0,0,0,0
0,0,0,0,0,3,5,8,0,0,1,0,0,0,0,0
0,0,0,0,3,5,8,7,0,1,0,0,0,0,0,0
0,0,0,0,5,8,7,0,1,0,0,0,0,0,0,0
0,3,5,8,0,0,1,0,0,0,0,0,0,0,0,0
3,5,8,7,0,1,0,0,0,0,0,0,0,0,0,0
5,8,7,0,1,0,0,0,0,0,0,0,0,0,0,0
0,0,1,0,0,0,0,0,0,0,0,0,0,0,0,0
0,1,0,0,0,0,0,0,0,0,0,0,0,0,0,0
1,0,0,0,0,0,0,0,0,0,0,0,0,0,0,0
0,0,0,0,0,0,1,0,0,6,7,11,0,8,4,8
0,0,0,0,0,1,0,8,6,7,11,11,8,4,8,13
0,0,0,0,1,0,8,0,7,11,11,0,4,8,13,0
0,0,1,0,0,6,7,11,0,8,4,8,0,9,0,11
0,1,0,8,6,7,11,11,8,4,8,13,9,0,11,6
1,0,8,0,7,11,11,0,4,8,13,0,0,11,6,0
0,6,7,11,0,8,4,8,0,9,0,11,0,0,0,0
6,7,11,11,8,4,8,13,9,0,11,6,0,0,0,0
7,11,11,0,4,8,13,0,0,11,6,0,0,0,0,0
0,0,0,0,0,3,6,1,0,8,8,3,0,2,9,2
0,0,0,0,3,6,1,2,8,8,3,13,2,9,2,12
0,0,0,0,6,1,2,0,8,3,13,0,9,2,12,0
0,3,6,1,0,8,8,3,0,2,9,2,0,11,23,0
3,6,1,2,8,8,3,13,2,9,2,12,11,23,0,2
6,1,2,0,8,3,13,0,9,2,12,0,23,0,2,0
0,8,8,3,0,2,9,2,0,11,23,0,0,0,0,0
8,8,3,13,2,9,2,12,11,23,0,2,0,0,0,0
8,3,13,0,9,2,12,0,23,0,2,0,0,0,0,0
0,0,0,0,0,5,9,11,0,16,15,7,0,14,13,6
0,0,0,0,5,9,11,6,16,15,7,3,14,13,6,0
0,0,0,0,9,11,6,0,15,7,3,0,13,6,0,0
0,5,9,11,0,16,15,7,0,14,13,6,0,14,35,4
5,9,11,6,16,15,7,3,14,13,6,0,14,35,4,5
9,11,6,0,15,7,3,0,13,6,0,0,35,4,5,0
0,16,15,7,0,14,13,6,0,14,35,4,0,0,0,0
16,15,7,3,14,13,6,0,14,35,4,5,0,0,0,0
15,7,3,0,13,6,0,0,35,4,5,0,0,0,0,0
0,0,0,0,0,15,11,11,0,12,16,27,0,8,21,31
0,0,0,0,15,11,11,13,12,16,27,23,8,21,31,27
0,0,0,0,11,11,13,0,16,27,23,0,21,31,27,0
0,15,11,11,0,12,16,27,0,8,21,31,0,19,10,24
15,11,11,13,12,16,27,23,8,21,31,27,19,10,24,22
11,11,13,0,16,27,23,0,21,31,27,0,10,24,22,0
0,12,16,27,0,8,21,31,0,19,10,24,0,0,0,0
12,16,27,23,8,21,31,27,19,10,24,22,0,0,0,0
16,27,23,0,21,31,27,0,10,24,22,0,0,0,0,0
0,0,0,0,0,8,3,0,0,0,0,0,0,0,0,0
0,0,0,0,8,3,0,5,0,0,0,0,0,0,0,8
0,0,0,0,3,0,5,0,0,0,0,0,0,0,8,0
0,8,3,0,0,0,0,0,0,0,0,0,0,0,0,0
8,3,0,5,0,0,0,0,0,0,0,8,0,0,0,0
3,0,5,0,0,0,0,0,0,0,8,0,0,0,0,0
0,0,0,0,0,0,0,0,0,0,0,0,0,0,0,0
0,0,0,0,0,0,0,8,0,0,0,0,0,0,0,0
0,0,0,0,0,0,8,0,0,0,0,0,0,0,0,0
0,0,0,0,0,0,0,0,0,0,0,0,0,0,0,0
0,0,0,0,0,0,0,0,0,0,0,0,0,0,0,0
0,0,0,0,0,0,0,0,0,0,0,0,0,0,0,0
0,0,0,0,0,0,0,0,0,0,0,0,0,0,0,0
0,0,0,0,0,0,0,0,0,0,0,0,0,0,0,0
0,0,0,0,0,0,0,0,0,0,0,0,0,0,0,0
0,0,0,0,0,0,0,0,0,0,0,0,0,0,0,0
0,0,0,0,0,0,0,0,0,0,0,0,0,0,0,0
0,0,0,0,0,0,0,0,0,0,0,0,0,0,0,0
0,0,0,0,0,0,0,0,0,0,0,0,0,10,0,0
0,0,0,0,0,0,0,0,0,0,0,0,10,0,0,0
0,0,0,0,0,0,0,0,0,0,0,0,0,0,0,0
0,0,0,0,0,0,0,0,0,10,0,0,0,0,12,6
0,0,0,0,0,0,0,0,10,0,0,0,0,12,6,6
0,0,0,0,0,0,0,0,0,0,0,0,12,6,6,0
0,0,0,0,0,10,0,0,0,0,12,6,0,0,0,0
0,0,0,0,10,0,0,0,0,12,6,6,0,0,0,0
0,0,0,0,0,0,0,0,12,6,6,0,0,0,0,0
0,0,0,0,0,19,10,9,0,11,19,22,0,21,12,10
0,0,0,0,19,10,9,11,11,19,22,19,21,12,10,21
0,0,0,0,10,9,11,0,19,22,19,0,12,10,21,0
0,19,10,9,0,11,19,22,0,21,12,10,0,10,28,19
19,10,9,11,11,19,22,19,21,12,10,21,10,28,19,19
10,9,11,0,19,22,19,0,12,10,21,0,28,19,19,0
0,11,19,22,0,21,12,10,0,10,28,19,0,0,0,0
11,19,22,19,21,12,10,21,10,28,19,19,0,0,0,0
19,22,19,0,12,10,21,0,28,19,19,0,0,0,0,0
0,0,0,0,0,0,0,0,0,0,0,0,0,10,0,0
0,0,0,0,0,0,0,0,0,0,0,0,10,0,0,0
0,0,0,0,0,0,0,0,0,0,0,0,0,0,0,0
0,0,0,0,0,0,0,0,0,10,0,0,0,0,3,2
0,0,0,0,0,0,0,0,10,0,0,0,0,3,2,8
0,0,0,0,0,0,0,0,0,0,0,0,3,2,8,0
0,0,0,0,0,10,0,0,0,0,3,2,0,0,0,0
0,0,0,0,10,0,0,0,0,3,2,8,0,0,0,0
0,0,0,0,0,0,0,0,3,2,8,0,0,0,0,0
0,0,0,0,0,13,10,9,0,1,3,13,0,7,10,1
0,0,0,0,13,10,9,3,1,3,13,11,7,10,1,7
0,0,0,0,10,9,3,0,3,13,11,0,10,1,7,0
0,13,10,9,0,1,3,13,0,7,10,1,0,0,10,12
13,10,9,3,1,3,13,11,7,10,1,7,0,10,12,8
10,9,3,0,3,13,11,0,10,1,7,0,10,12,8,0
0,1,3,13,0,7,10,1,0,0,10,12,0,0,0,0
1,3,13,11,7,10,1,7,0,10,12,8,0,0,0,0
3,13,11,0,10,1,7,0,10,12,8,0,0,0,0,0
0,0,0,0,0,0,0,0,0,0,0,0,0,0,0,0
0,0,0,0,0,0,0,0,0,0,0,0,0,0,0,0
0,0,0,0,0,0,0,0,0,0,0,0,0,0,0,0
0,0,0,0,0,0,0,0,0,0,0,0,0,0,0,0
0,0,0,0,0,0,0,0,0,0,0,0,0,0,0,0
0,0,0,0,0,0,0,0,0,0,0,0,0,0,0,0
0,0,0,0,0,0,0,0,0,0,0,0,0,0,0,0
0,0,0,0,0,0,0,0,0,0,0,0,0,0,0,0
0,0,0,0,0,0,0,0,0,0,0,0,0,0,0,0
0,0,0,0,0,0,0,0,0,0,0,0,0,0,0,0
0,0,0,0,0,0,0,0,0,0,0,0,0,0,0,4
0,0,0,0,0,0,0,0,0,0,0,0,0,0,4,0
0,0,0,0,0,0,0,0,0,0,0,0,0,0,0,2
0,0,0,0,0,0,0,0,0,0,0,4,0,0,2,0
0,0,0,0,0,0,0,0,0,0,4,0,0,2,0,0
0,0,0,0,0,0,0,0,0,0,0,2,0,0,0,0
0,0,0,0,0,0,0,4,0,0,2,0,0,0,0,0
0,0,0,0,0,0,4,0,0,2,0,0,0,0,0,0
0,0,0,0,0,0,0,0,0,4,2,3,0,9,5,0
0,0,0,0,0,0,0,0,4,2,3,0,9,5,0,0
0,0,0,0,0,0,0,0,2,3,0,0,5,0,0,0
0,0,0,0,0,4,2,3,0,9,5,0,0,5,10,4
0,0,0,0,4,2,3,0,9,5,0,0,5,10,4,4
0,0,0,0,2,3,0,0,5,0,0,0,10,4,4,0
0,4,2,3,0,9,5,0,0,5,10,4,0,0,0,0
4,2,3,0,9,5,0,0,5,10,4,4,0,0,0,0
2,3,0,0,5,0,0,0,10,4,4,0,0,0,0,0
0,0,0,0,0,0,0,0,0,0,5,0,0,0,0,0
0,0,0,0,0,0,0,0,0,5,0,0,0,0,0,0
0,0,0,0,0,0,0,0,5,0,0,0,0,0,0,0
0,0,0,0,0,0,5,0,0,0,0,0,0,0,0,0
0,0,0,0,0,5,0,0,0,0,0,0,0,0,0,0
0,0,0,0,5,0,0,0,0,0,0,0,0,0,0,0
0,0,5,0,0,0,0,0,0,0,0,0,0,0,0,0
0,5,0,0,0,0,0,0,0,0,0,0,0,0,0,0
5,0,0,0,0,0,0,0,0,0,0,0,0,0,0,0
0,0,0,0,0,12,13,11,0,10,12,6,0,14,1,8
0,0,0,0,12,13,11,14,10,12,6,10,14,1,8,14
0,0,0,0,13,11,14,0,12,6,10,0,1,8,14,0
0,12,13,11,0,10,12,6,0,14,1,8,0,9,31,11
12,13,11,14,10,12,6,10,14,1,8,14,9,31,11,13
13,11,14,0,12,6,10,0,1,8,14,0,31,11,13,0
0,10,12,6,0,14,1,8,0,9,31,11,0,0,0,0
10,12,6,10,14,1,8,14,9,31,11,13,0,0,0,0
12,6,10,0,1,8,14,0,31,11,13,0,0,0,0,0
0,0,0,0,0,0,0,0,0,0,0,0,0,0,0,0
0,0,0,0,0,0,0,0,0,0,0,0,0,0,0,0
0,0,0,0,0,0,0,0,0,0,0,0,0,0,0,0
0,0,0,0,0,0,0,0,0,0,0,0,0,4,0,0
0,0,0,0,0,0,0,0,0,0,0,0,4,0,0,0
0,0,0,0,0,0,0,0,0,0,0,0,0,0,0,0
0,0,0,0,0,0,0,0,0,4,0,0,0,0,0,0
0,0,0,0,0,0,0,0,4,0,0,0,0,0,0,0
0,0,0,0,0,0,0,0,0,0,0,0,0,0,0,0
0,0,0,0,0,0,0,0,0,0,0,2,0,0,4,0
0,0,0,0,0,0,0,0,0,0,2,0,0,4,0,0
0,0,0,0,0,0,0,0,0,2,0,0,4,0,0,0
0,0,0,0,0,0,0,2,0,0,4,0,0,0,0,3
0,0,0,0,0,0,2,0,0,4,0,0,0,0,3,3
0,0,0,0,0,2,0,0,4,0,0,0,0,3,3,0
0,0,0,2,0,0,4,0,0,0,0,3,0,0,0,0
0,0,2,0,0,4,0,0,0,0,3,3,0,0,0,0
0,2,0,0,4,0,0,0,0,3,3,0,0,0,0,0
0,0,0,0,0,0,0,0,0,0,0,0,0,0,0,0
0,0,0,0,0,0,0,0,0,0,0,0,0,0,0,0
0,0,0,0,0,0,0,0,0,0,0,0,0,0,0,0
0,0,0,0,0,0,0,0,0,0,0,0,0,0,4,0
0,0,0,0,0,0,0,0,0,0,0,0,0,4,0,0
0,0,0,0,0,0,0,0,0,0,0,0,4,0,0,0
0,0,0,0,0,0,0,0,0,0,4,0,0,0,0,0
0,0,0,0,0,0,0,0,0,4,0,0,0,0,0,0
0,0,0,0,0,0,0,0,4,0,0,0,0,0,0,0
0,0,0,0,0,4,0,0,0,0,0,0,0,0,0,0
0,0,0,0,4,0,0,0,0,0,0,0,0,0,0,0
0,0,0,0,0,0,0,0,0,0,0,0,0,0,0,0
0,4,0,0,0,0,0,0,0,0,0,0,0,0,0,0
4,0,0,0,0,0,0,0,0,0,0,0,0,0,0,0
0,0,0,0,0,0,0,0,0,0,0,0,0,0,0,0
0,0,0,0,0,0,0,0,0,0,0,0,0,0,0,0
0,0,0,0,0,0,0,0,0,0,0,0,0,0,0,0
0,0,0,0,0,0,0,0,0,0,0,0,0,0,0,0
0,0,0,0,0,0,6,6,0,15,16,6,0,12,13,12
0,0,0,0,0,6,6,6,15,16,6,9,12,13,12,11
0,0,0,0,6,6,6,0,16,6,9,0,13,12,11,0
0,0,6,6,0,15,16,6,0,12,13,12,0,21,36,20
0,6,6,6,15,16,6,9,12,13,12,11,21,36,20,20
6,6,6,0,16,6,9,0,13,12,11,0,36,20,20,0
0,15,16,6,0,12,13,12,0,21,36,20,0,0,0,0
15,16,6,9,12,13,12,11,21,36,20,20,0,0,0,0
16,6,9,0,13,12,11,0,36,20,20,0,0,0,0,0
0,0,0,0,0,0,0,0,0,0,1,9,0,0,0,0
0,0,0,0,0,0,0,0,0,1,9,3,0,0,0,3
0,0,0,0,0,0,0,0,1,9,3,0,0,0,3,0
0,0,0,0,0,0,1,9,0,0,0,0,0,6,0,6
0,0,0,0,0,1,9,3,0,0,0,3,6,0,6,6
0,0,0,0,1,9,3,0,0,0,3,0,0,6,6,0
0,0,1,9,0,0,0,0,0,6,0,6,0,0,0,0
0,1,9,3,0,0,0,3,6,0,6,6,0,0,0,0
1,9,3,0,0,0,3,0,0,6,6,0,0,0,0,0
0,0,0,0,0,0,0,0,0,0,0,0,0,0,0,0
0,0,0,0,0,0,0,0,0,0,0,0,0,0,0,0
0,0,0,0,0,0,0,0,0,0,0,0,0,0,0,0
0,0,0,0,0,0,0,0,0,0,0,0,0,0,0,0
0,0,0,0,0,0,0,0,0,0,0,0,0,0,0,0
0,0,0,0,0,0,0,0,0,0,0,0,0,0,0,0
0,0,0,0,0,0,0,0,0,0,0,0,0,0,0,0
0,0,0,0,0,0,0,0,0,0,0,0,0,0,0,0
0,0,0,0,0,0,0,0,0,0,0,0,0,0,0,0
0,0,0,0,0,0,0,0,0,4,0,9,0,16,0,2
0,0,0,0,0,0,0,0,4,0,9,12,16,0,2,7
0,0,0,0,0,0,0,0,0,9,12,0,0,2,7,0
0,0,0,0,0,4,0,9,0,16,0,2,0,8,43,9
0,0,0,0,4,0,9,12,16,0,2,7,8,43,9,11
0,0,0,0,0,9,12,0,0,2,7,0,43,9,11,0
0,4,0,9,0,16,0,2,0,8,43,9,0,0,0,0
4,0,9,12,16,0,2,7,8,43,9,11,0,0,0,0
0,9,12,0,0,2,7,0,43,9,11,0,0,0,0,0
0,0,0,0,0,0,0,0,0,0,0,0,0,0,0,0
0,0,0,0,0,0,0,0,0,0,0,0,0,0,0,0
0,0,0,0,0,0,0,0,0,0,0,0,0,0,0,0
0,0,0,0,0,0,0,0,0,0,0,0,0,0,0,0
0,0,0,0,0,0,0,0,0,0,0,0,0,0,0,0
0,0,0,0,0,0,0,0,0,0,0,0,0,0,0,0
0,0,0,0,0,0,0,0,0,0,0,0,0,0,0,0
0,0,0,0,0,0,0,0,0,0,0,0,0,0,0,0
0,0,0,0,0,0,0,0,0,0,0,0,0,0,0,0
0,0,0,0,0,0,0,0,0,0,0,0,0,0,0,0
0,0,0,0,0,0,0,0,0,0,0,0,0,0,0,0
0,0,0,0,0,0,0,0,0,0,0,0,0,0,0,0
0,0,0,0,0,0,0,0,0,0,0,0,0,0,0,0
0,0,0,0,0,0,0,0,0,0,0,0,0,0,0,0
0,0,0,0,0,0,0,0,0,0,0,0,0,0,0,0
0,0,0,0,0,0,0,0,0,0,0,0,0,0,0,0
0,0,0,0,0,0,0,0,0,0,0,0,0,0,0,0
0,0,0,0,0,0,0,0,0,0,0,0,0,0,0,0
0,0,0,0,0,6,3,6,0,4,6,0,0,6,0,3
0,0,0,0,6,3,6,6,4,6,0,0,6,0,3,0
0,0,0,0,3,6,6,0,6,0,0,0,0,3,0,0
0,6,3,6,0,4,6,0,0,6,0,3,0,5,0,0
6,3,6,6,4,6,0,0,6,0,3,0,5,0,0,0
3,6,6,0,6,0,0,0,0,3,0,0,0,0,0,0
0,4,6,0,0,6,0,3,0,5,0,0,0,0,0,0
4,6,0,0,6,0,3,0,5,0,0,0,0,0,0,0
6,0,0,0,0,3,0,0,0,0,0,0,0,0,0,0
0,0,0,0,0,7,11,10,0,5,5,13,0,20,0,8
0,0,0,0,7,11,10,9,5,5,13,13,20,0,8,14
0,0,0,0,11,10,9,0,5,13,13,0,0,8,14,0
0,7,11,10,0,5,5,13,0,20,0,8,0,9,24,15
7,11,10,9,5,5,13,13,20,0,8,14,9,24,15,11
11,10,9,0,5,13,13,0,0,8,14,0,24,15,11,0
0,5,5,13,0,20,0,8,0,9,24,15,0,0,0,0
5,5,13,13,20,0,8,14,9,24,15,11,0,0,0,0
5,13,13,0,0,8,14,0,24,15,11,0,0,0,0,0
0,0,0,0,0,0,0,0,0,4,2,0,0,16,11,13
0,0,0,0,0,0,0,0,4,2,0,0,16,11,13,0
0,0,0,0,0,0,0,0,2,0,0,0,11,13,0,0
0,0,0,0,0,4,2,0,0,16,11,13,0,6,19,0
0,0,0,0,4,2,0,0,16,11,13,0,6,19,0,2
0,0,0,0,2,0,0,0,11,13,0,0,19,0,2,0
0,4,2,0,0,16,11,13,0,6,19,0,0,0,0,0
4,2,0,0,16,11,13,0,6,19,0,2,0,0,0,0
2,0,0,0,11,13,0,0,19,0,2,0,0,0,0,0
0,0,0,0,0,0,2,1,0,4,0,0,0,7,0,0
0,0,0,0,0,2,1,0,4,0,0,0,7,0,0,0
0,0,0,0,2,1,0,0,0,0,0,0,0,0,0,0
0,0,2,1,0,4,0,0,0,7,0,0,0,0,0,0
0,2,1,0,4,0,0,0,7,0,0,0,0,0,0,0
2,1,0,0,0,0,0,0,0,0,0,0,0,0,0,0
0,4,0,0,0,7,0,0,0,0,0,0,0,0,0,0
4,0,0,0,7,0,0,0,0,0,0,0,0,0,0,0
0,0,0,0,0,0,0,0,0,0,0,0,0,0,0,0
0,0,0,0,0,0,1,1,0,0,0,2,0,0,0,0
0,0,0,0,0,1,1,6,0,0,2,0,0,0,0,2
0,0,0,0,1,1,6,0,0,2,0,0,0,0,2,0
0,0,1,1,0,0,0,2,0,0,0,0,0,1,13,1
0,1,1,6,0,0,2,0,0,0,0,2,1,13,1,10
1,1,6,0,0,2,0,0,0,0,2,0,13,1,10,0
0,0,0,2,0,0,0,0,0,1,13,1,0,0,0,0
0,0,2,0,0,0,0,2,1,13,1,10,0,0,0,0
0,2,0,0,0,0,2,0,13,1,10,0,0,0,0,0
0,0,0,0,0,0,0,2,0,0,0,0,0,0,0,0
0,0,0,0,0,0,2,0,0,0,0,0,0,0,0,0
0,0,0,0,0,2,0,0,0,0,0,0,0,0,0,0
0,0,0,2,0,0,0,0,0,0,0,0,0,0,0,0
0,0,2,0,0,0,0,0,0,0,0,0,0,0,0,0
0,2,0,0,0,0,0,0,0,0,0,0,0,0,0,0
0,0,0,0,0,0,0,0,0,0,0,0,0,0,0,0
0,0,0,0,0,0,0,0,0,0,0,0,0,0,0,0
0,0,0,0,0,0,0,0,0,0,0,0,0,0,0,0
0,0,0,0,0,8,7,10,0,2,11,6,0,2,13,7
0,0,0,0,8,7,10,8,2,11,6,11,2,13,7,6
0,0,0,0,7,10,8,0,11,6,11,0,13,7,6,0
0,8,7,10,0,2,11,6,0,2,13,7,0,6,10,13
8,7,10,8,2,11,6,11,2,13,7,6,6,10,13,5
7,10,8,0,11,6,11,0,13,7,6,0,10,13,5,0
0,2,11,6,0,2,13,7,0,6,10,13,0,0,0,0
2,11,6,11,2,13,7,6,6,10,13,5,0,0,0,0
11,6,11,0,13,7,6,0,10,13,5,0,0,0,0,0
0,0,0,0,0,15,8,12,0,0,4,6,0,0,0,0
0,0,0,0,15,8,12,5,0,4,6,0,0,0,0,2
0,0,0,0,8,12,5,0,4,6,0,0,0,0,2,0
0,15,8,12,0,0,4,6,0,0,0,0,0,0,0,2
15,8,12,5,0,4,6,0,0,0,0,2,0,0,2,2
8,12,5,0,4,6,0,0,0,0,2,0,0,2,2,0
0,0,4,6,0,0,0,0,0,0,0,2,0,0,0,0
0,4,6,0,0,0,0,2,0,0,2,2,0,0,0,0
4,6,0,0,0,0,2,0,0,2,2,0,0,0,0,0
0,0,0,0,0,1,0,0,0,4,6,0,0,4,12,0
0,0,0,0,1,0,0,0,4,6,0,1,4,12,0,0
0,0,0,0,0,0,0,0,6,0,1,0,12,0,0,0
0,1,0,0,0,4,6,0,0,4,12,0,0,4,8,9
1,0,0,0,4,6,0,1,4,12,0,0,4,8,9,7
0,0,0,0,6,0,1,0,12,0,0,0,8,9,7,0
0,4,6,0,0,4,12,0,0,4,8,9,0,0,0,0
4,6,0,1,4,12,0,0,4,8,9,7,0,0,0,0
6,0,1,0,12,0,0,0,8,9,7,0,0,0,0,0
0,0,0,0,0,0,0,0,0,0,0,0,0,0,0,0
0,0,0,0,0,0,0,0,0,0,0,0,0,0,0,1
0,0,0,0,0,0,0,0,0,0,0,0,0,0,1,0
0,0,0,0,0,0,0,0,0,0,0,0,0,0,0,0
0,0,0,0,0,0,0,0,0,0,0,1,0,0,0,1
0,0,0,0,0,0,0,0,0,0,1,0,0,0,1,0
0,0,0,0,0,0,0,0,0,0,0,0,0,0,0,0
0,0,0,0,0,0,0,1,0,0,0,1,0,0,0,0
0,0,0,0,0,0,1,0,0,0,1,0,0,0,0,0
0,0,0,0,0,6,11,19,0,12,19,19,0,17,8,10
0,0,0,0,6,11,19,12,12,19,19,15,17,8,10,13
0,0,0,0,11,19,12,0,19,19,15,0,8,10,13,0
0,6,11,19,0,12,19,19,0,17,8,10,0,14,51,17
6,11,19,12,12,19,19,15,17,8,10,13,14,51,17,20
11,19,12,0,19,19,15,0,8,10,13,0,51,17,20,0
0,12,19,19,0,17,8,10,0,14,51,17,0,0,0,0
12,19,19,15,17,8,10,13,14,51,17,20,0,0,0,0
19,19,15,0,8,10,13,0,51,17,20,0,0,0,0,0
0,0,0,0,0,13,5,4,0,4,5,10,0,16,7,0
0,0,0,0,13,5,4,1,4,5,10,11,16,7,0,0
0,0,0,0,5,4,1,0,5,10,11,0,7,0,0,0
0,13,5,4,0,4,5,10,0,16,7,0,0,11,45,11
13,5,4,1,4,5,10,11,16,7,0,0,11,45,11,3
5,4,1,0,5,10,11,0,7,0,0,0,45,11,3,0
0,4,5,10,0,16,7,0,0,11,45,11,0,0,0,0
4,5,10,11,16,7,0,0,11,45,11,3,0,0,0,0
5,10,11,0,7,0,0,0,45,11,3,0,0,0,0,0
0,0,0,0,0,1,1,0,0,4,2,2,0,0,15,9
0,0,0,0,1,1,0,3,4,2,2,3,0,15,9,0
0,0,0,0,1,0,3,0,2,2,3,0,15,9,0,0
0,1,1,0,0,4,2,2,0,0,15,9,0,7,6,8
1,1,0,3,4,2,2,3,0,15,9,0,7,6,8,10
1,0,3,0,2,2,3,0,15,9,0,0,6,8,10,0
0,4,2,2,0,0,15,9,0,7,6,8,0,0,0,0
4,2,2,3,0,15,9,0,7,6,8,10,0,0,0,0
2,2,3,0,15,9,0,0,6,8,10,0,0,0,0,0
0,0,0,0,0,0,0,0,0,3,5,0,0,3,1,0
0,0,0,0,0,0,0,0,3,5,0,0,3,1,0,0
0,0,0,0,0,0,0,0,5,0,0,0,1,0,0,0
0,0,0,0,0,3,5,0,0,3,1,0,0,0,0,0
0,0,0,0,3,5,0,0,3,1,0,0,0,0,0,0
0,0,0,0,5,0,0,0,1,0,0,0,0,0,0,0
0,3,5,0,0,3,1,0,0,0,0,0,0,0,0,0
3,5,0,0,3,1,0,0,0,0,0,0,0,0,0,0
5,0,0,0,1,0,0,0,0,0,0,0,0,0,0,0
0,0,0,0,0,0,5,6,0,21,22,20,0,17,22,19
0,0,0,0,0,5,6,7,21,22,20,14,17,22,19,12
0,0,0,0,5,6,7,0,22,20,14,0,22,19,12,0
0,0,5,6,0,21,22,20,0,17,22,19,0,27,34,31
0,5,6,7,21,22,20,14,17,22,19,12,27,34,31,31
5,6,7,0,22,20,14,0,22,19,12,0,34,31,31,0
0,21,22,20,0,17,22,19,0,27,34,31,0,0,0,0
21,22,20,14,17,22,19,12,27,34,31,31,0,0,0,0
22,20,14,0,22,19,12,0,34,31,31,0,0,0,0,0
0,0,0,0,0,5,10,12,0,4,0,4,0,0,0,4
0,0,0,0,5,10,12,16,4,0,4,10,0,0,4,17
0,0,0,0,10,12,16,0,0,4,10,0,0,4,17,0
0,5,10,12,0,4,0,4,0,0,0,4,0,8,25,14
5,10,12,16,4,0,4,10,0,0,4,17,8,25,14,13
10,12,16,0,0,4,10,0,0,4,17,0,25,14,13,0
0,4,0,4,0,0,0,4,0,8,25,14,0,0,0,0
4,0,4,10,0,0,4,17,8,25,14,13,0,0,0,0
0,4,10,0,0,4,17,0,25,14,13,0,0,0,0,0
0,0,0,0,0,0,0,0,0,0,0,0,0,0,3,1
0,0,0,0,0,0,0,0,0,0,0,0,0,3,1,0
0,0,0,0,0,0,0,0,0,0,0,0,3,1,0,0
0,0,0,0,0,0,0,0,0,0,3,1,0,0,0,0
0,0,0,0,0,0,0,0,0,3,1,0,0,0,0,0
0,0,0,0,0,0,0,0,3,1,0,0,0,0,0,0
0,0,0,0,0,0,3,1,0,0,0,0,0,0,0,0
0,0,0,0,0,3,1,0,0,0,0,0,0,0,0,0
0,0,0,0,3,1,0,0,0,0,0,0,0,0,0,0
0,0,0,0,0,8,4,0,0,4,9,5,0,8,1,3
0,0,0,0,8,4,0,3,4,9,5,2,8,1,3,8
0,0,0,0,4,0,3,0,9,5,2,0,1,3,8,0
0,8,4,0,0,4,9,5,0,8,1,3,0,10,33,13
8,4,0,3,4,9,5,2,8,1,3,8,10,33,13,7
4,0,3,0,9,5,2,0,1,3,8,0,33,13,7,0
0,4,9,5,0,8,1,3,0,10,33,13,0,0,0,0
4,9,5,2,8,1,3,8,10,33,13,7,0,0,0,0
9,5,2,0,1,3,8,0,33,13,7,0,0,0,0,0
0,0,0,0,0,0,0,0,0,0,6,1,0,15,9,3
0,0,0,0,0,0,0,0,0,6,1,1,15,9,3,5
0,0,0,0,0,0,0,0,6,1,1,0,9,3,5,0
0,0,0,0,0,0,6,1,0,15,9,3,0,1,32,1
0,0,0,0,0,6,1,1,15,9,3,5,1,32,1,13
0,0,0,0,6,1,1,0,9,3,5,0,32,1,13,0
0,0,6,1,0,15,9,3,0,1,32,1,0,0,0,0
0,6,1,1,15,9,3,5,1,32,1,13,0,0,0,0
6,1,1,0,9,3,5,0,32,1,13,0,0,0,0,0
0,0,0,0,0,0,0,0,0,1,0,4,0,6,3,0
0,0,0,0,0,0,0,0,1,0,4,3,6,3,0,2
0,0,0,0,0,0,0,0,0,4,3,0,3,0,2,0
0,0,0,0,0,1,0,4,0,6,3,0,0,8,5,2
0,0,0,0,1,0,4,3,6,3,0,2,8,5,2,10
0,0,0,0,0,4,3,0,3,0,2,0,5,2,10,0
0,1,0,4,0,6,3,0,0,8,5,2,0,0,0,0
1,0,4,3,6,3,0,2,8,5,2,10,0,0,0,0
0,4,3,0,3,0,2,0,5,2,10,0,0,0,0,0
0,0,0,0,0,0,0,0,0,0,1,0,0,0,0,0
0,0,0,0,0,0,0,0,0,1,0,0,0,0,0,0
0,0,0,0,0,0,0,0,1,0,0,0,0,0,0,0
0,0,0,0,0,0,1,0,0,0,0,0,0,0,3,0
0,0,0,0,0,1,0,0,0,0,0,0,0,3,0,0
0,0,0,0,1,0,0,0,0,0,0,0,3,0,0,0
0,0,1,0,0,0,0,0,0,0,3,0,0,0,0,0
0,1,0,0,0,0,0,0,0,3,0,0,0,0,0,0
1,0,0,0,0,0,0,0,3,0,0,0,0,0,0,0
0,0,0,0,0,0,0,0,0,6,17,0,0,10,2,2
0,0,0,0,0,0,0,0,6,17,0,2,10,2,2,0
0,0,0,0,0,0,0,0,17,0,2,0,2,2,0,0
0,0,0,0,0,6,17,0,0,10,2,2,0,1,1,0
0,0,0,0,6,17,0,2,10,2,2,0,1,1,0,0
0,0,0,0,17,0,2,0,2,2,0,0,1,0,0,0
0,6,17,0,0,10,2,2,0,1,1,0,0,0,0,0
6,17,0,2,10,2,2,0,1,1,0,0,0,0,0,0
17,0,2,0,2,2,0,0,1,0,0,0,0,0,0,0
0,0,0,0,0,0,2,0,0,0,4,2,0,7,0,2
0,0,0,0,0,2,0,0,0,4,2,2,7,0,2,0
0,0,0,0,2,0,0,0,4,2,2,0,0,2,0,0
0,0,2,0,0,0,4,2,0,7,0,2,0,0,3,15
0,2,0,0,0,4,2,2,7,0,2,0,0,3,15,17
2,0,0,0,4,2,2,0,0,2,0,0,3,15,17,0
0,0,4,2,0,7,0,2,0,0,3,15,0,0,0,0
0,4,2,2,7,0,2,0,0,3,15,17,0,0,0,0
4,2,2,0,0,2,0,0,3,15,17,0,0,0,0,0
0,0,0,0,0,10,3,1,0,0,0,0,0,2,4,0
0,0,0,0,10,3,1,5,0,0,0,0,2,4,0,0
0,0,0,0,3,1,5,0,0,0,0,0,4,0,0,0
0,10,3,1,0,0,0,0,0,2,4,0,0,0,1,0
10,3,1,5,0,0,0,0,2,4,0,0,0,1,0,0
3,1,5,0,0,0,0,0,4,0,0,0,1,0,0,0
0,0,0,0,0,2,4,0,0,0,1,0,0,0,0,0
0,0,0,0,2,4,0,0,0,1,0,0,0,0,0,0
0,0,0,0,4,0,0,0,1,0,0,0,0,0,0,0
0,0,0,0,0,1,0,0,0,4,8,0,0,11,0,0
0,0,0,0,1,0,0,0,4,8,0,1,11,0,0,0
0,0,0,0,0,0,0,0,8,0,1,0,0,0,0,0
0,1,0,0,0,4,8,0,0,11,0,0,0,0,21,4
1,0,0,0,4,8,0,1,11,0,0,0,0,21,4,6
0,0,0,0,8,0,1,0,0,0,0,0,21,4,6,0
0,4,8,0,0,11,0,0,0,0,21,4,0,0,0,0
4,8,0,1,11,0,0,0,0,21,4,6,0,0,0,0
8,0,1,0,0,0,0,0,21,4,6,0,0,0,0,0
0,0,0,0,0,7,8,7,0,0,0,0,0,0,2,4
0,0,0,0,7,8,7,11,0,0,0,0,0,2,4,8
0,0,0,0,8,7,11,0,0,0,0,0,2,4,8,0
0,7,8,7,0,0,0,0,0,0,2,4,0,0,0,1
7,8,7,11,0,0,0,0,0,2,4,8,0,0,1,4
8,7,11,0,0,0,0,0,2,4,8,0,0,1,4,0
0,0,0,0,0,0,2,4,0,0,0,1,0,0,0,0
0,0,0,0,0,2,4,8,0,0,1,4,0,0,0,0
0,0,0,0,2,4,8,0,0,1,4,0,0,0,0,0
0,0,0,0,0,0,1,4,0,0,0,0,0,0,0,3
0,0,0,0,0,1,4,0,0,0,0,0,0,0,3,8
0,0,0,0,1,4,0,0,0,0,0,0,0,3,8,0
0,0,1,4,0,0,0,0,0,0,0,3,0,3,0,9
0,1,4,0,0,0,0,0,0,0,3,8,3,0,9,2
1,4,0,0,0,0,0,0,0,3,8,0,0,9,2,0
0,0,0,0,0,0,0,3,0,3,0,9,0,0,0,0
0,0,0,0,0,0,3,8,3,0,9,2,0,0,0,0
0,0,0,0,0,3,8,0,0,9,2,0,0,0,0,0
0,0,0,0,0,0,0,0,0,2,6,0,0,2,0,1
0,0,0,0,0,0,0,0,2,6,0,6,2,0,1,9
0,0,0,0,0,0,0,0,6,0,6,0,0,1,9,0
0,0,0,0,0,2,6,0,0,2,0,1,0,5,18,13
0,0,0,0,2,6,0,6,2,0,1,9,5,18,13,11
0,0,0,0,6,0,6,0,0,1,9,0,18,13,11,0
0,2,6,0,0,2,0,1,0,5,18,13,0,0,0,0
2,6,0,6,2,0,1,9,5,18,13,11,0,0,0,0
6,0,6,0,0,1,9,0,18,13,11,0,0,0,0,0
