88,181,130,180,243,96,163,218,188,77,225,48,93,1,62,3,196,232,59,166,91,13,157,125,130,159,58,249,246,199,166,4,75,205,181,201,249,132,167,7,216,199,203,73,28,204,197,133,162,229,80,181,149,239,20,23,161,12,103,81,78,182,191,32,1,139,162,145,39,197,101,253,121,186,129,47,131,54,245,215,224,140,108,26,57,70,179,231,24,157,245,229,202,98,249,232,23,213,1,215,2,74,113,185,42,207,199,5,222,127,132,217,212,186,61,151,239,101,218,87,254,175,196,96,124,84,168,87,158,240,9,28,222,49,162,6,140,168,7,252,237,118,210,126,183,158,131,94,24,173,16,44,218,114,112,5,123,234,230,213,21,58,171,42,251,15,160,240,66,9,13,184,106,230,141,94,126,134,77,59,96,54,71,195,67,133,90,133,118,2,32,108,244,181,25,171,94,114,10,157,114,33,7,105,79,214,140,79,48,233,71,88,69,161,223,0,158,252,80,189,156,136,252,171,156,214,148,71,13,109,223,108,159,83,49,169,133,159,54,200,112,87,244,140,95,3,195,247,80,180,201,221,157,51,185,48,17,40,218,213,239,75,56,102,207,106,246,232,117,59,106,27,117,220,82,29,139,224,226,101,87,173,112,233,251,175,192,180,119,197,117,191,13,12,145,88,64,201,69,124,181,158,45,114,105,37,147,248,87,220,173,253,162,173,135,219,149,180,108,28,165,181,180,25,19,49,91,152,220,44,0,240,27,38,118,199,69,184,89,41,44,205,61,227,23,178,35,140,136,254,80,171,159,178,215,78,57,0,108,172,247,14,75,196,165,11,99,133,92,72,167,197,214,131,115,34,141,10,190,175,169,84,202,113,230,4,64,10,19,19,112,204,44,107,193,57,221,239,115,222,11,11,228,58,234,152,79,205,105,37,195,9,88,66,206,157,149,42,62,119,45,152,203,168,241,208,104,1,147,16,55,139,139,114,68,114,215,165,227,53,211,146,5,40,106,105,131,107,118,0,174,238,17,133,122,112,69,194,189,179,192,141,196,124,159,94,127,160,29,94,201,99,252,137,109,254,143,177,32,153,123,247,109,18,161,32,141,229,91,170,27,200,84,138,92,81,241,210,135,100,114,29,16,23,162,25,49,184,21,200,38,151,127
238,230,240,70,246,63,118,38,45,144,86,123,6,12,25,209,28,254,148,37,97,207,176,127,92,81,189,227,82,236,234,198,210,217,18,113,114,117,111,135,236,42,74,31,227,226,106,55,138,165,17,231,155,201,47,182,168,96,30,137,213,205,184,50,196,212,206,235,136,55,215,166,232,202,41,253,87,18,249,96,43,29,177,117,25,101,158,227,132,122,178,190,207,185,165,151,4,126,154,84,145,230,112,226,81,197,127,85,40,235,10,159,12,246,132,84,224,11,165,90,195,12,110,210,156,245,248,53,150,190,82,176,235,84,223,75,119,107,10,131,38,235,61,173,129,233,214,53,153,168,112,169,211,110,93,27,235,228,189,233,197,63,67,16,33,206,96,207,49,68,138,41,33,235,183,102,31,188,181,87,104,79,32,159,72,149,84,36,210,97,162,192,207,107,231,59,94,96,213,101,52,24,239,182,75,20,222,141,191,100,85,130,71,57,91,217,182,123,52,31,76,150,61,59,145,175,11,169,66,132,74,192,203,231,0,43,130,19,248,217,51,245,216,33,244,33,195,128,180,5,55,138,4,96,118,84,84,106,203,99,187,246,228,115,17,248,242,191,189,80,233,192,61,14,157,202,187,210,195,24,79,29,243,134,150,204,220,137,7,245,125,162,201,156,0,1,252,8,205,221,250,25,170,172,128,162,182,105,230,203,43,147,185,49,186,180,64,101,220,171,129,212,139,2,35,173,223,69,206,101,131,19,33,13,169,223,73,116,254,86,77,222,55,187,173,101,182,18,241,16,86,16,187,192,46,101,173,84,18,165,57,96,7,219,98,26,171,56,184,145,105,41,169,43,178,216,35,225,203,140,184,37,215,118,166,29,79,160,99,97,10,49,38,60,192,96,133,102,243,24,111,242,84,106,166,11,10,188,96,234,71,151,201,209,249,233,183,254,106,184,30,142,47,48,1,35,121,115,32,117,20,85,31,165,185,78,161,68,53,146,21,246,254,40,191,228,203,93,79,139,180,221,224,141,173,6,156,53,80,202,196,50,145,147,149,15,9,244,27,76,65,26,64,120,192,171,85,92,94,242,69,69,196,24,169,11,97,120,181,168,168,2,253,40,161,218,1,65,181,176,215,150,37,17,128,78,17,185,69,70,45,116,127
183,15,144,130,151,24,66,57,54,20,67,202,74,178,23,14,50,146,187,133,216,190,128,33,3,126,125,3,141,107,94,226,59,240,237,35,150,170,50,61,7,51,140,112,193,21,177,121,244,103,107,138,70,195,19,131,107,121,117,98,194,212,21,125,93,190,39,67,189,115,111,127,84,216,119,196,144,230,237,172,27,165,168,192,112,171,81,122,21,183,141,102,79,142,249,102,202,191,188,117,240,171,197,176,193,55,225,242,59,172,115,134,234,24,151,42,80,12,62,149,45,217,187,135,25,199,77,11,12,156,104,196,194,23,101,243,217,122,21,227,142,235,18,18,46,52,160,122,100,127,115,81,68,202,79,119,106,67,248,16,117,92,103,10,180,183,73,64,246,101,210,239,15,31,241,149,144,46,117,45,170,118,42,128,137,118,109,218,0,51,154,74,144,148,162,87,224,146,46,98,43,196,32,228,151,113,167,80,210,37,56,11,141,2,249,218,176,23,23,90,218,95,247,26,242,32,164,128,222,96,93,244,61,171,86,88,109,1,148,65,219,36,115,210,36,179,44,7,52,93,173,214,167,234,125,185,153,169,117,13,1,127,209,59,110,185,79,133,152,228,186,159,239,39,234,12,254,156,223,102,6,126,26,1,226,132,77,188,218,144,165,67,215,132,225,184,63,2,29,134,155,66,83,102,184,14,112,14,90,37,84,76,107,27,254,238,127,111,99,177,1,183,181,29,101,12,200,84,161,124,51,226,225,235,131,116,130,209,188,71,190,160,156,6,218,184,183,195,201,109,182,139,219,188,236,246,208,171,124,83,63,138,30,23,108,156,196,66,6,217,31,177,94,25,18,7,159,82,136,232,83,119,110,205,68,61,199,216,224,177,105,94,129,233,57,162,148,97,198,35,8,246,8,183,110,126,250,237,81,95,204,248,52,14,15,125,230,72,30,128,242,154,118,67,32,187,242,242,88,103,6,97,152,158,7,10,141,86,166,71,64,70,192,28,197,223,115,139,206,195,221,113,230,244,180,36,60,253,6,218,154,203,188,187,52,179,197,161,158,146,163,237,160,154,182,34,59,36,214,178,107,140,67,136,240,77,109,59,221,201,154,207,105,176,114,123,161,206,242,205,6,130,184,205,117,94,236,47,142,18,245,124,127
153,46,230,141,190,134,164,171,3,79,134,79,12,134,19,140,239,129,157,49,36,83,59,138,65,9,32,110,41,225,94,247,42,151,44,251,89,226,34,88,111,36,239,232,103,193,77,126,223,118,163,88,66,146,178,164,126,63,72,133,67,181,100,89,243,83,132,144,222,193,143,26,28,6,200,96,134,29,98,156,45,61,27,180,12,194,113,222,212,22,155,52,163,124,43,2,118,136,103,237,250,227,137,150,118,114,146,114,117,54,146,34,208,213,1,4,140,81,29,92,141,173,228,213,169,190,79,142,158,245,209,214,70,115,218,87,227,63,24,200,31,0,214,71,14,121,120,103,209,173,108,132,13,183,89,134,116,233,80,97,109,219,12,134,78,228,18,14,121,199,193,61,161,232,67,73,225,104,27,117,22,120,251,97,157,170,189,213,141,37,6,148,188,90,91,64,105,27,73,176,116,149,171,239,40,110,118,54,164,179,209,50,137,89,22,202,245,92,155,117,118,94,189,127,82,15,35,104,130,32,5,75,29,59,6,218,69,38,198,244,251,204,211,218,227,238,227,175,200,63,1,91,163,211,45,103,126,240,250,248,249,150,193,198,94,99,224,28,115,40,207,143,74,119,249,177,192,204,63,150,189,121,195,238,28,165,163,152,11,156,170,148,134,35,169,103,45,11,60,251,102,232,223,222,20,31,4,187,250,179,209,98,151,158,31,140,156,184,181,113,55,133,44,179,133,235,190,134,45,117,116,26,36,184,202,219,239,185,25,74,199,19,59,233,100,93,210,8,65,205,140,161,252,201,198,111,110,149,213,173,168,193,13,53,175,215,124,213,20,89,88,71,123,214,44,83,158,94,241,16,117,169,52,32,23,165,248,252,205,218,60,175,150,102,210,132,249,170,8,207,104,124,92,73,183,185,172,162,138,225,65,177,39,143,88,80,189,63,92,83,219,85,77,78,172,9,1,244,110,159,110,122,51,130,44,81,70,15,2,115,17,231,204,23,183,99,223,156,70,113,188,55,103,12,65,20,125,156,223,26,94,104,8,72,195,24,201,252,45,242,17,7,179,94,134,147,110,148,200,192,190,102,209,119,192,28,29,51,196,152,25,228,232,202,176,138,168,105,160,34,178,127,33,128,75,231,60,113,163,90,84,104,127
225,229,0,3,160,77,25,4,49,78,158,241,174,231,30,168,110,252,37,243,161,171,118,38,230,193,110,37,254,196,105,151,6,240,149,58,110,40,61,225,144,56,85,213,63,126,210,208,4,25,78,108,111,3,22,174,25,238,175,187,98,41,111,180,157,50,184,195,84,202,152,214,192,87,163,133,176,120,219,130,254,219,237,209,20,50,228,168,74,40,83,195,7,60,190,72,70,107,128,84,77,133,8,114,103,98,133,182,182,182,48,100,195,133,110,37,238,31,119,69,165,82,201,58,68,88,164,109,240,80,70,154,237,170,155,175,158,90,61,149,159,162,226,109,218,210,253,249,84,17,130,161,57,15,100,178,190,16,106,73,251,226,76,147,60,0,142,242,130,229,85,32,175,90,211,61,169,51,176,149,217,210,165,45,200,99,38,21,86,184,130,100,100,101,29,156,61,96,211,241,150,235,125,225,126,12,218,75,87,99,136,186,25,55,16,128,222,141,66,251,143,211,186,149,24,46,219,42,232,209,213,242,124,178,208,29,155,0,152,130,236,217,96,10,93,160,13,122,229,21,207,157,155,49,20,49,199,248,125,94,222,155,177,235,104,62,30,151,44,40,193,35,85,175,196,193,73,108,151,92,214,151,33,0,40,155,242,206,105,0,187,254,169,176,172,93,5,31,24,53,164,205,209,253,27,201,120,64,166,85,8,110,10,60,22,9,166,150,76,51,211,220,20,217,82,128,152,168,58,13,161,250,251,188,15,47,127,153,46,212,57,155,88,124,76,17,86,164,81,88,126,211,249,54,71,73,174,53,87,248,136,135,196,8,58,202,42,246,122,67,127,151,48,119,219,156,55,249,242,55,170,150,121,116,135,198,92,253,197,69,245,22,201,15,244,6,104,229,216,251,37,163,206,97,32,215,141,90,20,84,98,87,152,117,93,191,214,91,84,188,184,47,229,24,59,148,100,56,19,233,67,91,183,203,252,187,203,115,152,48,173,120,150,158,17,128,234,179,38,139,56,252,192,5,118,223,239,61,113,0,176,220,159,41,196,235,248,11,7,161,207,11,28,145,129,184,79,109,243,251,232,39,143,96,25,223,240,25,162,3,2,16,237,238,104,153,229,4,248,104,213,87,15,54,55,67,227,166,16,231,31,122,127
1,31,144,112,129,232,102,70,66,29,219,178,117,59,87,85,19,98,211,82,15,180,87,167,8,247,55,103,244,217,208,15,49,58,19,27,158,134,218,38,66,84,201,153,11,153,111,195,55,208,86,38,123,124,134,26,198,194,203,16,233,27,249,152,47,195,28,26,104,224,125,235,234,203,178,207,144,153,188,171,81,207,167,138,121,237,113,197,15,219,20,238,27,107,20,244,233,16,124,54,82,226,132,193,34,210,32,14,110,66,43,143,9,151,213,98,142,6,232,204,51,14,56,182,106,134,58,130,229,224,17,68,79,4,156,212,157,241,243,215,134,126,146,198,186,67,100,235,250,76,75,72,191,86,196,235,189,76,95,215,102,226,64,107,165,46,94,62,8,114,158,81,98,6,185,162,22,225,11,91,226,186,154,54,198,179,33,235,186,98,96,126,51,41,75,65,80,129,30,4,56,241,231,214,179,43,18,226,60,49,25,210,177,241,129,242,26,229,252,165,170,158,98,172,176,205,247,1,31,59,36,44,54,218,66,103,64,246,108,246,189,127,62,224,190,209,239,97,6,223,173,187,120,97,75,177,97,25,127,133,109,166,252,176,132,82,101,237,184,160,103,197,163,155,150,247,74,72,215,41,249,197,231,16,203,67,187,120,153,40,91,222,155,233,252,113,137,62,13,170,245,111,38,37,26,79,45,171,164,247,197,30,129,127,80,167,127,5,221,231,38,122,22,137,38,224,219,37,88,148,27,173,199,213,150,13,49,169,166,250,101,206,231,188,18,227,56,232,151,57,124,232,118,102,165,202,47,242,204,179,227,176,163,64,243,209,21,66,13,155,29,18,87,201,207,96,54,194,241,239,104,100,22,27,41,234,127,28,79,251,137,67,71,49,94,222,133,78,245,217,21,177,78,15,168,66,206,208,205,191,159,109,197,73,0,121,232,86,7,208,153,254,204,186,103,101,180,3,77,216,209,50,25,74,242,33,225,230,28,49,155,112,218,85,32,211,119,62,236,66,199,146,60,142,32,174,179,249,242,51,117,212,229,222,58,247,134,248,117,171,13,119,77,239,60,145,15,207,201,1,243,58,150,221,206,57,66,47,22,20,79,23,112,235,141,94,10,26,108,230,47,93,43,114,56,224,24,239,192,115,130,155,127
36,96,217,3,68,225,169,31,90,198,117,47,201,238,80,135,247,88,6,50,58,2,136,70,83,227,235,44,4,231,85,34,168,199,30,191,53,7,121,121,32,50,121,83,156,25,52,142,21,91,169,76,51,151,3,143,133,199,50,18,30,24,179,207,175,120,126,192,204,76,208,115,19,34,157,72,64,218,129,138,124,77,206,89,107,166,205,50,200,143,112,104,106,68,123,170,87,106,122,37,61,87,248,36,28,222,10,194,208,157,91,242,118,223,109,103,224,180,14,139,232,213,76,176,137,169,246,44,197,127,187,44,128,139,8,198,147,152,52,93,177,25,111,37,87,200,198,189,246,116,26,232,80,169,250,43,240,172,242,244,215,141,224,141,154,129,188,122,146,65,128,48,118,88,177,175,25,89,101,66,124,5,251,83,27,225,111,108,0,70,159,212,223,150,193,161,138,224,163,21,43,1,73,60,72,240,235,214,101,63,91,61,248,204,172,205,102,149,183,83,165,236,185,231,129,235,197,95,5,158,123,84,254,3,186,87,179,20,240,239,213,99,171,49,158,242,167,168,49,176,152,27,216,62,93,219,250,139,165,219,179,183,132,122,47,152,93,240,79,49,205,114,205,190,191,31,215,127,182,216,102,60,53,44,234,148,220,109,208,41,196,185,238,52,36,149,135,151,225,127,229,84,247,147,203,48,82,146,203,55,90,184,231,218,240,222,126,145,234,242,54,241,219,180,47,16,6,67,83,231,110,18,96,90,51,159,192,114,159,177,193,39,213,177,36,68,91,8,181,5,238,199,112,218,22,95,165,124,114,156,111,151,248,50,1,171,85,178,229,26,41,91,128,57,14,102,42,21,8,79,225,149,210,161,56,37,204,168,173,44,170,3,210,185,96,7,188,93,2,42,100,21,44,145,57,60,209,29,215,152,12,145,7,187,208,37,159,14,214,143,91,161,32,49,37,49,1,226,5,158,134,105,185,194,239,51,192,112,246,126,197,80,30,22,1,150,224,134,158,216,124,91,184,19,190,221,100,218,127,46,118,90,204,99,12,45,162,36,60,5,233,113,158,46,22,129,211,113,101,102,119,3,114,2,192,248,50,110,69,54,181,229,4,249,59,62,127,165,6,78,173,73,9,217,197,76,34,114,210,163,74,236,127
36,234,162,130,26,212,4,142,3,159,48,80,144,223,31,234,226,151,11,145,173,119,149,250,186,123,20,102,159,59,20,96,67,63,78,193,161,198,128,132,172,117,34,97,208,78,200,176,254,206,142,60,93,79,194,92,59,112,159,71,118,147,121,37,226,151,39,115,128,169,20,26,192,195,78,100,229,125,5,205,102,217,200,39,210,237,125,198,69,162,216,124,94,247,12,242,101,163,93,90,112,248,190,16,46,80,0,79,162,133,96,50,149,33,6,176,105,52,98,160,112,218,9,1,251,89,37,107,64,209,42,140,241,77,222,158,179,221,69,77,163,90,114,177,146,37,216,45,15,218,148,198,105,239,247,150,242,34,90,185,248,170,173,70,164,10,126,5,79,242,81,189,209,172,149,6,76,39,190,58,155,167,201,82,173,248,103,7,115,178,205,224,250,229,86,215,192,52,181,138,139,114,156,75,52,76,226,58,98,80,47,82,59,146,173,114,236,63,174,95,58,209,25,226,131,184,2,176,210,178,107,4,254,87,127,53,21,68,235,184,29,11,21,23,252,140,108,80,89,240,214,117,175,215,113,117,68,66,4,112,66,136,6,239,71,37,64,112,79,3,71,105,9,40,29,249,41,15,67,162,56,122,220,65,229,194,139,180,2,61,124,88,203,139,181,85,199,172,44,126,116,64,19,23,52,219,53,198,173,52,219,254,123,75,135,96,46,4,235,123,68,6,248,199,60,238,39,77,122,92,134,118,105,154,84,50,247,157,102,222,137,103,180,139,224,141,108,240,34,19,75,144,181,136,35,151,122,197,13,129,64,200,248,245,156,215,137,219,244,68,223,32,89,63,215,94,61,22,232,212,200,56,239,113,96,54,172,233,95,253,162,139,244,71,85,223,25,41,20,61,41,83,111,127,120,253,77,57,8,19,119,65,243,60,92,191,225,38,193,93,225,203,130,183,173,90,14,96,232,110,239,125,33,120,7,114,76,85,26,178,32,220,180,56,80,38,4,53,34,96,71,144,95,203,104,137,191,57,0,251,236,160,51,211,223,210,76,181,43,183,61,3,153,79,72,249,34,84,77,182,95,21,9,213,171,66,37,186,70,116,50,184,215,177,27,6,168,59,73,174,56,172,224,194,141,25,175,184,235,168,174,237,127
219,200,204,97,183,254,3,134,13,82,82,193,163,192,111,167,98,124,15,238,244,241,174,217,231,209,97,166,238,147,137,126,115,99,130,106,210,21,219,26,204,238,187,14,76,90,236,49,59,41,79,115,201,116,144,109,156,146,212,167,141,25,30,145,104,70,57,70,214,248,173,31,139,214,22,242,233,123,95,77,105,181,0,244,4,137,46,7,178,125,14,240,162,186,76,53,104,254,64,215,251,136,127,13,107,102,209,115,120,106,244,70,186,197,80,228,208,196,21,218,221,174,12,234,212,32,32,89,233,3,12,23,57,71,48,63,176,204,154,214,98,60,206,136,17,5,79,179,86,238,148,8,74,93,185,254,6,164,216,239,254,40,177,252,124,191,8,215,12,165,124,206,2,46,115,68,117,175,198,115,136,186,17,8,122,52,188,245,239,93,63,28,235,186,113,245,103,63,189,189,50,50,224,55,214,226,44,9,9,133,172,87,152,116,251,15,190,143,14,93,69,94,132,111,191,183,96,181,7,101,211,145,3,83,197,207,157,164,76,55,178,59,83,144,97,233,236,120,128,57,25,44,156,214,201,65,84,103,87,183,1,46,0,103,49,190,180,217,112,159,173,104,8,177,8,36,69,52,254,81,9,76,128,211,72,248,93,140,42,96,115,87,191,26,237,253,38,96,149,253,181,53,79,142,139,23,181,132,106,62,35,138,73,251,58,8,150,231,241,136,71,52,157,115,46,87,211,249,130,169,34,232,214,105,124,186,131,116,2,218,224,38,138,50,49,116,147,94,205,97,95,134,241,76,102,78,237,16,18,139,74,19,20,199,202,157,95,41,211,82,183,200,47,223,34,63,254,147,142,199,231,130,36,128,118,194,198,251,180,189,238,33,152,157,231,178,205,97,155,144,218,23,244,155,54,209,88,188,211,106,66,34,104,248,54,84,134,55,228,69,193,159,219,166,83,31,185,21,68,230,229,171,171,18,60,248,237,74,240,5,105,58,197,63,30,116,212,157,151,130,1,244,72,95,75,180,223,60,67,125,143,58,217,219,172,109,224,186,15,30,206,47,223,122,94,74,93,159,27,151,172,250,36,6,65,243,56,189,72,239,73,163,100,4,227,39,158,165,233,249,242,232,211,101,153,134,216,25,150,41,121,170,127
144,14,53,111,143,246,186,89,64,159,172,169,67,42,207,183,229,37,155,228,201,5,67,12,181,21,170,237,50,185,221,178,12,204,13,201,155,93,230,112,205,44,188,62,234,73,167,53,112,14,97,93,116,140,132,161,11,63,110,62,139,192,139,70,250,73,102,174,47,192,16,158,246,110,14,114,83,6,150,204,252,70,234,21,34,67,163,99,128,42,92,98,130,1,130,245,23,230,94,96,110,46,105,164,213,91,160,150,83,82,99,213,136,231,63,239,187,238,69,225,234,176,152,21,154,207,200,72,118,175,148,122,111,32,65,41,200,242,222,243,30,64,172,83,224,83,75,64,89,226,142,14,186,186,4,130,37,94,153,10,175,112,151,35,144,55,9,90,69,35,226,39,97,2,238,112,144,79,210,144,198,36,146,117,168,47,100,193,30,173,118,91,247,80,77,126,248,114,145,28,106,118,207,92,103,144,63,130,206,213,112,72,37,0,100,72,94,243,172,12,76,64,198,110,135,213,150,60,196,202,34,187,10,53,122,194,45,8,32,50,224,97,121,29,246,151,211,39,7,162,215,22,221,11,9,233,16,203,244,135,109,71,70,162,13,127,167,39,13,160,170,117,35,148,77,96,91,171,153,183,105,82,2,122,253,211,157,227,40,28,251,144,249,183,30,128,155,18,69,199,93,169,53,71,152,104,233,108,44,172,63,1,224,130,157,25,65,84,90,113,236,54,100,172,36,103,185,96,24,1,253,102,146,65,141,123,75,46,177,113,214,165,231,43,127,172,30,111,192,125,126,70,3,56,239,103,114,219,54,101,67,220,28,16,82,37,245,236,83,150,226,100,242,109,67,235,118,190,110,116,90,188,238,147,109,54,135,94,174,219,241,97,155,123,143,132,11,110,202,42,69,74,153,154,45,78,149,233,247,116,215,120,66,167,95,124,93,124,221,26,183,151,2,104,176,62,220,160,110,127,215,229,173,173,13,73,63,245,121,97,12,30,24,233,96,168,10,187,189,94,35,174,49,156,63,37,38,153,162,46,165,112,126,232,209,27,236,114,35,53,76,95,120,250,210,60,115,187,142,36,108,243,112,8,178,18,155,158,29,88,150,15,49,78,11,180,155,163,151,220,196,90,3,177,56,89,2,34,38,213,94,177,127
11,118,170,75,153,133,144,184,209,84,166,83,77,152,130,195,109,63,81,204,77,133,185,116,106,174,183,182,229,231,0,10,112,55,82,27,122,211,209,121,207,188,58,23,22,196,204,88,206,109,194,71,153,1,226,19,173,192,12,51,118,227,125,53,1,1,193,7,11,127,36,76,69,103,100,90,93,35,160,218,224,93,152,147,1,49,52,222,135,149,47,177,219,200,32,6,165,131,244,24,43,225,59,148,26,187,171,247,218,204,106,152,32,183,50,56,226,46,193,126,104,86,187,123,29,121,244,179,84,49,205,76,210,26,42,58,214,201,79,79,241,217,124,234,228,254,214,41,254,117,82,26,171,26,229,48,229,243,84,111,246,62,79,64,202,227,114,5,131,219,134,73,89,115,150,253,130,84,205,239,30,135,67,220,216,183,117,153,179,126,254,239,105,44,242,95,194,23,49,180,161,74,216,177,227,133,219,121,87,3,54,147,115,50,125,76,195,47,167,53,227,9,69,106,140,41,185,52,168,114,205,53,251,5,76,142,191,131,137,127,120,24,240,103,151,20,146,18,168,39,9,98,148,213,79,167,133,5,155,24,216,66,143,15,40,99,83,254,18,121,237,246,75,149,25,141,7,62,21,126,249,194,62,101,165,140,138,149,243,103,41,132,218,166,0,189,210,106,137,79,233,3,115,124,31,53,79,252,76,90,23,111,213,21,167,97,102,34,243,201,193,51,167,21,222,154,248,53,194,3,98,43,176,3,203,126,93,159,47,115,207,228,223,140,81,246,13,159,120,196,50,232,203,215,225,228,53,117,98,125,68,210,74,145,175,42,164,79,91,94,84,152,90,175,238,95,149,124,158,103,184,164,254,191,239,22,7,142,253,59,78,243,223,100,141,21,146,21,130,93,71,136,149,175,238,206,247,116,106,4,245,127,197,130,57,184,183,207,60,170,111,48,17,180,90,232,164,43,136,116,69,93,152,83,212,20,107,189,26,238,102,126,248,106,18,158,227,157,226,206,22,126,162,12,101,233,159,79,64,178,234,218,18,40,18,6,23,172,172,213,105,70,242,46,141,26,144,212,250,90,94,177,84,131,172,145,60,40,69,185,112,51,103,37,252,229,230,221,244,64,210,236,247,239,199,211,171,237,161,90,164,2,127
201,52,142,30,228,119,25,166,8,214,21,235,16,142,248,56,28,9,93,14,77,71,112,248,166,135,229,67,71,204,238,25,195,34,112,4,73,52,64,164,94,71,231,96,189,129,240,2,28,222,160,60,1,147,190,27,126,177,33,136,10,214,73,208,202,215,115,94,41,200,61,56,78,42,145,146,128,44,209,215,137,130,142,133,75,42,147,108,83,189,31,27,17,114,229,73,12,191,24,241,10,233,248,6,143,116,252,140,153,151,186,36,185,175,141,57,87,111,238,19,56,134,108,138,65,251,77,202,110,47,80,242,152,1,25,83,24,7,6,117,113,195,58,205,200,211,226,91,74,62,43,26,170,103,127,165,206,169,252,95,151,234,144,66,64,12,153,248,100,138,246,68,21,84,94,75,232,90,95,112,237,76,228,188,235,134,188,66,153,238,181,196,50,213,154,116,37,46,137,49,239,58,7,110,224,220,70,16,202,76,149,41,45,15,215,76,228,36,146,93,144,16,134,167,171,186,235,29,176,144,96,152,107,11,230,188,213,93,208,187,163,3,205,90,114,121,44,120,135,146,15,152,69,103,125,249,252,164,3,86,69,128,157,40,139,8,221,120,81,135,196,219,185,208,122,139,208,236,61,59,233,131,192,136,134,211,234,47,113,11,124,4,96,4,22,212,173,189,14,149,146,67,23,149,254,31,47,145,100,211,230,120,199,205,143,8,227,110,157,35,148,79,56,62,64,129,5,62,161,241,73,0,221,207,11,206,143,128,176,62,32,241,115,1,127,166,93,104,5,241,114,43,62,10,110,141,225,2,148,116,95,241,5,121,128,210,126,11,201,198,244,33,97,149,93,144,120,250,240,5,74,214,41,74,217,208,214,157,223,147,165,135,0,254,151,190,141,28,69,35,177,127,40,223,177,121,114,100,38,142,48,74,86,223,171,122,254,178,21,86,88,141,29,129,224,106,122,29,4,45,60,247,211,130,79,177,47,223,235,36,38,59,134,240,42,103,53,155,128,92,57,66,95,250,242,167,64,194,147,224,160,158,134,47,120,111,116,179,128,219,98,78,172,113,171,155,27,233,66,89,25,99,31,89,188,184,138,141,93,209,191,8,168,146,212,204,43,81,234,127,37,195,165,142,88,249,83,104,236,33,137,177,127
132,219,196,135,24,61,167,200,118,240,245,190,239,102,253,12,201,78,192,207,100,24,64,223,180,166,48,120,180,73,149,71,52,228,216,66,62,94,199,4,136,199,92,97,129,89,170,59,79,88,32,41,107,237,187,27,232,183,162,93,161,98,244,253,123,245,62,102,211,221,77,60,109,115,148,146,144,81,169,146,36,10,80,12,80,205,82,39,135,26,87,178,134,132,49,40,117,233,234,72,122,84,29,131,120,183,166,254,207,122,202,168,58,102,135,155,192,231,125,56,138,138,51,140,207,226,155,198,215,12,172,161,54,109,83,118,115,153,182,172,48,22,7,254,12,87,168,105,163,128,250,83,216,160,239,179,1,28,134,205,40,166,177,126,64,64,44,59,127,77,191,91,191,154,108,240,55,28,97,243,190,5,157,17,1,122,250,120,204,136,93,28,154,91,94,157,3,251,193,138,0,222,228,169,187,168,145,160,98,103,212,252,12,118,12,134,251,95,66,178,67,122,198,134,34,50,203,95,27,102,235,8,210,236,14,165,95,142,61,134,225,4,232,54,134,233,9,7,161,203,98,66,211,8,106,64,77,233,154,156,133,74,172,17,12,101,87,169,229,125,14,39,59,170,104,234,82,67,63,87,60,5,138,16,34,253,44,109,169,130,248,246,135,77,87,193,206,1,168,130,13,122,246,92,46,201,251,29,70,155,165,3,143,126,136,56,18,249,152,131,53,47,115,102,250,147,243,177,68,50,132,133,164,124,90,77,213,199,36,127,132,245,151,100,12,43,210,179,124,9,207,209,63,107,123,41,152,210,120,10,243,124,72,151,175,118,176,7,196,182,217,186,73,92,121,204,124,211,151,160,229,216,6,165,206,218,186,162,100,52,84,142,94,62,28,242,33,149,27,252,174,149,73,6,46,86,112,91,197,74,155,195,223,247,10,191,155,121,208,130,146,118,60,225,42,128,187,67,54,132,11,14,142,221,128,157,239,114,60,160,3,152,143,76,114,4,48,0,210,29,117,214,2,174,48,229,141,144,150,218,38,164,200,92,190,38,24,126,186,103,240,87,151,102,48,252,6,170,83,42,171,174,229,37,0,119,62,219,234,146,219,225,19,75,146,200,240,109,182,148,40,176,140,52,117,241,179,94,104,19,117,71,127
21,108,224,12,223,104,145,118,127,91,5,136,231,23,213,136,180,119,145,137,84,80,183,74,23,93,192,156,155,110,93,147,160,142,219,29,38,50,90,3,203,79,85,134,104,227,166,133,137,78,143,6,64,187,90,55,113,107,140,166,103,152,231,251,137,35,113,72,52,92,171,177,214,54,125,139,214,242,115,66,118,148,148,38,194,66,88,219,50,201,163,198,34,158,156,157,235,45,127,12,79,224,213,154,170,237,146,149,241,39,51,170,5,205,177,159,176,233,253,224,114,210,172,46,55,28,53,67,106,186,60,13,14,217,230,169,136,103,164,139,252,119,146,179,122,164,197,15,51,140,232,56,76,63,153,10,154,239,61,47,143,48,207,90,13,94,94,103,170,177,193,242,16,77,234,134,120,192,120,161,253,45,128,215,158,203,75,70,141,32,205,116,52,241,22,147,155,60,47,154,111,143,63,24,36,106,192,186,214,214,126,59,183,116,149,222,83,194,91,242,24,218,24,137,104,68,251,2,102,51,65,178,215,29,62,6,116,221,120,92,112,190,224,57,7,55,199,101,127,112,40,154,167,190,31,222,97,200,123,134,180,102,58,12,192,41,216,231,18,231,178,189,145,111,123,3,219,90,33,98,127,11,13,25,36,239,117,111,85,225,42,40,59,152,212,237,108,127,245,46,131,77,151,62,81,129,228,19,226,249,232,130,92,136,210,1,157,75,34,210,59,122,207,159,249,178,7,22,201,76,12,17,134,88,231,181,239,62,31,27,141,178,221,218,140,219,39,29,230,10,199,104,155,237,26,85,152,152,17,120,138,188,77,69,243,179,8,236,197,190,156,205,219,19,97,253,107,186,124,214,65,136,217,47,220,37,242,200,83,143,103,165,14,24,248,40,69,93,194,152,198,47,230,84,84,10,177,183,14,124,62,193,99,138,157,44,239,208,234,76,212,190,229,127,98,190,96,164,178,198,227,171,247,163,59,70,194,210,7,43,175,81,106,23,68,89,98,124,130,78,241,74,20,191,15,140,254,141,197,236,189,43,13,35,210,157,135,38,142,28,198,86,243,172,89,29,216,11,162,35,46,250,52,58,104,173,178,224,247,102,108,101,190,229,210,40,79,91,196,115,38,251,31,147,109,146,17,209,101,215,110,228,127
105,81,30,55,134,76,102,179,214,62,107,39,150,127,161,107,151,73,5,45,207,249,127,142,157,50,197,130,24,18,125,175,72,148,152,192,82,121,214,172,183,39,160,190,156,39,93,247,154,4,175,127,75,98,93,154,244,252,253,89,0,57,36,21,157,210,156,9,212,195,146,108,242,88,89,178,79,120,81,245,137,23,224,127,173,175,136,74,170,36,40,0,172,148,113,76,61,140,88,93,239,38,21,126,218,137,81,183,190,81,132,156,57,30,132,98,187,142,41,58,184,38,227,50,222,56,104,7,65,42,243,35,153,41,86,111,229,52,237,124,167,107,32,189,164,75,194,64,84,67,13,146,204,167,198,2,182,197,119,167,50,110,71,120,178,65,149,29,48,41,183,36,251,231,196,233,223,49,48,59,32,193,35,9,97,229,30,219,151,192,74,211,195,228,92,104,115,29,104,32,143,181,48,202,128,138,55,51,67,64,173,38,184,36,239,70,146,87,174,100,248,180,82,144,10,243,183,132,186,184,10,105,39,5,3,0,176,107,45,56,120,179,31,73,178,245,217,213,224,180,126,9,171,175,241,254,196,140,2,119,42,65,41,105,163,45,42,93,98,101,144,239,6,17,158,213,169,173,110,254,155,43,166,242,27,158,76,30,164,202,25,154,162,67,101,134,152,245,71,148,239,95,238,216,212,179,234,69,90,70,45,30,38,224,243,46,106,56,189,37,207,80,183,70,168,229,152,120,11,212,231,77,151,17,185,170,89,190,253,29,245,69,120,106,29,196,227,94,117,101,216,190,92,130,21,126,51,51,103,184,68,65,222,101,1,208,159,233,36,189,1,4,111,75,50,69,174,227,203,2,45,103,166,70,188,250,104,202,229,245,248,184,232,5,46,106,126,122,12,32,4,182,197,180,193,246,197,200,253,101,116,144,204,191,189,102,177,89,177,170,108,71,123,215,77,132,71,179,169,119,86,194,11,87,49,80,51,81,18,224,223,178,81,246,158,175,104,19,35,127,125,56,66,169,55,64,126,253,237,252,60,32,156,53,56,35,32,95,136,24,247,124,225,81,136,216,183,74,151,209,171,124,9,216,5,103,247,171,125,57,164,26,1,225,189,104,40,58,197,153,160,150,19,160,140,195,211,243,127,83,160,178,127
70,225,6,57,243,93,205,114,184,40,74,161,136,249,188,216,126,163,53,181,70,40,201,8,124,194,235,9,116,28,120,227,70,181,197,240,70,162,18,188,178,106,10,204,150,186,58,128,184,224,204,160,215,111,55,193,1,128,88,25,144,16,220,157,165,24,147,146,53,108,138,163,91,55,184,104,84,169,75,112,218,106,223,226,156,145,187,102,175,191,70,9,64,152,8,95,191,198,23,224,66,196,14,178,36,35,132,191,77,89,34,192,201,53,107,201,160,85,7,105,113,248,137,151,13,238,119,163,213,245,84,90,164,115,246,138,253,59,43,173,145,174,114,236,41,114,224,232,98,24,92,43,246,236,233,127,131,7,37,190,173,100,210,176,99,252,112,162,65,191,46,221,150,128,119,95,197,162,173,175,116,184,174,176,145,19,48,186,193,233,249,26,194,26,248,105,116,199,112,127,140,228,122,236,72,228,47,25,27,113,142,171,227,83,15,196,60,27,8,82,189,111,166,233,129,100,29,252,28,50,140,162,30,239,67,240,50,131,246,124,89,229,133,190,90,86,74,70,157,122,241,213,57,24,136,8,76,29,207,93,208,9,195,7,96,128,225,238,231,200,42,204,218,218,206,15,200,236,69,26,107,171,90,8,232,232,115,11,163,18,132,45,10,237,69,68,83,165,183,117,161,92,109,107,90,69,187,182,199,232,139,232,226,106,244,59,211,124,80,110,149,124,155,184,120,20,32,4,56,188,175,160,31,102,188,220,167,146,150,42,86,205,182,118,117,222,177,131,122,60,116,130,57,43,107,163,33,254,189,16,227,8,210,73,110,198,80,41,69,88,148,197,121,10,181,47,24,183,157,246,144,131,112,202,10,41,229,54,81,208,162,92,8,248,241,215,227,165,103,37,43,212,86,146,72,25,85,145,143,134,36,199,47,208,235,121,192,175,206,150,219,198,222,213,86,109,208,235,197,66,183,244,221,39,45,183,2,157,77,48,199,127,101,205,53,115,105,27,71,128,239,137,101,95,235,55,108,148,18,212,206,218,55,122,36,133,11,158,176,136,154,131,127,57,64,57,186,82,144,158,83,56,133,173,57,77,161,212,60,85,115,88,193,59,245,178,109,154,31,25,180,237,187,154,116,89,18,84,244,195,81,8,127
202,140,9,223,183,152,253,104,45,145,27,215,215,169,206,57,116,205,220,48,177,82,181,186,187,162,69,110,129,220,139,47,180,236,131,219,239,50,33,200,175,69,62,48,76,23,229,15,191,187,240,209,59,212,233,11,190,65,207,165,252,219,51,169,30,207,89,213,44,183,109,42,241,8,80,30,227,61,150,127,109,154,60,253,78,52,6,177,100,128,29,172,115,134,179,153,148,23,89,238,124,100,45,26,85,44,48,136,155,231,200,212,31,196,111,24,204,74,114,130,243,132,170,107,246,27,156,149,172,59,211,27,56,176,174,199,26,206,141,136,45,220,58,173,29,201,209,208,0,40,94,25,198,66,177,246,69,114,94,106,98,24,128,105,183,102,184,53,59,5,112,43,172,111,249,32,217,97,194,253,178,249,134,114,186,172,204,7,166,236,83,170,139,47,32,246,252,0,67,46,141,74,130,202,178,96,133,23,56,31,227,53,71,223,66,248,202,48,65,41,220,124,186,117,211,142,57,88,148,109,35,199,115,215,218,218,95,234,76,5,210,112,6,235,83,109,71,193,88,49,21,224,249,94,138,80,197,89,148,157,173,68,59,206,111,76,164,139,32,172,80,136,85,203,147,6,20,11,116,140,242,83,144,158,26,140,167,141,146,100,201,141,227,169,23,96,69,91,24,4,140,231,152,55,91,62,51,6,237,101,96,47,105,106,94,46,61,77,51,83,215,69,239,234,208,105,76,204,85,101,115,106,223,12,85,205,93,164,59,114,8,95,35,204,161,174,66,146,193,220,180,84,101,81,65,187,39,54,22,242,188,8,92,137,247,139,110,98,50,198,112,166,113,201,143,100,55,14,126,117,43,104,242,151,79,84,30,37,194,239,254,91,86,141,58,213,147,154,191,110,194,60,62,99,231,188,236,232,53,125,185,103,133,39,43,83,160,91,124,123,16,78,23,205,99,120,24,235,3,21,144,91,251,67,165,2,102,58,34,53,141,196,45,238,142,93,232,83,151,231,193,231,2,45,213,100,1,226,64,184,184,208,34,203,17,177,4,61,196,83,28,189,34,99,190,183,2,63,126,250,179,245,139,95,177,115,244,230,97,196,40,30,65,156,48,241,243,59,187,228,14,15,186,59,94,145,133,201,242,183,210,3,127
80,198,156,232,179,4,171,26,130,39,59,116,12,13,24,85,187,164,80,179,158,10,124,131,55,14,99,153,195,188,180,157,124,9,90,24,133,98,82,24,114,189,239,84,157,21,157,116,14,178,20,213,148,224,205,15,40,132,72,227,86,58,230,173,93,165,157,155,187,208,151,23,127,86,98,63,155,232,16,179,79,85,229,17,238,148,78,105,227,28,79,95,77,3,250,79,17,15,254,229,51,138,100,186,145,34,76,190,112,213,221,58,47,230,52,80,74,37,175,242,70,77,251,100,254,217,10,45,38,16,244,196,50,225,195,202,86,161,55,32,188,150,128,150,42,216,64,184,166,23,186,66,95,61,23,182,192,110,36,242,147,177,64,35,214,94,49,145,51,162,146,102,1,91,124,10,0,19,158,240,161,168,243,86,13,164,203,38,199,158,94,127,246,136,145,181,4,2,87,47,50,201,216,184,120,145,149,6,192,113,142,15,76,238,242,226,236,138,50,195,61,146,53,128,122,101,50,24,153,74,137,166,187,76,181,234,10,175,65,214,180,147,219,111,34,250,108,70,110,24,47,37,72,156,55,74,172,221,252,0,156,221,190,2,91,210,192,38,131,213,132,29,156,74,31,199,55,42,153,51,113,57,217,134,127,61,58,232,111,150,117,227,2,51,198,32,225,47,229,174,79,38,92,194,219,120,78,127,28,163,112,42,177,203,29,74,153,6,199,96,96,55,109,8,196,66,109,106,176,65,172,165,67,112,91,36,19,194,42,100,53,149,157,240,144,173,200,224,71,202,1,142,41,115,237,179,17,247,165,50,173,83,83,212,99,147,95,233,10,124,12,200,126,199,182,96,242,242,24,234,207,119,62,11,35,95,129,137,251,86,159,253,142,84,247,214,171,160,150,190,111,111,57,33,188,32,82,103,183,191,63,252,208,50,236,96,249,230,154,103,238,214,81,223,35,158,243,61,156,22,14,33,234,149,234,82,178,105,243,51,175,84,115,96,71,179,103,74,111,227,247,18,179,80,114,254,60,33,118,149,182,52,212,168,98,91,57,214,61,190,233,216,116,154,16,56,208,163,228,85,31,42,72,60,13,214,152,142,108,64,162,251,172,124,92,197,9,64,195,130,102,163,71,198,56,201,38,151,20,185,199,108,127
17,247,10,62,111,142,37,99,130,143,218,185,25,73,27,63,179,147,171,105,39,17,148,222,26,151,167,179,113,142,165,208,203,203,129,124,145,233,194,99,5,91,37,104,92,209,23,134,197,143,134,54,65,238,158,173,106,116,154,71,217,112,0,226,8,106,38,194,78,189,87,232,96,41,131,236,97,75,93,169,29,140,48,210,133,178,164,141,118,10,108,9,54,166,210,83,180,219,236,53,146,22,142,106,89,224,197,93,78,251,147,53,90,61,102,181,187,139,77,178,95,163,37,134,127,128,183,160,85,40,116,201,55,210,19,77,91,164,135,39,145,237,233,189,147,184,107,235,229,123,252,137,100,118,65,115,78,131,47,179,32,38,142,129,178,19,27,20,127,27,189,167,181,4,29,160,180,0,51,218,69,124,202,249,229,91,27,168,47,49,117,158,193,181,83,3,174,167,139,82,12,246,61,143,198,85,60,155,150,162,93,187,14,105,206,99,235,215,61,169,135,147,12,162,6,153,175,193,120,150,99,179,159,221,242,243,9,135,32,65,126,185,156,222,209,111,87,16,193,5,157,236,66,173,244,185,139,137,167,144,134,171,169,65,127,176,98,208,250,245,189,151,252,162,195,48,203,21,101,85,100,150,166,55,105,102,59,37,87,128,217,10,182,84,215,150,73,47,221,29,199,0,201,112,165,238,175,130,101,2,217,227,241,49,247,112,204,60,92,120,152,144,184,88,22,189,11,192,231,57,0,44,117,206,192,194,114,128,140,44,1,194,212,153,73,191,247,225,216,81,74,52,115,65,188,173,85,19,220,237,41,244,56,13,223,40,16,3,9,1,113,121,25,200,234,9,135,29,60,109,243,203,254,140,130,104,33,61,193,159,52,218,93,223,123,128,219,138,221,177,12,195,249,4,35,166,242,243,215,9,47,164,205,199,30,217,180,117,170,187,173,179,71,80,91,44,239,16,27,85,10,117,146,82,23,103,32,17,138,216,23,93,234,56,49,32,31,86,254,160,62,158,56,20,149,28,225,211,156,97,214,166,44,82,12,97,97,19,167,97,33,95,28,215,118,11,142,44,185,19,144,0,122,128,32,69,70,81,42,86,74,182,237,115,181,164,92,111,213,184,120,25,118,102,160,207,228,240,204,198,11,170,127
212,156,219,212,177,124,21,223,184,145,2,139,132,17,6,189,7,67,32,14,198,94,178,144,163,120,156,178,24,151,22,210,120,80,54,170,85,207,195,135,6,247,115,165,154,149,172,201,77,229,151,105,249,183,31,203,219,222,4,114,162,136,93,37,156,148,118,29,80,144,169,177,106,71,30,70,235,151,221,187,54,190,86,161,45,245,45,66,233,183,133,155,140,101,7,49,237,224,130,205,228,108,76,55,171,200,107,79,44,140,144,178,30,234,212,254,99,10,208,76,202,89,98,169,233,140,162,171,213,181,129,68,238,153,161,203,175,83,29,149,49,37,166,199,69,125,147,119,186,64,57,142,53,147,58,243,176,17,206,45,231,95,85,39,241,75,209,113,225,29,218,72,55,47,192,12,51,85,231,0,1,11,224,189,101,180,87,43,91,24,202,184,101,174,17,203,125,135,117,89,6,72,178,201,25,106,226,64,220,0,237,191,123,30,222,118,182,151,243,175,211,153,165,99,174,248,67,101,11,221,139,118,66,135,225,142,192,124,170,60,113,93,28,61,9,252,133,158,46,230,135,223,87,138,167,145,208,7,211,8,222,98,249,137,180,107,123,150,14,169,229,43,149,145,45,4,251,210,76,119,228,65,139,133,166,225,176,184,26,78,245,189,122,216,139,175,183,158,231,127,136,195,107,204,179,212,204,10,164,46,20,176,242,169,98,227,160,109,156,170,54,91,139,89,2,71,216,184,165,49,76,231,66,167,22,187,118,139,71,196,254,176,114,84,217,5,183,132,238,126,161,150,158,52,13,52,64,152,108,171,63,154,221,170,81,192,219,250,161,197,187,162,28,238,96,224,75,199,96,52,207,219,113,245,95,163,217,143,53,122,247,137,77,157,4,116,23,103,145,147,85,184,192,102,145,16,42,14,68,25,86,47,212,71,21,204,172,17,241,204,72,77,185,125,106,236,22,251,227,23,93,155,234,234,98,79,241,131,166,96,23,235,8,193,92,127,128,194,208,246,162,126,142,84,0,84,9,91,155,240,203,92,41,195,160,215,36,74,74,96,218,247,199,128,24,118,135,45,31,136,226,199,28,155,211,148,228,12,72,190,242,155,50,56,156,251,197,208,27,206,246,51,28,240,74,216,46,74,254,166,12,246,127
3,122,9,150,153,82,100,74,241,73,151,82,239,36,40,45,50,69,44,62,190,190,228,247,192,112,72,50,158,85,74,46,117,83,254,25,117,124,93,68,0,15,97,204,56,64,190,236,91,131,41,107,93,187,154,252,234,69,27,139,174,173,248,186,59,158,129,123,165,117,105,11,72,196,228,189,74,37,189,165,160,149,172,127,137,177,39,31,6,244,235,106,190,105,116,73,154,186,59,177,68,2,121,120,188,65,180,240,39,5,187,167,215,189,69,73,71,26,106,198,118,54,26,156,229,66,146,179,212,46,159,168,138,20,186,78,199,229,25,38,132,102,40,110,211,92,214,179,127,231,58,4,239,204,128,181,212,113,196,82,118,128,201,158,58,195,188,247,212,47,114,28,253,5,161,72,4,239,141,104,60,235,40,114,201,178,151,72,48,188,90,241,38,241,169,236,106,29,131,91,107,45,66,159,80,90,62,163,254,247,60,185,87,21,92,124,134,104,39,27,87,236,85,35,100,160,203,242,98,70,98,213,17,45,147,165,164,184,221,121,249,195,4,194,135,117,145,214,4,25,212,216,31,183,229,248,71,53,183,8,231,172,85,70,5,70,137,73,25,206,86,12,206,231,178,92,137,232,244,7,50,205,173,4,14,99,161,126,31,9,172,10,96,30,238,168,155,236,123,61,161,211,146,33,209,18,144,44,81,73,54,242,85,229,62,160,60,6,157,86,44,106,39,49,154,76,194,44,40,139,200,88,183,220,158,51,76,157,134,25,225,185,148,50,20,219,214,245,182,218,127,61,206,29,172,119,194,76,83,147,248,39,119,121,174,239,25,122,56,56,11,28,4,136,231,0,33,169,57,232,2,212,206,35,206,136,120,141,36,64,238,145,199,35,111,214,7,122,210,134,185,72,35,181,48,158,213,117,194,177,193,47,132,163,147,183,176,145,66,202,21,58,12,216,3,166,214,117,221,235,252,218,54,72,239,111,129,38,205,49,212,187,14,138,218,250,232,19,216,247,221,179,242,75,171,177,66,138,212,225,228,165,246,95,121,127,68,203,136,120,20,214,230,127,251,245,49,128,152,134,21,196,182,190,215,165,254,156,91,221,179,204,208,87,67,210,169,245,209,137,149,228,7,174,219,194,39,80,61,65,76,133,127
64,245,10,91,221,89,243,19,31,100,168,157,213,100,89,100,30,147,45,190,178,39,36,118,72,113,203,166,151,251,182,202,221,79,64,116,130,59,152,127,121,203,162,127,52,183,147,111,4,34,73,152,185,31,232,139,61,50,91,235,234,2,96,222,126,252,3,52,3,223,240,75,185,245,162,37,249,203,182,206,26,21,165,108,241,171,23,159,20,137,197,78,196,12,206,122,130,5,77,137,237,155,253,3,34,55,102,229,107,38,228,192,118,220,219,8,49,82,57,252,223,72,33,26,13,134,140,253,190,14,13,125,9,66,111,203,30,66,144,188,230,44,120,151,167,156,154,232,221,56,72,201,67,158,112,119,123,200,62,18,219,26,106,226,42,248,100,41,20,53,199,140,241,65,47,191,57,203,29,109,26,213,239,33,167,31,129,112,222,57,185,80,8,27,72,9,141,108,138,151,233,228,190,43,74,42,61,209,250,214,60,156,197,154,27,87,73,2,182,70,62,27,122,133,238,15,189,153,62,15,45,98,254,155,141,122,71,98,239,248,186,107,233,48,58,177,138,6,18,243,85,160,206,193,241,159,32,243,89,122,136,244,147,174,137,155,7,202,196,105,115,169,124,0,49,224,182,100,137,254,7,173,46,90,61,9,74,47,191,138,127,244,196,150,219,87,40,158,244,48,216,161,201,25,166,137,99,221,21,126,109,26,161,207,184,208,126,104,212,133,67,26,153,160,96,63,200,58,124,217,94,130,154,131,65,171,131,88,103,57,27,8,89,78,178,14,134,150,158,96,3,157,64,33,221,127,142,120,209,97,137,121,178,222,143,226,232,102,7,197,127,5,207,50,227,46,183,182,170,245,94,239,239,59,204,62,147,82,144,219,228,118,246,152,219,128,104,208,191,153,167,195,127,89,251,98,178,151,77,117,1,62,247,209,39,14,208,71,138,232,126,68,43,148,89,105,217,223,192,235,83,3,53,145,34,128,191,21,176,177,234,200,114,233,208,15,244,213,9,104,51,224,246,75,89,207,235,28,84,25,244,176,113,217,191,174,127,24,64,71,46,241,167,158,130,149,187,141,172,234,32,144,12,129,27,52,17,56,122,36,148,152,251,53,102,159,167,102,31,24,66,147,197,0,54,179,182,44,95,153,73,187,127
128,94,196,114,118,52,199,199,139,230,122,247,59,211,12,75,0,107,6,84,196,34,92,188,127,210,39,173,79,198,14,145,232,195,203,144,229,156,178,107,191,27,214,78,77,31,47,234,61,0,61,47,43,106,92,70,237,220,56,59,48,62,168,209,128,136,104,8,89,198,5,108,170,245,131,177,152,131,5,113,47,75,113,243,164,233,5,159,88,165,229,35,119,176,128,91,113,123,2,20,83,194,208,104,4,253,228,249,94,185,84,7,211,91,137,1,3,3,154,139,121,154,53,44,7,243,154,79,215,18,243,6,16,189,250,253,156,123,77,165,22,154,54,226,117,125,110,36,174,215,21,215,235,197,148,205,28,181,76,176,112,42,247,171,187,246,63,171,101,62,162,43,204,134,225,70,44,195,40,42,182,113,201,246,28,8,142,57,112,182,113,18,187,24,72,3,3,78,113,88,36,23,188,205,198,105,139,175,155,80,101,251,73,141,40,21,219,15,90,53,35,42,240,224,139,80,177,67,90,137,87,156,9,24,208,177,6,144,42,80,4,15,134,76,140,56,82,202,158,56,61,90,167,134,67,47,21,49,201,144,55,228,66,5,59,4,143,244,27,130,178,82,46,52,242,254,193,106,149,203,233,66,175,193,186,143,152,64,123,173,12,189,106,83,68,3,228,45,182,236,159,212,105,36,152,254,35,83,135,15,107,54,139,104,171,45,198,77,73,75,241,14,96,62,144,23,162,29,128,240,82,121,127,178,230,188,167,121,56,135,254,8,251,197,212,39,189,173,78,177,183,14,82,247,177,173,192,25,192,102,233,234,87,127,77,182,155,172,174,50,186,19,24,101,252,101,99,173,53,176,89,252,78,149,39,218,159,142,36,43,209,12,138,41,177,134,213,164,193,173,10,247,196,171,108,209,216,243,190,190,186,236,205,176,139,98,90,186,85,98,58,239,155,222,233,6,133,171,234,235,132,201,91,65,253,131,252,159,115,162,103,42,54,195,50,208,171,93,87,143,92,232,21,152,87,103,234,198,17,237,129,4,223,213,2,244,212,204,83,220,72,210,1,86,124,4,115,173,254,205,51,249,14,128,141,35,211,124,62,209,56,176,230,116,64,235,252,0,172,253,10,50,93,128,39,247,23,175,75,28,134,62,127
92,67,19,65,121,20,31,210,145,60,57,157,83,120,17,10,19,175,125,78,79,92,77,100,175,166,236,134,117,23,214,194,36,53,238,155,20,183,152,164,227,218,180,154,161,197,75,128,155,75,145,207,161,241,88,120,104,155,174,221,159,140,50,246,129,170,33,51,240,102,149,112,120,82,91,172,42,143,173,175,13,30,114,107,105,3,242,200,5,95,105,230,183,140,224,177,145,42,13,33,103,17,152,115,196,80,123,111,249,228,6,163,154,29,63,170,124,193,103,18,175,124,130,74,119,214,129,138,227,237,227,137,181,187,60,244,26,204,113,254,94,147,243,26,84,173,187,241,94,72,86,25,177,4,44,126,241,165,206,100,172,10,193,177,93,131,192,76,0,246,82,127,158,187,109,162,53,233,150,134,60,127,226,144,204,190,120,58,183,236,7,124,252,132,245,195,191,7,131,21,198,167,166,15,83,171,91,245,134,37,134,143,93,40,96,145,115,209,68,227,218,117,219,0,61,218,209,95,205,196,123,207,40,211,94,46,131,163,186,216,41,127,116,54,33,30,70,188,21,212,102,12,194,187,78,119,243,149,74,124,9,107,41,116,219,49,201,88,155,19,251,90,127,133,252,23,100,52,183,154,57,138,55,95,206,207,13,221,11,70,81,190,239,30,53,239,50,179,96,4,125,84,6,40,229,73,27,15,99,193,37,168,72,16,116,248,33,226,51,67,136,42,103,241,177,245,48,243,18,210,96,171,155,103,69,73,113,16,171,181,108,147,124,24,65,76,44,189,187,72,119,144,171,218,113,194,90,205,237,24,231,203,143,89,161,234,248,192,184,168,124,75,6,236,119,61,222,153,5,165,148,170,129,25,102,181,92,167,125,197,212,249,183,224,173,15,36,184,129,127,167,75,138,24,83,126,194,52,90,89,84,162,220,137,0,64,174,251,239,249,5,50,41,186,124,92,96,64,66,113,224,3,86,202,195,225,201,225,145,30,208,17,71,95,203,118,216,11,10,75,141,235,133,73,119,160,248,35,87,62,126,137,27,193,222,56,140,5,171,29,188,32,197,168,186,37,101,57,146,141,107,11,213,123,166,3,206,243,16,223,71,206,156,87,14,125,171,88,154,211,108,248,171,190,65,247,80,122,53,94,168,92,127
204,155,18,114,253,32,172,193,211,147,51,74,106,135,124,153,208,193,37,71,137,241,194,30,253,171,130,92,166,114,235,155,10,135,175,11,127,184,91,75,176,72,215,210,8,250,11,9,157,103,128,59,199,37,168,187,173,123,251,195,19,71,225,101,127,10,233,229,92,14,22,162,46,76,197,132,125,41,156,207,72,236,206,3,155,67,144,168,74,239,74,142,86,15,67,39,241,202,128,122,155,198,158,183,76,121,116,227,139,243,9,155,124,68,191,46,6,202,208,230,250,236,207,105,174,231,184,39,237,242,59,89,121,132,54,234,100,228,70,172,220,238,74,172,63,159,132,30,96,205,68,17,189,188,9,137,201,225,112,0,179,130,230,246,119,120,165,190,8,162,126,133,129,140,12,122,78,91,8,144,139,49,134,181,84,122,186,64,210,6,210,201,116,52,16,175,187,149,56,158,205,99,10,215,131,172,126,98,219,162,199,106,160,127,136,46,147,87,119,38,87,169,32,222,51,241,174,203,154,25,69,189,172,157,65,198,39,125,254,167,237,87,16,69,53,137,94,56,145,19,48,30,250,19,58,115,237,165,0,179,205,112,207,19,0,222,67,99,148,13,11,15,74,4,153,56,10,231,62,135,221,74,11,241,121,222,117,149,218,221,177,94,132,43,111,85,18,36,97,54,32,248,9,185,151,31,46,250,140,156,89,141,158,5,141,202,141,216,108,245,160,56,169,241,225,160,127,180,52,194,47,47,21,75,13,77,13,176,91,55,153,119,31,130,138,128,3,6,188,45,183,227,55,130,251,172,166,151,149,236,179,181,54,68,116,14,5,38,131,201,108,98,197,77,76,117,179,221,29,168,58,195,241,51,96,115,30,10,225,204,121,129,79,54,136,250,162,0,195,127,88,254,145,60,63,203,252,49,181,209,175,182,215,156,72,224,92,177,236,200,172,93,169,103,34,248,13,25,242,144,223,138,129,117,185,230,98,76,56,186,242,82,61,105,81,13,33,175,139,183,199,193,210,59,176,239,125,55,228,133,254,214,66,156,207,188,136,170,168,252,169,35,229,76,66,189,200,222,180,127,91,18,78,118,93,226,16,247,76,75,213,205,185,90,131,125,34,145,123,230,252,235,21,247,82,108,184,13,132,30,93,235,127
14,87,186,254,206,116,180,193,134,175,112,96,134,69,141,114,40,114,60,243,139,58,121,14,216,94,241,253,109,193,201,175,130,200,172,193,95,52,41,154,225,244,202,41,206,169,53,203,75,49,39,6,3,128,155,207,203,37,161,17,48,181,145,28,40,110,20,24,139,194,30,225,209,3,224,132,38,249,117,108,86,37,200,87,115,38,245,193,8,190,243,51,156,207,203,215,132,145,182,1,52,142,139,233,225,232,88,145,131,88,36,241,235,198,254,129,103,227,162,137,190,211,252,98,50,247,134,63,211,57,51,155,199,27,181,75,215,84,189,212,62,12,7,128,199,20,57,73,7,162,172,182,104,193,59,23,182,2,179,37,110,183,227,0,205,196,209,153,61,164,175,74,174,220,9,21,141,2,61,222,232,221,61,171,49,190,33,110,106,196,195,181,16,70,120,195,75,211,119,134,58,211,58,136,221,217,111,150,45,156,60,180,150,229,105,134,207,201,221,33,167,224,37,192,165,147,186,151,217,160,99,220,116,73,180,213,22,48,3,99,103,26,133,20,0,133,227,227,150,104,240,145,3,64,53,58,154,231,165,216,86,120,129,252,10,252,148,241,168,231,99,15,118,38,118,35,24,174,237,184,253,243,41,216,204,135,46,220,122,124,157,254,165,246,51,160,65,59,230,180,103,119,166,142,208,83,48,59,156,208,63,158,177,174,222,45,9,243,212,232,115,176,128,163,228,188,183,75,223,182,184,3,178,92,100,134,101,51,169,248,254,24,244,26,116,144,62,164,154,219,143,222,144,116,216,186,163,19,174,25,216,250,252,211,2,202,90,20,230,8,127,141,178,211,162,30,205,153,231,128,170,120,67,224,79,228,73,71,175,59,9,70,105,248,92,230,115,13,103,121,24,132,22,251,228,24,186,43,175,155,17,88,191,175,210,189,24,10,249,121,13,115,92,212,12,239,163,102,105,5,212,210,150,181,235,25,160,35,70,58,191,13,54,125,69,37,74,71,183,153,166,44,143,161,205,205,140,43,126,164,106,12,211,3,211,231,235,112,216,240,109,69,145,177,94,225,153,97,2,220,39,24,76,148,57,201,103,134,71,179,206,204,246,126,231,204,120,133,2,214,73,164,116,179,75,92,145,232,84,30,38,8,127
193,52,136,66,21,218,180,79,140,22,49,91,64,23,103,51,254,159,127,71,155,193,13,139,148,224,63,190,25,4,151,53,144,154,228,254,49,230,215,85,102,72,23,47,221,234,26,35,9,33,213,142,215,192,170,101,193,123,172,121,211,65,100,168,229,49,251,120,24,77,81,90,195,149,231,210,129,18,1,169,192,85,153,96,185,108,91,44,225,81,99,185,183,202,163,195,225,211,189,165,166,64,206,99,203,233,245,119,187,154,130,120,167,150,71,204,61,103,36,157,246,207,138,161,128,108,66,204,250,226,78,69,39,16,144,22,129,1,170,180,151,209,176,77,44,186,211,207,33,243,22,201,6,131,131,207,237,231,5,23,101,148,232,108,237,118,34,56,145,135,9,154,58,205,97,27,216,157,144,98,20,84,30,39,215,149,72,24,162,0,47,247,126,135,81,85,236,120,129,88,23,12,248,119,235,83,188,51,231,117,174,132,125,115,179,223,34,29,9,29,216,191,147,180,181,156,63,167,13,91,27,8,141,158,230,226,198,47,70,199,80,246,220,196,85,184,190,78,2,105,228,98,11,15,176,134,39,237,19,43,68,196,2,63,61,177,59,253,188,23,18,58,72,234,60,44,76,119,29,114,109,119,147,12,22,19,250,24,59,19,35,205,207,26,215,239,75,141,198,201,214,229,174,142,42,153,234,102,145,226,33,31,173,23,90,188,95,88,208,92,121,179,27,23,129,140,23,157,53,96,115,31,145,170,166,87,181,241,181,195,162,55,211,224,241,180,235,22,158,29,170,149,18,44,49,135,67,140,210,164,119,5,26,18,137,49,202,144,50,158,176,130,127,101,136,218,57,31,74,37,82,35,94,42,4,220,40,213,188,149,237,65,93,233,93,4,20,92,78,89,47,181,45,4,234,201,223,80,217,131,129,46,235,166,210,30,205,0,13,244,119,43,27,2,149,217,210,136,83,31,175,35,80,7,47,135,231,165,105,176,61,178,66,75,189,106,122,100,149,253,19,215,55,165,232,101,152,196,233,54,63,35,154,249,132,65,210,216,237,249,172,31,38,214,11,247,84,134,180,124,175,236,88,238,224,112,145,244,103,181,37,136,50,104,214,223,117,56,23,162,209,126,183,98,133,200,199,90,38,0,130,163,127
36,233,183,49,75,20,167,59,185,87,67,95,51,22,10,137,116,55,120,46,73,44,121,20,49,44,252,195,205,52,39,102,170,211,248,26,125,189,119,156,81,99,199,112,251,126,95,239,116,217,150,213,201,101,152,254,204,110,120,13,249,218,122,212,238,4,127,123,152,111,165,40,107,225,67,26,10,180,224,190,221,219,122,82,156,183,16,249,147,253,77,207,144,146,167,18,34,155,124,28,205,25,187,240,84,80,52,133,239,26,135,138,41,193,61,190,244,172,45,52,186,231,190,251,59,3,175,224,72,8,95,17,153,196,107,243,80,36,143,141,226,218,155,235,244,246,49,142,23,48,115,247,29,32,61,112,202,81,15,194,42,15,123,157,8,71,168,184,148,170,150,219,18,210,173,2,62,162,74,206,23,87,183,62,49,239,106,152,208,158,183,190,163,93,0,222,34,159,18,9,172,116,32,101,161,11,49,27,239,80,73,80,127,252,182,73,187,138,119,136,126,206,190,6,199,12,224,47,230,41,191,229,163,128,1,142,179,24,207,69,173,47,215,47,48,79,12,28,243,183,107,162,162,30,242,218,104,182,10,134,246,73,34,53,154,30,30,240,61,38,224,42,144,126,208,215,218,134,19,60,111,242,34,230,34,140,36,226,161,71,253,100,128,189,182,58,143,82,27,92,96,29,53,171,246,199,226,5,222,240,1,223,198,141,26,138,146,117,218,102,54,20,130,190,223,48,202,177,177,146,116,5,233,142,134,20,48,231,237,63,76,17,90,23,151,99,48,43,114,42,253,210,166,124,229,75,109,180,32,237,104,91,70,122,110,184,1,70,92,126,55,72,47,252,13,89,139,192,11,44,224,106,69,169,25,30,226,127,219,142,115,47,213,220,87,65,173,253,191,55,147,240,101,120,252,109,184,165,60,68,173,211,145,190,134,129,24,87,213,177,38,228,129,48,195,85,87,4,196,13,80,217,115,163,107,246,196,222,223,186,94,59,28,171,207,83,187,141,104,22,209,29,40,151,165,121,169,114,28,216,217,3,39,83,74,216,193,38,72,180,121,5,94,204,90,201,235,113,171,185,237,4,179,161,19,2,194,9,104,234,136,158,103,245,98,68,184,115,154,218,107,238,189,16,239,73,19,185,98,63,110,119,127
63,198,90,36,212,236,179,55,72,246,42,107,80,12,152,199,147,53,101,44,215,29,138,47,171,133,204,105,27,204,229,24,150,13,97,119,234,61,147,201,75,67,29,221,120,49,0,232,123,187,150,150,9,254,116,155,61,220,14,135,183,113,204,224,123,89,50,116,109,216,14,28,44,166,216,42,224,99,129,250,205,20,4,144,170,179,67,193,234,106,202,240,204,108,179,153,153,87,42,49,95,36,27,208,85,58,194,247,230,110,164,202,80,188,184,142,48,208,244,99,10,120,4,6,77,126,25,98,85,36,112,48,82,128,111,172,164,138,47,234,116,214,15,66,1,13,27,161,141,3,117,226,162,37,59,155,49,159,204,226,113,160,106,139,139,4,69,222,208,120,244,98,76,118,235,117,128,131,48,127,0,73,3,155,112,145,34,120,246,201,74,149,132,250,224,228,206,210,36,241,197,148,22,25,210,151,124,110,42,232,190,227,136,144,179,193,91,37,175,56,85,208,42,209,27,234,57,213,148,233,229,53,218,123,26,83,164,127,12,213,217,178,230,74,104,221,194,73,228,98,42,197,86,92,195,15,164,62,12,74,210,22,57,48,248,113,166,16,214,131,74,146,14,140,250,9,185,64,124,95,96,97,118,156,189,218,10,147,18,77,110,118,31,114,13,149,155,141,58,108,218,141,141,128,12,239,156,182,32,126,129,79,230,247,230,178,247,25,84,123,160,63,93,243,191,154,130,1,2,184,75,150,157,24,165,44,101,142,36,222,79,251,111,60,15,47,229,110,138,81,163,120,65,232,103,184,51,148,126,218,12,121,62,174,131,7,229,230,224,2,210,224,62,62,17,228,196,22,233,133,64,14,132,72,52,244,30,137,113,232,211,159,94,225,199,17,34,239,246,62,182,210,135,33,88,238,243,133,236,226,121,130,247,130,46,83,221,95,89,101,163,105,225,39,159,49,100,113,154,218,115,200,156,5,183,107,209,48,158,246,155,217,71,52,113,51,241,134,41,246,27,1,247,79,68,8,13,172,190,1,220,202,229,120,226,176,86,118,212,98,105,166,238,241,167,8,189,63,91,165,225,127,252,181,214,214,49,53,158,147,235,67,207,138,249,39,144,107,223,115,13,75,52,17,0,57,18,164,134,57,167,43,127
240,112,217,107,200,70,226,105,218,184,24,87,190,33,103,94,178,140,30,180,220,27,101,18,121,135,88,3,3,134,204,248,56,19,226,43,210,6,232,4,40,205,12,246,103,212,134,239,243,228,131,205,63,162,55,117,54,219,63,64,87,160,179,52,149,0,16,77,24,249,11,197,96,23,2,115,210,253,106,205,178,104,203,225,185,95,157,85,214,162,210,58,82,158,38,36,251,180,177,126,34,242,124,181,37,199,251,221,94,208,133,197,33,169,75,119,207,61,73,187,207,238,219,136,224,220,143,248,84,133,94,189,147,174,147,160,20,219,192,219,241,245,127,86,242,14,12,171,113,97,154,5,139,112,98,190,100,155,126,62,123,179,87,8,34,140,204,43,144,137,220,92,46,56,85,29,125,63,225,172,202,127,83,120,205,171,180,184,2,195,71,161,83,138,101,127,158,13,11,114,136,79,111,88,129,82,163,224,195,64,50,96,135,84,158,197,56,224,38,234,239,26,77,168,226,130,237,230,218,96,222,232,162,112,151,31,46,152,122,135,177,163,89,130,148,170,101,128,243,112,181,124,42,8,128,108,210,18,79,169,28,54,244,33,252,146,111,45,238,39,75,77,25,30,106,138,13,115,142,228,9,47,239,41,80,177,173,93,100,227,61,22,165,103,165,3,132,186,134,148,20,172,188,202,198,159,81,224,180,31,159,241,220,179,65,145,163,120,68,187,103,192,147,240,38,34,126,12,62,23,33,67,188,172,56,109,156,239,158,55,44,58,43,173,53,46,208,8,126,2,218,243,20,143,102,179,178,47,189,137,77,120,114,66,124,57,25,67,221,96,223,170,89,57,96,122,145,194,203,209,87,51,158,52,216,135,114,50,22,249,66,10,114,231,196,220,88,244,149,179,53,178,181,201,42,3,205,102,120,209,28,15,161,169,97,106,111,211,239,20,127,68,184,62,190,83,97,230,149,21,139,87,154,158,219,249,233,254,49,14,222,73,128,11,76,92,74,52,54,133,59,170,172,96,94,39,239,112,124,177,68,142,179,163,205,37,62,6,189,14,43,249,103,226,85,97,135,50,206,38,73,224,96,138,25,240,239,142,31,199,155,214,187,187,114,88,183,184,73,21,99,100,112,187,220,90,30,224,154,37,93,158,127
252,112,24,124,65,3,186,222,110,84,37,120,22,18,146,162,95,190,206,239,213,189,206,151,195,247,200,188,21,102,240,103,48,126,221,91,47,168,70,140,162,22,206,225,18,118,13,130,166,59,193,194,3,254,108,214,88,45,195,89,118,161,26,92,41,37,51,114,88,198,96,213,28,104,103,206,243,110,138,242,222,117,169,127,214,185,99,131,179,62,97,48,237,142,9,195,196,217,199,98,234,139,64,251,68,54,175,240,188,108,50,57,245,203,121,138,217,234,147,30,112,38,157,104,25,152,21,151,67,32,220,125,32,33,177,84,53,244,65,100,221,100,79,45,79,210,92,38,156,220,89,200,114,31,110,229,112,164,211,229,60,194,227,143,12,88,135,120,180,68,104,161,205,118,189,39,254,140,8,120,80,115,1,173,188,214,33,182,114,117,252,229,32,85,211,99,54,107,152,17,51,46,33,123,48,177,124,91,246,120,71,208,48,227,189,49,62,189,61,108,247,75,218,145,58,120,145,82,139,221,152,239,62,221,79,151,2,248,62,22,252,182,156,243,146,148,57,64,201,105,95,226,156,165,149,135,28,98,26,77,120,127,192,22,103,140,91,184,227,116,210,4,41,234,34,72,199,170,56,84,239,121,238,207,58,136,109,163,224,167,94,41,114,205,84,186,225,1,85,245,159,60,216,98,25,185,182,100,179,79,122,218,153,54,213,5,60,254,213,204,140,57,142,26,24,140,239,180,13,84,144,176,65,250,189,207,112,167,53,56,227,45,78,220,6,121,18,252,111,202,112,56,214,250,209,60,16,142,146,236,213,34,244,98,137,31,31,95,124,100,138,228,78,120,205,129,234,67,117,203,4,64,214,68,78,187,78,160,241,157,133,103,86,19,244,133,26,18,44,240,254,250,180,106,211,75,53,204,154,27,93,188,132,97,206,163,177,14,250,143,248,235,145,212,38,244,216,3,229,235,138,248,102,183,91,175,193,17,100,217,152,201,230,60,233,193,152,190,65,197,41,79,254,35,117,240,134,232,7,93,171,11,203,187,23,206,106,169,58,180,51,96,36,225,48,39,68,121,57,80,230,25,159,36,88,8,104,197,188,100,253,57,233,149,118,5,193,65,127,36,201,213,36,87,241,11,237,216,92,189,159,89,127
97,36,35,95,105,64,160,40,61,85,190,153,102,21,227,81,31,171,13,189,95,196,232,251,170,156,65,42,47,83,115,101,62,170,38,162,237,10,180,64,162,3,202,22,44,17,5,154,53,16,106,230,249,105,207,101,31,64,63,135,157,71,136,140,173,40,25,184,140,254,73,198,170,122,205,150,243,248,2,155,162,227,99,17,55,217,167,4,50,64,199,28,7,44,110,123,253,24,31,158,149,109,44,231,121,34,81,180,210,100,149,211,11,197,253,254,81,86,76,19,69,220,215,174,204,175,49,58,10,70,173,209,146,77,71,33,136,170,236,115,65,7,182,30,233,78,162,212,128,85,129,253,150,29,245,138,120,206,59,74,15,97,242,74,199,14,63,66,127,198,209,63,125,125,144,193,123,44,240,130,186,75,29,31,2,221,99,248,158,34,97,167,5,55,132,248,94,59,169,112,240,36,30,137,251,228,116,167,237,217,17,22,211,109,224,221,96,234,93,10,97,182,13,217,12,130,118,11,50,25,27,129,1,19,196,226,197,107,212,60,216,105,254,197,134,118,169,213,200,162,164,51,13,121,88,59,188,110,79,207,141,65,222,238,33,12,219,152,84,234,116,59,190,157,197,34,186,224,245,229,99,223,163,13,76,114,186,8,124,2,231,20,171,167,199,36,81,110,203,96,221,30,160,169,195,6,31,68,178,85,157,93,91,135,140,164,82,129,126,151,36,163,35,104,202,203,9,91,126,1,218,53,6,61,28,138,202,178,124,38,49,86,57,231,173,109,209,22,52,213,210,146,184,169,97,123,88,47,207,0,121,57,48,223,150,143,75,217,180,144,235,190,144,100,91,133,155,168,8,25,249,47,167,135,117,88,95,168,190,247,100,127,60,175,164,250,164,36,197,161,243,60,159,89,82,214,254,134,35,206,2,235,69,220,107,51,67,219,50,89,29,170,169,45,62,181,58,176,251,92,4,110,106,73,1,5,225,91,7,250,55,35,16,154,200,45,85,166,121,183,36,156,110,35,120,204,90,239,190,243,98,182,77,17,7,207,203,36,220,231,77,64,124,250,69,192,72,7,144,232,127,233,143,240,237,240,123,116,99,170,182,250,45,127,29,190,142,242,153,235,174,229,173,165,206,232,221,223,246,216,130,160,127
215,5,225,146,108,239,6,51,122,94,77,8,117,94,237,227,67,182,192,168,222,32,134,229,9,64,140,141,69,214,70,114,217,58,210,199,38,222,222,90,233,149,219,43,86,50,140,43,49,213,81,175,204,99,75,180,178,14,15,38,212,203,115,226,219,127,252,238,148,187,119,89,10,239,59,107,236,173,23,103,197,254,41,39,167,104,110,44,65,146,113,94,190,179,12,192,227,50,141,115,189,207,20,168,148,66,104,67,130,219,214,254,142,49,102,144,42,196,195,213,12,137,172,113,232,225,83,41,142,203,254,90,33,53,105,17,179,42,57,182,230,230,136,194,68,28,48,198,141,140,163,79,101,41,183,224,21,207,47,166,133,27,146,170,55,176,174,13,117,63,89,68,170,175,168,70,237,12,65,22,220,181,168,125,28,45,45,210,109,167,46,13,172,93,94,232,142,106,161,184,142,155,107,46,105,92,21,225,87,199,211,87,215,235,158,19,35,235,9,64,9,242,43,179,46,89,179,242,223,241,173,140,197,197,219,70,213,205,24,171,235,68,101,0,119,231,194,211,141,52,181,180,137,73,217,136,213,140,105,30,27,223,77,246,213,100,94,17,2,170,2,174,167,197,107,191,76,189,33,19,41,165,104,121,42,196,105,72,44,197,169,56,138,235,225,66,228,155,2,47,232,146,53,78,213,193,34,121,183,41,156,113,204,203,15,134,173,20,59,164,146,18,69,6,247,91,128,48,142,174,111,160,67,147,99,149,46,124,181,54,118,98,144,8,228,95,99,69,195,183,23,113,165,169,79,77,85,62,227,11,154,22,215,105,70,6,17,159,105,112,150,32,218,180,107,231,1,174,43,10,141,78,212,134,121,37,132,77,71,121,245,240,39,98,246,53,92,58,130,128,124,6,85,116,153,228,245,165,96,104,126,218,112,166,109,189,81,44,56,183,21,242,227,158,254,33,128,186,151,45,130,122,214,188,153,147,130,143,108,182,118,148,99,238,146,166,203,69,48,181,199,173,113,152,252,190,119,147,202,218,154,188,249,152,151,124,241,166,26,33,247,226,199,170,98,18,0,106,153,190,85,98,113,66,100,116,36,198,104,47,6,13,37,30,20,52,244,125,125,4,37,133,163,235,224,78,14,76,118,89,163,160,127
53,170,97,19,133,252,5,240,96,111,57,84,49,92,84,207,9,16,15,136,227,68,66,58,48,1,39,138,205,69,195,85,147,188,10,79,253,158,206,176,105,185,45,64,62,95,143,12,80,31,4,101,16,8,126,93,15,253,212,107,191,118,2,194,132,79,172,247,236,184,213,174,186,242,147,29,91,150,135,192,26,241,152,157,63,107,134,89,211,145,84,196,31,29,55,64,129,88,28,33,4,162,248,253,35,246,127,29,23,86,147,22,114,4,115,237,86,232,60,59,112,251,68,187,118,15,213,135,85,182,212,129,203,220,239,1,165,119,65,19,150,135,8,47,218,239,20,16,85,18,217,177,221,232,167,232,129,86,185,84,229,30,215,187,184,159,252,131,175,166,101,229,226,7,162,136,104,156,60,18,110,180,26,174,199,88,245,108,102,171,35,84,129,174,142,156,144,3,87,29,213,25,123,16,21,86,88,231,97,45,64,199,180,115,157,127,77,51,41,177,180,151,106,210,29,40,229,221,127,195,253,73,227,24,135,82,155,26,172,107,247,130,129,227,125,166,120,222,81,75,175,30,130,127,128,50,5,214,51,80,114,14,126,133,206,189,232,247,97,93,74,25,110,76,202,25,32,224,230,79,68,185,229,158,96,141,171,167,239,13,209,134,197,251,87,13,221,167,65,235,245,118,53,184,60,187,128,193,220,190,184,99,43,184,190,66,178,212,222,210,90,228,190,107,155,156,29,151,217,59,130,116,88,41,85,156,133,191,90,191,205,80,210,180,247,64,169,182,97,252,171,14,115,181,242,15,131,11,63,160,98,179,122,231,161,37,12,240,59,130,237,189,144,235,158,144,242,71,15,133,126,82,121,70,229,89,225,111,233,209,111,250,249,193,56,32,76,15,61,143,24,57,20,12,201,200,55,5,228,177,192,232,204,136,166,203,201,79,193,81,1,152,45,137,51,50,190,106,46,172,108,109,19,141,65,230,53,160,109,100,231,212,209,115,64,87,69,212,42,135,197,40,2,176,16,209,87,153,174,113,209,137,202,168,173,154,135,10,28,3,122,159,249,155,208,250,177,60,139,0,91,56,101,37,132,254,189,7,66,249,237,141,62,114,203,194,194,82,9,182,212,199,148,170,216,207,18,3,171,248,40,144,127
83,124,237,149,170,238,90,123,157,39,82,84,60,136,194,188,139,103,128,215,158,81,83,65,157,132,54,72,217,4,64,70,56,36,74,113,65,235,66,73,46,43,246,233,58,66,165,123,7,180,147,196,22,107,64,167,214,241,227,150,173,163,109,17,239,106,245,254,117,229,161,240,241,70,87,88,192,191,125,100,106,78,132,182,100,163,238,163,92,23,146,197,64,197,147,65,53,248,28,219,65,226,72,38,108,22,129,40,251,187,46,28,13,240,234,115,165,220,131,205,180,49,236,136,175,194,133,237,39,199,100,221,14,65,232,158,52,120,135,220,177,144,143,43,99,114,72,33,74,10,105,150,90,134,36,67,6,15,89,155,245,78,174,26,214,215,133,87,197,42,194,93,67,179,101,1,211,93,113,76,53,102,43,229,133,51,112,45,160,254,151,193,160,7,166,42,119,230,253,39,130,181,193,117,236,121,97,188,27,248,220,48,196,167,164,120,23,88,160,70,92,226,73,165,106,229,55,188,166,26,26,124,196,159,94,179,229,106,127,66,124,164,224,91,128,152,147,46,5,96,172,69,33,208,9,136,57,156,230,221,170,6,75,23,125,162,16,100,70,3,126,58,19,46,214,189,223,208,91,113,184,129,217,227,107,64,121,199,94,31,212,226,17,248,56,64,105,94,87,247,157,156,204,154,36,67,4,209,82,233,220,219,228,107,59,109,177,108,12,8,203,76,70,66,51,55,86,102,153,18,212,175,81,57,28,204,129,196,117,40,140,101,221,101,230,186,106,221,212,188,119,16,149,185,66,21,199,63,235,184,156,247,128,179,155,124,24,152,162,9,43,102,215,38,109,58,44,49,199,122,70,62,202,17,80,220,133,120,234,219,168,173,210,207,98,233,114,62,145,134,67,213,80,227,204,251,177,118,124,173,49,240,4,16,251,72,163,219,86,141,220,82,174,84,212,208,187,175,21,105,130,112,72,60,17,120,217,210,207,232,234,134,16,76,118,214,160,246,200,128,74,131,132,138,240,120,209,28,244,148,254,217,80,173,30,191,128,108,247,151,127,141,29,188,45,126,132,13,70,127,52,222,142,77,113,137,241,83,161,82,187,184,153,23,242,76,116,140,31,98,138,87,34,130,116,141,33,148,56,56,68,83,127
19,238,112,165,57,100,218,42,170,156,37,200,147,184,233,183,14,50,107,190,55,160,216,188,38,238,200,124,95,194,128,11,213,23,144,196,226,179,31,172,231,5,130,213,140,58,129,127,19,194,253,36,209,244,74,230,132,152,119,4,135,40,138,130,17,172,153,118,207,253,79,188,232,68,250,129,101,144,8,209,178,145,131,54,107,238,67,150,121,167,40,201,180,4,60,197,21,17,114,91,184,86,227,174,166,123,73,147,104,216,89,200,90,84,198,80,11,224,93,69,232,11,177,37,239,105,121,51,228,208,66,202,10,55,161,64,14,191,210,7,70,140,42,210,161,189,21,111,143,93,82,133,49,68,42,68,85,166,250,228,84,13,113,101,105,235,234,0,182,65,154,163,76,144,208,92,79,121,70,130,142,99,223,215,236,69,51,54,180,17,83,211,253,66,230,98,179,15,74,142,75,148,126,219,230,249,89,103,89,121,64,104,253,220,84,80,74,22,180,159,135,92,200,178,240,133,229,127,46,54,70,117,231,151,142,44,124,64,101,38,96,116,74,102,43,57,124,131,143,149,222,21,182,142,44,50,178,52,95,20,225,205,202,34,11,241,199,224,186,57,142,179,236,10,149,170,240,206,70,252,145,32,186,105,7,242,241,155,42,166,151,28,64,127,222,29,43,251,47,218,235,16,26,224,93,143,108,178,253,253,160,224,107,214,194,66,209,232,184,205,250,61,219,190,218,49,2,78,203,156,220,153,108,197,77,24,253,88,248,3,101,109,238,226,34,129,214,90,171,1,113,237,188,50,3,191,43,177,192,142,12,170,79,17,69,131,144,34,183,231,138,8,3,131,173,129,228,1,53,129,53,172,186,123,230,143,216,135,125,103,25,218,100,196,38,234,47,247,87,30,111,106,198,130,118,62,89,52,28,181,139,157,14,66,218,150,13,162,196,4,242,251,205,178,164,216,0,198,208,222,12,17,190,164,143,7,74,224,192,115,67,14,92,112,79,176,9,96,139,202,104,170,151,158,53,160,124,130,232,144,181,88,205,44,252,133,179,125,126,250,38,196,144,89,175,61,73,127,148,87,144,141,70,136,93,110,202,138,84,96,80,78,16,0,2,94,12,46,37,67,0,57,224,18,240,23,56,161,216,144,236,173,127
72,20,184,240,10,14,127,87,221,243,96,147,190,177,39,46,72,152,4,229,151,24,127,210,181,79,58,48,49,41,146,232,150,146,64,227,163,242,30,244,22,149,79,107,224,0,120,220,76,237,131,193,157,219,206,190,180,153,73,88,76,73,41,112,212,33,157,221,84,39,4,52,13,110,32,175,2,25,222,86,239,134,148,136,111,140,118,32,136,113,72,60,123,248,144,1,141,244,233,67,138,135,219,92,123,210,100,96,86,72,71,190,35,173,243,238,53,225,221,199,57,31,237,254,60,85,102,1,26,24,63,73,248,23,192,29,24,63,16,54,116,193,54,131,102,184,15,168,148,183,249,220,163,129,93,110,111,124,139,227,136,205,26,35,222,147,78,92,74,238,107,163,147,236,111,26,31,224,187,243,108,26,39,250,168,153,197,202,164,69,164,152,84,182,231,144,226,215,99,213,43,204,29,195,221,239,231,73,173,113,98,14,247,106,193,165,126,131,55,232,189,41,41,128,14,56,185,165,170,24,112,11,100,14,72,211,232,13,138,27,67,210,48,200,160,211,154,24,72,239,236,6,96,53,158,117,202,226,27,62,60,103,95,80,205,203,247,107,25,222,60,253,91,239,210,47,206,211,221,111,37,42,13,147,118,114,100,127,45,128,155,114,77,176,98,124,183,106,141,84,145,240,12,206,59,6,34,207,35,71,25,196,213,110,228,152,241,54,238,64,156,248,84,175,124,88,229,182,172,7,118,37,25,177,92,222,89,175,68,22,91,151,46,87,62,28,60,178,153,167,190,70,26,14,167,152,76,10,0,153,222,110,116,148,1,49,79,26,243,52,163,173,227,154,249,85,233,97,124,28,168,157,72,160,30,73,131,201,115,146,68,168,122,199,237,183,13,86,254,20,229,234,250,112,224,112,142,49,35,156,195,71,217,241,155,199,146,230,0,239,81,87,99,116,187,177,15,122,6,156,198,13,44,80,119,91,237,28,211,251,18,198,30,253,85,89,213,65,154,197,191,109,22,244,133,89,29,163,193,101,211,66,254,106,84,166,36,3,215,196,57,167,199,0,119,243,17,110,37,148,61,47,206,51,92,210,162,153,57,80,68,79,59,215,204,157,203,129,174,127,190,55,187,203,24,145,27,151,102,91,13,49,127
61,15,1,76,23,53,81,189,20,100,216,46,24,29,72,216,69,62,84,34,35,140,88,193,80,3,64,127,131,19,78,217,81,101,246,229,168,183,41,190,252,150,252,28,133,95,68,123,183,222,153,21,44,196,113,136,200,208,127,66,38,232,179,113,73,235,131,14,181,48,120,225,34,227,128,211,190,237,100,120,131,100,127,168,135,110,210,95,137,183,51,21,102,47,232,102,39,230,152,227,25,55,50,217,198,142,110,130,186,230,123,111,174,180,236,141,64,161,36,127,143,124,14,156,218,100,179,176,208,205,127,145,105,98,18,244,182,242,159,22,186,160,236,184,163,43,3,160,111,113,235,149,245,168,101,19,72,254,90,236,152,7,185,113,187,235,151,205,249,10,204,168,53,27,109,119,59,180,173,208,204,235,69,198,20,240,187,193,233,234,116,134,251,141,35,40,48,97,245,225,40,147,145,74,232,218,31,169,177,182,93,86,140,58,80,238,196,217,140,249,129,120,51,189,100,86,116,46,228,142,186,246,136,223,86,74,81,84,52,189,102,52,202,247,119,56,169,251,253,134,234,75,53,210,154,246,201,108,193,4,45,238,135,67,16,224,57,54,168,82,247,111,41,122,87,60,250,217,199,189,92,17,66,191,140,179,133,14,172,152,28,214,17,78,193,73,130,158,22,253,146,28,224,53,17,41,163,19,236,244,88,132,24,197,76,121,16,124,151,81,11,34,117,35,205,197,74,104,97,1,73,185,220,206,153,69,118,13,73,192,35,62,118,175,216,96,150,203,122,199,217,151,192,126,126,180,28,61,66,36,2,12,169,242,38,32,139,107,253,70,247,206,147,18,194,25,59,79,47,85,193,74,78,86,190,36,103,30,3,61,172,87,254,26,42,41,26,170,35,127,145,171,109,68,97,127,109,90,184,87,222,19,155,19,140,132,224,187,225,28,5,147,45,156,229,190,195,10,93,6,25,202,143,110,59,14,208,25,139,64,152,130,233,148,123,42,254,43,5,178,52,206,55,42,188,205,95,1,208,184,99,91,210,58,251,245,138,42,17,52,76,200,177,3,38,143,170,26,149,177,96,49,192,183,177,202,48,150,153,28,209,16,91,197,100,36,233,54,61,204,67,47,10,190,211,96,178,103,106,147,10,197,127
50,253,164,169,105,41,15,206,134,3,205,248,116,197,21,47,175,232,4,187,233,59,130,3,118,34,213,243,173,86,163,152,33,123,220,231,131,141,241,225,72,43,96,172,176,14,197,61,50,100,55,173,90,117,35,228,161,195,237,101,100,241,38,228,204,116,112,21,106,199,249,253,56,133,186,32,13,63,68,190,201,108,38,97,154,9,210,143,61,192,38,1,217,141,94,11,52,97,98,48,131,188,0,72,241,184,178,202,32,145,204,34,67,181,99,92,5,101,16,180,221,20,68,81,127,236,128,45,67,115,33,3,177,189,222,125,247,37,2,252,43,241,231,12,43,9,104,80,233,94,233,170,127,6,82,95,109,17,183,16,44,204,126,150,122,95,114,37,183,185,22,56,36,82,208,43,227,154,98,42,22,7,168,213,40,117,221,5,181,236,171,251,228,140,54,42,49,105,79,233,251,53,143,195,243,194,213,107,191,94,141,188,66,205,111,54,40,155,165,163,85,171,34,175,209,5,21,175,228,226,228,84,122,152,9,38,247,71,199,224,207,187,11,83,68,28,160,81,99,122,176,26,189,231,61,36,197,43,74,222,107,207,91,38,228,213,152,246,154,63,246,197,151,1,80,221,227,155,118,56,69,50,54,195,61,83,12,114,196,175,138,141,158,100,18,177,36,170,94,15,156,229,124,158,73,150,167,13,127,248,238,133,165,93,144,220,230,83,162,233,116,171,79,236,44,73,126,204,117,236,67,201,47,98,40,213,89,48,249,252,83,135,17,184,164,32,201,77,48,12,62,161,17,60,66,231,175,162,39,228,125,166,75,195,93,211,148,3,208,171,51,22,243,87,42,135,165,185,84,166,132,213,160,252,157,42,3,21,246,167,198,133,193,11,169,96,163,155,247,28,108,143,132,242,174,151,48,254,131,217,196,0,226,7,94,227,121,92,121,250,125,117,93,73,136,58,28,120,169,232,209,117,238,91,5,23,182,92,100,11,78,219,78,166,70,112,108,149,25,121,254,0,171,63,96,122,57,97,29,46,54,126,245,79,84,13,208,2,129,22,68,29,16,130,137,114,219,126,59,228,47,12,239,110,173,229,143,85,67,122,78,238,63,162,228,22,161,228,135,231,29,79,33,101,23,137,39,37,103,148,194,162,127
158,139,239,37,197,204,231,154,90,219,195,41,217,42,27,165,54,64,192,99,16,212,214,108,104,187,213,50,238,244,188,124,250,75,81,62,237,1,43,94,105,87,73,23,35,221,107,200,49,69,218,132,64,122,35,84,0,62,23,84,22,239,183,238,177,177,48,177,35,216,119,102,21,51,151,2,6,57,77,94,21,241,106,120,118,242,77,165,144,189,54,177,121,223,43,163,209,249,254,68,219,207,229,71,30,145,73,139,158,41,9,11,73,149,230,163,43,16,7,193,152,193,7,240,59,109,201,208,30,249,38,141,49,14,156,121,87,47,100,156,110,63,243,204,133,7,97,208,112,162,219,18,32,124,178,220,12,99,187,216,214,68,231,98,106,123,201,149,132,213,2,147,9,45,102,95,108,144,225,120,188,189,65,45,110,73,70,176,247,165,128,104,118,14,32,180,199,159,30,185,218,86,48,150,121,188,105,140,0,117,203,6,115,37,10,232,118,176,201,38,35,128,195,88,230,224,183,237,139,200,22,150,32,60,111,233,147,156,28,131,227,165,226,193,71,68,202,97,249,56,52,207,178,218,230,145,19,48,190,180,121,229,86,25,56,36,199,71,98,169,109,86,229,181,96,146,138,182,47,60,84,143,123,108,78,69,81,2,187,218,43,200,122,117,82,27,169,175,18,149,216,224,134,203,105,82,61,228,242,79,156,245,203,120,225,177,65,87,0,132,181,85,26,1,110,131,180,231,120,226,192,245,41,44,10,134,100,149,127,46,217,212,55,9,102,24,168,196,203,30,136,66,88,50,173,226,51,57,92,138,194,163,241,151,174,41,5,205,202,25,174,176,228,0,133,218,133,166,162,249,106,97,19,179,150,169,53,24,109,11,227,78,28,58,153,95,144,113,215,50,121,249,19,192,164,137,182,66,88,94,47,70,107,32,71,113,69,14,189,14,107,167,64,139,60,64,175,113,149,95,134,166,225,246,0,44,146,39,176,184,59,186,196,186,114,33,194,197,226,91,57,151,242,137,153,181,104,188,54,209,34,163,184,221,3,194,228,93,236,68,31,79,202,214,227,124,37,59,136,21,58,214,234,112,145,36,249,250,142,219,84,176,182,162,121,93,172,82,234,208,101,44,80,81,60,79,6,213,108,225,88,177,127
202,133,16,251,39,146,177,192,127,241,13,170,103,142,193,106,94,201,130,199,21,254,188,64,97,234,175,33,194,112,227,109,140,174,191,193,88,45,48,248,122,201,153,96,35,228,166,33,220,226,87,31,125,90,226,224,189,186,106,227,159,16,226,187,210,53,249,205,206,56,215,178,71,95,14,10,247,130,3,44,83,124,216,19,110,32,183,64,67,225,205,70,203,112,57,231,43,137,151,254,203,253,236,60,67,180,135,92,30,192,157,57,55,57,173,203,196,202,74,195,186,223,29,27,90,15,94,164,36,168,234,39,187,60,208,13,253,89,218,167,174,145,86,57,3,100,110,120,219,51,8,90,113,98,230,91,195,129,172,195,112,60,36,70,34,195,140,162,223,205,9,103,70,119,206,218,15,66,210,165,84,139,225,177,83,82,161,124,145,210,20,99,124,151,142,187,38,117,137,2,150,126,15,231,16,78,159,94,96,126,107,195,149,143,243,169,183,93,72,105,76,58,14,210,208,43,1,69,150,28,253,6,40,227,247,145,122,61,60,196,82,178,37,116,229,206,130,154,92,240,96,205,102,247,18,104,106,167,173,217,115,152,166,76,159,58,108,130,53,94,21,44,22,173,203,161,39,61,73,7,54,212,231,177,97,145,121,10,105,25,196,228,81,50,55,215,210,244,43,35,60,143,222,35,189,54,139,11,88,54,164,240,186,29,49,228,81,120,69,226,65,215,29,39,110,87,51,227,219,20,174,5,5,187,108,177,203,168,16,32,11,131,112,64,202,219,171,102,176,149,40,162,47,234,164,50,85,209,161,230,202,79,94,167,217,162,16,149,107,2,7,163,22,101,189,116,90,127,102,6,92,179,244,70,79,66,34,163,142,35,217,200,189,40,50,221,60,170,178,111,161,157,45,233,72,78,177,101,102,96,21,253,228,30,194,74,100,189,115,108,13,35,43,213,106,227,23,63,78,143,147,37,206,181,218,35,224,71,27,28,95,7,240,102,143,118,90,29,32,133,193,101,61,181,223,178,67,164,48,235,21,156,233,168,187,32,175,153,96,197,222,159,51,51,197,18,98,95,42,245,166,163,43,169,238,136,0,197,196,115,65,240,180,152,222,64,223,183,202,59,249,150,1,176,140,94,226,194,142,132,191,191,127
0,74,23,109,127,175,60,59,199,44,92,139,174,223,1,16,43,121,83,128,29,140,27,158,205,137,139,79,250,85,32,151,75,91,142,86,207,91,28,9,243,226,43,106,158,177,1,18,111,156,150,88,117,60,103,44,37,141,14,213,153,79,1,193,43,209,242,224,221,41,2,67,217,109,93,25,159,34,127,238,35,224,208,187,5,161,10,123,27,68,7,247,193,194,129,220,254,164,162,228,53,245,49,17,68,80,150,103,237,5,202,10,148,134,101,1,38,184,16,90,6,67,78,214,173,147,32,229,213,42,75,197,172,124,99,126,101,234,180,211,121,18,237,184,242,182,46,31,183,201,147,177,97,102,251,221,44,54,62,90,161,221,132,144,177,224,103,102,235,75,159,187,51,162,186,45,248,44,250,188,26,231,10,244,25,218,30,47,73,120,250,71,175,4,222,206,216,148,56,134,152,198,247,43,50,10,27,235,174,69,132,250,250,51,174,238,142,210,246,211,103,31,67,204,53,173,158,137,197,66,237,2,166,114,160,176,125,159,133,156,107,55,152,245,126,14,57,198,34,235,12,209,103,251,70,195,162,109,60,147,32,171,67,231,169,154,101,9,99,124,11,36,83,230,201,80,244,137,39,185,125,156,4,189,17,49,151,212,45,116,198,243,151,250,55,46,34,134,13,225,225,194,169,251,172,34,2,55,52,254,147,28,200,46,18,208,53,0,179,200,165,29,116,135,83,69,70,100,0,109,162,3,247,148,20,56,229,18,44,101,234,206,75,25,138,29,33,224,77,195,174,158,185,56,137,226,160,113,68,37,85,114,160,43,140,142,133,180,69,41,116,188,153,40,187,237,146,142,4,172,176,150,39,62,161,48,28,209,99,65,62,78,41,189,253,226,83,127,241,136,33,43,215,127,211,240,246,224,215,64,207,147,35,16,26,98,127,168,49,99,86,36,149,193,7,124,10,115,199,85,180,215,199,168,118,124,75,212,182,70,163,200,180,237,135,89,209,102,111,227,155,191,2,171,76,106,97,82,41,197,1,86,212,74,168,63,133,179,155,38,44,192,235,127,222,0,23,86,79,214,143,209,54,2,179,97,104,149,181,183,76,245,184,68,230,184,234,188,230,231,198,5,77,158,148,127,29,253,118,76,29,4,127
5,15,161,51,206,9,51,95,215,101,246,244,116,180,105,42,0,194,181,34,147,171,246,118,158,248,127,170,74,196,101,16,23,159,196,34,57,1,206,115,127,77,112,230,40,45,186,112,107,163,130,177,186,212,29,162,165,211,197,149,27,63,14,227,246,81,179,161,129,243,41,179,146,234,168,38,243,208,222,168,25,139,248,71,250,61,115,73,187,205,8,138,131,84,66,59,247,4,203,64,80,121,245,105,152,20,208,96,53,54,80,169,87,220,178,9,45,194,29,65,153,254,216,222,99,198,223,189,98,218,69,143,129,67,8,120,79,130,117,152,187,139,228,155,173,209,34,16,51,44,79,219,250,120,60,188,45,74,55,46,54,161,57,116,153,124,14,134,15,213,77,132,218,75,220,211,200,75,221,168,180,122,154,65,65,109,184,99,41,169,0,189,58,90,88,23,139,172,158,71,221,34,198,46,99,102,129,74,235,223,4,0,179,15,147,39,28,75,53,94,189,143,112,166,137,173,243,172,9,13,46,153,91,135,185,128,220,18,47,158,176,62,151,231,210,238,70,61,178,37,193,185,158,149,57,2,13,33,125,106,150,153,230,135,183,195,221,171,151,47,214,108,218,144,179,192,104,5,208,92,116,193,177,223,175,68,220,230,220,78,64,197,48,81,91,216,105,233,166,6,49,15,54,132,72,225,96,163,59,210,157,89,251,189,46,95,7,108,58,236,242,242,12,109,181,124,102,13,127,4,141,108,54,15,116,232,160,7,5,93,219,37,106,201,20,92,49,87,53,33,69,199,157,4,103,169,221,80,4,23,45,25,207,134,20,83,147,0,101,220,79,197,129,15,55,75,103,17,240,183,124,76,249,72,159,14,95,14,126,59,193,67,158,144,28,243,103,234,212,0,146,27,64,138,252,239,162,60,82,54,103,183,230,181,194,30,57,191,30,201,205,73,45,45,20,64,55,165,253,91,253,156,30,166,228,64,33,20,124,53,124,176,41,57,196,70,150,173,3,222,51,103,168,218,222,62,65,233,214,253,245,20,119,184,53,169,38,89,167,215,168,106,166,158,26,104,151,118,237,124,92,42,70,109,154,66,106,248,34,243,221,238,220,5,64,197,90,169,10,127,172,246,120,57,205,213,11,83,57,95,107,243,127
105,112,71,151,181,247,206,180,35,200,27,174,205,203,35,152,135,69,175,203,163,1,15,104,248,167,92,127,179,120,21,127,35,90,171,214,11,127,113,53,219,20,229,166,190,253,214,228,112,166,44,228,254,123,114,118,233,152,119,133,232,83,198,120,45,9,85,174,27,121,3,86,24,156,231,42,227,83,216,145,23,164,19,146,26,205,77,191,217,33,9,17,129,91,98,50,221,25,34,10,229,123,153,112,85,233,190,29,99,31,235,6,245,155,36,63,215,136,184,59,84,252,206,1,243,198,114,79,141,78,53,71,52,68,101,222,145,231,153,184,19,193,33,22,183,104,221,24,92,168,19,58,141,150,52,14,23,124,172,98,63,135,242,164,120,0,23,31,70,225,100,223,177,3,236,128,99,206,73,144,48,185,94,143,3,1,183,145,239,251,178,86,20,157,30,162,10,87,41,30,101,126,41,198,146,195,145,162,240,248,11,177,252,31,231,166,33,9,219,215,52,144,224,44,234,184,46,96,44,30,138,89,129,49,82,14,228,28,127,61,238,31,174,185,111,41,5,200,20,213,70,134,108,67,5,38,93,126,24,164,156,114,37,121,206,124,51,111,81,52,2,142,105,27,181,16,123,78,144,182,197,191,187,110,8,113,114,212,37,93,141,252,200,24,181,196,2,92,188,238,77,87,38,153,130,224,128,105,34,38,7,66,30,18,63,64,108,75,72,58,151,239,192,187,12,82,53,170,214,30,205,105,148,61,253,100,93,64,183,229,145,40,110,158,153,12,22,231,220,144,48,21,215,204,131,191,238,108,203,244,246,102,173,168,44,141,44,167,86,230,112,200,82,12,35,28,86,84,102,229,144,163,124,145,91,197,167,89,83,237,135,69,18,19,104,169,124,21,23,254,222,78,8,62,83,88,54,193,230,234,125,59,245,184,68,174,242,156,46,161,199,251,26,178,124,18,200,190,178,33,24,46,53,165,131,152,143,239,151,86,96,207,209,172,35,127,26,101,186,75,24,134,243,41,1,60,26,182,148,174,178,47,198,52,159,20,234,10,197,53,112,71,3,227,133,237,167,207,64,234,55,3,226,126,151,249,18,51,67,244,12,234,254,28,92,253,121,91,27,219,95,112,132,90,238,213,92,210,20,215,21,45,127
12,249,195,73,207,54,223,17,67,228,23,66,172,8,99,101,39,39,81,89,226,132,92,44,62,128,106,21,127,91,237,206,41,74,50,54,129,80,190,37,175,86,124,46,139,87,13,198,42,109,253,7,18,97,224,247,133,68,203,63,174,25,240,86,130,107,102,60,78,162,152,93,20,86,11,109,85,211,57,136,113,178,212,6,185,202,175,144,23,132,158,235,244,58,66,172,48,43,186,3,163,60,188,129,115,113,17,129,134,66,245,97,60,113,3,138,246,97,162,130,174,47,138,60,123,196,21,144,52,37,132,49,117,111,84,7,160,7,242,61,107,34,236,21,43,74,54,244,154,167,173,71,198,101,129,154,118,212,235,68,44,143,222,40,152,104,101,19,45,185,20,130,56,208,37,46,85,253,146,13,181,204,157,209,200,237,59,65,132,243,218,19,97,206,106,254,148,220,222,134,237,190,171,124,59,189,250,161,207,195,64,166,107,29,25,182,38,128,246,65,254,17,196,35,31,134,213,163,97,146,139,168,134,102,9,150,77,206,80,65,234,171,60,186,186,79,206,44,66,80,124,67,139,21,36,100,191,43,51,125,17,190,46,121,236,106,220,232,236,5,105,41,201,60,36,91,5,147,89,232,247,120,90,148,0,191,242,106,151,168,23,146,235,214,52,153,94,138,121,194,146,223,227,225,2,185,118,100,76,147,111,94,72,218,250,29,248,219,238,232,64,50,193,35,77,158,10,153,204,167,227,200,202,21,20,1,156,155,124,216,55,43,29,101,220,41,210,103,150,153,151,38,176,147,3,91,208,194,85,21,202,66,159,231,232,51,170,142,80,43,205,57,20,0,128,192,51,242,66,248,163,157,101,54,232,210,207,49,199,128,185,117,220,182,151,96,194,65,193,133,37,157,252,92,74,112,153,185,120,194,52,230,26,39,81,224,190,147,171,228,15,254,26,149,147,248,180,54,3,155,138,240,171,144,22,1,211,146,157,201,0,85,100,237,22,46,207,61,207,33,1,25,1,156,145,17,120,150,23,125,121,162,235,44,220,223,6,8,85,41,219,140,205,58,71,19,110,69,179,243,41,112,85,229,122,30,177,206,197,37,223,103,145,245,55,91,158,88,104,64,192,114,235,137,183,214,57,244,165,47,224,244,127
17,65,27,24,119,38,88,76,152,123,117,66,58,184,17,49,239,131,119,245,57,187,238,236,97,119,200,190,47,75,175,179,144,152,122,126,144,137,193,227,162,132,157,79,246,170,90,185,22,245,223,157,92,159,134,79,207,134,200,53,104,198,241,151,110,205,148,199,149,152,51,203,138,226,1,143,104,35,174,210,244,84,238,101,15,234,232,109,8,88,93,160,154,23,191,250,71,100,68,125,98,159,94,7,184,29,50,187,89,123,130,76,139,154,63,30,139,197,203,127,70,205,47,19,156,26,35,127,237,128,122,30,215,107,241,37,145,190,173,15,132,156,103,159,212,153,241,77,16,216,7,220,240,239,191,218,168,179,122,185,21,160,155,115,248,142,175,247,205,206,145,109,2,61,95,43,185,116,134,4,199,44,138,116,239,223,72,236,176,57,252,0,72,152,181,162,73,75,14,197,11,24,242,167,199,130,173,4,222,198,235,160,220,93,137,141,120,240,179,144,79,159,142,38,225,28,204,219,45,20,136,50,163,114,14,92,234,100,178,95,127,85,138,165,148,9,42,178,207,78,32,251,15,0,179,61,12,65,163,253,220,167,120,183,189,209,45,237,168,153,54,78,241,182,226,100,188,224,115,159,204,222,32,18,155,68,35,68,76,116,190,216,214,245,55,22,22,21,212,46,83,220,111,89,76,91,210,163,160,142,50,227,143,254,96,126,209,167,53,189,106,195,139,63,196,178,120,101,91,27,227,246,92,14,107,105,40,164,74,239,54,77,172,107,243,177,60,223,205,5,98,127,21,175,92,82,124,122,39,178,144,123,94,104,52,54,172,6,114,101,37,50,31,103,176,78,76,25,102,210,91,191,64,39,5,131,18,93,182,121,86,10,112,48,136,12,47,130,16,167,155,26,174,62,159,42,188,106,62,139,230,230,34,211,85,96,107,34,158,21,184,216,91,43,108,73,181,116,171,138,145,18,18,238,85,136,105,110,59,220,109,84,92,168,252,192,249,92,82,104,40,168,40,209,142,6,33,98,174,33,220,107,224,5,215,184,76,239,42,183,64,139,62,234,226,18,84,3,174,170,181,210,221,110,64,114,189,182,41,12,31,0,202,232,32,89,218,186,244,71,55,0,17,97,214,44,76,156,75,170,10,118,127
116,65,14,201,11,131,173,182,83,113,188,108,96,66,10,71,91,239,156,135,85,55,158,209,2,182,29,138,164,0,126,204,233,58,208,29,174,42,74,246,168,13,98,252,49,50,125,180,195,180,4,226,41,54,243,123,218,247,180,143,134,151,157,15,45,72,27,100,211,40,51,147,189,40,144,166,61,83,202,82,38,75,224,89,57,16,27,81,231,180,41,198,101,208,175,46,159,48,91,144,156,32,11,169,151,212,66,113,100,66,233,14,78,204,160,169,102,92,174,169,42,1,171,143,51,149,90,84,69,37,120,5,181,42,118,185,102,103,111,249,135,244,93,251,39,85,118,90,242,51,79,231,209,159,90,173,138,124,146,237,238,166,50,174,128,213,237,196,164,240,119,103,122,16,189,118,244,52,79,232,182,67,241,151,238,129,109,182,43,137,33,194,78,197,128,189,32,249,19,124,31,171,172,128,163,207,200,134,214,15,165,128,72,228,197,17,89,219,18,204,9,86,104,142,164,232,46,219,42,236,107,208,212,12,11,104,93,91,108,58,44,88,210,240,231,242,114,197,8,13,147,202,76,250,98,168,231,94,150,180,49,130,124,248,207,203,9,152,224,15,49,241,34,81,108,169,88,167,222,105,187,60,210,151,208,44,0,205,203,182,36,135,158,251,37,26,235,91,93,153,210,183,16,141,203,56,27,141,138,165,170,69,8,78,117,199,21,100,119,25,10,64,167,31,31,20,22,205,222,73,209,177,11,224,7,26,129,11,212,220,178,241,123,187,253,77,77,113,123,69,5,11,153,218,129,104,144,187,65,4,243,156,154,92,226,83,218,29,177,101,177,166,133,49,159,27,149,3,190,223,127,219,61,145,102,164,90,131,17,167,37,130,70,62,82,200,181,177,194,68,161,70,14,171,197,238,90,223,219,144,224,67,9,23,144,82,204,151,94,27,65,111,193,134,42,146,162,37,25,244,3,55,3,48,35,216,183,63,130,247,250,157,77,128,187,45,241,168,100,196,86,35,33,3,76,246,121,104,235,71,112,152,204,129,28,192,101,23,179,52,83,116,119,161,252,147,228,95,78,130,119,2,19,158,8,206,117,175,85,232,48,231,230,131,98,143,45,181,199,140,242,56,114,114,153,86,97,248,179,175,114,138,127
181,57,243,66,82,21,99,31,130,228,94,201,190,24,183,25,120,231,37,19,128,87,109,243,43,183,225,62,154,241,164,153,32,160,212,20,66,200,76,95,183,191,221,187,91,224,139,124,138,50,247,239,94,49,155,44,157,92,137,154,203,67,116,122,119,96,79,93,171,151,86,0,97,168,127,105,168,4,227,103,89,3,107,9,185,44,224,187,106,157,40,156,0,243,235,99,38,192,178,9,190,20,137,126,221,150,62,235,34,192,91,168,195,245,28,31,88,60,10,96,62,200,124,96,137,104,244,192,198,149,197,208,212,182,17,70,109,162,235,62,17,240,100,40,40,155,151,37,16,20,112,130,118,40,147,133,74,164,128,68,86,55,18,141,144,121,250,79,135,2,215,208,156,134,131,132,138,80,95,183,245,152,175,98,66,125,20,200,22,42,91,182,8,61,128,14,120,224,220,118,20,135,223,14,93,123,122,75,98,27,158,89,170,39,246,68,48,173,85,64,233,111,254,163,109,176,225,73,144,246,99,166,112,86,101,58,253,209,23,80,100,134,137,219,66,75,71,84,24,224,64,181,35,108,210,243,10,104,217,186,46,150,87,136,43,248,8,54,185,215,51,107,6,93,145,99,147,4,92,49,14,43,217,224,230,72,218,218,139,104,220,200,136,80,33,193,144,13,229,170,52,125,51,54,210,210,193,178,101,20,240,25,147,112,77,29,12,39,215,204,46,187,212,30,232,55,83,73,96,225,149,55,5,187,151,82,8,132,92,95,30,229,254,55,184,135,214,94,155,90,23,76,119,156,195,12,244,1,112,37,125,109,235,81,197,206,47,103,215,220,71,244,210,65,99,236,150,120,58,28,117,224,120,250,213,23,104,95,69,158,145,120,159,203,219,52,167,40,107,54,79,252,63,2,187,144,43,174,7,73,53,252,50,214,188,209,244,5,214,244,179,156,235,0,210,19,173,121,91,206,119,54,120,185,143,243,191,191,46,120,6,130,237,210,166,121,164,55,85,241,237,185,1,10,64,61,153,28,12,153,35,80,108,191,51,161,58,131,7,35,229,136,198,140,245,14,40,198,130,29,65,13,210,195,156,198,157,182,151,16,176,4,0,52,78,230,228,18,113,101,164,22,155,107,253,88,118,244,173,247,240,34,127
21,96,85,45,146,58,227,53,184,13,127,162,246,96,8,123,0,250,115,59,98,54,71,125,68,236,214,238,19,41,27,156,194,246,3,6,188,87,34,5,205,4,74,252,156,80,86,227,113,77,45,13,103,14,132,235,206,61,153,6,123,28,155,140,73,78,205,128,16,195,37,149,46,145,242,237,47,33,110,29,187,165,194,128,244,105,210,23,94,227,15,2,194,206,168,198,222,26,206,153,250,213,93,220,107,203,181,62,211,133,205,40,2,181,80,37,57,43,199,186,121,223,30,117,83,217,43,58,148,239,160,165,133,12,48,102,46,189,3,165,190,87,182,77,166,229,65,176,157,202,93,248,173,37,209,14,15,93,175,56,43,176,94,87,27,42,211,160,4,52,61,240,94,156,161,50,29,152,183,211,61,68,136,197,209,197,155,224,146,0,129,238,222,129,61,28,71,218,201,126,0,52,243,165,203,24,237,107,178,199,71,197,36,196,144,13,146,89,200,231,21,28,7,156,69,45,84,209,27,166,96,53,113,129,33,248,216,186,35,179,136,149,102,238,37,111,96,124,66,6,244,172,55,61,58,9,103,208,193,226,47,218,24,254,177,211,211,81,211,196,96,54,249,200,201,79,28,28,33,242,33,113,174,39,79,254,238,210,218,132,181,126,214,133,70,221,87,30,94,43,248,72,41,116,211,90,19,128,20,241,252,230,216,86,49,129,186,206,19,47,145,235,55,179,20,209,121,15,50,179,147,3,83,99,221,84,233,252,60,188,180,91,75,201,75,208,42,226,37,9,22,233,68,165,14,231,93,76,216,107,87,23,51,227,78,167,113,248,168,112,7,248,58,20,105,8,70,202,26,103,236,130,223,169,112,111,165,12,85,98,15,14,58,14,158,186,80,180,171,157,65,162,175,33,68,163,132,107,89,221,211,69,217,28,101,99,8,106,75,92,143,150,245,215,159,222,130,84,225,211,229,160,151,39,13,48,53,226,218,219,38,183,12,140,155,157,229,208,233,245,34,152,50,108,118,83,126,196,89,47,64,21,167,56,253,140,130,97,119,219,174,13,71,137,36,39,76,224,81,81,199,187,211,22,161,50,209,158,188,37,203,79,94,94,179,243,58,18,127,41,148,116,1,202,106,217,8,2,52,90,16,134,127
208,67,33,224,60,250,70,193,14,213,16,206,136,238,172,212,214,67,202,169,201,165,194,174,59,226,93,10,20,69,130,197,236,148,0,199,166,44,146,98,155,15,216,142,252,245,83,165,179,224,47,118,240,184,41,59,182,3,75,48,118,4,47,60,72,40,148,113,99,184,38,105,76,73,14,148,141,101,129,47,150,71,148,60,40,177,33,43,126,212,64,52,63,154,166,218,180,77,40,42,160,103,89,205,41,171,154,243,171,47,100,26,5,26,77,16,86,175,197,68,174,149,56,248,204,213,205,16,134,99,44,216,4,18,8,83,56,231,245,30,177,179,164,243,214,222,114,148,174,138,182,145,114,86,42,204,115,219,230,181,51,76,68,187,215,236,196,101,83,37,230,13,206,136,52,210,72,141,65,76,134,16,197,230,124,19,90,57,191,109,185,216,103,75,215,211,147,171,36,12,23,139,171,91,245,205,143,25,148,172,42,245,3,50,199,218,246,212,28,126,20,220,32,142,162,8,208,30,104,181,38,113,176,107,43,69,160,58,107,79,106,154,234,66,189,205,220,67,12,125,196,117,196,203,179,30,79,92,87,72,41,155,27,215,178,104,207,127,68,152,205,194,172,121,116,248,179,195,76,97,8,111,64,140,67,222,116,33,121,8,4,250,138,14,149,210,96,45,9,48,57,219,98,91,17,82,218,99,98,92,62,191,247,108,194,78,71,254,132,125,252,32,132,242,98,155,241,142,50,92,219,3,252,184,215,63,77,26,182,179,226,33,131,90,229,209,122,222,204,10,110,229,189,166,92,198,171,69,20,77,166,147,202,3,178,207,217,157,116,142,241,40,128,36,245,74,9,118,110,87,118,123,202,18,67,71,168,243,27,132,86,209,173,33,13,172,210,64,193,117,101,243,171,134,27,80,155,131,36,204,75,15,233,233,137,126,106,90,246,67,200,165,102,222,10,79,232,32,57,254,107,66,75,137,104,44,191,103,167,167,218,161,222,82,74,145,42,141,17,243,71,109,170,30,11,231,1,110,170,24,58,116,4,176,254,139,209,48,197,201,0,154,204,147,200,110,241,102,168,138,31,252,217,103,218,209,75,17,205,51,240,199,15,179,179,188,120,230,6,179,45,42,243,155,190,252,25,251,95,26,249,129,127
143,242,52,65,249,181,230,58,98,128,44,53,87,212,142,183,221,139,77,201,162,233,146,97,3,137,96,52,29,217,217,48,116,129,136,38,175,9,169,117,58,109,23,254,166,105,142,218,172,27,66,29,178,208,54,125,173,109,150,249,60,235,105,10,142,11,247,152,163,254,165,235,236,186,207,148,9,109,48,203,71,130,66,0,37,156,167,6,194,142,249,179,148,22,76,132,140,32,80,74,219,228,217,166,96,242,29,251,129,187,140,10,41,158,150,230,91,227,214,118,183,203,218,102,226,24,112,166,226,1,223,191,55,201,173,165,124,215,182,80,124,200,68,80,37,3,179,154,174,10,184,28,108,40,155,1,142,76,29,35,182,161,151,22,218,243,23,101,165,6,69,56,221,78,129,115,12,225,91,171,76,239,168,65,185,193,18,229,49,117,139,136,49,85,122,221,31,166,131,152,112,163,216,50,244,36,49,27,57,6,229,166,116,0,78,4,72,212,143,94,155,21,63,8,221,46,2,191,1,56,70,154,156,65,93,67,103,74,162,35,62,21,219,74,117,116,254,109,177,78,9,52,150,69,126,133,247,85,76,182,167,38,133,176,71,232,45,37,12,126,215,159,174,196,140,236,68,204,49,100,59,46,73,74,230,34,187,171,226,69,174,137,138,206,174,118,145,171,211,83,232,76,131,57,131,196,142,1,25,137,46,248,51,147,187,137,94,95,132,161,222,94,30,208,104,181,154,124,149,41,31,178,210,149,93,230,228,121,167,184,20,28,72,41,205,153,42,142,168,52,233,210,218,41,165,82,69,154,34,222,145,115,134,37,250,140,241,119,50,66,64,47,7,53,230,90,132,44,233,114,67,240,239,187,72,162,245,54,163,4,83,207,163,247,78,217,200,126,56,142,44,89,116,27,62,208,126,7,234,40,127,11,254,189,158,104,43,7,12,192,17,63,139,193,215,227,73,38,63,82,204,45,143,30,43,203,115,108,165,181,173,96,202,222,181,25,147,28,125,225,127,55,63,63,57,138,95,235,107,185,26,191,192,113,205,4,150,109,129,19,178,24,236,254,210,183,191,98,94,65,242,18,211,166,147,110,114,249,92,39,122,211,138,49,125,33,126,218,208,166,26,135,6,27,108,51,230,176,45,164,231,230,127
187,202,210,93,121,252,28,108,146,70,60,89,171,188,174,194,81,8,78,54,115,231,127,46,247,44,65,26,212,130,46,121,227,243,129,107,83,130,22,225,213,253,73,103,246,210,40,64,78,85,75,197,58,185,219,221,19,78,229,197,95,112,252,54,40,47,151,129,238,210,201,22,167,164,88,183,149,185,5,136,196,142,242,51,175,49,204,190,225,110,215,65,47,122,206,123,41,93,77,142,77,241,72,237,114,73,110,67,52,239,39,244,156,52,5,63,109,101,224,201,74,240,180,231,194,248,188,183,93,228,248,8,127,212,71,82,139,186,238,113,225,243,188,107,25,181,76,198,160,79,55,21,247,22,153,137,200,93,212,78,213,31,196,251,114,136,109,177,247,119,42,87,5,157,112,164,102,54,233,51,14,192,5,98,47,37,240,195,90,107,22,145,16,244,158,224,185,23,208,236,175,34,139,201,160,11,121,17,204,31,152,168,177,58,142,60,249,49,144,43,10,238,27,253,158,17,209,52,116,209,62,250,183,124,157,174,88,50,188,110,136,204,71,43,121,145,223,90,28,150,174,157,16,48,40,128,217,80,239,218,28,127,121,130,235,201,105,149,100,47,191,5,4,0,63,213,115,198,130,169,71,82,179,84,133,152,204,122,54,237,117,6,249,179,75,147,153,193,14,230,248,26,2,142,46,90,39,126,233,168,118,147,232,0,199,7,36,17,63,172,135,35,124,35,76,66,127,188,61,72,246,113,70,46,172,176,141,30,90,92,241,57,117,90,14,94,208,207,19,102,58,205,77,16,214,55,178,236,189,20,188,80,235,238,176,211,84,240,223,76,77,125,215,5,197,205,30,1,201,24,200,149,210,160,110,71,172,112,224,77,87,48,66,161,160,130,42,94,131,45,136,242,77,59,86,161,202,155,118,31,158,47,196,243,50,26,74,192,76,97,27,192,221,65,46,116,85,222,9,105,141,217,169,70,186,207,116,179,121,235,12,25,164,76,216,42,69,40,187,140,33,93,235,41,156,235,20,11,17,243,110,47,209,54,95,200,90,225,51,17,235,175,15,138,72,66,184,124,177,30,151,211,76,93,156,61,102,217,112,213,211,1,219,2,232,91,229,109,234,189,58,148,105,200,188,82,138,118,53,238,13,101,127
204,225,12,197,72,2,181,95,52,35,120,173,9,193,21,64,220,201,102,28,91,12,197,55,236,244,10,158,131,229,90,44,206,221,111,212,131,155,112,73,150,168,233,149,70,56,195,177,2,172,152,203,197,19,84,238,51,78,151,63,92,212,238,110,182,197,229,27,60,91,189,230,81,4,149,70,86,193,169,210,243,49,82,253,214,18,58,166,234,135,4,33,252,94,106,235,152,188,209,9,8,132,252,42,249,84,227,107,234,216,206,76,184,43,23,143,61,76,227,180,146,22,161,169,110,38,102,69,254,93,189,23,219,189,37,240,131,254,182,162,7,17,203,84,84,198,1,78,58,56,22,71,81,149,112,73,67,220,245,192,167,1,6,183,132,161,67,120,129,4,43,99,99,75,64,183,38,67,25,83,245,197,98,15,92,204,70,31,238,5,151,248,119,120,210,43,107,152,202,252,117,246,67,247,130,110,112,109,206,61,182,212,248,196,13,198,149,65,247,212,184,70,45,121,251,44,117,42,139,83,169,61,233,73,208,108,13,79,68,43,138,97,159,222,252,141,26,200,27,249,119,45,67,205,179,221,129,117,161,194,227,31,236,186,16,233,189,102,14,138,201,172,204,104,3,251,202,55,235,61,120,116,11,115,80,38,41,250,247,104,203,166,81,187,37,177,201,134,42,32,6,28,200,96,45,140,7,254,147,120,162,81,10,11,191,181,75,134,6,87,37,116,64,165,15,1,190,107,52,193,68,75,127,72,153,115,235,56,89,139,62,172,3,54,4,148,7,218,176,249,51,194,226,208,104,168,133,173,97,219,18,147,40,37,3,11,115,78,222,201,34,85,55,88,92,19,184,80,176,215,41,245,242,169,192,123,91,92,44,112,146,232,202,121,15,55,176,120,171,133,2,77,186,163,80,88,34,231,214,114,202,137,242,63,47,249,186,164,180,69,67,206,69,63,98,130,142,48,85,112,161,8,110,246,6,224,100,123,254,186,84,73,202,108,165,137,24,197,145,105,4,62,3,143,214,244,226,9,86,253,204,177,146,92,178,86,254,56,81,17,182,123,29,44,70,29,230,193,248,188,81,127,16,25,84,184,130,179,53,92,164,231,198,44,84,39,195,225,242,89,153,208,128,61,60,182,229,36,148,77,0,13,127
50,220,127,224,75,236,72,100,157,250,220,207,48,181,39,236,66,37,187,101,28,16,105,177,227,98,206,197,94,68,82,252,120,113,77,128,162,39,233,47,142,39,64,216,135,121,145,39,215,181,44,227,224,112,91,110,96,192,128,47,61,209,154,227,35,204,42,177,248,249,173,65,128,222,193,62,111,229,127,229,16,72,163,1,18,159,220,194,55,129,100,92,31,115,130,204,211,81,243,238,27,58,77,40,13,64,142,245,70,183,241,145,60,124,32,90,254,81,13,233,231,213,23,71,223,171,104,209,9,200,114,141,8,154,95,165,176,228,109,124,242,184,37,165,254,71,202,76,52,147,175,182,175,11,230,4,125,105,115,171,82,197,250,109,220,94,181,237,39,189,63,159,115,161,29,36,136,71,68,114,40,88,168,237,8,67,249,241,59,168,123,166,214,117,35,22,80,78,168,202,127,39,76,30,119,106,128,228,91,12,29,209,55,3,224,236,165,232,163,119,218,192,211,234,247,230,221,105,28,6,131,33,169,65,127,27,93,184,158,50,102,127,198,65,230,21,130,86,253,13,72,115,230,66,125,10,227,186,61,65,251,201,67,47,23,234,251,0,219,97,4,71,165,235,13,16,195,169,211,182,161,152,184,136,85,84,70,223,131,90,19,92,204,61,95,137,222,146,63,185,138,23,220,18,94,75,137,129,141,92,172,39,164,6,93,152,191,17,254,3,98,206,28,80,27,225,133,234,44,221,111,41,197,216,236,250,250,123,126,33,137,67,230,147,181,33,183,201,74,14,77,47,27,64,140,52,70,60,221,144,71,29,52,242,246,191,16,250,72,3,65,161,40,192,232,2,209,252,174,131,172,138,188,18,91,128,34,112,94,138,252,176,125,234,251,202,226,32,60,235,183,90,93,245,183,155,113,115,22,179,178,82,188,211,68,236,178,162,186,194,166,230,250,40,39,60,43,160,236,22,37,189,222,37,159,204,151,45,36,139,249,26,12,34,51,222,29,78,142,132,232,100,98,14,184,34,158,112,250,184,31,50,44,66,250,164,250,73,224,145,153,18,46,200,235,187,221,24,239,23,114,88,164,251,57,144,220,107,129,30,127,231,175,92,85,110,202,228,97,19,134,173,196,16,159,209,218,174,182,202,93,69,127
49,150,237,97,30,247,84,198,124,211,94,180,198,213,140,18,32,39,171,76,95,88,0,104,12,131,199,193,42,4,36,87,177,184,39,211,224,120,221,107,176,116,189,67,56,145,95,70,96,145,78,123,101,63,29,248,65,47,212,163,170,8,219,234,214,113,19,136,205,84,97,229,254,170,64,108,20,127,211,1,91,82,222,1,247,3,136,221,103,214,175,149,96,42,82,109,247,227,217,6,42,99,179,27,18,165,153,138,77,58,29,188,87,57,77,33,0,180,159,110,18,104,28,166,128,40,67,137,31,130,175,52,206,65,3,189,54,179,222,191,133,243,170,227,99,26,185,205,11,251,234,97,51,99,177,65,64,12,216,167,21,102,109,109,184,182,172,64,171,244,222,42,162,43,136,181,102,50,171,210,102,175,230,93,203,79,35,17,23,64,188,164,32,183,68,94,102,251,29,177,92,59,229,222,174,124,244,70,226,170,137,13,114,166,118,216,253,181,237,51,232,227,6,143,126,30,123,139,28,73,149,175,56,183,63,171,166,217,17,97,229,104,200,213,84,79,147,62,38,14,164,96,15,122,39,108,219,117,101,253,200,249,89,107,0,23,33,138,243,79,61,97,97,155,230,148,248,38,184,211,132,10,94,220,217,235,213,49,106,27,7,243,129,120,5,227,60,96,166,93,83,87,141,148,34,218,234,215,147,128,168,144,36,147,64,52,85,51,54,177,228,157,96,178,76,194,229,163,254,44,184,62,98,223,123,187,250,102,119,76,82,18,33,112,251,171,165,223,60,237,234,161,185,65,222,197,118,252,83,133,211,128,108,75,171,139,123,25,72,213,65,164,189,118,134,15,160,190,74,219,153,154,148,57,54,89,131,101,5,241,116,134,178,28,97,23,237,240,223,158,152,196,5,201,18,32,162,221,109,212,2,70,26,151,61,3,61,58,205,75,17,177,73,136,29,226,142,237,237,234,32,62,113,38,36,2,243,194,203,138,49,176,51,173,157,91,198,215,106,215,130,93,182,198,219,5,173,189,189,94,151,177,154,159,8,154,99,33,5,79,23,25,172,9,13,78,212,230,150,74,2,162,90,180,154,42,9,127,29,130,143,232,43,28,128,138,178,229,250,240,7,44,34,193,221,40,124,22,223,216,58,76,127
42,136,45,225,37,20,95,25,112,2,139,27,207,128,18,178,203,104,222,92,138,131,250,3,158,219,65,72,22,151,3,46,199,96,47,200,16,124,7,67,161,58,71,20,241,172,91,125,133,12,236,188,240,143,134,45,24,207,195,80,94,197,208,196,27,241,185,34,87,48,17,105,121,12,132,101,245,162,144,25,209,24,251,8,79,217,108,22,98,146,49,50,58,7,4,154,244,106,23,51,110,109,56,131,42,84,26,206,164,206,203,236,36,41,223,88,163,143,252,118,184,214,221,51,151,90,252,65,87,251,119,57,36,123,109,34,192,197,38,194,19,114,17,83,42,136,46,37,125,235,33,249,1,139,251,74,198,5,91,222,6,73,40,120,224,201,37,236,252,234,116,140,180,103,55,196,62,8,251,24,153,155,161,31,99,75,129,150,129,206,125,204,15,45,207,85,188,45,236,233,216,254,20,84,100,59,44,125,239,124,195,239,188,43,57,57,245,254,202,137,235,104,233,238,66,240,181,147,195,60,103,25,25,214,23,23,161,180,108,185,238,7,167,223,126,105,12,150,199,137,46,224,243,35,226,225,145,9,49,9,116,82,231,237,63,149,110,146,38,34,74,158,65,230,150,202,67,37,250,40,226,211,103,136,130,181,122,247,223,64,246,216,97,234,199,19,168,94,229,48,21,92,184,150,165,192,53,176,34,49,248,36,206,178,10,95,149,234,201,46,69,78,138,151,55,97,178,48,42,64,238,158,224,104,58,147,57,16,189,133,138,181,111,216,35,236,168,162,17,19,200,141,66,134,10,3,70,74,101,130,174,13,117,151,108,70,18,251,232,102,170,0,189,21,207,250,67,109,16,50,197,158,200,190,163,21,250,8,187,201,38,159,156,79,86,103,189,212,5,89,156,87,12,195,193,74,0,67,203,17,131,220,155,197,209,30,152,83,201,5,166,232,228,56,89,40,109,100,120,212,51,27,6,190,193,0,217,221,167,109,212,33,96,114,238,40,80,103,208,136,73,245,213,170,71,133,82,93,155,12,12,221,129,159,170,157,123,188,114,136,62,108,253,117,48,244,135,186,32,53,117,178,59,29,69,219,126,18,184,80,245,228,141,39,90,177,217,146,19,87,96,161,229,83,132,250,82,7,137,33,54,233,127
60,176,168,171,157,206,20,3,120,251,55,159,113,236,245,85,153,7,204,131,0,23,242,168,222,205,149,145,250,18,39,113,217,186,119,115,92,140,110,123,254,137,148,132,73,166,19,201,79,81,161,84,34,16,109,205,36,24,18,141,51,0,148,110,133,158,76,25,20,12,182,164,7,108,67,175,52,220,122,44,166,139,195,66,122,59,165,166,58,147,179,172,3,113,210,177,133,141,42,31,81,120,57,174,174,185,22,57,48,199,182,79,126,225,70,226,96,162,211,229,59,169,214,54,45,233,146,204,127,18,17,151,145,62,206,28,24,1,62,21,244,119,172,161,106,59,64,35,6,197,139,75,136,13,192,101,227,127,148,113,143,30,242,72,210,222,99,65,47,57,60,198,151,249,172,37,42,232,181,88,0,154,79,187,173,240,204,133,90,252,195,52,207,105,40,13,117,167,65,47,140,73,17,177,97,144,8,94,94,116,158,76,162,224,165,156,250,194,183,182,182,33,77,227,148,80,3,123,218,72,126,13,157,211,105,160,147,252,198,186,169,56,86,101,152,34,161,34,140,227,227,149,93,103,98,168,188,182,5,151,188,239,215,25,17,94,241,59,155,56,234,167,113,39,92,124,105,125,182,96,46,205,73,133,137,168,174,112,43,189,72,223,52,8,229,207,94,130,244,108,64,87,37,127,24,138,133,70,0,118,208,45,20,204,50,34,129,230,143,243,19,244,2,240,144,54,172,142,167,121,136,74,247,52,242,152,183,136,233,214,228,0,180,73,108,16,112,102,228,72,234,122,19,244,111,43,254,166,167,194,205,80,17,132,153,43,119,145,246,55,62,140,235,178,23,148,235,190,106,162,12,53,223,198,75,43,88,127,171,84,254,9,227,82,216,183,141,182,9,70,253,55,191,76,178,206,18,135,159,48,82,173,208,242,49,60,118,52,172,140,67,234,98,82,81,87,235,229,39,5,158,250,219,52,24,75,207,207,124,206,74,222,49,74,150,57,147,74,167,103,32,130,74,9,25,117,196,192,223,170,58,141,143,41,14,237,196,204,87,0,158,112,140,214,224,84,90,177,207,211,101,227,111,249,161,153,196,56,245,17,206,105,95,180,155,156,33,145,152,205,174,253,118,178,165,142,168,119,239,3,238,94,127
12,60,130,39,32,148,52,50,68,170,29,23,137,152,174,203,125,65,173,128,238,132,212,143,40,77,42,12,107,236,38,53,215,253,168,94,127,208,56,8,150,110,64,185,119,123,58,144,79,32,82,60,53,3,102,107,82,159,250,193,27,58,58,202,153,211,81,99,92,49,112,27,171,174,162,72,146,185,165,65,113,118,176,169,0,128,10,118,102,202,177,248,76,32,243,207,145,214,251,2,95,122,162,219,153,156,143,98,75,162,228,73,130,16,88,128,49,248,154,37,13,183,38,243,41,153,219,174,235,34,49,144,101,23,114,210,140,155,178,158,187,237,58,10,88,79,33,81,69,127,167,104,181,77,115,105,191,245,187,187,19,229,128,178,115,141,240,82,158,146,15,11,103,18,67,252,48,190,89,197,158,101,149,69,163,215,67,153,211,110,171,226,20,59,153,68,226,195,139,254,111,4,110,207,238,244,242,25,148,22,130,118,231,105,151,35,234,87,200,128,118,212,180,2,40,199,229,47,179,183,6,236,20,60,147,8,212,123,30,74,190,103,101,190,64,181,133,208,7,40,131,116,128,212,232,127,201,55,164,230,62,216,165,12,78,208,200,111,133,248,23,149,114,215,148,205,198,69,136,106,163,46,97,226,158,22,169,141,204,29,173,147,205,220,152,229,155,102,114,240,225,208,225,114,118,104,153,111,244,204,27,253,205,86,187,163,101,5,108,17,136,119,79,12,99,112,235,172,87,164,70,14,60,176,111,76,253,188,15,159,107,41,226,180,225,61,18,125,5,8,102,81,52,230,227,158,231,124,102,226,28,89,107,77,5,250,224,139,214,170,142,93,17,115,185,132,244,54,22,24,183,162,193,150,107,58,45,79,131,173,145,247,247,36,45,118,140,2,104,61,137,31,84,96,112,120,128,194,244,55,77,85,84,242,31,237,141,86,69,207,154,206,10,51,160,197,25,239,28,75,222,145,69,23,56,175,103,78,81,0,133,58,161,199,215,138,60,22,87,74,86,166,193,134,102,253,13,190,175,92,216,163,211,82,211,217,81,47,80,202,30,227,247,253,190,14,141,17,120,64,54,28,144,27,182,20,160,187,49,57,30,104,13,199,118,237,1,12,72,70,32,154,6,238,72,97,165,69,13,196,137,106,127
40,118,78,144,160,54,168,223,247,248,66,98,64,199,215,139,18,236,190,120,115,206,235,222,66,127,108,36,153,112,27,180,17,65,83,146,49,30,119,125,232,180,46,248,108,201,163,72,60,67,42,170,201,79,38,9,56,34,157,176,89,154,55,217,175,30,35,120,200,153,244,141,83,9,230,214,75,108,102,51,120,146,92,147,149,9,93,142,200,205,85,25,190,38,108,192,74,198,36,134,26,241,96,82,41,24,228,6,153,54,167,96,43,138,2,79,230,57,9,89,136,211,81,152,145,101,18,58,8,242,148,180,254,241,9,175,109,163,12,175,21,228,235,154,179,50,100,57,210,139,221,176,62,248,10,138,216,75,72,132,35,6,200,135,125,62,38,245,153,171,69,206,18,0,119,117,134,146,32,193,72,153,39,176,88,249,108,243,211,116,1,190,187,125,106,116,254,27,69,0,236,139,74,106,35,50,4,223,185,60,158,205,80,79,193,112,203,1,85,250,199,194,125,25,14,141,104,34,137,220,18,66,145,224,36,177,122,122,219,146,251,30,20,196,146,117,49,23,47,154,254,12,126,137,129,44,153,18,154,176,134,53,138,62,238,87,141,112,204,35,86,142,41,6,154,55,157,136,24,72,147,44,12,215,145,39,82,5,131,68,135,61,127,194,68,174,62,29,35,127,26,187,210,49,160,125,121,0,147,127,172,33,180,130,12,77,209,118,90,59,138,164,43,37,131,237,100,38,52,215,180,157,202,57,15,241,136,228,245,252,42,163,241,88,1,214,41,144,145,55,67,144,57,59,87,144,141,146,179,195,18,1,90,10,177,55,231,196,62,207,28,61,89,20,108,172,31,236,241,196,232,135,193,103,195,145,56,217,248,82,223,45,172,218,111,148,40,64,229,111,8,72,91,174,75,27,74,23,67,117,202,249,12,186,40,19,235,0,7,254,66,113,105,216,3,181,103,152,66,228,91,20,98,122,108,63,159,96,166,145,106,120,182,78,168,63,127,88,160,189,151,166,38,39,249,194,25,13,165,35,76,211,91,233,119,7,236,245,208,21,90,33,184,249,16,186,171,143,89,204,47,248,165,86,88,237,99,232,229,201,187,188,208,185,73,170,84,135,16,128,131,195,230,163,245,72,122,128,166,251,61,94,127
82,103,179,110,151,177,133,139,157,156,39,229,100,48,15,11,233,244,68,35,185,117,201,252,106,181,47,66,127,246,100,151,211,99,32,254,3,235,88,20,139,60,46,188,219,73,123,103,199,111,162,186,111,195,27,127,16,245,236,56,232,83,228,133,47,162,248,227,212,105,170,235,217,220,196,50,73,61,241,193,43,127,146,127,59,227,155,117,65,191,225,136,28,240,74,89,187,237,218,200,168,79,80,105,130,162,103,49,205,0,214,118,64,14,237,225,37,146,67,89,54,141,59,82,222,237,69,31,233,120,175,249,227,218,33,126,174,98,233,68,104,58,237,252,211,149,107,16,10,62,85,13,93,153,254,100,111,179,109,127,66,115,138,140,216,211,22,52,113,86,180,235,100,210,72,45,153,198,58,231,51,93,131,161,50,154,96,109,88,32,120,127,213,204,177,23,95,18,34,62,43,147,64,172,211,144,195,182,132,200,84,200,161,214,253,171,221,119,119,150,181,23,52,70,112,116,220,196,5,121,150,96,118,239,218,181,60,32,59,225,175,24,107,14,116,5,22,222,249,89,106,136,85,178,179,204,193,93,133,19,109,250,42,232,190,115,180,4,17,65,189,162,104,237,205,132,35,173,76,206,56,141,121,102,120,94,142,252,8,78,187,179,227,64,96,165,176,97,250,18,229,228,146,179,13,24,96,186,144,0,75,88,97,110,207,161,62,111,30,208,188,123,74,141,143,145,179,170,164,154,190,227,32,75,164,242,173,21,214,152,242,151,47,168,242,44,61,49,48,68,47,139,72,26,36,4,216,217,221,88,218,202,97,56,69,106,57,9,211,198,156,140,172,250,176,122,64,38,39,144,45,51,229,23,9,121,182,155,77,27,82,167,161,192,78,232,86,199,116,74,215,57,29,73,138,241,49,28,212,32,100,97,221,88,53,20,12,140,42,239,110,240,174,115,36,167,115,121,64,48,67,60,58,68,40,43,189,5,26,147,20,9,130,214,123,253,39,37,40,236,42,198,221,204,123,207,136,12,74,4,40,125,16,121,205,25,229,225,108,203,189,119,180,207,20,126,168,253,37,40,96,119,24,178,69,186,137,201,219,39,192,187,174,16,175,210,120,55,5,28,54,226,207,109,159,167,229,150,160,74,10,31,127
116,50,67,54,119,119,120,126,121,149,170,20,179,210,203,184,47,223,134,24,16,1,167,154,0,98,184,78,14,200,108,145,65,66,11,35,203,139,239,178,38,216,204,73,2,110,91,52,191,18,29,213,111,60,165,63,52,34,28,103,97,217,91,97,132,76,165,124,166,61,211,204,90,166,125,184,139,162,111,162,100,58,17,230,207,8,108,226,66,27,220,228,75,18,229,252,74,244,116,59,170,70,221,159,64,91,181,127,150,197,103,253,153,32,223,63,252,197,185,239,94,72,246,26,128,82,127,189,242,204,193,136,98,22,237,186,115,170,134,5,250,208,65,150,12,254,169,1,72,191,133,175,23,153,188,178,44,137,221,53,158,211,44,71,254,11,27,174,122,12,29,143,215,84,1,158,48,116,253,120,7,132,14,14,223,20,143,23,50,187,204,97,245,63,160,77,107,231,11,89,106,182,219,223,183,17,120,0,231,149,26,127,204,69,97,173,233,198,26,210,192,30,125,80,165,0,200,222,148,92,112,48,187,100,90,122,1,240,71,220,251,45,36,97,195,80,167,232,215,162,176,51,174,229,121,88,88,65,41,215,84,196,123,190,157,148,21,43,58,28,133,202,159,167,196,237,203,210,57,245,173,114,49,8,148,233,195,184,119,49,162,117,89,145,142,60,234,9,36,163,227,23,35,1,49,82,134,106,181,251,23,45,19,135,211,144,149,162,156,100,51,106,117,103,213,221,158,108,163,229,126,59,100,23,142,40,30,123,64,253,38,92,181,142,68,243,61,239,73,165,71,62,10,212,36,241,183,171,122,40,142,247,210,190,24,136,210,201,192,48,53,143,100,28,176,85,91,112,31,122,163,172,168,184,106,87,72,219,112,217,234,33,1,33,149,91,101,44,178,124,72,191,51,144,245,203,23,67,13,236,253,156,33,61,96,185,235,146,11,128,157,148,199,31,55,181,59,7,31,5,90,242,138,112,87,26,186,156,225,245,96,53,4,51,23,95,203,169,135,168,241,41,240,173,89,220,215,197,157,179,221,244,207,47,2,195,204,68,92,149,174,222,163,77,135,122,18,162,12,24,65,72,187,28,187,177,74,17,193,172,91,176,5,103,15,188,242,37,25,86,246,113,184,83,128,201,7,24,0,191,54,10,127
195,193,80,59,249,147,161,137,196,188,26,24,69,45,240,161,118,233,39,238,239,198,198,203,61,153,178,51,44,188,247,39,192,222,114,77,120,11,63,128,247,93,127,112,69,88,238,219,40,229,161,167,186,154,47,178,44,40,20,215,165,66,70,163,74,30,71,201,157,75,24,99,207,213,127,114,230,215,172,183,185,141,224,15,55,178,147,83,23,220,79,121,176,108,207,3,30,198,115,236,128,154,62,160,117,136,211,188,254,242,64,118,92,4,208,0,210,29,218,226,226,62,195,195,155,244,72,167,69,147,188,67,148,145,100,8,168,67,254,105,116,201,177,177,104,249,11,231,243,19,215,215,3,46,216,249,2,155,168,176,219,105,33,76,37,164,164,221,113,239,176,128,247,39,204,193,26,249,72,12,114,192,241,212,93,166,110,224,81,201,227,231,52,11,35,241,187,91,105,124,220,122,49,91,248,43,193,227,233,79,23,69,19,100,63,232,71,141,127,129,96,111,242,56,229,19,66,161,3,252,55,54,8,71,70,187,5,251,158,149,2,227,136,151,201,85,21,217,137,110,145,219,247,10,140,105,79,175,252,55,152,216,120,164,213,57,114,253,129,54,171,127,17,209,49,104,27,191,163,38,180,193,143,143,48,58,69,105,98,196,235,46,105,155,168,124,10,6,48,38,134,117,114,107,213,149,158,55,109,250,214,39,208,117,232,80,240,127,219,126,180,10,226,197,192,204,61,184,242,79,252,66,55,146,220,1,55,53,179,173,209,190,146,134,29,234,83,108,49,183,145,178,170,206,216,189,213,54,79,92,177,105,122,57,131,200,44,119,193,229,250,152,22,172,222,3,217,2,139,235,235,91,202,160,1,30,151,101,176,54,144,10,96,21,215,114,102,25,143,138,249,131,99,220,233,127,239,192,82,225,239,24,115,29,148,72,19,122,32,159,251,73,169,215,211,238,37,125,182,101,161,152,220,224,208,77,80,57,243,64,118,239,93,94,254,93,91,36,184,113,2,22,216,232,191,26,120,24,17,29,14,104,201,94,161,157,158,202,176,171,147,178,159,91,181,148,56,57,217,226,46,152,173,22,216,128,136,88,188,226,33,77,230,100,224,250,120,9,87,6,5,32,159,158,158,232,125,37,216,212,149,153,127
70,124,64,75,203,252,28,72,59,98,189,47,174,141,109,196,175,139,99,204,67,245,208,83,171,135,163,142,83,82,164,134,212,124,183,8,68,8,206,254,190,76,152,28,142,238,65,252,53,166,54,61,38,239,52,218,189,99,228,49,242,24,220,42,154,138,213,232,23,239,8,186,33,56,82,184,21,126,200,223,22,103,41,91,168,105,94,51,243,11,88,23,126,252,216,199,142,12,235,18,129,153,250,153,84,243,61,224,67,57,142,220,121,220,234,105,54,94,208,10,119,64,184,113,61,52,196,24,212,17,148,134,100,202,112,84,155,239,131,68,52,115,32,242,227,91,231,121,46,65,192,155,114,233,136,217,133,170,66,48,227,206,54,239,5,78,231,241,172,249,240,112,131,31,123,46,130,169,224,93,118,25,24,92,120,46,243,172,104,112,166,88,223,65,7,81,242,177,65,112,18,7,21,97,68,19,148,30,116,235,142,8,36,94,70,185,173,64,191,66,95,176,118,3,146,44,21,62,34,168,127,7,57,228,105,138,58,15,158,81,84,128,206,185,195,92,228,163,1,146,254,132,61,29,233,143,89,133,230,159,138,198,29,116,102,223,160,37,167,133,188,78,228,14,216,212,146,149,219,154,148,130,211,52,189,148,139,117,145,198,68,138,114,19,135,121,203,224,196,245,247,210,12,49,128,122,113,17,166,81,181,57,245,150,151,157,45,240,166,254,87,9,183,216,204,188,254,231,20,134,4,136,162,236,131,209,143,215,80,144,234,12,153,164,16,242,178,234,166,201,76,100,15,73,215,170,127,146,243,114,116,144,232,30,26,243,212,44,39,115,174,28,30,131,39,99,36,62,42,162,200,41,197,52,133,101,94,138,98,73,0,17,181,172,206,182,127,104,163,165,231,181,113,66,59,104,95,101,3,191,81,25,18,216,118,86,212,16,52,249,189,166,166,146,230,16,58,201,134,137,232,241,34,126,203,166,44,199,96,118,7,73,40,95,196,237,155,85,251,229,198,155,226,216,99,224,8,170,215,205,229,112,31,7,174,101,119,200,202,181,12,36,209,173,26,209,100,174,92,197,91,55,86,172,25,184,32,214,242,149,178,228,92,135,189,12,7,51,93,213,30,20,3,53,88,72,71,158,119,229,248,50,127
18,108,188,135,162,58,170,200,203,184,241,64,107,108,194,95,56,86,218,164,74,43,117,222,55,51,167,4,244,142,186,5,64,228,191,250,145,28,130,143,218,180,244,109,90,193,211,67,241,251,16,128,73,78,51,246,92,76,109,79,88,239,174,125,108,250,170,20,62,46,134,161,233,219,112,131,42,114,164,181,134,225,239,40,247,230,84,57,243,148,38,150,108,104,139,36,242,28,180,125,115,87,127,25,183,62,24,179,49,90,163,173,173,210,150,242,208,16,135,21,214,192,214,129,44,208,222,213,154,182,233,182,110,54,250,43,37,208,106,211,222,112,195,38,195,13,108,4,54,175,3,45,158,248,131,211,66,98,185,204,159,163,156,160,29,237,142,89,245,93,100,106,99,81,55,46,10,183,195,132,59,70,47,95,137,220,112,87,127,180,199,235,16,79,135,177,137,6,8,195,230,208,145,65,206,242,170,190,215,137,216,149,161,4,246,104,238,87,81,57,73,141,88,141,122,107,87,200,209,175,37,18,237,10,167,168,106,245,121,79,219,239,253,163,4,187,225,181,108,99,178,76,117,162,119,141,220,55,125,145,226,6,11,57,131,51,144,235,23,63,48,244,249,168,216,103,195,112,187,245,201,110,89,115,148,172,27,200,200,83,125,152,122,212,102,114,77,190,246,14,124,54,151,198,33,135,245,85,129,83,50,14,205,184,240,55,130,46,237,234,204,166,56,105,153,150,53,179,221,73,173,75,222,33,207,220,30,243,60,225,132,126,170,244,213,221,186,16,230,129,26,64,189,61,125,103,56,57,233,48,217,170,63,73,180,89,235,246,209,252,194,49,24,214,126,118,81,31,169,177,227,151,11,246,58,137,248,43,196,43,191,157,150,47,198,3,61,91,145,199,123,180,23,120,121,115,78,149,229,84,24,199,18,104,58,35,137,218,132,241,167,194,217,94,52,88,64,254,53,248,72,66,156,61,134,241,86,176,121,29,147,162,87,232,81,114,109,150,242,61,193,231,224,37,113,20,10,113,71,94,97,250,132,34,210,159,61,229,60,247,126,203,66,92,121,81,205,234,28,157,229,134,186,249,182,184,220,182,227,4,223,80,243,129,93,79,60,235,175,232,137,178,163,198,168,152,164,51,221,218,241,235,127
252,156,133,117,69,140,48,202,26,46,29,12,27,6,114,82,233,101,145,102,143,31,138,130,185,108,22,0,134,210,183,245,52,191,252,41,35,85,207,3,159,194,58,60,228,48,114,75,248,162,214,166,241,176,23,42,177,174,40,191,71,147,249,77,225,147,18,62,181,224,129,56,207,125,67,179,58,253,57,188,229,207,222,181,251,1,142,180,145,234,29,232,46,148,202,123,133,197,41,70,214,201,80,9,78,221,112,93,69,90,222,192,250,113,135,100,132,64,50,225,72,9,80,250,145,181,33,206,188,64,184,118,41,235,40,161,241,137,83,124,17,5,113,57,176,8,30,22,83,63,180,51,110,24,236,69,252,179,23,202,252,162,254,202,182,53,214,167,120,6,54,127,201,244,241,136,181,68,65,40,98,210,223,129,227,202,96,250,188,142,156,78,104,134,188,63,64,180,10,132,19,66,220,175,96,18,111,86,195,158,232,174,67,99,114,62,215,214,253,192,249,35,236,247,183,22,79,181,243,24,207,141,213,4,203,100,120,228,219,41,89,212,242,174,245,117,8,104,29,234,35,32,211,14,127,141,250,38,225,239,134,245,116,246,86,23,186,105,14,239,5,184,100,237,94,43,122,214,66,38,79,56,147,103,40,4,18,118,30,246,132,1,105,199,68,209,72,28,66,120,99,212,237,139,49,123,141,1,35,169,195,38,77,239,117,48,114,77,18,10,33,210,112,85,159,24,207,232,114,68,56,182,4,55,173,22,38,254,135,112,232,250,132,58,243,87,225,239,157,162,153,134,10,134,133,203,111,27,125,53,132,65,7,122,236,64,103,90,5,180,168,208,176,99,206,84,143,9,66,138,214,170,88,239,241,206,116,16,118,15,170,229,6,28,120,106,137,208,130,180,27,125,6,15,210,127,203,248,189,243,211,0,207,17,84,158,27,120,43,43,242,161,189,104,196,152,113,186,146,110,73,17,117,79,159,207,70,170,41,160,112,217,204,192,133,49,241,204,120,118,226,72,130,97,94,176,40,146,221,138,60,127,135,218,135,62,252,122,203,7,12,113,165,41,75,60,143,68,253,182,155,203,187,166,156,80,249,50,229,159,102,200,37,195,178,132,166,202,169,13,134,240,86,71,248,90,207,120,79,248,168,237,127
56,83,247,246,47,121,195,250,102,4,90,91,57,156,191,40,59,232,102,104,96,217,219,223,151,163,195,130,48,128,87,177,199,91,157,210,219,15,74,94,236,206,243,102,68,61,168,90,18,195,253,166,216,136,174,126,173,210,193,25,96,143,113,213,118,107,163,61,66,37,176,155,178,126,130,142,180,237,153,29,63,244,0,12,65,190,106,106,114,182,90,68,231,165,164,218,199,85,26,106,62,249,154,252,89,128,245,199,161,43,166,91,132,187,106,177,71,196,92,200,46,209,64,17,43,199,114,152,115,214,215,33,142,231,94,123,116,114,207,252,173,151,184,137,247,183,59,46,168,182,86,224,238,224,76,152,133,197,218,1,50,219,169,42,117,39,14,217,63,94,110,62,181,36,140,215,229,113,114,130,107,48,151,156,19,167,169,244,146,247,145,165,171,120,89,247,7,112,84,157,89,249,113,32,200,159,233,32,244,28,5,129,158,244,72,87,253,64,200,166,33,188,174,139,136,192,28,29,201,80,133,93,93,248,27,176,55,67,10,221,237,170,176,212,253,41,229,205,55,69,130,36,213,162,227,85,136,237,32,40,75,157,73,80,134,170,6,250,223,38,168,98,81,250,58,108,186,181,140,86,225,91,187,120,113,231,78,50,161,181,8,5,94,115,188,188,201,141,92,224,182,126,215,250,220,252,120,113,231,31,83,223,230,174,102,50,196,207,148,242,178,20,186,177,18,185,226,41,14,132,90,73,160,233,16,175,104,214,18,217,177,115,13,71,12,102,77,107,214,208,90,176,233,32,93,71,34,47,116,92,242,36,153,242,246,42,142,98,15,84,43,156,168,44,198,153,189,41,128,234,187,199,183,195,64,208,198,23,36,133,13,48,248,168,103,227,205,136,84,244,128,63,135,163,51,124,111,226,31,125,216,51,184,78,101,25,219,119,103,250,227,67,90,102,210,23,176,21,153,232,123,228,19,58,15,151,160,228,0,81,253,149,87,9,65,89,22,79,177,195,48,158,179,212,143,158,247,70,75,85,93,205,194,20,197,178,64,128,197,101,128,177,96,64,217,79,124,146,37,36,64,227,12,205,82,87,117,28,226,152,92,6,182,247,245,137,78,70,235,112,232,204,232,48,136,42,53,224,107,127,0,194,127
98,169,62,69,71,224,126,222,176,57,89,51,222,70,149,204,247,59,177,169,211,84,112,217,30,173,189,1,142,20,79,18,50,34,236,250,31,178,21,113,157,199,229,107,235,208,230,112,233,52,239,213,227,118,121,9,136,243,235,215,161,236,61,167,166,71,102,206,144,190,92,60,34,227,210,151,119,22,101,104,236,56,57,2,170,215,216,170,83,196,149,76,81,105,12,211,134,99,104,134,93,231,175,2,194,164,98,200,4,88,40,177,183,142,160,240,165,250,72,166,249,158,61,169,20,222,225,44,98,206,27,177,121,137,47,199,239,245,43,92,172,112,221,135,119,174,127,204,236,85,24,249,189,6,9,144,24,128,136,207,66,219,200,207,11,211,120,134,169,58,242,57,15,28,249,95,202,99,139,182,167,12,72,41,231,134,149,127,138,215,118,190,236,226,182,129,107,15,244,45,91,109,172,126,117,244,14,122,59,8,190,17,156,120,243,89,166,177,66,83,232,168,165,240,151,41,67,108,211,96,44,160,72,169,210,134,79,50,214,35,249,150,134,150,215,32,21,204,196,11,36,48,5,163,180,5,91,65,189,135,179,147,22,148,15,115,35,28,58,13,95,155,114,157,249,108,139,83,156,152,213,99,203,128,121,42,190,138,196,239,222,26,157,30,134,176,36,106,221,232,213,40,190,22,136,192,117,20,37,96,55,107,45,52,35,64,124,238,190,184,246,149,32,96,63,70,172,200,184,114,193,121,31,148,237,84,231,170,104,140,150,209,185,28,120,166,72,221,110,50,149,98,106,91,76,224,86,6,169,231,253,188,92,24,17,35,34,55,151,106,134,117,209,237,175,28,29,136,80,37,176,121,237,129,198,185,30,43,87,122,157,199,205,5,226,175,41,97,106,166,93,117,25,158,25,71,38,156,110,43,48,2,131,94,213,244,100,68,119,90,36,123,218,167,172,210,175,86,167,14,145,196,179,190,124,151,126,220,234,17,245,29,115,170,79,74,123,162,8,150,148,199,148,183,21,157,247,61,222,205,222,89,192,35,84,163,214,68,163,141,164,79,10,222,86,45,212,46,109,28,214,117,54,27,9,53,196,188,108,211,53,172,156,225,115,120,13,209,43,23,207,42,179,85,41,197,65,158,172,57,182,203,127
43,154,13,113,208,28,236,68,69,131,250,225,142,254,233,144,91,155,5,221,152,151,42,60,221,57,162,238,185,16,156,241,141,242,1,221,201,206,17,43,227,35,38,248,47,222,85,188,113,123,130,214,91,6,60,200,21,89,68,41,45,181,170,188,53,138,3,160,156,65,208,193,233,61,132,191,47,111,91,195,172,38,172,247,204,124,213,208,43,192,164,94,57,120,38,20,217,84,162,1,105,195,128,60,235,209,62,58,44,155,83,55,76,217,62,94,112,90,2,34,12,174,101,153,35,190,199,240,62,178,244,207,226,76,9,183,210,40,115,72,235,149,82,132,49,19,113,58,37,137,69,134,64,66,199,86,226,227,37,64,102,3,154,14,225,215,38,193,71,244,244,225,247,232,26,124,117,85,227,103,33,113,91,236,64,204,182,79,168,66,53,137,60,249,81,141,247,228,239,46,159,151,6,122,118,132,55,248,181,19,235,2,54,169,165,229,57,181,211,144,204,80,96,121,26,215,72,191,213,156,72,222,240,113,201,13,213,0,152,97,149,199,112,172,46,1,134,136,158,178,143,162,19,165,84,189,241,142,185,15,128,172,132,14,234,41,173,22,182,62,63,109,5,199,171,77,205,245,171,17,58,102,59,245,202,169,57,216,150,176,234,148,111,99,188,112,37,53,126,90,215,105,150,153,34,232,44,245,11,101,21,96,144,8,148,200,75,21,98,51,196,59,93,64,159,168,57,211,77,82,144,67,14,68,7,54,169,131,76,152,164,4,251,238,249,112,13,239,178,109,76,11,63,150,186,154,24,227,99,139,148,61,219,250,252,151,185,143,141,201,77,116,201,89,52,22,111,102,173,54,48,162,67,126,223,225,238,169,76,230,110,97,38,121,130,161,37,242,91,112,38,43,176,158,155,167,163,172,10,206,22,122,20,176,250,213,24,110,253,206,126,11,106,251,59,242,115,79,191,178,248,229,48,80,169,126,189,179,244,81,80,185,61,205,67,124,246,43,133,88,197,77,170,171,31,18,90,196,116,244,217,120,33,42,193,130,131,195,130,70,138,112,77,35,46,166,190,204,87,96,250,129,25,195,43,53,28,235,107,80,147,133,184,13,214,225,14,67,81,103,18,39,185,116,164,249,193,196,15,141,47,160,127
132,228,24,44,33,175,153,213,201,187,40,232,74,92,201,146,235,32,226,200,72,29,19,70,190,247,147,224,152,42,242,65,62,156,173,107,214,247,59,222,199,171,158,240,103,61,128,132,112,177,134,252,2,123,128,227,98,239,190,69,86,84,249,92,33,219,109,137,191,1,59,136,198,223,91,52,69,148,45,205,134,232,127,100,176,67,150,167,130,78,240,37,44,127,189,223,7,149,107,171,66,249,31,209,69,19,82,66,234,159,65,24,96,219,4,250,16,182,157,150,152,185,50,174,138,60,74,239,154,195,146,189,128,39,42,92,163,27,111,245,254,158,127,166,220,142,218,32,146,201,254,86,241,242,116,48,62,108,99,200,234,246,238,128,251,209,29,83,1,69,154,180,97,237,157,252,230,18,66,222,47,56,172,46,244,20,120,29,10,21,109,65,71,190,168,13,218,190,66,223,97,6,203,190,35,48,186,146,193,126,52,210,229,87,202,72,200,28,247,94,56,94,24,87,74,126,216,34,138,211,33,167,8,125,78,83,8,242,233,169,96,142,62,190,223,109,239,33,72,222,67,80,143,54,30,103,117,215,164,23,97,216,119,23,86,46,139,238,193,185,73,94,222,204,90,19,135,7,168,245,245,96,206,231,221,240,245,179,121,235,32,164,220,148,29,128,154,146,49,250,80,182,200,160,44,126,144,225,164,198,60,32,23,14,237,71,186,98,209,235,251,85,127,49,91,110,23,136,58,80,39,76,106,114,209,54,85,163,139,2,123,65,30,33,160,29,247,37,239,138,58,232,137,83,14,5,193,220,177,42,136,66,135,11,59,228,211,69,96,205,112,81,50,62,76,44,90,130,34,77,197,200,73,59,3,42,68,157,180,127,36,17,65,127,97,127,212,62,204,12,183,232,29,148,50,73,121,77,154,113,121,170,177,40,61,53,8,250,199,111,18,234,126,254,28,179,32,190,164,204,254,12,156,194,59,66,157,198,68,126,104,229,228,32,147,252,251,137,188,31,184,106,6,174,39,133,219,70,84,162,106,82,240,34,223,82,101,128,225,90,127,239,213,223,253,1,230,85,141,64,23,158,103,218,83,252,131,162,47,169,88,215,180,203,104,189,207,183,220,163,162,22,58,194,200,244,16,91,147,200,4,27,127
229,93,25,169,28,37,29,173,150,249,223,45,69,19,135,232,104,152,190,83,77,84,25,132,118,242,169,203,210,130,192,178,20,197,123,185,58,202,62,196,120,217,214,15,81,109,230,104,19,214,171,24,32,64,141,19,189,166,31,155,190,230,40,84,53,99,13,217,170,95,117,147,54,226,149,142,212,245,248,182,206,69,2,244,246,11,234,169,118,185,186,29,91,32,195,165,72,43,80,153,139,89,243,107,243,74,7,205,114,31,152,20,17,167,244,45,118,107,57,145,39,211,196,58,73,14,90,23,2,51,103,0,103,154,5,117,63,51,11,11,35,176,230,54,160,160,60,236,112,198,249,174,137,237,249,232,161,38,60,226,234,67,24,56,48,132,249,56,241,104,244,199,222,157,18,184,19,47,120,20,201,126,185,27,184,241,131,99,99,209,176,214,149,164,244,224,196,42,106,253,156,123,15,58,239,5,85,198,221,72,30,247,215,233,88,231,89,67,39,26,186,101,108,232,161,86,68,248,15,236,77,8,84,52,244,148,65,128,107,101,13,133,4,238,34,198,42,12,238,94,76,178,114,226,191,178,34,34,28,211,51,103,152,82,68,112,236,94,180,89,222,173,58,88,32,99,109,94,36,29,195,227,194,71,55,237,126,236,72,80,151,70,150,78,37,61,18,192,43,6,4,108,95,120,35,115,3,71,242,20,33,123,161,246,48,1,47,131,232,211,177,145,0,120,68,127,77,84,98,46,85,128,230,130,41,252,181,167,71,247,250,92,181,173,126,216,169,6,92,223,31,115,215,194,248,107,237,145,175,5,32,8,248,116,144,136,121,198,215,113,14,83,223,117,18,13,225,128,64,156,88,130,161,242,106,82,244,52,161,112,87,12,66,185,228,177,207,127,235,254,4,213,170,98,2,172,158,103,180,253,1,219,177,25,9,83,232,46,154,252,126,113,231,61,150,86,184,164,47,26,139,162,192,0,81,88,163,134,59,12,25,53,57,45,164,11,140,178,224,218,59,105,250,5,89,68,137,6,47,38,196,193,137,223,108,234,138,13,117,186,140,4,231,45,17,71,205,127,105,250,164,50,40,56,26,207,152,41,249,159,112,32,184,70,167,249,195,88,219,232,104,87,167,87,222,233,20,85,204,1,193,58,127
46,140,104,139,10,104,205,100,4,39,176,136,158,35,4,162,149,189,166,194,249,111,140,9,168,239,134,53,219,201,110,161,77,138,227,196,47,83,5,219,166,66,84,231,107,28,100,212,112,123,28,62,121,150,241,98,129,191,15,95,90,144,244,234,227,151,144,189,97,59,161,185,72,57,56,1,25,66,231,83,143,184,79,213,8,224,26,182,251,28,99,18,205,138,44,218,221,220,58,92,215,239,190,216,25,59,13,236,80,209,247,240,232,178,161,243,73,3,195,175,237,86,77,161,21,93,237,23,25,36,188,151,6,94,13,212,57,34,106,251,130,22,235,2,52,144,10,146,149,94,133,51,118,66,164,238,46,171,66,160,77,218,124,153,50,237,206,36,30,124,244,174,245,128,121,240,227,20,113,146,177,64,172,244,69,138,132,102,104,75,21,190,238,223,149,4,56,45,49,71,119,154,190,129,93,80,27,167,245,114,219,57,65,167,114,128,215,150,15,74,254,244,33,173,199,222,229,107,196,192,59,203,63,181,25,206,2,94,35,126,215,38,137,202,120,213,205,22,25,227,19,28,92,179,35,124,140,58,72,163,183,98,200,18,26,228,160,234,2,23,154,82,176,251,85,114,170,229,149,213,76,54,88,66,158,147,242,68,190,176,23,46,59,150,224,154,213,254,169,78,242,81,149,120,144,152,162,219,37,226,82,164,140,185,139,228,88,251,212,126,100,185,110,187,81,189,85,5,104,106,226,105,209,247,116,136,238,167,247,6,49,117,14,46,56,151,42,203,96,206,157,242,179,106,18,253,134,252,242,233,193,106,240,232,40,84,196,5,152,13,220,124,154,106,140,242,243,85,245,86,250,239,157,9,75,209,12,207,188,177,175,153,89,93,228,90,148,187,59,23,187,115,137,154,246,194,221,134,207,65,33,133,254,59,160,166,41,200,172,107,135,74,177,219,32,10,145,54,156,56,165,121,187,237,75,0,252,21,141,79,75,26,158,53,40,17,45,237,233,19,171,73,211,119,199,48,42,71,92,30,223,160,39,61,201,184,109,42,78,176,221,124,41,8,224,108,109,1,135,133,72,84,139,174,2,170,82,209,185,239,232,243,13,55,74,57,127,62,164,158,135,5,196,158,189,121,51,215,152,104,222,178,127
87,35,108,27,1,227,214,165,197,59,230,197,49,91,83,53,245,114,39,118,163,197,180,86,114,236,146,158,26,158,136,236,242,74,136,224,69,94,233,1,188,237,5,118,173,69,4,204,166,24,229,3,158,156,17,69,12,238,20,195,161,234,137,203,121,43,52,217,43,54,173,54,211,23,6,114,94,98,157,181,39,26,206,39,138,24,53,220,35,97,187,66,39,120,1,168,179,160,17,173,230,174,183,206,68,174,241,170,2,18,215,199,16,71,111,137,16,55,75,69,180,53,136,194,231,50,144,229,106,249,191,191,67,29,238,75,86,75,135,6,81,177,187,4,143,195,232,56,193,166,234,51,31,252,177,18,128,108,146,172,139,206,126,56,207,34,113,97,143,97,249,95,189,232,120,34,56,78,49,56,162,248,132,41,206,205,39,128,127,54,151,233,95,140,53,203,218,53,35,46,44,185,224,124,118,118,221,110,206,29,117,150,240,0,45,96,234,48,156,50,149,158,85,111,31,198,111,154,218,179,73,222,25,172,115,24,110,10,46,32,102,245,4,104,93,184,154,19,130,211,63,45,165,207,74,99,1,153,112,237,97,77,0,128,35,153,42,203,49,125,238,218,235,153,69,86,58,197,101,135,101,10,180,110,32,166,116,239,146,173,228,250,184,53,235,206,56,87,96,157,234,200,188,17,75,189,51,248,148,254,98,101,167,242,238,227,151,253,186,51,24,247,31,163,182,157,126,13,12,134,77,229,147,250,4,203,139,141,160,96,25,41,69,222,167,51,62,172,196,101,205,96,165,0,43,16,78,192,184,9,238,26,115,108,136,184,240,199,210,89,33,47,193,17,135,139,224,230,215,124,12,22,9,45,98,228,231,172,198,157,197,54,193,87,200,56,200,240,203,185,243,17,35,18,105,227,159,85,208,168,31,220,1,62,64,150,55,41,130,174,197,184,104,136,171,204,140,249,120,88,186,160,150,160,105,194,96,154,67,36,100,105,201,72,82,119,72,200,29,0,153,0,181,201,7,132,52,75,98,198,113,219,14,160,95,212,185,74,128,27,96,177,191,153,7,187,38,16,16,14,236,241,72,228,28,23,198,124,58,251,107,205,236,222,68,17,183,15,16,99,187,198,229,70,217,124,243,178,204,145,42,58,127
103,244,98,59,81,74,239,236,157,230,150,95,190,231,82,7,10,73,12,122,174,96,223,36,212,136,100,164,248,12,208,156,246,113,247,177,1,8,205,68,130,93,186,192,242,139,13,134,111,197,233,135,126,142,10,217,156,242,252,128,181,137,179,124,131,10,191,25,192,247,192,109,105,1,3,194,214,150,33,244,213,183,183,34,87,52,127,204,151,22,114,161,3,185,195,254,126,229,89,156,98,46,22,238,99,81,54,43,18,141,4,199,10,182,93,86,22,52,53,202,58,76,164,36,247,11,15,162,130,204,144,135,16,134,114,230,109,27,20,117,138,206,171,23,109,172,174,252,135,41,220,19,196,234,101,194,185,145,199,123,221,49,150,190,24,223,160,242,135,98,144,244,209,22,179,174,55,177,113,148,226,107,48,90,209,148,26,181,57,166,20,107,56,112,90,230,3,196,90,64,177,99,97,6,224,69,133,193,200,190,57,217,252,233,43,247,166,57,197,136,41,18,38,158,67,169,112,93,112,151,237,149,4,240,121,211,208,52,208,235,245,15,216,79,69,187,75,65,181,74,16,190,168,169,102,175,34,153,163,110,224,2,94,206,71,13,109,104,156,219,10,51,25,71,139,57,252,251,79,231,212,99,145,176,250,194,178,75,168,198,109,194,130,6,212,55,54,221,239,134,184,121,111,146,232,19,162,130,15,170,113,155,236,101,89,200,188,130,41,230,0,103,246,120,104,27,163,236,120,245,154,169,155,249,86,210,125,186,67,48,108,48,32,251,96,43,202,236,33,87,202,225,142,140,205,113,120,78,101,139,235,138,244,116,94,60,83,89,21,34,128,116,2,164,19,145,251,172,243,158,151,214,7,150,75,130,19,245,4,59,62,183,83,116,64,96,248,14,209,80,189,196,12,206,117,215,54,139,99,27,77,236,232,140,251,135,138,53,93,135,53,36,254,131,217,233,39,75,180,33,156,244,103,112,107,117,178,13,132,184,3,100,111,108,210,82,113,38,16,199,112,131,128,196,182,90,33,220,9,228,116,165,22,165,88,89,207,110,223,83,165,20,242,41,247,1,32,48,163,120,117,87,55,232,48,5,81,134,215,134,218,27,161,147,59,223,238,32,216,144,67,245,222,81,128,85,209,236,187,85,84,210,127
58,209,6,115,80,130,42,47,116,148,113,217,169,188,199,80,120,100,110,156,12,174,52,88,55,130,205,27,34,112,161,226,148,148,220,111,225,0,254,44,246,41,82,219,214,203,147,10,86,219,76,254,109,195,249,64,204,49,184,192,162,248,162,84,37,83,18,45,12,217,191,20,89,171,139,80,119,11,33,40,136,25,199,28,145,48,38,119,15,184,1,179,68,160,209,49,175,75,168,165,64,166,72,83,15,249,233,141,26,168,234,57,232,86,182,129,208,14,58,80,162,62,207,82,138,90,249,253,49,230,154,216,135,83,211,162,203,111,248,36,212,96,66,26,171,62,71,187,69,251,198,5,217,234,120,24,74,11,227,47,84,248,131,109,197,55,127,98,128,181,170,199,176,205,235,235,125,73,219,58,195,152,2,123,155,3,69,25,242,98,146,253,75,56,49,150,26,116,198,134,59,96,183,70,132,113,126,50,8,193,42,119,172,147,108,120,145,198,54,160,80,138,27,22,205,107,3,77,214,164,58,40,251,221,143,199,40,32,139,170,175,230,11,224,95,153,161,127,233,57,181,127,136,186,161,169,234,197,136,16,133,254,206,216,112,108,194,15,153,67,107,124,196,76,151,85,240,253,208,35,60,164,139,211,80,44,182,87,232,200,186,19,221,55,248,226,238,115,10,222,224,179,156,105,159,38,17,55,217,185,107,76,88,182,171,188,45,15,140,211,137,98,220,167,159,125,134,152,96,132,163,166,92,49,3,235,10,137,31,78,109,209,117,144,94,76,120,143,108,217,126,213,238,230,156,66,32,93,74,121,212,186,202,103,81,42,229,234,65,160,1,15,196,30,190,196,233,86,64,25,169,252,234,126,196,31,127,4,226,163,195,75,172,228,241,22,172,168,184,229,83,87,121,234,20,21,166,17,120,246,145,153,159,175,159,37,248,33,120,148,27,170,56,238,124,254,39,244,40,60,109,48,237,144,159,127,59,7,231,120,239,99,110,90,149,31,37,38,110,54,191,179,178,163,61,3,205,118,32,141,205,68,155,37,119,232,46,68,101,178,88,90,96,167,9,165,136,132,197,181,46,59,0,96,97,21,228,120,131,1,61,43,182,143,216,107,97,60,227,185,218,109,71,44,157,57,102,39,113,206,162,106,127
75,128,120,43,19,239,147,16,142,124,142,201,198,164,92,252,159,34,136,166,241,9,96,198,21,139,157,13,97,177,25,93,116,219,253,168,191,146,64,244,127,64,182,205,232,55,80,28,117,133,87,159,196,189,134,132,2,104,193,81,64,186,90,173,116,38,240,158,138,251,46,176,188,59,225,86,65,151,11,77,229,54,14,89,52,59,5,32,6,125,168,133,6,101,167,30,216,43,61,76,147,121,171,87,43,74,218,47,71,230,23,152,67,84,21,81,115,36,17,57,89,115,199,229,88,190,13,142,100,242,154,85,251,209,217,118,224,149,233,87,141,129,109,158,144,153,154,89,143,6,159,206,0,66,133,95,25,147,188,165,23,125,2,199,36,218,241,212,135,188,252,72,7,22,229,206,19,123,139,181,79,150,66,122,193,197,68,102,112,5,126,0,221,76,172,148,77,254,250,109,189,78,4,179,21,195,126,36,43,2,158,57,155,41,107,212,107,242,200,219,133,111,129,138,128,38,16,8,133,182,89,114,94,231,60,172,236,49,107,90,198,113,247,50,39,46,226,2,55,90,57,40,77,52,108,30,120,93,131,7,92,97,148,36,38,222,247,119,129,147,40,22,58,107,74,133,130,241,234,42,57,60,98,169,100,221,31,110,65,57,111,149,148,64,162,149,218,31,253,98,102,139,105,188,95,170,160,187,100,32,81,254,212,146,37,120,78,225,162,15,83,103,190,109,66,227,3,18,158,127,11,73,198,231,174,49,232,105,251,20,122,143,169,154,130,188,96,253,187,218,106,247,174,45,248,36,140,104,203,44,108,157,9,194,15,128,105,49,58,188,102,227,81,129,176,82,106,133,70,5,112,252,92,200,2,181,7,142,222,125,143,84,184,232,49,77,68,121,5,166,108,79,11,194,170,238,198,155,176,220,104,215,77,63,194,129,247,233,121,129,235,175,137,71,57,116,205,47,5,69,252,205,9,251,107,76,33,32,178,79,138,50,225,19,46,200,90,89,152,175,60,49,181,198,42,185,246,202,31,240,171,184,230,72,128,43,119,30,229,250,158,47,167,239,42,51,43,212,209,60,186,222,90,175,160,182,77,38,87,52,57,238,76,211,20,164,190,58,213,81,98,104,95,20,183,127,6,15,19,144,75,14,127
244,25,120,180,92,32,129,118,18,118,120,233,80,88,203,240,160,188,149,24,57,102,168,68,248,13,95,30,131,150,16,243,197,209,120,211,119,139,144,253,146,167,100,93,195,26,117,109,122,203,16,86,188,103,165,155,83,194,138,136,91,26,253,148,217,98,143,240,70,169,33,120,126,110,197,144,24,145,73,67,236,147,9,41,176,14,52,85,56,159,96,186,9,46,168,197,154,125,172,191,91,234,220,245,125,236,56,155,191,164,199,40,237,162,130,148,236,47,13,168,1,137,233,86,188,155,12,8,209,96,57,50,101,26,123,174,66,125,34,124,76,24,10,25,151,16,120,102,254,204,102,76,236,17,81,194,134,123,228,223,67,38,168,7,191,133,63,244,212,69,220,211,62,161,119,53,181,168,245,24,106,32,3,63,231,238,201,61,178,239,152,33,46,103,205,251,67,242,218,229,148,155,166,196,234,146,64,115,23,46,29,235,75,104,226,144,234,62,238,17,25,118,235,159,175,160,252,106,54,151,138,111,198,23,240,158,40,160,117,248,17,44,32,133,66,186,127,93,193,14,55,132,170,122,185,172,139,168,126,121,218,240,53,197,127,212,150,101,121,24,252,18,151,18,104,154,205,250,169,141,183,150,110,9,126,159,63,38,73,201,173,101,102,93,102,7,149,195,189,152,4,112,160,6,217,14,22,141,225,0,70,232,211,254,61,187,246,53,99,41,47,16,55,136,152,185,195,82,127,195,173,205,25,0,32,129,48,152,9,95,111,126,161,73,7,56,146,172,136,159,220,160,13,99,51,105,93,69,6,15,150,181,109,89,176,59,238,133,180,86,134,37,229,23,139,181,165,222,34,148,50,188,148,3,188,120,70,144,247,251,6,101,207,69,194,177,214,140,35,110,219,13,77,192,121,128,246,240,195,192,82,220,194,164,146,111,59,11,92,204,7,86,86,61,12,98,230,32,207,108,133,21,45,227,49,238,175,91,8,126,209,201,53,92,137,140,212,215,208,209,188,32,73,41,88,74,127,28,177,184,77,187,157,31,245,131,101,228,228,219,8,206,171,245,74,224,5,245,167,104,49,97,64,146,110,110,183,22,122,5,85,75,128,160,89,198,165,187,183,124,13,197,114,24,234,68,243,243,21,81,28,252,127
160,234,173,141,6,149,111,233,155,112,80,230,69,68,130,202,51,92,76,16,96,94,47,254,165,152,39,158,139,247,219,214,240,86,185,122,150,230,144,165,135,105,176,176,19,196,245,137,221,235,149,92,161,138,183,150,218,145,144,120,108,147,32,190,45,64,11,203,204,125,68,146,130,55,90,47,200,235,42,116,31,67,69,218,69,35,175,57,238,150,62,237,41,222,145,156,233,35,51,217,159,230,47,250,251,94,69,167,55,191,8,160,182,231,147,13,120,169,115,184,194,190,172,3,53,216,169,141,171,5,165,215,108,44,225,233,4,100,208,247,204,120,207,215,12,147,99,49,219,70,112,139,179,58,18,182,84,157,152,167,89,161,59,18,20,39,116,122,158,177,83,88,226,59,0,161,170,99,110,19,102,191,75,86,18,91,232,108,31,226,161,156,11,217,210,12,144,124,133,226,165,196,32,155,239,221,79,41,227,209,235,186,76,87,70,214,182,213,163,224,84,113,101,222,129,64,170,252,177,213,230,142,136,3,40,92,3,168,32,30,214,194,88,196,22,99,169,207,96,87,76,154,97,172,167,124,76,72,18,165,21,6,107,116,168,14,164,158,177,31,198,151,246,67,146,187,210,10,41,34,120,196,41,128,201,207,152,47,245,77,33,67,57,188,248,219,31,107,14,98,62,159,135,50,121,54,45,90,134,251,190,131,113,224,136,35,114,2,161,104,65,147,232,233,220,229,155,174,241,28,127,10,205,130,240,181,50,2,126,8,141,157,124,147,97,184,174,222,48,88,132,253,143,106,182,29,240,131,219,66,160,28,119,222,21,248,158,100,119,251,104,42,100,15,26,186,20,127,174,118,171,59,237,159,136,96,158,192,29,22,246,167,30,64,83,243,110,69,48,88,50,237,40,252,24,228,130,9,48,29,23,169,41,38,188,235,136,85,0,155,11,251,188,84,213,203,145,185,38,240,252,172,164,208,206,248,186,208,7,101,86,201,91,125,25,4,219,66,11,250,19,196,162,157,104,160,232,237,30,57,109,103,167,73,177,207,26,186,251,207,74,219,192,38,182,212,184,240,118,189,182,131,208,170,121,16,32,27,181,108,203,206,167,98,35,149,181,27,184,246,57,143,15,122,98,11,229,148,70,147,160,27,127
210,21,140,123,217,239,80,154,2,0,27,207,112,241,111,79,116,194,128,58,34,91,10,149,195,10,157,20,140,141,81,122,112,1,123,138,41,77,220,247,110,77,228,158,195,58,84,249,222,35,225,109,42,21,53,1,244,236,53,92,232,35,125,66,79,112,0,98,22,178,113,20,9,140,134,69,122,75,20,79,242,216,105,213,8,131,5,120,189,107,14,88,166,71,87,156,228,230,14,116,29,37,7,240,115,34,67,193,3,182,160,12,126,55,15,164,119,60,201,89,206,32,55,21,104,41,106,121,134,80,174,38,15,180,160,198,47,58,100,234,5,35,103,52,130,8,237,175,197,198,60,121,42,44,180,172,21,198,80,107,221,76,77,151,117,75,61,234,41,9,199,238,227,163,4,150,204,41,243,133,126,30,129,34,90,237,6,204,47,10,250,79,229,125,62,176,37,6,60,213,223,137,204,17,16,162,149,16,63,113,104,66,154,123,164,141,151,249,182,180,202,234,95,177,172,207,3,180,203,160,17,19,202,167,112,199,41,16,124,231,245,24,88,210,189,6,31,201,242,251,7,126,131,88,162,96,191,242,12,195,226,150,152,147,119,118,176,109,82,126,164,118,128,149,47,122,138,60,72,110,62,114,249,109,62,180,244,144,214,183,54,22,55,250,47,225,157,234,176,171,44,134,211,65,191,30,138,13,61,212,177,146,235,41,174,253,20,228,67,17,184,34,22,70,91,78,150,164,230,251,131,41,76,234,41,69,129,21,4,45,41,40,62,225,154,50,194,223,80,102,145,250,209,51,192,166,142,84,235,63,69,192,178,47,167,125,173,3,113,68,223,104,172,30,63,113,103,142,101,66,196,92,73,102,41,174,9,224,68,181,202,214,235,32,65,10,159,14,70,2,145,1,163,72,33,24,161,196,94,64,125,24,215,20,233,177,186,148,252,203,15,198,204,124,163,73,187,2,108,61,129,93,217,203,77,151,103,182,46,90,207,65,185,201,88,98,113,87,216,7,27,249,71,157,14,214,206,120,77,38,83,128,97,161,28,60,226,137,98,168,204,219,2,245,48,241,238,93,31,48,244,160,192,38,37,6,110,126,15,90,100,223,172,131,75,135,175,236,74,217,213,93,35,105,236,16,47,130,196,142,246,235,127
82,5,243,25,87,60,77,117,110,55,149,182,157,141,58,22,120,172,69,33,90,140,184,245,48,108,143,225,209,56,253,96,144,140,62,77,59,161,58,116,253,77,169,221,24,187,171,89,17,147,26,233,164,188,54,14,56,56,56,165,129,248,244,101,44,189,18,120,57,105,95,184,229,242,126,237,89,64,85,23,178,241,210,18,67,221,237,53,121,65,127,204,239,38,242,243,86,1,189,235,237,22,189,194,4,250,253,0,229,245,4,113,145,13,69,55,216,102,189,154,132,185,195,106,28,33,153,169,23,52,90,102,254,209,15,240,102,100,202,180,14,45,185,197,49,27,2,49,139,254,177,36,13,22,199,90,227,90,100,79,195,52,66,107,188,230,102,159,149,15,165,201,126,54,18,149,74,77,213,105,251,152,100,253,194,66,120,242,207,68,49,249,106,35,237,113,206,89,197,48,29,114,156,157,237,213,242,93,250,105,61,126,147,188,235,8,197,208,209,100,77,12,65,37,113,118,236,108,241,84,193,64,29,213,10,18,138,230,205,216,109,65,114,89,94,139,221,121,0,196,14,247,80,134,56,227,38,18,30,71,213,149,35,18,157,97,188,3,133,40,231,95,160,23,17,182,100,53,169,253,128,239,238,36,216,11,190,70,16,22,249,201,48,219,172,185,239,213,141,127,126,95,253,81,240,186,153,164,197,205,212,229,1,149,187,244,72,136,79,183,212,122,249,247,138,55,161,140,22,148,83,83,237,39,199,72,229,94,209,11,123,30,52,19,136,154,92,21,49,182,185,170,6,4,236,2,69,53,202,69,65,244,197,209,138,98,160,88,25,177,16,205,12,9,28,183,79,169,209,65,124,239,153,7,124,180,195,117,101,248,160,195,187,85,156,210,175,176,181,144,97,181,65,233,211,224,24,226,32,6,133,190,37,63,168,202,194,131,61,251,226,80,54,167,225,49,64,189,125,4,243,60,30,253,114,92,14,140,142,158,100,65,210,166,106,22,222,60,28,112,4,69,90,74,35,75,149,51,232,54,205,178,139,252,21,44,248,73,208,176,142,167,136,59,125,31,12,127,221,160,1,101,200,100,40,72,203,136,142,73,42,28,15,63,151,247,41,158,100,225,78,99,163,74,125,25,112,197,125,77,54,236,127
93,76,66,74,174,228,185,15,250,60,177,176,104,225,21,78,10,214,219,25,26,57,167,17,23,147,110,184,215,179,32,126,93,174,245,116,240,247,214,178,134,244,179,184,173,41,77,247,190,128,119,160,174,60,120,252,68,61,146,135,232,89,63,226,32,118,23,9,107,183,108,189,202,26,203,170,65,67,79,103,254,220,175,112,134,43,137,131,232,98,17,58,145,242,95,16,76,166,35,205,175,143,163,235,153,201,186,8,30,28,67,245,60,204,32,84,209,250,207,163,56,198,80,99,202,0,135,176,209,84,236,138,177,245,21,250,238,56,52,227,144,147,4,210,135,167,0,134,64,134,131,80,11,39,116,211,215,235,82,10,59,70,127,89,155,205,23,193,33,216,168,168,188,131,189,134,31,49,19,66,71,212,92,125,236,73,204,145,141,73,216,218,220,100,174,120,18,18,75,162,133,185,48,236,243,76,162,92,178,202,44,137,0,224,44,60,32,162,165,182,243,138,144,79,196,229,171,111,137,231,114,172,33,71,49,7,175,55,74,108,86,218,175,0,180,111,132,135,21,131,236,147,18,229,135,216,92,130,105,216,28,177,235,140,136,154,200,106,122,95,42,158,91,188,104,82,146,180,36,202,0,225,60,16,107,39,196,1,45,142,237,229,185,3,138,64,151,26,228,195,163,30,227,181,253,15,227,153,97,112,94,46,113,30,224,98,143,36,149,254,2,64,112,154,171,156,235,14,5,109,86,231,189,252,1,195,230,146,101,150,175,103,165,174,180,211,201,146,43,207,121,109,128,95,2,110,118,27,240,91,44,0,35,11,10,80,76,148,87,246,24,89,45,202,179,210,54,117,25,250,207,194,56,193,56,128,52,215,143,62,86,186,201,94,122,168,160,237,188,107,227,70,21,6,127,151,122,109,98,229,76,130,136,193,150,122,85,38,213,73,118,223,214,207,207,138,140,158,162,44,220,57,153,132,239,49,168,30,226,176,84,246,91,126,220,133,145,196,16,173,201,49,87,200,153,197,4,239,37,86,95,12,213,250,2,35,3,10,91,25,6,252,138,190,114,64,170,10,42,186,25,129,72,104,29,118,77,42,113,71,134,2,22,67,111,88,181,156,23,237,88,141,116,150,129,153,155,117,39,46,91,204,127
195,148,213,213,74,125,154,58,173,142,169,151,121,208,19,203,146,125,197,238,244,220,96,205,249,80,128,224,2,178,245,228,183,184,30,253,57,195,107,52,111,31,208,233,74,143,12,54,142,16,96,31,200,105,149,38,163,33,182,99,4,118,77,201,175,175,208,201,168,214,206,56,171,113,209,113,202,88,25,85,126,193,24,145,83,28,50,109,41,137,16,236,89,106,172,206,69,159,59,57,117,105,215,240,229,37,36,147,67,188,161,118,17,209,198,180,230,6,84,60,123,112,250,147,21,43,227,111,15,47,232,176,193,12,184,252,176,98,157,216,72,171,62,55,175,71,244,104,107,48,144,102,184,124,78,91,208,197,190,186,158,78,185,93,253,33,111,112,84,228,201,239,117,33,30,196,64,206,207,165,88,57,234,54,10,171,65,118,44,189,68,152,61,231,106,51,204,38,19,130,87,215,65,23,182,14,10,135,33,240,70,189,185,25,217,40,83,180,165,160,223,36,9,170,227,141,101,222,23,2,90,105,33,131,67,66,70,57,142,59,161,236,95,230,80,129,134,58,133,112,42,134,39,169,102,96,118,226,190,101,27,229,48,73,123,200,235,101,61,98,56,19,124,50,22,209,22,214,69,11,132,23,111,174,127,141,109,121,113,228,215,106,115,141,46,254,190,184,247,70,78,115,205,24,23,48,96,91,70,18,5,54,95,21,192,231,159,4,244,96,208,8,239,139,77,139,116,251,190,229,104,152,94,109,100,197,172,104,131,170,34,68,45,149,152,19,86,147,48,204,85,98,101,159,231,146,224,36,43,157,33,102,209,50,113,254,4,30,192,138,8,233,244,150,163,233,221,226,172,218,234,132,249,203,25,182,33,146,143,228,176,16,38,9,116,205,163,96,189,241,149,53,244,207,75,214,188,243,132,159,40,64,194,5,145,59,225,243,155,103,25,40,99,123,90,27,99,60,113,19,183,235,85,182,143,32,183,185,89,247,167,144,104,51,113,75,228,14,56,111,183,55,25,94,80,243,233,100,101,51,166,3,17,52,40,87,99,103,195,188,165,252,17,213,73,252,113,207,75,190,84,180,90,232,91,37,106,32,110,101,42,69,162,225,50,12,67,223,126,35,227,146,183,166,56,163,249,31,113,216,148,237,127
129,3,155,214,68,113,169,138,76,242,108,51,33,241,238,118,212,125,31,240,23,105,136,7,14,79,211,104,202,22,246,207,121,86,179,63,118,69,192,207,153,25,165,100,153,27,57,25,236,112,136,209,132,177,158,169,22,244,204,72,220,111,56,147,228,113,66,228,5,209,243,213,91,119,95,65,196,185,157,194,7,211,167,254,125,148,175,152,239,193,219,32,138,190,48,210,119,39,113,110,139,128,8,93,112,40,152,34,161,215,95,223,133,241,223,167,86,4,55,213,47,219,232,77,43,60,181,151,68,9,137,191,50,253,218,218,155,16,102,24,116,77,129,50,189,105,121,111,81,155,91,250,84,237,82,19,78,116,183,106,24,145,84,132,45,2,219,136,24,250,53,14,92,127,157,74,66,165,72,46,151,138,161,115,155,45,113,180,32,168,96,12,37,217,86,179,146,69,154,226,127,163,49,36,219,92,140,64,45,28,176,103,204,186,222,70,90,152,149,134,48,66,71,173,102,137,170,156,80,57,110,44,101,44,31,57,185,130,43,51,134,47,17,191,118,113,72,229,222,197,5,11,223,127,167,233,211,22,232,246,209,165,116,243,139,46,188,242,133,146,32,37,104,203,246,128,6,101,164,133,122,215,97,196,0,13,74,228,70,81,222,162,251,172,38,149,126,61,79,204,149,193,51,69,165,18,60,172,41,188,176,99,143,7,152,64,4,93,196,31,79,55,229,44,173,208,13,65,175,252,45,67,92,149,151,24,106,29,50,48,9,50,87,9,222,109,210,149,248,0,77,94,124,213,142,200,7,10,14,220,39,66,91,55,11,22,31,149,96,26,74,103,100,135,187,19,89,173,148,12,67,93,74,167,213,29,175,119,145,57,57,62,91,132,16,122,175,195,24,44,129,206,147,113,164,36,6,74,208,18,150,27,6,101,29,86,56,203,172,200,135,90,199,247,183,60,51,155,136,95,244,7,238,54,31,140,80,70,43,195,132,142,194,240,121,111,152,122,43,92,191,247,136,238,203,41,72,183,124,181,104,181,9,246,205,187,122,146,170,7,218,170,133,232,163,169,49,226,115,104,120,14,27,237,17,61,11,196,45,39,142,87,5,12,178,139,193,185,116,98,44,134,232,37,58,239,107,229,218,223,10,162,127
153,86,228,55,79,175,48,246,221,118,52,205,233,67,231,74,159,101,52,122,205,50,219,181,24,54,253,88,28,127,102,140,198,88,219,30,8,76,194,224,51,20,138,59,183,20,73,105,183,228,182,247,52,97,194,173,5,74,253,172,215,190,3,186,198,38,126,21,173,178,154,174,140,103,110,164,193,87,183,50,109,90,114,142,126,137,238,117,73,220,235,237,92,20,52,141,22,113,6,101,69,254,115,99,35,107,7,120,151,238,168,211,172,151,29,72,126,12,82,127,24,120,44,132,208,175,246,197,223,128,13,12,73,179,54,26,112,173,42,119,167,29,174,61,120,250,47,85,145,9,84,69,31,211,37,249,79,225,10,122,177,79,76,213,165,234,96,42,68,81,233,88,157,227,82,94,201,11,196,163,6,62,192,191,232,6,112,232,231,84,7,248,250,15,10,102,168,80,239,132,210,41,144,246,110,90,179,151,250,184,134,89,203,184,19,61,88,59,186,41,0,216,87,41,116,102,19,35,64,117,197,76,205,9,191,198,110,251,114,147,187,190,115,95,117,2,192,8,92,92,118,116,20,212,142,111,227,130,29,125,26,71,236,241,140,251,96,93,151,125,106,20,50,136,252,69,231,113,26,140,96,236,117,177,7,151,244,94,52,116,27,141,155,88,216,157,167,203,31,54,169,242,146,214,245,111,68,24,2,216,249,162,251,39,49,44,42,76,194,15,228,47,160,15,102,203,64,234,209,15,78,160,246,125,98,226,63,49,5,22,75,81,202,227,158,80,36,97,180,153,14,221,105,86,192,198,122,231,118,9,44,0,146,10,189,69,111,240,77,120,106,184,241,12,175,26,18,155,190,147,11,129,179,202,155,102,173,164,244,91,11,16,250,152,48,95,48,66,224,207,247,254,166,92,55,134,186,254,249,187,228,56,152,183,247,158,111,193,124,121,151,175,137,74,85,59,3,190,89,22,177,201,248,172,183,161,230,249,155,197,243,186,248,114,35,48,36,113,183,113,240,104,192,80,9,247,110,60,140,242,237,216,64,181,52,219,65,127,34,152,82,13,168,120,187,81,213,15,134,96,24,32,212,46,163,221,9,209,230,185,214,115,232,100,22,123,145,253,151,32,54,229,0,76,146,161,147,182,35,48,151,5,127
111,138,226,209,134,42,183,196,72,99,245,60,158,164,144,172,46,171,101,113,82,235,150,221,173,192,175,239,173,167,108,124,101,116,166,115,95,107,179,239,171,246,164,122,68,4,55,173,29,54,144,72,178,122,2,28,4,244,79,92,163,65,177,187,101,220,139,102,156,234,141,218,221,1,150,109,181,4,197,250,144,153,250,7,121,244,12,59,224,231,11,92,163,64,119,2,69,2,64,202,120,53,171,110,93,145,235,122,135,118,69,28,26,187,98,15,19,10,50,92,101,226,89,188,35,117,204,230,250,58,116,0,240,186,151,110,231,147,82,86,228,107,170,176,166,233,182,123,108,208,14,121,109,198,218,10,224,24,185,10,138,34,230,140,160,92,108,86,165,148,179,8,92,57,252,231,226,241,243,32,56,48,163,150,133,83,150,247,158,75,249,8,100,230,213,252,207,232,65,214,253,237,28,15,153,192,56,66,179,122,64,207,20,128,146,2,60,186,130,169,80,197,60,193,114,7,152,253,84,196,88,41,163,169,182,30,231,191,197,137,47,137,222,99,249,151,241,79,172,207,208,235,156,219,97,184,104,35,85,59,57,27,180,67,135,156,214,179,48,95,114,158,41,187,201,88,197,248,194,25,195,59,194,29,37,3,49,84,170,98,10,159,223,127,121,239,123,83,168,79,114,251,217,156,228,174,217,182,24,2,229,224,174,22,187,2,246,227,118,233,26,56,160,81,100,132,20,195,5,97,167,85,17,46,215,78,152,82,172,4,201,19,188,216,51,87,142,206,61,133,33,181,13,66,70,73,166,28,150,148,166,42,125,215,219,109,76,73,160,250,116,13,5,155,231,191,196,59,78,222,81,179,191,141,67,122,179,236,67,3,88,114,13,68,152,116,230,16,247,204,175,199,14,202,191,152,125,108,166,84,63,190,172,235,114,91,65,198,35,161,29,51,124,143,31,227,65,12,63,120,66,218,159,181,23,73,118,59,245,114,19,208,27,210,219,122,30,8,5,219,251,77,206,200,90,100,39,35,171,39,97,252,232,239,60,150,171,100,94,101,6,186,180,179,83,99,126,194,153,192,146,234,46,149,80,222,132,22,162,118,47,229,61,155,239,176,190,237,226,180,214,121,193,73,75,106,36,91,170,117,121,145,127
247,173,211,200,215,120,129,213,10,178,193,229,62,40,110,169,157,39,165,120,90,29,30,44,170,97,16,254,140,51,117,251,40,145,48,48,244,91,245,108,146,247,152,9,205,225,124,76,52,51,156,91,50,17,117,80,78,18,217,234,121,149,21,146,156,196,188,14,251,216,166,57,20,238,178,185,115,223,122,117,183,104,1,7,128,190,184,143,125,15,33,58,171,196,118,0,42,237,146,68,203,227,84,236,106,217,182,188,209,137,31,32,164,253,79,21,234,26,94,134,135,186,254,168,145,108,136,1,4,112,149,25,14,80,94,28,219,174,163,225,47,178,78,95,163,201,160,77,220,174,82,221,23,234,156,246,94,81,145,27,24,121,27,213,141,198,87,84,132,23,80,252,241,244,72,5,22,244,144,12,219,175,53,45,148,187,59,57,88,176,247,134,129,202,169,149,173,110,77,142,59,161,209,174,94,36,87,96,189,109,189,214,156,221,201,221,126,231,49,165,42,192,103,132,113,250,174,251,89,237,246,95,218,167,24,10,221,138,208,223,120,157,82,207,35,253,219,115,8,129,159,5,84,19,56,186,125,190,185,222,80,141,194,184,236,84,227,107,42,149,84,10,3,82,41,204,4,194,63,250,227,219,173,154,17,55,91,197,14,176,217,153,246,214,68,79,32,66,145,171,220,101,125,98,101,39,67,91,139,228,70,24,238,4,247,117,141,31,37,42,216,87,127,219,154,104,67,163,237,158,126,44,47,124,165,240,238,137,149,57,118,85,11,54,139,220,218,227,35,91,35,237,254,84,111,61,237,130,89,119,222,145,251,153,231,45,233,151,149,98,221,31,79,139,114,151,201,248,244,119,103,243,156,187,153,181,195,207,7,153,132,202,94,195,151,229,116,71,115,86,21,62,102,232,215,205,183,36,51,155,42,29,228,146,122,188,4,27,102,57,74,139,49,234,77,167,50,115,77,16,160,5,199,227,28,66,178,112,127,151,198,75,54,130,240,21,49,190,245,114,137,167,186,137,32,64,92,41,248,182,44,236,195,200,47,152,119,172,134,14,112,129,151,142,219,45,43,69,85,46,128,171,81,194,163,123,194,109,114,238,130,34,95,165,165,177,196,210,21,253,80,82,26,169,153,192,130,12,145,35,203,138,127
48,12,235,114,92,121,161,206,210,170,205,241,77,22,168,149,115,198,75,194,82,230,195,25,237,4,4,145,9,136,18,38,142,191,188,166,8,185,247,144,43,155,136,160,178,166,119,18,156,137,204,154,128,248,136,227,41,153,53,39,125,37,123,87,187,116,103,96,97,197,53,229,192,135,172,95,136,172,194,163,153,105,30,158,153,117,157,81,149,70,14,143,6,142,20,26,60,216,181,171,84,81,148,53,235,0,115,16,6,130,39,183,84,49,230,170,12,164,131,24,169,55,12,233,234,98,63,3,49,93,40,14,174,10,238,39,73,203,117,158,12,199,221,81,240,128,56,225,155,2,167,168,153,56,127,31,154,216,169,67,88,93,243,69,211,115,103,58,146,97,11,134,142,191,176,143,87,194,182,146,61,211,69,106,45,172,231,244,221,127,115,156,48,151,232,155,215,72,236,29,106,208,251,184,181,87,70,177,245,209,112,20,30,206,182,86,35,70,90,110,198,112,220,71,215,183,90,120,150,128,167,112,51,193,235,136,249,20,175,1,154,198,142,46,5,161,11,135,104,39,39,209,163,79,87,48,161,122,240,16,38,238,213,228,138,36,156,92,114,81,68,15,35,133,185,73,76,123,164,83,192,114,13,152,220,61,81,50,56,189,238,105,71,114,129,107,69,151,106,220,144,56,25,10,71,127,146,228,131,162,1,9,199,242,89,189,198,52,79,222,231,145,189,99,60,36,81,163,187,52,18,25,146,233,131,30,169,139,35,118,53,100,76,92,53,91,0,28,132,45,16,157,146,63,121,76,19,213,175,51,206,199,70,156,236,41,92,212,207,153,116,75,68,82,199,123,74,2,18,68,64,31,210,23,99,95,46,155,232,59,187,39,152,13,112,27,152,96,173,7,135,164,183,82,181,43,228,193,60,136,165,18,219,113,56,218,211,181,48,197,202,19,92,229,14,51,195,173,146,2,123,16,142,53,248,179,161,21,199,101,168,134,176,100,232,36,23,128,192,132,56,248,153,16,210,21,172,5,219,134,111,69,17,136,91,140,117,252,162,121,251,169,188,194,41,42,135,147,232,64,110,50,30,19,204,11,160,194,21,136,254,3,24,94,73,251,90,194,233,190,18,70,14,69,131,1,64,26,25,143,139,116,127
95,238,41,205,190,17,168,168,214,156,181,245,225,156,110,171,208,175,191,87,190,113,112,74,55,158,145,162,111,209,43,127,236,111,224,4,252,193,37,12,20,101,134,148,211,233,201,170,124,242,0,226,68,56,222,0,216,65,171,179,254,216,50,30,140,113,159,97,130,7,153,204,221,77,27,216,44,56,8,127,162,9,111,212,7,117,159,196,29,93,190,64,73,116,147,2,108,96,78,105,79,241,130,80,22,190,47,131,125,3,143,27,197,193,7,248,100,176,249,14,194,120,124,17,186,75,17,125,85,53,138,189,243,68,22,128,99,14,185,229,70,32,93,240,160,198,29,154,6,14,121,225,39,242,102,36,196,33,34,172,131,151,193,75,48,90,173,146,44,190,37,184,42,100,77,125,107,129,238,188,109,116,240,212,177,13,241,124,49,209,250,144,131,58,133,129,63,232,114,21,10,140,79,228,225,115,142,85,162,147,12,23,79,12,10,18,73,107,42,234,158,39,180,196,175,192,67,187,19,92,157,238,64,90,74,205,11,237,67,146,68,55,124,113,220,21,14,214,161,61,50,5,103,3,131,136,228,12,89,30,245,248,59,161,66,113,164,135,67,86,108,80,16,15,203,145,229,50,249,1,38,176,116,250,139,168,155,246,28,49,120,225,55,69,164,26,153,86,5,38,227,243,93,199,152,203,127,96,20,68,50,166,114,239,222,92,112,37,66,146,78,76,37,174,74,168,3,94,64,60,82,222,229,245,45,214,177,224,188,73,152,68,195,204,116,113,122,220,127,189,73,247,253,148,118,123,229,181,203,28,168,149,62,73,228,40,37,45,54,127,2,145,250,65,77,117,47,92,20,97,4,8,18,34,242,75,238,48,21,192,143,67,21,84,95,45,9,186,41,192,40,175,30,238,55,235,208,67,147,135,188,61,148,88,3,98,21,214,150,26,193,230,78,243,113,40,142,116,11,86,87,124,68,49,104,173,214,21,30,89,218,226,196,54,181,182,235,49,183,107,224,129,103,71,99,84,200,162,165,23,250,223,207,76,228,28,170,30,19,118,6,226,157,141,236,210,123,68,130,38,139,196,105,248,115,73,138,107,18,114,243,167,116,50,154,172,113,146,104,3,155,236,89,90,162,137,247,29,61,7,106,116,127
43,218,202,230,238,108,77,236,253,49,155,179,78,51,245,23,129,177,249,83,170,42,96,241,205,90,181,39,63,177,195,148,39,87,210,247,120,133,47,225,167,178,178,39,69,59,41,240,238,6,216,226,204,29,139,102,78,62,152,94,235,188,15,106,112,28,223,33,198,209,253,62,180,107,115,86,235,12,214,14,108,219,126,7,130,219,213,48,46,130,30,133,50,234,4,192,69,23,162,180,51,187,175,242,124,152,214,2,65,253,107,10,167,43,160,76,164,92,196,6,178,112,88,222,115,130,159,105,44,126,120,23,171,122,90,8,127,238,100,17,53,252,156,235,140,222,115,210,82,183,167,151,235,174,121,6,146,122,102,79,31,169,236,238,251,208,37,183,4,60,213,15,247,204,154,99,150,180,67,233,192,155,214,20,89,210,156,19,1,27,103,122,149,103,181,55,105,227,12,112,152,243,186,117,104,193,227,38,124,202,80,160,27,43,6,127,76,155,5,185,89,217,150,166,208,142,61,131,202,86,42,4,254,93,132,203,64,193,55,170,101,24,195,114,31,231,2,132,66,50,106,105,86,65,55,238,249,57,166,17,215,67,56,107,149,179,177,86,10,234,89,35,49,67,142,211,180,244,54,156,212,148,36,124,218,96,246,142,245,173,39,247,92,160,250,104,210,113,20,197,254,117,84,244,62,229,207,135,231,127,9,133,235,108,192,223,70,59,230,2,171,63,134,62,100,114,55,173,35,54,215,54,139,241,213,62,83,38,4,245,33,121,237,33,9,233,211,66,140,232,62,88,137,54,148,212,134,111,237,247,97,151,140,47,11,18,233,22,149,49,222,216,75,81,210,110,84,136,209,19,30,50,117,224,224,129,63,236,197,181,217,227,120,145,222,176,30,21,96,239,152,158,64,189,144,71,163,215,30,57,29,139,29,251,110,45,161,208,186,186,182,49,115,139,243,78,20,160,251,231,202,71,221,221,14,249,165,26,71,41,18,13,60,57,87,170,86,130,215,13,236,118,11,0,158,83,27,222,71,146,20,115,117,142,6,30,84,1,248,6,198,166,174,254,221,42,137,204,4,49,113,246,44,71,145,179,209,181,197,249,16,29,107,5,176,58,153,33,197,32,11,69,205,41,246,101,179,244,194,192,62,169,127
207,236,24,188,70,109,0,119,208,93,186,32,177,16,170,153,59,27,65,109,29,120,183,82,121,228,74,16,232,188,96,43,132,101,34,113,191,58,166,1,29,128,156,105,97,194,190,10,27,194,104,66,228,222,240,254,160,29,170,65,118,101,149,35,208,36,249,174,234,37,248,8,93,121,7,190,73,23,6,117,37,226,251,200,29,134,254,67,47,145,104,126,229,118,34,23,148,210,133,175,247,253,120,186,54,10,91,247,136,150,30,195,158,14,236,248,164,83,0,172,86,24,170,14,125,248,212,247,238,251,117,2,184,147,118,73,149,22,23,31,58,118,212,114,253,90,220,101,105,46,50,178,32,38,214,79,167,67,195,164,40,28,137,150,137,189,164,22,155,16,31,210,238,228,135,3,192,236,187,220,31,228,48,233,47,24,206,49,61,107,12,60,174,42,215,26,139,156,102,124,244,118,88,73,47,31,40,250,188,22,200,208,226,25,240,164,193,151,239,221,66,163,219,68,98,214,125,138,132,143,205,31,32,169,241,153,49,9,211,25,247,53,249,11,209,30,64,49,223,35,118,44,215,78,240,123,96,150,115,202,227,70,135,133,80,244,59,122,178,3,117,93,154,91,198,28,171,186,132,187,46,192,126,178,127,54,72,225,28,223,185,151,169,75,80,190,82,130,132,214,160,233,16,223,169,56,225,188,149,210,3,127,211,213,52,246,33,151,121,183,66,149,20,212,24,15,250,118,6,160,111,187,107,102,223,205,41,197,83,125,197,22,7,48,65,180,165,29,29,67,244,70,33,161,29,74,245,114,151,206,7,219,97,19,250,25,125,100,99,173,197,64,117,101,55,139,83,51,181,54,86,139,72,23,115,193,198,189,195,23,89,164,199,72,105,7,213,215,180,139,217,245,90,182,17,57,156,167,49,208,97,136,99,47,88,76,31,124,169,243,102,209,35,181,244,212,59,147,227,217,33,92,197,91,158,139,9,117,214,1,47,127,170,38,44,75,46,210,143,169,90,217,231,29,216,22,10,192,241,5,20,6,53,202,160,133,108,111,112,2,142,240,142,176,243,61,45,183,84,130,146,25,16,240,147,70,32,61,219,154,28,22,112,234,148,205,154,2,206,117,34,19,132,96,145,67,47,22,163,248,141,76,127
172,241,233,199,246,196,21,200,179,62,202,190,43,119,132,81,249,78,164,97,165,88,93,213,138,189,221,52,158,19,242,194,153,21,127,112,4,133,51,78,188,40,28,104,234,224,160,79,180,247,163,84,204,74,167,120,17,251,110,160,213,54,248,79,215,127,247,208,161,96,159,241,97,201,84,188,171,253,110,156,151,59,86,145,14,161,163,200,226,209,201,173,80,23,91,124,157,204,27,209,197,22,56,30,243,144,45,66,125,83,69,186,19,64,217,131,247,193,137,234,165,173,190,123,198,213,3,108,160,35,158,185,67,189,171,240,136,252,109,183,25,51,120,137,180,12,216,128,139,66,218,210,114,73,180,150,7,76,46,223,21,240,66,57,18,78,72,20,17,196,228,249,154,2,232,108,29,90,135,35,84,251,133,29,79,12,159,169,183,56,66,87,87,180,182,149,25,143,208,134,228,230,16,163,150,202,95,157,18,84,248,224,152,123,80,27,218,182,229,11,188,8,13,64,157,41,128,122,124,189,137,253,165,194,26,232,155,206,133,179,116,144,137,57,140,210,181,228,85,16,240,232,77,223,102,71,49,10,237,212,111,101,193,221,235,197,142,88,87,202,39,225,242,223,182,23,251,145,51,71,14,123,91,59,102,171,42,6,155,219,88,78,249,54,25,145,144,142,244,99,81,36,45,60,190,252,178,35,215,161,212,195,252,6,40,93,240,113,157,167,129,166,98,102,40,213,36,17,233,164,58,86,181,85,0,118,233,123,118,83,11,81,10,28,79,74,39,74,76,200,124,103,66,191,155,246,197,120,211,16,16,215,191,127,59,211,233,180,188,17,238,245,116,117,4,80,128,24,60,242,35,192,115,140,23,150,126,167,5,192,228,230,236,31,174,134,228,53,38,69,185,49,123,216,39,18,209,41,61,182,250,207,5,196,160,160,56,84,238,97,240,234,57,20,148,50,127,32,25,226,142,124,153,75,54,211,49,194,164,208,199,199,157,185,181,76,188,156,90,24,137,254,153,38,73,240,99,168,163,154,143,16,48,171,31,7,75,163,126,35,107,66,240,236,231,28,191,71,162,8,129,87,196,241,241,139,21,158,167,92,46,181,71,152,109,162,168,85,51,245,229,37,227,153,86,150,185,74,187,112,169,34,127
166,55,218,94,133,111,15,127,163,200,253,6,13,106,164,3,45,127,100,128,183,24,127,101,244,34,111,39,68,127,231,151,121,236,206,202,86,9,52,98,88,138,67,128,213,214,87,91,162,84,190,173,79,212,39,181,206,22,130,7,33,42,35,115,12,243,121,8,139,203,80,78,28,116,42,115,149,36,130,41,155,121,208,56,66,103,5,69,17,96,56,34,129,100,19,229,115,218,208,224,157,205,120,95,26,252,146,35,70,130,96,80,230,83,101,185,71,204,115,107,64,116,49,145,144,9,226,194,201,39,4,205,90,200,58,73,166,42,125,125,151,65,245,110,100,47,212,1,158,41,34,60,252,50,157,62,188,167,53,24,191,151,50,36,187,92,12,122,115,14,27,150,206,244,51,222,37,218,35,85,85,3,71,152,198,123,239,86,156,40,49,176,20,14,54,75,41,242,128,58,120,16,139,182,196,113,172,94,215,158,8,79,240,22,20,55,90,46,156,193,216,142,41,136,29,78,155,9,223,4,79,124,19,71,245,15,215,101,25,209,206,151,24,160,64,104,20,85,12,61,229,224,227,21,81,176,205,73,104,45,142,31,141,224,90,194,228,40,9,114,234,175,121,3,179,168,219,176,49,62,188,7,121,125,86,130,227,35,200,147,78,83,52,145,14,134,57,206,174,104,116,52,72,172,59,178,27,128,202,7,82,86,9,12,101,58,223,13,18,216,56,36,221,197,19,53,36,29,238,61,215,172,9,70,178,176,250,174,51,27,241,20,18,210,142,189,156,97,67,217,82,50,44,222,73,117,93,162,131,163,200,104,209,9,58,15,52,203,125,110,116,132,234,187,168,185,68,74,51,30,77,143,114,169,34,106,9,49,164,224,239,145,216,56,198,3,59,124,146,142,176,156,42,2,42,27,60,75,144,28,205,254,239,228,136,72,129,227,55,117,5,209,192,186,26,36,201,95,246,181,10,70,114,229,194,195,132,96,203,155,188,140,248,182,142,167,55,66,203,62,75,181,204,125,103,4,24,89,162,145,181,156,136,190,18,182,28,235,8,153,133,152,102,120,135,66,46,18,92,73,68,238,233,41,237,18,34,150,90,174,180,222,16,170,95,58,243,129,62,100,145,37,142,80,0,239,173,143,45,252,75,24,127
27,90,242,216,166,17,138,70,207,166,6,152,166,29,36,220,62,102,250,168,51,250,173,32,157,4,245,151,185,34,153,183,231,12,12,92,199,59,88,189,149,80,183,76,129,36,129,4,172,225,72,158,237,103,83,46,19,188,7,85,242,15,173,110,157,26,213,23,152,5,192,54,237,103,103,106,75,177,62,219,96,238,253,204,48,222,203,63,13,89,170,72,127,226,212,197,20,86,188,77,174,73,150,239,41,147,19,79,145,176,62,124,187,34,58,2,196,106,169,93,34,6,69,131,231,37,206,136,237,7,5,29,145,146,226,151,163,64,187,117,54,219,86,166,220,210,95,108,134,36,35,167,177,223,87,51,221,106,128,147,211,123,217,215,84,65,46,157,198,34,242,78,100,125,135,4,60,164,92,23,177,252,101,169,42,195,99,13,82,190,10,56,127,186,151,3,210,82,39,211,183,7,121,234,191,85,71,145,70,122,254,128,8,155,245,136,219,21,83,55,228,4,182,67,17,203,228,135,11,188,5,232,164,217,109,138,75,219,47,26,192,106,115,241,223,4,193,74,206,40,111,215,207,105,199,121,50,84,227,24,15,16,117,153,168,43,220,169,81,245,142,171,179,70,22,196,168,184,15,120,174,89,8,220,30,187,222,150,152,190,10,201,191,19,63,245,123,21,221,130,200,145,62,233,13,107,232,119,136,41,66,39,245,18,159,106,48,240,118,207,99,231,107,86,8,210,225,215,113,140,111,4,162,162,171,125,233,66,200,40,33,128,48,183,151,73,33,14,65,99,157,53,143,82,31,170,68,193,186,234,29,73,187,161,230,209,239,61,214,127,234,78,93,119,99,76,195,158,156,95,53,14,105,74,137,86,160,238,57,143,131,36,79,172,252,50,216,208,7,188,233,230,42,167,215,93,186,31,90,97,144,62,84,132,63,9,130,2,236,187,193,47,208,182,130,89,168,174,69,137,126,4,150,206,128,130,88,170,172,194,22,40,47,126,127,243,4,121,145,7,44,38,149,29,167,186,235,26,150,231,70,100,128,16,227,191,28,109,231,212,142,159,235,117,56,123,164,216,151,192,66,216,147,38,110,113,2,251,48,33,166,139,169,78,210,1,34,76,8,158,89,162,85,109,119,107,116,242,55,49,81,68,127
132,0,152,80,127,179,56,135,134,71,17,159,246,113,176,168,161,219,86,105,118,135,202,39,237,54,58,110,172,27,180,3,196,154,239,137,62,59,38,22,47,64,59,201,99,206,230,114,159,197,155,109,140,93,193,13,28,139,41,112,230,6,10,127,83,101,235,90,81,103,0,76,81,101,245,50,36,150,44,152,123,80,199,183,170,57,19,246,219,78,132,246,234,44,223,150,208,184,194,35,131,124,169,197,117,37,198,231,224,160,113,122,189,148,32,205,67,99,69,112,101,10,154,67,144,96,44,197,163,151,95,202,88,109,49,248,82,105,78,111,90,108,25,103,216,77,193,101,178,13,136,198,43,83,99,126,187,205,103,124,193,133,213,174,196,125,125,18,124,46,195,33,70,191,86,182,173,53,63,18,23,151,66,6,136,68,137,169,170,209,183,6,184,15,147,174,92,124,179,110,121,168,185,57,167,90,108,204,91,64,66,97,166,85,157,128,40,202,132,240,96,175,230,235,139,112,230,207,7,78,215,186,184,134,147,217,254,226,120,145,132,1,130,116,151,95,73,77,37,41,53,252,60,128,75,228,123,48,124,69,169,145,121,8,151,134,92,14,2,194,77,161,43,246,37,123,223,234,50,195,252,230,248,14,121,130,102,143,107,99,78,119,237,91,65,134,99,254,119,73,36,249,12,246,123,151,18,122,200,157,210,222,86,154,64,176,245,106,241,120,36,242,225,22,73,68,200,90,77,17,98,101,12,139,150,106,29,49,84,82,213,82,13,209,222,253,136,72,106,91,182,78,252,59,62,159,222,208,234,139,94,112,56,179,122,241,55,246,13,93,128,180,13,12,165,94,244,188,9,6,96,93,179,121,143,46,72,150,132,41,164,45,50,8,91,85,229,210,200,254,7,222,159,196,168,189,172,100,63,102,125,165,201,247,118,66,139,57,243,161,177,124,227,81,210,100,103,39,84,5,10,188,86,134,83,149,22,244,11,60,174,66,233,13,106,23,161,182,121,18,1,153,125,152,25,154,218,210,30,198,145,144,189,38,114,31,163,99,66,186,201,176,13,87,140,236,150,168,3,36,92,114,241,21,212,60,152,93,124,135,31,60,197,127,96,119,136,171,190,8,118,232,91,49,142,158,74,120,238,216,225,144,127
90,239,235,195,81,21,209,189,73,248,9,12,223,113,66,77,193,47,234,50,122,85,134,76,134,249,104,241,62,130,206,174,17,48,69,191,174,115,192,187,124,161,132,17,146,230,116,60,155,27,129,124,65,215,175,248,194,4,86,252,205,73,197,219,225,21,187,230,188,73,13,88,7,154,76,118,9,229,88,127,32,145,76,146,97,127,248,11,180,130,5,73,215,240,30,199,32,164,52,12,39,121,222,113,24,238,81,247,64,181,162,85,139,88,65,139,138,84,98,217,13,77,115,66,26,217,224,164,193,151,10,141,227,21,41,93,85,165,75,186,85,135,151,49,123,174,83,189,90,237,131,87,19,180,203,74,15,200,187,134,138,65,1,56,176,95,19,241,173,51,34,14,138,164,114,212,47,87,206,219,79,226,170,246,43,100,124,163,18,69,203,171,254,52,32,194,252,77,226,45,75,170,200,112,185,251,201,5,17,225,49,254,235,160,173,26,225,96,130,59,118,80,67,230,35,210,196,245,232,235,55,235,186,139,187,246,233,5,7,89,58,253,65,45,238,169,3,192,244,41,233,172,135,175,252,163,161,72,181,22,177,247,108,189,194,106,21,47,136,236,227,110,240,158,143,72,71,139,20,122,46,34,106,96,54,52,197,97,47,79,74,106,141,162,39,212,108,195,13,94,247,105,82,99,207,217,146,160,198,2,165,63,168,65,84,198,85,90,135,57,162,100,197,220,12,83,185,42,250,73,46,36,203,184,129,239,109,171,70,111,140,49,48,240,179,2,57,40,120,45,223,54,211,139,229,36,128,50,24,16,55,113,158,115,170,84,170,185,145,55,70,168,231,138,239,2,181,227,161,117,66,61,89,198,253,152,0,188,143,134,209,140,138,40,43,188,67,17,92,44,184,115,214,60,50,48,41,78,60,107,219,94,179,59,209,181,210,96,63,244,118,219,253,114,24,130,164,201,194,196,167,148,242,75,22,27,9,91,89,176,83,105,89,248,134,159,216,11,231,57,137,105,220,129,170,39,5,160,49,2,24,214,128,1,157,61,76,145,97,84,182,1,57,9,238,107,118,59,235,93,97,222,108,195,174,209,124,117,41,147,54,79,22,236,84,12,190,149,82,18,200,39,121,176,136,31,44,61,166,221,142,96,127
232,229,144,165,28,5,74,65,70,124,253,214,81,19,251,47,226,189,158,170,246,206,134,90,173,144,70,182,143,69,121,134,103,146,102,49,73,91,254,187,5,159,21,81,43,232,162,15,0,47,134,61,13,24,185,1,124,194,213,230,12,53,106,161,0,212,28,79,32,151,66,17,65,194,33,208,97,36,76,164,37,224,26,39,170,104,77,90,194,92,93,103,177,59,121,7,129,38,9,26,80,151,249,161,77,115,242,55,197,29,169,170,192,173,191,61,59,184,181,222,161,99,24,34,241,141,197,83,211,171,218,87,83,140,171,154,124,142,8,164,103,6,215,89,235,107,103,151,216,30,230,104,151,218,184,183,178,147,90,180,15,24,107,239,171,155,228,173,167,247,93,101,116,213,204,131,44,85,213,100,94,26,235,161,121,169,157,174,216,233,152,71,121,75,39,121,221,119,53,185,109,164,189,158,175,125,60,214,79,211,112,134,81,2,21,162,41,210,117,226,37,79,70,24,219,57,202,57,53,247,136,76,6,59,207,68,181,248,250,5,186,28,248,219,57,144,116,204,132,198,15,77,74,137,196,58,99,231,62,121,168,170,94,211,122,158,50,76,186,20,170,176,61,49,89,70,28,41,142,241,136,119,33,237,151,195,111,163,113,246,133,204,197,238,200,39,169,48,17,54,158,149,201,6,110,38,179,64,56,166,67,83,36,131,39,130,229,223,6,234,164,190,207,50,205,153,187,227,142,84,59,121,88,2,196,37,59,123,160,24,107,48,54,194,80,173,42,122,76,121,5,200,175,120,216,114,196,95,18,76,243,40,172,223,213,193,209,253,21,141,127,145,165,11,90,38,162,83,42,129,74,219,151,244,236,165,15,89,153,169,185,139,23,106,217,107,72,134,132,83,225,138,154,43,8,44,128,228,81,208,127,40,77,25,229,124,70,222,90,224,149,168,71,146,124,24,77,69,168,74,88,73,48,60,40,206,9,163,120,196,20,188,33,22,206,20,218,66,108,45,127,88,22,143,198,84,17,167,45,35,97,196,4,16,135,151,72,240,189,103,244,0,78,88,24,231,68,99,188,109,21,210,179,28,20,130,95,60,84,174,234,98,206,122,63,146,246,209,238,113,87,41,62,130,12,223,33,249,218,179,201,215,127
155,32,244,14,1,44,63,214,214,244,122,41,56,198,216,109,254,55,28,222,237,43,92,114,157,198,41,207,97,198,237,231,171,203,55,163,187,182,130,252,220,101,60,142,58,202,96,37,201,128,82,153,37,209,140,41,234,241,222,88,83,4,221,130,220,220,231,48,223,21,189,189,229,152,66,66,92,77,254,147,9,110,21,92,62,253,124,164,177,36,76,227,5,11,40,138,16,86,165,163,52,15,188,209,103,94,48,200,132,247,23,112,64,191,32,150,156,215,70,175,10,243,48,200,82,114,172,21,96,133,209,214,113,160,198,118,45,251,85,30,46,32,94,7,81,155,240,220,206,45,218,219,187,237,162,61,115,151,208,152,210,7,225,85,195,0,251,218,66,136,55,215,175,91,200,234,192,172,10,48,3,216,55,37,44,15,187,106,42,71,60,84,66,193,121,91,116,72,155,174,141,93,129,229,193,31,4,67,167,19,112,146,93,69,7,202,192,78,195,186,211,213,91,239,206,85,243,149,24,253,161,240,86,56,15,141,207,97,64,240,250,247,247,167,208,111,190,204,129,211,62,64,31,244,41,79,180,105,191,16,188,208,56,1,11,172,85,90,68,104,175,91,43,160,11,196,181,92,234,50,100,0,176,73,120,81,153,51,12,197,209,239,186,23,123,126,149,188,139,85,93,130,16,22,238,126,27,87,169,57,2,33,115,145,233,69,3,220,198,118,160,147,160,180,111,96,240,190,56,213,15,231,28,249,15,89,133,158,109,193,114,122,144,226,88,221,185,140,201,196,178,161,37,102,66,149,127,133,243,186,238,196,48,28,127,213,207,62,129,28,23,28,250,156,110,204,238,190,245,241,75,173,249,153,6,254,70,170,244,77,151,49,228,2,76,75,50,242,122,217,20,43,229,237,22,43,61,108,240,27,210,239,132,57,248,197,49,88,144,137,220,194,6,179,146,181,240,97,189,92,110,228,94,116,133,60,194,248,149,130,58,121,165,150,83,38,249,102,204,28,166,196,231,66,60,107,247,149,53,78,99,237,39,191,183,26,160,144,156,198,86,202,230,108,66,215,208,93,140,0,166,181,204,137,218,12,128,64,199,16,35,58,252,73,182,200,221,204,62,148,207,186,225,178,7,12,21,173,86,233,99,153,127
189,107,60,58,136,60,200,55,215,125,222,217,99,0,105,10,21,156,77,88,210,227,160,248,75,192,156,162,123,65,35,234,24,27,204,233,57,155,207,84,197,212,189,16,145,74,117,120,237,90,202,103,182,76,57,91,182,216,113,30,234,245,2,74,113,34,208,188,95,206,198,152,163,221,13,152,113,193,144,220,193,178,22,80,11,225,231,206,38,213,116,155,30,217,42,50,190,226,39,210,194,175,179,217,151,121,143,33,75,252,132,114,91,134,183,144,0,21,12,167,165,229,10,51,4,217,43,52,75,118,137,25,183,55,96,58,67,23,40,47,149,138,86,225,64,58,148,220,171,42,237,58,119,1,99,127,189,144,209,167,144,126,105,158,122,229,187,76,156,132,166,186,236,238,50,229,221,171,212,12,209,11,211,83,158,150,16,22,205,154,89,118,103,199,75,53,163,135,128,190,135,50,77,223,16,133,231,235,122,28,126,238,11,90,110,100,234,141,120,129,63,57,168,160,214,182,123,158,149,239,52,42,53,228,49,108,72,1,183,207,17,52,155,66,235,228,238,143,76,253,210,45,49,90,129,124,36,41,48,0,19,219,134,157,71,180,143,169,48,126,85,76,25,230,88,227,10,106,0,199,238,93,208,208,10,125,7,211,17,120,66,116,4,127,65,8,243,238,70,144,95,214,39,127,249,178,254,191,50,66,143,114,3,173,14,145,254,32,165,4,106,185,5,135,206,95,25,158,234,71,211,204,62,42,33,28,175,19,200,85,45,207,92,2,130,192,146,73,207,146,21,173,157,134,59,134,237,214,119,25,216,96,63,241,30,214,217,160,12,73,221,98,204,45,130,158,162,117,74,165,124,169,197,68,244,191,216,241,102,118,142,146,150,233,45,13,46,242,131,38,168,208,110,24,26,128,158,226,52,132,97,110,192,254,109,195,35,158,22,65,34,103,237,26,226,103,81,69,146,204,153,204,30,32,174,254,128,235,194,206,188,87,240,60,195,254,129,29,4,3,57,172,162,171,214,243,156,227,241,205,64,67,244,45,126,22,210,36,30,241,243,199,66,228,104,5,168,207,48,150,93,165,223,12,5,11,178,96,220,184,73,109,5,43,70,131,86,26,138,153,97,121,15,160,205,236,9,177,94,250,72,7,127
106,14,158,120,195,105,59,177,252,83,230,252,244,47,228,25,32,211,191,205,12,29,41,8,167,224,88,67,27,73,154,245,100,208,205,99,169,192,83,131,226,88,72,96,149,129,27,21,87,70,94,248,235,182,2,133,168,167,138,67,249,214,213,62,220,54,244,1,235,188,223,173,158,154,175,223,245,28,226,99,206,166,158,221,166,9,227,88,131,208,232,169,254,127,32,30,64,142,158,86,227,70,189,116,137,53,59,13,105,206,139,82,222,53,42,17,158,243,221,161,252,94,146,217,40,153,216,18,45,231,1,47,55,207,237,93,160,247,198,14,157,35,61,87,61,60,245,103,132,107,115,177,190,193,103,212,13,44,120,254,98,123,118,23,124,92,7,32,208,94,153,105,219,226,175,69,124,133,59,105,200,68,117,201,203,147,59,31,239,87,163,252,72,247,96,1,145,183,61,179,31,80,254,187,205,83,34,190,94,222,168,94,196,54,176,158,15,3,83,241,163,107,74,80,122,0,9,16,140,219,232,2,140,212,32,53,171,86,68,76,139,96,45,56,55,93,231,73,171,212,188,54,89,226,70,63,182,96,157,245,59,52,155,62,72,75,59,48,135,170,169,149,173,54,61,214,31,236,116,239,171,200,45,157,1,171,84,120,29,90,181,22,240,127,141,225,93,251,18,253,73,2,86,3,223,224,93,205,116,221,16,188,198,201,154,184,204,179,83,128,193,188,128,122,176,79,78,156,170,96,211,83,32,28,122,115,205,13,198,61,2,44,206,222,3,247,248,21,71,126,70,130,229,220,233,88,23,197,243,127,130,127,34,11,185,165,238,157,61,101,172,73,206,5,115,179,143,102,90,200,46,141,140,28,181,200,222,238,169,114,9,123,114,153,50,116,188,223,134,68,215,62,199,85,108,230,40,52,155,9,221,93,239,142,155,10,238,166,230,148,4,215,186,7,148,14,21,242,215,167,11,29,195,18,101,75,18,102,19,230,188,100,159,166,170,208,251,198,36,100,111,243,252,217,251,215,218,120,80,5,17,20,195,183,195,195,198,55,95,220,164,57,58,229,99,123,81,217,125,141,111,174,122,155,41,19,67,25,46,14,135,204,160,33,154,149,90,125,41,51,45,179,143,42,206,93,219,26,179,141,234,254,127
161,15,186,110,252,227,24,142,34,89,99,137,130,56,218,13,141,182,93,154,112,111,160,6,51,35,12,244,32,167,72,190,183,237,93,128,70,100,64,24,100,11,237,82,84,51,13,233,86,168,225,95,51,226,160,187,102,108,116,81,33,14,27,106,138,14,169,63,48,231,231,72,158,231,111,237,87,182,229,102,10,106,97,65,136,220,33,177,144,147,89,109,74,5,117,13,54,61,45,211,224,50,154,182,131,104,227,216,108,249,150,96,116,62,183,170,200,19,75,36,245,64,87,129,144,207,182,46,217,162,129,33,174,175,202,3,136,177,69,70,225,238,178,104,91,13,102,213,222,56,138,151,20,249,248,117,71,8,126,169,23,72,223,55,80,201,158,209,235,44,13,218,61,71,106,50,18,215,26,17,186,153,214,159,210,253,162,22,222,213,250,84,0,56,128,88,80,165,215,16,97,180,34,45,20,196,148,101,203,23,104,145,132,178,92,12,242,35,148,230,117,226,2,98,70,225,112,65,55,240,88,231,83,189,73,127,169,225,77,49,163,122,238,88,114,111,161,10,154,220,89,112,62,39,115,76,97,34,232,126,82,202,91,231,142,147,110,251,161,49,92,118,40,74,83,101,154,116,56,6,68,1,240,27,69,242,138,227,129,155,254,234,87,160,97,121,108,82,180,214,50,193,24,195,22,100,142,112,203,171,166,39,164,213,193,81,42,79,163,30,195,198,96,158,60,171,243,99,20,145,4,231,211,155,232,241,153,137,84,38,145,152,128,6,158,237,6,109,32,19,37,244,209,81,186,123,126,158,116,23,153,21,141,11,123,42,49,88,185,189,10,170,7,168,122,201,71,136,113,118,25,26,70,35,239,54,45,131,48,176,83,9,42,60,108,79,5,158,224,50,71,233,88,225,222,84,91,8,128,155,168,141,191,219,95,143,179,139,134,168,221,209,166,141,122,52,249,68,242,22,157,28,100,67,80,234,56,106,96,187,87,127,226,133,131,247,155,178,229,230,178,127,212,85,85,130,223,190,46,5,79,66,82,138,27,218,26,17,179,156,250,252,116,234,168,205,50,107,164,248,222,234,222,147,177,0,179,132,56,71,26,127,196,61,209,14,203,169,12,103,143,238,203,80,165,190,105,10,146,201,101,106,127
166,127,20,68,219,203,14,34,194,171,239,43,193,174,206,17,9,151,205,251,8,127,36,226,184,59,112,117,154,247,243,242,55,31,191,237,71,72,94,183,156,66,2,176,143,125,102,40,106,118,28,92,0,119,89,68,131,60,44,96,50,105,64,210,250,198,231,86,32,221,21,250,126,138,71,32,244,36,184,117,82,209,151,245,123,88,205,149,170,96,178,18,64,213,59,168,119,42,147,186,88,12,202,166,229,167,120,165,238,7,85,6,24,90,168,197,221,193,111,195,249,228,132,13,170,62,125,99,190,1,62,70,98,60,27,116,61,144,77,215,99,155,229,6,244,147,158,29,155,194,217,41,221,102,108,122,50,18,3,175,4,175,229,201,134,113,72,136,125,35,175,97,73,200,74,180,175,88,140,71,199,149,148,166,155,252,212,29,213,87,16,81,23,43,115,129,43,219,201,253,20,134,158,158,250,241,125,233,51,183,188,192,57,2,43,187,224,132,211,249,120,18,207,41,151,223,105,56,220,92,220,27,217,239,187,100,134,195,99,108,64,154,206,64,28,60,136,242,120,227,97,153,84,34,193,237,112,183,161,159,122,118,53,91,162,167,170,105,65,10,98,198,191,187,185,236,91,98,127,79,90,254,132,90,124,60,106,251,10,69,26,137,116,181,76,161,17,67,221,87,212,46,234,114,99,139,49,60,18,155,129,19,185,90,131,76,5,38,6,157,53,162,76,185,2,1,188,247,239,190,54,15,166,41,63,227,249,83,156,123,123,177,76,221,89,80,170,140,88,114,170,232,108,36,104,181,202,44,40,120,78,196,51,195,28,44,199,86,205,151,73,16,99,13,180,219,115,220,39,37,41,61,48,46,38,174,140,108,114,240,151,58,234,150,32,68,228,53,165,117,114,55,249,47,248,192,87,217,213,118,92,160,120,99,65,35,17,5,84,237,86,126,111,146,35,121,238,20,10,225,58,2,214,66,180,13,53,179,187,120,95,148,93,101,125,34,230,23,224,176,248,177,48,6,4,53,6,100,112,197,110,90,186,187,105,122,176,183,199,14,47,94,101,86,86,235,61,203,226,209,220,165,96,3,35,166,199,13,221,137,254,135,93,66,67,149,22,121,41,24,41,145,144,196,215,43,22,166,53,53,154,168,127
217,132,103,196,222,151,81,160,211,21,46,227,215,14,48,67,21,79,79,69,48,124,154,215,53,111,238,78,164,124,140,75,205,193,240,77,82,124,112,69,210,234,87,77,195,39,234,123,111,222,238,187,146,240,14,65,239,5,29,122,158,115,233,37,133,253,150,195,118,108,198,156,141,81,33,225,113,65,175,170,131,241,209,189,214,173,11,92,235,251,4,63,205,185,56,131,202,7,15,177,188,72,3,142,203,158,11,59,153,61,154,124,142,62,35,112,196,112,172,79,215,205,88,32,170,132,74,35,198,28,129,164,208,248,254,86,222,160,167,99,138,139,210,162,212,149,83,1,37,181,178,169,53,216,85,16,225,186,249,119,181,66,110,87,59,80,62,125,92,218,168,253,44,47,190,8,193,236,199,115,135,225,90,17,22,182,154,203,28,59,24,0,160,0,61,67,24,159,158,126,127,63,33,216,158,63,200,87,192,19,163,144,189,80,174,92,18,120,166,120,20,54,224,102,196,38,240,125,154,206,222,85,80,69,42,80,214,83,196,153,54,100,179,231,73,218,76,209,206,47,200,214,207,56,209,52,247,123,117,107,80,133,25,162,229,93,65,195,110,127,136,193,89,77,91,1,195,52,101,77,143,137,188,77,75,20,226,155,58,66,195,96,252,184,215,128,13,103,146,99,28,238,203,230,184,254,110,135,250,36,125,183,172,127,22,58,77,193,78,23,181,166,178,173,146,120,49,67,217,77,243,172,127,23,49,127,136,240,177,87,98,58,114,245,213,107,184,159,56,191,148,98,244,98,47,33,154,52,3,145,131,8,139,208,35,185,190,91,121,152,42,253,113,115,7,4,90,130,176,125,6,142,59,181,69,204,160,128,140,110,206,25,206,108,248,164,49,74,22,232,2,115,224,134,106,190,51,84,124,95,132,206,203,170,132,130,241,14,55,0,147,246,23,166,76,94,50,139,162,72,16,34,169,183,217,201,55,98,89,190,25,81,89,56,191,87,153,237,250,46,200,20,69,131,234,64,91,75,121,24,52,159,241,47,191,47,79,8,135,66,254,81,31,203,179,14,38,239,71,158,139,139,22,31,236,150,223,244,231,163,203,240,120,71,134,218,43,20,141,29,185,116,105,31,140,80,125,109,61,134,196,38,127
147,247,184,239,41,238,142,199,34,219,157,92,213,160,95,55,237,123,250,1,213,80,206,96,83,28,164,139,249,184,252,237,136,215,158,206,18,249,158,148,58,56,177,73,242,243,214,48,166,103,206,203,217,135,189,28,50,227,250,196,110,99,205,140,123,62,109,96,143,239,6,150,249,57,178,175,212,19,42,28,99,127,113,88,46,253,15,39,181,67,249,198,224,192,47,142,42,34,176,90,101,164,180,15,174,197,125,209,106,109,48,125,172,245,42,6,165,218,69,179,181,50,49,99,84,10,145,215,70,205,117,64,160,53,44,236,0,33,51,233,188,11,227,235,100,163,76,33,33,215,50,162,174,47,74,118,4,55,71,227,239,164,76,254,31,115,208,122,95,133,80,48,174,147,16,216,254,100,231,30,167,219,137,249,162,75,23,71,155,19,109,82,145,96,245,108,195,68,14,71,128,153,176,45,159,46,45,181,253,58,19,92,227,228,252,99,94,27,67,12,248,53,222,170,39,84,5,88,195,248,209,0,81,246,247,127,17,145,142,110,54,223,127,99,33,57,43,146,44,136,233,50,89,22,145,42,95,94,147,35,25,121,165,197,62,232,1,187,112,153,220,131,141,89,182,156,117,163,218,206,25,65,96,12,88,4,36,169,137,27,102,96,253,192,157,9,152,147,162,76,143,237,24,44,217,77,72,58,41,18,115,183,191,24,183,97,48,47,34,246,217,163,97,9,220,112,13,157,112,212,145,253,177,189,192,77,146,184,53,193,210,71,241,54,185,74,75,239,119,210,60,173,37,77,227,178,217,138,197,40,245,48,4,107,56,78,24,149,64,137,158,219,156,194,188,223,230,16,161,150,137,131,207,24,199,218,151,195,64,89,217,229,49,236,170,118,90,158,19,24,132,142,149,151,19,231,219,115,14,156,181,130,27,227,99,15,248,124,102,139,119,225,53,129,20,156,237,113,161,175,158,170,234,52,19,158,111,251,9,102,169,117,55,108,253,114,200,165,21,19,131,239,0,237,47,153,223,140,107,151,3,203,56,184,216,67,88,210,159,253,216,60,128,14,203,59,228,37,252,14,116,90,49,230,198,196,191,41,225,234,66,53,17,46,174,231,108,215,101,32,99,105,161,182,46,103,16,105,239,149,153,188,127
81,137,27,36,229,134,221,186,195,197,18,50,92,158,209,133,99,80,228,217,91,108,38,217,156,247,62,109,163,122,164,83,105,244,225,172,193,192,1,177,222,4,110,180,220,198,229,51,42,14,42,181,199,174,103,209,184,112,207,19,74,65,58,8,162,207,253,48,77,184,105,142,234,85,97,229,181,40,126,11,202,69,215,214,211,191,7,106,33,132,218,245,101,208,32,229,83,23,49,196,137,58,85,41,28,168,97,191,149,238,115,252,240,217,25,67,64,84,92,225,241,127,248,106,162,142,225,86,142,190,189,243,63,53,222,125,16,247,205,196,195,14,21,72,10,34,129,109,247,134,137,39,157,126,15,194,172,190,238,193,69,49,198,42,194,125,54,50,148,91,10,2,123,231,101,72,116,238,233,118,210,178,63,119,106,54,154,74,219,181,48,44,60,242,74,235,241,101,244,65,200,106,63,208,100,68,5,123,242,235,239,57,169,67,125,175,69,46,36,150,36,95,82,15,17,72,106,196,164,26,199,82,1,38,25,33,141,18,19,47,11,50,76,221,177,223,14,81,147,35,13,75,165,128,188,191,153,157,137,187,79,136,169,79,171,14,220,31,209,202,102,58,118,16,96,44,47,237,199,142,121,104,70,25,24,23,95,218,139,6,176,18,193,79,162,221,240,245,153,7,129,166,39,163,246,124,18,1,187,239,225,72,139,111,120,138,47,220,50,249,32,92,29,227,132,17,169,114,120,241,60,149,96,37,159,112,30,1,135,131,57,51,208,70,104,207,179,33,76,7,104,218,75,130,137,18,102,206,228,174,26,102,60,158,57,242,238,5,50,167,127,74,127,33,164,236,160,126,77,188,20,151,178,188,247,181,111,161,70,196,68,115,25,68,159,247,51,30,223,199,30,77,97,190,78,127,230,50,82,175,237,33,149,104,184,162,23,126,173,184,113,165,3,237,72,132,5,203,53,140,152,99,202,82,233,195,89,106,92,124,162,99,59,111,157,169,47,246,185,105,235,53,220,111,24,211,35,226,188,218,7,150,214,194,12,117,183,180,36,140,41,236,112,98,7,150,249,152,193,150,140,34,161,114,69,217,225,192,159,252,116,50,185,76,142,9,82,220,142,117,120,76,18,139,9,229,97,249,105,190,51,31,127
201,215,102,94,156,5,182,4,72,5,226,199,230,29,164,2,13,198,247,10,23,98,153,42,42,96,32,196,231,133,95,100,254,60,48,231,189,146,195,179,29,112,27,228,9,127,82,225,232,147,240,111,93,40,169,83,186,246,180,10,224,157,250,95,154,7,253,186,72,96,139,168,140,45,110,62,176,249,157,31,7,224,253,139,128,229,59,75,80,58,57,251,123,178,96,141,104,86,150,117,1,139,6,27,228,47,224,230,33,111,164,158,61,62,112,71,156,65,93,176,122,108,197,161,17,233,45,125,216,53,105,58,182,236,252,220,26,169,35,98,2,106,45,166,96,93,112,183,90,2,65,35,146,5,73,6,236,181,74,227,94,86,142,173,55,114,85,250,2,109,27,56,81,219,78,14,19,128,14,101,187,32,137,247,94,191,212,50,64,112,132,114,210,6,190,171,74,98,233,163,254,166,211,147,79,50,198,216,48,123,204,49,202,10,89,106,229,101,163,76,10,86,29,251,252,138,227,175,170,155,197,225,163,17,70,132,137,238,115,130,186,187,77,75,231,50,3,82,96,156,233,81,253,142,241,148,141,166,216,111,85,193,118,247,11,100,117,158,235,167,177,47,33,247,76,113,62,19,148,18,198,31,59,116,243,13,191,97,181,122,8,85,41,8,207,84,23,182,22,132,200,162,153,160,203,60,224,29,230,161,173,203,138,131,3,38,198,114,117,55,218,169,218,3,153,79,40,200,120,78,47,174,142,174,12,167,153,61,38,199,130,123,95,202,177,128,1,228,201,156,214,103,36,212,143,43,142,63,194,88,253,105,32,199,146,141,95,218,10,18,144,51,147,166,217,10,193,58,170,217,239,78,138,17,44,7,138,42,41,198,95,26,35,199,10,29,241,238,44,186,83,73,125,67,15,80,131,135,250,143,68,204,35,235,216,40,217,187,218,129,36,181,245,98,86,167,209,153,60,222,146,216,71,94,42,215,225,5,14,242,109,14,218,111,125,211,47,162,54,39,191,92,143,211,240,100,39,227,224,137,139,130,235,5,101,105,225,140,202,106,45,96,83,14,11,181,82,169,180,195,157,242,71,200,195,30,65,83,75,29,253,179,124,251,176,111,134,46,254,248,165,247,136,37,196,47,41,80,73,34,203,63,127
13,5,102,128,28,69,144,230,104,139,96,1,71,141,187,180,214,75,94,37,223,78,163,166,21,96,109,200,23,216,184,160,225,218,28,43,52,42,147,66,160,102,139,42,118,110,75,39,55,148,61,52,204,158,25,14,83,7,24,252,133,202,110,36,202,72,249,51,177,194,170,8,26,32,2,90,183,155,15,179,103,96,88,53,52,165,83,242,238,236,133,44,49,89,192,92,220,111,73,42,11,128,62,106,133,6,196,23,38,135,239,206,239,232,92,218,146,131,151,252,175,181,227,217,148,19,12,145,134,154,238,232,135,26,219,131,248,223,27,70,39,160,55,223,23,80,81,173,81,197,211,224,2,92,61,194,154,17,250,81,105,104,32,72,11,111,149,5,206,115,30,27,13,21,150,126,239,44,119,249,132,113,238,243,252,103,39,47,22,57,52,213,28,33,83,102,96,121,237,202,169,52,145,131,237,111,187,222,161,182,171,248,212,228,164,134,209,244,22,7,235,112,103,64,204,120,37,186,132,129,60,41,117,46,118,61,210,71,37,105,32,156,247,40,177,149,40,243,136,208,66,139,11,31,246,235,196,136,107,128,156,180,118,245,77,43,226,186,190,84,12,151,215,126,124,79,228,90,122,121,121,238,157,164,61,169,12,157,198,99,70,151,219,116,133,82,45,7,22,184,242,102,65,121,115,102,149,201,145,65,30,158,37,30,62,17,159,4,41,227,242,208,148,242,111,200,142,146,3,167,164,112,124,63,151,37,64,168,109,1,168,233,22,196,83,254,207,5,188,63,79,180,234,3,208,251,192,2,33,153,95,91,93,16,40,71,189,254,61,61,2,141,1,154,60,124,173,140,58,136,156,233,148,173,223,202,210,187,4,46,52,138,8,88,195,6,218,84,215,74,229,7,71,179,2,50,1,108,235,193,58,196,191,59,67,158,29,252,118,116,208,200,20,121,92,141,224,147,252,218,157,150,246,186,3,157,250,192,23,209,137,8,106,140,201,244,50,198,38,197,154,90,35,43,162,120,55,82,245,98,173,55,204,115,38,221,40,143,170,160,231,46,104,133,40,143,10,223,216,2,107,43,59,216,71,72,33,24,62,43,190,112,15,154,249,234,40,160,79,177,241,170,229,133,17,226,104,108,242,167,166,188,127
81,132,201,32,7,132,125,63,205,85,130,44,199,80,75,191,13,234,219,173,33,70,11,95,201,206,104,23,28,154,17,93,118,57,150,50,190,211,227,109,167,70,70,216,0,150,12,53,23,221,216,105,200,31,203,59,243,223,94,44,251,19,140,79,238,78,51,200,197,91,135,193,12,192,71,187,4,52,52,46,197,42,237,172,138,90,122,165,130,40,219,240,50,69,188,99,214,62,105,23,24,164,10,66,66,80,60,249,237,58,132,49,164,92,167,168,60,229,130,121,49,108,218,86,25,218,206,102,104,122,246,5,242,141,153,17,22,215,95,70,72,61,53,41,197,6,149,68,35,126,96,38,36,21,252,34,217,136,182,172,189,181,138,39,8,0,168,39,133,5,140,151,1,116,157,227,157,101,14,62,192,216,56,137,83,155,231,56,72,41,121,127,184,110,48,19,156,164,126,3,17,152,85,89,42,180,159,67,46,241,190,206,7,194,142,10,133,240,211,223,19,210,101,229,140,13,4,127,49,116,53,116,160,251,212,130,231,190,130,218,23,115,183,183,21,55,134,77,73,188,96,181,252,13,45,50,78,193,60,9,224,166,31,33,119,148,240,143,199,88,84,236,85,183,124,189,3,15,157,112,69,214,251,91,128,54,143,90,81,7,119,197,142,164,235,112,250,177,61,40,98,58,206,217,28,148,142,11,157,32,20,26,52,121,228,76,231,95,233,165,124,123,130,21,197,119,48,250,236,170,16,78,64,133,190,85,38,34,27,100,254,17,34,48,183,218,62,39,136,38,13,194,135,131,106,51,84,118,136,237,54,10,242,165,9,43,47,95,188,162,108,100,88,185,34,111,127,118,241,50,167,128,143,114,87,169,242,154,186,187,242,172,81,12,102,228,200,164,67,93,159,169,113,40,205,106,101,201,190,211,35,221,18,211,97,86,21,100,69,58,89,250,215,17,167,156,106,237,147,55,243,233,190,10,249,21,190,3,2,67,188,144,65,130,129,161,46,232,113,45,237,184,132,63,182,67,17,124,228,95,196,100,51,30,169,60,133,22,76,67,149,35,185,142,22,103,164,41,41,67,233,231,70,160,121,226,92,31,110,56,70,173,158,22,122,230,8,96,148,248,173,128,168,103,68,25,120,48,216,53,22,113,127
152,27,239,209,154,197,190,244,72,97,236,57,244,139,106,163,186,125,123,24,209,101,211,215,146,148,228,89,169,232,45,244,234,48,188,120,83,78,23,226,86,86,130,204,112,79,159,212,26,13,5,14,96,168,231,144,156,113,143,32,13,149,178,54,65,171,14,65,248,99,145,43,127,55,10,94,181,182,191,151,249,118,37,1,236,249,85,157,148,44,175,143,244,167,146,103,164,0,229,203,64,53,140,96,196,201,119,134,250,24,3,145,171,181,63,158,225,4,220,62,62,15,242,75,33,218,26,159,23,149,223,160,189,220,242,136,87,131,18,24,181,118,48,2,62,7,188,5,140,193,0,210,99,250,95,89,128,164,193,180,138,101,38,247,91,130,229,140,213,172,58,173,161,183,219,125,80,193,233,2,246,91,245,192,91,63,129,212,24,182,138,37,60,110,78,172,193,11,230,245,202,118,241,161,70,181,96,157,158,156,229,56,35,154,87,85,92,160,44,3,221,208,89,185,96,106,193,190,82,171,69,50,91,97,123,216,206,218,56,252,16,1,102,90,107,130,165,130,209,186,154,5,184,175,94,59,231,4,141,20,56,175,199,138,192,49,222,103,178,238,121,154,180,15,55,132,164,31,73,0,37,227,55,14,45,210,112,253,66,160,30,167,218,240,20,207,74,158,158,150,18,197,80,93,229,8,232,186,133,156,241,227,137,166,68,208,192,249,156,209,174,167,24,31,119,211,216,216,200,236,4,221,43,123,127,236,92,11,201,204,100,150,33,85,43,105,27,80,87,249,226,42,210,67,191,187,61,61,142,128,127,65,173,232,227,4,122,57,192,39,132,92,75,56,93,235,153,176,64,51,75,104,114,159,149,11,23,154,31,175,186,37,82,16,136,168,192,58,209,172,237,104,182,11,99,253,233,209,21,109,247,19,87,136,210,143,83,75,253,107,120,3,87,100,87,109,239,7,41,18,132,126,111,115,185,148,226,84,117,210,72,233,61,80,202,163,198,208,234,201,222,110,91,202,50,24,167,55,153,124,184,128,124,17,129,163,166,125,202,38,188,4,129,11,232,38,58,73,65,43,247,107,76,191,33,213,40,9,185,168,197,196,235,34,52,153,127,235,236,46,203,12,174,70,24,250,67,113,190,29,99,87,127
5,150,104,184,68,65,76,183,6,61,58,204,17,199,224,224,115,21,142,189,202,61,228,232,120,165,68,102,195,47,217,225,157,127,123,4,163,234,193,206,203,43,232,80,139,93,147,249,97,94,119,97,25,137,254,99,123,25,214,167,155,145,79,231,202,207,194,203,219,28,170,86,109,99,226,194,73,188,114,160,17,39,148,189,38,245,60,110,128,13,113,234,238,66,170,207,45,173,229,211,53,254,93,218,72,57,61,39,223,181,22,164,114,14,205,254,133,203,158,141,149,104,169,70,57,251,104,2,167,64,214,236,40,213,96,233,115,1,151,152,58,143,17,229,179,30,74,29,57,115,128,130,183,188,184,214,36,163,113,160,252,125,130,228,115,38,247,119,195,135,56,232,246,182,12,45,125,136,148,238,122,108,80,99,64,150,179,214,27,105,177,225,215,3,245,53,155,154,157,12,27,230,143,172,87,55,20,182,19,80,34,208,128,64,179,146,158,140,41,133,247,70,34,198,231,162,55,62,163,67,132,34,224,193,141,200,40,211,62,239,147,176,217,151,215,182,39,74,182,207,54,57,2,180,200,89,23,7,10,180,191,189,6,49,179,152,27,156,227,73,253,116,35,33,138,172,158,81,45,217,48,85,101,168,217,241,235,21,29,181,180,216,86,204,86,127,49,197,86,69,55,140,196,36,238,114,10,181,212,165,97,198,140,200,75,248,198,12,221,222,239,19,250,138,137,178,165,73,86,230,189,95,90,172,74,101,248,170,53,116,167,54,7,117,84,114,90,176,154,140,207,3,104,174,29,14,216,247,185,45,152,16,224,227,86,146,104,175,82,108,205,152,183,3,102,250,166,151,200,77,134,160,30,164,119,172,46,151,164,102,23,213,182,42,151,92,127,18,54,186,178,80,13,171,252,98,106,177,78,175,179,127,105,85,127,254,91,197,52,156,232,182,115,224,1,217,206,57,130,53,10,166,249,252,102,234,1,220,248,121,63,31,229,188,75,13,177,189,252,203,239,3,43,121,211,53,89,231,168,147,209,238,231,146,34,231,63,152,29,85,41,104,75,217,137,66,118,38,125,2,136,199,24,157,146,143,185,1,121,27,134,36,58,150,184,217,3,21,202,15,95,40,30,194,244,44,17,71,29,190,121,119,127
55,34,198,39,218,131,96,17,169,13,147,243,249,7,108,89,198,236,171,229,148,198,166,244,189,224,38,11,34,112,107,4,158,10,192,198,36,197,15,221,19,152,71,162,186,244,22,102,84,111,114,142,69,47,48,10,13,54,152,69,253,42,67,24,178,108,170,42,117,56,155,206,28,45,200,93,84,148,193,199,39,155,167,128,25,220,195,148,83,210,62,32,58,26,178,8,97,60,29,65,108,26,37,145,229,254,247,36,213,203,210,220,122,41,144,112,90,143,107,24,151,229,216,123,178,27,206,183,57,238,30,48,83,171,145,16,15,191,72,245,127,88,181,77,171,28,229,254,145,218,73,154,132,151,234,82,143,230,86,164,237,93,130,144,51,211,143,14,150,1,121,104,62,53,154,240,16,198,223,102,89,4,199,211,236,55,148,151,132,253,82,20,140,28,109,210,217,67,240,186,249,183,162,56,199,180,167,92,11,26,31,81,160,29,109,96,77,214,128,59,211,94,106,137,144,212,140,85,19,177,35,227,49,10,14,223,248,57,5,175,235,58,192,17,66,199,170,6,157,55,138,32,170,112,24,15,30,27,36,207,34,117,57,160,110,113,18,115,48,16,101,105,133,57,80,169,121,127,103,150,252,150,41,222,107,211,93,172,129,158,245,148,46,140,68,165,202,71,224,165,38,28,226,12,24,236,147,156,63,240,64,125,190,224,66,68,157,119,159,145,230,124,99,157,238,176,45,106,41,157,195,62,167,71,111,113,226,176,65,98,100,82,194,30,193,12,231,1,194,43,243,105,186,12,122,158,99,138,90,88,118,196,34,11,123,250,13,216,2,251,64,253,121,235,195,203,120,12,18,59,178,112,204,80,242,222,61,87,156,70,156,39,99,123,206,55,158,97,107,195,45,119,185,55,148,194,65,11,59,173,137,231,29,74,42,93,150,31,51,146,178,9,170,136,248,239,66,105,71,83,155,113,236,200,84,240,178,204,78,236,57,48,150,159,159,107,109,190,125,144,106,162,177,217,138,203,143,159,198,144,132,187,165,5,207,249,246,52,34,76,75,249,137,156,120,92,13,8,101,181,65,96,59,205,81,139,197,150,109,199,67,230,101,230,49,217,177,20,64,172,98,177,14,55,80,35,36,127,93,101,191,15,127
57,23,229,122,212,140,175,58,243,108,18,23,137,28,4,102,115,1,167,209,203,83,90,151,239,196,63,176,120,148,194,7,54,186,126,147,86,83,192,91,2,124,171,154,224,82,246,252,186,110,65,117,13,152,239,87,135,14,151,50,116,228,190,44,109,24,10,117,70,6,70,41,81,238,144,128,9,82,183,199,143,241,89,175,109,223,246,54,179,110,136,118,137,118,84,234,142,43,232,148,189,18,226,210,247,182,245,117,99,199,156,133,122,121,48,42,14,92,173,217,40,42,112,199,250,72,195,127,211,121,97,203,183,31,94,135,27,95,28,165,51,77,202,23,156,130,191,208,30,33,127,51,181,151,45,63,227,178,210,102,116,56,71,194,15,152,72,250,43,10,185,114,49,3,53,19,203,121,128,177,138,109,114,43,253,185,242,86,248,223,48,228,43,16,81,210,84,69,87,150,139,191,85,127,32,86,41,50,8,216,167,66,60,145,146,235,54,110,74,23,47,155,64,184,159,96,33,142,52,85,121,4,157,243,211,140,25,21,183,177,14,251,84,37,48,80,14,193,9,165,1,251,110,19,186,123,117,190,210,147,46,8,136,58,207,165,200,9,155,230,128,57,163,131,241,102,115,14,11,240,146,63,108,54,163,156,180,242,138,11,28,191,247,121,32,54,50,230,1,116,92,248,221,38,215,154,41,41,45,29,92,1,98,37,62,222,38,186,140,237,236,83,130,45,130,161,206,50,180,84,109,120,246,155,8,224,201,133,225,247,242,115,21,96,84,239,174,254,81,3,30,237,107,111,122,191,184,139,234,116,253,92,30,31,204,235,8,14,148,28,157,8,230,223,15,218,153,163,72,143,164,247,144,150,19,15,168,234,56,160,57,71,37,182,135,53,225,108,67,227,0,8,241,214,37,206,98,139,29,242,80,91,60,97,64,46,142,122,92,105,38,57,124,75,21,240,65,178,21,123,137,65,230,249,133,204,115,55,163,192,38,35,54,125,112,24,151,156,178,172,145,97,151,109,199,85,32,191,160,10,41,143,184,25,244,218,63,159,172,240,112,141,187,71,24,192,154,173,160,171,46,210,29,68,147,95,169,113,66,186,63,180,132,171,28,197,171,21,25,249,113,211,96,173,77,199,231,6,42,134,84,83,127
198,251,3,49,150,185,176,72,61,209,64,31,223,191,178,177,245,32,227,17,93,82,146,52,137,39,6,105,47,130,140,229,28,208,161,72,222,97,9,46,215,55,20,25,125,42,207,62,114,146,196,221,238,212,55,75,123,65,43,49,247,242,242,146,200,58,48,195,171,69,170,97,142,60,188,178,53,198,155,239,66,97,228,233,122,184,232,112,49,180,173,185,109,57,121,216,175,32,208,189,181,54,164,163,110,189,83,75,84,89,179,18,211,46,179,29,102,33,121,206,130,188,162,186,186,203,224,51,112,116,198,102,58,171,113,62,76,65,238,39,101,237,115,243,248,241,156,246,159,192,190,91,216,194,139,222,157,99,185,245,63,182,191,189,115,11,193,64,124,73,224,12,182,106,64,14,189,212,168,177,77,172,182,69,174,200,190,155,11,41,164,78,10,22,73,251,15,206,4,198,54,176,16,198,135,8,137,43,242,197,203,125,7,17,192,225,158,170,235,36,223,27,243,178,8,182,98,56,178,80,115,139,203,179,91,62,53,227,96,238,120,54,79,114,135,94,93,177,233,19,40,0,17,46,160,77,178,123,70,191,248,190,155,201,196,222,78,223,122,151,236,147,248,201,133,137,125,33,242,104,242,70,162,54,162,23,148,20,124,69,241,127,233,50,14,98,157,193,207,158,48,238,11,39,127,216,18,47,13,16,178,3,108,99,58,8,230,210,177,196,59,13,53,210,206,203,127,67,133,9,233,199,246,131,20,150,2,142,73,111,229,176,140,127,126,143,67,9,251,53,250,162,202,238,189,188,120,189,204,51,96,79,145,239,186,100,244,9,240,120,32,202,179,19,230,138,64,37,130,27,124,242,105,128,79,36,232,144,85,170,245,149,35,123,175,180,168,13,69,196,212,223,132,39,91,57,127,198,176,84,27,194,112,117,19,55,36,151,68,154,85,128,224,172,167,229,192,157,87,236,30,43,131,2,124,17,54,221,184,7,179,200,113,48,127,167,253,124,132,17,190,58,194,50,66,127,5,206,31,86,201,149,249,39,146,207,80,200,49,1,201,254,87,42,175,156,236,141,64,59,18,239,38,183,118,12,53,88,218,22,132,197,137,222,8,12,219,33,23,180,113,67,219,106,78,71,169,137,165,51,52,120,127
51,24,100,77,110,127,162,40,24,22,236,193,65,151,168,244,35,54,176,180,249,170,14,230,136,112,14,3,155,253,17,37,213,125,171,13,8,33,100,39,170,249,173,7,32,159,220,65,132,67,62,164,95,233,145,45,196,98,195,109,30,115,101,158,159,76,135,29,138,195,47,29,6,9,98,67,54,189,106,207,122,26,68,57,138,8,232,2,134,108,98,173,55,182,215,66,113,228,251,178,239,26,207,224,98,234,128,169,125,186,157,129,211,160,61,150,188,246,245,235,50,168,141,213,213,84,249,203,60,136,68,93,187,153,0,82,132,80,127,1,63,70,77,68,186,8,80,105,166,130,75,200,59,51,199,233,208,33,142,130,248,126,125,107,21,249,156,27,101,67,149,187,196,196,114,37,167,232,231,128,38,153,133,254,228,191,254,30,17,53,171,55,57,208,238,163,121,198,244,189,197,174,1,76,47,246,76,57,21,252,172,152,135,157,35,235,149,115,219,5,234,244,48,171,30,56,229,123,231,223,158,43,221,205,86,211,81,95,251,0,142,162,139,89,245,77,146,27,108,213,250,124,116,3,124,111,47,213,203,111,81,120,69,22,167,41,75,99,127,12,27,10,187,119,36,179,151,11,184,218,115,31,133,16,204,41,120,41,233,36,225,154,212,21,82,251,153,27,2,53,208,10,227,237,108,16,236,114,224,42,177,140,209,106,232,168,27,18,213,170,146,134,27,244,150,113,120,136,50,134,252,142,118,202,52,106,230,80,118,21,174,223,212,250,7,222,146,43,42,31,241,186,89,183,112,237,47,248,153,121,131,245,75,138,17,165,11,65,250,106,179,14,197,246,228,94,135,160,30,2,118,199,158,244,32,237,211,110,5,98,4,250,72,98,214,142,189,195,231,219,252,229,238,101,125,109,62,154,54,7,33,241,54,61,232,17,250,54,49,245,67,233,172,39,103,94,30,33,159,124,52,135,37,1,105,152,156,229,115,41,59,5,162,54,49,152,69,4,137,238,47,33,190,94,26,172,79,110,107,210,246,199,45,80,25,211,28,84,179,245,253,190,243,209,151,182,31,16,217,116,87,107,215,197,45,198,117,88,36,190,251,174,200,26,106,47,150,150,138,23,218,22,114,245,136,181,184,113,134,76,122,252,127
159,122,139,134,136,179,35,131,38,76,213,57,57,29,4,126,152,221,109,64,22,78,92,3,149,245,68,107,15,38,151,132,147,107,96,195,11,245,126,150,55,75,252,228,170,88,92,141,154,64,28,66,75,147,221,92,162,215,147,47,225,161,230,24,192,70,113,216,235,43,202,166,185,157,128,52,173,167,214,85,246,234,15,158,143,115,152,246,148,121,152,66,183,17,61,212,69,177,16,126,78,6,112,120,51,57,177,136,123,79,248,30,108,103,217,97,192,193,219,216,20,236,6,8,139,185,179,21,117,192,64,131,242,194,150,147,11,233,143,32,91,141,30,24,23,231,82,60,209,223,41,86,32,204,120,72,195,4,7,11,252,222,152,247,193,240,243,157,109,81,32,174,64,154,175,120,250,186,222,174,4,50,89,217,247,192,72,141,60,190,191,218,188,94,143,96,243,32,156,168,18,196,11,69,89,88,233,6,125,40,78,31,141,69,229,16,59,91,14,77,131,240,89,72,143,28,53,91,99,6,138,179,218,123,138,17,198,235,113,102,7,35,185,108,240,224,253,75,196,107,51,170,78,96,177,34,85,209,75,113,159,193,242,130,251,122,141,246,144,28,43,71,98,29,9,146,55,95,55,124,207,133,78,52,188,8,244,234,205,153,31,174,137,39,242,104,78,244,143,127,197,74,27,145,148,199,13,228,224,121,195,85,169,237,28,139,109,194,236,149,194,51,45,201,111,0,181,117,73,134,50,254,20,195,76,222,254,11,35,155,14,251,10,173,22,46,40,220,190,8,81,11,132,4,52,215,74,51,152,52,214,20,91,20,58,16,118,230,102,251,181,242,135,186,163,150,181,58,80,234,210,96,143,171,181,92,135,139,136,194,218,164,106,143,203,142,47,89,96,83,212,163,198,216,194,38,113,22,209,193,29,245,89,235,179,90,20,84,89,250,180,241,130,77,58,74,217,36,16,137,210,56,127,249,154,30,232,41,253,93,89,192,83,50,225,62,183,104,168,213,163,42,7,60,21,113,117,79,92,124,27,33,106,147,95,221,110,29,138,219,209,136,21,136,73,63,97,207,66,144,161,215,107,169,197,252,25,151,202,208,193,52,56,213,153,241,53,82,37,217,73,215,187,168,54,80,120,152,182,75,94,50,127
27,142,33,77,236,248,233,144,0,224,114,55,142,179,20,230,7,37,0,221,6,165,253,25,166,220,136,12,205,26,159,182,158,168,8,180,205,233,22,112,104,197,44,107,33,226,160,251,104,65,49,69,233,120,8,48,60,131,244,247,47,28,92,170,30,252,52,80,171,189,119,136,113,34,107,219,13,202,117,112,209,225,72,213,119,211,178,195,246,51,41,111,17,177,216,123,158,2,139,71,127,31,130,68,24,223,245,218,23,242,42,210,171,200,195,175,79,36,245,61,69,76,242,220,14,167,109,99,48,234,12,145,244,114,205,59,127,121,63,157,238,123,208,133,77,156,227,42,243,190,33,159,41,12,86,117,150,182,199,184,211,51,69,73,16,77,98,48,33,42,186,25,247,88,78,67,109,155,152,198,137,21,43,221,215,239,101,104,87,235,140,130,86,153,46,82,108,233,174,65,19,213,118,157,85,220,99,208,31,7,254,89,104,149,147,45,66,213,126,135,70,199,12,64,228,0,174,124,127,166,97,55,104,94,250,17,116,215,228,99,227,73,119,246,116,161,220,68,234,67,249,198,80,30,135,121,235,83,171,48,213,169,167,250,67,74,184,142,49,209,58,147,6,101,114,177,114,79,55,249,123,110,185,231,99,84,79,167,89,208,32,98,98,25,106,22,3,27,221,188,118,183,219,250,215,26,206,72,25,173,158,189,2,213,96,63,86,192,115,101,159,118,252,155,98,96,146,242,55,229,218,136,2,141,1,144,52,43,60,114,216,215,205,31,228,129,90,132,200,217,149,155,217,216,250,117,148,84,200,33,52,63,208,168,171,242,162,110,230,156,180,0,60,35,1,82,1,209,238,146,52,236,8,80,203,104,2,57,135,28,162,99,187,216,92,237,5,243,207,177,197,72,240,178,104,225,50,73,140,55,73,94,54,173,225,65,170,31,209,80,71,254,170,177,145,72,142,100,223,201,134,236,122,230,218,221,177,56,212,90,48,5,201,200,104,60,63,109,244,82,80,236,167,42,227,251,140,78,146,75,249,1,247,245,26,132,150,3,245,80,154,16,90,50,252,121,8,34,152,99,223,131,33,38,249,49,56,242,106,21,167,41,45,80,225,249,96,70,159,103,53,137,127,33,153,210,224,237,171,142,160,8,127
80,246,93,224,38,143,183,144,190,164,130,218,185,148,166,221,6,223,116,191,236,208,175,95,115,244,245,14,147,205,151,75,190,31,76,231,213,50,129,116,8,164,223,201,71,16,239,108,143,163,169,174,34,35,253,240,41,235,249,170,6,243,97,8,203,53,97,148,185,76,177,130,209,75,32,26,224,148,60,224,42,254,192,93,204,103,12,38,175,246,234,104,130,56,118,182,230,58,174,82,223,182,148,175,249,127,72,193,235,72,197,26,174,150,181,115,164,17,112,114,142,153,177,59,184,110,0,28,142,127,138,90,62,207,155,234,133,119,161,102,64,102,184,15,10,50,2,171,26,94,249,81,171,242,57,86,18,179,196,205,46,14,64,190,105,98,120,48,231,108,21,202,20,134,0,175,145,228,89,224,145,133,35,44,139,167,114,70,240,188,9,188,66,204,198,234,63,202,178,55,79,245,124,162,184,46,62,42,170,31,163,35,8,134,47,170,72,193,221,106,157,50,97,180,30,84,238,217,124,167,142,12,161,141,93,112,23,133,246,157,60,15,48,153,131,9,205,227,38,66,159,198,156,127,90,161,211,254,119,45,72,182,150,184,100,154,216,31,172,187,15,73,95,222,48,215,176,55,226,211,173,112,119,179,169,49,134,229,253,28,22,70,169,37,182,168,157,146,42,21,194,57,85,55,194,161,192,86,92,17,240,142,41,163,156,134,64,236,175,157,158,107,247,126,219,110,9,149,46,19,210,186,215,196,69,194,54,127,64,3,153,209,214,35,228,33,199,107,195,181,168,118,72,207,207,229,251,116,215,74,228,215,205,249,9,90,14,167,139,236,133,139,5,199,11,30,120,132,124,220,40,222,172,33,122,179,16,203,240,149,243,98,151,244,68,239,227,4,207,138,14,127,81,234,9,23,241,176,58,103,104,44,138,147,247,115,8,101,198,85,241,137,153,88,234,251,1,134,162,61,57,8,120,42,121,129,149,125,42,200,23,51,24,5,254,180,76,219,124,93,54,218,126,203,74,8,149,225,202,248,72,46,69,151,117,73,140,120,55,254,112,157,47,236,155,200,9,8,27,232,64,33,109,111,181,59,81,39,159,19,212,170,174,107,254,68,19,232,199,158,3,230,136,15,194,210,149,43,55,103,154,161,127
92,204,218,107,48,67,139,222,146,155,244,206,218,146,226,70,217,219,96,124,207,38,246,8,18,206,222,49,90,48,74,11,133,14,251,248,26,116,98,206,227,151,39,173,45,89,119,75,177,73,168,154,223,66,142,222,134,100,48,132,103,183,1,140,177,249,217,95,147,142,69,151,89,75,99,31,218,74,61,54,86,141,112,69,185,70,207,250,93,78,246,134,171,233,199,74,239,36,167,66,85,88,162,74,226,11,58,205,4,66,20,187,219,237,213,110,25,35,98,216,244,55,120,130,4,208,28,107,130,33,84,68,99,73,12,186,223,38,148,209,185,128,109,68,65,21,208,224,22,135,144,40,100,99,163,252,243,172,83,54,120,80,196,38,148,193,74,87,162,133,123,253,242,189,22,158,117,86,92,82,65,56,226,182,23,142,174,78,82,209,234,243,6,109,105,149,96,233,155,196,180,222,86,136,31,109,126,100,197,196,149,119,213,44,60,210,86,160,14,204,39,22,7,71,44,60,240,246,187,124,180,159,44,241,91,104,204,16,92,13,138,120,240,210,75,189,112,24,76,224,216,157,164,254,80,85,41,192,20,221,197,242,69,104,132,120,191,166,23,156,4,67,207,93,144,25,212,12,189,157,233,206,147,15,253,195,41,164,140,26,163,252,44,20,16,57,146,177,138,105,62,53,233,233,244,6,133,70,3,21,2,254,175,242,128,132,244,242,69,19,43,157,108,137,114,58,97,72,54,187,94,136,5,177,242,248,231,231,228,76,99,177,102,84,122,141,34,87,191,16,226,113,178,107,20,139,105,126,173,31,102,3,78,58,2,54,218,29,63,179,1,119,132,92,72,44,13,203,124,3,188,38,227,194,110,224,235,88,210,196,197,152,136,180,234,94,215,156,188,113,195,130,46,190,95,171,112,219,80,40,122,185,182,131,91,198,169,170,188,99,157,146,168,190,73,60,196,152,93,160,121,192,6,178,92,180,92,172,132,240,162,44,218,158,36,7,18,172,167,89,128,101,216,31,118,168,42,3,42,145,251,69,160,171,39,86,114,77,238,9,183,129,158,28,222,71,91,55,235,222,227,96,126,63,42,184,224,236,118,186,190,208,35,204,116,63,47,91,47,213,177,6,215,199,106,154,2,93,12,33,126,89,127
26,190,124,221,56,196,60,40,213,55,208,233,254,29,242,47,200,33,138,109,61,11,223,174,34,123,20,149,127,102,6,88,77,12,238,103,229,35,230,194,71,135,190,185,163,79,75,35,107,83,170,182,194,132,96,252,0,84,104,232,237,106,57,37,8,157,141,48,11,47,53,112,142,57,153,181,210,230,60,182,171,158,53,112,193,0,127,52,49,58,212,123,196,161,189,121,249,21,104,246,81,26,37,47,45,65,227,180,1,239,33,113,130,14,183,171,82,91,108,86,45,33,0,111,79,121,96,121,215,212,72,42,228,193,19,30,193,97,196,141,62,121,188,25,112,135,220,70,218,6,254,137,221,52,211,161,35,219,44,50,123,252,37,63,148,121,150,83,124,204,186,133,161,166,68,108,220,172,75,207,127,222,245,245,18,233,127,254,62,246,193,198,109,220,72,190,223,170,214,245,118,158,39,104,78,93,21,51,246,17,39,245,59,188,122,187,178,137,110,105,138,208,105,167,179,136,32,210,227,216,94,109,25,19,26,98,61,35,100,182,132,190,201,29,183,11,201,84,23,62,87,40,239,161,138,126,74,93,70,158,126,231,103,212,194,20,232,237,156,185,246,124,117,41,97,103,11,45,135,169,79,63,204,172,225,246,43,58,220,134,112,102,146,213,37,81,217,151,30,186,234,111,82,24,247,166,252,110,152,33,80,44,248,120,54,183,108,14,18,188,113,152,197,137,112,88,60,32,121,27,179,125,161,197,207,92,7,110,234,80,101,32,83,169,201,109,193,159,55,193,51,13,238,235,117,55,49,226,82,94,85,176,117,222,10,43,83,213,172,229,67,143,112,249,208,250,208,140,202,218,46,175,133,67,46,168,148,231,158,196,119,221,59,94,3,235,74,5,142,172,235,174,233,27,96,160,151,31,229,251,34,36,107,39,220,11,207,138,59,25,0,185,130,220,231,100,117,81,206,133,71,199,107,241,253,221,115,198,105,8,129,139,164,79,7,113,201,98,119,210,216,117,88,225,75,18,90,3,61,53,198,235,9,26,13,41,184,102,13,155,200,178,189,134,2,170,228,3,49,182,84,30,26,107,195,30,40,218,246,123,79,179,42,202,178,11,193,55,50,114,14,13,147,130,90,249,180,249,245,168,62,200,127
130,56,34,114,10,209,105,54,170,150,48,226,114,73,199,219,92,63,22,3,77,54,216,145,103,41,140,10,191,18,74,86,244,241,247,172,9,130,33,162,222,21,147,13,208,102,48,233,218,166,100,223,38,199,72,23,118,222,69,246,229,199,164,186,25,17,48,222,149,30,35,121,101,91,59,91,191,197,197,39,14,70,94,84,174,198,167,215,251,60,66,38,98,13,186,147,140,76,176,196,210,6,163,224,24,146,118,224,97,85,47,251,243,172,237,1,27,137,185,157,100,16,152,119,185,120,115,78,179,96,14,143,128,194,44,52,25,25,185,208,190,121,41,189,227,106,144,223,71,77,153,202,129,214,56,220,15,178,244,178,239,223,54,233,214,161,15,152,107,151,169,153,4,221,214,205,181,173,71,64,232,79,228,188,206,129,125,85,18,15,200,231,39,69,141,179,161,168,9,224,83,43,19,84,173,54,2,116,47,126,83,22,31,181,122,106,59,96,10,105,246,226,153,152,49,201,148,215,166,31,215,70,182,71,72,219,232,56,72,96,189,144,42,25,41,19,184,210,25,100,219,104,135,217,192,141,107,30,67,18,166,210,45,146,15,136,177,171,211,50,98,246,49,183,143,135,135,63,116,66,4,163,170,158,150,54,241,112,3,83,89,108,199,192,197,127,185,145,155,46,176,118,35,87,83,114,116,13,223,229,73,156,85,45,124,145,172,19,18,185,178,211,149,57,25,34,11,74,114,122,98,178,222,205,12,143,104,157,104,58,45,217,50,14,173,164,148,19,160,159,54,126,28,21,126,175,24,196,101,10,114,211,202,142,192,225,196,67,165,224,203,106,195,1,44,162,229,45,66,247,75,132,170,111,96,163,199,225,151,254,83,219,55,101,71,181,186,105,251,187,120,133,222,211,214,79,83,197,188,148,240,223,109,76,35,97,127,80,156,140,170,6,253,118,19,133,103,89,77,50,168,2,173,204,179,125,155,92,47,235,10,193,61,73,135,145,48,105,146,184,242,108,107,202,8,158,135,175,40,50,6,246,105,15,244,177,151,4,163,147,175,213,174,47,239,148,173,61,16,163,73,186,132,134,94,155,76,115,130,181,51,227,28,225,165,204,48,4,207,26,248,195,94,168,128,114,148,98,153,246,85,60,127
248,229,149,180,116,163,217,154,158,29,179,72,13,205,71,125,69,91,206,212,236,129,10,40,231,143,27,90,83,225,166,199,113,106,211,45,49,35,189,208,208,139,12,157,231,110,115,50,246,150,254,77,71,119,106,61,72,254,158,178,69,184,234,177,225,217,235,18,182,118,238,192,57,122,169,84,201,63,37,46,170,146,106,79,175,112,131,215,132,113,190,122,218,195,85,219,200,36,23,165,215,123,202,235,67,49,69,167,151,41,176,184,4,116,192,67,242,16,207,96,157,142,180,77,120,197,103,135,251,29,210,5,244,168,71,107,213,144,19,242,62,199,204,201,254,135,135,90,241,69,226,206,201,237,11,70,113,207,2,109,176,201,245,45,157,52,192,54,153,224,180,141,55,53,240,167,98,193,114,219,206,16,62,154,122,44,158,81,129,138,148,138,238,236,134,150,226,172,213,205,187,4,218,61,136,164,66,3,153,89,81,94,185,214,202,153,132,231,8,157,77,125,208,139,111,116,151,213,47,47,143,42,219,86,23,5,140,100,202,216,106,234,88,172,81,71,254,131,92,55,182,136,103,0,97,102,51,152,118,189,189,50,246,128,101,98,89,168,212,226,214,174,250,233,121,232,58,248,245,30,172,62,108,159,55,193,23,95,136,165,19,236,45,46,146,199,200,87,100,38,86,144,222,52,180,175,52,3,218,182,88,241,82,235,161,50,89,27,125,71,111,170,244,86,77,17,5,190,103,171,250,94,93,55,236,167,147,207,235,138,55,178,222,163,96,27,15,15,122,131,171,117,140,216,37,32,236,24,233,61,75,175,233,166,152,178,191,130,14,109,242,118,213,60,66,253,119,204,23,8,164,72,204,139,127,67,115,55,132,205,5,35,2,135,89,177,70,242,150,134,162,251,125,71,218,147,57,65,59,74,222,248,102,8,154,10,119,164,51,3,112,224,198,45,248,208,209,85,0,213,18,66,239,62,169,23,175,116,195,112,252,62,243,32,152,38,231,212,213,128,125,151,178,97,162,99,205,249,81,43,243,3,195,197,124,86,187,165,217,191,233,156,192,124,31,231,45,170,176,65,249,63,241,176,192,58,26,148,112,105,54,62,187,94,29,91,73,83,55,209,7,167,81,233,3,158,8,99,63,77,107,28,127
139,12,192,77,21,150,221,211,48,183,130,62,156,0,100,231,252,230,10,179,3,91,151,133,23,1,38,221,60,222,36,56,250,150,8,13,222,244,138,14,228,103,83,190,2,109,74,68,215,9,95,7,108,122,102,72,106,107,220,222,147,17,218,164,47,155,147,243,137,245,210,38,2,185,230,241,48,141,44,20,128,102,123,218,215,139,24,170,229,141,176,245,101,141,149,253,243,170,231,213,79,247,207,62,87,114,163,205,236,196,67,159,82,117,48,224,46,254,77,19,48,197,41,116,202,139,119,230,199,188,117,180,116,155,224,182,36,83,199,152,139,245,175,98,195,3,170,150,222,207,204,188,176,84,1,248,173,141,130,145,94,25,164,128,207,213,2,104,220,93,226,230,246,252,52,156,171,62,127,233,98,29,51,14,87,34,124,124,230,122,170,55,167,232,4,16,196,42,3,225,8,139,97,102,198,198,59,148,136,139,88,87,174,25,50,161,127,247,149,200,146,157,152,83,48,241,83,72,107,59,238,205,103,45,186,144,171,247,141,82,134,234,30,33,176,157,108,115,80,148,231,187,78,94,82,222,45,97,125,218,192,115,218,95,110,127,58,32,154,43,91,28,198,191,14,59,43,26,166,102,157,112,165,230,160,177,60,80,37,232,6,213,182,243,154,38,73,76,220,227,183,165,131,124,219,119,115,219,70,4,203,200,64,205,67,9,116,73,70,50,245,178,147,49,55,70,40,215,253,14,61,109,56,119,183,72,175,94,44,28,15,152,9,245,139,171,77,214,209,194,209,42,162,116,128,226,243,6,181,216,147,144,123,203,166,18,220,214,113,78,18,64,164,143,158,89,119,133,98,13,50,214,185,146,143,164,33,149,227,30,36,23,63,4,250,187,85,188,130,149,92,131,193,101,90,112,24,115,7,159,130,194,119,219,33,161,114,222,44,6,141,204,208,176,128,199,35,211,55,28,185,222,66,117,65,245,103,53,150,18,2,25,192,178,203,128,0,74,242,228,106,34,0,236,213,6,107,135,208,85,162,102,5,156,62,19,221,138,125,48,99,173,143,252,120,95,220,5,83,240,244,213,177,169,72,165,89,152,242,76,40,29,131,238,76,229,165,47,156,240,58,184,216,61,156,223,245,162,203,58,24,242,127
91,33,220,204,152,19,22,66,225,207,104,235,62,249,144,56,179,152,253,108,143,60,5,155,162,253,242,254,166,206,253,175,150,31,200,124,177,59,97,104,99,233,200,78,107,152,189,137,13,64,146,92,132,175,33,193,89,175,51,71,221,214,30,48,55,18,194,214,44,169,17,6,197,91,177,103,181,45,62,41,3,15,46,71,4,45,42,87,117,214,180,40,61,254,34,191,1,178,90,219,66,216,169,218,84,99,16,150,23,102,53,115,198,245,111,209,8,43,168,169,128,202,211,52,191,101,210,91,121,163,31,65,7,223,167,116,125,251,177,116,200,176,150,187,99,135,191,78,106,64,176,65,3,183,62,67,162,165,154,57,47,207,248,158,170,139,154,59,163,203,53,134,225,65,200,212,187,166,57,87,205,71,172,25,25,151,176,88,192,120,68,218,240,167,169,67,101,14,51,190,110,174,37,41,239,117,175,200,251,153,224,196,71,223,119,17,175,80,92,252,225,204,70,115,92,218,26,98,82,95,203,64,32,228,243,26,243,187,64,96,230,12,187,253,102,179,175,138,32,4,222,36,234,82,65,133,251,68,142,25,208,35,114,86,149,64,39,52,16,241,13,102,67,34,209,110,159,169,160,125,43,45,188,174,252,225,102,90,149,231,168,16,56,205,221,232,183,189,180,6,219,99,214,216,93,10,174,199,116,86,137,11,36,70,104,211,238,179,215,232,47,107,69,143,37,49,246,2,108,179,61,154,144,68,176,55,87,204,196,24,245,106,222,130,65,85,103,249,174,208,31,224,131,169,194,89,229,25,203,234,228,247,168,194,133,229,200,62,175,21,17,250,71,60,78,190,215,49,101,13,16,34,16,9,160,119,75,210,224,11,229,210,42,196,241,241,214,223,17,2,67,168,185,85,36,65,182,142,207,63,13,106,197,144,198,44,4,81,151,201,132,187,223,159,94,186,142,189,15,170,158,84,4,132,19,70,230,41,206,134,168,229,64,72,105,39,210,20,101,91,219,73,102,251,109,81,114,197,60,72,213,36,207,70,129,148,72,224,102,87,88,75,84,12,191,187,218,202,226,158,187,132,112,238,55,252,238,146,142,200,47,102,74,231,121,78,64,250,247,52,2,16,227,175,0,103,40,7,194,20,123,135,127
78,13,175,1,126,231,121,123,134,64,156,254,32,77,1,15,7,182,161,236,52,41,202,227,99,9,252,137,183,160,136,114,90,219,139,96,196,124,68,1,141,3,41,161,113,35,199,245,19,34,59,53,15,174,62,177,1,216,13,120,87,93,64,168,111,210,192,149,134,78,134,220,160,189,10,128,100,187,185,91,118,228,128,156,82,178,147,24,55,224,110,61,188,203,166,110,58,78,47,5,235,77,124,141,207,86,254,216,4,67,67,81,167,74,228,186,11,89,197,155,156,108,213,5,153,93,203,93,138,96,64,161,15,33,242,145,203,36,96,126,233,94,134,101,105,168,157,24,188,174,188,39,13,47,185,127,241,125,241,128,177,209,199,82,3,229,224,240,150,212,3,8,177,30,208,123,178,172,216,140,13,107,59,145,205,230,135,49,119,190,10,157,2,113,220,215,12,36,24,6,26,61,178,19,55,116,44,139,185,194,196,44,70,208,56,246,66,203,119,129,39,97,226,143,86,26,129,215,212,226,219,18,179,70,134,134,113,247,60,130,11,189,52,121,238,68,238,103,211,88,181,183,185,96,92,26,87,185,241,3,25,218,79,61,79,230,94,64,98,10,41,75,129,75,26,135,242,199,222,73,26,84,165,127,59,68,217,247,163,91,102,232,18,113,18,28,234,9,171,142,212,12,117,177,46,80,85,75,180,49,95,241,195,240,92,120,75,52,26,221,151,236,56,189,22,99,231,90,93,186,162,161,59,43,109,81,245,210,124,166,171,248,112,64,12,79,99,125,127,71,185,152,246,22,121,29,226,18,112,151,68,67,103,120,247,35,218,90,185,227,113,186,187,243,73,188,94,5,24,59,112,53,132,53,5,110,86,228,175,80,40,155,57,163,253,134,209,62,132,160,141,98,94,29,57,64,248,228,222,144,190,11,228,238,43,32,175,144,203,9,245,57,69,236,181,74,98,96,82,111,209,22,3,30,0,4,168,153,93,84,121,214,193,199,201,205,36,219,55,118,110,198,141,73,239,47,72,120,80,27,102,225,98,80,118,235,153,107,157,143,39,48,233,219,209,89,37,70,217,93,85,55,127,18,141,27,100,69,54,216,143,31,33,48,70,85,249,148,172,195,213,149,78,249,212,11,6,138,5,115,43,188,127
65,195,47,206,76,35,238,98,6,18,153,10,221,69,209,43,178,244,241,25,12,80,229,48,251,47,139,248,46,156,47,53,60,125,170,189,240,230,201,132,134,28,147,133,197,227,80,73,23,239,142,174,4,140,124,14,170,190,26,22,22,234,104,147,234,173,128,174,8,188,141,236,155,198,202,178,247,161,72,205,153,121,207,218,220,10,53,57,149,66,165,25,83,222,236,232,3,231,81,93,105,103,127,34,35,94,50,50,238,243,157,94,69,145,45,17,123,17,16,112,187,46,9,115,18,219,89,151,136,110,63,157,78,250,17,119,124,30,23,122,42,116,223,6,253,227,129,2,246,136,242,44,165,201,135,45,91,182,96,253,23,243,183,11,159,55,144,16,188,35,8,235,215,212,126,97,145,210,99,118,189,154,75,243,52,144,24,222,44,72,189,141,100,92,206,58,175,186,163,254,123,55,56,226,147,31,223,248,144,80,245,39,11,50,146,136,216,187,84,194,57,50,174,235,158,93,207,236,232,209,59,146,187,87,83,252,175,236,246,221,73,146,180,111,110,30,7,18,198,230,166,206,173,237,18,159,200,153,30,183,45,89,246,171,136,52,45,40,53,237,244,10,189,123,156,133,20,2,45,254,87,43,242,209,120,11,121,254,60,182,201,172,164,198,215,43,19,57,165,231,164,162,150,174,28,5,197,86,239,75,124,10,29,85,88,245,102,224,253,2,250,159,141,220,48,139,74,178,175,109,0,218,124,172,131,215,20,133,152,218,189,90,157,116,170,51,194,212,126,31,19,145,99,114,53,202,103,81,173,5,242,103,52,130,102,238,182,60,127,64,184,61,70,30,121,1,188,94,18,38,68,65,84,254,21,179,241,231,123,73,77,143,249,169,197,198,48,92,119,209,171,43,58,132,53,83,72,246,31,131,169,251,158,247,241,9,128,189,114,68,171,5,76,50,108,47,155,50,76,171,150,251,101,199,175,215,54,9,7,237,103,175,81,231,245,142,224,170,1,14,128,40,126,157,224,196,237,187,94,133,26,131,110,15,17,130,120,154,103,70,124,241,151,72,12,40,51,242,30,243,86,95,103,127,52,163,129,24,190,105,173,249,182,252,221,11,230,4,177,115,47,247,4,136,61,183,204,72,20,207,76,204,127
45,170,96,81,236,164,239,167,33,150,105,230,66,91,189,232,188,219,228,37,27,104,105,201,18,20,142,154,130,124,54,219,221,63,35,13,164,46,43,78,186,176,134,195,200,243,34,17,3,63,67,112,169,107,228,80,61,49,139,174,189,86,27,132,177,13,231,125,46,44,40,235,206,162,231,238,234,198,48,19,8,251,202,1,173,108,223,140,70,107,14,157,91,241,168,207,31,45,211,225,20,135,54,132,153,228,72,204,67,174,148,15,127,29,168,35,156,250,141,219,41,8,218,103,30,207,29,131,29,89,4,170,153,72,77,83,209,130,167,97,75,121,16,242,176,204,106,212,145,162,224,151,32,120,161,142,230,36,37,151,37,74,220,93,73,208,193,111,184,0,140,249,47,189,95,231,66,109,175,182,86,74,36,242,194,170,114,142,71,90,154,83,57,156,111,41,187,192,43,146,82,30,186,110,72,222,216,157,181,71,243,102,221,74,2,212,99,134,99,84,228,118,16,245,130,43,122,106,87,200,187,223,195,166,167,201,9,168,155,221,114,93,110,192,207,198,43,152,56,231,249,244,25,105,96,134,197,232,91,85,141,179,222,56,190,204,80,14,27,67,12,224,231,240,183,166,89,199,217,240,35,121,66,18,88,102,157,194,23,84,30,57,225,229,164,40,24,200,234,207,27,79,123,42,244,229,158,10,90,70,218,37,14,83,15,117,14,213,177,225,189,188,208,72,19,124,177,99,70,205,83,203,188,96,134,132,131,203,102,197,235,247,71,192,229,159,13,4,128,207,28,142,253,119,27,184,16,221,137,205,115,94,15,128,106,145,52,19,153,56,34,7,114,65,237,226,73,51,133,250,100,182,10,218,160,117,226,238,75,209,54,249,29,23,143,108,163,165,50,85,157,45,41,43,209,44,85,31,63,207,171,27,32,114,135,29,153,77,110,106,71,154,144,28,129,134,208,202,72,67,13,148,34,166,12,32,121,165,122,197,211,4,124,146,233,207,85,252,205,169,40,242,96,129,231,104,76,215,83,85,254,129,193,21,68,135,200,16,244,244,98,90,199,136,167,216,66,73,176,81,88,175,152,24,34,136,66,134,216,93,169,9,199,201,210,139,72,86,142,244,211,50,2,96,74,190,71,1,126,254,232,198,127
182,181,92,178,40,31,126,112,138,145,163,5,39,22,249,208,144,49,26,217,253,203,59,212,4,147,80,217,50,108,135,156,137,152,104,51,120,172,121,60,148,248,195,161,30,25,169,121,204,134,96,141,247,234,128,137,135,146,76,199,247,84,186,152,86,234,67,130,72,156,182,22,137,139,171,196,239,212,132,184,40,12,79,150,211,13,248,119,13,143,243,98,152,37,157,74,41,218,23,233,225,75,96,144,27,205,82,130,30,16,32,132,21,38,220,246,9,38,151,9,153,169,212,144,60,39,110,45,8,34,145,56,46,48,85,247,218,98,145,36,12,145,197,250,36,84,36,82,108,227,43,211,197,5,187,252,152,245,91,29,252,183,55,61,200,24,42,171,85,196,198,196,106,144,117,28,195,135,180,127,195,46,156,88,231,178,159,51,224,53,193,61,83,112,77,53,135,38,168,175,204,54,102,146,121,115,115,212,101,105,130,25,121,39,231,61,187,41,164,186,165,135,253,137,164,148,242,206,132,216,98,67,6,158,170,211,146,197,82,142,160,209,125,3,82,40,109,192,227,217,33,234,215,156,198,25,222,17,12,159,52,248,85,215,202,240,209,215,238,249,23,253,78,106,0,85,242,4,85,58,44,21,72,33,92,115,202,7,69,158,248,91,99,71,9,7,169,3,12,176,0,101,49,146,175,111,104,20,248,43,89,188,134,178,225,101,184,213,173,18,9,107,241,212,172,14,8,181,164,0,96,163,73,230,214,230,119,67,178,144,252,235,248,253,206,6,163,182,101,75,52,75,73,96,99,159,171,242,36,189,121,187,26,13,137,51,206,87,11,205,194,68,119,82,36,74,177,130,86,74,138,119,194,125,24,34,27,204,145,234,175,95,67,56,246,159,175,96,153,81,108,2,238,31,21,61,19,166,242,66,206,147,40,227,176,25,175,196,150,136,89,64,41,196,146,33,200,233,48,235,54,149,77,96,26,121,96,111,226,130,159,78,21,249,221,7,51,31,103,146,0,91,120,179,203,100,177,58,60,61,198,214,178,215,230,71,143,65,131,68,186,75,167,175,237,146,151,219,115,227,206,51,35,237,210,32,210,170,177,64,89,245,223,171,244,107,90,108,50,44,81,135,26,124,58,73,204,153,84,215,146,180,127
100,90,76,176,162,61,61,236,215,74,175,185,45,83,9,52,67,14,121,137,146,97,141,122,165,251,236,238,40,48,64,172,171,171,106,19,238,193,239,239,166,53,240,15,45,82,116,200,120,149,68,171,19,35,244,172,14,79,102,230,48,114,84,210,115,64,176,85,158,103,144,148,171,203,155,24,186,125,128,235,251,8,92,124,178,172,220,174,79,19,243,117,82,204,24,212,99,171,76,234,29,41,242,10,70,73,10,122,209,130,129,93,174,34,146,73,115,97,78,54,16,115,214,213,182,146,73,102,148,16,226,136,181,237,209,237,163,237,8,63,138,41,213,31,160,10,96,54,204,93,241,102,181,149,212,165,124,244,208,157,29,76,147,177,161,156,169,72,206,55,6,140,251,116,210,45,94,138,56,79,69,212,112,95,120,156,2,78,81,192,161,76,120,100,181,97,192,194,198,249,240,14,174,11,140,209,208,68,5,3,70,36,53,204,59,87,57,188,122,228,161,63,160,157,231,179,114,11,130,33,17,84,88,0,208,231,207,157,203,183,218,190,66,252,22,125,153,229,145,152,125,78,220,7,134,140,210,55,46,111,186,47,217,216,95,71,222,130,87,27,18,138,182,151,126,17,59,202,136,73,213,171,106,109,90,164,174,246,213,177,156,197,52,188,247,128,18,226,56,167,126,65,10,110,114,122,5,113,64,148,127,161,174,105,23,168,69,59,203,152,43,227,134,142,160,43,180,238,133,250,28,174,116,166,82,141,166,213,81,11,5,28,21,67,161,26,212,229,106,212,116,19,3,138,36,73,248,66,152,102,115,184,217,64,223,114,193,81,88,23,64,184,199,210,108,40,94,229,2,236,198,3,23,145,99,55,59,96,149,249,150,103,81,214,100,128,27,137,62,172,108,113,186,47,108,208,99,36,240,63,9,96,254,212,239,225,204,185,72,183,179,62,94,244,167,177,242,15,98,240,110,211,215,80,201,193,158,18,42,245,185,188,250,201,159,124,146,8,35,132,100,162,31,108,72,68,13,119,168,17,82,142,12,109,55,246,6,235,78,51,34,98,218,226,94,158,6,109,250,96,96,63,7,53,253,233,129,223,88,20,155,74,71,3,222,212,62,103,239,153,220,207,253,97,143,16,219,253,53,218,127,94,127
207,189,50,39,184,175,45,206,254,106,132,82,57,129,144,11,168,176,98,233,29,94,199,1,50,84,82,19,18,229,163,226,98,192,48,92,136,112,42,163,201,205,241,189,66,206,109,33,64,124,41,193,55,239,138,216,143,49,117,31,70,249,159,166,109,207,121,20,153,97,158,84,113,14,184,189,104,249,26,215,55,116,67,25,141,56,116,147,103,57,204,244,35,187,232,114,199,244,74,192,76,93,75,96,38,112,163,113,154,131,96,19,18,170,250,174,22,227,154,127,54,96,115,149,34,157,103,125,37,137,73,212,183,237,52,156,201,206,32,166,213,141,37,205,218,157,235,146,169,209,130,78,88,47,237,38,148,153,144,56,106,242,197,128,63,56,113,181,70,18,20,219,203,86,82,25,185,110,103,185,36,239,169,105,190,90,226,127,72,200,42,5,124,175,234,131,168,148,25,201,157,189,200,166,212,234,57,17,171,69,78,5,181,70,97,213,180,238,57,81,57,251,85,178,165,89,238,231,218,248,204,143,108,108,144,187,45,190,192,142,198,71,141,169,23,239,183,14,141,126,181,184,104,245,205,49,218,154,109,131,111,218,183,136,33,48,82,22,62,184,85,121,135,49,101,204,17,222,48,241,131,149,209,121,189,220,14,235,72,179,48,225,122,40,121,220,70,106,241,174,249,10,221,101,216,177,118,21,54,204,0,94,206,83,145,172,157,220,186,11,125,45,25,155,89,92,237,202,88,99,180,92,234,213,202,50,120,139,107,204,35,220,129,20,98,107,174,110,168,135,252,121,129,68,172,94,90,251,203,84,215,30,240,56,52,42,169,38,35,72,166,155,144,186,96,247,228,55,158,153,134,166,197,158,4,8,235,157,75,47,77,30,37,52,202,207,0,2,230,153,201,88,172,57,30,75,126,203,197,0,71,29,237,185,218,175,31,198,103,168,149,231,7,51,137,219,193,16,130,77,156,97,16,218,131,102,155,67,170,67,247,254,25,9,140,121,36,7,136,131,240,71,137,72,160,205,10,182,88,164,79,151,193,33,221,84,28,26,13,133,78,40,171,6,25,140,156,126,156,49,77,39,162,8,24,57,108,235,126,163,55,156,98,121,153,239,26,85,35,109,54,37,64,70,217,222,198,194,221,196,159,122,127
143,67,115,4,89,96,96,88,89,204,218,142,26,143,69,249,189,87,122,105,93,85,42,130,251,196,159,247,0,248,196,211,247,133,181,195,238,117,136,174,48,215,187,14,209,143,31,173,156,17,193,166,193,160,100,192,177,27,235,209,48,148,48,218,28,29,207,7,219,12,23,112,99,113,15,91,182,225,175,84,229,145,110,233,67,138,100,105,189,119,248,197,197,14,83,254,248,39,77,50,101,248,213,89,161,103,94,137,136,102,26,113,38,124,161,204,40,158,34,118,12,79,115,108,244,214,103,254,56,78,12,134,92,241,158,148,213,232,152,130,55,127,109,227,39,97,107,63,93,115,248,159,67,83,66,192,125,254,83,214,228,242,155,106,96,185,64,74,83,190,216,183,142,225,19,117,236,168,115,94,19,29,191,130,192,215,132,168,37,130,40,208,126,205,252,33,114,29,40,247,121,139,30,37,198,84,44,125,201,88,181,222,182,4,103,183,197,62,218,68,196,200,207,76,102,205,40,216,55,25,128,176,38,48,37,80,230,230,126,254,228,208,163,9,243,107,148,77,79,213,115,173,0,130,99,202,67,96,58,55,199,230,68,78,32,148,188,38,161,139,182,214,224,243,191,184,246,113,125,76,20,97,54,208,127,4,238,233,55,4,199,104,40,241,140,27,136,82,211,83,158,150,92,60,67,156,199,211,143,204,147,55,92,74,229,116,177,93,26,84,171,238,146,10,239,207,0,61,192,228,235,88,116,44,194,215,248,38,66,25,19,38,88,48,157,94,136,204,17,37,199,116,235,76,95,103,37,234,194,215,75,193,98,208,6,13,210,46,130,90,8,72,210,205,231,13,144,108,67,233,0,174,2,244,197,120,22,232,251,8,71,52,240,79,216,178,182,24,249,11,111,164,161,0,249,39,203,57,67,90,42,148,52,157,247,134,89,167,135,239,230,249,159,36,202,118,219,212,16,221,161,196,161,41,192,89,251,124,158,106,102,102,148,179,165,92,194,133,11,72,206,70,212,230,185,180,45,32,8,23,103,53,92,98,87,102,83,23,142,147,4,203,217,43,138,177,111,228,180,22,152,26,153,227,61,137,186,142,211,217,146,40,189,56,243,219,246,72,190,86,211,226,243,87,78,141,188,238,140,74,177,20,127
239,70,172,251,21,2,245,170,7,72,127,198,120,214,29,61,231,19,112,163,196,206,149,121,2,131,9,73,95,0,237,195,38,164,111,22,46,158,142,200,8,246,240,38,155,127,101,98,194,199,242,56,20,36,89,63,38,212,38,13,165,242,244,88,215,59,211,222,240,9,184,140,109,22,206,121,169,180,80,74,22,45,88,22,30,0,88,252,68,159,170,173,74,79,77,73,251,49,158,41,124,63,196,120,53,53,141,183,70,227,173,91,2,132,212,118,78,62,155,113,209,141,149,193,119,53,51,67,18,99,191,139,32,193,219,145,60,86,212,61,20,97,49,120,174,120,115,15,25,149,68,50,76,43,243,125,229,19,0,39,131,202,118,223,51,187,159,1,108,160,83,50,249,189,95,11,110,138,45,105,3,144,75,91,59,178,124,201,103,224,228,186,47,248,221,49,94,69,188,237,216,42,162,184,203,134,10,159,94,66,181,72,234,124,161,11,115,185,65,67,40,76,82,225,59,49,241,11,193,131,170,241,80,128,67,214,219,193,160,162,216,17,29,179,111,61,201,197,227,233,205,161,108,202,166,253,64,175,66,16,7,200,94,91,187,96,140,23,224,53,203,87,108,225,29,209,171,194,11,225,58,213,152,251,252,104,47,26,49,189,254,160,236,30,175,196,131,158,132,38,73,3,115,225,253,223,241,251,213,86,197,119,123,216,58,244,202,130,66,67,76,63,35,30,106,15,23,8,114,89,166,141,164,149,184,66,221,49,14,75,222,104,143,164,94,181,87,97,253,37,242,74,45,144,144,56,245,50,25,179,51,157,161,163,93,36,240,121,194,138,107,134,125,189,237,142,23,18,250,14,113,167,192,57,232,42,5,225,163,55,195,239,245,96,174,245,198,53,137,242,209,33,75,30,145,217,233,226,62,195,73,227,63,77,73,161,210,47,66,141,228,91,231,102,29,2,144,142,203,196,126,216,20,219,44,15,164,5,205,172,185,245,74,165,204,54,90,14,80,135,188,23,118,140,47,145,196,154,222,254,170,89,177,121,52,250,2,52,189,27,10,28,85,130,250,181,24,192,114,98,141,110,14,179,38,203,191,228,104,187,39,149,238,188,182,3,61,85,244,101,131,23,254,138,155,105,156,167,195,65,66,205,127
58,230,171,129,44,138,24,247,232,197,112,170,151,232,246,219,220,74,118,207,214,129,3,111,148,114,169,43,237,103,167,122,188,146,117,179,46,37,51,241,91,206,250,55,162,80,169,253,31,36,225,244,97,203,64,94,199,179,56,10,59,113,64,252,6,223,212,1,121,38,187,177,1,78,89,8,109,72,106,39,84,42,193,161,102,179,48,84,154,218,114,77,48,100,204,8,75,199,200,116,228,159,150,14,20,211,191,35,95,144,189,77,96,84,174,116,127,8,117,113,91,26,44,243,61,166,99,93,79,206,38,93,251,196,20,253,164,44,120,11,181,83,231,68,140,184,108,35,141,138,239,78,48,103,228,231,6,106,196,102,152,117,112,9,3,23,134,143,58,205,211,77,126,221,9,127,242,231,204,107,76,158,3,203,201,38,196,252,126,48,22,103,42,235,228,169,111,46,218,116,60,223,20,51,143,247,186,152,150,78,29,160,128,135,231,180,76,175,194,72,47,53,183,111,240,16,24,138,16,76,154,248,160,239,193,216,60,175,229,239,249,122,147,152,108,41,220,237,127,77,84,1,161,223,208,113,58,69,198,25,78,127,232,61,32,242,154,123,64,79,237,0,229,22,90,80,111,42,189,30,56,83,173,158,153,136,68,7,180,210,85,71,11,22,241,221,85,211,241,229,34,118,226,113,136,160,170,244,161,72,10,176,63,147,64,178,135,147,22,105,251,89,196,24,139,12,113,241,62,118,117,21,163,148,163,149,58,25,30,11,212,196,84,205,27,100,8,62,65,165,115,101,220,165,254,29,115,95,72,54,57,115,245,153,214,52,34,48,0,101,218,155,123,249,86,26,228,202,128,67,140,182,18,239,195,91,73,59,210,108,189,60,214,4,208,126,73,150,48,68,21,251,219,158,241,162,246,132,173,17,142,96,43,227,108,9,130,0,194,8,181,179,181,160,91,105,86,70,83,132,105,238,19,211,27,142,15,194,72,167,149,162,165,12,172,230,124,94,152,101,116,248,151,47,185,29,142,95,35,124,240,163,45,233,159,90,65,62,141,154,139,51,126,112,10,41,7,93,138,148,44,62,171,187,183,174,148,17,228,88,72,97,15,23,87,48,228,224,242,228,65,45,176,161,254,211,155,40,247,247,209,59,127
99,94,92,7,165,121,113,36,50,233,67,208,102,27,17,82,159,117,248,33,71,96,219,212,222,36,66,133,93,88,46,237,218,54,102,167,196,51,173,39,87,39,3,173,67,224,18,60,173,83,97,183,17,212,30,89,191,207,233,181,219,180,113,177,154,230,176,144,55,168,35,83,177,132,73,154,107,237,143,33,189,37,123,226,76,250,109,135,228,79,252,150,163,38,88,239,184,181,88,1,236,194,139,146,249,220,27,30,223,108,117,33,163,22,132,63,79,219,190,116,15,246,19,210,99,31,237,140,28,78,106,79,193,79,220,195,26,187,174,43,201,134,230,3,110,43,128,17,191,86,217,48,5,81,242,122,181,57,80,172,1,152,139,244,243,234,228,137,49,141,243,35,251,86,11,158,8,28,214,182,54,136,250,19,247,122,79,184,9,214,78,106,63,77,0,24,145,91,50,192,60,43,95,220,122,94,73,154,95,119,71,179,254,215,193,9,96,89,110,138,38,81,240,118,19,138,17,129,118,45,5,60,89,90,145,201,146,10,26,86,65,249,163,122,56,236,208,50,228,246,64,231,209,71,168,64,93,142,173,50,5,130,213,4,186,76,223,230,141,71,150,123,96,43,77,186,190,174,113,236,137,241,247,138,207,226,101,252,18,216,32,71,32,173,63,186,37,17,189,122,143,190,130,189,102,83,8,123,14,68,193,80,140,56,3,1,12,192,65,250,197,175,198,79,3,81,18,222,139,121,56,221,218,6,212,34,31,171,120,10,190,89,237,238,206,183,147,248,195,60,205,59,143,233,36,71,202,203,101,60,251,216,172,202,170,201,166,16,97,240,235,170,185,134,111,216,135,68,165,113,75,212,137,169,0,45,232,102,6,58,230,112,60,201,177,176,28,151,3,195,112,171,239,186,83,35,149,128,94,233,250,243,140,186,77,57,50,96,117,68,149,19,93,142,241,248,252,57,44,39,217,15,138,103,1,4,131,201,121,104,112,42,45,213,134,145,152,190,126,178,99,13,53,161,247,78,194,159,146,214,199,18,120,168,235,238,167,207,35,102,140,34,177,239,216,135,163,142,222,212,75,121,60,1,111,163,52,32,87,17,218,120,163,186,198,229,220,167,178,214,182,230,184,156,2,72,66,69,195,17,209,217,127
92,18,234,123,32,252,106,89,31,184,168,128,169,19,119,132,226,115,210,106,239,163,86,208,47,233,48,27,218,6,188,31,9,110,13,219,197,81,62,203,142,141,56,72,217,42,82,53,32,218,187,199,3,216,163,160,128,79,189,211,105,11,143,126,148,22,15,75,240,22,42,158,243,70,232,250,100,73,176,112,119,195,129,28,123,12,135,27,84,159,8,168,166,48,250,104,12,185,197,147,79,40,223,132,101,103,133,202,48,148,83,179,66,203,148,241,85,104,231,5,130,241,45,187,125,213,70,213,145,108,173,129,202,236,77,96,99,205,115,166,105,13,94,63,152,101,202,20,161,248,179,11,44,252,185,157,125,94,8,253,178,78,4,95,90,79,114,212,110,160,92,237,213,126,118,60,157,244,92,99,62,56,199,146,182,158,63,104,109,207,215,149,58,109,101,130,239,143,214,49,73,201,77,176,45,163,66,62,184,218,140,186,216,154,161,194,182,170,224,50,148,247,64,138,50,192,0,114,187,193,219,42,46,101,191,55,170,237,215,71,219,9,174,91,195,252,8,57,8,14,38,22,22,217,30,101,91,82,5,88,4,127,162,164,132,112,121,47,105,206,129,246,182,91,222,175,199,19,112,235,78,129,66,57,25,253,102,182,79,84,252,43,144,175,104,230,151,41,87,61,65,187,135,138,86,61,27,41,149,28,202,196,197,38,37,208,208,72,233,237,39,132,86,92,198,132,104,237,207,4,101,7,134,92,185,213,103,223,142,30,149,164,195,12,101,200,155,75,252,179,207,242,47,235,31,100,23,158,94,71,170,116,2,19,132,36,100,35,197,19,187,227,229,157,34,189,21,75,146,222,80,30,249,129,139,121,227,240,199,163,18,216,112,241,105,23,128,58,134,142,116,18,194,11,99,26,245,169,126,19,69,31,15,22,82,185,68,46,213,93,132,29,86,218,97,73,230,95,26,81,196,56,241,140,35,69,70,91,141,78,185,72,159,165,146,160,121,241,215,143,126,70,185,46,234,84,109,107,202,157,86,96,51,80,144,197,107,72,155,50,232,233,245,219,165,68,30,94,154,194,230,187,149,198,20,21,33,54,118,71,173,169,176,142,60,62,27,238,80,10,20,6,234,83,239,188,6,97,242,118,78,96,127
26,11,99,12,192,77,243,232,109,23,181,168,253,30,38,35,6,237,64,85,145,131,52,212,134,127,76,211,210,247,222,31,202,192,155,68,211,5,35,161,120,211,84,109,65,44,156,85,138,248,182,180,122,243,52,230,230,48,226,124,156,186,93,132,237,218,94,108,180,45,196,168,219,12,243,120,149,240,207,169,61,88,78,165,75,240,40,95,45,14,193,218,56,197,162,16,174,58,175,60,59,152,126,187,243,137,230,55,200,72,150,130,224,244,47,234,157,245,207,181,63,26,60,59,68,250,100,117,97,165,129,96,9,156,48,59,231,114,100,96,29,161,194,88,90,175,134,210,207,52,58,205,154,5,57,74,205,68,218,135,247,59,220,148,141,22,83,22,180,9,183,150,19,150,25,19,109,67,9,136,147,97,123,88,86,186,101,146,117,6,11,88,90,75,30,160,65,73,68,210,214,74,68,74,44,221,128,10,169,226,78,139,7,114,90,252,185,105,38,231,208,240,149,114,85,122,247,130,37,121,177,35,253,217,154,88,69,2,48,39,142,146,141,86,148,216,85,193,206,169,15,127,186,156,253,145,238,100,136,33,72,116,185,145,14,243,225,34,121,218,144,60,28,33,221,81,236,32,80,37,194,128,103,131,92,233,142,233,132,70,39,153,21,187,236,38,58,61,1,43,39,98,73,240,152,237,169,108,215,152,93,107,21,54,228,241,227,112,89,131,45,74,238,233,253,35,185,133,105,73,203,9,120,76,83,164,155,126,85,80,52,38,196,77,5,155,56,110,236,57,169,202,75,236,129,250,246,230,241,215,152,124,126,18,63,235,73,29,128,84,190,46,232,217,223,240,205,208,114,220,136,160,198,162,65,86,254,91,113,10,135,245,176,144,113,28,244,122,121,136,123,118,17,92,191,181,87,131,36,202,209,84,136,208,240,76,249,230,105,112,152,155,192,220,134,190,20,73,149,150,141,214,47,200,135,128,12,155,216,88,243,193,60,10,238,165,175,141,239,2,196,133,161,235,140,186,203,76,7,240,162,113,221,79,85,189,85,168,178,62,103,223,76,72,91,207,71,32,10,80,77,218,58,195,208,21,13,40,123,141,54,94,36,74,6,155,36,160,252,27,237,98,247,224,84,220,113,252,209,59,131,145,127
145,133,117,174,203,66,231,191,163,211,30,244,127,17,141,71,222,11,185,74,237,200,101,170,193,122,249,39,4,70,235,189,5,192,190,6,121,221,28,250,91,231,29,69,109,85,54,81,47,78,11,32,162,168,158,13,213,170,163,191,3,251,240,108,185,237,204,175,1,127,119,104,81,105,154,149,184,84,129,156,167,34,211,169,41,142,60,219,158,250,97,192,117,5,218,212,19,32,172,177,178,157,221,57,221,146,118,13,54,119,77,191,45,18,198,164,60,195,212,233,244,128,39,250,89,62,8,120,219,226,63,239,12,220,143,16,115,240,144,30,110,99,3,159,233,97,79,69,197,231,168,132,48,117,23,97,225,17,250,167,200,236,35,70,116,111,31,187,45,58,31,149,70,209,178,69,198,34,89,120,122,249,160,199,14,6,209,82,60,24,149,24,79,12,237,212,241,81,115,72,221,202,180,41,185,186,78,120,50,207,194,204,212,195,147,64,2,99,237,66,108,94,115,147,74,153,42,33,176,194,247,5,194,154,195,10,170,240,55,231,118,78,241,158,161,99,4,188,76,124,236,232,124,55,60,253,8,147,169,238,158,106,65,152,170,78,191,211,59,192,202,44,29,11,77,52,254,180,74,4,231,69,227,166,64,125,139,91,175,5,90,141,46,21,220,71,66,215,110,27,220,182,251,65,120,198,132,113,189,75,124,176,24,108,127,35,147,154,170,100,1,197,20,208,236,20,39,156,233,14,107,211,127,58,68,142,39,60,182,245,200,126,175,166,93,107,250,77,68,162,175,86,229,157,179,1,17,193,20,109,71,32,44,177,57,126,42,176,82,47,156,22,207,213,21,96,144,238,116,12,228,110,114,8,108,58,166,187,60,240,20,238,93,164,185,80,192,122,21,241,94,225,216,126,248,115,91,42,86,14,99,112,25,207,165,51,41,90,159,62,15,71,98,163,236,97,104,142,253,56,35,1,47,61,123,207,68,95,146,34,210,197,218,251,60,53,197,115,192,13,213,75,132,227,74,60,208,27,32,211,177,130,138,229,164,107,126,155,141,105,89,184,150,64,113,243,167,33,157,61,148,96,21,21,120,251,192,41,221,181,236,238,101,231,160,254,169,192,124,55,165,78,193,182,97,142,99,240,58,198,214,127,127
45,62,8,0,2,237,14,145,42,65,80,115,43,249,215,142,5,209,44,118,167,64,30,238,138,217,154,112,41,147,48,132,249,43,0,140,120,101,19,232,200,243,162,144,208,106,130,160,14,46,77,2,87,147,137,104,229,166,219,223,88,113,80,251,99,115,21,120,50,71,248,150,239,29,151,249,22,70,222,251,135,115,126,43,45,142,235,9,82,205,97,212,200,94,164,79,81,233,226,141,38,62,52,123,179,105,79,67,35,106,109,102,225,176,15,231,147,80,208,94,73,181,50,138,72,164,12,142,76,56,138,30,69,44,105,114,154,45,77,99,187,116,158,37,125,141,67,194,249,233,192,245,32,200,60,210,13,150,142,129,37,79,11,79,13,110,3,238,28,153,173,27,101,67,62,106,242,77,6,133,151,162,179,254,23,181,32,146,41,128,82,243,214,251,72,42,141,177,106,20,125,248,33,10,105,29,67,155,222,194,96,218,66,105,219,9,175,148,223,141,222,186,121,135,94,152,144,172,100,220,46,141,67,12,177,185,84,1,85,19,161,124,107,203,224,28,251,186,66,238,250,127,159,28,176,124,71,176,164,5,199,161,170,234,123,217,208,202,15,5,38,157,224,103,23,199,50,19,22,165,176,187,187,6,18,60,26,150,10,238,7,224,19,126,188,127,76,164,167,156,140,16,52,29,103,36,65,25,152,179,60,160,209,236,130,193,232,119,63,165,213,112,217,244,167,34,250,20,83,98,19,188,105,94,250,160,61,13,133,17,203,217,65,157,224,86,207,188,53,176,36,30,186,220,151,181,59,96,211,110,3,222,76,214,230,58,64,104,143,37,226,69,212,147,172,6,160,168,107,227,189,219,14,15,143,69,126,44,184,7,97,139,75,158,110,128,2,61,49,122,148,17,82,88,176,171,98,117,59,150,28,189,170,37,136,151,38,109,52,228,188,18,106,128,105,101,114,188,228,119,143,9,152,251,212,244,232,59,185,79,107,17,126,164,132,164,227,102,139,243,46,41,83,187,66,96,50,114,134,1,85,249,186,40,15,67,154,251,51,21,72,13,44,210,172,57,98,215,221,230,95,112,143,72,206,121,183,32,135,79,209,192,1,157,221,175,73,217,231,130,163,21,70,76,167,134,3,140,12,66,138,74,127
185,186,99,53,196,89,20,166,164,72,197,230,27,244,243,48,112,68,99,224,146,184,186,210,108,23,66,220,126,18,231,54,173,224,99,37,128,17,69,78,175,169,76,212,137,166,159,12,4,32,91,140,219,62,152,148,32,85,40,146,5,239,119,234,45,47,154,175,250,192,15,7,85,113,209,128,68,4,87,51,167,127,21,62,79,97,152,50,10,178,80,179,58,122,153,211,77,220,163,228,150,63,74,97,219,18,23,64,236,20,162,223,153,26,8,169,103,156,239,67,209,43,196,144,106,219,167,129,96,142,146,220,187,12,219,100,239,104,202,59,205,116,114,211,4,215,247,190,193,35,79,21,33,142,99,186,208,75,153,12,178,147,16,31,65,97,30,242,111,236,148,232,232,115,185,98,105,244,76,132,188,39,216,234,138,48,151,166,19,110,88,208,207,135,221,4,110,65,120,44,40,208,101,5,201,181,237,213,129,225,133,193,28,225,129,127,252,128,70,55,126,36,75,22,2,25,26,166,239,234,68,246,172,1,32,1,85,147,128,196,124,112,211,80,181,168,47,81,214,6,249,86,6,89,70,103,215,50,132,154,83,72,52,119,80,169,130,228,75,158,105,67,172,34,119,100,89,89,144,219,15,30,0,53,87,139,243,144,51,235,170,49,37,105,240,103,186,115,78,216,190,91,185,156,169,237,98,86,207,89,145,193,229,145,220,114,93,209,58,240,189,211,51,144,185,228,177,130,232,254,100,25,64,55,195,236,171,201,19,200,6,83,119,19,57,109,156,52,79,23,83,91,90,126,173,22,241,180,106,22,76,30,63,175,215,241,70,157,46,229,148,89,116,181,173,94,55,32,130,112,184,241,121,71,83,147,1,148,233,6,166,39,134,10,47,138,3,120,115,86,166,1,33,134,19,213,141,187,67,227,35,247,9,82,49,161,109,228,176,63,208,89,174,69,164,155,108,13,226,62,96,77,120,177,39,180,51,153,57,112,236,114,237,241,235,56,26,41,191,185,220,194,228,37,20,76,168,4,128,34,68,251,113,164,181,91,86,91,197,162,207,52,6,215,149,44,166,119,61,151,198,193,242,148,208,123,131,34,237,239,57,119,190,240,128,45,96,130,177,10,167,40,237,195,52,4,119,186,135,120,214,206,127
114,147,224,194,68,208,134,95,156,108,138,197,190,187,196,231,190,155,48,252,27,98,28,121,145,220,137,91,161,61,151,64,44,0,88,17,28,37,87,189,138,63,81,42,156,104,30,210,68,58,79,83,18,186,127,213,133,6,28,208,127,110,178,106,247,75,184,26,129,134,77,52,62,14,179,223,100,78,102,176,216,235,221,103,54,143,210,130,189,182,97,201,145,194,126,229,153,189,162,191,186,239,184,58,80,4,54,99,26,59,248,52,79,193,224,211,14,194,80,1,159,254,158,48,104,186,239,206,28,144,9,172,181,78,116,85,64,198,117,73,142,57,215,30,197,213,113,243,227,95,77,99,108,160,26,211,228,125,186,73,207,214,158,94,34,238,207,69,58,37,52,111,251,38,162,1,16,51,220,247,43,168,48,39,70,0,169,59,86,122,89,9,230,215,175,192,104,157,46,152,33,77,25,155,93,247,118,93,248,113,161,172,55,189,9,237,76,88,67,164,186,217,25,154,230,41,15,141,173,211,92,227,127,174,22,117,83,232,25,244,211,152,221,80,89,100,254,16,95,195,182,105,214,62,84,238,164,251,87,211,197,11,159,130,58,229,111,62,51,28,78,33,38,136,220,80,78,179,171,30,149,246,224,157,10,56,119,197,1,90,178,171,2,57,140,136,221,90,182,127,8,62,69,134,247,198,207,80,117,116,152,147,180,192,209,228,93,11,14,179,177,22,57,216,37,29,254,98,189,203,222,87,236,112,191,237,147,0,55,57,46,177,16,220,124,192,156,67,85,89,159,13,56,30,176,215,168,202,194,162,144,17,156,134,166,156,113,209,59,6,79,178,29,7,35,22,229,120,132,166,89,226,150,144,145,153,137,171,10,175,92,133,73,0,123,124,62,141,23,40,138,33,117,109,80,154,227,37,250,58,91,128,168,120,14,38,180,51,6,30,213,52,1,9,82,82,66,209,190,33,44,27,118,205,227,171,94,85,227,253,221,10,149,91,239,69,20,199,70,16,192,189,31,174,225,179,196,207,3,204,1,214,69,81,162,151,244,177,55,62,252,13,58,4,20,239,131,216,231,60,117,250,0,198,143,213,221,96,109,209,9,71,196,84,71,136,240,60,115,228,95,13,119,64,141,52,188,191,171,70,155,37,127
82,144,127,25,29,242,4,72,87,22,39,159,83,178,37,165,172,68,210,180,134,160,121,43,211,87,50,140,191,112,211,5,168,251,250,0,252,216,215,46,6,116,48,162,127,92,222,25,119,115,203,220,225,228,112,47,130,214,89,8,65,115,136,180,206,218,15,4,111,208,0,147,45,10,45,17,17,45,29,235,95,187,240,248,137,225,36,246,81,47,99,44,49,137,6,118,238,114,178,137,16,95,162,88,240,122,140,183,167,7,2,163,54,194,160,180,34,152,182,6,251,151,15,73,172,18,132,151,220,172,60,235,11,145,109,190,209,166,174,25,197,164,234,148,163,250,15,189,83,67,48,137,77,214,117,202,100,0,99,137,140,65,137,75,29,97,117,109,222,231,238,57,221,77,89,217,98,92,64,173,20,181,120,162,96,239,241,3,180,137,195,166,14,99,250,126,180,189,87,170,146,186,199,135,100,246,193,169,165,75,236,67,176,112,44,87,58,89,24,77,210,161,191,136,32,38,172,61,0,71,15,26,235,33,31,122,125,15,8,30,165,247,235,248,46,0,188,241,114,178,100,94,23,56,55,182,200,11,7,45,70,149,214,156,190,72,40,233,19,0,5,129,129,103,69,143,163,33,89,133,204,149,168,16,38,9,239,45,243,210,47,195,239,210,188,109,147,224,78,133,120,38,211,38,103,150,127,154,220,207,7,209,201,60,63,219,201,243,169,141,242,43,228,182,202,143,166,122,38,196,184,163,217,169,43,241,82,13,173,131,179,223,36,180,64,24,141,69,119,204,126,52,176,192,233,77,129,63,137,44,0,67,179,16,228,150,132,166,143,180,223,253,54,253,45,55,104,130,30,59,180,110,200,209,63,222,133,74,172,180,64,228,250,209,52,249,110,150,194,137,141,70,126,139,56,18,1,252,42,245,109,64,171,20,223,234,0,223,116,232,37,198,134,234,236,195,177,146,41,179,103,6,68,13,28,37,252,157,162,61,224,179,229,135,220,93,221,61,23,21,40,21,99,126,206,74,220,198,151,49,26,118,242,241,142,4,225,216,235,70,130,31,30,229,55,93,112,182,154,181,19,231,207,213,95,94,63,54,227,105,248,210,113,70,207,93,40,157,97,91,92,157,30,81,223,220,242,230,240,196,209,162,127
23,251,178,4,209,45,138,190,193,18,167,89,89,222,71,56,2,70,40,189,51,31,62,246,33,143,251,35,149,206,91,127,190,242,137,14,207,10,193,89,163,252,59,1,142,23,33,40,53,51,158,112,45,222,88,248,38,86,109,3,42,20,237,252,26,46,167,163,13,183,168,147,17,8,204,41,16,81,187,104,145,145,144,206,134,5,20,2,196,157,229,41,207,51,71,4,155,243,80,10,236,23,183,236,167,201,151,160,120,201,74,129,109,4,176,82,43,144,179,192,213,51,28,133,106,26,216,73,120,239,148,130,114,187,111,13,98,113,69,65,134,237,11,201,198,217,7,30,107,87,91,88,24,133,175,34,78,183,145,186,87,100,102,251,65,129,143,207,50,10,104,93,56,184,247,0,201,44,57,196,19,0,98,140,45,215,150,187,141,244,39,110,116,224,168,65,249,130,159,35,24,250,47,211,148,181,35,140,139,107,155,142,70,165,0,57,86,180,248,24,13,8,209,136,102,193,170,187,48,59,80,4,154,81,29,65,63,149,39,76,128,86,126,8,220,183,106,0,88,45,149,253,213,7,158,144,54,206,157,83,221,89,159,182,229,92,96,103,104,111,32,157,88,33,15,69,190,154,21,185,42,40,202,172,145,26,146,164,211,190,29,229,226,241,86,161,166,36,250,86,96,42,245,190,178,122,49,5,203,205,77,153,69,108,112,232,37,13,12,81,15,121,181,212,221,13,171,182,100,154,180,91,142,239,233,28,167,138,161,105,214,111,4,137,1,150,209,221,78,142,125,96,13,212,242,110,118,91,30,196,167,150,208,67,250,137,183,217,192,174,110,232,240,117,14,171,119,46,186,222,55,9,87,131,198,127,148,143,101,252,21,35,39,241,174,161,28,156,5,127,57,231,158,3,31,126,8,157,82,152,107,127,177,52,5,58,133,219,61,60,75,159,37,193,205,56,212,111,79,11,157,67,234,25,214,67,133,230,228,229,167,217,225,36,113,57,239,161,171,174,196,59,53,82,230,80,171,135,194,70,35,112,9,235,83,29,124,188,57,193,116,205,182,240,86,63,224,246,71,220,34,233,78,29,70,51,113,84,69,230,46,162,151,163,199,99,42,152,39,201,221,47,215,243,248,21,2,160,189,242,19,26,127
28,38,66,159,247,97,222,23,86,141,254,181,190,51,20,242,134,11,129,228,127,63,87,52,107,160,17,212,208,72,24,58,215,213,187,232,112,112,25,22,230,196,124,107,108,51,158,74,140,107,222,52,148,34,24,14,120,14,244,40,22,247,26,137,30,80,148,229,167,149,114,171,24,12,242,37,97,129,22,120,60,253,158,195,35,0,173,172,50,171,126,213,245,211,61,8,93,150,195,140,43,164,127,106,173,118,4,41,59,89,5,26,202,40,237,26,36,42,150,232,201,173,109,91,28,176,252,142,20,69,247,32,100,172,249,217,99,104,239,210,19,197,254,152,164,115,55,27,109,104,173,22,46,223,124,106,34,45,102,111,126,143,88,211,203,30,254,164,201,139,235,162,86,110,226,184,12,138,92,44,29,184,104,233,134,8,163,96,234,133,169,31,134,68,224,197,29,237,13,101,75,120,197,167,225,243,207,232,253,175,75,153,121,204,214,233,18,142,207,179,27,22,202,170,82,9,246,190,168,1,242,55,104,238,137,171,223,130,105,12,56,19,180,63,217,93,50,74,160,208,24,172,12,220,93,233,93,214,168,170,185,53,88,131,33,196,46,5,75,24,21,110,11,21,107,48,33,104,87,108,31,162,56,115,110,107,201,84,14,173,206,137,215,156,134,178,218,47,17,184,119,231,155,73,35,129,183,148,242,59,24,204,108,142,2,117,226,241,248,236,146,172,13,199,175,160,229,17,222,189,103,94,120,227,106,165,15,118,66,14,70,128,65,1,161,99,241,108,166,132,0,241,248,148,125,116,222,230,44,112,30,248,37,1,105,150,97,147,228,12,149,171,221,197,220,125,36,83,101,158,72,48,191,122,205,114,214,129,162,234,120,116,38,247,59,49,168,253,125,186,222,166,221,128,121,28,185,205,242,161,162,239,166,190,242,110,175,196,11,159,11,83,138,217,79,51,235,134,200,51,141,84,57,128,226,66,120,152,22,52,133,12,101,244,230,158,178,104,24,113,52,145,35,215,0,48,158,108,173,1,138,166,177,187,171,1,122,40,100,169,108,16,91,215,44,250,165,173,130,90,138,221,205,186,141,114,223,242,221,22,109,61,172,30,15,13,85,38,112,32,251,105,0,77,184,164,128,73,216,198,252,177,127
33,127,158,97,233,221,42,172,1,94,112,214,80,157,11,234,191,193,84,230,94,194,177,2,80,56,182,93,231,7,190,41,206,91,105,13,151,162,148,244,134,47,120,160,246,74,200,32,205,85,45,121,211,65,202,193,105,187,96,224,182,25,146,49,43,167,140,224,166,188,217,222,173,92,236,74,109,212,172,69,80,134,182,86,226,61,4,158,28,182,90,63,181,110,194,54,15,169,133,87,234,126,242,78,23,76,186,56,227,164,181,167,254,241,201,152,36,73,33,147,238,173,31,139,46,240,21,185,24,108,122,147,43,15,5,6,234,106,29,212,18,34,189,71,99,152,112,147,115,225,181,50,78,185,28,15,144,189,115,213,250,224,172,167,181,96,47,230,109,15,236,128,119,230,212,99,187,220,88,113,46,81,243,59,222,198,33,175,201,130,132,18,244,238,75,252,2,139,243,35,29,53,84,88,197,249,84,18,126,95,21,198,211,65,43,83,22,167,249,254,135,152,150,206,75,67,243,225,57,183,95,48,9,242,129,139,233,66,127,5,172,199,26,235,233,93,115,178,138,47,92,148,239,120,62,17,205,26,8,70,214,203,13,25,117,36,166,131,202,189,175,130,169,166,114,70,106,49,99,187,39,143,27,33,190,118,54,76,165,241,106,73,158,59,238,204,254,90,8,107,16,7,243,80,58,55,94,221,20,21,57,243,100,9,212,232,61,240,224,103,48,209,182,7,254,189,147,140,140,12,37,165,87,201,225,4,154,79,129,204,106,43,208,52,189,162,109,81,72,235,115,254,231,164,74,168,176,201,33,159,125,123,75,9,113,146,93,29,101,172,104,157,30,187,76,76,31,71,222,32,187,143,248,65,181,81,216,17,183,138,171,165,109,106,146,120,54,1,44,93,28,210,160,23,126,201,225,236,156,1,73,20,218,31,5,234,252,63,92,111,180,80,33,126,162,158,106,252,172,54,47,66,110,182,74,168,244,65,17,154,158,160,90,217,1,40,27,74,34,40,119,199,111,99,139,75,90,210,5,136,196,105,247,190,220,197,108,223,226,138,144,199,237,157,222,82,226,251,171,62,210,246,204,74,5,95,122,91,77,199,104,243,242,183,202,172,112,10,95,108,9,173,220,222,37,188,177,236,232,71,134,203,127
120,21,94,34,246,91,138,81,133,128,161,8,83,236,115,81,185,203,87,182,45,216,31,218,215,254,169,140,38,222,32,201,57,70,10,219,11,106,243,141,99,82,59,57,159,170,204,64,159,42,23,235,142,51,251,146,53,216,241,252,0,33,67,2,253,175,115,197,177,141,110,225,64,184,88,143,35,18,84,9,247,25,166,245,251,89,249,146,59,95,39,157,62,75,21,81,164,63,153,206,169,52,189,98,134,240,248,208,142,124,210,171,70,91,75,181,230,212,47,76,20,240,78,173,144,174,30,171,198,156,28,28,162,129,37,1,157,38,45,194,124,123,37,64,63,66,154,114,71,191,103,219,17,187,176,12,174,15,121,69,206,61,85,95,244,91,166,96,96,182,209,34,137,110,249,153,215,173,171,126,49,226,158,122,102,41,85,151,203,117,227,146,247,47,33,14,231,85,130,202,204,142,51,198,54,225,7,149,218,188,2,13,130,90,128,151,184,32,244,182,248,34,197,91,104,83,45,195,144,163,180,99,210,228,223,155,166,14,105,102,42,31,145,19,102,225,86,194,40,231,19,237,163,242,224,40,22,208,229,209,10,208,161,13,16,80,79,56,85,122,65,62,167,242,133,245,188,240,13,126,35,217,191,38,46,201,224,175,109,206,41,52,15,94,181,250,157,190,236,50,41,174,214,32,100,92,238,3,167,90,241,59,96,174,53,197,157,5,243,6,165,168,204,108,20,64,140,33,190,113,97,116,10,164,181,3,43,134,65,141,52,35,233,73,243,207,124,26,182,71,173,194,90,171,190,211,42,38,65,19,18,108,162,179,173,213,51,201,40,115,188,89,69,192,206,6,215,19,51,58,9,114,232,51,17,251,69,56,232,159,153,226,147,18,47,131,246,172,224,67,136,29,47,224,182,48,244,100,171,200,120,96,43,46,8,209,64,91,39,182,250,15,55,132,139,38,215,125,77,116,224,250,190,61,21,142,20,17,114,217,52,229,213,136,243,248,25,189,50,127,203,87,15,71,129,27,227,77,27,79,147,232,227,239,168,187,3,50,191,62,79,218,11,165,206,248,248,201,182,224,182,19,143,16,151,150,107,11,232,79,25,48,10,168,151,249,65,146,71,184,216,209,49,174,26,222,118,87,123,135,197,47,127
1,37,189,180,14,195,246,209,211,130,249,197,138,167,24,185,201,149,118,126,112,243,149,19,90,143,247,85,66,102,45,55,15,121,12,131,57,28,121,43,28,45,118,188,153,60,78,139,201,91,146,107,59,59,190,29,96,233,223,27,214,248,165,220,231,67,243,79,112,209,130,229,96,171,21,121,80,128,189,184,203,167,105,234,139,1,114,41,251,89,183,74,108,43,45,213,187,125,241,30,19,225,11,12,210,244,83,133,161,85,185,31,6,68,106,12,1,184,77,194,142,29,94,41,91,96,180,96,56,177,16,217,244,169,17,84,244,122,179,111,187,20,104,89,5,4,2,237,14,0,245,186,119,5,55,40,166,40,115,223,224,159,18,57,63,28,100,158,199,226,254,48,122,30,38,66,241,232,118,245,229,159,42,10,42,221,186,102,62,17,75,20,147,202,106,221,140,29,98,225,133,102,123,135,231,249,119,226,24,180,229,178,192,126,133,206,10,243,28,46,43,215,51,96,62,99,13,102,205,212,181,57,203,133,17,246,137,240,211,165,27,164,65,10,61,61,157,213,240,89,230,189,147,226,202,57,126,99,239,220,121,112,202,73,100,26,143,196,172,103,26,40,217,149,190,223,202,102,210,143,245,99,210,25,150,82,124,88,134,64,116,207,88,182,99,202,91,149,72,251,85,220,42,105,109,253,181,137,22,49,100,157,82,224,180,176,124,140,131,240,247,12,65,251,3,209,71,53,132,194,167,122,117,88,91,1,74,185,231,248,153,136,29,93,158,249,162,77,61,85,7,1,216,75,199,58,59,70,6,116,209,235,85,53,133,166,213,197,62,48,31,41,108,157,229,187,122,43,225,88,59,197,242,169,249,222,128,99,48,131,29,39,37,18,2,52,37,132,89,49,99,1,153,152,203,207,6,89,84,49,213,233,92,45,249,157,10,61,150,40,79,115,155,106,10,89,183,149,156,18,151,83,91,28,64,112,133,144,23,238,123,160,102,59,219,212,81,250,22,126,87,206,106,226,41,197,33,140,103,10,129,74,185,188,99,66,232,113,97,84,200,135,64,4,23,12,208,45,45,252,60,133,68,173,68,123,163,124,219,162,73,134,32,73,242,33,34,174,29,133,108,238,207,50,32,106,150,222,48,30,98,146,127
193,41,65,64,80,101,222,206,190,184,116,68,243,138,176,90,55,2,209,148,137,238,226,92,173,130,151,61,122,89,221,18,206,86,167,88,215,183,24,67,238,145,242,66,59,82,4,223,133,121,251,133,29,156,165,37,216,204,179,87,131,52,241,158,28,176,107,46,193,21,128,100,128,79,76,125,158,140,142,238,157,33,116,184,105,251,32,7,130,169,64,72,170,110,154,16,123,204,17,129,9,134,86,32,165,148,36,137,104,86,129,160,208,23,75,99,198,175,24,162,136,22,152,11,216,138,227,133,60,187,245,97,94,236,107,67,62,192,237,13,193,182,137,142,238,15,178,46,184,31,140,87,208,36,150,48,82,191,103,76,129,253,80,183,74,226,142,179,25,28,35,86,189,119,37,105,33,33,29,96,234,80,57,131,9,159,170,96,40,138,192,186,231,183,70,39,126,140,34,246,148,80,244,207,33,65,213,108,45,117,41,43,130,224,68,110,208,202,184,138,116,23,34,29,68,107,174,144,185,81,202,27,145,16,50,190,211,232,237,64,86,11,153,222,161,181,88,21,110,179,228,164,230,242,223,244,183,142,41,24,140,133,91,91,81,127,8,184,201,145,219,215,12,214,153,190,157,151,109,146,24,175,229,199,71,178,170,145,9,17,131,60,52,36,1,219,239,151,147,183,237,163,56,254,209,41,16,31,109,94,140,159,95,85,100,252,34,143,199,211,223,187,136,51,165,190,197,114,1,187,158,20,127,199,150,202,192,161,172,253,160,228,233,225,92,170,1,36,69,33,30,45,69,189,104,154,165,71,120,156,73,185,12,203,18,156,240,93,162,101,83,224,52,58,128,33,92,69,11,71,250,212,250,99,214,44,162,230,239,252,68,159,245,107,166,20,234,120,106,151,231,116,43,172,176,242,156,60,138,159,68,94,80,84,84,186,115,88,247,215,228,89,144,210,89,245,64,37,207,56,61,151,137,36,61,212,56,48,102,65,52,44,128,2,88,14,196,105,52,118,244,144,74,219,97,57,25,134,9,10,96,191,163,185,111,35,99,120,5,126,65,248,78,84,8,250,212,20,85,157,49,171,110,7,137,30,116,193,78,208,133,77,143,225,97,165,222,178,78,30,244,114,215,192,220,110,118,171,235,247,110,178,127
104,207,62,242,243,7,121,160,161,188,219,85,58,95,66,90,74,194,155,19,251,87,220,132,230,117,236,189,9,227,100,194,219,70,54,113,246,114,144,192,88,111,93,152,45,119,111,51,170,83,104,79,137,153,1,213,97,182,77,205,125,110,229,234,72,65,98,84,82,84,198,114,242,62,71,139,12,207,15,79,194,247,135,21,17,168,196,38,134,215,49,94,191,226,218,214,92,250,201,99,233,96,203,218,54,112,60,199,81,164,17,89,243,51,237,19,54,59,96,29,10,234,107,252,72,121,195,36,240,224,209,137,128,160,31,11,7,60,103,61,180,66,95,223,236,179,8,109,172,254,165,71,162,209,112,8,109,130,45,229,121,2,64,212,142,118,182,233,43,60,98,212,47,38,169,14,11,29,129,55,148,177,242,137,199,81,55,40,220,101,117,161,22,147,86,131,153,42,87,177,11,106,48,38,190,178,175,125,212,46,163,177,124,128,82,169,6,5,191,10,150,76,168,247,198,16,76,216,57,234,34,198,149,135,4,107,168,216,145,153,85,73,100,238,40,186,100,180,211,155,243,107,77,1,143,242,72,16,70,154,249,69,64,158,23,206,71,199,138,197,35,249,37,15,246,221,70,133,123,174,252,87,19,13,224,185,43,70,216,209,246,232,65,158,242,45,185,66,106,85,5,5,12,17,81,120,216,249,213,187,247,123,124,8,92,46,186,66,122,114,180,94,127,166,208,101,30,127,130,194,170,9,48,3,246,36,158,243,107,106,121,217,128,115,217,119,54,45,199,107,72,222,219,49,248,148,143,122,142,144,189,145,247,182,143,18,240,240,123,87,65,94,157,246,240,134,122,90,147,84,178,240,162,175,147,134,105,63,12,243,154,114,77,23,34,95,28,25,251,53,221,76,40,2,227,218,185,31,153,126,91,83,69,88,16,250,223,203,145,90,194,64,3,14,245,246,103,228,127,177,199,26,235,84,31,48,62,211,103,167,148,3,77,138,144,112,107,243,147,168,192,88,102,204,235,216,69,38,84,52,106,6,8,134,26,15,0,136,103,232,122,20,167,141,243,160,235,140,173,239,24,66,90,95,210,76,13,238,158,111,38,92,135,51,140,253,183,46,161,25,190,226,49,37,247,82,153,141,245,235,62,1,127
89,187,90,128,188,66,219,29,152,192,158,52,137,58,76,184,113,150,163,182,204,20,198,116,92,6,141,154,99,153,207,127,174,252,43,174,60,76,197,166,100,179,235,69,122,214,95,224,217,140,177,205,110,189,85,46,57,96,46,227,215,11,218,129,134,246,156,169,86,27,62,96,36,38,194,38,163,148,126,172,220,14,222,91,121,161,127,47,236,114,71,43,116,16,113,202,222,136,9,209,172,16,141,42,39,64,58,142,85,217,175,14,45,237,20,15,47,171,61,2,181,80,136,198,222,97,252,183,134,3,201,112,50,91,66,116,22,82,180,16,249,3,137,81,245,50,209,214,242,173,121,34,109,226,238,199,72,182,170,215,74,157,112,41,185,20,216,75,201,179,36,10,11,138,37,121,38,69,137,62,86,136,66,178,17,147,4,157,7,37,176,217,146,196,157,6,117,165,141,60,166,74,17,193,10,86,16,185,79,212,35,113,184,231,205,215,65,120,191,79,254,130,174,25,193,208,194,186,89,56,245,19,54,211,245,90,40,194,146,12,184,217,116,85,146,96,216,218,4,12,76,64,105,209,219,22,37,72,73,81,79,85,205,158,17,113,22,246,91,135,208,33,52,1,58,211,69,75,123,37,234,123,150,167,211,59,183,235,212,46,194,168,175,154,242,44,194,207,227,141,221,88,140,120,202,31,229,72,204,166,177,137,23,40,189,17,55,141,57,94,36,238,20,172,142,209,116,177,90,86,132,25,76,189,234,130,178,180,252,218,225,223,68,53,103,39,195,107,140,201,240,66,112,119,215,226,81,1,197,106,42,159,192,3,139,176,55,251,52,58,9,204,27,179,213,117,133,120,19,192,148,66,73,69,19,131,9,94,4,101,150,72,150,102,243,173,229,99,177,25,181,152,114,42,138,157,174,54,238,1,142,196,173,157,174,146,61,240,165,99,33,168,42,149,221,46,120,155,15,2,0,207,250,202,21,95,9,158,162,94,207,10,236,0,27,250,27,29,160,57,3,118,13,34,176,3,240,51,121,147,72,198,42,24,77,179,63,131,238,68,142,192,107,91,212,205,40,216,105,57,60,36,22,174,173,50,108,98,32,86,66,65,210,251,212,99,56,40,219,100,61,132,253,134,105,13,83,65,200,201,24,19,127
147,88,40,71,159,55,253,163,218,248,248,123,124,174,157,177,126,115,129,71,247,127,235,202,193,116,113,76,243,137,221,17,186,97,142,53,122,205,54,159,165,85,36,108,167,49,147,230,175,2,178,181,71,24,58,217,80,187,73,0,151,87,32,96,94,233,4,239,113,9,120,92,66,215,241,27,139,138,247,164,30,56,254,245,47,229,175,67,174,106,225,233,243,73,142,122,75,44,85,64,225,25,126,185,155,16,54,80,77,17,249,225,77,184,61,150,239,45,169,110,129,96,231,10,56,118,169,97,70,97,254,97,54,229,138,236,164,121,48,154,75,125,231,119,239,4,217,161,122,89,61,202,168,126,61,65,113,13,231,113,130,134,19,230,254,108,141,128,55,28,32,27,242,73,213,44,75,26,54,230,147,34,138,235,35,60,152,224,86,76,219,87,211,66,25,148,73,45,14,251,1,178,254,239,102,141,126,153,194,0,250,146,81,15,1,55,122,114,45,66,221,245,167,231,230,91,144,126,122,125,137,100,204,173,79,140,80,75,21,117,169,243,149,54,39,40,45,173,21,30,233,31,29,68,114,116,169,68,234,65,253,139,137,193,10,116,187,52,121,86,178,34,34,13,149,8,100,213,198,236,35,248,105,247,90,145,207,31,233,214,155,173,139,76,109,168,176,85,224,86,23,250,37,92,139,82,171,73,220,214,41,201,180,26,147,126,167,147,41,242,107,30,189,235,201,73,103,89,32,113,85,212,252,68,68,169,113,75,216,221,29,237,189,76,130,101,165,221,209,34,113,139,207,116,76,197,209,39,244,247,26,152,152,113,235,27,122,68,203,150,167,76,38,227,216,177,92,104,151,172,42,253,92,127,53,240,92,68,250,190,113,173,234,8,217,80,170,174,80,40,30,220,139,195,157,72,197,24,243,45,223,70,176,55,26,137,139,249,136,235,9,228,47,46,25,223,27,168,23,60,212,107,112,233,92,26,93,34,146,115,55,241,10,22,182,52,119,201,74,136,56,147,91,36,92,69,105,152,100,244,240,200,145,52,20,156,51,1,211,124,247,94,126,43,224,94,63,86,189,69,85,105,57,154,135,218,230,224,18,0,88,216,178,251,115,3,133,52,191,247,108,18,105,78,169,250,170,216,99,77,133,203,127
189,132,72,204,109,20,43,251,249,102,209,130,27,239,150,62,238,235,232,84,174,62,48,136,96,50,159,112,77,48,246,57,4,206,155,108,100,108,168,61,168,55,232,174,238,159,167,37,133,173,73,139,231,141,137,217,213,95,248,140,147,72,8,21,207,124,244,196,109,75,88,47,150,54,99,180,221,178,109,87,96,217,154,151,237,40,247,5,247,164,226,75,125,47,130,103,186,2,82,224,93,154,132,100,116,197,191,188,244,124,43,179,53,91,49,107,52,212,59,109,120,54,89,12,236,46,160,141,92,20,237,251,237,177,69,46,58,206,22,14,216,100,121,252,60,218,246,211,186,1,215,34,69,74,162,22,131,25,106,85,29,154,29,143,95,115,6,102,226,46,85,145,143,195,183,194,181,230,197,57,81,44,32,248,193,170,31,213,137,64,207,132,100,107,9,88,39,180,216,208,16,156,30,45,192,150,136,242,98,66,247,22,217,172,86,94,42,231,57,89,30,47,223,146,212,127,223,45,229,0,155,8,210,180,106,229,252,234,25,100,199,216,174,141,141,154,32,142,250,189,239,162,98,200,201,167,9,125,21,10,147,127,92,227,215,235,99,210,143,76,73,208,245,77,84,172,20,134,20,117,17,219,32,94,29,251,192,62,42,65,142,73,193,126,247,109,185,1,202,81,27,249,129,113,201,197,169,23,116,118,193,41,254,178,3,116,19,52,106,29,203,154,52,192,8,197,29,231,190,37,46,83,91,59,7,128,25,148,125,102,238,119,92,109,124,1,106,75,143,159,48,234,20,92,56,52,62,143,110,52,222,157,44,31,81,176,49,40,90,206,42,55,225,165,58,65,180,134,148,254,176,8,3,70,50,85,232,12,168,214,238,69,182,77,238,82,76,17,209,52,23,109,60,27,139,224,94,181,100,158,50,235,5,1,131,126,66,167,47,74,82,50,112,46,7,185,177,115,205,213,81,158,32,163,194,81,32,143,18,224,13,162,97,248,233,140,193,20,138,160,96,27,52,134,228,130,213,15,190,182,162,136,178,240,129,252,7,220,164,72,45,165,133,250,44,12,128,9,81,26,184,222,8,157,128,168,24,46,168,206,20,154,105,2,168,56,116,177,252,7,238,47,225,72,70,83,7,100,159,101,163,43,127
60,15,134,121,188,126,250,70,115,43,21,20,252,192,169,174,199,158,115,14,90,134,16,103,3,52,173,214,116,112,58,101,250,171,37,191,15,167,158,221,74,197,157,103,11,146,47,122,196,254,138,237,145,248,158,253,119,108,166,232,164,172,133,43,222,128,175,221,248,5,11,171,204,220,30,155,4,254,231,247,120,65,154,71,236,220,6,48,68,4,200,149,192,214,166,196,20,124,160,42,21,235,97,169,213,222,224,74,24,70,59,28,188,233,118,43,154,154,167,33,10,198,36,100,222,30,202,123,158,165,212,66,101,228,40,62,17,239,127,223,155,247,4,104,228,188,50,148,123,184,42,21,168,43,50,121,235,107,102,54,146,170,242,62,211,16,9,10,162,138,184,109,10,176,104,226,57,30,204,44,28,95,138,187,206,109,181,214,119,22,170,171,146,246,209,36,12,101,102,127,29,238,17,6,53,226,47,26,1,31,101,114,166,219,158,200,33,141,178,197,251,71,234,199,94,224,156,168,37,125,131,215,68,178,121,165,114,216,185,174,48,241,104,145,190,8,185,236,77,107,50,173,10,139,228,127,200,141,232,102,201,165,38,99,210,16,156,61,12,208,212,83,69,64,166,39,77,50,3,3,224,113,98,194,104,251,5,127,133,179,47,216,188,166,24,1,93,18,197,184,123,177,80,133,211,91,101,11,235,178,207,147,98,191,234,83,210,73,20,7,86,59,239,108,25,153,109,212,94,127,249,34,158,57,2,80,201,167,49,119,68,144,19,243,205,225,55,77,179,242,28,139,178,114,166,180,43,59,245,207,226,79,177,130,206,28,114,206,85,127,245,162,220,28,90,185,93,35,166,207,98,214,88,214,226,123,149,119,142,157,147,74,45,51,79,134,32,208,229,45,218,223,240,6,96,233,232,7,141,200,231,91,140,51,105,45,118,68,135,91,162,245,54,68,92,234,62,71,218,38,31,229,65,36,207,231,108,121,27,226,252,239,94,103,113,94,111,44,24,249,29,189,246,44,214,230,42,85,153,16,136,170,6,126,190,11,172,114,147,73,154,185,71,85,143,239,214,195,237,33,48,195,7,136,88,70,41,198,164,145,196,138,151,251,218,50,56,249,102,106,144,40,44,214,191,109,205,34,134,55,172,68,127
156,16,105,58,70,112,147,134,163,12,89,122,156,74,50,189,166,64,210,134,48,210,121,71,60,81,247,219,235,117,98,35,192,15,168,150,38,69,16,204,220,206,49,82,11,151,127,41,213,11,182,31,23,130,121,25,112,186,187,165,240,30,235,127,233,69,128,176,1,192,153,36,99,229,31,93,85,228,81,87,209,106,160,98,162,77,208,178,85,235,37,213,125,66,31,201,242,29,134,107,147,44,148,83,45,87,115,87,77,161,251,36,84,61,72,106,123,77,254,66,121,183,158,250,63,11,137,44,21,176,52,164,159,1,191,13,152,37,72,237,222,227,36,155,117,23,134,108,99,112,191,52,104,8,88,8,147,41,62,189,224,109,172,79,49,96,87,120,121,106,143,28,147,84,26,78,206,36,76,199,138,180,38,130,100,151,100,82,97,43,44,44,35,117,118,172,223,159,8,41,252,81,116,6,104,241,190,79,236,30,114,38,206,192,5,60,92,79,59,61,72,123,186,20,83,141,198,245,182,209,26,23,180,206,49,190,16,235,98,123,213,196,36,216,98,119,69,253,34,81,108,33,45,41,69,70,186,223,215,210,185,244,34,58,171,21,241,80,194,25,115,252,20,196,155,152,27,43,213,155,175,125,186,67,18,201,57,221,225,130,97,104,96,109,225,80,161,137,185,207,116,197,239,233,116,38,210,208,142,55,50,27,51,146,150,78,249,69,101,47,210,72,39,143,156,111,122,144,174,22,124,130,193,29,242,151,83,106,248,248,104,78,227,254,134,159,83,97,74,17,164,54,171,150,103,130,119,171,13,0,30,35,144,9,171,4,191,100,175,32,51,93,130,51,78,160,58,204,43,208,195,74,105,146,249,140,110,244,177,249,175,25,191,41,7,88,82,8,121,250,247,75,160,87,113,243,172,208,129,48,78,190,90,138,122,102,2,21,117,199,2,199,219,111,246,18,190,117,241,35,247,199,202,39,219,1,102,176,4,218,105,26,239,79,91,11,124,120,170,217,5,136,196,141,217,235,126,41,142,72,242,199,68,207,138,208,222,148,59,86,44,138,210,243,88,234,12,247,249,149,69,119,172,193,107,144,254,65,193,105,207,49,110,80,215,218,236,223,111,25,92,246,157,243,19,224,58,20,71,209,178,195,127
73,74,237,118,154,217,28,165,151,182,179,210,247,175,37,254,168,171,25,110,19,6,114,61,200,203,37,100,237,22,214,105,206,186,42,86,131,101,211,116,100,100,3,25,123,234,182,121,145,77,116,96,9,219,34,17,145,161,52,150,19,111,64,252,58,178,92,126,69,27,111,168,150,244,47,16,20,156,150,124,29,229,12,169,196,184,47,108,235,183,208,244,163,183,65,143,72,117,166,31,252,240,156,166,242,17,65,233,228,218,18,250,138,3,206,118,77,33,2,213,58,106,229,191,132,1,245,37,237,180,181,241,248,138,225,117,80,114,68,123,64,113,14,197,38,24,71,228,27,114,104,113,203,2,196,223,48,166,176,139,220,62,127,157,85,213,96,194,204,101,198,0,48,253,16,50,1,242,96,115,191,78,58,133,70,174,148,33,58,39,126,196,251,1,192,239,171,103,105,117,108,53,14,207,221,133,161,245,134,7,76,218,150,227,2,21,109,96,160,231,178,8,140,93,156,155,66,150,173,251,223,55,52,175,163,77,239,178,59,7,108,122,214,106,155,243,120,73,18,245,106,147,15,68,222,61,128,182,140,141,4,223,165,205,234,155,146,85,183,208,219,90,135,14,101,127,91,49,187,195,65,13,1,103,147,136,129,231,188,145,144,226,179,229,100,200,247,207,252,243,238,193,121,105,145,116,75,210,211,133,26,193,180,81,37,105,229,8,190,86,193,156,86,246,23,160,194,24,213,41,35,194,185,33,41,66,198,146,40,110,22,181,107,222,121,61,6,212,223,75,183,189,185,131,136,178,178,117,185,30,26,24,182,87,177,174,252,107,4,253,29,4,161,203,125,108,227,116,188,98,167,149,239,58,235,90,36,147,124,28,160,78,173,201,254,217,88,94,238,36,173,84,44,105,230,93,74,212,19,213,172,146,163,254,207,115,3,239,3,46,163,12,137,109,10,101,145,254,5,207,210,102,248,33,68,250,131,30,178,24,31,250,239,64,78,38,183,40,176,248,113,32,197,181,176,184,68,191,146,40,24,1,146,1,20,170,107,196,175,160,204,94,148,19,122,137,84,79,120,102,227,194,42,172,16,164,29,196,243,227,138,177,43,221,206,247,185,151,139,230,214,254,7,55,223,79,21,90,248,16,126,43,127
177,6,31,25,88,210,100,93,161,24,158,84,173,166,19,61,221,95,1,75,154,93,221,186,100,18,229,199,17,49,246,134,193,71,198,41,206,115,28,33,249,171,11,118,234,105,203,19,176,27,188,158,242,107,52,203,211,152,171,7,183,205,37,30,231,190,211,164,186,102,136,153,71,61,127,110,240,145,131,112,200,244,32,189,1,147,169,241,246,213,168,28,18,190,213,5,10,16,66,125,47,191,154,74,0,215,49,183,134,132,10,215,192,80,9,83,9,1,148,216,112,11,250,191,225,182,106,54,112,154,240,107,25,233,78,56,65,49,244,158,206,175,114,187,152,59,48,223,228,222,121,238,19,35,248,248,6,31,242,75,205,34,21,112,100,225,194,105,174,73,99,210,169,135,22,208,249,4,41,87,152,168,180,167,73,194,223,230,194,252,202,113,150,177,97,2,166,133,14,23,130,52,130,43,88,222,80,137,236,241,215,142,109,215,77,64,177,51,234,223,116,49,209,97,15,70,65,195,186,100,6,223,127,231,224,112,210,11,113,115,89,246,173,64,49,28,248,37,20,187,131,76,195,152,96,130,8,180,69,67,159,17,253,208,9,227,4,71,175,195,247,21,212,41,215,22,254,30,49,235,231,241,70,218,117,67,202,31,69,190,203,92,33,246,234,82,253,87,172,229,249,122,156,3,29,171,190,73,1,149,237,131,54,154,25,65,165,60,153,76,55,169,139,2,207,48,46,175,42,138,107,25,32,125,116,73,104,150,116,232,89,164,173,201,197,210,92,76,103,206,181,175,242,210,21,63,150,233,121,122,242,55,209,224,187,153,107,102,44,224,128,217,48,75,25,62,237,250,89,69,176,111,242,15,148,43,161,76,119,106,87,6,81,235,18,0,45,48,190,80,185,162,38,108,75,246,127,24,231,67,159,162,248,190,180,39,49,0,149,59,29,211,81,204,207,41,107,201,179,180,16,135,254,84,154,201,26,87,103,170,188,211,183,75,140,234,169,209,155,16,15,164,17,198,219,221,153,122,42,97,71,222,136,198,57,45,71,227,161,74,0,138,68,161,14,90,212,201,34,6,169,133,59,89,250,153,150,60,122,170,131,124,104,127,217,69,192,7,52,158,240,221,116,122,119,153,101,146,44,191,87,212,127
149,162,97,80,74,29,227,24,46,17,107,86,249,117,55,227,77,53,100,33,105,133,209,23,43,127,33,170,133,190,157,56,253,196,222,126,121,56,121,16,239,36,142,5,210,76,249,109,133,239,126,245,233,122,5,152,253,160,9,125,170,139,131,161,104,99,64,137,105,29,205,28,167,174,37,122,124,39,104,94,155,47,119,158,178,180,52,219,164,176,239,117,21,231,183,246,196,182,160,214,245,13,120,30,159,252,203,62,107,217,246,163,51,185,221,166,198,162,75,223,119,67,181,89,71,72,254,195,81,161,87,144,242,103,206,117,93,25,64,64,112,198,49,46,151,196,166,130,205,98,19,30,216,188,28,145,136,174,74,64,98,102,28,136,220,50,103,84,46,44,110,17,96,28,233,243,178,166,136,10,232,150,145,56,16,175,224,60,207,101,241,216,55,24,241,49,250,91,67,146,32,196,120,88,44,93,124,117,74,101,104,131,24,205,219,106,222,8,53,58,153,50,224,99,167,177,41,40,89,157,49,126,234,170,67,72,77,209,10,12,101,242,150,226,120,132,74,76,150,188,209,238,59,130,194,242,248,242,13,15,192,69,69,222,47,0,57,132,211,205,131,6,213,128,165,210,61,85,170,58,155,112,33,27,91,106,212,130,184,219,105,208,221,154,138,173,187,212,121,189,225,53,178,146,123,59,37,154,226,107,2,47,159,88,233,16,27,118,200,130,102,92,127,154,111,203,192,96,178,231,216,167,29,240,42,53,97,49,33,115,25,25,121,147,153,93,237,247,116,53,232,158,176,117,184,149,201,113,129,121,62,241,98,235,66,196,99,79,132,190,130,136,148,44,103,26,43,127,155,3,183,231,236,208,116,199,76,233,67,37,55,71,64,154,100,202,78,166,102,62,105,134,54,36,146,186,99,70,117,239,239,25,145,52,110,237,164,190,1,216,179,159,97,64,235,3,240,175,252,19,245,133,230,209,95,237,176,154,41,89,228,80,241,20,167,36,233,174,228,76,68,179,54,156,155,140,120,200,20,207,69,190,108,230,122,101,102,84,73,96,16,219,102,192,38,215,40,10,176,36,211,11,15,118,207,147,20,96,221,74,136,32,34,197,66,42,23,39,207,107,103,198,74,36,208,72,40,249,46,189,240,209,127
100,6,248,9,41,7,143,254,195,20,19,163,137,4,6,87,110,224,179,27,48,152,185,130,156,192,154,221,90,151,38,12,8,194,122,114,217,94,35,225,136,222,127,93,73,102,196,106,162,163,34,158,171,162,42,232,173,129,175,209,252,117,121,55,248,115,11,140,204,112,192,208,42,168,48,230,163,81,162,183,10,156,119,120,161,132,179,139,233,168,188,8,173,102,115,141,132,67,21,146,114,1,112,35,74,111,91,80,99,109,150,116,79,73,158,104,100,67,38,230,27,151,62,130,157,14,105,44,20,212,15,66,82,33,96,225,146,113,1,27,163,29,53,173,166,64,59,42,189,230,210,183,136,203,195,32,16,116,189,145,122,142,217,176,101,203,94,162,9,18,131,156,34,163,0,229,22,159,211,181,1,29,206,71,56,249,53,238,124,190,165,213,247,155,240,159,49,170,49,53,29,151,175,47,69,104,147,237,233,118,27,98,121,237,220,187,162,254,117,241,206,228,39,173,183,230,49,219,177,199,145,30,54,127,97,211,63,82,176,53,214,205,93,6,183,180,190,171,121,49,162,51,202,35,182,180,138,29,174,14,184,10,234,186,173,11,118,211,0,72,173,30,179,205,58,12,182,82,168,120,223,69,12,181,226,126,196,251,154,88,67,205,91,72,54,16,173,118,15,152,186,229,127,193,107,151,106,161,145,58,58,181,80,71,49,43,59,121,20,223,193,165,28,150,20,21,65,12,241,37,137,242,187,108,147,233,103,35,49,76,76,95,226,198,241,168,233,37,180,251,84,237,104,225,186,197,96,57,192,195,6,35,199,221,177,242,96,158,98,34,180,34,78,203,54,131,42,226,56,172,28,52,76,182,0,16,16,50,225,49,188,1,85,168,61,50,125,104,99,224,168,97,198,55,85,121,246,179,251,228,38,241,66,74,231,225,91,230,239,162,44,253,146,116,208,94,245,253,196,168,152,144,65,168,90,4,96,109,217,27,28,110,73,45,113,198,40,79,249,233,242,91,21,44,42,80,124,5,148,184,159,119,86,113,184,4,123,60,20,147,160,51,57,50,184,198,92,22,51,38,120,92,35,13,26,73,20,209,160,12,145,209,8,187,230,116,168,52,197,232,217,17,152,183,134,158,165,133,52,116,248,3,127
222,181,250,40,44,101,145,54,0,213,153,111,9,87,172,109,150,252,76,142,156,60,217,157,173,128,164,71,68,137,154,100,158,205,240,214,49,134,123,119,222,186,7,170,3,230,46,33,173,144,237,212,231,227,34,217,115,122,31,116,222,147,151,101,80,157,57,28,70,194,129,73,64,162,222,176,238,93,200,185,242,253,44,55,164,103,83,35,58,58,40,53,204,115,53,228,235,137,32,131,91,104,78,63,12,119,49,155,191,164,58,138,218,143,130,186,12,249,157,1,147,87,42,134,208,44,239,217,47,88,108,209,109,207,174,52,175,106,247,150,20,51,245,112,134,217,223,242,29,246,239,11,42,167,75,170,229,42,13,108,245,0,225,203,99,122,92,196,5,74,208,213,163,179,164,169,8,31,67,108,118,126,121,11,134,101,3,43,1,157,123,21,202,170,139,65,54,170,98,254,223,78,132,31,119,69,166,151,217,88,127,229,34,230,43,82,118,41,96,196,29,55,124,44,166,183,183,159,174,166,254,172,200,29,99,28,68,231,130,22,162,32,55,241,251,232,96,71,239,191,110,72,90,1,121,228,103,139,12,219,129,206,177,239,144,100,5,65,252,24,210,31,216,211,189,229,19,167,18,47,2,130,246,169,216,210,102,218,218,117,228,19,132,160,181,88,85,105,104,19,31,49,156,93,104,46,45,136,87,41,168,8,37,164,191,246,31,99,32,6,58,93,17,78,138,138,190,55,211,80,156,65,113,139,90,162,34,18,223,199,232,116,11,70,218,220,70,83,241,2,198,10,28,111,9,79,245,122,141,59,198,20,58,88,64,252,204,161,123,110,17,233,178,15,131,235,83,126,148,206,89,160,168,6,103,103,4,48,175,31,12,210,117,184,46,11,237,70,136,106,182,51,33,88,193,69,119,100,116,82,175,232,15,210,211,80,89,202,176,189,216,52,211,188,114,25,207,41,238,94,1,155,16,73,15,31,123,68,168,231,181,23,93,48,135,150,140,185,118,169,122,231,77,247,12,15,143,146,202,84,66,223,97,56,47,21,187,115,47,63,48,140,136,42,111,25,146,28,82,212,52,120,205,23,197,185,77,203,69,67,187,158,220,22,208,226,161,158,236,184,145,125,170,200,106,80,188,30,17,186,152,98,127
208,46,17,23,30,173,60,116,91,248,190,159,101,4,138,64,226,150,77,62,239,224,75,206,237,190,201,173,252,41,233,133,2,27,58,32,114,142,29,8,91,45,236,136,5,251,224,208,129,81,29,46,252,176,247,175,96,9,15,64,14,179,121,87,193,192,85,18,132,98,227,195,240,48,73,35,229,21,186,22,200,106,155,71,84,93,159,76,24,236,199,144,187,90,141,171,127,70,51,112,4,186,74,0,88,46,71,81,177,229,133,139,68,0,94,164,97,182,57,203,140,151,158,152,104,128,125,120,184,79,45,113,95,141,182,121,219,207,160,232,27,208,22,0,199,19,171,245,213,58,8,223,0,207,215,141,210,16,203,68,44,3,159,237,250,48,135,156,40,80,121,150,111,146,94,26,42,25,145,236,1,56,66,178,185,132,14,107,111,172,95,206,88,238,231,74,4,44,31,234,212,245,53,252,85,217,80,38,193,230,113,15,144,184,199,120,178,203,190,116,134,73,61,59,130,158,133,52,226,20,93,45,138,190,49,194,108,122,64,220,193,147,113,14,107,137,32,102,198,65,135,186,215,187,109,24,133,135,10,190,84,202,208,249,63,237,10,225,193,188,95,213,12,116,211,191,11,62,118,203,75,71,45,179,228,232,203,47,122,73,8,101,209,121,141,96,111,46,105,245,62,32,128,154,218,156,39,24,8,13,122,74,119,67,84,142,94,226,48,182,249,156,51,36,128,137,170,29,238,117,207,102,225,182,171,2,26,59,158,161,87,244,111,100,30,26,97,187,89,9,56,81,0,74,56,159,78,192,55,15,122,19,107,210,189,39,200,70,131,121,225,67,105,178,24,217,237,104,168,114,16,146,205,147,126,59,48,146,202,121,145,254,99,194,254,56,186,24,22,125,138,34,117,127,15,141,249,142,74,118,211,103,127,97,46,32,164,80,92,183,58,23,11,2,51,8,168,182,205,7,67,82,208,158,245,182,112,105,2,186,120,137,245,97,189,107,75,228,50,33,52,221,30,139,184,186,28,9,27,64,44,145,2,186,52,189,66,63,54,146,21,195,127,214,191,147,169,113,106,39,236,13,79,147,118,79,56,130,230,191,5,171,247,250,124,1,175,3,101,102,227,31,117,178,216,197,149,197,60,30,240,180,127
6,245,117,248,63,178,192,243,60,31,242,64,72,180,77,191,108,170,42,89,125,225,158,175,112,127,170,21,226,97,158,184,29,128,40,13,177,93,166,205,195,81,152,43,121,18,47,227,191,137,18,230,39,70,67,42,123,217,128,192,120,41,53,120,1,35,144,250,196,13,130,137,96,247,186,1,62,104,48,3,128,228,108,102,165,121,116,153,222,75,89,161,127,219,34,116,48,32,227,207,64,61,48,165,40,6,147,79,181,10,225,172,41,132,247,180,0,40,137,250,34,150,151,167,73,34,135,252,182,182,110,150,195,239,85,185,187,119,65,53,101,139,222,213,237,155,214,1,195,193,147,89,103,72,25,179,222,27,55,232,179,82,63,40,171,26,103,241,218,233,32,223,93,89,81,190,198,53,70,144,210,160,223,9,39,6,21,42,108,102,109,54,245,240,138,34,154,117,158,83,88,167,251,159,155,169,53,127,111,123,18,111,148,34,203,229,194,251,168,105,82,31,53,185,250,202,94,210,243,44,87,213,205,53,214,157,179,35,101,205,33,198,123,251,28,130,230,170,44,164,76,147,234,84,167,225,66,193,95,155,166,181,240,117,40,231,25,220,238,11,30,237,150,232,201,241,55,184,161,212,29,210,202,187,138,177,3,59,87,177,3,76,245,173,79,49,212,87,174,202,177,85,38,225,48,196,89,242,180,138,237,242,82,213,177,210,132,64,245,253,231,117,227,237,11,54,167,138,72,180,139,178,220,17,115,81,219,118,104,136,26,148,215,120,144,129,62,83,156,80,63,195,38,98,62,69,237,208,54,248,135,187,231,17,59,122,144,10,249,146,243,186,89,161,27,249,18,64,194,44,18,22,26,125,127,53,170,112,26,70,70,245,68,91,64,247,139,81,223,237,34,56,157,250,229,58,87,35,248,158,16,57,76,104,247,52,100,24,213,228,242,98,77,170,238,141,120,222,188,182,4,222,13,200,28,201,1,28,118,130,124,101,245,182,95,17,244,138,64,26,208,113,168,31,151,121,216,36,252,243,60,40,35,236,100,17,186,145,192,206,85,24,76,176,208,148,144,209,47,178,124,213,79,182,83,233,98,109,33,19,162,217,129,125,53,198,114,133,171,51,62,81,253,198,98,184,163,114,125,19,104,20,127
13,78,96,43,180,195,240,157,158,88,86,167,163,160,161,31,110,205,221,30,185,182,80,237,171,59,18,124,77,9,6,162,239,144,32,243,5,84,188,215,200,56,237,103,74,183,135,17,138,148,63,227,128,70,28,141,229,158,195,198,175,202,121,169,74,207,150,144,193,162,25,232,96,61,21,178,124,130,62,80,7,147,62,230,6,182,14,213,137,36,179,41,55,202,96,31,98,201,147,15,61,97,77,78,184,60,139,67,62,117,213,171,80,47,182,5,250,246,27,91,228,139,225,154,106,14,13,210,60,6,227,142,19,10,223,222,183,79,36,106,185,98,185,51,140,122,179,105,222,68,201,225,223,132,72,114,74,188,79,1,221,10,46,92,196,198,39,238,135,211,128,220,194,53,228,103,146,140,244,156,83,151,248,143,130,21,112,134,110,165,48,30,139,38,99,20,250,191,219,217,103,54,143,139,243,156,202,102,119,252,196,106,139,179,5,121,58,42,26,36,223,16,105,22,21,136,186,219,144,250,12,246,16,168,25,189,227,122,107,159,115,185,218,192,207,118,195,11,186,170,134,236,194,224,120,194,110,220,56,203,16,47,45,93,230,52,172,4,77,154,199,146,179,1,83,39,234,136,212,235,53,215,10,53,201,12,148,249,112,2,235,129,250,127,17,17,103,161,239,199,88,125,94,116,229,15,108,58,245,29,177,238,22,236,116,121,130,224,50,90,150,151,213,251,133,127,99,12,62,34,83,100,238,21,122,87,242,59,227,168,191,146,240,101,212,225,230,132,207,122,54,35,53,60,119,17,190,242,59,193,214,253,81,150,62,94,108,187,212,164,222,185,62,146,185,213,170,50,207,152,108,98,0,193,84,89,77,138,121,230,135,129,139,9,228,103,235,85,117,128,67,137,120,75,245,224,32,82,206,111,112,90,248,109,10,182,149,40,128,237,107,102,133,85,96,19,45,209,62,245,192,45,108,50,14,202,186,254,71,60,144,22,123,178,234,212,242,150,230,75,34,244,89,49,232,46,30,156,26,196,73,243,209,8,222,1,10,177,217,27,242,100,75,3,37,36,246,254,151,170,85,96,111,251,233,160,244,177,14,98,6,123,117,161,140,203,178,113,29,81,51,113,65,180,22,167,83,146,213,251,112,72,127
182,142,127,76,34,31,47,24,77,43,118,251,12,181,230,123,198,196,54,207,102,178,54,253,32,153,75,77,132,142,91,88,21,245,211,2,30,230,150,210,25,223,175,142,185,197,213,17,22,37,183,18,20,220,36,94,38,222,152,40,119,156,245,254,250,67,160,103,149,142,16,216,147,223,160,212,214,29,147,31,22,254,152,223,214,236,147,219,114,83,173,114,33,83,89,54,93,11,93,107,171,49,56,55,107,249,118,237,79,77,13,4,34,106,77,191,74,161,176,61,179,52,160,75,132,122,135,103,239,29,187,36,181,216,90,137,192,251,113,211,217,213,145,112,165,42,254,140,178,217,126,246,103,50,190,86,113,224,73,53,21,134,1,221,231,9,167,71,77,150,240,47,226,44,196,247,209,14,223,242,143,60,252,54,132,237,46,70,211,196,132,90,21,76,56,182,32,121,97,151,88,92,216,102,67,203,115,199,191,253,170,96,94,103,92,3,244,211,76,159,99,85,186,54,2,1,95,197,109,170,145,102,176,221,170,149,248,238,173,105,171,150,69,233,63,5,73,92,13,105,39,88,117,0,139,230,9,189,120,164,52,199,72,207,153,18,54,241,141,149,150,14,225,34,119,147,252,92,217,188,77,205,30,20,107,107,77,87,238,241,66,99,37,83,102,90,87,177,138,64,229,152,153,127,58,254,237,161,29,18,11,123,16,75,166,73,184,247,114,84,63,54,186,229,208,36,67,46,15,101,80,143,42,107,171,70,120,155,234,45,26,186,90,197,232,90,6,97,125,147,163,32,247,207,3,103,73,17,76,119,246,30,54,230,166,59,242,54,47,153,2,20,180,132,75,83,158,151,53,75,54,250,44,32,164,41,121,149,123,93,22,187,90,207,207,190,100,187,191,49,111,148,250,84,96,223,14,131,71,248,222,233,58,200,202,87,240,50,74,65,147,229,187,214,99,47,157,57,147,201,90,171,49,25,86,87,116,103,59,84,17,82,230,88,31,40,138,12,233,112,241,96,66,8,238,56,67,241,227,198,71,2,65,155,245,126,159,225,205,80,1,234,230,22,96,29,138,145,40,182,54,17,108,55,103,193,237,59,40,249,82,148,222,246,21,215,127,99,244,47,41,222,197,83,236,164,79,247,7,174,167,222,127
153,175,53,94,229,12,44,55,86,197,188,123,47,24,47,219,217,236,123,198,116,215,80,247,38,167,27,241,214,180,253,76,17,101,140,233,174,93,10,142,64,84,254,19,230,169,97,7,141,224,179,218,179,129,11,143,121,206,145,157,196,3,234,179,247,171,152,230,146,133,66,105,112,41,198,117,181,84,104,211,48,96,118,171,77,109,215,212,239,92,40,89,94,212,90,35,162,158,120,243,227,243,177,13,35,67,72,66,141,91,152,137,58,150,193,214,217,230,133,228,62,181,141,168,207,148,19,97,242,211,50,45,88,185,77,212,171,76,92,134,161,113,100,250,222,91,253,105,112,198,51,167,225,82,178,204,86,46,82,80,155,231,146,4,175,250,107,64,176,136,209,179,188,164,186,130,213,251,147,28,196,157,219,10,142,201,241,121,53,204,35,139,119,95,98,193,161,92,16,138,150,188,100,118,219,77,109,181,138,214,50,1,103,51,199,126,6,185,146,12,148,180,134,79,174,27,159,63,19,223,124,99,198,244,2,130,64,61,200,159,177,139,230,237,140,74,43,213,200,126,94,209,150,137,157,162,85,240,211,47,253,229,127,240,54,142,157,36,248,173,170,99,51,133,184,78,237,32,98,124,192,226,74,8,97,13,81,92,63,110,145,64,53,142,221,29,16,140,225,218,80,246,201,91,106,108,77,228,179,252,249,251,47,135,221,62,223,249,190,48,70,27,36,221,76,202,168,196,58,87,54,85,9,193,28,210,18,137,248,52,25,64,121,40,238,35,64,164,165,75,165,163,119,50,179,208,69,183,126,97,163,236,105,163,80,78,110,57,183,236,39,85,185,121,53,230,94,141,64,229,148,192,221,214,115,132,21,189,167,68,232,60,134,66,134,246,228,112,168,13,195,210,221,43,151,160,202,40,173,90,62,158,176,101,163,124,240,182,4,61,52,17,65,221,73,205,224,2,253,78,20,143,227,14,172,237,133,190,187,88,223,59,97,116,213,93,38,206,68,161,238,128,229,250,132,183,93,174,222,194,240,3,67,80,252,234,247,112,135,68,194,36,212,139,62,20,71,130,66,75,205,212,34,236,226,200,138,146,44,36,169,43,156,198,91,71,247,15,1,235,63,136,212,221,111,96,185,194,75,72,195,189,127
165,188,183,22,224,187,201,9,245,15,45,216,32,61,142,174,106,95,66,60,186,245,65,27,124,134,87,4,230,19,189,120,66,191,226,116,156,39,79,162,213,236,232,195,123,20,217,13,162,22,88,133,164,4,192,66,45,204,124,45,52,12,62,169,15,217,231,102,31,59,2,225,219,113,75,205,139,189,226,61,201,160,245,199,38,198,15,202,222,133,26,90,96,116,221,41,183,22,17,155,4,131,50,43,108,17,204,28,131,227,219,110,241,77,139,152,58,21,20,55,208,189,54,57,75,147,193,187,194,71,165,3,9,243,150,30,130,128,55,48,179,176,47,1,207,181,156,118,105,77,206,130,146,6,53,151,134,69,135,30,196,35,125,2,8,241,246,183,128,133,179,239,211,102,64,128,190,74,38,166,89,44,21,200,50,144,226,25,1,25,203,164,230,191,160,36,150,129,38,74,68,240,234,78,192,94,118,187,229,197,51,226,93,52,154,11,158,6,239,210,117,152,206,123,124,45,43,101,184,143,248,66,193,133,157,26,102,42,238,146,181,52,15,189,111,88,142,50,207,189,210,198,160,43,154,69,144,1,81,137,227,127,189,212,22,52,11,119,56,58,150,145,61,129,238,70,221,23,196,89,42,83,162,21,56,105,129,89,218,137,110,19,161,50,117,71,180,186,105,82,90,90,247,127,61,100,34,51,2,42,56,183,23,220,225,15,225,157,108,249,54,106,46,57,74,237,106,147,157,84,82,247,160,20,217,117,164,124,191,200,236,87,161,205,45,143,141,182,39,197,154,38,188,222,45,130,48,208,239,214,34,216,99,147,43,164,70,120,100,187,113,4,239,189,131,136,178,195,5,188,198,71,157,44,147,235,133,96,101,250,98,135,10,206,58,228,111,139,232,157,89,15,46,92,214,242,82,92,183,55,92,210,122,96,41,170,177,241,218,65,15,144,46,228,246,197,118,229,2,244,16,128,96,6,175,35,51,6,148,81,33,12,241,140,36,77,180,53,131,173,151,230,155,157,41,21,61,243,172,27,75,78,87,147,254,10,49,146,134,67,164,50,17,241,88,43,150,40,103,199,58,213,102,185,8,23,128,157,55,121,52,152,180,34,210,181,220,2,219,229,49,222,155,130,22,235,25,34,252,233,6,29,127
31,162,151,4,0,17,41,22,152,89,59,161,212,133,67,24,87,15,96,239,17,130,70,234,90,78,68,137,78,94,231,132,200,222,167,89,172,12,44,152,2,237,128,239,192,177,137,166,61,4,161,78,241,111,186,202,248,191,175,19,183,127,38,63,131,213,63,21,72,166,19,247,32,237,248,75,238,33,147,199,64,127,230,83,151,248,105,119,148,215,31,250,197,139,192,60,232,183,240,136,40,204,49,129,4,39,245,195,45,6,154,54,224,170,223,140,188,242,85,127,54,2,105,37,210,103,23,89,42,149,102,152,72,44,83,208,8,127,116,218,82,176,68,252,254,102,15,184,245,144,82,47,87,130,112,237,46,58,38,184,190,72,138,41,11,167,182,242,80,149,179,104,197,178,188,66,153,240,235,224,88,183,251,32,187,250,184,142,5,47,251,245,193,17,133,188,6,6,40,10,64,159,215,169,147,8,228,149,55,38,76,103,40,155,66,169,211,166,112,90,194,40,120,47,225,120,110,45,48,142,4,94,182,4,214,152,92,177,3,134,221,195,21,108,194,244,205,128,246,132,168,161,109,24,172,84,246,94,136,82,254,11,247,232,152,50,26,103,244,120,173,0,199,196,162,109,113,163,252,233,145,175,12,222,91,96,37,33,50,225,121,69,237,148,230,61,62,173,208,33,79,117,182,168,243,230,113,39,52,231,121,33,205,185,218,158,32,212,105,46,1,66,148,174,176,225,22,73,178,139,163,191,184,39,182,94,227,231,71,84,211,253,188,19,185,163,190,142,188,154,106,141,200,65,209,27,142,134,170,129,22,59,31,145,18,44,120,233,160,181,211,222,88,55,208,187,49,185,252,178,94,163,82,121,13,153,79,85,41,125,7,198,142,64,55,45,167,53,68,50,208,93,11,64,27,218,140,41,202,167,79,215,231,12,195,132,191,39,39,84,156,83,223,210,244,12,223,225,208,168,134,160,54,133,189,194,202,28,88,77,208,251,87,92,113,241,183,117,218,72,123,57,207,38,244,18,12,191,29,36,25,221,205,217,48,141,105,189,114,106,231,149,19,127,120,201,186,82,148,96,71,37,254,42,10,37,144,151,123,56,55,25,130,186,49,139,2,81,141,167,133,193,170,64,106,47,219,141,118,39,167,135,127
54,245,99,129,69,178,78,69,161,210,80,203,76,41,11,86,167,212,172,121,58,20,158,53,216,6,236,44,228,105,83,148,181,228,70,198,74,124,147,198,123,107,153,201,216,72,0,124,17,27,157,90,126,144,74,133,91,83,65,41,219,178,1,103,179,124,116,76,221,111,222,39,41,220,222,134,168,223,163,112,221,18,28,45,142,95,165,168,170,200,24,117,162,158,221,24,136,147,87,12,162,177,28,241,86,156,179,16,103,42,10,144,120,33,13,105,80,197,233,83,205,60,178,135,66,36,196,18,226,73,213,111,60,157,180,145,130,143,147,31,68,226,239,45,47,184,174,123,113,143,222,153,229,40,235,195,175,32,126,165,144,56,68,244,138,194,92,84,218,109,49,177,74,235,223,114,34,142,57,56,250,164,78,137,6,222,219,241,93,232,171,174,69,244,194,70,37,185,126,47,192,166,220,254,135,245,169,42,250,127,239,231,20,55,21,59,23,102,156,74,13,233,208,76,41,137,180,206,181,175,73,127,173,131,86,10,169,204,37,228,157,221,238,197,34,121,154,22,88,197,122,234,245,251,171,137,160,213,177,136,65,22,187,31,223,82,248,15,220,27,55,251,195,165,225,83,1,164,37,137,55,168,130,43,44,150,27,133,181,208,159,133,81,218,23,14,156,44,178,96,166,86,160,22,21,95,1,52,183,172,36,222,78,75,156,124,13,78,205,7,13,186,97,95,101,85,52,161,215,185,182,185,106,116,251,112,234,137,49,4,209,198,124,76,64,233,253,37,130,166,240,203,186,205,19,144,233,206,53,198,91,63,249,181,120,214,208,146,105,164,77,130,208,201,149,180,111,19,222,231,40,109,189,207,70,173,119,178,162,115,254,167,237,243,162,74,182,150,121,177,60,254,206,187,179,160,81,221,245,41,144,181,28,8,58,248,159,13,135,168,74,114,198,100,91,55,106,68,226,68,200,86,119,62,125,223,43,129,234,65,206,171,20,76,64,139,231,118,237,114,105,96,61,38,111,138,93,78,36,222,200,244,72,168,7,139,104,206,147,165,133,113,111,145,167,73,93,251,206,171,90,104,31,206,229,250,149,203,28,169,216,51,82,27,90,199,98,250,224,56,212,109,152,245,209,101,55,53,208,187,157,182,127
236,127,145,89,170,235,165,234,248,209,188,142,201,127,142,177,240,88,57,199,3,93,93,126,3,18,177,83,65,28,205,184,105,45,9,78,0,225,171,207,162,215,204,206,4,158,39,254,71,213,139,85,62,73,234,190,243,110,117,217,137,208,139,24,114,108,6,52,84,72,216,158,195,60,197,224,139,98,254,66,56,229,149,88,19,104,224,158,141,41,187,235,99,85,13,96,57,69,218,86,115,150,130,76,137,100,16,82,46,110,16,237,145,242,227,112,178,187,140,29,119,178,117,104,8,113,239,59,207,185,10,167,205,233,34,210,216,127,134,28,40,110,78,60,4,68,15,66,158,60,80,116,130,154,126,81,76,75,7,106,114,109,31,127,132,250,102,93,245,73,207,123,43,203,223,162,127,116,3,203,82,227,51,252,202,83,35,0,65,242,203,185,223,63,3,252,177,221,0,2,151,195,158,46,195,221,188,235,161,88,41,166,86,131,11,242,145,44,36,220,102,48,4,73,101,89,215,221,70,201,228,240,2,198,2,12,40,136,252,51,221,139,178,22,0,203,213,164,95,176,98,213,75,102,236,178,58,128,195,231,139,72,97,232,17,0,85,54,239,136,26,219,183,242,133,222,55,186,115,245,142,154,47,9,67,111,31,222,55,197,89,235,82,206,74,64,73,209,51,158,236,164,148,6,203,71,62,102,1,112,252,132,91,127,133,207,11,208,41,41,222,1,93,127,191,44,230,127,239,246,44,174,39,57,171,39,231,196,63,56,172,131,147,134,4,103,130,221,83,175,10,52,116,55,78,87,119,112,104,32,156,220,21,176,214,25,207,37,94,161,45,16,40,50,182,185,16,3,89,83,21,70,212,84,180,103,133,91,144,164,209,182,205,77,144,161,123,156,170,239,63,221,59,56,224,27,101,2,205,237,231,250,231,112,20,176,167,117,198,214,236,116,63,42,94,163,44,70,251,250,89,128,19,152,186,78,97,155,153,115,97,55,60,237,97,210,168,16,243,145,117,2,216,137,212,82,45,130,197,108,129,164,78,19,11,24,251,6,189,166,195,236,83,104,117,48,141,235,167,162,94,49,230,134,240,230,80,146,25,1,204,155,16,35,249,64,142,30,45,202,210,42,13,39,112,71,62,186,180,45,13,75,127
96,254,253,59,211,126,210,198,23,113,208,112,235,62,12,172,189,194,162,56,220,66,177,43,62,65,64,183,158,19,22,96,245,145,168,17,25,199,5,13,80,148,173,173,60,146,146,128,36,226,12,119,222,29,222,235,155,230,7,64,4,177,35,166,163,38,1,149,152,116,209,80,1,177,103,199,155,57,187,104,54,200,150,209,79,178,176,140,249,134,23,56,54,85,114,47,186,140,17,210,51,222,44,102,122,128,211,86,186,181,163,94,106,206,146,162,231,212,229,66,111,17,215,11,179,116,15,203,116,186,225,207,99,53,146,179,29,16,210,125,173,9,151,83,176,212,252,231,179,149,14,27,146,144,24,220,22,167,37,248,136,206,142,68,57,249,229,192,237,89,43,199,86,214,224,160,135,25,144,92,138,4,121,89,20,45,28,104,39,158,189,244,211,29,147,84,218,228,105,45,227,200,60,8,39,246,152,8,90,1,61,180,156,90,34,31,162,105,20,134,200,144,225,244,89,23,233,95,113,254,79,79,225,107,89,157,212,4,146,153,169,33,142,36,87,84,204,13,198,237,76,47,171,147,29,40,113,106,254,6,88,54,28,2,38,46,95,110,181,154,215,91,159,132,254,197,26,157,107,252,34,234,127,237,120,2,25,213,48,157,158,145,22,20,95,231,29,20,45,243,86,161,126,59,171,21,9,175,176,121,184,132,69,227,130,1,212,117,83,30,223,74,172,22,27,205,185,137,173,189,173,29,96,15,81,0,170,182,94,249,175,208,64,187,77,248,60,236,117,245,73,218,145,113,1,164,206,135,181,107,15,78,31,109,35,18,252,170,241,120,207,233,223,220,113,118,54,154,38,171,161,190,44,29,146,208,138,213,190,77,181,73,196,100,46,160,3,174,61,239,188,222,130,234,240,214,151,57,138,196,54,56,38,157,69,115,72,202,188,66,158,139,221,13,32,167,230,85,24,191,191,167,185,12,225,171,134,65,22,234,88,39,24,148,126,223,17,251,120,95,118,86,27,71,70,154,23,9,28,132,6,220,218,4,197,33,236,39,2,89,82,172,187,116,224,126,128,129,252,104,127,8,31,88,66,24,61,26,185,80,237,240,188,251,244,8,93,168,96,62,70,225,208,158,223,127,203,0,198,245,121,120,127
31,241,157,206,220,127,29,81,118,6,27,136,54,63,112,116,39,234,166,144,3,157,198,171,224,139,201,188,111,138,157,251,165,102,148,111,114,197,247,237,183,232,90,132,30,67,144,59,27,166,67,175,117,45,252,35,111,21,211,85,164,165,219,61,242,246,212,153,140,228,78,222,46,37,223,44,137,125,173,176,243,116,28,109,198,158,239,87,85,237,27,94,43,121,83,56,153,183,36,111,203,219,68,46,181,14,34,204,130,159,77,191,190,133,161,143,134,248,155,204,249,4,23,170,244,198,106,171,227,39,246,65,198,11,230,117,45,14,188,189,132,80,85,84,137,194,144,128,139,100,130,38,129,85,113,163,168,187,160,245,53,30,205,211,30,252,63,111,179,186,190,100,52,240,8,228,187,200,33,55,114,124,144,191,168,181,161,3,183,103,33,108,247,46,252,14,193,120,95,186,33,179,56,56,227,136,168,76,104,20,188,49,231,83,96,249,38,54,183,49,176,135,26,81,228,5,192,215,226,165,3,14,20,165,141,206,119,98,169,31,124,27,198,214,246,43,253,60,133,124,39,155,55,12,200,215,42,254,176,42,209,171,146,81,71,213,70,112,253,30,93,57,243,138,147,20,12,232,40,87,84,242,57,188,172,18,90,87,109,24,126,178,114,76,146,99,244,35,188,245,46,28,137,218,186,71,70,204,59,20,186,232,131,251,226,70,217,180,10,239,63,195,204,95,57,29,173,96,133,112,56,95,240,13,113,100,89,89,92,125,179,118,83,223,209,72,40,89,58,32,77,134,196,2,114,3,161,206,95,188,205,112,104,2,6,83,206,165,251,237,0,165,140,155,103,234,22,103,240,128,207,251,75,44,244,87,72,154,137,169,160,188,103,175,88,95,242,104,238,50,197,199,201,88,241,36,32,139,80,167,121,83,14,10,245,53,174,248,61,96,147,45,3,149,186,124,153,15,76,67,202,87,22,31,214,69,86,151,212,35,124,96,18,65,32,33,102,136,107,44,202,171,97,126,105,105,174,69,149,230,120,195,28,46,20,210,224,122,54,97,203,78,197,187,70,95,34,1,105,42,235,159,168,122,24,57,190,66,220,146,55,195,249,15,110,113,144,85,70,133,44,79,217,81,9,24,136,49,179,219,147,229,127
34,220,218,3,247,22,56,138,100,149,56,250,204,129,11,15,245,69,224,155,119,205,149,211,243,7,129,197,150,218,78,177,97,32,113,167,102,153,60,84,27,199,112,46,254,2,35,17,94,173,184,26,170,56,112,170,40,82,122,188,50,130,214,75,248,244,95,23,165,50,214,199,227,229,80,153,58,90,118,158,126,187,198,199,77,170,200,37,81,14,32,60,5,202,168,209,38,223,104,71,41,187,151,64,140,130,67,6,85,128,173,232,127,207,188,174,242,181,26,229,15,121,219,253,174,124,60,167,137,65,210,240,28,87,211,216,197,124,157,136,177,180,175,220,159,92,205,157,154,31,80,227,247,26,131,98,44,250,9,51,109,238,99,181,247,122,179,249,150,216,106,78,233,137,148,76,74,222,168,230,149,236,44,21,86,241,196,161,183,240,200,189,142,49,63,251,84,245,177,103,96,113,211,210,159,247,141,15,37,105,133,1,70,211,246,190,188,203,5,221,251,94,240,46,157,84,81,196,74,147,28,189,122,243,204,74,0,197,232,185,232,43,210,111,134,221,112,254,50,179,94,229,208,160,62,9,32,250,65,82,102,244,55,227,115,130,204,113,9,171,70,122,177,151,93,99,101,20,241,228,248,205,98,233,11,229,103,71,147,114,83,252,195,102,96,190,237,223,14,202,225,243,210,142,141,100,132,244,171,110,120,34,186,17,65,205,182,202,183,199,24,195,68,217,32,20,158,53,28,184,116,105,250,140,52,54,7,218,97,127,70,90,69,116,147,132,112,106,236,41,39,91,143,167,235,247,31,21,80,141,33,59,161,172,19,193,46,104,192,231,137,8,129,171,191,90,236,2,87,219,219,163,51,130,65,113,103,230,71,234,215,138,50,174,187,46,29,54,103,154,4,220,173,115,179,74,137,225,129,105,34,65,156,46,224,217,183,239,108,97,192,48,25,199,55,171,17,86,79,21,82,12,55,251,10,13,214,21,21,56,96,158,34,203,158,59,173,239,117,5,113,119,163,205,136,88,130,246,245,185,40,74,194,134,68,191,151,32,173,99,26,80,179,89,37,102,124,138,14,31,188,125,156,16,24,146,245,198,82,214,238,220,106,28,18,91,13,33,73,112,135,144,229,140,121,181,35,225,181,215,23,233,127
70,171,238,226,29,139,10,126,240,63,132,251,190,64,48,214,112,182,32,164,229,64,223,78,124,10,96,166,216,115,73,157,210,74,21,92,151,5,167,192,222,72,94,251,17,68,115,109,117,106,210,254,44,136,81,48,200,214,118,132,96,238,151,14,114,233,63,135,240,169,3,167,58,91,48,152,29,131,171,173,59,49,188,5,8,156,148,98,156,126,205,49,138,22,182,172,135,43,76,79,82,145,35,210,152,236,107,34,135,240,171,83,212,124,251,167,43,26,20,245,37,134,142,60,187,35,43,246,174,210,235,232,235,78,10,164,136,231,23,118,85,102,57,88,202,86,55,90,42,56,45,129,99,197,12,41,230,112,16,4,29,141,227,253,203,52,72,81,145,126,187,99,24,198,225,63,211,227,110,230,199,148,98,89,12,126,102,189,7,118,24,54,22,13,95,145,101,19,19,213,243,217,42,110,213,206,82,184,250,67,41,160,115,16,44,16,16,130,14,95,190,118,226,56,208,70,206,197,59,23,119,138,130,121,32,249,84,168,237,253,150,127,139,91,119,199,104,211,16,93,194,229,121,19,136,182,118,209,55,106,213,61,24,211,75,205,254,206,62,15,115,56,130,33,86,108,231,26,52,138,28,31,231,208,139,234,18,250,76,174,241,107,63,51,124,89,123,245,85,165,242,23,127,146,120,81,38,198,130,117,22,252,86,83,201,53,115,243,127,1,128,82,42,70,41,219,13,59,167,246,126,48,64,54,214,156,172,250,30,215,84,168,12,109,89,53,185,105,23,169,179,112,11,110,241,181,191,14,69,233,176,177,2,30,81,147,209,165,125,22,83,194,224,167,20,157,58,185,242,203,91,191,136,165,232,210,251,113,142,232,220,66,244,124,225,33,182,239,254,147,6,161,95,27,85,77,79,106,137,168,203,219,217,115,171,202,214,35,197,243,133,160,25,137,18,75,158,252,157,119,186,196,28,201,145,148,223,217,163,231,42,155,137,162,52,114,110,207,203,66,79,49,161,234,209,184,39,124,80,44,74,1,160,9,223,218,209,15,29,126,100,245,247,44,115,104,82,253,82,146,50,232,102,157,133,204,144,218,239,29,188,37,45,247,124,206,212,237,107,193,50,218,239,43,100,39,143,78,114,26,252,78,127
188,181,72,227,191,65,142,201,219,54,130,241,94,29,143,208,105,150,219,65,234,83,130,46,195,100,52,154,85,150,58,88,62,25,138,145,25,1,20,74,73,68,36,41,46,95,50,253,104,30,163,160,71,174,196,82,75,9,102,182,247,141,52,19,239,142,118,196,115,190,165,153,130,217,228,164,202,71,110,4,150,180,167,180,205,23,77,198,192,159,124,121,96,198,10,94,51,107,189,240,137,217,65,34,251,20,16,191,248,121,67,238,244,175,192,26,92,44,97,163,163,36,175,236,40,168,192,96,179,106,81,158,113,137,67,251,251,32,144,67,238,219,57,155,164,151,187,198,90,213,239,57,169,233,5,221,170,152,3,25,167,197,133,188,251,201,3,93,107,66,111,208,202,162,213,233,98,53,249,145,234,4,106,193,145,68,205,75,153,199,192,190,1,138,120,220,98,119,154,212,237,1,38,218,114,238,72,57,147,114,101,240,137,241,166,64,147,149,251,70,83,68,6,105,90,225,130,86,157,103,236,39,226,38,23,187,59,180,17,160,204,17,119,140,252,178,11,88,234,185,250,233,55,205,20,78,223,91,214,189,94,250,47,185,241,230,165,10,147,225,85,49,29,79,235,62,55,114,160,18,199,211,80,105,180,182,244,165,191,158,125,182,235,81,248,104,92,101,140,64,5,38,133,48,167,145,139,29,116,134,253,188,192,8,214,164,172,212,86,146,145,193,30,8,134,47,75,10,132,196,101,144,225,157,248,17,81,229,177,182,200,200,81,187,254,15,27,146,194,177,46,137,183,179,17,58,121,223,101,19,23,250,37,104,232,120,251,131,17,112,156,195,205,224,192,60,208,85,75,71,28,96,142,75,216,86,233,6,109,185,130,242,132,68,44,123,187,181,40,140,237,65,201,116,138,50,216,113,63,31,99,200,207,159,62,223,103,143,239,31,26,10,130,95,54,70,96,17,90,222,160,45,61,209,122,103,254,126,76,196,202,212,148,109,6,13,16,152,4,159,238,168,23,80,73,127,40,162,69,170,231,73,240,239,92,37,100,218,241,27,156,96,36,65,37,203,147,192,68,139,210,29,145,193,45,137,227,8,115,96,54,121,114,115,60,45,35,96,196,243,214,185,192,218,190,187,38,149,52,141,232,182,127
198,81,9,95,33,244,249,123,236,153,210,232,46,12,247,95,185,22,83,221,103,161,245,26,113,106,104,214,43,130,103,12,158,137,100,210,120,200,4,155,76,8,8,114,207,126,135,106,138,33,4,160,200,132,176,115,197,118,95,138,78,219,4,137,7,20,162,177,210,133,80,12,20,76,17,57,191,128,39,31,191,64,171,59,119,87,125,105,186,249,155,155,68,165,251,160,232,170,204,197,163,7,48,181,75,86,158,69,17,164,139,211,223,105,42,133,32,29,215,197,37,52,254,207,136,44,167,95,214,120,2,123,50,198,247,4,128,138,237,58,238,158,227,52,23,37,55,232,45,104,78,192,19,152,126,180,236,122,199,100,234,176,15,195,239,57,24,73,122,235,100,244,243,46,238,41,194,112,227,73,19,87,201,107,179,0,107,69,56,134,150,134,175,127,161,137,28,5,114,57,209,80,3,104,210,245,39,36,36,221,127,204,159,232,107,64,86,251,234,136,206,194,80,240,18,183,39,139,51,220,154,27,225,143,30,67,42,154,51,50,238,87,121,54,148,199,142,138,126,244,100,25,70,203,233,126,22,140,240,196,11,133,229,101,103,78,182,237,226,75,13,243,164,90,158,80,240,48,190,236,151,90,243,124,120,140,64,230,234,114,65,68,202,19,89,157,92,91,174,187,39,247,28,124,148,19,21,83,19,127,101,66,69,56,202,61,158,67,235,149,154,7,0,116,126,201,8,230,127,211,128,174,112,43,237,249,230,148,102,80,251,68,113,116,96,92,47,13,94,36,165,122,55,158,102,73,241,222,161,229,22,35,206,53,30,202,129,125,227,254,28,78,95,72,70,78,32,124,24,88,156,113,71,191,168,109,197,190,111,115,241,206,147,223,5,179,153,180,72,140,150,97,240,56,14,195,26,56,153,1,68,50,98,245,37,143,108,205,179,236,20,243,158,4,62,87,85,154,222,93,90,156,98,96,136,232,22,14,221,179,245,142,229,202,81,198,67,189,178,161,86,16,53,200,164,4,210,37,237,211,219,47,14,220,204,225,114,104,44,242,175,74,232,46,233,195,184,30,192,238,172,121,172,24,63,126,207,229,132,13,45,201,80,95,121,100,101,183,252,16,92,14,49,238,234,137,219,110,39,128,118,221,127
171,245,169,100,163,49,190,222,201,147,230,176,88,162,136,148,232,193,88,127,152,82,45,142,200,112,138,175,69,212,204,140,36,7,78,150,109,20,117,11,160,137,96,152,94,77,162,91,251,213,215,85,3,157,242,84,55,174,189,37,13,121,9,23,41,161,47,99,233,199,18,31,136,34,18,85,25,249,207,218,141,140,107,84,35,211,244,197,184,39,182,112,30,79,165,158,33,18,65,233,155,214,31,141,136,147,101,27,213,96,175,34,33,151,225,205,143,90,99,212,118,142,194,251,19,41,91,37,82,100,250,18,127,229,61,185,20,251,21,173,46,223,99,213,161,80,143,117,113,138,11,219,235,7,46,101,61,56,14,236,220,246,170,145,67,187,81,239,220,36,114,100,207,99,246,147,146,97,77,82,151,140,63,254,29,151,109,9,254,42,251,47,171,251,182,27,16,90,179,158,146,164,136,239,180,16,151,233,102,88,50,95,224,63,83,127,168,46,172,233,239,201,111,158,98,96,252,131,42,130,241,221,136,157,228,243,249,53,202,206,223,127,97,8,129,158,165,186,176,214,23,90,148,137,236,209,42,21,106,68,185,1,178,2,110,140,185,20,239,219,73,231,4,185,163,128,168,229,69,49,26,91,164,110,112,251,70,109,4,245,105,51,97,225,63,44,213,97,148,211,137,105,176,34,30,92,205,113,78,202,174,9,61,40,155,114,182,251,6,19,247,31,23,186,177,72,134,171,55,43,121,33,141,218,116,202,240,10,77,225,109,101,30,70,22,48,219,1,214,192,180,92,138,85,142,219,248,187,111,143,251,226,105,24,226,29,91,10,116,175,238,222,30,146,20,101,146,17,115,208,209,95,32,253,99,128,38,9,254,33,199,85,59,100,211,153,211,84,215,10,97,114,126,177,104,114,77,62,78,46,155,47,246,45,187,134,86,148,128,156,49,49,232,127,208,137,204,111,136,211,203,90,176,219,205,44,105,251,1,237,53,148,140,7,12,250,251,57,17,215,123,140,197,16,109,219,250,207,177,146,122,251,126,82,126,193,141,131,145,153,167,125,3,114,11,32,96,74,149,41,241,99,98,2,178,189,163,198,235,47,130,54,47,88,125,80,14,207,210,211,156,236,101,13,167,121,165,53,105,108,15,64,127
67,28,87,62,89,121,4,55,20,90,240,134,30,78,90,153,148,57,184,36,82,178,81,182,4,242,183,199,226,68,112,207,171,145,60,192,105,139,214,47,138,108,223,241,162,99,181,98,246,100,37,105,14,146,162,66,24,60,189,122,194,106,216,142,17,81,46,199,161,40,114,139,210,250,84,112,134,55,125,91,85,113,137,25,254,235,114,155,97,241,112,79,27,15,33,82,54,98,227,28,229,251,165,100,97,50,114,139,41,62,177,237,17,144,172,84,161,118,121,232,239,130,96,218,58,190,41,189,46,86,29,187,98,28,109,23,106,40,188,178,81,58,141,83,253,191,209,55,220,228,1,195,212,106,168,115,194,195,203,178,102,41,53,84,83,106,253,52,89,31,73,166,191,67,39,194,72,60,138,193,191,130,42,113,160,146,171,77,222,46,98,67,233,12,249,105,101,192,170,210,175,128,88,176,67,89,129,234,165,215,98,107,219,211,199,190,120,254,184,100,102,40,189,158,29,53,252,3,22,6,63,47,71,35,198,83,176,4,177,247,115,120,80,218,248,48,237,57,36,253,69,195,85,243,20,22,245,38,190,5,98,54,153,58,141,163,101,21,23,44,192,213,158,136,59,213,241,134,147,186,89,146,244,195,39,153,47,52,102,26,1,96,164,142,122,188,237,196,176,193,178,183,109,65,252,40,234,21,68,247,208,239,190,37,145,35,191,5,248,209,130,144,169,30,192,229,150,44,232,107,0,199,44,61,68,117,142,19,42,205,110,238,75,41,11,189,214,132,166,203,112,117,179,217,114,98,236,48,241,208,240,129,58,30,229,231,239,150,54,179,5,54,197,44,108,17,153,102,105,173,114,212,24,209,0,48,184,65,29,124,160,109,38,236,52,241,218,198,254,79,212,193,191,82,207,15,196,72,206,159,111,91,19,139,201,170,204,141,40,122,71,13,28,177,102,190,141,78,172,121,175,17,61,54,203,57,251,113,126,94,91,87,114,242,173,44,251,124,210,248,122,38,207,25,43,104,15,112,100,23,32,17,230,171,31,185,59,171,88,151,237,37,158,127,83,184,49,82,10,224,245,43,121,189,167,228,180,91,9,22,193,148,85,120,241,253,64,107,71,203,216,226,224,134,37,250,34,9,193,254,222,111,127
56,75,178,173,48,125,133,105,32,14,2,49,26,31,183,249,227,179,137,27,109,208,49,136,56,45,81,79,242,66,111,70,166,19,143,112,6,186,31,198,133,128,211,103,156,203,216,87,54,231,51,205,209,100,232,58,235,161,126,140,144,122,58,190,59,120,136,147,109,120,139,225,247,244,15,154,180,126,23,243,30,247,27,222,171,119,99,4,3,212,182,56,163,249,0,44,211,176,56,96,36,189,180,198,181,118,116,10,173,37,225,116,68,128,55,225,183,77,239,217,161,230,195,58,163,55,143,69,243,243,188,229,29,154,184,252,204,90,35,179,50,220,167,82,68,240,11,247,154,19,28,155,59,120,82,124,43,41,125,179,66,138,229,221,137,215,26,196,32,28,181,9,244,58,204,94,231,220,187,192,24,21,99,93,55,254,156,62,190,99,160,241,123,162,13,215,169,180,248,59,104,152,134,0,48,114,83,237,35,222,251,192,242,181,160,86,110,73,4,153,32,150,84,218,99,204,226,249,9,10,89,84,169,17,214,34,145,22,21,148,23,178,86,14,9,18,93,138,95,152,145,67,13,77,132,124,139,115,24,92,253,181,167,211,3,56,153,202,18,149,99,253,41,230,104,185,144,34,119,238,113,222,99,23,108,119,100,60,38,118,247,147,220,118,142,46,193,236,44,160,117,61,100,98,249,106,133,216,179,52,240,244,129,10,252,81,160,5,147,118,127,177,55,52,5,234,58,153,154,176,171,72,194,220,243,159,107,122,45,39,93,209,118,156,235,162,46,227,150,57,107,240,210,127,34,125,179,151,229,21,98,207,25,142,182,107,49,213,252,252,69,6,107,120,35,248,136,104,229,153,186,10,202,141,25,155,249,130,0,135,238,13,114,39,86,148,234,85,234,251,125,152,152,250,156,64,37,233,112,225,12,66,253,252,51,110,182,7,105,163,7,29,118,22,183,124,201,86,251,246,125,112,100,57,30,54,52,9,3,147,118,116,205,178,44,112,92,96,11,181,173,61,154,6,18,45,59,102,168,59,226,186,187,230,248,164,199,213,61,85,120,50,198,64,229,140,225,27,237,79,210,113,199,230,140,95,94,220,214,6,253,84,80,203,146,67,250,43,226,115,211,14,47,227,127,57,185,139,88,234,51,191,127
172,240,215,84,4,206,50,254,29,44,54,235,99,146,34,102,100,53,117,96,174,6,149,22,184,111,166,173,60,153,19,82,130,36,172,31,101,224,78,230,236,102,221,49,63,12,52,88,151,94,43,206,51,56,96,22,29,201,52,21,78,14,0,172,108,116,5,5,228,6,33,14,42,101,224,115,233,234,96,124,80,4,40,130,146,189,45,140,157,163,51,103,189,81,101,138,21,42,64,90,2,14,24,189,88,205,50,203,142,173,180,143,32,93,38,161,213,118,197,62,74,78,205,27,191,198,217,22,77,124,43,52,178,188,92,250,173,253,25,25,27,227,136,161,246,101,3,3,48,187,24,195,231,88,226,56,109,50,52,144,26,212,12,148,192,99,92,180,111,92,77,24,180,41,236,88,66,78,56,8,23,64,58,162,242,179,93,242,26,22,221,42,97,74,210,120,153,241,24,202,92,87,128,159,23,166,247,194,186,169,52,93,20,65,144,161,238,36,25,80,174,112,231,41,192,50,212,14,160,236,169,133,252,102,39,127,203,17,214,236,64,251,111,163,166,163,107,23,76,154,1,216,202,24,200,96,150,24,169,130,242,195,91,12,37,196,109,155,149,220,195,240,65,18,91,69,232,29,103,225,155,208,56,231,139,216,202,170,181,14,51,91,24,162,167,109,135,158,200,2,122,104,120,1,231,190,70,10,174,170,6,99,29,197,122,45,77,223,109,61,251,195,183,98,138,183,149,203,156,243,199,76,27,133,249,187,1,222,10,64,230,237,106,127,52,247,60,119,11,195,104,37,105,223,95,75,132,63,159,211,64,89,83,157,102,20,113,20,179,68,10,138,63,19,148,145,216,213,181,225,70,222,175,134,236,54,201,52,197,45,61,57,50,122,100,253,234,20,46,211,231,23,60,64,10,14,194,150,9,237,243,205,11,86,244,150,119,108,129,175,120,11,232,157,32,65,118,219,124,83,19,253,141,238,132,159,227,67,75,215,225,100,72,165,133,64,188,32,181,157,248,35,198,180,133,96,115,248,30,220,252,77,159,253,168,93,132,115,182,227,127,47,32,38,215,118,70,41,166,156,115,112,107,166,242,240,43,146,19,57,31,73,15,87,90,207,36,147,21,64,35,198,120,14,63,16,43,58,91,87,93,155,127
14,188,42,49,220,159,14,177,230,216,104,129,196,174,88,236,174,10,23,186,37,180,218,212,36,172,19,152,112,213,73,178,154,91,87,254,202,54,213,66,125,149,142,134,232,44,94,143,46,85,110,66,22,162,232,215,198,219,247,89,240,112,237,252,66,36,88,83,174,213,89,155,247,164,15,42,223,145,220,38,112,134,250,127,189,149,132,175,61,183,140,208,160,227,83,33,183,165,174,14,102,51,94,185,203,186,184,125,241,233,141,180,88,69,16,54,81,199,32,134,142,204,114,121,48,83,38,59,126,134,71,35,3,191,69,16,241,196,34,42,42,39,64,36,138,243,39,47,125,97,212,200,187,143,91,207,114,163,36,158,104,18,152,106,177,98,152,167,15,175,236,35,172,37,62,158,130,138,191,170,122,112,228,215,221,2,241,96,38,77,87,249,246,150,134,56,148,249,182,97,128,9,117,208,51,0,70,49,24,223,170,251,135,171,122,124,130,137,96,242,202,85,7,207,38,180,150,130,238,59,161,251,128,28,159,14,206,109,72,212,64,33,58,193,78,169,174,13,71,246,240,69,135,185,201,251,244,39,99,177,42,10,32,130,42,206,70,231,10,10,152,184,52,23,219,110,75,122,73,33,136,28,28,177,3,111,209,237,128,51,69,154,32,142,251,246,227,48,111,148,153,8,217,251,40,81,193,177,203,67,10,184,197,167,87,51,145,30,25,176,169,77,1,150,46,110,219,168,5,232,99,151,149,183,38,117,42,123,132,127,76,228,29,114,140,215,98,165,184,148,105,148,135,211,72,191,88,18,184,183,175,154,18,130,183,65,174,219,106,174,115,41,78,36,155,250,29,254,132,181,64,212,2,138,107,67,114,175,118,185,88,86,248,55,146,43,87,9,110,167,117,145,36,117,200,21,189,215,95,6,59,49,253,185,4,150,125,8,97,93,30,108,29,26,64,214,37,206,229,82,90,227,128,228,206,130,250,135,5,146,24,93,188,150,71,76,236,144,180,205,108,141,179,123,121,47,147,252,25,38,55,248,245,218,246,56,135,70,89,29,194,5,108,238,15,119,225,53,144,134,219,236,15,55,113,240,76,124,234,87,0,144,35,24,189,141,137,189,87,88,23,16,83,2,185,60,120,26,244,51,141,72,127
67,146,34,192,4,47,99,136,81,212,34,190,215,140,201,19,73,29,139,185,146,186,236,168,120,48,219,97,134,253,119,252,54,1,29,205,250,67,162,167,217,254,94,10,163,114,6,113,80,222,110,220,33,179,142,242,232,52,141,251,142,185,69,29,153,48,8,102,14,200,105,237,60,23,106,196,246,208,202,145,77,17,214,23,159,118,1,108,136,9,170,126,7,19,18,157,158,23,155,193,157,99,96,79,89,94,65,2,3,5,0,72,145,253,158,122,109,51,49,166,237,92,234,1,36,25,171,230,242,122,60,25,45,58,197,222,242,138,93,106,203,136,143,217,253,130,97,176,115,122,72,157,109,125,191,6,80,151,131,57,247,87,239,87,164,251,203,95,20,254,182,33,9,169,250,66,233,154,134,39,168,174,251,80,99,157,244,34,67,116,41,86,26,139,131,115,230,52,71,64,223,108,58,159,24,46,125,171,192,59,240,68,150,220,167,140,140,173,175,91,71,64,135,247,146,232,82,233,100,116,243,121,2,2,102,32,7,27,5,118,157,60,185,195,65,95,213,115,240,68,162,231,100,15,97,75,181,215,119,109,82,89,93,125,130,56,139,254,219,64,8,203,26,162,17,61,242,137,112,108,90,138,78,188,216,225,149,232,238,157,84,128,17,47,150,145,222,62,58,93,216,158,210,244,39,192,41,111,191,242,66,130,189,23,37,39,161,105,233,219,190,5,6,2,83,242,84,118,20,82,147,156,118,160,228,239,189,241,236,103,223,219,191,97,192,144,47,199,38,203,188,219,48,53,252,113,47,186,232,216,104,172,7,36,182,202,51,84,147,222,220,67,209,85,68,173,224,22,49,36,239,23,188,149,37,172,254,180,218,184,55,194,42,195,66,184,137,240,201,221,98,41,194,83,56,189,234,132,253,19,34,96,155,47,0,8,67,63,3,109,218,138,188,212,194,39,247,175,66,193,172,118,9,120,133,231,3,158,190,185,192,27,162,119,116,117,76,108,0,232,225,100,44,39,205,190,111,189,112,147,35,102,87,86,160,229,156,251,0,19,189,227,95,218,141,218,225,218,235,7,231,157,48,168,39,68,23,190,193,114,122,96,216,0,239,176,122,212,148,11,88,199,244,32,96,251,126,186,129,100,139,4,127
119,48,73,63,163,64,184,38,17,166,89,222,43,222,12,237,66,119,144,41,112,24,34,47,247,80,141,223,8,162,12,59,173,86,51,105,246,24,12,4,109,215,47,164,66,177,116,225,55,130,24,34,162,116,225,244,249,6,219,130,48,203,21,81,134,66,139,134,177,118,20,96,221,32,47,104,108,185,64,248,87,78,95,25,164,135,177,241,188,92,193,61,205,120,3,175,35,156,43,197,40,142,177,76,56,246,172,220,0,184,159,232,7,134,55,109,175,71,90,37,236,4,134,167,182,8,6,212,190,240,62,225,111,17,115,192,89,246,239,19,3,192,200,3,107,80,96,185,104,54,196,234,173,168,174,190,110,246,69,20,205,3,105,28,75,133,72,93,19,95,82,140,21,153,112,87,93,42,64,178,241,68,134,100,127,211,219,61,101,81,212,208,53,40,199,89,117,41,89,29,1,246,189,130,220,43,51,223,198,142,222,180,213,235,7,142,103,66,226,115,95,24,12,60,158,230,143,232,153,217,129,248,180,21,111,241,179,57,11,164,139,80,169,246,40,106,118,64,189,138,137,64,2,221,104,47,169,102,59,34,234,174,1,70,237,1,130,168,228,252,237,54,254,115,251,195,83,197,128,228,232,104,137,38,170,86,39,120,108,189,237,17,67,236,117,31,177,106,91,101,60,192,208,134,168,164,175,193,245,212,47,198,52,236,218,120,254,29,38,70,2,182,41,95,215,190,225,78,56,106,96,160,67,224,70,121,58,77,88,129,6,37,155,24,146,238,110,196,183,62,170,222,44,54,172,221,122,178,132,201,10,219,143,8,0,133,91,124,242,155,139,156,10,142,28,222,128,251,52,15,154,23,21,201,41,200,228,214,235,28,173,57,41,208,108,0,219,117,23,207,24,218,44,246,99,120,37,127,82,184,86,46,84,40,175,7,183,198,66,94,110,34,213,141,124,105,43,89,111,136,68,214,124,43,171,142,43,124,168,7,147,170,11,185,35,89,178,47,161,106,15,248,6,47,169,179,50,70,139,69,107,128,138,65,194,130,89,193,88,160,222,102,253,14,221,178,108,249,252,98,113,67,48,181,176,135,88,190,161,196,15,186,184,168,163,178,170,106,14,132,55,214,131,154,124,222,148,151,161,64,72,68,127
234,215,195,60,158,119,43,162,247,158,45,107,51,56,218,41,237,183,4,158,60,201,61,253,134,203,96,136,127,163,209,200,64,244,249,108,2,8,104,34,254,42,249,15,93,60,44,235,172,36,138,165,100,26,47,120,108,87,21,86,62,177,109,223,219,4,12,6,126,138,7,134,227,156,163,187,164,33,231,217,24,16,50,153,16,6,109,140,183,36,29,11,173,44,6,230,202,73,249,16,192,228,144,137,165,155,90,97,138,143,229,201,58,230,183,233,214,85,212,199,179,230,134,93,246,236,228,165,90,4,216,93,96,248,178,247,229,218,241,1,28,254,205,177,66,2,75,207,190,93,73,17,149,128,126,224,56,200,211,92,146,3,108,208,183,4,162,124,241,205,166,59,185,25,58,29,160,33,16,26,153,35,33,119,216,82,96,113,108,93,49,243,181,98,206,148,223,243,131,228,35,216,159,241,34,70,253,107,77,80,24,94,5,7,85,36,112,178,221,103,94,50,28,142,49,211,27,138,97,111,237,34,223,119,133,21,240,206,88,127,236,236,244,211,29,228,174,58,226,79,146,75,168,64,120,253,216,11,233,30,112,3,150,128,213,142,247,174,113,113,90,163,76,84,97,159,58,196,39,29,84,0,127,122,52,52,133,30,156,130,3,216,202,19,193,138,212,148,127,134,114,240,61,180,15,39,146,222,57,246,226,221,25,244,57,113,42,129,131,95,45,0,109,152,21,182,112,26,86,124,205,132,50,120,162,35,88,183,228,96,92,58,61,165,17,167,134,100,120,71,109,37,68,196,48,220,125,60,203,147,131,219,165,51,91,190,152,7,174,194,219,127,166,7,101,217,146,62,173,126,186,34,86,87,187,173,154,23,176,84,49,100,249,51,46,240,130,162,148,230,164,194,122,12,99,1,7,252,154,34,24,171,250,171,155,156,227,84,43,172,148,24,45,43,227,142,32,150,178,146,188,45,234,168,157,53,231,39,84,74,76,78,202,160,51,90,166,46,54,153,75,156,187,34,244,133,0,229,206,28,6,200,212,128,18,90,113,149,203,227,86,151,204,180,48,252,197,64,219,130,229,143,175,31,123,25,38,235,93,62,47,55,211,139,159,232,207,139,83,120,253,210,13,25,149,98,224,140,175,247,77,46,127
251,72,233,8,45,61,226,25,194,83,64,82,53,111,227,102,211,174,220,196,97,16,180,114,188,63,146,127,182,98,193,86,13,86,108,94,87,141,78,207,165,101,235,96,68,129,116,211,116,193,99,53,212,235,170,192,208,8,249,3,199,251,8,40,241,70,245,99,123,122,219,18,249,76,37,230,155,10,70,141,27,164,117,42,150,76,169,133,83,137,196,5,27,28,71,171,182,74,180,201,219,237,220,58,154,130,10,165,208,118,190,223,233,216,88,38,176,245,34,79,3,67,15,166,82,172,230,179,113,169,223,23,155,38,226,177,181,194,136,237,156,219,97,87,236,64,168,9,237,72,49,83,149,159,45,96,245,121,1,250,77,97,145,244,62,151,249,144,35,159,170,194,247,104,8,195,25,20,205,145,6,27,194,242,166,110,177,68,202,152,169,37,185,208,246,54,210,129,192,3,190,87,209,111,60,50,149,89,66,184,151,131,219,93,114,197,158,181,248,136,61,108,31,218,136,253,222,6,136,165,168,227,139,131,105,56,2,78,101,146,79,157,118,167,227,46,113,194,163,37,104,68,188,216,185,245,232,219,39,85,15,247,144,146,47,221,122,228,4,41,136,171,8,45,79,230,78,171,119,166,147,176,14,131,182,227,28,179,140,196,228,62,250,101,156,128,80,74,132,16,14,157,63,82,64,13,50,208,20,44,224,107,186,169,153,49,186,222,13,154,131,28,243,22,46,127,204,43,26,54,173,137,233,7,137,150,192,217,88,42,151,254,55,29,197,139,231,22,182,33,121,168,125,191,156,100,155,197,174,56,110,97,222,43,170,123,246,98,94,247,139,145,116,231,1,53,107,86,185,14,51,185,59,192,103,39,229,51,105,224,229,43,175,254,3,252,88,124,48,87,137,86,225,206,173,83,96,110,208,40,132,144,73,241,192,99,205,52,241,162,184,59,29,2,69,205,230,70,47,213,17,146,5,189,244,234,182,206,236,124,69,227,181,193,216,141,91,85,85,186,95,99,222,115,42,102,30,221,201,142,2,70,29,96,198,243,112,199,31,139,101,113,97,237,2,79,178,54,159,85,184,100,188,181,75,43,25,139,43,78,43,37,77,57,233,213,252,193,10,82,95,60,152,150,205,144,252,61,209,214,220,80,127
15,47,93,126,227,177,172,232,194,224,1,26,243,97,65,125,203,117,238,174,170,133,64,124,138,68,8,1,176,206,93,151,27,170,152,130,44,178,70,80,120,71,182,30,164,121,64,138,219,204,118,211,129,181,29,81,45,153,152,209,190,244,176,240,4,69,26,251,24,232,148,36,138,96,135,107,105,228,243,124,92,100,131,215,26,93,172,123,222,86,85,120,86,221,33,185,229,16,87,121,166,206,21,202,68,38,177,253,162,129,205,203,96,15,167,134,25,176,159,163,209,37,241,46,187,172,23,135,173,120,197,191,194,230,51,115,168,62,195,150,152,63,225,25,34,231,101,153,3,212,0,250,214,115,36,85,236,130,169,237,192,139,214,34,64,106,160,116,34,248,233,149,1,96,176,26,176,114,104,180,224,191,41,59,245,169,111,171,225,249,150,99,72,247,150,188,5,15,138,30,187,237,198,15,244,18,60,140,15,75,245,227,107,30,12,162,64,93,193,227,35,108,217,212,77,232,243,41,104,197,77,94,191,27,60,188,95,205,106,63,70,98,13,119,217,194,67,99,7,184,3,157,249,127,247,217,87,164,122,69,90,114,171,228,188,21,231,251,41,87,100,48,55,191,155,90,214,23,207,1,180,75,97,95,236,22,8,101,236,212,150,49,78,242,218,232,34,78,12,80,79,177,10,39,213,214,249,129,154,227,1,227,185,136,20,71,189,17,137,102,142,221,234,24,79,204,142,85,106,118,224,17,9,155,29,212,18,48,137,82,177,26,160,205,137,57,194,83,86,29,88,215,65,130,16,212,136,5,88,231,142,107,172,174,24,9,111,50,24,3,70,107,208,60,28,175,123,238,252,108,20,21,172,184,131,89,23,191,232,201,232,31,116,176,105,211,84,130,145,20,232,1,160,252,34,83,102,110,228,77,44,56,89,26,61,124,227,163,173,226,197,104,247,232,139,200,249,211,109,30,82,6,64,117,220,2,158,165,17,103,230,189,210,19,130,96,146,39,226,1,191,237,115,221,95,208,72,155,69,159,186,168,53,45,200,177,78,64,74,180,25,58,232,183,223,55,14,90,227,8,13,109,70,84,97,119,64,183,133,48,176,71,121,20,41,25,120,43,162,212,145,210,94,113,12,93,171,149,24,106,146,138,127
143,52,24,79,116,33,249,225,94,133,29,221,180,18,115,163,159,123,249,107,34,108,250,185,144,43,46,249,101,16,99,18,157,139,75,58,207,220,3,28,63,94,64,210,104,172,15,133,133,187,26,244,15,27,237,147,121,124,19,177,10,169,11,149,20,130,238,3,121,203,14,112,142,146,155,141,185,168,7,10,148,220,81,228,225,41,6,75,249,236,136,222,46,237,225,81,30,237,98,194,216,118,236,227,14,93,181,160,95,179,126,72,61,59,15,62,127,247,247,122,166,67,149,202,169,59,80,163,218,133,236,68,91,181,208,37,237,203,83,81,76,170,242,80,241,104,232,15,74,113,221,55,72,133,246,196,190,41,155,215,42,13,92,243,45,247,248,83,106,76,10,55,211,45,111,92,50,64,29,89,146,94,153,29,17,226,18,93,195,154,177,188,21,65,40,96,245,232,92,209,102,81,1,211,38,84,240,232,117,143,180,216,109,143,55,34,233,210,99,187,12,188,87,26,154,202,137,10,59,204,175,203,70,237,15,250,195,169,4,41,6,133,57,69,59,124,103,177,110,218,245,162,116,157,212,179,130,210,235,80,121,124,172,99,62,3,67,157,194,70,228,189,16,243,102,162,201,142,140,134,217,38,239,201,254,218,2,217,206,160,97,34,72,112,97,127,237,152,128,66,40,253,140,10,197,106,67,139,135,18,20,235,250,125,54,169,8,137,22,140,117,12,115,187,27,37,213,187,200,81,70,147,121,0,186,72,227,211,232,218,93,96,138,94,4,5,93,64,10,250,2,22,44,164,33,200,246,56,173,22,122,39,33,170,218,197,188,171,164,87,79,222,151,36,30,146,117,147,180,245,168,46,174,150,10,159,183,93,111,45,213,0,119,174,136,48,82,0,134,96,44,85,192,212,224,242,30,28,142,107,40,97,171,7,20,85,151,228,142,157,232,33,55,230,251,251,197,116,77,40,161,245,232,217,133,225,132,193,53,175,118,182,156,254,50,14,252,200,175,151,145,4,181,156,55,145,178,66,7,204,33,151,186,163,133,36,188,252,237,169,6,245,220,152,82,47,15,239,118,247,143,39,146,190,130,111,82,213,61,61,57,15,3,38,35,134,154,40,125,171,130,13,222,211,83,188,213,142,90,136,155,123,127
51,92,73,200,233,68,234,111,205,53,198,143,77,134,225,22,104,237,212,93,120,235,243,57,96,197,241,73,175,173,7,204,80,22,146,88,51,207,179,10,112,60,147,187,164,129,58,182,40,32,175,102,45,0,27,192,249,56,145,180,32,50,221,10,193,149,145,53,47,112,190,168,252,234,160,186,151,15,127,198,159,142,112,21,222,22,69,165,139,6,141,73,158,134,27,133,230,66,227,17,57,221,209,131,21,108,66,231,165,142,156,173,106,167,82,49,144,174,120,254,173,192,199,234,249,34,164,69,9,214,238,26,125,116,35,91,19,156,85,44,239,187,73,60,189,153,81,151,108,101,121,161,93,6,243,243,209,43,1,200,222,40,78,192,174,100,214,141,77,78,80,253,225,239,81,77,246,10,174,12,167,208,28,30,127,103,75,201,87,178,127,75,167,177,113,231,109,243,23,239,40,85,75,53,81,100,242,225,175,147,218,240,179,45,125,56,193,72,52,12,108,107,144,12,251,230,189,211,128,141,4,152,43,45,196,46,39,154,117,39,41,226,127,193,173,51,97,179,164,190,163,190,117,150,66,245,85,111,143,66,155,242,77,129,146,61,237,76,150,200,115,68,243,87,246,108,240,124,148,196,207,76,10,24,1,30,164,74,180,44,192,158,147,240,65,181,1,234,137,201,7,3,209,175,243,129,32,118,128,31,126,5,121,110,212,56,177,42,104,38,47,102,199,34,186,73,230,254,106,242,76,34,165,74,110,232,69,154,213,148,149,110,212,204,204,159,235,16,0,110,122,112,247,49,111,120,212,9,120,191,171,99,56,218,29,26,86,221,87,155,20,53,64,62,207,208,130,245,44,201,126,44,123,149,206,129,249,252,83,109,35,98,161,31,192,231,60,207,216,172,232,7,254,82,50,168,173,127,35,134,170,254,212,141,168,7,28,16,234,219,172,49,239,43,177,176,127,13,11,25,0,179,88,92,188,157,210,199,64,132,25,194,100,80,56,172,37,183,94,67,238,182,187,63,50,102,213,12,238,108,116,155,114,7,12,11,62,241,132,246,90,183,91,55,141,119,75,100,158,134,96,33,223,69,106,123,21,113,254,6,70,77,238,89,42,146,179,135,217,14,133,16,38,82,235,109,131,120,71,44,46,77,127
4,175,40,116,204,22,207,80,221,98,9,69,148,22,174,162,135,151,215,103,76,182,14,208,28,123,15,242,48,102,228,80,170,34,113,105,104,231,238,219,145,168,120,117,44,42,63,70,211,169,133,90,182,225,97,94,41,1,102,230,134,23,150,190,158,141,195,194,152,224,189,23,105,86,182,108,236,254,98,30,198,92,212,121,229,129,131,212,59,254,232,16,177,67,190,179,79,20,141,66,190,198,35,173,22,219,198,68,218,134,81,72,55,240,217,188,249,222,24,92,118,164,60,10,210,242,203,185,151,142,116,9,48,27,2,11,131,24,125,158,103,45,22,206,113,121,147,25,118,141,245,74,252,201,188,112,61,142,21,114,78,198,181,95,124,250,157,230,152,77,8,63,112,41,164,40,175,122,135,211,103,94,181,219,195,238,125,214,63,235,124,4,111,227,139,34,69,31,65,54,43,38,101,91,132,207,49,224,185,103,5,74,114,131,102,118,19,76,148,57,171,126,211,39,233,17,182,240,6,248,205,249,55,113,229,235,186,147,9,152,64,23,163,5,249,102,42,191,125,140,67,40,143,133,181,176,163,97,30,170,45,147,40,9,175,234,152,221,215,112,2,42,228,243,121,18,150,142,204,235,51,114,152,116,248,174,133,102,111,251,85,179,202,53,248,138,88,68,211,12,250,183,126,77,173,57,39,55,29,130,163,173,3,144,123,41,13,92,253,133,107,240,16,109,174,136,127,23,130,9,61,243,32,84,50,61,170,91,209,103,155,61,13,112,66,62,84,76,62,6,249,162,122,4,96,145,74,214,40,186,37,50,182,172,105,99,147,106,88,213,83,101,105,197,170,229,131,81,116,244,168,152,74,100,11,169,252,148,142,59,231,234,198,74,109,80,122,28,215,171,61,204,2,253,243,115,71,14,69,105,214,7,207,96,127,189,60,90,231,33,145,137,205,250,111,217,235,193,37,191,99,27,66,32,176,127,150,117,245,105,50,128,228,217,226,210,169,118,163,44,109,18,248,241,71,202,206,192,98,138,16,133,236,86,195,146,22,209,80,123,139,59,95,219,43,73,119,5,69,198,187,145,57,171,152,16,109,247,79,248,207,225,150,64,44,239,127,58,44,35,79,82,66,174,1,10,66,59,186,208,206,247,127
18,145,126,210,119,13,25,126,221,119,186,99,127,39,193,39,207,228,10,73,210,199,188,52,93,197,135,215,167,106,239,137,50,91,37,205,23,3,65,253,87,39,186,60,15,171,103,38,146,84,158,172,198,109,252,145,166,170,75,45,45,191,56,78,179,162,231,210,39,230,247,46,245,134,107,0,0,95,91,115,72,196,61,90,50,22,85,82,216,221,51,53,105,175,156,194,214,187,241,188,162,17,169,205,238,91,80,73,148,226,141,232,86,134,178,177,179,189,156,225,139,157,19,194,93,75,152,52,164,195,215,127,185,33,165,97,52,83,139,145,177,59,30,17,178,28,139,195,8,116,119,207,144,50,219,91,250,20,85,97,1,159,56,192,5,174,91,0,95,2,128,252,80,158,124,243,157,78,141,121,233,127,15,133,59,136,95,221,234,154,219,229,92,94,179,240,109,51,101,115,152,205,226,243,152,192,179,24,247,13,188,79,121,153,195,89,64,203,102,229,97,236,24,243,17,1,165,202,213,3,77,39,60,242,146,140,11,230,199,184,0,146,134,97,88,55,104,71,217,17,192,254,37,83,208,70,59,169,110,116,87,98,138,226,234,187,244,70,199,90,207,112,95,247,133,17,121,209,213,174,116,115,160,202,101,156,220,199,243,166,121,105,80,216,123,235,214,96,217,64,127,15,124,6,205,94,167,226,47,220,79,243,28,103,126,53,237,44,226,191,79,126,130,214,251,191,167,8,35,149,74,149,51,174,135,78,151,12,124,242,150,29,149,23,5,204,116,79,103,144,200,227,130,93,144,115,225,97,111,189,89,243,112,130,37,254,230,57,187,242,96,22,24,60,188,163,41,68,234,213,42,197,189,207,15,174,205,81,92,22,200,195,165,177,70,68,80,67,162,103,92,195,178,68,51,12,103,246,18,39,169,27,242,52,230,118,196,234,110,212,53,216,250,151,44,38,17,8,76,77,187,166,115,127,31,112,155,88,57,243,199,98,244,51,1,147,63,217,157,98,17,131,206,182,131,83,201,187,104,142,24,245,182,49,181,36,248,23,47,100,101,42,0,89,19,107,81,50,11,108,252,172,120,225,72,33,100,141,125,87,197,28,78,76,103,143,222,131,176,209,11,89,99,112,75,149,31,154,163,169,171,17,127
174,130,43,24,145,27,141,137,228,233,172,120,49,167,106,90,197,100,144,135,190,100,198,191,70,87,173,120,96,182,53,69,48,58,18,127,238,113,39,29,207,111,68,54,158,175,2,243,202,152,56,228,175,175,172,126,224,17,18,195,189,44,227,200,221,96,166,183,2,105,94,81,247,253,208,81,15,183,234,175,166,178,152,205,55,242,100,77,91,234,8,189,253,254,169,6,64,194,164,66,107,216,215,42,103,140,148,162,87,80,92,4,23,228,248,50,123,94,147,182,214,252,98,248,44,252,210,1,144,67,118,148,216,116,30,113,202,179,65,61,98,213,249,128,248,85,200,94,121,49,2,143,252,10,238,220,129,16,171,129,55,25,251,218,95,166,49,52,181,85,12,226,9,19,179,148,210,139,10,7,197,191,56,106,247,203,91,38,93,10,153,146,240,211,215,114,56,23,186,115,99,132,200,8,90,230,115,123,226,30,96,179,142,117,82,146,232,49,61,35,58,176,87,154,240,39,45,122,86,98,57,179,135,235,218,170,50,169,224,74,61,164,211,153,196,87,94,121,211,244,19,13,156,32,0,203,24,129,191,93,247,134,33,143,17,37,9,157,30,240,93,151,76,107,192,187,97,202,5,69,228,52,75,193,41,44,214,242,169,10,101,196,143,138,191,53,193,71,138,230,151,77,210,234,247,144,91,153,208,59,0,41,171,138,55,62,130,224,7,236,100,92,228,96,134,98,182,52,58,19,98,243,18,141,16,181,154,238,162,133,187,143,228,247,35,40,166,115,234,17,18,164,78,187,239,163,178,195,244,129,241,4,150,1,117,194,129,187,9,217,120,98,237,251,219,197,205,38,15,55,28,107,11,2,107,66,150,120,219,175,117,178,179,16,63,114,89,134,141,17,20,12,126,77,207,90,8,132,226,162,114,154,223,100,238,163,242,41,176,90,162,195,239,31,221,24,254,68,232,20,71,86,152,93,234,251,92,49,74,217,235,79,73,234,100,244,206,155,145,233,183,210,182,149,175,225,42,22,158,152,137,36,118,118,38,69,220,239,110,28,195,121,20,50,90,193,212,164,79,157,15,1,188,8,51,89,145,127,141,38,110,241,168,139,34,170,221,159,186,211,193,34,188,185,227,185,68,62,28,5,120,4,127
26,117,185,215,240,69,207,104,218,100,176,51,238,238,23,162,173,23,68,168,226,72,141,231,148,242,47,177,36,72,233,112,126,101,132,49,105,233,227,250,104,12,250,89,250,200,39,200,48,93,128,225,63,138,81,215,130,147,75,182,177,196,204,101,130,130,91,78,28,57,52,224,11,231,56,37,148,236,223,108,18,241,38,61,51,234,183,194,234,159,251,51,89,195,37,101,175,56,108,219,161,222,163,250,105,216,18,90,163,192,251,229,25,230,103,162,22,12,108,51,146,240,231,131,110,127,124,16,103,35,146,71,31,94,166,129,221,1,175,209,151,200,204,206,75,89,226,37,49,134,57,18,28,27,57,51,49,24,22,55,34,252,151,158,145,122,193,149,19,201,191,85,26,246,160,143,121,114,213,226,241,35,33,45,197,63,151,207,121,139,12,202,225,225,103,233,121,159,12,180,28,57,3,36,131,99,234,91,152,179,187,67,164,119,253,113,157,74,160,39,186,183,178,118,9,21,165,130,229,130,170,50,242,63,80,214,177,110,170,133,39,186,65,47,120,183,114,1,60,110,222,190,97,189,134,184,165,31,136,165,173,184,9,235,203,160,126,14,231,131,40,228,169,157,206,159,5,123,46,15,195,62,69,233,140,203,91,92,156,216,118,203,186,115,108,254,90,192,156,151,223,124,87,43,218,94,26,240,124,24,33,173,210,33,82,53,242,70,223,250,142,214,166,104,113,130,101,243,127,239,43,218,130,10,154,49,91,205,229,9,150,238,189,79,188,208,127,45,141,119,192,190,73,178,104,13,115,29,206,188,209,39,3,204,194,56,23,198,131,52,134,187,143,150,209,29,152,247,188,40,72,193,138,176,218,137,88,66,106,110,69,119,180,60,73,174,151,180,20,173,166,236,107,233,247,69,160,63,75,202,7,176,211,155,62,246,76,200,70,79,164,227,87,210,124,77,88,174,90,175,124,212,151,115,136,154,148,206,211,223,133,241,240,38,171,92,33,243,13,69,174,128,95,89,96,124,245,50,116,151,41,65,47,120,183,186,253,94,140,130,142,138,111,114,253,240,212,71,150,49,135,200,38,58,206,238,215,19,229,173,135,114,156,227,102,46,101,94,73,77,195,220,42,247,159,210,162,59,236,229,237,217,127
211,3,221,248,229,74,128,7,5,97,44,193,241,139,29,108,235,230,178,15,80,22,253,62,250,176,8,150,112,55,53,203,139,144,17,172,168,70,134,174,239,74,225,127,71,186,145,215,178,184,148,187,36,158,190,143,134,139,52,2,201,52,47,118,143,188,25,163,60,115,143,136,74,73,226,71,49,36,24,50,73,173,32,46,91,28,97,188,212,1,153,95,22,52,68,62,107,62,153,102,194,228,22,213,88,58,246,28,174,37,182,54,253,39,201,184,199,87,61,209,207,166,13,80,186,60,244,248,188,47,234,25,202,201,229,91,18,66,235,65,130,33,22,99,247,55,226,246,69,208,66,37,134,186,47,43,69,244,85,154,171,31,180,71,23,221,167,172,30,60,58,225,109,111,185,3,168,172,13,179,168,186,167,214,23,200,223,9,32,115,95,132,24,59,16,1,207,161,127,60,19,11,241,64,83,1,60,238,105,90,105,61,194,35,226,26,83,42,216,114,29,164,36,172,211,225,123,165,91,50,172,50,73,109,22,64,156,207,61,232,190,193,47,48,18,155,254,40,25,14,220,240,32,146,152,106,180,101,64,105,25,28,217,102,159,118,176,21,208,75,26,178,214,209,128,197,181,137,115,52,104,85,100,71,203,55,146,204,189,248,178,94,173,105,209,170,218,203,222,204,171,212,101,140,196,94,71,26,120,83,54,164,81,6,47,12,61,121,165,175,70,93,248,107,98,109,69,15,78,254,93,119,244,179,127,172,105,161,57,175,57,82,145,64,234,83,116,178,206,8,103,47,242,20,159,93,32,184,175,78,216,121,176,101,170,145,133,159,92,160,14,11,223,68,167,85,171,57,93,101,10,19,159,201,192,252,220,48,93,64,200,20,155,240,74,228,55,167,140,80,39,221,191,9,169,141,208,45,12,243,126,54,217,71,66,82,51,135,222,143,143,234,218,160,57,47,60,26,10,163,150,171,83,237,20,164,144,163,215,52,98,195,104,206,239,206,116,49,155,19,7,88,75,104,184,87,247,99,217,147,4,118,152,162,253,139,56,229,217,124,185,192,10,117,78,253,244,120,34,86,24,25,221,79,181,8,245,203,128,124,139,175,170,168,162,110,0,154,175,47,21,250,150,124,206,15,66,57,103,52,64,148,127
232,97,85,160,244,233,41,233,186,145,209,107,86,210,162,179,193,222,241,148,134,202,57,193,211,217,137,184,164,49,15,78,145,34,244,153,243,120,197,233,37,35,6,235,121,15,18,217,187,176,83,251,236,212,98,252,69,45,235,159,136,118,59,237,165,215,34,40,130,122,166,175,182,246,242,26,168,110,189,182,114,193,151,138,234,77,116,206,33,90,117,186,101,148,224,238,145,172,51,244,162,36,161,69,114,238,249,159,176,199,141,13,30,12,249,100,74,118,161,19,135,66,40,153,80,193,96,11,127,229,245,250,234,153,136,242,234,122,77,249,36,160,86,98,210,174,152,136,78,212,19,240,130,130,89,190,182,135,163,84,54,39,83,249,150,158,21,103,87,159,208,136,153,202,238,192,27,59,171,130,192,53,157,87,14,227,130,133,203,139,156,127,178,234,34,120,87,232,230,45,207,43,17,46,103,252,106,220,129,112,222,157,138,239,133,215,178,77,123,180,75,91,132,1,249,245,140,203,58,96,76,152,69,34,146,231,184,160,84,202,41,190,168,115,106,227,144,104,86,189,200,134,102,36,21,110,74,214,148,147,53,24,228,111,39,48,89,202,118,100,49,88,222,33,162,2,245,3,51,215,202,18,32,238,101,2,79,37,117,67,47,172,171,252,40,250,46,158,118,241,239,174,180,142,170,84,165,171,163,15,160,88,228,26,240,64,10,93,209,10,17,215,142,197,27,222,132,215,61,76,178,179,134,186,13,118,82,132,79,190,44,162,161,49,42,147,32,124,238,56,7,21,18,206,164,156,204,139,73,163,75,96,164,92,240,39,80,112,201,3,51,120,2,212,112,18,68,122,163,200,52,217,79,174,57,188,102,84,10,27,56,123,120,122,182,2,202,144,223,135,27,42,147,90,30,67,43,153,254,136,180,162,9,77,171,242,153,85,193,220,165,169,170,208,110,92,112,173,238,182,131,245,182,229,193,222,126,54,24,81,229,43,129,39,153,95,119,145,137,163,15,170,204,5,166,48,63,102,19,126,119,73,157,129,177,31,242,153,109,199,37,200,152,181,34,209,7,114,78,65,143,118,21,124,93,230,55,35,198,224,250,235,41,161,225,99,12,194,155,194,28,89,107,5,172,5,19,56,235,68,63,69,127
113,156,199,133,157,227,126,107,67,175,251,202,249,14,91,61,10,243,165,243,211,183,139,215,156,247,89,39,154,166,10,165,197,63,204,209,6,88,183,21,241,120,29,35,3,180,19,237,62,66,56,225,29,149,25,228,33,23,15,6,183,56,210,204,197,142,64,60,45,0,142,79,158,10,195,31,243,200,10,190,13,74,74,137,24,42,143,81,208,94,173,82,203,249,73,107,154,120,247,164,176,135,211,40,163,168,203,220,59,148,215,218,233,129,58,83,85,212,127,50,190,83,231,36,138,173,197,142,217,98,196,157,173,254,231,130,112,71,185,22,27,121,174,189,248,24,38,12,15,241,126,87,222,17,180,253,178,28,203,233,34,185,109,248,185,102,236,159,182,185,101,230,111,116,110,23,222,197,77,203,212,50,245,253,94,150,212,203,190,196,127,124,1,97,171,64,191,20,184,199,110,0,107,2,226,8,5,51,54,97,173,51,130,88,177,93,98,15,171,175,224,12,208,96,140,78,252,55,118,145,138,57,6,156,21,83,246,57,18,219,23,134,174,0,88,174,30,63,186,245,128,53,0,116,42,182,148,2,188,184,206,163,117,129,216,244,187,118,176,238,238,132,53,237,132,192,73,224,65,55,99,146,84,5,43,191,23,80,118,150,86,14,166,239,97,106,155,121,40,202,161,21,169,8,63,17,185,191,127,218,144,16,110,179,76,253,221,101,91,214,172,74,177,117,210,211,134,43,166,149,160,58,186,204,163,239,188,122,207,171,59,94,128,107,19,239,92,38,9,79,214,207,242,53,184,138,172,220,185,58,219,227,164,17,151,177,65,3,200,4,97,142,58,103,222,146,158,41,215,149,29,75,184,224,227,206,172,8,107,70,102,81,252,145,92,134,186,108,189,23,220,254,231,104,158,53,201,254,131,71,140,112,2,34,135,31,85,60,173,37,131,8,61,241,220,64,230,216,98,37,219,68,224,245,39,15,230,157,223,75,22,96,247,73,182,100,250,17,214,182,84,185,75,84,113,50,92,108,253,5,151,236,52,126,209,169,161,212,143,21,51,105,112,187,141,184,1,40,137,39,109,28,112,175,251,5,95,117,130,73,152,126,177,101,227,50,104,249,64,149,152,125,226,13,150,112,20,145,148,235,227,84,127
97,74,190,87,221,223,108,87,216,167,113,145,234,80,230,201,21,144,75,230,172,170,70,169,190,50,162,214,206,210,188,232,79,17,152,211,63,21,209,41,78,175,207,173,207,114,237,2,159,155,74,44,0,191,239,215,95,170,44,106,247,244,250,40,35,77,141,0,122,87,132,141,37,171,55,211,247,59,24,81,92,167,56,238,33,190,130,213,174,35,196,174,66,157,155,218,161,57,57,183,179,80,74,139,143,67,185,174,152,102,200,207,242,188,55,92,207,154,142,114,134,139,238,147,50,120,162,231,115,222,150,130,137,53,68,151,98,192,58,54,134,174,242,112,40,26,112,2,47,43,137,41,103,139,238,82,136,29,111,152,188,107,254,250,2,64,241,150,121,96,21,193,101,165,212,22,159,41,178,141,39,79,172,215,14,147,248,133,178,109,17,150,244,135,143,244,103,94,27,11,222,70,114,98,188,91,25,84,2,120,62,140,59,217,134,76,164,183,22,140,73,201,120,240,114,48,208,245,187,236,134,28,245,128,23,61,194,209,8,149,181,254,200,158,85,136,130,145,199,247,116,128,88,81,116,193,67,38,38,206,179,169,175,197,114,225,159,129,237,85,188,150,88,172,71,7,247,47,104,157,189,141,125,78,42,150,32,62,252,124,36,134,249,89,172,94,88,152,77,128,221,26,207,30,52,136,118,183,218,41,36,81,126,125,207,69,145,241,152,50,138,149,0,20,184,133,134,3,15,37,48,116,184,70,201,241,192,124,122,91,70,5,68,161,170,10,69,185,9,53,132,205,75,53,185,93,171,245,238,205,121,207,157,112,70,145,33,60,124,239,161,132,54,23,28,180,111,37,195,145,244,32,86,228,111,56,196,45,238,208,203,137,192,234,190,58,182,31,240,221,11,119,99,85,247,226,249,58,144,152,104,160,190,189,198,148,135,160,112,239,232,190,138,71,169,154,91,240,127,59,124,241,159,7,218,142,51,101,35,178,148,58,47,109,44,177,33,87,99,90,247,232,54,118,174,179,82,171,247,155,118,166,84,181,254,18,230,67,193,31,25,229,126,175,49,100,104,245,135,243,132,244,173,228,90,105,205,126,195,107,106,232,26,44,234,56,93,229,200,162,119,156,105,6,104,20,189,4,133,186,50,69,127
181,118,172,93,121,136,45,190,99,247,61,53,226,84,231,57,149,36,12,75,175,186,48,136,251,221,242,134,168,59,123,141,46,126,50,20,243,11,160,110,166,78,118,174,126,74,79,22,182,159,216,84,34,93,139,242,252,232,199,2,77,232,214,230,41,145,45,171,41,204,184,67,73,143,62,47,127,211,86,46,50,72,152,140,99,23,199,100,31,36,24,219,186,226,82,205,35,252,99,218,244,198,18,179,64,118,80,226,82,42,238,148,93,17,30,104,235,87,39,142,220,15,183,25,40,40,235,68,234,55,186,186,125,8,245,155,30,215,169,123,120,47,132,208,157,111,110,132,22,165,78,93,96,141,246,106,83,181,171,31,211,8,81,107,133,145,241,41,167,27,169,190,30,97,143,23,71,223,175,24,196,119,86,227,198,230,200,199,217,80,180,126,112,128,98,5,62,68,170,13,83,52,198,65,246,183,178,231,232,135,127,34,53,90,187,60,187,126,164,134,144,189,227,154,212,190,36,226,29,32,249,101,190,215,14,189,225,208,172,51,73,144,252,249,176,4,221,230,240,222,42,138,159,241,108,43,127,93,147,104,34,11,205,130,200,113,225,203,249,249,17,148,102,198,184,162,117,144,143,207,93,45,223,114,196,16,76,179,217,149,167,131,29,208,95,32,221,182,247,126,215,118,154,178,32,112,127,243,28,70,178,248,3,207,223,200,43,79,69,179,48,67,103,37,205,50,197,127,237,197,104,56,34,202,99,116,216,150,237,179,140,246,168,31,200,212,120,221,225,96,179,94,219,215,164,148,32,248,196,6,227,101,85,53,44,234,195,92,200,3,2,210,33,33,17,87,141,153,120,220,186,155,19,38,215,186,147,172,182,2,22,101,250,209,49,241,253,112,112,134,36,152,239,36,204,2,96,195,22,126,194,113,140,180,49,14,51,74,115,71,207,223,45,80,219,78,180,5,241,73,254,28,167,53,11,20,233,131,183,225,119,253,28,212,9,79,46,175,163,32,110,24,230,192,233,81,85,240,245,77,116,23,148,14,241,222,203,150,10,41,218,183,89,99,207,25,25,203,100,204,132,99,12,139,172,248,17,107,135,134,37,68,161,128,231,160,221,165,7,10,217,59,77,54,87,7,146,243,78,69,77,150,127
162,138,61,54,161,195,37,97,51,240,251,155,81,146,118,254,167,200,86,171,155,217,188,68,57,209,96,67,41,45,237,18,88,227,23,168,7,91,11,18,18,101,53,138,190,172,193,44,34,65,241,85,111,207,232,166,51,103,249,240,173,65,71,174,44,230,223,30,240,55,94,112,60,92,154,175,38,172,223,19,249,147,76,32,112,223,172,127,91,116,0,176,222,24,11,14,76,221,188,157,88,48,116,14,23,114,133,104,31,139,5,79,213,2,22,167,73,58,85,66,252,186,39,222,212,144,131,24,105,141,86,190,57,91,122,181,160,15,12,103,215,221,84,139,125,164,93,50,82,6,200,227,246,171,197,41,114,143,122,40,247,228,40,90,251,70,251,200,113,71,162,41,150,42,148,43,58,148,184,35,232,207,165,2,217,115,173,164,153,112,10,9,44,201,244,46,218,166,97,132,69,5,216,78,90,148,11,177,203,192,15,48,44,89,50,64,115,206,121,173,22,184,84,114,83,112,102,188,114,221,48,173,144,250,201,124,120,254,164,239,16,187,99,251,245,53,91,143,31,77,76,145,207,96,142,195,217,91,45,187,248,64,213,88,149,88,21,22,145,86,212,58,139,98,31,234,91,174,245,196,199,51,227,254,80,236,100,27,98,252,29,150,35,178,214,33,202,124,217,187,42,130,78,178,225,128,97,249,36,153,77,30,109,92,125,41,185,164,20,5,218,89,56,91,204,244,232,183,139,138,33,122,236,211,169,109,166,21,138,120,192,222,50,170,153,2,91,205,82,245,79,208,69,52,38,31,11,107,155,3,120,72,190,169,47,59,204,146,247,130,91,201,85,31,60,133,93,109,188,99,187,254,254,25,123,14,170,157,6,182,187,26,16,172,130,167,218,211,22,201,58,58,181,91,254,58,130,206,250,56,117,89,96,11,181,205,193,51,93,114,191,8,196,63,171,199,243,146,227,139,72,39,84,124,241,137,18,10,130,91,206,181,153,6,111,241,245,155,80,64,28,19,44,175,19,96,94,74,98,246,202,23,153,151,247,19,204,20,183,49,247,144,100,117,174,111,210,83,243,244,72,52,122,139,154,197,72,116,235,198,236,76,158,20,79,210,53,126,179,153,170,108,93,249,38,66,57,192,37,209,90,216,127
93,120,76,167,40,54,227,91,252,65,179,3,3,220,118,91,41,231,234,249,76,8,130,144,107,19,60,175,50,52,100,127,97,240,83,97,10,52,230,104,64,98,214,64,192,250,73,126,55,158,241,125,253,19,105,161,182,210,99,168,199,198,211,179,89,232,198,46,70,9,13,156,141,40,108,171,188,39,209,45,109,247,251,93,182,110,102,115,174,21,21,245,175,223,0,98,201,226,79,76,25,188,61,4,162,135,57,13,56,221,85,91,60,103,177,156,108,253,201,142,88,114,152,70,195,184,155,69,61,219,129,182,208,118,90,121,33,234,87,90,112,112,227,105,190,41,145,97,86,207,18,195,79,130,106,104,185,241,190,52,39,237,70,41,242,244,133,188,18,49,188,66,188,156,156,30,38,170,192,109,125,57,217,87,55,110,103,56,195,219,29,174,253,99,86,250,177,87,88,254,107,57,95,130,163,31,42,208,194,182,20,61,233,215,233,185,142,91,155,9,39,118,231,43,186,196,68,0,222,40,230,99,155,42,76,59,27,109,218,14,90,185,134,202,238,138,127,250,234,120,150,233,34,215,252,205,226,253,241,236,71,34,93,209,219,36,47,59,139,57,92,38,67,245,195,200,72,94,181,40,219,41,234,161,200,75,26,47,117,101,104,34,6,178,226,127,243,194,207,18,51,208,63,100,7,133,22,60,88,154,198,6,105,101,116,123,139,170,73,135,138,175,124,191,234,146,250,8,61,215,98,89,76,81,28,53,220,156,55,40,31,31,33,55,136,12,27,104,175,182,81,40,106,183,211,211,78,6,73,39,77,24,204,122,178,140,175,95,67,247,161,236,49,233,67,10,92,133,50,35,172,74,94,157,146,84,67,46,73,96,60,192,148,86,232,252,38,233,186,150,28,39,72,4,63,80,91,174,208,250,218,3,95,145,188,91,87,192,236,72,231,142,108,184,95,85,12,199,165,104,232,80,85,224,171,217,248,160,59,22,180,180,44,242,153,31,221,183,160,73,239,12,148,170,75,206,246,189,201,76,12,34,185,251,8,192,106,56,91,254,190,130,35,6,216,54,189,167,239,185,86,159,33,94,240,180,88,167,253,124,148,74,244,124,152,115,112,54,170,9,151,116,198,212,81,124,184,207,107,155,127,24,127
8,223,25,6,74,156,25,128,157,154,201,133,226,194,51,138,230,188,249,183,13,178,41,42,83,178,235,233,110,253,30,120,64,205,227,2,133,24,57,121,159,119,228,165,158,168,226,174,157,132,235,86,160,130,75,219,89,70,140,80,154,126,41,89,214,240,167,166,171,232,0,25,140,128,219,242,243,31,202,252,237,222,166,235,113,205,59,248,223,157,128,226,150,200,87,242,116,61,67,105,214,22,233,193,191,23,244,116,31,129,36,129,208,49,254,208,157,120,200,86,29,84,77,144,50,152,197,104,173,226,187,93,95,213,64,191,200,72,109,180,159,23,147,111,38,234,136,105,39,162,87,33,83,210,195,190,13,102,81,76,181,109,106,214,68,110,77,228,8,166,149,163,151,117,203,85,188,246,16,207,92,184,132,105,210,175,49,212,43,39,13,158,234,104,141,146,254,120,37,167,149,39,218,74,219,231,130,130,4,236,96,43,75,220,210,142,130,226,130,179,90,49,39,154,40,120,139,59,246,108,81,157,153,26,216,245,239,23,50,101,69,78,6,33,18,112,43,139,88,78,149,121,130,250,115,117,224,42,219,81,231,188,253,146,42,42,6,166,149,18,178,124,27,162,11,83,185,120,91,52,122,21,71,190,28,160,173,115,247,66,61,103,112,207,94,193,233,106,238,230,31,61,152,127,61,223,42,212,225,55,119,30,226,47,133,236,42,242,10,99,114,206,194,21,91,232,167,31,170,43,74,16,0,46,147,15,247,44,182,142,147,54,12,122,253,207,103,92,19,224,160,79,219,72,125,237,178,216,9,243,205,184,138,168,117,5,205,165,48,185,118,77,97,119,76,130,200,182,127,73,213,67,253,182,239,152,240,10,44,75,59,140,233,195,16,24,100,150,195,11,204,208,31,184,251,164,29,109,184,94,209,72,84,128,88,127,244,52,203,202,86,154,52,25,215,106,6,201,233,200,7,118,2,44,156,65,247,128,178,90,71,122,55,30,169,135,175,147,33,16,151,227,231,191,118,190,213,38,14,84,191,248,78,12,35,93,173,190,0,197,62,64,168,161,1,30,109,100,203,155,131,175,140,253,177,97,222,53,125,160,226,96,166,94,223,110,210,206,22,0,207,121,218,4,43,211,164,61,9,64,100,80,127
6,41,53,164,126,169,161,91,161,75,246,207,96,125,194,230,94,232,15,29,198,167,237,146,181,144,180,172,223,238,37,98,115,133,249,13,144,188,68,203,29,53,212,43,242,110,187,78,68,126,111,106,219,100,9,3,161,165,166,180,196,107,50,29,118,107,86,143,216,33,6,57,164,91,210,178,127,195,214,151,240,183,202,42,240,114,6,20,148,214,128,161,234,62,163,90,34,26,121,219,116,123,99,100,13,3,239,164,15,205,109,191,221,40,85,92,11,203,83,69,219,190,209,126,119,68,9,186,166,70,80,151,20,75,39,80,142,111,123,30,227,190,125,158,66,96,42,122,41,145,185,204,38,186,242,112,12,215,40,225,44,34,165,66,54,170,202,44,126,90,182,230,218,50,207,187,230,48,2,247,244,49,43,201,1,42,160,241,250,88,42,230,244,77,124,46,87,112,184,103,185,163,49,235,98,237,187,45,152,74,161,187,115,28,51,209,249,214,27,232,169,204,59,11,201,34,248,137,190,240,85,155,84,65,25,246,52,37,85,254,68,166,207,120,75,253,175,104,49,31,95,177,164,130,216,163,238,139,219,158,237,16,173,92,221,50,160,176,66,197,102,110,8,194,73,155,211,158,78,66,121,129,218,123,16,22,187,68,101,207,58,156,192,230,31,90,42,226,130,133,185,12,121,18,212,224,235,23,26,147,237,153,156,173,150,8,7,38,204,185,107,207,118,37,18,33,30,209,216,17,23,18,132,162,163,126,86,64,51,250,68,134,187,9,179,92,200,111,205,200,168,195,201,100,98,240,142,139,125,122,155,162,1,127,78,107,161,233,189,39,96,11,225,235,136,214,253,200,91,30,174,87,225,28,137,51,248,226,35,156,113,207,179,116,201,55,220,224,9,196,103,237,187,238,69,137,51,68,200,21,79,254,214,213,138,80,139,44,114,166,53,231,23,146,5,25,141,4,157,98,91,195,96,107,212,23,225,79,245,170,134,240,112,184,171,106,3,227,92,149,61,69,179,59,177,244,13,208,203,217,189,113,146,62,207,50,103,141,222,26,98,68,153,226,126,4,40,115,224,128,77,73,183,13,204,141,21,88,39,83,119,230,45,131,14,148,4,217,36,244,144,237,150,110,244,225,32,179,249,125,98,72,127
11,10,156,176,71,218,80,7,226,52,9,204,116,83,202,170,69,126,75,75,70,21,88,187,91,85,241,45,5,144,34,20,118,47,50,46,58,91,180,24,155,157,148,161,86,33,65,88,195,212,91,126,142,2,43,93,63,124,25,213,194,149,224,228,118,234,164,54,55,59,43,72,86,205,241,187,16,3,188,227,240,88,189,103,191,251,118,229,110,46,59,233,122,156,212,164,242,11,126,172,44,27,214,158,50,100,26,57,21,199,47,22,197,57,67,148,231,201,147,35,140,107,130,219,100,14,111,180,112,100,79,195,9,188,206,42,42,226,91,124,121,26,91,53,32,159,63,37,251,131,107,81,115,87,84,8,186,4,123,111,225,178,22,97,124,2,204,27,219,34,219,248,14,1,100,23,126,14,237,166,192,173,149,168,190,151,40,79,15,218,67,83,166,130,122,232,239,250,153,127,23,247,81,127,131,52,30,111,54,78,208,202,236,153,191,46,31,242,192,216,180,125,236,5,17,27,106,31,16,134,21,211,220,121,218,157,144,202,47,219,46,44,224,51,246,46,103,33,96,204,131,27,94,226,20,198,202,212,114,40,222,88,107,46,253,202,165,55,151,152,74,177,179,26,16,111,100,221,210,127,131,199,131,36,31,152,69,248,194,128,95,227,213,205,179,243,5,237,188,192,98,119,224,90,191,192,187,86,177,177,71,2,158,44,37,128,202,40,214,211,211,33,183,75,71,28,151,27,79,112,248,62,208,111,130,250,92,64,249,12,95,220,65,65,51,154,235,174,63,144,228,105,190,195,225,85,210,56,191,106,25,206,37,130,23,254,206,122,231,87,222,6,9,164,42,113,41,71,168,84,14,46,5,83,180,132,50,189,102,197,8,148,218,100,242,26,91,211,171,236,194,22,222,116,244,202,241,209,119,108,118,62,20,43,182,11,9,165,176,63,37,197,226,105,213,241,13,201,153,196,224,118,240,192,93,128,21,139,112,22,46,76,27,185,208,75,71,197,6,25,123,8,196,47,207,154,173,205,4,240,69,106,190,154,250,95,218,194,67,68,130,193,57,145,30,55,75,121,110,175,170,124,33,110,253,76,211,48,17,127,66,57,196,23,132,131,73,109,208,130,112,208,225,122,207,201,135,222,50,61,95,162,127
120,85,20,87,221,148,0,223,242,184,162,247,38,214,107,113,167,57,124,158,85,28,75,156,126,22,67,225,245,107,169,251,44,240,235,73,153,215,81,138,43,241,161,37,53,138,164,15,52,165,167,7,38,225,32,250,102,43,93,234,45,250,88,239,200,158,74,215,80,172,135,214,5,129,10,65,80,219,0,56,249,244,156,154,67,151,86,123,135,63,74,43,36,35,234,122,81,127,252,201,37,84,50,134,31,188,73,142,148,158,124,200,103,198,78,210,194,141,245,162,83,39,115,156,55,82,243,11,17,141,94,250,137,104,168,78,148,56,157,218,50,150,183,185,59,141,6,170,27,58,47,2,131,42,26,203,1,181,230,65,196,207,253,179,162,221,114,51,16,234,89,205,34,42,130,93,170,201,37,148,224,67,75,57,185,131,74,47,88,76,222,195,3,110,56,150,70,137,207,249,8,219,121,69,214,120,143,146,110,144,180,232,143,116,32,82,76,158,145,187,153,23,92,121,231,54,32,64,243,141,147,175,77,65,207,157,38,119,241,69,180,17,220,127,46,98,137,155,26,162,182,55,146,233,53,42,36,29,40,30,230,124,108,87,23,215,223,140,2,38,163,56,57,143,166,167,240,149,62,93,59,85,146,120,122,10,85,145,166,147,85,216,115,172,59,251,163,19,3,153,137,33,0,56,34,177,2,197,87,137,103,132,241,70,147,3,64,229,213,61,161,181,114,200,183,31,203,115,113,209,155,85,110,59,57,184,224,151,9,203,161,166,83,221,175,181,181,73,217,61,241,114,75,90,172,111,92,86,197,194,183,43,217,113,205,207,48,79,201,118,158,184,217,94,179,91,69,61,189,63,70,212,113,159,109,221,10,33,161,41,120,240,60,203,162,184,176,120,245,197,160,69,177,249,37,130,29,108,198,116,103,189,207,38,54,251,136,88,234,46,30,26,99,13,55,127,78,96,136,222,32,173,127,31,189,222,202,37,70,2,23,104,153,51,146,129,138,57,212,23,16,86,118,121,18,14,21,35,93,204,105,69,60,246,171,129,117,82,128,238,55,201,61,81,88,101,161,115,241,102,121,212,110,31,2,192,47,9,5,73,192,59,122,96,76,222,190,58,41,127,52,140,113,30,0,18,221,71,60,180,139,136,127
117,20,51,7,94,195,25,14,112,209,225,174,30,207,13,162,108,252,107,219,240,250,64,198,71,43,143,206,226,220,162,232,64,173,90,208,143,158,13,78,232,151,199,40,134,191,161,31,85,242,131,72,49,50,214,32,20,213,36,83,200,71,98,2,73,18,167,70,150,209,247,22,38,213,229,208,169,149,190,145,47,215,103,153,248,158,235,201,26,171,13,203,219,146,41,216,105,34,223,125,38,77,116,182,76,163,201,121,247,94,247,9,172,129,84,95,251,151,128,84,244,7,186,100,153,107,78,130,225,172,8,131,19,201,226,45,74,107,115,105,113,130,158,195,86,112,240,134,56,190,32,2,209,61,82,74,181,87,39,122,141,131,248,62,194,97,203,70,108,137,189,244,77,71,15,207,19,195,98,87,34,66,104,252,82,39,135,130,36,127,25,154,61,116,192,57,215,163,174,118,37,2,212,108,37,196,254,78,254,31,185,146,104,35,190,29,164,126,58,101,113,111,134,41,91,92,240,120,48,83,158,23,208,20,40,69,147,54,204,146,16,249,35,143,70,246,205,226,30,238,74,76,84,70,49,164,73,145,135,189,142,41,135,11,148,210,163,109,70,12,95,6,171,85,19,169,9,182,174,198,249,187,0,127,198,127,32,10,41,26,236,4,192,161,26,210,137,240,150,243,127,152,136,67,25,90,173,235,38,118,10,99,171,135,154,94,29,95,118,15,116,18,229,65,200,147,216,192,75,158,194,138,124,149,102,1,74,29,51,90,218,64,110,85,39,173,83,54,105,151,133,73,102,208,174,78,88,28,170,160,178,54,170,47,214,217,126,17,106,222,150,240,66,254,224,37,166,234,37,21,217,69,81,179,201,222,248,79,120,135,133,151,197,147,185,198,5,222,133,161,100,237,240,206,77,138,224,130,246,219,141,134,62,49,110,98,105,56,113,25,94,163,96,116,75,52,109,111,76,204,3,232,97,236,71,141,207,136,43,113,151,165,229,208,101,157,117,185,52,62,60,205,167,21,221,30,67,213,220,190,125,162,199,233,133,163,188,27,119,55,134,88,85,14,24,25,175,12,55,128,162,117,254,127,228,89,110,88,7,124,32,184,72,80,117,24,169,175,115,141,21,200,67,51,134,114,16,200,141,140,134,139,127
103,59,15,144,207,69,113,210,124,217,87,229,112,26,127,17,168,100,73,89,174,210,171,185,14,97,238,146,132,78,184,170,227,209,154,57,127,144,193,203,177,57,151,196,87,104,102,88,185,163,192,42,150,23,207,28,156,167,197,159,243,6,199,101,235,239,252,107,91,129,200,15,217,51,130,141,51,198,60,61,106,19,54,177,152,210,147,85,172,110,68,183,184,244,37,87,147,147,229,128,106,196,176,76,55,38,188,49,242,72,164,196,130,167,99,13,174,205,15,160,132,151,208,159,66,127,142,186,68,38,200,234,190,46,25,84,72,232,22,230,70,14,170,185,65,99,122,2,116,85,218,38,62,57,171,197,26,201,54,237,61,224,160,250,129,57,110,107,72,40,162,221,172,205,141,165,44,149,154,134,142,52,160,126,70,38,181,219,118,215,250,196,78,64,202,35,117,16,67,158,141,15,67,253,16,195,150,234,53,252,254,148,144,140,143,42,37,144,51,100,170,62,138,70,170,59,51,225,127,78,126,214,228,94,139,155,53,222,87,81,190,207,237,14,142,75,105,102,21,31,243,204,184,148,215,152,110,193,94,219,252,212,200,224,104,220,23,45,186,63,110,108,158,12,217,54,51,119,151,134,68,175,60,123,171,89,56,249,175,223,218,171,40,15,178,103,135,228,107,197,170,74,140,190,69,2,9,143,242,212,47,35,73,66,226,164,183,225,99,0,132,185,204,243,208,102,78,20,73,163,130,53,2,181,186,69,58,90,234,68,51,115,26,173,108,54,120,123,219,84,118,57,118,157,109,152,11,187,221,254,68,185,212,46,198,28,87,29,12,113,121,47,182,183,2,155,62,67,41,194,157,240,180,8,190,153,5,1,231,23,46,79,76,120,109,129,213,76,177,146,153,21,15,240,224,158,246,81,239,69,48,201,212,27,50,157,72,156,54,67,231,244,249,40,86,252,126,230,253,129,70,54,144,49,208,175,65,142,181,53,110,90,160,182,62,16,167,224,247,243,153,1,222,59,203,137,114,84,33,35,112,245,230,101,62,175,135,99,218,118,108,129,34,76,167,183,63,168,119,232,235,86,116,22,105,13,2,94,157,111,156,245,102,188,210,54,178,163,39,98,179,227,135,241,245,53,179,150,199,58,64,137,127
77,179,213,238,205,157,41,204,138,125,30,72,102,155,12,171,151,251,252,206,134,36,61,241,236,211,230,12,236,43,5,209,243,251,48,39,192,189,225,252,42,141,217,209,232,152,185,164,149,73,158,235,159,228,199,23,47,203,77,211,178,167,114,161,21,60,234,50,148,181,36,219,101,240,217,164,30,14,248,197,228,56,11,81,150,120,165,109,24,245,109,45,43,232,93,119,86,138,206,83,79,50,142,138,24,120,124,199,162,132,82,21,243,72,3,33,221,37,125,163,181,194,42,178,32,227,74,212,71,93,65,104,189,31,119,243,118,10,191,230,103,132,191,194,131,111,149,155,238,139,191,39,248,43,121,108,32,76,76,70,245,173,74,129,47,28,86,149,244,212,34,237,100,155,233,246,124,23,117,199,32,191,76,217,254,248,105,134,147,47,142,21,73,72,86,186,252,187,231,42,238,153,46,56,243,211,59,111,30,38,152,229,152,164,0,2,166,83,127,41,123,27,84,15,116,190,120,38,33,100,22,224,243,6,159,185,153,157,33,125,212,204,182,239,121,232,184,196,189,79,92,96,98,93,103,163,235,135,103,201,65,64,190,117,224,249,38,197,190,70,112,113,163,63,202,89,87,9,227,152,199,24,154,209,235,38,87,211,46,102,132,158,131,80,147,158,186,127,251,120,8,133,96,223,138,57,9,44,196,234,201,109,19,205,179,148,234,87,253,139,218,150,186,222,91,135,128,200,184,206,106,43,173,252,124,219,75,205,89,197,65,101,79,193,87,155,211,127,174,171,168,32,48,59,83,71,214,244,199,180,243,136,104,200,120,130,253,42,78,252,93,133,122,62,102,169,95,170,163,62,116,190,168,120,123,250,183,223,179,190,28,82,19,25,117,42,82,134,191,152,82,235,61,47,223,134,211,253,236,85,132,229,44,14,125,14,73,252,190,38,206,41,32,169,224,124,73,182,154,215,73,242,186,126,70,141,225,232,138,183,56,4,238,232,226,244,114,219,44,45,61,210,165,143,51,116,218,89,0,153,132,39,50,195,100,228,48,196,142,176,188,131,12,181,59,82,62,166,232,127,187,192,227,160,170,241,73,6,193,234,188,70,51,76,227,210,154,131,36,148,111,129,166,126,230,69,104,212,31,216,155,1,127
176,127,20,196,93,243,160,215,6,55,167,194,187,19,62,129,105,39,167,68,3,160,177,207,240,28,6,221,185,1,1,233,212,193,178,203,98,130,30,236,64,125,67,59,50,236,225,172,25,202,173,13,118,75,134,3,125,182,232,186,251,125,24,114,200,39,12,198,54,27,143,241,43,111,100,148,46,87,54,190,165,214,46,26,48,105,17,2,172,207,8,232,73,158,105,23,37,205,173,51,0,20,76,49,203,123,232,185,103,3,230,77,238,223,94,94,1,15,99,94,53,209,127,225,124,169,213,75,126,192,246,189,208,131,24,248,165,208,77,149,7,136,18,244,5,113,43,103,14,46,48,180,184,58,188,97,81,166,216,91,231,34,252,82,115,76,105,190,242,43,101,109,97,149,110,155,161,133,203,163,7,181,92,153,231,28,93,57,8,45,179,175,193,41,251,8,205,140,88,103,42,80,92,60,132,9,41,111,69,216,106,123,203,189,139,91,219,133,246,223,125,235,246,203,172,212,104,157,200,49,62,202,6,176,120,107,35,78,22,226,145,201,222,97,197,24,127,39,44,157,198,18,233,78,5,249,45,232,88,207,67,112,171,197,204,174,55,214,30,22,124,89,103,2,232,203,19,235,98,4,148,250,211,246,207,207,67,121,215,163,37,28,79,211,74,251,241,68,185,142,179,190,15,224,47,0,99,94,138,161,243,174,7,142,52,212,205,9,163,239,250,233,47,203,252,35,253,192,204,237,132,87,183,141,116,11,172,230,50,66,246,167,28,249,7,63,93,219,231,116,43,113,204,101,254,0,237,8,92,198,152,245,156,166,106,33,108,49,80,192,103,216,40,102,198,7,206,32,254,5,57,54,212,151,153,168,80,171,136,140,105,127,119,169,251,240,80,234,36,202,105,243,115,112,252,168,217,111,87,88,45,174,14,152,173,43,207,14,3,195,14,157,77,209,243,201,163,90,4,14,148,2,238,80,235,212,243,239,193,65,78,41,87,12,76,16,114,93,213,221,123,223,178,129,197,174,53,224,168,149,23,179,86,175,21,83,15,201,166,1,219,4,169,225,100,123,94,214,125,52,149,161,241,248,134,208,206,137,15,209,181,20,60,133,241,175,196,119,126,249,253,54,216,100,24,83,174,27,53,41,228,227,127
64,0,110,162,246,194,186,37,71,6,134,42,114,204,34,221,107,91,164,98,203,235,150,48,112,93,241,136,228,84,53,54,127,100,178,122,100,4,199,51,102,184,89,221,199,229,207,250,239,110,240,110,29,123,167,16,229,4,127,15,218,197,129,220,233,24,234,124,118,239,194,139,149,160,187,96,125,50,135,37,168,91,212,194,252,20,180,42,206,187,161,15,52,10,15,114,205,0,150,45,171,60,54,187,251,73,100,219,186,103,15,171,40,210,93,64,76,13,56,73,23,21,100,8,219,127,95,92,183,15,238,205,148,60,192,213,155,98,56,69,78,46,159,191,241,80,159,198,57,89,125,214,18,6,203,132,118,158,26,167,121,17,89,3,32,166,241,93,28,173,152,194,150,122,108,30,34,29,81,56,105,189,14,163,158,138,151,76,218,116,200,149,51,208,5,130,84,72,159,211,68,13,138,118,95,111,161,53,135,43,124,46,179,31,170,86,69,233,114,142,153,36,185,174,6,74,181,170,112,72,192,13,6,63,87,226,25,147,180,212,133,23,99,99,199,199,110,47,133,118,8,81,189,209,234,72,37,28,152,245,18,114,235,155,136,48,174,163,242,126,69,95,129,18,78,242,214,134,174,93,177,39,152,225,43,226,14,225,57,3,68,22,69,142,15,165,205,134,215,13,204,125,59,96,237,252,64,175,36,176,158,140,65,140,50,95,236,18,172,25,29,153,10,138,90,219,1,213,37,98,128,243,176,234,110,92,194,101,68,149,123,135,194,167,226,147,105,129,147,2,46,170,53,26,155,89,165,49,67,60,64,126,72,72,234,188,93,189,3,142,81,119,220,105,101,130,162,54,197,210,21,154,79,232,83,249,36,150,240,24,24,232,161,7,102,83,105,232,155,13,158,210,108,154,64,53,47,186,12,87,171,227,209,103,180,135,162,62,252,105,41,224,177,132,186,185,66,221,200,201,56,5,31,214,244,193,136,35,39,137,127,72,26,119,254,86,203,233,135,27,221,209,32,70,9,130,240,117,9,137,76,34,133,38,122,10,55,80,195,174,87,198,75,34,197,206,185,98,196,187,6,32,179,135,62,129,80,195,192,168,193,55,249,208,164,138,203,84,163,109,122,235,20,116,105,181,37,237,178,38,155,15,127
159,190,241,100,172,102,157,121,194,198,74,111,142,41,140,217,14,47,186,234,155,123,99,35,152,129,194,99,143,88,39,122,100,84,184,174,109,175,224,192,6,44,163,5,119,30,6,194,61,102,150,142,208,202,44,143,119,131,148,190,30,56,233,16,42,92,249,84,111,210,197,177,102,251,120,102,76,12,214,90,205,245,109,18,154,88,235,148,182,103,61,52,247,186,148,86,170,43,87,87,42,232,253,103,110,154,151,246,105,24,96,126,127,43,149,42,159,188,100,198,117,19,169,179,241,222,136,110,70,36,177,131,141,205,182,149,199,43,72,158,249,211,241,43,110,31,90,77,18,246,37,213,212,162,31,122,159,17,13,128,38,132,187,120,89,186,250,20,41,10,179,169,143,213,227,58,233,10,247,237,230,252,225,176,114,130,4,185,90,197,232,116,39,12,6,192,186,127,180,249,55,65,196,137,135,205,119,203,0,239,151,85,84,85,244,195,126,91,78,174,93,246,66,212,230,248,7,103,249,220,153,0,223,226,46,177,100,229,21,202,139,26,208,101,165,216,148,118,145,23,4,97,11,19,143,240,51,205,2,74,212,27,8,211,244,232,122,164,116,197,0,108,133,200,153,10,251,21,225,177,71,156,41,108,179,40,61,93,215,15,120,77,201,233,204,177,190,237,145,230,163,129,132,107,142,60,50,238,105,163,177,35,21,68,10,225,107,153,126,240,79,159,50,53,42,157,200,142,193,232,143,160,20,29,8,214,134,12,105,131,170,234,252,145,1,178,252,73,94,10,140,45,128,77,24,171,173,101,11,237,6,249,217,225,14,248,254,249,153,146,121,233,101,115,209,220,215,176,235,228,199,22,223,76,32,115,17,81,46,87,121,68,60,163,85,7,140,209,75,4,180,86,153,130,2,247,204,77,153,164,14,204,112,120,103,204,58,161,97,221,72,232,54,214,90,170,141,121,222,83,23,42,19,205,72,168,26,203,114,149,244,39,40,244,218,238,195,105,7,10,28,90,87,109,143,64,20,226,58,225,250,75,235,201,168,108,140,115,249,90,142,239,187,166,16,187,225,62,90,138,231,49,143,99,145,133,203,165,188,37,9,42,171,84,211,206,239,209,64,53,91,191,120,127,82,40,45,38,87,151,74,139,127
194,12,99,140,189,29,69,39,47,155,31,27,22,217,0,93,128,11,30,84,26,171,134,34,88,74,66,5,50,70,244,147,2,31,24,24,28,198,250,173,186,178,223,142,59,206,116,230,133,104,253,115,40,90,214,61,109,81,37,252,11,244,166,19,8,246,6,103,186,185,13,157,24,77,58,182,107,46,157,61,199,142,172,177,231,99,195,18,252,27,250,22,133,174,145,9,25,50,250,88,182,221,92,174,28,72,100,194,245,138,136,247,116,191,52,0,80,154,192,206,59,25,49,64,200,4,101,100,14,85,94,234,126,187,179,196,144,2,115,252,185,42,247,207,126,154,246,196,173,236,208,143,51,140,118,234,74,22,155,121,7,80,92,217,107,70,47,239,151,185,103,40,195,117,78,138,6,133,168,121,206,159,172,122,237,30,36,246,96,73,91,247,87,204,187,176,145,248,254,99,151,212,251,159,68,244,1,164,99,197,1,39,231,81,93,42,142,62,90,130,32,53,227,20,189,222,243,176,5,187,203,218,45,18,82,97,177,211,218,238,66,202,217,129,72,96,104,38,244,254,202,53,214,57,57,81,235,127,151,169,168,177,248,56,208,130,24,239,12,38,64,9,155,216,70,159,17,248,147,219,61,165,174,202,160,205,212,152,92,117,80,31,81,71,126,53,248,239,63,133,38,152,246,75,178,117,132,112,166,197,227,57,238,186,163,52,68,243,16,59,47,176,138,24,180,184,53,153,194,65,73,94,107,244,136,90,126,44,47,200,72,22,109,94,149,70,190,149,72,133,245,15,73,31,128,204,89,232,119,224,130,127,46,157,82,129,104,80,50,213,22,102,116,252,2,41,79,26,177,171,188,237,115,213,170,7,46,207,124,15,137,77,181,106,117,125,105,186,229,74,65,117,168,157,238,115,229,212,158,164,184,4,213,108,249,125,99,1,39,118,208,113,164,11,197,76,118,153,22,137,20,166,247,202,27,170,7,216,90,200,136,172,121,136,222,56,137,253,53,1,231,193,210,21,92,183,171,176,223,87,25,121,239,243,11,8,244,150,74,179,124,115,224,249,220,250,229,114,124,196,49,239,152,14,181,178,149,49,172,70,118,112,99,223,222,5,97,59,75,154,201,138,82,158,5,221,210,42,99,222,218,47,127
20,187,77,178,91,206,103,100,182,136,167,212,22,49,3,97,127,249,102,123,164,198,98,97,118,80,100,178,27,242,247,84,230,126,99,188,228,212,102,48,252,82,127,21,104,157,177,140,210,30,91,10,188,89,66,123,237,244,201,2,52,252,69,179,123,139,190,249,115,165,166,127,65,240,119,95,39,31,101,116,83,31,139,165,62,201,147,232,33,223,7,194,48,67,73,205,145,6,195,52,29,169,208,152,70,186,151,66,217,1,104,223,44,110,244,96,28,177,64,249,156,118,18,204,147,127,143,208,78,202,189,27,3,149,242,106,158,160,128,246,149,236,85,15,132,158,23,104,37,122,208,91,115,176,84,43,208,129,213,207,57,57,156,210,218,113,174,94,168,118,250,74,225,111,194,97,14,70,208,43,150,246,220,36,225,66,135,112,182,68,115,202,235,198,108,13,73,156,101,5,59,98,84,214,80,82,34,110,191,65,120,10,163,231,245,165,158,162,66,183,155,177,244,183,195,220,195,196,14,171,50,98,75,151,81,254,217,145,107,163,61,112,44,193,232,102,55,99,128,214,202,237,90,51,70,88,21,156,65,219,17,68,129,52,40,214,49,173,12,174,207,253,104,177,136,106,91,90,146,249,1,127,235,37,110,178,25,47,28,46,24,2,91,126,73,25,163,34,64,30,88,206,221,174,190,182,240,148,244,205,95,254,68,125,42,72,159,95,250,236,162,177,66,6,205,220,139,150,103,76,186,212,97,113,164,26,209,43,70,91,213,248,118,127,96,246,50,69,96,67,194,70,82,222,70,139,147,118,237,121,12,152,19,62,79,136,248,190,100,51,98,57,98,232,254,92,104,36,223,167,31,176,71,91,110,58,117,126,218,113,24,230,62,77,102,44,55,2,233,236,104,63,137,52,158,106,64,121,232,69,35,146,149,120,46,146,9,61,12,211,52,43,245,53,12,107,83,164,49,66,239,198,99,3,30,118,67,119,223,43,213,208,233,203,206,75,216,141,60,49,90,144,212,156,23,120,118,225,81,174,191,136,231,52,23,139,79,210,112,200,15,241,131,251,131,82,143,212,225,169,35,128,164,132,234,129,37,85,167,77,145,6,59,202,90,149,169,109,177,34,138,56,183,144,21,2,209,238,1,91,37,238,127
151,172,60,95,84,41,159,230,177,244,94,85,130,101,35,82,200,119,134,207,83,90,237,47,215,166,178,158,225,134,40,71,76,173,130,22,68,130,77,146,146,35,47,141,245,190,166,58,164,221,148,146,86,137,127,125,62,250,249,157,84,25,237,33,72,184,118,171,203,199,37,39,203,137,152,169,107,203,214,103,17,74,232,156,233,242,61,143,236,224,65,49,202,246,136,234,173,49,44,220,52,120,85,222,236,199,176,164,18,101,190,170,194,34,117,248,252,90,248,176,181,106,46,118,246,34,123,102,162,198,48,215,95,155,4,194,139,158,202,62,13,152,181,134,84,156,74,120,62,189,30,31,201,89,3,147,121,139,135,3,200,101,104,81,119,30,16,217,103,158,66,7,230,129,242,79,185,62,0,64,23,29,152,217,100,236,136,21,170,144,140,168,59,191,36,239,235,92,208,11,175,175,231,103,11,221,52,191,103,5,169,203,138,209,130,249,127,44,173,71,23,108,27,24,227,121,28,216,26,251,113,68,69,43,71,195,161,233,22,32,239,204,43,101,71,248,240,162,144,198,52,156,63,4,15,105,162,58,176,57,158,101,101,50,54,21,99,52,147,164,130,134,65,154,213,216,235,141,96,84,69,246,211,106,161,162,32,23,88,130,73,167,178,18,118,41,73,52,199,99,172,46,208,118,193,22,62,167,90,90,251,44,106,20,177,186,28,122,110,196,32,10,225,61,199,184,120,130,98,152,141,106,52,49,27,27,27,46,253,104,46,191,250,109,93,126,66,164,152,14,139,228,184,105,214,151,207,88,54,139,173,103,34,114,91,64,84,244,178,60,190,130,249,233,18,47,230,94,220,93,172,206,16,228,202,96,207,47,35,167,117,63,195,47,106,20,102,113,88,51,43,184,226,81,133,35,235,35,6,88,11,177,225,153,25,178,2,19,49,79,28,53,191,44,145,139,28,179,109,231,201,252,244,120,183,167,57,86,152,237,133,112,205,230,87,246,93,101,76,110,152,74,161,231,166,21,103,133,132,11,195,143,208,211,139,133,251,182,210,181,89,236,175,252,240,247,221,212,181,161,28,214,56,176,241,13,35,40,239,133,57,240,205,158,151,159,136,243,130,172,176,127,58,57,44,35,138,54,20,240,186,96,127
70,53,83,226,29,67,14,10,210,253,200,240,236,215,44,119,220,83,83,91,218,187,17,250,10,17,18,98,202,117,24,154,213,95,206,41,114,201,244,38,33,189,54,66,215,34,186,196,185,38,70,17,216,53,235,143,52,201,145,236,164,98,39,18,91,206,176,118,20,29,156,175,8,23,63,84,163,152,146,71,12,249,104,8,36,126,88,186,23,232,176,239,155,178,18,175,226,193,22,112,213,95,233,195,54,139,217,69,23,210,230,200,176,132,145,109,26,110,2,87,107,24,127,3,119,116,101,70,177,244,28,161,221,9,37,242,184,168,243,176,225,35,151,122,135,147,209,195,78,207,141,38,13,118,196,236,84,60,183,206,108,147,149,196,228,45,118,106,159,151,182,79,213,207,247,89,183,210,154,180,92,178,89,116,197,15,220,14,221,180,246,38,111,74,101,164,135,172,141,16,201,187,57,158,19,109,198,229,204,41,166,61,11,44,204,176,108,62,56,219,108,84,17,122,249,60,206,216,116,132,119,223,124,14,201,183,27,7,160,93,27,204,247,69,152,79,247,118,194,222,166,138,11,155,128,112,210,104,30,213,148,228,21,44,88,73,130,145,168,143,185,3,229,236,15,37,221,249,148,184,165,160,90,172,126,44,197,16,42,53,133,210,109,73,90,32,16,126,185,124,111,196,128,23,9,239,89,196,22,105,206,86,189,100,131,35,57,224,161,67,213,168,47,0,144,124,56,104,184,117,215,75,16,139,30,114,114,93,137,246,19,170,20,235,218,73,127,236,129,88,111,250,15,121,246,17,46,239,67,164,137,102,178,68,13,116,31,138,197,128,188,70,122,199,215,84,207,205,136,96,121,105,132,58,100,112,57,151,237,23,135,105,146,62,173,86,122,144,86,45,186,59,120,67,176,161,218,7,248,31,126,243,11,38,14,242,38,166,42,198,253,128,195,213,5,130,11,242,147,37,170,212,144,96,102,234,53,76,174,112,241,188,130,9,27,58,52,147,37,205,191,199,179,23,32,1,2,166,153,123,51,67,238,91,99,120,125,97,187,234,76,154,144,221,172,113,236,9,150,50,23,213,108,79,96,92,208,40,165,71,68,56,230,80,198,134,140,152,235,166,221,31,91,80,92,207,45,145,117,191,42,237,127
59,7,198,136,69,145,132,243,132,163,144,223,23,177,87,8,29,8,30,77,130,178,237,164,183,138,70,252,211,51,138,134,86,78,118,179,25,244,236,81,204,242,166,46,81,41,68,16,23,79,151,230,204,242,85,51,181,32,122,35,74,145,159,48,134,212,189,174,254,118,149,222,162,142,71,113,20,215,247,59,138,61,154,196,73,203,100,8,27,61,46,102,32,130,155,30,182,247,101,104,253,252,127,65,136,78,123,236,182,154,204,231,64,167,206,176,87,108,143,115,240,5,22,77,54,89,198,231,224,237,167,165,243,139,31,131,19,167,162,8,101,115,164,145,149,148,151,90,80,241,231,10,33,197,70,140,181,250,167,93,118,221,92,40,154,75,4,67,204,159,174,202,17,73,207,97,162,160,68,233,210,82,9,113,29,20,130,83,237,29,212,121,45,57,213,145,180,40,199,101,18,81,105,162,246,218,136,244,99,93,38,241,62,111,63,225,13,35,205,13,120,210,77,92,14,146,234,27,107,38,21,253,200,132,4,194,229,176,225,219,183,167,37,57,141,7,218,202,224,6,57,153,196,124,207,179,119,12,181,185,47,176,204,6,53,166,207,161,84,146,61,154,156,99,59,172,30,85,109,72,35,234,63,63,13,191,215,98,54,252,193,36,122,209,133,197,50,179,78,72,119,230,145,22,116,216,90,59,162,188,59,62,53,215,126,198,13,215,83,165,21,29,208,146,148,114,144,229,46,84,185,70,127,95,66,128,136,79,83,84,155,253,181,195,28,6,116,5,212,61,109,60,0,121,16,235,60,128,201,1,28,226,238,93,110,180,228,106,175,218,238,40,113,27,202,54,110,70,214,119,34,116,50,25,162,99,142,4,229,153,79,132,251,243,137,48,1,72,80,188,15,162,190,250,9,3,2,113,120,203,41,75,238,116,203,170,240,114,32,226,101,72,200,57,61,56,90,234,91,154,225,20,145,228,209,6,178,94,177,196,31,79,221,240,45,227,60,35,103,235,59,16,14,51,189,7,195,60,178,45,126,171,217,236,5,84,28,75,184,46,152,52,161,237,83,17,106,85,51,112,175,122,168,20,254,203,112,74,4,31,35,21,137,176,126,55,112,80,132,167,48,225,30,7,230,75,178,63,68,88,169,93,127
23,180,253,203,52,112,160,28,98,131,223,204,194,131,160,230,240,163,4,42,199,137,157,104,182,37,167,70,100,177,108,122,148,174,248,37,21,215,184,3,81,126,223,78,101,29,169,195,101,237,235,238,193,70,230,207,200,214,192,98,182,92,251,83,126,124,236,223,191,0,183,239,10,22,41,17,62,151,192,36,169,231,216,34,208,57,235,175,20,62,50,153,140,160,23,221,163,42,93,176,125,196,232,252,15,161,82,250,206,114,200,20,238,18,217,70,107,59,184,246,122,133,209,227,10,213,55,142,210,14,157,25,142,121,151,15,13,245,2,103,204,59,36,205,69,217,146,13,158,155,21,162,11,33,215,34,156,139,24,115,87,203,124,235,75,245,201,44,237,70,193,45,0,190,43,138,36,220,215,22,10,117,44,61,44,58,44,124,56,40,156,14,201,92,97,252,225,252,254,25,227,222,41,61,110,17,196,199,93,187,64,71,99,238,80,12,254,237,164,236,98,203,90,177,240,47,191,206,120,119,85,77,206,186,127,212,234,104,47,240,171,181,46,146,98,0,154,35,133,111,121,89,174,97,106,51,180,122,184,140,159,164,184,43,6,55,69,92,178,130,90,192,251,58,54,22,174,99,90,7,31,94,169,19,247,120,149,91,176,209,78,179,217,90,94,186,107,115,210,107,99,102,228,52,116,100,149,197,157,199,52,174,246,101,199,165,212,12,148,190,147,252,78,70,162,117,0,45,16,167,17,15,18,104,2,75,68,160,245,170,95,19,206,230,59,113,252,115,114,82,32,13,16,29,177,148,215,155,137,30,39,253,253,188,96,218,185,13,14,64,219,231,67,83,135,214,242,158,223,127,130,20,93,208,140,18,14,186,160,1,246,224,190,125,27,45,141,128,194,167,47,152,54,174,89,5,152,17,69,125,183,74,143,240,172,161,217,138,165,191,70,220,33,246,213,202,33,215,11,31,17,134,119,148,166,232,68,62,101,42,176,173,216,133,191,15,52,93,159,138,81,119,53,78,119,250,124,218,11,224,77,224,249,225,214,29,4,248,130,44,158,137,122,184,114,37,178,192,21,100,180,56,34,195,159,76,251,214,124,4,112,74,187,231,52,151,87,75,166,110,88,230,250,116,68,134,51,59,199,48,182,42,127
18,230,241,196,122,102,131,28,236,214,142,134,142,24,181,7,148,1,91,38,159,245,209,206,51,3,112,132,177,23,190,212,102,179,131,100,174,236,81,85,70,60,239,102,46,213,76,37,170,139,210,99,40,250,239,217,41,221,205,64,243,126,92,92,137,7,57,64,82,131,242,246,23,7,149,43,124,133,11,0,210,146,232,219,31,3,191,181,241,25,81,198,2,10,128,245,115,189,96,182,91,15,120,38,202,122,146,34,47,5,180,60,65,175,136,194,98,76,1,92,161,85,30,21,6,36,218,169,219,169,168,24,216,124,170,206,235,77,94,78,76,153,160,196,44,133,48,67,67,160,119,159,125,177,1,5,222,157,51,147,250,202,84,195,15,19,131,105,241,202,225,208,85,59,43,192,176,75,70,227,61,201,45,162,147,195,210,41,171,133,59,183,219,185,170,110,128,210,84,51,218,92,170,70,234,54,5,17,99,173,29,169,37,17,142,141,190,226,186,185,30,50,123,6,141,29,128,118,91,42,84,146,202,81,55,239,46,47,71,66,171,154,112,83,236,127,23,140,250,243,188,128,40,222,25,108,98,56,81,34,28,59,45,55,109,153,151,230,165,155,15,207,252,50,194,193,21,250,130,242,229,35,235,57,5,179,96,73,69,211,101,209,69,31,23,192,253,251,78,2,198,30,147,167,128,120,112,59,129,215,18,124,22,214,78,248,202,35,51,14,114,204,162,212,187,98,79,78,183,144,111,114,33,66,33,141,146,178,99,254,133,40,192,224,103,170,114,24,236,157,200,90,28,28,27,187,145,56,184,151,181,145,205,151,66,95,23,48,204,30,115,59,161,47,72,150,61,32,238,249,15,246,210,134,36,113,24,183,39,183,72,1,151,93,229,50,7,173,186,74,233,109,115,196,116,108,240,2,8,24,93,127,116,35,126,174,157,169,125,42,30,182,233,94,55,117,96,173,92,209,233,86,215,225,227,217,1,63,23,46,25,48,138,210,126,129,170,245,65,190,82,218,125,252,49,120,234,243,182,227,212,254,198,15,102,77,68,16,132,200,168,157,117,91,228,229,24,38,253,42,84,252,126,46,81,208,76,0,76,70,243,32,127,221,171,35,26,187,22,247,40,80,108,192,196,60,80,231,34,201,204,115,127
105,242,218,70,22,104,170,116,190,14,37,202,73,17,207,138,122,158,239,157,124,91,89,62,176,49,85,192,199,198,42,155,160,158,205,166,207,152,152,40,135,132,62,178,223,76,28,21,199,103,216,175,19,231,24,135,166,106,147,104,28,133,103,130,223,3,64,211,189,192,108,132,180,69,48,165,179,228,147,150,23,68,247,61,35,22,152,30,215,9,47,75,18,102,130,182,147,109,84,182,250,41,175,170,113,133,105,55,101,226,98,68,153,239,48,36,95,246,146,48,172,35,180,93,141,134,62,223,89,97,192,78,124,225,91,44,196,154,113,191,231,58,107,186,118,127,155,193,23,109,111,120,215,22,133,139,30,9,114,201,89,241,174,20,142,20,199,72,136,5,187,77,39,36,198,223,146,14,233,104,32,198,19,244,10,225,180,209,222,96,25,96,59,190,68,68,166,217,123,70,190,200,35,204,163,93,102,243,135,172,83,183,54,8,56,205,210,56,238,177,199,110,163,81,58,196,87,33,144,208,166,145,245,82,158,40,244,230,97,202,106,102,208,30,40,152,147,23,115,9,184,28,76,64,49,237,152,31,187,97,66,122,188,91,90,145,22,231,220,251,229,84,232,209,192,12,41,185,220,31,153,89,127,152,181,164,97,199,173,121,206,28,0,26,223,22,231,167,26,46,143,224,3,140,32,201,227,223,151,59,54,60,206,19,87,106,54,18,10,13,222,144,110,164,172,4,137,218,110,203,169,80,51,152,0,141,78,153,8,94,144,236,143,189,105,180,134,99,138,130,196,144,110,199,78,220,240,72,245,251,129,159,246,146,17,107,126,83,113,212,201,177,84,185,7,42,22,110,233,82,102,85,246,159,232,119,193,79,19,197,222,244,41,52,49,138,209,168,136,240,9,221,118,90,245,79,129,201,75,111,155,112,166,111,180,182,214,11,3,46,130,63,1,16,61,73,157,25,242,50,235,35,84,242,51,120,69,119,53,33,59,94,27,172,111,65,203,9,120,66,140,227,45,36,189,152,124,87,236,163,223,160,150,41,173,66,41,85,227,10,107,80,127,208,100,66,166,59,24,53,21,216,229,221,190,246,153,130,4,98,183,223,39,5,74,176,201,79,205,157,215,233,12,209,151,77,227,86,187,53,92,158,127
90,1,8,126,39,11,208,242,171,201,98,40,109,31,71,29,138,209,136,254,141,39,4,32,192,41,80,140,48,32,97,142,96,170,185,254,40,74,170,179,143,4,139,227,116,134,104,143,95,130,97,170,11,103,103,32,27,98,254,86,128,97,249,152,136,150,130,164,74,186,85,34,79,165,63,156,253,67,156,6,246,7,206,44,156,14,94,236,23,95,85,177,244,22,201,44,120,3,116,198,89,182,142,51,205,188,152,131,40,15,244,13,106,7,171,176,63,95,131,245,218,164,183,210,30,235,149,19,240,224,138,219,27,62,106,249,115,126,62,229,70,47,135,119,142,248,185,105,235,108,43,216,73,169,208,123,99,46,18,186,177,173,124,160,144,252,197,6,254,249,105,134,68,98,243,203,124,83,23,60,238,0,234,21,41,197,50,105,160,170,189,228,201,222,93,246,22,144,148,186,192,134,23,34,86,8,27,73,66,183,45,13,140,169,178,85,229,181,198,68,45,178,223,77,94,203,217,170,204,243,105,150,244,184,74,221,239,91,112,51,220,35,86,198,223,32,196,34,47,14,105,118,234,49,46,71,98,184,64,25,37,137,198,85,164,10,101,128,80,86,54,160,5,78,240,186,115,59,250,29,177,215,222,109,179,20,188,122,43,6,20,122,216,73,179,190,59,243,232,235,6,219,132,156,206,149,42,89,67,236,51,117,32,230,73,38,37,83,146,154,208,198,11,87,105,68,19,52,120,45,146,185,10,208,254,180,80,27,109,142,166,150,104,64,171,112,84,173,108,153,207,46,179,146,76,159,100,45,56,162,179,249,100,152,130,193,22,251,232,65,254,26,233,59,36,208,164,41,170,118,250,25,48,108,228,14,73,72,174,140,56,52,43,175,196,212,29,145,124,165,116,66,21,254,25,173,78,12,242,103,88,45,19,21,66,231,216,149,2,59,209,218,107,103,70,43,25,244,7,166,33,166,119,72,170,92,97,10,216,130,125,254,64,89,48,136,169,158,150,220,65,21,172,82,153,77,101,149,247,212,48,25,214,20,37,39,215,67,162,105,103,116,21,93,68,213,191,90,101,139,29,55,8,27,69,116,89,242,173,204,46,18,246,242,82,128,172,229,6,100,58,235,191,137,9,115,145,238,1,60,115,22,127
74,199,104,36,162,159,37,234,153,12,67,173,213,7,151,236,101,208,190,241,23,236,12,16,133,8,18,133,219,109,77,20,254,110,49,9,211,70,56,164,193,58,237,156,76,83,118,152,3,209,102,154,189,0,94,70,129,134,88,17,82,142,4,188,38,176,57,220,145,106,190,98,202,18,167,127,54,212,39,225,26,72,146,146,182,40,55,45,64,154,239,31,92,226,50,138,75,189,66,219,182,135,215,139,21,241,114,252,226,25,20,60,91,41,233,144,103,40,166,4,254,200,55,233,159,228,138,201,230,0,192,187,176,43,95,205,23,181,12,66,213,218,199,28,179,154,169,47,221,212,3,127,66,199,249,1,6,170,81,178,177,246,1,192,136,218,127,247,2,29,138,95,172,84,184,78,72,101,218,235,248,209,125,249,203,134,229,130,68,97,3,71,193,211,54,144,140,185,194,136,32,152,79,109,243,54,213,86,123,58,78,226,102,216,91,70,78,42,241,116,3,163,85,48,30,65,159,109,79,179,41,174,86,109,32,160,19,215,25,175,1,38,211,251,26,158,150,117,218,222,201,156,91,212,217,62,231,179,228,114,119,130,8,136,60,92,19,115,248,10,73,102,4,85,187,195,226,30,53,248,82,94,223,38,21,189,110,124,253,54,136,82,84,229,70,157,109,124,0,5,58,65,152,2,208,32,165,62,187,52,121,38,33,48,2,105,70,248,35,247,197,15,23,182,249,244,222,161,250,139,12,231,102,100,75,15,25,137,17,192,179,98,11,189,228,210,145,251,58,217,28,51,188,194,49,49,219,112,143,186,117,153,124,127,94,243,246,209,203,189,145,174,200,117,170,119,246,6,212,14,66,104,98,77,8,180,81,109,235,138,76,32,21,20,143,148,211,122,95,105,16,75,111,106,10,53,3,104,89,84,49,126,23,252,45,172,95,45,81,227,190,226,178,182,254,138,226,112,183,112,175,193,26,40,119,146,22,47,15,212,211,92,132,244,110,93,85,217,226,22,241,116,254,208,211,2,171,24,39,3,101,207,1,121,208,241,227,173,237,95,171,246,49,102,45,243,190,156,123,96,56,178,142,2,18,139,190,225,5,83,65,8,152,191,129,220,169,243,244,225,63,45,122,223,136,201,224,62,175,58,91,252,127
229,79,39,60,134,210,236,213,5,34,193,76,34,7,193,11,175,238,209,198,37,192,64,132,116,252,12,13,167,16,94,18,11,154,239,105,1,25,190,125,117,243,24,218,81,115,101,99,80,91,235,99,78,139,225,132,128,112,127,63,246,127,78,23,92,214,113,193,31,174,3,51,99,21,133,180,103,242,141,229,14,71,147,22,183,45,101,130,161,172,215,155,164,134,121,112,96,249,69,0,6,81,54,197,162,57,119,204,109,84,85,37,149,154,15,209,19,44,19,214,90,70,182,127,170,236,67,220,35,57,108,220,104,251,137,226,129,73,28,209,3,84,16,183,74,137,163,118,67,18,236,196,151,237,72,236,113,218,173,251,156,210,80,109,63,78,43,50,81,162,98,122,89,95,65,11,49,120,140,75,82,64,165,56,250,77,45,223,149,172,121,81,179,122,38,22,82,58,132,151,67,68,159,157,250,77,243,101,182,187,134,234,127,152,77,16,138,77,219,164,147,89,248,95,207,29,88,61,207,46,138,11,91,60,229,42,205,58,104,33,171,56,74,101,141,245,243,148,78,127,11,15,159,42,197,8,189,96,184,223,144,190,44,66,48,126,97,109,132,76,115,163,133,133,172,70,143,93,33,13,51,60,222,194,201,252,251,196,150,155,152,105,100,183,89,120,180,139,61,217,157,234,109,116,218,144,93,195,39,89,47,39,64,247,48,115,12,1,105,231,203,185,106,66,247,19,149,253,55,116,114,201,158,81,163,98,221,123,10,3,174,26,41,117,44,194,57,143,7,127,117,183,20,228,211,83,201,1,141,188,171,165,194,100,127,81,124,211,81,139,49,246,214,179,8,103,154,80,124,238,126,103,204,137,174,156,7,138,0,59,92,236,7,62,149,121,18,253,245,213,2,96,102,77,213,85,215,156,165,199,251,238,54,222,29,88,230,221,209,136,95,184,134,58,191,88,53,182,154,19,168,19,35,158,67,83,30,42,72,121,254,142,94,111,123,59,51,155,196,197,2,152,92,3,216,235,25,138,179,83,195,181,191,107,192,206,172,73,174,240,68,10,123,110,222,22,39,93,190,241,17,145,232,53,253,155,62,234,48,47,244,193,236,183,146,209,81,126,58,108,202,81,6,8,17,114,175,70,203,146,170,196,127
243,30,145,249,226,174,49,116,53,236,55,4,74,44,236,44,230,21,75,108,134,192,70,4,44,230,176,212,236,1,7,158,233,213,20,38,177,61,166,140,107,159,237,118,129,229,234,90,66,188,219,205,233,217,7,161,126,249,143,13,6,123,123,196,54,142,190,84,9,117,209,72,114,193,194,82,33,178,230,147,128,96,170,150,168,97,212,62,142,167,209,134,74,96,74,172,136,160,94,110,193,125,99,11,173,43,15,239,142,45,185,15,42,58,129,56,178,162,87,18,248,248,247,238,51,47,147,238,183,206,50,105,247,50,222,217,18,155,135,165,142,229,36,40,78,129,119,18,53,104,104,188,192,184,100,167,246,200,201,37,27,219,92,11,238,186,154,154,159,68,123,177,113,139,205,71,98,58,122,196,34,171,148,105,228,127,23,42,106,138,242,78,191,102,96,200,247,138,166,233,59,242,122,195,161,116,178,145,81,181,246,243,22,140,44,210,164,160,227,74,40,145,190,124,234,60,101,188,64,110,198,150,154,155,173,175,148,189,72,17,138,18,206,47,167,136,73,71,68,130,179,134,63,190,159,8,58,53,122,69,205,192,16,69,153,127,33,201,125,155,212,29,25,64,196,216,48,187,93,139,121,59,79,247,233,132,17,153,190,57,226,90,31,24,137,231,54,207,228,230,1,171,131,188,185,207,127,180,23,31,190,187,99,222,38,156,244,157,192,151,181,191,70,17,144,233,38,80,194,93,124,17,241,27,116,127,126,252,47,161,65,193,16,124,61,112,104,144,115,121,134,67,97,141,191,251,224,221,102,243,72,121,203,8,191,65,170,227,46,120,120,164,121,44,124,216,0,44,173,62,219,248,46,154,47,188,34,134,241,179,60,116,38,75,140,31,174,32,39,7,86,84,234,180,230,222,39,181,17,142,196,49,82,197,83,24,1,232,128,87,12,157,9,250,53,179,78,230,223,95,141,115,1,158,164,92,230,72,174,199,138,112,197,200,100,178,202,91,185,219,89,52,158,63,210,236,47,239,98,130,65,188,34,115,171,61,77,65,101,212,222,105,105,205,167,221,224,167,218,238,177,90,235,217,52,214,222,10,232,30,232,210,20,135,139,21,245,24,52,98,254,92,60,239,74,1,185,244,184,85,153,115,127
148,58,139,37,132,231,131,116,150,185,180,25,195,221,175,52,153,203,22,132,1,0,118,114,1,238,176,83,13,252,169,235,195,238,26,198,23,89,172,5,254,117,161,23,28,117,79,222,80,16,123,13,145,161,59,186,94,78,138,22,80,196,140,123,203,202,234,147,237,63,226,232,102,235,108,186,68,177,117,152,82,197,231,253,203,128,196,56,232,144,19,206,147,29,162,204,19,72,163,231,178,163,197,21,206,18,165,136,237,13,218,17,108,211,236,215,232,81,172,250,34,127,117,182,238,34,83,156,30,10,13,127,174,164,183,103,75,15,228,187,181,221,108,188,179,54,62,174,132,207,141,218,188,148,176,111,214,63,95,95,169,117,128,95,31,134,75,117,16,220,143,28,193,148,136,205,221,80,243,4,111,167,149,89,205,165,92,52,139,242,51,24,39,160,76,11,59,84,32,172,196,66,168,111,29,215,230,244,166,237,57,57,56,10,241,171,116,178,160,48,40,247,70,111,38,80,87,215,67,107,21,152,108,164,237,30,192,168,7,0,169,122,218,132,134,96,142,61,215,194,238,23,34,50,55,66,157,73,64,41,8,170,201,175,120,177,245,201,23,135,137,107,7,26,203,45,125,66,229,18,137,187,177,15,37,219,200,233,253,245,92,213,220,162,218,172,117,199,7,248,250,243,20,107,81,52,189,117,53,200,245,154,244,92,228,51,132,160,249,50,94,131,142,184,167,254,133,25,81,138,170,226,164,173,170,253,199,196,144,188,88,117,14,221,231,174,195,120,1,112,204,34,173,124,26,66,41,38,216,49,149,93,135,49,200,181,212,189,163,35,239,210,241,101,37,236,204,41,211,120,86,170,156,9,110,222,41,77,194,85,123,201,228,230,46,151,121,202,97,59,229,184,123,68,25,185,253,185,111,133,104,209,117,205,19,110,114,199,156,193,227,135,249,203,252,186,48,171,113,138,205,118,184,229,132,107,31,172,56,9,53,43,238,157,52,199,71,177,86,10,202,208,175,12,109,71,205,115,242,24,149,73,8,12,129,226,156,85,139,88,178,118,135,154,88,48,236,22,194,142,19,45,166,188,11,107,75,122,209,124,52,114,222,69,112,64,157,229,185,213,238,160,46,151,219,64,53,95,27,115,188,128,127
54,31,66,126,174,186,145,181,183,176,136,167,26,80,163,164,231,130,228,238,79,37,160,28,228,103,94,12,5,122,230,146,247,215,204,153,194,189,199,110,254,241,52,253,128,131,202,129,79,212,229,67,45,184,61,93,224,209,101,200,45,174,240,133,127,64,55,169,73,116,151,2,166,52,93,103,235,48,205,230,140,66,174,163,218,211,96,59,0,169,128,82,152,108,107,222,11,0,108,219,159,92,81,119,232,243,65,4,240,13,6,174,53,175,208,122,206,215,191,248,198,155,83,129,141,242,106,105,127,180,44,101,136,62,74,0,60,73,251,70,238,14,216,196,66,158,99,53,156,75,240,184,186,210,199,65,178,140,232,215,155,179,53,230,84,82,249,239,30,129,188,163,204,109,237,109,156,190,55,22,22,155,180,229,43,8,124,137,143,180,239,76,94,143,192,109,206,57,76,145,247,172,210,239,94,227,20,50,93,25,74,129,126,42,219,100,50,25,96,93,129,215,224,239,39,158,222,50,84,90,221,25,129,220,231,114,144,174,150,129,157,150,105,131,200,58,168,252,189,202,228,186,176,48,64,190,46,206,21,166,86,100,81,46,11,151,135,134,139,124,25,222,139,83,83,126,19,72,79,29,43,15,75,79,228,67,176,40,135,170,56,215,160,154,41,205,116,127,145,136,79,211,73,28,134,172,4,1,4,130,199,218,196,37,245,28,29,95,35,204,88,244,181,201,140,94,219,156,105,136,116,251,27,113,64,1,237,131,226,47,244,168,174,179,26,72,66,57,102,97,115,127,21,63,140,91,6,0,192,129,2,137,63,178,79,61,249,100,14,103,156,211,253,194,213,116,227,249,127,24,163,59,140,131,80,141,190,138,175,46,245,147,248,109,139,224,207,227,189,228,46,119,205,124,157,120,166,68,140,167,254,44,184,150,88,144,34,86,89,35,213,196,71,199,119,110,78,184,220,173,200,162,138,246,131,249,200,132,79,96,128,11,148,41,73,100,5,99,0,135,121,225,72,140,18,241,39,117,124,177,109,177,67,62,174,147,141,95,136,130,177,15,239,232,226,196,146,190,142,37,55,182,254,42,253,129,222,44,175,228,42,0,214,135,186,223,19,241,141,72,162,178,161,251,86,247,110,206,224,8,41,135,127
230,226,33,140,143,68,186,245,93,229,215,217,182,180,46,209,72,253,199,233,194,7,11,77,151,163,15,203,61,225,244,236,18,77,82,128,48,199,197,103,220,75,77,107,14,201,218,247,250,19,215,210,23,9,11,52,247,185,116,253,238,109,176,233,189,50,30,240,244,108,220,112,80,1,185,202,149,89,29,84,2,94,185,11,226,165,94,104,239,254,233,133,76,240,48,160,183,95,104,26,50,1,189,204,250,23,225,249,91,103,22,145,42,174,176,129,231,168,55,215,146,170,209,139,16,152,109,90,7,198,197,125,61,48,76,158,13,39,159,113,87,85,202,241,127,211,245,112,192,69,44,84,64,120,168,247,44,38,155,62,236,48,231,136,27,200,191,35,51,131,68,159,206,58,55,117,209,50,93,49,188,66,216,231,124,68,172,171,198,64,69,136,98,250,197,47,209,118,109,0,182,90,146,64,37,235,84,220,45,164,193,206,77,26,167,128,16,124,82,207,158,210,19,83,47,221,127,251,64,132,168,189,162,177,123,75,14,49,188,19,153,142,56,89,19,47,100,214,219,13,152,112,45,152,178,32,58,62,199,99,78,247,18,217,68,43,248,124,163,15,12,43,161,39,173,188,244,115,80,97,234,218,70,117,46,46,165,116,179,190,172,183,156,32,252,219,54,179,10,44,204,123,36,166,59,117,153,143,110,184,178,200,168,90,142,79,54,85,60,165,139,141,112,178,64,33,122,217,158,244,88,231,234,197,36,182,214,122,75,236,207,104,148,142,192,61,74,40,41,11,171,170,93,118,41,29,244,233,167,232,192,85,82,88,212,240,127,244,246,233,252,33,61,21,102,157,164,238,2,135,72,48,83,238,39,196,37,88,5,121,85,23,53,180,175,107,252,248,96,204,147,65,7,117,220,89,88,27,33,186,111,127,188,209,56,220,102,164,134,103,112,137,211,60,42,64,82,230,73,8,233,41,153,38,109,114,138,156,73,177,33,13,230,123,193,68,201,74,61,5,229,241,160,83,73,174,94,166,170,221,163,139,55,89,229,244,196,38,215,137,102,227,103,54,254,159,81,243,149,162,4,22,214,233,83,176,228,142,29,80,244,171,92,39,141,92,228,96,163,202,235,39,100,46,188,158,59,97,230,238,208,143,127
250,54,169,34,181,60,19,173,192,5,236,156,237,96,52,112,60,18,178,99,84,189,148,115,20,249,226,192,157,48,62,8,238,87,176,1,184,197,228,232,241,32,237,3,142,80,74,60,15,165,24,45,226,100,73,20,218,46,112,223,72,157,115,29,184,78,154,97,156,151,231,213,165,213,4,226,194,159,85,35,224,84,154,33,23,199,36,44,177,230,145,71,22,83,46,133,132,205,78,83,110,21,57,24,145,67,71,235,251,3,243,197,33,78,80,161,13,131,249,13,238,114,193,75,155,246,16,233,132,49,105,218,46,217,232,211,113,78,161,36,102,127,138,48,219,223,21,206,157,105,212,65,129,116,74,233,128,237,166,177,80,80,107,36,133,95,132,40,201,58,87,206,128,211,7,191,50,150,45,7,247,92,229,62,223,62,228,158,106,182,124,173,128,136,198,229,134,47,243,133,147,167,101,202,254,99,157,23,217,147,118,234,101,56,128,183,121,64,56,23,190,43,148,139,34,218,24,168,190,55,72,16,233,119,141,93,221,159,105,15,10,172,239,201,22,14,35,48,214,139,148,17,222,195,139,90,134,199,199,1,250,20,2,222,101,15,206,166,75,157,178,67,0,35,247,212,158,5,134,105,98,60,99,167,198,76,7,133,34,241,242,86,225,248,189,120,151,50,210,89,55,141,24,48,95,199,72,191,199,121,239,153,162,165,120,36,28,177,22,82,64,100,203,110,125,179,20,8,149,144,66,130,200,203,193,246,25,18,253,186,194,10,67,136,61,137,132,76,187,88,206,105,84,86,232,57,231,198,146,155,197,167,231,188,111,193,127,220,208,116,40,10,84,195,1,231,7,209,100,142,232,251,147,222,178,98,43,52,243,242,0,175,160,175,97,131,181,1,129,145,234,4,21,237,105,72,16,97,79,17,144,167,218,146,247,185,71,35,114,58,41,16,208,78,27,115,247,201,17,3,224,150,82,67,48,36,165,133,21,142,81,86,101,128,95,227,238,60,123,29,174,93,214,161,21,83,76,194,71,146,49,67,100,142,197,104,160,139,47,169,71,30,238,136,253,135,61,253,177,174,115,194,226,0,51,15,4,120,87,163,73,93,108,119,31,231,17,230,231,190,102,159,184,7,198,217,28,151,100,69,28,179,127
242,113,25,87,121,82,246,85,249,154,193,53,76,132,84,51,26,3,177,107,65,185,73,111,46,135,138,82,143,137,62,40,7,104,32,173,35,172,1,7,174,152,236,30,3,74,116,217,243,129,159,230,199,165,218,117,188,237,230,143,93,128,98,133,165,134,144,237,196,89,165,181,166,88,61,91,115,110,81,82,227,186,146,73,99,46,90,208,150,87,120,39,208,206,117,88,3,12,250,8,178,81,145,162,1,11,157,237,13,118,129,162,98,205,106,210,244,182,177,247,67,247,163,144,1,1,91,32,48,178,78,114,224,51,62,112,4,161,102,12,0,242,179,116,88,6,216,92,25,77,154,181,4,85,145,134,140,246,134,183,160,252,246,163,95,95,177,75,250,11,184,66,227,112,121,112,195,156,159,165,136,98,224,203,250,193,44,210,206,14,160,186,204,98,183,155,3,126,43,140,176,91,253,34,254,60,177,252,25,62,105,129,36,76,27,42,226,42,199,71,51,198,153,27,29,38,18,33,231,235,162,99,74,182,202,22,76,193,13,184,252,57,11,115,248,85,171,79,19,20,118,233,78,86,15,244,203,23,115,99,42,41,40,230,186,72,63,27,145,242,9,144,235,207,162,238,187,124,242,74,111,212,8,236,127,14,242,105,50,136,199,239,48,67,18,36,28,124,238,37,49,207,195,169,252,15,140,180,62,104,195,136,82,196,232,179,12,210,146,99,42,245,47,172,201,41,9,217,231,30,132,192,148,137,142,64,18,51,229,1,50,19,75,104,250,107,220,26,186,197,8,99,3,63,147,152,240,180,233,13,62,94,22,20,217,71,45,77,252,13,145,60,116,227,172,117,53,13,136,74,127,169,172,75,223,12,183,165,231,144,50,8,22,12,44,70,193,170,238,119,48,5,221,234,196,252,58,1,152,57,9,98,138,136,220,200,95,142,27,149,45,114,4,76,131,243,195,35,105,40,73,97,237,108,141,64,215,87,142,1,188,68,81,123,176,222,138,163,173,208,246,74,26,50,238,211,185,48,212,177,94,68,241,165,195,7,83,55,62,253,18,137,104,181,112,63,39,112,39,4,241,59,236,16,162,187,139,50,110,170,216,136,58,51,224,82,233,125,45,5,26,134,245,96,109,174,250,42,198,71,75,91,127
88,245,174,191,96,37,104,41,207,213,70,168,215,108,106,11,133,203,3,93,127,112,127,24,147,58,248,242,184,215,147,235,33,0,79,21,43,224,118,0,194,22,100,177,81,11,205,102,66,148,115,252,53,13,165,98,83,132,178,57,190,140,154,231,243,86,202,123,30,187,91,243,142,176,32,125,179,193,16,126,237,244,194,190,86,133,61,221,215,52,238,251,86,6,127,182,231,5,35,139,100,180,30,26,228,36,88,118,131,237,95,128,253,124,105,247,103,104,110,127,123,179,180,195,189,39,102,142,64,45,186,117,15,122,229,135,52,186,107,126,253,207,83,4,34,231,250,107,55,233,17,247,65,167,182,127,112,161,88,183,225,34,212,232,58,160,230,46,146,10,195,161,176,21,153,205,188,64,126,64,222,154,234,26,18,185,145,114,4,235,217,77,107,157,162,11,155,38,72,127,221,165,66,56,10,247,30,51,64,137,252,197,114,56,253,100,154,185,228,94,148,117,113,238,240,101,71,250,103,27,97,249,248,104,56,173,75,15,242,97,173,130,24,164,159,226,132,66,217,80,57,147,118,127,102,15,242,235,90,204,150,167,1,24,121,107,227,249,248,28,223,222,91,25,174,63,182,149,153,5,12,185,130,122,190,143,119,49,43,237,39,216,107,39,50,151,3,147,182,130,142,59,145,155,101,127,56,47,72,209,169,117,59,16,16,126,58,186,31,213,138,74,27,212,30,65,83,238,239,25,127,212,83,167,122,8,127,130,23,197,14,60,241,8,4,48,212,186,102,54,158,77,2,7,46,174,44,29,137,115,69,140,125,252,9,37,45,222,214,10,209,1,118,251,156,42,149,168,26,178,149,152,27,158,94,120,21,207,133,13,23,80,185,211,170,232,45,198,203,227,37,126,146,7,101,252,77,61,33,140,52,120,20,131,75,123,46,175,241,150,229,82,5,206,170,52,101,29,129,23,28,65,131,122,81,245,193,204,27,90,198,163,157,166,171,11,113,19,164,103,178,34,231,73,134,60,31,249,204,51,181,216,221,236,154,202,250,65,136,112,41,173,243,2,105,3,17,56,147,231,199,95,87,23,57,98,186,188,221,68,239,153,195,252,97,250,214,63,69,194,207,211,218,81,178,128,86,6,86,54,150,132,127
121,152,172,31,156,242,230,194,32,170,84,41,91,254,96,198,221,163,228,228,253,179,250,211,240,83,232,149,192,208,34,215,41,146,158,234,53,121,92,64,104,59,87,29,175,20,15,120,120,250,87,197,94,251,163,183,216,181,8,184,37,22,8,224,81,105,78,109,80,184,238,29,53,3,0,106,210,86,139,202,62,247,82,156,211,230,244,190,84,96,103,226,184,160,196,236,50,49,52,40,193,169,215,99,140,196,200,141,34,147,105,206,182,156,241,139,38,227,231,33,220,215,59,192,13,4,185,227,171,92,222,204,19,158,163,123,11,57,159,237,141,96,144,230,77,141,142,221,56,19,143,159,237,117,64,238,51,16,33,5,108,53,84,109,114,240,192,183,11,111,32,254,72,59,55,94,103,181,188,50,99,170,52,16,239,152,247,228,22,72,214,241,172,34,216,195,2,15,120,134,251,200,31,185,146,247,168,179,241,23,26,127,134,226,36,120,172,62,34,136,92,216,91,187,46,72,215,215,128,173,37,223,220,252,162,17,254,38,38,187,60,78,181,87,209,134,61,251,12,141,248,106,120,221,190,214,178,144,2,7,14,192,210,223,117,64,88,207,100,130,222,192,61,195,159,213,3,35,242,11,104,27,136,90,122,17,228,194,163,12,164,139,85,16,129,86,221,109,96,240,45,106,167,234,133,201,156,205,9,83,60,147,60,240,109,190,17,152,182,61,200,241,106,79,92,93,89,136,126,139,177,115,238,17,63,228,242,133,190,191,230,111,169,146,117,57,11,194,225,130,143,221,184,123,181,76,61,93,22,42,69,58,40,98,50,176,250,159,86,85,230,92,52,128,97,88,93,212,93,59,229,73,91,193,213,213,8,76,156,194,120,149,49,199,149,22,196,140,165,31,22,199,214,207,51,254,110,19,230,166,123,139,100,125,218,43,113,125,110,193,110,17,116,55,184,90,178,116,252,9,99,226,116,142,80,220,42,38,41,193,23,233,222,179,208,38,123,27,151,190,77,3,141,154,4,57,152,37,216,211,251,232,239,26,22,220,139,224,220,188,234,165,39,57,200,239,238,208,62,133,228,91,161,225,38,172,230,217,191,28,59,13,141,136,244,139,9,193,49,190,167,52,12,121,219,56,74,38,105,145,35,132,127
243,12,238,66,242,23,73,32,160,197,6,122,85,105,50,152,42,54,99,208,111,82,146,143,44,217,228,48,124,215,108,37,25,254,127,59,210,205,192,30,96,90,204,124,193,215,44,180,97,120,133,145,62,40,87,237,37,97,89,177,137,246,61,24,127,175,15,196,51,5,112,215,85,115,101,27,103,108,168,241,198,154,200,27,36,121,57,102,237,100,238,192,59,126,88,113,117,110,106,215,146,236,10,113,249,132,158,158,62,252,97,149,76,74,101,23,128,35,83,176,200,170,158,164,205,73,79,97,10,199,82,79,122,160,227,24,101,50,40,43,208,31,138,47,215,184,78,177,254,218,123,244,60,58,163,196,112,252,129,188,252,215,24,246,109,35,145,6,51,50,136,178,8,204,190,196,202,239,49,213,24,189,253,183,204,26,51,97,172,196,121,141,206,45,1,102,219,238,22,141,126,206,109,242,115,166,245,237,161,121,14,237,254,78,52,160,14,14,77,172,196,222,158,106,210,233,215,154,127,143,230,59,84,136,140,248,70,91,113,157,239,184,189,60,220,113,21,93,181,244,91,34,141,35,9,127,232,167,130,149,26,201,45,67,163,232,206,110,154,2,232,197,92,2,30,137,219,86,84,37,82,164,217,225,248,17,141,53,41,26,29,189,222,46,235,124,75,130,46,49,86,168,51,245,19,26,224,34,239,70,201,158,43,28,121,154,124,127,241,220,65,81,44,49,144,136,57,103,132,170,149,160,180,114,42,47,22,167,31,52,78,44,162,248,205,135,168,134,190,231,84,30,174,136,89,24,107,30,50,40,196,238,112,72,85,80,192,29,15,8,117,108,1,97,239,119,203,178,222,18,36,132,40,46,15,63,206,109,97,195,161,11,214,40,42,198,212,206,207,212,152,39,208,70,65,154,169,206,198,34,58,158,139,138,235,145,32,2,28,54,156,33,16,134,126,251,172,25,81,184,92,228,74,222,203,4,242,184,25,190,136,254,245,181,96,92,89,103,30,32,71,0,207,156,146,158,190,9,141,191,145,46,105,254,196,232,200,234,94,71,195,43,224,231,109,9,117,247,126,217,202,23,159,105,107,80,39,233,166,75,56,116,47,137,193,199,134,16,9,241,187,21,16,210,99,43,205,88,112,208,129,177,127
39,17,57,139,185,128,59,171,179,215,136,189,75,88,166,50,190,117,197,211,167,106,59,164,181,209,8,27,111,103,68,112,187,150,247,4,180,40,20,175,210,179,245,31,102,108,115,161,142,158,230,1,64,122,128,250,49,42,170,224,66,111,45,12,41,147,135,213,75,65,228,105,57,172,131,10,200,232,179,182,238,78,254,177,193,173,71,185,83,232,67,77,186,173,73,10,91,233,209,64,56,224,87,137,242,188,165,130,42,191,181,120,70,89,167,47,207,217,0,100,28,227,227,140,201,152,94,89,225,238,137,250,21,189,32,57,198,25,28,250,94,122,161,175,175,41,22,192,195,138,38,14,235,138,2,1,180,113,23,213,44,186,75,117,121,18,30,178,53,21,142,65,95,99,89,170,83,199,242,186,75,208,17,173,21,234,64,137,138,225,26,19,112,61,135,17,6,49,48,155,81,13,76,114,93,34,50,197,111,23,214,15,15,104,45,178,184,240,119,66,49,165,58,110,65,230,124,227,163,193,231,199,99,35,224,151,242,83,224,59,38,176,101,37,142,218,81,26,93,24,48,247,39,12,248,82,228,79,9,204,10,51,93,183,25,64,67,186,231,130,206,0,40,111,152,178,204,5,14,78,6,161,40,214,144,90,10,188,131,61,51,222,158,150,55,181,206,124,41,149,96,169,31,190,21,109,66,191,12,213,64,72,81,91,148,119,169,175,130,196,75,101,11,145,196,208,90,73,3,130,63,233,220,145,202,184,183,111,246,190,251,123,247,38,97,85,16,28,46,245,119,201,43,181,222,195,87,213,151,73,186,121,28,164,83,49,106,169,122,46,246,153,64,161,177,184,153,48,89,12,164,119,53,130,39,124,92,169,51,17,117,250,10,160,49,32,140,28,29,3,90,200,161,223,75,57,107,174,140,234,215,90,73,15,92,69,152,50,168,23,105,42,167,30,194,60,195,233,91,82,173,163,139,103,7,44,35,193,230,212,45,164,159,245,111,184,75,105,138,132,178,73,240,142,168,162,184,142,75,172,40,27,26,128,121,139,190,147,188,62,84,34,37,68,42,88,24,121,183,238,192,28,164,97,189,237,238,27,188,134,144,121,124,31,244,5,201,70,80,124,120,10,106,194,96,47,77,102,72,213,58,9,127
234,0,27,45,172,98,42,247,182,232,1,2,168,66,59,28,107,90,252,230,107,252,169,210,44,153,136,190,237,183,2,188,107,204,218,203,37,47,224,172,79,177,94,188,209,173,20,177,242,1,140,114,102,220,213,224,248,41,212,126,85,217,57,159,252,158,183,195,30,249,22,32,17,204,29,85,107,82,144,218,184,181,166,223,27,89,81,252,72,196,148,37,21,120,71,238,86,48,128,16,204,85,128,73,173,191,132,9,72,253,217,185,207,82,20,212,124,141,175,5,69,57,236,15,146,23,48,26,117,8,226,214,101,3,67,198,236,62,34,117,199,78,72,51,178,153,194,207,211,124,73,94,5,103,4,17,181,60,111,16,82,168,16,129,62,19,50,41,52,208,44,109,232,25,233,115,172,66,30,175,170,53,200,70,52,59,138,34,10,234,126,89,58,223,197,153,160,222,2,168,127,75,180,251,82,118,40,115,168,40,43,18,180,117,30,152,70,34,0,87,227,137,122,213,36,130,234,85,178,19,230,184,167,148,23,35,66,34,137,248,4,243,241,0,238,6,34,74,156,46,122,162,9,235,58,97,110,53,117,18,222,44,215,45,215,182,238,46,211,4,27,170,90,38,25,203,143,217,158,180,50,55,150,124,213,107,242,241,193,40,9,241,137,242,28,118,157,232,177,45,46,112,25,91,27,66,110,96,218,17,104,85,36,19,36,111,64,206,16,41,52,175,89,166,101,86,161,196,202,229,18,184,190,109,34,97,49,12,63,201,48,178,132,231,11,93,154,228,159,234,216,52,149,90,18,201,251,28,154,124,141,168,112,5,144,49,206,191,41,106,174,164,178,106,170,152,58,59,254,188,254,195,197,33,248,89,173,27,118,105,224,215,54,7,103,92,192,77,184,225,221,155,57,151,56,167,145,235,175,135,238,141,192,9,250,125,97,239,238,133,227,109,156,153,253,76,224,243,91,251,220,23,120,249,14,112,245,141,13,234,172,85,50,20,71,121,199,237,186,138,21,142,39,205,98,245,26,73,50,199,175,174,168,61,81,214,54,254,136,204,113,167,178,69,98,20,8,4,190,94,83,166,224,122,104,140,53,2,24,153,207,231,181,166,25,103,221,93,202,99,75,8,190,199,7,97,188,28,201,126,198,44,127
224,37,82,123,24,47,226,246,164,253,75,42,127,123,110,121,15,11,165,169,151,69,162,206,136,248,143,172,165,203,246,161,252,140,32,47,166,235,247,70,17,50,215,68,141,157,127,234,58,213,167,244,22,208,81,1,72,145,21,101,29,89,129,131,176,114,251,72,227,50,92,78,81,254,225,82,113,2,110,98,142,237,203,153,4,89,223,19,216,77,213,179,71,124,117,150,215,220,136,156,245,188,211,59,41,93,166,192,23,209,114,199,37,87,128,46,94,26,211,25,105,201,236,134,146,213,31,167,36,61,90,213,86,211,147,209,190,150,113,156,39,171,228,3,60,108,109,8,136,230,20,68,87,116,164,101,36,35,217,194,200,211,34,23,152,227,62,59,143,10,93,21,203,92,197,211,96,160,68,54,201,24,205,203,74,246,124,103,214,88,136,252,197,116,13,125,208,105,103,189,98,209,96,41,55,235,18,253,141,215,58,56,225,0,91,35,150,42,55,48,107,226,15,232,174,1,28,177,212,130,228,127,88,120,248,39,151,49,55,243,154,10,68,96,205,249,99,81,46,107,178,68,59,248,127,190,239,151,71,128,28,177,146,227,155,54,27,24,137,102,231,122,60,179,47,223,84,136,86,42,41,211,9,132,199,16,180,141,68,2,237,56,250,212,86,18,59,231,184,203,4,33,217,184,235,64,228,194,38,66,150,156,228,230,19,146,30,146,77,164,50,34,216,31,184,207,189,3,248,203,216,191,113,162,252,8,136,211,49,219,31,191,2,82,200,101,81,161,167,245,225,141,151,187,38,146,52,169,122,63,69,40,234,251,9,163,142,64,5,13,94,46,203,138,198,82,225,249,15,93,241,64,245,101,238,219,239,3,208,238,109,200,37,110,144,129,101,87,184,249,116,239,172,179,245,104,205,104,63,90,98,178,54,117,243,166,195,197,251,208,238,81,239,56,209,204,139,231,186,15,241,88,94,196,5,137,19,47,99,122,234,184,94,175,181,16,204,194,241,171,232,234,166,101,157,153,88,157,127,85,62,61,252,227,21,61,239,25,153,124,110,209,53,84,137,50,74,213,233,24,239,21,150,4,211,59,34,175,37,226,172,211,170,168,156,27,33,34,185,220,235,30,6,245,94,203,31,37,54,35,180,31,127
162,246,10,117,241,6,126,45,49,87,213,152,137,122,102,252,209,51,106,226,43,135,42,177,174,29,2,225,77,69,38,179,80,88,144,132,86,110,115,142,249,11,164,34,137,203,81,223,110,125,66,69,184,1,33,161,224,175,245,241,114,132,152,65,2,189,127,20,231,239,1,145,170,8,211,21,223,249,50,236,152,140,235,56,54,135,132,170,73,34,127,251,72,248,126,193,46,36,122,234,195,95,209,254,107,14,17,43,215,19,45,50,190,203,133,159,119,202,216,96,156,77,73,12,194,43,15,128,120,209,127,247,201,117,134,226,253,179,31,10,52,30,45,57,154,180,199,233,53,104,103,118,220,106,0,11,39,112,95,117,104,95,25,61,116,185,234,32,203,76,91,221,94,40,234,187,221,176,243,138,173,77,70,2,148,14,195,0,181,79,155,103,164,241,192,236,84,162,188,176,50,115,225,37,172,161,232,175,250,159,88,41,142,99,106,68,78,249,227,86,49,178,66,137,205,247,4,81,53,177,61,84,90,240,13,220,35,93,174,9,92,8,212,120,251,43,60,47,107,9,87,30,107,20,215,214,249,253,100,70,137,42,149,140,154,110,151,89,14,128,45,90,44,227,213,247,149,23,200,164,39,3,76,102,89,211,134,47,109,74,153,81,185,61,143,110,168,62,115,126,223,13,67,174,89,83,214,210,179,25,99,247,50,227,39,186,211,194,243,136,90,224,124,108,233,35,235,52,244,101,142,3,174,217,99,111,95,214,222,191,36,108,229,204,60,247,30,28,188,10,87,213,139,204,98,112,56,36,180,167,246,154,27,240,139,83,189,5,49,26,240,19,86,47,68,167,129,163,236,100,72,162,9,222,105,93,88,46,173,210,177,254,241,46,200,202,163,227,85,175,85,13,60,246,223,28,4,224,149,69,69,21,153,103,147,124,226,169,41,223,140,125,40,153,219,115,165,150,29,74,192,254,52,237,163,148,115,252,120,245,30,13,21,240,247,98,120,200,21,28,159,229,122,238,145,192,21,189,61,21,218,183,192,178,43,215,66,69,239,123,226,237,125,168,50,174,206,157,248,34,136,120,202,168,170,147,138,4,243,2,206,71,41,221,35,226,32,63,54,114,134,58,29,94,187,141,37,51,116,102,213,14,127
196,169,245,139,201,233,59,162,36,210,77,154,112,147,81,70,183,79,185,82,181,202,162,180,92,212,228,2,158,155,88,0,198,128,104,150,164,26,137,28,31,247,64,193,178,148,74,223,195,21,139,223,242,205,49,3,149,176,227,122,39,208,15,2,123,40,142,228,115,204,251,7,150,116,210,167,167,86,59,245,58,188,164,116,60,173,133,226,185,134,21,101,57,151,53,131,119,88,121,141,92,152,17,247,40,205,159,3,131,55,135,162,51,178,208,72,50,10,51,187,86,80,113,236,230,13,213,78,128,102,205,172,13,22,60,165,30,112,187,156,77,147,37,124,145,178,87,25,83,144,109,46,220,82,192,88,17,77,139,8,52,192,79,179,130,141,135,231,31,132,91,104,169,78,139,63,148,49,12,67,231,68,170,186,227,63,164,116,70,238,157,56,115,242,152,161,248,80,86,51,130,134,112,73,29,100,141,173,172,26,197,114,249,5,248,29,201,221,39,244,33,0,35,39,49,198,81,92,171,128,75,152,181,101,103,44,69,250,134,207,38,48,83,67,245,150,5,110,165,120,194,204,61,230,142,23,223,160,13,23,180,171,170,56,117,103,66,125,211,67,98,121,86,20,4,158,85,162,179,61,128,53,27,11,177,30,210,18,221,106,140,223,48,75,253,5,52,239,88,41,13,238,12,200,187,64,31,198,162,11,3,125,68,37,105,84,193,57,59,86,134,156,212,136,23,32,127,239,140,112,24,145,223,185,170,177,98,167,136,203,8,194,119,251,99,210,127,119,98,77,39,243,180,228,242,139,148,142,178,214,163,213,212,220,129,99,15,218,112,55,206,64,93,119,34,80,42,212,116,28,192,254,180,190,2,247,236,110,40,249,126,51,181,104,30,37,226,113,129,91,249,71,148,9,217,167,111,97,61,145,40,139,157,189,92,82,186,253,19,79,231,61,110,14,117,153,221,208,237,223,24,195,234,218,217,115,190,3,98,81,229,73,89,237,203,65,131,139,210,154,161,71,203,44,217,160,154,142,149,131,87,61,70,62,161,82,227,62,173,237,71,222,92,223,2,195,18,48,46,100,74,234,208,171,62,111,75,53,247,33,168,8,125,56,207,40,240,143,180,236,54,189,139,120,113,203,208,236,87,217,18,177,127
126,59,58,5,242,200,162,114,178,191,62,240,157,134,147,187,221,104,127,213,198,179,92,250,166,80,65,244,94,93,192,38,231,24,105,207,229,189,16,0,27,233,134,15,7,49,97,213,111,5,67,31,131,240,192,61,24,4,14,33,76,174,227,191,105,210,141,45,50,45,60,121,157,239,217,246,110,77,24,166,10,192,180,96,6,241,61,50,192,141,124,9,216,198,125,190,161,111,12,62,190,73,104,82,148,54,19,76,24,146,155,219,220,50,31,24,207,162,51,142,189,64,216,75,230,247,123,159,244,24,188,27,198,9,20,114,199,224,29,72,32,144,166,20,228,3,146,235,159,51,171,169,144,114,147,73,29,116,118,241,107,146,2,105,11,62,156,95,166,147,162,187,59,18,144,246,172,72,235,197,132,96,177,35,201,172,67,130,140,33,89,190,49,110,226,53,206,158,20,214,53,112,55,224,37,241,89,154,143,151,5,121,21,63,179,25,96,100,226,104,245,193,71,64,17,230,184,63,145,95,8,234,97,190,214,254,128,186,37,57,164,188,18,20,0,95,127,192,152,214,131,47,199,29,247,217,21,120,192,242,194,170,93,50,240,127,190,23,30,25,184,214,99,3,228,26,49,126,197,235,106,69,147,188,244,211,150,128,73,107,85,135,160,0,212,82,125,204,102,133,44,186,152,93,53,133,0,151,246,83,59,119,221,241,152,138,2,160,100,104,147,108,99,192,187,162,163,73,99,27,65,88,221,203,77,155,137,159,21,106,89,235,10,80,6,56,146,194,81,36,195,107,153,231,159,223,99,121,201,87,65,3,31,35,166,22,223,21,12,92,194,181,44,92,72,90,149,35,166,153,138,111,233,226,219,167,156,58,30,104,202,166,117,155,127,112,156,12,224,188,74,44,140,222,71,230,231,176,137,184,170,18,62,102,40,95,111,132,129,67,139,21,183,60,52,120,139,53,110,66,147,29,33,72,32,159,251,188,217,233,182,204,174,55,118,187,187,246,246,132,69,132,71,115,188,108,239,21,0,42,170,193,26,94,33,0,132,36,208,117,62,188,251,224,119,158,160,250,53,214,176,168,2,24,41,135,128,126,29,31,229,109,182,120,205,203,218,194,138,218,104,203,58,157,217,5,19,233,157,196,234,102,127
171,53,114,135,212,58,148,50,74,182,217,141,36,192,102,180,163,0,133,70,164,151,214,247,67,53,96,244,12,226,99,39,137,228,116,6,235,2,75,229,112,91,100,201,31,204,192,39,69,108,120,121,165,117,18,197,156,197,216,20,116,57,24,58,244,120,132,38,166,121,222,192,56,186,187,248,226,177,19,52,221,58,203,98,32,97,247,116,216,47,176,37,134,209,173,87,193,49,97,61,150,19,181,26,164,154,207,127,247,196,175,207,118,111,207,171,59,62,213,218,60,252,109,76,216,3,95,216,144,49,90,73,136,221,119,117,48,181,71,88,240,87,36,101,149,36,8,121,32,92,21,160,73,139,32,78,45,136,117,225,154,119,157,80,130,28,14,222,207,206,192,224,139,210,101,167,43,191,48,32,162,215,161,53,211,52,137,239,190,164,169,16,67,173,12,127,221,37,240,110,81,20,17,37,97,13,57,253,71,181,245,190,105,90,222,254,75,146,118,45,201,71,48,189,129,43,91,12,132,86,145,72,158,202,130,103,204,250,190,225,112,195,8,184,234,46,244,121,158,105,50,176,12,91,95,16,229,188,188,203,86,24,56,0,72,240,5,207,99,146,225,234,23,74,33,89,19,185,5,205,182,94,75,130,177,74,33,228,111,172,241,185,46,130,168,252,62,24,125,229,21,195,242,194,10,21,122,122,88,226,157,1,171,146,116,53,121,61,96,86,23,21,30,28,26,43,175,81,56,247,157,229,253,10,226,198,167,122,114,71,1,200,123,176,30,73,252,16,213,105,37,11,32,207,14,132,22,193,91,240,164,141,183,185,85,200,192,56,111,189,87,157,221,151,53,175,14,170,20,231,148,31,19,238,202,47,121,12,75,128,169,25,63,226,216,215,99,168,253,195,64,208,232,147,19,243,127,67,122,186,3,36,226,149,53,86,233,49,40,168,252,133,16,102,18,87,214,111,73,138,118,62,115,201,3,205,212,68,141,86,110,189,218,110,27,66,51,247,140,187,41,208,56,157,235,210,6,195,234,164,158,22,56,166,0,81,171,83,38,119,51,173,41,134,130,175,77,92,232,235,220,98,143,196,52,71,150,117,68,213,176,216,113,10,27,163,206,203,131,155,136,138,127,139,176,209,30,187,73,230,29,181,127
137,212,132,160,145,254,221,212,41,142,16,210,89,67,45,201,151,47,180,101,64,51,27,101,226,62,110,137,194,229,221,10,61,123,63,226,125,169,184,114,133,218,49,153,231,61,136,94,228,200,158,32,216,169,11,240,103,100,119,23,87,220,115,204,243,71,185,16,28,156,129,251,153,8,174,120,228,167,25,142,188,120,206,244,156,145,106,50,94,187,180,216,155,54,223,138,181,35,173,234,36,127,94,189,46,148,26,142,43,70,238,173,106,142,14,165,36,147,199,49,200,239,97,65,174,169,87,218,152,117,210,39,231,96,79,211,54,6,190,236,177,207,71,42,156,163,171,12,117,146,47,76,210,13,135,179,1,92,250,140,252,13,254,33,238,94,179,190,9,182,167,223,186,23,254,219,71,49,85,231,119,162,120,172,68,28,51,28,128,212,130,190,177,44,4,83,245,134,22,47,206,213,224,103,26,6,194,135,150,116,110,219,252,84,233,120,74,56,244,214,62,55,0,58,238,157,227,216,81,50,206,167,210,38,254,163,215,115,184,247,67,107,237,250,31,207,85,248,112,109,83,142,165,254,139,173,194,37,177,36,22,72,14,127,98,127,89,13,189,48,117,235,22,16,30,141,182,121,250,112,58,139,232,237,218,197,3,136,17,105,162,118,238,80,116,57,245,38,59,67,72,71,164,0,60,76,100,164,65,20,128,224,96,243,172,73,155,198,200,199,17,3,150,234,120,246,61,209,96,174,220,46,139,209,61,128,7,40,47,73,240,105,112,85,207,24,240,51,0,246,204,161,115,65,196,223,254,37,41,204,140,12,241,151,163,82,160,91,114,106,13,236,59,106,49,79,29,55,216,126,80,152,3,158,86,248,61,0,38,74,141,239,76,190,5,61,39,230,179,15,193,105,109,203,90,155,137,179,156,186,41,12,121,190,207,29,31,88,227,125,242,190,234,113,53,102,240,52,116,157,233,14,241,156,80,197,40,149,154,228,71,2,131,64,33,52,44,87,224,101,206,205,170,56,92,26,112,162,195,194,244,236,211,25,13,110,49,218,109,145,174,92,142,210,58,144,206,192,220,168,77,50,161,23,25,111,124,144,105,251,163,23,20,46,173,224,124,246,140,141,213,119,151,224,70,163,124,216,158,210,209,224,127
98,79,99,194,196,75,111,20,115,142,187,164,25,191,201,120,3,37,148,143,68,131,96,125,172,80,163,209,126,149,146,127,190,99,160,90,166,89,13,186,12,98,254,47,69,84,97,55,24,74,54,81,161,85,230,218,19,26,49,173,25,14,133,116,61,120,108,126,16,132,13,248,83,36,190,82,195,129,152,107,108,83,169,52,238,70,48,178,44,182,27,126,5,206,176,42,99,53,29,100,163,152,19,2,188,33,135,194,25,150,144,3,85,56,60,24,206,177,206,243,209,150,105,93,166,22,138,138,120,56,69,97,8,0,77,71,120,232,65,16,0,5,111,40,12,150,72,72,124,137,165,130,57,26,146,217,39,8,148,117,101,158,242,193,104,238,85,66,42,218,243,113,249,134,84,83,132,243,145,5,10,58,113,227,189,112,229,173,240,200,27,86,100,193,95,222,79,191,212,39,97,110,125,102,40,13,88,215,142,44,19,88,51,56,181,213,222,122,36,198,111,169,10,11,146,10,101,230,104,241,175,20,150,182,159,89,101,71,174,14,145,62,91,138,68,63,186,155,219,245,164,239,158,113,132,77,15,214,90,130,52,145,76,30,105,227,139,162,40,16,225,31,36,121,115,100,40,143,113,166,54,8,68,175,62,18,59,237,72,182,127,79,164,94,176,14,96,145,122,94,2,18,176,72,114,216,215,190,41,7,128,245,158,4,129,7,148,174,167,141,160,250,172,178,134,166,78,107,8,156,110,222,116,15,62,19,122,140,42,207,38,89,137,150,46,179,115,102,59,21,239,1,80,31,13,18,38,69,92,106,228,1,82,196,1,144,105,67,37,32,88,110,139,100,192,44,167,234,237,67,106,192,31,64,186,22,41,81,177,226,69,227,117,249,80,137,160,142,65,239,36,205,26,0,178,7,163,7,125,164,92,55,147,247,151,107,156,226,151,212,180,89,75,6,52,103,89,87,22,192,211,131,120,252,19,30,166,7,4,38,42,139,8,208,21,232,58,153,90,62,221,224,27,221,42,29,119,184,142,171,143,56,132,233,169,51,183,106,86,16,64,221,252,149,53,49,148,19,36,134,5,188,161,182,149,187,219,176,239,71,222,143,69,117,250,233,83,199,115,156,117,214,130,103,104,32,79,106,183,247,75,69,127
68,166,5,249,191,90,240,68,147,160,32,37,10,106,190,187,109,55,233,163,42,196,168,8,48,33,24,36,228,72,47,117,124,2,104,135,161,124,38,107,215,232,76,1,201,34,220,162,70,56,59,181,180,134,167,117,29,15,24,38,12,224,234,16,45,73,144,193,127,1,101,242,190,180,19,172,210,37,241,58,74,244,189,239,252,212,171,60,28,42,219,6,4,128,10,34,203,250,124,190,7,75,202,224,171,123,178,139,29,62,223,35,31,9,125,214,43,157,17,146,219,54,210,191,57,25,53,138,96,224,132,193,118,211,74,26,93,8,206,31,92,214,232,77,252,161,223,193,28,243,173,205,243,36,57,18,60,137,16,100,59,117,126,219,91,102,10,12,110,62,170,52,180,146,27,55,187,238,27,96,48,217,0,149,180,15,129,62,137,240,231,197,246,91,172,178,224,62,119,4,106,144,3,180,160,8,129,242,34,154,81,239,187,237,38,81,237,175,19,83,166,194,114,122,96,59,225,91,183,141,233,120,142,87,100,134,226,55,65,182,77,246,181,251,79,192,137,176,194,51,214,51,140,167,203,235,229,175,63,57,23,58,183,148,226,42,245,22,80,125,217,152,39,196,192,76,215,233,216,38,31,170,18,172,221,2,28,204,92,78,128,211,93,127,130,16,148,37,147,10,130,94,104,33,163,171,252,20,221,128,139,47,97,254,211,206,196,137,16,21,66,143,188,175,243,72,53,115,44,232,124,78,187,193,105,180,144,133,190,49,244,175,168,13,162,236,149,222,86,235,152,122,173,104,31,236,71,40,102,178,42,1,94,74,245,245,236,131,244,18,48,252,87,42,187,224,165,106,48,93,218,179,71,210,183,213,252,21,235,144,4,169,145,238,60,93,143,183,228,239,111,192,122,117,238,62,253,47,223,43,241,93,152,90,217,156,30,223,40,223,32,139,9,85,213,246,145,208,161,138,30,188,204,117,205,14,156,185,27,243,63,193,88,9,86,121,91,42,196,159,105,93,9,103,2,224,241,155,32,125,203,101,202,112,158,190,98,44,215,211,56,40,200,158,175,48,55,224,68,190,186,153,140,143,20,174,188,226,140,152,89,17,113,182,90,133,67,212,38,52,14,220,218,78,228,162,18,138,66,79,23,60,127
127,99,12,81,138,183,51,103,232,122,84,226,250,74,81,9,26,155,125,68,185,194,109,194,112,124,33,151,153,203,130,139,19,36,100,192,175,84,115,28,136,203,239,69,15,170,151,241,111,210,49,20,238,86,130,44,29,211,61,49,224,74,184,29,253,44,64,14,151,218,160,85,243,36,239,17,203,33,107,130,202,173,213,108,88,24,113,111,186,233,40,64,55,238,93,231,210,195,128,254,17,251,79,11,201,100,208,114,29,228,167,4,205,196,30,35,70,23,24,16,156,124,107,231,154,21,78,188,38,24,162,185,30,24,247,10,166,115,100,234,183,229,201,124,251,74,224,168,222,190,107,136,207,102,154,67,126,59,213,61,195,73,157,156,120,246,91,118,209,137,174,119,18,131,166,52,183,94,228,190,249,194,29,113,64,12,127,101,120,128,243,88,141,92,112,70,216,194,55,190,185,121,171,123,93,48,185,169,182,81,8,227,24,154,175,10,51,114,230,62,164,111,70,175,3,114,19,114,25,112,125,165,239,137,47,14,229,32,231,18,172,60,40,216,156,103,142,129,150,170,221,144,197,127,15,7,176,141,66,215,199,234,16,74,24,252,113,101,76,232,225,38,41,48,59,54,180,231,102,23,195,101,101,98,210,2,103,8,168,4,119,176,118,44,135,130,145,220,208,88,175,110,60,225,89,38,207,21,82,10,251,231,27,11,213,184,57,233,15,240,149,153,26,10,105,191,147,108,99,101,231,199,122,40,158,110,170,52,252,205,10,186,155,102,80,48,223,225,65,122,95,249,90,51,223,140,143,130,72,31,10,58,2,245,14,142,67,79,85,160,195,121,1,106,178,45,75,137,5,76,194,83,32,194,134,123,149,101,83,185,155,1,234,18,107,99,17,199,147,15,184,59,103,244,25,60,96,19,106,137,216,245,59,72,12,235,57,237,253,193,230,164,174,172,59,66,251,217,210,160,181,102,229,71,120,64,134,215,185,14,208,223,152,176,91,118,100,23,18,71,183,96,17,153,19,51,146,39,124,190,247,91,76,82,114,6,154,0,116,244,4,23,149,134,245,129,38,23,129,66,0,15,11,183,7,69,42,234,47,34,82,230,48,215,25,220,246,245,79,157,9,46,74,118,157,60,46,188,239,197,76,151,127
45,58,55,39,5,42,27,6,64,216,22,123,223,37,110,146,208,37,14,91,91,141,134,219,216,127,87,253,241,74,175,224,142,223,181,53,240,223,181,114,112,166,5,107,253,36,22,75,197,92,42,206,232,160,247,102,87,1,31,52,252,186,158,195,61,42,225,184,144,195,13,150,102,249,181,74,157,114,240,183,243,8,193,162,143,52,136,57,184,175,26,188,122,242,106,200,113,141,246,189,96,52,200,215,215,224,124,151,90,175,226,87,238,78,32,171,182,11,207,149,78,116,196,168,98,187,146,5,43,46,252,54,68,235,75,220,41,175,88,75,85,4,174,20,239,231,74,95,92,131,216,249,203,4,116,59,53,135,244,243,26,32,99,121,62,51,217,118,154,60,170,42,92,202,213,71,67,91,12,158,206,76,101,173,215,164,62,187,102,186,49,85,204,56,205,163,87,64,140,252,179,13,80,32,71,203,1,193,244,117,240,135,132,115,190,230,137,102,226,45,14,138,85,40,57,213,1,113,158,23,1,245,139,75,200,137,178,93,220,252,82,200,13,168,136,178,236,82,228,235,21,156,106,98,169,241,254,218,242,149,174,145,132,37,251,243,67,44,162,15,119,183,237,66,189,23,38,180,77,173,100,177,4,74,14,223,55,105,196,28,136,146,188,17,83,42,186,167,251,213,164,7,4,103,118,70,167,210,75,82,50,192,228,194,107,124,154,94,252,64,34,227,194,183,211,60,169,219,84,112,238,108,193,94,53,55,124,197,202,77,185,69,116,152,0,67,9,208,88,34,128,16,11,90,112,231,60,66,52,220,169,203,114,64,33,44,232,102,62,126,138,71,244,46,168,127,199,249,222,24,252,57,218,61,176,28,7,123,195,79,112,118,13,122,57,129,88,98,122,22,212,192,109,199,148,112,2,95,44,95,97,64,235,101,40,236,3,106,250,189,1,253,54,160,106,127,64,93,249,67,29,176,91,236,237,231,22,47,47,114,137,245,101,108,131,217,112,31,229,227,174,220,194,220,58,4,131,176,2,147,56,13,46,5,68,90,159,185,47,71,220,156,101,61,149,2,229,229,72,98,135,84,52,36,0,242,112,19,141,215,241,244,250,182,63,107,206,234,83,75,79,175,2,244,70,93,34,235,122,204,30,120,127
15,127,193,199,5,20,92,44,158,60,100,24,107,105,56,41,150,204,166,220,229,113,96,162,14,5,32,112,98,13,133,243,122,77,133,131,202,205,18,244,109,232,98,178,147,108,138,149,74,249,8,83,81,146,19,54,97,139,245,51,181,55,162,111,219,193,37,28,87,243,43,48,79,4,178,161,151,193,93,148,5,37,113,16,109,128,69,8,71,94,24,203,233,231,188,1,183,240,40,110,68,174,133,219,48,133,150,206,174,205,188,11,138,29,16,182,160,36,205,144,37,39,204,174,146,88,112,115,218,34,2,215,103,189,152,23,85,42,101,171,6,109,176,230,162,228,69,96,196,28,60,116,165,8,30,29,161,148,89,186,172,50,155,225,193,129,163,110,11,206,146,164,41,158,145,172,57,177,201,42,116,160,136,220,235,162,132,25,100,97,196,192,197,213,219,108,155,22,247,12,240,31,180,187,242,55,69,71,58,241,220,20,219,14,46,241,199,214,3,183,12,74,92,82,212,73,176,239,220,95,240,121,104,99,80,252,87,20,49,232,65,36,228,130,141,137,162,78,207,44,252,174,242,244,215,70,22,36,161,171,234,55,4,3,32,99,34,59,169,196,98,207,48,162,4,52,119,184,17,52,214,55,137,117,181,0,252,227,58,210,47,68,223,228,162,15,245,138,34,151,191,168,19,234,165,225,87,202,99,28,128,211,66,152,122,83,166,208,7,248,67,137,105,57,26,88,156,126,20,23,223,25,134,162,183,239,31,156,102,176,138,197,51,168,237,139,54,35,233,45,199,120,97,249,162,159,223,125,222,126,89,49,35,165,187,163,231,250,128,158,35,174,188,58,180,27,6,133,50,137,178,8,58,131,21,38,41,133,164,78,95,200,151,126,124,184,35,222,247,65,186,101,222,181,108,106,39,87,242,64,133,11,97,105,54,98,161,222,56,18,70,147,14,191,246,101,64,71,98,100,191,65,254,167,197,37,75,158,121,179,163,249,154,85,243,111,176,226,25,88,235,15,195,191,125,47,64,195,93,182,221,162,161,200,125,240,191,213,55,213,115,44,40,100,87,20,70,70,188,117,19,102,110,93,70,12,232,208,76,206,102,201,25,254,236,138,194,89,116,120,204,88,125,157,114,81,198,222,208,119,130,170,127
91,79,91,235,251,38,167,130,130,33,127,228,186,156,119,152,80,63,154,19,68,200,91,76,29,10,149,160,173,189,207,19,24,103,25,87,94,88,116,150,205,194,32,43,250,46,114,9,23,202,4,67,201,117,105,152,191,12,160,116,51,108,108,69,152,72,225,189,159,64,152,175,84,204,27,158,10,125,253,207,167,120,157,46,170,92,208,115,211,70,59,124,133,130,135,224,239,159,24,221,79,145,18,243,58,21,17,158,200,164,70,171,70,250,95,121,90,251,19,103,232,152,157,214,72,177,189,193,221,137,52,147,87,8,127,20,156,35,78,14,6,107,16,246,243,36,67,182,170,13,99,47,244,184,81,46,0,177,52,42,181,116,249,117,65,247,251,230,51,121,93,206,81,132,207,12,130,192,125,234,249,216,115,28,2,107,170,121,79,56,9,179,225,245,88,178,87,148,249,205,157,199,172,125,195,30,227,8,85,85,26,149,57,24,176,152,40,18,220,226,2,88,198,51,20,96,4,3,124,154,195,155,74,211,201,210,135,153,171,159,124,0,90,124,93,83,97,119,18,152,57,126,104,121,129,105,228,199,103,253,168,166,177,82,94,53,198,45,222,135,68,117,191,51,42,222,85,151,33,147,182,172,24,222,48,198,94,127,198,55,57,237,220,105,164,163,29,171,8,99,54,206,178,246,127,2,74,211,206,184,65,173,30,110,12,254,31,163,149,6,45,40,154,11,230,68,130,250,87,247,94,109,12,62,0,250,35,186,37,204,120,248,74,228,157,106,15,110,197,16,234,86,53,34,167,214,198,241,78,175,43,78,45,241,69,215,0,243,79,93,44,123,31,38,243,167,67,109,233,24,46,43,152,225,173,54,163,210,196,58,217,58,207,193,239,127,95,221,55,237,173,97,74,24,207,67,247,222,190,139,131,229,122,120,152,137,118,130,72,218,182,252,18,63,30,40,82,232,10,149,19,75,70,176,18,219,92,32,244,27,50,51,13,22,13,250,33,234,35,58,195,24,62,87,155,213,72,181,145,105,122,63,152,31,59,77,81,58,235,70,221,79,229,213,172,44,120,188,176,122,230,176,218,6,14,190,47,27,165,254,249,87,113,226,219,223,91,250,51,239,41,44,100,232,58,28,229,138,18,18,11,90,127
195,195,120,135,31,141,9,117,6,236,110,208,109,154,89,240,88,220,248,198,78,230,183,135,48,169,186,179,172,82,66,45,44,181,81,80,138,38,54,227,187,70,178,48,28,136,4,182,88,237,75,68,237,190,234,68,145,116,63,36,43,179,1,59,95,134,102,176,101,238,148,245,82,207,231,181,8,113,161,127,225,241,36,17,190,38,9,29,68,21,71,150,28,13,33,76,165,177,115,104,92,173,118,164,45,89,198,82,190,31,63,150,28,181,178,143,14,45,90,194,177,91,49,206,245,13,31,124,248,186,65,52,218,53,84,225,55,215,0,55,0,109,15,250,49,186,148,227,197,104,200,186,117,180,63,166,77,225,146,246,41,209,54,30,230,249,190,150,10,109,64,48,127,81,252,202,240,229,124,7,25,105,148,68,198,21,116,190,37,139,77,113,3,223,179,84,112,127,60,144,9,159,17,83,213,96,238,142,247,85,122,3,2,31,196,114,97,77,0,30,74,214,42,186,230,24,88,247,142,14,233,240,141,59,42,50,22,184,249,129,138,108,18,1,99,59,15,211,130,206,123,118,210,112,213,246,51,77,156,52,15,196,57,145,155,66,135,10,81,168,96,161,212,2,228,66,146,82,6,159,111,107,35,85,237,107,145,54,187,140,140,59,184,124,182,228,198,41,235,41,43,26,52,47,66,238,34,105,167,59,191,96,135,49,65,37,194,58,223,3,109,0,79,23,4,8,17,61,103,100,203,252,28,209,196,181,209,96,159,128,146,84,131,169,126,64,221,43,199,60,188,218,119,1,55,148,40,25,206,16,74,148,179,14,102,180,198,236,4,40,35,234,216,46,194,242,106,39,126,99,175,146,102,171,19,199,231,106,87,35,223,27,40,222,214,248,65,240,116,139,250,246,159,183,143,147,125,52,18,228,74,207,18,224,11,114,148,158,194,237,223,127,20,4,70,177,138,69,57,75,195,71,247,105,168,109,27,243,231,39,247,103,189,111,103,216,109,206,150,123,236,196,135,212,152,37,48,105,130,222,210,53,213,183,127,11,139,141,191,0,157,134,67,19,192,106,19,184,58,202,247,120,141,223,248,170,237,112,77,47,73,200,249,11,31,60,120,130,248,80,151,103,155,86,99,127,152,136,102,194,124,135,127
18,104,145,114,149,30,54,49,219,189,70,186,222,178,40,18,118,210,243,235,100,235,161,212,134,42,163,246,217,169,252,168,48,9,89,224,209,31,151,190,170,101,25,226,199,127,71,198,246,213,50,199,172,188,137,5,220,245,188,242,154,123,45,103,121,35,34,36,109,151,202,137,200,99,243,53,41,160,38,19,18,36,116,64,39,58,4,1,121,181,215,239,117,220,174,33,99,227,133,88,114,33,32,111,226,185,52,117,163,227,33,96,241,91,29,194,16,235,9,4,16,69,224,49,10,117,33,139,82,37,105,183,99,97,243,110,69,183,120,207,76,193,251,228,53,23,214,70,199,81,154,101,61,0,115,183,46,75,75,0,181,196,86,98,168,203,211,78,65,210,29,32,207,99,142,72,84,14,30,133,97,173,6,43,92,126,3,248,116,239,240,1,174,89,0,108,56,19,192,195,160,146,61,233,222,238,252,31,225,64,103,39,176,46,54,196,23,110,212,58,66,12,126,43,108,192,250,58,83,118,80,192,213,186,150,127,146,62,185,166,167,82,252,215,84,105,60,158,138,95,171,57,156,173,195,67,108,43,109,100,69,133,26,143,251,190,230,143,249,108,36,180,240,113,157,36,132,163,232,142,245,92,209,2,58,3,211,85,232,27,55,77,171,29,158,194,134,19,193,118,39,179,20,147,77,72,56,25,41,195,221,202,105,127,131,193,178,159,73,97,179,31,136,250,3,10,122,3,25,35,11,163,182,212,220,62,222,244,186,0,111,233,60,244,133,189,132,8,204,208,178,247,122,59,156,132,33,42,6,45,10,104,226,203,15,8,177,241,215,136,104,169,222,147,117,251,193,166,210,182,207,166,69,217,164,217,30,162,231,95,187,171,166,145,170,85,152,84,217,91,134,72,67,151,147,101,170,179,109,110,96,142,8,2,210,104,82,90,180,108,131,26,249,188,64,168,164,56,115,48,244,166,119,113,90,104,184,162,137,139,100,175,109,157,1,72,99,246,37,195,142,242,238,90,120,203,182,110,253,203,47,119,30,72,3,118,217,0,254,2,147,223,230,231,153,169,49,1,238,23,207,152,50,48,201,216,236,73,6,201,9,44,197,91,21,165,48,38,123,17,29,192,206,0,141,193,254,245,159,245,32,47,127
194,177,86,1,145,114,173,146,215,183,243,194,202,128,202,169,247,33,132,250,203,30,251,50,109,108,195,18,81,61,126,66,20,21,126,3,6,176,223,118,12,84,194,147,214,105,65,93,145,29,42,224,148,187,26,62,224,90,166,177,175,250,96,4,84,54,231,246,116,44,176,30,16,119,97,83,121,55,140,217,67,81,91,49,217,222,35,133,155,48,214,239,145,122,124,113,28,0,113,125,26,74,188,136,108,134,129,166,164,59,1,0,232,69,168,19,47,25,154,199,11,18,217,120,169,59,151,237,239,245,231,158,153,234,163,101,54,205,20,104,144,28,51,23,114,250,83,48,3,101,222,212,14,122,107,49,233,195,162,198,20,103,240,187,159,47,131,214,14,137,215,49,234,79,211,63,4,148,46,17,135,93,0,192,102,116,65,201,20,37,58,234,176,148,246,201,196,211,208,147,187,89,189,89,19,175,175,96,99,146,78,171,210,192,101,147,150,139,229,81,56,1,144,7,17,35,104,96,151,159,86,246,22,51,46,40,134,50,45,25,22,5,78,26,184,5,107,209,167,67,43,252,239,172,251,76,166,229,62,44,53,43,153,154,38,169,238,251,94,118,131,217,214,103,242,96,212,137,154,176,49,241,223,174,168,143,56,109,60,227,54,88,250,231,221,236,70,96,184,39,250,74,58,35,241,152,88,117,79,3,136,252,227,46,30,201,2,137,121,109,187,54,160,198,31,10,204,61,173,185,32,42,47,115,45,143,96,153,43,132,43,3,159,144,37,85,160,57,25,17,221,4,61,155,86,36,106,214,58,64,135,23,42,201,35,171,161,208,180,16,202,13,233,246,15,223,120,27,28,111,52,177,74,252,60,194,59,16,185,107,206,23,42,141,180,4,3,50,144,170,112,114,78,150,30,104,218,46,179,78,242,128,134,79,129,246,33,132,32,65,7,20,41,150,47,32,228,233,209,72,98,67,125,182,44,172,92,173,219,168,61,205,144,170,148,219,232,25,64,160,10,157,254,134,159,190,181,34,20,170,226,168,70,109,23,86,210,241,207,147,170,92,85,10,218,230,147,180,167,103,151,168,110,210,122,153,124,64,90,196,210,97,155,4,135,69,189,89,236,57,214,16,227,45,163,56,249,219,2,136,14,148,127
135,158,238,191,60,219,78,19,240,200,127,53,246,45,3,123,88,185,176,233,92,88,178,151,161,60,14,37,84,232,37,23,155,66,10,126,3,43,129,25,31,247,187,75,77,93,104,197,15,64,75,36,209,45,14,76,118,236,112,16,99,56,36,150,101,9,18,220,211,30,128,115,223,236,168,101,93,58,146,107,55,238,152,153,97,196,13,67,196,211,91,160,76,174,235,129,9,193,200,171,80,239,18,157,171,163,50,211,1,173,83,229,7,25,9,135,3,38,225,226,4,89,22,219,230,233,249,14,190,97,246,7,145,89,195,81,135,199,61,55,39,144,131,225,176,97,229,143,70,183,13,86,138,218,232,104,121,183,243,119,70,145,149,176,150,124,220,215,151,190,134,29,250,176,217,159,95,175,228,23,135,50,25,114,65,246,7,16,75,3,87,234,229,239,183,16,254,102,28,60,214,167,14,188,172,135,161,190,186,128,230,157,105,45,132,3,233,29,116,172,212,230,150,135,107,37,82,42,42,94,47,189,189,199,203,183,105,242,227,17,139,36,100,230,221,22,146,42,249,235,84,9,83,115,73,243,65,155,157,87,26,199,140,8,167,180,169,10,13,197,211,221,112,146,226,199,71,65,218,43,235,97,75,197,181,3,224,120,52,59,124,145,51,33,101,239,189,245,76,242,129,126,250,71,5,153,105,41,243,251,81,156,95,78,215,90,221,185,59,110,203,55,57,49,144,83,165,206,49,41,187,253,212,89,136,50,148,155,221,121,27,29,83,142,101,201,7,252,8,20,135,253,25,39,93,87,13,138,226,244,41,195,14,19,163,9,157,106,85,186,172,46,84,189,109,54,61,35,192,119,58,33,71,131,0,116,160,27,36,100,217,244,119,59,162,40,162,28,48,207,123,249,4,30,63,196,49,145,176,106,158,124,61,27,39,154,210,187,134,33,28,95,2,214,61,166,84,253,204,91,153,159,160,249,195,75,92,30,222,228,176,156,236,220,112,202,3,74,211,86,97,145,0,245,15,225,230,196,109,172,80,230,7,88,190,133,138,22,14,202,180,110,122,30,164,198,129,105,210,70,215,137,73,123,217,67,167,231,176,237,208,243,9,34,67,87,67,37,237,198,133,55,90,59,228,170,139,123,187,156,58,49,127
83,222,44,61,251,88,91,172,134,116,43,11,178,248,68,232,225,124,183,249,248,158,151,169,124,200,11,210,231,25,182,174,45,158,129,42,16,247,105,180,0,35,161,55,185,176,12,26,41,84,43,38,193,169,68,213,211,4,171,230,40,121,70,60,251,212,172,176,108,100,71,130,245,112,132,73,205,81,186,247,31,221,185,59,244,114,58,177,168,243,174,191,233,130,189,225,198,36,190,45,128,184,211,169,187,1,176,224,36,178,221,77,48,200,158,106,73,190,206,209,207,74,8,203,188,72,57,47,41,158,144,5,155,155,98,184,27,215,212,179,214,136,146,143,101,193,250,208,116,104,204,141,109,157,215,253,126,232,76,168,114,178,253,66,129,9,87,240,31,139,12,83,123,178,91,162,73,39,218,13,197,134,227,224,85,38,150,205,201,175,23,231,246,155,135,109,123,21,9,215,193,54,67,33,83,130,104,44,126,84,137,42,206,232,248,242,88,253,41,28,135,186,178,43,57,101,54,244,78,238,226,132,113,25,18,55,70,81,128,73,182,31,243,73,120,160,79,6,146,106,79,110,221,200,48,69,226,132,126,181,234,178,166,38,247,74,231,30,35,166,154,38,253,74,20,184,229,125,119,90,110,202,131,69,59,179,145,212,181,81,196,8,166,12,162,30,156,253,152,20,190,53,144,222,0,97,192,41,177,141,74,208,136,69,100,184,61,95,60,81,123,190,222,152,206,157,161,49,132,212,240,241,26,27,6,181,31,107,132,112,131,31,126,186,80,150,22,176,166,184,225,223,224,162,161,188,223,95,139,162,4,51,236,109,229,156,71,176,235,232,211,72,86,232,18,204,21,163,121,239,77,183,229,69,226,192,162,251,115,82,111,147,133,240,177,110,92,115,54,45,44,51,73,110,99,182,45,90,238,227,37,30,34,93,172,124,127,114,26,244,107,220,165,174,157,124,153,228,29,235,136,34,52,84,40,151,138,180,190,16,89,217,105,165,84,79,150,178,141,44,249,241,84,152,183,227,1,163,75,176,57,69,130,184,172,226,156,133,60,14,105,160,191,182,28,162,49,52,173,17,138,91,36,64,194,120,180,161,56,37,25,93,100,10,217,212,182,47,36,163,207,213,99,31,156,98,57,201,79,4,188,88,127
26,231,166,127,16,67,70,181,151,199,155,7,166,192,110,111,201,136,54,12,218,116,196,23,251,191,74,194,9,158,83,199,237,155,155,139,176,69,169,231,3,24,189,30,118,54,185,123,144,132,76,18,15,157,211,88,203,205,143,238,184,131,117,197,152,139,217,44,25,6,132,70,228,147,74,114,86,45,109,231,176,108,204,226,15,131,125,58,132,139,237,204,75,45,243,30,65,100,218,133,215,45,164,114,33,150,139,88,135,42,200,119,197,110,45,209,40,26,153,198,224,50,148,232,140,35,77,63,166,170,160,76,188,203,16,218,78,246,31,22,181,95,73,57,115,209,183,121,114,154,216,29,59,161,201,219,25,153,122,82,190,46,224,41,190,43,111,173,90,140,135,158,92,237,191,134,113,85,85,74,14,127,41,83,158,190,72,96,208,126,175,0,211,100,99,149,158,251,17,208,161,132,9,51,224,223,229,113,32,112,142,68,184,108,20,239,18,83,209,48,61,121,157,203,165,121,175,49,31,83,26,156,120,106,83,5,230,2,35,106,132,116,40,235,167,98,236,127,200,58,244,54,66,127,97,225,167,167,63,168,188,145,70,131,144,11,221,190,82,244,87,97,113,27,43,43,32,143,212,220,247,121,231,77,21,236,124,224,222,211,113,105,49,156,162,245,99,172,244,59,104,64,37,148,27,58,250,252,226,158,14,31,88,53,57,215,64,212,42,127,78,253,162,222,53,14,113,234,7,190,180,213,127,82,132,193,232,127,146,96,171,218,253,85,168,207,246,85,171,192,253,53,203,34,214,147,52,30,166,59,122,17,155,109,3,51,85,166,245,61,138,0,87,173,199,43,37,11,137,78,21,228,81,139,107,226,184,4,59,24,146,9,41,177,207,163,163,105,53,79,121,120,154,86,150,6,152,103,48,88,15,88,197,61,213,253,155,252,227,65,39,250,126,43,21,219,155,121,147,204,29,237,198,219,103,66,124,206,21,55,31,56,208,252,184,59,190,114,41,73,195,74,174,6,2,178,180,243,201,34,127,157,76,8,212,165,165,173,29,212,28,1,53,82,50,116,27,106,178,236,246,246,5,194,82,111,11,13,245,163,165,2,167,110,213,64,89,95,55,69,251,212,147,25,250,228,192,103,182,115,15,79,127
24,240,172,206,2,81,99,177,59,231,35,146,185,238,5,132,46,92,79,58,176,26,254,219,211,156,127,151,67,97,132,33,250,66,130,131,51,43,91,147,227,148,53,211,167,246,173,207,206,238,182,230,164,210,127,19,151,176,57,103,39,84,162,239,178,97,72,59,135,135,235,49,134,115,153,144,75,84,193,109,215,203,17,64,22,88,34,2,50,121,137,104,142,146,94,43,194,212,124,183,193,40,236,96,168,242,20,88,153,181,117,125,248,200,240,52,35,35,61,167,211,160,109,172,70,115,30,76,202,31,148,92,20,228,97,10,246,65,159,92,14,100,58,229,21,101,14,165,41,32,167,211,47,78,131,222,241,109,128,29,125,244,85,93,214,21,118,149,240,80,74,52,132,170,89,173,52,139,60,96,90,82,72,93,70,140,43,35,2,178,10,251,43,50,13,138,33,146,109,0,61,69,47,239,115,42,118,20,72,142,112,61,58,239,119,47,137,166,97,102,103,44,221,220,183,32,103,54,240,98,252,42,40,20,232,170,198,95,124,179,19,34,147,115,135,103,147,192,191,156,135,86,178,247,40,41,29,220,160,16,124,142,122,211,104,42,56,133,83,5,8,203,172,109,57,162,140,69,0,214,64,16,21,193,11,153,212,11,107,30,25,24,165,124,249,24,101,49,85,18,243,70,43,145,20,224,177,101,62,10,248,57,155,92,139,223,161,209,30,134,51,147,225,126,110,208,77,112,7,201,71,148,190,61,90,105,20,187,152,170,156,9,152,217,225,132,25,76,102,161,176,60,145,212,39,248,166,171,112,72,98,203,121,88,200,140,108,238,253,105,247,210,210,74,194,77,104,77,163,124,94,103,219,65,252,204,59,64,248,145,68,58,22,226,26,59,185,112,172,10,115,206,81,90,124,89,160,27,162,2,53,77,112,21,124,166,191,164,184,157,51,49,99,140,63,245,201,220,53,35,151,39,120,71,133,55,126,192,106,148,2,30,248,181,233,55,93,216,156,51,17,168,148,139,31,198,247,188,75,245,240,173,213,209,4,8,225,189,155,106,168,103,2,130,90,47,176,157,34,59,234,189,223,153,248,122,122,215,188,38,228,211,244,49,4,29,81,171,20,196,9,152,49,149,14,138,83,247,196,199,151,225,127
23,7,27,28,175,84,227,66,197,199,248,86,195,56,185,6,67,200,206,168,110,201,148,120,10,123,176,217,241,117,55,38,234,35,220,179,50,250,169,184,254,40,128,242,43,242,33,229,55,60,229,59,58,42,197,25,64,70,204,135,58,235,231,203,106,224,99,192,169,249,182,18,193,43,148,158,21,181,135,230,36,236,20,68,183,66,76,181,59,155,137,205,23,160,48,1,164,165,201,97,93,212,113,225,34,106,90,176,64,16,57,130,1,154,147,70,38,68,191,233,6,187,120,97,210,26,228,87,20,141,127,25,175,106,67,26,100,123,5,137,109,227,56,48,132,128,96,243,90,10,145,177,173,94,128,170,111,219,245,206,105,254,108,14,199,239,235,230,57,147,218,41,91,100,79,40,242,40,26,142,244,186,191,118,238,55,168,229,180,112,46,17,232,0,181,144,95,148,229,59,54,249,124,55,88,186,199,250,119,48,23,227,212,72,181,100,203,121,123,3,130,215,74,123,139,14,231,16,26,248,30,158,128,71,99,79,151,15,46,57,251,113,209,190,95,124,37,119,52,140,176,130,236,182,58,251,26,175,217,215,125,107,232,58,138,218,236,11,31,16,54,6,48,162,20,243,148,167,3,249,240,129,231,217,232,101,156,157,180,137,4,37,37,127,57,161,14,173,2,208,206,81,102,86,216,133,180,152,29,243,32,37,170,38,8,57,30,174,123,253,84,79,43,133,210,4,127,72,197,231,181,5,34,15,159,11,87,209,48,110,176,239,23,141,169,150,21,30,176,52,157,96,75,210,211,236,51,234,202,52,41,138,48,106,175,140,4,51,220,53,17,227,139,86,149,252,27,229,204,48,48,232,158,122,13,251,27,183,66,147,65,58,133,220,125,36,136,3,85,60,96,42,253,45,149,58,119,85,51,192,17,26,106,135,216,65,192,127,104,93,37,36,173,129,61,8,169,145,26,188,34,8,213,227,78,194,176,109,8,110,202,8,162,205,154,58,69,110,60,10,58,102,244,176,191,71,156,66,217,17,62,78,233,89,196,224,67,115,227,14,61,105,254,198,76,72,32,155,5,175,182,198,248,13,179,250,143,90,29,185,189,13,175,5,103,38,29,29,102,171,81,70,141,146,6,4,35,195,212,55,252,132,127
118,23,108,88,109,219,63,180,137,11,11,202,181,229,78,249,58,185,170,218,48,137,174,245,71,226,164,220,249,12,75,94,93,123,44,192,250,3,148,60,67,144,118,127,235,47,77,59,198,87,45,250,223,219,104,141,79,7,107,133,0,232,209,251,117,240,54,103,117,187,234,152,146,33,169,0,220,66,103,153,190,5,64,60,177,90,200,139,133,246,185,37,42,224,68,190,179,164,13,46,87,81,64,156,16,134,219,103,97,134,32,150,0,98,229,36,125,76,45,32,51,36,62,30,139,126,222,5,109,233,236,134,146,4,191,119,166,151,40,146,59,210,217,57,11,146,122,93,84,167,209,134,82,167,244,218,238,20,198,135,39,50,253,160,55,129,177,214,66,235,204,20,147,114,21,186,78,199,237,181,66,94,244,227,82,250,136,249,97,157,229,14,38,59,210,39,110,2,134,232,140,22,0,49,50,167,139,88,120,214,99,149,0,51,230,15,210,1,164,68,243,210,24,155,21,65,22,244,139,123,80,175,183,230,38,78,234,178,134,120,117,14,17,54,108,51,162,140,171,157,88,160,17,247,89,120,56,246,140,56,80,199,126,109,229,108,165,21,2,85,85,188,90,22,161,254,124,0,225,143,19,83,47,59,250,137,222,153,212,219,212,216,4,190,119,216,69,213,92,60,248,168,21,179,239,74,27,160,38,199,182,68,83,109,170,136,132,200,170,238,8,100,230,113,109,181,124,80,151,19,136,186,154,235,97,13,144,104,193,110,246,145,146,91,5,123,39,165,221,127,169,91,219,46,70,106,222,112,219,85,118,133,0,230,161,37,3,51,253,72,91,110,81,98,211,135,254,26,68,26,178,44,109,93,220,30,149,47,205,133,191,228,152,167,39,129,93,97,27,75,135,221,108,197,114,224,53,153,132,200,16,13,38,142,31,6,237,171,56,14,162,234,130,24,238,225,107,209,38,199,252,31,189,66,85,35,74,36,86,76,158,215,248,248,235,227,231,197,167,46,54,249,145,12,146,54,28,5,190,114,230,82,152,10,84,165,28,219,220,163,89,154,111,166,82,113,28,240,103,65,197,243,68,63,157,86,17,128,0,217,127,37,68,201,250,56,132,4,167,32,184,65,15,85,115,179,90,146,98,124,102,165,127
79,233,196,171,0,251,123,85,51,95,142,198,75,20,175,161,126,115,32,189,107,163,36,112,228,206,97,112,199,134,58,145,29,205,148,44,141,197,189,134,131,136,196,229,62,56,39,217,138,192,81,214,40,167,146,203,177,206,90,66,17,84,145,215,157,55,106,154,122,150,179,62,166,218,56,177,149,207,111,148,208,174,220,251,114,131,143,156,154,223,177,191,212,17,77,82,81,208,253,60,165,204,28,155,104,126,144,172,179,222,190,98,34,56,246,251,137,217,136,55,183,133,78,107,37,99,79,21,130,162,181,63,205,185,77,238,172,18,162,252,142,101,44,49,54,246,2,3,42,175,201,81,110,142,48,26,248,108,199,43,48,231,148,63,199,240,105,142,205,145,138,207,125,229,204,58,63,25,175,190,22,254,223,52,145,216,36,55,122,216,122,85,172,96,8,76,145,162,78,2,3,88,253,116,27,163,44,131,86,25,167,195,144,7,196,226,178,148,6,16,248,164,213,148,80,31,4,121,142,155,106,235,177,176,39,200,29,80,42,131,249,175,244,148,237,72,6,92,85,70,38,238,183,117,167,197,20,176,250,45,81,112,114,56,81,220,185,91,204,93,64,39,95,60,200,153,140,136,85,149,29,46,215,157,193,95,162,182,211,236,140,225,225,82,26,214,47,161,162,254,40,45,228,32,139,243,206,72,140,54,205,224,60,209,145,183,117,130,193,62,8,163,99,26,158,148,110,80,9,140,122,22,195,67,253,115,52,57,117,134,158,77,217,166,249,132,32,67,224,120,172,212,167,29,170,25,83,57,19,2,54,78,30,177,142,247,1,92,27,174,3,0,96,25,221,37,21,211,44,115,100,176,62,77,78,196,94,140,76,77,141,13,132,170,23,100,250,227,246,135,8,251,87,162,189,145,139,52,229,49,132,87,38,106,238,4,173,189,73,206,33,177,64,131,208,122,172,208,146,167,241,62,229,57,48,106,248,132,229,12,101,69,153,41,242,158,82,20,206,190,87,8,115,90,157,136,142,143,162,207,70,157,95,66,42,185,129,67,2,89,42,199,142,132,126,94,15,221,233,24,125,115,42,217,135,114,235,3,238,215,168,152,29,37,128,102,59,29,37,201,52,41,210,127,99,161,117,22,211,99,122,132,127
118,13,17,144,192,83,81,224,158,150,168,221,117,175,143,169,210,99,230,18,17,110,165,1,51,139,32,219,104,217,240,74,198,80,166,35,71,142,133,35,241,98,18,6,10,173,166,89,54,108,199,209,197,99,27,252,191,122,194,221,24,79,103,152,8,58,40,114,147,84,238,218,41,83,242,89,60,63,167,44,45,145,156,239,154,9,183,198,192,28,151,90,17,224,136,75,80,173,116,149,137,132,85,244,98,9,94,9,19,96,213,15,127,133,227,144,244,247,158,139,79,59,180,190,9,4,175,239,118,108,173,156,90,13,207,175,64,39,221,220,39,15,85,220,6,65,238,54,184,207,102,188,219,167,12,113,91,94,116,237,0,2,36,47,197,26,45,198,184,224,145,75,87,231,142,74,102,80,63,127,82,157,140,16,195,201,153,153,71,187,52,115,166,38,134,173,39,63,184,29,57,149,23,147,86,64,203,189,48,241,3,233,4,145,167,142,47,171,169,22,5,106,194,197,163,232,196,156,79,165,44,52,67,26,90,136,205,174,237,95,27,228,61,162,171,241,6,168,71,168,196,124,14,253,156,59,228,84,62,134,105,182,33,23,16,42,248,219,249,32,87,170,142,151,44,134,156,114,75,85,63,104,107,19,150,0,122,115,62,197,75,199,153,182,238,147,64,86,160,228,37,213,98,39,166,63,13,13,167,45,137,230,97,132,54,44,151,91,29,62,40,37,148,177,230,104,223,150,67,59,22,145,150,208,24,107,39,234,102,39,148,3,84,75,231,134,71,6,112,245,119,70,61,166,149,143,134,142,242,181,125,33,238,64,45,164,180,102,77,17,27,157,137,168,123,151,75,44,252,97,138,144,96,156,141,110,18,132,206,203,202,191,230,225,111,58,7,190,156,45,181,138,29,250,151,80,57,244,25,92,149,236,5,10,183,78,98,225,86,11,79,185,14,171,78,54,223,209,150,251,15,174,19,235,165,199,122,203,132,149,185,6,43,203,124,65,78,24,233,17,45,202,175,162,235,108,147,48,9,100,240,144,218,171,169,140,75,157,120,86,24,134,170,248,85,125,170,96,79,137,64,62,176,36,237,45,241,193,132,110,76,113,18,169,83,28,186,210,247,203,98,205,40,195,82,62,92,80,4,2,141,238,127
90,1,120,170,148,54,230,253,132,112,72,217,26,136,12,185,228,237,47,224,60,187,144,177,22,97,136,138,68,58,214,42,96,92,246,71,188,127,106,102,105,251,36,68,149,93,148,103,156,149,94,9,90,67,44,79,41,129,159,209,137,241,172,105,42,42,93,164,148,82,218,199,124,47,86,157,233,40,246,14,67,59,37,153,84,176,216,118,230,194,144,120,94,162,204,8,161,92,188,253,83,74,223,148,22,88,24,76,127,162,143,77,228,108,20,35,126,67,55,213,17,163,132,21,183,21,36,96,233,250,178,122,137,19,78,4,21,171,145,251,123,240,152,30,233,154,89,112,205,194,64,51,27,100,84,143,53,100,90,184,192,213,234,186,48,31,123,48,248,230,127,83,180,150,55,37,106,26,0,198,207,114,49,11,79,228,100,185,100,213,225,141,168,11,2,194,73,104,60,96,229,224,125,245,53,169,172,138,212,100,70,26,226,64,230,34,202,90,201,92,210,83,143,119,169,166,65,116,36,175,176,24,208,29,128,124,230,225,5,77,121,182,158,126,180,39,186,160,219,253,72,208,2,220,3,57,137,185,219,26,74,57,103,118,252,59,254,223,72,5,52,0,128,228,46,150,155,13,148,20,99,122,184,80,142,127,122,106,9,105,46,170,196,202,15,182,76,169,118,166,217,22,13,174,169,132,101,102,14,205,61,46,158,29,73,206,214,23,210,231,235,212,36,65,132,61,101,203,52,68,235,72,57,157,180,253,0,24,178,76,177,157,77,4,150,99,120,52,148,122,227,197,9,127,177,165,39,152,37,221,84,167,53,74,105,229,88,85,179,210,91,113,135,228,192,88,253,121,231,71,195,31,106,83,165,35,74,191,203,202,96,166,229,168,149,141,56,29,85,209,15,194,86,183,14,243,93,180,56,105,97,3,224,12,164,249,189,205,213,252,119,32,163,29,146,120,42,12,248,187,19,182,193,40,120,160,44,120,18,96,46,124,32,131,216,162,9,225,201,8,204,253,194,89,67,78,207,30,180,31,84,240,249,185,7,90,198,74,79,3,163,87,73,96,217,186,199,194,252,160,10,170,40,77,224,226,104,66,180,56,34,177,37,30,83,231,48,101,145,100,205,236,103,112,189,57,206,27,225,226,207,63,127
210,116,124,21,148,48,116,106,149,61,229,61,83,131,195,159,36,177,21,28,17,63,104,9,101,132,96,67,20,101,20,234,138,65,128,141,88,34,23,64,161,205,206,105,73,243,238,23,153,219,198,102,55,180,141,43,223,238,221,118,37,106,237,179,129,8,41,133,122,128,105,61,175,100,28,205,39,175,251,80,39,245,9,38,243,189,105,24,81,240,37,13,187,197,173,185,8,3,229,159,213,225,165,113,61,2,69,218,220,94,60,208,107,42,76,97,109,184,66,115,126,101,92,35,225,163,199,197,83,190,156,84,172,119,44,14,240,96,239,97,241,63,183,16,48,44,5,52,216,155,28,25,152,242,235,223,35,248,231,156,106,63,71,176,248,120,164,178,13,46,160,238,236,191,161,253,195,30,109,133,223,49,73,188,146,49,234,168,106,32,2,27,65,240,52,173,145,213,154,75,95,33,63,209,254,28,217,144,253,52,236,84,208,123,17,245,163,6,45,148,245,134,15,210,24,144,141,127,81,205,1,177,30,249,92,90,175,120,179,175,141,3,77,200,157,4,214,48,63,113,137,18,194,55,195,161,151,125,187,117,141,51,164,150,42,52,230,231,210,5,108,147,216,9,235,61,186,225,186,173,176,53,31,63,4,153,158,139,30,236,211,113,213,8,122,85,74,69,93,182,77,128,62,4,67,34,24,55,217,136,11,231,114,194,221,214,1,58,155,69,10,111,209,85,128,99,175,247,115,60,188,175,0,144,208,86,58,134,192,200,147,187,222,171,47,174,47,230,51,224,29,61,33,78,117,138,106,224,2,82,187,95,149,254,179,115,235,100,124,151,3,155,236,44,53,1,190,49,247,142,41,177,82,86,165,69,231,115,141,80,236,57,51,6,145,236,2,49,161,90,179,186,84,47,65,99,224,107,142,219,95,13,165,175,0,131,26,80,121,190,92,175,70,2,51,137,193,25,87,243,53,165,73,196,122,22,76,154,240,39,12,221,114,39,66,45,118,184,237,50,226,145,116,53,190,127,171,99,79,62,7,164,212,70,149,0,47,168,170,13,228,23,147,41,84,231,217,225,124,171,24,217,160,247,141,4,110,23,96,87,125,76,201,11,149,204,225,89,0,235,4,194,1,171,13,96,124,199,102,177,224,108,127
55,144,99,25,228,100,24,245,8,17,158,73,193,156,24,216,24,109,71,16,110,151,85,224,203,174,54,144,13,45,24,96,48,242,49,17,253,121,194,203,194,192,204,204,170,196,119,146,108,40,54,73,45,177,183,148,103,179,154,194,15,64,54,167,24,162,222,204,56,68,69,77,102,63,142,239,55,248,24,158,203,142,32,200,32,17,249,83,215,11,25,245,41,132,132,136,93,16,122,209,23,221,34,117,207,181,80,14,127,146,143,169,85,203,33,95,8,173,33,214,18,175,64,248,185,14,235,127,97,79,159,36,220,49,43,48,128,18,248,147,79,46,220,92,19,168,151,162,254,97,58,64,48,88,59,248,254,79,145,11,123,235,89,180,236,45,90,131,91,143,123,82,212,74,114,239,110,97,105,150,63,65,166,246,75,137,23,59,10,208,87,175,58,177,101,150,184,152,181,102,209,240,205,65,60,147,72,93,125,211,194,221,113,99,85,0,120,92,195,77,74,56,103,20,19,245,109,1,151,15,73,140,126,253,175,229,63,208,124,2,96,221,9,25,209,149,230,224,100,160,160,198,234,210,53,76,198,129,139,220,115,188,226,141,193,55,203,78,6,193,228,53,239,62,219,112,164,106,113,206,244,201,14,165,49,226,40,144,69,47,26,206,46,112,205,102,43,71,185,116,218,241,88,37,98,88,98,170,112,101,217,189,189,193,141,87,205,253,5,134,205,80,208,8,136,199,141,128,68,114,60,107,140,132,91,0,254,181,199,61,48,216,121,110,79,26,36,62,110,217,120,249,231,235,209,98,45,168,58,168,53,230,178,230,252,250,47,225,60,245,68,49,248,167,225,4,173,213,192,50,49,253,67,98,27,216,153,47,135,143,35,37,63,227,16,135,184,40,70,212,86,81,30,17,41,205,56,128,41,43,69,61,78,14,214,118,20,215,50,195,99,239,226,60,90,224,8,237,21,178,212,253,18,234,185,114,172,5,166,142,40,236,138,220,175,47,214,209,153,191,32,59,123,184,231,158,82,141,209,145,123,98,32,97,20,90,153,174,240,177,6,87,117,14,70,125,196,241,71,158,157,70,31,11,202,108,241,150,138,111,224,14,99,241,5,96,226,60,254,42,23,165,173,168,80,117,73,10,219,133,163,40,127
91,188,90,71,220,130,0,212,13,17,170,193,214,14,67,147,191,210,108,122,240,81,115,68,124,77,59,199,149,163,187,240,173,123,236,230,10,195,126,181,112,113,155,236,252,97,135,130,76,126,172,139,196,222,103,101,100,54,187,242,62,71,77,177,50,164,111,236,190,39,40,190,238,60,13,112,66,87,102,93,62,178,46,114,29,91,37,85,28,154,62,17,140,247,246,138,192,145,120,21,215,227,19,70,112,224,242,48,196,75,41,121,242,67,23,61,141,193,28,108,253,55,199,137,0,224,17,14,213,220,3,239,207,162,218,45,129,74,240,56,25,169,157,216,2,155,246,55,218,179,228,113,80,247,73,186,135,62,146,133,73,239,192,122,168,80,179,232,82,2,63,219,230,222,104,156,81,102,108,192,20,131,93,21,43,189,137,151,71,70,246,251,116,56,66,39,115,215,100,242,188,13,230,8,72,199,182,127,244,34,141,214,31,17,105,89,51,21,161,77,64,122,128,253,206,38,97,38,198,87,254,129,216,116,59,54,44,66,46,165,23,50,158,204,167,179,99,143,212,32,229,211,182,3,115,58,253,79,122,216,168,190,249,197,122,49,50,231,231,11,86,54,179,125,194,233,159,251,117,180,13,36,104,47,29,223,137,110,156,83,13,154,188,142,100,112,174,96,180,254,199,69,135,178,226,4,112,178,219,161,210,84,29,133,55,20,46,32,15,36,9,237,189,206,138,241,94,40,34,229,245,63,106,97,108,98,203,160,168,2,132,105,214,5,103,177,28,28,220,170,193,245,32,8,50,187,218,215,252,136,130,90,64,4,135,74,139,232,219,157,204,229,30,166,38,160,244,16,114,246,193,248,135,163,69,213,87,212,132,170,62,154,13,64,213,13,211,236,105,100,57,139,227,1,216,66,193,224,86,138,16,8,156,107,44,234,214,52,113,254,108,126,9,150,18,158,84,38,174,123,7,101,181,127,228,217,29,59,43,172,51,197,55,50,45,39,184,61,47,138,117,7,81,158,177,132,30,68,205,50,187,237,130,93,107,89,211,114,106,128,98,40,18,78,127,143,136,74,236,52,27,27,243,91,123,217,253,1,6,152,135,157,221,51,176,203,241,24,49,106,66,9,176,127,79,120,235,136,41,16,134,86,127
144,23,78,38,9,47,107,20,188,158,192,244,62,162,166,162,235,141,4,123,208,235,163,1,84,91,142,139,107,46,27,181,162,179,98,236,200,243,113,65,95,16,47,136,125,223,15,253,228,51,200,244,195,132,104,65,123,27,225,26,178,15,160,92,44,20,141,52,147,15,129,234,128,66,156,18,83,169,172,104,115,85,206,238,213,124,149,46,111,174,5,242,125,74,254,231,35,66,205,221,248,20,73,198,30,135,71,185,45,1,24,98,58,81,154,171,34,144,42,168,62,198,134,161,203,16,212,135,18,102,75,98,154,252,231,52,242,238,117,253,50,76,17,76,30,130,45,151,238,127,132,23,39,164,145,63,92,52,16,63,18,88,252,4,41,141,206,45,28,169,241,202,16,65,182,172,241,177,105,230,141,201,165,153,237,210,87,77,8,243,201,35,26,70,118,209,28,220,47,175,96,43,214,115,131,89,24,234,25,55,1,148,226,81,139,230,120,99,34,25,30,147,194,36,170,175,249,128,194,26,94,155,44,134,149,48,113,21,110,185,55,10,104,173,130,47,209,2,73,49,156,190,87,144,118,95,234,167,3,7,251,185,84,17,94,114,72,190,242,208,217,62,29,135,42,164,163,24,214,55,212,51,14,125,89,85,135,231,149,52,106,194,24,221,245,140,31,29,205,221,211,117,248,154,252,249,240,192,205,2,116,233,66,216,145,219,159,241,99,48,16,33,94,174,92,213,241,65,185,48,196,52,186,0,154,248,17,174,12,205,225,20,19,101,5,249,193,69,186,17,105,46,67,238,30,104,162,92,193,238,48,8,96,82,21,198,208,177,97,236,96,164,229,245,88,208,57,205,121,104,199,161,211,101,57,225,127,28,37,207,49,74,156,119,136,199,29,156,40,95,24,73,82,241,104,18,61,123,120,39,213,76,137,136,162,51,62,35,212,15,128,27,54,126,61,234,142,106,151,107,22,76,168,97,169,56,60,214,175,16,14,81,59,185,123,28,60,47,227,118,214,149,24,118,125,88,68,2,64,179,221,76,71,233,102,80,227,118,37,79,202,22,17,151,67,110,235,154,23,134,247,206,27,145,67,207,147,244,5,90,74,165,249,65,195,143,188,87,91,62,55,134,9,178,184,5,207,228,217,16,76,28,127
214,186,151,232,104,27,245,168,220,60,134,210,94,238,179,32,47,47,52,113,83,75,167,35,114,160,77,168,177,194,205,61,47,31,66,18,13,32,2,11,170,66,29,0,124,71,155,246,69,86,252,216,125,76,150,117,109,73,138,146,148,254,110,35,85,164,190,91,240,26,242,203,220,232,212,2,146,139,90,44,76,23,7,61,152,167,136,89,28,129,222,181,43,24,222,33,204,175,172,192,10,91,241,71,147,173,18,56,235,132,166,70,6,47,246,62,247,133,175,221,240,150,84,161,195,180,62,201,232,49,55,74,127,103,51,43,235,202,152,108,183,205,195,248,52,244,143,138,243,217,104,0,190,254,177,233,222,76,242,182,219,131,244,78,11,245,213,75,67,206,148,107,247,56,66,16,40,239,12,219,173,226,170,118,163,120,59,219,173,4,47,64,107,90,85,190,210,198,12,189,67,115,80,9,173,98,198,179,192,234,216,55,193,188,153,202,153,224,142,90,112,76,221,72,0,241,213,99,85,218,48,171,125,46,157,195,21,64,154,171,96,138,15,107,97,180,176,112,13,4,241,86,176,20,238,215,245,117,39,44,158,121,144,126,94,165,113,79,88,135,97,125,236,37,121,204,28,97,7,54,33,51,210,186,252,80,193,36,68,187,17,44,200,248,124,86,98,112,34,222,55,198,9,238,15,249,165,199,68,140,216,165,132,250,235,245,225,210,233,192,141,34,192,104,83,115,53,110,171,216,146,137,12,59,23,117,250,218,204,209,104,183,36,68,154,179,203,2,190,57,123,25,204,55,51,125,34,14,187,146,21,140,122,189,22,5,241,231,170,198,231,241,254,153,29,145,183,115,84,187,30,95,156,10,73,79,170,132,201,147,114,97,64,253,53,158,253,31,209,186,0,20,182,2,1,21,75,10,250,218,98,14,166,246,148,232,200,77,135,240,238,55,248,50,254,237,132,237,187,87,87,57,159,128,167,94,84,149,31,10,125,36,108,90,60,150,225,186,125,85,184,134,44,120,121,21,176,114,120,8,234,252,156,193,44,6,14,58,31,96,183,48,227,222,56,83,13,197,201,233,99,187,37,116,42,4,194,16,74,122,131,217,10,5,146,16,93,94,159,45,23,172,224,226,85,194,4,120,75,45,53,123,127
103,140,249,20,133,172,140,61,89,158,141,157,24,72,94,8,175,3,36,100,195,127,212,145,41,66,0,1,90,38,182,66,47,45,152,122,146,37,248,116,49,128,210,224,132,160,222,76,215,218,160,92,106,155,178,76,49,115,21,204,115,195,165,130,110,127,46,58,3,51,112,210,127,27,237,158,10,141,178,165,193,97,214,169,135,29,205,231,27,129,12,60,120,171,9,199,17,206,3,220,46,105,189,58,80,254,92,74,191,51,208,208,172,182,203,224,231,45,38,208,0,202,127,132,107,44,67,1,158,127,18,62,41,43,46,18,122,199,170,136,119,212,88,215,99,250,18,251,78,170,167,152,240,195,191,161,193,150,92,161,81,88,61,242,98,28,172,146,19,140,5,160,189,159,153,4,201,73,206,100,245,146,220,93,69,231,120,6,100,132,21,87,46,113,225,11,8,235,239,190,146,75,118,88,28,42,196,240,61,61,208,111,124,151,222,85,114,115,107,11,204,181,204,159,120,113,118,102,55,107,69,100,111,43,172,134,233,41,30,120,37,130,134,93,59,23,213,18,245,193,149,202,173,32,41,1,216,131,252,60,50,37,241,112,197,54,53,80,154,222,150,147,18,69,241,16,6,59,78,111,92,85,245,186,235,36,172,244,138,228,47,205,34,169,245,52,228,116,152,44,124,34,160,228,160,240,16,75,5,208,188,126,16,166,244,53,84,74,135,86,24,94,104,196,30,33,170,183,13,37,117,159,141,8,130,251,165,191,253,69,236,29,59,75,114,68,67,125,245,153,29,157,126,177,106,87,83,63,206,174,37,221,189,28,112,143,232,122,65,109,124,56,95,102,228,120,104,27,214,214,188,76,94,57,37,87,76,181,66,137,167,67,2,67,149,70,117,198,222,208,230,192,234,15,215,241,97,14,130,23,55,184,178,23,229,93,221,103,59,5,70,158,116,124,112,161,11,121,11,124,126,22,5,105,239,155,69,14,20,11,78,154,157,110,127,135,94,91,107,12,213,36,209,235,219,144,92,180,110,122,158,223,8,108,97,206,122,109,214,201,30,85,84,210,93,55,145,31,105,120,130,242,33,15,197,223,148,97,111,46,160,173,28,52,150,220,55,161,218,220,245,176,149,214,102,0,253,4,212,69,18,75,127
77,45,49,215,16,70,146,62,18,48,136,74,182,129,231,181,38,202,108,35,208,210,64,14,102,206,100,162,190,86,120,162,109,250,223,148,101,0,128,99,230,98,94,13,114,124,124,175,42,142,78,177,136,149,193,236,44,112,0,74,121,73,185,38,45,96,223,215,39,13,30,26,19,18,188,179,198,238,244,216,253,166,24,239,13,153,25,254,84,68,38,252,41,149,221,139,245,179,136,156,204,253,107,110,76,170,106,235,76,28,110,135,17,124,36,146,236,210,203,194,21,112,94,69,192,99,135,80,134,127,150,70,230,120,102,220,113,43,67,100,153,67,98,173,193,165,185,167,21,214,31,180,84,166,132,166,178,45,13,141,15,177,182,166,66,112,55,159,42,29,47,54,201,191,190,37,79,22,73,66,209,87,196,111,134,45,13,88,11,43,241,72,115,127,86,105,157,119,58,223,146,215,98,145,92,68,130,223,167,200,221,169,175,41,190,231,237,40,113,211,54,221,120,41,39,148,169,39,29,221,152,126,248,77,169,142,17,58,107,114,220,247,185,199,151,50,205,98,3,36,174,149,185,232,136,220,74,49,76,245,136,207,63,37,246,127,201,184,80,98,116,167,87,193,21,10,36,52,42,153,154,35,52,37,246,18,55,120,214,221,147,32,203,74,214,116,162,198,111,61,116,251,21,79,245,34,67,86,181,187,139,208,137,106,211,105,140,66,88,130,72,150,170,179,235,86,173,203,162,229,121,230,91,56,69,94,65,120,208,153,88,23,92,152,146,39,51,196,252,173,16,167,125,8,69,186,202,50,230,26,64,55,212,192,48,143,106,170,57,140,158,187,109,197,166,10,61,213,110,84,50,14,51,81,194,58,41,225,77,54,246,132,96,189,24,169,92,14,131,198,126,209,161,246,35,164,191,221,198,151,248,238,81,164,63,210,243,141,251,144,239,171,139,7,154,154,247,35,10,199,251,15,203,65,69,68,89,209,160,195,240,227,129,121,65,253,148,60,154,127,221,122,247,46,179,220,153,0,116,22,40,113,246,208,208,70,96,149,89,73,124,135,59,202,214,197,107,95,104,71,198,131,23,226,132,57,110,0,50,62,189,220,68,89,119,20,160,42,153,29,77,147,43,3,45,101,177,123,234,198,170,50,127
