205,195,86,218,132,211,126,45,241,116,104,5,189,7,146,230,133,254,142,221,223,178,221,43,205,31,118,30,116,110,117,85,15,177,193,161,243,239,191,28,179,133,250,220,26,68,206,94,74,15,36,211,136,174,78,151,56,11,222,29,236,120,47,201,127
142,112,144,160,20,133,90,212,95,143,24,59,151,57,82,30,24,158,16,147,207,76,201,130,102,111,182,179,197,154,101,195,210,110,99,225,171,153,216,233,99,34,143,131,26,100,17,140,70,202,70,155,44,223,142,152,234,50,173,4,134,185,247,84,127
150,211,5,213,3,179,141,18,182,168,9,100,9,129,172,65,65,45,173,113,183,254,179,157,133,227,147,99,105,121,182,125,1,77,34,56,229,132,73,161,125,204,65,58,187,157,146,80,172,14,6,82,244,235,6,134,190,33,77,234,161,239,232,134,127
95,222,22,22,185,79,168,237,22,193,150,17,140,174,189,164,9,238,81,19,46,125,176,243,202,34,234,37,108,130,244,37,226,135,252,222,16,76,89,48,226,48,247,70,100,55,234,22,121,240,157,245,139,99,38,161,39,173,227,57,99,48,73,134,127
72,241,18,177,4,9,183,235,17,109,81,64,79,162,233,74,194,173,85,208,157,89,80,52,5,26,179,30,129,138,164,32,4,200,67,210,169,239,8,163,65,153,99,187,240,41,136,99,4,84,85,120,38,89,225,177,254,172,80,165,34,36,152,104,127
197,0,90,79,109,9,44,219,121,25,64,206,81,65,125,91,144,207,8,68,105,188,22,235,230,87,20,145,146,3,181,158,93,190,148,185,43,15,219,37,13,36,92,57,252,223,163,125,100,201,161,141,213,211,18,187,253,104,118,182,223,143,158,23,127
73,224,23,123,234,139,190,82,53,23,248,252,65,117,93,217,107,43,161,11,1,176,123,63,78,209,3,215,154,9,202,186,41,95,152,191,189,120,129,54,236,165,251,217,69,238,112,181,158,140,180,204,3,69,85,164,130,234,37,248,124,73,246,111,127
203,177,215,183,196,81,114,183,127,109,191,117,25,189,144,6,41,241,124,77,53,251,100,95,5,103,89,150,199,59,107,250,242,106,166,74,31,154,220,197,183,172,234,17,46,4,7,201,107,199,245,99,248,65,62,172,160,193,137,237,239,127,97,218,127
139,6,128,249,184,136,36,119,135,250,182,244,101,22,183,163,78,175,186,94,53,172,246,136,104,32,201,116,211,188,4,153,41,164,58,77,40,15,193,42,5,150,182,141,55,169,63,242,158,221,43,186,175,249,89,97,139,213,150,63,213,61,109,116,127
178,170,104,33,39,188,97,172,54,131,157,137,194,143,239,112,213,239,210,50,181,56,214,116,13,32,22,178,148,148,195,80,233,11,59,164,187,174,189,57,12,163,207,147,12,97,32,169,195,63,14,50,114,54,91,234,102,211,88,98,225,244,165,24,127
206,182,200,239,250,128,18,222,16,56,71,5,27,178,124,13,106,146,241,220,57,143,92,189,94,118,177,23,159,167,187,94,200,50,230,210,83,174,101,191,156,97,170,16,39,82,216,155,237,101,39,31,102,115,100,73,64,173,234,1,150,206,183,95,127
104,156,15,166,190,3,3,142,94,134,242,170,209,204,200,22,187,163,142,196,230,230,234,27,23,205,156,204,76,176,215,213,174,194,80,45,107,6,44,220,229,179,19,193,127,80,113,8,62,44,209,65,159,206,30,107,195,2,8,25,141,215,60,69,127
243,183,25,155,193,137,21,224,44,122,135,144,127,181,102,31,160,2,128,111,18,175,36,91,149,247,212,233,190,155,114,215,45,195,79,233,31,148,0,61,187,163,4,17,91,198,190,132,190,243,65,34,183,98,201,101,174,52,65,38,189,82,24,248,127
171,230,241,123,176,146,219,177,163,13,41,109,84,213,181,173,228,34,166,214,217,58,45,16,74,121,36,176,199,130,73,231,87,53,208,237,5,209,197,53,234,197,207,225,207,154,157,55,158,254,209,127,132,114,244,193,156,139,228,251,57,77,125,235,127
20,187,176,64,204,157,142,22,229,16,40,174,91,95,103,216,241,127,156,249,58,138,150,129,160,222,57,21,3,9,188,64,181,232,144,41,167,185,228,120,126,7,31,44,153,142,17,197,190,169,125,152,27,251,32,152,232,124,32,222,203,60,144,226,127
119,52,101,101,1,201,126,242,104,229,113,187,246,51,251,134,226,145,126,125,62,90,75,132,66,167,26,176,67,253,159,254,99,77,131,27,72,43,119,106,6,13,103,150,120,2,195,82,190,54,67,2,30,105,190,57,177,224,78,163,142,213,189,38,127
34,35,220,126,83,85,1,165,145,248,24,243,128,60,230,39,160,65,165,222,139,139,41,173,81,132,8,116,2,146,126,243,200,202,103,236,188,112,114,215,243,100,70,116,14,227,23,30,136,69,104,106,99,27,108,81,212,125,150,237,101,204,218,19,127
1,184,59,144,167,230,17,107,28,210,42,44,113,228,164,1,32,170,157,148,238,34,72,87,111,174,55,224,247,242,175,27,165,16,199,92,251,6,247,149,245,90,130,167,161,242,85,132,141,95,71,93,189,148,111,211,92,105,215,211,36,45,129,110,127
122,240,51,127,225,8,52,133,70,200,172,159,235,84,240,243,97,100,176,44,165,10,224,114,42,21,223,240,214,47,25,200,50,48,57,160,85,251,105,188,74,3,19,225,106,161,242,111,238,214,131,134,122,38,234,200,82,100,7,172,118,25,194,10,127
167,53,217,142,208,116,104,116,29,123,183,8,174,240,251,246,36,201,5,179,148,54,20,60,209,240,75,144,138,46,147,137,80,132,94,179,47,150,157,206,60,188,115,126,212,121,170,7,160,206,45,164,131,101,195,42,35,56,84,3,104,85,33,30,127
236,253,183,252,32,249,31,74,241,143,150,95,70,230,184,155,178,172,98,24,223,211,131,87,62,143,60,164,99,113,182,194,78,181,65,31,186,76,85,142,200,53,48,242,115,162,131,8,81,171,141,40,252,109,63,107,250,249,27,119,149,194,8,109,127
127,92,27,1,41,37,210,158,51,3,34,167,134,22,97,36,196,57,14,70,125,43,84,169,123,37,215,93,212,36,170,203,12,144,248,116,55,34,11,28,84,210,74,217,98,166,36,232,85,115,239,183,206,146,45,104,187,211,196,182,157,46,75,145,127
120,55,61,110,104,10,169,164,46,29,32,103,241,84,91,120,217,66,146,126,82,176,211,192,55,95,99,178,232,14,129,80,202,46,116,77,8,219,50,213,162,23,15,250,127,47,168,209,58,223,178,4,128,144,54,214,40,62,241,116,15,85,216,174,127
221,211,54,143,61,254,103,40,220,193,204,117,170,37,119,83,117,24,118,148,250,32,140,233,58,240,49,75,132,76,131,242,206,101,242,237,200,250,236,175,109,121,108,174,92,189,188,82,178,167,178,182,49,67,142,249,220,201,122,40,27,82,106,56,127
36,46,194,82,203,236,101,156,94,100,179,89,91,80,127,181,164,246,132,46,127,200,219,114,216,235,246,141,138,100,190,17,72,106,140,163,251,159,91,125,74,236,111,93,17,223,24,247,24,101,149,190,148,199,64,35,162,166,176,107,84,248,100,132,127
144,154,56,151,188,135,130,5,1,211,155,1,138,26,45,68,131,27,217,236,213,129,80,232,192,137,83,16,46,30,227,237,163,80,95,33,18,187,57,159,60,198,81,42,78,14,124,211,225,102,5,158,30,28,61,29,147,9,14,246,227,228,215,244,127
162,243,192,171,109,1,204,96,60,55,244,52,84,142,238,218,252,183,129,236,89,79,183,226,68,206,36,162,75,73,161,128,71,102,96,246,28,127,24,223,82,22,239,196,37,16,162,22,45,88,39,151,233,15,83,16,35,86,46,39,225,71,207,132,127
28,173,105,194,142,75,90,139,224,88,163,223,101,2,152,146,170,159,140,236,203,69,144,135,134,51,103,225,52,1,40,98,154,6,196,100,71,250,132,116,180,200,74,50,31,42,179,96,126,69,188,230,65,8,128,168,21,177,26,29,165,50,78,174,127
253,197,94,63,159,43,118,65,67,246,253,19,133,193,18,214,41,88,55,245,152,52,44,19,94,226,185,24,163,18,229,58,23,109,85,70,68,164,197,108,188,205,69,219,97,150,41,232,237,54,194,110,246,94,154,59,158,73,174,195,57,228,41,208,127
57,214,112,120,49,58,52,230,223,104,143,174,129,15,168,122,116,236,228,138,54,88,116,167,73,209,182,179,29,252,103,83,125,41,99,82,44,61,194,90,147,168,237,228,21,235,221,99,156,101,14,24,22,45,118,4,43,92,8,57,246,44,174,188,127
65,245,50,191,93,127,166,31,79,183,57,126,54,152,171,216,183,32,97,83,245,138,123,189,216,191,153,153,122,134,152,17,166,68,112,18,195,222,59,22,153,54,246,88,48,186,49,103,36,203,188,219,101,190,15,56,226,134,191,140,59,204,150,17,127
26,211,82,93,29,221,240,43,184,162,44,31,253,12,92,36,161,171,42,166,112,138,230,166,4,140,83,238,9,101,33,105,108,235,108,122,243,201,3,183,0,65,128,88,103,221,137,181,138,225,102,108,54,124,154,180,74,163,213,87,104,196,215,243,127
83,182,142,39,6,1,11,52,214,14,18,60,218,172,127,61,128,62,195,6,180,229,53,77,207,29,69,153,87,222,197,150,28,227,28,115,232,160,167,205,51,240,24,189,157,32,132,10,145,103,175,113,34,120,150,120,185,35,54,251,251,155,2,142,127
64,45,29,77,88,83,75,162,97,13,17,190,153,204,236,128,115,193,252,104,166,120,122,177,114,104,145,188,184,240,57,53,75,146,218,141,158,173,91,151,116,241,106,46,8,37,23,213,253,249,96,128,66,76,86,45,167,251,11,37,96,237,40,205,127
89,163,190,65,235,246,157,166,137,3,79,153,37,100,36,222,103,12,168,231,194,34,26,43,131,191,87,176,4,25,169,252,71,64,199,110,119,96,244,233,47,54,93,77,94,58,85,224,102,55,169,172,6,28,4,230,231,250,209,191,53,23,58,126,127
244,162,81,23,243,214,57,118,157,80,116,149,229,111,165,222,2,172,90,120,124,109,193,221,49,84,168,66,75,206,21,183,146,158,30,62,127,24,36,62,253,186,58,216,94,18,11,79,96,176,252,181,37,76,77,197,237,121,15,235,64,106,174,138,127
82,233,234,45,171,145,244,121,26,180,253,73,147,73,149,209,237,29,19,29,204,92,201,100,130,98,50,15,238,143,212,214,5,234,199,42,41,25,234,115,9,197,21,102,250,37,211,78,98,56,181,130,162,145,51,82,121,71,101,127,102,54,229,191,127
204,85,122,130,110,22,68,207,111,181,104,192,251,155,93,186,105,248,250,100,217,132,103,200,89,24,240,247,76,157,187,127,159,247,40,222,77,235,60,41,8,82,120,192,186,85,221,151,184,9,231,113,159,72,198,169,229,170,154,135,222,14,60,146,127
34,32,243,73,9,197,44,204,233,99,132,135,102,55,148,178,55,146,73,53,249,198,103,161,210,54,228,146,241,142,106,209,176,197,157,48,93,165,124,32,52,242,29,9,28,80,251,155,174,169,108,78,127,249,207,212,179,170,36,225,213,174,120,182,127
190,49,50,137,224,109,223,53,246,159,173,57,53,238,42,122,189,124,131,205,21,210,22,194,156,21,52,228,94,74,154,221,152,116,118,84,116,2,66,111,229,168,251,193,149,152,6,199,96,219,194,172,186,56,203,233,65,129,118,182,127,21,184,224,127
16,196,194,58,243,221,219,109,149,30,66,182,32,209,94,152,217,27,168,154,240,11,129,144,247,135,159,112,189,77,127,59,119,1,206,48,163,187,173,156,235,251,49,224,226,46,173,229,54,233,224,171,159,209,67,100,59,182,88,80,32,20,135,19,127
232,17,254,90,32,197,26,124,82,175,88,40,158,155,59,162,102,158,240,76,204,18,160,93,205,177,21,149,66,112,31,203,167,6,131,253,43,125,164,117,54,200,219,166,68,68,244,115,154,172,164,41,143,109,189,130,82,29,111,178,34,127,27,196,127
131,247,118,253,162,73,62,108,103,44,209,41,16,82,97,115,159,76,70,199,74,56,108,78,27,65,160,111,44,228,116,24,145,213,109,111,6,84,158,231,51,65,15,228,230,143,241,89,209,20,207,124,92,200,187,201,101,219,218,182,187,81,174,239,127
137,142,48,79,178,129,249,11,223,167,5,44,18,99,48,186,142,9,49,236,142,44,167,34,188,44,126,226,145,189,121,120,167,235,104,202,83,73,23,194,22,214,216,111,76,69,221,207,193,80,254,24,235,173,6,238,251,242,21,82,124,20,168,131,127
59,17,109,236,67,233,26,166,140,23,195,53,15,33,240,15,201,197,63,63,48,28,140,83,76,125,149,178,200,137,116,192,70,98,4,250,82,58,213,138,109,80,221,166,211,36,48,230,50,161,77,30,175,99,102,65,12,164,113,20,117,149,54,83,127
145,224,153,236,53,179,103,28,11,161,71,78,240,186,129,118,127,155,184,246,44,121,146,179,126,140,119,122,80,249,55,71,154,187,214,194,70,111,32,138,119,168,134,189,29,25,197,28,116,17,3,79,212,30,210,247,64,9,20,83,215,221,37,93,127
169,56,169,19,211,205,60,193,191,10,74,70,189,136,70,217,180,21,139,46,0,11,16,173,94,82,98,5,191,224,191,174,127,17,156,242,99,243,234,194,230,246,58,6,168,133,252,81,158,205,183,227,59,216,100,10,142,59,51,100,130,248,195,187,127
44,228,187,234,232,97,96,61,198,118,122,23,151,22,76,77,148,5,67,4,129,25,87,194,91,243,59,12,58,135,17,227,125,125,179,113,40,86,20,231,106,77,119,140,134,136,193,254,29,196,46,157,192,201,83,232,126,240,132,196,9,83,53,119,127
248,145,166,54,108,160,69,93,17,164,21,60,159,236,188,155,210,133,118,45,139,240,238,167,92,56,103,41,158,55,56,123,101,12,234,105,71,78,29,40,8,37,36,232,243,107,104,115,250,57,38,29,162,214,230,220,3,109,173,167,37,40,76,244,127
65,54,104,202,132,70,75,90,226,241,101,229,98,193,189,206,213,171,36,141,249,108,136,214,8,118,223,74,73,90,46,138,5,43,187,32,125,247,196,204,159,242,132,138,250,39,161,250,164,29,99,15,158,70,48,26,219,83,147,122,64,209,132,85,127
74,217,46,192,222,251,127,163,48,23,163,136,96,201,165,188,150,78,222,198,215,115,114,131,143,124,170,142,241,97,106,81,5,243,116,239,177,89,11,128,211,117,122,241,68,153,10,228,1,228,220,2,21,147,244,108,236,68,64,116,94,172,7,113,127
154,254,153,245,82,74,72,54,30,74,27,250,137,88,146,16,109,141,185,53,250,157,4,127,227,208,54,135,107,56,117,118,26,63,156,189,220,82,2,97,250,23,136,144,228,19,61,227,37,113,116,65,171,212,129,214,85,10,184,230,40,0,198,140,127
109,4,172,51,30,169,157,33,216,31,45,55,166,242,187,155,139,187,211,38,5,32,176,198,126,162,147,125,111,32,176,155,123,167,20,80,232,40,212,137,123,211,27,9,235,153,27,252,56,128,4,189,61,1,94,4,122,82,201,96,166,65,242,153,127
132,48,13,177,195,78,202,222,191,210,138,56,19,118,171,72,86,24,108,217,84,31,6,139,233,24,138,247,212,24,133,166,197,213,24,143,236,241,116,128,145,233,162,225,31,161,251,216,148,110,87,221,27,178,40,77,105,113,144,140,80,198,184,116,127
86,67,112,179,185,103,126,200,58,14,30,88,171,251,139,180,233,128,22,171,32,189,198,133,87,144,48,117,27,209,77,142,222,212,27,124,247,128,70,117,251,188,50,21,142,5,107,79,242,212,180,175,103,146,241,228,9,111,246,154,30,8,196,205,127
172,27,101,246,27,111,251,207,222,68,236,147,42,174,204,247,20,126,190,38,100,24,111,10,221,32,108,104,227,225,211,214,2,19,179,199,107,65,89,181,70,203,115,131,51,164,234,112,62,231,53,144,5,40,20,41,149,177,233,187,66,135,194,85,127
187,95,50,161,17,0,176,53,180,85,161,29,165,201,84,128,184,145,90,119,137,247,174,86,92,116,83,43,48,54,62,176,189,68,166,48,225,228,132,76,118,222,241,56,54,144,225,97,60,240,70,158,83,157,144,65,99,11,174,119,81,16,226,82,127
107,36,138,174,73,90,153,122,156,164,9,223,235,182,152,238,220,197,208,253,94,70,182,228,47,212,101,87,177,165,49,58,250,90,37,214,173,98,231,151,138,192,165,46,92,70,204,107,53,230,83,90,80,86,88,37,45,196,73,48,241,229,46,116,127
173,233,18,65,199,23,210,19,0,211,65,206,195,56,203,57,51,204,144,46,32,145,238,236,46,36,192,99,66,149,182,209,141,158,121,216,165,144,134,60,150,164,19,77,34,35,152,229,72,14,55,197,186,27,209,250,44,241,77,140,53,153,247,216,127
135,181,142,142,1,50,121,37,55,154,183,157,198,150,1,14,68,157,11,88,73,237,144,199,4,176,37,11,50,60,244,66,236,26,27,150,169,176,75,64,198,62,44,213,214,84,18,17,163,224,66,87,55,247,210,236,146,231,85,8,16,216,63,102,127
154,201,155,136,105,60,52,54,208,37,249,97,194,229,17,77,252,250,190,211,87,110,87,211,196,56,172,176,135,62,30,55,166,29,219,227,166,176,2,24,186,110,201,99,11,191,47,36,148,228,125,47,215,227,29,146,31,202,63,92,190,98,78,91,127
178,4,225,99,214,206,71,177,188,186,104,52,35,150,39,195,200,230,246,15,74,206,55,136,157,175,74,33,189,78,195,141,147,75,192,249,28,119,45,86,63,77,185,119,219,247,83,73,240,243,59,185,102,55,216,173,247,29,16,7,164,195,25,198,127
233,209,155,129,59,236,28,79,146,26,101,97,125,227,246,149,252,64,56,73,67,123,242,39,227,21,208,157,172,1,31,199,88,137,157,53,173,32,15,218,208,121,90,182,204,98,47,232,230,124,0,126,122,202,146,149,73,31,183,194,233,15,247,112,127
132,144,122,2,36,61,67,230,50,177,154,115,198,222,196,128,233,21,9,47,73,194,232,67,78,194,109,249,71,249,149,152,69,77,224,49,106,214,226,8,153,93,67,206,252,14,67,75,132,240,103,59,174,142,248,142,118,19,249,90,16,139,22,237,127
134,70,55,42,67,153,98,127,167,170,183,173,54,27,61,208,29,241,232,235,155,93,250,27,179,111,102,195,139,131,73,95,240,235,20,253,197,164,114,94,19,53,4,48,1,143,175,194,176,18,171,183,165,200,120,216,208,124,15,114,96,25,101,71,127
220,207,36,140,109,147,215,17,84,1,14,20,170,57,177,243,233,52,248,149,128,217,50,153,233,40,74,169,102,50,198,119,120,206,201,215,231,132,198,244,130,154,221,205,237,130,219,163,210,231,166,27,156,130,22,142,58,52,1,237,107,40,42,21,127
188,120,56,232,185,145,84,133,110,122,216,244,115,187,130,118,146,70,212,73,52,78,32,228,226,112,177,126,25,21,137,67,224,237,212,113,13,99,52,4,234,11,204,55,189,24,90,184,127,41,53,69,0,158,38,175,233,226,70,109,184,176,247,87,127
225,64,118,104,56,197,176,146,29,170,207,165,155,13,154,53,116,12,84,111,183,50,32,197,249,160,246,177,98,109,123,161,174,104,234,25,184,197,195,193,89,128,7,251,45,207,147,32,82,152,70,69,163,250,39,149,218,5,187,190,70,235,137,195,127
228,56,37,251,239,136,68,145,148,41,1,207,73,166,150,185,222,31,224,231,108,57,201,84,57,41,174,150,203,215,143,114,132,136,99,141,20,11,133,183,44,73,184,30,228,74,203,219,3,220,103,87,103,113,246,127,115,170,13,17,185,16,155,66,127
73,132,140,49,36,171,181,97,137,181,129,252,224,127,16,148,217,229,236,140,180,235,52,249,217,233,236,224,152,249,83,26,71,238,92,69,43,203,89,227,130,157,188,123,193,220,17,202,245,101,213,193,54,226,181,43,39,186,125,153,237,204,9,79,127
161,22,168,65,202,238,186,66,56,45,26,125,170,117,226,32,110,109,140,125,147,195,210,189,52,241,149,98,128,17,27,45,52,87,8,215,112,183,231,141,26,178,174,199,250,116,62,2,89,71,179,69,182,107,229,174,92,146,91,93,239,194,47,224,127
146,171,11,239,249,63,165,72,133,38,23,49,131,155,37,68,97,206,127,236,112,55,12,144,85,45,239,128,17,127,28,92,228,70,126,221,250,212,120,231,184,247,182,217,239,20,161,70,124,77,227,115,210,167,243,127,18,176,32,119,142,202,47,248,127
122,36,119,52,187,39,254,90,144,209,237,139,131,145,88,67,175,81,54,202,31,78,151,237,120,63,37,234,234,127,12,74,72,157,101,221,164,30,137,187,119,206,55,78,71,225,143,171,156,243,160,31,211,178,127,231,44,52,235,191,228,108,42,250,127
174,199,243,203,195,165,171,107,126,133,141,91,87,177,120,212,209,102,53,141,78,55,119,224,46,21,75,109,76,243,54,237,120,190,98,220,45,33,154,1,4,44,11,224,64,175,45,115,225,140,139,194,82,19,3,69,247,252,246,17,190,3,63,84,127
139,209,94,236,182,85,38,143,2,111,55,153,119,25,52,112,46,77,148,68,244,28,89,62,134,187,188,55,37,105,140,0,165,67,79,134,91,136,7,143,23,94,158,67,211,94,213,170,96,140,146,237,252,105,58,238,150,183,63,123,243,82,29,51,127
220,205,243,22,164,172,186,17,249,18,3,82,44,49,177,157,37,152,16,27,102,244,204,233,215,225,40,35,52,234,38,88,61,153,143,144,183,59,247,181,223,18,159,212,109,247,228,26,109,91,94,104,246,230,8,158,145,28,100,19,62,202,138,113,127
119,161,54,126,102,88,71,232,69,46,131,19,7,22,50,149,236,143,153,52,146,49,111,65,13,119,136,217,69,42,205,222,148,174,116,83,113,212,45,149,167,16,73,213,78,62,23,178,107,86,236,248,118,173,69,82,102,226,109,35,61,110,194,164,127
221,141,106,97,173,130,9,221,186,64,213,28,128,57,37,232,208,236,28,189,192,178,216,9,39,204,68,136,189,21,102,211,12,114,232,84,232,104,11,79,132,246,38,7,215,166,126,200,189,225,65,165,171,227,183,2,240,190,119,32,196,59,237,194,127
34,86,126,87,120,204,196,1,55,104,232,32,51,2,4,207,102,32,206,125,40,212,115,2,32,199,129,15,14,161,75,32,190,173,10,133,104,251,84,107,30,78,196,84,144,111,172,33,52,106,243,230,195,33,56,56,223,148,108,100,211,160,65,229,127
245,200,78,26,148,164,148,30,125,20,57,249,245,5,65,235,161,151,44,125,1,31,219,75,106,43,71,23,155,146,34,44,183,21,94,82,106,146,70,135,28,162,119,251,142,128,139,131,170,92,224,211,46,154,20,225,136,70,1,24,169,86,4,63,127
96,136,197,100,11,98,190,180,32,156,126,235,184,5,130,55,246,194,140,230,225,79,137,85,42,218,210,82,27,214,168,141,222,231,179,229,2,185,142,22,97,192,44,149,163,85,237,45,205,61,158,126,139,181,88,106,103,126,201,238,15,36,107,237,127
26,92,73,16,49,83,133,194,180,209,44,7,138,194,152,39,11,209,60,104,87,194,226,168,106,55,239,122,216,8,37,206,116,59,129,160,149,16,56,85,221,186,221,131,142,106,56,167,243,153,229,73,242,249,138,85,105,190,34,234,128,125,199,109,127
24,150,215,195,125,129,231,95,47,56,22,138,125,5,189,62,100,225,231,59,181,244,24,121,43,235,24,219,102,36,168,173,19,123,111,209,22,94,48,132,43,44,224,155,132,181,144,196,154,116,76,69,99,188,252,241,182,194,100,95,187,130,184,4,127
222,13,76,236,78,108,112,98,80,83,89,147,207,56,13,26,44,134,34,226,154,132,253,115,103,22,188,224,229,120,238,101,166,191,252,96,52,109,133,221,124,222,201,50,151,92,184,40,154,138,162,175,219,106,56,215,177,44,154,93,224,180,159,21,127
40,80,74,93,37,43,133,3,174,60,142,10,116,182,180,92,234,21,223,221,186,223,166,86,233,26,166,91,201,231,130,81,40,202,81,139,113,21,69,149,148,35,204,184,151,57,134,158,66,23,194,91,70,128,172,45,158,131,227,23,101,64,237,203,127
207,227,21,165,138,24,96,236,73,160,27,202,247,65,120,64,248,21,81,143,57,42,85,204,25,69,37,231,227,171,59,211,219,162,75,169,50,71,42,143,43,118,167,232,6,128,151,35,33,225,54,86,239,112,252,202,211,28,88,38,101,126,39,79,127
74,82,70,179,201,51,127,149,5,241,180,79,231,184,135,93,76,135,1,128,9,67,125,88,157,245,203,12,178,31,137,32,189,250,185,8,230,69,209,243,52,147,135,222,106,4,60,72,202,237,233,192,117,204,67,6,190,237,176,210,231,217,215,229,127
80,61,104,138,119,17,103,247,214,210,184,70,68,116,88,171,38,18,213,241,245,137,187,136,205,132,53,170,79,201,112,182,155,43,195,89,70,154,141,87,39,36,8,32,79,3,80,96,236,41,252,43,5,224,130,209,110,9,57,246,113,114,140,230,127
91,132,99,41,202,116,142,5,9,194,158,238,3,38,90,249,189,15,116,189,243,248,172,43,36,157,102,182,198,245,149,21,181,41,77,226,148,94,127,238,92,66,75,36,198,2,245,247,192,197,106,15,145,112,77,96,238,141,222,197,240,232,10,8,127
9,57,170,94,76,1,181,237,190,228,212,19,18,29,21,220,97,98,250,134,193,159,116,216,58,115,236,6,197,41,159,177,144,32,118,63,157,141,86,28,171,102,97,104,60,189,140,97,206,164,29,189,38,177,89,86,167,20,253,43,182,66,3,110,127
80,97,45,202,87,8,192,92,197,115,85,223,199,155,230,51,17,253,23,158,247,218,149,209,147,29,22,111,11,230,100,186,70,194,209,115,232,219,198,44,151,31,19,51,250,13,239,94,44,42,160,243,34,166,47,126,245,254,10,208,71,5,194,17,127
205,68,42,13,171,148,97,172,233,96,242,151,247,207,223,102,103,118,36,200,237,161,105,155,56,185,171,102,150,33,203,116,217,135,134,63,128,28,110,147,168,173,69,56,157,201,87,65,134,32,202,151,168,178,248,72,152,138,122,140,62,217,40,8,127
226,13,109,8,210,209,12,42,151,15,191,51,40,70,208,167,236,122,18,137,155,134,148,40,84,241,182,48,178,169,194,104,191,77,65,114,99,54,18,220,29,206,175,39,120,192,207,54,112,228,2,112,80,213,157,11,184,40,100,143,186,141,91,27,127
72,207,174,55,72,137,41,53,143,214,194,79,38,142,66,196,76,189,161,131,178,3,44,180,58,238,237,231,210,159,241,52,242,222,15,124,75,104,193,216,94,35,237,149,146,0,122,71,137,30,216,2,175,14,112,59,12,211,238,67,80,169,82,24,127
138,70,128,143,150,140,251,124,78,226,182,220,158,116,251,197,244,188,243,211,130,47,84,219,184,49,227,128,58,99,4,64,235,85,108,66,234,220,34,33,80,53,180,2,133,39,25,213,87,236,145,215,195,58,168,234,60,218,5,101,124,141,66,99,127
182,222,162,22,219,207,181,5,248,45,215,75,196,165,253,235,198,81,98,116,21,119,210,208,243,143,79,58,219,193,114,237,10,95,208,8,182,13,118,117,250,84,34,32,33,60,5,205,14,138,13,190,182,208,244,145,69,49,140,42,177,108,221,132,127
239,187,134,52,3,170,14,205,213,43,57,110,13,111,204,13,50,92,224,236,229,250,226,169,91,177,95,201,155,124,235,12,253,64,240,41,204,37,82,69,19,178,73,86,17,124,243,92,221,68,223,102,130,182,39,58,130,8,74,245,40,133,239,84,127
167,221,248,98,19,73,69,157,145,59,82,85,150,150,8,12,47,53,243,203,243,248,175,131,180,195,26,69,225,95,87,134,222,72,18,186,140,36,62,134,242,197,230,145,59,116,144,52,177,126,15,102,221,81,225,206,74,159,61,89,34,126,104,90,127
29,68,162,151,131,97,73,217,167,36,108,204,242,80,91,69,40,46,26,52,233,73,104,251,141,139,2,165,49,233,165,233,155,23,28,249,20,37,136,250,130,148,103,236,91,80,131,197,64,196,17,181,251,180,239,207,85,11,165,182,198,212,170,141,127
2,192,231,228,27,193,93,249,202,46,213,22,168,232,62,31,240,30,84,65,177,73,63,199,169,1,174,197,130,55,43,170,137,7,151,77,192,172,193,85,228,18,70,60,205,173,215,199,122,243,163,168,240,220,202,214,25,133,77,230,248,1,65,84,127
138,212,232,188,169,153,105,249,172,239,75,208,115,41,167,193,144,173,151,222,188,241,198,74,97,55,131,116,194,100,211,147,163,57,46,250,123,147,191,135,44,230,100,245,203,188,236,129,156,222,104,170,178,84,238,43,170,96,110,229,231,188,244,157,127
14,4,85,153,8,91,174,139,101,243,94,210,56,126,194,200,251,218,143,43,122,58,109,110,7,97,160,162,152,229,217,113,131,89,167,177,124,0,13,242,245,158,104,12,17,2,245,145,177,41,162,34,229,196,237,212,61,51,150,110,122,132,114,209,127
15,28,228,128,25,185,44,13,131,174,144,190,125,52,192,163,150,1,116,167,128,199,4,5,71,253,102,179,6,119,104,247,204,60,92,10,168,224,50,214,7,146,87,132,83,164,170,78,24,29,86,133,110,201,1,233,44,222,166,70,194,106,50,76,127
236,54,177,63,20,175,188,64,73,4,222,193,19,134,91,171,147,235,167,116,85,103,55,177,102,147,143,218,54,107,205,8,84,109,84,16,14,147,78,94,131,210,225,127,24,67,230,179,132,214,149,120,81,225,90,64,43,185,148,24,45,86,48,118,127
24,219,80,198,210,49,97,249,140,119,184,237,52,171,135,181,7,152,97,117,27,84,115,2,214,150,198,181,250,55,72,169,56,241,96,75,136,119,67,11,55,27,188,211,67,87,22,155,130,145,251,136,217,222,24,74,128,192,80,56,53,54,96,89,127
56,22,177,68,203,112,78,27,175,222,24,203,161,252,205,105,185,71,205,38,151,29,195,58,166,80,59,222,202,146,168,60,72,91,116,55,126,189,151,109,122,111,143,195,42,73,229,210,250,224,40,78,73,174,15,171,132,186,250,29,6,247,22,188,127
106,113,123,114,37,92,127,116,243,101,8,4,193,162,39,38,202,106,11,83,49,6,40,218,186,118,156,24,68,10,104,17,153,37,83,168,130,162,60,35,253,207,249,3,115,165,75,0,80,49,13,13,50,127,144,23,167,196,94,89,142,253,87,48,127
146,222,14,56,24,206,156,69,182,236,63,94,44,12,88,182,65,139,101,6,117,200,194,119,33,115,218,206,181,28,193,62,233,64,106,80,86,19,109,126,160,177,197,153,7,72,138,161,145,14,125,145,241,72,220,166,114,24,250,206,195,108,203,152,127
88,150,241,201,76,191,75,169,88,13,14,173,216,146,180,190,222,73,126,181,200,145,108,2,58,248,71,122,245,170,69,240,75,184,185,119,210,242,40,176,236,124,195,30,49,251,82,237,196,221,23,126,192,174,210,103,106,32,105,72,122,85,207,194,127
126,187,222,58,143,186,110,50,241,114,26,195,23,212,219,55,192,214,176,184,31,248,100,77,155,33,188,152,84,44,133,165,80,138,111,145,200,153,87,34,230,10,126,173,217,32,26,235,28,56,231,204,175,69,44,46,206,228,189,56,11,174,116,119,127
39,19,63,107,186,22,254,36,93,130,178,53,135,48,109,146,166,180,94,199,71,178,190,38,179,40,44,132,76,59,174,163,238,148,130,205,223,15,212,81,157,43,126,132,15,111,223,225,35,60,232,241,105,184,67,210,37,176,233,24,27,107,52,252,127
109,126,227,83,167,46,206,241,2,161,113,199,253,40,70,62,31,201,75,214,164,183,193,91,98,82,246,210,148,192,90,66,62,232,171,249,207,149,142,161,128,167,83,219,198,129,160,35,178,109,7,194,109,41,205,96,23,180,60,83,102,164,28,131,127
221,41,250,16,167,226,25,104,248,8,153,163,108,252,52,79,39,222,84,229,74,189,8,218,81,36,56,157,103,27,177,161,228,107,173,47,211,155,226,176,57,219,24,70,117,100,244,20,147,208,248,124,201,81,216,233,58,5,5,12,139,55,10,179,127
17,76,250,8,86,24,229,207,225,220,172,124,74,218,81,249,126,113,156,210,89,83,228,205,164,111,118,100,186,38,89,77,202,84,62,176,111,54,30,59,175,42,93,234,78,114,252,61,48,148,57,91,119,93,39,194,203,240,23,218,110,111,111,81,127
117,63,138,141,123,175,187,66,103,29,13,124,69,173,149,47,125,245,122,42,63,202,138,248,184,192,171,250,151,108,33,161,252,105,129,158,26,68,74,14,130,213,3,53,100,128,9,40,203,8,223,28,13,141,177,243,97,177,145,165,40,84,53,205,127
144,160,199,126,21,132,74,246,90,236,28,190,209,2,175,49,167,141,250,186,144,230,146,192,56,160,162,221,242,50,140,104,18,142,210,222,187,201,233,10,207,126,217,60,253,140,161,66,132,131,6,158,251,49,243,16,196,14,84,211,103,204,106,107,127
225,186,93,217,40,81,0,180,74,44,119,124,15,9,37,104,131,244,174,20,102,187,236,63,122,185,118,77,76,179,198,128,183,238,56,59,164,100,94,209,81,241,60,235,92,229,185,107,129,21,76,102,184,182,225,172,17,188,7,200,101,238,13,84,127
120,227,170,9,136,8,88,105,229,155,14,93,196,178,76,174,172,163,154,71,119,166,150,176,202,79,106,72,132,81,218,75,94,135,205,223,84,33,136,159,224,27,227,207,91,145,12,189,204,246,117,223,49,114,194,130,109,135,244,169,185,103,114,97,127
28,171,208,64,102,218,61,149,4,98,32,237,46,83,236,187,217,3,85,23,31,20,102,172,184,102,26,2,135,181,77,116,233,156,111,185,108,185,106,198,166,114,29,177,180,125,88,127,113,65,237,139,42,190,232,38,106,120,232,224,193,173,158,187,127
102,228,181,9,160,151,218,67,101,197,122,59,163,62,32,133,189,210,37,178,213,28,248,216,138,187,146,107,14,88,240,80,19,217,174,169,106,55,207,239,65,136,103,215,170,238,73,212,185,141,179,188,229,220,191,126,175,234,39,204,120,103,241,2,127
178,222,147,45,199,19,162,151,176,175,67,223,104,142,62,118,65,254,248,70,223,165,177,69,222,41,233,205,182,251,33,148,242,153,155,211,179,164,71,36,22,92,180,225,233,228,215,175,80,211,85,0,175,41,195,106,203,197,78,135,90,106,23,117,127
190,187,248,6,145,154,203,102,53,78,237,129,79,132,244,94,176,158,117,167,15,167,74,4,219,33,134,116,42,149,147,77,67,140,122,246,82,169,164,198,135,14,31,254,172,115,209,209,171,177,124,11,3,134,148,72,167,175,91,203,112,90,132,167,127
138,34,217,197,27,190,254,83,22,135,38,89,80,248,129,241,244,42,172,41,100,100,20,163,169,21,186,194,173,46,81,171,45,111,83,94,52,37,135,118,58,93,62,145,104,121,145,208,6,225,203,24,134,251,1,79,250,226,43,132,9,243,247,155,127
93,64,233,144,195,249,186,205,114,48,186,36,250,101,24,98,247,127,97,143,38,85,72,0,38,117,42,146,31,6,240,182,89,132,77,72,205,131,144,132,201,139,61,147,170,136,123,252,72,217,175,4,129,180,52,70,62,232,58,83,11,120,109,229,127
164,66,164,219,181,163,242,39,82,23,238,250,175,189,100,21,54,207,90,37,240,241,52,216,177,126,192,100,48,202,55,210,187,135,26,183,54,215,204,196,62,203,214,106,80,233,102,13,77,176,144,88,208,107,1,238,157,5,173,209,134,224,204,227,127
245,137,167,215,249,133,141,171,79,199,67,181,81,48,183,182,60,144,66,40,225,76,16,242,114,59,87,239,142,19,47,174,216,228,208,135,252,171,53,110,226,23,204,173,13,55,201,28,87,80,203,91,42,158,139,203,201,61,98,211,1,35,197,61,127
28,6,20,80,50,163,38,76,41,106,85,178,193,202,158,249,50,151,199,163,113,96,202,71,97,107,48,240,7,187,209,138,99,110,136,184,252,179,201,230,189,242,59,61,35,17,159,169,212,87,67,81,47,208,10,59,231,210,14,114,237,194,134,205,127
43,184,207,15,13,124,53,123,114,117,231,72,180,221,151,124,168,123,11,174,9,78,67,141,2,154,21,198,213,210,223,43,154,17,86,163,2,101,48,33,233,236,216,27,89,207,200,99,36,38,72,175,62,8,198,220,12,186,207,37,132,93,201,210,127
168,212,71,107,246,106,86,115,147,47,114,161,234,90,215,193,247,214,87,80,151,251,55,44,181,253,153,181,123,245,23,2,33,129,111,214,142,80,29,98,108,63,147,155,137,114,252,143,172,182,134,160,6,130,8,252,245,70,27,11,144,233,150,195,127
149,168,219,162,163,156,25,143,110,94,166,75,92,225,134,102,39,83,136,192,77,58,163,183,40,148,71,104,29,10,39,65,136,174,244,77,172,174,23,183,110,223,72,189,120,222,221,207,150,206,121,249,35,195,16,29,200,106,154,67,115,212,68,56,127
119,225,193,127,32,27,162,205,225,103,160,178,110,230,5,157,53,158,246,30,129,60,246,182,35,103,2,157,77,254,104,143,195,198,187,10,128,191,217,75,113,27,36,161,17,123,88,84,154,83,65,9,179,162,190,36,240,37,56,174,198,246,119,56,127
192,122,87,193,110,34,237,192,179,88,153,52,22,89,115,238,76,221,101,234,69,122,16,2,210,177,251,57,235,26,24,160,73,34,147,136,129,239,124,96,218,196,148,89,1,4,132,152,27,85,187,254,95,98,20,206,27,168,5,125,155,78,13,175,127
72,163,233,84,150,109,64,131,93,47,39,232,253,109,234,77,163,246,68,251,115,79,201,91,95,160,45,95,177,211,215,82,12,12,144,144,209,44,224,240,212,219,230,252,197,136,240,182,127,53,207,133,240,14,166,85,6,185,212,16,132,9,122,112,127
89,176,183,61,69,226,105,203,76,133,215,72,99,50,54,244,209,13,216,80,236,123,135,95,109,84,138,102,97,93,104,37,202,126,174,212,112,73,168,164,52,66,22,48,101,18,136,46,10,58,151,238,143,124,217,161,227,78,51,32,142,63,2,211,127
67,213,153,251,184,230,90,161,64,214,227,238,8,211,195,38,204,173,33,107,154,250,198,138,210,57,104,128,165,205,182,197,90,112,89,108,134,235,49,36,58,164,200,0,161,250,62,95,165,86,111,155,224,214,60,50,114,10,149,116,52,138,252,191,127
132,204,45,155,234,150,219,192,170,91,241,104,99,252,226,128,28,88,61,250,15,66,49,132,85,39,162,180,104,236,53,228,227,176,126,41,229,43,0,251,86,154,192,251,74,172,62,140,55,134,239,45,2,45,230,240,88,170,32,176,158,202,15,189,127
221,208,80,253,14,191,3,175,156,41,32,62,196,20,245,212,226,151,217,4,26,230,246,233,4,219,31,199,116,128,174,68,17,77,71,224,5,6,206,47,31,114,131,34,240,40,63,216,19,52,216,243,227,220,142,236,104,168,185,35,215,241,122,234,127
190,208,141,3,129,61,234,228,123,23,88,157,134,222,73,184,244,224,168,231,46,128,121,248,44,143,74,89,64,166,77,203,28,232,177,70,246,16,189,247,143,241,64,221,30,9,59,183,36,83,247,205,195,50,93,225,213,133,138,96,170,199,207,197,127
222,146,91,16,158,241,73,81,31,64,73,174,24,207,145,45,34,111,88,147,94,97,67,133,21,193,57,35,155,230,43,145,7,170,235,95,130,108,78,14,196,37,220,93,122,192,107,237,43,214,252,214,143,98,220,26,105,173,154,42,89,219,107,157,127
69,157,135,209,189,216,58,134,180,18,32,16,150,75,230,158,162,244,125,43,104,249,197,101,249,243,116,183,176,106,205,85,28,60,87,122,115,224,209,171,44,251,203,77,132,47,31,120,18,134,22,204,221,120,194,86,3,11,24,21,127,25,99,54,127
201,163,159,136,34,206,188,3,240,25,48,246,131,72,248,96,178,6,9,4,138,196,74,24,47,177,41,203,116,12,29,250,162,237,90,226,6,241,38,199,69,144,135,105,175,76,250,76,132,188,228,30,186,147,166,237,154,96,27,173,219,24,75,66,127
233,30,153,111,135,132,21,199,4,43,117,146,23,240,142,13,212,247,216,234,146,115,99,107,90,195,153,53,47,50,243,193,47,231,114,236,24,165,95,172,8,232,89,57,40,140,189,22,252,203,136,150,240,94,190,211,222,38,56,27,251,69,111,48,127
42,12,80,80,77,210,127,62,17,139,86,25,201,62,141,199,154,168,144,42,48,86,80,183,106,34,180,80,22,69,77,32,102,1,224,154,92,33,66,125,194,221,40,75,82,31,110,120,115,91,199,164,95,47,16,114,86,163,95,193,132,205,82,197,127
172,73,194,32,99,132,78,98,172,20,155,64,42,132,184,31,28,93,228,129,71,254,20,158,32,228,237,47,93,250,163,60,203,36,106,105,201,195,148,34,14,34,45,13,99,167,5,49,129,61,229,5,84,220,199,31,86,240,43,182,74,176,218,108,127
103,40,238,48,138,195,205,248,217,41,209,59,27,178,113,198,200,204,163,190,217,89,35,170,157,174,151,35,142,251,188,99,48,251,121,79,114,34,200,118,111,110,117,99,219,2,248,103,134,148,166,228,178,15,170,59,150,251,88,205,88,22,179,244,127
243,250,89,33,104,145,183,32,121,81,221,202,79,67,184,219,116,79,66,68,59,206,254,169,44,72,188,106,95,126,254,214,229,6,248,28,155,24,42,230,233,211,25,95,236,107,200,33,150,186,205,127,243,170,41,241,90,98,4,218,96,26,138,67,127
250,250,174,96,199,175,41,252,12,146,167,129,253,155,235,5,22,191,13,27,233,38,26,248,214,189,159,247,93,185,13,78,100,56,226,200,195,125,63,238,39,240,203,210,69,100,10,109,190,33,105,58,206,189,31,207,247,55,183,104,92,212,247,12,127
54,75,35,122,38,165,81,181,28,193,24,28,134,221,126,225,213,236,162,36,152,181,70,165,66,251,208,23,33,166,22,32,56,250,93,23,62,180,31,69,241,142,112,83,182,174,43,220,27,228,176,139,96,20,125,82,127,8,188,229,158,66,24,63,127
126,186,165,66,197,126,52,252,153,185,221,29,11,40,142,218,11,147,7,5,142,61,184,110,166,182,115,98,136,55,61,30,129,221,200,11,246,205,42,215,232,251,46,222,139,161,102,206,199,89,162,237,198,16,24,81,126,240,98,238,250,182,254,85,127
216,1,218,96,126,78,244,121,14,145,175,51,128,120,40,103,28,250,198,178,183,143,74,109,155,181,78,185,182,7,218,17,16,64,117,106,154,187,204,127,118,159,24,81,231,11,193,71,28,61,225,20,63,222,193,100,10,179,7,207,167,224,196,104,127
202,60,191,5,106,133,248,106,82,82,114,176,131,214,230,108,15,102,130,243,230,35,6,194,222,23,48,116,48,35,74,211,250,200,205,44,123,183,211,197,20,47,239,180,149,175,179,22,253,93,175,22,70,43,178,230,118,239,122,72,236,130,95,110,127
81,39,245,211,251,9,247,24,138,227,4,232,227,215,66,30,108,178,126,250,188,149,6,46,44,79,208,208,203,99,72,35,158,12,150,38,92,144,186,38,200,51,192,143,190,205,3,49,34,171,233,142,68,175,216,80,148,62,244,122,98,97,4,210,127
135,73,188,77,38,154,156,204,202,235,129,150,185,40,209,190,0,58,53,41,228,89,49,183,218,136,234,166,133,93,231,183,219,206,77,23,159,215,212,200,14,172,102,179,34,6,58,2,169,20,159,146,108,249,102,237,167,103,150,106,196,253,81,99,127
118,235,248,157,7,176,151,113,198,218,18,140,120,132,108,76,39,183,2,10,86,39,8,196,74,180,203,104,137,246,244,197,39,191,54,109,11,165,74,198,43,212,240,71,176,171,203,49,91,236,233,66,178,176,155,96,178,247,65,70,207,252,126,179,127
57,166,11,92,27,219,145,185,244,73,223,19,185,149,129,35,189,116,97,123,76,39,224,43,99,160,234,146,27,179,34,84,177,63,131,42,144,189,228,73,187,72,235,36,161,177,153,148,177,227,147,222,231,122,29,215,56,35,26,38,183,252,194,119,127
76,215,212,164,207,213,147,102,188,131,159,231,209,146,203,113,63,236,162,150,239,66,228,243,128,198,66,174,48,2,225,17,58,169,103,90,103,82,146,179,140,30,97,88,86,117,49,204,24,210,38,103,93,113,64,209,51,110,228,32,201,222,158,62,127
113,41,172,50,127,157,37,204,40,70,105,73,43,249,227,225,208,106,145,212,193,69,224,194,178,240,127,72,202,103,38,210,191,94,226,231,13,45,68,176,101,176,24,0,8,101,5,99,55,225,106,219,221,233,129,24,25,154,1,43,93,226,170,59,127
131,25,5,113,166,166,147,36,106,42,164,107,165,104,100,67,149,88,21,235,87,170,194,122,102,153,212,134,115,149,4,17,213,80,126,25,141,82,88,126,14,48,59,84,82,174,231,54,144,27,30,38,66,176,78,146,62,87,150,191,26,146,75,35,127
106,15,171,230,76,111,23,137,151,71,162,23,32,90,211,44,160,16,22,15,105,197,165,197,118,48,72,75,72,10,227,162,199,129,129,144,4,28,180,164,71,10,103,206,83,231,53,36,254,71,56,204,3,104,17,51,165,227,129,214,204,55,97,152,127
209,138,4,165,70,151,97,88,17,151,199,25,197,7,226,221,6,214,103,37,66,44,150,151,116,26,49,246,64,6,59,249,104,50,187,168,127,232,49,158,96,128,201,1,19,116,253,60,174,29,78,37,158,115,32,38,89,201,138,56,146,225,252,37,127
228,122,87,190,28,69,176,216,199,68,77,132,160,207,228,107,43,92,194,147,25,232,192,230,169,140,213,149,220,80,10,136,18,131,212,10,17,234,187,222,115,164,143,38,179,121,151,189,44,186,222,17,63,69,178,39,139,9,24,251,85,37,198,89,127
152,120,146,123,93,236,240,76,223,106,79,200,216,143,73,110,76,235,87,148,180,35,18,121,37,202,238,38,77,43,49,215,226,182,140,106,61,186,92,67,82,77,157,77,11,143,247,143,163,131,3,152,169,192,209,122,228,35,222,100,177,189,209,88,127
35,30,210,18,230,201,3,14,188,146,207,103,136,166,53,171,192,111,19,128,83,146,75,15,219,11,177,222,20,205,139,59,155,216,238,29,211,174,148,227,49,3,70,238,170,9,131,237,237,98,210,90,146,183,152,182,194,84,13,75,106,160,113,132,127
104,73,112,121,232,115,232,68,64,94,254,7,224,80,73,62,209,252,253,66,82,253,131,167,174,215,79,66,77,191,33,147,237,110,14,26,69,117,4,183,221,125,70,235,91,97,240,85,204,14,26,183,2,100,187,50,22,213,111,182,194,172,35,25,127
94,202,160,36,87,56,205,89,138,104,125,196,181,113,68,19,4,128,84,227,175,48,43,123,156,204,197,86,191,192,210,213,176,3,168,168,204,97,56,233,84,137,0,122,103,110,215,228,102,177,44,235,153,249,178,167,136,162,224,11,193,101,131,214,127
9,247,185,143,16,78,15,229,4,41,108,198,212,78,235,205,29,145,75,14,58,237,167,69,55,89,96,138,177,40,244,107,235,123,2,107,73,138,118,159,78,72,200,56,97,162,235,206,164,156,218,121,220,27,51,144,127,181,187,8,147,220,187,206,127
81,88,102,77,123,87,202,31,63,128,9,128,219,187,7,225,138,157,133,20,117,201,6,97,143,118,85,155,18,61,69,116,150,209,244,76,29,221,107,91,30,78,117,64,124,159,210,205,59,214,229,24,80,103,251,252,146,12,150,138,35,131,150,74,127
209,50,242,85,137,176,193,95,117,166,10,140,160,189,184,93,8,129,2,134,37,167,254,145,4,127,200,209,247,249,173,191,173,148,162,33,123,58,143,240,228,178,74,214,33,111,161,223,142,53,188,229,113,104,117,236,67,184,59,144,117,207,244,250,127
74,61,48,201,250,80,156,168,164,198,79,66,84,27,47,104,7,163,79,235,152,40,166,68,239,111,227,50,26,78,22,200,52,3,128,101,184,169,15,59,32,106,109,49,109,3,105,155,140,122,0,102,233,103,100,151,127,88,57,231,196,61,39,215,127
234,13,138,173,189,132,134,8,43,108,126,125,145,22,198,219,50,152,223,113,175,71,141,211,39,149,188,210,32,248,84,192,162,137,112,190,37,172,10,59,9,91,183,3,211,215,242,3,116,116,105,73,3,27,193,162,0,220,179,117,219,137,232,100,127
99,48,191,22,229,103,20,30,35,8,108,86,73,14,82,217,226,110,167,85,228,108,38,141,208,219,198,107,2,95,206,135,167,204,244,214,11,150,225,8,94,54,211,238,58,133,13,141,206,41,15,26,121,99,187,200,1,124,60,48,168,48,72,250,127
189,108,32,253,44,52,84,130,23,36,216,28,2,128,178,241,121,151,80,44,64,242,169,194,220,247,72,152,34,53,185,72,196,107,30,54,195,40,231,235,229,196,139,62,158,144,142,19,57,113,145,24,217,205,134,55,104,193,196,147,23,35,104,120,127
1,47,234,127,159,196,156,117,39,254,174,232,232,252,52,98,163,76,208,225,199,225,47,197,214,132,150,72,90,76,132,132,40,132,194,215,135,186,165,129,248,243,75,137,170,82,31,184,237,164,135,11,146,199,85,39,164,217,138,254,212,107,112,177,127
236,102,77,184,105,247,80,80,66,29,220,116,113,91,167,204,233,248,40,93,102,104,32,32,206,44,31,101,147,194,137,183,158,54,114,166,158,25,55,141,23,44,25,212,168,123,5,79,24,21,29,181,68,227,24,173,100,103,125,53,108,214,58,51,127
113,230,92,45,183,13,3,87,70,212,230,138,234,153,239,100,51,87,67,240,119,246,105,239,199,146,189,123,225,217,182,145,101,80,54,83,8,216,85,33,249,204,197,137,128,119,179,136,160,212,225,201,192,22,30,118,214,51,215,53,10,86,200,243,127
53,13,143,5,251,19,34,141,219,89,159,80,162,66,163,228,4,219,140,113,47,69,179,90,45,213,250,6,130,136,232,230,2,211,236,235,143,212,148,35,142,72,76,230,186,154,117,157,91,68,131,139,204,83,151,120,114,51,246,251,29,250,202,68,127
204,58,125,188,116,112,88,216,164,211,242,143,68,116,36,190,96,203,53,241,121,91,106,226,104,189,35,47,161,91,19,98,172,121,244,36,96,202,4,140,167,46,21,227,49,154,138,159,216,121,6,109,18,77,178,92,64,145,135,218,158,104,57,226,127
178,91,170,41,204,149,174,76,74,251,165,16,238,13,238,156,165,41,210,80,9,125,109,193,196,186,27,182,128,217,238,61,107,146,218,105,96,120,186,180,244,54,194,157,239,51,147,236,38,158,201,53,41,54,90,243,165,156,19,154,147,97,217,165,127
4,114,93,134,167,35,149,95,172,246,32,124,201,129,115,182,52,185,56,46,64,148,196,80,39,109,17,235,145,108,204,81,138,116,187,164,69,103,151,161,206,59,37,236,240,222,94,26,72,65,146,205,185,23,111,208,38,155,149,187,163,47,32,237,127
111,76,148,224,122,108,200,236,20,170,216,182,186,84,115,211,165,223,157,132,178,248,121,29,43,216,230,74,146,20,44,86,239,84,147,95,27,184,2,69,22,110,53,150,162,10,247,108,249,189,154,64,192,107,247,205,77,1,86,154,241,177,138,222,127
28,55,21,77,195,154,106,35,90,150,80,145,217,197,65,64,41,222,206,146,38,129,210,233,230,204,183,25,75,125,35,53,2,107,192,13,154,7,78,44,103,209,30,153,235,215,111,56,221,246,88,134,202,229,204,134,130,116,122,176,253,214,101,126,127
0,75,60,193,189,17,104,33,17,55,67,142,47,160,224,93,230,8,35,194,39,192,126,22,40,18,60,55,28,43,193,251,21,234,120,150,36,245,115,73,74,251,27,47,247,140,151,109,197,88,222,32,10,148,242,173,244,60,106,72,237,156,77,73,127
251,52,61,165,80,237,75,61,172,136,75,138,212,129,99,176,163,225,133,91,152,254,154,34,179,39,79,215,75,23,47,173,118,235,203,229,78,67,73,65,138,181,78,233,84,215,190,118,214,221,183,18,186,160,232,24,33,64,190,156,127,1,18,178,127
98,101,58,8,5,227,118,79,159,69,60,28,67,99,111,134,132,15,16,68,45,198,60,142,62,110,166,33,168,162,185,176,44,187,129,243,28,132,38,113,62,16,102,142,78,46,213,242,120,102,154,139,37,104,80,43,237,155,11,16,180,24,169,0,127
213,69,138,55,12,64,163,97,91,160,73,80,81,166,155,186,170,149,194,199,31,183,109,21,113,38,8,212,229,3,82,209,220,154,217,26,50,15,187,29,137,151,158,85,208,124,214,142,72,102,228,52,169,19,203,164,169,89,91,229,54,94,174,17,127
183,48,243,135,107,105,118,62,153,162,196,151,111,228,163,148,113,79,240,207,36,169,113,78,1,38,89,172,159,49,250,116,188,168,177,226,29,135,82,36,241,95,231,112,237,33,61,240,96,225,29,2,131,122,53,3,244,222,118,78,194,237,24,159,127
228,202,105,30,142,242,160,99,78,110,14,4,73,22,132,64,125,168,157,198,196,218,208,175,0,150,48,5,113,100,156,203,10,246,51,106,237,10,133,1,15,34,11,174,89,41,42,24,64,208,231,157,137,139,163,227,81,238,104,51,50,32,67,97,127
149,212,201,92,167,253,59,49,117,98,210,121,79,252,59,43,95,124,93,63,127,115,175,196,86,200,57,84,14,210,115,245,242,54,32,55,6,28,218,199,200,247,177,39,90,182,54,119,100,26,29,205,125,7,112,5,237,197,185,21,175,20,63,83,127
18,179,0,199,17,208,221,209,174,80,254,59,198,138,39,238,199,128,28,32,195,204,121,14,21,110,189,227,210,155,191,34,60,210,39,43,107,204,210,128,153,43,11,217,168,240,189,200,3,41,119,190,166,41,36,74,248,168,84,214,142,42,63,11,127
93,4,4,165,49,27,130,202,121,197,222,219,85,86,158,133,107,87,127,18,229,127,226,144,84,21,86,157,93,117,130,231,61,45,177,137,106,148,176,21,38,43,128,116,163,57,10,163,218,148,247,100,79,150,135,29,151,51,215,182,158,27,178,87,127
204,129,169,98,210,87,145,77,238,106,94,176,154,9,199,161,176,5,157,1,115,175,100,102,111,6,66,227,52,109,74,109,21,129,222,100,235,250,250,109,58,213,181,150,162,119,148,82,134,91,208,94,191,114,112,252,69,51,80,169,184,159,144,174,127
28,108,132,217,138,193,158,185,151,127,26,153,94,57,251,55,73,123,140,122,155,166,150,29,202,152,216,92,16,14,119,85,201,72,138,134,4,96,75,157,156,121,135,29,31,37,100,96,54,110,186,163,154,148,185,60,59,154,84,253,66,232,201,146,127
30,67,227,133,215,36,60,253,81,105,241,237,189,191,221,223,45,142,16,18,193,200,196,28,29,57,106,157,185,44,211,198,23,140,35,152,110,169,181,37,32,182,190,138,36,20,27,108,122,74,207,245,43,3,239,140,14,231,107,19,101,83,241,157,127
218,53,150,153,194,222,29,121,166,230,27,22,166,2,152,239,63,138,100,189,236,70,163,28,252,195,27,88,234,213,27,218,80,157,44,152,182,246,222,148,26,5,223,102,231,4,206,179,116,254,220,241,149,150,184,162,221,20,102,126,120,145,91,208,127
104,21,111,48,144,100,230,135,8,154,116,44,87,172,17,133,197,92,98,212,161,172,228,251,116,26,11,157,213,174,176,252,167,43,44,98,36,146,101,211,102,138,144,93,150,166,146,28,162,80,100,64,46,162,110,211,187,246,194,132,184,170,80,191,127
119,187,173,92,254,88,59,182,252,168,146,149,196,162,107,233,250,171,216,134,142,190,230,181,194,27,198,185,228,8,143,98,242,114,73,2,13,20,133,230,153,197,127,40,237,152,164,245,140,42,211,198,75,90,241,195,194,44,68,35,52,198,88,170,127
196,218,228,238,45,117,254,72,84,246,8,88,200,142,28,147,45,163,31,189,102,144,110,101,234,14,28,245,175,152,95,88,231,9,26,47,123,117,43,180,126,0,206,141,71,135,41,54,72,171,37,220,165,233,196,114,36,83,41,117,128,22,101,211,127
250,84,71,99,42,80,219,202,57,131,132,126,117,116,49,92,251,41,93,138,81,69,222,228,8,200,81,228,29,104,177,174,170,94,193,82,174,252,154,37,13,245,108,119,174,104,78,129,62,54,160,32,175,3,159,197,61,98,179,128,17,231,47,192,127
122,99,126,198,70,168,134,254,166,215,138,121,19,100,109,251,24,102,142,161,11,31,47,130,203,251,143,100,64,188,51,231,208,85,252,43,43,222,209,56,120,232,60,9,28,14,157,186,40,129,198,25,165,147,94,225,222,183,180,184,192,244,147,107,127
64,2,97,142,215,144,103,159,95,119,52,238,175,68,217,66,110,130,230,128,131,4,137,94,163,231,225,145,55,21,242,156,217,248,48,174,76,137,248,41,218,118,169,146,55,14,172,223,8,252,217,190,170,105,235,148,91,109,47,69,132,161,187,108,127
100,188,18,96,100,100,142,68,188,44,111,110,177,29,127,169,147,203,218,209,200,156,234,154,152,93,185,104,51,2,121,231,21,78,247,48,43,189,71,130,98,137,135,147,226,194,12,192,6,17,65,144,213,96,78,252,98,182,183,56,190,215,227,105,127
169,217,250,114,254,176,24,44,89,143,37,156,226,203,102,200,93,158,91,116,68,139,82,189,129,247,204,249,40,120,133,71,99,111,156,52,68,221,176,129,235,196,114,138,185,242,210,179,44,124,132,156,222,166,120,36,160,215,91,159,87,63,222,108,127
128,132,58,51,207,137,121,169,148,143,15,190,4,101,194,180,108,47,181,179,104,4,122,170,13,26,111,141,137,153,233,202,43,1,0,229,48,235,21,202,192,156,151,15,132,235,79,75,25,246,73,237,94,173,246,203,121,249,83,14,162,163,99,2,127
143,190,246,246,152,129,17,60,57,241,73,234,203,122,202,147,212,40,174,132,18,128,187,40,174,13,23,59,165,74,63,242,253,17,56,244,27,172,241,115,82,90,35,141,151,103,241,60,227,128,25,36,102,42,88,145,148,151,170,19,99,100,254,239,127
39,57,179,236,1,13,71,132,213,8,14,93,236,101,126,194,128,67,232,154,252,212,93,169,11,220,8,32,102,233,70,59,119,77,240,151,94,242,128,66,181,140,22,106,90,175,249,183,117,90,163,132,69,193,139,177,41,49,1,73,228,66,93,149,127
245,196,112,191,207,212,34,254,121,82,138,176,184,187,127,166,172,77,55,224,165,126,224,135,121,171,238,104,248,144,200,41,5,3,242,101,50,88,25,71,210,229,184,45,243,92,104,225,166,36,143,41,188,117,194,124,6,79,35,214,24,180,169,56,127
125,147,5,110,69,49,64,139,182,75,114,197,48,136,85,81,92,59,88,114,157,230,102,225,52,150,5,18,154,161,18,179,236,129,147,113,105,151,110,185,150,238,222,132,164,79,210,246,16,120,31,56,47,158,121,21,251,58,134,150,168,113,207,35,127
54,36,88,194,246,249,55,245,187,181,153,157,217,214,92,128,171,241,182,234,187,203,12,74,222,97,75,227,41,167,194,20,251,238,103,186,22,140,140,122,106,44,139,166,231,137,206,137,21,153,132,96,151,179,152,58,239,110,77,100,245,101,224,98,127
178,61,75,169,232,176,189,168,147,148,57,130,100,159,208,193,42,187,180,27,188,67,12,180,203,133,15,162,20,199,76,105,14,69,230,77,221,15,90,238,45,97,34,78,89,98,136,154,180,149,131,92,205,5,117,252,133,217,141,76,96,78,251,220,127
61,215,125,96,214,21,86,181,249,92,142,229,217,125,8,88,43,65,131,42,165,236,121,35,117,56,22,216,166,99,114,108,163,138,14,145,129,40,28,215,22,20,35,195,121,175,144,134,115,132,6,148,44,153,189,55,142,131,126,114,205,251,3,114,127
52,218,186,46,241,195,204,143,62,58,194,16,101,184,164,108,183,142,250,126,126,128,228,163,138,140,180,146,183,35,133,104,140,254,117,204,86,34,143,185,85,230,243,46,160,167,237,8,242,108,66,172,89,82,132,157,96,233,149,222,53,92,7,118,127
123,250,44,116,227,182,67,13,147,166,216,226,171,84,23,115,112,15,146,167,82,65,214,202,115,2,44,9,187,139,103,156,168,35,153,178,108,171,2,189,98,52,89,168,74,227,24,203,200,179,72,83,136,227,192,187,192,49,150,98,1,111,15,246,127
85,187,18,147,32,204,37,11,223,150,10,80,145,132,211,174,156,212,208,226,150,97,180,45,159,158,3,24,220,192,180,189,158,157,112,54,4,132,79,125,188,112,90,203,40,206,79,247,156,35,69,59,68,226,206,199,18,198,119,190,64,208,150,172,127
193,211,168,126,129,86,48,39,25,24,81,132,130,161,135,249,180,61,90,236,143,247,110,117,4,152,95,19,165,250,66,43,132,247,107,180,65,160,136,50,33,181,75,96,50,0,237,58,238,135,201,73,66,127,97,166,9,238,20,132,205,85,80,52,127
18,222,253,98,117,129,220,160,54,130,87,128,204,62,178,248,17,178,28,199,136,20,87,45,23,124,74,248,68,32,148,38,188,214,227,236,243,246,222,6,73,245,8,220,59,6,245,67,96,218,36,252,153,188,106,158,79,2,23,48,190,16,147,160,127
22,28,254,129,155,184,236,186,33,227,182,218,82,235,8,15,103,29,53,98,18,215,42,104,8,106,155,6,242,101,172,186,1,234,156,78,4,118,226,189,77,0,32,10,243,202,219,210,98,222,214,189,223,213,6,97,112,33,174,135,3,194,146,128,127
240,81,60,245,58,184,234,35,46,217,212,57,62,118,163,190,211,102,151,166,217,87,90,43,156,132,156,116,60,219,116,90,184,21,215,66,27,215,42,62,148,63,72,147,79,128,117,189,37,141,182,166,122,101,63,33,251,88,33,207,89,190,5,171,127
213,99,90,102,38,251,185,72,127,69,250,201,38,158,61,176,88,245,0,6,128,46,14,80,0,124,21,174,118,138,164,129,65,33,12,44,126,248,164,175,54,100,243,160,81,200,162,66,127,81,110,171,10,149,103,222,73,62,32,93,43,187,70,150,127
148,200,11,43,28,42,54,224,221,180,234,121,34,138,71,224,171,171,85,84,110,102,167,80,80,247,113,126,135,9,52,155,12,242,250,25,2,12,2,248,202,103,113,46,223,95,171,12,50,18,75,243,126,103,85,228,167,129,13,82,42,139,219,72,127
241,70,225,14,94,92,86,233,234,106,79,166,204,184,17,50,221,212,127,235,146,66,236,156,37,140,91,157,235,192,185,17,137,180,40,33,216,137,157,131,66,1,226,203,96,247,136,17,142,48,6,252,92,198,48,246,67,204,250,244,43,94,247,54,127
35,230,9,79,56,74,109,86,164,156,162,54,107,195,6,33,230,147,150,41,136,199,250,0,111,13,246,222,214,237,132,192,45,254,60,195,181,92,202,44,133,182,87,177,107,225,30,191,252,243,219,25,132,21,221,118,233,13,163,176,248,89,144,159,127
213,61,149,179,84,98,89,18,81,203,68,63,103,154,200,12,245,96,166,195,5,127,234,165,36,208,195,179,146,47,242,104,81,80,2,87,193,61,238,235,151,65,227,248,151,76,182,242,58,225,142,13,232,185,251,153,96,197,85,243,1,84,52,10,127
173,41,156,204,253,91,190,174,237,250,12,168,172,168,28,173,152,90,129,132,196,48,76,35,211,175,153,166,211,200,42,47,240,185,75,12,137,206,23,183,200,246,226,126,70,143,198,22,72,254,60,92,8,3,158,18,107,0,160,217,177,227,100,27,127
9,104,160,123,162,97,65,241,100,218,234,14,58,203,34,128,197,229,69,63,236,172,119,63,69,125,31,207,90,239,115,63,150,209,131,79,14,183,131,198,165,235,251,26,92,182,71,68,138,29,35,192,62,211,225,108,104,45,14,138,161,147,110,40,127
193,106,97,47,57,173,239,98,160,62,12,101,223,96,90,217,163,79,23,226,169,251,215,109,90,52,50,35,210,108,146,247,17,146,51,39,243,194,252,231,249,238,55,77,42,240,175,63,104,26,213,198,35,231,24,199,42,192,247,70,209,251,66,144,127
7,195,249,199,87,219,92,136,190,109,181,184,179,90,110,10,172,203,61,93,132,242,132,46,81,48,81,125,176,51,77,169,62,132,123,10,17,231,15,32,46,216,109,146,217,191,237,228,165,246,40,91,122,208,42,58,73,244,244,199,189,181,87,252,127
129,207,166,238,182,140,225,99,191,64,251,39,19,75,252,157,47,233,33,4,77,176,128,185,166,211,26,205,12,116,63,20,182,152,2,105,18,117,248,246,153,227,246,89,184,220,169,66,107,225,100,152,79,166,1,55,156,125,29,67,66,88,182,129,127
90,171,74,118,32,210,243,248,13,196,53,235,100,132,234,228,178,21,243,42,57,203,28,130,38,91,150,177,48,191,160,29,64,49,22,145,152,252,206,38,79,5,242,236,190,122,213,182,22,98,155,126,160,237,131,105,164,52,158,177,80,83,5,72,127
84,174,166,43,138,238,176,97,226,106,246,223,111,70,113,108,51,253,63,188,159,103,220,9,250,37,230,226,244,108,149,160,125,78,177,229,221,215,136,249,101,151,104,170,240,193,230,199,227,222,85,37,221,152,97,53,227,109,220,104,172,79,222,143,127
99,168,114,132,11,222,189,26,45,135,62,163,73,174,46,112,71,8,91,106,29,151,101,5,185,88,202,26,219,172,125,9,168,37,179,135,2,70,132,115,104,101,90,164,23,66,34,246,90,126,61,170,195,146,230,7,124,87,47,192,127,186,7,195,127
174,66,155,2,74,13,187,126,78,116,125,38,107,122,40,83,130,227,211,80,4,156,28,175,166,200,11,21,138,40,144,186,240,143,56,178,158,107,198,76,96,60,21,21,248,85,219,73,2,20,104,78,251,224,78,94,16,35,240,58,101,187,0,34,127
213,98,109,150,147,119,98,159,121,68,153,47,212,166,67,185,92,42,52,84,198,12,211,104,220,126,105,40,198,108,133,26,131,152,183,159,133,155,246,138,128,238,198,120,222,192,242,51,98,33,131,94,45,5,111,185,56,40,128,117,236,199,188,39,127
248,125,1,239,219,136,94,30,219,57,95,169,200,179,18,46,113,73,245,122,221,251,6,37,61,253,214,145,48,111,184,8,169,182,198,161,216,216,52,246,205,11,210,63,174,61,237,94,174,124,86,112,162,205,97,82,202,155,21,220,133,9,90,233,127
186,230,127,125,187,0,23,17,52,98,66,206,135,63,202,248,201,188,33,225,26,243,98,199,149,164,135,185,86,82,21,201,102,184,30,241,181,201,104,197,19,157,109,0,231,102,193,50,22,246,220,108,22,72,138,237,228,29,150,190,94,133,201,34,127
84,87,159,20,119,62,48,183,97,26,192,31,200,51,236,64,201,57,168,73,79,78,187,221,33,62,33,122,127,89,193,26,132,137,198,53,83,254,31,147,137,95,92,245,109,173,219,122,24,147,80,234,15,202,98,100,226,159,137,211,145,126,205,198,127
234,169,129,71,24,28,39,74,46,153,138,253,111,116,215,201,24,246,168,13,233,18,209,228,66,130,29,129,170,4,74,74,81,52,167,148,176,48,148,42,114,173,5,200,235,126,60,174,136,29,237,58,246,160,141,130,149,44,217,181,6,83,118,227,127
9,60,196,58,192,19,231,199,69,3,99,131,107,125,219,210,185,201,179,40,238,234,172,181,253,199,68,30,49,203,85,152,193,38,87,73,178,210,162,83,185,119,219,67,28,32,57,59,5,209,189,165,121,86,65,98,187,202,136,63,48,34,250,188,127
95,114,132,79,239,214,71,53,159,93,25,87,10,56,34,89,187,128,207,214,188,80,10,191,172,221,133,138,141,98,58,195,56,39,75,12,118,242,63,117,242,9,108,43,23,59,96,17,118,113,52,245,143,248,54,0,11,138,1,198,199,100,245,143,127
220,187,239,70,198,213,117,53,56,133,138,229,13,132,48,190,172,131,224,234,72,97,83,102,8,182,40,42,134,135,136,186,153,59,106,141,89,28,35,152,219,11,100,125,81,154,34,184,199,58,182,242,184,34,182,211,141,234,191,218,155,237,66,134,127
25,57,218,62,232,109,61,221,133,161,138,78,57,83,139,7,178,252,117,113,4,189,46,161,5,79,236,211,94,167,154,49,60,67,215,41,70,108,52,54,104,177,160,186,91,77,177,70,74,17,2,132,171,71,30,147,99,250,80,16,142,49,227,186,127
129,177,168,22,254,254,176,118,57,107,108,163,230,80,62,82,164,239,66,114,38,137,187,7,23,91,39,214,120,230,142,237,117,204,126,8,226,193,13,223,180,154,174,244,31,72,146,45,163,131,111,115,2,207,35,232,157,95,216,98,3,16,108,102,127
209,50,231,3,195,159,151,32,199,69,164,42,185,249,9,136,228,58,38,89,152,176,163,118,234,187,87,165,244,67,75,63,102,48,248,87,87,170,132,190,174,21,237,152,100,152,207,219,134,204,114,84,210,231,95,104,101,9,197,72,152,156,10,95,127
1,161,118,145,39,55,168,136,116,220,233,165,114,239,173,89,30,65,79,41,188,229,12,177,224,131,249,138,26,55,85,213,132,200,69,151,18,194,33,150,41,57,126,143,182,95,234,26,136,152,49,228,202,182,1,130,49,20,137,116,106,13,29,194,127
55,250,54,86,38,105,240,135,170,218,21,249,106,144,65,39,155,184,11,162,56,150,217,189,178,137,131,90,246,119,249,205,155,62,193,202,215,97,145,176,234,16,156,4,14,238,78,183,178,17,54,147,153,141,239,167,106,147,252,238,238,193,150,169,127
99,52,165,194,199,248,246,215,238,56,72,51,34,222,36,1,240,197,21,197,106,161,196,26,136,236,28,0,109,253,30,110,183,7,118,138,130,21,149,195,11,195,53,105,196,97,183,195,241,82,242,22,196,211,73,17,142,15,220,238,195,72,99,84,127
230,125,114,220,88,232,20,90,163,185,217,223,38,207,57,105,195,51,74,46,233,110,101,124,102,225,37,188,85,24,166,123,229,189,33,176,73,199,34,203,176,194,19,194,138,179,31,168,45,115,98,141,32,158,202,36,116,8,159,222,127,232,129,149,127
171,143,49,11,3,88,31,46,49,132,140,40,75,91,80,139,135,230,139,248,117,12,20,251,113,191,40,30,60,76,123,166,225,35,194,129,31,39,149,244,52,116,234,193,67,77,148,125,19,89,111,83,212,205,82,168,127,155,196,14,153,94,149,4,127
230,36,16,187,132,73,162,135,48,161,222,193,177,173,249,89,46,79,250,159,40,149,68,82,193,223,111,201,221,226,168,177,244,11,246,39,183,60,206,208,97,238,242,177,164,80,38,23,186,47,152,54,43,96,247,64,169,146,131,45,71,254,85,243,127
13,250,64,89,148,226,140,88,78,190,40,54,216,12,222,80,33,188,176,230,66,166,32,132,144,21,18,208,49,168,93,249,167,67,246,200,18,29,10,54,53,75,193,241,29,215,245,117,29,71,53,83,226,229,150,201,154,88,172,163,138,233,20,114,127
7,235,23,93,137,193,62,241,1,100,3,1,167,234,42,97,204,33,232,36,51,158,172,208,54,97,165,51,123,185,24,80,240,206,179,53,195,189,254,73,112,162,64,47,130,199,59,244,172,223,47,127,116,194,1,128,176,30,74,69,179,17,239,147,127
166,197,29,118,28,201,85,241,86,146,132,59,144,168,33,115,235,118,124,44,29,37,104,94,169,226,59,119,218,45,126,104,137,235,177,113,90,111,67,216,96,89,121,39,7,80,47,113,0,198,61,118,14,155,194,212,222,149,14,136,6,236,107,57,127
43,227,218,244,73,133,226,86,67,204,3,222,92,202,110,37,20,188,192,183,167,89,222,88,240,216,148,186,16,25,205,113,65,20,175,10,116,40,113,240,195,176,42,212,104,55,10,168,180,224,33,192,69,130,195,108,241,166,14,104,138,39,39,127,127
171,126,64,214,54,70,71,133,16,175,9,253,198,13,118,248,198,62,52,145,85,181,212,175,0,58,159,157,90,183,213,252,119,246,236,16,204,19,187,31,17,61,59,71,6,169,234,63,201,173,174,16,151,232,239,253,37,164,59,229,134,154,8,127,127
196,108,218,243,19,94,134,80,209,88,38,81,151,199,225,51,189,45,149,52,68,135,222,225,241,233,42,150,129,111,136,1,19,138,59,198,228,171,12,143,35,140,65,184,233,179,104,70,122,2,148,53,116,93,50,29,56,253,129,161,180,199,140,44,127
44,34,192,35,246,122,42,214,140,100,6,16,53,40,245,142,151,41,185,77,221,24,10,245,165,26,199,246,15,231,156,47,219,121,152,249,56,69,154,62,176,0,151,234,127,61,235,93,70,33,237,22,86,154,164,128,112,206,64,235,110,6,80,53,127
137,39,56,126,89,109,158,236,223,93,141,190,48,232,142,60,92,138,163,25,166,233,66,18,156,84,170,10,158,203,24,147,99,74,6,75,41,176,212,217,17,1,58,77,21,24,7,171,90,46,55,147,14,198,41,117,184,31,2,199,1,23,145,203,127
167,233,227,84,50,171,73,191,89,24,17,69,144,114,65,90,65,137,192,251,238,209,20,250,209,135,63,202,95,234,81,23,10,253,60,223,56,245,62,166,221,73,241,150,40,35,229,105,70,234,107,196,73,127,199,243,216,19,119,209,104,132,224,91,127
188,50,41,23,61,116,28,20,195,122,129,163,141,128,76,209,209,43,116,0,4,226,75,123,113,87,51,4,15,195,69,202,188,67,144,51,248,113,126,124,189,65,190,217,54,251,190,10,189,114,128,209,21,48,135,124,33,92,226,85,94,194,114,138,127
92,63,84,47,183,78,87,120,195,167,32,44,62,6,199,42,207,152,37,217,60,168,91,232,5,90,223,173,148,6,94,18,10,231,118,254,214,17,7,73,159,225,235,235,226,20,80,94,107,220,105,175,223,101,64,72,113,41,14,245,3,94,5,12,127
183,190,52,73,163,194,75,5,171,181,71,181,67,239,39,0,87,37,139,181,226,73,238,17,222,159,24,86,176,166,250,150,189,140,59,110,13,32,229,42,214,184,249,233,172,245,84,85,198,14,173,108,249,201,78,205,46,150,172,86,192,154,29,66,127
237,71,73,44,47,124,237,149,20,159,237,70,190,71,241,213,123,148,174,173,100,147,8,219,85,143,46,122,216,253,66,135,56,218,22,16,243,9,233,21,116,44,94,224,171,85,172,166,194,216,240,44,132,239,110,138,219,219,168,42,141,175,150,42,127
129,141,56,59,22,49,67,178,39,8,97,31,151,201,41,19,96,194,185,62,208,26,246,42,61,124,17,25,165,237,66,149,122,70,200,159,234,155,206,2,99,145,90,21,160,219,146,2,74,176,25,36,175,79,175,96,157,205,81,67,177,187,128,210,127
59,61,210,108,138,214,146,25,40,126,251,176,41,215,40,17,228,63,53,172,199,146,203,145,29,230,248,157,122,17,156,45,67,85,98,183,140,68,131,155,101,112,204,242,112,193,82,205,65,191,204,236,204,145,124,10,126,103,99,247,193,15,52,188,127
222,215,184,106,111,130,153,240,101,78,234,250,109,192,42,184,146,226,217,206,17,99,203,212,68,48,20,29,203,107,237,46,231,109,228,131,247,72,241,148,199,5,31,4,226,18,208,187,141,108,110,12,146,85,164,175,6,218,198,199,116,104,118,138,127
187,86,73,234,71,135,122,215,104,51,140,172,142,155,169,12,98,42,182,215,137,129,224,167,64,6,211,98,209,198,249,126,101,16,75,215,209,37,13,204,30,24,27,242,242,41,113,140,251,159,50,193,55,13,223,130,25,63,146,224,0,142,109,252,127
204,220,162,151,197,39,17,187,75,170,154,162,207,207,172,130,28,238,42,102,48,15,114,53,0,175,16,99,226,52,164,237,251,72,215,215,65,26,221,247,84,189,212,92,248,94,183,194,28,249,215,186,27,5,175,244,198,117,97,228,254,251,247,214,127
71,83,102,106,104,66,213,186,207,32,40,114,204,169,141,235,36,51,236,209,10,37,24,35,185,28,0,39,112,169,21,218,87,162,80,2,91,141,2,7,248,98,189,167,166,81,97,119,102,128,189,240,171,79,220,35,38,59,7,67,24,48,100,122,127
96,114,125,62,37,150,190,83,121,197,155,161,198,47,241,102,94,125,160,174,86,152,144,189,188,238,242,183,106,227,238,240,131,98,113,239,84,99,210,179,103,66,148,204,113,132,129,203,11,14,124,219,70,237,95,167,22,35,118,191,79,246,47,216,127
94,109,110,226,138,149,100,18,56,3,248,124,117,10,36,124,131,220,206,222,17,162,64,105,56,166,36,8,183,181,6,60,132,35,181,59,243,168,180,122,122,128,101,100,130,132,45,51,227,29,37,35,80,225,156,200,243,108,129,158,17,93,150,55,127
243,2,110,251,99,39,228,130,20,25,110,243,22,186,36,198,215,128,213,15,66,246,153,182,122,26,88,12,243,45,193,77,42,87,2,222,144,71,116,11,27,196,230,174,98,58,87,40,162,148,27,49,106,185,60,109,229,48,45,83,170,226,244,228,127
162,180,214,136,6,61,220,198,1,198,57,49,40,30,46,158,159,93,83,57,202,165,55,65,217,156,98,55,61,119,93,27,212,65,135,236,18,65,135,92,245,94,71,10,6,5,82,7,69,138,81,14,99,127,244,8,184,192,7,229,102,63,95,24,127
211,41,93,239,198,106,107,18,60,188,84,76,30,169,70,222,183,154,66,101,212,242,250,240,183,13,88,46,49,32,69,173,150,245,51,90,66,9,200,223,152,160,243,63,221,180,20,140,232,199,78,64,123,80,41,164,23,156,234,33,218,64,138,144,127
222,72,45,215,72,56,144,0,1,119,251,192,218,168,195,124,130,180,163,206,253,103,77,79,37,114,130,157,67,232,150,164,129,157,85,86,238,183,146,53,38,192,241,9,245,83,221,59,17,200,66,98,146,242,145,16,130,125,122,35,124,84,111,126,127
182,125,253,120,129,8,244,112,213,178,245,25,185,37,119,189,37,123,157,13,11,18,127,133,133,11,12,119,78,38,159,168,244,182,38,5,93,47,11,73,30,86,219,253,50,228,132,162,10,89,17,245,189,15,167,58,64,227,125,200,142,38,159,252,127
113,155,187,18,116,188,222,45,64,23,162,121,91,109,178,244,252,15,129,203,45,135,159,63,144,248,242,52,27,176,25,227,116,205,240,213,238,47,123,73,131,152,210,24,83,173,191,22,127,23,100,30,248,76,115,116,122,230,214,118,166,253,53,233,127
58,216,241,175,71,235,112,70,176,47,235,69,137,213,4,137,180,230,124,212,205,253,133,133,229,125,103,24,213,171,1,245,138,29,238,13,157,123,193,117,101,87,177,1,246,129,174,173,229,74,106,218,127,120,97,182,124,96,116,94,82,72,90,208,127
243,197,97,26,212,45,12,228,39,192,25,117,130,176,19,14,42,206,112,132,41,99,198,117,187,69,3,108,241,120,28,144,12,129,187,233,227,192,89,128,93,96,130,248,223,37,96,66,166,29,151,32,189,113,12,85,122,132,188,132,180,149,29,30,127
17,99,5,228,131,140,76,207,150,141,242,60,152,29,198,49,139,241,153,224,92,92,191,86,134,154,82,222,213,14,168,240,94,14,116,210,95,239,134,88,114,159,181,253,41,167,133,54,108,158,8,220,61,215,173,140,226,30,5,248,224,112,176,5,127
207,64,188,141,40,182,155,102,4,36,148,76,88,6,2,30,86,177,160,202,78,54,10,104,113,140,131,214,27,124,181,242,67,171,71,252,141,100,226,132,101,38,3,61,203,118,159,5,76,225,135,188,196,28,71,84,46,194,87,8,6,232,198,206,127
6,206,19,230,82,45,127,195,118,18,59,253,178,96,52,25,164,39,133,135,127,214,253,174,156,11,252,132,86,114,196,126,149,166,151,8,156,169,35,31,150,116,75,197,142,194,169,17,8,86,197,213,32,238,17,169,137,127,199,65,31,19,76,207,127
111,222,163,20,0,60,92,158,119,167,242,19,10,205,242,253,110,246,6,176,141,0,40,166,120,23,170,204,27,155,146,172,27,10,87,43,177,116,180,47,74,130,49,212,87,66,19,184,147,41,167,20,249,219,82,223,122,240,160,80,43,12,184,252,127
141,22,165,150,15,197,76,127,14,135,129,72,131,100,207,139,213,88,205,64,144,139,175,237,87,67,161,228,53,8,4,244,51,135,252,15,3,9,179,236,11,217,135,245,246,200,99,191,222,43,60,201,45,30,199,251,247,17,212,248,150,216,7,99,127
239,55,108,195,142,50,98,226,52,28,201,214,47,142,137,65,65,0,176,128,15,130,208,206,77,157,200,193,248,59,46,116,138,63,166,193,238,40,150,192,227,207,109,131,94,18,94,222,154,158,199,201,101,208,147,6,68,156,77,4,56,251,8,171,127
219,127,137,101,129,165,85,171,240,33,9,97,211,22,72,212,30,45,184,14,205,246,173,15,20,146,126,200,122,69,37,44,184,26,127,16,241,226,151,108,202,79,51,241,145,247,109,59,154,0,193,183,0,85,156,208,57,98,125,3,227,138,38,178,127
206,33,55,132,176,73,84,202,94,60,112,226,209,206,76,25,17,128,248,186,190,150,18,94,231,121,238,38,203,136,44,246,93,40,224,80,44,167,108,236,1,235,81,241,107,72,82,61,226,197,40,110,75,87,65,130,38,206,33,240,11,170,54,17,127
253,138,184,128,216,121,176,164,182,91,136,121,150,252,57,85,251,78,230,235,233,254,122,252,22,7,193,36,77,34,19,36,104,65,115,233,100,205,203,181,29,190,148,44,11,89,79,31,178,101,31,9,173,216,60,93,232,94,42,168,40,10,27,70,127
222,87,166,179,4,154,51,39,67,30,43,118,48,183,183,100,22,172,107,164,110,250,162,136,48,212,135,234,225,45,243,192,187,112,207,50,237,245,103,136,220,95,139,234,176,144,197,207,240,133,70,179,30,102,37,60,113,96,235,59,30,93,246,71,127
238,157,132,53,201,97,87,157,247,34,1,104,32,231,208,246,208,247,60,89,232,251,12,56,234,27,98,93,124,70,16,183,55,129,231,46,60,91,88,205,219,64,194,218,34,44,66,58,45,85,51,48,58,89,239,40,251,211,107,27,127,87,192,203,127
62,102,127,42,49,92,183,36,114,64,68,16,79,73,16,127,79,15,72,8,79,108,199,215,98,117,101,68,164,62,25,17,70,89,159,197,174,228,97,145,181,150,70,105,138,5,187,132,149,63,127,43,175,231,233,94,130,176,116,160,117,152,237,100,127
174,12,91,55,139,170,165,24,85,78,62,194,199,2,183,46,123,87,48,99,116,24,74,168,183,111,191,26,51,46,154,157,140,220,191,74,4,222,136,87,163,93,204,134,21,157,55,208,53,43,212,75,69,82,143,153,247,204,146,184,96,188,234,11,127
188,208,207,2,83,9,242,119,222,61,203,128,24,51,229,109,30,56,196,174,135,138,116,11,185,223,47,147,142,220,167,80,138,14,88,13,169,211,73,96,163,1,188,104,165,135,185,251,244,40,71,22,244,55,252,194,112,103,230,127,48,137,232,63,127
45,228,234,123,192,121,19,245,72,73,12,51,183,29,36,58,73,48,82,1,25,26,97,28,165,109,237,203,201,55,163,26,85,36,244,60,213,141,15,141,175,219,65,61,183,66,61,145,96,159,242,157,87,41,4,91,104,90,7,74,86,42,210,188,127
224,137,34,38,102,226,160,208,51,198,54,221,161,192,146,170,87,0,213,81,155,48,40,170,85,96,185,110,40,90,170,228,142,72,63,30,81,123,106,231,149,58,27,236,60,76,92,131,246,195,175,165,35,116,173,182,148,202,162,196,128,39,199,254,127
13,39,198,41,144,98,249,172,133,122,205,60,235,202,208,77,218,239,107,54,102,187,187,102,185,148,8,170,159,76,193,26,129,235,157,80,114,65,233,207,140,191,227,72,130,171,24,218,178,156,122,3,146,8,16,210,137,176,135,117,214,156,159,180,127
136,192,195,126,225,180,254,239,131,249,215,217,168,32,90,187,84,35,237,106,233,20,127,193,223,116,22,66,105,56,149,186,231,169,6,189,246,232,206,208,99,100,150,237,197,162,60,17,2,146,65,40,171,193,250,41,174,159,216,96,151,205,138,222,127
116,6,32,150,126,79,53,126,53,23,155,252,92,153,148,42,49,22,50,88,197,18,151,120,252,109,74,32,103,106,122,14,247,77,201,119,111,135,185,240,251,50,61,53,13,114,38,138,124,153,201,209,182,127,74,26,214,24,216,177,77,226,246,250,127
19,162,222,209,129,45,210,48,151,80,249,23,22,112,199,84,123,193,232,122,53,141,125,204,223,182,122,179,139,247,47,0,190,198,3,126,122,167,240,207,148,58,216,86,53,0,70,213,0,249,118,242,175,30,222,204,32,137,108,6,134,3,138,15,127
40,91,119,105,155,206,67,194,121,96,214,125,79,217,119,178,191,51,87,51,25,215,116,2,102,6,5,91,159,156,17,45,202,10,198,223,146,13,96,210,104,18,73,7,73,175,158,9,66,37,66,76,210,100,219,241,232,217,241,148,109,202,132,132,127
229,179,29,60,77,38,167,233,181,250,171,60,40,228,119,108,216,95,157,63,175,213,246,225,236,138,114,0,198,157,184,77,84,78,143,93,26,212,40,227,150,8,115,146,42,209,152,38,188,230,53,82,127,229,251,166,132,11,128,164,227,164,23,66,127
200,201,57,38,174,207,133,88,104,197,162,13,113,254,154,224,73,187,202,218,219,196,125,5,40,68,164,185,13,178,72,132,150,81,79,144,92,105,248,189,77,65,234,181,192,149,150,25,121,158,121,34,191,7,238,198,181,136,142,25,1,40,235,173,127
245,114,204,54,253,119,41,1,243,240,24,235,130,138,145,196,119,181,72,198,46,58,152,26,66,50,89,231,67,14,45,230,145,65,143,164,22,19,157,203,249,253,158,67,17,192,53,37,58,72,47,194,92,38,205,219,155,35,163,210,130,243,224,73,127
95,137,202,186,9,66,29,106,167,250,113,247,25,78,204,176,42,155,62,69,247,220,240,47,75,37,98,20,207,30,102,168,116,109,95,36,158,235,119,215,35,185,46,143,35,175,57,186,146,197,149,132,222,73,2,137,228,156,5,253,175,189,28,173,127
16,140,107,230,42,213,155,26,246,161,187,143,3,82,158,207,100,206,23,141,247,31,163,125,223,241,217,111,159,163,60,74,66,140,210,54,210,215,123,170,40,142,235,205,173,121,160,65,85,214,138,102,122,233,67,101,127,122,241,162,98,102,187,33,127
33,144,252,163,217,142,154,138,118,236,89,204,144,173,127,14,235,218,129,59,183,41,68,30,116,58,31,157,37,245,112,48,226,14,165,182,128,150,79,90,49,191,194,132,218,25,27,124,22,51,10,112,22,30,6,225,67,240,22,41,136,55,132,172,127
22,167,214,71,185,66,240,230,132,59,105,84,56,8,137,225,11,48,140,52,154,35,94,86,129,57,220,209,51,222,208,32,253,58,4,8,228,67,230,50,80,210,0,194,148,90,97,59,137,5,79,177,32,90,155,61,234,172,61,25,127,73,78,104,127
138,7,15,31,215,5,81,52,0,209,215,238,228,59,127,29,98,95,169,241,214,219,128,141,20,18,205,163,49,34,182,108,174,189,45,233,96,19,194,44,153,185,254,138,107,2,171,148,129,137,175,136,249,229,214,171,140,60,129,53,214,77,149,35,127
47,6,169,222,98,239,64,168,241,85,22,95,250,177,88,183,14,47,176,156,89,33,161,144,161,65,205,198,214,130,61,109,74,149,189,249,201,180,204,18,38,37,19,12,205,82,39,32,116,246,246,45,86,48,32,19,17,120,157,213,115,73,3,24,127
176,181,43,217,71,78,234,30,210,178,39,63,90,198,27,2,254,134,202,18,220,223,50,92,223,148,101,147,0,235,127,74,34,132,65,176,193,47,241,248,244,214,53,164,32,41,197,247,152,151,130,118,241,25,210,162,65,29,125,179,101,114,58,247,127
222,157,159,104,235,218,92,52,60,233,202,176,209,95,152,171,58,131,129,23,44,89,128,189,153,85,4,55,53,251,195,94,242,78,18,58,41,60,116,151,121,185,36,248,241,147,117,37,182,130,46,164,200,90,1,101,102,153,26,8,231,179,2,196,127
220,194,52,241,58,182,166,139,199,158,155,40,7,157,160,157,225,221,199,179,9,145,122,250,174,100,78,203,220,172,121,104,32,125,183,174,187,69,175,94,125,236,189,91,37,60,217,18,224,151,150,22,11,76,95,168,9,129,234,143,182,157,95,242,127
47,247,168,185,177,8,80,223,211,245,172,213,252,248,13,229,3,5,44,116,237,210,6,82,254,62,105,85,188,95,101,102,192,119,4,126,55,135,67,227,17,40,89,241,162,220,49,70,142,179,21,208,68,32,190,4,172,79,19,116,177,248,202,70,127
143,83,117,193,132,187,175,20,63,121,158,75,232,148,146,199,6,166,126,227,250,202,6,85,94,225,189,87,199,181,207,36,87,250,185,36,228,244,28,133,217,230,248,36,87,238,139,85,241,96,92,164,223,31,96,100,39,203,39,51,253,128,237,194,127
125,185,95,138,149,24,172,111,212,176,210,129,108,125,118,88,248,121,106,224,135,85,187,122,46,207,146,190,40,134,110,109,193,164,179,253,188,95,107,87,149,52,64,80,195,79,91,39,152,78,211,230,3,121,225,117,210,196,210,114,20,191,165,245,127
35,159,229,175,84,146,24,154,80,195,193,50,128,149,239,174,150,57,5,86,45,17,60,57,31,205,234,202,124,150,153,92,237,52,212,0,36,9,103,61,136,235,221,77,6,6,121,18,84,140,2,60,246,114,62,127,100,85,13,206,112,177,7,110,127
185,174,155,43,6,68,112,49,57,250,129,89,192,25,109,181,18,139,125,222,145,89,151,86,36,40,163,30,143,13,14,61,184,67,105,14,212,224,106,10,22,66,111,27,51,12,143,222,251,127,191,34,144,221,115,246,223,40,21,241,60,28,132,137,127
100,248,221,89,85,226,0,144,184,213,30,78,116,209,242,169,15,10,83,82,68,129,109,4,186,253,141,214,9,183,95,168,157,108,58,52,235,38,71,172,135,181,97,164,253,210,73,111,170,240,173,152,148,190,19,108,149,12,51,192,202,113,138,173,127
146,131,207,205,232,82,239,104,197,241,209,38,173,18,126,14,161,241,191,211,113,219,26,218,222,169,111,72,102,62,167,240,45,170,199,130,204,105,24,100,192,25,235,119,13,86,217,49,77,38,219,126,24,161,38,184,209,176,250,229,240,209,161,128,127
2,50,106,203,27,38,94,18,181,113,172,220,223,42,221,12,178,253,192,164,190,129,26,235,157,210,200,204,254,253,229,82,249,72,127,219,195,45,238,71,165,151,65,80,150,119,231,37,32,50,4,91,234,112,116,0,13,141,38,200,225,211,122,86,127
2,197,202,81,14,195,151,142,76,90,79,181,152,23,81,86,94,87,95,176,103,52,174,118,243,85,197,12,28,67,204,231,194,250,214,11,226,221,239,183,155,121,196,60,112,240,152,158,150,127,199,59,165,66,106,64,112,184,126,8,249,85,209,229,127
33,69,97,90,227,221,69,245,196,79,236,171,40,116,176,72,98,46,157,145,74,190,180,111,104,1,0,108,58,176,235,217,75,67,150,153,86,117,136,213,53,198,47,80,251,245,25,246,18,202,140,64,40,170,241,228,89,10,114,95,177,152,217,252,127
108,191,201,77,217,122,130,55,105,222,198,17,158,153,26,186,85,233,59,98,199,145,57,123,127,177,18,8,185,199,145,26,3,232,191,117,171,157,142,190,232,65,68,245,50,44,172,232,104,145,88,62,58,21,178,247,195,94,29,6,199,186,154,26,127
80,51,250,70,53,178,60,164,97,202,1,147,73,102,161,216,19,90,143,143,56,209,77,38,234,217,212,183,144,26,198,66,228,122,238,5,53,32,85,232,186,87,240,222,114,17,82,23,177,183,206,115,183,8,139,200,100,103,138,29,64,125,71,235,127
178,237,174,138,146,119,44,59,205,92,116,225,131,22,174,238,226,24,137,214,122,115,203,227,32,64,115,45,54,118,244,215,110,0,187,170,222,228,208,138,220,72,132,94,217,123,33,145,240,192,126,196,217,196,206,117,190,123,157,246,161,4,33,157,127
151,192,104,80,46,179,169,138,53,26,111,16,207,22,135,243,203,127,160,134,160,10,163,201,14,28,4,125,69,64,44,29,60,107,121,23,115,123,156,153,94,212,94,21,43,170,128,201,81,61,71,204,122,30,239,24,112,194,65,164,101,101,65,206,127
155,116,164,220,93,218,88,173,75,49,32,184,240,13,139,29,33,236,125,140,78,129,86,19,226,17,49,33,243,50,124,146,75,132,132,78,197,214,132,117,130,1,27,208,214,80,110,254,116,236,61,104,153,147,106,205,67,2,246,215,101,113,177,242,127
190,40,57,219,81,234,190,58,188,251,129,13,151,195,51,31,113,70,205,141,18,74,163,196,101,17,56,46,163,29,215,148,221,194,215,14,237,252,119,145,59,210,221,12,251,68,11,140,24,14,103,209,233,133,115,35,9,119,105,144,112,224,52,231,127
202,104,174,100,184,200,116,90,9,143,140,162,44,36,79,96,154,89,37,191,217,83,116,9,169,51,135,61,138,159,122,117,172,43,145,215,43,160,43,101,219,208,239,253,157,100,105,221,140,0,202,79,220,52,227,54,176,148,197,105,241,104,12,63,127
215,198,101,128,29,181,32,165,31,46,49,42,115,205,82,112,139,115,5,44,233,74,242,18,49,186,146,160,157,125,74,152,118,168,209,155,58,91,134,33,141,103,11,90,112,92,18,15,152,66,31,245,246,229,56,205,86,9,109,178,156,17,199,114,127
99,187,120,240,95,151,112,85,129,185,109,215,98,102,128,127,222,197,150,245,7,104,102,74,233,64,8,172,171,143,140,193,164,142,120,197,178,200,238,111,222,108,177,250,70,75,76,245,152,199,25,227,241,32,15,79,122,1,111,23,250,36,236,202,127
219,170,150,5,100,28,164,180,21,229,48,210,170,101,28,76,158,52,55,114,190,28,81,245,200,165,96,114,151,14,110,57,213,158,236,203,167,229,68,101,90,140,111,158,130,59,2,97,150,148,134,65,227,147,90,116,152,172,15,76,74,245,165,17,127
163,217,137,89,82,19,229,74,62,73,83,46,236,142,237,39,8,52,208,192,196,217,167,2,216,204,209,50,174,162,47,101,212,171,138,231,189,23,172,62,203,50,128,198,18,121,158,254,178,188,228,230,121,241,207,124,31,230,4,222,215,175,58,162,127
46,222,216,226,58,103,33,152,132,192,91,7,235,129,147,194,108,159,11,178,88,111,156,73,243,204,213,161,0,59,57,47,214,144,104,81,14,53,148,113,150,207,16,128,28,129,1,133,46,171,99,158,185,27,27,233,86,149,34,14,192,145,148,8,127
220,33,227,127,27,122,146,183,43,162,21,55,172,128,209,127,156,33,146,198,209,133,95,15,214,213,51,98,145,33,20,4,150,162,77,38,209,37,165,244,235,3,243,195,226,143,146,179,161,23,39,48,3,117,53,236,148,156,127,144,134,181,127,25,127
62,230,225,206,152,143,7,171,139,140,48,148,229,188,160,82,13,117,9,89,11,215,110,72,253,7,158,197,32,86,35,77,163,110,163,200,235,226,108,120,139,45,81,143,212,83,9,240,220,197,251,172,110,61,103,4,227,245,169,80,231,16,76,138,127
225,150,62,147,146,91,52,224,209,137,97,238,202,55,183,235,225,56,54,227,230,137,149,81,90,114,252,111,174,88,121,140,242,138,199,173,61,180,203,126,134,32,142,155,155,58,80,208,105,134,11,13,87,73,227,237,172,196,23,63,3,184,82,134,127
9,161,41,90,238,58,73,195,133,155,39,117,121,25,109,194,78,27,103,102,205,175,150,189,69,13,96,209,103,107,89,215,163,201,231,165,210,112,24,11,176,220,65,228,180,252,94,135,77,101,194,117,229,201,26,162,68,64,32,145,197,227,226,123,127
28,210,104,204,34,72,169,115,64,52,87,171,254,134,249,130,24,222,237,141,21,202,107,87,62,226,161,37,222,91,242,8,200,149,218,161,241,132,57,192,116,10,227,12,204,126,71,209,34,8,99,175,206,17,152,253,34,143,240,87,32,153,166,6,127
203,161,169,217,150,128,216,148,235,221,199,168,210,201,108,93,44,32,199,152,40,14,117,157,143,2,140,18,32,177,73,56,86,81,162,216,24,238,62,87,179,16,237,201,41,152,243,219,178,171,160,57,19,184,229,253,104,136,161,61,107,58,149,208,127
109,120,150,234,1,234,235,218,172,163,184,188,95,247,77,98,143,144,161,186,182,28,40,177,51,204,107,94,236,202,188,105,49,242,67,194,177,20,34,140,45,1,221,213,130,8,188,67,233,220,184,39,145,122,116,204,163,149,144,164,108,32,182,104,127
106,232,174,187,17,103,20,5,127,119,52,47,55,58,174,78,33,40,212,186,111,241,197,221,224,121,149,68,45,111,107,250,62,48,127,156,201,203,219,197,160,85,41,132,61,166,32,131,189,140,17,77,59,216,69,79,225,181,142,238,199,196,8,125,127
190,122,188,132,234,210,223,236,224,136,248,216,106,90,228,10,240,48,241,30,152,87,208,137,90,129,106,23,137,68,114,8,104,42,54,103,80,146,69,50,226,46,235,12,139,168,191,189,19,115,35,17,189,11,38,175,149,96,105,132,113,201,39,34,127
13,39,37,244,98,103,12,43,66,52,241,103,187,189,215,127,33,233,229,241,151,64,14,87,104,138,78,176,28,164,207,54,100,88,4,196,20,137,78,73,15,1,223,224,139,59,136,22,87,29,12,32,208,249,152,177,223,245,5,30,81,207,73,204,127
183,194,18,70,54,224,99,11,160,91,165,223,223,206,237,173,107,27,211,27,182,185,224,171,181,182,28,154,20,4,224,39,164,26,12,86,201,101,147,164,178,48,75,60,86,202,83,106,178,121,18,251,239,77,59,243,81,232,32,93,244,101,107,198,127
109,141,193,5,28,28,242,170,168,122,40,56,219,237,230,225,19,248,211,22,66,207,51,103,58,115,208,86,119,235,91,166,206,104,30,179,114,120,240,134,153,164,33,231,91,198,63,96,170,186,169,96,149,216,108,75,127,72,102,235,173,92,222,128,127
13,23,179,128,11,172,250,191,169,125,194,164,201,91,210,208,78,180,209,215,5,150,166,92,143,18,132,140,63,110,2,88,104,67,53,163,9,237,6,178,89,165,109,208,157,60,154,127,12,130,131,19,150,106,43,30,225,5,2,55,105,17,22,212,127
53,95,125,169,144,110,103,18,98,249,102,81,239,8,189,152,17,128,161,183,237,91,22,2,170,47,213,16,179,53,149,211,101,11,191,161,14,73,4,177,74,154,251,0,0,29,38,5,224,109,185,199,38,240,239,46,101,139,204,105,126,80,44,208,127
250,188,199,167,17,161,45,102,164,18,110,182,229,65,169,151,160,245,11,152,246,151,172,32,28,45,131,116,10,87,137,131,135,190,116,33,154,237,92,153,184,224,145,4,44,72,232,59,245,223,237,213,220,210,4,20,9,239,13,111,33,121,2,143,127
66,104,105,158,110,117,196,35,247,151,31,176,73,75,99,41,139,202,192,39,247,208,246,109,214,247,153,34,177,245,172,57,242,14,146,76,170,70,203,107,243,37,20,211,103,18,30,134,4,215,103,31,44,109,159,16,170,217,33,7,36,169,17,113,127
159,7,218,35,145,188,65,68,89,45,186,25,114,213,134,158,158,150,170,22,72,90,174,242,206,216,44,215,251,92,103,172,146,46,48,19,119,53,189,225,251,174,245,6,145,135,228,116,176,103,104,193,164,17,229,89,216,129,199,203,54,217,49,241,127
2,116,8,253,210,184,142,174,107,21,202,197,133,62,3,92,78,177,254,172,48,196,215,192,107,212,252,213,253,200,196,54,216,46,67,82,8,111,140,39,177,48,119,6,164,234,18,89,109,24,2,124,3,168,147,112,73,218,177,40,29,238,196,19,127
115,254,32,218,107,59,11,79,167,69,203,150,222,40,44,230,43,152,60,44,84,220,135,54,213,116,234,137,204,223,220,10,71,57,62,169,60,116,113,147,57,184,150,92,157,250,223,237,220,29,88,61,220,238,129,101,204,98,226,94,237,231,245,235,127
57,153,111,165,150,1,149,47,127,233,247,110,91,56,31,77,147,134,161,18,230,162,83,162,55,44,133,51,131,68,144,162,10,135,156,28,209,213,153,230,86,108,240,210,23,215,29,142,105,2,74,56,201,230,235,114,133,60,9,235,60,211,150,90,127
141,152,40,220,206,164,120,218,108,124,80,36,69,125,47,47,8,181,223,105,39,60,156,123,184,33,89,27,22,17,80,52,18,238,197,168,46,171,176,178,11,192,184,238,147,172,244,189,39,33,112,245,121,22,157,33,11,8,228,6,124,150,45,67,127
53,19,40,198,201,107,103,160,218,18,218,112,142,112,235,85,115,102,136,68,29,211,131,99,49,106,172,125,239,155,164,17,83,80,152,17,31,235,39,116,148,49,190,9,217,125,4,142,34,209,187,112,242,144,145,26,165,151,7,172,155,250,95,5,127
85,83,156,125,162,232,46,50,211,76,83,17,198,104,65,127,135,198,114,13,240,64,236,147,70,64,50,231,129,36,72,156,163,173,220,29,8,129,251,114,250,231,46,70,137,4,9,108,116,194,27,52,74,171,109,166,132,64,47,168,78,27,93,227,127
99,82,134,49,205,94,122,169,122,138,104,205,200,70,6,98,6,10,74,189,150,248,76,91,18,153,80,141,19,37,116,234,209,153,152,168,44,215,229,139,224,18,220,116,34,54,88,141,201,88,162,99,94,250,88,78,50,235,235,238,254,164,188,128,127
125,60,61,96,141,171,212,183,229,249,182,131,254,97,8,87,2,253,159,117,240,194,219,170,229,189,66,174,200,20,246,42,195,149,6,206,153,17,91,6,117,5,212,40,115,225,31,188,207,138,161,230,2,205,225,244,120,82,149,39,9,90,174,246,127
67,250,4,149,21,10,186,155,133,110,234,247,170,246,238,64,116,252,108,102,83,92,94,94,87,164,200,76,202,127,66,101,12,47,236,190,139,169,254,195,74,246,182,120,90,150,226,84,205,116,201,27,199,117,178,88,99,82,168,102,112,112,205,159,127
182,209,8,157,63,133,59,115,165,114,153,119,181,65,110,160,171,91,21,153,229,219,150,167,250,240,106,4,235,237,72,1,169,4,224,166,2,74,151,29,35,85,128,102,231,24,163,81,48,50,176,250,170,112,164,237,81,190,224,178,113,165,187,157,127
226,41,135,33,107,47,178,127,91,13,223,52,133,2,240,137,185,106,199,45,68,51,139,171,198,209,183,40,12,17,177,101,47,205,124,91,186,174,180,144,184,213,107,206,128,42,80,85,226,135,237,236,241,121,139,219,187,26,92,172,210,244,94,248,127
96,181,215,79,200,157,230,143,6,156,8,4,104,206,94,57,126,40,28,135,35,163,152,237,50,210,6,157,239,244,224,91,113,182,82,69,192,12,74,216,32,65,86,12,187,43,251,41,16,79,77,109,156,56,129,127,31,5,29,214,1,143,66,233,127
86,91,66,220,72,42,205,243,106,194,86,131,239,184,173,105,207,117,208,96,134,217,40,97,172,45,141,153,210,224,161,99,249,6,58,199,219,168,6,140,134,130,109,240,176,18,120,234,13,193,141,19,246,229,95,29,207,211,49,48,10,213,206,90,127
9,166,20,32,164,250,68,248,29,11,20,225,100,128,85,211,118,45,184,169,142,221,88,211,247,218,66,25,16,30,88,29,182,177,167,71,186,104,200,74,36,127,185,141,124,178,172,188,72,223,233,3,132,96,234,195,14,120,44,186,158,155,254,179,127
186,174,52,252,227,11,233,155,193,13,44,89,167,246,76,174,252,215,106,93,223,188,122,113,220,243,47,213,168,154,10,116,165,87,96,150,240,241,154,33,156,64,156,122,59,52,220,101,154,116,30,88,171,234,43,80,139,92,57,19,51,87,244,144,127
128,61,123,41,178,30,109,106,249,222,24,78,81,70,244,207,211,166,8,220,213,193,131,164,253,157,82,114,159,30,67,14,14,208,110,189,90,100,39,49,146,190,251,80,127,48,149,249,162,153,103,81,24,33,158,198,72,233,125,118,3,236,57,32,127
32,253,81,103,253,16,216,175,16,192,2,106,214,183,36,109,13,87,131,104,89,174,159,211,52,187,49,116,205,107,90,180,112,10,194,78,136,116,213,226,50,118,206,110,163,0,137,247,253,167,209,208,18,178,124,204,166,129,166,114,179,209,14,145,127
20,172,95,207,232,9,55,59,121,192,228,84,191,171,145,7,232,59,49,86,0,122,89,186,243,44,185,47,41,192,2,134,200,230,116,209,37,189,46,179,251,128,187,86,243,201,159,90,38,174,233,240,27,225,29,1,200,182,209,67,251,49,235,226,127
19,67,129,147,48,36,245,48,88,62,168,44,202,65,26,203,10,251,252,83,5,26,200,80,34,46,168,164,85,107,157,55,21,199,124,199,149,86,155,131,90,75,198,24,248,81,12,204,66,233,115,173,95,45,239,247,204,136,22,7,153,169,68,23,127
69,165,92,246,44,176,194,203,110,126,12,97,34,92,144,96,235,163,253,222,185,116,46,187,248,59,109,29,16,62,49,95,129,26,52,121,134,60,215,47,155,61,215,70,142,45,70,54,188,116,150,62,99,39,157,139,137,189,107,185,124,176,68,170,127
89,218,1,113,4,13,134,240,164,191,217,29,216,61,171,165,192,253,197,129,72,220,165,191,11,52,252,112,227,165,5,50,82,57,38,190,45,92,192,159,234,97,63,194,166,184,185,237,109,249,18,86,100,97,230,247,253,110,129,10,17,63,172,90,127
136,148,204,181,56,112,139,141,209,96,217,215,120,129,44,185,189,209,188,116,216,110,226,252,119,7,251,20,138,60,210,55,51,142,156,75,191,198,82,167,129,57,193,119,23,33,178,91,120,31,199,154,137,215,43,16,34,120,240,8,61,73,240,209,127
207,129,53,210,161,27,237,85,242,206,80,125,67,200,201,22,91,11,182,249,139,223,139,96,114,243,205,246,217,154,106,104,134,42,177,77,248,172,126,250,125,236,226,74,193,171,25,170,230,195,233,30,69,197,7,140,84,138,38,98,138,189,194,113,127
174,66,202,148,188,100,190,116,237,11,177,188,200,225,146,35,252,130,138,205,210,17,46,19,104,31,250,150,128,239,55,252,251,92,164,103,52,24,51,66,177,16,14,234,222,153,182,93,147,84,225,102,175,190,190,158,107,30,60,128,210,18,135,116,127
32,54,104,114,61,131,251,46,109,213,107,213,156,147,27,239,241,115,16,136,203,169,36,120,98,55,250,197,53,251,19,84,226,101,44,61,144,135,210,23,225,244,133,55,178,32,245,223,199,171,151,127,90,40,159,201,139,214,108,4,68,5,78,162,127
46,27,221,88,110,223,71,159,51,95,32,185,212,3,237,112,199,121,82,113,71,132,63,123,247,89,107,114,237,160,72,231,170,207,141,58,138,3,121,81,6,172,127,2,179,160,9,55,82,47,195,198,2,248,45,193,18,84,33,9,214,188,28,243,127
193,248,91,211,126,124,39,146,91,199,201,103,103,22,74,7,25,171,114,42,76,124,86,207,153,78,37,50,227,23,93,171,193,219,122,240,140,125,2,138,145,45,139,50,90,206,132,181,171,82,13,234,60,72,42,228,39,88,64,164,217,37,10,142,127
147,61,15,27,204,5,150,149,100,39,186,171,140,170,241,30,46,71,218,63,115,115,12,95,234,150,18,55,194,49,143,26,102,182,11,123,135,218,139,103,152,143,67,241,74,157,237,137,186,180,29,42,143,149,80,121,221,63,212,195,46,201,205,20,127
88,88,147,12,49,109,18,80,44,211,74,52,232,174,233,158,243,220,59,84,130,185,68,117,243,221,61,89,173,248,22,206,101,189,56,48,47,99,203,10,10,121,155,53,187,31,62,2,164,161,44,24,28,238,250,13,74,11,134,51,134,111,227,237,127
241,69,52,134,198,103,250,84,118,231,181,22,109,149,99,77,239,35,31,155,11,84,141,99,59,154,113,188,43,154,122,141,169,27,246,12,154,74,163,171,57,147,235,104,210,153,155,81,89,234,119,236,155,153,45,144,96,93,192,197,234,156,181,202,127
184,205,155,124,63,208,202,65,248,75,155,151,184,93,177,208,154,102,223,14,31,134,163,204,98,168,120,62,151,93,38,215,81,116,62,214,73,201,186,166,196,27,147,154,78,194,26,137,186,39,130,161,32,54,177,228,87,141,179,123,179,197,236,224,127
237,43,218,28,211,201,228,28,50,134,157,187,63,249,213,105,49,233,91,10,44,144,46,12,118,225,77,28,242,81,243,52,38,156,185,123,0,129,98,183,145,10,248,251,81,91,83,212,98,183,54,33,54,133,163,75,225,15,219,195,204,85,100,174,127
225,174,176,115,115,230,108,65,238,186,239,13,108,231,26,127,51,186,184,227,102,3,97,77,11,241,168,5,27,245,24,191,145,70,55,250,232,44,80,252,94,178,114,230,211,126,89,181,116,227,138,17,147,85,219,118,167,179,138,243,105,172,85,76,127
214,55,125,140,198,12,214,196,252,136,26,62,218,93,196,21,240,70,140,238,161,82,240,144,46,21,147,127,171,218,214,97,32,57,235,175,4,113,118,129,94,128,76,29,220,175,241,175,102,138,196,18,113,207,192,173,162,151,228,170,32,167,245,58,127
250,166,125,252,119,5,199,8,28,155,16,133,252,80,30,126,44,164,253,62,100,99,250,203,134,159,176,250,229,96,131,119,122,206,27,241,128,247,219,147,249,81,22,116,155,39,201,169,161,33,142,44,168,227,84,196,72,165,16,127,230,166,116,217,127
87,32,68,186,94,176,160,226,140,168,53,194,92,242,233,157,4,3,90,32,142,211,20,210,185,98,217,253,75,188,142,210,208,166,65,14,237,160,202,119,180,96,118,2,12,188,39,128,78,193,223,93,25,161,225,109,155,108,96,148,147,217,60,125,127
250,87,160,138,19,47,64,229,225,14,205,61,185,48,102,115,102,51,82,90,31,88,70,129,1,166,249,132,52,232,247,55,185,57,18,78,229,128,91,175,116,8,210,171,42,212,239,96,204,88,97,177,113,74,134,215,85,63,73,14,23,123,213,186,127
93,138,138,7,32,208,49,72,25,165,144,114,69,97,211,235,158,15,145,138,66,131,76,3,152,37,150,97,172,183,238,217,87,244,4,106,35,88,131,217,5,146,221,177,92,247,148,155,246,217,29,120,151,127,69,53,120,88,186,24,122,242,200,132,127
44,41,1,222,147,234,136,6,240,54,80,223,112,206,74,22,8,162,86,172,169,124,8,136,13,213,35,64,17,247,172,74,122,13,35,65,231,232,112,154,211,234,209,64,151,17,88,42,130,233,84,151,252,187,117,2,96,109,68,178,228,14,250,2,127
97,248,66,195,242,89,127,149,140,121,48,244,38,40,81,7,51,65,153,38,247,181,81,199,142,150,23,126,184,28,36,180,167,93,141,131,250,202,243,181,200,47,92,189,11,41,238,121,32,180,88,175,47,171,158,64,204,64,99,27,33,111,33,32,127
239,108,173,236,15,210,91,58,72,211,87,48,8,70,113,93,81,176,211,169,125,124,154,130,1,154,85,125,149,31,5,253,76,80,252,148,108,202,169,167,22,235,74,42,251,55,61,245,246,203,49,45,139,196,69,182,153,158,222,84,169,213,106,13,127
44,229,181,115,229,140,151,98,121,37,96,194,61,191,48,222,230,13,238,155,166,242,54,36,69,67,151,120,251,117,27,239,80,56,84,231,102,73,241,240,36,39,97,216,178,17,109,27,92,215,81,76,34,141,220,222,100,4,96,138,18,203,54,138,127
116,34,45,71,129,93,127,127,181,23,127,66,20,100,246,25,103,82,4,88,55,88,14,29,104,172,191,240,67,200,188,174,191,143,135,130,117,94,229,134,225,202,222,225,214,122,24,45,122,78,95,109,23,58,84,228,77,11,168,248,49,59,7,99,127
86,180,54,12,219,6,93,83,130,18,20,114,120,63,126,249,63,205,89,110,71,249,75,219,60,243,26,203,136,139,173,97,77,72,44,191,138,22,106,15,69,106,106,192,20,89,207,38,8,123,145,213,34,106,65,60,169,119,119,53,15,105,240,174,127
19,147,224,130,222,216,199,205,81,59,251,39,80,169,225,116,171,204,170,14,41,48,28,212,220,115,20,249,238,142,136,59,212,7,92,79,199,125,19,57,120,9,172,53,206,84,12,8,92,47,86,169,227,196,73,190,251,243,170,20,130,2,52,77,127
3,162,224,161,119,54,18,70,242,26,93,159,218,235,81,24,165,229,245,25,135,155,200,77,13,78,164,40,130,39,193,36,236,164,56,66,25,100,18,20,212,64,32,39,142,194,35,176,193,215,78,152,137,160,40,223,77,11,138,142,50,19,83,66,127
105,100,199,44,76,44,232,154,84,179,120,25,90,145,116,108,32,137,21,50,107,141,129,156,101,243,188,156,159,145,86,243,5,80,51,31,123,193,74,129,99,181,171,142,64,65,30,51,144,212,180,124,129,233,198,200,52,105,246,129,96,156,45,112,127
44,211,32,214,120,168,37,115,57,13,53,10,98,159,36,19,57,81,87,33,176,24,207,14,163,219,8,16,86,156,121,120,127,85,75,1,157,54,214,42,89,114,49,248,42,95,61,135,100,186,212,138,191,116,178,109,98,170,226,202,150,169,59,12,127
188,120,159,230,135,21,90,37,66,241,14,40,121,78,103,49,217,126,162,32,208,20,183,109,181,168,11,240,13,148,25,17,239,122,194,74,176,169,87,248,2,190,177,47,124,252,0,121,43,207,248,61,245,134,241,240,32,48,55,129,96,56,200,39,127
251,250,37,196,235,193,132,119,194,86,97,226,119,127,31,7,151,85,33,212,49,148,64,63,121,48,20,150,240,68,27,231,70,64,220,244,232,19,111,139,196,193,220,143,60,23,203,246,32,59,84,90,167,227,178,233,189,189,198,81,177,246,55,47,127
205,161,202,207,158,181,206,187,54,119,188,192,202,242,238,174,146,206,59,80,60,182,240,73,151,208,62,171,22,87,198,213,78,251,218,6,5,72,48,58,56,225,34,215,72,235,147,242,16,203,65,45,177,170,239,175,180,96,162,191,112,113,160,134,127
104,22,138,125,17,129,73,205,75,161,240,48,44,225,175,162,185,25,162,192,207,139,222,21,227,34,197,153,143,243,60,201,54,85,214,137,127,197,181,168,84,48,108,93,24,163,157,170,5,6,132,130,210,89,102,142,22,53,7,85,127,103,129,138,127
186,25,144,128,239,94,12,11,216,162,150,89,3,99,15,207,248,81,249,43,160,202,129,219,169,184,203,228,200,2,242,104,233,146,122,116,96,43,127,145,91,178,249,104,197,75,4,104,224,153,99,26,185,157,212,210,186,60,159,241,66,158,125,154,127
14,160,7,241,180,229,120,243,241,89,27,44,157,111,57,232,120,172,23,55,116,76,127,249,27,208,133,147,82,1,201,192,7,144,244,8,55,245,108,203,64,43,122,183,176,133,58,162,252,2,19,133,113,116,86,92,52,41,245,6,117,57,155,247,127
190,33,203,140,32,6,194,169,169,229,254,129,221,117,91,80,151,48,26,185,59,46,8,115,174,131,98,34,71,40,150,49,178,250,26,42,243,19,112,226,95,139,35,196,186,85,242,194,98,11,174,55,236,98,103,87,225,172,58,171,196,128,138,61,127
111,59,18,32,171,166,167,159,55,128,146,115,9,245,24,76,76,18,145,158,235,239,0,206,1,150,156,182,94,33,164,85,70,104,167,84,102,49,119,210,46,197,160,193,148,100,46,135,82,59,123,223,219,31,118,193,219,175,89,37,107,34,206,148,127
238,126,132,150,233,49,74,64,195,23,129,1,77,42,96,79,2,241,46,88,168,38,172,170,241,63,2,116,147,100,91,143,101,77,194,115,7,104,18,214,251,189,58,91,243,52,11,160,127,160,17,80,150,234,136,106,141,29,132,225,227,39,246,233,127
20,6,207,150,28,242,166,172,104,98,85,61,33,165,65,112,30,151,58,68,205,33,102,242,47,117,11,66,102,115,151,207,230,219,234,52,230,150,191,18,166,45,41,152,56,205,14,52,164,94,140,127,222,152,221,67,168,186,73,119,231,55,242,188,127
210,226,4,8,15,221,64,7,204,113,35,161,125,90,88,117,234,139,210,24,87,104,41,127,108,102,177,98,158,96,94,217,92,233,199,138,19,106,44,161,121,200,195,0,7,48,40,7,0,72,96,96,164,100,83,154,115,232,224,200,218,173,28,202,127
32,131,32,143,166,225,58,12,151,51,51,97,9,17,154,249,100,10,101,120,225,3,59,63,80,111,63,47,157,189,30,29,142,86,88,200,39,201,196,178,139,235,125,228,127,74,179,61,88,169,204,118,133,79,10,115,201,49,8,1,74,63,249,123,127
26,9,155,155,161,15,194,126,55,228,174,234,144,37,92,132,71,176,161,86,8,139,55,37,27,47,215,92,72,74,175,190,136,67,114,194,121,72,65,146,55,24,221,129,138,224,59,31,125,136,235,170,219,13,125,179,6,181,123,235,94,130,117,5,127
49,90,113,83,53,15,210,133,196,115,245,110,44,83,62,235,174,18,172,195,150,106,127,59,97,44,179,138,59,90,196,153,248,19,149,246,68,211,2,161,194,140,218,154,127,217,250,43,248,96,65,68,170,235,191,177,39,88,58,164,53,38,20,165,127
58,87,222,209,219,114,211,31,230,28,91,208,92,71,183,214,34,164,76,231,39,239,38,95,236,171,228,28,12,142,69,236,101,12,39,246,225,19,3,60,166,92,17,111,224,147,167,147,170,77,227,7,2,47,48,157,107,134,2,72,23,164,97,116,127
36,212,37,171,245,121,43,127,70,47,47,149,218,42,235,133,243,249,58,51,168,89,58,73,97,22,189,200,136,137,236,57,15,234,30,92,101,189,45,206,66,247,189,207,83,224,57,120,98,176,232,91,87,176,163,29,167,113,142,227,61,84,132,164,127
238,227,161,156,80,237,14,99,249,216,132,151,123,89,121,68,67,224,34,50,180,207,216,90,60,67,113,244,213,247,11,38,47,208,232,65,192,28,110,174,212,117,100,43,86,97,230,133,234,239,70,232,156,69,152,162,96,39,78,16,32,250,144,105,127
90,23,197,18,222,168,115,90,212,165,193,232,83,128,251,239,216,119,138,89,118,124,122,220,83,123,74,10,53,6,164,202,21,86,224,193,105,96,249,102,230,67,226,100,134,69,148,87,152,134,250,118,203,13,142,187,175,189,211,186,10,195,75,174,127
129,62,48,197,177,151,247,50,11,224,15,250,219,153,27,108,234,192,124,251,37,211,28,105,85,162,42,253,79,125,187,215,247,12,207,183,252,4,176,116,8,18,83,242,43,84,79,173,244,107,161,253,50,53,90,104,107,56,32,187,169,212,240,204,127
26,97,82,104,118,203,118,158,181,239,226,175,189,23,88,24,55,108,55,120,76,61,192,93,61,156,221,42,162,213,240,129,221,131,20,115,18,112,143,152,206,126,33,214,166,148,112,244,121,164,185,150,188,27,80,96,68,37,174,84,140,135,59,143,127
98,182,161,203,46,178,81,67,106,36,229,126,58,37,72,214,29,47,247,29,221,193,213,90,7,82,43,173,1,206,230,131,122,68,0,214,66,22,178,188,8,33,251,204,96,100,92,204,253,29,203,225,98,243,89,5,108,143,73,132,43,161,20,142,127
105,77,100,133,53,121,101,111,72,199,186,184,86,229,187,211,21,216,173,146,112,143,186,81,57,64,152,122,19,49,117,3,143,205,151,111,86,2,185,216,162,3,239,182,109,121,142,249,203,103,187,198,61,246,12,205,48,109,195,137,52,204,80,131,127
172,211,58,232,47,43,41,132,100,149,222,124,70,131,53,232,119,44,147,174,223,162,140,19,153,232,145,17,213,162,121,78,252,137,140,123,218,141,68,67,235,216,209,120,196,12,235,191,17,117,55,168,25,59,62,165,220,96,81,131,24,115,75,216,127
64,248,68,253,65,85,37,249,109,140,100,128,154,162,20,19,240,207,182,166,58,100,215,53,74,46,249,212,65,65,13,213,132,100,41,243,164,71,192,19,194,82,71,81,108,126,199,235,100,113,66,209,166,232,29,47,158,49,53,119,77,82,56,237,127
41,125,74,62,202,222,36,0,254,220,61,176,223,113,3,233,109,249,175,75,163,130,210,94,55,72,207,78,136,8,97,140,60,140,118,75,90,153,113,45,177,55,92,177,83,14,171,239,100,138,166,167,154,109,15,44,97,206,149,40,148,93,247,244,127
176,138,167,66,234,237,250,48,154,243,244,72,91,191,250,113,46,212,236,104,19,7,203,192,118,168,35,239,190,181,194,0,149,89,115,167,209,207,206,238,151,50,179,143,98,114,229,124,69,139,92,118,171,117,125,10,32,59,140,198,83,151,129,196,127
1,4,204,67,202,95,203,207,143,78,235,223,129,96,89,230,232,4,179,129,0,136,88,132,59,208,188,89,106,68,100,54,32,233,181,83,234,111,147,180,235,83,184,228,6,154,111,7,116,254,69,16,136,175,76,170,183,103,201,224,43,219,249,224,127
123,60,174,26,227,103,230,249,196,13,245,232,69,178,2,39,132,185,182,80,250,191,46,129,23,97,8,246,32,85,80,75,70,245,18,77,37,183,242,114,220,196,156,65,103,159,243,12,230,217,98,102,188,173,113,88,248,73,19,242,29,0,250,235,127
87,210,92,238,163,181,69,215,176,19,80,204,10,44,21,223,2,118,192,154,188,37,121,162,153,72,83,84,220,215,150,150,129,86,198,207,78,137,4,100,105,229,190,180,58,55,146,150,94,210,77,197,60,64,219,114,82,78,128,106,77,19,136,239,127
113,60,128,24,191,170,202,246,28,98,184,223,162,48,206,130,85,79,72,219,228,214,107,5,4,205,223,48,206,235,8,74,147,61,200,87,2,165,142,3,103,188,90,212,174,167,192,217,82,74,183,177,124,92,125,142,7,71,221,225,50,119,65,170,127
186,81,52,253,209,68,207,156,214,63,167,80,192,213,117,222,187,96,111,40,168,121,242,71,215,248,156,147,22,247,45,134,197,145,87,6,209,93,53,43,215,102,49,33,20,85,217,232,194,47,72,100,179,43,248,35,85,207,226,158,118,61,244,138,127
113,244,86,185,237,127,140,193,95,140,230,104,39,137,107,97,7,246,79,192,198,24,156,26,60,6,182,188,45,136,66,32,143,61,3,134,162,137,228,44,110,50,245,67,162,119,26,14,60,174,124,214,241,199,97,116,96,103,231,234,177,82,27,34,127
30,98,174,77,196,219,170,182,210,50,250,121,219,81,3,108,185,85,153,25,91,105,50,104,63,35,137,19,128,68,79,27,12,20,137,51,97,30,28,180,168,230,174,55,101,140,158,59,100,196,119,87,188,196,107,16,22,103,212,156,238,228,30,231,127
152,23,104,239,111,230,12,116,44,180,38,81,159,34,2,176,70,79,82,116,41,206,165,162,211,95,223,243,75,156,80,220,28,50,215,51,184,116,21,244,78,206,229,93,39,140,91,84,27,158,217,204,106,187,129,37,250,136,143,205,71,108,170,250,127
128,78,216,216,76,165,249,50,63,131,32,111,185,216,8,132,39,174,118,184,115,178,83,109,84,68,131,226,175,134,133,174,231,1,254,21,207,165,172,239,199,208,60,32,252,126,244,30,92,96,42,216,2,138,216,137,195,118,5,104,98,34,138,217,127
156,209,50,239,227,125,61,161,104,75,214,10,221,114,249,238,6,200,14,134,245,221,219,231,153,182,55,127,6,73,40,205,90,55,212,226,101,209,205,96,9,185,223,242,156,62,203,32,189,108,152,2,45,94,138,169,146,151,34,233,68,101,135,138,127
9,118,63,146,116,171,12,232,69,23,182,190,252,210,171,136,80,205,243,27,219,204,123,239,121,43,29,97,86,222,203,231,70,230,189,130,220,49,123,162,115,10,14,142,148,83,172,139,87,94,235,110,60,222,184,17,10,249,9,225,3,228,128,114,127
243,119,206,199,142,105,62,236,215,24,154,59,107,186,65,9,172,176,28,105,172,89,242,158,159,121,11,21,1,71,63,234,39,116,215,152,27,150,247,181,125,73,220,244,122,31,218,14,88,189,209,71,96,69,182,16,19,162,77,145,20,138,135,215,127
178,225,101,148,55,219,54,202,58,197,221,247,73,231,211,38,30,252,176,160,185,180,244,82,180,70,84,208,247,148,16,4,207,235,107,152,197,125,184,168,181,233,203,174,216,109,22,88,85,153,14,90,3,126,152,144,137,9,17,104,98,26,88,246,127
3,194,120,171,125,123,72,119,146,251,96,190,92,41,233,139,148,207,13,152,51,237,200,212,108,61,183,170,63,100,196,240,85,51,179,198,239,204,74,181,109,167,141,148,124,135,88,205,8,42,110,211,156,66,175,216,104,140,161,10,23,186,18,141,127
104,24,97,133,233,232,103,50,104,185,36,176,247,252,6,32,99,214,35,39,14,170,38,164,97,165,203,127,8,177,69,59,249,254,234,154,247,189,119,81,36,25,224,90,176,112,36,102,87,126,213,57,145,127,219,121,118,156,119,19,99,218,153,2,127
95,98,50,7,7,176,218,130,138,240,164,196,126,224,164,34,41,35,202,181,165,33,16,150,103,211,41,160,76,101,157,163,104,206,244,74,102,68,147,204,153,216,124,214,79,175,118,103,154,189,206,219,18,3,110,96,226,174,17,96,231,169,78,146,127
96,122,220,231,199,68,136,241,146,129,229,104,60,244,115,9,117,61,167,171,154,98,106,158,115,193,118,122,237,63,210,120,38,184,150,210,86,42,115,78,25,165,186,217,90,132,46,174,197,60,38,178,28,225,219,234,48,227,194,116,101,168,184,252,127
248,248,247,14,113,230,203,69,49,167,241,123,208,132,245,24,96,55,230,188,44,62,10,111,183,81,71,0,146,226,37,205,150,197,232,177,106,194,219,220,98,56,144,160,106,251,82,95,186,87,76,136,160,105,37,46,200,137,21,214,92,148,245,56,127
34,204,112,95,243,88,231,182,56,8,252,87,19,178,184,128,212,1,230,102,135,203,123,233,156,228,125,24,130,247,28,108,10,171,175,155,150,89,34,62,172,157,186,27,17,224,227,240,8,113,252,50,197,209,117,115,120,47,170,96,120,216,229,53,127
160,178,66,56,57,157,7,253,235,238,92,79,235,106,39,162,208,159,73,181,36,151,110,23,219,140,252,125,244,217,226,193,147,146,109,210,61,97,151,167,187,230,227,252,54,235,143,227,116,233,116,93,71,181,45,60,42,192,166,128,196,217,76,195,127
186,248,57,119,93,38,183,110,57,209,199,128,196,224,95,128,195,247,97,153,225,170,211,62,64,72,17,172,86,87,212,30,6,41,221,149,39,45,40,110,11,195,66,210,120,70,23,196,116,240,175,75,242,78,50,47,243,96,19,114,69,214,240,32,127
249,150,170,213,54,4,240,83,163,197,92,247,230,126,217,148,107,249,140,236,78,167,141,197,161,136,214,179,125,103,129,7,43,26,85,141,177,48,219,65,167,69,187,189,97,16,126,160,24,167,191,144,66,142,168,138,190,90,71,202,172,134,128,66,127
207,26,162,54,43,196,169,239,64,149,47,91,234,88,59,172,161,225,81,195,213,20,76,108,141,181,58,228,123,50,225,49,84,63,6,198,116,247,84,6,166,75,238,116,225,104,106,24,81,130,85,98,15,83,181,175,248,3,50,122,214,85,252,230,127
155,28,69,149,184,221,210,152,73,234,218,66,32,91,115,249,186,43,205,185,21,91,228,5,69,8,252,152,129,208,244,7,158,123,59,218,61,149,229,34,202,156,179,248,112,72,218,171,241,170,97,250,37,158,242,231,92,105,104,163,42,85,254,224,127
45,168,95,86,116,154,142,122,131,165,150,229,48,177,119,193,92,225,213,117,38,146,168,51,59,32,95,125,239,204,238,183,53,41,105,184,134,56,104,28,92,110,79,142,55,48,229,222,76,106,47,71,171,27,13,244,13,191,216,168,116,181,99,89,127
51,131,197,36,149,193,92,80,123,236,71,253,97,131,87,228,85,134,36,50,35,48,12,138,36,209,147,138,23,94,27,92,82,195,84,122,171,229,215,71,235,29,221,142,14,231,212,63,5,20,29,127,237,231,87,225,58,88,26,122,183,1,12,201,127
127,54,57,98,156,233,23,19,103,63,76,93,168,54,84,246,17,55,35,147,142,51,222,54,48,44,141,172,154,130,20,167,1,247,221,101,80,189,139,189,8,58,125,106,106,107,59,36,94,231,188,25,189,45,247,252,179,96,70,225,89,194,43,13,127
136,247,234,242,253,64,51,166,249,57,179,121,54,2,249,150,28,100,50,136,17,190,206,239,197,133,50,46,13,245,101,8,184,243,46,176,118,179,68,179,144,251,248,17,90,209,63,68,235,170,76,228,123,164,94,250,166,138,143,220,185,52,93,180,127
150,122,11,156,38,161,17,228,133,143,234,211,234,162,173,90,209,208,169,73,195,141,172,3,197,133,4,39,174,45,227,200,87,136,140,55,128,108,100,19,249,83,80,221,59,83,69,132,83,109,146,152,231,114,143,16,170,44,36,243,250,117,232,95,127
196,6,60,125,150,224,196,242,139,219,142,34,142,19,144,30,196,216,250,65,168,196,144,148,32,16,113,217,27,99,250,122,244,77,40,248,39,6,100,185,112,67,47,148,169,17,244,189,112,153,30,33,215,235,25,185,158,169,5,100,49,170,162,147,127
229,67,9,236,250,103,37,236,56,74,201,201,71,46,2,178,100,21,230,165,146,64,12,207,90,123,123,36,160,41,163,180,162,97,71,77,175,245,241,91,60,193,165,184,103,56,154,131,202,239,170,56,114,4,165,30,19,141,203,21,240,175,72,76,127
225,35,38,221,109,229,130,204,104,40,104,121,74,252,106,173,6,155,153,98,136,61,218,192,75,54,192,81,162,186,212,93,164,50,185,99,113,41,166,41,127,146,3,162,54,59,184,218,32,153,75,183,135,97,180,218,212,36,224,123,117,229,234,208,127
65,125,27,154,52,137,31,70,108,196,5,63,185,158,106,162,22,194,63,190,21,46,48,240,68,67,198,226,36,128,133,5,125,135,162,36,179,39,126,185,63,168,114,36,198,119,107,38,156,251,205,211,186,11,61,216,52,222,190,248,110,240,188,58,127
232,107,228,128,168,86,234,39,37,18,128,48,77,135,217,115,151,220,238,35,130,56,109,188,169,207,168,127,88,82,32,36,122,49,220,26,206,186,136,78,162,69,108,160,99,27,205,113,18,127,50,56,23,176,187,203,158,28,55,49,99,48,106,52,127
11,191,68,84,160,206,172,66,5,118,31,195,102,58,202,105,47,81,154,171,85,149,164,138,83,125,150,212,214,55,1,119,17,206,231,251,114,149,138,187,68,21,232,138,248,62,10,150,246,198,5,64,154,132,74,170,210,101,252,218,70,28,208,148,127
9,182,25,22,32,145,33,37,91,250,5,215,38,167,182,235,134,5,0,145,10,200,226,2,153,133,81,23,61,210,87,39,171,127,118,155,141,176,138,1,102,47,27,132,121,217,20,17,156,220,42,243,205,245,223,138,117,34,40,39,7,172,199,249,127
105,51,203,24,71,86,207,35,212,37,66,164,43,80,143,224,139,236,4,37,12,192,56,109,108,173,28,157,176,30,142,0,46,136,55,240,243,125,181,216,37,163,253,208,100,244,96,222,150,14,237,66,22,201,162,108,230,143,227,177,83,130,102,117,127
94,241,254,75,80,70,32,249,103,5,138,5,187,46,90,208,82,236,232,177,244,233,154,117,39,181,105,104,252,43,218,83,102,243,123,74,166,96,41,52,188,5,207,71,183,69,33,97,96,127,90,189,14,73,32,220,102,228,71,104,228,201,229,145,127
143,42,46,73,119,12,108,137,234,170,93,173,202,153,99,201,225,169,213,29,91,148,244,169,34,164,53,5,55,196,38,174,205,7,83,59,220,238,187,114,191,188,234,169,120,110,17,136,230,132,232,94,107,202,141,16,205,29,193,57,3,239,212,9,127
99,6,60,5,178,83,89,88,87,186,194,253,69,158,168,203,248,220,100,234,147,180,214,240,50,59,121,122,228,167,54,220,244,104,92,149,137,87,210,142,223,174,95,179,208,61,242,81,242,45,158,182,63,163,177,122,73,140,59,161,32,237,27,30,127
36,165,126,23,203,3,251,197,92,23,54,229,13,224,196,156,56,181,7,234,128,240,54,61,78,86,27,177,182,19,93,112,185,1,62,229,226,194,120,193,227,96,128,19,67,108,170,169,171,74,213,17,141,64,33,56,211,186,200,163,61,26,37,150,127
50,67,12,143,5,72,86,43,140,144,196,13,4,205,19,3,204,121,16,206,148,216,6,182,83,1,104,253,179,229,187,109,24,174,218,21,59,185,18,115,242,195,30,106,168,172,115,244,252,166,207,172,0,175,137,167,77,115,68,171,99,187,99,42,127
192,166,85,177,24,33,247,219,111,214,38,88,246,22,59,127,117,67,74,213,121,28,64,43,15,179,113,127,42,251,212,3,110,248,60,251,176,252,110,36,210,21,83,13,193,171,189,114,141,63,147,163,101,166,178,199,139,139,28,80,162,69,166,191,127
28,179,222,195,214,139,204,48,169,87,229,55,20,0,58,127,229,111,122,125,39,110,70,41,140,217,115,122,1,233,157,174,233,78,247,101,118,6,48,176,128,29,172,13,186,63,23,41,8,156,191,155,169,23,10,50,29,88,107,174,194,26,35,207,127
21,102,140,212,118,75,67,41,167,218,177,84,132,150,212,26,202,160,170,32,66,38,73,27,131,161,72,66,227,33,38,127,192,149,152,11,229,84,53,177,227,18,16,221,36,207,44,138,130,96,176,118,132,242,1,142,19,159,122,22,46,99,66,117,127
15,52,240,210,76,11,137,168,156,240,63,73,112,62,238,16,168,204,93,148,71,6,77,14,166,82,59,29,126,199,54,159,244,0,27,39,53,181,33,15,102,85,101,117,80,104,183,83,28,133,160,48,111,113,15,80,55,29,5,19,77,163,136,66,127
161,221,206,69,150,154,245,136,121,76,166,39,24,195,49,158,73,42,249,213,24,51,175,240,7,132,173,97,223,209,252,43,106,8,179,55,125,78,49,46,137,185,54,138,216,56,136,245,152,126,58,64,11,94,19,24,239,125,60,250,160,143,227,107,127
123,89,2,1,17,124,73,37,212,49,249,139,69,125,72,33,82,118,133,241,239,31,230,104,61,53,32,97,115,42,185,6,19,74,135,23,2,135,65,162,62,14,186,131,214,234,238,152,164,192,99,20,216,203,162,101,74,63,132,13,185,232,25,142,127
90,32,21,224,0,179,5,218,81,86,204,235,154,184,58,212,34,225,173,195,19,127,224,174,2,47,80,36,149,134,8,199,70,95,217,18,149,246,173,48,92,27,150,214,49,139,99,104,226,133,115,181,99,33,192,13,97,139,17,119,183,7,169,156,127
85,97,42,221,89,172,220,24,187,134,94,190,51,174,225,46,115,137,107,248,37,141,64,0,2,123,126,10,93,31,224,221,149,157,165,45,241,243,225,230,234,251,253,15,120,212,79,236,186,204,90,44,98,110,17,140,99,210,222,56,101,215,41,9,127
192,131,248,15,190,187,34,28,190,221,245,185,149,187,222,170,76,175,157,241,150,210,43,77,41,140,62,138,192,218,253,237,242,65,59,170,124,40,242,178,175,154,151,32,163,125,203,183,250,85,61,235,147,32,15,241,29,172,168,222,211,233,75,37,127
13,237,88,253,24,244,181,209,205,246,67,35,164,73,44,182,202,242,211,38,5,248,114,3,102,106,77,201,91,248,4,219,147,187,226,126,60,76,106,79,209,117,242,14,190,149,84,62,201,158,133,227,212,170,86,253,48,16,80,69,122,90,43,105,127
122,148,97,239,24,174,221,46,232,52,50,130,186,109,154,141,28,151,204,91,83,170,246,22,185,237,50,25,39,82,149,189,106,41,130,69,53,226,140,251,194,67,11,127,173,119,71,99,81,6,157,77,2,248,89,21,168,231,73,24,48,5,95,144,127
220,222,143,162,125,251,172,28,219,20,220,107,203,23,66,221,0,51,219,222,245,100,133,239,166,217,183,29,205,75,179,2,38,217,18,202,40,148,30,223,180,240,168,51,216,93,88,40,254,120,65,205,158,146,143,236,137,69,42,237,99,239,129,51,127
16,194,146,42,181,33,199,104,12,113,67,91,92,187,51,41,78,49,114,204,86,239,242,19,45,16,140,204,23,41,23,231,210,245,93,158,241,116,34,14,41,105,113,147,67,178,128,123,243,43,123,105,102,246,13,222,127,41,177,38,47,244,106,209,127
25,98,62,131,123,122,240,254,105,164,182,116,134,236,2,171,115,46,114,209,170,244,69,67,31,103,137,204,135,215,24,74,218,170,92,226,214,52,73,145,47,25,207,26,208,26,7,155,248,217,12,65,231,153,170,146,101,163,166,222,144,158,184,82,127
204,237,173,128,94,205,48,174,18,63,254,178,77,237,77,19,81,135,160,137,55,81,234,69,173,215,137,247,150,19,199,187,249,179,45,252,52,132,238,253,147,107,93,129,234,163,153,155,200,225,209,40,23,216,147,177,186,100,46,52,97,122,41,110,127
181,153,162,40,249,150,121,169,121,147,84,156,96,54,115,247,181,131,6,222,88,129,217,249,23,121,63,222,111,6,149,165,240,63,205,179,243,156,93,243,88,100,226,237,154,145,210,214,173,2,63,250,156,41,214,11,81,1,219,119,35,118,27,146,127
212,11,114,115,144,226,247,108,79,233,209,124,11,210,110,85,107,134,123,98,125,121,113,78,83,72,131,234,12,200,208,162,157,72,206,236,150,49,33,238,20,19,90,194,61,175,227,9,251,146,141,93,40,109,234,40,82,208,200,237,246,68,8,219,127
146,200,20,128,97,10,31,188,18,212,49,1,175,84,165,219,65,137,136,219,134,216,43,175,0,17,118,39,234,137,128,77,88,17,167,233,158,63,109,85,189,175,146,120,105,61,116,172,76,252,47,83,219,154,243,45,121,136,32,238,33,242,25,142,127
50,112,162,111,49,133,109,110,115,248,2,223,244,47,238,99,146,28,33,216,104,210,50,204,4,187,218,58,51,62,98,132,228,44,185,162,184,132,11,235,221,75,104,158,53,47,19,162,29,169,109,54,224,121,17,130,236,155,214,55,36,118,22,173,127
71,4,201,136,96,24,225,193,74,202,54,97,170,222,151,74,76,69,105,132,243,148,105,18,191,64,217,228,70,50,149,167,191,203,27,211,93,19,176,168,130,114,203,132,71,182,28,247,52,79,149,42,171,178,144,108,148,79,23,102,34,252,164,161,127
176,60,64,144,221,86,172,14,231,88,65,221,231,88,224,217,224,121,66,49,24,130,151,171,83,100,164,33,97,29,202,194,73,182,81,80,52,167,136,22,156,167,194,218,180,164,11,71,74,84,197,29,77,189,41,244,199,72,232,90,244,87,241,157,127
22,204,19,137,161,63,254,215,34,57,107,26,143,112,214,100,70,171,228,238,102,129,6,122,35,109,58,208,177,185,143,34,182,208,97,193,161,168,236,24,69,75,8,53,214,211,239,237,233,239,53,221,240,52,78,83,187,218,44,16,175,81,129,120,127
57,194,188,26,138,233,108,58,78,104,80,145,128,153,24,46,31,138,114,48,41,13,53,140,227,187,94,202,165,221,5,6,253,208,200,185,204,15,238,51,43,191,8,208,229,79,6,118,76,155,146,104,103,105,228,127,134,55,234,68,128,201,164,65,127
113,94,206,41,64,247,46,212,54,5,32,216,198,132,15,184,138,251,107,129,76,63,248,129,60,39,118,78,247,211,8,10,129,116,231,189,119,16,93,83,229,225,19,147,41,19,173,59,32,248,135,57,201,181,82,124,190,195,2,67,75,79,14,47,127
54,144,44,65,189,174,71,104,217,174,135,253,15,48,163,158,158,66,238,156,42,206,66,87,214,225,71,181,78,80,69,150,101,187,164,83,164,141,71,110,249,23,59,132,1,116,212,218,188,185,83,127,27,121,150,57,161,115,1,20,250,178,46,4,127
26,246,129,134,160,97,127,249,237,6,47,64,12,13,192,166,183,65,41,20,21,91,138,24,142,19,153,80,115,163,179,211,97,127,63,171,119,254,87,119,180,190,39,104,176,35,77,176,112,84,162,64,20,33,120,195,42,186,32,80,136,2,184,183,127
92,53,64,199,172,174,174,3,138,206,212,140,74,235,115,16,2,178,142,51,144,122,56,252,45,171,21,40,34,186,165,222,92,1,80,73,58,15,169,45,186,59,205,3,103,202,172,137,81,243,83,33,126,173,145,114,180,145,210,174,153,55,226,108,127
138,235,116,52,215,251,67,182,154,229,39,235,123,5,112,233,135,175,249,95,202,31,141,194,101,7,48,71,220,220,13,183,233,189,169,149,241,32,20,203,198,231,35,108,103,45,98,17,29,136,217,251,3,180,123,108,40,139,241,29,146,71,51,15,127
51,230,222,71,113,50,80,175,221,162,149,86,236,174,145,142,218,170,254,16,131,24,228,129,74,243,21,226,44,151,54,42,80,94,131,125,215,246,204,102,247,130,103,174,189,179,57,211,17,132,252,29,139,124,85,157,169,61,23,47,85,243,210,250,127
209,148,59,218,104,76,12,196,48,180,201,213,126,148,30,168,94,252,16,90,73,192,79,60,152,177,162,199,83,169,176,29,3,19,75,119,86,141,207,31,214,198,246,125,176,127,17,164,189,35,243,22,79,174,84,69,38,186,126,12,237,240,90,114,127
47,107,51,79,112,34,40,79,89,224,80,146,96,88,147,100,119,245,56,120,157,87,61,134,106,245,158,144,31,203,111,140,21,35,163,144,218,197,150,249,206,198,241,114,155,27,87,204,10,66,36,162,48,35,196,81,251,226,10,9,104,218,150,94,127
97,182,27,117,28,10,120,154,52,84,72,181,168,80,116,32,147,253,88,134,148,163,250,77,180,106,140,85,93,66,66,101,177,237,75,235,68,69,52,15,38,55,204,97,92,2,138,101,6,56,200,250,19,212,50,217,183,196,174,69,118,174,161,6,127
35,217,198,26,209,33,138,224,28,193,155,37,25,116,9,69,107,43,191,167,135,69,77,113,233,136,169,214,45,168,11,138,247,251,98,226,232,109,130,14,104,211,122,4,17,219,69,99,156,211,202,48,189,19,148,10,133,81,169,147,251,174,219,147,127
187,145,137,14,113,217,24,119,21,18,71,5,50,67,91,134,144,36,236,30,156,137,226,213,111,146,72,40,111,65,51,142,145,4,65,169,229,68,151,43,19,220,251,217,178,54,229,204,196,192,62,207,141,201,172,235,53,68,82,47,216,183,22,79,127
35,211,210,28,70,142,212,224,129,116,64,167,172,71,121,127,235,86,246,241,17,69,193,226,164,57,134,224,86,79,252,116,97,104,96,209,226,252,240,93,216,131,86,110,200,132,149,153,104,141,164,54,59,57,69,72,22,228,159,191,80,141,184,116,127
176,134,168,95,11,29,128,27,135,108,196,80,64,227,92,51,246,125,133,181,122,244,167,122,135,107,71,17,149,250,63,122,159,136,33,228,5,166,226,178,201,179,169,199,96,75,91,17,20,40,129,64,137,250,236,132,202,200,224,19,127,198,37,135,127
59,69,163,211,245,154,32,46,237,251,117,61,75,158,184,224,222,43,121,107,40,43,60,189,101,241,0,191,206,160,97,217,220,122,164,27,161,245,181,81,145,82,106,2,13,117,23,35,25,129,183,237,43,0,18,138,72,189,21,69,220,221,126,12,127
125,56,125,163,176,170,85,166,40,137,99,4,200,25,183,170,103,66,188,23,186,24,57,91,240,52,217,64,48,102,33,176,108,137,223,148,199,143,60,8,43,65,248,238,79,245,100,242,72,128,2,132,36,198,172,37,158,233,22,253,99,149,41,149,127
197,116,49,84,136,98,127,168,69,123,219,28,109,73,180,155,47,230,196,9,98,200,212,12,147,98,167,88,141,50,59,172,233,243,202,21,123,57,160,90,69,199,71,224,117,35,213,154,127,151,56,58,242,89,248,227,92,215,208,235,180,199,166,155,127
239,185,224,59,51,153,199,108,118,250,240,125,103,218,212,26,230,89,21,29,142,106,37,147,243,232,242,35,249,200,181,24,105,142,197,250,33,13,103,179,184,65,170,209,147,95,223,192,136,248,2,192,27,93,213,244,74,168,85,199,140,123,208,219,127
115,253,27,151,227,176,161,224,45,25,8,144,248,132,13,44,146,67,112,117,216,139,248,200,174,235,114,15,60,6,206,140,160,142,27,156,206,111,213,104,52,177,186,70,88,140,100,68,124,68,135,18,88,214,51,112,207,90,36,135,77,230,68,74,127
240,80,149,174,72,66,96,166,166,236,221,169,146,93,25,65,216,18,0,35,155,248,150,21,183,177,29,82,123,60,227,219,153,75,107,74,249,140,171,243,135,108,148,181,42,213,139,20,1,234,183,39,124,232,96,224,38,91,217,171,241,113,189,156,127
235,222,85,60,123,223,174,243,220,27,181,169,193,29,233,228,33,112,88,65,161,60,199,23,78,214,90,26,222,50,221,183,29,41,111,242,228,154,168,142,83,145,51,194,6,145,47,165,80,46,212,112,66,216,213,127,202,108,73,100,134,120,99,237,127
33,138,214,157,194,153,75,234,161,62,122,182,168,212,139,20,86,157,95,140,188,223,209,237,153,38,191,200,6,178,114,207,174,34,177,150,227,252,76,6,141,53,64,149,88,117,93,17,211,246,45,120,105,254,49,185,245,96,217,119,132,57,138,125,127
245,157,11,44,118,126,124,246,237,167,77,25,101,127,152,170,170,1,151,198,207,174,248,41,168,165,158,19,185,235,157,166,99,7,236,114,160,182,5,80,178,230,248,67,187,162,19,184,28,225,61,77,140,33,227,70,158,11,112,173,236,70,112,178,127
29,19,174,113,239,17,34,149,78,251,114,160,202,34,35,156,173,97,28,100,44,69,58,127,7,228,156,97,187,7,195,9,179,77,62,171,160,28,140,93,62,224,55,12,242,207,65,140,217,193,132,106,133,46,178,233,78,147,160,116,149,155,137,145,127
60,62,197,152,61,58,121,139,78,45,92,31,179,6,211,239,71,38,13,204,47,89,57,22,7,161,240,32,227,187,57,36,75,90,210,29,111,146,158,217,98,145,234,43,83,81,205,178,126,77,25,165,0,84,97,128,248,244,116,137,174,185,76,134,127
40,19,89,62,83,201,140,5,192,191,202,108,181,237,73,42,103,87,18,137,150,160,116,155,223,86,166,240,136,10,54,204,164,100,77,116,129,197,154,3,240,49,210,235,103,185,226,196,102,254,68,127,38,217,119,199,3,91,228,69,144,35,154,171,127
220,247,118,228,241,90,8,149,222,193,223,78,36,46,74,76,57,35,86,51,121,151,210,122,178,126,233,72,241,126,16,156,120,159,62,73,162,143,18,145,124,79,134,199,32,11,225,105,94,24,221,40,121,241,148,22,244,213,227,49,198,86,116,53,127
78,50,147,140,3,38,189,118,206,222,254,222,69,107,141,31,87,113,238,171,128,24,200,169,152,217,185,188,40,82,114,172,45,238,100,229,81,122,90,41,114,58,93,33,235,124,27,244,17,158,198,178,122,193,131,175,151,87,34,251,217,107,23,182,127
115,28,83,51,182,56,148,172,105,123,5,108,109,176,172,27,109,73,116,176,239,104,80,211,1,47,122,99,190,11,100,195,191,67,102,94,65,70,235,64,234,121,7,126,242,80,86,30,68,150,205,62,28,155,220,50,26,57,13,132,90,47,162,28,127
228,187,53,228,120,205,140,13,172,154,120,173,84,34,126,185,13,100,68,217,52,85,240,224,188,220,131,237,232,76,86,201,189,185,14,133,230,137,7,192,98,161,104,50,59,7,3,66,236,5,142,248,152,71,222,8,165,94,54,14,38,180,152,239,127
67,198,78,50,188,234,213,18,92,217,102,241,144,187,187,239,206,122,7,125,171,244,104,151,243,164,177,20,191,168,250,32,219,32,236,50,11,2,10,50,38,251,133,179,127,203,226,23,126,82,47,58,174,13,55,214,85,106,30,164,197,4,117,228,127
160,159,27,97,0,170,28,46,94,159,26,144,153,85,74,149,129,149,238,91,102,184,246,108,254,26,206,32,50,215,95,118,97,157,107,156,193,36,233,157,230,20,55,222,192,184,108,26,56,26,41,46,202,254,216,251,236,109,235,10,180,216,109,106,127
196,86,242,235,149,213,179,249,159,27,32,195,12,39,10,185,222,138,28,52,1,246,208,145,80,21,82,85,148,81,0,39,57,231,14,147,223,159,122,87,177,114,251,238,62,212,162,146,237,193,56,134,206,218,183,146,174,181,190,67,148,162,2,230,127
248,12,254,95,63,78,160,205,39,165,58,121,67,170,224,15,241,1,44,69,7,123,150,77,170,232,179,210,120,192,252,165,77,238,85,61,185,85,83,154,53,171,25,60,82,125,137,184,229,194,151,188,220,141,121,0,120,160,105,12,8,93,51,154,127
19,55,56,251,68,114,55,196,72,93,104,140,240,107,27,120,191,67,88,246,76,167,187,45,232,48,198,196,1,54,142,136,113,147,61,77,198,9,123,150,205,232,11,32,251,41,71,57,5,115,168,93,139,149,141,79,56,176,201,10,10,186,116,127,127
129,129,197,147,129,59,225,48,80,79,87,174,210,118,136,240,248,53,69,82,126,163,248,53,111,72,87,25,31,237,227,114,142,51,228,159,102,55,3,7,70,107,82,1,82,186,50,223,227,120,210,112,159,39,248,66,3,116,218,159,130,42,252,119,127
129,128,235,249,188,153,112,127,157,123,242,142,165,59,58,183,164,65,100,253,57,174,217,129,78,210,246,42,82,57,197,127,155,251,99,159,18,224,130,249,137,138,112,200,226,12,89,232,34,59,140,120,131,184,161,97,228,14,149,227,120,127,150,194,127
186,235,159,113,177,112,124,77,121,119,21,249,18,207,1,54,39,227,78,9,172,198,163,208,183,100,212,240,102,70,178,164,3,196,106,170,63,104,150,187,192,182,78,122,25,66,232,188,105,71,39,245,230,96,250,126,52,85,249,200,34,43,42,122,127
127,207,125,124,96,181,34,56,230,0,61,47,167,84,90,211,133,49,90,128,214,138,110,143,153,31,231,213,137,80,105,220,65,119,202,134,137,228,30,110,116,160,176,80,116,242,59,80,85,148,194,243,38,77,117,225,187,168,238,215,102,205,118,23,127
24,101,171,121,234,232,247,222,135,114,188,172,90,245,110,224,184,33,221,13,66,43,228,130,138,154,96,204,73,125,49,30,73,67,209,90,86,69,172,47,101,188,195,107,78,37,154,246,124,231,22,237,217,121,171,4,222,123,62,36,61,139,100,248,127
126,46,52,187,17,202,40,61,121,107,210,129,247,218,155,190,26,145,250,109,88,204,80,85,162,11,28,116,148,58,250,170,222,224,158,185,66,103,61,163,97,232,208,77,127,6,123,177,127,127,18,225,111,232,15,254,77,16,108,217,204,98,250,73,127
39,116,85,206,100,78,185,103,163,48,212,191,54,12,159,180,103,158,210,2,243,145,20,195,214,122,41,51,86,13,69,146,21,104,168,186,111,155,242,93,47,152,91,129,75,149,81,183,32,11,124,124,192,172,230,200,10,19,168,32,189,39,172,134,127
70,187,117,181,144,223,64,120,17,136,14,252,171,30,95,155,154,66,131,132,116,222,30,202,49,98,136,63,99,23,223,169,25,52,145,26,226,176,28,248,158,236,233,125,127,51,196,91,230,231,100,206,54,70,12,17,97,149,126,116,148,35,240,9,127
204,30,148,105,20,114,18,17,60,71,106,85,121,71,251,218,108,193,48,100,4,56,156,215,246,11,52,194,122,231,17,153,182,88,43,188,153,38,87,128,207,10,19,174,87,228,212,236,116,104,157,254,8,250,151,225,49,134,45,199,21,93,72,153,127
37,75,71,70,80,193,47,109,69,75,120,61,19,99,84,200,17,87,19,98,162,10,203,49,4,121,144,33,172,122,210,217,87,19,57,155,208,151,167,87,225,197,64,232,176,166,11,152,197,123,221,55,202,238,156,200,195,224,41,162,165,50,97,183,127
209,72,232,34,158,180,243,139,55,8,141,67,127,19,198,43,15,8,94,190,178,182,187,181,245,195,77,253,209,58,16,101,24,148,139,119,136,168,137,197,195,47,24,20,40,47,160,3,35,115,210,59,117,149,163,22,134,193,87,177,1,235,84,111,127
62,60,198,224,184,192,153,139,237,0,125,229,187,39,13,21,104,105,217,198,83,130,28,11,174,223,177,138,25,254,254,48,24,33,118,147,79,194,149,85,31,241,7,122,142,84,122,151,221,8,186,98,89,162,141,41,142,176,80,216,247,179,179,164,127
117,166,253,73,76,250,57,192,133,95,123,252,159,170,171,157,169,177,175,150,169,165,84,65,6,223,188,180,197,179,100,64,42,165,79,45,175,222,45,215,69,76,78,71,39,142,97,96,237,83,143,172,215,165,56,152,62,134,69,126,148,4,123,77,127
14,225,58,173,233,91,42,178,20,104,43,93,223,200,37,22,70,191,170,75,219,190,200,155,232,223,40,161,37,235,247,207,106,72,7,192,195,229,34,11,200,6,159,68,246,244,247,12,226,39,186,102,242,164,202,190,50,188,135,225,58,112,17,185,127
217,41,141,249,68,6,87,64,17,147,51,104,199,195,85,14,156,103,232,191,151,142,154,123,188,179,77,92,71,103,190,167,209,13,113,148,212,217,97,128,136,82,220,143,170,169,54,2,164,125,122,142,76,192,174,182,104,155,219,106,12,229,159,84,127
72,4,118,123,247,160,39,64,142,189,162,241,111,120,131,27,36,166,235,190,247,62,6,239,183,204,219,143,242,119,169,127,202,248,57,129,124,142,168,199,90,222,59,71,187,58,162,80,87,84,161,167,87,248,16,81,71,45,32,211,239,250,70,207,127
45,53,172,126,97,95,243,7,199,71,157,87,122,2,127,43,208,82,138,206,55,81,99,116,138,21,252,212,113,173,118,5,127,6,132,130,11,25,68,124,178,128,72,53,58,210,134,133,182,105,74,240,32,251,32,39,127,162,26,127,56,173,150,63,127
28,7,210,30,216,116,90,37,20,19,241,172,254,181,62,241,43,60,16,235,10,233,67,210,236,232,83,162,137,77,201,225,26,12,65,189,123,19,122,174,198,241,227,129,34,65,185,158,244,41,215,139,163,67,221,61,94,137,125,238,6,12,247,143,127
212,76,52,45,80,166,19,122,115,36,220,72,199,207,122,204,196,206,118,68,137,85,58,49,197,129,36,33,186,2,218,183,251,91,207,104,3,169,60,114,198,3,13,56,42,93,175,122,48,11,213,40,230,128,123,39,214,132,181,186,122,171,234,52,127
167,41,117,252,102,41,168,178,38,226,242,80,46,221,193,30,2,189,61,236,201,7,110,16,167,51,135,10,166,166,151,204,96,190,18,199,143,163,170,253,57,133,91,184,11,55,195,82,240,20,123,130,8,101,53,189,177,66,77,108,70,202,23,88,127
7,138,198,43,123,218,54,2,66,152,32,200,129,202,74,70,187,13,253,244,165,151,6,223,57,103,210,67,199,82,157,246,246,222,16,137,43,25,183,22,193,138,222,149,78,216,207,240,38,220,139,181,11,117,111,177,3,195,155,41,37,151,71,188,127
96,176,4,154,20,46,200,206,7,197,47,143,181,207,134,27,13,241,80,11,139,225,230,38,252,97,238,195,184,155,125,43,244,114,166,231,152,134,244,59,96,229,85,2,43,17,201,58,109,35,244,227,37,71,150,70,57,19,19,61,78,61,174,232,127
37,95,194,102,39,122,127,1,11,113,32,121,71,56,206,92,208,147,5,194,36,99,195,154,230,116,202,14,122,174,121,74,109,4,151,59,71,78,11,210,71,175,123,110,112,25,144,208,178,246,123,15,252,90,217,39,190,181,253,119,133,182,8,199,127
38,137,201,146,68,218,23,76,144,156,25,179,12,166,252,25,70,236,60,38,35,242,46,225,181,47,8,142,25,154,151,146,235,205,254,118,43,216,192,205,246,105,50,24,251,211,102,8,218,71,219,14,38,92,198,108,239,176,88,102,8,89,150,247,127
41,185,236,100,109,178,237,138,133,143,134,165,114,234,216,245,221,166,136,75,44,80,190,93,127,156,31,155,93,221,31,145,86,147,177,1,162,135,48,85,39,204,87,90,210,216,193,155,249,54,47,237,93,27,115,57,170,218,116,189,133,103,249,127,127
160,17,186,81,67,190,23,13,140,152,149,112,136,67,201,76,183,232,41,236,204,181,213,18,180,182,216,203,7,225,102,116,177,243,170,172,134,19,74,134,147,127,247,222,137,148,57,60,78,186,109,212,212,22,39,27,73,145,147,251,180,233,150,152,127
44,131,221,24,112,162,71,18,161,145,96,207,251,53,111,3,164,119,100,24,117,152,6,66,82,90,12,88,20,231,149,61,233,27,34,11,215,242,6,99,120,238,250,1,78,246,146,45,166,252,22,157,58,220,193,140,52,237,37,122,243,162,136,187,127
74,146,77,11,189,62,223,224,117,79,71,115,236,184,108,72,205,60,165,132,69,178,215,201,50,150,198,183,22,220,2,56,251,69,7,236,178,91,241,118,2,58,227,160,84,13,162,150,8,169,216,49,56,109,109,244,120,68,106,80,142,85,137,38,127
176,179,160,116,83,125,239,233,169,249,84,253,13,126,177,109,128,12,124,95,214,89,226,248,85,96,85,11,229,13,184,86,252,244,189,185,137,125,151,167,62,64,105,6,221,23,23,45,186,61,159,88,217,144,78,31,179,45,110,122,61,30,235,114,127
81,27,140,125,251,52,80,166,63,74,193,19,65,54,110,162,225,49,219,107,191,178,213,142,160,238,160,104,214,87,36,20,122,222,204,74,87,194,238,14,2,5,60,233,28,6,231,175,245,98,111,154,120,192,67,130,50,245,185,125,40,127,227,113,127
207,241,64,152,193,25,211,53,26,199,129,44,239,48,196,130,119,216,172,154,176,157,101,58,78,196,141,236,177,190,40,111,184,0,156,19,67,238,130,119,29,198,87,166,158,100,24,22,94,113,60,84,143,185,229,20,4,31,148,238,1,128,84,47,127
94,32,6,241,211,92,59,221,221,127,201,47,161,71,184,254,146,160,89,29,124,199,26,244,20,177,31,164,176,196,42,47,116,182,26,49,78,184,206,33,176,132,172,248,150,84,62,38,128,82,67,40,202,110,187,163,231,222,86,67,189,109,86,38,127
20,187,34,12,69,57,36,243,100,148,183,47,221,222,166,201,91,214,164,134,246,123,78,17,160,170,14,239,185,107,207,82,142,150,113,71,52,222,68,160,89,136,29,165,41,230,97,14,115,162,201,168,60,36,107,43,158,200,174,46,102,66,174,187,127
154,132,201,18,197,157,187,187,162,113,198,246,14,244,87,196,9,149,125,159,232,128,236,165,4,201,168,150,119,144,64,249,242,3,171,35,179,24,84,240,126,214,94,15,64,133,63,236,33,43,188,96,212,153,51,137,254,214,146,12,253,96,65,134,127
230,250,62,77,132,116,90,148,55,153,123,250,246,15,4,66,232,160,228,8,228,250,26,89,239,50,140,61,7,199,168,152,48,171,131,17,184,80,45,166,101,107,176,198,231,128,238,43,27,107,173,250,180,144,149,132,53,50,104,140,168,4,173,189,127
22,168,185,28,20,32,26,97,89,148,32,182,241,116,171,40,128,128,55,75,240,254,41,172,172,237,143,136,100,70,249,203,112,128,137,17,0,212,235,132,38,102,127,80,118,232,169,39,96,23,222,76,25,118,204,233,45,207,187,47,45,184,2,53,127
193,210,131,134,64,44,33,25,13,73,166,52,218,197,126,212,6,85,91,122,149,85,1,58,1,153,29,178,12,24,69,243,104,42,31,58,13,163,13,31,128,225,96,222,103,50,83,224,86,48,214,93,131,91,109,128,233,165,4,45,153,175,138,196,127
192,206,195,45,152,167,109,180,139,241,132,168,226,19,3,118,170,44,74,94,68,105,123,192,247,83,246,91,44,216,82,89,47,207,194,35,18,15,242,107,52,106,137,168,20,70,147,32,237,179,209,81,108,156,178,91,237,217,72,121,137,157,164,191,127
49,146,45,179,222,238,248,24,145,241,71,188,168,7,117,99,241,70,119,156,209,202,230,204,145,139,149,132,96,4,181,8,196,152,96,53,161,81,11,187,82,19,232,238,121,165,7,63,150,113,13,177,249,15,143,227,195,236,116,153,158,141,28,157,127
197,33,174,139,167,24,239,118,46,78,48,138,3,73,92,80,104,213,210,206,178,169,213,238,202,112,26,95,77,161,37,43,23,144,159,240,126,216,9,203,189,222,15,85,121,108,14,155,214,71,194,20,172,127,103,69,41,176,112,222,141,119,66,73,127
76,29,159,172,196,184,205,210,14,246,74,41,135,17,220,124,246,35,93,56,113,164,91,206,94,181,227,215,182,146,69,7,32,154,209,54,80,32,84,104,212,211,84,204,29,110,27,133,205,75,100,65,9,247,135,172,167,37,109,161,97,36,122,150,127
127,71,159,205,61,188,90,143,78,153,209,249,24,252,158,21,122,192,122,92,247,3,83,11,28,143,29,200,160,208,100,189,132,196,57,244,203,142,194,250,183,80,197,142,190,154,158,241,144,252,204,148,227,103,11,160,176,203,36,117,42,213,0,247,127
174,100,123,185,34,30,151,126,19,212,15,112,167,47,161,164,247,167,42,248,183,218,230,94,75,231,197,10,204,66,170,230,218,144,109,92,171,134,5,4,118,87,128,144,28,51,51,8,125,55,233,79,46,235,187,154,28,88,198,3,190,122,201,141,127
132,28,50,89,224,9,28,135,101,127,140,151,200,244,169,227,97,92,247,154,57,144,12,115,87,147,222,235,42,124,230,11,242,202,224,137,18,48,245,141,241,251,6,29,23,6,23,135,11,94,155,52,172,67,54,190,178,5,150,218,254,149,204,33,127
138,196,162,136,49,24,103,129,249,186,51,223,211,247,21,21,26,150,205,45,254,62,191,240,250,89,125,25,102,75,73,228,38,29,221,74,162,163,252,227,211,75,54,56,82,62,121,252,220,198,55,98,113,85,139,44,157,202,32,122,77,120,8,7,127
88,80,97,145,38,52,24,173,114,173,236,22,153,93,71,35,20,251,238,184,42,7,16,203,214,63,26,172,69,132,10,127,161,69,75,2,23,129,5,243,249,95,109,17,229,200,228,24,113,29,41,6,15,19,192,231,209,189,46,82,155,2,244,156,127
123,99,116,204,248,33,188,12,128,151,250,107,160,252,152,94,111,24,61,250,144,254,118,200,68,171,24,231,175,197,27,180,52,83,187,215,200,111,239,208,119,41,33,211,139,17,150,188,246,87,113,248,8,27,38,107,64,115,169,228,228,91,138,80,127
45,95,216,130,1,19,171,215,242,48,85,53,128,179,74,107,237,82,199,92,106,96,193,44,94,181,175,123,201,188,114,185,76,72,79,147,158,68,9,28,63,123,117,123,91,235,234,44,178,148,204,32,65,75,197,157,216,77,23,87,225,238,210,50,127
226,85,123,159,166,121,83,84,124,178,105,191,40,232,176,216,6,129,9,71,172,41,147,36,234,169,201,108,188,197,109,225,131,140,33,132,85,169,88,140,160,18,14,126,71,221,45,88,254,249,15,59,89,83,170,8,57,217,134,35,219,190,113,47,127
166,250,245,239,240,50,211,219,252,151,211,157,84,220,100,211,7,236,87,80,84,48,80,42,44,98,170,198,35,177,91,157,191,165,134,170,109,231,95,99,198,149,30,248,134,102,197,237,186,47,197,237,62,190,136,237,150,74,222,51,78,56,138,215,127
65,252,47,210,8,46,116,154,115,218,210,237,140,50,188,45,3,86,210,217,212,168,70,106,20,47,234,234,252,173,157,118,131,129,171,74,230,90,140,178,96,201,147,67,172,192,10,121,192,140,239,87,222,88,250,240,43,222,165,233,251,10,197,144,127
193,63,52,33,148,60,222,151,98,124,242,143,117,65,183,98,159,24,226,85,93,79,117,41,193,28,141,63,205,21,22,15,250,52,114,45,105,205,79,23,188,212,92,17,160,163,62,91,116,103,41,109,150,190,196,70,101,28,1,150,132,130,47,50,127
138,101,236,3,33,239,203,30,156,147,24,142,241,148,131,26,219,199,252,204,244,161,1,187,64,98,223,66,2,181,50,49,242,177,48,165,250,237,24,106,195,175,200,7,96,49,139,197,154,214,65,235,34,45,60,41,212,191,146,100,3,97,83,122,127
125,78,122,128,150,249,132,247,136,145,1,57,26,55,175,243,239,216,62,61,83,48,20,175,108,110,72,62,125,60,219,132,54,104,151,17,15,191,183,50,137,27,156,71,160,224,125,22,230,155,163,239,98,69,209,144,38,40,196,24,148,172,203,73,127
