200,228,14,39,157,14,116,182,152,159,46,145,86,184,179,151,208,53,82,247,86,210,134,216,199,209,11,201,39,29,165,23,21,113,88,42,172,23,97,7,42,161,26,132,219,141,187,185,95,31,33,129,6,58,35,149,40,211,38,104,80,49,236,180,139,53,195,142,109,182,188,221,207,86,214,145,78,160,236,191,213,214,195,57,77,133,50,213,109,104,41,163,246,226,153,205,238,14,56,105,67,52,72,173,162,167,191,110,31,159,57,85,57,229,38,23,242,27,76,148,154,47,230,155,162,61,108,163,127
252,16,47,9,120,34,235,241,4,218,149,25,158,250,152,157,254,232,134,123,182,234,184,204,236,149,179,97,170,228,151,99,69,5,202,41,100,67,91,153,85,20,92,173,64,189,247,104,100,79,163,94,226,0,107,13,243,126,5,121,206,213,31,33,199,204,185,131,54,161,132,120,81,215,162,170,115,220,178,22,111,40,231,215,58,90,204,110,48,189,40,105,72,232,17,247,194,59,227,23,130,9,132,150,240,116,187,45,152,75,153,18,108,174,145,62,102,219,189,146,183,165,205,232,240,77,235,140,127
212,188,225,240,155,126,69,83,121,124,143,238,221,69,71,60,20,205,58,15,185,195,197,223,164,106,122,65,41,0,162,72,145,204,53,77,195,196,121,216,23,70,74,211,147,227,187,116,97,114,252,220,49,24,240,68,132,10,197,113,81,198,236,138,141,106,245,26,141,238,1,165,238,229,4,161,225,161,166,94,174,93,122,67,201,228,1,187,124,134,120,97,122,209,154,192,96,6,184,52,186,205,140,44,19,190,41,138,203,71,131,194,38,153,200,180,175,29,204,131,211,231,95,237,94,178,148,56,127
104,194,78,128,198,224,124,136,240,85,70,74,75,222,147,240,137,242,11,35,224,155,227,22,75,125,189,183,239,5,148,34,65,165,250,212,78,237,105,57,63,55,220,114,138,121,141,145,197,108,152,34,16,129,143,24,34,199,200,41,104,123,157,188,10,83,85,125,12,186,180,78,214,24,211,244,45,12,171,134,148,76,173,77,154,199,140,64,177,42,82,237,180,93,89,185,49,20,59,91,83,58,75,71,50,36,29,217,185,105,12,158,100,167,10,66,198,167,167,248,102,140,129,31,14,44,63,244,127
108,92,33,128,202,145,181,41,64,130,184,177,218,84,49,58,166,10,197,237,160,92,177,245,140,142,27,221,215,112,49,159,71,86,195,202,151,53,153,79,169,69,164,50,19,116,127,16,246,139,222,21,44,78,96,96,129,27,13,107,10,191,135,183,246,207,64,162,41,81,100,178,227,113,233,97,65,5,252,128,193,130,215,43,21,13,242,245,34,49,29,170,21,54,243,39,200,86,184,82,51,55,40,23,217,103,168,180,54,77,52,165,124,183,77,28,16,17,210,223,93,210,36,22,151,149,241,155,127
151,127,147,142,92,152,178,67,79,199,111,23,133,75,29,90,184,54,39,228,246,7,116,109,9,112,218,154,75,174,246,142,92,83,227,2,68,110,60,57,250,142,121,53,26,99,57,236,163,160,27,172,86,235,29,118,234,61,125,60,131,92,226,13,78,137,243,213,2,207,12,172,150,208,211,29,237,197,89,216,110,127,81,197,82,137,130,239,229,241,246,208,153,139,127,102,97,158,87,69,162,7,91,4,8,101,172,75,2,8,216,183,225,123,226,143,112,78,125,107,216,122,192,220,50,113,8,166,127
122,53,130,16,67,80,23,142,78,150,2,179,108,83,25,36,17,117,71,241,41,188,176,90,196,78,120,168,47,220,107,254,18,35,136,100,68,15,95,129,110,3,71,63,138,175,62,246,29,137,88,122,104,131,112,229,9,112,45,166,12,75,127,133,224,5,136,206,240,226,168,91,122,228,199,70,40,155,244,6,16,151,145,116,60,71,26,98,81,12,112,65,167,63,88,230,1,4,126,176,107,197,109,81,190,122,149,86,213,111,206,244,201,32,196,159,89,76,154,198,226,220,198,163,129,50,203,32,127
6,142,115,82,107,173,134,77,10,211,26,48,242,76,87,40,237,241,100,252,220,98,56,49,179,183,58,144,243,92,221,161,49,136,177,150,9,51,25,171,43,61,31,234,176,59,204,160,162,92,95,84,115,223,38,189,225,169,111,79,219,142,213,133,197,141,233,229,116,198,136,43,178,120,99,181,152,237,214,100,232,211,28,103,5,19,49,31,98,99,89,107,243,84,239,193,30,47,145,181,126,184,208,135,128,156,115,103,76,237,239,10,208,174,190,185,37,211,170,10,9,20,12,30,223,60,9,85,127
194,190,217,103,157,3,83,36,127,97,175,97,129,51,71,95,140,98,96,162,103,184,246,150,124,129,107,42,6,158,127,170,181,222,21,108,34,74,132,60,73,30,70,107,72,27,11,32,215,100,36,122,69,236,105,244,49,20,178,110,17,210,219,175,209,211,102,121,21,118,98,153,177,21,174,103,169,82,185,87,117,171,100,235,75,171,30,237,38,16,205,181,148,80,249,215,128,70,201,49,117,106,194,188,44,244,254,188,186,46,124,234,14,7,51,75,221,3,158,241,69,227,104,49,171,147,206,35,127
113,176,66,132,172,244,108,126,26,172,151,197,156,25,45,99,247,31,84,144,213,227,4,169,130,89,36,46,113,55,14,51,126,227,202,54,117,89,171,169,176,183,141,235,160,20,11,123,101,140,157,58,66,134,158,11,251,160,116,197,216,137,132,245,166,214,42,35,165,133,246,146,72,215,52,190,7,136,76,159,167,131,212,9,26,150,93,104,227,94,117,234,254,124,208,45,103,163,159,128,88,199,211,232,145,251,243,108,250,63,6,178,36,102,217,215,93,158,120,102,200,94,188,44,216,152,56,108,127
161,55,4,236,192,90,137,145,165,87,131,17,37,159,192,28,130,102,90,231,205,66,228,12,194,43,17,206,109,106,79,121,38,78,227,246,30,32,90,114,62,24,68,169,69,63,62,65,219,137,222,110,252,197,90,109,232,230,46,240,242,56,46,136,59,222,180,23,179,185,60,160,18,106,181,217,186,6,153,13,223,179,2,203,232,194,238,81,154,208,102,182,2,110,190,152,121,159,132,10,204,118,27,159,55,71,78,131,118,15,59,76,47,111,112,185,72,71,197,229,231,244,163,180,234,24,187,254,127
26,162,202,196,111,204,3,150,196,74,51,225,84,14,204,99,134,220,138,71,104,4,128,240,8,214,44,170,39,199,8,245,224,227,135,247,168,208,104,107,53,45,71,246,171,124,28,16,94,8,73,108,38,237,252,38,33,215,102,10,44,66,62,95,17,165,221,24,57,237,231,166,197,245,86,189,217,2,240,130,231,126,84,115,178,125,142,85,232,65,121,207,70,122,20,204,153,247,44,88,165,192,86,75,127,84,143,172,37,12,143,9,128,78,199,6,235,109,197,236,80,54,137,12,199,17,106,224,127
173,151,34,159,209,92,190,174,191,211,126,130,77,110,114,162,81,154,15,24,237,8,246,83,32,155,234,153,141,217,126,206,224,251,181,226,240,84,138,228,104,177,42,81,254,212,35,97,222,204,245,173,180,125,107,156,241,247,33,31,129,93,196,209,134,82,90,149,121,190,4,80,222,130,16,34,167,235,62,85,112,119,67,108,61,7,197,126,242,16,168,137,204,190,86,180,61,228,75,198,48,124,20,247,50,161,171,48,184,95,33,83,22,34,149,126,16,112,61,152,223,191,130,12,188,134,204,79,127
38,240,234,162,252,129,59,102,60,83,67,249,202,153,133,186,155,237,242,129,114,154,16,86,35,85,98,207,14,80,105,43,102,149,16,32,178,58,42,18,22,121,23,27,36,81,17,15,244,240,243,91,215,88,245,137,169,193,75,69,233,86,207,203,254,86,62,47,35,23,145,59,33,247,203,227,125,230,185,246,251,247,8,217,29,79,122,239,41,113,100,144,73,18,65,57,169,113,9,71,141,140,79,237,174,217,221,197,88,219,120,2,49,53,207,151,159,30,15,115,58,226,99,94,210,79,234,34,127
246,219,77,184,39,31,196,215,70,160,89,22,191,85,244,252,44,214,66,150,72,171,163,130,165,98,60,53,200,91,88,219,146,233,58,161,240,38,25,113,28,252,24,113,130,191,74,35,199,192,139,190,215,129,166,220,126,88,80,216,59,221,159,105,215,63,14,42,214,244,54,148,19,139,59,94,13,125,106,218,16,99,141,39,38,147,146,32,200,168,196,8,187,201,64,88,198,1,227,234,11,189,12,204,44,164,82,171,203,186,14,39,102,52,149,63,73,134,224,71,196,100,97,99,133,84,42,205,127
160,188,101,213,109,72,26,29,49,215,243,183,142,179,251,244,69,232,42,225,107,149,211,128,189,188,40,237,247,240,179,162,232,176,8,239,96,241,38,145,205,93,68,128,68,51,252,44,188,4,48,85,83,30,244,176,148,123,35,30,142,34,196,122,149,235,250,135,162,56,186,45,181,227,99,225,8,88,177,246,93,27,101,47,190,92,20,226,139,92,42,85,157,242,136,195,145,107,196,169,189,197,34,185,44,5,92,157,202,192,161,160,250,125,226,88,91,34,91,240,17,124,3,187,252,93,172,68,127
250,52,64,119,233,32,171,78,226,218,81,172,126,183,138,201,222,171,192,170,70,243,67,123,141,125,64,163,218,181,97,40,237,59,157,33,166,187,218,188,111,40,74,6,55,115,44,231,190,119,248,17,77,162,35,188,117,236,58,18,84,63,93,202,2,127,61,204,249,129,150,131,2,237,9,239,254,41,105,120,119,56,196,173,31,158,160,96,158,63,223,229,159,191,53,126,12,93,40,212,41,213,153,62,196,26,88,97,24,194,208,9,61,28,54,154,105,166,139,96,86,136,21,53,165,245,232,126,127
135,76,130,58,90,230,15,164,243,5,108,213,215,185,125,173,138,24,171,230,64,91,8,27,15,68,145,173,44,118,65,221,108,107,232,143,55,128,62,168,164,235,140,17,165,78,20,13,100,11,85,89,75,60,4,204,248,80,89,179,76,101,96,4,24,75,11,122,135,46,171,147,221,125,20,144,17,33,242,5,46,56,234,163,102,246,104,78,175,87,230,72,32,209,221,192,54,16,89,200,108,14,75,252,86,65,180,60,232,35,8,137,185,32,134,23,232,237,181,230,55,101,177,171,60,92,27,239,127
31,13,108,115,174,182,214,204,222,220,92,177,253,180,159,16,41,7,254,183,229,25,224,247,117,213,161,102,226,49,188,24,11,241,112,147,93,116,205,173,39,174,149,93,241,72,151,250,100,16,36,113,8,237,207,122,101,33,67,226,165,103,156,20,195,115,178,104,66,251,152,69,23,47,222,49,96,33,142,185,224,118,195,253,124,168,73,204,44,193,76,249,107,197,36,75,16,143,220,224,149,13,100,131,18,160,152,232,128,72,112,6,171,195,215,48,230,194,18,232,137,166,51,208,175,139,205,88,127
94,162,112,226,28,31,49,177,184,74,41,59,65,19,214,245,189,169,106,175,34,220,219,62,239,117,12,193,61,7,102,126,70,179,223,238,97,148,195,212,82,209,51,19,51,44,60,212,179,139,148,233,230,67,186,91,30,67,24,195,83,39,79,153,183,12,210,179,142,199,31,48,200,58,98,245,62,224,146,170,157,137,29,161,194,138,43,23,117,71,209,65,112,44,47,212,53,150,18,41,193,76,136,177,184,41,62,169,187,181,70,3,16,150,73,25,212,214,67,165,169,121,233,11,8,98,156,233,127
127,139,237,218,39,229,44,112,38,24,108,65,10,31,94,23,62,207,229,232,216,47,6,15,240,71,236,213,142,23,131,67,96,182,41,215,28,69,214,8,194,230,51,191,203,145,231,4,164,80,101,86,50,235,9,166,187,177,23,153,155,137,216,222,87,127,213,10,154,232,214,177,13,158,97,101,195,239,96,189,140,194,47,101,48,66,181,120,178,133,101,70,77,148,194,111,182,197,84,243,142,194,27,153,198,118,42,52,229,206,43,179,184,241,209,226,3,11,216,172,221,195,207,237,115,194,98,209,127
198,63,117,136,172,68,240,179,178,199,52,114,148,65,1,152,5,110,33,54,165,6,227,232,31,132,28,241,222,230,241,174,152,137,68,43,182,9,93,24,240,91,1,201,92,147,165,217,171,49,57,58,26,186,235,121,121,88,184,130,149,79,114,45,219,97,145,159,45,226,120,66,154,121,113,72,63,216,157,218,229,103,202,19,230,228,80,181,2,59,44,117,200,49,206,46,197,67,106,220,129,111,32,178,176,48,33,54,117,189,65,208,92,55,29,196,0,167,129,63,40,47,181,40,68,219,33,45,127
219,152,187,212,210,144,46,168,14,119,212,247,90,251,116,190,93,111,109,183,27,152,109,64,34,49,110,139,60,132,171,212,22,122,72,142,230,115,74,56,124,101,151,127,51,20,54,204,23,123,96,67,93,183,115,58,206,114,202,52,112,237,229,164,202,132,42,79,248,38,42,163,197,159,241,166,44,148,19,117,175,60,222,144,144,203,135,104,121,237,133,248,244,143,67,34,71,7,122,130,225,104,14,134,25,236,94,147,181,182,249,200,195,26,74,197,45,247,223,185,59,162,215,62,200,43,238,90,127
72,5,160,137,179,208,124,241,146,81,221,192,242,135,66,211,250,51,31,180,247,196,74,119,106,25,228,138,232,160,51,162,8,55,102,129,74,254,78,112,189,198,164,7,234,5,29,43,74,165,189,242,86,134,154,5,167,218,72,136,70,224,9,90,188,84,233,132,97,35,240,109,60,184,232,213,88,208,205,198,156,47,20,146,0,72,241,42,173,25,62,82,49,24,91,204,42,247,47,167,59,236,191,105,254,105,110,151,130,132,4,122,133,215,193,28,215,198,99,223,215,160,203,116,211,199,55,95,127
52,114,190,191,119,32,56,172,85,218,134,47,77,112,104,125,194,8,94,201,87,16,97,80,217,123,192,45,45,67,77,231,104,91,109,198,28,170,79,120,166,138,102,230,23,176,122,113,141,208,38,65,187,66,174,54,221,129,237,203,58,87,167,166,176,120,109,75,155,18,79,58,194,68,200,92,57,8,248,190,23,96,38,172,106,7,212,216,152,153,27,192,80,250,121,80,9,241,63,140,226,183,218,47,221,76,135,78,77,184,165,175,74,40,177,143,186,59,121,172,100,20,134,156,117,106,152,185,127
233,146,175,65,190,194,155,167,37,189,74,166,101,97,215,153,73,193,171,109,30,111,227,31,176,114,56,34,88,120,106,205,34,111,134,97,85,137,41,100,211,131,158,50,209,161,93,118,46,158,207,211,209,206,202,235,133,140,233,249,112,134,89,131,56,141,122,36,252,18,126,120,194,240,135,206,187,150,234,232,200,213,110,217,129,240,203,192,14,52,111,106,19,36,167,160,31,187,196,147,178,161,239,54,10,53,155,154,35,155,93,217,48,46,227,121,68,29,1,118,52,184,38,118,105,44,228,218,127
236,143,190,118,121,198,102,174,235,231,181,158,191,236,113,193,178,197,58,5,4,195,149,15,221,25,250,26,102,40,112,46,5,118,175,179,94,90,218,106,192,150,101,82,225,204,115,176,194,72,20,151,184,135,13,117,157,95,27,30,188,63,79,139,234,27,215,99,3,249,30,54,192,241,189,26,158,226,187,207,233,177,132,116,34,221,90,184,159,78,69,0,202,237,40,145,105,166,2,234,181,24,230,203,150,100,13,46,180,96,215,107,177,2,37,90,117,227,180,232,18,210,157,9,58,242,117,183,127
66,140,158,235,124,240,200,54,210,159,166,233,106,76,52,253,70,204,228,242,87,105,80,83,79,219,19,251,227,92,77,213,55,87,237,121,57,231,126,227,12,206,135,76,81,141,185,2,231,65,60,78,248,25,17,231,191,31,41,152,87,147,54,129,185,4,166,209,79,100,177,224,21,144,243,77,118,245,185,247,231,63,208,85,113,36,241,3,104,226,144,49,42,184,22,249,253,73,45,205,2,228,225,251,29,76,22,21,227,188,130,237,161,94,15,101,157,12,155,124,118,64,47,150,144,113,40,0,127
24,253,229,137,105,222,103,251,141,21,252,85,19,39,71,91,32,102,223,231,94,83,152,80,87,113,31,250,5,66,239,240,149,114,7,167,167,197,112,59,139,144,25,44,82,211,215,16,230,150,171,117,191,41,3,35,243,8,67,158,140,48,40,45,234,200,86,14,17,41,15,112,203,201,22,198,86,37,224,148,61,5,106,159,67,165,119,168,109,174,209,198,160,226,177,84,105,207,4,161,215,232,145,203,69,57,226,186,123,96,41,236,169,49,93,65,85,207,40,131,91,72,91,111,178,102,90,217,127
154,75,48,114,10,28,174,40,87,234,84,231,221,246,54,12,135,81,163,37,131,202,242,100,37,181,111,76,0,187,147,231,145,40,180,74,5,200,201,121,243,236,172,147,239,113,172,135,30,117,76,23,111,149,76,58,147,197,200,238,12,80,147,172,107,118,57,101,139,215,71,111,165,149,132,227,232,184,109,123,219,31,125,186,220,219,185,13,128,54,44,230,61,82,247,68,7,121,215,65,0,79,159,37,179,16,98,161,114,5,58,17,145,253,82,109,120,71,66,49,16,125,143,140,66,24,251,216,127
15,194,64,102,78,21,84,154,76,115,26,122,226,14,82,73,181,147,72,55,46,207,33,150,236,245,201,140,68,117,132,86,203,176,179,167,32,248,124,228,11,157,180,210,135,171,39,185,169,76,219,186,239,144,79,5,3,40,182,9,185,74,253,12,154,115,195,130,31,127,212,99,183,41,78,54,185,87,84,21,218,230,72,191,178,47,2,155,218,11,63,20,143,89,96,71,253,188,37,111,95,106,175,230,216,132,148,137,163,3,126,72,37,174,2,135,35,228,146,124,0,30,175,173,64,216,217,172,127
186,30,158,110,78,93,45,208,160,167,253,244,250,11,205,192,48,206,86,45,180,160,30,43,58,116,146,175,180,91,132,142,129,247,44,150,189,165,199,37,36,230,203,38,241,233,97,95,118,23,225,234,241,132,86,179,111,248,70,248,172,90,86,199,123,133,227,210,121,138,249,166,76,69,203,17,132,134,21,165,112,67,231,27,171,22,224,235,210,115,22,117,176,70,169,166,209,62,53,75,201,118,1,93,232,134,108,14,68,245,80,135,210,136,46,147,50,40,106,114,134,57,2,248,92,184,169,242,127
47,213,26,197,55,102,153,53,182,88,179,168,60,233,43,185,175,123,86,58,81,139,4,139,187,46,59,29,144,252,16,161,187,208,21,235,243,71,161,63,5,5,213,192,72,103,201,116,21,4,93,181,47,76,186,248,112,99,215,21,182,89,135,225,131,4,218,147,33,191,8,148,242,54,61,201,214,129,229,216,207,38,96,172,31,123,37,146,241,157,0,16,26,37,127,220,65,235,79,71,63,7,127,156,18,55,174,157,31,243,224,27,209,249,150,128,107,82,254,236,216,166,57,241,118,134,110,249,127
56,251,140,180,240,127,245,16,205,158,121,39,198,124,205,37,211,232,55,6,202,8,10,22,224,247,125,101,228,95,90,135,66,101,126,168,188,32,176,250,57,160,57,43,0,136,250,218,220,123,124,71,212,129,158,108,143,20,240,147,76,185,200,23,42,218,209,130,106,220,111,157,240,31,162,25,144,11,38,14,119,210,57,55,22,158,8,138,193,178,75,66,75,249,176,214,162,161,111,136,81,225,181,172,80,51,92,243,83,68,240,93,244,40,171,159,232,206,175,125,69,105,245,195,71,241,66,57,127
177,107,109,109,33,209,96,106,229,175,253,202,140,232,128,210,144,80,211,152,184,103,111,26,51,169,70,110,193,216,249,24,16,190,221,194,78,199,207,22,209,189,162,136,85,253,177,117,109,76,149,40,221,106,184,4,175,117,153,161,235,161,228,91,56,161,235,38,237,249,234,112,10,244,178,62,62,7,77,99,44,115,207,108,41,195,64,64,39,88,198,143,1,132,8,179,253,217,252,183,88,228,79,217,130,139,229,142,137,101,52,184,214,107,140,96,78,145,203,14,12,31,76,29,153,83,110,36,127
122,195,126,211,145,99,193,231,11,3,139,63,200,71,201,177,220,245,134,187,129,144,108,187,235,17,132,15,195,73,194,31,233,141,178,25,179,17,9,172,22,61,143,217,51,71,26,5,46,178,161,95,6,50,33,82,121,217,61,168,230,170,249,16,43,249,200,183,12,186,62,78,67,144,150,212,21,42,234,220,218,124,219,63,121,202,64,45,216,206,113,104,161,197,127,237,76,166,117,177,107,248,122,6,141,116,252,78,28,103,221,6,238,252,187,25,23,235,59,172,28,174,136,42,101,95,20,114,127
27,55,145,170,225,168,124,105,180,17,115,81,253,45,160,110,173,160,57,49,209,14,218,147,117,70,205,97,217,39,91,35,98,189,203,128,198,181,158,241,117,36,27,181,72,157,161,66,89,175,6,53,168,177,19,214,123,127,112,199,128,23,236,200,45,155,52,51,125,124,23,229,164,116,34,137,34,222,106,39,119,177,135,208,2,67,5,219,116,36,76,74,156,89,237,201,23,84,145,193,166,158,117,100,183,175,52,137,58,36,90,96,2,1,91,68,39,176,162,248,53,93,118,38,119,147,221,45,127
48,71,146,125,241,67,34,28,149,162,66,239,6,188,128,2,95,13,220,237,167,169,11,15,97,239,155,211,19,16,174,235,228,187,231,200,187,218,119,239,92,62,110,150,46,157,239,60,98,187,199,44,213,223,252,31,105,75,133,103,229,53,53,41,173,69,96,221,229,246,235,108,61,223,162,191,137,246,201,160,36,133,217,40,157,162,52,206,134,57,190,77,217,164,232,143,218,126,237,191,92,240,146,53,69,112,92,151,67,68,219,226,52,33,143,160,127,38,45,81,196,78,8,5,79,90,207,119,127
10,10,61,83,164,208,203,166,154,195,18,150,80,250,195,217,204,93,32,205,186,76,222,33,172,84,207,240,112,171,63,80,22,47,66,213,199,159,233,199,151,208,15,41,86,246,163,243,17,246,143,11,180,84,3,52,137,149,179,2,243,189,79,180,173,172,34,153,66,159,46,78,134,55,61,205,68,16,84,125,207,231,146,148,42,85,151,216,154,120,32,177,224,23,190,197,10,89,89,56,108,135,108,131,185,26,86,166,224,215,115,91,100,35,115,128,149,112,241,142,177,107,195,96,224,178,175,226,127
249,110,217,14,138,5,3,175,81,191,170,169,222,187,182,31,106,73,212,54,254,133,155,223,93,94,17,214,146,149,33,162,208,20,237,26,40,184,33,107,113,107,84,1,96,143,8,117,43,110,123,169,234,201,33,44,65,177,31,243,211,238,35,170,7,187,30,154,69,73,196,154,95,7,68,19,111,143,115,164,245,149,192,244,207,7,228,99,63,108,186,208,22,146,25,31,167,202,70,91,147,35,252,153,43,134,182,97,241,237,135,70,217,183,55,215,20,1,69,63,212,74,200,226,239,41,176,240,127
137,243,39,110,17,197,167,121,117,194,225,165,76,14,204,104,47,151,0,219,30,31,253,73,139,165,126,133,246,111,51,10,70,105,103,152,217,24,87,165,7,254,14,227,180,242,105,159,10,240,238,133,204,52,160,22,95,44,117,209,59,14,224,24,123,60,179,158,138,207,93,249,5,212,213,44,96,74,140,183,202,8,60,235,180,86,64,243,231,195,45,46,56,80,6,210,114,223,151,147,145,136,87,210,51,240,130,225,118,207,89,250,150,190,51,209,121,213,147,245,96,205,32,94,11,157,40,68,127
114,240,202,225,244,84,203,43,55,174,20,139,39,232,177,18,102,220,229,20,160,185,25,185,51,24,147,173,133,166,146,126,199,227,200,6,157,182,198,95,250,40,161,75,103,159,147,176,80,238,11,194,52,5,244,81,118,34,232,136,155,11,132,141,70,199,61,78,37,191,90,148,108,192,90,204,202,168,93,203,13,151,208,167,75,180,143,228,19,109,209,141,72,86,124,44,153,201,196,1,70,249,24,163,0,107,175,123,248,53,100,88,218,118,113,153,163,13,65,36,191,153,153,219,154,117,70,36,127
10,122,184,203,33,193,176,162,4,64,219,98,54,234,54,117,193,239,226,174,202,217,17,78,188,82,2,94,67,148,61,191,209,240,167,202,143,117,117,91,174,109,214,82,190,118,198,38,229,137,128,161,98,179,199,250,218,106,130,60,152,170,58,78,15,105,53,124,82,103,201,22,239,104,107,74,35,165,126,217,93,207,122,212,110,221,245,153,41,98,62,206,59,6,83,7,192,74,196,200,235,88,55,159,181,112,173,187,110,210,69,57,70,186,44,125,44,76,70,91,176,104,123,18,192,36,42,14,127
53,115,233,11,61,199,195,60,234,203,69,91,125,192,90,197,248,7,141,34,2,14,33,26,236,170,48,139,19,62,176,3,89,87,11,44,219,2,124,2,121,250,46,126,151,245,166,208,118,28,117,173,76,196,129,253,67,0,92,241,96,87,5,44,254,182,54,106,156,81,215,155,136,211,94,66,149,90,239,99,220,129,176,112,86,3,59,116,114,37,156,216,1,85,209,214,204,80,112,182,98,247,29,20,113,164,97,48,187,246,42,71,195,245,118,184,206,186,19,181,156,22,108,157,40,168,17,192,127
98,160,208,3,151,168,239,207,66,116,99,136,100,23,9,24,182,145,116,136,5,109,46,251,34,207,180,245,205,68,182,90,193,62,252,227,179,229,21,217,9,168,105,200,81,39,94,160,15,57,50,45,72,108,208,244,170,79,235,85,103,102,53,128,206,69,88,188,178,18,253,219,84,230,119,27,228,235,228,250,101,67,79,31,5,133,205,93,23,135,125,126,188,67,32,117,105,20,182,191,192,216,139,221,134,12,159,93,178,232,52,192,72,146,50,153,138,208,226,106,39,88,119,225,220,20,242,127,127
73,0,130,108,133,186,63,213,34,161,151,173,30,9,74,246,10,160,228,55,11,230,82,141,132,170,105,127,197,101,166,153,199,94,176,203,210,136,108,17,24,41,89,194,242,145,24,166,198,235,4,39,203,200,86,11,186,171,130,93,133,102,161,68,172,219,251,66,225,171,75,40,122,153,145,181,76,29,220,175,83,149,245,23,237,25,132,103,8,245,216,60,25,32,243,229,9,165,249,173,4,121,129,69,120,174,195,179,198,176,5,14,118,7,91,49,229,25,98,52,189,214,189,200,17,228,162,226,127
141,155,70,198,103,192,63,211,176,15,112,151,132,155,155,98,123,245,100,212,88,168,243,87,65,44,183,216,196,110,228,147,249,16,242,83,32,186,249,65,125,13,213,58,135,235,26,19,231,244,50,196,89,90,227,20,52,75,10,239,126,145,116,250,141,43,162,23,23,128,99,8,22,176,122,218,207,79,134,197,190,147,249,212,236,26,98,65,44,46,207,215,180,177,189,26,222,202,208,32,123,63,202,216,126,240,138,186,59,19,143,233,176,208,242,83,130,252,174,245,23,44,47,25,214,113,91,233,127
29,46,174,130,47,11,183,198,231,163,136,1,190,12,170,220,196,108,155,32,252,42,22,77,106,68,74,83,30,209,163,114,240,130,7,177,106,152,13,223,28,221,225,180,79,127,196,70,156,247,38,222,191,37,2,85,225,200,39,177,222,53,25,199,27,237,15,246,145,128,4,66,204,6,128,64,161,99,56,137,130,220,147,69,117,118,107,130,35,80,71,216,170,189,216,193,54,80,50,80,56,111,76,94,5,65,141,248,75,192,168,228,210,178,182,149,76,120,216,49,84,119,74,52,3,44,63,182,127
92,52,204,188,78,46,128,240,123,128,240,240,134,72,247,23,60,31,59,143,47,38,51,5,61,30,225,207,68,141,48,193,189,190,35,192,178,128,157,55,158,199,86,102,228,242,209,141,87,9,223,142,248,205,82,53,220,15,143,118,106,20,117,44,34,35,21,170,137,234,239,82,26,126,218,43,208,84,213,129,14,139,83,193,146,4,128,219,117,3,141,228,149,234,20,17,138,129,161,165,6,103,78,175,239,191,33,239,119,77,43,160,181,236,129,53,60,230,220,155,79,248,27,247,137,170,145,86,127
47,228,72,34,196,124,70,58,52,183,12,226,248,91,144,110,62,197,64,155,110,65,145,115,48,104,213,16,172,128,140,79,175,114,101,32,235,229,248,81,189,203,227,197,87,11,17,148,6,19,187,207,96,127,169,198,113,106,5,44,164,27,175,84,236,7,143,113,69,63,205,123,218,218,226,179,226,182,254,211,114,175,204,237,191,90,152,177,177,143,173,107,235,109,155,65,154,232,195,199,115,240,252,126,150,0,165,57,65,102,190,120,176,179,77,15,35,160,205,203,198,148,150,169,73,96,184,13,127
47,139,56,147,87,236,213,141,22,121,17,93,87,207,138,218,174,105,29,182,51,230,184,8,106,109,93,104,94,122,184,210,38,84,57,120,142,159,223,220,130,178,134,198,5,215,145,217,146,65,3,113,151,18,226,114,244,38,135,125,40,44,37,139,71,73,253,11,105,113,9,43,65,83,37,127,193,96,125,208,83,212,13,45,215,130,53,35,177,37,76,145,86,12,130,129,153,209,58,72,173,19,14,13,2,213,89,71,8,249,165,73,57,232,206,62,4,194,184,224,71,169,45,111,175,220,112,50,127
232,142,91,247,157,189,70,203,98,223,70,73,59,133,153,104,250,137,68,112,83,131,153,163,179,98,52,251,74,137,237,224,120,123,62,106,70,154,21,66,52,23,62,234,171,3,99,184,128,32,137,201,75,186,190,72,113,53,142,101,44,86,129,87,12,104,22,28,111,100,198,171,237,64,137,252,93,114,1,228,14,144,61,183,122,43,220,187,143,178,60,36,32,9,169,73,193,32,47,143,158,212,6,9,111,22,75,29,30,167,199,153,53,32,244,184,236,91,178,82,128,113,93,64,187,184,126,250,127
217,176,205,152,97,28,98,117,83,236,28,248,83,3,38,191,250,176,148,75,33,197,12,186,102,165,88,118,122,132,104,89,51,8,207,10,234,210,239,59,10,249,206,218,32,102,101,172,229,177,89,118,95,250,22,218,202,75,245,160,252,232,73,34,209,197,141,252,81,115,185,224,145,74,195,209,202,44,50,125,141,254,25,74,87,40,100,65,138,224,156,130,90,92,117,61,105,226,64,143,155,104,242,244,68,73,52,119,167,179,203,43,223,89,60,216,39,234,132,24,56,4,78,198,52,134,11,98,127
206,38,105,216,114,36,114,152,131,192,63,68,245,146,31,237,36,97,155,8,22,158,102,2,217,237,63,212,81,181,125,247,225,77,33,222,131,172,11,183,208,111,38,145,89,189,142,186,241,121,55,80,155,137,87,226,70,51,101,84,226,222,247,192,120,72,64,89,190,102,164,50,195,225,201,184,244,27,215,112,137,194,14,87,79,17,144,69,240,211,36,101,83,205,3,184,92,177,171,115,62,11,75,182,117,188,239,67,43,210,242,195,1,149,125,22,204,107,131,26,88,243,58,242,42,240,187,40,127
116,27,109,66,109,113,111,33,248,62,66,93,179,146,44,5,241,14,40,217,233,145,179,186,140,73,207,102,7,49,121,107,80,30,168,245,147,210,249,78,61,174,196,199,179,31,139,236,165,23,161,202,82,211,182,244,178,193,117,180,114,15,120,180,66,157,85,223,158,101,203,252,76,140,154,12,219,106,135,42,92,21,40,19,122,151,217,166,74,184,226,39,132,181,25,75,27,64,3,117,236,148,114,130,3,195,151,132,184,218,146,86,151,174,204,59,222,112,77,120,197,219,130,76,69,207,45,38,127
103,86,221,106,140,162,150,196,141,67,14,117,97,26,182,6,221,232,173,236,153,73,179,124,194,104,106,115,56,209,233,231,224,5,45,34,61,22,179,164,104,223,217,184,10,92,220,4,241,212,58,245,240,188,22,105,233,223,106,197,156,36,15,81,15,76,34,106,223,115,227,186,43,221,216,45,100,92,60,176,203,240,108,71,113,13,225,157,173,11,94,146,244,174,7,166,66,248,5,216,250,15,58,248,140,209,132,32,241,177,119,56,27,225,66,90,44,5,102,112,118,81,92,131,113,19,66,16,127
177,175,112,41,83,65,23,205,179,178,135,118,78,22,131,20,18,119,171,102,213,155,81,159,185,57,178,49,175,200,239,233,109,172,130,234,113,60,252,247,122,28,234,59,245,73,115,250,254,51,104,61,81,110,158,18,232,83,63,169,22,65,52,110,9,168,75,130,161,147,17,89,171,48,162,101,108,68,18,14,103,26,207,22,82,35,176,17,193,249,15,55,4,140,209,238,217,96,22,147,233,60,55,232,114,248,18,171,41,207,217,77,170,71,31,192,82,200,235,14,183,201,209,58,3,53,249,126,127
72,213,200,103,112,243,96,192,50,61,219,95,3,156,117,107,117,172,18,149,16,35,121,160,24,51,113,203,133,157,187,138,0,76,165,233,22,75,183,87,130,105,56,241,191,233,115,192,150,250,34,160,95,250,232,206,112,136,142,188,187,147,53,150,188,156,138,248,212,247,94,182,116,200,166,216,100,42,6,135,160,229,37,64,58,153,44,184,21,119,15,87,220,59,126,128,124,29,228,92,78,139,46,90,115,10,42,226,231,24,55,248,140,185,163,60,160,156,25,68,171,99,60,162,165,133,114,204,127
105,201,79,116,12,222,129,61,238,116,206,24,201,4,2,149,248,24,208,136,171,185,230,10,176,17,24,86,225,253,38,139,226,116,211,55,151,43,151,177,36,55,185,111,144,192,109,117,59,195,2,133,105,162,140,228,141,102,33,139,36,105,184,58,41,48,232,34,203,51,253,246,51,115,29,124,215,181,85,27,120,3,173,90,72,102,159,156,68,18,124,205,63,122,247,15,32,64,190,161,11,5,96,114,231,45,110,121,19,34,27,220,145,56,18,167,52,36,102,33,32,242,241,124,17,68,86,1,127
185,102,177,125,147,124,192,103,150,133,116,232,71,21,239,235,48,3,226,46,239,171,16,64,32,104,217,238,17,231,158,183,237,18,59,165,188,235,69,75,194,219,168,187,253,42,224,195,194,164,212,128,156,36,16,199,26,27,110,166,223,133,123,211,56,18,212,123,213,141,106,57,10,180,188,234,238,74,155,210,79,2,135,178,105,245,205,16,110,119,190,219,187,72,83,248,226,231,14,126,84,22,231,178,100,101,98,222,223,23,206,119,138,176,46,28,211,134,229,180,115,119,100,78,180,132,99,75,127
197,71,74,2,46,169,21,165,125,167,79,188,3,111,23,203,173,195,127,210,185,44,200,181,29,91,96,250,132,220,73,213,215,66,241,213,135,221,160,31,133,70,178,245,103,154,193,47,193,86,211,169,25,90,204,133,6,99,237,202,134,225,51,107,247,163,1,154,224,225,95,10,18,185,96,163,4,192,218,79,208,241,25,126,238,98,67,213,209,212,53,128,62,189,170,229,56,28,205,23,168,28,205,69,83,106,188,6,7,84,182,159,195,216,148,116,70,235,199,190,101,105,23,90,7,244,33,91,127
91,74,23,204,190,158,102,14,189,106,44,12,216,151,89,125,20,58,189,63,174,76,80,45,216,138,52,166,211,216,229,76,232,163,103,180,193,27,83,230,243,190,241,217,230,75,4,17,202,154,135,187,69,127,83,130,44,187,238,23,87,21,50,19,211,115,74,140,163,86,198,111,14,82,124,3,215,143,213,201,138,192,213,102,44,107,26,152,118,34,226,78,52,40,73,108,54,203,249,42,203,96,80,77,59,141,84,109,16,54,209,131,231,50,231,228,88,183,144,137,105,241,146,103,98,246,170,79,127
239,63,53,71,30,138,25,228,205,111,176,249,142,7,80,201,79,78,23,103,103,164,68,114,127,140,207,104,130,158,110,31,36,141,76,163,91,120,54,73,184,211,126,143,156,86,6,174,72,231,31,35,190,118,227,178,204,203,143,185,208,96,167,251,217,235,45,39,5,77,166,45,182,174,210,14,247,111,213,86,125,222,226,120,20,190,217,85,189,223,8,154,154,166,244,59,148,175,85,223,18,90,186,247,185,188,117,195,214,103,1,223,163,214,123,209,42,34,51,69,117,164,223,188,100,35,85,195,127
50,35,163,175,224,217,48,147,229,241,31,246,17,157,112,14,22,195,144,170,176,66,0,116,64,100,239,96,100,116,140,196,167,65,135,241,254,85,66,37,0,113,206,151,57,211,83,209,125,223,67,122,188,110,77,206,68,138,33,235,133,51,25,98,38,136,107,219,10,33,84,107,128,192,186,238,23,224,126,6,38,191,128,184,208,113,25,209,210,77,203,17,160,61,237,35,144,99,249,215,47,103,27,110,205,49,197,147,215,154,180,165,164,162,220,37,67,115,54,79,253,219,246,105,113,81,155,167,127
217,71,173,137,236,55,218,63,174,115,103,216,9,175,102,211,49,111,120,221,98,182,147,88,88,164,139,169,179,192,23,210,126,180,108,5,135,55,127,195,119,226,58,221,163,208,246,221,50,190,15,70,95,200,70,149,16,84,222,91,221,229,6,1,222,146,148,50,19,200,26,32,23,168,9,57,69,33,104,135,148,171,252,252,127,28,17,92,192,234,167,20,188,79,74,125,85,226,253,171,73,146,82,117,42,110,106,20,151,69,167,120,158,79,27,187,39,11,75,59,248,151,138,7,225,57,79,80,127
153,124,25,206,145,9,243,150,50,223,203,159,231,207,8,15,179,39,60,140,226,229,100,195,205,100,91,64,25,116,88,251,122,212,134,251,74,254,148,232,30,159,78,222,1,42,197,122,164,194,36,177,196,88,60,6,69,122,125,221,41,138,237,144,58,243,26,90,170,241,145,169,193,75,86,222,46,176,116,249,190,175,211,130,113,240,201,100,95,8,96,94,216,233,9,193,74,43,152,34,64,47,174,248,104,224,87,214,31,16,106,191,57,199,140,235,140,5,61,114,121,246,211,165,166,6,107,137,127
18,243,60,130,47,53,187,145,166,203,155,246,126,20,7,179,149,147,145,218,151,218,114,24,71,80,207,62,195,91,89,193,27,49,149,49,203,91,79,91,70,101,13,123,83,28,22,42,130,85,35,128,56,5,185,24,123,253,190,167,221,247,60,231,2,24,40,124,231,68,33,252,34,222,209,167,229,131,203,143,193,196,176,184,64,172,129,50,47,119,251,124,91,40,232,206,172,71,172,82,92,137,70,95,108,194,116,25,167,11,98,208,135,202,35,35,129,155,156,13,142,124,190,148,243,205,125,64,127
36,60,96,38,126,211,63,165,88,252,251,186,147,233,122,101,175,203,63,177,88,193,242,186,243,72,172,250,163,137,169,115,20,109,169,119,241,64,251,191,233,168,157,180,214,174,14,49,151,44,199,126,136,202,158,247,19,211,46,104,43,190,150,196,184,8,37,121,103,85,44,249,102,253,32,101,4,166,208,208,29,44,248,128,63,32,96,59,135,13,250,202,169,155,197,24,92,118,125,96,198,117,223,205,68,56,78,254,232,87,125,23,208,242,109,148,241,114,154,123,154,66,163,22,21,208,15,92,127
240,147,179,167,88,51,192,182,30,210,127,160,185,219,160,134,179,62,230,239,251,31,64,105,148,187,165,165,211,157,210,84,79,226,217,81,228,198,115,231,121,139,165,133,124,39,183,109,104,1,56,237,108,34,30,7,12,207,163,169,2,150,9,219,132,237,243,194,68,132,245,24,130,157,79,239,55,67,29,108,97,184,4,226,211,117,189,23,221,17,215,131,156,9,142,32,86,40,182,148,116,59,237,125,97,110,116,242,58,235,190,107,172,209,82,225,89,64,132,87,211,202,206,172,188,76,122,92,127
79,116,39,39,7,108,122,33,39,107,130,197,51,24,71,59,34,137,183,132,28,155,80,13,228,215,118,179,194,83,166,223,220,159,151,13,117,222,101,42,37,68,231,123,183,220,151,181,117,130,198,203,33,4,246,7,198,27,131,149,212,73,7,23,229,63,124,142,165,130,149,182,109,140,248,150,112,71,140,148,15,236,21,43,227,69,134,176,122,119,225,43,35,6,238,44,195,62,92,78,187,233,9,52,151,37,15,6,99,249,239,142,162,130,43,187,216,89,225,216,190,139,196,123,142,41,65,138,127
7,148,1,157,71,185,27,231,222,88,16,107,98,127,172,90,66,123,19,55,237,108,178,78,250,244,56,31,117,190,163,172,25,44,141,207,10,180,190,237,146,193,165,21,88,50,181,249,112,220,0,132,193,235,192,140,73,153,18,193,52,203,170,222,225,198,86,230,3,168,177,34,196,114,250,210,149,226,201,40,9,102,220,88,161,156,19,143,3,212,63,98,189,76,127,211,90,66,103,242,209,117,62,86,232,210,112,169,49,95,208,133,87,28,166,173,190,97,238,251,150,177,6,223,103,78,182,146,127
111,172,75,184,141,243,89,170,220,155,65,168,201,9,221,108,62,197,47,171,242,135,118,14,148,239,109,104,240,82,216,139,207,45,25,149,204,174,86,142,177,201,193,115,237,24,215,66,239,244,194,228,133,67,115,137,18,134,48,167,5,125,154,177,157,217,113,224,113,151,14,53,235,50,207,101,227,73,115,191,174,7,183,188,89,20,122,154,194,30,41,137,225,64,28,161,190,63,154,195,61,100,229,77,205,93,128,152,226,147,98,209,127,76,34,95,124,129,25,169,189,31,106,54,62,146,110,205,127
181,211,230,180,238,78,239,188,88,24,57,32,156,7,171,71,249,3,21,163,51,244,111,56,222,85,165,227,104,3,20,29,133,180,44,213,236,64,219,35,150,59,157,127,72,186,77,195,72,167,66,104,208,80,8,129,103,220,11,191,104,210,168,145,132,101,47,6,207,98,248,181,153,251,41,50,51,191,143,156,116,21,90,118,14,227,209,22,188,220,112,82,143,96,133,219,82,19,122,139,124,102,186,23,86,244,124,5,217,181,235,154,15,90,92,63,181,213,80,1,116,49,222,226,36,96,64,226,127
106,92,20,248,198,47,205,88,75,201,35,189,212,209,251,210,92,42,32,187,90,137,129,22,147,11,229,53,231,88,148,173,239,215,191,206,75,181,134,131,157,82,179,237,113,212,20,106,108,129,52,207,129,7,31,153,94,223,233,252,191,234,227,99,90,59,46,235,155,90,142,158,222,191,224,111,42,205,11,154,56,38,29,155,66,6,209,119,2,242,180,53,125,79,218,26,49,52,122,83,179,149,58,19,130,17,85,242,198,89,46,157,107,230,13,245,19,87,121,236,40,192,81,86,205,53,239,206,127
236,36,224,61,143,211,237,71,234,171,73,169,18,135,93,35,122,107,15,216,246,107,224,243,155,57,59,191,224,160,0,46,64,13,116,240,223,221,212,169,130,204,253,209,184,41,195,92,172,16,220,199,163,100,94,17,180,29,163,222,162,130,219,49,59,200,168,111,66,172,20,17,113,62,4,183,225,135,24,125,250,158,68,227,76,190,62,173,156,152,27,228,24,226,94,195,192,197,239,31,250,117,22,40,150,14,125,136,128,214,72,166,235,165,198,228,74,113,59,138,71,45,168,89,233,48,168,161,127
157,175,218,242,18,183,179,122,145,229,224,55,91,110,153,194,144,8,219,185,116,219,141,134,130,1,32,124,98,32,54,9,138,140,66,154,155,132,86,176,250,134,138,228,6,57,177,72,128,138,99,33,98,239,22,94,106,9,150,161,128,118,120,120,134,45,150,138,119,227,104,94,46,142,170,66,135,85,90,180,254,250,213,217,113,188,229,24,167,111,23,155,237,80,21,169,216,14,199,56,248,166,11,210,237,144,144,167,240,244,219,102,32,87,174,16,138,204,42,79,14,129,240,53,24,109,232,208,127
111,38,118,8,233,38,104,176,166,222,80,85,62,204,46,62,115,44,157,241,219,143,157,151,130,27,50,245,136,206,0,83,109,195,112,243,82,138,58,209,21,201,216,58,187,224,78,5,42,249,229,47,214,49,150,6,171,105,219,219,247,221,152,80,7,170,175,45,130,220,175,190,46,112,148,232,216,64,83,42,28,160,141,49,194,21,204,4,28,178,162,146,21,21,127,220,223,151,142,200,70,238,225,103,48,157,242,88,101,186,189,155,221,197,217,104,221,93,253,239,99,94,25,32,162,185,100,227,127
40,86,82,48,109,239,245,170,175,65,78,233,107,163,118,100,226,249,34,205,162,230,63,29,59,94,202,159,127,68,155,242,107,101,71,125,157,189,250,11,58,217,236,224,174,193,233,16,243,198,208,143,216,199,47,92,36,53,109,186,15,152,193,44,28,27,226,119,221,135,76,24,37,205,249,126,40,61,93,126,155,228,93,236,149,151,119,58,196,2,157,239,227,120,100,253,17,86,240,98,22,206,49,2,134,90,1,142,75,189,67,25,38,146,46,50,157,52,12,242,37,222,145,121,20,93,146,167,127
228,53,48,107,226,213,177,139,105,131,158,187,233,31,11,204,167,223,223,35,188,182,186,169,203,36,191,113,140,100,29,66,19,69,45,105,234,107,142,221,194,9,6,22,147,197,144,220,32,203,0,86,165,173,61,102,88,54,162,176,17,73,135,61,178,212,107,215,26,99,167,64,116,117,219,241,164,217,225,247,3,122,62,104,25,221,138,86,42,253,250,84,185,123,169,134,147,49,79,248,198,85,30,63,231,202,14,200,126,104,129,203,239,57,88,1,118,212,188,114,142,238,43,134,231,224,202,86,127
126,134,99,212,52,4,90,135,22,38,242,5,100,195,99,199,53,140,147,190,11,115,231,139,77,163,193,145,118,184,252,3,46,202,92,126,217,135,101,2,37,173,233,248,12,246,30,34,122,44,171,80,65,7,125,204,74,191,193,14,64,21,24,243,177,45,15,194,90,168,6,18,222,228,208,103,218,169,216,209,246,199,97,179,20,187,177,13,44,221,238,1,171,12,199,251,154,237,81,2,221,57,117,127,159,106,14,176,158,79,21,98,8,123,139,157,76,211,238,13,178,231,13,148,54,83,127,217,127
36,122,39,212,140,241,127,247,87,228,207,84,119,149,69,43,207,191,79,110,73,111,171,38,140,127,84,225,90,48,230,163,78,6,74,108,239,74,27,10,141,227,253,23,54,207,153,118,85,63,41,198,17,220,15,142,129,198,248,32,217,79,71,195,252,31,19,122,194,233,180,6,3,144,228,137,107,58,3,102,83,6,206,174,67,186,2,102,55,105,72,135,166,202,167,102,174,25,59,3,116,60,43,26,171,157,116,201,192,217,221,127,216,146,191,156,216,107,215,129,3,254,121,20,41,116,172,216,127
237,43,253,85,76,94,108,117,73,129,232,151,21,28,225,201,184,131,86,60,188,228,74,20,246,100,66,11,71,21,108,62,171,155,41,114,100,151,175,184,111,144,155,212,135,14,22,158,248,219,159,93,205,71,201,42,21,72,119,126,230,197,181,243,250,140,249,246,183,241,38,49,171,78,114,118,4,240,9,176,153,168,59,154,93,7,5,74,190,95,37,236,1,91,155,109,198,26,34,143,245,205,56,212,200,145,85,120,16,229,27,182,81,70,173,251,148,193,66,221,185,100,18,215,58,14,204,84,127
18,146,222,42,128,185,210,120,76,51,196,103,141,92,163,43,45,221,22,156,229,228,252,7,25,235,86,36,214,4,169,43,86,189,215,142,231,52,49,185,146,72,233,32,17,104,155,122,62,167,218,251,219,196,129,20,111,57,82,175,107,202,32,52,61,88,204,222,123,74,214,181,43,192,146,129,77,2,145,172,29,175,180,192,86,125,162,121,162,174,159,116,33,67,83,46,232,116,231,35,100,237,127,234,82,243,144,67,250,185,97,195,98,205,63,233,97,168,120,159,130,140,36,154,6,68,63,2,127
157,147,197,147,172,79,193,142,231,160,247,109,100,11,119,68,120,21,182,180,44,216,24,65,62,19,77,80,9,100,71,104,130,123,200,114,93,190,209,54,68,250,173,246,172,43,104,98,204,172,149,56,182,46,176,149,145,244,150,19,65,32,64,213,105,110,236,66,183,177,172,50,193,47,88,70,49,223,127,242,185,211,150,229,139,48,209,142,85,188,80,160,42,149,114,170,79,151,74,36,81,238,148,197,204,77,17,25,146,254,47,157,164,22,210,77,27,42,91,130,127,186,118,74,231,232,188,77,127
81,50,242,184,39,76,61,143,153,50,200,218,96,9,205,33,34,185,250,245,17,254,28,123,94,243,29,232,200,172,127,80,15,126,182,173,59,195,171,9,183,192,59,50,112,98,208,146,36,230,241,213,152,5,42,210,79,140,8,70,237,217,154,242,131,206,29,199,165,173,243,98,179,31,223,161,46,101,180,59,111,230,105,165,131,13,180,126,29,20,203,103,178,163,107,250,46,155,44,125,150,13,88,244,231,20,252,220,102,228,125,159,156,51,51,247,51,130,211,54,201,63,56,147,174,38,20,37,127
118,35,35,188,172,59,216,117,97,132,151,154,222,130,77,85,119,30,168,3,60,153,210,29,132,111,225,25,221,83,251,170,151,144,25,31,105,155,171,26,51,13,27,64,188,50,221,58,202,190,115,57,199,21,79,83,78,47,104,65,237,147,182,154,11,7,52,147,243,34,103,109,86,99,150,27,129,195,106,252,20,127,139,66,178,158,24,159,246,241,140,64,58,252,110,52,242,118,188,30,148,61,84,95,2,86,48,88,252,144,99,186,186,229,175,10,167,154,156,216,149,183,51,222,253,162,64,90,127
63,2,134,214,118,102,239,226,59,241,78,132,40,60,62,33,157,212,49,144,192,170,66,52,77,240,37,248,5,98,234,37,233,17,123,175,246,67,58,126,216,205,163,170,145,145,214,224,165,28,143,21,84,152,194,228,106,105,121,218,174,18,143,111,235,215,127,134,10,63,100,97,242,216,92,224,191,43,249,189,7,83,45,135,205,31,198,115,51,113,134,193,70,27,77,209,79,49,213,140,189,251,152,237,161,213,130,111,82,79,164,185,15,124,20,200,219,85,98,55,39,173,190,206,167,244,118,137,127
217,199,155,183,238,89,39,166,153,239,195,90,23,167,159,91,67,63,227,20,152,54,42,75,173,27,198,219,79,172,14,237,61,25,75,111,14,91,103,0,3,239,166,187,134,82,238,47,116,145,128,113,92,154,242,108,216,236,130,171,55,98,252,39,177,118,153,221,246,237,92,7,248,109,243,93,216,161,147,125,253,164,26,187,213,237,1,68,60,203,209,165,60,45,226,82,221,215,125,145,118,85,62,235,12,99,21,55,209,0,136,127,227,16,195,226,131,173,130,112,231,73,98,158,190,87,240,133,127
82,212,127,113,179,113,118,225,250,193,131,30,42,158,97,121,232,50,164,61,125,36,5,205,17,213,77,227,226,202,117,244,27,86,239,100,205,99,104,174,197,32,36,229,229,244,125,11,217,200,150,53,77,79,80,182,230,9,170,208,226,15,139,207,74,227,121,15,127,191,38,208,117,76,55,66,191,137,128,70,42,31,196,102,190,99,250,141,42,200,165,199,117,135,47,99,178,224,193,188,127,129,164,114,67,232,18,109,206,30,119,161,189,148,231,69,27,178,97,223,208,177,97,30,62,13,9,115,127
119,69,78,216,105,227,70,254,29,6,251,198,163,176,112,142,102,44,125,204,30,242,111,204,134,27,250,217,50,81,237,75,51,51,111,167,43,199,220,250,3,103,197,40,224,65,52,189,110,140,59,113,193,157,38,105,62,40,133,195,27,46,126,163,80,195,96,100,59,43,134,232,31,161,31,210,227,84,106,148,248,215,106,224,120,55,156,45,12,89,10,72,129,216,150,164,50,56,117,154,183,226,122,31,83,50,183,171,200,25,39,245,2,224,163,20,108,214,228,48,156,250,3,219,171,210,132,73,127
150,122,75,139,68,149,118,128,4,210,108,188,252,94,155,3,173,128,24,173,3,80,175,129,142,50,191,52,219,213,27,216,253,204,31,38,65,139,19,239,206,46,121,150,6,123,165,67,6,222,252,138,168,65,6,184,62,30,233,212,240,57,102,62,113,28,22,2,219,170,25,6,98,230,249,182,60,38,236,187,146,122,205,219,6,41,123,52,189,225,218,92,225,59,138,176,18,145,0,77,68,95,7,185,166,4,200,119,51,212,107,119,221,33,226,193,30,150,32,13,80,176,27,38,218,8,155,124,127
66,207,31,92,42,131,229,136,197,24,148,136,4,103,162,221,116,128,194,41,3,109,209,12,138,15,23,23,122,10,49,82,172,173,65,51,11,85,213,112,104,213,244,21,179,101,97,36,247,77,212,146,164,179,67,57,85,32,107,226,50,171,113,35,124,200,224,7,154,133,237,193,39,253,124,233,97,179,33,173,253,249,88,171,163,10,69,102,147,232,120,238,37,203,254,229,249,168,215,74,141,16,90,25,125,138,87,16,144,12,52,233,91,66,118,97,204,114,178,22,35,59,66,141,163,175,226,246,127
241,234,160,21,41,252,69,221,46,145,217,239,170,106,234,225,254,33,159,116,6,39,79,50,30,196,46,145,41,26,144,68,127,180,32,41,13,124,122,184,177,219,77,82,82,234,220,127,45,97,108,56,241,236,57,92,170,234,230,235,147,223,159,159,28,200,41,135,230,9,60,5,104,244,144,241,101,65,34,160,184,143,237,193,106,127,106,142,123,173,212,59,9,5,33,246,195,250,184,137,134,16,45,77,18,175,170,187,35,20,86,16,208,51,121,114,157,90,208,219,88,6,187,117,49,50,80,68,127
207,49,10,246,178,193,242,21,131,131,64,165,24,119,44,56,213,46,175,74,136,36,111,50,60,109,159,111,31,91,87,160,222,210,12,252,174,248,228,64,99,73,53,53,202,186,243,32,23,146,70,25,130,111,233,48,191,206,10,36,174,152,182,63,69,191,204,5,164,203,103,75,178,82,99,36,45,151,138,75,62,38,57,4,106,193,20,212,241,195,44,160,204,97,66,201,63,139,7,47,140,148,158,116,123,239,92,221,244,240,119,54,27,91,181,36,18,145,158,22,27,32,161,95,246,96,148,185,127
147,163,105,251,49,232,31,208,209,163,101,242,203,222,183,165,12,2,87,12,236,234,133,203,15,154,251,81,89,189,15,234,162,214,241,214,42,133,81,115,55,20,41,218,12,2,118,177,110,144,81,91,234,98,98,221,79,252,77,213,53,208,61,119,26,174,121,59,202,31,146,156,253,73,181,201,230,139,251,27,44,6,35,46,84,193,28,241,42,220,193,240,194,89,152,178,94,34,73,231,6,143,174,238,3,229,57,38,100,246,209,12,5,252,23,249,195,128,71,229,208,186,111,237,165,210,80,37,127
51,192,144,12,16,32,159,154,165,13,63,178,198,191,219,203,156,249,116,228,60,70,249,214,8,69,184,254,139,227,254,95,29,188,54,60,66,189,124,129,76,63,151,135,162,207,67,58,202,110,168,76,240,165,178,171,86,167,210,148,90,130,186,82,121,141,78,225,175,173,140,39,68,35,131,6,14,28,103,2,181,251,119,78,18,131,123,5,28,131,245,101,245,163,166,222,147,223,42,162,68,139,242,15,75,148,196,252,186,51,194,206,130,70,8,12,48,84,128,187,64,194,167,173,23,236,245,180,127
81,186,153,252,82,95,5,137,3,126,197,227,38,174,97,163,137,179,157,226,46,233,91,40,115,111,238,231,68,99,59,84,83,231,227,107,186,125,251,249,155,111,101,58,165,114,140,206,48,202,90,209,133,22,248,13,138,227,107,164,117,4,181,78,77,205,150,188,220,240,115,178,118,144,180,101,17,5,212,171,169,102,91,87,188,44,182,88,97,82,163,136,30,117,130,233,45,59,190,45,198,189,12,28,45,26,198,38,69,124,220,35,195,226,35,19,101,225,148,236,240,59,223,220,130,28,172,110,127
247,161,10,77,216,88,23,31,133,93,145,215,233,137,109,124,21,17,124,23,179,225,143,215,124,111,205,176,188,72,8,64,22,167,7,26,67,236,29,156,206,90,227,85,136,221,215,181,157,129,30,126,199,236,83,54,39,150,46,50,60,168,133,202,216,47,70,124,198,148,247,76,60,86,132,160,90,209,35,5,29,36,92,21,145,172,207,28,171,41,198,121,12,73,134,100,140,171,117,127,66,153,222,155,177,26,153,47,166,228,181,23,31,7,69,85,254,106,10,201,197,234,239,21,88,214,16,11,127
92,37,47,174,184,183,78,191,38,179,9,204,149,102,174,107,188,68,99,109,191,187,217,68,59,172,45,30,154,16,188,100,16,135,168,208,65,73,170,154,104,246,74,193,168,46,207,195,237,216,141,154,177,236,242,244,244,195,241,164,249,30,7,175,149,149,175,101,39,30,183,73,127,232,118,139,131,164,134,155,132,88,172,202,118,107,40,15,159,161,168,38,36,117,5,120,172,132,214,3,88,177,199,4,19,168,253,89,221,238,171,155,246,94,158,41,25,246,130,147,186,186,239,220,97,76,248,16,127
245,168,122,54,242,212,216,221,165,147,68,112,220,105,27,213,134,195,193,186,165,66,136,77,78,65,142,241,17,59,229,146,104,221,251,206,82,77,135,38,130,153,182,160,79,71,172,100,171,160,15,70,130,228,1,109,245,25,98,232,132,27,26,149,194,29,143,112,197,109,52,172,241,201,181,118,249,81,208,145,202,122,79,71,14,200,66,152,43,59,78,8,52,154,64,248,214,97,159,62,51,23,43,126,51,109,241,185,139,164,79,154,148,169,170,36,72,84,157,215,184,220,124,191,250,14,47,136,127
224,134,246,4,8,214,31,127,24,162,79,73,74,222,7,63,135,233,98,57,168,116,0,157,91,234,235,137,251,132,208,9,157,232,2,25,106,113,172,119,195,185,158,125,9,107,218,160,181,58,50,225,157,206,15,236,138,106,100,244,16,29,209,122,249,93,37,189,177,171,104,157,107,63,190,225,187,201,161,199,74,252,123,231,95,159,115,174,137,117,222,55,117,214,89,82,203,94,163,116,155,170,185,146,192,125,126,90,187,119,156,234,158,213,104,153,31,59,71,68,50,200,32,231,154,217,10,79,127
40,53,117,159,83,166,131,74,20,187,247,193,165,208,217,142,10,218,241,98,170,133,35,228,108,100,252,76,90,246,248,146,143,144,135,67,107,89,43,174,212,21,77,23,213,254,83,214,146,6,70,179,139,73,122,193,24,95,192,135,54,79,55,59,230,252,148,221,222,105,226,161,175,198,180,58,124,28,232,14,231,220,61,65,149,209,164,183,234,71,239,160,162,103,225,167,140,236,181,148,103,102,77,8,174,86,232,116,173,21,148,231,25,201,123,229,149,203,27,57,29,209,116,30,74,131,246,228,127
148,189,178,40,20,10,1,86,209,164,234,68,239,105,146,134,49,227,217,171,237,97,254,12,141,132,83,154,223,45,219,236,146,25,209,52,219,245,249,202,108,229,62,44,202,193,59,152,169,67,58,110,209,169,171,31,183,123,42,113,233,236,242,16,197,222,156,208,167,100,48,122,34,142,187,93,125,84,53,7,87,122,147,14,236,106,221,187,21,151,143,151,150,15,227,111,115,181,33,161,54,129,127,1,227,97,18,52,77,186,49,34,102,59,122,27,50,224,249,135,232,236,124,66,142,8,69,66,127
128,185,194,151,56,242,138,199,98,200,203,240,58,53,235,179,41,57,114,184,200,139,245,49,67,80,135,30,227,37,27,16,53,126,235,145,104,121,52,228,12,16,168,171,184,151,204,216,29,20,187,252,170,100,130,53,87,193,173,38,48,207,147,59,104,0,172,42,129,173,31,221,152,96,50,7,87,2,43,161,167,154,221,95,101,59,14,134,71,214,51,65,214,97,203,24,191,66,236,88,119,225,117,60,58,132,186,235,202,110,49,70,205,103,230,103,124,156,98,4,170,243,183,144,42,43,251,94,127
173,208,177,218,20,84,210,195,234,8,115,125,117,208,71,69,228,232,161,222,25,41,180,243,174,150,17,84,210,114,131,162,35,223,125,133,20,184,226,6,179,100,164,150,192,249,123,45,42,96,40,244,64,168,160,68,248,146,21,125,219,99,203,171,251,142,112,223,203,202,8,88,97,184,64,12,178,148,196,16,240,3,128,84,51,52,232,35,13,12,99,82,205,20,234,243,199,45,116,205,9,53,90,97,28,134,93,168,200,30,175,70,9,7,192,98,64,207,99,211,131,223,16,140,98,244,227,242,127
138,55,44,117,14,209,21,164,64,203,241,26,201,95,103,224,156,231,98,16,194,243,47,49,47,44,206,23,94,246,16,48,15,108,179,49,169,128,13,170,113,149,129,142,73,101,231,83,137,37,142,105,133,205,120,235,25,166,12,26,155,102,70,139,138,137,166,125,200,34,202,122,156,99,206,23,95,117,150,33,66,167,3,109,194,117,116,110,154,72,53,113,150,222,163,245,14,217,119,26,231,241,90,25,253,224,54,11,161,79,109,52,11,97,134,86,199,233,43,65,214,162,170,135,160,171,55,81,127
89,183,146,157,213,97,182,199,60,0,147,246,205,242,172,170,198,80,41,125,215,23,190,251,48,74,101,106,172,116,35,231,247,59,159,164,219,98,105,46,103,207,130,197,0,28,243,67,241,137,28,142,153,128,204,66,248,120,223,124,81,113,90,169,235,115,228,230,252,214,71,66,194,33,85,73,149,43,246,102,129,134,110,46,139,146,185,192,224,213,213,69,110,226,46,205,67,49,2,197,183,206,115,110,88,212,2,102,50,252,31,122,151,62,106,245,197,53,161,218,139,44,47,244,210,94,135,50,127
48,119,72,166,79,104,62,209,205,220,132,9,192,74,223,164,99,237,166,102,180,250,106,210,96,162,176,203,165,239,138,80,125,102,111,251,64,209,124,224,212,74,94,85,190,212,239,190,172,40,187,130,142,252,227,235,100,207,38,130,135,243,69,169,170,207,122,65,250,185,152,72,123,161,144,198,60,115,38,198,119,76,212,73,4,181,243,129,218,20,221,82,80,85,32,244,102,184,168,24,131,128,45,41,241,39,209,40,50,98,119,246,207,220,90,222,71,75,94,193,39,59,177,202,147,230,111,113,127
163,27,64,56,210,84,184,116,10,151,253,229,26,7,212,67,237,162,67,227,7,52,220,77,244,57,41,49,147,135,252,148,239,143,127,3,177,169,63,50,64,184,14,76,116,121,202,6,254,195,203,123,98,209,210,176,141,81,121,225,84,118,207,4,150,207,220,221,83,41,15,72,157,2,176,163,193,36,106,214,92,99,37,156,163,35,227,56,230,155,107,32,52,65,113,118,15,26,103,71,26,37,110,134,21,11,16,85,151,83,201,113,85,182,34,137,207,32,145,78,179,141,125,76,143,48,187,85,127
66,167,97,163,101,248,75,43,199,6,218,188,100,71,114,20,150,203,202,95,51,202,109,44,221,138,207,124,181,231,55,23,206,78,173,85,13,59,65,234,133,244,208,56,33,95,117,104,198,232,18,132,226,65,98,152,215,63,219,252,140,88,151,160,80,214,247,95,174,100,38,54,212,1,162,242,144,102,110,35,131,153,139,95,181,16,179,195,35,63,88,117,63,132,44,173,226,176,73,43,82,141,41,238,246,136,78,66,4,137,59,87,110,60,129,229,208,147,143,99,120,254,105,200,95,41,240,228,127
81,50,62,4,230,5,226,63,75,185,185,236,75,81,96,43,67,149,26,69,205,57,36,214,175,57,246,42,6,211,170,159,7,252,185,33,68,203,160,163,97,249,193,15,116,144,101,217,220,84,17,78,254,33,89,130,179,158,70,119,50,162,32,167,141,2,189,173,46,145,228,182,53,10,42,219,50,240,59,191,112,222,62,22,2,44,48,225,157,20,48,75,195,82,233,186,3,202,84,183,36,133,147,164,138,194,22,185,100,18,11,14,64,84,122,245,148,229,2,113,24,207,72,2,182,88,39,137,127
78,85,81,242,53,9,173,110,66,114,83,65,69,32,190,91,210,60,218,187,40,192,225,158,172,138,153,212,133,131,83,220,126,21,162,150,29,165,249,51,146,104,248,75,83,131,6,205,208,163,56,181,153,0,93,135,6,84,10,52,247,190,100,32,60,250,159,97,244,21,100,139,104,47,95,192,117,232,138,144,174,163,234,74,36,172,232,249,226,131,111,42,75,86,218,162,32,72,166,161,101,50,9,94,164,172,73,92,221,52,18,108,208,134,23,163,112,60,67,198,87,12,216,124,195,202,185,215,127
220,128,77,105,160,140,211,67,193,1,58,67,40,210,180,70,93,197,87,121,135,6,140,31,53,177,251,17,173,167,52,125,130,64,233,128,99,89,25,112,183,139,14,216,182,248,20,113,72,95,178,113,46,113,139,86,59,150,147,56,104,103,28,154,86,136,162,129,4,67,126,129,11,51,251,189,134,213,245,152,14,209,143,165,151,131,75,251,46,38,229,103,105,219,162,58,46,250,127,1,249,141,61,194,16,130,87,42,197,78,41,123,150,83,221,231,50,117,215,6,55,141,202,186,241,187,50,68,127
124,28,183,9,4,136,209,183,212,22,101,128,105,2,23,172,65,195,182,101,225,54,238,89,223,188,213,235,122,30,2,32,254,26,144,49,216,165,103,180,210,73,1,102,160,244,139,254,36,29,35,9,194,160,176,103,145,85,228,37,39,96,146,204,174,252,111,26,185,206,201,144,113,170,60,207,167,100,14,167,180,34,24,5,152,120,131,243,17,215,235,251,146,53,243,113,174,44,28,187,225,246,126,37,229,4,43,239,15,13,224,228,49,72,179,34,120,122,111,231,242,170,101,142,46,122,67,10,127
242,1,240,185,178,104,90,114,129,55,203,29,43,134,61,168,147,52,253,114,168,146,126,252,208,174,122,238,245,203,98,2,100,46,113,96,221,171,246,94,211,132,34,36,216,232,83,168,69,217,29,214,46,212,130,102,210,150,153,185,62,114,144,147,94,9,213,103,99,13,253,17,73,131,17,35,210,2,34,128,178,146,96,50,217,74,170,46,52,89,222,98,203,232,104,235,110,211,34,199,18,19,82,57,62,216,135,252,231,198,98,111,3,250,65,21,113,187,70,202,120,9,230,247,36,9,137,207,127
236,13,20,106,160,25,207,187,215,154,96,50,36,163,140,78,162,22,214,47,18,30,12,42,223,152,132,93,79,70,93,150,34,161,154,147,2,228,185,208,217,9,56,140,160,147,145,137,172,20,47,135,217,1,120,112,160,175,100,62,116,5,244,83,239,152,41,26,73,78,32,118,75,170,24,68,140,232,24,107,133,93,98,169,243,72,89,56,144,80,186,126,122,4,70,196,133,17,244,78,233,19,15,250,172,97,52,171,58,29,183,189,199,33,127,103,162,84,22,251,146,132,251,8,51,245,62,225,127
79,249,64,83,168,24,44,214,59,45,186,37,4,34,202,161,116,75,204,244,220,148,61,238,152,248,132,253,135,109,116,109,96,123,87,159,75,115,197,174,96,204,57,243,200,211,151,76,228,109,89,193,134,37,200,189,170,205,180,137,241,126,85,72,215,93,1,64,88,198,220,109,130,40,61,136,107,176,174,87,59,122,219,207,240,143,147,119,51,117,128,155,82,228,115,39,217,78,174,238,228,26,16,151,66,9,246,62,216,172,35,131,152,14,126,90,208,177,145,132,134,28,88,114,147,115,140,8,127
221,160,158,57,130,192,97,83,103,230,154,37,161,42,114,238,228,33,35,156,205,183,149,30,37,44,203,251,223,94,85,68,209,23,27,188,48,32,41,19,208,152,201,173,172,193,43,170,236,204,41,209,146,79,237,39,12,192,104,199,178,119,208,84,1,158,98,93,246,226,230,57,249,87,192,53,26,58,112,127,141,13,99,77,13,143,119,159,105,222,8,129,27,53,19,91,3,128,37,133,224,157,224,230,200,137,20,13,38,216,153,163,199,207,35,91,183,140,198,239,212,103,248,60,126,192,43,136,127
245,108,80,151,63,188,70,36,66,98,107,102,5,251,27,10,178,166,218,208,127,239,170,3,79,94,44,107,43,106,34,126,204,133,212,77,192,101,22,48,110,229,170,30,85,239,189,50,70,55,231,2,56,161,26,114,149,1,110,222,94,33,87,87,124,140,86,140,87,108,158,173,95,147,55,19,249,147,53,143,115,235,163,155,153,40,167,93,39,244,251,156,12,119,26,197,48,94,131,62,45,0,10,223,61,166,85,84,127,234,249,44,122,65,217,114,71,64,70,180,169,216,104,239,176,156,249,39,127
217,180,168,248,190,18,35,194,173,200,145,48,48,6,153,218,166,205,160,70,125,132,203,216,102,226,233,4,228,51,196,81,65,40,107,252,86,77,236,99,86,27,182,9,95,144,129,231,91,248,144,166,33,15,106,162,127,39,243,36,103,246,87,47,249,159,47,102,100,93,94,7,100,74,61,95,23,140,187,39,143,237,67,204,67,230,146,37,77,32,192,40,232,221,113,54,177,83,146,133,115,156,43,56,173,60,32,131,98,125,109,1,199,61,112,234,22,53,212,34,139,66,12,160,13,209,144,29,127
140,0,172,66,168,16,102,73,130,140,129,46,194,13,160,175,80,93,105,171,28,103,70,138,245,240,232,176,101,144,75,18,153,35,100,45,133,184,9,67,244,200,156,118,10,114,221,7,234,245,166,197,203,2,22,74,208,232,25,221,29,239,242,82,42,129,111,250,47,16,37,241,54,192,223,110,194,96,196,165,222,164,35,60,235,168,0,153,159,72,133,98,156,70,85,248,163,84,41,87,26,241,137,249,97,73,72,42,149,148,213,51,218,188,243,188,171,64,236,234,138,110,93,123,13,224,96,124,127
49,22,161,243,210,39,241,149,169,219,118,201,104,200,247,82,10,210,253,66,26,120,70,8,243,198,27,74,14,1,121,100,48,192,194,229,197,39,13,116,31,63,6,155,206,54,231,200,188,145,78,85,216,176,147,137,252,134,192,247,159,178,139,83,25,88,100,96,3,13,121,223,222,54,81,170,208,88,58,120,74,60,86,42,136,248,201,206,175,72,62,126,67,33,211,47,174,53,11,43,233,203,134,122,53,179,205,241,140,19,198,6,162,172,145,245,108,242,50,119,101,77,178,177,218,78,178,201,127
156,128,177,203,18,119,90,224,177,254,127,251,153,216,117,229,42,186,49,116,184,218,189,185,232,126,174,8,103,45,138,205,14,150,129,105,177,113,24,179,239,7,6,48,237,126,108,113,172,225,206,78,250,134,24,218,93,150,247,98,162,86,181,127,19,57,88,146,209,7,133,217,145,29,74,150,34,148,174,185,187,7,94,56,47,94,173,5,191,233,36,83,184,124,231,132,223,29,123,43,89,130,14,33,253,223,253,14,92,99,117,94,151,187,152,63,42,216,248,168,79,222,241,52,38,227,57,115,127
61,131,187,161,101,43,84,168,198,53,252,194,170,27,221,104,84,215,210,69,9,227,226,86,101,152,72,91,227,7,29,168,208,195,156,10,53,160,127,133,139,109,42,232,237,195,170,241,121,191,113,206,16,228,104,206,45,124,114,195,93,210,27,210,19,203,121,152,77,83,7,183,202,72,180,142,145,107,156,206,5,33,168,71,242,112,172,197,143,232,161,249,75,67,235,123,229,155,107,39,214,100,99,29,233,76,207,183,112,184,3,245,235,138,161,101,40,183,150,101,17,248,181,202,185,216,127,30,127
34,205,179,60,84,78,49,101,201,252,2,35,218,42,242,48,167,141,184,120,107,14,10,154,47,65,90,135,20,21,140,132,239,180,20,216,59,121,116,190,93,77,252,193,237,213,198,127,183,22,250,80,91,37,165,77,21,85,240,249,93,44,43,44,147,84,101,142,100,173,132,19,12,148,5,131,173,67,84,203,174,76,247,218,112,133,143,147,164,91,73,90,43,195,43,152,164,50,164,82,142,0,152,191,240,201,245,218,181,138,194,75,169,222,157,16,26,182,209,37,166,68,191,228,196,187,97,163,127
165,129,212,218,133,235,21,91,247,17,124,203,129,163,187,51,135,42,121,29,39,74,106,251,176,108,110,175,144,122,146,167,72,94,41,163,13,122,29,129,52,133,214,175,145,164,168,179,118,159,39,42,53,89,48,242,67,78,24,131,78,4,209,112,253,130,168,203,150,29,215,242,183,134,142,119,138,127,90,254,226,232,126,145,93,122,191,1,151,104,1,249,195,161,20,19,196,238,8,11,212,123,107,237,220,49,164,209,45,197,58,186,33,78,229,47,41,200,234,193,198,224,161,93,216,39,218,108,127
21,166,254,19,90,71,88,189,35,49,153,225,50,31,107,184,92,42,239,103,175,177,220,236,212,38,244,86,10,149,71,253,65,175,83,81,217,12,208,118,127,90,33,125,95,92,197,53,177,25,25,150,74,98,229,80,246,109,253,12,22,102,210,75,209,148,197,13,117,115,196,218,176,124,136,61,58,72,212,191,9,165,29,66,58,166,198,222,225,190,150,86,111,14,153,27,204,184,60,67,73,100,53,110,104,94,182,166,229,128,113,121,141,232,179,30,21,198,162,86,47,146,196,204,6,125,43,36,127
80,156,121,234,191,116,232,110,4,49,106,32,224,204,44,11,80,44,174,166,244,231,116,41,47,75,87,116,145,93,127,53,173,32,78,230,118,152,41,93,40,33,230,235,117,222,187,201,7,37,59,130,162,212,57,199,247,2,250,155,54,73,208,93,39,133,176,12,9,82,227,91,109,169,123,109,82,148,198,192,209,56,129,249,131,232,178,123,4,63,245,183,129,197,139,168,194,242,57,50,190,2,209,230,108,201,140,29,137,87,55,87,15,245,103,193,128,150,251,161,7,215,91,73,125,185,68,252,127
4,206,239,236,233,148,94,161,236,84,75,40,211,169,71,86,76,39,57,248,184,144,150,221,11,90,74,79,140,60,188,81,114,185,125,217,33,130,247,144,231,201,168,148,72,209,91,81,235,234,52,184,62,226,123,83,102,198,66,148,236,250,183,146,8,147,205,206,78,97,1,91,76,241,122,7,86,108,11,158,207,67,153,75,0,60,130,129,43,149,84,175,210,125,142,244,155,158,163,18,221,56,238,193,38,50,250,107,53,47,173,94,199,236,231,5,87,146,177,245,91,233,125,110,197,69,136,223,127
136,209,94,182,218,90,173,188,167,191,57,66,6,149,89,186,232,252,115,139,182,159,232,48,173,116,60,194,91,168,6,162,72,117,213,180,185,13,128,198,165,114,232,144,42,109,228,196,132,45,229,153,105,167,62,180,33,156,75,91,65,203,245,100,207,223,184,173,244,187,26,109,203,225,185,191,126,89,186,161,0,238,158,108,247,236,50,165,131,135,202,240,51,203,59,34,236,222,2,130,79,86,202,88,123,51,120,130,234,246,19,8,72,119,160,39,21,123,10,70,62,37,235,137,85,14,117,126,127
156,115,175,63,25,2,11,4,138,87,20,11,177,198,134,123,114,1,113,89,115,18,162,249,149,206,91,146,249,42,186,217,240,188,45,237,84,142,82,161,51,218,171,185,7,120,2,55,226,110,166,170,156,162,89,92,73,167,92,205,167,63,125,238,175,105,29,147,180,229,192,78,150,216,190,84,208,77,213,130,65,147,81,102,68,86,95,23,243,37,253,135,66,113,180,200,116,187,50,231,52,182,46,128,127,65,113,86,185,240,52,8,9,202,41,22,142,38,71,113,55,194,244,75,188,113,205,10,127
97,249,195,194,238,205,182,231,199,62,196,201,54,126,20,118,97,180,223,13,181,77,237,179,81,116,98,139,21,38,71,222,52,214,158,216,99,58,233,143,232,243,101,29,95,69,144,127,87,48,59,70,178,230,16,22,61,220,175,206,88,86,1,8,64,195,63,201,211,58,216,151,32,103,76,17,154,64,157,56,214,218,22,143,6,12,244,172,186,213,123,128,98,243,32,184,16,152,24,230,203,82,146,45,170,151,220,215,128,204,194,30,195,2,52,221,173,71,33,141,131,235,9,188,168,123,195,223,127
70,15,118,120,149,72,220,246,21,6,114,36,9,174,237,233,223,244,33,174,59,168,113,173,182,156,233,61,65,157,86,169,58,179,227,9,184,240,194,183,216,137,185,187,152,16,146,28,59,146,159,64,254,94,30,140,187,178,192,70,39,28,34,30,49,2,181,107,173,8,242,170,182,147,147,78,208,106,35,48,250,216,80,209,62,25,208,11,130,136,33,159,213,145,149,123,73,147,184,69,218,160,132,105,19,235,32,34,90,103,237,245,109,167,231,193,122,245,215,9,116,130,157,48,16,68,109,79,127
31,228,4,1,114,49,77,239,197,37,119,1,106,234,56,184,2,198,190,113,68,210,214,151,41,177,75,130,189,157,164,168,238,44,49,115,56,1,163,54,144,19,9,223,121,214,198,72,231,143,62,9,233,26,226,45,207,150,52,79,39,162,89,124,211,232,208,217,204,239,117,216,33,173,103,205,53,82,127,97,18,155,15,94,71,25,189,126,217,196,171,204,183,176,79,86,148,154,236,215,207,213,137,54,180,73,76,217,158,219,224,37,202,151,219,127,252,59,191,248,233,146,136,106,98,210,6,116,127
40,211,212,24,133,164,143,13,119,128,156,22,82,132,133,146,59,39,81,158,88,142,15,195,110,69,80,172,127,60,129,105,151,208,86,219,86,253,43,254,64,121,113,65,24,164,233,125,206,16,127,171,22,15,246,245,154,142,14,177,186,193,220,228,203,210,31,237,182,121,199,156,77,95,113,119,172,85,137,222,42,19,37,173,131,178,114,119,219,30,38,71,165,83,192,100,17,212,139,219,205,102,112,202,52,74,88,172,138,232,181,238,237,147,87,24,125,237,11,109,111,208,48,100,140,210,184,173,127
62,101,244,66,112,199,80,67,144,30,131,42,0,194,220,68,228,15,106,88,30,203,131,61,166,208,123,179,201,56,136,233,76,172,20,128,98,26,99,162,44,84,149,157,170,216,48,14,183,122,16,123,149,169,139,182,84,24,94,249,47,129,142,250,243,5,159,221,63,55,89,193,54,77,203,81,212,71,195,56,73,202,85,181,231,248,23,131,108,135,238,182,222,60,226,198,39,81,175,117,126,2,137,202,76,12,140,58,157,135,34,163,62,165,51,177,45,85,62,216,53,196,157,81,103,249,244,210,127
87,134,176,55,94,34,142,85,129,13,39,96,62,124,43,224,210,7,215,145,223,247,118,225,4,0,243,146,19,236,154,234,212,201,242,89,183,9,220,210,189,84,28,202,133,119,183,217,224,228,119,186,20,25,23,114,54,101,48,150,28,155,195,71,67,125,244,5,20,184,75,100,215,28,225,104,233,141,56,252,73,238,251,211,130,181,146,26,196,42,165,111,166,201,87,184,196,22,28,74,50,246,11,157,229,159,30,57,114,68,56,231,191,53,170,157,63,174,132,79,150,57,167,223,64,134,69,246,127
190,144,152,24,145,84,130,58,10,77,63,223,110,85,111,205,92,64,239,138,48,141,56,234,133,122,210,87,66,135,236,217,43,13,127,36,41,250,190,191,62,99,199,100,180,19,131,87,232,147,173,58,218,84,62,139,124,106,67,75,50,229,113,73,102,99,101,36,17,118,86,83,243,92,186,105,152,31,35,10,240,162,112,254,60,169,95,36,161,133,200,240,209,195,202,162,200,102,102,58,109,25,19,221,184,153,89,59,108,98,210,236,82,253,74,71,232,225,74,213,134,106,172,34,251,18,53,83,127
136,183,113,106,135,216,221,155,165,87,75,103,47,18,252,148,252,82,207,36,57,33,39,107,61,205,51,77,5,37,38,196,121,13,153,97,123,139,249,119,183,93,233,25,17,138,234,42,133,125,143,105,17,22,32,167,145,211,238,71,74,32,38,26,210,252,236,84,228,81,180,143,178,62,140,199,225,15,213,47,162,221,125,37,126,20,98,239,46,205,222,43,55,52,144,142,79,231,87,25,71,238,129,34,44,8,16,52,16,209,127,253,148,45,182,205,102,204,89,85,77,193,5,175,7,198,182,172,127
15,27,221,36,115,2,104,82,227,188,73,97,17,72,36,191,37,202,209,63,252,213,159,238,8,162,228,131,243,140,178,34,110,149,238,73,35,148,175,161,150,37,153,183,10,115,216,221,17,174,10,22,57,196,58,226,100,35,78,7,54,170,157,136,28,60,253,2,233,108,28,24,137,101,206,198,253,3,58,115,50,211,151,117,99,39,41,162,226,88,246,3,17,68,43,185,136,214,37,149,142,231,81,31,14,87,85,68,112,153,93,49,157,70,127,50,172,16,169,19,59,166,126,54,223,89,250,11,127
9,174,213,223,71,201,58,179,116,184,153,110,213,14,153,115,179,27,250,160,63,142,249,201,141,186,204,248,104,137,248,203,241,4,35,145,142,21,3,88,31,78,97,73,3,61,12,191,206,188,16,89,234,70,111,93,101,213,224,198,148,89,194,1,173,33,21,231,103,8,201,81,100,193,109,182,59,14,243,44,238,227,177,239,52,114,25,152,62,197,91,249,56,13,239,52,119,197,209,112,159,62,148,98,73,250,184,143,34,208,41,122,63,232,176,92,40,13,36,220,50,209,117,122,19,43,61,128,127
202,136,38,24,236,65,32,56,243,132,155,164,63,120,227,201,0,88,24,130,23,168,177,15,14,188,6,252,243,4,184,71,237,201,51,219,175,36,108,13,90,140,184,113,103,243,4,30,43,156,87,227,140,19,219,225,12,12,95,227,182,217,9,62,65,49,184,109,187,0,137,233,53,21,166,181,173,40,143,123,188,117,202,187,131,46,104,157,246,23,215,235,174,174,96,10,119,169,238,151,133,71,115,111,158,13,165,209,243,110,60,65,242,80,77,209,37,13,202,7,220,22,222,117,60,38,85,152,127
97,181,210,248,254,96,228,74,135,134,219,233,9,106,252,169,3,74,59,139,228,193,133,153,252,137,121,60,2,174,29,203,214,177,8,56,117,176,15,44,167,34,232,215,94,65,43,125,121,108,61,94,243,216,188,177,39,175,126,127,141,172,35,125,15,53,49,235,232,180,99,106,235,100,219,207,65,183,126,123,74,171,8,212,69,192,230,73,10,46,139,162,160,184,141,185,249,27,14,150,201,239,64,32,172,60,90,76,54,116,155,191,62,132,24,190,153,96,153,59,7,9,108,223,157,158,252,173,127
137,200,227,130,164,21,185,240,145,89,252,51,220,148,140,46,152,2,54,148,185,254,129,125,31,5,227,13,212,123,216,149,134,240,91,2,42,215,86,98,22,79,218,15,157,60,204,48,143,116,84,205,91,249,4,247,89,25,74,113,222,201,10,211,118,248,70,248,245,58,145,201,105,42,162,205,95,217,112,187,215,46,144,108,163,234,109,116,98,40,186,3,228,144,130,226,58,64,116,193,218,113,4,207,143,115,115,199,143,147,44,32,73,27,30,42,98,125,181,222,242,45,119,165,177,61,163,12,127
192,165,77,160,205,78,177,36,234,223,216,185,181,103,95,175,240,169,73,92,186,102,142,3,91,80,152,124,251,113,91,168,88,177,15,150,129,29,84,6,98,224,127,189,189,173,32,217,244,203,67,176,246,239,178,68,79,235,226,89,246,208,21,41,55,90,153,90,160,254,74,225,208,233,233,77,103,44,138,59,215,235,219,131,16,206,183,205,13,18,141,226,242,172,168,60,56,216,242,244,179,160,42,187,141,31,11,134,4,244,241,98,58,252,7,241,115,229,132,97,114,81,188,238,9,102,217,140,127
252,22,214,82,90,83,147,153,206,78,241,123,173,57,80,188,106,138,253,122,196,137,134,71,77,84,61,17,231,84,198,113,167,4,42,79,144,172,243,26,47,149,175,133,12,103,132,172,101,157,201,125,33,44,145,83,82,140,128,36,81,180,149,207,201,161,32,173,42,250,235,179,112,47,206,239,223,95,75,49,35,246,22,48,202,5,29,7,57,167,227,28,181,167,233,161,179,73,33,106,124,244,95,149,112,70,127,69,106,74,95,25,154,170,32,142,35,64,87,66,206,198,237,252,110,249,89,65,127
116,238,188,105,229,192,47,67,211,5,183,96,136,46,139,195,60,4,200,86,189,164,242,43,245,235,224,30,254,174,248,220,4,232,18,24,213,234,152,219,26,253,199,151,191,218,75,189,142,244,47,166,229,12,194,215,65,76,234,107,149,73,210,147,54,114,88,102,39,79,229,13,33,186,184,92,98,233,53,58,156,38,204,20,89,102,59,4,148,25,107,222,190,118,70,184,233,250,77,7,96,24,199,59,150,49,71,95,43,19,162,82,235,159,7,112,212,242,138,173,129,17,40,203,154,152,128,42,127
62,237,49,235,226,9,7,3,63,88,45,232,77,63,139,157,186,222,161,125,147,41,77,59,155,167,149,135,117,203,170,181,49,6,82,158,192,117,212,217,190,64,34,253,88,225,56,219,185,0,102,245,147,127,14,76,9,170,133,44,33,34,183,89,238,79,217,242,174,53,126,67,99,244,250,115,85,66,39,58,22,16,49,193,4,244,153,12,149,173,71,23,14,82,57,30,229,46,67,11,57,208,243,179,161,2,51,197,84,14,21,254,231,120,225,121,55,27,94,66,92,98,251,10,46,204,219,8,127
133,158,14,6,159,158,213,100,28,82,242,87,238,152,90,230,76,131,32,97,69,242,20,3,92,158,70,97,90,56,166,23,90,159,100,79,156,7,157,233,24,0,147,134,220,85,79,122,59,108,249,39,57,21,66,182,247,254,247,83,230,232,163,26,68,222,132,224,250,99,201,165,168,29,74,239,162,198,38,249,50,46,242,51,87,174,58,116,112,17,58,39,99,77,85,204,48,4,18,28,55,117,205,39,97,183,204,40,198,173,120,140,215,153,30,37,207,141,67,139,134,16,82,58,162,3,127,106,127
70,186,228,198,149,170,27,150,50,199,115,246,216,123,114,191,191,219,80,250,78,3,190,46,179,6,145,60,84,63,12,127,105,112,182,189,188,9,194,67,152,16,108,220,236,150,232,243,187,76,243,70,142,52,197,2,244,98,25,95,247,157,26,206,28,135,243,90,77,203,24,208,26,150,110,10,58,176,141,228,5,113,244,73,228,38,193,191,67,97,163,119,155,82,12,203,45,12,212,98,149,225,49,163,90,138,251,221,135,233,181,65,195,95,13,254,37,217,93,107,34,198,90,144,199,39,186,70,127
115,113,41,230,44,210,96,192,223,159,103,208,128,36,108,173,42,25,159,83,248,44,58,243,107,118,11,54,113,144,46,153,247,215,124,102,210,218,228,178,79,146,87,102,102,57,233,105,48,162,181,231,131,40,89,115,204,88,198,9,188,118,103,165,222,251,134,53,175,10,217,163,3,12,212,178,195,217,73,253,169,79,72,246,49,229,253,173,75,79,197,122,44,95,120,142,14,148,151,183,179,142,110,208,155,99,220,63,6,28,29,157,94,130,44,128,68,104,112,253,149,219,128,70,192,56,20,154,127
10,122,86,36,71,201,35,88,37,147,140,11,159,57,89,203,141,7,31,210,218,189,185,209,140,236,111,48,102,5,212,26,127,147,94,250,192,242,225,7,251,105,210,89,200,200,87,171,103,208,39,174,144,40,247,130,200,117,182,191,227,29,154,101,144,182,141,231,61,2,91,246,32,14,164,229,139,133,22,63,106,116,238,68,98,12,68,224,213,68,44,253,126,127,170,27,158,94,243,213,16,179,212,231,5,17,250,173,36,135,252,155,207,173,59,33,147,17,27,58,159,39,167,142,62,183,120,14,127
227,240,76,190,113,104,146,11,237,34,239,212,137,101,71,119,194,182,204,158,33,142,90,201,49,38,129,247,223,105,249,70,187,72,5,142,0,4,227,221,6,232,250,145,91,136,248,65,199,224,68,139,166,19,68,222,236,90,243,131,0,190,172,224,209,148,30,165,203,7,153,96,225,141,137,226,114,64,230,41,51,150,140,50,116,221,55,76,97,92,234,61,233,217,83,47,133,45,7,216,18,81,140,229,203,146,103,12,70,178,249,96,169,36,99,231,181,49,244,175,73,28,208,55,67,18,170,21,127
78,73,180,240,147,208,179,231,192,215,228,254,200,173,115,99,6,40,19,33,136,131,115,144,160,162,98,225,73,113,252,81,240,102,27,125,147,228,74,145,200,133,180,0,26,4,250,191,128,44,1,171,4,174,136,237,59,170,45,40,51,188,92,95,224,236,208,247,166,220,9,165,150,15,88,6,158,56,211,127,39,98,252,54,156,190,199,212,2,114,223,203,80,222,223,79,93,47,73,233,143,2,58,176,161,188,110,57,16,77,223,74,178,101,162,66,205,114,114,236,63,216,5,234,116,18,237,127,127
57,203,224,9,176,246,68,89,103,21,227,219,238,32,164,134,98,21,254,117,143,40,188,62,117,177,234,174,204,67,95,56,146,73,152,44,140,52,64,105,199,249,119,83,68,34,89,122,46,133,20,193,33,73,65,225,147,243,161,32,0,185,41,62,176,3,59,32,43,235,33,15,175,195,7,84,38,49,74,120,141,96,112,89,144,163,207,165,88,30,73,163,92,110,226,235,146,125,7,10,55,2,239,40,127,6,236,20,165,16,37,29,6,102,218,125,127,249,250,207,45,204,6,37,130,55,26,184,127
4,205,184,120,36,83,56,94,98,156,50,143,202,239,48,186,102,32,145,90,116,135,113,181,30,210,152,210,57,88,144,123,236,243,46,47,181,244,103,102,98,169,216,165,15,202,107,89,81,235,2,1,204,225,114,81,6,91,138,240,111,243,147,45,193,58,115,23,58,150,237,71,149,122,4,121,237,108,186,148,129,196,185,46,68,154,109,52,164,116,107,3,69,4,114,41,184,247,231,199,142,30,253,156,78,2,168,212,64,89,90,62,243,133,243,143,11,49,109,24,131,48,216,243,93,160,114,226,127
153,112,121,128,202,122,38,101,46,245,129,131,35,24,66,169,17,15,153,150,168,245,13,30,233,202,105,162,70,186,50,0,148,235,191,247,152,213,47,91,34,231,204,151,17,245,83,132,252,220,85,130,96,78,167,49,224,112,123,48,53,6,86,193,194,4,199,245,45,218,152,146,35,181,161,41,20,156,73,167,151,99,231,14,46,0,99,137,0,5,234,72,176,234,75,180,44,222,133,80,153,243,220,37,56,165,140,143,104,244,46,120,68,172,112,190,13,107,32,3,20,147,230,233,240,160,218,190,127
249,142,124,187,44,61,186,241,127,21,162,202,51,170,97,72,21,193,175,158,1,227,208,162,13,58,15,57,225,200,196,6,175,159,207,62,249,59,212,182,162,248,206,183,98,156,199,233,161,217,83,88,71,100,249,216,103,120,104,76,215,210,35,22,129,46,47,104,208,235,151,185,174,211,88,204,49,7,49,89,4,164,95,94,136,254,171,125,41,65,144,77,54,144,171,73,108,6,244,152,81,217,42,77,229,23,224,138,217,229,251,65,175,155,115,105,96,84,252,247,220,200,155,186,238,213,77,119,127
22,121,145,157,24,156,64,117,133,210,100,202,53,28,33,159,222,239,67,84,134,163,188,142,8,88,131,45,137,104,200,198,87,178,72,108,66,53,141,215,165,205,1,174,147,118,9,230,172,126,144,145,5,236,230,236,137,71,34,135,142,78,193,199,155,106,238,63,32,71,3,130,31,215,36,54,211,165,119,149,0,151,187,94,161,175,187,185,81,245,216,52,118,135,103,163,128,49,135,80,26,95,225,79,7,45,31,154,114,46,253,182,153,195,153,38,24,194,73,114,29,139,20,186,246,120,21,209,127
230,63,127,111,143,138,15,243,242,15,171,101,11,101,133,19,84,171,224,56,19,164,246,242,65,159,248,180,29,219,189,53,247,236,64,101,183,27,221,225,136,223,220,134,27,17,121,74,176,79,15,171,188,48,127,119,137,119,165,194,169,159,70,101,61,75,191,15,75,70,40,214,143,94,61,196,81,76,247,89,206,214,56,146,66,125,32,242,40,81,35,108,116,36,134,39,69,102,242,49,42,237,192,47,119,2,180,81,56,100,96,106,14,28,176,110,218,227,18,237,101,180,148,0,48,24,89,57,127
141,226,229,105,84,219,223,253,127,47,23,223,137,44,87,106,186,67,99,18,66,180,45,238,138,2,19,142,205,53,74,58,64,167,169,244,133,36,54,231,170,143,25,180,134,230,96,76,146,34,9,155,8,48,43,63,252,160,21,150,184,21,16,128,20,177,172,60,216,132,212,209,169,132,150,222,122,246,134,135,232,2,37,135,152,132,85,208,157,173,197,149,152,5,11,37,252,250,40,205,121,94,79,135,195,130,241,161,97,56,67,130,13,31,167,102,2,158,8,12,109,189,2,45,128,196,243,169,127
214,186,103,128,17,200,115,79,215,63,133,175,194,239,35,207,197,148,72,133,126,239,19,219,225,244,87,54,0,30,170,126,57,28,19,46,229,187,227,83,224,85,130,32,85,93,88,126,121,55,105,40,207,212,68,184,101,19,34,231,159,247,113,237,104,67,162,91,136,42,104,169,64,220,76,59,252,158,112,144,73,138,59,93,26,39,67,18,21,36,46,67,112,72,55,178,172,237,193,154,84,165,245,85,52,224,236,203,32,30,150,126,58,55,167,94,48,100,218,89,157,100,250,251,5,7,169,41,127
59,203,233,87,74,200,49,10,85,212,56,209,65,119,215,231,59,173,153,62,123,204,73,78,103,94,201,175,190,245,209,65,145,71,120,169,134,215,95,30,128,127,159,210,137,27,99,61,102,19,196,35,210,242,70,72,203,49,47,166,139,198,240,231,21,72,57,172,201,14,89,106,123,4,202,31,173,123,75,193,62,126,157,156,1,51,135,83,69,72,126,177,209,138,72,229,166,117,70,47,63,112,207,252,153,147,38,66,84,231,183,160,42,235,75,127,134,38,90,190,243,175,31,64,96,16,241,212,127
63,24,211,108,196,62,152,229,206,34,220,111,242,242,193,74,81,111,96,60,62,127,178,27,75,11,216,215,161,210,36,209,170,153,211,250,137,114,182,28,108,116,52,187,238,28,142,44,243,160,96,30,207,55,143,90,93,101,130,82,144,33,133,234,212,235,107,189,229,191,207,86,47,164,29,3,96,90,223,128,197,232,204,114,207,177,110,191,98,199,237,174,125,239,115,173,8,254,194,167,47,189,153,217,194,243,234,76,100,38,94,225,138,198,17,221,70,134,133,245,198,13,124,31,248,190,65,117,127
133,101,107,155,121,84,242,89,211,211,250,210,145,175,197,148,147,17,88,90,199,233,193,101,88,241,212,149,198,161,168,231,135,235,144,81,216,62,83,14,150,252,149,157,18,251,127,9,35,39,200,73,48,213,198,109,91,254,88,55,169,155,88,179,218,137,25,94,3,209,8,180,61,233,15,169,87,104,66,36,49,136,30,32,104,38,217,168,109,59,103,21,5,40,83,181,1,28,228,94,213,52,37,101,215,215,16,134,102,43,16,43,3,2,139,247,141,209,149,58,228,212,8,81,48,10,16,29,127
27,160,23,60,112,254,107,54,8,5,176,176,113,192,82,168,133,27,39,131,68,85,170,111,181,232,154,174,165,238,105,222,124,84,173,229,190,202,74,141,3,80,137,222,163,199,31,152,158,122,52,83,132,86,147,222,226,187,25,115,113,51,11,241,184,245,220,237,54,70,76,191,184,132,203,57,184,91,48,106,151,50,252,109,139,223,31,15,41,93,33,241,78,194,10,222,24,103,26,171,245,24,239,13,210,215,138,72,139,229,26,37,76,199,56,231,38,19,163,123,125,41,88,184,91,144,130,239,127
129,202,251,149,55,160,102,76,146,176,2,134,227,225,18,130,151,64,181,56,9,244,62,41,197,14,112,224,149,77,80,181,98,122,193,174,241,210,177,224,210,185,114,242,100,252,28,42,126,191,166,89,207,44,137,101,168,17,80,45,154,135,17,136,38,90,116,140,222,43,195,127,167,95,42,189,194,7,46,133,209,27,7,70,102,7,131,38,49,186,168,220,206,191,32,182,184,14,246,164,202,228,66,70,143,193,181,50,99,129,184,236,166,189,67,212,11,102,151,136,225,64,134,20,78,117,247,175,127
234,189,236,53,64,235,60,190,168,224,211,249,151,81,131,185,104,53,143,203,182,123,159,140,145,174,175,65,171,127,178,164,216,216,96,8,224,105,16,157,163,27,11,185,231,194,68,105,187,3,196,44,153,139,185,220,193,89,1,57,73,201,39,51,220,126,118,70,35,108,35,162,96,224,229,76,196,76,114,215,88,84,97,69,189,143,185,132,33,139,121,126,212,159,249,202,171,73,106,16,19,74,86,117,8,211,130,90,55,221,171,200,125,83,9,222,224,47,39,245,160,3,68,244,123,219,156,133,127
119,54,92,59,21,184,11,58,164,88,209,36,11,132,97,176,133,196,185,77,224,92,190,49,206,221,165,52,217,209,143,154,195,140,225,128,83,44,27,3,10,0,22,113,66,96,178,138,168,186,84,105,86,200,85,92,179,138,44,103,23,23,207,138,190,40,71,33,141,51,73,175,195,135,21,106,35,169,153,167,79,14,183,163,166,6,181,185,180,104,51,47,59,59,42,55,185,172,41,221,228,115,204,168,81,174,71,34,182,232,219,79,183,70,11,6,86,141,16,0,133,156,232,38,246,167,75,64,127
207,157,127,156,198,182,239,187,47,69,190,15,172,168,195,153,141,206,170,120,167,254,248,234,4,247,24,135,126,203,29,236,106,207,179,183,25,211,30,23,23,184,63,83,112,3,89,118,182,50,18,11,44,142,18,237,48,128,222,58,126,139,249,213,180,63,198,21,130,239,229,184,65,202,211,252,168,38,100,25,144,207,118,40,204,202,233,135,209,81,208,121,102,59,168,30,22,247,105,212,203,224,147,207,154,88,21,159,65,68,204,117,31,193,10,160,214,137,222,106,137,21,107,131,240,20,249,111,127
36,205,158,172,193,29,43,177,185,116,219,58,247,122,129,86,42,96,247,103,39,147,11,131,161,12,116,105,172,19,62,177,241,69,198,148,101,108,213,165,59,59,33,12,183,204,97,54,144,182,151,60,17,26,4,140,149,200,190,41,137,49,196,220,59,123,112,175,109,100,152,67,204,137,148,102,207,52,181,20,108,138,79,217,160,70,148,22,164,36,77,240,249,51,87,43,20,253,178,176,10,244,17,252,239,129,144,90,179,8,29,87,134,218,27,187,110,174,94,27,171,90,40,132,138,216,112,236,127
228,67,64,12,126,237,202,106,1,105,32,177,92,225,53,179,37,14,194,138,96,109,204,130,80,166,38,20,31,195,21,200,113,13,100,182,224,249,214,46,131,148,25,53,12,176,227,34,97,102,202,109,218,250,69,145,163,47,250,240,232,36,214,244,122,129,43,197,108,48,107,87,104,245,45,141,24,175,4,219,240,161,140,2,62,204,44,202,33,232,254,232,165,231,21,203,47,12,128,249,105,112,73,44,53,136,120,123,173,193,8,226,55,100,85,149,235,221,47,161,115,243,99,168,85,115,146,76,127
22,101,99,22,45,174,20,116,129,236,242,67,116,67,251,115,211,98,56,85,241,27,98,39,110,57,142,184,24,12,113,166,28,240,222,170,40,33,23,198,202,65,33,200,114,207,153,73,6,22,70,27,156,141,148,238,140,78,101,128,115,134,35,82,12,54,111,62,203,140,224,95,76,65,243,127,108,222,62,17,158,152,131,75,249,53,244,208,199,213,127,210,186,154,90,31,170,164,69,73,45,16,31,194,142,249,215,46,165,47,18,221,84,158,242,149,168,129,118,125,81,140,165,3,208,188,82,82,127
63,160,49,209,91,2,71,112,27,173,238,136,110,100,7,35,131,218,141,208,6,217,243,37,207,171,169,219,60,10,22,244,13,243,123,118,81,203,140,209,198,75,232,232,185,105,217,87,233,62,189,23,222,114,57,185,56,148,146,51,160,146,18,220,104,92,208,29,147,211,140,143,214,47,148,64,47,26,185,144,226,51,39,250,48,51,207,65,60,110,90,211,26,43,34,108,181,2,90,74,142,41,226,153,33,30,43,29,175,125,66,150,21,189,79,53,190,126,222,82,83,189,155,246,112,238,244,119,127
188,188,57,105,84,205,229,170,11,131,195,206,180,51,225,90,89,2,39,220,196,86,244,1,9,116,87,87,26,32,225,182,65,100,112,123,195,30,190,150,117,249,177,96,224,120,109,125,131,182,22,223,90,77,99,241,187,19,154,171,123,53,64,23,47,249,210,11,17,41,105,215,207,1,242,86,100,122,160,98,127,166,253,204,246,146,166,3,48,87,149,137,86,161,7,231,164,96,199,243,105,94,153,62,38,243,37,190,147,237,89,74,59,80,130,201,21,51,184,215,105,27,229,171,0,24,191,169,127
113,77,20,249,232,248,216,29,211,45,213,219,126,148,159,24,27,90,90,127,236,30,160,87,243,21,129,12,247,64,177,129,149,72,153,128,111,42,198,173,174,196,242,66,26,163,159,199,243,130,238,100,109,44,126,176,75,105,12,67,114,164,208,44,86,35,129,40,100,112,26,215,168,172,233,63,151,196,242,32,144,187,12,114,58,253,44,5,36,220,156,32,182,79,174,76,26,180,44,53,42,189,10,64,233,5,3,51,146,228,250,55,43,159,171,126,142,212,237,186,34,202,216,238,155,178,86,198,127
188,238,64,253,54,148,238,66,242,135,19,222,41,197,224,150,181,24,53,48,113,226,135,38,127,183,52,136,193,213,179,195,103,220,98,229,143,38,94,90,5,189,76,118,96,200,123,69,195,154,173,219,49,13,22,174,93,136,53,86,60,83,73,62,119,198,33,34,192,141,176,137,176,62,135,199,200,153,132,84,81,181,48,5,101,154,155,35,207,4,22,107,190,175,179,230,161,81,82,112,250,86,250,24,147,234,149,113,186,26,84,124,163,118,174,141,29,40,69,46,232,147,113,152,106,34,22,215,127
161,70,112,196,142,15,214,171,84,145,42,145,122,242,68,54,253,92,70,137,207,242,18,191,207,125,224,187,48,104,19,151,95,229,161,209,54,126,39,177,56,210,205,153,37,157,43,93,73,164,53,69,183,142,213,139,67,15,88,43,48,126,33,96,232,79,7,170,204,34,155,96,173,201,182,238,153,148,99,127,208,4,95,121,254,38,176,148,142,3,202,186,217,152,2,235,183,29,191,183,24,182,31,189,99,231,175,155,189,81,194,65,136,81,227,157,156,221,216,180,106,73,12,77,244,205,48,229,127
51,243,233,148,141,216,171,65,135,96,175,216,138,241,143,160,238,90,81,249,227,115,237,82,215,181,67,103,48,114,86,207,187,239,223,2,253,215,226,192,43,53,205,163,78,157,42,13,101,7,179,252,114,210,217,50,225,90,111,110,53,146,157,29,246,134,36,120,18,41,242,199,172,194,23,172,146,153,89,74,29,215,179,153,5,221,44,102,17,7,249,122,237,83,232,12,141,208,68,90,100,252,238,79,162,108,244,54,151,242,203,223,73,187,6,73,67,160,247,128,154,18,206,26,54,172,238,115,127
181,206,32,130,187,199,243,227,145,216,225,130,161,5,89,66,22,113,241,49,86,213,220,70,179,242,71,147,181,192,128,213,43,251,106,117,81,32,1,149,35,49,62,61,93,159,102,108,190,92,126,165,147,114,245,236,220,236,20,55,161,42,192,56,135,126,2,159,175,134,221,229,126,11,135,75,208,185,196,220,53,216,111,7,0,167,219,63,246,230,234,216,241,105,127,137,133,227,24,39,89,18,140,147,6,164,241,176,61,236,155,127,103,203,61,127,7,152,178,243,164,156,225,192,154,238,165,121,127
156,12,44,134,192,249,54,23,136,69,3,93,69,215,34,140,98,150,253,214,130,205,199,146,61,174,226,237,140,182,126,5,231,94,181,141,72,208,45,1,61,119,101,88,57,133,121,144,251,205,83,24,160,138,20,18,36,8,187,69,207,220,34,243,115,217,9,64,146,71,145,88,203,202,41,132,201,230,144,24,183,207,83,237,48,168,90,173,176,4,191,110,93,163,67,173,72,26,210,232,1,237,17,27,235,249,5,16,244,5,15,246,235,163,180,156,226,25,91,107,206,78,211,32,107,0,197,51,127
128,168,33,11,194,42,118,23,69,80,39,11,34,17,20,207,41,226,141,67,34,115,133,172,239,132,239,251,34,84,143,89,237,137,64,223,250,149,137,4,1,68,127,235,96,240,225,190,151,129,117,141,210,133,239,9,192,22,1,87,226,103,20,226,7,28,205,181,105,54,84,82,68,125,160,9,133,190,124,167,101,123,212,106,142,159,151,111,205,95,162,225,52,24,2,8,184,205,170,29,121,100,4,17,44,44,27,48,219,202,251,118,59,84,64,57,72,170,244,35,209,120,69,40,170,25,130,5,127
70,122,127,62,4,106,149,13,33,55,12,149,14,216,132,197,250,215,172,139,132,141,5,149,132,117,191,202,4,106,132,64,12,191,84,174,30,209,26,91,194,115,59,182,110,110,100,11,233,166,88,119,117,178,25,61,109,231,159,53,189,76,109,9,171,235,252,147,135,172,52,171,95,24,163,100,144,99,159,215,132,72,90,247,44,105,54,54,141,189,50,193,167,162,161,228,68,93,157,45,183,25,5,18,124,11,234,222,30,47,128,38,246,42,95,70,93,16,8,68,42,4,131,161,91,180,141,68,127
97,215,96,199,160,244,74,95,80,26,94,108,34,160,96,95,0,169,15,157,0,135,60,205,137,17,239,72,58,186,203,11,64,27,133,189,54,199,45,154,171,121,137,176,8,134,206,125,116,98,83,152,44,95,190,253,244,176,16,8,183,11,13,116,193,128,33,103,178,191,208,236,116,123,158,145,250,222,12,59,169,191,139,239,206,152,62,195,36,150,89,245,156,156,246,143,179,253,73,29,211,229,155,167,123,195,120,143,231,42,184,120,71,238,54,179,30,118,147,89,189,81,141,251,34,37,50,211,127
41,179,35,32,25,39,39,133,38,237,185,39,85,78,191,231,162,122,58,17,198,22,30,151,241,156,249,248,243,211,224,186,135,108,196,77,196,121,100,86,101,187,8,134,144,170,11,190,253,70,23,57,240,224,98,203,123,154,94,65,21,183,180,176,135,195,197,16,57,214,226,142,66,128,52,121,248,219,240,104,184,26,184,118,103,139,89,124,141,223,35,111,218,246,171,139,46,248,62,222,210,62,120,148,39,70,9,171,167,204,209,217,135,167,102,8,212,127,185,51,171,154,34,111,13,202,41,102,127
198,240,99,13,105,177,132,55,150,237,110,206,234,18,220,148,28,247,137,241,59,101,83,170,38,21,217,199,146,236,170,247,154,32,141,120,99,47,233,204,211,206,76,33,1,204,88,191,211,59,101,164,15,47,217,6,116,67,37,100,116,213,228,69,45,86,176,115,251,108,90,84,170,224,15,37,241,144,120,210,25,145,174,187,23,152,87,139,99,28,39,93,187,38,169,64,181,118,16,65,67,25,179,28,192,232,178,191,197,30,190,215,41,166,59,243,75,56,182,124,196,82,125,231,102,88,107,246,127
220,151,130,186,184,114,196,176,229,227,59,164,54,78,254,4,34,131,86,52,31,84,116,5,228,76,125,191,211,153,160,216,192,163,136,172,192,29,187,163,118,139,197,128,32,216,120,129,95,63,171,208,179,224,47,56,122,80,110,240,160,197,186,146,107,122,184,164,131,155,248,2,246,138,200,239,194,246,136,50,245,77,184,160,209,94,92,129,153,117,183,41,120,253,45,167,27,133,23,109,247,81,131,143,133,71,100,154,237,212,217,43,74,75,236,104,81,102,66,28,165,173,147,57,179,102,96,225,127
239,50,102,203,140,144,151,78,90,0,124,122,130,38,196,27,231,200,214,93,216,129,176,125,103,143,110,176,151,237,105,104,74,185,227,67,173,232,99,204,154,218,91,71,62,121,240,196,201,59,119,233,36,106,29,76,19,135,140,68,17,44,174,192,82,116,237,165,145,142,178,89,40,91,42,49,224,239,88,14,166,83,5,247,22,176,99,43,202,36,222,58,111,30,160,109,145,129,41,254,82,81,141,88,48,60,92,123,33,120,216,47,151,49,219,110,147,25,3,195,156,223,59,69,165,26,63,124,127
16,227,253,120,94,146,144,156,245,188,2,77,233,68,216,20,223,78,232,20,234,228,158,219,49,218,147,196,228,62,219,209,179,6,204,10,251,28,209,102,55,128,197,176,210,22,215,52,179,89,142,137,201,191,229,188,147,214,90,250,82,39,217,85,227,129,47,236,135,226,140,177,130,82,131,84,71,150,53,162,103,240,67,93,149,184,184,12,145,34,97,58,178,76,59,150,141,29,224,91,7,93,72,97,143,204,92,33,64,125,249,156,171,82,8,11,239,53,203,210,213,27,73,218,36,3,250,151,127
121,156,126,92,166,222,101,210,161,56,59,133,142,10,146,141,105,81,190,213,128,64,104,99,222,169,49,114,174,219,143,67,169,241,41,252,1,178,100,95,208,105,210,7,129,83,15,53,213,138,179,173,217,39,3,227,190,209,244,220,70,237,152,206,173,58,178,15,150,251,115,247,172,112,48,146,51,178,50,125,36,228,232,92,75,164,10,104,213,193,99,48,254,204,13,193,40,70,148,71,228,35,141,159,88,253,192,172,159,17,246,76,182,179,52,246,35,57,236,14,58,99,112,10,170,27,239,98,127
95,75,37,146,191,16,124,157,105,183,175,230,61,162,11,166,204,247,35,78,180,136,88,47,101,217,218,226,22,230,189,102,248,249,47,123,204,10,199,148,144,10,209,237,143,186,34,230,63,240,96,17,6,231,8,194,216,134,186,231,152,46,146,177,158,76,187,33,176,58,250,209,230,251,246,192,157,129,208,0,214,110,202,119,12,248,135,245,111,238,212,19,125,220,109,208,108,214,57,89,236,240,24,189,191,10,179,57,197,36,253,223,154,53,113,151,155,184,32,131,46,8,124,172,246,185,62,124,127
250,138,57,205,182,123,91,58,199,202,244,74,49,105,75,158,132,128,214,248,189,94,116,98,241,40,135,51,220,155,53,208,46,90,11,210,94,85,25,129,82,134,54,94,0,240,36,52,81,186,12,59,54,105,136,238,149,146,118,209,55,107,101,118,149,35,126,189,167,249,145,206,24,167,186,171,248,56,22,225,127,124,7,195,105,69,94,74,40,163,16,102,69,100,67,188,106,167,176,136,187,113,43,61,93,186,187,79,49,229,122,144,215,200,141,211,142,173,223,82,44,72,19,217,94,106,189,193,127
168,86,82,100,12,137,132,239,96,171,168,8,179,203,1,113,26,139,246,168,52,224,36,136,104,82,19,216,139,224,126,124,29,224,20,99,199,134,232,49,189,126,171,10,120,202,73,34,146,197,113,6,110,144,248,245,32,127,200,25,140,249,80,190,209,45,10,170,46,212,215,73,253,220,181,128,138,192,103,222,229,199,252,174,199,4,164,194,77,49,210,40,237,63,201,50,247,89,79,244,26,177,125,15,44,123,88,9,72,50,157,13,28,46,92,222,3,38,39,50,129,147,101,163,191,224,194,86,127
44,151,6,153,79,167,6,7,10,93,177,92,42,226,254,96,126,141,212,155,228,130,43,191,134,30,45,59,38,63,126,167,246,231,222,143,79,167,92,38,87,10,152,31,209,161,25,248,139,242,139,112,49,200,153,13,19,136,102,160,49,136,123,107,139,189,52,224,217,34,75,193,227,20,71,238,213,133,59,253,247,194,242,207,74,168,41,220,101,198,165,26,197,81,229,250,235,68,61,1,157,80,161,96,161,114,215,145,67,239,106,170,96,236,79,76,196,226,215,184,190,189,186,191,15,132,131,113,127
11,223,100,47,17,243,22,169,184,146,107,86,124,197,62,220,15,136,166,249,93,189,142,79,138,128,174,186,137,159,199,143,239,79,252,222,241,204,87,111,20,71,205,222,27,84,56,249,197,17,41,49,197,142,27,240,21,243,110,16,116,229,198,244,156,72,235,56,5,134,226,64,128,145,94,212,184,79,144,195,158,103,131,113,78,242,76,234,154,68,100,184,15,216,47,61,189,124,65,185,5,178,70,91,164,155,254,171,120,135,190,60,88,218,123,158,223,80,122,140,136,205,83,142,6,11,220,32,127
33,74,238,73,218,72,45,58,165,77,56,40,219,183,98,119,133,212,239,166,17,86,127,205,136,70,93,211,69,250,69,180,169,157,19,96,222,40,72,15,8,31,109,224,127,48,27,224,233,207,67,23,48,2,227,237,213,153,114,63,215,44,33,241,189,148,215,113,121,165,131,135,3,33,51,235,152,232,83,235,139,174,147,2,244,131,37,90,153,251,46,228,82,165,120,110,223,4,67,39,18,132,30,15,235,111,131,98,31,144,196,0,83,137,124,138,42,62,60,188,34,197,163,127,194,225,131,214,127
116,130,1,159,44,86,79,161,75,15,119,15,49,206,226,239,116,68,227,6,4,117,103,94,168,71,31,153,131,104,80,34,111,117,251,79,33,246,39,153,66,123,252,84,158,164,164,20,55,130,4,50,51,62,10,116,58,20,219,0,184,103,184,113,174,75,112,225,16,211,245,108,13,23,18,142,243,109,151,155,181,190,212,96,101,191,63,183,76,233,141,5,82,192,215,58,126,72,23,240,211,193,33,142,104,8,138,154,127,48,231,81,147,228,21,33,117,172,25,91,111,194,151,248,132,233,55,149,127
66,8,15,221,78,197,52,35,165,87,247,24,206,197,216,181,200,143,2,147,139,179,90,86,45,78,230,85,234,221,8,4,23,22,19,227,88,139,232,201,222,224,226,173,128,2,20,50,91,37,101,94,165,145,36,129,15,177,161,53,136,216,112,207,44,115,13,223,52,117,45,249,20,48,74,40,213,174,103,202,119,136,238,142,253,221,73,152,215,182,253,82,145,176,128,172,252,173,221,0,175,189,22,164,87,244,126,72,202,89,248,54,241,164,87,2,252,152,129,9,149,31,39,120,105,183,96,242,127
35,48,37,155,194,28,63,116,156,41,29,181,167,193,23,178,233,157,86,28,71,49,85,245,76,160,251,248,165,131,216,51,89,240,145,154,137,100,129,200,148,138,133,172,51,159,147,73,135,29,181,116,164,150,143,198,141,230,140,239,191,110,182,70,71,126,116,126,248,120,11,219,28,83,146,176,68,172,144,144,159,104,6,65,153,129,19,23,216,0,230,91,91,137,89,149,12,193,214,155,22,179,32,224,78,237,206,128,103,235,32,187,185,133,191,132,182,195,185,219,71,153,56,93,24,241,122,35,127
104,119,8,99,7,46,80,26,61,14,80,173,24,52,10,177,174,198,30,191,35,47,233,67,134,160,181,193,211,222,94,57,102,105,83,208,208,220,154,228,247,9,41,132,239,23,160,138,141,160,214,243,153,127,238,160,31,151,24,172,147,170,247,252,233,121,45,183,99,100,138,125,232,219,77,6,231,0,66,241,216,115,189,109,94,221,2,236,138,185,150,175,35,26,80,51,180,202,248,189,221,202,187,127,242,236,220,156,87,106,139,131,7,22,225,127,206,231,66,119,24,58,110,71,3,62,182,225,127
80,40,76,13,94,118,238,65,28,50,141,53,253,134,54,201,128,12,61,112,18,36,234,105,150,182,52,171,178,196,60,18,155,41,148,45,151,254,197,9,211,148,22,220,49,68,34,80,172,70,57,21,34,122,115,126,149,212,244,236,64,181,99,82,41,138,21,54,71,86,121,75,98,163,113,223,83,58,61,172,94,107,67,188,184,118,251,207,48,224,67,139,217,188,9,45,109,162,134,16,148,248,4,172,215,83,25,105,67,85,197,77,177,63,51,59,253,206,6,28,152,251,174,9,188,224,206,103,127
42,102,69,184,12,199,41,4,82,154,115,146,230,50,251,70,66,143,148,215,183,67,160,12,200,67,192,235,181,64,130,107,115,0,225,141,142,236,76,35,23,73,101,226,246,29,21,149,167,75,179,50,170,96,188,6,204,248,154,73,154,54,120,109,70,46,154,76,98,236,37,134,219,5,17,79,125,222,27,198,60,205,197,199,1,213,145,47,59,87,182,16,105,208,79,141,149,33,110,224,224,206,67,197,12,53,102,10,111,182,11,123,96,142,218,129,56,186,201,99,52,129,252,57,144,189,143,183,127
192,49,18,237,145,213,249,196,203,75,175,10,29,73,179,63,123,173,48,103,233,129,123,44,48,73,31,109,26,34,19,130,121,53,103,251,166,133,122,30,149,198,117,194,188,61,139,229,33,83,27,210,212,64,67,191,181,6,247,36,110,217,158,119,247,135,40,18,79,248,214,1,51,47,67,64,226,150,70,213,116,178,153,11,228,253,44,235,100,208,41,181,75,186,106,146,40,128,18,41,252,208,191,57,190,143,214,115,32,130,43,21,5,86,67,121,106,131,51,175,9,66,124,192,52,113,183,180,127
155,129,230,239,182,10,139,134,86,46,119,15,249,162,196,204,220,215,250,218,232,119,2,247,105,30,208,247,225,83,188,202,250,101,158,147,109,141,250,66,110,249,99,127,245,76,247,164,186,247,45,75,214,101,97,209,139,97,0,195,220,99,224,184,5,116,240,29,115,154,170,162,164,213,24,149,65,163,110,129,52,143,17,76,203,241,171,12,184,84,212,156,18,21,109,235,113,230,123,117,86,233,127,251,73,179,227,216,235,231,31,40,188,236,122,31,46,216,22,199,53,109,84,62,219,210,155,99,127
69,7,134,218,178,95,38,223,42,39,244,60,48,226,225,219,20,146,157,40,190,168,232,36,133,17,182,58,250,236,245,33,209,61,5,110,134,107,159,81,104,122,40,61,3,98,132,53,240,64,125,109,74,158,15,98,171,166,123,142,129,180,17,72,216,24,121,156,139,161,53,151,236,124,145,108,73,67,181,68,236,49,217,164,194,221,28,30,76,62,215,202,90,134,202,227,174,24,87,197,144,185,171,226,104,211,82,227,181,164,196,61,194,47,23,52,31,67,43,70,10,118,136,98,73,83,85,156,127
244,186,19,112,218,169,107,164,195,180,44,113,116,188,146,61,11,86,18,220,139,47,130,164,242,0,25,240,25,236,163,185,115,157,230,247,61,57,252,0,136,42,131,120,104,191,218,209,75,132,2,189,76,243,238,114,24,236,189,55,200,74,8,50,32,187,46,157,138,140,28,91,199,182,21,7,164,191,102,46,213,136,155,172,21,23,171,151,76,225,202,102,101,159,8,130,34,218,109,205,25,209,61,35,9,224,229,61,199,240,82,245,44,100,136,61,247,73,93,209,152,31,16,43,37,225,60,170,127
233,193,108,200,78,191,200,216,118,39,78,88,230,239,200,36,30,78,229,183,136,26,105,142,105,174,114,132,134,211,38,7,34,4,63,175,181,162,143,150,1,252,50,208,149,26,214,89,34,145,34,140,0,215,138,191,179,240,35,252,124,143,132,126,224,67,226,235,158,172,220,151,41,159,98,188,25,148,231,189,76,151,99,237,235,134,117,222,230,118,175,172,246,249,134,72,84,22,26,27,156,241,140,67,216,201,53,212,38,21,81,50,237,181,204,127,129,23,18,197,218,210,136,151,131,158,35,156,127
120,44,215,225,202,224,111,139,235,187,89,131,176,206,206,110,151,5,4,219,240,25,16,243,49,228,206,177,157,5,79,159,47,98,204,164,48,37,172,72,47,38,81,159,182,121,124,50,76,201,95,124,203,173,82,92,61,6,162,57,211,96,106,110,246,86,32,243,151,173,13,43,51,196,142,16,136,33,149,231,176,197,223,25,230,90,180,106,7,230,73,116,96,43,151,206,145,199,35,144,167,68,189,19,113,145,227,48,22,139,186,24,118,70,117,228,81,63,42,75,221,44,207,13,66,149,157,42,127
111,218,64,152,209,179,32,223,111,197,169,117,106,112,33,178,130,39,11,39,62,226,188,20,181,108,150,95,148,245,152,248,22,90,46,160,218,75,178,252,146,222,193,109,220,172,74,24,100,1,64,72,206,33,5,168,222,127,176,224,204,133,32,198,147,238,237,106,117,198,0,136,118,78,59,63,148,176,250,234,198,171,65,193,202,236,212,149,114,242,245,156,28,219,32,35,54,221,101,41,107,5,118,234,160,45,64,10,124,195,125,136,70,170,24,54,67,150,21,251,163,216,7,78,67,142,114,203,127
205,203,127,114,171,42,7,93,158,172,54,132,56,17,61,254,60,25,54,189,205,9,213,143,106,194,81,125,69,85,212,180,59,160,237,93,207,180,123,185,215,210,75,52,168,9,159,140,51,16,52,117,248,111,60,40,229,208,216,233,235,53,162,51,228,102,231,201,252,182,87,100,94,36,197,111,27,100,40,54,33,18,15,69,202,190,15,102,218,120,60,108,38,50,147,34,96,51,219,128,87,175,59,51,231,232,157,108,179,114,111,249,141,109,85,247,97,140,69,27,210,26,14,113,43,180,202,128,127
37,148,179,124,242,162,236,223,43,82,190,37,54,80,139,238,75,123,183,90,104,148,143,46,208,69,134,80,84,159,136,11,37,223,151,7,244,95,37,119,230,115,23,251,231,102,239,118,7,184,26,18,41,46,209,188,9,44,151,67,45,191,68,8,88,82,202,110,94,55,102,43,252,134,61,219,220,225,146,241,185,186,178,226,222,36,65,215,231,12,203,56,30,11,130,63,4,12,91,37,5,193,148,210,220,69,194,35,163,130,78,219,188,110,231,133,219,170,4,170,33,92,26,149,232,150,227,78,127
86,155,113,206,103,27,246,216,83,123,122,142,2,201,224,33,242,62,249,202,251,188,13,177,227,27,141,195,22,92,163,112,221,136,131,3,106,203,75,234,220,101,146,124,233,141,233,198,91,179,173,252,20,163,238,97,125,79,45,1,39,217,54,164,67,127,114,234,75,23,231,100,26,247,60,139,196,1,147,148,10,46,66,161,18,81,60,86,58,192,134,84,122,174,160,89,89,7,110,101,120,99,50,244,33,24,39,103,126,25,192,31,182,8,95,186,138,35,102,155,214,132,120,249,19,36,184,82,127
197,0,52,126,170,91,214,15,70,223,118,24,39,77,177,171,77,234,186,165,114,42,227,244,192,125,136,134,102,168,51,82,145,238,101,234,43,113,111,44,220,34,112,209,89,92,211,9,110,38,189,141,36,119,91,169,56,223,123,139,144,33,190,110,241,140,164,46,246,16,177,2,74,166,127,21,20,214,26,225,28,116,63,174,0,213,233,161,212,200,41,98,154,176,46,249,211,201,58,5,82,118,122,170,98,37,152,162,196,214,16,246,163,33,213,156,199,20,241,163,30,199,39,36,126,4,17,71,127
40,128,194,33,198,25,229,40,171,64,189,103,202,50,159,3,242,143,84,84,218,45,43,131,187,56,90,172,225,173,146,134,0,86,1,82,89,19,144,57,90,244,60,48,63,150,150,222,25,17,101,104,67,201,210,237,200,137,227,73,153,164,2,98,103,10,217,111,197,142,61,170,79,184,45,247,133,140,213,171,43,192,96,103,105,231,16,43,135,79,117,130,83,188,72,104,28,177,2,132,108,119,204,137,37,242,135,161,102,101,219,165,28,67,5,53,210,142,248,242,5,243,24,164,178,225,48,35,127
162,203,74,237,70,237,249,37,164,213,117,237,109,200,160,140,111,124,220,116,161,145,165,4,132,94,6,244,230,177,3,3,175,113,34,144,218,143,236,115,127,30,237,61,72,9,209,191,113,177,227,160,107,137,70,140,13,196,111,82,224,103,138,226,189,103,81,64,11,100,211,130,163,16,52,204,206,74,195,16,129,165,194,180,191,19,184,19,13,91,12,195,86,30,2,84,250,150,26,204,155,13,72,90,23,124,112,2,9,34,123,143,133,4,161,199,90,162,142,43,36,149,68,7,147,48,141,222,127
30,182,90,50,226,204,75,91,67,92,166,230,113,245,133,9,115,111,81,220,154,236,180,121,42,193,148,76,211,5,219,195,175,118,231,252,82,135,40,62,124,89,23,184,120,214,166,49,76,100,38,157,133,42,95,228,93,169,121,20,203,95,155,36,63,12,7,230,235,195,249,7,178,6,5,232,5,17,196,56,20,210,229,28,26,223,191,35,214,17,41,243,253,241,193,54,151,250,33,8,116,220,175,81,199,35,209,228,23,77,214,68,209,59,131,210,152,221,105,220,107,8,155,101,92,76,176,10,127
244,45,128,232,254,56,71,177,113,108,75,60,247,237,37,100,205,160,231,66,227,22,127,49,68,3,202,231,195,138,103,42,63,140,202,183,45,140,1,66,60,222,63,180,1,157,144,140,124,185,146,223,3,244,75,147,220,61,5,132,139,199,148,237,87,46,129,23,149,113,28,178,242,167,220,142,154,241,36,220,140,169,209,240,21,222,110,3,226,101,138,221,249,228,130,136,189,252,8,85,71,149,90,110,145,87,69,166,36,202,149,58,165,13,74,217,156,229,157,103,236,15,20,4,242,161,202,190,127
42,90,184,46,157,68,213,19,211,33,117,24,68,250,159,33,171,246,3,218,180,71,29,38,217,119,47,22,103,15,33,250,10,27,221,49,136,105,30,30,137,65,49,172,212,156,163,136,200,195,24,196,205,177,47,151,229,81,164,170,74,159,106,171,181,11,101,22,24,74,12,63,196,239,107,53,16,20,236,176,25,151,31,155,64,221,200,125,101,61,213,17,141,61,43,74,46,139,9,37,173,81,173,200,229,133,148,186,52,28,229,217,43,108,57,205,86,0,6,116,210,114,167,69,133,46,8,163,127
235,170,218,1,23,178,236,65,217,197,113,205,44,33,80,162,92,46,96,33,21,126,49,186,222,158,187,110,126,170,9,99,183,207,238,148,169,32,102,104,126,192,40,22,253,10,231,251,179,44,97,207,232,118,66,133,49,243,200,221,57,220,197,62,40,85,222,244,152,116,126,129,202,223,194,244,113,158,13,195,225,59,31,202,193,132,179,236,24,182,13,41,154,194,122,250,117,119,143,231,226,249,24,233,107,228,38,26,155,253,221,50,139,131,71,187,14,154,244,135,180,144,3,118,222,224,231,183,127
6,232,40,209,63,215,7,21,72,208,139,213,201,106,46,72,28,219,191,154,68,147,82,65,116,85,145,91,35,102,27,10,78,79,191,137,20,130,27,23,60,152,45,35,47,202,23,69,237,190,70,138,135,78,118,210,242,232,72,71,160,77,159,30,155,47,211,196,143,130,174,175,70,175,76,209,3,71,168,26,196,130,229,205,131,241,21,73,60,148,153,76,217,226,147,66,203,209,230,165,243,163,69,67,217,234,70,254,168,56,198,208,231,83,64,163,166,76,72,191,124,171,112,238,191,181,183,147,127
94,40,89,65,216,126,196,65,36,162,239,126,29,182,234,184,108,167,163,36,236,124,240,156,39,64,238,17,210,156,148,80,251,46,205,106,143,50,49,167,254,238,207,30,94,150,70,185,122,95,107,158,58,100,175,107,141,134,140,119,247,181,80,136,95,231,23,228,73,247,59,14,175,153,95,127,135,103,132,212,111,179,146,17,213,178,131,94,100,225,135,249,45,130,48,79,237,4,87,121,12,244,97,4,55,42,151,213,221,130,99,12,132,196,112,161,13,216,84,83,116,141,219,120,223,230,58,230,127
19,167,138,180,178,139,54,243,144,254,120,170,44,206,169,27,221,44,78,170,23,88,194,209,248,229,205,250,5,150,228,221,23,191,105,168,6,187,149,149,220,210,149,219,245,101,121,128,151,154,120,56,86,64,134,175,247,179,200,125,35,48,155,142,184,145,200,220,186,133,45,103,61,79,187,189,67,71,93,138,224,62,221,246,95,140,251,84,49,57,156,75,177,230,121,1,124,174,223,174,190,9,9,133,75,221,119,219,56,186,60,23,158,221,213,80,146,178,123,245,59,23,233,2,210,227,94,66,127
142,35,188,140,137,19,218,247,65,65,131,96,124,65,225,95,48,195,180,87,181,156,143,90,52,222,220,37,101,57,142,200,239,133,88,66,77,21,209,176,16,203,34,185,129,205,121,70,9,187,118,198,4,186,29,88,195,196,235,157,14,184,117,43,204,200,27,188,52,214,155,167,119,230,74,58,67,64,124,208,56,4,229,209,225,172,135,226,152,40,56,238,116,199,185,245,112,186,61,55,18,157,252,25,77,79,171,6,219,49,144,66,27,253,105,58,105,55,78,146,41,36,241,56,179,221,193,60,127
57,252,97,44,159,84,91,1,171,163,231,151,218,231,2,183,99,204,121,2,66,184,64,143,166,16,103,38,35,149,32,92,176,0,165,31,161,58,249,40,65,21,214,0,249,236,205,150,243,176,125,246,226,30,90,204,212,141,10,118,49,59,251,167,95,164,187,13,251,35,74,19,138,240,4,160,192,252,226,148,57,129,158,31,67,142,64,36,98,251,6,109,36,20,252,140,187,87,221,183,114,208,2,102,123,167,35,71,13,53,115,176,182,171,217,233,108,172,78,138,124,195,102,133,42,234,34,85,127
129,235,112,200,120,243,55,241,132,73,109,108,172,134,19,56,84,210,109,28,98,138,125,33,196,69,27,28,9,238,206,144,128,26,49,184,137,62,37,19,8,212,133,87,228,17,128,40,24,138,76,215,68,188,37,101,31,174,165,232,58,146,185,206,250,44,70,197,56,12,108,206,81,71,22,20,202,103,113,110,142,52,232,66,78,232,233,100,2,16,139,35,195,44,54,88,128,127,243,114,96,208,35,248,79,30,232,200,175,9,128,34,241,231,73,27,228,206,191,52,77,113,186,35,122,228,226,18,127
107,160,38,221,119,227,234,193,30,57,239,150,8,29,69,66,80,181,63,128,75,83,118,156,230,184,204,105,93,209,13,81,77,147,106,227,231,201,128,180,59,154,223,211,67,4,82,29,241,213,104,58,171,65,228,172,22,173,149,52,199,52,56,203,161,72,126,140,17,11,104,50,246,245,77,45,86,208,74,16,22,6,247,197,89,229,223,192,133,195,136,220,234,52,17,214,253,168,146,142,206,53,25,153,94,165,46,44,124,62,142,21,210,160,249,165,182,75,122,10,211,96,5,248,24,190,165,103,127
66,137,23,239,12,134,232,201,29,133,101,249,160,177,96,177,10,104,93,160,79,215,64,154,136,190,53,65,252,242,79,41,128,80,172,93,17,66,105,37,4,122,59,140,202,142,236,5,220,76,212,175,180,43,21,55,183,39,91,90,111,11,246,161,118,119,34,157,146,215,249,28,251,144,68,160,3,132,64,228,221,108,177,54,235,91,144,119,64,105,97,239,170,212,65,248,75,252,9,124,11,157,229,126,68,210,170,113,59,165,72,91,127,157,153,192,181,197,67,100,43,139,172,202,173,107,96,103,127
226,98,5,125,119,80,128,79,108,27,176,89,121,134,103,98,243,127,234,157,79,193,152,136,11,249,161,180,110,198,86,86,144,91,18,196,248,182,200,39,159,219,138,22,244,163,209,193,46,153,101,202,189,161,226,149,87,243,154,248,240,78,242,74,178,84,14,155,162,87,244,249,179,130,114,4,58,125,26,127,89,131,146,102,68,50,162,213,51,66,34,36,157,29,150,39,210,172,107,240,132,95,59,218,223,1,125,227,169,47,195,43,43,142,143,235,62,7,153,35,245,128,54,235,253,32,196,167,127
41,111,240,100,15,107,46,3,149,59,185,15,145,101,22,18,230,182,162,207,99,240,57,121,9,58,149,233,152,81,191,164,145,170,67,54,181,73,72,226,165,192,210,125,97,230,6,125,232,81,116,67,27,109,195,100,63,206,83,37,216,81,7,35,197,44,246,26,114,232,24,144,101,47,118,15,150,38,236,205,186,152,27,138,105,39,38,34,147,198,4,210,32,240,112,16,232,55,58,188,13,113,182,239,233,122,36,104,93,165,72,12,78,188,105,149,113,62,140,198,253,177,77,81,175,160,199,235,127
79,129,110,12,15,117,116,14,75,156,75,63,183,197,176,80,129,171,219,176,129,69,225,39,169,199,147,22,227,141,187,251,217,224,154,161,26,39,50,240,190,181,82,252,165,30,190,194,114,31,59,243,40,176,141,100,132,145,82,96,170,138,237,129,224,169,177,195,2,147,113,217,76,234,68,49,129,10,18,35,57,18,206,60,98,103,115,237,207,187,87,224,213,159,120,138,248,225,206,186,211,45,174,204,217,224,66,148,177,71,205,247,1,117,77,104,141,162,184,174,177,98,186,183,243,147,1,113,127
228,19,41,31,140,180,31,43,5,48,164,201,175,226,15,246,4,136,212,155,127,126,115,81,162,248,112,248,99,38,156,254,177,163,25,223,107,8,118,189,9,204,102,227,166,235,89,162,241,162,166,44,118,126,75,229,57,6,98,77,129,38,206,172,29,103,211,175,39,69,132,67,155,131,118,247,172,223,251,248,50,26,237,247,220,192,26,100,196,19,46,204,78,241,57,46,182,207,44,75,32,78,174,177,22,79,132,149,205,217,165,119,82,140,199,194,35,190,252,176,142,154,63,185,144,190,198,131,127
99,83,100,137,42,251,226,172,37,80,45,252,179,251,204,35,8,67,219,21,120,196,5,25,124,95,127,203,108,176,19,169,234,226,54,184,122,96,141,74,47,218,50,226,57,124,33,71,23,122,235,161,74,29,9,169,101,51,143,27,190,232,172,158,160,45,85,9,174,129,228,13,182,74,59,116,92,253,222,25,117,35,186,131,87,37,160,66,144,244,155,20,28,114,245,93,239,174,243,60,242,56,170,6,189,109,244,105,47,73,16,176,195,43,204,112,93,178,175,196,30,197,25,135,73,166,243,31,127
127,220,202,70,176,5,250,13,182,18,35,26,37,14,201,33,58,40,154,40,194,42,140,166,1,208,43,192,20,131,142,193,101,3,242,131,209,48,70,97,40,126,47,211,217,36,130,220,204,151,22,115,202,249,206,245,0,225,45,186,162,171,41,254,36,67,57,191,142,121,100,31,200,107,207,22,207,121,137,165,221,232,159,177,86,161,154,177,141,130,192,31,204,155,8,150,181,58,2,107,207,239,143,67,38,230,152,74,117,186,124,99,77,194,111,1,144,209,107,98,138,113,181,109,178,175,148,100,127
202,130,39,191,60,214,171,146,102,18,128,70,229,138,89,31,203,17,218,133,214,243,190,122,72,24,146,80,166,18,166,231,41,116,102,136,36,201,241,197,167,207,25,150,79,74,53,241,170,33,7,76,5,79,77,85,34,191,92,204,29,205,87,160,1,225,65,130,193,178,1,170,127,53,114,116,123,240,43,130,99,101,199,2,5,234,234,65,139,226,101,130,63,15,80,194,122,249,201,228,53,3,116,83,234,40,92,247,69,216,34,174,202,30,242,219,116,106,43,66,13,75,156,159,221,43,212,206,127
204,54,177,160,193,55,68,25,134,97,200,121,86,228,178,74,21,181,177,173,109,110,112,31,56,169,217,103,174,1,158,85,124,241,53,111,76,244,203,169,192,38,15,12,181,147,49,239,252,0,163,125,153,67,100,20,67,208,174,199,82,239,216,56,213,179,211,179,42,205,59,231,117,109,214,54,163,86,234,31,157,161,29,249,4,0,196,110,137,203,27,225,238,150,213,137,131,237,250,37,179,75,113,41,188,25,95,41,184,226,95,69,65,35,228,13,223,222,107,239,241,168,41,40,131,103,249,156,127
155,136,207,197,126,152,176,216,28,35,47,26,212,243,132,249,123,151,194,93,40,53,177,82,45,210,49,95,181,197,97,229,61,137,167,108,195,47,208,22,225,63,52,75,92,155,244,100,167,12,196,80,122,233,137,34,203,76,157,253,66,80,32,163,54,141,85,100,39,217,141,65,220,19,139,244,136,252,208,94,211,165,167,156,187,132,203,68,181,55,27,142,140,212,46,195,244,137,32,114,49,20,175,125,31,181,6,120,56,3,17,182,176,65,56,234,216,49,223,84,110,73,168,161,14,206,164,183,127
72,87,42,1,174,74,73,130,238,190,26,183,234,200,204,183,85,18,93,102,95,216,14,94,96,44,69,204,50,28,43,102,53,83,139,113,25,251,115,70,137,118,179,210,68,100,129,211,4,184,202,192,200,69,229,238,241,192,178,128,254,142,149,3,172,147,142,73,253,183,31,17,133,34,94,121,245,88,85,14,237,111,11,170,195,17,34,87,60,160,54,218,152,175,150,108,199,102,27,65,159,134,96,33,94,71,207,167,10,113,227,111,68,212,103,101,102,136,212,4,211,42,159,59,76,135,135,164,127
187,91,252,189,164,60,190,226,48,150,167,173,153,102,229,191,85,100,67,163,179,15,178,16,206,172,246,247,117,76,128,60,179,120,34,124,123,95,204,39,200,167,193,97,2,64,230,205,177,151,15,38,242,171,147,27,237,242,72,137,163,222,20,90,13,232,104,50,25,241,60,49,95,215,20,64,246,75,171,101,51,114,162,54,36,179,170,0,251,83,145,132,150,20,14,27,148,26,148,209,139,125,163,97,6,67,107,203,228,103,4,123,250,50,226,227,68,6,110,244,89,209,154,187,19,157,177,98,127
191,251,1,188,107,167,109,231,59,139,30,248,125,69,240,248,97,34,117,65,12,89,23,90,134,5,134,212,192,116,213,56,150,180,94,221,69,238,6,84,213,216,29,38,173,129,18,191,16,17,226,150,244,58,82,101,178,238,249,153,228,225,4,67,7,221,70,9,235,175,239,47,167,37,128,238,210,207,236,3,83,245,248,108,168,92,93,150,180,128,122,166,47,104,196,27,164,149,33,222,181,215,20,29,226,252,221,234,29,81,219,222,134,217,18,184,37,148,151,153,112,52,154,226,92,156,103,211,127
99,55,44,23,26,32,149,164,41,211,13,155,138,158,51,140,57,17,131,201,35,206,65,190,79,116,63,208,135,94,56,9,119,238,75,249,17,147,19,202,25,203,121,2,124,79,243,114,0,232,250,64,101,21,18,229,105,114,29,254,110,165,8,95,24,95,28,238,196,65,5,66,235,27,234,62,228,117,20,229,37,198,54,228,244,224,110,182,4,72,190,45,201,246,57,136,170,100,214,208,139,208,27,157,116,182,246,52,4,202,87,51,216,205,145,146,171,56,45,98,47,145,236,219,179,201,18,93,127
180,138,233,254,176,140,183,251,197,40,41,71,148,20,41,10,192,76,30,239,94,246,152,239,177,118,40,140,228,35,249,197,143,199,68,31,194,88,12,90,48,49,192,78,30,10,224,14,56,76,145,233,35,107,192,62,227,196,7,89,247,203,86,185,39,201,74,215,199,91,165,142,131,2,62,181,148,40,139,134,134,18,111,179,132,52,67,10,230,254,100,224,154,6,184,158,60,16,131,11,140,186,208,96,7,229,30,176,91,60,125,235,110,42,197,29,62,185,62,199,70,239,68,68,235,218,77,32,127
217,156,185,121,18,209,101,89,246,64,241,85,184,18,162,248,214,229,27,91,206,28,28,119,166,143,230,125,216,140,59,211,182,199,30,144,200,116,28,108,157,56,153,94,100,100,207,123,77,248,83,235,165,231,132,102,74,248,151,17,86,34,28,194,16,155,173,165,197,18,33,47,209,0,62,216,210,197,68,135,160,181,118,107,214,250,249,89,7,55,125,91,113,4,189,192,94,126,74,95,73,133,239,226,224,61,235,186,168,140,251,183,15,96,99,152,165,100,253,118,101,233,106,59,226,115,250,216,127
212,35,203,94,199,182,207,41,164,33,220,248,79,112,0,234,223,39,116,126,253,187,244,71,132,83,152,227,235,58,121,126,122,93,208,201,183,5,58,26,160,170,171,114,173,123,9,178,91,156,98,168,145,36,182,66,18,201,159,74,47,195,103,91,99,42,9,108,52,220,41,252,146,226,68,99,74,148,60,203,205,52,6,195,11,10,38,7,101,16,44,189,211,111,33,113,67,51,233,1,47,253,129,225,136,40,232,29,219,150,179,235,173,198,53,14,217,224,109,168,189,95,190,32,63,240,56,211,127
56,80,210,164,160,17,73,131,44,32,135,64,9,68,212,145,147,111,104,161,116,135,231,108,124,134,106,242,228,161,189,104,138,123,149,152,7,95,190,149,142,246,118,1,8,238,250,12,63,245,4,141,47,201,108,154,177,95,231,242,44,35,155,220,115,134,38,177,222,224,241,191,200,252,106,206,66,244,111,76,162,167,55,88,31,120,119,212,70,212,253,223,191,24,250,154,192,118,133,203,151,112,240,144,48,56,69,157,166,27,58,6,140,45,23,79,139,25,175,38,9,103,227,254,95,13,2,243,127
44,195,142,112,130,54,216,211,140,13,208,102,69,110,11,101,213,157,103,251,36,56,79,163,98,33,29,229,19,4,206,113,169,69,95,236,207,185,229,208,160,147,232,124,68,21,48,225,86,104,105,127,59,44,66,108,40,122,147,219,226,31,251,81,160,172,170,218,62,214,245,219,68,77,21,3,246,38,48,162,162,84,223,94,95,64,106,124,20,252,250,120,101,46,168,205,32,21,84,182,234,174,140,86,6,199,116,155,130,186,90,126,182,138,128,37,116,89,86,109,242,117,78,190,46,69,148,153,127
97,3,33,182,228,17,252,17,16,71,40,99,204,18,165,24,16,142,22,98,90,210,48,249,139,229,244,62,90,127,224,157,78,133,196,163,193,55,222,54,28,50,179,76,27,246,224,174,26,164,194,8,126,49,10,180,73,99,242,155,10,196,154,163,183,112,235,149,7,199,87,77,179,8,145,99,0,213,38,101,113,126,17,253,103,23,14,126,179,14,135,173,3,93,9,98,145,134,79,181,26,17,183,106,75,102,170,133,31,211,61,177,92,22,101,170,226,246,168,175,16,76,249,127,29,52,196,161,127
205,159,47,62,170,148,128,107,208,120,185,178,115,13,68,223,165,212,250,197,194,150,228,211,185,196,39,105,181,214,7,105,25,223,59,147,204,57,248,206,121,186,113,185,227,39,18,25,93,72,214,186,112,60,216,172,171,120,22,159,119,196,170,151,211,183,153,142,83,196,92,177,93,217,119,87,15,194,174,242,126,190,45,200,144,215,152,144,77,198,203,198,141,71,7,124,125,5,77,209,31,253,158,89,189,99,196,130,16,86,197,168,231,13,11,227,175,65,161,29,199,214,201,196,125,131,143,232,127
202,239,185,172,171,59,16,100,184,198,196,171,77,159,117,76,132,64,135,176,117,217,104,178,145,188,214,227,112,2,111,171,13,254,226,194,195,99,180,129,212,243,74,21,135,182,9,61,142,35,80,169,105,68,106,185,180,246,128,87,112,78,15,52,247,109,190,160,91,163,49,248,35,61,143,181,115,129,163,100,245,114,25,117,5,60,20,35,121,103,149,164,213,143,142,98,53,245,151,59,59,251,182,141,237,202,216,98,70,211,209,13,5,208,211,155,80,249,49,12,138,51,6,76,57,38,173,93,127
54,26,173,160,15,231,91,78,102,217,136,70,32,25,26,230,142,57,188,106,198,167,11,13,4,53,108,176,115,43,79,233,2,89,151,31,104,65,99,156,24,146,107,249,142,12,211,201,177,207,233,6,155,9,55,210,98,110,72,185,107,34,227,7,141,121,205,28,164,168,228,90,192,119,178,97,160,25,15,155,42,24,156,29,233,155,202,0,114,17,160,242,201,105,245,83,138,131,64,199,225,45,142,177,232,25,245,213,53,19,98,20,11,202,239,128,47,158,38,46,13,64,191,212,22,134,152,89,127
207,181,31,105,137,75,64,99,34,245,226,244,2,157,154,121,10,104,41,6,115,78,148,50,75,252,223,213,199,56,228,17,153,176,247,98,71,54,237,156,64,63,174,56,96,174,223,46,234,234,124,251,23,44,234,191,82,29,175,240,23,235,123,134,108,90,156,67,179,65,233,154,28,169,137,164,107,126,12,117,228,45,105,57,245,240,131,21,48,157,115,139,6,218,90,154,253,68,210,34,207,22,247,229,56,56,41,110,84,138,178,98,181,232,93,185,50,76,37,23,92,211,96,26,6,144,212,101,127
140,9,80,95,28,213,166,137,244,179,195,177,77,76,55,113,88,66,94,150,81,121,18,252,142,36,229,155,91,186,83,98,227,144,241,68,168,107,10,75,215,58,230,73,155,117,190,104,8,164,230,102,93,144,38,29,117,206,114,142,156,210,180,34,47,185,163,144,127,45,13,5,153,7,143,66,158,223,79,160,117,50,134,29,63,40,210,221,91,167,248,24,44,126,49,168,176,18,101,128,47,195,204,69,118,80,188,174,72,141,47,197,17,136,18,151,242,155,128,159,168,2,170,24,107,26,100,127,127
73,170,14,96,12,103,100,191,52,144,239,25,165,81,101,168,220,212,99,94,160,111,39,50,76,112,200,135,151,32,61,47,78,102,161,160,199,78,164,60,233,213,216,154,41,9,129,243,59,223,47,239,175,106,32,84,175,4,163,136,127,217,28,83,173,28,218,87,112,121,29,65,10,230,63,177,122,128,188,108,194,86,153,58,87,242,93,38,210,95,198,219,61,109,227,219,15,234,176,34,42,146,95,155,235,145,105,79,229,95,196,26,244,135,165,24,5,205,92,218,42,150,25,21,229,225,146,246,127
167,24,151,88,117,98,15,131,78,218,168,126,114,105,61,183,123,159,228,61,164,83,48,164,90,194,86,29,1,19,86,2,115,120,245,140,94,78,158,126,180,216,107,146,57,236,176,138,18,174,22,158,161,18,232,122,197,210,35,167,194,19,102,36,99,59,216,120,53,105,205,139,138,8,154,249,251,38,98,154,148,38,129,99,104,127,232,80,89,201,101,142,58,162,177,103,77,145,228,206,21,91,181,101,210,90,174,106,195,165,29,209,95,5,212,102,185,150,153,189,126,253,141,220,74,162,23,160,127
234,149,171,139,216,46,221,226,83,64,103,54,185,85,211,37,23,215,28,131,50,177,146,204,30,5,117,108,158,244,77,23,129,62,107,244,164,136,160,88,136,178,170,21,159,106,22,155,231,213,218,144,46,89,119,163,159,132,62,113,66,167,136,42,162,89,105,7,69,2,53,66,96,128,231,184,53,184,101,67,240,78,24,218,196,165,162,62,159,60,96,10,142,187,152,121,41,138,48,188,156,44,22,104,84,246,25,177,158,111,35,172,49,110,91,119,64,27,18,231,39,2,127,157,60,171,150,141,127
69,183,138,46,9,181,42,47,9,219,131,63,194,53,201,114,157,12,206,170,145,200,225,104,190,181,122,107,248,8,177,58,149,8,25,46,241,82,182,17,217,114,68,127,231,180,126,23,136,72,123,29,89,84,126,137,132,149,108,79,77,147,167,24,242,204,19,9,111,78,177,160,98,150,99,94,11,45,13,84,97,111,195,194,123,149,200,210,168,75,167,109,187,217,137,4,190,190,199,81,73,163,93,27,167,126,141,111,17,89,38,4,92,54,74,64,102,202,26,52,92,182,6,230,131,120,79,58,127
62,193,127,233,242,53,153,150,32,152,193,73,14,171,181,252,131,214,129,78,193,216,23,182,146,40,210,178,247,80,204,231,95,225,166,69,150,142,141,237,123,1,189,76,14,99,13,234,105,66,253,77,59,122,212,205,11,182,122,178,161,27,178,171,178,236,158,223,37,113,135,84,182,225,222,99,43,200,105,150,134,106,5,232,145,173,243,238,132,245,86,83,21,36,166,135,121,107,208,218,66,218,35,132,204,40,6,174,83,42,200,101,208,8,251,67,126,54,97,135,171,128,118,120,65,100,210,101,127
43,52,204,201,167,76,4,99,24,48,131,238,64,5,34,244,212,176,183,169,46,96,116,4,185,64,117,114,32,16,219,166,197,82,81,216,161,47,61,131,19,248,220,188,178,45,248,22,81,168,236,154,40,34,190,236,41,65,29,86,163,63,230,188,42,199,130,73,146,40,220,111,52,96,49,129,18,226,86,4,53,218,119,223,232,225,141,5,250,211,239,100,227,12,27,231,130,46,116,183,7,122,118,202,225,109,94,147,239,174,244,199,227,177,63,77,118,248,28,52,102,98,208,195,108,102,140,88,127
37,205,223,40,49,15,163,54,224,150,13,36,37,109,225,110,10,156,17,144,245,71,1,164,239,22,244,156,195,30,8,4,218,146,117,163,63,179,216,3,107,105,242,5,253,42,10,138,144,154,195,63,84,81,194,156,89,146,55,86,205,159,177,75,210,194,194,134,123,246,119,181,56,248,175,169,135,236,159,10,26,148,37,101,247,243,189,95,70,51,187,56,61,75,150,127,22,12,115,100,19,251,246,205,84,125,94,178,173,26,57,43,162,190,182,162,158,43,185,3,217,212,30,13,106,87,80,143,127
118,35,61,132,199,17,215,10,137,159,160,3,219,2,23,102,203,84,94,190,17,118,228,140,11,3,29,51,112,229,202,199,140,135,139,75,188,179,243,47,253,128,2,113,138,51,110,251,89,72,233,104,45,43,24,241,250,179,153,192,37,130,141,181,151,243,176,177,219,30,114,73,115,194,73,111,123,22,236,88,198,243,132,58,139,21,161,37,15,9,212,196,240,4,76,213,193,67,178,114,159,0,214,42,192,104,234,49,204,201,44,69,116,99,45,226,126,194,20,125,247,33,240,233,75,213,119,79,127
141,177,115,198,111,122,10,125,217,223,56,233,168,152,167,136,104,42,24,19,229,166,170,62,64,160,163,29,11,213,240,123,113,132,138,131,103,127,230,211,125,25,160,98,116,161,50,25,112,165,11,189,40,142,31,12,253,14,65,1,238,9,180,159,1,93,135,18,6,141,195,64,147,77,182,153,46,77,2,72,23,85,70,66,234,60,235,241,207,242,182,252,59,96,253,58,107,138,5,206,86,75,149,132,0,146,100,236,166,230,205,128,205,96,231,140,252,81,143,243,177,8,109,146,90,182,245,68,127
70,221,124,170,236,36,160,48,72,36,111,80,15,166,106,91,167,157,19,50,214,76,43,70,201,34,137,113,26,47,174,132,237,240,187,189,30,239,0,120,128,169,36,192,76,110,209,174,151,3,224,187,137,138,191,136,99,187,246,228,16,123,19,8,110,234,76,167,30,95,23,240,103,97,217,241,82,216,222,227,9,235,187,85,187,146,81,41,148,68,180,218,191,241,216,166,145,222,5,232,36,127,6,143,246,12,153,6,248,223,147,127,185,2,188,107,225,80,251,25,178,39,213,157,79,9,172,207,127
174,158,23,169,157,71,254,244,105,146,106,105,176,250,36,33,23,72,28,180,70,180,32,177,78,84,114,61,120,89,208,89,34,189,161,74,154,236,71,134,56,229,115,190,146,90,204,109,7,39,63,223,164,0,188,79,223,50,27,226,22,0,64,6,10,174,106,233,67,191,216,24,76,54,118,20,157,124,18,129,65,188,123,1,97,102,56,1,199,8,129,36,174,179,96,212,87,20,237,56,187,114,49,2,8,214,16,241,164,235,115,69,78,133,55,4,62,153,1,130,74,44,112,76,10,86,118,207,127
30,221,7,236,202,187,171,9,18,176,43,25,47,22,31,127,180,104,88,7,160,42,219,250,160,65,61,165,87,253,134,143,99,149,82,60,165,235,11,211,203,167,221,207,13,11,63,64,32,223,116,229,56,123,103,227,130,232,28,162,122,90,119,181,186,218,167,97,156,74,1,134,200,65,61,17,203,54,175,79,105,105,81,27,55,146,253,42,11,96,80,242,219,147,218,241,128,127,70,3,43,45,37,175,110,39,70,108,87,188,245,126,253,229,90,18,47,197,44,41,198,4,158,29,14,171,133,228,127
2,169,62,27,44,1,204,138,208,251,144,68,42,51,93,229,177,219,22,18,18,119,142,16,124,19,43,206,120,165,83,97,114,62,173,218,254,199,108,73,123,252,86,47,216,245,174,112,251,97,9,154,247,159,92,228,78,193,53,113,250,250,49,172,174,142,140,101,174,217,62,12,116,133,164,219,53,168,116,60,198,28,3,2,159,131,56,50,19,127,213,6,188,73,187,27,140,53,120,91,149,179,136,215,226,185,34,25,168,65,119,29,12,214,213,125,215,175,22,173,144,39,233,37,82,213,253,198,127
163,129,127,171,87,79,138,4,141,32,218,2,60,202,81,235,98,51,201,94,249,250,38,21,244,51,104,157,186,181,132,119,24,109,3,95,69,50,74,95,205,94,139,207,183,209,203,212,127,234,2,50,14,190,122,210,47,8,237,27,39,182,230,235,235,175,114,63,227,47,138,165,14,88,17,178,177,117,181,40,71,50,150,109,77,38,216,253,244,218,214,122,51,148,112,6,100,236,40,10,36,7,133,252,149,202,7,123,207,13,152,115,116,97,234,43,13,48,208,187,111,234,64,108,1,230,122,37,127
237,120,112,218,92,207,218,108,180,67,221,91,6,34,47,176,117,54,174,241,222,108,88,232,164,179,102,62,159,40,103,11,88,45,165,40,216,159,185,78,167,80,29,64,191,189,193,253,147,178,251,171,45,206,241,196,13,121,55,3,226,108,44,247,63,250,34,247,226,40,152,18,196,42,49,229,197,28,128,202,158,126,230,54,148,154,94,208,2,62,246,64,120,54,7,241,113,106,210,73,24,11,132,244,25,102,151,138,198,196,78,124,108,169,242,153,106,41,64,137,150,64,113,153,48,87,65,145,127
118,201,18,95,107,164,224,60,89,86,231,60,29,194,108,89,140,11,43,46,235,223,208,67,184,154,239,177,210,168,165,198,161,182,65,165,213,247,194,156,240,234,108,70,123,117,49,143,248,126,188,14,121,230,177,94,237,69,142,93,253,165,11,238,192,180,21,30,84,167,170,109,168,1,128,153,98,9,51,235,144,25,139,117,72,192,140,5,27,248,178,25,120,117,74,122,53,148,23,154,106,170,207,137,157,60,122,132,70,11,170,179,88,217,7,245,198,53,57,163,207,113,169,34,41,137,47,29,127
66,182,49,159,18,89,171,211,143,193,142,22,138,109,22,33,237,116,160,0,42,66,91,140,93,28,105,239,86,47,124,32,179,184,82,9,42,58,154,230,39,176,111,80,77,138,121,207,212,161,53,26,155,27,179,114,108,247,43,10,123,170,75,63,217,94,14,87,199,24,253,9,209,10,93,160,6,179,123,217,152,33,211,109,10,104,53,103,149,232,231,242,210,98,220,55,143,1,38,110,94,83,104,165,237,104,244,86,133,99,91,169,86,156,46,73,180,230,192,69,65,32,105,78,237,117,152,239,127
10,251,187,131,113,210,197,234,8,220,131,41,79,134,220,234,173,99,186,108,93,210,98,32,246,162,44,103,99,204,132,116,176,92,2,175,113,165,93,50,89,224,250,169,215,191,193,87,31,110,213,153,28,235,109,10,96,27,109,187,51,1,206,85,181,30,192,1,141,68,7,184,129,199,61,38,212,207,126,150,156,87,140,130,199,164,165,39,109,155,192,130,193,205,102,165,181,184,13,183,247,233,156,231,239,118,19,133,19,167,160,204,103,170,40,125,83,176,207,70,109,189,21,66,216,44,95,156,127
217,195,132,220,166,96,49,81,36,212,110,73,214,226,244,123,3,94,53,83,61,119,158,184,100,229,102,9,139,217,46,231,111,68,229,124,241,93,119,40,20,236,234,38,59,15,223,74,103,167,129,223,168,217,163,34,237,34,142,216,45,175,76,54,223,153,88,127,60,108,12,160,98,111,251,31,164,24,95,170,137,65,238,102,142,246,169,132,202,30,44,0,90,179,154,138,172,144,207,177,207,36,6,121,83,173,99,18,80,230,40,202,181,60,172,215,154,123,133,242,78,102,42,81,146,78,28,83,127
191,131,205,206,114,214,249,55,109,114,47,115,164,236,198,136,160,210,195,89,58,79,169,8,50,183,15,138,179,159,3,94,237,79,53,252,24,253,152,87,132,134,16,183,130,146,75,77,191,72,66,25,96,207,123,27,17,19,138,223,129,209,250,125,215,197,253,248,225,229,39,18,249,222,104,115,213,99,174,17,71,223,31,1,40,184,70,135,192,118,212,170,209,199,100,1,11,163,134,68,162,34,119,185,1,106,34,178,108,58,108,239,183,135,211,246,11,31,123,134,126,182,22,159,214,246,50,152,127
38,199,122,43,122,66,201,77,91,189,5,214,154,205,228,207,14,99,16,69,225,146,178,49,220,155,212,214,29,173,4,164,243,247,0,254,58,147,17,85,123,36,76,104,155,186,211,122,234,135,66,246,135,252,127,119,234,35,101,113,219,18,244,57,83,147,186,25,220,58,203,251,244,91,170,16,68,152,12,134,180,180,21,39,19,95,211,68,95,65,159,54,178,35,145,136,127,203,69,228,81,94,254,137,54,173,205,157,147,66,71,132,46,156,63,29,202,16,217,169,197,70,15,81,197,165,131,156,127
43,145,34,51,175,162,103,58,49,63,134,196,236,59,118,2,94,212,193,37,184,10,105,21,215,65,15,135,238,111,150,130,114,230,245,157,73,41,169,104,31,83,7,4,209,78,29,182,248,124,8,162,192,208,206,112,16,39,11,21,8,40,135,238,54,247,25,1,226,82,193,85,55,124,222,31,239,64,62,165,81,157,174,48,209,75,65,84,183,45,156,107,128,100,109,128,181,63,216,202,2,230,46,103,96,165,254,233,88,176,46,140,25,216,49,143,66,49,170,219,26,135,228,249,165,143,137,213,127
188,187,177,202,160,139,133,251,39,192,81,213,218,156,9,195,198,198,87,165,230,241,236,77,152,67,174,59,224,250,4,108,28,241,177,16,91,189,247,234,183,151,18,158,221,99,97,171,99,153,128,161,62,88,120,208,62,207,206,33,50,98,116,194,74,57,22,147,185,164,3,139,30,229,170,112,196,65,39,71,81,55,109,96,204,86,11,156,33,30,37,115,28,216,224,41,240,114,93,136,231,171,225,120,145,143,207,212,28,135,213,79,37,125,71,38,180,89,79,121,20,242,112,138,107,26,61,98,127
10,158,173,100,174,246,127,254,204,183,8,229,58,69,77,92,40,217,179,189,220,116,190,239,90,41,195,56,65,198,224,199,238,234,230,118,9,27,66,24,204,182,70,30,148,18,86,222,109,124,201,73,161,231,142,132,61,68,93,213,20,86,84,168,214,156,128,63,209,42,6,143,130,246,127,65,132,5,177,29,57,138,242,236,212,173,56,8,236,99,175,77,0,224,145,235,146,75,71,189,164,226,109,7,142,189,80,204,18,144,133,234,122,198,88,90,243,76,71,225,78,94,64,81,211,160,80,240,127
173,52,155,220,97,100,63,33,152,81,248,55,41,89,10,138,82,63,36,92,51,207,124,92,11,40,82,117,97,171,170,146,31,107,230,219,181,132,201,111,86,25,158,86,136,134,187,111,160,122,39,122,14,27,76,156,180,241,236,5,124,151,63,147,189,53,34,129,209,165,33,163,104,71,102,90,45,188,96,68,198,248,220,50,209,103,4,173,108,134,206,64,17,166,138,249,176,180,100,229,243,250,239,168,167,160,147,249,96,198,82,155,187,219,52,114,241,132,172,245,137,93,120,65,227,241,92,86,127
181,235,69,28,38,105,227,60,45,27,8,66,37,131,235,96,180,241,53,36,159,119,139,103,144,37,64,181,184,25,47,231,244,220,58,252,123,240,171,7,247,110,186,213,188,75,133,200,69,212,56,225,123,68,239,142,72,62,129,238,33,64,247,175,121,187,33,24,225,177,29,231,144,83,174,189,50,109,196,60,230,22,241,34,82,205,142,84,232,252,205,3,39,26,199,233,6,130,207,14,207,140,201,61,204,94,120,61,64,21,11,168,74,52,37,32,182,181,187,1,230,211,52,130,76,233,76,66,127
187,135,175,235,32,68,150,80,130,191,151,50,7,74,42,231,154,207,224,199,37,11,212,12,58,199,25,212,101,92,24,139,106,160,62,230,193,32,184,197,169,51,25,128,65,26,234,54,197,229,21,96,69,132,195,34,17,43,103,164,120,38,90,102,169,244,175,32,25,126,219,128,199,84,19,252,208,223,130,234,30,91,94,71,149,222,79,201,82,126,217,217,240,238,115,217,24,5,38,25,165,83,75,239,204,15,216,179,112,174,35,71,233,236,40,28,51,27,108,250,93,213,71,182,143,76,103,182,127
233,50,172,250,4,19,201,100,117,208,248,64,203,252,0,18,200,178,210,164,98,125,171,13,181,185,82,83,239,193,171,121,192,189,116,115,60,164,200,112,237,34,88,100,97,104,229,225,47,182,123,211,178,115,234,44,82,57,77,173,209,68,145,174,193,34,114,2,33,219,237,126,193,34,167,190,198,59,159,44,70,203,195,198,216,207,73,0,251,151,24,239,187,188,192,165,192,24,130,213,65,224,199,196,253,58,152,176,6,63,151,13,192,236,16,20,207,122,103,35,141,92,80,6,244,12,240,94,127
61,155,243,40,231,240,113,131,106,152,31,119,186,56,42,37,205,231,121,94,25,30,167,189,124,77,208,133,60,164,74,253,88,78,63,84,16,185,123,200,137,193,66,223,207,155,50,54,136,207,12,214,64,22,243,9,253,211,44,250,98,116,63,198,180,110,79,239,174,249,142,49,112,36,78,51,126,189,31,230,48,212,55,6,186,176,165,244,108,196,76,186,89,174,190,143,237,213,175,106,39,246,129,25,151,102,35,206,16,198,158,148,84,23,85,55,127,172,117,216,215,156,22,196,40,48,150,151,127
37,52,212,92,56,164,14,60,9,29,183,198,228,168,251,242,252,183,22,53,240,136,130,199,139,50,181,137,10,14,70,56,87,131,205,23,25,132,160,41,142,135,230,51,42,196,90,153,132,14,194,89,18,82,31,140,55,238,50,43,182,168,50,108,15,75,35,70,174,207,24,22,74,59,31,10,108,106,9,79,100,64,169,165,108,189,100,212,110,58,224,93,71,33,243,219,129,187,198,111,185,155,121,233,174,184,54,34,85,54,182,147,231,45,44,232,247,1,157,76,192,136,20,68,158,145,172,242,127
146,186,139,3,193,250,12,223,124,241,134,77,80,251,117,163,54,1,73,106,72,214,148,202,45,231,232,182,253,36,7,104,175,17,28,102,31,234,223,103,138,85,204,100,26,60,135,224,85,87,123,114,240,250,12,189,2,152,46,187,167,210,198,83,144,219,67,151,145,81,87,17,208,173,209,186,73,216,254,178,124,143,64,189,145,207,63,215,140,84,27,111,100,240,229,165,180,70,203,35,44,215,94,0,168,154,190,12,200,72,91,35,178,65,236,128,157,154,223,194,134,123,91,162,198,127,10,84,127
155,30,146,3,176,141,17,188,197,74,120,209,82,17,200,181,71,33,111,82,187,184,74,179,126,141,222,8,219,42,189,130,139,123,135,211,142,127,117,61,6,75,134,74,51,28,76,28,90,119,38,197,156,28,37,38,85,130,186,198,96,199,63,43,202,146,106,163,181,215,203,228,207,67,86,9,81,199,236,72,73,208,50,236,181,158,216,183,94,214,226,54,41,56,231,7,211,14,66,154,149,47,186,137,171,233,27,213,187,168,0,217,219,230,100,172,246,29,35,60,133,186,193,111,111,250,47,21,127
182,167,42,241,136,1,156,158,118,151,98,149,132,135,197,193,230,39,133,122,139,141,83,176,234,158,204,130,166,202,120,92,136,245,233,221,86,194,81,21,219,37,75,167,138,84,19,2,63,1,187,52,8,44,2,48,22,82,182,93,67,19,127,81,47,2,160,74,132,214,239,23,5,59,108,51,66,111,102,202,43,127,33,195,4,21,217,123,68,140,203,196,2,156,99,229,72,188,13,126,57,175,12,55,35,76,189,52,115,230,96,131,247,190,125,162,222,18,44,47,188,3,102,36,21,82,222,159,127
4,109,11,167,75,210,72,144,22,209,131,167,111,2,73,143,160,212,145,236,146,111,74,43,58,72,76,123,219,34,186,211,48,66,4,241,160,248,151,122,130,15,138,152,131,25,65,195,163,56,227,46,64,240,0,38,204,13,219,188,10,137,1,110,95,22,39,226,4,236,95,127,252,39,40,27,138,147,117,232,139,103,15,169,115,126,10,125,9,164,162,49,93,36,212,248,196,198,128,198,65,72,85,63,13,73,107,125,116,141,211,174,30,229,16,131,177,192,32,136,110,176,10,93,93,168,157,57,127
245,151,67,74,12,250,141,114,198,148,64,35,93,251,107,73,157,56,123,248,254,80,90,46,187,181,130,49,41,83,171,244,2,236,206,10,239,136,236,134,214,249,119,213,18,153,38,105,1,178,56,123,163,66,55,116,86,219,26,184,101,81,147,177,43,85,220,83,145,83,44,147,83,96,26,76,208,243,241,61,65,123,110,222,89,73,166,154,168,66,16,216,125,18,48,188,14,37,229,198,217,234,219,235,198,96,188,38,251,203,195,186,175,114,65,57,132,175,77,64,182,99,86,199,225,99,177,41,127
71,177,120,49,84,151,136,3,95,201,92,5,109,25,90,79,14,111,103,80,102,121,63,61,246,150,218,189,50,189,176,125,158,187,11,143,139,253,88,104,218,17,29,48,62,35,56,141,170,177,193,83,201,136,143,166,172,231,231,185,58,21,98,2,39,103,214,84,111,82,145,187,143,164,147,22,37,195,143,127,203,165,72,225,214,230,235,195,132,13,203,80,87,248,194,241,129,142,168,47,238,226,133,82,15,142,10,216,130,38,154,14,77,27,122,34,211,153,155,86,186,147,224,162,9,72,104,241,127
241,215,88,108,61,207,229,61,191,202,70,134,113,74,205,231,218,112,11,94,221,159,63,56,97,163,194,20,210,10,158,140,205,115,131,150,124,105,240,210,35,74,54,170,109,134,41,102,124,4,147,73,225,145,141,144,58,201,156,153,149,189,92,226,108,2,65,156,199,86,120,158,150,121,103,114,135,48,59,111,4,59,219,116,43,53,161,175,121,55,115,251,116,138,190,106,52,56,205,140,90,141,186,58,239,97,110,155,95,218,231,39,114,135,2,250,93,129,134,244,171,190,175,109,128,171,84,209,127
121,62,114,105,192,248,112,53,157,240,248,2,47,212,205,86,71,160,94,0,54,84,177,187,105,40,164,118,120,164,179,155,240,80,196,37,37,123,228,202,242,29,102,64,61,12,54,30,17,186,150,129,248,240,86,238,172,89,104,191,44,80,93,162,170,16,52,219,223,63,209,148,115,16,176,165,9,124,95,223,212,33,166,86,61,144,60,82,208,220,114,73,84,39,31,31,242,93,155,131,65,153,72,145,64,158,188,122,213,211,190,32,67,128,150,18,193,85,132,189,137,123,35,143,14,85,69,236,127
250,176,166,229,239,94,220,25,218,92,36,60,239,105,51,83,74,100,142,75,25,107,124,202,130,32,222,19,237,158,8,179,180,91,182,205,65,175,206,164,15,143,226,61,26,131,233,125,161,135,1,104,58,103,96,80,75,89,66,181,142,132,191,93,27,84,209,211,150,69,120,203,32,162,193,61,193,31,152,55,201,41,173,242,161,113,37,203,214,115,47,228,128,100,87,229,57,178,74,144,234,28,49,106,5,145,33,9,67,73,132,52,143,182,53,69,205,74,171,214,191,51,69,32,209,81,44,168,127
2,193,122,40,103,214,10,87,232,71,9,48,211,89,84,146,202,37,222,7,178,48,200,137,178,237,108,247,165,110,99,205,107,97,99,233,35,30,209,207,190,208,173,36,74,58,199,61,230,162,108,112,117,133,236,238,147,78,112,179,214,50,211,219,247,159,72,21,167,211,30,60,187,143,153,217,131,174,120,198,229,61,87,20,136,229,128,44,111,116,208,37,230,213,39,86,25,100,12,85,246,199,170,239,179,140,69,181,168,31,219,184,115,204,165,88,97,23,188,122,99,162,62,193,170,4,247,38,127
233,24,218,106,20,80,117,5,82,25,205,94,179,6,194,150,31,242,57,226,253,22,224,169,2,74,230,237,88,208,239,129,132,216,10,93,198,136,134,17,45,199,61,91,55,222,79,34,70,11,210,114,74,205,14,96,71,73,232,192,43,254,41,212,251,180,111,151,218,253,143,62,87,3,41,130,17,89,129,9,33,83,26,126,52,144,225,236,171,214,168,184,216,166,173,148,220,88,169,78,191,72,182,221,97,18,165,176,131,193,90,20,234,245,164,150,227,184,224,69,125,197,184,27,167,175,132,193,127
249,165,20,66,194,56,20,93,175,198,32,142,30,38,251,209,137,211,196,93,15,77,80,11,40,251,221,106,24,173,13,34,126,17,4,154,236,235,239,85,143,50,153,111,111,38,103,230,39,109,65,211,177,8,169,237,102,187,149,33,43,227,132,170,141,210,22,156,46,19,216,65,6,225,11,145,185,177,83,33,206,232,113,42,169,197,219,15,220,238,87,140,111,175,154,77,162,12,35,77,65,61,173,74,115,27,158,75,251,162,6,17,210,71,89,122,133,203,112,156,120,129,11,2,146,38,184,51,127
205,204,3,230,86,194,234,132,99,61,241,112,21,236,31,56,187,176,141,37,107,77,130,243,210,132,183,145,75,67,239,144,8,208,111,21,46,15,141,50,93,148,212,196,49,248,164,112,184,19,164,52,236,103,0,23,84,42,4,12,173,107,111,158,210,13,224,253,187,50,190,141,194,14,159,244,107,74,198,134,224,143,75,147,143,66,15,84,191,132,109,110,64,48,78,232,172,64,14,54,77,238,237,6,242,199,167,250,41,128,236,190,222,166,190,73,212,128,7,9,176,64,202,249,139,71,68,235,127
0,122,85,184,186,154,95,71,125,191,73,145,227,134,181,162,202,174,85,42,73,27,249,209,108,70,20,85,109,26,25,220,156,213,254,111,101,203,209,89,138,145,54,216,71,237,192,128,17,212,179,46,116,45,185,168,45,69,0,63,128,68,56,230,111,242,5,202,16,251,117,207,37,197,85,212,242,121,20,231,233,198,215,50,113,41,57,88,64,127,48,96,62,217,104,219,47,40,195,235,29,219,147,55,207,87,156,204,242,246,22,145,144,176,190,96,206,143,162,102,196,171,52,8,148,82,107,31,127
231,246,83,17,160,189,47,6,168,128,179,72,90,107,112,201,241,147,10,58,217,34,217,178,247,14,143,90,145,44,74,114,245,125,19,110,192,57,156,217,23,25,149,130,120,144,180,55,145,25,1,1,225,244,100,21,75,246,82,227,30,75,231,67,165,183,26,87,205,17,70,105,5,80,64,246,251,25,218,49,137,91,66,236,3,219,102,18,200,12,135,64,134,94,27,26,51,143,78,136,207,126,169,196,79,55,34,87,35,193,146,212,169,240,1,51,21,194,189,230,53,94,130,178,105,161,238,140,127
125,133,65,210,31,179,111,7,121,241,62,96,58,28,158,59,81,157,172,192,150,201,156,249,71,167,175,216,30,204,165,10,232,147,7,82,14,218,219,3,177,163,93,248,0,116,72,48,187,174,180,192,143,57,85,149,7,210,188,108,244,82,170,24,107,33,81,168,169,52,195,47,245,197,79,58,145,189,84,46,86,7,81,175,245,47,227,16,116,130,29,12,14,17,23,168,18,161,149,245,136,149,128,128,192,224,44,175,70,101,80,88,64,82,112,21,110,204,242,208,141,196,118,86,16,204,221,70,127
182,16,162,84,244,211,8,214,119,238,180,97,109,2,125,253,101,56,92,195,220,86,50,113,124,14,142,199,66,15,24,116,251,124,243,126,160,225,95,176,154,205,125,76,5,146,35,222,82,228,162,22,46,126,43,59,189,15,116,195,127,246,143,19,58,188,50,19,36,171,186,16,37,85,200,61,30,79,201,159,95,47,75,75,151,240,207,226,186,202,25,19,189,126,208,152,128,230,244,134,78,83,3,248,190,227,213,66,182,133,167,245,244,200,249,234,219,220,174,97,131,221,159,175,125,119,129,98,127
8,179,88,119,32,154,53,13,111,71,12,247,126,152,119,165,159,228,122,223,250,153,17,141,64,116,183,121,202,62,208,237,118,241,191,164,236,136,95,124,169,87,1,76,254,19,107,128,11,221,212,115,11,144,246,145,254,6,131,113,241,126,239,120,170,249,199,234,146,173,233,199,227,174,29,181,19,199,177,26,180,210,121,106,149,78,246,187,62,251,198,223,253,191,96,147,252,1,194,69,215,9,207,219,113,37,140,208,245,186,57,7,135,51,73,87,143,59,239,43,30,10,214,133,75,24,81,123,127
188,99,120,130,216,225,186,133,182,107,127,220,252,244,205,211,98,23,226,177,93,203,153,166,133,227,242,62,159,23,155,245,210,56,159,246,167,6,118,5,87,46,242,32,125,211,27,134,187,254,31,91,165,177,137,252,38,231,153,66,186,6,54,203,198,199,125,183,181,68,2,116,199,249,63,78,160,70,93,162,38,186,23,226,146,224,70,57,135,67,135,237,46,84,69,200,213,220,79,29,47,205,237,40,140,91,227,128,114,98,118,136,124,79,207,176,215,41,210,59,24,17,192,246,101,97,109,27,127
17,132,42,14,105,78,193,207,92,170,153,30,129,60,21,189,142,41,244,213,104,194,121,81,176,116,100,199,119,186,70,152,137,193,149,252,107,94,16,140,121,211,165,35,111,159,22,12,171,140,147,103,12,25,197,25,74,144,81,79,167,210,67,235,77,180,188,121,9,107,248,233,252,88,145,14,69,249,16,119,89,127,107,83,241,114,182,12,118,203,150,154,150,131,52,26,228,221,195,144,131,47,247,34,237,1,69,144,147,218,135,138,96,76,223,13,237,106,5,206,118,130,11,201,135,215,15,55,127
182,129,158,97,95,113,160,178,53,63,81,100,180,33,76,87,253,111,191,50,176,64,9,150,127,229,6,189,244,230,198,37,116,68,157,114,239,60,166,44,182,6,161,111,16,83,213,60,165,142,83,82,20,40,134,2,186,146,67,206,231,52,191,110,105,136,251,202,177,203,209,157,48,134,58,100,53,210,152,36,194,145,206,11,203,120,134,156,164,135,107,76,127,167,156,101,39,174,227,118,175,25,189,118,167,145,123,97,72,151,137,190,71,153,21,185,81,10,153,251,95,105,193,90,247,203,21,249,127
16,48,106,124,83,17,163,139,64,17,151,118,48,215,197,149,18,244,252,71,202,197,232,246,203,63,62,64,206,171,164,60,132,201,103,214,200,170,117,48,247,133,249,54,71,222,49,202,79,223,36,180,65,247,24,184,239,113,21,162,61,200,246,42,161,131,80,187,202,51,241,162,115,37,19,138,117,223,91,14,225,143,208,85,235,46,118,71,203,149,219,87,64,224,122,26,179,90,239,207,244,28,145,167,229,114,185,203,33,137,171,31,96,224,173,236,75,28,69,16,47,92,67,130,218,107,115,181,127
38,215,122,140,116,7,168,16,233,109,112,151,80,68,7,119,242,5,55,208,139,178,154,250,112,9,208,102,57,144,103,43,51,241,84,121,206,167,163,78,244,214,123,16,54,29,254,155,133,133,226,229,219,157,149,205,100,6,49,165,10,166,217,79,134,165,26,41,27,143,12,1,111,95,29,63,69,135,79,146,126,134,214,197,70,42,221,78,28,51,170,132,23,222,177,60,138,188,71,15,215,47,124,22,66,229,67,36,125,197,42,134,68,35,214,39,149,31,182,56,173,140,247,48,132,151,196,128,127
43,118,171,107,160,173,43,162,134,200,173,184,176,62,175,76,95,237,237,166,107,30,114,221,211,57,225,135,40,126,8,217,73,131,225,152,45,225,171,98,149,12,65,181,171,116,186,49,104,54,205,235,173,8,27,185,9,205,167,222,53,28,24,152,211,221,31,254,155,114,44,170,143,250,242,32,238,186,225,187,50,216,79,221,195,142,70,65,152,186,18,240,228,47,103,24,147,124,250,49,207,218,192,1,164,204,52,186,107,74,177,129,43,110,139,16,210,79,253,82,226,130,139,86,175,168,87,186,127
114,67,144,144,252,73,239,251,163,61,104,142,30,194,2,199,246,129,75,131,86,132,140,26,32,147,208,31,137,246,144,148,174,165,54,217,0,94,42,225,15,179,22,26,79,199,7,250,203,174,34,105,203,65,89,140,98,33,31,40,109,144,173,207,115,137,95,20,48,139,190,190,38,162,65,246,68,35,181,250,214,67,113,139,22,253,23,234,253,65,67,90,149,50,96,11,140,13,97,120,84,90,190,69,89,21,31,134,7,24,138,38,191,82,206,227,210,145,252,26,41,41,185,18,52,34,58,197,127
193,212,15,170,202,212,161,154,88,106,191,36,149,204,55,207,14,54,4,106,21,52,36,95,100,18,73,14,173,12,250,4,89,14,186,13,213,197,107,181,14,99,194,29,127,191,108,166,241,144,45,169,31,121,59,34,53,91,61,80,161,5,233,158,192,8,49,100,113,87,106,133,99,113,146,147,9,121,150,76,39,120,42,50,156,175,104,11,202,75,167,187,138,110,31,176,171,111,129,223,196,169,201,153,222,109,178,142,72,63,252,80,70,42,164,86,163,210,252,100,93,45,201,233,97,207,162,146,127
186,106,120,149,221,185,214,63,159,39,133,159,248,212,115,35,92,220,98,84,203,181,169,242,248,57,233,47,54,100,150,207,246,168,57,65,26,176,33,252,244,249,86,210,222,159,129,30,127,69,92,67,88,137,108,158,147,187,34,171,245,141,207,15,162,177,198,174,170,113,182,165,81,115,166,112,194,53,163,191,73,137,88,161,182,68,171,112,231,49,194,243,234,82,228,182,177,150,175,138,96,103,241,158,198,187,106,246,203,198,76,35,251,225,2,37,166,226,159,252,159,93,108,1,112,138,34,1,127
45,16,78,168,13,36,144,201,253,215,101,151,236,89,65,85,107,68,117,163,149,252,222,241,222,229,209,143,230,125,123,97,125,186,58,54,142,149,153,22,195,6,3,2,122,77,229,140,74,230,250,136,168,20,94,213,65,38,67,117,216,17,214,51,139,241,152,92,72,237,212,58,173,227,131,231,106,95,58,66,119,77,153,252,6,167,196,28,92,44,94,34,86,163,141,218,136,109,194,249,118,250,249,186,162,201,252,110,98,11,233,105,213,117,4,26,44,206,144,124,220,2,133,234,207,55,212,45,127
18,106,48,2,55,143,83,221,0,17,254,191,165,239,36,91,98,167,15,77,157,85,15,240,217,95,185,89,31,9,235,193,115,223,200,244,117,214,229,145,5,42,46,130,3,214,97,181,16,93,156,222,98,124,218,50,217,185,93,164,2,232,47,206,77,135,209,165,123,167,246,200,9,80,53,116,21,10,238,54,219,229,112,67,133,66,219,201,18,224,20,194,64,171,11,235,63,247,128,237,200,241,70,156,58,197,25,4,88,16,184,37,8,251,43,18,81,28,69,143,173,99,65,53,6,160,187,35,127
191,128,97,74,128,39,110,173,6,75,110,182,213,158,96,124,67,129,232,217,78,30,152,122,107,214,60,217,134,184,219,203,9,40,224,191,244,241,168,132,16,227,225,100,141,168,81,222,147,19,218,172,71,144,25,156,135,43,8,132,186,87,157,215,235,160,134,133,114,3,111,5,30,189,61,177,188,35,73,99,108,230,84,53,136,138,221,42,142,55,107,159,108,172,85,194,223,133,15,240,196,227,125,222,111,118,183,190,219,39,14,20,135,90,101,20,117,153,229,160,97,243,238,34,219,230,141,17,127
31,179,189,194,220,162,61,229,174,115,173,82,159,11,193,145,132,82,84,159,233,28,2,131,203,78,21,59,211,68,11,210,156,175,148,94,227,93,24,185,202,94,68,123,162,239,200,153,162,136,49,8,150,215,66,177,214,235,118,88,30,245,218,129,157,196,100,249,194,201,126,121,47,203,252,113,199,94,86,138,231,252,224,236,135,83,132,45,129,45,183,191,34,38,142,45,105,46,215,100,3,100,111,183,182,149,110,131,129,45,57,246,97,95,105,48,150,13,126,197,194,90,95,125,164,93,67,92,127
92,192,116,125,164,86,132,25,17,188,171,93,115,189,180,173,87,188,103,77,217,192,125,234,105,171,209,242,248,241,205,120,45,86,224,142,99,79,252,157,26,141,170,235,67,135,27,197,67,236,235,151,223,208,32,40,99,56,181,51,27,181,84,38,152,41,100,157,142,115,86,218,203,106,179,207,115,199,8,197,151,70,111,49,199,16,208,60,103,46,200,16,44,52,81,206,167,82,122,20,132,145,58,51,152,35,90,136,105,123,163,195,93,195,235,63,237,66,8,95,120,188,109,22,250,27,84,66,127
133,233,242,77,209,100,222,24,149,79,236,124,206,182,33,77,244,93,86,138,14,230,26,97,243,107,169,103,246,92,209,77,120,32,192,156,80,141,2,108,213,234,163,215,38,48,187,129,204,98,94,232,151,251,20,212,228,121,105,107,217,8,119,82,233,153,91,96,240,155,99,206,115,133,237,49,100,84,218,0,33,110,90,171,253,172,45,1,38,209,214,124,138,230,75,12,134,172,65,135,242,190,60,173,182,198,147,86,222,213,128,131,27,200,219,42,129,123,146,133,230,14,203,213,210,0,132,60,127
67,129,73,136,136,123,63,206,164,230,33,251,205,166,213,137,81,240,184,209,9,165,240,22,43,171,206,20,84,122,91,244,218,221,130,236,32,60,129,231,83,37,200,110,242,67,2,244,29,65,141,49,206,48,129,191,185,45,86,189,43,188,3,227,27,25,239,217,147,189,161,236,34,86,179,242,153,178,161,175,167,186,137,242,181,95,171,193,103,150,134,221,164,187,189,237,145,92,84,158,97,34,122,101,10,15,134,50,189,235,90,46,246,120,210,122,56,146,199,234,43,55,38,172,206,35,42,87,127
194,71,32,193,244,207,40,179,43,73,197,86,203,88,124,6,135,75,235,183,86,229,111,182,31,129,106,45,65,87,243,3,58,185,12,48,50,74,40,128,219,25,125,45,110,176,115,129,26,164,179,174,240,112,47,158,88,196,181,25,160,46,30,225,127,34,100,143,134,122,147,204,2,200,23,43,113,47,12,8,126,204,4,158,119,163,100,168,33,246,144,5,254,245,235,78,227,140,102,125,188,203,216,53,127,60,29,109,178,24,138,122,229,105,164,3,245,220,230,45,152,42,225,138,85,120,188,242,127
169,25,176,74,226,80,213,245,67,112,143,159,191,12,213,123,46,134,253,134,78,85,215,204,188,62,122,151,122,63,252,59,90,83,77,96,190,179,191,245,133,112,99,195,139,110,52,163,43,114,141,83,37,89,148,178,85,104,28,122,31,210,115,220,70,200,90,107,39,66,20,168,1,102,197,218,216,2,24,180,134,176,121,102,90,107,148,114,80,211,147,225,80,156,142,143,39,44,93,19,122,191,189,224,46,157,128,229,216,76,214,97,95,41,75,88,253,237,238,217,76,61,251,89,139,64,225,190,127
194,86,142,140,252,126,195,13,252,32,61,183,76,173,137,204,24,192,112,179,49,194,169,202,231,99,224,148,97,107,144,153,193,198,136,173,145,159,154,2,174,212,209,135,142,224,247,57,163,151,190,197,92,56,142,184,73,250,249,194,114,224,140,21,203,46,116,139,186,46,52,178,229,111,125,106,87,80,136,85,18,49,13,232,229,37,99,123,74,112,107,175,35,58,181,200,54,147,86,115,121,200,17,58,211,76,60,23,97,241,131,200,49,158,86,156,71,253,55,228,109,111,251,84,36,152,95,100,127
176,139,190,149,210,6,178,65,193,11,217,95,125,229,165,181,75,41,15,79,18,33,98,232,182,194,231,10,172,114,173,170,203,184,174,8,127,33,144,41,46,177,13,209,45,77,2,132,35,147,56,142,97,43,13,34,209,36,221,88,148,25,168,148,167,189,57,168,181,68,190,230,24,241,92,70,140,163,133,214,184,248,216,82,83,75,89,164,187,116,244,75,11,223,72,6,251,180,20,68,245,140,211,56,170,54,129,39,163,164,5,62,164,171,105,54,69,63,209,105,218,192,23,130,112,144,109,214,127
80,87,60,88,55,76,183,14,90,176,249,145,184,148,59,33,197,10,62,161,8,198,89,28,90,92,64,100,22,150,92,107,23,246,93,125,208,22,151,124,75,183,20,15,230,180,87,55,142,186,177,86,219,119,115,138,127,10,92,233,75,44,207,183,67,220,74,184,55,186,123,195,246,15,241,218,230,111,44,47,146,59,17,59,24,57,138,202,29,38,166,116,22,233,9,160,43,238,228,226,205,7,46,83,60,214,100,118,42,105,223,27,243,194,137,187,231,48,215,37,29,84,211,100,38,58,120,146,127
145,248,31,208,116,193,86,240,197,247,39,36,223,197,119,69,197,156,209,66,86,181,41,17,173,225,26,105,145,80,65,120,49,109,243,95,104,168,239,214,66,122,25,58,19,34,167,77,67,203,19,91,193,176,122,107,123,141,169,117,124,51,72,14,246,4,86,249,70,107,232,151,3,33,216,167,190,72,199,238,184,74,112,85,13,192,252,230,25,35,103,173,83,115,215,249,216,182,188,228,136,246,251,241,33,82,192,221,238,191,97,43,149,245,113,251,95,130,79,216,179,207,66,157,33,245,39,120,127
113,171,53,211,128,90,4,134,242,84,95,143,38,225,234,205,206,33,52,48,17,218,239,18,104,187,107,47,85,21,111,170,110,141,154,44,78,121,121,2,128,134,110,51,137,12,231,233,161,82,108,143,125,48,214,93,90,237,149,54,55,46,146,133,204,113,54,86,164,173,18,190,165,202,235,209,31,72,164,187,90,233,83,129,158,89,224,35,185,18,102,128,10,205,187,217,19,53,85,245,13,202,5,211,144,173,39,137,182,85,66,153,220,47,183,212,222,67,125,192,102,227,116,123,75,14,11,98,127
63,187,183,160,210,193,116,211,74,85,39,79,66,38,254,130,131,133,44,170,56,252,25,36,2,167,36,123,44,165,55,121,51,142,85,206,84,135,94,52,199,38,142,70,102,160,214,20,167,191,68,160,18,231,128,5,103,203,92,19,77,81,23,166,134,7,228,211,7,163,102,190,169,40,82,211,7,12,181,143,232,162,223,252,62,83,80,122,4,6,241,183,215,183,223,67,198,42,155,123,56,171,253,140,180,119,58,49,16,141,135,151,37,91,46,247,134,169,88,98,81,150,145,39,251,222,81,251,127
16,139,58,43,162,117,111,57,218,181,233,156,129,129,133,147,206,3,196,181,220,229,67,56,227,138,172,150,59,249,48,59,111,231,206,35,245,54,194,75,201,80,227,186,8,233,171,138,220,53,155,168,93,73,91,192,6,76,102,190,66,98,60,26,54,53,68,97,53,47,186,12,69,211,251,154,71,203,122,0,126,246,109,52,151,194,15,166,221,185,14,12,88,248,26,179,73,107,223,181,170,243,178,93,79,196,23,86,88,68,135,113,110,223,9,104,159,23,159,92,123,185,235,41,248,65,226,208,127
154,70,233,202,228,135,238,193,170,199,28,116,210,171,209,219,166,234,23,168,50,139,60,46,172,166,236,41,204,155,89,98,132,66,219,232,7,211,167,192,179,109,208,36,12,236,245,144,107,131,15,248,110,252,140,30,95,67,111,124,236,239,23,200,252,21,208,55,212,115,52,168,103,113,248,68,134,232,21,154,161,143,108,162,231,17,217,84,26,42,63,73,104,118,44,44,50,86,51,122,114,195,62,166,159,14,206,184,63,53,8,226,60,9,107,192,0,41,177,104,163,113,252,30,64,52,77,240,127
228,138,247,119,79,196,30,254,123,168,216,10,198,72,213,185,106,198,183,221,125,91,36,197,83,252,215,24,143,78,212,27,127,184,64,229,203,194,177,142,101,237,95,137,241,224,69,249,64,74,112,200,164,4,18,70,12,131,100,24,183,155,234,210,76,194,166,42,136,204,132,158,173,239,216,144,156,163,101,187,191,147,211,52,142,191,183,143,42,38,39,30,118,20,61,44,31,24,44,87,193,45,251,76,175,167,139,165,251,250,50,216,177,183,45,20,43,188,138,58,44,186,193,247,106,115,10,237,127
51,169,24,127,80,74,70,14,232,79,53,173,225,56,36,48,54,128,150,150,100,38,244,175,57,173,39,171,19,240,199,138,165,149,178,213,216,168,225,90,101,214,216,147,8,10,240,80,55,232,45,161,124,174,45,32,206,165,51,51,180,60,28,152,21,197,4,89,218,105,8,74,69,2,132,126,142,85,47,1,123,199,207,197,168,239,246,152,188,106,159,251,169,43,80,193,92,251,148,58,55,187,149,107,201,189,12,237,186,201,228,28,153,8,134,234,219,26,27,237,233,5,224,41,11,0,203,228,127
146,220,56,14,22,101,124,170,201,150,17,163,0,171,131,121,231,126,186,53,192,204,197,238,205,138,204,88,119,210,248,190,238,134,95,127,192,56,79,29,14,37,228,244,237,12,29,99,89,13,23,43,217,76,10,34,252,202,63,39,75,2,77,75,47,126,84,150,75,127,135,214,8,182,20,27,30,210,81,202,81,126,29,41,196,205,162,90,237,8,147,122,199,184,89,129,217,225,221,65,223,174,105,154,229,92,138,57,4,20,153,47,104,222,220,223,19,175,198,35,218,21,117,153,123,174,46,172,127
215,21,23,125,13,177,222,201,196,100,10,73,205,47,78,90,247,236,44,37,154,238,82,103,226,209,196,175,116,75,92,248,139,64,156,232,195,204,76,78,1,101,149,138,119,40,29,184,171,218,22,119,244,99,18,16,93,85,100,74,112,51,63,37,130,26,61,79,248,178,21,175,174,64,3,149,212,192,119,183,222,75,171,2,179,72,213,115,36,13,90,98,217,73,43,143,27,125,230,7,195,193,159,122,10,240,31,254,197,144,27,49,235,30,182,171,42,236,194,57,26,144,131,21,227,221,44,210,127
137,53,211,26,149,136,252,247,68,2,90,39,67,201,58,247,153,76,220,202,62,211,254,120,153,198,150,131,119,182,36,200,170,173,64,106,250,128,75,161,42,24,17,205,9,32,180,61,221,57,138,16,204,212,131,187,198,151,62,251,151,41,112,6,124,123,254,171,238,210,63,146,188,71,229,242,89,192,102,243,248,209,110,144,71,210,87,159,124,216,66,146,68,207,78,59,4,251,5,140,33,211,53,80,6,160,223,0,108,101,111,46,164,153,37,136,19,170,76,216,158,225,170,45,126,198,54,27,127
77,107,190,9,155,178,214,190,119,145,171,179,171,153,3,119,53,231,161,226,199,192,230,72,151,51,203,6,219,74,177,141,213,38,129,251,195,62,9,82,71,198,107,149,124,217,251,60,169,154,109,215,214,159,249,178,99,244,189,207,179,129,53,132,60,118,30,52,129,71,12,159,104,12,73,251,5,41,29,3,142,138,164,87,24,92,43,32,167,238,179,183,249,230,88,207,43,228,90,219,45,35,65,153,116,157,243,132,163,186,133,234,170,38,179,246,62,217,138,164,124,159,105,12,14,148,127,151,127
67,226,251,218,12,21,181,177,169,110,143,214,165,120,161,74,139,69,99,38,22,225,214,164,175,12,98,140,171,210,246,52,81,161,120,152,102,140,37,178,205,193,202,195,200,137,52,153,128,85,83,33,65,101,158,125,101,157,100,54,70,81,136,117,74,202,112,230,116,110,172,198,46,244,43,3,205,133,222,197,130,29,79,19,130,36,216,132,25,60,34,101,108,201,34,129,51,93,52,194,204,165,232,98,183,188,114,184,149,132,59,153,167,184,43,74,112,245,153,213,210,70,167,217,32,17,119,189,127
203,74,183,28,58,2,104,27,123,62,247,179,231,232,68,187,232,67,91,181,40,74,150,145,74,98,99,84,53,199,238,238,206,168,99,178,204,63,179,41,127,238,200,16,20,97,42,26,226,85,202,184,158,109,94,101,133,78,107,90,127,208,4,42,112,217,229,249,116,225,194,12,240,210,115,212,175,30,90,254,234,224,246,43,134,87,78,89,111,74,227,24,32,92,103,97,241,138,47,14,42,221,93,96,217,156,138,225,216,19,100,87,68,111,213,178,12,229,207,52,91,18,1,98,74,25,140,156,127
48,77,234,172,126,244,106,213,119,110,14,153,172,83,194,174,228,227,156,31,138,58,117,252,86,27,79,238,149,3,212,4,209,180,101,63,102,128,52,63,149,27,119,105,83,152,179,150,25,49,81,7,246,158,238,243,236,245,196,136,81,129,203,51,185,14,197,87,35,189,176,104,244,226,92,223,159,84,155,39,253,146,156,151,113,64,241,56,97,176,161,106,80,218,226,253,83,224,250,39,84,166,137,210,225,122,253,195,220,62,17,5,170,232,202,236,15,68,39,160,112,82,236,229,102,99,204,16,127
120,147,102,147,4,238,58,67,83,99,64,91,181,252,189,71,240,102,7,60,214,102,172,111,127,241,76,220,83,212,58,85,180,170,101,173,3,42,29,248,196,226,147,197,128,191,27,56,160,216,131,27,193,191,73,68,208,55,36,2,205,17,53,80,105,145,84,86,225,224,202,122,38,123,113,85,194,163,170,126,144,186,173,97,73,100,187,93,69,204,209,217,32,238,127,30,146,209,11,139,39,232,165,216,106,87,248,10,192,23,179,152,238,123,35,46,207,112,251,116,78,11,33,148,160,160,99,126,127
179,117,8,236,58,65,150,246,130,139,50,70,13,116,183,45,87,158,237,42,54,99,129,153,7,128,219,11,82,126,131,173,234,232,157,228,13,136,28,70,164,109,20,243,171,95,55,235,39,177,207,84,92,56,204,252,136,202,41,100,211,175,27,214,167,31,238,68,118,244,150,77,93,84,200,49,90,49,38,184,203,46,187,246,103,130,65,34,36,172,42,25,215,3,174,122,115,159,227,46,112,196,36,92,226,12,75,89,34,20,204,163,67,35,144,201,105,144,50,251,49,145,175,9,141,202,36,181,127
102,109,105,5,119,212,115,182,80,135,141,26,78,78,152,89,143,214,145,182,173,199,89,177,30,249,98,218,185,242,115,214,142,51,153,192,139,203,158,107,94,73,187,248,249,210,61,91,214,177,199,21,187,208,128,166,224,205,196,22,83,194,153,208,162,39,53,198,218,71,62,21,109,80,2,184,229,249,126,80,160,161,93,2,127,100,172,217,138,10,231,104,105,5,174,208,160,189,21,243,242,49,183,31,133,96,53,196,56,246,239,85,218,232,231,192,232,231,20,134,207,204,109,135,169,30,245,50,127
156,35,247,64,99,151,238,114,152,110,16,140,140,208,172,135,226,77,6,212,47,149,131,196,251,233,64,147,16,224,223,250,162,229,58,17,126,3,28,211,207,138,10,84,17,55,139,164,41,172,15,22,182,190,242,55,48,209,147,98,186,87,178,8,80,140,134,173,44,244,39,152,141,253,33,254,178,156,129,162,44,137,115,167,137,182,18,106,151,37,102,153,48,217,226,205,230,161,202,58,8,5,155,55,137,33,53,106,238,13,10,80,116,36,244,137,224,54,92,193,232,128,20,101,226,96,185,183,127
193,104,44,237,213,9,134,58,81,179,238,233,94,16,216,189,177,138,107,45,176,174,120,234,190,83,73,214,28,235,112,187,249,82,180,22,14,63,59,92,71,139,86,104,218,98,65,214,105,144,21,185,30,29,35,117,32,33,87,82,78,201,137,177,250,164,220,242,240,42,32,228,105,149,146,123,244,162,229,124,92,33,3,49,195,41,203,236,211,128,251,153,150,251,106,195,162,18,201,222,73,95,241,253,99,157,132,148,192,13,40,134,138,46,209,61,186,236,127,206,233,123,199,226,180,10,239,234,127
205,22,198,148,139,214,15,251,116,241,132,215,5,203,33,28,246,133,166,134,36,84,165,126,50,176,135,187,181,138,210,78,158,9,136,219,174,19,232,55,15,244,131,62,74,86,15,93,38,94,230,125,173,118,148,112,149,232,190,192,39,155,13,102,66,149,85,57,2,244,77,149,1,171,89,182,65,85,93,10,230,98,177,93,144,138,158,3,93,227,233,29,67,209,112,188,94,193,241,150,149,180,198,166,226,160,39,217,198,152,136,101,29,124,148,128,173,137,131,26,210,115,129,52,31,252,34,20,127
5,148,190,146,186,58,5,147,189,158,190,158,234,252,54,9,127,136,229,126,153,120,238,228,35,138,249,204,184,229,57,17,80,170,205,17,200,61,159,94,112,154,174,35,87,48,197,216,222,98,62,166,105,116,155,74,57,250,88,196,68,239,39,77,65,59,80,120,234,198,226,250,245,190,3,213,186,36,84,88,5,46,126,7,22,99,101,170,79,119,69,244,110,84,31,178,197,171,250,29,238,119,246,29,171,72,72,136,70,107,204,130,166,82,90,5,18,113,14,98,135,138,165,18,52,211,126,26,127
77,144,157,149,71,251,49,250,166,181,10,132,17,43,107,211,24,14,227,166,81,251,0,71,38,184,106,240,62,168,210,43,81,91,141,23,74,147,96,173,53,171,183,87,106,92,49,52,159,173,63,191,104,191,219,215,193,85,219,220,99,66,137,221,49,85,167,87,11,48,17,39,13,225,190,43,77,134,198,232,35,115,18,74,70,76,109,2,112,139,91,19,226,3,243,55,96,91,123,3,241,98,249,178,0,167,178,170,102,186,251,6,210,228,45,1,227,123,74,174,50,167,191,168,33,87,74,103,127
188,135,96,113,28,146,67,208,229,126,109,175,103,77,125,209,203,116,227,85,131,189,37,164,35,225,82,197,168,123,127,56,36,23,151,41,165,234,121,86,35,118,153,222,215,31,144,65,193,211,235,77,66,29,181,168,232,20,26,171,179,196,67,149,78,103,237,165,123,16,40,95,245,4,204,104,238,51,147,150,11,69,239,187,240,106,155,214,148,251,96,25,39,119,122,89,45,210,106,7,89,72,155,64,149,113,92,134,225,43,245,117,186,221,67,69,150,222,19,236,196,47,237,54,216,174,14,245,127
241,208,204,232,97,126,117,201,99,149,134,204,80,70,41,185,222,184,117,12,47,227,186,69,41,246,183,41,67,80,150,251,207,8,177,148,59,169,100,32,211,58,215,135,118,32,244,62,244,208,135,133,203,64,158,208,12,202,152,117,203,253,240,10,127,247,32,62,171,237,103,82,100,19,241,128,175,155,63,22,35,25,221,79,117,75,209,192,70,122,62,36,192,202,23,215,58,95,194,84,134,190,153,79,147,170,59,115,130,189,126,115,7,199,142,87,197,210,242,124,36,16,77,82,146,58,23,160,127
59,124,120,103,252,180,203,226,15,124,33,245,98,130,40,143,117,59,147,113,100,224,225,22,203,101,194,2,83,96,63,72,212,37,167,175,235,147,151,230,42,154,30,159,81,195,200,239,231,107,205,99,118,229,169,153,168,216,196,212,13,64,213,252,214,10,44,187,245,52,114,167,219,46,166,248,180,187,46,158,23,222,137,69,101,154,29,7,231,10,182,208,32,55,89,209,245,29,253,197,10,207,215,101,249,53,160,24,181,0,201,247,207,156,188,77,18,244,71,56,112,139,187,1,52,77,60,113,127
252,135,167,100,210,73,79,224,5,59,146,119,241,140,31,122,137,108,133,25,111,169,50,39,217,168,159,131,49,220,169,95,207,172,215,193,195,49,21,211,67,129,245,158,168,218,170,47,224,46,8,145,136,211,32,3,248,196,58,246,181,202,52,78,36,48,11,135,141,156,14,28,170,185,114,75,82,36,64,238,221,2,217,5,146,200,188,67,74,203,221,149,246,215,226,241,59,57,186,56,202,74,37,12,251,175,146,124,28,156,120,253,189,87,102,39,238,225,52,55,37,71,179,241,248,230,90,194,127
243,9,109,93,216,29,205,65,40,23,85,194,227,110,82,221,198,169,47,230,162,111,156,112,105,74,141,124,186,173,232,19,107,18,30,175,241,26,156,7,64,159,115,145,117,89,80,198,48,217,216,46,91,180,154,211,154,22,131,19,112,112,117,220,16,42,188,195,136,187,55,103,89,198,86,12,108,153,10,131,110,185,217,68,193,50,61,221,137,109,138,201,136,250,127,6,220,46,131,188,187,107,35,245,156,65,2,211,229,177,163,170,46,229,175,165,240,194,52,22,130,154,114,42,26,151,228,90,127
216,77,206,188,17,132,253,200,33,33,243,46,110,49,164,240,26,22,21,146,99,16,185,201,188,184,1,206,126,95,252,63,128,195,116,191,194,223,31,165,237,171,45,184,133,2,159,35,219,254,50,118,86,50,44,153,91,223,224,220,242,38,32,232,207,139,106,11,125,38,76,93,129,155,179,234,119,137,124,10,202,208,103,177,223,23,161,155,102,29,241,132,123,234,186,234,221,133,104,202,23,89,117,77,102,129,242,66,192,156,186,236,184,184,191,11,97,93,204,238,236,237,187,91,227,178,199,19,127
26,51,151,242,119,220,229,250,82,41,153,118,217,105,224,184,168,191,229,20,78,241,60,230,57,193,115,107,145,251,88,160,190,218,81,217,100,49,188,23,130,61,153,18,179,113,40,25,44,115,193,164,215,34,244,92,211,157,182,13,146,58,118,177,121,219,32,224,132,205,158,122,178,196,106,113,74,27,169,70,223,169,76,69,75,93,23,38,53,234,5,234,180,85,77,23,24,27,83,6,180,20,209,38,36,247,61,141,207,242,104,124,124,51,148,102,194,244,120,114,184,163,155,153,167,55,26,114,127
42,248,77,157,234,247,79,131,245,163,67,53,207,164,179,227,165,64,239,27,55,8,222,100,216,69,56,202,114,28,203,252,212,128,144,126,59,222,129,228,45,243,153,215,150,153,83,154,14,83,36,155,121,196,90,162,190,227,72,135,100,113,206,88,237,67,212,131,20,101,39,181,80,236,27,126,83,32,13,168,46,196,127,175,182,192,209,192,120,105,234,92,113,209,93,96,2,83,126,56,91,184,195,127,135,205,43,195,222,208,152,224,167,38,67,251,113,35,183,227,216,104,53,124,204,31,145,71,127
83,135,44,44,199,113,145,152,51,254,29,236,115,173,243,219,177,31,47,156,233,105,88,168,39,246,182,224,223,134,74,64,27,218,119,170,173,87,115,3,218,74,123,181,192,146,171,250,185,182,162,168,249,195,139,238,156,243,64,74,248,195,104,28,223,204,142,154,206,104,232,187,114,201,245,122,17,152,168,190,48,33,137,223,67,190,149,72,250,240,172,35,134,22,242,11,203,195,33,5,191,210,47,65,81,193,64,205,183,73,129,61,64,115,141,133,217,98,47,157,149,146,67,203,105,66,90,69,127
152,89,187,34,5,69,247,190,21,195,172,51,46,100,178,246,203,8,53,162,45,64,140,27,39,187,223,158,231,57,86,48,122,26,118,72,16,41,147,11,190,186,54,55,61,119,92,84,21,146,51,217,104,57,42,124,191,246,44,185,176,243,91,174,234,34,230,204,155,197,79,133,122,193,163,25,110,55,188,127,141,253,185,43,34,45,24,37,196,79,240,166,70,18,209,147,248,148,140,130,6,220,76,173,53,246,89,216,12,28,161,116,79,17,91,161,169,150,185,185,238,17,247,73,159,8,213,134,127
153,178,187,131,214,17,98,182,23,238,44,194,11,59,195,64,11,20,134,222,80,48,84,247,99,233,216,98,234,197,18,176,243,142,49,245,138,50,212,110,129,63,6,87,103,77,94,144,67,33,124,67,237,186,2,182,142,193,240,20,106,150,114,74,143,241,36,105,231,33,227,44,81,162,155,129,242,173,151,210,135,109,58,194,98,206,154,239,28,38,46,98,210,217,248,53,67,74,93,105,232,122,143,61,199,173,76,152,164,222,244,226,2,76,8,135,158,169,31,20,56,195,147,71,40,213,28,193,127
163,98,69,172,201,37,44,172,168,1,186,3,17,214,42,146,12,110,52,34,104,42,194,86,15,70,49,41,211,117,197,76,75,232,103,30,53,242,154,155,251,137,56,16,153,10,24,11,62,225,171,69,178,80,149,108,6,87,154,47,248,73,137,119,11,192,128,91,239,77,47,179,247,203,13,180,190,88,179,23,30,23,76,200,225,184,249,11,165,74,230,133,149,138,197,11,170,188,118,206,106,56,154,191,103,136,210,15,152,211,5,59,178,0,228,229,136,156,8,234,218,186,219,192,85,56,56,161,127
45,221,25,217,121,217,108,124,117,215,27,189,89,23,95,67,191,77,85,243,239,123,86,74,134,7,171,46,198,236,63,241,136,120,36,13,221,10,197,80,65,103,52,20,51,148,60,238,5,192,136,185,252,24,238,100,30,236,210,55,140,7,250,218,20,162,247,103,36,196,181,8,99,189,211,99,236,198,246,87,97,236,183,77,241,137,34,33,128,95,134,111,32,23,8,194,106,81,189,95,29,109,235,132,95,231,36,123,125,33,143,10,62,75,227,209,105,214,109,5,3,130,202,170,251,65,142,198,127
12,33,5,218,205,246,186,127,89,235,90,47,7,84,179,31,135,111,128,183,161,88,251,251,108,95,38,114,164,123,27,130,247,129,127,183,167,230,183,103,108,77,251,121,104,39,12,48,6,215,206,88,171,149,248,64,25,4,146,109,72,1,183,11,247,38,92,146,35,109,179,152,169,36,237,91,189,159,186,101,154,59,138,59,216,31,199,19,71,34,170,141,185,85,238,30,20,129,97,76,150,116,171,89,241,9,156,82,54,76,176,200,38,232,50,236,147,1,59,24,57,1,128,236,201,130,77,106,127
100,238,97,5,183,69,79,165,105,252,40,111,61,50,242,198,171,109,116,51,233,193,99,140,247,80,205,155,68,210,249,208,184,149,161,175,162,137,169,109,122,66,41,223,73,37,73,181,104,65,131,47,248,0,247,250,208,169,158,165,100,147,22,250,103,53,23,144,39,18,24,168,211,182,157,182,135,181,148,214,82,216,242,21,152,67,205,214,132,110,122,161,42,214,57,221,8,2,139,52,81,131,104,182,59,206,6,240,38,74,17,76,144,111,211,248,105,84,241,184,151,118,37,115,177,181,33,125,127
165,3,2,241,145,199,128,86,14,243,72,199,127,204,197,145,205,90,232,67,36,217,53,82,186,142,236,64,238,182,232,96,157,18,130,7,148,85,117,217,83,9,13,210,55,74,164,232,10,139,225,134,33,183,250,135,209,219,103,217,226,171,95,27,155,163,91,89,74,26,145,84,158,127,184,105,85,48,30,24,184,30,16,198,173,20,179,238,21,239,107,201,242,226,127,199,63,232,35,19,95,34,195,206,156,246,23,16,65,235,99,29,108,50,208,98,21,73,27,132,63,6,10,22,145,188,218,212,127
180,205,132,3,67,203,186,169,158,13,172,157,76,159,232,35,174,102,205,72,74,24,91,185,99,160,38,155,225,252,68,1,183,191,48,8,145,34,116,92,136,158,82,12,74,84,43,202,30,170,114,29,220,157,85,181,42,121,57,23,13,240,58,148,175,69,112,48,171,57,217,253,15,189,189,40,34,246,6,16,181,193,62,210,122,207,34,15,208,233,95,232,236,7,190,146,54,229,61,8,163,191,34,74,148,93,27,149,158,159,92,80,29,42,168,179,155,142,193,228,215,11,91,87,151,70,209,56,127
188,180,183,7,20,88,18,170,129,247,15,214,237,101,34,26,140,32,249,73,74,124,196,208,193,192,101,246,252,73,83,52,193,44,34,177,5,128,226,137,177,145,56,174,145,129,193,224,101,150,79,133,76,130,176,144,233,55,98,248,29,139,8,251,115,240,16,243,135,101,109,241,138,161,140,238,180,197,203,202,7,71,118,52,52,208,200,155,69,124,71,80,185,117,76,68,177,86,22,65,155,168,47,85,56,195,221,16,98,141,45,132,109,78,147,139,189,30,124,127,137,60,55,200,209,157,119,126,127
220,180,146,135,248,41,59,70,246,163,241,235,36,242,27,206,15,43,114,220,158,101,239,67,14,165,23,32,164,93,73,130,87,239,116,236,245,198,144,26,147,179,199,185,14,64,130,74,51,204,144,214,30,81,74,61,59,136,172,3,240,125,132,67,236,0,91,43,187,161,158,93,217,152,210,66,181,95,200,226,3,162,229,125,201,16,84,153,210,120,117,98,104,199,83,123,27,44,86,251,225,50,240,219,227,126,79,230,52,90,86,231,161,162,44,100,92,114,82,112,69,56,29,179,224,230,203,137,127
44,54,225,37,26,50,119,17,219,13,187,134,0,178,81,123,75,9,74,253,242,106,206,245,114,138,180,27,120,80,152,30,136,83,168,94,84,127,207,170,79,164,15,13,133,112,42,134,60,133,146,84,120,123,187,192,1,40,124,15,7,173,194,48,65,243,202,62,5,17,236,217,139,161,181,79,241,164,133,85,64,47,201,179,48,74,53,157,219,63,212,127,107,9,157,81,82,23,220,153,196,198,168,113,75,37,134,62,133,178,230,244,90,163,220,138,99,5,62,50,7,93,76,50,9,42,182,61,127
147,29,184,205,141,16,25,171,233,171,87,148,228,225,73,239,153,30,112,56,62,36,223,160,174,18,94,204,232,14,227,249,99,131,196,180,49,145,205,164,112,36,170,234,12,152,225,143,51,9,183,51,152,204,98,119,187,104,44,114,222,150,57,114,90,75,245,25,218,188,211,214,57,173,236,43,237,38,218,158,134,71,201,177,68,194,61,10,50,192,189,90,89,99,39,195,152,107,82,43,27,154,36,15,87,198,237,195,146,175,206,42,24,16,83,252,128,137,182,72,19,229,158,188,235,199,249,251,127
58,2,248,138,58,160,17,194,72,250,118,18,112,226,45,252,212,41,183,65,254,189,68,163,44,96,46,46,46,17,171,103,91,143,193,141,100,95,138,234,165,93,18,114,182,207,150,220,240,138,114,203,61,147,136,98,62,227,149,10,184,166,93,99,239,143,86,241,3,190,10,228,202,147,93,143,187,125,40,77,134,131,184,26,70,154,87,121,133,129,45,75,132,152,122,12,2,57,23,209,196,211,225,15,207,102,198,53,179,123,210,20,193,121,214,147,136,15,39,54,174,208,39,117,68,11,137,45,127
26,121,208,236,66,165,102,79,69,123,92,140,215,101,176,242,79,93,91,144,252,25,216,157,41,213,246,46,159,150,39,54,63,33,131,116,19,170,43,24,54,98,86,4,253,120,94,149,147,111,121,124,149,252,118,38,199,6,171,84,167,129,78,98,137,224,171,157,108,156,254,136,3,89,8,186,16,214,81,227,153,161,155,6,196,95,115,128,124,85,28,232,112,211,212,94,223,147,68,150,240,22,209,165,118,117,10,253,86,144,169,34,97,183,235,219,210,96,54,99,70,219,68,246,155,203,85,234,127
246,110,223,181,64,1,94,33,133,107,31,157,100,185,105,9,187,28,85,241,175,34,12,11,6,224,66,75,137,104,203,250,125,246,252,138,108,182,116,196,170,88,124,196,162,64,158,234,239,2,187,155,94,20,142,32,242,64,238,180,46,214,169,114,224,120,181,99,46,172,119,210,220,76,148,91,228,188,51,135,44,161,76,60,207,46,135,135,9,42,50,43,27,32,21,161,174,95,143,10,104,61,15,156,240,113,141,179,94,196,225,38,245,29,162,189,201,161,49,74,165,191,202,43,124,238,252,132,127
12,22,127,229,115,245,0,138,154,69,246,53,240,65,60,219,245,231,24,208,47,74,41,226,249,190,25,135,3,82,156,200,161,122,194,249,59,123,131,246,157,202,89,113,41,49,136,43,17,145,131,120,26,253,185,61,112,157,100,161,221,172,36,67,5,200,120,106,104,151,182,86,195,19,230,148,98,15,232,73,100,126,190,22,44,84,206,11,102,171,136,242,21,209,232,191,15,87,175,106,4,219,178,183,218,129,19,138,174,114,62,196,115,15,227,209,14,156,73,140,97,199,87,15,33,151,156,52,127
253,32,167,55,1,219,32,218,140,63,140,167,42,212,28,181,77,107,35,112,222,83,252,70,202,12,130,121,254,55,160,166,84,88,50,76,215,206,241,96,5,254,157,104,4,135,27,76,152,38,204,227,62,78,20,8,70,46,252,47,29,65,201,141,110,139,218,244,193,19,86,228,242,55,6,28,149,68,64,175,203,71,192,105,236,75,235,92,252,248,145,36,89,26,64,49,87,101,26,168,22,220,18,84,171,54,124,49,6,98,113,114,241,56,94,192,131,202,158,62,199,238,170,81,165,41,175,47,127
53,24,136,184,113,93,81,169,45,18,65,1,15,163,18,65,196,32,103,111,53,144,51,152,217,75,29,24,116,169,50,198,232,9,5,206,133,225,209,244,9,109,135,50,155,65,252,80,246,247,133,235,101,109,86,238,100,213,127,153,248,138,233,213,171,27,247,222,89,149,193,85,76,125,2,153,64,51,127,154,24,29,114,107,30,245,124,83,34,108,186,69,253,234,10,71,117,70,17,244,42,202,18,88,105,193,20,67,104,4,48,88,168,3,249,217,214,79,130,168,131,207,68,253,228,184,139,215,127
52,132,162,4,95,123,105,220,127,111,212,115,81,59,97,170,210,81,149,70,182,82,124,187,28,142,62,181,253,205,91,27,1,147,132,172,246,231,169,79,218,209,69,245,109,13,250,37,62,126,87,248,210,152,141,38,184,97,189,133,108,49,8,191,103,171,233,220,248,74,168,85,249,19,252,106,38,14,47,219,231,185,35,156,83,108,200,183,197,16,86,66,60,251,36,57,165,56,79,203,187,189,211,187,239,21,198,43,240,93,171,117,105,220,0,1,127,166,252,10,123,253,28,97,69,8,20,232,127
157,179,164,110,164,144,245,136,144,81,121,49,205,31,74,225,30,8,134,39,15,36,247,99,39,111,82,58,159,146,236,123,201,143,119,20,5,55,242,83,73,175,144,29,39,113,12,137,20,48,111,211,117,231,243,136,65,174,65,137,34,97,40,96,129,63,10,14,54,148,69,167,63,9,134,36,106,206,5,194,107,80,143,114,133,183,164,231,18,182,243,229,114,21,94,90,101,61,169,162,239,220,202,17,248,140,137,68,3,218,75,16,56,155,192,121,144,86,100,119,36,62,36,202,124,141,14,211,127
173,240,248,11,15,96,248,4,248,130,41,122,177,161,182,214,18,237,109,249,14,231,8,33,40,94,241,234,60,246,110,81,156,184,32,82,2,82,52,155,7,139,2,132,37,162,214,170,34,68,25,227,67,143,171,180,99,97,110,206,185,170,115,41,64,10,40,199,0,211,252,178,68,22,168,81,135,150,191,7,160,103,65,141,170,100,185,138,175,72,112,140,228,107,12,233,55,100,171,91,18,244,102,245,229,156,209,45,216,165,226,171,237,154,175,78,248,203,79,4,168,116,181,92,142,222,62,230,127
0,66,43,103,94,38,249,87,224,98,186,32,148,31,164,104,198,86,55,198,56,121,143,131,229,157,181,43,206,200,68,202,49,83,211,112,82,179,48,101,250,84,214,49,183,81,119,195,171,64,159,186,41,47,39,224,85,116,180,215,167,185,6,114,16,202,153,59,48,240,62,109,143,5,90,142,38,217,105,155,39,241,201,134,14,91,111,119,219,180,236,85,201,113,52,157,100,95,254,84,230,78,199,143,228,157,213,147,130,119,59,228,192,127,47,69,175,63,238,229,36,44,96,142,68,50,218,186,127
222,216,73,61,111,173,5,40,165,153,143,149,1,161,54,134,183,70,196,58,17,28,105,105,217,53,239,92,171,177,85,222,154,37,29,46,193,56,10,80,38,79,227,159,23,152,115,82,59,218,212,20,87,207,95,235,46,31,40,57,83,12,84,74,5,148,172,78,49,195,241,225,152,15,66,4,96,241,25,13,224,8,217,36,98,26,161,246,37,224,173,38,174,148,232,60,208,125,231,233,22,43,61,72,14,212,41,225,104,35,248,58,253,236,239,86,238,23,136,100,32,174,139,132,164,16,87,113,127
176,49,154,123,99,29,9,41,63,122,119,14,74,223,197,254,224,12,250,48,179,10,155,198,214,147,77,148,171,78,166,222,96,81,167,220,151,12,84,112,71,196,140,6,150,218,74,253,193,208,72,169,79,239,205,204,57,187,30,185,184,146,204,171,20,184,163,149,46,6,246,46,109,28,160,44,51,169,178,28,165,230,49,42,201,84,203,248,36,165,111,89,109,95,154,126,74,170,134,147,192,152,29,153,42,233,54,191,9,6,29,120,17,181,187,150,43,164,212,102,184,63,114,234,174,222,39,199,127
214,28,36,155,139,141,11,13,95,6,72,236,218,213,69,53,95,206,212,169,54,127,251,197,51,150,97,159,8,163,78,93,220,116,3,154,182,179,45,194,127,63,140,68,4,9,15,242,200,78,239,25,75,66,62,9,247,131,127,142,250,81,3,210,12,105,125,66,35,109,164,146,126,137,245,120,127,152,145,108,16,209,47,190,171,127,65,231,53,47,1,147,167,27,61,124,196,211,243,160,241,31,103,147,251,110,227,12,27,74,162,20,176,22,14,87,127,226,161,9,237,218,250,140,168,170,203,82,127
89,1,203,227,23,53,64,87,48,245,253,165,212,133,126,45,140,99,26,176,29,176,153,32,79,97,249,113,131,19,220,92,22,230,183,189,2,4,123,24,109,78,219,180,253,117,212,50,217,224,22,19,57,77,6,38,169,120,227,155,119,86,116,24,89,210,246,143,105,228,229,10,62,223,143,211,207,65,196,70,241,69,189,128,178,212,240,195,206,49,238,42,195,174,15,144,205,204,17,77,164,203,29,217,55,188,223,16,76,78,202,14,183,59,51,250,158,174,11,195,51,141,122,125,203,42,222,19,127
168,69,82,154,30,140,7,101,87,31,91,156,12,191,135,201,192,180,156,207,213,51,220,165,60,157,148,143,227,73,237,179,94,184,120,43,7,220,201,26,79,44,72,62,141,105,19,54,227,182,78,174,208,250,251,96,16,22,119,149,84,249,92,199,161,159,60,89,46,95,182,176,139,239,174,138,253,161,7,177,117,144,250,144,130,73,97,144,30,200,92,137,38,26,99,109,213,40,140,187,49,163,215,147,239,127,86,76,72,231,135,173,203,254,15,193,21,197,59,48,88,166,99,75,239,26,27,18,127
98,137,217,141,225,116,153,91,27,22,238,152,254,177,114,248,110,132,48,32,56,250,63,86,53,21,230,142,251,245,96,217,97,31,75,98,160,101,1,183,122,104,173,137,72,186,111,215,67,88,45,216,140,123,234,52,229,133,164,154,32,239,78,221,156,189,97,129,248,82,229,7,237,15,89,240,60,169,12,156,84,1,111,101,85,106,230,78,30,41,206,35,63,240,245,246,168,236,30,34,55,240,164,60,172,48,76,21,56,107,210,230,91,10,175,96,201,154,159,188,82,52,200,167,49,104,211,186,127
104,184,24,57,4,93,200,175,238,245,86,187,94,136,133,6,190,187,60,71,214,144,40,110,127,149,107,92,31,60,170,91,251,107,67,233,216,77,41,4,101,42,158,21,147,78,79,239,127,5,24,229,113,216,131,142,215,238,68,138,36,239,44,43,240,45,151,150,144,234,247,249,144,128,25,78,157,228,196,226,40,33,61,183,142,201,250,60,214,114,105,85,23,30,48,144,161,78,22,26,113,159,251,214,76,108,134,6,97,152,182,6,237,106,16,142,87,21,219,143,15,167,43,85,202,138,67,235,127
205,238,136,32,52,148,143,53,15,142,201,115,148,230,69,129,68,55,6,132,22,234,221,210,242,218,126,66,115,174,158,239,122,115,181,69,126,242,242,137,24,217,204,184,234,148,101,243,232,212,87,20,221,77,90,182,187,99,133,228,108,239,57,44,209,249,44,39,25,229,47,140,72,200,69,149,146,190,114,134,226,41,171,227,39,101,59,22,105,107,206,79,3,240,92,71,184,43,66,142,71,154,103,83,5,69,151,42,23,196,200,95,10,1,61,172,160,203,146,141,245,201,46,13,197,116,228,69,127
94,75,26,115,52,155,52,254,35,57,144,62,134,30,162,196,212,102,187,160,45,14,54,135,150,63,204,47,20,126,3,30,250,216,28,86,73,164,117,78,85,230,78,15,133,59,178,112,159,78,198,178,98,210,128,195,114,250,112,124,213,157,181,146,197,198,135,145,166,147,37,68,45,247,101,199,150,69,202,170,206,171,181,207,208,28,145,26,66,80,3,178,187,25,233,51,243,222,114,9,160,107,82,50,139,177,44,219,180,237,144,180,211,162,227,104,164,174,204,210,9,47,81,89,51,249,182,194,127
124,48,224,59,214,56,229,68,7,253,205,173,31,166,246,103,69,91,223,34,6,185,185,36,74,170,239,180,57,217,126,208,9,123,8,165,233,182,120,92,164,0,206,243,223,224,40,13,198,212,13,148,93,230,137,22,93,141,157,52,178,230,205,174,161,154,12,173,148,202,89,120,101,61,145,195,106,54,239,68,216,14,202,194,119,103,77,108,155,110,196,148,147,17,84,213,207,252,248,20,43,99,204,168,63,194,152,193,218,74,59,253,16,225,196,62,76,70,106,186,89,95,126,87,94,133,11,124,127
244,59,58,93,149,25,199,103,118,189,163,97,135,60,172,82,30,135,30,102,110,67,227,73,31,20,1,140,147,51,112,119,160,153,252,69,71,231,221,101,76,82,39,227,220,49,52,190,96,76,28,232,3,4,25,108,89,149,250,67,74,99,129,75,158,65,254,236,131,120,87,201,13,29,253,57,241,14,161,193,127,232,128,31,160,81,215,66,250,120,86,183,215,230,2,19,195,221,139,253,206,204,223,109,248,111,6,167,19,100,169,162,246,134,162,62,106,252,199,187,176,46,3,82,28,78,117,220,127
134,194,218,29,62,12,25,79,16,3,215,249,113,124,245,163,45,63,171,249,245,252,126,110,74,122,56,127,184,146,222,35,6,55,171,123,166,253,222,117,23,0,164,42,144,224,35,132,39,235,112,48,179,134,100,115,218,48,90,219,146,207,238,22,185,134,119,198,61,21,27,96,82,31,188,76,151,172,10,17,249,224,90,69,145,177,187,214,135,139,51,48,202,51,251,179,101,102,11,211,245,21,201,160,65,134,191,252,254,149,189,203,88,166,213,11,177,209,117,76,45,90,45,58,4,51,118,186,127
113,203,127,253,145,198,134,1,6,204,106,177,253,59,47,93,46,14,32,203,36,75,65,166,183,87,64,88,101,134,23,119,184,110,161,134,196,51,187,84,100,60,147,118,35,30,39,174,172,182,62,244,45,172,211,235,72,77,121,66,68,139,147,171,146,45,169,109,87,68,44,108,18,120,179,40,189,188,56,5,140,166,232,99,138,141,177,192,86,234,186,234,131,18,16,248,194,158,251,78,100,182,31,186,130,241,148,47,209,137,111,63,55,124,163,210,238,121,121,226,192,51,79,209,76,151,197,199,127
159,24,204,42,213,170,156,54,49,15,168,187,32,178,1,201,65,40,50,62,54,68,223,65,12,46,102,180,232,202,93,91,11,13,57,42,21,53,142,138,176,116,4,147,131,121,149,92,80,178,252,113,102,78,137,5,214,19,119,107,130,73,253,184,203,14,138,119,29,166,206,139,197,70,219,84,88,49,20,105,92,144,196,113,153,143,131,101,171,120,119,109,158,199,244,153,172,93,136,200,130,240,205,68,138,172,200,100,36,56,231,190,249,173,149,146,120,168,92,91,229,111,7,32,86,139,6,58,127
72,167,203,226,174,53,235,84,56,131,64,191,211,153,45,110,175,52,144,26,8,230,55,89,203,48,107,174,36,122,200,213,82,99,93,219,49,213,9,132,5,93,147,93,168,190,89,57,149,136,187,65,252,110,106,47,25,69,250,112,194,213,206,73,202,165,145,86,251,197,188,92,230,226,234,226,234,206,200,204,182,192,68,219,11,151,217,41,6,93,47,91,159,79,152,208,50,87,236,52,185,197,113,95,42,92,121,38,16,84,85,127,21,129,142,242,157,162,49,187,192,237,152,25,34,211,154,249,127
241,66,250,30,57,233,4,9,162,209,224,178,226,199,179,209,132,87,168,9,147,31,80,82,150,160,236,66,95,41,212,46,79,120,18,134,90,64,213,217,20,96,231,128,77,247,67,65,10,47,71,201,219,218,214,229,225,173,121,223,95,80,184,239,59,114,62,51,242,103,250,200,33,224,242,216,122,93,54,39,97,145,95,112,198,200,105,211,173,141,163,188,91,188,152,2,79,187,97,20,154,94,195,32,72,86,238,229,238,135,192,26,230,167,78,65,5,200,118,179,140,127,25,226,106,139,59,228,127
57,209,116,99,184,177,205,223,127,106,207,251,218,178,242,85,76,149,9,137,44,29,219,242,16,120,10,86,32,230,143,108,177,54,30,75,225,86,126,24,72,215,39,146,141,246,85,127,159,46,50,111,45,206,180,42,232,215,18,179,177,240,65,245,25,51,148,175,192,37,23,13,13,192,140,171,97,146,156,82,148,17,112,121,245,213,112,195,124,47,220,158,241,199,39,247,211,216,20,22,153,75,18,158,223,184,67,238,159,234,178,101,7,61,55,133,135,90,147,217,156,170,43,105,124,201,43,172,127
86,231,185,119,166,65,219,213,175,228,34,37,47,88,146,81,13,154,24,142,24,245,94,175,211,160,195,8,28,138,72,226,151,131,162,173,195,50,149,242,48,210,183,62,172,216,165,80,97,184,83,214,252,197,47,240,98,138,213,96,127,171,89,92,94,124,72,177,124,215,40,108,205,143,128,135,178,210,250,244,100,74,223,213,236,185,173,34,147,47,36,237,52,49,61,41,133,244,195,222,236,236,42,213,201,244,35,241,1,32,67,9,91,245,198,50,129,209,15,53,209,100,49,243,168,212,52,66,127
139,120,235,94,191,233,66,230,198,2,47,220,144,182,185,123,11,168,24,66,226,239,46,59,233,211,5,197,132,210,149,164,81,90,190,28,55,185,197,83,154,239,132,207,24,243,208,141,237,233,50,229,227,143,118,238,118,119,94,110,133,210,120,200,209,179,147,5,35,213,42,23,123,171,195,171,104,67,28,160,110,212,245,29,52,208,162,56,62,85,51,131,106,87,139,89,153,126,99,80,213,162,36,74,123,64,98,201,135,20,165,10,175,43,116,30,218,183,180,171,93,238,76,227,5,87,252,193,127
114,237,237,165,252,252,237,19,169,24,54,183,188,96,22,17,11,191,152,103,147,0,237,204,132,246,15,170,228,253,211,42,49,133,95,238,91,67,248,43,118,116,142,188,225,239,15,126,123,197,174,81,216,87,120,242,246,176,52,226,45,205,147,5,230,153,41,209,211,231,209,18,203,83,43,7,141,123,23,33,246,93,42,207,103,183,252,31,107,45,56,39,111,167,225,158,82,239,237,30,181,116,10,143,23,93,26,113,20,35,56,189,146,106,145,84,95,131,109,173,174,16,133,69,109,121,223,41,127
51,32,93,142,114,178,33,240,230,238,187,90,34,65,154,138,151,126,90,85,92,88,9,123,101,2,195,61,8,163,83,18,106,36,68,122,61,194,120,45,179,77,125,209,209,51,144,184,13,195,90,224,231,41,54,53,239,192,77,54,47,84,26,20,145,82,162,197,199,228,198,162,89,170,164,125,58,46,192,121,114,160,177,187,154,231,16,123,143,124,59,44,50,68,64,153,7,122,150,56,62,201,122,28,102,199,82,27,139,1,21,217,94,16,85,81,223,128,101,97,147,40,99,166,246,170,67,98,127
223,171,61,218,174,73,166,24,131,220,135,103,82,65,7,84,231,15,158,12,168,39,37,87,76,37,192,209,65,55,125,172,174,6,243,65,136,159,152,31,42,123,87,49,197,162,98,205,23,6,180,8,74,224,40,136,68,88,204,233,182,127,23,128,122,65,145,64,225,41,69,236,252,230,12,43,241,206,205,29,41,233,208,210,121,248,214,249,37,249,124,143,240,42,42,75,245,92,146,170,103,235,84,50,254,31,73,21,33,251,220,55,222,59,86,240,197,50,155,0,205,161,122,32,226,204,110,70,127
238,137,16,4,97,80,149,122,40,230,182,69,241,115,146,55,189,110,48,139,145,17,239,178,224,156,239,27,102,6,185,166,85,195,63,131,84,82,163,110,83,217,97,47,197,105,128,152,169,250,42,247,137,138,139,241,60,118,165,14,69,197,197,156,177,23,42,149,228,30,124,249,115,74,251,117,135,104,180,58,68,223,80,2,111,11,102,111,131,107,177,160,250,199,254,240,24,99,168,190,71,49,238,209,97,58,82,102,119,29,149,233,23,224,59,212,46,137,119,216,29,248,253,186,170,170,180,110,127
23,157,231,90,172,184,58,44,103,160,151,127,43,124,21,85,60,101,210,211,73,19,81,94,71,25,146,52,134,218,123,61,124,168,25,121,156,169,174,101,27,240,168,13,217,107,75,167,195,108,220,236,75,10,45,128,94,182,233,51,26,249,82,90,218,134,228,229,138,95,17,48,177,247,107,38,127,181,47,82,56,69,83,65,39,204,198,249,120,40,86,144,227,66,221,11,254,50,130,181,119,75,131,85,174,210,135,141,232,213,235,148,38,29,118,16,108,222,88,100,163,180,129,124,235,4,238,31,127
149,187,243,252,193,88,64,19,229,34,70,227,231,95,114,33,56,9,223,220,20,190,138,5,190,178,77,77,223,78,238,181,14,83,169,34,67,215,150,64,99,140,165,170,130,153,169,47,65,176,245,178,247,205,108,97,182,199,127,169,204,5,92,110,211,184,15,212,195,48,9,74,251,61,186,95,70,185,110,193,104,130,111,100,108,3,94,112,109,203,92,66,43,109,1,21,139,192,121,88,197,84,165,174,108,197,120,173,247,92,69,55,63,48,190,51,249,112,82,115,88,19,139,20,52,161,248,58,127
126,189,124,180,109,95,26,98,204,220,188,79,90,78,249,125,190,144,84,78,16,34,24,141,142,32,176,150,221,226,135,0,251,124,29,16,93,185,35,91,96,93,243,178,118,78,232,9,21,6,132,83,81,59,63,244,61,43,91,174,5,39,140,47,76,219,163,170,190,145,86,241,129,102,7,10,216,81,22,237,219,143,129,186,165,108,228,45,30,119,224,200,52,77,107,98,103,242,235,80,164,230,9,95,75,206,126,97,246,237,80,251,134,102,137,20,12,62,74,88,158,17,111,16,59,232,121,181,127
78,183,23,110,226,238,31,115,57,166,231,182,97,92,66,88,174,11,100,9,181,66,58,186,45,9,211,108,86,167,231,48,31,65,44,48,183,115,76,197,113,247,252,212,122,175,239,126,124,101,31,181,20,38,146,211,122,157,243,116,161,203,84,189,205,18,187,102,43,103,126,123,198,124,142,77,90,7,249,99,244,119,81,27,213,249,34,227,57,126,56,211,193,232,25,143,57,15,34,106,171,180,199,33,193,162,189,186,199,138,251,74,203,20,171,99,10,220,140,62,78,175,232,214,137,80,188,156,127
56,99,126,100,118,201,4,60,141,196,72,167,219,85,145,87,70,126,73,67,114,149,139,150,167,20,61,249,221,193,61,171,102,202,51,120,192,44,13,113,58,125,76,28,97,34,44,150,201,251,245,237,155,143,173,178,22,101,31,117,254,199,66,113,67,8,253,168,153,60,14,129,80,48,113,229,109,114,188,162,201,53,167,180,45,185,63,81,112,47,208,58,128,117,138,234,52,79,82,14,223,222,81,209,167,137,51,201,109,201,5,58,5,147,7,71,43,140,218,21,235,73,127,94,200,27,6,122,127
69,190,150,29,220,87,123,197,202,111,207,35,243,211,63,94,43,45,92,44,216,192,185,151,9,192,58,160,22,33,7,67,132,243,10,95,58,74,39,160,232,172,104,156,209,59,53,173,78,195,26,117,5,134,236,61,178,165,238,98,195,250,4,232,78,195,40,207,252,85,110,62,196,223,204,198,215,25,0,104,146,199,253,55,180,176,243,185,183,17,134,128,155,71,41,130,179,143,31,150,110,109,183,51,244,248,242,229,206,209,228,74,61,10,191,68,4,115,223,92,182,54,79,231,83,47,79,208,127
167,157,178,4,230,165,9,249,106,241,216,133,188,5,11,58,1,149,48,124,210,197,179,93,203,123,17,31,60,181,61,92,249,147,172,216,252,244,156,45,59,79,79,124,250,141,17,59,165,210,6,109,198,223,204,5,140,33,218,4,81,189,32,100,49,192,59,224,136,23,8,249,78,127,135,125,205,182,110,249,169,156,115,203,17,107,232,134,176,13,120,85,25,9,124,53,212,127,168,149,13,97,75,59,218,87,135,10,179,54,246,58,165,111,46,223,165,194,176,254,134,32,34,200,238,160,81,198,127
35,121,226,87,143,173,232,99,73,78,156,237,32,244,198,29,111,155,109,135,230,26,94,130,20,43,9,119,209,251,15,107,37,107,46,227,119,92,68,251,106,55,166,109,177,71,117,225,115,237,89,12,192,102,239,114,41,237,178,109,147,20,201,33,157,220,102,35,176,254,26,218,163,95,18,38,120,81,74,216,52,158,44,205,86,65,61,25,167,190,205,248,38,71,190,55,246,103,245,86,156,182,0,29,102,79,62,200,81,73,158,87,144,73,226,222,43,247,253,99,155,185,74,177,83,221,208,35,127
173,200,228,129,131,53,197,79,234,162,154,189,220,127,145,225,174,66,132,210,208,87,82,247,232,41,10,41,100,235,32,163,238,154,186,99,95,45,171,236,45,19,194,242,57,59,15,132,151,65,158,251,183,247,35,85,71,246,154,132,225,135,144,210,25,65,58,165,237,66,246,141,132,82,151,31,142,190,14,71,180,171,243,197,152,183,56,51,102,149,224,121,167,9,214,237,70,109,153,98,177,128,211,201,10,151,86,252,156,148,23,77,229,30,196,57,38,40,113,23,43,169,109,196,11,65,141,191,127
135,178,144,127,244,99,182,152,26,37,109,246,226,132,32,60,172,226,34,183,101,184,47,225,79,163,13,142,79,48,38,61,122,14,81,83,95,24,70,132,139,203,35,21,194,184,11,27,22,147,235,61,34,142,131,14,230,85,8,180,60,199,1,185,184,218,86,120,30,228,56,51,45,44,159,45,224,177,90,247,31,170,123,79,127,40,33,154,36,24,84,79,112,244,231,25,182,224,175,130,123,97,167,54,117,163,75,98,147,172,87,133,19,161,148,222,218,91,62,89,173,198,9,152,23,185,228,124,127
215,214,18,189,109,148,237,74,159,214,213,76,1,77,52,68,13,110,166,124,114,157,130,65,164,253,66,93,120,55,223,193,214,171,151,61,89,177,25,57,200,212,54,4,71,85,145,225,9,51,252,183,130,187,210,17,213,143,199,50,135,74,19,218,201,104,218,9,5,190,223,208,15,146,23,74,128,2,84,151,42,225,79,227,19,100,131,123,152,154,192,135,83,58,47,164,149,22,133,227,130,208,104,167,82,148,27,100,229,206,174,30,10,29,176,144,70,216,87,249,120,245,231,251,107,125,224,101,127
138,56,24,37,15,88,190,100,170,104,208,116,204,75,176,177,110,26,93,51,119,119,243,84,134,201,124,92,50,17,44,66,214,18,109,186,180,156,176,233,204,209,158,217,54,108,123,190,102,123,45,104,23,24,212,197,52,67,7,204,25,66,37,41,16,205,7,71,170,167,70,115,115,234,109,240,73,248,170,109,244,43,219,85,161,192,44,93,186,37,222,131,174,154,161,9,102,204,27,231,249,38,150,175,32,7,203,150,27,231,68,18,252,53,95,56,61,175,236,176,247,89,192,164,121,132,165,120,127
109,34,49,152,63,116,224,198,181,89,230,12,75,176,140,23,185,26,242,243,98,161,43,104,239,32,33,150,154,102,10,132,222,20,171,251,52,60,184,107,108,149,228,223,130,18,131,40,124,140,44,227,51,82,156,209,23,151,163,24,16,243,192,130,192,138,219,55,95,26,244,26,238,251,47,47,153,29,102,156,131,38,154,239,221,225,16,27,83,164,51,8,134,194,224,10,112,75,212,129,19,217,134,180,110,39,21,181,170,77,50,116,68,113,89,37,5,155,143,100,208,130,198,243,68,124,108,201,127
127,90,10,149,13,118,120,75,64,3,234,47,158,12,66,60,74,161,64,51,220,102,116,114,104,55,128,215,217,218,171,33,203,86,236,45,247,111,112,236,161,156,189,148,251,65,239,212,162,125,203,120,59,253,83,18,193,202,26,39,241,221,102,203,62,32,156,151,49,140,153,248,24,90,127,183,8,6,155,20,193,204,6,213,34,214,100,249,191,67,213,148,109,80,124,70,112,30,203,136,90,232,168,49,48,202,133,239,8,188,166,222,147,8,139,211,45,148,80,147,133,196,170,92,98,228,136,180,127
195,222,64,100,153,76,154,219,77,109,235,11,38,79,46,126,1,167,68,12,224,182,238,125,104,182,131,113,244,183,127,143,172,46,227,198,64,16,58,68,104,20,168,35,250,103,141,109,221,116,235,131,192,4,176,228,20,62,143,230,29,164,139,183,251,174,241,214,121,157,30,150,173,120,148,12,132,212,108,80,237,84,244,7,168,238,161,78,18,229,183,86,181,59,14,120,169,87,171,90,129,37,78,82,194,181,237,101,199,169,193,108,27,230,200,222,227,210,31,88,69,79,234,220,85,72,161,179,127
109,194,39,125,7,120,40,149,9,211,32,185,3,178,140,44,89,98,98,12,216,39,210,209,223,155,44,37,27,4,226,63,235,114,252,158,108,121,19,135,249,128,108,54,190,100,8,208,86,208,162,101,218,196,105,32,205,168,194,235,3,69,177,94,126,206,168,191,60,146,43,96,237,165,196,229,247,89,83,14,232,23,125,45,103,210,202,110,6,50,115,67,118,235,242,45,129,160,211,164,232,149,81,23,209,32,53,188,199,106,10,238,12,17,17,213,239,241,51,106,230,0,79,91,89,15,77,86,127
138,241,14,254,225,35,179,9,50,74,184,224,165,187,8,94,133,157,167,150,239,172,123,226,102,37,38,189,136,157,38,169,185,235,27,146,251,211,248,47,98,204,167,47,15,232,138,109,139,172,236,132,86,157,232,87,85,158,137,242,131,240,3,105,138,229,217,173,7,82,109,90,215,88,103,207,162,99,66,214,81,78,16,212,52,126,150,13,54,145,144,95,226,165,216,111,138,233,106,61,166,189,57,74,71,109,58,118,180,194,156,31,65,16,186,97,188,161,169,146,87,15,129,228,230,213,247,6,127
17,12,237,153,44,14,14,7,156,153,175,79,240,105,230,117,23,156,134,126,17,124,166,149,68,56,11,12,81,19,48,224,145,79,232,99,51,223,173,103,14,168,190,247,32,43,14,77,6,173,145,53,57,118,111,91,253,146,69,185,179,107,54,162,123,121,151,142,88,58,237,45,174,191,66,101,185,52,108,198,88,21,101,82,26,143,15,152,251,191,63,177,104,10,84,110,48,248,193,48,112,102,34,178,71,155,235,86,27,79,168,216,198,9,119,82,154,197,126,93,52,23,199,83,164,188,210,177,127
53,215,25,195,159,106,208,125,234,205,251,125,144,151,116,210,11,129,232,40,40,77,51,48,212,106,54,173,37,85,243,245,93,0,2,121,75,141,148,17,222,3,178,52,114,2,30,239,241,185,23,26,141,238,188,112,147,204,127,165,197,227,135,34,107,108,171,13,236,160,170,53,119,82,100,242,16,108,210,24,72,35,72,121,218,111,97,115,21,173,99,53,181,47,201,66,196,138,183,51,130,249,63,241,107,87,33,4,202,231,158,39,206,232,156,23,38,60,6,103,129,71,254,1,147,90,78,27,127
126,129,54,165,179,34,22,39,89,69,79,248,157,69,222,54,100,100,125,110,219,253,146,174,40,145,246,77,97,49,119,172,33,3,78,240,60,232,68,8,70,90,142,21,178,98,209,136,17,222,1,98,190,174,136,79,144,51,182,33,22,107,14,158,13,80,253,99,204,27,118,212,14,146,41,169,242,213,140,231,3,140,118,235,222,150,254,15,92,185,146,235,155,47,11,186,251,93,113,236,188,42,216,162,20,192,202,142,184,196,2,7,130,251,13,221,103,198,134,140,108,59,5,34,9,77,41,32,127
77,103,251,152,230,233,17,229,43,85,110,187,140,130,247,155,175,202,43,136,235,110,236,35,120,96,2,189,66,182,239,74,36,129,238,88,123,14,201,189,222,77,227,98,203,125,106,172,52,58,101,235,79,51,214,72,202,206,176,215,144,66,19,234,228,183,235,70,36,109,130,210,141,20,218,171,254,17,38,169,119,176,217,251,210,3,156,98,249,228,96,22,179,186,106,90,113,53,192,189,181,65,10,83,166,245,239,187,117,162,77,229,143,11,90,144,116,133,73,122,24,158,35,230,222,80,78,233,127
23,225,126,196,86,252,193,44,206,131,5,88,209,136,222,233,144,239,237,252,70,41,152,172,220,22,37,145,25,37,252,187,3,192,94,119,145,31,26,145,230,136,48,124,222,197,178,230,154,228,3,97,251,103,60,187,171,139,32,47,230,210,54,90,205,46,105,156,12,139,112,24,77,16,33,59,157,49,142,183,229,73,118,116,148,105,212,81,137,65,30,9,24,45,45,157,7,229,242,45,209,141,246,65,156,241,95,140,183,210,216,20,146,65,230,135,236,15,170,163,60,248,215,132,239,158,42,169,127
75,99,177,203,8,60,77,249,123,167,57,127,133,227,130,250,126,54,135,1,117,241,204,80,13,217,131,48,144,45,185,194,11,124,44,231,226,101,32,220,79,138,186,77,91,160,14,91,193,236,69,221,143,244,186,17,246,139,185,133,155,180,147,143,82,17,243,102,125,164,203,7,1,180,114,221,149,79,125,88,26,43,137,242,203,251,158,87,156,187,220,154,163,88,216,194,30,20,219,42,250,159,15,181,238,107,202,201,113,98,33,230,138,226,160,164,132,187,97,26,69,237,8,35,74,194,193,224,127
56,174,58,163,97,111,189,234,1,177,84,139,228,163,38,82,17,44,119,198,100,110,142,211,157,220,241,163,57,183,183,243,215,93,29,136,199,207,235,159,242,104,144,120,72,114,108,11,250,174,83,67,6,168,33,5,169,120,211,76,71,42,41,134,74,186,23,37,3,158,122,102,224,83,109,116,247,161,215,160,190,62,182,221,48,197,217,12,209,247,33,124,105,179,90,183,160,250,138,248,130,104,148,44,138,52,39,138,161,164,62,161,50,231,41,4,85,213,253,24,224,191,126,104,65,131,156,110,127
218,149,57,139,99,198,190,179,49,153,165,62,171,245,86,26,125,118,144,134,155,132,176,159,147,182,68,201,249,185,27,144,219,166,254,252,180,19,143,178,58,168,44,89,61,199,207,82,38,12,235,23,36,12,248,231,115,208,94,191,149,119,227,226,2,134,100,18,102,169,127,145,183,32,230,74,47,158,4,173,233,88,30,95,55,134,180,39,205,165,156,200,44,49,112,177,63,249,194,214,109,241,149,30,102,240,141,125,64,38,24,193,110,73,219,175,121,108,107,63,214,81,95,206,167,80,227,99,127
99,97,56,92,182,80,226,175,251,13,63,37,132,188,181,177,26,163,93,221,2,87,92,48,149,13,172,146,109,39,236,142,31,57,49,16,157,165,250,21,106,199,160,139,136,32,134,7,18,182,9,30,173,88,96,79,217,236,119,133,83,230,102,166,25,138,9,39,183,106,192,41,170,162,109,178,48,94,107,105,233,129,100,65,112,146,115,27,142,14,109,92,96,253,220,128,120,76,93,201,122,241,37,11,119,235,236,107,215,20,187,75,0,13,151,230,143,176,128,135,153,252,92,173,43,102,51,221,127
135,193,113,95,200,149,143,226,18,194,85,48,70,153,22,171,89,250,215,182,120,85,159,10,138,231,110,216,27,248,142,203,220,38,61,144,137,107,86,19,25,252,20,49,86,77,94,33,208,250,205,7,59,189,242,246,187,3,237,3,177,15,135,152,224,129,235,44,203,85,23,53,9,198,95,54,44,78,199,161,71,100,24,91,79,186,249,57,31,144,165,220,153,189,4,69,123,59,152,25,200,239,181,84,116,107,92,69,54,211,234,3,78,238,68,219,152,28,171,76,166,47,88,179,96,89,236,8,127
215,173,154,122,134,203,175,13,220,207,55,207,69,11,56,125,111,174,243,56,234,182,236,137,110,116,141,243,187,97,147,51,213,42,172,24,138,39,245,161,224,105,52,80,232,195,143,145,55,54,64,224,187,32,212,127,23,131,132,28,64,251,163,126,12,217,123,224,151,221,96,71,21,33,50,165,111,192,126,96,148,132,19,162,159,3,130,253,45,83,152,6,183,165,227,239,29,188,81,211,60,6,30,69,82,113,3,14,121,117,70,160,197,49,149,99,194,178,116,54,179,14,145,173,162,115,192,129,127
226,23,40,220,179,35,80,154,124,68,204,207,170,34,104,53,59,39,209,143,239,201,183,120,189,198,74,246,71,181,184,2,2,87,111,17,246,250,146,158,23,165,208,83,138,190,62,204,89,23,16,11,67,192,137,167,43,75,157,47,101,42,23,118,171,243,224,83,215,22,47,38,169,37,198,106,39,117,86,185,187,65,247,68,192,230,224,219,186,190,121,163,52,162,177,232,65,195,121,111,236,181,46,241,254,27,14,239,39,137,143,162,43,42,60,229,14,228,78,39,253,12,44,22,166,232,218,21,127
52,30,253,21,123,196,195,187,69,29,135,115,74,59,201,146,135,245,191,246,146,200,145,132,127,113,89,149,130,251,96,195,85,223,34,142,72,78,164,250,74,173,112,97,103,96,50,95,24,119,206,197,2,65,82,48,180,169,73,250,129,216,245,111,214,204,117,206,61,136,113,247,156,167,170,128,187,249,123,29,70,90,9,168,161,1,141,219,226,236,65,148,46,105,61,147,18,28,235,239,248,65,134,196,136,240,124,40,179,73,206,175,37,104,230,233,206,13,97,207,183,224,29,56,176,167,102,26,127
140,251,50,58,208,141,155,254,228,143,81,240,16,170,15,191,101,158,107,61,67,51,151,233,246,159,155,151,118,127,108,104,13,143,117,207,62,149,2,142,115,12,59,201,118,90,6,99,165,72,67,224,103,189,108,51,119,187,64,10,139,218,150,42,36,125,155,208,30,59,207,108,23,9,157,15,252,67,83,142,243,252,53,16,176,108,231,89,254,13,143,24,176,58,81,171,215,103,221,92,253,202,139,69,239,214,135,157,54,202,181,209,137,241,73,152,158,121,16,241,175,227,62,8,231,172,0,206,127
224,201,212,199,117,58,83,200,246,160,168,147,50,91,223,208,175,24,239,93,215,16,67,236,94,194,110,249,216,253,84,147,222,32,17,95,160,254,246,4,231,125,199,123,239,70,107,61,253,189,18,85,123,24,66,246,152,58,94,169,126,203,82,218,180,21,37,51,85,193,124,69,150,140,210,242,38,72,184,10,233,183,58,61,214,188,70,63,106,248,32,249,167,189,234,81,94,211,202,8,94,130,132,201,69,162,159,254,72,151,31,125,150,174,213,186,55,59,29,48,131,91,176,182,45,72,229,91,127
169,206,54,231,4,226,76,213,166,221,38,184,119,106,173,67,97,224,229,245,8,185,29,3,98,99,208,190,68,28,89,150,159,205,202,213,5,161,235,70,235,166,213,80,160,196,229,205,183,161,70,159,186,250,39,116,63,126,21,198,51,53,45,81,107,128,111,107,208,77,70,122,36,132,234,203,30,102,5,115,77,85,34,17,47,191,244,114,144,146,98,216,59,30,136,186,102,235,57,247,73,134,3,222,133,195,40,9,48,99,13,108,12,99,167,52,218,214,162,11,126,208,205,35,130,243,137,128,127
84,220,57,115,168,158,184,131,150,238,190,19,145,243,16,206,40,185,182,4,161,116,250,33,96,181,214,251,224,2,222,23,193,118,225,235,6,66,104,1,52,139,200,245,64,35,245,67,84,1,68,3,214,195,209,118,129,168,179,87,229,243,29,111,178,170,197,16,113,136,74,29,88,185,245,91,199,111,181,218,108,102,169,38,242,86,235,66,186,163,4,225,166,91,58,116,174,217,78,253,47,161,48,83,68,98,124,144,191,76,210,31,165,237,93,73,175,185,240,224,195,156,11,18,77,90,114,90,127
77,110,80,205,37,88,99,35,59,37,124,158,124,55,183,25,131,187,144,141,24,4,54,219,232,120,206,148,80,137,122,249,225,156,225,83,181,33,130,13,10,203,230,186,159,107,26,150,80,157,237,75,198,81,68,163,118,30,105,181,30,87,128,249,67,72,117,2,211,16,20,18,193,29,30,140,115,41,63,204,44,67,118,83,161,85,171,46,190,207,192,55,70,34,164,158,178,173,180,152,107,15,131,233,199,193,110,172,58,140,209,58,189,2,194,41,209,176,30,233,225,92,7,105,121,209,108,223,127
83,129,214,123,215,127,132,245,248,18,31,42,168,124,95,200,242,193,136,187,177,4,11,51,216,147,5,185,72,199,176,150,31,86,24,181,183,121,14,49,11,211,42,230,172,63,78,199,31,235,69,81,143,82,242,89,31,116,13,173,152,251,24,61,91,124,74,52,170,116,171,204,107,95,42,170,146,227,254,248,233,117,234,97,43,115,89,72,13,229,189,66,54,41,74,147,129,140,241,216,103,174,43,141,180,74,207,142,218,158,38,248,227,38,151,236,179,224,178,39,149,166,58,141,189,109,128,240,127
175,82,126,60,134,220,144,170,254,126,111,70,251,191,82,34,254,103,13,82,212,252,200,231,98,94,174,53,13,65,200,0,12,160,120,183,192,164,162,190,124,14,18,13,34,137,38,146,59,86,192,234,245,231,132,231,100,91,195,9,46,24,140,100,136,117,128,92,1,190,91,172,30,31,114,245,232,197,241,176,15,40,137,106,142,209,89,116,99,197,27,159,164,232,124,181,152,237,5,1,130,230,94,149,245,28,28,223,57,20,179,142,221,124,197,47,164,20,115,73,31,151,250,42,148,177,43,197,127
94,200,246,96,4,210,135,218,116,221,164,236,88,120,214,106,80,57,67,148,112,196,216,2,141,185,77,250,38,245,157,23,247,82,23,45,103,127,82,183,99,172,122,161,231,64,91,32,22,72,92,168,157,161,102,249,161,75,213,232,114,37,82,133,55,34,101,66,88,237,88,223,26,139,204,241,142,251,186,79,231,80,5,246,110,101,202,227,211,17,209,122,76,71,188,96,131,202,90,31,30,91,87,192,216,167,6,76,70,249,34,228,134,80,112,185,20,101,168,224,242,22,229,48,237,143,177,1,127
92,95,162,215,192,107,229,126,118,189,244,73,201,20,39,200,160,109,177,192,141,78,179,100,46,21,41,106,160,213,58,23,50,204,105,71,9,191,148,117,192,211,140,136,125,190,140,219,37,196,160,204,52,51,55,52,149,132,199,128,54,99,158,162,37,188,31,119,219,158,117,143,77,66,6,178,101,59,181,21,19,73,159,69,172,88,230,215,66,238,118,5,13,8,33,28,161,151,60,213,231,25,12,63,57,224,59,197,132,240,250,44,97,150,42,2,119,201,85,86,76,197,23,105,100,74,20,106,127
89,41,5,23,61,74,10,100,197,5,50,103,163,150,230,161,92,72,65,196,11,155,98,76,234,125,72,57,158,173,168,6,152,250,112,229,229,70,170,200,231,166,195,251,215,5,209,249,163,156,111,230,68,44,32,122,154,49,200,188,27,6,123,92,180,189,248,162,169,214,86,95,42,37,161,224,0,78,192,175,26,182,246,66,187,107,230,17,106,93,58,102,229,65,254,25,222,111,107,136,245,198,177,230,41,63,182,11,74,217,27,159,27,183,212,62,162,37,87,132,170,93,39,95,44,220,15,152,127
136,40,3,252,132,122,73,100,241,194,136,72,140,141,137,14,187,166,199,100,101,115,65,199,176,243,189,97,98,47,128,200,201,75,143,87,199,86,47,37,185,53,131,49,77,243,197,197,35,5,176,46,134,172,47,233,52,183,110,238,129,42,72,107,76,39,116,202,129,131,171,251,147,18,221,221,191,124,58,93,222,196,188,238,126,79,8,151,20,67,152,141,8,176,28,136,235,198,44,166,0,13,215,81,31,130,219,23,211,248,56,108,82,212,194,147,203,157,80,200,247,115,117,88,241,202,238,201,127
118,91,25,250,175,13,239,176,246,136,28,210,201,80,55,128,106,152,244,229,207,61,245,31,115,217,107,213,106,1,111,137,193,208,0,8,197,222,202,124,127,8,214,185,174,9,13,117,173,80,36,216,109,92,253,137,131,104,219,92,81,134,159,221,78,62,66,40,152,107,203,206,248,34,73,47,11,190,14,61,233,120,70,67,142,222,125,119,148,111,3,148,3,116,216,149,217,178,222,228,154,95,115,49,65,17,178,170,130,207,163,93,28,75,190,61,112,40,14,190,26,17,163,216,40,196,146,178,127
222,120,181,25,246,98,171,248,123,122,220,239,163,187,176,126,220,215,104,56,139,33,79,35,13,235,156,76,171,184,105,129,212,78,114,2,105,100,228,153,113,107,131,90,60,129,1,112,215,128,120,2,96,107,49,177,96,119,232,133,247,18,232,106,201,15,94,60,157,229,211,224,189,190,161,70,153,3,236,190,137,153,7,99,72,42,240,85,107,233,186,248,150,233,100,212,61,38,152,207,205,54,81,197,252,116,195,127,164,202,74,82,246,22,14,244,134,214,7,104,118,205,179,160,164,143,33,156,127
166,61,66,8,25,8,171,140,68,31,134,219,112,155,204,57,123,153,44,164,2,138,64,97,107,37,84,15,216,153,126,213,205,32,50,232,144,187,173,97,40,67,201,116,91,171,201,188,105,123,252,248,218,178,41,19,36,228,136,164,148,88,240,66,232,87,42,178,91,192,228,229,123,53,127,92,108,106,12,189,75,31,184,117,8,126,126,153,39,112,132,29,47,166,224,53,171,35,71,99,36,229,32,156,185,0,22,81,102,251,66,0,77,204,26,174,177,126,191,62,195,94,243,220,232,49,13,100,127
97,23,105,172,241,150,94,124,219,222,12,236,181,14,72,243,182,214,232,74,238,203,70,231,253,67,54,222,33,154,165,29,32,42,35,116,120,245,227,38,142,47,97,241,217,93,248,106,116,167,66,205,13,225,247,94,75,49,88,123,29,168,251,167,34,179,226,235,101,65,94,228,64,138,222,38,166,114,64,195,96,216,96,187,22,10,164,9,20,6,124,194,136,169,250,193,76,123,122,50,3,163,6,233,55,139,116,99,131,6,105,133,14,124,190,64,216,84,145,251,201,132,112,85,171,206,219,24,127
95,208,107,149,71,20,30,112,42,149,132,87,117,147,171,189,243,78,104,3,185,176,75,208,5,200,167,45,5,68,59,75,21,52,56,252,212,36,237,197,120,95,67,128,212,167,47,174,165,198,30,208,107,35,75,24,13,185,252,193,111,237,79,13,139,132,248,81,171,235,210,215,184,182,224,250,38,230,169,7,125,16,34,254,144,133,54,82,225,18,154,182,149,254,91,128,70,250,240,210,192,115,202,200,187,243,238,156,30,227,20,3,137,26,59,159,89,184,171,179,102,196,128,103,191,45,184,109,127
52,63,3,227,199,95,204,216,61,241,88,7,77,77,139,240,61,201,222,252,41,200,231,98,37,111,29,184,239,48,49,207,232,27,171,77,95,237,158,182,155,52,104,240,71,80,23,145,247,40,221,179,145,130,190,114,233,41,127,82,5,197,75,62,121,236,41,187,221,231,106,158,177,241,0,59,221,66,163,250,208,218,20,73,91,21,17,155,102,11,3,100,156,81,228,191,241,38,15,216,120,92,69,66,219,22,161,200,186,190,213,194,220,147,55,74,136,18,161,242,210,235,105,164,154,102,212,107,127
78,49,60,128,252,93,8,31,84,72,204,239,215,117,60,111,148,106,121,44,200,135,226,141,23,85,37,132,134,237,228,222,234,118,173,224,183,176,54,93,194,139,131,116,80,57,25,216,154,179,139,207,171,223,36,214,194,0,90,141,156,233,113,19,68,211,144,210,245,176,80,69,124,28,20,30,135,234,193,54,102,135,81,225,34,232,57,53,119,151,86,97,136,185,40,95,209,23,144,113,100,206,55,20,189,132,116,29,225,120,57,146,215,173,48,189,60,244,90,151,20,20,165,238,118,194,12,223,127
58,200,161,90,111,5,107,244,12,211,34,211,166,72,199,164,178,85,208,49,101,200,170,21,141,111,116,3,143,122,69,201,213,162,12,112,97,18,75,73,233,28,47,121,139,101,109,208,149,211,72,92,53,36,99,210,207,237,184,160,194,242,83,10,18,47,188,75,149,170,132,170,187,73,124,199,160,160,191,82,202,108,198,223,254,49,91,27,93,94,206,230,99,87,233,250,153,140,206,33,81,231,142,226,224,56,242,88,135,126,9,55,75,32,55,252,85,37,41,3,101,71,249,34,224,95,59,227,127
91,227,25,172,226,62,50,67,212,32,67,23,206,30,131,187,108,185,28,190,158,51,83,158,85,215,80,102,249,71,180,82,60,123,52,154,19,10,166,171,206,185,143,106,27,205,241,14,239,118,171,151,167,18,0,125,234,192,7,135,177,248,82,230,60,100,177,119,52,228,235,43,182,30,147,106,82,198,152,51,223,7,108,85,178,13,84,107,233,148,77,84,179,65,57,230,139,7,192,198,42,122,98,127,140,140,159,140,59,19,174,184,58,236,112,174,185,223,170,47,202,68,163,206,171,18,188,120,127
34,161,228,240,180,221,84,69,249,52,8,231,17,22,47,231,80,199,104,179,114,197,139,254,179,99,76,143,174,34,39,97,184,113,11,226,186,245,172,164,37,63,104,80,236,95,236,89,189,250,237,74,16,43,36,190,80,157,129,107,238,124,2,40,232,180,195,67,111,182,88,161,77,141,247,218,224,50,114,33,92,213,69,10,128,78,135,58,31,147,22,154,57,239,142,214,75,76,1,27,101,104,142,130,160,13,119,48,154,227,238,183,171,39,213,195,239,181,218,205,238,10,12,225,203,245,164,218,127
97,88,18,53,159,137,147,25,40,6,126,101,174,251,250,81,177,151,145,140,210,2,222,173,243,232,194,207,36,228,52,178,17,183,33,47,60,82,145,232,219,165,134,146,162,72,57,24,62,244,42,16,166,67,179,222,230,178,52,241,226,163,112,136,176,83,177,76,0,123,79,201,231,120,244,166,100,217,38,38,157,212,0,79,160,211,181,230,190,66,182,77,29,136,132,103,114,173,240,220,241,200,127,17,165,116,94,146,236,230,102,92,112,49,67,73,147,58,183,186,217,99,62,118,29,247,254,109,127
195,217,82,87,250,158,233,81,119,188,24,13,240,201,8,142,116,88,83,223,128,35,4,116,46,60,109,10,179,94,72,143,183,46,234,147,56,97,25,92,210,252,245,244,207,112,22,106,195,147,63,210,158,188,63,195,38,75,47,226,57,120,47,27,82,240,69,111,137,22,177,103,226,78,156,118,161,95,122,123,245,81,100,253,202,212,34,30,253,44,81,26,150,18,156,102,141,117,55,163,147,101,101,109,231,244,184,22,245,245,146,105,137,186,71,77,148,77,164,123,241,197,176,206,62,28,212,122,127
243,166,222,120,120,187,168,6,194,219,125,220,55,56,205,184,222,190,193,59,95,229,122,191,130,105,226,148,77,153,53,227,43,34,205,8,2,140,141,54,161,152,62,80,238,233,108,22,157,121,221,55,180,104,137,33,161,81,211,32,236,116,122,120,188,129,16,50,59,49,131,121,123,61,5,141,210,30,45,164,90,147,222,15,196,137,233,74,166,235,192,15,158,175,230,244,149,252,210,135,203,58,216,174,171,161,97,185,71,202,144,202,235,230,152,49,217,198,168,75,84,105,33,216,19,167,178,211,127
16,14,139,124,230,37,205,149,185,120,175,74,74,147,198,114,193,61,219,219,67,136,165,37,13,136,178,101,139,188,38,122,82,146,134,202,52,98,113,135,252,137,119,75,82,68,146,26,6,138,1,71,149,248,162,46,207,100,140,108,183,18,173,208,184,202,176,98,8,58,45,168,40,251,244,10,229,30,174,163,140,216,188,237,252,6,82,245,234,248,171,192,199,181,196,191,122,72,219,11,113,108,117,38,133,213,92,172,79,141,253,24,240,161,160,147,6,119,226,128,46,53,206,247,209,141,65,46,127
212,18,49,214,228,123,198,36,227,156,27,122,14,180,96,43,65,222,245,72,44,78,13,219,217,217,181,96,2,122,9,55,51,147,69,172,112,248,133,97,213,19,34,9,180,29,91,137,122,63,150,107,12,188,214,78,155,245,175,3,81,132,48,29,121,6,85,135,167,107,154,16,122,128,74,24,145,131,236,2,64,100,136,163,88,167,75,233,21,182,157,1,107,92,25,7,85,13,100,99,209,219,236,250,175,222,84,88,75,184,103,202,145,151,79,215,148,30,60,251,166,124,8,234,213,15,163,10,127
163,50,39,36,86,247,111,108,218,18,226,160,78,27,121,136,12,106,206,99,134,72,186,206,130,242,18,123,67,190,112,77,73,48,239,5,11,210,252,241,227,117,90,1,119,86,31,17,30,214,203,88,50,73,39,169,248,239,115,97,148,48,174,150,98,53,120,104,20,223,105,236,160,242,57,143,230,251,11,156,151,115,62,37,177,85,117,1,208,73,87,54,46,107,83,110,115,236,34,24,47,9,202,231,192,71,28,221,142,216,71,105,227,186,79,28,109,55,149,219,231,234,211,224,20,104,67,212,127
28,43,27,131,29,39,219,251,39,114,248,68,215,178,229,220,237,141,227,206,117,18,68,238,242,214,243,89,175,211,51,138,103,159,232,161,225,110,30,124,96,28,186,121,30,14,236,80,108,92,134,238,86,136,57,172,33,77,100,96,249,243,236,144,178,151,214,208,220,166,185,177,227,126,193,139,118,53,183,110,74,242,102,156,118,254,177,168,192,144,127,181,17,177,112,249,52,155,26,1,60,8,104,140,101,132,50,234,197,130,1,74,124,157,65,232,230,110,117,109,118,189,132,183,217,141,239,31,127
27,18,249,71,190,233,227,198,80,194,227,148,50,28,213,95,135,159,138,147,96,169,167,41,91,252,72,28,37,56,233,122,91,18,46,156,61,50,35,168,49,170,160,19,228,38,229,250,202,147,20,105,183,231,42,6,60,214,212,148,62,243,59,146,173,152,224,93,185,91,94,61,16,203,220,225,119,206,78,213,54,36,126,106,74,27,159,43,6,11,168,76,169,173,27,185,184,229,241,223,136,139,144,46,98,32,233,49,216,86,83,62,235,78,61,241,176,0,239,248,51,133,204,177,57,39,28,33,127
195,187,89,131,131,198,74,187,122,173,81,111,18,29,71,185,204,139,109,128,246,61,75,187,127,176,82,99,48,164,99,207,127,220,72,123,142,245,157,44,33,121,30,25,186,121,230,156,201,169,193,212,202,212,107,143,4,15,230,38,214,91,59,162,45,175,237,83,103,50,79,200,91,19,185,53,170,228,155,114,117,185,61,230,2,253,184,15,221,41,184,125,168,179,28,88,43,2,41,75,126,6,5,35,204,1,167,230,94,125,79,32,58,31,144,121,123,71,177,179,20,185,48,178,204,227,238,4,127
98,128,177,243,220,215,251,94,217,153,151,104,219,186,40,169,65,184,124,70,26,116,238,89,104,249,109,116,143,66,83,10,6,210,41,109,169,18,33,65,205,232,70,226,188,142,90,198,234,217,243,95,207,114,44,83,67,44,135,58,102,189,181,60,186,156,109,150,128,211,100,176,61,51,108,90,101,106,153,62,107,83,35,173,45,75,6,37,174,58,114,13,183,23,11,123,37,120,14,251,252,134,7,246,145,232,135,38,49,117,78,34,6,140,80,47,166,174,114,68,153,249,243,223,100,56,184,15,127
121,185,201,6,149,201,146,148,78,227,16,166,202,15,138,96,185,177,237,35,168,21,72,229,169,180,10,100,152,64,147,190,198,79,191,186,249,126,144,118,94,175,83,114,151,230,54,114,100,35,27,117,60,73,2,242,139,57,160,164,72,181,81,177,103,167,21,39,126,195,245,167,205,52,196,50,194,148,240,183,135,199,224,219,214,172,65,85,91,68,50,21,195,77,84,138,85,190,210,47,138,164,192,102,211,7,70,30,160,154,96,5,253,229,103,170,86,64,130,195,7,10,78,157,12,108,154,99,127
176,138,122,199,66,32,39,50,239,88,1,14,23,188,129,55,43,62,103,157,192,214,66,222,29,17,86,46,185,135,200,37,174,129,29,135,10,167,62,1,235,122,32,226,69,70,105,41,36,97,114,106,44,233,224,65,113,75,196,31,95,4,132,135,171,210,164,78,177,237,226,122,7,249,100,228,126,189,251,201,21,83,96,86,81,173,245,174,59,196,218,75,172,90,250,94,39,239,160,27,166,188,203,157,145,98,68,136,89,138,143,109,104,45,228,242,83,169,185,70,210,181,114,59,66,186,178,214,127
230,75,11,177,99,109,170,65,84,44,1,88,38,248,128,85,138,136,242,182,36,33,180,254,206,27,149,245,146,13,149,58,190,56,87,192,21,38,184,82,253,47,69,171,148,241,132,46,47,178,190,153,147,143,37,118,1,202,145,93,117,59,57,45,13,238,120,70,111,153,124,134,53,234,233,36,149,60,7,72,151,115,203,53,111,225,62,236,92,208,218,7,129,20,21,22,78,3,179,72,41,55,236,132,114,173,201,216,190,95,79,162,75,11,72,95,118,112,15,70,99,179,139,197,99,163,200,132,127
45,177,171,148,46,65,97,18,68,65,139,163,193,166,109,218,233,228,185,83,244,11,35,159,152,235,248,202,86,218,31,19,7,142,106,25,194,30,14,241,50,160,10,123,157,48,216,29,226,236,122,84,126,94,139,237,157,29,139,236,95,11,226,10,37,139,244,33,45,200,114,211,117,109,169,49,189,128,252,243,29,170,237,67,68,195,233,7,53,120,157,107,238,137,49,28,250,244,81,231,228,98,161,85,129,61,18,206,14,233,236,136,204,162,143,190,156,246,109,16,55,118,59,183,207,147,100,8,127
64,188,235,232,92,55,146,3,155,185,99,166,1,143,198,91,181,72,238,112,73,217,169,133,106,53,25,168,30,73,181,191,198,64,242,223,44,62,136,83,80,249,208,37,186,104,25,53,157,35,251,189,94,71,174,169,240,35,33,217,70,58,28,209,177,135,74,144,207,98,203,104,147,165,36,111,117,208,246,171,170,51,1,156,48,25,224,38,251,34,39,146,173,41,80,6,164,30,254,214,233,96,81,29,103,11,158,192,83,167,238,239,52,161,19,145,112,56,211,157,196,162,60,181,209,68,21,20,127
177,133,160,207,132,169,8,92,110,176,194,246,209,158,104,17,93,167,97,50,253,15,170,12,20,231,21,7,67,132,220,83,22,38,57,147,231,123,70,32,61,124,46,80,81,253,228,55,238,238,232,100,67,235,76,195,214,121,83,138,61,72,13,215,0,209,139,69,231,11,161,186,156,210,151,9,81,230,171,97,225,34,108,235,70,125,232,226,165,77,69,243,22,9,205,240,158,241,13,130,175,80,251,57,174,213,40,48,30,155,239,25,34,111,228,66,80,170,96,222,108,46,223,194,241,145,206,133,127
67,93,93,41,242,98,30,131,173,94,197,105,77,81,238,87,18,123,78,59,86,250,234,133,185,219,84,161,20,118,182,4,150,163,22,204,206,244,3,126,213,36,151,220,32,72,41,69,253,218,198,43,147,114,198,68,142,123,32,221,202,1,218,179,56,34,164,226,61,53,231,104,59,75,242,240,180,248,120,31,191,93,87,162,228,47,152,220,250,209,39,62,85,222,158,32,7,126,246,135,18,133,34,184,184,171,246,36,131,57,44,164,31,145,44,125,23,101,47,65,251,1,136,142,182,141,130,165,127
105,16,81,214,234,148,203,221,88,226,118,9,245,12,114,192,22,1,164,253,19,248,215,127,228,154,127,92,96,132,38,47,39,96,104,137,110,70,180,143,42,114,45,208,81,225,252,109,131,151,234,130,193,104,208,40,136,224,144,27,30,173,113,132,189,102,119,209,219,34,17,201,137,183,225,149,52,197,251,100,44,201,74,121,163,212,147,192,140,35,143,148,73,4,8,129,4,63,253,165,161,137,83,57,139,50,248,24,214,41,201,123,43,96,8,75,182,186,165,158,53,194,142,179,78,185,148,126,127
113,107,88,210,48,8,95,88,97,167,226,231,51,100,56,197,99,241,109,235,225,68,236,209,25,229,58,134,219,165,60,37,245,46,211,16,181,204,175,37,105,68,190,180,234,208,69,116,72,161,208,90,7,16,253,199,172,34,232,26,163,163,87,195,220,51,149,125,131,72,87,237,197,217,163,161,12,7,212,120,30,107,0,132,72,197,14,130,22,63,197,172,36,30,187,228,118,224,24,58,107,95,125,251,145,211,233,114,59,141,142,225,164,36,138,11,139,7,185,174,179,62,32,204,152,158,178,27,127
188,52,214,110,2,215,229,147,212,10,177,73,189,134,28,125,3,170,61,53,168,40,185,25,126,96,119,59,232,222,140,230,51,82,27,251,35,32,170,236,136,231,233,234,236,217,214,68,212,221,209,100,18,125,170,210,240,190,150,180,135,1,196,93,48,248,103,230,239,97,43,84,172,186,102,165,201,158,146,200,123,50,144,151,189,162,25,43,76,127,99,158,20,57,166,17,95,224,75,172,10,53,35,231,249,179,181,11,224,75,100,246,81,95,21,24,131,226,241,89,145,141,234,225,221,18,119,119,127
148,174,219,242,136,186,190,120,156,188,151,64,141,58,160,35,121,165,153,106,216,135,163,202,106,136,217,188,175,145,223,251,168,237,32,251,10,118,152,149,177,158,26,136,148,153,130,165,107,80,251,241,210,211,51,74,18,190,83,50,185,95,37,50,166,128,13,137,175,20,173,3,184,170,96,206,179,195,49,144,78,238,135,164,191,70,227,106,154,119,73,157,185,84,179,170,247,52,44,59,31,50,133,205,141,39,121,15,165,198,106,119,252,181,161,157,121,203,65,202,40,145,3,149,19,19,213,110,127
36,221,66,195,222,252,116,198,3,196,185,54,47,201,180,203,38,159,82,166,175,111,119,88,130,54,238,55,216,202,145,123,41,131,213,119,206,247,27,120,22,215,205,41,66,96,248,141,37,226,15,17,99,168,214,214,135,224,209,100,66,92,250,142,192,116,81,10,141,141,149,139,130,235,169,56,37,222,225,157,129,150,249,183,211,22,167,19,155,133,167,95,67,7,248,222,60,3,222,189,218,66,196,109,196,28,196,29,1,11,253,155,181,188,175,64,8,94,236,237,166,225,174,92,5,58,62,138,127
152,127,85,109,178,33,142,53,131,29,12,74,81,192,47,233,153,173,6,165,11,195,12,36,163,193,116,214,177,247,216,120,156,187,143,145,83,46,2,230,103,218,249,110,235,207,180,239,250,128,143,90,78,142,98,204,64,105,95,25,164,50,26,65,185,75,228,191,116,157,101,118,60,112,137,118,187,84,86,189,61,33,86,103,12,187,210,73,48,207,210,123,217,114,136,149,151,65,253,149,184,71,37,108,79,206,200,155,168,16,150,19,93,194,194,164,56,115,236,57,106,83,113,120,123,183,56,2,127
102,35,89,2,160,175,191,116,17,193,157,33,40,240,199,53,243,85,139,53,229,74,82,126,155,198,249,94,76,251,25,103,33,34,89,0,193,85,55,3,103,8,117,48,216,85,195,232,241,198,120,224,201,44,144,162,175,29,116,40,80,69,159,74,83,203,109,201,164,62,97,1,151,239,41,76,18,249,38,98,176,180,177,168,165,197,15,30,228,154,90,82,76,249,79,62,180,38,38,109,73,197,195,45,137,162,30,181,183,111,49,172,52,47,119,222,132,228,87,55,110,118,244,102,111,131,27,144,127
54,156,221,217,7,223,22,43,147,239,96,58,196,204,141,251,94,108,142,84,220,235,246,107,38,94,68,48,137,178,49,57,90,81,238,122,91,251,34,132,56,141,197,7,210,197,115,225,154,198,76,237,60,210,229,184,239,185,224,118,137,91,157,11,109,216,129,32,151,51,26,18,69,233,141,160,72,49,170,60,174,60,24,31,215,26,58,17,218,129,184,146,125,95,85,134,60,129,245,9,172,229,46,118,249,30,74,50,90,23,80,162,2,84,141,24,56,221,247,109,237,220,20,150,141,56,187,245,127
34,176,56,77,82,57,90,28,30,45,205,50,251,72,247,130,31,143,26,4,5,214,250,45,31,30,124,148,233,36,39,85,90,123,130,3,166,41,18,2,66,141,122,171,253,247,91,35,77,52,174,115,65,3,141,139,122,139,163,100,50,232,74,231,230,168,180,13,134,43,135,171,174,168,24,103,234,172,227,197,7,29,82,218,34,116,39,209,200,56,47,125,69,170,240,58,249,67,61,15,55,143,166,15,134,175,41,61,155,132,48,68,60,151,8,122,67,108,143,221,231,177,0,66,144,229,52,126,127
98,51,21,197,228,80,224,171,206,128,122,132,131,179,213,53,193,161,18,181,250,106,38,112,241,96,58,216,215,239,79,172,230,49,204,230,69,196,14,58,21,205,15,20,160,45,128,18,102,62,140,118,65,23,44,237,169,210,189,246,177,149,8,79,108,202,64,123,244,188,184,212,57,48,246,119,174,214,178,88,37,198,85,220,115,123,171,128,23,60,153,174,217,163,115,178,103,79,143,142,213,159,68,58,94,217,216,58,162,61,142,142,167,27,133,47,28,242,2,210,134,40,106,167,235,50,249,141,127
52,4,97,0,179,194,244,201,94,86,248,75,192,184,252,12,235,195,237,109,33,24,134,7,101,220,239,76,233,46,252,193,209,234,49,119,29,121,94,134,227,61,245,48,30,29,216,89,222,63,93,55,133,157,219,250,25,62,48,212,88,62,54,24,211,140,167,8,151,232,244,176,3,114,196,59,72,176,59,41,74,219,179,75,112,46,149,208,63,60,236,241,126,108,1,75,30,134,83,239,55,174,157,48,115,215,172,185,172,148,68,87,14,200,247,153,96,184,140,144,126,199,194,107,47,186,212,8,127
218,64,118,237,207,82,8,166,244,165,18,75,113,2,193,253,198,126,119,108,228,7,84,96,113,129,159,97,132,50,225,47,48,243,194,247,10,148,172,63,239,206,187,42,149,2,218,54,194,243,121,223,193,168,65,154,47,109,73,25,246,150,36,50,108,111,27,124,8,113,56,95,51,82,188,133,121,206,135,247,107,76,47,77,44,122,35,63,232,128,44,161,97,101,213,229,103,88,227,47,211,244,94,224,182,251,10,38,29,22,138,110,82,139,192,164,65,241,126,115,249,85,43,246,75,131,129,111,127
228,227,197,111,61,122,218,190,98,145,68,35,23,54,177,97,64,132,81,31,34,34,163,80,0,165,225,129,19,63,240,106,212,239,59,4,13,161,8,253,116,97,79,190,213,45,11,209,227,117,142,108,54,12,158,251,137,252,16,194,118,142,190,199,173,175,47,172,91,189,25,77,61,99,240,230,139,66,211,205,102,57,74,151,71,132,112,220,143,113,35,71,17,239,51,245,63,136,14,228,119,30,82,222,156,189,198,86,200,82,161,78,229,178,19,67,138,212,65,230,166,227,64,182,93,46,13,32,127
232,108,45,162,14,13,79,90,123,120,112,37,172,216,129,28,217,44,91,251,64,204,75,140,39,158,194,78,33,243,134,231,190,203,221,179,200,85,105,67,237,145,190,217,213,244,162,4,33,175,193,253,236,213,213,232,184,3,165,112,97,50,105,192,115,201,190,217,66,44,209,183,63,18,18,247,96,37,95,135,254,66,246,159,219,22,113,131,86,195,82,219,168,235,19,243,39,170,172,175,21,120,150,116,187,95,76,200,112,74,38,221,149,95,101,223,30,25,151,180,117,235,14,74,55,253,169,214,127
34,202,43,155,44,156,59,98,64,189,155,107,126,63,66,68,240,50,53,59,133,58,177,144,210,134,209,121,197,217,118,82,168,62,251,19,52,17,209,223,229,253,68,45,91,59,171,166,245,84,33,127,74,241,2,214,137,103,88,147,193,228,149,214,67,54,112,19,221,18,203,252,227,74,117,76,37,64,221,101,211,136,88,48,176,161,105,164,168,154,199,26,95,15,32,149,139,214,40,167,135,63,236,251,190,200,239,130,60,248,219,180,8,63,42,44,229,98,95,148,141,203,19,73,36,66,242,91,127
86,245,93,123,126,153,221,21,3,130,211,215,235,63,249,146,215,217,95,152,29,149,250,103,120,116,20,166,166,104,127,44,74,37,47,128,111,223,72,228,173,107,121,138,203,151,33,152,9,101,147,142,115,59,85,121,253,133,154,82,174,73,220,248,190,139,232,149,159,177,195,245,64,182,94,131,124,26,210,81,217,139,54,32,216,163,89,7,107,120,86,121,57,95,33,117,87,123,4,219,146,146,246,229,208,237,201,86,53,149,102,32,136,168,159,240,117,108,231,68,49,79,13,193,78,160,190,129,127
222,80,184,110,55,63,188,151,155,143,50,77,153,165,76,180,142,247,142,46,27,249,251,93,17,147,231,89,155,84,189,164,133,65,98,88,119,66,204,143,179,44,108,133,77,62,152,242,14,180,239,30,168,110,240,58,4,29,59,124,32,224,45,104,81,203,198,163,32,236,231,14,78,210,246,13,38,27,98,105,170,151,99,161,59,211,101,143,210,158,34,87,201,128,189,28,248,30,187,229,68,197,157,242,30,23,184,203,32,147,145,229,129,81,225,23,13,21,39,44,26,53,226,190,74,246,219,254,127
210,215,26,6,105,84,216,177,93,139,134,215,169,152,166,225,174,214,83,231,61,232,142,218,28,119,118,210,189,57,192,213,39,168,166,206,251,165,181,69,224,212,55,102,169,126,180,93,31,73,213,204,48,45,184,137,94,1,150,164,247,202,178,242,253,248,78,185,210,25,181,83,64,7,98,88,73,14,144,144,111,173,82,227,122,137,153,99,45,225,41,28,101,164,211,137,197,16,52,35,14,23,243,224,161,37,198,66,92,53,194,73,227,75,83,146,125,62,36,38,64,199,204,47,180,39,93,151,127
46,166,2,172,193,218,223,110,249,117,215,227,192,128,47,8,223,98,15,37,170,151,134,205,78,6,22,41,117,70,31,219,215,97,25,198,94,141,131,54,229,196,168,44,78,41,158,116,161,164,205,68,93,163,108,84,40,230,39,56,247,229,40,206,163,209,242,35,225,84,161,2,175,152,14,187,217,228,227,232,24,7,132,221,43,241,226,250,77,225,186,150,47,217,153,57,211,95,3,12,165,107,245,70,117,127,142,145,157,46,118,16,134,136,43,21,192,46,88,169,69,99,253,157,136,191,16,70,127
177,17,178,226,130,160,143,132,34,107,210,17,211,189,237,141,16,247,242,122,172,184,36,226,77,155,202,69,51,135,35,79,176,49,169,7,9,143,117,34,63,140,66,169,25,250,178,156,109,150,177,46,62,10,249,187,147,84,124,35,114,21,246,117,42,84,212,70,125,98,146,192,96,185,91,210,251,73,153,201,130,97,6,80,242,40,185,24,229,237,76,119,48,148,245,248,233,55,55,183,33,55,222,125,144,231,115,41,190,172,26,220,111,33,195,210,81,235,251,110,148,156,212,97,218,217,141,102,127
105,67,45,218,128,24,59,164,70,98,30,197,15,162,206,7,119,148,208,132,63,116,244,58,27,231,125,26,9,185,6,248,245,41,13,243,112,179,77,24,131,196,56,250,7,232,241,196,49,220,76,175,82,231,55,116,197,206,55,64,74,101,43,6,106,122,238,198,202,9,1,26,106,24,78,102,219,16,43,135,138,190,213,129,212,66,237,65,221,196,27,7,66,67,132,64,168,104,229,215,54,29,192,82,17,204,43,15,56,124,9,167,45,6,38,249,221,91,92,30,234,101,239,101,149,156,202,140,127
133,127,12,218,213,245,7,139,147,19,148,69,220,91,80,122,1,233,66,62,131,92,140,241,177,143,203,50,221,116,47,28,119,44,158,102,61,214,131,162,153,65,6,236,242,229,228,53,207,45,143,231,241,90,150,135,229,100,43,160,131,241,234,46,199,6,32,126,183,207,239,92,203,201,145,63,212,1,160,92,201,52,35,179,52,88,251,164,152,94,168,155,29,204,36,77,246,92,155,81,10,175,57,38,25,96,182,27,65,39,81,177,85,206,109,238,250,14,92,229,159,34,0,240,138,46,37,161,127
103,167,168,127,36,13,90,179,118,61,35,206,16,122,242,229,240,203,21,229,83,24,189,44,29,232,80,76,193,205,195,105,124,13,53,186,111,254,180,29,129,128,230,14,250,156,227,99,123,208,170,217,130,106,237,137,213,55,63,212,207,29,117,155,223,247,224,220,196,12,32,248,78,109,73,99,130,131,36,86,81,173,116,64,169,70,135,204,17,20,213,67,78,22,168,198,108,92,203,220,192,50,72,20,138,195,206,122,217,53,217,147,34,153,44,202,128,206,60,99,222,138,175,138,75,76,121,102,127
144,147,180,174,155,89,130,162,124,97,43,252,147,10,97,139,148,25,207,43,95,163,38,57,72,184,125,27,222,210,35,74,139,140,118,177,177,82,13,191,19,170,138,187,13,223,125,108,163,253,11,171,234,176,78,48,84,34,165,144,200,80,179,228,65,205,128,14,69,253,237,94,18,195,218,158,246,79,177,239,47,17,16,98,187,151,110,85,234,103,146,72,105,242,231,7,27,99,163,146,126,51,84,220,229,88,250,41,155,221,2,112,95,161,188,239,111,77,103,220,99,239,241,99,144,24,9,63,127
221,227,109,250,209,236,100,173,211,164,82,137,221,33,147,20,214,95,83,173,88,2,174,217,223,119,26,223,33,212,157,125,116,68,69,55,166,29,136,1,240,154,48,214,38,248,183,56,197,186,91,51,184,175,53,56,212,218,195,125,102,195,29,252,232,116,171,12,109,157,209,69,147,7,71,147,154,163,39,170,36,70,194,179,137,169,85,121,198,98,234,181,234,32,223,252,184,78,19,160,117,44,96,142,224,142,8,12,59,23,87,133,3,238,239,119,134,142,226,100,60,106,210,5,95,178,221,89,127
117,43,46,141,22,186,93,31,160,152,216,90,79,24,28,45,113,39,157,59,244,133,76,233,68,202,212,194,78,2,129,76,118,146,21,194,208,89,224,35,207,98,133,253,62,73,65,129,156,18,6,77,70,116,128,67,208,234,198,120,84,218,239,253,86,213,252,227,211,240,66,56,49,226,167,93,16,40,11,109,138,221,237,14,64,174,103,187,151,184,90,216,74,156,48,66,113,110,39,182,188,85,189,160,0,83,164,132,14,44,88,118,230,169,26,75,250,156,18,20,44,76,172,88,245,146,145,51,127
124,249,137,186,248,154,120,239,123,137,106,249,246,22,91,38,252,15,90,232,65,219,152,159,118,145,138,12,48,107,67,198,41,214,90,69,136,143,163,180,49,18,54,72,172,90,73,104,161,17,151,236,234,4,68,62,191,67,73,102,88,234,244,85,7,175,143,100,204,105,218,5,10,65,32,229,158,95,249,218,182,216,113,11,178,116,205,117,73,116,168,63,200,29,112,184,43,89,243,57,201,76,206,121,29,135,8,160,96,89,246,216,4,130,118,165,215,75,84,237,220,54,20,142,205,222,34,210,127
151,64,187,82,232,163,30,31,13,51,127,241,225,101,43,33,18,174,221,63,128,76,126,218,202,81,76,224,140,251,88,253,174,33,19,63,106,168,38,47,12,251,253,137,44,44,241,127,2,28,206,173,166,223,37,252,33,4,100,202,26,250,103,206,159,179,144,28,28,86,162,207,66,210,179,236,238,180,201,90,189,152,138,145,229,167,216,158,62,161,94,78,11,174,108,9,27,122,217,81,124,221,228,61,125,10,165,219,209,158,140,117,30,153,104,15,239,177,99,73,180,76,84,240,99,20,44,104,127
105,234,27,27,201,88,47,30,201,156,29,125,65,244,14,175,253,23,170,182,86,157,21,14,211,152,225,54,240,165,46,102,79,107,162,95,254,17,212,207,205,135,86,243,26,9,128,84,149,104,246,46,225,175,41,182,133,150,157,30,2,150,36,51,29,145,247,37,103,155,172,103,205,12,230,192,162,251,70,241,49,137,109,201,104,50,160,142,20,194,244,156,238,102,177,76,179,56,91,94,156,8,148,226,213,249,53,149,98,139,146,29,162,159,67,178,87,54,208,68,75,29,145,26,145,42,157,63,127
11,183,58,63,171,146,130,24,136,115,199,0,187,169,44,136,188,207,198,54,96,91,70,150,53,77,140,124,147,198,96,92,160,77,107,217,74,102,224,120,140,205,58,125,26,34,107,20,143,137,110,18,220,15,11,111,29,123,70,140,191,168,183,56,178,58,157,42,209,97,51,161,70,175,114,121,184,137,202,113,144,104,140,148,77,127,160,156,17,193,196,106,104,241,239,2,95,54,184,214,144,241,72,144,130,138,138,18,115,120,214,39,221,105,157,253,120,42,136,25,68,38,150,237,217,123,228,72,127
128,227,120,100,61,126,215,16,46,34,224,91,251,250,82,116,12,34,231,229,34,231,70,116,157,194,131,94,89,97,59,132,114,175,186,75,93,96,186,246,16,128,210,24,216,175,108,20,108,81,155,150,159,200,244,203,139,160,213,20,78,78,147,235,239,15,183,30,170,23,27,166,137,250,10,174,174,1,79,149,89,157,114,109,91,121,174,164,95,53,23,218,92,57,168,189,162,205,23,82,7,28,223,173,203,58,27,150,45,29,129,147,131,155,182,213,21,170,141,221,199,31,29,128,48,115,249,88,127
68,135,167,27,175,63,206,45,28,177,171,54,218,38,113,142,7,61,246,150,25,54,105,170,79,50,157,109,205,227,156,104,89,39,148,81,154,27,53,246,129,154,138,190,254,81,189,14,249,115,174,157,28,82,185,101,129,134,197,154,58,73,163,52,102,92,225,236,12,170,78,29,90,136,43,47,123,191,194,221,4,79,188,31,56,157,136,10,186,119,236,223,91,161,162,217,144,223,186,91,108,154,209,12,32,10,15,41,235,4,185,242,0,196,113,249,60,75,219,2,89,64,118,163,132,111,117,250,127
106,121,80,99,215,38,47,227,3,211,139,12,227,239,59,87,110,237,21,122,16,243,50,93,211,166,15,63,5,242,138,198,1,214,211,108,234,52,235,11,191,39,196,60,78,80,25,91,150,93,83,6,142,248,201,157,68,76,248,193,164,195,141,34,129,223,48,44,253,249,1,16,88,169,51,112,102,170,3,41,103,185,157,95,130,102,168,81,96,68,226,170,32,46,64,37,207,166,161,179,195,95,27,182,198,206,134,156,214,148,86,49,124,169,185,106,149,143,244,149,16,137,195,97,249,16,25,191,127
243,139,68,186,119,105,68,133,209,184,138,13,210,92,71,35,162,234,19,35,52,254,53,161,43,243,53,229,252,71,18,101,173,170,235,33,77,249,183,99,116,28,208,21,145,88,25,27,69,83,229,6,47,61,153,167,27,2,72,30,230,222,183,106,88,177,247,197,124,103,175,148,111,51,248,24,220,74,235,187,5,65,32,2,179,178,154,161,86,242,126,182,91,223,122,11,121,92,184,132,179,254,38,138,84,79,214,142,152,221,79,50,73,238,235,198,70,154,104,158,203,226,2,156,14,120,63,63,127
161,73,137,64,182,110,114,141,216,143,59,198,78,234,46,154,60,64,149,5,170,121,27,228,243,230,35,199,11,137,248,67,176,109,212,11,209,93,214,155,8,80,135,155,220,66,202,184,64,32,117,7,83,85,107,36,189,184,3,117,128,71,81,204,69,237,100,138,184,130,210,25,158,171,27,80,187,108,47,99,227,183,189,89,79,241,49,110,201,139,246,207,35,197,100,250,76,193,252,67,140,251,18,42,176,193,152,24,118,75,101,119,226,226,37,122,25,5,82,108,55,158,121,248,234,225,217,193,127
33,97,93,99,166,2,182,169,102,209,211,142,161,42,146,83,245,228,31,37,40,40,57,11,133,198,122,230,54,126,84,188,142,25,170,124,59,153,185,226,240,1,49,78,212,15,133,176,237,117,141,185,153,102,213,238,147,142,44,125,53,142,44,192,8,92,64,87,213,195,146,80,82,185,4,111,68,110,145,10,39,131,127,132,142,150,110,190,168,186,27,150,199,174,45,44,141,26,203,204,188,168,71,233,63,50,58,188,187,56,248,62,225,2,48,143,101,78,162,166,26,227,236,29,7,60,172,237,127
211,118,73,14,45,8,36,122,221,188,214,141,3,128,14,195,212,12,48,226,126,182,112,46,101,181,174,41,127,239,249,132,41,200,47,46,68,210,241,135,52,54,215,157,57,254,16,36,110,117,47,161,89,17,209,226,174,197,245,207,135,97,204,79,109,21,13,94,175,236,252,63,46,203,66,15,22,40,59,77,46,247,205,6,72,51,14,76,122,18,239,165,206,244,224,83,127,76,83,154,40,166,4,159,29,93,144,218,48,147,18,56,62,69,7,173,113,147,112,107,12,122,3,186,5,91,213,202,127
30,133,144,116,147,79,174,9,77,249,35,64,60,8,95,76,38,33,68,160,36,73,21,172,127,167,35,39,58,41,112,87,53,86,251,246,76,112,137,169,82,97,110,16,135,19,45,104,43,61,147,70,156,198,82,229,203,114,164,17,72,3,2,37,15,106,16,70,23,189,47,118,163,6,207,170,13,251,98,192,143,244,51,32,158,106,174,88,178,214,68,203,227,80,250,19,225,90,198,85,123,222,253,160,165,19,184,109,150,129,175,66,89,229,112,180,32,151,39,138,40,232,118,214,239,6,33,125,127
173,237,153,215,221,254,91,189,42,45,11,17,37,121,85,131,76,78,92,101,20,71,113,230,199,200,21,208,3,240,203,54,168,107,80,56,10,194,211,117,173,230,208,42,30,108,208,174,168,212,156,36,126,13,7,121,199,44,160,21,196,100,125,243,136,46,176,235,252,218,124,158,62,104,131,190,102,196,173,174,28,191,78,219,239,53,120,202,139,252,87,151,156,28,122,231,144,144,156,43,118,222,85,43,140,122,108,238,15,182,242,80,175,9,21,184,119,227,192,163,149,177,125,77,186,59,132,164,127
100,188,76,206,109,71,240,113,144,155,168,146,89,85,252,240,186,91,27,218,97,136,185,16,78,152,152,139,35,32,62,212,122,82,170,7,55,154,88,114,206,94,227,91,117,220,183,96,195,121,163,242,40,107,182,189,126,109,127,227,56,74,119,61,82,6,250,124,27,58,95,38,78,94,29,150,239,112,19,132,246,46,55,109,46,55,238,62,170,36,173,243,161,190,171,184,229,177,13,206,83,85,22,189,233,150,174,206,24,52,58,205,235,89,131,77,149,174,119,41,118,249,54,232,162,149,5,107,127
177,204,130,47,200,168,108,179,93,150,61,219,172,29,29,148,162,138,45,195,93,254,75,81,39,111,135,73,88,249,73,128,123,228,167,211,131,65,131,188,141,169,224,171,153,155,106,11,13,146,207,184,250,219,244,106,192,8,22,62,140,179,161,161,46,250,97,16,63,189,36,111,112,24,216,136,222,140,84,189,206,194,156,219,183,229,64,216,4,211,65,29,166,230,58,8,80,239,31,111,45,93,29,54,205,127,183,34,212,78,135,189,192,194,185,249,107,86,203,45,167,119,79,83,55,199,152,137,127
162,149,120,87,216,24,139,90,112,28,7,227,150,177,138,114,246,94,61,236,199,54,116,246,223,56,73,119,204,122,222,54,157,42,119,33,41,58,203,162,137,153,11,164,60,160,241,215,144,186,178,111,120,195,10,202,25,112,20,221,4,33,5,190,119,252,251,2,212,9,42,178,27,204,200,244,45,243,10,220,123,75,99,27,19,109,169,110,53,238,92,110,192,44,116,170,25,146,129,183,2,99,149,183,200,5,217,210,229,158,169,119,84,30,188,25,158,80,212,224,65,34,29,116,60,165,108,39,127
200,86,203,250,202,146,62,198,75,28,21,157,189,59,79,34,20,174,6,235,155,228,63,254,100,251,167,209,11,219,42,251,89,205,123,185,139,82,41,217,198,123,165,68,28,156,91,32,51,82,38,107,38,136,232,96,78,52,109,191,209,70,142,8,235,25,30,187,166,156,44,96,36,212,10,100,57,114,171,123,152,237,251,12,42,12,87,20,81,112,168,65,131,241,99,225,252,21,164,119,197,170,34,128,13,253,57,80,168,144,222,80,67,12,200,52,164,202,80,233,228,185,169,79,121,154,174,54,127
171,136,206,84,208,228,146,118,33,191,186,131,178,70,45,34,73,13,243,169,84,120,181,1,90,88,219,234,173,126,6,32,34,229,235,31,243,47,54,120,143,208,83,227,2,86,48,99,220,216,63,252,243,122,89,133,174,82,166,180,66,58,217,241,21,32,157,191,226,34,200,189,211,146,186,24,41,108,148,31,162,254,66,174,209,130,193,112,212,174,4,171,216,49,212,172,37,140,146,149,86,32,231,175,102,37,180,141,45,222,130,81,186,140,31,230,88,5,137,211,251,27,29,22,47,204,5,53,127
72,39,113,60,187,18,50,21,84,11,230,9,235,12,133,11,107,52,150,54,186,191,166,216,11,102,210,28,35,83,99,213,223,146,49,220,185,122,33,232,152,234,237,180,148,93,146,33,82,103,158,221,101,74,61,63,241,43,140,77,233,140,179,188,246,93,76,107,44,248,185,245,13,227,137,234,5,40,93,171,76,162,133,216,107,12,221,219,128,105,82,178,48,35,83,42,149,127,126,68,207,253,66,166,123,85,165,61,198,13,216,97,158,176,183,22,84,214,205,111,36,92,129,26,66,243,60,214,127
209,56,60,243,41,64,186,217,127,10,47,70,10,101,94,25,212,55,16,65,124,147,235,160,229,166,122,117,235,172,79,107,153,78,162,124,210,221,232,168,206,189,188,62,51,162,186,194,230,4,126,111,103,113,23,26,123,134,66,181,223,131,27,106,249,156,192,89,211,154,143,172,106,244,253,79,34,166,192,19,166,66,141,143,199,176,68,130,113,60,238,75,72,214,90,96,57,10,146,52,101,134,27,83,131,139,43,34,236,228,217,152,64,98,165,27,190,55,210,189,54,152,94,247,248,39,184,26,127
69,153,204,163,66,29,213,241,95,212,105,125,1,74,179,242,25,147,79,128,164,84,39,35,234,60,78,144,65,78,79,85,67,101,18,26,245,174,177,64,85,173,44,72,68,191,88,188,112,228,146,112,166,209,29,118,46,3,114,132,106,38,51,152,221,46,109,61,65,202,62,85,6,181,125,36,240,40,121,240,56,16,245,7,230,123,153,120,56,183,154,170,161,158,241,188,210,31,40,46,15,61,142,248,113,168,245,203,136,119,131,138,142,53,144,8,204,118,197,2,245,8,84,228,240,245,156,195,127
182,210,224,241,95,242,66,26,141,43,60,63,244,225,168,57,77,51,189,220,110,67,97,244,168,243,118,226,213,158,8,11,62,113,206,65,19,54,101,156,144,133,177,207,216,93,163,138,118,55,206,165,177,226,62,118,102,27,150,12,33,51,146,190,172,109,224,124,223,2,74,196,40,52,224,147,157,165,248,147,229,46,20,2,58,243,191,187,31,118,5,105,26,68,193,239,136,49,8,248,169,179,228,36,30,81,130,75,84,185,178,216,156,0,193,10,225,140,200,23,97,91,41,253,43,49,92,117,127
29,33,232,216,153,72,75,165,216,134,144,180,181,191,196,196,243,209,224,110,139,190,41,215,29,16,234,56,57,162,125,192,235,246,225,123,246,198,36,129,205,103,214,62,154,27,58,166,248,63,237,140,120,6,26,208,127,139,30,103,218,212,176,30,178,70,130,46,103,27,150,10,58,74,119,89,242,144,161,211,112,228,231,75,65,209,88,208,254,210,44,39,160,85,104,119,216,209,129,187,152,113,72,232,134,30,247,195,153,135,230,167,48,183,249,87,166,57,81,128,185,192,167,100,130,22,120,173,127
237,195,22,158,111,61,163,160,236,228,9,90,126,91,152,247,229,178,91,92,17,71,171,43,254,166,111,26,193,122,133,78,123,168,215,200,121,82,98,79,171,76,81,175,57,32,36,208,239,29,122,176,172,82,186,214,23,41,190,82,105,23,11,237,188,75,42,224,114,236,177,160,236,212,169,231,138,170,11,20,72,212,16,242,187,33,22,4,100,108,176,38,48,204,244,192,179,82,249,32,229,199,38,11,57,106,110,44,7,100,11,250,46,142,0,228,180,110,17,38,129,9,1,208,159,115,111,151,127
197,42,118,162,30,43,171,37,248,50,10,121,109,247,82,81,243,17,53,240,29,193,70,7,156,180,67,23,19,56,119,11,4,116,4,235,16,91,153,185,0,128,192,76,126,206,120,228,225,130,189,41,186,74,142,60,55,234,4,241,187,217,129,43,79,12,38,207,198,239,136,230,189,186,213,24,91,240,253,67,165,193,232,156,159,125,9,237,223,240,17,9,145,216,120,162,197,143,26,65,34,101,197,250,97,178,240,170,187,250,152,71,65,22,69,181,19,61,219,93,3,131,196,36,182,232,169,53,127
32,241,142,190,50,246,241,111,185,81,64,243,164,214,28,40,177,39,157,216,158,142,146,71,219,13,115,99,212,189,186,2,13,195,243,160,148,118,239,134,51,186,197,194,203,219,99,232,166,157,193,121,179,86,183,182,175,129,190,77,209,208,251,15,241,151,19,192,119,180,6,221,170,40,144,121,168,189,116,191,196,158,18,162,179,91,111,69,220,15,131,185,153,242,167,75,70,80,182,127,197,159,59,88,32,12,137,27,136,102,213,70,177,70,54,126,99,0,214,241,139,143,235,143,155,155,9,47,127
7,41,13,131,94,24,90,170,115,224,14,215,41,133,102,143,223,152,235,241,91,112,159,254,122,63,172,152,170,41,216,160,198,83,90,72,69,82,166,239,242,11,66,218,252,61,76,67,181,198,144,169,56,13,147,156,76,0,158,162,30,19,98,232,5,77,46,187,184,83,68,138,153,162,173,186,221,70,181,26,113,47,120,5,28,198,28,154,143,222,37,57,224,76,205,82,106,55,177,122,198,146,87,183,98,233,175,131,238,148,4,237,202,109,38,213,138,175,185,84,233,63,142,171,148,42,77,200,127
85,29,187,139,111,24,20,209,214,8,100,218,130,83,200,63,4,105,11,37,144,239,193,51,58,46,32,174,102,155,47,21,8,180,232,91,16,101,85,148,63,159,206,196,100,193,226,177,214,63,34,62,48,101,82,57,166,122,251,126,168,252,192,42,69,106,33,83,141,204,69,49,129,158,37,209,245,85,131,20,150,232,4,31,12,133,66,133,39,240,230,247,240,202,107,120,37,245,199,17,101,29,133,164,58,167,35,203,58,171,1,207,195,179,69,198,47,112,54,127,139,30,180,56,64,17,64,164,127
128,184,52,73,207,145,49,71,55,80,65,188,173,8,113,26,20,190,10,21,12,173,54,67,178,51,125,30,93,206,240,192,246,132,55,97,100,218,45,115,125,199,194,173,89,147,218,228,18,111,4,123,180,202,89,29,199,139,176,30,82,229,191,105,171,129,250,177,175,52,164,197,48,236,24,107,104,232,157,139,56,122,241,113,82,189,78,86,87,37,62,61,96,116,233,228,133,175,229,60,27,17,92,238,151,210,53,40,108,68,249,154,114,157,54,179,105,169,123,165,137,47,179,200,24,204,176,122,127
147,158,184,196,62,203,15,200,45,45,2,158,242,8,98,45,126,247,237,121,131,134,13,130,160,227,11,122,15,19,207,230,60,54,198,115,180,153,0,145,106,34,22,198,236,191,248,220,247,18,152,168,221,133,12,138,140,33,30,152,56,113,101,14,38,61,177,3,78,236,194,249,23,95,143,126,197,55,108,11,195,38,223,86,126,233,100,152,87,92,144,30,206,253,26,155,178,110,13,36,24,241,91,111,128,7,187,109,30,62,30,117,205,252,182,189,228,186,83,206,249,202,38,210,253,158,170,144,127
205,106,223,211,90,78,107,87,109,57,78,199,37,133,215,199,213,59,109,219,161,249,65,103,236,204,159,191,145,95,101,172,199,3,27,160,201,237,155,48,217,13,219,21,1,151,37,128,247,145,165,230,208,94,214,182,6,169,156,128,167,1,109,238,209,146,99,167,243,50,113,80,164,46,160,56,67,196,94,15,198,219,71,18,35,241,76,227,92,163,152,232,188,171,110,249,69,184,32,146,36,223,150,101,62,174,134,112,195,71,175,193,20,174,186,56,195,52,103,20,162,246,109,99,122,95,53,167,127
181,83,181,183,188,165,9,21,48,98,27,91,219,174,199,187,233,35,50,150,136,49,121,128,196,14,7,17,97,238,209,125,25,243,232,80,109,215,228,239,137,99,167,99,153,158,83,164,150,159,96,222,34,214,120,93,131,125,106,104,85,102,139,127,10,48,144,213,22,114,17,251,147,46,56,162,68,82,100,127,244,0,84,136,51,30,70,170,163,123,175,36,62,145,182,127,48,205,239,78,31,143,143,97,213,134,171,4,154,204,71,189,218,183,225,65,202,5,40,222,72,228,192,178,58,55,144,152,127
174,167,88,26,31,227,38,171,37,56,216,211,12,244,251,237,234,225,29,205,233,95,152,222,211,67,174,141,204,92,85,242,185,60,12,58,53,70,34,192,43,81,42,15,91,23,17,91,223,147,71,225,152,1,92,140,12,111,77,11,216,12,242,84,117,58,202,222,142,94,76,233,126,127,114,232,161,192,2,197,21,126,241,235,66,0,20,94,145,188,131,24,38,58,161,49,91,7,106,165,125,66,116,227,238,211,12,76,181,28,157,141,186,172,228,116,95,120,180,120,17,119,34,51,32,52,55,186,127
166,204,250,99,90,225,135,98,224,130,180,18,4,232,46,165,50,48,228,132,42,35,179,190,222,141,24,129,190,190,100,247,38,152,91,13,8,223,229,104,135,125,200,63,19,235,246,187,66,189,113,114,249,179,24,112,36,33,140,171,77,118,205,247,155,79,152,230,211,205,156,70,84,121,16,108,68,10,83,128,203,226,137,181,173,31,253,139,153,183,134,26,181,78,244,162,246,182,252,169,176,71,94,63,70,218,19,194,207,230,217,98,1,184,211,132,86,108,83,58,52,68,83,127,49,53,81,140,127
230,20,248,195,252,2,112,95,74,127,78,128,83,105,113,196,111,68,164,59,241,175,2,61,8,101,244,83,182,12,116,153,133,54,146,4,95,127,147,208,126,232,203,20,223,196,117,235,237,125,83,207,70,155,219,197,67,11,69,203,10,195,36,175,4,241,44,33,175,201,107,49,35,66,240,209,9,203,201,166,200,233,214,59,219,55,114,249,93,3,131,115,48,62,118,111,158,201,17,15,93,207,44,112,152,154,239,67,154,212,51,35,233,156,214,16,232,106,184,16,57,115,21,88,16,206,36,98,127
245,1,121,79,29,154,118,131,128,104,169,42,177,51,10,231,66,182,81,95,147,177,197,154,127,160,97,23,251,83,216,131,14,120,139,189,168,168,183,22,226,105,155,239,43,177,194,177,102,179,116,239,244,165,4,53,22,38,104,208,154,6,39,242,202,63,223,0,49,173,240,216,253,183,88,147,204,202,169,28,78,154,73,159,236,18,16,54,118,196,95,245,116,236,170,144,177,101,94,41,41,205,134,107,67,231,228,196,216,29,22,168,185,18,58,143,146,110,31,10,254,128,169,48,224,22,52,14,127
188,132,57,182,103,248,34,177,133,152,200,139,96,113,204,14,2,204,154,27,89,81,115,184,136,120,144,38,149,10,224,208,167,39,185,189,210,47,81,144,176,208,70,117,76,117,18,108,31,96,191,21,197,107,38,221,21,88,185,46,197,176,28,150,18,21,164,66,12,147,109,65,213,76,223,40,152,11,169,62,57,61,116,102,168,45,72,62,152,185,86,1,125,24,122,48,212,87,90,12,210,244,135,249,229,200,27,11,121,114,35,97,224,114,98,206,226,24,248,228,77,38,96,226,4,5,140,75,127
166,168,230,37,204,2,2,133,181,83,89,160,155,215,74,148,146,181,190,200,246,187,4,39,204,219,172,164,119,137,157,173,108,181,49,139,144,61,211,171,224,220,244,37,254,184,39,215,105,50,16,181,229,68,51,195,9,187,220,202,224,163,111,65,239,209,145,167,227,8,70,153,18,100,212,237,155,128,150,215,242,106,53,238,175,17,195,13,167,107,126,49,40,144,105,54,244,134,39,118,61,74,183,85,50,7,177,101,82,144,113,21,78,4,18,187,78,89,92,53,245,176,14,214,192,24,204,25,127
10,109,142,42,99,135,176,68,3,116,34,99,45,19,69,97,187,22,52,247,156,99,135,116,117,135,214,186,124,183,85,21,228,182,75,26,165,24,62,235,58,42,180,209,91,181,224,72,55,197,6,132,167,43,133,168,30,195,225,113,102,34,30,219,52,144,179,89,148,59,150,133,132,44,69,100,171,30,58,135,13,138,168,20,15,139,221,28,246,143,239,248,200,106,8,242,251,182,15,189,191,220,62,105,4,220,80,144,35,236,69,117,232,28,195,32,170,95,92,29,243,238,125,102,169,152,106,194,127
118,206,170,178,192,138,175,136,163,90,65,165,247,29,210,76,101,172,109,131,212,90,94,72,52,229,212,32,242,226,57,93,104,1,66,202,207,139,100,163,216,25,94,67,176,91,106,105,216,225,71,220,240,79,1,82,244,120,79,86,18,87,185,124,120,224,8,50,28,219,213,90,118,80,117,215,85,117,171,126,204,39,136,191,95,191,180,21,224,62,177,232,104,175,242,11,123,129,56,81,200,250,252,200,216,224,229,5,220,20,209,138,9,49,31,152,211,152,143,44,182,38,131,6,230,86,14,24,127
107,18,96,87,213,4,241,227,174,25,133,47,9,131,7,55,42,42,110,93,168,68,96,135,206,3,98,86,97,218,171,32,98,15,180,62,191,216,233,41,91,21,244,137,106,13,74,212,7,27,216,113,63,13,134,16,129,167,33,240,235,53,19,67,55,225,129,96,99,245,182,220,98,63,236,61,20,102,179,101,29,27,63,189,62,126,164,161,183,140,15,223,5,245,22,181,185,204,61,5,96,87,232,21,10,147,249,34,247,9,50,130,15,68,115,181,57,168,34,177,112,141,234,85,146,51,234,8,127
111,95,89,57,28,17,212,188,215,97,20,71,3,24,189,27,26,56,235,123,67,169,114,114,112,221,4,213,2,187,107,68,243,125,243,222,62,222,19,247,224,16,236,5,1,163,163,216,192,75,241,100,128,199,123,12,134,221,21,3,104,186,233,17,35,22,127,186,52,107,132,195,20,156,77,99,233,152,194,4,205,228,225,7,195,216,69,92,221,215,164,65,251,136,222,88,209,10,186,240,181,206,17,61,9,8,97,242,27,214,188,24,225,115,32,49,117,117,141,95,201,248,82,191,130,96,169,138,127
216,194,27,190,41,146,195,138,199,207,227,187,183,220,155,250,86,237,111,173,39,226,174,50,247,73,253,30,122,46,61,188,64,214,149,229,209,202,35,102,87,50,250,117,128,168,142,235,9,199,6,58,147,163,224,18,20,49,111,81,90,120,244,236,85,15,42,241,117,197,21,10,89,54,243,233,125,182,123,99,79,107,104,221,184,138,12,219,148,58,137,13,197,184,115,19,0,75,44,235,105,229,8,238,190,54,41,34,198,115,242,108,45,199,105,68,65,76,136,124,225,113,200,191,251,206,252,28,127
232,47,69,186,10,17,232,243,157,22,169,230,149,93,71,170,27,197,196,107,38,249,150,251,171,99,8,104,161,235,10,91,68,188,11,229,10,236,137,228,143,172,53,16,211,183,234,6,91,211,171,202,88,58,120,97,198,85,43,4,215,96,57,105,67,186,126,61,125,161,239,4,143,249,186,143,185,238,20,109,218,188,109,18,205,88,217,193,12,139,107,25,171,40,240,86,251,6,74,103,251,130,86,39,78,33,244,248,216,103,240,113,1,159,227,89,20,30,69,154,243,171,15,44,232,21,47,224,127
0,149,81,64,7,198,112,78,136,244,36,204,215,145,64,97,142,6,189,138,123,166,64,68,86,182,192,68,116,244,205,90,116,147,120,24,103,26,117,181,130,34,236,111,160,109,14,9,6,77,6,85,104,33,85,215,90,111,166,65,130,83,192,43,102,248,158,150,86,203,24,27,128,120,9,57,98,25,214,83,198,5,6,25,102,209,13,58,37,74,22,30,176,68,19,218,132,182,221,87,105,23,0,74,174,35,224,80,132,217,147,88,148,172,148,54,113,135,150,105,132,37,189,172,82,134,224,61,127
46,21,245,180,61,227,192,166,160,254,246,117,48,252,231,37,193,201,213,254,146,246,16,59,136,157,29,16,135,189,175,197,70,202,238,86,219,51,18,253,116,129,121,152,154,123,120,205,142,21,152,58,233,189,199,154,19,232,35,50,229,124,11,24,148,162,84,141,125,96,83,227,50,29,79,105,235,24,230,49,33,78,223,169,40,159,47,52,65,223,69,171,48,95,34,218,244,224,99,249,153,251,118,235,155,242,168,97,45,185,37,204,238,111,98,156,47,148,104,3,169,51,228,200,161,171,163,90,127
220,169,225,125,99,0,174,128,188,240,5,202,43,238,154,124,37,163,156,242,19,234,241,137,109,147,134,117,228,45,60,34,84,65,12,218,90,24,114,39,201,24,183,38,109,201,35,107,136,167,214,27,122,35,232,75,19,111,182,62,125,15,115,46,21,232,206,79,165,154,118,222,158,225,92,177,168,193,152,78,142,130,239,175,194,155,196,86,20,144,237,206,228,164,112,35,126,86,156,151,234,155,246,80,66,138,208,6,160,184,57,244,161,45,147,213,175,205,253,121,89,40,71,236,38,68,229,153,127
52,12,40,184,138,225,105,132,125,158,135,212,213,110,54,170,52,44,65,139,236,113,164,197,115,26,196,38,110,45,220,229,155,23,187,181,191,19,208,161,55,144,35,93,132,140,49,184,22,238,64,252,49,107,245,100,17,98,188,112,162,88,173,157,138,47,158,223,149,156,112,177,132,124,200,35,196,240,141,101,101,175,8,245,89,113,171,192,191,95,3,123,222,12,120,230,115,85,81,82,16,116,67,56,231,49,90,229,45,220,180,81,89,112,192,229,218,125,138,33,198,156,44,169,38,104,51,10,127
88,109,60,2,60,200,200,194,198,153,52,144,139,66,100,25,59,52,21,247,5,4,216,199,92,30,9,10,7,140,231,202,179,254,36,153,17,160,90,116,10,25,113,170,10,32,183,236,134,45,40,181,20,166,177,4,215,89,185,93,35,22,64,68,199,161,128,69,82,183,46,146,5,133,106,200,239,135,171,244,48,153,27,27,60,104,198,87,124,144,81,72,206,222,110,221,26,99,159,116,73,246,88,216,190,251,169,95,132,209,153,185,134,107,110,171,228,245,182,190,43,183,64,177,99,216,207,8,127
215,241,39,131,155,28,61,40,185,18,82,243,90,112,75,170,4,39,226,71,31,53,75,108,68,101,216,29,69,226,230,152,82,178,135,55,96,24,191,29,35,27,142,108,151,87,6,222,247,94,51,173,6,115,51,84,63,200,179,75,124,12,205,214,123,151,215,91,110,135,198,38,212,140,38,47,246,198,192,110,25,225,236,233,245,205,133,138,48,236,15,199,44,157,58,229,103,253,182,192,194,228,82,141,247,60,183,9,138,155,143,88,227,127,204,63,25,144,69,250,218,8,113,237,69,76,174,164,127
83,200,96,251,88,18,218,163,223,246,153,11,40,168,20,100,69,5,43,97,179,173,105,100,28,176,242,151,134,141,69,212,133,14,199,215,173,229,119,178,211,173,65,165,189,251,37,192,120,37,134,225,0,167,10,59,214,15,107,58,203,227,235,238,229,133,199,29,145,120,148,103,90,126,143,244,4,227,120,128,78,76,136,78,78,112,39,221,109,247,187,163,33,129,127,86,65,158,53,89,207,161,55,81,108,215,157,201,204,144,220,147,72,126,209,253,7,249,50,69,124,207,19,35,126,41,247,198,127
28,169,106,180,133,254,54,251,249,161,160,27,190,146,54,243,134,151,54,172,137,197,238,48,138,203,208,86,131,246,115,160,99,21,36,194,166,6,89,0,25,61,41,233,32,189,105,102,32,8,8,43,35,45,203,78,6,24,167,126,77,105,127,19,178,151,2,208,50,98,227,223,187,194,228,10,105,26,171,220,58,127,179,185,73,223,64,156,219,108,123,170,131,67,199,170,67,56,203,141,1,108,105,56,3,42,98,0,194,143,211,160,181,55,250,92,152,205,86,67,30,110,58,144,173,16,235,232,127
212,139,134,203,222,153,128,193,153,47,105,8,125,161,186,54,123,93,102,73,140,66,40,33,96,152,230,210,165,131,76,41,213,251,52,228,51,49,246,253,6,56,66,172,9,130,63,30,216,182,98,41,2,163,212,74,63,158,67,188,178,9,64,128,25,118,205,10,211,167,165,232,185,178,183,233,254,74,69,11,155,67,80,175,15,167,92,150,245,116,16,107,37,180,43,61,176,231,119,145,166,113,55,176,166,73,9,63,160,29,157,13,23,219,241,5,13,6,185,170,75,28,169,68,96,7,237,8,127
141,172,13,188,10,38,27,79,101,199,157,178,201,50,155,159,238,30,54,243,216,166,185,210,170,122,43,196,155,190,27,214,52,235,249,193,129,215,50,123,214,250,116,119,196,136,53,5,6,17,253,74,126,9,217,50,1,20,3,164,121,201,163,51,205,127,115,21,82,109,121,104,203,14,47,41,198,128,105,146,36,85,41,97,235,237,204,27,142,227,124,210,38,176,118,91,33,78,52,82,9,108,216,139,214,104,53,115,87,42,198,125,30,49,177,242,15,121,8,92,166,123,159,27,123,117,131,105,127
177,79,61,221,56,171,66,1,39,8,54,88,235,158,252,2,152,96,126,141,4,19,106,118,42,38,159,135,71,242,149,146,26,40,226,89,80,167,68,175,69,219,79,234,213,12,96,215,223,231,118,46,93,111,121,55,180,10,131,228,119,146,176,171,37,48,177,35,133,219,171,229,114,119,150,15,139,184,213,116,20,51,213,216,151,76,116,107,122,185,16,134,43,121,203,159,5,103,46,65,108,118,219,218,245,112,95,85,139,66,210,165,60,167,100,65,51,26,41,181,207,69,194,222,145,145,188,15,127
63,144,116,235,39,53,9,78,27,226,5,129,217,6,208,147,221,173,86,232,157,107,72,76,172,168,11,87,159,112,211,133,70,187,38,146,3,90,67,15,97,196,240,132,42,32,13,21,30,238,54,12,179,80,248,136,215,142,36,25,239,234,93,57,102,40,189,193,191,136,91,47,127,79,129,166,29,188,112,7,85,83,134,101,56,153,86,0,170,234,200,238,220,244,173,115,163,67,180,228,8,196,254,57,23,34,174,123,252,39,90,131,110,78,107,50,65,131,143,70,80,46,147,84,120,199,81,122,127
123,206,127,154,8,81,81,82,162,4,186,60,225,153,119,200,5,206,79,106,52,136,99,144,134,246,247,249,218,205,207,23,26,241,188,145,79,158,77,212,224,188,56,93,176,49,10,64,166,126,234,150,114,5,98,100,24,105,187,218,39,95,21,195,43,129,222,252,185,166,146,109,133,67,20,136,14,217,52,164,194,109,174,117,157,114,61,115,139,101,150,186,222,81,81,112,237,49,29,60,45,167,120,207,39,238,157,111,173,56,211,22,125,163,214,185,239,113,220,104,102,68,132,134,163,165,18,195,127
89,62,82,97,36,66,125,76,48,15,14,152,123,201,171,152,62,202,157,189,175,108,181,49,162,53,226,139,27,126,137,217,239,250,49,151,177,230,95,3,166,198,185,234,232,48,63,242,188,156,182,33,96,22,100,11,123,223,126,107,150,138,64,138,183,242,47,197,64,173,181,226,78,113,1,170,4,93,230,245,68,127,85,153,128,134,9,238,82,228,93,236,176,165,219,58,103,13,81,159,24,210,46,166,65,59,149,57,43,229,198,1,164,228,62,250,143,74,32,40,45,216,2,117,173,169,106,128,127
29,60,177,232,28,134,19,120,17,187,17,158,157,81,114,67,123,27,91,239,196,98,106,167,172,185,114,13,150,204,141,9,244,240,173,247,122,186,205,172,118,135,172,121,150,182,220,72,217,95,192,182,205,225,40,247,128,81,38,58,65,89,115,197,172,242,97,207,84,51,69,2,125,55,206,47,223,1,219,124,239,25,0,46,80,103,63,2,196,118,110,182,50,132,219,11,233,70,251,146,177,16,4,128,81,157,63,66,112,2,82,17,14,146,48,29,59,156,251,48,236,123,147,111,189,216,120,8,127
190,123,156,73,176,112,199,41,79,198,4,123,136,230,249,249,103,47,128,1,159,15,45,87,11,43,2,67,115,27,235,160,244,168,174,242,144,226,51,37,32,170,240,10,149,155,25,161,7,129,62,46,127,209,30,240,30,189,31,165,158,126,231,204,55,9,171,175,8,51,191,188,145,158,137,91,26,121,167,15,194,199,169,173,33,105,254,105,70,89,58,239,105,130,166,147,55,56,16,77,202,99,220,167,25,106,135,115,38,210,134,35,79,149,130,130,54,184,251,195,34,8,87,115,186,17,190,227,127
117,158,213,201,159,206,175,63,17,151,24,172,244,138,87,45,181,183,151,223,202,2,190,37,187,104,11,21,227,216,241,237,99,63,76,98,179,68,159,24,133,241,129,97,250,29,160,179,155,111,142,62,129,70,151,94,125,216,31,184,17,75,235,13,108,29,109,155,146,37,93,142,43,134,27,53,243,214,137,76,130,232,226,137,219,42,9,234,120,112,137,80,117,17,23,54,76,236,180,8,18,77,175,233,214,40,142,201,128,244,148,95,55,59,191,144,143,13,34,69,90,243,228,109,15,182,203,204,127
254,57,210,45,21,245,14,236,52,89,52,16,150,86,29,103,48,190,74,15,201,54,227,221,118,68,131,27,116,81,146,213,177,208,79,175,18,63,13,27,235,2,134,61,24,114,112,112,49,38,236,44,79,87,193,36,10,88,147,105,97,118,188,207,227,250,241,105,233,60,7,126,248,93,232,144,226,7,101,105,159,243,113,213,135,18,82,238,146,249,201,168,150,33,248,199,57,240,152,62,174,202,59,77,107,24,144,170,240,140,82,163,218,195,171,83,179,76,127,85,172,125,221,202,164,29,26,164,127
144,183,207,108,99,81,43,14,223,134,138,153,10,80,213,187,197,195,98,13,168,134,188,194,122,244,238,137,157,32,226,21,10,117,176,58,248,160,37,172,206,144,59,211,26,254,137,212,130,179,100,149,166,198,86,144,203,58,161,193,93,4,105,205,31,212,244,6,55,237,13,6,221,239,221,102,188,241,52,180,99,207,249,201,244,251,239,44,184,234,219,1,12,72,32,40,53,164,229,194,14,235,224,41,4,187,177,181,224,221,229,215,92,27,29,219,235,251,124,24,9,43,253,87,125,139,190,253,127
33,145,183,195,4,237,251,111,228,70,30,207,54,70,7,16,198,159,59,78,44,220,163,190,24,68,163,16,62,20,213,96,153,120,186,186,217,116,159,159,67,143,194,144,161,154,241,132,120,73,115,151,224,54,131,35,13,177,197,57,221,137,117,197,116,129,217,116,46,128,225,140,38,205,49,171,72,202,169,104,99,38,139,29,114,196,147,50,170,218,216,212,76,29,20,136,86,24,203,18,43,151,55,190,126,81,112,18,109,94,178,163,239,79,186,140,161,228,155,65,29,33,219,38,235,143,42,82,127
193,71,233,218,52,221,106,218,126,121,159,140,75,129,207,54,83,40,100,38,248,152,79,5,197,218,30,165,144,160,76,152,243,229,170,212,5,236,196,170,142,244,238,121,36,7,70,157,176,147,205,216,253,232,81,222,163,95,159,122,126,70,108,62,3,189,67,106,66,223,91,106,109,48,228,224,177,154,108,91,32,118,119,23,245,58,29,181,205,193,73,87,154,100,199,65,109,186,159,209,184,215,223,83,9,152,50,147,214,63,46,63,97,162,12,44,229,71,96,61,31,121,216,205,143,72,194,178,127
130,90,68,254,84,30,199,204,99,214,183,172,189,67,245,218,104,236,139,236,122,167,97,136,222,0,124,73,192,146,50,74,214,112,249,91,195,67,61,231,148,236,192,161,192,11,170,22,122,3,249,165,130,121,234,68,27,106,86,107,100,226,79,231,217,132,52,152,156,115,94,16,65,21,227,148,117,77,225,26,53,112,143,252,199,115,130,139,118,28,249,203,149,147,253,194,105,203,231,40,247,248,107,53,80,203,133,179,252,220,231,122,127,232,160,20,104,43,67,72,49,177,128,21,172,97,21,152,127
54,213,124,214,166,146,130,121,123,66,176,143,185,107,48,118,85,179,77,140,166,60,3,18,174,159,203,251,88,137,169,185,229,190,217,227,244,74,250,248,66,65,236,221,193,180,232,160,197,72,112,219,34,61,209,19,92,244,57,230,229,210,32,60,127,81,178,83,54,140,240,227,160,200,53,65,214,110,19,147,162,55,183,231,33,183,224,248,112,245,21,217,59,212,122,104,1,55,122,24,49,5,184,111,69,38,46,104,129,180,195,213,166,9,181,29,60,113,211,241,123,118,253,74,187,14,176,194,127
38,147,248,83,67,227,55,152,28,123,31,140,167,145,98,206,93,145,139,210,232,118,103,139,162,23,1,94,77,9,52,20,217,76,156,215,119,102,222,17,123,243,105,182,186,247,139,236,230,206,129,74,250,105,233,16,183,179,205,231,101,93,186,66,102,38,138,75,125,196,252,246,155,200,61,182,59,29,49,245,225,205,243,238,17,164,179,88,39,169,135,169,188,170,204,57,120,247,198,213,176,127,15,83,61,98,7,123,110,156,119,207,145,57,253,51,159,225,114,43,107,46,52,5,14,181,130,58,127
120,239,96,75,4,156,138,86,206,88,133,219,111,5,207,23,222,241,242,127,84,77,212,244,109,90,33,228,191,59,10,244,62,219,151,238,26,241,121,143,224,43,94,139,93,210,186,143,30,93,143,7,127,198,5,106,95,37,100,246,118,32,190,17,165,122,118,125,202,203,203,108,87,94,28,10,69,191,59,130,119,136,236,13,70,223,236,170,182,15,29,6,105,123,239,234,37,26,51,71,3,125,33,144,63,91,144,178,221,11,18,159,12,62,65,205,171,90,121,154,17,75,159,213,196,164,145,57,127
252,176,8,241,53,90,251,148,206,37,135,87,136,33,195,33,177,140,63,68,109,102,56,207,195,40,143,147,38,229,231,106,75,107,235,160,246,189,128,163,210,231,110,186,57,237,147,150,251,69,66,218,0,30,200,36,6,56,179,242,53,104,141,237,37,125,67,3,47,34,234,26,15,11,169,154,143,46,251,160,140,48,31,188,81,84,93,185,193,131,188,77,137,26,238,124,149,237,112,87,109,239,169,97,56,145,110,191,75,25,189,241,244,63,35,235,159,246,64,145,123,220,215,178,211,238,129,19,127
143,10,196,45,14,241,83,104,22,56,127,226,99,220,21,44,110,249,5,125,225,195,207,175,180,244,73,232,137,63,88,28,112,228,223,179,93,41,180,128,49,244,178,101,208,212,213,167,251,66,57,191,180,107,87,242,63,55,182,220,131,63,49,232,35,221,134,132,134,254,253,159,50,206,72,223,195,170,52,130,12,191,212,186,50,14,124,79,112,105,159,145,116,175,193,131,19,52,178,50,181,253,65,54,147,84,119,240,87,92,238,165,69,39,66,108,113,46,150,193,237,59,17,70,91,242,157,30,127
19,250,250,24,80,121,74,133,164,172,13,248,114,224,50,250,131,162,172,1,69,250,39,231,238,170,99,230,58,112,126,186,154,214,181,189,163,87,106,160,253,198,96,209,167,86,145,125,15,45,56,234,109,151,248,177,169,231,98,157,113,145,180,170,150,246,183,236,26,194,235,144,7,152,166,65,188,14,169,50,53,225,72,44,235,218,69,162,138,77,250,184,128,178,158,136,27,83,148,223,216,59,195,169,133,156,12,92,63,226,38,163,60,54,140,29,198,2,173,22,9,68,152,182,173,184,3,59,127
38,17,224,112,238,242,115,125,164,179,138,111,19,187,247,169,193,160,218,138,78,99,104,46,54,104,48,162,187,27,117,108,66,118,230,252,202,119,85,232,225,208,27,155,235,67,106,24,36,110,88,64,216,194,211,184,50,136,2,190,25,49,208,196,197,163,178,147,39,79,128,174,242,226,22,219,164,224,195,73,248,23,184,122,81,71,83,184,205,130,209,38,7,192,38,63,56,153,230,239,84,40,141,249,77,198,36,150,51,17,61,38,166,71,135,134,251,16,44,29,97,107,211,218,152,195,236,190,127
248,242,137,190,140,239,137,196,248,169,59,194,198,2,83,220,214,25,40,238,55,138,39,35,80,61,30,190,126,99,242,66,59,123,126,16,110,77,134,50,187,49,124,124,86,139,143,228,104,122,200,65,227,100,218,39,62,22,66,7,20,33,66,251,113,32,109,76,137,63,213,94,34,18,17,162,158,154,18,142,41,41,63,83,59,177,58,63,87,129,219,18,67,210,65,147,74,77,73,157,9,230,140,180,13,129,95,55,17,174,94,6,154,99,92,165,73,92,7,180,164,246,146,148,184,183,80,13,127
211,145,16,80,74,86,252,129,58,173,52,227,212,171,167,148,220,154,85,134,234,209,27,44,41,73,239,154,165,198,176,247,21,86,68,52,214,253,168,176,213,252,140,157,80,79,135,249,158,107,128,253,182,246,116,6,32,155,90,86,56,60,21,181,174,72,67,32,144,162,90,173,217,11,31,230,189,27,13,36,71,242,205,143,121,233,35,186,26,101,229,91,11,101,184,228,243,161,28,31,48,165,218,101,169,104,98,169,213,193,201,34,104,232,93,157,178,79,113,21,49,73,199,23,235,221,36,27,127
235,78,52,172,48,156,0,3,101,144,108,116,216,96,24,38,172,28,177,155,223,90,236,27,59,184,68,131,188,96,252,150,40,91,190,144,103,15,66,237,176,25,99,228,48,114,44,167,159,26,182,202,188,166,92,30,158,121,189,184,143,142,202,131,203,213,233,78,57,116,29,217,41,100,142,167,106,82,40,97,41,168,40,2,177,251,22,237,115,20,209,99,25,218,54,219,85,159,201,194,74,103,238,30,104,59,16,71,133,167,35,29,58,100,87,79,221,20,77,199,230,76,63,216,159,9,136,226,127
213,50,5,85,112,61,212,155,100,177,82,122,227,175,71,236,170,5,118,225,136,211,19,152,170,51,249,124,223,82,150,19,111,156,122,103,212,161,37,214,157,216,239,221,105,208,218,76,14,100,54,245,194,151,171,118,197,247,110,142,167,44,195,65,82,189,144,193,151,109,136,122,254,177,185,29,118,75,171,89,13,94,210,43,87,40,35,120,175,159,38,252,253,47,141,105,163,77,224,125,205,68,109,17,178,252,218,153,106,159,168,216,196,130,82,143,222,137,198,57,102,231,169,192,228,148,1,110,127
152,112,251,131,30,115,176,92,241,80,127,81,3,228,196,39,196,61,189,176,91,97,185,186,190,150,49,124,30,241,122,109,248,34,20,138,96,10,217,215,39,89,184,128,12,151,3,54,113,140,149,73,250,32,203,118,60,252,191,31,214,230,44,250,36,214,177,83,253,103,146,251,13,136,244,31,47,98,52,7,119,208,159,25,159,18,25,160,167,89,130,125,13,180,2,169,156,181,14,152,187,82,232,184,162,104,92,193,231,174,54,1,175,78,68,103,221,229,152,160,13,245,50,60,36,233,169,240,127
224,173,235,122,53,218,121,144,55,54,29,102,88,124,108,127,73,1,125,171,13,146,147,67,195,163,6,189,210,205,49,211,54,101,129,60,7,111,32,2,137,118,101,46,191,230,87,62,35,73,118,181,249,147,55,28,4,152,246,76,71,161,193,35,199,12,31,92,130,25,120,44,36,140,70,196,5,110,91,81,125,56,215,135,187,32,44,9,59,92,154,243,20,196,194,165,126,140,242,217,241,29,187,250,234,102,105,130,2,59,21,249,58,70,239,123,244,242,119,245,250,159,168,75,86,201,120,18,127
40,113,79,215,202,205,248,65,131,83,215,67,100,171,175,109,27,75,9,88,60,110,95,106,176,178,90,97,16,196,126,117,141,33,78,154,95,221,95,103,198,192,83,142,228,44,178,148,212,194,121,183,188,218,170,152,160,189,191,252,136,119,191,135,8,198,34,120,199,52,226,189,91,32,166,22,180,230,80,220,224,38,87,132,140,90,181,39,33,20,192,209,217,29,247,160,7,77,206,162,49,241,110,229,232,154,104,115,118,10,232,226,148,251,116,206,190,38,195,79,84,49,95,216,124,76,60,226,127
107,202,169,4,145,221,194,33,228,56,222,179,248,21,39,141,205,218,79,128,90,36,213,182,134,34,52,29,63,23,18,104,203,249,216,18,202,111,8,12,168,161,120,220,174,132,206,232,42,85,185,25,133,135,205,28,52,73,58,4,233,64,225,236,124,89,55,3,41,161,185,129,72,106,123,166,217,86,245,56,106,102,55,109,176,242,19,204,4,112,14,202,104,115,197,228,134,47,1,83,49,27,191,55,216,233,68,71,10,132,227,209,116,53,100,22,139,31,90,6,199,1,208,177,239,66,191,79,127
101,131,225,171,145,7,222,103,226,183,22,106,94,136,98,88,148,50,157,10,215,40,180,61,91,15,72,107,87,220,0,180,232,30,80,242,190,235,118,122,237,19,173,80,51,129,81,77,14,243,143,146,6,131,131,5,195,48,95,68,158,87,30,201,222,145,41,188,205,20,88,189,243,141,218,210,87,22,58,63,154,32,88,100,161,72,162,75,42,75,93,10,101,148,42,43,141,59,39,22,60,86,181,36,111,112,106,149,24,156,151,189,41,246,203,250,111,57,54,46,189,3,198,26,65,162,118,153,127
118,124,117,213,105,231,159,168,18,84,174,145,185,51,193,162,241,205,24,242,18,44,100,54,238,106,245,16,149,233,195,79,183,6,78,205,247,44,7,189,31,141,236,111,34,55,172,172,159,4,136,72,60,7,149,68,203,166,185,252,28,57,69,114,242,217,29,197,203,12,150,13,25,16,52,234,227,28,6,146,189,107,57,144,58,120,40,6,47,35,243,153,217,112,19,99,51,216,213,124,167,195,127,178,214,235,13,63,139,53,40,53,3,101,181,58,219,13,111,38,88,132,240,101,130,192,128,199,127
69,220,179,138,204,231,106,206,218,5,119,95,76,177,235,100,198,10,83,100,198,169,122,139,178,233,183,212,74,240,136,86,157,7,227,222,243,14,129,246,123,196,142,124,224,202,177,118,119,39,89,113,184,224,116,97,68,203,118,204,207,66,7,26,246,13,34,125,63,235,32,183,38,44,43,133,163,38,176,139,184,192,246,163,44,58,164,70,213,144,207,45,38,147,113,22,245,171,89,226,223,10,181,252,204,48,192,39,194,44,121,8,60,57,189,145,251,193,247,231,113,66,209,132,1,130,143,24,127
74,48,45,54,137,4,225,114,125,251,110,5,76,38,168,241,177,179,124,189,98,43,143,143,101,160,190,36,61,59,51,186,124,36,199,175,50,236,182,253,80,196,170,83,54,224,70,68,152,242,29,100,153,220,146,198,63,94,236,224,6,67,142,177,232,136,133,241,93,71,148,33,72,250,124,10,61,12,210,68,251,216,14,218,59,31,34,135,179,135,183,180,143,38,150,33,88,7,23,17,156,165,224,34,187,14,144,131,160,196,226,158,75,220,3,42,42,162,183,223,12,253,138,34,126,21,233,6,127
177,190,160,91,54,71,197,15,79,71,224,137,169,194,110,114,188,214,36,150,241,81,217,219,48,167,77,161,178,142,95,159,78,92,229,130,192,97,116,157,53,38,174,69,189,43,1,85,14,198,253,55,55,240,63,253,176,0,241,11,1,185,228,18,4,140,82,48,142,166,124,197,6,246,82,173,79,97,134,249,183,119,117,246,220,54,53,140,168,65,222,216,135,60,239,192,218,58,198,48,204,205,50,8,135,112,129,80,124,125,3,147,14,171,32,196,158,172,177,152,114,165,114,7,186,67,205,68,127
95,212,85,248,157,7,178,221,229,213,185,196,156,93,76,123,197,139,197,9,144,157,190,172,157,225,93,49,88,239,6,152,185,235,44,71,189,54,27,215,139,0,62,156,27,129,1,56,29,132,99,32,44,61,71,157,127,201,17,247,123,11,53,128,57,170,151,106,83,236,209,190,144,1,141,207,210,90,4,95,67,238,24,49,130,19,150,86,130,83,107,169,55,55,210,29,193,247,174,186,162,215,124,174,141,168,65,139,158,194,44,176,152,35,130,181,203,189,185,19,7,139,5,60,163,49,142,23,127
92,49,45,223,99,133,114,133,226,246,122,118,82,214,47,11,20,135,120,96,28,82,137,234,122,211,47,187,212,57,212,2,77,203,118,35,14,233,121,54,62,98,69,85,69,25,1,116,149,41,52,29,229,142,70,233,95,222,85,175,35,74,106,183,234,90,200,10,173,47,190,135,5,66,175,127,88,249,199,22,94,33,156,80,190,73,223,231,221,157,208,227,253,158,117,60,9,147,123,248,82,120,63,86,241,40,49,122,184,174,88,80,78,123,47,172,148,24,123,199,174,246,171,48,248,145,107,162,127
248,129,236,224,250,135,57,117,180,15,13,51,159,223,150,71,238,18,60,42,78,21,177,10,217,231,129,180,84,235,27,123,44,52,98,96,82,126,81,154,81,28,28,39,111,34,196,225,164,11,119,101,77,159,45,57,45,100,168,38,192,98,96,55,178,56,92,37,4,231,170,82,118,198,247,132,250,35,12,211,130,235,95,115,228,180,172,239,156,126,205,94,215,218,120,149,123,39,161,162,190,192,22,218,105,239,144,239,36,183,62,78,171,248,105,64,107,7,219,245,87,151,87,143,84,117,119,110,127
10,24,184,83,206,192,169,228,231,36,206,196,41,149,175,30,237,79,205,252,80,188,223,87,240,132,132,20,224,108,149,45,129,167,205,74,251,30,241,180,176,87,55,40,226,90,215,203,19,165,49,82,44,85,82,105,147,3,57,189,80,16,176,155,81,146,114,28,147,136,1,110,58,247,203,76,168,231,77,163,252,32,89,121,129,215,45,246,228,42,152,20,1,106,181,227,149,198,124,249,126,162,133,155,219,110,158,5,209,43,133,11,140,245,29,43,230,6,169,205,112,237,246,54,185,253,30,93,127
113,160,193,44,242,12,118,234,83,167,110,20,173,176,11,141,224,118,181,27,28,230,21,226,141,249,59,8,197,156,132,200,37,191,240,146,189,31,212,98,11,145,59,57,115,200,159,33,137,125,69,39,172,5,163,72,172,167,22,140,43,27,46,155,43,152,109,185,63,135,234,150,192,92,210,99,56,137,16,20,232,149,89,116,75,48,141,8,68,90,244,10,202,227,78,22,172,182,121,153,135,226,97,206,154,113,101,81,176,230,84,50,13,232,245,47,121,46,174,176,253,94,246,94,139,202,201,114,127
58,74,34,149,57,27,57,237,153,127,160,51,141,219,123,196,188,117,4,169,71,87,252,240,210,245,113,181,45,58,96,118,100,168,169,103,65,244,245,80,204,42,35,32,167,105,206,95,67,34,78,223,24,154,58,175,102,172,17,219,104,157,193,211,51,202,21,69,210,50,66,27,52,74,104,226,174,232,59,152,37,250,213,244,204,217,60,10,51,212,105,71,15,42,160,68,195,158,12,133,148,93,106,143,221,174,135,55,162,72,102,112,72,42,163,5,119,180,220,50,29,84,159,254,38,74,43,169,127
206,150,196,106,82,216,67,200,161,230,53,46,194,94,119,167,247,129,187,168,195,252,103,14,105,53,74,83,74,213,169,13,31,147,190,85,111,243,246,33,164,145,83,1,206,129,76,135,199,147,140,56,153,151,112,111,148,135,45,157,46,17,186,102,37,23,136,187,163,237,96,146,221,7,230,65,192,153,58,186,161,30,32,95,101,6,56,246,24,64,126,243,5,101,127,234,145,40,57,102,136,88,234,32,79,66,31,72,156,252,182,63,222,88,59,175,32,78,101,154,26,42,74,215,120,22,111,149,127
224,215,204,80,23,48,182,211,8,229,138,30,233,214,117,72,50,32,250,31,53,172,83,72,145,234,12,109,101,85,236,89,203,124,86,4,150,253,236,123,203,137,46,109,107,35,62,147,225,148,253,205,81,92,227,52,207,80,132,187,205,226,66,205,41,140,217,33,236,117,63,193,140,44,121,225,89,25,58,153,77,199,64,231,48,217,173,98,9,135,75,110,163,89,220,54,92,27,171,114,96,15,153,55,243,154,51,50,223,88,108,30,152,199,228,34,119,198,112,204,137,168,150,62,235,103,29,99,127
205,194,173,183,202,29,108,25,109,224,40,61,200,103,205,116,185,203,30,163,150,179,252,183,16,26,68,146,49,4,216,144,28,231,219,84,222,231,174,54,169,102,124,180,101,172,228,48,113,110,137,195,117,64,11,162,68,247,84,197,115,35,18,143,130,133,141,204,121,50,124,111,151,187,203,244,250,60,46,125,89,150,246,136,208,123,220,194,163,197,11,45,211,229,57,4,203,40,10,181,118,166,145,182,34,33,172,205,43,19,168,49,120,48,9,86,202,139,29,4,155,103,154,39,114,142,160,202,127
238,77,71,241,230,164,7,144,237,75,84,154,163,15,65,39,191,116,32,172,14,228,126,104,208,228,160,204,195,84,70,39,221,164,138,245,137,196,134,98,21,181,101,208,182,146,184,134,154,102,186,112,120,200,227,131,143,201,24,23,207,80,169,33,139,236,252,117,60,68,98,51,230,247,162,157,87,246,99,110,180,114,37,217,26,200,208,238,1,71,217,209,229,164,253,11,202,164,245,214,109,71,11,226,9,243,172,202,120,111,73,34,87,164,191,59,115,3,83,109,199,229,170,3,245,137,190,119,127
18,8,250,221,70,102,210,59,23,118,28,224,147,233,115,248,123,187,216,228,23,111,62,9,157,32,201,75,246,226,22,90,235,39,205,79,11,11,172,11,109,129,126,154,179,17,238,57,225,250,8,64,124,122,117,219,154,182,114,244,97,251,138,61,138,179,233,213,101,4,148,201,25,194,71,232,227,122,14,21,51,180,252,99,174,58,122,18,108,162,217,251,65,57,154,63,64,179,131,253,2,220,52,162,47,232,204,146,26,31,131,167,147,72,71,129,12,0,220,22,72,202,210,83,11,31,40,66,127
0,148,226,41,61,75,137,58,198,194,206,121,239,191,152,63,73,146,196,34,232,38,244,113,253,34,235,39,65,173,207,190,54,208,131,114,113,40,220,101,33,203,5,67,72,243,77,81,13,178,214,105,134,244,225,96,240,98,46,57,184,38,158,95,126,153,222,5,200,56,86,158,122,223,252,100,121,98,146,89,67,201,109,2,251,134,19,106,129,113,76,65,146,187,110,123,123,83,70,173,110,250,56,4,85,142,22,75,49,126,80,239,75,142,68,169,114,161,122,40,57,206,137,144,158,123,37,140,127
78,168,48,82,53,215,180,151,158,59,100,48,187,181,237,107,16,59,151,27,221,38,79,4,7,99,128,79,196,34,216,238,130,214,71,66,231,60,1,198,54,150,216,117,213,4,224,184,208,225,97,16,12,166,35,13,139,72,233,6,214,45,68,251,0,18,239,51,184,41,7,93,2,45,42,137,206,49,89,176,202,100,4,165,201,92,121,153,249,56,186,91,122,250,64,7,110,187,181,145,125,243,95,220,195,195,119,13,138,149,94,142,240,109,150,120,189,69,211,215,197,122,129,34,48,57,143,42,127
140,114,118,177,45,129,152,181,253,180,3,109,117,147,62,80,20,17,80,146,205,252,180,66,243,192,3,177,248,238,89,197,55,52,231,10,231,227,203,203,142,80,139,121,163,82,112,241,105,223,134,82,250,74,107,46,91,171,131,102,3,44,111,64,151,247,0,180,212,139,220,24,121,160,168,19,14,70,146,219,206,193,37,40,164,219,31,1,101,81,72,101,14,213,25,221,206,66,212,44,88,126,165,234,234,25,100,144,95,172,11,225,164,10,172,75,215,130,34,115,217,119,79,63,139,47,145,203,127
123,82,149,190,18,10,140,183,51,232,171,63,248,81,64,70,1,13,33,196,161,219,40,150,224,163,246,216,230,12,215,14,25,38,60,151,90,11,233,132,172,56,104,10,69,178,173,204,82,66,53,58,214,43,148,151,124,170,87,60,82,175,245,244,198,217,60,241,235,54,72,139,220,178,204,138,117,20,147,228,254,208,140,180,96,27,92,82,207,243,19,153,194,24,112,224,1,132,76,1,232,160,247,15,168,80,221,222,114,184,233,184,83,206,169,45,148,169,145,183,218,22,34,152,195,246,22,169,127
193,245,50,99,132,223,66,139,73,93,120,51,153,234,14,184,27,201,166,13,206,82,213,118,42,24,248,82,170,78,43,19,4,241,35,175,231,30,6,114,229,53,93,38,106,33,208,197,101,142,87,106,168,31,231,55,252,118,251,68,203,88,83,96,74,160,85,115,156,34,21,60,77,170,27,148,58,190,34,118,241,76,108,125,55,30,234,139,191,95,67,82,8,111,52,151,107,146,111,175,86,100,193,116,79,122,101,247,136,16,138,238,49,235,209,196,111,117,54,218,239,9,103,93,55,21,194,177,127
193,144,43,18,90,93,175,141,231,234,231,42,18,131,78,211,66,32,175,147,212,106,24,105,190,86,31,146,92,30,231,30,230,141,179,230,179,224,224,191,241,93,147,32,194,145,154,122,88,100,226,183,20,252,165,212,75,177,175,190,185,152,201,245,90,183,93,115,41,70,168,155,175,66,135,238,64,1,120,137,184,225,247,161,237,244,183,108,169,106,81,80,128,8,171,191,157,1,206,220,70,173,199,250,47,149,171,127,109,165,196,95,157,127,231,185,153,185,218,168,150,95,26,94,177,66,31,42,127
99,18,67,140,174,14,173,54,251,51,44,129,21,136,242,210,195,217,1,82,229,222,41,202,40,97,158,142,12,158,123,225,53,195,53,156,13,172,148,120,103,63,101,10,175,42,126,201,210,174,229,239,94,140,63,200,60,67,193,174,192,201,205,80,99,167,64,234,223,87,55,132,142,24,150,196,203,9,110,119,251,159,70,183,177,1,189,187,129,247,219,18,117,174,226,23,154,71,211,54,127,40,16,236,52,59,220,100,48,34,185,31,149,203,240,42,60,251,56,158,152,125,161,177,167,115,133,41,127
124,82,58,166,153,161,250,113,191,250,57,165,167,140,195,192,175,242,54,102,33,74,212,150,241,17,107,121,121,150,84,103,108,189,218,139,204,164,66,231,161,89,193,137,163,183,3,190,155,188,247,95,113,232,167,59,209,95,86,115,2,147,29,121,52,91,153,143,149,43,18,188,1,86,121,113,58,219,212,113,8,162,81,191,194,89,169,48,231,122,37,11,35,99,58,185,187,242,223,195,176,193,195,39,124,228,44,69,13,83,204,241,44,145,208,220,235,40,216,69,31,158,108,220,48,164,5,58,127
236,167,3,123,33,46,71,57,53,170,71,111,186,62,2,25,80,205,80,236,247,230,23,63,253,86,132,82,71,36,31,142,247,56,102,234,151,240,54,233,251,19,130,75,85,239,49,186,228,179,84,39,40,25,209,231,47,1,85,91,164,227,252,96,19,162,113,46,19,190,188,198,252,106,13,198,239,84,83,11,224,169,131,44,240,67,4,48,171,229,27,226,129,34,215,52,125,77,185,18,5,223,130,63,243,6,122,28,199,48,235,158,201,182,231,246,231,104,114,19,91,15,27,65,94,111,111,30,127
79,227,56,30,56,210,225,244,96,196,111,240,27,136,135,77,253,233,187,181,51,87,4,71,225,71,99,178,38,14,38,135,2,243,179,8,10,25,167,132,71,89,195,193,16,8,78,230,95,89,232,194,210,83,81,64,137,56,131,231,244,238,117,221,247,41,58,141,49,97,213,67,183,24,89,58,241,203,192,56,103,83,159,208,137,46,183,149,179,183,254,149,63,227,192,121,36,5,144,140,102,162,57,42,221,58,9,222,227,180,116,4,11,99,14,206,156,186,198,186,144,238,224,50,204,208,140,161,127
105,81,190,27,121,152,203,198,250,17,175,21,89,118,131,88,79,41,111,111,30,189,222,106,44,202,173,63,115,210,112,63,140,7,92,137,224,169,209,206,202,186,27,16,111,67,159,119,4,235,7,217,123,239,73,179,96,80,85,239,162,87,231,146,173,195,145,136,75,190,234,164,55,177,213,157,206,227,148,213,226,116,82,103,108,157,123,96,223,138,72,46,177,51,90,79,48,0,205,200,9,107,34,136,82,72,175,76,67,164,212,193,215,124,93,163,119,186,224,137,168,20,96,74,105,139,205,22,127
120,159,223,12,162,133,99,70,28,101,44,31,155,113,238,147,147,95,239,133,239,44,121,81,26,102,50,135,12,220,224,163,173,96,135,7,166,158,142,69,66,120,140,62,200,202,20,69,213,179,253,183,227,0,5,160,19,195,238,198,99,166,211,153,127,200,150,85,35,13,37,94,149,105,29,155,62,168,105,148,75,49,254,138,113,68,236,183,136,31,166,249,50,212,167,89,72,148,20,65,70,163,167,24,108,152,229,82,45,71,42,62,158,67,72,2,104,40,233,218,125,212,184,218,123,94,164,185,127
56,187,146,202,16,64,127,72,239,86,211,179,61,62,145,0,152,53,241,247,113,146,183,213,80,32,17,67,43,160,89,137,77,209,183,115,47,70,60,75,202,112,170,74,69,46,63,200,164,52,103,126,138,194,98,38,159,250,10,200,153,109,0,101,98,119,227,236,185,173,53,0,151,147,175,131,226,104,103,34,201,138,63,93,11,239,105,72,191,57,220,189,185,149,133,90,195,119,17,45,230,173,215,26,160,69,196,30,72,94,194,33,103,152,47,251,137,216,64,71,177,109,25,158,220,202,195,59,127
6,124,231,114,212,81,164,233,22,196,209,162,132,219,227,183,86,117,106,248,46,238,94,43,233,230,62,83,119,82,175,213,15,19,52,196,88,147,73,108,20,74,221,27,18,42,112,237,151,114,75,56,76,118,183,38,238,150,101,215,204,58,188,4,122,188,206,227,55,189,254,127,227,155,252,221,186,99,250,237,23,182,7,207,42,147,53,3,214,87,195,92,35,126,113,60,27,17,171,29,31,69,125,97,217,187,41,88,6,56,116,178,9,221,31,76,111,193,106,54,110,248,130,58,12,10,220,109,127
124,203,214,78,175,158,246,227,154,7,42,40,5,188,140,195,48,185,213,244,140,81,189,9,245,252,226,136,157,70,56,155,30,39,137,102,150,212,247,67,235,186,166,34,211,202,202,49,75,72,185,33,228,220,164,137,145,178,94,226,52,101,99,194,21,62,80,141,192,168,44,245,91,85,200,74,14,84,171,142,221,174,238,128,228,33,239,94,124,207,188,26,160,69,177,34,84,72,86,81,170,53,3,185,144,106,193,233,74,41,220,18,5,63,203,209,70,32,52,224,223,184,176,172,72,0,233,240,127
171,208,199,224,138,201,139,127,17,244,246,42,4,90,78,249,233,142,88,205,199,224,2,172,46,157,161,130,28,51,38,61,111,44,47,119,22,146,104,133,242,208,15,124,68,132,93,95,18,121,215,252,228,183,67,59,228,179,62,113,75,7,56,202,232,94,109,39,122,34,75,130,76,117,148,36,230,217,38,144,19,251,38,43,133,64,224,100,211,86,243,178,127,50,20,44,205,86,49,252,47,150,253,102,209,232,127,208,227,155,227,128,147,63,123,75,141,48,90,140,195,38,224,217,6,182,126,118,127
196,51,17,86,180,190,22,94,223,65,189,8,113,52,92,59,121,201,109,190,197,13,101,121,112,61,11,17,189,116,103,168,101,251,166,20,117,175,142,52,72,111,145,194,182,7,77,122,212,156,234,89,186,222,158,72,36,95,53,26,218,137,203,19,246,133,16,232,1,91,73,13,220,18,242,229,227,18,75,166,154,132,117,82,166,110,193,90,247,153,97,237,239,226,212,85,166,245,108,2,66,152,117,215,104,4,119,97,40,188,84,95,217,75,240,196,194,84,207,211,124,170,241,230,35,227,30,153,127
116,135,249,152,178,196,55,236,127,127,122,115,210,17,43,25,254,45,223,176,133,79,34,218,99,100,4,9,124,213,252,233,109,153,20,65,174,178,244,101,230,90,127,131,213,65,48,97,180,64,203,237,9,214,87,0,55,189,167,84,15,225,114,23,53,192,225,128,117,12,102,86,162,24,71,237,192,102,113,11,214,3,0,154,107,187,182,244,38,38,231,246,96,48,130,98,80,90,20,245,205,145,199,61,63,238,248,132,86,41,29,82,181,215,9,140,215,247,105,165,199,238,150,208,223,233,97,71,127
88,55,118,175,12,79,80,76,249,41,113,143,184,75,160,132,178,105,88,5,95,98,34,24,57,68,178,47,250,123,110,141,22,78,78,49,244,138,152,74,165,101,185,5,91,41,191,55,153,133,159,92,226,169,28,70,105,125,136,153,196,117,183,208,123,35,128,178,64,58,151,32,186,234,246,30,32,249,110,98,190,60,233,125,151,38,181,198,0,121,150,174,63,215,124,199,237,146,58,167,123,147,164,212,14,71,154,47,89,122,130,230,148,49,96,165,121,235,133,55,221,75,194,215,208,136,126,84,127
233,129,216,132,178,192,206,227,43,152,104,166,147,206,103,186,82,60,155,160,49,64,233,219,34,222,223,175,8,237,116,67,4,174,94,243,230,31,85,253,122,222,116,111,32,176,15,59,163,209,239,166,161,87,238,111,131,2,231,0,33,41,126,69,73,23,58,87,173,102,23,94,84,69,110,14,175,73,55,158,248,89,61,126,130,56,3,164,119,132,92,212,48,144,7,209,151,112,12,179,128,39,46,28,220,223,60,209,67,2,17,82,167,57,162,192,57,96,237,69,0,13,126,39,66,208,82,14,127
100,130,25,179,254,105,253,208,75,169,191,252,139,144,179,176,217,167,67,240,52,179,196,88,6,60,51,189,167,13,25,231,33,164,47,212,225,124,134,159,188,245,55,5,134,37,155,186,214,248,152,224,156,75,119,20,65,240,186,122,192,86,181,167,74,177,21,119,164,9,59,251,215,165,109,201,200,3,250,105,50,194,2,238,122,99,29,40,7,65,73,190,203,243,244,219,14,187,109,61,173,162,75,90,201,244,217,103,56,81,253,189,46,80,150,41,23,54,252,231,90,141,118,121,154,225,156,225,127
124,159,220,36,187,53,63,185,72,7,228,21,228,191,199,174,100,229,48,142,40,9,111,217,233,204,190,6,48,37,210,38,149,230,105,8,133,59,33,45,196,84,84,226,121,248,78,240,59,249,161,15,210,201,181,77,189,224,8,125,63,225,84,250,178,174,65,107,145,139,99,163,17,94,162,25,77,247,148,80,83,245,20,145,157,7,167,93,240,252,74,43,116,198,134,98,246,88,51,223,47,249,222,98,29,72,137,54,1,198,66,92,157,71,66,10,37,19,176,102,158,153,146,81,120,160,192,250,127
122,41,244,109,12,50,15,15,20,31,225,115,208,171,26,241,227,26,181,91,109,13,81,92,51,13,215,62,79,104,113,219,74,231,237,234,166,158,124,165,202,175,198,217,173,225,80,214,155,232,237,160,191,110,66,62,212,241,197,84,66,109,7,160,29,136,3,141,90,226,94,219,88,213,178,190,183,79,140,242,206,229,98,84,121,98,149,77,95,101,146,208,22,29,62,218,214,17,134,63,80,39,63,27,2,168,181,230,135,119,219,231,88,119,214,130,38,62,109,159,200,158,242,101,247,138,151,136,127
146,144,27,195,205,219,31,148,122,117,52,78,157,31,162,243,19,57,68,123,127,8,22,26,9,169,49,90,90,204,109,219,103,14,57,25,136,16,190,217,22,119,84,26,145,190,24,246,145,0,15,193,202,78,187,139,67,141,220,19,167,46,182,86,33,65,194,200,44,156,121,236,155,98,157,22,210,191,136,27,64,61,8,209,208,3,111,154,71,86,13,133,206,28,88,71,42,181,152,1,74,99,52,93,93,74,203,8,128,179,59,143,83,113,197,96,24,222,90,199,124,238,15,149,217,139,212,224,127
17,15,5,70,4,120,83,23,165,218,135,221,192,248,122,101,85,250,210,3,215,36,31,193,139,125,244,182,13,59,84,52,181,234,166,54,174,19,71,98,246,144,81,94,156,248,144,3,25,53,133,52,44,99,86,215,45,130,6,251,7,49,241,127,62,250,52,8,2,59,228,133,167,124,165,207,248,194,52,25,68,25,106,31,247,78,8,228,7,182,7,160,49,146,26,211,6,99,41,225,47,78,160,216,143,34,81,137,39,172,47,156,71,31,39,16,166,38,24,9,254,10,55,5,237,56,68,208,127
83,157,164,106,125,176,92,63,220,196,78,99,17,28,211,115,231,205,118,118,166,251,193,142,2,150,249,167,152,224,123,215,191,149,43,248,193,90,149,185,35,68,47,69,30,195,39,136,8,251,68,37,126,190,89,79,198,43,189,170,122,210,84,253,221,233,58,90,152,60,186,103,195,39,59,107,39,170,7,109,248,243,154,135,64,74,31,224,58,43,92,43,219,205,20,102,93,91,13,180,247,176,57,81,95,246,30,97,4,68,49,24,47,234,227,227,174,45,253,89,120,153,142,29,157,242,245,179,127
173,12,179,40,92,111,220,251,9,16,195,213,91,81,104,54,27,91,67,45,230,20,17,166,146,117,151,52,209,218,200,117,187,128,202,184,11,70,166,124,72,252,41,102,149,41,187,216,34,169,68,237,77,251,7,128,6,44,84,153,122,81,55,144,106,144,59,221,134,68,250,82,170,87,121,51,147,11,27,30,2,12,58,99,183,105,4,187,146,122,12,22,164,152,156,165,17,23,132,51,133,9,65,74,84,167,19,111,160,29,239,37,83,48,27,160,115,107,138,84,124,8,223,28,38,199,153,70,127
149,10,13,42,32,135,25,158,133,60,98,9,2,99,117,248,123,146,201,188,177,86,39,200,249,236,214,162,182,123,126,92,107,159,82,121,241,99,177,197,149,208,57,28,2,234,146,209,183,139,32,111,1,58,117,196,208,10,225,10,242,152,250,197,68,8,91,170,120,250,236,154,199,187,107,108,220,54,157,137,146,162,225,197,88,193,35,128,245,49,5,63,113,37,57,43,75,176,169,222,35,167,159,62,82,3,246,111,58,176,12,6,58,188,243,226,32,86,128,196,211,194,182,158,54,175,101,139,127
179,168,198,198,40,236,79,234,52,18,11,215,224,100,175,171,121,188,198,115,204,117,224,189,162,185,172,253,148,231,13,212,251,239,71,208,31,253,89,59,216,90,236,115,178,203,21,114,145,84,35,215,219,226,22,149,93,40,117,209,146,110,65,14,228,116,78,109,25,44,134,91,155,231,33,55,65,142,121,69,20,9,95,200,187,79,53,17,104,154,134,236,26,113,190,183,222,81,190,155,75,69,249,163,175,182,6,167,92,101,129,107,71,252,209,128,12,117,90,118,21,72,98,143,11,100,106,242,127
129,144,144,43,91,162,85,76,45,49,189,103,217,171,60,104,7,94,155,65,149,14,143,37,132,14,67,135,153,110,77,217,150,75,164,26,225,53,120,110,35,120,167,168,137,33,26,44,159,114,236,147,93,253,249,206,47,152,207,38,243,27,11,136,71,44,143,79,60,148,194,21,127,5,117,170,38,238,70,232,34,226,194,164,223,170,178,65,181,125,18,126,26,220,27,163,67,215,82,205,125,8,114,22,161,177,191,116,147,171,83,117,101,196,136,18,52,241,26,103,235,55,103,4,85,53,17,176,127
31,32,110,99,155,249,127,10,166,192,9,192,52,135,201,253,33,128,110,13,121,69,88,87,210,199,77,192,183,195,227,62,239,11,154,222,129,50,130,75,88,82,141,158,150,139,207,73,161,220,157,248,143,113,200,1,130,13,47,167,114,1,17,192,143,171,245,7,132,111,22,144,205,153,195,183,32,74,63,220,108,98,232,69,208,17,207,6,55,132,170,76,70,157,215,118,211,212,96,5,14,56,43,17,249,34,93,240,33,176,185,95,42,248,200,235,25,195,40,217,168,245,139,57,174,185,137,245,127
235,61,23,6,143,74,121,58,131,115,170,178,158,247,142,1,9,190,212,205,117,251,243,53,179,17,149,82,247,125,249,141,98,44,5,53,159,74,184,216,41,38,152,126,25,197,19,137,128,108,54,98,92,200,150,50,196,189,83,222,87,104,193,204,106,136,49,75,218,159,47,21,5,200,238,66,198,162,104,71,115,199,221,86,104,54,85,186,86,103,248,55,110,102,190,190,138,198,30,76,52,221,106,79,49,139,185,4,248,141,229,61,139,37,10,74,195,223,251,40,43,129,25,76,95,211,44,176,127
152,178,172,127,67,250,111,156,96,189,254,65,203,126,15,238,80,119,79,159,46,177,107,110,148,209,243,62,249,76,7,46,33,128,107,250,122,220,149,251,248,201,217,132,68,224,183,67,231,222,169,149,121,11,70,235,64,2,237,51,133,2,245,14,166,57,251,132,54,99,111,165,196,232,223,59,201,224,122,202,182,120,1,185,124,36,111,105,179,245,227,136,16,239,181,107,12,131,242,87,132,223,199,195,153,203,77,242,11,192,109,95,13,141,188,27,148,69,123,201,44,65,174,105,149,168,128,197,127
163,132,47,114,87,144,101,246,29,151,136,218,82,224,179,198,140,151,94,12,212,223,32,111,209,155,226,108,19,157,91,121,220,167,163,142,243,8,135,102,127,51,216,57,48,16,245,74,92,98,55,67,115,219,91,187,135,58,111,166,110,112,12,162,176,56,93,57,127,15,186,142,188,132,11,124,242,69,219,91,81,71,237,203,73,202,161,217,159,164,219,79,217,5,43,69,16,77,138,109,143,102,245,108,19,112,44,131,254,181,88,9,96,129,220,204,77,82,105,184,95,181,4,85,218,102,209,202,127
134,143,227,244,149,28,240,19,25,118,52,167,80,7,236,211,249,10,111,96,36,150,170,161,217,196,226,119,109,237,197,64,22,209,4,224,153,213,156,75,148,8,196,210,138,81,220,92,128,156,59,106,81,214,90,253,123,92,117,86,153,191,85,192,225,229,134,137,189,36,122,39,233,165,0,23,105,40,95,6,92,94,208,158,215,137,11,20,111,15,227,237,129,221,173,90,228,7,97,53,122,219,25,182,97,238,185,248,164,219,143,219,9,110,67,26,105,97,134,55,160,95,219,84,78,178,47,55,127
131,133,126,82,90,42,99,9,220,39,100,136,53,137,182,108,100,107,180,11,115,106,151,240,150,239,127,156,188,195,110,190,110,28,217,161,214,252,21,227,227,110,168,108,137,113,240,92,115,100,183,128,241,162,208,189,94,121,84,154,106,54,200,87,206,10,138,138,136,145,234,49,111,60,65,102,6,130,76,1,208,116,53,200,239,166,34,249,253,135,162,0,50,71,169,86,155,88,157,191,125,145,187,46,232,229,203,84,153,216,3,74,115,104,29,97,5,75,218,226,219,205,43,15,26,155,135,76,127
144,178,77,117,37,236,162,121,178,85,123,81,117,243,17,63,231,242,222,48,114,61,176,179,161,88,83,105,3,20,105,195,198,164,21,147,223,30,183,135,25,200,114,159,174,182,139,122,35,182,143,75,229,165,176,136,244,179,111,78,240,188,78,175,141,235,179,1,96,98,31,38,22,152,53,235,86,210,229,194,203,159,41,66,194,207,111,87,40,81,0,11,44,173,162,231,42,144,206,169,166,23,3,173,229,110,247,43,187,220,93,14,221,77,6,144,62,93,5,53,170,243,127,30,110,38,207,47,127
156,110,138,7,97,242,220,21,241,95,121,37,162,155,244,83,152,36,83,114,186,160,16,168,185,132,204,229,224,227,28,217,171,80,93,157,41,160,45,209,58,111,44,151,68,30,1,108,178,186,61,72,9,245,3,62,112,70,140,56,93,71,56,24,86,4,253,203,104,52,100,109,41,232,59,113,183,19,59,192,18,250,64,148,157,35,66,92,138,16,22,185,125,108,94,138,149,20,154,171,111,194,227,112,127,217,92,184,160,196,50,6,107,57,24,179,228,40,251,46,72,65,124,32,221,198,67,22,127
11,78,127,108,149,90,88,181,235,201,115,220,106,221,82,142,42,139,147,51,150,182,250,16,236,190,199,202,196,252,114,195,178,176,167,148,24,134,54,206,216,231,203,188,71,103,175,57,43,167,38,60,221,186,47,226,194,115,70,172,126,207,171,160,86,68,143,247,4,182,33,122,66,22,160,247,249,32,120,145,60,210,199,93,47,163,142,2,71,88,243,185,5,199,190,37,170,203,26,101,217,80,37,246,79,204,135,172,99,190,131,141,195,112,165,49,167,220,23,228,149,103,152,248,93,142,106,51,127
39,101,64,40,164,41,21,1,161,251,100,93,172,17,20,12,119,138,168,210,225,101,129,36,42,52,78,132,140,231,69,208,64,130,146,144,39,215,19,86,120,227,63,226,203,63,109,242,21,172,38,133,171,67,107,87,36,47,96,110,172,208,239,170,50,84,80,215,43,81,122,150,31,168,45,225,230,198,198,36,26,127,10,113,109,144,221,78,200,118,147,229,247,57,57,163,117,0,107,54,10,100,153,198,93,153,43,182,101,184,164,112,41,220,241,221,200,181,49,107,180,69,176,82,142,229,110,35,127
61,237,89,108,20,101,16,99,195,35,35,76,173,92,126,5,234,156,166,71,239,165,134,162,221,120,133,235,240,169,61,17,213,226,231,143,66,211,49,237,248,78,149,101,99,104,207,110,109,28,209,133,244,91,126,215,238,11,200,43,114,45,229,181,85,179,190,66,79,166,107,197,49,7,111,223,241,182,98,37,153,0,232,83,176,67,34,212,65,12,9,70,211,137,130,151,145,152,81,165,186,237,7,190,234,220,232,243,229,58,228,222,20,189,51,221,110,151,56,244,202,104,175,114,7,206,223,251,127
141,187,187,207,160,1,239,221,74,139,231,189,6,88,29,201,143,17,32,249,237,185,173,225,151,146,115,87,183,213,49,145,41,195,41,201,50,141,195,134,185,11,214,148,102,3,154,226,172,253,91,242,175,177,223,1,236,90,66,54,93,54,122,249,132,123,80,169,209,33,15,191,94,58,238,198,94,153,24,49,215,182,17,218,136,228,164,246,190,242,90,121,65,146,67,143,195,140,60,57,69,222,227,231,136,95,27,222,171,102,20,243,5,173,56,114,91,145,231,21,88,123,250,120,127,221,194,125,127
101,217,172,114,226,138,83,18,122,81,22,115,185,91,149,209,30,168,223,184,111,253,181,124,67,132,27,143,129,120,163,111,13,166,25,56,153,1,233,227,73,227,71,192,101,144,177,188,193,29,161,167,11,195,140,190,119,26,145,221,41,62,227,48,241,108,63,220,220,238,15,1,108,25,12,93,207,247,18,25,110,26,193,33,102,82,62,99,220,226,156,80,156,225,173,243,130,35,79,217,175,130,95,148,97,93,97,99,49,141,158,176,143,7,34,153,3,92,197,210,170,24,59,118,228,117,73,209,127
236,49,69,169,116,122,140,178,195,165,36,160,221,163,120,45,147,18,147,87,145,225,37,150,151,227,130,155,44,215,106,51,90,232,199,167,26,147,146,140,163,112,2,99,38,225,0,7,221,67,247,86,171,196,60,97,129,60,253,179,204,55,15,122,8,160,214,98,106,141,92,203,228,115,222,235,248,211,141,206,185,134,134,239,203,238,28,71,213,127,246,52,40,90,142,8,54,161,253,170,152,240,24,144,19,105,241,44,184,184,248,160,178,123,142,77,8,40,226,56,47,121,143,68,225,137,184,61,127
146,197,10,129,94,20,124,157,243,40,234,49,52,32,231,2,119,152,239,203,81,41,133,62,186,118,133,43,40,93,13,18,209,99,129,191,177,228,213,74,75,231,67,28,18,67,224,8,83,243,157,75,175,24,178,16,222,99,40,134,45,86,72,225,222,187,223,46,244,185,17,125,169,92,233,176,250,65,225,61,161,94,149,83,160,140,37,65,88,223,217,194,148,56,49,194,29,28,227,120,215,143,70,53,96,136,202,236,67,87,135,204,176,89,195,44,9,225,133,131,177,109,111,191,57,145,36,194,127
117,59,163,218,121,173,29,154,205,240,117,207,58,164,120,199,245,14,4,98,118,44,68,207,45,224,20,44,3,210,171,28,205,46,165,95,1,107,95,204,93,25,210,64,223,228,150,166,129,217,97,51,74,31,107,36,242,17,173,186,101,165,156,181,247,230,243,10,207,140,222,240,104,43,131,158,139,251,220,139,191,229,83,242,238,19,105,179,15,246,133,34,145,150,199,97,202,201,123,78,139,116,41,58,131,131,142,240,97,229,143,234,209,191,28,112,240,207,39,96,179,43,197,151,26,163,39,69,127
88,100,47,40,193,185,79,101,121,161,158,60,6,51,78,60,125,157,103,217,90,152,250,145,220,227,8,243,29,11,169,63,214,161,51,46,209,163,118,207,56,117,234,141,141,33,57,176,247,76,177,47,14,168,198,234,107,197,231,233,120,91,87,101,232,228,245,134,207,61,82,87,29,252,203,111,45,231,34,177,54,65,144,57,18,78,45,233,227,248,197,108,27,45,226,127,246,138,63,128,132,217,177,58,85,175,243,33,196,37,119,63,240,218,138,117,226,7,77,47,136,173,202,79,19,208,25,28,127
40,37,3,172,40,115,110,210,86,1,207,197,240,21,37,218,92,51,242,235,64,244,222,234,20,66,196,211,81,208,72,238,38,150,205,196,120,3,139,200,233,232,35,150,190,221,89,211,68,138,138,235,20,76,206,240,142,197,196,122,69,157,226,57,93,218,193,220,152,251,20,230,12,99,71,223,65,132,216,146,133,141,177,213,27,73,165,15,252,29,171,178,10,132,242,230,90,237,140,188,109,30,2,245,145,107,48,221,2,206,45,32,41,240,139,43,241,24,12,78,60,163,172,11,248,119,206,114,127
95,155,39,82,90,126,159,88,228,155,50,20,216,123,229,243,151,168,161,167,104,52,71,87,3,200,96,216,136,80,40,195,198,224,237,244,69,111,4,104,249,93,251,204,64,166,239,179,244,97,49,184,51,206,207,223,160,71,228,100,133,82,140,193,76,155,78,206,23,111,100,9,167,177,128,210,38,96,193,154,208,155,225,248,169,47,187,239,147,178,216,116,203,241,192,80,205,242,29,221,41,113,143,194,140,214,202,48,214,148,220,7,119,231,127,14,70,157,155,54,4,33,242,127,225,206,228,220,127
148,196,164,167,86,7,58,216,141,224,10,14,65,191,148,10,210,4,211,145,208,6,80,94,44,95,150,245,242,163,77,54,131,250,19,219,72,249,12,84,222,226,167,11,187,108,16,211,226,150,50,216,16,165,37,124,60,115,100,5,93,160,198,87,7,245,213,89,78,45,250,88,65,103,100,148,216,233,89,234,100,61,14,30,88,98,141,60,44,88,187,228,23,39,108,254,166,89,188,108,99,19,248,66,0,75,89,206,76,110,24,186,155,90,234,246,227,14,172,47,217,195,196,162,109,42,183,44,127
207,118,14,149,52,222,229,131,193,231,175,116,1,216,242,218,168,182,130,160,163,192,61,31,80,32,190,115,63,132,114,69,215,180,33,6,169,139,198,120,154,93,114,69,45,160,93,172,191,20,85,11,92,97,92,112,229,223,46,82,69,91,133,44,91,90,109,147,29,211,241,148,136,23,16,198,160,136,203,31,206,188,27,14,1,69,87,196,58,52,245,96,220,89,225,231,218,83,187,44,173,134,1,225,120,240,11,217,79,147,186,171,8,192,205,241,251,190,12,193,11,210,242,105,20,1,50,117,127
2,240,74,128,202,132,233,163,193,202,14,28,164,98,74,110,251,66,237,122,28,48,249,204,142,119,216,49,131,39,179,0,222,105,102,122,50,191,172,113,89,196,20,100,252,40,53,201,70,230,58,217,69,52,171,16,130,186,122,75,144,7,189,61,155,229,253,112,117,29,43,242,103,202,140,65,173,29,161,180,63,223,169,31,121,194,155,152,187,141,87,235,136,144,170,244,142,170,134,73,193,141,78,234,183,237,211,62,239,150,124,167,88,75,236,133,87,30,132,187,204,3,250,89,118,245,65,8,127
221,32,48,191,94,86,43,67,25,11,5,28,81,34,3,240,184,158,31,190,0,198,187,109,124,52,245,168,73,167,183,219,81,3,129,206,4,64,4,158,71,43,108,220,116,35,117,104,202,185,176,187,20,107,195,27,117,211,125,134,7,20,104,113,63,149,84,217,228,252,222,125,91,254,63,252,250,68,90,37,25,155,171,90,85,87,144,116,221,164,44,132,127,39,210,204,0,99,7,156,57,181,115,173,135,73,196,47,46,184,53,55,186,127,89,106,115,119,34,39,225,232,221,139,109,61,154,118,127
81,95,21,112,180,107,174,116,156,213,140,195,195,38,161,219,253,162,138,31,73,23,23,101,56,150,134,245,174,215,219,205,149,147,92,203,147,170,238,64,56,219,217,241,68,3,99,102,50,202,140,150,141,61,80,225,237,95,161,223,147,11,147,12,253,76,69,247,137,177,115,221,194,87,217,150,77,10,228,250,12,33,198,43,221,105,12,40,48,226,218,141,253,119,107,208,197,57,114,97,13,52,13,50,66,180,237,211,22,245,94,129,19,114,241,228,212,246,80,154,64,222,229,57,158,216,244,27,127
157,90,141,85,78,148,226,169,169,181,182,17,181,251,73,37,142,46,245,54,15,77,152,178,169,19,94,49,181,149,114,75,186,235,155,228,31,222,166,135,56,95,130,105,214,227,209,97,21,52,103,202,12,163,210,217,139,236,177,95,180,199,54,253,43,202,68,170,81,103,169,122,87,6,120,106,152,85,4,106,243,132,254,1,136,159,182,151,62,131,174,173,109,54,193,131,250,174,82,190,136,62,39,2,33,4,23,205,184,240,119,201,91,192,87,162,154,222,45,142,88,14,222,188,103,51,238,35,127
227,99,78,239,239,209,107,188,203,33,32,183,7,161,90,2,48,249,138,110,144,39,149,160,226,128,136,4,1,95,246,76,152,13,54,105,243,253,242,27,51,250,28,212,4,244,53,243,253,36,199,75,28,76,48,251,242,150,104,195,16,32,14,250,85,159,119,47,152,202,249,86,190,92,38,165,62,172,117,225,29,76,120,3,1,42,133,139,213,212,252,80,233,99,151,143,0,52,203,101,98,169,105,198,220,9,72,204,175,23,56,45,84,154,117,236,37,22,116,125,125,69,126,211,90,41,6,12,127
26,7,49,148,97,180,238,174,46,56,67,87,220,241,3,97,241,192,131,20,208,174,230,166,210,215,118,5,83,53,42,157,69,38,209,54,192,12,161,94,123,164,236,35,217,75,192,172,178,205,74,78,95,221,125,62,195,235,177,39,218,103,1,174,99,166,11,37,144,105,70,32,191,73,143,189,178,122,168,147,74,227,224,251,46,114,31,116,190,211,152,241,60,32,150,219,47,157,241,2,154,185,10,244,217,248,70,87,222,174,243,239,192,19,43,37,140,54,128,68,87,180,133,224,200,209,44,80,127
218,210,84,22,76,212,164,152,20,126,144,28,15,73,85,114,142,87,179,134,51,187,125,178,207,77,75,151,81,76,179,53,29,114,56,247,23,101,19,39,8,135,123,211,72,17,94,187,19,40,6,201,216,165,230,109,167,187,252,153,155,100,188,101,146,80,75,181,174,245,200,162,172,111,41,139,25,1,250,65,78,155,8,204,180,103,221,93,4,58,98,117,192,193,114,33,245,150,38,170,124,185,27,74,242,215,150,58,67,221,244,239,114,75,57,132,175,69,223,213,107,56,1,46,105,127,157,191,127
121,24,85,167,26,82,6,102,89,169,129,141,221,83,145,239,160,219,84,250,54,242,224,252,32,111,217,205,32,148,67,92,200,1,30,194,13,139,186,32,179,74,153,47,188,212,223,194,154,27,228,17,133,30,100,124,138,251,106,17,204,240,241,234,194,30,13,83,43,79,230,253,252,54,230,129,110,234,34,170,166,51,142,45,55,4,242,164,158,188,103,122,155,19,253,253,186,229,61,28,45,221,149,137,86,11,140,75,31,167,77,159,23,54,235,204,102,40,16,1,78,196,53,143,216,125,21,246,127
226,31,154,71,236,184,225,132,241,4,168,1,44,219,168,36,77,107,178,245,87,80,56,180,247,60,157,13,181,129,156,81,82,50,235,65,247,83,174,18,215,41,240,12,97,253,237,142,27,20,15,241,88,86,236,138,59,247,139,35,45,235,201,110,24,38,145,231,18,177,97,11,131,172,146,27,209,66,43,22,14,192,188,145,99,155,37,89,18,130,13,165,144,83,238,164,254,201,12,224,215,61,68,228,71,35,221,225,13,159,230,99,229,63,72,128,94,124,102,95,145,81,104,81,244,63,121,227,127
177,45,134,120,66,36,166,240,63,221,96,130,217,62,73,17,97,80,158,252,210,136,218,50,32,15,67,20,55,250,5,135,45,213,180,228,188,131,71,104,55,134,187,72,165,250,155,226,251,39,68,91,184,147,132,78,233,164,154,21,91,44,12,177,187,75,57,96,81,234,1,184,156,239,54,83,54,1,192,15,226,93,209,113,124,32,206,39,187,132,107,232,201,96,166,150,198,253,81,176,243,74,116,187,155,226,43,109,67,239,31,237,169,104,5,51,250,240,194,16,47,22,246,155,128,234,210,210,127
240,211,185,29,242,173,238,95,206,32,224,75,3,224,138,236,208,248,58,180,51,4,135,254,50,36,165,179,166,50,86,23,141,84,64,33,178,178,156,37,68,239,234,72,191,44,85,107,89,200,39,100,143,112,254,175,174,124,59,92,140,237,50,200,20,99,41,115,159,75,75,93,48,86,251,215,230,189,107,174,110,141,187,116,195,20,231,196,70,142,74,9,125,61,98,114,17,155,194,133,222,225,174,82,210,223,162,134,32,95,129,44,136,212,44,85,165,192,22,210,12,141,53,76,174,94,117,156,127
165,59,156,246,174,13,154,199,197,183,207,134,175,252,44,68,90,193,177,90,177,54,233,85,184,145,119,234,242,203,241,114,64,72,203,101,104,4,222,80,166,167,221,224,88,253,128,170,106,208,226,98,82,132,140,159,6,101,28,102,36,199,132,84,56,66,106,227,205,37,236,190,217,142,44,128,216,68,76,189,56,152,81,190,191,139,24,220,213,87,61,212,251,237,144,145,215,28,142,24,9,99,217,134,25,137,169,124,18,141,73,208,174,101,87,47,8,252,95,145,130,246,252,72,226,22,236,238,127
71,33,8,193,86,150,87,98,175,66,239,158,67,26,181,112,40,84,83,75,119,169,139,115,198,94,252,123,123,204,88,51,183,250,58,193,41,44,189,91,72,186,147,180,91,20,41,156,94,24,192,67,202,199,156,30,159,227,97,85,211,48,19,77,234,62,153,129,9,101,191,105,85,192,43,87,237,204,116,45,209,58,154,239,174,231,213,246,114,202,110,183,205,212,254,51,100,230,60,14,179,40,181,17,212,39,135,218,81,224,70,162,246,130,169,236,80,61,139,74,208,128,108,178,149,191,210,17,127
31,153,147,24,123,234,113,65,183,28,50,62,54,177,194,156,245,31,85,47,98,105,170,234,227,84,243,168,245,125,17,130,97,27,195,194,152,202,168,81,69,58,71,147,63,46,151,72,205,121,130,143,168,140,114,190,121,153,254,141,249,91,118,158,205,46,97,138,51,103,10,161,22,216,143,172,129,29,125,179,161,140,98,87,252,181,124,161,240,132,111,135,193,10,162,230,29,137,180,79,90,248,55,237,69,214,18,190,176,116,217,126,143,24,240,158,196,77,27,41,110,141,103,239,6,62,115,248,127
184,142,88,190,66,127,177,241,136,154,135,22,177,181,161,216,157,11,204,25,61,82,135,80,5,37,199,163,251,235,2,247,254,234,95,191,239,137,84,229,159,208,230,53,58,14,72,147,87,126,104,130,96,27,27,34,245,132,24,13,214,154,1,99,171,76,176,92,190,27,77,140,130,35,126,120,64,201,184,101,227,56,106,53,83,134,31,208,47,110,245,215,162,43,89,247,129,186,38,181,120,151,33,205,59,129,167,91,78,26,243,217,69,33,60,25,223,249,217,210,168,26,224,50,133,39,247,189,127
183,253,203,233,37,18,213,66,113,180,39,150,195,73,51,70,75,1,213,24,187,75,243,65,13,107,76,165,234,107,147,239,215,87,12,96,156,247,238,24,132,172,50,229,13,81,15,119,53,114,118,50,12,196,14,56,23,107,184,241,206,181,119,47,116,181,69,112,217,143,120,172,113,223,240,60,144,48,30,190,39,111,154,66,81,222,251,6,140,117,238,219,12,214,250,75,107,117,123,242,215,179,169,100,22,206,175,81,132,137,86,106,232,157,212,153,133,10,190,51,223,19,122,99,230,221,186,86,127
83,75,97,159,94,38,71,193,146,196,34,102,240,186,79,203,83,149,30,172,113,156,6,35,65,111,65,40,169,143,234,136,198,152,152,68,194,36,10,84,180,93,97,208,180,237,166,239,202,149,54,126,117,173,48,186,246,38,109,14,99,13,72,190,145,63,135,97,221,236,189,24,6,208,226,53,246,69,83,180,44,112,12,97,252,29,54,183,36,127,164,120,125,26,41,39,15,105,184,248,180,209,197,38,39,129,232,43,200,123,35,15,86,65,243,18,118,224,138,108,124,224,4,186,173,127,117,239,127
81,91,40,63,201,133,112,62,199,115,217,108,186,232,125,158,87,162,238,167,10,174,112,114,142,48,195,46,45,80,136,40,56,161,36,25,208,230,136,17,43,17,244,150,243,43,176,201,105,163,149,153,218,31,10,223,232,46,233,86,110,23,249,184,159,160,37,111,140,131,180,117,209,126,81,112,175,99,24,15,159,148,188,225,142,116,216,40,108,190,199,208,16,2,91,144,145,120,27,228,71,245,56,150,167,107,34,102,156,186,11,162,77,87,57,98,194,136,164,234,25,52,138,95,48,208,246,94,127
97,250,93,94,180,58,188,131,245,103,167,119,61,142,62,114,59,59,163,216,8,21,2,97,75,192,114,92,66,87,168,96,50,184,159,94,120,149,220,208,252,125,8,13,160,0,55,250,96,42,27,92,97,111,139,192,253,199,240,41,131,27,45,206,94,217,172,2,170,157,114,129,8,99,217,247,35,233,204,92,94,216,41,17,93,213,85,153,65,79,68,160,205,131,164,26,89,122,20,31,125,230,132,207,144,224,242,14,12,107,96,105,220,45,239,56,156,151,102,123,95,30,69,168,253,173,246,239,127
9,35,82,166,82,168,84,132,53,213,27,210,195,151,150,200,8,130,102,56,111,179,31,66,134,70,68,26,92,233,33,185,60,253,180,171,247,193,71,108,62,66,107,6,82,7,247,44,24,176,233,1,212,218,123,57,240,32,109,165,158,33,220,86,173,121,112,225,125,11,17,154,116,254,207,18,15,65,28,91,184,146,217,51,36,214,109,250,190,77,252,106,147,4,190,104,76,118,167,238,193,19,210,192,14,145,9,228,213,143,71,206,104,243,18,191,177,219,168,84,78,245,234,252,194,98,26,3,127
220,247,71,125,87,18,183,15,70,141,158,252,152,74,3,44,20,92,79,78,27,236,32,121,205,113,127,122,163,233,55,155,58,253,158,189,116,235,92,234,93,97,97,109,106,151,173,91,67,18,28,165,14,150,37,236,203,38,244,169,247,182,229,55,177,56,129,126,9,93,179,67,100,235,156,67,70,41,122,1,144,30,168,74,152,225,199,47,150,144,78,13,220,245,162,68,185,186,101,219,73,146,238,143,82,45,198,247,253,191,115,196,240,57,93,156,58,218,16,43,22,180,37,160,156,224,178,246,127
79,77,154,124,75,134,220,118,17,51,109,248,68,58,33,46,97,194,38,123,214,15,182,124,197,106,67,218,109,82,240,144,225,138,40,231,71,214,98,128,54,128,160,146,93,133,89,218,192,96,2,146,230,57,94,100,251,174,84,129,5,115,147,231,1,89,173,221,108,235,54,147,95,153,12,146,182,45,166,3,140,193,19,41,101,74,163,108,8,7,89,198,138,221,20,47,222,189,98,149,91,139,66,11,117,92,101,116,86,59,152,37,11,188,28,49,24,214,220,88,140,145,192,194,170,108,236,29,127
228,41,42,123,120,218,56,165,252,154,124,234,68,227,14,6,215,46,192,0,65,148,16,205,249,140,8,171,105,64,22,217,157,236,219,229,68,152,207,71,91,160,86,51,5,175,51,74,83,234,54,11,133,37,238,151,192,217,249,64,34,86,38,138,100,185,230,86,84,220,231,200,172,63,37,23,23,57,202,56,69,19,168,185,24,197,37,203,122,117,70,132,199,27,140,74,17,245,105,179,236,52,235,193,49,104,144,66,2,197,120,160,134,82,26,161,83,114,167,15,218,8,194,61,123,93,223,119,127
230,223,120,236,241,54,56,123,129,135,123,118,168,122,218,148,70,11,250,222,116,152,20,105,157,22,170,215,229,52,47,151,159,94,165,132,43,241,97,101,179,49,71,108,86,253,242,81,249,253,24,193,75,28,191,154,140,157,219,66,119,83,221,70,230,117,135,215,146,73,46,59,78,132,27,146,108,60,250,110,247,248,182,7,223,161,222,162,155,95,95,180,122,247,54,64,39,68,199,88,199,141,6,167,4,187,52,73,159,208,173,82,101,110,145,209,154,17,59,56,89,236,237,84,52,198,128,217,127
79,218,169,171,127,182,162,46,154,178,170,49,13,29,149,87,152,220,50,7,200,52,77,32,149,181,35,157,126,168,234,28,220,93,66,43,132,98,127,110,154,194,136,194,11,162,43,205,119,193,123,13,39,90,84,88,222,99,238,38,43,178,204,249,119,103,208,183,89,179,130,195,149,114,194,212,12,108,191,112,82,60,247,221,30,161,95,103,159,129,114,233,64,90,126,203,22,1,147,159,64,187,40,239,80,45,162,84,115,206,184,165,70,132,125,63,164,86,56,228,163,116,74,247,98,243,13,125,127
161,209,189,129,155,11,232,152,6,15,47,243,54,122,195,79,155,174,169,137,171,132,30,208,13,225,247,175,96,77,139,16,157,243,100,234,125,12,0,143,215,93,107,189,76,186,149,82,100,152,23,85,78,15,226,3,133,84,214,94,62,104,114,89,244,46,15,82,208,81,154,37,88,46,17,6,147,98,126,64,40,199,104,149,251,172,6,144,173,222,50,97,88,137,210,240,166,43,225,138,236,214,1,223,231,120,110,123,92,59,225,78,87,8,66,96,28,173,15,211,27,209,82,175,194,94,207,113,127
253,48,169,218,92,152,163,136,206,138,19,160,114,9,151,44,27,74,153,111,52,86,236,168,254,18,204,179,79,111,77,241,176,21,208,237,118,84,254,225,127,172,210,125,7,85,144,20,244,236,164,103,14,48,26,221,62,138,148,121,94,208,116,200,203,67,92,224,72,53,119,178,248,138,130,237,23,82,55,98,143,129,118,3,125,20,58,232,218,35,38,92,122,167,83,144,135,186,135,99,60,55,37,5,13,173,135,213,169,12,249,222,192,220,71,241,94,91,66,24,124,246,112,143,34,20,82,205,127
14,196,216,247,13,165,194,221,139,163,42,213,89,19,165,216,40,70,40,68,2,65,56,109,56,200,95,228,22,11,140,25,12,122,210,237,78,102,41,128,9,169,42,192,230,223,49,162,135,52,4,230,192,47,235,92,251,53,5,156,202,247,119,81,77,27,54,187,62,56,27,91,252,58,181,43,81,117,126,53,190,96,70,110,99,73,40,189,6,46,215,124,190,158,180,36,251,94,63,178,81,146,43,102,171,106,132,186,238,125,92,229,59,1,103,5,209,33,118,254,135,145,51,140,32,24,75,103,127
207,235,2,123,231,241,195,62,100,107,129,15,108,159,68,217,86,67,114,207,179,13,130,137,128,184,101,48,71,229,230,73,185,155,135,165,105,32,1,143,56,124,216,65,208,133,42,107,117,222,79,25,160,197,243,123,74,83,121,126,18,147,5,131,70,8,185,106,250,6,135,102,111,83,237,155,227,37,163,102,63,113,186,231,118,126,172,111,55,28,190,223,199,75,196,76,213,219,240,202,110,107,137,79,13,227,108,33,204,16,16,163,46,190,225,181,174,202,165,208,165,153,44,79,12,158,119,75,127
73,14,46,240,188,164,88,92,238,73,110,81,228,204,17,141,228,154,177,204,42,157,72,56,93,89,91,21,66,123,154,195,19,117,114,133,63,197,208,166,170,209,250,190,151,235,29,41,134,121,119,159,175,156,230,240,24,47,161,8,63,14,91,173,240,119,221,4,69,58,225,17,215,121,118,198,104,60,116,59,150,250,197,225,174,10,126,187,251,98,114,132,192,227,0,248,164,46,19,158,147,116,42,235,54,235,253,21,177,197,229,85,135,200,137,192,19,24,173,243,126,145,141,13,123,212,82,219,127
57,131,37,36,74,87,232,198,80,44,210,155,15,97,207,184,72,4,210,129,59,206,79,59,236,185,160,182,9,213,176,110,171,197,212,9,23,184,153,217,146,211,98,82,23,77,73,119,124,76,242,148,171,4,188,156,1,144,25,230,46,87,160,21,158,80,235,131,109,8,29,96,65,89,207,128,177,248,244,112,53,142,23,194,95,212,95,233,139,25,86,193,168,237,121,14,108,219,127,27,159,96,87,72,25,130,211,40,57,4,24,97,44,190,53,22,164,221,210,194,216,10,157,16,143,188,61,115,127
115,73,213,30,60,85,93,64,111,151,194,230,101,105,175,28,152,175,55,50,183,115,49,214,149,42,195,71,94,9,78,152,85,207,167,235,176,178,130,76,130,79,150,167,187,183,157,56,35,106,76,85,2,198,222,127,123,29,210,16,161,253,94,1,24,51,177,178,155,206,227,25,52,109,233,168,192,5,139,174,119,63,9,249,220,244,167,174,61,93,192,213,193,159,17,5,203,196,88,201,175,118,64,53,106,94,110,2,108,9,69,76,28,11,48,188,238,252,90,100,248,246,238,116,52,3,165,26,127
157,78,202,20,25,54,202,20,178,63,253,249,11,223,172,204,99,28,239,77,55,227,212,70,142,23,250,108,155,225,181,192,106,61,153,152,79,122,76,203,148,130,27,100,138,95,157,32,83,106,56,167,15,192,167,161,30,98,247,99,208,75,1,238,152,182,148,228,88,199,187,235,24,233,145,58,149,18,171,91,111,36,21,198,233,152,178,82,78,209,86,52,150,240,85,188,252,157,60,122,88,102,162,120,108,81,86,214,16,135,54,235,121,195,214,187,110,154,55,217,215,98,98,13,216,26,85,246,127
36,188,12,20,171,133,2,244,170,72,105,39,92,33,18,82,177,48,11,99,207,87,229,196,45,111,63,222,34,180,107,76,66,155,47,221,62,166,42,7,145,154,96,204,185,142,116,100,63,127,137,250,243,153,169,166,247,83,74,185,67,2,184,192,146,108,86,46,50,43,216,19,7,185,123,4,183,248,30,185,110,245,0,5,240,129,116,219,111,169,30,146,193,106,114,64,154,221,111,121,83,130,158,130,128,3,46,161,135,189,227,208,179,187,192,154,245,186,137,233,159,152,251,183,173,43,68,8,127
100,112,180,196,63,159,69,134,199,221,240,54,46,245,91,85,110,158,158,83,253,33,127,123,49,5,98,135,128,246,104,32,151,182,95,182,190,67,176,75,62,97,251,28,58,249,170,187,106,37,24,168,13,211,91,14,76,139,163,76,182,32,36,86,118,238,164,129,52,93,203,81,90,110,109,209,6,211,226,143,166,221,78,58,120,108,205,80,204,140,140,117,248,52,136,46,10,238,136,156,7,92,186,73,233,9,245,26,213,11,140,199,100,156,133,65,59,128,174,146,112,195,141,72,92,152,169,78,127
132,14,210,7,239,5,148,154,164,148,211,224,243,73,129,13,61,130,86,232,98,23,171,223,126,8,254,24,48,90,72,46,203,216,129,137,40,45,125,111,148,111,91,39,37,70,8,132,234,127,159,2,88,1,87,65,109,248,204,201,68,97,124,117,222,224,83,221,212,16,226,48,236,224,186,223,61,125,85,100,73,205,245,209,84,244,14,20,105,204,177,149,129,64,41,56,241,170,27,41,83,187,10,198,243,243,131,43,136,105,43,227,101,198,94,120,132,10,102,89,61,8,242,60,11,96,180,183,127
199,98,182,25,137,101,171,210,242,200,169,105,221,139,127,53,202,163,199,13,180,169,108,221,110,81,87,253,175,208,188,245,128,56,161,93,245,31,238,200,213,48,44,248,32,232,8,38,168,115,56,20,111,187,100,3,19,253,21,218,219,236,162,72,200,241,41,78,145,87,75,192,6,102,43,207,253,87,201,81,76,158,46,72,44,59,122,233,126,151,0,171,0,190,250,84,180,5,115,208,2,35,202,230,117,157,216,202,22,66,147,205,191,226,235,190,83,191,176,88,189,116,94,87,181,12,34,4,127
243,67,75,8,55,249,32,122,230,97,139,81,0,251,128,99,166,176,134,145,116,10,96,116,32,198,54,77,134,242,163,176,230,231,9,204,247,10,226,27,114,218,160,218,18,23,213,165,236,148,178,234,109,25,156,192,162,145,72,229,11,86,175,71,20,229,148,61,115,139,176,39,59,110,214,99,249,216,28,173,38,239,109,252,104,229,26,175,14,8,249,171,32,117,185,78,57,72,187,246,51,182,245,47,53,205,32,47,145,45,140,41,155,109,52,93,52,243,202,2,247,166,76,101,130,87,214,148,127
82,54,45,121,194,213,98,130,137,215,79,93,118,181,101,208,70,205,171,203,173,88,164,128,145,35,83,177,180,108,71,213,211,191,93,211,145,241,26,76,146,160,13,91,187,230,138,174,148,243,166,113,158,187,129,55,106,131,235,161,59,236,17,185,134,245,1,193,184,19,200,60,203,185,9,214,144,13,100,236,122,23,13,151,49,11,122,98,67,126,21,155,67,78,233,186,98,72,198,178,214,86,236,67,35,173,5,31,65,156,93,236,112,203,254,251,248,37,97,179,17,35,238,178,181,61,31,137,127
47,211,239,119,141,91,25,122,55,201,79,216,123,57,161,108,173,152,24,4,164,33,123,175,54,174,140,208,85,148,117,247,190,214,129,140,224,40,123,117,157,240,210,23,111,127,105,161,97,17,0,92,12,103,189,46,248,46,21,33,40,24,35,203,230,240,78,50,240,173,151,185,47,175,167,252,211,194,36,176,239,236,156,169,211,205,94,42,173,73,72,97,61,130,5,83,168,250,148,25,152,235,71,229,97,38,82,231,160,102,110,240,92,155,207,138,184,169,44,204,212,81,193,42,170,82,56,20,127
5,138,120,36,221,123,44,119,170,217,80,137,242,241,34,83,174,252,219,213,107,79,31,249,231,80,165,109,249,142,174,170,166,2,46,3,179,188,78,97,186,18,94,45,223,97,6,24,212,80,120,34,27,203,55,154,39,121,161,94,253,199,186,138,24,113,199,249,254,9,122,33,183,201,238,67,201,76,5,26,130,3,148,80,237,3,226,75,90,140,80,2,177,3,149,202,123,219,232,152,150,86,151,161,95,36,82,147,224,1,189,214,132,155,210,193,230,170,65,159,85,54,114,1,161,33,157,200,127
124,202,93,71,142,13,51,142,79,132,89,139,228,230,134,251,82,61,186,50,72,170,29,249,162,226,93,147,69,128,92,27,63,158,80,25,145,165,222,152,19,165,173,59,149,224,8,195,35,21,185,238,11,177,218,128,87,29,46,206,105,31,248,134,199,198,230,59,73,150,78,218,25,168,229,117,66,170,196,103,204,3,21,236,194,223,80,8,34,189,107,2,47,145,115,45,14,131,67,90,8,182,243,114,19,158,184,175,90,63,97,109,35,226,99,56,56,84,120,153,32,250,91,151,201,208,95,141,127
93,88,97,230,74,147,174,35,153,58,27,51,201,96,40,83,239,202,25,77,5,4,17,89,172,237,71,191,65,174,5,25,80,219,90,48,72,69,241,198,125,209,252,170,106,131,60,19,88,36,73,55,209,145,176,210,185,242,241,113,206,15,130,226,135,175,191,114,123,60,128,81,164,247,82,207,146,198,186,68,81,87,6,121,227,115,115,148,52,17,195,75,230,172,33,164,22,28,78,204,122,209,135,238,25,68,130,200,23,159,125,183,21,57,58,53,78,32,19,228,106,88,194,30,45,38,43,167,127
200,187,242,85,155,69,89,100,93,131,131,57,152,203,95,21,253,92,20,247,176,164,8,97,49,117,22,250,183,162,235,25,77,92,120,210,57,7,158,59,34,252,221,122,72,120,196,85,254,22,105,45,53,167,204,165,36,80,163,120,178,15,82,115,105,129,3,76,208,30,64,146,212,105,235,143,133,191,132,151,56,71,25,209,149,162,243,239,86,178,17,212,120,181,184,142,38,64,86,221,169,37,92,230,135,110,125,13,59,110,41,230,6,14,1,178,178,124,114,118,236,216,50,9,14,53,48,211,127
161,90,173,182,157,248,69,154,139,215,240,174,161,100,71,43,132,56,15,12,207,96,106,131,67,116,228,39,29,117,68,146,122,13,210,82,225,82,140,233,226,179,239,52,4,143,103,163,167,102,105,211,66,4,58,238,113,122,164,47,206,207,165,228,109,27,119,23,87,155,244,163,95,17,174,175,84,200,54,84,158,202,35,155,239,110,88,9,112,24,187,248,34,186,43,92,190,158,134,114,20,236,170,72,45,56,104,196,176,65,223,196,106,80,156,61,70,237,191,38,139,30,206,121,156,16,152,146,127
128,61,59,149,117,172,243,91,28,172,4,191,22,231,30,124,193,28,237,44,11,252,194,181,178,142,122,93,186,108,8,74,40,199,34,245,65,149,93,217,38,144,142,254,185,19,191,0,243,235,212,76,74,207,232,93,41,67,117,22,202,11,148,127,63,202,96,251,141,28,52,243,19,168,55,39,126,146,127,94,234,149,62,96,185,228,148,16,152,97,60,166,83,88,144,107,144,197,251,176,85,163,208,253,96,92,165,69,169,20,201,47,105,162,251,33,1,8,15,219,97,200,39,71,150,132,181,121,127
117,150,6,196,44,84,174,215,127,174,116,210,156,100,111,177,242,213,224,23,119,185,184,164,195,127,35,182,130,78,119,155,108,195,34,43,175,51,59,228,247,248,145,31,18,39,137,7,111,144,206,2,125,20,252,152,167,35,8,171,70,195,165,181,152,34,172,229,78,115,147,96,232,20,177,36,222,92,171,91,88,77,42,154,213,177,50,127,247,170,213,179,138,200,105,221,236,120,104,38,201,47,178,224,116,229,217,241,250,119,184,123,186,234,156,140,197,109,36,68,108,30,56,163,164,64,152,184,127
23,85,128,110,116,124,38,53,25,139,239,77,166,204,133,27,222,15,148,55,213,243,180,211,176,185,90,147,198,117,114,208,153,159,251,139,115,220,46,180,98,134,99,23,148,76,113,201,75,39,236,40,98,201,78,11,123,84,49,142,110,116,87,35,18,222,226,58,127,221,17,242,77,83,67,12,59,9,133,203,39,209,165,170,30,133,169,92,120,240,95,152,241,149,70,124,96,2,128,224,83,122,89,181,145,183,254,17,65,174,81,89,23,57,189,14,40,117,172,178,145,113,70,184,49,105,179,158,127
66,226,140,199,101,151,157,160,238,36,122,121,223,151,187,124,214,72,174,67,204,139,91,215,217,196,244,131,38,62,86,63,54,251,237,179,233,57,112,159,153,104,189,29,141,194,141,242,8,212,94,37,139,166,40,152,90,240,185,200,83,111,119,13,203,213,50,245,29,77,164,7,93,249,124,77,239,57,100,81,225,15,28,84,187,11,108,10,94,41,86,125,69,174,84,87,59,97,23,171,135,120,247,208,213,254,139,173,7,215,91,7,222,79,7,166,199,219,190,210,54,108,253,53,3,221,173,170,127
26,73,89,32,29,252,201,24,84,249,198,147,133,35,176,5,150,221,25,157,104,59,143,254,55,7,104,41,131,131,10,229,203,184,87,58,253,218,15,232,193,132,105,8,185,99,161,63,59,181,229,3,35,102,204,139,250,131,46,167,146,143,247,99,122,84,189,222,247,182,33,187,121,3,71,152,225,126,7,31,110,204,76,32,234,83,6,194,235,128,221,73,164,169,99,217,103,190,207,154,54,214,144,126,20,82,13,61,86,130,4,188,165,241,164,181,175,111,28,188,159,81,193,75,60,27,110,207,127
11,192,245,153,245,123,84,234,180,49,57,109,105,168,145,85,34,106,117,7,167,171,182,176,3,126,107,161,234,65,216,127,52,222,177,52,79,147,244,4,190,158,130,60,208,229,48,22,128,34,231,194,201,145,223,129,44,207,17,65,102,204,178,55,243,220,180,117,164,82,67,154,20,86,63,105,10,218,98,119,110,167,157,200,148,32,244,44,100,184,235,142,185,23,8,61,249,151,35,112,100,173,8,158,89,93,60,253,58,104,87,67,191,191,20,232,30,151,225,122,173,116,233,191,155,148,202,215,127
191,115,45,147,246,94,222,96,41,76,60,199,187,92,83,237,198,1,238,201,100,70,17,45,163,111,170,94,15,229,65,142,159,136,138,94,99,162,233,252,22,151,40,40,129,214,180,249,78,163,222,149,103,239,92,238,144,20,58,72,150,167,209,32,164,162,185,106,167,167,75,12,91,251,117,188,52,64,164,214,29,216,118,196,34,4,157,94,53,96,108,37,171,128,238,228,141,217,219,139,251,230,120,237,65,187,222,159,202,49,139,129,149,65,76,172,124,70,208,183,52,123,21,164,80,108,150,148,127
122,14,17,78,212,78,152,201,239,121,167,91,253,103,16,171,217,85,87,120,26,205,209,238,163,127,119,80,145,111,113,209,206,6,123,236,24,134,25,221,223,108,98,50,13,170,18,65,168,203,21,127,213,203,106,19,213,139,154,53,128,180,28,4,237,130,36,187,189,89,51,185,125,204,148,199,23,175,12,99,26,171,97,133,157,185,183,229,226,183,126,142,215,244,64,109,250,203,195,128,73,249,10,43,196,137,247,250,102,164,51,187,160,209,168,2,197,67,247,103,99,88,180,38,248,74,52,185,127
216,117,188,39,101,100,199,102,23,46,10,179,139,247,195,4,82,173,246,135,192,252,239,29,127,45,245,44,155,138,134,235,148,49,192,183,29,106,31,211,55,166,69,41,223,235,147,108,231,156,227,93,251,63,15,5,122,81,132,248,23,196,121,39,82,240,91,4,68,39,191,42,199,85,195,213,243,177,4,241,228,35,54,149,178,54,188,120,98,109,239,154,254,213,36,30,230,81,248,203,59,251,16,190,194,66,189,100,180,219,141,138,16,71,149,169,164,107,61,230,17,133,93,239,92,177,54,238,127
194,236,215,36,174,135,182,40,3,125,251,140,16,183,240,118,204,148,102,76,5,24,9,179,11,9,127,183,224,141,31,60,11,239,206,163,199,246,125,196,79,186,45,163,187,138,193,185,244,67,102,54,76,191,100,47,241,183,248,59,22,46,247,239,164,106,16,81,77,187,125,56,150,36,155,249,243,94,241,61,86,47,45,168,121,121,51,63,67,108,77,195,188,252,235,76,121,216,34,145,193,208,195,237,72,224,94,220,161,153,237,170,225,1,45,232,76,142,103,138,238,3,53,176,206,44,160,160,127
183,227,229,71,4,80,136,135,157,117,195,149,144,248,185,216,244,161,5,103,136,10,234,96,205,116,210,113,200,73,222,9,216,168,210,185,231,226,70,83,179,152,176,104,86,152,240,146,218,102,28,25,88,241,128,182,207,181,243,90,234,216,86,179,156,132,185,215,57,154,11,38,89,39,136,0,98,87,236,101,183,187,182,135,55,149,220,34,185,124,180,80,71,159,4,5,93,191,122,230,142,171,34,62,106,160,129,57,219,121,62,182,215,148,231,120,141,204,28,58,204,199,178,145,169,33,230,55,127
217,9,169,0,145,67,51,151,250,51,249,175,157,94,145,77,115,170,141,11,160,103,90,35,193,126,231,220,152,64,74,206,204,141,32,138,21,108,96,20,158,151,12,91,109,152,67,39,30,202,5,148,14,115,115,248,61,216,26,206,40,223,211,36,190,231,191,113,239,122,11,8,42,67,204,54,187,147,123,148,239,12,127,28,38,97,145,68,103,231,91,173,116,199,127,246,56,7,153,60,167,13,228,107,126,19,6,77,38,16,2,217,121,142,129,15,36,127,195,43,71,98,107,87,88,77,169,233,127
199,81,102,17,214,124,238,131,158,232,207,169,73,86,231,21,244,53,227,71,93,169,17,231,38,153,17,217,41,154,228,249,58,112,253,33,115,140,128,108,26,97,168,209,247,229,12,185,181,218,220,176,228,245,132,72,165,72,151,56,249,246,193,68,106,136,37,121,150,203,9,122,162,70,241,248,47,238,45,64,237,235,230,189,157,3,25,47,135,51,175,0,72,240,239,27,51,155,35,24,63,107,105,20,135,75,108,128,104,168,15,77,67,253,63,172,91,150,208,225,124,141,210,215,50,20,69,114,127
191,208,170,72,234,72,224,13,41,29,153,80,63,79,104,165,194,78,224,113,5,194,119,104,2,11,203,200,207,90,68,197,252,124,200,111,3,208,39,161,97,129,94,191,243,187,152,203,106,69,116,73,190,98,126,135,186,132,82,213,171,156,54,99,183,10,189,233,199,133,170,196,160,185,69,118,115,150,173,181,151,131,242,187,69,234,174,120,242,75,165,110,65,4,199,186,235,126,94,84,146,238,213,238,193,179,229,175,216,77,187,66,137,136,23,46,199,20,14,211,115,21,134,141,105,123,92,118,127
250,205,158,147,198,152,42,46,182,70,210,249,209,251,77,112,57,236,206,149,246,67,10,126,42,142,91,104,146,246,142,9,216,213,3,62,208,154,76,163,113,80,252,94,23,115,7,251,21,133,223,103,138,18,95,241,43,136,50,95,217,66,195,141,31,164,128,175,25,241,133,239,170,140,20,207,191,71,124,65,175,215,223,244,215,183,124,178,220,126,56,59,190,144,53,126,204,221,75,201,27,179,93,79,165,64,4,175,247,213,239,200,115,116,128,218,242,65,6,51,93,37,153,236,25,56,165,19,127
151,18,225,148,145,160,169,219,85,42,30,170,75,61,18,47,154,219,204,131,119,138,45,242,24,148,15,181,185,207,182,31,245,99,91,50,25,119,206,249,82,31,218,82,130,57,146,29,41,124,55,86,153,130,45,182,27,111,54,252,37,137,166,188,51,5,59,124,248,173,20,166,184,143,21,50,238,208,235,236,186,179,114,80,1,169,214,216,130,172,34,249,80,70,134,56,99,105,39,197,146,88,115,13,245,13,58,88,216,18,221,220,115,114,223,43,103,124,70,87,147,224,82,214,114,48,118,106,127
69,68,197,216,13,21,222,117,214,171,48,22,31,169,10,242,69,100,219,216,165,12,170,95,120,125,94,69,63,201,133,226,218,217,10,118,223,224,71,167,19,118,151,87,106,113,191,213,75,156,216,90,74,58,110,248,172,235,93,118,141,139,138,41,207,151,79,185,184,99,136,29,231,177,33,123,200,170,59,85,123,222,204,52,143,175,58,86,126,139,145,86,3,24,112,136,226,26,203,232,40,70,251,189,80,154,86,38,155,13,15,155,128,232,210,167,18,45,7,153,89,200,2,63,107,152,88,171,127
51,135,166,72,30,171,1,99,218,186,68,230,116,73,221,245,231,168,149,17,192,172,91,245,107,204,250,204,115,217,36,54,151,123,203,128,197,244,213,252,178,200,193,50,102,131,25,69,245,200,228,27,90,103,164,132,14,6,74,69,36,105,43,181,185,174,213,223,67,138,63,123,23,126,45,33,196,194,161,240,198,105,135,164,252,96,34,238,245,90,177,6,54,56,12,162,178,133,55,212,254,64,182,24,210,62,186,112,9,65,234,121,61,241,27,171,71,122,91,36,243,15,21,15,178,250,113,227,127
142,51,169,116,31,59,233,244,229,105,97,146,41,128,38,118,1,119,58,230,81,2,175,199,79,112,71,232,174,39,181,188,143,100,132,223,14,165,159,42,176,145,153,7,139,58,73,69,45,14,195,121,178,215,22,200,89,241,79,77,181,120,140,148,100,252,200,107,73,16,10,103,126,31,142,160,216,225,247,141,40,104,169,132,251,200,196,56,22,34,168,119,171,88,120,77,236,85,15,29,33,107,7,250,152,174,242,151,142,158,186,77,37,112,56,54,82,106,5,48,100,164,118,216,225,122,142,164,127
90,87,221,241,179,97,190,29,29,243,173,31,252,184,232,11,195,87,26,236,176,128,112,157,126,94,75,99,173,134,31,73,2,194,180,169,64,125,80,230,174,199,223,228,80,138,10,71,145,119,76,3,155,80,143,65,183,97,121,93,242,168,203,52,161,195,87,110,141,135,202,14,83,109,108,224,60,132,36,61,182,189,102,166,211,66,86,127,203,229,134,186,76,227,43,228,247,192,140,91,241,176,44,75,103,186,89,99,203,195,131,3,113,11,210,244,169,14,217,61,49,198,144,85,91,47,140,243,127
198,92,39,170,164,137,178,148,25,196,59,1,118,87,245,177,61,201,34,71,100,229,115,191,108,194,78,103,137,226,119,223,15,250,59,128,243,139,156,217,112,227,99,194,3,107,73,233,121,149,242,143,132,32,41,106,241,166,12,145,164,45,39,78,78,219,32,186,211,30,54,54,39,123,148,148,198,2,73,22,51,209,79,19,2,160,166,51,213,217,191,34,237,174,118,109,204,10,203,153,175,98,43,12,53,171,80,42,152,83,188,9,144,58,81,42,128,174,132,20,224,104,79,245,167,161,129,199,127
156,101,112,248,17,13,20,110,28,40,37,101,249,91,34,115,10,192,91,215,55,65,234,214,163,171,173,254,152,14,136,161,96,63,150,115,219,31,71,129,95,65,188,34,61,62,180,156,141,219,55,87,138,179,248,19,187,24,140,77,153,224,43,231,60,40,77,141,158,146,189,51,119,163,249,31,202,182,20,23,208,206,91,55,176,246,121,25,171,168,88,110,83,166,241,183,96,231,52,227,241,50,9,37,159,105,4,190,194,93,76,236,143,204,115,118,75,137,249,9,200,121,72,79,166,32,21,47,127
132,69,24,162,103,54,64,250,19,173,158,66,238,42,206,76,190,197,234,65,48,122,138,123,233,164,79,60,194,125,139,49,190,105,127,132,21,190,179,110,190,175,97,25,151,162,25,152,161,87,147,125,91,90,14,83,6,47,125,155,205,72,35,242,39,215,231,162,213,11,133,33,1,231,179,231,137,240,234,31,228,157,220,146,14,29,119,56,63,0,29,34,56,41,183,209,16,205,212,50,21,121,234,50,26,240,142,195,209,190,98,135,206,64,207,245,226,55,70,253,204,137,222,124,224,108,146,48,127
13,45,179,26,118,48,209,218,53,93,230,103,207,250,236,121,160,66,202,225,32,133,132,167,250,126,233,143,217,104,166,191,174,198,182,206,56,20,92,175,2,32,5,64,194,94,218,114,57,23,97,149,239,108,106,149,138,28,228,114,253,162,130,81,254,24,136,184,156,94,194,29,181,233,234,213,102,60,90,16,39,101,0,72,43,90,231,175,250,174,99,219,110,192,102,70,193,247,235,249,101,244,224,79,56,70,9,225,112,132,8,12,128,207,1,218,78,251,141,76,244,249,86,3,162,206,229,219,127
36,157,245,31,103,218,89,173,180,28,220,170,169,101,188,116,51,82,133,53,147,103,4,152,31,94,252,136,47,10,94,94,142,139,76,30,16,202,147,51,216,240,168,174,40,148,214,52,151,173,214,240,198,205,163,2,251,157,249,75,218,70,107,88,165,21,120,189,65,148,48,37,81,120,252,136,222,71,46,101,44,180,83,189,198,221,192,119,50,166,22,87,180,55,94,187,251,132,107,39,157,112,151,127,213,99,71,146,218,111,75,23,53,188,229,32,154,66,5,114,1,133,158,31,153,45,19,235,127
64,2,171,243,76,130,200,79,253,101,47,195,132,191,155,166,64,148,1,14,10,17,170,40,153,11,96,31,174,211,168,46,143,231,86,46,254,158,142,23,163,116,88,34,2,134,192,47,80,133,199,57,92,81,171,171,132,23,79,157,112,251,237,241,56,103,224,29,42,159,150,191,254,140,200,157,90,98,81,127,72,15,226,182,177,96,109,65,221,162,38,172,221,30,184,40,182,184,166,219,55,21,47,28,120,169,38,188,170,120,143,238,105,10,32,189,21,183,103,113,206,59,223,96,12,240,66,230,127
246,165,75,158,168,144,154,221,233,249,15,82,29,83,189,56,217,65,241,61,103,149,139,211,172,72,214,233,80,54,185,23,134,212,177,185,123,136,3,177,8,58,142,117,165,12,75,192,126,18,197,139,47,30,138,8,147,53,107,59,181,226,95,251,161,222,49,97,176,7,148,23,232,235,224,232,60,141,1,23,22,181,152,200,87,143,41,203,36,95,138,237,94,137,208,159,74,64,185,61,200,103,113,133,110,220,103,216,40,184,13,224,208,231,239,174,25,236,247,135,150,202,85,142,109,250,97,158,127
49,36,167,82,32,12,19,241,224,132,158,205,116,232,128,195,135,166,61,230,35,125,153,73,247,125,194,221,238,70,161,203,200,147,173,224,75,148,103,184,175,240,101,37,153,4,251,89,1,43,36,245,252,54,31,112,128,209,13,201,203,143,211,226,78,156,31,150,95,86,226,1,33,209,4,93,1,161,5,197,188,93,44,91,239,52,37,34,121,185,126,30,93,236,214,55,39,135,199,125,80,180,161,250,202,2,88,193,214,69,114,83,130,91,253,122,118,73,243,6,81,70,245,212,252,205,141,253,127
84,24,77,139,176,39,205,160,123,15,61,233,173,18,253,41,102,11,219,243,69,220,101,188,32,249,108,106,187,184,196,152,158,91,63,196,4,94,181,213,47,17,103,253,104,23,189,206,169,61,70,33,20,152,250,60,145,67,152,88,129,56,140,10,246,241,167,217,238,169,25,73,64,245,179,58,54,52,249,26,191,110,115,62,137,62,48,12,133,239,86,139,61,15,39,29,3,64,161,163,89,159,87,112,31,153,103,175,105,217,130,164,141,131,117,66,113,170,244,49,28,249,188,170,112,99,177,182,127
128,247,20,124,157,226,96,130,23,61,233,67,95,12,140,76,222,210,28,139,83,233,220,235,33,201,210,173,156,17,248,231,106,54,40,93,243,16,53,109,86,110,220,230,82,91,75,111,161,191,170,37,178,170,212,33,90,94,38,187,221,23,194,42,32,2,102,148,153,123,177,98,184,195,53,225,152,168,55,58,43,7,126,54,73,175,163,132,104,130,186,112,21,179,91,54,56,164,25,106,104,165,144,242,13,236,215,52,167,5,111,159,161,167,149,247,24,9,212,240,67,147,185,14,78,129,71,24,127
208,144,127,148,49,178,28,150,5,131,168,227,73,173,85,226,175,46,113,93,227,67,229,172,120,17,64,85,137,56,80,182,197,229,241,116,0,210,229,101,61,216,226,196,35,237,206,70,15,216,1,14,114,188,235,119,106,70,32,219,17,208,253,219,34,114,1,164,61,17,227,121,214,220,160,30,75,226,34,145,225,193,226,223,29,219,51,19,106,17,80,41,207,121,203,77,78,160,159,180,55,22,42,60,58,226,164,145,13,6,67,19,223,138,4,85,157,241,188,195,133,147,63,139,75,252,18,177,127
223,142,202,169,8,188,189,55,253,56,75,124,174,164,52,129,197,233,196,109,57,212,168,215,96,128,243,165,140,76,12,220,207,99,16,53,116,76,160,70,155,168,244,138,111,160,218,200,224,102,72,161,114,172,85,29,211,41,229,64,23,70,105,208,136,213,93,61,212,107,193,7,56,110,186,109,200,251,208,14,189,182,125,38,158,10,223,187,51,171,97,84,253,101,163,174,22,35,55,86,168,32,253,212,243,20,154,186,151,93,95,37,190,173,6,240,123,84,112,93,11,170,236,195,51,147,54,231,127
160,84,251,192,252,85,59,167,119,11,220,7,28,117,68,201,224,99,174,253,208,157,173,110,92,220,94,64,109,179,128,100,127,136,165,158,212,11,56,247,204,29,74,76,116,157,92,108,240,31,246,135,44,39,167,156,47,76,66,26,38,39,213,137,57,142,56,183,155,46,178,46,131,205,155,117,103,233,48,153,246,122,146,246,93,85,172,106,114,236,181,29,116,200,188,131,63,68,45,235,218,44,60,86,91,253,31,104,165,171,39,183,33,70,237,240,160,161,49,186,24,229,23,69,148,152,198,95,127
112,132,156,84,17,102,158,82,222,183,117,170,153,198,109,208,135,42,156,223,171,39,12,9,43,16,246,48,117,240,69,95,67,171,166,131,132,154,10,223,135,130,23,99,7,165,4,145,224,226,126,193,35,186,132,19,53,248,137,104,40,168,218,92,14,141,2,164,2,210,227,72,49,126,145,224,192,69,118,215,11,102,196,106,244,133,132,220,43,82,183,68,198,203,102,130,111,33,6,96,16,252,164,180,69,85,49,225,4,144,162,97,172,151,197,215,204,164,122,245,53,183,138,56,219,57,174,144,127
61,120,192,143,141,55,161,141,69,237,100,26,201,245,157,152,15,218,247,50,236,111,126,189,136,94,183,132,249,21,131,88,80,182,115,137,214,42,79,228,132,160,87,208,57,184,148,27,91,34,235,230,74,208,121,78,198,201,65,188,62,186,96,37,128,131,148,211,139,111,151,190,10,55,224,158,8,212,253,204,139,103,236,102,230,90,248,48,158,70,210,71,120,211,29,93,123,236,104,198,45,14,156,176,161,237,92,10,33,222,228,72,74,95,112,73,162,195,78,139,65,136,33,215,119,2,133,235,127
45,73,251,112,4,73,1,237,14,129,5,77,140,6,46,168,124,132,180,245,145,41,120,219,15,116,30,125,155,38,195,52,205,231,43,232,120,77,177,243,103,144,182,207,36,102,79,163,122,156,11,29,174,190,218,175,203,158,68,10,15,228,133,1,43,139,116,164,87,92,112,74,215,208,254,33,89,46,184,176,248,165,146,1,37,14,129,185,62,9,147,139,59,31,216,224,44,131,84,124,166,229,41,139,26,136,23,15,182,19,158,60,40,31,192,55,95,35,191,99,133,220,223,101,197,106,66,16,127
29,251,233,15,167,197,249,231,190,210,148,61,181,155,154,129,121,53,178,177,10,71,77,51,128,182,19,130,122,45,99,72,249,39,67,65,167,146,108,220,190,58,39,49,228,101,240,43,140,144,251,148,210,146,169,154,172,152,105,79,34,153,253,127,21,81,111,58,148,7,33,97,193,151,66,62,177,111,225,19,197,204,106,70,130,156,99,146,174,96,205,190,186,20,117,109,165,198,250,23,115,177,48,119,128,151,54,231,25,113,165,141,100,201,134,249,196,202,63,244,83,93,55,203,49,30,81,158,127
150,219,227,61,90,5,235,76,114,55,14,137,21,57,190,248,84,18,115,179,171,99,116,33,87,83,148,2,68,194,84,187,93,136,238,75,202,180,84,178,124,167,215,60,34,196,151,254,94,237,199,174,74,250,185,114,114,102,114,87,132,124,225,175,85,219,182,180,81,201,43,11,23,160,132,144,71,91,28,43,185,80,190,223,186,98,6,147,251,185,248,70,236,73,218,36,23,60,143,31,40,24,189,51,227,187,219,170,203,205,31,249,12,145,249,162,116,244,215,249,239,243,113,17,135,94,205,158,127
97,118,43,191,37,89,43,124,24,193,79,129,34,3,112,253,30,171,5,82,50,81,140,86,53,123,93,35,129,146,128,5,62,186,87,243,206,228,226,246,239,79,147,84,121,166,229,232,148,211,186,220,193,110,165,81,67,163,10,55,175,82,50,35,220,96,56,109,121,60,11,250,37,57,181,90,46,67,184,204,133,232,0,15,67,42,234,30,187,115,131,73,162,53,154,141,135,36,78,49,135,38,56,44,93,79,18,29,230,15,121,78,49,167,94,3,145,156,78,229,80,150,230,54,15,117,253,9,127
207,246,219,20,4,227,249,90,50,94,142,199,37,92,232,40,106,156,234,86,213,59,95,211,70,174,166,240,61,85,6,210,151,241,51,47,191,30,65,11,171,252,11,247,110,23,48,23,37,43,141,168,86,55,252,115,1,168,187,167,91,197,63,227,152,124,155,125,214,198,201,193,125,19,119,87,145,142,126,253,11,123,67,186,251,251,252,134,198,247,172,102,50,6,199,33,146,193,183,181,211,82,31,9,193,158,85,9,52,61,254,129,33,96,212,174,49,254,120,169,7,19,5,165,89,35,194,218,127
242,253,185,186,53,126,88,224,37,153,100,189,33,226,60,159,101,14,20,24,54,161,126,199,253,54,80,20,190,106,42,231,12,195,215,42,201,166,246,87,47,96,116,186,121,76,112,164,227,50,243,145,214,106,145,4,93,16,27,104,40,205,70,75,170,158,65,140,183,101,207,5,54,137,40,200,62,84,104,149,21,118,231,178,142,145,251,251,67,202,131,100,17,132,142,70,51,49,122,74,230,174,73,156,2,72,11,84,186,155,165,0,177,200,202,99,250,214,59,153,38,90,8,124,19,228,246,101,127
149,49,220,119,252,142,2,90,10,50,223,186,98,110,12,62,99,247,252,138,71,96,236,183,32,26,113,246,118,229,101,186,14,42,239,127,140,5,111,221,59,58,88,77,144,169,224,21,99,121,75,87,45,72,155,17,238,16,56,176,168,213,233,27,139,82,195,29,139,107,154,184,213,216,110,4,147,136,33,243,201,105,205,139,62,221,139,92,20,227,155,216,196,108,89,102,48,8,223,201,222,196,55,235,66,111,123,28,95,241,89,160,49,147,197,222,172,121,62,163,224,128,64,246,150,34,143,141,127
51,137,146,106,180,84,201,50,26,159,169,68,216,186,209,121,250,43,15,177,238,181,211,104,188,234,220,124,130,93,176,127,40,233,192,235,219,32,206,135,241,66,126,231,200,136,24,253,28,198,20,123,151,104,71,173,145,157,72,139,88,177,141,147,34,27,109,190,60,220,253,97,91,183,200,84,66,21,219,136,192,243,59,128,116,249,13,238,179,165,120,22,198,220,98,5,144,232,132,212,153,13,187,89,99,157,40,129,211,6,134,220,217,103,217,159,250,72,94,177,92,226,165,108,155,3,93,83,127
28,23,244,11,140,79,143,96,92,161,234,31,236,197,92,196,127,194,162,172,224,2,168,125,141,15,129,119,129,210,18,146,140,206,30,9,160,65,76,69,111,73,185,57,31,170,49,1,195,124,109,149,97,41,135,28,231,84,220,238,20,60,74,191,223,75,30,124,4,92,74,147,29,194,147,143,65,249,173,230,197,89,223,245,35,10,233,15,213,156,60,127,6,238,139,197,119,70,16,211,205,130,125,18,191,23,77,119,76,133,104,245,35,81,108,76,123,190,166,220,51,209,122,101,47,143,169,96,127
11,11,200,187,12,39,173,46,213,8,218,178,90,228,39,87,224,106,212,111,144,113,254,113,112,217,183,161,134,141,36,87,194,77,73,218,138,155,183,37,183,22,53,103,78,161,235,7,66,250,187,144,86,25,125,148,28,149,43,177,72,25,19,177,152,204,179,80,135,248,55,36,102,107,139,95,210,198,199,122,97,9,182,155,195,130,71,176,240,195,237,129,56,13,118,82,16,154,1,138,63,223,34,155,167,101,5,176,64,83,65,238,217,250,70,70,209,8,221,44,61,211,28,135,77,241,185,68,127
168,169,237,247,159,239,59,126,44,63,182,58,18,0,181,94,86,86,179,199,29,176,51,222,8,108,105,82,74,97,38,182,85,25,121,181,220,244,198,130,212,208,98,120,232,220,124,20,91,202,105,9,242,86,86,117,59,232,176,78,154,95,213,155,198,103,41,164,154,137,77,215,47,62,134,173,206,44,120,139,212,123,43,62,143,9,246,13,181,191,112,8,138,253,232,45,60,231,117,246,144,113,248,197,129,54,94,66,77,94,128,35,145,163,224,147,84,134,75,43,17,129,168,49,181,164,10,168,127
112,108,242,98,141,161,36,46,185,27,252,42,154,2,29,27,76,189,180,125,95,34,19,244,77,41,160,188,221,201,216,96,72,240,203,243,16,100,224,14,119,30,168,78,52,63,52,234,35,182,229,238,15,6,85,72,27,57,70,195,39,14,73,177,88,187,181,59,193,160,110,221,94,227,131,108,42,111,233,81,20,108,219,139,41,134,3,97,127,191,184,133,141,189,238,35,169,170,191,149,70,140,29,1,146,63,94,224,101,90,231,247,126,183,143,20,56,205,149,247,158,34,171,116,181,113,241,176,127
163,186,164,142,187,221,72,233,35,219,49,47,211,66,114,217,253,236,11,229,0,11,167,44,53,109,148,35,196,1,72,189,15,70,102,46,1,96,36,104,235,132,92,130,136,78,39,27,15,96,78,12,14,247,67,73,49,187,135,20,130,112,184,168,106,206,64,176,218,143,90,239,242,139,95,207,143,20,73,10,173,23,194,1,132,58,249,230,50,37,60,191,195,119,113,169,156,119,181,229,207,181,150,222,63,252,159,63,203,63,248,166,192,178,152,147,212,220,30,224,230,217,198,202,235,131,189,82,127
180,65,217,113,241,224,22,150,208,162,53,48,128,204,113,133,95,28,100,189,90,49,48,153,210,83,236,8,254,58,171,28,3,132,227,219,180,151,171,131,135,105,28,127,203,5,44,153,225,9,252,101,119,217,134,203,182,245,150,123,194,226,55,17,40,179,215,18,147,169,121,82,103,90,217,72,104,245,152,246,75,238,92,89,49,48,173,113,18,115,89,107,13,144,64,241,244,21,171,190,59,102,170,241,207,14,234,50,209,28,118,119,197,118,211,54,212,85,96,228,189,75,212,117,154,190,221,40,127
244,223,190,135,210,166,126,233,250,217,37,223,129,154,50,75,65,29,184,164,22,216,129,94,176,37,166,220,185,47,132,147,20,86,13,55,206,177,169,118,190,198,192,39,110,244,134,200,59,122,162,186,221,217,108,240,36,199,166,84,203,41,142,181,182,101,70,82,82,26,170,121,206,85,212,115,181,239,221,97,130,243,46,160,253,198,191,142,38,36,24,141,13,43,106,54,92,201,128,139,127,246,34,28,5,228,173,22,124,22,146,223,53,70,79,250,227,158,10,253,165,98,200,243,59,199,109,60,127
43,173,236,114,187,126,126,191,82,171,143,218,31,29,206,187,216,17,133,180,49,224,153,253,9,148,123,153,10,42,61,39,107,59,184,72,24,181,79,161,129,194,177,228,224,249,34,233,65,188,21,243,17,157,129,244,31,174,22,115,43,48,90,251,215,119,252,77,79,234,180,138,3,37,97,10,139,30,171,44,2,112,182,219,168,210,123,188,10,63,118,69,92,36,7,152,201,146,10,226,26,158,13,151,152,18,146,168,173,94,172,187,68,253,75,104,63,220,6,117,225,36,4,142,161,131,185,239,127
248,241,109,196,191,104,254,215,50,230,137,56,149,19,61,78,85,69,72,144,206,220,20,42,197,25,150,58,246,251,62,54,192,241,201,182,42,137,133,239,169,146,5,48,111,159,54,112,49,197,18,238,3,199,98,109,170,134,214,59,19,131,109,61,157,167,133,242,199,39,98,189,144,7,90,204,204,27,208,205,206,46,95,241,79,217,238,126,252,141,197,51,184,233,130,75,145,14,250,116,108,235,178,130,177,46,100,64,164,125,64,94,216,66,13,245,188,43,167,198,120,85,123,188,167,44,51,246,127
51,179,237,114,20,88,234,134,132,64,62,151,235,225,50,184,43,224,170,108,184,240,124,37,122,171,165,24,208,46,106,70,134,221,87,117,175,228,219,74,45,142,78,132,179,179,61,85,112,249,153,79,117,117,160,248,190,234,52,156,233,103,52,84,88,97,69,173,52,156,28,249,36,224,123,228,235,146,108,169,191,232,165,184,169,61,121,190,15,242,165,74,81,244,171,221,113,137,22,173,127,53,86,133,17,20,208,200,180,94,90,199,243,185,48,136,78,35,219,120,112,81,50,219,136,138,106,245,127
125,125,170,56,176,1,30,223,198,236,10,59,53,240,217,44,92,102,144,173,163,106,85,173,122,16,160,219,205,211,236,75,169,252,42,200,213,108,21,211,6,112,218,198,213,233,238,116,243,184,233,33,149,43,9,131,40,225,30,166,129,159,117,90,24,242,34,246,188,238,35,163,188,167,173,146,165,44,100,175,178,28,34,146,165,101,25,198,22,88,94,249,245,226,23,245,151,96,61,100,173,215,231,156,87,116,137,139,228,43,27,38,14,63,35,94,187,202,175,140,249,166,175,165,26,100,74,205,127
132,248,27,204,118,42,128,149,151,96,60,99,97,114,193,233,110,229,197,34,115,134,160,60,70,127,196,193,106,188,167,102,50,17,73,175,60,249,158,101,196,153,15,65,142,203,191,35,213,58,187,233,132,78,211,129,214,129,237,104,4,249,201,23,209,107,76,58,81,126,4,218,235,126,156,146,81,137,127,2,107,9,102,137,109,183,77,170,174,68,136,50,236,68,169,214,231,25,106,65,68,59,156,67,239,199,215,46,84,34,176,245,252,239,28,136,125,233,33,52,203,98,176,76,251,80,200,132,127
16,241,97,41,233,85,123,21,102,11,3,131,69,245,137,79,175,150,134,161,78,3,89,153,132,205,74,11,112,134,145,219,47,218,227,147,114,105,161,114,207,89,174,173,9,238,237,214,65,206,30,0,8,235,144,189,190,71,246,217,194,196,178,224,131,120,179,117,144,152,87,17,85,119,29,51,162,64,91,166,142,31,214,115,217,133,225,151,157,64,47,124,96,207,34,104,2,70,10,160,152,186,89,142,68,168,138,225,80,153,184,233,129,45,46,223,172,172,167,250,168,119,28,41,174,217,39,30,127
230,153,193,131,115,116,135,235,153,56,123,134,168,179,147,95,243,135,48,28,171,173,98,14,252,149,223,199,46,217,75,230,250,60,172,126,134,146,121,22,205,140,252,199,195,86,167,174,181,35,154,148,82,161,7,198,215,154,224,236,178,183,189,237,125,95,82,250,87,121,194,114,18,42,71,16,34,243,136,156,20,81,236,164,50,19,184,195,251,170,199,87,44,89,105,115,38,86,131,173,86,164,41,15,31,173,23,162,209,139,22,142,38,120,171,150,66,41,23,11,93,129,170,101,220,5,103,21,127
221,60,228,20,74,28,26,53,91,92,47,60,199,191,79,1,204,11,21,190,53,51,227,196,97,25,178,19,50,109,140,43,79,76,190,146,188,194,62,33,188,103,104,158,41,199,47,159,54,31,50,138,44,3,129,18,152,102,24,139,155,76,199,38,40,115,151,230,220,251,231,186,37,160,182,177,207,81,90,97,193,41,223,127,66,101,49,106,149,132,252,211,240,50,156,1,63,213,140,158,142,235,244,248,123,219,216,136,92,144,32,252,62,32,122,110,197,140,119,119,221,211,23,47,229,253,204,146,127
88,160,245,234,226,173,127,119,105,17,67,99,37,65,213,170,97,9,181,75,134,234,237,242,232,216,254,103,6,90,191,108,243,172,52,249,17,135,2,214,142,11,58,254,144,80,164,5,221,146,62,99,249,244,67,144,227,81,166,178,63,252,113,228,81,82,212,40,39,206,48,93,150,137,69,249,9,127,156,238,172,211,144,6,146,132,35,89,53,184,176,210,165,14,38,230,149,215,185,20,171,31,55,53,48,253,18,137,203,6,174,29,46,154,31,187,253,19,109,99,193,169,123,155,11,194,101,42,127
88,224,205,15,56,103,14,115,1,65,28,60,9,69,5,74,235,180,223,28,182,23,147,82,50,198,196,83,149,233,226,59,138,235,65,233,9,4,102,99,47,133,202,247,250,75,112,194,35,212,33,218,241,144,157,228,78,15,16,127,130,47,151,102,254,65,120,220,207,202,184,54,30,90,132,50,18,214,122,14,40,59,171,7,245,48,48,159,147,81,122,164,88,60,158,204,50,105,226,230,10,207,245,4,70,13,119,148,162,57,158,251,2,35,23,116,223,192,172,139,166,214,102,70,122,160,37,162,127
164,185,116,40,88,111,213,119,48,240,161,51,235,52,69,133,70,4,65,101,123,126,10,6,204,8,19,230,41,96,70,198,177,9,118,147,224,176,203,193,28,198,86,48,182,97,55,198,124,212,21,38,68,130,145,51,75,26,132,6,123,34,158,188,10,27,214,249,132,112,246,4,100,32,134,15,167,204,113,185,47,134,29,58,35,188,217,35,104,202,126,97,179,103,155,128,70,141,247,242,147,85,166,161,160,13,223,124,8,135,164,58,186,90,47,82,102,231,24,19,158,194,222,81,19,166,33,99,127
192,61,49,7,30,148,251,231,120,182,175,205,228,100,65,9,95,131,181,132,1,26,248,158,235,94,247,1,182,59,2,152,120,134,4,52,115,233,74,174,51,198,127,31,143,207,221,98,60,182,104,235,29,128,209,17,235,1,95,43,77,29,153,237,191,19,163,114,31,201,228,76,38,21,19,136,178,236,79,172,201,70,114,201,115,141,198,219,42,103,162,138,254,252,94,53,96,58,146,234,211,73,250,194,165,235,184,31,244,49,116,37,22,82,171,67,107,240,115,226,174,236,104,250,65,194,233,52,127
154,84,193,193,5,44,13,221,38,81,143,146,244,6,138,96,104,134,224,172,235,145,46,137,252,145,94,99,230,142,108,194,125,40,11,151,63,226,53,55,147,23,46,217,42,108,143,167,86,117,1,197,41,220,112,140,70,149,100,49,19,197,205,174,108,6,42,127,18,207,220,203,77,50,34,229,97,52,124,254,13,65,243,133,25,151,31,209,206,120,51,234,242,85,7,85,170,217,96,60,82,181,101,161,70,107,191,188,130,69,120,29,198,56,24,144,19,247,224,31,210,6,143,101,244,230,78,238,127
147,16,239,48,44,15,71,229,129,236,70,114,133,41,187,71,108,82,199,196,209,126,150,141,236,150,103,52,175,249,246,129,184,235,226,51,162,177,64,126,170,140,116,167,68,212,247,12,59,251,139,253,195,43,131,25,4,147,67,196,155,188,72,59,205,137,88,201,248,42,222,201,6,182,208,202,203,24,146,174,121,218,200,154,71,87,73,209,65,227,162,165,180,213,190,76,178,6,97,30,205,25,166,211,91,138,10,152,14,32,81,177,243,34,38,135,162,118,234,217,177,199,132,213,164,152,86,98,127
44,215,237,248,112,29,27,109,237,114,36,172,176,107,250,101,161,92,29,22,187,114,176,33,116,94,16,103,146,233,168,132,34,123,226,161,132,166,94,237,129,186,144,233,42,171,28,246,8,43,18,8,214,34,209,19,108,118,41,220,251,83,63,21,227,195,6,67,214,157,60,252,243,246,148,138,32,137,230,249,89,72,100,69,18,128,22,150,133,113,68,1,208,135,115,157,159,197,194,140,107,126,157,213,146,115,52,33,131,101,174,121,132,194,245,0,42,211,25,182,167,183,71,69,240,162,110,124,127
6,6,7,106,242,250,66,28,215,178,133,195,78,241,183,249,140,127,225,125,156,203,64,222,149,234,113,122,24,170,12,66,34,10,121,56,188,66,248,203,87,192,81,54,32,222,142,201,59,144,154,30,218,252,163,32,240,105,245,146,148,173,17,43,232,94,49,153,7,125,172,116,47,245,222,3,29,31,151,114,25,66,30,17,47,188,161,41,131,33,107,239,180,164,35,90,118,169,172,5,157,16,76,114,198,146,92,104,152,213,177,69,47,54,72,146,60,231,71,232,25,66,68,231,214,117,224,71,127
40,213,64,243,70,47,251,247,108,142,122,157,9,238,14,50,154,251,110,183,125,41,194,247,73,150,42,31,154,205,176,14,128,59,43,30,146,231,53,184,219,50,212,39,57,227,108,30,82,35,34,254,89,210,167,194,44,186,119,189,216,139,6,71,188,229,46,76,233,57,78,222,18,68,106,21,246,6,154,108,238,13,33,106,2,245,14,139,63,119,49,151,202,194,115,74,236,152,139,148,153,141,216,111,78,58,200,190,105,208,100,73,45,16,203,56,120,167,47,122,86,188,41,224,124,142,165,24,127
124,182,117,17,16,156,235,8,134,78,90,33,184,232,122,224,16,121,222,161,25,218,21,40,151,20,95,246,180,190,21,12,212,36,202,175,150,88,188,123,238,135,180,55,26,46,79,112,27,122,5,114,108,78,43,78,207,234,165,172,64,86,218,210,175,9,163,36,171,103,191,53,167,40,239,225,20,1,38,69,64,120,145,102,201,70,181,194,30,83,92,188,33,50,36,178,122,232,3,41,178,191,202,101,2,148,56,192,52,241,168,119,64,209,181,98,160,54,10,202,72,252,30,123,87,212,189,65,127
191,12,134,34,182,224,31,54,139,31,108,165,144,237,28,8,246,28,164,32,251,57,78,174,208,245,186,88,56,240,144,223,180,103,140,201,7,250,209,144,145,229,224,27,237,95,127,126,209,83,214,2,176,110,138,167,64,193,14,242,57,210,75,240,98,93,240,123,242,243,234,128,86,130,40,16,202,208,112,182,76,163,145,4,121,27,72,26,215,102,208,64,52,150,246,9,91,128,156,30,234,199,186,226,54,123,138,190,22,189,121,91,62,143,198,18,135,52,190,99,56,156,169,177,97,195,157,87,127
74,166,254,157,44,237,213,56,156,22,123,217,250,76,119,23,26,87,166,136,217,119,142,35,251,197,211,25,89,33,63,163,31,4,253,186,66,9,40,210,37,221,3,83,62,182,40,1,59,179,193,141,145,1,219,238,67,127,49,226,69,82,248,5,168,198,73,87,26,215,249,152,81,131,62,139,248,167,84,231,22,120,123,12,89,204,9,85,41,28,239,155,2,59,124,175,227,2,165,217,252,200,69,66,88,131,68,218,131,33,28,37,15,86,196,6,58,42,240,96,233,235,162,157,96,240,106,38,127
160,175,103,65,133,175,180,85,230,48,175,120,202,227,14,179,50,79,78,121,229,23,129,75,151,98,132,26,28,174,34,69,197,199,53,179,25,1,127,215,75,112,234,134,37,244,189,246,212,197,150,229,44,127,231,57,29,52,220,106,106,135,57,245,171,23,190,11,110,70,164,117,93,127,92,111,177,63,193,75,4,28,95,99,90,215,78,119,4,104,201,77,66,15,134,173,198,210,18,224,38,13,179,124,126,38,239,159,237,218,145,223,72,45,241,217,201,54,33,11,119,205,213,129,156,188,55,57,127
250,177,134,43,111,44,197,224,199,215,82,199,85,204,29,173,160,208,85,148,66,122,70,18,168,112,238,169,6,76,132,62,62,135,127,191,88,50,91,190,122,78,191,177,121,214,155,215,175,49,15,104,133,186,177,61,36,167,110,98,191,175,41,232,21,179,130,156,235,61,253,8,5,191,125,211,236,70,195,114,90,167,92,96,93,14,173,124,248,43,34,241,71,154,179,36,46,144,68,223,235,218,188,114,162,189,18,177,15,204,99,108,117,159,118,113,13,190,61,66,17,132,216,133,238,127,169,186,127
68,146,64,221,2,230,76,16,2,174,65,124,53,191,249,165,65,27,238,31,209,235,222,0,152,12,163,224,88,25,79,134,0,241,116,52,180,97,116,27,213,215,136,83,21,197,95,195,159,218,59,219,161,131,201,117,82,99,85,22,199,231,218,66,164,65,199,213,181,122,37,2,48,233,140,99,134,87,140,38,47,213,176,137,111,168,204,209,124,125,68,197,174,165,109,120,114,202,216,208,11,8,211,116,65,20,156,177,16,69,250,159,16,168,11,134,61,183,152,162,33,166,227,154,43,168,241,124,127
231,10,223,107,168,43,209,213,159,200,198,181,111,230,187,85,222,223,9,38,100,127,113,215,3,214,146,250,74,147,241,118,94,59,48,65,108,125,19,243,35,93,193,232,218,165,44,157,197,137,94,28,4,223,213,131,162,212,237,234,34,137,142,183,91,8,120,172,210,188,104,109,129,210,2,49,64,0,86,6,174,90,61,55,140,114,216,34,237,197,83,161,217,119,91,162,34,224,64,48,216,93,211,92,151,124,183,205,118,172,77,20,131,13,133,62,185,104,3,244,226,70,82,98,12,214,23,158,127
155,138,252,135,2,87,143,114,248,39,215,67,234,107,240,230,37,39,226,152,13,41,196,229,165,125,16,239,186,104,169,41,8,185,139,3,116,109,120,97,101,202,147,74,65,84,46,70,101,136,245,17,22,247,25,47,95,110,212,250,211,152,52,97,62,82,170,237,168,39,102,233,253,31,133,198,152,57,196,34,3,164,225,124,251,147,142,214,246,203,109,152,53,36,246,26,101,97,21,128,158,57,181,243,162,70,162,140,141,165,248,40,4,209,183,192,192,137,174,199,81,154,125,86,76,222,136,168,127
128,230,110,39,70,159,49,73,231,18,156,10,206,159,171,188,182,247,166,140,8,135,132,172,132,182,157,245,208,191,214,6,124,65,107,28,235,147,166,51,13,133,213,122,52,109,20,209,152,167,35,119,77,2,8,152,70,194,95,47,14,235,26,141,7,28,219,254,50,66,214,71,162,192,222,9,135,220,20,130,108,42,164,80,78,87,186,114,125,30,19,97,217,208,207,251,56,39,102,75,42,34,48,9,197,44,176,123,198,99,132,189,171,87,231,56,30,56,107,243,48,104,140,214,62,14,2,60,127
50,49,71,16,145,150,212,238,131,123,215,16,250,238,233,80,47,124,137,230,89,192,174,147,46,131,99,68,54,162,162,161,47,32,194,152,77,204,79,189,60,147,49,92,131,165,203,198,8,248,196,125,122,145,0,40,8,141,172,165,94,227,62,206,83,151,122,106,10,164,207,198,31,171,9,228,231,172,64,242,194,6,238,176,14,165,202,201,144,172,232,227,213,66,14,45,128,12,229,11,139,231,202,215,184,173,173,135,46,231,202,87,59,6,167,73,171,134,22,67,240,183,141,230,223,8,198,134,127
73,176,179,172,184,4,240,59,72,149,3,245,174,222,212,139,122,128,141,181,230,112,216,4,71,73,45,234,66,184,180,229,30,215,84,234,142,2,246,45,190,219,240,103,119,87,180,173,72,156,108,76,41,180,93,240,28,71,202,244,39,200,197,177,64,142,185,34,217,141,95,229,26,204,95,222,107,127,124,153,188,223,196,235,155,95,167,103,115,110,246,52,154,253,207,158,137,89,251,188,22,56,93,63,207,170,68,233,223,220,33,190,216,3,143,93,238,28,88,249,142,13,70,142,188,49,126,205,127
80,245,1,38,145,227,77,29,175,124,30,42,17,114,106,69,116,79,231,13,152,244,138,70,118,94,81,145,89,10,54,216,216,25,48,118,140,215,129,30,83,165,4,218,130,155,165,63,50,123,54,160,183,44,221,77,74,36,7,144,163,159,9,144,72,249,249,56,243,216,108,181,35,181,252,81,207,110,177,19,146,89,223,181,241,52,120,98,142,35,100,24,185,188,216,215,146,157,161,249,238,217,41,79,81,107,37,54,86,171,16,225,194,174,221,167,57,131,81,127,71,252,184,235,202,56,223,241,127
186,38,124,208,44,105,40,54,9,57,78,216,126,28,74,79,198,249,100,105,170,182,20,200,120,72,43,224,30,239,87,9,51,159,170,154,122,40,80,174,50,198,82,156,20,158,187,184,148,61,96,201,33,188,7,95,167,54,102,125,177,138,168,158,212,19,60,5,242,126,32,82,149,160,29,147,202,221,66,95,122,143,103,94,136,130,30,74,193,233,146,134,40,237,52,58,204,247,69,115,23,238,176,228,248,250,9,97,206,126,156,214,180,179,122,48,211,20,39,99,5,151,194,218,199,11,31,146,127
104,117,96,16,194,36,87,92,191,204,53,80,124,127,55,111,37,143,210,235,37,43,114,102,127,226,87,81,128,48,59,122,219,81,71,195,16,250,16,9,216,166,125,76,75,33,232,150,94,125,63,214,166,66,163,124,195,134,165,160,44,112,85,50,142,246,74,12,9,200,254,16,142,170,248,39,142,27,137,118,197,238,135,16,1,92,52,246,99,64,105,195,207,35,69,174,105,31,67,139,236,237,188,252,58,229,144,31,78,36,41,167,9,213,83,66,41,97,151,93,173,122,97,7,3,106,69,76,127
80,143,209,125,237,179,122,253,37,116,57,183,112,32,46,172,210,24,123,0,215,150,78,247,239,208,116,42,55,38,119,15,14,241,20,28,212,206,134,185,66,51,179,219,126,119,221,148,69,104,219,51,27,228,172,190,178,69,91,135,17,175,202,209,154,0,82,3,247,170,197,97,225,101,21,143,166,148,104,160,67,4,166,226,6,80,248,231,82,247,208,165,46,154,121,218,56,4,165,174,202,115,49,207,202,213,10,57,229,141,16,177,27,0,139,112,38,77,97,71,146,176,44,54,33,129,249,190,127
37,201,211,109,103,98,123,129,152,100,155,120,241,175,55,221,54,62,31,214,201,45,32,187,251,231,80,20,154,198,187,87,69,226,32,243,33,213,104,76,115,21,115,149,102,215,62,62,1,227,99,201,209,220,128,140,93,154,217,240,212,46,54,128,177,18,253,238,42,85,203,48,14,132,151,72,75,126,179,245,54,220,215,105,168,50,197,168,121,129,62,161,73,76,40,249,200,108,187,138,116,240,14,72,12,181,44,66,254,246,166,177,94,202,223,32,216,42,180,122,164,134,147,166,80,62,72,172,127
171,104,183,83,7,213,7,244,23,183,30,14,70,26,45,172,44,43,26,236,199,116,153,42,238,104,205,190,72,129,189,175,251,234,103,170,137,14,202,183,1,79,24,137,41,157,87,138,78,213,40,200,84,100,122,106,60,239,72,113,183,51,211,164,28,26,172,147,37,243,85,62,170,228,168,253,106,10,90,204,50,230,235,185,10,37,188,229,168,80,221,60,50,3,142,209,158,231,4,247,167,217,178,206,236,27,38,168,105,151,63,252,16,209,192,173,172,246,47,227,104,181,76,109,70,104,252,65,127
168,98,80,217,186,245,49,229,215,97,239,107,2,227,118,179,175,181,64,70,16,248,221,146,205,249,96,44,128,156,228,111,77,198,233,9,252,205,211,34,228,53,31,166,92,59,106,132,45,109,119,160,103,60,137,31,65,183,233,218,111,66,213,138,104,118,170,51,192,250,133,3,37,25,16,160,204,73,46,76,80,70,79,105,50,182,96,153,246,168,147,5,195,95,183,67,163,32,228,226,253,94,148,21,50,11,54,172,72,44,161,51,192,238,217,178,201,97,163,128,215,225,197,239,241,172,200,36,127
215,39,10,36,133,39,38,156,162,251,94,53,199,67,162,126,131,87,73,208,254,49,17,210,61,126,191,194,97,46,96,182,146,176,137,155,79,112,224,85,200,32,55,198,71,3,23,193,22,243,0,38,146,98,132,190,6,163,168,126,127,37,19,1,2,201,178,146,171,67,64,152,15,53,233,150,29,76,206,24,25,245,142,245,112,134,158,103,161,107,86,172,208,53,72,179,148,178,89,64,207,233,199,52,41,61,52,97,204,111,112,228,58,119,149,90,186,167,128,68,251,126,19,251,181,113,147,21,127
15,146,214,106,91,3,119,125,162,197,170,26,213,16,209,148,27,151,90,157,235,146,112,110,23,191,37,13,133,116,83,117,9,116,202,58,250,244,244,45,55,234,248,238,34,238,45,125,158,40,93,232,166,112,175,111,165,215,74,4,5,130,130,201,224,84,85,45,36,5,161,47,195,92,203,205,102,92,233,234,169,242,165,229,193,10,197,161,56,139,253,34,237,3,221,79,57,123,214,194,107,221,253,28,55,198,240,177,43,84,181,38,187,168,146,18,182,208,253,63,125,115,88,139,179,63,79,195,127
106,75,120,121,70,219,38,152,208,109,170,179,47,4,212,210,231,251,215,56,249,134,239,139,170,15,31,13,223,80,90,124,216,120,58,107,43,112,229,89,248,118,28,218,207,71,10,252,250,24,161,246,20,127,247,253,184,213,197,237,26,24,44,240,58,197,81,34,214,75,56,241,130,65,147,216,57,23,249,237,188,79,41,201,244,194,240,85,128,195,32,24,189,201,163,141,97,40,17,48,40,54,137,137,10,241,39,240,86,224,104,31,181,24,161,26,28,2,191,213,253,36,2,232,177,17,187,99,127
244,85,208,61,157,34,133,60,108,115,77,223,59,191,122,127,44,253,133,253,22,5,253,73,139,40,79,166,183,222,122,124,188,69,157,217,133,7,130,40,230,244,38,186,26,5,157,41,111,22,39,250,122,141,231,171,230,253,59,89,51,152,136,23,178,183,16,221,170,187,205,99,85,165,34,182,172,56,23,58,52,105,164,144,252,62,205,96,47,46,165,148,210,152,199,2,105,205,133,147,117,113,231,26,221,185,32,19,248,2,131,21,132,86,166,134,225,112,78,245,233,144,52,90,206,144,209,103,127
170,81,205,138,121,20,74,251,127,85,77,9,99,16,92,221,215,171,222,182,31,3,180,68,118,194,137,96,2,61,105,167,144,83,171,65,209,171,236,200,251,15,107,21,1,71,136,80,41,2,65,122,62,249,160,158,240,52,230,13,2,207,155,102,142,46,55,15,83,185,239,8,38,117,118,3,84,131,112,55,78,165,85,75,136,239,188,197,33,1,19,8,63,194,249,243,227,6,93,113,27,193,69,236,133,143,149,188,181,31,67,179,27,152,10,3,200,227,19,29,99,254,227,147,190,53,253,2,127
85,225,175,68,247,164,33,72,254,29,31,185,211,187,210,117,26,65,177,243,24,43,253,73,78,36,22,125,12,161,141,48,222,198,142,118,181,96,56,130,82,63,75,56,188,83,82,72,115,116,185,168,110,36,59,133,190,176,221,86,58,33,59,239,73,154,154,194,37,93,76,14,174,21,72,140,73,212,174,237,144,233,146,52,115,28,18,32,230,165,183,193,217,223,122,64,189,182,132,239,250,147,48,2,217,85,228,61,184,240,192,110,15,253,24,88,128,106,144,181,187,190,106,53,112,104,158,39,127
155,26,9,105,132,96,229,140,37,189,203,193,80,38,100,126,235,165,74,131,96,72,76,244,247,52,225,169,225,89,103,63,17,5,215,103,13,228,87,222,71,163,49,95,185,51,79,247,220,223,101,177,57,88,40,192,243,184,7,195,135,171,66,209,90,99,154,73,66,58,147,139,148,163,31,128,247,50,195,219,92,221,196,96,195,63,118,142,227,173,155,145,2,159,185,109,250,145,67,133,66,2,117,110,32,174,182,202,183,123,33,185,35,107,186,80,155,82,137,208,63,113,210,13,3,15,137,168,127
66,99,212,85,90,217,90,238,141,144,177,216,101,86,39,197,186,23,78,6,210,173,234,247,52,2,46,43,42,107,39,16,115,210,158,187,162,78,94,208,150,220,94,225,183,222,98,235,244,116,136,151,97,50,14,92,130,45,139,110,4,174,180,198,221,107,45,1,109,117,1,196,31,176,129,94,170,47,79,183,54,23,9,226,211,102,90,40,237,142,64,75,91,217,122,120,134,135,111,138,111,1,201,247,57,14,96,130,153,134,110,98,69,80,96,128,69,150,190,16,147,101,183,142,126,127,250,232,127
166,133,90,143,103,235,76,152,199,153,147,139,46,26,30,182,105,32,132,158,101,212,61,85,240,196,193,196,197,166,111,35,194,23,84,44,68,220,42,68,28,123,168,169,48,185,184,34,121,109,133,25,188,68,40,39,87,200,167,130,102,118,80,38,246,9,104,149,30,148,241,68,242,224,95,159,212,170,66,66,148,111,146,61,173,113,73,70,90,134,150,41,107,82,133,146,195,158,19,20,207,248,65,237,214,49,201,184,3,17,111,171,221,170,205,154,206,91,105,172,23,169,8,187,89,65,110,41,127
149,112,180,139,14,29,77,93,125,42,211,128,69,114,244,253,121,134,103,138,252,238,20,153,52,242,149,32,238,196,0,214,76,176,100,30,145,178,73,221,218,36,14,22,206,104,121,19,184,72,118,21,2,214,29,26,102,152,197,227,112,108,241,33,74,122,210,144,75,209,134,11,9,96,174,62,50,217,161,50,18,49,221,253,116,178,121,242,100,227,67,190,44,93,20,37,39,19,186,27,233,241,164,165,184,205,240,175,95,88,143,204,237,63,84,15,84,44,116,23,44,167,186,176,82,211,172,183,127
208,178,199,6,79,105,89,182,223,51,11,236,60,124,219,240,222,208,135,108,39,76,171,182,196,148,78,226,5,132,40,24,98,251,193,142,168,91,80,80,158,39,22,2,212,6,67,111,225,75,73,22,72,233,168,138,105,72,115,35,122,107,62,168,172,174,138,215,17,219,29,200,55,30,37,54,251,69,68,53,191,238,221,236,58,194,26,25,248,160,10,168,102,241,223,36,243,213,204,82,75,92,139,121,68,210,158,11,206,162,11,22,73,201,44,145,197,127,63,217,45,171,21,132,22,165,245,171,127
113,240,120,60,183,152,109,70,101,237,204,5,131,11,164,181,249,153,195,72,139,57,103,35,99,63,160,6,223,189,42,84,206,76,81,54,224,52,156,161,158,62,175,210,251,208,19,156,59,13,84,65,160,189,111,195,159,121,154,242,190,93,207,174,139,81,127,212,44,121,176,9,24,112,18,187,22,90,86,114,88,237,225,96,149,234,48,92,145,66,167,237,174,114,233,240,5,141,21,113,92,26,205,244,56,27,107,212,179,180,195,25,156,91,100,23,171,70,211,250,164,37,18,69,87,235,53,13,127
204,145,87,182,88,246,88,124,183,92,90,155,138,100,51,204,92,173,49,76,73,101,115,52,243,16,181,151,229,138,246,214,166,225,73,25,49,198,102,148,84,237,63,118,32,245,1,145,17,32,106,101,223,91,239,253,110,80,128,26,85,147,169,92,30,37,224,230,13,159,102,26,68,99,35,94,112,211,157,30,102,38,4,8,179,62,71,110,3,210,229,254,142,248,32,227,3,184,221,92,133,196,249,64,188,27,13,43,179,120,49,201,71,78,210,213,244,16,148,87,184,204,50,10,112,154,211,205,127
246,128,222,220,87,196,169,67,211,21,124,201,95,27,158,171,68,67,54,102,117,65,204,40,58,60,42,215,223,219,86,226,148,77,173,231,135,77,226,23,75,126,180,37,83,78,54,253,176,51,190,114,121,125,184,195,146,234,37,157,1,36,12,15,165,200,183,26,114,136,171,169,194,76,211,36,13,170,46,242,249,249,194,122,208,30,6,196,147,227,82,149,120,178,2,249,223,171,51,89,107,132,92,141,10,49,25,111,215,217,63,130,71,237,251,156,73,68,166,20,124,230,48,77,175,237,145,65,127
185,157,190,106,86,43,152,122,183,190,96,139,19,12,232,85,64,198,43,2,65,56,111,186,145,2,251,242,243,8,151,220,99,226,8,149,195,235,78,95,85,173,250,150,208,96,215,245,213,81,69,181,142,46,191,232,43,143,52,148,64,155,43,59,105,200,189,5,116,91,105,85,64,200,29,97,147,137,10,150,63,118,141,142,117,24,170,64,46,231,192,114,1,69,90,117,117,199,195,198,142,30,88,44,10,41,42,29,221,83,84,10,133,79,222,8,233,115,59,91,121,45,22,137,209,72,222,114,127
68,162,110,2,246,83,41,245,72,9,213,159,209,204,78,86,24,135,121,103,121,185,104,78,232,94,177,14,81,202,43,55,90,149,27,11,77,50,209,91,56,127,111,188,91,6,81,61,225,214,120,239,31,191,160,10,52,177,26,236,87,117,165,58,26,144,171,138,185,79,64,222,123,7,85,149,208,158,36,128,184,252,160,59,240,194,168,165,202,59,41,151,245,67,138,75,45,147,15,213,15,213,216,204,96,65,119,138,28,52,67,90,181,126,233,238,18,210,254,40,50,217,86,225,225,157,118,73,127
77,149,120,13,103,14,181,142,199,3,56,145,207,98,54,186,16,220,15,197,98,50,78,31,97,245,112,58,13,188,202,40,71,45,205,240,13,152,116,112,235,61,240,141,231,236,137,27,221,73,32,159,91,6,182,58,235,25,154,107,84,197,34,105,126,132,144,217,64,202,132,251,204,205,153,62,34,32,109,251,153,63,123,235,178,243,51,244,149,129,16,157,156,13,42,186,168,178,93,90,137,109,47,225,203,195,75,70,247,108,118,233,103,92,23,205,171,219,30,146,232,3,251,250,155,18,26,191,127
233,209,218,159,17,193,100,1,65,55,207,211,43,0,179,155,205,226,100,123,121,148,21,207,85,171,227,124,211,104,130,137,229,100,5,111,129,33,139,10,83,120,249,170,92,74,124,222,195,31,17,232,63,79,253,210,157,91,11,209,40,65,93,179,175,152,138,248,212,59,183,238,68,146,220,94,153,70,200,204,157,161,153,63,15,105,229,102,227,133,130,104,174,35,20,95,90,128,240,191,119,63,17,249,14,182,70,34,48,162,27,221,174,160,164,101,254,169,235,179,219,20,143,195,140,27,236,227,127
232,176,53,17,220,248,174,65,50,83,170,64,190,87,16,136,62,162,188,55,65,66,172,116,193,168,15,46,117,69,202,240,214,220,124,49,69,166,166,92,224,100,97,122,197,83,164,122,197,74,101,147,133,215,16,232,136,223,1,23,130,250,189,55,127,112,217,168,57,146,94,252,55,93,234,182,155,240,131,163,183,71,9,150,134,221,101,52,236,36,116,213,94,107,25,85,123,19,143,244,87,208,106,37,130,204,61,205,128,42,168,111,175,60,16,43,219,49,0,76,106,83,249,131,36,247,184,218,127
93,196,179,101,207,208,196,38,160,190,242,173,111,48,172,10,117,137,201,135,42,14,115,57,234,237,167,169,249,114,231,137,12,127,155,168,107,110,117,144,113,119,66,153,249,165,187,174,251,238,111,15,129,51,182,16,192,34,140,80,240,48,201,46,149,110,111,66,68,216,203,7,230,187,122,210,242,147,0,22,165,91,89,235,217,136,249,156,236,200,91,205,202,131,166,223,107,169,165,110,140,124,76,196,86,83,173,171,155,77,57,158,141,165,220,68,65,117,135,231,140,98,23,43,55,227,249,143,127
177,128,160,9,229,127,22,97,122,227,103,251,114,19,252,217,13,82,153,52,57,19,186,82,102,210,110,50,204,191,11,35,56,118,85,106,149,105,204,186,187,84,251,223,43,112,63,81,228,204,194,242,251,79,185,2,92,143,174,168,10,195,109,252,184,27,132,133,20,12,42,152,72,59,65,100,20,120,80,236,73,226,176,23,250,214,161,239,202,64,101,204,164,10,202,123,204,155,221,83,158,41,156,36,131,177,247,44,241,25,162,172,144,150,10,173,81,125,62,210,70,63,233,69,37,217,26,20,127
33,168,100,236,78,26,36,25,55,112,181,225,162,34,213,151,202,39,62,159,156,68,205,83,58,91,149,225,86,219,237,7,227,252,208,27,42,103,123,54,197,147,139,145,172,101,67,185,60,86,34,22,171,62,173,92,74,72,45,129,170,97,55,46,83,25,231,44,171,136,164,197,232,252,237,76,105,41,180,14,0,64,171,200,102,56,188,6,91,55,152,202,15,123,25,125,60,78,62,55,252,23,194,163,68,239,0,225,14,75,10,110,107,52,75,207,111,131,116,54,26,127,54,168,2,34,175,194,127
1,191,17,27,184,143,186,84,153,47,35,254,141,209,25,14,33,123,232,141,35,237,200,191,104,120,135,94,198,240,24,60,28,36,234,231,47,190,83,29,58,93,18,26,99,231,96,155,103,238,34,199,54,84,37,118,215,229,13,229,247,75,57,80,116,96,22,158,194,210,17,148,103,242,5,239,57,205,175,29,19,78,242,149,198,145,12,179,137,81,249,236,89,34,68,224,86,18,135,167,73,132,230,207,93,131,96,193,50,114,254,199,57,253,114,150,39,141,94,200,191,141,105,215,44,181,17,136,127
85,165,66,99,118,149,132,206,102,84,232,150,155,208,239,18,94,146,175,100,134,213,173,169,85,1,186,129,212,173,252,17,174,64,93,108,142,156,242,191,60,9,56,136,214,170,130,149,128,85,213,136,67,175,36,11,246,79,8,253,251,225,76,5,182,156,67,114,181,123,213,97,158,94,88,3,137,177,156,227,104,114,25,120,78,136,188,135,2,206,95,97,222,67,237,161,29,91,169,214,188,176,228,111,126,93,113,162,143,123,254,175,157,55,40,150,17,57,83,83,1,8,60,198,173,244,137,10,127
173,30,194,66,155,107,181,142,226,115,51,55,186,52,30,231,128,11,128,197,88,73,96,75,43,179,243,172,28,77,134,194,57,222,155,30,165,105,152,89,81,118,87,250,167,43,109,16,15,230,161,156,150,41,45,17,71,75,69,153,27,31,101,65,39,58,53,188,91,123,17,195,178,213,85,238,155,228,73,58,182,186,136,223,245,91,2,218,124,196,87,177,218,142,145,82,184,192,163,57,180,10,238,99,113,57,165,149,208,216,184,78,36,167,87,146,90,97,72,76,219,182,200,57,45,154,152,120,127
161,251,232,211,142,88,201,137,92,211,241,96,83,179,216,211,41,218,155,234,87,127,107,123,120,46,175,172,130,193,143,194,183,10,235,58,222,44,166,242,142,58,168,186,173,112,76,160,224,182,127,216,246,132,97,72,162,64,73,244,210,53,208,199,223,34,13,23,216,186,134,56,239,173,76,187,161,88,161,212,129,36,46,233,86,201,157,212,199,67,226,62,148,20,148,115,181,101,140,210,69,107,115,117,146,69,149,21,106,17,246,229,19,1,85,25,74,223,193,48,152,34,252,189,180,237,67,119,127
110,208,157,71,149,80,54,170,228,193,205,129,75,115,136,28,127,40,183,41,33,32,34,50,151,177,177,108,144,218,139,243,47,19,163,237,198,250,160,180,233,174,139,76,162,237,10,37,9,88,164,77,37,56,114,147,50,246,16,75,107,58,79,217,86,32,179,154,221,2,242,78,172,147,188,123,6,203,160,6,232,240,47,170,76,86,158,227,242,82,235,131,23,201,157,141,192,27,94,137,79,218,71,112,119,178,108,24,35,58,48,10,146,225,200,208,97,234,86,220,120,96,56,172,190,80,168,146,127
182,74,219,214,67,197,194,143,103,120,138,197,57,86,75,92,124,32,3,3,65,48,66,200,149,140,51,250,97,27,238,230,65,101,31,137,18,111,222,169,88,31,15,238,174,235,118,116,178,221,224,153,251,242,157,80,204,169,30,103,207,17,43,33,110,102,164,81,181,87,179,204,220,62,195,164,87,133,100,128,158,210,181,50,15,140,242,96,78,23,21,34,113,86,20,122,52,22,24,240,96,21,167,3,191,207,198,148,68,49,59,195,168,101,171,111,57,135,197,127,195,210,217,229,233,39,168,118,127
68,110,68,3,163,215,50,87,50,137,147,111,24,59,10,43,61,125,223,1,44,134,123,139,120,163,88,146,104,59,35,136,39,80,189,223,21,56,223,15,47,201,202,190,92,145,12,127,4,189,128,39,81,233,174,131,105,158,63,230,83,69,211,26,211,66,218,171,16,242,214,152,239,72,40,74,235,170,63,179,25,39,251,198,56,222,162,5,177,235,190,163,53,63,230,132,7,155,36,191,211,48,119,179,114,108,172,76,49,49,76,104,53,59,94,117,80,181,86,143,78,222,75,14,246,246,95,16,127
30,188,65,243,32,30,195,23,115,245,109,19,132,169,136,205,169,51,67,186,197,224,43,246,33,45,49,160,186,254,164,60,52,243,105,215,225,231,57,7,58,36,133,148,69,48,145,66,86,253,35,91,58,117,190,41,69,205,6,240,48,34,112,188,232,74,18,223,162,42,156,59,33,138,98,44,163,187,221,64,115,67,151,10,148,13,203,196,14,116,95,72,27,201,46,4,183,17,148,233,71,134,4,80,138,143,238,25,71,129,58,211,139,246,156,121,103,40,247,7,216,46,43,159,190,14,99,53,127
81,142,89,227,129,84,70,149,69,100,68,203,110,198,127,223,80,230,93,11,200,141,35,99,228,129,131,123,14,33,220,239,41,191,118,30,159,238,46,223,28,206,196,211,128,177,202,226,38,27,22,180,207,166,176,216,176,179,229,59,241,23,19,90,85,210,166,107,86,127,20,58,83,105,131,213,1,70,38,67,239,235,76,31,23,3,199,54,111,140,171,154,167,103,15,202,50,112,254,253,217,92,147,49,10,210,164,115,15,182,222,192,45,31,230,210,18,77,122,176,240,167,180,112,145,116,126,69,127
90,136,55,137,83,121,25,231,57,235,245,12,1,223,92,207,52,226,202,158,208,124,94,146,190,30,87,12,17,251,146,206,185,20,203,149,57,12,27,229,65,201,143,88,221,79,23,225,105,129,163,42,199,173,213,176,28,232,247,225,8,147,221,92,105,252,198,23,131,137,197,62,218,157,18,52,209,38,153,48,39,216,109,130,151,29,50,202,130,252,52,226,145,208,220,114,128,209,96,249,104,174,112,74,119,87,44,4,32,119,25,234,86,166,110,178,148,174,147,2,232,5,129,104,2,168,172,5,127
94,194,28,146,213,24,114,136,140,79,103,235,225,50,206,41,89,162,107,123,26,39,181,228,182,243,31,85,12,88,197,81,102,113,54,33,161,57,218,140,252,10,143,66,123,101,2,118,11,119,189,145,244,39,37,49,244,195,153,9,117,132,183,208,250,86,55,90,147,245,47,144,252,75,125,253,251,11,108,120,77,133,15,162,75,30,35,249,126,1,165,253,181,104,89,96,27,191,136,213,139,180,173,19,147,108,126,42,136,103,176,89,49,125,55,220,215,88,31,196,133,21,193,223,243,182,158,212,127
22,127,175,4,66,225,129,197,32,39,17,8,247,232,138,237,180,183,122,183,179,161,249,86,17,148,189,163,48,116,46,32,64,30,110,189,129,169,126,212,211,17,58,208,254,41,241,224,183,236,197,121,59,104,65,123,15,12,235,11,135,17,91,241,251,240,21,230,116,113,68,53,106,247,172,45,82,106,220,252,20,198,22,149,122,125,149,9,136,221,110,7,66,98,23,16,5,112,3,236,4,60,73,108,151,122,27,188,80,175,90,71,40,97,252,67,150,28,242,122,142,56,22,194,242,181,13,23,127
221,155,11,250,138,127,23,17,63,122,15,132,45,55,111,109,57,58,239,80,237,174,99,248,161,101,42,197,38,184,38,159,161,96,141,108,188,253,94,113,54,36,61,247,65,176,96,125,179,16,39,63,168,6,188,12,130,138,72,252,234,151,200,135,64,235,240,185,140,151,35,87,66,153,206,65,197,243,86,247,98,120,137,210,133,150,250,138,121,74,131,249,59,148,40,147,164,37,249,93,122,176,84,75,135,204,37,133,87,20,150,102,74,129,202,209,244,2,16,2,69,33,69,34,58,217,248,185,127
39,76,78,86,94,234,22,176,42,188,189,28,204,233,225,168,178,211,36,114,183,199,14,203,196,251,239,227,249,42,86,175,106,113,16,18,2,142,81,235,188,241,113,158,82,133,103,116,147,140,98,248,104,140,210,18,67,206,48,222,111,71,118,113,223,250,75,132,247,91,248,222,50,56,48,254,251,209,125,26,172,225,142,181,135,249,170,167,71,229,146,177,159,52,179,220,205,131,55,176,170,1,29,31,36,240,110,250,70,25,217,184,109,66,51,195,52,15,185,164,203,182,194,188,139,230,146,43,127
253,231,44,134,153,4,119,236,47,100,190,222,182,88,155,16,202,215,145,129,140,80,34,65,230,213,37,6,51,199,182,170,207,200,165,51,178,100,229,96,154,176,120,2,223,178,81,213,48,161,179,129,139,136,219,104,244,58,91,150,84,238,162,129,178,247,11,46,95,211,159,103,5,126,247,93,224,175,222,85,111,173,128,111,137,86,9,8,19,202,64,98,237,72,74,96,244,247,142,71,90,148,151,129,40,14,15,61,202,161,171,170,149,99,208,183,151,51,226,235,91,214,60,71,50,221,88,68,127
88,129,67,66,218,222,222,227,9,232,83,132,40,141,61,27,131,64,239,129,107,19,122,13,32,185,26,239,135,98,6,32,240,68,167,37,48,162,201,4,6,167,48,114,44,70,59,143,167,119,174,151,9,43,118,129,146,107,254,32,129,82,179,159,192,5,102,64,118,184,41,90,133,201,38,52,233,26,127,62,132,178,49,210,214,182,214,46,15,64,55,156,106,111,156,137,16,65,236,42,52,177,67,180,21,184,62,72,85,44,54,46,206,149,80,29,41,6,193,127,58,154,98,198,91,163,59,126,127
225,120,230,224,208,179,183,150,224,172,95,65,92,117,212,193,125,29,32,20,93,197,229,112,66,91,159,51,158,54,247,126,87,224,167,133,87,55,57,196,64,196,138,249,108,66,47,148,50,223,80,53,8,186,66,211,99,150,213,197,50,126,172,243,97,201,49,143,120,86,35,254,109,253,247,88,14,216,198,198,30,237,232,107,47,151,93,127,84,202,14,249,93,134,235,213,95,149,116,57,21,201,15,199,93,250,200,136,99,124,251,173,190,9,224,126,168,53,185,17,205,189,172,14,225,205,6,210,127
93,110,217,124,151,160,50,191,246,19,185,13,129,6,161,211,133,135,106,70,54,76,97,135,196,222,56,214,87,2,216,35,96,137,191,204,196,22,86,164,47,59,3,210,140,145,125,210,214,56,16,174,153,26,171,252,52,163,43,95,139,42,151,157,173,47,102,2,81,79,72,90,77,53,235,111,17,130,242,199,13,119,79,162,4,9,113,141,134,65,144,162,159,71,39,201,52,170,205,100,62,1,160,108,140,36,33,177,182,47,124,104,182,146,92,175,18,85,239,163,157,48,4,153,132,230,43,28,127
22,86,207,196,155,147,67,110,8,154,230,217,177,160,205,244,251,213,247,7,109,18,196,161,164,245,61,132,154,77,27,149,31,189,156,0,126,105,194,86,162,40,174,158,42,111,243,237,241,156,116,212,3,27,59,79,76,40,242,23,144,196,199,80,115,89,82,17,174,137,150,66,149,127,113,164,19,189,67,76,249,83,195,51,140,196,87,46,34,136,42,191,158,104,19,186,101,7,11,48,199,186,75,112,79,229,105,38,16,139,178,27,73,156,57,76,78,102,0,236,92,2,203,162,231,216,123,181,127
19,50,186,215,239,141,216,189,232,82,246,130,44,113,166,114,37,127,160,31,117,98,66,145,173,219,86,252,59,80,69,136,203,19,117,117,254,140,209,210,55,246,176,39,58,109,205,114,152,206,166,208,242,187,55,205,138,168,122,59,153,95,35,71,77,214,34,206,0,131,185,110,67,165,145,198,214,24,106,99,153,147,116,55,123,203,173,160,42,40,27,47,132,149,238,76,85,247,160,14,29,131,199,104,12,101,174,94,237,18,136,37,67,13,155,181,58,69,37,170,109,50,169,211,32,109,210,138,127
33,54,195,2,245,206,170,86,247,189,87,114,20,141,61,54,239,29,182,166,31,219,167,238,163,56,144,5,188,23,155,233,111,233,88,161,22,129,244,164,79,124,138,183,220,245,164,106,254,234,136,20,160,126,18,29,91,6,69,159,113,191,153,210,20,191,185,97,205,139,114,21,245,144,55,75,45,90,148,19,211,210,162,99,215,78,186,3,18,251,212,227,50,23,152,198,168,130,236,210,222,30,42,181,160,216,37,32,28,123,244,53,55,46,72,9,113,127,111,130,203,132,169,222,244,167,129,50,127
224,213,65,248,139,174,156,109,212,218,134,204,207,26,166,187,177,8,251,200,199,52,54,39,17,78,134,31,142,65,61,225,187,98,239,209,230,178,240,247,25,146,150,151,118,150,46,122,82,119,141,234,223,202,144,229,40,53,16,251,120,107,223,172,70,142,157,43,196,146,85,65,9,179,8,23,57,23,18,66,50,26,23,109,93,241,96,235,73,241,249,140,166,153,187,156,251,233,123,54,224,81,107,168,86,153,219,155,100,168,112,119,192,203,8,183,208,191,90,21,184,148,67,70,221,87,214,110,127
172,61,70,114,115,168,199,105,82,112,35,137,38,26,211,210,190,164,34,57,9,171,56,154,149,81,161,109,109,253,244,216,228,160,32,235,192,91,156,72,191,159,242,32,64,162,29,238,200,84,112,29,105,46,89,193,83,156,114,243,81,195,110,71,214,49,164,186,70,183,102,247,165,101,169,70,219,20,134,200,201,78,228,18,184,134,197,78,191,161,252,200,160,253,45,95,62,78,125,143,209,62,109,214,195,90,123,174,135,202,147,184,132,197,147,18,83,175,38,103,160,206,240,44,131,175,30,210,127
200,195,86,239,174,199,79,20,122,227,83,55,72,88,192,82,245,81,200,92,98,127,56,25,137,67,183,231,181,3,110,162,150,117,1,138,230,22,202,92,35,116,215,97,115,241,100,230,205,149,63,48,121,248,17,182,214,245,159,160,89,76,134,239,44,195,60,171,232,221,220,171,223,126,178,34,124,65,67,55,197,86,5,99,249,60,87,152,66,42,50,114,11,153,108,129,102,253,202,168,196,36,70,224,74,152,224,217,154,186,139,47,205,23,198,18,35,31,183,247,247,175,231,69,226,202,253,42,127
130,179,20,165,20,94,25,155,94,114,91,157,109,159,55,41,110,151,151,103,1,51,34,2,219,138,245,88,142,127,139,234,201,0,44,30,178,52,146,133,239,67,140,240,33,127,42,77,121,95,215,51,16,55,187,119,251,37,131,82,216,7,116,168,219,59,193,151,70,150,52,194,76,203,125,57,155,102,225,185,80,220,48,155,153,240,148,22,46,238,188,73,185,11,92,230,239,113,137,209,6,46,210,140,185,215,234,196,98,15,217,51,103,121,161,194,131,74,20,60,185,0,28,104,177,53,185,214,127
200,98,157,210,178,222,231,39,105,196,35,64,112,219,91,111,112,198,2,149,160,47,130,49,157,196,193,81,210,104,229,27,115,168,128,138,105,70,229,226,140,215,236,102,66,74,9,153,44,28,230,172,245,214,124,112,75,20,139,165,195,127,125,161,197,168,98,148,107,216,169,14,109,177,144,118,119,81,51,169,72,79,5,136,47,23,80,154,124,208,30,191,125,109,67,49,128,104,10,102,89,201,185,132,204,181,144,47,134,88,114,154,227,251,220,150,217,188,109,130,113,245,184,181,73,141,180,248,127
46,213,56,78,153,147,15,158,199,198,109,129,202,81,183,174,8,211,20,58,185,151,179,61,70,68,115,53,83,215,76,213,82,33,15,89,121,57,161,251,159,138,13,229,177,179,223,119,112,30,36,136,122,227,223,38,138,36,200,189,158,115,145,129,78,237,12,171,145,14,40,109,138,27,43,54,19,35,80,72,226,80,63,172,55,84,95,31,229,104,107,84,42,42,156,174,32,227,71,49,5,0,89,170,225,53,161,99,76,56,110,208,20,10,28,250,92,251,188,23,228,232,240,181,44,81,132,194,127
246,35,205,237,13,1,146,54,117,153,226,202,176,208,113,162,5,203,29,67,168,71,208,193,109,137,241,238,169,116,162,37,107,122,217,70,213,140,57,235,116,72,20,161,51,120,176,218,185,189,7,23,230,249,121,109,72,52,46,49,174,53,60,83,125,144,0,43,89,246,86,53,56,45,80,212,41,162,21,85,227,56,192,198,250,98,80,241,68,106,181,167,234,210,128,158,117,180,111,228,143,66,221,116,128,109,162,75,24,203,99,196,167,55,79,163,199,243,0,179,103,169,229,153,224,181,41,55,127
250,73,14,56,133,226,141,20,163,104,225,207,27,83,229,177,235,39,166,90,200,56,43,248,151,40,111,60,23,39,80,77,227,152,246,58,88,244,145,65,164,110,153,133,191,140,227,18,55,45,113,119,156,236,206,33,116,88,93,88,171,149,132,235,43,10,14,115,71,8,60,132,86,28,203,14,224,64,225,217,198,15,58,174,80,26,39,188,80,185,15,9,145,13,168,235,214,253,171,76,221,178,84,152,139,249,76,213,130,240,138,100,156,91,18,188,76,145,185,179,10,103,132,115,223,24,240,35,127
67,134,243,226,138,15,231,123,220,108,189,91,45,31,161,215,82,3,48,151,157,225,107,150,249,87,10,187,204,23,44,142,142,171,230,164,168,120,201,211,241,37,210,143,252,79,171,203,79,19,211,221,63,169,35,133,172,16,233,176,156,220,30,203,136,181,11,179,83,113,185,92,114,228,1,129,186,31,132,93,216,131,236,81,245,238,207,238,219,111,200,74,163,57,98,149,12,97,56,162,181,144,192,147,241,116,122,4,126,24,201,251,37,152,250,12,77,11,223,146,202,143,193,222,145,155,62,12,127
78,95,248,68,40,67,216,92,33,231,85,124,142,173,232,140,166,66,248,54,133,41,7,187,229,169,104,38,251,25,188,216,190,252,54,58,83,155,48,126,220,152,150,27,18,137,116,102,73,133,227,177,53,30,45,81,126,39,6,163,35,138,251,149,154,2,127,50,235,64,227,104,88,104,41,105,150,219,174,118,44,16,35,155,244,58,186,57,14,5,128,254,220,117,7,238,83,20,239,210,120,235,208,111,114,34,83,59,175,209,33,235,123,243,70,178,18,181,42,4,40,184,167,52,78,7,146,236,127
26,212,170,14,230,60,216,94,105,126,27,7,94,42,73,209,235,221,151,235,240,200,17,160,4,100,93,198,61,193,252,54,51,7,9,124,58,9,216,169,249,75,190,139,36,218,213,149,70,196,234,209,14,44,30,135,121,95,31,100,22,190,157,246,144,117,87,248,169,232,167,229,68,63,229,225,57,19,144,194,68,30,185,64,94,77,143,52,101,1,14,7,82,44,218,128,83,70,178,152,120,178,238,244,57,19,140,43,147,65,113,189,222,128,24,140,219,225,247,90,160,152,249,234,0,71,217,164,127
66,16,224,67,210,45,53,132,133,165,106,228,35,67,63,213,247,30,190,194,6,32,8,176,251,127,35,181,32,234,18,108,108,221,16,8,183,139,146,231,61,234,92,124,210,134,166,107,53,245,203,139,34,116,123,206,202,113,84,219,85,98,165,204,251,161,219,239,91,57,197,111,224,54,128,122,138,165,166,239,114,34,97,32,124,223,228,63,134,182,51,156,143,30,19,82,156,24,60,17,234,62,205,146,79,145,87,223,85,113,39,93,36,251,72,227,251,147,37,143,23,91,66,173,57,2,183,8,127
66,217,219,73,101,172,201,168,77,13,134,94,9,54,237,110,95,104,97,249,167,245,34,165,37,173,80,88,210,42,84,11,36,54,14,106,226,86,201,40,136,125,18,70,62,215,22,233,171,19,29,116,185,166,69,61,44,146,49,72,69,110,104,109,230,119,116,136,207,49,178,101,8,207,160,214,67,131,46,146,196,196,37,239,91,163,140,134,83,247,163,98,54,52,81,242,177,82,74,179,145,157,193,222,229,168,242,188,164,29,94,111,200,151,165,65,164,164,100,130,63,228,178,188,98,137,41,10,127
225,13,133,31,2,248,18,44,146,159,163,102,31,5,22,192,132,234,185,213,105,222,139,246,190,170,231,215,3,200,56,111,139,86,122,6,239,202,37,206,145,120,217,165,195,135,106,235,223,161,230,9,65,209,93,67,200,63,169,233,47,177,181,104,199,198,210,214,163,113,133,206,30,52,238,225,162,75,241,21,103,228,222,56,44,146,42,113,195,49,227,183,95,138,138,89,202,39,110,121,16,121,146,92,50,0,200,4,219,84,56,210,135,159,224,248,163,192,253,188,26,98,111,46,203,172,71,108,127
134,125,98,127,163,34,176,33,37,148,125,41,70,136,94,113,217,108,189,174,229,87,11,50,204,173,46,175,53,200,248,99,72,83,176,98,141,206,177,186,138,223,0,21,195,64,132,234,200,64,81,96,119,185,155,100,237,97,248,29,68,164,111,113,83,189,181,122,35,201,188,3,31,91,176,60,245,231,130,22,86,193,115,203,26,243,1,92,177,6,88,118,235,27,9,164,190,6,143,249,55,163,234,24,141,94,15,224,182,232,18,103,31,151,151,34,20,201,239,186,90,47,94,195,196,248,143,8,127
164,87,132,207,68,40,30,68,114,78,239,226,98,79,160,231,116,252,100,133,86,118,197,185,197,211,250,187,57,35,234,194,213,139,217,168,168,172,235,185,138,213,253,19,115,2,162,100,211,144,235,140,140,56,242,140,23,242,20,174,170,50,30,176,176,70,36,118,78,48,121,84,162,68,142,38,171,100,180,153,96,1,67,164,250,38,56,80,13,175,144,178,45,107,145,85,103,43,24,15,3,189,232,103,246,230,144,133,182,22,45,207,11,207,244,46,173,95,121,192,28,79,88,66,137,117,8,147,127
119,188,136,100,228,169,26,211,250,104,45,113,209,58,141,129,197,93,154,47,208,239,136,132,149,78,204,88,210,218,222,45,224,151,249,86,38,200,128,192,250,96,196,37,11,77,172,12,31,122,5,173,145,54,60,253,92,228,16,121,243,243,161,64,239,26,28,27,102,64,164,201,38,215,128,149,237,208,154,227,182,159,70,65,66,37,252,226,54,48,102,128,135,176,112,90,168,84,106,244,94,145,179,48,235,136,124,30,225,229,234,31,0,112,95,180,55,162,235,98,217,191,193,71,56,76,46,40,127
83,244,13,53,214,173,215,3,135,19,93,39,178,36,132,236,146,109,53,175,28,197,169,72,157,127,153,172,22,188,237,203,72,65,152,55,170,202,153,74,180,131,86,13,61,197,72,212,80,51,6,192,116,181,9,238,49,87,237,144,77,168,247,97,76,56,18,246,136,53,27,220,187,208,102,178,63,155,160,199,125,253,65,187,19,125,184,113,1,31,192,45,119,87,15,57,192,201,112,121,178,110,199,104,235,114,99,18,4,121,108,181,34,82,75,127,20,75,35,101,111,233,223,147,123,18,148,160,127
191,47,244,97,49,155,154,144,74,196,62,3,154,249,0,205,250,123,91,161,142,7,129,70,247,29,209,144,60,2,164,68,254,93,185,217,23,97,94,115,226,18,188,16,203,147,56,149,247,23,30,98,221,74,127,87,20,4,167,83,131,237,40,87,36,36,79,129,137,120,75,190,85,127,180,9,221,252,190,20,28,161,234,6,185,133,83,170,61,77,236,183,100,103,137,150,156,233,21,238,58,76,19,154,163,19,223,199,224,149,85,122,128,73,171,190,169,84,152,89,21,196,69,45,227,51,209,33,127
247,202,94,61,136,13,179,218,98,76,2,217,57,113,137,216,27,46,186,185,196,74,98,147,29,132,46,46,55,201,139,34,100,224,204,168,15,102,187,201,207,140,79,53,253,186,84,177,128,157,183,186,69,25,134,160,45,211,130,177,165,124,56,133,163,222,177,41,31,92,23,62,164,3,95,175,186,7,196,132,165,14,163,109,76,149,16,195,130,105,117,35,174,75,89,40,127,16,144,203,202,25,142,121,169,75,71,9,101,223,166,167,182,64,105,234,37,129,91,9,221,226,11,148,64,178,228,134,127
248,246,148,208,126,251,137,63,55,157,51,88,53,225,43,143,106,106,164,214,116,221,229,88,85,209,158,61,66,183,101,5,83,134,130,159,183,187,86,235,15,0,201,5,217,248,103,36,184,67,140,125,1,189,218,118,210,37,68,6,61,239,130,198,253,28,208,248,113,220,1,62,225,231,43,99,152,82,69,200,151,47,50,173,111,0,79,180,221,67,198,216,80,42,204,160,116,148,72,186,49,194,93,106,28,177,120,57,244,130,245,139,193,189,101,253,176,13,239,18,108,230,15,203,131,145,16,147,127
111,114,152,115,86,201,125,92,46,166,197,124,186,71,222,234,53,171,98,143,166,180,248,129,179,138,169,124,133,233,154,61,18,220,223,240,149,138,199,93,0,196,153,65,60,211,105,142,154,153,89,67,25,58,213,16,228,125,97,137,208,34,149,74,167,167,77,133,233,242,154,39,226,122,148,229,6,207,129,80,165,59,197,179,62,189,23,83,213,156,118,35,219,46,26,126,17,251,134,205,166,78,89,208,144,79,26,26,180,74,130,166,235,232,68,32,26,73,22,247,48,64,145,180,76,24,69,192,127
220,208,158,50,216,104,72,48,215,212,174,98,5,29,29,176,164,215,31,162,208,202,135,62,140,62,207,57,176,202,8,59,111,50,90,101,151,172,86,164,172,204,179,241,157,60,250,212,254,168,219,237,194,29,226,164,54,39,251,168,26,160,18,11,17,149,103,212,102,214,175,219,242,181,197,101,75,206,6,15,201,88,127,27,95,103,133,233,153,7,207,105,85,2,26,71,57,81,210,34,154,136,38,246,137,2,93,121,88,204,123,13,170,140,126,120,222,36,149,19,142,221,132,133,163,192,43,216,127
153,26,72,97,42,5,165,253,171,125,21,153,214,155,14,183,220,62,106,81,37,186,63,143,37,54,45,180,61,211,173,71,183,175,158,18,74,114,253,248,151,140,161,165,200,79,176,162,97,98,161,29,229,94,56,180,6,46,153,245,207,27,37,141,14,194,207,168,116,230,242,225,159,71,92,144,133,165,169,243,173,107,68,5,157,124,34,229,31,202,15,138,80,158,245,195,69,127,76,209,13,230,5,89,65,213,47,116,126,98,215,197,141,75,116,31,214,164,21,78,117,32,181,71,35,193,82,56,127
240,129,108,119,230,240,115,161,60,243,214,121,179,163,125,229,110,37,44,53,151,174,249,52,210,23,177,73,167,99,30,118,82,201,14,137,246,217,171,83,138,72,93,17,47,156,49,28,181,13,44,134,119,111,219,133,184,62,174,59,2,30,188,132,80,75,213,55,119,89,214,196,241,190,253,137,1,129,21,9,240,187,35,111,213,226,2,34,174,175,30,37,64,136,149,147,115,9,12,116,77,138,109,235,21,22,190,253,119,164,196,155,169,235,246,232,9,76,129,127,100,194,53,153,94,132,106,237,127
18,86,106,26,95,181,19,74,35,56,181,150,155,79,237,181,200,117,115,69,24,149,242,168,172,158,249,118,66,5,230,27,187,37,70,94,121,44,252,56,145,123,4,143,132,158,80,174,72,67,32,213,168,235,79,24,76,112,23,205,9,44,210,156,2,44,2,85,17,118,203,222,140,187,229,219,149,12,135,13,75,4,201,166,149,152,138,162,53,36,215,195,10,86,242,65,45,115,146,214,171,224,199,82,173,201,203,197,221,175,54,66,196,73,221,138,29,18,250,148,57,246,4,22,79,178,37,245,127
125,194,204,109,118,103,12,129,121,129,208,140,79,242,189,168,114,126,245,218,121,70,101,231,46,179,120,253,208,235,72,29,20,237,15,60,232,200,232,236,237,47,249,23,250,183,187,98,16,143,193,89,95,123,232,167,103,92,124,190,59,18,184,242,57,180,50,53,49,40,11,179,78,128,200,122,216,55,229,48,140,125,3,212,201,142,223,253,126,33,32,169,246,217,247,144,205,212,230,51,26,92,32,77,254,113,177,15,34,202,2,7,66,197,67,37,180,180,176,28,245,92,185,189,199,199,168,54,127
58,233,227,191,48,125,77,24,19,135,82,248,119,242,21,163,112,100,202,132,160,95,172,161,57,43,108,36,24,53,252,116,59,149,119,39,103,240,239,149,201,55,189,8,105,102,186,84,124,42,211,84,216,46,85,225,64,162,169,92,71,72,45,52,66,160,103,60,145,91,59,178,119,222,217,248,103,210,243,88,18,223,178,217,218,231,39,89,8,9,6,246,182,182,12,191,125,80,30,135,139,141,18,232,41,192,107,244,157,8,167,235,30,145,231,206,135,35,163,179,132,104,147,40,239,46,148,29,127
102,136,62,108,20,91,25,225,53,243,242,211,127,105,193,23,155,252,197,122,165,13,6,190,37,64,26,23,234,157,67,124,86,140,195,239,92,230,72,215,68,58,123,132,2,211,152,44,226,225,13,124,234,87,65,124,206,189,34,147,124,138,16,221,132,159,193,161,160,78,212,119,180,97,100,171,243,73,229,121,119,72,9,196,216,117,85,123,57,78,174,2,158,223,188,101,198,12,22,200,242,141,84,44,153,94,149,28,106,173,83,177,170,131,234,163,243,61,183,253,185,162,246,93,87,95,78,133,127
27,22,239,216,75,210,150,180,217,72,49,88,148,196,205,39,228,188,39,13,196,1,220,197,109,41,176,179,51,61,170,217,231,107,221,71,24,102,146,196,77,134,194,185,51,60,178,23,101,174,252,243,90,160,30,164,49,195,176,102,168,66,240,200,198,78,180,207,138,156,157,56,3,113,47,106,224,65,55,181,102,233,240,209,238,28,48,123,172,253,229,239,188,252,58,166,210,124,86,229,235,204,75,222,58,132,26,248,72,250,104,6,146,1,87,74,112,146,242,240,224,121,17,5,135,150,111,44,127
47,59,127,192,97,112,188,13,20,238,104,143,222,51,46,73,68,84,16,153,207,209,43,55,211,199,218,245,64,234,21,224,103,207,242,79,182,138,174,204,158,77,249,209,123,6,181,116,43,114,58,149,112,45,100,250,225,22,225,231,87,107,207,217,157,153,231,64,201,163,189,165,208,247,1,244,33,179,170,129,76,125,164,3,212,16,6,19,198,234,40,18,248,10,157,15,49,54,19,217,43,97,51,138,95,218,234,161,10,15,159,78,74,65,164,164,252,153,145,147,158,3,129,168,235,26,185,229,127
166,157,241,3,167,218,169,184,52,28,142,44,146,110,210,148,177,13,1,220,195,244,238,48,79,186,201,189,247,150,83,156,16,91,92,232,75,16,220,73,180,135,162,136,239,174,155,84,25,177,60,166,47,42,75,197,225,121,118,16,197,93,24,231,217,114,157,133,220,112,117,75,167,64,178,103,112,61,132,188,164,226,38,12,9,132,135,154,33,92,36,117,152,57,127,135,83,222,167,101,104,205,86,52,240,32,54,36,133,13,124,235,200,71,185,190,42,33,30,87,125,93,248,136,131,126,173,217,127
15,11,47,28,210,54,49,158,42,11,57,203,137,14,85,194,102,6,32,25,24,14,112,204,24,155,105,198,11,162,232,78,170,209,236,23,47,29,65,76,116,3,204,210,45,46,74,22,187,186,235,79,58,224,186,204,119,124,33,42,120,40,102,246,171,41,169,34,102,240,92,199,180,221,135,180,99,24,222,18,8,115,60,138,252,60,145,176,135,253,146,249,4,158,152,186,96,175,86,5,202,35,179,198,29,231,188,36,72,206,190,17,246,131,209,210,83,96,198,88,243,201,157,89,32,2,210,123,127
2,160,96,52,223,98,162,105,73,111,177,226,63,116,141,145,198,247,197,222,252,198,87,189,145,127,184,145,25,251,228,56,131,60,211,105,113,143,120,136,126,182,145,69,24,78,148,172,46,56,216,122,62,89,212,3,78,82,109,183,201,219,195,131,197,74,55,239,119,237,193,213,7,213,157,4,160,148,230,201,245,0,34,126,176,186,75,169,143,136,152,2,26,99,72,23,163,147,150,148,185,143,23,192,248,38,201,14,54,205,52,198,138,54,107,225,130,113,98,141,76,123,159,11,201,84,239,68,127
137,62,69,105,231,85,164,198,110,133,212,249,2,171,51,132,137,191,249,68,166,132,24,217,217,102,45,104,92,179,180,53,241,231,219,27,161,55,109,190,242,4,23,132,200,14,83,61,22,11,106,111,186,71,63,238,252,64,206,63,240,37,235,37,232,172,155,116,202,169,117,217,25,198,20,5,94,246,14,39,252,68,63,147,143,99,83,87,37,240,194,101,35,238,38,25,98,172,62,56,253,87,128,136,241,41,25,219,86,80,253,48,114,218,173,39,44,176,248,77,200,188,7,2,198,115,80,130,127
35,44,14,149,224,37,96,180,115,43,187,215,233,93,14,132,61,131,199,169,49,169,224,23,209,140,93,103,242,231,250,161,183,74,220,180,37,20,40,57,97,3,172,77,98,136,220,187,46,217,27,78,180,88,48,244,42,172,107,194,90,32,121,221,232,77,21,154,154,112,17,21,221,202,81,54,219,170,113,153,153,236,153,48,183,93,169,143,126,16,254,217,8,21,139,204,221,60,211,212,187,21,22,38,245,233,83,91,230,16,196,150,22,194,151,166,55,188,124,159,10,13,13,122,238,224,73,175,127
93,116,137,22,133,149,65,114,175,169,233,5,104,15,14,47,214,191,152,234,143,137,239,46,87,104,226,135,246,229,219,41,92,224,186,200,78,130,251,20,25,136,217,166,91,52,124,68,251,143,91,15,99,105,231,42,161,232,242,242,184,235,166,208,238,172,90,217,54,200,90,135,108,69,122,3,142,210,56,48,30,160,202,68,93,5,108,204,5,66,59,187,123,51,182,69,38,125,206,207,37,50,211,151,204,202,114,128,193,15,225,96,230,128,206,15,246,188,233,227,226,113,50,73,134,185,77,240,127
16,48,42,156,37,72,81,28,176,201,131,236,197,45,182,182,253,15,173,56,195,55,68,105,201,104,211,147,21,71,127,237,54,6,104,198,3,200,171,219,180,253,5,248,62,245,57,88,222,55,61,73,62,167,190,105,174,155,189,95,141,237,219,127,211,252,31,174,2,220,247,193,100,53,110,99,234,54,111,91,146,236,182,209,138,3,180,111,57,186,252,40,137,17,187,168,88,16,234,148,112,53,68,70,65,91,104,105,100,155,102,139,235,182,166,44,87,209,197,226,35,76,67,244,25,107,42,156,127
23,240,142,79,82,220,171,138,87,241,101,207,93,6,102,15,250,222,217,136,203,165,200,138,7,198,150,44,4,129,99,72,149,97,131,231,126,27,55,63,217,28,51,88,34,183,191,172,229,104,167,178,117,33,224,207,213,190,133,97,220,208,5,121,138,122,212,87,31,190,66,92,27,187,81,132,88,172,69,110,79,103,219,107,187,231,106,92,180,113,74,99,241,68,14,59,37,182,246,247,238,234,140,209,16,248,224,33,88,181,184,170,156,192,48,4,219,72,60,94,179,13,57,99,230,15,224,43,127
77,122,71,253,75,148,59,210,62,215,135,133,144,157,34,80,162,122,118,130,46,197,111,127,97,32,97,69,38,18,193,155,12,80,68,206,94,223,55,158,31,46,143,74,109,155,174,102,170,23,85,24,60,208,236,206,222,242,198,108,239,172,46,128,202,168,67,93,3,42,163,252,127,15,207,144,149,58,98,17,142,202,103,18,141,180,252,207,66,80,56,154,209,32,47,175,62,220,162,245,88,50,177,129,167,104,100,211,127,56,94,198,98,39,35,239,83,182,57,57,186,65,133,84,82,81,80,250,127
184,127,196,61,79,179,43,75,213,212,70,197,46,48,7,58,190,75,54,243,20,59,203,3,250,171,58,34,71,65,16,111,121,16,242,42,247,85,87,143,165,214,130,6,224,210,97,200,79,64,142,58,10,13,84,19,8,177,110,73,206,225,215,68,73,181,95,192,133,131,106,84,180,233,33,66,230,30,15,161,212,211,151,171,160,239,128,222,91,233,240,56,92,163,127,12,164,110,221,95,168,3,101,220,16,110,31,200,123,153,101,146,237,214,38,244,7,220,110,189,133,223,21,35,69,21,195,184,127
237,157,38,59,248,215,42,78,29,30,86,215,71,124,125,95,157,24,189,133,114,138,185,41,181,244,56,65,192,249,8,142,236,229,219,100,106,126,80,65,183,112,1,78,139,186,90,217,60,95,25,2,121,110,230,226,228,85,57,248,178,52,32,43,73,130,159,149,86,215,126,213,101,234,112,48,219,34,69,208,33,12,188,92,180,139,48,144,202,187,238,6,82,104,73,73,240,190,161,96,207,14,209,191,177,76,205,7,224,140,94,33,101,138,108,139,148,49,90,89,94,189,135,234,65,223,108,204,127
78,16,65,153,171,229,156,152,12,143,109,22,183,236,87,21,124,231,61,19,178,138,30,84,19,116,243,123,101,239,7,173,205,202,145,144,66,34,227,237,26,46,182,102,11,50,215,180,188,0,98,151,38,57,57,218,46,220,8,32,154,207,160,188,125,231,154,164,14,90,199,45,150,48,165,48,56,136,4,30,161,78,173,148,193,47,54,189,51,207,100,252,244,234,45,228,159,157,111,172,175,39,90,151,60,36,158,201,150,101,147,220,34,213,39,44,141,125,78,10,239,208,48,248,167,227,221,141,127
49,155,254,62,145,87,96,0,6,86,161,197,51,32,235,19,175,9,71,210,123,70,84,53,221,159,107,108,215,122,138,105,15,179,166,139,11,187,112,153,118,36,173,124,239,122,50,248,3,90,154,143,231,253,142,140,40,132,25,238,226,177,232,42,76,65,100,144,223,210,145,200,235,34,238,106,190,52,168,163,42,120,46,12,53,210,96,6,237,185,82,14,59,94,122,190,7,12,237,190,40,237,38,107,113,113,215,253,194,68,239,173,27,2,8,25,226,160,231,111,233,22,36,66,162,164,102,236,127
83,244,180,8,253,249,61,48,15,63,54,44,31,7,183,31,243,48,211,126,247,97,51,57,103,205,204,179,34,185,61,165,63,223,7,132,207,89,181,78,83,19,162,246,245,213,172,104,223,223,50,116,239,15,84,84,242,125,88,192,97,58,108,139,37,94,194,154,10,90,67,116,197,38,151,28,35,93,28,126,39,187,208,146,201,131,108,9,186,240,118,38,0,21,88,239,133,12,100,111,78,18,228,38,18,248,29,98,163,174,176,195,92,14,173,27,114,180,209,92,241,15,201,235,237,199,211,253,127
172,69,70,43,182,107,193,74,83,153,34,67,14,36,162,155,123,160,26,121,80,8,126,47,22,126,104,100,87,74,38,153,43,167,118,59,54,111,78,7,76,0,222,15,219,240,78,29,142,168,230,252,115,207,19,173,82,58,63,143,184,188,231,55,111,171,45,11,10,81,39,174,19,32,69,12,159,9,3,153,50,88,169,180,14,191,50,30,235,149,209,64,254,50,108,244,22,165,65,25,250,37,29,181,144,232,215,95,76,40,162,217,231,29,218,151,60,53,50,24,16,61,205,224,87,110,165,21,127
64,66,230,154,201,159,25,100,67,87,60,245,41,173,116,1,30,65,109,51,65,227,83,73,163,132,38,17,240,245,48,59,63,108,173,88,77,86,22,179,42,118,21,241,124,225,240,53,48,191,242,101,178,245,216,223,138,46,149,205,238,63,70,228,201,145,17,137,123,219,97,59,217,12,78,126,143,144,226,172,206,174,31,190,183,27,11,187,133,175,9,55,155,40,165,230,23,93,235,115,60,220,163,120,18,192,226,127,227,86,211,160,134,17,109,9,5,58,183,148,170,199,100,246,242,16,239,102,127
179,71,83,214,199,63,158,47,110,216,220,228,45,185,231,33,8,88,133,151,209,228,172,119,120,10,157,161,191,32,178,205,89,65,221,122,142,137,230,220,62,164,36,129,200,33,173,2,90,228,106,59,155,97,2,98,85,157,203,213,146,157,55,207,104,73,58,45,252,34,235,129,229,145,4,34,205,14,191,253,90,195,67,71,13,15,37,214,70,194,237,74,86,194,42,203,158,173,98,181,74,30,141,184,20,238,180,7,239,56,24,165,191,26,132,170,145,234,242,56,104,91,86,35,157,12,233,106,127
20,201,9,5,60,182,141,203,12,111,141,101,107,93,119,120,53,104,245,76,239,178,10,92,96,205,95,253,167,119,183,20,196,176,214,157,195,21,203,110,121,144,194,46,173,188,129,91,100,80,42,41,14,231,204,140,206,65,153,45,57,107,169,140,155,36,129,39,112,118,207,205,129,28,62,252,185,249,29,94,202,27,29,221,148,107,112,135,5,170,145,142,185,26,146,60,154,203,228,149,101,75,22,43,127,125,234,204,220,6,28,129,124,182,179,140,239,62,32,53,233,56,70,68,122,78,243,61,127
29,150,38,214,162,96,174,109,85,183,73,222,86,184,76,143,247,219,149,137,71,203,173,98,219,214,80,244,213,137,103,17,182,14,25,158,199,82,146,141,145,75,52,198,143,159,25,109,123,204,239,140,238,66,77,57,106,215,114,230,42,208,195,172,25,73,216,123,46,125,162,134,37,194,97,124,68,139,62,116,168,182,203,89,12,211,247,33,57,108,207,213,221,160,45,117,106,223,107,165,224,163,88,98,41,145,209,229,62,64,44,48,175,22,189,105,138,183,47,141,123,194,116,31,252,53,97,175,127
1,179,152,20,1,128,221,214,224,173,133,1,242,165,8,2,206,132,44,202,51,151,104,141,133,162,88,86,42,111,247,160,71,111,71,125,39,28,128,80,137,131,191,67,220,251,79,152,34,2,170,187,115,245,137,107,21,32,205,109,103,157,52,62,112,128,223,19,210,66,103,250,6,88,220,155,87,246,122,198,201,64,138,58,130,3,62,193,111,41,9,230,58,16,100,234,200,250,134,163,103,61,29,2,27,173,81,33,41,246,46,254,109,13,7,231,226,137,230,192,214,53,105,83,75,221,79,25,127
220,109,206,200,88,90,68,13,235,207,120,24,156,175,253,50,126,71,142,136,65,78,112,6,200,81,104,19,23,69,189,127,147,162,85,72,154,34,129,12,153,116,213,96,131,66,61,64,30,21,95,159,53,238,227,51,41,129,231,159,41,5,57,214,121,211,241,29,128,109,180,150,132,116,241,8,227,218,39,245,146,151,1,252,179,143,65,144,143,47,73,194,67,162,101,85,41,53,15,132,197,145,31,209,114,41,205,213,185,20,48,233,85,203,252,129,243,193,173,213,46,26,234,56,111,178,15,222,127
162,68,62,62,88,112,46,23,134,36,79,102,117,121,39,77,94,17,8,203,72,83,183,224,151,180,190,49,104,20,181,164,3,47,213,251,212,247,24,141,13,190,221,140,24,39,73,90,201,88,166,224,112,238,36,4,203,179,147,90,126,41,127,23,156,165,147,60,197,122,224,33,27,206,32,242,157,193,192,41,85,93,13,96,199,207,45,54,92,106,140,5,5,178,196,137,6,237,85,65,15,0,171,176,153,201,186,197,54,70,94,56,64,124,48,90,67,120,16,226,245,76,129,179,138,137,69,63,127
196,100,232,50,44,8,9,50,179,200,126,199,237,103,215,164,119,184,138,14,5,190,158,141,47,149,214,80,164,82,50,154,153,70,139,251,209,82,252,24,233,188,172,155,65,168,184,113,195,163,12,173,213,112,69,110,162,137,220,139,168,185,241,172,36,215,96,135,223,193,71,56,181,148,41,55,242,161,238,198,125,108,120,184,94,40,91,137,221,168,212,88,155,213,153,182,226,140,220,196,51,149,35,152,169,103,106,98,58,149,113,166,247,203,29,38,229,54,239,150,53,132,81,233,22,139,199,192,127
22,183,23,91,214,197,218,119,251,61,167,124,96,31,149,138,56,230,12,37,139,76,204,201,190,193,142,156,247,199,107,158,121,206,247,58,141,196,66,230,79,111,129,30,11,84,62,9,15,65,26,73,48,71,136,157,223,240,191,220,140,60,220,146,38,246,10,202,31,107,96,120,157,75,166,202,50,102,148,192,139,1,4,77,106,150,30,5,197,203,177,229,209,34,112,131,159,53,62,228,132,247,31,176,133,54,122,157,84,165,114,124,137,23,225,79,188,156,216,228,82,164,68,62,94,182,206,228,127
43,191,62,143,26,161,191,26,107,158,177,87,34,48,49,179,51,142,98,98,41,117,154,32,137,12,207,251,244,61,81,60,26,130,136,22,128,233,103,143,163,93,120,72,171,94,207,6,101,5,219,226,0,200,235,59,189,52,39,101,157,203,245,176,131,35,8,239,48,195,133,237,23,68,128,251,182,211,229,253,19,95,139,244,211,3,221,137,47,93,53,32,95,127,179,227,201,53,93,253,16,237,223,187,124,77,214,134,94,173,157,145,142,124,150,160,215,53,76,141,218,5,226,78,146,34,242,171,127
187,138,242,163,139,53,56,184,154,80,29,77,111,226,173,103,121,91,45,242,88,65,36,222,193,44,156,162,174,152,130,14,27,80,35,33,27,242,172,246,141,99,243,213,149,236,189,137,109,30,170,31,36,116,145,133,207,125,174,110,20,220,4,144,68,72,93,193,197,30,163,16,66,85,118,57,66,218,241,92,41,209,59,247,120,174,108,121,217,151,45,61,234,92,68,205,62,89,253,167,65,249,135,0,70,191,189,150,120,70,11,54,222,154,102,142,165,222,154,166,121,156,92,71,63,243,119,56,127
182,189,118,161,138,213,149,193,18,91,224,218,41,47,24,81,10,190,193,63,49,78,27,230,217,177,178,37,219,32,13,166,67,208,42,41,157,20,196,112,214,104,251,42,25,14,126,154,4,92,216,174,62,154,80,202,96,52,253,156,159,80,77,159,67,100,39,105,103,159,52,111,198,201,231,47,20,63,74,227,236,33,214,186,4,68,80,86,64,91,204,25,48,236,197,62,217,216,189,226,189,45,139,124,54,66,10,186,39,122,222,137,19,78,12,169,4,25,206,129,170,48,79,67,222,215,243,161,127
144,51,59,61,242,164,32,8,130,118,180,184,211,151,8,136,21,113,98,79,112,152,242,11,22,7,161,94,124,174,248,48,117,127,86,217,179,241,30,140,32,215,241,111,210,117,170,241,135,22,98,176,239,44,187,188,231,150,232,32,172,229,77,96,245,231,2,179,165,46,220,4,144,169,191,213,88,3,132,115,217,48,15,70,230,243,17,21,110,46,65,39,75,108,207,228,80,112,20,63,120,164,73,157,162,26,143,194,117,100,117,144,127,98,21,195,142,35,182,58,40,21,246,99,0,137,111,36,127
242,127,195,209,91,43,175,95,250,27,198,66,177,237,78,221,79,193,101,11,178,34,3,43,190,107,79,113,231,20,36,216,141,210,174,47,220,68,192,150,114,155,221,23,32,120,25,146,89,85,48,80,252,35,232,238,63,31,28,153,97,52,187,84,31,235,157,50,7,183,58,207,204,27,18,170,171,177,125,183,36,166,126,198,37,175,210,22,52,114,210,31,11,96,29,237,113,253,22,116,74,241,142,153,176,224,151,203,32,170,0,208,92,156,19,25,212,214,229,20,3,1,187,194,5,118,13,168,127
194,79,14,190,166,145,88,28,211,205,232,30,38,140,129,142,171,26,192,227,182,150,109,219,213,70,123,48,148,65,70,160,137,151,200,180,215,176,242,55,49,13,140,15,225,22,100,224,182,47,197,169,195,149,136,151,45,213,130,167,22,157,109,81,61,122,245,116,79,138,133,61,35,198,41,175,212,156,73,31,127,191,75,18,181,158,152,227,254,2,27,102,35,24,173,13,27,15,198,16,31,88,149,58,225,107,126,55,71,45,50,15,231,41,99,131,90,136,34,34,220,246,40,246,140,93,13,44,127
222,139,62,249,194,90,65,38,160,31,196,173,44,169,36,67,69,87,5,43,8,231,70,12,198,32,58,132,231,137,252,179,112,120,212,122,14,73,214,120,179,87,92,136,193,221,79,33,207,105,97,101,224,26,178,60,112,98,129,99,153,222,204,199,176,14,47,222,143,113,154,121,179,197,98,149,244,102,233,99,13,95,83,209,63,56,72,83,26,58,8,68,154,57,96,20,218,105,100,188,240,128,106,227,54,139,193,72,52,246,183,163,189,204,27,146,80,3,97,127,68,57,202,151,19,161,99,147,127
128,231,37,70,172,249,225,55,85,60,12,143,56,205,231,64,39,41,137,123,202,62,141,55,76,67,130,199,231,109,240,245,161,223,191,146,75,156,197,182,175,93,36,233,115,96,48,33,87,142,132,73,114,245,210,39,229,81,191,152,56,159,183,23,247,167,193,185,5,127,179,104,10,57,200,51,250,38,254,131,3,154,194,220,132,109,100,106,142,117,188,147,159,10,178,33,87,84,134,206,20,30,48,193,213,250,193,250,134,195,105,132,202,79,45,136,104,8,136,69,82,98,151,127,46,130,248,120,127
173,164,45,180,119,48,59,54,239,72,243,54,215,155,177,102,186,127,224,58,160,103,119,243,215,196,201,100,1,202,11,191,201,52,44,83,62,17,84,202,172,240,80,225,211,73,148,187,176,124,214,212,152,235,194,27,174,222,249,162,254,6,150,78,29,236,26,21,194,14,242,89,96,242,158,253,61,79,199,141,110,138,48,175,136,164,61,129,27,83,196,229,107,19,67,226,248,157,113,233,66,166,131,228,132,74,39,118,61,184,97,148,210,7,3,220,245,161,160,194,21,12,69,120,204,206,220,69,127
181,6,65,187,116,181,96,111,205,209,249,175,233,55,235,54,44,192,234,105,209,193,146,145,248,2,76,147,127,132,235,51,47,101,172,39,105,220,209,40,54,89,174,233,81,179,94,184,197,253,183,247,94,49,16,101,75,186,58,146,10,21,40,199,175,58,47,188,211,132,111,10,76,235,66,100,106,122,173,28,124,105,234,152,103,234,27,13,130,224,28,42,93,96,201,135,182,76,74,57,192,232,76,170,9,106,98,162,108,75,53,105,47,244,32,89,73,131,169,225,201,128,20,118,244,185,18,172,127
92,2,132,120,4,138,104,129,109,47,156,15,234,84,132,66,246,82,26,253,29,195,229,188,132,29,120,19,175,176,173,110,4,182,236,112,212,188,78,141,31,171,101,164,162,97,123,144,199,53,157,37,210,81,192,248,254,43,37,31,213,62,165,198,138,62,143,252,115,168,252,59,40,80,212,23,174,40,216,117,211,199,187,249,72,35,3,241,193,67,156,183,248,189,97,89,49,39,168,179,18,35,64,123,27,131,195,210,79,106,25,217,110,108,182,140,214,67,89,189,199,6,238,11,207,133,164,123,127
106,168,202,68,159,118,252,48,132,55,11,7,12,171,77,196,228,94,82,5,131,29,16,176,185,47,71,135,140,231,120,130,99,204,36,111,50,0,232,150,3,195,1,120,36,110,214,149,76,84,42,139,11,173,75,182,231,173,226,116,207,136,62,235,175,48,156,60,130,178,52,114,219,109,92,114,13,10,145,120,81,43,121,82,1,124,70,19,123,112,38,213,241,58,74,240,43,141,181,213,74,23,159,234,105,153,170,194,76,244,122,12,105,94,1,86,54,22,39,94,47,239,16,37,30,95,232,195,127
110,30,166,229,229,61,173,57,198,193,11,167,152,53,20,107,254,17,93,172,3,167,5,209,127,95,246,250,218,244,211,159,146,144,186,126,28,222,97,43,250,54,68,12,89,24,109,101,162,174,207,41,46,136,70,187,151,161,147,166,187,179,127,54,217,133,103,206,102,172,33,89,170,201,238,159,121,43,73,208,110,154,24,31,217,249,125,147,233,152,207,28,205,145,148,75,51,99,105,146,82,40,115,48,124,48,224,32,105,12,214,127,207,8,117,2,51,232,205,194,40,113,19,252,154,178,164,243,127
238,146,121,244,167,31,196,20,122,189,98,9,23,132,58,103,224,8,231,245,218,171,102,181,144,143,117,129,56,125,32,250,100,11,71,248,54,77,0,4,41,103,171,131,33,67,28,35,33,62,248,6,26,156,36,206,58,20,2,177,151,190,57,31,100,162,88,114,135,74,103,97,232,11,219,63,163,50,135,206,151,223,209,152,13,186,6,124,220,97,206,13,9,200,15,24,195,28,220,143,12,210,189,120,116,2,250,254,51,195,117,82,73,15,225,80,230,121,192,9,71,117,203,87,145,206,200,130,127
82,52,142,11,139,16,2,123,146,86,124,152,240,61,1,200,101,63,201,83,238,254,202,13,253,48,230,95,76,58,222,19,62,73,54,145,207,1,109,109,114,24,215,205,6,32,109,80,205,167,124,12,186,95,93,49,87,79,20,77,184,24,176,250,50,248,232,223,204,161,105,45,104,63,130,132,152,233,246,240,22,44,29,125,17,40,41,133,184,78,132,215,70,84,166,39,43,214,35,158,104,136,95,33,120,88,49,140,45,175,52,129,121,143,202,97,70,125,57,85,47,66,149,31,82,162,109,83,127
5,15,106,2,196,14,116,27,92,33,168,109,155,72,104,99,106,30,8,44,41,125,152,224,195,150,98,51,85,246,87,23,105,23,95,53,105,111,147,9,181,84,24,34,145,117,144,147,153,112,241,105,223,189,141,108,151,107,201,168,83,170,4,67,168,184,186,39,175,55,173,6,65,188,119,55,151,17,64,62,87,83,23,222,233,50,204,74,39,83,6,179,30,37,46,156,23,194,65,156,122,183,15,40,64,107,144,203,104,135,35,212,122,68,15,57,72,207,17,115,114,148,54,206,98,227,15,229,127
227,106,24,190,18,113,60,106,93,38,184,102,250,126,121,231,130,68,220,61,56,52,13,183,217,104,48,164,175,244,166,106,118,95,172,177,170,74,127,84,132,140,96,123,40,85,99,28,192,48,111,121,236,112,219,216,254,254,139,199,149,177,74,12,182,138,230,237,221,34,217,116,202,194,84,215,198,52,35,13,76,131,144,213,170,33,144,176,142,5,134,37,211,26,106,73,17,41,159,100,73,239,62,56,137,112,31,144,31,93,201,15,64,151,139,143,26,82,12,44,229,173,98,234,100,76,43,92,127
100,158,188,73,224,171,198,155,90,31,170,51,72,103,105,194,114,173,175,171,243,191,112,240,89,58,144,159,113,252,38,128,52,195,220,110,154,207,229,124,209,27,33,190,6,181,166,37,198,216,200,73,149,138,154,251,241,168,55,43,146,68,207,57,247,6,154,243,165,38,212,72,103,180,30,220,123,127,80,90,155,44,16,130,154,77,216,252,153,152,227,219,21,112,35,6,235,87,254,71,99,169,147,156,139,17,235,57,117,209,141,23,30,19,100,111,196,191,129,48,166,161,211,99,232,172,107,31,127
83,10,234,116,246,144,21,138,138,28,44,21,132,234,209,121,35,14,60,83,46,204,134,115,173,21,122,73,25,172,241,9,116,25,252,87,149,157,22,97,77,193,121,155,242,218,221,131,212,125,166,138,40,121,134,126,149,47,51,55,178,193,115,34,142,12,168,99,78,136,232,238,108,248,198,209,119,205,71,26,238,226,85,149,160,100,159,228,30,94,205,185,5,149,127,238,38,102,184,29,247,239,166,204,125,204,63,71,25,244,224,21,31,252,174,29,131,214,157,153,66,246,161,60,16,113,190,219,127
13,59,52,27,200,218,198,144,18,129,175,8,27,22,141,240,39,69,154,191,6,188,102,209,38,237,30,144,101,53,162,145,80,225,135,157,227,235,1,24,171,240,139,166,14,238,9,17,89,96,112,150,89,61,16,28,253,177,79,165,238,103,249,166,70,171,59,83,91,243,164,34,167,126,112,230,226,182,198,19,228,225,161,72,69,69,15,190,158,86,87,64,90,59,89,41,36,182,87,135,27,63,84,55,162,88,142,93,7,185,191,55,134,66,167,32,210,98,77,73,94,203,77,101,41,169,106,58,127
187,3,97,83,149,94,42,122,187,5,242,136,229,15,221,135,121,25,104,131,168,220,154,123,49,65,172,16,42,240,123,220,135,104,199,7,37,226,132,253,132,222,201,134,57,64,191,30,14,52,7,106,186,228,85,49,56,81,9,100,27,60,125,69,210,33,116,41,18,144,27,206,235,161,246,19,61,43,131,197,88,185,81,175,188,244,74,39,39,39,57,206,116,52,134,8,9,172,202,39,153,63,29,98,200,157,178,50,148,128,45,18,137,71,237,56,218,207,118,92,155,229,11,204,166,13,190,229,127
7,22,100,102,122,180,69,110,99,84,170,47,81,45,134,46,195,19,60,214,1,238,42,237,192,173,8,70,162,52,240,150,39,59,59,12,80,152,41,70,77,55,164,86,98,208,122,181,189,129,250,135,207,23,200,108,246,162,212,161,139,27,53,225,50,111,134,34,45,111,237,174,67,238,180,160,24,126,245,12,174,81,193,231,176,55,121,39,188,240,107,155,247,140,235,23,15,18,249,240,115,43,153,35,86,227,209,180,213,135,47,31,22,29,168,153,17,155,144,242,204,37,67,40,37,26,45,122,127
20,127,86,36,52,3,199,120,8,250,179,161,253,12,80,150,143,71,138,204,233,246,84,28,149,68,33,177,64,156,221,156,169,176,186,0,19,28,142,72,221,213,59,56,11,136,22,140,3,13,229,187,192,36,239,16,94,186,42,127,240,122,230,205,132,7,138,192,199,170,180,236,140,158,146,34,146,27,112,30,100,48,54,161,34,133,23,42,188,45,174,103,34,254,161,133,238,127,148,83,183,128,206,1,133,61,192,159,227,42,204,55,43,33,146,92,192,238,211,174,202,186,213,77,210,70,202,98,127
139,249,158,252,137,128,101,217,216,5,83,104,132,128,242,6,253,160,109,209,226,189,49,249,94,143,109,208,243,0,89,79,53,13,175,159,36,2,84,190,50,91,74,110,142,45,81,98,108,154,146,213,30,33,145,131,69,187,93,130,39,60,160,164,5,78,196,163,8,173,71,132,102,55,36,191,133,227,42,67,69,61,13,89,75,19,97,221,48,174,142,55,70,51,193,184,46,97,24,60,240,28,212,83,11,169,39,149,114,131,136,180,110,78,152,38,7,145,4,176,65,184,243,238,204,118,230,28,127
73,250,120,9,145,76,203,178,38,208,140,182,194,114,42,103,155,160,219,50,34,187,199,91,64,179,226,187,252,122,120,149,70,2,53,242,244,97,73,7,214,80,14,1,94,178,46,222,145,200,56,208,216,163,118,72,227,197,39,136,251,0,163,189,209,247,238,198,107,249,24,22,22,85,57,72,246,81,38,126,157,178,29,154,41,174,166,134,56,60,88,55,238,207,226,88,232,85,5,197,57,61,133,231,233,218,93,99,246,185,163,90,74,95,91,6,102,43,215,194,120,150,181,210,65,51,169,202,127
148,125,5,209,48,24,135,106,29,85,207,249,124,167,161,170,30,41,242,1,98,30,189,181,1,58,169,97,231,129,65,219,127,214,89,65,90,64,167,13,109,99,29,60,107,187,177,87,190,124,88,225,140,116,241,115,232,34,10,175,76,23,195,65,174,151,2,123,108,7,189,244,161,89,88,167,170,140,38,144,132,110,72,48,218,46,106,242,234,15,20,233,44,155,45,135,73,166,157,128,18,226,226,57,155,190,16,170,184,81,33,221,42,207,193,211,160,67,235,31,119,23,74,43,61,206,187,170,127
228,96,105,4,86,252,104,23,243,155,50,189,31,127,153,193,71,197,182,101,173,223,210,252,26,253,154,154,73,69,40,85,127,97,74,180,122,229,205,150,182,203,61,197,68,24,58,198,204,90,151,228,90,50,118,115,80,205,154,99,108,242,62,159,139,71,150,3,222,220,138,225,215,110,201,62,40,34,8,37,211,106,2,233,205,54,149,88,57,248,191,88,160,131,3,101,120,94,234,87,11,90,53,6,207,113,215,248,116,80,16,105,104,84,7,94,175,246,57,171,126,25,34,101,77,149,126,126,127
10,45,124,33,31,72,115,233,48,18,170,29,99,21,9,60,92,138,34,228,67,110,209,131,142,132,217,199,8,74,147,21,225,247,196,147,243,146,174,162,87,251,143,30,139,252,67,227,75,232,196,95,128,133,60,132,50,67,33,141,204,194,132,180,156,53,56,216,12,110,107,192,3,32,17,124,153,135,180,28,46,188,118,109,185,141,107,222,76,160,187,100,214,158,213,68,149,123,192,125,197,95,127,252,31,37,223,102,192,98,73,105,128,132,29,231,243,41,17,175,142,13,81,109,139,220,60,102,127
176,127,247,144,215,44,11,6,74,63,121,168,210,123,211,129,172,31,17,13,187,222,22,21,80,86,85,36,26,46,76,145,150,153,2,184,168,98,157,231,106,121,25,93,237,74,114,67,98,109,222,38,42,55,96,219,95,149,78,188,204,69,56,176,21,137,244,14,13,225,215,9,200,20,15,83,230,158,25,113,207,110,164,8,46,65,41,183,117,26,12,49,138,101,207,230,131,202,106,160,215,0,4,198,206,212,83,72,252,96,18,3,72,27,98,58,109,206,61,205,5,119,99,120,31,217,238,13,127
190,190,224,61,214,213,90,91,44,148,78,238,179,120,152,39,173,168,23,191,23,64,126,171,230,80,230,242,250,46,30,11,111,16,131,140,29,172,74,132,218,145,102,40,77,125,50,185,149,13,41,59,190,121,48,107,109,63,133,69,60,196,190,216,155,172,109,193,225,221,136,89,18,47,137,55,185,234,232,208,9,128,210,32,24,240,161,116,116,53,65,234,183,70,88,171,152,140,36,156,195,171,88,127,74,99,128,218,63,149,67,200,130,209,202,46,115,73,174,82,180,165,138,53,183,228,114,254,127
0,96,102,188,190,94,250,240,251,134,132,93,177,157,134,184,75,110,32,111,161,12,7,104,62,90,221,143,194,206,169,11,97,24,3,56,153,214,241,38,167,99,247,202,176,175,118,146,75,54,250,253,216,109,26,153,141,240,24,253,42,19,196,113,115,183,242,109,239,62,177,8,67,46,148,97,37,88,194,170,39,201,32,205,120,3,166,1,94,119,86,219,52,236,157,140,207,203,165,237,129,127,199,134,100,121,25,227,189,162,49,101,48,206,6,38,200,66,197,150,77,163,248,21,191,141,222,138,127
208,185,234,162,172,165,60,93,160,101,145,119,242,46,153,107,93,90,243,122,17,84,45,239,91,242,128,74,230,150,61,206,83,46,69,165,217,105,128,12,12,93,238,147,153,31,56,228,205,100,151,159,89,22,111,54,159,18,229,148,64,129,241,194,17,20,210,215,233,219,47,81,77,130,227,153,77,70,211,250,79,64,206,50,127,69,227,159,55,16,95,128,100,165,50,194,39,254,27,82,212,17,135,9,165,171,51,180,170,171,112,123,88,95,217,137,165,178,131,57,51,100,116,204,69,169,154,232,127
198,45,216,40,20,158,1,79,208,180,0,1,130,38,111,45,62,200,77,99,52,53,16,159,193,112,58,103,33,125,223,233,101,108,111,49,113,62,85,30,28,104,183,128,128,33,235,150,29,83,188,143,180,178,33,208,248,157,92,194,254,91,203,189,236,67,133,228,129,193,73,184,174,110,94,167,209,14,93,205,167,223,157,230,215,64,20,223,253,6,195,44,45,13,201,12,88,60,76,144,145,103,199,82,252,166,37,18,112,26,14,170,184,34,17,180,70,235,89,193,142,115,105,2,135,79,228,57,127
137,78,28,45,2,18,39,50,135,86,161,67,33,102,232,239,110,85,166,161,182,230,175,245,14,114,47,164,8,132,171,221,160,164,127,25,199,199,25,78,188,111,223,59,136,237,183,84,209,188,159,72,252,130,226,115,187,104,21,130,238,246,3,11,85,167,28,165,253,245,46,203,20,241,137,234,50,31,196,132,135,100,77,163,0,155,79,251,7,128,119,179,27,221,132,7,128,184,253,231,247,149,85,196,25,2,164,4,84,252,154,102,150,27,230,84,144,238,17,158,63,237,116,34,196,181,254,84,127
196,194,89,153,63,222,149,111,157,113,124,234,238,38,64,35,236,63,143,7,251,83,163,22,64,3,71,211,3,52,24,244,14,147,20,186,15,160,168,20,251,240,24,178,6,229,166,101,209,65,23,139,80,165,49,75,230,71,151,145,213,162,84,216,80,180,33,181,61,101,229,96,35,247,236,171,167,169,143,36,117,214,121,8,157,161,180,165,40,36,98,34,55,218,7,45,36,179,131,10,27,30,181,28,200,71,75,5,45,106,104,37,185,36,228,75,232,129,3,206,116,96,153,94,22,177,169,28,127
155,118,194,252,52,128,187,25,252,136,138,158,141,100,20,59,30,163,54,111,197,27,54,75,122,226,107,94,138,8,183,115,100,214,28,211,186,124,162,225,134,170,75,189,51,69,121,164,202,38,239,101,132,212,169,219,48,97,234,4,160,42,183,248,145,194,90,32,42,143,24,105,105,223,8,184,93,23,29,77,86,216,182,58,196,26,54,31,14,190,199,243,52,61,72,85,90,99,237,101,126,218,165,187,172,231,207,60,39,167,88,243,32,19,128,116,124,21,119,115,144,193,236,114,244,4,85,161,127
131,120,247,224,180,8,157,139,76,243,189,107,48,195,17,182,247,196,148,76,176,172,1,250,144,107,183,87,166,172,24,94,3,195,107,167,201,83,162,124,71,68,87,246,231,242,173,112,143,191,213,54,225,83,182,108,46,69,7,164,199,178,137,2,83,226,10,19,32,63,63,59,31,119,197,184,9,140,248,128,7,253,249,20,93,199,217,214,85,8,44,83,32,252,249,154,118,195,63,32,136,69,82,142,42,194,126,173,195,102,121,55,168,131,80,3,32,196,176,237,120,166,184,170,62,182,120,239,127
68,222,106,226,222,80,42,9,41,69,0,230,41,78,159,44,156,182,162,228,58,122,216,28,211,189,139,131,100,65,246,224,61,114,143,82,122,17,36,70,107,238,86,237,225,230,99,215,173,219,184,34,66,65,65,29,166,85,169,250,173,166,93,240,4,21,157,102,6,237,162,217,55,195,8,234,67,162,203,218,102,59,178,5,10,18,230,190,8,205,156,143,83,38,100,27,239,238,59,89,145,104,164,48,204,66,210,216,51,244,214,86,156,242,17,113,160,245,249,85,212,27,62,173,14,208,152,130,127
55,62,184,40,234,31,237,23,5,208,73,197,247,33,196,142,57,209,58,65,219,36,226,64,104,227,143,226,105,158,104,109,106,103,93,107,239,26,5,192,52,86,112,69,197,128,138,96,14,90,181,209,189,175,26,241,149,119,98,89,42,174,182,28,55,226,218,145,159,87,200,13,197,51,8,87,88,97,80,45,108,40,151,56,218,219,179,149,215,61,199,155,102,173,177,215,79,162,121,142,36,110,251,122,148,179,11,163,250,224,95,115,173,56,221,1,251,87,128,109,192,188,132,212,7,158,175,215,127
100,17,58,159,45,135,219,106,113,156,237,34,102,84,135,73,122,170,227,39,109,116,102,243,193,135,90,237,36,47,101,190,77,238,48,30,225,234,113,195,40,15,182,202,128,176,37,111,135,5,20,18,239,58,15,231,36,108,149,14,31,237,15,68,247,36,41,204,229,199,146,41,170,63,61,12,245,33,160,150,243,104,128,75,135,144,77,155,54,16,65,81,19,37,170,253,31,58,94,20,21,55,63,192,31,90,83,124,154,153,118,230,174,90,74,173,30,224,214,92,105,68,213,47,42,115,17,108,127
202,59,13,138,62,1,202,70,244,13,196,216,154,35,239,150,130,246,86,20,52,230,2,163,88,199,40,225,57,62,14,96,175,178,10,149,46,164,120,132,51,4,198,221,117,254,178,200,166,231,169,163,157,67,228,200,116,37,160,243,123,36,35,85,185,180,123,250,205,89,185,159,183,184,109,28,103,143,231,234,193,251,129,165,203,85,99,172,227,228,138,240,205,225,73,16,216,198,44,230,151,35,109,131,66,113,36,249,67,131,93,130,76,110,237,114,49,245,99,216,202,189,224,204,59,15,61,64,127
62,215,158,56,222,8,116,101,27,78,181,197,8,159,80,53,185,188,135,62,239,234,48,175,124,26,15,196,147,23,36,174,91,30,170,247,65,203,228,190,213,144,105,196,100,142,253,138,164,161,212,131,56,104,140,153,169,14,14,166,21,180,5,242,45,155,212,216,132,27,131,242,253,147,139,129,186,217,192,205,22,62,139,11,105,113,197,168,113,96,117,120,29,106,77,117,79,200,75,237,51,107,111,72,16,210,112,84,232,200,147,62,241,211,238,85,219,27,192,27,43,169,152,201,218,149,193,205,127
7,87,42,200,191,109,35,86,18,173,169,205,40,104,85,126,98,129,98,216,239,38,241,129,90,47,76,73,55,58,9,226,69,236,99,154,34,20,176,93,154,34,42,46,125,69,84,147,197,248,13,236,180,164,131,253,137,96,201,249,33,213,220,35,222,228,139,252,160,161,29,118,111,122,133,26,242,108,161,211,147,245,146,167,214,167,139,111,130,173,196,188,27,42,252,132,50,55,10,224,239,202,87,117,152,210,77,79,228,217,29,247,166,170,241,3,53,12,213,38,41,160,41,87,230,230,100,115,127
40,44,60,183,204,193,252,243,47,155,87,235,6,120,101,45,219,168,25,233,187,142,249,192,142,238,133,248,98,190,254,139,128,172,1,32,123,198,43,164,117,153,98,192,181,229,152,239,91,238,101,252,217,45,164,95,149,50,30,15,19,230,229,196,171,114,21,91,55,138,81,207,120,84,75,42,235,46,122,101,132,62,157,131,34,174,80,113,161,122,204,218,23,237,115,164,136,64,168,15,53,159,187,6,80,70,128,64,223,215,217,155,145,221,254,25,1,125,60,210,17,15,136,9,30,95,77,253,127
81,108,117,86,174,102,17,130,126,97,227,153,130,53,18,109,83,244,80,243,74,104,172,44,22,65,106,190,142,50,124,154,142,229,59,224,237,78,198,92,12,59,241,63,70,129,94,137,74,10,215,226,197,33,138,182,68,42,12,94,187,126,161,152,230,52,150,7,97,37,235,54,202,142,164,158,120,182,233,87,140,65,246,130,64,116,83,178,239,92,246,83,249,24,46,176,122,102,145,246,196,91,179,179,205,132,6,222,71,66,13,103,58,30,245,9,75,154,194,244,199,73,103,238,120,220,179,114,127
157,176,118,27,128,77,232,152,134,77,31,155,117,179,107,77,22,90,9,248,236,205,107,169,240,98,21,106,59,132,51,247,193,14,43,134,135,157,82,137,250,167,124,123,76,37,79,142,50,48,171,31,76,168,142,152,240,239,130,40,49,201,8,249,12,249,18,172,25,114,138,236,36,105,52,159,145,75,171,62,177,126,236,114,252,46,96,186,132,234,98,43,126,120,231,135,82,227,194,71,200,221,175,74,95,252,130,203,27,173,43,208,135,97,61,209,20,227,183,210,18,136,249,51,133,201,242,204,127
10,193,244,211,232,96,137,241,127,15,119,45,173,132,125,90,43,196,70,225,190,130,15,189,90,28,182,220,65,86,239,60,153,131,31,93,193,229,200,217,11,207,112,115,26,231,136,149,249,186,118,0,75,110,231,91,176,219,121,95,210,3,35,88,229,35,217,113,201,137,253,79,238,96,14,91,26,190,153,175,129,9,28,57,156,149,155,2,187,233,104,140,72,183,72,244,230,123,55,33,57,196,102,213,186,239,2,125,197,191,48,131,111,154,18,4,235,77,135,190,167,250,172,210,175,135,211,95,127
191,141,237,113,6,86,179,146,28,252,23,68,234,238,17,34,178,240,35,234,71,63,247,103,208,243,49,15,157,138,186,16,144,205,173,143,100,91,214,209,29,118,135,23,75,89,14,48,211,34,207,155,2,176,233,212,228,230,28,193,41,72,32,122,234,196,81,212,157,62,177,186,76,248,144,187,115,124,171,80,170,116,113,133,182,135,119,31,72,224,227,233,195,76,162,26,205,192,208,213,81,186,168,71,225,253,119,45,252,124,127,196,129,38,182,108,170,28,54,0,47,186,75,166,249,208,146,246,127
190,69,81,41,193,35,65,77,9,95,209,240,168,93,175,177,92,243,159,116,230,88,9,196,5,47,118,163,120,55,42,86,46,87,35,104,152,61,8,199,213,117,15,118,31,124,36,138,2,59,5,45,174,37,172,201,72,126,179,101,8,197,17,140,25,29,163,152,123,189,28,107,40,158,148,144,216,198,193,105,221,114,48,102,221,234,74,170,35,195,94,120,128,211,174,51,18,65,178,147,91,96,246,194,9,23,217,215,37,133,33,30,126,159,63,170,202,233,143,163,87,194,181,31,157,206,231,223,127
58,98,212,122,30,206,243,67,178,62,170,62,153,136,49,46,228,244,115,223,186,37,128,224,240,171,95,244,198,147,218,161,190,141,133,17,17,82,105,214,81,200,142,68,162,242,215,213,170,180,4,164,9,160,205,114,7,67,100,226,130,101,142,249,26,92,11,93,94,24,148,228,22,176,169,227,29,198,183,53,107,243,105,95,55,139,148,218,248,35,168,2,11,108,20,217,97,133,211,128,190,156,138,246,197,8,200,240,53,129,72,228,158,70,199,8,169,147,98,82,92,36,138,106,51,93,112,154,127
30,92,184,80,143,51,188,151,199,241,197,132,93,46,89,38,222,181,185,107,33,165,146,96,67,125,174,161,243,62,185,189,40,245,142,177,207,28,21,77,233,184,80,53,57,51,210,75,211,53,7,69,32,231,40,40,18,54,192,34,145,210,141,183,21,151,178,219,152,252,115,107,34,48,43,246,79,144,113,46,135,219,96,120,186,69,227,128,22,238,229,152,102,7,140,83,205,102,160,141,231,74,82,209,52,107,35,74,159,23,66,111,113,49,181,9,160,102,1,19,79,173,44,183,173,191,137,253,127
101,121,103,160,238,81,16,107,65,184,160,188,87,12,216,104,110,166,148,199,91,66,121,161,224,9,210,245,41,208,122,194,205,59,65,170,152,178,124,17,79,53,7,167,36,163,42,228,15,60,96,64,12,134,16,148,22,116,144,216,57,117,144,79,125,19,254,38,198,21,143,2,249,135,251,233,101,182,23,247,21,93,90,86,107,201,246,104,23,158,144,20,26,73,68,230,227,57,52,215,102,117,113,19,169,82,25,194,134,225,239,84,2,164,182,226,134,107,84,157,186,89,88,189,25,105,205,156,127
49,214,109,202,253,234,25,13,161,45,204,63,231,65,52,132,133,199,56,110,228,195,48,176,244,75,231,158,51,91,78,134,32,45,90,101,110,68,25,120,115,142,249,176,139,148,123,29,84,210,137,201,111,207,215,123,174,28,188,242,11,229,244,65,135,98,85,142,63,203,31,166,186,75,100,192,60,212,157,133,167,112,170,192,201,68,215,251,12,111,72,6,78,225,7,7,45,114,68,85,159,92,214,66,49,70,42,42,233,223,106,196,131,207,119,210,118,234,45,179,137,161,209,66,217,199,175,28,127
91,177,133,45,188,16,107,124,31,10,84,83,92,71,56,1,144,39,11,219,245,18,29,190,26,5,42,22,228,162,104,241,170,27,23,26,160,172,81,113,158,159,216,197,37,99,41,77,244,139,109,137,10,254,201,235,105,179,18,239,192,172,55,217,120,76,142,147,118,107,30,164,42,57,123,209,36,101,244,206,128,131,53,238,163,88,141,34,159,203,30,227,72,200,118,56,39,179,235,191,220,174,155,5,244,183,126,38,227,89,236,203,174,224,209,51,124,122,64,210,208,123,13,254,56,57,240,200,127
26,7,36,141,105,20,173,155,111,240,20,190,96,59,217,146,1,19,216,26,100,218,105,236,116,239,224,231,157,89,114,100,35,59,247,210,69,12,236,65,87,161,64,150,118,193,60,10,223,80,171,37,147,37,44,116,191,178,246,102,44,220,141,82,21,55,58,68,93,210,196,140,200,107,121,235,214,18,7,25,148,203,207,166,47,134,66,203,148,189,238,78,198,73,247,78,209,211,3,66,34,116,107,179,204,75,171,185,99,230,116,110,49,43,32,242,151,73,146,187,208,229,81,209,215,217,108,241,127
236,104,165,92,194,203,179,105,22,50,128,25,17,94,240,70,0,59,90,73,223,152,46,241,75,128,247,134,49,215,31,3,249,36,23,138,126,210,146,140,199,164,121,240,99,204,70,10,27,170,140,212,5,7,166,193,254,29,126,28,129,58,208,1,230,226,233,84,204,4,84,227,23,134,68,228,62,240,144,105,67,95,91,117,223,51,158,15,50,10,98,62,50,234,114,149,152,218,105,170,24,241,94,167,20,73,241,144,181,203,234,144,12,249,166,37,161,38,244,84,69,168,94,208,22,34,19,233,127
204,181,62,17,109,209,116,47,172,111,173,22,136,220,196,211,57,24,173,115,178,78,241,237,229,249,155,233,251,138,66,233,135,30,142,85,74,208,58,125,93,70,147,146,161,72,73,164,183,156,16,26,96,182,18,198,134,27,249,20,176,172,45,157,222,157,184,139,160,224,126,127,98,173,91,82,134,60,191,103,79,178,166,195,122,211,137,92,49,230,19,139,220,55,120,51,105,247,101,187,141,160,58,81,220,13,73,241,186,123,233,147,122,54,88,65,67,209,48,234,122,168,88,226,40,98,42,141,127
240,5,233,120,90,74,224,162,43,241,142,48,115,27,8,147,206,254,149,214,134,135,160,171,220,146,59,125,235,245,184,240,201,227,210,209,179,14,50,85,79,215,214,146,245,169,21,125,164,171,1,118,102,169,27,215,127,135,81,119,251,68,40,238,100,171,49,9,28,176,145,35,109,40,52,44,11,140,59,3,131,152,108,29,58,24,119,69,123,140,149,176,241,85,69,233,181,107,214,139,217,173,237,71,228,85,194,38,137,180,117,122,144,239,4,206,224,100,94,167,137,98,226,142,106,123,10,151,127
66,251,182,50,248,197,79,199,48,24,49,124,177,77,34,8,93,152,129,163,125,206,174,44,205,23,13,121,6,97,163,159,34,62,8,81,53,82,236,82,144,233,110,186,91,179,129,43,200,249,176,182,186,119,182,173,194,80,110,246,188,107,164,227,100,25,233,199,134,173,213,42,31,223,141,215,16,136,30,46,251,155,84,194,176,17,104,13,124,11,227,12,247,88,181,36,79,155,143,107,29,66,117,206,2,142,54,1,133,124,48,217,203,145,145,128,33,46,148,180,17,141,152,50,102,189,219,124,127
17,48,107,207,140,111,104,65,71,121,101,217,75,160,72,50,72,76,75,240,243,107,66,113,117,236,62,63,115,174,68,166,19,142,145,24,223,67,30,69,242,165,192,146,214,32,201,241,150,40,247,189,37,175,118,188,20,106,91,38,212,191,99,162,26,2,14,170,124,187,7,47,115,94,245,177,17,131,225,206,239,146,153,93,28,14,84,116,6,168,103,20,189,203,20,246,242,49,105,130,54,22,84,128,115,245,195,199,187,70,99,232,195,40,81,18,57,192,75,87,109,101,229,81,141,50,21,168,127
37,252,52,221,241,107,240,13,117,28,49,5,12,102,122,33,105,233,169,195,79,61,33,127,45,13,168,124,147,61,85,107,106,181,12,153,209,1,46,197,78,125,80,225,180,222,177,142,188,225,143,112,120,3,35,197,201,108,72,82,118,217,82,134,171,124,106,212,127,223,196,162,147,252,112,40,250,206,27,157,227,73,90,248,211,166,3,173,217,72,212,31,74,139,181,67,68,188,34,161,88,141,67,106,180,175,174,32,203,209,173,102,45,53,241,13,121,233,174,3,12,246,251,198,218,215,200,45,127
210,195,96,178,52,169,119,35,47,157,218,15,223,109,42,43,95,248,211,1,107,164,211,32,16,138,202,210,248,179,2,150,26,81,176,131,241,147,212,222,24,33,242,218,126,3,116,125,201,3,72,196,90,33,22,55,123,143,111,62,207,241,153,192,117,88,200,138,60,76,245,90,61,11,181,64,38,127,30,54,213,40,161,252,59,71,183,107,207,80,24,183,85,135,97,82,28,196,79,14,145,17,165,29,252,89,152,156,93,40,171,225,105,7,107,174,233,48,133,117,45,55,169,21,5,73,32,24,127
124,107,45,72,82,25,79,167,108,197,195,69,186,141,20,230,184,57,123,212,253,58,200,215,34,48,165,179,235,7,180,91,244,138,191,26,84,242,141,204,197,123,122,63,126,172,50,159,249,173,38,226,134,183,63,160,51,77,109,121,69,22,251,124,242,250,21,26,228,138,8,45,253,220,214,99,32,118,97,62,46,216,221,120,196,232,26,22,54,30,33,210,21,82,57,251,24,135,176,78,214,16,224,139,242,74,177,129,117,86,226,222,99,95,207,193,8,164,234,224,124,115,172,166,171,58,213,103,127
47,137,11,106,101,200,224,247,218,16,80,154,108,95,51,167,131,215,226,104,173,29,140,122,15,68,107,122,230,20,111,149,250,103,207,217,180,180,196,21,173,99,91,83,192,197,243,245,117,146,140,18,143,101,159,109,148,82,158,63,138,162,117,197,54,217,66,244,79,81,242,167,168,150,220,42,92,172,10,249,103,8,232,97,55,97,100,200,174,83,182,74,116,52,133,225,43,83,191,135,108,167,47,82,205,239,196,22,215,254,147,109,224,92,108,138,2,69,195,51,209,109,67,13,168,43,141,27,127
145,134,198,170,113,15,136,34,85,27,10,117,84,5,15,156,139,235,217,87,123,74,77,137,29,111,23,45,208,174,200,66,203,53,155,24,145,121,21,120,111,38,147,5,62,191,186,83,243,112,80,144,186,211,97,115,51,248,19,42,16,26,131,201,111,162,12,143,46,202,133,66,191,32,24,47,55,104,236,37,13,196,75,247,219,33,84,133,74,170,219,17,235,121,47,235,174,151,147,79,231,236,224,231,20,108,64,47,240,36,54,155,221,231,224,76,12,230,3,209,163,107,72,4,54,223,221,197,127
162,235,198,92,75,160,110,211,107,77,89,58,233,229,218,236,46,147,174,67,42,157,212,96,121,184,230,108,78,122,214,227,176,158,216,49,49,119,62,165,167,83,167,56,151,20,85,87,20,6,218,7,111,252,93,35,47,18,20,30,238,175,236,181,18,249,209,120,56,150,191,37,163,208,175,161,131,5,208,253,165,101,243,86,251,40,4,243,90,177,36,171,17,36,164,9,105,159,214,156,73,180,241,192,235,65,220,246,112,198,11,240,144,120,133,192,133,205,88,68,125,40,128,133,125,2,112,156,127
200,68,110,119,107,82,199,99,132,197,67,37,234,130,252,196,150,157,205,236,185,10,239,232,150,236,148,19,181,136,176,224,208,81,151,224,129,84,228,212,241,186,20,250,191,231,3,162,206,67,211,156,192,238,209,210,1,85,250,139,128,18,23,57,151,232,244,250,211,104,132,226,189,203,178,143,160,229,163,9,232,50,124,214,168,166,41,69,210,227,179,166,254,141,137,251,91,119,38,41,242,77,122,130,216,188,144,141,206,143,22,109,138,253,161,14,156,147,11,128,30,172,34,247,49,181,111,89,127
147,110,39,93,202,8,145,180,106,15,144,114,5,4,226,89,95,237,211,60,182,180,247,223,161,30,183,53,144,11,154,18,129,3,143,30,62,215,70,214,136,157,113,30,203,155,30,110,120,152,68,30,136,104,98,199,46,116,24,92,50,6,119,127,65,65,8,89,131,214,91,223,117,237,55,89,206,176,77,150,194,10,14,188,77,93,166,33,55,173,161,189,9,54,54,83,200,241,223,156,211,61,145,66,169,231,116,199,14,193,7,96,227,171,87,15,234,155,218,65,254,56,136,30,75,110,204,113,127
181,1,141,237,157,134,193,35,149,107,253,252,233,175,33,181,160,128,232,108,99,81,182,37,40,249,107,23,192,225,108,243,50,154,152,192,42,229,220,22,235,10,142,120,97,212,89,211,138,198,169,35,180,138,210,232,82,63,67,55,69,47,77,200,34,72,170,120,178,37,169,12,78,15,79,153,67,228,39,25,93,199,178,120,189,137,81,15,34,148,221,56,116,145,62,132,168,252,22,79,7,183,10,251,137,145,149,6,84,15,212,217,193,132,153,240,212,91,55,223,78,243,175,34,4,224,49,17,127
170,219,160,245,252,230,169,10,18,11,119,118,10,87,219,223,164,19,223,120,157,36,26,215,11,219,11,207,104,227,43,209,249,162,162,97,1,115,253,189,86,81,231,209,66,163,172,122,190,54,5,50,45,193,246,110,96,229,211,83,29,118,171,191,94,129,176,167,203,20,150,82,141,35,134,218,219,214,230,176,44,184,222,17,28,70,191,128,95,180,79,19,205,89,202,163,115,159,235,222,233,2,253,137,141,242,153,51,80,124,148,77,79,206,247,47,57,247,221,12,223,151,123,246,17,45,65,41,127
245,171,249,146,66,142,137,124,124,96,69,58,121,251,41,126,26,228,99,126,168,205,143,243,188,208,52,180,163,70,121,211,57,180,43,234,24,214,47,84,220,151,189,53,118,33,0,192,98,196,15,76,81,52,17,32,164,175,211,112,79,107,228,150,221,234,88,146,97,123,244,2,104,15,133,127,147,220,229,215,81,6,106,178,190,42,140,29,220,79,110,195,24,195,240,140,111,109,29,211,64,60,196,47,208,40,208,184,251,6,21,13,91,244,233,169,186,56,241,119,55,29,126,113,112,173,236,115,127
143,50,229,31,238,19,123,106,41,209,139,122,24,136,120,173,248,206,153,68,166,245,220,226,197,34,111,190,216,86,9,231,194,57,242,27,45,225,37,73,55,176,218,138,237,221,191,49,73,248,3,253,159,104,14,78,28,202,195,81,252,21,128,200,91,224,106,251,105,41,34,26,164,150,71,186,36,194,13,210,192,69,126,233,89,109,217,89,141,204,96,17,207,190,221,40,0,159,244,103,151,157,122,208,132,0,219,115,226,81,139,2,103,228,147,132,121,141,224,224,29,100,252,15,121,74,220,186,127
247,202,102,65,74,90,248,82,88,216,33,178,231,40,207,97,181,240,115,152,136,51,0,245,243,27,109,21,178,182,45,30,152,92,203,183,9,88,123,202,220,168,39,144,245,7,88,60,24,25,127,218,81,95,92,138,156,147,12,178,20,13,241,1,189,67,148,135,175,29,205,154,134,26,203,99,111,209,233,126,192,161,155,209,36,98,177,47,69,212,36,42,240,223,100,181,95,136,72,248,153,79,247,126,150,20,160,105,199,170,239,240,208,211,147,27,204,18,140,146,183,78,104,96,242,206,152,75,127
122,27,118,159,157,248,65,17,177,186,212,115,43,127,65,84,184,128,248,118,56,112,140,37,87,89,192,248,62,14,116,99,163,71,252,249,61,174,16,62,141,48,253,148,55,94,209,118,223,45,205,2,2,41,185,133,12,242,107,59,123,248,83,202,208,183,124,121,117,3,223,229,220,25,216,78,114,214,73,239,156,216,98,190,40,240,127,92,77,181,129,82,132,206,94,154,44,6,116,34,63,89,250,225,62,241,169,67,184,128,32,81,84,62,247,58,228,192,8,99,236,41,9,92,65,253,188,103,127
4,183,214,116,74,205,103,37,208,165,250,159,59,245,27,33,130,212,239,97,114,243,60,145,216,201,226,110,185,68,215,126,44,227,21,2,93,3,91,199,229,198,47,61,168,174,119,37,249,25,44,13,160,34,133,223,27,187,42,208,69,35,180,53,151,149,118,90,165,163,147,225,217,27,79,166,245,235,198,57,193,253,74,49,60,120,221,161,161,19,115,210,212,222,248,2,199,151,81,237,90,35,18,233,140,90,126,144,194,238,184,118,220,149,51,110,163,232,64,77,57,201,134,175,56,80,87,145,127
231,25,236,42,111,19,85,109,12,89,64,134,6,134,105,248,127,55,242,5,137,245,153,110,90,78,7,66,208,134,48,130,118,102,117,214,177,194,150,9,78,112,12,203,89,97,23,243,59,32,50,129,168,223,120,198,169,87,50,239,99,127,248,3,50,213,188,48,51,27,102,151,34,248,168,135,65,210,129,229,171,183,149,101,236,183,110,191,78,125,121,73,190,193,61,161,77,168,247,19,186,80,129,201,83,172,3,214,25,252,138,195,179,225,162,88,52,40,45,185,175,125,112,212,6,36,153,163,127
221,252,45,115,215,169,32,103,114,20,30,194,231,140,132,36,71,191,102,243,253,147,69,133,101,219,207,79,122,20,84,17,44,153,94,170,65,165,219,154,146,120,178,111,171,139,161,231,118,97,102,82,177,188,133,159,153,3,149,150,157,237,206,154,196,124,158,225,52,40,57,212,241,97,188,186,36,179,186,60,194,205,92,52,8,218,95,230,17,158,157,80,91,43,208,39,249,108,224,28,140,219,211,136,1,141,158,172,181,206,47,118,51,232,201,56,97,101,210,38,51,164,178,10,175,6,135,113,127
231,137,172,135,119,64,49,221,163,241,235,98,124,134,80,86,36,189,134,11,95,175,225,111,102,154,235,221,252,68,38,51,91,36,166,117,187,87,206,81,21,120,75,240,168,85,61,235,163,5,76,110,177,93,45,93,144,207,23,201,131,105,202,217,196,20,24,210,38,54,141,39,193,252,58,95,15,6,241,83,87,21,107,7,66,150,106,86,164,23,34,19,142,77,88,187,212,216,229,110,52,146,188,32,16,220,146,120,235,49,13,205,126,86,234,190,227,30,129,32,166,40,118,234,114,29,24,49,127
126,61,102,161,39,232,221,171,161,6,193,118,118,51,169,17,200,101,170,85,3,184,108,155,201,100,46,51,221,211,189,242,41,66,57,196,121,3,145,251,55,220,64,77,169,144,143,150,186,75,74,29,195,163,191,216,61,37,148,85,181,39,76,73,126,31,210,212,41,214,130,210,111,218,169,203,213,235,38,105,100,47,81,238,24,76,160,110,251,175,225,239,48,72,137,213,194,139,234,254,88,130,7,219,22,195,42,120,94,98,240,229,29,118,170,106,227,238,225,208,213,222,201,96,127,173,86,62,127
147,8,196,39,155,229,61,214,253,193,21,20,118,100,237,84,206,204,180,156,100,19,17,124,226,123,121,82,111,49,14,11,10,251,253,37,61,77,93,159,0,2,146,17,89,199,41,242,91,13,38,41,3,244,71,166,16,129,157,35,150,194,56,146,122,152,75,151,145,72,192,244,149,11,188,163,210,33,196,19,97,196,37,135,13,63,99,151,93,93,210,57,128,214,163,239,211,235,83,32,38,16,43,219,232,224,155,32,115,60,125,56,8,209,194,225,64,167,30,125,132,101,137,162,185,180,39,22,127
135,5,192,220,74,151,103,137,14,182,40,38,174,38,243,20,241,56,16,4,221,65,191,37,141,5,19,248,161,217,65,37,159,97,31,94,219,37,150,131,43,200,74,17,151,152,77,222,187,87,124,85,225,229,87,14,41,218,43,155,19,222,248,115,158,249,233,39,138,159,133,29,30,240,180,92,85,100,117,162,31,83,232,243,184,139,68,41,197,208,35,42,42,71,38,112,133,42,157,39,99,42,253,97,3,234,206,224,126,226,42,194,186,165,54,83,58,222,95,58,202,106,68,219,106,53,89,4,127
17,13,243,148,172,246,152,6,15,11,231,165,146,50,237,44,1,6,82,250,175,243,130,56,248,189,67,199,88,169,159,227,64,113,168,82,231,171,177,186,187,192,194,26,39,55,106,104,1,108,237,43,225,209,14,86,6,181,45,139,134,217,189,160,194,43,202,105,240,39,158,88,223,212,155,139,168,84,87,116,139,96,117,58,50,200,153,44,186,98,229,47,108,247,250,183,88,18,228,74,169,5,170,208,243,132,185,188,42,135,153,18,37,25,41,208,251,1,175,104,198,77,169,17,218,107,6,28,127
179,60,28,48,12,161,162,161,11,133,166,46,235,206,89,183,80,246,13,243,30,59,82,37,29,125,29,77,230,240,45,149,231,176,162,124,153,127,249,165,38,227,133,254,245,157,8,80,52,45,169,104,250,138,42,61,53,22,47,253,174,47,49,241,24,200,168,155,89,61,165,246,33,179,25,197,210,218,233,119,181,176,145,7,84,63,12,56,204,154,112,209,147,165,239,147,141,105,230,190,83,217,73,82,112,79,48,64,102,14,213,42,240,202,3,55,112,98,247,47,204,8,38,227,119,199,169,196,127
6,90,9,18,249,216,150,206,36,196,245,102,118,73,95,145,149,93,21,46,132,234,49,97,75,82,206,97,234,147,46,145,172,191,85,171,54,93,51,74,13,212,164,118,207,124,49,141,139,86,78,123,175,123,141,86,245,1,126,191,76,41,18,85,246,89,95,31,158,218,175,218,39,40,190,102,121,174,164,69,244,38,249,205,94,137,245,24,39,38,55,83,126,119,205,104,90,51,241,102,153,111,215,5,62,207,204,153,181,113,92,200,122,209,55,73,33,11,79,233,50,119,185,179,155,159,208,57,127
2,121,236,185,245,45,173,241,79,100,201,212,183,18,55,23,62,185,200,60,252,137,164,6,241,163,63,75,235,123,198,187,108,248,142,77,157,29,45,15,92,145,222,221,74,12,49,55,21,227,149,8,232,229,160,189,216,129,21,206,200,2,183,78,139,42,79,126,12,139,86,62,169,220,16,48,5,91,26,120,181,114,219,45,205,24,116,69,90,197,215,45,237,62,195,126,44,45,219,211,212,226,184,104,82,206,27,151,193,241,44,141,204,209,26,202,138,159,103,56,223,233,217,107,19,158,81,71,127
175,23,227,94,56,74,189,81,139,86,22,166,171,98,15,92,110,167,253,89,240,32,26,232,225,206,243,226,40,240,235,106,115,233,218,65,40,170,54,174,133,131,168,185,206,183,244,30,139,2,13,24,206,131,11,133,94,7,49,24,221,180,230,9,163,151,230,226,70,201,136,254,79,132,42,239,188,104,231,142,194,57,93,15,83,97,27,124,22,245,206,69,142,221,99,71,140,23,117,232,141,86,195,123,65,247,112,2,156,246,178,162,3,216,195,156,229,43,237,36,134,194,140,34,49,113,199,174,127
114,41,28,176,105,116,91,251,10,204,1,117,224,99,251,175,190,128,76,93,212,214,103,123,114,67,127,96,201,137,199,98,229,74,110,252,241,9,148,119,222,14,161,69,91,125,210,235,102,221,152,64,20,148,175,150,204,7,197,129,65,82,32,34,85,201,161,52,20,191,38,138,15,157,121,144,162,142,248,38,48,119,8,123,58,36,183,100,199,56,219,249,32,150,53,123,203,42,253,114,167,70,104,243,51,84,211,51,45,252,84,179,37,230,41,41,113,90,199,152,110,219,171,5,177,32,236,35,127
45,8,124,118,61,93,73,61,185,148,72,199,166,76,157,128,57,17,22,138,59,163,143,39,157,88,34,163,26,30,84,92,93,56,8,188,117,250,65,88,214,68,173,202,140,182,213,227,240,114,231,158,204,186,97,1,222,123,233,17,216,79,136,64,93,38,130,178,225,83,145,103,3,52,209,221,238,53,214,231,18,127,106,35,58,219,204,4,175,23,49,100,113,41,199,191,65,136,107,142,56,41,183,99,187,18,53,127,193,34,209,241,131,107,4,107,47,136,91,49,20,81,229,2,232,8,193,195,127
64,176,94,58,115,214,11,64,180,179,21,23,190,120,86,28,216,249,46,76,134,72,101,99,99,141,133,87,31,119,25,226,133,201,182,189,241,65,114,56,201,68,108,12,3,104,95,185,253,198,197,163,228,65,245,101,174,33,138,25,22,17,69,154,181,167,121,207,218,249,165,32,28,95,137,192,6,12,163,211,177,4,135,169,206,192,251,190,107,223,86,102,132,166,179,143,20,93,192,162,131,72,190,57,43,32,128,169,76,155,116,33,111,143,231,202,53,214,5,11,78,122,49,136,245,146,42,37,127
224,28,156,109,199,147,211,191,251,199,157,98,44,45,190,166,84,19,77,229,86,127,68,145,251,99,94,173,220,226,198,168,141,95,122,157,148,205,185,79,35,94,82,199,169,219,246,39,207,96,194,237,145,245,91,96,166,132,151,139,253,88,152,52,29,56,129,101,214,175,64,105,153,130,222,82,5,244,66,216,162,168,107,221,185,151,117,134,195,56,212,24,209,187,213,12,168,17,45,57,37,236,64,223,149,40,108,202,19,161,242,253,205,1,66,131,118,49,241,40,5,246,201,37,61,136,1,39,127
46,71,13,46,14,96,8,53,135,69,103,254,118,179,240,216,16,50,148,180,226,188,154,176,132,38,119,197,56,221,16,198,6,197,209,50,100,123,182,35,57,246,28,149,150,248,67,196,179,221,234,253,205,59,117,20,162,10,5,112,232,11,67,72,155,244,240,204,210,248,49,159,200,94,48,71,82,207,42,197,128,157,14,177,91,222,23,5,239,121,183,174,221,228,73,81,51,215,31,139,4,158,107,191,60,14,104,38,229,196,16,93,141,157,48,221,135,36,192,217,110,19,52,68,242,95,50,150,127
176,155,164,6,196,236,107,187,184,143,91,50,82,131,17,135,217,56,112,203,127,43,221,245,165,26,4,61,32,172,189,93,111,70,175,27,169,200,171,76,92,198,214,186,134,237,95,129,112,216,132,132,9,84,177,173,69,204,245,203,138,182,18,83,93,57,145,139,227,128,121,84,1,146,37,141,219,64,183,199,4,199,190,135,106,196,206,7,10,62,97,172,165,93,155,192,217,120,44,208,4,172,59,35,0,14,206,31,216,246,129,95,5,156,40,223,82,184,233,85,22,102,127,180,103,176,97,72,127
144,4,110,139,188,54,233,132,8,174,109,144,160,17,22,64,17,76,225,163,55,201,245,47,208,176,20,139,166,67,34,27,162,157,51,217,83,227,4,181,16,70,10,37,68,87,20,237,231,77,140,132,229,118,46,100,72,81,44,14,164,67,144,50,70,123,21,54,100,44,254,196,89,245,182,55,21,78,48,173,246,254,33,202,9,177,75,104,162,207,157,76,122,5,96,243,85,216,103,75,125,114,29,19,229,186,139,146,123,61,130,144,87,216,248,98,162,185,195,13,178,42,10,151,85,81,18,79,127
186,148,203,108,113,179,8,10,250,202,126,31,22,46,99,176,174,40,42,221,162,56,121,104,10,53,209,171,112,56,20,169,55,64,198,75,138,84,189,46,53,113,9,174,190,188,223,150,185,132,93,243,192,91,36,85,184,202,43,41,74,177,176,252,97,24,3,58,98,72,210,125,188,93,127,48,39,182,18,33,236,134,47,24,214,143,195,120,42,206,195,200,167,134,206,49,88,193,141,83,71,38,39,68,11,62,140,201,22,179,159,159,54,62,208,148,53,68,101,35,68,232,209,220,206,110,84,2,127
99,111,138,139,23,4,64,77,221,45,74,171,149,254,8,165,131,39,103,67,139,96,199,187,9,237,123,129,2,91,211,130,239,198,69,26,11,185,70,244,80,108,150,61,182,241,22,189,197,173,48,124,3,131,76,172,134,12,88,5,65,75,192,35,253,122,52,1,115,128,183,94,133,3,104,252,32,155,233,101,242,30,50,94,62,241,67,144,33,141,150,43,236,173,155,4,78,118,108,159,19,34,46,2,167,22,182,235,196,11,115,119,157,86,27,10,2,61,239,243,113,11,197,29,235,173,142,243,127
102,204,153,163,30,125,184,65,95,84,253,131,251,245,155,231,253,207,158,134,165,70,248,237,134,117,48,171,6,184,220,48,39,178,185,93,238,234,194,125,149,5,86,94,36,170,210,24,111,137,124,15,2,74,79,140,96,212,4,115,250,212,48,186,152,112,192,27,111,76,236,233,69,61,183,126,166,54,252,128,195,35,90,65,132,178,241,92,10,159,179,9,227,157,76,120,116,197,105,65,92,72,234,96,69,52,205,205,140,93,53,145,242,5,62,165,172,180,241,101,16,111,182,83,4,139,215,9,127
227,53,226,129,111,160,64,108,85,83,62,235,8,141,108,127,48,208,168,82,208,8,178,92,58,76,76,202,104,196,182,48,76,6,137,168,236,242,128,3,9,124,140,79,203,4,202,80,135,39,50,58,166,220,138,176,75,248,5,58,133,128,45,169,98,19,164,57,251,163,244,106,161,92,212,18,99,140,112,177,115,18,204,85,185,208,44,2,201,51,164,34,242,217,117,254,34,80,67,225,238,52,93,43,91,165,61,216,142,147,139,167,202,59,68,32,245,175,191,13,158,181,240,205,84,176,99,185,127
71,40,40,99,57,166,207,158,189,69,71,10,140,5,69,60,52,12,153,199,33,163,170,151,16,214,76,63,129,167,78,75,8,5,181,221,84,50,155,251,217,32,198,205,153,35,234,17,51,151,23,223,227,25,186,123,234,88,29,95,39,29,145,207,191,62,183,55,223,144,102,31,64,140,148,119,17,192,132,73,235,138,67,2,146,104,171,210,24,165,131,245,120,248,65,194,193,52,118,88,86,101,85,215,175,18,164,12,35,56,170,163,196,107,160,14,245,84,216,208,117,141,36,62,187,79,8,103,127
221,236,173,83,6,242,66,93,75,125,85,37,190,224,7,96,227,5,210,45,40,211,60,38,35,252,127,142,214,106,56,188,43,187,6,13,39,33,225,236,90,10,247,193,145,98,47,236,130,220,88,178,16,82,45,139,133,48,243,219,153,48,118,23,137,58,177,82,123,176,236,163,115,32,111,234,85,163,123,90,4,28,60,175,238,213,163,135,63,203,86,147,45,40,22,153,159,242,187,154,250,107,252,233,188,233,53,152,149,22,21,139,3,154,187,3,118,193,200,220,10,196,45,223,197,97,144,182,127
164,240,215,101,187,127,144,98,142,197,142,196,233,134,44,117,111,136,86,135,141,40,165,35,188,60,114,108,227,251,210,199,99,214,50,76,246,63,78,137,127,196,170,185,245,157,153,137,61,100,95,22,32,208,149,246,143,62,55,74,222,86,224,58,224,156,176,95,9,86,246,231,165,154,71,239,198,27,127,154,169,141,96,95,233,121,53,112,22,188,4,182,182,102,147,8,117,217,58,42,119,52,220,87,87,124,114,209,1,12,130,147,24,221,123,62,76,102,156,41,219,164,2,97,97,28,137,88,127
77,138,177,61,26,44,122,191,16,109,215,17,171,77,68,194,117,15,176,54,147,31,246,18,211,28,219,172,19,99,25,221,42,13,27,210,43,49,9,180,104,1,38,205,179,175,126,20,159,97,202,250,83,198,212,72,101,133,64,67,23,205,237,106,2,79,129,193,14,136,144,110,155,192,41,171,230,223,170,72,151,129,238,141,215,88,63,155,94,249,161,58,234,144,219,225,57,163,43,90,187,60,231,100,249,165,177,50,132,27,31,239,178,185,231,0,40,192,193,50,7,26,47,91,123,76,100,198,127
254,16,132,154,120,160,38,63,159,180,38,33,246,96,61,48,58,131,17,80,7,133,160,78,148,163,173,81,218,144,77,88,102,170,244,114,13,199,29,195,186,39,58,172,95,91,216,98,14,126,9,111,50,61,188,246,87,22,168,74,223,99,157,159,11,115,118,100,131,210,121,128,150,139,150,78,206,244,86,50,203,31,89,53,198,18,87,126,173,155,164,240,220,111,232,224,71,105,167,81,49,8,159,153,10,145,113,187,113,120,146,66,41,252,20,80,124,66,44,121,35,189,109,65,44,118,160,1,127
88,146,41,80,210,167,215,253,155,35,40,48,83,214,23,102,234,204,83,122,102,43,199,154,163,9,201,128,33,29,25,160,88,84,9,17,58,69,242,57,72,170,156,17,105,43,14,235,232,121,105,244,141,217,181,68,203,11,218,225,58,8,247,247,56,97,109,236,213,144,99,254,131,44,192,204,117,101,131,98,38,181,250,229,42,217,127,174,182,22,240,38,238,85,27,84,181,64,216,129,167,219,35,5,139,74,202,177,92,62,94,60,182,78,21,99,18,234,143,109,34,87,222,106,223,11,123,210,127
171,27,194,55,28,79,115,20,40,9,117,210,35,101,203,94,204,39,122,110,97,26,187,171,106,95,91,104,179,186,167,162,41,236,101,4,13,106,123,217,121,24,77,82,166,224,45,196,146,233,32,190,135,238,95,94,162,171,160,246,128,42,98,133,236,161,67,154,184,182,195,4,19,249,80,137,171,92,126,177,210,211,232,239,52,134,213,252,22,1,203,180,7,73,178,177,71,65,67,62,20,221,199,102,199,216,240,152,15,84,28,65,224,61,86,236,190,124,180,179,209,195,37,181,172,243,217,200,127
162,153,142,247,238,43,188,96,254,97,27,35,95,246,31,226,76,1,202,74,102,236,25,85,41,11,119,178,154,143,52,40,86,194,135,73,200,239,4,119,209,72,127,177,250,64,36,95,170,78,84,118,17,28,158,108,176,126,121,222,148,75,187,190,172,66,39,200,11,82,138,208,205,34,62,81,8,101,69,8,218,189,212,166,144,118,10,229,196,89,191,207,184,190,21,180,234,88,20,232,130,97,137,52,184,174,178,172,123,45,250,69,138,171,218,176,209,21,114,254,77,83,52,149,207,147,25,181,127
30,174,147,244,37,53,79,13,128,204,6,5,207,223,237,130,107,43,56,95,49,147,169,201,206,231,3,90,244,104,83,196,204,103,64,54,31,129,249,66,193,9,227,131,182,235,145,138,113,193,202,30,231,217,77,110,132,19,86,86,150,158,81,132,228,122,197,248,174,88,233,224,119,179,254,12,169,144,210,4,77,194,155,140,226,250,16,6,73,24,111,204,199,51,68,23,66,92,108,216,207,90,127,196,99,101,51,208,122,50,143,4,152,104,104,53,131,139,160,49,75,35,125,244,185,160,118,178,127
170,144,49,65,12,72,153,56,75,110,35,181,118,62,215,48,3,158,37,244,101,130,9,1,232,251,173,44,187,32,54,179,196,210,2,18,249,156,90,133,244,108,46,30,91,211,193,10,111,59,71,122,21,46,21,181,132,30,57,45,142,229,233,133,188,72,177,69,107,6,168,84,221,68,194,20,143,6,77,236,34,219,8,232,189,136,189,104,3,68,53,235,229,119,102,252,178,82,51,14,49,105,48,188,121,2,239,233,19,204,240,46,221,169,32,217,228,192,143,108,80,125,126,226,129,74,187,188,127
132,171,162,177,196,14,182,50,53,173,92,189,50,65,35,73,121,137,126,49,172,250,26,251,3,213,147,187,81,239,116,31,211,101,157,96,162,143,128,47,53,111,138,133,199,53,168,42,154,253,205,130,26,168,246,177,4,172,18,222,31,212,239,101,252,128,21,252,184,166,177,149,137,18,200,187,76,169,169,247,15,46,116,62,48,62,216,60,18,1,165,174,4,115,76,209,86,16,60,91,230,87,95,200,5,48,116,175,220,215,199,196,186,132,152,8,77,137,229,99,228,211,247,161,44,39,72,105,127
150,218,221,199,117,247,160,45,40,26,158,247,75,90,252,155,124,158,31,249,171,238,213,166,3,63,235,14,33,159,127,211,14,216,13,138,211,14,254,45,220,108,48,71,206,81,233,129,236,194,47,208,15,36,40,238,96,54,108,11,207,171,249,80,200,228,252,41,18,74,224,56,109,240,141,182,29,155,133,253,99,182,13,245,33,12,142,43,150,222,253,67,147,193,9,240,51,115,16,120,133,41,91,156,160,199,191,62,14,120,74,165,119,238,225,191,23,74,235,28,230,148,94,180,130,86,65,186,127
4,101,212,117,202,20,190,131,166,221,168,182,167,122,42,137,115,59,121,79,101,75,219,240,124,206,178,66,39,52,204,209,179,110,233,3,133,152,253,188,253,175,242,175,97,44,152,14,153,21,48,80,86,209,43,44,8,61,175,92,89,164,122,121,246,65,173,187,186,94,43,182,87,250,135,215,83,159,68,173,117,199,67,181,69,195,64,95,205,218,104,161,92,112,23,143,98,130,78,113,80,71,107,8,9,115,8,185,42,226,55,241,71,205,87,197,146,48,183,112,45,224,187,81,3,172,211,32,127
245,125,126,253,120,99,91,221,239,212,108,248,36,208,161,8,4,196,247,166,117,124,69,29,88,209,157,4,240,18,74,205,71,204,8,133,204,103,4,4,2,9,251,41,149,105,62,50,114,139,123,165,246,66,30,245,105,148,14,131,142,12,223,1,158,80,45,37,158,172,136,109,15,163,153,114,70,135,171,37,212,6,114,183,23,3,177,150,66,95,110,102,141,77,70,17,136,134,64,137,122,22,120,244,35,223,254,27,95,33,138,60,144,59,2,136,157,16,10,244,93,64,176,94,137,177,1,238,127
237,78,231,241,60,54,84,196,121,191,8,194,73,36,31,96,196,108,130,5,81,193,223,247,96,8,136,63,232,250,251,163,98,89,195,221,85,94,45,117,155,70,186,129,224,172,202,72,177,185,234,131,198,58,7,254,197,190,5,253,112,147,31,222,28,85,244,207,20,137,193,102,249,207,119,27,78,82,115,66,110,218,220,137,254,212,242,11,46,115,192,22,137,213,137,98,4,148,53,242,54,30,71,147,34,197,8,147,175,225,97,163,75,120,69,46,214,179,226,209,203,86,28,173,180,199,22,222,127
223,172,66,149,68,223,22,250,186,144,130,36,228,174,213,220,186,226,103,6,117,215,92,58,136,197,54,62,180,19,226,70,150,192,81,240,204,198,174,62,237,50,209,6,99,70,112,49,145,250,235,225,227,156,194,243,18,251,130,227,40,37,235,190,197,201,160,93,225,154,186,96,253,99,163,77,87,225,139,34,51,103,63,153,190,237,197,70,88,85,139,134,96,200,142,172,217,132,168,40,43,65,155,197,20,76,148,161,119,162,219,217,88,132,53,118,214,42,48,38,66,163,146,28,148,249,107,43,127
143,193,127,30,90,165,7,150,21,161,40,233,204,51,62,94,132,67,127,231,22,40,120,4,194,243,128,125,108,104,58,37,120,247,187,249,32,123,215,46,126,254,228,246,190,11,171,110,20,23,252,99,249,159,86,81,105,139,100,2,167,221,242,201,81,127,128,76,252,131,54,152,172,209,210,47,203,69,73,175,31,109,53,7,219,67,183,181,174,106,231,251,251,104,44,78,177,220,52,100,101,85,143,145,137,67,154,172,217,79,131,83,28,50,204,130,149,195,167,64,111,71,212,162,90,171,211,64,127
133,213,106,57,22,66,143,146,178,151,26,1,188,215,31,151,83,67,173,240,190,38,124,113,46,247,25,120,173,178,156,179,126,19,75,199,15,191,120,11,174,217,97,19,203,95,21,59,179,137,177,142,119,152,36,10,10,93,10,17,65,200,8,240,136,234,213,175,215,81,221,34,171,12,61,237,124,117,42,61,41,93,74,111,103,162,60,245,76,23,79,105,104,3,213,47,176,165,194,181,203,162,123,224,105,113,181,7,53,218,119,206,100,159,220,134,147,246,118,85,39,217,165,105,9,87,87,39,127
10,77,141,233,252,112,59,75,118,220,196,8,111,39,56,143,45,224,229,28,101,119,67,230,46,238,12,33,23,189,117,252,40,178,140,161,150,141,35,240,31,62,8,22,57,181,227,106,189,74,115,85,39,72,112,50,3,239,100,92,86,181,234,68,76,90,240,57,80,246,34,184,228,226,38,123,217,59,184,205,102,12,162,232,141,73,135,50,208,30,130,253,137,11,75,75,172,134,55,109,132,239,43,242,184,108,228,116,238,54,77,201,194,127,38,174,169,68,10,231,99,188,203,175,183,166,46,51,127
19,181,20,236,49,116,35,18,55,115,204,87,24,65,34,114,11,32,237,148,120,171,239,14,178,143,29,21,215,95,27,126,173,168,217,31,219,151,75,22,139,201,63,119,171,149,172,56,231,161,44,50,101,31,199,53,230,24,20,70,217,17,70,99,45,231,184,149,122,58,222,190,197,151,43,92,171,189,48,233,186,199,234,205,83,116,44,58,150,73,227,59,116,20,212,221,218,108,194,90,86,240,167,9,130,82,121,76,19,107,55,245,28,32,15,61,141,118,10,23,100,5,70,234,235,241,182,78,127
59,33,137,65,29,121,171,125,20,207,131,77,184,16,238,75,99,92,82,78,132,27,169,204,99,27,148,51,179,220,74,194,59,92,229,112,74,206,32,200,74,213,120,82,232,196,45,134,197,123,134,180,142,147,241,182,82,82,66,161,249,120,21,155,206,59,162,61,18,197,22,198,220,138,0,101,78,95,119,238,26,188,133,149,240,184,206,202,107,36,172,32,61,195,225,193,159,118,103,48,133,197,220,63,84,138,162,39,237,228,157,42,234,154,152,230,136,165,52,98,201,33,252,98,194,228,117,239,127
55,103,106,1,242,108,115,154,55,15,103,12,205,53,33,118,81,67,220,253,69,123,36,119,71,136,1,103,112,171,135,106,28,94,202,141,78,94,240,229,213,81,180,1,154,196,214,186,206,51,127,67,155,218,196,229,233,78,175,86,216,212,92,69,83,151,106,77,121,241,203,168,226,206,166,151,55,95,214,25,190,91,103,190,75,208,115,51,173,192,175,205,141,163,74,4,254,249,143,67,59,219,161,47,78,128,196,2,57,222,245,182,98,145,124,0,143,75,174,153,143,107,46,201,230,46,242,179,127
202,122,101,126,137,76,13,56,220,175,123,232,103,47,121,70,50,162,106,204,184,160,218,4,142,248,12,8,85,205,115,76,155,81,112,19,221,224,248,59,70,198,32,82,187,133,235,1,116,114,225,173,237,167,206,78,244,107,130,170,182,132,23,228,132,99,189,181,121,129,39,80,105,152,48,53,44,134,170,217,162,230,209,217,70,169,141,219,218,214,210,241,32,141,182,74,117,165,214,67,123,183,32,90,41,194,231,141,145,180,33,128,219,120,24,68,56,164,82,62,198,151,99,183,122,87,172,57,127
87,241,28,144,101,104,126,235,61,23,243,68,132,38,137,123,60,254,112,41,134,83,164,219,155,201,134,67,104,49,69,244,30,5,41,228,147,130,49,85,107,51,75,123,100,96,151,170,174,126,75,56,26,118,72,40,120,97,26,130,78,70,45,39,62,163,169,126,139,144,75,153,167,58,81,40,26,33,81,183,56,203,15,56,206,10,102,189,196,175,1,127,153,225,195,25,41,117,131,53,119,75,174,241,193,66,177,241,129,127,111,243,14,174,105,133,141,100,70,205,209,5,47,109,73,224,41,237,127
235,124,248,174,38,147,205,220,231,88,63,162,106,193,212,88,180,250,123,254,0,106,186,43,184,227,176,41,134,62,223,53,47,55,222,73,44,192,127,75,241,72,30,129,217,170,83,102,105,98,222,86,157,234,211,6,18,39,67,94,229,66,142,247,79,27,43,78,180,86,218,83,109,3,127,238,229,196,59,58,124,163,46,85,192,81,113,119,146,137,4,168,251,3,184,215,248,92,237,188,79,187,41,212,237,123,52,121,70,56,123,134,85,70,128,232,195,74,40,148,32,114,109,223,216,141,79,96,127
66,183,155,82,37,146,45,88,74,75,59,203,32,246,47,160,12,44,216,20,212,222,63,110,212,118,95,28,212,174,23,72,171,192,174,120,7,22,176,192,42,204,93,69,203,73,191,3,178,13,153,64,97,220,133,16,33,211,111,86,53,213,24,79,211,107,145,27,35,76,88,148,152,181,180,177,20,220,21,239,164,94,104,128,157,221,222,35,188,238,13,28,164,88,170,149,20,90,55,71,88,17,145,251,170,89,66,21,195,40,94,45,47,110,209,243,192,197,232,181,103,90,232,43,88,237,201,31,127
23,193,93,137,217,247,196,97,207,205,99,129,246,78,187,67,48,232,55,206,247,124,0,23,136,53,123,179,165,158,88,85,57,237,120,71,210,119,218,251,123,190,41,217,214,74,130,171,200,84,33,219,18,47,107,124,11,6,61,54,143,17,236,110,139,77,125,94,153,162,185,213,82,88,117,209,254,67,1,68,166,72,93,135,38,157,110,206,189,196,149,122,29,97,112,46,136,130,14,93,240,48,24,86,198,84,174,17,113,219,250,145,125,2,135,143,207,15,213,92,151,54,79,16,43,130,16,226,127
52,130,169,140,237,243,240,191,161,36,66,18,8,201,149,189,117,252,129,167,119,97,42,39,252,227,157,247,107,98,42,181,137,180,199,220,130,182,95,86,94,138,98,5,19,98,117,102,112,240,89,156,234,64,31,74,211,196,194,102,74,66,115,115,149,211,80,145,16,236,210,159,129,243,33,155,196,92,213,62,187,208,90,61,146,55,82,159,2,111,3,111,34,189,79,101,209,114,104,68,59,52,100,192,202,138,209,223,205,216,135,170,163,217,80,38,35,66,229,251,34,208,92,247,212,109,50,28,127
150,87,124,117,141,96,96,99,215,68,96,175,54,236,88,103,144,146,60,171,71,247,19,184,40,117,32,185,88,145,146,184,227,236,162,48,184,131,128,43,20,50,34,27,180,122,118,53,151,252,35,48,205,223,91,171,41,238,98,245,144,205,44,56,10,56,25,112,72,241,70,133,118,80,3,173,243,85,83,112,11,41,63,8,90,240,197,56,216,201,152,252,117,106,163,140,149,44,208,82,147,65,1,161,169,137,125,89,80,156,254,4,2,254,132,180,125,246,25,163,167,107,213,180,252,152,142,61,127
198,212,177,177,136,158,42,69,122,239,197,141,159,240,80,206,62,158,228,132,232,245,129,202,151,187,47,239,15,23,109,244,241,137,53,250,45,45,195,85,146,186,29,157,224,184,228,98,129,208,198,67,27,111,78,181,33,10,228,156,61,132,149,44,111,2,14,19,93,159,118,134,60,42,187,215,233,127,43,156,251,152,197,8,127,253,138,175,103,202,63,162,189,9,145,156,217,205,12,225,65,234,43,29,109,216,181,246,174,28,234,216,104,229,186,175,235,44,22,162,16,46,158,111,169,5,182,118,127
84,41,104,240,61,238,60,187,190,240,65,114,56,46,71,84,10,136,11,223,217,121,9,200,80,189,94,43,30,225,65,51,28,47,29,106,173,19,138,139,65,137,68,162,191,19,93,249,156,200,59,70,166,77,252,109,65,170,216,99,111,105,252,142,125,11,147,82,145,30,54,169,3,114,98,88,29,219,104,102,67,47,58,50,70,114,223,48,160,91,124,24,89,187,11,177,192,197,5,8,200,134,56,99,27,170,68,126,99,84,97,167,208,243,231,236,235,95,190,187,96,226,181,200,190,67,84,100,127
8,50,245,112,5,178,238,99,118,174,173,219,21,243,177,164,111,118,196,195,146,175,104,254,196,18,63,83,167,119,47,202,52,26,84,59,117,86,116,24,136,131,7,84,140,116,4,161,2,207,188,94,224,228,189,178,105,181,74,97,110,49,79,247,214,226,83,179,113,62,65,116,58,125,245,43,188,230,205,123,107,53,49,153,250,89,104,11,145,215,44,202,253,193,127,58,9,105,99,142,96,96,219,182,217,92,158,191,198,202,154,134,37,162,230,216,187,178,90,118,69,87,79,43,243,138,223,88,127
116,167,23,163,82,45,130,186,73,221,13,202,223,80,76,6,187,19,105,148,28,244,250,63,186,172,178,65,182,67,69,37,14,186,169,145,52,91,64,204,64,191,141,73,231,53,6,46,176,226,84,80,70,24,122,48,162,32,109,181,54,130,63,13,99,241,237,21,185,41,97,4,29,43,77,55,49,205,192,51,207,58,203,52,65,215,87,197,78,200,11,77,59,4,49,124,174,249,67,120,200,42,81,66,221,141,49,253,9,48,37,102,96,166,78,111,11,48,112,119,26,72,10,148,205,26,250,100,127
125,250,218,17,157,248,189,241,79,222,234,227,145,97,73,211,102,252,231,148,131,172,49,171,69,75,40,158,73,212,159,149,64,160,65,224,127,146,194,167,235,226,240,63,155,129,178,214,43,12,72,242,2,66,35,229,211,253,30,203,72,173,32,119,130,18,143,53,39,112,220,205,67,234,145,76,23,213,7,41,1,161,233,244,174,150,214,238,220,243,75,128,203,104,163,165,199,163,85,127,99,60,177,140,85,237,182,30,134,179,135,148,191,46,128,230,241,14,110,200,153,119,226,238,188,64,175,210,127
111,75,68,17,217,213,43,231,224,10,125,69,121,197,204,146,97,144,155,202,115,189,122,230,102,116,121,1,17,123,238,167,115,59,49,179,162,171,130,158,72,100,234,164,70,137,3,161,95,166,102,193,168,138,6,235,111,8,72,92,248,11,200,41,130,125,52,172,90,229,164,209,108,103,111,237,226,177,136,64,87,214,127,20,239,195,58,90,65,112,166,7,127,61,72,253,167,205,75,181,173,106,3,80,100,59,16,151,40,83,223,124,149,85,119,44,51,204,59,12,163,218,101,173,111,147,227,121,127
113,231,120,172,145,73,88,46,96,253,224,153,130,234,186,28,218,189,66,162,63,207,90,115,225,242,3,21,238,156,110,200,224,218,86,53,62,16,165,185,246,82,6,20,250,199,175,63,80,35,241,209,126,40,208,25,69,169,197,169,142,214,21,130,166,83,18,38,92,246,130,48,82,59,151,209,146,218,140,28,66,64,219,242,111,231,99,173,84,24,117,203,101,116,183,115,98,117,165,141,100,247,33,184,225,213,211,212,234,82,125,81,76,178,85,161,61,192,229,2,156,238,162,117,120,146,40,139,127
253,75,102,214,70,176,239,231,79,144,52,74,69,0,249,208,182,254,229,145,95,49,213,153,199,136,223,141,99,190,107,161,56,248,120,108,178,45,52,102,200,164,13,230,106,229,27,91,154,118,197,98,13,9,239,70,224,148,31,93,155,229,109,132,145,44,8,178,56,93,110,42,234,237,169,130,252,217,134,250,175,35,254,218,163,110,162,169,105,53,68,240,187,5,6,215,21,93,101,44,212,39,58,105,70,3,197,117,206,244,97,46,129,118,24,181,143,133,166,73,1,12,67,161,235,178,35,235,127
37,233,59,188,107,165,27,136,198,20,46,41,44,156,188,121,189,217,47,199,30,217,55,147,188,20,134,187,150,27,124,182,73,155,29,179,19,44,168,3,158,78,155,248,116,217,166,191,211,23,1,196,116,54,195,112,234,79,110,179,101,6,92,52,217,115,66,188,82,138,77,246,27,216,77,85,94,174,8,217,22,50,71,228,13,76,85,249,195,135,90,193,14,3,140,36,50,65,46,228,170,214,82,42,240,7,88,22,97,121,134,210,179,125,167,6,84,46,138,199,203,210,253,35,25,164,91,149,127
169,232,120,250,188,161,110,13,246,210,169,52,178,40,113,247,187,226,238,207,213,213,140,35,245,239,218,108,201,174,232,110,50,55,20,200,178,133,2,243,108,134,84,219,181,46,104,198,155,250,201,94,199,128,114,212,245,218,84,23,207,5,204,252,52,139,111,162,77,54,100,2,147,146,21,122,103,141,23,50,121,179,71,101,253,150,48,56,254,206,52,191,104,140,227,129,174,229,37,225,162,199,58,228,196,71,189,69,37,193,21,210,16,48,123,219,77,247,139,23,241,138,84,113,234,24,208,35,127
81,200,40,161,56,205,221,118,220,228,234,235,237,54,156,217,197,231,236,81,190,45,116,60,233,39,177,172,28,78,235,236,117,84,20,248,4,196,175,188,25,187,13,129,97,133,34,222,147,68,136,147,168,79,116,60,39,198,229,204,176,197,64,156,63,55,117,236,127,43,104,75,113,225,162,26,183,49,218,102,207,240,203,249,158,5,149,66,10,86,97,248,6,90,150,58,249,63,153,47,3,195,41,217,226,179,7,185,20,113,170,183,39,3,209,181,160,123,92,132,146,164,71,132,84,208,239,214,127
140,206,12,31,58,1,39,162,254,5,209,175,143,28,122,251,224,192,178,41,48,188,238,227,9,230,36,62,136,74,24,78,137,81,205,93,158,24,102,63,7,253,234,151,192,15,186,91,113,153,62,41,75,52,31,83,248,248,107,10,65,248,183,182,39,134,139,38,195,198,112,16,249,21,144,28,16,155,185,178,161,191,178,229,199,7,239,244,38,123,0,30,72,169,201,69,16,209,253,185,58,184,185,217,118,109,8,83,32,152,231,238,27,45,163,252,68,168,191,49,16,68,148,187,188,9,100,88,127
141,61,148,215,78,225,46,235,120,241,220,251,98,119,189,156,188,15,116,61,63,196,90,163,51,232,113,209,225,172,102,200,145,131,71,186,4,188,1,223,241,35,252,65,117,241,139,174,72,244,155,194,11,232,238,124,63,242,203,91,160,145,240,190,86,20,25,165,141,244,58,226,232,63,160,61,11,178,137,210,71,50,37,92,217,151,234,189,221,12,186,224,172,119,251,64,141,231,199,81,38,46,47,128,47,160,67,23,126,69,124,81,46,215,198,205,210,141,226,232,25,149,231,177,26,171,52,177,127
53,79,207,218,137,49,195,11,175,141,34,33,64,65,224,111,35,191,200,113,86,237,221,30,157,12,239,123,245,172,241,219,231,130,151,13,227,220,183,109,242,169,133,26,195,78,182,24,79,233,156,113,13,109,167,23,10,38,44,141,170,52,113,234,141,252,145,211,123,135,129,248,152,120,64,56,143,249,233,222,65,251,142,73,119,70,137,40,228,134,76,91,224,164,55,75,17,170,216,49,146,196,183,228,105,15,64,29,73,202,250,239,59,49,224,101,241,181,67,218,66,221,160,198,21,182,66,147,127
91,71,230,187,236,169,188,241,117,91,213,79,6,68,167,160,72,12,168,40,135,6,153,73,187,85,207,201,120,246,31,10,134,4,87,203,92,74,116,189,56,113,245,192,28,161,152,199,202,222,104,29,121,201,85,60,149,1,77,231,238,171,89,168,45,191,163,250,15,213,195,47,188,112,232,174,140,62,110,41,190,237,55,130,93,13,135,194,128,55,192,82,200,97,137,72,121,241,219,230,9,81,63,21,13,4,128,150,175,6,43,147,79,62,96,103,237,17,44,198,23,146,115,158,172,131,131,127,127
181,17,238,22,228,72,20,234,192,59,251,198,205,162,20,137,180,205,10,52,91,163,180,172,161,86,108,44,220,15,210,12,201,44,98,73,128,74,152,69,176,243,210,100,1,65,233,87,80,144,104,238,6,104,160,202,83,96,32,123,52,118,105,11,112,151,117,44,46,106,211,237,11,165,236,28,148,225,73,202,125,194,32,231,214,131,247,158,182,182,212,232,131,244,155,56,71,135,203,86,62,25,104,101,143,194,19,253,183,165,216,11,235,204,213,104,180,197,90,79,24,177,228,95,212,20,236,238,127
151,119,52,119,188,201,160,196,213,128,214,107,152,182,75,97,104,151,242,50,90,173,108,247,173,41,245,136,251,66,103,157,206,220,132,186,192,252,36,98,116,242,188,109,57,36,204,16,75,131,184,38,104,226,201,16,172,89,252,227,91,48,161,80,115,99,66,97,88,207,177,54,152,210,161,62,179,228,221,29,229,55,249,148,173,207,140,180,1,32,170,231,100,84,218,75,209,196,59,245,132,184,133,109,109,60,154,128,195,28,118,251,71,249,0,99,35,137,1,74,58,96,79,7,9,7,189,221,127
77,126,194,3,176,148,219,131,247,194,57,69,104,154,45,64,245,99,130,174,209,252,179,205,17,183,201,228,100,80,38,197,246,158,59,144,30,214,130,187,1,124,191,215,177,173,226,102,207,171,97,183,233,16,189,253,112,218,81,69,217,206,84,227,232,35,95,18,77,103,62,119,80,81,146,85,170,204,198,178,88,210,124,186,183,243,97,45,148,42,50,11,140,168,40,58,74,88,238,71,109,166,177,11,113,73,17,99,118,138,233,237,49,235,190,49,68,205,51,61,68,21,254,123,97,131,7,185,127
27,32,73,82,151,165,117,43,183,3,108,228,127,124,199,173,122,110,204,41,158,39,42,228,188,62,128,235,254,57,84,137,124,70,104,188,16,88,19,198,66,117,136,99,57,177,160,167,27,77,60,128,130,8,176,103,156,202,209,45,164,248,62,171,104,119,215,182,0,253,29,10,219,42,167,15,235,65,74,157,117,132,173,148,233,29,113,231,163,67,203,243,111,32,250,25,236,52,143,157,242,147,59,229,91,139,56,57,190,166,223,180,111,51,162,12,131,31,168,229,9,81,150,225,101,205,136,30,127
23,221,209,253,74,248,206,77,91,148,236,187,144,189,0,45,16,72,229,151,28,101,30,53,66,202,62,10,193,129,49,174,87,87,142,108,13,80,124,213,156,240,214,185,105,237,26,211,137,131,170,11,173,181,173,189,108,2,39,62,103,74,160,244,68,76,46,204,237,227,234,216,52,6,115,224,93,17,188,253,204,161,20,41,27,77,5,179,69,122,63,99,104,125,170,39,243,47,215,198,211,53,89,245,158,226,27,236,178,152,45,101,109,140,98,13,144,193,140,227,47,165,232,134,211,86,63,223,127
99,74,8,25,147,5,86,149,21,135,66,163,229,86,53,98,19,201,78,248,153,206,88,89,224,143,10,250,105,89,132,49,100,40,93,249,156,130,249,114,37,245,176,194,224,64,4,159,136,72,195,15,251,78,51,124,93,6,180,144,217,178,67,194,12,197,21,207,69,218,44,98,150,108,176,23,212,100,55,8,246,78,74,85,124,137,225,120,128,167,210,249,100,92,132,215,229,56,173,19,65,47,188,215,194,166,21,177,192,2,151,113,34,242,89,88,114,203,29,91,6,87,18,219,36,32,137,138,127
119,19,73,224,155,244,57,209,158,72,216,97,92,79,132,158,161,208,115,53,168,223,142,142,37,157,248,159,102,132,10,73,132,207,134,155,89,217,154,216,75,199,125,92,74,134,40,108,37,167,74,39,188,128,243,81,196,60,37,16,37,50,172,2,84,137,98,82,204,242,193,223,166,190,85,53,164,140,73,37,83,63,20,221,14,221,173,132,148,60,141,184,32,178,57,20,227,213,120,223,53,250,55,208,232,47,1,244,25,120,49,246,71,148,156,59,90,95,21,38,251,87,81,38,49,63,223,220,127
135,25,149,238,90,92,71,191,146,149,230,78,9,196,153,68,23,224,230,117,135,176,97,198,124,2,188,150,33,14,122,31,197,59,192,248,67,155,100,22,8,11,138,0,149,100,180,120,173,1,140,77,170,224,194,18,24,245,22,93,81,101,108,82,18,31,54,171,95,140,86,224,193,110,94,109,206,254,31,75,63,162,8,173,186,225,29,180,11,245,175,83,212,9,120,79,59,227,121,71,39,7,244,5,104,13,218,84,145,80,130,24,119,158,210,51,66,180,174,92,223,162,92,82,53,63,30,40,127
26,163,217,170,198,77,220,124,66,22,236,197,52,26,251,240,103,202,223,48,238,106,48,122,26,122,108,55,73,39,173,220,47,111,186,166,166,64,199,81,239,218,253,186,157,211,220,250,113,138,59,27,178,208,70,154,102,139,217,125,131,60,28,17,87,27,102,65,39,254,123,31,109,190,241,30,74,172,0,90,226,105,240,7,232,225,224,71,150,23,7,75,190,244,40,97,204,204,1,121,7,106,133,168,22,26,213,138,112,105,219,81,157,155,241,236,54,33,89,221,150,20,28,167,84,84,64,158,127
161,110,127,75,176,133,35,229,81,2,227,221,161,83,77,114,211,32,45,183,126,63,17,224,20,132,113,121,49,12,27,192,113,173,94,161,237,12,1,228,160,55,152,121,150,40,41,80,150,233,19,110,24,108,231,8,130,184,230,152,89,207,111,47,49,147,22,33,188,82,114,73,139,248,29,42,97,127,207,52,105,211,155,236,13,224,204,203,207,110,130,102,51,125,74,222,243,39,34,61,212,27,60,253,223,67,135,151,63,29,13,76,85,65,200,132,115,252,51,143,157,236,128,209,7,206,152,146,127
210,104,140,174,224,44,101,40,169,230,45,8,191,146,231,215,139,51,252,162,70,155,141,171,30,57,107,45,210,233,71,167,40,3,116,58,63,100,77,122,253,176,155,9,227,229,200,180,46,87,203,76,121,228,49,87,254,245,151,130,26,91,79,82,145,203,114,35,141,72,27,230,229,221,85,29,53,9,196,63,123,35,19,221,6,219,95,202,172,253,137,79,9,250,58,74,112,84,190,162,125,103,91,103,247,235,37,174,181,209,238,195,19,42,75,41,145,112,83,119,80,245,238,241,216,68,44,63,127
129,238,50,239,162,107,180,27,190,229,19,159,99,247,1,153,214,39,31,47,198,47,87,104,17,128,77,130,173,112,94,176,137,235,253,192,78,109,8,10,104,164,33,150,95,59,203,205,168,5,238,72,246,236,41,102,127,87,17,8,0,72,187,134,250,158,140,39,117,146,137,41,195,16,188,237,248,81,38,243,75,253,90,76,218,20,139,150,167,73,210,150,16,178,180,238,182,108,154,148,20,135,173,215,44,135,135,225,114,135,106,251,168,207,213,213,61,232,100,153,224,91,203,101,143,88,85,202,127
98,224,58,115,209,124,48,149,227,60,30,235,107,155,167,64,138,151,48,170,65,15,227,115,157,185,46,80,221,45,32,189,9,8,69,182,167,131,13,78,49,113,219,242,31,46,95,204,129,213,121,56,96,46,154,196,130,92,55,107,56,46,191,97,71,32,45,145,146,205,153,82,78,38,248,144,210,242,174,213,236,141,100,126,24,195,207,242,122,39,115,95,97,139,180,73,59,75,146,129,67,182,11,75,72,53,162,74,219,183,202,181,103,249,163,104,30,155,91,200,78,30,168,43,66,178,184,102,127
12,231,232,153,88,169,50,111,22,239,94,11,146,250,29,76,194,243,183,197,236,39,189,215,80,219,224,241,229,113,22,102,22,23,81,105,179,144,175,146,238,56,96,232,203,196,6,221,165,47,6,70,168,65,49,87,225,225,23,228,186,2,195,235,48,36,188,192,141,141,179,176,74,35,60,235,31,95,109,58,232,119,139,204,109,122,60,114,208,15,76,99,209,178,102,241,249,31,19,76,12,137,137,77,97,223,16,32,62,123,76,12,106,247,18,175,44,91,179,219,185,204,212,19,119,201,159,237,127
106,15,217,197,120,115,198,204,39,35,72,233,199,46,134,66,21,33,87,135,193,121,107,85,170,45,73,241,3,155,242,108,252,158,84,152,214,183,159,163,237,84,118,27,208,30,231,15,201,63,243,6,186,193,47,34,144,147,144,118,58,233,25,32,72,124,23,219,62,68,249,28,97,37,204,164,155,33,200,187,227,50,230,104,40,15,177,1,166,47,18,16,236,206,222,183,141,134,216,119,13,183,252,71,181,197,19,190,43,155,30,107,169,63,147,53,210,166,133,135,99,116,248,195,203,86,251,116,127
145,199,130,126,120,195,72,55,19,239,172,168,127,73,87,54,188,221,80,80,55,86,225,42,249,6,73,63,155,80,94,148,79,241,208,219,11,151,123,212,100,222,122,1,169,145,216,37,249,140,29,132,165,55,51,17,213,152,81,80,217,213,31,96,85,197,131,6,52,43,232,125,186,45,182,238,169,133,213,65,123,81,165,150,238,156,206,239,53,110,246,27,222,240,64,28,47,215,204,117,225,56,48,185,206,86,92,214,86,2,195,171,5,156,33,171,55,108,123,152,104,138,62,220,64,29,179,162,127
160,73,225,165,140,221,116,14,167,64,150,146,244,232,7,19,51,79,49,42,181,46,191,242,160,73,97,27,33,36,238,177,17,76,173,135,108,5,41,181,114,132,168,13,224,76,69,73,108,252,195,75,220,248,6,82,194,39,244,139,31,73,133,140,67,142,147,106,171,193,246,182,52,194,46,68,177,191,175,135,178,141,217,149,182,89,210,167,201,80,168,94,176,193,197,193,62,110,83,226,234,197,178,58,2,109,16,163,95,18,248,42,171,113,195,241,202,6,10,103,81,246,22,207,114,148,75,241,127
22,201,110,91,16,170,13,76,194,56,53,241,38,166,150,45,135,61,40,72,154,198,18,219,73,90,94,20,223,120,114,209,170,209,110,134,41,29,38,114,48,23,1,225,40,201,86,126,245,229,224,67,46,165,29,131,36,148,8,157,25,113,98,207,24,241,154,199,184,179,90,155,175,8,161,143,61,12,233,247,221,186,237,13,88,47,100,230,235,158,82,13,138,62,54,222,202,179,130,126,53,173,49,55,40,13,86,66,10,88,173,217,198,115,177,88,131,214,187,245,32,141,10,131,132,130,16,85,127
193,218,87,145,0,29,35,181,5,48,67,85,36,239,126,178,148,219,25,132,154,128,89,87,51,183,165,87,175,173,85,30,184,95,167,185,178,190,237,58,53,199,249,230,101,179,133,2,192,104,176,109,234,224,145,136,41,53,143,240,228,243,32,206,63,201,152,48,53,132,138,94,37,52,209,148,64,14,6,11,204,196,26,123,28,245,135,23,95,110,69,139,150,187,235,129,215,4,204,50,221,78,70,137,202,215,74,250,127,198,49,226,166,16,46,246,178,29,141,121,202,15,38,155,133,59,231,55,127
218,77,158,147,117,213,92,194,230,14,51,213,10,53,4,24,230,52,113,0,40,214,170,151,98,28,95,36,57,44,149,251,8,156,77,71,64,164,208,247,90,250,160,246,163,63,3,153,56,5,23,164,176,225,235,209,193,224,211,212,1,125,50,29,197,21,88,115,30,121,127,101,225,217,113,80,75,7,168,172,88,80,118,59,251,88,198,138,137,59,243,208,142,67,122,51,82,101,2,230,108,3,46,198,104,141,47,167,151,43,239,173,32,97,109,229,28,92,229,218,220,116,186,14,98,117,150,4,127
198,203,168,98,53,94,249,176,187,51,6,151,183,231,125,210,251,152,222,6,193,210,127,116,74,108,122,225,232,105,84,79,231,126,38,182,126,8,199,13,233,251,99,114,34,171,151,248,195,253,236,187,131,127,98,226,199,168,13,200,178,25,163,122,202,84,7,217,216,29,67,144,41,236,238,112,91,177,31,184,198,232,181,16,50,69,51,238,174,39,210,1,170,157,84,75,11,13,102,66,160,111,141,233,215,227,240,35,195,92,55,181,195,67,167,152,113,128,192,213,164,200,68,106,106,131,184,167,127
66,156,251,109,103,232,231,225,59,122,204,134,198,127,110,161,22,19,211,243,98,108,91,65,117,27,209,24,173,178,15,178,171,245,219,107,129,56,161,126,9,183,64,125,27,66,123,166,24,36,30,16,251,103,63,191,159,71,175,74,57,56,103,242,118,94,100,76,191,241,30,201,215,195,211,49,209,136,79,216,21,206,15,142,199,162,22,5,213,135,86,40,70,66,192,226,163,30,243,11,84,189,119,82,174,24,146,218,211,160,195,160,229,115,231,26,178,167,20,150,220,239,35,253,89,202,160,173,127
97,50,175,242,25,32,176,236,158,82,117,127,84,181,201,188,178,234,136,84,125,198,158,149,149,87,150,98,40,94,20,3,51,225,113,115,31,20,5,24,37,11,41,16,91,86,27,119,136,20,12,175,153,10,42,152,53,87,232,150,239,215,185,103,203,197,100,217,109,206,173,55,173,235,216,19,73,182,199,42,162,231,184,156,88,224,76,168,124,136,23,201,210,105,120,7,33,178,27,103,221,76,190,79,130,168,113,8,18,127,58,63,4,228,195,84,167,96,164,88,11,132,201,155,159,173,58,253,127
163,246,209,223,137,124,55,102,156,179,91,7,208,239,182,62,20,244,130,93,195,115,72,117,121,85,232,134,217,61,28,89,186,215,111,159,15,18,143,167,233,2,114,82,41,35,216,163,63,224,2,50,125,217,45,222,179,32,77,230,239,116,103,147,80,77,179,81,198,121,101,8,14,2,234,192,192,9,112,29,219,186,108,178,193,133,246,150,220,129,133,117,12,200,231,30,141,19,229,11,169,251,133,254,28,188,202,230,99,213,169,24,198,96,191,61,239,125,100,97,10,209,115,64,144,165,125,78,127
148,25,167,147,221,103,140,75,83,171,10,13,80,180,104,203,195,74,234,153,31,32,99,91,6,220,154,177,218,201,67,104,142,14,37,215,45,115,192,87,125,199,141,165,19,235,139,214,244,41,31,73,104,254,43,235,248,64,25,72,134,66,12,142,58,204,16,70,183,220,116,238,111,27,237,51,109,211,177,154,212,8,124,153,229,129,55,110,47,95,147,29,200,6,43,76,26,121,26,140,31,149,217,172,158,86,59,127,242,159,2,193,19,197,16,216,7,81,181,36,25,234,22,60,49,87,123,111,127
16,154,117,224,105,237,100,186,120,153,207,183,109,4,224,27,11,10,176,222,5,83,174,44,26,137,80,165,49,53,27,178,157,135,51,132,45,174,115,164,201,111,67,244,180,0,101,170,132,68,178,162,241,190,237,165,76,32,236,36,20,2,180,200,85,166,38,201,158,9,244,42,44,199,49,67,104,115,54,175,88,169,248,2,91,183,241,191,116,138,173,212,220,148,45,232,105,178,39,206,202,128,115,120,244,196,25,2,147,105,217,213,155,34,82,198,237,103,51,76,189,66,148,99,249,220,190,243,127
216,107,57,103,72,111,211,5,164,140,231,51,27,50,72,139,17,233,57,98,84,31,40,180,141,253,11,212,166,209,62,134,178,140,19,35,8,30,37,169,168,163,225,139,120,72,234,104,17,56,239,200,119,59,53,91,26,12,187,60,28,156,231,12,7,132,174,64,79,236,243,190,69,65,178,136,24,159,177,75,157,237,138,175,38,170,177,9,55,179,133,83,44,150,233,90,112,114,23,192,98,35,97,154,158,246,142,14,107,226,149,16,218,194,162,79,163,154,55,2,238,46,54,75,196,66,62,168,127
26,186,3,137,218,34,13,233,47,172,151,239,30,4,249,102,87,112,168,223,94,253,25,112,248,53,221,5,177,213,185,245,246,74,70,70,31,115,143,122,175,150,69,55,156,164,222,171,100,119,132,23,168,101,86,190,51,170,103,119,94,243,29,141,118,76,153,37,48,1,38,237,201,226,236,231,19,208,3,179,222,21,130,109,198,70,108,87,94,130,44,225,63,159,2,219,156,17,248,35,77,215,156,42,143,249,168,207,116,3,49,48,60,141,196,228,44,46,103,110,68,167,199,89,151,138,172,227,127
114,116,231,123,134,134,212,62,178,62,4,146,169,213,121,84,183,139,148,247,204,179,157,158,56,13,77,81,252,201,199,18,135,245,164,11,37,168,233,232,103,242,80,193,7,148,18,3,135,182,117,175,190,129,52,173,166,163,143,55,217,249,135,169,110,248,59,189,41,121,163,53,114,40,77,73,150,89,242,29,183,135,110,231,30,197,197,93,203,218,47,140,122,84,184,39,191,181,27,135,213,101,67,23,23,156,161,201,112,161,167,49,14,62,48,32,193,216,127,30,235,153,155,74,132,165,17,140,127
213,196,8,40,47,155,240,8,144,84,180,45,180,216,5,190,12,215,23,31,6,87,38,45,13,85,58,223,47,233,212,222,179,80,182,33,18,192,61,101,243,54,46,79,119,30,45,10,244,107,196,197,42,78,181,18,109,155,218,171,249,144,252,200,147,179,238,236,229,1,190,121,227,60,214,33,240,124,76,126,140,119,249,75,21,237,71,37,179,229,54,114,150,248,246,139,43,122,22,58,230,215,25,200,35,71,40,47,47,87,100,43,134,165,19,63,5,249,76,152,169,134,102,74,106,159,186,90,127
108,158,184,187,168,135,105,53,105,152,143,78,86,98,105,99,168,28,43,133,188,186,143,68,62,141,128,133,185,82,43,148,108,72,15,86,192,112,75,191,123,136,6,190,194,114,171,233,210,182,142,98,132,5,106,116,177,41,16,146,114,136,90,253,144,99,25,195,193,178,55,132,252,103,56,151,121,118,93,84,233,238,254,212,47,164,67,35,113,198,152,120,221,103,161,100,41,155,105,71,43,31,170,244,167,34,147,160,72,40,35,155,32,117,82,129,159,125,129,61,4,150,37,170,80,77,114,109,127
101,58,253,137,206,93,223,206,247,96,52,145,177,16,2,227,47,24,239,24,58,37,164,213,238,120,11,39,8,185,198,75,240,213,93,177,8,160,208,111,96,8,149,190,235,16,111,146,122,4,99,209,131,44,201,14,209,39,229,17,88,156,20,167,188,44,164,131,18,208,2,109,112,173,50,189,219,248,84,213,123,156,254,154,254,143,147,221,36,23,53,148,117,163,102,83,41,240,239,172,147,236,147,19,222,203,67,114,191,141,34,141,216,243,155,157,188,213,246,158,219,98,254,225,237,80,136,17,127
91,111,23,172,153,172,200,245,84,171,231,117,14,108,168,89,56,232,121,49,218,253,106,100,127,194,246,82,248,32,137,79,91,13,183,251,124,46,240,237,28,52,141,118,243,248,122,15,34,227,124,93,180,250,128,168,59,122,226,78,57,164,28,55,189,45,250,165,72,26,110,104,84,8,226,174,182,23,142,191,58,236,32,245,17,66,140,42,5,115,216,245,141,4,234,153,215,18,19,154,189,241,225,130,108,104,93,114,150,208,98,211,41,34,126,104,92,103,125,177,35,216,99,204,55,146,197,172,127
100,51,68,209,210,155,21,229,57,254,68,29,46,55,56,244,63,208,80,108,49,171,39,37,67,249,216,183,58,8,234,245,73,249,184,115,42,67,214,173,215,183,119,139,10,134,223,69,233,74,132,221,20,154,133,158,128,35,218,191,157,182,118,207,138,184,253,178,148,109,154,150,2,165,223,169,192,56,116,20,156,176,216,191,43,25,98,246,85,253,72,88,117,207,221,201,217,57,84,31,101,204,249,215,245,38,173,156,233,224,37,201,206,170,210,118,76,222,54,69,161,198,94,65,250,98,151,43,127
66,93,50,37,164,22,129,151,52,148,142,90,14,94,200,150,56,220,221,194,247,43,91,215,128,202,37,75,24,207,178,198,128,96,60,147,209,0,48,81,161,105,60,150,15,227,69,38,213,128,62,50,239,161,134,233,108,182,33,250,242,188,234,29,166,164,28,251,78,22,220,67,173,103,13,241,138,233,157,42,141,92,119,236,50,201,144,40,40,35,229,80,203,139,8,91,20,72,137,33,252,247,82,153,15,6,133,145,184,116,89,102,142,230,203,246,170,211,41,200,4,212,132,98,96,180,52,107,127
225,6,20,37,249,153,55,27,84,16,213,100,163,196,247,28,120,20,200,237,8,100,84,109,211,65,187,129,1,166,193,192,155,150,105,216,216,171,254,65,254,120,228,41,125,114,120,100,147,251,88,213,72,48,222,23,166,195,251,62,23,84,63,42,2,196,131,174,202,120,10,91,97,27,124,20,209,169,98,239,227,35,211,115,10,10,162,88,95,178,147,52,21,42,171,223,51,249,164,5,234,194,36,38,219,212,180,207,219,133,93,71,126,174,134,190,163,3,237,229,154,243,109,106,165,131,107,56,127
238,24,96,1,124,67,233,95,121,175,54,196,26,162,79,236,132,235,167,35,130,167,24,198,165,53,156,232,121,187,30,116,244,205,155,52,115,23,35,192,248,109,79,96,111,26,9,86,194,165,4,187,224,5,15,195,251,95,72,162,168,21,229,106,55,29,21,108,192,81,109,246,72,49,103,179,48,196,223,228,161,33,74,135,20,11,72,26,175,21,166,166,27,190,137,102,65,125,24,163,90,160,186,27,200,62,72,27,60,72,85,227,121,241,121,73,126,248,15,194,168,90,164,16,38,97,248,34,127
156,136,77,134,24,100,41,129,104,57,190,79,109,166,125,238,54,168,3,57,232,206,190,119,73,143,87,49,29,150,56,56,248,229,73,9,186,56,116,162,144,105,254,11,145,72,87,252,8,203,34,45,90,63,63,125,73,29,59,183,204,40,89,173,196,61,38,225,175,181,0,199,33,6,191,201,146,233,179,203,127,103,22,39,74,35,119,214,190,237,89,106,8,135,138,206,174,106,247,136,40,201,192,17,244,31,210,30,23,59,253,57,151,179,128,162,163,187,86,211,214,189,202,77,40,167,187,175,127
164,143,16,58,162,74,166,44,29,238,188,233,71,226,196,231,205,36,26,216,252,249,119,2,93,100,226,80,129,146,96,145,190,30,88,249,115,131,249,104,202,219,91,156,134,21,108,64,113,194,38,56,204,76,88,109,57,54,240,155,196,215,166,139,189,165,201,42,224,75,242,165,114,142,176,191,43,167,61,49,54,38,136,188,83,124,209,204,21,214,14,184,237,101,215,210,151,228,220,175,8,21,240,239,172,32,190,229,234,78,6,163,198,254,207,74,72,72,95,123,123,174,123,11,132,239,234,15,127
68,124,37,48,72,121,218,135,217,179,50,45,245,15,91,172,169,207,234,63,71,87,56,69,195,38,245,119,8,26,249,244,244,59,164,192,99,46,112,74,100,211,177,230,71,170,111,145,33,90,59,157,168,164,3,19,241,157,188,226,226,194,142,52,139,191,97,219,248,44,120,201,63,54,174,86,243,251,216,210,11,177,148,90,178,7,189,231,223,209,197,84,101,193,171,63,138,72,164,78,15,73,94,184,30,43,186,21,172,246,62,84,123,155,100,11,31,221,243,161,160,33,47,20,75,196,71,207,127
26,165,211,172,153,237,228,153,142,202,128,240,115,95,102,109,9,241,46,186,242,98,166,207,49,37,42,143,84,109,89,217,2,118,203,113,88,221,168,122,37,220,138,196,232,215,34,191,81,208,146,207,7,123,201,56,237,118,197,180,83,68,237,153,92,133,107,133,84,171,111,164,186,123,204,140,75,146,159,121,149,59,239,60,212,89,6,201,145,145,212,45,30,41,127,92,247,10,145,164,40,48,252,47,167,221,222,203,245,63,200,82,142,218,242,99,155,0,8,244,62,30,52,65,194,155,87,71,127
128,55,18,155,66,207,22,184,27,154,7,179,6,142,203,224,83,71,136,61,172,102,233,176,225,197,143,161,57,4,240,62,46,116,78,42,117,172,99,206,50,95,236,150,243,21,25,33,176,49,79,96,125,39,174,132,214,145,181,25,176,158,162,66,185,25,253,26,51,112,63,101,98,190,86,188,18,65,231,77,185,199,180,184,39,80,244,194,194,217,8,112,191,10,195,78,14,77,163,243,193,180,240,61,62,153,179,167,192,148,74,168,224,179,207,251,248,246,53,156,114,34,223,130,114,22,230,91,127
218,204,87,49,168,100,195,118,154,148,180,49,41,45,217,23,61,215,106,220,176,4,234,237,30,135,91,89,3,91,30,189,56,154,45,252,182,160,82,152,108,154,79,56,197,138,150,248,96,89,64,87,152,160,84,229,113,151,233,128,143,187,43,226,43,245,133,141,113,121,236,153,60,48,63,28,92,90,239,107,127,6,252,185,143,70,59,40,91,189,165,207,59,197,23,151,51,169,108,107,243,151,169,237,144,146,180,174,206,0,144,217,155,251,36,234,65,18,214,141,100,13,211,170,222,83,220,72,127
148,216,98,73,223,66,193,173,147,156,231,41,242,69,209,38,132,44,198,93,31,218,116,169,109,135,247,50,38,38,50,227,197,215,122,61,145,63,175,198,57,155,84,49,93,199,197,194,59,103,216,167,63,66,52,189,198,210,70,87,137,2,54,241,76,236,68,179,83,166,119,210,216,110,55,87,146,21,156,238,191,119,12,219,153,10,91,107,146,175,11,82,21,208,140,13,186,18,82,169,52,125,132,108,187,46,228,173,79,0,135,157,209,142,144,4,177,23,69,180,73,71,124,39,24,45,131,231,127
5,139,150,231,120,48,148,11,93,57,8,94,208,26,53,98,237,119,180,174,226,137,53,65,142,157,47,159,151,154,145,46,73,188,121,97,166,3,235,203,196,221,31,47,178,24,210,38,250,143,251,170,6,104,221,12,171,55,11,113,194,184,147,40,161,197,61,94,75,139,54,137,12,253,235,252,166,152,179,34,155,164,62,248,164,219,167,23,153,222,25,148,132,252,54,142,82,204,158,162,12,197,25,88,133,212,191,1,141,143,244,236,181,124,96,153,251,67,117,135,66,153,159,136,227,9,30,184,127
127,253,153,118,183,93,46,241,158,165,199,162,160,118,15,43,103,129,61,75,171,132,202,31,127,43,8,62,68,68,157,231,112,17,6,2,170,16,55,43,211,150,236,81,184,118,78,214,76,202,55,174,61,85,230,211,248,252,240,122,166,23,111,210,186,193,90,239,169,8,77,237,62,231,80,95,124,131,13,90,144,161,35,112,242,116,244,242,54,44,33,7,38,141,44,34,240,115,84,222,87,17,178,148,39,149,236,177,208,62,4,183,86,35,119,122,148,15,156,173,78,92,236,21,156,166,203,102,127
102,244,127,116,214,239,213,23,203,234,39,51,217,60,56,199,35,180,177,158,153,250,79,148,38,138,128,222,223,71,195,76,81,138,27,107,126,222,196,155,108,163,152,189,39,18,108,94,35,228,100,198,197,174,184,199,70,27,210,219,171,51,102,239,43,185,178,26,55,207,47,137,168,157,112,22,70,142,95,211,108,183,198,228,121,211,108,35,78,195,191,107,138,108,163,200,234,251,249,246,98,205,176,181,175,45,127,176,209,11,162,85,202,33,126,143,154,119,47,91,31,252,38,47,204,14,236,136,127
237,74,102,206,55,210,142,193,124,226,180,38,194,135,104,210,76,65,115,175,252,87,56,137,179,7,160,193,189,68,169,187,231,96,109,203,67,205,220,137,247,233,236,87,55,3,182,226,101,38,100,161,162,14,173,122,204,37,61,17,177,24,176,14,193,170,123,146,35,5,75,33,253,11,130,68,116,231,155,8,48,178,227,93,82,241,181,54,81,166,17,122,6,66,193,200,100,90,112,240,131,202,114,73,46,22,223,141,231,228,103,159,14,99,207,216,145,8,201,203,14,188,229,124,175,154,5,29,127
39,80,243,50,13,87,26,9,98,239,119,221,204,90,85,189,21,101,175,152,7,20,129,200,34,32,132,157,86,73,94,20,149,191,171,252,160,82,19,140,69,226,175,94,46,62,28,28,44,31,50,129,71,18,189,234,29,131,55,143,159,208,154,217,177,28,167,198,159,58,158,8,161,253,22,22,174,109,141,45,103,28,227,72,203,41,144,143,60,159,248,79,40,132,99,191,179,31,224,194,10,35,125,97,12,239,69,23,184,252,87,106,119,20,139,238,186,216,177,184,68,0,53,79,16,150,99,48,127
74,166,227,52,119,230,66,93,170,84,85,90,215,247,187,225,53,206,109,173,221,231,193,161,200,96,33,234,198,106,178,201,116,13,13,132,131,187,225,131,39,198,125,140,33,242,233,171,138,208,61,12,152,56,124,59,250,190,44,14,163,204,204,36,213,126,31,249,130,190,57,170,47,10,32,207,104,96,126,82,45,6,103,197,2,47,113,160,151,129,16,43,174,197,222,104,178,89,59,112,13,102,194,201,170,196,142,67,55,160,20,32,166,237,28,177,37,124,103,107,148,174,33,26,156,197,40,88,127
100,18,214,133,234,82,198,235,44,149,174,85,220,140,199,253,152,182,170,196,147,162,8,133,4,155,130,6,133,57,36,225,49,207,19,188,100,63,87,104,231,44,130,130,46,91,39,229,95,170,168,57,233,134,44,90,1,147,215,3,195,183,154,140,202,225,210,110,65,180,144,146,33,72,169,155,253,27,14,8,92,81,144,237,20,157,194,186,224,94,167,58,171,184,59,250,254,226,220,7,230,212,36,23,94,212,182,57,179,6,197,167,143,153,164,118,22,53,21,95,57,120,98,250,210,244,79,137,127
147,35,156,142,232,226,53,89,242,63,162,161,164,106,65,124,19,33,125,187,113,98,202,217,30,55,46,99,136,109,208,200,76,154,56,165,224,71,124,250,210,38,101,186,138,144,3,253,117,66,171,154,226,200,72,68,230,76,252,191,229,245,107,48,161,30,121,156,91,19,151,132,243,94,229,123,8,15,121,19,243,91,65,36,58,251,213,252,36,237,5,221,203,83,112,64,69,216,6,239,207,85,167,239,183,250,214,159,144,17,152,190,47,150,88,16,91,131,7,104,30,52,19,84,187,224,1,65,127
231,92,246,163,16,154,145,56,62,203,230,233,88,134,32,97,2,84,177,236,113,97,239,100,28,119,177,9,12,214,189,125,10,52,135,2,30,253,175,245,71,25,116,156,20,236,233,88,10,171,157,0,74,108,65,21,236,176,205,161,192,47,58,129,80,159,85,29,100,1,192,200,7,29,169,233,214,192,154,233,29,173,240,156,214,201,220,187,220,231,203,228,184,155,93,198,65,186,197,89,188,11,216,228,110,171,88,145,243,171,236,217,132,97,23,124,16,187,254,129,65,227,135,56,213,109,170,198,127
175,130,248,206,166,154,25,46,159,47,193,146,79,13,183,166,146,129,215,162,223,9,60,157,160,164,81,186,216,129,94,181,131,151,214,189,176,9,198,67,24,130,213,206,132,47,209,140,115,26,206,227,129,240,111,117,187,232,18,236,226,212,97,200,61,45,63,127,167,28,1,36,245,88,63,64,53,58,39,98,46,89,249,75,205,213,187,31,149,154,120,66,39,168,153,185,85,19,236,193,235,76,168,86,95,161,60,167,202,241,22,177,32,144,224,238,125,114,65,237,225,22,215,220,224,3,91,46,127
26,209,81,160,70,99,204,164,215,90,184,7,144,102,14,93,249,213,141,186,189,47,211,167,175,143,27,171,105,88,2,86,121,154,169,155,207,42,120,4,221,217,208,134,180,11,216,134,2,93,245,32,234,77,177,20,26,216,230,19,246,173,242,100,5,178,156,44,217,73,188,145,27,156,134,48,88,3,21,87,38,111,60,192,208,66,85,64,94,19,81,223,220,30,20,76,162,161,129,252,42,48,32,207,58,94,22,143,164,190,220,135,237,45,215,55,125,243,171,104,232,64,217,24,198,20,54,234,127
213,208,43,20,112,156,220,251,108,88,124,76,46,191,186,181,247,209,192,82,170,229,17,130,55,118,239,2,87,14,96,190,165,72,238,215,146,30,243,246,253,7,89,193,46,199,174,244,73,184,216,234,76,58,237,100,208,24,110,12,189,107,62,70,145,31,140,134,138,199,246,232,155,9,51,194,107,120,171,125,172,254,24,219,165,15,63,164,21,192,179,59,38,194,219,153,110,208,39,242,172,57,57,170,73,212,232,130,24,36,118,48,159,18,172,205,175,42,100,142,134,87,112,162,114,239,34,199,127
141,116,127,17,99,18,56,230,191,107,60,252,173,44,168,188,130,73,226,186,69,158,199,175,241,56,52,254,54,177,244,14,23,32,111,131,115,205,140,100,167,236,10,34,144,88,27,118,147,238,141,185,237,51,125,70,211,216,86,111,101,155,146,253,245,175,174,240,133,33,182,37,152,2,141,230,59,179,173,42,105,211,180,84,185,53,183,213,45,28,97,233,96,203,183,146,60,181,45,157,54,84,219,155,123,144,198,14,79,15,217,124,58,223,127,134,225,234,147,21,58,228,93,243,111,58,14,109,127
4,90,178,182,105,100,144,110,101,208,122,187,8,199,169,193,150,175,154,125,65,178,103,48,31,1,172,34,216,218,60,75,85,149,242,219,69,124,66,17,132,224,159,87,30,225,43,111,205,246,212,69,215,76,39,209,247,100,129,4,193,243,66,140,33,99,196,240,170,214,214,146,180,216,172,186,208,115,141,8,38,242,24,152,44,60,113,127,52,156,217,222,107,189,53,71,178,216,230,99,35,67,162,78,68,95,11,84,167,25,153,116,49,168,139,128,43,64,192,34,88,218,144,93,245,192,157,98,127
90,166,96,102,155,235,113,58,100,243,195,163,13,145,103,75,76,39,138,77,147,124,160,106,96,125,177,66,243,150,65,197,250,186,171,84,236,209,177,134,109,33,94,22,49,22,46,138,168,54,83,67,219,242,30,40,187,198,3,66,39,99,240,57,41,118,139,117,163,249,65,38,131,78,229,213,13,179,16,64,11,38,150,146,111,95,29,168,177,32,168,200,98,139,127,88,172,229,191,62,86,101,64,58,26,5,13,38,108,98,222,67,99,207,65,236,113,56,190,50,58,83,228,97,63,80,76,55,127
225,81,233,253,15,110,177,208,142,106,73,105,56,65,81,124,229,44,152,2,227,40,213,78,157,63,121,81,113,164,126,226,42,178,207,240,232,142,226,154,144,173,46,104,195,136,91,174,8,201,62,212,234,5,25,108,158,179,68,57,187,52,155,160,5,26,77,226,216,59,136,156,73,6,106,197,253,160,12,197,39,209,182,64,193,40,18,11,170,92,88,83,22,65,133,80,89,113,60,60,252,235,212,151,51,133,30,17,72,56,0,162,137,192,228,91,60,45,16,101,139,17,228,7,10,175,133,62,127
27,107,127,212,94,164,38,87,226,209,45,129,124,10,238,136,92,201,49,251,216,240,10,199,124,240,103,96,198,135,151,162,244,13,207,91,13,245,159,185,21,246,214,1,91,4,237,193,169,210,249,92,109,81,70,43,47,33,72,193,24,246,187,130,62,90,30,215,145,100,90,186,205,173,107,73,59,43,111,8,115,55,175,178,93,209,200,213,202,91,119,238,55,240,22,149,4,140,70,175,12,240,204,63,223,35,7,79,70,135,5,142,253,73,135,183,157,193,205,52,103,113,79,90,155,32,137,24,127
43,66,18,223,117,236,194,146,137,74,2,47,146,45,230,71,218,56,184,143,20,99,129,153,233,128,239,31,57,50,247,52,201,11,203,247,80,248,2,30,212,239,111,231,9,17,20,61,236,242,124,163,95,73,133,159,37,170,29,208,191,242,171,177,17,241,129,57,216,40,223,90,144,113,33,159,16,63,111,39,16,156,223,28,2,215,16,12,236,184,52,92,85,72,74,191,120,77,183,116,195,223,48,207,46,115,82,92,70,8,171,174,23,167,60,83,57,97,190,107,85,169,34,196,87,81,153,117,127
234,195,233,251,205,176,132,69,44,106,185,75,63,29,144,207,5,31,25,59,170,89,250,17,137,122,16,172,37,29,31,10,5,163,88,115,212,252,185,123,110,172,178,79,75,37,107,243,171,61,6,113,13,19,201,218,87,77,208,132,250,60,73,79,11,143,29,161,216,211,209,114,155,224,111,122,236,203,38,59,149,60,187,29,27,253,13,142,83,131,88,213,206,70,243,212,25,184,134,73,170,33,226,153,90,11,78,113,67,144,201,42,206,57,113,62,244,21,101,245,236,195,10,144,205,234,62,90,127
132,180,31,202,2,178,119,45,165,44,158,157,70,97,88,136,144,176,239,242,77,22,46,24,77,247,237,55,41,125,141,46,246,117,227,32,243,13,112,117,195,32,174,23,70,218,51,222,69,29,187,167,53,45,158,6,213,94,144,23,3,95,61,142,176,159,252,68,87,81,52,57,15,242,142,79,198,223,79,36,237,18,151,107,250,129,216,56,62,169,232,8,86,188,239,114,209,65,199,98,69,47,78,24,90,90,72,224,40,102,73,96,188,122,241,14,211,88,111,65,128,225,139,4,128,210,212,144,127
83,151,174,135,171,223,129,164,106,224,215,106,187,178,8,27,28,190,95,122,33,136,251,183,167,206,77,51,127,9,200,5,197,19,167,145,137,154,220,252,111,70,83,148,47,139,163,228,245,78,129,10,57,60,144,83,149,169,127,65,36,202,208,30,121,22,230,79,83,241,104,89,207,134,115,199,217,236,44,94,246,182,153,198,253,188,51,19,92,109,74,206,132,31,24,23,177,103,232,176,169,172,242,77,74,42,14,239,55,213,250,145,164,16,177,120,66,14,214,217,238,195,63,193,0,214,187,173,127
23,220,223,185,12,232,196,89,2,136,184,31,84,42,72,104,100,14,22,38,102,179,124,97,170,234,11,85,27,67,65,226,235,2,96,58,241,223,132,156,193,164,75,70,121,185,9,252,51,208,100,40,221,166,191,159,103,79,25,111,34,78,210,211,155,195,111,147,156,199,8,67,45,106,201,91,26,183,58,199,206,189,231,170,135,99,77,206,177,211,76,172,181,26,83,233,15,171,102,106,137,146,65,32,129,12,237,169,239,251,169,152,147,93,133,246,70,106,187,88,17,129,210,101,194,24,120,77,127
187,99,10,115,138,149,189,13,196,234,65,223,230,203,54,248,132,39,147,196,206,229,46,134,77,56,114,112,152,123,39,221,242,62,178,247,192,149,164,172,113,99,182,27,109,112,69,86,54,129,227,27,82,192,49,122,179,89,82,18,197,165,0,93,214,178,2,213,253,118,236,126,64,222,42,220,100,94,231,11,9,235,79,219,202,151,8,48,111,139,154,73,242,147,105,160,92,240,43,62,220,35,250,250,139,45,100,80,72,95,243,78,154,66,241,146,71,225,252,149,21,186,40,87,231,150,169,158,127
119,212,77,89,86,215,59,150,64,72,2,48,157,139,130,185,245,131,9,53,218,37,94,86,244,245,239,61,219,63,223,231,48,28,162,180,201,251,184,211,140,69,215,8,4,171,58,245,188,122,50,16,86,175,251,224,11,2,16,15,233,154,204,44,1,203,100,89,235,177,42,233,26,105,233,16,60,199,97,7,67,227,224,81,3,29,172,119,92,70,177,208,101,98,136,179,69,169,82,176,95,196,121,64,115,138,82,188,135,171,39,252,211,249,60,124,119,209,18,229,173,215,24,209,78,97,233,124,127
221,164,237,13,182,236,144,146,130,62,92,65,3,171,161,34,183,112,111,161,185,227,237,10,54,114,174,111,250,206,216,77,73,8,21,246,221,223,48,253,39,111,219,154,214,54,216,113,217,154,70,182,77,127,128,248,15,52,100,183,67,112,17,69,100,218,115,57,68,106,155,25,215,20,250,35,147,133,101,63,220,61,6,149,20,203,82,147,204,219,141,172,183,20,79,84,74,64,130,158,251,200,138,143,80,193,58,90,67,54,48,64,170,170,98,209,251,109,44,82,11,101,247,113,56,134,147,206,127
59,65,10,36,94,67,25,220,223,44,33,166,33,166,211,116,3,91,23,80,57,202,2,106,32,106,178,199,201,153,184,90,50,200,86,222,32,120,85,161,213,1,77,212,174,212,122,4,220,253,141,14,20,130,69,31,225,228,204,109,154,219,119,156,25,45,109,179,121,18,248,51,125,13,98,227,166,139,3,51,154,113,83,106,84,54,8,164,244,140,17,97,116,0,179,238,82,86,235,68,101,27,50,232,223,59,234,22,176,119,54,86,60,204,14,122,145,112,14,87,61,82,215,63,252,139,110,2,127
80,237,172,26,14,108,154,206,55,146,15,50,179,138,9,115,15,124,147,103,205,78,181,88,102,29,151,188,33,132,105,175,140,38,44,82,201,190,48,40,144,169,15,149,127,225,48,84,46,230,140,124,48,191,121,140,76,186,166,224,157,77,252,246,234,113,204,239,246,180,207,209,37,121,136,85,147,148,165,15,126,188,173,9,158,42,35,162,148,55,59,191,169,150,98,78,236,190,147,200,24,229,166,7,200,145,207,123,214,115,90,134,160,45,21,78,246,165,24,208,6,66,233,5,34,121,228,236,127
203,52,98,253,101,182,26,51,207,74,141,160,187,148,28,20,218,173,140,172,23,126,132,206,116,142,123,25,205,41,89,124,2,250,195,224,167,119,202,144,161,27,41,190,132,205,53,8,129,65,227,139,228,176,176,235,199,145,26,12,7,212,147,237,139,57,230,93,34,44,191,133,95,69,169,90,145,202,157,138,16,16,145,227,2,119,132,22,100,244,232,10,100,120,91,249,226,12,215,188,195,103,55,177,127,167,110,121,45,237,1,68,84,75,104,54,100,188,184,33,173,200,26,162,125,86,220,192,127
155,36,33,155,72,89,5,80,27,181,148,140,220,173,36,211,170,104,11,212,78,29,24,64,98,33,186,165,164,249,120,230,54,155,236,88,184,196,211,164,8,149,224,107,57,152,179,235,222,211,162,27,234,64,83,142,82,57,253,70,115,66,205,222,212,89,183,231,194,145,5,35,18,33,42,241,91,5,127,244,67,52,232,11,181,221,72,232,128,243,161,182,155,228,118,110,132,182,26,81,153,231,69,1,245,231,32,73,22,64,181,116,58,78,217,220,177,193,88,115,198,89,0,132,23,163,203,81,127
203,207,250,247,121,159,115,223,169,2,204,229,105,142,57,35,26,153,101,141,187,107,48,154,229,192,178,160,230,247,171,203,80,245,66,95,221,161,5,20,35,170,121,59,211,80,178,125,202,3,180,24,212,230,39,63,15,134,197,197,132,63,249,200,184,239,64,122,147,34,100,124,236,187,125,199,18,95,26,209,81,165,94,46,245,189,249,59,237,147,50,8,169,135,88,254,105,247,127,48,169,206,170,31,160,199,122,48,133,15,147,94,49,36,31,57,124,164,79,55,178,215,141,218,52,98,85,245,127
203,117,132,83,220,131,250,216,111,164,202,190,141,222,138,141,46,245,81,36,133,84,206,48,201,47,212,130,192,45,115,9,16,203,220,142,225,110,75,244,6,108,180,226,144,222,109,7,222,39,145,54,63,195,75,16,187,177,68,188,149,154,29,65,90,174,110,195,155,223,252,213,245,212,69,91,189,126,108,15,162,50,191,3,49,175,122,215,108,154,44,176,127,12,103,153,172,38,160,193,23,65,81,173,160,124,70,126,91,202,238,233,94,237,38,36,204,152,7,39,206,141,42,244,106,192,177,69,127
236,50,183,73,242,185,98,29,24,92,98,234,49,155,210,203,93,162,109,131,239,242,38,211,245,181,142,155,136,32,89,133,131,125,28,62,145,181,34,242,193,229,170,155,101,203,123,1,5,193,182,155,153,13,35,220,167,173,153,72,1,241,52,252,139,108,131,73,110,214,44,0,225,126,243,239,254,109,251,185,230,66,193,18,58,10,79,62,150,168,213,190,110,57,184,85,84,120,58,139,135,149,5,109,29,142,247,214,191,233,156,231,48,204,156,83,78,191,253,67,25,246,167,82,197,247,122,149,127
237,249,242,111,46,210,128,184,90,122,179,252,225,211,216,103,125,60,151,236,181,37,177,35,71,99,22,188,225,27,216,254,50,76,151,249,181,188,82,122,125,156,115,200,143,214,132,40,153,84,188,182,206,185,54,97,210,8,206,242,151,19,130,70,48,115,195,217,132,175,251,179,35,61,118,93,208,147,201,54,60,10,28,103,41,160,138,220,101,50,200,50,70,63,185,164,72,52,236,127,67,117,75,74,18,10,86,145,91,207,85,109,81,98,106,20,192,129,190,150,107,50,134,113,122,239,159,84,127
67,133,84,29,52,119,121,215,3,195,175,194,154,179,55,229,67,136,72,116,86,253,172,8,11,106,70,68,190,66,98,116,1,172,75,49,1,169,15,50,13,133,155,222,150,197,1,155,189,208,222,3,168,214,208,187,172,241,38,84,15,213,164,186,242,252,109,11,152,20,39,63,20,12,69,3,142,133,147,92,143,189,58,209,3,49,136,203,47,36,238,88,56,197,163,163,91,233,190,30,117,250,175,219,210,238,218,108,30,245,209,22,245,221,131,85,146,79,188,131,45,28,249,142,11,232,166,56,127
74,177,17,196,82,27,46,58,222,179,69,245,231,18,244,186,88,66,187,76,107,51,138,217,156,10,192,220,22,147,61,34,90,5,107,226,142,42,87,64,24,226,247,171,251,178,228,118,5,140,235,65,206,144,157,140,36,153,250,166,197,252,194,181,219,205,236,149,49,67,237,39,57,2,64,103,91,238,254,48,11,221,217,162,129,248,144,148,110,198,192,182,215,71,126,48,15,88,176,194,171,53,13,197,211,226,207,141,39,191,24,78,89,78,17,194,234,44,174,203,130,219,114,129,218,83,31,178,127
170,233,67,253,1,176,23,17,80,35,66,5,186,77,228,51,139,197,239,65,108,173,162,48,30,205,235,145,80,32,65,91,251,123,20,95,218,83,232,103,134,227,226,19,136,157,206,69,142,110,200,251,81,96,116,63,152,177,82,216,27,177,113,78,49,51,99,252,139,125,43,225,86,15,254,106,128,17,108,127,19,237,223,188,125,168,152,212,178,90,141,231,233,99,253,245,95,234,99,12,104,73,38,52,19,203,17,224,195,172,185,1,145,209,224,213,100,32,101,158,82,156,102,46,243,73,169,189,127
20,36,189,66,136,22,132,173,223,95,186,5,156,91,195,227,32,240,50,38,245,127,15,4,26,216,164,83,254,138,237,131,135,21,8,147,241,128,170,77,201,252,101,211,163,182,189,60,152,156,0,154,79,86,85,144,166,133,168,172,136,23,107,214,102,196,68,16,96,205,246,97,124,87,11,122,102,214,140,18,67,209,229,36,137,204,182,110,254,241,195,87,164,71,240,253,163,191,229,191,153,206,116,235,56,2,130,239,72,34,42,116,1,232,193,66,231,230,93,78,197,184,30,36,240,167,241,178,127
131,124,190,86,222,160,203,171,76,127,154,190,129,89,108,217,71,189,26,38,49,214,33,59,25,135,1,177,28,221,137,4,130,45,183,120,221,248,26,107,175,60,124,69,51,0,28,132,139,229,152,96,1,249,200,12,166,6,85,173,193,130,54,183,242,135,237,111,90,91,236,250,182,12,72,110,198,75,174,89,99,51,189,232,105,222,122,210,95,200,123,195,227,105,206,134,102,221,24,120,13,213,167,9,133,58,140,76,217,208,175,28,77,11,212,232,81,150,192,252,155,30,12,18,169,144,104,27,127
180,98,127,68,183,132,97,120,97,83,15,178,37,214,92,160,141,132,137,80,75,70,126,135,132,105,83,75,240,59,194,229,171,251,71,179,43,252,188,212,152,36,24,226,183,138,104,241,201,166,101,168,182,199,59,34,172,145,28,115,234,166,215,169,230,252,173,199,158,228,100,195,72,118,252,173,5,7,222,34,181,233,239,210,159,131,9,45,153,213,117,136,195,27,151,206,253,109,8,196,132,229,130,125,2,177,33,32,90,178,13,90,90,58,35,224,42,196,77,253,4,179,41,28,127,171,117,110,127
19,173,23,100,210,128,112,236,65,135,42,242,188,33,124,100,251,81,83,215,239,130,174,233,52,241,11,73,118,84,173,92,158,218,174,84,59,218,146,166,8,123,54,170,89,18,53,162,138,8,250,29,35,209,219,172,98,200,29,188,57,79,174,168,178,30,18,147,18,26,84,131,16,25,248,126,138,28,187,210,57,80,132,240,192,123,103,207,171,230,198,150,220,220,175,215,174,49,92,233,71,148,215,188,233,150,167,99,209,144,195,15,3,33,207,196,249,223,239,182,251,241,37,79,217,144,107,201,127
52,85,247,182,99,231,83,53,122,143,105,106,208,154,180,61,242,126,10,25,95,202,39,168,245,39,194,110,252,18,170,105,169,147,215,108,17,165,34,178,231,36,51,225,23,216,97,34,29,37,117,231,51,184,70,7,118,73,38,231,22,188,24,6,146,234,90,185,125,64,8,34,92,109,76,113,126,70,12,165,85,76,19,91,43,35,202,44,76,90,110,72,206,154,235,151,137,237,137,17,145,1,149,136,151,132,229,25,36,114,206,200,192,179,27,198,179,52,97,136,24,126,162,214,79,195,112,120,127
174,170,183,122,72,35,53,34,113,107,14,103,2,139,19,229,46,114,93,41,77,228,80,70,44,167,3,21,12,46,74,247,116,73,48,223,147,65,227,27,7,61,57,201,141,179,18,37,176,173,29,171,215,120,243,243,254,193,246,82,152,225,186,222,24,140,193,46,177,86,182,163,34,95,156,83,19,235,84,186,49,185,193,226,183,49,223,29,68,39,204,222,166,51,42,22,161,133,208,161,79,144,151,52,235,120,252,134,22,75,77,176,214,199,61,29,74,129,173,67,161,244,242,116,73,66,122,201,127
204,210,141,18,191,227,188,231,155,187,144,49,151,207,226,76,185,176,31,249,18,178,162,11,198,15,64,23,42,218,84,90,223,154,19,175,11,152,105,234,211,217,99,99,169,226,72,178,222,202,15,174,219,8,124,176,60,87,98,20,190,78,127,26,165,51,44,40,172,220,245,123,110,152,219,125,231,197,58,148,227,184,20,43,79,196,226,110,140,57,173,55,228,139,74,138,93,42,177,5,149,200,135,248,232,102,253,57,89,175,144,250,200,193,74,184,53,251,57,171,254,60,158,184,153,213,152,80,127
4,32,23,55,61,95,239,125,10,81,174,246,30,182,246,38,239,81,120,80,144,129,3,128,9,108,151,168,27,20,58,201,153,195,7,98,236,232,143,215,125,78,192,21,162,138,179,156,56,248,157,147,45,145,79,157,241,68,26,203,131,42,254,94,190,78,46,190,211,195,10,4,90,236,48,216,54,136,26,107,211,17,6,143,167,42,57,202,160,205,105,146,55,188,132,203,102,119,214,214,250,79,43,89,26,39,191,12,39,100,83,122,47,153,224,192,82,100,146,27,225,216,120,113,13,86,45,254,127
53,169,127,89,101,73,174,142,220,199,158,179,88,73,47,82,43,75,168,215,99,163,191,19,65,248,192,119,207,117,89,217,225,78,8,44,119,240,162,134,196,230,243,130,6,187,120,214,226,30,222,246,234,162,103,42,162,150,168,38,168,56,115,105,74,9,98,210,151,45,137,227,102,9,170,122,43,11,64,25,104,194,50,98,66,97,146,245,138,66,227,66,131,179,133,237,253,178,6,91,47,87,156,36,83,113,119,35,170,92,58,73,137,30,114,200,143,17,199,55,102,166,219,250,254,164,73,253,127
206,95,124,62,62,57,132,152,163,18,144,9,119,49,94,49,170,198,48,163,253,111,187,128,231,132,249,25,253,204,219,60,166,152,84,100,172,242,69,125,19,173,197,85,208,235,229,73,33,3,33,37,252,178,5,178,215,186,116,217,15,129,81,107,40,47,114,248,4,44,96,235,96,1,150,5,0,143,208,244,134,144,166,22,73,28,115,8,118,75,58,24,196,131,142,16,126,105,125,3,170,235,67,82,92,8,152,149,138,137,234,253,196,167,51,30,134,31,6,92,240,117,147,25,53,226,43,134,127
120,241,132,152,103,1,102,220,23,223,82,76,58,0,226,160,9,95,133,5,47,45,82,248,18,85,12,195,135,226,40,175,9,216,2,150,68,61,99,84,10,116,71,109,188,15,46,113,123,44,91,25,64,194,100,204,186,187,29,4,187,94,229,53,218,148,143,168,33,191,74,88,253,20,130,70,123,128,98,250,165,36,83,6,231,51,58,70,92,38,47,105,120,174,235,23,157,41,63,249,133,134,52,145,117,218,5,196,11,37,47,202,121,178,85,251,81,154,115,114,107,204,90,212,106,131,59,111,127
4,229,1,194,97,129,19,133,208,137,147,143,114,31,146,201,236,137,212,217,60,62,27,109,217,241,231,243,33,49,226,156,134,101,194,17,191,126,127,170,5,60,192,3,194,85,147,222,70,39,68,29,78,138,130,122,78,151,146,3,79,110,158,197,97,25,172,43,204,16,73,235,35,152,45,188,186,249,70,240,187,79,244,113,195,9,142,139,209,242,161,89,116,238,28,121,88,41,50,249,18,84,20,75,191,180,34,29,170,169,223,234,140,205,5,62,242,178,183,122,201,145,163,16,223,185,42,68,127
204,235,2,197,221,138,194,206,175,75,227,149,156,24,182,74,57,171,28,203,155,60,156,97,10,122,94,124,50,178,106,136,209,115,244,168,105,164,208,6,181,71,59,159,21,172,85,239,254,205,99,152,15,60,199,166,138,140,94,46,58,41,59,44,190,0,232,38,37,115,245,239,208,173,72,129,11,191,204,195,241,99,119,181,206,24,196,16,69,163,101,60,104,113,234,124,68,202,61,108,57,199,35,249,88,130,122,26,27,159,169,161,242,30,47,200,157,147,206,222,174,173,26,113,134,94,96,20,127
97,180,192,101,145,142,68,97,245,123,74,91,252,14,35,201,62,15,19,158,149,46,157,173,132,154,134,5,63,253,220,83,234,26,102,84,74,156,194,214,29,236,254,176,139,46,58,187,115,96,230,217,163,185,117,222,12,10,100,184,207,248,243,26,78,149,138,206,175,228,148,140,190,128,62,213,252,7,47,15,61,100,128,22,236,47,121,111,203,235,238,200,132,123,209,64,105,4,100,190,34,223,63,215,160,119,69,205,129,95,26,37,19,147,157,27,20,125,207,230,16,251,174,179,19,164,58,125,127
23,117,17,240,24,198,81,200,190,1,55,254,249,214,208,29,162,189,161,206,45,231,159,166,162,70,199,71,241,117,118,197,198,11,7,220,13,190,137,176,178,135,76,72,176,30,142,145,228,119,77,215,155,31,200,82,151,12,95,226,98,5,44,103,12,164,10,122,187,142,45,109,166,217,211,118,79,85,161,167,184,184,24,12,109,180,210,198,189,231,132,187,154,5,162,247,118,78,137,0,105,122,124,79,219,172,156,110,160,140,103,251,73,231,139,208,234,76,219,146,238,61,143,101,118,57,137,179,127
153,138,87,125,153,65,34,26,163,40,116,2,96,3,164,133,234,243,82,152,199,127,165,216,168,122,9,77,8,153,4,81,7,133,7,56,228,18,29,222,157,16,71,207,159,191,136,199,241,104,49,180,180,251,163,221,205,169,121,77,67,92,47,212,47,159,125,6,77,146,87,102,186,73,67,104,65,16,236,135,192,156,80,138,146,201,242,174,197,51,74,162,186,34,215,240,226,74,124,244,13,16,71,47,40,163,211,73,218,242,187,143,237,88,57,150,47,33,242,37,245,240,72,250,162,59,8,169,127
235,185,196,174,172,148,192,93,49,65,207,113,43,107,150,120,14,41,45,2,107,129,45,229,37,251,88,132,115,98,171,35,161,179,131,86,120,52,14,240,96,240,3,65,61,6,186,45,65,173,94,137,206,38,244,140,205,20,58,245,10,246,53,83,27,112,39,14,238,13,192,152,61,190,7,158,103,50,179,198,219,84,225,75,229,185,34,68,95,32,136,62,73,132,156,188,67,179,36,126,224,3,161,72,89,64,107,168,19,69,103,127,12,96,9,47,231,185,123,15,96,194,83,178,175,19,234,230,127
9,23,136,54,212,88,18,26,33,32,165,239,155,176,199,87,27,188,194,98,142,131,160,42,124,14,18,218,60,17,115,51,4,2,46,247,16,198,110,55,34,48,166,105,129,206,183,201,37,146,32,228,224,79,227,43,78,149,240,164,118,42,52,160,14,193,176,152,78,198,145,160,172,36,245,87,96,75,111,14,100,212,163,139,217,167,209,113,38,172,58,227,136,65,2,42,34,154,11,189,77,223,76,152,237,124,126,184,73,52,198,37,58,196,155,51,130,100,159,72,62,153,218,75,74,226,123,104,127
213,234,19,3,250,70,248,217,118,15,1,86,75,36,170,155,211,156,232,242,185,191,60,28,84,112,95,37,36,245,41,176,224,182,88,175,25,103,154,17,13,202,84,237,119,6,129,15,49,80,70,185,105,88,1,224,85,33,231,249,209,72,220,21,62,235,90,149,106,55,145,51,249,225,19,205,24,207,201,134,164,196,9,199,181,202,135,204,62,191,100,6,108,29,93,175,196,14,123,238,83,28,39,88,223,192,248,186,45,219,242,234,154,114,209,209,198,169,143,254,98,138,233,48,115,167,110,132,127
134,52,13,199,197,54,166,162,3,102,167,191,10,105,7,128,61,169,84,2,90,41,38,211,142,252,19,211,142,82,168,217,217,165,245,139,76,206,84,160,112,235,136,89,121,173,172,67,217,90,151,180,116,189,30,138,84,253,19,84,84,55,243,232,249,11,128,154,149,22,44,93,126,40,248,175,58,96,33,233,147,90,137,247,19,57,9,77,102,109,192,164,153,131,230,23,146,90,49,141,201,27,171,136,122,185,46,139,6,3,155,188,139,232,116,124,209,127,119,159,9,92,167,37,8,184,166,37,127
161,164,249,139,248,14,65,131,89,136,186,5,159,240,18,96,111,220,208,36,75,65,216,169,28,252,199,54,162,18,54,226,19,10,114,144,235,101,4,4,76,120,130,170,214,214,246,26,96,221,127,146,254,85,186,122,42,253,40,57,88,147,183,182,243,216,10,118,28,90,4,247,92,212,213,3,178,240,222,116,100,66,53,56,21,211,252,113,24,181,244,135,4,219,207,24,237,1,51,153,13,166,202,231,68,139,14,121,52,23,251,146,218,155,109,163,229,72,209,106,28,10,171,212,63,105,153,182,127
213,239,156,232,109,100,22,247,154,189,243,35,135,71,78,122,134,39,9,210,190,158,182,29,144,122,112,235,221,226,149,45,169,30,27,130,61,70,232,60,247,107,83,160,84,183,180,169,168,182,126,241,70,178,229,178,226,94,114,208,154,155,49,39,52,80,171,99,76,34,56,87,251,151,59,131,103,196,111,107,117,83,194,134,32,156,112,248,212,107,42,74,48,171,132,73,155,227,0,110,163,189,243,136,137,55,64,1,6,14,8,33,246,48,245,202,118,188,39,213,98,49,80,106,14,225,22,241,127
6,4,86,24,170,129,138,156,245,196,127,35,150,128,188,5,31,94,133,51,22,67,233,186,112,174,182,163,146,183,195,228,84,222,98,20,43,242,16,135,142,16,71,173,217,26,79,67,36,220,159,219,253,125,24,225,222,146,27,113,64,252,96,5,8,194,232,199,93,2,143,69,76,204,10,52,102,84,128,145,175,236,69,97,102,176,252,7,78,174,161,25,67,88,209,161,68,108,59,217,30,158,144,100,213,140,182,179,110,231,246,75,146,226,119,167,53,53,96,51,153,166,24,11,76,43,32,248,127
166,106,50,167,253,208,231,43,39,14,213,208,196,159,55,45,21,148,209,56,14,26,209,108,168,221,204,203,100,173,133,39,168,131,37,24,197,29,129,145,184,141,135,22,167,247,200,245,108,10,116,56,210,62,57,202,99,64,34,124,106,177,187,180,74,90,132,60,174,193,252,106,89,165,218,36,147,228,117,94,77,254,109,65,166,253,217,164,20,77,15,160,178,112,149,119,124,219,20,161,37,168,177,207,140,146,201,127,165,88,105,176,252,142,133,217,80,133,151,118,75,239,114,223,94,216,188,206,127
49,177,225,32,194,33,155,83,148,63,84,97,190,146,244,253,162,0,93,111,86,50,70,253,148,107,192,75,147,27,2,55,102,157,47,230,39,82,72,70,85,22,113,9,129,76,248,71,211,21,123,127,220,105,169,159,193,64,213,106,43,129,158,52,99,160,21,213,89,146,220,35,42,62,60,80,56,249,77,139,17,175,130,124,201,32,154,13,206,172,117,103,186,13,96,198,241,83,97,110,10,88,251,174,207,28,6,20,252,8,158,113,204,54,240,135,223,55,83,184,163,242,41,56,137,40,34,95,127
44,138,240,251,130,6,80,250,185,68,46,138,26,67,4,49,17,13,84,139,191,106,147,153,150,73,146,219,99,24,230,254,11,111,27,159,116,126,196,48,142,58,208,170,139,141,60,222,183,106,53,6,227,214,233,180,130,150,237,58,191,147,253,46,195,209,194,145,9,119,181,3,3,152,33,137,107,59,207,205,168,83,81,208,25,75,215,93,126,151,132,119,181,216,227,1,161,192,94,7,115,34,104,180,140,61,166,216,6,2,2,227,103,165,71,153,226,157,120,92,154,168,175,182,56,85,221,184,127
15,101,238,38,8,131,1,119,43,136,130,242,37,233,153,165,10,180,7,190,25,149,37,142,114,36,19,235,246,237,80,150,76,253,148,37,226,8,91,70,216,109,32,72,167,102,122,56,208,206,194,187,140,19,130,222,233,119,16,251,177,249,34,188,98,186,210,211,254,179,218,239,79,141,112,155,64,170,135,33,153,226,129,171,103,195,52,167,228,155,2,51,125,71,21,5,31,151,142,21,22,99,151,210,210,237,85,184,177,92,174,146,121,68,137,67,217,246,241,38,166,16,140,135,208,211,32,133,127
242,18,138,89,49,88,12,165,103,106,174,170,46,72,185,200,2,206,131,207,189,36,92,240,39,135,39,6,123,216,146,37,81,96,202,96,162,117,65,167,196,196,129,198,129,116,74,48,204,185,33,6,21,250,130,50,156,81,28,131,152,19,228,40,229,15,30,223,67,164,9,227,74,103,1,26,6,13,79,27,105,137,26,163,201,247,235,135,44,77,200,183,40,166,179,183,157,18,109,20,103,120,153,28,129,130,229,88,244,87,166,52,118,181,136,124,114,48,24,202,140,30,25,28,172,155,238,220,127
172,153,181,242,192,233,10,95,60,133,49,86,173,164,78,166,107,102,173,81,101,14,16,131,106,57,38,201,15,104,19,1,178,181,2,58,227,103,228,101,161,91,182,79,67,104,1,23,250,84,15,76,163,124,35,136,230,65,145,220,123,220,161,82,25,147,177,182,206,56,147,131,37,46,126,249,118,72,51,77,121,123,151,36,18,29,241,209,31,165,190,211,205,230,33,157,198,129,58,77,159,140,217,194,146,22,28,43,170,149,222,139,65,134,71,168,244,119,113,228,17,43,33,240,13,81,28,127,127
56,49,184,36,164,220,88,211,179,67,11,49,58,185,242,243,26,179,74,97,12,132,33,72,74,67,231,219,91,5,119,197,68,226,156,140,177,31,238,108,32,152,192,186,172,252,6,136,226,21,20,210,64,212,105,44,32,113,85,245,214,99,247,165,174,218,116,248,171,6,237,235,62,233,108,60,56,207,126,26,157,171,204,33,6,118,55,175,134,217,74,103,28,193,110,60,244,108,14,217,189,59,56,142,82,102,130,239,131,144,207,10,115,249,187,75,247,32,211,234,151,23,177,143,43,158,236,83,127
30,142,232,191,8,180,197,21,5,124,238,213,86,122,84,106,143,105,211,137,163,179,1,166,171,23,77,174,42,245,43,43,7,46,195,65,95,45,116,210,131,8,105,83,200,6,127,174,5,165,161,200,107,102,114,85,193,16,10,122,219,186,106,24,190,179,77,239,244,149,80,143,180,119,246,171,56,46,40,96,164,106,118,69,79,145,217,29,199,219,250,248,73,135,225,100,146,18,176,82,90,90,108,184,40,82,2,113,75,41,157,80,146,244,240,167,247,208,185,170,119,245,23,170,250,167,127,253,127
39,52,190,103,34,187,99,69,236,187,81,179,216,177,101,27,238,85,228,131,104,150,189,97,43,1,52,251,115,229,56,31,213,124,212,247,208,253,145,117,207,196,93,117,74,162,34,146,149,51,154,203,137,25,233,97,17,133,13,249,152,145,5,3,246,209,247,127,56,184,155,209,210,243,126,99,172,106,164,182,6,177,2,164,167,203,89,26,247,111,65,109,129,244,180,114,207,154,197,199,213,73,195,80,122,94,171,222,40,8,25,146,160,155,215,169,101,42,204,153,5,140,166,225,171,183,202,33,127
197,6,207,127,57,68,91,210,71,82,4,12,202,164,246,190,240,239,247,56,229,129,116,37,207,97,82,248,179,191,9,160,68,226,73,5,211,53,138,250,80,19,168,253,19,246,146,15,126,181,130,67,207,238,80,218,158,143,60,74,138,27,168,199,64,246,208,89,176,176,236,50,187,51,219,3,75,161,67,117,196,63,102,169,217,59,208,86,207,81,82,254,197,162,7,153,72,45,114,156,121,235,2,47,69,232,5,116,164,234,103,106,205,203,46,152,82,118,45,129,129,5,56,46,23,132,101,46,127
31,218,65,4,149,145,241,227,133,14,158,120,54,86,252,113,249,120,65,121,246,28,253,45,50,117,135,174,249,238,207,23,109,168,88,242,2,72,111,98,108,117,173,53,130,44,103,105,5,192,207,46,57,217,144,95,227,82,222,45,153,168,241,129,240,16,122,169,136,101,98,68,48,75,163,214,210,13,250,183,179,251,87,141,248,234,37,137,52,231,40,122,190,205,220,224,15,184,185,193,107,124,51,194,35,253,137,22,162,9,77,4,116,58,253,206,208,153,11,159,51,214,144,105,52,164,215,186,127
49,8,47,141,155,70,161,75,83,219,195,253,46,115,185,51,74,234,136,40,84,174,183,69,177,71,51,127,133,23,38,216,68,190,40,113,99,196,17,114,126,105,26,143,127,129,97,71,73,60,141,81,72,140,96,47,225,149,48,122,177,177,93,70,211,247,56,177,133,199,163,130,71,6,32,114,126,106,230,103,97,199,201,143,55,227,223,169,211,206,188,65,171,175,124,242,161,200,213,47,241,161,97,53,68,99,243,131,171,119,69,196,183,35,193,6,200,110,153,15,118,98,36,111,238,174,169,177,127
95,73,138,154,31,114,169,79,164,222,103,41,203,79,14,122,11,208,202,136,155,14,34,213,104,10,211,152,174,119,98,114,167,111,209,39,244,79,61,122,107,141,46,142,235,171,88,155,55,13,244,147,209,5,4,124,203,42,212,5,220,247,54,174,50,81,207,165,102,101,23,87,132,34,140,9,147,17,245,167,0,238,117,24,181,164,68,83,37,39,201,8,55,180,228,126,248,40,44,85,26,220,70,210,217,182,65,141,184,76,185,136,143,192,13,61,225,109,147,157,21,1,131,93,211,71,225,80,127
153,178,142,234,137,204,183,197,122,29,248,67,159,204,227,23,161,78,164,195,175,158,24,205,43,32,106,17,63,17,126,78,136,82,51,93,108,124,164,65,42,10,196,69,88,139,85,204,228,237,139,144,77,3,158,47,125,169,151,221,103,238,211,33,198,119,100,32,43,214,125,68,133,219,220,193,171,143,132,194,50,186,238,145,81,140,192,247,47,112,58,244,137,50,75,21,121,184,191,245,128,102,77,10,117,25,86,138,64,126,227,88,97,176,12,21,104,232,42,61,204,230,48,166,70,25,154,129,127
78,147,103,123,180,146,156,11,189,101,19,68,207,9,58,187,188,101,149,72,193,56,29,24,37,155,64,211,241,150,61,78,77,160,21,54,132,165,194,149,100,7,116,156,226,211,152,253,229,211,113,207,127,230,74,109,218,83,159,104,88,185,123,181,2,234,90,129,164,94,250,15,217,16,211,150,213,154,214,184,172,102,15,224,145,91,10,183,134,225,38,27,207,111,1,148,170,21,129,92,85,2,49,177,116,158,139,164,248,12,166,212,165,101,12,207,40,84,239,91,83,12,196,110,2,157,135,37,127
97,228,160,178,184,115,10,27,251,157,64,27,169,184,30,14,178,149,8,153,228,235,75,27,114,136,72,114,53,165,131,208,131,234,121,218,219,142,84,79,123,69,165,177,10,30,170,11,8,107,225,175,74,111,128,160,9,35,180,172,141,132,216,86,76,104,94,229,7,198,42,26,49,56,125,93,236,21,181,121,75,118,166,247,196,182,225,15,157,106,20,37,71,186,79,158,213,46,228,19,43,31,206,72,103,161,92,2,253,9,18,250,239,106,116,211,97,9,147,252,188,149,135,105,30,39,173,108,127
230,249,98,8,28,73,158,150,129,83,170,75,175,221,10,128,30,78,182,73,89,159,109,223,144,129,131,67,13,217,60,83,163,50,110,144,237,109,204,203,177,132,58,149,57,16,168,243,140,194,117,172,150,118,75,110,212,114,184,76,39,217,10,75,127,81,173,182,247,252,170,140,252,104,162,207,174,26,244,66,28,122,51,86,112,181,148,239,189,230,216,239,234,89,239,40,60,120,195,129,41,117,73,149,146,110,253,195,202,207,85,172,118,191,155,220,225,8,125,22,79,106,224,112,235,21,137,183,127
110,244,18,107,138,185,110,144,252,237,93,145,17,144,79,136,250,97,244,81,2,184,184,119,193,15,239,109,13,155,155,35,141,238,93,89,181,33,92,159,5,102,182,155,101,195,111,180,227,116,116,216,252,151,77,249,12,47,40,254,219,127,62,111,3,125,8,197,49,120,150,62,78,168,226,37,89,169,187,209,49,94,215,95,207,62,89,50,167,244,125,75,129,77,35,95,2,250,207,242,7,207,190,199,7,126,51,76,123,30,77,158,70,219,45,244,22,54,189,26,29,40,126,209,73,1,218,12,127
121,67,69,194,91,99,204,33,231,146,200,210,222,163,137,91,14,197,163,111,166,64,221,9,44,131,219,134,16,125,116,3,3,214,162,192,66,252,90,25,0,24,137,135,69,60,231,138,235,72,156,14,178,217,232,3,162,237,75,73,85,51,127,152,208,119,250,32,132,223,54,237,85,52,65,12,88,140,226,234,4,165,189,4,1,138,134,151,84,51,52,127,61,68,174,63,224,226,239,106,248,51,35,60,103,44,121,148,48,237,194,191,201,46,130,33,36,153,29,220,131,113,141,27,47,250,129,94,127
63,20,162,215,8,199,87,204,52,78,24,60,29,185,227,112,131,195,144,174,131,227,134,202,204,160,18,160,122,174,187,118,122,134,115,84,237,117,115,147,199,44,234,85,104,136,10,164,70,109,39,228,29,160,93,226,108,142,114,54,106,78,112,254,36,4,48,113,22,42,44,220,133,70,2,57,4,25,4,247,40,110,214,248,196,139,206,187,142,10,17,57,66,51,177,101,211,216,10,151,81,249,60,96,16,189,115,109,83,62,146,183,157,209,170,151,242,63,178,192,106,9,196,132,92,34,213,37,127
180,16,209,191,107,96,83,236,10,130,175,171,121,229,93,110,174,148,137,21,223,226,11,172,35,220,196,85,146,90,218,252,144,86,136,110,180,9,53,63,156,118,139,45,55,65,215,122,138,229,117,22,36,252,15,41,225,241,156,24,101,132,43,246,119,221,62,79,180,188,70,159,114,103,212,155,188,49,55,69,43,139,29,191,22,243,17,158,89,229,70,201,167,43,101,130,182,18,60,136,188,150,12,187,57,48,236,122,173,57,157,126,1,253,48,49,144,55,135,52,165,184,30,63,212,112,160,138,127
77,148,140,116,116,149,157,244,1,101,246,11,133,43,143,211,158,26,177,31,83,45,150,73,16,191,45,245,241,203,77,87,129,187,121,167,93,227,223,64,36,248,192,178,246,100,207,35,165,116,117,10,87,58,133,42,246,131,222,72,163,245,13,209,249,212,243,252,107,232,218,166,39,186,19,197,37,227,125,22,178,239,184,72,64,21,183,191,192,37,30,208,127,107,74,190,131,75,116,123,53,117,160,159,58,35,78,242,196,234,24,130,59,120,224,212,87,84,62,14,236,57,240,173,108,218,248,58,127
214,52,8,193,17,228,10,196,183,139,50,254,94,14,236,154,162,105,235,212,202,125,214,11,181,170,96,63,124,251,17,205,6,109,129,230,179,197,191,125,19,117,57,116,180,112,143,234,107,147,192,154,124,111,148,177,237,18,100,27,99,195,214,155,79,166,178,158,166,178,106,120,118,229,143,196,56,121,196,193,47,241,194,106,125,207,250,28,134,94,107,121,122,39,195,19,201,136,222,236,148,13,37,68,75,254,229,186,121,155,79,144,106,153,78,15,31,197,110,217,230,71,17,183,73,193,195,175,127
193,127,245,93,4,153,209,119,103,215,79,90,225,104,144,90,129,247,97,163,105,110,189,125,221,105,44,129,239,189,52,140,140,2,70,177,108,239,248,249,99,174,107,65,151,169,210,217,67,191,154,72,244,37,254,189,56,195,70,237,226,66,238,122,211,50,206,171,118,129,69,10,142,202,8,73,27,240,204,48,43,11,148,101,246,232,6,158,201,208,60,180,33,177,83,207,251,5,217,198,160,190,52,197,98,197,119,115,101,167,11,221,7,120,175,76,127,48,176,27,211,232,75,250,2,234,227,151,127
22,125,124,123,151,82,221,51,168,211,245,28,220,254,85,36,135,132,235,177,84,201,239,91,250,0,227,147,164,158,207,234,32,168,190,153,124,103,137,94,147,246,29,28,105,182,113,116,130,25,42,143,161,205,207,228,186,184,136,81,141,111,137,148,178,12,55,198,70,236,174,81,207,75,169,143,138,167,205,99,93,199,217,215,176,17,62,34,148,125,249,135,99,84,33,126,200,246,39,213,213,83,161,98,217,204,208,47,108,101,249,82,86,60,12,250,111,193,47,216,35,62,57,124,23,234,198,61,127
219,17,198,136,50,11,225,148,237,19,134,191,171,19,86,221,12,232,144,54,131,127,9,190,118,35,94,104,212,143,243,138,232,40,132,76,111,97,122,239,7,30,92,14,121,19,43,153,179,98,115,78,23,50,128,93,182,253,173,132,96,55,84,80,40,203,218,162,208,42,203,21,3,1,199,32,6,184,185,11,134,121,83,25,241,161,203,170,213,38,167,149,149,133,4,209,198,62,201,206,128,184,112,236,99,38,182,94,198,189,52,156,24,177,185,108,182,29,184,104,202,8,238,59,144,18,148,119,127
9,208,20,212,37,80,118,191,45,79,12,21,160,109,111,50,217,58,105,138,247,105,92,209,68,225,123,177,155,251,183,84,126,113,148,84,198,55,222,230,139,200,86,135,182,214,146,80,30,126,220,125,244,163,107,163,193,59,25,157,177,146,154,65,31,152,188,100,39,86,60,23,217,185,153,244,88,178,83,241,117,225,10,93,29,3,116,81,228,25,246,214,210,236,27,231,69,203,109,204,236,2,191,150,148,212,154,43,124,39,122,124,19,59,105,96,102,41,152,76,251,242,247,171,113,35,229,45,127
114,199,60,250,143,53,18,156,206,185,191,111,102,159,214,9,220,203,183,176,209,189,8,234,65,230,106,108,33,182,38,37,136,245,28,97,178,175,185,69,170,226,220,221,195,76,149,159,98,227,99,238,246,11,235,123,181,67,97,202,102,198,107,24,152,217,72,128,254,170,27,42,227,93,15,230,138,187,63,44,240,80,25,254,185,240,196,198,36,156,177,62,233,106,93,234,184,119,31,117,199,220,76,82,22,194,193,45,10,206,38,127,234,172,24,4,115,181,246,79,242,233,53,177,17,166,231,90,127
254,221,134,60,188,66,56,145,75,186,203,170,80,216,182,132,0,8,20,23,81,239,11,29,179,185,166,107,3,215,145,169,94,8,118,65,84,102,224,52,233,48,244,45,194,234,229,63,124,66,143,144,15,8,1,1,13,40,14,192,53,77,73,73,143,48,243,170,180,117,68,55,159,134,47,112,248,220,141,216,49,18,213,67,219,246,188,232,31,96,183,45,45,121,32,26,137,174,133,197,246,156,13,46,165,203,22,40,62,3,244,24,1,53,42,94,115,22,210,107,93,13,0,11,26,168,184,113,127
193,3,157,21,229,236,64,94,229,56,249,181,107,31,87,31,33,212,56,47,83,103,66,148,236,48,230,62,75,138,173,110,176,20,95,212,171,105,225,64,235,131,250,111,1,199,201,45,148,219,3,199,249,88,193,75,103,81,105,51,214,102,155,139,184,229,90,127,244,130,25,34,215,233,218,175,47,206,89,114,178,192,81,97,31,13,49,15,6,183,150,152,210,99,32,201,76,2,119,245,199,134,172,13,144,167,190,155,118,62,216,22,220,237,47,217,250,88,21,234,53,68,144,116,135,87,178,55,127
167,177,105,207,245,208,246,118,95,102,135,86,62,6,30,44,150,213,120,190,132,128,113,191,112,85,248,113,38,125,199,141,192,154,103,62,46,232,62,110,48,126,76,29,51,186,197,138,185,35,95,73,74,57,5,212,37,239,153,15,47,101,208,22,48,96,162,252,184,52,220,201,241,1,143,216,103,230,210,98,37,147,120,4,95,211,69,3,40,135,39,249,209,5,213,6,4,161,169,19,27,1,252,119,57,26,176,149,166,2,102,137,197,224,6,36,67,163,160,60,248,121,158,134,191,102,117,87,127
1,159,226,63,30,192,130,249,105,37,73,62,98,135,94,137,5,41,239,191,82,184,170,38,180,178,213,91,225,113,34,91,245,140,113,222,50,208,69,141,30,81,247,130,235,30,29,150,23,66,231,124,186,28,30,19,105,76,222,4,63,135,73,28,208,206,159,65,78,184,87,181,245,57,15,90,188,168,112,4,56,90,99,104,8,140,58,224,218,158,190,95,233,175,124,50,217,204,105,188,94,88,227,6,21,14,146,81,193,81,239,135,218,31,83,12,2,254,242,98,172,156,185,113,180,211,121,172,127
36,196,237,114,226,138,50,221,127,154,81,249,55,185,233,105,244,18,29,45,210,89,119,47,31,60,103,157,162,106,150,93,47,170,208,214,69,59,186,88,22,252,42,197,248,197,9,20,154,225,202,252,14,146,93,139,250,127,40,228,183,33,49,160,158,52,120,168,239,148,249,215,43,247,155,150,159,29,117,56,15,236,91,103,192,219,15,252,215,124,219,146,166,156,108,215,163,250,127,212,181,246,170,243,156,160,54,213,8,167,39,118,202,139,10,238,152,35,124,189,128,109,232,24,238,187,76,212,127
50,170,101,83,151,19,195,34,172,177,71,229,62,20,28,89,162,240,6,133,221,189,87,217,236,76,134,99,160,169,99,63,173,219,17,171,8,168,163,15,212,85,84,251,139,241,45,183,125,32,211,71,141,151,165,218,225,234,38,107,112,146,156,197,144,81,166,224,52,203,214,80,20,94,69,212,129,71,78,236,200,103,24,215,77,32,183,87,34,49,149,188,38,42,121,179,37,31,180,48,214,204,17,248,91,161,121,209,250,137,192,63,217,41,200,186,67,37,231,51,226,57,92,183,111,227,50,226,127
51,249,113,78,215,61,35,130,29,138,6,184,37,71,78,95,206,97,217,73,13,244,105,253,51,244,158,19,157,2,71,105,56,202,142,55,221,28,25,208,56,86,187,8,252,126,150,203,191,244,53,7,89,151,39,6,224,83,84,15,184,152,17,246,122,240,220,85,188,128,153,235,235,191,137,116,186,179,38,181,20,38,208,37,170,177,128,62,3,40,246,192,174,65,226,28,170,211,171,127,150,81,126,88,210,212,111,107,159,155,32,147,74,50,72,81,239,96,234,76,251,75,34,67,70,36,119,198,127
144,242,167,47,16,29,245,98,122,108,121,73,190,33,234,196,235,146,72,178,212,142,160,184,238,222,119,162,145,193,22,175,13,232,1,6,108,178,31,207,148,164,61,95,64,67,230,128,181,43,161,216,125,165,130,16,109,100,169,123,49,243,116,41,35,175,118,62,74,176,113,64,192,235,190,145,252,93,236,101,90,116,73,126,157,195,113,4,186,68,219,91,150,251,41,164,253,20,144,61,52,24,193,6,40,5,182,53,109,77,224,245,46,229,1,51,187,148,155,31,168,5,197,239,146,180,110,193,127
211,251,58,32,133,74,57,164,227,135,114,127,207,247,150,132,15,27,64,66,44,152,141,141,11,165,51,165,67,230,101,122,144,60,133,227,111,97,248,211,0,229,132,2,114,172,112,208,124,226,73,88,163,155,151,161,16,193,245,251,224,36,120,183,96,242,170,84,228,69,51,228,127,51,223,132,81,78,254,28,211,149,157,43,126,215,248,29,228,245,94,198,191,197,25,162,236,229,41,234,213,178,58,173,74,33,227,7,117,38,24,157,51,107,11,74,109,166,200,215,90,153,27,158,73,237,251,180,127
241,186,205,200,109,108,178,136,37,48,195,44,9,170,159,156,191,131,194,32,160,213,127,204,39,136,120,35,10,157,60,7,210,1,240,56,68,98,146,171,98,33,199,38,47,0,153,91,155,52,67,114,199,60,123,69,101,112,5,199,228,129,221,208,208,141,162,114,89,150,154,107,45,172,89,181,66,199,95,186,150,160,107,69,184,193,6,41,69,88,54,214,106,124,229,47,122,159,184,83,105,159,37,204,207,182,51,131,97,88,1,84,107,232,231,85,164,146,72,29,129,209,173,182,151,207,212,10,127
26,0,79,217,78,203,194,137,203,14,185,114,69,89,180,244,166,224,209,193,46,134,132,66,182,91,191,235,189,3,149,231,217,67,33,169,89,119,158,247,34,164,215,16,134,158,194,107,72,42,76,147,189,110,65,253,3,9,24,238,80,74,165,57,159,151,229,84,139,115,226,104,156,177,37,239,7,213,250,31,186,73,4,39,63,165,135,235,2,160,247,51,110,202,80,219,37,3,251,60,77,15,72,59,168,115,29,157,4,225,63,117,77,217,150,244,168,85,86,226,158,19,64,38,178,221,236,8,127
139,192,198,149,4,149,176,90,177,232,122,18,186,240,2,67,90,11,31,100,131,41,133,125,168,13,219,214,63,33,102,7,206,31,232,121,162,24,184,86,147,237,229,191,125,6,186,236,92,191,178,146,55,134,204,95,254,160,72,233,183,5,30,243,100,70,196,142,144,42,68,181,67,29,224,74,119,114,64,7,166,204,182,92,119,181,156,197,105,30,147,80,199,11,113,74,23,7,228,150,252,76,163,81,117,67,250,95,41,49,8,242,68,126,183,229,51,70,169,74,244,75,231,5,148,229,205,227,127
81,223,80,160,21,110,138,124,235,251,196,28,104,133,95,249,231,143,102,96,116,122,177,21,5,198,53,66,70,49,113,59,42,101,234,165,108,55,1,37,27,109,157,241,174,230,63,160,144,210,20,143,44,52,226,17,107,197,9,39,101,193,16,213,17,216,10,156,235,115,172,161,6,212,214,70,182,67,134,230,141,17,49,207,76,150,111,113,50,202,142,124,171,204,163,93,79,83,215,31,7,163,216,89,174,47,173,193,75,13,67,207,166,199,130,133,127,137,18,249,165,239,110,8,120,16,43,139,127
119,73,240,75,97,212,26,13,14,175,139,226,4,99,157,220,63,53,204,81,118,132,158,31,211,87,100,180,112,216,189,213,167,138,166,169,89,132,227,62,26,86,142,107,34,67,122,30,52,169,10,69,22,236,12,59,210,239,195,26,103,53,91,62,126,142,237,200,216,95,232,97,133,240,109,14,26,249,211,90,134,97,156,146,99,25,195,203,12,100,41,167,80,182,142,225,129,142,21,177,12,131,65,162,108,126,130,159,163,240,205,242,254,13,154,201,75,91,208,128,226,136,72,107,60,74,16,198,127
