218,158,163,9,183,234,147,3,155,225,192,42,8,135,228,102,236,39,154,211,224,18,168,183,25,164,214,5,246,197,167,136,246,121,78,79,42,223,113,127,165,174,50,178,187,228,170,145,157,122,163,243,144,219,28,117,30,175,84,82,22,238,106,142,114,105,105,209,147,222,96,153,105,219,139,124,210,94,32,170,194,34,159,100,211,105,152,162,96,138,88,155,61,138,175,55,57,6,210,134,33,44,184,9,170,184,206,211,237,57,225,5,212,93,164,173,106,250,241,218,112,103,41,104,236,128,251,52,127
84,9,245,98,241,123,66,22,206,119,204,243,77,132,118,201,129,80,133,134,235,104,150,107,80,197,178,16,178,79,187,236,6,59,126,59,32,233,220,41,125,5,35,65,153,24,125,103,121,56,28,152,71,121,48,252,193,56,78,209,15,145,125,50,113,24,218,171,132,203,91,103,234,47,2,84,140,143,169,20,214,89,170,144,117,245,30,209,164,42,9,39,71,153,85,29,82,38,106,154,81,243,185,42,97,223,248,68,164,132,128,69,59,105,204,171,20,61,47,52,124,72,170,240,81,165,32,140,127
3,91,130,65,2,98,15,216,113,75,188,12,134,50,192,235,36,227,68,194,226,105,65,123,233,233,67,48,136,143,147,236,100,224,23,197,58,142,14,31,148,227,156,56,8,195,242,0,0,9,151,231,52,249,3,173,47,129,152,75,146,61,227,124,86,63,250,131,178,252,174,25,195,20,124,47,93,179,35,9,254,134,65,165,61,225,165,172,5,95,117,74,232,251,10,24,121,12,25,26,28,105,187,238,247,195,98,12,116,190,45,33,77,90,109,130,132,36,203,181,220,110,199,119,92,212,97,209,127
144,27,87,115,82,81,105,138,66,173,11,232,57,90,231,193,94,145,100,158,234,172,78,160,156,136,8,70,82,8,237,253,206,11,6,86,210,32,67,166,154,72,180,153,251,57,127,184,177,167,144,110,120,42,233,130,64,181,163,96,127,238,93,33,240,163,46,14,228,210,114,89,113,91,63,42,177,98,98,144,221,23,53,89,213,147,251,172,53,98,63,249,39,233,95,29,244,119,151,170,233,48,156,26,27,194,211,64,90,125,96,76,49,10,171,153,30,85,7,161,209,216,194,109,137,7,80,28,127
172,182,21,221,130,168,204,83,48,53,181,52,163,104,23,121,192,97,240,138,123,157,49,43,91,111,53,81,173,87,25,223,175,214,152,167,175,120,100,60,131,251,79,108,182,224,248,196,237,59,218,169,115,64,6,74,203,222,142,84,89,249,75,20,97,75,114,217,225,100,207,38,56,157,23,39,157,22,229,1,36,135,202,217,71,66,223,192,84,49,37,248,201,141,83,237,179,146,126,84,15,254,75,127,44,110,68,248,176,163,103,32,102,7,125,214,241,58,8,215,63,182,10,186,86,7,95,74,127
57,188,50,10,47,34,65,37,68,30,54,172,223,67,32,8,231,214,134,254,73,150,148,35,144,151,225,116,127,173,92,234,172,112,143,38,228,77,197,188,207,86,36,112,3,65,79,204,192,165,198,85,161,78,68,170,88,79,173,70,45,159,140,178,198,240,56,221,148,79,109,222,183,139,253,158,242,153,190,211,113,159,219,37,138,3,16,146,143,218,124,82,233,125,23,88,10,31,27,51,13,95,11,201,179,68,243,93,121,126,152,178,68,46,93,189,229,2,243,144,137,212,78,139,47,143,163,2,127
207,211,97,41,151,254,63,144,250,219,83,114,33,201,166,38,214,134,208,156,160,152,238,29,15,24,45,82,151,116,189,46,70,190,132,77,186,18,34,119,8,99,10,119,195,196,7,132,65,94,116,75,112,230,6,152,224,124,44,79,156,243,56,69,53,89,186,235,92,168,88,242,178,77,151,182,87,60,1,48,218,107,21,100,221,196,70,32,213,55,7,0,81,131,40,189,30,96,167,252,4,40,217,26,2,235,163,229,130,44,112,5,201,29,102,6,224,228,221,93,198,161,86,62,201,227,152,5,127
30,84,222,19,250,72,21,142,186,243,170,197,42,131,205,238,217,12,77,47,35,243,197,194,244,230,21,138,197,230,136,142,233,174,229,240,141,23,147,44,192,177,31,116,16,123,83,73,103,254,143,46,239,159,76,127,144,49,236,163,206,89,72,184,126,122,38,155,212,43,37,25,98,115,80,187,58,1,30,128,181,117,104,58,248,240,18,64,247,31,102,37,189,176,136,122,210,152,2,103,147,247,82,62,137,222,219,232,161,132,122,13,168,205,12,196,1,139,48,46,203,176,191,230,154,179,115,88,127
57,108,248,204,171,194,86,62,55,69,182,151,76,4,122,85,202,250,169,3,79,22,196,134,220,67,166,193,185,227,113,132,239,30,196,187,230,186,72,80,209,239,67,34,124,80,91,61,56,129,187,235,109,240,247,187,250,26,162,103,4,234,95,223,207,224,204,201,59,137,125,7,134,164,127,194,17,76,245,67,138,152,66,77,143,141,251,186,2,251,216,119,48,129,198,31,248,149,126,9,140,113,175,6,37,96,183,186,247,240,117,150,158,231,101,98,165,122,127,102,189,244,236,58,68,163,102,224,127
49,193,77,14,127,97,107,46,68,144,142,177,101,142,92,170,137,140,239,201,182,218,250,8,181,91,153,180,94,18,112,152,28,238,136,0,201,51,33,236,84,151,90,93,238,251,10,206,79,226,101,226,226,209,165,124,67,106,23,10,174,125,136,101,201,200,150,104,153,188,249,61,164,221,193,120,69,156,203,103,80,209,201,40,250,116,53,117,137,91,139,25,209,153,53,222,79,47,217,54,79,124,114,19,84,227,141,38,0,223,228,13,103,124,77,252,190,233,205,26,172,220,252,236,219,88,227,116,127
28,231,159,19,163,204,41,33,136,103,155,219,37,181,27,88,148,247,124,124,42,41,159,21,117,130,254,207,226,90,55,221,174,116,38,116,44,243,147,18,110,5,192,246,251,11,22,9,223,35,114,88,133,219,90,162,196,68,53,66,208,85,30,147,160,166,188,92,216,6,165,194,71,136,91,12,37,170,187,84,194,120,106,91,53,30,55,16,57,166,97,32,129,220,15,74,170,176,150,120,176,125,113,87,32,84,83,130,242,74,61,184,238,179,119,232,80,101,114,17,208,136,121,214,80,84,2,61,127
43,129,92,229,68,31,108,227,1,34,87,73,61,85,84,219,117,37,12,39,192,113,1,218,27,217,233,82,61,66,175,79,50,247,40,64,22,24,57,228,94,103,185,36,16,127,149,172,234,111,143,217,164,243,30,24,50,110,111,202,235,54,57,76,253,187,176,157,237,118,112,112,141,34,226,200,166,100,210,87,217,134,123,11,77,59,164,146,9,35,22,46,179,65,48,207,33,90,200,203,84,156,32,71,138,7,73,159,160,229,74,21,104,95,223,140,197,57,127,246,249,228,205,234,167,155,120,99,127
193,76,113,158,223,28,131,252,180,93,4,118,158,97,74,49,191,15,177,16,186,118,181,203,29,209,232,124,49,8,21,11,143,72,65,179,105,104,66,107,11,106,221,208,13,197,112,52,42,245,157,112,103,218,100,82,59,11,132,60,179,188,182,18,214,64,167,41,219,150,53,104,57,34,252,154,241,4,221,88,80,122,99,166,184,7,245,132,185,156,244,227,29,38,138,144,34,240,14,201,80,172,153,187,13,84,241,135,125,101,5,148,52,211,50,121,218,21,17,243,216,47,50,51,180,103,3,111,127
52,184,47,166,47,163,3,111,122,179,172,74,118,41,55,180,240,131,251,199,189,82,14,175,213,166,197,127,42,215,210,249,111,27,215,230,136,26,127,28,103,235,139,62,227,225,111,155,162,211,96,113,172,84,139,39,135,150,47,84,88,142,212,107,94,214,238,46,87,128,121,155,35,130,13,226,229,249,10,30,209,65,45,34,193,167,30,204,202,222,6,94,220,78,140,33,52,109,220,42,122,179,229,1,143,92,81,72,157,115,127,21,53,233,152,161,71,31,194,76,46,23,40,66,120,101,140,4,127
225,39,152,110,238,127,68,125,78,160,237,151,71,33,65,207,219,144,5,251,164,153,17,8,83,27,200,163,140,216,81,53,31,39,50,140,186,164,86,75,146,86,172,114,132,172,209,99,81,38,137,164,39,218,237,30,86,135,112,49,166,4,104,165,54,77,103,228,100,93,12,81,130,176,71,143,142,87,159,0,65,192,77,190,161,206,10,220,168,178,54,139,44,16,169,227,64,135,57,110,81,67,239,35,177,80,209,0,32,245,142,204,237,3,254,170,239,45,249,10,210,194,28,201,215,178,126,54,127
212,76,73,100,85,46,1,80,136,200,32,229,31,223,205,153,86,21,1,232,233,82,214,43,136,138,44,44,16,77,175,247,91,140,77,232,136,66,233,55,232,27,62,43,187,178,112,54,34,88,150,43,177,29,70,220,162,200,71,213,105,115,178,67,131,166,113,66,5,178,249,195,41,64,137,198,130,72,138,17,219,90,157,142,178,173,197,117,220,180,77,176,91,154,74,200,104,21,238,90,185,171,175,99,225,90,100,27,151,104,94,154,8,209,222,241,163,59,127,120,96,16,201,62,210,28,206,245,127
254,130,133,239,97,240,153,26,102,112,134,253,132,54,198,91,202,205,46,223,81,80,155,132,153,154,198,221,47,45,173,99,8,66,71,220,253,234,197,130,40,113,104,124,20,243,163,161,86,159,233,131,9,251,120,32,230,241,27,114,196,73,109,106,172,8,85,222,116,242,97,106,198,220,121,238,52,165,10,82,86,58,108,220,221,76,155,165,234,116,109,72,85,208,102,3,45,244,216,252,75,183,211,159,216,41,230,143,115,249,38,21,44,65,215,194,142,146,178,27,53,236,232,19,249,8,119,117,127
74,201,14,149,249,154,247,189,148,47,215,115,157,232,57,143,230,167,240,235,209,246,208,217,93,36,215,193,147,97,57,27,70,219,8,126,207,228,97,66,216,199,178,135,49,174,85,54,136,216,59,105,100,138,199,78,144,49,7,82,85,174,86,95,234,22,92,81,166,3,39,234,102,23,114,81,11,69,132,190,25,103,223,140,12,178,193,126,60,10,238,208,140,53,237,72,42,74,227,222,223,7,147,146,215,164,41,87,241,109,185,117,117,136,240,94,149,102,120,223,177,149,218,123,225,164,171,91,127
243,96,166,107,132,10,141,183,127,157,17,243,50,180,158,124,81,182,253,160,214,73,251,81,216,226,34,39,244,244,224,243,113,34,112,208,79,196,10,4,98,57,40,49,70,178,148,94,157,92,112,4,170,24,34,199,96,18,180,42,245,164,107,156,149,245,15,63,24,220,247,160,127,74,60,220,118,176,106,42,97,138,244,235,107,29,170,132,131,61,195,148,41,4,2,52,247,131,59,195,162,36,79,123,131,57,96,50,216,87,175,176,14,222,202,92,10,109,59,220,179,154,52,236,146,178,243,249,127
117,245,93,71,202,155,114,203,88,31,165,84,86,203,217,208,108,11,155,98,189,39,244,129,146,201,115,163,153,156,40,250,132,72,83,69,141,24,195,93,231,11,235,12,237,250,187,155,106,87,164,8,32,139,143,200,53,110,56,87,89,7,138,80,3,19,26,167,232,216,60,145,149,67,149,217,21,197,133,251,212,153,184,250,57,94,37,234,150,208,233,243,37,3,52,228,219,32,222,59,39,121,27,125,206,103,199,217,107,159,80,174,61,119,115,198,5,31,180,31,62,88,166,159,139,63,91,242,127
52,50,132,108,73,132,110,135,183,143,130,189,54,230,96,49,32,231,146,148,216,117,127,171,157,233,111,216,104,163,199,20,64,177,49,163,32,241,7,100,157,177,185,50,189,55,129,231,49,161,252,165,79,52,24,91,74,98,248,185,13,198,207,147,165,159,152,203,154,168,201,99,218,78,11,132,174,219,240,186,144,194,229,71,139,89,160,7,251,150,228,5,238,22,14,141,110,42,110,253,6,129,74,199,129,205,16,175,17,240,86,141,230,221,176,110,165,31,117,2,177,79,192,121,130,35,174,161,127
233,105,237,189,59,174,128,220,223,32,183,49,54,218,83,147,56,34,106,79,104,102,108,225,35,233,235,219,198,174,178,138,61,220,185,30,154,75,50,235,198,205,89,27,175,11,205,45,136,37,101,193,170,132,211,224,203,199,216,87,232,154,83,167,123,109,209,209,215,116,248,103,23,200,230,22,188,148,129,46,0,183,190,138,128,211,117,160,238,186,236,69,31,75,91,24,68,53,237,68,202,70,86,113,19,224,119,217,178,205,142,249,95,99,35,185,190,76,26,223,178,131,193,137,65,51,240,32,127
94,100,248,66,21,18,249,36,31,225,140,42,130,37,208,12,196,78,145,150,105,43,81,237,188,99,227,152,114,143,251,36,160,82,11,70,87,135,108,100,142,79,171,118,180,139,239,48,132,46,85,248,7,133,123,9,107,183,234,3,82,83,104,81,33,200,237,120,16,164,35,112,96,203,168,9,242,92,101,190,123,137,57,81,113,84,184,96,40,181,241,113,40,195,116,132,169,253,47,105,149,50,16,221,183,178,19,235,112,90,112,57,216,190,33,7,156,140,12,151,218,63,51,236,82,149,119,151,127
216,72,212,72,115,10,104,80,109,120,250,154,180,237,195,166,95,2,14,232,59,188,17,35,96,210,196,177,153,50,189,201,81,153,175,54,33,233,96,150,181,188,107,148,51,83,156,179,83,247,17,252,126,66,128,116,128,44,1,29,171,5,146,30,213,60,4,36,254,96,231,71,58,202,54,163,117,161,151,187,150,161,93,137,6,106,40,231,111,33,168,12,189,88,5,17,133,193,140,46,19,143,48,121,144,82,138,102,68,227,73,203,95,209,95,185,219,195,206,125,27,195,2,22,124,48,103,249,127
100,223,59,173,213,40,119,247,217,50,211,124,89,175,153,185,23,39,247,245,81,71,124,157,96,157,38,161,88,137,222,117,162,166,146,4,2,89,192,249,18,93,197,196,126,95,81,248,141,151,94,228,186,115,48,177,33,132,164,206,207,118,51,178,78,122,176,22,90,214,220,180,233,164,251,22,23,196,75,164,204,40,96,244,180,10,218,69,211,113,214,121,3,97,171,57,58,221,1,227,206,136,30,227,232,147,253,47,57,202,178,105,72,128,7,83,23,197,29,62,24,219,119,202,235,221,49,151,127
114,126,116,205,245,91,184,173,154,116,47,104,110,215,88,55,86,40,21,155,143,251,90,191,30,253,238,174,218,242,110,128,102,212,139,85,41,142,194,111,141,100,109,107,65,224,36,76,154,17,160,120,74,207,80,85,27,53,27,159,12,196,229,22,75,27,76,156,36,72,236,21,96,20,39,194,130,86,174,41,7,35,19,100,141,242,219,32,184,222,80,185,126,63,107,189,128,100,143,89,185,31,59,59,191,149,219,221,214,11,100,15,85,48,206,138,3,11,109,84,101,56,11,17,127,36,136,164,127
123,173,55,11,217,91,166,132,3,58,159,181,243,143,123,235,230,221,151,213,230,183,212,122,118,233,230,251,104,44,96,92,23,221,73,247,82,90,139,102,26,214,40,226,72,44,26,120,180,143,109,173,21,166,89,68,52,226,216,149,177,204,37,111,26,34,119,124,175,219,138,202,137,244,89,163,104,180,39,157,24,220,84,104,228,128,205,212,200,145,139,204,18,192,143,147,52,71,253,61,151,66,89,164,17,89,199,49,55,64,211,74,29,247,208,110,173,125,62,49,90,202,240,234,18,110,75,222,127
125,115,163,65,79,46,25,63,3,198,108,37,76,160,214,194,81,226,202,75,182,90,161,97,198,57,140,27,73,45,217,229,84,24,65,0,226,162,124,36,158,174,188,110,109,31,195,244,55,96,100,55,243,246,115,11,170,207,168,176,96,40,201,109,28,78,189,169,86,118,54,52,209,194,172,205,206,53,30,218,212,223,158,162,205,71,196,48,53,39,123,98,185,142,43,39,169,173,215,211,126,201,184,108,232,245,194,125,72,48,16,87,125,190,243,158,104,15,210,103,84,253,57,35,81,160,193,153,127
16,235,144,128,246,237,141,138,53,183,137,147,98,40,76,212,65,166,46,202,103,50,140,192,15,184,166,79,10,4,104,67,38,9,32,220,151,91,27,169,244,138,204,249,135,182,212,210,28,14,218,29,252,207,121,174,224,113,147,75,133,222,119,111,52,142,9,48,177,81,71,167,98,45,43,100,140,49,149,80,9,143,209,168,238,19,70,91,189,27,3,16,98,19,216,123,145,228,205,0,105,73,180,19,51,230,26,253,241,143,80,45,2,221,91,232,231,148,127,175,64,244,207,61,134,115,124,4,127
64,150,249,30,153,105,116,129,11,208,64,103,11,0,157,193,179,104,109,23,197,80,147,55,179,150,73,32,53,137,34,247,239,193,161,89,116,30,147,119,172,207,136,81,195,79,49,219,36,144,199,249,82,90,106,158,11,105,131,242,4,68,87,124,120,116,42,189,76,111,31,205,113,196,15,191,182,138,43,169,189,226,62,45,200,86,94,10,82,176,230,156,163,248,177,45,179,190,32,239,159,16,115,151,80,112,197,32,23,52,121,212,16,72,239,43,197,25,169,14,143,33,18,100,96,124,153,158,127
12,159,220,54,97,122,197,195,203,218,252,238,182,246,40,251,250,25,177,2,208,181,74,20,181,67,23,208,48,27,49,79,254,58,155,114,77,31,141,172,117,209,56,1,16,144,252,51,220,248,126,67,90,62,122,116,142,236,78,82,27,83,16,140,66,209,17,2,181,172,88,86,19,179,241,82,117,45,62,50,228,95,49,42,158,164,145,17,170,47,244,130,228,239,143,92,12,6,107,144,249,34,14,154,183,89,4,233,94,247,232,84,87,142,193,120,107,168,128,6,165,48,24,63,173,79,41,144,127
117,34,56,19,39,164,99,227,223,43,240,6,43,223,44,86,197,71,204,19,96,41,235,85,99,74,217,26,119,118,133,129,185,16,2,247,102,85,167,239,97,33,231,49,55,210,232,48,62,62,111,25,19,2,105,237,91,254,134,63,158,125,179,152,20,63,83,129,3,6,31,181,25,196,178,179,83,155,205,204,6,184,117,30,79,37,142,51,116,50,5,38,214,217,4,43,211,162,224,38,191,160,241,123,129,175,235,89,22,105,68,34,204,109,145,11,237,154,223,20,89,238,82,112,224,183,242,90,127
47,163,149,165,213,125,93,238,82,150,30,227,7,218,6,36,39,248,44,128,2,138,13,107,158,120,25,20,31,112,18,102,108,192,114,9,13,46,169,185,83,215,36,143,95,57,191,245,133,15,2,7,179,62,84,124,36,79,5,33,204,118,68,54,59,142,100,155,55,136,85,55,251,180,18,207,182,203,47,175,84,236,137,40,24,20,190,161,179,184,134,180,18,8,48,166,100,234,138,24,145,50,197,207,13,224,198,246,248,32,196,145,9,132,144,232,56,117,109,169,191,242,162,195,163,239,203,142,127
196,251,9,68,128,214,249,19,1,203,140,9,161,1,243,54,152,187,182,120,189,249,53,22,49,239,242,215,31,187,127,42,109,68,60,77,121,47,107,216,67,27,114,183,237,66,85,72,175,136,199,75,133,148,17,176,119,115,108,253,247,135,245,136,13,186,211,102,203,56,174,104,66,213,104,180,66,109,166,24,230,45,185,117,139,112,232,75,142,82,56,231,234,159,79,133,77,164,216,100,3,131,106,46,240,208,98,6,132,129,246,58,53,56,31,223,62,10,208,226,39,157,18,144,215,7,9,114,127
187,190,209,100,180,92,77,143,75,83,227,23,107,38,149,37,105,17,24,176,144,61,70,152,65,173,142,53,222,115,74,93,64,221,244,67,96,139,87,225,108,2,167,227,72,71,13,39,207,40,205,175,135,139,219,39,11,162,242,130,138,123,83,58,26,111,251,58,72,166,28,165,120,112,78,42,145,116,36,132,129,213,48,156,11,71,115,143,127,215,126,83,107,119,141,61,227,35,241,9,140,240,60,119,109,232,38,148,235,176,94,218,193,134,2,224,76,22,2,249,254,97,163,204,134,20,250,106,127
236,123,105,115,71,129,37,213,47,88,183,193,72,129,158,73,53,88,241,231,90,193,36,217,87,173,53,64,212,7,54,108,159,247,93,14,193,54,34,51,233,183,85,78,232,203,231,94,24,246,105,36,88,137,134,64,101,170,27,232,76,84,218,228,34,11,13,235,164,15,63,158,250,108,217,197,206,159,237,61,248,118,51,216,5,206,162,14,26,80,133,214,228,48,245,115,201,188,90,9,125,179,94,63,123,223,180,203,174,115,79,27,150,164,104,20,246,248,114,191,231,139,238,237,144,185,102,106,127
12,249,21,165,164,9,195,235,234,19,4,64,43,21,52,202,157,41,148,25,114,164,19,240,157,41,129,56,12,168,57,63,36,14,17,234,94,184,182,239,212,22,207,14,247,77,49,200,83,44,125,78,125,96,247,144,151,42,197,238,110,46,254,158,4,184,54,183,96,224,5,66,44,21,169,159,27,94,33,218,136,144,58,72,81,205,115,105,220,106,221,92,29,235,75,144,26,107,149,190,14,115,187,97,197,163,113,151,50,237,220,80,121,182,164,154,145,211,99,178,16,250,98,156,76,230,121,145,127
14,135,14,40,169,71,74,189,40,32,132,181,182,6,59,219,185,229,45,143,101,174,102,31,248,225,5,38,23,41,184,115,253,235,105,161,222,3,11,107,122,179,144,120,166,8,172,237,15,30,39,211,108,57,93,126,105,82,28,116,132,105,250,174,196,39,245,16,170,83,51,132,99,4,240,28,142,239,115,24,118,196,37,224,118,19,233,226,115,188,96,114,150,173,233,3,163,76,42,131,216,246,138,224,165,218,35,27,82,141,5,134,140,150,51,247,122,248,171,91,102,231,118,149,238,205,81,13,127
202,93,214,254,74,123,74,172,207,229,130,163,71,67,159,127,218,58,226,235,162,0,124,135,132,115,95,185,27,30,205,81,183,130,210,230,15,15,229,209,174,76,80,31,78,4,19,150,225,90,90,251,172,155,80,17,155,225,208,249,182,127,143,151,232,12,45,155,213,114,55,138,115,216,50,97,12,205,111,75,110,228,176,27,119,167,64,34,31,46,212,25,2,207,77,204,74,130,122,159,203,226,54,34,202,170,186,99,59,183,170,246,79,241,195,220,216,165,223,194,114,105,207,28,25,30,212,176,127
211,154,76,227,209,216,251,128,71,26,218,57,180,196,217,172,222,235,218,12,152,77,65,152,12,171,24,94,206,115,11,247,107,244,183,163,178,150,240,14,60,91,233,241,191,171,72,104,77,19,242,248,127,170,182,229,144,53,117,211,115,249,49,197,180,122,34,199,93,3,31,242,100,180,139,2,248,205,210,81,138,60,155,129,197,242,223,254,254,173,21,64,83,128,221,189,92,139,138,65,182,36,39,199,173,197,127,71,151,55,157,6,10,84,23,17,169,209,212,49,118,250,51,152,197,214,196,206,127
50,92,144,118,89,122,153,18,245,33,84,2,207,104,41,1,126,8,193,215,83,30,225,226,66,178,208,130,55,210,205,168,192,130,221,85,222,196,197,23,14,249,24,45,108,239,1,217,195,74,170,91,76,165,158,212,161,87,165,230,105,129,42,207,171,238,246,188,18,221,105,88,222,162,70,22,214,82,2,39,32,28,31,179,99,235,103,49,75,3,141,3,103,198,50,223,133,185,126,231,117,248,9,160,74,145,226,64,241,210,0,153,182,154,68,192,125,63,140,209,151,44,164,111,211,122,20,19,127
104,203,128,171,241,217,90,222,158,33,148,65,137,27,86,121,22,204,57,39,81,63,5,126,141,146,125,65,44,132,226,103,65,250,189,112,133,72,156,166,62,161,243,180,52,223,241,86,104,198,166,37,172,76,126,166,132,186,156,234,88,254,129,4,60,29,241,101,190,8,162,83,28,93,213,167,79,105,74,194,68,46,157,30,8,235,218,23,25,252,148,45,45,7,177,9,17,237,78,16,220,6,127,239,181,254,95,221,228,216,251,203,252,54,238,91,11,119,231,227,183,169,25,251,190,49,1,211,127
27,153,137,73,46,167,126,197,113,87,50,60,217,101,66,1,193,75,158,49,45,50,55,124,162,15,87,86,112,129,212,64,8,221,252,42,245,110,121,197,175,44,81,186,226,60,229,206,51,174,132,55,68,95,17,28,184,117,44,253,197,223,218,213,24,143,94,195,201,139,2,127,243,29,13,78,207,77,141,105,180,65,132,62,228,170,10,222,19,152,230,240,113,171,168,152,33,160,24,199,14,232,105,1,197,196,69,155,62,79,177,129,153,144,23,177,171,59,67,13,58,48,232,108,36,69,188,21,127
29,222,227,213,156,92,62,12,225,77,50,238,89,55,174,25,94,194,67,31,106,183,90,106,220,187,200,169,218,167,127,86,192,134,161,26,8,211,21,223,174,23,58,182,229,248,121,107,43,59,150,218,124,214,127,71,13,203,94,108,127,85,81,212,64,104,29,253,142,38,201,109,168,228,182,111,78,249,133,120,201,245,185,246,195,242,15,114,140,198,152,45,219,83,61,39,248,58,109,111,85,150,39,206,113,175,245,141,23,209,40,2,148,53,182,229,82,173,227,65,226,162,222,190,194,168,106,0,127
36,156,251,40,37,228,211,192,121,149,18,105,96,144,157,121,95,97,3,150,224,106,92,82,127,40,132,182,179,57,10,39,24,70,219,70,192,239,202,36,21,231,192,84,182,43,239,198,127,234,248,6,108,8,50,77,54,160,38,91,118,22,148,227,102,3,171,162,140,1,79,215,173,69,102,141,139,217,148,241,25,60,141,238,199,116,40,235,106,24,199,90,173,3,63,91,213,102,140,242,171,119,227,21,41,168,4,156,116,82,29,64,5,226,240,69,70,217,211,98,166,75,29,165,100,72,10,52,127
18,133,53,110,126,92,225,132,212,139,201,127,145,114,192,2,159,27,177,19,35,145,118,196,52,71,94,244,204,224,2,160,224,196,142,165,110,175,158,234,181,147,226,200,225,77,55,205,151,217,128,196,226,198,48,207,41,145,60,237,199,254,57,4,89,228,188,240,55,114,254,243,182,148,210,213,225,211,13,59,92,5,58,11,165,240,41,148,50,206,209,221,132,106,188,21,210,72,96,119,182,59,192,36,13,222,27,222,73,227,7,120,238,217,223,164,218,15,183,50,25,52,224,64,250,187,240,40,127
250,151,225,65,236,193,161,65,73,44,127,36,30,222,4,98,67,181,30,185,184,198,166,107,1,241,24,178,93,205,7,66,158,174,90,31,152,86,219,22,154,52,220,187,50,230,121,146,44,39,157,121,8,91,51,16,103,176,176,111,127,75,198,28,35,161,139,23,82,252,160,217,40,107,67,156,9,63,254,130,129,120,180,60,239,251,226,116,17,84,108,210,4,135,223,84,80,56,71,23,140,100,133,226,87,174,179,222,159,60,77,241,61,42,82,241,2,2,42,218,251,88,57,211,210,164,15,84,127
111,132,226,173,212,87,144,80,66,34,59,124,160,179,164,25,201,123,184,151,235,214,6,27,39,21,192,238,208,218,64,97,244,98,124,244,204,201,200,226,64,156,59,106,72,41,172,167,79,62,93,177,58,223,253,117,48,28,189,202,11,167,21,251,48,19,226,37,13,125,26,186,195,53,149,89,219,39,194,150,63,155,125,107,98,232,145,3,54,236,91,27,47,5,242,233,144,124,231,224,22,113,63,133,23,83,64,12,103,66,76,101,13,169,186,0,190,184,112,135,142,75,104,241,201,119,117,175,127
221,217,191,225,99,6,153,158,65,234,56,134,89,180,194,108,74,91,187,197,27,6,78,223,35,190,153,99,240,173,140,61,89,44,72,189,155,209,187,76,218,197,233,31,250,208,137,47,127,167,190,251,93,216,24,239,27,29,218,225,145,4,219,102,50,238,254,154,154,150,58,40,13,45,167,59,190,8,182,195,83,33,159,171,104,238,44,71,115,137,224,195,49,209,238,46,222,41,77,224,141,120,174,129,216,49,11,250,230,20,177,63,237,113,125,102,99,128,118,59,196,247,35,95,112,145,109,59,127
35,154,35,34,108,141,40,83,34,228,195,181,180,43,104,174,98,21,163,197,214,126,85,121,245,161,225,24,100,102,184,2,244,177,40,154,130,159,26,176,41,92,38,23,106,190,67,181,138,84,127,109,182,152,115,153,188,147,36,182,178,163,226,193,162,212,77,113,8,221,119,215,216,17,78,246,95,9,228,134,94,7,120,233,137,50,83,157,67,220,177,168,188,136,188,119,63,55,29,117,209,146,13,151,211,127,15,229,175,183,254,197,150,159,50,132,29,219,127,117,96,85,157,159,80,108,236,229,127
128,164,52,237,83,196,217,231,18,6,165,217,112,177,47,42,122,247,176,129,17,109,234,219,220,18,10,28,232,187,0,115,62,57,105,67,193,30,242,163,77,110,25,223,130,71,174,129,196,125,186,92,123,1,131,13,83,11,112,249,105,76,114,162,231,217,206,99,192,224,127,124,190,186,222,2,147,159,43,17,19,1,226,206,233,191,24,39,62,85,117,127,127,21,166,225,108,170,130,50,156,33,73,163,56,108,220,150,210,161,53,159,123,70,128,66,170,197,83,121,170,125,179,225,218,46,166,140,127
186,253,81,127,31,164,213,3,215,213,169,225,11,49,215,197,152,150,35,142,252,217,251,36,189,45,254,83,31,247,194,175,26,14,28,118,139,49,127,1,59,52,80,204,210,122,143,23,168,100,21,197,113,81,143,216,191,150,85,202,64,53,69,209,85,26,197,198,197,144,100,126,207,58,111,178,226,252,114,242,211,223,52,65,156,155,96,199,89,58,28,182,96,91,20,230,164,201,159,30,147,162,149,208,124,100,48,166,83,222,47,186,2,225,140,151,232,33,102,2,20,18,215,164,96,81,229,195,127
131,254,46,237,93,214,163,55,212,251,231,52,52,177,66,51,5,122,151,185,231,116,68,247,70,158,150,44,181,23,180,208,118,105,59,72,246,64,64,117,59,204,179,65,143,126,43,81,231,135,61,148,0,250,103,64,23,239,5,76,101,188,135,196,176,149,140,178,152,86,81,220,15,132,242,176,214,240,8,120,116,189,19,22,237,115,245,61,53,241,165,73,66,132,102,228,37,182,161,226,36,209,232,15,104,233,10,143,181,37,9,197,84,212,203,247,194,43,194,187,114,23,41,166,9,159,72,233,127
64,98,70,190,36,238,192,15,127,241,17,229,248,158,38,133,41,30,36,245,208,44,134,27,197,120,123,169,202,174,137,175,78,20,127,251,219,62,224,179,138,211,154,190,61,119,144,53,121,86,52,35,50,61,45,190,217,34,66,173,127,8,207,187,198,123,28,207,161,205,142,167,15,32,59,218,109,133,180,34,102,136,132,72,204,79,6,228,202,86,189,217,243,116,216,117,147,90,189,38,143,103,145,187,65,77,129,27,240,193,160,217,227,52,117,20,246,97,148,230,93,210,126,229,193,10,28,149,127
68,137,14,225,49,81,198,245,68,85,115,52,180,151,75,96,203,147,172,235,76,180,186,211,34,76,226,1,114,82,17,224,48,69,31,72,235,190,115,32,154,173,210,3,162,234,67,203,104,124,121,29,223,49,226,44,104,45,153,49,120,23,178,54,173,203,163,137,149,68,90,62,16,21,93,46,117,198,158,176,196,70,21,196,172,155,238,92,128,118,240,186,239,122,166,33,235,232,183,30,232,113,183,75,162,54,68,240,228,5,96,146,87,213,94,1,70,153,78,205,222,103,157,107,240,204,90,29,127
236,164,47,41,29,38,29,80,18,254,128,80,74,148,69,17,187,172,130,75,201,47,52,217,85,227,34,43,27,249,22,5,15,87,195,12,52,241,233,45,66,222,136,251,77,156,139,213,217,20,147,56,99,215,17,7,5,107,29,104,139,212,94,158,138,126,14,133,251,55,22,112,155,251,42,198,206,49,105,210,70,191,141,36,11,73,151,48,247,65,5,115,127,104,13,93,168,44,190,171,14,188,122,137,80,157,234,53,230,71,174,33,46,232,250,50,18,36,214,239,100,67,76,13,236,129,245,146,127
224,238,248,244,172,202,163,200,244,16,153,66,45,228,217,116,144,229,134,232,65,170,238,242,13,18,48,30,60,217,133,195,209,221,224,175,106,8,222,120,66,28,242,132,175,87,85,46,190,160,152,107,27,191,10,16,57,200,34,39,52,33,189,128,134,156,191,243,183,51,220,49,62,115,102,123,191,48,48,105,77,135,193,110,2,101,112,2,63,139,71,202,98,63,44,85,199,144,233,212,142,71,108,38,173,159,113,15,126,132,127,37,110,85,17,112,112,117,146,103,245,117,29,230,106,164,166,73,127
97,88,16,203,52,149,136,120,32,57,252,109,177,208,241,241,243,141,56,159,2,243,54,113,74,108,138,23,126,198,61,79,17,167,79,135,31,87,65,178,146,14,175,237,253,130,211,71,38,176,114,76,23,253,64,247,27,18,240,115,198,179,53,25,104,156,108,88,21,193,107,158,3,179,67,68,132,102,109,122,39,42,12,122,104,90,102,154,68,94,187,63,208,98,107,163,60,230,252,64,233,243,127,74,130,30,27,188,32,245,151,198,143,245,167,150,239,225,249,171,182,24,216,91,50,245,114,26,127
215,126,42,244,209,36,141,7,236,8,178,242,203,80,165,104,243,128,151,222,23,240,195,9,196,227,110,101,253,77,152,131,24,233,38,36,18,210,228,45,228,129,148,145,211,137,41,207,238,169,96,101,35,31,19,120,94,150,23,22,8,51,106,240,128,219,195,38,0,10,108,188,47,86,222,6,189,128,229,30,174,88,251,33,236,39,148,69,147,148,26,72,48,72,8,74,213,172,99,37,91,109,130,247,252,132,109,169,171,114,9,232,78,61,105,147,165,64,248,106,92,244,106,91,229,187,34,82,127
190,40,106,175,117,199,171,13,58,77,67,29,11,229,182,114,195,132,92,172,129,110,184,200,116,77,227,106,123,64,222,185,3,137,41,95,180,253,91,228,142,246,11,41,128,149,77,202,10,89,128,27,184,22,58,81,224,38,170,49,120,141,152,133,21,181,25,114,184,53,194,38,108,126,228,184,19,117,234,127,229,31,212,120,14,220,103,93,22,173,180,164,191,89,232,71,227,174,238,126,114,58,46,248,236,227,122,70,32,104,236,16,76,62,71,116,41,157,134,11,164,224,128,225,158,138,129,121,127
159,62,49,12,165,63,11,202,185,197,203,32,243,229,60,27,116,205,101,147,46,21,82,78,28,189,154,150,39,35,172,47,82,166,244,27,54,146,164,23,174,110,54,27,237,173,209,58,11,27,74,22,40,56,226,55,119,42,119,34,223,118,181,29,203,250,3,9,1,84,20,18,156,70,90,42,41,246,108,115,192,10,51,231,144,122,244,222,222,118,39,43,136,158,79,5,217,142,27,238,103,7,182,1,200,105,23,62,98,245,35,86,181,10,61,102,84,248,149,65,230,112,108,251,118,246,17,215,127
248,184,107,62,18,49,210,182,152,20,129,154,102,216,8,47,77,122,184,131,216,32,123,62,133,139,19,139,137,107,233,185,236,198,176,26,90,90,189,57,152,79,184,245,77,36,55,33,99,152,54,3,1,112,95,101,159,104,180,32,93,57,159,204,83,122,88,192,47,117,42,203,1,171,110,177,245,195,135,160,88,25,59,193,212,48,121,186,108,55,95,243,181,73,4,122,77,44,220,228,101,121,234,158,134,224,51,54,111,138,142,81,170,176,31,73,21,192,33,82,143,78,191,38,27,180,69,233,127
4,238,221,154,216,24,253,221,71,34,127,161,49,229,125,216,216,87,7,240,153,61,190,109,66,221,5,146,217,247,17,143,195,45,219,3,219,11,28,13,168,254,61,219,66,194,68,125,43,71,51,238,226,59,92,21,231,106,170,17,82,229,135,64,106,30,176,102,121,171,202,185,160,244,204,94,243,137,64,103,134,106,213,196,44,122,50,229,156,166,37,10,36,140,93,231,147,236,137,253,151,161,158,60,99,102,131,26,63,248,183,126,58,7,77,144,203,246,141,207,143,114,244,150,90,135,224,8,127
48,5,29,112,107,108,19,104,145,246,4,1,127,234,233,3,201,173,36,31,156,1,39,177,206,150,19,124,21,185,155,111,18,132,12,220,152,48,81,83,56,143,56,142,86,99,112,244,110,116,172,71,46,160,103,250,96,98,127,86,242,16,208,219,38,206,110,11,238,239,84,64,176,112,113,87,30,242,6,31,229,182,236,88,102,179,71,229,217,12,123,4,107,53,68,145,77,64,17,122,114,77,75,181,32,25,11,41,161,205,222,8,176,50,119,251,187,17,194,241,116,23,7,216,190,248,86,99,127
77,56,144,120,25,41,168,147,40,86,131,28,217,43,30,74,86,178,121,11,33,239,19,8,39,73,238,109,200,90,219,143,230,220,134,176,118,223,220,151,99,228,54,246,103,138,78,28,6,21,165,136,28,219,129,220,134,224,240,231,29,32,85,55,195,3,201,248,118,184,33,109,215,46,82,69,12,118,144,245,174,53,173,150,91,67,99,112,223,35,76,74,101,68,166,223,253,56,181,150,81,194,121,112,153,110,200,214,54,169,137,6,16,57,125,120,140,187,172,144,245,159,206,76,196,243,223,80,127
50,213,110,200,9,42,7,225,173,12,173,166,81,7,76,90,110,198,206,164,182,168,59,195,53,19,10,71,104,13,146,188,110,55,200,114,152,89,108,174,197,12,8,38,7,5,89,23,100,155,181,123,253,93,103,247,160,234,103,145,181,5,187,226,203,121,68,26,158,131,208,127,0,244,40,125,128,25,218,89,117,190,100,232,152,133,87,195,169,134,103,109,69,226,175,179,97,248,76,134,162,52,50,195,137,137,216,117,30,245,167,100,152,187,234,184,41,59,51,246,19,39,137,121,16,37,137,249,127
20,16,45,76,146,46,134,224,210,54,140,150,183,149,100,121,230,186,179,60,124,9,123,176,179,99,81,88,68,74,239,150,144,164,110,6,161,192,44,54,253,225,140,164,57,41,242,210,152,81,184,143,231,167,218,190,136,129,127,154,182,8,140,122,223,187,165,52,197,180,65,126,238,38,237,100,104,73,140,161,192,51,162,202,34,193,31,80,244,54,109,124,12,122,224,26,220,85,2,102,84,11,174,237,63,27,200,242,171,123,140,239,43,175,160,63,145,169,2,132,148,223,107,184,108,65,59,126,127
31,32,212,225,130,93,3,18,163,192,236,4,207,116,202,161,222,72,208,146,62,30,127,187,211,252,119,251,214,60,89,50,69,137,172,1,100,13,2,80,99,126,71,216,66,56,81,48,96,169,216,226,94,187,189,128,66,47,114,207,161,133,199,49,170,210,182,50,52,128,85,250,219,209,26,165,87,38,219,199,135,241,81,9,53,124,77,33,87,13,52,181,232,59,190,107,142,19,2,139,224,141,13,144,41,57,8,253,179,82,121,66,84,92,27,3,39,167,165,237,193,8,171,199,90,133,231,70,127
162,133,185,151,165,172,117,119,245,218,216,130,74,63,197,109,162,186,70,93,133,55,198,7,169,158,2,55,43,106,110,18,85,158,21,31,146,121,58,97,73,160,197,59,58,107,87,99,39,178,48,193,79,227,182,240,61,195,117,37,247,98,106,86,119,67,184,142,182,171,18,116,26,215,25,234,210,24,32,96,235,70,138,132,116,23,32,16,194,71,76,218,239,111,155,127,242,177,197,166,15,239,175,123,148,73,23,87,207,174,86,173,31,81,68,244,205,98,207,90,33,179,192,150,64,60,177,207,127
61,173,165,230,46,69,82,207,252,82,38,236,42,65,69,5,169,86,225,158,66,11,43,27,36,122,154,228,234,113,139,126,104,109,236,140,130,154,38,69,244,228,99,35,41,130,58,139,239,76,59,72,27,251,173,211,177,62,92,199,53,85,171,172,245,166,248,190,36,205,19,23,236,244,46,132,12,22,131,144,99,168,48,166,82,218,0,200,162,146,95,113,89,19,100,240,132,28,98,121,234,151,73,151,81,160,54,202,151,107,252,65,191,32,226,230,73,242,254,16,210,234,133,34,106,43,235,29,127
251,140,157,19,12,216,175,66,8,35,88,209,79,30,3,114,96,120,112,87,235,185,190,36,96,194,156,102,234,168,171,156,65,67,10,118,120,122,127,46,45,129,82,210,178,189,87,23,79,56,197,158,102,85,230,232,215,26,208,41,218,160,112,119,180,229,99,177,183,241,145,121,242,247,199,192,232,204,153,12,217,112,42,45,68,82,97,247,206,38,227,217,161,87,195,167,33,122,121,89,89,144,163,165,252,63,30,132,34,183,234,235,28,127,44,145,196,163,199,20,68,153,25,66,154,168,245,26,127
72,106,218,172,150,135,233,197,246,152,104,101,69,58,100,22,62,74,68,17,12,208,155,215,61,181,178,4,9,159,149,34,139,190,235,69,98,41,214,140,157,48,128,233,89,173,218,145,81,235,34,95,89,108,202,117,97,200,121,157,235,156,248,232,180,205,70,12,239,191,240,226,92,10,202,91,130,77,80,53,29,170,81,177,35,204,190,212,54,224,86,52,213,194,82,39,243,198,15,164,126,177,28,61,233,85,14,45,24,77,69,123,251,91,216,226,110,170,8,217,57,153,58,100,190,85,214,203,127
79,165,150,204,44,82,241,9,69,145,140,29,10,12,164,44,95,199,142,78,150,142,175,4,133,252,121,189,20,168,94,56,85,104,60,176,158,114,62,178,230,174,188,159,139,131,208,156,20,213,182,23,41,87,33,77,247,34,102,129,25,64,114,196,140,131,178,223,141,38,62,18,39,64,22,190,6,36,87,139,99,226,46,164,33,235,62,30,105,221,115,111,94,200,90,131,185,10,138,188,25,64,163,242,30,66,18,182,184,103,104,221,94,243,141,239,198,131,247,20,123,72,16,241,31,74,249,208,127
121,16,45,58,128,235,161,209,213,5,45,153,136,86,182,100,195,199,235,3,80,75,168,148,17,33,90,158,191,205,132,1,70,96,152,181,50,33,35,227,240,120,1,172,67,113,241,244,239,76,163,130,60,31,21,116,34,113,180,61,186,146,211,45,253,51,5,125,225,55,168,18,250,47,188,39,122,195,187,50,9,135,54,142,167,217,195,89,178,47,193,107,136,144,86,141,185,81,137,99,11,243,153,144,151,226,31,146,85,229,196,206,62,185,87,7,167,91,128,40,89,216,73,159,124,70,237,229,127
190,55,26,64,79,116,64,77,165,94,152,217,57,65,13,36,129,241,92,143,203,129,172,108,95,128,84,136,3,5,175,247,186,198,198,133,161,26,252,151,180,195,113,28,74,132,88,237,121,71,191,29,72,67,154,11,136,175,49,36,104,11,248,20,89,215,245,75,54,26,246,189,78,104,202,212,183,78,165,154,182,9,162,104,88,44,64,228,100,180,238,132,152,218,94,81,112,115,102,61,12,42,170,89,204,30,35,105,118,214,215,141,171,25,251,222,122,144,130,154,206,91,92,204,160,95,14,171,127
46,28,117,105,68,203,233,144,141,40,181,212,178,182,109,98,48,150,157,127,164,12,192,70,96,176,152,233,148,26,25,74,100,187,44,55,135,37,59,116,18,66,145,43,14,118,182,80,190,220,178,113,151,158,19,190,80,186,245,110,224,161,241,76,242,138,14,213,147,133,165,134,133,1,250,34,229,224,244,67,9,133,80,3,37,193,169,183,83,45,192,136,90,43,145,214,85,168,90,54,116,117,211,57,177,155,78,249,26,106,127,10,6,13,10,183,93,215,127,150,87,205,4,48,252,27,101,48,127
171,20,161,96,79,116,139,9,106,10,125,116,171,244,102,111,174,189,49,178,191,87,237,53,122,0,188,110,182,213,65,19,39,115,155,131,162,129,224,37,102,208,102,191,207,130,97,3,110,121,219,22,57,36,104,209,101,74,175,11,78,87,91,138,80,250,227,148,136,200,16,64,12,205,183,86,37,59,162,23,191,17,60,108,36,167,147,146,130,41,146,235,59,8,54,177,130,106,246,93,65,245,117,211,24,152,233,119,86,79,73,144,36,124,200,52,138,150,120,72,29,6,185,178,16,92,185,97,127
139,118,187,71,45,222,113,224,68,146,4,185,204,132,114,219,239,235,225,65,192,181,4,43,248,186,166,83,153,170,104,118,67,245,145,33,180,219,178,75,203,100,229,31,140,218,77,244,157,189,127,1,120,247,69,13,69,87,134,179,39,25,242,214,89,1,46,238,46,146,240,60,12,238,46,82,162,223,246,55,132,144,69,180,232,164,15,240,157,186,169,188,218,20,227,68,229,152,175,7,50,15,133,217,134,65,159,212,39,68,225,246,105,163,235,143,214,24,117,99,221,37,246,118,136,202,163,79,127
77,42,91,17,228,20,156,137,110,243,95,9,184,25,83,222,192,122,100,191,42,249,15,240,42,154,207,182,148,188,3,91,3,214,32,171,234,62,247,116,140,140,209,146,74,139,143,181,100,7,100,180,31,31,21,140,237,151,140,109,252,2,121,179,55,70,108,47,134,156,142,208,205,237,206,24,113,124,117,97,137,80,46,224,207,131,76,212,68,164,67,160,26,122,19,251,79,204,80,171,239,78,177,183,169,47,28,179,118,135,45,191,193,237,45,16,50,23,127,102,231,118,78,65,146,194,170,73,127
33,5,219,50,64,38,118,252,87,84,30,146,74,77,57,141,162,149,134,145,58,233,138,181,88,221,238,192,222,253,50,5,19,154,47,253,208,19,162,175,16,58,110,91,66,64,73,182,147,14,114,207,229,27,141,236,172,68,24,219,48,151,103,91,56,165,220,122,246,220,206,46,15,152,232,166,245,115,142,96,236,200,158,73,2,215,248,199,145,168,55,195,4,60,233,83,246,24,23,228,29,106,232,128,133,237,58,156,42,119,15,73,48,177,33,136,73,115,221,181,249,219,212,243,249,251,77,217,127
48,222,111,1,14,69,187,209,151,43,159,6,41,136,16,133,217,46,117,101,170,7,144,113,226,154,146,241,50,176,74,104,121,89,37,41,4,100,127,68,244,185,205,150,16,202,228,71,186,200,127,189,145,108,19,146,81,222,178,237,138,149,100,7,74,224,114,176,188,4,19,158,156,109,95,211,19,185,225,133,4,159,22,148,68,67,224,170,204,122,213,98,215,199,86,58,92,227,238,214,161,2,8,115,152,174,109,24,135,107,169,50,203,188,43,234,222,147,248,33,218,130,235,145,211,32,159,83,127
163,28,240,138,128,235,111,97,45,83,229,242,158,150,219,125,243,228,35,241,126,18,122,9,187,31,197,130,226,210,209,74,204,165,206,48,204,130,11,188,221,189,12,21,249,14,218,23,136,169,138,2,93,206,247,234,175,236,107,154,182,185,214,254,98,72,159,151,100,222,33,186,208,221,65,3,143,46,145,37,86,138,223,80,91,216,33,149,195,215,126,100,219,204,71,246,74,112,147,101,85,2,235,223,102,163,69,128,28,229,139,138,112,90,157,239,127,163,205,51,110,197,37,42,43,98,79,180,127
185,253,232,68,11,66,157,155,112,156,166,198,164,250,195,164,40,168,46,251,235,57,26,243,246,130,125,36,78,108,180,171,191,69,50,185,239,194,207,57,139,105,190,21,129,3,222,45,226,81,135,160,20,42,189,71,197,225,131,101,17,225,251,160,164,214,149,52,124,221,246,203,25,77,6,91,144,177,79,6,183,52,207,74,56,111,230,226,45,195,104,137,200,218,109,165,79,250,45,63,62,86,193,64,204,27,217,175,48,221,160,65,222,34,94,35,5,105,153,230,116,195,2,246,89,128,111,187,127
74,46,129,9,44,41,171,70,137,42,159,32,94,26,90,206,89,174,81,193,16,150,77,44,70,111,188,18,104,119,40,178,116,205,192,126,77,16,91,211,34,143,18,132,236,68,244,117,156,46,144,54,139,215,64,11,17,200,22,96,127,202,7,95,131,144,77,87,25,2,151,145,122,253,31,37,185,109,216,3,90,110,129,149,139,132,148,67,31,49,224,69,166,200,202,59,242,200,175,61,7,240,163,179,86,221,128,44,242,85,21,222,145,97,217,187,106,133,15,245,190,182,248,102,223,168,7,199,127
175,194,25,133,156,157,247,65,93,55,84,133,167,76,191,123,33,55,222,237,106,131,165,198,75,251,121,13,149,93,45,235,158,49,29,182,63,181,84,159,59,140,76,64,39,78,207,188,36,215,221,23,92,219,28,20,119,250,118,244,147,153,143,177,203,16,128,98,156,70,91,189,66,172,180,193,157,98,198,145,83,233,216,209,167,19,181,117,50,141,214,6,246,166,110,139,37,40,173,150,198,79,131,167,212,196,179,126,56,17,150,32,83,17,87,35,237,127,137,108,233,19,125,53,158,89,195,202,127
21,206,47,234,69,222,78,32,244,5,133,184,4,99,95,162,84,205,228,169,168,29,19,17,13,123,5,14,207,227,139,222,229,206,35,164,64,127,178,244,45,1,205,18,69,208,179,231,92,174,121,48,67,245,141,209,229,12,50,103,112,175,41,80,204,114,223,18,55,75,150,94,246,93,228,3,227,153,222,201,155,108,170,4,149,127,88,106,140,76,94,88,207,126,10,138,51,31,0,217,10,187,238,183,105,111,151,9,217,145,89,61,12,53,91,207,52,108,137,110,124,5,199,16,156,18,136,133,127
138,190,69,14,171,100,235,217,74,248,116,213,190,227,40,84,80,11,56,26,194,141,44,239,174,127,179,249,100,8,52,27,156,179,53,172,4,125,82,238,161,62,164,82,122,237,40,76,107,183,231,193,176,43,195,98,103,17,195,230,154,198,107,179,202,150,41,91,14,210,132,40,145,243,63,138,27,203,46,114,95,183,88,167,194,84,208,202,164,118,87,75,2,248,248,205,77,251,119,109,176,33,202,24,206,187,13,65,157,56,181,144,70,63,222,42,236,109,187,74,223,144,200,128,81,32,190,140,127
50,214,41,76,147,64,153,232,31,198,13,182,180,214,213,105,69,149,10,85,166,214,143,87,152,109,210,127,222,153,167,31,43,175,67,217,42,189,120,85,185,125,172,146,202,208,0,160,113,56,143,200,47,19,103,204,76,115,23,169,109,90,119,135,158,235,121,148,193,107,104,42,38,248,199,83,116,109,64,99,123,236,251,247,13,53,166,180,25,24,206,11,130,127,212,245,67,54,209,78,58,91,118,35,26,148,193,21,47,109,57,150,28,149,158,173,2,16,29,173,4,16,157,171,80,97,108,78,127
247,182,189,147,207,32,21,228,152,22,210,181,207,45,252,38,191,26,206,34,52,155,156,52,158,21,126,203,218,176,79,221,92,124,93,111,184,197,114,77,89,205,159,20,170,115,246,15,231,37,63,111,94,232,94,34,126,143,84,66,148,62,124,225,96,3,146,199,92,49,216,82,84,8,157,44,66,17,47,89,110,39,194,107,145,60,94,226,147,113,93,54,223,142,192,5,85,159,140,92,71,202,107,251,189,222,249,0,68,234,112,104,52,114,46,20,96,210,78,90,64,196,41,78,121,203,149,16,127
38,27,157,228,2,117,25,86,200,150,89,158,246,95,102,242,191,229,204,215,2,242,57,38,84,161,31,210,116,112,52,39,6,13,235,166,90,138,254,29,47,219,60,215,56,0,187,227,212,77,149,40,54,198,243,177,60,48,46,129,73,13,20,253,84,232,133,88,233,209,245,133,113,153,247,167,50,139,75,151,14,231,134,51,98,36,244,179,55,128,73,31,35,65,234,42,17,93,81,148,80,51,74,117,213,181,234,131,17,220,127,210,67,167,254,152,203,116,80,104,195,198,217,34,112,243,84,72,127
96,75,159,162,245,143,225,247,162,53,130,245,53,190,202,79,195,233,217,246,114,13,179,70,228,115,197,249,123,4,84,24,215,56,104,199,108,5,78,223,235,149,159,74,219,141,154,87,57,17,56,41,101,170,48,109,127,209,19,163,152,109,237,156,212,32,200,155,233,233,222,85,154,174,212,161,65,190,125,132,172,77,31,183,87,50,62,196,175,244,162,121,251,162,4,179,13,185,183,177,200,110,246,248,227,142,252,6,156,12,187,18,140,33,176,132,89,134,148,229,146,97,33,191,215,203,171,196,127
241,158,77,240,51,159,23,57,128,232,36,127,97,253,173,140,225,48,252,173,65,198,207,5,60,131,49,190,165,74,79,102,62,3,46,44,32,48,50,97,168,189,248,67,236,17,217,181,177,21,63,146,15,76,116,62,184,58,176,67,207,219,175,220,47,225,62,41,38,80,212,133,122,207,103,135,103,50,208,217,127,182,146,78,54,5,208,62,225,22,36,77,225,158,18,17,251,242,244,188,224,42,182,138,84,175,155,149,142,47,203,107,132,51,31,13,200,237,104,39,175,234,208,16,16,81,33,189,127
35,227,130,134,248,211,153,210,233,66,204,66,147,3,104,222,236,254,117,81,38,22,241,14,57,160,27,115,42,162,43,102,161,149,97,107,1,37,92,38,195,161,98,28,102,59,154,238,251,146,42,121,169,246,167,34,7,106,86,254,44,86,7,118,214,150,28,139,142,241,131,27,167,3,16,8,235,60,88,109,224,204,18,93,165,169,224,21,151,166,114,210,173,2,122,74,237,36,105,193,113,163,85,136,43,227,12,137,12,220,107,196,1,21,123,233,15,219,124,209,19,100,13,35,185,238,77,219,127
200,144,240,31,248,60,48,71,254,245,86,181,223,67,125,83,129,164,247,141,77,18,223,59,163,97,19,130,36,194,199,202,81,57,69,110,91,16,145,141,196,138,33,146,230,220,162,213,59,93,17,20,116,100,164,3,205,173,188,164,45,168,128,53,107,198,63,14,140,95,246,81,108,10,191,214,191,233,186,57,165,242,123,176,239,93,3,72,95,34,146,237,168,203,243,82,184,109,88,97,103,240,60,31,54,152,214,158,140,40,237,147,104,118,45,195,213,237,50,35,70,52,235,128,98,153,143,106,127
3,185,142,248,138,97,172,235,60,208,63,112,153,101,27,93,247,110,12,85,112,28,219,72,101,33,102,244,62,234,98,65,197,92,198,169,107,31,168,197,223,102,157,173,157,29,195,3,110,95,211,106,184,36,76,226,203,8,94,205,173,26,13,101,127,11,238,158,179,64,93,68,74,168,173,3,27,94,108,226,60,85,214,91,89,92,122,158,253,161,90,164,51,68,151,113,246,99,24,31,106,204,108,180,95,206,2,93,133,215,51,239,5,153,159,15,251,71,40,175,134,35,21,167,67,51,126,149,127
161,209,199,66,118,165,128,203,153,158,67,126,124,100,20,152,198,171,55,100,116,188,80,69,75,33,82,7,38,155,253,180,244,117,197,176,89,136,101,91,85,36,174,39,54,8,108,61,47,148,138,106,61,119,251,142,36,72,227,85,41,174,77,212,192,90,25,230,105,123,31,15,182,210,76,234,251,53,194,61,129,230,69,125,223,41,127,50,31,121,16,155,48,249,131,116,165,168,76,90,240,160,129,9,249,52,110,12,156,53,237,98,16,130,201,92,213,248,23,117,118,238,32,246,205,250,52,56,127
230,235,105,243,43,119,43,90,140,130,227,54,114,7,249,238,81,96,124,194,194,11,184,185,221,239,253,30,33,116,210,133,124,243,38,61,207,145,62,239,200,116,128,122,77,141,53,149,180,9,219,7,132,121,168,170,198,182,245,195,113,167,251,40,132,114,248,71,118,40,170,70,242,192,163,87,13,168,115,142,58,55,122,181,182,200,227,36,199,203,145,69,147,137,111,137,107,21,226,88,191,80,112,160,8,178,40,14,25,81,25,244,100,121,24,5,47,50,171,188,169,156,62,104,35,99,189,220,127
240,51,242,20,117,192,80,53,33,73,31,96,160,80,20,238,71,26,49,125,216,207,103,20,31,100,102,249,232,9,151,196,153,91,82,124,205,128,242,119,82,68,193,54,143,91,73,149,8,78,247,10,159,237,94,253,160,26,170,49,118,234,153,151,177,83,233,122,98,45,74,240,37,75,142,165,183,75,66,116,201,58,25,140,131,36,214,36,100,117,253,150,77,120,77,243,13,243,156,83,185,231,112,169,247,138,95,95,149,119,86,106,225,78,211,236,113,111,92,234,31,228,22,8,178,156,63,151,127
63,90,154,40,32,16,165,65,254,154,47,45,102,46,138,79,61,63,251,237,189,142,158,200,75,70,236,74,86,85,37,130,159,236,200,248,117,247,127,6,153,227,177,173,199,162,42,49,44,107,30,217,201,246,202,30,156,49,100,185,186,195,103,165,74,90,182,55,172,14,119,53,120,208,140,57,129,75,13,235,57,81,99,177,178,7,184,140,54,63,90,68,160,126,88,182,10,230,72,72,123,91,19,84,174,193,158,168,195,129,237,176,229,60,128,175,37,86,219,85,199,97,219,247,212,34,251,226,127
91,19,77,209,78,166,182,163,185,242,25,177,31,145,163,46,197,135,171,38,20,35,235,119,137,145,103,66,122,127,233,223,212,121,116,207,81,166,180,111,235,53,217,213,38,96,8,216,64,27,178,10,238,151,105,58,167,63,23,219,214,79,98,234,112,171,0,18,251,64,129,116,200,157,41,201,219,194,220,78,139,34,222,191,147,173,94,163,181,182,230,121,122,210,68,224,161,157,50,253,87,118,47,101,188,209,52,62,175,194,96,52,181,189,223,53,49,128,71,93,88,66,176,149,214,91,185,229,127
244,30,156,6,125,53,34,90,44,187,64,5,218,218,17,175,174,194,179,189,6,69,135,67,244,58,56,244,206,208,237,77,120,217,225,53,8,46,227,235,159,194,29,242,18,6,100,38,234,30,133,245,72,11,38,90,187,90,10,230,156,143,200,204,102,106,189,228,217,60,133,9,192,85,110,7,11,100,10,124,3,99,86,155,126,194,241,125,237,5,246,144,121,226,205,205,177,157,52,29,131,205,19,19,12,230,111,134,182,77,68,136,234,146,138,198,174,111,207,205,214,0,233,136,94,115,226,236,127
133,152,227,229,136,97,137,25,230,76,188,16,238,16,92,127,202,96,19,223,254,232,169,24,253,76,129,92,98,185,75,15,118,210,152,176,62,177,180,47,87,130,131,211,105,150,44,133,102,78,55,16,142,129,69,212,105,150,71,66,158,118,63,29,122,73,124,162,79,156,127,155,139,0,32,107,183,243,56,155,180,137,36,97,131,240,55,26,168,175,83,21,113,208,195,221,231,216,15,47,69,127,167,66,2,69,102,130,170,42,243,23,46,28,235,79,204,146,147,16,90,5,119,51,96,63,137,195,127
182,75,203,248,202,210,245,157,162,7,247,118,34,202,35,248,116,117,83,185,217,134,217,145,52,128,152,151,201,86,185,195,87,31,219,213,78,147,23,145,169,62,251,161,149,3,247,15,25,238,42,132,187,18,191,55,115,191,65,151,182,211,81,171,202,119,42,160,21,113,117,139,17,101,172,32,126,45,142,71,138,174,221,123,1,86,116,181,3,136,119,12,22,203,67,158,226,148,235,6,14,91,224,240,241,212,192,165,249,253,53,60,245,124,249,233,171,225,165,65,69,243,95,236,58,74,41,139,127
17,246,33,120,48,66,33,144,65,242,172,52,51,58,29,214,94,127,71,202,33,40,15,172,173,111,30,41,189,63,11,244,56,81,152,39,40,152,0,110,153,165,103,207,59,43,39,84,116,231,137,48,72,43,217,158,107,144,113,236,19,25,115,165,26,119,125,87,216,193,248,68,92,225,213,34,214,209,78,222,33,46,6,129,9,140,64,116,121,66,38,107,132,189,55,119,42,139,84,28,178,162,174,27,73,237,214,226,165,31,216,131,121,136,61,30,116,22,27,254,133,104,24,148,199,21,235,148,127
14,24,3,120,135,245,13,42,10,97,168,225,192,219,44,198,230,114,196,145,70,204,74,246,60,80,89,130,181,67,93,197,232,57,131,215,100,168,242,231,147,120,243,82,110,90,154,100,100,169,84,130,206,7,28,22,171,86,156,11,98,22,133,174,78,152,173,208,10,158,133,184,220,23,49,116,233,63,30,136,10,103,226,125,94,13,85,180,173,239,43,223,124,24,109,20,82,138,109,228,210,250,69,58,214,49,240,113,67,138,207,106,148,214,164,244,96,85,29,252,157,24,237,133,153,247,213,247,127
248,122,200,247,204,142,45,146,102,114,86,79,116,12,37,104,2,26,48,61,251,101,133,130,66,19,66,162,9,185,132,79,83,142,228,144,79,223,228,172,82,125,185,23,121,254,132,44,212,170,52,138,229,68,0,234,137,76,77,140,65,181,174,203,226,25,147,12,88,192,133,66,7,202,20,162,42,156,174,91,134,147,123,59,223,95,79,85,133,225,80,156,217,235,130,52,47,32,154,21,24,94,122,235,136,93,173,70,151,165,85,22,114,76,141,189,161,213,56,124,136,111,143,129,243,104,27,93,127
182,248,131,240,144,205,7,88,141,87,188,92,179,12,157,174,81,132,189,182,85,81,35,129,111,78,38,231,14,152,101,152,42,184,97,67,130,180,189,52,1,100,157,58,205,30,187,156,140,12,179,138,27,189,247,76,7,47,37,112,130,148,248,60,253,82,153,134,106,147,40,150,72,198,5,203,111,192,200,215,176,245,225,68,102,229,96,34,171,147,158,215,129,174,149,246,238,158,65,119,28,191,237,184,228,167,181,102,19,236,109,80,36,61,246,182,145,107,52,97,125,104,162,61,55,75,77,89,127
116,121,241,47,1,228,64,231,50,183,249,186,142,46,132,6,58,45,253,71,107,141,207,220,24,115,17,171,152,223,139,238,114,140,32,58,144,217,214,239,47,190,46,248,175,102,212,73,117,56,202,13,74,239,112,40,242,40,235,16,179,99,115,131,213,90,178,117,19,197,223,20,245,116,157,2,102,87,74,127,212,50,46,191,212,71,104,107,3,211,223,25,230,222,22,246,130,71,15,91,24,134,59,183,200,186,189,175,124,62,219,226,60,174,55,37,142,85,65,189,180,242,0,100,140,132,30,216,127
72,76,236,127,229,231,11,155,0,27,181,229,142,205,26,235,77,118,155,101,244,232,158,237,15,196,153,158,23,87,30,218,190,72,22,57,77,28,221,245,19,162,246,132,251,222,59,68,39,209,199,106,225,50,226,161,128,48,152,129,38,134,200,111,177,217,153,208,126,226,207,146,253,35,64,173,102,126,68,14,81,39,134,235,178,48,206,127,170,230,233,138,232,101,61,202,47,89,70,13,185,208,180,227,33,239,242,93,188,15,37,126,184,92,206,37,13,1,223,98,40,240,242,93,29,108,152,231,127
150,165,159,149,194,5,29,33,9,217,82,114,244,205,59,169,210,172,77,79,16,157,55,81,155,166,102,215,161,152,41,134,166,3,81,254,206,206,74,90,131,138,205,123,180,86,169,85,87,59,104,233,160,203,31,106,53,1,128,248,160,188,142,14,232,40,204,64,150,87,58,84,1,82,243,16,112,170,253,103,215,157,17,239,186,24,166,64,117,25,115,94,11,78,213,222,32,88,83,220,160,77,94,75,244,40,249,99,179,121,6,156,107,93,26,106,24,133,217,57,166,55,48,107,213,166,42,114,127
189,116,98,146,60,109,145,39,140,89,64,242,21,47,190,141,38,149,175,58,2,211,15,175,252,47,139,182,245,51,35,61,115,102,237,49,54,140,112,118,74,163,7,223,52,96,233,241,241,220,205,72,57,237,53,226,37,246,174,139,7,157,221,114,106,159,164,226,210,199,199,112,21,172,111,34,178,134,144,69,210,59,119,184,120,108,178,166,172,21,44,102,173,53,150,14,47,125,59,198,86,40,161,72,119,243,155,71,237,158,204,207,60,183,2,210,229,31,220,25,151,63,250,187,0,178,149,171,127
139,224,43,201,51,28,204,76,142,78,135,184,156,185,204,40,166,93,30,65,16,122,249,73,31,111,111,206,197,83,221,142,58,127,246,184,111,133,252,238,75,82,149,251,0,123,105,135,248,195,96,226,48,183,161,31,139,211,115,166,59,80,118,185,215,229,220,133,136,43,26,148,153,3,75,67,140,76,157,46,42,109,242,132,16,59,62,81,16,109,150,40,117,249,137,123,163,163,136,179,82,226,43,154,198,45,44,45,210,169,215,202,45,143,247,31,224,136,210,104,108,195,51,140,224,143,141,96,127
101,246,164,232,151,90,21,28,186,242,139,18,239,132,125,245,165,106,75,189,5,77,118,207,220,59,148,139,140,88,170,77,114,112,168,69,201,115,89,83,163,80,194,2,238,241,106,197,157,146,9,148,169,18,109,106,231,230,1,142,177,176,49,47,28,35,0,70,155,126,79,41,250,88,249,152,211,120,65,252,158,24,136,77,51,6,212,240,115,253,12,123,209,106,18,121,95,86,223,191,149,220,98,93,29,254,214,13,220,162,37,141,238,239,3,34,205,109,141,68,52,105,103,24,167,175,181,153,127
193,233,35,210,163,52,161,17,94,135,173,89,206,178,234,63,57,169,82,229,129,90,53,213,94,208,187,216,193,101,149,94,49,100,179,236,8,238,49,188,49,174,162,108,148,189,39,105,189,157,38,236,29,183,42,53,194,135,193,200,168,55,253,149,69,250,16,173,210,143,216,195,68,233,216,226,54,37,200,64,3,219,69,136,127,238,139,23,140,47,21,175,216,141,81,214,201,233,94,174,151,199,193,142,128,243,224,79,118,166,187,40,121,140,149,244,221,246,227,171,19,128,31,238,33,86,42,245,127
136,253,186,118,240,110,11,231,139,55,226,54,79,70,241,83,34,118,164,75,179,177,58,115,32,116,101,79,146,36,101,94,196,21,193,48,161,207,215,203,87,136,188,81,217,37,216,72,124,81,157,235,207,76,154,96,37,241,36,148,215,100,244,218,18,172,37,239,3,74,104,236,0,167,24,114,24,59,83,153,19,139,129,198,128,6,1,132,135,90,100,44,199,81,112,240,167,213,13,154,40,118,45,127,35,108,17,88,127,79,237,132,78,114,138,54,81,12,121,188,46,199,139,132,211,52,107,162,127
150,96,248,208,233,153,87,34,210,36,120,149,165,251,58,10,116,207,128,170,110,147,213,40,187,176,69,65,31,133,221,62,166,64,227,223,2,34,127,167,82,243,185,35,216,131,127,88,103,72,161,92,118,63,9,77,233,8,52,243,72,209,9,42,143,53,125,134,146,253,20,227,44,253,171,146,186,201,96,80,137,164,249,198,46,2,21,66,222,68,134,5,93,111,23,110,182,177,160,29,125,181,239,135,67,156,30,252,249,206,71,219,188,110,14,166,177,140,185,229,181,105,190,198,9,243,10,68,127
4,109,159,46,59,168,141,214,42,76,20,46,107,131,189,110,244,74,104,35,60,30,161,60,224,208,227,7,63,87,217,227,158,13,18,17,104,177,62,101,127,33,119,190,220,195,215,229,77,110,208,207,51,2,42,2,101,32,236,55,206,29,166,69,92,224,244,73,182,91,197,130,46,39,24,235,149,103,133,4,51,72,244,155,237,103,112,32,140,209,108,26,3,213,57,118,128,31,109,97,108,192,135,48,91,157,152,155,190,141,172,242,117,183,219,218,142,198,37,2,46,139,83,100,229,76,140,202,127
103,8,127,62,90,248,135,2,177,158,178,118,192,94,167,44,1,54,195,165,132,91,209,214,177,139,18,57,116,23,218,197,100,83,203,68,199,251,67,42,201,16,38,244,253,223,167,100,186,223,153,234,12,162,82,115,168,9,37,240,113,141,163,55,190,67,199,204,152,226,34,110,239,177,31,91,112,42,49,96,161,2,134,176,58,211,244,77,39,65,73,185,238,68,95,11,153,39,89,251,65,17,84,2,70,139,174,87,61,10,237,70,219,27,80,2,137,207,98,175,180,188,28,220,73,138,195,43,127
244,98,115,45,253,144,202,120,46,119,88,46,56,0,78,89,46,160,39,59,25,210,141,208,158,24,104,153,46,180,33,76,100,223,122,228,141,96,102,47,94,152,112,41,98,79,95,20,150,245,181,34,5,91,225,42,55,175,236,84,183,242,248,114,248,76,33,134,175,148,169,142,147,216,129,167,192,190,123,83,82,233,76,52,24,249,168,117,172,173,49,115,73,170,58,99,17,60,94,153,251,198,54,50,26,2,20,228,246,33,115,86,62,17,254,45,197,18,150,110,183,78,86,241,130,3,216,19,127
26,77,247,3,219,217,181,57,6,137,141,218,109,16,80,95,116,86,116,19,46,95,149,5,129,62,146,85,103,130,175,73,38,140,133,104,139,243,35,177,192,15,77,21,5,250,114,240,41,152,140,165,74,197,156,244,147,40,73,58,161,145,90,56,202,234,238,20,229,254,94,134,120,228,238,21,253,77,57,226,109,155,220,230,172,22,61,211,121,235,21,246,14,195,168,11,147,148,215,143,145,11,41,77,110,134,215,245,34,114,61,233,154,118,164,72,0,73,149,235,251,124,98,118,90,36,200,113,127
53,17,197,56,210,157,5,15,113,241,247,221,248,161,111,5,54,232,208,248,118,145,115,219,87,103,206,183,2,71,124,246,140,41,23,61,180,101,106,102,106,171,114,61,74,138,156,74,171,216,42,48,126,66,136,134,21,17,155,13,82,245,248,118,151,218,82,12,99,193,146,64,204,103,167,72,239,146,84,40,242,89,127,116,56,148,124,172,140,2,242,226,42,202,91,170,187,33,83,17,33,11,141,240,189,211,77,242,43,82,120,32,253,62,179,63,36,12,188,119,76,103,12,131,146,149,43,72,127
87,52,95,6,66,149,135,35,98,7,179,219,49,240,59,126,232,153,35,72,82,185,100,36,173,142,129,136,16,238,197,94,113,76,165,197,193,113,62,232,41,165,120,89,247,69,129,227,219,111,73,85,152,196,152,1,222,51,223,47,71,110,247,133,158,0,217,22,61,146,166,76,138,117,125,235,100,181,62,14,222,39,242,212,119,115,183,63,125,145,180,120,21,22,104,173,77,230,96,120,99,85,254,71,86,168,221,68,67,203,56,196,23,150,173,5,249,213,167,91,56,75,167,129,250,120,95,131,127
34,211,221,88,163,198,140,152,192,52,186,236,212,16,72,73,24,170,14,53,16,164,174,167,186,134,176,229,132,103,164,7,217,164,201,191,234,56,61,173,180,239,135,149,186,4,52,41,186,27,68,106,141,64,25,55,89,68,245,200,137,185,118,221,85,110,172,118,141,80,121,218,235,120,222,23,135,32,217,43,215,44,122,162,80,232,64,1,57,63,80,36,67,66,97,198,27,212,242,36,232,108,232,183,150,150,202,188,53,61,175,102,128,41,239,91,165,232,225,120,156,197,165,238,166,47,147,164,127
167,27,25,59,205,100,166,49,204,141,249,142,205,71,140,13,252,110,28,55,95,155,179,44,119,99,243,130,32,138,239,239,106,152,226,200,243,3,107,252,117,153,141,213,133,158,1,164,56,116,95,15,146,115,206,155,165,243,1,198,246,102,224,128,41,244,49,9,161,50,36,127,198,84,151,170,195,17,88,223,225,132,182,48,26,150,112,195,8,243,64,153,133,106,157,252,175,17,127,107,185,85,251,109,104,94,90,214,235,15,47,116,154,27,116,142,52,180,23,227,24,42,152,16,201,92,22,65,127
215,75,186,127,98,39,50,203,42,7,117,203,50,166,153,217,59,193,138,138,10,66,41,250,188,155,86,7,124,66,118,64,84,118,194,43,232,188,45,35,181,113,254,48,177,24,122,148,172,179,162,145,7,227,20,237,145,125,89,51,232,119,52,202,26,228,147,65,91,240,209,28,109,186,111,77,112,74,248,101,80,178,50,6,162,230,55,211,83,139,27,15,137,226,21,59,244,211,202,234,61,243,102,40,157,253,173,227,186,82,6,33,191,191,228,196,227,179,47,175,23,53,212,178,46,51,122,99,127
101,153,203,148,204,28,127,222,172,203,60,66,14,125,66,244,49,81,181,28,77,80,245,81,149,218,24,216,80,45,109,151,186,187,163,6,106,86,237,166,114,241,203,243,153,33,44,242,218,209,96,184,15,115,151,170,126,17,234,82,13,71,37,209,62,104,212,181,126,5,104,144,100,93,197,74,239,208,115,96,76,194,12,138,184,82,146,240,14,68,242,141,5,186,60,191,212,104,158,77,94,12,73,125,75,76,237,8,136,76,151,90,195,233,121,16,54,253,161,17,177,231,147,21,51,218,49,74,127
218,114,152,169,12,97,182,195,6,227,231,109,172,19,218,238,74,150,245,219,131,3,88,79,145,162,27,158,76,160,187,27,156,58,201,217,69,239,194,34,47,135,20,169,217,227,22,200,92,202,32,156,117,21,183,110,82,69,188,199,25,121,206,63,40,93,251,168,38,40,192,251,166,77,156,47,217,156,18,67,65,199,211,60,117,96,76,152,105,3,55,215,26,28,54,18,75,139,209,216,22,73,251,92,145,164,236,17,169,141,178,104,118,95,177,178,142,6,102,96,69,205,43,126,115,28,219,167,127
229,39,219,209,103,246,251,4,81,60,127,245,166,191,190,211,222,231,180,166,91,13,41,216,178,74,118,124,33,190,91,222,187,243,239,29,116,230,109,116,162,122,82,248,60,86,248,51,226,15,232,87,56,233,72,156,87,98,92,101,245,247,156,73,234,96,108,140,118,47,222,6,164,57,67,108,74,75,69,122,21,179,150,37,245,155,41,240,42,88,196,84,133,94,70,251,97,107,203,164,40,243,231,44,142,16,93,107,211,242,174,93,194,211,196,167,90,139,204,198,60,172,236,54,67,32,126,186,127
85,214,106,169,63,80,140,144,199,43,47,241,165,225,95,86,34,110,247,117,206,25,8,170,85,22,243,15,12,24,239,55,245,149,43,142,178,194,74,147,231,27,181,84,175,145,91,214,87,72,196,74,43,235,50,69,105,202,31,125,148,106,17,213,121,157,161,252,163,190,125,242,245,145,113,104,137,184,88,167,3,108,40,166,53,88,96,146,33,138,123,154,13,222,86,83,185,24,74,139,200,213,107,203,186,239,230,15,133,167,202,66,220,180,225,156,168,83,202,136,103,217,175,230,22,220,83,79,127
4,235,174,64,191,227,100,127,103,174,230,168,67,57,109,150,174,196,194,121,139,93,211,188,229,57,215,81,168,24,81,93,245,112,38,161,228,148,48,208,94,139,7,192,104,3,221,117,56,19,225,154,253,139,176,150,128,135,91,230,61,117,35,60,99,215,10,95,65,222,173,165,32,118,188,58,97,164,157,23,116,83,214,186,65,248,126,140,226,83,149,230,96,43,240,50,148,136,105,95,94,142,80,240,179,2,231,196,137,31,77,89,79,118,232,4,32,227,31,119,210,179,250,3,34,174,173,107,127
218,197,133,76,217,83,15,220,225,201,214,52,234,91,100,58,85,219,79,156,186,41,89,200,15,51,97,72,130,160,175,224,24,45,84,147,230,189,144,253,212,54,40,96,215,117,114,181,186,91,91,242,155,220,167,210,67,155,77,157,174,36,119,95,125,93,251,51,236,199,160,141,164,38,189,239,31,63,44,98,155,186,82,6,94,158,158,149,5,166,165,229,44,108,14,172,107,6,239,22,124,28,106,215,108,184,156,241,88,69,207,66,168,153,228,157,158,63,0,127,23,16,232,216,179,148,168,36,127
43,246,119,211,56,17,78,227,127,197,250,73,200,112,126,58,33,168,128,65,112,44,3,92,132,238,200,17,7,212,82,15,51,142,82,136,87,94,127,150,222,93,204,207,5,53,39,30,139,113,211,16,191,120,108,221,1,252,149,76,242,56,7,18,63,199,100,102,30,98,139,151,130,147,175,245,120,88,15,41,202,228,182,240,60,77,200,235,53,69,100,122,86,155,23,202,67,222,34,148,30,162,37,92,235,87,95,50,114,240,14,241,76,77,109,88,150,168,118,163,126,19,32,181,120,183,224,4,127
27,57,55,180,209,190,54,105,91,109,50,227,96,163,46,5,85,100,16,189,152,184,248,121,119,236,30,45,116,79,90,41,33,175,65,43,214,238,213,97,150,101,73,114,92,39,62,146,196,215,125,240,223,98,251,8,151,118,156,243,136,248,135,246,66,195,152,98,144,4,142,114,36,26,72,105,46,75,69,28,97,215,38,81,249,130,118,69,20,244,47,92,115,137,196,104,22,0,132,233,234,247,25,181,12,233,138,93,115,205,68,242,125,254,52,33,65,91,41,82,238,138,49,228,162,40,123,4,127
251,115,7,168,103,122,17,54,35,225,171,167,8,132,117,60,20,177,73,226,227,92,116,120,195,86,232,50,168,237,18,34,239,210,233,34,168,26,79,107,114,105,213,12,227,13,82,77,139,23,21,18,162,106,186,236,180,19,42,124,163,243,244,211,200,150,199,210,133,0,170,207,177,108,246,116,149,150,143,204,143,43,105,85,15,196,50,144,58,0,172,177,205,135,66,248,240,195,248,123,20,99,153,228,23,47,70,199,167,58,234,27,242,46,19,95,90,194,45,109,108,118,160,72,220,234,100,143,127
96,113,157,108,52,71,27,40,118,213,197,56,140,50,44,47,101,152,127,247,238,148,209,247,77,147,2,142,86,125,43,115,0,120,45,42,74,196,122,87,133,182,65,104,10,76,88,23,241,127,240,147,32,254,34,114,150,160,105,16,58,107,213,105,170,164,121,115,42,140,56,32,229,169,70,122,198,144,233,150,50,189,96,173,64,49,50,78,198,233,120,216,41,66,152,58,53,133,184,222,70,139,196,193,72,98,19,252,150,245,1,158,10,88,204,71,64,12,47,141,83,97,121,167,79,193,189,65,127
76,51,9,244,86,128,32,97,156,61,245,253,85,211,198,68,8,174,251,115,207,77,78,116,145,82,106,90,156,151,195,119,69,27,61,139,190,151,2,120,248,217,147,58,185,70,126,186,134,237,73,131,194,24,225,219,165,208,197,162,42,216,75,124,3,234,207,223,156,146,96,102,226,33,199,249,227,200,193,151,54,219,56,206,189,91,99,29,234,211,64,14,4,171,111,234,122,5,133,248,120,211,131,73,21,213,147,214,2,231,240,3,136,80,192,84,23,250,136,65,4,230,39,45,192,74,175,173,127
52,162,98,150,91,203,71,37,39,84,81,28,243,35,108,224,120,246,72,42,56,235,118,198,88,24,28,104,54,30,69,193,239,69,53,40,46,80,118,134,157,69,5,89,230,102,6,133,184,142,194,233,3,77,226,234,201,74,126,224,219,217,164,121,149,222,99,153,81,49,111,127,167,176,28,82,123,241,186,112,87,249,24,149,197,169,161,215,225,66,249,227,149,182,49,101,133,80,16,23,144,186,152,94,112,70,171,235,137,157,62,77,244,9,39,182,136,230,44,249,27,115,95,191,229,114,83,56,127
122,243,116,37,105,84,78,146,48,224,130,136,80,7,196,49,109,110,184,85,220,135,42,123,193,107,66,221,233,200,127,79,99,177,134,131,175,56,221,55,89,229,142,64,188,91,228,151,164,202,189,253,207,11,7,151,155,117,166,69,82,68,175,22,135,122,197,120,197,210,153,89,83,59,171,59,131,216,9,130,15,118,62,198,158,2,33,116,170,117,186,105,115,134,114,240,114,253,237,88,189,119,42,201,251,183,217,155,110,218,195,185,229,200,206,96,21,10,193,189,110,173,231,32,158,178,183,176,127
70,32,233,225,46,243,227,46,89,140,187,151,1,101,232,217,180,197,227,65,187,207,163,70,98,213,69,194,222,242,64,108,212,157,122,118,63,53,112,174,29,23,79,229,65,68,75,81,171,220,227,83,251,19,139,160,40,100,1,218,139,241,31,171,152,125,118,116,254,253,249,230,94,214,114,20,191,126,47,166,141,85,66,211,206,246,174,227,98,119,117,238,226,193,1,227,133,93,177,70,99,1,3,28,77,209,39,220,9,9,85,13,199,49,149,244,72,20,16,195,23,89,104,192,98,88,223,89,127
216,126,39,44,246,195,70,3,96,208,66,64,80,207,160,28,251,65,240,75,106,156,95,246,49,133,93,231,170,231,110,69,79,247,41,206,230,139,150,97,151,168,229,106,39,22,167,1,55,181,149,231,233,28,156,108,140,211,79,171,51,109,117,247,176,203,100,77,8,199,44,175,158,211,28,57,15,211,29,47,70,16,104,92,245,102,84,235,76,42,171,117,126,138,97,225,144,128,160,209,198,151,162,62,113,183,59,48,97,39,236,116,23,43,74,199,141,134,153,89,227,232,190,89,48,118,144,15,127
26,189,146,127,219,69,132,60,186,98,126,203,134,65,14,21,236,237,134,116,168,169,177,246,118,155,75,184,144,211,101,155,222,110,84,54,69,173,195,176,35,141,175,141,7,59,146,60,13,233,55,44,25,116,54,28,214,113,151,121,154,89,243,212,71,225,99,7,53,51,3,218,133,26,13,114,46,174,55,18,144,83,174,128,151,161,61,127,37,199,117,35,147,110,248,199,250,120,153,114,49,89,72,179,84,145,170,210,22,74,203,178,65,30,252,199,93,119,170,106,102,54,210,123,10,135,9,116,127
161,174,73,102,225,181,183,17,101,207,226,29,46,183,42,122,71,94,106,25,223,122,173,61,142,160,250,168,251,68,231,69,84,122,8,115,156,247,210,2,55,56,81,47,65,141,2,76,105,125,128,158,213,34,247,49,155,77,158,5,169,178,130,108,53,135,218,31,232,56,27,130,206,130,155,110,158,46,159,56,9,9,213,171,55,39,50,84,25,84,182,90,143,95,171,54,25,14,205,163,32,182,234,34,59,173,9,239,138,58,173,190,81,127,201,15,6,209,239,66,24,217,36,80,64,168,85,194,127
246,38,53,146,93,142,97,122,121,249,252,102,145,71,208,96,194,192,200,48,19,91,127,242,43,24,62,208,143,177,161,41,64,154,183,77,77,186,218,159,89,129,189,185,220,8,239,44,105,92,204,91,103,40,229,245,189,116,2,16,128,140,23,176,135,114,42,162,201,85,45,177,190,234,192,13,145,204,60,211,139,31,59,93,16,153,254,218,147,197,83,83,198,28,236,99,173,172,19,225,238,4,151,204,244,51,73,190,213,77,208,167,30,52,53,11,246,81,78,28,158,128,57,88,73,193,88,112,127
187,152,54,116,4,9,165,152,51,115,7,102,11,2,148,197,129,168,190,76,229,171,60,106,58,83,76,134,201,45,16,175,37,150,229,73,243,96,45,201,97,127,33,189,10,232,7,155,15,3,189,10,114,152,97,35,174,141,14,241,142,142,171,137,245,58,73,99,15,229,39,54,254,239,115,148,9,243,9,130,29,64,70,185,50,143,233,242,91,32,113,182,104,217,186,245,52,162,141,184,241,26,141,237,60,175,248,106,10,151,154,140,140,233,123,67,93,59,0,124,139,182,177,216,2,205,197,34,127
158,196,195,162,14,37,199,75,144,130,242,181,187,232,201,109,211,176,17,33,199,78,53,109,129,241,100,127,186,144,239,126,86,231,35,230,228,210,127,121,212,68,70,23,74,223,58,30,154,188,110,239,155,56,38,62,51,96,199,94,9,32,210,214,174,128,204,177,126,113,204,46,124,91,244,183,235,104,141,72,96,192,239,67,122,147,84,114,5,246,178,177,93,138,85,114,126,168,63,249,233,233,17,179,110,98,231,33,53,28,160,88,1,106,122,35,149,244,122,154,180,100,195,114,222,85,253,134,127
45,64,159,57,212,62,9,47,54,55,249,61,146,72,176,140,86,125,225,59,130,204,106,204,181,219,223,127,223,144,151,230,65,184,219,147,149,112,137,246,111,171,103,111,117,94,167,205,161,143,242,113,113,85,146,27,19,166,211,66,251,117,159,210,185,207,78,123,80,48,222,226,219,199,226,91,108,106,197,219,111,240,244,7,243,171,33,173,78,44,27,92,5,104,218,183,88,145,160,60,244,250,195,191,35,161,44,249,31,65,74,183,56,123,11,197,241,135,112,139,238,181,191,218,158,20,25,134,127
174,40,39,230,115,54,65,189,241,22,72,46,88,51,94,201,59,233,64,204,170,14,4,205,60,78,191,80,181,143,222,194,104,162,65,114,203,11,153,202,249,219,35,22,35,105,64,1,74,183,88,57,156,41,219,183,132,132,236,14,90,188,247,43,45,245,131,146,130,87,112,52,233,107,98,235,136,125,160,164,48,176,63,7,3,46,64,226,250,76,99,87,168,9,66,228,167,191,207,204,93,235,149,52,80,123,19,33,233,34,190,37,137,77,35,49,226,49,251,239,98,135,185,218,124,250,32,176,127
135,20,11,183,155,222,120,20,212,26,98,51,241,22,20,242,247,80,241,104,24,208,175,74,103,162,190,190,77,12,157,85,0,192,228,228,199,1,235,88,139,70,142,24,66,111,196,153,84,83,124,70,40,117,135,89,16,146,71,91,202,165,30,94,214,121,43,210,252,128,201,166,142,122,97,220,229,20,161,204,189,177,64,40,65,96,25,209,207,122,79,171,141,15,200,47,14,19,202,5,241,88,30,184,249,218,172,24,52,130,183,229,241,152,168,188,230,205,237,40,12,235,108,188,89,13,2,158,127
146,95,115,39,206,58,196,86,64,105,35,65,220,41,55,115,129,129,158,157,70,171,184,147,101,226,101,215,197,99,228,93,80,14,84,12,121,182,121,20,129,6,25,74,58,108,192,184,193,32,16,194,227,165,172,34,157,201,123,181,5,176,121,247,90,232,211,95,134,254,59,14,158,38,212,92,203,61,87,130,57,226,74,251,218,55,148,8,2,70,74,175,147,126,133,145,161,178,182,228,167,230,185,239,71,92,236,106,144,126,223,111,182,56,218,119,235,134,96,102,127,144,58,107,70,182,34,85,127
89,28,63,43,100,179,57,192,204,59,250,234,155,209,238,233,74,195,90,218,159,211,149,145,168,122,212,251,98,150,7,150,73,97,115,161,149,44,41,247,109,80,39,120,226,245,83,92,188,41,238,139,109,222,59,55,93,55,28,133,27,208,115,109,166,16,21,243,49,141,225,62,170,132,228,42,162,241,114,8,173,178,227,22,197,122,62,110,216,252,142,118,180,87,117,176,233,148,80,183,229,74,160,152,91,171,202,31,4,9,183,90,172,63,74,168,17,252,215,91,93,112,177,49,124,226,79,48,127
122,73,21,154,245,118,91,217,105,145,243,83,86,129,150,136,118,125,70,103,218,239,55,243,214,79,78,202,192,110,61,239,135,2,194,111,221,182,182,157,188,107,129,198,36,191,114,44,158,46,133,131,84,139,65,112,156,159,253,139,65,44,233,16,101,78,23,124,27,53,53,79,49,6,83,12,180,196,5,73,67,153,65,244,235,199,167,32,121,223,216,8,240,58,7,32,243,24,244,112,16,142,116,163,206,46,223,85,249,194,120,245,215,61,170,154,35,75,147,235,238,178,213,182,44,101,23,195,127
253,233,16,61,226,85,11,251,193,203,98,81,251,41,238,219,230,136,247,10,98,91,203,49,245,197,132,150,115,48,224,43,111,110,32,28,177,236,163,38,249,165,97,201,3,111,28,32,171,133,157,66,175,46,109,217,23,218,118,118,17,75,59,209,97,135,70,70,245,58,73,166,121,74,128,177,196,58,93,64,24,66,4,232,58,124,13,72,131,189,193,15,251,19,39,91,248,97,231,247,89,210,62,114,120,175,104,165,33,12,55,120,126,178,212,236,162,240,50,185,85,20,115,140,236,6,224,169,127
123,73,170,195,19,116,180,118,152,59,237,92,74,135,136,182,201,131,113,235,130,50,199,168,140,147,229,254,149,4,231,46,38,94,107,3,210,85,84,191,31,118,123,147,122,239,118,30,19,164,70,147,88,3,159,201,188,77,38,232,130,199,40,197,122,19,29,106,194,100,221,130,19,58,131,183,79,252,246,140,11,96,45,87,78,7,149,110,116,115,226,144,159,168,123,29,156,131,83,100,175,125,52,155,37,126,159,125,139,58,18,21,182,175,186,60,172,188,80,170,132,116,47,148,172,90,59,155,127
254,219,235,71,7,138,237,217,189,71,204,178,74,175,210,153,32,77,61,151,37,241,182,31,40,207,69,15,176,82,194,212,161,147,126,103,115,246,54,151,174,239,73,121,164,14,248,141,130,231,24,156,79,165,115,240,77,232,104,16,186,120,242,191,171,122,57,38,35,212,200,87,209,180,128,214,19,166,151,148,180,93,210,125,203,155,178,16,128,9,201,57,203,160,149,186,153,69,24,113,158,224,246,125,53,124,82,246,163,35,65,143,167,36,75,51,231,187,114,246,65,51,233,238,112,13,28,220,127
209,145,187,220,225,73,59,44,0,238,11,220,34,149,235,249,189,112,120,103,173,69,216,102,184,15,157,240,166,164,148,79,170,38,21,206,79,110,27,32,219,161,179,148,138,110,15,79,178,82,197,254,237,34,37,250,183,176,183,231,104,221,108,154,62,19,18,129,206,68,105,243,15,234,104,24,162,33,81,87,39,60,207,142,178,221,6,253,184,17,59,110,198,82,172,121,103,102,148,194,112,38,89,154,223,227,234,239,124,219,82,229,81,15,12,95,24,88,120,81,42,108,19,122,236,52,119,42,127
72,88,43,66,91,120,237,166,193,158,23,167,250,159,109,168,238,68,196,65,241,197,32,157,44,195,188,99,27,69,51,139,163,45,110,170,90,115,175,13,57,185,135,242,197,196,136,52,199,143,216,142,127,176,187,38,27,166,176,7,3,225,96,14,6,90,239,78,73,2,58,110,216,58,17,177,49,69,147,112,247,26,3,110,162,150,149,108,184,74,99,148,7,87,114,231,175,86,59,119,235,43,141,144,167,103,178,15,124,243,31,47,205,126,141,216,241,214,40,31,67,165,132,219,42,135,203,155,127
101,102,171,2,67,148,209,20,180,46,110,128,165,107,100,83,52,194,72,132,181,35,44,234,73,122,177,233,225,115,190,181,245,42,178,197,227,30,47,33,23,89,48,136,121,43,215,12,71,89,140,37,73,14,217,80,35,149,234,28,130,238,55,111,52,114,132,82,126,44,12,73,217,45,68,33,138,134,129,29,232,83,31,69,71,192,15,106,56,80,109,34,58,178,35,49,235,184,152,6,31,219,137,254,70,116,62,105,178,53,246,136,85,94,96,166,102,60,242,118,75,163,36,68,142,128,186,112,127
232,32,143,60,71,14,117,46,246,193,21,115,193,90,208,85,150,171,218,14,181,214,130,27,137,73,33,219,135,16,45,120,202,163,79,126,203,105,202,151,132,231,202,252,49,237,82,169,46,157,33,62,137,229,85,243,12,47,76,219,82,72,35,145,22,122,145,194,223,59,116,196,113,225,212,228,85,78,153,51,213,21,47,247,154,107,233,154,91,122,13,201,115,107,115,113,191,237,182,132,78,61,223,139,68,236,154,35,33,40,189,84,184,5,101,244,96,32,164,33,82,147,254,218,137,65,196,121,127
81,79,185,48,241,95,121,15,124,210,89,187,91,242,189,98,11,48,70,232,111,174,48,103,114,235,127,10,204,7,62,147,87,236,160,41,139,183,108,217,88,120,215,132,176,241,43,184,217,142,81,188,61,84,57,52,131,71,156,159,29,164,3,232,118,248,225,51,170,31,214,97,231,36,46,54,200,160,131,41,225,248,58,122,24,150,235,167,44,168,47,206,63,100,167,61,39,61,150,192,82,254,62,193,167,12,167,150,17,180,77,10,1,155,250,88,118,123,49,22,29,2,152,26,5,45,164,38,127
126,238,175,65,112,202,150,136,20,53,23,11,113,37,88,173,218,43,225,52,241,40,14,11,190,55,50,139,36,175,74,103,91,157,162,48,208,8,94,122,105,214,24,20,227,38,124,162,140,188,169,237,251,52,32,4,5,212,95,179,139,206,86,188,77,200,225,227,134,215,104,181,124,70,22,109,194,227,120,15,163,126,218,45,14,65,163,33,66,220,182,238,238,105,97,110,177,57,174,93,174,169,157,152,175,123,63,21,127,188,90,90,227,223,80,103,215,115,96,227,230,202,196,55,89,119,103,140,127
197,144,73,178,183,125,125,55,56,58,109,241,171,191,33,110,129,10,60,90,249,101,71,195,184,67,242,158,188,197,229,94,50,114,79,9,1,195,213,172,171,165,128,67,52,137,236,235,52,169,153,229,148,145,126,139,43,222,95,17,227,39,138,35,216,6,180,106,118,81,91,212,46,127,195,75,178,85,218,157,43,101,128,132,27,47,13,109,232,39,162,77,154,132,49,90,105,117,200,106,223,239,72,210,228,170,145,14,190,74,46,180,44,94,10,196,224,140,65,8,238,109,110,164,48,211,9,2,127
190,20,240,232,61,145,235,51,158,112,211,140,146,233,230,213,106,227,220,228,142,54,250,247,2,207,11,204,169,58,56,208,111,76,162,133,151,104,152,34,241,68,124,25,194,146,97,123,75,103,20,114,51,64,174,189,147,174,64,79,113,234,207,78,162,162,4,163,217,35,213,118,132,102,170,138,90,103,206,2,122,105,26,197,145,25,186,179,235,21,204,60,48,148,197,140,148,158,132,143,172,64,108,225,189,58,106,125,236,43,33,36,163,228,99,153,209,88,202,122,172,226,248,149,234,75,20,129,127
102,6,115,146,235,122,33,183,147,209,20,178,142,35,90,146,74,244,86,103,19,73,170,40,159,225,144,248,177,68,184,108,57,168,60,196,29,245,96,194,162,101,160,163,132,238,95,223,182,103,78,252,162,205,175,189,58,195,123,129,164,213,79,13,207,72,113,5,217,201,212,212,156,150,153,92,237,202,117,171,41,27,240,89,186,197,50,162,93,132,75,243,108,84,132,139,45,134,36,114,8,191,28,201,74,169,40,198,7,232,25,68,124,165,232,97,77,159,182,177,109,244,2,60,247,71,144,158,127
122,160,97,99,145,166,115,33,103,100,127,0,211,10,88,41,13,22,104,49,46,191,70,163,226,55,237,39,167,12,42,189,98,242,237,67,113,7,65,243,146,176,240,221,247,237,40,155,230,126,207,197,60,64,210,8,23,90,174,101,44,2,55,177,102,69,116,140,27,151,51,7,217,83,95,100,123,4,108,79,211,108,22,33,46,248,211,242,166,9,173,222,57,222,161,172,100,201,209,193,33,12,60,142,164,168,98,208,182,41,156,146,207,150,140,205,33,181,53,234,91,153,8,251,16,198,205,119,127
139,68,227,146,133,181,184,77,220,135,4,225,183,249,171,171,72,63,10,135,176,59,83,197,244,120,129,234,62,114,219,150,69,216,166,79,29,135,5,90,77,195,242,98,148,21,145,64,215,223,171,142,210,90,22,126,208,237,35,94,193,51,210,247,48,136,186,218,146,27,254,74,236,52,30,134,193,20,243,141,47,162,214,155,210,104,127,143,228,113,166,117,65,252,134,94,208,185,99,13,171,79,148,42,130,40,130,161,0,25,163,20,72,177,0,238,216,124,217,143,157,164,152,251,156,9,232,70,127
32,171,192,43,164,42,85,111,3,159,97,214,42,200,114,246,53,152,241,140,201,188,195,27,47,66,116,221,3,101,236,204,229,156,22,237,189,131,184,205,197,28,143,80,77,119,69,153,38,15,61,52,2,254,81,152,136,161,142,104,69,183,82,142,105,174,35,249,44,60,41,139,108,96,185,35,37,113,157,84,62,201,49,37,86,223,236,144,81,220,97,29,26,45,53,92,216,213,135,46,78,163,97,125,104,145,212,30,146,179,83,6,9,164,231,226,60,218,252,149,24,46,89,177,43,171,51,229,127
251,110,224,85,226,86,34,35,73,162,226,122,90,111,100,165,228,201,186,122,158,89,218,191,183,30,6,212,88,26,233,211,224,59,82,252,154,191,217,63,249,236,174,187,59,3,40,248,118,178,46,143,43,207,76,220,172,220,211,160,115,166,52,133,212,98,141,114,185,27,132,32,183,218,147,28,209,156,7,229,189,65,55,118,65,86,155,19,39,185,139,91,181,3,186,5,187,175,213,39,10,138,145,206,94,243,144,22,169,14,11,55,182,144,133,172,104,163,88,248,120,16,58,171,211,178,25,199,127
82,0,172,137,212,63,94,4,168,115,46,18,224,100,2,198,224,25,128,203,42,51,118,4,69,48,195,115,6,239,86,230,235,28,48,149,154,156,80,29,135,133,137,195,230,251,148,48,134,220,104,137,201,100,160,132,154,203,206,1,76,41,207,77,34,80,126,81,153,90,4,207,183,155,89,118,229,161,201,233,242,202,208,209,90,139,130,132,115,221,99,46,38,39,218,233,187,49,69,198,34,176,237,46,48,24,228,0,4,182,59,16,75,73,7,93,160,57,69,116,211,28,188,100,112,207,160,122,127
241,254,4,162,226,182,139,128,244,9,239,39,177,100,138,232,238,21,35,3,143,23,110,225,79,161,129,248,191,107,85,143,121,196,73,170,210,30,58,172,87,96,18,109,247,147,129,100,139,13,125,125,225,215,47,187,222,124,1,249,165,239,110,252,114,117,109,184,8,130,26,9,154,8,130,213,67,193,47,161,188,46,227,187,84,33,64,212,142,223,169,89,146,221,231,168,133,110,228,131,132,89,14,252,205,154,225,248,217,243,17,166,117,164,46,248,66,126,133,19,238,87,213,227,233,77,96,207,127
225,81,165,14,127,136,102,209,53,176,50,43,74,197,89,61,104,185,235,108,5,92,246,141,45,174,213,23,242,32,180,106,224,171,244,189,254,73,139,185,212,172,169,6,180,28,96,79,188,146,209,124,17,57,134,166,105,186,242,154,59,131,79,42,87,69,161,79,145,30,166,158,96,21,171,42,132,249,179,163,138,70,132,137,117,22,32,204,123,194,169,58,211,204,50,125,107,232,29,205,203,14,1,145,180,216,170,193,2,215,153,162,253,112,252,240,233,108,71,229,3,78,128,44,247,252,163,147,127
237,109,230,171,14,144,192,200,181,170,164,152,238,26,217,172,138,60,214,12,241,163,186,90,17,235,34,240,122,243,252,132,37,194,94,218,202,242,180,169,74,208,67,8,238,28,28,39,197,79,87,252,7,95,162,11,242,35,127,10,244,131,114,116,90,153,222,244,6,71,223,103,234,3,23,67,16,185,230,241,62,48,122,26,52,81,74,43,204,159,123,129,92,150,168,189,57,36,118,12,82,247,28,46,49,234,6,16,2,244,220,34,136,142,14,70,99,150,211,170,127,157,236,62,53,61,121,61,127
121,80,144,176,15,116,152,132,246,45,214,187,134,41,83,10,180,150,101,42,48,54,10,48,212,73,140,153,78,213,218,61,211,54,55,224,236,9,226,60,77,212,196,169,186,70,152,159,71,235,99,184,36,92,210,47,129,31,32,218,134,188,165,89,87,228,93,45,113,23,78,189,38,219,223,247,95,189,91,161,20,213,228,26,46,225,139,153,213,121,70,182,236,176,134,36,182,100,152,14,82,250,180,181,186,237,106,192,128,130,89,129,46,76,141,53,198,121,101,211,23,147,222,6,226,14,4,61,127
199,77,250,22,207,247,17,12,62,231,124,247,94,59,235,169,152,195,158,28,228,172,52,97,94,15,191,24,46,214,8,102,121,66,153,27,168,215,82,130,180,71,86,27,90,3,244,51,13,219,195,99,169,240,172,130,231,239,16,170,201,19,174,230,104,6,76,223,233,124,84,200,175,200,241,50,145,239,226,158,252,114,234,110,18,181,165,132,221,2,240,136,203,126,170,108,123,50,37,12,65,86,216,84,42,68,100,237,7,213,207,73,217,25,151,248,73,157,18,57,32,30,173,50,40,64,107,215,127
48,237,152,34,206,142,182,160,225,89,117,171,32,162,55,222,46,110,167,9,93,181,202,229,132,146,244,112,8,202,84,22,9,170,17,24,118,185,167,94,213,134,169,144,168,118,208,30,106,87,101,187,102,76,22,53,148,105,194,209,179,248,234,126,250,73,111,236,201,41,249,241,134,77,79,237,181,240,234,242,65,10,191,161,51,254,187,186,196,154,254,43,168,65,213,166,73,77,240,215,223,247,31,137,137,230,90,210,13,14,162,83,186,231,201,124,101,113,85,215,27,76,12,221,11,37,168,135,127
230,44,51,170,204,29,43,236,32,63,56,10,62,157,251,22,66,43,36,162,133,134,194,237,69,53,216,238,180,46,168,247,22,214,235,165,156,20,115,43,5,3,225,233,186,208,114,50,13,10,173,25,187,60,102,128,192,177,43,23,54,78,43,207,26,16,152,46,169,227,53,97,96,23,70,213,219,60,24,11,224,182,173,225,246,112,162,240,72,115,31,31,162,246,194,128,38,116,93,252,62,72,152,62,65,44,163,202,53,90,181,177,97,53,92,198,182,220,24,67,180,229,250,119,234,131,27,163,127
152,227,30,5,247,32,235,174,105,14,17,212,127,221,38,75,119,153,220,215,127,241,52,43,100,230,167,93,5,20,20,17,253,24,192,135,199,106,158,109,185,250,203,48,203,35,47,21,0,40,212,1,20,150,118,232,41,99,31,234,217,72,210,162,216,88,120,177,221,251,29,83,141,31,31,70,197,63,220,229,138,221,177,240,37,143,45,136,19,150,162,216,243,208,32,101,40,182,16,186,185,196,237,15,19,170,193,2,74,59,175,77,151,17,233,96,26,200,133,102,168,17,139,16,169,231,197,247,127
122,253,89,80,13,170,129,137,142,134,93,86,204,175,165,101,74,131,206,131,168,129,176,111,108,124,116,117,51,50,169,241,208,169,149,154,115,233,194,216,34,233,110,166,76,115,224,82,218,124,152,105,170,34,64,41,86,31,15,224,56,164,131,225,240,156,173,44,171,74,58,243,236,117,95,163,52,194,44,136,126,137,237,202,230,9,7,159,204,222,58,242,250,173,221,57,98,69,171,86,119,41,134,106,66,208,22,144,114,217,19,138,178,186,159,31,24,54,167,85,192,94,131,144,180,175,252,20,127
100,66,169,94,170,150,196,86,196,139,191,83,33,168,96,223,146,25,82,11,228,199,60,115,163,198,233,13,227,15,244,222,166,38,141,175,158,158,79,159,23,22,23,29,158,241,130,73,182,34,155,168,41,121,45,193,225,118,202,185,157,15,129,204,180,49,79,55,188,121,64,88,203,3,217,117,239,36,169,38,36,85,1,199,239,197,10,247,8,99,53,90,152,246,37,212,174,73,240,211,99,132,163,223,41,139,71,242,165,37,120,15,201,183,147,198,37,66,207,60,126,215,148,166,208,37,96,61,127
43,224,215,110,15,179,135,19,121,161,32,100,23,74,119,44,252,104,213,84,69,184,96,54,231,104,75,40,72,203,168,79,59,9,173,95,80,144,162,7,216,98,5,132,27,241,50,94,73,92,184,40,98,171,108,215,40,125,74,203,144,171,67,32,208,210,191,162,107,172,121,74,113,51,251,150,48,66,103,237,14,164,239,101,127,9,181,80,170,209,221,92,189,40,76,80,67,157,107,79,103,106,70,151,83,139,61,212,171,42,18,80,88,153,252,88,222,148,186,145,15,179,69,206,96,20,77,186,127
233,151,222,124,121,107,140,116,197,78,74,100,127,213,168,14,57,254,26,236,218,112,40,192,60,192,244,195,54,187,41,212,41,26,75,125,6,131,232,13,47,92,206,210,121,35,139,181,109,168,167,135,177,174,46,21,33,244,208,94,168,222,110,169,148,167,118,60,153,224,124,80,85,56,41,22,181,220,200,224,229,80,123,207,2,170,18,211,94,109,108,45,96,181,136,198,191,108,148,237,246,223,174,219,122,81,71,92,240,25,172,174,81,139,14,10,55,150,93,57,124,4,148,81,165,60,179,12,127
16,223,220,225,217,164,69,58,156,209,127,7,200,162,105,38,199,141,108,81,91,217,90,102,106,165,67,246,74,180,132,98,19,3,181,111,37,236,134,179,236,1,50,245,37,195,105,76,178,209,168,26,55,163,226,128,169,148,87,132,201,41,88,149,169,52,124,18,194,143,144,19,126,56,75,74,133,130,176,96,60,32,131,35,55,93,12,33,203,249,90,160,159,95,71,49,191,53,20,63,189,206,194,132,99,139,188,140,122,130,174,178,39,151,189,70,206,10,201,73,177,157,140,174,61,51,251,226,127
203,204,159,240,110,80,27,242,61,240,250,186,250,201,237,208,34,132,90,200,209,44,72,51,215,116,157,166,201,38,18,171,42,0,37,74,135,251,237,227,89,17,98,50,16,119,238,72,156,230,83,3,23,217,148,112,145,209,121,162,234,43,127,247,45,216,54,205,136,175,176,20,49,134,14,12,24,179,74,4,250,200,34,149,243,40,86,28,115,216,94,1,218,232,238,47,160,104,103,220,97,120,102,167,205,232,29,58,20,122,126,201,72,3,235,0,61,178,64,103,65,164,10,226,132,246,82,82,127
248,173,34,158,84,81,9,230,105,92,9,134,205,92,190,170,218,55,224,114,224,152,19,139,37,43,55,30,93,14,52,160,73,3,134,135,131,231,86,195,37,226,197,64,11,46,12,44,18,15,234,154,179,203,190,71,191,99,82,116,46,208,58,249,228,133,250,137,5,198,78,198,9,184,171,223,129,189,239,39,76,170,109,8,243,200,190,217,203,64,8,135,203,66,112,242,247,188,154,195,118,80,138,244,170,108,243,3,124,90,154,123,231,133,81,114,33,170,227,92,166,110,52,226,139,207,25,22,127
67,114,82,183,57,131,11,118,109,90,71,189,124,155,143,175,239,85,217,7,209,241,106,97,143,124,89,64,68,243,94,215,205,114,191,242,111,19,210,207,150,85,146,23,230,62,6,186,217,23,199,191,24,22,87,8,100,59,6,151,237,152,174,121,241,254,228,55,207,109,159,49,101,179,252,216,66,64,22,53,32,45,76,39,21,223,134,35,226,233,54,98,174,33,97,171,47,87,69,221,11,17,216,208,154,21,96,109,17,76,92,19,133,11,168,219,2,156,116,207,7,128,136,45,75,24,84,19,127
121,252,189,168,150,231,101,213,208,25,248,226,8,187,25,35,200,81,35,252,193,211,186,53,150,249,128,244,101,162,52,115,173,61,142,104,44,212,172,178,53,159,79,101,34,172,60,136,202,46,58,206,78,4,228,170,42,103,33,81,221,52,68,131,91,211,143,179,36,136,104,101,127,29,142,225,199,139,141,178,40,163,129,192,58,165,229,150,22,91,215,47,175,252,211,214,48,47,33,148,127,0,175,148,188,243,158,179,249,223,164,122,164,91,132,254,138,209,67,38,8,254,39,169,25,138,161,162,127
97,194,97,132,229,116,59,85,116,46,167,2,21,131,16,137,22,44,172,165,192,161,154,240,134,213,188,23,244,1,193,203,22,23,80,199,185,16,9,209,22,164,135,96,86,1,209,215,200,118,48,20,25,43,17,22,242,145,240,146,100,51,74,236,22,50,199,125,182,121,157,27,8,108,100,66,54,124,165,78,65,79,51,102,26,230,105,159,192,225,9,239,12,239,171,65,211,171,206,244,98,234,138,212,106,154,174,72,249,111,224,88,124,199,71,211,122,138,184,128,62,61,47,84,94,238,222,204,127
227,111,5,197,151,179,241,95,79,66,200,118,22,192,13,216,137,4,226,87,208,204,139,166,43,161,36,195,55,208,174,107,12,168,132,14,199,99,40,217,20,140,31,211,30,204,105,21,16,139,165,81,199,222,45,121,62,30,212,221,178,122,28,52,41,173,102,110,237,138,218,98,10,68,167,30,41,180,220,253,87,78,146,235,113,15,172,220,219,220,49,224,199,138,38,61,200,216,179,131,197,174,102,224,29,162,77,230,29,3,23,150,28,108,247,11,20,98,2,212,235,17,232,243,171,69,114,193,127
190,119,234,16,57,172,95,212,219,133,17,124,152,54,226,213,218,114,158,179,123,176,26,137,7,158,149,174,107,168,91,102,200,34,19,250,78,71,58,56,244,73,119,176,59,185,177,238,208,110,121,18,225,214,150,11,191,93,5,20,171,16,204,170,167,121,28,19,241,199,226,134,133,104,193,7,42,85,13,11,243,240,227,228,188,43,16,236,31,65,251,158,174,22,150,65,217,106,16,29,158,192,170,47,3,173,54,205,162,51,148,235,9,40,88,75,243,117,62,155,239,200,31,49,53,180,232,97,127
87,33,7,148,144,226,237,145,66,97,217,96,28,80,132,245,169,233,213,223,238,126,131,218,216,170,196,172,142,186,217,76,221,80,183,212,102,70,193,229,38,51,2,110,8,36,251,48,251,221,152,188,143,233,187,92,250,150,99,104,22,68,24,211,63,156,6,3,105,41,144,25,235,156,231,214,115,34,36,190,56,107,37,122,24,9,171,149,139,45,109,32,40,141,73,101,133,182,204,21,63,40,223,140,55,72,180,83,223,179,32,132,3,214,5,54,6,148,140,102,3,4,51,234,21,152,82,211,127
67,10,41,170,122,13,33,141,52,18,199,92,48,26,133,113,117,159,172,219,40,200,41,58,109,38,53,66,162,222,5,172,208,146,35,227,209,210,35,125,64,128,230,125,220,102,19,132,216,26,138,97,130,113,171,229,73,242,76,76,127,52,201,69,136,126,240,185,136,107,104,112,31,86,42,149,71,58,163,44,102,231,156,173,213,167,64,146,175,244,179,233,218,160,149,155,238,1,171,153,226,66,51,144,145,72,113,58,132,199,187,81,21,31,97,147,158,135,221,202,99,10,242,114,60,237,145,161,127
165,179,77,204,11,129,103,96,22,5,187,227,198,139,47,84,176,155,192,65,174,21,153,39,2,226,57,103,97,43,46,113,129,74,42,184,169,26,137,150,209,57,23,203,77,129,51,23,93,183,84,240,8,3,147,32,151,90,122,159,45,191,166,218,171,21,114,161,253,77,61,104,243,214,23,17,102,129,198,233,132,206,182,2,183,10,162,52,240,38,170,8,214,24,5,228,140,65,34,164,197,82,135,101,2,209,56,26,17,77,69,56,249,162,247,0,196,47,84,37,221,161,66,37,22,204,69,239,127
225,246,112,84,14,71,241,87,233,23,223,187,227,198,32,121,98,231,7,133,70,120,121,8,52,160,64,193,248,36,197,97,220,164,135,158,152,159,57,42,241,204,162,164,54,95,227,91,42,144,140,26,87,77,154,160,117,155,136,107,169,9,230,78,34,140,125,193,96,126,43,133,16,166,11,109,152,156,37,237,13,47,228,140,230,111,7,199,5,14,204,108,111,188,149,102,90,86,98,129,220,239,55,137,235,196,161,174,105,37,41,61,122,166,34,70,212,54,153,35,5,64,244,182,76,155,64,162,127
242,73,196,89,86,92,3,204,127,51,164,101,170,182,209,203,59,209,67,119,208,193,193,254,215,85,4,37,41,242,76,220,41,132,14,182,118,221,139,127,142,179,195,107,116,134,45,59,30,104,51,50,201,173,172,17,50,209,215,11,39,78,194,171,194,144,115,251,208,56,50,43,44,214,130,105,24,65,174,124,174,52,80,81,186,135,169,179,116,170,120,46,73,170,17,54,219,55,104,198,71,41,25,50,218,86,175,207,17,141,91,199,208,245,164,28,206,209,74,149,44,66,66,156,9,211,147,10,127
83,240,39,106,74,213,217,183,77,225,88,224,147,14,235,25,40,102,5,33,237,66,213,93,176,155,11,69,227,8,227,138,98,179,203,247,232,141,11,71,167,159,109,90,3,84,100,249,122,236,175,210,126,145,254,243,249,2,92,251,195,227,244,84,24,246,21,144,158,195,184,166,77,78,110,162,167,237,221,39,27,17,163,35,94,194,208,41,88,19,142,47,42,182,14,159,116,202,121,132,121,222,133,177,215,212,46,153,103,250,96,253,63,118,48,223,134,243,150,189,109,122,222,55,11,6,49,184,127
3,64,186,181,187,141,66,232,73,203,106,7,219,158,50,87,179,150,29,203,108,46,237,172,32,42,59,77,121,134,220,213,165,238,25,4,84,236,194,51,233,141,189,40,68,189,124,84,17,29,117,149,0,120,154,192,239,239,15,246,56,8,47,234,36,87,13,103,102,172,164,27,48,15,4,55,163,244,17,90,159,135,172,101,111,149,122,145,106,158,8,215,71,199,144,110,34,92,159,213,164,205,224,216,75,11,115,241,90,148,224,116,231,106,240,174,215,236,189,205,230,234,222,13,42,101,137,4,127
219,158,38,99,144,84,108,29,134,127,23,160,75,234,194,5,131,233,235,200,108,111,237,182,243,67,182,121,41,89,142,177,252,137,232,184,145,87,162,155,153,205,151,58,226,226,92,166,162,207,203,229,62,99,244,153,100,68,211,133,94,55,63,121,233,49,105,98,205,242,106,130,144,80,154,246,58,113,189,45,104,212,236,194,113,230,76,214,170,63,134,76,226,33,77,174,8,120,218,233,45,211,7,223,73,85,177,205,190,81,223,92,240,88,152,119,132,229,31,157,107,133,181,137,253,98,59,112,127
76,117,73,47,231,20,233,172,152,225,195,43,175,182,40,22,230,134,198,170,61,250,225,127,148,93,95,72,108,109,183,132,173,19,49,252,199,75,221,217,148,151,2,67,196,108,190,107,116,5,53,238,147,7,13,230,12,98,215,251,55,58,91,91,152,104,141,69,184,168,44,144,141,234,53,22,3,253,127,180,55,43,220,185,139,212,12,60,73,213,218,145,119,221,155,81,204,239,151,60,235,111,58,176,24,123,155,173,188,82,71,208,163,246,186,109,13,148,41,124,56,149,233,208,112,13,209,47,127
218,156,71,67,8,178,109,242,137,71,31,169,148,97,182,174,186,212,121,192,65,251,192,150,147,38,140,229,135,21,116,209,205,42,80,34,148,34,37,22,130,240,247,86,4,27,254,237,162,115,112,230,24,92,172,1,241,195,171,165,24,145,2,84,200,176,152,122,40,9,86,175,86,26,141,71,9,18,176,147,107,50,200,67,118,194,200,196,206,68,200,217,174,168,68,17,231,144,46,152,224,207,7,153,252,139,98,40,179,4,178,134,194,88,16,5,244,150,195,15,142,175,182,16,10,155,112,246,127
61,160,97,113,194,129,11,56,141,118,193,50,90,36,152,16,225,108,241,145,154,240,177,188,101,181,187,16,250,161,124,4,45,237,248,169,11,5,146,220,200,166,222,176,10,136,246,212,85,177,77,106,163,9,182,153,99,172,247,136,127,86,174,187,11,70,253,243,105,61,25,112,179,177,167,29,178,82,120,73,225,1,180,85,253,151,70,229,110,28,39,196,111,19,160,209,122,159,96,249,15,64,44,58,83,116,100,57,236,148,72,243,153,19,205,57,56,92,185,131,153,154,191,131,23,205,109,237,127
228,10,77,11,131,80,107,131,35,168,123,229,219,144,20,90,233,144,142,179,169,235,114,24,251,54,165,118,123,177,27,230,195,224,62,19,128,13,90,89,53,179,124,50,38,41,54,251,184,203,179,63,105,143,78,55,99,206,154,119,22,225,30,243,20,186,202,102,120,152,227,112,107,193,65,94,78,53,208,23,107,134,74,237,156,60,189,165,7,166,238,54,216,89,72,26,128,60,105,5,157,164,98,22,158,27,251,117,211,117,106,29,39,162,176,153,90,175,98,245,64,36,146,163,130,104,107,164,127
203,159,250,137,38,236,197,3,84,215,61,236,6,155,22,98,136,47,187,25,175,135,140,253,21,1,191,221,110,108,231,57,101,48,180,42,186,94,228,192,49,23,11,65,158,15,247,198,69,30,100,91,223,107,113,141,204,85,240,217,134,40,106,158,225,111,8,70,180,41,85,232,181,237,127,73,227,66,30,25,117,144,122,99,150,232,136,76,106,136,115,32,71,135,193,192,236,76,115,21,19,146,131,174,120,183,195,162,142,105,5,209,39,13,80,65,25,208,105,237,87,114,100,202,234,30,50,95,127
152,177,175,93,127,223,84,30,149,26,179,82,251,171,184,57,65,46,110,148,80,0,99,115,84,227,82,224,143,160,15,116,117,69,124,149,60,71,199,79,148,55,215,187,115,181,13,99,154,19,162,144,200,173,91,201,217,105,68,248,7,13,207,140,142,157,241,154,93,116,248,181,189,248,72,179,72,246,99,208,134,234,92,67,102,109,224,81,1,113,219,185,45,105,181,48,45,194,199,217,214,125,234,128,37,146,164,128,142,48,136,136,32,248,24,20,101,169,192,57,74,84,236,241,38,121,96,199,127
214,64,77,5,112,231,249,201,184,154,58,169,253,90,119,231,72,116,127,46,58,4,108,178,152,253,144,189,247,93,38,227,46,66,59,7,63,219,235,254,201,25,13,139,31,8,238,74,90,99,29,123,160,118,124,225,210,162,222,205,93,34,16,163,160,182,249,124,232,39,9,2,72,72,14,128,27,209,245,164,197,93,17,3,183,170,84,34,42,13,144,74,150,169,106,189,245,20,154,71,6,11,40,109,5,50,162,174,133,78,167,75,40,88,185,109,211,68,151,223,254,144,118,77,211,124,72,38,127
106,124,46,215,107,33,29,215,151,148,156,88,54,198,235,37,47,164,32,93,39,111,75,55,5,110,215,138,177,197,15,127,75,115,102,194,167,175,180,88,19,215,221,251,219,8,56,40,96,251,202,113,253,215,50,243,171,220,84,33,39,250,157,73,161,179,228,141,239,64,170,217,127,87,187,39,21,82,196,7,87,23,173,179,225,111,70,14,140,47,129,102,131,146,140,26,121,95,252,182,94,248,154,5,36,128,216,205,17,251,220,58,249,60,182,217,110,253,128,205,103,142,75,91,21,174,166,52,127
12,204,134,219,201,176,43,205,4,36,229,114,141,63,10,221,212,117,162,169,77,205,62,17,191,174,160,24,231,180,223,122,93,195,189,88,110,93,162,196,86,41,104,44,194,180,181,249,55,127,3,195,152,52,74,94,214,182,128,188,106,132,30,157,153,25,251,221,9,63,108,190,168,81,199,44,132,8,130,226,57,234,115,109,68,127,36,93,121,197,17,8,89,75,31,175,51,208,37,12,32,188,125,187,113,214,193,158,214,177,174,186,118,233,216,77,73,209,220,168,163,122,212,203,90,145,212,252,127
102,89,250,148,186,194,99,252,179,225,241,151,106,51,192,24,196,210,220,43,102,131,73,64,203,70,166,226,201,77,86,15,9,12,2,77,239,52,48,156,109,203,212,35,16,194,51,125,152,176,65,30,56,234,113,33,110,128,183,165,59,243,145,57,90,168,154,152,246,65,137,85,11,194,240,37,108,114,150,118,236,25,47,54,55,171,115,1,100,133,193,138,223,158,121,196,47,21,92,148,3,68,114,235,205,45,109,184,129,97,197,37,151,73,80,173,226,64,202,246,24,55,233,132,174,162,45,108,127
195,121,211,12,179,188,227,76,167,10,210,231,49,219,125,19,59,54,15,143,162,75,171,53,188,18,82,189,14,83,160,159,231,219,10,77,20,30,209,46,108,128,187,144,59,215,164,216,120,54,157,185,40,26,24,41,11,175,251,35,91,237,132,199,54,93,37,14,134,63,145,2,132,59,240,120,37,229,253,54,143,144,154,253,80,24,248,158,55,76,31,11,146,116,147,107,252,40,93,210,172,24,79,149,14,248,88,48,151,206,47,222,61,114,219,220,93,73,65,30,218,125,211,253,86,142,239,37,127
102,253,187,77,28,77,229,150,148,23,139,223,210,30,3,119,17,205,167,29,85,32,200,95,39,41,49,196,69,74,13,154,76,127,58,242,108,103,27,101,91,192,247,64,180,30,0,8,117,33,118,19,98,110,160,81,82,204,197,29,204,83,20,214,159,234,47,191,163,102,215,85,149,60,184,187,121,101,57,118,224,57,87,8,167,247,55,47,111,130,235,69,225,170,144,200,107,31,238,2,235,97,243,40,249,102,231,8,10,127,44,137,152,187,181,89,40,72,11,170,227,151,118,86,121,179,119,142,127
171,221,99,244,66,182,187,82,120,209,117,90,47,2,176,39,3,252,134,85,133,116,238,104,74,18,147,195,210,152,138,124,190,182,65,18,253,112,132,179,170,181,215,185,76,115,224,39,212,166,23,43,208,95,186,132,149,105,53,41,199,56,35,57,11,218,120,249,69,77,181,250,122,101,20,68,176,217,130,83,36,55,185,16,172,216,248,80,25,44,34,74,171,24,48,219,161,151,140,33,226,104,33,181,137,254,236,120,38,138,227,119,88,61,181,108,210,250,12,230,225,182,46,200,57,84,86,120,127
180,21,237,57,137,54,55,63,120,3,49,178,3,3,20,47,184,17,213,82,6,90,251,60,116,191,233,251,16,10,169,238,211,200,123,245,77,243,7,103,234,48,18,198,229,150,216,99,214,99,223,67,205,169,136,200,117,11,252,184,189,44,108,226,247,211,221,10,147,224,16,136,64,220,227,104,244,170,176,126,120,66,152,63,18,201,27,81,32,158,163,113,60,210,166,17,26,45,59,137,96,122,242,58,161,245,40,18,213,76,139,249,65,155,23,193,209,240,221,173,190,184,180,97,9,82,251,109,127
40,184,137,189,153,69,89,91,221,218,24,229,94,214,16,150,216,132,83,139,122,44,109,54,73,203,231,142,14,74,115,124,167,7,185,35,48,154,139,222,239,0,140,199,149,190,207,129,237,99,101,125,250,76,145,67,174,162,33,228,241,223,189,64,203,19,151,51,107,180,227,36,96,187,186,17,236,82,180,104,183,212,156,138,107,181,120,237,244,146,238,183,113,96,53,128,235,86,248,202,93,134,210,9,137,97,235,14,101,9,87,165,163,73,24,65,7,82,35,44,226,2,131,214,25,104,65,134,127
78,22,66,106,157,235,227,138,19,196,97,236,205,130,13,114,203,154,116,101,184,173,88,252,103,245,149,213,35,121,47,172,110,128,231,139,113,251,139,86,251,117,188,138,137,246,131,87,49,99,219,78,246,46,152,18,208,253,218,187,247,83,10,48,179,14,225,22,77,0,147,239,139,230,241,88,237,145,141,192,80,52,73,201,186,220,99,156,139,188,205,253,54,2,157,143,72,44,100,162,57,101,184,26,154,39,96,40,6,180,175,64,6,205,113,126,75,17,168,163,190,252,16,154,245,131,140,20,127
242,34,181,94,76,24,91,96,170,39,33,201,139,121,121,149,207,170,208,36,142,229,111,76,254,200,164,233,220,168,13,169,87,43,171,129,53,253,152,33,173,188,162,143,116,239,10,123,6,33,208,144,246,122,118,160,178,149,5,78,83,164,83,36,131,212,153,166,17,133,209,175,2,179,94,228,237,43,190,79,2,133,116,123,182,121,161,25,154,21,228,173,37,37,105,93,3,81,151,52,121,239,51,140,56,222,120,5,234,183,81,172,198,51,119,82,88,82,203,9,123,17,46,229,158,94,185,157,127
168,23,144,120,226,48,207,244,106,208,184,2,118,64,48,193,16,186,228,124,114,27,235,137,118,201,131,202,22,57,172,40,155,189,183,196,230,80,206,91,165,53,158,90,178,223,58,195,241,150,218,26,84,113,42,60,186,156,231,162,127,22,16,108,59,125,119,165,185,6,222,242,150,55,148,26,35,203,193,207,82,165,85,212,123,108,132,183,67,59,61,77,70,66,174,30,32,188,56,46,163,230,187,153,42,173,194,34,173,36,152,49,157,185,89,163,220,134,112,102,243,136,133,114,60,168,75,239,127
107,131,145,79,252,98,62,37,105,93,226,217,13,182,40,145,138,229,64,139,154,107,136,166,251,112,92,50,171,234,150,70,41,80,148,242,26,241,231,72,83,32,31,139,96,85,137,20,220,174,241,26,96,191,252,128,17,3,223,156,30,131,209,140,157,237,191,104,175,230,148,87,13,136,239,130,69,98,94,88,219,177,166,155,172,73,117,171,53,9,122,151,207,218,66,224,143,102,252,112,52,204,182,244,252,198,222,206,8,72,109,22,72,26,119,140,243,134,91,136,249,140,210,5,178,157,103,194,127
3,144,155,145,149,223,27,141,181,22,195,236,36,108,88,229,42,6,210,226,101,137,136,62,46,67,51,184,56,152,163,165,43,2,246,133,210,136,124,94,210,37,117,2,38,72,246,190,189,115,64,66,145,89,121,245,127,227,163,240,130,118,189,75,122,107,113,219,38,114,23,206,4,29,206,71,49,166,109,199,235,173,38,206,130,26,242,219,215,150,7,140,86,254,193,110,86,176,28,197,73,146,222,34,129,61,93,128,40,209,161,106,114,94,168,35,20,125,91,148,23,131,45,42,75,65,114,75,127
87,42,100,229,186,174,37,159,20,152,126,82,130,201,75,42,60,131,207,15,186,102,82,155,192,13,166,130,79,114,55,157,69,245,70,102,116,170,74,226,85,223,183,206,210,0,63,93,154,119,78,56,160,88,253,55,98,33,57,182,210,22,55,133,109,210,242,178,56,38,14,247,237,127,232,47,96,217,74,146,154,140,160,78,233,27,118,102,5,9,22,123,191,169,253,251,163,118,243,126,235,54,135,155,102,115,141,75,230,217,208,150,205,28,203,59,17,137,26,243,250,72,32,16,29,229,41,170,127
17,72,88,133,233,109,109,215,185,101,105,147,62,65,199,135,62,184,124,33,244,222,125,33,51,111,23,210,83,252,132,27,147,7,7,84,168,51,104,52,67,230,197,40,189,14,77,107,30,93,137,239,115,131,190,60,56,233,211,191,122,132,252,16,218,187,39,85,124,84,4,70,117,87,196,123,61,207,200,109,173,180,92,122,241,195,54,93,139,74,196,98,185,47,48,162,242,10,54,199,213,101,135,43,176,110,118,129,222,128,120,215,16,232,39,208,160,231,237,122,159,66,212,186,65,230,128,61,127
195,158,37,19,230,36,166,116,193,43,237,188,59,85,185,12,71,174,50,194,182,205,146,14,235,62,21,40,29,151,13,232,11,250,222,216,164,129,89,107,40,22,43,232,64,94,104,201,16,91,87,141,8,149,246,206,253,233,200,238,241,132,240,157,177,44,246,12,113,155,136,142,85,86,154,77,17,92,109,30,125,39,207,220,215,201,96,4,59,11,134,192,108,3,27,231,182,134,14,179,157,8,195,249,220,100,73,68,132,115,60,204,127,150,247,100,10,231,127,248,131,222,124,208,221,241,102,71,127
31,182,11,10,219,181,101,104,177,196,231,97,8,92,240,110,148,39,19,221,246,227,120,24,177,152,56,87,118,163,167,250,169,194,115,191,22,207,14,121,204,34,236,132,97,108,219,172,60,149,153,120,144,188,63,215,74,53,93,83,247,166,73,22,78,90,80,40,171,79,99,28,9,156,76,132,52,70,65,113,45,233,173,22,190,95,127,189,109,60,25,236,251,104,7,196,254,93,44,173,21,235,174,134,247,167,91,49,159,211,42,174,138,21,77,211,81,37,70,110,197,91,182,54,227,187,172,198,127
158,224,208,193,120,31,21,72,35,68,102,62,158,10,45,68,7,26,56,95,33,236,98,225,81,100,215,13,215,113,170,98,63,103,54,119,176,73,19,26,113,196,229,175,70,193,159,81,176,163,95,176,15,40,246,230,50,254,234,100,188,221,248,38,22,164,105,121,138,165,4,61,188,8,129,57,92,14,226,176,131,63,125,136,241,88,24,17,166,33,80,172,117,160,188,107,110,61,42,23,178,126,48,137,155,9,91,136,63,141,97,172,65,253,186,127,152,119,130,56,121,45,47,114,242,169,253,17,127
57,252,128,80,161,4,41,71,233,186,95,190,243,207,159,167,237,242,59,23,135,187,101,209,34,126,241,213,251,47,179,88,117,62,73,173,15,70,32,71,70,246,59,216,40,94,17,195,23,17,186,53,72,237,32,48,195,48,183,23,103,52,10,101,96,190,184,53,245,242,225,254,163,177,124,210,180,68,25,13,214,174,251,117,45,123,34,150,145,147,151,178,129,103,196,43,91,201,239,127,110,47,7,7,4,229,242,146,100,182,85,179,221,161,194,100,13,225,136,139,25,205,70,20,195,231,7,172,127
128,177,152,195,25,116,239,217,69,126,69,236,112,154,253,32,59,87,77,121,230,97,13,150,35,29,254,170,51,41,115,109,19,233,32,121,150,16,65,149,220,212,35,246,194,226,53,59,165,111,133,236,155,242,26,30,74,141,152,191,199,239,227,148,24,144,33,126,162,184,87,188,177,40,78,129,219,64,144,172,29,167,232,4,243,182,148,180,49,129,187,5,94,95,172,35,154,43,41,82,134,169,224,17,96,154,141,56,212,27,79,33,110,253,188,191,210,98,205,252,180,187,43,74,148,60,239,36,127
166,131,167,218,204,125,156,92,61,164,55,156,132,138,83,144,64,159,96,200,238,192,98,117,252,118,89,244,16,187,164,59,26,142,120,118,245,21,244,54,243,241,29,219,193,102,101,93,233,17,104,9,166,240,42,114,25,59,159,10,157,146,95,248,9,122,225,55,249,82,216,211,89,139,28,165,91,136,254,103,142,88,6,85,57,146,67,240,216,139,126,156,151,229,56,60,51,103,235,166,232,224,4,70,73,242,82,13,174,161,94,61,187,152,142,114,170,68,165,116,193,4,182,47,244,72,94,134,127
76,94,104,104,16,9,76,154,50,194,60,49,92,168,144,217,101,72,199,141,202,154,217,2,98,174,250,6,16,212,231,74,224,175,54,148,63,85,137,82,132,106,75,169,36,85,163,235,231,127,19,106,64,234,136,243,220,250,74,237,254,59,126,156,247,157,134,93,17,186,220,162,239,142,45,45,81,230,190,107,67,77,44,233,150,114,90,147,208,6,145,246,77,189,217,134,174,82,240,68,69,92,222,136,207,196,175,8,106,40,96,224,218,19,102,170,183,170,228,115,31,222,24,13,29,95,79,26,127
53,19,59,182,236,196,249,63,4,44,112,121,183,176,122,114,203,177,196,93,2,76,136,19,77,44,10,169,243,188,109,41,69,167,63,51,45,192,52,174,1,160,227,131,29,243,146,86,224,74,209,162,193,15,208,74,15,129,22,95,237,172,165,56,18,70,27,168,167,51,177,22,140,74,57,166,116,228,22,67,245,71,207,8,57,92,219,82,109,192,44,160,232,193,76,2,40,174,212,78,88,188,148,217,79,1,169,8,243,215,215,192,93,117,250,197,17,223,133,226,144,197,95,121,55,98,238,216,127
83,132,213,56,117,62,142,148,172,249,83,18,104,139,107,188,163,154,15,104,161,9,221,42,204,10,142,4,240,9,130,165,29,172,6,32,68,41,189,130,126,250,66,63,177,83,218,159,61,23,221,181,148,167,31,55,115,34,18,243,210,98,248,188,77,45,251,148,228,147,182,53,110,207,15,22,216,18,93,138,217,230,163,39,102,216,162,93,146,143,162,250,82,193,175,77,191,92,89,187,171,21,44,214,100,61,231,171,14,173,44,11,227,182,227,13,17,173,176,124,222,153,51,246,158,84,148,147,127
206,185,27,87,157,68,251,148,53,238,72,137,62,8,213,167,95,93,201,249,23,66,143,17,89,245,43,32,75,155,82,32,183,105,69,68,26,173,72,109,43,22,180,1,142,248,202,203,162,30,13,204,242,230,111,2,62,62,121,80,141,253,238,151,121,220,155,245,206,128,157,112,66,132,83,18,138,96,127,25,60,142,70,218,141,3,244,180,179,172,105,118,58,210,156,161,16,168,254,191,123,243,230,247,173,192,194,80,214,200,104,135,205,217,35,85,42,110,71,87,209,206,27,123,18,222,190,110,127
195,63,244,186,94,27,80,236,158,107,72,70,55,183,140,62,177,9,158,170,20,234,193,106,206,42,124,89,69,39,17,79,75,240,19,89,175,243,188,49,22,194,198,101,76,139,34,6,186,125,174,100,1,21,33,41,174,217,122,154,227,112,59,92,34,68,154,179,98,234,14,57,242,41,100,82,174,41,85,90,122,59,138,37,208,92,239,208,238,239,204,84,60,184,39,45,215,102,70,70,110,62,203,204,159,246,84,12,100,50,223,211,213,153,209,45,71,29,29,218,147,47,177,174,205,243,208,90,127
40,6,4,171,76,97,243,20,9,32,227,50,85,136,251,111,149,177,219,110,72,169,206,204,63,155,76,94,59,134,175,198,126,127,187,47,47,30,224,43,219,115,62,96,76,94,114,183,7,228,32,176,56,48,128,218,173,46,64,166,53,57,58,187,184,7,241,146,128,227,207,65,189,124,98,104,90,252,189,78,134,219,107,218,31,155,124,32,31,192,208,212,168,129,39,223,90,200,99,44,118,107,145,70,94,102,125,232,236,172,1,214,72,224,110,168,23,33,229,9,171,182,167,217,86,216,108,144,127
56,30,122,176,66,83,229,229,13,177,59,34,28,47,67,23,101,181,245,140,35,47,50,71,155,27,182,168,111,184,204,139,116,30,39,32,46,230,252,232,236,86,225,91,74,51,133,119,96,51,80,219,184,243,180,172,251,51,238,56,164,234,138,20,4,213,114,164,70,231,32,88,15,197,200,207,181,170,25,242,237,250,4,189,95,32,220,4,243,164,39,57,185,162,38,66,148,8,3,240,39,7,215,136,117,237,103,114,103,223,158,104,78,174,252,253,93,1,2,183,69,148,130,152,243,252,238,66,127
29,245,152,66,193,34,134,162,54,174,180,86,218,238,100,217,144,192,127,58,115,166,220,25,103,84,44,11,132,105,86,206,42,247,163,232,84,169,185,113,113,241,126,190,106,245,133,41,202,43,26,212,141,7,241,24,150,26,50,196,253,81,0,89,21,41,165,104,181,196,133,38,167,90,70,232,82,131,13,167,128,192,120,118,36,139,218,25,131,21,90,65,206,7,230,252,107,55,239,26,163,48,222,145,99,180,239,48,230,78,51,98,78,237,234,181,127,232,202,229,235,187,146,86,213,79,71,41,127
83,35,82,14,112,72,205,109,141,71,66,3,230,128,208,19,163,38,155,205,119,102,227,90,204,78,166,106,40,46,124,251,67,231,218,202,76,100,149,6,73,111,73,67,109,50,34,135,180,101,88,148,125,87,218,210,230,165,25,225,193,209,76,157,49,217,81,40,158,155,230,155,128,239,181,146,124,125,23,176,184,184,10,67,238,57,36,33,3,145,206,109,166,162,73,101,62,198,81,235,44,184,38,68,61,71,24,86,182,158,74,98,175,169,41,156,96,67,127,15,24,253,250,159,154,196,232,15,127
118,231,84,225,100,13,60,62,158,253,112,103,39,29,212,41,51,187,244,66,95,104,135,139,164,6,160,192,32,7,114,54,121,9,54,247,163,213,103,64,142,173,21,86,175,55,79,116,167,26,33,166,15,198,244,15,245,135,29,64,99,209,33,47,66,218,27,122,74,177,35,222,76,142,198,131,164,50,151,4,69,9,26,129,59,122,209,148,204,180,50,200,135,15,141,69,224,93,154,252,235,171,34,157,175,249,185,175,253,203,75,209,24,172,98,221,252,39,171,124,54,171,123,156,136,27,203,3,127
172,37,51,158,50,6,251,184,137,118,222,220,224,86,201,139,155,209,157,93,109,98,191,164,150,62,174,227,95,246,116,131,211,65,143,227,6,164,179,185,241,222,57,227,228,85,238,71,8,179,10,236,157,123,58,203,140,135,189,29,192,84,13,88,115,162,154,216,0,222,16,43,169,147,84,219,6,225,25,17,220,249,109,243,143,86,212,71,121,34,81,205,146,173,146,126,152,169,253,35,234,113,3,132,127,32,54,55,223,211,93,246,57,79,225,208,44,169,189,202,98,212,16,13,225,112,117,36,127
193,167,32,152,127,100,83,75,35,136,64,25,248,219,21,106,127,161,204,133,101,222,38,51,5,136,118,70,5,7,18,216,130,158,91,20,63,231,82,244,82,144,181,226,247,33,140,156,134,80,172,198,39,157,248,16,86,193,100,129,87,187,123,125,217,140,52,243,156,132,202,155,96,75,68,35,75,252,252,205,109,70,108,55,46,209,46,183,117,19,53,25,175,36,206,62,248,18,10,186,88,12,245,202,169,100,79,211,8,245,163,246,206,123,228,58,212,105,183,70,249,95,188,97,244,193,4,109,127
81,218,18,41,217,25,93,166,96,240,17,168,124,46,230,119,127,205,54,93,8,184,230,56,121,223,185,64,58,231,249,204,117,121,173,28,175,217,38,163,61,246,25,93,63,8,248,202,66,113,107,154,194,145,100,219,136,123,154,73,85,147,111,39,201,57,73,179,92,38,198,200,156,209,17,66,243,39,74,14,21,131,152,189,84,19,169,2,122,130,109,225,198,89,204,223,54,13,234,15,225,92,51,80,201,189,20,164,59,43,99,56,195,25,198,93,130,90,132,161,192,208,118,218,37,136,68,8,127
227,190,27,208,224,129,121,207,73,107,30,116,24,75,102,193,34,95,70,58,159,7,46,210,101,34,48,144,19,54,223,118,56,209,240,96,196,212,144,194,154,65,102,22,102,94,54,53,142,177,248,137,247,200,237,10,7,136,14,17,177,155,182,241,118,138,210,98,98,102,118,16,246,109,141,33,157,145,15,64,206,39,11,32,59,66,248,189,121,19,123,231,61,160,54,153,130,210,54,201,134,45,17,182,34,51,85,61,114,97,151,129,208,99,147,10,91,33,80,50,250,100,27,150,245,23,169,161,127
20,115,237,47,200,185,161,240,241,178,7,234,156,27,229,131,171,192,231,25,216,132,140,191,74,41,170,55,152,88,18,246,90,126,233,164,159,194,166,140,100,200,202,162,69,11,31,131,213,158,242,128,216,246,106,59,83,126,204,189,77,109,21,59,184,154,122,199,175,82,64,229,118,134,195,22,123,17,141,107,185,230,43,217,61,126,67,166,222,214,43,220,254,225,242,161,51,47,174,179,189,138,234,206,154,95,15,120,61,18,151,20,75,101,22,55,113,129,23,197,50,205,105,28,100,114,96,122,127
167,204,232,24,219,44,249,160,140,31,215,232,179,236,55,121,56,193,61,116,170,67,245,33,249,93,133,81,240,179,107,202,60,49,21,199,95,162,97,175,32,2,23,198,234,68,152,52,245,121,25,194,7,131,63,22,144,105,83,204,113,60,196,178,200,43,158,192,158,58,227,51,226,122,13,207,130,13,42,35,112,182,181,110,73,110,226,227,97,127,198,233,96,169,248,186,89,31,154,95,242,118,237,252,200,119,138,62,165,133,251,38,23,52,154,198,91,10,22,161,146,10,66,5,207,244,240,224,127
170,64,24,137,63,177,138,212,128,196,152,50,244,105,235,102,81,182,41,52,205,153,30,8,19,191,67,165,215,233,43,115,28,228,32,115,155,44,36,246,67,197,118,111,180,64,114,136,87,131,176,133,163,235,239,2,88,72,14,47,128,24,172,240,214,72,103,127,233,212,85,106,136,112,119,131,55,196,139,149,143,218,28,4,74,52,67,58,14,135,195,199,240,248,13,29,88,240,191,217,61,30,129,51,5,133,200,215,165,112,35,150,61,19,23,185,51,16,122,45,52,176,111,5,197,50,132,168,127
145,189,245,235,101,206,223,94,122,222,53,149,90,132,181,189,77,106,192,38,169,224,189,204,42,133,90,162,16,58,87,141,235,20,12,126,95,75,64,163,70,71,129,31,212,48,101,65,84,57,20,214,143,133,15,89,201,33,18,104,102,18,2,89,3,9,114,153,5,140,183,46,1,99,0,29,147,146,118,68,122,116,125,198,145,130,152,61,75,186,143,102,70,51,178,14,3,120,81,96,26,127,223,96,88,39,223,149,67,103,83,116,49,239,169,195,27,77,31,31,9,203,114,199,43,104,119,252,127
34,204,200,247,47,254,229,127,101,75,102,108,153,65,72,10,138,137,198,218,158,152,225,157,134,65,49,86,123,51,39,123,171,177,55,93,131,159,198,181,10,251,204,151,78,205,15,55,239,132,203,183,114,146,40,85,36,195,253,190,241,116,6,143,109,148,121,63,81,68,215,97,103,78,248,87,135,185,216,231,173,58,52,195,102,194,136,20,7,178,106,29,77,52,105,86,208,175,80,74,254,5,224,5,37,224,151,229,163,183,108,162,17,72,80,172,237,208,243,175,134,147,209,249,238,82,51,124,127
137,52,176,237,18,94,247,108,2,133,201,77,127,25,241,53,125,147,249,94,14,144,118,143,203,31,250,205,167,179,183,30,21,28,248,139,160,145,128,239,122,23,181,208,173,176,215,181,101,111,82,174,148,17,110,102,98,177,187,199,245,37,126,129,222,3,178,12,202,113,140,124,155,71,170,205,223,75,57,235,3,192,51,228,6,145,165,150,144,30,237,231,130,16,80,158,74,242,42,78,69,11,21,70,171,59,48,13,208,18,196,144,214,108,31,4,144,74,47,162,251,55,92,144,79,106,88,212,127
212,242,143,74,226,16,106,101,250,216,9,41,10,140,126,156,179,78,141,171,234,159,104,237,174,115,109,4,154,116,82,175,107,110,239,135,151,220,61,9,79,152,178,43,230,4,223,171,244,176,212,24,106,245,91,172,34,243,248,32,157,62,153,132,194,9,140,210,127,88,228,20,249,156,108,95,230,246,88,106,32,180,192,100,209,229,195,129,5,177,3,42,189,218,230,15,124,251,159,251,97,6,182,51,26,196,84,158,169,136,115,98,48,24,117,227,77,148,36,144,76,41,170,169,86,223,75,80,127
135,144,178,78,181,76,154,75,208,248,7,236,101,41,47,14,82,224,94,173,132,177,106,202,169,116,1,114,252,239,92,137,133,186,0,174,26,149,11,115,41,183,134,107,117,77,205,228,41,14,137,220,245,71,118,197,247,180,67,79,50,84,163,179,29,210,5,193,30,144,186,194,9,200,59,25,30,69,26,29,2,113,10,19,16,65,120,33,124,158,224,198,173,65,36,172,50,244,212,150,206,113,89,127,139,72,26,113,57,56,108,167,174,116,249,164,85,40,127,244,69,114,75,48,251,43,117,120,127
148,188,105,124,82,231,178,75,112,231,159,106,42,147,140,209,150,167,71,148,199,11,55,152,237,47,160,133,5,74,178,7,111,64,53,46,124,203,133,50,33,250,142,134,192,11,127,138,248,234,70,201,68,25,55,78,48,64,101,176,182,110,245,119,0,55,193,3,168,150,124,120,222,64,175,122,27,93,16,237,80,206,247,78,178,77,184,201,148,145,47,12,148,111,244,113,36,66,59,234,133,164,238,51,233,127,68,41,108,10,75,117,132,135,171,251,239,54,67,135,161,168,109,61,114,76,131,220,127
39,81,14,142,30,179,109,119,86,139,175,108,71,191,180,245,113,84,134,90,241,248,225,242,44,241,85,152,146,131,7,72,53,64,229,7,93,28,127,208,69,136,91,23,168,58,179,224,194,75,19,203,125,217,198,209,119,80,183,196,213,232,19,198,29,216,93,93,239,41,71,238,251,207,19,161,128,19,44,164,65,99,221,253,219,29,187,85,78,1,244,10,3,106,188,35,18,15,129,147,214,36,66,187,215,131,32,70,157,9,18,150,29,143,149,127,120,141,124,173,98,206,114,214,77,219,178,91,127
76,175,63,250,124,7,93,177,142,190,7,212,18,151,244,44,24,110,176,193,30,42,174,76,56,187,18,23,10,44,80,147,19,110,11,38,54,63,185,157,238,19,88,248,12,155,181,79,68,218,94,95,129,216,214,226,24,216,180,250,51,101,226,25,117,125,131,129,134,146,205,9,76,240,26,7,144,141,178,97,116,201,89,136,170,51,227,56,101,183,204,101,2,155,131,199,93,76,124,100,241,197,79,155,246,208,92,158,253,192,40,156,117,148,123,27,48,145,61,246,114,55,137,219,213,3,27,33,127
50,129,31,115,15,220,23,24,84,54,183,112,197,62,143,233,226,186,207,119,178,219,29,133,122,191,57,52,193,176,6,10,238,204,61,252,17,151,105,250,57,4,34,62,95,13,154,152,176,112,23,32,140,253,139,7,31,54,131,191,94,135,104,41,68,200,127,181,248,186,211,252,218,45,7,17,104,184,160,103,188,165,15,233,96,32,251,189,187,89,240,138,246,198,64,132,69,244,197,34,46,198,222,55,173,203,207,47,44,180,24,50,182,48,121,249,96,118,43,24,187,66,125,227,220,168,81,111,127
54,30,152,66,13,45,195,53,160,23,209,157,244,173,78,175,77,169,155,127,108,51,51,180,76,242,112,234,16,225,208,34,137,49,174,152,67,0,54,19,176,186,152,159,145,199,73,56,138,26,221,137,183,156,145,133,77,72,3,39,225,192,14,147,159,142,14,175,74,6,196,195,81,96,84,138,3,123,112,221,169,9,76,7,221,194,67,143,151,68,204,176,248,155,253,11,69,184,207,241,133,140,44,242,214,245,96,144,169,31,244,131,192,141,107,166,228,162,175,77,20,103,199,80,167,173,128,36,127
215,1,205,118,146,187,227,236,59,219,188,147,74,249,73,22,247,13,199,246,182,153,202,204,246,163,223,108,176,217,84,155,113,76,118,95,239,159,254,26,64,18,170,121,172,89,245,125,193,4,16,252,198,173,57,226,141,233,240,123,164,177,152,85,176,80,228,196,139,16,116,139,92,186,248,226,34,107,46,78,104,48,227,165,79,103,178,214,238,76,214,221,22,205,141,9,72,225,249,209,120,207,139,221,108,50,206,232,49,87,147,89,125,227,232,42,27,206,184,241,5,91,173,224,211,45,181,232,127
225,64,224,77,103,67,92,51,48,7,87,10,72,195,213,121,16,81,242,52,234,26,183,34,74,211,199,60,139,176,22,184,183,69,70,81,239,86,152,120,45,54,248,164,88,159,172,73,227,161,173,1,253,180,127,85,141,186,107,42,243,117,102,91,232,232,141,117,29,244,211,57,79,151,162,164,227,127,67,176,237,182,218,235,12,171,206,138,46,94,179,56,13,5,196,84,14,87,71,145,151,174,224,148,33,238,228,113,41,173,99,228,189,205,156,31,124,161,201,89,43,157,73,43,81,69,240,140,127
175,219,14,11,191,171,204,41,8,254,26,121,185,152,86,13,156,224,247,245,101,75,232,90,108,82,200,120,8,5,15,162,19,130,65,26,82,16,222,14,133,198,28,53,222,83,228,101,185,112,174,194,170,56,142,153,19,187,227,121,196,34,115,41,79,233,233,161,145,214,221,189,104,247,59,46,71,180,118,164,205,124,35,179,8,134,21,132,241,76,146,46,13,16,79,149,229,180,136,145,120,71,83,253,237,55,92,33,45,233,245,185,252,126,172,203,224,88,153,31,113,161,133,238,247,237,239,90,127
118,168,152,112,12,154,179,107,124,78,0,187,10,45,10,94,252,154,121,149,205,253,230,8,120,54,202,164,153,173,66,214,50,96,80,64,132,101,179,110,38,92,211,83,26,33,231,75,26,4,221,249,242,5,28,53,108,34,108,244,25,32,250,181,37,116,237,22,137,20,146,96,176,195,16,110,117,143,129,45,212,245,15,200,152,10,211,112,19,207,30,10,103,85,180,78,237,237,41,10,237,245,82,42,242,139,183,209,240,50,152,199,242,199,93,209,128,136,127,234,254,151,92,181,170,214,68,161,127
16,89,119,170,25,201,186,144,120,45,113,197,76,199,72,186,35,71,246,194,72,137,137,57,206,94,252,113,101,152,77,4,95,238,35,40,119,221,96,161,144,145,155,18,171,210,250,209,51,212,176,225,54,43,194,167,105,166,101,171,207,79,63,20,226,111,156,70,153,116,25,31,38,12,79,19,211,205,210,241,203,4,28,168,242,85,127,77,17,77,233,153,199,26,121,210,180,7,130,77,7,156,97,176,65,146,73,124,30,137,103,22,177,54,105,201,56,227,85,212,114,55,190,111,128,31,30,186,127
157,147,240,219,206,22,249,61,108,9,191,126,97,7,17,136,157,156,62,75,53,28,39,39,88,178,236,220,103,49,64,94,98,199,100,161,77,36,29,146,220,98,167,99,189,169,129,79,26,178,188,96,217,38,243,130,166,49,188,100,8,186,242,148,177,182,200,5,150,242,168,41,138,24,205,223,119,178,132,3,254,66,126,114,148,172,104,182,223,89,5,202,180,216,155,147,180,63,29,122,58,161,152,95,157,196,122,91,188,87,130,215,227,56,128,237,118,191,168,2,24,144,215,77,127,229,109,117,127
199,121,19,173,106,183,46,155,180,11,115,176,179,126,182,221,21,141,177,124,38,48,80,233,9,157,250,150,119,211,162,191,152,9,224,209,242,132,174,100,249,108,31,84,170,209,108,198,144,112,102,139,161,81,61,211,197,230,171,60,103,224,67,172,82,133,116,12,78,235,62,104,151,208,59,187,179,104,132,36,63,210,22,3,252,141,126,178,2,30,77,64,138,200,103,248,116,228,80,103,150,155,194,253,212,63,251,249,42,219,30,135,43,113,102,11,42,186,153,7,95,82,47,177,0,167,57,186,127
24,153,244,244,122,80,93,250,102,121,17,250,173,165,140,178,78,254,157,7,28,100,121,164,209,183,205,56,181,166,233,169,117,139,78,133,31,186,43,63,203,30,221,44,178,163,31,242,205,14,126,168,155,214,109,210,114,120,191,160,75,66,82,181,185,146,138,20,41,71,250,163,227,103,112,95,58,105,253,165,9,116,49,118,168,50,64,228,213,74,182,40,58,87,240,227,114,31,222,61,46,166,247,50,34,165,217,163,187,98,42,8,54,223,238,159,85,211,16,62,251,229,49,133,197,86,30,88,127
165,64,207,83,162,176,125,245,127,131,203,248,28,63,142,1,92,67,153,103,30,171,12,128,86,49,221,169,84,222,238,247,200,147,166,116,181,216,203,243,15,250,221,80,140,251,191,10,197,241,187,122,185,225,150,78,71,205,216,220,75,188,217,118,115,159,141,188,184,224,228,106,188,1,240,121,196,194,103,142,63,24,142,72,94,78,181,188,171,252,30,181,201,32,160,186,79,246,251,245,238,4,247,99,49,217,9,141,0,111,202,25,157,166,15,217,55,59,29,218,111,131,98,132,42,177,240,110,127
90,63,58,139,219,220,122,168,20,126,116,107,18,86,62,141,173,41,242,123,247,192,13,139,52,57,200,167,203,139,175,85,123,208,174,243,50,24,189,43,125,240,53,60,184,251,93,181,15,133,75,121,190,182,46,64,130,144,81,197,76,94,83,124,3,235,115,60,113,36,216,94,68,65,157,113,65,192,15,69,76,155,118,202,155,201,183,35,87,85,79,39,3,16,74,74,103,96,88,106,130,212,119,6,99,219,76,248,72,188,130,212,184,147,61,244,51,115,200,227,85,165,213,16,92,2,213,223,127
76,72,139,32,73,243,206,5,101,20,223,232,248,111,114,111,137,215,187,94,178,183,133,152,167,171,182,23,29,43,17,18,94,89,90,22,53,79,224,172,183,182,34,87,224,129,187,60,136,228,160,143,203,245,67,247,50,212,50,93,116,95,201,188,77,122,95,104,209,27,104,118,207,21,176,15,110,145,146,112,160,102,0,129,166,70,36,26,234,54,94,110,251,7,134,234,148,27,64,48,116,243,36,77,192,130,14,151,254,203,240,100,168,146,149,253,35,157,120,209,43,7,91,225,197,25,171,145,127
20,51,68,48,150,196,15,155,60,234,196,127,170,131,218,108,104,125,211,59,181,128,2,1,215,202,250,52,172,42,30,125,22,30,110,105,199,231,176,92,145,195,192,31,65,144,144,124,146,150,60,213,203,157,19,87,24,184,180,50,54,162,16,177,209,248,4,215,211,63,57,126,195,32,41,3,95,15,93,204,119,132,78,224,17,54,195,8,129,3,222,14,39,17,79,68,106,220,211,238,243,225,235,102,13,189,190,156,168,77,43,156,159,63,154,167,150,29,130,92,47,121,209,73,49,153,199,254,127
238,14,227,220,83,73,102,100,66,57,161,6,252,232,65,215,174,128,17,154,214,183,10,105,39,199,165,44,229,34,153,111,126,9,121,207,253,253,240,142,27,104,57,124,10,127,126,5,179,92,150,244,250,197,44,64,180,56,118,6,168,221,53,121,163,186,233,75,197,218,4,98,168,42,108,230,30,223,120,50,12,153,235,195,89,127,242,88,199,91,125,243,141,28,201,58,91,232,62,72,87,193,216,60,172,163,42,202,249,237,188,3,167,241,83,115,71,8,20,87,205,195,151,104,28,40,38,206,127
20,245,22,120,55,179,13,25,80,96,237,203,195,137,181,140,236,97,158,248,119,211,167,46,27,123,70,128,1,43,180,3,49,251,201,200,162,148,97,157,13,40,75,25,107,198,69,168,80,241,150,97,185,170,254,62,222,201,227,22,3,66,103,246,161,200,233,10,127,40,37,45,47,77,149,9,212,36,38,134,83,215,126,78,136,103,62,126,13,5,54,132,179,202,84,51,73,58,10,87,228,62,182,1,65,147,85,168,172,114,47,74,234,251,74,231,126,168,114,42,19,138,28,102,27,175,167,40,127
147,238,28,182,195,214,126,80,92,90,227,100,190,218,10,74,20,193,218,254,248,6,224,105,128,139,133,77,152,199,10,102,238,221,139,17,77,86,197,34,30,59,151,127,40,80,210,184,199,81,52,60,24,116,104,152,100,9,18,206,94,237,166,39,159,172,1,170,174,52,142,27,71,231,25,50,109,130,153,84,18,148,89,198,201,224,4,47,182,0,16,40,142,40,186,111,223,82,58,108,230,247,101,212,48,245,90,235,147,31,68,73,157,139,220,161,39,80,60,25,203,130,217,139,109,254,143,236,127
121,83,16,118,41,206,243,55,250,168,35,54,130,125,54,210,44,240,168,14,41,188,184,250,239,184,185,158,122,206,13,102,60,106,221,203,76,211,186,218,254,80,159,177,22,74,136,93,251,168,231,246,38,83,240,205,111,154,18,185,237,117,156,153,65,165,119,235,55,179,83,190,39,101,101,161,161,50,84,75,245,211,138,6,233,133,103,204,253,190,194,223,175,119,97,21,240,215,148,214,45,57,143,147,245,201,3,58,118,171,202,186,131,154,194,198,58,40,101,151,223,83,69,254,219,26,202,135,127
13,70,222,146,233,240,245,187,246,58,123,178,133,97,254,242,45,72,40,219,123,159,191,5,42,10,29,249,202,8,231,235,122,178,220,21,13,69,2,148,32,50,244,46,130,13,177,107,71,214,87,78,182,19,245,72,7,177,181,127,213,249,191,13,98,83,122,97,154,77,35,2,44,231,189,150,245,179,174,161,199,20,35,183,127,3,45,29,245,24,155,54,209,54,186,221,150,12,79,128,52,27,154,177,224,87,168,216,222,122,61,145,191,201,61,116,10,133,203,60,218,147,86,110,14,192,98,66,127
116,64,115,102,230,58,235,37,79,36,26,152,60,236,70,156,138,129,44,116,100,85,209,98,154,99,87,40,44,175,164,69,246,181,111,50,236,56,107,229,120,62,112,225,60,22,26,223,97,99,13,77,197,194,155,248,88,18,199,140,158,131,91,236,84,3,190,100,245,144,33,185,208,127,20,71,70,64,71,81,182,176,243,138,186,196,4,65,144,31,99,217,104,229,163,59,182,56,160,235,223,137,11,144,146,178,197,127,19,94,44,211,128,76,215,168,235,87,139,227,195,35,13,57,66,51,51,44,127
82,238,197,7,56,7,176,134,87,82,250,102,148,250,27,37,168,134,28,113,214,46,137,237,107,88,132,30,84,237,134,84,29,124,173,124,227,122,34,152,205,245,191,165,44,56,203,38,182,140,50,193,231,123,24,38,36,92,236,83,138,176,108,214,40,6,181,19,117,81,14,205,252,49,11,34,188,75,204,28,93,72,208,105,138,9,172,127,246,186,184,74,184,167,165,53,136,84,243,113,23,211,93,70,170,207,3,151,130,148,100,249,16,99,37,116,102,248,210,10,33,38,63,106,14,172,42,13,127
202,16,62,176,95,93,79,206,183,36,175,23,150,78,14,208,84,252,195,103,179,145,107,165,193,180,235,10,208,244,214,202,149,9,19,164,243,144,28,54,226,116,118,220,45,230,173,9,202,96,126,174,15,31,111,107,147,111,89,28,104,105,80,160,32,199,106,148,115,96,218,147,69,218,218,128,116,127,55,199,174,5,162,55,72,130,115,238,33,27,246,212,81,11,66,81,212,69,39,242,140,71,195,19,3,3,50,232,6,28,64,82,138,186,226,46,230,84,167,155,68,178,233,191,182,74,81,224,127
16,108,157,35,60,125,33,77,250,130,68,70,157,55,59,57,142,52,65,184,41,23,235,144,138,97,109,230,204,216,90,158,75,240,211,206,223,77,188,131,113,8,227,156,102,61,238,33,231,7,174,103,196,21,103,3,36,81,204,40,184,112,226,54,98,193,189,52,219,144,133,117,8,26,102,130,44,71,70,151,58,121,91,53,164,109,102,57,100,237,161,33,213,232,183,39,93,220,21,52,220,62,197,44,61,216,211,84,72,7,202,91,62,42,40,112,55,74,237,161,136,61,203,182,242,83,10,198,127
66,3,14,208,44,83,122,172,101,68,240,214,60,147,65,190,96,21,73,78,176,123,216,121,162,79,231,205,5,59,35,161,243,216,37,130,151,167,6,206,180,251,28,227,9,145,193,72,80,148,114,73,223,223,79,6,109,226,58,179,3,60,114,144,52,198,160,252,44,207,28,59,48,41,236,82,158,167,6,235,122,161,237,138,198,201,247,154,76,24,235,72,67,110,97,174,115,105,89,240,115,214,250,167,119,13,58,241,150,109,138,186,49,99,5,10,39,79,38,52,5,48,72,114,145,109,46,178,127
135,248,246,186,36,145,159,226,68,232,243,192,30,203,232,12,87,32,155,189,68,228,57,144,17,18,224,3,63,204,87,241,44,98,167,209,239,24,252,35,184,128,25,185,53,173,221,226,196,254,178,47,15,72,230,214,17,59,14,241,130,54,45,3,51,4,237,49,66,244,40,4,225,80,95,24,109,72,137,127,173,133,194,127,92,195,96,252,73,169,236,41,44,111,14,156,149,13,16,59,208,26,197,51,239,37,58,70,217,191,186,92,53,185,120,27,66,48,249,27,98,198,179,143,206,213,159,139,127
56,1,89,240,39,87,174,32,193,155,112,104,199,242,178,63,45,57,164,192,237,105,14,116,208,89,243,66,101,155,182,157,199,243,244,238,165,105,33,66,138,94,69,178,124,169,72,213,61,226,112,39,170,197,165,45,165,234,116,185,166,70,128,160,27,209,79,102,229,133,1,153,10,183,204,218,83,31,156,28,3,146,125,192,186,198,183,238,156,132,95,151,89,142,164,177,38,185,100,134,14,133,146,21,7,212,110,62,148,101,138,71,215,233,49,250,250,125,186,182,69,84,217,118,39,84,126,99,127
95,185,35,94,171,123,218,57,152,66,23,62,122,192,167,210,111,78,155,148,92,145,70,192,52,33,193,31,244,231,175,95,59,121,104,163,230,109,202,11,166,177,14,210,251,35,85,77,202,191,108,146,33,115,43,176,98,207,167,249,252,22,152,69,192,86,63,152,184,148,140,207,141,207,121,123,213,89,109,241,41,104,174,3,91,125,253,71,211,73,239,156,61,245,90,151,89,25,101,175,43,209,166,97,117,152,27,65,157,161,101,170,193,132,223,192,6,190,149,71,180,214,90,249,197,20,245,147,127
100,252,239,204,247,13,179,205,253,136,119,48,84,45,181,106,67,8,228,222,169,83,41,223,250,163,154,184,115,81,234,216,254,180,61,230,152,79,172,123,219,127,102,153,38,147,97,188,120,211,186,252,170,69,6,42,190,109,112,25,54,165,111,16,10,68,143,51,113,124,248,24,62,52,231,196,72,251,44,153,147,97,125,28,164,42,74,187,213,152,187,107,82,186,62,47,196,139,217,209,36,58,224,55,254,71,123,183,172,131,113,229,127,200,202,72,210,17,72,63,68,129,83,60,117,237,14,25,127
116,62,212,164,56,137,45,81,134,145,186,27,138,76,146,125,108,150,75,216,26,250,132,190,57,181,198,32,37,249,179,3,76,182,233,180,204,7,121,238,123,165,235,220,174,43,54,181,176,78,54,116,37,80,25,214,64,206,106,243,66,224,251,22,70,209,182,166,177,52,217,243,27,93,167,251,21,243,35,195,65,229,84,126,226,108,242,25,42,92,184,122,185,144,97,30,39,57,36,216,60,144,4,55,201,204,145,174,6,31,134,57,30,86,29,110,178,59,187,223,89,114,138,109,245,41,219,129,127
46,111,58,252,31,253,178,55,44,190,178,198,83,79,170,143,131,236,138,245,106,125,166,145,193,50,162,64,41,227,124,148,76,193,93,228,27,99,127,246,173,238,134,26,172,115,174,178,138,149,39,100,197,21,119,176,27,90,200,118,33,32,34,10,51,246,19,126,5,191,93,5,75,198,151,180,4,150,24,99,112,242,28,52,196,103,144,194,124,71,184,127,132,245,52,155,29,72,218,100,134,253,182,21,37,106,232,13,187,192,130,167,209,219,77,40,182,119,184,116,73,28,188,105,80,247,84,196,127
100,234,47,220,161,68,156,183,220,180,157,140,188,38,0,248,180,122,127,236,180,228,86,196,216,122,157,116,225,29,210,86,98,247,197,97,119,59,252,225,210,138,240,47,219,85,191,101,202,71,184,93,95,108,118,187,114,176,87,207,200,59,129,146,60,172,216,196,78,21,210,254,33,122,220,192,1,69,225,83,159,228,242,129,106,161,53,240,87,147,170,221,221,6,175,168,169,215,16,24,108,188,102,198,166,222,230,215,175,72,122,82,222,100,211,99,207,186,186,32,20,114,16,34,146,79,227,172,127
57,52,60,120,198,179,122,147,172,144,171,28,85,244,95,213,145,131,212,151,70,75,85,194,89,29,106,117,150,62,190,237,110,250,140,204,6,89,222,222,21,121,11,213,77,171,214,103,141,149,31,84,247,66,64,31,60,68,162,214,113,231,39,250,121,202,79,31,158,252,25,216,127,201,48,174,46,64,23,112,111,245,178,27,104,61,226,247,144,229,207,124,146,198,229,130,98,234,70,167,36,75,61,84,65,236,129,8,154,102,19,51,173,102,74,220,13,168,252,24,139,249,124,222,153,55,167,109,127
197,235,193,115,97,104,82,75,106,214,68,130,134,240,63,192,207,71,112,209,126,3,245,28,124,126,221,25,162,223,211,24,147,51,227,69,228,98,19,168,137,26,243,65,230,234,194,70,158,184,129,235,121,95,76,78,162,175,18,7,187,152,231,184,143,45,190,80,94,26,175,60,11,49,167,71,92,49,247,229,152,249,229,39,76,66,47,229,89,252,85,48,58,149,199,91,6,25,203,99,98,50,193,197,2,248,196,226,18,28,166,172,130,6,71,134,132,173,15,223,37,16,78,199,220,243,98,200,127
234,77,163,188,196,188,135,158,200,98,177,162,92,126,238,86,190,112,132,176,170,68,110,58,183,202,24,114,49,179,204,37,224,142,43,30,183,100,196,54,61,84,78,44,29,155,222,17,78,241,3,190,212,61,253,75,142,129,86,118,25,16,20,59,231,89,16,236,179,226,88,204,244,98,133,147,242,246,180,162,195,195,8,123,221,52,73,28,234,178,79,26,108,210,83,101,213,184,47,245,130,40,8,5,127,194,29,169,6,6,3,15,126,171,33,107,176,69,169,171,94,157,185,46,85,71,156,147,127
151,54,142,25,33,119,54,94,116,252,70,77,219,138,161,52,119,231,86,182,16,132,4,214,125,12,7,58,5,130,144,7,53,216,77,49,103,183,185,66,79,110,98,157,81,13,235,31,21,159,95,123,213,230,148,153,35,104,15,172,37,59,55,108,239,127,250,69,107,202,42,205,151,21,76,174,36,130,11,57,155,221,221,116,164,202,130,252,101,8,21,204,221,228,74,209,11,139,148,72,28,106,149,90,65,138,70,10,244,237,211,104,49,243,109,22,150,119,192,184,152,184,106,40,36,15,154,95,127
84,182,81,158,11,247,213,211,94,207,249,202,26,92,90,122,98,54,216,117,129,160,152,202,17,41,237,240,16,246,162,188,167,222,75,67,68,140,66,40,78,145,104,107,180,162,38,85,124,123,231,97,111,133,253,33,242,96,58,11,62,221,32,41,237,101,9,210,33,81,80,120,219,221,25,122,196,125,141,220,158,33,126,55,68,32,79,182,31,156,184,141,135,231,248,108,36,247,118,226,11,63,73,99,155,21,200,155,212,31,122,179,17,230,240,127,190,103,101,80,4,160,17,106,229,68,117,246,127
254,192,188,245,109,192,132,29,121,42,30,104,200,132,104,85,102,150,8,122,187,234,8,132,66,40,148,158,60,29,196,251,137,174,69,29,88,12,185,181,106,210,228,42,243,226,165,84,20,155,128,49,79,143,250,240,93,24,148,60,197,4,248,218,212,178,146,85,5,53,206,53,21,55,162,1,100,8,245,48,76,148,247,122,243,72,90,90,136,29,67,36,129,15,243,0,233,172,135,222,144,162,90,127,170,50,41,203,167,87,174,56,240,102,142,240,202,248,240,100,125,205,248,226,140,88,15,59,127
165,20,30,235,178,196,37,242,66,44,50,206,31,97,109,79,110,193,44,124,20,205,81,76,216,46,11,34,233,131,90,187,182,17,43,108,156,219,48,238,227,66,139,230,128,189,89,79,45,13,50,224,1,83,216,199,148,141,98,231,158,107,193,32,45,184,150,183,105,240,254,195,81,121,210,10,102,137,95,202,2,137,152,150,12,10,192,55,84,145,199,39,86,41,169,220,77,108,51,104,170,99,75,122,62,80,222,228,241,88,93,62,16,10,123,58,29,171,108,52,55,132,85,191,66,38,168,119,127
34,151,4,238,66,226,3,240,45,144,108,104,14,202,163,141,160,232,168,210,224,227,235,193,120,56,48,48,161,184,85,3,10,166,243,110,219,158,108,58,89,28,73,6,229,251,85,218,146,25,251,13,234,244,118,54,77,108,50,232,151,12,84,13,32,129,177,122,248,42,93,52,127,227,63,74,145,23,5,195,240,49,105,80,161,189,38,65,154,34,205,156,209,151,205,18,109,80,135,191,113,182,4,203,125,107,162,229,150,228,199,0,115,176,20,90,97,98,240,119,23,105,231,212,176,137,244,41,127
207,194,119,113,148,231,227,148,92,136,249,19,229,36,136,114,8,228,86,75,232,93,211,123,243,148,58,205,102,57,15,229,158,158,228,227,158,177,137,192,247,60,160,54,98,86,253,81,77,114,133,63,185,2,34,179,54,74,44,25,22,64,178,230,124,122,195,181,13,5,202,11,74,59,148,139,115,235,36,237,166,226,122,129,190,124,148,33,39,68,173,41,95,116,163,206,133,161,152,103,148,115,38,54,175,159,221,224,188,208,14,239,50,142,186,162,110,141,35,182,223,138,191,165,66,18,142,40,127
129,90,131,154,9,163,108,231,175,111,224,27,94,116,70,182,141,250,102,252,235,194,235,19,104,28,64,76,159,164,126,44,185,229,110,98,96,19,190,103,249,41,254,16,9,178,68,12,204,248,213,5,98,229,226,34,200,203,63,34,205,47,216,42,214,73,146,106,34,42,222,120,32,31,79,212,172,224,85,136,248,27,152,220,71,12,105,135,19,156,61,252,181,123,244,245,75,42,163,32,195,226,111,130,247,224,179,194,160,193,140,249,184,174,57,224,246,119,127,147,46,196,138,132,190,216,110,109,127
207,9,89,24,105,142,198,222,215,131,70,0,107,121,216,122,109,12,21,98,30,183,12,229,209,66,193,30,55,211,23,211,6,242,110,244,8,20,222,229,87,226,198,187,52,154,35,124,130,162,68,77,160,48,74,21,54,24,75,132,136,9,231,252,135,40,77,128,26,131,16,53,1,234,193,116,108,131,191,11,170,184,72,42,8,146,31,146,111,229,125,65,63,184,99,15,34,168,194,87,195,106,75,120,137,166,61,181,106,61,57,109,218,172,87,221,91,206,41,3,234,137,188,9,98,243,6,183,127
20,105,62,91,56,174,196,183,150,210,230,109,248,117,50,107,53,42,222,20,177,8,31,20,57,163,97,6,219,71,12,144,237,196,80,238,62,126,124,171,125,104,171,79,142,226,205,92,61,32,92,155,20,62,181,146,128,190,223,218,100,4,132,184,131,182,163,147,224,253,209,110,98,220,202,210,168,15,33,154,22,45,199,144,218,87,248,197,106,141,92,156,163,80,250,188,29,253,234,123,202,248,161,168,38,158,153,205,21,239,81,16,36,135,170,139,237,191,130,241,121,253,128,104,244,201,16,224,127
10,231,172,183,141,195,221,127,190,138,46,163,218,41,30,13,159,212,247,144,194,229,184,27,199,78,253,69,104,78,211,232,209,87,25,137,17,62,30,83,189,88,236,139,161,190,211,33,196,197,21,201,108,91,41,52,223,237,181,87,49,76,104,140,162,205,4,239,41,72,84,195,72,121,188,233,230,57,2,112,128,180,172,129,240,193,235,222,241,159,172,156,5,217,249,213,190,110,16,204,142,74,214,24,164,173,74,1,228,170,94,176,166,91,106,83,81,13,83,106,199,205,75,32,193,118,44,141,127
56,110,155,51,78,97,117,8,249,228,200,216,114,69,44,43,34,100,56,216,8,143,136,79,249,125,75,209,177,124,205,142,32,91,112,151,57,85,2,234,160,218,107,217,154,143,63,49,77,162,91,196,165,165,63,183,253,32,132,200,167,203,205,6,183,174,118,207,210,103,103,90,145,34,19,137,93,109,83,187,88,49,73,142,222,51,172,242,208,89,0,5,0,222,69,189,215,207,69,3,132,168,19,92,184,166,185,93,196,25,189,60,64,23,19,127,194,22,103,142,9,79,232,234,140,48,167,204,127
14,168,222,188,211,104,218,91,154,193,19,120,183,203,64,181,9,176,99,92,106,83,105,7,171,3,74,14,150,64,101,44,60,35,237,50,106,7,92,208,120,150,206,209,16,121,31,164,247,142,56,7,195,80,62,78,40,237,85,249,222,146,192,228,126,16,120,1,57,30,107,155,185,27,236,66,219,40,112,145,141,37,107,119,151,237,21,16,129,106,23,80,239,127,130,114,220,61,232,235,75,179,40,36,60,15,23,77,173,117,228,68,140,218,91,79,153,98,196,112,15,200,143,13,40,139,7,220,127
85,12,110,77,202,90,155,28,5,163,9,118,200,135,135,92,129,59,19,246,101,232,21,86,237,202,217,127,92,175,169,151,152,117,22,247,60,86,67,130,69,115,18,132,88,212,200,86,146,231,204,42,65,232,92,124,146,168,73,162,168,85,211,66,164,191,129,118,182,156,195,241,127,216,242,0,52,101,209,172,218,194,156,198,113,79,9,252,115,191,123,54,23,250,70,2,170,241,205,38,181,138,240,99,142,221,139,173,90,48,157,84,238,135,204,75,204,146,223,203,223,224,104,150,234,120,62,101,127
25,246,85,83,157,111,139,39,141,99,80,190,208,227,148,77,180,44,99,148,61,16,250,195,55,58,10,32,97,162,72,69,37,177,30,7,100,95,62,20,36,183,84,220,197,191,210,233,89,102,1,248,230,216,235,1,197,11,227,7,164,126,54,18,195,137,227,38,240,240,41,33,109,185,235,156,74,230,228,134,159,228,222,221,19,172,200,187,11,56,186,158,87,153,82,156,216,225,34,14,154,114,75,164,12,4,30,30,198,0,44,15,27,42,20,49,49,184,145,211,105,173,97,138,140,63,85,106,127
96,151,142,89,21,160,44,169,87,6,94,55,14,88,162,206,244,156,130,219,77,157,180,43,26,10,232,86,38,29,40,241,139,121,2,152,139,51,230,53,94,54,163,186,57,147,29,250,244,149,180,150,237,44,3,2,114,24,117,149,46,171,81,126,41,138,87,38,41,30,170,247,81,190,122,209,237,31,169,88,34,215,240,10,177,230,109,172,147,244,224,12,82,164,139,140,208,76,56,0,237,248,87,152,23,93,65,121,25,240,37,125,31,1,177,194,74,115,116,142,223,11,70,60,44,145,118,155,127
92,143,19,195,134,179,179,65,82,44,97,221,89,133,173,223,131,114,216,92,217,227,223,125,119,143,184,11,84,101,32,102,253,142,185,202,123,80,183,140,249,60,38,14,180,74,143,168,64,118,236,205,7,60,56,85,219,108,192,229,189,213,68,54,132,69,126,7,253,12,222,157,192,192,16,97,190,91,50,221,5,189,134,63,229,82,233,45,12,161,249,36,161,125,92,145,112,89,85,169,23,45,111,45,137,100,223,131,129,165,100,85,175,154,45,230,97,51,205,102,200,225,139,78,138,246,12,136,127
246,154,80,2,59,18,11,54,181,48,191,172,148,31,235,91,159,93,74,58,46,248,19,157,65,149,221,97,87,102,15,244,208,212,114,4,22,122,133,20,199,92,208,63,100,152,145,55,132,203,157,10,6,27,86,243,139,172,181,64,161,235,64,220,222,222,213,106,120,160,25,243,214,75,83,248,27,192,43,253,165,193,131,117,68,22,212,131,179,106,23,60,61,162,21,193,182,175,195,242,230,20,153,80,60,139,64,113,115,125,18,189,160,58,118,59,9,227,20,119,242,10,64,74,34,253,240,160,127
93,175,234,167,225,41,55,184,172,135,191,241,43,219,247,74,127,46,213,213,252,42,102,202,124,165,205,127,52,162,50,175,245,18,91,167,121,231,142,53,97,130,231,97,194,145,27,34,114,54,228,75,137,57,237,121,140,64,87,20,8,103,125,221,237,52,120,20,205,174,204,144,81,248,32,230,111,111,162,14,138,231,149,235,69,31,30,166,14,93,222,175,138,248,188,87,63,220,71,181,79,235,14,130,137,239,171,159,237,207,17,105,174,84,74,180,59,222,138,44,192,48,238,202,69,191,43,18,127
30,253,86,37,174,104,15,53,71,87,196,35,11,44,92,90,208,242,30,159,164,243,152,123,124,59,105,122,213,208,124,155,184,218,80,53,133,196,207,217,46,28,179,31,210,58,154,30,158,41,180,223,15,12,159,71,212,47,31,140,234,109,223,40,163,122,82,136,42,40,205,124,57,34,53,233,143,48,175,208,210,99,229,205,8,138,200,82,107,184,230,12,199,226,221,236,213,69,122,165,107,221,242,142,232,56,113,21,131,7,90,122,144,77,228,239,75,12,165,15,123,100,80,238,212,231,143,80,127
117,3,89,97,159,239,169,40,14,22,104,238,168,2,158,249,48,9,62,218,227,169,30,166,22,60,29,101,37,106,49,123,124,40,197,235,67,228,109,168,121,207,61,79,11,143,1,12,230,175,72,239,208,242,106,83,27,241,236,210,183,51,124,62,1,132,192,97,166,72,89,154,7,60,24,38,170,242,153,32,60,244,89,248,190,187,134,33,241,81,166,125,226,116,12,110,21,86,139,179,237,151,80,199,65,79,63,188,14,183,71,164,64,156,86,89,11,47,221,51,19,36,222,84,167,128,216,140,127
131,104,81,107,76,36,151,142,68,99,111,149,217,21,13,84,214,229,241,210,238,48,118,194,47,61,23,157,181,30,89,224,202,26,196,121,49,81,176,188,196,135,215,240,229,45,158,87,223,54,55,3,98,217,121,30,115,135,119,53,222,12,33,18,34,41,177,76,130,196,210,147,104,117,203,222,226,30,174,122,13,211,86,20,22,127,102,210,195,217,103,166,241,249,92,134,80,24,16,159,110,216,214,97,250,20,190,115,249,85,214,156,82,86,66,52,202,16,88,241,69,42,51,97,64,77,138,168,127
178,32,246,43,144,78,42,16,164,87,163,223,126,204,235,59,136,65,33,15,26,202,182,226,37,21,121,168,206,241,219,19,14,101,10,252,62,208,155,188,252,161,166,86,223,50,31,31,146,241,18,108,209,226,174,57,141,160,99,56,104,237,195,18,150,250,34,208,128,63,125,203,212,51,196,159,15,197,86,32,60,205,93,94,39,169,96,20,59,147,235,242,196,167,214,204,204,58,107,14,128,166,165,182,39,67,74,48,84,239,193,12,2,177,98,197,197,182,49,45,199,91,208,78,160,221,214,244,127
211,251,157,58,236,92,173,33,79,170,191,240,202,199,222,156,91,173,104,166,34,60,83,124,166,126,82,121,38,180,20,8,241,171,27,238,160,247,74,248,192,126,57,23,154,224,86,92,13,223,238,50,122,108,29,177,7,197,76,93,189,69,121,136,71,125,35,239,93,51,234,141,85,109,248,52,208,65,216,133,216,54,206,80,217,104,134,132,204,84,158,230,79,84,16,125,21,120,15,132,70,240,243,183,124,51,45,120,226,118,10,154,216,46,9,85,150,183,242,55,56,48,107,238,54,116,190,104,127
169,61,39,163,21,91,125,254,68,100,102,13,149,232,32,42,68,101,193,116,32,102,149,137,194,8,103,79,153,110,48,18,230,153,3,73,20,38,58,171,58,75,134,233,68,161,174,44,48,132,231,127,230,223,141,163,68,141,227,184,167,203,161,90,185,123,18,215,66,98,133,149,50,55,180,236,107,124,164,34,100,124,200,39,130,56,82,74,199,90,144,38,11,207,18,104,161,54,42,205,52,12,112,201,53,247,180,61,163,84,225,39,63,121,19,19,11,109,12,88,40,146,129,62,64,56,194,155,127
152,215,119,120,151,67,120,200,156,230,36,67,59,173,122,83,143,38,155,33,80,148,108,72,161,111,83,74,179,125,40,149,198,204,136,19,224,15,84,188,13,30,246,227,136,9,112,1,53,26,232,132,63,165,180,241,88,251,16,176,97,212,212,124,52,50,42,118,128,71,148,81,56,147,28,234,207,201,108,41,189,67,169,26,136,248,52,57,2,49,217,95,139,66,147,111,53,38,84,65,71,94,142,32,241,175,69,179,101,20,121,168,180,69,8,222,26,62,187,134,125,151,233,188,114,156,209,117,127
102,240,206,19,165,181,50,144,161,6,149,162,57,7,127,175,13,236,145,145,208,181,81,31,254,59,167,202,145,139,32,58,214,252,56,226,60,155,152,88,45,160,71,50,82,232,224,193,127,154,4,226,177,79,154,158,143,95,73,164,18,58,159,124,48,210,41,247,13,231,154,130,74,26,246,30,45,214,201,11,146,3,193,222,63,237,89,199,50,1,96,41,136,176,66,82,47,159,98,193,24,250,94,97,202,82,177,221,72,112,3,64,89,148,48,57,180,203,165,138,178,207,127,204,187,133,63,251,127
170,151,165,68,22,97,29,80,26,5,169,14,248,3,213,191,97,233,126,63,112,167,235,212,23,132,117,65,43,172,87,250,12,247,54,117,78,243,24,191,244,27,193,128,170,39,163,177,32,148,174,142,243,26,178,196,33,64,191,78,5,172,251,105,127,129,77,45,160,204,205,113,168,134,50,19,118,167,178,43,113,106,119,113,108,23,133,169,201,163,190,154,153,96,79,218,80,142,117,79,216,227,22,65,37,102,202,79,24,219,156,38,174,252,42,123,52,217,93,194,24,107,1,25,112,94,14,162,127
100,55,119,124,241,147,106,220,146,9,66,142,128,223,158,8,125,166,58,8,171,207,72,223,131,100,24,161,249,20,36,45,202,53,31,144,206,212,82,239,44,225,229,110,94,104,223,110,112,163,62,204,76,202,236,7,118,233,154,130,81,19,54,151,112,109,135,181,128,245,210,227,118,124,52,199,56,254,28,105,162,24,80,189,225,113,15,112,137,181,107,63,151,11,140,5,7,133,98,184,161,138,135,235,149,131,158,24,104,143,17,28,210,90,205,91,84,246,99,9,28,181,118,193,184,52,15,189,127
190,191,243,61,37,29,65,88,246,47,136,186,231,182,140,154,49,88,8,154,232,178,27,86,24,70,123,244,146,27,180,49,34,46,161,246,24,217,110,207,183,193,165,129,146,25,138,8,51,12,229,142,189,230,185,71,13,189,207,39,225,232,211,14,45,114,25,51,140,235,83,91,101,40,178,77,251,99,85,231,247,93,24,222,243,140,187,182,182,208,129,208,217,75,147,84,107,178,75,53,235,147,162,180,159,59,220,216,83,206,88,205,154,136,161,20,177,128,29,2,35,20,238,161,77,52,139,221,127
34,16,57,166,238,122,119,104,201,166,187,81,194,111,213,68,26,129,20,33,242,78,38,7,88,119,162,210,40,210,12,73,107,127,40,112,199,238,218,191,167,81,165,89,130,19,149,30,161,234,65,143,80,192,139,227,200,13,34,104,232,26,72,249,98,1,9,88,121,180,121,165,92,204,81,156,97,156,186,96,242,252,185,125,186,206,15,146,139,201,49,233,236,73,197,88,170,136,114,171,114,146,204,5,116,31,65,100,8,69,149,33,229,49,234,223,69,205,193,150,34,105,45,154,112,121,189,158,127
135,136,236,132,133,246,189,22,103,174,137,177,16,54,111,115,150,111,134,78,24,69,202,115,112,121,101,127,111,121,35,247,98,127,69,181,106,191,156,4,232,38,113,78,129,42,34,153,196,72,234,27,208,56,18,165,247,239,236,125,207,108,220,228,18,29,42,0,35,224,37,48,162,41,142,23,48,145,0,28,87,135,24,37,69,183,148,243,176,16,237,0,183,70,240,43,251,87,19,19,103,29,253,198,82,216,152,250,210,138,231,167,32,32,35,102,204,188,65,149,57,44,19,95,233,23,34,80,127
56,125,48,222,230,226,9,240,197,196,117,142,218,222,214,0,101,90,251,173,136,104,221,110,170,123,240,244,201,60,165,201,167,52,174,124,109,0,94,199,40,14,99,84,3,244,182,156,194,251,50,17,70,205,30,195,175,12,6,24,113,79,53,207,60,251,148,22,108,141,168,124,21,180,143,3,185,21,50,199,186,161,228,143,222,228,155,137,112,176,167,197,77,134,152,236,167,86,28,113,60,163,230,96,247,111,42,30,235,105,142,110,176,160,45,189,30,207,162,73,156,218,157,209,120,49,100,104,127
107,188,148,134,28,111,51,134,253,45,121,68,23,154,63,156,104,39,234,51,57,57,10,227,38,56,49,97,96,26,234,85,48,109,237,199,169,239,254,245,228,60,183,168,3,173,153,42,230,197,160,176,82,20,106,27,107,13,99,16,222,137,190,130,117,19,46,110,110,252,220,235,194,41,156,88,217,100,39,153,154,89,17,222,98,144,121,104,40,107,242,192,10,234,85,133,92,205,174,64,63,243,92,175,199,27,198,174,132,226,71,56,197,252,219,153,228,225,145,229,214,43,5,52,97,47,96,85,127
233,251,38,204,103,2,207,36,230,122,248,223,127,166,16,117,125,201,251,80,65,171,57,99,89,31,233,79,93,101,212,33,82,42,28,72,115,27,8,232,144,147,158,187,237,210,195,91,217,217,30,65,6,68,234,237,27,125,236,73,10,62,109,221,191,24,218,67,124,66,215,29,79,108,227,59,244,226,13,60,69,180,96,90,115,241,37,67,199,89,249,46,59,7,141,96,109,17,81,131,111,23,52,181,96,123,243,148,131,104,224,93,175,193,183,157,36,33,152,196,145,199,162,225,53,196,116,151,127
7,121,17,74,242,107,165,138,15,148,72,168,37,121,122,146,246,56,14,173,202,234,192,183,62,103,108,130,66,45,170,53,168,61,26,26,39,7,149,79,106,199,21,170,89,193,110,119,20,205,179,18,159,113,117,226,58,218,81,33,80,33,67,126,61,133,141,145,37,245,110,130,82,150,65,238,55,189,198,49,82,27,139,158,242,130,238,159,142,118,133,151,140,86,105,128,73,228,173,92,123,140,35,174,90,97,20,192,241,14,224,145,76,207,107,73,248,243,74,82,253,187,42,218,180,47,224,65,127
70,152,7,98,75,114,178,45,246,210,252,101,253,30,247,230,198,239,26,243,139,183,198,190,235,216,146,210,149,127,195,61,212,235,189,48,81,165,33,167,225,57,128,37,28,27,180,184,67,115,143,5,78,182,115,121,212,56,249,60,190,92,43,151,206,119,147,111,90,107,252,201,116,53,243,30,220,141,160,6,182,117,209,137,102,32,204,125,67,156,105,69,92,149,131,103,14,39,79,42,123,182,153,145,155,134,186,242,181,113,132,109,140,202,186,212,50,176,103,217,230,7,177,221,103,117,117,169,127
135,16,177,229,104,45,29,235,164,237,156,7,104,101,82,73,140,143,247,192,156,137,30,246,254,248,100,185,82,95,137,177,100,28,232,83,235,173,181,92,119,169,201,53,139,76,18,110,200,201,226,201,111,28,90,107,144,92,100,44,3,134,98,20,17,116,226,152,74,13,178,198,45,150,227,14,108,238,118,78,123,44,118,62,233,51,224,122,2,229,35,49,204,104,172,104,30,223,43,77,161,183,30,43,74,47,240,59,25,174,97,33,135,224,2,196,35,242,141,240,50,240,140,139,116,83,7,168,127
232,186,215,221,176,0,170,33,130,183,219,178,7,235,248,156,101,32,7,142,84,28,117,76,141,41,8,89,132,186,233,3,57,132,174,29,194,51,53,42,146,168,165,143,164,127,121,94,4,32,237,180,220,195,46,52,46,90,253,181,104,54,67,81,226,22,61,136,82,231,246,18,25,166,114,108,129,64,200,206,193,70,208,231,221,219,91,84,151,134,189,170,89,24,182,186,51,190,28,167,202,61,133,177,180,77,88,224,10,20,53,141,178,72,193,249,216,29,245,189,48,188,110,194,18,211,222,251,127
135,222,240,80,250,129,119,202,199,53,72,217,162,138,168,117,112,236,38,238,54,141,195,11,100,211,50,55,152,116,124,183,28,196,41,62,90,40,19,225,205,26,194,81,133,105,204,163,88,5,190,249,230,147,237,124,245,54,147,91,142,157,192,4,149,70,251,108,163,199,102,199,174,231,238,6,154,146,204,163,158,195,190,94,229,139,73,101,184,252,8,0,10,29,44,21,105,208,135,235,75,103,30,58,58,109,166,197,190,87,238,118,111,34,87,171,9,145,162,150,116,97,98,63,168,175,150,10,127
61,94,94,177,16,204,120,108,0,245,112,6,59,146,119,121,163,158,218,245,230,101,245,143,153,118,178,211,32,53,177,89,138,85,156,242,78,224,54,80,153,251,223,118,251,115,153,75,91,78,43,107,158,86,72,158,231,161,117,90,45,206,253,22,202,208,193,3,189,189,176,60,237,29,208,243,130,21,139,15,78,130,237,241,1,13,137,23,176,103,242,28,156,122,252,9,163,64,221,114,149,17,25,172,92,178,24,143,146,153,225,122,36,3,21,2,150,38,85,182,15,221,31,197,77,237,38,70,127
145,42,177,136,217,146,186,32,38,4,151,78,233,66,211,117,92,38,105,76,7,88,21,243,54,178,206,42,140,41,187,116,222,16,65,92,88,187,133,253,177,14,148,1,66,59,10,144,176,90,237,217,153,220,59,122,227,147,175,101,148,134,0,126,111,214,21,2,164,207,173,216,214,130,174,219,96,69,221,45,26,180,214,23,168,51,15,160,125,122,247,191,111,203,54,5,137,118,8,117,187,14,83,176,8,102,219,70,8,40,163,192,168,97,123,129,148,243,240,210,95,49,36,169,35,109,153,40,127
246,231,51,207,66,71,46,87,40,17,38,94,41,214,95,21,9,13,51,226,146,4,23,35,64,89,121,238,62,101,49,233,72,221,2,194,47,207,214,234,122,148,7,7,216,225,161,150,118,178,153,102,239,175,127,23,118,143,5,41,171,9,185,211,72,39,56,59,177,83,77,106,120,55,197,243,129,88,199,176,242,153,159,145,131,39,142,65,189,133,248,212,159,46,70,176,200,65,29,55,76,106,101,141,201,35,47,252,187,232,195,170,200,239,38,28,9,70,107,169,227,75,246,45,236,187,175,210,127
149,158,77,80,46,36,144,62,186,89,130,80,77,194,201,77,61,104,130,165,206,153,114,29,87,127,194,76,159,156,175,254,27,96,25,67,9,250,237,32,159,1,120,69,246,110,77,19,228,99,227,253,25,235,252,124,217,174,10,131,29,217,190,18,38,154,107,190,130,95,152,161,221,96,184,234,115,194,88,193,127,172,60,246,54,124,127,35,249,220,76,84,124,217,168,42,204,200,240,181,129,98,209,88,181,104,26,90,129,236,19,114,63,205,56,240,229,228,172,58,74,54,211,50,107,119,16,109,127
81,172,160,235,141,132,132,68,161,9,68,133,36,163,230,213,210,11,130,95,60,71,189,227,219,223,28,127,222,103,219,163,217,229,106,164,18,145,243,213,146,123,51,129,102,95,83,82,237,112,195,238,5,237,105,9,124,96,52,100,217,209,42,223,108,142,123,164,134,70,240,132,223,64,218,55,206,182,31,40,245,221,173,17,175,128,248,21,135,119,72,150,189,187,104,230,224,127,135,88,240,137,216,206,37,187,32,175,35,3,19,28,54,250,89,198,202,147,167,8,19,144,224,105,203,67,65,133,127
253,55,24,202,125,147,40,41,79,156,218,18,185,10,36,141,30,221,124,151,86,59,61,9,79,199,215,207,179,207,47,76,141,52,0,84,98,213,247,252,83,135,76,101,81,180,91,173,138,19,13,73,109,104,99,244,172,165,29,51,39,169,241,163,192,102,158,127,147,196,230,133,137,69,225,246,143,62,213,226,249,191,242,57,89,52,64,182,11,6,77,115,171,28,143,113,109,88,93,144,230,4,27,93,34,10,146,21,188,124,189,254,3,40,116,52,140,81,121,220,53,98,37,27,118,184,123,212,127
159,149,202,155,58,45,223,134,70,232,169,235,163,58,205,45,97,145,101,191,83,42,230,250,239,100,185,228,93,149,16,15,124,186,148,218,228,97,44,53,55,164,189,241,116,68,161,207,42,127,145,193,234,181,237,183,89,115,203,13,156,188,217,234,130,81,27,244,141,162,43,133,83,241,84,191,126,162,165,38,122,210,50,28,96,235,18,121,2,227,103,15,83,7,220,224,241,237,17,201,243,155,39,28,181,84,197,158,192,43,66,225,8,160,105,93,10,182,220,21,45,72,180,111,41,141,175,245,127
150,55,70,227,175,128,65,63,92,210,233,97,97,172,88,77,93,222,52,105,224,91,99,102,150,132,27,86,163,201,184,233,203,230,50,185,129,202,65,88,78,104,116,113,60,3,164,15,79,149,48,86,168,209,124,170,59,98,20,157,55,199,218,93,204,36,241,46,147,208,186,229,197,231,117,200,134,4,43,98,170,159,96,244,38,110,162,88,117,251,125,110,246,61,122,248,32,72,121,173,108,29,187,57,247,53,8,15,133,111,50,113,165,180,167,19,199,113,241,94,60,72,179,77,4,223,38,170,127
186,93,18,43,74,46,142,2,79,228,135,238,153,40,140,165,195,50,54,245,13,49,130,170,241,233,100,205,187,64,163,50,179,230,197,226,173,206,54,53,42,106,223,152,70,14,27,50,229,228,165,237,54,130,115,164,115,198,21,59,199,169,2,234,247,208,100,161,55,111,226,4,213,148,60,156,106,160,111,96,116,27,44,61,225,99,46,174,163,68,45,179,189,74,55,118,234,212,59,154,56,199,230,182,209,46,202,45,163,15,173,242,66,107,162,10,167,82,161,241,210,24,75,83,166,99,14,239,127
62,161,147,130,59,13,104,111,147,45,66,202,142,66,37,72,173,181,44,101,156,150,66,199,235,229,130,65,42,180,75,218,86,219,14,187,103,48,49,108,5,49,230,252,115,173,236,143,82,28,228,191,209,48,226,243,128,227,197,248,77,107,182,132,164,117,179,225,156,64,232,53,134,36,24,63,175,141,169,20,26,92,113,250,42,136,70,224,223,235,19,230,230,157,227,225,114,195,224,49,34,30,112,254,160,187,166,237,140,147,229,218,251,177,189,85,53,55,243,100,112,144,52,213,92,16,88,134,127
72,75,11,183,185,42,15,72,217,64,229,9,108,138,168,30,232,2,174,37,142,193,42,7,168,215,248,43,214,217,142,130,197,88,173,154,117,172,14,95,80,229,178,103,97,159,254,113,121,30,31,216,75,177,6,243,186,252,244,150,141,31,123,18,245,129,92,64,100,141,0,85,41,9,198,165,253,8,249,130,185,236,147,170,84,106,9,157,251,24,251,227,94,35,41,251,73,44,127,79,118,41,77,139,176,56,245,249,75,191,31,53,74,60,60,128,125,238,233,120,23,228,86,92,37,190,76,97,127
220,132,118,217,246,152,223,207,16,247,211,188,170,75,33,136,15,30,144,34,67,136,246,157,53,208,242,74,92,37,74,154,231,14,36,103,70,169,96,188,34,159,5,134,243,143,110,33,179,99,132,51,164,190,239,203,58,95,151,10,82,167,187,191,27,61,213,120,171,208,12,149,206,35,40,161,66,232,98,97,97,106,205,173,2,146,148,154,132,155,90,126,137,103,30,248,149,55,219,2,69,85,198,58,110,97,79,217,107,188,96,29,34,111,136,216,22,200,193,45,130,28,160,117,132,160,205,202,127
5,123,137,220,146,13,142,252,211,209,110,90,92,27,38,235,126,159,85,225,151,125,154,66,62,250,177,6,83,83,234,43,39,48,33,16,237,7,83,124,73,179,180,109,180,189,22,201,177,13,226,248,16,164,240,104,225,45,66,78,204,83,160,193,244,192,75,86,138,56,97,0,1,97,146,244,194,10,194,6,118,56,7,119,202,81,241,197,90,21,155,204,78,235,130,236,114,160,230,101,153,114,76,70,14,196,220,19,143,150,31,62,78,113,186,131,54,191,187,87,212,125,45,63,56,237,55,6,127
207,237,139,115,92,88,61,168,211,76,173,103,216,2,164,27,150,136,27,110,117,0,155,59,161,173,140,13,130,133,234,149,95,251,222,68,177,103,3,79,99,28,100,5,210,9,63,212,103,58,232,102,63,74,89,158,70,202,88,175,224,111,180,114,3,251,89,184,133,44,49,91,213,67,66,74,165,222,43,248,47,33,215,126,107,12,207,180,62,204,72,213,195,33,35,159,140,47,74,233,72,181,201,224,172,10,201,63,188,113,174,37,184,152,16,105,94,221,239,188,119,54,39,182,249,2,34,166,127
28,2,42,175,38,213,132,242,40,198,243,121,24,148,218,6,180,229,240,132,170,229,220,229,145,67,249,15,114,104,43,62,86,157,146,240,237,63,163,252,244,246,13,202,17,0,233,248,4,58,17,57,49,80,247,91,3,47,80,156,254,150,67,116,138,163,105,139,29,162,205,233,12,4,220,86,9,36,118,29,46,253,12,215,150,250,99,82,16,237,36,48,131,210,70,168,79,46,239,70,104,179,64,201,86,125,217,22,56,89,75,18,3,79,237,214,47,37,223,47,241,229,14,123,139,252,200,236,127
177,49,45,178,140,86,104,119,75,234,125,74,244,6,22,119,236,25,83,185,37,11,170,110,181,229,165,127,161,67,23,178,58,69,100,211,84,207,214,214,157,98,120,116,68,13,98,239,112,100,8,243,64,123,67,69,247,11,27,24,234,152,74,243,133,37,164,134,79,17,182,222,239,158,106,21,196,167,167,167,49,142,27,235,182,26,127,68,153,192,231,88,45,90,208,150,64,152,164,51,243,201,229,177,26,186,182,237,5,40,232,149,44,8,23,218,243,214,240,3,31,184,94,117,194,153,118,126,127
209,168,81,211,21,199,243,155,53,60,178,62,14,56,36,206,66,233,155,69,57,90,129,252,163,139,179,236,45,231,58,208,213,138,147,177,28,220,13,13,39,152,158,141,224,219,16,161,182,184,183,54,137,144,81,148,157,237,39,73,57,46,211,156,5,72,116,127,148,140,43,144,47,58,240,208,251,248,200,222,149,28,244,145,253,197,151,108,231,136,222,204,38,82,84,140,154,241,197,119,31,125,31,206,137,92,162,129,143,89,153,203,62,233,92,179,102,8,32,125,128,187,200,91,146,128,58,130,127
165,62,126,14,37,225,204,163,153,15,145,2,24,152,105,133,27,232,165,157,153,157,39,106,141,157,121,249,220,129,101,187,231,238,162,114,21,51,166,54,181,192,139,41,47,32,62,134,190,100,3,102,208,183,161,224,204,141,202,248,26,232,114,76,174,230,21,80,98,116,154,22,101,84,223,157,183,240,60,157,250,48,48,213,228,50,171,3,216,79,75,131,220,138,122,219,67,67,210,183,69,179,71,187,184,239,243,133,132,101,130,81,225,57,10,155,109,127,54,159,77,32,129,163,11,95,209,40,127
92,234,41,5,38,122,104,174,15,141,191,134,64,131,128,84,88,230,144,196,60,6,209,185,166,173,219,10,159,26,22,57,40,164,46,67,230,73,107,38,92,92,158,113,156,50,43,181,199,248,191,223,176,158,127,79,8,191,191,173,144,89,72,74,123,51,220,55,24,144,209,25,233,207,186,44,196,61,180,87,59,186,237,248,249,154,203,109,78,102,61,242,39,73,83,245,179,93,208,228,25,92,131,90,66,145,25,196,170,101,244,179,214,203,100,105,92,147,136,139,140,143,73,47,25,229,83,61,127
149,66,212,230,66,28,17,163,6,80,44,52,163,108,100,66,247,123,67,25,16,231,131,57,172,25,89,24,196,167,120,202,39,82,11,153,24,158,86,221,31,130,54,210,149,141,57,179,132,44,114,209,160,111,49,83,123,139,146,66,38,25,69,140,95,224,31,199,181,24,66,181,196,122,51,70,185,82,163,130,68,87,96,32,248,29,73,166,22,77,122,21,2,117,70,206,56,243,164,5,240,51,47,82,161,185,123,201,42,148,122,217,164,250,22,35,50,159,157,215,226,8,11,9,77,193,136,18,127
223,43,174,113,219,250,45,186,138,43,107,215,110,139,251,179,101,252,160,35,65,173,244,102,244,85,72,171,154,82,178,99,173,40,164,231,151,208,199,124,232,37,174,238,41,76,205,154,120,237,121,195,231,168,159,81,30,35,155,182,232,140,106,144,166,101,168,29,51,200,240,207,215,130,114,90,23,144,98,224,196,53,197,60,188,29,41,12,174,129,153,238,60,76,86,240,54,5,33,39,71,21,68,81,147,116,164,253,210,187,59,148,19,170,58,202,149,53,103,235,108,201,224,37,186,239,166,33,127
144,181,3,175,149,39,239,240,170,155,154,238,45,146,77,166,129,248,139,14,154,218,138,206,246,205,205,164,183,241,15,45,231,238,103,46,182,125,203,40,130,211,218,166,17,240,201,102,114,171,18,85,62,82,246,155,183,222,63,28,124,51,79,132,92,88,107,160,61,186,238,160,127,68,168,80,185,14,123,254,191,137,156,118,228,231,79,204,44,13,158,69,191,83,39,68,165,31,36,150,137,210,130,87,166,237,243,138,169,148,33,44,252,89,131,10,169,63,9,224,36,168,100,58,223,8,235,58,127
161,85,26,127,222,194,27,242,163,66,50,161,223,18,58,82,204,81,36,134,44,239,116,222,45,172,13,223,100,227,41,218,141,182,181,254,252,107,22,210,158,49,167,120,128,210,166,169,54,211,139,162,181,175,125,151,4,205,146,127,202,36,142,30,192,32,192,143,145,129,228,243,2,169,165,84,45,208,188,204,5,23,249,53,186,222,12,19,168,215,160,21,69,113,68,188,144,32,13,65,191,161,98,231,70,17,156,216,22,98,61,242,160,57,250,182,249,203,161,207,1,78,108,14,207,20,185,241,127
156,209,209,130,154,183,133,82,214,189,7,240,205,112,154,87,59,153,208,100,174,104,27,165,245,94,201,120,45,179,153,247,201,41,164,202,175,56,196,79,147,44,93,7,118,85,11,23,47,168,188,117,193,7,46,76,217,186,236,136,130,230,114,20,41,191,155,103,203,30,107,179,8,128,51,28,158,55,245,250,73,77,108,207,209,71,65,125,182,190,3,129,99,248,242,23,133,203,225,240,240,177,201,121,202,74,243,14,247,23,240,249,50,48,100,63,88,163,46,213,181,79,74,131,122,57,90,124,127
250,74,59,20,9,28,42,20,118,176,146,93,127,104,50,0,153,186,0,107,27,62,201,58,57,105,97,92,5,21,89,244,57,121,100,69,190,164,75,157,110,109,246,208,65,210,100,68,204,213,36,229,43,2,186,84,105,106,167,48,209,92,158,186,130,7,64,128,60,252,170,64,117,56,74,6,222,4,93,172,161,113,88,1,71,20,48,100,140,32,42,237,203,32,132,186,185,36,93,30,28,93,204,209,184,76,93,141,17,40,88,26,235,90,193,121,144,233,243,154,63,130,87,56,136,38,122,204,127
72,232,66,21,18,155,19,19,128,61,126,62,192,20,64,41,205,83,208,157,218,117,71,47,60,235,126,124,23,141,165,200,47,24,128,22,15,217,196,95,26,160,90,210,175,29,214,201,19,39,100,102,229,11,213,157,141,236,97,87,18,245,206,126,106,22,71,249,175,70,5,101,199,109,77,150,222,95,151,219,143,220,178,37,149,225,74,32,202,110,183,122,41,206,197,207,195,69,121,207,110,224,79,68,171,39,50,186,246,158,134,179,202,162,156,33,19,177,164,25,12,16,254,107,56,241,15,199,127
45,123,239,12,103,1,5,145,118,68,227,60,149,110,108,16,228,205,240,95,45,215,68,93,195,167,22,175,250,149,146,180,101,100,90,54,15,42,241,97,61,149,199,129,105,125,38,132,17,153,106,85,147,221,29,222,63,34,227,122,113,153,229,115,232,238,235,211,103,222,235,62,239,142,18,88,38,221,231,164,32,84,1,187,82,42,178,245,116,122,70,85,14,4,8,106,37,217,144,200,166,171,71,112,221,65,212,111,26,42,80,156,118,77,115,33,156,63,184,132,215,16,139,59,232,220,42,101,127
61,188,240,98,136,78,32,132,60,106,161,137,165,188,201,125,142,220,247,238,114,118,230,245,112,143,236,166,45,59,20,154,63,23,86,11,213,28,112,51,31,227,29,161,224,138,152,177,39,17,79,25,152,227,88,128,32,92,201,28,142,124,89,168,23,54,162,112,19,0,106,25,155,228,119,54,3,205,114,70,158,68,40,61,11,130,165,210,232,251,9,36,92,199,45,41,74,92,236,164,111,93,221,77,16,180,41,92,117,3,153,222,104,218,35,194,132,52,116,105,251,174,199,199,187,15,55,138,127
146,146,235,109,45,66,83,249,170,247,108,41,52,36,206,191,246,70,221,97,36,13,212,138,205,199,229,113,29,234,248,77,130,202,58,195,0,79,27,128,71,192,53,244,152,192,31,37,241,191,227,153,190,90,219,227,162,191,229,190,211,188,127,142,62,152,221,242,73,76,166,141,55,67,120,225,168,100,2,209,119,57,145,181,13,252,99,107,89,209,143,119,43,169,85,234,136,209,50,173,162,13,152,153,215,148,14,0,109,28,248,212,27,169,45,102,231,252,152,74,227,78,118,13,66,118,71,172,127
234,90,181,37,201,29,9,73,117,135,46,248,241,14,55,148,44,3,8,12,49,197,118,24,26,48,213,156,27,74,15,102,64,86,91,216,50,13,92,121,227,140,227,177,102,145,133,57,41,162,43,7,200,24,133,28,112,76,240,253,200,137,45,198,36,37,231,243,204,172,163,97,231,134,157,171,161,39,123,168,95,64,6,190,87,73,197,119,12,82,227,101,212,205,221,249,95,161,24,61,237,119,6,61,71,248,149,31,236,215,212,241,190,116,110,32,17,60,238,148,183,33,67,190,54,87,243,122,127
161,175,65,127,188,89,84,97,65,143,146,197,55,67,154,42,136,248,177,163,135,132,235,99,111,211,114,8,185,106,248,115,172,208,4,250,224,7,41,232,98,198,93,133,249,24,117,252,23,241,27,252,116,172,35,234,147,12,114,116,220,35,205,251,241,25,190,238,190,88,119,242,1,142,248,60,203,156,47,221,226,90,185,34,246,76,149,25,63,181,87,50,46,110,175,33,237,135,53,19,239,203,134,107,223,172,39,99,21,120,19,110,3,2,29,21,127,176,140,107,231,38,104,55,72,151,200,125,127
3,153,92,102,212,173,198,46,158,131,11,94,185,173,250,8,194,222,134,3,144,227,194,126,215,7,106,58,198,87,217,123,192,18,36,73,173,22,240,39,91,204,24,17,26,136,116,60,66,168,155,128,124,54,224,8,178,208,125,209,8,142,238,25,183,101,39,119,57,160,146,112,127,214,247,103,152,188,80,25,195,29,181,134,19,229,150,17,182,55,5,42,232,163,188,122,61,19,21,225,56,190,52,74,23,84,75,25,165,15,8,180,32,94,75,164,66,225,245,115,149,103,196,208,203,72,147,194,127
100,86,67,62,193,213,205,100,236,142,18,64,34,158,105,194,129,189,188,9,87,0,27,84,179,12,210,36,69,57,178,76,205,107,206,136,27,119,14,199,232,148,233,104,10,213,252,39,203,109,139,170,148,115,9,134,77,59,167,165,83,156,49,109,230,125,76,3,208,38,163,198,155,62,18,163,174,108,120,11,129,49,89,163,19,40,33,240,69,204,68,28,183,138,75,26,6,89,13,0,36,144,20,46,139,105,125,13,66,175,132,165,131,206,155,113,45,252,15,129,203,38,121,163,120,210,25,226,127
48,49,52,175,160,67,100,118,189,143,125,144,153,100,222,197,216,60,198,42,205,168,204,122,91,204,30,117,215,172,155,46,241,195,58,55,143,26,54,143,20,126,32,190,201,125,107,76,233,159,51,73,146,217,76,115,226,177,183,0,49,39,182,206,91,180,90,49,249,181,236,139,19,83,217,29,30,196,115,42,148,178,33,6,31,16,160,69,179,105,67,45,189,225,179,182,100,239,6,122,70,115,64,155,105,43,35,16,143,150,148,125,149,219,138,171,26,206,14,252,163,197,91,186,47,145,227,252,127
76,48,238,181,250,226,85,81,47,200,102,9,175,48,63,49,7,129,220,139,25,91,94,79,1,7,157,61,213,188,156,139,243,148,251,20,50,94,85,72,207,107,116,52,41,122,233,56,57,171,133,22,129,56,187,58,177,76,114,51,38,213,156,246,145,24,117,158,190,199,168,76,43,163,213,91,30,180,171,240,89,109,99,137,113,153,134,102,136,227,124,190,133,106,156,223,200,188,91,53,210,102,237,106,61,83,32,21,12,245,124,122,217,131,134,154,97,141,7,243,239,61,209,93,235,54,230,225,127
209,85,184,22,76,154,45,159,134,230,243,104,28,191,4,3,48,56,201,22,137,107,150,218,159,211,89,224,227,127,223,154,64,180,145,48,172,103,19,245,239,91,57,215,14,126,51,129,241,164,146,197,23,172,71,10,16,127,88,28,136,150,133,7,248,42,217,221,103,87,236,5,252,20,130,171,217,75,114,115,218,175,116,237,88,78,165,154,151,38,26,51,176,49,173,45,16,32,176,43,14,205,0,33,214,131,52,165,105,111,94,88,88,15,118,229,26,164,78,7,39,166,54,207,49,142,232,239,127
217,198,183,20,19,42,34,247,179,80,188,238,198,57,100,154,87,6,195,91,69,44,114,246,250,31,80,214,73,37,171,247,239,44,228,70,183,126,177,134,11,186,56,33,62,141,115,93,46,145,212,5,15,226,237,209,124,38,36,198,203,161,175,41,45,142,204,9,109,32,201,34,72,124,140,23,152,8,147,239,161,71,254,13,135,12,92,34,68,154,37,244,207,58,201,246,124,237,249,209,10,177,243,177,141,158,198,158,149,45,187,19,20,106,152,8,132,248,15,40,162,39,47,59,84,224,14,7,127
151,32,9,43,181,244,235,122,166,152,18,66,224,126,90,40,195,6,231,44,66,188,55,112,239,110,156,61,152,77,193,117,216,245,34,30,143,83,11,144,224,213,28,251,122,233,55,186,249,177,127,11,62,15,253,113,243,141,28,246,76,4,91,174,213,42,22,14,214,62,28,40,165,122,57,25,229,181,2,133,17,1,164,57,3,116,142,61,138,152,224,102,174,93,69,40,192,240,201,230,214,191,138,54,77,253,136,65,218,145,14,116,147,22,67,162,213,167,187,172,192,184,52,16,133,144,155,136,127
217,147,134,158,146,144,3,222,189,91,26,248,11,0,51,244,104,120,64,163,228,99,150,97,242,173,50,51,221,246,130,182,156,100,117,95,49,127,65,223,247,243,252,46,103,199,3,9,253,16,175,111,180,226,9,168,170,73,80,219,62,84,65,24,125,177,245,82,132,241,195,202,180,83,190,89,133,204,201,194,147,167,158,38,139,170,217,222,8,57,178,60,77,28,20,183,45,181,80,125,81,13,209,97,87,240,113,94,100,40,234,37,12,99,37,168,138,99,49,208,44,50,1,104,171,95,113,61,127
161,223,19,165,51,194,214,251,43,74,122,42,52,45,129,81,136,187,83,53,244,161,80,6,245,171,143,113,207,147,137,54,149,33,118,81,70,49,14,90,85,123,34,69,180,181,144,120,175,134,191,232,104,113,196,14,184,49,96,225,165,130,195,122,124,137,45,253,66,32,99,172,85,146,15,31,189,61,132,17,226,149,212,176,253,35,27,216,73,36,35,174,87,60,68,58,60,31,247,173,118,97,72,90,50,73,227,35,126,164,15,30,104,210,32,123,39,105,225,205,237,91,123,61,101,185,49,115,127
211,238,195,244,140,51,161,91,211,177,8,234,200,162,83,209,48,193,78,237,100,197,59,175,242,152,176,220,212,153,57,154,151,175,113,166,129,203,110,41,94,61,33,6,220,130,107,237,21,124,231,148,110,11,52,248,146,68,198,26,236,146,199,36,133,33,1,207,109,12,29,59,29,193,132,62,144,148,38,186,55,198,240,78,15,121,141,104,139,12,68,213,15,132,141,198,185,193,190,26,31,66,79,214,121,218,217,73,117,217,108,51,136,85,28,27,181,214,89,44,159,160,162,204,88,129,252,211,127
72,57,122,26,253,31,64,76,166,240,224,227,45,33,93,140,243,28,90,217,248,147,12,80,158,151,139,180,104,253,81,120,58,154,209,205,148,223,42,67,214,49,141,117,55,33,207,178,134,70,196,56,243,69,0,238,214,234,5,178,241,232,147,20,150,201,192,227,230,39,18,252,215,215,138,181,98,99,1,216,199,217,4,38,105,252,67,55,110,24,112,40,137,104,5,134,48,41,23,39,47,54,115,60,10,167,197,105,35,111,224,239,158,54,151,198,237,238,146,69,134,83,173,10,197,10,86,60,127
21,169,100,190,78,132,33,32,246,198,136,248,96,10,65,240,3,227,33,219,167,250,111,130,235,12,40,198,110,199,22,227,25,173,80,172,115,202,170,217,47,47,94,36,177,24,248,108,241,131,75,206,88,216,251,180,28,80,97,168,36,173,79,171,200,153,57,7,15,240,238,200,165,251,114,17,220,50,37,76,25,212,164,126,15,231,239,163,121,65,96,56,36,144,2,218,181,51,251,3,197,206,246,184,247,24,115,57,213,239,200,183,23,193,24,206,160,49,22,175,209,223,130,102,139,153,245,112,127
97,17,186,193,43,231,165,181,222,186,132,244,102,201,116,98,214,77,48,254,124,125,48,166,173,204,187,1,43,166,155,210,198,118,62,37,107,134,41,250,37,199,5,194,67,96,32,160,37,192,186,239,229,82,41,217,73,84,155,59,204,136,140,161,98,243,175,181,182,138,215,142,249,164,58,125,38,82,180,168,9,36,21,94,84,12,67,47,11,145,17,208,200,176,25,145,199,85,238,63,150,153,77,206,152,207,86,79,93,203,229,162,70,203,166,223,35,105,248,251,47,86,154,32,145,168,118,178,127
245,104,17,244,216,17,133,237,186,231,112,3,53,174,128,23,41,95,218,229,157,138,81,172,194,99,182,56,213,129,114,201,152,222,210,109,237,90,244,135,31,135,36,81,182,95,182,239,62,193,231,193,53,90,230,166,174,24,124,103,84,115,210,13,40,59,186,124,45,228,37,169,212,21,156,115,23,202,81,31,239,138,129,84,206,177,223,116,220,151,174,213,65,149,235,102,69,43,159,54,130,101,16,83,102,90,5,80,19,196,65,52,184,94,106,69,80,128,5,45,218,226,148,2,105,212,19,199,127
126,65,213,77,239,23,68,50,238,180,52,103,79,17,205,105,137,134,170,44,45,161,253,254,167,39,107,132,66,126,110,180,130,5,73,177,27,214,221,215,174,177,222,175,151,143,173,19,43,188,117,191,69,89,38,75,19,26,98,188,87,217,154,203,215,210,59,171,196,180,244,85,134,50,72,27,94,91,205,126,65,160,157,87,11,15,218,163,31,52,94,226,239,104,202,220,4,149,111,163,4,241,169,145,53,18,4,25,7,45,173,86,125,140,220,139,130,241,222,175,246,35,112,213,69,53,116,173,127
110,171,139,233,16,110,129,236,136,121,6,69,147,233,244,135,98,55,242,186,212,147,71,35,19,200,49,234,95,16,140,205,90,158,118,108,60,47,101,240,21,96,61,141,139,98,65,223,220,234,194,159,66,214,142,139,162,211,71,42,246,109,182,162,144,70,204,138,74,215,165,220,172,43,223,117,85,171,182,225,230,236,125,239,170,216,13,138,151,28,128,49,21,65,164,109,140,4,231,0,205,66,227,80,198,142,35,128,126,238,106,176,72,226,74,64,138,122,200,235,176,146,46,230,195,127,148,166,127
212,227,56,110,192,116,96,35,150,13,155,96,169,235,198,182,195,154,15,162,60,36,77,213,123,52,24,67,88,188,113,85,166,55,229,173,36,243,69,78,162,62,137,112,90,188,33,175,91,37,219,45,53,131,25,109,204,193,59,57,80,19,237,207,67,14,17,218,244,228,224,120,12,137,41,112,50,249,5,214,92,151,17,238,31,238,6,75,38,199,242,126,146,159,2,20,237,57,105,224,228,83,220,149,13,11,235,246,62,26,227,9,235,178,153,253,185,192,102,79,40,182,149,112,53,142,84,12,127
14,174,250,14,110,123,198,129,69,12,94,186,66,223,50,186,41,134,113,217,161,8,77,81,34,242,107,247,56,175,228,235,4,16,135,232,214,62,31,237,126,25,96,143,130,132,239,37,52,164,96,253,70,165,45,28,76,127,145,86,86,167,245,228,39,20,116,118,10,74,251,153,34,166,149,163,104,13,11,1,127,153,217,136,156,215,115,212,144,100,254,128,244,144,161,243,34,182,57,143,235,230,145,209,17,102,16,27,249,62,182,119,244,213,235,126,184,41,84,58,154,174,204,48,7,69,111,234,127
0,240,77,154,50,54,7,49,236,16,23,171,2,29,140,9,186,80,133,156,208,247,116,17,137,113,103,101,56,128,127,108,80,144,242,86,198,27,190,144,254,79,31,74,39,143,69,249,58,14,159,29,115,206,17,57,203,38,120,30,23,190,191,145,253,174,191,39,43,136,219,225,239,24,172,237,120,146,202,172,126,62,15,36,149,97,180,17,25,253,64,141,31,8,151,126,132,190,203,174,244,1,119,227,247,129,175,233,237,186,181,169,84,22,173,224,108,67,93,120,231,109,2,74,216,156,229,125,127
229,109,31,109,18,238,27,194,128,206,234,233,156,182,24,213,85,194,38,76,76,40,104,162,179,200,51,249,76,129,219,226,25,187,213,242,239,188,204,183,169,220,215,32,152,11,64,140,13,74,224,99,28,202,109,209,231,90,112,228,96,51,100,241,89,36,141,110,57,198,206,14,11,54,200,145,129,102,115,254,102,195,230,162,238,221,147,86,109,193,184,207,165,233,66,98,53,249,212,158,155,103,51,154,107,16,150,8,62,85,66,105,127,52,55,64,254,89,148,142,110,8,8,62,73,6,245,201,127
165,110,49,235,181,247,239,232,134,132,226,85,240,217,10,248,34,39,49,199,201,83,113,193,103,32,19,226,66,132,94,191,6,68,38,50,110,184,19,37,6,135,43,233,81,16,252,104,136,4,171,46,183,150,87,10,74,3,240,39,133,199,199,63,234,174,169,167,93,98,71,21,236,251,149,56,101,227,14,98,63,184,147,21,9,128,137,198,59,103,61,73,28,143,102,246,7,166,207,251,130,138,197,12,95,190,193,81,139,90,160,178,161,47,142,110,174,141,85,245,123,146,24,25,18,220,234,45,127
218,2,25,237,118,250,188,182,208,109,83,67,130,206,89,207,211,202,26,103,188,11,162,162,19,253,244,130,62,49,60,226,227,96,233,219,227,183,112,184,1,2,56,125,9,127,26,175,243,143,222,105,113,197,3,52,164,174,145,17,211,61,53,172,213,214,106,104,237,50,231,209,239,54,173,56,251,64,57,122,208,131,208,40,42,148,221,8,88,13,159,23,134,137,90,218,228,216,143,184,191,14,12,195,217,123,162,189,53,80,120,55,72,220,221,153,126,34,160,43,206,185,124,148,181,92,175,83,127
9,68,170,166,166,240,196,107,153,83,27,92,81,238,96,140,137,14,36,143,150,245,194,149,33,224,220,110,88,121,157,238,225,173,213,119,200,88,204,69,104,63,107,204,103,212,34,35,209,6,107,254,67,44,199,248,186,3,245,217,173,104,149,122,185,17,116,106,195,233,144,177,136,153,216,87,166,234,52,108,88,38,210,241,205,107,221,220,104,242,199,221,75,226,241,147,199,126,187,139,136,117,155,45,246,53,135,183,164,6,202,59,244,165,215,184,33,148,51,147,220,161,144,104,14,117,7,191,127
197,57,186,178,7,145,186,107,121,157,157,16,141,208,111,39,200,129,116,183,231,218,228,74,154,58,72,99,102,225,56,194,127,206,71,208,1,90,199,39,35,4,59,226,69,8,31,88,50,87,168,123,152,109,33,229,243,65,218,139,11,174,79,236,79,149,128,164,49,76,30,227,188,149,74,159,15,204,101,96,191,155,191,202,115,175,115,118,17,95,99,201,37,98,30,41,60,246,10,246,99,48,203,149,129,58,102,98,196,35,158,218,30,70,183,87,194,177,148,17,176,12,27,85,34,33,68,245,127
128,36,61,3,73,39,229,237,132,57,163,104,252,138,249,241,23,60,226,17,191,181,43,199,139,123,204,167,55,149,118,53,238,184,189,58,118,166,105,212,240,17,63,70,186,92,126,19,158,184,182,209,187,252,142,222,129,222,190,160,82,35,129,46,208,85,53,143,24,156,206,109,195,150,73,136,69,174,191,107,188,166,251,193,105,151,84,229,114,147,226,152,66,246,47,225,72,70,160,217,56,66,172,127,169,121,179,198,180,242,59,146,171,245,163,134,1,193,60,8,215,87,226,116,103,245,175,3,127
21,21,82,11,105,90,183,46,39,17,157,79,127,188,126,254,149,100,208,119,61,169,52,21,189,40,10,13,85,43,59,95,49,124,6,242,187,184,227,44,43,217,62,241,42,171,58,128,124,95,231,87,230,137,176,177,56,141,74,25,132,190,109,106,217,238,162,209,34,12,140,173,23,92,102,6,245,218,172,115,72,25,24,224,177,178,83,88,48,44,238,103,62,158,81,223,59,194,130,84,90,117,246,40,198,186,138,99,187,201,172,168,244,163,16,145,120,23,86,195,185,35,86,112,104,6,137,51,127
250,230,169,19,236,26,142,116,136,6,167,254,243,132,116,114,221,48,211,34,238,66,128,100,194,119,188,88,21,183,232,226,78,193,160,115,154,238,157,133,198,77,230,114,111,40,216,21,8,101,21,60,199,158,222,216,156,242,31,166,160,117,213,62,177,93,12,245,235,12,99,240,90,42,56,52,19,215,136,225,34,80,80,213,214,95,146,135,75,133,228,57,114,89,79,12,44,177,140,26,178,120,193,64,86,177,162,220,208,180,121,47,111,68,9,3,226,185,54,56,239,97,188,249,96,200,160,137,127
80,197,228,98,148,168,21,247,208,143,66,85,213,139,147,248,195,127,165,65,228,250,246,180,108,178,235,32,54,104,228,17,107,38,26,211,9,204,244,237,20,88,146,77,116,133,202,23,142,2,245,51,211,198,14,103,52,251,27,107,251,127,9,28,161,203,159,249,212,206,14,36,57,225,124,34,164,161,3,233,46,15,8,64,230,106,232,96,194,111,138,116,8,119,186,23,217,191,53,151,123,2,116,143,125,62,101,137,253,148,64,96,14,237,163,74,190,24,215,162,31,1,187,108,14,16,252,254,127
34,117,25,130,229,237,144,34,85,8,140,69,153,91,202,127,10,197,68,212,182,188,68,180,211,199,175,163,44,63,251,220,9,207,163,233,180,101,138,56,86,111,101,123,125,222,150,253,241,85,213,1,242,177,215,208,238,102,195,54,103,193,96,25,239,100,34,247,202,203,77,29,230,152,50,152,53,64,5,197,165,85,215,231,27,128,161,75,17,15,62,208,252,198,109,99,2,142,147,153,12,81,182,53,211,219,125,111,199,36,44,34,21,108,92,218,158,125,8,58,38,44,105,171,109,79,244,236,127
68,60,224,139,193,86,34,187,235,146,17,60,94,112,154,203,11,111,57,81,241,108,43,182,29,135,55,192,122,30,234,247,173,110,62,250,70,194,208,94,142,72,187,88,160,89,105,68,174,199,212,39,84,232,138,225,206,88,226,137,130,163,140,211,174,172,239,42,21,252,211,106,207,147,36,202,85,180,205,118,192,187,232,80,15,200,39,75,201,216,157,226,141,218,30,34,78,143,182,161,22,61,193,244,95,123,218,111,246,194,76,141,224,239,140,31,25,11,188,218,247,160,85,100,46,91,232,192,127
96,230,67,171,238,105,231,80,156,144,120,154,26,27,157,109,47,22,51,2,22,178,147,29,3,218,116,87,16,151,136,232,93,84,225,212,151,79,44,60,166,40,85,157,198,11,217,210,213,155,59,219,40,219,203,112,0,79,47,90,174,73,67,18,66,129,45,178,176,66,16,195,134,156,72,196,191,138,59,15,48,12,138,119,206,49,217,0,170,126,164,21,118,112,122,139,207,3,204,165,154,196,133,130,58,164,3,137,133,173,82,69,112,41,220,232,113,233,94,229,251,23,41,116,254,173,205,83,127
25,128,34,165,181,128,7,170,43,106,230,90,23,5,40,92,68,242,221,207,166,156,68,28,145,189,55,14,233,171,83,166,47,121,221,192,159,215,90,171,134,131,54,253,43,176,90,136,50,161,165,36,151,177,252,21,74,87,60,83,53,175,35,199,3,77,205,155,184,227,142,142,213,192,159,172,211,18,162,208,108,198,161,197,87,202,64,29,204,158,79,153,36,5,44,11,36,77,148,26,178,85,1,35,101,123,167,134,192,228,134,45,201,199,197,52,168,107,252,146,62,31,31,5,238,4,210,186,127
188,25,245,62,174,132,136,149,20,228,24,38,101,61,224,233,92,71,180,119,26,138,226,137,11,155,63,165,31,18,32,110,62,126,199,115,20,161,157,23,26,149,140,237,72,239,215,183,231,165,20,187,178,112,168,206,53,4,31,44,148,144,69,251,95,12,28,116,130,28,136,162,236,116,11,115,159,237,114,87,78,14,102,171,190,170,93,37,212,45,100,99,168,63,245,52,55,215,144,194,159,254,182,208,165,158,0,137,154,200,45,68,181,23,4,105,48,246,78,32,15,165,46,82,133,94,4,211,127
161,5,17,52,229,97,70,5,11,113,153,154,136,65,158,79,30,49,80,142,73,50,33,124,155,241,148,20,38,249,192,66,68,216,165,140,49,163,65,55,64,22,122,195,163,198,160,60,226,23,171,154,39,230,28,237,208,187,6,95,23,46,202,234,103,230,141,104,0,239,168,102,199,30,187,248,53,125,172,100,25,116,171,13,170,144,12,27,148,230,224,13,248,72,115,39,61,178,20,52,243,57,49,216,84,51,121,229,133,232,174,28,227,73,252,93,210,19,61,106,19,138,37,36,190,9,240,231,127
97,136,100,150,164,105,111,40,208,238,75,31,11,162,69,128,37,47,141,156,110,233,211,201,143,87,19,205,88,180,75,244,174,197,129,169,57,105,39,105,67,114,153,148,107,26,133,175,169,57,194,190,81,199,139,120,251,10,200,154,232,157,3,206,113,240,238,11,110,90,32,250,116,23,83,142,117,66,213,240,89,23,192,147,121,60,251,143,195,27,180,219,226,238,188,116,121,18,111,100,210,90,74,199,138,224,44,251,222,4,68,43,201,243,247,10,222,87,128,238,126,129,202,166,245,174,197,157,127
164,213,90,55,123,23,78,235,164,76,70,168,229,195,147,81,207,35,224,165,200,4,34,141,197,195,1,112,108,47,157,106,179,233,22,205,20,63,103,49,91,246,229,242,229,86,176,16,164,73,62,34,62,52,53,29,227,132,196,98,250,148,237,214,69,214,198,19,158,166,99,178,74,41,218,121,231,202,215,96,209,177,176,11,2,217,209,73,188,188,249,8,19,87,124,61,154,8,85,132,164,2,67,16,181,8,186,217,68,117,40,26,56,145,164,152,162,25,3,217,178,105,94,193,9,77,97,193,127
227,131,73,67,38,15,168,28,114,170,66,50,88,125,250,8,162,125,146,176,200,233,115,184,212,224,166,209,105,167,64,236,8,158,88,167,28,48,248,31,0,225,56,6,174,246,212,47,13,47,42,150,135,185,85,52,162,141,71,131,36,130,174,148,199,116,15,62,44,209,194,248,52,61,46,23,155,47,20,252,115,31,21,7,138,218,134,170,143,162,26,156,61,156,170,225,189,159,182,61,196,98,128,167,215,110,64,83,238,218,51,192,253,15,233,152,34,67,184,151,56,244,227,189,72,98,137,40,127
61,10,42,115,134,241,152,169,231,133,247,166,184,210,160,173,56,154,45,201,52,39,150,228,214,216,254,79,192,176,93,85,46,83,74,251,128,246,73,173,137,254,252,31,116,210,0,147,108,37,229,145,19,251,216,81,96,89,252,5,245,66,139,90,35,150,90,13,189,79,240,250,160,67,16,242,134,43,186,239,134,109,37,37,150,175,247,114,75,227,168,237,82,35,217,162,238,112,34,95,72,249,109,167,65,161,238,111,132,200,141,126,161,184,15,208,41,26,60,107,147,168,122,245,56,10,181,120,127
228,59,34,64,246,137,1,122,16,225,57,114,118,17,7,128,137,216,153,212,216,89,151,210,135,34,177,234,1,222,156,40,251,2,165,163,217,193,189,88,35,93,80,11,251,241,237,124,32,60,180,62,108,219,131,236,241,178,160,253,109,219,181,171,12,38,126,114,16,178,251,36,35,101,121,217,27,105,130,96,191,222,76,113,106,27,115,66,184,3,155,197,223,206,73,0,204,52,69,111,75,87,90,183,186,12,239,155,68,111,146,8,27,201,148,232,221,124,158,226,128,159,196,207,60,99,133,250,127
129,114,220,133,129,198,36,160,186,65,135,253,236,210,173,89,194,211,49,51,92,99,193,83,224,19,100,168,100,104,92,110,147,58,127,23,141,137,124,97,152,71,235,211,52,169,215,191,15,213,182,195,153,143,62,170,237,88,153,140,174,155,145,194,166,29,77,61,188,178,21,218,68,253,132,138,71,36,20,67,210,121,173,196,166,32,0,205,124,172,7,98,188,99,102,186,154,50,138,124,6,22,205,249,26,196,126,84,230,254,72,202,186,80,112,137,0,203,207,22,51,198,156,181,2,196,140,151,127
89,28,19,127,66,128,31,172,16,85,66,164,190,162,25,196,2,150,108,179,182,242,167,32,181,242,162,54,83,253,15,51,25,202,147,35,48,44,252,44,164,184,199,211,223,43,174,233,68,176,186,21,145,239,118,200,169,108,181,36,249,192,148,82,59,42,174,126,40,12,162,150,68,187,147,165,37,107,112,229,41,23,88,38,11,35,55,198,231,239,140,52,93,120,72,6,235,125,248,95,144,159,99,2,82,115,72,51,229,71,239,222,84,30,48,13,40,87,98,16,128,250,5,116,80,35,164,119,127
116,102,233,2,61,48,33,137,253,70,57,89,30,228,177,8,7,48,242,126,158,116,148,67,251,113,95,33,29,89,91,152,29,91,218,87,29,192,130,159,81,145,188,67,101,49,35,182,141,175,128,36,32,192,110,166,16,109,179,157,189,253,82,101,188,152,131,192,210,107,202,83,116,65,111,101,76,136,197,164,116,110,66,197,190,228,193,216,62,47,161,185,168,185,201,5,6,244,182,167,120,75,7,60,160,115,233,27,129,234,142,34,31,72,120,235,188,131,101,241,143,84,182,170,171,238,88,36,127
54,21,94,238,59,80,93,78,246,41,28,79,5,48,69,207,83,230,165,251,185,97,81,15,228,80,43,7,55,45,17,2,219,31,138,16,127,108,179,42,96,183,198,86,151,53,202,167,93,240,191,121,70,249,15,212,115,128,136,31,225,88,220,218,110,32,167,119,1,234,101,96,192,107,31,26,40,31,143,221,57,6,161,8,18,184,233,80,154,115,113,86,127,30,5,84,41,3,114,198,141,64,157,163,105,180,163,211,223,9,151,53,84,249,131,59,2,12,187,79,138,26,90,53,9,167,240,70,127
8,186,3,35,119,59,132,200,113,151,110,199,112,206,34,151,16,22,115,218,188,125,213,38,29,187,184,77,116,234,110,192,198,133,231,240,189,169,112,8,224,0,23,141,96,147,234,229,155,97,130,115,34,36,60,187,169,139,67,164,34,154,48,109,99,119,81,63,252,111,57,73,208,70,54,54,79,225,142,38,35,242,211,63,52,16,38,238,131,202,210,185,142,146,1,77,217,142,217,213,198,73,76,183,26,37,62,42,162,47,29,236,47,49,235,47,28,102,214,31,164,0,102,51,226,11,152,242,127
35,244,169,39,70,47,221,203,134,119,61,182,175,91,37,216,180,252,75,147,127,170,207,66,183,24,111,203,163,117,196,173,114,178,49,224,237,250,146,154,15,118,113,187,33,225,198,250,128,143,214,182,2,187,190,75,205,90,56,122,84,18,158,175,162,145,171,245,112,128,144,161,2,118,37,166,251,204,183,105,51,87,59,171,29,129,232,114,97,69,224,186,156,217,145,216,210,45,207,164,238,63,15,146,212,253,127,54,1,180,172,55,235,152,158,74,1,77,216,125,102,84,39,180,195,186,98,141,127
139,165,63,67,68,248,241,159,198,149,165,238,205,168,225,74,89,215,249,151,136,212,110,223,121,244,178,180,153,243,115,0,73,230,81,16,162,79,36,239,34,98,231,40,80,162,52,159,134,103,6,63,211,230,234,109,28,236,157,161,101,71,46,161,49,210,195,176,206,242,190,27,207,152,44,100,219,64,156,120,20,71,169,152,87,71,180,90,43,5,10,33,105,251,218,101,129,251,176,44,90,36,105,17,88,61,173,189,115,180,214,176,6,226,117,140,55,191,85,212,121,176,38,221,241,121,4,8,127
169,144,17,48,243,95,243,234,57,249,56,249,30,212,176,74,137,22,179,199,133,138,36,52,150,174,61,31,53,188,156,197,125,192,185,1,74,7,43,101,179,170,111,23,204,117,151,228,97,208,153,140,73,14,241,170,62,33,252,165,22,174,79,138,236,81,178,99,133,246,100,248,146,74,26,136,174,243,74,70,125,222,45,164,108,227,217,111,203,191,84,135,44,252,117,101,107,122,216,100,96,77,59,52,59,206,163,2,55,37,168,23,182,216,3,250,48,216,84,19,105,228,233,38,189,10,187,153,127
187,98,11,199,18,218,3,6,101,200,254,112,173,58,117,163,220,150,70,97,247,227,13,169,235,196,232,7,143,92,190,230,18,54,182,24,174,168,183,222,87,75,126,176,177,48,64,172,217,230,254,132,142,174,33,0,115,104,75,185,82,250,177,104,90,211,78,145,252,63,99,230,152,157,99,201,52,164,245,70,180,39,156,225,243,128,109,149,110,236,100,26,105,231,200,87,173,116,123,214,10,154,125,101,202,234,100,110,186,167,248,49,108,33,193,49,47,178,172,230,36,83,197,230,85,234,250,67,127
91,76,171,35,69,89,99,225,243,15,236,27,138,233,156,125,21,245,115,10,167,154,55,94,191,144,217,152,223,164,124,83,24,179,72,199,143,95,21,253,147,221,187,211,98,208,242,150,64,142,147,165,183,115,161,15,173,141,234,114,38,24,114,76,29,145,228,132,6,131,152,225,250,136,15,117,56,72,10,186,71,112,237,140,178,37,190,64,62,78,81,197,124,7,72,205,89,149,48,205,38,228,205,22,242,229,75,210,5,117,155,114,213,66,110,173,246,241,74,26,202,209,18,211,233,112,161,46,127
25,131,133,222,195,107,99,188,180,17,129,227,238,121,13,133,196,172,155,113,97,90,1,156,178,105,31,86,115,129,70,219,147,70,154,177,135,237,41,244,184,158,154,30,117,155,200,44,226,119,180,118,35,53,217,169,104,78,210,224,244,79,217,179,67,254,83,217,60,52,206,31,194,241,246,182,180,251,60,26,172,252,187,230,71,99,115,172,190,91,83,224,105,99,48,224,150,235,211,122,142,60,209,228,245,215,177,172,237,60,104,48,207,142,34,166,70,59,43,45,153,217,138,115,136,220,252,213,127
55,62,117,149,236,92,54,240,169,160,247,23,142,171,16,195,221,206,89,54,225,27,26,63,82,142,81,221,114,131,8,247,182,172,147,236,120,61,55,68,48,78,128,18,220,8,52,224,171,196,57,153,217,93,220,101,83,127,55,55,162,42,174,60,238,93,236,79,85,109,160,198,218,223,98,156,174,178,80,90,15,76,188,98,19,71,168,214,196,167,157,74,80,82,154,32,86,210,95,26,19,95,119,12,220,158,50,17,154,161,112,11,67,237,101,114,252,17,109,66,189,232,154,18,133,250,113,28,127
116,20,239,230,145,221,128,143,64,203,100,140,185,191,148,48,234,67,45,78,29,236,165,102,186,37,53,224,57,119,55,24,181,124,6,0,118,41,173,23,27,58,169,48,103,126,100,242,37,140,167,88,254,129,117,92,194,1,170,37,124,82,19,109,44,80,5,184,197,121,140,82,151,198,1,246,24,56,121,39,80,145,66,222,209,99,70,157,70,53,0,88,124,80,243,189,168,184,109,96,143,79,82,47,251,58,218,137,60,226,194,162,89,149,234,127,180,10,104,125,242,43,66,47,49,247,137,124,127
185,72,185,12,191,0,170,212,246,225,7,10,205,20,65,221,116,57,96,8,2,226,155,97,173,219,209,202,109,29,146,135,187,37,172,0,167,135,216,211,5,56,139,242,8,144,97,51,58,221,248,110,31,250,82,49,195,151,71,191,40,199,23,231,198,180,49,151,79,197,73,235,34,234,81,53,68,89,190,179,36,107,249,155,243,85,232,212,56,184,124,175,226,63,90,168,217,36,204,99,13,131,113,111,154,152,124,65,242,129,66,120,5,162,226,84,140,87,71,187,33,224,159,156,150,63,151,229,127
130,114,62,194,33,88,188,88,207,161,13,134,117,203,146,62,205,6,203,80,174,206,20,229,151,106,117,219,42,168,242,135,36,187,243,233,223,106,165,36,214,80,11,194,187,235,109,58,190,184,114,146,86,147,201,91,59,12,60,131,198,125,189,238,188,100,68,44,134,133,173,53,241,64,196,141,111,69,143,24,250,34,62,39,59,250,146,32,127,129,147,52,142,82,206,96,61,31,217,119,243,127,27,46,219,97,176,154,220,80,84,6,212,63,204,192,70,134,193,241,113,70,227,253,234,241,14,9,127
225,46,34,43,116,142,48,225,217,144,194,249,8,5,62,20,49,155,43,214,47,19,253,94,123,222,79,69,102,133,96,240,40,108,97,192,198,230,175,118,177,116,149,171,205,148,251,116,254,163,128,188,215,195,236,160,7,113,176,246,133,188,202,76,21,160,151,108,139,50,174,220,198,94,103,170,49,85,1,118,167,212,168,158,228,48,4,114,217,226,170,41,177,254,222,101,108,193,240,124,107,226,82,217,85,182,192,38,178,212,64,144,36,2,160,47,171,222,228,247,146,242,67,83,10,87,63,146,127
161,108,187,76,147,120,136,95,82,143,52,251,94,208,148,16,32,113,99,184,216,138,70,15,212,99,21,138,193,57,146,132,65,204,75,33,78,86,142,228,74,248,8,253,84,13,204,46,167,110,26,218,233,61,226,22,15,18,171,142,112,67,162,31,175,64,167,12,188,3,194,49,35,29,147,192,123,111,113,120,239,199,146,119,141,85,174,109,221,104,109,72,78,34,152,188,39,52,154,196,131,41,100,101,99,63,95,146,168,89,4,12,124,169,109,198,162,128,202,145,158,178,188,66,20,32,124,47,127
40,95,196,117,207,99,23,120,169,196,184,67,99,237,62,161,29,200,222,59,228,198,40,193,116,67,108,98,66,47,185,180,92,237,180,50,220,72,48,72,185,205,18,245,232,156,194,250,118,173,21,40,138,214,115,57,27,212,103,87,107,229,53,123,20,246,136,145,161,89,48,140,134,32,186,191,199,208,99,118,51,143,97,72,58,29,99,72,6,223,132,21,242,193,227,130,51,171,2,33,148,4,64,53,72,50,19,146,181,136,65,190,33,71,19,112,188,225,108,109,71,85,131,104,65,69,188,214,127
66,46,175,55,73,85,241,182,176,175,133,245,114,12,5,100,213,150,228,212,90,181,213,241,168,71,86,142,62,93,169,2,120,100,241,26,154,124,188,7,121,204,79,53,148,241,8,31,217,121,66,135,171,28,29,15,62,96,34,181,142,89,181,234,223,25,140,124,110,173,163,18,152,104,65,12,38,126,10,11,54,189,8,61,19,171,211,42,192,13,146,176,183,87,122,214,200,196,175,5,0,54,231,41,47,178,34,238,66,147,98,231,159,202,171,216,67,135,144,26,194,154,132,180,82,102,83,252,127
250,100,52,175,37,35,154,202,110,67,107,87,213,204,40,16,75,11,208,45,33,44,24,174,215,41,49,250,18,63,2,185,52,37,56,238,174,175,21,179,38,100,77,88,33,181,204,123,28,33,19,146,144,87,100,115,196,163,242,208,142,20,208,242,133,64,86,185,39,220,234,74,231,13,158,131,9,226,106,42,150,143,109,75,74,2,92,66,45,62,35,252,33,148,91,198,242,89,79,59,125,110,3,46,58,200,176,200,248,87,75,217,32,158,176,149,154,43,217,80,202,202,128,117,85,243,69,252,127
17,54,25,164,41,31,152,187,249,147,121,142,229,155,181,118,253,201,116,47,82,220,207,76,2,83,194,193,29,143,13,33,128,105,168,230,180,163,206,97,247,204,183,80,247,59,215,16,197,205,150,181,83,207,160,216,158,206,207,86,187,135,230,164,92,246,216,191,32,65,203,231,185,64,27,99,153,103,136,200,12,96,14,29,148,153,94,200,78,178,167,244,55,171,209,174,122,106,111,245,56,19,224,179,7,138,68,198,226,238,11,68,5,113,183,105,13,164,69,125,233,156,12,152,13,127,93,55,127
58,92,188,161,238,231,134,86,24,247,214,9,53,140,98,74,253,2,127,14,173,167,42,115,156,169,17,231,68,239,35,169,65,157,111,143,77,171,208,24,248,241,105,249,66,91,190,162,55,100,111,95,41,21,253,252,231,80,108,94,25,191,250,84,171,214,183,159,13,119,30,154,50,23,193,156,114,243,97,210,204,143,50,92,205,143,36,128,244,24,57,235,170,65,200,5,110,227,90,56,29,14,188,136,227,108,215,127,114,202,237,41,117,43,2,17,13,12,127,197,7,157,216,199,226,166,104,188,127
166,56,77,4,40,18,181,239,77,235,7,185,128,246,45,48,201,237,45,107,42,28,106,31,220,25,223,90,243,130,139,178,23,240,175,80,6,89,113,43,131,131,171,158,5,178,64,223,127,251,167,1,218,195,136,149,127,107,155,126,4,31,218,47,87,53,73,245,108,43,62,134,108,132,213,172,3,228,147,231,2,33,171,59,68,91,15,148,188,133,172,0,189,147,242,110,233,239,107,47,28,203,8,218,74,158,147,169,29,83,232,125,45,233,132,88,118,195,29,120,133,164,69,203,176,99,110,99,127
102,163,129,244,14,163,45,62,156,94,132,84,247,44,114,169,234,148,71,237,182,93,169,218,42,118,152,101,238,228,92,43,105,127,210,69,128,3,212,57,109,156,0,92,194,74,123,223,27,194,106,238,202,181,169,27,210,139,172,179,19,33,223,14,45,23,134,149,182,95,16,2,153,89,125,169,254,208,37,7,33,200,174,172,115,167,38,47,176,208,72,137,6,252,113,8,16,134,184,233,220,86,103,166,130,57,66,65,93,244,34,94,220,72,147,86,60,14,32,44,88,250,206,94,73,241,190,108,127
85,158,12,156,62,231,25,150,55,26,115,227,215,224,144,38,152,243,126,7,252,138,59,122,97,233,194,174,204,134,163,203,214,68,65,171,26,221,40,59,228,253,145,192,251,195,112,77,185,26,200,231,208,47,71,71,150,243,240,192,44,42,102,248,123,230,6,155,152,58,251,89,100,7,179,102,242,182,236,81,194,186,163,73,4,191,166,34,246,210,148,191,177,117,24,14,186,251,110,21,158,162,139,99,223,56,120,221,252,67,101,53,58,19,26,163,142,75,13,154,225,130,243,36,245,11,36,46,127
68,123,211,130,204,28,102,166,77,38,68,214,127,109,166,137,215,129,19,52,165,132,46,203,70,169,66,64,101,233,101,200,27,137,178,24,124,203,17,151,211,224,247,89,161,173,222,143,166,152,26,222,202,127,181,227,238,156,249,72,225,181,68,3,153,57,81,103,128,119,176,92,43,150,137,159,138,81,232,85,178,6,198,92,191,33,15,58,235,119,160,84,136,208,46,39,133,152,201,129,80,71,64,248,14,184,156,163,248,173,239,51,252,126,217,227,246,134,189,80,74,5,202,249,221,173,24,83,127
162,238,28,214,75,202,95,95,197,241,100,176,88,167,54,249,24,152,12,75,68,197,120,163,66,129,18,37,230,202,249,211,98,100,211,234,71,243,96,58,249,161,176,67,41,228,149,235,157,249,178,242,210,200,34,101,213,92,8,208,35,33,245,130,51,142,140,164,99,30,76,49,212,29,96,162,110,229,163,56,173,164,141,248,201,25,79,4,78,50,152,52,157,224,101,132,160,166,113,137,28,114,44,177,111,182,52,76,248,202,248,110,14,223,81,146,225,102,122,223,107,114,139,213,127,4,141,48,127
69,102,227,127,247,169,229,138,8,179,101,46,8,236,6,178,163,19,47,196,176,164,35,230,40,117,114,23,61,32,141,8,134,114,86,248,141,220,137,75,116,200,145,210,213,171,44,238,138,241,135,47,229,64,67,56,198,237,101,170,106,213,96,131,179,56,12,16,90,180,106,236,85,124,102,56,195,125,180,245,217,112,220,116,219,6,158,138,104,245,9,181,15,143,87,59,235,79,201,29,148,74,66,116,77,234,243,184,25,40,234,238,78,178,216,88,165,176,2,118,180,100,126,100,227,127,162,200,127
67,89,248,169,94,165,184,146,206,199,112,14,197,56,221,62,170,219,116,176,87,105,106,121,110,93,72,128,107,41,223,250,107,43,147,23,10,231,213,19,85,98,88,82,62,98,251,246,108,238,12,123,4,201,199,77,34,141,84,204,184,57,26,182,27,46,102,113,21,137,234,118,136,247,197,226,171,161,78,59,55,70,78,52,163,47,133,226,172,11,72,76,204,17,125,0,187,58,152,150,62,235,250,150,233,180,213,229,204,112,127,99,41,83,232,156,205,84,66,81,55,12,243,100,133,139,28,159,127
171,25,148,165,39,113,35,174,226,250,230,50,24,66,45,111,70,15,205,122,37,241,49,126,123,166,86,43,62,104,248,14,154,82,4,214,190,179,7,134,160,216,73,42,232,217,51,115,206,56,42,243,158,230,220,246,90,0,186,12,150,134,221,158,128,80,49,103,130,93,234,114,245,15,17,14,223,128,39,109,7,97,147,80,194,198,68,200,103,122,155,216,210,127,206,177,31,188,171,182,72,66,129,201,35,245,119,162,130,123,154,201,199,164,158,41,59,108,152,61,31,222,217,190,55,210,203,251,127
117,216,177,220,68,236,184,212,239,134,0,54,208,88,201,10,5,4,43,91,198,112,165,152,108,136,114,210,50,64,169,50,89,69,58,191,8,239,216,129,129,34,16,226,81,147,219,113,205,0,43,6,171,108,201,185,166,139,14,108,93,183,34,163,103,131,18,5,208,10,188,67,31,201,229,252,3,121,60,124,239,223,107,237,233,147,198,205,124,242,207,62,220,74,37,180,207,11,253,150,156,16,172,189,7,89,80,202,237,168,5,199,41,193,240,135,20,35,101,115,25,119,94,234,88,38,113,100,127
69,215,242,132,145,195,138,174,104,46,101,233,189,86,133,53,205,231,166,191,144,119,213,13,170,215,6,79,96,17,169,85,57,43,239,233,192,15,121,75,169,3,21,59,42,60,32,231,200,56,175,102,92,42,61,244,33,174,100,214,253,31,185,70,55,181,218,63,2,126,242,219,216,18,186,162,152,63,212,151,235,70,204,196,77,22,220,145,49,55,228,73,84,214,54,101,206,77,111,33,126,169,84,195,137,235,152,109,166,131,235,33,171,246,112,116,165,94,182,183,235,229,104,122,20,57,9,226,127
186,19,148,215,143,144,162,122,223,157,39,72,145,168,222,201,118,63,112,116,212,203,34,230,192,28,175,134,19,142,216,220,196,196,25,65,205,213,154,188,192,201,108,206,195,214,60,93,75,211,74,85,15,152,170,103,226,239,112,44,223,35,182,228,74,77,18,50,53,50,146,33,23,1,243,69,70,36,232,226,96,31,206,22,213,67,120,195,9,113,173,225,168,68,196,134,250,84,194,26,53,58,27,147,19,37,40,128,28,164,134,138,38,104,156,31,32,126,245,62,239,16,215,144,82,102,195,242,127
22,165,95,88,236,231,117,70,74,137,192,133,240,168,253,6,247,69,190,110,226,248,61,40,37,42,50,107,8,114,66,177,39,137,187,110,94,202,162,82,183,194,95,153,16,51,38,12,55,5,114,48,249,80,172,96,167,136,155,32,126,185,30,190,188,6,225,91,236,245,206,18,218,87,152,193,146,245,205,228,73,17,86,53,210,88,15,252,123,10,236,121,108,148,156,12,75,102,249,80,82,32,106,143,155,163,100,26,143,152,211,102,206,104,17,168,210,254,72,170,177,185,140,102,77,238,144,130,127
60,177,248,71,84,216,13,219,70,213,30,178,185,25,104,162,67,145,109,38,27,219,93,202,8,83,212,84,233,146,197,82,148,89,153,56,191,31,134,138,226,5,21,122,206,193,33,80,23,66,169,159,206,187,52,240,99,98,43,38,40,1,64,154,185,90,179,160,156,246,79,50,36,114,152,3,160,201,59,112,60,59,166,205,125,30,57,250,171,198,1,31,85,131,235,174,93,193,16,149,80,129,65,13,186,220,164,59,150,53,208,114,152,95,148,160,109,250,58,31,208,44,204,35,190,223,166,76,127
31,203,226,144,156,99,48,210,183,76,237,212,146,213,168,180,95,224,176,159,117,188,147,27,181,203,149,223,164,20,41,71,47,110,56,202,225,50,241,26,132,235,236,168,189,98,67,250,54,42,90,39,249,129,221,85,102,252,227,179,11,224,209,167,74,40,150,247,220,87,191,209,13,101,212,25,81,202,14,67,18,231,142,71,131,35,212,37,47,180,51,194,31,161,144,62,47,28,138,68,243,116,227,80,103,145,17,48,186,187,227,174,173,230,166,164,116,138,77,251,41,232,187,219,51,3,80,160,127
80,133,230,176,193,126,199,45,197,209,28,199,231,182,87,77,94,89,194,221,180,240,65,82,52,219,101,244,151,228,86,127,224,240,189,41,103,70,10,118,135,17,18,7,31,65,189,56,155,165,39,58,199,62,219,67,164,60,98,92,126,33,79,151,48,100,23,75,137,143,128,27,152,105,225,152,196,133,241,185,69,89,187,77,204,91,35,106,105,8,142,156,177,83,128,114,209,17,175,107,240,51,102,113,252,37,243,209,103,214,67,104,178,145,72,201,234,164,11,37,149,169,43,140,252,240,72,65,127
178,185,148,49,236,13,49,116,109,107,211,204,67,104,6,203,3,248,249,93,144,126,1,7,164,74,171,0,211,128,5,22,192,151,161,20,39,82,127,97,35,70,203,112,72,183,121,125,107,252,236,180,108,57,152,71,72,137,179,7,19,231,130,229,165,161,244,245,100,98,124,208,19,147,90,229,15,73,212,96,94,14,110,190,34,70,1,3,97,30,22,104,62,176,166,246,16,167,114,30,210,100,65,195,124,94,51,23,11,96,173,201,192,163,75,137,147,109,168,252,37,110,33,149,252,69,239,241,127
145,5,67,59,21,106,233,32,109,134,177,150,54,17,137,240,35,76,216,13,136,50,100,162,17,232,21,124,222,215,44,158,11,223,86,171,72,104,201,72,86,111,118,45,174,209,180,119,246,127,254,192,186,226,209,164,208,198,177,72,78,83,214,223,3,251,184,107,141,204,71,155,136,29,45,40,247,169,133,69,150,90,138,167,190,29,34,168,9,152,233,119,49,132,137,127,21,244,101,38,228,0,170,145,105,91,248,38,157,131,186,10,136,226,48,241,158,82,112,252,186,98,195,241,170,44,204,96,127
95,181,52,69,49,193,133,132,127,71,21,14,127,108,235,230,125,206,152,73,153,227,101,186,30,70,100,231,181,233,171,74,114,171,75,238,49,186,251,190,211,238,109,71,234,69,182,134,106,29,39,220,84,151,169,57,184,210,53,64,225,179,248,252,48,77,246,81,189,86,155,116,161,65,64,108,56,80,180,184,170,194,148,172,186,81,6,8,26,24,253,125,200,172,138,196,3,22,154,166,11,153,8,232,0,68,118,16,168,7,186,78,16,216,215,121,214,31,212,42,15,42,168,19,222,74,240,220,127
171,86,17,130,73,202,39,178,213,174,117,62,52,166,72,211,149,148,253,14,170,26,59,88,168,206,160,24,175,212,11,115,150,216,133,79,184,104,248,40,34,138,80,107,82,150,107,166,170,236,241,234,35,24,98,127,47,206,138,136,213,4,128,12,153,84,137,87,156,38,209,223,136,174,18,205,174,51,97,114,177,92,66,24,44,146,70,95,166,81,89,158,150,192,53,123,109,49,117,148,218,230,146,154,87,119,175,128,69,195,144,216,41,116,218,116,36,129,110,137,61,127,103,180,96,237,146,87,127
169,91,97,202,143,38,103,72,114,53,160,65,243,24,20,109,222,17,254,83,11,9,246,99,80,136,6,101,216,10,50,224,216,146,237,59,149,36,5,183,194,113,136,44,188,154,104,166,114,245,223,169,100,127,108,2,226,102,80,10,246,110,157,154,22,67,12,62,185,129,140,12,116,216,95,218,140,212,132,113,212,10,164,4,66,155,107,219,207,149,92,93,127,156,196,5,213,54,99,160,205,221,180,140,214,27,8,108,124,163,171,120,28,9,147,187,198,216,237,211,151,123,166,252,209,80,146,244,127
174,104,162,30,155,186,215,101,165,97,75,77,137,107,169,198,110,161,144,78,98,160,96,221,41,56,131,34,146,144,216,154,18,45,120,253,19,177,118,31,152,35,183,91,197,115,234,242,86,189,44,35,186,17,207,169,199,99,74,226,190,172,193,1,128,10,240,249,8,119,109,5,31,247,47,111,249,86,202,105,243,178,210,52,219,20,136,154,41,27,118,96,134,188,239,197,67,15,178,228,20,75,24,211,28,104,117,167,165,110,42,1,29,245,153,200,171,146,102,41,159,154,159,213,127,115,200,4,127
180,246,18,25,156,118,82,191,90,10,41,29,148,73,75,194,238,14,227,245,93,50,226,226,77,67,80,180,151,62,212,47,219,100,33,122,39,223,112,162,225,57,58,29,115,213,248,102,43,130,133,221,217,209,13,177,11,158,18,79,1,150,196,166,236,86,61,65,248,137,59,207,173,126,221,49,37,55,231,201,186,67,220,149,249,94,242,87,61,72,80,85,136,203,165,51,129,38,65,214,159,141,156,61,210,35,47,12,103,92,47,203,143,84,74,223,174,8,99,206,152,53,254,234,163,53,132,194,127
121,243,80,9,199,85,53,188,19,64,196,120,149,63,231,68,88,141,84,66,212,52,155,91,94,152,145,212,117,114,114,18,186,164,107,182,253,182,82,31,7,125,23,6,18,105,147,121,147,76,121,74,129,121,240,115,7,22,157,190,77,35,72,234,11,77,128,84,208,123,203,137,138,4,39,9,117,127,155,141,17,159,89,36,193,49,180,140,164,123,218,158,208,9,33,23,228,48,117,77,210,177,112,86,93,170,160,64,10,5,64,126,78,108,175,215,239,69,157,68,249,154,193,137,32,168,126,163,127
233,139,127,204,73,166,90,3,198,83,247,194,171,18,10,98,245,226,203,59,133,73,155,236,163,230,124,140,170,148,168,169,7,175,240,49,143,169,54,29,123,93,44,119,35,230,198,148,104,216,19,9,160,180,111,213,90,124,215,24,134,171,152,223,166,208,191,215,120,59,143,217,103,180,158,202,66,26,212,93,218,138,143,211,125,92,144,66,127,40,119,124,236,166,133,17,201,55,192,167,121,67,22,46,231,100,206,151,211,142,127,122,180,89,243,73,91,113,44,215,33,179,97,48,65,190,127,148,127
86,88,180,216,45,50,221,78,132,14,24,231,127,221,48,108,174,233,118,229,217,18,127,156,237,113,198,169,52,57,221,108,199,79,198,87,172,32,251,4,36,36,83,136,217,180,171,115,23,215,227,97,82,115,221,227,195,106,209,92,124,88,68,126,234,84,35,136,136,30,4,71,96,234,6,147,5,226,35,67,67,189,164,4,122,94,168,215,132,251,3,246,47,164,130,151,137,199,49,40,6,121,67,114,95,102,81,25,171,147,75,186,215,59,117,114,241,31,151,87,181,197,176,18,73,233,119,99,127
118,133,125,46,125,9,185,236,75,190,54,146,0,109,165,140,120,46,7,219,177,3,122,102,219,94,78,141,3,64,23,137,87,36,26,231,77,249,64,7,13,161,147,58,57,94,233,62,112,160,179,30,242,31,151,238,166,127,208,169,54,175,215,34,102,64,71,95,62,201,6,37,5,42,176,23,177,93,112,36,207,9,60,241,193,48,40,118,103,118,228,129,177,32,41,106,28,227,205,10,235,144,243,128,126,79,126,21,193,200,231,27,157,15,109,157,96,116,76,68,141,133,232,163,251,149,185,96,127
52,217,210,230,175,247,229,87,199,100,23,112,196,240,8,56,216,50,134,232,62,214,182,105,54,123,250,174,7,21,173,28,51,90,164,148,136,250,237,76,236,206,101,96,138,51,85,107,40,209,183,56,25,201,143,21,102,6,146,251,163,229,169,8,183,128,115,252,15,241,96,102,244,97,229,40,173,249,45,160,148,68,150,182,21,151,64,140,169,58,38,151,35,174,80,89,215,96,185,167,55,131,14,148,132,44,28,128,115,199,246,77,189,154,45,151,15,220,172,19,150,216,81,212,127,9,133,245,127
132,190,209,227,99,128,132,146,98,99,89,27,105,79,60,77,69,206,132,151,145,38,90,157,251,194,59,236,160,219,175,244,212,88,96,160,46,187,173,151,246,200,177,128,152,165,49,100,200,123,18,203,119,145,174,248,197,113,79,57,246,66,156,117,187,185,231,160,115,134,31,170,221,86,67,96,156,124,28,104,209,55,111,78,205,13,18,159,189,92,93,228,12,65,5,218,200,74,163,212,153,38,186,249,59,117,48,172,5,101,120,239,35,105,19,85,194,225,174,121,29,108,114,29,4,213,86,216,127
106,143,15,22,165,239,115,189,236,122,72,198,155,227,220,223,150,187,249,214,206,59,95,232,74,87,75,114,210,190,32,247,210,82,149,11,193,3,27,35,86,152,168,155,131,209,67,207,231,249,96,91,106,237,251,238,0,160,78,173,176,157,210,82,153,153,27,110,34,155,5,181,241,82,204,25,199,178,183,187,41,12,22,125,162,189,76,104,53,37,249,124,133,248,87,174,114,213,214,128,126,227,183,211,82,233,141,132,26,130,139,248,66,162,94,112,87,141,151,245,38,209,60,161,194,201,231,3,127
240,9,14,44,16,22,253,54,85,182,89,160,193,133,48,143,98,105,19,87,231,163,32,40,171,162,42,66,21,253,74,22,132,184,125,216,152,106,28,47,202,244,155,6,200,233,90,2,28,220,16,39,65,183,78,30,41,106,8,56,22,67,174,121,53,136,164,54,37,33,193,201,165,45,222,135,61,107,132,105,249,44,28,72,99,182,233,182,135,83,113,118,214,141,242,65,202,183,53,50,234,157,198,102,170,193,136,181,111,112,254,224,227,126,242,159,48,104,198,39,165,182,253,80,112,170,67,19,127
164,213,208,244,117,222,216,100,39,207,82,147,216,202,55,86,241,58,13,117,222,171,227,70,150,250,25,84,180,203,190,112,198,149,164,252,94,48,151,188,59,61,207,18,7,178,17,196,51,96,63,115,146,235,29,77,218,63,203,95,16,35,57,139,57,156,110,132,29,59,16,49,57,124,77,44,209,41,20,151,30,37,172,197,24,120,149,237,7,252,174,149,147,225,101,118,189,63,152,220,228,152,224,182,219,112,240,12,55,153,106,40,6,214,93,22,74,120,37,205,172,215,70,181,60,246,224,4,127
168,233,4,25,202,45,60,109,171,90,137,199,185,205,55,168,111,32,101,43,215,225,136,108,111,248,206,72,193,97,32,76,246,170,110,29,162,69,107,100,253,206,115,34,77,152,154,148,168,16,97,106,61,175,137,109,88,185,193,22,114,34,218,124,26,38,197,143,124,43,84,162,96,18,213,17,33,146,156,162,44,157,147,91,235,170,206,138,229,8,52,214,4,100,106,114,253,136,231,50,161,33,66,17,131,94,193,45,219,89,198,107,213,85,24,61,44,10,160,15,183,114,45,24,234,201,148,86,127
209,166,247,47,200,176,183,120,37,221,156,114,61,251,100,147,40,233,145,83,201,107,34,14,30,22,140,60,253,115,224,165,143,207,74,70,181,213,71,52,15,126,160,195,213,105,65,169,192,84,35,247,83,95,147,233,191,57,141,78,0,115,133,135,135,217,133,113,70,252,139,114,254,195,37,206,199,41,158,71,150,71,208,200,72,110,3,102,124,119,64,2,206,167,216,33,123,41,38,190,103,30,248,95,70,8,240,113,103,87,44,232,170,189,176,106,57,199,11,141,197,246,150,139,179,67,224,47,127
164,72,55,128,187,38,55,245,68,13,99,82,93,32,36,168,209,106,162,2,193,137,19,63,47,126,72,51,39,137,152,189,175,220,220,182,63,241,141,77,153,183,217,38,26,24,158,173,163,216,6,159,208,72,200,234,131,145,172,28,77,124,154,56,101,244,74,6,26,63,102,89,92,144,154,17,158,14,57,203,36,238,170,32,217,80,73,225,111,165,183,92,48,165,162,246,229,198,88,206,242,117,203,158,14,191,209,174,154,91,54,75,62,219,238,237,88,248,39,159,175,213,240,137,42,83,183,246,127
89,57,81,204,41,167,29,192,57,2,52,21,35,12,244,80,174,65,141,175,127,174,100,226,178,226,211,216,21,164,7,159,121,47,35,126,82,49,34,190,193,14,222,103,72,192,26,154,38,7,139,37,112,183,241,128,15,200,143,182,60,222,156,6,55,81,122,105,1,10,121,227,17,89,220,6,206,69,9,124,188,75,119,109,183,39,47,135,36,33,39,104,92,78,141,148,236,190,143,239,126,185,25,149,111,206,20,228,190,190,92,169,186,150,139,244,20,201,14,214,144,197,236,122,193,62,190,16,127
12,102,176,189,219,4,100,209,209,88,110,201,142,19,168,222,200,239,187,136,5,138,176,198,31,120,227,190,50,40,27,181,52,31,164,100,216,72,228,198,219,222,50,92,156,167,118,226,222,86,50,144,194,52,99,247,90,191,222,114,200,212,38,22,119,106,74,188,80,15,205,158,176,101,68,111,53,231,74,78,197,20,84,206,96,22,168,57,154,18,123,51,73,174,42,32,38,118,115,23,213,171,200,152,132,44,96,34,140,88,10,227,167,212,21,254,45,39,121,228,58,235,179,43,114,11,86,148,127
178,95,230,112,28,247,107,92,91,202,26,221,41,208,243,9,101,126,162,51,223,38,113,198,124,152,250,97,207,67,104,135,124,32,235,230,141,182,4,114,13,184,26,161,144,117,49,155,68,205,238,177,122,213,251,72,46,212,207,103,81,217,4,131,215,227,10,69,206,37,138,32,144,225,243,18,251,121,198,169,66,23,139,29,176,15,52,242,185,146,127,40,217,195,204,41,238,244,14,33,151,12,237,77,134,58,137,163,112,208,121,192,39,210,176,99,190,248,25,19,134,185,72,126,55,107,191,218,127
151,68,154,56,85,215,19,49,146,89,66,127,65,198,222,227,36,128,138,149,135,243,114,182,104,111,44,82,101,31,26,145,93,241,248,187,170,153,120,206,138,144,249,204,115,88,215,120,157,6,79,195,73,62,234,138,86,37,96,119,127,195,97,234,111,191,161,236,14,49,33,64,112,202,169,207,231,136,212,78,161,173,204,113,243,38,45,16,235,243,17,228,232,239,23,180,122,120,235,158,149,44,3,237,62,166,124,104,144,80,181,62,47,37,219,123,197,72,43,184,190,10,88,182,217,24,35,57,127
178,141,41,19,181,98,208,150,13,140,33,213,18,131,28,252,149,54,85,196,13,88,162,221,53,200,87,87,160,238,64,213,216,217,140,195,106,98,84,240,98,159,18,204,79,160,251,206,229,10,13,33,163,36,76,176,80,145,102,165,31,47,85,6,149,11,140,87,39,37,4,211,46,12,236,136,183,38,245,142,62,9,97,1,196,206,97,244,56,19,170,108,249,36,17,254,28,10,224,123,184,148,110,234,124,88,36,200,10,0,109,169,104,37,7,215,61,148,164,171,242,172,116,251,226,23,174,231,127
189,89,135,139,197,23,86,238,50,177,102,105,28,132,117,175,28,61,79,93,202,171,64,40,193,194,216,231,79,250,127,129,35,208,143,9,228,203,226,128,168,106,41,92,202,33,237,45,192,234,31,80,106,187,6,42,80,73,131,109,113,123,31,199,160,161,109,54,71,131,6,100,102,50,16,118,178,139,21,166,125,218,136,248,109,51,12,68,250,161,167,120,249,136,73,149,165,233,153,219,78,249,224,12,62,135,14,68,33,218,182,18,212,145,119,28,70,91,101,235,76,119,160,145,12,57,106,196,127
11,140,244,142,207,60,197,48,141,80,199,54,17,204,180,127,80,134,226,94,213,116,102,79,21,194,38,114,138,228,27,232,70,87,172,165,0,199,53,241,204,31,108,52,232,235,42,193,169,206,49,74,223,223,235,222,24,93,220,232,165,223,62,37,26,39,61,18,156,59,245,16,17,127,17,47,59,119,220,166,51,194,125,34,19,214,112,3,243,235,9,113,133,19,62,59,197,193,200,200,203,34,108,137,125,82,113,238,185,82,88,219,29,130,242,91,90,244,171,202,51,116,247,52,218,107,11,167,127
107,146,67,247,188,51,73,52,241,89,127,177,165,202,254,23,243,72,57,214,129,208,96,19,2,139,5,168,96,52,214,197,186,37,199,221,141,116,186,223,240,210,73,196,4,162,37,65,153,8,80,184,200,237,46,53,141,50,115,10,58,144,79,131,131,46,134,112,2,179,191,153,196,152,232,72,189,166,133,215,19,84,89,218,197,0,203,221,55,116,86,101,2,167,217,180,123,105,123,122,233,83,92,242,165,241,185,160,136,203,170,98,249,123,69,53,235,156,57,69,76,206,44,164,20,94,231,66,127
172,85,77,84,73,80,247,222,39,3,138,175,76,8,63,186,93,69,177,193,3,108,203,139,72,215,27,127,139,26,54,27,146,86,67,36,213,153,161,13,14,243,248,143,178,8,72,129,224,85,135,16,11,247,204,175,89,194,159,87,112,176,174,66,191,218,84,150,209,132,155,164,142,155,150,214,120,122,16,190,176,10,148,216,128,62,211,93,178,29,135,243,19,137,159,106,137,50,0,19,61,248,67,225,239,130,62,22,245,74,144,136,10,108,34,70,28,60,32,207,204,115,57,68,28,108,20,110,127
192,154,46,204,249,241,35,47,5,160,24,148,150,84,220,203,241,196,110,194,213,178,176,102,150,38,93,61,140,205,136,76,71,234,42,247,96,41,241,109,52,250,94,157,225,45,172,72,80,157,196,214,160,15,146,198,187,184,245,0,116,205,125,109,116,235,6,135,233,115,198,124,140,74,149,1,218,52,199,226,177,20,132,198,21,239,85,80,228,61,145,41,216,57,27,167,214,129,177,249,242,73,46,81,133,37,9,140,95,238,195,75,52,237,156,142,112,192,49,205,161,75,123,85,130,23,247,181,127
56,129,24,253,16,240,7,19,50,126,45,56,170,220,235,224,192,241,105,82,68,195,213,12,105,21,49,116,162,157,170,161,203,90,15,218,207,109,213,176,194,13,203,114,18,172,23,154,164,139,171,54,176,93,103,189,242,191,127,34,84,22,45,91,187,184,19,147,42,156,153,134,84,192,95,32,205,82,6,237,20,233,199,61,171,4,130,183,167,1,138,217,161,178,19,153,88,74,154,56,167,70,118,184,123,79,123,21,10,147,130,68,107,23,218,218,206,231,18,38,249,190,150,127,2,31,73,206,127
230,139,145,130,174,113,189,148,41,100,221,94,156,2,25,208,1,176,80,220,75,110,184,7,15,254,10,49,119,210,18,43,22,170,145,56,65,164,30,244,231,1,184,237,159,186,109,237,26,75,17,211,209,154,19,101,171,91,194,133,62,67,210,98,216,11,223,52,102,214,179,168,188,64,210,252,177,118,147,231,98,230,189,234,156,16,56,117,104,249,157,55,43,168,126,252,241,185,8,169,5,78,224,52,184,163,230,65,243,105,127,18,222,85,51,54,13,118,93,246,123,209,114,199,216,28,37,51,127
170,144,59,40,226,93,204,80,150,233,174,18,182,90,80,152,230,104,15,42,106,13,21,83,247,25,132,80,107,90,180,214,105,97,111,247,193,108,148,192,227,159,185,8,213,46,130,252,15,160,140,86,227,68,39,64,62,110,11,118,49,55,96,172,68,156,181,69,198,57,74,68,162,57,148,135,232,91,58,218,206,90,58,134,21,78,51,86,55,37,151,240,214,241,202,109,207,73,34,214,99,135,28,210,247,130,137,218,237,158,46,52,184,231,189,49,244,165,7,137,246,79,69,238,146,143,157,216,127
26,234,102,183,7,55,25,97,118,251,252,34,139,222,80,173,57,137,3,154,33,190,101,221,216,203,200,161,174,221,212,95,220,156,213,12,215,179,228,234,180,45,221,91,57,193,105,54,243,172,189,200,31,174,248,92,95,71,60,107,50,168,124,90,187,178,199,195,164,136,170,69,31,118,38,50,93,205,139,127,116,155,29,150,1,40,226,131,51,115,139,225,104,87,205,54,58,237,32,103,75,250,156,24,164,235,94,119,50,46,92,55,93,121,121,181,192,116,153,119,65,112,162,125,142,243,173,25,127
206,52,162,144,252,71,33,53,110,110,185,83,102,232,191,164,49,155,122,73,148,105,166,116,183,32,2,6,80,142,84,22,160,30,231,23,143,189,211,106,100,127,105,118,186,204,201,186,168,96,136,241,226,78,67,204,122,72,148,151,196,172,79,174,167,50,136,171,35,57,63,221,16,128,231,82,172,176,32,154,136,223,232,51,248,235,28,174,187,145,52,177,109,128,166,245,197,183,161,20,226,93,5,232,96,91,69,98,70,48,180,152,253,146,36,244,235,18,103,36,223,106,229,217,188,236,142,141,127
185,186,17,151,28,181,233,250,128,135,36,9,18,73,118,129,208,178,2,89,86,97,173,12,143,135,108,216,189,157,10,121,29,224,13,181,216,208,192,50,27,39,5,254,3,139,46,245,223,152,201,209,74,89,97,59,253,46,104,248,12,88,107,8,155,64,127,99,248,156,102,46,152,196,151,80,132,28,159,91,249,107,254,40,226,225,112,82,107,177,223,180,231,132,175,139,103,183,181,210,210,235,200,195,228,37,71,37,10,99,127,35,226,7,77,133,2,138,247,139,20,91,154,44,140,175,22,83,127
165,201,186,158,174,228,207,97,110,199,209,122,194,188,51,177,71,39,139,39,131,205,137,177,130,181,146,21,18,74,120,48,137,182,229,202,223,127,99,227,185,212,153,173,218,45,201,17,223,91,215,42,4,218,67,17,218,68,230,73,90,122,89,22,210,52,78,157,93,10,18,127,227,3,98,157,213,118,78,211,229,104,60,154,15,141,127,202,14,40,24,86,20,161,210,8,165,211,238,196,57,148,177,53,37,200,224,186,61,39,193,224,56,206,119,251,37,92,193,117,59,23,181,146,21,240,200,233,127
70,248,141,118,174,226,241,167,215,136,83,185,164,117,125,68,94,239,43,167,29,111,228,121,235,168,72,138,160,247,168,129,59,10,145,27,246,24,98,202,207,16,131,161,154,42,3,23,190,245,196,18,239,17,205,248,42,65,81,50,29,253,42,98,112,33,186,132,141,246,37,139,250,30,144,11,238,63,22,141,252,203,53,99,100,194,48,171,158,38,28,250,80,53,132,165,231,62,143,87,120,211,35,96,237,115,135,150,252,49,36,107,121,199,209,224,214,184,40,132,29,209,62,123,52,211,224,118,127
94,138,209,120,205,171,84,138,173,157,24,67,151,251,181,218,3,143,29,117,219,99,170,37,15,167,59,18,154,218,232,244,87,214,104,106,158,165,232,26,141,167,195,21,44,141,102,124,13,94,72,243,120,223,214,233,93,220,54,223,206,190,60,247,194,116,73,199,209,108,176,11,90,15,243,188,56,102,103,199,252,252,223,147,109,184,108,212,94,125,157,52,141,239,11,123,78,162,246,129,235,241,20,42,157,7,179,184,72,243,7,116,151,155,10,34,177,140,44,27,15,206,172,238,207,224,240,201,127
180,229,71,136,193,176,36,19,213,52,42,195,139,48,37,133,250,185,227,7,10,224,102,35,67,141,44,228,181,66,79,36,117,26,140,142,113,194,139,190,152,22,156,192,117,185,7,122,243,143,36,106,155,22,43,236,175,198,195,76,170,11,245,221,89,154,183,251,53,209,195,245,49,208,26,44,3,20,112,237,30,49,211,157,37,205,203,33,237,172,3,62,152,189,20,134,21,77,172,71,101,1,199,210,239,177,70,239,41,177,54,181,25,105,7,17,246,168,227,167,135,205,48,90,89,28,20,184,127
47,2,161,47,69,19,99,12,23,36,79,112,153,111,136,13,104,137,47,91,50,188,121,121,229,139,64,151,108,168,90,93,171,244,180,78,237,237,83,120,249,128,233,198,77,205,18,108,134,141,186,242,108,237,72,245,48,70,242,203,35,100,224,162,180,222,218,248,77,163,242,120,194,110,106,175,62,225,14,176,84,227,126,112,47,155,53,63,128,146,220,149,244,189,115,245,186,125,181,239,235,21,136,85,27,234,225,16,237,132,108,180,125,208,40,80,3,98,229,241,91,116,140,87,162,88,101,162,127
114,93,137,215,93,132,1,132,101,73,236,184,121,48,212,31,132,236,101,248,251,84,8,221,157,139,111,179,37,106,231,79,248,3,30,13,173,198,99,59,141,13,13,85,77,208,128,140,46,189,252,107,220,50,67,236,160,6,246,241,171,8,136,204,138,181,172,77,188,3,203,240,196,211,249,83,214,228,86,47,134,65,116,19,165,22,67,240,169,53,160,179,15,3,188,11,35,63,140,233,65,133,58,128,37,49,212,254,89,57,165,167,227,198,56,213,72,31,79,113,189,64,157,55,232,117,37,229,127
25,19,104,139,252,50,109,51,141,226,79,235,164,130,182,13,132,204,21,105,252,222,33,84,71,132,161,72,23,145,99,161,228,182,248,138,47,35,29,103,120,37,235,163,37,26,124,73,238,131,30,152,38,65,247,146,121,197,236,173,23,168,23,182,189,6,49,199,127,139,230,9,198,211,3,149,245,179,25,85,25,237,66,132,152,73,50,53,247,133,227,2,36,254,194,42,23,182,218,19,243,50,205,134,227,76,27,5,231,202,240,50,29,134,168,239,165,25,22,173,66,223,18,188,124,101,187,43,127
138,237,133,137,31,166,117,91,5,1,21,96,115,39,80,121,95,194,96,252,32,68,52,159,150,178,86,254,179,105,25,203,183,197,136,139,54,15,97,181,219,197,41,145,12,186,85,244,178,195,241,105,246,124,109,53,125,58,91,20,139,89,207,82,177,227,38,26,114,60,192,97,150,210,197,151,21,14,72,210,233,20,178,73,233,137,230,100,206,27,133,114,61,241,164,5,133,74,55,120,83,2,85,215,176,208,45,92,83,69,148,110,27,98,239,3,46,248,96,207,199,226,252,188,190,102,27,140,127
52,161,155,178,201,165,146,99,70,103,113,10,231,56,226,248,5,76,93,228,52,78,5,254,48,187,88,62,4,253,168,164,164,81,80,129,38,69,209,83,107,144,46,219,111,11,140,246,31,59,196,139,27,105,24,108,214,94,148,205,77,16,69,118,20,125,27,100,193,70,234,11,126,149,121,9,89,86,236,184,150,123,222,75,213,30,194,132,179,245,236,139,85,89,85,195,118,139,85,199,30,243,175,241,53,242,220,93,94,135,172,71,24,235,126,69,155,71,194,127,4,57,174,21,108,231,162,229,127
80,245,207,102,62,85,192,199,75,174,199,68,246,34,41,88,90,68,228,158,9,52,55,11,143,160,46,217,101,149,102,122,62,91,115,131,207,213,132,167,56,51,8,196,76,152,7,98,180,252,228,43,134,111,9,90,27,152,139,1,147,36,235,167,234,65,229,54,154,23,191,167,33,11,135,69,182,100,182,136,84,41,42,173,32,191,60,247,172,61,124,235,7,160,14,166,3,233,117,45,219,169,211,22,65,165,237,21,178,253,151,161,119,223,197,79,150,146,82,63,117,191,208,224,122,39,151,66,127
152,79,66,137,206,78,157,122,176,41,122,90,72,55,96,56,113,21,175,2,200,174,207,239,97,204,146,74,161,26,16,71,212,133,41,159,4,247,65,204,121,47,70,246,157,95,97,119,83,121,3,25,131,47,87,212,235,52,248,100,86,156,158,119,133,117,88,7,17,49,16,176,152,36,81,189,103,113,145,199,152,174,14,167,8,134,127,174,242,21,246,197,89,135,148,68,89,11,78,96,99,77,51,201,221,146,106,137,140,151,160,136,66,68,40,83,24,19,16,112,206,234,185,160,251,200,154,31,127
185,143,11,14,220,227,220,211,212,165,134,21,170,250,241,55,201,71,88,124,42,174,9,145,165,97,114,54,219,191,34,33,0,209,242,163,18,164,38,213,79,73,244,247,95,162,207,178,238,205,63,19,222,227,122,91,32,159,31,125,225,84,224,34,9,167,27,248,223,131,194,174,56,72,116,161,241,88,24,215,198,59,240,239,238,7,178,194,172,124,40,167,252,125,177,141,119,109,186,212,41,43,83,39,127,173,68,154,107,197,198,201,218,177,168,229,158,193,195,204,221,149,238,188,139,46,158,121,127
132,156,47,5,45,231,45,179,163,228,23,101,104,249,10,72,128,247,149,235,19,39,126,111,162,76,64,112,119,110,167,19,8,234,179,177,30,127,207,79,215,29,33,37,33,58,219,81,54,133,242,11,100,56,32,219,57,236,28,13,230,103,131,205,232,6,194,22,120,195,72,226,31,247,123,228,221,33,147,9,33,225,242,45,56,33,134,129,164,141,124,229,170,225,196,24,98,200,118,143,172,86,64,134,184,210,90,79,37,78,220,88,24,61,239,120,13,160,163,178,59,53,10,252,168,218,120,143,127
143,89,113,187,136,107,124,70,92,130,121,146,237,154,119,235,189,193,82,138,106,125,202,78,142,155,170,121,158,95,158,244,195,243,218,65,205,187,179,137,193,134,180,245,9,38,196,205,230,147,137,241,154,219,157,128,245,251,62,208,136,221,223,57,111,13,18,226,22,96,0,238,132,109,116,25,18,204,64,130,185,27,152,204,36,136,202,52,110,76,224,10,96,212,173,147,233,221,140,173,70,85,46,135,65,224,81,207,18,12,15,225,128,168,225,191,17,185,133,228,197,82,42,95,150,9,173,128,127
41,36,97,124,149,194,88,25,52,55,81,27,54,30,125,22,207,233,221,238,123,240,96,97,192,15,6,168,139,53,239,34,150,44,187,46,184,231,163,218,90,237,219,42,160,102,102,229,250,216,46,1,142,35,29,248,168,239,71,126,68,252,224,158,18,146,14,124,236,203,142,82,94,163,128,23,199,154,120,151,161,160,108,104,156,143,115,166,246,33,236,116,228,129,166,225,167,85,190,201,65,27,138,151,246,119,88,224,23,18,231,159,39,141,21,100,142,113,124,224,160,146,230,25,105,32,250,16,127
245,103,237,213,80,246,221,138,217,60,93,61,227,40,235,49,218,141,75,113,154,56,227,176,30,66,66,127,191,60,208,129,99,48,184,107,126,134,35,201,41,236,73,192,216,49,121,210,202,178,175,236,108,222,138,250,215,155,34,237,88,127,203,75,55,166,174,228,30,127,139,222,117,118,219,193,27,98,85,156,81,184,116,80,25,120,37,72,103,94,126,79,61,242,100,167,102,54,62,23,164,102,202,205,187,141,56,210,247,31,25,61,51,188,177,226,58,190,153,229,59,110,76,158,12,167,201,208,127
159,28,217,90,100,129,100,186,147,46,179,124,101,125,207,122,231,92,164,201,138,122,100,166,204,224,229,55,140,18,148,175,206,67,180,147,161,0,73,113,105,22,8,165,66,40,136,61,15,215,137,45,243,52,176,153,125,228,128,132,16,15,68,91,147,114,221,173,94,182,148,227,120,6,12,84,219,234,183,210,222,118,45,238,119,91,76,72,34,121,220,203,127,111,233,172,187,10,185,120,57,66,74,15,63,43,96,8,132,214,137,235,107,252,56,157,7,218,42,131,124,91,21,18,69,187,1,2,127
177,186,169,173,155,167,45,33,180,213,117,213,62,10,29,161,203,174,188,10,147,179,158,219,170,217,193,96,223,157,145,247,124,145,168,72,78,144,235,138,174,164,3,202,95,210,67,79,117,14,207,144,139,213,32,115,143,174,80,170,145,89,169,128,204,227,166,15,186,190,197,59,121,48,53,102,218,121,9,87,122,60,13,104,253,148,130,125,218,195,58,53,235,104,150,179,186,44,70,19,182,141,124,124,94,9,155,148,228,11,5,148,46,68,149,130,158,102,21,221,241,131,178,253,116,152,221,132,127
91,3,170,134,133,89,231,55,177,87,198,179,248,244,218,139,7,243,100,168,224,251,192,126,232,16,148,208,59,120,223,254,98,7,156,169,33,30,68,214,128,68,169,151,165,204,106,68,214,206,2,164,113,163,229,247,134,219,112,90,169,79,33,207,183,74,215,222,222,13,203,203,173,107,219,2,164,208,127,96,106,25,89,186,74,242,229,108,109,61,158,68,58,81,146,179,45,38,170,12,84,82,115,150,7,120,124,158,7,118,18,57,242,55,228,132,129,151,227,200,187,17,85,11,165,199,218,250,127
65,231,43,126,25,143,13,178,94,179,154,214,213,29,170,146,167,252,53,80,76,150,166,49,233,94,149,147,35,31,124,211,22,184,89,85,212,92,158,84,154,3,152,62,241,1,41,86,32,167,194,158,145,4,67,214,180,209,240,25,3,128,4,178,38,169,100,28,22,92,155,168,76,101,84,185,66,132,151,183,73,23,105,56,50,31,198,46,92,109,128,186,94,110,178,134,206,131,179,89,56,34,46,158,119,28,35,236,254,148,100,198,25,220,209,75,173,232,189,104,138,130,108,136,7,91,175,239,127
102,254,119,151,92,150,247,12,79,86,185,59,81,153,50,60,247,186,67,18,20,251,70,234,252,13,40,147,115,160,172,97,177,235,37,47,174,131,215,0,194,58,104,1,56,122,47,246,183,202,236,2,53,117,104,30,92,177,187,171,103,122,131,112,9,25,118,120,32,250,236,132,218,192,35,202,179,165,186,204,35,240,84,161,102,101,40,165,67,15,30,129,35,83,183,194,174,4,192,83,2,56,99,66,86,244,4,99,91,117,81,227,73,107,242,44,241,240,243,207,146,188,43,252,206,168,239,220,127
246,88,36,210,63,240,29,54,14,138,100,109,222,188,209,77,218,156,97,46,147,18,237,171,207,19,162,147,166,188,145,8,40,214,178,154,169,154,0,168,184,144,130,228,21,167,33,193,167,180,253,224,2,24,126,77,127,91,227,114,44,187,219,107,117,36,125,254,228,75,114,155,208,176,103,55,57,191,218,96,48,220,211,195,18,223,236,92,108,219,23,184,74,208,54,23,127,177,214,77,39,11,68,39,102,158,184,156,209,67,98,62,3,164,139,106,7,88,206,131,50,31,118,128,213,69,2,122,127
175,13,66,151,62,191,83,252,1,171,207,140,192,234,243,105,33,248,216,53,209,201,205,134,114,149,238,92,59,64,247,165,32,127,109,67,65,239,202,91,75,184,111,74,78,15,56,182,236,76,207,246,178,34,254,39,15,20,181,206,93,220,231,175,34,63,110,110,170,234,187,232,134,186,221,242,179,165,184,145,57,227,38,114,160,80,208,83,128,18,201,117,236,19,72,205,27,163,115,122,58,114,44,135,226,196,71,52,208,50,87,172,12,108,130,173,176,143,35,146,193,172,72,61,245,137,53,210,127
200,154,146,90,92,102,119,32,146,207,43,151,151,240,44,204,162,170,155,239,179,98,49,157,68,137,195,203,18,188,26,76,195,215,121,23,203,142,208,226,65,59,92,102,14,166,117,172,46,119,68,60,144,52,217,241,168,190,152,38,114,69,162,135,54,154,116,134,15,39,129,209,225,85,244,25,1,176,8,103,220,91,5,243,174,94,181,85,98,211,208,154,69,194,32,66,81,62,88,180,86,14,25,2,30,188,58,166,59,44,71,215,52,15,84,31,59,116,198,178,51,2,53,253,190,104,209,198,127
60,190,8,158,112,51,204,235,201,11,240,51,156,19,156,70,58,226,221,53,39,127,249,110,17,251,244,52,123,95,189,239,37,101,147,140,36,89,24,22,139,109,117,49,104,61,34,115,144,20,55,13,29,235,28,145,63,127,27,14,10,236,51,194,210,235,52,143,11,104,221,249,182,228,18,227,242,193,55,64,198,52,169,207,145,12,229,133,191,147,226,143,192,38,11,173,186,19,193,92,174,52,126,228,19,193,106,26,31,179,25,39,65,145,26,118,122,185,76,15,223,52,33,16,154,209,140,40,127
64,13,82,173,24,60,241,57,130,2,168,247,226,216,156,100,161,221,2,146,48,173,124,81,101,15,231,213,63,27,16,198,139,230,159,159,17,30,14,54,107,192,130,173,160,171,67,171,157,148,178,246,129,37,171,1,249,102,68,103,247,38,67,26,245,144,40,128,162,109,227,84,40,127,83,197,113,9,105,161,120,101,132,21,104,223,67,66,153,44,133,108,75,217,203,30,174,8,191,211,203,11,227,247,251,92,11,44,48,75,178,174,51,211,93,229,82,107,75,165,67,32,237,126,18,121,221,238,127
242,127,69,142,174,97,239,235,109,82,209,171,49,77,219,127,183,21,30,121,157,186,110,191,177,109,58,96,232,209,56,136,10,104,229,16,250,224,169,106,177,82,189,32,205,246,153,171,190,183,212,70,185,202,245,204,28,113,220,64,225,117,151,142,9,86,54,186,227,37,240,18,183,72,78,212,37,248,36,127,150,79,57,129,249,164,198,39,129,160,163,244,78,42,109,162,31,180,197,125,207,249,175,220,161,155,86,147,135,236,115,242,85,21,139,160,136,225,177,241,25,0,185,59,133,76,217,15,127
230,218,161,120,228,236,203,70,146,168,204,68,85,75,73,219,16,102,163,222,182,55,19,152,50,253,88,175,53,127,69,154,86,120,106,109,174,216,148,123,248,230,24,237,0,50,1,202,39,184,148,73,96,39,28,67,84,82,47,47,133,73,19,139,53,68,181,35,39,221,62,7,234,151,124,163,85,77,143,91,17,53,182,241,227,23,218,238,49,95,77,199,144,91,7,169,57,78,232,163,85,57,153,254,153,129,75,215,118,128,182,203,177,62,91,150,190,1,167,202,139,75,84,218,56,25,229,184,127
178,58,121,120,28,118,7,27,118,79,50,231,76,188,77,224,186,32,208,246,240,222,129,67,176,19,115,69,188,18,140,98,164,190,128,146,126,146,35,212,106,52,45,153,46,76,2,250,72,72,49,7,99,95,30,130,133,225,193,209,85,15,47,79,34,109,149,48,153,99,228,150,228,27,126,98,229,141,134,220,251,153,94,28,186,200,235,253,182,249,142,77,31,207,86,5,114,222,38,197,126,250,28,7,194,67,76,124,217,193,30,209,101,75,12,80,203,219,193,221,45,244,131,135,106,190,175,150,127
180,232,98,24,243,97,56,237,32,181,64,108,45,235,132,32,122,10,224,65,58,8,237,214,235,12,206,43,73,27,33,208,22,160,251,140,64,33,166,51,215,52,142,11,114,188,227,135,246,120,205,106,250,3,116,238,213,11,212,194,199,73,94,2,67,176,254,194,96,248,214,70,176,144,169,179,139,176,144,6,57,108,25,246,59,103,144,198,38,79,88,237,41,28,240,249,133,180,32,74,151,166,122,114,35,203,200,100,20,180,214,150,204,239,75,116,155,69,148,109,251,30,137,178,163,79,15,166,127
4,24,221,103,151,170,201,158,206,102,160,207,92,106,69,101,74,82,62,111,168,41,176,233,93,64,70,88,121,122,34,92,106,231,126,17,152,11,72,77,196,235,59,165,47,1,77,39,29,88,213,39,15,215,20,65,141,189,27,185,126,114,39,95,89,60,106,253,83,197,140,184,233,240,103,37,219,117,148,85,3,10,76,250,63,229,128,46,247,120,224,197,101,132,97,11,107,48,205,126,209,24,164,127,235,93,156,232,207,0,232,167,97,117,179,156,212,25,96,30,173,70,73,55,126,98,17,158,127
136,241,36,26,42,198,136,110,31,158,32,4,122,91,247,139,203,78,214,134,192,201,31,29,197,116,235,158,173,23,166,218,236,114,198,27,85,82,6,120,241,118,144,58,102,37,48,19,109,180,201,170,237,102,11,96,221,192,99,126,236,140,76,158,175,221,6,101,183,147,8,55,221,228,58,196,30,103,65,124,17,29,218,227,35,241,79,80,44,9,117,5,48,35,194,148,232,212,106,235,202,202,38,167,54,219,100,73,178,159,80,199,246,253,200,115,64,88,85,7,243,70,28,225,229,53,10,71,127
115,68,196,189,223,83,21,78,10,236,66,177,185,99,13,17,55,170,29,129,7,80,92,128,105,104,157,7,138,191,160,22,6,105,227,192,48,204,38,106,246,249,176,189,249,113,221,118,201,87,228,159,142,193,210,78,65,172,23,187,66,93,196,61,137,172,31,213,188,141,18,128,134,134,140,253,167,242,195,155,106,74,147,222,109,14,253,198,79,115,32,186,254,148,220,186,182,28,202,132,62,16,243,24,101,235,61,221,201,25,198,85,190,182,165,190,88,14,249,235,45,100,36,53,86,218,196,137,127
223,177,11,78,250,44,70,157,162,81,26,137,43,72,176,172,161,32,12,203,181,122,50,24,147,220,46,156,100,123,132,235,4,133,76,26,98,243,4,32,150,55,15,53,204,106,229,23,208,115,73,66,177,212,139,187,111,168,100,207,117,202,253,142,233,229,176,29,68,121,175,185,124,245,241,115,176,100,251,146,120,184,107,33,37,10,99,138,201,184,51,128,26,220,67,34,142,236,207,33,88,211,125,247,70,56,218,18,164,126,144,54,219,169,136,139,209,165,209,139,53,13,254,18,187,130,253,176,127
16,166,241,194,226,112,251,75,174,174,199,185,6,207,176,167,87,205,116,80,169,245,74,79,152,192,66,31,39,149,122,74,42,64,26,225,18,166,140,227,28,75,155,74,159,116,1,30,253,204,252,156,150,178,69,98,195,205,37,234,161,222,108,184,197,167,200,166,21,244,228,101,189,18,220,130,141,220,249,126,46,49,232,254,226,24,25,56,214,111,126,102,173,4,172,69,162,82,253,12,172,148,138,74,206,125,151,87,123,223,245,123,70,102,231,103,249,29,69,252,108,132,224,102,127,189,20,93,127
37,185,49,245,93,40,175,110,18,120,215,130,223,85,126,160,198,93,47,34,39,32,90,117,7,12,154,51,46,78,15,69,196,200,251,209,35,181,110,178,63,22,177,186,34,215,51,72,188,213,252,27,125,147,1,117,7,165,169,185,77,92,57,58,58,29,32,58,238,21,182,32,237,115,7,14,135,159,57,248,176,145,141,92,218,84,223,171,13,154,99,215,219,26,128,65,130,144,56,77,243,77,193,27,62,136,64,254,145,165,136,98,87,243,185,140,71,134,21,237,154,196,167,26,112,187,120,208,127
39,161,22,145,230,97,221,127,236,35,208,142,200,149,182,235,192,140,12,18,11,114,52,19,131,102,195,117,139,228,241,189,62,41,210,97,201,243,231,248,81,66,84,8,20,245,248,140,3,76,248,24,74,178,118,97,148,232,240,251,242,43,187,2,101,90,148,5,79,89,59,21,109,176,203,246,157,75,241,167,211,139,146,167,117,132,173,250,114,138,86,74,187,90,50,144,40,157,18,235,2,50,131,230,103,191,222,131,95,28,154,20,12,174,98,166,130,186,40,209,254,228,118,127,18,112,160,45,127
67,51,125,102,70,150,171,107,2,31,115,73,157,32,81,166,45,252,202,56,26,132,155,48,135,207,54,5,214,212,88,175,166,112,85,127,53,206,229,157,87,2,10,137,114,24,23,212,20,251,37,72,177,141,86,175,87,210,29,70,96,218,108,13,10,47,186,146,126,230,123,151,72,112,69,103,112,118,88,34,164,117,222,77,210,70,84,128,241,86,251,92,247,104,253,246,252,234,249,103,6,213,6,220,59,197,86,25,51,233,43,138,65,235,71,106,53,254,140,175,28,202,164,16,227,110,175,184,127
5,91,102,220,142,141,174,122,124,225,205,79,116,247,192,55,159,24,12,161,254,220,171,239,15,76,53,124,223,131,52,98,98,28,149,124,63,179,21,97,203,12,136,140,121,54,1,166,214,239,38,146,204,52,208,34,249,199,19,137,158,152,187,9,77,47,144,1,130,143,85,158,199,51,48,164,89,15,234,67,161,101,249,28,135,153,217,81,32,222,114,229,23,208,9,38,221,218,37,77,113,69,1,189,157,131,101,100,17,185,110,208,100,200,0,55,158,1,146,149,151,101,184,84,50,226,14,68,127
251,199,7,120,246,220,55,14,189,248,157,81,251,31,182,165,232,235,64,104,216,197,123,178,106,135,2,36,48,92,25,247,150,35,21,100,131,64,102,226,8,53,123,254,112,37,201,37,138,170,246,83,15,62,166,62,210,37,190,190,98,230,179,175,87,199,195,137,200,87,208,172,226,231,195,108,108,19,214,176,201,88,113,204,42,244,86,211,22,252,128,117,14,235,53,6,84,203,248,202,37,4,44,241,180,147,213,76,212,125,32,96,241,175,122,230,125,63,75,182,124,157,215,146,127,42,16,132,127
83,154,252,216,69,75,129,252,174,105,58,31,223,36,125,197,87,69,239,238,231,70,28,130,60,31,241,79,158,185,166,20,126,193,247,118,182,45,30,90,61,215,205,196,114,178,252,103,239,112,46,152,4,122,226,192,89,187,5,58,199,76,121,244,206,196,186,133,113,124,1,108,199,16,68,107,204,200,11,130,131,192,178,50,5,71,220,3,204,124,145,148,32,171,239,46,108,93,100,168,136,167,63,91,202,238,63,232,91,71,44,233,173,203,217,58,120,150,196,70,167,1,205,89,217,36,34,62,127
163,98,185,147,245,2,128,99,133,105,2,170,55,93,182,34,125,102,90,254,130,129,242,45,77,48,87,101,167,196,8,106,163,47,182,224,103,216,124,87,219,169,220,46,162,9,112,51,179,127,153,130,120,76,91,104,167,226,8,78,47,56,112,238,16,225,237,34,174,169,58,102,243,158,172,2,49,209,247,114,240,31,197,153,26,114,96,19,219,68,96,117,185,235,135,80,181,147,194,51,198,134,80,85,53,76,173,134,107,33,27,238,223,246,32,220,81,140,85,87,119,191,253,90,156,191,101,46,127
33,156,216,223,201,240,204,40,221,197,209,171,190,121,181,137,250,35,55,133,56,77,110,178,122,99,242,82,106,153,189,82,235,16,87,109,181,139,164,97,177,186,109,41,46,61,80,37,44,245,182,61,51,5,210,43,89,250,196,200,232,130,168,199,47,114,213,230,8,77,128,236,236,26,120,0,21,54,172,4,116,221,207,80,147,8,212,94,157,40,214,190,31,50,165,156,152,226,159,8,137,172,235,220,152,139,91,90,20,161,110,39,70,180,71,33,64,40,34,81,184,25,23,82,94,33,192,19,127
67,143,229,149,210,205,215,125,185,196,55,163,104,237,109,253,84,146,67,225,246,140,226,157,67,95,73,79,169,179,122,253,208,218,50,182,47,68,12,32,181,52,121,237,0,148,77,42,229,245,6,24,233,232,233,240,128,194,169,54,147,119,240,94,67,65,32,53,42,238,179,158,158,164,210,105,15,91,151,158,169,170,213,191,161,130,120,32,19,68,216,132,236,204,34,20,248,73,145,205,243,6,215,165,85,13,224,27,55,144,225,53,177,54,48,180,66,36,148,56,231,49,197,5,201,17,35,44,127
232,167,43,196,157,24,194,62,24,167,173,88,169,132,138,19,185,27,27,103,61,217,201,176,8,24,126,85,164,20,142,4,254,37,6,80,15,141,203,178,198,82,185,22,173,45,158,9,54,247,132,209,246,46,100,86,253,70,185,206,120,52,211,35,186,160,81,212,59,230,242,227,74,8,235,147,46,86,199,92,84,187,187,162,91,0,6,48,173,158,30,51,15,22,14,114,160,253,190,201,182,85,224,202,169,74,136,117,68,141,157,199,81,115,69,185,178,76,71,119,29,221,159,107,122,30,76,126,127
102,68,169,49,231,181,56,47,33,140,27,130,14,45,209,109,188,114,5,162,19,62,215,21,40,166,43,216,86,163,30,53,159,90,17,67,194,84,98,217,103,141,104,233,12,98,52,79,127,166,163,249,163,59,13,80,20,125,18,242,203,105,125,199,57,94,44,34,60,252,75,245,141,45,129,87,187,93,178,36,237,251,192,131,87,60,48,247,173,156,117,199,169,249,31,131,94,180,1,241,170,175,164,191,117,110,161,52,154,146,14,33,77,109,7,112,127,11,4,177,68,182,243,129,204,6,183,218,127
43,64,166,158,179,100,109,168,230,1,111,218,215,159,54,35,72,108,66,141,114,167,109,220,34,28,198,192,211,128,153,129,235,98,18,49,202,247,22,237,123,122,174,205,236,93,221,108,70,28,127,183,192,33,54,166,186,166,53,226,40,63,177,162,242,205,126,152,183,70,139,30,167,141,89,66,89,244,42,248,99,20,41,116,246,200,112,1,187,24,163,83,177,216,60,203,142,62,42,155,10,43,205,90,83,181,38,71,166,164,130,167,242,205,27,81,211,181,103,103,7,157,86,44,133,82,192,145,127
182,156,20,120,144,100,88,184,38,5,137,22,150,31,47,96,172,17,186,114,143,67,26,91,76,1,37,110,229,120,238,31,62,79,70,87,56,65,184,51,128,154,45,163,88,92,177,160,66,108,237,97,41,51,207,84,136,190,247,26,3,1,9,213,86,199,12,35,167,10,216,204,121,204,176,118,209,144,51,79,5,245,182,161,167,117,126,186,185,78,96,169,3,165,56,186,86,247,217,6,10,195,246,103,7,196,66,133,74,142,169,150,251,72,84,119,92,95,144,54,238,249,92,249,158,138,154,94,127
240,5,85,1,40,33,243,194,88,40,150,105,216,142,102,57,186,144,247,205,205,168,8,103,76,129,39,35,189,167,228,194,237,245,145,146,198,243,169,77,46,244,19,104,22,246,173,26,128,31,227,240,229,169,246,152,23,49,19,116,75,139,123,244,127,225,52,29,158,209,59,210,68,50,130,17,141,141,179,176,222,2,33,21,226,172,79,191,28,219,70,176,73,32,184,65,118,237,95,33,16,247,219,218,218,152,160,41,78,125,75,25,76,9,232,137,207,211,247,95,59,213,46,202,101,192,198,12,127
215,121,164,52,103,183,61,2,158,25,241,39,145,203,182,114,105,21,168,167,222,36,146,28,108,94,116,247,176,222,34,2,69,44,137,206,38,60,106,217,20,179,200,225,212,232,33,146,9,120,39,11,221,62,155,71,102,251,31,210,50,138,230,60,135,169,153,110,132,116,63,79,214,96,149,177,201,205,184,168,77,23,233,99,229,72,12,116,244,155,81,8,159,168,98,202,252,89,177,252,243,43,80,64,154,36,107,124,106,167,197,52,227,246,168,86,19,179,107,182,163,133,215,5,2,230,164,2,127
104,191,33,217,165,227,190,138,120,240,104,201,248,233,176,163,148,209,122,189,163,217,196,215,69,150,144,160,91,113,13,218,22,89,88,151,138,51,14,230,232,65,143,58,108,201,54,207,1,193,236,130,9,150,80,174,208,127,202,166,249,229,238,92,130,52,218,225,236,40,201,18,137,175,53,165,114,159,65,56,230,218,92,221,1,189,138,240,182,129,82,241,102,101,100,177,152,26,24,208,63,47,85,93,77,59,180,12,161,152,190,54,231,63,78,108,84,120,148,7,157,241,174,78,41,15,207,119,127
111,51,16,116,157,81,84,242,246,182,84,254,210,30,154,8,116,65,124,176,9,250,151,220,55,184,87,99,1,2,75,157,68,23,23,206,8,247,247,76,55,9,14,199,217,24,54,199,81,188,234,4,137,88,33,67,166,50,239,176,222,133,85,64,57,72,124,108,241,151,244,85,3,6,252,101,169,245,237,222,71,60,26,241,227,8,157,107,202,186,242,19,196,186,72,222,49,247,133,29,133,97,243,77,60,178,76,155,147,64,85,190,53,73,65,155,91,23,167,63,242,1,28,173,189,125,154,107,127
74,126,90,162,35,112,168,4,35,74,63,162,197,196,212,171,150,176,48,76,106,181,143,105,17,103,147,10,154,26,190,190,241,222,134,152,86,246,72,46,107,5,189,142,47,31,13,68,28,40,244,175,130,40,137,206,152,156,159,139,27,188,163,111,201,145,160,125,1,124,100,233,15,151,28,47,113,116,110,0,88,68,232,156,31,217,208,188,204,144,37,89,243,164,183,164,250,69,246,177,214,205,48,235,188,147,23,91,48,164,232,171,236,250,156,197,67,210,245,214,12,60,130,110,102,153,154,82,127
49,110,91,57,95,147,157,67,175,249,39,116,205,128,172,188,3,153,144,170,244,123,53,95,243,163,6,163,227,219,25,119,137,163,146,10,47,197,177,97,176,202,193,96,204,224,143,119,144,222,58,171,187,139,56,11,182,94,22,57,148,220,6,94,117,64,76,191,35,143,56,132,214,75,202,130,63,143,252,25,165,251,200,75,8,12,223,169,217,252,28,31,172,193,140,88,151,112,122,114,119,95,53,153,136,248,127,233,242,21,180,12,29,233,3,166,153,232,201,224,243,116,218,251,180,226,73,119,127
112,224,146,207,194,145,222,22,21,132,70,19,141,212,40,105,228,159,195,225,198,153,245,31,116,128,199,172,43,59,127,113,47,130,45,102,251,43,132,177,55,218,127,138,7,117,1,59,170,138,237,35,239,51,138,114,139,84,99,112,112,30,142,245,155,152,100,186,42,59,88,35,164,120,189,24,3,102,103,24,134,231,56,0,165,254,37,23,85,72,191,57,244,209,191,175,203,76,192,82,14,208,35,38,208,93,106,63,117,31,188,9,173,222,234,160,78,171,61,186,229,127,4,32,216,128,104,170,127
88,54,58,120,180,200,245,25,44,100,9,181,174,232,64,23,221,179,56,81,37,221,155,79,161,76,165,85,168,197,121,13,237,179,84,247,148,186,121,7,188,138,174,9,72,164,143,209,230,86,5,122,146,53,36,202,106,135,154,92,175,203,154,245,127,150,129,197,231,169,82,151,94,248,114,183,186,124,34,189,189,253,142,100,180,118,180,68,37,105,17,100,117,217,125,138,77,244,208,26,211,240,66,149,162,45,96,101,182,186,146,154,30,193,165,251,75,61,166,14,198,149,138,1,149,209,221,160,127
187,107,63,124,4,201,216,240,193,252,165,66,65,48,131,193,61,219,102,65,160,197,59,212,53,229,2,26,138,212,161,251,113,185,254,234,213,19,249,75,26,80,254,225,251,178,70,217,152,186,201,1,197,151,187,198,214,86,28,216,149,69,87,228,77,122,52,10,87,116,230,102,121,39,168,22,13,80,136,68,187,20,51,194,14,184,154,92,80,24,215,237,205,90,133,194,121,193,64,35,114,147,193,184,177,54,177,148,103,138,79,128,171,152,167,211,17,125,62,27,254,20,48,219,179,187,56,224,127
41,227,113,61,236,44,50,153,3,63,228,163,120,152,5,16,160,26,141,189,86,119,246,107,180,207,235,214,103,241,22,47,215,236,104,235,225,134,113,32,244,90,6,246,207,207,1,248,144,63,184,57,129,230,250,175,124,164,59,140,142,178,4,219,163,198,78,90,127,80,4,236,127,17,64,109,253,30,192,138,144,61,189,214,31,46,76,116,34,99,220,110,179,218,166,126,121,155,222,190,205,145,30,203,188,253,72,24,137,56,144,106,76,1,173,229,54,10,130,45,201,55,179,60,185,4,164,92,127
152,19,124,118,238,108,117,90,130,223,175,152,248,133,13,12,137,37,112,216,47,128,111,229,94,92,146,122,131,224,36,171,26,114,40,102,224,5,70,121,30,149,201,149,159,13,53,179,206,176,140,238,75,218,51,71,171,131,93,121,102,154,248,107,66,4,43,183,47,19,174,169,207,142,250,110,158,207,238,176,132,192,138,203,129,249,192,72,184,82,136,23,177,182,141,183,61,185,69,92,214,117,210,131,217,189,4,92,40,108,116,141,50,195,250,248,5,191,69,13,176,157,145,146,152,252,224,30,127
34,13,254,240,142,135,96,252,186,90,178,238,206,214,187,130,153,6,114,241,40,227,138,214,23,16,242,77,112,151,190,252,156,44,217,37,207,85,176,134,176,59,144,50,58,70,57,48,87,46,7,9,182,35,156,173,127,79,69,135,114,57,222,175,29,216,226,12,53,109,14,236,50,180,129,19,236,41,127,83,107,220,52,117,72,122,6,253,22,227,34,11,130,157,220,68,116,104,101,26,225,50,68,43,15,20,74,153,125,71,253,205,84,62,37,190,245,34,161,174,145,164,204,152,49,211,63,97,127
45,164,25,254,238,9,120,15,31,160,182,214,112,74,6,74,70,114,197,193,221,208,106,132,246,238,250,126,2,174,64,144,22,98,167,204,234,147,164,244,203,118,115,71,65,133,168,135,41,217,68,114,157,105,178,226,58,1,234,13,177,205,137,217,1,253,115,9,80,56,253,245,223,245,165,7,64,25,129,112,77,129,119,50,88,128,121,32,202,5,136,195,16,86,61,11,87,81,224,72,111,194,83,245,218,68,63,240,43,242,56,82,219,223,104,27,9,26,241,214,144,237,52,152,190,244,209,26,127
124,243,33,130,205,205,235,218,195,239,231,18,185,107,219,251,129,49,160,193,78,247,194,223,111,242,154,10,63,74,133,80,52,195,179,165,68,223,124,115,94,154,164,107,146,182,46,130,79,71,16,69,103,199,212,190,84,148,188,13,200,142,93,25,99,26,41,42,236,182,208,158,2,6,127,87,168,35,151,4,65,250,230,110,238,203,146,208,47,215,124,31,99,232,79,50,176,199,111,209,11,124,119,51,24,18,109,70,69,171,165,74,189,99,55,123,154,10,158,67,90,212,77,96,217,230,253,128,127
188,202,70,94,197,160,15,247,23,168,36,148,246,114,97,222,53,127,151,0,26,118,80,59,213,127,87,25,29,67,249,209,17,234,133,170,252,189,32,117,165,188,77,9,98,183,109,61,16,241,234,127,187,32,121,59,43,70,7,72,121,182,169,247,121,158,227,82,100,4,73,181,44,113,87,121,89,189,98,117,65,129,202,185,3,162,251,185,179,151,16,52,203,189,31,34,217,120,7,71,106,83,230,168,3,248,198,224,107,214,2,91,253,220,249,232,94,138,46,252,134,244,154,203,147,81,1,53,127
243,246,245,189,236,14,134,135,249,228,1,80,118,76,67,238,74,45,101,91,75,126,195,121,226,248,165,96,240,123,7,13,82,74,83,238,96,79,241,58,106,164,57,7,153,32,114,109,103,97,133,183,199,28,79,214,220,187,125,69,16,184,83,9,223,128,136,179,198,219,147,187,26,62,110,60,64,219,161,166,117,167,246,155,227,252,157,235,16,55,47,81,176,101,224,38,94,159,164,179,212,43,30,94,40,90,48,4,245,207,150,70,70,77,205,219,61,193,164,233,34,145,1,52,38,166,237,86,127
191,90,226,56,81,89,44,46,36,8,119,151,33,56,108,68,180,136,105,72,82,159,241,236,163,9,30,204,85,75,133,116,134,203,147,59,104,232,36,222,150,50,21,239,58,94,220,251,203,248,163,75,194,61,73,126,106,235,101,33,45,151,13,215,251,109,232,88,115,95,188,53,108,56,56,207,94,146,253,108,189,129,38,119,21,75,139,112,251,127,72,77,46,70,111,15,187,152,2,133,189,118,253,114,140,36,39,241,12,239,100,189,40,174,149,124,218,104,118,162,105,53,209,210,78,126,5,115,127
167,195,202,128,142,162,249,174,81,215,87,2,248,124,153,68,245,35,130,34,202,37,133,126,217,151,206,192,116,215,220,48,237,222,91,187,177,12,25,45,42,243,6,238,216,193,144,9,181,179,3,142,93,42,1,50,101,69,45,179,66,135,127,24,180,211,14,26,203,196,90,71,162,147,17,119,27,172,20,28,89,207,25,199,240,137,85,83,145,178,59,34,140,46,247,194,44,167,68,200,100,26,158,67,85,190,54,229,242,169,237,168,153,5,219,146,237,20,122,205,251,216,232,187,73,185,104,163,127
28,197,59,124,63,95,97,222,199,209,231,201,223,149,83,87,69,21,162,214,237,85,121,234,168,15,66,74,167,145,173,38,254,185,21,114,130,179,154,46,3,18,173,39,42,1,40,182,169,126,197,121,119,146,156,246,158,133,140,121,223,97,30,4,164,167,98,226,107,36,171,154,35,48,27,26,161,165,121,24,244,44,100,34,180,68,127,244,50,0,163,100,127,85,67,86,25,87,116,231,80,77,125,5,12,147,211,244,100,93,71,73,236,99,199,64,74,150,37,115,62,16,151,138,25,51,175,56,127
209,42,39,174,95,13,11,146,151,249,190,103,102,25,209,149,163,208,65,125,149,95,216,139,112,148,43,229,1,29,218,175,226,37,90,114,35,201,116,159,105,53,236,128,164,17,81,47,77,240,242,123,72,24,61,240,48,243,145,117,88,170,175,38,98,168,36,18,110,244,207,105,173,116,56,139,10,49,18,206,25,253,200,152,62,16,124,231,204,6,75,208,125,92,238,91,194,250,176,188,23,195,46,179,188,2,123,134,143,172,236,218,249,177,53,101,171,78,98,51,149,106,240,247,190,134,76,116,127
243,109,93,188,124,215,154,168,145,219,229,102,169,145,47,185,216,206,77,191,103,241,114,235,216,149,28,31,178,162,217,201,33,154,28,59,62,42,200,90,234,44,195,44,132,204,57,8,190,172,75,123,198,156,165,83,74,171,207,95,253,178,19,154,159,88,66,181,117,233,238,73,158,6,59,104,159,205,80,59,163,74,177,174,143,87,184,51,127,201,241,82,218,163,14,11,94,175,232,208,246,93,27,14,131,3,98,214,213,210,158,225,37,0,189,6,215,67,177,189,182,224,36,150,106,31,126,184,127
175,140,22,34,232,222,212,199,16,64,174,92,197,157,218,119,152,162,124,66,72,57,204,176,33,40,50,215,191,30,121,133,174,222,108,10,121,3,136,221,20,120,28,186,184,76,174,64,124,197,214,161,245,12,202,158,161,117,18,202,96,210,139,192,158,45,42,217,113,220,74,32,96,93,95,90,250,127,170,247,189,58,13,248,222,198,50,238,154,174,161,220,157,80,115,92,9,106,244,210,167,85,116,220,108,129,61,194,164,125,79,16,217,235,38,196,28,229,164,175,237,60,101,182,211,64,171,238,127
67,69,121,77,213,218,60,93,14,47,202,231,183,84,244,227,159,125,71,7,111,240,59,161,7,223,223,56,183,104,178,181,238,127,12,224,59,99,80,143,2,9,195,115,17,155,233,85,90,250,53,167,80,162,190,84,90,151,120,117,204,136,35,225,180,128,138,232,233,30,117,25,93,55,126,169,82,138,147,64,57,132,52,176,173,15,190,72,128,213,102,92,243,241,70,108,16,32,245,82,85,198,218,123,92,249,250,99,107,149,34,207,213,248,15,215,32,204,242,25,112,110,38,133,134,166,171,198,127
62,145,178,203,46,84,158,2,127,94,221,124,213,91,182,98,86,199,247,145,108,1,164,21,1,68,61,153,102,196,215,207,226,34,29,28,198,147,203,155,88,216,25,253,30,50,158,175,37,65,15,206,177,157,240,24,96,135,35,44,106,35,151,110,161,126,206,248,207,43,231,39,51,239,128,197,226,117,231,198,161,128,221,85,208,19,92,100,219,135,66,153,145,201,30,59,37,152,115,200,51,126,188,244,143,32,36,175,94,180,106,160,60,88,32,132,231,231,230,59,5,25,136,244,12,57,40,35,127
1,241,26,17,81,122,1,222,120,74,190,233,83,227,230,200,32,241,121,3,89,82,170,226,89,136,22,228,71,20,16,106,186,98,94,182,93,26,201,10,147,170,236,65,188,246,56,8,99,189,108,116,0,48,117,114,35,211,244,63,250,163,181,6,171,25,113,181,222,104,22,73,27,115,187,59,166,161,97,128,93,26,58,62,27,206,16,126,225,143,36,207,159,12,111,206,117,83,88,188,25,173,134,30,121,233,132,48,248,136,6,174,181,17,29,14,73,101,188,19,7,31,145,85,163,40,60,210,127
3,87,99,54,245,22,202,108,100,75,18,64,187,45,172,153,104,165,160,236,142,20,68,234,184,193,52,199,106,108,149,110,6,93,6,101,215,63,54,88,191,131,111,197,219,62,41,212,121,221,205,116,111,200,1,136,218,48,73,3,73,232,235,147,81,217,16,210,49,90,230,162,139,60,3,136,144,116,197,15,30,171,59,201,93,19,163,123,133,159,209,151,95,19,211,133,159,113,110,133,142,179,243,90,241,123,162,136,98,190,54,125,58,237,163,126,250,8,220,15,115,88,16,48,83,228,14,6,127
232,92,108,51,49,155,60,125,138,189,51,20,75,33,80,188,210,98,74,217,45,201,121,223,34,131,109,241,21,151,168,230,103,227,180,177,165,32,190,43,157,139,197,40,178,163,6,140,228,8,26,223,201,223,246,2,133,39,249,175,81,88,244,41,39,240,100,122,132,39,27,39,168,9,165,138,150,207,183,217,58,136,137,19,194,34,13,46,244,241,80,65,73,176,145,83,77,208,214,14,172,89,199,117,68,40,41,231,142,183,108,189,241,45,9,188,90,225,147,90,128,34,90,112,110,120,87,187,127
42,195,227,225,69,98,213,242,94,27,162,236,97,136,59,243,134,17,175,189,226,11,145,80,206,105,129,233,135,99,93,110,213,31,136,214,219,103,22,22,145,133,236,60,93,250,26,66,69,108,86,57,234,35,178,74,27,136,25,251,207,213,51,243,74,40,206,213,82,211,127,49,221,120,84,192,25,33,129,241,54,31,77,64,171,0,187,114,214,21,47,179,129,131,4,207,51,97,223,149,235,253,143,54,39,182,195,138,89,84,150,236,137,81,210,244,164,8,193,32,143,146,206,174,16,163,101,131,127
76,10,83,9,221,253,21,30,23,124,52,203,202,172,80,193,35,172,237,141,252,229,192,64,160,184,212,236,25,148,7,156,225,188,145,145,171,221,105,9,185,143,162,29,180,96,17,12,44,149,73,68,239,18,133,117,43,59,127,151,141,118,215,93,250,22,248,210,21,250,85,71,121,51,47,27,189,140,97,115,30,153,52,38,98,146,177,69,46,3,205,88,81,32,40,123,53,42,3,206,132,136,3,125,151,215,212,201,40,253,224,132,209,37,197,210,207,148,21,57,93,237,203,165,229,202,35,31,127
124,184,239,227,164,82,66,184,62,28,231,150,7,148,64,9,246,119,249,22,59,43,33,24,37,230,116,34,174,242,207,76,3,207,48,115,150,106,216,174,26,181,34,6,39,57,122,248,84,100,55,173,70,134,9,80,65,61,25,85,50,50,228,137,150,157,99,229,149,116,151,73,26,103,121,74,99,182,25,187,185,9,138,187,129,182,187,231,95,210,63,185,187,16,250,240,136,147,81,44,33,250,11,207,57,44,47,167,95,112,192,27,92,199,200,146,212,34,11,232,44,188,233,228,243,10,91,61,127
241,171,205,99,86,154,37,87,48,249,192,72,155,216,11,126,38,191,66,14,171,233,180,22,12,155,165,167,96,31,99,166,11,158,126,230,12,77,176,4,159,93,137,2,16,232,75,60,11,36,226,136,102,170,135,151,251,217,1,61,170,178,199,97,226,231,163,81,142,173,132,65,47,202,224,182,135,243,158,218,91,207,62,216,253,160,60,249,72,211,88,8,240,2,25,243,119,63,9,44,76,144,101,247,180,21,156,70,229,121,164,221,202,233,77,197,102,73,20,118,56,123,223,59,106,48,3,16,127
145,104,76,224,218,91,235,137,77,169,40,25,5,8,56,189,97,180,160,113,84,191,108,76,244,67,21,18,16,37,106,223,226,247,39,219,128,148,19,75,14,10,78,218,111,34,68,235,55,9,24,163,196,172,144,163,125,86,183,82,66,200,48,35,134,23,89,229,190,79,91,220,140,193,135,5,69,128,178,37,39,9,129,58,40,164,195,229,83,15,135,178,232,150,2,134,154,95,124,132,28,194,91,80,142,139,56,101,206,25,161,42,136,4,129,3,98,32,179,38,218,110,69,206,110,96,114,90,127
115,9,146,64,114,63,126,181,246,71,114,64,137,132,111,13,108,50,133,184,86,206,133,18,186,76,227,26,206,202,214,25,49,96,99,226,113,206,195,239,22,110,179,195,45,61,60,211,52,74,193,115,48,142,28,69,133,35,230,16,144,15,83,245,93,11,60,50,147,175,187,69,107,114,22,209,236,216,175,241,144,81,180,202,191,232,62,206,122,69,22,24,181,142,226,2,135,29,20,155,26,27,213,166,83,110,165,169,17,116,155,122,241,105,65,112,149,120,24,239,145,22,105,70,196,112,200,192,127
129,232,148,96,114,199,216,183,93,162,37,64,88,63,116,167,238,119,242,86,202,33,26,76,142,21,21,13,153,231,127,32,62,206,7,58,64,116,91,26,153,43,86,71,182,102,189,3,107,237,42,214,196,160,197,183,43,121,128,85,247,131,47,1,182,126,84,129,58,241,149,56,44,33,90,103,147,236,165,21,119,198,32,215,243,132,226,127,223,83,106,213,207,81,217,77,102,62,230,55,199,136,175,95,120,205,94,127,103,72,112,21,99,30,216,48,29,78,144,119,35,202,117,94,127,63,77,68,127
53,75,180,185,249,36,32,108,222,205,134,248,62,103,72,12,94,138,108,135,30,78,13,78,218,30,244,83,31,64,134,104,147,175,185,171,158,145,154,202,130,232,89,236,110,5,100,75,251,224,211,124,89,119,74,236,198,159,21,111,179,210,89,62,17,222,141,130,29,245,139,218,186,64,81,64,124,49,249,101,237,70,112,190,41,184,74,92,184,125,49,203,206,194,193,191,148,170,101,99,25,138,167,107,16,35,137,171,100,116,194,99,33,80,125,7,29,113,39,103,62,246,133,127,61,131,188,124,127
58,104,222,32,228,32,176,29,81,198,67,35,20,116,235,125,42,123,232,71,58,40,119,216,35,199,188,239,65,159,3,192,136,5,51,44,146,30,69,136,70,129,135,164,12,193,37,88,128,213,109,251,201,244,100,121,118,177,109,218,31,243,81,102,31,169,86,241,194,254,72,130,214,6,14,17,33,86,109,192,204,196,174,174,208,82,9,226,157,198,193,134,222,179,153,248,238,8,162,144,149,121,119,16,208,63,104,121,180,234,79,220,157,201,12,8,108,227,20,188,69,164,187,102,114,155,1,200,127
36,90,200,142,124,143,206,80,194,23,107,19,151,227,37,22,70,247,167,189,186,78,68,164,208,158,241,199,157,120,140,74,248,40,123,94,120,198,182,166,185,63,216,68,74,113,193,79,92,241,175,246,207,40,147,92,24,244,27,160,161,232,146,145,146,238,30,83,239,241,153,158,35,101,123,152,153,141,14,190,252,20,113,85,45,182,57,164,107,84,157,237,4,62,12,189,96,214,193,52,11,104,112,219,193,224,34,195,138,127,76,244,19,226,23,164,24,201,231,103,250,83,109,2,67,96,215,246,127
17,5,49,137,78,226,155,147,239,27,196,4,45,168,13,158,210,104,23,141,247,53,3,204,199,211,33,107,170,7,112,10,17,88,117,12,53,175,91,122,227,83,43,36,16,152,11,210,181,111,138,22,227,90,147,27,214,47,27,202,251,173,3,38,48,153,98,247,194,240,180,35,168,43,251,250,27,219,80,192,30,162,225,246,61,96,158,78,36,122,197,26,137,94,143,38,212,49,93,141,39,198,143,121,21,86,2,10,190,137,9,60,81,48,39,164,50,104,248,67,243,202,37,52,196,238,203,205,127
139,55,108,240,159,49,13,222,146,91,197,126,160,226,154,9,185,144,74,167,220,77,159,78,84,151,238,251,56,127,35,105,94,224,97,177,20,210,158,244,77,53,27,182,135,115,181,231,52,184,17,198,227,132,251,49,140,151,89,140,174,135,204,199,137,243,228,189,40,111,16,82,204,77,51,101,47,78,69,160,93,81,1,207,87,223,190,117,51,204,199,182,228,112,141,116,199,172,139,220,212,207,219,197,134,169,210,140,38,172,156,75,56,31,173,239,247,51,87,178,3,209,49,102,211,234,204,195,127
184,100,116,115,176,16,72,28,3,9,130,176,144,228,32,193,183,155,201,36,245,100,189,94,65,31,200,224,175,214,133,241,115,227,205,49,68,43,230,22,153,173,211,191,115,38,157,93,174,186,216,170,33,230,237,62,28,155,236,107,61,197,42,108,46,235,77,25,142,76,234,187,68,244,185,241,118,208,128,82,24,63,91,58,136,62,189,16,103,11,126,98,65,119,121,191,107,51,168,63,41,240,12,59,77,67,20,45,242,22,247,127,143,1,58,15,171,141,76,224,12,248,124,246,168,126,188,204,127
209,106,97,15,23,59,3,153,180,119,77,16,153,31,174,116,3,245,138,176,154,186,148,1,96,189,235,97,1,253,82,190,161,139,175,242,87,79,158,148,117,85,229,62,93,151,59,165,164,92,78,82,185,44,100,117,192,245,31,85,201,86,240,148,90,58,160,223,21,38,190,9,158,96,100,150,146,135,138,234,132,219,244,2,51,225,79,94,110,111,144,102,195,200,14,245,158,135,202,251,192,207,41,111,148,250,37,130,45,77,80,184,227,61,199,246,70,219,247,66,102,112,57,47,148,184,205,182,127
238,206,4,16,36,188,70,49,75,170,188,244,145,212,60,61,37,224,52,194,216,70,41,74,185,162,61,18,42,133,28,142,129,224,94,154,206,113,13,202,208,215,154,201,48,246,106,237,21,75,179,175,21,226,26,35,245,71,52,159,81,79,20,4,228,90,248,45,109,83,83,90,246,221,216,208,3,30,79,33,254,20,63,141,115,153,224,167,252,86,147,207,41,60,233,77,152,197,165,249,197,164,141,174,46,115,170,70,244,206,169,93,188,116,171,103,141,72,124,62,56,97,1,174,147,168,103,209,127
96,128,202,53,123,166,57,224,127,143,242,142,90,119,85,83,147,138,32,146,171,190,228,245,9,25,130,114,197,146,104,226,163,79,21,7,121,125,110,173,191,201,125,43,219,132,47,169,229,166,251,241,23,26,155,99,235,198,163,196,155,168,154,209,91,232,220,70,98,115,85,12,43,138,203,163,221,185,153,195,96,200,100,10,188,103,193,177,135,165,74,79,31,8,247,21,65,53,225,44,112,35,21,91,87,15,49,165,8,135,142,134,206,165,130,253,138,169,231,201,81,145,82,237,60,211,188,231,127
146,113,120,220,92,28,239,222,73,240,140,28,66,137,216,33,174,214,230,135,112,171,85,45,192,73,241,247,65,192,229,59,113,121,187,163,18,250,162,141,163,61,236,222,105,30,253,251,165,97,14,30,103,92,135,224,139,180,134,11,39,187,121,7,13,68,3,244,86,200,46,96,112,228,199,230,1,99,81,133,63,15,95,6,163,31,158,18,107,76,62,222,138,69,37,62,252,22,115,190,60,188,155,32,53,217,215,36,128,153,126,49,112,118,148,44,174,140,87,97,208,135,63,162,96,202,86,191,127
49,50,237,90,39,246,39,104,236,78,59,200,187,137,184,138,91,171,38,26,90,117,191,53,137,252,154,220,181,107,180,230,149,13,178,105,128,36,50,33,85,168,45,32,63,41,29,207,18,161,47,42,60,173,105,68,177,191,102,44,251,45,163,97,99,206,54,229,100,221,213,196,246,176,38,210,46,98,118,49,233,184,144,108,143,213,41,72,158,28,66,106,132,75,150,183,167,213,176,140,112,31,61,180,62,209,8,237,131,50,46,173,247,108,68,20,86,235,58,66,94,23,117,95,97,92,54,207,127
84,130,241,232,153,169,221,42,51,249,133,252,37,230,247,64,48,248,215,192,122,114,219,213,1,236,184,65,176,183,126,227,178,222,78,132,107,102,44,23,203,117,110,67,126,220,210,217,158,65,220,104,93,110,71,170,48,158,45,212,127,120,181,68,251,111,205,207,145,203,180,127,127,138,49,41,9,2,55,134,158,26,152,50,178,212,77,252,108,49,181,181,230,231,35,8,233,10,238,154,74,11,41,217,242,58,98,127,194,41,252,58,89,250,47,13,188,6,11,234,117,244,106,105,176,170,52,2,127
90,154,157,92,21,136,171,57,215,61,46,234,214,88,13,158,164,227,112,219,19,172,146,15,195,230,131,213,226,67,134,115,237,231,18,143,175,180,169,221,246,127,18,158,238,122,79,183,24,123,189,28,42,48,226,87,174,113,212,229,68,84,27,161,227,166,98,42,62,46,252,196,51,7,254,127,92,127,116,67,252,157,77,170,73,70,117,14,148,242,30,189,251,100,110,5,28,226,160,87,160,215,94,235,94,167,206,236,128,199,60,127,56,220,242,185,127,210,250,2,151,203,218,122,86,40,171,30,127
17,128,166,252,215,186,84,101,64,44,219,193,158,199,202,137,9,109,251,8,142,32,235,136,79,100,78,116,135,238,70,95,115,5,111,143,104,27,3,154,54,246,141,187,133,131,198,138,126,184,19,218,137,125,189,141,27,169,131,218,23,184,182,13,163,114,94,47,244,79,72,207,204,190,217,204,10,41,118,189,165,231,141,233,76,94,10,45,109,189,120,3,220,203,18,180,112,56,30,15,126,67,41,137,84,49,206,77,117,34,55,25,227,34,93,15,138,109,186,156,78,150,130,51,22,222,235,250,127
16,82,48,82,24,89,217,128,48,120,209,27,124,215,241,45,203,59,210,204,171,19,250,99,61,78,69,31,48,15,83,72,68,200,115,228,8,215,202,33,188,253,252,105,102,217,133,131,109,168,66,250,94,185,53,206,161,150,143,232,192,209,244,57,49,65,35,249,239,231,60,201,148,45,6,214,194,96,103,133,129,155,53,77,237,197,34,222,154,40,151,38,2,33,134,122,10,49,193,112,56,69,94,200,218,11,226,2,81,98,36,234,102,51,50,75,80,75,122,146,11,22,16,54,233,26,188,158,127
176,251,235,96,98,241,25,189,71,167,165,41,88,227,24,185,164,4,254,164,115,187,202,144,186,63,104,60,28,150,141,55,106,210,248,133,196,49,50,51,71,226,73,119,64,54,53,93,6,130,5,124,136,122,226,107,93,136,155,166,8,95,90,51,67,144,35,191,229,30,226,82,254,120,42,149,88,137,221,124,212,207,115,107,82,70,248,75,110,18,81,179,240,113,11,41,215,137,235,194,250,110,9,119,146,133,52,199,176,84,221,116,148,215,234,51,216,83,76,184,247,37,136,21,175,30,55,124,127
245,141,176,251,131,20,192,164,144,159,201,90,175,128,227,121,85,87,127,73,105,63,120,19,206,199,159,57,198,125,219,243,44,182,237,225,245,182,207,238,193,214,70,107,133,113,165,35,182,43,108,44,149,24,245,15,190,58,108,108,225,33,81,241,242,184,198,151,136,197,56,192,153,219,130,151,105,43,21,205,27,105,169,92,87,246,248,21,67,240,201,34,149,80,147,152,92,142,231,144,214,90,93,253,183,14,246,117,124,229,228,235,202,86,67,248,113,130,5,119,196,234,48,154,44,93,198,6,127
101,158,151,74,38,14,108,77,96,124,40,236,96,240,174,50,174,49,12,217,175,85,75,146,9,128,129,106,231,90,140,102,175,5,13,29,99,179,24,228,215,73,218,216,148,132,28,57,150,12,18,106,249,38,228,142,187,243,188,20,212,103,49,54,136,246,92,173,246,224,196,96,43,88,139,74,178,154,71,196,195,105,51,33,176,127,168,136,193,226,138,195,105,241,94,23,68,22,46,133,216,235,75,217,247,219,159,12,218,125,114,129,117,74,227,14,130,110,60,245,107,129,197,108,92,24,7,252,127
241,69,3,248,220,223,27,216,122,84,105,126,178,57,249,46,99,185,158,12,189,80,159,42,121,163,187,238,121,86,229,138,203,130,177,68,44,177,28,94,108,46,238,112,196,249,121,133,33,239,244,224,114,229,151,118,101,156,232,216,20,106,152,90,79,104,202,143,86,194,122,67,127,118,220,238,74,129,86,148,171,206,167,109,190,41,187,126,112,248,229,19,188,174,10,29,118,41,15,224,238,97,37,205,176,175,64,220,187,99,60,12,181,42,95,154,50,104,29,110,27,103,40,202,21,166,86,111,127
213,133,185,248,24,197,175,231,60,182,58,84,60,16,194,9,198,102,249,144,243,204,237,87,32,58,58,243,91,163,64,185,24,222,18,153,250,228,209,79,188,226,140,41,199,98,74,61,130,231,160,9,126,41,202,71,217,204,82,236,91,118,52,81,209,34,23,31,138,98,162,35,150,173,33,37,145,50,95,215,194,71,86,67,144,63,229,236,186,73,164,162,175,59,168,126,161,120,180,126,169,77,231,114,74,172,72,16,49,244,94,85,178,97,40,5,1,187,149,158,230,97,210,46,78,153,159,238,127
199,135,97,206,111,78,23,195,18,238,133,115,193,23,104,50,152,28,144,150,70,11,103,159,19,130,37,55,3,193,203,56,252,133,146,61,236,162,164,102,73,208,184,182,89,130,46,213,106,109,23,30,120,52,198,31,63,3,59,1,38,185,89,105,177,168,190,247,59,19,250,138,18,234,195,116,112,102,37,136,205,21,20,205,245,179,24,32,16,147,221,203,8,218,66,167,100,222,174,226,88,170,13,252,200,185,69,153,197,116,243,36,168,181,50,154,44,81,156,109,239,114,102,116,206,207,107,124,127
117,128,108,32,43,168,137,131,96,106,131,77,110,92,104,90,53,180,213,200,43,228,1,11,140,128,87,231,48,1,199,94,130,0,226,37,57,237,80,148,58,141,253,153,41,48,180,120,228,251,119,36,57,123,243,145,162,116,227,203,161,100,154,5,167,154,169,90,110,126,16,49,31,137,66,60,156,243,183,217,58,59,233,21,212,228,73,83,101,95,142,215,31,225,64,179,247,99,209,67,254,197,153,99,37,175,95,89,187,138,209,35,227,131,128,98,134,20,85,239,99,19,48,69,247,146,62,138,127
63,167,217,16,197,48,44,199,27,163,76,142,60,30,220,42,161,65,138,89,24,8,28,110,217,178,72,42,225,249,71,167,88,150,197,147,82,232,229,225,235,238,249,35,230,177,53,116,9,72,76,100,250,113,166,75,192,192,117,184,230,215,250,79,107,129,81,150,94,213,173,29,175,68,69,86,0,149,54,234,19,80,169,132,118,153,141,136,226,8,130,184,45,224,236,166,91,145,180,160,122,159,90,245,3,13,90,228,170,183,122,92,38,44,14,37,100,1,142,248,169,185,182,173,140,130,73,58,127
3,81,3,78,26,219,136,212,150,188,57,184,210,131,36,51,88,146,79,45,60,138,102,242,174,235,136,234,163,82,28,83,244,79,174,61,119,209,19,7,5,217,211,162,184,30,69,2,35,99,180,184,91,116,195,196,61,136,215,53,84,222,231,211,56,221,249,126,237,42,9,193,122,153,12,124,204,189,197,148,148,122,76,95,168,217,253,67,144,212,14,107,33,83,97,24,57,206,3,158,248,104,174,88,251,86,145,116,66,153,145,114,140,29,59,56,90,101,194,203,90,162,2,32,74,0,39,62,127
8,13,209,192,15,202,147,134,58,78,103,173,136,155,3,11,155,104,127,175,65,181,127,112,150,31,233,10,96,151,158,169,68,31,122,250,237,163,122,191,163,113,95,187,4,64,166,175,216,128,94,183,128,113,72,141,251,133,188,62,211,53,236,5,191,195,181,51,216,131,119,74,82,144,139,14,210,42,28,67,143,206,213,164,1,105,155,215,78,181,95,175,18,55,97,102,91,115,100,58,233,109,204,36,171,27,84,239,136,249,1,111,222,94,7,209,164,212,81,223,84,167,131,26,84,26,111,127,127
166,60,111,2,8,90,241,104,184,233,224,132,180,223,73,221,166,177,124,141,173,191,65,87,219,166,61,124,142,29,45,116,45,175,61,131,34,54,197,156,236,201,20,53,40,19,227,99,85,219,164,246,27,31,44,173,199,169,118,185,45,225,114,51,147,165,136,31,40,159,227,146,115,247,223,70,160,212,159,18,250,186,56,92,88,56,217,207,253,14,217,164,102,11,237,207,218,104,51,206,49,45,130,171,227,121,19,31,133,92,239,51,16,185,5,157,210,173,121,159,191,97,163,241,232,130,11,93,127
244,50,211,176,220,48,198,159,38,36,162,133,132,64,5,103,47,157,212,57,210,218,1,48,58,191,133,20,149,152,172,40,179,81,39,154,246,59,128,149,94,206,195,153,234,229,206,188,194,248,123,143,42,102,147,82,99,34,211,118,51,153,146,247,5,224,150,33,77,156,238,88,188,239,97,80,122,185,40,158,180,250,104,156,21,186,96,37,97,130,233,113,105,97,160,66,227,36,7,242,47,41,32,145,180,51,185,91,97,165,58,50,176,1,246,54,177,95,101,41,87,0,160,88,57,167,212,131,127
211,10,125,252,201,128,233,126,107,186,37,241,44,165,177,88,146,50,179,183,221,67,57,24,194,104,38,248,175,35,79,37,24,82,44,97,146,179,154,160,18,246,45,1,79,200,122,234,44,63,121,77,94,148,10,157,233,36,135,39,140,186,124,160,49,225,241,109,152,41,145,24,2,177,151,152,15,170,142,2,244,53,192,149,154,4,61,182,59,172,60,140,239,46,232,43,193,53,59,188,224,239,141,182,161,235,108,226,181,251,232,197,60,217,43,67,87,66,134,137,167,165,138,138,178,70,227,125,127
102,48,36,127,243,62,179,192,172,110,66,251,109,238,89,121,164,45,84,217,184,82,65,185,130,242,91,196,185,123,38,45,103,30,125,108,234,113,136,228,164,201,142,120,65,193,56,230,173,105,29,15,187,3,131,202,89,225,158,123,156,18,67,211,221,182,139,25,158,191,76,200,124,204,131,243,51,83,249,217,57,147,32,67,22,88,67,173,25,48,216,2,90,73,168,243,82,158,138,228,144,4,238,33,129,173,214,128,124,164,177,73,153,69,167,64,116,248,121,67,106,188,248,225,242,229,120,83,127
240,135,121,22,247,183,164,111,120,168,120,45,43,214,235,55,194,143,65,217,228,150,80,52,233,116,164,49,94,172,162,47,0,51,184,26,61,247,172,140,41,12,248,52,43,78,142,229,170,140,133,187,146,178,149,134,140,233,203,62,238,234,122,94,27,247,63,9,31,23,177,100,45,112,37,137,182,86,234,39,187,1,7,202,28,44,251,72,188,22,31,70,228,83,226,197,54,11,96,27,42,60,132,90,3,190,202,16,42,122,138,110,67,11,235,44,86,165,160,30,187,45,125,205,11,189,242,38,127
