92,36,231,99,100,163,243,207,212,5,162,30,75,229,116,166,195,42,22,251,200,124,169,179,20,21,231,131,240,122,33,174,166,214,17,172,87,25,29,131,207,23,49,182,115,82,54,193,37,170,141,244,125,8,213,226,172,175,178,28,101,44,126,11,206,20,33,230,137,125,23,161,101,182,57,197,187,230,171,231,5,227,7,131,194,145,180,223,49,226,44,50,48,73,12,90,221,117,236,75,197,85,104,163,52,130,48,79,161,70,82,137,89,173,218,31,250,48,46,72,114,215,130,63,56,47,232,124,127
84,154,103,214,15,14,214,86,176,28,221,105,200,194,24,229,181,135,139,144,77,25,233,1,152,74,202,197,99,33,119,238,245,135,147,183,49,2,154,177,2,105,221,109,10,221,33,158,204,179,200,80,225,148,115,114,22,39,210,86,36,135,86,109,187,115,225,175,218,176,142,162,38,211,138,237,62,152,219,181,41,239,120,116,196,7,150,52,217,224,42,172,122,38,179,201,198,79,186,192,199,125,223,115,187,211,251,181,64,22,209,36,225,46,70,216,182,1,135,210,156,35,194,124,52,150,170,140,127
221,147,11,223,60,161,41,128,64,216,4,223,51,83,99,8,133,166,175,125,109,139,185,116,121,25,167,21,180,3,124,136,207,226,113,24,24,160,24,58,91,73,60,178,234,252,30,100,60,48,76,86,3,43,60,227,13,93,183,214,209,68,58,15,28,170,224,193,126,106,148,237,86,243,159,173,172,123,205,243,182,206,50,111,54,29,111,47,140,55,225,11,85,21,253,125,125,54,2,23,73,219,41,14,77,159,28,3,19,63,214,90,64,91,197,239,20,37,231,134,66,202,69,44,177,203,100,137,127
166,140,100,223,44,178,41,190,220,213,111,163,14,89,232,211,74,4,124,193,215,142,4,139,22,162,4,126,87,143,50,154,245,188,140,109,195,208,15,231,126,124,49,98,185,208,86,209,235,10,111,20,96,197,175,176,62,132,118,41,174,33,235,151,183,51,203,6,128,191,111,213,49,95,168,148,30,9,122,124,188,142,94,56,164,220,6,104,201,195,113,60,91,151,249,164,236,127,153,11,244,88,84,232,96,82,154,11,127,251,132,234,206,48,152,228,226,12,105,19,213,224,179,4,233,73,54,187,127
27,71,1,155,207,73,228,170,80,58,184,160,122,8,74,233,88,86,43,144,2,215,50,61,155,92,15,127,99,104,71,204,242,80,76,117,201,179,131,142,248,74,64,236,92,18,187,108,132,75,94,83,91,190,132,136,80,190,224,240,220,101,29,73,177,236,162,75,153,84,199,2,21,26,182,195,2,205,243,23,41,209,231,214,135,63,254,247,194,84,222,77,107,192,186,62,60,32,76,194,169,42,59,81,100,235,164,182,239,202,243,57,90,70,124,247,203,149,35,38,158,124,149,113,120,38,8,33,127
103,252,205,47,29,74,124,218,151,84,174,165,55,122,226,195,15,74,110,231,85,117,199,71,250,131,156,60,189,210,11,54,207,16,160,217,209,224,27,115,124,198,115,11,95,13,170,250,95,216,140,149,119,121,34,246,212,9,9,31,52,177,195,172,142,228,77,112,80,209,55,154,3,121,8,145,205,55,124,183,172,112,30,38,191,111,158,244,156,194,215,245,63,135,214,188,162,236,250,242,52,53,203,248,133,228,169,90,222,157,250,11,129,173,234,186,63,214,22,159,64,39,47,169,170,111,165,12,127
82,61,154,229,102,76,63,186,199,45,191,83,235,165,138,169,73,229,195,197,55,239,169,211,198,109,245,127,42,139,181,218,1,156,102,26,113,226,90,213,224,237,76,110,11,78,61,218,124,254,164,36,4,182,183,42,77,89,202,134,125,20,62,247,147,148,131,34,117,131,237,64,165,221,108,35,206,12,239,183,118,160,118,79,112,125,150,96,24,147,201,148,124,157,73,58,127,8,153,101,97,86,124,173,41,196,133,97,192,122,121,233,80,91,117,214,173,190,245,113,182,120,93,212,185,240,224,183,127
11,67,122,90,86,25,111,116,6,129,84,155,81,13,15,91,215,37,99,119,141,217,55,96,100,92,237,197,66,114,58,50,44,133,103,34,253,216,135,155,161,85,28,21,185,99,21,100,34,24,49,237,234,152,226,57,193,19,246,234,179,129,28,51,147,174,230,155,78,113,9,9,28,237,22,9,50,96,30,180,203,82,152,201,139,46,41,132,206,39,216,153,199,127,224,115,23,109,201,210,29,213,46,69,201,223,131,231,78,186,229,64,164,182,154,10,220,145,231,51,202,103,132,151,86,172,205,215,127
140,7,153,36,195,38,97,162,196,63,85,63,160,209,10,107,28,134,98,253,71,135,249,81,163,210,202,57,173,28,216,97,43,194,177,157,70,172,51,117,120,151,231,26,144,210,65,238,9,213,85,80,161,21,172,206,181,75,148,75,91,123,79,225,62,50,23,24,170,241,159,158,162,76,161,168,26,207,139,24,32,98,75,55,128,42,148,69,177,140,59,251,220,110,132,182,82,217,110,191,156,246,153,149,247,5,174,17,235,55,173,22,210,151,71,116,230,113,133,224,13,151,35,19,222,200,181,83,127
193,240,235,244,247,77,63,226,209,233,130,52,162,192,158,110,246,227,44,104,32,16,87,106,208,31,19,184,81,14,81,224,83,69,252,227,215,40,163,3,167,30,138,19,217,120,232,252,15,85,232,35,127,94,161,151,198,222,2,100,28,165,124,104,17,209,65,254,43,84,3,163,158,117,176,240,222,163,138,24,112,246,48,147,168,99,116,217,159,170,171,118,231,122,137,9,20,115,227,250,98,252,167,69,105,7,185,171,31,118,69,63,97,125,235,207,231,68,175,126,136,0,47,186,35,128,66,194,127
215,74,109,211,55,71,47,101,202,225,4,17,104,249,4,178,18,29,74,183,22,198,210,70,210,86,156,81,202,72,80,120,53,5,8,92,125,239,170,218,209,4,195,226,246,55,211,235,219,60,193,124,243,38,191,78,109,168,117,176,56,212,212,131,191,244,11,54,59,205,6,90,133,198,74,231,5,204,149,203,174,214,61,174,143,187,80,47,41,62,176,61,176,93,12,95,237,48,73,69,126,187,146,34,230,226,19,244,3,139,211,86,21,74,125,96,39,89,180,233,227,49,117,147,61,78,91,17,127
117,193,18,32,144,206,131,67,151,225,222,156,170,17,105,110,158,24,178,21,98,37,111,235,70,20,115,106,113,179,185,172,103,234,93,104,186,29,235,91,65,9,128,182,227,145,67,202,110,86,99,165,90,156,231,130,134,43,232,236,96,23,196,232,99,86,75,179,58,233,68,25,135,104,232,68,211,163,68,39,65,42,82,67,112,100,244,189,52,249,92,99,231,116,39,2,127,51,214,61,73,115,245,215,110,220,239,100,191,219,45,225,90,30,131,24,14,34,69,145,21,202,178,25,177,217,61,13,127
77,171,237,153,12,239,122,63,134,252,104,114,27,84,221,60,149,160,90,77,38,30,18,79,235,92,110,223,86,139,149,66,226,229,214,195,237,136,241,63,47,220,120,21,147,145,154,106,187,207,65,184,73,68,121,161,253,68,251,219,202,170,136,79,27,162,162,135,253,28,252,67,78,140,84,16,184,66,60,229,230,249,183,246,196,220,22,32,46,76,195,48,254,254,189,81,227,6,243,124,5,206,20,121,82,163,5,242,95,61,77,152,39,161,248,28,250,2,26,86,101,209,185,96,71,58,218,8,127
199,56,249,124,206,224,204,209,104,167,16,85,171,12,107,200,110,58,182,12,127,221,132,15,99,167,199,247,36,110,219,189,72,110,234,120,139,250,250,127,51,162,248,176,156,194,78,171,196,202,202,125,158,110,26,204,67,21,169,136,223,22,146,47,104,179,3,13,194,190,36,73,149,251,33,19,134,82,31,49,4,206,149,94,84,75,51,38,2,211,231,89,104,96,212,81,85,169,126,106,220,75,108,40,45,237,174,226,250,212,186,58,99,43,74,69,220,62,120,204,156,47,46,148,130,122,172,9,127
79,5,160,158,127,230,71,90,222,49,247,152,248,201,228,248,82,113,50,224,154,104,151,48,70,90,13,194,223,101,139,12,193,202,86,161,193,198,193,204,82,188,129,122,133,113,253,159,66,244,40,93,106,85,89,244,5,199,92,118,43,147,72,7,217,165,98,46,57,243,53,20,91,168,206,33,70,210,92,220,25,236,9,69,152,249,158,14,107,140,24,49,194,197,202,72,122,10,241,122,252,119,230,140,24,106,14,223,28,45,114,234,21,140,1,190,45,249,12,60,199,179,62,22,184,206,12,119,127
187,143,102,106,44,6,146,179,159,113,22,203,247,102,110,57,131,128,242,105,165,171,99,22,50,84,143,17,106,210,33,103,136,197,98,75,214,250,181,226,23,133,211,235,121,225,105,204,240,212,82,21,38,185,244,236,18,16,125,247,185,134,238,126,204,204,88,197,133,74,124,100,72,62,142,34,113,69,85,209,160,121,245,231,70,143,92,134,35,70,62,168,156,165,199,233,63,184,201,47,55,91,228,32,186,225,33,182,52,18,122,93,66,199,150,101,206,232,55,157,172,29,3,236,167,3,44,227,127
209,253,154,64,29,185,224,90,188,174,238,197,111,204,142,250,215,190,196,61,21,147,100,161,94,218,19,192,175,218,242,205,239,3,232,139,175,156,39,16,139,58,36,130,137,144,40,2,154,36,193,71,239,157,101,149,63,47,254,153,15,168,93,170,179,189,158,52,114,211,54,177,10,94,115,196,154,2,230,114,203,142,196,49,90,210,29,241,44,9,111,233,178,35,132,74,244,75,146,239,214,142,214,217,117,3,194,58,162,164,247,56,183,187,91,237,6,91,112,23,43,88,42,94,52,139,32,44,127
159,97,204,34,78,62,123,161,113,66,141,111,41,163,132,234,251,235,179,93,209,79,197,3,0,124,4,223,99,61,12,218,67,60,112,126,210,57,91,78,123,46,221,221,5,91,33,33,201,13,74,136,74,116,115,101,139,107,195,162,251,52,237,137,227,40,171,254,248,17,114,146,199,80,28,174,40,167,72,209,116,76,192,43,125,193,193,185,130,25,94,248,228,248,90,222,137,158,66,211,69,105,115,229,20,198,126,117,220,228,132,40,250,229,6,91,115,128,132,186,120,148,182,170,112,162,245,156,127
77,152,168,90,157,121,156,238,92,90,48,152,85,154,89,245,173,89,20,170,31,249,11,109,76,40,18,228,139,47,83,113,130,58,90,151,42,181,213,200,14,104,237,158,254,208,223,104,172,182,89,163,7,98,8,29,174,98,11,96,223,199,70,218,133,176,8,219,103,39,84,102,69,106,184,149,91,95,11,145,151,221,85,181,170,0,10,180,136,215,105,237,120,45,97,46,39,220,231,68,169,80,96,57,24,235,250,245,47,217,187,83,105,4,141,215,135,178,9,112,25,187,23,170,83,108,18,175,127
140,241,51,34,110,20,186,103,133,175,106,234,117,177,205,142,195,229,227,98,127,172,204,47,151,212,214,111,247,47,254,7,193,184,114,205,2,106,221,113,185,13,199,43,50,48,202,250,169,230,43,144,247,86,174,188,25,53,242,96,208,240,1,200,233,147,247,208,37,146,224,188,145,132,173,125,13,126,223,151,35,173,17,209,251,140,109,174,82,156,85,205,226,159,209,150,9,202,149,245,240,118,248,101,19,130,69,254,108,207,189,169,134,147,153,246,118,11,157,64,195,165,71,3,92,141,174,41,127
15,97,123,90,29,203,34,1,174,153,47,84,236,100,129,145,118,237,163,244,216,251,147,50,27,108,154,88,208,210,165,13,42,97,11,247,141,58,184,33,8,42,213,132,202,94,179,2,201,138,203,125,121,251,109,53,215,181,208,201,86,77,71,245,157,207,44,208,215,250,132,189,208,146,109,228,191,176,89,106,130,54,132,215,30,178,105,104,164,99,147,40,104,226,18,5,251,239,252,3,221,208,83,232,127,240,12,99,102,249,231,18,196,70,206,157,107,218,136,185,62,241,4,223,93,215,121,57,127
141,33,128,151,227,123,83,130,133,43,0,44,186,127,31,108,249,150,28,230,125,30,179,97,163,183,207,194,3,126,250,66,68,178,238,142,251,172,4,205,57,171,156,156,28,180,6,25,237,139,151,222,76,107,174,35,248,190,111,54,44,106,152,252,180,126,241,150,93,129,190,32,92,193,51,81,18,166,147,48,214,73,182,36,177,61,87,224,125,199,40,34,199,5,94,107,2,238,32,189,242,118,88,100,99,179,32,205,151,34,158,99,212,70,152,51,232,143,166,115,83,101,179,86,62,215,248,71,127
40,218,47,15,95,98,144,49,232,34,129,104,101,42,248,78,59,181,197,132,236,32,40,169,249,222,99,11,198,69,235,92,250,223,2,7,59,83,61,9,47,193,108,63,120,212,166,251,252,172,98,119,90,217,12,179,136,248,103,36,70,117,115,189,99,165,63,57,142,253,58,45,64,186,23,197,98,41,22,150,92,75,238,17,27,107,29,31,51,91,55,106,145,83,126,199,133,41,119,182,81,142,36,209,171,227,188,48,55,207,113,134,139,227,114,138,154,60,181,8,73,9,109,218,56,240,249,161,127
112,220,186,20,34,53,98,99,239,190,225,95,4,132,121,71,40,229,137,197,215,51,99,220,32,234,161,55,52,254,235,97,56,30,216,30,1,152,46,181,78,35,80,150,190,94,232,203,214,130,86,31,217,168,238,55,186,207,32,16,120,56,159,227,49,162,160,126,123,60,24,22,73,227,142,250,39,44,84,62,244,104,108,11,26,139,43,196,93,129,97,144,160,141,14,239,153,185,96,225,2,120,74,230,153,55,190,24,16,26,180,209,149,242,12,53,129,163,254,29,205,134,97,27,176,138,171,158,127
145,8,237,254,119,240,26,13,113,30,118,92,122,92,68,110,35,78,119,101,136,94,203,114,162,104,174,50,235,245,155,81,132,85,150,196,175,165,98,23,233,60,54,183,103,22,78,238,25,47,147,125,90,123,56,27,244,28,88,76,191,243,27,245,106,18,17,195,52,109,49,246,36,77,188,118,62,134,15,244,235,145,161,220,106,0,147,23,71,92,1,235,0,207,21,20,249,154,107,235,107,104,252,113,115,243,209,125,5,18,216,72,64,252,36,114,146,40,218,105,223,30,239,66,198,183,146,60,127
61,16,125,245,99,90,52,118,91,216,174,25,207,74,122,169,201,216,133,220,132,9,211,93,181,191,210,79,204,176,192,176,213,238,198,117,180,111,34,105,75,184,163,254,17,6,54,56,13,233,63,142,113,2,204,63,196,146,241,250,50,91,24,60,195,148,142,6,72,37,43,138,83,15,186,147,64,37,92,66,1,170,179,128,223,160,131,119,131,132,83,174,189,125,19,184,26,33,203,129,97,206,12,223,55,129,3,88,53,167,93,224,240,1,200,182,240,71,251,139,7,214,184,148,182,89,214,36,127
190,135,83,132,244,68,86,27,207,169,53,218,150,59,30,119,124,186,32,173,92,86,40,212,227,101,49,207,82,113,174,84,25,47,119,171,249,127,175,80,24,235,38,99,227,188,223,230,88,128,179,243,102,3,3,84,123,157,200,234,201,231,26,40,116,98,41,62,71,222,60,18,229,52,178,78,229,26,158,121,252,130,136,152,82,49,201,142,83,231,78,101,223,135,94,25,234,248,199,196,242,118,59,95,168,46,173,217,229,41,132,100,71,176,110,33,110,70,58,93,21,216,108,61,181,113,60,77,127
93,74,126,226,0,129,35,25,224,132,248,34,141,187,223,114,110,125,41,208,131,222,182,173,30,158,184,240,16,75,146,18,38,63,6,112,26,234,246,46,212,95,204,124,251,145,102,211,182,102,57,42,117,73,65,157,44,81,197,72,196,130,45,68,175,244,210,3,71,122,231,31,48,141,71,71,164,71,171,250,126,91,112,88,27,27,51,195,79,80,84,228,41,35,210,42,2,152,138,61,209,184,177,133,180,204,146,203,20,101,253,222,167,203,146,193,192,219,254,125,43,81,37,215,94,65,230,12,127
147,57,206,180,139,33,135,156,198,227,65,124,195,119,7,208,92,212,31,162,226,231,107,131,178,134,1,108,42,95,3,208,90,212,206,28,40,70,92,246,137,195,141,91,25,8,52,192,129,100,157,25,244,20,205,178,86,141,87,144,145,30,251,170,39,148,252,117,31,14,128,199,30,46,113,206,94,127,27,252,91,131,202,163,195,80,71,62,88,102,148,51,234,48,238,120,191,57,142,2,65,71,210,238,234,80,239,82,175,121,45,110,66,137,210,145,100,23,64,157,151,173,138,46,230,145,119,10,127
178,143,2,157,15,110,247,102,8,132,67,234,174,103,37,24,92,46,143,42,44,80,58,22,239,128,77,17,139,9,186,217,167,157,64,203,201,232,62,60,140,236,165,239,100,37,181,88,135,40,251,56,194,117,235,33,219,125,188,233,185,118,46,233,1,104,120,224,199,199,54,138,109,120,96,188,233,14,136,30,208,196,22,251,210,228,44,152,199,251,183,44,39,16,136,225,217,126,228,109,225,10,206,128,76,40,33,175,89,236,18,156,21,74,234,58,230,202,184,218,217,91,201,180,66,120,136,151,127
52,248,153,194,163,46,167,54,185,159,169,196,80,175,214,87,69,199,155,177,98,138,231,247,212,48,147,235,94,174,219,158,75,225,195,95,222,225,45,38,57,192,214,127,35,94,179,95,196,109,186,79,214,107,57,23,95,251,224,208,229,172,208,117,46,219,185,17,68,76,69,247,196,74,154,122,123,151,206,168,158,120,176,1,113,74,70,162,222,249,73,66,21,20,196,116,15,25,189,153,38,21,226,166,232,96,3,231,129,120,48,51,151,55,175,144,203,198,132,66,193,85,119,173,219,156,191,160,127
10,85,143,4,236,225,136,245,235,76,27,68,148,6,97,252,226,245,165,8,153,108,205,242,13,185,67,113,190,32,235,39,179,93,44,120,246,164,84,10,90,253,33,41,88,38,71,24,131,214,52,154,164,212,141,121,159,119,185,28,22,100,152,90,211,55,149,60,245,30,129,164,158,234,26,30,177,112,186,28,79,236,169,241,188,168,126,196,222,110,5,89,93,35,119,251,242,144,73,91,105,100,59,187,244,221,85,130,199,117,137,85,120,239,65,127,51,168,254,232,186,4,87,21,240,75,103,173,127
5,208,126,135,92,233,147,75,211,80,182,68,75,118,120,225,213,217,154,101,106,65,155,138,57,140,132,38,249,136,127,147,217,33,71,250,54,9,24,45,73,98,159,234,237,7,130,141,98,57,109,154,7,93,250,243,131,73,116,235,157,36,99,176,123,22,100,16,204,186,159,174,55,86,73,26,102,200,83,106,80,164,5,210,99,147,53,219,245,228,243,7,223,154,213,224,211,14,217,138,165,235,38,196,154,47,125,137,44,65,60,111,29,211,94,16,30,57,211,222,102,230,30,25,104,4,87,246,127
98,217,194,208,42,72,224,61,195,18,143,176,203,253,80,198,35,117,119,22,217,39,140,126,84,22,47,21,13,213,226,247,244,131,193,227,118,107,147,56,174,184,151,187,124,46,252,228,108,22,196,66,134,141,68,142,169,148,47,45,84,214,170,11,129,36,224,139,5,91,64,117,183,232,239,135,210,109,207,52,71,210,183,142,52,247,237,204,242,121,230,155,251,213,70,111,247,120,246,102,165,134,154,193,52,76,190,42,144,43,97,99,51,11,157,60,101,148,104,203,43,55,6,1,140,82,204,8,127
247,62,140,119,64,187,108,233,127,122,12,95,122,43,180,122,253,199,237,19,243,220,67,252,64,105,175,125,111,19,126,245,138,250,4,228,235,248,134,54,109,3,216,76,172,159,101,251,119,210,250,117,42,167,206,87,248,202,139,106,135,63,10,47,69,170,194,171,124,134,160,248,210,253,251,60,150,46,183,73,140,40,224,186,213,219,173,74,221,17,106,184,19,18,114,2,37,177,251,129,201,127,187,165,233,201,84,140,99,221,90,144,200,12,42,235,5,64,34,24,155,139,152,77,205,115,26,226,127
27,57,102,168,40,70,135,222,140,127,42,105,49,10,13,77,152,168,251,95,66,51,240,9,44,142,41,204,165,190,154,185,136,79,140,21,38,197,12,74,102,167,137,157,34,145,202,3,136,159,121,36,212,156,111,58,108,137,210,183,50,97,99,165,10,43,131,176,18,139,103,75,103,73,65,126,7,220,204,117,11,3,58,168,181,17,26,54,2,251,93,15,10,65,2,98,52,20,136,184,87,70,192,188,60,71,141,16,9,188,12,96,2,67,228,10,218,173,118,23,141,252,136,220,104,232,118,254,127
215,185,90,2,202,80,186,101,179,6,66,33,152,201,244,249,235,168,173,159,93,46,146,200,105,166,176,158,51,223,179,29,39,107,239,95,209,202,180,238,206,190,50,222,128,155,127,118,228,108,229,122,4,1,19,25,189,117,156,23,7,167,237,123,6,114,117,237,71,213,95,65,246,123,86,171,241,138,180,2,240,40,120,251,36,142,204,236,15,244,112,85,117,61,63,131,237,0,169,104,230,238,32,59,226,86,225,249,230,239,182,0,147,198,52,252,193,122,87,150,134,254,167,62,91,75,156,196,127
118,33,39,28,228,250,230,111,133,14,147,30,162,90,166,191,51,44,226,126,42,15,170,75,150,123,157,133,157,72,125,6,212,177,152,52,140,52,72,22,9,32,75,212,23,211,74,140,44,130,242,150,108,162,246,253,240,144,57,58,242,21,212,239,90,117,25,123,240,157,73,202,17,39,99,31,46,192,169,229,80,159,85,223,211,17,91,201,174,213,244,242,111,186,27,253,143,227,207,76,223,149,45,32,97,93,53,104,42,174,103,193,8,229,191,213,95,55,175,56,86,23,140,113,160,68,40,138,127
242,132,157,233,61,9,23,14,138,226,226,115,70,6,19,249,99,117,83,89,76,33,12,146,77,204,117,78,222,34,18,7,96,62,191,122,232,43,243,24,97,99,154,111,229,210,228,245,187,169,192,216,81,115,112,206,27,128,241,199,37,25,139,174,218,137,158,103,73,123,240,124,10,91,77,144,244,180,175,45,29,154,28,36,20,215,225,122,149,134,149,90,222,81,249,207,177,251,141,108,98,40,118,95,93,167,166,130,190,40,121,152,240,35,124,158,104,2,244,245,151,204,174,185,245,157,251,206,127
83,73,176,203,78,7,153,149,223,254,24,112,191,129,49,133,66,112,8,51,32,90,40,0,252,144,37,215,159,207,85,177,223,174,69,252,111,131,217,80,162,207,99,160,98,182,169,23,54,197,194,111,86,4,177,188,33,123,150,41,165,62,99,100,239,51,215,21,209,218,129,29,230,129,23,140,227,102,67,48,8,97,119,101,144,189,230,52,216,77,59,42,213,251,23,244,26,212,183,55,69,19,97,163,105,66,128,222,102,62,31,200,64,215,210,209,75,26,155,32,10,210,249,215,234,185,115,128,127
220,5,202,60,12,233,104,54,58,199,219,183,181,64,197,46,197,239,211,217,139,87,124,109,63,236,241,252,161,35,127,147,164,54,224,153,116,13,104,84,162,81,26,93,189,32,167,15,13,35,179,124,92,216,223,41,37,80,172,206,87,60,45,69,166,146,44,215,152,200,225,28,25,44,77,15,204,122,182,35,186,220,133,88,2,228,58,31,118,119,244,88,93,33,19,209,249,26,71,109,169,131,84,185,178,235,92,40,76,213,17,198,69,200,99,234,215,107,44,170,105,93,38,138,213,241,59,63,127
113,191,80,220,140,3,171,54,68,190,227,159,126,250,229,215,31,61,218,14,102,247,40,116,58,116,174,25,247,56,119,251,172,176,199,56,154,205,41,243,214,35,186,210,30,253,0,232,95,208,119,208,147,106,70,23,26,175,140,252,214,228,15,2,160,74,224,123,2,185,171,32,42,53,1,32,100,176,160,130,176,67,112,137,183,203,181,37,163,23,175,220,151,224,246,59,249,254,11,40,130,59,216,159,63,195,175,210,121,235,4,181,39,217,186,78,76,61,92,155,16,63,3,223,0,233,6,5,127
174,95,147,189,16,222,151,84,17,207,6,185,90,228,226,180,218,247,109,1,172,70,224,32,96,183,142,90,220,182,91,26,151,14,108,161,49,129,165,137,250,219,102,0,181,76,42,91,229,203,164,189,209,53,235,156,122,86,245,40,225,219,3,53,55,117,168,213,156,247,35,57,107,40,202,192,232,84,27,6,27,62,210,143,25,57,251,99,89,211,202,90,106,100,55,111,132,228,238,11,111,138,230,90,253,74,34,109,98,168,205,140,51,92,20,63,48,9,180,133,226,71,130,246,184,50,129,151,127
33,213,175,161,102,178,5,165,126,116,16,166,1,86,156,60,160,1,131,243,123,120,49,159,127,101,206,193,84,162,150,181,113,246,44,105,228,55,244,41,78,95,163,75,16,93,167,247,75,252,244,74,180,174,87,161,169,158,63,116,48,93,223,112,151,73,204,149,126,212,239,20,37,186,51,102,100,49,31,224,166,147,150,44,123,84,45,196,195,54,160,14,240,235,249,123,95,160,24,26,209,4,109,93,228,209,99,136,125,2,126,208,123,158,57,235,72,41,161,240,144,136,162,163,104,148,120,223,127
151,109,127,1,26,29,198,181,113,72,123,162,122,84,108,24,30,167,165,173,204,93,131,93,225,218,59,217,23,213,241,66,58,93,95,42,204,227,2,60,131,243,232,147,83,28,13,19,250,214,160,73,73,80,44,227,115,137,194,103,64,2,220,101,141,80,188,44,185,84,227,211,6,9,218,2,127,165,31,194,46,81,204,13,15,182,146,214,178,218,64,202,155,152,218,138,185,111,7,212,15,224,160,203,181,192,164,80,253,228,22,134,202,113,204,137,79,27,80,97,213,149,182,213,85,207,99,32,127
79,159,233,36,78,182,59,168,28,42,80,11,248,92,36,110,178,12,19,180,213,128,166,116,55,130,46,207,21,47,64,48,202,233,169,159,14,163,235,100,142,248,40,44,174,228,112,254,192,171,126,134,145,31,221,133,234,196,42,48,250,191,249,179,246,9,218,155,204,132,123,10,41,72,244,50,202,242,1,181,252,144,247,45,86,25,161,165,42,211,131,101,7,179,9,70,70,31,152,247,235,136,215,184,107,213,72,85,10,189,235,249,70,98,106,139,9,244,240,172,17,233,234,185,91,60,157,153,127
27,87,29,129,6,240,240,132,13,150,21,130,51,143,21,200,8,159,249,34,182,99,5,207,206,20,69,156,248,179,6,99,99,5,119,13,232,150,36,185,166,56,102,26,205,35,45,3,93,49,148,110,124,38,1,107,227,52,5,154,4,135,31,79,165,67,185,68,122,17,0,21,27,152,224,41,224,239,28,170,1,220,213,172,85,217,106,215,225,12,185,233,90,2,135,136,184,54,96,92,59,20,187,245,26,65,134,159,103,252,210,122,108,124,134,163,140,57,119,95,28,43,249,127,18,100,17,179,127
110,128,187,227,32,142,180,18,252,5,63,78,102,137,117,235,171,149,6,71,81,16,20,190,133,214,232,31,124,63,216,121,133,238,177,184,244,216,131,184,106,76,117,146,83,95,175,217,154,42,42,252,53,156,162,1,156,143,36,85,123,219,215,139,164,67,136,98,33,41,58,117,110,161,81,198,79,247,225,69,45,134,205,234,14,107,160,251,234,77,68,33,208,105,183,179,200,167,3,208,223,144,74,184,54,62,77,20,199,251,240,5,9,109,29,38,250,161,120,215,175,51,43,51,191,102,254,20,127
106,105,212,107,252,135,30,205,210,65,172,136,125,2,198,229,164,39,161,43,23,116,58,2,91,181,247,103,37,134,222,150,233,238,243,188,18,218,27,97,186,98,229,38,148,216,120,185,97,179,50,33,138,109,240,152,38,97,72,76,72,38,150,73,198,225,62,94,215,128,195,156,68,167,88,14,216,134,205,73,224,82,184,24,156,29,45,179,25,214,236,193,25,22,18,14,96,136,106,147,249,5,102,216,29,69,152,160,193,166,6,223,201,45,92,172,96,121,211,203,108,185,116,4,184,207,110,39,127
77,145,54,139,37,88,246,155,250,158,111,32,61,53,82,245,60,121,161,161,176,158,13,202,77,67,171,113,127,86,193,175,73,67,184,135,138,225,199,42,1,187,204,98,224,67,68,34,124,91,150,247,71,154,195,131,155,49,228,24,220,155,119,46,80,233,108,83,32,24,242,137,33,60,139,177,142,88,43,246,15,105,46,199,236,192,122,252,96,34,130,40,4,118,101,113,159,181,19,4,160,79,97,194,51,56,36,65,92,193,16,22,65,144,30,111,237,130,35,39,242,2,22,175,225,179,201,154,127
244,12,39,124,199,135,99,25,180,98,21,234,19,147,129,13,243,81,162,104,230,39,32,47,10,35,11,179,33,70,195,224,19,26,12,232,237,191,120,37,117,206,169,29,248,49,190,215,198,57,88,60,163,115,66,188,247,60,86,225,199,61,103,87,85,78,154,253,21,185,152,41,124,158,3,45,107,206,206,159,12,53,221,28,117,31,207,92,116,20,191,116,20,48,109,189,25,30,248,216,146,236,242,162,35,78,146,29,93,112,48,97,223,173,83,59,28,89,38,128,27,79,140,183,249,38,95,10,127
3,112,226,191,203,30,55,214,18,152,52,80,63,150,238,247,122,11,124,65,246,173,178,115,242,8,2,69,142,225,180,130,234,126,133,126,133,120,89,149,58,102,182,64,42,172,164,231,70,48,130,114,125,171,32,16,17,93,107,173,138,180,50,174,70,102,31,80,109,201,39,75,106,167,54,14,195,87,113,53,236,220,87,248,35,43,211,101,80,10,71,77,56,65,32,172,105,217,107,184,174,244,199,196,102,153,241,8,215,158,254,86,157,23,251,24,49,78,142,237,88,111,47,45,241,219,233,193,127
251,69,72,16,168,15,183,249,182,161,74,34,97,202,107,243,242,73,152,42,214,146,136,24,12,190,171,56,178,9,59,35,228,98,107,29,240,135,85,51,66,159,188,174,226,127,93,5,198,222,65,148,211,215,131,86,87,220,30,99,133,137,72,124,74,40,189,199,164,161,210,201,196,33,85,164,92,104,179,25,143,18,186,7,39,11,143,28,33,60,131,201,173,143,171,210,114,96,32,173,10,137,234,35,99,213,105,33,172,125,178,217,87,70,43,88,97,102,192,164,142,52,13,65,65,247,175,219,127
148,149,77,204,148,33,125,199,18,41,57,198,75,20,222,224,235,168,131,97,161,130,85,50,5,127,128,155,162,108,150,68,73,8,33,167,153,235,133,13,66,164,29,2,115,39,97,178,254,178,26,118,98,117,166,24,231,191,150,226,11,161,7,160,250,246,207,93,55,32,183,67,30,231,37,135,19,112,187,189,67,34,237,232,195,247,90,92,160,226,126,40,34,104,63,69,102,219,33,141,236,91,93,29,4,152,8,57,164,68,37,202,182,61,130,175,62,74,113,66,87,205,28,234,65,40,1,199,127
89,117,222,21,90,52,4,237,181,60,63,196,165,31,219,83,220,246,208,245,73,41,170,60,134,116,239,10,68,151,49,3,123,55,124,101,121,229,135,212,181,21,18,22,93,237,245,229,110,44,119,66,114,178,19,178,204,237,18,199,180,145,249,63,250,61,240,26,2,17,195,125,1,174,158,217,168,31,215,212,202,230,96,63,126,226,12,70,206,241,57,75,70,81,250,186,208,246,169,65,202,204,72,146,233,16,75,90,188,29,126,149,191,211,51,44,145,150,178,19,44,226,112,112,148,253,254,232,127
87,196,207,85,113,4,34,250,27,33,91,246,129,178,251,125,197,137,8,230,70,91,54,186,72,75,192,112,80,218,149,122,245,198,19,190,250,97,107,70,127,241,251,60,159,87,37,49,240,92,24,54,92,80,33,157,155,203,188,206,189,15,128,26,36,142,136,54,5,91,78,232,140,48,14,146,202,159,210,7,226,131,44,9,107,189,163,59,188,208,8,25,105,178,246,202,165,243,221,117,193,108,108,204,2,203,224,172,194,14,33,169,208,25,19,161,27,9,171,93,242,162,200,217,186,115,208,113,127
178,99,92,64,254,20,155,106,101,13,161,66,75,220,43,177,65,131,36,219,163,224,49,240,20,31,203,37,88,191,58,131,6,87,206,176,85,72,235,181,85,183,16,1,143,41,44,251,184,230,1,235,12,2,208,194,8,65,214,91,95,47,233,219,90,235,235,219,126,155,220,16,177,131,198,69,251,168,212,205,15,167,204,24,221,46,127,151,101,87,221,2,166,230,139,100,217,185,50,112,225,12,54,174,28,88,93,79,244,73,6,135,87,203,28,108,121,4,39,59,243,209,44,70,123,19,120,115,127
2,135,136,48,135,39,152,98,168,169,244,38,213,177,110,138,44,49,101,83,223,174,202,124,142,45,242,252,130,217,70,193,156,89,241,86,228,173,81,75,73,168,159,49,54,18,213,48,154,73,252,243,51,228,28,186,27,209,211,20,167,117,55,115,26,110,165,104,18,55,223,232,91,82,99,29,25,137,213,76,226,140,238,30,122,193,236,233,56,57,156,101,160,241,245,84,76,60,117,177,29,55,187,75,46,92,5,69,232,73,180,242,181,246,139,145,152,64,13,232,97,207,149,197,200,191,227,215,127
104,2,165,231,61,220,149,57,140,147,44,224,38,84,252,169,167,31,239,20,204,105,144,245,248,21,172,18,131,199,65,203,3,128,211,119,156,172,166,60,126,250,45,158,240,178,67,39,134,131,98,20,209,230,77,47,29,101,238,224,198,115,253,93,84,133,142,104,66,13,221,88,12,140,28,226,185,230,65,224,107,161,28,3,215,99,80,246,250,116,87,99,236,163,164,172,53,64,223,116,194,223,121,110,188,237,116,245,11,234,26,253,158,158,195,26,159,127,70,76,202,124,81,166,249,65,194,162,127
157,237,67,140,209,130,94,222,223,246,28,215,5,46,17,1,149,68,111,206,220,134,25,103,121,32,138,165,98,158,1,124,39,146,54,34,50,205,160,97,217,154,166,241,249,43,216,160,185,176,27,171,12,192,144,85,248,172,73,30,35,195,151,57,175,84,154,231,144,17,182,139,20,96,37,94,249,107,78,9,103,215,19,19,58,6,96,30,212,177,47,156,150,14,85,138,63,205,12,125,133,15,195,210,17,152,205,159,176,93,219,17,155,244,187,78,115,95,33,12,65,94,150,103,113,24,253,81,127
153,43,194,151,92,160,26,249,74,231,250,202,246,52,252,91,18,190,205,30,4,229,79,1,214,192,122,163,123,181,99,156,74,80,28,12,141,253,38,207,239,159,44,208,85,176,32,132,215,190,98,83,56,223,159,241,144,67,223,90,129,54,216,234,106,94,1,77,4,230,148,254,101,191,250,41,24,70,138,75,157,1,80,193,233,140,204,176,85,49,21,16,79,60,186,135,224,213,184,146,244,88,87,20,130,146,75,107,118,40,155,223,238,245,33,53,33,175,152,3,93,112,171,85,219,49,106,36,127
101,1,52,198,251,13,105,74,12,145,21,158,134,117,78,187,34,221,104,242,171,203,109,27,59,14,43,112,60,157,63,117,174,208,120,13,190,131,197,142,246,19,110,221,242,173,46,108,171,201,229,250,156,52,143,6,50,111,215,233,53,69,193,9,25,214,43,188,157,143,82,85,231,134,8,97,158,217,16,131,229,7,56,164,210,75,72,219,55,232,115,210,150,233,126,166,191,230,231,154,184,170,99,0,164,56,56,109,134,138,11,28,237,46,135,202,100,169,254,130,158,131,27,5,84,152,249,6,127
253,158,96,154,227,239,112,156,170,143,38,159,202,238,35,147,233,12,37,14,31,41,178,50,128,39,128,73,113,58,152,212,229,171,31,8,195,204,103,119,7,117,54,115,73,97,197,14,47,71,134,60,202,9,178,8,211,7,65,221,235,230,90,43,227,58,26,31,179,148,11,189,95,20,175,12,97,31,195,61,51,149,128,210,66,121,145,135,31,39,233,221,146,88,152,9,193,229,150,189,19,181,131,140,89,3,57,125,133,239,72,240,164,121,93,217,7,105,87,23,186,29,73,19,56,3,135,185,127
19,21,104,244,22,126,158,110,50,135,55,187,78,177,9,36,201,226,34,225,121,91,92,58,201,160,8,5,180,234,28,40,192,244,98,80,18,77,83,156,76,213,5,146,126,237,110,13,18,30,223,112,173,141,116,131,64,244,12,120,28,126,49,2,101,32,60,92,69,51,18,13,140,34,141,145,169,67,162,76,164,80,8,200,78,36,87,243,152,192,55,121,230,56,77,178,81,178,91,170,28,234,240,161,148,142,122,52,120,48,86,9,184,135,60,216,7,157,150,245,223,149,125,160,126,118,73,35,127
246,224,171,1,240,231,201,240,183,196,27,197,113,38,45,224,110,237,147,93,160,235,175,18,73,164,100,151,251,252,230,128,241,83,89,54,196,250,78,4,235,218,26,197,168,170,140,61,218,160,19,5,151,16,17,185,75,177,75,61,232,202,69,144,31,117,70,208,190,65,197,165,199,106,180,175,86,210,35,38,172,1,236,252,240,211,40,191,32,27,96,11,171,124,126,89,136,241,77,10,108,1,30,124,74,24,51,105,203,112,31,200,170,157,58,96,207,27,50,98,31,190,30,246,186,125,107,97,127
164,228,249,218,165,200,171,204,181,183,3,178,35,133,116,151,114,27,229,146,54,3,206,43,226,103,65,206,37,195,194,231,170,105,53,188,222,241,30,252,43,7,30,150,61,113,151,25,47,128,230,132,134,143,142,43,26,17,174,1,244,243,72,88,230,159,33,135,54,237,160,55,102,160,208,181,130,143,253,248,108,0,250,7,169,176,71,219,85,215,15,237,9,45,174,21,247,65,106,166,85,238,10,180,205,63,173,236,232,27,28,85,131,27,22,51,236,28,49,1,140,36,63,63,59,72,79,21,127
66,233,0,47,106,3,244,211,216,88,55,142,14,230,46,66,2,230,13,253,24,134,102,106,163,7,172,11,250,83,58,41,168,65,78,31,252,97,245,196,44,119,160,204,152,41,9,209,5,34,170,126,216,114,156,176,14,21,187,49,110,86,82,80,186,98,185,160,105,138,232,192,53,68,32,197,186,164,210,222,60,250,62,14,200,72,232,246,218,168,16,30,148,125,48,143,52,60,209,240,110,84,101,240,84,38,232,21,169,242,100,49,157,164,203,94,229,74,101,157,232,140,128,174,204,36,58,22,127
197,186,41,217,102,73,207,211,63,190,21,119,164,165,103,18,108,127,126,105,60,179,103,222,135,100,40,147,122,39,50,193,194,178,200,184,151,113,122,217,25,231,236,137,206,243,33,244,122,110,58,184,59,110,162,84,70,211,32,162,227,15,3,83,210,202,157,227,191,92,107,122,165,201,154,162,73,58,239,34,149,77,247,213,130,156,251,167,104,163,27,193,136,183,97,212,7,60,234,54,192,166,100,117,119,9,80,107,108,164,134,108,78,158,172,107,33,133,250,144,1,26,226,3,62,132,175,170,127
187,147,143,60,119,202,75,174,237,250,36,117,158,23,135,66,19,158,10,182,47,182,189,230,247,36,18,173,35,142,108,6,18,113,201,239,155,65,208,93,234,203,120,202,137,3,58,34,33,228,195,102,79,148,157,189,181,94,25,187,210,101,173,98,117,20,178,160,211,84,50,154,172,201,252,224,246,58,2,224,185,30,171,241,65,185,164,148,207,141,167,108,26,236,234,173,146,225,213,244,191,136,216,209,162,73,207,154,150,67,45,248,176,164,131,231,37,123,41,114,95,182,216,93,223,55,137,29,127
177,252,216,18,145,13,97,65,219,159,27,174,107,176,7,173,244,69,94,45,253,11,114,191,195,104,79,94,7,22,151,28,128,169,65,140,35,177,64,233,130,9,164,243,22,159,200,107,33,58,172,232,186,153,192,39,240,49,105,129,193,16,86,94,131,124,121,94,34,95,75,208,194,100,31,119,201,99,105,27,34,60,148,58,121,215,129,81,52,193,230,106,36,75,174,126,11,169,41,208,95,217,148,172,5,195,85,31,168,192,53,66,192,111,1,70,227,128,159,238,5,190,120,34,141,203,42,220,127
227,44,19,204,77,199,122,166,32,84,92,167,106,175,231,200,45,180,43,25,10,84,198,98,230,87,206,17,42,209,254,44,150,66,74,178,106,71,98,9,23,222,75,235,215,16,175,15,246,141,71,120,69,141,143,226,68,209,58,44,207,44,200,17,50,17,81,29,131,126,179,127,89,181,197,244,62,190,128,42,181,195,103,219,227,218,202,222,171,155,147,61,137,77,107,244,82,11,3,212,205,242,190,117,142,209,189,124,237,11,130,157,33,67,247,166,25,135,88,252,194,230,14,122,153,233,67,1,127
154,136,237,146,157,53,243,88,27,196,224,65,1,111,131,161,70,225,159,215,245,31,233,150,105,82,220,2,225,35,45,64,3,154,182,9,119,129,88,253,189,244,187,211,31,199,151,178,185,58,20,106,103,125,0,47,9,148,246,146,134,48,197,12,242,203,180,13,55,123,106,73,62,45,248,46,52,16,181,249,228,59,20,76,246,167,55,225,173,161,175,80,69,250,148,248,37,77,46,216,3,105,45,112,50,239,119,169,161,73,243,215,177,112,142,82,64,101,167,35,238,167,71,3,206,45,233,147,127
217,94,88,195,59,220,105,164,33,66,154,44,87,235,60,191,168,206,203,114,109,75,106,132,218,18,38,194,240,21,46,2,149,130,59,165,110,78,243,145,185,254,70,216,88,216,79,114,144,111,188,191,67,137,184,137,41,213,37,22,52,15,62,94,1,238,231,47,95,220,164,229,67,84,74,87,209,90,227,33,98,29,73,63,29,35,199,215,75,233,107,96,175,248,177,116,53,30,247,79,231,103,75,22,37,57,192,137,194,57,247,89,97,246,118,222,129,130,178,76,229,144,91,217,56,243,248,168,127
33,77,241,199,124,179,252,64,118,144,222,61,95,182,16,185,7,246,147,10,7,43,34,186,242,101,202,47,14,70,94,148,74,169,222,112,114,78,212,97,180,73,72,34,54,70,3,100,141,130,32,157,207,100,35,149,169,120,98,142,151,199,74,238,85,209,181,192,67,162,109,105,134,182,108,70,11,197,231,96,94,169,104,136,102,27,15,159,123,71,46,106,54,110,175,180,46,90,5,84,73,242,131,243,251,241,14,87,26,105,38,109,127,156,143,97,162,126,96,8,139,184,63,141,108,88,105,174,127
36,179,254,119,248,244,111,16,169,185,198,246,172,154,25,194,42,112,71,17,7,75,41,140,137,246,170,243,205,34,246,232,189,40,56,11,25,231,169,50,181,87,171,169,232,21,1,29,86,69,5,31,65,24,242,122,114,178,106,118,189,207,157,35,38,176,108,248,176,103,101,169,110,83,78,163,173,254,244,10,14,232,45,163,71,208,154,213,117,114,91,9,245,154,128,32,235,207,24,196,241,102,222,122,53,59,111,154,210,184,98,171,64,98,61,109,105,67,199,56,58,25,168,201,200,77,243,220,127
176,9,233,158,252,187,229,190,96,116,104,3,94,9,224,215,189,126,240,120,119,228,178,30,203,174,75,196,199,114,102,90,95,209,196,111,226,153,193,5,45,16,76,36,17,235,9,107,95,51,225,24,222,100,111,222,188,204,89,42,202,126,32,132,5,42,241,176,3,93,47,38,12,108,55,20,102,121,53,191,136,175,216,27,140,78,168,219,127,152,26,20,207,29,58,57,168,239,181,165,249,91,152,177,15,235,64,145,135,246,243,136,158,208,68,150,59,219,195,79,1,223,173,88,1,137,106,93,127
154,95,121,82,140,86,87,201,173,149,115,236,228,1,17,67,122,121,4,137,244,114,98,111,187,115,136,193,232,145,89,3,230,45,189,249,15,77,171,139,103,25,93,215,235,136,236,245,132,45,102,49,40,100,5,127,23,235,227,104,214,75,47,119,167,131,200,231,85,174,190,200,85,10,149,58,110,159,87,73,187,236,184,234,153,96,154,13,10,63,93,11,133,20,206,246,203,193,81,154,185,186,101,1,239,52,24,223,250,114,245,147,3,230,120,149,252,43,208,15,229,139,125,95,213,170,183,224,127
214,181,21,94,67,101,127,25,215,233,198,10,243,253,92,173,139,250,99,248,56,105,172,155,17,75,172,202,108,147,100,221,52,191,7,82,114,189,89,44,206,145,182,67,118,87,230,97,229,27,249,238,218,144,240,128,211,227,183,125,104,6,197,73,245,74,48,107,28,152,178,128,47,191,26,83,115,143,111,0,181,133,35,233,74,232,106,48,243,247,159,128,141,32,167,214,113,85,240,3,251,254,159,192,68,249,29,90,114,103,145,248,184,57,31,250,59,101,208,156,105,6,65,185,173,182,60,196,127
4,196,135,212,164,104,127,139,45,18,6,203,11,44,141,243,161,239,215,59,249,226,57,85,239,175,145,15,210,112,221,187,96,131,16,95,62,92,186,27,27,16,135,85,215,38,155,63,153,205,109,248,222,155,125,249,197,11,138,214,205,134,31,237,159,78,72,134,43,192,166,187,243,21,165,186,135,136,213,215,33,216,37,23,13,137,213,105,54,28,34,70,183,26,43,214,7,236,224,135,137,87,223,41,144,73,15,36,103,202,138,245,85,101,187,138,160,87,215,219,156,216,243,166,151,32,247,243,127
73,189,86,248,90,136,207,39,138,155,242,99,159,203,179,12,33,73,214,49,74,178,121,216,57,196,59,148,41,172,252,184,204,140,67,215,101,126,17,212,127,8,216,165,210,216,30,56,185,80,192,212,92,154,50,77,99,169,226,253,229,107,182,93,198,222,91,57,221,211,239,114,192,153,157,45,71,147,128,204,178,27,253,215,44,77,252,174,97,157,69,247,95,190,185,184,72,27,180,81,92,77,229,231,158,154,157,170,176,2,5,204,190,132,61,162,170,238,92,227,162,181,73,154,54,133,217,57,127
119,7,112,31,165,51,171,172,226,247,136,8,27,97,123,108,88,162,13,229,67,12,95,173,14,6,149,132,122,89,103,149,153,84,112,243,137,103,80,49,151,33,238,4,86,204,184,29,87,140,161,232,197,217,247,192,75,253,129,165,190,141,127,100,16,130,137,223,90,102,246,50,90,95,203,21,192,12,206,76,33,62,194,31,191,9,177,221,50,173,121,99,117,141,164,199,50,102,18,87,221,29,18,9,205,23,224,144,204,53,56,57,26,149,12,124,40,205,5,165,36,67,154,57,214,243,237,46,127
202,226,94,254,241,229,121,126,122,96,207,37,179,52,214,162,23,133,122,108,196,237,75,87,89,110,206,96,204,1,2,98,29,112,154,20,51,102,228,109,21,117,46,174,251,132,182,227,26,154,143,65,245,65,221,81,14,28,128,86,213,65,197,41,63,137,246,117,229,43,184,225,141,173,39,208,187,121,79,174,7,94,171,175,168,36,181,135,239,234,27,22,146,42,153,234,69,250,86,231,243,10,158,243,53,124,93,173,90,2,72,193,137,184,160,215,250,15,219,23,82,162,213,232,35,78,210,152,127
106,181,105,142,184,76,42,71,49,113,240,114,118,143,22,2,40,12,104,82,84,217,127,177,127,78,26,228,160,151,231,238,78,38,2,95,16,150,31,14,68,171,37,156,216,231,215,32,217,216,189,82,98,199,29,143,97,76,70,141,235,54,238,99,139,99,113,237,60,243,240,190,12,95,158,185,140,31,52,226,9,163,36,89,54,95,137,111,126,16,85,23,72,109,168,26,250,184,206,190,214,161,84,127,199,206,220,10,5,187,245,12,200,148,235,143,163,7,63,157,8,32,73,215,246,166,84,123,127
6,103,61,48,70,227,175,205,152,55,73,154,11,219,224,233,55,188,228,181,241,135,75,141,12,28,13,56,204,209,69,152,54,137,33,141,8,222,153,50,57,17,65,151,65,81,106,55,1,56,153,94,232,5,74,228,69,14,200,70,250,8,136,23,167,10,1,50,161,224,97,159,15,131,225,239,205,133,84,65,71,162,118,174,57,42,176,252,110,28,21,169,236,32,206,146,124,168,185,99,107,140,241,119,197,152,41,9,29,252,70,31,189,6,205,178,185,71,33,156,189,4,83,204,23,189,193,92,127
103,167,174,142,242,2,32,178,167,1,29,8,206,245,83,253,152,152,143,205,141,154,30,198,246,113,218,240,3,179,119,201,108,236,206,226,82,93,67,49,60,68,136,15,211,84,29,129,247,155,119,173,182,127,186,119,170,50,27,214,125,46,72,113,31,198,51,224,48,212,9,226,166,177,103,80,147,70,88,213,11,176,47,232,48,177,235,176,44,227,251,248,239,175,139,218,78,221,241,86,222,121,81,115,122,130,81,191,69,193,234,219,35,2,63,195,245,13,247,109,16,105,154,189,39,165,36,171,127
223,231,22,128,16,34,122,203,10,90,22,239,126,177,191,48,122,22,74,155,9,28,8,240,115,12,84,69,176,103,236,141,73,79,52,222,189,178,204,192,117,145,24,102,90,151,42,124,206,4,42,101,136,11,119,171,109,112,66,20,183,192,159,43,205,244,127,216,25,108,32,110,197,202,19,106,251,133,89,205,144,179,27,245,140,153,94,111,76,117,59,40,1,40,36,202,119,43,220,248,129,205,239,237,143,195,246,118,33,217,201,66,149,170,221,22,236,182,41,41,70,120,70,172,183,165,59,103,127
206,89,220,169,234,42,61,199,149,215,91,57,44,187,198,43,233,8,242,200,135,77,230,122,51,113,220,87,206,22,147,20,174,93,55,180,57,70,140,236,229,91,22,148,123,23,236,27,41,80,169,195,150,167,211,120,43,129,57,237,130,117,83,167,211,26,132,152,217,19,234,206,93,253,111,118,119,245,188,150,1,99,205,204,174,32,159,113,70,219,232,220,100,183,185,131,62,245,211,22,125,224,178,118,40,131,22,129,66,152,166,18,42,64,100,223,124,96,5,141,134,29,253,247,95,169,202,189,127
101,92,235,54,122,90,22,91,22,252,131,136,152,224,205,130,187,196,170,220,47,170,155,23,77,115,61,3,206,252,116,27,202,202,36,28,43,148,7,179,177,62,214,75,142,126,208,45,204,141,106,35,102,192,184,150,20,117,243,18,55,222,189,179,212,118,3,121,172,18,136,43,219,151,107,165,22,15,53,196,55,52,246,132,44,108,196,96,218,194,210,116,144,89,58,193,60,163,137,252,79,189,10,19,209,31,90,1,71,165,59,72,232,244,121,219,196,61,189,141,229,153,228,121,52,130,35,215,127
152,145,122,21,198,120,150,20,99,10,75,57,92,50,98,128,185,94,89,145,28,190,35,167,40,135,158,184,184,122,139,7,168,96,20,5,48,7,102,208,187,224,98,136,15,248,49,220,249,4,208,159,60,103,252,194,8,210,174,41,231,233,226,247,68,199,156,88,198,112,13,196,97,234,90,148,52,149,171,109,101,75,156,164,220,101,80,105,99,243,122,15,139,25,229,1,35,92,180,125,19,104,84,243,188,160,60,19,84,53,121,8,32,198,76,242,70,225,115,161,45,148,64,107,249,178,98,80,127
71,52,22,253,232,113,34,86,58,248,67,19,48,238,110,112,199,116,201,191,69,81,184,79,198,33,1,159,121,110,1,242,187,180,46,210,45,219,43,94,51,1,177,187,232,121,41,240,184,119,38,206,196,209,64,240,130,129,233,116,162,49,145,39,201,190,250,199,212,72,253,115,116,41,133,113,202,197,0,76,201,195,20,134,146,119,161,145,109,193,37,149,62,55,205,120,112,152,228,21,146,114,70,75,253,23,215,113,221,228,228,71,217,44,241,214,93,240,112,132,246,66,15,61,117,89,102,98,127
217,31,165,186,25,67,35,74,187,210,118,111,7,180,171,153,206,182,29,14,209,62,26,135,196,134,46,223,79,76,63,97,232,176,176,8,129,79,65,220,46,47,47,252,109,66,161,113,66,26,230,120,120,62,74,118,153,246,252,139,32,240,122,226,147,48,13,188,227,132,46,79,93,190,234,140,60,141,130,234,25,134,174,92,156,57,61,64,225,176,201,144,83,147,53,148,192,47,64,87,1,62,203,132,128,0,235,8,61,177,70,245,29,216,224,78,135,250,173,215,16,119,183,196,111,166,108,27,127
127,220,185,147,147,139,209,196,134,34,171,87,116,66,78,134,55,236,96,123,162,228,26,160,162,133,154,236,18,110,160,49,102,145,86,106,16,93,22,18,183,73,152,140,99,59,211,191,86,136,2,57,22,113,126,237,77,150,196,222,40,202,110,85,198,193,232,139,213,47,93,104,102,86,23,188,214,37,124,198,240,180,97,210,236,36,153,119,220,98,65,60,233,150,190,56,76,154,236,130,71,215,60,46,54,154,152,148,247,172,197,78,231,227,121,70,61,81,237,122,186,199,244,141,21,140,93,145,127
65,166,222,85,10,136,49,39,145,13,184,172,32,121,96,35,99,94,127,102,191,106,175,11,65,148,200,192,48,130,114,111,93,7,119,221,78,186,231,57,8,142,85,133,95,148,61,249,27,191,215,17,199,178,213,149,21,213,187,129,46,120,235,21,81,54,75,134,46,189,110,8,183,111,174,245,205,247,237,86,34,58,118,32,167,46,238,155,9,7,211,203,214,141,50,37,192,140,165,7,31,42,193,2,13,245,82,177,35,86,187,87,42,158,168,8,132,97,116,145,79,59,172,241,62,224,203,201,127
165,80,237,89,205,33,46,3,140,57,213,24,141,232,231,65,22,41,250,128,74,182,78,26,217,111,100,91,175,75,55,12,102,6,82,11,76,228,4,125,142,102,79,32,48,159,43,183,141,127,225,134,199,20,133,167,181,233,104,22,150,44,176,2,85,42,128,239,48,239,121,121,253,183,165,74,57,230,54,114,51,124,102,193,155,50,182,109,74,61,142,186,218,73,174,230,77,145,154,40,30,51,154,215,135,154,249,119,92,241,166,164,38,24,176,89,247,1,59,6,244,179,110,233,120,70,120,252,127
189,220,68,124,80,162,3,243,1,150,41,213,154,250,25,53,125,164,202,17,119,109,58,89,70,135,218,96,222,192,119,107,11,118,36,251,88,176,53,232,230,63,75,161,50,71,92,213,118,240,225,252,241,223,46,230,252,181,133,110,80,93,15,225,36,106,116,53,133,184,248,54,227,6,116,132,12,33,118,166,97,141,9,108,58,101,73,171,251,83,23,209,242,50,85,27,221,88,224,111,42,56,126,81,251,41,113,119,18,168,171,228,247,249,39,19,140,245,99,229,53,25,200,88,89,190,85,147,127
97,140,229,51,219,231,204,26,83,6,50,233,75,213,153,205,112,138,31,49,223,222,176,211,16,217,239,205,122,5,191,87,212,171,118,100,165,218,163,68,166,93,176,168,162,135,225,128,203,19,10,2,211,121,156,142,253,77,132,76,37,230,74,184,146,52,158,68,97,119,194,116,1,68,46,83,33,147,193,16,14,55,194,77,153,168,239,82,49,18,219,208,182,87,183,116,141,48,160,65,62,28,188,96,46,164,130,254,50,125,96,113,215,181,194,73,185,220,33,59,80,31,238,115,2,216,210,65,127
234,69,32,232,108,35,87,215,217,215,85,99,60,82,212,10,129,8,58,119,207,87,73,230,122,183,246,106,77,157,96,130,143,157,169,215,113,41,117,79,197,12,193,9,194,222,151,226,81,127,114,227,31,224,173,197,12,250,128,40,45,30,28,224,67,85,110,9,72,247,135,135,160,106,226,43,27,57,81,66,25,166,99,2,76,242,59,55,202,69,18,17,238,23,208,235,218,47,52,197,168,103,229,66,75,4,111,185,64,145,83,75,149,144,80,54,165,242,156,156,168,58,175,51,78,152,22,74,127
214,164,14,129,158,40,232,176,76,186,20,71,216,121,252,155,180,243,210,31,52,93,231,254,142,43,136,249,76,28,181,43,31,62,4,120,24,246,57,18,93,124,43,251,179,78,174,86,11,62,203,230,172,251,151,228,225,102,79,20,179,105,27,150,171,155,122,136,77,138,189,157,72,153,132,88,35,27,152,133,129,139,67,4,56,205,165,226,58,203,131,196,33,44,236,229,232,144,116,175,27,230,246,11,137,117,4,118,155,151,144,44,73,48,196,172,87,231,155,160,213,210,110,179,5,31,71,17,127
77,179,151,248,78,9,183,118,49,230,100,211,42,11,184,72,231,203,209,242,237,9,44,4,33,151,147,146,49,105,95,242,126,0,96,173,117,95,158,213,178,65,96,88,96,211,1,42,176,99,43,53,163,232,213,185,188,144,174,235,147,128,178,225,29,87,9,101,107,17,175,121,61,141,170,141,52,214,147,57,156,138,6,50,68,8,108,121,124,173,219,54,126,182,242,55,8,61,189,201,83,139,21,176,123,132,175,141,231,85,19,160,160,38,189,120,85,139,240,151,107,32,186,40,82,233,141,101,127
216,37,106,74,192,33,48,58,78,159,186,99,100,133,59,195,55,1,254,163,196,193,202,218,103,11,236,171,176,199,67,98,46,207,37,127,238,113,98,207,44,220,7,165,168,167,176,212,183,238,228,80,82,140,21,67,145,154,96,186,32,174,83,177,112,181,194,106,8,173,28,116,80,98,167,17,109,246,188,249,208,61,23,159,65,123,1,133,44,40,129,106,65,44,251,149,235,6,172,110,192,126,138,53,253,104,167,186,42,36,109,118,184,201,48,50,235,98,128,196,155,92,122,18,15,87,128,214,127
52,217,224,35,39,182,172,173,118,244,184,28,2,206,116,228,120,55,164,85,105,118,33,169,33,150,14,42,167,194,239,5,60,82,195,92,6,190,157,114,186,219,76,84,72,44,36,29,141,161,205,143,234,253,253,150,53,100,40,84,168,11,187,68,110,119,91,236,94,15,11,91,59,107,19,201,168,232,244,225,104,249,26,222,246,243,118,207,237,118,204,126,156,87,60,136,170,139,144,222,85,1,213,237,252,168,67,44,199,170,223,46,68,243,102,203,56,213,106,16,72,19,143,205,157,9,194,24,127
86,152,87,217,43,25,64,96,71,249,147,89,221,164,170,15,5,159,88,98,74,77,95,177,222,25,123,9,222,134,161,80,181,126,244,198,113,227,201,176,80,165,174,6,101,5,56,214,13,119,134,176,145,80,246,26,39,186,87,179,149,187,198,238,117,26,134,243,234,59,178,64,227,43,4,237,232,160,135,75,60,192,20,218,186,70,110,25,45,68,228,158,28,15,65,126,200,22,145,65,71,24,14,173,16,112,107,157,150,236,16,144,102,133,246,223,30,165,248,150,131,109,54,147,205,191,243,253,127
222,63,119,229,5,220,245,226,199,158,2,179,51,213,240,106,248,191,55,17,252,243,70,220,148,144,174,89,31,57,39,208,23,213,120,146,223,223,227,198,104,170,115,238,251,183,97,172,245,236,207,94,133,53,164,52,34,204,76,136,227,26,19,54,202,94,160,147,184,76,250,151,86,34,60,10,251,9,40,157,188,31,82,55,123,163,81,14,227,237,252,14,92,132,36,59,17,232,207,177,180,149,92,173,176,33,0,32,247,65,7,114,107,223,73,183,96,12,227,128,43,42,25,245,124,105,104,212,127
91,68,98,90,250,57,239,102,58,221,87,209,192,189,113,135,47,245,172,7,208,28,64,177,143,86,73,62,125,248,203,167,221,56,233,57,147,78,225,227,9,30,157,128,106,7,202,150,12,96,168,76,31,245,29,43,238,143,68,121,59,191,84,252,155,34,122,70,65,32,109,81,92,69,158,34,118,253,14,86,65,90,42,206,193,172,163,67,34,88,117,9,51,24,24,58,76,58,204,138,195,6,163,101,224,194,80,171,105,182,173,33,189,76,79,4,122,82,174,175,231,119,95,20,252,60,97,90,127
187,241,37,35,237,115,22,175,28,5,202,70,68,63,235,8,229,20,133,182,109,146,133,13,242,199,31,100,161,46,252,2,80,94,160,27,52,176,173,246,94,47,116,213,144,205,178,158,248,118,9,174,152,173,178,229,11,209,114,110,45,33,86,113,206,199,31,122,87,193,129,30,61,51,83,4,239,25,171,146,207,136,205,57,93,3,180,206,252,243,148,52,92,87,212,64,166,209,249,99,32,127,89,163,107,122,176,87,193,89,101,75,225,160,253,217,146,124,107,134,76,26,43,13,175,64,149,21,127
81,120,108,21,40,188,232,29,155,103,184,251,227,108,194,137,18,28,185,8,250,67,137,246,125,131,243,32,183,222,15,89,3,237,213,153,167,189,78,102,209,231,116,31,219,204,11,247,66,100,57,160,36,93,31,84,184,127,226,67,55,39,61,128,200,4,222,72,17,149,199,4,40,229,130,176,36,242,244,247,205,89,120,120,10,100,66,50,182,129,113,84,184,247,233,43,68,54,76,27,38,164,174,217,65,132,208,38,71,134,103,50,186,56,167,105,55,239,56,165,100,207,100,232,187,23,8,45,127
243,217,39,220,70,62,196,204,43,94,145,73,58,19,169,50,184,124,238,214,4,54,244,70,142,188,247,45,100,60,118,45,252,100,144,246,119,130,56,249,11,188,137,214,230,19,154,215,52,15,168,136,227,71,188,4,241,151,132,237,149,40,6,2,219,211,39,96,170,31,177,67,5,41,225,231,38,15,220,55,73,45,191,102,91,203,83,83,244,99,199,21,130,140,112,107,249,124,53,204,223,12,119,222,231,205,200,79,97,10,6,221,141,89,2,219,163,167,71,2,146,64,234,92,249,249,249,236,127
85,105,49,113,242,219,186,67,19,112,18,236,38,139,46,246,120,209,66,112,97,119,89,83,45,200,14,222,216,29,161,81,52,131,50,228,206,231,26,156,32,242,146,139,208,71,86,67,116,109,230,201,29,117,19,229,188,97,43,19,86,117,98,225,125,148,139,249,198,8,95,198,119,231,155,132,129,215,237,131,188,91,252,187,87,87,98,25,0,118,202,64,167,29,168,134,59,250,206,196,82,253,172,237,152,122,91,235,142,57,93,183,145,20,184,155,164,48,143,66,176,155,171,88,100,137,98,26,127
253,18,202,251,95,3,246,89,173,24,199,252,51,230,127,16,240,239,232,165,64,11,129,87,240,93,252,150,7,154,209,159,68,166,28,200,58,67,22,230,119,66,97,219,139,194,112,184,248,32,123,195,155,114,187,202,23,107,46,40,211,83,234,246,13,195,234,244,220,90,11,17,73,60,155,117,21,115,3,228,230,56,150,157,240,21,145,213,163,171,83,173,213,129,171,147,96,177,64,33,66,183,110,109,223,245,237,60,140,163,117,117,120,39,42,17,241,1,187,137,78,159,96,214,128,246,18,225,127
207,153,226,209,193,211,239,58,56,243,231,156,136,142,72,2,212,127,221,249,76,119,89,54,186,71,89,10,55,248,152,199,141,247,154,170,75,83,145,32,130,216,71,229,169,87,208,143,35,248,247,57,155,229,2,78,148,202,40,165,211,77,136,117,225,131,22,170,41,252,105,248,65,54,193,103,48,175,151,107,35,55,214,199,126,141,49,237,61,220,203,85,62,183,93,210,137,228,128,237,168,96,155,114,195,162,158,153,65,65,125,226,8,26,6,97,110,29,58,177,36,212,247,28,40,94,218,127,127
28,91,174,164,97,145,13,163,169,117,184,208,109,92,180,35,244,175,143,99,11,233,132,110,131,110,248,252,71,190,179,89,23,180,235,107,75,73,32,218,186,34,90,170,156,217,5,207,192,204,77,190,141,13,218,243,214,205,123,231,119,140,137,183,65,207,53,116,221,77,170,185,129,199,150,91,87,238,103,38,172,153,85,10,183,186,61,184,205,195,216,84,4,109,155,76,29,89,221,39,114,246,88,138,129,246,200,66,114,245,35,168,205,234,56,132,207,120,197,96,6,75,220,95,122,168,3,195,127
99,89,148,83,62,178,250,136,87,238,56,71,210,254,132,193,235,81,143,253,97,179,140,18,90,75,98,46,159,179,76,120,134,141,114,189,240,151,34,234,14,154,176,240,243,93,194,127,97,155,95,7,172,19,86,225,94,15,16,2,183,98,124,26,123,174,98,11,113,245,42,112,55,101,43,244,93,107,185,242,14,31,34,49,74,233,244,202,154,75,145,157,4,182,182,156,134,177,140,244,169,8,21,6,32,164,53,48,163,115,48,57,139,183,199,4,13,144,21,200,64,251,51,218,78,66,201,156,127
152,202,164,222,12,37,11,87,199,216,195,163,127,1,106,241,166,137,81,31,86,48,157,248,88,96,40,159,196,49,49,42,8,42,65,254,93,248,171,70,30,4,242,224,124,245,167,191,171,4,177,99,11,44,49,119,22,79,209,35,32,148,233,167,250,55,168,65,209,44,145,22,129,16,211,64,223,116,214,152,182,211,44,222,200,146,164,185,103,161,90,137,44,151,0,51,59,108,89,59,18,201,29,161,7,209,231,172,211,45,238,164,107,141,122,173,65,195,105,159,210,44,235,91,124,55,107,25,127
118,216,23,195,221,29,33,225,10,240,191,124,73,133,179,2,137,248,164,54,202,230,78,214,217,44,143,2,19,231,145,116,162,125,186,242,72,187,54,180,70,40,116,155,221,185,44,228,221,89,117,174,197,228,103,3,142,98,240,194,0,84,227,30,45,89,13,231,93,115,138,104,152,20,165,112,227,207,196,228,176,78,223,42,142,222,182,239,126,240,101,169,203,202,87,28,241,98,51,179,244,232,50,163,191,9,235,105,112,26,77,39,226,247,121,119,18,178,208,142,15,180,97,201,99,183,88,147,127
125,92,27,164,208,142,107,105,111,248,208,229,90,197,177,44,48,18,32,194,39,146,120,192,193,71,28,172,144,161,35,223,81,118,226,239,62,241,154,229,249,9,136,244,203,30,101,120,217,121,230,191,34,89,28,187,153,205,158,116,172,191,175,65,63,206,111,106,198,169,191,112,67,116,245,133,239,33,220,26,160,109,82,167,148,150,231,129,162,144,54,170,43,23,85,194,228,185,94,113,103,157,30,116,147,95,102,165,208,89,183,107,245,241,252,225,14,190,53,107,79,224,212,237,159,252,113,129,127
165,33,39,117,251,42,31,70,79,45,226,100,188,228,21,152,244,53,153,229,53,37,97,83,122,182,93,11,98,58,23,78,249,151,161,118,172,95,138,59,184,178,106,174,107,205,116,165,153,165,60,16,224,214,95,107,49,202,77,181,154,173,57,218,76,219,163,240,91,106,197,123,227,47,51,220,249,44,95,214,39,139,8,95,117,215,116,104,221,164,182,84,77,213,14,55,141,102,123,24,69,153,144,59,25,163,76,165,226,120,232,36,202,132,171,188,131,136,135,113,174,121,215,136,29,230,131,38,127
207,180,18,149,99,177,103,131,103,101,38,87,215,218,123,84,56,114,184,158,239,169,75,93,119,223,157,89,186,37,73,97,60,64,42,28,31,237,39,224,90,84,214,96,82,42,141,202,231,74,243,74,8,90,19,169,245,142,149,243,170,193,89,41,152,180,74,48,159,92,104,34,106,233,52,112,202,116,74,71,29,84,245,146,68,153,100,180,175,136,52,172,240,25,200,129,173,246,225,47,133,119,214,205,143,243,11,112,166,208,155,30,62,169,215,236,40,34,95,159,108,74,77,48,135,142,62,209,127
121,188,52,237,239,247,86,193,17,10,12,87,145,63,126,123,97,228,147,118,113,195,58,34,173,47,39,133,222,250,148,241,81,20,237,203,54,200,123,45,91,248,111,93,113,53,2,132,202,33,184,103,165,246,206,226,89,9,163,12,176,103,149,206,138,232,162,17,155,199,41,143,77,126,131,253,158,49,200,186,0,32,188,38,177,151,85,76,242,155,26,79,135,69,22,51,200,24,87,94,80,244,85,22,126,96,15,167,204,111,155,242,101,140,84,141,208,153,187,195,102,49,251,200,14,94,108,67,127
203,176,176,23,93,176,184,75,69,18,110,66,100,240,168,24,80,27,246,149,235,10,5,0,222,247,135,19,0,164,214,58,37,234,142,31,251,159,96,73,95,129,100,149,123,81,126,191,232,151,81,70,117,193,225,153,35,66,111,27,118,229,64,137,89,120,69,203,112,129,59,64,132,202,48,219,62,141,187,60,152,1,104,79,80,157,128,70,254,160,39,100,249,227,119,148,109,32,120,215,192,240,251,136,154,166,37,167,163,152,168,49,51,46,196,135,8,73,42,244,237,206,61,227,126,51,254,97,127
117,170,77,204,133,198,3,52,149,56,146,24,78,7,110,68,179,198,179,27,131,203,114,121,128,112,26,211,114,249,136,36,210,11,90,20,171,116,133,42,46,134,184,148,107,10,81,104,131,236,4,149,245,130,162,141,47,211,35,13,134,37,35,128,89,204,93,216,165,134,64,67,135,60,145,206,248,150,185,123,201,209,86,75,156,49,196,63,174,213,243,124,166,165,36,0,234,153,250,74,36,142,164,131,96,170,213,175,15,59,158,58,110,47,215,219,92,170,44,206,231,78,250,20,144,190,173,19,127
192,140,60,57,195,247,233,140,87,0,20,199,138,88,157,72,114,25,194,29,33,133,54,228,17,166,167,80,92,125,213,60,8,24,10,204,216,231,35,215,209,34,91,117,151,57,118,198,102,226,80,205,181,193,155,101,76,227,20,50,189,95,163,250,72,61,239,111,108,176,209,211,205,203,179,55,15,207,215,78,85,56,136,147,43,116,242,76,76,109,169,54,32,147,142,139,158,28,155,230,42,183,17,163,51,26,34,203,23,150,202,48,3,62,145,231,24,169,29,172,242,238,222,118,169,14,220,28,127
21,205,121,188,207,31,7,165,48,30,126,40,75,159,133,47,19,22,8,159,40,139,170,220,102,116,125,190,55,168,73,251,103,226,110,82,84,48,124,215,137,179,89,33,49,46,121,19,92,222,10,38,158,243,57,133,251,74,158,75,243,226,92,165,137,50,111,166,66,221,0,246,23,160,136,114,137,38,68,31,172,11,157,28,222,72,138,27,145,13,100,249,248,50,69,201,31,142,69,167,58,115,175,84,95,206,162,121,243,114,33,216,137,239,115,183,108,127,136,88,214,109,83,160,19,16,115,247,127
241,143,16,105,54,25,170,219,1,43,79,174,199,173,61,64,210,128,50,98,77,66,119,146,220,69,23,132,139,129,83,167,196,146,35,91,240,97,37,225,97,137,224,233,142,215,204,79,188,249,63,189,165,103,197,23,46,167,193,88,118,82,107,20,85,1,31,226,86,169,87,18,53,56,217,26,204,224,81,159,191,67,246,203,15,192,174,103,151,43,182,24,160,176,116,195,160,213,141,78,128,1,218,93,19,99,78,60,9,85,16,109,186,230,210,235,223,156,50,159,149,133,201,247,125,109,247,233,127
208,244,156,65,122,90,135,25,97,145,83,61,67,235,22,87,75,113,126,46,41,233,141,24,57,166,181,139,65,154,122,166,177,119,160,93,68,90,141,108,34,55,80,135,122,157,122,70,201,241,121,200,90,18,214,194,244,185,7,51,104,92,54,176,110,98,147,115,175,242,35,233,133,194,135,205,201,18,21,67,213,43,138,182,203,111,234,169,57,61,154,134,127,181,161,200,110,94,210,39,152,174,152,69,80,221,121,232,45,167,221,162,159,252,140,83,41,121,18,62,83,172,203,225,18,80,151,117,127
118,63,221,98,66,92,46,226,137,170,233,107,99,216,181,142,246,170,117,179,131,52,204,154,176,112,159,202,80,26,211,140,128,136,204,106,235,98,24,94,161,182,197,171,45,214,217,49,45,82,17,247,248,191,166,145,129,143,173,251,36,125,218,245,44,122,144,189,9,166,164,234,108,199,127,124,154,158,170,248,40,176,12,148,169,48,172,10,148,0,46,104,204,31,51,107,105,145,49,23,17,247,134,91,70,95,226,19,166,32,175,129,198,12,76,25,145,94,134,40,109,189,44,98,202,157,44,190,127
12,251,253,23,165,206,205,81,35,122,252,61,82,252,10,47,16,96,4,226,147,117,59,128,209,47,178,105,127,156,129,185,150,134,54,44,127,239,219,87,174,52,25,48,132,110,218,60,125,205,119,23,230,194,30,93,220,41,172,217,83,48,79,206,202,13,129,14,88,24,134,84,59,246,140,198,62,207,232,47,138,181,60,111,163,112,73,24,132,180,189,195,37,98,79,24,241,57,177,159,135,43,116,0,227,6,245,181,159,227,219,20,183,140,158,143,104,147,17,94,82,228,47,190,247,109,105,83,127
163,45,9,27,149,33,227,112,134,178,134,192,74,1,171,55,206,184,168,101,173,18,20,220,206,98,136,98,71,1,236,165,79,241,13,98,156,10,173,92,63,224,130,67,3,59,231,158,184,43,197,196,155,229,33,145,106,194,7,173,162,8,30,208,253,61,59,138,31,10,75,90,245,46,56,248,192,220,215,4,246,105,63,45,58,120,106,42,171,20,177,166,137,131,115,79,224,116,203,122,43,214,83,188,195,145,102,253,221,200,215,171,127,180,179,8,215,156,199,243,28,147,27,123,241,159,20,47,127
189,31,17,196,141,151,24,198,157,11,26,129,74,11,213,188,174,180,28,86,171,202,97,157,10,162,55,21,241,121,23,55,252,231,2,2,83,119,49,231,12,19,131,33,236,64,114,74,75,214,211,238,221,3,155,176,244,151,74,1,141,167,135,204,203,113,127,81,109,68,52,136,219,161,159,27,161,65,243,142,180,12,240,141,46,3,126,246,82,187,92,175,27,109,136,15,92,171,143,155,10,217,2,61,34,70,209,223,112,58,64,87,19,122,148,0,235,197,174,140,6,252,148,24,161,209,233,109,127
90,184,152,42,86,227,78,50,123,5,10,60,35,45,64,191,50,5,85,162,232,4,4,246,191,129,246,237,70,45,152,203,244,207,176,239,155,19,138,152,110,53,18,34,230,199,61,9,120,51,156,196,36,94,183,243,38,122,63,197,182,34,84,86,37,155,162,225,42,50,18,114,151,119,109,148,18,118,72,116,85,139,144,69,65,155,138,199,130,1,134,218,34,207,1,233,215,145,194,84,229,190,142,234,152,19,238,74,172,109,176,138,128,215,45,1,93,17,201,207,204,120,218,60,64,112,162,60,127
186,118,32,34,126,138,21,115,89,8,250,96,214,195,79,171,161,172,248,100,147,252,184,22,68,15,213,8,205,231,205,41,223,42,203,50,6,67,225,89,246,194,70,35,203,31,122,186,134,129,93,61,174,22,164,137,35,154,230,210,103,229,77,24,21,72,140,174,197,212,52,38,40,226,104,42,172,248,126,45,20,181,132,15,208,188,184,117,199,130,98,197,103,239,216,56,233,131,34,17,205,82,110,66,211,3,213,175,91,171,122,167,183,216,87,25,92,196,91,149,169,136,123,105,76,199,218,164,127
159,118,2,198,113,210,78,161,33,93,88,156,90,202,10,177,151,227,253,180,118,113,193,39,147,200,218,72,181,87,110,30,60,242,139,200,51,89,205,43,81,43,196,210,253,37,234,108,249,16,228,45,246,167,77,118,57,134,69,210,173,240,165,200,185,225,32,80,3,49,223,110,122,69,36,128,88,157,180,195,220,188,141,82,131,24,136,36,203,211,26,27,61,201,147,98,169,243,30,192,57,86,32,148,186,25,87,2,113,167,151,114,181,185,152,152,38,99,109,237,2,69,221,219,244,31,197,75,127
88,196,214,244,252,39,211,115,236,211,89,142,216,207,66,145,65,204,148,234,24,233,172,4,122,186,236,223,192,177,133,198,131,252,145,221,161,238,234,60,164,83,113,58,17,103,242,73,247,23,200,142,148,48,233,134,152,76,196,68,144,29,103,163,17,185,129,164,112,242,212,154,141,199,224,66,200,204,35,133,86,47,180,214,199,62,235,205,214,44,85,114,154,238,157,55,54,237,137,214,67,56,184,196,88,10,213,226,139,209,196,110,35,194,197,223,196,234,47,201,163,176,207,24,12,137,226,223,127
105,96,229,22,116,40,30,180,221,216,210,246,30,14,181,212,177,212,84,209,12,142,148,18,110,169,140,196,15,76,93,76,185,31,104,118,143,29,119,97,190,108,167,32,249,124,201,137,159,180,246,184,204,107,87,75,229,24,49,177,161,167,34,96,69,86,153,197,228,198,193,231,234,219,142,37,28,135,28,194,166,89,171,0,215,19,116,182,25,37,70,240,213,231,168,105,54,6,112,50,65,174,81,151,236,203,100,137,58,7,229,240,184,165,22,103,54,201,150,191,167,243,66,241,131,247,66,78,127
85,133,222,215,129,88,162,57,1,228,230,103,66,143,223,161,231,137,38,149,188,83,224,104,172,156,77,140,29,49,38,129,211,115,4,29,153,243,65,126,74,25,40,141,167,71,153,94,179,114,21,240,113,48,199,186,123,55,79,68,155,240,17,7,120,129,36,72,160,72,96,153,173,168,110,23,150,32,201,102,80,188,102,65,62,60,92,40,164,107,116,110,120,49,127,180,218,178,59,200,58,155,189,119,125,59,205,148,49,91,145,250,216,19,50,165,192,248,62,239,251,134,24,175,96,70,50,34,127
19,116,34,110,132,106,123,25,58,65,138,5,238,175,152,167,188,72,33,38,64,238,241,38,199,67,163,134,101,24,193,90,39,185,237,114,145,142,149,239,115,236,231,192,129,213,44,165,231,120,109,43,46,246,84,148,85,224,63,160,198,166,47,167,244,137,90,185,165,212,20,79,30,178,94,145,30,119,202,102,95,149,102,245,236,204,157,242,51,210,116,196,83,48,78,48,219,163,133,172,49,22,154,108,165,189,118,122,48,248,119,253,180,133,126,164,246,178,104,164,84,25,175,89,135,68,127,185,127
132,49,114,12,224,206,243,129,27,191,80,89,127,215,167,250,240,74,78,208,124,106,106,246,180,36,194,71,77,26,8,225,114,80,61,137,223,150,122,98,112,62,40,127,169,180,158,221,229,60,129,151,116,22,241,160,39,87,151,242,85,224,18,57,106,193,226,163,17,148,99,98,175,118,3,132,110,204,154,37,234,130,3,191,203,203,230,2,43,94,242,189,56,144,212,220,33,33,0,169,108,219,95,82,219,150,174,2,71,58,150,31,90,156,62,124,175,156,59,247,164,136,213,167,50,163,35,187,127
88,62,166,145,57,73,171,51,227,212,119,68,105,202,228,155,206,168,134,3,209,249,161,81,135,134,165,101,12,182,103,233,104,208,82,24,223,74,173,38,180,34,11,101,236,205,176,214,36,196,124,191,60,237,148,71,90,174,182,173,19,136,9,181,197,97,159,106,224,202,81,93,119,225,221,96,54,234,223,53,67,192,83,139,172,153,197,251,26,44,31,77,146,112,34,105,80,254,250,74,72,147,14,63,211,178,102,62,62,191,213,172,71,253,81,126,199,187,221,200,37,14,202,196,245,151,123,121,127
108,234,227,165,88,158,234,144,244,128,41,32,169,84,113,79,228,15,235,74,54,94,163,26,138,206,160,14,164,84,157,234,134,144,92,0,170,208,230,113,10,146,135,227,91,106,67,109,62,246,186,144,236,211,86,170,94,161,153,79,58,237,175,104,117,179,48,178,94,184,231,55,52,224,254,224,49,184,39,53,16,89,180,198,78,48,132,97,156,67,234,42,141,101,60,116,4,105,70,48,94,161,224,209,3,193,12,56,92,9,221,122,39,168,133,157,51,37,69,128,170,209,5,12,2,39,66,14,127
126,99,107,126,213,134,16,106,126,97,45,85,32,42,249,145,10,27,60,166,119,195,193,179,82,109,47,96,177,67,104,168,144,167,67,36,204,78,108,236,111,47,221,101,244,127,96,54,147,2,147,162,3,159,130,238,77,199,63,51,35,183,215,219,60,117,159,216,80,31,171,104,174,41,119,77,110,95,70,218,111,171,118,210,141,32,7,53,57,120,169,180,253,60,45,37,83,244,176,122,248,199,23,128,21,73,246,22,57,4,101,163,75,13,162,172,231,23,247,86,155,185,201,132,119,44,78,154,127
112,165,187,111,152,156,35,169,168,133,131,159,236,209,196,114,26,5,32,239,133,60,242,56,42,163,201,220,126,136,65,234,207,84,153,226,151,155,215,156,57,49,14,159,110,208,5,8,217,88,68,27,1,5,186,156,116,123,166,213,114,98,57,88,132,197,156,79,157,20,145,11,66,1,36,81,125,149,73,175,126,81,254,87,106,44,82,192,70,111,94,4,38,123,191,170,57,85,34,45,197,244,118,46,72,162,24,10,218,243,73,48,96,193,115,78,86,35,11,241,84,164,15,161,235,31,23,86,127
96,59,53,5,122,198,250,44,231,142,63,3,75,20,202,129,232,175,221,5,95,33,40,200,230,109,232,8,52,164,10,163,68,176,159,4,252,180,67,249,40,81,34,18,228,140,53,201,126,151,32,21,185,230,4,6,125,194,162,181,33,234,239,7,229,143,215,118,7,135,117,47,78,123,110,39,137,200,30,122,213,14,49,239,70,31,198,72,22,213,3,249,63,83,69,5,251,172,56,158,145,107,44,63,246,170,22,18,123,85,95,50,48,52,149,54,251,41,250,239,217,88,7,113,64,219,154,219,127
237,82,69,120,6,17,150,91,167,177,134,254,7,56,53,94,72,219,128,201,94,248,108,196,28,149,152,176,99,110,160,224,71,121,188,209,196,194,177,231,36,76,125,4,125,230,166,243,199,167,103,129,198,199,57,115,70,104,146,135,101,149,149,72,129,124,57,183,106,137,74,63,39,117,14,24,123,181,150,86,14,124,33,127,216,5,87,28,239,85,187,126,81,186,93,31,185,69,173,178,139,180,142,175,134,2,176,45,250,111,201,56,230,160,48,1,56,19,190,191,148,44,224,90,223,164,185,201,127
126,49,241,171,242,203,16,80,236,202,254,228,164,140,27,198,113,137,176,97,7,28,247,28,56,90,14,98,130,174,19,154,243,224,165,31,206,93,160,239,193,228,161,149,20,28,79,94,125,94,249,86,176,192,216,39,102,26,166,237,156,8,177,138,178,231,122,6,77,173,127,251,55,155,238,146,140,109,14,184,112,208,61,210,121,71,166,241,203,82,130,8,152,212,228,134,206,207,234,125,73,214,20,45,45,137,139,80,137,95,13,141,16,54,231,247,234,219,106,210,214,155,124,64,232,203,147,115,127
39,31,186,204,15,241,252,37,251,137,142,179,91,114,168,178,64,188,224,142,73,71,246,206,6,145,82,195,116,55,110,243,27,85,32,45,176,248,176,76,51,151,6,46,187,116,155,51,229,250,47,155,169,6,233,73,236,194,25,68,3,155,42,121,90,243,11,44,88,17,42,94,70,159,153,238,98,193,165,219,193,106,109,38,34,47,201,91,208,113,172,126,141,81,228,63,21,187,148,158,169,54,92,80,150,180,238,184,90,152,43,151,209,174,155,181,3,82,151,47,147,12,170,73,226,238,251,21,127
54,224,44,215,56,11,163,126,207,135,29,4,122,52,12,180,95,229,246,5,188,211,84,111,194,215,26,180,88,195,177,178,49,141,225,180,110,43,214,60,54,162,102,157,71,25,18,67,91,90,7,163,96,247,219,57,113,58,74,216,234,72,143,201,108,222,73,48,112,106,63,11,126,26,225,70,139,185,67,117,55,111,187,201,71,94,222,80,119,171,12,189,35,63,185,217,246,70,132,65,230,21,165,151,245,190,227,51,86,87,202,8,65,202,129,217,25,77,98,73,96,10,147,9,76,199,76,237,127
27,2,19,91,79,111,9,175,190,20,91,245,245,158,90,14,36,72,217,223,97,5,34,115,58,54,45,167,36,253,93,75,35,170,84,187,106,17,235,5,39,64,250,110,110,123,14,170,131,135,253,142,164,76,93,84,50,210,137,206,211,211,62,36,71,243,169,182,80,234,238,249,245,141,11,106,45,224,2,176,139,65,96,125,91,192,233,90,123,102,91,151,227,222,115,246,230,84,181,212,42,157,46,47,8,75,171,16,14,93,136,53,24,114,152,107,158,116,229,93,156,248,79,250,153,56,36,87,127
211,168,87,40,138,247,224,238,251,251,189,175,247,10,92,224,192,113,136,180,114,240,79,216,30,72,54,176,6,183,251,138,74,94,3,153,19,202,232,132,62,47,15,101,111,225,51,194,123,242,68,138,173,80,39,94,32,96,32,35,59,80,150,188,18,33,207,161,40,201,94,121,7,65,0,97,25,188,205,248,87,241,246,84,219,159,7,114,50,209,155,106,221,54,25,81,210,3,99,4,101,24,156,54,121,137,162,27,231,56,133,149,244,92,19,124,230,189,195,64,43,203,253,174,163,227,234,193,127
86,138,151,71,151,219,3,113,172,193,17,91,2,5,12,163,250,149,1,45,35,86,126,212,92,36,19,122,173,193,200,234,159,157,112,105,8,35,248,193,226,1,238,246,232,117,163,203,2,199,163,36,69,114,59,252,102,228,235,0,197,240,146,165,141,18,158,120,75,184,172,100,81,126,46,58,87,155,237,17,196,8,212,235,250,130,250,176,216,246,37,115,113,122,246,214,65,48,246,1,33,134,175,142,21,252,56,140,115,231,194,133,229,37,45,181,194,248,113,199,191,108,28,42,131,199,176,226,127
166,158,148,159,183,142,149,80,137,217,182,172,224,89,116,148,110,239,3,95,84,118,148,204,198,177,132,28,198,171,131,254,197,188,246,132,23,2,245,221,40,107,5,35,9,250,249,55,148,163,129,137,94,125,129,94,173,97,234,26,125,123,18,143,8,92,218,185,181,235,140,147,59,241,26,70,107,167,126,124,206,206,227,34,70,18,135,248,133,219,157,39,18,156,171,129,3,32,95,18,93,71,92,80,66,1,60,151,201,173,158,119,23,85,133,98,125,237,73,91,186,7,182,238,151,88,47,0,127
211,202,163,211,225,76,251,74,207,18,66,100,159,238,189,70,192,78,101,36,51,95,11,91,42,120,231,103,138,252,131,111,236,67,103,123,68,136,100,57,184,253,77,130,82,144,20,171,74,211,174,91,200,26,176,13,45,225,184,65,163,81,39,33,84,121,60,22,216,122,90,6,247,244,168,241,243,31,243,156,249,76,123,127,254,148,23,115,94,13,160,119,108,1,124,198,124,112,219,20,238,99,73,65,111,135,90,46,237,68,173,64,215,47,18,67,66,208,173,90,244,242,108,196,208,201,79,150,127
207,194,224,179,149,244,120,241,50,59,115,16,216,84,249,74,125,48,164,38,39,122,210,220,148,176,232,107,217,0,245,241,197,224,12,160,70,235,215,234,64,156,120,46,247,91,93,158,227,81,163,121,205,240,228,142,72,3,242,28,106,32,105,48,93,124,95,126,181,24,20,30,153,221,219,110,238,204,243,34,181,50,218,129,161,115,59,58,206,219,225,68,128,20,13,6,102,19,248,96,180,64,243,44,158,153,148,204,171,73,203,149,185,193,68,26,9,171,254,107,238,168,44,130,163,138,36,48,127
16,80,94,201,115,226,230,152,19,44,167,151,220,207,186,45,17,9,108,169,73,118,129,203,221,72,13,83,51,122,24,18,101,250,113,14,208,108,133,242,106,123,149,21,154,50,229,67,77,118,14,158,51,174,53,75,41,175,120,131,68,236,53,217,151,123,53,75,154,193,226,72,184,167,4,40,142,107,94,62,243,94,13,122,218,148,185,166,68,92,97,140,216,24,252,182,30,130,199,119,200,28,19,245,156,110,42,63,126,209,58,181,106,88,74,38,235,149,81,22,29,23,211,110,124,91,202,204,127
43,55,112,114,40,172,22,75,131,15,33,149,221,103,8,25,101,199,167,67,47,80,251,73,233,38,141,1,146,10,119,195,238,21,153,37,242,11,97,91,53,145,81,60,232,51,192,109,193,152,252,99,4,15,235,72,159,132,98,247,238,160,123,2,170,70,86,144,87,227,222,173,215,151,72,48,130,163,60,249,181,188,28,134,141,16,71,17,213,179,104,7,219,64,49,42,231,225,89,209,151,27,215,237,61,155,230,100,208,48,254,33,217,205,142,185,184,150,149,236,122,40,123,96,122,233,177,99,127
134,71,52,8,248,37,110,203,230,88,115,132,243,4,49,32,252,113,155,186,63,47,207,109,157,2,18,106,232,104,196,38,223,157,241,239,145,202,6,246,92,187,159,85,60,158,219,80,123,240,219,16,227,144,219,58,158,136,228,48,62,221,145,36,11,233,248,189,168,36,201,78,206,185,219,60,169,181,225,154,139,37,229,104,219,170,152,80,68,59,84,81,209,204,208,212,234,227,174,89,129,242,128,185,82,41,241,51,246,82,71,33,105,49,77,118,89,88,119,69,175,85,93,172,20,80,231,84,127
72,26,169,54,217,169,71,195,249,113,70,139,241,123,3,130,80,226,106,194,126,171,163,38,203,132,239,132,111,199,73,189,148,231,39,126,103,134,55,186,20,152,2,47,185,34,153,198,184,208,90,149,215,213,112,150,232,86,185,240,99,163,34,123,184,16,232,136,178,67,87,9,29,125,210,80,154,239,232,157,222,14,156,181,203,188,19,212,49,179,99,168,146,91,52,94,241,43,49,50,141,149,112,61,49,217,122,0,120,73,126,143,141,134,78,252,180,252,40,3,210,16,95,78,240,39,55,55,127
153,191,164,167,91,222,55,237,60,219,70,111,16,159,69,9,145,113,154,71,252,125,9,232,79,65,138,28,160,118,198,136,240,228,204,186,246,248,119,222,206,47,203,191,250,179,124,153,201,5,191,178,44,191,9,38,28,145,231,72,177,5,21,108,206,48,58,34,16,232,0,235,244,206,30,239,224,18,159,18,53,32,11,252,80,124,152,225,74,147,18,237,187,9,161,172,213,70,230,199,58,142,86,151,194,41,175,3,25,152,21,74,219,236,198,253,35,77,179,235,175,19,1,236,244,107,155,149,127
239,47,53,48,124,154,193,227,107,34,204,186,158,119,3,32,252,9,193,89,180,206,148,143,13,108,114,95,187,204,13,46,113,118,4,245,135,136,151,229,48,142,170,2,117,97,198,53,6,159,39,4,101,91,252,66,47,188,79,24,178,210,161,19,34,253,17,85,74,251,62,159,12,76,155,12,109,58,191,210,43,193,248,10,122,186,144,17,98,215,251,132,243,170,169,29,219,165,29,24,164,86,135,204,201,99,220,44,223,128,171,189,51,175,121,183,59,231,7,111,60,194,35,222,220,119,99,177,127
239,149,230,215,200,91,33,82,8,181,197,159,108,40,157,86,180,228,127,249,176,170,33,196,72,188,38,195,161,178,253,113,58,155,125,208,252,203,125,181,232,197,43,88,175,129,154,236,175,29,140,175,187,238,130,212,11,162,156,131,0,10,176,241,88,219,42,202,183,35,160,247,75,78,105,90,247,50,145,226,209,60,174,104,71,158,112,64,31,36,114,170,162,141,178,58,152,169,40,36,208,235,132,219,211,136,132,61,51,158,117,146,32,132,208,190,127,116,37,141,165,200,97,57,216,219,118,173,127
212,57,220,44,247,212,232,53,43,9,3,139,169,217,57,178,225,151,99,236,186,138,234,85,205,175,143,125,65,34,44,56,139,209,169,70,76,174,94,168,147,194,239,25,57,7,87,198,179,186,182,209,176,2,181,56,95,223,25,121,253,172,36,95,48,71,30,155,103,59,30,179,246,220,203,208,186,12,224,149,130,117,175,135,46,26,69,212,164,239,213,27,245,10,173,28,184,75,98,1,216,175,157,234,30,102,34,58,249,46,126,75,125,251,191,220,42,15,6,114,240,162,110,89,29,43,251,147,127
173,117,217,47,5,12,178,172,17,39,112,60,113,221,9,4,175,139,98,105,245,209,90,203,8,101,121,76,197,104,224,162,248,196,41,142,165,49,13,152,44,92,217,45,132,245,247,108,105,177,253,48,248,165,116,215,57,7,217,249,143,205,88,99,174,209,32,237,90,9,134,35,239,249,37,85,23,35,34,63,250,117,177,163,207,92,218,246,211,223,43,160,232,79,78,26,154,117,126,127,48,155,99,121,214,160,227,62,151,144,10,132,165,33,217,153,40,41,169,126,56,196,94,57,131,125,43,87,127
127,32,149,127,213,23,197,174,183,145,107,165,159,74,198,82,208,60,141,195,4,20,9,214,2,96,31,198,86,220,181,119,81,131,45,11,102,101,6,220,53,228,109,136,205,167,142,160,163,137,38,9,130,216,92,8,54,119,123,48,215,227,161,251,186,55,47,75,47,25,97,169,130,136,182,54,84,82,239,33,135,60,48,130,152,251,36,235,117,55,179,212,13,172,114,146,114,217,184,130,38,236,57,147,156,122,209,52,253,229,158,157,117,8,230,168,251,194,39,54,131,205,231,189,94,160,36,230,127
121,166,211,30,190,108,89,58,149,98,109,132,76,157,234,156,84,82,172,164,216,161,95,253,57,87,79,19,47,58,178,139,141,21,54,19,231,154,193,1,114,160,28,170,222,32,160,35,141,78,207,4,91,231,55,206,78,15,168,233,197,183,9,2,250,66,37,130,65,70,72,213,227,26,60,65,64,117,25,114,48,160,139,106,198,46,177,127,108,159,202,43,232,52,159,213,53,0,251,133,13,27,39,158,179,45,101,7,174,94,197,28,15,223,253,55,192,189,230,205,38,175,173,254,153,202,14,222,127
73,5,189,75,104,201,32,39,159,69,92,203,157,90,144,49,193,100,155,49,62,211,108,212,49,198,14,192,62,71,94,199,43,36,26,87,66,91,88,87,247,167,40,117,57,225,168,97,199,79,33,220,61,95,26,1,35,240,183,11,219,112,18,65,54,237,174,94,56,91,157,19,129,118,30,140,252,34,95,250,83,185,194,63,174,242,128,212,27,70,57,59,237,10,97,245,39,113,3,209,103,250,29,148,9,68,149,68,251,187,49,179,101,133,90,177,1,58,180,75,101,216,57,112,170,105,78,213,127
57,101,208,149,229,35,203,75,218,74,178,158,242,223,184,79,236,42,133,93,207,214,131,157,52,218,9,148,151,147,95,150,109,179,35,12,108,92,53,112,145,224,211,203,243,159,227,162,180,208,42,174,72,75,12,155,42,151,179,243,160,192,7,129,201,125,46,141,40,172,16,114,183,47,10,221,246,241,64,245,29,131,157,38,210,13,32,105,142,67,244,85,42,95,105,250,103,46,113,219,230,64,149,209,227,23,79,174,107,252,57,108,26,134,44,252,194,15,124,18,106,212,162,139,198,20,181,55,127
111,72,129,126,175,140,134,92,253,101,24,60,209,18,129,152,103,16,89,27,100,118,42,7,158,223,241,200,199,31,168,59,105,32,189,232,83,120,8,137,46,106,76,216,11,224,18,212,247,195,134,197,43,83,195,26,231,211,97,181,101,97,177,240,220,164,8,249,135,71,33,19,215,183,45,57,43,134,85,61,22,212,191,13,2,125,43,9,69,112,121,252,209,236,115,50,81,162,0,115,47,245,250,107,252,233,146,64,147,240,143,12,9,171,238,159,146,101,87,145,51,123,201,33,252,99,94,245,127
84,51,174,147,90,72,153,113,238,189,81,99,98,174,26,241,103,113,229,41,46,230,201,189,9,157,112,157,103,242,89,48,180,138,81,23,4,223,9,180,253,53,46,183,66,250,178,133,130,8,32,224,175,206,68,3,139,7,208,24,99,127,124,5,68,203,187,73,74,24,227,42,210,224,243,114,202,44,185,63,169,39,85,130,226,105,172,221,225,217,64,130,128,30,228,25,218,39,10,66,254,32,205,197,249,136,87,140,234,174,114,14,99,244,122,108,233,41,133,252,7,212,10,203,199,254,211,48,127
53,116,237,90,197,190,178,192,182,17,195,185,238,194,4,183,54,145,226,186,202,138,169,152,181,191,13,30,111,201,196,79,37,50,203,150,36,220,145,227,243,105,59,182,216,226,116,80,103,5,150,33,159,29,7,34,19,122,231,1,39,109,144,156,233,176,102,166,253,111,80,45,97,228,243,173,204,57,160,189,238,249,30,175,161,202,114,131,40,121,103,109,232,180,28,64,2,0,244,46,126,235,146,195,65,120,166,62,106,195,82,89,200,172,76,155,195,237,143,110,235,127,223,112,159,188,144,133,127
211,27,157,150,220,12,178,11,231,71,223,209,56,95,236,2,68,88,244,53,130,161,109,133,62,8,217,20,199,54,30,7,13,207,210,85,62,174,143,117,35,179,141,215,202,130,127,187,229,156,200,146,42,109,10,9,197,162,104,248,6,197,25,182,32,216,87,107,132,97,130,105,207,16,81,137,145,207,239,63,29,46,158,176,135,236,154,92,13,253,199,81,234,32,232,189,174,27,109,138,195,113,244,20,59,39,38,235,160,23,214,72,30,37,214,230,199,17,101,19,93,233,225,194,242,126,143,113,127
6,137,33,85,207,8,251,220,3,38,83,38,135,241,104,121,15,199,51,92,142,207,101,157,35,145,57,242,205,186,199,135,17,41,237,13,193,13,77,222,246,83,209,145,235,184,103,135,26,210,31,131,199,81,126,249,26,224,250,67,191,0,118,239,96,69,6,238,247,3,59,2,238,207,134,186,45,62,104,232,7,150,92,182,84,34,12,102,123,9,239,96,188,83,132,44,12,124,144,135,126,241,143,189,51,208,226,24,244,207,75,240,100,144,178,58,57,85,245,251,214,242,164,69,32,235,211,55,127
54,130,235,193,241,195,219,90,128,29,195,69,131,89,111,143,191,70,115,19,172,201,33,30,195,113,86,200,230,155,38,209,4,40,183,173,238,26,17,93,239,100,127,183,223,69,196,25,37,45,225,132,22,72,68,154,73,82,55,118,173,170,47,92,147,244,94,64,80,163,155,180,197,240,37,148,153,136,43,212,125,33,125,29,219,138,214,179,83,188,243,24,224,22,125,42,215,147,48,12,210,70,201,29,165,23,236,203,83,86,31,199,94,82,6,227,219,196,50,46,1,163,56,239,161,243,25,187,127
70,80,21,126,89,119,90,217,57,125,173,167,42,41,104,217,114,239,186,232,144,197,163,58,170,218,120,49,74,242,29,156,35,222,253,127,203,226,15,188,181,109,126,20,45,156,236,135,16,144,85,99,137,158,43,39,154,80,33,5,14,133,252,113,54,30,44,85,143,116,180,122,72,58,61,35,123,142,248,198,251,52,87,67,206,81,15,21,128,188,236,162,158,104,194,48,141,187,198,193,54,86,6,117,231,57,148,28,210,236,95,114,110,146,4,200,177,170,251,48,31,40,92,54,176,21,209,24,127
175,58,212,45,160,250,181,58,200,29,30,50,205,110,238,216,224,3,8,1,26,229,197,18,212,230,205,187,92,117,87,146,235,237,25,195,71,219,127,98,216,113,16,154,198,82,126,178,48,43,88,241,118,93,99,46,207,228,114,4,51,104,14,3,117,238,48,31,206,10,118,83,104,236,119,228,190,67,232,245,45,209,142,240,225,83,55,62,246,239,212,139,93,125,196,81,137,209,203,123,154,137,130,6,58,249,20,238,175,6,47,178,137,132,49,192,163,200,213,34,204,193,75,179,15,73,230,96,127
254,160,232,158,25,20,220,74,217,73,35,140,26,192,252,63,159,162,84,92,22,252,15,94,175,91,21,221,220,90,175,196,9,80,157,212,220,98,189,210,183,115,149,83,28,97,10,71,19,27,82,81,162,28,227,205,110,117,108,130,117,24,235,225,166,236,245,52,83,209,238,35,118,34,47,156,109,249,137,170,149,36,69,5,208,157,123,21,38,164,57,142,211,236,44,77,189,58,44,121,13,56,131,193,124,105,147,22,80,252,150,221,131,34,66,248,200,97,99,84,165,56,230,108,121,83,92,15,127
145,223,123,156,113,92,137,169,244,55,24,68,231,116,239,218,58,162,114,186,107,81,93,73,37,171,168,244,156,115,119,239,95,63,24,70,204,2,58,155,131,195,20,27,147,146,254,145,208,18,80,148,213,229,53,53,44,193,237,195,226,33,102,9,16,37,172,151,151,34,2,162,50,52,113,150,150,179,48,237,29,1,206,254,209,21,229,205,150,221,209,216,145,47,186,139,143,108,188,19,145,131,85,252,62,251,88,179,24,148,187,140,191,185,27,129,114,63,39,54,138,190,206,116,24,69,4,102,127
211,127,87,192,234,83,12,136,245,47,90,35,85,107,189,241,55,198,126,82,165,235,52,250,143,165,66,171,132,193,133,249,151,188,8,182,129,76,19,156,38,15,235,175,91,228,127,108,214,110,23,3,223,89,95,73,185,106,126,233,161,60,240,31,150,225,108,213,229,31,148,190,124,172,98,138,252,229,103,67,7,197,145,105,126,239,89,152,219,88,110,182,47,47,75,196,36,77,105,193,10,122,252,46,219,246,194,91,23,174,8,206,43,36,201,110,135,71,219,163,179,21,225,172,197,248,71,203,127
13,2,251,76,52,143,118,156,148,109,187,20,187,121,146,136,155,205,123,118,177,184,247,95,129,93,235,157,32,202,202,1,197,99,233,86,22,125,87,95,75,74,78,61,251,204,74,94,118,237,214,206,77,191,93,107,57,19,157,184,48,24,187,249,242,186,102,90,187,143,135,223,229,171,223,123,43,133,73,77,20,22,202,74,169,171,21,64,244,113,77,245,212,233,209,89,176,69,60,247,35,170,242,45,171,9,229,240,51,169,98,131,28,112,15,55,25,58,69,133,69,138,19,209,171,213,43,58,127
192,224,212,29,216,191,150,25,139,136,97,223,27,135,249,223,9,249,152,29,131,102,190,218,145,20,119,210,147,5,33,235,114,78,7,26,174,51,71,137,180,54,151,28,11,28,109,147,117,201,205,66,72,61,21,199,27,28,210,133,204,36,96,57,199,45,61,120,171,50,133,140,167,212,135,30,249,107,53,60,186,109,40,1,109,98,207,76,39,198,238,231,202,176,137,201,20,80,97,141,101,77,173,236,64,126,88,248,115,27,221,133,120,156,21,192,42,222,18,93,153,60,241,43,71,45,183,184,127
245,106,47,31,121,116,4,72,210,6,231,66,188,222,66,228,49,149,44,63,53,210,147,65,218,30,247,122,229,12,47,238,139,244,227,62,68,32,159,136,85,248,90,136,155,140,79,174,174,10,3,243,24,62,236,56,67,209,72,246,47,96,95,173,39,5,9,232,134,130,186,92,1,229,130,39,211,59,174,230,124,239,14,0,103,54,1,180,177,187,46,144,226,118,150,229,218,13,155,209,35,82,34,16,96,99,209,213,47,96,162,240,143,82,218,124,209,171,33,169,229,149,235,79,35,55,185,145,127
137,44,199,124,183,164,157,174,23,72,26,164,148,199,94,191,194,202,109,61,243,198,179,135,229,40,163,240,194,71,147,2,247,231,70,250,80,105,14,106,186,165,152,218,152,115,217,70,204,95,220,196,118,136,170,167,252,117,151,153,81,235,222,36,241,87,157,81,144,217,67,181,231,159,26,104,91,245,124,246,26,134,137,171,157,45,92,194,129,61,196,145,82,188,145,190,183,44,9,235,66,23,245,196,137,214,135,73,198,250,34,116,46,8,71,41,97,20,224,101,50,174,31,77,186,182,169,46,127
64,212,187,254,168,53,51,82,211,88,170,88,248,60,161,156,216,66,116,120,71,126,122,73,9,191,145,212,228,166,108,145,57,214,103,153,78,164,182,192,0,205,215,143,75,99,66,221,150,19,146,219,21,56,31,60,115,202,191,131,70,155,213,56,133,7,226,62,149,99,223,182,210,141,160,231,90,139,181,94,197,199,183,38,242,166,155,51,72,38,46,176,125,70,227,110,227,52,127,80,234,184,3,193,45,171,253,227,68,30,252,92,101,143,158,147,211,88,113,128,217,52,2,217,219,225,15,191,127
144,59,171,105,125,191,8,91,139,171,155,241,78,150,228,95,119,204,248,68,127,168,52,30,178,53,171,234,27,176,100,216,93,228,69,98,119,65,118,14,72,234,103,194,239,188,15,254,197,102,146,159,74,123,209,205,44,101,48,123,125,154,136,187,128,148,161,200,115,222,230,95,206,39,44,182,61,242,3,118,152,60,63,159,82,56,215,56,170,37,124,80,178,246,208,88,180,244,249,64,141,72,113,188,173,189,252,93,126,172,154,120,118,170,210,225,46,31,90,148,175,145,208,63,176,58,198,41,127
39,198,107,209,195,131,88,125,26,93,110,184,197,107,106,114,134,45,185,36,176,18,109,198,220,163,193,109,172,87,104,178,201,230,42,27,246,45,122,36,88,67,121,249,115,30,21,201,39,189,246,215,227,35,157,3,22,215,76,129,184,133,132,54,98,72,224,153,239,14,66,11,237,48,61,162,118,214,226,71,126,214,124,216,148,82,125,34,245,61,36,62,107,138,169,95,118,112,99,246,44,87,138,144,16,110,176,112,167,159,211,197,133,121,51,31,94,1,145,23,40,25,243,2,69,252,91,176,127
101,82,21,21,187,121,72,215,221,178,244,254,158,85,49,81,197,211,246,219,2,233,242,77,223,98,60,120,67,195,32,243,3,25,78,199,233,7,29,231,201,182,26,205,188,81,184,45,28,54,250,165,157,200,40,240,232,188,236,12,51,142,74,139,8,202,125,151,61,123,29,153,48,37,74,198,82,181,39,83,105,87,2,60,30,151,212,229,101,206,215,139,13,217,177,253,116,131,145,134,69,235,29,90,62,162,34,139,116,9,81,22,47,157,43,122,148,55,249,131,39,120,9,21,223,191,143,42,127
231,215,133,212,37,136,130,214,15,72,29,243,22,30,251,131,53,191,167,101,169,136,117,0,99,101,62,203,165,142,79,164,211,176,89,211,232,244,129,22,131,56,118,2,207,238,151,223,207,214,76,203,63,241,117,168,71,231,209,98,156,208,64,223,168,253,35,29,231,132,185,135,140,117,199,39,249,142,162,66,39,190,151,106,181,31,196,189,218,21,5,149,54,183,168,3,32,205,12,129,120,35,13,154,130,53,8,186,129,116,161,225,122,153,121,113,187,30,96,83,137,118,67,20,108,166,152,16,127
204,23,119,159,23,191,191,45,119,120,28,14,217,77,75,5,179,74,178,214,30,143,74,30,106,140,45,233,55,210,216,118,25,41,235,43,54,152,114,125,199,142,124,54,124,230,53,39,252,106,130,57,64,149,185,174,58,218,153,145,90,195,39,50,62,29,91,157,132,189,232,87,31,233,64,175,179,199,86,105,11,241,46,88,76,47,73,142,22,124,201,19,48,185,3,179,200,162,144,73,45,187,117,225,7,34,90,215,166,196,64,14,106,117,41,154,116,143,55,214,64,141,197,180,95,176,171,20,127
247,24,10,144,230,102,87,113,96,15,78,56,190,78,1,113,52,245,152,137,52,167,119,85,189,150,192,214,5,188,45,116,2,25,167,13,172,108,181,86,234,8,110,243,166,248,222,204,229,47,175,211,215,159,168,60,250,141,87,138,226,196,50,152,35,130,69,65,231,208,8,70,207,98,198,56,105,60,92,2,104,164,197,135,218,211,230,46,9,234,112,0,213,207,236,139,80,43,219,127,183,234,42,80,222,88,249,158,76,151,49,151,133,182,28,58,124,187,172,180,196,32,203,129,107,145,248,166,127
27,95,182,231,20,205,164,245,92,46,54,94,17,130,234,26,33,209,58,142,245,241,125,85,124,44,134,14,158,16,122,170,221,136,9,91,236,103,247,22,223,156,136,25,123,134,124,239,185,219,112,227,64,102,140,154,180,182,177,206,109,201,209,51,43,55,166,81,184,33,45,179,157,201,238,141,171,153,215,245,226,55,14,82,149,118,119,193,178,254,237,141,57,71,193,226,27,169,117,148,214,159,61,245,75,26,49,178,107,70,16,231,200,189,227,193,139,157,235,146,146,250,14,181,221,5,128,86,127
205,127,148,135,52,72,71,222,231,213,61,233,173,69,171,94,97,60,39,203,22,214,177,73,77,216,39,162,178,34,112,161,6,41,192,67,248,226,32,196,17,233,126,251,216,92,10,55,60,158,64,176,64,50,228,115,123,60,249,192,73,206,38,201,236,128,108,241,6,69,2,159,19,226,135,230,17,252,117,246,111,38,58,116,116,8,137,139,48,167,26,175,22,61,195,215,172,12,157,212,116,239,85,86,179,195,168,60,174,12,210,9,137,91,138,87,56,204,11,175,141,224,222,96,112,159,144,23,127
59,101,105,155,247,81,70,116,244,141,235,147,70,68,130,24,44,168,47,93,207,68,53,79,53,223,212,171,22,16,5,180,239,207,216,225,8,14,186,22,150,246,135,42,194,226,19,196,181,220,128,86,177,110,157,10,141,187,37,152,55,77,6,234,62,133,173,11,146,76,158,210,238,139,205,131,158,16,171,145,160,150,163,39,236,148,53,5,146,238,169,149,132,117,188,191,3,43,159,171,94,168,169,24,161,145,75,95,35,211,29,16,165,52,54,160,33,31,215,148,34,153,5,248,21,43,44,17,127
246,133,1,239,164,164,50,213,249,7,217,17,86,215,27,12,167,99,72,174,50,186,41,200,5,197,250,194,148,62,174,194,181,34,199,143,1,219,190,159,141,23,141,71,118,144,56,58,213,225,129,168,51,177,248,48,218,43,139,160,170,49,233,55,56,177,197,17,154,22,209,179,61,8,119,222,50,244,171,130,150,26,100,81,249,52,40,9,110,58,165,222,80,33,72,5,97,19,117,56,168,21,62,36,179,128,234,231,217,237,25,138,215,94,35,154,24,4,249,16,134,198,144,241,188,188,60,144,127
49,46,221,170,111,144,184,10,145,128,31,136,220,59,65,57,205,43,162,48,199,12,246,75,55,143,153,153,108,79,149,214,217,240,185,122,119,95,79,191,141,51,53,208,232,75,116,83,15,221,237,212,98,115,78,142,253,12,140,209,115,88,185,65,194,103,88,80,122,92,186,39,44,146,19,79,101,181,107,72,111,191,105,41,252,201,68,101,3,108,240,64,59,156,140,213,67,88,198,137,144,158,223,4,119,152,120,240,192,24,238,35,175,222,98,29,125,25,198,89,45,151,38,20,172,94,163,226,127
244,205,213,114,100,208,21,247,228,234,119,79,235,157,80,39,121,58,129,120,237,194,129,156,90,62,19,179,50,33,18,207,2,233,252,52,189,196,19,126,223,50,87,103,198,88,172,226,57,130,240,235,248,230,130,243,74,125,110,206,5,143,54,161,223,175,60,224,178,199,103,115,109,208,117,181,242,40,30,248,231,164,130,83,247,207,113,83,16,112,118,16,123,239,124,134,248,207,42,68,82,148,237,61,121,215,216,207,199,76,176,167,93,67,93,96,179,155,181,28,130,80,226,197,27,5,54,178,127
245,19,159,37,78,109,63,157,146,145,153,70,106,89,40,149,71,159,206,230,104,51,206,220,59,127,4,32,13,12,44,154,40,88,204,73,141,7,85,238,224,94,151,83,0,253,90,56,135,108,62,162,193,131,147,43,44,237,47,191,105,144,44,141,149,167,204,122,77,64,88,85,179,175,136,238,127,147,236,230,94,191,229,108,88,136,94,139,201,12,60,24,86,64,216,195,24,116,233,163,61,220,46,206,147,43,187,232,44,216,67,157,112,203,172,51,224,213,173,230,63,91,37,164,203,226,108,61,127
252,83,167,41,28,62,154,206,221,105,154,127,49,206,150,151,82,203,23,63,60,233,202,137,12,190,44,212,49,216,66,62,135,149,143,185,92,171,180,110,71,168,221,251,176,176,219,58,5,121,39,87,107,86,88,155,74,98,50,5,170,171,209,42,46,53,217,134,91,129,253,228,52,160,114,45,35,249,222,168,85,115,150,245,201,31,209,0,20,226,32,170,164,80,59,129,13,88,73,170,157,142,115,141,85,153,225,209,66,172,183,162,43,177,106,11,38,169,151,78,20,181,88,207,252,254,211,207,127
38,222,122,214,186,103,44,82,11,224,126,9,138,21,115,180,241,169,167,183,38,136,146,150,84,148,199,22,36,7,236,52,57,79,249,142,100,29,252,145,52,201,48,90,90,166,161,159,68,90,1,105,223,160,165,160,91,48,46,113,181,26,45,62,19,17,154,195,222,103,27,229,121,194,131,77,38,31,91,193,180,217,29,245,54,34,232,154,110,185,87,10,7,123,112,33,253,88,86,55,205,55,71,54,60,67,89,186,72,14,245,192,44,176,23,15,30,241,173,217,8,69,46,174,49,17,194,182,127
214,131,194,144,15,58,153,241,179,171,123,153,91,63,70,177,112,207,38,71,24,247,40,46,42,98,164,229,208,132,245,109,96,205,222,178,40,228,154,107,237,238,179,222,45,94,223,4,135,182,109,0,130,68,229,225,252,78,184,15,201,86,184,138,154,71,217,200,160,99,87,151,246,49,18,207,128,69,239,158,222,113,81,121,111,159,178,15,252,174,215,170,104,195,228,217,47,24,174,249,121,111,99,222,150,245,151,157,37,213,125,30,107,102,103,230,241,180,181,5,159,31,49,122,163,111,125,113,127
190,203,37,203,170,125,178,250,205,95,132,21,8,226,4,143,242,83,236,38,60,161,144,175,237,132,45,202,13,247,66,208,46,62,140,217,147,119,185,189,37,0,174,207,151,22,236,30,18,134,169,143,109,79,154,202,2,56,224,165,224,181,210,220,254,251,74,69,27,205,145,124,161,37,227,15,37,186,166,175,120,215,94,17,158,52,16,199,163,88,238,134,60,98,71,88,35,118,32,217,86,14,111,158,179,2,199,155,100,82,216,198,165,129,218,44,221,55,151,97,101,106,107,252,72,181,168,210,127
127,131,220,105,64,199,40,52,156,143,133,94,138,63,212,27,4,201,18,67,46,246,71,232,152,161,168,106,208,111,128,228,14,235,168,242,171,11,240,6,211,129,41,39,107,128,239,19,246,50,115,73,48,37,76,26,206,117,59,133,251,34,63,164,48,24,252,111,107,146,184,80,154,29,147,64,244,227,123,235,3,208,166,108,84,31,171,103,166,144,227,223,238,97,97,94,152,3,164,94,83,60,73,104,191,1,212,118,166,21,33,7,126,137,162,238,174,177,51,165,32,246,5,46,76,137,205,229,127
160,21,221,119,70,126,201,165,16,184,202,170,23,182,69,194,142,245,248,189,191,217,103,26,177,102,206,176,181,225,186,102,155,45,104,132,43,52,114,234,103,93,51,163,15,41,187,212,13,245,197,153,106,50,127,139,215,80,212,154,203,93,7,178,17,177,188,161,105,69,207,107,242,35,221,75,31,82,83,140,227,19,89,27,135,234,52,183,75,223,62,223,97,164,193,61,245,135,172,1,163,89,248,224,204,235,51,94,218,26,111,71,83,231,131,241,65,189,212,103,13,219,241,225,231,33,22,176,127
174,200,118,240,145,51,170,75,53,187,245,72,24,115,116,101,128,55,120,163,95,56,74,130,70,97,8,75,57,113,178,103,151,54,209,250,236,30,208,36,235,8,5,41,199,147,253,203,58,84,168,248,125,50,34,14,239,186,12,2,82,198,202,165,244,213,49,171,220,63,50,208,13,121,23,2,144,194,8,132,112,60,46,8,242,192,43,152,210,103,24,112,145,194,5,173,114,168,254,104,149,17,117,179,83,6,229,12,1,15,93,94,28,172,92,246,114,52,253,221,85,153,51,174,130,7,185,208,127
38,29,13,14,118,5,80,93,51,218,194,44,150,85,153,234,12,70,162,151,184,238,102,107,130,53,213,51,230,102,18,87,128,54,213,27,86,114,198,1,24,58,141,134,224,246,99,209,121,44,170,170,226,141,28,199,198,63,195,222,153,27,156,179,75,180,130,85,146,111,11,159,12,85,33,104,234,205,157,52,113,171,0,74,28,113,215,8,34,107,115,195,107,145,133,0,187,93,98,110,187,43,67,144,249,173,227,227,237,86,174,171,9,26,240,212,245,214,81,63,204,32,215,239,147,133,118,36,127
116,165,33,173,194,180,123,232,119,37,219,80,154,243,128,114,160,77,125,172,126,151,129,118,99,57,58,201,147,133,58,218,201,170,89,197,116,36,183,238,57,33,62,110,128,70,51,156,175,142,203,24,15,77,160,254,42,131,148,37,69,141,195,168,15,92,19,87,131,217,231,130,17,145,157,86,180,233,188,208,227,54,38,196,57,148,110,204,90,177,111,63,36,207,62,57,189,187,21,236,66,91,126,105,119,20,35,23,90,46,221,221,35,53,128,191,156,246,216,203,47,247,39,77,19,236,248,220,127
165,86,34,68,166,2,93,144,100,57,216,24,185,23,124,89,168,41,86,83,232,34,69,112,12,27,33,28,155,192,67,252,191,116,233,202,122,187,207,141,113,17,105,250,110,19,4,52,88,6,143,57,140,149,77,227,70,114,176,228,78,144,61,46,171,86,180,169,234,87,212,253,99,68,125,73,13,154,27,46,185,140,151,69,189,124,250,175,29,41,219,184,189,140,206,235,66,211,202,73,79,251,190,31,185,248,222,225,165,234,46,212,131,226,33,215,144,0,127,202,45,160,154,162,32,41,92,86,127
132,89,52,123,120,120,187,83,152,21,169,221,243,13,246,111,12,110,156,82,34,85,220,196,51,52,245,3,134,101,144,108,71,240,239,194,12,237,66,161,97,132,67,96,113,246,67,139,163,143,116,112,187,67,181,208,26,182,245,27,176,213,47,203,193,28,119,239,140,221,238,193,4,55,100,62,80,128,10,127,64,213,193,138,126,72,16,123,239,218,213,16,192,97,87,68,6,6,195,249,72,136,52,100,94,35,103,71,38,230,178,119,55,243,111,144,185,139,83,64,38,183,112,101,14,178,68,205,127
154,191,168,126,155,171,115,79,194,127,77,155,59,67,150,236,176,40,177,120,62,177,52,243,228,249,181,197,241,171,189,201,210,196,135,24,186,140,239,133,23,28,194,208,140,16,52,60,15,21,59,53,114,93,36,119,104,61,233,33,202,123,124,132,88,37,223,30,155,77,16,233,183,84,247,162,205,46,186,42,82,9,183,190,68,26,37,66,49,56,138,161,237,91,242,218,133,161,1,64,74,112,198,37,123,27,48,52,15,107,139,214,221,2,109,18,128,62,170,10,250,206,222,40,89,80,104,231,127
22,236,130,215,3,131,173,80,190,240,222,212,58,103,56,173,0,41,20,253,6,161,184,104,178,120,110,211,164,130,44,229,12,244,52,137,165,107,97,5,57,191,213,131,187,216,114,102,100,240,179,68,177,165,50,114,29,154,235,124,224,117,147,141,66,41,225,35,64,103,214,229,57,169,170,57,125,228,226,131,150,62,37,211,63,202,78,83,252,105,84,20,173,250,124,52,191,34,233,6,140,45,152,173,16,88,122,187,251,105,51,83,4,85,92,229,195,52,223,1,249,160,94,40,222,122,253,171,127
235,28,174,48,184,190,226,232,4,10,25,101,104,91,64,26,11,201,195,42,219,139,29,203,208,40,30,183,192,98,227,52,94,190,24,131,210,78,82,137,121,121,221,212,235,11,249,222,17,109,241,42,141,178,101,240,249,205,90,65,168,131,72,143,57,131,151,49,52,177,226,177,10,72,149,80,10,90,231,75,144,11,13,11,61,250,37,188,67,144,228,134,119,230,225,219,77,103,183,11,207,216,3,37,210,236,215,61,234,249,19,161,27,172,80,38,3,134,75,167,190,95,89,2,87,231,116,242,127
222,6,112,247,26,112,239,34,28,241,31,237,9,136,93,245,20,136,89,248,233,79,240,194,1,90,71,217,89,254,186,37,106,104,92,73,47,162,69,159,171,205,79,163,164,159,102,39,99,142,247,202,206,204,143,88,100,33,11,79,140,196,214,106,110,240,191,90,205,152,216,140,118,75,216,135,18,128,114,53,167,178,138,63,191,103,126,71,13,126,39,193,49,82,196,85,4,115,86,92,99,172,238,89,79,248,250,115,90,6,245,233,197,170,107,125,140,41,201,184,112,159,150,142,148,47,15,63,127
37,183,80,222,47,55,133,155,241,39,57,241,71,240,88,78,76,1,124,116,234,99,109,191,71,146,253,81,55,12,242,4,117,124,139,93,200,36,48,149,91,219,221,18,149,115,100,160,182,96,38,146,152,5,118,3,99,137,35,244,113,183,213,136,91,219,65,148,32,110,3,169,16,222,138,159,15,78,78,145,69,188,127,235,39,106,228,179,207,7,83,10,138,72,152,50,219,202,213,243,51,166,31,180,181,39,121,46,129,21,180,240,13,62,206,44,138,12,215,202,8,156,91,43,181,245,242,116,127
145,233,114,44,251,40,25,197,88,180,166,61,125,74,17,76,34,168,251,2,83,42,21,149,36,180,212,123,41,69,78,87,15,158,184,156,208,70,2,132,197,224,82,155,94,12,64,227,182,137,156,147,91,18,177,42,117,117,95,194,175,74,196,222,51,219,86,97,102,147,17,136,112,29,112,191,31,184,95,8,28,78,166,166,157,33,165,181,112,141,128,62,105,178,93,31,44,106,95,81,149,67,0,90,41,11,55,212,140,208,62,118,20,169,218,26,212,95,111,6,144,65,216,149,3,83,244,129,127
11,159,61,135,88,80,116,198,96,253,129,143,82,254,228,247,105,31,62,124,36,107,206,112,229,232,214,223,204,142,13,42,79,18,11,11,248,136,9,26,80,175,11,120,122,142,121,39,174,196,198,143,155,178,184,229,75,162,207,93,6,67,51,149,31,220,3,18,210,35,8,45,206,127,158,11,205,103,123,233,213,73,70,90,232,122,111,231,171,232,134,127,86,37,90,156,171,205,38,10,78,238,221,5,116,203,164,34,88,150,144,212,9,47,45,14,144,181,114,3,171,138,51,137,118,54,85,51,127
12,125,186,131,139,243,172,246,218,234,18,182,219,163,49,0,102,159,172,75,164,160,248,133,71,184,128,42,32,207,195,206,186,220,133,41,108,133,168,206,220,95,217,39,84,232,69,241,14,237,120,49,55,215,105,58,228,47,154,229,119,252,90,62,90,249,33,60,36,137,123,81,144,113,44,128,106,229,226,100,46,54,232,150,194,37,200,33,129,121,83,242,86,12,253,243,47,68,216,53,161,214,89,221,172,165,215,233,94,234,46,219,112,95,25,147,172,224,237,111,184,21,245,47,236,135,111,207,127
190,179,156,62,241,164,54,181,89,52,222,89,120,171,44,35,46,38,55,6,172,100,110,46,155,206,134,30,236,161,27,213,242,40,232,212,137,72,34,29,21,135,226,48,102,34,198,174,122,53,208,252,217,94,176,25,7,217,170,98,218,16,84,106,0,5,128,72,76,178,221,147,47,154,104,32,68,213,127,244,93,238,2,38,107,73,243,58,162,207,108,242,23,51,167,218,98,76,216,63,207,41,237,85,74,107,158,240,233,154,90,120,30,212,176,196,82,82,14,246,122,62,8,96,179,22,151,244,127
53,209,10,5,48,157,34,186,162,80,64,190,81,189,162,195,117,208,130,48,215,26,110,0,249,204,108,19,247,167,34,49,39,60,215,176,165,30,17,220,106,73,109,223,218,237,154,30,83,91,53,239,32,64,104,50,17,221,230,230,44,21,60,142,166,193,175,243,202,164,66,199,49,75,16,23,3,244,192,233,53,130,198,180,221,216,109,231,252,122,59,129,24,157,199,212,177,125,124,16,53,75,33,164,77,252,163,141,137,131,253,219,159,229,213,184,207,117,125,140,134,149,123,18,77,194,77,28,127
17,9,7,232,217,164,59,105,138,171,133,20,80,63,87,3,149,109,131,219,122,252,250,207,97,51,182,117,89,143,39,135,7,131,64,141,95,33,88,112,134,251,103,166,159,65,173,4,238,162,95,141,240,228,225,92,176,204,182,246,35,43,73,42,159,55,85,199,243,83,52,69,107,227,252,10,213,147,150,154,237,73,229,164,163,82,80,140,61,85,213,249,109,206,41,41,225,173,74,0,20,89,219,244,158,175,249,223,116,128,250,173,245,60,139,231,203,21,128,73,211,71,51,237,111,229,222,247,127
146,83,109,165,119,130,76,124,58,161,35,177,179,152,193,93,165,135,158,93,23,114,179,193,112,79,100,9,27,47,93,2,96,3,68,205,104,29,133,140,133,98,92,81,6,75,115,126,208,179,77,20,139,212,64,80,167,150,78,227,18,231,180,189,186,108,38,10,243,251,100,96,251,141,155,253,246,187,10,10,8,40,107,19,204,44,239,54,94,131,93,228,252,131,63,243,188,13,226,242,171,206,158,143,62,96,140,159,60,201,5,40,240,221,146,220,25,238,46,69,2,232,45,179,110,48,102,9,127
241,95,199,231,195,19,165,57,135,140,120,17,238,174,70,194,241,129,146,199,229,5,181,145,80,5,95,235,100,126,225,207,163,170,74,225,212,34,212,128,24,18,239,188,135,94,203,141,49,49,99,54,226,142,173,176,90,33,219,97,28,57,165,139,48,175,188,194,253,71,35,109,248,147,181,75,201,242,138,223,167,84,151,150,143,220,195,33,178,128,225,187,147,225,136,25,36,210,65,205,104,207,30,173,16,78,153,204,102,214,173,30,118,187,238,12,20,90,241,253,139,249,33,172,26,246,83,15,127
143,184,217,158,67,212,2,53,226,145,16,147,32,160,160,80,58,197,208,19,87,149,228,73,70,126,118,154,122,229,115,124,109,127,146,98,76,30,56,227,109,214,0,12,113,122,77,30,78,26,92,180,173,38,179,30,49,69,108,72,136,170,226,26,110,200,221,38,250,81,35,207,194,16,213,111,202,161,96,156,194,193,165,230,209,11,222,21,241,254,152,82,96,226,11,68,95,141,179,149,187,81,43,20,123,177,209,101,253,34,79,10,48,116,105,65,105,42,9,137,103,101,94,172,85,235,32,69,127
77,129,23,57,148,251,250,66,20,1,8,50,171,38,222,19,12,37,185,102,176,34,216,103,224,172,248,62,136,44,111,228,245,216,8,138,31,197,8,82,80,109,4,83,188,172,198,9,126,134,242,156,157,177,76,81,230,223,85,114,140,249,100,16,105,66,136,83,77,20,35,5,235,66,19,128,120,166,140,93,80,56,218,100,221,18,247,9,129,51,141,140,2,196,46,68,155,97,27,60,242,223,80,41,89,217,132,186,85,33,239,235,147,37,129,103,60,138,33,72,182,74,148,32,15,45,101,216,127
50,231,129,175,214,106,249,231,201,85,154,217,171,159,119,209,143,45,45,195,225,166,146,240,173,248,135,94,141,200,74,217,43,118,140,183,236,233,226,181,29,17,221,54,27,162,96,184,221,201,97,58,28,81,7,57,123,221,122,106,233,121,4,171,158,183,200,187,31,55,178,1,210,23,97,136,95,220,57,214,8,8,189,172,93,14,99,131,66,88,161,76,156,3,131,226,224,153,115,48,209,44,186,53,11,160,254,69,47,160,148,154,130,0,204,172,40,67,200,254,132,225,221,247,195,209,245,74,127
216,192,57,158,219,9,121,249,232,75,30,173,110,109,234,5,156,106,119,46,39,6,161,216,196,195,170,117,245,87,85,252,194,209,106,50,179,152,211,46,35,0,2,221,136,188,91,18,225,147,159,150,245,132,4,247,248,169,102,241,5,83,51,12,83,75,173,2,169,110,120,135,178,129,35,186,103,52,9,9,148,73,178,147,129,98,210,220,163,8,193,129,166,55,120,47,154,205,168,240,184,215,158,135,15,24,60,136,83,22,243,166,1,39,156,234,41,120,38,38,19,201,200,145,236,107,146,208,127
234,178,150,104,169,60,169,2,193,243,141,27,125,133,212,173,88,182,162,74,157,244,224,152,37,26,40,135,189,174,156,97,31,122,175,226,31,180,217,197,37,136,43,225,13,162,13,168,184,95,35,71,97,26,149,198,188,207,54,2,85,196,55,49,210,2,237,156,33,31,53,203,243,110,213,64,127,197,10,50,5,161,253,105,24,149,204,61,183,135,148,74,171,112,225,137,132,227,118,192,236,245,18,60,194,37,127,141,88,116,234,222,33,236,130,18,195,94,20,48,15,236,82,141,81,45,135,153,127
24,227,50,168,45,40,254,129,201,184,155,16,232,86,85,240,213,253,78,232,104,191,231,200,119,248,46,117,24,193,231,167,241,80,6,32,52,192,28,254,147,188,197,88,29,127,246,117,226,111,100,15,35,62,115,51,235,201,169,199,244,221,134,19,188,3,228,175,89,123,240,128,11,209,53,159,239,77,106,137,36,168,165,78,63,75,238,200,71,127,172,213,10,13,72,65,218,241,236,6,85,223,148,78,143,81,49,241,90,98,146,182,247,84,9,71,189,233,135,253,155,63,122,209,196,114,150,152,127
21,16,167,239,25,176,97,195,189,19,102,83,142,195,37,223,172,193,66,21,131,250,151,81,144,144,105,31,42,147,24,199,194,223,3,131,215,77,45,157,85,182,194,139,132,228,176,220,117,212,115,206,4,225,232,156,18,109,215,84,245,79,223,11,129,177,248,222,188,190,202,221,224,139,87,182,57,167,98,188,98,168,115,24,230,5,128,230,55,137,155,222,112,94,211,16,46,24,246,104,103,218,192,184,212,9,99,238,164,231,179,189,55,15,134,180,33,155,165,130,74,98,135,96,28,225,112,110,127
222,128,109,182,241,212,228,81,86,1,237,14,2,85,190,190,107,231,141,117,125,168,235,91,144,184,243,43,1,65,29,249,44,85,201,112,160,184,55,242,2,230,3,212,243,234,240,186,134,242,223,142,212,215,113,73,76,35,228,152,186,43,210,14,224,159,60,210,232,4,94,180,204,88,97,172,26,48,246,165,252,70,61,207,251,202,241,211,4,184,172,144,89,190,148,26,119,246,204,183,152,184,243,157,69,228,207,79,175,16,65,197,133,198,223,71,54,228,23,9,114,49,22,67,46,210,16,48,127
133,87,181,159,230,205,28,121,53,112,99,207,10,168,10,30,3,60,159,200,98,156,49,81,64,3,71,23,114,232,38,82,69,99,107,153,68,220,119,2,88,196,75,242,121,219,89,39,244,74,96,246,97,170,167,74,250,224,126,244,158,137,86,158,94,75,48,49,219,158,110,186,156,181,52,4,215,117,227,71,117,88,153,191,218,61,226,42,123,15,179,197,138,70,117,184,113,52,160,69,64,107,215,151,223,117,221,39,48,246,178,94,214,141,207,94,214,245,41,43,223,199,200,186,97,32,62,126,127
172,172,133,71,22,197,160,99,65,179,45,40,82,243,205,126,227,191,213,107,191,89,210,114,51,182,127,211,136,188,116,192,187,173,51,180,29,150,226,87,24,131,207,203,75,121,112,152,2,58,39,107,145,213,173,202,112,98,122,191,31,5,162,172,47,11,29,28,79,119,207,140,10,22,187,213,219,82,247,240,24,177,237,51,34,174,113,19,126,56,162,205,58,101,89,37,114,68,87,145,7,154,172,130,19,130,10,50,99,68,240,219,114,77,22,57,60,129,194,216,60,1,13,118,235,51,145,86,127
148,91,143,98,21,195,17,234,233,222,164,94,150,78,53,111,203,88,242,167,219,73,112,50,187,84,37,124,247,78,118,152,104,230,118,125,150,151,180,181,116,126,133,40,3,212,224,159,50,9,129,20,149,101,93,61,139,56,198,192,106,53,236,11,230,148,194,103,1,20,121,224,47,153,166,110,123,166,115,66,187,166,107,114,8,131,183,4,170,119,128,219,178,194,31,243,141,82,117,185,201,144,148,116,147,60,55,152,191,132,146,168,203,187,33,228,230,39,169,180,133,245,185,111,103,197,6,67,127
212,118,241,191,10,251,39,124,219,201,28,145,156,203,146,237,116,99,237,224,39,178,247,247,253,17,169,160,179,26,7,44,93,42,2,15,197,203,217,247,143,114,18,55,83,58,130,113,141,50,70,224,105,232,244,152,67,59,109,205,207,32,158,28,79,236,153,24,185,216,104,72,10,40,67,27,168,248,66,189,232,163,123,241,147,194,251,186,33,39,61,124,29,140,110,39,236,61,1,155,39,146,212,186,123,144,202,202,140,102,5,41,155,183,78,38,6,157,38,248,121,79,149,187,8,234,61,15,127
120,79,177,232,212,227,232,129,213,90,217,253,170,224,250,91,174,82,193,58,141,81,30,50,72,165,209,207,158,60,205,231,42,249,120,241,23,44,172,199,7,169,5,52,28,55,190,51,19,140,214,195,40,213,77,49,152,49,53,164,173,117,244,189,131,120,238,100,222,94,239,248,197,150,154,30,111,131,19,178,197,186,232,55,245,198,253,146,200,251,49,12,49,83,213,229,125,236,87,130,212,101,129,10,158,65,244,148,104,138,71,77,66,141,2,223,189,158,107,254,201,91,203,223,72,114,117,44,127
206,36,222,210,219,235,98,108,188,107,89,128,57,61,187,135,215,83,75,31,137,152,46,160,63,37,5,240,236,17,102,207,55,27,43,128,122,196,217,136,71,248,39,68,230,101,160,186,26,184,139,71,33,183,88,48,244,238,137,88,215,189,22,197,162,186,108,185,46,76,222,88,132,243,146,43,132,59,54,28,208,213,107,41,138,2,229,178,32,5,3,157,6,121,124,77,122,49,173,28,214,59,175,207,26,29,69,227,100,125,183,192,73,155,251,70,74,105,128,138,9,159,112,165,69,60,160,209,127
108,73,165,226,68,112,6,214,67,98,180,214,180,151,227,116,237,136,42,3,103,173,135,131,62,195,96,249,46,228,90,160,2,209,140,26,105,131,229,26,35,245,248,182,218,110,242,78,165,169,64,84,159,14,83,189,91,106,85,83,177,161,128,4,74,239,126,248,50,110,121,140,144,20,161,170,118,233,227,243,94,98,86,193,165,23,36,15,22,158,102,151,180,40,4,44,87,84,108,167,196,128,40,45,149,231,204,133,207,234,151,78,3,200,29,163,3,82,2,226,5,204,177,15,152,126,137,91,127
117,16,62,246,177,245,98,185,139,53,70,209,225,44,175,206,1,90,190,116,10,3,142,18,144,105,218,197,218,78,148,119,72,82,188,85,113,192,149,197,92,189,92,66,119,244,110,243,200,200,75,57,151,15,199,96,79,126,208,105,227,183,118,184,237,191,237,163,95,192,184,29,173,114,138,162,91,242,231,232,29,211,231,121,12,109,207,32,215,231,211,143,29,92,136,102,202,193,68,60,212,164,194,156,2,60,109,203,45,146,55,118,209,64,60,12,200,21,64,2,218,57,202,95,77,164,175,216,127
72,231,60,99,22,37,243,189,73,193,181,69,1,102,35,176,181,116,138,242,240,223,146,171,242,174,214,50,110,103,83,61,236,230,184,32,185,34,19,86,108,250,212,31,85,129,127,115,239,147,215,55,235,189,38,200,212,215,241,22,157,55,95,187,192,109,104,21,69,111,59,234,139,6,83,91,143,80,175,212,49,194,93,89,14,196,174,175,231,78,244,207,189,186,166,235,248,107,122,98,17,151,198,171,109,3,116,232,140,99,200,18,111,193,160,146,102,13,115,161,87,124,66,187,111,113,182,11,127
236,36,24,121,101,171,54,19,110,126,150,29,239,34,173,85,178,151,56,243,14,111,1,220,130,127,191,29,203,83,60,123,69,104,68,243,54,32,3,220,142,153,54,113,230,83,6,178,137,158,57,64,72,31,82,13,134,106,181,146,8,171,233,52,164,150,90,147,219,20,110,68,183,108,59,118,139,238,171,212,187,49,114,26,29,121,78,112,90,233,51,130,113,144,199,61,42,82,186,73,164,74,165,213,41,15,140,61,229,83,0,225,128,202,149,134,63,88,216,115,30,109,208,205,36,164,45,179,127
199,32,150,227,126,100,236,15,145,243,191,147,246,104,127,138,155,6,43,175,230,67,237,193,226,247,116,71,162,5,216,119,220,158,44,32,234,233,128,141,209,173,27,203,83,9,35,47,63,171,249,134,155,122,19,80,172,227,132,2,172,51,98,16,196,244,147,64,198,24,8,196,160,229,249,222,184,41,152,115,32,188,182,250,52,0,99,220,221,216,123,183,73,131,53,125,106,134,191,173,15,2,140,69,184,81,26,86,226,106,123,132,222,196,166,104,143,114,21,62,176,111,120,11,95,22,195,229,127
209,110,186,204,207,241,86,169,241,139,33,154,174,104,101,143,184,6,23,143,227,11,133,87,109,66,144,133,31,103,193,53,155,107,56,254,204,94,228,9,66,13,240,171,51,131,9,181,107,206,137,100,185,79,31,99,188,156,2,153,13,38,39,111,168,45,186,157,93,63,193,45,51,20,152,241,135,45,184,84,228,245,11,3,12,75,135,67,208,158,96,187,206,110,167,9,91,27,108,2,39,183,129,184,154,89,216,250,196,142,11,69,41,58,117,247,206,106,91,192,172,32,43,77,120,24,29,123,127
226,222,83,124,136,127,231,89,226,117,230,188,254,59,96,89,195,59,82,17,19,115,65,99,235,77,222,182,64,248,26,32,169,27,50,175,249,70,148,178,64,113,89,210,75,93,118,32,183,190,215,133,247,111,202,74,70,244,89,84,181,143,145,116,13,46,135,216,109,102,180,29,19,216,162,44,86,179,123,107,193,187,56,63,121,122,7,142,115,160,59,247,67,42,91,203,29,1,109,129,142,58,134,251,23,206,59,11,8,221,211,129,198,123,211,199,67,166,37,206,77,212,179,65,181,102,243,23,127
108,59,21,138,60,160,241,90,33,180,73,15,169,241,133,52,81,164,78,151,12,199,77,19,9,253,45,100,84,82,246,199,223,48,131,97,23,102,60,73,232,48,239,91,166,92,200,91,48,98,71,60,118,42,72,101,57,232,227,174,73,96,19,59,135,129,27,140,221,80,223,115,122,139,176,30,40,126,52,35,115,45,220,37,128,105,111,181,176,54,117,188,8,192,176,3,157,156,71,195,45,195,196,24,56,24,85,76,166,247,177,57,111,130,181,151,236,123,75,95,63,159,42,208,163,248,236,120,127
121,141,108,82,19,162,35,65,226,124,66,106,248,159,83,221,72,39,212,186,106,43,142,238,63,231,36,12,32,225,33,192,109,149,133,91,226,3,12,172,1,49,56,100,102,103,55,99,21,58,154,230,249,101,91,223,118,34,53,31,211,117,34,143,16,50,209,81,97,79,56,88,241,235,26,154,71,198,201,114,109,87,223,113,33,45,242,44,185,229,16,31,223,116,100,148,193,239,176,175,61,137,184,86,115,160,202,200,100,54,177,62,239,32,43,250,179,213,112,11,90,179,239,136,174,133,55,145,127
131,200,190,100,165,224,54,211,64,211,231,191,25,140,98,4,209,178,40,1,230,17,207,6,134,228,70,18,195,204,55,95,42,154,86,172,38,199,112,116,92,99,100,229,73,71,207,218,115,205,42,45,137,118,133,13,15,41,143,214,153,48,210,227,91,45,164,138,72,41,152,220,159,118,114,179,44,2,200,221,85,77,10,4,8,11,113,226,90,49,122,238,164,145,155,107,36,112,120,86,158,109,163,158,171,27,34,159,75,41,95,117,168,66,131,49,72,143,184,92,206,12,182,143,200,242,131,124,127
191,36,140,248,91,224,231,201,181,204,52,250,148,238,215,29,126,101,115,57,62,208,96,139,244,176,186,167,148,123,38,155,22,230,112,119,72,126,172,51,141,59,107,176,130,95,219,194,191,96,209,191,134,185,73,209,236,201,30,219,102,210,37,3,137,221,22,198,39,102,192,146,28,241,176,126,93,116,93,84,207,141,233,133,122,143,221,61,188,26,99,193,18,151,73,183,139,74,109,176,167,95,129,51,74,116,45,121,159,243,116,196,247,49,64,17,156,218,142,114,75,41,203,116,211,221,171,14,127
140,8,106,80,14,228,185,252,41,79,24,229,214,136,185,59,211,248,171,88,103,72,158,249,150,79,96,203,30,134,175,180,241,179,90,98,209,74,106,232,93,34,33,29,108,13,103,167,112,214,195,179,209,53,47,42,6,26,134,219,84,42,144,12,215,9,53,26,223,148,252,110,16,244,75,133,132,26,166,228,36,56,20,170,135,131,195,88,8,9,122,90,191,133,66,220,118,1,119,116,46,56,194,232,73,123,185,152,12,83,60,80,88,31,213,167,56,84,202,201,206,123,99,126,156,70,27,90,127
59,73,18,228,229,93,127,33,43,246,80,119,228,125,77,32,174,159,231,81,221,200,7,161,115,127,100,12,160,192,154,112,242,200,182,188,214,16,25,239,229,32,227,222,130,248,118,248,206,205,236,136,190,22,157,82,195,42,251,59,183,78,157,158,239,212,149,162,158,165,3,225,2,65,163,238,184,222,239,57,253,98,78,248,252,202,142,157,124,83,145,125,63,85,80,193,126,190,60,170,42,12,246,82,146,4,68,197,131,151,37,137,128,142,235,229,66,71,239,219,148,223,222,41,229,131,34,132,127
12,70,74,39,42,237,26,228,156,147,194,54,78,50,198,211,139,247,47,238,17,146,15,60,13,184,111,8,180,3,248,183,252,43,176,2,85,43,94,193,35,164,187,189,15,154,14,238,121,252,102,64,169,82,75,211,182,214,27,29,62,224,248,119,124,136,27,131,57,21,83,156,225,94,121,87,78,248,95,31,220,120,250,112,88,117,108,155,236,217,17,195,31,243,39,100,116,6,35,206,75,40,254,46,55,55,189,59,164,58,231,101,170,47,88,48,250,49,80,76,191,194,164,76,175,43,54,98,127
76,148,108,2,26,196,19,218,166,140,24,250,43,238,181,193,183,90,127,53,206,195,63,4,232,157,98,71,19,78,223,181,16,77,97,179,10,226,53,123,3,138,210,54,253,251,105,212,45,200,149,25,170,6,146,46,170,121,209,249,57,81,139,248,225,164,114,227,92,6,110,38,163,114,109,27,125,32,70,187,172,227,0,38,114,194,247,54,109,78,238,99,246,225,100,165,59,131,162,91,116,132,119,30,134,79,34,225,183,171,191,99,147,135,106,46,59,247,202,227,252,57,254,192,219,52,150,125,127
170,158,227,155,212,188,52,176,133,133,54,102,102,75,34,42,22,167,241,25,50,22,32,195,2,87,203,69,236,207,191,208,239,67,165,194,134,31,221,70,54,189,55,83,59,252,194,125,209,127,57,144,148,73,101,180,172,183,78,195,145,192,81,189,227,114,75,242,1,51,47,16,143,253,52,43,104,216,227,151,71,139,53,36,4,16,180,50,126,0,41,205,74,179,56,234,16,193,56,252,185,34,90,198,7,186,31,185,103,13,170,106,56,147,249,28,131,157,184,252,118,122,31,159,185,109,115,152,127
242,154,227,77,64,35,15,122,188,112,181,2,13,23,217,251,196,141,161,44,74,70,130,36,200,137,108,185,127,120,221,227,161,202,72,13,156,181,24,84,179,166,160,66,165,55,236,1,227,228,6,243,142,42,242,3,200,140,105,42,196,185,5,68,11,50,254,230,0,232,63,227,247,81,223,90,111,30,33,149,86,90,170,74,123,146,113,198,233,210,73,157,88,210,85,141,237,117,70,249,131,182,254,190,239,163,202,15,107,207,61,156,119,80,51,234,14,100,185,4,156,62,210,135,1,100,229,100,127
19,115,98,153,203,224,204,167,52,238,33,216,192,118,227,232,4,170,86,180,168,226,218,126,172,152,120,86,250,24,103,199,25,82,127,42,215,173,78,163,242,238,139,5,56,56,198,85,200,202,189,159,225,169,53,12,10,156,248,240,61,50,128,34,17,115,166,115,175,89,30,194,20,246,66,123,19,236,56,60,3,239,66,230,214,251,7,149,27,105,53,16,172,199,126,114,32,90,223,169,37,174,134,133,129,34,122,151,131,19,2,35,159,220,32,139,137,124,109,176,143,202,197,41,21,146,201,151,127
125,184,253,50,164,29,100,56,168,225,92,245,211,210,17,244,30,87,89,99,184,213,216,200,115,225,127,242,168,214,105,63,50,190,235,22,141,60,152,202,234,69,218,113,49,68,204,123,57,140,121,187,107,6,220,125,85,222,4,19,78,205,133,226,191,51,228,63,151,6,238,54,35,24,227,236,135,210,34,144,40,52,168,172,116,108,227,9,141,122,203,251,147,168,127,143,119,27,175,239,243,215,11,220,217,62,159,65,46,39,248,219,189,198,122,73,216,181,139,95,60,207,55,63,168,84,175,36,127
49,17,227,253,67,210,184,181,65,62,32,108,168,242,39,5,54,224,205,224,109,235,52,35,105,205,73,226,163,126,156,21,135,212,193,135,41,199,64,188,52,222,41,17,55,100,94,137,48,55,26,112,223,116,178,8,63,13,225,233,58,254,199,192,134,52,60,171,66,99,111,163,35,138,200,183,61,147,128,226,137,245,153,114,202,239,24,168,126,245,48,214,112,127,195,89,128,239,196,159,24,35,124,187,29,123,35,182,28,19,240,112,238,203,95,9,114,171,231,12,78,62,5,5,81,24,242,57,127
158,172,157,164,182,19,28,119,133,34,57,6,134,19,157,64,128,120,55,61,207,195,247,73,99,90,8,127,32,226,228,118,232,3,165,17,37,168,64,59,11,33,238,249,61,71,91,160,57,218,99,124,246,165,206,194,240,164,4,66,149,243,48,127,7,117,77,91,100,218,142,41,248,93,81,92,164,165,182,171,148,232,236,234,166,239,58,171,125,29,143,0,120,176,207,127,246,106,198,48,161,253,123,210,91,68,254,105,126,218,90,54,217,55,48,196,29,117,164,223,171,75,7,140,226,43,161,233,127
125,156,138,189,47,182,87,70,15,214,154,34,230,22,148,172,30,171,251,66,14,88,245,93,212,93,82,17,53,155,167,153,185,164,243,81,145,247,209,172,57,73,60,91,0,251,67,62,26,72,201,110,122,126,39,83,97,129,188,2,84,78,168,61,212,233,138,219,72,192,36,235,38,26,236,195,235,227,66,61,76,142,122,159,8,80,26,56,211,183,59,85,219,182,220,55,194,3,216,78,152,99,34,120,0,21,23,128,160,144,175,78,134,193,49,239,213,39,230,236,36,183,238,164,239,2,97,231,127
84,253,66,104,204,46,240,227,168,65,128,225,158,94,24,70,246,29,68,124,69,201,247,10,148,191,210,0,164,152,3,139,1,239,52,58,222,124,38,98,187,17,5,50,73,206,217,154,53,229,124,40,240,192,169,116,37,193,23,233,250,92,236,251,50,111,7,222,22,249,239,152,243,225,20,70,178,239,156,48,197,149,77,60,191,56,132,30,216,57,221,43,93,157,126,249,138,251,100,211,236,139,223,244,171,137,209,1,71,241,217,158,234,30,77,154,22,207,44,210,154,40,191,92,76,63,172,38,127
193,252,56,30,87,114,1,5,118,53,221,21,201,89,166,24,6,167,151,234,197,24,32,89,217,75,79,219,103,183,67,201,94,208,105,89,199,39,74,116,66,24,9,241,241,71,16,49,104,145,5,124,13,35,12,0,206,106,229,184,219,169,76,249,126,188,187,156,95,14,114,205,183,170,122,240,9,39,22,181,240,5,86,149,242,248,120,163,139,28,36,228,209,41,229,42,88,250,28,173,194,188,105,133,191,37,168,193,122,214,47,130,244,172,59,158,3,21,243,48,158,187,142,58,23,121,61,143,127
207,69,178,50,254,185,96,35,165,225,141,18,94,203,217,110,53,6,212,195,30,229,100,56,123,243,168,100,21,205,202,172,52,92,104,237,179,19,223,66,47,64,214,118,251,167,23,118,155,54,152,21,166,76,218,100,239,175,191,35,243,223,62,192,194,143,105,39,40,53,93,35,5,173,153,21,185,30,226,45,66,7,183,230,217,186,16,122,147,10,235,14,190,30,147,209,169,58,64,188,156,146,182,131,212,6,217,14,191,110,61,108,228,37,129,201,108,57,220,69,61,172,220,1,179,4,126,103,127
116,236,100,219,238,106,139,110,183,75,240,94,52,28,205,70,54,30,53,163,214,148,187,181,80,239,155,205,175,57,207,6,149,29,53,12,246,170,111,39,226,94,6,190,209,2,59,169,16,126,211,107,78,56,25,144,159,49,130,209,215,37,182,41,46,117,224,159,229,2,138,135,3,54,84,82,99,130,174,109,84,175,51,57,215,0,75,101,77,74,33,104,16,199,199,166,1,232,146,92,29,148,230,154,142,101,213,1,100,191,167,179,223,227,188,196,12,26,253,22,183,59,203,9,62,52,126,3,127
193,59,248,84,46,56,31,209,238,124,75,168,186,55,47,60,81,140,94,92,246,247,0,127,189,111,75,142,67,138,147,81,134,126,90,226,165,6,76,136,42,252,56,202,212,123,134,189,35,248,156,46,9,152,168,183,246,140,249,12,41,14,243,189,253,218,1,42,206,48,129,142,71,55,133,10,37,80,170,249,53,221,75,150,2,61,188,250,65,238,130,124,54,194,249,49,179,246,244,175,140,83,46,209,44,112,27,40,63,40,28,14,105,110,245,241,165,253,104,33,105,150,3,134,91,204,83,171,127
184,62,207,7,141,253,178,26,229,7,206,12,114,184,241,198,106,223,50,49,127,201,254,127,66,53,70,193,242,19,160,154,72,56,128,23,86,196,189,79,242,27,152,137,86,37,2,72,186,109,236,171,52,133,244,103,200,51,215,49,124,227,195,63,22,168,58,133,25,56,95,126,9,250,97,166,191,174,29,149,27,157,139,77,35,61,188,211,177,215,60,253,234,44,65,111,59,78,103,85,102,170,162,169,21,164,189,96,155,37,140,183,45,15,102,235,65,239,213,94,69,120,239,48,103,52,30,65,127
205,149,47,116,120,189,54,228,184,86,81,156,199,77,162,56,130,160,55,53,179,238,231,70,28,151,113,17,163,193,31,45,123,254,165,185,252,247,240,217,200,187,215,166,66,37,58,175,201,116,16,54,116,196,32,151,57,239,85,185,71,235,41,33,119,84,179,32,201,252,20,164,34,75,29,204,106,79,110,236,94,162,188,185,4,111,184,61,2,159,42,18,161,50,81,116,152,55,199,52,194,118,61,206,79,93,222,171,91,17,216,118,116,111,203,150,138,72,83,224,196,235,115,121,244,220,123,252,127
204,72,143,245,15,56,227,18,214,178,84,53,122,57,9,165,161,170,139,218,64,128,175,61,128,19,213,60,86,72,212,14,162,49,39,65,57,160,94,246,83,72,89,126,92,4,75,133,95,41,220,92,75,164,186,86,185,109,83,243,187,4,112,182,49,120,41,160,45,165,186,48,16,180,43,94,72,26,35,23,196,60,171,222,34,194,10,104,229,236,208,61,2,91,227,31,184,57,212,160,239,165,197,151,162,17,146,135,226,55,252,189,56,65,172,31,122,177,99,233,110,139,69,33,24,58,29,179,127
242,127,193,243,39,29,149,25,231,158,157,174,55,54,132,19,88,77,49,198,253,87,170,249,86,145,159,215,142,51,18,227,83,156,178,157,217,199,191,4,23,91,172,146,153,176,140,103,110,224,183,168,120,194,80,82,61,115,59,24,88,245,128,96,214,65,174,43,166,157,142,20,118,218,55,2,176,245,160,100,68,153,226,218,46,14,194,175,136,12,230,126,216,183,211,43,164,227,32,82,164,5,248,137,33,102,150,33,50,86,37,93,182,103,76,157,51,231,43,118,86,235,123,181,209,117,159,7,127
44,203,160,236,222,174,165,177,225,44,13,56,132,234,40,163,250,100,52,71,16,17,230,183,230,184,234,150,109,242,26,200,226,116,131,13,184,142,244,138,111,147,149,136,162,164,71,21,44,127,187,151,155,182,205,194,125,104,129,206,55,155,201,52,17,141,97,171,34,113,61,138,46,103,46,210,28,7,48,252,245,195,137,164,100,55,110,56,106,31,252,120,39,0,155,68,131,242,78,45,125,253,2,244,1,40,135,11,174,65,85,62,141,17,67,55,144,169,84,32,42,56,227,15,56,203,251,154,127
49,44,237,250,144,246,133,44,49,234,242,115,150,100,149,159,244,45,35,221,218,252,111,10,216,51,252,143,206,247,186,44,82,62,246,154,190,252,94,157,243,67,73,221,34,16,170,97,68,149,130,43,216,92,80,105,146,118,16,99,136,246,58,242,254,249,33,116,207,57,225,222,145,69,103,127,18,122,189,194,82,120,222,19,52,234,4,137,226,5,151,239,199,22,253,132,197,172,34,7,175,149,108,79,44,248,136,231,107,119,56,174,241,51,132,142,0,197,142,0,78,62,150,124,206,175,189,161,127
131,14,23,170,155,124,77,138,169,199,166,143,85,214,217,192,100,15,102,149,157,97,22,216,159,249,162,233,13,173,6,130,157,203,31,208,110,215,186,130,53,134,65,22,75,113,28,84,36,141,75,207,146,2,106,51,48,23,7,109,164,146,162,215,206,203,211,185,253,244,155,36,95,147,95,131,183,228,232,146,169,67,158,134,36,243,23,240,87,88,18,68,206,44,254,46,126,208,56,181,212,136,200,36,88,19,146,170,110,126,208,53,80,108,193,176,14,64,73,79,25,30,79,61,149,207,126,89,127
52,164,85,229,49,91,194,195,116,10,43,211,125,199,77,109,144,194,4,1,100,125,71,38,66,6,240,41,39,198,146,59,71,93,131,221,56,247,4,224,211,1,85,222,207,141,167,25,203,131,80,54,66,109,189,96,77,28,190,151,16,1,61,19,31,136,65,29,160,246,151,251,33,237,160,13,33,137,116,109,59,75,191,149,163,178,94,226,124,184,154,194,105,3,115,169,39,37,115,132,194,251,150,157,232,237,209,253,132,108,9,43,161,45,241,6,97,94,217,145,22,151,59,11,187,186,203,155,127
245,36,156,101,238,238,55,26,110,18,125,115,222,245,138,197,133,179,8,178,145,142,80,181,62,42,105,247,141,197,212,33,50,165,218,124,41,169,148,61,221,206,65,117,128,43,164,221,115,83,73,138,179,37,228,78,199,190,160,108,148,230,164,117,40,130,109,196,185,54,214,47,206,58,49,253,192,116,135,9,83,241,153,64,181,37,9,158,65,203,244,207,35,133,203,140,242,26,124,216,66,215,54,166,163,144,237,158,242,47,127,101,156,113,2,113,116,149,238,127,137,243,99,79,84,230,243,35,127
245,54,126,29,64,151,9,62,190,15,239,160,91,69,107,158,39,118,120,155,85,60,72,120,121,186,170,64,63,1,38,99,190,155,232,212,66,38,193,184,147,192,132,34,245,207,59,219,41,166,197,167,134,243,99,121,135,12,8,58,166,191,88,53,238,216,190,219,115,190,207,21,47,224,125,65,207,101,85,98,141,127,226,168,45,189,125,216,160,79,3,89,197,140,189,131,212,68,87,252,79,3,4,217,249,250,1,123,146,106,144,142,178,205,2,121,52,125,204,55,252,124,38,21,151,42,143,107,127
70,139,229,151,76,238,73,246,35,40,36,239,95,150,88,198,158,11,108,38,200,91,147,208,192,143,13,47,42,124,187,29,72,167,51,196,117,178,214,55,230,124,176,174,1,160,251,126,175,21,204,247,98,54,47,187,168,113,152,3,36,219,4,112,232,186,98,5,143,243,65,93,215,243,29,115,96,167,154,95,20,19,39,132,252,159,190,202,154,23,149,233,194,141,44,100,16,182,219,74,239,230,206,143,208,117,220,228,72,65,182,110,136,129,205,177,42,251,1,138,75,36,236,23,249,36,19,115,127
28,193,129,22,14,63,115,55,244,140,121,121,157,164,82,177,237,162,40,250,176,253,188,142,28,41,174,176,6,171,242,235,129,168,121,240,124,110,104,251,83,162,3,135,240,186,134,134,150,125,250,120,96,125,143,177,146,130,151,99,105,192,186,131,104,198,46,210,172,221,99,121,29,45,246,158,189,9,65,118,139,9,135,123,2,60,201,161,175,61,26,220,191,96,33,70,123,93,154,147,196,125,21,157,45,246,213,84,17,225,28,194,103,185,39,32,236,34,150,166,133,101,161,123,224,178,112,184,127
122,240,52,97,178,60,245,68,138,74,168,27,88,119,171,228,133,50,15,186,179,141,76,220,106,18,17,156,145,91,168,205,241,1,91,148,228,189,26,54,220,72,108,33,66,39,130,244,49,205,65,229,223,171,178,212,97,82,131,110,6,84,22,8,230,60,162,92,171,150,125,172,14,58,18,110,38,154,66,220,91,206,251,155,135,224,144,48,52,165,144,199,129,202,166,230,178,228,113,232,172,121,231,245,119,196,84,171,188,30,185,44,102,139,191,233,216,202,163,237,110,52,90,152,237,252,200,147,127
37,63,219,22,15,8,144,243,45,164,245,23,7,72,225,30,219,254,246,113,179,206,192,196,181,18,116,158,221,131,83,159,252,25,239,4,114,51,164,163,130,19,97,171,249,11,99,50,14,70,192,149,183,32,104,226,122,37,72,244,243,188,24,21,58,212,120,230,95,151,47,114,38,146,177,4,200,103,248,81,42,190,59,149,189,140,89,38,38,203,248,16,173,170,153,180,198,109,85,241,197,164,75,61,127,35,231,56,34,71,53,82,143,54,131,248,139,73,9,4,56,80,112,152,187,238,213,27,127
135,86,136,242,6,49,205,141,35,196,56,125,116,216,191,111,195,20,138,170,91,200,217,22,102,196,252,95,198,147,221,57,100,159,186,87,110,111,90,112,134,249,109,133,43,155,65,158,145,126,220,242,172,196,245,31,46,199,152,19,246,136,20,252,74,244,74,239,54,110,71,69,27,168,18,184,25,80,81,5,172,3,189,156,3,160,66,71,140,244,31,76,64,164,212,238,193,199,59,130,145,252,37,61,184,146,91,9,7,156,124,237,148,62,109,175,0,59,82,4,166,74,214,194,100,194,211,178,127
109,28,197,250,198,192,111,30,75,178,90,116,51,45,161,151,128,107,136,89,37,227,130,77,7,15,137,74,166,145,210,30,200,122,197,103,44,123,28,221,159,50,58,146,244,243,172,246,244,71,236,205,226,204,103,244,228,96,75,98,108,48,77,200,83,254,127,182,55,54,193,247,32,110,143,121,198,172,201,57,199,6,117,172,105,178,194,166,211,191,14,168,146,130,48,173,16,69,138,10,43,240,207,254,208,161,116,169,164,149,209,110,178,155,53,203,127,76,58,234,145,144,92,176,225,113,219,237,127
243,154,80,251,158,101,174,233,69,66,44,48,172,164,89,240,14,175,72,194,97,175,128,112,38,91,14,58,142,19,233,96,104,127,95,172,197,183,54,34,105,83,176,102,151,38,173,157,172,236,165,178,52,28,184,166,35,130,146,181,152,186,126,192,143,169,120,66,128,249,104,25,102,224,4,117,109,149,156,123,50,13,104,40,68,79,169,185,244,61,88,86,102,74,124,217,167,32,109,40,159,209,119,59,96,132,33,128,238,107,33,109,134,190,253,119,140,211,140,126,193,131,97,47,122,75,163,25,127
87,123,166,80,23,160,119,87,50,180,229,175,243,43,204,118,122,216,166,92,200,222,29,38,224,149,143,65,248,145,45,114,83,113,54,141,149,231,242,210,154,85,12,45,85,91,127,112,185,221,254,121,157,44,206,220,142,151,209,79,211,181,137,143,92,42,200,68,244,88,103,187,44,199,85,91,47,137,106,171,89,158,95,216,164,131,74,74,239,119,235,211,14,180,155,113,44,140,52,179,37,131,13,6,50,149,225,140,7,80,123,99,207,88,64,66,216,169,193,101,162,32,177,219,166,169,185,8,127
196,153,185,46,212,49,243,160,39,112,201,181,225,100,137,237,217,149,108,154,239,15,98,87,142,3,126,203,11,200,222,135,78,201,115,155,28,120,193,188,114,17,170,107,81,184,85,252,133,117,85,207,45,186,116,224,112,207,85,119,93,173,113,233,173,251,140,4,126,210,128,10,165,134,197,220,3,81,120,60,172,65,121,217,83,123,29,128,75,10,3,144,35,151,53,205,110,254,67,80,201,167,26,46,42,129,94,208,136,203,105,31,44,201,0,14,225,83,78,31,171,216,4,1,5,187,151,33,127
143,128,1,168,87,55,191,235,89,84,87,248,200,11,63,225,188,236,89,247,215,170,232,38,99,221,72,157,212,103,136,129,238,239,5,18,143,56,71,166,37,123,81,102,243,154,172,98,65,57,169,23,227,7,91,180,119,99,189,96,208,98,62,241,137,121,63,103,202,14,50,207,44,92,237,60,195,232,135,104,87,117,106,102,34,243,236,110,126,89,244,72,112,252,83,23,93,50,96,179,194,15,242,152,228,179,197,108,172,189,48,95,217,107,198,24,98,65,132,13,245,198,245,142,86,118,195,79,127
13,230,204,233,182,82,67,133,140,109,65,136,56,153,205,66,169,64,105,37,214,50,2,236,73,220,190,204,136,176,7,238,248,14,214,246,9,4,108,46,169,11,34,185,166,46,160,224,61,59,80,202,57,232,165,82,250,228,239,67,93,21,38,153,23,5,67,102,167,178,44,202,202,68,225,40,251,227,240,149,12,74,125,70,177,224,149,16,24,74,141,50,235,83,249,147,139,1,14,217,117,158,107,230,19,35,96,43,80,138,221,181,120,46,163,84,25,162,198,98,133,158,166,20,84,43,90,242,127
76,96,219,100,202,149,175,5,244,198,232,46,42,22,193,204,139,63,11,27,187,24,40,93,44,16,33,87,43,171,210,63,100,229,157,77,6,142,231,155,209,45,59,215,193,110,149,137,197,71,38,253,206,127,180,22,133,175,208,52,118,55,97,52,223,13,103,21,123,151,127,0,227,69,226,148,118,183,204,234,245,218,147,94,240,60,129,100,52,65,181,168,75,33,20,26,169,180,8,12,53,22,148,98,9,161,144,23,214,243,33,217,162,15,34,140,58,81,35,106,45,245,17,41,136,118,178,33,127
13,172,232,210,158,66,50,224,219,149,219,215,243,37,182,105,121,38,66,39,128,112,178,163,230,202,243,192,109,190,156,238,129,193,72,154,31,193,61,94,184,134,111,184,207,135,226,214,253,25,54,209,69,165,139,204,223,125,122,118,74,165,137,79,79,35,128,72,115,233,175,179,131,121,49,26,90,139,171,82,77,5,82,63,42,187,189,215,222,176,133,231,107,134,12,94,150,203,191,237,194,59,119,148,162,167,122,16,193,16,198,161,79,183,187,57,63,83,160,224,39,0,52,246,59,50,59,18,127
223,96,47,232,237,234,100,126,76,11,34,135,217,246,110,17,27,1,141,3,105,166,219,230,187,180,31,20,55,206,161,241,37,80,17,162,86,16,81,21,120,25,75,222,22,219,165,229,110,99,17,43,42,178,228,81,40,12,146,173,145,204,177,44,82,244,133,202,145,48,222,159,61,70,195,58,43,131,178,216,200,56,158,241,103,147,57,235,88,244,176,100,121,201,99,9,183,72,144,14,151,106,190,30,145,127,97,97,79,95,80,96,160,143,144,220,142,44,238,183,176,176,32,209,89,83,46,210,127
41,49,112,54,16,238,76,125,246,182,51,135,224,12,253,201,249,242,130,141,201,55,172,62,180,204,54,45,166,152,58,21,66,30,154,115,222,213,229,152,139,178,61,136,121,143,137,192,176,103,210,242,44,18,217,197,171,211,136,185,14,157,152,247,246,76,155,232,122,196,226,91,221,183,129,9,25,55,24,11,211,149,69,179,153,164,239,50,154,183,187,32,197,146,93,193,57,109,112,20,199,157,65,137,128,26,119,204,187,33,142,239,150,187,2,12,131,60,153,247,134,145,104,102,154,77,53,22,127
136,172,223,1,36,110,252,142,46,43,12,163,195,73,211,141,80,190,47,72,145,114,87,34,161,125,44,203,3,155,33,180,241,151,55,203,141,56,209,121,65,243,231,56,118,104,172,212,94,127,194,128,97,29,86,205,70,194,145,9,112,224,5,21,103,28,116,223,12,137,196,100,77,34,47,65,60,207,79,28,120,190,243,14,145,203,44,138,243,45,4,46,124,134,203,113,11,245,109,237,106,128,111,37,198,186,144,38,26,122,202,116,93,89,194,103,131,62,31,26,27,226,140,226,149,165,39,123,127
225,23,166,41,129,38,89,104,247,105,181,123,246,164,84,76,150,82,181,8,40,80,25,96,20,238,171,150,37,185,181,118,194,223,156,63,68,79,238,221,17,18,55,251,72,222,108,141,98,139,109,70,125,34,185,249,196,7,166,60,142,201,99,249,184,167,177,208,201,53,213,5,68,3,132,148,189,232,153,219,168,26,168,164,13,243,113,199,125,11,2,71,234,25,180,31,233,216,216,122,97,204,204,44,232,200,57,60,178,20,17,124,137,230,219,129,14,45,219,20,116,60,51,241,61,168,203,129,127
4,102,139,159,65,157,153,18,95,20,30,117,112,22,70,208,203,212,201,44,34,227,139,196,99,222,62,143,213,131,89,170,42,238,228,38,150,44,40,95,165,15,151,120,48,206,25,96,33,188,229,252,146,126,148,180,42,25,26,154,239,112,109,130,167,238,180,133,244,83,67,45,121,234,151,169,93,214,242,42,33,246,217,153,7,137,104,187,171,47,58,47,101,9,14,68,123,92,53,211,118,100,123,220,62,22,14,7,40,208,27,4,66,67,72,203,91,42,200,110,94,60,93,109,111,8,170,238,127
53,41,40,56,111,135,154,186,13,199,60,10,152,25,26,7,118,70,74,160,36,197,66,96,1,235,202,24,35,246,194,139,183,180,210,11,152,137,51,123,127,88,245,45,8,43,193,148,118,36,249,169,253,131,220,132,137,151,105,187,59,94,233,232,195,218,157,151,202,220,190,126,243,196,179,164,173,73,206,228,199,73,20,162,193,140,149,153,85,188,214,217,190,156,90,123,13,235,8,121,131,37,123,79,60,252,214,2,84,203,198,91,195,192,131,235,101,76,199,213,23,88,67,106,202,44,187,168,127
175,220,238,172,160,30,24,147,228,52,190,73,222,150,213,117,118,157,192,142,24,219,191,124,123,131,218,239,140,48,93,160,150,67,22,232,48,174,85,152,211,116,50,158,229,242,172,197,183,200,65,65,90,149,163,217,211,78,20,212,183,22,139,203,183,136,119,43,103,116,122,111,94,110,212,111,15,36,188,188,94,227,208,85,192,20,113,152,15,117,117,11,237,196,60,216,238,26,26,229,10,112,196,67,197,179,245,175,234,46,64,161,162,195,82,152,44,158,243,185,139,220,134,81,131,4,140,93,127
205,180,79,23,247,168,107,11,44,237,121,163,171,72,182,2,190,103,40,34,176,102,89,242,211,44,154,50,98,170,191,196,146,121,52,2,135,94,162,235,37,123,164,50,12,92,93,87,55,1,187,105,170,37,40,151,191,99,17,105,244,180,93,65,172,111,184,28,248,61,225,150,136,194,201,135,157,73,25,165,175,123,47,199,205,250,202,132,196,147,51,248,6,183,51,168,172,213,18,77,202,188,38,173,218,114,131,93,49,188,31,157,65,113,239,226,154,155,85,2,43,248,19,92,232,68,130,133,127
108,103,225,109,119,205,60,70,128,170,5,188,89,184,4,182,180,90,196,22,133,205,24,248,95,50,65,46,239,113,128,208,180,202,81,170,88,214,19,217,219,102,119,246,18,150,3,128,63,100,182,126,147,216,109,238,60,164,35,67,208,57,237,174,82,236,233,70,184,48,248,110,31,146,33,33,114,209,211,51,29,149,144,77,235,102,76,68,215,99,41,172,75,230,175,234,166,203,88,100,192,145,207,136,76,231,52,254,47,65,200,100,134,205,170,94,240,160,167,15,27,1,102,229,218,90,192,175,127
69,141,34,13,14,153,182,36,23,128,236,107,88,118,230,141,213,244,37,51,181,253,133,123,228,196,115,89,76,249,150,7,9,97,117,207,156,193,250,178,185,61,28,151,73,115,168,211,28,50,109,39,235,223,48,153,204,217,251,224,78,221,243,243,202,232,246,227,71,148,218,212,184,95,142,170,3,99,191,138,183,38,221,105,153,88,118,234,44,160,92,42,2,139,46,245,246,22,243,122,223,112,125,149,180,51,66,16,211,241,137,15,107,21,126,254,193,154,200,129,93,12,216,140,184,77,173,72,127
19,124,94,117,62,88,212,184,22,214,242,181,246,114,211,4,25,76,204,155,33,48,136,240,48,198,135,70,207,178,36,78,195,200,112,163,234,109,173,130,36,159,184,185,130,136,233,196,93,25,165,182,55,11,225,94,254,48,72,166,55,231,19,28,116,90,147,112,58,2,90,24,227,206,123,233,230,133,1,133,253,102,207,63,57,191,107,86,186,53,2,209,169,98,58,233,133,34,64,69,237,101,41,219,135,94,166,112,39,38,238,190,139,26,232,214,132,131,135,237,53,18,65,235,44,132,71,70,127
233,168,142,89,176,28,106,178,6,29,133,194,203,72,241,113,141,92,155,117,46,246,13,39,196,27,19,118,64,215,171,228,115,142,215,20,76,201,7,236,9,26,179,145,205,147,211,168,211,98,127,169,187,55,158,169,18,166,81,221,93,31,118,67,163,40,153,133,131,177,131,119,218,63,225,200,159,27,145,134,93,253,123,168,79,104,122,164,95,43,145,41,49,137,140,105,190,171,16,37,161,198,230,195,111,176,186,235,28,80,10,130,251,161,53,130,196,211,63,207,74,189,218,186,41,52,221,107,127
18,225,140,175,141,146,151,226,137,77,244,242,131,227,9,171,48,237,151,129,97,21,10,38,122,157,191,213,70,100,160,118,44,247,71,27,242,19,104,157,17,115,31,149,53,166,164,30,142,211,247,202,169,17,35,45,26,18,120,127,131,145,156,135,210,170,129,136,7,244,136,72,154,185,162,83,129,160,53,177,5,115,195,51,74,193,106,86,222,49,197,41,166,247,187,132,106,172,1,122,177,246,69,253,68,39,12,74,132,25,125,225,107,60,22,199,24,24,7,59,233,25,102,152,61,122,205,3,127
242,199,5,33,126,27,73,72,77,175,129,39,94,246,121,72,131,246,185,162,71,60,89,50,171,96,120,108,203,55,153,205,199,86,89,169,75,98,236,92,211,198,138,191,155,172,46,240,124,194,205,181,235,180,231,31,193,17,228,131,110,212,142,107,87,128,187,164,153,131,231,135,7,86,186,86,211,110,18,198,236,122,126,234,53,124,183,157,150,57,177,128,119,184,76,123,6,243,90,181,205,246,26,21,220,47,240,220,190,122,60,111,44,72,200,115,137,101,198,21,179,42,132,94,175,163,8,103,127
188,185,211,129,12,126,198,7,8,14,126,90,201,123,90,166,201,78,232,222,178,154,46,247,184,13,229,107,20,134,236,222,189,178,60,241,168,101,224,156,29,130,140,248,27,53,254,202,51,154,75,200,154,3,165,101,158,131,58,216,196,173,155,127,5,80,171,189,3,212,245,229,103,145,183,78,53,187,54,217,156,249,149,66,210,199,32,59,185,219,217,175,54,170,214,158,163,103,70,182,133,53,34,198,96,214,8,45,139,146,246,121,124,83,100,160,102,191,165,221,116,154,220,163,221,253,3,80,127
153,49,240,168,80,224,10,179,188,153,70,111,209,90,47,4,7,243,210,191,220,102,125,227,166,4,118,155,166,180,150,26,77,182,141,152,165,76,91,12,218,195,40,96,97,108,30,82,4,72,208,166,248,34,143,193,181,122,157,94,92,69,228,134,209,209,42,46,214,80,253,201,97,197,163,197,194,121,102,209,223,113,234,97,175,80,83,210,41,98,96,100,107,17,235,1,245,135,139,3,236,105,174,54,6,33,208,230,216,169,116,225,32,45,58,173,82,133,155,146,250,174,141,246,183,111,72,253,127
92,216,104,81,231,73,153,248,141,85,133,36,146,18,232,214,69,160,66,196,196,114,121,145,230,55,216,3,232,227,84,37,144,11,236,109,186,30,172,157,156,161,165,7,186,206,99,103,190,35,106,245,208,201,226,127,253,227,251,179,143,222,204,118,104,195,105,240,171,72,195,127,2,28,226,81,143,138,52,56,164,89,45,167,134,184,224,174,32,211,162,67,114,59,254,217,37,45,130,95,94,234,57,239,53,187,247,146,22,228,15,45,240,213,200,51,106,118,216,200,46,47,236,96,245,141,109,73,127
97,14,103,149,226,222,134,127,138,0,214,210,176,74,156,157,118,224,239,52,18,90,252,190,76,73,17,26,141,219,51,59,161,138,73,128,168,81,127,130,5,200,124,199,9,55,22,91,108,224,244,67,28,80,90,191,119,230,156,213,183,11,57,125,111,19,111,224,187,172,25,225,153,121,19,16,206,170,213,20,226,109,234,34,138,11,209,169,75,143,38,32,43,155,78,71,162,99,89,97,138,19,29,201,180,205,83,242,84,88,216,129,184,143,231,245,59,211,235,90,221,150,59,176,0,6,58,55,127
15,82,253,4,143,88,158,132,219,187,160,86,122,224,122,61,213,197,147,164,148,24,120,165,45,188,140,30,243,133,104,122,89,146,137,252,194,168,138,162,17,168,158,212,9,171,86,157,136,146,251,126,96,218,156,191,149,62,33,163,124,179,222,121,235,148,122,169,48,254,96,44,92,183,15,119,169,149,186,126,124,173,248,199,85,109,252,118,170,170,13,48,51,209,188,210,17,195,128,15,17,154,74,198,8,120,117,118,100,165,27,186,138,116,43,141,195,215,65,5,228,202,51,44,54,86,120,173,127
217,211,55,86,97,10,215,135,242,188,179,57,69,41,102,182,87,222,229,23,63,30,117,243,193,228,210,101,30,121,184,35,115,232,151,197,200,246,182,3,237,5,159,67,117,115,210,149,162,115,23,22,209,40,5,2,46,155,28,59,184,62,247,130,236,188,150,173,46,165,219,221,53,166,53,84,243,134,4,180,242,199,78,69,129,179,60,38,185,138,228,147,37,143,235,62,92,225,130,67,205,147,43,166,44,127,48,122,167,249,119,152,165,31,4,241,29,187,16,140,108,127,197,187,197,31,42,55,127
207,65,162,37,47,212,15,77,139,110,246,221,185,100,196,74,212,77,76,133,190,253,32,66,118,74,200,230,212,236,168,136,192,71,176,223,175,123,140,170,106,6,109,111,23,217,147,13,83,159,223,215,217,72,16,254,42,245,187,17,202,141,173,106,150,176,187,130,49,128,101,180,58,26,9,30,213,83,227,184,18,180,179,25,11,213,134,21,217,56,221,7,250,169,129,223,180,33,238,219,82,252,246,130,207,54,12,208,157,108,34,36,137,57,70,72,33,111,122,171,106,214,47,222,234,139,166,104,127
253,93,51,92,148,125,87,239,59,227,254,13,125,47,119,71,109,153,234,205,186,131,13,232,184,72,250,147,207,19,21,139,245,99,67,215,193,9,92,112,141,238,110,91,224,222,218,23,6,28,45,178,218,232,227,26,23,208,60,229,231,183,44,163,201,112,105,32,216,73,4,146,79,173,118,185,110,248,106,126,220,41,32,184,139,107,132,165,130,125,185,229,41,253,167,197,45,184,107,39,210,55,127,94,150,112,139,34,232,107,110,58,173,104,128,163,40,141,250,3,231,70,218,83,129,174,157,143,127
234,67,90,41,64,247,106,51,102,153,114,172,78,119,247,56,240,142,80,71,225,224,19,113,9,118,134,224,121,187,29,73,145,88,2,115,89,73,224,117,142,179,62,243,146,201,132,243,84,244,252,220,235,120,239,132,64,92,9,69,143,240,128,144,53,22,93,110,36,56,172,114,109,83,226,182,43,45,45,75,175,142,66,94,38,213,48,165,172,249,63,80,231,186,106,186,216,13,197,233,18,14,22,123,182,129,217,151,18,212,166,19,157,150,165,53,189,45,105,71,23,248,77,138,220,66,144,233,127
205,220,194,199,30,222,187,192,88,124,87,218,163,182,144,247,220,83,120,227,62,45,66,211,20,24,213,5,84,58,196,254,251,198,28,213,194,223,240,252,149,223,161,201,134,173,122,159,249,32,3,179,180,180,82,8,50,103,36,213,119,245,104,5,237,5,241,228,143,203,55,37,147,119,19,176,115,238,62,65,31,220,45,15,103,169,111,170,72,33,66,43,85,158,13,76,58,96,181,104,17,129,50,53,37,157,173,87,233,195,113,119,66,233,188,111,69,220,228,227,65,186,205,155,17,10,142,226,127
198,65,77,1,83,80,17,93,63,230,149,235,182,132,185,39,90,243,184,240,141,144,5,79,110,65,57,176,170,217,236,34,205,213,190,198,131,230,126,163,12,67,145,108,129,43,84,52,13,135,93,19,242,116,246,109,170,203,41,153,159,101,234,53,112,193,231,188,22,40,13,18,20,145,20,245,103,149,216,210,28,170,195,241,188,70,185,240,186,222,33,192,151,89,24,130,73,172,224,119,26,22,153,158,42,241,3,19,187,15,179,242,91,9,73,75,151,129,248,164,77,198,252,158,19,124,189,62,127
67,177,227,14,41,204,73,42,6,115,105,154,18,192,252,163,141,76,223,189,187,118,247,151,228,251,241,50,157,206,103,108,230,78,212,22,18,95,200,19,31,120,5,197,185,98,244,94,30,209,240,85,86,237,76,166,23,163,132,80,38,222,93,188,241,107,10,227,97,57,27,205,28,246,15,91,64,69,199,12,60,138,253,135,13,73,111,235,203,193,10,210,175,60,244,28,103,253,206,126,247,60,4,111,123,72,45,211,92,55,116,225,182,138,173,66,21,191,146,97,41,113,22,241,254,183,47,205,127
128,152,200,127,208,10,178,140,124,239,216,226,197,94,111,204,42,183,160,153,129,45,230,247,228,228,82,132,121,141,7,188,72,62,164,194,200,96,81,13,125,205,187,63,19,34,50,237,154,202,163,196,87,2,223,123,146,93,120,145,152,170,76,215,1,139,101,238,249,100,121,121,16,151,166,112,74,160,148,145,134,88,22,25,142,90,184,193,91,64,186,133,11,57,73,84,230,57,78,135,109,230,26,245,12,225,199,241,2,159,189,190,8,46,42,143,42,178,59,180,49,97,164,242,75,71,96,236,127
207,128,202,123,112,113,223,93,208,103,67,26,216,210,165,46,132,16,199,181,162,221,101,107,131,34,74,95,149,235,13,124,99,88,246,206,68,151,36,127,204,138,8,6,57,21,3,187,244,2,169,16,104,48,205,126,34,189,118,5,81,236,187,51,88,147,202,38,209,99,74,65,79,90,16,121,138,218,68,121,204,177,92,175,19,120,123,54,101,183,227,85,10,174,198,162,216,247,107,124,138,68,121,129,144,138,107,26,204,198,239,25,219,79,5,235,108,112,35,251,108,122,124,137,152,252,89,153,127
210,172,68,10,112,145,17,165,185,59,210,235,85,88,97,24,205,74,143,149,47,231,100,207,198,186,252,41,154,191,78,64,67,62,105,173,96,148,108,91,155,24,76,113,195,226,110,95,89,215,126,47,16,164,141,138,195,226,36,160,184,251,58,129,46,167,0,221,186,110,56,39,94,186,91,242,233,18,238,24,66,95,173,92,217,248,167,128,69,21,148,45,49,141,10,33,201,41,211,177,117,240,85,75,18,157,251,139,121,189,219,207,89,61,89,172,98,58,84,158,229,44,200,184,8,227,48,245,127
130,30,249,47,242,238,1,85,184,62,44,16,69,44,79,69,206,168,160,212,95,164,87,141,202,20,182,215,74,222,228,109,230,229,183,226,158,184,178,101,15,30,182,8,84,50,130,225,47,69,212,149,92,238,150,115,236,26,247,40,36,166,125,140,34,77,161,56,75,65,93,81,175,226,108,49,25,205,204,65,85,92,13,154,34,154,172,76,34,60,189,200,46,250,55,156,65,118,11,186,66,180,114,32,223,31,252,169,178,24,5,11,248,99,240,166,19,115,159,199,174,123,109,98,174,125,132,91,127
93,91,41,177,48,146,229,167,141,61,0,90,200,187,19,226,154,76,81,132,116,105,150,204,252,27,48,179,34,147,108,42,123,4,48,60,208,49,202,194,159,211,112,193,249,116,176,233,85,144,144,89,72,72,52,177,63,52,65,185,250,186,115,30,26,7,204,136,240,112,62,52,150,14,178,207,27,191,64,99,61,150,62,157,226,148,158,242,182,49,107,206,56,88,215,101,225,202,55,232,70,176,26,234,126,22,75,119,60,200,160,247,189,247,105,40,114,109,8,242,50,242,75,169,180,14,15,108,127
215,89,173,15,94,31,63,197,161,228,222,32,70,121,208,174,168,161,138,88,147,31,32,131,160,140,147,92,41,111,39,227,99,179,134,223,139,10,173,198,99,229,253,250,200,143,104,151,120,226,229,13,178,21,205,237,143,84,31,166,219,51,177,51,33,6,101,178,196,204,177,252,71,180,106,13,249,101,105,91,156,181,49,211,233,177,204,143,116,228,113,48,81,72,141,236,163,127,99,174,50,82,80,188,214,160,87,67,173,160,184,120,130,113,88,104,5,142,218,192,244,9,47,183,38,124,164,75,127
26,203,177,145,158,22,15,83,199,39,37,245,194,100,82,222,208,40,164,171,78,45,177,66,10,15,9,6,82,37,109,215,62,26,228,65,98,86,106,119,228,220,206,106,128,161,155,242,3,84,56,5,247,56,160,125,47,104,71,65,199,196,143,39,105,213,97,229,101,184,250,31,58,52,112,188,6,47,202,248,185,236,99,83,36,67,147,241,129,121,103,89,150,20,170,236,52,23,251,158,0,135,182,215,244,227,212,60,31,68,159,143,54,182,172,253,151,131,5,245,50,238,145,95,149,190,150,147,127
162,127,226,235,135,209,212,40,165,59,97,78,100,241,51,56,86,59,47,100,250,114,189,185,35,1,82,127,59,241,186,80,25,240,0,169,160,6,236,223,221,108,70,246,121,226,15,164,146,170,21,150,3,186,230,207,176,21,253,146,181,108,200,85,57,61,25,132,78,33,57,52,179,4,76,193,121,96,41,183,195,226,66,235,248,247,29,248,27,150,160,130,123,63,138,60,175,1,86,22,162,127,181,29,6,41,215,124,26,113,242,126,171,23,171,144,252,17,154,116,87,63,82,225,12,149,200,91,127
173,187,124,9,189,192,215,28,171,38,117,75,193,182,246,140,95,85,207,250,18,27,194,207,118,225,58,46,166,0,85,36,172,99,91,145,133,7,15,247,169,141,96,254,56,159,17,84,214,104,88,222,138,86,69,25,132,181,103,27,148,231,7,244,28,87,128,48,154,64,45,96,127,2,58,68,190,93,108,165,209,145,154,30,148,164,71,201,193,68,128,141,114,164,111,234,252,183,18,237,8,242,24,230,189,74,134,172,101,173,192,101,248,201,60,250,13,168,117,27,53,2,69,166,118,116,230,242,127
71,207,65,84,105,76,160,189,119,190,115,248,34,204,104,189,218,242,206,205,26,24,32,111,31,209,241,37,5,158,9,19,180,34,227,205,245,147,166,128,45,154,75,23,104,14,184,221,92,226,173,220,60,216,66,200,254,170,239,104,170,26,220,183,248,249,37,253,185,102,6,188,155,121,41,82,229,67,119,2,192,253,37,52,127,48,104,50,70,227,52,156,197,6,246,101,205,146,161,39,101,176,172,99,90,100,140,124,199,51,115,74,19,125,32,223,55,209,2,111,48,9,192,201,74,217,251,47,127
38,24,223,136,183,179,80,240,253,141,82,48,18,218,251,249,141,177,35,59,214,21,57,14,66,135,41,190,209,12,234,175,145,205,41,202,61,166,195,197,192,246,125,151,184,184,212,141,70,204,74,98,123,146,227,209,250,17,46,201,247,216,53,0,159,65,125,121,154,121,14,29,93,131,166,1,34,131,211,186,174,121,248,44,52,46,93,19,172,43,241,89,183,243,79,145,157,98,52,35,182,31,132,218,176,92,34,231,34,135,193,95,127,202,143,157,139,173,229,252,29,73,174,206,238,228,94,149,127
19,23,138,191,35,20,212,140,107,124,134,188,52,220,247,87,73,11,246,180,37,154,191,70,217,11,95,155,223,147,230,143,205,130,162,91,156,46,171,133,167,1,206,35,34,4,145,142,158,60,61,250,148,196,111,108,177,7,123,65,148,156,173,118,47,172,65,151,6,134,131,47,253,212,213,155,41,62,57,75,39,7,1,235,184,143,52,14,61,168,148,206,168,138,203,151,16,208,158,150,23,8,12,77,222,50,108,105,61,113,70,187,136,206,167,213,65,118,49,94,40,55,230,76,49,220,43,184,127
73,75,58,96,168,112,3,73,77,233,10,139,82,112,153,146,45,217,103,119,58,175,96,208,173,163,105,13,182,51,171,202,0,137,233,199,147,25,130,51,105,53,40,87,185,160,179,246,3,17,147,109,251,172,157,186,94,151,135,205,41,21,42,103,21,29,123,53,17,177,180,164,191,200,105,246,222,170,112,93,67,190,38,27,243,252,6,208,47,216,122,64,198,205,7,188,176,130,20,176,24,50,246,109,181,223,214,32,37,202,38,57,196,209,45,4,115,25,82,212,40,80,70,88,114,214,253,195,127
70,201,154,192,37,206,187,65,166,62,220,228,59,215,59,250,215,107,23,134,232,230,197,187,172,71,178,115,127,219,153,119,57,54,45,136,205,74,54,85,139,224,46,212,189,207,91,23,175,76,71,157,196,247,75,211,227,147,105,216,7,122,95,228,131,40,132,164,16,62,135,112,113,37,239,124,211,153,48,154,61,248,97,166,131,212,143,144,254,234,179,160,68,201,72,239,98,208,236,192,106,224,223,245,122,197,208,106,158,252,35,79,208,103,118,65,235,125,18,241,62,216,159,125,224,141,104,49,127
149,235,253,139,108,111,65,113,22,237,200,160,150,6,106,55,135,147,115,97,103,41,203,26,57,194,126,133,205,203,226,156,99,183,102,9,17,119,227,123,126,202,116,202,44,21,166,170,176,179,121,22,54,249,59,63,5,145,81,227,232,14,61,248,144,158,196,143,98,19,225,133,148,230,9,203,253,147,207,231,108,181,198,143,73,199,163,163,209,219,197,144,38,27,22,4,241,82,98,0,185,38,140,23,56,26,107,154,66,60,24,79,253,118,248,40,89,132,215,95,61,151,63,191,38,191,254,59,127
24,240,69,70,100,126,148,120,98,82,245,233,186,111,168,96,177,22,103,78,245,126,199,177,108,139,13,19,138,168,177,119,47,185,89,91,248,217,245,218,182,10,231,248,1,239,93,254,105,69,185,89,70,125,161,228,11,56,200,24,55,235,90,221,200,7,87,149,21,253,180,174,95,37,23,65,218,67,147,140,83,40,74,11,32,173,199,11,68,190,188,18,68,42,204,250,123,223,219,26,101,34,174,175,202,129,134,90,105,34,83,100,144,45,52,175,16,204,123,219,196,136,112,39,151,108,250,116,127
208,223,135,242,186,145,162,46,245,232,93,123,132,55,113,154,164,6,226,8,4,232,80,163,125,246,60,220,199,89,153,181,211,152,199,156,79,56,7,253,110,192,204,140,3,28,227,19,119,208,68,55,28,120,195,96,102,10,217,219,171,197,248,3,38,143,238,63,74,197,185,84,56,1,79,8,222,171,170,112,48,26,141,7,173,247,126,153,115,165,181,175,238,48,161,144,116,123,254,34,67,50,14,52,95,12,205,146,145,228,123,22,108,108,229,239,154,210,179,167,148,18,159,163,111,223,94,165,127
15,125,230,77,240,12,136,52,222,253,251,82,244,49,120,87,179,15,143,127,244,236,162,32,110,52,156,34,115,92,38,78,197,142,161,69,161,62,203,236,235,192,167,229,161,57,215,238,116,135,48,6,181,21,151,82,19,70,201,68,57,188,175,199,182,137,247,45,175,125,222,29,115,8,197,134,91,194,176,15,139,76,172,28,94,173,33,147,252,90,219,250,139,24,174,138,229,144,5,2,230,211,18,216,204,44,211,239,189,158,69,178,67,242,57,218,89,201,186,90,50,242,167,27,147,29,174,12,127
195,82,117,102,159,170,113,110,42,163,180,8,172,157,89,82,60,120,246,64,167,79,230,148,6,132,172,216,162,155,134,94,199,135,218,54,203,151,122,170,133,38,42,70,43,215,186,118,159,81,102,60,199,221,63,240,35,148,245,95,82,12,100,29,214,112,197,218,59,139,131,180,1,6,168,72,215,241,13,101,79,62,220,89,50,196,45,222,96,122,14,231,188,216,56,155,11,103,213,181,185,13,37,242,68,150,227,138,59,50,49,18,122,27,185,72,12,229,34,91,110,183,200,248,155,115,238,192,127
1,82,14,34,241,232,136,41,72,47,130,94,179,31,248,150,35,245,156,16,225,186,26,160,118,30,121,148,93,24,20,102,123,232,85,77,179,148,15,152,11,148,84,12,136,219,201,120,138,174,244,55,156,42,198,167,120,175,59,38,14,197,28,105,93,202,30,119,21,106,173,219,173,117,173,186,179,14,184,135,128,152,152,214,176,44,52,47,89,101,26,229,92,105,205,158,61,105,85,69,31,187,13,48,40,17,235,54,251,94,188,43,52,177,10,75,245,162,31,223,251,39,238,190,26,239,26,223,127
29,30,72,249,97,32,5,136,161,136,33,147,214,18,250,200,126,233,101,246,19,116,160,26,88,93,38,130,167,35,200,194,101,8,234,220,231,80,31,94,66,128,19,228,137,207,174,47,12,126,211,189,45,130,182,76,247,67,135,103,220,51,196,94,18,148,63,159,228,78,150,10,167,77,14,75,90,15,110,192,68,194,34,105,84,108,58,73,211,210,150,55,113,55,246,224,26,34,225,106,226,46,55,91,4,176,166,104,187,144,189,106,144,25,215,195,49,193,109,22,162,88,28,217,63,135,229,210,127
200,160,119,3,212,54,65,91,238,35,127,94,88,3,124,11,107,107,246,148,148,24,198,165,116,43,241,96,103,229,117,158,152,50,101,211,48,2,251,220,132,129,202,100,144,85,184,25,219,50,100,252,220,138,176,79,190,197,93,231,72,46,197,251,254,227,85,129,75,9,26,83,15,60,147,237,220,119,9,107,228,199,231,71,248,234,242,86,202,141,134,148,135,68,36,9,172,207,97,156,237,199,40,131,137,84,107,138,64,59,225,224,172,100,5,177,151,90,111,76,25,84,251,43,60,121,219,151,127
231,105,203,235,223,24,159,239,218,173,236,99,52,30,121,22,59,55,133,188,214,237,76,169,215,66,61,198,188,232,101,101,7,37,38,45,124,19,89,206,75,124,33,244,137,137,158,249,209,243,8,22,193,165,25,85,217,223,245,70,43,129,102,228,232,19,196,162,247,85,171,38,137,106,191,99,84,217,117,229,87,48,234,193,68,13,204,156,21,40,247,226,76,230,192,156,227,49,68,236,116,159,0,232,108,200,196,59,122,227,184,12,174,188,203,242,246,150,7,123,161,35,147,129,140,200,121,52,127
78,218,172,45,233,26,218,120,102,4,38,250,95,138,93,187,200,154,123,102,181,167,81,251,51,219,248,12,203,142,38,55,18,59,42,18,217,233,246,102,85,30,229,141,94,8,127,209,13,10,103,219,59,97,41,44,77,101,204,113,26,79,168,13,48,110,85,155,32,21,212,10,49,226,241,184,38,11,112,34,67,199,239,74,238,84,155,215,61,239,80,225,150,156,219,16,12,229,60,110,65,1,175,24,87,91,245,197,126,165,115,169,195,219,52,165,46,176,107,226,206,59,58,27,191,213,226,36,127
130,166,56,224,182,7,179,131,144,12,176,234,201,59,210,65,150,50,148,53,109,106,180,142,242,81,215,222,165,227,95,69,30,242,216,21,42,132,97,241,62,236,193,83,57,81,113,84,13,11,224,252,151,25,184,242,145,200,58,184,242,181,166,231,195,135,84,67,78,135,178,39,211,63,185,16,97,18,106,114,249,31,132,55,134,90,67,80,96,139,143,246,84,149,51,181,210,100,43,158,58,30,166,12,85,60,195,110,230,126,70,61,196,29,154,127,47,0,20,58,17,100,128,239,213,171,200,9,127
198,101,38,195,160,188,74,149,202,106,57,147,112,170,197,82,214,115,186,142,109,235,139,212,240,118,95,171,222,157,207,226,129,155,177,116,128,220,154,249,56,151,215,47,17,151,22,212,235,197,127,185,26,150,61,85,123,102,121,23,123,253,227,118,192,231,86,141,241,70,67,247,239,90,82,238,180,36,43,22,71,226,82,111,196,182,239,55,75,107,57,29,17,17,241,167,77,56,13,205,110,236,219,20,89,106,22,230,203,14,30,126,214,227,107,241,217,154,218,34,241,238,104,47,86,174,186,250,127
82,163,88,246,204,181,113,163,254,83,8,79,6,56,70,146,161,86,175,143,234,64,134,218,211,90,38,132,134,130,180,95,41,107,80,73,232,230,207,18,145,66,148,35,48,194,221,194,18,104,145,137,34,89,184,17,18,137,37,32,186,59,241,218,36,18,1,8,232,3,156,139,59,27,70,89,37,105,200,234,92,18,150,8,138,15,7,218,168,64,92,197,154,195,171,34,1,125,229,221,233,242,0,212,228,133,135,108,89,162,216,41,88,76,155,125,222,21,29,116,250,226,218,205,88,61,168,176,127
187,149,200,6,202,112,208,84,32,54,246,160,132,26,174,173,0,66,122,158,132,153,38,46,36,98,124,161,65,55,33,129,73,249,134,32,168,135,85,13,228,104,215,66,86,72,209,48,138,43,155,170,129,143,18,137,112,76,232,157,185,51,251,75,97,94,64,184,192,124,31,46,157,215,64,32,69,207,105,58,240,244,94,136,34,63,106,19,216,42,24,156,213,171,96,87,194,60,20,146,244,176,251,245,252,248,206,69,17,231,214,99,172,52,144,247,124,152,215,65,67,59,104,215,177,130,130,98,127
237,225,241,116,84,188,134,118,102,112,164,52,86,59,187,101,178,90,253,160,17,182,210,27,202,148,175,185,178,139,112,40,50,144,140,160,193,243,209,143,34,196,217,141,220,107,163,49,46,71,174,125,209,109,218,168,161,139,190,41,245,194,203,71,219,97,142,50,147,1,20,238,10,42,91,146,54,112,28,164,238,92,232,237,25,165,208,46,0,241,36,173,183,90,136,144,193,168,214,86,51,133,180,235,56,36,64,40,32,142,238,109,220,181,8,44,30,69,167,13,222,29,68,177,72,28,156,60,127
28,29,130,117,128,197,157,203,69,87,229,61,41,199,69,165,84,72,191,56,43,18,189,142,88,175,188,17,158,238,75,60,151,10,189,143,10,172,198,102,145,83,130,123,169,17,25,66,31,124,207,55,77,94,209,20,191,36,174,194,5,60,188,222,244,179,153,9,243,109,151,139,15,158,245,195,145,3,126,78,244,123,121,48,181,192,150,63,94,65,77,150,102,125,58,135,163,219,105,230,114,138,209,161,82,79,205,41,164,159,88,16,130,60,84,237,133,33,108,254,221,197,64,53,134,28,227,182,127
132,143,253,55,150,11,97,107,187,103,150,23,231,240,113,15,170,184,78,116,64,66,90,62,199,163,176,229,37,192,115,101,131,12,161,135,158,159,141,97,105,32,177,151,246,167,242,39,234,109,164,232,136,66,195,154,213,61,194,146,7,48,86,164,72,115,100,189,118,175,17,102,77,136,114,29,186,196,56,127,239,12,237,74,107,48,41,138,203,9,36,189,149,213,161,3,176,152,181,212,250,84,75,33,175,234,189,199,221,239,73,71,253,72,49,162,36,147,8,19,40,243,72,121,28,42,189,122,127
199,252,167,119,202,144,149,85,137,231,201,113,80,148,243,116,2,116,165,95,162,145,89,34,235,20,89,91,49,13,44,189,219,62,32,23,57,124,221,199,105,88,178,188,108,195,241,137,33,69,177,86,107,199,54,232,25,202,203,139,133,114,141,163,196,206,125,41,179,246,219,124,184,36,83,227,212,178,162,16,51,210,160,155,46,223,249,191,87,56,31,135,82,231,89,27,157,1,86,8,188,5,23,185,241,80,178,140,16,251,44,205,219,26,180,137,211,163,29,13,96,240,31,239,12,165,199,97,127
211,193,100,72,149,185,13,135,243,25,139,119,152,111,149,223,190,140,242,249,234,242,148,179,37,162,123,141,30,56,7,129,245,121,233,148,189,73,39,71,83,35,213,38,90,46,50,108,165,50,31,233,149,138,37,229,175,151,236,26,179,240,157,125,65,7,106,17,249,88,149,190,154,172,246,192,63,94,23,146,247,62,84,8,232,44,182,31,178,168,27,185,111,8,220,33,182,100,71,208,157,179,147,196,108,61,120,218,98,48,149,199,15,201,100,139,160,162,60,57,63,99,172,88,40,91,212,59,127
231,126,240,135,55,34,21,25,144,228,202,81,159,144,68,57,9,122,135,139,224,121,222,93,171,83,167,67,94,75,96,188,229,229,230,109,113,176,199,4,55,91,54,249,111,69,189,160,227,203,151,195,66,147,225,33,147,125,27,224,148,47,185,225,102,80,140,136,110,51,6,172,153,174,42,59,79,116,138,14,120,209,192,169,223,229,210,240,70,81,210,94,215,30,193,16,116,62,174,101,243,174,251,52,16,120,38,207,13,106,125,62,58,107,236,55,72,63,174,219,242,154,206,159,163,241,218,83,127
8,84,242,81,170,127,117,38,101,88,160,113,40,124,234,125,224,142,28,178,186,188,74,58,201,173,119,172,85,242,146,192,161,149,197,49,238,28,182,177,74,3,15,5,119,33,234,127,194,4,126,161,65,193,58,145,157,222,168,178,130,92,166,196,237,175,60,3,222,209,98,160,116,133,235,65,49,15,155,219,159,97,188,193,204,138,52,181,244,67,189,82,69,135,98,110,25,125,203,10,192,186,206,175,200,131,23,52,55,129,212,215,33,242,229,31,65,228,109,106,138,96,34,34,49,170,31,44,127
21,62,34,72,215,28,1,42,99,193,3,232,32,140,64,93,173,231,3,31,231,219,24,158,9,24,27,234,60,225,119,199,93,48,34,54,57,91,111,105,95,232,65,216,67,148,75,239,150,235,85,15,197,105,21,103,156,231,126,226,237,238,230,93,22,250,9,113,102,99,5,184,128,203,252,18,235,173,143,123,245,172,19,190,8,214,18,164,75,251,7,95,196,44,215,9,100,232,241,213,171,18,239,42,45,147,15,53,182,133,45,204,21,67,89,155,226,16,163,198,23,247,19,107,79,160,35,67,127
71,105,132,233,204,197,98,33,39,235,201,97,100,12,3,229,210,33,177,59,54,108,102,224,178,27,142,195,132,127,18,204,132,58,58,17,108,144,173,251,51,14,46,85,150,151,193,223,250,208,32,224,208,171,159,242,98,104,135,103,11,219,189,108,65,7,47,153,139,232,31,81,156,27,130,103,59,196,183,115,206,107,234,193,233,185,37,73,58,185,32,10,95,49,89,186,86,166,21,178,63,5,190,35,52,174,57,31,53,241,162,138,74,128,23,92,201,19,208,238,63,253,212,54,251,85,210,74,127
19,120,4,53,250,142,101,80,89,162,81,212,198,232,210,131,167,204,239,251,55,234,108,59,172,192,159,165,213,79,53,171,180,144,115,248,14,225,9,83,46,170,182,29,148,49,47,245,132,142,132,66,167,234,179,31,87,190,65,53,0,80,4,57,94,7,179,171,115,54,252,143,227,117,167,200,132,238,202,69,94,116,34,218,40,121,64,137,231,3,167,180,114,127,148,234,237,216,186,136,81,148,250,251,150,156,235,216,61,144,214,137,12,36,59,170,73,199,167,91,147,106,108,168,65,38,60,187,127
39,253,174,102,155,234,104,102,100,115,53,118,15,172,242,185,59,132,113,159,47,228,82,7,43,39,125,39,129,197,216,230,10,91,126,198,46,76,68,18,242,74,61,81,248,167,5,143,245,223,101,54,98,25,91,81,196,226,26,193,202,203,149,218,148,140,226,222,210,91,3,250,253,248,101,175,37,218,218,16,2,125,1,105,239,16,213,103,236,133,123,190,159,139,141,180,100,195,21,122,178,64,211,171,185,17,19,250,122,77,68,144,241,35,26,21,238,222,212,7,85,109,183,170,154,221,47,245,127
81,216,106,195,249,90,231,229,111,175,222,127,123,158,88,122,12,62,237,196,161,52,91,109,64,64,107,185,199,191,139,200,7,112,203,121,127,211,64,247,226,185,145,76,198,103,138,35,62,209,90,174,148,51,87,152,28,251,24,85,197,74,117,187,100,155,114,165,202,181,135,12,171,132,221,21,171,230,202,209,197,89,41,146,173,55,96,230,102,8,227,107,147,245,150,9,92,131,136,2,88,21,16,51,111,107,64,110,203,242,170,56,143,88,130,183,69,89,118,196,3,224,10,137,36,230,86,104,127
208,117,47,9,221,181,181,17,157,22,91,150,102,199,49,191,253,42,163,161,196,24,72,130,40,105,80,247,26,139,113,26,137,140,116,203,233,93,173,89,145,5,166,32,130,173,146,174,123,53,178,103,225,168,172,79,181,126,196,205,8,185,54,61,147,169,30,211,76,38,40,140,194,196,147,56,105,202,204,115,110,73,31,224,144,52,108,31,15,15,119,237,201,167,77,102,249,95,26,123,225,16,63,138,111,190,98,29,18,53,79,147,180,99,41,145,207,133,111,200,63,14,164,239,108,204,40,232,127
189,10,217,218,66,211,249,227,166,47,215,21,237,236,130,12,131,44,211,33,242,6,191,125,167,65,74,194,39,188,206,160,136,189,248,150,33,92,47,14,164,229,91,220,114,132,202,236,159,191,170,77,94,196,25,93,108,32,241,51,63,212,9,89,249,133,209,66,117,92,177,184,134,152,203,112,239,60,143,241,51,163,201,114,201,216,144,156,88,176,27,233,251,227,150,163,83,34,198,236,164,119,232,69,134,146,82,73,185,43,110,126,130,131,254,176,217,242,23,246,115,101,156,216,58,48,76,138,127
55,50,253,186,191,108,223,172,2,234,144,10,184,51,51,102,48,108,240,160,31,107,241,7,241,211,131,190,95,111,34,97,205,113,246,43,103,118,117,99,108,235,202,135,46,212,116,106,241,134,166,11,211,90,184,219,198,233,197,70,116,32,59,172,206,18,1,96,102,183,194,129,44,146,174,227,218,207,223,159,240,13,7,213,9,51,118,153,40,186,224,221,162,247,254,139,173,142,104,71,157,220,109,243,204,178,113,190,216,233,247,18,179,224,33,121,93,123,244,28,180,235,72,170,184,148,0,36,127
88,93,77,131,212,135,195,81,44,56,170,84,95,159,174,103,148,120,231,66,79,252,32,61,71,61,254,207,210,62,126,173,168,75,164,252,43,76,40,48,138,130,160,206,0,12,35,63,233,188,123,195,172,97,59,14,45,213,114,152,195,53,107,109,51,172,183,102,44,30,36,181,180,175,207,101,10,24,185,201,247,227,63,66,50,191,210,123,111,146,224,187,244,143,106,232,168,16,82,26,208,4,139,225,80,97,107,124,191,222,233,167,54,161,148,124,251,47,186,225,132,171,66,167,106,135,146,97,127
44,78,35,228,74,118,249,35,219,60,48,176,192,171,61,222,159,213,46,209,25,1,75,70,222,95,157,73,159,235,2,161,106,246,117,196,143,194,38,223,95,175,17,199,221,238,167,120,85,186,103,5,214,80,236,231,24,26,156,249,213,146,251,20,222,3,68,179,2,251,217,90,92,129,209,136,228,70,25,131,6,146,213,242,32,67,228,31,230,164,14,78,56,78,224,198,252,74,8,184,183,10,54,173,110,76,173,29,138,70,189,186,169,246,238,15,79,98,54,202,148,224,117,207,204,87,150,51,127
81,44,95,10,190,21,143,71,232,225,172,128,156,57,74,213,249,116,34,102,122,156,191,171,230,86,12,156,103,159,254,103,145,142,164,47,82,144,111,110,206,136,246,70,160,128,82,246,22,122,186,79,35,113,38,27,116,172,171,48,209,168,16,230,151,93,174,68,175,25,193,63,253,9,133,245,83,6,119,209,177,146,65,75,52,251,237,17,162,225,203,145,105,158,45,101,200,100,11,108,54,23,48,223,132,96,75,190,7,83,151,2,176,239,139,17,13,247,213,2,143,126,203,64,11,108,130,31,127
5,8,45,29,88,91,101,42,19,231,237,163,197,17,18,88,94,89,89,27,72,86,118,249,230,167,19,178,81,202,124,129,128,13,117,143,191,141,151,99,51,14,66,205,0,175,107,241,177,33,140,74,167,148,19,168,62,121,193,108,101,195,34,220,57,45,58,100,43,10,228,175,39,236,119,134,254,149,173,222,87,11,76,7,130,29,88,15,35,24,114,151,211,20,110,143,71,170,22,199,97,176,82,120,177,170,209,199,17,59,113,206,37,185,195,4,176,131,68,65,31,18,198,103,232,160,142,205,127
61,235,114,90,188,233,121,31,190,22,56,185,34,59,124,124,159,49,215,163,191,180,108,249,190,131,89,202,77,234,251,206,208,148,56,49,165,138,229,146,190,125,101,205,65,101,127,58,221,4,244,232,196,180,233,202,126,206,55,25,164,177,118,187,144,196,45,101,55,19,60,57,85,238,177,3,50,204,149,29,173,204,63,235,125,197,179,6,77,62,233,24,172,63,33,42,37,185,86,173,11,110,117,244,70,233,142,240,107,141,208,182,73,231,103,128,223,96,206,51,216,240,70,235,92,172,88,96,127
231,6,232,175,68,131,251,115,115,76,41,148,148,195,56,12,73,67,132,125,66,130,170,24,33,227,195,89,236,227,23,86,49,5,145,183,230,110,44,135,180,51,169,62,106,76,121,81,236,20,227,11,67,12,89,111,41,161,99,213,64,178,38,141,110,244,195,197,80,230,201,224,150,212,153,86,246,172,30,145,72,161,75,152,164,216,1,75,238,119,44,89,55,14,173,178,126,97,181,244,144,125,237,37,153,47,86,46,252,227,190,47,69,246,191,73,31,23,185,195,212,139,238,81,225,192,58,193,127
59,57,72,199,209,170,4,110,44,127,159,191,32,16,32,188,162,218,241,30,188,35,22,173,187,12,51,167,9,208,120,30,205,53,185,148,31,185,139,13,126,164,77,245,40,204,71,69,164,29,226,158,34,241,109,90,222,55,156,185,69,14,224,95,210,194,11,208,10,102,233,26,56,32,182,74,114,210,84,99,22,190,161,187,185,60,145,200,88,46,110,254,149,86,122,200,77,78,186,109,5,190,4,149,149,220,2,53,137,125,75,227,205,41,195,14,88,220,96,253,38,40,158,188,152,215,7,118,127
81,159,57,61,14,221,43,198,112,137,186,159,81,252,250,197,236,52,171,104,103,134,137,106,131,21,41,193,23,154,241,80,210,112,20,223,138,167,218,116,232,187,231,49,176,145,211,237,245,228,161,149,163,153,138,247,169,245,244,151,188,232,188,46,57,190,135,43,106,250,49,90,221,75,210,213,243,166,215,27,197,78,213,165,5,120,27,35,28,65,171,84,106,183,161,206,3,154,134,96,165,203,11,171,113,250,97,46,97,126,104,223,98,53,133,140,154,22,160,49,170,247,137,171,69,198,115,35,127
54,218,244,180,171,134,49,137,102,245,3,245,201,91,244,52,107,8,202,68,239,197,181,96,53,45,101,249,69,44,130,204,31,83,148,173,176,95,156,29,46,171,215,89,13,190,220,89,69,120,170,89,139,142,230,61,69,254,162,11,223,174,90,217,70,239,77,204,96,80,71,18,116,87,101,23,206,21,138,226,23,106,169,208,189,152,4,230,178,20,227,247,3,99,233,72,119,128,195,192,53,224,197,19,11,221,120,35,160,83,190,156,222,90,213,244,172,4,48,157,93,169,3,253,96,135,90,244,127
220,79,16,0,193,240,68,16,217,93,224,57,16,153,253,34,152,121,64,212,248,163,208,104,66,174,213,179,141,167,128,2,104,10,224,209,12,164,147,55,122,214,113,77,107,91,218,163,126,150,33,69,213,199,186,66,227,104,73,10,175,116,183,197,203,148,26,2,62,40,57,161,216,184,251,208,185,114,69,153,132,175,69,64,199,198,156,3,119,195,27,97,167,133,240,246,2,241,163,83,115,25,63,166,60,90,81,209,186,241,253,223,80,78,81,128,218,229,244,211,145,26,203,233,109,141,167,224,127
242,238,170,213,102,63,196,156,226,231,45,246,253,72,111,236,176,124,238,203,84,9,142,34,97,66,149,195,11,26,198,171,27,124,170,47,87,184,193,88,193,231,90,148,199,163,78,34,160,69,205,185,168,136,117,97,201,21,254,139,31,132,13,137,77,200,123,151,1,213,125,9,47,113,245,15,79,170,28,157,59,157,158,103,65,167,35,137,200,108,109,154,139,129,199,61,139,66,79,224,44,144,102,194,180,84,134,117,7,220,217,131,123,48,41,149,61,76,88,106,95,186,212,200,67,56,210,123,127
107,194,247,217,21,85,221,80,138,175,42,17,10,157,221,19,69,248,254,100,85,125,198,198,130,190,133,168,115,242,201,217,26,158,198,160,133,228,187,6,60,234,12,18,185,226,154,138,223,81,142,67,230,222,246,107,110,201,234,240,53,110,133,78,177,53,200,125,86,113,116,33,84,182,189,69,136,197,42,213,246,20,0,248,202,46,166,184,234,218,96,111,206,223,225,56,18,88,42,17,18,209,198,208,112,40,118,200,153,112,186,177,220,206,181,189,35,30,4,202,82,15,90,237,79,189,14,31,127
49,221,126,11,101,98,141,50,83,242,106,157,128,209,79,18,129,93,173,192,4,105,70,5,200,218,153,220,252,95,19,94,207,73,81,217,236,70,240,99,1,7,9,134,51,123,64,81,118,141,61,201,107,15,192,165,86,135,116,234,102,164,209,27,246,117,122,14,243,123,125,54,184,41,157,91,74,50,50,53,168,34,198,49,53,174,88,13,125,17,195,245,74,2,147,23,195,33,128,85,49,121,81,74,173,208,252,169,225,69,24,141,109,45,69,200,196,112,203,182,78,199,143,107,215,118,227,65,127
158,241,109,94,114,145,8,167,1,226,192,237,91,152,80,191,139,7,143,226,35,181,177,97,129,20,40,57,171,21,47,132,8,178,23,169,210,125,62,36,162,242,89,206,112,144,22,215,233,68,250,150,188,81,44,152,207,124,220,94,101,100,157,178,229,204,4,9,5,126,5,190,35,51,187,251,227,227,134,228,22,107,86,130,103,233,7,180,42,16,77,246,42,92,221,231,126,234,24,204,71,214,41,78,235,186,146,211,218,75,161,132,85,65,200,170,171,200,216,38,110,126,76,4,124,177,225,157,127
39,16,39,21,136,22,83,156,154,238,90,143,93,124,183,197,14,65,82,72,11,141,101,58,245,126,28,109,115,57,203,253,213,84,243,234,218,96,163,145,17,99,231,73,172,10,217,229,66,62,19,3,110,123,180,134,55,42,22,44,174,211,152,208,14,160,103,225,32,119,78,197,119,57,238,137,157,116,2,75,219,100,238,241,69,4,42,142,215,110,192,30,187,180,228,172,128,206,178,109,107,136,119,23,204,111,17,189,176,241,141,128,127,163,52,67,80,104,11,157,57,180,37,201,5,104,73,6,127
51,9,44,108,240,157,147,128,241,23,131,46,59,208,155,85,136,103,150,211,39,237,142,42,176,245,168,52,216,231,96,47,189,70,140,252,195,240,164,236,191,69,203,36,247,176,212,175,246,183,74,208,201,53,184,38,91,229,111,239,13,159,120,158,251,248,64,33,149,105,214,42,139,66,154,97,43,116,19,97,227,175,44,24,243,160,27,223,205,13,249,201,31,163,224,23,8,238,36,124,121,22,181,160,113,90,247,41,204,56,186,43,112,111,83,47,55,137,225,207,168,80,11,55,57,96,216,32,127
39,80,124,244,206,231,149,117,20,178,213,42,201,93,98,70,120,226,146,9,57,239,118,215,173,200,179,85,250,116,104,94,181,229,21,117,58,32,63,34,69,243,57,89,164,203,142,96,61,244,177,29,176,190,30,6,145,91,206,186,74,139,134,214,7,134,41,64,51,230,205,10,194,56,3,162,157,59,176,208,11,235,191,15,65,200,159,72,23,48,53,251,79,135,155,228,194,21,170,126,23,77,35,52,109,18,101,144,147,232,65,79,181,103,207,75,240,249,116,195,89,149,221,73,13,152,3,183,127
198,164,36,48,73,187,207,217,196,6,74,211,99,59,132,71,80,149,224,5,66,14,91,215,50,156,110,190,248,205,94,47,35,16,69,108,134,107,142,61,108,213,126,32,3,181,192,49,185,105,89,111,106,168,5,157,206,212,177,227,88,254,156,62,75,209,152,170,7,206,28,1,101,166,244,99,70,184,222,146,180,65,75,82,65,136,239,121,221,21,12,192,87,76,67,129,236,216,87,48,0,139,18,75,9,184,45,45,85,2,69,151,41,54,119,114,52,230,146,236,66,119,148,217,92,207,71,65,127
87,239,200,161,36,131,12,135,7,139,128,26,148,157,41,235,216,119,183,59,92,248,129,116,72,27,228,38,229,23,80,241,189,58,175,214,115,228,225,136,210,160,113,93,226,159,15,244,37,232,208,201,88,158,5,247,42,177,164,14,162,14,121,37,61,207,39,204,133,102,133,195,224,133,96,111,46,249,7,45,150,66,197,139,212,187,37,78,119,186,209,98,36,76,73,47,173,121,250,110,181,77,93,191,118,34,206,21,166,34,51,133,2,242,167,205,190,83,16,63,208,133,48,37,63,69,17,163,127
106,93,75,95,201,124,16,2,28,145,102,248,228,98,45,23,6,112,234,61,225,198,38,73,130,230,4,212,218,52,98,27,127,6,176,174,150,27,240,135,253,2,248,243,19,9,201,215,238,10,105,128,151,239,158,38,43,89,103,80,175,82,149,115,209,159,195,108,68,74,148,242,55,212,36,143,205,181,51,99,228,141,75,190,174,74,143,197,32,203,124,238,6,188,121,127,91,151,0,172,244,211,127,185,27,199,234,181,92,59,61,239,150,175,65,72,233,149,123,48,78,191,216,254,204,133,46,16,127
53,36,206,134,92,78,111,167,139,62,144,252,166,104,178,116,113,108,213,212,30,169,198,247,70,69,204,119,194,220,209,34,221,134,182,170,118,242,254,6,155,241,80,156,4,198,234,51,249,146,222,10,38,87,134,123,206,229,185,219,250,158,145,69,223,236,76,56,152,187,241,252,202,195,86,177,219,63,74,10,130,73,213,32,250,17,58,234,199,84,1,71,101,169,3,5,205,107,225,46,204,176,76,18,249,171,138,247,35,122,156,222,85,250,73,129,154,218,181,30,54,216,179,245,63,225,18,230,127
162,129,198,183,91,92,82,48,72,159,239,230,2,185,246,11,221,52,75,124,102,248,16,154,8,191,65,184,28,54,168,44,172,113,41,139,205,239,168,127,19,41,19,119,49,33,52,116,251,78,56,65,174,104,149,197,108,226,209,90,56,129,115,157,222,2,95,249,118,48,57,169,176,102,140,138,87,73,84,136,232,124,195,251,239,116,189,39,162,144,108,33,67,64,171,154,57,179,80,228,26,59,48,170,115,83,82,217,126,211,150,211,173,175,137,35,224,70,81,189,22,193,170,220,128,21,37,113,127
221,215,160,2,99,28,168,54,77,153,39,113,194,95,107,128,222,169,182,139,95,40,208,113,43,102,221,115,86,206,187,25,33,45,179,159,203,224,89,233,220,55,232,26,18,247,217,203,188,125,172,133,160,46,62,31,215,182,166,227,156,179,6,106,222,79,210,139,144,205,195,185,226,109,52,26,207,76,200,177,19,135,251,154,251,160,166,21,45,244,136,135,189,177,235,52,134,8,100,251,137,55,9,93,185,39,95,252,14,225,112,99,211,174,148,168,173,124,17,91,172,113,16,192,83,112,59,252,127
100,4,64,50,72,118,88,177,194,223,78,62,33,220,45,96,112,56,195,62,86,190,192,101,57,82,132,249,254,21,105,177,216,50,118,99,108,187,133,36,188,72,60,15,10,106,225,16,62,217,78,144,150,178,194,181,119,43,38,212,67,199,123,6,177,212,61,187,61,127,88,128,12,9,85,66,195,1,27,220,0,39,59,48,87,221,222,116,184,247,114,141,87,163,240,133,37,43,57,136,233,30,116,160,115,249,250,137,218,42,246,230,24,29,218,187,76,102,76,27,12,174,23,44,69,216,223,90,127
129,105,220,157,191,80,3,253,187,137,210,251,120,77,230,68,236,65,226,91,111,92,68,198,18,220,128,240,64,202,67,173,243,57,98,33,212,84,206,82,56,46,18,146,139,215,116,82,157,111,154,186,55,115,71,43,119,130,153,127,108,24,16,136,1,79,232,76,104,115,238,188,187,96,191,152,26,20,234,15,130,28,147,107,52,18,235,157,154,52,6,86,220,78,146,56,236,249,167,115,20,134,64,19,81,196,66,17,11,39,14,115,193,186,195,31,46,166,108,64,76,94,214,221,55,205,179,175,127
182,90,251,30,143,2,137,102,48,50,120,31,234,73,130,244,80,241,163,219,185,95,143,18,8,242,181,188,195,149,93,104,126,69,141,4,167,171,56,246,0,106,211,168,130,66,149,244,252,238,87,142,84,115,8,69,11,68,162,11,27,4,205,141,57,37,211,102,38,28,158,251,204,69,65,177,35,173,28,203,86,120,170,214,146,198,234,8,53,224,4,28,249,27,7,189,234,62,161,211,46,242,41,180,144,27,50,17,239,244,169,209,239,16,230,173,111,222,202,22,253,139,231,202,204,136,12,38,127
104,224,32,13,164,90,122,252,42,21,232,74,18,249,86,252,1,215,114,105,209,105,203,144,202,136,164,164,102,58,50,70,202,215,24,176,191,185,9,56,42,154,168,251,112,107,73,65,43,122,195,21,202,55,48,5,187,50,110,55,204,133,89,242,4,103,105,242,212,1,240,181,22,111,7,40,16,231,90,124,155,80,92,174,48,211,150,139,73,11,158,236,56,231,225,146,2,179,203,234,112,217,155,253,200,87,36,155,143,137,23,127,188,197,113,195,102,202,126,113,192,110,2,220,32,78,48,92,127
24,153,1,237,201,14,200,127,220,60,7,70,78,197,174,131,44,98,237,71,215,126,239,1,15,168,45,135,216,143,233,45,132,63,212,191,42,208,249,183,49,252,56,253,229,198,108,168,221,127,33,4,170,167,147,17,246,67,68,116,231,213,204,67,158,153,166,98,201,211,161,166,204,201,222,35,199,5,247,167,227,185,69,189,148,186,138,82,208,203,33,160,194,141,18,190,31,156,30,109,83,101,50,180,232,153,185,64,98,248,146,44,1,117,207,152,178,53,187,173,149,71,30,144,193,79,48,115,127
164,99,229,122,132,82,66,139,32,85,220,190,70,105,216,70,46,11,68,166,62,144,30,34,154,246,155,195,192,96,117,85,207,176,137,154,49,172,32,238,105,168,137,78,130,133,8,104,17,203,187,229,123,170,197,42,60,117,120,231,138,171,155,35,19,142,94,74,46,206,157,152,221,164,142,203,156,101,17,128,194,184,172,157,229,143,237,3,184,145,0,197,252,10,119,48,163,179,206,133,241,242,191,220,85,155,183,91,209,137,196,166,135,172,243,32,250,243,29,234,247,88,241,67,61,95,94,131,127
164,65,18,198,226,182,148,100,41,207,249,229,235,62,13,246,236,97,43,62,204,72,229,91,171,17,132,39,159,221,101,167,94,131,0,50,178,37,9,149,36,135,205,17,129,180,112,8,160,228,240,178,179,86,125,179,75,7,24,182,74,75,2,81,203,133,59,173,113,10,32,100,32,26,116,38,92,66,234,127,173,64,172,74,76,92,110,52,140,85,234,178,53,83,236,63,4,168,88,22,39,209,226,41,7,245,166,182,159,122,40,132,230,198,251,74,108,216,173,208,248,245,122,164,168,58,214,246,127
197,10,9,230,190,225,161,132,203,60,142,89,199,179,208,249,170,213,175,237,115,105,148,167,113,236,232,214,156,213,0,136,250,160,149,54,155,112,195,119,223,34,83,186,89,150,223,190,117,72,15,183,129,159,140,75,201,214,85,179,233,46,185,90,137,254,172,225,144,7,126,51,44,113,81,114,162,93,191,28,100,102,119,19,162,170,206,235,7,21,18,50,136,210,115,171,15,96,149,108,140,183,141,211,121,68,209,45,225,98,94,141,12,99,65,81,25,218,150,18,243,202,228,51,207,217,200,159,127
95,164,92,141,23,32,234,177,230,107,55,55,138,195,198,240,172,165,87,82,80,182,226,187,242,123,75,95,209,231,13,156,95,193,69,4,34,221,205,172,211,217,202,155,50,74,33,74,206,182,46,93,4,142,196,241,57,237,99,224,244,38,125,113,21,244,169,61,163,128,104,172,72,235,16,82,205,33,194,191,243,185,238,46,200,56,171,51,192,239,124,182,16,229,126,39,28,6,32,105,94,23,155,196,236,204,27,52,241,184,135,47,177,107,219,44,52,198,165,237,211,21,67,155,49,1,200,131,127
165,149,237,13,55,121,64,238,214,88,101,72,99,249,245,26,209,47,46,161,129,213,214,203,36,130,37,16,184,32,142,3,199,87,80,132,143,104,196,54,6,98,249,88,5,199,104,18,209,99,169,143,97,241,39,254,207,55,39,212,157,224,146,218,32,16,181,94,144,123,153,152,110,113,165,159,202,84,249,238,182,111,199,160,193,84,196,131,170,45,20,14,191,123,174,136,62,138,113,139,182,132,160,123,112,225,173,220,155,120,221,165,80,217,32,62,205,58,224,78,136,129,188,122,7,43,1,83,127
118,211,235,192,203,42,145,71,191,116,20,21,208,137,155,48,11,219,172,168,125,124,141,140,116,116,170,223,137,201,196,115,111,46,26,198,87,136,238,108,13,181,4,12,220,106,207,71,169,247,106,73,166,158,66,119,22,104,179,99,57,19,98,134,53,200,37,95,241,218,204,139,162,153,30,57,6,91,80,70,55,5,207,130,18,147,68,169,222,87,54,211,83,29,126,180,121,178,172,44,161,208,46,80,38,127,155,190,86,105,76,187,179,89,114,119,18,144,170,171,145,196,80,245,10,134,41,163,127
160,251,76,242,123,163,25,165,191,52,173,121,54,201,135,78,202,157,21,60,55,67,48,93,43,74,188,239,23,3,34,122,60,7,91,144,199,211,46,23,165,238,159,245,3,203,97,0,221,40,153,44,235,120,130,113,65,204,168,237,170,106,242,215,147,27,47,7,69,187,234,56,210,53,72,126,154,142,249,72,57,94,110,171,133,95,164,193,130,229,249,201,71,74,218,107,224,168,239,220,82,178,182,131,86,126,22,245,193,110,36,75,185,249,1,138,210,233,121,142,248,215,224,246,56,42,37,37,127
100,172,241,247,56,44,165,108,56,131,25,35,7,84,92,16,157,139,156,64,167,22,156,183,242,180,74,132,120,88,243,95,1,70,37,42,241,103,38,174,145,238,20,218,133,176,93,141,112,154,180,29,245,24,119,216,213,25,200,118,27,102,53,168,72,148,137,225,248,243,219,211,63,49,14,3,39,105,198,55,162,7,61,52,188,149,156,227,162,180,170,164,125,36,156,96,16,246,214,5,131,128,247,170,124,151,228,114,239,20,204,176,66,89,61,92,105,178,53,67,156,105,45,145,221,172,181,163,127
202,162,160,167,40,225,57,176,76,6,194,19,161,170,54,127,241,248,208,146,180,166,15,98,22,85,211,238,185,253,249,16,32,102,86,231,200,219,36,18,149,80,149,97,6,14,43,226,135,16,89,120,137,207,83,77,181,40,1,199,247,65,144,224,228,181,68,153,214,115,60,93,133,130,115,223,25,82,212,208,202,236,108,151,144,243,198,57,122,116,110,139,193,136,93,231,174,172,163,142,21,135,189,220,20,149,46,94,246,99,134,25,251,234,232,134,20,117,110,183,5,190,99,22,122,206,108,36,127
99,34,79,18,63,16,38,179,233,196,72,159,227,91,24,185,2,181,228,67,4,178,10,106,206,81,77,220,43,110,146,190,191,107,145,183,151,39,135,97,218,191,33,171,43,129,141,221,185,86,90,48,14,187,227,118,229,42,95,246,188,38,237,19,46,170,207,80,200,224,90,213,191,130,234,212,13,73,123,114,105,19,197,75,147,55,209,119,117,59,99,167,51,225,131,27,239,209,210,107,75,161,37,202,46,18,48,194,244,169,202,181,63,231,24,252,132,173,139,178,136,46,169,44,79,125,21,30,127
69,237,160,132,47,120,190,226,242,233,235,152,207,140,8,157,18,195,80,194,204,87,214,198,28,230,77,207,235,218,45,78,14,154,3,192,18,113,62,203,190,156,143,51,19,147,47,8,152,219,3,12,50,42,204,175,102,9,254,88,40,162,17,57,111,59,45,244,157,198,66,80,249,149,65,32,34,11,83,54,119,153,138,37,230,222,43,248,211,102,115,240,103,131,249,57,41,52,136,229,209,169,88,149,228,69,4,93,21,115,98,126,171,22,169,57,53,60,43,80,172,22,137,243,186,75,185,250,127
207,184,101,48,40,68,99,197,134,239,149,175,203,146,126,65,208,55,185,196,99,71,141,23,70,31,178,153,142,190,206,5,142,140,63,166,51,203,245,171,74,79,211,194,82,162,139,183,220,201,20,44,213,143,120,61,129,152,140,77,41,167,116,180,63,71,114,113,129,67,76,193,175,89,89,138,86,57,73,103,9,122,109,190,218,38,86,209,251,22,7,140,236,47,47,213,64,58,91,134,88,86,90,64,105,19,92,182,60,226,247,9,47,108,244,174,224,155,133,192,137,212,112,41,37,134,86,210,127
133,1,29,154,26,118,192,38,45,101,197,166,170,237,229,30,94,165,32,222,58,135,213,190,141,73,154,248,84,204,165,127,47,104,129,248,165,115,41,54,53,199,216,139,216,210,16,66,44,179,42,251,186,86,116,51,156,184,24,108,186,14,126,175,168,213,70,165,128,7,159,123,173,153,162,226,92,96,95,69,72,34,54,239,166,36,87,45,55,195,201,55,219,4,54,167,234,118,203,94,53,160,127,39,194,203,190,207,48,96,110,125,84,130,127,111,140,253,64,212,229,20,100,42,232,246,142,82,127
204,190,234,224,107,214,121,217,243,120,33,18,196,36,201,209,103,209,193,42,66,148,208,60,3,52,63,206,207,18,87,119,205,64,169,231,149,132,115,232,67,191,176,122,31,58,196,143,92,12,236,44,58,162,50,44,16,55,8,27,246,214,44,184,204,52,78,245,122,139,202,157,33,149,18,87,188,104,131,11,254,30,132,27,3,176,36,73,105,79,79,33,252,181,204,135,49,226,108,204,220,54,240,136,139,116,15,26,239,29,38,198,167,232,198,207,173,98,153,191,28,176,72,40,61,60,102,24,127
188,47,85,165,10,113,225,4,178,120,112,185,112,180,193,134,210,250,215,137,31,164,153,65,172,143,189,134,5,49,244,18,196,33,247,112,105,228,153,124,234,60,56,146,177,128,36,120,178,56,150,197,2,244,87,37,187,15,188,192,110,215,62,165,22,150,144,131,117,253,29,32,38,114,31,187,208,50,68,173,72,74,109,96,191,0,73,179,165,212,95,90,157,106,202,229,140,208,184,244,23,92,225,142,146,87,174,195,181,4,139,217,212,110,5,44,77,38,252,241,40,181,118,141,203,222,244,143,127
46,155,96,160,244,28,58,62,214,78,68,143,179,238,10,240,52,189,51,154,74,173,247,210,187,33,102,1,124,64,59,181,101,46,204,189,129,177,46,207,79,159,213,36,179,76,1,128,11,74,182,186,27,202,231,136,64,90,219,3,80,240,250,139,60,95,101,244,117,131,130,144,14,215,167,205,145,225,239,180,197,185,207,10,8,92,91,101,119,191,34,15,241,173,202,129,158,161,168,153,238,51,48,14,172,6,218,79,158,120,186,9,53,166,98,181,214,202,109,16,239,211,199,11,80,29,213,176,127
248,122,173,208,148,48,32,124,173,11,152,194,180,251,160,192,215,20,107,50,25,237,220,181,44,216,17,158,49,44,64,105,217,54,136,204,176,139,28,192,161,68,162,4,154,143,215,91,94,71,57,207,6,178,32,73,108,186,28,180,44,140,121,135,3,24,137,115,71,180,234,112,5,87,227,52,128,10,227,105,95,35,120,111,206,131,131,182,38,37,180,11,41,201,123,8,116,165,101,24,79,51,227,87,49,236,140,248,82,15,146,182,112,12,20,144,181,237,197,235,120,6,86,34,249,189,44,25,127
168,220,55,163,22,151,243,148,198,128,204,220,146,200,4,136,164,109,139,99,144,100,253,7,42,141,213,35,190,91,171,145,189,67,126,118,25,133,155,43,24,31,22,127,220,34,10,40,210,181,196,31,4,14,8,169,170,87,76,225,90,158,81,55,134,29,38,161,186,212,90,72,169,110,207,141,192,213,244,116,98,179,160,122,166,145,90,152,61,143,102,148,201,176,117,70,29,163,1,211,163,133,153,126,151,146,12,153,172,230,213,235,88,48,245,69,241,232,181,79,18,17,138,222,109,35,19,194,127
6,10,8,130,159,184,146,131,112,164,93,67,188,176,16,57,55,68,114,128,209,48,181,14,116,192,247,18,170,77,159,156,133,230,155,52,243,247,179,86,237,202,136,177,220,214,69,15,213,249,230,238,243,99,223,136,54,252,204,134,53,188,173,35,1,43,62,47,124,223,12,117,62,124,35,175,222,8,93,136,115,19,22,90,20,37,117,6,134,178,218,194,204,5,77,92,101,11,68,193,18,92,136,59,237,242,204,60,196,140,44,58,247,212,192,170,107,252,182,209,124,69,187,74,156,188,167,244,127
111,66,52,90,150,88,92,53,72,115,154,113,43,166,146,16,69,154,226,66,120,162,238,43,204,207,26,57,123,68,48,33,123,151,89,87,216,162,241,227,43,139,98,79,93,56,202,215,102,164,130,235,194,168,233,11,182,109,210,187,84,254,92,132,13,168,54,41,218,178,71,76,148,137,219,102,98,97,151,47,60,35,235,115,238,175,250,219,93,153,98,130,186,111,85,154,89,156,16,216,158,44,201,217,186,112,164,196,77,22,12,156,232,4,152,101,219,134,109,44,174,224,194,109,67,45,62,53,127
89,51,249,14,19,210,214,157,41,207,59,197,250,147,223,145,232,156,72,14,89,86,132,110,66,82,159,123,29,213,15,156,220,193,51,216,169,87,0,84,206,236,162,181,222,193,134,14,117,238,248,143,71,22,91,153,18,153,184,211,141,55,53,174,153,209,235,188,222,196,131,168,207,252,87,97,76,33,250,178,206,123,190,169,214,65,29,38,12,161,64,140,67,194,192,95,9,1,175,164,116,137,22,76,1,39,106,246,16,139,112,19,225,53,199,48,166,109,162,121,72,250,93,46,79,151,87,49,127
167,73,51,145,80,3,30,238,168,54,9,238,96,65,79,61,178,254,127,247,126,21,17,125,181,136,206,34,136,83,25,10,227,27,179,105,98,233,213,121,211,32,1,48,137,94,37,1,215,155,52,245,98,38,226,50,6,99,232,119,24,62,168,31,193,196,183,199,63,168,212,140,90,48,27,239,115,162,58,168,157,179,199,125,141,60,216,63,95,51,119,12,113,175,116,44,229,98,3,229,224,45,71,215,241,50,6,6,231,161,88,180,130,160,232,195,169,106,215,16,215,106,124,57,200,168,191,168,127
19,254,5,102,47,205,189,251,44,73,149,48,83,3,27,51,16,48,217,240,90,120,96,177,107,214,195,36,80,172,166,31,210,226,133,120,126,228,156,181,181,178,217,158,97,64,82,17,180,180,16,75,32,194,104,168,182,203,21,124,222,22,135,107,132,228,13,160,55,102,228,19,57,154,236,97,55,231,119,244,195,86,208,245,143,219,235,212,7,14,62,11,246,232,192,166,92,174,247,171,48,87,159,239,156,49,120,1,213,197,206,99,117,146,240,72,53,249,155,79,244,178,47,21,195,190,80,22,127
50,31,48,248,78,191,188,241,159,65,40,65,78,205,138,142,31,170,68,21,157,206,252,58,177,151,62,28,231,234,4,110,79,185,47,99,8,168,185,184,244,74,33,245,183,133,41,20,14,9,212,152,127,163,198,228,52,243,96,46,137,99,242,149,128,208,42,142,27,222,106,42,164,83,128,168,145,105,71,240,213,156,105,33,44,154,70,192,4,213,48,213,113,199,76,216,119,182,22,76,239,116,198,224,26,58,175,44,250,65,196,137,194,208,99,254,209,123,43,200,49,245,203,28,83,146,17,142,127
95,249,121,17,13,67,217,204,117,82,79,73,178,98,115,154,94,76,14,251,139,35,87,202,159,60,145,68,214,108,80,191,83,55,250,171,208,187,177,26,94,36,48,71,159,157,249,98,196,17,254,229,206,98,49,226,233,117,245,108,170,217,190,15,50,17,64,71,188,232,188,181,161,125,97,197,139,130,186,172,177,243,240,159,189,38,9,90,105,20,216,233,49,228,117,14,131,123,22,34,18,146,19,216,48,48,69,25,48,16,243,67,56,104,14,44,164,60,142,109,228,221,30,114,71,192,107,94,127
160,127,53,246,34,129,235,14,152,29,176,87,193,198,22,14,237,158,149,229,12,66,200,169,49,158,128,215,67,75,67,40,75,30,38,134,36,19,113,43,131,196,4,168,0,179,245,2,21,68,140,85,225,203,13,141,245,37,95,213,199,156,168,76,110,98,203,178,239,184,154,163,103,69,10,250,225,95,206,35,8,114,129,6,140,253,114,139,198,228,235,50,132,102,175,66,179,26,253,216,25,208,224,116,164,66,223,251,83,91,68,77,69,184,88,53,19,96,122,116,242,119,184,151,222,113,178,134,127
129,49,143,3,114,181,245,62,251,241,83,139,152,237,30,214,22,112,167,121,67,84,137,50,250,102,178,88,180,193,23,130,219,169,190,230,2,140,218,209,68,151,216,198,254,125,52,199,130,237,194,135,57,178,193,85,134,42,80,163,102,229,178,108,248,195,106,7,168,18,120,49,155,85,120,123,179,9,180,169,129,176,14,251,144,212,253,150,80,177,87,167,194,20,196,204,110,98,97,139,191,251,60,80,52,177,182,69,109,226,133,228,184,114,208,162,126,82,5,206,37,97,148,125,84,152,58,45,127
114,99,85,162,125,179,82,135,73,209,155,89,12,32,98,17,69,119,233,4,28,85,44,142,217,147,249,99,189,208,177,117,56,36,204,134,98,201,86,116,8,24,234,178,185,188,27,251,191,45,110,204,40,105,222,209,116,175,133,121,252,28,94,171,122,200,84,133,162,233,7,162,231,113,51,58,222,46,63,178,141,77,198,207,69,45,27,250,137,9,142,213,35,69,25,84,184,118,196,40,129,97,243,95,184,133,242,199,149,42,57,71,114,164,61,225,136,140,205,147,26,236,206,252,247,176,116,185,127
10,128,214,87,114,125,138,69,189,239,38,31,152,27,230,124,235,36,201,155,1,93,67,123,141,45,3,221,222,161,228,225,166,163,84,17,47,153,154,114,141,191,220,86,209,9,146,142,29,9,146,237,126,131,166,187,147,158,156,205,67,106,117,221,227,185,13,117,87,192,82,130,150,174,235,203,148,173,18,189,69,253,223,111,86,166,69,64,112,6,208,186,27,202,206,88,158,154,208,37,74,166,164,158,245,125,92,19,215,199,220,196,126,104,45,198,237,214,62,196,55,31,246,83,253,222,233,25,127
50,110,96,199,100,43,123,157,4,30,38,6,247,78,192,36,7,63,32,121,41,167,117,179,246,55,93,70,97,217,243,165,47,8,84,159,113,167,71,141,129,253,240,156,3,89,94,63,242,183,108,172,178,27,117,26,32,37,52,172,159,75,77,13,242,22,138,95,174,30,169,170,165,218,3,199,52,163,227,116,219,174,233,14,158,100,7,17,110,63,234,242,1,232,4,180,92,45,16,92,219,241,188,239,186,15,73,2,101,110,29,191,113,184,85,69,26,230,91,193,25,39,168,84,41,94,144,237,127
24,176,20,185,93,131,173,233,15,95,178,68,129,237,231,82,91,95,52,96,250,136,117,54,171,161,67,190,182,243,105,18,123,72,137,49,238,181,167,51,219,245,215,195,10,101,59,3,146,169,130,173,60,27,166,123,155,166,159,131,35,113,175,157,172,41,225,90,65,159,109,112,125,241,135,238,187,107,75,215,187,206,157,13,96,157,135,224,223,85,20,231,22,153,49,117,98,134,149,190,21,101,51,47,189,157,24,3,136,247,154,245,194,250,226,109,149,77,52,197,159,89,109,82,231,24,136,23,127
103,217,172,150,99,131,174,21,22,234,83,234,58,140,98,41,195,36,48,32,50,137,205,27,121,121,49,202,145,150,11,76,209,4,114,249,192,47,4,60,96,82,129,188,138,250,139,152,151,86,185,63,66,195,101,222,74,194,99,37,105,249,201,65,64,61,114,71,165,199,217,66,146,62,216,120,19,240,18,70,5,210,161,166,39,6,18,104,235,35,220,130,206,217,69,203,197,113,130,169,138,242,208,161,214,252,109,57,127,61,182,36,207,192,17,206,140,7,69,71,179,75,185,62,87,118,133,105,127
73,23,66,121,244,154,162,64,0,94,57,178,122,7,241,83,205,186,141,190,128,127,187,135,92,28,154,104,181,133,3,36,26,185,177,229,59,83,45,85,17,199,56,16,161,119,83,17,50,244,102,44,192,28,165,53,89,55,13,30,156,92,248,19,219,198,54,131,126,212,48,186,126,145,76,207,106,68,146,169,84,191,168,60,39,141,176,117,239,242,123,252,3,173,158,236,235,213,93,243,10,27,4,113,151,118,68,140,187,56,167,131,80,173,25,238,16,186,117,184,72,132,203,45,140,127,251,149,127
193,115,194,106,66,175,238,81,8,214,73,249,106,153,177,206,26,203,3,98,228,246,155,122,152,101,145,210,111,146,49,180,168,29,174,139,64,172,112,36,248,204,214,107,32,75,198,147,81,227,184,8,70,213,17,62,186,27,117,37,164,254,5,188,111,245,215,220,116,189,147,8,111,65,158,167,28,166,44,231,201,121,40,148,65,253,18,222,104,87,168,74,38,158,155,40,27,111,213,115,236,254,59,207,11,121,154,237,163,48,144,177,64,200,45,81,97,131,115,9,134,140,145,73,5,28,136,166,127
251,236,10,173,170,53,30,233,128,236,56,121,171,135,36,60,233,190,94,161,175,243,205,38,202,234,178,73,149,173,58,242,136,203,238,243,43,23,154,88,34,189,134,118,156,208,100,183,68,203,227,215,239,218,125,33,126,18,35,119,242,46,201,50,109,103,50,226,143,188,9,82,239,102,195,230,246,216,78,86,222,117,10,89,43,239,222,18,135,221,159,28,34,239,113,40,67,106,219,41,163,40,13,106,213,25,112,169,166,119,40,19,240,25,187,214,122,87,185,131,87,226,187,233,6,48,130,111,127
34,77,72,181,93,204,217,100,123,136,21,210,236,1,129,140,135,117,222,35,118,216,187,216,50,101,82,68,187,8,154,206,221,190,203,247,11,81,245,24,176,73,211,164,243,97,134,215,247,11,208,24,190,194,169,37,143,167,160,124,134,222,250,46,215,75,116,65,248,196,66,24,226,22,186,137,2,3,139,216,17,3,166,235,62,171,216,175,221,88,30,24,24,161,239,241,121,115,29,119,168,12,222,23,38,88,73,245,149,70,212,81,83,127,15,71,58,132,13,157,240,103,63,223,105,252,223,8,127
202,161,251,8,26,106,232,232,31,91,102,229,220,132,50,161,41,93,34,71,1,251,174,107,100,75,33,173,70,69,111,116,206,41,254,200,215,209,144,16,227,220,227,179,73,203,145,107,192,58,11,219,200,35,6,168,210,137,225,135,225,128,136,101,186,24,13,77,233,174,202,103,154,180,125,180,35,238,28,111,134,153,171,164,174,79,164,153,147,81,117,47,213,106,23,154,175,131,126,179,235,108,72,241,72,32,96,60,156,187,35,12,88,235,88,118,135,150,8,96,47,48,214,84,49,13,60,101,127
96,240,201,100,92,55,135,184,175,185,212,242,143,12,125,220,104,230,122,145,79,118,21,71,133,125,2,203,246,115,93,108,207,235,229,200,182,134,52,111,159,244,235,151,230,225,47,94,245,170,103,234,248,63,172,137,244,121,137,9,134,125,120,197,27,155,235,90,51,37,5,253,150,20,164,205,248,14,207,184,111,241,9,137,83,47,105,75,26,23,124,199,183,84,207,186,230,208,64,189,76,137,202,251,173,81,82,155,101,79,187,87,159,239,78,36,72,145,54,195,186,115,185,34,13,103,203,205,127
98,146,14,13,70,145,84,45,175,228,103,249,83,70,22,210,59,19,130,143,222,75,195,68,105,154,169,17,87,22,95,60,87,39,210,70,70,101,96,30,103,73,136,50,170,217,152,40,63,216,156,193,206,18,114,247,179,242,214,154,188,102,6,149,182,104,212,65,191,30,116,191,181,252,194,112,31,214,108,95,144,127,161,148,71,251,122,26,165,101,95,247,218,51,181,101,246,24,157,28,193,102,5,77,54,72,187,22,149,66,119,16,78,178,203,8,139,175,162,170,246,172,121,42,233,104,217,96,127
53,237,25,253,99,40,85,212,161,58,254,14,158,204,133,21,46,110,46,25,245,221,85,188,161,145,17,214,247,133,177,152,104,110,109,65,184,93,179,200,115,124,97,91,163,51,138,176,219,26,81,132,174,173,118,69,181,190,253,153,224,11,97,90,40,117,214,178,125,44,148,70,142,185,100,175,212,29,60,132,199,140,193,1,24,184,51,121,153,74,48,200,84,64,100,109,1,209,58,113,90,222,29,26,162,183,14,199,62,113,183,111,230,90,238,207,230,11,115,128,96,241,177,219,0,198,12,91,127
56,52,212,17,253,251,110,145,198,217,96,141,65,81,138,111,110,19,186,15,116,64,170,188,166,253,64,26,160,94,169,178,178,236,162,13,18,211,86,68,138,17,128,80,3,34,134,177,49,227,13,21,154,244,123,88,133,33,111,219,77,11,78,102,212,68,40,167,69,24,78,215,92,199,105,136,53,27,30,188,224,4,228,125,38,45,134,134,147,16,85,69,145,84,212,190,102,194,8,76,156,89,178,101,124,173,253,2,253,36,254,189,165,33,25,215,150,226,43,74,91,40,67,108,166,205,114,26,127
3,124,107,125,214,123,211,135,36,42,164,82,157,208,60,49,60,2,123,57,10,159,40,85,159,239,183,29,100,197,211,214,164,125,189,252,240,116,212,165,10,206,196,83,221,167,70,54,238,94,10,36,153,11,181,254,13,10,165,109,99,10,214,154,98,182,193,25,65,191,140,238,245,135,37,242,93,145,61,241,31,174,229,231,24,118,137,175,94,22,110,50,179,26,180,66,87,59,100,166,242,24,1,65,183,115,85,122,131,222,34,237,203,71,83,95,91,85,216,108,213,238,124,122,217,8,134,113,127
241,108,100,13,5,85,82,190,167,44,29,109,188,216,11,40,46,126,37,79,165,64,166,163,211,14,93,150,57,215,143,80,7,167,153,78,106,113,244,181,164,49,122,30,61,7,109,234,28,243,112,101,104,252,26,163,163,156,74,94,222,4,78,189,67,240,239,42,182,104,67,175,143,84,165,68,64,253,138,191,170,112,35,254,116,179,15,29,204,224,247,190,59,122,127,236,211,92,239,67,143,230,39,187,107,41,142,157,198,35,239,137,248,202,226,147,157,108,38,165,34,162,37,34,42,211,47,147,127
194,82,26,162,89,180,214,139,239,252,237,153,207,16,87,19,141,243,55,6,228,100,122,151,103,30,100,46,32,175,203,183,65,7,69,249,6,126,42,96,136,155,229,225,141,53,139,63,106,162,76,59,79,34,247,221,166,167,172,96,93,18,209,113,86,204,37,184,233,12,44,108,201,186,233,105,137,104,22,26,176,34,180,157,251,64,50,120,127,138,246,84,90,96,47,237,180,75,190,203,197,194,198,4,19,245,238,38,247,17,111,94,130,213,86,188,165,31,105,247,30,29,62,146,10,231,82,5,127
124,23,167,95,182,221,48,95,221,138,242,33,87,23,181,110,13,112,53,94,230,193,131,59,108,94,7,90,40,202,8,51,206,151,197,81,33,205,223,243,98,227,36,168,1,132,113,26,101,165,186,60,66,179,141,45,235,55,170,114,95,247,130,217,9,218,186,175,102,192,243,190,246,117,180,177,145,158,205,84,208,164,127,164,3,153,39,178,128,77,247,116,164,171,229,156,185,195,247,84,103,31,38,51,217,17,171,127,55,232,161,175,150,233,39,44,10,124,16,99,18,151,217,236,14,127,95,76,127
11,52,206,212,167,196,244,46,205,134,253,165,203,103,126,162,174,99,162,126,91,59,194,68,78,157,172,212,252,83,227,64,173,141,38,163,212,219,51,47,198,145,62,208,12,7,250,236,81,193,68,87,195,40,6,138,35,92,122,88,193,121,115,37,147,67,6,226,209,206,248,114,215,235,85,117,167,175,30,196,188,236,113,1,187,178,41,141,15,21,60,169,221,66,2,177,87,193,11,168,53,65,181,114,136,136,49,59,210,35,79,193,51,33,155,94,49,207,142,9,17,250,6,116,118,18,52,192,127
128,242,248,197,7,114,208,60,141,234,205,6,81,213,197,196,218,69,213,57,92,83,5,159,212,25,103,61,18,213,130,73,106,81,208,250,26,60,216,131,123,175,95,84,98,10,162,69,237,13,76,230,182,149,95,127,125,211,17,64,1,34,96,26,0,90,84,176,187,162,76,144,119,37,199,182,60,178,7,38,106,28,167,244,75,203,11,136,127,43,83,127,74,72,211,219,85,61,82,185,173,4,227,110,44,168,152,56,84,227,66,94,72,204,253,72,241,27,191,123,60,93,232,158,172,193,178,1,127
205,36,35,116,199,224,142,103,123,244,220,224,191,253,65,227,23,78,91,165,17,2,112,161,89,9,211,60,43,244,22,8,194,167,66,191,223,39,117,54,240,113,6,168,41,62,182,2,11,157,250,110,235,139,91,174,215,219,97,8,60,97,168,6,195,91,119,71,190,106,134,199,99,1,113,215,120,11,18,102,28,84,92,99,99,71,67,29,211,193,4,151,1,233,61,189,85,66,21,48,148,59,129,227,182,159,112,71,235,189,251,217,118,62,182,214,91,34,212,191,28,150,141,92,209,54,47,158,127
41,54,21,15,184,116,229,9,116,25,73,213,140,28,190,184,49,80,124,98,161,91,16,212,16,173,83,249,16,162,139,242,171,56,103,49,144,24,31,46,121,206,162,54,177,180,236,103,2,9,222,163,135,9,14,104,125,236,49,131,55,19,214,104,211,231,0,5,9,185,138,6,86,80,246,159,112,233,244,111,57,181,65,13,123,94,119,0,211,14,26,124,59,52,67,65,109,233,40,95,89,51,206,11,129,29,13,29,156,197,66,113,96,55,40,16,245,145,202,193,128,9,62,6,252,67,196,199,127
206,105,251,54,82,20,160,44,217,133,161,217,170,179,26,124,28,80,205,251,146,233,5,73,155,212,53,244,41,175,153,246,33,121,114,204,163,123,231,235,206,154,236,197,86,252,168,26,74,190,250,128,154,146,5,119,145,145,196,88,219,23,249,41,144,157,54,93,241,194,227,62,221,207,50,197,127,215,9,133,144,23,228,244,103,235,25,178,35,82,2,77,216,147,248,109,135,181,134,237,63,44,207,217,218,248,240,96,172,198,43,155,186,195,101,156,225,125,96,44,191,83,61,72,76,132,254,117,127
47,122,40,141,242,158,212,104,17,100,30,253,188,46,233,172,87,121,95,205,126,111,242,60,99,43,236,222,133,62,94,249,206,242,125,151,98,9,169,231,51,242,33,171,55,78,50,136,166,123,239,28,98,167,249,29,120,1,75,240,11,206,188,86,215,130,17,146,214,186,29,163,95,238,109,99,133,93,96,142,82,206,162,24,213,192,214,101,54,218,206,13,235,103,85,248,117,28,199,226,146,37,3,80,220,103,82,5,206,226,62,162,65,92,71,99,193,95,120,9,159,248,20,137,39,95,122,230,127
91,189,149,3,135,38,55,136,43,27,146,116,68,140,24,180,233,76,1,195,161,183,178,160,192,96,73,24,55,236,36,251,43,163,108,237,143,221,87,26,139,164,189,17,68,97,118,103,15,138,94,228,150,178,38,193,52,69,14,232,86,210,100,19,189,56,208,139,50,8,4,79,1,59,169,162,149,179,47,217,165,160,62,101,74,177,1,43,95,141,188,47,121,40,23,86,44,53,58,228,247,131,249,243,65,100,246,116,215,20,10,213,211,229,148,102,56,19,114,193,57,24,71,128,168,159,248,35,127
166,178,126,234,203,201,83,85,196,253,106,25,158,38,216,172,9,184,99,157,59,122,233,101,60,173,241,237,229,101,65,109,129,133,66,225,218,6,145,185,62,94,125,114,80,83,53,143,181,195,150,185,91,8,101,113,232,172,15,119,29,66,44,55,168,84,156,12,198,19,172,154,71,211,215,245,148,175,126,39,180,66,217,100,104,153,123,181,204,0,145,207,251,169,79,17,212,135,47,174,243,27,237,148,165,53,249,191,35,171,75,154,213,177,145,253,137,42,233,252,134,168,188,249,160,206,220,201,127
164,51,231,237,38,163,39,134,127,141,184,61,168,128,139,91,37,192,229,83,224,71,104,42,146,53,169,32,59,112,112,137,26,62,40,229,184,79,187,203,129,253,143,20,199,175,151,39,78,133,240,248,150,126,41,68,149,160,242,45,88,71,131,168,225,104,187,116,230,160,202,245,111,177,50,9,121,147,130,234,43,212,74,20,235,137,143,88,212,78,111,223,128,237,235,160,235,87,152,48,120,249,127,78,73,175,123,120,109,241,238,61,203,73,126,69,121,128,94,31,122,239,196,152,196,100,102,228,127
170,116,208,62,50,106,171,99,196,124,6,194,141,247,35,5,169,140,136,142,170,190,236,122,144,178,209,103,5,205,5,18,145,97,194,130,197,67,153,27,217,172,169,84,249,134,243,149,223,40,182,72,240,71,51,232,49,39,128,226,59,161,118,78,231,137,72,20,81,102,242,5,1,160,181,190,86,214,120,215,165,115,98,80,16,13,64,221,149,227,224,243,161,147,143,16,30,73,68,117,192,157,1,105,20,136,242,78,57,102,2,107,96,232,212,159,40,160,47,118,245,223,52,203,60,197,30,124,127
87,76,192,124,204,9,120,196,58,145,38,184,26,41,209,100,54,34,35,63,180,7,113,140,51,25,217,215,41,218,64,97,9,76,141,118,215,121,108,55,175,89,252,245,72,84,122,39,108,207,25,31,9,217,236,216,175,197,82,24,219,172,183,129,48,41,212,10,58,125,197,191,19,213,71,181,82,26,48,52,220,142,237,9,113,67,105,81,224,115,114,157,222,103,144,102,114,29,135,244,70,44,83,166,11,142,64,233,31,195,152,221,100,169,78,193,249,241,252,82,135,52,179,150,254,97,65,168,127
206,33,121,50,32,230,250,129,71,182,25,81,100,150,180,25,108,182,185,171,15,80,121,91,15,107,16,151,220,107,95,0,5,29,211,231,214,36,246,232,119,3,147,106,172,232,142,215,120,35,214,113,43,141,88,18,16,223,192,112,190,14,86,44,171,80,208,187,95,102,119,3,198,69,126,185,100,247,70,161,205,65,73,240,248,219,45,175,166,48,231,109,160,118,249,73,89,244,149,147,32,73,5,0,252,164,60,81,121,21,199,132,6,224,157,107,43,44,137,32,133,115,238,247,167,94,62,110,127
223,175,47,247,83,80,47,203,215,41,16,132,185,124,41,254,23,232,119,244,60,140,218,134,120,113,178,91,129,180,155,134,51,200,162,52,230,76,15,97,34,87,142,70,194,10,174,227,241,162,132,200,79,250,202,153,38,239,6,149,63,163,250,205,50,7,247,22,59,196,205,228,20,221,38,251,115,249,22,72,49,178,55,8,166,11,68,3,222,71,102,223,70,168,173,252,53,98,48,96,142,93,185,49,244,4,200,222,185,30,184,85,172,85,46,103,187,28,188,210,57,66,252,232,176,179,108,93,127
120,106,25,95,1,13,84,177,194,112,207,132,122,153,80,165,94,147,235,78,14,100,128,181,226,151,198,123,36,32,138,242,177,241,21,170,21,27,89,122,36,214,230,72,132,17,164,16,113,189,110,213,122,211,152,240,62,23,242,186,220,16,177,175,112,19,53,115,250,139,131,128,114,113,11,130,197,56,136,217,121,65,197,193,49,47,102,6,59,16,36,22,25,209,146,54,39,211,122,251,51,174,42,70,174,153,23,23,194,176,41,234,189,216,238,196,90,163,229,67,195,35,120,63,23,163,186,137,127
118,220,33,106,213,59,174,216,217,17,26,165,23,208,253,229,59,208,241,193,198,5,97,155,2,82,139,216,218,72,97,239,226,166,63,128,175,230,209,195,6,80,78,32,148,161,102,197,233,76,81,245,91,41,144,169,8,129,87,49,7,180,44,111,50,73,99,180,45,233,225,209,30,223,150,67,193,168,1,3,5,16,99,43,79,223,0,243,126,188,82,20,221,157,230,63,47,105,166,113,232,70,104,62,238,241,228,19,17,117,1,213,29,185,242,39,65,114,106,77,216,18,46,133,43,165,43,155,127
237,239,196,149,186,250,247,51,26,202,216,196,137,213,24,92,150,96,126,127,211,99,150,146,163,91,248,147,133,86,114,193,23,48,155,80,237,247,161,113,28,84,14,55,157,247,155,165,47,68,68,170,65,81,223,210,229,246,165,210,199,212,138,209,183,227,171,210,9,219,164,230,221,156,110,57,91,167,199,229,42,119,113,108,23,160,210,240,97,67,137,72,69,3,89,85,122,128,28,140,13,78,179,245,163,115,153,80,119,147,33,129,87,210,171,37,123,80,77,108,215,252,47,52,14,79,100,57,127
214,242,64,168,160,96,112,236,6,65,106,120,228,41,198,142,192,117,121,108,218,35,111,175,172,42,146,62,30,226,228,81,38,192,110,45,160,143,86,29,99,207,26,121,179,169,87,69,12,215,207,126,220,92,21,85,238,84,226,71,216,170,171,43,191,189,93,13,16,189,210,232,82,39,3,231,81,184,85,202,177,188,183,31,51,164,44,53,99,243,90,69,159,128,120,222,51,42,205,119,22,32,233,58,47,200,19,215,111,222,108,24,67,58,242,248,212,36,69,105,73,242,28,31,94,69,226,93,127
13,68,90,185,66,230,220,93,153,36,178,177,180,100,138,80,64,47,213,154,118,69,59,234,183,240,126,159,180,117,61,113,156,133,208,117,197,7,250,18,185,77,89,68,247,170,120,234,172,65,250,220,92,113,124,68,113,113,165,84,235,116,55,107,205,108,177,198,141,129,158,248,250,13,252,26,9,218,107,11,227,222,115,89,135,105,200,5,93,163,173,62,18,71,153,6,117,43,115,66,244,61,116,252,43,92,22,254,153,55,75,155,56,167,215,239,138,103,121,234,99,89,68,41,160,216,253,163,127
209,154,167,40,26,113,118,203,3,110,245,89,91,101,87,209,12,144,113,182,45,94,249,184,54,245,184,79,239,112,161,208,22,202,129,206,116,4,233,71,208,93,243,101,65,151,176,183,181,131,0,203,156,19,176,25,129,153,33,227,125,167,94,116,153,131,54,130,26,155,75,54,174,51,15,241,38,69,207,55,197,212,17,190,143,175,97,7,252,184,194,73,186,229,145,131,76,85,246,221,194,191,7,150,122,109,152,142,9,51,162,120,180,30,71,56,204,19,105,108,107,99,10,241,1,251,153,168,127
236,45,182,98,215,48,31,217,27,93,36,219,3,22,135,91,200,87,158,242,124,24,67,236,58,48,168,218,159,33,98,181,213,241,245,131,134,155,230,94,137,163,252,6,221,183,77,157,100,132,128,226,240,30,163,242,44,235,73,187,159,240,98,70,247,96,249,159,25,224,92,152,24,252,187,164,175,132,94,205,81,137,17,174,81,236,66,69,233,17,67,116,8,22,227,149,60,184,111,70,107,190,221,105,31,232,246,23,68,240,209,134,231,179,210,218,89,126,64,48,27,138,243,34,242,55,83,88,127
191,123,106,132,202,55,201,171,71,231,22,132,155,192,218,102,128,29,90,63,90,97,108,46,115,162,15,89,48,31,85,189,62,106,173,222,212,71,136,147,134,20,38,54,6,190,190,171,234,111,93,234,14,24,73,184,192,6,8,30,201,32,173,32,242,183,4,168,141,50,25,184,98,45,176,27,106,171,1,32,181,103,231,166,71,140,112,162,18,172,47,8,133,228,87,131,28,244,169,223,247,155,224,110,118,68,40,227,23,144,113,60,138,26,169,9,124,89,38,223,42,211,200,165,247,173,28,50,127
70,211,192,57,125,59,78,46,223,163,88,234,15,161,147,103,23,121,13,227,66,167,238,244,1,159,107,154,124,24,91,61,129,104,72,132,99,77,223,155,88,159,176,78,125,163,100,100,231,69,95,113,190,238,205,168,53,167,60,229,193,247,232,44,146,153,92,2,222,118,190,142,221,45,10,210,135,23,143,170,118,251,113,104,161,241,30,242,213,133,101,170,194,160,17,212,133,245,142,246,57,19,232,119,33,83,52,154,179,89,145,240,44,73,168,1,233,198,90,211,27,135,30,88,200,103,181,204,127
26,134,133,169,225,74,73,224,227,194,62,29,96,193,84,176,87,227,108,43,230,244,165,105,249,180,33,36,251,189,93,125,115,33,122,216,147,194,173,29,111,43,182,18,96,151,204,95,92,240,121,132,232,201,95,68,151,100,49,229,120,5,28,245,135,113,42,60,75,188,223,89,120,102,135,209,204,95,26,103,167,15,19,7,176,37,43,209,35,30,54,123,63,24,14,133,94,127,18,120,99,167,147,230,158,85,230,119,196,39,147,116,172,93,201,81,249,148,78,222,86,87,149,147,132,213,76,123,127
211,147,241,194,99,81,33,126,21,200,82,62,234,18,203,119,220,105,136,185,228,91,128,136,20,148,225,252,99,7,87,245,67,28,109,214,133,220,51,205,229,230,3,90,194,18,185,240,246,157,197,131,221,108,164,184,179,23,79,202,219,254,1,203,64,111,224,12,53,157,185,231,62,203,166,244,141,1,104,226,214,187,192,99,89,184,24,148,154,141,236,231,193,158,95,138,167,77,232,54,34,225,173,165,170,194,179,8,182,207,250,212,133,163,17,29,202,155,192,26,142,22,236,106,83,52,222,142,127
215,143,164,235,141,245,54,5,132,115,13,95,49,70,56,130,218,192,213,27,101,180,180,61,70,245,172,168,112,203,168,67,129,202,230,84,174,241,149,188,57,160,244,74,171,6,44,12,3,13,173,70,8,44,84,17,142,69,96,123,57,72,247,118,199,7,3,171,158,172,225,251,79,61,19,123,58,131,86,215,181,25,100,252,135,133,80,20,232,25,196,214,13,147,71,248,251,135,157,230,50,48,15,68,157,84,119,167,173,176,94,227,191,103,44,19,37,187,67,239,134,19,4,183,217,27,100,167,127
136,181,196,174,102,145,248,159,123,103,62,244,137,241,185,228,42,161,57,240,85,9,140,120,51,89,113,149,107,218,154,30,159,194,173,237,217,116,33,124,85,30,193,164,7,37,243,122,4,44,50,185,47,65,86,124,116,252,189,15,84,36,113,5,221,31,139,146,251,72,7,215,93,98,105,77,119,240,19,43,239,172,241,96,189,165,228,43,110,208,59,69,164,186,91,94,18,209,230,169,61,195,36,122,137,181,132,95,145,21,19,54,72,226,6,142,211,49,175,240,56,97,81,173,46,14,199,102,127
124,166,31,25,66,186,219,218,22,47,183,71,97,133,150,64,210,50,199,147,156,101,176,9,205,3,40,68,199,93,204,43,240,244,163,155,27,180,92,38,104,107,44,108,198,55,161,34,85,94,224,30,153,35,128,250,78,164,225,54,143,10,38,99,131,102,55,154,26,247,224,34,252,85,217,131,231,196,175,181,108,164,227,36,49,148,167,198,50,145,215,153,93,10,133,174,55,122,170,153,8,57,86,137,225,105,77,160,15,198,73,26,38,20,49,173,6,220,13,118,203,81,166,80,212,251,69,191,127
68,250,131,113,211,95,81,120,34,226,153,26,171,82,210,63,204,207,156,51,43,210,87,244,44,19,8,41,155,239,127,187,234,227,11,239,40,163,69,144,243,50,22,182,22,147,147,90,120,124,92,39,156,177,18,224,232,192,57,49,195,73,63,117,26,33,51,227,152,194,134,8,237,17,176,225,222,127,230,46,233,121,4,52,189,41,83,104,51,199,175,42,121,47,129,17,113,126,189,44,16,74,84,150,42,129,232,164,191,21,201,18,161,54,202,34,8,134,41,187,145,87,17,226,117,32,116,78,127
144,169,198,198,63,204,34,122,149,219,74,250,251,224,39,214,191,46,180,178,153,136,139,73,163,142,202,17,126,98,71,18,3,122,84,63,240,53,174,199,24,111,7,8,167,74,221,20,102,181,241,109,11,103,165,26,48,195,102,194,137,9,56,88,129,117,211,117,235,139,248,144,227,172,104,208,59,77,78,65,24,126,4,102,84,129,77,187,251,107,154,188,145,132,11,54,173,123,204,8,46,223,29,17,40,27,217,198,176,148,213,238,5,112,240,44,79,46,183,219,59,144,101,25,197,70,44,105,127
153,196,236,110,124,48,132,133,27,164,187,218,203,205,99,192,157,84,117,188,140,44,133,71,102,110,83,124,58,6,103,180,185,0,157,39,139,59,131,200,192,207,57,104,248,178,146,111,162,224,241,102,134,252,147,179,136,221,130,249,95,172,253,5,86,239,202,26,117,51,153,163,86,57,245,77,42,11,120,105,122,211,212,245,205,94,152,227,122,177,197,196,2,6,106,117,242,166,230,170,83,55,241,214,219,237,207,161,121,97,215,196,234,186,55,135,75,75,208,90,119,81,246,145,93,217,183,193,127
45,12,199,232,205,187,37,200,131,111,210,45,253,93,236,163,227,121,228,177,245,224,78,249,82,223,19,221,114,141,160,189,142,120,120,181,252,19,82,230,246,105,146,229,247,56,236,66,244,13,244,152,72,253,19,184,118,1,33,119,16,116,26,227,33,80,243,76,52,175,196,240,94,18,79,106,31,149,39,193,74,242,23,211,88,34,155,32,241,80,148,127,169,90,109,26,62,246,128,144,88,50,217,169,42,124,124,163,133,151,55,58,180,169,78,79,251,13,175,103,218,153,25,120,118,25,111,115,127
169,239,88,156,123,223,33,65,63,59,51,253,166,179,222,1,136,83,20,185,215,217,219,224,77,184,213,151,59,116,129,22,118,163,24,113,207,121,205,161,144,94,6,209,202,196,224,21,78,4,96,73,180,174,122,191,39,197,151,196,13,130,71,160,67,134,178,171,46,117,92,112,118,179,216,155,237,56,41,25,151,44,18,91,154,24,169,155,53,68,119,202,82,36,216,170,12,244,90,55,3,27,230,141,75,81,223,118,134,65,44,33,214,187,178,60,42,212,220,200,135,86,16,3,44,22,204,246,127
35,64,136,119,78,15,139,248,62,68,211,101,225,65,150,241,128,74,68,131,176,158,56,186,173,100,132,53,49,142,67,71,39,247,220,230,205,129,252,5,166,71,114,195,27,16,133,104,125,29,72,156,48,158,181,249,120,87,8,42,85,40,225,196,166,190,80,122,4,76,147,25,202,173,241,121,49,18,29,198,230,64,222,111,150,54,92,112,215,248,6,143,87,75,158,214,214,201,107,104,5,97,191,148,132,21,4,249,171,6,5,12,108,169,211,149,42,68,95,108,127,36,219,44,230,251,91,171,127
4,164,63,82,222,244,171,235,49,55,118,36,53,191,33,77,102,253,30,43,198,88,67,100,217,189,135,164,207,187,104,95,197,103,85,43,31,227,62,111,47,169,239,27,88,230,231,231,76,247,15,145,175,50,33,38,193,43,149,185,236,4,127,74,188,152,204,19,104,111,40,209,201,201,48,161,179,141,32,61,72,142,119,218,232,118,28,172,127,145,202,17,217,177,193,169,132,188,227,59,157,204,67,233,128,153,201,27,214,210,31,248,54,97,206,129,149,125,195,27,66,88,158,26,249,194,103,82,127
199,156,34,165,120,230,151,127,194,28,166,219,217,200,196,3,56,121,186,165,66,252,144,30,67,182,160,217,121,137,187,148,15,82,33,192,26,12,76,214,55,195,151,178,133,94,223,111,33,38,39,92,102,253,26,232,0,10,128,67,180,1,171,36,53,219,236,154,66,191,253,27,97,164,158,108,183,4,8,167,116,15,70,65,198,160,189,18,222,167,117,142,180,129,24,4,46,167,125,57,75,82,42,84,129,196,50,62,210,200,122,51,145,170,167,87,50,56,167,55,34,133,45,209,42,137,17,226,127
46,141,124,84,158,206,130,71,15,191,63,33,184,173,229,192,199,168,89,1,175,55,182,85,154,145,75,88,101,190,134,168,136,19,165,6,251,82,22,218,82,4,196,36,245,52,101,150,48,191,179,168,146,135,165,49,252,1,88,0,190,201,173,16,111,212,198,31,29,199,182,202,99,92,212,51,87,55,53,123,89,134,202,187,78,115,50,203,7,84,190,106,117,200,235,2,225,254,217,209,223,65,144,116,35,158,254,226,44,88,156,228,66,105,27,199,218,142,62,12,232,179,88,216,93,156,109,135,127
106,0,222,210,10,221,52,240,245,27,45,234,136,165,63,157,95,76,141,108,132,73,36,5,44,162,210,5,61,245,68,52,194,97,29,150,180,57,145,15,145,86,245,15,147,103,195,131,157,37,103,189,171,109,13,95,171,250,102,180,133,89,147,31,112,245,58,191,6,183,113,11,193,166,209,177,226,205,69,208,195,77,103,179,19,233,239,147,162,173,26,105,118,89,58,163,132,48,97,175,69,216,236,61,106,216,156,28,208,254,173,36,54,199,241,109,226,17,126,190,20,92,145,216,76,231,200,247,127
44,249,103,79,110,247,65,6,32,120,164,21,62,81,89,164,152,8,117,8,100,36,214,157,219,240,55,57,100,141,48,75,220,134,68,199,172,210,42,84,112,64,86,135,84,30,219,160,92,128,221,84,187,135,230,11,16,158,212,217,172,219,214,204,8,24,27,65,137,230,7,28,180,163,60,102,217,90,242,98,148,15,56,16,191,45,252,2,204,184,232,39,64,41,214,183,224,141,87,111,78,40,196,78,94,11,1,67,17,124,65,126,245,122,142,130,171,104,118,41,71,211,168,74,222,232,88,218,127
49,208,163,193,115,235,224,220,227,4,241,143,125,248,185,72,48,249,15,61,145,38,253,228,240,57,8,235,238,2,124,54,144,45,237,18,128,137,133,136,10,34,181,15,231,201,52,36,33,89,221,100,35,126,129,173,72,40,115,154,248,15,138,160,178,231,146,86,195,80,32,12,191,213,22,174,246,45,113,5,110,234,82,66,24,27,63,201,182,120,64,215,102,248,206,21,149,218,165,170,233,218,174,35,187,57,131,154,213,100,59,35,92,179,104,235,6,85,64,208,68,235,45,187,130,56,165,93,127
112,10,67,242,190,173,215,204,52,90,43,244,147,95,222,241,85,75,84,17,210,190,13,141,71,48,143,30,21,190,234,198,244,177,18,190,89,232,210,48,99,141,154,186,149,97,169,86,189,3,247,248,214,175,13,69,0,89,221,246,44,238,12,24,72,47,164,18,213,27,13,246,11,42,42,241,214,14,86,249,121,158,77,17,169,215,138,116,35,121,35,137,18,223,248,140,39,24,201,39,56,131,25,21,2,130,38,212,240,156,3,229,1,23,18,202,199,94,121,210,120,103,64,145,243,74,74,89,127
233,185,73,170,151,180,128,127,154,240,102,2,234,242,1,108,154,50,69,1,229,253,104,179,111,87,178,20,127,24,56,152,180,37,202,185,210,237,231,177,134,105,186,166,211,6,37,132,62,202,101,8,22,4,138,46,132,197,216,252,15,71,184,181,237,136,50,150,194,120,212,235,157,201,161,93,54,191,120,139,148,52,55,77,71,213,96,107,74,209,118,191,199,190,110,124,148,150,18,215,60,211,38,21,238,5,121,123,124,62,95,49,80,88,174,44,6,68,44,117,110,66,227,204,191,106,191,156,127
34,215,48,6,155,181,192,135,120,234,152,233,53,198,187,91,213,29,68,113,111,39,187,171,88,76,121,208,175,4,189,155,14,63,112,54,185,16,152,205,81,243,152,110,72,117,157,6,127,117,197,104,74,153,221,61,141,211,117,108,123,222,4,133,166,104,82,99,91,5,79,249,230,212,158,39,201,207,83,159,176,250,145,169,13,98,178,215,186,208,67,89,8,70,87,201,213,157,104,175,102,52,38,10,157,144,247,219,11,148,78,151,23,137,221,226,181,37,122,47,132,15,123,92,32,209,95,47,127
156,30,85,193,166,30,34,13,72,242,68,55,43,212,130,152,230,219,127,35,227,166,48,179,17,107,194,37,44,18,159,62,203,119,90,17,110,193,44,3,230,195,175,111,165,220,213,152,97,90,153,204,105,50,124,58,104,32,196,199,18,145,143,191,108,239,17,218,141,154,91,72,9,254,54,16,101,52,7,91,209,103,111,250,91,238,113,183,192,150,228,1,134,188,9,216,138,247,37,45,222,146,48,204,81,113,54,188,58,36,30,155,43,177,242,138,146,122,73,158,34,235,245,70,101,194,31,224,127
125,3,222,193,222,235,125,76,47,66,85,94,82,75,19,55,155,176,208,227,178,244,122,151,129,197,222,15,161,23,114,158,47,201,68,97,205,200,7,91,176,3,246,187,140,149,242,249,156,130,212,38,155,162,108,150,13,184,54,39,2,235,218,136,237,16,170,122,207,249,80,245,56,169,222,75,233,126,11,241,14,115,193,80,143,197,170,43,47,170,133,16,153,63,240,216,98,53,63,188,34,103,68,35,134,145,60,138,134,154,164,251,161,249,241,230,223,148,206,210,46,211,76,159,229,44,109,13,127
99,68,81,41,126,108,220,30,236,60,207,76,183,189,42,52,27,23,45,243,108,188,153,136,212,159,51,145,236,24,8,109,75,125,8,25,169,179,168,70,241,106,22,151,190,38,5,247,81,39,14,252,117,91,137,27,242,4,89,224,249,247,21,209,252,177,49,46,141,166,123,198,66,218,207,43,155,0,214,160,36,81,20,203,6,238,107,224,214,232,199,233,145,81,103,212,244,175,112,10,1,72,61,101,52,35,59,98,80,23,154,208,131,86,49,193,131,43,203,123,115,238,60,11,254,17,199,144,127
68,77,47,34,150,110,18,180,152,101,27,149,171,46,40,120,0,225,241,165,145,59,245,163,184,7,82,10,146,94,44,244,147,52,1,239,164,187,223,198,42,226,166,207,169,10,22,62,164,12,45,101,250,237,39,48,79,249,38,226,129,32,239,23,53,151,201,134,134,93,111,110,223,57,107,220,21,102,229,112,142,169,104,203,251,99,197,169,2,115,14,40,207,127,24,69,166,97,203,196,246,205,28,82,184,33,52,246,108,19,142,252,73,205,174,93,50,81,62,195,88,242,48,104,161,49,27,157,127
207,160,88,96,219,229,101,72,48,213,193,222,92,98,25,61,53,119,1,125,55,26,58,252,224,12,225,14,100,49,1,218,24,47,168,11,87,116,55,27,168,97,106,152,47,127,233,177,99,152,20,88,63,138,163,77,133,15,213,129,40,102,171,241,100,252,120,227,231,167,48,114,92,39,59,103,119,138,16,66,109,76,120,135,11,210,180,234,184,121,193,107,11,246,175,165,250,112,78,242,247,24,58,119,221,144,183,8,94,16,75,122,146,207,45,159,100,55,9,62,50,69,41,225,154,146,204,246,127
204,244,126,23,214,108,12,216,38,104,55,251,30,30,93,165,249,201,151,90,118,211,47,39,201,129,70,239,79,198,225,231,45,120,130,135,236,97,131,252,148,187,200,33,135,253,75,205,3,103,75,30,92,83,107,13,239,67,101,238,199,129,249,137,234,201,213,91,140,3,166,121,210,184,187,216,190,173,188,171,235,138,214,207,140,105,250,149,124,211,106,247,14,228,22,68,31,73,201,142,174,46,243,233,33,36,82,31,149,73,251,37,138,85,129,194,233,235,34,100,132,143,209,57,123,143,91,226,127
25,143,227,193,142,67,198,141,3,214,179,118,92,245,219,251,120,78,198,37,143,30,120,106,14,44,37,176,250,196,253,39,169,131,36,138,207,187,242,167,147,15,91,189,10,43,15,185,72,213,180,10,221,165,225,180,148,141,73,48,53,94,247,128,145,180,227,228,203,59,160,166,15,94,61,170,26,134,19,179,57,159,139,4,132,203,29,22,132,246,29,197,95,147,188,6,82,156,211,180,10,48,129,136,44,204,89,37,205,57,220,45,188,235,48,78,89,43,24,11,105,133,110,109,242,177,24,4,127
220,105,116,174,34,9,58,146,83,41,8,241,146,32,172,28,206,127,172,82,99,204,64,157,128,192,70,164,144,134,227,82,82,217,40,141,81,226,147,143,10,79,86,10,85,111,242,18,130,151,67,193,158,54,1,174,222,239,247,134,197,233,159,254,135,239,180,75,231,31,163,82,237,123,144,162,147,221,85,237,87,47,222,247,59,65,166,162,166,214,197,160,36,232,31,26,83,11,9,205,146,213,98,252,139,80,184,216,230,183,215,89,105,104,122,92,174,21,89,101,51,28,249,222,119,37,22,63,127
85,55,190,162,186,44,196,8,216,50,76,197,243,100,57,248,130,44,69,91,190,55,134,165,195,193,163,207,159,93,75,110,185,136,148,42,140,78,214,241,131,140,150,34,110,219,196,148,132,100,27,154,228,46,66,96,85,85,5,53,68,65,2,102,169,20,13,198,56,69,22,55,32,104,198,184,155,146,25,175,127,27,56,235,226,46,125,179,68,56,244,77,66,64,209,121,60,168,15,55,8,128,93,174,212,153,50,94,246,182,60,194,128,43,224,223,5,82,129,81,184,79,100,159,106,81,46,110,127
7,110,33,129,192,6,155,43,0,22,19,134,248,227,227,83,56,248,40,4,13,236,71,231,238,220,94,41,75,240,156,181,74,97,65,143,181,196,218,60,228,159,139,126,122,112,218,109,179,249,98,78,75,146,55,113,5,164,28,154,107,3,38,39,222,11,59,161,63,128,90,56,232,127,14,4,17,32,235,242,41,81,3,158,163,204,128,134,10,9,18,129,75,128,2,10,0,247,214,251,90,16,178,19,205,3,213,17,64,121,48,80,121,36,122,185,98,23,31,237,34,239,33,114,151,183,30,208,127
36,69,53,75,102,83,97,115,188,72,44,173,241,218,161,71,119,94,82,62,226,169,106,181,37,41,216,205,143,139,143,221,40,116,65,19,115,231,120,152,221,120,167,218,251,121,64,22,209,121,221,230,224,214,210,15,139,236,67,37,244,249,90,146,66,125,211,39,249,51,202,163,109,77,232,138,52,141,108,139,4,163,32,46,25,160,153,20,69,7,192,6,8,191,187,80,222,183,6,208,134,138,119,228,155,95,113,249,252,17,26,172,63,237,229,197,73,7,110,237,206,133,122,35,126,54,151,135,127
88,58,249,236,210,185,83,70,228,212,102,216,242,150,57,248,0,190,9,209,108,208,27,66,190,162,38,43,225,130,254,104,62,43,87,242,141,14,12,240,98,209,78,162,126,80,141,92,56,164,214,68,81,126,121,29,66,192,156,23,223,240,58,219,42,76,47,67,183,133,217,212,218,32,41,23,184,194,43,243,205,103,25,86,27,115,36,210,17,209,173,28,81,170,141,29,172,120,146,179,166,254,234,129,205,209,134,199,96,216,43,105,66,154,168,230,21,199,101,253,88,10,101,200,230,158,58,159,127
194,32,164,60,198,0,232,22,198,120,70,183,140,204,24,199,134,238,85,97,172,57,87,126,102,3,183,226,230,249,124,133,180,119,121,243,90,114,0,174,123,58,36,191,221,72,170,66,95,153,37,74,177,128,156,127,251,72,83,85,251,240,64,234,175,41,112,144,59,230,163,74,181,26,62,219,162,198,252,133,178,97,184,98,52,86,88,186,252,164,237,178,108,121,18,105,241,206,247,175,168,132,212,194,205,6,27,20,178,237,201,49,49,106,191,126,42,195,190,127,102,148,131,10,220,113,190,235,127
12,250,16,214,179,202,159,220,172,37,235,213,162,16,80,95,202,113,145,54,45,73,75,6,208,211,229,21,133,138,104,136,146,238,48,28,18,125,149,190,5,53,117,10,104,23,200,1,125,77,131,14,135,182,253,99,182,60,199,14,24,150,95,47,73,61,198,237,170,68,11,42,55,149,90,32,213,20,102,17,38,24,176,203,168,114,58,148,211,180,43,218,147,38,124,137,40,177,44,59,234,176,123,158,188,109,70,204,222,248,165,156,154,2,29,147,178,38,50,36,36,23,99,101,189,199,25,134,127
221,158,203,218,25,127,184,137,72,206,142,83,27,82,123,151,53,229,98,27,188,21,159,224,3,204,82,111,210,91,62,74,37,229,143,11,71,136,59,24,223,130,230,108,250,241,124,19,148,54,44,96,216,173,229,250,96,10,49,206,219,216,116,243,102,191,26,200,205,232,232,3,28,191,219,10,174,73,107,120,14,109,97,159,225,109,32,56,181,189,74,235,6,12,158,115,131,60,129,171,83,141,85,165,19,243,205,251,114,167,78,176,189,229,201,71,247,179,13,31,82,29,200,180,206,47,84,62,127
31,79,175,178,75,252,217,139,124,150,213,240,64,91,138,37,129,3,73,253,116,147,206,55,230,225,78,142,42,149,33,169,230,47,150,38,173,125,239,149,110,181,131,208,230,87,170,224,217,101,61,0,85,64,190,106,210,17,206,164,5,49,81,94,159,242,117,38,26,10,123,85,89,227,148,191,252,126,134,45,129,238,130,142,161,181,224,23,71,124,55,95,31,187,106,196,44,211,84,86,185,67,130,146,231,118,5,47,246,108,116,67,76,152,179,51,48,89,97,5,136,242,72,31,196,173,120,203,127
207,115,3,254,1,154,87,10,48,211,12,143,232,128,105,113,206,85,104,217,48,98,172,50,103,116,137,215,167,196,185,20,22,123,83,184,8,113,32,38,123,64,65,168,195,97,21,239,155,120,140,114,43,11,156,203,213,145,178,41,19,103,150,43,184,212,193,12,129,108,252,121,87,231,108,233,127,163,218,154,229,139,241,9,142,153,17,108,11,48,79,127,169,250,58,37,158,122,30,117,122,77,186,242,198,27,120,197,159,58,142,35,61,209,236,146,152,91,46,205,68,78,226,225,240,133,62,150,127
126,242,143,80,59,94,123,219,210,74,161,238,123,78,3,118,54,192,220,182,239,91,15,199,154,34,13,74,222,172,171,46,75,65,111,134,98,13,179,91,233,109,2,201,232,103,115,244,2,219,53,135,157,76,1,139,197,106,224,236,11,127,117,108,137,46,184,51,107,174,178,243,199,183,81,108,243,193,149,126,201,21,29,235,73,224,21,241,240,192,121,17,246,214,29,194,163,133,111,59,144,39,171,106,36,121,89,115,246,61,228,42,202,102,57,207,223,11,249,99,191,230,140,108,193,229,240,137,127
156,39,38,114,108,150,141,47,124,90,128,191,112,77,249,222,3,183,127,48,31,173,143,134,93,165,47,99,109,16,190,96,205,205,50,207,52,173,64,156,55,253,104,43,173,126,0,42,130,206,54,249,164,47,31,243,13,10,199,240,134,103,1,235,197,62,138,106,111,61,248,39,143,152,60,247,68,70,28,2,157,54,103,132,177,187,73,69,27,65,174,95,134,51,178,114,39,9,245,59,183,146,97,35,143,39,133,239,146,173,57,169,182,76,23,74,121,124,172,250,229,156,208,6,218,177,99,99,127
51,148,168,120,121,106,237,175,21,119,118,139,174,159,89,207,188,76,113,14,194,193,170,216,216,17,112,209,137,80,36,200,84,166,77,25,13,3,84,19,133,253,179,43,103,51,224,108,231,185,106,247,150,104,252,96,119,94,72,191,67,155,133,17,31,84,179,183,109,45,221,243,180,72,116,24,151,3,113,21,62,63,28,6,163,32,181,119,59,212,122,143,6,244,249,227,157,210,99,36,155,129,75,251,196,73,184,17,191,62,190,76,143,196,163,81,194,151,72,35,27,169,228,107,162,188,43,156,127
208,119,77,159,137,232,102,204,10,138,247,15,184,103,135,45,98,132,123,107,192,103,135,125,78,32,201,189,234,15,29,48,48,30,209,73,116,43,69,86,87,16,204,69,146,219,92,108,243,13,87,75,249,196,1,198,240,37,242,146,102,92,220,140,157,163,48,138,71,242,161,63,162,169,252,151,124,168,94,50,207,233,206,217,51,148,138,44,91,209,251,155,203,29,248,132,50,116,215,158,141,242,169,67,201,116,176,218,142,57,154,10,173,25,52,152,247,42,190,16,116,168,187,101,65,141,11,168,127
23,96,206,25,126,129,52,22,72,144,61,180,88,194,127,49,126,76,208,18,93,89,143,96,161,45,52,216,107,147,4,56,196,30,232,145,141,223,6,75,212,107,152,83,176,70,124,60,52,106,101,11,154,155,51,40,252,2,144,46,140,22,218,182,243,101,165,9,149,141,113,20,191,104,174,200,117,130,59,245,202,22,126,92,2,78,132,64,28,38,177,215,95,4,152,90,141,23,243,240,157,191,91,20,12,124,174,74,207,215,226,36,48,111,125,228,176,176,120,104,62,190,125,214,54,209,108,229,127
15,247,36,199,79,31,98,241,8,148,0,69,153,253,129,185,13,98,201,151,58,35,69,169,152,46,63,115,83,63,175,30,211,202,18,154,118,133,154,77,169,0,146,227,98,25,176,16,77,61,4,235,193,80,70,134,54,160,220,88,182,204,42,56,126,72,24,2,169,45,163,199,134,45,170,217,9,233,213,143,202,95,179,160,239,174,251,88,231,156,141,253,63,15,160,199,119,187,229,149,22,13,107,45,18,114,14,115,179,22,219,223,243,41,39,247,127,151,132,245,46,97,105,58,120,197,201,154,127
220,53,61,169,218,88,96,249,43,79,248,69,134,173,178,139,6,32,87,23,133,239,84,83,177,46,59,149,178,126,227,192,228,197,234,128,143,72,58,47,136,9,92,253,115,164,73,60,183,174,1,145,201,193,14,119,237,139,48,227,48,216,29,168,60,61,250,204,68,196,105,10,154,73,21,111,187,233,124,53,172,25,16,154,78,32,242,43,80,110,166,3,45,44,29,100,136,49,18,44,34,181,206,180,154,176,121,233,72,228,130,199,76,139,199,41,69,93,191,214,116,80,34,222,140,108,59,125,127
103,157,83,16,184,143,113,119,205,218,177,25,207,207,223,202,248,126,248,188,102,171,82,187,76,5,149,75,133,160,113,248,186,20,187,189,81,133,210,158,71,197,130,4,6,99,55,199,158,12,237,104,234,194,2,41,156,150,43,146,148,131,12,246,29,139,1,44,104,190,55,185,62,155,8,31,96,217,228,60,105,58,173,125,179,82,142,65,95,52,10,86,53,52,78,179,9,73,253,54,45,2,179,25,190,180,154,220,149,175,105,225,49,109,220,154,143,3,198,16,65,157,205,142,191,122,154,198,127
249,103,117,242,51,194,125,235,33,52,104,180,4,44,208,104,129,112,132,199,69,195,190,26,117,58,45,108,63,203,190,88,202,48,148,96,27,150,111,215,151,204,86,129,197,140,120,143,162,189,9,25,243,99,116,154,51,243,156,120,204,27,137,161,38,228,218,50,108,24,86,56,250,91,243,166,68,58,10,92,136,93,133,201,156,250,165,144,9,122,15,56,238,192,159,191,124,22,134,29,124,169,39,157,116,37,222,5,158,217,169,30,35,24,195,7,238,157,156,3,85,250,222,105,113,160,108,195,127
52,8,148,228,21,133,35,51,63,39,99,82,123,229,156,177,202,110,119,71,19,118,156,103,63,126,178,74,243,68,218,81,220,206,93,87,133,106,198,159,169,10,193,94,198,56,174,122,117,119,141,118,26,21,58,114,212,231,246,80,204,75,63,150,179,170,188,50,238,35,56,128,89,177,149,145,10,64,67,175,138,219,239,51,242,139,68,148,10,118,45,192,91,83,94,85,40,28,69,24,122,183,104,148,210,133,189,183,190,62,215,116,54,155,185,223,54,3,19,1,56,178,100,21,207,239,89,116,127
113,188,116,151,78,34,232,60,20,53,24,60,47,254,241,200,117,28,246,37,101,156,251,130,57,86,164,232,187,199,21,90,62,88,7,151,179,201,178,132,107,230,195,40,235,187,136,51,36,31,156,128,155,121,205,11,169,231,240,168,61,126,3,57,218,71,72,17,198,188,47,5,7,3,151,134,85,11,29,204,180,51,221,202,22,20,93,12,247,224,155,45,101,20,203,250,33,129,9,57,250,3,49,248,37,183,12,33,12,225,123,45,97,149,103,17,228,168,180,67,30,69,52,85,105,149,139,21,127
87,161,175,153,28,202,47,225,24,238,113,69,129,87,151,121,232,125,231,215,7,224,136,169,32,211,226,56,236,41,105,233,124,158,29,177,23,192,55,44,97,135,69,79,43,180,180,241,175,237,116,92,248,211,224,108,32,130,14,38,161,236,180,171,203,95,110,105,82,17,229,182,1,238,251,140,32,179,22,81,225,232,103,108,2,224,62,181,177,38,8,122,244,48,55,40,65,194,157,226,7,223,62,242,248,118,148,31,85,54,19,48,128,63,182,13,118,207,166,16,168,135,120,151,13,5,23,124,127
111,178,94,251,33,153,96,75,68,124,153,61,183,171,75,97,56,113,89,180,187,116,227,200,8,188,124,36,184,26,49,8,199,79,67,46,84,251,115,85,246,22,152,166,203,4,83,199,38,101,207,149,42,128,80,203,209,169,59,168,252,240,48,212,36,52,193,183,135,236,179,208,40,70,60,237,68,233,91,31,64,78,158,181,168,163,213,20,250,88,245,2,217,137,10,32,210,199,236,112,200,164,171,247,65,98,254,216,188,133,66,5,2,14,200,54,160,250,103,199,213,19,231,82,181,97,129,45,127
145,68,27,192,48,133,96,117,174,242,166,49,87,102,15,101,198,180,236,110,207,1,228,34,141,182,63,119,160,156,153,113,194,115,114,212,82,7,14,115,80,196,47,185,169,199,180,236,44,98,240,14,204,225,186,180,140,134,212,59,23,230,108,219,213,148,73,235,103,30,83,126,0,251,131,116,106,186,223,247,224,167,77,122,236,30,68,179,87,237,89,169,53,168,98,251,176,168,227,246,158,214,1,61,110,228,232,190,101,88,240,115,102,208,145,65,219,209,244,221,66,181,10,234,102,164,225,155,127
160,26,5,190,153,226,157,19,131,90,37,68,212,150,253,38,139,30,218,114,31,190,163,228,152,40,40,133,157,253,70,244,143,122,90,33,156,41,38,134,204,96,228,124,209,18,154,47,99,148,205,47,130,206,169,141,224,90,239,246,178,208,242,163,132,179,205,216,212,8,96,189,72,127,110,160,131,83,138,151,164,148,249,208,121,178,236,145,153,253,72,136,79,149,39,42,123,89,42,144,198,18,1,70,232,227,32,18,124,44,172,144,86,47,10,234,68,184,202,32,236,62,154,132,19,225,149,168,127
131,172,40,89,236,9,250,232,116,79,208,209,209,60,146,83,13,114,204,84,81,206,92,71,187,68,22,161,185,190,147,116,238,93,87,187,183,54,49,197,97,55,62,94,4,238,15,167,206,44,34,165,74,137,72,147,121,211,187,249,93,205,81,96,61,242,178,117,227,224,155,171,107,156,26,211,82,201,93,68,187,253,137,108,6,21,15,79,196,48,96,12,181,238,98,58,136,244,26,114,91,51,167,221,64,215,176,149,170,183,83,49,105,178,41,11,101,251,179,45,2,194,219,221,87,66,102,15,127
241,247,213,51,166,193,132,100,101,202,236,137,241,59,182,59,38,216,146,250,211,157,134,126,204,54,89,145,47,58,129,12,130,129,71,163,85,225,55,227,154,128,106,221,165,226,99,13,68,71,84,76,187,172,70,217,155,19,168,138,232,223,50,143,241,4,56,79,113,124,221,152,24,197,180,228,71,25,108,52,249,150,25,35,132,29,172,64,169,46,251,164,81,220,10,83,58,140,90,99,145,21,90,205,185,76,160,5,143,246,36,169,101,78,14,186,6,43,153,116,246,97,65,84,86,14,89,0,127
132,116,54,220,205,102,23,150,1,39,183,80,42,212,77,165,241,32,3,210,64,33,131,196,48,241,83,8,70,165,34,194,178,197,111,204,237,100,208,100,175,131,142,187,35,176,8,75,49,228,13,127,132,61,139,192,35,126,162,66,2,208,119,6,98,84,159,127,40,10,11,83,182,172,213,190,214,19,8,78,237,164,248,30,85,41,241,218,221,39,55,228,28,127,12,206,38,49,150,81,78,151,141,107,119,94,76,160,160,205,27,207,217,245,12,208,100,112,205,13,148,47,253,57,104,158,74,127,127
162,91,67,200,230,253,232,84,130,93,71,212,32,226,28,244,86,248,215,28,129,53,167,198,76,148,144,209,17,22,216,89,49,78,116,213,16,173,189,52,71,80,170,3,164,129,22,121,10,85,244,132,27,234,70,14,44,97,88,37,19,48,63,27,99,220,25,177,126,212,135,158,177,80,4,12,55,58,63,195,120,133,9,162,77,107,107,102,110,33,1,116,191,30,247,62,47,62,179,192,158,218,145,63,36,89,136,140,232,214,137,189,51,223,207,118,248,14,39,155,20,86,251,153,234,198,58,14,127
0,253,185,229,42,206,250,188,92,18,182,211,84,211,113,119,50,206,99,232,26,180,147,154,212,156,29,68,157,80,73,35,58,87,121,98,95,32,227,232,20,95,95,36,251,115,43,5,245,37,57,35,87,84,29,223,102,17,102,81,111,81,226,101,218,85,233,22,168,232,202,182,235,6,109,14,107,93,144,44,93,170,167,214,97,130,174,104,170,179,233,126,29,239,119,8,166,176,3,110,101,236,142,88,221,200,78,109,204,67,18,153,177,11,14,74,156,123,20,177,195,214,158,212,1,171,8,226,127
253,126,221,192,197,199,44,141,179,148,115,115,238,178,59,124,50,127,8,247,187,137,175,181,172,49,32,61,94,232,58,110,142,79,108,100,124,65,60,103,232,227,136,142,145,121,28,136,132,36,180,228,35,45,153,205,131,137,52,39,95,182,146,235,221,147,93,87,31,227,192,44,105,10,66,217,17,160,89,16,131,195,111,217,61,143,220,115,226,46,195,198,172,170,128,186,25,37,81,41,88,105,82,100,84,45,192,16,188,189,164,73,34,148,109,119,106,94,70,185,160,87,61,6,95,125,95,173,127
138,124,52,42,206,131,145,48,118,65,236,38,5,249,26,169,7,30,79,117,193,216,182,73,222,232,254,47,44,138,145,207,171,233,8,98,190,212,62,21,110,37,248,118,239,157,149,139,95,91,105,125,192,210,146,109,106,43,252,8,186,4,212,211,102,201,129,243,139,176,144,251,167,79,75,141,192,101,34,138,38,134,62,94,131,83,62,154,105,182,121,141,61,252,178,176,218,156,232,235,225,178,109,214,244,172,92,191,11,59,55,2,130,127,117,172,204,120,250,250,182,199,19,58,35,191,21,168,127
145,251,209,206,48,88,223,78,197,113,201,173,35,164,147,113,5,111,45,111,180,207,158,87,245,15,233,39,81,216,251,165,118,211,69,233,0,219,127,59,30,30,110,216,173,106,158,39,17,80,119,73,140,241,239,53,233,244,177,95,36,103,67,178,193,5,178,174,133,44,192,246,94,89,37,206,64,125,140,32,65,76,237,50,174,132,233,237,107,136,58,132,132,180,9,141,239,34,161,7,7,145,127,19,116,120,236,245,189,40,224,116,143,245,177,249,200,29,244,202,235,197,155,21,65,244,17,191,127
224,210,229,70,24,53,67,245,110,195,143,201,52,172,83,228,28,195,17,120,155,34,52,42,32,29,54,96,60,232,240,115,248,165,70,26,40,201,38,195,42,156,165,123,177,23,205,14,78,71,112,77,68,173,52,142,235,185,84,12,195,252,145,128,87,209,105,64,24,217,66,162,145,131,64,113,123,178,143,247,29,32,248,223,211,76,191,68,138,183,19,150,165,192,25,5,183,234,230,156,124,81,80,252,178,127,194,53,235,122,178,193,43,204,193,111,1,2,31,93,246,3,242,131,231,189,16,9,127
213,236,167,67,183,31,126,76,181,5,77,39,42,129,178,159,105,191,125,41,11,253,26,142,109,127,97,157,223,166,143,15,210,16,95,54,35,221,237,97,77,195,185,96,23,160,158,74,176,80,172,2,44,165,183,209,19,239,5,124,22,110,44,165,41,172,43,233,75,235,85,58,254,62,252,241,192,156,214,208,244,105,177,19,247,159,62,85,201,42,98,132,221,133,143,135,202,22,235,59,5,153,126,236,80,38,105,32,13,186,61,182,71,197,6,213,251,95,142,222,102,12,125,41,134,176,74,172,127
81,143,1,42,146,136,32,160,170,79,90,170,82,178,140,123,125,140,25,140,79,111,223,58,146,164,202,193,7,225,219,18,211,185,148,58,200,243,107,11,250,91,240,157,154,184,248,39,247,27,40,183,160,204,108,239,249,133,239,48,135,235,34,222,92,164,156,210,169,105,52,220,150,74,61,219,73,223,129,232,85,66,1,226,152,62,177,32,51,35,82,128,22,179,80,167,98,211,40,241,92,239,244,34,161,49,79,170,218,252,5,200,186,75,239,98,126,181,159,250,167,123,100,118,9,79,172,135,127
113,126,229,163,77,248,78,87,82,194,154,84,122,56,132,17,240,244,19,233,204,237,41,12,90,216,91,235,5,35,243,213,44,143,239,132,155,197,166,7,55,48,64,20,33,154,249,91,140,235,199,85,92,215,157,136,142,43,240,187,58,219,120,49,16,224,15,204,82,89,1,59,5,24,169,102,155,105,163,48,236,170,48,169,119,209,132,234,174,34,219,252,75,131,178,87,113,121,217,109,131,180,252,202,220,99,203,49,57,120,66,221,98,214,71,137,102,27,91,138,67,117,150,249,118,45,7,206,127
244,52,64,116,115,0,94,214,156,47,182,220,159,5,23,228,8,82,1,237,206,89,1,124,99,144,116,75,125,23,85,56,236,178,118,135,177,155,236,154,142,217,170,133,236,224,78,41,186,253,161,94,152,235,26,94,175,9,141,222,120,213,147,136,162,250,27,109,224,206,189,2,47,85,134,54,34,52,9,44,82,123,194,58,219,27,49,127,12,12,104,138,33,96,99,55,26,47,172,138,54,67,119,174,78,75,190,170,2,180,209,191,31,253,72,206,42,253,253,73,214,13,76,22,67,252,230,6,127
86,230,95,95,181,198,85,172,185,125,160,82,114,195,162,219,28,135,211,252,105,106,240,4,52,189,141,95,124,69,109,104,199,201,90,21,197,235,211,167,230,4,183,179,102,173,185,220,97,220,16,118,17,233,241,88,77,219,36,159,184,189,50,71,139,99,22,17,158,184,2,123,118,48,180,87,141,59,67,124,91,120,29,241,2,81,47,83,243,155,183,227,239,110,27,108,251,121,55,72,144,50,211,197,235,218,223,38,26,96,64,120,168,111,205,7,229,164,204,135,218,73,28,209,180,234,236,146,127
247,89,21,183,101,149,18,226,175,35,149,51,159,165,252,108,28,180,165,253,216,173,146,157,189,109,69,200,188,196,141,117,46,168,230,182,27,157,73,193,88,228,80,239,71,174,217,16,16,142,139,50,138,161,17,230,190,155,58,150,169,202,246,22,119,132,251,175,80,64,86,7,50,54,152,133,186,121,20,78,179,177,233,92,2,106,157,208,182,4,253,34,192,64,131,51,249,68,193,143,241,21,137,188,43,75,215,130,227,2,174,228,25,112,164,202,25,167,39,197,188,238,86,111,2,44,204,218,127
44,217,127,60,187,183,165,31,89,29,198,70,241,238,153,0,21,126,189,3,200,61,234,2,239,174,202,88,114,198,169,54,190,74,25,202,32,235,4,151,200,118,238,171,27,251,45,106,97,240,224,71,0,85,242,152,213,33,130,31,15,199,234,68,226,129,172,127,158,184,150,224,83,197,91,196,244,93,83,218,38,78,141,160,10,155,39,12,252,1,251,156,222,144,227,191,219,59,99,252,52,253,107,217,172,29,36,85,212,36,207,202,138,126,70,181,229,89,53,206,111,217,142,178,153,68,28,229,127
254,248,77,105,96,141,231,226,170,135,169,46,134,112,216,67,128,9,155,77,81,98,207,14,252,173,143,248,185,187,83,218,219,115,221,167,29,93,246,212,42,111,110,155,9,92,215,151,164,216,249,119,211,83,100,146,218,180,182,48,20,89,112,74,51,247,84,18,159,245,131,97,140,186,29,77,177,239,1,201,151,231,235,134,109,134,227,101,172,253,70,89,160,75,227,253,239,101,155,169,190,42,166,231,156,180,227,96,170,252,227,166,131,199,72,182,40,54,82,83,2,225,112,112,140,191,85,247,127
159,238,14,243,67,37,146,142,60,94,56,176,169,156,178,81,79,15,176,69,241,228,72,249,193,137,198,44,183,112,66,90,25,194,103,39,105,225,3,114,199,246,77,204,250,141,93,182,28,38,25,108,51,227,91,94,236,55,236,190,11,51,76,124,2,37,96,177,127,49,127,98,8,123,224,151,115,60,47,184,244,166,200,124,12,5,102,15,239,254,233,122,198,42,246,253,101,248,24,233,129,143,93,171,1,185,215,234,225,54,100,153,108,21,60,31,111,66,229,19,201,4,143,209,1,63,33,89,127
75,210,13,165,62,100,231,178,185,193,91,32,242,126,23,96,148,157,248,226,233,69,72,142,202,128,202,188,228,65,225,240,5,212,213,254,228,60,27,242,57,126,153,15,23,91,53,14,109,55,79,79,19,84,91,57,34,217,46,9,107,108,235,147,224,129,95,35,154,33,5,232,170,230,94,59,240,204,45,231,183,181,104,151,141,75,137,195,114,161,81,79,121,76,68,173,72,117,104,176,178,59,22,136,94,170,23,239,189,165,147,204,169,188,213,56,102,209,160,210,157,45,31,226,126,137,106,79,127
37,237,199,201,6,78,229,126,133,7,149,119,180,118,237,78,170,22,55,83,54,164,43,244,34,118,189,125,98,233,42,1,85,194,45,6,65,78,130,180,88,43,156,186,251,226,167,240,171,23,91,110,166,161,247,228,193,176,76,9,234,169,176,164,53,162,228,93,80,166,60,160,152,168,155,57,149,186,189,218,199,239,221,192,97,227,249,45,250,176,68,63,200,42,96,209,175,58,253,142,48,253,85,250,189,199,5,136,55,2,138,137,100,116,237,175,40,22,208,183,252,73,232,34,104,130,166,118,127
66,44,111,95,153,205,38,169,219,171,154,113,40,91,89,32,60,135,127,156,165,156,40,136,59,127,147,170,34,138,245,205,205,209,24,160,202,209,66,62,190,243,138,3,42,199,40,181,35,61,65,37,14,43,67,85,225,209,172,149,63,99,39,42,141,233,232,41,193,180,164,244,250,252,116,172,249,193,186,22,154,180,43,226,234,129,152,204,210,150,52,169,150,20,70,213,94,94,34,30,67,52,5,223,31,87,45,50,216,199,52,63,4,166,199,86,86,151,0,67,32,135,236,138,107,207,200,185,127
54,178,60,159,203,118,130,72,117,81,59,117,233,79,28,67,49,57,229,135,36,79,52,123,138,1,38,29,53,198,195,93,238,145,2,212,100,179,115,83,123,154,174,246,133,49,188,115,83,243,75,44,176,59,143,55,227,212,224,88,100,1,203,217,116,214,74,7,44,146,130,86,24,202,134,144,58,20,26,87,91,84,103,202,36,116,13,131,59,23,207,206,54,1,202,4,5,35,76,230,156,17,116,239,199,62,171,104,46,121,162,149,75,64,252,97,122,212,87,185,248,242,146,67,182,141,38,70,127
220,16,27,96,117,84,107,234,236,200,23,217,129,89,168,88,161,138,14,238,119,194,239,219,34,129,229,56,11,229,116,181,212,48,221,58,233,27,122,76,245,101,131,183,167,48,110,164,82,232,188,222,145,127,157,237,120,126,95,169,40,199,48,246,130,53,214,88,104,195,215,245,99,111,100,254,202,218,114,84,212,117,60,194,59,226,15,124,158,185,116,167,214,164,84,189,252,240,224,106,75,226,230,142,40,220,0,228,201,84,132,11,125,32,234,68,62,34,34,41,21,113,42,133,153,74,95,180,127
13,88,208,108,228,241,213,154,54,204,70,0,170,30,40,208,122,13,203,48,115,172,229,48,171,229,246,232,55,232,214,62,182,120,82,230,226,229,117,181,210,18,173,18,146,183,154,19,77,162,247,66,143,198,205,196,81,8,187,29,183,230,196,39,140,106,87,28,65,57,35,34,215,11,57,52,47,183,232,112,14,230,21,143,220,204,199,195,2,36,243,54,32,213,94,158,107,189,246,227,254,164,123,226,221,63,65,70,220,126,110,116,146,27,209,92,235,13,129,5,166,180,175,55,212,12,152,102,127
48,230,57,90,8,86,154,220,217,87,214,78,32,253,17,83,238,241,170,61,32,211,108,9,198,114,99,180,215,234,67,49,100,246,237,238,37,34,12,60,33,248,188,116,242,46,48,67,1,39,111,113,239,101,101,244,55,70,192,157,164,45,98,192,58,244,49,239,63,151,102,229,84,4,69,66,177,107,253,219,179,208,101,83,178,124,222,182,2,226,20,1,195,11,72,200,30,164,114,155,136,164,251,216,29,16,102,223,55,223,200,100,238,225,55,217,6,110,29,170,49,96,68,29,120,232,68,126,127
176,154,190,94,199,97,138,3,31,181,183,179,205,140,155,145,100,35,195,1,89,209,211,54,38,177,76,67,19,31,43,145,146,211,234,171,214,1,170,126,133,111,81,214,127,29,137,240,83,56,187,5,3,141,86,71,125,111,232,217,205,243,168,122,40,198,231,187,253,63,253,206,181,42,246,182,88,187,187,239,84,10,36,77,11,116,33,177,62,86,79,162,52,73,251,209,176,218,150,62,61,24,207,242,61,110,243,243,194,119,215,246,52,80,182,127,151,98,228,74,200,103,229,143,142,207,162,245,127
76,38,238,82,4,19,139,27,3,81,22,91,33,4,56,123,42,195,174,204,218,63,143,228,230,110,82,188,127,247,168,175,196,123,33,139,51,248,248,112,83,207,221,243,22,160,88,211,145,149,81,154,20,183,165,70,164,151,4,115,39,173,189,211,154,133,25,254,130,19,206,1,71,90,43,26,230,5,242,59,82,160,35,249,189,154,43,190,179,1,144,93,94,172,181,181,180,188,193,173,173,155,214,196,41,54,251,136,125,129,14,116,91,11,232,34,136,30,12,192,125,158,195,119,42,73,114,69,127
44,229,96,231,181,172,173,225,113,33,252,201,209,28,132,179,95,196,61,128,233,190,195,107,168,117,218,97,249,215,221,81,167,42,252,157,134,54,189,83,145,125,104,51,111,2,13,167,202,142,60,86,208,244,41,165,219,88,134,138,39,196,251,182,120,151,186,47,94,131,180,245,136,40,20,158,178,214,128,162,221,228,13,76,137,193,188,48,27,44,62,47,66,64,165,50,167,8,142,45,243,77,229,91,53,7,195,227,246,68,201,118,119,238,17,133,19,134,190,97,172,115,99,237,46,242,238,32,127
191,200,218,186,217,239,217,146,171,39,80,17,143,168,9,24,244,23,145,3,30,63,9,58,190,212,244,66,208,149,138,44,176,53,16,107,55,157,41,246,17,85,146,139,45,221,223,194,154,241,146,57,203,138,79,92,195,28,158,174,118,221,42,85,54,201,119,159,243,66,173,144,41,35,221,228,64,195,47,145,208,35,66,119,7,55,203,27,90,107,107,244,117,28,225,146,111,191,75,20,48,89,86,211,230,31,126,172,254,146,33,35,187,190,21,72,250,57,137,148,167,129,165,81,97,151,193,158,127
47,245,41,170,94,235,46,28,245,150,228,23,50,8,18,83,48,98,240,186,241,111,40,38,56,48,64,119,93,224,7,140,100,16,223,109,186,136,172,200,207,236,10,6,99,124,52,106,111,223,250,133,20,241,113,178,114,177,222,212,207,213,156,117,161,211,241,69,228,27,37,238,229,54,218,224,52,232,18,213,226,175,59,153,63,183,201,186,176,108,243,184,130,200,41,228,140,157,165,147,126,247,154,88,50,180,28,93,211,169,49,157,200,155,147,188,73,113,29,7,155,63,22,134,82,71,250,231,127
82,146,197,119,3,121,66,146,59,124,228,147,197,50,240,90,112,47,73,59,181,246,106,202,96,188,45,245,57,107,212,52,29,234,45,130,250,43,44,181,138,44,78,94,158,184,148,114,154,21,134,120,138,190,228,134,23,195,112,239,244,170,44,75,106,234,52,159,233,5,42,1,65,19,108,59,52,128,100,118,124,136,0,104,187,185,107,217,82,20,99,234,99,99,176,240,31,199,103,118,169,81,188,123,4,125,181,167,192,121,9,215,131,154,100,241,13,246,114,30,191,103,161,192,108,180,192,77,127
33,226,136,115,77,19,144,227,98,211,85,88,101,37,221,249,29,204,166,183,4,68,67,73,67,151,98,198,43,28,32,188,188,167,64,49,4,60,206,174,138,166,208,28,102,62,178,222,207,121,153,216,195,221,141,97,157,167,252,127,3,121,167,69,50,100,232,33,20,204,211,249,31,180,8,207,30,105,129,90,252,154,103,252,180,75,198,79,188,46,199,148,247,12,178,68,39,149,205,150,239,91,160,254,103,204,91,122,149,228,37,28,9,243,113,218,227,199,158,77,166,185,46,118,230,145,107,44,127
54,226,187,63,79,238,152,253,31,171,10,164,188,100,230,69,43,230,3,124,173,79,230,132,124,25,119,166,158,73,235,100,154,119,29,169,201,172,14,185,136,131,18,180,134,104,193,6,105,3,176,224,190,197,111,195,209,76,54,82,223,148,170,157,247,137,61,233,170,201,74,222,250,150,109,143,246,166,42,65,75,246,207,1,57,197,4,181,26,246,232,39,204,170,41,192,175,141,63,71,128,12,70,142,166,226,188,242,229,47,221,240,242,74,193,6,195,85,129,9,238,120,56,226,94,104,140,238,127
93,36,102,14,106,84,202,163,93,95,34,236,106,154,20,168,12,183,204,89,121,112,22,210,64,168,71,111,36,158,161,76,103,62,218,105,101,184,16,183,132,79,228,14,231,121,9,99,247,81,25,58,25,89,153,250,62,226,178,170,134,0,24,22,95,16,13,8,219,27,43,87,41,219,110,175,123,183,95,66,73,169,84,27,215,190,164,229,179,25,71,212,238,75,232,105,247,210,36,114,77,157,159,199,135,155,9,48,91,93,131,200,99,203,77,209,52,80,178,158,16,133,91,111,70,238,101,144,127
26,209,106,225,184,110,112,54,22,149,41,213,147,87,110,89,128,202,62,59,85,101,252,177,83,168,89,11,98,107,229,142,161,100,81,98,140,65,212,220,159,36,110,81,42,173,108,49,125,45,28,176,204,181,140,210,120,75,152,152,76,179,41,2,202,66,251,38,80,84,4,98,55,137,58,34,102,194,58,160,33,151,44,140,238,212,12,189,32,157,7,193,146,127,135,158,62,9,249,114,37,212,62,175,117,124,147,71,195,112,234,55,59,4,239,202,232,198,11,129,212,76,232,239,92,212,69,150,127
159,193,65,219,45,166,166,74,51,4,230,16,220,213,5,244,28,238,108,119,18,243,217,252,134,233,97,44,42,62,35,150,122,228,167,42,150,177,36,188,89,209,54,180,47,47,4,247,191,104,216,176,168,102,41,9,69,169,241,109,107,242,120,52,37,187,233,146,45,108,117,236,38,96,63,93,186,47,26,184,19,229,48,149,117,138,42,132,134,34,74,170,105,209,187,32,211,65,2,99,192,242,52,110,145,135,232,130,59,26,79,204,43,131,139,33,68,56,204,32,225,13,77,235,75,98,80,189,127
130,89,97,151,219,40,71,144,74,58,13,163,61,151,112,231,154,40,98,27,40,155,122,94,108,209,128,30,96,10,130,77,254,25,202,211,50,206,244,166,188,94,71,38,172,106,117,105,149,159,225,83,245,87,222,165,179,204,167,235,75,180,120,157,137,148,9,209,151,177,134,23,113,146,171,13,148,156,166,73,210,251,253,56,63,207,161,195,11,71,36,58,229,68,99,114,8,89,29,13,94,137,15,183,187,194,28,31,211,216,41,33,56,176,127,86,10,19,204,190,105,55,75,240,12,143,62,2,127
112,196,37,251,57,74,129,118,81,93,166,64,58,199,8,37,214,67,18,231,174,174,194,146,127,94,211,239,177,229,233,217,47,13,183,100,206,96,116,110,132,174,56,114,159,217,157,114,165,218,171,230,227,71,190,111,147,238,231,216,225,4,77,4,242,92,254,66,183,188,202,147,5,116,221,7,85,230,1,210,134,170,191,49,47,105,15,93,174,146,102,86,170,235,14,145,95,129,222,157,49,137,137,226,166,246,112,38,42,142,235,108,94,12,126,218,80,210,46,170,34,141,70,95,163,28,110,179,127
229,53,164,199,114,11,44,137,142,198,82,231,129,149,16,24,64,143,124,169,225,59,92,83,118,242,155,219,136,31,235,200,86,89,119,235,121,70,241,187,80,170,75,161,179,195,54,114,121,50,59,35,136,210,193,187,236,140,212,97,36,194,30,36,88,144,42,145,54,177,182,215,98,163,58,125,12,195,52,210,185,250,46,143,81,111,152,187,224,167,29,97,31,200,32,57,3,135,89,142,110,202,168,3,187,240,140,20,3,3,147,106,187,192,84,185,240,31,228,209,145,196,45,46,7,96,172,216,127
118,64,254,107,49,123,77,11,148,10,49,239,232,243,130,176,241,135,88,32,69,24,0,96,16,114,180,29,139,2,189,233,72,124,7,202,72,237,43,250,83,94,185,96,98,0,116,70,168,175,132,132,198,159,142,127,241,248,173,12,241,187,189,140,8,237,185,230,179,90,232,85,27,238,9,233,110,209,198,239,232,189,103,37,61,221,208,237,244,5,183,169,157,247,10,47,248,38,220,82,137,197,244,166,77,97,240,125,39,238,180,128,81,241,10,115,52,27,138,139,93,159,5,68,200,78,120,129,127
142,215,87,138,212,85,54,25,8,3,178,183,170,154,34,252,60,183,99,150,14,24,92,188,157,233,106,71,193,54,66,21,62,198,188,63,186,163,64,93,236,171,149,121,240,67,60,163,15,205,238,202,190,113,170,201,104,221,250,238,77,61,143,83,35,50,120,234,195,29,121,163,41,96,227,102,191,162,192,213,132,64,128,83,177,32,181,68,226,65,116,12,195,154,195,218,93,99,109,215,153,99,192,9,139,252,11,42,185,94,184,249,195,137,53,239,127,4,198,106,101,173,174,10,200,117,220,241,127
125,220,58,163,19,61,34,116,8,32,36,124,4,32,1,165,121,112,13,160,200,134,87,120,35,196,45,147,78,249,236,9,28,209,50,172,204,139,192,101,29,163,59,8,232,26,79,162,26,45,43,165,24,209,86,171,243,145,253,206,93,35,108,223,225,231,240,48,23,130,79,163,93,160,209,136,209,54,138,111,214,29,170,221,74,181,243,135,141,169,62,52,121,62,131,185,118,187,220,169,202,186,7,154,77,101,109,117,182,151,246,95,171,3,44,219,128,235,138,193,151,14,95,238,232,182,47,215,127
109,194,166,186,218,59,179,49,45,127,235,194,60,225,60,168,88,254,197,103,9,198,8,48,113,105,105,88,122,196,49,138,111,235,161,227,23,227,63,231,120,239,87,161,37,226,96,238,221,217,103,116,236,238,179,209,200,56,2,67,48,211,186,42,205,219,100,166,122,236,90,0,112,190,189,234,124,176,215,217,202,67,168,148,46,190,138,66,2,208,193,83,93,172,204,5,71,29,43,178,87,70,189,40,249,244,130,198,155,28,80,190,202,115,161,172,147,24,12,138,221,212,191,39,196,221,170,221,127
67,234,182,74,54,126,230,154,79,227,82,115,232,192,72,233,163,246,23,206,162,89,238,50,155,149,34,132,207,90,108,0,59,228,61,205,37,56,67,200,74,251,10,151,88,250,214,17,164,208,88,179,237,238,141,205,15,179,53,17,250,193,98,232,214,213,237,216,170,57,72,37,241,246,25,88,214,178,28,228,211,151,72,40,175,225,141,186,201,241,39,254,179,165,3,88,253,6,100,77,234,170,90,114,40,242,211,47,24,181,97,100,247,186,145,138,187,252,2,169,189,55,223,3,146,147,12,123,127
168,242,25,104,219,209,42,215,229,52,94,166,250,35,170,192,224,147,242,73,142,232,8,42,31,105,190,89,142,125,180,252,79,191,162,57,102,209,194,176,237,253,14,146,85,116,77,228,129,125,195,103,197,240,44,72,179,85,62,88,155,56,1,99,42,21,214,224,220,229,224,7,1,225,221,223,68,83,16,137,164,109,193,111,92,132,179,244,189,10,6,140,143,229,123,151,51,157,66,193,155,61,131,217,179,72,86,135,196,111,118,101,219,46,24,55,192,224,64,153,168,174,187,244,147,126,171,154,127
36,224,125,200,100,48,130,150,131,69,141,102,8,103,78,226,56,138,103,187,175,8,212,95,60,171,172,176,145,60,168,161,161,158,144,171,214,251,130,117,81,190,210,49,69,33,101,221,196,199,116,135,22,168,21,156,236,117,11,85,105,75,65,117,1,192,221,189,243,190,19,240,35,80,163,160,102,23,43,199,102,169,111,99,27,6,17,168,112,4,100,206,155,148,129,207,121,34,82,65,201,147,55,215,145,57,55,97,75,118,227,115,48,82,207,249,4,164,159,110,95,81,90,87,41,147,106,101,127
200,183,28,186,245,196,130,161,223,246,110,111,177,242,39,172,127,16,55,17,232,35,230,232,104,3,79,54,82,179,147,220,96,77,133,176,127,76,215,174,50,204,224,197,229,138,230,142,154,95,67,81,5,181,107,53,37,57,192,183,39,125,115,18,25,226,180,38,162,250,2,94,91,175,71,207,232,196,253,9,219,107,79,253,62,170,46,96,33,105,169,137,89,162,44,3,237,186,37,12,89,17,222,5,246,239,219,152,237,146,210,48,155,93,89,6,62,139,17,163,74,26,160,76,111,27,120,173,127
147,231,171,199,236,235,22,202,30,31,195,253,119,100,247,228,187,89,180,154,45,179,78,239,134,201,154,68,209,229,228,181,166,30,24,208,127,214,156,52,139,95,67,77,221,64,182,81,114,18,105,191,231,183,50,3,186,173,205,66,173,69,86,197,51,184,161,125,6,240,72,38,131,64,85,77,8,19,4,242,194,181,163,160,191,60,194,76,2,63,204,51,26,57,200,161,20,113,245,19,137,219,252,241,5,84,238,4,83,9,104,170,77,48,175,52,11,66,191,20,61,201,236,83,75,73,143,251,127
206,200,54,27,70,50,194,198,152,101,171,172,57,125,203,193,188,181,26,202,1,43,60,148,187,217,165,88,123,199,60,65,188,175,64,233,193,145,65,250,14,175,91,190,117,46,124,170,248,21,216,64,93,46,229,156,193,119,4,118,115,193,124,63,84,125,187,52,231,115,100,151,201,135,96,5,52,241,27,39,5,144,225,194,144,165,204,144,72,147,197,116,77,159,41,160,168,152,196,236,4,173,146,22,49,191,252,37,18,199,86,58,210,197,96,59,232,77,253,75,94,30,30,122,128,238,20,151,127
97,240,8,112,67,83,31,17,52,99,29,121,77,60,238,52,100,195,209,122,246,38,58,145,221,115,160,116,158,178,183,102,179,77,155,104,36,226,124,169,161,24,12,176,128,43,205,19,20,214,42,87,52,89,211,166,137,196,245,238,81,204,7,180,20,164,250,80,94,72,115,238,153,175,177,227,41,252,107,171,172,39,208,120,57,102,171,136,200,115,97,129,144,71,186,29,53,228,31,65,236,254,218,184,176,102,65,239,142,230,214,226,141,179,229,38,148,68,42,44,137,230,156,246,206,55,80,124,127
229,78,148,156,124,240,111,171,120,249,64,199,166,30,34,204,123,25,25,74,4,134,160,169,160,33,6,136,52,187,254,90,62,114,61,182,34,4,0,149,82,254,213,225,244,199,27,18,50,222,35,230,49,155,251,123,170,162,239,145,132,50,86,252,233,71,28,151,181,191,132,219,177,223,17,92,74,114,234,195,192,173,206,92,229,189,189,59,162,141,238,105,17,182,142,27,178,218,16,1,101,83,210,194,69,13,41,98,158,44,215,100,18,79,83,31,166,83,222,176,10,21,53,83,147,236,119,16,127
160,4,6,182,228,192,15,241,111,33,47,240,36,62,173,173,53,194,188,103,175,119,229,98,178,93,183,121,253,9,232,13,139,46,233,140,52,187,59,6,201,13,141,112,104,134,48,214,75,176,206,239,39,100,240,190,148,51,142,226,50,188,25,115,228,113,23,2,246,160,181,218,17,232,217,242,36,215,42,101,162,166,60,175,74,182,78,108,183,37,22,20,211,92,198,251,219,53,39,175,47,52,21,80,5,20,115,79,218,112,125,113,166,124,238,226,238,108,85,141,168,49,166,175,54,28,94,25,127
74,156,152,33,191,174,43,240,137,70,19,188,80,149,187,96,122,49,18,121,188,159,57,208,160,156,111,6,156,214,35,106,224,149,192,25,62,201,18,191,126,192,123,85,139,180,179,33,43,188,110,142,104,237,91,192,95,164,144,230,183,192,123,114,36,89,100,176,26,209,11,65,93,204,93,56,232,156,229,212,24,142,209,133,26,154,96,211,88,6,123,21,230,216,219,243,59,78,40,194,217,224,15,200,13,117,65,23,175,191,138,197,28,171,54,33,104,195,20,11,208,44,153,121,114,171,217,57,127
42,157,11,95,234,124,90,199,28,48,124,16,80,170,239,231,20,5,52,141,47,224,18,161,139,142,36,90,234,208,15,174,205,27,196,254,79,211,212,165,13,126,19,249,31,0,203,249,11,35,151,150,92,62,121,138,102,19,221,196,189,163,180,191,142,151,200,161,14,141,120,140,90,200,159,81,236,22,220,35,183,60,142,104,119,27,150,39,143,229,40,41,196,204,210,43,229,23,127,134,103,4,195,61,25,173,230,161,33,113,241,146,230,170,84,104,3,234,167,149,85,179,87,227,25,111,123,88,127
39,143,162,242,51,108,233,211,238,242,50,56,134,228,120,95,144,216,176,214,179,109,88,220,99,121,109,182,164,115,145,83,68,115,159,165,98,191,26,147,145,121,70,253,115,110,183,102,58,108,111,184,27,4,105,154,179,100,167,171,61,168,91,215,208,220,168,159,226,131,4,51,82,110,176,223,183,127,251,226,91,70,172,194,135,185,148,91,122,86,221,13,63,207,62,250,82,207,201,150,212,113,124,193,49,179,104,197,18,131,191,222,185,157,119,117,187,50,46,197,228,66,242,149,103,35,118,91,127
166,23,42,17,138,186,9,64,57,145,124,208,72,82,22,178,179,233,85,249,209,140,202,58,47,218,230,180,237,7,214,178,70,117,228,63,124,215,93,200,137,18,153,246,25,232,244,234,85,188,69,143,209,130,238,170,85,122,247,73,83,211,41,205,87,58,223,183,31,233,124,86,164,191,99,171,122,95,192,56,119,58,23,67,149,235,32,25,217,229,12,111,28,241,58,104,58,88,128,226,185,230,110,94,80,159,156,65,21,223,207,116,10,178,177,73,157,245,99,138,131,174,182,219,215,192,128,95,127
183,239,2,178,212,9,73,58,77,247,39,167,225,151,236,156,104,127,186,133,235,175,13,188,63,73,220,67,63,249,223,97,247,199,119,94,212,245,151,47,81,33,41,21,35,157,49,201,77,180,163,3,22,153,249,184,20,203,111,232,101,100,112,240,222,4,146,135,189,20,199,11,146,100,181,201,86,51,8,216,58,169,83,128,235,211,47,172,13,246,128,41,136,142,224,193,46,79,164,4,82,246,20,232,143,39,31,12,188,82,116,35,8,107,245,147,52,145,11,126,91,43,182,176,174,250,77,165,127
75,84,223,254,39,136,8,49,9,181,211,57,137,81,106,180,60,65,135,188,52,28,197,31,166,47,159,230,175,182,49,137,17,244,64,184,109,107,21,157,182,236,166,182,253,219,228,20,153,15,144,146,154,128,106,74,26,104,58,76,238,187,104,246,47,40,110,142,97,223,45,57,15,129,84,151,52,55,250,165,41,65,97,163,171,116,83,124,101,5,200,207,236,67,28,162,75,193,242,175,101,95,245,110,148,223,164,212,70,212,25,209,189,149,208,18,163,8,198,61,87,48,206,12,48,166,90,239,127
120,39,137,240,132,63,52,25,1,155,114,214,217,116,150,27,139,207,77,204,87,188,187,64,241,239,98,40,215,127,165,41,101,92,247,214,196,129,97,41,235,129,191,110,122,16,64,167,191,147,127,124,55,89,79,99,3,185,236,210,49,224,79,205,85,145,99,76,76,230,47,72,124,216,187,243,100,209,149,206,185,63,82,131,143,139,180,133,54,92,180,60,195,19,83,128,206,33,44,134,71,53,146,135,210,72,177,143,230,55,25,150,5,70,65,235,121,157,200,247,108,232,28,161,64,210,53,221,127
156,71,228,96,163,1,225,252,101,154,194,7,230,135,96,178,15,151,217,14,218,218,220,175,7,55,74,80,143,176,231,133,12,12,153,200,219,141,228,227,158,188,27,35,227,98,132,160,229,16,214,186,27,71,16,200,204,168,2,48,199,237,82,16,65,147,13,44,181,207,250,30,201,64,138,124,179,212,133,189,102,193,151,210,224,174,118,72,92,248,37,195,165,155,231,178,42,142,247,15,163,148,120,55,104,56,200,119,142,236,57,218,242,36,25,62,214,154,140,102,40,183,156,17,228,54,188,162,127
148,161,223,34,36,246,166,123,70,164,110,9,62,97,47,143,215,251,83,95,28,95,164,184,125,110,36,124,6,147,137,218,94,42,126,251,1,79,151,210,126,250,213,136,27,131,30,184,7,253,200,156,176,0,250,198,85,133,151,146,55,114,220,40,92,134,238,119,109,218,96,192,47,16,251,95,23,232,251,44,126,70,88,91,100,88,62,52,183,166,142,40,177,141,86,80,15,165,95,147,145,117,125,160,115,174,9,229,96,126,136,157,27,33,3,158,181,165,219,97,237,238,224,90,52,200,97,139,127
141,184,50,150,14,46,73,1,90,207,241,43,204,74,87,93,152,127,250,109,252,252,91,20,8,42,83,26,144,213,36,62,145,218,233,175,39,172,192,71,100,160,115,119,101,199,238,149,162,187,202,244,222,130,229,27,103,218,51,70,23,234,154,10,100,59,143,136,178,53,162,147,187,63,246,117,70,121,180,69,130,250,109,62,226,100,143,185,240,178,57,141,26,20,243,164,166,171,57,173,212,16,28,100,56,116,206,110,111,186,246,59,100,83,152,73,6,210,88,180,130,55,199,197,236,206,26,110,127
100,97,160,168,35,220,249,60,148,117,67,12,65,72,178,122,103,165,149,240,172,146,208,58,64,233,166,249,241,232,187,127,204,61,54,87,198,135,91,98,124,141,127,206,224,66,241,252,206,240,59,101,13,126,170,127,109,162,246,151,167,85,120,132,218,185,140,125,79,8,236,130,248,59,146,51,102,107,214,157,237,131,186,98,2,12,15,178,51,198,22,27,50,57,244,115,145,4,221,102,229,226,94,56,159,226,35,52,204,41,200,194,8,70,68,54,144,152,76,230,36,126,241,246,47,48,58,161,127
76,154,204,231,135,19,212,28,58,158,59,15,167,138,161,165,195,156,227,71,139,30,69,14,106,3,103,109,250,181,203,131,182,66,18,104,127,79,137,190,109,17,206,236,44,142,13,217,85,40,158,191,45,214,93,220,68,163,142,194,242,85,236,42,77,75,91,220,92,61,193,37,223,19,239,183,67,1,115,186,27,96,63,120,52,51,242,242,231,99,176,124,188,247,33,24,31,10,91,165,100,186,61,168,85,179,115,78,46,15,220,127,154,88,219,196,11,24,173,207,149,144,137,47,185,98,181,11,127
84,34,111,5,89,198,212,53,61,35,36,97,49,195,235,44,244,208,251,112,208,192,208,169,187,127,31,156,42,160,39,44,156,55,187,116,139,205,110,83,83,72,248,247,25,225,142,233,129,67,105,234,35,102,227,193,241,17,211,103,106,121,14,239,166,146,135,195,105,225,8,152,169,121,34,52,110,132,86,28,132,160,20,209,132,32,48,29,73,163,19,187,110,234,38,84,134,174,93,22,15,189,225,247,246,173,28,156,102,25,62,209,176,152,180,108,54,199,149,200,174,246,158,7,131,36,68,119,127
115,7,119,149,252,22,97,19,236,131,161,193,134,188,54,35,58,88,88,196,240,148,240,7,199,39,178,107,188,178,42,137,15,234,115,139,59,126,42,74,31,192,217,94,47,231,243,218,183,78,253,247,182,3,224,196,13,196,117,37,218,165,233,241,29,17,239,88,59,40,123,58,189,37,207,143,251,78,155,0,207,176,115,75,188,232,202,189,233,90,246,25,1,150,196,159,168,174,94,57,137,37,17,128,152,165,34,70,114,33,67,187,222,62,64,230,114,152,127,234,60,28,176,134,178,8,4,49,127
188,116,181,226,67,111,234,50,118,68,8,227,25,220,234,48,88,181,4,135,161,213,188,54,99,60,193,201,5,189,119,28,152,35,246,168,133,67,127,29,104,74,226,55,244,60,165,244,156,188,118,202,86,68,176,190,119,192,228,72,34,174,123,97,182,14,223,30,196,173,90,240,25,41,253,151,107,126,25,245,38,128,222,77,106,99,35,145,214,138,174,84,140,93,58,9,98,143,149,135,98,129,113,213,159,136,85,114,186,4,54,19,226,149,36,197,152,112,75,109,245,89,72,58,127,192,91,136,127
88,130,100,47,28,52,7,95,228,143,212,101,89,70,15,119,139,51,102,23,252,187,249,251,2,58,40,64,131,109,191,6,217,229,119,108,35,78,241,74,157,167,46,125,51,180,236,18,217,26,81,11,74,79,246,31,198,175,81,136,129,246,16,208,90,146,200,169,167,126,99,169,100,205,166,221,217,186,39,206,73,207,86,128,81,178,178,34,144,61,66,137,132,178,35,75,236,53,171,248,212,7,186,165,194,105,72,144,71,29,75,48,234,111,14,57,198,222,34,166,223,40,127,142,84,178,83,200,127
170,69,202,211,4,78,212,241,181,6,128,43,239,101,122,191,97,22,153,112,209,147,189,6,192,131,201,212,120,168,73,105,162,236,241,180,225,131,163,144,166,48,213,139,57,246,138,170,107,24,93,75,189,123,236,31,99,88,194,55,237,165,208,24,87,214,143,5,214,171,53,5,246,130,168,151,94,29,109,185,43,131,245,84,146,226,55,53,227,139,126,231,9,76,83,219,110,81,74,108,238,236,3,195,2,67,161,3,245,143,210,195,132,251,182,166,213,211,163,212,96,24,142,81,230,29,186,4,127
4,7,206,214,24,115,119,64,108,201,59,133,86,20,175,124,253,145,214,64,219,232,214,208,214,172,19,171,247,154,208,232,170,69,179,105,49,47,51,253,81,155,162,176,24,150,40,27,76,6,178,107,235,4,161,101,43,13,249,151,31,132,145,187,2,202,51,9,88,196,215,115,34,122,52,189,207,104,21,135,206,232,251,37,150,112,109,83,226,176,204,59,95,170,198,90,151,172,166,229,79,233,54,190,24,162,95,120,180,254,98,213,159,97,91,50,137,99,213,36,251,232,1,226,190,100,169,92,127
27,102,52,114,211,247,219,25,195,75,181,104,213,221,133,2,132,184,159,22,108,60,12,232,253,241,158,153,51,153,242,139,72,237,173,3,122,26,164,55,9,85,223,229,98,37,36,105,98,23,232,232,196,192,21,145,161,128,4,136,123,177,248,176,85,176,161,153,126,211,81,37,87,18,132,155,21,129,179,54,180,146,200,154,28,234,39,44,243,40,14,81,108,99,49,149,83,248,114,198,197,140,75,74,28,149,96,80,99,43,179,139,133,36,166,165,144,165,57,198,185,96,24,18,249,120,40,129,127
108,132,142,46,201,66,150,244,124,198,65,44,195,107,208,59,129,226,169,59,154,231,107,185,202,16,126,199,235,70,115,144,13,146,179,116,18,7,47,176,210,79,28,94,170,242,124,211,71,52,125,104,28,46,233,15,38,199,48,184,119,172,253,237,200,63,241,52,155,157,186,244,77,214,105,173,202,245,125,70,5,139,116,60,53,218,89,43,92,221,124,11,93,228,83,43,209,24,39,140,248,92,12,20,224,240,134,212,180,123,127,30,186,201,109,172,109,39,18,195,206,136,239,62,208,61,160,118,127
45,102,222,104,221,66,127,105,233,80,189,189,207,100,105,132,174,152,152,74,75,138,159,150,12,189,102,173,73,20,95,26,21,230,239,6,230,28,56,156,236,58,128,171,239,61,151,16,212,33,246,29,121,60,16,147,179,162,210,13,136,216,122,166,147,148,191,44,91,81,234,55,29,199,249,70,113,16,111,187,78,6,245,212,196,170,87,43,93,133,93,246,148,164,183,184,118,77,126,8,129,147,157,161,123,143,49,70,19,74,89,198,68,230,99,55,41,202,76,123,152,78,112,149,28,211,213,237,127
155,125,151,131,14,146,194,196,253,140,143,92,188,226,98,188,164,62,254,23,141,190,248,251,210,89,121,193,93,79,253,78,214,42,90,154,6,182,18,179,78,39,103,246,123,176,105,39,9,175,123,82,210,109,170,19,148,61,81,51,84,33,47,127,65,98,104,38,229,83,195,30,253,21,108,157,117,229,5,92,159,198,84,240,50,8,185,212,127,87,228,15,114,77,24,56,142,118,213,249,43,230,160,157,56,187,179,251,66,136,117,69,145,159,162,28,232,163,146,219,218,126,179,98,248,218,64,227,127
143,230,136,145,9,108,60,104,60,129,151,51,14,195,18,134,92,190,64,150,240,80,2,246,192,191,88,249,236,89,185,34,33,138,176,148,124,22,81,120,122,202,169,237,3,176,12,150,147,145,220,163,196,117,12,178,227,230,238,88,176,67,248,102,138,2,25,157,44,109,213,238,113,51,213,222,122,228,46,246,206,188,44,118,188,190,104,70,11,0,37,241,77,57,52,113,188,131,42,97,188,19,29,74,209,176,165,190,86,78,130,136,56,84,222,37,184,160,192,145,14,67,205,66,153,120,233,126,127
229,155,90,202,96,243,93,94,97,233,138,143,9,182,114,96,21,170,19,135,146,193,188,26,48,230,209,224,62,177,121,43,27,118,162,131,50,189,156,216,88,25,245,58,22,212,210,136,147,38,241,47,145,37,196,238,207,169,244,212,31,191,25,194,172,47,84,110,179,8,123,140,197,152,143,208,49,186,128,145,240,190,176,22,243,237,109,138,37,241,64,46,114,159,171,204,126,181,243,17,214,222,114,172,169,143,201,62,84,151,108,242,109,132,50,50,223,11,15,61,243,211,106,137,160,244,199,163,127
73,247,102,141,203,72,149,98,17,176,64,38,96,150,80,2,228,217,249,85,10,1,124,30,58,241,186,119,19,157,81,186,37,204,139,191,206,83,168,74,223,141,133,211,121,187,242,74,62,231,109,202,224,207,5,9,206,148,132,42,56,141,182,139,25,250,236,207,39,248,173,63,102,27,24,18,67,170,15,195,202,150,231,247,26,52,34,107,21,35,73,154,141,22,215,38,123,163,219,36,202,81,210,160,116,160,19,153,198,224,127,51,207,13,238,105,193,251,60,98,101,171,15,189,183,140,101,195,127
134,139,4,70,5,92,22,111,132,85,7,228,4,103,226,89,197,135,92,47,126,114,41,222,57,201,168,157,46,201,209,169,160,250,213,28,100,73,3,147,196,117,211,97,1,78,158,53,233,195,116,12,152,56,242,246,241,109,186,83,109,194,163,213,146,249,186,111,175,232,162,66,143,100,220,29,33,188,130,91,80,61,6,31,82,163,191,126,5,48,34,15,10,48,192,9,24,72,209,2,76,155,50,108,174,51,105,233,24,46,161,195,105,58,55,165,25,181,133,192,97,99,40,197,226,211,87,241,127
156,103,156,152,244,248,233,162,13,231,76,17,10,253,101,176,117,175,131,10,208,15,244,169,56,156,0,145,36,149,55,120,37,74,71,43,217,58,30,64,114,164,225,203,237,26,30,218,236,200,21,238,201,90,110,123,51,41,139,37,97,215,63,10,183,29,124,228,53,165,164,93,9,76,26,123,233,213,57,243,139,165,191,68,236,24,9,42,197,90,144,79,2,232,29,25,168,197,131,108,172,143,47,142,128,96,157,31,192,15,75,215,111,32,217,50,145,75,30,207,62,151,239,158,101,167,84,138,127
61,1,146,127,146,103,201,108,142,27,233,136,156,185,97,83,62,202,75,225,27,240,230,60,220,9,249,223,131,2,110,192,140,157,189,7,250,180,173,130,8,69,102,80,138,174,232,176,83,91,79,101,20,22,10,29,17,172,245,134,89,191,27,65,128,28,135,17,145,148,29,44,37,89,8,90,226,253,23,8,246,165,142,0,181,22,88,134,193,108,188,23,65,99,147,9,186,150,76,233,104,106,22,234,198,202,107,23,115,82,194,245,116,62,134,196,137,197,227,105,66,127,82,122,200,188,41,227,127
167,93,225,50,4,197,108,239,48,122,25,116,32,160,198,158,104,50,96,140,16,161,203,75,60,84,207,71,28,138,159,144,98,38,227,149,132,31,86,245,117,103,126,109,79,251,187,163,145,247,143,25,76,81,182,127,20,72,10,212,118,41,207,87,162,133,67,89,17,41,99,60,146,183,34,202,230,65,178,197,89,236,120,160,97,32,150,143,77,254,238,177,15,149,101,110,80,50,142,170,60,83,122,206,90,160,106,182,170,12,239,66,209,136,82,172,67,123,67,119,90,43,18,4,238,142,162,250,127
18,243,238,187,62,28,148,201,202,64,71,37,147,90,11,192,93,165,89,213,181,80,58,26,119,15,70,216,153,147,54,224,197,203,214,27,232,77,31,196,134,111,146,206,127,226,35,164,239,173,204,32,160,14,101,225,246,204,137,62,175,56,216,128,101,244,54,236,166,251,126,84,208,153,183,118,109,137,45,244,215,18,244,26,136,142,189,161,142,45,8,121,192,19,154,57,114,146,35,160,156,195,181,176,7,237,166,99,2,106,116,67,51,203,26,67,37,53,78,209,179,252,103,236,99,2,227,30,127
209,165,132,176,47,103,8,225,55,81,225,122,228,97,97,32,70,71,26,59,95,80,126,159,130,38,122,148,116,89,130,6,6,174,98,93,110,92,14,61,61,250,64,252,32,195,14,193,12,163,65,213,163,122,102,33,19,67,184,213,60,97,253,29,19,230,90,140,200,235,4,192,5,167,71,84,11,225,207,95,218,144,194,114,91,210,233,230,21,158,62,59,170,108,90,40,226,49,205,123,123,244,47,198,165,92,235,14,31,46,112,148,150,209,232,87,41,59,153,15,62,242,64,215,44,168,11,16,127
89,105,193,43,118,118,105,40,246,198,41,242,78,187,239,47,81,247,6,222,167,18,118,129,18,139,61,219,124,60,91,234,169,89,2,211,186,43,137,82,12,53,45,194,203,85,200,251,73,52,93,55,91,70,227,105,196,88,33,204,77,192,144,184,93,145,89,63,114,208,35,201,61,93,67,111,63,51,47,67,251,149,200,75,164,172,157,37,216,8,77,20,134,196,73,156,4,7,112,77,235,57,39,204,67,42,168,137,226,66,253,239,151,40,92,127,252,127,225,137,76,5,23,221,162,130,14,182,127
29,128,27,235,7,173,61,137,243,219,183,148,92,130,99,231,152,99,134,28,13,195,123,81,61,8,216,11,176,212,78,60,106,202,158,108,229,14,114,235,4,245,39,29,24,251,245,105,181,70,198,180,226,219,42,155,125,243,161,72,79,189,142,63,147,30,142,201,225,209,168,98,158,152,113,243,180,109,15,139,196,90,237,75,212,112,119,96,124,47,74,134,81,117,238,12,0,25,162,128,74,129,87,5,96,17,206,35,185,81,85,233,112,22,61,140,25,146,210,101,51,36,207,25,67,158,105,162,127
15,52,176,182,63,235,112,155,161,180,71,92,161,102,156,99,52,185,131,172,212,234,114,103,10,138,128,19,183,227,47,132,47,75,155,144,207,50,144,54,14,81,73,186,29,235,193,27,216,40,9,229,105,62,157,104,239,232,167,206,137,68,83,229,21,152,163,223,157,180,82,57,169,233,252,89,243,0,117,189,211,168,232,194,90,103,101,33,116,239,130,51,127,129,248,38,250,128,165,135,81,105,69,43,242,199,42,62,223,125,88,45,250,89,27,245,48,195,93,119,43,133,159,125,120,17,213,44,127
60,179,29,138,16,123,223,200,145,57,204,250,114,27,144,228,224,147,208,136,12,119,225,141,193,30,182,103,253,66,176,150,51,159,110,126,107,4,125,87,45,85,39,229,36,100,57,48,190,93,163,207,105,171,189,92,149,61,160,27,0,106,47,89,233,60,117,102,180,56,53,33,192,17,93,196,55,204,182,224,197,93,235,237,245,139,128,218,233,185,162,25,242,165,123,181,125,239,23,241,89,68,24,182,12,125,170,170,7,243,74,117,104,212,78,230,217,143,11,195,182,49,9,173,89,109,23,222,127
50,69,124,100,192,176,19,176,228,53,133,203,246,81,32,132,187,147,82,143,244,21,253,218,236,95,13,103,163,207,76,81,49,78,63,227,8,195,16,63,53,165,20,65,242,212,172,169,185,236,156,155,235,243,110,178,250,148,80,118,147,169,55,39,118,70,68,61,178,217,129,101,135,231,57,169,15,128,136,65,147,73,102,106,66,171,170,251,209,150,57,77,24,203,218,193,160,127,169,93,114,225,147,87,227,222,194,201,72,4,21,149,112,239,168,147,126,213,205,177,27,119,75,0,96,162,78,61,127
158,111,50,100,73,70,125,237,19,92,176,63,191,211,174,129,148,154,125,68,102,253,18,177,32,191,124,29,25,28,109,18,138,160,251,26,83,58,252,153,35,204,181,249,237,176,204,232,201,7,162,183,223,119,204,138,219,62,199,163,96,109,168,207,199,0,84,4,157,237,243,196,155,132,105,105,188,189,174,193,36,174,85,209,228,153,58,248,126,113,28,83,29,207,20,100,222,120,208,206,52,63,145,200,121,246,115,50,252,131,215,245,52,9,166,115,166,89,2,247,193,78,222,99,59,41,5,60,127
239,13,252,200,99,51,161,172,52,59,141,224,212,121,88,102,136,125,83,130,202,129,111,42,10,198,213,103,50,68,152,4,174,152,199,16,74,6,75,130,135,38,186,50,80,133,185,12,146,21,159,12,76,253,131,12,127,47,37,166,251,88,0,225,2,165,136,61,15,128,56,252,157,92,230,5,138,227,23,84,126,213,238,48,247,143,91,83,72,58,224,185,222,232,169,237,107,5,234,47,139,154,160,118,151,0,163,55,167,144,178,117,91,155,214,209,190,168,82,136,231,161,190,19,193,53,239,217,127
203,99,24,234,70,86,125,69,58,168,218,178,230,148,173,46,220,86,90,226,94,122,200,215,200,89,243,232,38,125,31,26,139,2,133,115,180,167,25,181,154,17,177,92,251,131,70,126,42,47,215,116,237,155,225,94,95,143,1,23,34,82,246,90,34,57,89,121,242,130,233,56,139,13,56,86,197,249,3,96,193,195,232,27,222,101,180,168,126,91,41,133,38,240,91,162,129,223,69,219,161,222,196,56,71,49,39,108,23,191,93,237,237,57,226,168,21,251,225,137,250,196,98,136,154,109,14,56,127
11,252,31,158,245,37,136,132,251,133,68,65,4,70,42,190,189,218,39,234,123,13,84,220,52,158,130,187,17,240,30,74,175,100,128,119,179,157,123,200,248,59,6,242,38,90,211,58,161,205,167,154,83,229,54,219,188,230,228,165,244,248,250,74,168,237,117,45,190,98,116,136,195,231,155,224,123,131,211,128,253,118,123,203,218,174,51,128,132,135,51,231,162,236,144,154,21,9,124,174,122,135,62,54,80,171,29,147,110,179,101,93,147,208,70,21,159,38,242,252,15,218,33,192,8,15,212,129,127
139,63,106,48,123,82,23,98,217,101,177,158,210,20,115,48,116,77,251,181,197,148,75,134,112,29,56,57,94,64,19,163,96,4,84,71,245,61,149,167,52,207,172,201,85,147,67,71,204,14,130,218,132,29,69,208,217,191,43,110,91,27,197,73,244,229,111,198,94,134,109,32,40,252,4,43,239,35,161,98,77,60,64,85,36,167,9,161,174,14,115,45,221,145,170,22,192,93,108,209,36,187,125,28,13,170,94,4,9,205,45,39,154,202,167,127,123,174,245,182,196,108,110,209,242,111,60,77,127
179,240,106,202,94,8,129,90,206,78,167,118,47,229,231,169,45,242,141,207,177,118,137,35,174,34,48,242,1,206,32,179,236,244,7,67,163,79,171,191,39,149,193,237,208,135,17,176,38,74,116,87,34,129,221,121,246,43,82,212,51,10,224,206,176,40,115,206,13,241,53,56,151,93,92,115,87,75,131,220,101,3,207,120,193,217,99,234,94,121,6,11,79,84,180,172,168,247,239,219,141,90,131,82,44,62,75,197,100,17,113,250,201,157,81,18,21,97,220,225,195,31,102,14,58,244,143,200,127
130,225,236,251,148,181,76,171,217,250,167,238,217,194,174,246,132,194,103,109,114,91,61,250,83,48,75,204,249,52,196,45,175,142,139,128,140,23,88,130,134,3,176,29,156,148,217,177,126,57,104,9,30,140,103,192,42,6,239,99,121,222,93,106,195,33,140,156,197,251,145,7,164,120,227,81,124,172,122,152,240,18,151,213,2,63,150,86,60,214,157,57,209,21,201,206,11,205,47,148,211,39,175,236,10,95,232,37,81,60,26,136,112,115,1,207,32,151,118,115,83,92,47,168,245,176,42,250,127
103,7,37,182,250,230,94,26,253,192,116,151,185,234,229,248,139,235,102,116,163,221,30,136,221,116,239,118,13,104,9,4,195,211,91,134,169,79,242,112,219,219,121,49,57,107,231,188,243,154,202,84,239,161,154,253,85,167,100,72,139,135,99,151,125,124,42,200,6,169,140,33,60,233,68,54,145,183,188,123,152,120,155,88,152,186,129,126,187,118,66,220,73,94,183,123,35,101,142,145,130,122,198,162,19,133,232,44,81,160,4,251,11,54,6,247,6,174,50,162,14,200,54,130,44,230,205,14,127
31,18,96,190,154,189,131,95,84,137,201,16,217,214,78,238,105,225,141,2,138,157,185,85,191,55,156,81,69,100,179,31,135,84,174,132,130,226,254,190,71,112,36,207,164,30,193,15,51,15,19,233,24,232,26,152,5,148,235,98,119,102,166,206,138,208,109,18,67,199,239,46,10,84,34,163,151,34,25,35,29,121,48,156,0,39,164,102,151,188,213,60,236,158,141,95,62,27,94,116,47,230,222,231,230,66,107,50,97,141,183,192,28,17,217,12,228,218,179,62,130,218,189,68,64,165,233,236,127
3,34,95,167,71,102,37,67,80,239,21,171,102,188,119,223,42,217,204,25,208,59,152,195,232,90,213,196,83,6,9,18,10,230,105,153,156,191,28,193,38,236,47,105,15,128,105,235,96,140,188,35,64,2,112,91,214,139,221,191,150,222,132,11,235,249,87,143,166,185,208,69,181,52,70,154,222,119,213,4,160,85,126,67,76,79,81,122,26,86,200,211,93,96,184,65,27,73,174,33,224,248,167,87,105,111,184,223,112,214,23,218,31,18,106,176,66,117,5,21,128,49,221,222,165,74,158,136,127
15,128,86,145,100,93,180,133,44,224,93,7,128,187,239,112,190,185,238,135,117,251,30,79,142,53,253,248,179,201,44,149,163,53,199,7,230,83,53,233,12,222,176,80,41,171,236,151,227,80,110,219,79,102,176,94,214,156,227,216,156,178,159,182,173,227,36,41,145,60,245,11,37,96,143,56,113,218,188,54,36,248,5,216,14,29,134,181,23,53,228,133,145,150,248,208,184,123,37,203,147,133,165,36,104,166,170,63,180,9,36,182,45,115,209,11,17,175,200,227,229,28,185,181,249,53,52,139,127
51,83,8,126,203,194,242,75,31,207,80,96,17,238,179,198,15,22,151,200,112,134,221,73,229,37,192,244,250,162,74,138,133,204,134,235,106,194,3,1,105,167,247,13,67,31,43,60,140,77,130,239,45,226,227,227,140,135,100,66,232,0,12,244,120,1,190,72,163,55,1,32,82,231,240,211,40,10,212,233,213,46,183,196,108,205,241,195,49,191,156,186,208,62,161,164,160,143,173,172,149,180,23,6,107,10,198,218,29,198,137,219,73,233,215,15,20,134,18,61,99,75,159,177,214,113,96,135,127
15,162,205,212,232,208,240,50,140,57,239,206,166,161,54,200,57,86,199,64,40,98,120,169,120,200,143,2,133,247,159,185,82,164,247,239,172,97,72,249,233,49,232,83,105,71,78,99,244,42,41,13,18,126,249,180,79,76,198,90,218,7,26,217,247,154,46,221,70,230,58,188,72,33,32,20,176,23,247,229,57,65,131,152,20,62,154,102,65,149,140,46,156,96,9,12,18,110,23,131,64,31,207,4,55,54,88,155,168,202,119,68,254,25,27,18,245,166,175,122,139,229,179,57,233,66,82,58,127
99,191,188,230,89,178,220,249,247,98,23,36,152,64,82,10,188,108,153,35,215,129,75,15,3,249,47,148,102,216,19,31,0,19,6,37,78,195,164,54,39,120,219,110,56,252,229,220,128,11,51,246,91,50,39,45,210,48,120,139,199,194,97,50,157,106,155,177,130,65,45,41,36,146,165,35,56,174,87,93,239,241,93,109,193,182,55,104,149,26,99,168,216,31,73,50,35,43,134,158,57,92,211,136,221,240,110,239,209,57,244,183,129,174,104,186,39,30,121,201,181,98,89,238,203,94,115,105,127
148,246,100,82,99,134,177,139,136,12,67,148,190,153,144,251,216,188,47,226,105,53,199,251,226,69,119,251,5,202,178,206,13,58,10,149,109,65,104,217,35,98,221,42,202,123,229,53,64,34,92,23,69,93,37,20,251,58,237,223,197,143,27,238,158,142,172,59,20,169,176,175,76,16,240,182,90,122,161,228,249,103,225,38,93,226,138,63,44,231,180,162,201,181,107,171,207,159,28,131,75,16,183,1,56,186,13,66,124,28,76,213,167,204,15,201,8,55,89,148,48,36,57,85,78,5,142,158,127
203,174,87,6,172,212,116,158,9,109,160,10,237,210,51,181,80,235,212,1,198,8,5,60,19,101,110,213,129,56,244,88,247,198,195,163,223,161,123,54,172,111,220,68,137,234,243,176,42,11,228,123,236,211,209,164,193,176,177,56,219,5,84,12,116,41,175,232,56,27,107,191,126,85,238,52,243,119,98,143,134,127,65,2,192,54,46,66,4,106,46,40,250,124,219,154,212,120,172,15,185,17,144,20,199,73,61,214,34,37,61,29,152,138,215,178,226,98,95,145,30,61,243,171,16,109,119,219,127
128,199,51,58,204,170,153,166,109,212,18,56,214,170,250,138,200,159,68,30,6,5,197,243,147,226,105,146,206,73,73,126,184,60,206,9,199,147,251,16,196,69,138,243,84,250,77,212,106,85,212,116,232,147,1,54,192,186,172,171,158,181,137,221,252,124,135,13,118,213,234,20,13,46,44,176,128,144,222,38,140,106,65,122,103,253,22,187,227,212,101,20,245,0,168,49,33,233,31,182,247,99,35,201,11,203,98,225,142,9,165,177,214,113,83,114,30,143,42,252,78,173,203,70,203,76,55,87,127
33,131,18,125,41,44,188,120,211,235,27,67,132,105,216,157,75,124,178,1,50,148,182,56,178,61,149,147,212,227,164,173,130,18,228,249,2,9,180,19,9,49,130,75,28,226,53,197,171,116,223,83,23,181,67,2,156,137,198,247,237,223,5,17,103,179,207,158,59,66,216,100,94,198,125,119,120,224,220,150,146,50,68,201,106,182,200,141,142,226,148,118,200,133,139,92,16,251,154,232,32,72,60,202,116,70,82,101,184,213,41,65,155,167,53,227,123,247,174,221,37,150,28,236,25,241,59,206,127
128,32,12,81,214,112,93,102,128,114,155,172,189,33,229,16,254,36,108,63,13,9,229,108,168,50,239,117,58,239,5,229,160,103,92,70,17,239,73,151,137,14,181,231,81,159,98,45,153,161,248,245,130,210,248,78,221,59,35,219,214,46,20,124,236,57,112,207,224,159,192,108,55,241,76,127,188,103,67,180,107,52,65,142,31,234,109,99,54,92,92,122,234,121,120,246,78,95,145,88,145,14,140,181,230,24,36,10,252,134,154,114,65,17,199,210,171,220,59,247,183,155,221,92,56,3,130,123,127
146,149,172,78,72,64,161,152,72,21,186,102,198,70,140,78,34,123,8,248,31,193,60,47,51,222,36,94,33,225,114,242,91,166,122,78,10,235,100,153,221,144,19,61,247,191,130,41,98,149,182,31,155,61,207,18,71,190,83,221,121,76,59,193,189,4,138,89,176,136,186,137,29,82,76,186,136,104,33,129,96,42,21,62,208,160,73,141,77,177,63,199,128,57,176,146,243,113,28,201,210,12,182,201,200,73,185,226,120,149,122,27,214,211,128,61,144,65,57,186,88,42,87,37,203,171,126,18,127
188,196,214,108,153,127,243,125,185,130,242,48,35,18,78,82,86,157,231,72,2,57,56,66,49,162,29,159,242,183,29,137,48,76,29,107,63,21,61,231,33,128,17,205,109,133,155,76,94,106,15,77,27,117,188,43,100,97,161,169,132,40,214,132,209,55,107,113,236,76,38,226,94,141,73,177,44,36,80,161,195,193,20,62,41,137,163,210,164,153,9,30,63,1,221,184,194,218,162,48,225,124,178,44,150,17,97,168,244,244,46,102,6,48,41,61,132,93,134,244,227,37,5,186,10,182,171,8,127
251,113,104,192,49,165,252,124,218,185,47,9,249,213,192,94,184,204,57,51,70,5,106,105,182,63,169,187,233,143,18,219,124,4,67,45,108,42,142,65,90,76,34,229,3,87,179,39,48,183,26,8,27,69,144,237,136,28,126,160,43,191,116,129,100,27,43,225,133,241,138,209,32,53,57,81,189,57,103,63,112,75,47,145,83,251,150,81,25,178,22,168,185,7,91,93,203,119,37,137,59,148,144,148,33,212,179,69,29,151,102,185,74,162,100,187,251,245,18,141,176,147,16,245,186,40,53,111,127
184,113,4,207,200,100,4,126,170,157,3,79,32,4,244,14,235,174,50,247,167,138,197,26,65,31,208,89,88,165,124,228,149,233,139,3,68,245,64,137,122,143,1,55,71,92,166,86,76,83,21,70,120,53,196,111,199,194,226,236,102,249,94,136,84,191,67,130,47,69,94,201,33,4,186,162,42,154,157,178,107,37,96,61,248,67,70,20,32,175,67,60,99,32,220,79,117,240,181,152,44,119,89,246,64,118,22,34,221,71,117,30,234,1,40,201,126,38,101,8,239,6,12,166,191,189,43,20,127
146,213,21,227,201,59,153,120,47,140,228,138,225,198,52,32,196,233,230,15,45,228,237,73,237,111,17,226,242,166,42,114,216,47,136,77,38,70,228,58,231,209,221,25,27,187,183,8,91,5,141,133,151,208,224,120,170,42,135,86,52,183,79,233,52,204,25,0,45,220,164,4,29,5,15,77,49,217,241,183,87,82,15,90,149,223,148,162,119,144,147,71,15,49,68,94,15,38,5,130,181,251,2,115,130,139,109,164,159,236,181,38,194,167,99,104,61,122,58,76,135,124,134,154,177,207,68,68,127
31,135,47,105,12,235,153,157,33,212,104,15,182,126,189,134,99,81,72,43,63,251,41,8,3,199,243,65,62,55,206,119,99,66,93,85,191,131,147,105,163,231,212,196,25,103,133,79,241,231,159,145,162,70,89,17,29,222,18,93,192,208,67,178,237,191,235,32,85,90,55,179,218,223,33,104,7,168,124,72,6,244,98,243,236,112,37,37,134,16,99,134,113,104,100,39,199,107,205,196,45,155,122,52,253,3,108,214,213,87,10,39,249,181,165,88,98,229,224,225,107,157,173,117,235,81,226,207,127
46,116,153,81,155,11,11,70,96,0,220,228,131,85,13,208,168,195,146,81,190,218,26,247,34,150,228,170,163,42,186,24,211,164,244,16,127,24,93,200,165,205,61,146,134,249,213,236,134,101,247,168,233,120,252,13,227,133,56,17,174,143,151,246,32,212,171,28,69,143,69,176,139,4,217,31,176,184,60,40,240,69,141,84,221,183,224,58,173,112,58,11,185,176,150,246,127,76,18,30,50,139,88,133,35,220,22,149,107,196,19,109,156,7,35,72,96,74,204,45,187,116,218,135,78,53,185,183,127
132,109,197,52,191,123,171,134,198,46,60,47,179,232,102,247,71,150,101,238,130,199,18,228,120,9,87,162,127,82,32,56,249,222,72,36,182,124,155,147,185,227,221,189,166,231,226,156,216,31,132,183,92,72,178,36,115,142,123,68,90,163,147,107,21,80,76,92,195,158,215,140,160,31,218,174,211,225,19,200,93,118,65,165,50,227,18,122,239,161,171,64,168,145,73,59,126,243,155,74,208,247,186,246,42,160,89,35,107,160,41,136,151,94,105,84,133,59,121,104,21,170,75,22,192,137,254,208,127
78,234,202,113,16,70,144,11,74,219,126,184,117,119,221,126,220,211,30,226,42,185,229,230,213,63,118,37,170,155,181,65,142,139,75,178,24,150,139,31,146,76,173,185,141,222,73,47,98,192,142,17,161,122,100,56,50,69,211,61,191,10,246,199,149,96,33,34,145,34,249,244,37,188,126,145,159,76,39,244,45,55,241,230,2,145,118,113,252,124,210,72,25,94,131,236,200,179,36,214,35,29,209,124,74,9,110,50,213,132,153,100,210,17,194,91,112,194,231,198,182,115,61,107,70,229,92,7,127
252,188,119,164,43,206,171,26,230,202,241,108,29,66,41,74,112,222,51,45,154,249,61,184,247,12,214,6,15,193,74,85,186,226,96,7,186,176,30,39,223,68,211,155,85,169,229,176,77,173,48,33,49,22,25,242,88,66,222,4,231,220,139,239,157,245,55,243,46,18,55,39,218,191,40,71,21,44,215,15,199,15,76,57,34,52,73,132,14,233,222,0,77,128,220,208,188,85,51,89,193,131,96,123,44,10,126,126,7,242,187,224,121,97,35,122,151,169,156,207,3,188,168,59,32,207,31,57,127
60,85,140,253,186,36,245,178,71,175,106,82,16,142,172,29,42,82,141,219,165,39,14,116,61,179,246,159,134,38,196,56,195,204,109,221,29,42,156,207,249,247,27,122,249,178,232,5,36,168,35,244,16,156,225,137,179,8,165,151,77,220,44,34,108,18,108,145,186,219,92,57,72,232,130,169,20,100,12,157,193,180,92,194,233,102,135,91,128,20,43,14,240,150,94,98,228,239,139,239,188,139,243,28,14,58,19,183,92,67,182,238,145,254,221,95,60,65,159,238,210,222,212,194,209,130,249,10,127
56,133,28,151,109,66,187,213,163,179,67,212,125,161,150,184,21,116,70,58,113,15,246,200,215,226,132,168,233,123,161,197,7,62,9,58,15,155,79,21,55,9,22,207,18,61,112,76,43,36,209,39,199,249,57,94,75,6,200,115,13,176,159,47,81,86,214,199,135,41,186,76,183,132,33,104,144,104,77,93,103,172,57,101,21,175,173,107,238,92,84,14,68,150,30,29,248,209,51,91,127,180,235,2,253,16,244,117,152,234,211,115,175,89,164,114,84,98,130,26,216,235,75,139,205,83,97,66,127
211,231,9,150,79,212,174,56,212,62,22,236,116,130,160,5,17,71,17,245,30,49,242,26,242,106,144,54,209,225,53,229,110,209,38,71,74,30,221,151,76,123,169,62,179,187,69,90,72,123,209,81,34,21,25,7,220,33,122,116,32,183,12,129,2,27,181,75,124,122,19,78,182,66,26,148,156,35,76,134,87,98,76,31,99,94,97,237,123,193,113,195,90,254,34,232,91,211,115,104,227,8,107,99,27,13,194,129,138,136,175,55,172,233,111,88,238,249,101,73,9,253,39,18,152,196,138,123,127
184,217,237,123,35,29,71,74,241,3,46,206,53,207,173,168,214,199,41,118,208,92,48,102,12,212,101,212,237,103,246,165,61,202,184,196,230,64,166,65,83,36,188,61,83,189,67,186,218,252,40,132,137,212,174,46,150,113,196,99,1,198,232,180,85,188,15,55,132,168,194,95,128,232,22,64,143,184,69,214,54,104,50,202,167,229,73,23,52,81,93,119,194,25,62,245,76,150,189,85,134,108,92,156,61,102,28,51,189,241,124,182,152,186,97,212,144,183,1,182,218,117,2,105,126,103,85,101,127
214,118,222,168,230,221,236,249,88,74,46,63,202,157,16,176,204,64,119,156,103,137,223,52,189,154,60,205,115,79,117,66,44,1,223,24,93,100,82,180,138,157,156,47,159,155,225,198,163,157,125,30,132,184,83,56,159,21,43,206,156,35,12,95,47,243,8,116,74,3,193,14,165,244,226,50,100,212,159,116,151,190,209,56,251,79,191,27,166,87,148,101,38,30,17,232,248,3,51,57,198,131,16,54,14,52,158,172,173,84,79,51,66,237,207,65,202,125,156,20,163,25,219,170,65,183,205,5,127
60,238,157,103,67,78,144,65,2,109,33,143,125,135,247,108,118,21,35,157,230,199,144,31,120,23,168,201,221,68,252,45,95,90,213,224,201,125,1,91,183,65,212,249,15,149,130,189,88,200,245,56,163,34,11,161,104,18,136,235,21,230,220,7,124,117,189,90,63,181,115,216,104,164,53,139,111,156,218,6,132,51,115,125,116,41,250,129,167,91,236,193,170,237,4,148,124,232,145,74,144,154,235,252,3,93,1,169,143,125,48,43,175,82,69,66,192,235,121,180,55,1,246,112,59,152,118,140,127
182,101,194,50,123,159,22,213,22,162,202,185,179,236,17,207,164,33,245,25,208,23,183,179,150,244,154,154,226,12,103,245,30,69,204,28,64,131,218,93,159,158,174,94,72,210,65,30,14,87,217,3,239,52,42,209,179,156,22,9,44,141,241,127,137,178,114,14,200,173,57,165,210,22,153,112,106,21,218,243,33,244,190,181,250,60,39,158,136,153,64,37,41,252,180,242,208,112,14,162,152,107,35,92,240,240,98,214,63,116,250,197,40,165,244,39,211,253,24,247,220,47,98,213,234,249,240,63,127
40,71,213,59,179,11,189,170,158,247,66,60,245,216,92,84,21,204,234,51,230,218,103,35,82,232,38,220,189,11,89,59,5,209,72,222,45,243,114,74,135,209,130,11,144,214,174,65,44,242,135,178,225,8,94,156,84,31,216,109,108,80,193,139,104,191,173,121,203,36,183,162,195,135,16,57,187,204,206,10,183,39,111,199,71,177,85,132,166,177,189,250,203,50,206,34,191,117,158,221,97,73,162,158,30,151,72,69,205,13,5,140,194,245,12,136,10,125,201,21,223,176,195,234,99,32,191,128,127
69,193,194,185,221,95,212,31,130,250,111,88,108,13,205,91,229,79,130,63,63,141,50,195,145,195,14,176,11,178,130,147,198,45,230,177,238,108,13,132,94,219,7,167,160,48,160,130,14,162,45,181,16,93,106,108,130,220,68,65,189,77,135,189,105,137,76,81,4,172,202,142,65,246,214,86,52,51,251,226,107,172,17,39,194,85,186,55,96,208,52,63,239,220,65,92,112,157,73,208,57,151,88,229,110,202,23,230,126,63,19,90,102,20,157,18,11,185,37,165,245,25,105,28,11,160,49,242,127
6,96,145,164,201,233,156,1,99,249,48,221,232,83,207,31,204,12,101,138,151,213,137,105,141,21,80,19,179,185,175,12,94,240,9,97,198,82,57,197,187,40,225,76,157,216,49,52,133,207,212,159,207,125,193,193,81,249,147,123,6,161,95,15,190,234,154,140,191,40,175,170,138,94,70,139,6,8,235,128,54,184,193,168,93,239,180,253,19,238,214,15,200,66,6,121,26,196,129,114,161,139,23,159,195,83,80,55,195,226,167,114,178,137,226,177,219,125,103,233,27,243,207,193,50,92,33,99,127
177,88,81,71,39,206,199,207,90,228,46,128,232,114,174,92,134,132,203,27,203,240,36,200,173,44,188,34,232,190,86,96,37,136,113,39,169,56,172,226,143,251,59,199,181,174,207,172,192,232,35,242,58,47,102,31,178,199,141,219,131,21,81,121,27,248,241,179,253,185,120,58,215,122,198,57,224,129,98,170,194,235,6,77,171,194,15,201,110,214,142,142,111,179,96,221,48,163,194,152,250,245,134,113,156,146,102,117,123,116,112,38,207,104,6,132,227,210,208,184,59,144,111,221,237,229,156,48,127
72,89,41,157,104,56,143,150,94,232,212,237,129,4,139,44,235,83,49,8,154,4,219,83,242,14,188,163,160,2,166,88,75,8,65,85,58,118,213,159,167,57,108,131,135,173,17,179,155,167,229,226,179,199,87,98,49,33,72,222,220,106,45,5,147,110,83,41,109,191,62,237,53,72,3,40,249,241,152,122,22,66,208,178,69,208,152,195,247,62,250,234,133,239,166,41,131,136,107,128,10,107,251,13,29,111,201,243,176,34,133,23,113,52,52,115,83,20,237,111,109,16,232,22,192,76,46,31,127
68,169,139,242,183,96,239,252,173,5,112,121,11,24,90,10,76,226,249,205,129,75,246,1,134,175,154,159,155,86,75,62,208,159,168,199,250,14,126,50,101,31,251,148,231,127,170,75,156,153,77,61,201,23,159,137,155,172,168,178,154,47,236,252,221,243,80,104,22,176,39,217,14,122,60,74,111,69,137,176,196,226,246,49,112,158,36,157,128,34,212,166,4,245,237,100,28,243,181,231,72,48,90,25,127,9,77,221,245,145,35,17,130,111,242,64,42,57,97,158,225,163,16,107,158,13,218,152,127
176,172,116,3,100,62,244,124,193,131,224,10,18,158,224,225,81,172,31,163,238,94,157,140,136,75,95,14,252,209,58,146,37,41,6,3,27,105,22,178,85,51,48,75,161,183,182,112,92,241,112,158,240,180,198,63,117,5,196,140,154,100,81,35,71,145,5,143,82,60,189,77,114,3,231,54,234,238,220,53,215,144,110,203,252,34,224,117,131,132,187,230,125,139,244,125,56,129,113,8,222,212,196,181,245,87,119,160,73,238,91,253,12,206,36,230,176,115,116,99,149,50,92,86,225,12,203,139,127
126,151,190,134,227,245,28,14,99,161,161,145,136,143,82,1,57,183,68,202,234,150,211,134,230,166,249,63,185,157,80,107,160,1,46,250,176,211,68,29,137,118,253,171,144,48,206,238,6,160,233,23,245,187,140,241,103,212,174,202,61,223,102,206,106,194,1,104,236,104,70,24,13,254,46,152,191,253,250,226,68,220,35,44,0,14,93,125,246,46,128,151,248,164,4,55,249,38,86,2,152,217,122,216,100,2,113,6,65,133,8,161,150,106,105,185,118,168,149,77,19,160,159,162,159,185,213,24,127
211,228,223,25,27,206,192,249,159,214,233,177,231,65,56,24,251,201,147,162,86,207,109,106,129,157,14,108,14,11,168,251,91,15,158,147,85,22,39,235,168,180,119,227,188,95,0,215,48,191,4,219,235,73,8,176,87,123,124,108,197,205,79,26,76,41,249,87,1,81,201,178,11,141,143,160,145,62,114,250,148,124,45,182,180,40,179,23,163,186,107,165,62,232,216,209,46,44,186,223,127,189,11,254,136,163,241,16,199,126,94,31,184,72,73,228,51,130,142,80,214,87,61,245,186,167,153,180,127
92,175,126,244,52,232,235,9,171,109,247,40,35,131,102,103,138,121,87,94,95,228,36,226,230,53,237,232,25,64,206,243,121,159,204,206,141,116,52,7,184,234,128,85,210,88,152,69,140,234,48,179,54,155,143,17,109,136,157,75,67,80,70,3,133,188,186,86,134,165,32,87,65,137,184,164,246,149,229,65,2,100,176,239,126,76,78,153,195,28,6,59,253,139,23,122,69,72,154,94,15,241,218,68,52,190,84,124,83,171,134,172,182,248,94,26,157,80,84,175,234,172,179,72,60,54,227,71,127
44,222,151,159,103,153,198,228,188,223,215,102,10,79,213,240,237,230,196,20,100,200,249,61,155,211,239,176,234,186,71,168,197,138,140,50,70,235,146,111,93,109,139,149,83,250,199,139,41,128,207,54,34,249,211,190,205,121,24,17,183,16,65,50,189,159,156,94,57,63,243,229,186,52,117,169,97,12,146,9,103,9,25,215,131,84,185,200,254,214,112,5,168,0,187,66,192,100,34,160,52,123,190,51,114,64,196,48,131,213,208,218,178,123,54,209,54,125,245,137,30,13,29,112,119,65,156,206,127
47,193,26,3,247,118,53,67,94,194,88,120,141,28,228,3,184,169,178,79,28,181,183,19,17,216,34,117,25,7,70,16,12,204,120,37,211,11,206,180,38,50,8,182,0,244,230,220,37,187,83,252,113,152,67,239,182,170,194,112,210,88,107,247,60,120,7,10,133,144,215,57,96,125,13,213,19,174,135,47,135,119,210,154,166,247,233,124,251,137,155,147,138,142,253,197,6,126,204,210,52,15,158,139,32,169,130,93,60,185,46,210,223,81,204,200,249,238,227,79,208,128,176,240,158,87,113,240,127
201,227,241,223,182,204,234,156,229,167,216,19,98,182,177,64,64,86,177,154,222,48,175,215,24,28,153,44,139,118,185,231,151,252,84,82,59,116,45,209,96,88,46,246,101,106,87,167,213,247,102,87,123,60,4,156,228,194,177,246,199,49,52,128,248,144,14,35,16,232,4,231,30,150,7,250,242,214,193,161,168,151,170,244,96,221,207,58,251,227,49,103,228,200,113,42,196,240,12,99,97,137,126,54,2,251,59,103,39,11,93,120,22,176,133,151,222,65,200,243,37,251,178,93,147,44,202,167,127
38,43,248,58,101,45,96,221,193,84,0,0,227,101,43,98,36,101,136,121,121,15,44,115,246,21,149,237,244,23,42,77,51,220,28,18,119,100,242,142,110,247,43,16,110,13,153,71,113,3,35,202,26,152,2,116,57,235,165,170,84,236,96,63,72,17,96,59,71,131,152,62,128,219,239,254,215,186,13,131,190,28,237,204,211,128,161,14,18,95,220,71,147,130,168,41,98,129,207,139,29,220,146,246,164,121,200,140,195,215,236,33,28,39,189,31,20,92,198,2,212,2,137,195,55,45,10,39,127
245,7,30,29,35,231,163,234,158,117,108,87,243,153,221,53,179,93,212,71,9,121,44,204,90,221,67,136,220,6,36,51,239,69,234,199,101,19,83,36,209,159,221,140,144,119,192,16,126,142,12,19,145,1,102,69,27,200,111,8,80,171,149,124,48,233,71,119,247,224,156,211,232,154,87,187,174,226,249,157,137,113,174,175,170,243,45,227,159,233,84,17,166,144,123,29,138,163,91,55,10,28,207,234,215,19,206,101,113,206,146,192,152,200,27,48,44,83,1,113,167,137,93,92,200,105,134,221,127
248,210,142,162,67,213,78,160,2,138,200,125,141,89,49,160,117,135,208,214,40,182,140,97,211,135,52,139,202,144,138,225,175,55,2,147,243,231,104,109,206,47,71,194,247,55,13,73,146,48,11,141,119,118,187,50,131,148,249,185,47,130,65,178,32,93,201,60,201,79,115,213,7,78,159,175,252,168,98,5,232,107,104,196,208,167,36,175,187,243,230,184,106,156,90,152,238,247,64,68,203,58,31,181,243,164,72,237,105,72,221,223,185,179,24,62,19,35,36,186,224,104,229,73,74,121,24,168,127
156,96,70,125,233,64,206,162,191,202,174,176,3,43,150,192,233,18,113,1,92,238,36,196,178,32,170,216,99,245,105,32,184,121,32,184,254,102,160,29,53,250,132,246,219,122,137,185,54,184,179,145,88,186,129,220,102,33,125,82,51,203,30,3,53,22,194,175,141,65,98,7,250,63,215,56,15,124,83,149,71,7,31,213,221,216,46,188,186,238,29,153,63,70,25,35,33,219,62,244,202,146,15,204,20,68,24,208,173,10,105,74,154,96,75,104,169,172,180,71,218,81,96,211,28,72,133,107,127
51,49,238,141,207,56,34,234,124,186,20,235,210,40,156,96,214,124,45,62,248,99,164,171,251,74,251,5,82,110,78,55,219,208,226,7,182,40,29,240,225,107,182,227,32,184,50,112,122,80,178,237,143,214,157,221,132,158,14,16,2,69,61,213,159,240,90,117,69,113,251,191,27,141,155,220,195,28,128,103,27,46,13,253,185,209,157,44,204,92,151,94,191,235,191,226,221,99,185,191,34,112,83,67,193,2,186,77,191,181,174,139,116,17,207,6,207,142,85,140,44,106,86,170,200,135,27,118,127
49,144,238,71,121,142,167,99,188,239,128,119,1,148,128,93,251,102,30,229,152,162,184,6,51,116,31,245,141,26,225,167,104,175,247,234,71,128,219,7,212,116,95,151,45,151,100,130,225,96,146,38,32,93,131,206,114,231,134,118,159,242,152,123,81,184,83,54,206,22,134,6,134,118,215,193,177,212,222,92,246,148,125,249,114,33,97,121,43,246,138,151,161,130,167,160,6,50,19,211,15,130,63,73,79,236,103,185,88,75,129,212,73,222,191,144,115,252,167,106,40,90,109,131,20,219,97,55,127
121,96,44,26,196,115,191,103,130,167,45,217,214,144,92,48,74,214,148,134,33,128,237,96,202,58,208,185,240,108,233,154,237,236,115,231,63,215,210,145,6,199,60,109,179,28,176,168,102,102,130,238,44,226,25,105,157,219,181,173,204,170,224,79,64,92,47,84,198,149,39,138,254,134,176,94,80,249,69,109,250,6,235,168,240,40,199,196,84,52,63,188,247,48,34,215,45,204,1,185,2,13,76,132,31,91,237,206,166,46,225,63,247,24,244,124,212,102,189,55,95,134,191,245,37,186,29,63,127
144,231,177,238,70,150,93,153,11,4,144,114,58,202,222,145,112,181,100,234,209,8,130,20,142,177,89,249,19,231,58,244,46,10,60,242,65,97,88,93,164,208,124,155,44,242,109,242,49,50,201,181,63,144,33,84,228,88,139,243,252,72,3,189,102,143,17,234,49,63,74,111,119,232,40,233,20,76,123,62,71,135,212,117,214,139,160,48,102,108,153,233,210,240,60,19,8,48,118,41,200,128,230,221,3,94,78,179,114,9,212,145,67,181,237,126,204,244,33,15,185,73,81,11,140,183,6,153,127
132,149,1,231,169,240,81,147,60,204,173,250,126,17,27,228,120,6,202,119,72,253,3,206,8,164,111,92,152,89,66,251,111,128,82,47,59,117,126,22,96,31,176,181,194,125,13,22,96,88,52,183,241,185,5,181,81,42,74,192,199,126,149,154,61,14,47,247,164,82,28,54,141,39,30,42,147,131,17,194,146,211,177,2,133,65,65,13,24,108,75,219,38,87,63,101,9,112,180,152,189,128,165,236,246,251,94,25,4,157,176,228,23,43,168,177,133,234,195,66,139,57,108,122,15,146,18,244,127
45,192,252,218,36,2,189,3,71,143,32,186,30,226,49,33,10,16,246,211,171,221,244,127,143,131,131,208,67,101,222,86,29,197,87,226,210,182,201,169,159,7,81,195,97,103,130,105,13,21,184,215,191,236,109,139,82,73,194,211,192,5,4,128,84,55,138,184,119,213,137,16,110,235,42,224,71,5,140,42,89,222,173,30,158,97,185,230,197,36,0,102,166,131,207,23,56,68,6,50,238,247,203,182,196,120,173,252,112,152,187,189,0,118,195,198,72,181,43,96,208,235,25,18,167,42,183,5,127
132,49,146,83,95,185,131,170,102,246,35,227,92,8,79,191,246,169,15,147,58,14,192,179,133,176,136,198,174,70,161,18,220,227,13,146,122,187,155,216,232,31,227,165,89,191,252,173,35,109,181,65,8,197,245,34,105,62,243,246,196,64,130,171,61,99,241,178,157,236,234,21,53,11,231,148,237,179,58,220,254,128,50,116,31,208,64,191,227,246,70,45,161,190,1,240,40,251,73,59,169,22,99,97,132,150,50,186,219,65,70,42,187,111,154,199,133,131,106,2,28,31,168,55,2,30,37,135,127
157,30,9,7,22,80,102,22,18,208,233,131,10,201,148,81,106,108,198,33,126,220,191,20,17,119,110,241,161,137,148,144,254,202,253,121,171,246,252,41,193,114,205,28,56,109,98,54,254,74,30,168,233,58,232,56,78,87,233,192,97,203,228,171,1,50,25,102,14,67,167,122,165,100,168,33,128,184,7,235,43,150,1,118,217,30,68,168,148,121,40,21,114,251,21,189,184,78,101,168,139,168,77,244,151,168,69,39,150,49,181,252,138,128,92,233,205,191,165,133,215,85,81,156,144,234,156,29,127
244,193,131,37,149,81,222,130,13,186,51,69,28,109,174,108,144,29,194,119,213,41,47,216,53,139,203,196,52,155,35,45,163,65,46,40,243,156,199,8,117,81,66,202,64,203,60,30,114,111,106,48,170,209,214,214,70,4,123,30,205,29,102,245,23,227,85,84,230,151,97,246,126,120,66,202,142,217,123,72,183,69,177,253,209,240,78,129,194,179,29,83,163,70,12,43,2,168,29,153,83,233,67,19,2,245,0,151,181,215,155,105,11,0,145,164,250,217,37,99,89,187,12,249,5,98,96,68,127
99,6,238,241,4,252,55,251,212,119,83,108,60,178,200,160,80,173,199,20,101,164,165,228,234,14,2,253,40,147,32,203,86,0,235,203,243,62,208,80,56,107,115,184,70,8,235,154,51,215,113,225,25,5,244,235,90,188,87,92,79,180,72,13,60,135,137,216,224,107,91,16,45,133,150,200,90,236,197,68,203,112,9,27,131,128,20,249,38,99,124,35,71,49,91,18,75,122,129,196,82,158,220,50,140,212,205,125,136,70,135,154,8,51,238,2,253,66,71,165,207,219,114,213,16,14,14,191,127
127,237,18,69,191,253,229,252,206,202,229,130,32,131,127,230,254,184,26,57,238,136,200,247,157,74,98,118,24,77,115,137,217,247,124,154,26,6,250,78,18,139,117,3,151,206,69,170,63,61,110,217,32,115,205,228,205,58,218,5,61,202,210,102,29,106,64,194,225,194,122,213,64,2,29,182,124,180,32,184,186,216,138,78,178,150,126,77,136,18,170,13,253,65,136,18,92,110,156,106,174,191,179,147,217,5,194,34,64,21,125,151,127,106,66,167,78,93,22,95,41,38,247,234,198,187,24,73,127
90,183,208,76,189,189,84,40,172,239,86,100,247,109,105,68,109,38,235,196,244,72,236,46,120,2,223,60,175,123,2,14,206,30,51,67,102,150,137,217,246,239,149,36,32,242,120,76,203,123,141,239,22,180,180,18,128,182,8,59,154,36,243,116,182,221,109,99,40,235,114,140,224,15,33,225,166,177,202,211,203,163,78,96,156,64,203,26,17,206,18,227,44,211,184,61,150,83,136,130,63,175,97,177,143,186,242,128,170,141,122,149,111,162,211,17,76,115,122,208,116,196,212,184,131,100,193,8,127
84,39,46,111,237,237,110,60,23,10,99,119,53,192,192,105,211,105,78,216,11,138,153,131,39,134,154,207,85,189,19,20,192,235,4,143,193,25,142,163,100,17,184,194,32,63,107,139,202,33,152,137,183,151,113,161,137,29,114,23,209,38,210,224,210,231,62,109,105,38,90,237,28,76,240,239,80,80,117,6,190,53,122,163,23,0,160,142,239,227,144,104,98,242,95,15,28,65,123,175,56,87,252,14,100,117,84,119,55,129,53,242,232,93,203,84,246,43,154,1,153,111,79,217,73,64,80,122,127
90,0,114,61,136,96,213,147,52,87,113,87,158,200,69,61,116,233,22,230,249,86,188,69,240,9,185,192,46,116,99,186,182,117,164,78,137,13,96,171,127,120,101,41,19,95,18,66,164,85,131,197,27,216,4,233,63,10,225,82,115,91,1,40,21,184,54,120,110,126,69,26,40,96,147,202,238,49,213,10,136,63,59,81,218,24,3,90,183,118,131,16,163,118,208,66,83,121,212,132,211,222,1,210,205,220,127,146,88,219,75,178,2,111,243,81,8,92,2,113,206,253,29,166,174,247,179,80,127
23,247,26,39,195,195,141,200,140,218,141,44,44,133,71,179,234,50,201,134,76,230,184,2,226,89,3,196,206,238,11,79,168,141,238,227,209,37,85,73,139,13,84,83,217,220,225,91,35,37,247,85,191,62,33,215,17,108,148,224,245,178,104,71,204,119,130,160,125,100,31,16,235,83,127,36,7,168,48,92,197,100,183,170,70,85,154,243,25,173,189,239,46,230,118,93,93,236,187,181,42,254,137,88,189,210,130,161,66,81,22,195,15,250,4,112,167,182,238,129,72,100,208,199,58,72,47,181,127
100,10,119,149,226,74,38,15,31,178,13,42,217,214,105,39,190,107,197,174,223,198,181,202,165,193,13,205,174,45,8,164,114,117,120,76,35,229,19,113,94,7,22,248,249,118,195,203,20,173,73,204,171,139,0,18,31,31,14,223,154,247,1,103,118,22,254,227,11,244,87,165,250,13,188,201,64,230,3,196,95,94,215,53,66,19,64,76,219,132,147,95,33,186,212,198,25,4,141,78,140,117,203,189,28,180,76,166,121,197,221,192,8,192,200,147,165,188,191,0,70,175,125,208,232,131,95,190,127
184,228,133,140,155,166,71,228,208,145,226,86,8,40,184,182,124,244,3,105,86,10,243,85,203,217,134,85,73,21,24,29,57,191,186,230,22,195,119,229,229,69,143,145,248,161,59,82,217,49,54,144,180,238,32,156,40,186,65,198,229,127,110,43,18,252,10,154,21,17,223,238,114,134,236,193,222,228,55,76,71,142,238,106,174,148,150,202,109,30,177,25,160,6,211,197,87,47,245,139,187,14,204,132,71,97,206,178,156,157,141,71,151,189,23,158,86,202,130,148,153,139,111,24,43,205,118,187,127
162,130,152,26,38,105,196,112,9,181,42,135,144,80,110,254,82,32,164,129,116,169,141,235,234,50,152,85,247,24,76,236,228,105,80,197,27,72,195,42,186,79,232,223,12,224,69,152,0,112,142,90,178,201,205,167,121,233,119,119,143,195,76,17,40,51,16,234,120,8,168,146,225,16,232,8,254,97,196,58,183,63,235,177,236,123,112,202,80,242,108,50,176,27,122,229,63,190,45,107,26,41,175,38,252,46,200,12,107,28,156,123,114,48,116,28,130,174,254,152,196,127,29,73,248,63,183,10,127
147,17,209,178,38,230,54,210,182,170,113,175,140,179,5,210,163,101,216,233,115,18,253,220,242,253,34,5,74,179,195,71,124,195,102,154,17,84,59,200,232,18,177,29,57,75,246,12,124,234,231,7,50,148,35,50,47,2,144,19,159,253,10,5,77,18,33,229,180,25,74,33,53,19,45,214,235,154,56,48,109,242,97,194,79,150,59,107,116,132,116,100,116,95,233,37,170,161,28,173,72,108,240,85,46,46,199,127,239,210,94,108,56,116,228,238,40,19,120,41,253,84,138,26,111,207,250,44,127
195,128,190,101,245,151,225,148,126,163,230,123,200,147,78,235,193,191,103,207,211,138,99,169,121,203,191,41,139,8,147,143,125,72,142,200,127,240,4,51,58,158,245,121,166,183,145,223,79,62,213,39,231,11,133,139,243,247,89,127,149,190,34,129,165,212,111,156,20,32,242,136,194,167,160,116,8,175,151,12,145,68,141,217,38,177,206,93,130,85,241,142,90,82,121,1,205,57,86,181,30,15,214,126,52,4,43,158,123,184,46,195,170,166,202,128,119,135,55,170,155,59,106,144,162,20,221,141,127
215,78,128,136,188,38,39,165,35,123,91,48,202,119,234,43,19,139,158,62,226,18,139,59,212,127,109,74,115,174,136,1,22,221,50,243,50,156,230,36,96,120,164,1,165,117,204,35,94,229,191,76,57,37,143,236,187,69,21,241,173,239,163,247,4,55,209,5,113,43,50,201,203,8,253,68,15,246,227,120,87,154,35,202,203,139,49,42,209,44,81,209,92,58,216,88,177,131,121,14,102,15,26,168,26,31,159,40,197,52,131,12,168,127,210,71,67,107,181,50,237,122,164,219,247,0,82,160,127
83,215,131,172,47,213,166,209,180,96,180,147,125,180,248,2,93,33,129,31,10,116,155,165,183,22,239,0,97,4,202,127,194,46,132,235,111,214,4,121,101,196,176,219,65,1,22,148,235,100,6,171,125,13,167,98,184,208,195,116,225,151,104,215,91,92,10,199,103,79,184,213,80,51,162,195,137,139,144,69,90,183,125,156,15,238,59,0,252,220,20,120,251,24,252,246,187,163,233,191,6,99,242,234,20,8,65,168,81,4,42,129,174,97,24,61,236,4,198,123,10,133,7,43,17,13,36,8,127
209,149,3,132,70,153,128,204,33,200,230,81,122,221,94,199,252,93,83,11,150,16,243,11,188,218,210,17,15,244,181,217,185,134,167,229,98,170,63,0,185,204,221,158,245,199,107,150,120,97,41,217,175,227,134,70,193,119,187,69,193,157,147,149,160,232,170,122,206,30,90,80,126,28,55,97,73,247,104,160,112,109,79,213,252,203,110,134,84,91,58,160,114,241,59,101,106,50,20,245,244,239,32,182,153,144,220,135,174,80,130,6,174,43,72,178,47,45,38,132,18,143,146,164,236,38,45,240,127
108,172,19,181,131,155,15,148,125,81,12,1,172,200,77,7,114,202,141,33,122,137,250,48,103,170,60,222,98,159,43,39,197,207,142,176,164,168,5,113,177,13,150,216,6,123,113,227,110,231,35,77,96,69,134,1,239,247,26,82,37,14,229,115,203,226,244,78,188,51,38,226,206,168,250,96,147,157,33,194,252,127,36,170,37,13,17,32,172,70,218,185,57,104,19,201,248,177,143,157,30,231,54,46,132,199,179,166,215,180,21,136,238,3,71,135,43,42,56,76,188,13,102,171,248,191,138,151,127
111,42,74,171,178,145,178,107,49,185,115,212,181,10,119,140,127,206,43,216,118,160,241,100,132,203,50,168,33,44,33,83,29,45,208,19,71,132,62,30,194,46,120,235,205,156,139,189,90,65,210,31,194,68,189,123,89,212,228,80,13,245,27,141,143,167,36,21,23,171,22,230,149,60,177,32,77,27,225,105,106,186,177,166,251,4,114,2,44,152,173,185,234,247,14,171,61,221,199,156,199,62,51,194,52,121,36,183,223,93,65,218,9,182,21,116,119,173,177,78,110,212,28,244,128,132,159,216,127
118,19,126,211,87,17,47,74,142,187,211,74,76,5,49,235,245,115,32,168,34,183,16,52,110,103,131,22,84,46,168,43,248,56,237,144,208,104,98,107,90,133,151,3,147,103,92,39,185,136,228,218,207,1,197,196,208,240,155,88,25,20,55,2,145,27,35,44,25,205,212,76,75,33,73,15,3,62,232,37,108,215,156,212,232,128,61,172,13,207,31,149,150,248,99,22,84,194,90,32,252,30,73,70,182,15,181,147,111,229,189,199,134,150,112,3,231,141,151,161,176,249,72,28,19,169,243,84,127
221,13,117,70,223,19,142,215,254,43,155,15,237,224,89,186,226,16,39,145,228,160,191,200,111,221,47,158,35,39,102,195,150,62,123,225,65,158,230,65,3,104,79,20,85,71,46,213,237,225,127,219,63,52,15,32,244,158,140,61,153,178,213,160,245,147,186,122,196,8,211,150,71,19,0,48,163,174,184,189,149,238,219,5,37,56,143,173,44,42,71,103,10,225,139,14,42,7,46,238,57,110,129,102,203,198,65,25,66,207,246,109,213,138,46,235,50,12,57,17,82,226,3,30,57,188,111,225,127
234,13,251,220,226,46,211,171,148,221,60,150,24,116,197,221,14,70,230,55,19,179,94,128,81,211,27,57,3,156,95,121,56,74,55,240,62,177,234,25,251,4,125,78,110,156,47,133,17,216,86,117,38,37,78,82,55,47,23,48,237,127,199,78,87,38,76,216,92,31,166,229,88,246,43,92,83,236,131,235,164,68,174,159,54,125,123,110,170,180,175,2,52,153,87,117,235,23,216,118,235,224,152,84,43,37,38,234,223,14,201,76,31,156,239,179,216,54,84,187,191,71,209,241,32,129,44,216,127
196,25,145,57,160,2,139,167,182,139,155,141,100,2,244,67,251,24,86,227,83,178,183,169,138,36,193,64,40,157,216,204,72,139,199,214,1,174,132,138,230,34,212,105,164,6,110,41,161,219,71,229,22,204,166,60,5,185,7,0,227,209,173,193,2,50,88,7,61,21,59,77,117,79,197,132,193,9,241,235,9,36,178,91,58,35,65,38,198,208,182,89,11,94,51,147,63,141,74,1,135,218,189,189,182,218,26,0,89,44,4,95,229,30,88,3,154,182,7,186,159,162,158,181,73,74,134,108,127
66,177,188,137,47,77,250,134,65,169,249,169,218,59,102,137,118,16,29,76,48,121,123,173,109,103,168,224,70,121,18,206,165,115,36,121,122,108,122,149,83,196,14,93,69,191,172,151,122,200,55,233,151,13,32,16,45,215,95,155,20,75,51,65,212,239,184,185,189,201,250,203,59,181,100,80,208,87,145,200,17,55,171,9,138,126,23,136,102,29,59,89,50,61,42,156,179,253,203,184,218,28,4,173,241,149,16,223,124,60,235,217,197,8,113,240,149,151,232,166,77,38,17,134,17,58,43,232,127
120,117,240,206,1,84,58,79,113,22,210,134,62,149,211,3,244,22,14,65,102,248,19,155,47,183,162,25,6,170,99,231,247,234,15,167,234,251,179,138,71,45,138,19,199,4,110,252,7,88,193,253,223,179,19,171,122,107,147,204,91,212,112,144,211,136,40,18,92,214,142,133,117,209,22,176,62,249,39,206,150,16,48,206,213,55,44,168,194,226,139,30,142,216,30,60,151,175,13,89,109,53,169,134,95,42,104,96,100,228,99,232,93,88,167,40,10,191,245,249,25,190,48,28,196,123,214,168,127
2,139,217,108,22,66,128,169,26,32,48,166,131,144,215,207,115,108,180,242,206,79,216,202,227,94,180,220,81,146,71,191,10,15,154,106,245,202,17,141,85,160,136,173,249,76,243,2,139,69,120,219,129,50,109,104,3,103,69,243,179,240,186,83,166,3,54,98,25,163,32,210,89,203,194,245,207,167,103,45,73,85,92,101,179,49,98,251,245,240,196,183,217,26,75,21,25,182,90,40,112,62,33,181,66,94,79,81,93,16,240,18,63,74,130,76,118,70,18,169,82,17,197,230,113,35,176,246,127
107,149,102,232,14,246,174,28,178,214,200,103,222,219,65,101,38,38,17,14,119,73,129,139,59,206,245,65,100,133,240,171,198,187,79,95,229,61,61,112,229,164,197,95,22,14,156,55,210,164,233,188,206,232,209,104,38,104,139,17,141,88,22,109,16,127,182,175,194,18,129,121,235,47,76,2,37,11,133,47,212,16,186,208,81,201,114,128,32,221,252,75,190,231,178,139,174,123,131,110,65,80,85,225,25,35,43,162,119,217,118,207,130,97,234,73,52,24,10,108,147,233,136,142,200,125,119,72,127
121,25,28,229,33,136,25,249,164,118,25,209,42,217,138,214,203,82,6,5,112,211,23,40,164,148,216,15,164,98,85,127,8,244,162,187,158,51,229,111,117,216,61,177,54,187,223,205,155,251,238,229,21,192,242,148,25,213,252,236,85,195,41,136,200,127,213,161,173,105,8,249,235,149,231,109,132,223,240,110,176,80,8,210,13,82,166,109,27,188,82,27,129,247,157,43,149,18,248,198,75,135,154,111,224,62,116,91,99,124,163,223,24,123,230,42,14,162,31,251,220,184,153,238,254,4,108,188,127
238,208,31,30,10,19,151,162,200,6,241,91,138,88,34,215,125,231,95,140,180,51,133,236,91,33,74,3,55,203,200,236,217,200,11,95,90,56,118,217,79,65,49,166,16,253,237,36,194,164,49,96,118,147,116,62,11,106,35,14,130,190,81,39,6,152,9,133,87,132,207,205,175,239,221,88,107,209,239,180,200,224,223,84,66,118,216,58,210,5,217,231,92,180,204,140,9,207,161,152,219,167,137,23,169,186,231,6,84,115,210,135,217,80,177,35,115,136,225,150,4,202,117,163,15,148,99,249,127
160,248,191,148,221,20,128,197,226,149,36,72,70,41,138,203,240,206,45,146,139,246,245,100,40,191,136,234,62,19,117,48,134,201,44,131,120,166,110,195,17,197,42,207,3,87,165,199,188,40,213,88,180,45,58,36,236,112,144,134,11,191,137,173,128,165,46,121,45,154,1,70,13,243,67,152,74,138,57,213,98,162,171,227,68,57,226,46,246,240,182,199,28,223,70,120,161,190,73,166,78,130,47,241,130,126,54,56,79,95,73,1,31,31,112,112,33,131,145,22,110,88,109,85,106,35,41,173,127
99,64,51,132,5,19,248,130,227,94,170,132,66,167,13,114,28,138,16,44,238,20,217,183,24,165,50,249,251,168,223,151,249,124,41,14,156,12,249,77,93,244,123,9,33,9,179,162,31,137,78,91,165,163,177,24,226,235,245,50,38,220,36,139,23,161,34,140,120,90,110,171,2,124,97,227,103,218,23,126,25,99,201,113,44,113,18,183,32,16,100,54,145,169,38,43,227,205,236,182,163,45,218,110,80,160,177,140,57,88,16,85,238,222,220,163,100,154,235,125,225,1,227,234,34,159,100,212,127
130,58,116,60,130,57,242,176,164,78,14,194,24,127,155,199,216,238,248,124,50,244,25,165,129,254,228,217,236,254,70,201,149,62,125,46,40,62,139,14,97,182,216,117,224,226,197,82,207,157,235,19,193,3,179,206,240,186,151,177,233,133,238,252,24,20,147,241,148,115,69,37,91,87,223,31,76,93,193,137,33,231,17,81,44,241,61,15,90,251,18,95,192,172,118,175,150,60,23,208,157,229,78,148,58,62,42,12,167,247,177,209,247,142,159,212,94,144,18,161,184,109,140,101,115,44,60,125,127
50,233,80,5,188,21,44,28,249,236,54,51,137,105,193,198,73,130,171,157,111,39,202,31,58,141,221,13,145,213,34,35,18,7,171,8,214,59,56,210,151,82,42,246,175,58,219,77,35,149,73,175,74,136,39,69,59,165,240,82,213,105,234,86,125,143,101,247,180,131,38,58,106,118,85,15,116,59,118,187,90,241,134,111,164,197,220,165,82,9,60,28,247,160,16,223,201,191,131,205,222,43,160,94,64,145,16,113,127,139,89,194,170,117,129,102,87,181,106,45,17,226,93,239,169,62,196,97,127
11,117,13,3,138,148,11,223,0,207,124,137,62,216,231,9,184,220,37,41,171,163,204,46,42,210,73,14,239,237,26,30,21,196,114,156,20,133,9,191,103,57,225,139,162,132,106,91,161,13,164,206,177,253,219,142,228,167,68,145,71,194,96,203,240,43,171,180,185,89,11,51,52,6,104,193,6,233,83,35,159,236,65,127,54,224,144,207,209,27,221,163,99,195,225,234,188,60,127,247,51,111,215,133,205,0,130,230,77,65,145,215,46,147,240,240,87,145,161,36,129,148,236,232,31,66,163,209,127
62,125,75,55,87,210,57,31,20,102,43,133,125,248,12,244,3,231,224,168,38,234,201,134,178,188,19,72,1,210,253,214,235,58,134,83,156,42,88,194,0,141,242,17,43,94,139,217,78,15,240,110,132,109,231,8,232,22,113,154,8,245,5,10,232,218,28,43,45,118,78,77,209,220,174,32,19,127,116,59,4,91,12,43,223,217,45,75,26,161,54,83,97,244,203,243,239,143,181,27,233,24,240,117,159,93,61,31,148,35,240,141,250,36,126,132,98,113,100,202,105,187,96,101,82,26,234,240,127
12,159,253,135,112,45,76,13,30,32,149,203,30,192,227,68,138,224,49,109,203,147,221,26,167,91,129,252,217,90,27,116,227,229,77,159,116,157,20,85,246,130,177,185,1,127,161,187,4,164,238,213,31,50,209,155,68,141,185,184,25,164,232,226,203,75,109,195,196,3,228,25,236,92,79,239,87,133,189,76,129,105,158,160,219,73,229,2,205,129,148,202,87,179,216,176,79,47,13,127,26,193,125,97,101,202,238,115,128,25,184,222,147,226,145,33,129,104,15,6,229,218,215,188,72,206,239,210,127
153,161,140,171,183,83,76,240,106,184,73,211,196,24,205,114,245,64,147,224,58,4,181,188,166,186,139,76,160,108,63,236,138,139,195,250,19,152,118,97,114,18,33,201,160,108,228,180,38,248,131,105,146,76,224,132,137,176,174,218,174,5,57,122,127,89,2,160,88,180,251,60,83,174,100,217,214,32,16,233,31,55,203,165,126,113,143,109,218,109,194,172,15,58,250,194,68,210,79,250,112,47,150,42,2,180,191,189,20,174,246,206,52,251,156,78,143,100,95,177,82,16,14,111,16,20,220,128,127
70,165,69,96,60,118,200,147,230,217,208,223,142,4,237,162,43,15,174,143,122,113,107,120,158,45,101,72,236,27,171,142,175,243,146,73,158,102,10,84,59,167,11,19,63,33,230,215,242,223,233,215,20,79,188,235,221,235,104,203,79,169,184,194,210,163,249,136,110,203,124,8,175,121,69,105,211,46,11,237,227,132,85,164,104,5,52,218,136,77,91,182,202,157,45,193,97,176,242,58,188,131,45,147,98,35,118,52,207,191,151,135,215,50,11,54,159,30,212,129,109,228,165,83,24,139,104,79,127
15,208,42,180,58,19,94,43,77,156,111,192,132,152,26,249,211,175,63,147,212,230,163,177,206,195,67,155,94,125,152,144,198,175,194,82,105,32,126,64,150,13,84,241,115,41,39,220,116,26,243,7,53,148,214,138,145,152,2,169,146,244,9,100,199,247,235,58,91,41,30,223,86,20,134,87,52,124,233,6,139,162,128,42,54,241,15,70,212,41,51,75,224,194,10,98,232,131,133,153,237,87,64,3,241,158,247,62,244,25,224,185,208,22,249,207,76,170,68,146,15,31,80,152,110,65,195,188,127
244,252,182,28,138,27,9,13,72,226,22,203,126,168,51,142,142,86,31,100,81,122,11,210,43,94,203,143,115,122,222,100,190,133,251,5,98,246,182,231,166,253,209,254,161,4,154,123,249,219,45,71,107,105,177,198,151,119,98,202,124,62,98,70,29,135,162,156,218,100,234,146,116,222,181,126,109,133,203,70,225,143,123,111,192,222,186,240,12,205,177,180,14,25,211,98,73,38,121,207,151,82,68,207,249,194,146,240,138,90,169,144,234,63,195,230,154,97,79,118,238,52,79,37,8,152,20,16,127
164,23,126,140,84,156,138,120,236,169,169,160,184,102,148,170,220,29,121,218,139,253,49,150,220,113,253,196,73,252,250,175,191,134,55,191,225,38,202,47,61,64,112,188,213,120,199,153,150,250,81,204,147,141,45,38,3,136,163,194,229,135,5,52,179,141,204,29,30,235,43,198,78,31,63,139,46,192,72,83,36,211,141,54,114,134,132,158,45,126,40,54,209,15,247,103,140,234,244,4,35,23,154,227,143,16,211,230,169,32,89,26,31,62,86,113,132,14,108,92,175,203,242,98,10,67,81,50,127
252,54,244,212,212,187,124,14,153,98,118,96,98,47,59,204,193,215,243,135,5,5,7,38,121,8,18,12,139,217,74,20,194,227,61,236,21,181,223,200,178,208,231,141,251,210,187,66,212,15,114,11,238,137,59,228,143,176,43,121,112,26,78,250,81,112,28,96,248,240,151,59,107,248,161,228,2,39,145,208,12,174,104,7,5,115,132,186,177,32,63,27,150,80,232,76,127,200,114,237,195,135,197,82,74,209,84,142,79,10,82,23,38,235,215,164,89,194,98,77,140,252,251,229,218,11,106,19,127
10,78,35,31,55,203,178,41,157,31,155,156,206,133,218,35,186,236,37,116,164,9,112,234,103,38,31,93,84,201,224,210,31,229,143,235,154,47,161,153,54,109,154,0,13,65,64,108,75,17,24,7,114,183,140,44,179,249,233,57,17,20,34,250,39,206,237,199,155,165,122,56,25,22,128,198,207,14,187,98,59,142,214,115,216,73,1,229,120,1,80,97,24,97,174,137,121,233,42,168,124,161,178,27,41,26,213,169,229,151,231,156,186,227,222,215,109,59,125,133,148,208,28,90,97,58,110,13,127
31,126,156,244,19,97,4,218,198,5,39,159,243,156,53,211,22,204,202,163,100,30,25,134,99,217,21,117,25,123,58,196,150,69,233,121,234,244,32,41,164,30,203,150,8,119,69,46,40,252,154,43,43,123,8,233,247,41,34,247,147,7,178,75,185,223,147,77,250,230,109,59,162,232,236,134,27,135,173,129,215,181,160,29,105,214,205,63,148,171,59,215,187,77,58,245,6,21,209,95,98,145,248,132,181,72,112,28,110,48,133,105,118,163,131,205,157,136,111,3,85,2,38,177,40,26,104,7,127
49,134,235,208,133,54,206,104,110,40,219,134,227,133,27,16,124,56,91,59,185,24,96,121,2,233,194,112,214,87,176,169,154,70,173,104,230,233,62,79,253,231,143,2,117,158,219,14,146,253,192,243,25,86,179,173,249,54,81,60,176,57,99,52,115,237,131,102,185,190,175,234,198,154,104,150,241,116,36,76,212,67,8,92,154,13,222,123,217,85,136,231,197,133,68,185,169,29,18,12,109,16,35,43,173,246,144,251,59,185,234,187,93,242,39,149,55,59,25,10,197,22,20,54,46,198,152,66,127
26,226,0,34,53,168,86,3,80,206,109,40,160,252,251,31,107,252,0,165,38,134,247,135,229,50,2,119,217,165,52,169,110,45,209,21,181,204,63,28,235,114,168,118,73,82,85,35,131,181,107,70,216,39,32,178,150,140,140,204,174,97,22,136,204,81,189,250,40,188,253,191,0,104,105,206,233,138,84,60,84,2,85,29,220,216,219,193,204,247,73,126,244,210,121,35,127,177,22,145,157,58,80,8,107,163,45,98,198,223,238,240,245,157,253,208,143,213,161,133,40,184,247,63,81,42,152,60,127
177,130,202,84,253,215,203,125,217,168,245,73,212,114,9,94,242,248,12,38,253,159,239,36,3,84,135,55,72,110,95,165,8,90,129,44,121,2,239,34,202,130,52,92,33,78,27,34,80,117,143,64,109,64,168,206,137,145,222,238,140,50,129,239,57,115,134,224,20,51,182,246,208,6,96,28,149,39,47,16,27,100,47,111,35,185,229,16,152,222,210,249,118,144,127,94,115,30,155,201,61,32,11,107,9,209,156,177,228,244,161,41,216,144,4,185,68,214,79,146,237,64,99,109,80,24,156,166,127
207,199,203,68,150,116,14,243,37,100,134,203,229,32,113,242,64,128,150,36,144,13,182,26,10,173,220,124,93,244,218,242,80,233,176,79,73,39,144,203,140,170,3,197,106,21,40,116,114,129,166,75,97,50,160,217,228,203,63,160,203,231,243,96,106,29,20,170,139,230,254,149,3,8,204,2,57,213,1,230,122,174,169,11,156,121,180,110,247,5,241,72,155,13,218,181,192,63,51,47,118,118,105,246,126,222,56,50,9,155,107,185,136,41,31,177,180,64,208,252,69,220,15,109,173,175,183,95,127
44,204,204,219,223,146,75,56,20,61,206,180,150,39,186,86,43,208,3,253,101,201,234,96,194,225,159,204,88,142,144,198,44,243,234,75,54,227,51,127,243,128,167,197,117,10,253,193,49,212,163,157,49,227,133,31,80,22,207,40,165,84,176,62,211,219,32,234,125,218,149,236,21,131,106,239,214,80,128,189,59,61,173,142,172,99,227,51,191,162,155,150,221,60,171,2,113,86,187,32,29,22,190,66,108,163,4,223,240,87,232,42,82,180,110,102,137,171,230,137,125,244,232,180,192,78,60,114,127
189,185,64,1,41,37,29,240,98,25,188,240,15,12,245,69,237,130,20,244,53,252,206,140,193,118,94,54,60,163,187,127,7,235,171,93,60,243,235,51,181,43,247,81,114,129,204,89,61,155,143,133,8,103,91,246,146,5,138,109,203,143,51,66,106,158,58,76,239,139,72,74,115,110,144,121,9,210,79,137,81,3,192,98,65,148,250,65,61,222,177,2,19,93,108,219,209,124,38,133,203,113,65,218,211,164,182,27,144,159,187,124,1,92,144,245,177,222,228,198,31,225,214,29,69,233,63,234,127
21,21,140,171,21,186,82,247,143,148,38,130,86,180,62,135,50,15,207,18,150,115,139,48,24,61,154,43,16,146,143,185,46,238,212,81,145,243,142,156,26,177,99,28,11,125,18,186,118,133,67,188,165,46,14,138,189,106,131,20,243,103,209,225,118,14,14,227,67,174,220,207,207,182,220,62,120,102,83,213,24,26,38,162,71,111,215,215,127,0,28,11,6,4,88,237,128,151,33,239,81,12,5,9,117,129,70,74,61,152,132,181,89,228,105,193,16,254,165,197,124,121,81,14,58,38,214,149,127
185,49,10,232,40,230,45,31,201,131,233,146,159,218,79,164,222,69,52,182,174,156,195,122,125,101,209,241,236,158,160,123,225,19,242,77,95,251,49,207,86,122,94,28,238,115,25,28,195,63,214,230,42,241,39,126,2,225,196,93,111,41,233,174,93,235,54,156,75,45,238,196,59,68,28,157,39,184,189,4,42,253,18,160,199,140,236,26,47,92,200,196,18,249,251,41,253,5,4,90,79,212,23,176,131,151,175,91,132,201,205,14,185,130,36,220,79,191,38,207,137,107,77,201,131,114,53,63,127
69,199,240,177,38,165,103,88,242,34,151,252,245,132,49,100,58,116,132,22,197,172,199,68,235,168,131,95,185,173,49,208,111,1,245,120,13,251,241,96,35,250,106,240,30,140,166,202,197,56,139,86,11,208,9,227,158,209,127,245,240,39,245,105,54,176,168,229,2,151,132,226,165,70,104,5,93,123,45,104,82,250,209,198,181,187,106,172,197,64,113,66,208,78,22,33,248,126,74,180,125,129,99,177,54,195,181,65,228,82,37,44,65,56,217,6,235,210,69,15,47,251,29,10,1,173,156,51,127
191,214,126,134,236,106,146,107,8,71,124,91,172,7,123,23,145,69,179,147,97,170,8,26,108,180,36,192,164,177,78,69,95,179,15,125,83,0,233,117,150,191,81,121,211,195,86,44,225,40,238,235,183,246,75,51,194,89,71,232,64,14,128,150,228,169,194,32,108,183,164,175,87,118,84,28,186,123,192,128,249,116,106,115,127,13,77,67,58,159,38,151,246,220,209,85,140,247,157,8,138,126,192,154,33,85,27,115,10,247,172,14,66,26,92,202,93,189,104,182,28,41,54,239,74,253,65,207,127
97,57,192,195,81,136,117,95,175,70,165,40,62,79,61,54,27,11,99,81,119,12,28,7,10,71,208,240,114,128,96,125,114,209,221,246,139,190,4,23,42,87,230,151,52,73,44,126,67,38,79,130,201,81,233,190,43,175,113,212,126,22,73,13,129,165,23,13,80,234,235,238,32,106,71,160,65,12,226,20,176,231,209,148,73,26,229,168,128,26,238,83,50,231,159,108,219,234,88,102,42,1,136,116,74,88,93,168,172,194,92,29,191,186,144,5,190,24,253,95,174,81,213,154,110,250,160,57,127
76,184,164,254,147,76,141,238,51,114,168,64,80,251,74,13,191,10,66,174,59,177,113,96,53,10,50,194,3,11,77,173,26,185,13,52,166,117,169,66,216,243,127,213,211,172,239,29,172,179,220,192,32,117,150,74,248,114,162,108,215,100,238,221,0,229,69,236,178,160,64,68,245,235,103,126,136,69,132,59,62,179,36,175,181,165,74,246,71,170,153,24,114,43,249,239,21,147,68,63,31,188,174,143,243,89,197,50,191,65,192,193,14,78,174,137,225,90,70,157,238,37,39,4,142,11,172,86,127
185,128,201,118,94,128,127,252,3,75,32,119,30,243,125,230,35,34,69,119,221,125,79,152,178,112,105,5,81,206,41,173,81,40,10,49,201,167,4,83,20,198,226,229,4,129,112,201,143,171,200,171,165,163,14,196,13,232,46,163,124,37,160,238,184,10,75,83,254,197,56,39,58,231,135,156,229,130,80,9,196,110,150,135,191,134,161,137,149,30,139,210,178,100,247,159,8,169,35,145,210,70,130,82,102,13,197,187,165,10,156,242,193,149,182,107,114,19,13,208,142,195,160,60,59,154,98,78,127
196,34,103,2,227,78,87,246,188,208,222,74,213,123,220,31,174,10,244,126,135,240,87,64,59,62,116,116,48,87,137,235,191,163,99,235,130,59,188,89,58,173,248,96,141,148,130,57,69,155,187,162,213,113,199,60,156,164,163,175,195,223,14,40,228,26,172,40,56,35,140,232,95,61,176,190,163,210,69,121,66,122,11,223,210,92,208,171,187,171,4,169,88,133,22,12,244,17,89,187,221,44,232,165,43,188,3,56,7,118,209,246,40,7,126,210,63,187,190,97,146,53,52,197,101,60,215,30,127
94,65,1,193,71,229,61,13,133,250,81,76,189,204,49,250,51,135,3,146,13,161,71,63,56,63,184,166,172,63,112,176,3,10,157,162,13,115,190,49,94,116,147,19,78,113,56,121,36,167,51,87,204,204,251,212,177,237,212,130,76,103,222,160,42,192,175,18,74,154,239,181,55,23,88,111,10,107,140,34,152,181,206,106,172,80,154,112,157,193,132,253,68,249,222,249,109,223,19,143,158,173,132,181,126,167,75,137,232,115,233,122,203,234,147,250,62,180,106,157,9,194,11,232,219,193,104,205,127
246,188,221,94,71,141,21,233,140,239,10,244,122,67,127,97,84,33,220,216,188,153,46,181,70,164,17,111,199,9,88,20,128,40,215,67,33,68,66,197,72,145,238,67,160,208,194,218,68,251,173,65,33,11,9,48,154,221,33,237,166,167,197,181,34,29,124,200,222,182,182,253,125,38,90,150,205,92,208,231,54,18,137,60,83,193,97,75,38,183,159,209,6,194,208,186,107,175,215,155,162,137,43,38,107,131,148,139,50,26,74,204,82,167,214,2,9,47,130,246,95,232,55,207,179,217,74,184,127
115,164,70,165,193,191,66,216,25,35,2,252,40,164,246,69,235,207,165,135,101,188,108,128,230,132,149,133,3,33,249,178,53,214,224,88,123,136,244,183,124,26,214,43,76,98,96,51,194,67,218,33,227,241,99,33,250,195,158,227,163,59,128,132,125,151,125,200,175,116,254,241,144,35,40,46,240,180,229,247,102,229,36,39,210,115,193,207,172,10,191,35,12,107,152,124,79,203,63,7,115,84,162,139,101,94,208,53,147,148,98,69,84,193,30,103,25,135,164,142,4,248,133,19,125,11,221,124,127
123,213,168,74,103,166,98,108,24,242,163,80,171,228,8,102,46,50,85,87,109,244,26,151,180,252,231,103,0,68,234,111,203,63,52,135,12,225,112,1,190,127,164,216,75,189,89,251,8,148,233,201,136,243,107,173,116,73,5,246,19,24,207,153,40,119,24,97,86,151,91,165,214,72,238,169,254,181,10,170,79,157,227,143,235,72,153,35,252,24,139,209,137,17,101,71,244,81,167,86,75,123,100,236,248,219,81,101,219,234,22,210,184,23,34,168,140,20,109,46,98,251,216,184,129,92,9,153,127
219,79,250,5,52,161,152,232,143,159,68,60,129,114,252,9,197,41,16,12,74,216,136,238,71,114,202,192,178,207,119,60,171,71,122,220,126,69,36,39,205,203,130,196,146,43,112,197,142,130,248,21,200,89,56,249,58,177,33,56,205,221,49,2,210,96,96,199,110,252,1,198,224,171,102,139,22,161,101,248,61,164,8,167,49,178,249,63,89,63,6,184,68,83,252,227,145,41,206,71,192,78,50,250,102,113,120,27,50,221,46,157,251,88,145,95,6,42,111,194,182,21,203,21,67,116,242,22,127
50,105,114,106,147,149,225,43,209,139,92,151,172,23,9,116,223,34,161,78,196,233,199,184,245,152,220,205,181,172,131,134,152,53,170,4,205,120,65,222,70,189,185,61,213,68,130,246,197,61,5,194,30,81,245,164,196,13,252,79,55,216,63,47,103,152,107,182,174,137,71,88,1,169,154,11,167,242,25,157,121,240,13,65,245,157,48,75,251,206,241,252,201,42,45,229,208,3,209,237,242,9,187,252,65,157,116,64,91,11,64,168,118,137,52,230,114,30,125,83,241,247,122,3,181,12,173,27,127
163,43,16,24,244,97,78,129,34,45,93,248,7,37,219,118,22,60,68,103,127,72,117,46,155,155,102,211,139,215,204,32,65,118,44,82,125,168,232,65,57,122,238,129,22,163,109,31,31,104,127,175,68,178,58,200,144,194,61,97,118,155,123,228,92,121,95,156,205,13,94,53,217,176,32,217,19,235,134,243,114,170,3,0,102,67,123,154,29,153,239,160,165,252,40,128,80,164,185,37,51,246,34,202,17,238,37,165,240,172,189,152,115,146,135,21,227,105,130,51,178,155,207,87,5,200,28,97,127
50,204,236,60,63,195,28,243,20,204,109,111,14,162,165,189,166,213,198,59,133,4,117,122,76,170,174,1,80,114,203,218,199,76,3,35,20,198,190,210,159,175,83,154,118,120,182,83,33,253,197,166,80,112,181,13,244,244,220,155,56,129,176,201,173,173,243,98,169,104,191,84,59,64,128,69,92,238,47,132,239,200,165,141,217,108,25,143,199,45,52,7,233,15,183,159,235,226,193,195,91,149,11,152,74,121,245,211,42,178,126,221,160,75,126,10,48,103,167,190,30,99,209,58,224,222,222,146,127
105,87,207,1,202,14,120,84,121,250,0,30,12,166,34,150,78,20,203,102,75,92,75,210,93,218,20,225,60,138,137,190,110,172,64,131,204,88,51,139,102,235,17,139,229,13,205,115,78,25,3,162,77,233,152,181,3,12,55,151,147,119,108,23,125,128,177,182,119,4,7,143,123,251,101,89,153,165,164,167,131,176,100,82,229,159,174,35,189,116,30,47,73,137,129,65,132,165,77,225,111,241,135,109,40,46,179,187,203,247,158,10,194,82,2,113,139,146,87,146,242,151,144,69,32,143,163,156,127
62,177,45,12,245,250,253,113,239,195,76,184,160,240,169,10,92,199,119,131,18,224,139,216,132,180,129,143,51,8,112,100,169,149,44,101,239,171,150,107,162,0,13,38,103,104,80,78,243,223,110,136,101,191,56,202,242,169,75,254,5,195,73,67,180,22,230,137,153,49,2,140,34,186,103,17,7,89,112,205,18,41,163,128,127,16,177,229,84,217,170,11,114,28,167,201,101,192,40,50,202,73,138,247,214,38,9,73,135,68,166,172,11,209,142,65,75,107,51,55,32,103,182,91,62,41,9,157,127
70,59,158,159,125,151,69,68,225,168,92,183,197,197,141,181,26,221,6,147,244,228,94,196,152,132,149,6,63,128,119,179,106,100,64,167,24,227,181,18,139,72,167,52,43,55,6,184,6,77,10,145,136,67,229,29,165,79,6,106,27,43,29,243,163,18,241,160,191,43,111,199,73,34,248,121,6,88,92,214,157,173,76,120,54,226,222,121,36,250,140,122,49,168,111,9,230,71,210,126,57,224,134,125,130,199,76,42,75,138,94,242,247,166,7,153,253,37,15,38,103,68,56,54,224,179,144,232,127
135,172,80,127,152,184,43,142,204,107,249,24,75,78,158,111,121,216,246,176,186,15,76,54,13,177,112,46,73,82,192,100,202,17,212,7,251,120,77,57,55,112,250,110,24,228,253,178,85,186,8,43,244,201,36,92,10,210,163,121,251,145,109,183,202,46,17,225,110,65,52,133,212,250,58,40,97,179,154,158,81,221,113,91,120,12,51,133,153,22,155,45,49,215,81,208,127,187,28,14,209,100,53,73,46,141,235,48,124,34,123,38,142,115,24,79,44,163,246,2,220,183,36,68,129,237,20,24,127
211,26,22,204,119,104,180,170,44,144,168,134,150,175,11,9,251,9,88,109,213,213,42,231,115,199,185,29,221,212,165,188,235,176,151,237,73,245,131,225,128,162,82,220,122,195,189,57,210,23,195,229,222,182,210,122,4,179,53,56,176,30,178,92,163,5,152,237,229,79,186,170,242,178,145,14,78,175,235,229,152,208,73,48,19,122,5,160,2,53,189,25,249,21,18,145,182,171,67,106,212,182,217,206,229,136,167,2,238,158,45,231,100,45,186,94,218,92,24,139,102,170,66,232,251,68,163,151,127
169,179,88,62,91,119,53,118,83,112,132,28,228,46,108,136,38,29,125,178,211,111,244,118,129,91,105,72,145,232,201,205,225,153,142,1,104,43,199,108,31,62,151,74,246,87,73,249,96,60,159,180,190,222,238,196,225,40,171,103,76,236,197,46,142,94,223,48,11,184,179,195,190,56,71,117,185,77,254,185,183,192,154,151,229,34,62,108,214,79,18,44,239,205,247,20,113,36,197,74,119,206,49,114,178,165,27,104,193,40,125,216,189,189,157,5,135,208,184,23,9,32,117,253,107,212,105,77,127
105,205,108,99,127,50,50,196,15,113,180,203,80,5,37,20,10,153,158,191,70,149,219,26,95,123,236,196,111,171,192,82,69,61,216,12,111,43,242,172,8,208,186,28,22,35,127,146,176,59,5,220,246,207,229,112,247,62,254,184,148,217,181,78,215,31,154,211,10,218,9,31,92,83,191,137,127,105,108,124,126,132,112,198,97,177,213,69,243,82,207,50,19,250,31,180,10,105,117,177,79,27,247,128,145,216,237,56,136,213,189,144,2,31,239,25,43,4,83,69,77,78,101,22,207,184,49,252,127
209,27,43,141,70,19,254,47,140,180,110,25,216,29,130,252,107,244,47,191,234,158,167,102,172,39,88,81,214,237,207,120,39,35,98,231,153,34,8,221,148,15,103,213,240,22,14,32,2,118,106,33,252,212,48,56,103,208,54,128,194,85,118,49,110,36,100,45,253,3,40,199,11,85,139,206,103,210,70,194,226,251,213,214,239,254,62,73,71,148,226,176,25,225,227,75,58,92,71,70,51,216,35,0,22,46,175,98,52,139,198,104,24,252,253,157,204,207,71,117,215,106,185,79,33,141,177,247,127
101,50,37,162,58,237,122,7,225,22,166,70,227,145,183,114,115,128,243,201,223,143,163,113,213,128,154,192,99,213,133,151,188,169,44,82,202,62,135,102,158,142,63,4,80,154,71,60,52,171,187,138,76,228,166,111,236,111,212,249,106,141,161,90,58,252,243,84,37,51,52,124,217,190,145,159,234,130,136,23,124,226,168,12,106,207,178,91,153,232,122,176,79,249,177,87,119,149,60,138,145,1,204,117,196,47,66,170,42,131,100,127,45,94,69,136,100,45,227,223,13,218,14,221,198,109,162,178,127
19,194,4,249,99,34,53,188,52,97,49,117,205,187,127,181,51,28,105,129,172,77,77,1,234,243,124,95,229,98,44,110,158,168,33,98,93,214,67,88,96,251,228,236,141,73,10,196,49,43,62,100,254,247,185,223,236,42,100,57,247,0,50,191,126,16,186,77,156,10,243,175,167,233,236,48,213,23,102,202,209,239,6,171,121,37,209,214,117,10,101,194,50,103,67,194,77,220,220,242,244,204,18,37,205,26,203,208,26,44,213,102,75,141,118,9,40,202,82,9,172,58,192,182,75,237,231,248,127
22,137,130,89,136,32,20,77,21,189,211,56,32,249,130,32,163,18,64,54,213,89,66,4,39,213,148,115,194,71,33,98,81,22,220,119,173,8,126,236,206,11,200,84,104,130,15,23,4,132,175,84,4,62,232,234,89,166,35,8,121,149,253,166,214,165,168,61,234,175,225,167,57,141,40,188,128,121,112,129,14,217,203,63,254,74,90,213,186,236,47,57,37,187,111,212,120,93,171,29,35,56,65,204,128,1,203,196,217,19,201,250,248,71,68,137,140,56,5,183,87,171,201,120,151,114,112,179,127
181,230,245,133,224,232,39,50,169,157,99,183,9,57,96,183,128,97,3,174,237,216,119,55,216,146,234,145,58,214,4,122,26,40,46,209,38,67,76,210,66,153,235,69,119,242,214,6,210,220,6,174,238,249,242,220,247,165,135,144,247,124,67,228,2,187,157,4,160,64,74,60,91,106,2,115,114,173,55,88,71,187,121,78,224,174,73,52,222,208,16,35,85,3,22,48,241,196,251,181,207,76,6,45,174,112,10,48,36,42,25,234,121,234,156,144,48,228,26,16,229,179,156,67,72,29,208,37,127
36,178,19,93,99,249,78,70,239,149,70,157,212,1,92,4,72,4,23,105,87,112,173,81,167,162,213,178,44,68,70,97,48,168,199,247,81,136,95,137,248,182,209,111,188,98,130,180,123,200,161,37,189,161,145,236,114,119,250,145,245,141,97,47,167,252,105,166,29,230,103,17,120,90,241,118,125,66,89,170,153,108,32,35,181,220,127,116,241,159,232,51,122,96,243,206,208,117,138,155,247,80,23,170,157,149,145,193,136,98,54,138,9,163,181,173,40,204,75,205,4,84,138,47,36,252,42,179,127
251,58,29,208,111,85,74,183,136,101,57,163,3,42,107,160,239,102,233,115,53,130,243,87,171,152,86,191,96,91,39,206,4,80,167,183,54,93,194,105,57,84,231,140,210,92,66,211,90,157,36,177,129,57,40,235,40,33,120,197,196,26,149,78,190,74,148,182,75,65,252,144,184,174,206,252,131,137,253,73,246,212,177,91,209,69,32,65,13,61,228,159,53,18,230,57,154,57,238,158,108,140,19,165,155,209,147,170,197,211,148,60,248,13,143,19,107,44,167,196,127,231,26,194,192,60,144,236,127
156,151,16,46,145,176,142,5,97,175,137,34,195,200,162,174,178,236,178,3,181,137,174,253,1,136,237,101,19,121,248,61,16,85,63,130,80,65,166,70,168,120,202,3,36,235,73,193,121,46,242,94,160,140,157,126,233,164,98,19,34,197,69,57,220,108,231,31,141,44,105,219,65,74,194,32,99,100,165,189,229,189,182,214,185,105,97,26,247,81,146,118,196,140,215,154,119,217,163,193,1,184,60,140,81,214,6,148,148,88,12,121,24,112,202,47,81,12,122,230,151,30,225,97,80,80,143,89,127
216,89,171,128,51,1,79,94,192,30,232,16,101,182,88,128,226,239,193,149,92,64,167,77,115,32,96,78,243,54,65,181,31,55,143,11,179,165,204,115,143,102,184,195,115,186,146,54,165,233,49,226,220,50,62,40,106,201,209,120,154,47,127,102,150,179,224,230,154,38,12,176,140,74,210,91,29,35,199,85,126,146,47,102,238,148,136,85,206,82,17,146,207,105,216,46,239,6,114,164,249,181,211,47,204,240,181,181,42,250,131,26,230,208,17,180,145,125,18,44,179,17,187,235,20,94,96,201,127
2,237,160,252,105,51,242,81,40,207,22,4,100,129,122,13,137,66,1,64,93,115,51,19,6,6,186,204,185,108,67,161,173,149,151,197,116,13,125,68,27,77,8,237,209,176,251,251,159,225,38,228,144,65,113,83,110,107,12,158,164,204,213,226,172,147,251,224,202,139,124,210,245,211,81,249,2,57,29,53,234,42,71,167,96,111,136,19,103,29,26,122,223,207,233,68,58,172,10,94,244,51,232,86,246,217,85,95,133,76,136,113,184,198,77,18,176,10,179,114,137,214,67,27,8,230,87,202,127
234,3,88,139,199,141,71,123,157,129,25,21,245,42,88,16,27,202,100,227,30,165,110,175,74,15,193,55,154,195,50,153,203,237,194,144,42,139,52,79,120,129,80,129,92,71,241,102,251,2,98,160,147,83,89,241,59,58,243,155,154,195,161,101,203,74,65,3,80,27,167,17,106,241,246,153,191,44,148,71,10,220,126,65,252,123,169,244,238,146,24,100,152,179,78,151,110,164,241,60,228,111,135,78,12,202,20,137,208,121,103,101,114,119,200,182,37,13,29,198,136,66,120,75,67,252,85,27,127
154,17,154,173,158,101,87,56,108,200,121,208,45,215,89,97,29,141,35,173,136,62,53,30,109,153,13,146,109,130,192,59,97,154,111,137,117,13,111,228,234,181,196,15,144,30,227,132,50,148,248,238,138,73,49,253,191,95,111,130,175,142,171,39,61,163,180,126,226,211,180,195,219,59,52,111,220,226,119,135,41,228,232,79,46,148,134,85,70,120,18,175,111,180,11,240,122,15,116,94,173,137,190,32,92,61,111,105,0,101,215,81,63,79,4,199,182,244,238,124,170,109,28,175,230,42,107,197,127
10,172,62,190,163,110,184,238,107,240,60,253,238,202,39,48,77,24,155,203,5,163,15,89,137,195,207,39,93,223,3,39,121,241,180,128,196,156,75,196,200,148,210,134,41,52,96,197,108,232,67,21,14,147,228,140,215,169,165,129,141,23,141,213,193,6,164,239,23,31,34,205,223,74,89,115,130,137,26,246,7,25,130,104,18,70,15,244,155,131,213,9,126,247,164,66,158,84,79,6,91,188,11,145,6,101,234,18,11,178,239,192,64,160,212,145,211,27,57,105,202,222,27,224,16,85,45,89,127
17,194,16,160,146,56,40,221,217,234,61,107,233,114,132,90,73,16,183,212,22,166,7,196,119,96,54,246,167,1,245,106,113,4,6,237,78,138,178,159,156,57,170,232,222,139,136,143,246,48,62,178,44,9,156,82,129,173,224,166,182,64,246,251,229,213,185,230,116,62,122,136,185,158,55,66,74,110,239,203,145,42,79,119,248,134,67,114,43,105,22,32,77,86,39,189,37,149,211,79,228,188,171,87,158,239,34,107,136,103,112,59,226,32,173,144,250,61,151,217,166,201,18,230,169,143,111,55,127
202,114,69,102,47,158,229,41,175,52,184,136,140,17,9,236,5,41,38,202,200,40,48,245,166,148,48,18,241,20,173,111,146,176,213,44,240,246,135,97,59,123,37,28,1,103,67,129,107,253,183,12,112,18,172,134,184,12,49,40,108,177,60,134,23,120,235,112,121,249,83,171,118,218,4,30,189,215,119,219,234,113,122,155,27,103,214,252,163,140,216,253,225,58,41,137,12,118,223,193,72,116,90,151,81,183,172,233,8,146,110,64,240,69,153,194,200,111,103,179,253,174,131,214,115,200,12,164,127
36,137,55,134,135,69,171,20,204,115,234,250,91,42,164,42,207,154,114,242,221,202,64,66,198,114,89,122,247,195,96,229,127,213,226,155,163,185,78,113,230,58,165,220,177,250,147,121,233,243,209,55,14,254,91,88,144,129,193,249,204,162,180,247,77,170,184,159,80,35,120,82,80,6,192,171,220,70,163,238,183,18,74,241,97,225,82,179,194,169,65,154,212,79,129,18,164,253,147,223,131,170,75,34,229,55,70,95,227,101,49,183,244,90,9,182,227,155,121,9,82,200,202,72,31,77,167,221,127
112,124,7,9,227,222,181,150,162,90,217,52,116,65,121,47,153,245,131,182,223,44,196,117,225,209,144,150,14,227,210,251,215,120,9,240,214,181,37,227,108,244,195,23,210,244,165,153,250,137,38,31,19,158,153,110,99,199,61,247,46,147,146,204,64,250,161,80,83,122,79,222,14,0,66,48,130,143,83,220,78,253,153,146,18,87,49,122,2,3,6,17,155,253,32,68,98,142,45,133,43,84,201,202,179,214,37,5,122,200,174,136,60,98,141,161,37,55,186,51,15,202,43,18,233,212,38,19,127
172,118,247,52,201,43,76,235,173,53,63,132,152,20,223,229,9,237,214,236,25,219,61,191,28,158,76,57,179,239,76,55,83,209,122,209,8,169,173,27,200,104,1,38,211,211,114,39,141,104,92,183,156,231,193,161,195,213,34,141,21,29,58,232,41,84,135,155,123,170,58,206,153,42,181,4,84,218,23,163,11,90,167,76,149,213,174,155,251,156,177,209,119,241,208,215,109,236,189,111,65,222,61,161,61,115,246,27,40,180,234,107,63,85,203,76,154,54,93,54,239,64,173,237,65,186,245,138,127
216,30,160,208,168,33,61,76,100,117,112,72,237,52,150,41,109,186,147,53,148,31,67,249,127,181,111,114,69,25,49,62,188,8,54,196,242,84,214,105,185,99,253,248,75,67,101,39,26,64,12,234,82,129,152,31,30,162,212,183,78,126,217,200,34,204,246,221,126,94,69,16,103,252,6,56,227,40,144,152,181,66,222,57,244,121,134,30,80,190,18,96,10,177,122,13,223,42,238,96,194,252,30,237,18,74,104,212,139,38,182,111,193,158,18,20,136,113,73,127,149,36,97,242,163,224,75,29,127
223,29,117,180,51,250,252,82,29,90,10,197,249,96,51,182,48,127,70,36,253,27,220,16,205,112,247,171,109,103,55,251,182,151,238,254,71,7,212,84,216,16,234,81,44,135,248,194,161,92,220,208,63,250,214,81,185,187,239,116,96,66,44,234,193,30,131,62,80,34,78,77,227,0,177,162,228,113,231,172,44,159,151,205,99,134,63,226,44,234,190,192,98,62,220,170,173,230,204,234,192,224,198,18,107,108,168,6,112,171,73,18,158,182,86,72,233,82,5,46,125,57,132,61,213,178,42,172,127
19,107,151,104,25,19,173,130,19,65,237,89,137,51,153,211,29,204,23,131,157,155,24,200,49,18,142,161,222,15,147,23,10,142,6,186,21,252,7,233,29,204,84,100,72,157,11,86,16,25,90,234,219,229,44,204,235,182,187,126,124,36,219,118,51,65,160,47,154,97,228,233,18,183,237,77,173,168,20,38,137,67,72,237,178,111,174,212,204,76,170,200,157,14,67,210,47,67,147,3,74,208,128,227,116,91,230,130,66,114,30,186,239,137,171,234,244,137,172,214,40,35,92,108,11,47,228,129,127
1,159,26,159,172,244,145,175,61,229,94,84,125,165,9,17,89,96,76,163,7,202,68,160,133,60,125,49,110,183,61,50,108,124,101,131,70,149,167,248,184,149,60,44,172,88,16,163,79,109,183,98,80,136,28,141,185,170,39,203,168,44,158,245,167,147,163,194,219,230,234,246,203,5,23,39,191,166,21,209,211,21,231,60,22,172,184,109,95,145,11,200,48,195,167,45,208,225,244,1,13,143,207,200,131,199,56,33,31,139,216,24,162,179,179,230,191,189,38,239,231,101,34,224,129,21,167,162,127
54,62,56,134,147,64,186,93,211,249,129,225,18,17,144,233,100,21,231,246,178,37,133,77,214,155,231,222,246,64,48,133,228,107,142,36,12,95,53,133,14,155,173,95,221,76,120,17,142,93,249,11,33,86,10,222,14,197,129,160,107,101,5,131,156,106,99,74,45,141,182,254,149,190,10,115,36,97,218,184,254,35,46,11,76,209,98,141,56,145,107,20,126,215,138,146,229,98,92,192,239,70,111,83,115,160,6,76,42,220,190,92,131,169,242,181,149,97,3,136,155,224,228,106,204,215,99,137,127
108,78,105,48,177,149,133,253,186,71,170,63,184,238,92,134,72,226,14,179,136,224,145,7,136,183,67,164,94,92,141,175,173,246,249,23,87,128,233,95,159,219,39,188,10,158,48,253,172,183,220,43,219,3,161,148,39,156,34,162,239,27,251,99,101,234,165,93,136,204,201,240,220,134,212,220,144,65,132,123,110,168,217,82,194,251,167,101,74,143,61,136,23,40,112,5,178,107,217,65,252,217,173,213,254,227,203,142,197,177,13,4,121,16,43,69,213,232,32,23,161,17,92,157,59,55,197,143,127
2,20,233,121,32,53,134,181,19,175,184,160,65,73,125,213,76,88,50,151,187,57,27,167,32,70,193,198,203,2,18,159,230,159,4,93,43,250,251,107,75,235,187,117,217,58,48,70,68,173,241,185,190,116,233,16,47,232,50,145,17,178,230,188,189,189,226,53,181,85,150,35,113,24,71,177,115,203,180,236,19,66,245,181,16,223,69,114,114,126,91,202,138,156,15,111,121,9,2,162,118,184,249,53,16,6,247,213,15,130,204,151,10,227,231,193,16,197,188,222,58,71,13,91,96,225,80,231,127
89,52,114,163,102,142,97,143,46,52,65,160,150,131,119,234,244,112,178,62,63,242,77,167,107,153,238,11,243,242,127,155,20,179,66,108,239,56,64,129,18,202,69,83,184,56,147,26,126,237,198,113,232,137,161,114,212,108,91,118,210,195,246,39,136,143,64,45,72,50,195,23,57,191,199,84,190,23,93,186,65,44,65,120,177,228,16,196,55,237,208,186,124,165,52,122,150,11,147,137,16,238,173,178,12,77,175,102,150,171,189,125,51,219,4,79,12,56,126,11,185,56,12,200,12,44,107,241,127
108,7,83,0,6,146,38,253,168,158,26,237,107,22,248,182,171,241,174,196,211,7,117,135,49,238,206,131,164,84,214,226,140,214,232,40,167,29,139,136,104,242,73,41,84,107,201,85,25,225,253,18,211,65,251,92,220,44,221,113,17,62,118,52,68,162,251,174,25,193,116,35,174,50,250,98,209,139,236,224,17,106,25,97,195,92,116,218,37,182,172,131,43,97,144,129,170,55,186,92,54,208,57,104,121,149,130,221,82,125,62,25,210,45,199,75,137,183,233,236,18,181,36,182,252,74,173,246,127
53,90,32,52,206,173,155,82,237,162,191,37,107,171,204,77,241,229,119,143,51,140,214,51,29,224,188,208,58,213,238,236,91,192,73,76,144,34,133,128,50,41,53,60,127,56,142,181,52,191,44,109,209,177,11,94,194,114,115,73,147,26,118,47,187,38,84,132,110,162,70,107,2,65,183,154,120,36,97,245,131,15,223,158,212,94,158,61,91,38,236,68,253,35,158,68,169,205,10,78,51,152,110,218,200,195,104,158,175,74,183,54,182,57,144,220,216,43,172,80,224,7,81,227,71,248,202,129,127
83,34,81,77,173,24,16,14,84,34,134,60,158,184,83,4,112,187,27,42,15,93,249,194,157,205,36,222,8,44,2,133,45,162,183,6,160,220,127,214,42,93,149,211,137,110,235,128,215,199,112,227,150,134,82,203,125,241,246,35,190,135,107,82,223,73,82,94,45,192,228,95,193,40,137,240,200,128,71,170,145,168,20,172,62,193,118,12,194,76,189,155,124,191,213,218,43,180,111,159,204,102,32,26,228,131,80,87,36,37,36,85,132,192,208,129,221,174,111,80,214,51,7,238,253,191,142,182,127
137,46,21,174,151,95,41,101,115,92,204,151,128,22,133,199,84,252,50,148,194,183,222,18,24,78,172,214,124,64,14,75,136,41,54,162,16,222,13,122,36,103,117,81,188,155,46,21,39,119,187,168,39,188,243,177,187,202,93,93,129,57,29,251,148,217,57,205,68,168,94,22,24,84,15,9,154,134,2,102,87,68,190,127,27,216,182,207,225,251,129,22,107,43,54,149,140,83,154,251,220,232,60,185,19,9,200,7,160,61,225,136,26,30,247,2,9,71,157,27,239,133,42,185,228,56,19,55,127
107,252,240,197,212,248,153,176,149,175,13,229,127,32,28,119,29,34,51,211,117,232,58,206,197,102,16,78,188,5,55,170,128,130,135,251,234,246,84,123,113,124,161,215,161,63,187,192,29,129,7,86,103,223,136,46,206,195,205,71,78,189,230,182,60,21,175,218,148,45,52,157,18,61,161,100,45,102,232,42,92,202,66,39,126,238,4,251,208,141,192,247,224,249,51,55,21,26,142,163,106,91,142,98,210,42,138,61,188,195,115,172,83,46,47,48,205,4,15,111,244,60,91,199,136,123,115,150,127
16,148,76,90,155,181,112,246,39,87,94,60,242,211,155,230,185,2,225,219,193,173,190,56,55,1,247,105,140,173,252,183,109,19,234,131,22,139,248,144,22,56,127,154,82,248,139,217,21,206,189,126,70,4,170,32,198,223,71,157,56,79,241,185,154,40,108,86,225,73,251,241,156,201,53,220,152,1,156,5,60,215,38,148,63,164,180,47,163,240,250,173,247,225,157,10,156,122,147,187,90,213,203,230,51,74,122,23,100,196,230,40,135,137,78,173,66,96,208,63,83,187,59,177,213,99,2,114,127
68,192,180,196,218,191,82,3,21,216,203,120,6,140,164,200,192,174,102,121,212,22,181,231,141,52,36,65,192,201,26,96,16,98,76,245,168,147,11,162,49,26,1,79,93,169,252,122,91,23,140,162,119,98,235,56,131,130,77,27,69,224,190,165,104,191,55,46,71,42,20,133,229,227,123,153,227,153,42,51,166,120,53,126,22,64,35,59,117,219,139,152,139,147,158,176,14,42,169,11,200,231,77,9,108,50,219,218,118,14,113,202,19,57,230,160,253,68,215,39,250,24,94,41,172,128,128,46,127
156,231,127,182,207,230,49,98,237,43,249,236,81,78,203,71,143,95,106,85,66,158,127,140,128,14,10,220,132,5,104,249,182,80,93,184,229,28,176,59,31,204,159,43,47,151,247,75,143,230,216,108,229,143,204,29,91,109,131,203,222,119,130,80,85,61,49,74,126,146,145,207,199,244,208,84,69,109,192,205,62,213,4,104,162,219,66,152,216,113,146,200,107,96,231,200,26,36,171,16,26,100,28,226,166,155,230,142,225,13,212,14,56,141,243,223,2,170,240,82,250,224,78,16,239,117,132,76,127
179,216,54,89,27,14,35,213,71,161,28,28,240,136,110,224,48,183,141,247,15,13,190,181,31,101,4,176,233,221,240,190,86,242,152,81,40,158,212,142,66,165,243,25,184,43,246,89,175,129,156,77,228,154,107,183,197,8,239,149,58,78,117,99,204,80,125,100,70,96,218,29,160,5,226,214,187,59,175,223,99,192,83,102,122,77,235,25,42,31,19,143,146,114,70,206,148,141,95,238,251,27,231,120,82,159,109,165,190,162,156,226,230,133,63,81,101,213,121,57,210,172,55,110,216,124,80,189,127
106,130,77,170,54,182,151,15,79,138,238,140,156,164,126,193,232,230,8,176,188,15,26,36,236,39,151,30,181,41,28,203,196,214,60,213,34,76,52,55,142,79,38,27,205,212,14,146,245,29,219,248,36,12,141,230,25,58,253,95,79,19,81,97,114,180,126,152,7,132,46,247,8,84,96,57,240,107,193,236,104,78,120,198,31,113,166,10,41,23,77,133,100,91,110,125,87,148,111,143,95,203,239,151,2,57,28,78,122,58,68,170,215,8,136,167,121,124,53,159,15,28,246,79,163,85,114,61,127
136,112,223,63,87,125,138,108,235,50,55,66,127,162,50,215,241,236,238,92,161,18,194,63,199,161,214,212,175,107,233,161,189,219,230,66,238,54,74,15,29,43,137,126,179,231,61,49,251,45,185,102,217,80,244,213,252,242,58,250,0,251,121,191,32,115,186,88,193,192,39,229,165,235,215,144,225,236,52,196,242,131,113,63,27,75,220,188,91,4,172,185,117,125,50,207,5,198,203,71,39,198,40,149,253,222,126,19,128,236,37,225,237,229,67,168,195,15,11,79,46,67,51,24,160,235,186,40,127
122,91,174,206,200,100,227,135,13,90,111,81,160,89,139,212,183,153,226,17,225,97,148,253,151,35,126,176,12,39,171,230,225,10,122,174,29,97,49,163,149,204,183,42,37,9,80,12,12,71,66,234,107,176,209,57,98,223,122,65,242,212,149,186,76,204,250,180,135,90,118,82,155,150,198,6,167,204,28,103,37,138,8,2,181,254,181,22,224,77,82,171,39,241,234,16,112,204,61,251,140,188,165,188,201,215,141,82,48,114,12,14,151,217,110,95,182,159,131,241,168,0,25,139,207,131,91,178,127
102,228,70,168,154,173,176,217,113,97,184,157,229,74,138,137,242,22,238,219,66,162,226,16,30,62,114,176,203,128,243,183,110,35,253,190,200,182,147,87,171,236,151,246,160,133,56,27,10,33,227,132,31,17,31,221,24,196,36,54,100,86,186,170,165,85,107,121,64,97,219,144,25,59,131,82,157,93,169,123,157,223,88,253,136,140,174,187,84,180,220,46,106,207,91,1,166,81,166,193,200,72,211,233,246,109,238,129,146,254,225,83,78,30,121,221,232,84,5,79,48,32,147,12,125,72,3,128,127
57,216,159,173,158,72,95,120,162,213,182,69,245,75,133,161,178,27,95,96,125,166,182,199,254,136,227,112,59,183,204,164,25,218,15,74,47,81,47,141,85,113,25,7,167,5,205,64,134,145,73,167,198,51,211,232,234,54,95,2,215,49,239,195,55,115,78,188,236,150,81,70,63,129,200,80,147,243,167,127,178,155,251,202,236,65,8,126,73,21,161,183,154,79,188,99,2,204,149,180,1,240,137,105,121,118,6,113,51,252,22,47,173,178,99,122,69,76,243,7,31,131,165,74,207,141,32,29,127
97,94,39,90,37,251,16,88,207,30,43,90,87,69,140,100,17,172,48,131,175,242,133,204,125,95,63,142,56,20,236,209,42,203,1,62,196,76,87,177,58,183,122,205,134,38,130,218,100,239,122,181,97,36,47,26,188,249,243,166,179,143,69,254,38,27,147,20,230,254,95,116,192,32,210,156,208,47,59,61,19,90,103,12,217,50,140,173,171,179,172,184,113,204,79,17,105,149,199,170,211,33,91,222,11,43,68,63,187,206,177,61,34,140,51,107,123,156,87,197,136,222,107,46,210,162,174,112,127
249,179,6,50,59,16,57,232,143,105,12,79,159,140,152,40,70,117,251,221,38,82,101,14,8,99,14,135,55,199,84,37,168,194,184,77,168,24,170,171,20,135,20,249,190,25,27,199,200,80,211,145,150,250,249,98,167,28,217,6,33,187,78,101,43,57,145,214,14,34,190,100,84,72,251,149,23,9,169,55,107,88,160,198,252,39,70,99,160,14,179,244,164,10,185,8,1,154,169,5,76,148,232,165,108,90,186,247,223,229,156,122,245,139,178,179,83,185,208,87,22,131,97,184,138,38,79,40,127
165,60,179,135,108,125,87,224,44,151,227,155,42,122,155,190,44,28,109,30,128,68,201,8,235,81,141,149,220,236,139,113,248,81,225,216,234,96,69,217,165,214,148,251,24,155,49,230,221,182,128,161,84,164,65,204,88,148,227,165,239,190,129,131,147,35,68,28,200,24,90,79,68,128,179,15,142,167,120,127,242,203,76,220,173,189,44,103,170,16,250,163,247,137,39,83,226,57,65,199,69,253,207,87,21,171,126,230,38,243,219,109,161,4,110,125,213,154,214,177,51,12,217,44,49,67,98,158,127
209,60,56,76,226,171,241,96,151,223,247,241,225,145,147,14,191,63,37,141,103,82,152,215,63,38,229,218,238,70,216,177,206,223,248,180,171,246,57,47,126,215,75,248,70,28,134,134,201,161,219,247,158,100,237,0,58,55,108,78,14,87,154,171,226,90,101,33,40,243,176,31,137,141,5,4,149,213,235,27,124,171,161,35,134,32,188,147,105,84,87,212,78,171,45,127,127,83,189,58,216,134,94,242,196,48,167,107,247,222,252,240,132,25,97,210,22,25,190,188,221,216,103,222,191,185,164,113,127
2,151,223,105,66,133,12,25,50,28,218,108,119,245,245,98,174,105,43,1,180,114,5,4,36,170,94,76,12,10,109,124,251,138,86,76,95,116,218,82,185,95,61,233,235,196,124,233,20,54,79,22,190,243,101,165,64,144,112,156,252,205,243,226,241,156,201,179,251,46,198,184,227,225,12,73,44,147,123,196,60,185,216,82,19,61,239,250,172,66,50,96,209,153,128,65,207,23,164,58,159,14,116,232,39,5,131,137,142,243,202,45,138,147,185,252,228,197,91,139,106,110,210,49,8,165,5,71,127
79,186,50,218,242,149,137,60,148,202,4,1,27,127,162,33,190,192,182,171,211,118,64,30,115,95,200,16,43,24,185,243,203,244,13,239,45,2,199,244,7,179,189,114,224,64,87,55,43,61,101,188,56,13,21,252,96,169,86,118,196,195,127,3,37,72,131,62,82,84,219,240,81,55,82,46,253,86,237,189,146,211,147,149,189,234,219,50,200,75,171,50,217,1,126,55,121,26,149,187,26,15,247,95,101,49,128,66,180,130,16,37,203,169,128,121,178,50,119,200,161,237,83,34,207,55,101,203,127
189,215,46,9,66,166,250,104,200,159,93,169,229,178,166,109,62,194,135,75,81,172,3,31,190,143,21,156,116,172,43,93,123,178,52,0,22,164,141,10,36,54,0,248,244,74,200,211,11,162,201,64,250,172,64,237,103,169,93,175,19,57,115,215,188,85,72,187,51,120,47,5,181,132,115,11,219,221,218,142,54,147,202,3,239,132,22,71,109,194,131,194,171,218,232,146,225,168,159,143,120,25,133,122,61,227,201,108,143,126,138,110,31,19,57,92,207,249,238,157,167,156,15,52,72,157,203,236,127
193,228,232,248,106,230,15,76,179,103,47,58,122,60,34,80,66,45,224,42,19,146,21,98,116,198,76,164,93,54,136,162,18,11,102,158,201,228,220,83,249,71,196,208,93,252,25,146,142,191,102,224,23,140,95,129,133,253,113,185,128,156,186,55,3,221,125,52,62,252,218,187,35,8,118,31,102,125,100,180,254,236,140,135,79,205,15,12,166,151,237,17,98,65,145,20,197,204,6,165,173,99,229,120,111,105,254,20,188,2,131,193,183,234,191,145,230,200,127,27,38,212,223,208,188,43,209,244,127
157,198,126,126,146,175,26,164,202,217,207,126,165,90,67,204,162,192,98,212,104,89,9,50,45,109,54,42,35,124,34,211,151,240,84,193,76,11,138,73,97,207,146,179,232,202,8,82,19,41,27,162,37,21,1,58,179,67,166,43,53,199,235,53,182,220,20,98,101,22,42,93,201,182,24,114,216,51,177,35,64,60,97,76,230,136,50,168,12,21,40,117,56,51,120,135,168,251,230,145,47,124,179,48,208,56,83,249,97,42,104,123,232,93,115,214,55,126,46,132,123,73,234,241,238,116,75,155,127
27,196,21,140,45,184,66,77,163,20,79,79,29,117,12,153,65,195,236,8,220,235,139,50,163,5,44,164,193,68,241,27,23,230,209,232,130,109,65,218,112,193,87,208,14,18,172,162,231,18,169,99,66,177,237,228,30,1,113,181,196,78,177,34,161,242,111,160,6,106,217,5,162,195,119,115,85,244,173,82,150,178,203,182,103,127,38,84,188,127,156,125,87,182,45,53,142,32,29,96,26,202,118,98,240,44,139,3,21,9,220,213,206,129,159,127,100,202,157,90,57,230,42,182,52,142,74,3,127
100,36,30,204,54,85,16,128,51,49,195,115,77,122,230,171,93,102,113,120,174,31,58,26,37,90,248,56,173,129,159,51,14,150,155,177,185,32,70,39,232,132,133,13,61,248,167,14,191,18,107,113,86,19,31,102,37,154,193,118,183,6,50,129,23,106,187,4,24,57,174,82,95,248,76,200,205,134,183,21,189,59,6,143,56,58,108,171,29,214,153,42,98,25,252,192,101,215,164,15,238,198,231,26,39,234,16,10,91,183,92,60,213,163,187,184,17,109,240,1,82,247,137,238,20,91,189,155,127
238,38,247,199,220,204,9,176,94,164,99,248,160,130,203,201,196,199,219,207,154,52,52,101,232,15,71,180,107,92,59,151,129,212,73,28,110,69,52,243,221,125,23,19,56,55,15,4,3,127,182,194,143,82,183,17,184,209,95,189,165,117,241,23,29,32,240,135,51,165,122,80,27,19,66,218,186,172,131,18,96,77,201,133,150,112,157,220,226,126,251,77,89,13,8,118,252,237,97,203,221,244,68,117,2,49,50,117,94,224,25,137,184,33,178,63,94,230,87,134,134,137,41,148,158,94,101,102,127
27,77,103,219,66,13,10,7,7,235,110,204,94,199,219,125,69,60,192,169,50,40,216,153,121,203,163,103,29,200,247,8,219,147,171,251,68,125,68,151,188,52,46,14,251,49,120,215,163,108,93,209,21,138,221,225,180,42,140,202,81,66,141,233,127,125,179,119,230,254,117,194,38,69,144,98,227,116,206,156,203,74,213,83,79,26,221,64,161,50,163,44,237,232,221,219,141,30,125,200,235,233,31,176,209,69,203,121,42,174,164,166,126,163,17,239,61,159,243,104,117,81,0,148,112,215,156,184,127
98,67,210,170,179,89,136,34,12,54,135,52,140,112,162,174,196,215,55,10,131,178,42,245,135,55,10,2,173,123,112,209,224,208,172,194,219,75,137,14,171,221,148,155,245,55,215,105,201,124,130,46,179,137,127,130,151,117,243,96,168,100,251,28,107,20,130,17,1,98,36,197,20,160,62,157,225,94,69,248,204,162,28,154,108,200,81,139,127,122,220,177,88,148,96,3,107,49,6,35,104,99,153,114,116,125,245,185,195,104,9,173,205,93,137,39,146,80,39,20,79,9,133,53,248,115,87,127,127
218,168,60,117,6,23,45,85,137,114,170,41,220,249,47,233,86,163,153,42,115,57,192,3,70,158,29,131,204,59,6,198,123,143,164,68,179,144,164,172,231,20,51,187,202,254,144,39,240,34,135,122,134,171,84,82,147,48,94,35,217,32,147,215,42,128,68,123,132,211,106,206,80,56,62,154,83,238,39,21,59,230,141,173,235,176,56,30,42,236,113,144,65,0,53,70,240,124,248,68,238,136,216,9,140,246,118,167,226,208,147,35,20,177,85,91,57,86,5,109,84,187,223,4,80,180,43,130,127
214,93,6,182,232,82,232,108,245,112,60,234,127,206,54,211,109,4,201,32,57,206,157,150,126,51,226,213,240,245,180,124,105,230,214,60,169,230,186,63,86,206,225,180,202,136,68,116,221,71,2,209,3,117,149,67,134,187,244,42,244,163,204,116,7,170,102,241,153,225,222,84,149,126,105,177,8,122,121,80,165,27,210,226,236,55,39,237,159,87,115,52,224,251,179,106,184,63,50,116,176,97,114,27,222,208,237,229,91,182,41,203,193,2,68,118,194,45,218,219,93,186,99,45,16,44,10,160,127
157,92,111,154,201,119,149,113,88,102,109,50,178,7,146,151,1,135,29,182,185,39,29,244,217,86,93,78,81,147,66,75,68,225,64,31,64,112,132,152,29,251,9,151,161,128,127,43,25,1,125,104,212,180,137,141,221,176,212,2,83,252,251,96,64,62,206,63,238,171,253,131,61,58,122,237,13,183,101,216,68,127,57,69,71,209,142,40,142,142,15,169,158,173,0,103,198,240,204,4,137,96,63,99,19,243,40,163,15,112,44,4,252,126,2,196,10,2,23,249,251,220,199,47,52,217,75,202,127
235,177,205,48,169,75,54,158,157,211,93,76,74,207,131,88,97,166,123,161,128,56,239,8,54,159,184,200,178,243,38,42,227,200,148,138,17,58,225,111,80,199,54,140,25,222,12,97,49,120,118,41,184,180,69,144,110,42,4,222,34,76,26,107,225,34,111,169,115,88,192,241,160,253,202,130,191,197,5,130,102,173,212,128,137,84,166,142,97,117,10,24,172,119,166,167,186,170,211,147,180,131,44,128,229,247,89,99,111,224,56,35,125,90,174,254,42,138,193,85,86,196,198,224,190,189,51,23,127
134,96,197,187,167,42,222,224,78,242,206,245,91,137,63,222,83,8,206,46,179,39,46,222,225,56,70,34,171,214,218,41,49,73,174,248,83,229,135,148,109,221,156,113,164,207,61,97,69,123,41,18,195,93,125,77,105,139,177,49,211,76,93,245,44,142,243,45,231,97,170,159,53,222,67,83,49,18,77,18,102,121,165,175,231,20,56,186,159,111,122,104,2,91,56,185,86,30,214,144,140,81,1,193,136,138,122,171,179,4,216,208,220,80,215,177,93,176,19,186,84,251,53,230,94,158,148,9,127
87,89,11,90,64,138,42,127,138,58,23,164,117,235,219,238,34,211,226,11,199,183,47,157,248,120,225,93,97,133,240,190,19,249,242,46,251,179,197,89,179,103,197,29,120,204,156,159,28,167,159,80,76,67,39,133,101,22,66,148,180,156,58,235,160,51,133,95,225,175,125,66,129,188,166,71,32,245,31,196,89,85,237,48,173,160,132,18,147,46,98,250,245,254,166,173,41,98,166,129,251,33,245,200,204,100,141,57,211,76,108,231,44,112,193,103,59,77,21,15,13,112,155,155,157,194,24,121,127
41,152,193,64,88,23,177,58,40,173,137,120,187,226,65,125,112,156,225,66,159,4,113,203,204,158,10,18,59,45,136,159,54,184,167,167,13,189,42,180,150,85,172,238,139,37,93,145,183,210,164,157,215,237,188,108,25,247,99,182,194,148,112,131,176,115,120,28,65,253,177,58,211,224,98,26,87,69,57,151,232,161,166,231,224,178,24,193,188,227,4,138,28,12,17,156,116,41,164,122,104,24,74,34,2,31,48,71,116,58,126,143,45,17,230,210,140,238,74,149,33,186,184,57,120,139,67,119,127
36,100,100,239,110,61,64,157,52,164,14,156,126,123,233,223,2,201,150,188,27,6,102,68,149,78,113,126,126,109,234,162,198,124,137,226,21,88,153,105,209,134,0,96,131,208,68,200,169,132,52,223,64,156,41,185,41,12,75,29,192,215,157,122,130,35,193,89,159,132,81,59,252,185,241,187,26,249,182,34,209,175,144,66,159,37,88,224,31,186,122,37,42,134,69,118,125,49,51,153,169,107,11,16,228,245,80,3,47,52,42,185,161,204,77,147,83,85,132,97,232,189,252,20,7,98,67,6,127
154,136,104,140,111,41,249,145,4,91,225,39,23,97,166,246,111,153,221,56,178,181,3,191,212,44,108,148,1,234,50,45,64,185,183,88,24,89,33,0,233,93,130,77,78,245,36,48,111,72,144,244,177,232,160,185,193,25,83,217,74,91,19,27,182,52,129,133,251,148,105,80,4,163,242,61,82,63,203,238,37,208,96,222,22,58,30,242,123,168,45,135,18,113,178,236,54,0,145,34,128,78,108,124,44,194,203,82,203,59,193,35,82,183,117,114,165,56,110,208,4,5,186,33,253,143,84,175,127
130,82,172,4,6,86,30,199,179,227,99,196,147,190,167,171,218,196,89,62,231,203,50,54,239,72,239,226,137,184,104,119,242,240,84,52,74,110,217,163,220,113,251,26,75,199,64,90,44,95,253,120,24,23,230,128,232,76,148,71,211,214,38,48,230,108,107,160,87,253,102,140,4,229,90,4,151,27,203,99,193,94,190,207,42,18,178,138,137,171,115,34,24,35,152,167,165,55,181,96,128,239,221,139,201,115,179,150,149,22,208,167,175,149,68,38,97,91,7,251,14,30,148,109,42,116,229,196,127
133,166,143,237,107,181,212,112,129,82,171,47,35,170,182,130,75,10,39,76,23,148,47,173,31,174,201,101,87,193,161,96,233,127,64,46,109,247,232,116,237,121,194,63,229,161,86,146,52,60,84,212,30,109,88,0,213,249,150,3,139,208,92,176,19,99,41,80,61,10,214,9,209,113,32,154,44,243,27,222,77,247,179,29,37,175,194,157,194,94,177,61,225,247,238,30,173,27,43,138,42,68,134,117,2,175,236,141,62,137,109,167,67,185,160,37,245,39,1,78,31,238,1,182,163,166,93,40,127
73,235,150,223,76,208,161,225,165,158,43,207,72,187,126,68,123,136,22,188,46,200,59,152,184,252,162,81,32,89,112,231,76,105,15,80,151,177,181,79,171,237,227,198,230,33,34,70,186,155,128,209,61,152,230,45,15,141,82,118,58,3,253,214,82,94,26,32,111,66,246,219,24,119,111,211,68,37,138,139,151,173,163,54,125,203,170,239,152,180,15,76,147,158,103,24,134,172,217,58,48,230,24,73,145,162,136,77,247,76,26,197,195,92,188,121,206,2,179,84,161,78,156,175,205,159,139,236,127
223,167,108,30,50,145,121,2,16,201,148,228,157,50,194,79,111,77,180,168,91,103,15,51,208,89,186,246,220,214,103,207,245,165,91,113,69,40,89,32,75,154,204,90,11,148,34,11,148,26,153,21,54,236,251,3,54,99,28,227,162,96,115,110,189,209,144,188,89,219,188,87,206,42,234,170,75,105,205,77,77,59,60,109,99,241,87,108,76,65,250,34,28,98,18,60,167,186,105,227,235,73,166,34,81,22,115,59,13,167,20,160,95,181,172,29,182,69,170,39,121,252,106,216,70,203,116,239,127
8,136,160,244,210,16,225,229,27,78,132,76,44,147,215,171,181,157,195,113,110,247,76,244,204,202,200,226,216,210,176,191,180,232,102,144,152,174,40,94,40,63,227,83,149,232,32,232,210,1,0,139,151,164,203,197,179,181,231,101,233,125,2,62,212,125,37,79,131,156,102,217,203,19,56,72,140,82,251,232,131,22,50,170,36,26,92,11,166,33,114,102,49,163,29,88,3,124,98,159,244,119,53,72,168,192,50,218,107,79,191,239,23,181,109,218,1,29,121,27,86,40,132,191,224,84,201,180,127
246,64,49,16,168,1,59,220,93,169,252,193,161,254,32,185,196,123,44,98,121,94,87,42,242,127,13,201,183,108,170,254,68,116,209,87,29,193,249,248,212,241,178,209,98,186,60,100,192,125,253,84,10,59,45,30,252,42,207,135,73,5,198,141,138,198,54,131,100,249,37,196,77,38,215,123,35,242,142,135,165,196,199,111,209,33,209,185,220,230,240,109,129,230,17,133,23,165,73,128,224,104,38,154,127,100,27,222,62,0,217,164,154,134,132,141,232,38,89,199,213,44,171,62,223,200,43,250,127
115,38,140,119,119,225,79,33,8,228,176,67,171,126,110,141,144,24,23,8,153,163,219,1,3,184,163,226,62,128,198,75,1,156,30,68,190,115,163,172,36,22,188,141,198,155,69,72,244,28,178,95,125,230,212,186,166,92,67,99,48,106,126,37,200,137,201,42,182,17,139,206,18,39,70,111,101,251,50,5,101,251,199,178,16,133,34,4,27,25,223,65,9,143,206,137,254,31,190,185,78,168,200,151,221,31,136,31,160,208,163,237,66,10,2,223,98,237,72,172,141,110,71,113,25,114,165,122,127
126,187,173,178,193,11,164,56,61,195,32,181,20,72,83,121,136,1,186,239,10,168,31,138,157,25,10,171,249,220,96,134,71,247,214,28,10,42,249,95,220,207,69,181,135,164,42,236,87,34,213,8,61,64,131,42,175,141,225,225,55,33,94,226,67,99,207,69,14,52,232,136,86,50,18,186,16,180,235,131,247,21,150,235,62,196,18,75,10,127,197,33,165,156,247,68,162,154,82,38,171,194,207,14,165,125,218,217,212,251,45,22,128,187,249,194,31,47,59,171,73,89,102,208,137,253,200,49,127
239,55,143,165,15,235,32,189,121,123,92,1,174,158,215,161,95,112,51,205,52,37,167,249,132,158,109,96,59,124,250,74,186,3,170,231,223,44,214,66,183,226,13,28,176,139,154,14,73,219,98,35,52,28,244,227,132,28,225,69,224,132,230,145,16,193,64,121,1,135,214,27,148,84,176,66,202,101,96,174,248,181,54,33,121,154,27,125,60,204,37,213,96,162,46,66,5,46,141,202,35,224,58,25,34,174,107,195,17,206,15,9,81,162,76,237,233,200,120,90,203,228,42,232,99,82,102,145,127
200,15,21,159,180,135,105,32,143,230,211,41,149,59,169,212,171,71,205,162,188,223,237,94,162,49,119,169,74,118,123,104,37,191,59,150,69,147,28,209,79,188,146,90,80,167,127,238,2,60,89,180,143,168,204,17,228,15,18,168,8,200,178,140,24,181,98,227,193,137,66,24,12,222,85,213,27,229,127,163,39,172,49,233,210,98,81,252,252,158,95,9,16,239,98,119,119,29,131,62,189,31,122,131,168,32,167,173,184,249,162,215,11,1,136,147,3,133,139,106,125,203,245,231,121,169,157,74,127
114,44,100,231,184,232,18,176,181,12,143,90,28,24,167,211,150,113,62,202,254,232,208,28,125,1,56,40,72,2,102,12,37,237,121,19,120,208,230,126,194,139,191,197,153,99,71,90,242,150,175,19,224,169,176,82,48,203,177,145,136,42,125,214,221,148,18,85,73,155,107,107,79,202,60,86,169,63,90,248,154,13,225,205,48,196,12,189,103,193,195,131,139,205,132,244,23,37,19,39,167,27,213,188,111,54,69,134,24,139,102,161,213,155,53,163,25,185,200,128,108,222,139,216,66,27,99,249,127
185,27,171,3,245,121,27,198,220,248,54,205,157,30,53,38,252,97,88,153,181,246,30,173,244,209,68,215,129,244,40,55,104,218,176,159,73,33,125,138,212,46,217,96,203,92,43,104,226,46,79,156,220,14,201,86,101,181,24,239,113,206,118,72,148,126,250,163,251,14,52,86,4,135,216,174,201,128,98,48,31,216,250,76,215,185,112,205,191,240,216,9,29,207,3,254,94,226,21,251,165,81,186,229,143,92,96,184,98,60,177,186,191,140,157,237,86,15,147,156,214,173,155,211,79,108,229,84,127
4,109,158,185,55,96,86,110,150,35,44,192,240,135,132,50,210,196,4,202,50,98,213,144,5,107,107,157,124,232,105,151,227,110,188,88,105,19,48,225,136,215,152,203,78,153,67,143,156,53,226,254,90,175,84,48,155,247,22,9,11,208,105,143,116,199,158,119,16,46,42,143,99,154,135,104,223,78,51,107,104,135,8,34,76,247,45,75,100,227,75,219,51,74,38,228,65,47,126,243,6,1,141,146,163,177,25,212,140,45,128,85,60,171,154,193,78,225,31,205,21,95,109,159,158,36,240,34,127
246,42,111,134,139,48,8,197,32,141,70,55,119,76,42,61,198,149,167,180,9,223,204,191,110,154,84,14,129,92,211,58,71,23,213,141,217,107,163,190,34,48,166,225,238,151,48,160,219,238,156,216,166,167,170,125,206,76,101,193,192,183,200,240,41,137,79,223,166,100,164,59,72,38,114,51,196,6,195,184,209,111,98,89,50,16,15,132,91,102,196,79,38,26,14,4,216,195,129,247,85,95,127,98,196,214,8,202,215,156,129,185,167,154,243,66,185,220,144,29,123,30,202,82,97,51,133,13,127
168,187,121,51,33,246,96,210,9,210,230,114,93,49,73,253,220,121,143,217,57,83,61,146,20,41,186,40,18,245,179,205,239,66,239,54,245,245,84,58,228,191,68,133,213,223,47,72,213,218,153,71,198,203,73,55,29,191,22,232,209,237,36,39,202,148,60,153,106,47,253,33,203,228,82,218,77,223,101,92,71,234,243,72,176,239,68,67,49,222,166,158,250,59,169,96,252,46,245,26,134,162,57,226,27,190,64,231,24,33,140,73,171,36,168,243,227,123,221,151,61,63,114,157,191,242,37,215,127
212,23,251,135,46,21,229,47,109,43,121,24,189,100,151,44,222,131,101,201,227,10,125,224,189,248,249,63,66,19,168,122,175,114,45,243,185,79,166,61,77,165,149,163,3,205,146,129,79,234,194,230,104,226,7,113,203,100,19,40,229,128,59,3,54,154,215,6,243,41,67,208,91,225,79,154,102,124,129,179,182,52,218,194,172,113,18,112,238,56,60,62,150,232,105,172,235,54,185,4,251,53,215,36,104,232,7,147,7,117,93,232,19,114,59,183,142,52,133,70,58,134,168,109,88,94,190,199,127
79,172,217,114,169,223,240,119,8,246,29,103,207,100,200,200,115,39,63,144,155,158,123,183,187,236,128,19,57,154,247,105,176,77,106,5,208,67,118,240,97,235,117,160,179,30,120,143,160,167,51,232,198,50,114,252,187,78,93,158,92,129,115,92,16,248,13,12,208,195,248,128,209,156,58,176,118,71,77,170,222,68,248,177,144,229,116,163,101,254,181,177,76,61,94,202,100,86,73,179,85,175,77,74,9,10,22,100,140,70,98,130,107,68,161,107,111,171,11,150,129,208,169,41,167,205,197,64,127
244,27,30,175,192,195,223,81,115,61,105,67,193,117,56,122,191,30,36,86,17,87,6,141,196,109,5,34,147,159,121,6,56,131,224,81,70,132,112,246,131,18,0,127,205,165,18,160,112,109,15,206,13,59,152,235,99,36,29,25,92,209,24,26,54,111,60,132,2,6,23,98,65,28,203,28,66,57,225,81,95,115,34,235,107,95,161,148,152,170,24,69,204,214,69,36,128,102,104,123,100,248,15,101,8,86,35,207,151,5,119,140,153,26,139,147,5,51,31,21,114,57,36,11,42,132,195,94,127
239,71,228,109,74,185,233,49,90,161,118,52,176,12,114,187,1,151,47,49,215,145,210,185,159,70,226,93,142,250,20,110,217,156,8,179,32,210,67,218,13,64,227,163,28,252,225,228,10,4,10,181,199,14,138,39,49,66,132,48,151,160,188,199,150,34,136,137,85,239,66,154,202,251,74,204,29,215,39,192,180,188,234,111,189,189,64,89,58,32,215,30,55,32,93,92,221,82,59,180,33,5,55,12,118,180,138,227,239,45,227,158,213,120,192,2,243,121,217,43,11,244,189,165,44,87,131,82,127
140,85,129,187,70,31,22,163,183,205,197,63,3,6,25,58,17,154,32,24,200,116,179,12,226,203,75,240,43,183,135,42,131,136,232,77,196,88,76,253,159,163,4,139,190,42,116,115,189,41,223,162,20,23,147,85,149,95,133,130,45,23,128,42,154,101,197,57,135,42,134,43,246,181,165,55,14,227,53,133,2,228,240,111,235,170,250,21,219,174,228,29,58,191,38,224,48,64,130,10,13,136,47,76,25,169,230,191,190,8,237,194,25,159,144,125,74,178,176,3,193,53,175,176,243,78,230,39,127
153,234,249,20,40,22,148,197,101,65,238,184,120,169,146,125,76,205,160,67,224,15,14,130,173,36,26,57,71,7,173,46,143,179,110,18,108,195,90,87,192,150,9,245,105,145,64,80,0,16,166,42,197,170,95,216,171,161,217,82,245,159,191,189,210,206,49,35,0,219,48,246,205,4,3,31,77,87,132,141,197,179,77,204,157,143,177,22,144,63,118,219,95,54,83,40,5,144,238,230,44,193,198,224,206,126,195,135,158,193,176,187,248,186,37,209,17,157,140,155,80,153,184,32,251,245,206,64,127
37,15,23,108,167,53,227,31,176,209,155,1,248,210,16,229,234,102,181,14,128,185,200,163,49,219,244,245,188,134,16,106,232,146,213,252,86,251,112,12,177,94,40,25,198,199,75,157,85,152,0,200,147,151,28,190,147,153,83,173,18,188,111,184,239,139,222,16,172,117,175,79,14,47,16,166,240,132,71,239,135,9,145,141,12,51,70,198,19,199,223,125,197,64,201,243,32,82,219,71,7,20,81,109,64,80,65,81,140,63,31,83,188,17,121,231,90,105,21,195,16,78,247,118,84,165,163,68,127
147,149,19,153,33,239,110,91,247,243,158,51,159,16,115,92,15,30,81,167,150,101,202,155,43,239,6,19,157,246,2,11,49,91,17,28,26,49,116,123,222,7,251,123,61,214,93,102,128,227,180,52,243,139,224,101,149,61,97,78,135,166,10,193,43,129,239,134,243,150,86,170,136,52,225,50,139,124,51,148,119,24,74,194,19,204,140,46,124,187,247,84,207,196,154,131,174,56,109,91,163,6,5,200,178,173,116,212,94,18,127,240,28,206,210,150,199,177,55,205,212,245,169,96,71,197,157,122,127
65,16,62,129,6,139,235,38,99,196,42,147,135,153,249,64,45,22,214,217,93,94,186,70,206,213,102,105,56,199,187,1,226,37,111,148,38,166,99,180,42,100,201,194,1,223,185,132,78,95,64,64,211,200,46,112,31,226,238,94,33,11,61,147,158,148,62,101,243,240,121,84,115,230,57,195,231,57,71,104,22,144,43,173,158,150,83,58,117,46,213,161,168,237,158,198,140,196,236,219,119,134,67,92,228,73,23,68,173,217,189,133,85,90,158,41,63,69,29,65,247,107,143,66,193,128,55,209,127
58,1,10,53,106,15,221,238,111,79,229,112,52,225,233,107,120,65,165,188,52,166,93,113,159,91,87,33,189,102,209,235,66,190,250,46,107,95,123,18,219,15,13,197,138,248,12,60,181,139,126,174,137,48,36,117,91,248,141,91,228,167,190,204,203,160,253,80,190,178,199,231,147,84,158,36,175,206,47,27,16,101,202,109,31,218,181,211,121,175,110,207,177,3,12,174,56,33,32,163,124,202,33,202,167,165,218,42,1,128,179,132,201,54,145,223,100,60,36,103,17,105,248,33,103,184,117,95,127
5,10,92,111,77,174,140,60,242,125,216,184,192,54,181,217,200,206,203,157,90,69,111,236,206,32,141,71,138,135,20,41,49,224,135,75,12,45,73,137,136,3,56,83,235,103,8,160,70,238,251,132,208,11,66,209,37,176,240,10,1,188,50,244,176,125,117,50,201,69,163,172,66,130,163,21,142,100,100,183,221,151,223,112,242,155,34,37,91,105,120,137,54,164,185,222,57,170,174,235,137,46,33,160,14,219,18,27,101,244,216,82,97,199,200,165,211,137,141,82,14,37,63,0,68,132,131,73,127
68,94,111,176,65,192,173,176,227,58,65,80,231,143,137,86,223,202,139,58,97,22,106,43,34,136,211,33,78,118,101,206,208,239,24,70,65,221,225,212,211,76,19,245,100,160,210,231,241,231,208,168,8,163,18,180,54,191,196,228,99,24,17,179,207,227,179,54,145,40,82,188,33,232,73,208,145,108,21,229,65,162,15,200,89,221,106,210,157,217,27,204,87,74,44,66,235,12,22,24,214,160,115,246,142,93,146,138,226,121,25,71,195,232,136,219,145,183,248,245,128,242,215,171,25,143,116,13,127
102,162,6,57,107,67,195,169,9,57,20,100,82,8,123,39,138,203,194,99,53,110,64,9,154,231,84,254,146,116,24,103,146,147,219,128,34,19,124,155,183,163,105,99,106,2,216,246,54,196,115,227,32,105,55,109,102,147,201,83,127,191,67,126,100,122,42,182,97,150,34,235,37,81,206,202,232,156,130,92,202,183,23,167,151,130,65,59,122,110,117,155,217,190,229,154,242,80,134,23,21,26,55,183,187,119,220,21,1,199,133,244,190,227,17,28,43,48,37,71,126,85,18,232,180,151,141,9,127
89,164,193,102,169,3,12,69,37,6,44,137,220,176,35,48,130,98,249,91,59,57,78,196,120,127,118,252,163,167,55,156,21,74,123,104,88,143,234,91,197,250,97,71,140,167,62,217,93,37,33,75,151,208,191,20,239,205,13,41,145,168,132,92,69,212,94,8,221,223,231,109,129,121,225,47,169,42,90,33,142,5,167,242,247,120,138,56,178,109,135,87,35,15,98,189,135,137,245,158,174,65,205,25,208,95,132,248,144,157,173,198,160,97,239,19,82,177,139,61,117,155,63,0,198,134,129,225,127
230,7,251,60,55,19,59,89,139,164,68,134,41,90,214,169,172,150,42,79,230,3,213,140,25,236,242,124,43,138,95,107,229,101,170,230,196,41,54,10,54,15,48,248,232,57,25,115,9,42,212,130,15,240,27,76,3,163,73,46,135,116,95,71,22,145,31,164,101,12,240,48,104,12,197,204,233,103,196,69,157,114,248,166,106,92,199,92,111,169,190,131,163,196,21,209,175,169,92,20,65,152,29,200,79,187,241,20,60,136,110,237,37,103,191,246,237,127,36,248,84,242,95,149,131,19,191,71,127
90,121,98,89,100,174,247,206,190,177,232,26,71,182,134,139,227,148,129,43,159,195,238,16,59,140,5,103,28,112,76,247,2,59,104,31,110,106,232,62,9,52,113,246,121,28,16,202,89,96,148,82,246,234,23,127,50,59,115,123,157,46,209,99,17,173,160,24,92,185,3,22,68,152,12,137,69,217,77,120,93,208,214,128,195,73,189,235,115,101,177,136,124,221,78,177,124,9,7,108,105,195,229,153,78,102,5,234,219,199,123,252,3,41,189,209,201,128,157,24,233,70,114,150,40,128,185,63,127
69,109,51,89,212,23,159,93,73,2,24,119,76,176,135,118,200,147,116,114,62,26,20,241,76,150,116,29,37,157,141,132,177,72,193,11,212,92,213,108,66,93,186,224,163,17,124,224,145,83,214,76,21,139,3,81,232,204,181,153,174,198,189,187,43,220,4,0,106,172,74,16,153,19,150,224,144,149,43,99,177,201,252,35,241,85,62,18,165,141,168,12,35,213,75,35,1,10,209,127,226,24,24,226,229,16,254,216,139,132,56,32,214,193,164,161,40,145,103,1,72,223,109,32,163,2,62,138,127
180,243,111,165,81,183,133,202,133,4,29,196,226,77,112,32,225,139,101,77,127,144,72,250,164,190,110,179,44,52,149,27,238,215,52,54,24,219,85,108,139,17,201,112,239,245,60,169,98,114,225,195,77,240,48,210,18,148,214,206,204,31,116,231,7,33,59,207,135,167,52,109,93,62,8,82,168,128,144,162,2,43,202,75,85,233,49,95,33,9,215,210,112,202,150,141,37,81,163,213,110,38,233,49,82,184,252,1,13,203,20,209,105,129,114,120,104,199,229,67,237,24,115,63,214,130,148,112,127
169,6,211,202,90,115,29,158,203,235,244,63,42,151,78,59,113,186,1,84,51,127,248,42,189,3,147,230,168,49,32,211,8,253,8,108,34,123,96,166,83,30,131,252,169,125,130,122,116,217,198,227,28,32,168,111,160,118,11,135,187,240,1,68,228,69,48,241,228,237,124,59,251,231,29,238,137,90,209,239,8,55,220,231,157,14,201,223,45,131,127,79,156,103,55,234,219,66,102,119,216,155,62,104,141,218,33,114,231,7,221,224,129,67,79,234,153,169,170,167,90,215,171,62,143,9,21,247,127
143,172,125,28,21,223,115,17,66,225,53,124,87,103,24,102,123,178,24,5,79,231,37,226,145,97,108,20,236,67,60,168,59,108,164,99,168,248,186,2,93,217,208,7,86,171,176,152,65,81,111,194,99,131,96,145,226,99,88,134,73,218,94,45,34,155,235,237,166,244,181,251,123,125,247,85,232,75,244,112,160,100,52,125,175,245,0,183,86,38,110,93,119,36,133,163,180,161,211,140,133,29,196,12,222,32,127,81,3,3,63,191,207,236,149,77,28,242,240,19,119,23,199,105,129,149,23,6,127
137,172,252,50,4,68,78,235,24,31,133,135,44,140,1,86,8,41,177,41,15,94,211,65,139,236,221,66,94,157,8,25,57,49,98,211,14,239,186,127,215,131,248,141,64,189,207,13,67,58,73,123,141,93,118,38,41,32,185,187,70,127,100,115,137,71,250,0,141,233,57,109,87,105,191,75,100,125,170,65,48,234,21,232,65,23,218,165,240,38,139,50,243,102,85,216,221,167,38,106,221,130,119,3,177,221,40,117,2,207,190,37,47,12,194,17,252,177,220,59,17,155,220,96,235,194,17,195,127
87,253,97,39,234,50,71,222,100,8,121,160,167,97,104,233,106,78,13,30,95,22,85,91,111,37,112,71,95,231,117,137,118,13,197,138,222,226,3,205,25,34,219,77,37,15,54,185,33,218,53,12,16,68,18,211,187,121,202,109,100,123,1,156,160,15,99,168,56,246,164,90,120,119,131,101,76,104,154,76,61,42,14,133,103,206,109,171,90,204,0,46,204,183,198,68,32,144,2,192,136,197,203,221,115,95,208,49,31,179,46,229,205,156,144,105,98,91,177,131,82,176,248,9,17,242,103,203,127
192,174,145,122,214,126,141,127,175,126,2,200,134,246,123,8,7,81,107,132,68,190,16,122,59,247,90,117,249,185,116,227,37,215,105,129,234,116,161,184,152,243,164,85,218,196,120,120,141,162,128,227,118,99,59,167,86,178,25,158,225,165,142,218,64,87,93,166,213,39,117,85,65,19,105,107,32,152,125,202,186,69,211,99,9,189,4,64,3,87,38,205,208,5,208,163,75,193,102,221,131,125,94,57,98,70,168,55,99,36,99,166,95,98,40,144,108,108,174,203,149,173,110,24,151,237,87,112,127
61,59,79,103,7,83,95,241,203,25,202,175,132,140,54,120,230,221,139,103,39,234,50,151,181,142,243,240,124,202,248,43,236,85,113,14,109,170,237,238,48,190,19,153,242,84,7,219,248,154,164,33,218,72,22,45,239,66,0,203,20,161,68,222,169,253,43,67,160,103,134,80,121,166,132,199,77,105,231,176,26,71,208,140,108,17,34,183,231,104,239,145,91,131,206,252,218,21,253,156,120,52,237,155,162,237,216,183,31,80,88,234,68,73,213,98,252,182,132,126,116,225,107,247,155,99,64,174,127
166,60,254,47,223,206,11,114,209,160,61,103,107,133,43,17,203,250,136,240,47,113,197,65,46,32,243,154,224,167,200,22,35,21,149,153,61,193,36,200,133,222,43,52,84,219,75,18,70,13,46,176,80,148,120,76,179,86,139,11,12,69,247,224,152,229,149,119,170,135,126,90,11,119,200,49,217,0,38,37,9,131,195,247,161,147,92,185,87,71,232,7,166,149,105,147,235,148,219,79,135,112,118,79,252,126,177,36,127,195,185,12,138,113,108,28,69,204,104,157,5,4,197,217,234,29,162,210,127
90,101,24,36,90,9,89,137,200,88,64,212,230,52,238,2,111,48,136,40,159,249,231,251,157,117,235,95,236,147,21,86,11,239,71,203,150,173,34,223,230,66,7,234,178,141,217,102,184,121,119,28,79,14,37,245,156,98,167,103,232,35,216,196,99,170,67,206,0,192,150,125,99,41,155,122,242,209,100,27,183,232,16,189,145,107,54,218,87,158,224,140,29,8,251,176,112,137,153,175,215,188,83,24,109,251,127,156,174,80,175,211,182,101,246,184,234,141,156,117,77,251,183,133,170,232,133,154,127
226,165,233,28,186,101,165,52,131,117,41,44,48,252,66,25,107,119,242,161,207,80,198,111,74,101,82,94,173,51,23,90,162,196,34,47,230,137,37,18,200,253,198,73,93,110,64,203,80,44,70,56,110,47,236,21,122,170,4,214,139,155,237,173,174,202,3,76,106,157,123,97,227,81,38,111,29,47,121,118,121,206,64,73,92,4,119,241,191,190,194,220,119,84,246,91,152,30,61,245,25,81,185,92,52,47,96,94,132,105,112,17,26,252,204,62,206,98,115,66,20,140,113,188,248,252,78,64,127
174,247,126,184,145,94,248,14,106,153,207,155,193,53,231,23,64,206,156,109,35,11,112,240,17,3,111,92,49,103,146,71,20,24,20,4,199,96,201,224,64,170,161,131,128,64,155,203,11,136,189,229,164,169,215,62,250,109,174,249,164,4,173,25,83,75,160,178,152,139,136,246,169,107,43,182,14,238,250,130,188,131,161,232,3,83,238,156,191,79,131,247,114,150,25,172,65,86,193,238,159,76,243,2,22,1,224,123,33,210,214,160,42,97,238,9,149,157,243,125,128,154,105,143,95,147,141,38,127
160,110,124,80,204,149,104,125,78,55,153,166,40,17,61,1,141,122,184,149,221,170,49,4,12,191,50,72,223,167,244,153,28,15,36,214,35,95,223,38,117,170,246,202,234,160,30,24,248,212,148,212,218,34,41,58,80,177,195,188,222,243,219,169,142,217,135,118,103,191,131,43,56,220,148,53,109,205,231,208,12,80,50,19,154,140,51,218,99,174,5,35,16,131,23,205,36,84,73,69,11,209,185,110,230,217,13,21,62,77,208,183,162,6,179,62,162,122,103,73,151,100,138,235,41,253,226,214,127
252,142,228,139,236,5,76,16,31,232,78,169,203,18,245,230,82,234,53,73,121,220,72,79,16,116,247,180,41,4,48,163,103,155,212,71,58,153,115,1,184,251,80,176,179,224,173,71,223,236,21,189,50,140,98,199,119,159,64,153,202,87,131,54,105,148,29,5,79,157,15,41,130,23,254,173,32,209,190,124,148,192,219,200,184,194,76,223,3,149,103,137,129,181,228,46,13,73,235,73,185,198,64,80,208,19,70,108,163,70,140,219,152,66,182,81,218,128,201,34,90,16,139,230,243,222,158,212,127
88,65,167,172,95,109,158,57,171,25,246,36,150,182,189,80,117,188,3,183,59,88,189,91,227,83,129,115,116,201,26,46,172,176,77,69,77,95,8,213,104,133,254,120,10,15,219,86,220,2,163,230,104,113,239,18,231,195,218,70,113,11,182,119,142,101,177,63,157,208,72,247,211,220,181,16,150,48,111,165,98,145,121,179,246,76,127,166,79,117,238,90,114,69,171,195,157,227,53,126,98,213,171,48,193,149,137,36,168,27,159,35,23,71,63,124,140,220,218,96,186,104,175,187,163,127,100,192,127
136,199,88,18,124,247,204,27,154,46,207,230,129,201,100,206,39,165,154,64,34,19,208,102,205,64,5,6,24,16,117,242,244,209,221,149,14,234,103,50,166,53,196,16,170,56,215,71,189,104,219,167,141,244,80,248,153,207,114,106,176,53,215,153,166,123,170,131,32,41,111,96,211,245,132,6,111,60,247,83,252,153,215,233,202,101,138,170,86,193,102,219,18,112,185,206,5,166,80,237,69,175,101,16,102,51,2,133,145,38,239,19,14,53,37,250,85,11,175,143,169,205,153,166,93,94,172,105,127
3,65,24,25,163,131,204,2,27,53,59,77,192,130,39,27,199,31,201,110,218,114,231,7,16,164,149,50,29,79,131,18,162,25,164,252,194,211,253,98,0,49,171,47,49,139,97,148,26,61,102,193,65,237,124,207,74,93,228,170,59,112,58,2,89,148,155,162,235,221,217,116,206,242,193,35,61,102,99,119,87,225,119,221,248,116,142,204,49,204,27,86,219,51,79,161,97,113,8,230,107,241,57,102,13,38,158,10,253,237,185,211,73,29,15,9,125,9,169,41,178,170,199,141,100,106,234,127,127
11,44,156,193,113,110,234,241,147,223,28,210,185,248,124,40,193,103,156,109,27,53,190,109,73,111,237,30,39,63,62,249,123,169,215,122,186,205,9,184,195,95,188,12,231,117,86,47,241,30,62,248,63,211,206,62,139,132,231,48,86,116,4,134,7,24,97,105,142,98,145,83,20,134,176,55,199,208,107,220,250,65,157,27,164,170,6,40,198,160,63,41,249,131,250,170,226,194,64,212,167,182,57,20,31,60,149,59,36,192,234,227,179,48,253,206,138,129,88,86,99,195,83,117,227,2,175,61,127
217,120,12,43,237,149,160,206,155,106,113,138,194,52,71,10,181,178,94,175,229,8,206,18,168,34,245,245,238,82,143,98,13,56,167,212,108,94,152,106,169,174,7,111,85,134,67,234,144,50,58,237,103,240,125,133,209,148,199,157,79,15,27,161,141,54,81,71,143,76,202,140,130,207,149,46,209,206,153,168,129,49,167,4,192,88,120,152,46,80,90,13,46,92,171,228,123,234,163,164,76,138,103,12,69,116,9,189,154,240,251,145,30,98,95,111,230,209,230,238,218,161,91,205,26,111,154,246,127
47,85,65,72,226,102,196,72,61,209,115,124,51,106,172,60,220,165,171,71,11,242,235,101,107,13,233,103,57,243,121,184,211,157,140,222,96,155,82,128,173,42,182,133,105,144,24,117,145,68,78,124,206,48,26,141,154,140,65,7,71,36,220,182,81,21,29,83,139,57,62,122,28,228,148,116,81,70,186,119,45,236,209,198,120,176,49,205,9,165,4,73,171,78,17,104,113,236,210,250,19,148,170,50,254,47,106,181,94,141,95,253,184,159,98,25,109,244,132,201,194,150,232,86,18,172,96,63,127
192,68,226,79,221,5,227,210,114,72,230,147,238,245,169,128,33,227,185,227,219,82,162,122,184,62,116,54,3,90,81,199,84,62,230,156,179,77,116,71,11,174,95,31,77,161,245,34,237,249,52,29,3,237,111,228,20,143,52,149,15,124,6,161,166,159,108,34,234,60,50,131,197,31,86,130,110,167,7,167,161,186,161,86,185,192,127,101,177,17,156,107,9,119,80,93,20,254,244,6,209,117,179,119,1,237,72,159,234,65,39,44,97,71,117,104,253,58,19,135,71,22,208,210,118,207,136,133,127
13,227,229,164,135,218,53,125,74,237,103,40,186,22,52,231,197,182,163,248,204,41,211,11,45,162,101,37,151,237,101,9,81,109,150,100,148,38,206,26,52,44,51,106,122,18,186,94,138,14,24,231,173,190,210,13,118,17,101,190,130,208,149,50,109,41,23,8,75,223,15,10,95,38,60,93,124,60,84,88,95,229,206,94,123,53,184,160,161,220,145,218,71,118,145,66,127,61,162,209,53,212,50,188,208,88,127,249,234,173,52,132,33,245,193,223,130,104,67,188,2,210,211,131,80,220,103,12,127
145,147,18,140,204,12,227,172,45,59,206,124,165,18,87,162,187,189,14,239,137,83,232,177,195,182,10,23,166,141,141,241,71,111,180,242,234,144,65,243,217,38,179,105,141,154,250,107,50,247,177,4,246,251,12,98,225,197,139,236,207,42,235,39,111,232,139,151,111,118,35,68,197,79,70,95,69,151,129,142,112,99,2,131,109,246,63,233,214,123,104,42,19,243,102,185,40,237,116,64,199,199,133,121,62,204,49,110,40,118,151,98,184,221,48,76,242,57,36,119,139,54,244,205,76,116,118,119,127
15,58,1,37,60,233,166,10,149,21,206,55,174,27,95,241,164,41,108,147,229,167,101,113,103,237,145,115,84,108,204,251,97,236,139,138,198,126,165,194,137,9,50,174,134,141,137,188,98,135,105,39,30,57,27,183,101,232,146,115,112,221,252,78,229,209,79,135,233,46,91,14,170,137,251,42,18,20,135,204,85,121,58,23,194,230,214,247,154,35,156,152,193,164,177,225,232,199,180,82,62,183,96,69,57,99,140,200,189,146,99,60,23,16,153,210,32,85,238,22,33,100,215,137,54,14,197,41,127
108,168,0,50,158,44,205,132,33,159,242,132,234,154,142,232,198,218,176,39,5,244,182,125,3,228,242,34,110,30,253,197,161,22,11,93,143,173,68,187,155,236,39,220,7,214,149,66,187,62,152,133,193,171,156,142,183,229,215,99,104,129,95,135,215,41,197,48,31,98,79,211,66,58,179,225,158,52,164,65,110,18,206,123,43,83,201,186,236,206,46,75,18,134,86,188,108,190,20,69,42,196,131,35,96,232,155,66,229,164,17,91,0,229,83,135,172,60,13,18,89,190,25,65,82,143,6,203,127
122,130,2,206,142,133,91,177,163,173,109,53,230,24,222,151,215,135,98,83,15,158,242,160,99,163,171,92,210,160,254,108,74,86,204,184,240,123,142,30,130,186,154,222,245,187,208,46,10,93,98,44,47,239,138,187,179,13,67,116,176,14,150,65,40,40,155,147,162,102,45,234,64,246,238,131,36,66,133,182,82,169,149,51,87,92,29,102,247,50,35,4,65,155,146,108,80,236,148,22,92,94,5,6,199,1,75,50,137,33,215,228,249,22,83,210,221,37,41,217,229,231,1,92,126,250,72,28,127
35,106,61,219,110,119,201,81,157,37,136,192,110,80,119,173,248,138,23,116,44,136,117,23,212,163,180,157,71,88,58,126,68,98,253,180,196,0,76,244,221,161,138,63,80,237,221,167,22,83,222,54,251,12,119,34,116,34,33,41,79,22,160,247,126,153,150,138,15,37,14,180,195,59,132,36,190,177,126,225,190,11,89,111,20,175,24,198,244,80,8,67,22,110,41,234,158,203,27,159,133,0,55,96,208,124,113,182,7,147,196,65,157,40,121,119,85,110,100,198,164,52,216,0,110,199,44,180,127
30,129,90,37,214,111,185,119,229,150,251,212,12,111,178,242,66,180,125,151,45,223,8,102,184,36,48,237,243,234,207,152,186,0,213,223,204,43,42,14,67,79,83,245,80,183,102,116,153,176,154,32,50,244,75,218,229,162,59,60,209,17,8,4,150,99,56,161,26,152,107,135,169,43,226,145,161,221,204,73,203,228,35,14,251,219,165,83,198,147,225,85,70,234,210,53,152,209,184,104,173,68,91,13,178,31,106,192,141,85,110,50,194,178,210,194,167,95,31,13,27,65,235,49,93,24,208,36,127
17,251,199,66,200,151,12,194,60,84,94,222,91,131,31,229,129,86,153,101,110,84,68,31,157,34,192,249,17,93,223,90,48,239,145,186,230,16,89,229,11,188,30,251,12,196,12,231,229,150,170,140,133,236,203,23,236,114,106,12,68,2,175,226,64,25,34,32,79,220,12,111,121,190,164,107,74,24,180,216,16,160,68,122,198,60,84,200,221,171,93,148,99,233,231,169,207,86,236,115,50,39,176,127,219,11,107,193,189,183,128,153,253,94,62,39,85,227,102,129,57,138,33,237,225,134,45,247,127
82,130,174,199,190,168,149,124,247,1,148,33,145,169,138,187,134,167,248,231,4,119,47,15,120,174,1,197,152,210,28,214,106,19,177,66,174,181,18,185,68,224,186,191,104,160,211,105,69,113,93,252,133,183,158,139,16,5,124,59,15,159,72,10,152,41,79,123,9,63,74,31,196,207,55,15,111,28,84,122,236,166,170,34,21,49,125,248,159,30,11,61,219,30,88,223,125,17,176,42,161,150,177,180,164,26,116,141,209,231,97,37,156,65,4,202,106,182,39,47,139,82,172,137,154,36,247,73,127
203,32,157,173,117,100,179,18,115,220,119,10,20,65,224,44,145,219,175,218,215,157,91,152,143,216,218,136,47,128,187,43,9,235,132,120,96,235,84,167,232,239,44,72,91,103,5,128,110,104,160,98,139,165,36,173,125,165,165,8,23,99,95,123,82,194,186,161,66,166,130,123,229,71,179,125,90,248,10,75,85,128,18,123,144,253,125,197,67,26,166,37,92,5,234,42,22,77,220,201,63,149,105,239,194,42,236,245,127,145,52,133,244,123,222,118,195,174,97,177,110,131,16,239,106,56,91,172,127
160,31,22,35,209,7,224,176,99,173,67,164,158,97,102,116,18,221,98,16,121,43,244,63,92,144,111,170,103,35,244,126,225,39,212,225,119,131,22,183,117,24,252,5,43,193,37,106,124,25,44,201,26,226,238,226,29,78,102,116,195,193,93,41,30,23,216,79,179,250,81,112,119,9,237,39,21,171,115,194,230,20,16,111,252,111,127,39,42,246,140,22,110,153,2,56,35,111,211,153,53,77,54,210,90,36,195,32,249,94,237,154,159,3,185,160,237,156,202,223,119,16,93,38,248,105,229,222,127
119,101,208,82,46,85,100,204,27,140,53,26,202,121,205,75,81,223,68,227,12,86,64,227,157,200,123,100,183,74,170,202,94,51,10,166,47,44,96,211,163,158,142,227,150,97,127,177,195,119,166,199,206,177,194,49,83,101,158,33,220,82,84,89,44,241,6,157,110,143,194,72,32,150,116,18,50,60,52,24,248,170,92,121,156,19,36,68,211,102,51,133,102,189,93,127,154,138,123,122,124,134,3,132,198,5,232,234,7,76,157,9,93,192,208,23,168,161,121,176,232,161,193,66,3,20,210,182,127
174,127,3,52,226,161,192,128,53,50,194,121,138,12,40,208,198,179,115,49,70,46,190,243,84,198,202,111,231,140,64,92,108,102,40,11,20,247,45,214,158,147,94,78,234,233,156,66,225,159,5,115,187,43,17,33,222,113,158,245,53,40,219,242,58,91,72,38,165,113,20,137,196,122,235,162,122,141,247,110,195,103,143,188,73,30,127,98,227,193,232,6,168,149,39,224,184,231,214,229,106,14,90,33,163,218,163,135,159,108,71,189,246,18,8,210,128,52,10,251,212,66,78,176,148,48,8,0,127
179,67,242,59,29,61,159,225,184,207,222,179,38,61,94,116,3,220,0,109,9,13,14,91,196,142,127,21,72,78,54,31,163,241,173,231,183,167,78,112,246,118,238,13,159,63,109,83,110,129,30,139,72,168,156,92,91,0,141,247,82,47,111,183,243,110,146,48,150,57,35,60,31,6,225,251,218,45,2,30,248,16,147,231,159,58,101,240,108,191,215,9,157,76,33,243,86,91,231,199,172,52,204,19,195,128,45,7,124,246,151,159,46,215,52,225,234,85,162,183,129,60,134,149,200,63,4,55,127
204,175,143,20,242,3,157,135,197,156,128,153,125,30,232,76,31,223,90,99,20,81,254,220,39,109,185,125,100,32,38,6,74,32,3,16,249,220,158,88,215,100,82,247,181,14,138,49,69,25,132,62,148,218,87,147,248,153,233,79,51,253,41,202,165,20,73,240,138,220,123,114,190,118,43,19,161,185,240,225,238,140,149,74,27,145,111,45,44,61,73,180,231,133,89,245,194,179,33,40,166,222,26,10,164,31,155,81,97,12,144,85,203,168,22,162,128,150,15,64,11,203,226,205,223,21,202,91,127
89,90,225,169,8,145,50,241,4,177,36,178,61,135,170,230,242,70,62,226,29,221,21,139,66,140,93,252,79,194,184,199,77,5,60,233,223,215,101,235,40,221,182,92,32,149,6,243,189,182,150,230,115,183,100,200,44,158,62,240,23,190,144,83,117,101,35,121,178,155,78,181,34,51,122,55,186,184,85,46,153,193,1,56,189,142,218,1,139,14,231,224,207,25,249,21,43,16,50,62,116,57,209,105,215,64,106,108,90,198,233,119,27,31,134,50,175,66,132,67,78,240,87,142,241,124,115,65,127
69,52,11,207,102,127,170,137,174,101,223,197,88,243,244,220,56,90,202,137,231,85,92,93,33,184,83,55,175,164,105,26,200,106,126,147,143,217,254,4,218,96,204,52,126,247,227,196,253,214,120,152,16,234,157,92,147,200,178,188,126,54,139,39,101,47,196,168,238,209,156,13,2,74,190,8,192,135,5,25,152,86,180,136,65,131,129,186,191,158,169,184,199,10,21,39,129,106,152,167,13,87,151,131,214,44,22,182,184,33,6,46,193,182,218,127,132,131,120,168,231,49,234,185,213,238,209,212,127
162,249,192,144,118,4,111,115,57,63,178,212,3,109,63,89,178,212,139,149,188,106,73,129,125,42,132,246,22,199,236,213,174,7,90,189,61,229,51,95,61,252,197,41,66,59,132,181,168,233,20,21,245,141,58,204,191,54,68,172,61,83,185,17,253,103,144,35,27,26,81,75,5,76,2,183,79,54,228,50,95,162,146,63,9,233,54,56,252,158,38,249,36,157,59,21,195,191,181,221,7,31,23,78,191,148,118,170,229,110,242,115,230,142,101,155,22,14,224,53,87,217,133,76,237,57,248,160,127
85,53,162,95,223,149,138,109,92,6,81,46,126,252,44,110,44,27,193,183,237,76,70,3,105,198,193,224,220,223,195,71,221,41,5,248,125,11,244,36,67,45,31,135,81,25,77,96,219,104,13,105,42,128,203,19,207,233,0,196,127,5,66,102,141,82,3,107,66,76,75,16,138,135,191,49,201,225,229,235,225,215,183,111,106,208,29,63,37,63,41,4,207,185,39,149,132,182,8,115,65,177,142,63,253,220,25,236,8,132,71,188,130,21,53,214,100,111,138,228,73,143,110,191,80,11,37,217,127
195,4,70,71,28,159,112,157,54,242,148,143,25,156,30,201,70,146,163,54,243,131,220,181,236,44,212,28,138,241,140,234,88,204,148,22,203,253,235,45,145,84,209,243,7,8,178,234,111,212,254,182,78,246,55,103,68,79,231,102,56,232,201,210,176,76,122,96,190,247,196,221,184,180,32,128,60,87,120,157,30,29,73,65,229,143,56,179,13,200,35,20,43,199,74,69,14,161,137,139,108,101,208,25,202,219,115,34,143,97,131,191,58,102,54,28,11,176,186,87,22,97,75,112,51,78,93,62,127
143,213,10,238,245,176,250,155,19,57,195,17,217,237,126,21,123,248,63,182,110,164,237,188,208,59,112,16,95,202,62,15,170,96,254,0,119,39,28,11,51,123,139,153,66,186,106,140,63,98,240,194,190,168,89,216,238,159,29,35,252,85,136,16,184,55,176,132,120,8,85,22,83,70,27,220,181,78,230,171,11,147,40,62,128,69,60,40,148,4,197,189,90,205,236,47,195,144,135,20,20,196,90,67,160,185,130,54,129,15,178,218,183,94,9,25,159,163,250,77,157,253,120,41,162,1,240,214,127
86,230,158,250,127,120,122,203,214,196,20,145,181,200,213,239,245,88,111,199,94,86,217,232,191,186,189,224,225,162,142,194,104,111,203,23,246,127,86,134,227,82,215,196,113,146,24,162,12,142,125,229,58,73,110,84,169,217,152,194,246,118,232,26,21,27,73,52,168,203,116,182,61,33,206,101,105,76,252,2,171,161,195,148,166,84,17,251,77,146,84,188,88,114,120,159,195,238,78,6,46,145,2,158,76,223,32,195,7,216,187,186,205,114,163,22,127,230,202,225,103,163,183,117,177,130,47,65,127
8,6,60,73,209,224,121,196,232,88,2,15,209,133,56,226,66,140,118,99,245,167,132,112,205,136,109,56,229,140,42,77,196,209,108,102,111,58,5,69,209,145,245,104,184,215,94,152,61,164,138,153,19,46,107,231,128,148,55,140,107,45,72,239,195,168,105,64,88,215,220,229,95,109,160,146,92,168,34,153,212,46,148,253,179,74,18,24,62,141,38,96,130,200,136,120,122,176,85,236,164,85,108,112,184,81,127,176,40,87,184,77,250,145,30,160,127,234,194,105,131,65,244,38,158,60,73,88,127
8,216,45,93,238,99,206,62,197,31,75,80,80,13,245,42,114,38,92,212,179,124,115,169,226,124,20,116,171,228,61,133,4,141,95,246,62,161,146,85,190,172,69,43,113,97,19,5,182,68,29,89,3,22,148,220,130,45,55,164,142,31,103,134,27,191,66,251,119,176,97,1,227,252,102,124,56,10,45,116,158,19,3,228,18,19,137,173,152,239,85,2,94,240,7,32,102,59,183,104,93,57,73,181,158,1,116,91,77,70,112,233,96,225,212,95,213,127,78,207,125,222,57,216,242,184,17,17,127
18,79,41,214,23,184,48,144,37,78,176,162,195,229,232,150,70,207,169,30,223,112,159,98,162,0,17,125,37,20,203,96,153,191,232,103,121,183,180,213,252,126,127,73,84,44,71,222,21,97,172,56,170,114,21,250,72,121,100,171,179,69,254,59,141,34,253,167,48,149,171,55,221,104,44,102,211,188,7,135,104,8,227,163,213,233,253,131,99,195,5,23,8,221,16,9,47,38,167,144,63,104,226,177,128,51,162,248,169,13,8,192,45,6,54,72,147,124,65,47,148,149,27,193,243,164,217,33,127
56,49,202,73,12,33,97,53,222,219,26,3,165,96,179,194,93,201,38,100,197,49,69,152,53,74,128,92,155,141,152,68,249,125,175,23,89,211,147,212,97,117,7,218,54,192,76,182,124,46,239,225,103,82,48,14,49,147,72,119,191,156,2,197,66,185,216,98,25,58,101,178,194,95,148,75,90,38,162,172,151,78,250,31,49,58,49,12,102,218,55,70,1,236,19,60,66,45,157,157,106,244,20,28,13,149,51,153,218,35,240,243,98,114,102,239,171,23,114,67,36,43,88,214,89,90,127,139,127
28,179,148,157,70,66,222,250,44,34,139,27,4,156,252,138,90,184,37,49,177,183,216,121,184,180,175,29,9,93,180,211,35,187,228,23,135,28,14,248,49,238,80,212,222,126,35,63,2,126,150,81,203,130,91,200,24,183,111,146,175,230,15,143,105,47,91,180,231,139,214,68,239,52,133,200,103,147,168,141,0,28,27,142,91,57,222,20,246,215,35,73,41,69,159,163,110,18,51,188,214,91,158,249,51,211,49,170,210,226,150,81,177,237,125,147,36,206,35,63,114,174,209,239,73,181,83,201,127
76,102,163,45,94,48,125,207,67,77,66,203,110,111,243,1,160,188,229,231,147,102,154,231,61,80,222,176,127,178,143,228,180,92,62,45,210,41,23,94,191,67,57,241,121,109,43,73,75,66,220,79,37,251,74,153,156,120,163,66,174,234,117,247,123,103,213,175,246,94,169,169,193,29,129,94,228,117,151,129,87,23,79,234,65,166,51,96,49,210,177,107,247,86,18,111,182,201,62,80,205,4,203,176,58,122,164,215,150,137,153,18,167,231,91,74,221,254,192,192,215,103,40,128,26,63,214,235,127
250,179,39,174,159,73,193,243,71,109,117,90,67,40,68,118,248,112,165,152,124,31,114,230,154,169,87,184,187,243,155,208,169,190,106,205,226,72,97,67,154,237,237,216,54,25,242,112,174,30,68,127,204,114,172,75,172,162,159,232,187,220,200,39,48,128,44,9,138,65,49,76,135,105,91,249,33,128,41,165,169,2,151,52,131,184,45,99,101,144,244,122,166,24,64,239,206,244,155,26,47,237,34,9,198,27,92,58,129,191,163,162,233,237,123,102,112,219,133,61,163,24,239,247,229,164,103,100,127
216,202,153,131,102,88,121,135,92,229,241,63,173,126,89,91,0,179,254,89,133,224,174,64,240,170,148,202,21,220,191,143,105,229,47,136,162,221,253,193,224,178,1,53,134,17,106,244,236,57,163,84,71,203,100,181,103,86,0,202,249,73,27,78,123,46,4,246,147,163,147,93,67,228,59,157,32,202,151,210,201,9,143,213,207,26,24,62,208,233,148,153,221,80,40,47,90,162,228,240,105,110,244,155,21,139,208,232,129,181,233,215,128,67,218,83,161,243,241,109,240,220,81,215,110,50,76,183,127
126,94,22,135,40,26,107,198,142,4,187,111,19,170,39,89,175,174,225,233,129,59,174,8,88,37,220,82,170,123,93,172,12,161,90,48,38,210,141,195,220,191,252,148,59,118,160,103,188,22,117,220,40,159,186,144,172,217,4,79,250,180,104,252,186,121,31,131,172,143,236,84,117,190,170,42,129,81,41,179,183,187,210,28,33,160,239,130,37,169,140,27,6,106,252,62,151,203,2,246,2,165,146,221,206,145,173,176,13,141,123,178,96,17,107,89,187,146,167,86,113,46,61,170,9,15,233,109,127
102,224,236,20,65,184,6,131,169,172,6,175,16,111,180,145,128,58,84,222,165,117,247,4,150,65,36,190,188,88,161,226,211,230,24,192,198,60,222,166,252,248,166,223,200,46,117,121,91,150,91,10,188,145,9,123,98,203,228,6,156,253,251,94,95,235,121,176,122,34,170,217,56,110,182,218,155,210,169,11,252,103,14,142,246,240,131,79,79,108,115,120,141,217,227,63,7,196,226,53,73,135,106,136,151,102,179,131,183,168,128,22,72,234,130,99,148,209,229,162,141,250,194,111,226,182,46,37,127
195,84,227,22,55,46,65,125,115,252,56,133,192,19,141,40,106,206,116,180,22,209,0,163,77,82,45,215,209,249,173,185,59,214,61,194,242,129,27,200,71,162,10,141,99,186,200,50,85,146,114,9,220,66,103,78,43,142,9,19,186,166,245,241,136,3,230,99,143,4,182,164,40,228,97,248,25,96,59,229,74,142,32,245,200,209,208,161,250,108,113,126,247,149,178,200,118,232,81,91,90,105,37,106,124,100,199,109,45,141,141,157,104,133,166,134,213,221,80,140,229,10,226,152,107,177,88,202,127
19,12,182,54,31,24,137,70,218,53,84,73,4,25,119,210,148,40,39,205,76,158,177,206,152,224,196,119,123,92,32,63,207,46,38,199,41,39,61,73,247,177,35,118,246,137,173,95,9,119,89,196,75,233,125,245,109,139,213,213,208,199,214,132,199,245,230,185,177,147,160,223,95,221,97,183,223,176,5,109,183,4,12,171,202,253,8,11,72,141,202,242,25,85,21,121,114,196,109,215,185,173,217,15,163,179,61,210,247,191,21,221,169,58,235,47,170,232,66,130,87,63,252,99,1,196,17,133,127
55,144,233,159,201,130,144,111,225,119,88,146,152,131,43,125,175,59,153,83,192,240,102,193,232,253,252,124,120,201,187,78,70,250,151,127,60,204,199,64,105,248,143,134,75,46,206,230,142,64,251,132,243,1,226,13,65,102,83,146,164,14,175,40,228,201,7,11,21,14,185,225,87,241,247,107,14,183,183,172,151,226,51,50,2,162,215,78,171,184,105,175,65,71,16,152,80,175,50,63,74,223,67,234,246,195,63,174,240,13,117,76,213,119,107,226,148,39,37,181,39,115,177,194,112,1,194,140,127
250,216,202,52,221,161,147,58,19,115,84,104,110,18,242,7,168,108,9,208,169,11,104,54,200,126,57,130,100,180,218,174,60,11,87,41,88,168,139,148,53,117,174,249,218,64,86,20,155,63,174,138,48,143,87,190,126,224,11,246,79,45,123,243,62,106,121,48,72,213,123,138,192,0,119,197,136,117,181,175,191,1,126,15,174,87,166,171,10,23,234,23,196,228,133,84,100,220,133,167,182,195,169,178,225,89,15,234,105,47,127,41,15,204,36,112,154,179,172,66,141,113,182,20,70,202,60,99,127
138,182,209,134,92,251,22,253,144,90,252,205,42,117,113,128,135,50,8,152,173,9,177,22,14,219,235,54,112,137,184,117,25,153,62,157,121,44,7,225,7,32,248,238,23,237,50,17,240,209,222,36,119,157,226,68,35,85,177,6,33,5,121,240,210,230,134,218,30,97,192,3,210,200,131,13,137,62,83,47,98,244,99,120,212,142,156,77,135,253,103,97,237,9,80,252,104,61,65,134,219,53,190,52,166,92,43,134,88,211,182,180,61,89,185,98,238,169,43,210,124,198,148,14,172,47,96,73,127
47,76,48,241,131,115,10,19,193,87,217,235,148,137,115,12,107,164,220,230,97,28,90,151,148,1,247,24,249,84,73,113,113,240,118,63,102,137,102,113,70,177,33,114,79,135,167,249,245,68,203,129,23,253,111,98,235,102,155,115,137,7,68,43,183,14,15,94,245,74,199,20,13,64,45,65,180,102,126,179,245,87,135,87,85,245,80,195,61,33,123,167,17,72,9,220,173,46,187,99,241,40,137,211,39,241,2,251,216,117,183,233,119,19,136,210,150,147,205,126,39,226,18,75,248,197,154,147,127
171,119,34,244,170,201,183,71,3,143,23,212,9,195,149,106,1,140,40,195,118,118,141,219,170,77,175,139,175,29,73,236,44,62,136,176,235,6,246,82,96,43,128,125,100,208,249,211,154,178,127,210,188,95,15,212,114,125,138,182,208,211,20,175,164,189,207,236,83,85,164,25,46,137,102,51,91,91,213,4,28,95,8,49,201,245,6,152,128,3,205,6,81,236,192,166,224,169,239,78,16,226,145,149,48,64,213,169,118,242,111,14,176,102,209,112,61,179,116,96,15,57,206,125,65,100,16,174,127
31,123,64,171,194,249,166,249,169,88,202,9,216,115,81,98,50,197,3,105,192,93,150,3,210,190,101,198,132,8,54,176,68,100,253,125,183,173,83,224,74,245,215,125,210,132,64,203,17,13,92,113,187,203,24,100,100,70,24,99,118,137,251,252,127,24,19,10,80,31,246,175,58,8,208,205,24,114,148,28,2,185,62,204,172,87,104,251,172,107,160,235,241,68,52,76,32,187,210,176,183,145,252,105,87,204,181,243,243,17,28,176,142,196,166,177,43,74,137,124,17,135,187,125,122,167,78,228,127
50,218,210,194,50,97,78,129,36,207,250,71,25,116,137,150,212,199,14,136,142,88,42,190,197,54,210,191,244,21,201,134,134,159,244,57,206,42,196,220,216,224,177,250,243,115,247,140,73,179,132,113,73,189,72,9,175,33,82,254,45,96,234,134,203,54,118,91,198,178,104,56,51,136,109,103,155,247,54,161,27,14,189,185,41,103,86,47,251,198,130,81,76,109,95,2,212,122,145,103,91,154,18,12,166,90,150,69,223,174,152,186,139,12,250,84,126,244,27,229,105,166,179,82,8,47,130,164,127
98,227,77,143,32,153,76,31,66,230,48,98,64,216,212,231,13,109,62,122,92,71,131,133,125,76,85,20,55,155,247,172,66,156,76,249,144,89,139,200,68,208,38,219,232,222,176,106,94,50,101,112,2,162,3,74,55,230,178,94,62,160,129,202,27,37,178,140,123,237,29,252,157,11,50,129,15,252,69,231,52,40,153,166,199,13,242,115,28,102,27,74,164,172,117,238,232,188,46,140,140,143,56,34,52,72,145,250,114,17,99,67,178,100,208,100,45,177,100,224,53,87,41,248,54,175,221,229,127
64,100,6,132,208,60,71,5,241,11,128,35,160,108,191,40,205,49,117,33,103,27,174,89,137,77,250,68,52,70,58,121,224,74,125,78,214,125,82,170,10,99,93,34,18,111,36,37,153,211,222,106,102,6,162,21,133,231,183,210,233,106,94,241,21,87,70,74,105,66,212,75,65,84,158,137,93,48,218,110,80,48,190,51,129,73,97,182,75,211,200,162,147,53,58,212,36,72,145,34,69,117,180,42,104,199,232,201,31,245,153,209,165,94,199,100,171,10,60,117,103,139,196,242,131,233,36,96,127
121,146,129,78,155,249,22,206,173,14,154,57,106,101,143,69,71,104,183,230,184,232,1,192,120,206,160,167,246,11,124,181,38,35,209,128,124,153,154,206,109,193,29,63,207,251,194,94,211,51,16,219,32,165,221,90,246,191,9,67,75,187,191,174,99,238,36,222,226,225,161,213,183,169,90,22,197,162,11,100,247,199,192,63,55,43,238,206,176,186,236,111,141,49,33,221,68,174,73,244,221,233,51,115,154,118,171,243,14,152,17,200,243,87,224,168,3,187,189,69,113,130,189,230,245,10,233,120,127
249,25,20,196,197,102,76,53,146,10,92,198,101,212,31,41,204,66,238,189,64,84,218,251,139,65,178,216,2,242,48,247,14,78,41,28,219,10,243,39,93,64,102,23,197,228,19,54,218,131,155,236,124,141,135,66,19,97,158,138,158,250,146,50,165,89,111,236,42,123,7,114,233,221,79,147,225,185,109,47,74,235,112,211,133,154,104,54,146,150,199,66,29,53,203,239,97,130,252,138,152,240,213,92,113,192,5,152,37,69,127,135,197,153,160,231,136,20,135,52,82,252,54,80,178,228,185,37,127
146,67,140,172,3,124,67,150,203,142,249,83,43,190,62,78,80,15,181,161,132,195,117,150,83,23,167,155,79,132,251,168,195,12,119,111,167,32,15,24,233,86,133,48,154,35,39,30,243,245,251,192,65,35,205,239,80,195,54,124,6,116,177,141,2,19,122,230,129,125,33,3,141,252,214,82,3,62,208,195,104,81,91,250,73,25,174,139,57,89,48,41,115,210,149,136,139,251,172,53,180,46,54,192,245,208,227,36,205,210,153,109,210,42,254,222,64,203,200,81,36,101,149,52,217,111,21,226,127
137,234,176,48,94,173,127,28,75,195,235,131,51,57,13,65,75,191,188,100,121,166,34,105,138,99,253,101,152,78,177,147,146,29,246,165,88,206,176,183,233,233,179,25,32,75,177,19,137,36,162,20,24,121,138,198,237,238,2,108,120,94,2,219,185,141,161,219,224,6,218,176,235,189,128,239,121,224,181,161,68,164,145,35,98,15,117,39,239,84,217,79,24,55,206,223,193,93,110,234,185,141,227,133,102,101,77,86,45,14,91,110,162,94,110,41,151,109,117,114,231,13,1,160,24,248,102,42,127
8,170,19,27,134,34,0,107,246,140,50,247,193,136,97,167,78,67,188,87,87,15,166,117,73,147,204,1,165,190,136,102,207,139,170,102,129,199,95,149,194,48,120,168,172,219,75,95,178,55,186,104,170,181,225,248,163,148,211,176,173,172,235,117,80,217,74,54,245,38,178,111,86,184,2,94,221,18,64,202,178,38,202,180,243,88,6,4,225,200,201,27,26,89,71,210,242,109,98,39,57,216,78,179,85,76,52,93,28,154,104,80,207,207,246,135,237,4,105,8,10,97,148,105,54,210,224,135,127
104,94,180,23,233,248,214,131,121,145,211,56,161,119,221,109,254,20,113,60,54,39,52,0,128,0,230,158,177,227,3,60,39,145,151,160,209,196,254,229,109,81,54,142,254,253,46,32,18,146,89,29,231,50,56,200,199,128,200,1,117,150,229,138,4,118,20,86,59,55,57,170,83,226,35,190,185,62,1,231,90,73,80,99,89,2,46,38,93,98,42,194,28,74,52,211,182,98,74,188,69,8,44,116,64,56,181,37,236,126,126,222,187,48,156,225,249,38,130,185,218,44,163,21,147,71,98,78,127
35,77,86,81,170,235,67,232,188,80,83,138,157,47,127,222,215,108,35,55,162,217,238,222,96,38,163,11,211,209,6,190,115,116,65,34,130,82,242,14,8,164,22,35,61,55,29,35,133,223,157,32,18,209,67,58,107,56,164,218,113,218,92,63,188,175,99,17,183,173,177,132,208,223,105,193,104,168,121,196,22,188,110,37,185,34,145,54,23,92,142,124,218,85,56,35,218,118,240,125,109,212,248,187,3,7,197,24,225,191,102,151,215,49,10,167,252,122,84,52,18,91,206,197,56,127,156,172,127
8,214,210,144,5,20,19,246,243,184,189,60,208,25,110,71,139,188,81,27,146,82,84,154,135,44,64,158,68,115,235,161,131,81,145,18,198,44,118,23,76,31,182,254,52,188,6,164,17,211,171,102,148,130,141,48,253,97,96,14,79,133,35,236,46,134,43,124,178,222,14,179,41,86,203,195,117,124,247,20,219,168,145,26,40,69,145,56,47,227,61,43,126,58,15,156,163,67,88,126,131,211,90,226,14,91,94,138,58,131,89,243,8,239,221,125,150,179,15,35,130,131,244,53,75,84,57,132,127
217,90,214,167,103,19,33,77,125,211,173,15,195,203,150,142,204,251,98,120,208,1,25,50,225,155,43,184,84,98,51,100,47,78,237,140,209,128,238,134,212,235,46,14,58,25,64,219,175,147,236,2,81,68,99,107,245,125,54,93,196,164,226,159,187,130,54,237,178,83,125,180,76,63,237,158,43,250,115,153,53,115,133,25,217,196,49,218,37,167,212,133,150,214,62,186,243,95,143,158,83,58,124,5,35,37,222,51,223,101,241,159,205,212,134,69,185,136,164,81,170,21,235,245,217,36,96,223,127
87,239,185,248,116,44,56,35,11,187,51,168,221,118,114,179,99,187,37,177,165,18,53,183,64,128,249,100,126,228,91,186,240,19,183,173,148,226,224,6,26,250,117,48,88,72,12,162,223,34,102,139,188,91,252,204,216,21,53,131,18,114,249,73,172,6,170,128,74,132,174,206,119,185,75,66,119,239,165,142,147,147,8,83,3,252,75,207,56,99,156,251,77,99,179,148,104,244,197,218,148,189,125,113,208,114,116,114,92,67,241,42,1,93,145,42,168,220,164,203,198,72,61,174,63,187,89,1,127
22,3,101,139,154,194,81,64,9,206,50,245,129,4,146,94,244,218,186,146,167,35,195,26,84,204,160,25,114,175,63,101,217,249,75,59,154,70,96,236,67,221,107,228,242,194,139,252,224,214,47,46,55,24,36,13,51,41,140,205,186,79,49,56,198,145,226,195,157,212,57,122,15,217,89,198,35,253,47,198,72,78,27,56,81,43,56,138,154,184,117,168,47,92,226,182,142,65,80,6,109,90,18,148,127,16,10,169,155,185,69,225,164,80,58,174,240,69,39,175,222,194,209,208,147,138,59,66,127
38,13,185,107,165,50,136,216,25,72,12,168,179,133,190,244,131,218,121,217,188,150,238,96,234,220,151,201,209,253,14,85,249,69,232,219,193,136,197,102,147,32,188,98,75,140,152,111,115,229,160,167,70,42,16,186,143,82,186,65,25,60,250,22,18,110,20,243,119,222,252,252,127,51,41,90,246,59,103,192,53,107,228,169,8,205,47,190,12,191,106,221,20,22,108,129,135,101,116,82,236,37,242,25,185,122,35,238,55,176,226,135,207,176,79,92,182,21,178,145,249,83,3,65,141,244,186,233,127
211,39,208,50,210,19,141,218,106,251,97,194,91,188,172,209,176,187,246,175,64,46,3,68,232,174,177,197,130,9,46,218,250,198,171,93,101,81,130,57,162,111,101,124,30,222,64,141,250,77,232,149,97,199,223,125,124,236,53,250,70,135,120,189,87,253,125,167,44,247,239,148,180,85,13,174,45,107,244,54,248,157,184,141,235,11,105,163,119,83,102,145,13,120,2,130,109,142,47,81,67,49,136,51,218,138,25,61,115,51,160,194,235,96,247,136,199,183,175,113,50,170,220,172,16,68,115,229,127
100,185,162,215,108,237,237,140,36,127,186,135,176,232,50,236,7,56,71,215,117,74,180,196,22,105,207,1,109,23,15,55,162,30,54,142,219,72,56,98,39,61,19,167,181,26,138,36,83,225,115,32,224,129,3,245,249,36,223,190,30,240,241,43,27,153,37,204,17,180,226,209,199,34,48,8,210,6,171,195,119,169,16,250,198,61,179,187,189,198,249,214,57,97,238,84,39,72,48,74,145,230,223,13,121,80,112,195,53,168,233,35,140,204,110,51,28,237,251,170,23,42,2,44,3,60,108,40,127
155,147,251,77,194,152,234,63,145,41,217,164,63,77,59,69,238,131,8,247,98,96,133,42,249,47,91,163,132,196,160,121,46,159,104,238,91,57,84,250,102,132,1,38,151,41,4,253,198,6,51,192,121,173,230,159,150,176,227,175,119,107,229,136,200,48,249,109,180,15,1,42,161,254,10,64,10,213,12,225,9,148,3,6,200,2,74,190,104,148,88,93,36,207,93,232,162,126,242,195,85,60,184,38,109,42,159,130,197,136,7,199,66,11,173,218,184,39,108,42,159,85,206,173,143,130,84,156,127
41,160,105,53,227,68,128,119,203,44,244,56,244,251,193,25,207,148,141,110,29,37,164,127,230,172,24,236,179,110,11,40,56,131,220,234,191,101,139,19,24,62,207,216,6,217,158,184,83,188,158,63,253,95,216,196,136,225,125,52,210,169,0,111,237,161,176,42,161,253,201,92,81,186,163,67,128,83,5,50,65,179,108,53,83,75,57,31,131,253,176,96,71,58,198,246,145,195,144,249,108,49,127,220,154,197,25,2,104,32,30,134,238,29,197,65,199,35,148,97,206,150,14,136,182,95,212,54,127
42,194,231,18,75,2,208,41,117,30,160,188,81,95,227,180,163,253,24,210,123,146,84,146,232,130,74,192,131,146,14,169,155,206,187,137,98,51,9,73,49,192,50,171,249,115,81,152,240,109,43,40,105,107,68,149,250,3,85,182,34,41,192,131,160,15,124,214,231,67,126,7,189,243,130,9,103,99,221,89,10,42,108,142,18,86,70,103,30,48,79,228,247,96,125,205,133,218,250,147,112,91,153,26,54,42,123,247,198,31,235,246,225,6,253,212,241,120,232,238,129,130,119,91,123,247,159,198,127
115,71,193,188,29,240,242,98,24,215,183,55,141,132,185,158,217,128,84,43,196,99,155,121,88,16,218,247,143,116,79,217,5,102,179,224,13,221,112,223,210,201,204,181,215,108,65,204,198,45,90,187,149,136,29,181,28,231,63,225,76,57,27,5,161,7,139,91,213,9,198,75,202,108,226,180,87,212,224,194,107,120,243,91,79,250,38,55,233,88,34,185,140,27,43,131,251,116,73,108,145,94,77,86,185,70,194,115,207,52,214,16,133,152,159,202,135,50,129,33,222,231,103,114,225,130,247,215,127
140,205,58,17,155,66,168,115,96,152,142,179,83,224,43,88,83,111,164,104,169,192,226,147,107,51,46,239,80,218,209,206,73,109,230,119,102,174,159,232,240,81,28,27,115,199,27,3,115,22,103,98,40,114,126,172,88,20,230,146,186,221,127,89,54,127,155,149,152,193,17,163,64,50,48,58,85,186,120,235,181,213,73,214,245,169,111,53,43,9,58,201,90,204,98,163,137,76,118,7,130,199,140,160,227,47,175,41,113,136,235,227,56,164,198,122,58,229,195,59,143,197,130,244,225,143,166,192,127
204,39,130,30,219,145,149,148,18,180,193,224,14,226,167,43,192,76,207,36,0,172,160,75,42,167,141,228,4,15,125,51,148,246,115,112,189,91,241,178,66,226,43,143,139,50,98,178,206,144,77,7,157,252,82,47,6,162,78,203,13,67,185,135,26,77,16,161,38,10,157,143,243,71,187,5,208,193,115,141,251,171,132,190,238,173,153,177,27,219,146,254,10,214,187,52,135,71,220,109,12,136,129,142,79,14,232,102,5,182,65,140,188,89,204,131,238,199,59,66,190,55,236,52,102,171,81,26,127
78,102,150,35,252,131,242,184,161,154,47,98,43,248,144,160,78,62,223,46,89,216,135,110,10,56,161,63,120,194,244,109,182,62,63,178,242,151,217,101,215,79,199,170,61,111,163,78,178,233,225,130,159,104,125,24,119,64,229,20,140,181,201,180,84,220,109,34,68,10,30,124,49,227,64,133,5,222,167,216,96,138,5,191,44,21,52,68,106,26,249,23,68,28,143,249,132,136,174,223,18,151,199,7,185,157,103,155,192,239,31,90,104,229,64,48,87,130,135,21,39,105,92,128,182,52,186,243,127
25,122,129,47,213,181,34,80,106,206,140,143,156,92,2,125,192,211,212,19,24,219,82,50,13,25,122,12,207,227,129,6,44,167,130,22,232,17,29,243,218,212,15,156,140,39,136,251,31,101,157,142,148,238,238,110,181,166,120,155,16,122,76,34,181,217,183,152,20,134,178,156,225,106,84,65,196,48,233,62,248,5,160,47,114,14,18,239,124,156,194,180,225,187,133,114,219,127,19,245,205,71,250,190,141,67,153,174,137,35,95,15,179,29,113,62,101,251,146,83,74,201,140,206,172,88,114,62,127
167,16,250,41,31,99,167,209,2,30,124,20,177,35,138,164,238,11,145,176,89,230,34,73,113,214,177,98,175,69,149,96,132,102,176,165,47,242,40,50,85,125,12,23,205,26,133,162,110,67,18,114,142,93,67,199,173,226,96,202,27,80,84,9,70,136,130,146,55,185,235,8,39,6,168,123,137,64,197,21,2,207,62,200,157,134,2,145,81,134,61,239,166,232,23,74,198,31,140,3,177,31,129,236,177,101,161,101,55,170,50,78,127,189,151,138,199,138,172,56,0,32,51,157,91,182,138,141,127
189,202,253,21,57,248,93,27,17,109,110,200,136,127,80,195,232,215,126,64,175,8,106,54,161,88,51,109,177,171,13,4,116,43,227,13,103,148,246,145,60,82,62,119,33,53,127,210,34,189,242,130,239,240,197,31,125,6,81,72,34,245,137,25,45,208,190,117,136,163,143,203,176,33,128,197,65,126,237,49,103,119,112,234,250,57,129,83,169,27,164,234,16,101,159,39,207,202,162,152,66,68,128,72,199,10,11,249,144,48,122,218,70,10,192,112,247,172,9,43,66,83,197,204,192,252,234,39,127
181,49,77,120,86,172,155,174,141,37,52,83,158,201,183,14,215,218,74,159,119,199,87,190,134,200,20,23,238,190,69,157,228,118,155,71,161,39,247,26,1,6,73,226,94,50,204,23,167,5,245,113,72,61,88,250,249,120,130,133,226,32,215,219,206,72,158,2,247,94,193,140,237,148,121,232,144,3,253,236,93,26,204,127,30,126,207,94,87,172,132,227,92,84,87,50,248,163,128,57,254,183,19,56,149,254,27,37,15,118,117,146,240,181,108,63,7,34,82,87,183,191,207,184,0,106,131,172,127
236,57,60,149,83,235,33,137,9,64,65,140,238,204,204,103,78,18,79,82,245,37,41,2,208,200,64,74,22,119,62,55,44,118,78,195,200,241,189,21,250,26,195,48,193,67,206,26,10,218,144,10,100,175,177,74,50,63,82,112,59,194,246,249,159,140,180,7,240,189,195,46,82,103,211,214,196,151,222,86,146,159,178,22,65,13,132,184,23,225,163,107,231,191,244,70,6,80,2,178,20,33,7,183,219,160,77,188,113,35,182,134,183,224,42,34,147,167,37,190,53,9,65,220,198,97,83,130,127
239,202,176,153,19,172,100,52,147,223,66,80,100,14,72,156,105,192,167,151,71,168,1,19,83,111,51,78,178,45,118,139,239,62,177,74,206,224,21,151,129,147,119,225,183,110,168,116,151,241,98,100,223,36,87,246,88,226,250,245,165,52,15,55,247,209,24,29,220,249,215,41,215,193,96,17,42,76,133,69,223,66,113,221,199,210,69,195,9,133,126,43,128,217,242,233,237,66,33,208,72,107,177,95,172,252,186,249,40,209,25,218,114,81,93,241,139,118,88,79,9,106,124,212,115,13,6,163,127
33,14,72,105,176,131,254,123,137,5,91,55,73,208,144,97,4,181,17,227,206,187,167,187,248,30,23,97,106,48,134,232,120,90,32,79,22,56,83,73,139,99,63,29,229,21,151,40,130,179,114,52,44,131,204,119,155,36,147,118,174,154,151,200,248,156,151,150,216,196,207,237,65,168,145,52,8,73,189,2,242,160,197,146,240,212,66,135,153,139,174,146,38,134,246,130,36,65,21,133,121,138,20,0,62,39,160,167,216,50,76,105,252,10,87,119,238,210,18,32,75,252,16,37,52,145,75,158,127
238,238,111,83,96,81,111,190,8,29,51,132,211,98,32,194,131,112,249,80,87,15,38,165,110,146,49,64,7,229,18,195,206,153,186,4,40,34,26,37,195,181,187,119,101,88,21,63,237,94,163,83,188,169,197,58,209,139,54,212,199,90,252,220,228,7,2,65,69,81,69,114,60,40,87,203,191,219,254,128,45,147,177,219,128,53,36,3,175,7,13,111,113,105,65,154,148,154,153,18,135,76,70,226,172,42,30,37,168,214,82,121,106,221,232,74,54,215,191,18,118,160,248,146,228,96,242,215,127
30,222,165,157,74,2,142,156,165,95,166,8,32,70,211,140,96,16,199,48,222,213,223,58,126,213,181,121,153,227,204,64,181,24,29,153,50,145,124,202,210,81,83,105,14,212,209,2,102,211,65,69,182,6,229,166,221,42,181,79,201,157,56,12,250,117,187,6,58,3,98,53,108,138,241,30,252,218,186,65,137,253,246,40,247,45,247,1,77,189,14,180,5,97,81,126,125,74,49,155,53,209,142,175,162,167,7,77,236,173,100,148,54,30,1,168,250,74,185,210,204,46,182,18,115,211,135,189,127
87,236,28,78,220,65,201,186,123,229,220,206,135,14,34,60,223,194,126,137,197,16,117,18,47,43,108,173,247,242,234,96,196,169,17,194,166,207,171,52,67,198,221,99,208,186,15,121,111,127,17,107,183,174,187,149,87,126,69,215,69,39,240,185,156,217,163,231,227,42,189,138,139,153,11,145,109,248,39,136,123,164,104,200,59,30,166,7,45,242,197,185,82,242,21,137,242,76,152,66,163,93,82,136,25,98,203,47,26,230,61,52,8,152,25,137,203,43,75,103,89,91,13,23,75,245,101,131,127
231,221,168,36,175,40,170,35,220,44,39,72,169,68,222,43,60,177,206,99,240,195,181,140,183,237,43,35,143,140,86,120,76,14,190,102,249,176,35,162,17,161,223,162,60,132,147,47,61,158,174,4,12,209,172,211,122,28,141,28,130,129,41,115,19,178,20,114,223,11,160,124,52,22,40,88,17,28,54,204,189,147,87,184,47,201,238,215,48,107,94,110,167,34,63,130,38,16,224,208,209,196,75,122,45,67,39,234,83,81,96,94,141,151,252,122,182,78,67,67,249,157,138,204,140,77,240,183,127
181,49,31,195,198,100,141,26,247,31,127,63,122,72,130,153,98,76,254,93,15,104,37,160,170,175,27,60,223,87,27,117,54,3,188,131,188,171,154,153,217,241,228,155,202,154,76,202,113,215,178,161,2,107,89,55,69,94,66,160,53,209,123,184,163,50,113,246,95,207,82,250,21,166,63,158,122,245,226,216,163,12,19,88,86,254,22,136,252,3,28,33,180,192,31,23,48,242,93,98,4,120,145,207,35,81,53,75,225,209,88,162,145,195,123,71,81,228,104,250,44,151,219,104,204,118,117,110,127
198,51,221,40,94,146,214,206,115,32,106,165,33,240,139,193,12,21,214,50,253,93,38,165,197,87,152,240,169,242,135,200,31,228,228,56,205,51,111,197,196,184,75,97,251,80,112,77,207,73,97,54,127,145,204,119,50,167,201,48,43,127,215,232,170,103,117,136,57,188,135,114,87,141,143,88,218,134,225,246,249,198,10,222,65,222,90,20,168,236,79,49,84,47,46,186,35,84,155,204,144,42,33,213,43,115,181,186,7,147,182,30,166,170,85,126,238,34,180,211,57,202,150,131,2,229,64,119,127
142,74,72,237,39,217,223,169,214,216,30,4,129,16,79,48,251,71,42,119,168,7,93,105,1,135,142,175,24,245,121,66,108,97,243,33,167,138,104,55,46,27,123,126,210,123,167,121,207,231,158,115,49,170,190,73,148,242,251,70,251,117,165,151,229,93,186,166,120,186,123,219,58,66,43,56,97,236,99,130,54,92,229,232,55,232,172,128,245,47,68,223,170,69,29,58,53,156,131,136,160,119,241,169,130,189,71,21,51,39,154,149,225,59,101,104,232,174,40,63,120,74,22,187,151,193,65,128,127
251,156,28,177,70,170,194,45,208,91,181,4,148,201,47,91,124,38,253,167,247,15,42,153,234,224,248,216,118,217,236,30,39,235,95,48,161,196,243,120,152,196,104,98,67,221,11,1,234,14,160,115,35,245,216,83,6,181,149,64,246,66,156,107,219,165,52,54,7,106,237,2,34,254,102,134,48,2,136,199,113,131,205,239,85,37,119,73,8,180,151,199,159,167,206,6,17,135,196,186,48,50,106,183,232,132,2,213,181,224,122,253,180,92,223,91,10,130,224,161,20,87,53,236,63,139,47,111,127
228,155,251,174,123,112,52,185,204,75,116,88,247,133,79,198,225,142,113,217,154,28,52,85,157,101,24,116,120,187,35,33,246,184,127,54,42,223,16,42,42,39,40,159,60,143,67,199,144,32,138,229,16,45,174,185,136,162,244,30,102,114,230,41,237,97,40,127,129,177,52,38,147,216,240,111,216,205,47,140,95,196,108,158,171,209,27,26,207,146,18,193,215,128,196,62,185,207,134,70,52,92,191,193,183,155,151,95,164,213,244,10,211,246,77,95,70,126,225,21,42,116,227,2,11,244,172,237,127
113,205,77,163,155,142,253,19,137,17,206,191,235,127,167,185,19,42,55,250,139,205,136,158,136,175,149,108,4,54,142,107,34,130,57,129,9,125,56,22,25,79,24,127,37,7,32,130,181,38,235,246,116,114,55,146,250,57,94,231,84,113,49,82,197,33,85,117,121,84,63,190,41,212,227,52,28,149,230,85,104,110,238,140,189,37,201,242,17,230,245,134,113,150,234,144,129,199,176,119,11,241,192,10,20,118,192,92,40,87,64,208,111,85,42,187,203,43,216,4,248,245,110,195,55,181,116,134,127
185,172,165,234,170,206,106,77,169,58,17,199,226,176,94,10,94,187,119,229,221,131,99,163,158,88,197,212,145,11,206,27,241,39,226,153,143,130,7,73,211,37,142,204,231,87,222,218,1,220,115,118,54,19,212,142,210,167,190,76,199,1,24,131,184,117,145,151,104,162,69,145,248,68,178,40,78,62,215,222,118,129,7,13,58,99,11,60,121,251,238,145,123,237,188,216,234,103,95,130,230,123,204,48,44,114,81,51,171,135,66,78,165,133,60,206,72,42,81,226,20,120,201,106,129,207,208,88,127
100,93,16,91,196,41,159,133,28,122,253,201,37,190,209,213,221,201,118,161,45,245,64,156,152,118,234,213,139,40,1,3,214,194,31,175,159,102,15,4,242,41,56,26,127,169,78,247,139,39,22,29,104,90,181,207,215,175,131,11,39,3,115,228,150,208,59,95,161,9,43,206,143,46,201,102,201,101,91,148,156,58,177,83,6,34,218,103,204,91,239,15,94,53,252,105,117,48,236,6,58,14,31,109,236,176,190,20,241,160,45,97,38,227,237,154,85,248,178,26,105,206,80,162,9,94,239,25,127
232,168,65,35,47,24,77,194,23,63,63,45,191,212,130,155,85,103,102,227,118,228,170,206,203,72,167,6,6,155,165,92,125,92,171,33,42,7,191,112,85,11,123,226,224,29,61,146,58,167,204,185,25,202,3,197,195,20,86,113,121,209,226,47,225,40,111,224,226,220,200,89,122,226,122,220,129,193,221,21,23,183,11,204,89,177,253,122,130,231,227,189,34,75,30,101,55,30,26,165,247,5,222,195,21,185,50,33,42,159,192,145,84,1,62,26,87,169,76,5,242,107,171,153,86,194,81,56,127
34,26,85,54,12,158,129,145,155,216,234,149,243,145,124,206,170,93,218,211,141,182,77,75,47,21,15,90,57,63,233,113,96,104,78,162,18,115,54,1,113,211,80,1,75,46,137,238,104,159,142,192,18,122,226,107,4,98,229,190,101,28,16,177,195,32,212,204,67,134,88,118,16,40,87,165,27,130,76,13,24,18,81,88,51,224,1,180,47,155,93,247,243,227,199,166,241,49,177,174,135,182,54,80,237,43,130,118,38,197,164,188,164,184,97,210,188,146,212,120,4,67,122,175,154,8,247,210,127
51,134,98,242,152,52,100,25,217,228,125,176,164,207,182,125,36,199,113,168,2,217,178,115,120,158,182,174,240,252,193,226,85,193,59,248,188,163,2,170,179,181,156,94,6,12,21,121,53,123,80,214,109,63,138,251,161,212,202,188,56,190,193,207,164,94,203,186,226,127,61,209,78,35,175,201,215,57,179,121,111,2,156,246,226,160,73,194,165,204,42,18,107,47,44,42,146,58,238,164,198,162,214,241,203,75,29,155,15,122,20,53,132,186,43,171,72,226,142,26,157,170,46,177,189,3,232,145,127
40,155,143,197,68,80,133,83,99,18,105,28,122,190,35,147,177,15,235,141,122,220,251,242,53,200,78,190,207,232,200,79,166,93,199,106,103,134,159,111,104,149,221,133,88,60,217,221,192,91,32,205,253,142,99,195,174,242,174,253,172,119,191,30,188,18,54,48,61,146,238,172,128,189,118,109,47,165,63,100,172,162,19,187,45,77,198,180,221,117,192,110,113,24,127,32,84,146,81,84,198,190,127,17,173,11,60,206,199,21,95,169,73,250,100,244,161,33,136,73,188,112,167,128,77,89,97,65,127
103,49,19,25,124,109,186,1,25,136,5,202,194,88,9,147,104,173,45,253,66,161,229,232,188,27,73,94,30,20,224,146,51,153,188,237,192,8,221,165,99,155,26,170,9,78,73,236,137,166,185,165,183,201,150,245,162,111,167,243,240,27,247,224,176,169,74,83,165,66,220,20,131,156,74,33,71,163,58,73,28,236,237,221,242,65,5,76,197,249,185,50,244,181,241,71,92,27,119,12,53,175,134,121,59,100,69,64,159,211,175,204,51,219,206,150,58,230,222,73,117,7,119,144,194,51,224,66,127
148,87,66,30,196,64,156,135,250,54,52,116,215,133,28,38,9,110,22,245,152,34,220,196,144,40,15,229,30,145,36,218,61,132,26,34,192,41,40,210,44,189,164,200,205,66,39,141,167,34,12,80,232,109,134,223,67,109,120,69,129,131,44,252,177,239,56,92,91,33,145,190,43,28,226,17,228,138,133,89,134,74,57,79,241,204,72,215,21,134,111,152,239,249,222,202,118,160,45,250,194,25,200,237,112,214,165,200,87,106,1,161,189,13,157,210,228,63,183,2,13,40,81,216,186,156,41,142,127
115,180,223,212,196,184,249,126,249,132,155,168,157,167,81,211,166,97,223,127,4,146,73,184,202,83,53,139,49,73,129,66,227,211,196,25,211,185,75,54,215,91,150,45,239,142,88,155,21,218,56,170,193,159,143,100,88,206,83,239,33,226,212,159,94,33,202,48,77,207,142,63,224,91,213,41,243,64,253,45,91,11,81,32,170,46,37,133,12,134,227,8,161,230,157,35,231,59,39,203,241,206,205,229,154,196,85,66,75,5,168,68,43,26,110,247,139,175,222,227,245,143,94,61,135,21,79,157,127
161,66,67,209,134,110,148,45,91,139,76,188,12,83,214,79,174,154,28,41,59,215,145,91,193,213,5,58,12,53,153,230,209,172,107,82,250,4,169,40,224,145,232,20,210,245,106,208,55,58,119,20,181,144,92,106,148,46,87,11,78,224,118,115,200,61,135,130,43,150,73,53,114,46,49,81,178,90,171,143,248,240,25,216,11,151,39,217,139,93,169,167,101,230,124,95,222,181,251,52,194,136,194,145,43,24,162,17,61,107,111,75,156,64,130,212,136,36,170,113,127,113,71,132,112,22,209,175,127
173,253,215,234,144,252,149,135,21,193,214,209,116,223,73,172,37,174,106,182,11,133,59,208,26,148,189,54,190,89,0,159,205,93,146,42,17,79,25,171,15,173,22,246,112,248,147,219,102,96,253,127,196,73,128,28,235,222,10,228,8,107,44,47,192,112,210,103,145,241,202,178,246,86,50,48,113,130,10,209,71,62,163,69,128,190,65,86,150,149,122,110,93,80,96,185,71,24,216,166,185,219,22,136,115,50,160,28,230,199,51,25,54,121,39,14,182,120,166,149,148,217,88,141,162,112,119,1,127
194,58,115,120,183,46,93,220,138,174,149,245,23,7,218,215,181,253,199,193,224,126,161,218,189,23,102,132,250,105,134,200,53,131,152,42,110,218,28,91,82,234,228,4,86,135,48,209,160,145,11,55,145,64,118,239,43,232,156,221,71,78,210,169,225,139,151,79,175,33,95,103,123,241,157,217,116,236,209,103,116,245,217,125,85,140,122,176,180,101,35,228,217,18,168,242,219,145,118,201,215,40,203,172,32,24,102,146,187,234,141,251,164,176,232,171,14,110,163,195,178,183,77,232,109,7,99,163,127
23,102,171,145,161,197,245,215,128,174,184,205,145,73,207,90,147,55,155,129,97,57,137,107,254,60,23,155,113,168,97,248,52,5,18,127,46,157,226,227,239,93,97,111,184,162,121,63,48,188,190,217,81,9,17,123,73,123,123,52,129,12,121,152,32,245,31,220,162,163,217,206,98,184,54,175,244,14,148,201,238,100,31,214,193,118,169,7,78,38,29,176,52,170,52,174,23,149,82,6,25,117,186,34,8,156,168,94,108,159,89,162,91,231,250,108,84,165,176,54,38,70,12,71,108,42,156,87,127
226,226,166,161,110,146,217,150,39,63,197,143,3,119,174,81,203,103,89,177,2,224,165,179,234,147,187,18,92,15,65,131,199,81,116,156,32,11,38,78,156,229,170,7,89,65,105,142,41,46,56,221,208,151,72,142,179,202,162,72,198,12,28,146,214,33,209,92,184,146,141,154,182,209,200,27,87,143,132,94,121,68,143,22,41,219,70,68,8,200,173,17,69,138,19,249,243,177,73,60,35,231,130,253,163,151,218,135,85,43,40,172,117,125,11,31,172,80,212,193,246,214,230,28,192,37,45,17,127
89,170,209,40,239,5,150,51,160,148,87,233,149,240,9,153,9,92,235,4,196,46,64,116,198,200,230,98,143,168,160,61,81,103,208,236,59,140,140,2,128,204,20,83,68,53,31,218,157,210,137,97,130,53,69,118,142,154,76,157,62,39,132,86,140,131,127,180,241,37,140,10,24,211,58,173,120,225,169,230,114,3,58,72,9,92,46,106,90,64,146,184,191,214,196,117,18,122,110,177,195,97,126,147,231,164,1,106,62,102,0,42,72,59,129,181,139,221,225,160,147,45,9,41,0,153,199,136,127
209,120,172,191,154,3,201,173,221,145,95,252,132,190,124,158,93,193,223,71,135,84,28,186,18,177,232,64,249,130,122,218,154,180,109,210,126,190,17,141,151,123,221,35,105,58,62,151,87,166,224,43,158,85,158,2,228,43,56,84,236,167,38,97,112,232,81,247,17,139,55,143,40,14,30,217,27,5,115,99,111,1,184,187,126,89,234,240,23,243,214,79,239,72,232,13,67,43,107,223,210,158,246,54,62,118,47,168,11,169,112,228,191,33,190,199,0,34,122,242,45,40,179,94,242,60,234,86,127
217,28,14,194,178,160,230,69,150,237,246,176,73,82,188,51,134,209,250,14,183,202,107,163,125,115,194,248,21,243,231,88,176,251,213,140,223,183,23,160,202,72,142,59,84,224,48,248,115,229,251,85,179,51,140,24,106,134,119,154,199,94,147,125,233,130,187,223,26,108,21,87,247,86,218,212,217,44,128,119,240,236,201,23,214,78,174,169,185,45,62,164,242,136,154,62,118,122,136,48,195,31,165,90,172,200,218,222,33,245,36,48,157,94,70,37,184,156,181,113,159,137,39,66,233,217,27,154,127
84,247,74,52,70,230,242,186,95,102,12,249,25,132,177,172,99,210,155,94,4,22,191,247,141,242,62,163,206,67,3,168,85,45,1,138,189,226,237,205,152,182,216,152,144,81,210,218,62,153,124,6,37,237,102,177,31,176,156,234,114,55,99,214,156,175,208,52,127,125,75,230,3,164,70,227,70,230,112,227,215,8,177,252,73,167,239,11,220,180,124,250,153,34,215,217,248,85,174,138,242,85,19,25,102,1,209,114,206,14,35,217,206,122,4,127,12,79,164,238,161,43,91,193,248,82,168,252,127
160,76,83,135,150,144,109,4,44,237,137,125,123,84,246,153,56,235,80,8,116,38,80,70,78,130,192,201,30,188,39,227,95,92,216,158,244,245,22,211,25,98,172,192,136,216,153,187,170,120,32,136,37,99,237,104,85,1,123,35,163,81,172,197,107,176,134,214,250,157,92,232,145,89,226,225,47,221,32,40,164,75,26,52,192,1,179,242,232,8,170,21,111,89,34,76,93,224,167,238,40,206,98,185,97,189,128,154,104,118,87,250,22,21,12,146,157,43,140,191,252,32,160,114,20,3,19,7,127
101,176,214,174,41,181,223,94,39,151,3,206,119,34,92,109,63,244,248,160,7,53,147,85,216,12,215,59,91,10,174,22,86,148,192,152,169,99,88,156,192,7,139,4,173,173,141,189,126,148,136,160,22,214,24,57,22,202,112,24,72,1,55,236,171,50,103,80,55,123,86,119,192,103,91,72,176,190,33,240,93,107,143,120,116,3,30,211,208,208,146,157,209,153,131,213,71,165,141,193,19,222,66,229,234,61,62,69,223,88,80,24,34,127,156,128,37,93,141,2,123,151,240,118,133,249,127,232,127
58,5,224,187,201,0,29,250,81,221,103,253,82,200,85,128,228,205,99,111,202,107,154,30,24,1,17,226,209,198,231,236,131,54,5,68,165,163,122,120,76,103,86,30,128,31,183,145,136,161,110,124,192,1,237,119,97,211,178,73,95,237,14,143,95,19,106,178,87,190,243,46,184,161,222,74,32,244,243,125,155,84,39,210,133,192,154,111,39,178,105,47,61,191,249,133,144,118,144,209,10,170,198,135,124,157,45,157,49,186,45,244,167,168,164,35,12,225,121,15,120,155,104,242,239,65,38,136,127
116,156,24,247,88,119,11,112,116,53,53,250,10,223,24,110,118,147,169,21,43,237,237,6,121,3,202,207,82,54,181,32,250,158,196,77,109,3,9,195,219,99,154,80,167,252,19,64,70,69,222,56,230,19,83,199,202,231,26,32,96,41,71,48,189,117,179,117,99,227,208,166,222,73,85,69,127,123,186,208,58,172,214,50,23,20,27,234,241,233,131,224,175,218,49,175,167,164,184,43,77,184,12,110,165,20,247,44,130,230,168,251,66,201,220,110,230,86,192,249,215,72,19,131,148,143,151,213,127
51,207,45,211,67,146,226,71,141,214,206,137,3,214,210,39,126,26,173,89,134,33,50,19,199,175,121,108,112,244,145,67,240,29,203,169,64,253,212,202,228,148,130,125,117,6,158,74,73,191,195,111,65,172,17,61,92,51,234,58,231,98,66,79,103,137,160,25,40,111,9,247,224,241,202,232,196,135,116,0,238,94,251,58,5,7,177,72,55,192,204,54,46,252,151,3,151,177,253,106,125,199,101,160,94,167,236,109,180,140,165,50,20,205,117,70,107,208,163,214,36,206,135,113,153,234,82,145,127
11,145,40,190,146,174,131,59,93,202,231,33,104,148,166,190,205,98,141,236,138,240,151,55,173,230,80,74,204,205,247,101,67,33,106,30,134,76,71,198,224,118,84,222,60,78,100,188,229,69,107,2,51,171,35,244,181,46,164,237,221,116,15,45,249,65,38,113,113,76,132,171,241,192,112,90,202,53,6,135,91,139,126,22,206,174,163,210,0,10,147,78,160,183,111,51,135,189,47,61,107,223,38,60,100,93,16,170,225,163,64,124,244,149,213,142,144,254,174,141,231,154,232,178,140,77,197,142,127
201,176,33,151,244,143,59,40,83,38,65,11,197,4,184,225,52,51,102,194,208,57,236,130,223,12,204,216,216,194,225,89,192,111,182,79,230,167,123,163,108,31,232,83,33,50,37,90,189,27,161,92,20,113,239,105,182,76,22,239,75,174,17,120,183,103,147,115,210,220,211,96,175,93,82,45,58,247,96,252,34,58,246,29,231,28,229,236,196,133,146,162,223,39,154,238,181,25,69,81,66,222,143,10,106,150,22,145,240,219,12,207,235,144,54,11,73,98,180,187,192,21,140,122,147,81,182,86,127
13,98,45,120,46,131,43,98,231,234,184,222,67,154,27,58,88,118,235,187,174,165,2,27,145,237,220,35,110,204,234,92,223,181,44,150,148,242,223,106,103,220,101,194,162,4,4,211,102,44,227,174,251,21,136,111,89,182,189,57,110,195,91,16,127,176,145,251,47,20,188,89,97,228,155,199,184,12,237,174,3,13,215,19,229,231,131,11,246,223,203,74,200,22,65,37,56,94,15,96,83,159,21,243,218,237,193,42,66,80,120,90,153,132,58,7,241,221,201,109,18,226,130,107,105,97,58,50,127
144,189,100,173,242,109,32,43,94,223,92,58,232,160,45,49,31,196,124,120,23,31,28,58,199,51,145,17,158,29,203,209,1,93,168,144,225,116,112,197,85,197,117,174,88,223,180,202,79,140,170,206,104,107,148,219,104,20,208,96,211,5,177,198,242,119,191,189,165,208,190,216,33,61,117,41,229,99,136,228,200,185,167,97,146,18,41,210,95,5,107,91,135,53,27,14,108,159,116,47,196,242,19,91,48,94,71,222,57,56,33,176,234,243,12,131,193,234,151,169,168,156,154,149,62,97,190,24,127
73,239,225,191,107,146,251,55,245,105,127,250,243,227,120,173,232,186,34,50,161,107,85,93,250,196,205,56,9,159,136,117,39,112,95,170,185,233,206,23,86,131,26,128,196,146,97,132,108,134,22,96,141,5,198,164,112,98,80,252,70,66,183,43,161,251,160,183,249,113,178,9,154,14,195,236,115,204,214,41,116,2,124,40,204,30,105,223,115,85,101,191,197,134,140,227,243,56,61,15,189,2,233,5,68,63,106,94,13,187,138,89,154,211,79,218,67,223,216,41,57,182,48,171,94,32,242,96,127
194,152,182,190,82,106,241,55,202,219,242,152,237,92,246,175,110,6,149,92,218,243,239,108,209,214,122,136,5,111,173,194,217,250,156,205,211,54,93,41,191,175,88,76,136,242,217,175,102,61,115,71,159,186,5,175,92,95,115,120,63,112,21,27,46,209,94,25,176,58,70,219,156,92,152,169,63,55,112,98,234,150,194,249,125,252,47,214,141,238,121,161,76,223,218,124,217,247,120,3,138,210,230,91,97,70,236,166,152,218,169,146,202,249,5,233,131,203,166,243,160,225,33,12,5,213,178,222,127
68,196,85,225,65,198,131,81,182,150,12,128,21,149,161,17,159,151,192,41,17,116,50,216,170,191,207,141,254,60,236,35,190,58,38,243,186,132,57,253,13,88,147,64,85,53,157,86,225,144,189,128,11,140,65,52,81,24,93,71,213,189,84,162,45,90,212,121,57,183,168,93,130,150,189,33,228,52,52,231,78,166,68,168,151,136,4,93,206,231,247,239,24,112,28,241,35,227,89,193,35,70,252,157,186,162,27,142,223,201,181,33,88,17,188,121,214,235,218,134,179,146,211,191,41,194,159,33,127
133,145,125,246,125,190,220,175,243,168,10,253,227,7,42,226,59,27,163,216,195,167,142,223,120,195,149,87,95,101,227,1,213,145,185,105,217,86,103,166,142,60,232,31,93,250,124,32,216,129,39,174,9,61,33,6,228,225,29,51,206,176,147,245,134,7,166,230,69,201,145,16,141,109,78,145,169,93,73,160,52,29,193,80,129,129,52,151,68,234,172,19,37,141,101,73,191,162,194,220,221,189,161,164,70,85,111,31,241,87,247,163,245,180,129,83,140,36,210,162,77,63,164,89,175,64,85,136,127
134,52,115,217,216,175,230,175,168,39,91,225,60,48,223,87,208,141,232,143,33,115,58,206,227,98,223,55,152,234,120,209,174,26,215,12,82,248,184,137,151,27,106,72,67,65,24,239,219,49,237,152,113,148,238,131,252,107,196,159,24,251,118,179,136,114,109,196,107,177,142,114,166,147,7,73,152,63,88,91,220,159,91,122,193,13,83,3,22,210,133,145,28,230,7,156,169,34,2,58,92,73,184,16,161,100,105,69,68,219,44,64,108,8,150,92,9,217,149,86,244,217,88,58,52,38,113,5,127
77,205,24,213,8,97,123,90,134,147,41,32,47,136,197,197,44,82,244,43,64,241,22,215,31,86,42,112,30,89,40,9,198,58,134,121,221,235,208,123,77,97,90,90,9,85,7,12,200,231,66,251,68,244,139,215,8,85,124,100,137,115,237,238,208,76,2,99,21,175,73,37,0,154,251,143,234,44,170,44,219,190,104,176,14,178,38,53,216,128,26,135,169,64,47,186,132,61,66,64,64,213,147,104,65,223,9,43,27,182,231,94,28,223,13,12,75,155,41,20,172,180,165,164,142,209,147,151,127
155,220,160,39,224,33,133,164,136,175,133,52,67,240,125,99,46,236,135,223,92,20,81,1,166,64,14,54,29,105,22,88,133,64,219,101,127,25,127,136,185,206,129,146,188,228,112,109,47,141,26,197,12,94,91,109,179,233,83,199,93,109,205,237,168,76,241,145,65,74,243,237,180,10,217,18,197,145,183,128,85,49,32,16,34,32,131,45,222,215,18,222,97,242,235,1,200,115,249,8,23,95,77,253,52,146,103,7,147,71,56,111,200,246,3,49,28,3,162,36,94,124,200,35,114,178,140,51,127
151,85,235,187,254,102,166,236,41,110,171,13,156,61,106,41,146,175,135,175,14,59,40,235,134,101,82,124,254,40,52,152,119,89,107,132,108,3,10,95,201,72,161,86,11,103,250,102,44,110,18,79,119,206,14,139,143,14,214,146,225,247,182,83,104,78,183,239,7,69,54,213,84,228,159,204,205,225,167,99,252,210,111,95,223,229,248,49,39,129,8,171,56,199,236,148,181,207,189,152,62,232,31,230,51,158,79,29,128,52,232,152,196,4,66,94,58,82,16,99,245,22,84,86,238,130,179,239,127
169,12,126,119,178,219,148,95,123,131,111,130,185,248,36,112,3,135,131,35,34,209,10,142,104,51,80,51,221,199,39,154,192,218,244,127,79,207,65,202,50,69,126,106,52,192,157,226,234,110,182,64,82,115,58,93,5,183,158,2,198,7,48,194,165,57,210,169,123,173,112,35,87,114,241,51,231,198,41,154,212,137,43,152,89,241,144,24,154,5,7,99,13,98,30,207,70,76,140,238,77,215,139,101,217,181,95,13,7,51,129,200,242,117,4,155,115,160,197,173,70,32,225,143,210,61,3,248,127
129,123,180,69,56,159,10,34,105,100,197,165,135,236,154,55,159,191,85,253,138,250,72,79,209,116,112,241,109,160,235,24,173,149,28,216,237,113,129,220,53,36,44,195,168,109,51,155,190,90,130,243,221,47,194,58,94,166,182,80,172,17,76,2,148,147,11,12,96,158,134,66,80,135,144,95,90,126,207,77,49,171,244,243,5,178,161,115,128,192,241,0,248,66,104,2,25,234,214,21,192,49,170,27,188,141,236,11,35,118,143,3,224,153,250,152,121,7,183,166,44,127,4,189,133,27,2,90,127
62,238,241,182,234,156,224,197,229,196,145,57,25,192,195,164,35,91,134,223,153,150,46,99,99,170,201,9,148,80,163,124,119,102,168,200,176,22,112,92,6,50,199,84,199,165,193,27,50,222,153,239,236,108,181,219,10,65,32,226,198,247,147,223,131,33,60,196,108,228,68,26,102,111,116,112,254,157,107,116,209,117,9,152,122,202,94,188,129,107,28,31,67,186,254,222,248,196,221,14,79,95,79,117,211,181,46,218,228,48,54,131,226,31,252,107,139,64,151,151,57,121,89,12,211,240,206,225,127
116,133,231,83,119,14,215,169,118,140,68,117,152,10,111,108,244,120,111,232,11,111,170,216,240,231,136,85,245,181,194,172,114,184,25,171,219,205,79,230,197,253,50,111,203,84,67,145,155,197,178,130,178,253,11,211,217,224,182,226,203,94,149,212,26,64,187,99,144,136,107,243,193,151,90,218,148,194,166,82,164,162,244,142,66,234,76,8,48,23,95,83,9,76,62,120,178,1,105,165,61,129,123,164,37,190,73,198,185,127,119,92,1,142,47,203,11,149,222,85,183,30,196,160,196,45,42,79,127
140,153,185,65,74,226,184,189,16,149,84,163,55,150,90,207,167,150,179,247,134,246,212,181,42,153,25,87,142,237,188,49,220,0,5,14,9,95,219,56,204,223,0,249,51,105,164,153,88,113,40,45,63,149,197,214,243,174,119,224,124,216,136,163,52,13,177,140,29,131,171,197,33,233,184,189,143,225,68,108,220,200,190,176,149,192,184,140,198,110,120,243,158,193,232,134,84,67,114,92,178,175,42,70,73,119,40,215,53,172,237,60,169,105,21,32,147,146,100,215,33,229,31,143,12,238,246,229,127
112,174,64,86,10,212,146,221,153,62,43,191,136,54,43,17,10,82,122,227,175,7,254,38,24,194,32,74,4,210,16,206,23,33,76,46,239,63,35,181,120,83,106,21,122,147,226,29,203,131,190,204,58,70,13,134,126,168,228,192,65,225,223,196,17,38,87,169,163,80,31,57,37,252,190,226,150,146,170,205,44,98,23,86,222,160,38,25,72,41,228,236,76,138,39,76,192,67,183,231,248,155,182,98,198,133,118,207,34,25,36,56,178,180,69,241,115,32,208,157,184,238,239,111,245,95,74,58,127
178,105,166,24,82,170,13,215,44,252,47,221,129,139,179,49,155,13,47,217,7,22,126,23,115,153,67,42,243,11,98,247,46,164,84,238,16,98,56,183,137,175,17,146,95,111,48,219,5,149,1,57,196,113,35,139,29,55,99,219,132,230,32,75,149,94,84,133,95,139,54,190,7,79,117,97,82,172,190,103,240,0,254,129,61,89,239,215,252,242,107,187,109,113,227,88,90,91,225,162,72,74,125,76,23,157,232,227,220,81,227,41,214,109,134,61,121,211,154,51,66,58,104,102,43,170,77,135,127
172,113,70,106,12,95,49,136,186,117,180,113,88,247,193,112,231,239,172,206,113,252,166,11,158,220,19,200,154,167,54,204,179,225,187,197,116,109,252,125,166,186,172,237,178,150,208,205,124,21,173,176,100,68,183,157,104,169,16,135,213,64,32,212,24,152,127,156,105,40,39,237,123,190,42,254,186,62,109,2,12,37,229,171,41,179,239,41,20,51,132,25,95,112,174,201,95,241,81,98,192,159,151,77,77,209,110,156,65,186,192,37,47,91,246,87,227,48,22,16,18,229,141,49,105,186,162,141,127
49,236,213,179,75,63,246,71,143,69,57,183,137,213,65,249,122,247,151,137,119,128,180,110,12,169,151,251,118,242,155,23,221,128,239,83,126,193,181,223,44,243,9,95,122,98,142,96,144,105,66,151,68,241,148,176,79,60,106,106,249,113,113,109,2,8,113,54,108,83,157,204,9,118,68,157,186,183,225,117,249,211,174,156,180,140,203,239,47,175,203,245,69,207,68,231,188,178,161,19,34,89,92,25,190,233,234,230,243,96,95,127,225,9,34,130,11,23,198,198,172,61,240,40,80,188,85,25,127
15,105,103,203,87,17,64,83,249,178,238,73,160,117,10,176,171,8,60,219,168,57,231,4,155,123,208,18,96,250,3,89,194,28,5,44,103,26,34,106,144,79,98,72,158,196,180,143,196,152,17,186,14,18,126,226,245,17,32,7,64,40,192,157,200,227,124,184,51,220,197,128,61,75,181,37,191,214,83,115,34,196,164,178,73,91,105,54,139,77,150,1,247,28,33,34,224,124,34,100,94,161,109,160,129,172,67,78,208,140,72,221,135,226,79,248,46,107,137,197,201,71,80,103,32,182,101,157,127
237,167,146,230,2,151,81,124,173,33,177,104,246,161,174,170,111,140,122,215,207,120,15,22,53,83,177,121,122,48,155,132,201,250,238,119,204,149,93,242,129,55,103,222,195,37,37,139,118,71,62,133,17,41,41,31,3,19,220,222,199,250,45,239,11,204,78,207,189,56,98,210,36,179,9,128,32,81,39,164,100,29,216,222,30,18,81,167,112,146,107,251,239,53,54,107,71,12,97,225,92,238,248,73,234,172,111,99,180,179,46,46,135,84,13,53,151,184,95,29,127,175,173,110,47,239,64,124,127
182,6,129,105,210,239,244,3,68,210,197,75,59,16,137,106,54,251,101,10,111,152,23,234,206,133,39,161,133,14,248,59,173,153,69,147,26,225,206,129,167,19,80,60,158,84,75,58,82,138,208,161,88,221,209,174,228,47,178,149,246,246,52,215,82,191,189,174,23,98,170,238,76,158,93,108,205,210,190,132,116,118,49,13,177,156,243,239,13,90,80,226,121,14,87,92,41,64,90,244,180,126,251,48,191,198,32,94,36,100,248,48,73,37,167,84,249,48,87,249,204,56,247,112,158,194,136,38,127
226,31,156,222,155,105,178,20,135,95,124,128,45,139,11,49,40,115,217,168,52,8,63,4,126,115,230,138,13,86,56,71,80,43,45,117,53,252,197,127,61,226,163,50,156,0,18,94,111,132,1,210,34,34,198,223,134,78,195,46,198,187,76,186,30,186,16,224,131,145,34,206,14,132,127,213,185,100,171,76,9,27,30,251,189,143,127,26,134,115,108,129,133,120,148,237,195,74,11,31,21,148,219,92,19,87,27,132,190,197,190,33,44,153,222,246,124,57,36,248,170,144,252,80,241,43,153,165,127
232,218,172,133,184,94,108,176,54,129,49,160,184,138,92,62,88,158,185,77,43,28,68,9,18,239,71,24,204,226,14,41,247,129,211,20,254,51,49,214,6,28,207,161,131,33,86,230,173,168,145,155,136,204,154,147,107,42,246,114,181,186,83,239,249,84,59,111,233,147,171,127,196,16,69,3,107,153,25,197,20,166,125,145,156,58,203,22,167,128,152,214,245,247,8,100,100,164,133,242,211,23,70,174,208,168,87,248,152,142,229,19,87,203,134,31,128,177,80,142,202,68,106,106,54,214,172,183,127
139,233,72,232,110,119,249,252,96,20,53,224,53,59,50,252,149,34,21,63,33,241,102,203,203,31,66,103,154,191,45,83,71,15,99,27,25,194,200,93,212,144,95,58,133,3,36,150,164,22,21,215,69,85,100,148,77,55,73,181,134,131,18,139,230,135,216,123,65,94,154,126,20,22,191,203,91,19,39,54,59,238,146,211,215,8,84,72,47,215,39,228,59,126,205,186,223,180,107,163,139,134,105,103,38,149,135,162,133,11,8,179,168,133,48,92,105,15,76,122,175,194,93,206,212,44,51,147,127
225,171,111,159,228,101,245,84,160,226,87,156,125,200,80,183,30,144,218,250,19,108,236,6,85,20,125,70,206,113,69,122,40,74,161,240,60,125,163,159,89,170,25,87,209,78,112,237,49,197,32,113,148,170,160,199,89,179,186,12,87,6,60,250,47,19,61,243,212,90,248,26,246,181,132,9,200,44,245,179,100,230,64,252,157,133,93,183,189,127,41,166,193,143,188,62,25,25,254,181,180,40,31,105,179,242,143,196,191,118,105,218,126,246,117,125,18,120,154,216,91,185,135,180,17,21,137,15,127
23,93,190,27,56,16,110,54,166,154,155,160,35,79,3,143,35,184,51,212,57,183,122,124,22,158,199,38,97,233,10,14,80,118,0,129,134,62,234,151,140,50,86,96,15,90,139,36,170,17,13,208,116,186,237,111,174,36,127,86,63,227,12,182,96,139,52,189,232,142,160,252,90,229,193,209,142,5,247,195,15,254,114,1,198,166,209,31,95,124,55,49,9,129,219,153,111,39,134,50,85,19,206,111,5,159,212,171,111,34,62,193,111,216,36,38,204,120,211,44,193,217,136,244,169,155,210,57,127
205,207,111,21,67,38,124,210,159,227,170,20,238,128,202,133,174,86,164,23,227,253,196,160,62,115,110,151,151,220,113,91,213,166,162,62,66,107,202,205,171,194,31,196,216,91,120,157,119,197,14,197,222,123,27,26,223,220,99,251,47,165,82,159,168,180,125,102,249,43,90,61,30,154,37,92,144,19,114,104,166,219,254,24,202,100,149,214,206,205,241,45,149,123,130,130,93,207,90,125,139,91,116,179,122,47,19,24,23,213,39,21,198,115,137,65,4,86,184,30,60,202,45,106,2,213,207,18,127
144,145,18,188,250,37,34,208,35,84,253,252,147,27,171,162,140,15,199,227,216,109,146,171,115,63,89,32,58,185,224,148,0,123,164,184,11,251,173,56,155,198,240,134,30,29,192,174,78,46,241,110,56,34,171,181,90,85,214,159,240,134,113,102,204,80,56,120,6,10,128,203,75,133,31,172,21,44,61,177,135,151,159,245,98,201,132,88,11,123,92,252,115,43,163,28,4,150,71,151,120,180,127,210,13,244,115,46,231,243,83,145,191,86,10,126,188,84,5,248,86,174,72,205,13,79,193,10,127
119,102,153,6,168,151,76,45,219,109,75,229,30,193,154,75,19,214,134,225,236,54,41,208,149,105,251,188,248,44,191,79,100,13,122,199,230,78,91,65,146,242,214,146,155,190,61,69,8,99,168,57,102,8,1,134,173,23,71,8,129,79,161,82,102,151,29,233,54,205,148,218,35,62,147,154,90,13,230,199,242,140,205,228,74,86,179,198,30,119,70,233,203,27,222,168,112,187,202,166,185,158,38,191,158,227,232,31,107,182,129,227,88,196,94,159,23,106,82,244,198,229,217,85,72,252,99,84,127
40,194,182,65,134,24,215,11,249,66,126,18,1,59,134,149,157,7,230,154,85,175,19,118,137,169,204,9,250,200,195,236,12,247,172,206,173,234,126,217,8,57,38,222,10,236,56,7,10,132,125,17,124,222,180,148,208,3,108,38,144,94,118,159,121,140,243,191,245,111,226,212,156,146,116,62,100,207,167,230,179,249,193,68,189,30,122,240,115,149,83,44,137,193,90,77,141,146,249,46,5,195,122,248,246,205,199,191,176,237,84,179,4,196,36,208,244,77,131,10,44,222,251,175,84,198,40,235,127
50,193,217,102,54,99,190,188,116,214,146,68,105,7,84,1,227,180,125,115,218,124,126,155,219,156,110,96,137,72,191,11,117,52,30,48,77,114,34,215,113,135,22,67,184,222,2,170,191,46,118,100,147,230,124,3,106,76,161,72,190,254,250,94,182,110,161,1,105,79,157,111,39,106,235,192,80,83,9,142,143,109,13,160,212,87,177,155,59,24,19,112,163,238,141,141,151,243,156,201,106,95,99,191,219,189,109,148,153,198,120,183,38,199,193,71,233,67,134,237,138,141,169,173,171,221,139,246,127
230,148,8,181,176,59,74,227,137,9,222,58,251,100,65,121,166,222,207,165,19,119,65,167,244,101,195,28,65,73,94,107,69,110,111,208,241,206,89,107,149,123,218,187,62,219,70,247,164,81,144,167,66,112,99,217,50,65,186,227,104,74,79,160,197,34,38,235,48,7,217,41,191,160,185,7,229,247,230,24,3,199,133,177,29,247,55,182,28,8,197,208,120,234,7,220,6,199,168,49,190,234,178,184,80,13,222,55,206,134,53,14,237,68,161,134,90,153,145,144,180,88,87,168,149,184,138,153,127
55,178,154,61,209,218,215,244,202,241,246,190,99,202,57,245,241,160,144,36,179,158,8,137,206,57,80,202,3,248,198,174,30,50,132,15,144,122,192,240,232,57,33,38,3,165,174,0,208,127,98,80,58,202,157,234,98,186,35,206,150,45,206,2,35,64,104,157,165,169,53,73,132,42,145,26,46,170,115,172,139,45,52,185,135,88,80,219,204,56,225,3,10,226,64,93,232,202,119,228,2,224,120,7,89,115,68,169,55,30,139,212,67,215,17,187,162,35,113,187,225,192,102,74,18,221,214,66,127
111,214,18,169,127,123,27,155,61,114,169,171,137,102,182,85,45,109,189,172,147,112,99,75,225,29,134,23,15,235,101,122,226,223,57,41,227,218,79,10,186,82,109,225,251,93,114,245,72,46,78,168,133,200,177,193,106,40,213,200,14,63,134,7,20,194,102,245,12,227,156,184,29,20,216,166,118,222,202,70,170,170,165,7,230,178,210,70,103,21,244,40,66,74,208,77,43,0,14,73,250,227,125,24,168,63,82,68,192,74,229,76,243,249,215,19,77,248,5,35,25,118,93,179,216,209,75,213,127
122,215,156,244,82,118,130,3,2,179,62,72,92,251,34,202,172,216,52,126,186,3,22,94,96,174,121,156,184,86,224,103,64,175,115,8,89,214,102,198,200,4,183,116,30,5,249,36,184,227,25,29,207,23,84,55,6,130,36,185,85,190,123,208,188,169,160,92,4,135,32,144,114,51,133,83,129,222,145,53,222,103,219,61,204,214,70,73,250,200,115,62,199,43,202,163,229,104,43,5,56,169,46,110,215,56,114,13,19,241,85,19,29,236,95,40,86,6,182,154,16,245,75,23,16,151,50,61,127
55,124,149,29,47,150,11,154,148,152,184,33,128,98,6,196,169,151,62,233,41,40,212,40,229,30,206,174,187,147,118,8,197,73,212,171,202,175,43,209,65,102,119,141,164,237,19,190,7,6,178,123,228,156,250,57,199,110,150,67,249,2,91,206,38,109,220,143,122,181,222,209,142,31,194,226,248,87,244,10,132,239,90,24,161,73,38,210,24,95,248,75,224,125,35,41,161,150,75,93,101,240,169,131,18,189,154,230,129,91,193,29,228,137,93,91,246,172,222,52,111,29,80,96,196,61,90,19,127
74,147,242,23,24,70,85,8,165,190,162,231,2,19,249,252,149,248,251,158,48,208,180,179,70,190,171,17,241,224,189,117,13,215,126,240,226,72,207,232,116,191,209,95,237,47,195,28,55,22,223,126,194,133,162,13,195,180,84,182,168,171,24,102,70,127,247,32,12,68,217,5,127,37,159,58,214,31,214,198,120,168,52,173,139,124,0,251,192,86,234,127,140,124,112,229,232,194,122,225,156,215,167,108,129,59,13,191,205,16,2,152,212,207,253,13,104,123,130,39,202,179,226,9,79,148,245,5,127
198,87,82,89,188,222,225,116,85,236,48,229,234,182,24,155,170,131,210,103,82,241,22,34,62,41,118,90,159,5,163,125,29,106,167,113,170,251,33,169,152,76,224,254,6,237,113,27,12,94,110,33,214,151,96,199,181,40,13,1,98,206,37,176,10,198,164,118,58,42,90,235,224,50,28,115,208,74,10,232,187,92,172,10,37,75,50,85,159,74,163,152,201,72,144,169,169,99,120,199,15,110,57,135,123,110,140,103,60,247,97,199,113,86,129,123,77,164,5,90,193,223,14,121,148,39,146,118,127
194,186,238,206,77,98,45,206,109,214,20,75,142,189,217,1,9,217,13,216,112,208,87,243,166,217,87,176,252,172,24,27,60,73,181,222,87,186,108,102,193,222,85,94,61,34,253,116,98,164,67,106,161,221,49,247,115,22,146,204,72,240,235,153,224,161,131,187,48,24,62,68,140,141,233,67,57,168,152,194,205,241,103,139,101,135,134,151,32,116,191,196,14,56,220,206,163,26,217,143,185,228,23,103,212,121,41,183,15,234,219,62,133,182,162,244,110,227,71,163,169,198,1,33,52,4,59,60,127
65,3,63,233,244,67,170,124,75,235,42,147,32,40,209,2,171,242,186,58,182,173,207,42,105,227,147,36,89,44,126,54,87,195,127,175,17,99,227,106,59,121,37,225,219,133,25,103,185,131,107,82,50,73,179,246,90,78,53,60,79,77,61,98,197,111,129,171,243,193,242,166,141,114,159,27,170,173,212,250,176,137,42,139,5,103,219,166,216,112,236,27,37,139,63,84,35,153,161,161,237,236,178,76,67,64,94,95,78,55,116,239,122,122,104,227,5,1,3,113,68,198,116,6,195,223,10,136,127
241,3,3,145,34,94,251,23,74,150,204,191,199,249,207,177,10,32,246,109,184,38,32,75,183,165,202,94,114,175,120,70,74,123,137,251,133,103,143,44,113,159,167,143,210,106,198,203,192,213,21,51,26,170,162,94,123,55,196,232,253,189,8,180,203,41,194,2,144,216,249,72,131,226,190,109,156,77,83,114,191,174,122,72,13,164,36,216,66,127,49,170,172,199,196,141,235,239,211,142,100,207,139,152,83,24,208,123,121,138,49,35,72,10,70,206,230,83,236,203,10,22,235,243,220,6,47,90,127
181,132,177,204,209,69,144,127,108,50,220,1,241,173,65,138,89,132,122,24,225,24,89,242,112,58,208,215,235,49,85,181,225,147,203,110,223,210,1,149,143,168,150,198,77,145,42,85,213,237,233,249,238,119,125,218,43,0,175,136,227,2,186,110,181,16,79,59,124,216,84,133,223,200,225,14,105,220,127,150,42,221,151,48,121,216,76,65,155,164,20,104,73,18,216,120,161,156,13,137,56,120,253,161,191,86,9,114,38,200,164,189,232,79,159,33,13,177,87,194,198,20,160,7,145,149,162,80,127
32,152,132,89,225,29,1,4,0,110,171,100,86,150,119,98,41,134,122,196,43,223,29,48,56,245,98,252,34,239,241,118,42,26,185,48,105,84,55,120,21,14,1,83,150,69,44,46,103,165,14,137,62,94,228,24,247,221,15,233,80,5,71,158,158,226,63,27,197,73,81,102,52,57,65,210,112,212,207,142,62,127,9,126,87,175,67,215,44,16,169,167,240,91,251,245,199,253,193,186,184,89,132,42,209,223,78,74,231,8,22,201,240,26,32,141,182,179,107,91,253,148,62,59,61,47,102,141,127
44,43,185,1,192,205,77,206,108,213,217,67,228,178,161,220,46,87,45,60,191,86,217,124,238,65,111,45,29,239,147,233,131,208,101,77,183,195,84,189,212,6,84,81,123,31,42,133,201,252,33,39,150,51,76,168,240,232,29,242,172,146,230,136,202,108,249,245,33,117,11,146,117,98,120,152,105,99,64,5,73,218,223,233,91,49,78,206,80,42,1,53,141,138,151,231,214,178,223,12,192,97,101,46,46,129,28,55,116,33,236,61,199,96,75,110,169,67,155,100,50,26,191,131,59,173,242,142,127
27,68,223,162,38,69,179,213,78,150,189,190,20,20,218,116,93,250,192,253,99,68,89,147,245,187,85,180,219,216,85,76,253,113,11,140,137,8,58,23,148,140,198,79,112,43,189,167,153,200,112,56,56,11,0,87,216,200,85,124,177,72,137,231,207,112,95,41,178,132,1,142,240,168,136,150,79,86,201,244,199,214,248,227,194,24,174,253,75,187,161,212,139,89,38,111,253,57,199,145,249,169,104,231,167,223,117,203,15,230,60,25,23,105,159,131,244,84,243,33,38,112,195,210,94,60,21,98,127
166,151,143,68,155,174,26,127,54,8,114,16,127,203,102,126,183,153,58,146,69,206,30,161,35,159,153,6,31,99,79,160,12,217,55,98,68,231,111,149,58,116,108,213,55,253,153,10,158,63,177,194,170,122,38,198,54,228,232,9,114,67,93,239,87,31,51,102,147,212,143,135,21,63,190,13,13,19,33,111,127,152,14,95,152,13,242,152,38,155,177,14,126,8,98,117,92,121,185,61,141,205,77,136,119,189,124,104,182,72,88,165,129,85,1,126,100,170,246,244,124,126,97,206,36,234,104,75,127
106,67,205,224,85,103,243,228,140,202,61,125,104,70,65,215,70,149,149,183,98,244,119,79,58,60,211,112,170,97,214,43,172,62,147,207,133,172,231,152,117,80,234,75,122,35,110,24,209,231,246,182,156,46,176,29,70,158,162,113,182,183,91,101,211,174,247,142,87,237,59,201,178,251,35,177,152,118,195,102,197,164,247,227,98,30,3,81,84,228,171,37,182,86,110,79,52,17,231,106,83,152,90,104,6,50,228,101,85,53,87,236,113,249,40,24,164,241,100,91,18,103,250,132,195,231,18,226,127
36,153,69,32,78,55,16,145,232,198,233,22,220,18,161,157,157,36,177,124,215,95,166,250,169,91,238,226,93,209,202,117,148,144,219,86,193,4,152,136,175,184,219,222,42,164,100,30,245,62,199,243,226,34,168,125,112,212,16,216,99,68,130,122,238,179,49,11,34,55,101,245,201,250,105,11,175,222,209,100,168,134,119,83,186,111,241,251,141,228,219,73,50,33,187,62,250,225,188,201,244,252,8,37,195,126,112,24,86,163,134,207,102,231,170,204,179,169,121,114,93,37,34,74,37,29,215,235,127
147,85,248,14,43,232,164,116,36,103,17,167,104,163,119,86,149,102,188,189,186,106,183,163,148,202,211,209,223,146,215,82,79,134,223,161,249,59,15,184,103,45,246,118,186,169,226,218,252,68,72,58,37,222,235,13,139,165,16,186,170,67,178,164,181,245,217,98,3,106,223,34,8,89,47,138,53,37,188,221,28,27,219,113,181,226,235,205,29,131,245,231,163,196,227,78,99,75,225,117,131,86,81,241,79,173,232,239,252,41,148,212,123,105,185,111,190,210,194,186,80,5,34,140,16,38,151,228,127
144,218,111,227,43,79,14,234,84,192,135,109,16,72,250,111,238,236,208,183,105,203,82,75,116,84,189,98,137,221,156,34,229,12,144,145,81,8,135,183,231,213,236,177,240,149,161,33,42,87,63,95,26,135,230,181,192,247,177,19,68,246,238,98,82,38,219,99,132,130,160,1,61,90,99,172,232,73,30,85,32,212,179,128,78,219,97,248,83,50,152,6,95,78,9,221,137,3,40,81,226,142,96,183,37,189,107,254,69,185,91,244,100,29,61,218,81,8,123,208,180,252,243,28,149,159,39,176,127
199,176,21,201,74,89,138,228,55,115,237,112,232,195,205,21,84,13,22,122,15,113,103,215,96,109,122,216,152,123,41,60,136,110,111,130,76,48,19,49,107,158,228,199,204,212,128,16,208,235,78,64,199,92,43,214,125,30,51,188,7,210,123,31,237,223,244,38,42,100,173,219,23,131,245,65,5,58,24,158,252,58,161,52,81,216,182,193,192,78,213,11,42,74,240,68,41,205,14,51,114,46,36,76,29,118,188,2,139,68,27,167,76,6,195,94,238,120,87,235,2,57,156,200,159,58,16,123,127
125,94,18,69,249,215,23,108,32,5,195,239,112,182,131,25,84,15,62,198,34,189,177,3,220,143,95,223,86,52,202,185,178,75,29,22,154,113,133,244,31,170,12,199,49,90,72,12,61,44,12,9,80,245,110,195,102,78,140,123,80,156,48,8,30,237,189,162,127,195,14,238,166,32,240,32,127,12,243,239,77,92,96,138,0,146,94,63,80,20,130,62,210,105,243,208,228,213,85,188,192,223,147,18,105,85,130,216,178,12,192,53,121,87,141,203,249,128,225,254,162,232,44,18,151,19,37,180,127
73,247,62,3,168,99,148,196,247,96,206,165,199,98,237,233,197,57,19,44,111,210,200,97,20,127,203,139,4,233,18,15,12,80,209,19,62,224,53,117,166,227,242,28,28,37,94,160,196,156,0,34,229,200,169,98,136,196,249,134,220,155,235,244,75,72,149,128,163,150,155,150,227,146,150,12,201,142,13,138,145,200,198,126,175,237,108,141,137,86,182,80,160,33,113,156,211,201,208,250,21,173,185,148,159,83,227,116,65,207,85,177,113,248,157,59,118,105,76,183,101,47,216,43,22,190,51,252,127
34,203,77,18,130,50,65,36,35,223,112,84,35,181,81,164,241,63,186,196,185,104,133,23,198,46,69,143,33,18,25,38,58,101,251,88,186,21,75,41,123,95,240,116,63,176,15,133,204,70,91,93,10,114,92,112,136,69,130,110,181,3,154,234,151,45,168,208,132,244,78,117,156,4,156,119,67,242,34,97,1,60,189,169,239,180,141,180,34,216,248,188,191,225,77,147,69,156,218,122,25,7,249,131,131,149,157,66,167,154,66,84,153,35,242,102,195,145,172,106,95,89,73,165,50,234,163,104,127
9,164,180,246,93,56,129,121,96,192,12,80,230,69,211,24,227,17,225,110,7,8,245,120,247,5,132,103,230,172,208,38,93,148,143,231,222,19,206,94,82,206,112,140,33,120,32,83,67,2,171,6,166,153,54,167,111,101,230,51,210,46,5,140,228,226,210,103,184,195,97,96,119,218,107,22,172,125,26,44,118,100,123,172,226,8,165,15,242,143,207,237,20,11,86,135,200,78,151,135,76,195,48,181,128,110,79,14,237,192,108,62,139,95,177,166,48,19,102,15,137,115,81,1,225,186,122,220,127
152,94,28,251,72,78,150,50,33,231,168,74,197,147,205,74,166,206,20,11,252,189,125,231,109,95,3,84,16,105,83,18,59,250,233,200,65,190,106,154,220,194,61,80,129,153,90,82,178,223,60,70,222,204,220,248,42,115,98,219,25,99,107,143,131,113,130,102,58,129,117,75,77,128,142,67,5,27,80,88,35,38,249,222,154,105,169,24,219,9,122,233,33,27,123,11,20,86,67,217,73,59,8,79,19,223,58,181,43,53,28,158,62,153,125,225,177,71,122,193,141,76,141,230,163,48,47,57,127
73,112,58,66,192,198,69,105,209,69,179,240,190,74,56,94,11,254,39,20,45,12,233,107,122,33,151,14,153,42,241,133,237,173,120,40,14,163,165,152,68,204,169,156,53,119,47,44,53,19,129,191,171,119,38,98,204,42,19,250,138,132,128,43,250,201,75,100,233,78,94,115,32,12,70,211,99,225,58,6,246,137,212,39,170,177,108,42,59,170,27,192,221,188,15,131,31,185,25,207,231,20,134,175,82,185,75,202,56,83,229,46,82,47,127,235,154,69,13,224,114,247,100,163,150,121,65,241,127
106,40,238,61,48,8,94,138,123,27,245,149,207,152,2,30,13,101,78,157,24,238,58,133,236,84,236,32,62,179,28,198,185,230,167,47,10,56,48,192,199,194,11,253,171,199,142,247,139,96,21,177,214,177,247,78,194,158,245,246,138,179,79,39,88,84,219,64,127,217,21,231,75,253,124,246,43,236,75,80,14,39,101,242,228,171,107,230,186,85,228,222,83,25,179,203,72,13,217,170,94,202,19,33,130,43,165,230,58,245,12,43,156,126,98,136,23,25,243,224,84,134,107,102,198,143,253,246,127
236,118,86,197,215,165,237,99,225,217,122,241,214,108,43,254,205,135,217,42,14,86,84,93,191,235,141,214,205,48,62,245,175,72,102,34,186,219,44,189,94,58,68,33,94,91,104,41,202,1,12,250,102,202,85,85,209,62,106,79,182,191,25,63,100,66,1,41,179,71,54,19,60,51,61,102,208,137,208,135,102,151,217,254,89,76,25,250,131,139,190,188,96,232,152,195,200,247,55,88,244,102,62,188,69,226,90,163,101,233,121,140,51,237,185,98,195,235,16,106,195,25,243,77,32,200,92,54,127
117,62,47,75,192,12,201,147,89,190,10,76,207,3,150,52,209,48,199,215,236,157,175,117,204,88,156,247,195,33,249,175,1,16,204,15,58,237,203,187,97,148,116,85,236,162,208,69,122,148,6,68,127,38,60,17,224,113,94,35,194,125,229,229,231,204,234,140,25,228,142,166,141,186,196,23,238,196,225,219,207,198,190,4,252,112,165,251,169,64,77,140,59,129,58,108,105,123,185,119,27,197,47,64,87,104,92,31,5,92,109,33,125,222,84,249,114,243,59,61,147,157,59,164,147,187,218,7,127
159,202,153,132,200,209,221,130,149,130,251,42,179,122,117,129,101,42,65,211,128,42,87,114,165,163,242,43,58,165,199,124,225,221,137,239,242,74,150,112,212,59,182,132,254,111,145,233,145,220,64,40,68,59,207,133,147,125,46,204,180,20,139,18,103,209,220,74,114,107,6,101,112,227,69,240,44,226,26,88,122,203,191,31,29,192,125,139,169,254,158,56,87,139,168,115,103,34,150,82,109,71,173,151,206,49,5,13,146,166,194,181,167,77,1,125,47,57,15,171,54,79,99,78,8,140,137,130,127
21,103,50,93,23,19,206,211,47,159,232,181,47,57,233,131,205,150,191,239,123,90,80,63,104,11,97,165,189,125,142,156,234,119,204,86,44,69,224,9,232,46,113,112,137,40,67,150,52,166,92,71,131,26,140,183,78,176,163,126,155,87,183,220,189,47,177,171,52,26,167,189,85,177,29,95,211,48,247,251,87,246,33,104,38,18,169,104,161,98,31,172,43,253,201,37,235,18,18,91,103,131,134,88,184,197,101,118,163,70,253,154,60,190,27,225,143,240,68,186,161,202,240,2,71,67,85,166,127
67,199,72,163,122,210,71,154,193,35,40,249,224,98,49,47,83,68,116,55,48,158,151,158,137,108,3,229,123,26,213,147,252,69,56,194,122,173,121,196,235,154,179,184,232,240,163,236,177,214,37,116,201,160,142,142,155,34,155,149,251,40,146,68,70,119,248,233,60,126,137,52,234,66,230,205,30,45,212,32,179,169,163,153,123,172,225,93,25,82,189,8,145,98,224,27,45,102,232,170,226,181,46,215,230,104,206,197,31,27,198,35,24,213,253,80,69,243,160,20,25,140,191,46,87,177,226,216,127
45,146,203,51,143,32,41,138,124,254,242,229,7,34,167,160,54,112,206,112,170,211,178,181,81,172,92,104,226,187,210,81,166,145,85,125,180,247,245,5,53,194,111,43,14,222,71,211,181,240,193,117,110,204,40,47,248,214,78,30,96,244,213,208,145,40,211,43,57,107,193,129,71,49,146,230,246,226,18,73,237,74,62,207,83,119,132,148,62,151,79,71,34,162,45,25,228,110,64,19,219,195,153,75,27,105,1,240,161,70,191,64,153,132,209,26,104,44,183,20,200,51,157,41,21,232,151,69,127
214,4,112,75,71,179,149,105,45,134,195,94,58,203,12,70,189,224,202,229,85,36,93,145,26,38,251,8,65,138,6,82,179,106,130,13,246,195,174,163,55,16,165,186,138,2,222,189,105,102,207,177,190,89,133,130,238,43,249,43,239,134,145,104,217,6,104,201,134,237,65,114,23,134,47,144,105,223,68,42,226,191,55,121,218,28,216,99,189,77,12,168,114,113,245,123,227,45,243,1,172,8,106,22,6,166,17,97,252,33,152,11,246,221,186,242,67,165,40,96,73,185,57,164,173,236,92,227,127
83,47,49,14,6,161,21,76,23,159,145,229,73,133,32,23,180,120,111,125,128,200,160,224,144,38,217,58,48,201,216,202,241,181,163,15,84,79,227,180,79,221,85,139,37,69,124,219,31,103,71,138,179,59,162,70,77,146,112,131,167,127,165,98,219,100,139,116,170,74,9,125,243,39,178,33,117,3,1,69,229,184,89,207,91,209,170,58,110,58,9,135,113,101,41,160,73,97,156,114,193,43,51,200,121,10,153,52,9,238,130,146,89,215,59,117,84,33,173,154,250,2,34,187,197,41,158,252,127
94,230,70,169,247,17,246,62,5,205,36,113,30,204,36,166,143,66,77,14,126,23,226,148,245,169,199,141,40,6,86,97,145,25,233,113,37,105,50,196,184,15,111,43,251,30,73,5,205,44,72,184,182,249,70,226,194,76,22,54,187,229,241,98,81,174,51,133,18,230,151,54,193,179,40,235,25,210,205,39,48,229,1,11,147,63,216,196,202,201,226,107,205,27,167,14,13,229,246,27,225,97,33,14,233,7,225,104,127,199,220,145,32,45,133,87,136,173,74,232,212,96,28,108,101,26,210,156,127
47,117,147,25,93,80,55,189,120,175,31,130,232,157,4,118,253,18,116,240,25,215,211,169,178,23,241,236,221,205,230,168,217,169,15,168,73,231,96,31,110,204,161,83,36,49,208,209,7,184,101,204,72,66,68,246,38,101,234,247,90,75,142,83,63,113,45,244,183,247,13,133,29,38,99,152,227,249,40,175,144,227,180,222,50,79,5,235,235,215,186,87,234,49,38,244,15,109,173,240,154,83,223,229,170,233,247,85,223,38,203,18,250,46,11,155,138,103,245,60,56,112,252,76,231,223,91,157,127
51,244,198,179,6,5,213,29,205,121,23,115,0,213,100,72,52,180,132,77,188,192,66,13,115,5,29,6,112,114,226,60,210,132,188,199,185,55,43,19,89,156,245,52,215,155,68,164,154,92,115,241,189,50,39,117,218,25,185,247,222,73,137,129,110,163,22,216,79,144,38,30,236,104,153,219,230,157,164,154,19,201,80,89,145,235,77,126,180,129,2,192,191,104,118,236,26,165,4,98,168,222,58,121,221,119,147,9,86,176,31,71,55,74,156,41,237,118,78,228,216,186,163,5,215,67,5,199,127
77,17,56,131,184,240,139,204,149,161,128,163,153,81,179,87,126,26,32,239,50,233,47,143,52,219,235,237,29,135,141,166,24,145,204,68,246,227,223,191,175,44,153,252,135,13,7,173,174,213,48,176,19,178,132,149,148,94,135,81,184,227,104,82,228,212,7,75,18,56,217,16,215,16,133,182,2,92,95,252,248,69,72,159,171,113,123,18,48,139,208,221,146,73,83,33,230,195,191,122,10,2,131,87,141,26,133,116,197,36,162,165,132,77,246,107,109,185,186,189,183,48,18,206,217,182,93,10,127
19,139,123,204,28,78,239,170,196,192,142,223,222,59,47,32,224,155,23,25,90,236,135,181,26,13,108,195,52,163,233,226,116,72,96,121,60,199,43,235,218,152,15,16,245,191,158,180,203,42,53,127,39,244,38,103,223,163,107,235,34,51,184,41,178,63,99,190,200,29,136,248,103,25,189,110,43,3,89,22,148,247,207,5,212,226,70,56,14,9,182,253,45,210,5,32,164,15,174,249,228,209,166,65,10,4,181,90,161,251,46,117,141,107,86,48,159,117,171,90,146,92,19,250,91,147,94,141,127
27,61,249,209,158,109,100,46,248,240,88,81,90,148,46,143,250,232,116,195,57,134,189,93,241,243,184,119,60,229,87,154,45,28,201,83,82,40,16,143,230,133,109,106,232,15,8,182,88,166,22,169,110,191,161,188,55,168,192,163,38,22,53,42,42,185,81,239,238,230,102,189,183,237,64,150,145,239,147,33,197,204,41,24,136,85,78,89,111,248,95,59,135,132,97,160,234,200,79,26,67,160,50,243,41,8,50,59,199,79,228,183,247,235,14,116,17,82,222,53,58,175,228,71,13,111,150,154,127
88,72,72,77,178,19,66,78,205,166,39,82,104,175,216,222,172,24,248,62,83,86,155,46,38,209,185,153,203,224,133,111,199,23,2,187,206,88,131,127,39,204,240,234,222,222,70,1,7,115,55,176,100,136,60,192,87,108,135,44,185,18,220,110,28,74,189,10,37,121,156,137,29,41,183,16,227,113,200,47,1,36,227,171,109,145,239,53,78,115,57,249,81,76,219,133,29,134,195,79,49,209,87,82,215,21,194,225,221,0,20,155,4,173,247,48,79,193,163,31,203,97,148,221,234,250,237,112,127
229,196,213,32,155,235,54,36,35,175,41,248,108,62,160,101,224,70,170,44,116,137,184,191,107,88,182,219,30,78,198,141,163,222,68,25,141,78,27,236,89,41,68,154,148,96,38,53,249,169,250,18,235,38,167,182,199,77,3,231,82,245,63,87,242,114,7,32,228,35,11,53,167,184,77,118,9,34,245,202,36,96,173,129,137,52,129,214,176,149,15,17,160,97,193,89,44,6,66,172,181,37,192,182,176,136,236,32,16,245,127,92,178,244,1,203,140,123,174,48,85,25,118,107,133,54,90,230,127
219,186,69,37,93,6,183,87,56,250,87,63,120,119,126,228,197,95,185,16,162,161,75,26,45,119,141,142,199,113,246,66,249,59,219,13,93,23,147,242,219,17,24,158,141,97,156,160,60,246,167,145,231,104,47,221,166,231,182,148,211,235,70,242,144,117,166,222,247,20,98,223,227,182,88,94,67,138,19,223,37,54,137,137,229,50,62,76,208,172,167,101,166,171,94,163,136,39,135,179,212,189,142,240,53,109,114,152,247,147,179,185,217,13,23,185,178,137,77,215,94,94,131,156,119,64,134,9,127
91,190,42,46,191,185,220,133,115,216,136,101,105,130,128,108,148,180,233,83,146,117,251,246,121,11,20,3,109,172,134,241,16,193,197,205,41,100,234,130,119,182,147,142,52,49,114,249,14,17,14,231,52,153,177,220,190,198,115,120,231,209,155,237,27,132,32,11,75,20,195,203,28,113,189,12,48,162,239,251,172,80,100,235,208,113,32,79,11,66,89,208,89,128,71,31,84,1,18,8,138,210,215,73,23,39,177,91,149,133,70,177,135,63,73,231,114,45,221,20,175,58,97,117,175,217,200,24,127
40,184,221,242,171,19,66,152,35,56,179,214,106,198,232,88,149,179,79,106,160,195,239,38,254,201,131,130,67,44,152,209,78,11,38,184,151,86,141,161,169,177,8,17,125,115,184,199,148,147,109,91,112,246,67,97,153,85,1,99,136,233,156,71,205,183,114,207,200,22,41,133,208,23,65,17,80,174,121,6,181,43,199,135,181,142,45,99,176,237,250,108,91,119,7,39,234,122,145,198,86,136,188,60,194,240,100,24,147,231,92,176,46,67,112,113,70,227,50,130,169,203,89,226,219,30,194,224,127
36,234,216,191,42,198,108,236,31,181,83,37,120,83,11,159,115,209,153,25,106,163,201,200,227,225,0,151,51,142,66,124,177,65,163,33,75,152,251,4,56,215,142,126,163,32,124,178,40,65,55,232,55,182,38,145,254,35,89,186,170,37,204,252,121,110,252,163,177,80,168,13,193,136,83,183,211,129,163,128,65,124,57,105,146,94,50,221,80,74,49,229,205,220,23,106,20,89,207,176,130,78,38,235,2,144,228,44,188,235,166,171,82,5,2,1,17,126,52,5,141,58,241,150,181,232,232,254,127
245,157,227,163,143,161,49,88,45,191,210,191,132,116,15,36,82,223,194,9,122,95,91,126,62,168,45,35,223,6,109,136,162,253,208,84,105,106,139,238,76,11,193,232,38,254,93,101,124,141,165,251,105,212,42,241,107,155,39,199,17,31,226,220,145,201,47,128,65,69,213,20,182,130,71,86,168,209,63,65,40,73,74,217,29,203,65,117,188,242,186,28,20,246,201,1,118,221,241,207,145,191,19,194,34,121,51,87,112,56,232,229,74,231,133,199,16,146,124,243,244,92,245,236,64,34,21,114,127
151,60,182,238,64,106,78,105,97,59,120,7,156,102,126,106,112,84,150,37,162,28,20,181,182,208,212,7,231,57,59,33,155,167,61,177,137,11,248,168,18,116,252,131,127,217,155,205,248,242,101,92,56,201,117,108,91,103,150,211,32,17,126,149,43,206,235,177,42,172,205,252,61,193,193,55,177,244,110,130,219,117,163,202,197,15,54,133,252,246,37,91,176,75,209,55,187,204,66,53,176,200,185,43,123,176,168,184,53,154,238,253,27,136,3,151,251,215,73,180,147,119,106,40,140,127,41,165,127
166,243,182,57,147,86,21,141,237,212,126,136,47,172,61,200,235,210,47,4,5,201,242,18,136,227,229,72,122,153,87,206,38,188,199,182,108,238,13,171,51,100,99,62,246,83,162,132,207,165,22,166,58,248,131,246,78,241,113,211,5,49,225,44,130,109,113,6,165,26,46,103,82,55,149,153,77,117,203,203,247,69,147,143,155,236,138,74,13,131,77,40,247,21,222,0,59,7,106,11,233,17,93,125,61,240,19,124,72,148,33,195,71,175,253,229,91,1,31,173,52,74,238,199,40,18,228,182,127
199,77,23,72,70,84,147,240,111,204,186,44,123,51,234,120,244,225,217,78,73,239,192,193,82,160,9,184,26,49,203,150,60,204,204,157,35,235,6,71,130,190,177,211,1,66,108,35,211,227,204,138,105,221,181,133,117,207,213,83,65,198,45,180,211,163,34,232,76,107,145,50,223,239,97,211,139,14,228,115,9,52,187,153,160,130,154,12,129,221,37,220,206,41,219,222,216,21,213,43,147,147,99,128,82,203,56,23,244,73,177,22,2,211,48,75,43,147,11,148,51,226,9,97,134,70,37,2,127
218,235,228,20,128,45,157,39,185,7,177,191,67,21,108,169,91,229,158,117,106,79,155,151,229,19,202,80,191,170,252,59,91,215,179,73,107,59,41,176,28,133,23,91,139,14,43,107,81,27,3,226,94,51,126,112,201,169,153,33,30,136,96,70,127,156,175,121,4,7,186,229,3,33,148,131,145,62,120,154,171,75,17,233,119,251,77,179,177,30,174,33,117,178,241,244,146,47,133,67,225,158,15,95,36,24,217,27,124,101,20,188,17,134,24,79,228,215,225,107,15,230,173,119,59,123,5,82,127
27,163,131,159,106,103,53,35,94,63,232,98,205,27,38,210,85,75,96,72,42,224,182,242,245,19,109,160,202,217,227,65,240,139,86,150,72,109,171,2,67,82,12,211,147,144,144,162,40,15,53,80,85,39,174,183,133,247,186,55,114,49,228,197,164,137,166,170,61,117,53,188,37,164,48,85,23,65,153,196,85,207,240,224,93,181,199,136,24,179,54,181,218,38,140,175,66,178,89,225,229,117,177,177,164,123,9,89,61,96,147,94,26,229,200,137,159,233,54,127,83,225,67,80,5,107,199,58,127
139,203,181,204,33,211,206,63,233,225,14,125,141,133,253,100,93,72,133,234,233,192,208,89,122,21,245,106,58,187,41,69,118,121,48,252,234,34,160,163,177,80,231,107,129,109,51,47,98,4,135,222,253,187,158,94,5,26,221,88,142,86,172,19,251,11,44,234,241,4,97,172,169,222,152,197,148,89,16,86,135,60,91,209,108,146,68,21,167,113,100,137,59,25,220,80,62,234,107,123,22,200,177,130,207,249,105,195,150,244,184,33,27,24,197,213,84,41,62,241,6,198,81,150,110,194,132,226,127
69,123,156,217,21,198,119,240,29,112,194,66,109,198,218,39,101,217,241,164,198,218,219,158,42,54,220,62,88,221,188,31,210,161,99,85,0,70,168,158,242,252,69,38,225,8,155,86,124,227,137,142,108,216,25,9,173,222,189,100,195,103,0,224,184,214,91,205,35,90,19,160,52,33,81,86,14,180,161,207,63,130,175,44,129,32,206,105,102,122,243,25,176,142,60,83,226,251,193,241,8,83,104,87,209,175,196,68,78,149,167,140,157,240,218,137,135,178,200,244,1,162,90,131,163,8,129,16,127
47,18,130,19,216,197,147,100,174,202,203,38,234,36,29,4,33,21,165,97,90,181,191,222,162,197,92,63,74,123,2,240,131,196,178,168,228,62,160,163,43,79,182,121,208,10,186,245,50,223,245,16,182,74,3,104,190,92,191,40,195,66,88,87,201,33,217,63,241,102,229,63,148,182,122,64,55,10,98,65,126,83,110,36,77,50,161,77,234,115,41,230,230,18,239,31,1,89,43,199,46,183,51,120,139,223,235,186,80,165,140,215,1,146,115,237,151,37,118,99,229,104,81,108,212,224,30,184,127
19,218,63,208,214,214,43,72,126,189,59,172,150,137,162,111,183,6,186,146,70,113,64,34,164,40,220,69,122,204,61,111,246,115,215,200,154,52,181,133,203,119,107,104,245,64,167,94,166,35,22,156,71,195,94,132,52,242,200,134,58,65,241,8,176,183,157,147,145,46,78,33,178,173,107,119,117,227,243,134,151,181,43,245,94,113,176,149,119,6,78,27,91,24,253,84,86,177,201,38,39,245,28,61,94,192,118,172,4,2,201,56,245,6,15,46,118,249,150,245,177,28,70,97,174,10,33,22,127
92,162,206,102,133,16,57,49,149,225,12,33,5,236,204,99,239,6,4,16,113,90,106,95,27,230,102,198,19,118,210,191,14,225,190,229,120,190,46,114,85,18,241,19,208,216,253,185,229,88,181,94,4,71,54,26,231,245,193,158,252,159,184,86,12,22,95,128,14,64,159,145,252,107,40,202,189,190,205,214,157,196,201,254,48,229,201,241,47,175,91,150,111,25,139,78,187,78,179,252,230,197,9,172,171,89,220,250,51,249,75,200,202,53,98,95,224,5,190,110,190,12,64,52,38,227,69,197,127
26,136,102,37,220,174,19,234,116,142,138,216,145,238,14,98,180,37,111,148,200,30,160,73,219,74,109,154,36,199,213,171,92,64,53,15,135,108,8,87,83,201,122,56,92,139,47,4,248,155,189,211,207,39,233,40,100,215,148,102,230,7,224,129,228,5,179,136,148,27,143,127,143,234,20,91,182,45,207,206,88,200,71,139,234,169,148,32,189,82,223,195,147,204,25,253,15,1,160,106,237,253,161,42,72,38,186,40,83,88,109,135,45,124,195,117,127,55,207,132,128,205,18,97,88,188,113,230,127
178,157,58,33,131,124,187,126,140,73,178,182,17,131,65,187,33,30,50,25,141,227,66,126,111,67,149,15,52,248,104,198,172,128,210,65,235,15,67,208,150,219,136,234,9,191,72,82,82,194,53,218,27,105,43,75,177,248,139,32,60,214,219,39,235,12,221,72,64,250,154,4,221,69,64,221,192,171,33,51,220,119,122,191,57,231,3,140,187,46,35,23,55,49,128,213,211,31,137,238,70,34,165,47,116,205,93,185,153,228,213,219,170,134,250,145,128,153,163,33,16,34,30,123,21,86,230,71,127
154,251,9,126,239,76,234,226,254,145,239,12,230,60,106,104,176,113,225,243,31,99,85,169,89,137,191,219,24,145,115,213,32,173,179,116,14,48,2,111,172,175,44,0,64,34,30,88,190,78,103,6,94,96,38,31,190,15,90,33,215,77,252,181,68,201,129,188,222,235,184,215,143,43,215,91,212,55,17,194,38,159,169,251,50,183,72,199,32,251,78,61,232,94,160,79,121,156,1,230,48,242,83,127,129,35,146,152,206,248,140,118,202,128,180,28,219,13,102,242,105,194,132,38,166,150,81,208,127
172,145,237,9,91,149,27,221,196,95,173,143,19,208,146,31,216,151,130,171,47,242,247,98,77,18,195,162,18,69,240,149,172,104,228,32,88,47,253,235,242,175,189,186,220,37,39,43,33,121,185,44,251,12,48,134,241,92,69,138,112,67,27,140,136,247,112,79,132,27,7,20,172,104,201,214,159,226,238,192,51,253,13,249,54,20,242,146,237,15,171,58,74,203,115,254,236,36,21,3,181,194,127,95,138,135,239,49,186,57,114,91,177,244,6,189,74,68,208,58,27,172,192,176,99,240,62,124,127
149,140,164,162,226,148,251,125,249,59,1,103,135,149,153,211,145,142,156,113,230,102,155,171,117,143,40,121,239,59,210,165,127,59,131,202,19,252,147,227,48,107,82,25,250,9,214,104,52,8,149,81,210,0,225,57,143,48,244,201,174,243,15,68,155,46,163,132,157,47,92,164,171,93,37,73,248,90,52,136,159,184,62,216,181,49,57,235,197,44,159,129,57,49,176,233,134,215,29,184,155,61,86,167,58,14,55,78,86,157,135,43,203,187,126,98,233,229,120,235,149,21,23,10,80,191,30,102,127
63,165,82,128,229,139,75,160,196,13,115,244,141,241,3,160,197,210,238,20,68,1,106,181,2,147,188,164,17,97,234,22,142,108,165,29,84,212,28,95,218,30,49,220,219,205,223,156,153,248,186,28,244,188,163,104,162,148,169,158,135,227,56,129,235,133,163,96,35,212,149,249,183,35,45,82,47,215,171,83,215,119,181,28,113,70,217,9,80,178,83,169,191,104,168,100,29,92,189,189,0,171,239,167,251,131,203,236,50,239,252,116,217,104,73,48,97,173,218,146,211,47,254,196,138,169,8,71,127
20,196,226,137,244,222,222,237,32,41,65,70,63,189,227,135,123,151,158,236,146,63,166,51,244,142,119,3,167,176,235,238,187,99,127,140,235,220,204,157,4,196,204,67,216,64,176,100,218,26,123,152,10,168,153,62,226,185,164,97,18,161,20,113,37,150,215,104,136,171,43,114,152,243,198,104,95,103,42,116,65,102,87,240,155,174,189,242,252,231,249,110,74,84,103,220,217,188,52,34,243,78,83,235,8,27,209,189,142,150,59,53,146,190,35,162,163,171,142,82,29,146,131,236,94,192,145,16,127
39,214,124,121,171,41,242,153,151,27,76,236,119,228,87,62,23,138,49,192,183,229,213,210,142,110,180,238,13,163,38,176,64,85,17,222,234,157,45,109,222,224,221,13,189,89,98,253,67,233,85,72,146,102,141,26,114,42,93,243,107,206,83,161,84,226,52,112,199,57,225,139,182,3,171,193,239,98,225,167,27,127,196,39,203,94,148,142,78,108,235,106,224,238,29,106,229,24,58,107,145,74,145,196,249,15,224,22,239,220,83,217,96,248,185,172,204,3,198,152,162,28,28,176,58,240,54,32,127
113,158,122,193,182,233,104,120,34,83,14,148,208,238,74,151,217,50,22,47,196,241,184,23,133,102,2,218,23,92,86,34,48,62,76,97,65,179,99,46,231,46,136,17,22,55,127,203,33,47,140,55,45,20,26,227,200,134,97,251,173,176,13,169,75,14,52,83,248,250,127,20,240,169,168,32,164,216,173,73,212,109,71,207,2,230,238,167,140,88,26,93,103,112,146,214,192,44,108,160,243,217,91,138,159,159,165,160,27,53,217,63,95,127,71,247,243,241,192,96,127,56,160,27,11,54,69,199,127
239,226,219,46,217,108,39,161,254,205,49,186,9,237,125,134,161,216,229,45,196,167,89,244,234,56,131,213,133,84,6,156,69,62,2,169,126,36,2,82,14,144,212,113,174,67,110,117,98,241,126,94,169,38,237,61,205,16,28,154,53,229,83,111,125,251,139,173,7,107,79,2,245,39,244,223,224,48,43,65,69,7,214,248,232,95,56,174,73,159,112,104,216,101,2,86,130,62,181,160,65,137,34,94,135,122,80,51,20,63,133,117,151,206,30,192,188,139,105,61,70,228,102,55,212,63,77,97,127
105,84,87,133,192,22,100,180,213,79,81,204,150,214,33,66,144,141,227,10,12,100,61,46,66,143,162,73,56,150,81,41,177,76,144,144,198,161,218,50,62,24,40,91,111,151,248,88,107,166,200,144,13,194,10,96,96,43,78,94,151,159,64,141,191,63,112,62,65,180,183,54,53,177,102,194,234,22,95,165,72,149,187,85,21,192,101,105,199,228,60,146,59,125,104,239,105,206,235,103,10,62,195,60,69,134,117,147,244,203,91,3,22,51,119,105,60,213,248,3,160,97,53,200,153,211,59,118,127
230,200,202,101,100,193,87,156,6,212,149,152,113,250,198,90,183,253,227,234,213,194,106,220,190,231,38,123,203,167,157,33,135,51,78,229,250,235,223,243,87,204,158,123,8,235,226,24,143,201,9,131,124,152,253,107,134,170,123,127,245,107,207,195,143,232,169,97,133,192,105,38,27,92,134,196,101,216,32,240,75,172,76,159,132,229,95,201,91,141,245,116,224,116,179,11,119,230,65,84,249,18,210,208,214,196,110,167,0,185,35,71,62,226,160,146,214,108,2,41,130,150,9,212,252,243,120,120,127
66,99,95,50,7,26,45,186,95,151,254,158,135,216,214,153,199,120,229,139,137,103,37,183,59,152,56,153,194,1,131,6,173,237,127,245,165,17,137,55,162,104,152,205,238,113,165,160,198,120,104,82,228,209,79,92,77,227,152,108,13,195,13,153,159,165,79,191,153,119,237,180,7,17,25,201,215,147,2,243,237,140,167,199,131,160,100,102,78,5,181,231,52,12,95,231,122,29,165,26,29,146,125,77,109,107,246,23,102,198,214,138,240,1,231,243,78,216,1,23,210,197,168,192,113,31,102,66,127
101,74,238,168,192,182,53,31,220,185,189,254,142,28,98,19,203,212,18,71,254,55,140,62,19,111,39,84,233,239,40,132,150,108,57,243,228,47,240,75,202,113,103,46,188,175,179,28,220,9,125,81,53,77,94,115,91,62,52,118,93,35,209,166,200,112,87,209,141,14,109,236,112,1,254,166,179,71,81,202,21,143,41,5,9,152,172,245,252,190,112,240,205,13,169,204,8,227,147,193,109,201,173,177,130,106,158,15,23,229,110,155,141,129,96,37,27,151,143,71,174,84,206,189,35,180,224,29,127
147,25,89,18,153,62,167,169,175,225,232,203,15,192,192,3,222,234,110,4,8,207,224,59,237,122,108,25,207,216,130,185,173,25,91,230,141,155,165,109,50,174,141,115,220,232,163,136,140,223,51,72,95,147,116,103,190,43,129,156,217,201,147,155,166,226,230,162,16,50,65,12,131,146,142,121,175,156,235,33,144,38,190,242,235,44,44,20,240,87,5,110,179,140,207,110,89,241,166,198,31,238,195,84,229,31,171,146,59,228,27,211,202,206,161,152,145,142,217,49,41,146,103,65,85,30,111,35,127
131,144,165,153,203,106,7,2,74,180,30,2,20,13,234,176,111,171,173,176,224,83,158,34,184,227,136,233,92,78,198,44,222,121,161,154,176,12,198,199,195,115,125,203,43,55,34,18,155,43,57,62,26,251,216,159,14,240,235,59,57,217,134,115,180,131,78,244,205,205,17,109,41,4,90,34,19,151,108,19,165,7,32,85,50,72,186,163,146,210,55,112,51,123,208,225,225,85,244,191,50,3,235,187,127,253,137,175,107,149,76,115,107,55,101,206,244,57,85,185,153,191,19,116,179,116,63,54,127
61,13,9,123,203,56,237,1,49,133,7,129,190,67,124,238,167,175,118,206,0,244,69,184,219,117,226,154,92,104,179,248,93,178,76,221,145,152,100,101,198,246,138,188,149,124,20,181,233,219,15,178,31,71,219,38,167,45,59,168,52,158,248,67,10,148,230,220,67,91,12,38,33,75,114,129,102,120,125,127,202,79,191,121,47,173,162,187,18,12,174,146,62,29,183,228,227,212,166,109,83,93,252,143,12,162,197,106,20,23,80,133,53,191,133,49,192,162,110,121,67,10,220,120,152,174,36,44,127
147,211,234,95,242,223,195,241,143,205,209,36,83,195,162,216,62,13,27,238,156,49,66,9,66,191,62,167,194,231,218,61,69,213,100,73,17,233,199,180,94,251,70,79,164,161,230,69,242,75,186,157,141,45,117,103,78,94,150,169,111,60,61,17,238,4,95,206,178,17,26,95,232,115,71,72,11,53,198,97,20,223,104,141,80,55,77,110,210,20,123,221,29,99,32,244,9,108,9,166,167,9,194,95,101,237,123,135,247,222,68,114,185,176,151,200,151,2,97,29,217,239,244,182,18,158,199,113,127
55,163,19,50,30,159,61,53,180,234,33,43,15,166,52,130,223,77,186,160,165,224,221,185,207,65,45,162,51,6,70,195,134,155,92,19,76,116,103,85,239,123,160,245,48,175,44,186,109,15,95,19,184,61,242,129,85,61,227,70,252,167,230,133,102,54,9,79,163,35,12,39,7,213,188,63,70,194,137,106,22,110,95,12,63,192,146,204,236,163,65,19,241,166,8,197,101,189,161,41,207,114,227,119,129,238,253,14,234,227,65,61,153,217,100,159,114,9,75,103,13,103,219,132,59,42,39,225,127
145,162,169,146,222,177,218,13,17,151,91,193,86,225,108,53,97,168,75,180,188,212,59,147,58,246,76,241,166,116,32,163,110,204,72,33,73,199,152,212,227,194,236,58,163,76,199,141,102,10,110,193,40,209,138,89,115,133,193,124,196,183,164,12,2,77,175,139,77,228,41,245,220,61,89,228,246,236,113,213,98,18,162,30,213,2,224,157,128,3,18,181,160,121,251,48,43,140,29,59,129,118,10,217,59,79,209,226,158,114,191,79,206,166,233,152,43,206,220,145,213,231,103,96,103,86,104,82,127
196,218,87,42,81,4,174,163,93,235,61,217,232,125,24,202,47,89,226,252,137,43,32,13,143,101,124,230,77,183,229,199,102,75,81,114,152,123,142,185,237,32,77,166,215,133,3,28,108,55,166,243,152,35,89,40,7,132,240,2,10,52,16,13,111,153,243,85,207,148,29,200,126,248,199,177,245,232,135,180,79,19,60,42,111,156,30,13,3,28,29,107,181,170,34,54,248,137,227,155,233,232,28,29,101,116,235,244,53,156,199,107,30,114,49,1,20,61,8,21,119,171,104,223,148,194,33,207,127
213,71,160,12,49,249,14,243,218,151,19,139,0,133,6,191,154,27,138,61,239,42,2,188,120,94,246,126,235,33,55,252,102,95,195,76,194,143,99,18,247,8,189,229,90,211,70,180,156,98,2,177,247,178,177,190,45,11,246,96,7,31,52,47,47,7,59,25,121,72,199,189,240,8,48,19,94,111,24,130,167,87,10,213,102,9,251,159,76,149,142,101,94,47,3,81,14,64,209,206,252,163,183,244,79,56,139,184,81,189,102,179,117,179,132,245,14,15,66,32,43,154,208,128,108,47,1,220,127
40,134,46,15,73,24,68,180,104,244,88,130,24,246,143,45,65,8,102,180,202,245,87,165,240,37,185,241,102,69,1,171,109,178,148,253,218,82,95,180,50,2,78,210,36,24,236,25,39,156,52,22,107,162,185,71,193,156,194,99,74,219,86,171,14,145,239,3,174,220,16,194,85,177,211,40,106,160,65,161,44,25,119,53,248,177,195,200,208,117,73,163,87,7,241,173,221,61,83,155,1,47,93,104,122,223,243,4,199,120,9,201,240,14,207,237,28,238,185,117,121,145,92,74,185,248,14,93,127
38,184,77,202,94,158,46,113,94,222,31,45,148,82,75,224,111,66,220,41,153,219,157,177,24,168,253,237,95,153,39,172,8,120,238,100,121,11,131,96,60,227,191,160,240,141,231,47,58,198,29,105,23,84,13,32,148,2,76,136,29,57,54,119,30,20,8,163,151,45,86,50,181,161,67,29,72,131,130,79,96,243,23,178,109,80,254,118,177,109,164,136,6,1,222,189,63,241,241,138,96,30,35,19,246,90,71,44,196,91,234,209,136,38,142,182,9,151,105,19,169,226,26,213,147,35,119,147,127
138,246,50,189,115,193,240,2,67,2,64,64,170,104,216,62,253,130,171,135,230,70,49,236,208,156,141,40,8,99,15,117,96,226,114,72,57,102,78,170,76,52,105,170,134,220,179,97,210,111,58,220,21,19,119,23,161,102,73,98,3,205,168,93,18,173,47,195,22,159,72,119,224,87,108,128,161,179,99,59,125,71,54,251,141,236,118,110,46,132,237,90,181,247,176,178,118,229,51,15,247,67,133,75,188,107,106,131,92,33,231,18,137,125,234,245,110,254,251,189,78,228,166,48,1,43,84,227,127
101,202,180,73,127,19,212,150,239,105,222,4,38,204,56,95,34,165,162,193,179,11,96,30,197,68,14,47,21,50,79,209,234,97,219,235,147,202,71,197,53,174,204,55,218,253,13,200,69,97,241,80,75,23,175,70,161,51,126,209,236,86,102,108,45,107,126,242,180,131,134,41,245,195,27,143,90,71,117,106,233,3,204,150,2,165,40,161,249,104,185,63,38,161,142,173,217,57,158,201,5,94,225,10,170,242,61,126,111,166,243,136,199,239,175,173,135,121,75,55,100,37,84,62,135,31,157,186,127
3,149,245,212,224,220,188,178,82,44,200,31,27,130,92,179,121,248,208,57,130,59,8,200,222,151,52,138,193,212,244,193,11,230,42,35,92,204,77,143,227,171,190,11,152,61,28,111,87,155,21,229,208,238,139,106,145,39,29,2,106,93,202,174,224,125,53,3,107,51,85,44,127,28,140,225,120,28,181,85,246,123,10,88,249,68,75,30,238,200,140,10,48,156,90,19,30,21,74,95,37,200,77,68,235,16,85,79,196,231,232,172,30,114,92,42,109,123,220,161,66,196,249,236,21,63,110,121,127
143,95,80,143,221,224,239,109,226,175,133,115,214,203,59,140,182,131,19,32,76,55,128,99,207,167,11,87,142,155,4,236,197,116,57,70,114,112,11,125,223,139,192,200,71,210,154,95,154,98,62,162,154,233,141,196,142,208,193,52,97,88,89,67,132,204,5,233,199,115,114,158,53,79,174,11,126,2,66,63,71,223,200,24,25,194,193,7,225,244,140,140,30,53,78,63,210,55,236,239,139,205,238,90,233,119,93,38,250,157,188,225,181,224,128,212,222,165,180,207,54,99,194,80,154,191,35,200,127
116,135,203,55,96,155,20,78,154,4,94,9,233,187,124,169,248,112,240,167,176,117,91,12,95,189,7,193,193,245,205,208,17,102,169,115,47,151,20,43,161,240,246,7,100,178,139,192,194,21,161,41,213,53,185,196,141,200,122,134,27,181,134,199,186,122,168,158,59,151,238,142,144,198,113,30,206,138,98,237,168,252,17,230,241,214,76,188,194,174,238,164,35,105,0,137,233,123,85,100,130,121,74,200,215,219,218,157,167,33,42,58,122,204,106,194,55,189,64,106,238,176,85,92,12,1,82,161,127
91,249,100,211,188,34,204,144,219,110,64,164,248,10,194,95,133,4,209,19,146,11,65,212,157,200,52,98,142,17,41,192,26,249,125,212,195,210,124,242,206,177,203,46,188,19,178,236,106,38,121,189,42,8,209,175,134,115,35,54,10,59,131,8,252,50,84,83,210,147,29,148,29,126,187,136,211,49,62,178,203,133,204,130,244,156,12,232,87,240,175,150,229,248,31,166,194,17,244,218,104,20,82,123,138,128,40,165,5,98,64,149,238,96,71,129,76,210,91,182,33,79,206,57,16,239,88,181,127
205,229,7,246,28,155,0,139,148,112,24,235,138,96,217,159,242,100,161,84,95,85,236,231,48,103,212,249,156,117,19,155,172,98,178,77,116,184,54,102,168,243,192,47,108,206,47,137,212,126,239,234,240,212,95,224,26,220,149,205,68,92,105,214,36,203,234,108,216,59,137,213,203,2,152,31,167,248,147,198,204,18,33,249,100,47,1,60,188,83,137,152,12,104,154,76,145,116,14,13,184,152,24,162,191,72,124,243,126,174,100,200,69,188,36,145,89,28,247,44,72,30,248,9,228,246,207,175,127
63,55,6,192,136,64,14,152,201,80,42,77,55,78,250,115,85,151,117,160,249,34,191,81,53,139,18,26,59,9,49,35,89,26,163,136,47,161,119,4,27,220,231,36,166,16,197,217,111,237,173,238,8,134,8,24,226,177,9,97,243,155,225,177,121,254,38,100,136,87,141,66,144,19,75,9,14,206,240,103,107,118,47,207,146,185,22,132,29,124,39,151,130,173,128,159,72,222,113,80,212,87,251,204,236,64,48,202,215,119,34,237,129,193,86,15,79,72,34,130,10,38,43,139,91,233,234,9,127
100,114,79,188,12,202,175,47,133,31,127,63,119,214,157,82,212,15,234,60,67,156,211,26,41,160,6,251,62,3,15,243,80,11,171,228,208,156,224,231,96,2,228,66,71,103,122,23,197,220,41,125,6,76,190,148,58,68,14,33,234,93,131,152,166,219,78,163,103,233,104,174,175,224,47,202,2,91,179,186,112,250,114,205,166,107,104,76,48,197,209,76,40,62,230,45,40,41,239,236,102,173,236,108,3,140,41,112,197,25,15,61,134,47,65,57,148,195,32,35,236,105,115,96,172,126,25,71,127
101,13,54,167,91,243,225,197,132,53,117,146,114,227,6,24,139,216,233,238,126,123,183,81,29,20,85,151,113,203,236,138,187,45,28,176,155,43,89,124,154,228,82,84,56,182,18,215,221,213,100,163,136,213,53,96,57,86,210,95,19,227,239,231,149,251,247,73,98,76,88,69,242,123,187,169,159,40,149,150,65,16,116,48,191,240,144,137,76,28,52,108,79,158,25,100,76,92,27,229,188,245,28,17,161,19,167,183,170,203,210,140,210,50,11,72,60,99,201,112,157,63,192,150,28,13,40,127,127
121,3,225,29,183,162,228,237,101,84,99,100,246,114,230,168,236,143,42,63,210,180,163,253,224,18,65,1,128,9,114,167,169,239,85,15,35,194,11,30,236,68,95,223,212,28,28,105,23,79,253,90,113,246,8,134,109,126,11,92,237,50,189,12,198,106,156,180,22,236,112,24,225,43,138,192,93,216,76,43,193,198,205,14,192,200,247,99,169,49,176,58,214,142,199,137,210,109,48,219,77,121,3,152,136,79,141,234,62,168,232,14,203,226,251,76,220,166,165,222,137,130,185,241,233,34,42,230,127
180,116,128,217,197,250,94,71,36,182,236,88,71,52,4,252,184,183,164,209,223,210,6,79,175,175,208,247,170,174,115,95,18,183,3,47,27,45,27,222,42,71,162,169,130,153,212,230,193,225,143,244,172,174,216,235,9,29,199,196,138,71,209,7,154,232,49,22,246,78,134,133,191,197,130,154,217,48,218,5,168,148,157,251,240,67,251,9,34,39,70,139,194,153,191,204,223,58,183,239,235,47,80,210,57,59,254,159,91,231,144,221,109,169,183,249,208,133,219,213,99,67,245,143,149,250,57,57,127
193,209,34,3,179,42,216,201,166,174,148,124,138,207,157,13,232,183,208,246,129,55,214,67,211,82,207,130,74,239,224,216,169,176,95,104,19,52,29,140,13,26,197,38,138,138,15,18,141,28,10,186,31,79,60,232,127,146,109,119,145,240,108,48,99,144,175,60,38,242,58,206,12,5,38,83,95,126,66,231,202,79,82,197,45,251,64,156,3,227,68,101,46,175,135,40,51,207,175,141,150,215,231,210,227,114,236,146,93,198,190,10,35,115,242,191,236,103,12,1,110,248,115,57,168,214,9,174,127
77,178,188,234,80,9,233,185,125,210,133,178,5,70,32,82,165,136,243,47,102,162,203,61,103,187,72,99,121,155,229,65,26,31,119,241,217,81,119,108,206,173,43,23,234,32,217,158,182,109,113,202,207,23,164,45,140,159,243,46,173,161,147,210,43,154,204,58,180,169,240,89,84,57,236,105,12,177,96,166,115,251,11,197,62,38,181,153,66,216,158,139,55,10,27,68,8,100,170,201,59,13,112,203,108,133,93,146,132,247,181,217,220,145,156,213,109,129,82,96,224,58,126,242,105,213,82,231,127
51,118,105,108,169,57,115,29,160,130,246,156,179,226,201,159,1,119,132,176,75,218,106,54,55,254,221,46,247,26,56,73,116,250,15,20,246,36,76,82,114,79,211,165,27,140,199,242,84,23,87,191,54,107,221,162,78,251,171,185,241,245,68,251,137,160,79,18,73,219,219,47,250,114,180,208,19,119,106,205,229,70,178,252,48,236,222,22,130,169,175,130,114,84,91,137,68,97,208,159,142,240,98,118,50,205,158,180,10,46,140,68,149,118,12,171,83,166,116,8,155,230,106,33,35,47,192,194,127
57,226,43,215,70,0,226,125,224,92,228,56,252,222,204,183,29,192,89,240,29,230,15,161,53,138,229,116,211,35,30,54,121,218,140,102,126,201,27,245,208,25,88,238,155,144,101,69,48,231,123,119,18,160,83,25,174,4,81,208,11,50,156,133,214,111,170,163,124,213,164,189,72,223,199,199,37,252,234,236,79,18,220,136,192,9,101,181,13,247,33,153,165,71,90,51,221,171,225,116,184,178,72,152,175,68,237,247,51,15,196,60,68,182,114,0,54,13,244,38,168,105,112,216,251,63,71,171,127
246,1,37,98,151,208,63,142,157,75,216,165,141,210,121,88,66,250,51,110,154,147,204,98,151,119,65,201,16,64,130,161,68,16,103,76,195,108,212,108,143,30,227,114,95,210,188,253,34,61,21,70,165,96,143,32,63,85,69,8,7,243,228,97,130,148,31,77,99,33,49,244,242,108,202,166,175,109,47,195,148,67,155,90,153,60,32,111,177,144,149,192,45,221,29,150,142,15,103,59,85,52,4,112,162,178,186,61,239,170,173,168,217,37,135,52,249,112,22,124,127,100,212,60,174,50,101,95,127
158,7,226,198,191,169,122,70,200,75,212,134,27,54,216,78,127,107,94,187,175,138,49,177,121,212,229,3,199,221,218,193,121,126,12,20,241,15,169,144,175,16,67,145,179,188,132,155,96,73,5,41,146,240,77,138,96,108,134,197,78,252,249,199,147,221,41,141,59,54,57,188,47,166,50,156,47,202,136,95,150,103,218,9,68,228,64,49,177,13,98,244,16,205,58,107,21,131,91,152,80,251,198,103,176,21,18,151,198,225,152,6,188,201,122,223,92,54,58,228,231,104,184,81,71,10,127,116,127
144,236,117,110,145,69,54,42,170,163,77,13,238,116,240,49,241,36,179,117,57,232,24,228,176,78,148,234,92,183,229,102,46,79,53,242,75,224,51,40,248,5,237,91,181,145,4,185,34,197,47,76,120,50,210,129,146,169,65,2,202,133,210,30,34,1,26,148,207,151,7,227,12,177,42,64,183,240,12,47,185,43,77,71,28,63,247,211,130,142,232,161,240,149,160,210,139,23,153,192,239,194,25,66,8,38,46,136,68,199,181,192,234,14,72,233,157,117,76,56,53,123,90,75,212,77,141,129,127
113,9,185,242,133,88,129,135,28,73,85,243,177,236,229,83,117,61,151,158,30,15,205,24,106,79,203,49,25,132,95,97,133,133,26,231,12,102,7,253,33,221,192,154,109,63,213,186,134,39,233,252,39,214,80,157,18,153,147,53,144,0,116,52,113,1,61,98,52,120,43,95,47,141,111,68,248,104,57,102,43,160,208,174,112,169,218,54,225,178,43,104,186,218,137,202,202,26,103,174,39,82,195,168,36,80,189,143,129,156,220,166,104,224,94,66,136,72,216,28,86,166,252,148,214,226,137,69,127
122,8,173,92,234,197,156,222,149,105,115,164,207,235,27,162,23,91,18,183,216,152,206,179,47,90,55,84,148,6,164,95,57,43,36,183,246,122,149,52,54,76,23,42,134,108,61,244,4,18,216,54,235,13,8,191,232,204,87,74,160,159,242,188,181,170,118,141,116,164,205,138,64,74,127,182,63,194,216,139,209,239,70,202,213,128,242,113,73,104,82,151,92,37,230,39,67,204,221,231,13,198,165,226,96,5,3,173,37,108,31,137,162,2,114,250,181,161,58,97,174,181,152,48,216,79,154,44,127
84,200,0,2,149,21,219,59,49,214,187,78,1,195,144,5,77,173,185,18,220,193,9,114,56,203,39,204,99,86,76,151,101,59,223,189,103,47,80,58,193,84,154,84,140,34,193,158,165,17,117,67,189,188,216,195,102,34,6,7,106,44,235,79,223,219,196,245,57,118,9,215,230,61,32,39,148,111,187,210,27,250,103,179,113,156,69,248,247,122,17,143,48,159,87,155,4,144,20,132,28,39,142,227,199,193,55,39,58,147,157,1,63,124,54,153,29,42,95,190,51,222,137,102,204,44,154,227,127
30,8,201,106,33,136,210,166,42,140,161,1,183,95,99,189,77,136,133,66,103,208,176,203,96,119,224,137,91,183,101,218,220,220,121,104,63,31,220,4,23,114,73,104,58,130,20,253,184,55,210,128,112,114,100,213,131,59,20,38,228,226,228,128,33,233,116,147,232,107,150,32,121,220,187,50,19,133,97,69,208,232,70,15,93,223,27,99,65,169,40,74,21,146,42,170,0,130,108,203,211,163,13,18,16,191,75,45,178,91,228,4,22,70,125,175,159,11,191,60,70,5,235,34,77,198,29,149,127
137,68,197,104,80,24,85,158,34,27,78,67,138,27,78,38,222,125,0,252,120,224,5,111,74,99,241,198,239,18,9,235,192,219,204,167,91,117,218,94,145,8,166,114,136,110,105,56,109,51,251,196,129,34,127,203,142,13,179,118,19,26,60,108,218,10,150,175,65,78,207,195,158,68,31,125,129,104,140,197,84,168,247,179,244,190,168,231,252,247,43,76,247,157,145,252,146,126,250,68,28,38,224,70,63,122,126,140,136,89,10,158,179,33,93,4,238,227,20,8,77,94,133,185,127,72,138,232,127
110,110,24,125,198,195,13,96,149,126,229,136,142,249,198,136,212,196,102,198,2,252,15,104,104,254,204,214,15,207,191,181,170,155,37,2,96,224,48,19,101,44,156,54,85,60,134,10,156,110,113,48,111,81,193,10,240,61,57,72,253,217,165,114,128,41,30,190,23,159,5,107,101,198,184,17,252,6,179,107,71,111,70,80,79,71,143,173,2,11,210,28,111,85,31,64,50,72,229,14,69,21,202,96,203,71,2,175,45,5,85,131,27,197,23,171,154,65,163,96,55,211,57,54,99,220,20,73,127
73,191,63,159,140,70,146,4,99,242,100,151,174,192,241,248,182,17,80,10,101,98,155,19,48,202,200,9,226,69,191,242,69,97,128,69,166,127,201,11,232,73,195,40,173,46,169,31,207,91,82,42,126,63,172,172,78,141,106,237,28,51,226,46,42,94,193,54,87,40,18,121,152,71,96,221,37,107,18,165,239,203,140,95,117,139,54,32,226,112,113,32,83,155,98,62,90,17,158,95,79,209,134,155,176,233,254,157,153,234,245,148,232,69,236,53,140,30,201,129,73,116,203,6,116,130,66,146,127
103,32,198,33,128,131,113,33,120,9,149,74,105,21,72,226,122,175,6,227,235,232,123,131,129,241,100,138,55,10,163,58,83,7,102,148,73,64,227,54,20,101,30,150,55,46,167,65,104,159,132,13,199,203,92,106,216,190,211,243,172,47,223,213,61,136,185,88,247,204,49,180,127,4,38,107,70,126,25,203,86,81,100,141,10,213,96,144,250,205,147,237,56,194,163,167,23,150,243,34,177,80,150,222,18,102,200,12,237,201,244,149,24,169,250,142,237,131,55,137,206,141,71,55,210,132,137,107,127
245,183,223,39,172,161,204,32,127,194,46,199,164,44,65,171,129,140,237,169,165,180,234,208,56,206,227,248,252,228,214,219,207,26,223,203,253,85,202,233,194,89,144,193,240,61,158,116,133,134,69,4,168,151,169,157,24,160,80,227,36,103,214,82,197,47,213,157,170,27,70,149,205,102,59,134,174,239,174,29,21,202,155,49,51,236,216,103,184,34,99,99,159,244,34,172,142,82,186,197,205,49,168,250,179,207,135,250,163,250,17,204,93,190,137,191,70,182,102,252,67,25,248,199,119,146,180,244,127
232,217,232,11,122,250,253,104,92,24,87,192,83,137,156,207,180,9,246,197,178,186,63,77,52,9,233,194,22,62,163,127,46,10,154,9,227,237,171,240,38,111,130,14,35,207,41,82,245,114,157,4,165,123,192,229,151,137,0,99,240,82,20,191,50,71,113,158,6,216,36,66,196,4,162,177,66,105,157,180,57,118,50,208,178,243,197,251,252,25,147,17,243,86,88,124,42,145,39,144,92,81,93,149,75,24,13,178,213,61,142,158,66,72,232,147,62,23,103,108,231,193,121,189,132,104,80,201,127
105,105,168,226,207,94,131,82,65,76,150,192,230,136,97,60,3,174,94,198,128,171,74,14,234,89,247,34,150,223,20,54,96,49,191,214,90,254,217,10,82,172,221,184,183,181,22,188,95,198,244,187,91,16,195,69,83,240,62,110,69,16,8,59,75,201,189,227,102,145,35,119,250,110,162,232,201,107,88,215,73,151,212,212,69,101,125,172,13,162,64,212,22,52,151,52,212,218,162,158,35,6,127,69,227,186,86,173,12,156,184,25,161,96,12,213,188,180,249,100,231,28,247,138,133,123,216,185,127
245,19,70,144,144,90,33,103,82,93,234,34,141,214,31,143,229,140,32,8,236,24,37,43,146,56,172,214,251,59,118,30,123,122,242,11,252,21,89,91,6,188,194,196,164,159,23,191,123,188,241,243,155,245,185,248,249,61,0,72,129,49,210,29,56,203,222,211,80,249,1,31,253,251,175,184,63,154,121,236,206,112,206,212,240,199,224,231,35,13,13,106,26,243,195,139,238,129,197,234,135,233,57,246,134,233,55,146,1,203,79,5,40,13,192,155,88,227,25,9,139,150,1,18,60,71,222,151,127
30,223,171,22,130,124,195,244,55,31,122,94,149,244,94,172,143,138,133,14,218,171,144,144,228,220,9,129,198,86,198,64,97,128,146,64,87,21,43,186,120,42,168,168,123,5,9,230,122,115,95,103,88,185,117,246,10,7,119,55,94,57,159,11,30,217,103,132,234,175,155,178,148,60,245,86,29,156,148,175,224,73,129,211,210,172,214,210,14,170,10,231,2,124,34,221,170,124,153,65,50,197,184,87,26,39,58,89,98,50,223,199,30,28,208,186,154,243,33,246,105,252,239,119,193,102,234,210,127
21,156,236,194,110,178,49,197,154,171,198,18,189,231,213,124,81,157,132,200,204,19,249,251,144,184,172,185,6,46,152,246,89,228,87,42,12,80,123,54,124,20,200,174,164,8,211,239,132,139,33,81,180,23,186,129,103,103,198,206,12,122,62,212,178,243,185,15,151,198,58,38,111,227,35,57,248,168,143,237,16,82,196,51,42,228,177,84,94,106,157,190,243,232,108,134,225,148,194,17,115,204,170,41,164,16,194,204,209,198,164,233,41,146,68,66,213,251,199,58,183,97,150,227,243,107,102,198,127
182,244,101,20,101,142,193,219,13,252,133,197,25,184,127,26,250,30,71,252,175,53,124,212,223,246,54,144,104,52,59,239,209,116,3,17,201,175,250,253,217,204,30,25,95,116,193,77,138,161,151,47,108,101,61,35,241,167,139,37,124,59,115,7,209,125,82,193,196,182,84,196,238,231,231,102,206,118,91,236,197,16,153,189,229,133,177,173,17,96,31,43,155,158,177,130,8,112,231,41,1,136,196,211,40,81,102,119,137,223,58,18,2,11,141,113,136,28,29,183,39,239,52,2,150,62,231,96,127
164,41,61,211,101,67,153,46,13,197,213,148,42,35,237,217,39,114,253,91,207,194,172,118,119,130,72,124,50,149,76,145,170,188,66,69,155,122,193,21,202,160,103,16,249,55,134,102,165,135,167,101,159,236,165,53,66,100,95,166,177,15,144,141,166,89,128,129,146,78,18,65,53,76,99,190,107,135,199,101,254,247,54,63,7,64,12,167,184,96,86,103,92,130,63,102,18,226,218,208,118,105,100,116,115,63,216,119,188,89,108,161,113,122,215,128,253,0,241,165,25,42,126,144,98,32,49,10,127
252,205,21,245,48,27,131,100,84,13,214,101,202,126,227,223,196,52,153,224,185,173,246,177,212,79,134,216,66,130,23,132,130,37,227,243,60,232,3,129,205,96,179,140,101,249,180,165,115,31,46,71,60,163,207,35,71,73,114,88,163,169,70,175,184,26,36,136,157,7,144,54,11,28,64,163,71,162,221,133,137,190,45,17,33,231,196,44,157,194,113,133,141,247,204,212,38,187,179,244,43,248,202,73,69,205,232,128,184,180,202,225,170,140,239,185,161,133,205,187,57,225,181,133,74,63,69,93,127
34,103,175,41,152,189,57,1,127,38,84,21,95,73,232,36,21,35,79,154,204,105,35,56,102,93,152,17,107,132,203,24,120,106,47,217,48,104,230,88,120,59,248,138,199,241,12,18,189,146,80,174,55,21,88,183,202,208,185,21,14,137,104,225,98,148,5,179,92,11,228,59,198,220,156,110,44,80,134,89,173,234,69,246,86,201,94,118,155,211,102,242,97,85,99,2,153,61,211,240,42,150,69,214,31,250,48,125,109,146,12,167,141,51,138,130,157,70,186,33,183,58,26,195,32,4,228,49,127
104,97,178,50,139,40,233,49,153,137,61,75,70,157,29,46,65,243,202,212,78,30,73,89,148,247,43,110,185,175,225,188,168,55,241,113,251,91,2,160,46,238,78,92,142,123,77,52,173,25,178,25,99,19,37,190,73,49,62,38,138,183,17,45,50,224,115,175,183,98,120,84,195,172,0,14,208,73,196,7,210,249,80,3,90,186,177,174,129,247,57,65,172,127,230,48,68,107,7,227,179,70,239,243,197,11,22,166,154,121,176,112,217,153,11,67,98,153,34,126,106,92,175,114,220,74,182,157,127
42,26,209,235,56,133,239,101,176,218,8,216,72,213,90,53,55,144,4,49,210,70,125,161,79,230,113,223,234,135,138,26,55,123,199,46,8,181,147,207,28,50,167,16,35,249,225,222,124,233,171,40,248,187,214,17,125,141,112,94,157,203,210,49,248,57,222,167,228,11,179,157,161,105,98,77,160,18,63,36,128,207,15,168,104,58,169,155,92,246,242,223,131,222,51,138,90,76,184,11,175,8,142,230,192,129,231,42,170,130,12,115,69,248,77,66,173,57,77,60,130,91,252,183,198,130,183,38,127
116,236,57,141,188,118,189,210,186,248,247,251,107,191,187,116,25,205,90,110,231,31,88,101,230,163,246,180,122,42,154,192,239,63,47,91,76,228,212,102,107,42,105,244,202,136,64,88,92,27,39,237,39,64,168,99,137,195,162,15,176,138,252,109,194,104,154,153,144,7,128,182,169,37,83,77,25,42,18,192,237,199,120,165,109,83,54,183,61,241,142,199,163,167,23,195,85,199,197,117,121,91,203,139,57,223,226,118,7,69,67,250,87,196,242,80,118,250,11,251,131,32,106,220,127,119,17,77,127
8,225,23,154,216,27,190,54,167,59,79,91,188,59,49,193,203,186,119,28,112,251,31,220,34,115,6,103,131,131,23,115,177,62,6,198,15,81,180,212,35,152,151,3,236,141,201,45,79,7,22,239,117,101,137,137,48,156,158,114,80,143,86,144,159,31,223,58,172,108,230,156,223,9,188,227,200,241,232,97,61,160,73,170,161,147,99,83,209,98,57,116,159,131,54,159,128,226,220,144,53,181,208,134,40,37,96,89,144,35,215,120,187,64,44,84,59,156,114,90,207,205,164,21,175,185,77,201,127
253,231,21,12,193,23,57,138,135,44,120,237,141,62,18,125,185,253,6,44,232,68,58,232,103,94,93,207,28,219,200,66,8,104,149,83,226,32,251,149,71,55,124,135,119,96,140,153,38,7,42,123,144,236,50,135,84,11,242,42,144,97,93,128,171,6,210,10,36,174,209,140,134,227,205,36,181,215,25,210,164,169,184,198,0,194,224,59,38,156,225,72,202,204,111,241,76,38,125,119,151,105,145,31,227,234,39,219,190,7,124,142,3,160,84,137,245,1,108,214,78,226,31,23,96,89,35,59,127
183,172,60,104,230,191,128,56,148,56,169,60,62,165,182,198,147,249,45,11,180,218,201,212,81,209,172,78,215,50,7,67,2,206,216,173,226,32,125,11,77,207,179,19,225,10,79,47,53,208,216,81,215,105,233,54,127,72,146,140,240,170,176,207,168,16,248,83,233,103,87,54,188,54,127,99,27,41,191,214,99,26,214,2,93,25,246,179,10,46,22,203,5,251,102,110,201,54,11,243,233,232,66,77,201,196,202,118,2,198,14,76,25,100,114,68,62,238,164,10,69,217,252,93,244,149,142,226,127
228,25,180,196,100,191,186,161,72,132,36,187,102,82,204,46,238,193,85,253,33,81,79,100,234,2,74,214,185,24,108,87,201,242,81,191,240,117,246,78,44,40,39,167,232,165,193,111,237,42,73,229,158,57,74,191,114,201,68,45,174,222,41,65,8,169,214,61,28,173,174,211,65,38,66,135,174,29,182,90,242,172,157,126,88,47,3,135,149,46,117,241,138,242,155,161,23,70,35,12,14,183,83,253,225,47,48,206,130,31,185,44,251,191,65,156,17,80,216,227,187,38,250,206,2,30,172,140,127
144,249,60,51,149,52,235,232,41,229,142,112,60,164,244,123,222,81,151,141,91,163,94,137,234,85,211,151,205,23,64,69,9,69,50,63,204,156,63,148,237,126,100,131,114,126,100,23,158,202,219,191,8,93,237,100,165,6,79,125,125,21,34,217,116,40,154,143,50,182,150,7,116,88,196,118,145,114,71,24,173,212,245,92,90,186,39,3,143,61,103,57,134,191,109,211,108,39,216,142,220,249,225,108,26,168,17,109,87,46,100,254,97,128,212,146,198,207,43,128,224,46,92,32,179,242,115,63,127
134,162,106,24,135,108,49,246,89,14,42,7,201,101,13,7,223,214,66,77,239,224,123,215,104,223,250,223,61,15,126,33,198,26,232,7,16,118,170,146,2,91,22,117,219,176,245,20,165,181,4,38,228,219,48,190,74,85,68,145,222,119,183,53,49,157,226,223,202,90,16,145,207,72,145,182,52,185,213,32,132,234,12,223,98,211,129,27,85,183,88,116,128,12,18,60,89,12,129,96,235,177,179,253,53,225,238,159,147,113,2,32,41,34,215,241,238,186,122,80,79,127,132,75,81,121,229,164,127
93,46,81,228,134,72,162,65,148,93,94,60,5,13,220,33,70,25,80,30,210,146,33,89,198,229,98,20,191,90,12,73,143,130,114,43,214,221,215,97,171,134,191,10,183,223,233,136,110,190,210,63,57,134,206,119,219,182,152,56,218,57,124,200,46,142,41,119,102,224,181,76,227,61,229,184,83,90,210,68,229,137,126,37,18,36,132,4,167,36,205,97,220,218,55,89,232,196,113,32,8,206,8,223,123,210,50,143,84,119,134,67,76,61,241,96,16,32,194,84,120,111,219,138,169,30,44,182,127
17,188,47,44,57,29,64,195,214,15,37,226,27,221,110,151,56,245,251,61,104,80,140,165,106,157,126,170,133,228,24,7,174,213,94,224,189,171,168,44,232,158,172,184,177,114,99,27,202,132,226,219,9,204,177,157,51,40,19,236,253,72,197,94,31,21,214,201,33,247,194,138,1,19,173,153,198,95,211,135,57,178,245,183,193,66,22,42,101,76,201,37,34,47,254,57,64,234,212,10,2,41,85,232,125,195,161,183,61,65,98,84,91,91,79,78,109,54,102,96,22,235,20,1,102,251,1,143,127
208,172,238,172,87,196,162,84,207,229,141,181,131,168,111,8,158,65,71,12,211,156,239,77,192,92,89,167,100,248,39,227,143,64,147,89,216,146,253,2,95,112,229,29,185,23,20,174,61,191,31,15,74,180,39,27,113,168,144,35,178,44,36,200,32,252,245,71,115,17,12,150,222,147,140,68,149,214,218,189,99,139,129,155,172,212,1,120,72,88,176,83,4,68,99,72,70,210,52,82,88,40,186,147,221,195,221,122,202,20,209,168,37,236,176,42,111,71,238,47,105,44,214,73,105,136,216,95,127
170,28,207,17,32,158,46,146,91,41,186,100,26,252,157,2,17,52,95,237,61,42,218,165,32,37,183,241,22,122,33,155,148,51,28,31,91,83,188,233,69,20,138,183,105,196,156,60,84,250,64,161,172,134,170,0,248,239,250,112,90,242,181,166,56,173,99,106,126,85,209,33,213,119,182,66,79,159,171,37,165,143,172,70,214,3,150,142,45,228,194,138,152,79,223,42,211,33,50,230,244,93,94,133,21,150,38,85,189,12,102,63,169,250,209,248,114,23,6,78,123,92,22,97,114,205,137,215,127
183,228,253,97,225,152,159,80,242,76,152,60,212,154,40,132,83,44,69,178,168,248,56,129,145,41,197,109,85,235,18,143,163,99,231,172,179,148,0,113,210,149,101,223,208,91,229,151,102,9,112,244,38,186,204,153,69,5,99,146,253,14,52,176,135,50,139,144,181,46,98,0,17,216,9,189,208,196,192,39,223,129,11,2,175,226,2,60,57,66,254,17,240,106,24,138,223,15,12,66,3,239,48,142,220,84,196,96,161,3,5,231,208,24,67,26,137,146,231,215,127,215,165,13,125,69,100,120,127
67,26,69,27,101,11,190,118,235,205,12,10,6,59,110,110,179,24,14,124,76,226,226,236,167,18,198,162,244,1,169,106,67,194,11,69,29,70,230,140,0,42,218,134,26,37,127,7,63,239,191,27,91,50,173,216,180,233,240,161,7,159,226,179,96,246,31,208,216,178,193,176,171,79,25,13,48,93,237,14,2,81,52,171,247,181,208,25,57,205,113,6,179,66,29,177,191,124,254,4,144,242,97,134,180,83,157,161,217,112,62,45,99,203,58,186,2,112,139,61,49,10,234,130,111,203,167,203,127
81,101,91,236,179,88,109,231,232,118,123,90,233,36,202,0,189,33,139,117,117,206,225,4,49,226,169,57,2,136,243,88,133,151,54,149,47,119,79,13,160,151,82,171,239,5,134,8,123,119,110,251,183,186,199,221,68,99,104,214,195,182,118,225,250,224,59,140,155,214,230,201,163,230,170,168,109,160,141,224,174,210,201,253,81,227,74,77,14,57,123,204,196,213,196,15,210,92,209,40,193,217,188,167,70,119,139,42,183,144,117,100,41,240,140,79,32,169,202,20,161,206,179,212,162,108,165,118,127
48,226,119,226,252,187,151,14,18,209,65,140,61,85,133,121,49,237,71,140,147,46,181,64,190,207,110,242,132,22,75,250,156,144,3,146,60,36,139,171,107,86,231,21,8,217,75,118,197,36,14,164,67,249,127,241,61,52,6,7,203,153,253,156,237,226,83,52,177,152,44,199,224,100,33,51,75,192,6,231,78,40,188,140,127,160,17,169,178,67,186,69,149,114,190,237,117,131,43,243,234,226,241,65,242,101,98,14,110,196,242,46,86,167,2,13,144,152,89,249,87,21,44,219,204,221,211,98,127
172,157,246,233,25,2,10,105,182,166,223,154,63,133,237,238,135,202,77,95,86,96,185,77,177,93,89,117,126,239,74,65,177,31,158,8,205,2,174,67,171,95,152,243,121,61,158,89,53,19,86,89,240,132,80,198,213,249,226,165,116,54,194,106,47,152,248,101,80,138,243,70,39,137,18,198,28,251,239,22,216,224,132,8,184,221,238,150,181,60,185,49,186,165,245,201,93,241,77,200,152,51,71,121,219,105,248,123,26,99,38,102,81,162,99,67,196,78,76,176,28,55,165,32,203,147,53,5,127
30,57,235,120,158,146,180,249,227,111,131,114,143,130,135,83,26,74,122,140,204,9,221,154,160,201,221,97,143,110,148,116,96,222,139,29,219,139,207,140,23,200,105,71,228,108,173,24,28,15,165,93,249,121,233,84,63,76,143,241,147,153,110,163,85,247,214,110,49,17,41,85,144,16,28,238,142,223,39,115,219,209,236,191,97,66,85,208,197,126,135,82,88,155,33,227,41,57,82,112,239,224,101,150,177,155,45,210,34,44,130,216,38,83,248,120,136,78,244,12,4,61,139,152,114,176,173,199,127
72,56,8,47,175,181,233,74,155,80,197,157,242,186,120,201,201,179,119,48,133,227,185,187,216,134,44,245,199,204,111,163,75,69,89,180,232,82,3,102,102,30,131,77,31,11,37,111,80,157,123,58,223,221,64,78,190,164,30,116,180,205,37,149,154,106,238,239,194,240,37,42,2,215,73,95,9,107,126,181,69,86,153,38,12,91,117,221,151,207,100,84,22,37,173,175,207,9,209,178,122,116,88,114,173,100,250,86,70,142,183,125,134,5,27,217,101,49,104,60,145,80,31,74,115,181,250,200,127
56,121,167,204,57,198,40,88,188,235,111,182,63,59,111,76,146,20,41,244,99,146,232,79,187,89,231,17,10,213,93,181,214,58,227,167,147,64,142,107,87,88,131,94,49,213,8,196,45,55,114,127,154,204,79,35,124,175,180,172,113,172,139,221,186,245,177,173,30,113,208,231,19,163,126,77,196,36,166,189,226,102,150,66,202,203,6,152,156,168,93,113,28,187,207,29,65,97,70,175,207,167,123,71,142,69,209,149,163,195,198,79,196,109,115,243,97,172,137,151,49,185,25,71,157,69,220,163,127
167,114,39,131,122,150,130,143,46,174,5,223,240,208,30,222,48,180,174,176,40,236,64,242,163,64,117,240,122,128,243,48,51,157,8,251,185,156,47,47,141,110,162,23,82,134,136,194,78,218,75,43,149,10,245,153,54,140,237,98,146,79,25,176,142,131,145,232,242,252,67,13,27,42,222,20,138,34,10,30,36,23,32,26,71,109,232,129,239,194,9,32,237,198,203,69,16,248,85,4,43,247,45,165,96,103,172,161,192,86,93,154,8,167,72,91,45,185,123,88,128,104,179,206,91,222,39,8,127
133,106,82,81,17,51,142,210,124,209,224,104,112,159,80,160,135,150,102,197,250,74,87,87,251,160,106,59,2,151,7,221,24,123,133,200,18,203,23,212,217,37,59,105,187,84,124,123,51,48,22,59,200,185,227,66,209,60,222,198,51,144,244,248,64,151,54,124,14,64,158,70,162,244,53,119,109,84,197,50,162,178,181,69,71,229,144,133,3,93,126,39,175,183,205,223,187,126,99,154,113,67,169,186,190,0,232,201,126,41,124,102,81,145,63,135,180,44,69,116,250,149,87,33,54,245,217,84,127
195,174,46,178,109,66,166,228,89,112,44,151,196,220,128,139,48,187,113,55,50,152,216,12,44,40,31,228,4,110,211,138,11,224,100,122,184,62,118,144,165,117,11,38,226,234,217,235,2,70,157,226,164,39,133,22,107,78,68,8,124,230,151,155,92,148,241,98,34,240,57,114,199,145,175,160,155,103,169,180,69,74,144,79,134,7,152,133,43,102,89,82,95,126,93,225,164,142,221,145,43,201,58,54,111,22,55,33,228,3,142,118,180,19,131,236,60,233,102,94,222,114,251,101,55,133,84,186,127
37,41,137,134,45,118,68,71,125,216,195,67,211,34,52,13,1,243,221,251,23,79,200,60,19,125,210,246,233,129,184,225,148,16,217,61,48,3,112,226,169,54,6,238,16,159,218,23,185,77,166,128,142,23,99,79,104,98,126,227,164,20,9,247,80,190,241,216,52,212,231,235,56,44,48,77,236,247,31,226,18,225,25,85,130,100,54,65,251,178,215,115,158,156,167,59,149,114,101,59,31,23,88,234,23,251,72,85,204,137,137,129,98,248,148,38,249,229,63,54,30,188,59,121,213,48,196,213,127
79,136,34,56,12,118,245,19,76,124,18,165,88,210,69,246,22,68,234,105,68,139,51,214,16,219,33,178,25,150,121,251,242,2,5,43,31,60,14,127,59,103,142,191,110,175,141,125,109,134,233,55,34,40,123,123,3,65,67,51,163,248,130,36,68,209,226,137,150,31,147,44,17,222,242,129,56,166,108,24,34,67,70,238,164,154,106,252,162,169,162,187,26,191,38,196,132,1,138,141,248,182,141,250,235,222,4,251,4,251,13,142,81,220,5,109,3,16,51,44,91,83,136,84,245,98,81,70,127
104,73,188,54,201,77,153,181,20,241,100,64,179,181,157,50,221,182,65,4,26,39,50,226,88,79,174,132,142,146,112,147,188,136,29,6,36,26,162,103,129,203,70,157,39,167,180,136,166,55,83,243,67,18,104,155,34,185,35,25,138,231,145,135,106,147,55,188,52,239,24,32,60,3,205,170,90,153,220,136,53,36,239,163,30,169,142,200,33,213,210,114,119,39,203,135,232,80,134,198,145,250,51,143,221,245,135,197,198,122,4,240,230,144,184,97,208,219,139,104,74,254,53,43,165,162,183,10,127
59,212,8,77,108,106,81,176,181,31,205,164,112,178,102,133,114,184,223,210,171,66,92,177,110,38,68,47,81,65,220,7,3,28,36,222,27,95,81,62,155,30,55,123,128,213,43,244,216,224,127,17,175,165,148,103,166,206,210,245,106,115,102,234,94,99,100,209,42,91,174,221,167,105,69,166,202,60,218,231,85,135,95,4,192,31,161,44,179,209,79,121,244,22,254,173,35,34,209,26,146,79,244,200,147,19,40,92,108,109,171,137,252,247,186,198,37,26,47,208,188,237,184,190,239,94,236,227,127
45,19,73,203,35,45,173,8,3,46,230,236,196,238,38,240,251,91,18,59,172,91,78,154,4,90,132,75,44,167,15,147,124,66,35,119,152,213,165,138,237,9,171,43,243,156,82,51,215,254,112,57,209,221,36,184,242,185,251,94,84,94,168,111,108,117,204,247,100,149,233,104,202,84,157,99,32,135,165,40,158,143,121,68,39,39,83,82,225,8,59,238,30,248,95,45,168,174,98,142,173,2,211,169,0,124,213,241,1,233,61,106,21,44,87,242,75,72,172,173,25,8,162,20,216,239,84,233,127
203,163,142,219,176,81,198,51,197,90,26,196,221,244,93,225,210,237,228,40,82,21,82,228,152,254,9,190,208,165,29,18,199,194,174,8,165,102,7,143,237,126,229,5,192,28,99,254,23,66,123,130,112,161,109,110,191,92,19,159,21,48,129,16,108,112,151,38,1,118,115,237,100,68,212,163,43,205,203,118,39,235,233,104,223,137,253,98,42,61,138,233,207,75,60,237,38,120,30,165,240,162,105,114,146,191,242,250,58,62,80,186,115,66,85,92,253,69,10,254,123,163,4,157,135,111,65,64,127
156,143,48,106,166,29,204,36,7,41,30,186,20,110,133,114,106,70,105,112,238,25,55,234,21,14,100,25,65,198,179,244,246,108,128,206,22,138,199,70,4,120,210,126,172,189,200,82,133,44,155,105,66,83,189,149,228,93,133,59,67,97,202,93,152,121,28,42,92,233,55,30,78,35,24,88,40,55,16,139,253,77,209,6,200,155,127,28,252,5,215,138,217,213,111,183,198,46,205,237,111,65,161,141,61,196,77,77,120,61,17,19,4,6,92,95,175,65,159,59,92,253,107,147,74,42,126,13,127
241,31,159,24,202,203,241,232,238,53,184,73,231,121,108,113,110,192,1,16,198,203,94,236,250,130,87,213,132,19,27,228,59,108,7,43,105,173,102,45,222,196,143,140,13,108,53,61,5,236,214,232,228,53,152,88,5,188,48,166,112,45,210,242,184,224,131,225,165,88,102,72,111,24,39,15,232,156,47,81,211,244,60,97,63,35,222,105,91,8,134,85,97,131,46,244,72,109,60,252,85,75,243,65,108,140,137,167,139,72,104,125,216,143,215,179,112,9,40,124,192,154,130,123,134,62,209,183,127
212,99,105,181,24,19,163,32,122,74,108,154,232,61,62,234,168,13,116,10,214,244,143,238,36,188,12,224,139,86,155,18,67,8,100,229,231,207,16,167,171,21,22,155,141,80,204,192,245,144,186,174,45,2,75,176,97,170,243,134,9,130,48,221,82,43,186,232,62,164,57,101,100,64,167,190,56,245,155,47,239,121,191,237,251,242,70,56,228,47,213,248,231,207,89,169,4,155,241,244,248,64,204,149,149,128,218,173,50,173,140,89,91,35,206,196,203,241,217,148,79,115,118,33,197,97,132,228,127
93,33,125,97,123,2,154,195,68,120,227,190,210,198,139,4,81,172,199,45,119,252,208,81,132,79,160,19,85,194,190,244,208,244,96,114,40,230,217,105,125,224,213,65,65,32,237,76,145,26,100,224,170,187,61,132,154,153,158,172,21,8,150,199,131,46,241,94,140,136,134,72,87,148,221,11,100,73,110,90,93,53,57,155,145,169,34,232,215,61,69,152,88,108,45,119,77,239,196,130,210,141,28,62,48,101,207,210,121,214,247,252,163,24,213,44,73,63,193,27,155,166,149,63,132,143,113,231,127
110,21,6,138,12,17,43,238,112,211,159,80,116,65,147,186,133,38,30,63,50,116,195,67,238,143,75,19,144,73,105,78,199,114,197,88,126,27,61,117,103,166,87,193,53,144,92,224,136,14,45,63,246,170,235,187,87,42,148,226,152,68,34,35,45,18,5,42,164,155,230,81,78,29,60,68,90,28,137,9,163,108,59,121,198,141,42,57,59,215,52,110,160,48,104,44,185,202,35,65,31,174,182,145,22,57,240,38,194,56,2,243,99,98,89,28,118,142,135,186,238,175,198,131,225,239,201,214,127
54,180,60,235,149,54,211,211,125,219,80,107,197,210,147,112,126,138,239,22,44,162,253,18,177,225,231,88,190,179,99,151,217,122,183,192,43,175,161,122,14,118,69,68,50,212,115,81,27,93,130,220,148,39,89,228,161,205,56,247,211,203,202,49,32,161,135,225,89,66,46,250,242,111,80,33,192,9,242,88,190,18,170,253,250,138,102,103,219,23,130,11,190,191,55,169,127,86,70,202,194,7,86,36,20,5,134,186,176,150,250,102,229,55,91,156,187,118,5,122,239,140,123,50,2,65,171,111,127
231,6,243,94,146,52,243,65,214,181,81,198,116,86,82,170,102,98,69,16,169,206,170,194,145,242,72,241,132,2,81,209,196,153,213,98,156,43,216,1,96,154,38,248,103,87,47,175,253,83,15,98,112,53,72,204,168,28,18,233,78,46,220,138,154,25,171,149,200,218,74,104,186,54,98,186,70,164,170,40,147,127,68,207,160,111,236,121,74,231,20,2,83,29,170,110,68,239,70,144,137,189,206,148,38,31,115,203,101,4,241,234,102,90,94,31,185,16,161,18,21,40,111,72,63,65,71,26,127
234,41,60,139,221,108,24,41,11,168,155,37,20,121,43,188,82,244,199,177,188,202,120,150,190,100,110,182,199,238,41,213,72,120,30,22,152,155,206,177,193,70,117,62,105,165,195,169,30,121,58,135,96,165,7,99,135,233,122,72,126,88,28,28,220,156,159,19,102,229,74,140,219,36,1,1,144,5,9,166,167,25,116,176,220,46,57,228,174,186,182,133,109,191,54,5,43,67,249,177,8,42,135,180,79,184,95,203,249,234,42,90,47,177,95,180,84,8,50,194,2,4,141,118,85,230,213,53,127
65,203,228,82,205,195,69,77,171,16,155,56,27,140,19,12,34,8,231,20,34,222,144,106,10,103,239,118,32,210,50,183,44,161,239,70,95,136,182,123,112,39,46,102,254,92,147,165,33,34,106,189,28,231,62,175,145,30,150,86,67,168,173,11,52,108,127,132,192,195,40,52,130,158,221,155,83,194,76,71,1,46,228,114,169,124,19,10,100,119,129,147,147,209,10,186,98,146,79,231,89,62,243,128,84,70,12,208,2,42,119,131,160,97,169,147,23,12,18,37,234,240,29,62,44,151,220,10,127
98,82,211,14,40,76,88,151,23,175,193,170,1,41,74,178,120,232,10,15,40,217,74,231,90,97,1,116,23,222,43,68,111,169,4,172,113,57,3,240,27,43,41,118,104,59,202,35,12,107,95,108,66,209,122,189,28,112,219,206,94,195,21,222,62,151,226,233,251,86,48,91,126,250,28,166,72,183,219,204,149,0,122,172,11,12,78,27,63,79,57,58,221,96,236,33,230,188,105,165,139,175,16,33,246,143,164,168,111,159,97,248,19,178,107,192,213,141,100,238,154,84,238,162,139,136,78,228,127
93,202,121,240,111,234,29,13,253,76,203,37,89,209,102,130,200,42,235,58,224,102,251,93,127,161,71,246,238,180,104,252,166,162,210,106,118,224,37,234,71,143,185,245,95,110,218,14,241,2,51,68,133,126,10,41,84,58,64,227,157,95,187,60,243,136,88,32,109,237,180,4,235,125,188,12,229,67,25,197,126,220,10,49,192,137,12,59,46,13,176,232,247,63,36,144,140,173,218,54,20,124,87,0,85,41,198,20,166,92,83,11,59,130,88,246,3,231,221,35,208,88,139,11,109,187,143,54,127
51,7,124,135,70,61,82,223,122,59,105,96,100,223,185,47,246,150,59,221,135,179,40,65,45,95,72,217,216,80,188,160,68,84,13,191,91,125,67,82,49,202,2,88,139,124,240,221,81,219,239,23,200,216,115,100,10,151,98,125,198,160,40,75,61,106,9,197,105,133,147,215,36,106,215,151,235,109,193,22,52,1,131,115,174,180,41,112,58,226,242,71,22,52,34,141,139,32,236,189,182,39,30,116,102,219,232,135,37,148,191,207,45,123,57,62,96,196,176,25,78,98,34,116,36,101,248,9,127
201,134,131,238,2,202,164,196,217,158,133,235,250,55,108,223,208,244,181,114,214,131,142,35,192,202,127,89,204,236,224,35,16,145,194,40,174,220,207,41,10,116,149,107,236,139,46,74,7,13,240,83,242,92,250,190,109,28,10,205,222,250,27,81,109,156,142,85,177,63,158,104,235,86,105,23,209,156,36,220,6,200,41,187,93,118,108,3,158,16,185,146,40,49,244,155,226,160,193,188,89,161,135,76,40,31,117,61,124,22,196,62,128,211,139,61,77,226,73,224,66,113,58,44,94,33,36,117,127
196,96,164,64,171,206,105,1,150,116,177,57,129,159,23,207,198,132,237,142,89,127,10,163,126,82,76,182,236,223,161,34,10,4,82,50,15,163,119,124,29,109,75,223,249,96,36,21,160,76,152,130,71,173,190,105,73,166,153,12,136,29,86,231,118,172,55,150,96,12,124,228,155,227,44,43,109,250,106,85,94,186,146,102,120,116,182,73,205,237,50,52,217,234,161,149,140,233,229,252,206,2,13,245,239,51,250,173,75,141,169,124,219,75,119,210,30,54,129,237,195,231,51,220,125,47,25,78,127
143,178,170,228,87,82,81,18,139,243,113,234,60,243,200,89,246,118,120,203,134,218,148,85,115,107,151,65,194,108,179,47,109,142,66,135,145,22,119,26,77,168,210,209,154,64,211,69,147,151,157,93,188,200,166,59,61,166,127,4,215,109,50,56,160,181,27,207,163,186,120,193,16,215,85,26,154,146,161,161,129,124,200,176,217,2,209,142,21,251,15,88,115,89,39,6,243,136,80,28,104,74,137,98,94,249,167,32,198,55,200,89,16,160,243,26,106,156,133,24,120,11,41,11,254,192,98,194,127
8,156,100,119,242,226,133,196,183,116,94,155,199,100,33,150,108,183,246,17,243,95,195,115,76,96,156,47,132,137,99,91,1,179,253,41,45,136,153,143,226,85,33,84,246,57,58,5,22,33,202,179,43,93,55,216,250,69,144,223,6,188,65,65,242,54,86,74,243,148,253,88,217,243,138,201,150,203,117,169,84,33,44,182,6,75,238,113,55,209,216,17,72,67,130,95,239,177,77,159,2,44,194,110,247,80,39,47,162,38,228,125,96,131,149,223,63,60,125,220,224,236,17,37,48,107,190,171,127
191,141,201,29,126,202,235,1,202,74,236,100,202,33,20,96,8,50,118,42,59,165,102,195,163,7,123,50,236,156,95,110,180,230,173,136,31,128,53,181,162,10,141,126,25,239,155,18,66,176,241,247,30,74,93,69,200,124,143,74,229,150,249,234,77,221,50,64,85,200,215,161,119,20,12,130,164,14,118,4,22,100,122,252,91,95,80,171,145,244,14,220,210,175,38,181,11,68,190,119,179,80,206,247,42,150,58,114,163,183,54,200,140,32,84,113,180,152,138,97,17,221,195,197,184,10,220,212,127
123,228,145,25,7,70,128,78,152,44,55,34,182,150,125,169,159,139,158,106,147,130,225,128,164,51,233,56,144,229,170,205,227,90,16,177,240,109,4,55,144,108,43,202,155,40,237,19,61,189,164,169,198,1,242,55,206,26,35,171,53,69,178,196,223,175,126,152,121,15,155,66,181,51,79,219,13,65,54,150,1,161,3,153,90,27,249,227,88,105,219,5,180,191,98,71,29,127,186,46,140,4,50,150,84,210,39,242,193,117,37,218,22,15,87,165,72,197,182,147,177,161,196,164,180,89,119,218,127
172,105,85,74,189,181,122,167,187,57,128,26,61,27,157,219,9,181,93,159,211,98,104,219,85,181,107,156,179,30,169,156,221,185,225,109,31,0,234,147,25,115,131,63,226,47,217,45,149,213,49,146,123,158,134,140,109,183,121,242,185,103,72,84,126,58,210,98,179,152,186,179,229,82,117,2,171,158,61,20,49,126,226,165,5,228,6,218,76,33,36,109,194,8,34,198,218,68,51,200,234,132,94,82,238,129,176,227,122,170,230,128,148,130,221,229,16,131,200,232,140,252,27,228,129,21,236,123,127
1,37,63,252,59,33,74,228,187,220,199,121,203,174,154,136,245,223,76,31,5,39,25,89,31,109,187,194,151,176,248,187,104,35,159,105,56,62,243,225,212,163,13,188,54,241,185,95,193,167,138,206,18,186,213,163,124,60,10,12,188,203,155,105,233,160,37,160,239,105,124,149,144,139,124,177,29,135,210,33,202,137,127,204,166,82,55,65,80,139,241,151,105,106,143,65,196,66,78,207,185,169,107,140,178,193,111,212,195,229,213,253,86,134,23,76,38,139,113,194,38,89,159,45,181,86,157,79,127
201,227,184,180,106,66,218,9,53,44,56,164,101,207,140,62,220,103,228,157,212,179,170,95,136,165,67,93,176,168,222,7,101,177,72,99,171,204,245,127,175,76,204,248,84,96,68,141,46,139,184,139,184,57,172,145,200,156,228,138,232,59,172,50,100,129,219,184,118,3,111,98,233,188,65,152,127,58,13,5,66,71,88,2,143,245,67,55,234,234,247,112,1,84,19,63,45,116,175,144,28,100,109,57,139,189,224,64,99,121,1,36,14,24,222,18,40,161,48,47,23,109,3,181,195,25,90,172,127
212,64,17,126,41,84,8,137,15,38,83,89,117,8,97,70,11,167,101,119,222,136,133,171,72,141,224,17,17,90,137,225,177,59,219,21,85,216,21,22,253,12,37,15,29,14,213,174,80,5,17,116,88,244,128,235,148,120,106,195,32,66,97,222,183,228,31,58,128,123,82,96,83,186,173,135,111,253,254,28,182,167,103,26,138,185,6,248,138,83,4,65,190,135,75,108,17,152,214,248,133,121,140,68,113,26,229,73,163,21,176,197,92,235,40,54,121,63,174,237,194,220,37,251,207,13,110,135,127
43,192,180,146,163,21,205,245,213,139,142,215,113,28,121,51,175,172,82,53,203,188,193,195,130,90,76,63,236,131,91,123,20,38,239,29,125,43,30,38,214,157,67,169,10,100,233,114,67,154,223,126,77,215,209,139,212,212,98,9,90,72,98,202,150,75,117,15,204,203,30,164,60,29,166,71,246,66,108,162,135,223,236,241,127,173,180,143,247,46,248,187,19,222,17,241,200,141,236,226,182,48,96,41,63,81,75,106,191,184,82,33,158,6,240,105,60,35,3,57,215,248,78,110,152,103,186,23,127
222,250,145,27,251,11,74,122,177,66,223,39,104,72,59,238,123,103,116,121,179,153,204,95,72,203,154,141,79,179,206,102,242,244,165,4,106,124,32,250,223,10,251,203,119,100,142,114,179,13,196,92,196,65,143,26,164,243,102,52,68,198,212,75,12,71,162,101,165,160,79,139,165,60,129,150,60,231,189,191,242,84,86,206,208,167,109,75,223,193,133,5,119,11,75,113,7,242,241,204,142,214,53,52,83,197,238,247,14,191,106,229,209,10,90,66,165,5,136,119,78,231,84,99,213,92,237,15,127
26,90,83,33,30,71,8,207,28,138,231,175,232,193,62,26,11,199,176,126,94,249,57,191,16,224,191,176,20,185,114,24,76,94,232,5,161,76,253,78,228,74,8,46,84,69,154,116,29,35,96,176,11,15,231,246,50,41,86,186,18,83,83,236,164,132,66,113,128,115,80,187,38,2,63,6,249,109,48,217,183,117,212,136,4,187,150,242,174,34,181,246,35,155,226,196,138,192,210,172,130,73,116,204,186,199,57,59,78,160,39,120,99,192,56,89,7,188,169,186,209,60,113,172,168,86,42,246,127
19,147,2,74,77,231,69,215,200,171,247,168,30,61,84,39,158,160,52,149,132,16,130,99,136,167,247,105,242,145,206,41,144,65,3,174,88,235,110,184,251,140,92,236,23,179,29,213,80,191,232,92,143,14,239,206,47,210,182,70,205,60,97,62,55,224,151,56,162,72,27,227,105,206,1,72,201,36,126,236,18,48,145,146,234,88,90,144,226,27,237,206,113,248,109,105,123,191,133,178,200,88,28,232,119,103,198,169,31,52,211,168,217,75,147,125,168,16,117,19,118,253,5,210,227,52,36,172,127
36,89,69,181,19,39,100,69,39,117,178,246,85,144,216,133,145,92,204,49,155,202,94,196,131,148,118,181,62,40,42,119,192,11,131,1,138,169,140,144,190,140,182,156,209,64,5,47,88,90,212,128,95,15,162,62,97,175,179,183,91,138,214,112,45,18,33,240,97,20,91,202,221,117,168,200,228,112,7,67,21,155,33,235,128,127,95,62,46,22,190,240,155,2,220,81,186,122,112,80,155,228,211,193,245,202,241,65,197,67,198,109,29,13,128,178,6,75,194,93,20,240,43,223,35,103,77,225,127
57,110,137,126,248,146,75,118,33,157,65,50,40,195,156,137,145,56,74,128,123,252,204,118,76,251,29,210,124,41,45,240,27,135,180,84,42,104,225,110,163,171,81,181,185,191,249,29,73,114,249,117,248,102,163,45,33,82,70,130,81,156,67,248,29,230,141,10,157,188,175,21,132,192,66,86,177,91,175,178,236,10,58,44,62,206,167,76,95,167,162,29,192,150,71,224,163,39,199,172,173,165,8,119,222,19,62,151,78,119,232,139,25,30,107,57,43,61,134,135,181,150,32,184,133,24,205,25,127
217,47,242,89,29,248,79,59,253,107,210,148,251,244,65,122,15,221,250,235,145,172,166,119,70,125,167,131,204,66,186,240,132,183,103,145,237,133,1,36,140,228,243,183,170,78,116,83,176,204,180,142,152,10,23,244,94,128,159,253,37,200,200,191,0,10,72,229,36,18,33,208,112,16,211,158,90,127,104,75,168,85,194,143,48,149,101,62,219,187,145,57,115,82,220,79,243,147,80,252,91,30,153,152,152,27,31,43,225,111,104,146,238,159,31,72,246,37,65,196,69,56,59,219,221,120,78,50,127
198,2,145,153,184,143,146,210,57,23,193,76,169,59,194,252,138,116,71,17,168,127,248,8,34,61,226,53,85,150,62,181,53,195,227,24,100,247,222,15,215,1,236,121,217,78,190,134,95,242,20,176,91,136,200,120,147,12,247,28,8,211,89,249,133,69,88,118,1,230,78,50,76,199,28,209,227,80,125,121,37,184,80,241,141,104,100,130,236,89,89,1,54,250,99,190,60,200,138,148,67,149,100,174,221,94,161,240,33,95,91,121,172,144,202,8,195,196,120,108,13,176,184,172,114,137,163,6,127
29,54,140,14,221,34,197,207,59,164,107,193,90,201,33,16,93,65,242,234,72,194,68,143,186,61,13,117,104,253,1,126,174,128,78,163,109,54,83,69,13,204,211,34,101,39,178,90,85,231,108,31,25,145,197,222,101,78,127,226,48,16,164,229,141,11,233,151,203,1,199,111,129,228,192,214,130,3,138,7,230,3,113,5,134,14,8,151,70,216,111,175,5,13,202,245,54,213,249,162,250,237,209,86,127,12,12,121,88,100,123,49,237,246,29,77,250,13,81,177,90,81,106,164,76,219,14,39,127
201,28,171,51,85,203,130,198,173,221,12,117,253,75,217,4,147,160,139,72,25,51,73,161,46,245,133,80,192,243,104,124,143,153,124,192,173,225,11,46,254,97,47,136,168,187,230,157,138,227,1,215,78,199,252,131,228,99,118,200,72,186,41,86,195,95,52,183,151,17,44,35,215,195,88,192,50,66,75,85,207,210,253,145,51,133,60,12,249,111,26,196,0,172,67,151,132,3,129,83,173,249,62,239,66,171,220,203,15,95,116,46,251,105,91,223,121,61,178,6,51,60,75,229,36,35,132,109,127
126,133,122,94,12,192,39,89,209,175,115,251,154,244,107,235,231,202,33,95,44,97,228,54,237,218,242,199,83,198,125,185,240,254,12,98,211,114,20,168,237,72,65,105,23,208,22,204,144,181,85,96,44,9,13,43,235,214,32,218,57,240,239,252,133,160,146,101,237,159,189,110,34,88,109,12,84,15,48,67,197,98,83,96,204,154,61,76,173,253,116,27,118,77,1,62,217,28,15,229,117,65,198,217,79,217,29,140,199,251,119,65,129,64,160,20,82,177,167,204,249,78,177,247,159,225,64,8,127
