253,162,79,98,22,249,48,55,226,132,45,151,106,8,169,25,76,134,192,142,108,76,216,219,53,183,96,224,232,100,198,85,246,59,61,122,213,187,117,179,123,221,172,85,152,224,105,196,218,116,27,61,135,150,219,176,188,59,54,249,104,154,5,166,127
136,237,129,176,148,25,210,143,105,131,242,113,188,144,58,109,92,82,100,171,51,219,228,78,96,71,239,29,210,63,236,51,216,185,202,161,237,145,18,17,129,170,215,158,150,113,243,70,238,136,73,31,70,64,253,28,150,145,175,156,162,132,224,17,127
64,159,21,61,169,207,164,18,70,129,80,228,218,14,153,248,241,91,33,197,111,56,121,130,246,231,20,107,67,84,200,123,231,90,33,26,144,185,122,145,129,41,185,209,145,62,238,135,34,112,92,8,104,7,20,199,56,20,236,27,42,73,199,66,127
131,85,33,192,222,249,83,208,178,122,158,109,50,171,108,45,78,62,249,185,76,231,218,44,136,222,101,48,96,212,17,148,67,147,78,99,164,175,71,112,160,89,64,26,194,25,28,43,116,229,91,227,109,46,52,140,209,122,99,74,147,205,102,182,127
247,200,44,151,147,64,95,90,223,254,211,146,94,51,183,110,17,216,197,185,136,24,56,217,50,81,188,209,207,5,102,253,47,230,234,60,231,72,218,250,133,64,14,44,181,44,253,152,117,171,239,42,132,235,59,191,68,69,91,234,217,145,150,105,127
43,113,175,66,131,39,247,120,163,145,76,15,251,17,229,233,220,40,179,202,14,85,62,253,167,43,196,235,100,224,16,49,201,52,4,148,213,187,108,133,27,116,235,225,59,145,31,152,187,168,112,93,35,20,170,47,34,164,250,99,229,42,97,90,127
116,70,244,232,47,172,152,202,205,152,175,187,176,55,30,169,119,110,99,142,109,239,108,111,27,20,198,171,93,83,233,47,174,217,223,40,92,55,13,219,243,99,110,87,64,94,36,109,248,127,6,66,85,58,36,239,223,16,112,151,146,38,175,77,127
54,35,128,153,106,42,33,96,189,230,101,128,225,191,23,36,30,128,67,160,79,72,240,177,108,250,160,253,216,172,2,41,53,108,146,228,41,99,200,187,217,52,203,216,58,157,124,156,190,2,167,127,32,234,81,51,56,5,180,147,180,73,55,122,127
62,172,225,183,168,86,100,172,106,235,213,235,142,138,195,39,213,239,29,204,85,250,94,76,12,53,80,239,68,206,32,205,238,61,210,119,210,156,71,184,213,250,62,180,105,30,63,189,136,175,235,88,191,7,142,38,219,101,237,58,153,180,176,206,127
223,126,10,20,157,158,25,10,9,231,150,162,253,175,180,25,213,25,16,188,132,39,40,214,88,245,253,93,92,126,170,91,47,41,94,42,49,102,88,3,34,162,185,150,191,195,63,143,71,102,196,90,66,126,36,105,90,106,182,186,25,165,120,149,127
240,3,1,136,88,82,123,131,19,40,94,219,137,53,169,172,151,138,159,110,53,98,234,174,106,252,2,4,25,162,100,120,69,229,136,173,76,152,152,35,166,245,12,150,199,168,61,247,179,46,229,35,135,217,122,204,197,194,43,79,42,201,157,73,127
200,205,176,16,126,223,68,24,139,207,173,58,176,223,212,171,243,101,171,78,113,137,119,182,107,176,249,45,185,11,137,174,28,24,99,97,245,64,103,236,121,118,239,23,129,99,253,37,14,48,91,211,243,112,210,72,225,177,235,209,66,216,92,120,127
41,231,57,120,56,254,156,224,233,220,7,232,63,151,120,127,239,229,49,147,18,119,100,123,75,82,165,60,118,206,125,249,20,221,6,69,181,201,212,167,232,45,83,138,114,47,243,139,28,76,187,228,16,134,153,29,185,166,100,141,131,169,123,237,127
61,73,61,138,5,78,160,159,172,97,247,52,87,83,179,130,128,161,163,172,207,122,238,218,251,2,113,166,226,231,73,145,250,227,17,105,101,169,89,68,206,45,114,57,170,170,205,152,60,43,37,87,230,53,94,221,152,253,20,94,94,207,84,227,127
19,32,228,11,172,247,20,183,9,176,37,153,93,205,87,127,123,158,254,10,114,233,123,227,198,98,185,99,115,91,24,151,185,12,76,56,6,94,49,103,110,218,23,25,111,150,17,25,26,228,127,186,186,186,74,212,4,97,47,44,154,2,44,134,127
84,115,125,74,113,145,182,62,241,28,48,13,76,216,90,153,130,219,12,195,201,16,49,160,71,46,77,213,248,109,226,254,53,10,234,242,99,202,118,223,118,166,155,204,198,210,167,22,30,139,253,233,109,177,238,159,116,185,195,19,47,183,15,250,127
165,87,208,217,143,56,219,67,200,104,45,61,213,247,197,141,175,85,162,231,149,235,167,237,37,22,99,238,56,233,100,90,77,106,248,250,47,176,64,164,136,100,214,108,205,226,68,30,20,170,94,7,185,230,93,112,69,111,24,101,103,249,22,118,127
217,153,81,86,40,46,116,54,130,159,101,130,200,14,106,13,10,17,51,124,176,180,87,98,46,167,73,92,185,21,182,110,247,115,72,21,132,13,220,186,118,102,180,78,223,183,232,161,174,239,227,104,167,132,80,241,98,224,91,220,64,236,193,192,127
72,24,142,124,42,242,80,15,88,146,153,241,146,160,185,120,187,77,110,83,149,213,214,4,83,61,39,145,157,130,116,150,176,46,119,174,59,32,234,121,172,15,96,17,58,200,113,117,242,254,51,0,28,138,96,186,105,90,237,149,243,57,36,213,127
54,21,249,228,97,126,180,122,165,200,203,242,234,210,217,172,230,191,104,187,125,6,206,205,64,155,26,118,166,44,63,110,131,220,202,7,95,216,192,205,109,27,52,20,19,74,135,74,247,7,224,98,92,139,122,90,95,194,15,233,169,240,86,133,127
170,68,137,24,142,52,235,100,7,51,96,232,200,56,63,108,142,23,226,72,38,144,174,176,37,170,150,110,32,89,18,93,128,113,106,95,138,124,61,94,44,206,74,99,32,151,200,215,219,132,221,183,38,245,59,198,139,132,174,81,238,239,80,62,127
231,29,200,249,75,144,110,12,128,72,91,5,115,12,51,221,182,211,253,224,92,106,192,182,167,153,232,10,237,123,117,253,183,115,80,244,238,218,54,251,131,34,8,25,162,248,212,237,251,45,224,20,206,188,200,62,192,208,102,77,13,31,43,209,127
138,166,241,149,86,100,231,244,226,170,203,123,195,176,180,65,29,179,53,95,86,73,212,133,204,15,73,248,4,205,51,105,183,172,25,208,137,197,120,174,193,122,44,41,159,28,176,110,90,171,127,58,215,231,166,20,142,251,2,81,208,11,182,237,127
219,231,229,74,131,35,115,247,234,6,33,73,161,161,111,33,57,175,199,7,3,111,114,202,236,183,116,71,171,216,243,33,140,195,48,122,80,218,19,31,55,10,180,216,79,0,253,22,158,124,52,120,33,139,253,237,49,169,48,121,154,66,216,136,127
236,134,233,180,61,71,65,49,141,63,33,87,244,45,32,30,198,53,108,222,65,139,130,36,17,235,249,188,88,242,189,150,50,12,165,48,104,27,214,96,147,145,85,176,224,97,74,11,106,47,128,250,199,87,17,220,167,70,33,183,235,69,154,232,127
105,187,62,116,160,228,201,205,74,230,88,177,31,236,48,120,198,217,160,221,251,153,35,79,17,179,227,98,151,64,147,170,73,132,118,93,41,141,225,26,22,112,180,138,156,209,221,224,56,134,116,12,161,230,69,168,55,55,194,152,190,140,77,244,127
246,157,174,107,161,176,210,98,40,252,244,117,89,121,185,212,50,55,16,190,128,23,122,168,216,69,187,6,144,233,165,234,232,47,242,35,163,195,9,133,119,240,151,254,244,38,220,194,153,141,217,94,113,115,132,93,19,28,82,137,203,109,63,130,127
220,84,123,184,110,219,20,112,77,141,151,121,176,151,112,24,7,38,217,163,36,214,16,113,209,88,104,43,170,201,160,85,52,103,74,198,138,9,95,46,247,35,75,73,198,222,9,221,189,252,27,61,123,181,61,4,212,175,102,228,101,81,177,13,127
161,46,69,204,104,54,154,165,34,135,96,213,14,157,208,246,181,114,227,247,104,164,103,218,121,156,232,97,123,173,185,242,51,181,182,204,109,92,98,238,236,14,38,108,233,24,191,5,107,118,41,169,220,181,153,125,4,53,45,110,45,183,239,94,127
16,167,56,206,148,202,185,10,102,233,31,222,70,95,40,242,153,234,70,4,164,252,50,143,7,159,166,119,163,180,69,23,5,8,247,58,120,234,127,19,115,105,82,250,61,219,243,15,17,222,202,214,2,223,216,183,59,248,112,42,197,234,212,132,127
88,111,182,105,139,3,135,19,12,177,20,11,178,11,3,176,133,42,9,27,155,230,89,26,244,85,10,245,110,87,140,85,77,146,237,104,202,166,199,231,175,244,229,116,108,55,216,247,251,142,227,45,54,77,10,131,137,247,84,16,221,74,134,235,127
100,13,190,46,217,166,43,239,146,100,97,247,212,17,69,58,167,18,183,248,106,171,67,23,233,245,165,128,234,30,72,19,73,164,125,66,80,77,50,191,171,183,67,74,181,99,28,94,69,35,54,67,235,133,219,124,177,241,24,70,30,174,16,168,127
127,250,140,40,75,226,154,174,103,155,238,88,106,82,89,79,73,237,201,67,3,195,194,105,102,2,140,22,141,139,24,78,161,127,48,84,166,20,87,136,241,194,218,79,151,85,178,155,9,52,36,176,119,172,205,49,132,189,33,82,133,152,177,175,127
16,36,234,94,246,121,63,13,229,156,55,63,122,51,229,33,77,164,183,16,39,192,81,160,102,228,225,89,52,13,105,215,4,184,203,95,171,133,119,5,52,217,75,84,92,94,11,156,108,192,147,176,107,8,252,57,40,232,91,36,175,40,51,158,127
224,190,168,89,52,73,165,63,103,108,192,156,139,59,120,54,198,147,126,145,38,156,131,240,209,80,66,11,253,28,174,7,238,130,221,136,125,92,106,67,226,240,99,113,174,189,106,246,99,80,82,175,24,187,59,70,102,61,99,202,103,57,183,134,127
215,150,230,45,197,122,111,162,12,132,130,202,253,179,246,70,113,83,160,14,200,129,254,76,87,192,140,50,184,236,139,90,71,142,214,108,51,109,113,73,169,186,202,199,82,33,174,110,227,32,74,118,70,161,42,87,62,10,193,39,114,45,124,77,127
146,237,192,234,146,181,102,174,214,51,217,85,244,55,150,91,136,187,180,234,60,223,247,27,139,4,222,227,86,62,9,79,167,106,168,233,131,101,15,160,25,188,74,78,204,210,6,54,102,243,162,59,137,243,31,40,177,121,45,246,14,75,58,68,127
23,77,107,203,179,104,128,75,210,142,212,66,214,247,188,138,230,113,176,170,3,244,176,201,17,225,27,6,98,65,129,31,18,98,48,12,214,40,4,197,4,19,239,103,215,233,63,15,95,161,120,242,23,123,9,85,222,219,9,98,6,196,16,245,127
43,161,80,153,147,64,117,210,42,105,8,78,67,117,69,152,67,177,32,116,120,111,195,66,27,85,96,42,229,20,70,40,179,53,20,85,196,236,227,145,135,189,30,239,11,144,245,65,217,239,44,20,132,128,110,72,94,224,183,212,38,216,181,250,127
0,31,21,124,216,180,2,142,201,45,71,177,175,193,183,239,124,25,82,183,119,165,222,233,146,133,140,170,126,33,156,179,78,174,42,122,13,71,9,136,69,180,36,104,21,194,113,70,211,0,209,234,251,160,149,40,205,30,76,95,60,230,236,134,127
82,29,254,204,199,245,101,46,20,127,85,218,114,121,118,228,218,129,247,244,6,174,128,213,239,200,112,103,110,210,40,213,207,70,141,131,19,179,128,86,60,118,156,95,247,103,1,185,36,142,107,137,137,64,197,184,175,87,47,245,68,167,132,162,127
205,124,92,141,79,239,78,143,22,126,209,230,118,5,58,99,83,183,70,144,245,216,61,228,136,4,72,215,83,135,130,45,23,82,118,141,141,155,139,152,138,180,226,141,43,217,190,57,254,68,25,196,196,190,58,74,213,218,3,66,152,79,134,23,127
30,245,178,74,230,162,56,73,96,132,200,93,137,30,182,199,114,137,107,23,23,50,168,101,74,191,232,93,110,240,125,89,213,73,112,129,160,225,15,245,6,111,8,206,23,236,37,116,59,118,190,56,222,226,71,144,141,183,249,47,99,1,174,32,127
213,123,199,108,33,133,59,202,56,172,89,115,207,203,24,188,128,30,245,159,6,138,196,1,216,195,15,245,67,168,121,206,172,171,49,247,128,51,108,127,64,87,188,146,211,117,85,212,206,79,187,237,170,153,180,170,136,57,99,27,147,194,102,22,127
105,120,39,177,6,111,109,236,208,89,6,39,63,230,167,165,122,64,123,52,169,114,58,58,23,107,32,134,30,40,115,54,181,250,39,5,89,99,13,95,157,245,171,212,220,24,65,124,67,68,149,88,148,163,194,12,46,173,157,230,49,213,28,124,127
115,197,188,5,124,129,142,185,24,125,161,117,50,220,201,14,102,167,154,201,76,231,152,226,140,26,221,164,254,198,143,221,225,77,50,141,215,172,146,237,235,173,127,48,235,1,164,184,147,98,247,92,217,76,72,93,241,84,109,110,233,160,206,243,127
83,112,205,82,41,6,46,173,19,180,40,165,151,138,113,203,42,247,180,61,125,127,8,220,73,223,243,220,92,2,241,58,93,14,74,191,100,120,178,213,108,245,89,56,178,139,74,201,193,30,209,16,15,243,24,90,72,96,6,31,40,54,204,179,127
154,131,61,41,14,76,245,105,152,221,0,84,242,12,157,60,120,75,172,180,211,177,229,141,219,38,250,9,1,10,165,123,245,96,226,64,157,67,120,181,75,113,145,187,108,96,91,65,183,203,35,226,50,233,14,86,102,117,228,168,137,168,171,212,127
82,61,79,156,98,207,93,215,124,177,220,222,131,151,170,44,48,142,170,238,206,250,187,185,140,248,215,216,163,121,83,40,168,146,147,38,40,16,164,148,131,83,88,218,3,110,208,11,58,227,7,246,113,109,150,138,200,180,198,232,223,61,87,242,127
63,54,152,241,152,151,105,233,250,226,238,231,85,237,122,141,6,168,2,23,183,3,41,87,51,104,142,51,141,102,161,32,96,158,36,252,75,156,224,81,139,104,201,23,243,211,2,188,185,192,90,240,28,182,75,148,43,49,202,181,246,180,9,254,127
147,250,234,60,114,171,100,172,187,58,254,214,21,189,63,30,15,18,92,169,131,175,238,238,236,31,157,94,7,220,47,197,151,167,21,26,61,51,60,181,37,139,222,54,118,230,50,44,159,139,27,211,171,70,128,236,205,1,57,131,192,242,188,124,127
23,50,244,201,133,199,182,216,76,49,238,166,254,133,158,141,51,237,242,35,106,185,173,191,206,228,69,59,225,207,13,242,221,108,198,57,197,108,55,7,182,187,104,150,65,25,143,98,179,124,245,83,17,154,104,97,82,61,33,22,161,123,150,0,127
173,19,101,64,253,25,157,52,240,51,47,19,146,161,197,209,209,242,14,221,212,8,64,178,54,26,119,58,35,251,62,159,14,113,242,80,184,9,89,37,185,135,72,149,192,229,60,82,218,28,160,215,170,3,140,119,124,4,182,129,66,212,151,81,127
33,169,66,126,205,19,46,244,145,203,25,161,173,197,244,250,43,150,203,69,87,214,138,188,195,52,190,239,232,51,66,214,175,11,163,233,55,114,152,61,19,68,59,112,85,34,173,104,90,79,224,40,254,238,220,157,195,30,158,155,133,218,11,207,127
224,127,187,0,230,166,93,220,5,104,127,31,205,20,138,141,150,248,118,35,218,62,165,246,46,106,215,84,119,25,191,22,167,65,248,10,62,248,167,91,84,30,216,87,249,6,217,57,32,243,70,110,120,90,5,236,54,33,211,47,132,64,130,182,127
216,161,106,15,140,141,17,51,169,242,90,154,74,77,192,242,94,88,16,165,122,93,245,106,201,19,148,97,149,154,56,20,232,38,88,102,147,186,241,160,10,237,51,197,243,193,229,149,78,74,137,232,199,149,147,209,165,7,189,96,169,203,125,250,127
118,35,147,215,37,225,32,172,212,69,22,41,3,57,125,203,208,20,89,129,55,51,225,122,180,48,160,60,231,48,57,80,163,124,157,3,212,199,253,82,188,206,215,109,122,128,183,214,150,10,187,205,116,3,232,216,232,129,16,220,46,123,232,249,127
133,198,24,87,125,20,12,184,87,56,150,197,229,68,32,29,73,201,128,158,151,196,16,76,168,84,232,54,43,172,247,68,218,174,183,110,162,232,48,90,58,148,158,98,58,177,115,33,39,66,77,103,125,20,190,203,188,84,192,88,60,104,5,120,127
138,194,142,210,177,212,84,73,250,2,226,83,234,69,230,246,179,152,222,96,178,240,216,124,247,172,10,120,51,19,97,96,156,44,171,161,112,227,133,112,160,208,116,179,245,165,31,72,78,26,170,104,183,24,77,116,13,72,47,19,8,201,250,218,127
171,88,159,223,52,251,107,56,188,82,51,157,182,47,58,34,93,168,137,155,22,215,132,91,222,90,196,14,169,219,20,214,235,230,136,144,13,157,92,182,187,156,52,76,115,57,1,224,217,196,184,174,146,29,253,142,235,60,231,141,98,201,250,134,127
107,62,82,1,201,102,218,77,223,89,104,4,20,179,116,34,72,178,36,201,250,214,116,74,11,184,144,248,60,133,121,160,252,11,83,199,160,125,206,55,43,197,86,231,140,230,230,133,128,46,221,157,95,97,132,32,213,122,177,193,78,49,74,178,127
147,176,148,183,232,176,104,242,151,242,235,47,136,91,235,148,167,68,70,40,214,233,95,99,212,152,180,160,18,19,65,187,77,201,233,199,217,39,91,142,213,232,142,37,197,137,133,39,222,227,232,51,216,25,123,70,41,119,109,104,121,234,220,57,127
115,165,230,211,193,15,79,50,28,66,29,185,109,73,190,186,119,97,37,48,202,186,4,53,127,66,205,199,228,9,96,103,223,10,151,172,57,128,139,118,205,228,72,125,217,158,91,160,249,193,133,249,171,138,252,24,209,227,76,95,95,32,170,52,127
44,60,10,144,136,127,174,207,152,177,192,71,187,242,66,37,246,147,200,143,73,129,159,150,140,78,245,56,234,249,37,18,35,251,37,97,84,106,33,32,169,122,214,249,195,169,148,243,152,173,30,245,246,247,240,163,31,149,78,98,25,83,74,53,127
175,119,240,229,135,61,47,209,162,246,10,60,4,116,122,235,203,28,84,101,86,71,166,14,202,128,209,177,156,82,16,23,247,200,64,71,253,161,76,165,221,196,82,206,93,124,146,59,193,211,102,144,26,150,228,130,56,254,198,246,84,199,66,42,127
24,153,46,71,252,183,142,77,124,170,75,97,244,209,50,68,89,2,75,17,65,240,38,105,45,191,231,154,78,87,200,118,246,141,168,96,162,10,222,230,137,47,137,147,95,106,201,37,98,142,30,20,213,11,69,106,122,200,212,32,4,174,170,245,127
105,64,15,10,23,190,74,30,91,122,26,5,77,198,48,244,145,231,173,75,225,46,80,125,18,254,81,9,44,97,20,118,29,3,6,161,80,146,170,4,35,186,60,248,5,115,4,61,74,64,117,123,204,220,64,135,110,47,30,214,190,128,199,130,127
247,137,151,31,7,20,10,97,90,100,31,17,90,17,164,71,94,23,97,180,32,147,23,101,189,171,111,157,250,193,142,194,36,17,14,129,80,35,70,60,100,87,254,24,208,127,243,183,116,3,142,43,26,176,213,9,241,219,193,92,44,215,174,232,127
125,156,247,109,146,167,186,116,195,202,55,58,63,188,71,156,157,123,106,191,210,42,40,25,45,188,152,203,179,110,194,23,106,72,101,207,38,169,182,9,77,186,70,75,79,96,21,155,105,229,139,201,243,203,233,236,131,51,44,166,186,115,12,4,127
119,199,39,93,111,126,76,54,59,131,221,163,234,95,10,38,129,229,238,183,119,201,19,209,219,72,214,247,4,109,213,28,65,60,54,5,87,53,139,75,212,149,67,59,44,214,141,26,177,246,161,185,134,173,83,92,160,122,40,122,114,1,73,112,127
186,30,10,75,98,8,77,32,215,177,243,66,216,208,37,91,105,33,235,252,239,35,94,137,112,98,0,245,159,220,204,75,5,243,253,4,19,13,125,18,159,19,13,158,149,215,176,221,98,189,127,69,89,168,14,214,168,23,211,136,65,244,188,80,127
245,222,230,108,12,10,111,91,165,235,91,254,3,64,149,242,55,179,242,213,236,173,190,16,37,44,238,239,199,61,234,28,73,115,137,61,110,178,100,238,61,153,155,136,158,162,182,239,201,223,68,82,101,170,14,223,211,117,210,109,140,108,252,235,127
178,127,69,114,77,117,218,45,150,239,90,30,206,32,216,146,225,237,76,21,145,74,39,166,36,124,161,10,166,230,16,195,45,116,50,136,207,236,80,19,153,92,23,150,114,79,175,61,80,166,86,194,98,79,74,196,133,212,56,202,85,133,220,118,127
88,119,17,165,156,139,147,227,85,111,120,39,3,62,243,238,51,33,155,144,17,82,0,56,80,228,203,206,239,0,207,19,98,49,81,163,164,180,66,80,172,240,201,169,95,130,13,224,131,215,120,53,180,209,178,237,144,187,3,30,8,177,21,108,127
213,177,14,50,170,141,191,76,21,244,50,77,13,11,172,130,7,56,33,155,83,52,121,174,184,168,40,2,206,57,110,201,217,5,34,56,131,52,188,162,139,216,223,165,117,113,84,149,49,1,127,193,129,152,31,55,218,215,210,17,201,82,47,68,127
119,137,91,103,151,57,192,13,39,247,127,175,227,162,174,179,32,119,23,164,157,30,142,191,4,156,162,61,142,231,91,143,117,173,249,166,58,252,33,128,152,47,183,195,244,155,11,178,220,121,127,45,16,45,147,151,190,237,209,244,109,188,212,77,127
143,14,4,180,112,44,195,176,8,100,142,79,162,230,73,60,202,41,232,229,100,223,18,91,233,79,234,244,185,118,196,121,170,187,186,104,157,51,162,247,149,180,196,54,205,248,129,228,58,183,55,205,244,166,24,150,188,102,78,107,235,8,83,237,127
203,16,16,36,162,247,100,1,55,155,86,91,205,174,225,241,210,178,63,176,225,153,74,133,211,201,119,139,22,94,39,54,83,108,5,138,122,253,38,138,70,65,17,218,90,201,193,12,211,30,67,211,186,33,143,159,116,5,137,89,36,0,25,30,127
109,103,180,5,215,46,58,122,15,15,60,137,222,24,178,190,249,121,12,71,112,188,103,121,65,232,27,172,124,179,28,186,188,18,153,192,105,27,42,149,67,224,96,68,68,73,133,61,143,79,242,61,84,231,48,232,40,64,178,131,148,170,33,177,127
175,250,110,165,222,67,85,80,184,51,190,193,189,21,140,67,69,165,143,136,7,37,7,237,239,50,122,107,78,157,96,92,215,150,90,22,28,104,218,210,166,98,20,68,85,19,130,30,94,227,96,243,76,225,180,143,122,165,70,174,5,227,186,84,127
119,28,167,117,97,15,97,231,14,132,16,167,61,164,131,200,105,90,64,45,209,30,114,231,64,200,183,55,43,47,25,71,183,178,60,63,159,187,210,100,115,177,230,37,133,223,222,147,80,250,190,186,218,48,187,114,223,30,77,70,202,103,178,217,127
193,247,194,78,104,86,230,26,50,33,138,172,85,50,45,27,16,213,25,138,229,65,66,249,57,8,42,142,143,135,146,203,115,169,245,150,249,52,195,148,48,227,190,157,121,77,124,108,164,118,96,41,219,86,238,132,166,199,78,15,176,168,46,96,127
219,70,150,29,90,62,235,220,14,176,1,124,158,172,239,162,51,72,147,179,87,250,2,244,96,5,150,110,176,128,185,106,40,201,28,73,254,168,180,236,6,44,217,84,181,174,253,103,116,46,170,205,117,155,101,206,157,79,152,126,143,221,12,233,127
154,198,234,194,173,227,152,123,219,157,239,197,166,35,5,66,206,55,143,59,165,28,108,220,242,246,183,159,105,247,192,239,175,17,51,194,236,221,64,87,4,5,113,148,252,175,190,49,127,59,65,66,171,220,56,57,218,224,207,141,196,99,198,42,127
118,145,56,243,79,58,128,77,171,162,139,247,27,220,198,145,211,238,240,99,51,66,49,110,134,250,194,111,146,101,128,189,144,76,199,113,247,120,36,215,160,137,42,128,178,15,29,237,55,203,154,5,41,141,113,196,243,144,207,188,181,111,139,78,127
25,21,208,144,142,17,60,7,137,132,228,245,212,179,26,170,8,128,228,14,7,86,154,114,140,98,205,122,87,234,214,247,135,43,88,161,52,203,174,54,202,63,182,75,53,70,76,123,96,147,87,234,68,149,161,84,62,110,8,126,183,100,16,6,127
57,223,120,142,2,124,151,122,86,239,164,170,95,10,55,25,105,150,43,78,14,233,108,98,197,6,20,112,210,25,107,6,164,239,242,38,201,168,156,129,234,142,173,195,233,158,197,102,69,71,120,122,237,212,61,157,68,195,104,102,109,152,109,229,127
100,35,226,238,26,26,128,205,124,80,138,56,108,158,222,246,46,231,138,57,14,117,231,238,10,166,116,217,201,224,32,175,127,189,230,34,42,50,13,160,77,142,188,166,92,211,161,237,71,198,187,59,132,93,178,231,247,196,224,226,204,10,89,36,127
241,97,205,242,43,229,154,211,235,247,7,66,150,89,24,150,105,48,152,134,63,145,99,174,205,245,81,206,127,184,136,0,37,47,126,4,193,208,64,91,40,19,169,10,237,46,173,115,129,186,253,160,235,151,32,180,33,214,93,102,48,218,110,148,127
132,95,33,83,89,99,129,173,158,150,19,23,226,236,152,151,229,123,162,46,146,170,143,180,203,131,141,102,192,115,146,92,116,87,155,35,56,240,167,152,48,224,30,101,169,10,76,208,64,162,115,188,140,249,202,241,92,70,224,212,230,196,84,65,127
172,230,56,167,221,45,151,191,193,69,93,183,102,233,10,113,84,75,132,251,194,51,89,246,134,219,47,76,60,210,232,174,151,251,0,230,206,248,78,137,184,12,199,53,93,24,159,205,230,32,193,139,168,168,33,78,119,201,165,93,93,52,215,222,127
55,25,87,22,102,136,48,24,148,122,164,200,212,185,92,97,108,199,112,240,67,80,19,178,204,198,196,6,218,171,203,221,77,202,176,208,157,6,178,135,115,110,158,5,76,0,55,235,107,8,198,47,108,194,65,71,47,90,116,234,230,57,178,40,127
155,9,141,196,239,115,74,191,86,29,127,134,157,52,208,49,34,45,184,182,25,219,158,55,97,22,136,169,125,126,180,89,140,234,151,21,33,233,21,217,149,107,252,13,186,171,33,0,251,130,99,128,42,68,114,40,97,247,173,103,74,73,123,1,127
39,142,200,139,31,239,19,225,96,114,127,205,5,56,171,30,118,45,158,25,228,135,244,183,243,184,60,115,242,118,67,4,235,147,112,219,146,221,188,165,30,41,26,3,191,235,87,194,253,47,127,128,244,229,24,32,144,38,173,2,91,73,243,232,127
63,89,180,115,196,18,182,184,52,99,29,132,115,237,104,36,178,218,29,57,81,41,57,50,252,249,183,152,42,9,170,125,188,251,30,220,10,141,218,242,61,188,226,145,59,65,183,131,171,16,21,123,114,132,155,82,47,16,21,44,10,3,148,11,127
10,49,209,134,244,209,230,178,200,66,124,77,164,19,201,186,148,50,155,52,12,143,176,144,158,190,95,217,251,165,31,113,58,223,157,224,135,139,92,30,129,147,226,198,2,239,223,175,10,90,208,162,141,178,54,170,161,189,247,167,177,121,53,234,127
213,45,123,107,199,110,239,60,38,179,163,188,142,154,16,163,25,110,253,124,17,161,220,249,79,95,20,36,78,245,125,82,40,150,49,74,111,136,188,204,47,131,226,53,45,190,11,138,222,94,226,98,224,55,116,21,147,166,30,223,116,161,31,110,127
43,11,7,151,148,33,47,120,89,216,126,222,91,163,220,132,24,197,147,111,215,164,150,56,226,237,86,6,140,167,24,95,150,115,254,138,209,111,57,129,241,60,60,63,21,183,232,121,7,177,203,200,215,202,174,7,157,232,82,137,52,15,144,235,127
53,231,165,145,134,15,199,181,83,253,3,196,242,209,44,48,49,106,170,130,178,46,44,201,62,75,234,15,78,110,232,104,183,178,38,187,54,98,251,104,50,250,147,82,103,64,217,45,42,56,241,17,66,37,96,17,2,248,107,21,234,114,245,113,127
209,27,30,42,31,155,245,249,188,163,179,135,180,208,225,160,228,72,222,173,39,239,32,73,88,37,96,19,73,197,92,3,153,59,174,198,75,42,50,224,147,161,229,45,153,113,45,167,132,90,4,33,252,113,14,117,47,218,106,239,16,182,53,250,127
223,168,49,64,90,167,97,184,115,157,137,111,164,205,134,169,122,129,47,210,17,20,240,162,174,98,99,172,99,44,6,112,141,14,131,96,150,250,0,1,28,235,221,116,52,127,253,11,191,84,200,46,135,8,67,200,171,59,242,149,104,172,76,193,127
195,196,153,176,151,224,80,100,221,107,226,231,121,11,104,101,253,107,118,251,232,42,168,191,159,141,65,220,187,218,145,204,66,185,248,218,94,208,16,63,212,52,107,203,213,217,233,143,3,113,202,113,185,38,32,127,147,89,183,49,222,153,5,199,127
237,139,92,6,102,28,123,29,211,49,193,193,42,188,231,223,25,33,9,164,45,243,192,160,82,115,29,147,240,211,158,159,211,138,214,4,199,232,180,184,171,98,46,114,11,97,185,186,1,246,80,207,227,12,123,131,79,35,49,151,27,4,145,245,127
44,166,14,196,69,60,213,2,218,150,142,150,66,119,21,236,182,119,114,103,191,117,194,144,184,214,161,196,84,5,42,46,15,130,23,118,227,76,30,142,121,137,29,175,96,28,250,80,168,140,242,24,185,159,201,180,253,108,216,241,222,130,254,74,127
160,180,25,165,161,161,186,220,88,168,176,238,148,1,136,48,138,238,51,110,160,127,31,10,250,208,147,62,6,135,19,137,183,79,13,71,99,167,32,184,118,57,130,36,67,93,152,171,136,8,51,14,224,197,218,142,99,187,241,64,36,149,122,174,127
64,11,198,112,95,185,33,43,43,117,167,7,228,0,89,33,137,128,123,12,123,133,166,207,223,177,58,237,105,190,31,58,251,84,216,125,134,97,226,56,57,170,118,191,195,238,168,212,136,205,251,9,87,251,147,219,138,192,150,189,85,97,38,170,127
12,218,114,251,96,93,139,67,147,97,92,176,166,62,93,174,42,194,83,124,57,177,108,90,241,127,27,4,217,194,65,205,177,142,140,216,168,56,254,179,175,91,11,151,38,150,175,165,92,92,199,182,117,55,198,97,221,160,70,34,74,35,143,120,127
56,157,236,232,105,96,204,33,178,52,236,6,242,12,69,15,18,81,195,115,199,204,48,33,238,143,235,89,240,207,102,161,185,178,6,78,186,225,213,75,133,110,103,138,191,34,237,224,204,193,233,57,243,250,95,89,106,84,72,83,53,47,155,82,127
79,247,209,113,240,202,21,59,56,87,22,45,82,124,169,184,53,8,184,133,176,57,252,248,77,172,169,29,242,44,208,11,7,35,174,32,71,234,174,52,86,30,52,0,165,127,31,197,51,48,124,248,233,37,101,91,100,18,154,186,173,240,236,237,127
109,62,243,18,35,211,6,69,14,132,240,62,216,57,194,185,244,206,101,188,36,63,245,133,35,5,81,157,97,253,94,131,101,152,198,221,107,107,150,185,151,183,112,178,9,214,170,24,209,28,212,127,135,181,220,163,175,56,152,26,233,185,187,213,127
101,64,193,127,77,15,197,208,178,75,116,199,47,7,249,37,236,3,80,190,51,254,133,225,239,36,166,170,99,234,13,16,149,169,233,215,174,10,165,69,237,53,5,164,122,200,158,87,85,101,196,55,80,117,204,253,21,141,253,210,35,180,127,134,127
121,240,2,194,16,166,79,154,223,49,208,57,106,136,198,222,217,20,42,60,248,188,133,222,63,227,13,78,58,42,181,217,169,10,76,21,91,33,70,166,37,204,48,10,132,105,238,202,48,207,22,132,149,82,89,99,164,180,186,237,162,45,7,171,127
10,1,85,187,136,161,118,226,144,177,163,155,119,167,228,13,92,28,117,169,195,65,240,23,5,156,63,52,6,59,227,8,12,64,36,87,88,122,10,253,94,245,165,185,115,213,69,103,3,11,53,62,239,158,223,194,220,32,80,208,148,213,173,175,127
224,51,201,244,73,219,17,53,162,177,78,4,110,63,169,169,229,39,6,30,1,203,8,3,81,118,62,82,60,153,217,239,139,103,105,176,97,193,176,88,22,112,12,229,236,103,102,120,18,31,86,237,71,237,216,84,209,10,223,215,154,130,26,86,127
247,215,116,172,0,139,147,224,85,26,15,136,72,223,34,189,51,179,198,211,150,111,119,130,38,161,122,240,115,251,58,154,50,175,176,24,201,241,96,135,52,208,40,129,159,22,35,125,117,243,48,113,216,149,146,72,214,86,45,116,246,18,214,1,127
197,179,70,75,51,115,40,62,1,201,76,112,178,56,112,184,254,185,153,198,95,223,201,238,205,13,138,27,6,250,185,139,71,190,79,92,126,155,138,64,157,42,251,54,26,208,155,168,163,163,76,35,250,108,132,68,98,26,155,13,38,86,6,122,127
252,35,97,93,187,208,198,178,40,29,103,77,76,93,21,58,47,95,39,10,245,5,29,111,3,173,195,78,232,91,17,196,213,76,74,172,188,87,176,223,181,71,141,87,158,253,42,166,1,162,45,103,22,1,16,14,37,237,145,165,160,27,148,21,127
92,52,211,192,65,81,62,127,19,70,166,107,198,132,17,124,141,220,64,227,228,165,106,179,78,241,216,87,29,165,158,179,164,118,1,165,209,209,156,209,61,51,8,19,28,152,223,45,211,211,82,201,145,149,220,70,12,242,7,250,181,171,49,21,127
115,220,87,116,44,63,100,227,2,225,60,208,44,158,44,188,164,54,122,175,248,207,33,126,220,53,168,61,232,49,241,1,74,50,241,93,86,17,62,32,109,191,181,10,15,165,239,81,145,98,202,214,45,49,236,205,25,76,115,186,135,148,115,35,127
18,175,61,197,210,71,31,60,50,97,11,16,70,140,75,73,184,2,148,82,242,63,245,49,55,152,60,60,107,140,62,236,243,28,150,219,80,37,89,61,104,153,75,150,130,206,253,191,20,94,199,62,109,103,233,160,217,107,184,202,117,181,230,220,127
140,97,46,225,196,189,105,74,43,35,73,85,35,90,86,46,254,180,48,253,218,13,191,251,103,192,83,203,195,220,223,109,145,3,109,69,140,61,213,38,171,71,6,104,46,218,230,143,125,73,92,176,170,238,225,239,241,58,175,71,236,174,220,61,127
34,25,176,67,71,184,118,242,124,85,58,232,42,14,166,230,186,16,85,234,9,37,235,132,142,75,158,9,226,102,55,109,10,48,30,10,125,91,88,112,176,154,65,163,214,184,16,51,201,77,15,113,150,58,31,250,57,89,199,140,236,115,8,56,127
8,13,150,15,166,65,12,213,186,244,88,159,213,131,131,118,106,21,14,163,25,89,107,169,217,120,216,137,34,41,17,83,41,91,201,206,60,96,64,69,157,110,128,68,106,59,122,18,180,4,64,185,35,98,233,12,2,72,3,239,191,211,244,168,127
122,224,121,69,99,219,185,218,157,35,151,70,18,5,125,197,19,64,114,239,179,141,38,109,234,223,148,123,147,138,44,249,250,102,10,181,212,92,62,45,254,20,52,243,227,184,53,66,97,97,132,74,101,213,192,174,99,161,221,113,176,154,98,230,127
68,145,157,96,54,161,20,107,199,39,93,174,157,73,195,250,86,237,46,16,12,74,26,83,171,11,35,97,63,100,174,151,72,126,136,216,147,49,188,192,254,219,223,2,38,162,205,115,59,147,227,5,152,122,21,238,100,202,113,31,171,51,250,228,127
26,194,234,160,44,99,17,59,190,50,244,56,89,7,71,154,206,120,213,170,159,185,59,181,143,177,88,182,210,181,220,54,220,147,169,39,230,237,147,27,148,112,141,238,165,61,11,139,250,5,139,115,15,49,253,0,115,250,87,221,35,49,121,19,127
132,140,205,138,157,218,175,87,137,217,67,11,245,173,72,75,72,131,178,29,20,238,111,237,180,177,125,29,87,231,138,187,108,148,173,217,157,140,197,235,19,153,136,173,207,24,92,160,65,174,90,78,143,15,128,114,53,117,205,85,29,133,76,46,127
111,249,224,11,198,86,140,113,195,187,9,90,184,242,14,223,22,247,101,30,197,212,236,61,182,2,13,48,156,115,61,75,38,220,176,63,117,38,104,3,198,99,127,144,217,12,26,224,173,209,80,228,251,238,83,6,141,54,38,238,105,112,154,9,127
242,168,242,207,254,102,182,222,190,28,105,216,165,33,20,43,77,89,27,250,148,204,66,147,122,225,141,11,134,72,10,43,98,50,238,251,14,27,48,201,145,80,170,113,229,28,134,218,53,226,30,58,69,200,233,254,195,41,97,119,227,242,118,70,127
121,157,147,106,246,170,229,105,1,127,105,183,0,118,86,242,179,239,249,169,76,135,225,126,233,102,14,210,46,177,169,3,31,152,218,8,200,9,174,161,77,251,142,126,60,205,184,117,113,56,68,113,186,60,28,49,104,197,214,44,119,237,80,17,127
155,199,214,166,154,102,244,177,217,149,46,187,219,109,201,232,100,227,109,102,52,86,215,246,59,135,109,250,101,127,8,97,117,152,120,101,246,42,8,88,241,106,190,84,182,99,240,248,208,55,76,23,0,120,89,242,196,185,4,1,140,127,62,254,127
231,59,46,195,20,233,28,114,187,156,217,136,66,48,134,66,100,180,26,119,98,52,194,211,33,143,61,0,179,72,14,128,50,51,166,135,140,234,239,205,110,233,147,128,45,171,180,9,81,99,112,249,54,215,185,155,14,104,146,8,18,110,219,254,127
95,0,53,144,90,225,57,180,136,142,124,182,12,166,253,78,201,243,45,15,46,206,199,55,53,113,179,73,25,163,91,144,234,223,105,138,22,158,160,211,47,36,132,47,164,229,185,175,216,222,28,215,240,184,191,120,31,55,192,95,251,143,72,234,127
217,215,117,231,129,15,233,84,52,219,156,2,151,77,17,184,222,62,95,165,103,98,5,155,192,53,220,163,231,60,221,115,17,210,150,117,201,118,148,5,117,190,175,161,134,198,222,174,123,120,41,236,122,19,12,103,142,136,85,201,193,250,97,88,127
247,160,170,59,3,48,225,154,70,185,88,138,228,210,61,134,81,217,109,30,213,26,157,11,217,87,43,223,37,225,73,239,38,164,35,159,22,241,124,147,163,64,67,173,247,10,208,204,9,64,10,106,153,185,72,103,17,87,76,128,48,172,90,55,127
73,137,178,206,252,186,103,196,168,116,76,174,140,97,29,200,131,242,14,149,248,249,18,172,23,13,17,202,91,246,202,215,231,221,242,184,35,99,174,234,237,54,11,25,222,221,70,68,17,190,108,52,137,100,12,20,68,103,38,235,50,88,176,48,127
23,142,33,112,67,145,43,7,70,181,142,217,94,245,118,197,223,219,12,70,226,50,182,25,204,216,35,254,187,136,100,217,186,253,171,100,26,75,178,170,168,88,19,142,192,30,121,98,99,75,48,114,19,80,149,162,237,134,125,62,91,47,223,101,127
198,102,85,21,47,197,132,61,58,172,103,137,140,154,183,238,54,149,32,32,199,192,143,91,183,172,80,110,190,98,147,11,72,170,26,222,16,177,116,116,32,185,113,145,204,194,57,65,143,141,120,236,174,195,56,118,163,37,206,215,138,62,229,244,127
64,92,205,53,192,162,147,215,25,142,45,150,242,44,174,203,175,229,188,130,99,178,173,50,21,140,253,198,207,236,178,15,189,230,164,27,9,68,124,70,222,22,89,138,217,149,62,162,211,208,0,157,141,36,150,0,239,6,23,239,59,25,239,19,127
19,31,53,126,81,29,55,226,171,250,80,72,18,58,209,149,61,164,221,235,207,186,187,136,162,92,75,235,28,157,58,156,30,227,76,80,198,183,164,232,194,245,26,182,64,107,126,94,186,50,189,78,248,57,167,83,204,195,237,173,90,6,69,35,127
12,150,246,244,236,102,2,149,145,80,229,166,220,111,169,66,240,170,32,71,6,8,23,202,206,150,212,252,191,26,163,112,46,166,225,53,51,15,62,121,192,72,185,21,52,195,84,156,159,53,150,195,195,164,135,20,73,110,117,123,23,99,67,77,127
247,116,10,22,108,115,175,96,223,205,64,225,201,29,180,22,24,155,207,45,26,98,26,0,184,11,71,157,56,74,176,222,30,3,4,117,203,118,171,179,40,36,242,31,202,175,169,72,140,178,212,205,39,44,142,114,234,199,71,199,208,217,200,183,127
249,223,120,239,244,67,196,207,132,8,115,246,184,236,164,252,148,105,221,66,233,54,171,28,135,165,155,1,128,181,123,0,7,1,222,102,177,218,204,133,232,95,33,148,172,145,197,217,230,108,253,69,217,98,1,170,62,185,235,128,221,131,81,149,127
30,54,108,3,90,86,1,18,212,58,18,66,190,194,5,24,212,163,93,199,176,26,3,50,125,70,232,254,49,69,77,39,195,96,188,58,75,244,82,218,73,222,179,69,192,79,204,147,81,66,115,246,42,193,106,216,168,38,199,141,89,12,249,64,127
72,176,91,67,161,92,219,120,204,221,181,175,182,103,35,240,29,45,20,149,206,241,189,246,75,119,135,80,9,53,96,102,58,96,85,192,207,187,149,171,44,49,70,140,210,138,102,173,166,168,193,196,60,44,125,155,89,113,112,153,169,135,228,174,127
161,4,131,69,220,173,37,232,12,77,104,159,182,143,197,67,171,91,2,167,6,98,219,64,192,230,73,86,229,232,132,152,215,198,178,164,75,233,38,211,1,202,248,170,150,223,186,151,108,87,19,21,36,15,25,106,121,152,211,33,210,83,196,184,127
139,9,88,248,34,8,228,185,190,205,52,66,52,8,84,134,70,183,20,214,92,71,175,86,235,22,190,19,18,234,19,232,249,97,78,246,170,237,79,188,14,155,93,78,11,214,146,36,125,181,40,6,172,117,64,180,161,244,111,242,34,146,25,235,127
119,197,174,220,128,5,251,240,65,202,127,66,49,163,100,217,231,149,191,79,124,194,29,15,121,86,37,148,136,109,61,236,148,82,59,83,106,140,3,9,170,7,141,15,157,19,241,209,111,154,104,126,5,151,167,37,21,185,81,173,173,247,133,80,127
108,208,239,109,43,222,52,129,208,233,105,118,55,135,150,215,3,199,47,73,235,204,62,228,170,144,233,102,9,76,214,88,124,35,104,251,47,196,123,122,97,235,46,218,223,3,233,47,132,249,146,172,222,42,52,203,60,38,138,160,183,32,50,243,127
96,129,107,70,12,68,163,83,81,204,39,59,193,66,140,56,70,92,78,71,197,129,163,17,215,56,172,118,195,140,79,171,2,176,5,81,125,122,123,182,208,36,114,118,193,115,99,24,197,112,205,148,116,3,153,196,44,203,246,220,241,7,43,59,127
36,148,201,246,0,185,210,55,127,101,140,180,129,252,182,185,117,121,67,108,161,222,195,10,127,29,35,128,124,218,55,122,228,148,86,3,63,158,54,161,177,151,198,135,154,158,32,196,10,88,139,46,95,197,98,43,246,247,215,196,197,38,92,201,127
127,248,82,158,16,189,149,80,251,128,18,37,236,126,134,223,152,205,167,166,124,243,56,16,237,141,40,233,149,185,130,238,198,168,196,147,8,6,120,105,31,249,178,45,235,165,82,217,180,249,57,178,46,130,136,144,87,7,177,145,87,183,76,152,127
140,25,212,64,174,60,184,162,20,129,225,217,109,219,243,138,190,170,204,5,206,120,56,161,198,102,68,94,63,88,90,75,104,61,201,205,132,176,76,160,88,87,243,68,76,24,189,53,97,158,62,43,19,183,153,9,118,199,142,189,127,115,30,60,127
246,99,146,91,218,236,250,35,180,136,56,53,24,245,92,218,96,89,242,42,112,222,146,39,111,175,119,143,38,192,245,113,202,38,188,10,227,21,29,163,169,79,22,204,83,41,211,128,122,39,227,165,54,67,40,163,31,50,122,228,125,121,47,181,127
102,31,124,182,96,59,148,12,250,239,124,170,194,5,182,25,50,127,101,163,140,81,242,236,116,214,246,89,61,249,52,68,240,98,58,84,176,227,141,186,66,41,57,222,11,49,163,76,80,52,134,187,235,227,17,106,2,187,189,228,229,144,129,160,127
181,101,7,105,85,117,166,89,33,74,81,4,74,198,94,15,221,178,188,37,251,221,192,10,241,172,36,188,119,121,151,99,78,144,146,111,104,231,188,104,236,66,190,9,224,244,233,100,138,177,62,209,125,19,43,201,44,97,97,211,243,58,165,5,127
212,66,231,196,214,161,214,236,152,250,44,35,238,70,19,208,210,133,15,235,180,229,92,194,230,15,217,167,179,3,115,54,27,220,219,104,129,53,3,253,232,229,9,24,239,87,248,186,80,209,94,61,98,137,25,30,209,5,225,154,214,65,192,4,127
4,173,120,72,91,103,254,108,86,253,127,127,5,42,231,138,230,13,203,58,17,122,23,215,44,186,245,201,110,21,132,236,234,70,135,25,157,196,51,104,166,202,89,200,10,201,161,123,125,228,241,76,106,113,102,22,171,226,176,4,102,241,190,132,127
115,175,113,196,48,165,173,2,184,155,87,94,173,29,19,35,7,226,245,203,101,241,50,128,127,88,233,4,100,103,83,9,135,37,78,53,220,241,11,90,199,5,188,198,199,203,94,37,106,124,184,101,12,208,180,60,17,81,213,251,80,146,124,241,127
254,133,80,221,47,76,149,117,56,39,50,247,13,58,57,22,164,242,47,137,56,40,16,94,214,32,21,148,226,76,31,107,140,81,75,127,250,108,175,130,119,118,192,232,3,226,119,66,21,187,30,249,177,91,4,46,48,0,166,186,151,110,161,37,127
82,140,115,26,51,134,245,249,184,201,231,145,108,17,84,29,186,142,236,101,237,156,151,235,115,237,122,183,99,31,66,137,92,210,28,56,169,107,182,32,232,79,161,172,85,56,56,70,153,134,220,216,91,154,17,169,223,145,116,220,189,31,16,19,127
164,120,123,149,175,148,117,118,173,122,17,160,210,59,219,83,150,246,254,191,172,156,159,45,131,117,83,25,166,140,178,51,120,11,79,102,169,20,227,174,57,243,145,141,61,190,64,48,65,102,9,204,81,161,188,45,165,67,118,248,16,170,188,3,127
114,117,155,23,37,147,216,100,170,210,51,154,131,10,51,225,8,98,61,163,47,210,161,241,144,161,205,253,22,200,77,71,81,27,171,89,250,41,194,107,114,9,124,86,146,229,79,217,132,150,130,180,196,165,17,43,72,226,165,72,63,215,97,121,127
114,165,30,141,250,130,159,190,233,106,6,173,50,55,10,177,209,42,220,159,251,216,124,111,157,250,78,78,240,190,107,161,187,72,106,48,203,227,68,135,97,54,249,120,85,152,251,84,69,219,122,130,215,16,57,92,148,25,29,102,104,171,46,96,127
206,239,85,26,194,149,169,60,41,228,128,174,116,74,61,48,53,119,77,146,51,16,184,79,6,141,61,211,16,67,202,10,143,103,20,41,142,6,17,10,104,28,5,87,228,79,26,7,214,66,158,152,210,118,95,151,7,248,84,8,129,67,74,19,127
115,191,197,26,40,244,209,177,251,203,163,206,121,203,217,224,53,72,145,120,226,86,35,128,175,191,131,31,25,31,243,108,244,205,188,226,191,129,210,145,118,233,237,218,161,27,171,248,45,108,16,25,25,164,153,165,76,249,145,246,57,214,202,39,127
44,147,246,25,185,133,200,46,252,71,32,145,70,7,172,155,89,79,189,242,81,122,184,56,17,168,167,22,213,176,16,150,143,55,66,229,17,81,64,151,187,36,211,235,33,230,8,183,129,70,27,52,61,73,192,219,232,146,212,58,15,198,188,32,127
189,73,141,83,235,0,203,206,247,230,203,250,42,110,114,169,26,126,177,116,235,167,56,15,59,232,206,109,131,60,254,212,183,17,224,224,210,99,73,160,5,248,122,94,217,201,121,152,221,84,49,138,79,245,182,233,246,81,42,3,185,243,212,242,127
86,216,61,162,69,150,147,180,77,69,150,56,212,214,119,19,49,252,181,201,179,222,66,84,66,225,183,56,109,75,238,126,191,66,16,116,196,139,91,170,114,160,74,36,130,171,129,141,217,88,137,37,131,81,78,51,174,8,12,253,238,201,21,66,127
130,41,63,203,183,157,237,141,219,43,223,231,240,94,253,152,43,197,15,40,71,110,72,59,240,75,195,87,101,121,252,56,23,56,91,227,169,123,239,166,48,24,67,52,231,251,9,115,42,127,76,87,168,36,148,237,186,234,214,45,3,58,9,6,127
190,245,54,180,168,33,228,48,167,5,6,32,50,194,40,116,98,111,5,195,125,42,70,152,11,81,200,113,98,244,8,210,251,134,180,53,198,241,147,116,252,52,179,188,6,148,158,89,169,72,73,42,243,97,45,111,223,136,223,2,82,143,178,216,127
81,56,26,72,137,237,36,105,254,142,166,28,27,202,239,74,133,153,149,182,6,110,171,181,151,82,246,4,218,184,191,36,151,58,203,62,55,15,94,25,148,242,153,161,252,37,148,8,250,81,71,60,41,125,120,252,71,15,6,38,46,35,200,222,127
30,193,43,51,140,175,145,224,158,11,214,52,26,167,135,87,6,151,34,182,96,233,178,251,20,169,126,244,172,203,91,148,133,61,224,92,101,180,24,136,222,24,35,16,173,15,239,245,64,227,117,41,26,246,163,90,52,39,91,125,251,165,2,208,127
43,191,254,180,231,187,166,142,13,224,107,103,172,184,5,142,174,157,137,229,31,156,72,99,233,55,150,245,236,39,214,33,53,204,191,241,213,247,136,36,237,71,247,222,92,3,49,188,203,233,146,157,200,197,113,81,6,115,188,101,211,67,167,130,127
246,193,55,158,104,183,176,16,117,104,170,232,117,157,75,68,76,54,132,60,200,189,177,86,192,34,136,100,83,28,31,29,221,69,165,50,118,49,208,238,55,54,204,18,39,21,148,95,65,42,15,35,45,32,247,131,237,104,19,222,6,79,253,3,127
83,13,51,107,28,78,121,1,170,227,92,35,110,216,194,154,31,245,246,33,122,113,109,238,81,183,127,108,43,110,171,157,19,178,121,70,216,145,154,78,35,92,90,99,79,173,152,128,68,197,211,232,222,183,150,232,99,126,108,86,43,160,120,190,127
201,86,49,18,60,160,10,109,177,228,190,20,230,254,147,4,143,44,163,23,95,15,54,88,254,209,159,121,72,85,227,57,86,200,32,178,145,98,224,100,97,100,245,41,43,208,73,49,165,57,108,159,105,176,173,187,97,148,204,113,179,39,83,49,127
42,93,228,234,106,78,8,107,20,92,110,129,72,81,95,46,43,1,8,172,164,53,146,0,242,215,138,119,32,225,220,64,250,139,157,198,231,32,246,1,24,223,33,55,101,230,168,209,177,57,19,11,230,218,9,46,228,23,123,69,63,50,174,140,127
217,144,128,53,169,186,199,177,51,73,105,94,107,7,168,0,105,222,177,212,9,26,167,203,187,39,180,119,71,42,169,52,7,221,223,32,212,232,216,192,58,124,90,35,200,116,40,142,134,231,79,253,231,112,195,231,145,148,239,113,105,237,92,250,127
233,253,200,5,221,133,7,44,177,39,8,250,90,142,162,108,179,60,240,188,248,186,8,186,100,148,32,175,242,201,178,9,66,60,55,111,183,240,164,117,83,177,224,80,108,250,115,25,216,107,160,159,222,197,138,78,100,219,144,104,159,67,180,130,127
137,97,127,117,10,41,128,61,84,122,228,212,250,214,61,82,169,40,159,210,228,252,67,173,117,141,216,237,157,196,106,244,243,160,199,164,108,65,220,107,201,20,202,131,140,79,235,142,72,187,154,8,175,234,182,80,210,190,7,162,78,54,86,35,127
85,104,185,99,36,152,4,105,223,4,136,66,105,110,5,226,229,56,19,125,206,163,82,141,51,135,205,115,151,24,198,106,201,30,9,63,238,245,234,75,125,9,236,46,254,24,93,224,91,221,68,110,87,210,109,118,172,138,55,202,218,166,33,188,127
210,119,234,23,8,79,82,99,214,185,217,156,227,7,122,72,206,152,242,33,45,37,182,137,240,75,238,162,169,215,7,44,145,248,101,58,164,171,11,208,210,239,56,9,138,34,189,191,157,42,122,206,177,233,84,165,22,16,209,79,119,172,48,105,127
175,243,244,133,40,21,124,209,239,92,112,46,211,114,242,145,37,253,201,53,132,50,41,94,189,32,199,85,7,47,187,179,71,188,203,222,67,203,68,29,115,250,218,29,195,165,245,173,250,31,39,231,144,1,244,180,228,218,169,211,164,86,40,121,127
81,138,103,239,14,145,88,10,3,205,140,175,6,177,116,10,99,104,174,200,136,188,154,131,246,18,125,143,6,22,122,50,87,104,6,253,94,42,12,153,132,119,253,92,223,103,236,148,191,47,61,119,105,169,92,175,64,99,236,217,64,22,106,121,127
22,178,17,198,205,192,229,108,144,177,190,142,139,129,116,83,86,152,67,227,207,156,213,198,124,124,106,152,200,177,102,230,239,99,153,138,52,101,244,13,100,175,138,95,166,99,194,94,74,127,218,41,120,181,231,58,188,210,52,141,169,15,142,114,127
206,183,118,194,115,9,250,32,19,47,130,80,133,98,177,205,109,177,181,74,17,237,65,233,40,197,150,142,80,209,90,167,12,27,104,216,75,76,234,178,23,62,57,0,36,173,15,167,36,250,181,249,232,44,87,111,105,194,3,2,23,250,123,140,127
68,241,98,121,230,97,217,131,56,228,69,167,64,118,143,130,235,33,248,209,21,53,3,163,78,4,249,19,149,207,196,175,175,35,174,40,235,151,166,119,133,73,194,137,163,209,239,220,12,221,27,151,114,146,63,206,168,74,205,113,80,165,135,225,127
178,212,14,36,65,226,19,101,47,207,12,186,115,116,185,112,49,25,254,23,82,55,47,210,144,143,65,17,15,66,126,90,69,7,35,64,73,49,65,140,227,69,99,181,132,165,147,5,90,234,155,183,1,41,32,107,98,94,77,82,152,112,135,115,127
5,248,59,82,73,148,184,101,234,28,150,194,35,241,81,52,115,64,91,152,248,212,116,6,88,2,163,76,26,84,216,172,37,108,24,80,179,157,251,251,144,148,23,244,88,9,40,206,58,224,38,131,32,102,180,54,85,229,80,239,34,181,103,190,127
10,247,180,101,164,133,19,89,106,86,222,124,65,1,14,43,167,93,215,159,25,154,128,69,21,77,2,72,179,229,139,197,32,160,153,99,67,210,66,217,125,51,243,64,38,230,50,8,77,8,55,6,252,140,66,124,133,218,103,82,196,184,71,248,127
202,58,172,128,41,180,34,185,93,215,251,2,238,88,247,126,187,6,149,50,215,61,77,153,17,130,208,62,73,214,36,52,66,235,16,144,157,211,61,10,179,96,118,185,188,158,81,191,116,50,190,43,84,87,254,155,133,194,102,122,207,74,217,112,127
86,231,185,23,144,25,219,167,64,41,8,222,33,215,72,96,79,67,116,105,164,239,80,105,23,66,126,211,34,76,110,68,16,210,175,87,107,13,125,245,116,169,31,25,234,107,126,247,38,204,13,232,37,23,174,13,124,149,167,161,178,204,5,168,127
238,83,18,223,106,26,29,202,12,29,6,197,125,83,129,101,185,246,68,165,254,173,80,124,70,196,144,67,31,248,27,133,46,34,68,116,42,186,223,79,72,81,202,8,28,79,199,177,144,162,169,203,113,83,29,228,29,233,25,199,36,133,172,112,127
118,251,129,209,108,181,90,92,172,108,112,200,175,166,58,8,169,54,165,60,103,28,79,136,184,227,159,102,82,199,56,118,146,244,121,242,113,6,95,130,117,153,179,178,253,71,31,168,147,60,184,84,75,200,164,108,230,147,239,72,71,246,66,247,127
215,48,10,64,142,95,16,235,128,228,164,191,182,116,127,146,247,117,212,144,245,99,6,91,58,201,212,60,67,18,16,155,119,60,124,120,200,180,107,24,193,219,89,40,68,180,98,39,85,102,104,46,56,146,225,28,109,26,67,231,31,163,168,13,127
100,216,126,198,120,235,32,56,7,196,3,252,248,142,132,238,186,175,176,202,139,73,1,63,14,168,150,243,211,66,252,247,177,20,7,132,231,25,137,199,187,174,138,84,189,56,127,57,209,52,64,120,47,130,184,8,192,219,235,128,136,194,115,230,127
242,162,200,127,18,103,101,169,79,37,39,197,246,156,181,218,167,144,172,23,217,195,214,155,54,55,253,6,33,123,112,141,158,6,194,5,93,103,139,83,137,42,35,236,131,224,111,11,118,103,130,124,104,109,10,107,70,25,152,87,216,21,180,49,127
26,117,179,161,249,119,46,99,163,171,79,12,201,28,205,72,92,79,25,2,168,178,205,68,226,92,15,224,127,85,205,249,176,60,211,140,171,113,146,196,19,7,148,16,74,148,174,33,206,64,224,236,77,51,60,220,89,82,223,83,253,140,150,164,127
83,254,192,197,120,55,17,108,91,101,37,145,72,62,156,234,251,196,85,107,201,115,26,38,230,53,146,116,40,56,62,147,160,10,91,135,22,8,237,235,16,44,130,76,50,124,186,94,225,58,73,130,81,163,75,59,66,197,203,219,215,100,5,134,127
114,1,17,151,177,135,105,213,214,116,9,81,149,147,219,65,78,150,183,90,225,133,109,250,192,234,32,4,61,26,102,228,220,133,22,84,25,87,136,237,193,229,188,175,183,122,22,251,20,64,186,197,179,197,187,168,253,143,187,98,73,185,21,84,127
19,194,141,232,171,99,118,193,239,122,79,248,135,93,189,26,217,46,233,231,231,76,236,86,217,214,253,36,108,66,136,6,161,246,160,51,251,200,193,16,230,66,149,247,68,49,78,214,118,99,76,224,17,213,113,103,152,197,128,184,91,130,254,84,127
114,128,32,59,139,18,170,30,246,63,12,58,1,56,216,113,35,224,62,85,222,239,223,191,162,5,163,105,67,53,178,249,254,59,9,218,78,248,2,222,56,99,47,174,20,36,235,194,104,72,117,220,80,78,148,44,185,52,241,80,99,116,142,235,127
34,45,242,153,4,168,185,39,16,179,51,56,246,253,112,224,88,107,61,108,124,137,176,244,136,144,144,29,175,186,102,159,36,6,224,204,222,148,121,41,62,81,170,78,128,202,131,41,56,84,40,60,211,183,197,172,110,191,76,231,73,38,165,100,127
159,247,103,33,250,238,112,246,47,37,14,69,82,188,27,21,151,139,219,238,58,248,17,81,194,204,235,41,176,62,142,18,194,122,119,179,144,139,77,228,209,138,183,194,113,139,31,27,123,224,30,6,41,27,45,28,240,194,29,132,163,71,229,47,127
149,221,40,182,71,239,154,235,209,75,96,73,203,58,75,128,161,237,227,87,174,254,79,81,115,41,34,4,136,252,52,232,79,215,51,1,89,0,254,247,26,133,5,170,79,10,2,42,45,73,0,238,19,86,83,133,254,8,213,199,166,33,175,7,127
9,9,49,90,244,187,177,233,115,35,121,232,17,190,95,234,15,153,3,19,239,182,122,220,155,239,143,204,120,34,51,59,247,57,228,150,198,183,209,32,30,0,88,93,135,130,43,181,228,190,197,131,17,112,54,234,190,77,77,219,144,23,188,133,127
13,214,85,225,253,1,96,244,25,174,237,241,16,22,53,117,131,80,57,89,240,31,140,210,171,41,126,115,176,35,90,79,238,46,202,111,125,56,29,96,5,121,185,174,166,93,22,25,10,104,39,95,25,180,208,124,200,220,186,45,70,91,190,46,127
2,217,67,115,191,180,232,102,110,183,210,99,163,151,149,146,156,85,212,38,243,120,194,98,209,207,54,130,140,94,81,89,82,27,128,219,72,99,122,225,228,71,146,104,94,39,50,123,119,175,242,128,191,245,146,201,171,54,119,102,102,118,2,79,127
140,206,49,1,212,96,90,10,84,233,127,146,200,79,89,163,101,80,184,122,201,246,125,73,88,221,49,170,31,219,72,218,155,152,85,188,45,211,188,140,246,92,5,238,63,195,51,24,41,127,142,29,13,161,204,23,69,151,152,120,58,85,171,120,127
153,32,56,138,117,148,3,208,41,55,57,183,70,135,234,149,101,239,210,149,190,202,225,131,77,40,36,208,165,54,86,225,251,69,80,32,66,157,238,18,231,115,107,173,48,10,141,240,26,134,79,131,226,116,40,210,223,183,194,64,65,49,230,234,127
101,29,50,101,222,235,116,64,198,242,96,193,164,45,253,157,235,38,222,20,88,155,196,32,53,143,132,201,54,38,243,103,193,250,253,227,155,7,73,245,138,129,120,75,153,183,57,249,236,33,152,15,165,97,202,43,13,22,110,169,189,92,166,141,127
218,75,207,69,216,121,116,116,51,157,236,170,94,165,131,236,197,30,57,201,41,79,41,249,152,223,141,115,28,124,209,109,111,199,162,253,229,31,11,93,232,27,122,153,19,92,197,126,38,15,184,6,34,154,142,107,0,253,211,64,132,241,200,46,127
10,140,50,89,85,120,171,53,126,16,174,109,106,72,244,181,196,238,59,167,6,200,7,54,7,121,228,87,187,144,5,232,81,116,2,235,132,162,25,149,154,172,36,74,18,55,64,112,245,23,31,233,79,77,156,6,146,237,197,223,145,244,240,105,127
175,251,230,1,201,36,107,75,122,203,196,43,111,232,189,2,203,85,110,25,58,128,205,30,81,131,35,207,147,160,76,238,224,121,112,34,219,27,56,114,139,82,142,134,37,124,3,236,230,202,251,115,53,233,89,18,137,194,93,16,54,144,178,81,127
222,150,217,72,32,22,95,249,79,78,246,242,66,201,157,44,87,34,32,249,172,74,163,217,52,174,123,197,95,75,45,147,72,126,184,72,190,217,105,81,164,224,68,174,150,61,34,77,196,41,201,125,207,176,38,112,26,250,99,245,169,205,156,15,127
14,244,117,122,189,67,83,140,145,131,93,195,159,227,228,130,110,195,42,49,36,228,34,39,139,94,222,54,146,75,254,60,62,145,195,67,196,147,73,29,171,19,253,218,220,241,147,24,114,127,99,253,81,189,127,10,165,92,198,45,108,85,239,185,127
111,47,180,16,236,90,235,215,237,75,44,217,248,245,170,158,199,1,73,30,170,245,71,69,11,182,88,19,95,122,135,107,17,137,127,184,244,156,144,38,159,71,6,3,179,55,235,145,10,155,227,205,219,218,78,5,115,36,225,81,186,157,134,239,127
232,133,47,29,18,81,68,94,186,81,162,186,189,215,183,102,234,15,155,2,160,48,68,153,232,13,68,45,91,232,86,168,3,90,159,228,186,231,31,101,217,189,167,207,45,57,209,65,77,253,0,50,141,88,39,5,2,22,141,15,243,178,17,37,127
184,103,7,57,22,164,185,191,51,205,166,226,16,189,243,179,191,122,136,145,138,133,190,253,185,9,204,118,232,25,118,15,224,247,111,155,107,125,193,59,193,196,87,122,231,130,36,116,21,211,62,1,173,174,163,72,141,175,227,91,13,126,66,116,127
118,108,12,144,140,95,152,233,173,143,190,246,240,131,152,215,29,229,211,43,8,24,1,85,152,223,55,221,178,181,107,161,202,248,138,140,82,199,165,66,35,231,115,114,214,120,102,251,12,156,86,56,212,161,233,234,250,21,70,189,227,162,112,208,127
111,172,165,80,158,21,234,150,144,220,182,205,144,156,188,252,230,153,62,249,123,188,5,244,74,15,230,243,46,189,252,30,5,195,68,169,161,108,137,212,170,100,28,32,187,184,200,84,170,193,177,175,84,68,141,60,52,53,82,235,139,185,145,99,127
214,1,172,64,231,167,196,99,88,10,58,144,74,79,190,84,59,150,25,23,166,41,67,167,67,248,148,147,103,225,167,23,244,67,171,14,1,254,197,79,8,121,116,58,80,16,89,171,101,214,173,126,49,103,157,48,108,85,251,167,111,116,145,171,127
114,70,180,96,18,95,106,90,108,141,54,69,242,97,132,228,209,26,33,6,52,50,12,235,170,200,223,37,189,79,232,63,108,165,59,35,247,210,9,216,232,148,215,104,119,74,48,145,109,137,138,177,46,67,125,210,178,148,238,12,195,34,60,15,127
17,178,206,254,88,139,182,25,4,214,28,115,224,103,86,190,119,139,119,240,134,241,238,17,12,140,250,168,95,207,230,58,196,237,130,193,125,112,93,88,80,192,142,240,68,108,44,144,125,145,3,175,60,33,218,242,211,246,71,31,235,15,250,222,127
92,29,29,96,127,217,92,209,67,169,113,67,173,114,173,55,52,116,51,229,250,252,29,120,174,245,93,242,178,61,227,216,3,178,143,53,77,21,17,133,91,14,251,185,19,102,125,202,177,167,58,53,38,219,90,110,137,76,166,153,207,250,22,124,127
205,6,240,45,247,71,169,228,41,118,193,166,241,241,251,53,231,110,218,25,101,124,235,87,117,130,146,227,4,19,3,86,219,69,16,129,176,14,89,228,152,72,200,254,77,92,238,211,194,194,84,98,166,216,59,153,67,57,99,40,224,89,170,190,127
184,53,177,26,85,208,160,136,197,177,81,9,131,217,150,240,72,75,205,182,71,45,206,100,87,28,145,29,13,33,224,22,31,38,97,89,41,64,20,238,91,111,142,141,19,167,209,62,248,190,203,116,147,217,127,131,27,146,234,190,4,224,188,132,127
111,97,157,142,201,92,38,227,168,207,34,52,191,200,156,82,162,67,60,153,74,140,9,104,37,34,232,124,67,138,2,115,181,64,190,100,202,72,246,197,207,141,212,171,114,224,250,155,161,190,204,88,127,36,113,223,193,69,224,156,234,95,59,117,127
168,66,185,55,11,248,63,55,14,5,120,154,250,210,211,76,251,223,228,65,231,144,84,92,176,43,20,160,117,185,139,222,155,19,231,59,37,41,139,34,102,237,248,117,143,230,86,116,12,31,21,4,82,23,132,24,139,28,216,72,217,122,125,164,127
73,213,56,189,236,152,225,117,54,48,3,37,204,182,25,90,110,97,60,131,83,181,197,5,157,83,158,224,45,41,59,230,195,227,20,150,118,11,103,229,85,189,49,25,4,181,37,14,55,23,130,61,149,48,116,38,185,170,95,241,181,195,60,62,127
52,118,152,75,154,71,49,210,86,92,55,105,88,190,34,50,246,166,33,183,80,208,100,229,223,246,1,90,162,157,66,75,98,115,153,73,47,143,135,231,202,111,223,58,227,190,88,72,36,228,142,245,26,28,32,174,91,149,94,17,208,4,59,214,127
207,139,243,149,37,115,154,116,137,18,33,34,133,110,200,106,119,53,136,231,85,196,192,69,93,73,114,177,220,132,198,176,141,102,153,12,62,76,123,154,215,23,37,244,249,112,233,9,187,168,220,203,62,15,110,48,90,62,85,222,186,178,219,74,127
30,106,249,3,135,97,152,66,73,18,49,119,102,114,244,71,179,228,218,141,226,161,14,141,212,214,72,144,31,40,78,26,80,217,93,3,119,16,45,1,206,112,40,58,153,235,113,120,231,209,241,27,68,160,41,88,152,131,143,65,33,5,107,196,127
32,51,67,117,148,85,8,60,113,239,160,167,31,55,106,84,44,175,213,198,85,68,35,40,73,216,189,225,250,0,163,208,192,94,76,158,152,180,32,175,191,185,150,199,186,83,174,249,102,99,108,247,123,81,71,166,102,106,20,220,137,149,107,210,127
212,167,11,195,27,7,104,122,54,145,163,2,147,133,94,73,164,124,210,96,64,28,158,107,251,2,170,232,78,205,176,7,115,239,105,76,206,18,52,230,162,40,204,64,149,120,160,122,227,150,139,223,105,96,43,236,196,221,2,105,140,205,168,7,127
48,86,102,167,71,208,131,216,40,138,241,65,200,240,242,42,158,187,70,61,78,28,38,128,99,102,88,16,90,153,200,187,183,38,208,198,64,123,60,100,95,97,126,82,111,175,110,206,109,1,99,226,201,134,36,64,239,113,97,123,184,153,134,162,127
43,21,84,103,222,76,85,60,60,219,90,83,77,160,51,96,174,247,134,107,137,44,242,107,118,221,182,178,136,130,211,107,43,241,173,158,104,248,185,56,159,21,79,191,136,84,32,142,72,73,190,84,91,133,15,36,109,195,207,222,21,176,195,17,127
232,129,38,208,111,115,132,184,87,177,26,44,38,192,203,44,204,52,174,247,75,5,205,11,110,145,190,107,113,229,145,97,96,44,80,32,179,78,254,48,244,69,70,83,17,124,172,131,209,26,22,120,141,127,250,179,68,165,224,26,75,62,206,44,127
205,182,160,150,91,205,162,34,109,222,212,148,234,132,138,4,134,43,170,244,143,182,161,33,202,26,93,89,145,204,34,137,226,29,38,55,26,79,198,124,172,178,80,223,245,31,83,17,188,216,130,56,0,0,58,221,204,127,246,143,190,189,76,101,127
14,14,201,211,133,229,234,87,165,221,104,23,208,1,182,112,100,43,1,135,205,86,157,32,144,147,34,209,132,142,19,158,66,52,76,163,205,67,58,173,69,30,249,56,166,215,115,194,231,186,102,232,126,76,18,116,66,58,87,219,172,73,173,19,127
104,51,54,53,234,15,165,100,51,206,24,228,81,38,66,80,189,31,166,19,136,189,65,192,51,105,69,171,162,116,237,16,193,229,119,138,10,50,189,42,154,26,213,212,49,73,242,152,22,141,51,52,193,183,6,164,24,125,51,171,127,18,147,38,127
1,60,242,20,73,238,224,43,239,137,38,11,28,38,10,60,153,113,93,19,250,153,87,16,40,249,23,29,229,32,42,48,42,251,10,199,48,202,189,160,62,244,28,132,143,201,79,187,207,177,154,84,41,89,192,217,191,104,163,147,18,117,40,33,127
58,215,215,140,244,218,85,96,190,237,137,123,24,177,113,234,163,32,169,220,85,132,88,197,176,138,85,32,203,115,223,204,34,20,165,46,192,119,5,178,190,20,118,100,72,18,62,113,183,92,238,39,46,234,83,120,155,40,247,101,78,59,87,90,127
43,28,66,227,105,21,26,88,247,227,89,239,0,53,167,179,243,30,165,254,14,10,90,165,8,186,167,125,59,32,100,51,21,251,242,101,205,40,63,94,199,53,103,75,37,239,104,239,232,156,22,185,249,28,243,250,185,156,35,149,84,115,59,198,127
108,108,78,180,222,102,219,204,209,221,17,109,74,177,119,46,130,132,89,54,176,57,170,163,208,145,232,62,205,164,74,156,22,233,94,164,45,34,160,48,38,115,162,47,53,102,79,228,104,114,99,53,156,35,4,171,174,108,206,132,91,14,137,144,127
81,136,123,209,30,208,185,163,45,196,84,213,202,226,101,65,179,117,239,138,186,93,211,44,62,200,38,159,32,201,237,3,173,174,5,129,210,30,161,50,88,158,185,64,154,174,121,89,125,227,137,57,249,68,144,129,192,155,233,232,73,190,194,136,127
59,86,89,8,22,50,4,173,160,46,72,140,184,231,233,24,254,127,87,141,10,8,79,17,6,186,42,9,184,146,79,119,142,139,79,152,51,46,217,217,92,11,157,113,105,87,106,148,3,210,92,22,26,239,97,109,70,160,2,79,253,65,95,30,127
204,197,234,156,77,106,154,155,208,36,181,51,38,158,231,8,159,115,34,75,216,92,211,50,112,113,157,66,84,5,199,132,205,115,117,119,104,187,129,184,69,146,130,151,152,250,16,223,211,192,154,179,177,246,247,105,173,35,249,233,79,105,35,213,127
46,70,178,187,142,98,246,53,230,0,141,103,154,63,81,35,234,211,68,27,106,65,225,161,196,246,132,123,132,133,192,210,171,216,91,70,80,167,229,158,66,141,81,34,234,245,21,214,69,44,18,131,110,177,228,32,82,241,235,12,156,121,252,87,127
74,223,5,252,118,156,177,73,166,150,38,113,244,68,23,42,198,191,155,27,151,186,23,15,206,111,246,155,45,198,205,244,68,112,161,150,120,248,191,5,116,73,225,183,199,45,186,69,86,215,146,142,122,12,142,61,109,217,241,102,82,1,34,199,127
130,95,109,94,71,19,254,73,7,23,45,115,126,173,206,136,27,221,73,172,63,191,225,153,48,115,158,1,199,217,236,22,155,248,157,80,97,45,74,69,48,81,120,118,61,247,94,207,236,230,220,79,125,43,28,35,74,22,128,170,150,104,239,21,127
160,69,87,21,93,155,164,80,217,116,134,186,155,165,77,127,219,147,28,10,39,252,164,8,181,41,237,177,121,14,95,129,7,183,117,222,63,148,123,196,136,4,71,127,126,112,210,115,119,214,28,43,195,145,125,151,205,61,111,108,89,110,27,52,127
233,93,20,42,41,15,45,128,239,182,124,243,114,148,150,208,252,55,80,210,125,221,1,207,64,214,194,166,34,89,157,231,80,250,229,78,147,7,12,139,243,141,206,222,180,67,132,240,230,220,126,149,146,166,84,172,204,71,24,237,233,254,1,68,127
91,160,133,92,26,121,220,236,195,214,187,186,225,191,8,171,115,223,5,49,131,151,119,10,61,114,171,215,208,167,203,28,52,126,248,181,168,209,181,219,69,67,3,95,132,161,239,109,102,227,83,155,41,95,3,105,154,165,65,83,28,147,247,104,127
92,241,119,251,200,249,216,126,62,191,202,167,176,74,155,30,48,47,49,143,85,119,165,213,134,54,112,166,23,164,225,183,177,251,80,207,132,131,175,138,193,218,34,123,76,87,188,237,26,9,230,18,156,127,5,95,188,210,49,74,230,31,58,194,127
149,114,206,74,82,174,85,46,154,193,183,133,86,168,220,17,3,191,76,7,158,110,72,185,37,83,85,243,84,2,138,34,148,168,36,253,52,219,117,87,166,154,65,126,208,126,233,213,208,223,102,167,119,193,44,63,133,195,237,28,95,202,156,132,127
115,100,101,127,35,123,129,56,68,198,83,101,102,1,88,204,118,40,108,132,107,58,47,178,120,11,117,47,193,18,109,210,248,81,112,96,148,248,98,122,188,148,236,98,195,230,36,217,245,247,117,66,118,145,219,32,108,189,157,163,115,51,254,120,127
170,171,76,55,198,139,46,138,184,199,99,234,219,250,78,158,212,105,165,75,34,31,119,249,27,90,69,41,185,199,252,75,120,146,45,129,104,248,250,84,107,143,69,244,194,124,32,172,142,106,70,6,62,117,205,157,51,188,93,195,135,205,151,198,127
136,82,191,152,75,71,96,25,53,172,69,211,78,41,25,218,147,44,108,72,200,240,83,4,36,95,132,35,251,173,241,245,134,3,224,25,162,55,183,189,124,177,83,156,111,242,219,127,249,15,172,5,126,182,180,230,21,34,160,165,15,48,226,180,127
251,142,70,112,168,239,48,73,96,94,230,176,20,135,38,57,135,242,82,212,212,27,31,202,103,89,78,54,215,36,94,27,52,204,32,165,225,251,123,90,182,224,134,132,8,192,221,177,38,83,90,47,150,235,0,194,28,217,180,158,158,17,167,51,127
50,88,194,163,171,207,112,119,94,221,168,236,127,176,62,176,205,119,58,187,229,79,233,194,75,63,226,12,140,158,247,128,92,237,59,129,242,136,88,12,104,155,248,218,212,39,71,254,9,37,184,180,160,87,211,25,138,127,48,20,121,126,197,152,127
238,74,97,35,55,125,164,96,160,165,190,82,133,46,51,4,11,16,148,125,140,226,152,141,233,174,148,82,123,159,124,155,193,66,37,154,144,111,164,133,119,111,0,132,102,172,33,252,101,79,89,167,77,71,0,193,219,113,76,54,14,181,76,161,127
51,161,167,153,62,151,52,195,186,167,241,133,24,177,138,127,227,55,215,242,226,197,56,193,114,23,188,145,64,28,9,156,126,42,74,206,249,2,113,19,105,65,107,158,195,13,178,139,149,231,85,35,98,33,58,183,90,95,240,227,174,165,181,212,127
182,52,61,20,136,228,69,12,85,32,6,41,162,91,147,68,0,150,12,212,175,26,218,229,201,121,213,17,105,109,74,34,3,203,4,144,197,80,121,136,222,76,228,239,183,223,152,230,146,249,181,147,89,38,125,134,118,210,170,219,0,147,128,103,127
192,229,127,196,179,15,224,166,183,170,144,40,24,22,48,211,30,26,132,63,125,212,102,237,128,137,165,87,173,162,13,37,73,204,4,47,97,57,90,214,211,81,7,111,157,62,226,86,227,127,97,110,96,131,194,6,215,53,149,211,184,201,25,19,127
146,121,23,239,133,199,167,77,67,18,136,161,105,56,194,115,228,180,132,117,69,30,122,244,142,73,34,162,150,31,46,45,14,181,68,106,32,179,28,175,117,172,101,193,6,236,108,37,201,136,168,6,1,144,222,12,119,50,35,192,176,232,37,50,127
68,165,97,96,75,154,57,160,127,110,118,236,187,72,44,6,40,193,176,84,56,151,34,50,237,188,180,62,34,102,69,155,135,88,90,64,179,45,204,37,242,142,165,2,4,7,78,93,164,45,35,219,57,235,87,209,130,153,39,122,131,144,94,122,127
178,150,144,254,94,41,72,83,27,192,67,41,78,62,176,4,240,153,119,1,35,90,145,159,201,51,117,245,40,148,168,107,101,244,15,109,190,61,111,95,188,108,203,34,252,30,14,186,177,66,218,198,222,70,210,15,113,48,25,98,87,194,239,67,127
215,24,46,124,240,90,16,54,174,231,167,55,70,217,160,142,160,161,39,17,217,2,206,6,244,184,238,133,9,97,180,59,251,241,205,76,76,163,145,140,220,173,72,160,190,193,46,15,43,118,250,222,86,23,180,218,227,119,29,154,251,234,77,253,127
44,47,254,25,146,81,143,207,230,179,60,227,250,148,191,145,197,241,137,17,44,13,170,87,144,59,88,53,248,22,111,52,131,250,207,86,3,251,126,63,75,127,21,82,209,132,145,169,196,80,46,9,108,199,40,39,155,244,230,113,204,204,99,2,127
92,134,119,104,131,84,78,127,25,225,251,88,126,171,212,121,171,197,9,43,114,141,59,10,24,207,28,213,229,188,145,200,73,61,112,157,80,160,146,182,199,98,17,202,55,230,113,212,26,74,168,103,70,17,210,92,207,234,231,136,19,79,220,251,127
174,214,4,202,172,126,68,74,174,185,124,205,99,160,106,168,182,92,146,177,57,36,204,161,199,162,123,113,23,133,199,247,121,249,118,199,128,227,223,30,32,0,149,49,51,195,201,178,74,227,142,148,165,44,91,176,53,185,59,46,190,10,215,4,127
77,221,165,221,63,204,82,84,239,177,156,83,245,31,93,99,247,129,21,229,174,193,152,53,236,160,97,42,175,89,152,33,92,4,208,173,146,53,55,49,235,223,200,92,148,9,172,46,26,177,150,155,156,162,138,200,221,182,9,27,171,161,5,208,127
60,191,240,165,158,132,7,228,89,81,228,131,79,206,82,126,59,84,92,242,214,121,209,25,132,177,41,81,212,184,154,206,100,124,197,247,234,51,57,55,182,173,150,8,228,76,141,156,253,156,230,138,203,110,202,248,43,190,99,121,108,184,71,83,127
179,205,44,69,0,85,182,142,127,146,151,188,6,62,82,252,127,132,129,134,236,189,68,35,45,136,136,76,12,35,82,254,189,128,101,80,213,46,76,241,27,195,56,23,189,196,219,151,165,219,54,20,72,44,55,37,62,45,148,213,207,231,239,102,127
236,63,39,208,170,234,226,22,97,94,201,221,174,210,61,250,158,229,170,81,224,9,78,189,197,237,102,130,196,176,185,209,199,109,226,66,39,101,31,125,27,150,74,122,21,207,207,172,152,31,166,232,21,254,22,52,192,236,230,63,179,194,139,0,127
195,181,185,31,177,35,192,235,15,185,91,94,184,48,17,70,95,208,21,169,40,6,14,121,41,106,243,134,37,216,144,245,212,248,28,43,38,42,64,217,40,105,116,190,73,70,91,102,101,173,210,42,57,146,167,198,173,172,73,68,234,51,122,44,127
64,156,14,247,57,154,40,174,172,83,204,154,146,242,128,146,236,30,241,231,131,41,244,23,71,132,169,151,112,115,30,45,225,161,64,140,5,38,175,194,16,88,58,234,169,221,55,112,240,88,19,185,159,149,20,29,63,54,72,53,164,146,249,94,127
110,69,67,37,207,0,176,46,34,187,134,12,70,107,19,198,153,158,70,17,246,70,86,3,55,192,221,183,198,53,245,204,171,85,112,183,236,103,192,163,32,48,151,148,149,214,43,217,3,165,70,202,252,154,138,31,61,207,217,177,246,35,133,133,127
187,237,46,252,195,196,185,11,188,232,233,206,205,74,240,130,110,22,5,219,28,251,183,239,144,90,69,60,29,175,139,153,145,118,165,214,201,148,61,9,212,153,17,69,166,54,73,220,29,37,122,108,172,225,174,200,48,172,112,164,35,15,128,147,127
133,178,152,228,219,172,72,247,165,58,19,237,116,114,81,194,199,243,202,231,131,186,45,37,86,135,179,74,176,170,94,75,61,7,60,87,253,202,129,251,205,251,80,111,70,107,158,196,240,202,124,75,125,177,148,241,152,189,28,91,75,19,79,81,127
61,71,156,185,208,128,182,238,252,174,127,37,178,122,27,185,82,183,7,46,239,175,36,109,234,39,199,216,59,119,229,62,213,50,92,209,62,227,56,219,97,166,18,144,11,207,82,77,7,158,154,139,57,165,74,220,169,63,82,156,230,196,110,141,127
165,218,84,50,36,166,174,46,230,22,207,180,90,8,240,58,64,215,137,86,162,113,203,235,227,217,3,211,172,2,123,176,88,141,83,50,73,116,42,220,220,199,57,37,129,194,173,168,81,177,49,124,86,11,54,143,94,54,13,59,73,1,226,237,127
227,99,208,121,14,133,83,26,121,69,181,124,237,12,100,207,178,197,122,203,41,217,144,241,1,1,215,88,176,143,7,240,156,189,75,22,15,130,223,106,18,22,120,250,43,120,133,72,198,115,13,18,24,142,218,218,208,118,169,209,110,138,94,226,127
166,106,250,212,84,139,225,200,118,211,202,97,34,77,229,157,222,232,18,224,40,252,3,139,100,8,140,249,242,160,170,156,209,211,195,66,22,105,203,206,159,155,240,46,233,230,4,74,189,127,68,40,91,131,216,47,48,202,178,26,186,174,250,127,127
235,48,209,201,53,237,1,51,59,24,151,32,20,228,11,113,103,238,119,61,215,95,129,167,125,236,160,20,103,58,18,26,93,108,207,63,100,211,229,34,42,107,134,127,68,58,51,76,228,28,18,195,190,241,198,167,69,65,223,211,103,10,157,27,127
101,57,36,254,153,25,199,75,120,38,226,74,151,44,122,161,34,72,239,185,53,44,61,208,122,165,252,144,192,32,199,117,233,242,225,106,31,210,139,110,49,139,78,172,247,122,221,52,68,234,142,164,123,170,2,72,209,83,27,8,13,96,15,41,127
114,140,239,194,116,152,143,80,247,58,226,88,173,179,249,50,138,196,234,206,29,98,22,30,43,48,91,156,55,225,62,167,85,194,35,232,157,57,238,220,88,92,100,56,212,103,227,133,199,144,248,164,237,185,20,106,35,237,233,131,134,238,100,149,127
220,41,138,241,181,108,57,116,102,206,28,143,133,36,134,233,88,25,195,137,113,145,240,120,46,204,45,234,223,101,160,40,210,221,78,40,163,74,82,228,11,30,148,137,100,213,204,252,60,64,208,138,190,207,54,42,46,15,90,130,68,123,40,66,127
88,230,144,126,235,53,114,80,31,128,154,209,191,105,213,2,131,221,14,143,206,129,181,70,62,14,158,240,251,174,186,120,174,130,111,15,222,76,213,169,142,186,62,35,206,79,85,196,141,245,177,174,172,80,198,28,190,91,147,29,191,36,249,130,127
101,57,221,40,240,76,13,56,161,146,69,113,86,225,117,45,130,64,94,45,193,134,168,252,81,134,111,250,124,98,123,34,251,108,236,165,188,208,61,136,116,10,74,20,175,215,215,102,160,128,81,75,147,186,149,8,156,246,152,137,137,146,62,198,127
100,170,16,96,75,7,62,169,190,159,190,2,234,13,231,12,252,173,125,174,211,25,247,135,12,58,60,15,187,198,178,172,161,78,215,64,49,78,29,136,133,121,175,137,191,12,217,24,171,133,44,112,23,155,207,196,234,30,117,197,174,118,173,221,127
226,166,236,93,20,165,163,218,32,172,50,214,220,144,194,53,126,219,235,25,65,32,173,79,63,118,167,94,62,124,139,42,165,48,91,1,13,189,214,119,144,103,230,214,217,232,196,52,10,21,130,217,165,227,189,16,156,92,208,8,90,197,127,53,127
114,26,126,141,151,174,140,45,197,72,18,139,20,107,26,203,85,2,123,213,251,38,47,8,91,150,7,197,25,204,226,207,28,157,101,94,251,47,251,175,220,37,93,71,23,216,207,152,123,107,245,98,60,59,66,41,40,66,139,19,113,224,208,172,127
204,238,78,192,153,165,25,107,37,193,112,45,154,249,108,24,63,234,242,224,159,246,53,30,109,155,62,66,0,139,116,8,101,232,153,52,80,252,164,132,127,135,219,132,137,37,192,145,148,25,224,210,183,41,97,153,171,184,33,177,246,110,86,178,127
175,91,150,239,19,182,147,96,201,110,103,33,224,104,15,59,62,147,215,23,25,108,237,189,59,55,152,128,105,22,24,223,27,210,232,226,55,204,1,43,156,153,157,157,236,30,58,245,240,105,155,148,25,130,125,138,242,175,220,1,3,1,4,204,127
186,174,11,203,16,154,36,87,234,13,53,90,126,35,159,32,252,219,142,120,38,194,43,233,171,124,57,182,232,238,241,125,73,41,184,78,16,220,48,116,131,151,51,56,31,99,31,55,7,36,104,43,252,146,94,199,216,156,61,188,136,15,35,161,127
104,20,119,88,236,178,152,77,43,15,157,17,248,47,220,73,186,175,174,166,193,160,80,188,238,241,197,177,113,119,171,119,213,29,24,190,43,114,38,171,7,103,182,60,73,233,44,196,236,157,77,222,161,15,138,72,117,30,108,232,149,69,137,3,127
2,17,146,149,53,248,62,118,12,13,138,65,94,147,73,214,54,40,171,50,151,63,193,36,80,39,35,156,63,80,203,208,75,216,114,170,123,74,35,228,111,96,42,129,37,190,66,157,234,169,226,22,68,204,88,204,31,124,42,119,75,217,193,170,127
250,170,41,108,6,106,209,196,102,238,223,180,45,144,77,84,196,82,199,224,42,24,84,248,200,28,129,74,196,210,163,3,202,98,61,40,122,84,5,106,12,6,183,40,220,94,180,34,49,101,160,200,137,145,54,127,252,217,20,29,162,76,102,15,127
97,214,111,158,96,91,212,123,48,185,45,159,207,33,32,176,78,248,146,251,191,16,165,250,233,171,84,235,251,233,22,57,155,126,104,21,201,223,15,245,146,72,148,141,73,128,86,28,81,247,27,91,83,130,148,94,213,182,74,209,134,123,118,33,127
164,166,46,11,197,228,70,80,197,232,87,100,105,223,26,2,121,128,114,92,200,201,25,13,27,136,156,178,205,7,100,79,28,223,67,167,245,153,10,24,221,226,249,164,163,164,253,247,243,237,219,62,226,141,3,29,185,213,48,79,178,223,0,237,127
8,147,194,136,190,190,154,159,82,11,153,230,118,17,60,168,116,180,219,254,176,116,20,193,42,193,100,177,128,245,154,177,171,78,182,150,45,251,78,220,174,85,176,205,14,4,35,207,74,138,120,133,72,154,86,249,86,153,189,223,190,46,226,232,127
140,45,242,31,136,98,172,222,212,128,128,55,215,44,101,221,187,242,196,65,28,172,24,192,60,111,179,68,141,187,77,132,224,242,163,252,100,63,86,144,100,182,204,114,253,41,183,63,97,60,227,124,90,63,205,57,92,192,253,33,115,118,40,237,127
133,110,135,242,226,34,66,177,254,194,221,167,79,59,45,85,7,213,221,57,28,189,20,172,87,31,123,76,114,177,216,214,109,235,20,43,225,16,71,200,194,4,151,3,199,139,59,150,172,2,121,76,144,141,4,191,25,41,149,173,145,118,115,130,127
235,169,211,124,26,167,124,8,118,188,173,12,247,10,108,207,113,236,196,159,237,23,231,219,35,110,215,6,45,17,35,157,242,36,205,96,232,189,149,196,190,203,118,38,226,73,110,95,110,74,4,37,138,187,229,127,228,157,234,214,149,130,177,53,127
212,217,13,141,69,40,95,241,26,208,127,246,20,27,140,226,78,202,210,41,226,8,163,105,20,139,145,151,229,39,198,113,116,209,163,35,41,197,74,179,17,97,153,101,36,18,195,130,152,20,169,70,109,247,153,170,159,153,23,219,61,36,115,239,127
41,84,161,197,52,230,11,26,177,196,28,131,208,175,190,239,44,214,119,198,117,133,129,216,215,99,216,139,59,154,82,6,252,145,240,13,231,93,34,146,46,245,254,172,252,0,85,216,59,216,158,8,193,31,202,70,164,192,228,86,156,133,183,104,127
162,206,227,252,199,85,143,176,217,195,56,49,214,168,11,10,200,201,214,222,26,140,93,137,251,201,144,217,90,213,187,197,131,190,72,6,44,0,158,190,208,123,55,141,151,181,2,118,164,1,165,82,160,243,218,95,110,132,42,16,143,224,175,106,127
224,61,98,118,162,185,59,163,234,129,204,252,168,45,185,250,33,77,16,146,133,170,44,100,107,119,90,71,32,167,13,93,189,64,144,30,44,121,25,253,200,102,107,241,232,194,211,155,123,122,41,115,14,130,41,119,246,74,21,210,87,159,233,168,127
209,68,247,175,53,178,18,80,16,49,31,233,230,65,140,133,186,8,204,141,246,182,82,49,12,97,119,62,192,37,38,96,218,45,116,138,221,2,173,116,198,118,137,145,72,83,191,115,32,211,68,85,96,8,10,109,112,243,205,217,156,159,38,91,127
28,222,4,18,133,73,11,10,27,17,37,99,115,173,12,53,187,36,14,143,55,103,65,53,5,110,146,69,245,59,38,93,90,244,76,253,253,96,84,189,253,219,217,247,105,28,109,42,64,252,168,202,104,27,222,193,170,97,198,140,234,27,5,128,127
250,75,101,223,40,77,115,85,56,5,46,7,246,100,118,40,81,145,138,113,237,98,117,52,80,4,20,129,168,176,199,133,249,222,165,45,166,98,64,118,53,152,245,136,130,40,170,92,42,153,80,26,36,49,182,199,143,52,113,201,248,190,202,138,127
147,56,237,249,172,90,125,244,102,205,206,139,90,111,122,229,11,239,60,194,54,35,97,16,221,208,239,240,240,132,6,165,181,49,58,203,59,120,240,41,28,190,179,123,105,147,55,36,189,41,9,208,69,185,17,151,226,23,242,5,218,172,16,141,127
207,188,127,167,66,171,181,163,167,78,68,239,224,209,179,52,37,197,19,48,33,153,211,129,35,131,55,120,54,219,158,243,143,8,28,140,35,129,176,227,246,90,113,122,154,97,63,246,177,195,115,234,146,5,244,159,54,52,213,80,203,169,197,230,127
137,76,140,40,132,180,38,56,253,191,166,166,229,28,178,160,60,228,13,132,94,235,126,66,20,172,210,89,181,74,227,214,86,142,60,160,114,252,102,137,147,209,17,156,202,241,100,45,253,217,230,83,240,36,197,242,60,94,165,248,37,89,93,242,127
160,84,171,217,51,21,124,226,106,1,98,150,249,80,145,43,76,42,29,209,61,160,203,93,84,32,241,195,35,127,115,239,15,117,47,126,230,182,152,195,224,84,182,210,178,42,174,246,109,39,201,228,233,231,169,23,127,144,224,238,219,198,178,117,127
222,95,136,67,98,70,241,40,20,230,145,98,83,144,251,164,241,175,119,141,56,189,44,16,101,237,61,151,126,227,31,3,189,156,8,189,123,163,19,48,247,103,252,199,169,54,139,200,5,222,154,227,201,101,69,166,107,219,117,168,114,102,2,104,127
143,229,254,0,73,239,34,216,110,162,21,140,188,154,247,221,230,87,191,115,96,146,188,226,97,237,193,2,197,228,78,251,138,246,103,39,218,48,58,75,250,17,148,138,5,15,119,81,41,75,177,85,140,167,85,148,127,79,56,219,245,191,52,232,127
204,233,38,10,51,178,43,89,2,114,89,97,248,67,199,108,104,175,21,57,250,17,119,49,201,113,80,162,91,178,176,96,186,144,233,81,239,195,131,182,182,220,228,184,162,181,11,76,53,31,127,157,85,69,148,129,40,121,115,68,75,253,11,112,127
217,39,155,38,158,118,34,78,206,108,6,93,205,80,15,174,147,74,18,84,122,198,249,178,244,75,153,119,156,30,219,219,18,236,47,107,212,62,190,151,139,26,151,160,226,127,102,163,57,231,175,14,174,147,212,220,204,111,96,252,44,58,192,67,127
202,17,196,66,89,46,28,44,13,101,39,244,81,57,57,105,216,180,125,105,172,240,204,60,189,166,8,235,216,245,105,251,17,118,42,81,84,93,111,251,127,234,202,49,122,134,246,247,206,101,236,58,135,135,22,88,229,216,120,86,144,204,7,195,127
194,4,34,192,122,98,214,193,25,75,225,129,76,82,136,157,142,99,209,92,104,249,27,239,126,5,125,97,80,170,8,185,16,202,66,21,62,153,25,13,121,145,115,24,27,136,29,125,117,99,30,179,33,28,185,40,175,109,115,74,192,15,160,104,127
116,5,7,8,75,111,42,73,22,17,64,118,254,45,56,99,235,189,15,126,226,159,254,88,212,250,188,74,155,10,158,243,7,188,123,76,203,24,204,184,19,47,112,50,0,211,109,150,174,44,158,208,41,178,243,140,235,203,214,121,109,190,71,169,127
150,204,148,133,154,178,217,247,230,155,213,66,241,160,42,39,25,94,23,102,145,129,49,224,215,108,33,103,127,213,76,118,48,132,211,126,1,174,159,11,29,14,214,129,47,166,246,11,23,101,217,161,174,230,127,206,241,13,144,238,145,223,229,88,127
159,18,195,179,42,136,43,213,59,34,228,73,204,206,182,34,123,136,165,162,215,108,229,220,197,123,57,95,100,128,84,47,220,107,200,5,123,2,241,194,240,123,155,16,169,96,207,166,245,186,152,241,64,12,94,1,164,111,211,172,159,160,0,120,127
104,222,70,239,216,71,225,176,148,78,110,237,224,243,149,137,112,56,136,122,170,11,217,127,71,22,214,10,22,242,109,152,239,118,147,237,150,205,49,27,218,58,15,199,200,107,189,148,200,16,142,34,123,23,253,175,72,143,43,98,98,153,51,36,127
24,211,102,69,47,67,234,195,74,119,24,202,102,42,155,76,219,232,22,80,93,137,175,229,154,87,16,151,237,154,202,47,124,184,195,25,61,36,245,156,178,154,14,176,163,229,24,5,141,75,175,137,239,191,122,182,7,10,129,246,68,126,232,93,127
174,121,79,203,112,110,7,10,127,102,110,245,167,170,166,122,222,228,126,95,71,175,228,189,101,254,113,93,158,200,87,150,20,139,107,18,140,200,52,67,40,120,181,114,31,77,14,116,42,207,178,232,140,33,212,20,137,200,241,231,246,173,120,246,127
165,103,214,90,60,207,247,228,121,116,57,35,162,249,74,10,228,253,18,92,17,152,182,102,57,39,71,187,116,95,236,27,189,112,246,39,216,190,117,30,140,72,52,202,10,204,5,46,5,101,93,108,43,128,99,86,249,201,209,113,166,200,84,193,127
117,55,160,230,170,180,154,53,142,204,37,69,159,57,43,67,222,52,18,129,244,98,133,218,248,136,74,174,161,202,229,251,4,134,103,30,37,167,215,208,5,84,5,15,124,34,82,187,205,141,15,205,104,17,204,74,2,92,228,244,153,238,220,193,127
7,187,35,81,145,162,103,209,166,155,198,56,30,168,163,127,203,30,125,73,17,218,128,96,107,125,48,243,6,213,66,205,183,91,250,37,37,87,13,52,62,217,151,67,40,38,49,199,177,242,18,176,172,129,90,242,180,151,61,55,55,168,185,247,127
237,196,237,207,111,146,0,204,142,70,33,83,197,217,252,24,186,81,239,236,122,5,150,210,43,203,63,24,52,252,132,3,53,96,137,228,160,200,154,16,77,57,34,21,110,220,245,90,168,223,166,5,43,188,162,167,12,209,217,64,93,94,167,253,127
167,186,159,212,185,21,84,154,7,236,78,11,248,148,150,142,97,91,188,169,130,169,46,218,211,146,186,188,144,251,184,120,127,254,106,196,50,6,235,38,241,147,242,57,152,117,39,117,193,121,165,84,129,91,25,138,87,153,3,109,115,11,215,253,127
64,47,15,183,234,64,79,118,96,208,145,168,105,31,3,35,247,152,22,96,122,221,3,85,126,6,204,48,228,84,49,240,74,118,246,89,46,193,9,160,14,152,11,55,141,206,94,91,125,173,112,247,241,68,2,92,22,207,20,139,192,131,85,96,127
246,175,164,101,3,65,123,229,177,237,109,120,55,177,238,122,210,50,2,181,127,44,121,167,119,110,195,156,43,196,125,31,4,237,250,160,150,48,55,96,229,238,212,200,158,10,89,76,194,74,230,57,166,235,183,112,60,145,33,121,23,48,117,96,127
49,179,59,146,196,15,57,45,184,47,234,148,176,231,209,49,244,189,57,211,101,9,251,134,164,214,61,159,116,69,37,34,102,171,58,126,222,132,35,108,91,24,234,70,178,241,251,99,36,147,93,173,10,133,69,56,239,120,5,95,75,17,173,11,127
123,212,67,196,171,162,38,24,70,29,96,144,152,197,71,244,187,224,164,227,251,178,122,96,217,131,72,9,140,57,70,31,83,211,64,95,48,155,91,35,115,239,127,47,115,12,79,163,101,229,55,251,137,84,241,112,198,2,200,149,95,110,178,187,127
148,205,30,47,185,160,158,10,24,22,206,145,70,160,230,37,88,67,154,69,207,240,123,8,125,163,37,150,172,52,46,50,93,220,97,185,210,227,152,190,243,98,21,108,2,138,21,24,196,182,196,17,21,32,252,20,85,241,102,147,159,117,16,204,127
100,162,17,98,97,3,216,174,118,125,233,123,91,142,145,51,111,209,178,187,127,174,197,218,111,115,32,187,91,64,107,43,187,172,51,215,202,134,64,22,242,111,1,19,145,175,104,56,9,120,169,186,91,88,185,241,6,3,139,186,186,203,211,148,127
79,126,206,229,149,160,76,106,195,157,10,16,223,241,81,152,57,1,43,8,211,252,249,149,39,213,237,66,76,187,177,88,160,61,111,104,104,173,115,177,209,87,120,187,51,91,27,172,234,213,217,63,179,95,119,16,72,161,241,181,120,137,41,55,127
66,251,170,57,31,77,207,95,167,183,70,42,237,218,134,239,119,150,137,62,229,23,218,177,113,39,190,71,97,122,189,243,171,112,70,215,138,110,90,179,138,185,197,181,143,85,98,68,143,104,148,183,43,12,33,83,78,205,245,226,179,42,182,166,127
201,63,209,217,195,39,123,110,237,102,26,177,242,45,127,25,12,164,188,63,22,17,58,144,206,220,148,177,244,61,115,68,195,251,173,70,205,189,229,35,55,45,46,23,217,235,106,60,170,23,116,238,24,181,49,7,139,212,188,79,236,188,86,176,127
123,147,123,18,47,59,35,140,107,196,245,180,84,231,173,190,60,42,9,79,12,133,230,66,42,246,150,121,117,26,154,124,22,86,120,4,160,209,238,58,44,226,192,172,6,73,24,221,144,25,139,249,95,159,232,225,113,243,125,42,186,3,175,1,127
150,10,74,141,211,84,18,211,5,192,73,31,122,148,14,141,73,171,164,206,253,47,136,240,96,29,251,224,16,207,53,9,108,203,90,34,237,139,169,228,10,152,122,223,119,141,125,137,201,3,126,141,204,8,129,8,222,121,139,137,203,115,64,71,127
235,0,36,180,1,247,50,125,201,105,96,100,148,53,222,26,45,87,159,5,109,221,87,58,148,148,47,104,232,93,164,242,231,150,194,136,192,157,55,63,104,44,124,235,38,167,11,33,43,104,210,98,219,171,21,7,43,65,162,156,140,12,4,114,127
39,43,97,132,101,11,8,155,141,172,194,232,149,78,228,64,236,229,186,177,219,79,45,110,67,62,239,112,82,14,191,63,109,28,129,21,40,124,126,29,22,139,133,90,7,152,210,178,26,15,250,95,73,9,76,62,211,132,58,26,251,111,222,190,127
109,245,143,198,215,126,174,53,3,154,204,117,89,14,85,71,183,121,141,84,21,202,111,118,115,91,149,220,189,178,187,188,24,30,36,152,122,104,89,163,147,170,25,12,242,134,31,58,189,158,193,197,212,69,87,123,115,117,124,167,46,195,236,182,127
34,134,30,138,80,24,203,54,235,135,45,114,248,91,171,70,33,1,102,225,246,252,228,46,236,131,214,109,234,251,194,11,11,22,202,148,60,137,127,65,2,233,90,220,127,55,59,87,87,231,36,77,216,78,90,26,207,215,202,19,161,27,100,17,127
95,88,211,104,28,93,139,38,133,224,113,86,48,221,141,244,158,137,194,91,210,183,124,39,8,223,16,66,92,167,252,151,58,121,188,163,129,76,156,231,187,182,51,92,117,57,209,202,95,33,247,147,239,230,197,224,243,184,108,194,68,20,79,74,127
54,84,125,75,185,181,191,184,25,27,89,217,3,75,126,200,98,171,38,158,192,8,67,181,127,173,100,16,47,138,171,149,56,71,67,5,27,27,159,98,8,6,225,157,83,91,43,218,125,90,93,109,224,76,61,41,43,209,12,82,209,196,173,219,127
155,120,213,67,132,222,221,25,122,244,107,224,213,105,8,236,200,202,26,99,199,22,91,79,221,203,136,145,240,171,138,232,196,127,188,71,227,121,173,167,192,113,26,137,119,203,233,41,93,42,51,89,200,129,223,117,248,109,40,38,132,10,157,226,127
130,108,180,177,118,201,24,144,85,164,7,23,45,66,62,187,212,20,231,147,131,245,82,49,204,218,39,134,101,129,199,71,135,215,222,194,193,22,33,249,28,248,180,94,3,126,215,45,35,50,53,120,118,19,172,141,13,46,239,206,103,233,139,41,127
191,20,172,31,92,34,172,159,42,43,176,228,95,12,75,244,241,197,141,223,134,169,71,205,185,243,232,91,23,249,68,248,194,224,24,229,155,223,211,22,76,205,199,14,91,134,60,166,74,7,51,193,19,215,65,250,137,1,70,2,166,73,249,37,127
206,169,208,155,218,115,60,47,223,233,42,65,215,221,222,104,16,104,70,88,231,9,122,121,65,186,18,162,151,114,249,248,106,218,86,70,182,46,197,191,24,77,170,157,15,190,69,143,10,35,169,132,65,49,93,231,29,8,4,122,246,183,247,80,127
45,66,44,47,179,155,142,51,178,40,137,170,140,140,71,179,3,148,195,162,135,79,103,207,225,120,227,188,207,148,193,251,193,204,221,106,47,210,0,96,13,162,150,83,171,77,100,199,95,13,248,141,1,218,193,78,170,64,225,161,118,202,2,134,127
224,122,147,91,154,65,104,216,74,221,31,119,202,152,132,166,47,67,6,127,126,199,99,33,155,0,190,61,146,225,214,19,101,253,250,210,55,239,188,202,4,26,54,174,109,43,246,46,116,198,89,216,68,235,96,155,178,184,230,139,137,164,243,7,127
154,106,69,141,98,239,33,144,40,56,20,53,28,60,199,201,98,215,184,14,47,48,31,233,168,28,43,148,90,1,63,159,200,199,45,211,73,190,19,156,246,14,71,206,63,152,38,132,77,86,40,190,185,70,66,159,181,139,14,1,46,60,84,17,127
178,209,47,212,7,244,136,55,112,90,202,2,146,245,63,74,153,38,2,200,135,114,204,166,144,236,0,109,80,20,5,31,18,223,180,41,226,147,31,33,53,96,176,143,169,44,253,237,251,82,67,140,71,197,184,207,182,129,238,101,9,41,174,194,127
190,144,85,165,240,44,149,50,71,104,226,53,224,250,147,16,195,227,26,61,112,13,237,211,45,192,122,240,170,97,201,240,232,190,39,42,196,79,150,197,209,106,194,75,184,184,90,68,66,207,207,86,48,4,41,155,200,21,105,232,8,75,133,252,127
208,10,145,15,194,116,171,225,40,193,53,237,223,32,140,120,72,221,227,39,247,184,75,82,15,85,6,216,138,22,16,130,239,198,66,140,49,135,38,121,157,224,29,43,186,71,196,17,55,66,163,83,80,184,153,17,55,6,58,10,11,190,190,20,127
212,250,76,147,45,118,180,54,10,174,40,192,25,194,108,91,54,149,111,107,7,156,172,220,74,66,14,143,213,253,198,218,164,37,141,32,70,171,156,121,122,183,112,230,83,18,200,196,32,64,251,234,240,231,81,151,157,221,12,218,28,246,78,92,127
12,3,102,49,119,196,24,196,2,60,26,144,187,62,156,121,176,239,132,246,155,32,72,43,227,93,232,19,96,114,92,224,85,55,127,233,78,33,216,127,118,39,122,151,163,37,56,142,180,92,218,0,87,247,193,234,241,116,227,173,78,171,253,162,127
0,210,204,67,194,115,154,148,60,181,243,2,237,197,189,8,136,64,197,193,149,16,195,106,151,26,132,94,229,78,49,187,11,220,50,236,223,95,64,253,192,124,109,23,59,37,138,160,32,195,3,170,159,251,229,92,242,117,132,150,172,6,218,201,127
224,225,209,53,90,252,176,189,202,77,187,155,207,228,63,46,108,61,176,94,58,195,38,172,56,115,117,208,214,66,189,210,60,44,192,111,194,7,76,101,199,217,138,225,121,172,41,30,212,199,152,127,5,143,152,70,73,107,189,109,106,56,151,149,127
100,57,155,165,253,98,61,253,188,128,26,122,202,115,217,248,16,136,77,86,37,246,70,86,67,136,153,144,214,204,102,123,23,127,144,224,3,174,190,207,241,150,76,217,189,76,186,98,40,64,134,114,190,27,42,125,227,195,74,32,156,89,22,76,127
24,104,83,128,92,53,199,97,118,145,168,127,233,118,21,108,200,191,197,202,153,181,128,30,239,20,241,107,215,18,11,22,126,45,198,26,105,34,222,105,59,54,193,101,80,247,133,36,14,82,28,111,192,59,210,224,1,25,48,153,29,109,86,89,127
215,171,21,66,254,42,175,168,118,214,19,50,91,21,24,117,191,248,221,92,123,199,52,196,18,37,181,91,236,197,116,60,130,180,153,210,104,217,23,94,117,42,5,208,234,238,205,107,56,59,115,79,65,93,80,1,49,153,235,138,41,160,206,36,127
34,200,113,7,177,238,239,145,232,88,209,209,170,53,183,244,205,2,197,240,112,109,143,210,161,8,20,20,72,117,35,24,180,190,184,122,43,87,39,170,56,128,32,126,37,142,12,254,162,238,164,253,194,32,153,4,51,161,223,170,172,201,66,148,127
235,236,241,60,67,107,95,104,152,157,91,171,229,112,89,86,60,85,234,12,163,94,70,212,20,188,174,201,119,52,0,84,35,155,91,192,86,52,202,5,58,3,6,87,19,13,13,226,69,227,54,55,206,246,153,26,237,38,36,147,13,154,104,76,127
123,64,122,103,143,156,10,166,49,250,165,171,111,26,213,147,40,144,67,215,103,17,162,58,101,99,59,154,17,9,74,36,18,56,168,60,122,175,92,228,86,175,201,23,244,224,146,234,125,80,115,233,219,165,46,171,37,166,205,195,181,226,221,29,127
41,227,74,51,106,43,235,243,183,59,47,145,182,63,205,227,137,22,89,3,150,72,248,55,181,1,213,220,29,212,168,140,30,94,29,122,19,190,245,184,133,138,139,129,104,30,32,115,162,112,146,83,216,187,126,226,95,55,47,99,200,143,211,11,127
163,144,236,201,43,223,66,32,170,66,142,15,131,111,12,227,124,49,73,115,195,9,17,28,235,54,200,93,53,26,197,166,239,237,245,86,199,214,191,94,114,182,210,206,91,203,24,175,153,41,164,22,179,115,51,184,135,86,191,217,154,203,157,167,127
144,63,166,155,115,190,213,65,219,253,251,32,162,98,165,163,224,50,68,41,128,209,163,240,161,124,1,171,240,114,213,177,104,185,133,147,44,170,103,140,27,11,103,187,242,47,59,251,131,126,53,245,194,162,167,79,73,187,14,207,126,96,95,19,127
38,200,101,205,132,195,15,210,149,200,51,102,47,142,165,197,184,67,161,27,215,35,121,35,168,170,72,250,162,129,22,186,187,38,123,106,152,147,29,133,108,83,181,30,36,88,37,18,168,15,33,121,238,132,57,205,109,86,136,227,18,203,82,176,127
22,254,128,225,51,168,4,49,188,47,57,105,124,161,42,239,7,107,163,103,211,23,64,88,22,202,237,42,112,142,194,175,136,152,16,212,26,241,253,5,72,92,221,247,38,32,84,205,3,108,138,103,49,227,5,56,11,98,73,249,89,220,156,235,127
44,40,220,49,89,34,180,204,160,167,84,128,42,92,2,197,214,248,49,53,151,219,237,94,45,177,153,29,171,136,28,66,100,10,4,15,207,176,183,11,203,34,151,238,163,174,246,228,80,77,38,192,233,157,169,4,13,92,6,190,160,106,124,153,127
59,62,54,190,27,84,106,69,161,74,64,188,230,117,10,231,203,231,54,41,207,125,31,80,162,232,69,233,6,187,90,62,217,82,46,196,77,6,246,168,154,240,31,32,193,64,214,218,170,190,154,126,113,81,202,226,22,21,226,93,61,103,236,168,127
124,88,195,219,106,161,235,185,74,63,112,44,12,34,85,197,70,142,73,219,226,156,94,164,125,148,181,253,121,49,72,224,207,212,5,193,84,33,102,125,181,173,72,83,189,39,124,246,135,104,197,102,17,138,217,128,2,77,59,68,32,200,6,68,127
231,59,148,196,8,47,192,122,239,62,139,87,230,42,230,136,114,250,208,30,86,169,162,92,150,68,104,242,212,140,189,38,85,17,45,162,137,120,68,203,222,245,117,172,116,174,169,132,101,16,104,117,134,230,240,82,157,90,4,212,116,163,67,96,127
170,44,49,171,37,58,235,125,134,145,11,44,54,194,34,126,32,148,64,34,61,218,170,1,99,130,114,89,136,60,133,130,36,226,15,37,56,56,102,16,182,208,176,251,243,141,28,102,69,187,194,241,229,39,245,49,80,116,223,85,106,38,239,118,127
135,187,38,104,38,187,175,32,130,231,79,156,189,4,234,109,161,64,189,72,159,163,187,185,88,191,113,9,142,186,230,28,40,152,16,56,112,183,253,240,166,161,127,165,146,139,113,166,9,242,239,107,51,42,89,122,50,123,28,136,5,130,95,168,127
55,37,34,247,134,53,198,161,225,138,219,33,149,243,41,74,2,203,61,189,169,98,191,54,214,130,147,124,9,30,27,147,58,142,80,160,161,93,249,137,11,220,108,56,179,187,11,150,68,187,227,145,241,121,160,144,102,242,127,185,10,231,38,19,127
5,71,99,102,66,251,67,12,96,120,52,5,44,136,96,134,161,116,150,31,245,126,159,155,146,173,144,125,134,17,78,168,251,141,233,189,143,103,109,144,10,199,187,104,203,6,69,22,125,37,120,42,1,206,250,204,190,221,250,198,153,107,239,58,127
160,178,52,234,192,100,49,251,154,188,155,143,188,89,126,102,38,112,32,191,86,8,9,36,199,225,161,118,30,233,92,37,102,17,16,247,101,252,217,29,8,170,65,51,165,193,123,74,231,4,57,8,22,120,137,162,248,11,198,222,134,190,187,130,127
7,148,55,229,3,173,12,74,178,104,181,109,250,214,161,157,45,74,18,73,218,110,67,11,99,132,45,66,61,13,33,89,188,183,128,60,222,197,104,249,121,1,13,222,174,207,177,150,105,53,219,177,193,227,164,126,234,173,152,66,228,71,60,171,127
224,165,11,134,31,142,224,172,130,209,156,28,227,8,69,222,224,231,146,165,103,13,233,225,131,215,214,74,41,95,152,158,50,207,10,33,40,92,141,220,128,161,219,3,104,230,226,34,243,92,30,110,135,102,217,56,232,197,183,231,104,35,252,234,127
64,100,203,17,116,48,4,24,164,185,236,79,254,225,206,234,7,125,89,144,136,49,254,36,138,26,160,27,79,157,182,11,119,67,126,118,127,93,160,223,97,133,71,234,58,144,113,106,202,50,163,1,214,1,3,242,174,130,122,89,123,103,254,235,127
157,172,12,7,134,160,152,143,115,34,229,42,131,138,116,130,72,16,46,38,201,237,4,211,252,138,202,32,37,196,103,199,6,146,143,251,183,3,188,211,184,155,112,104,2,157,167,152,55,35,170,94,117,19,112,44,57,10,54,51,236,48,216,153,127
131,109,161,248,84,50,56,201,204,134,130,50,220,234,193,110,209,234,236,36,67,90,79,12,105,94,247,119,223,190,10,27,3,221,111,144,32,136,135,179,38,126,181,147,9,238,164,96,148,102,136,183,21,122,169,70,157,190,31,27,193,72,115,78,127
21,241,103,84,55,9,229,240,50,230,12,132,52,212,136,59,230,165,197,12,109,172,106,39,250,204,76,152,175,75,201,179,251,46,55,120,125,122,167,68,100,132,108,108,71,103,181,80,176,195,127,142,25,16,116,206,11,173,117,243,58,61,174,151,127
49,129,125,86,30,152,169,47,241,74,103,205,221,227,61,70,110,15,125,112,17,181,74,6,71,103,78,230,45,33,87,55,207,183,21,5,97,213,190,165,147,122,121,232,172,139,11,162,11,28,6,175,165,243,166,214,104,93,198,203,55,112,47,45,127
154,222,197,137,125,69,139,102,214,112,18,17,84,54,237,148,40,170,125,150,71,167,196,185,86,211,59,46,120,122,16,32,195,80,17,54,253,160,24,136,10,172,158,97,215,221,239,115,81,23,194,230,179,155,240,18,194,85,125,30,228,57,41,78,127
149,194,56,43,35,62,129,19,241,2,33,238,212,117,249,18,234,107,66,154,199,251,229,225,224,98,163,235,187,12,174,105,113,178,238,122,109,172,183,23,140,71,147,163,149,242,243,50,18,229,207,36,82,93,21,109,157,94,38,5,221,218,167,81,127
65,202,161,147,18,62,17,177,96,74,113,82,213,5,104,212,75,87,23,147,4,53,17,229,29,79,5,183,187,161,124,20,225,15,191,63,87,13,88,149,86,231,25,41,249,118,176,19,86,92,236,152,10,116,202,221,232,38,115,156,246,205,199,110,127
135,43,4,108,56,36,24,49,76,110,158,79,45,236,63,118,120,40,227,132,163,139,100,35,27,90,164,34,63,88,65,142,14,214,103,7,231,166,37,34,179,116,165,132,27,130,116,237,23,65,60,118,207,72,179,172,215,131,54,63,124,160,90,235,127
28,187,138,168,48,120,148,83,130,128,10,71,59,245,242,197,195,63,233,124,207,53,24,49,171,113,239,162,111,104,205,84,152,88,207,131,250,131,96,194,197,89,147,62,114,190,217,178,149,118,213,187,75,131,22,222,72,20,18,210,163,121,159,124,127
194,135,23,62,150,189,169,39,142,51,103,99,35,133,242,231,175,122,184,49,239,76,119,176,134,97,132,240,221,32,93,147,213,239,246,140,165,201,49,16,216,154,112,222,180,12,167,208,23,136,112,138,165,192,252,197,105,205,82,235,71,125,164,180,127
60,106,165,29,209,163,244,34,203,104,166,196,202,221,106,82,150,184,149,221,48,200,251,91,108,228,166,95,84,197,135,243,177,120,216,107,43,247,236,9,247,10,196,34,199,147,249,135,68,166,199,44,93,56,233,112,20,238,136,82,224,148,66,64,127
191,36,69,86,175,163,20,116,56,252,127,7,154,164,149,179,173,6,21,131,237,252,12,170,173,84,117,95,198,225,47,251,77,74,238,192,9,216,225,243,252,26,52,137,137,238,50,188,96,158,31,196,43,77,105,157,72,221,155,6,39,130,69,121,127
30,241,224,210,185,254,170,66,118,15,163,143,162,227,159,154,86,60,157,31,113,92,210,108,209,237,218,121,72,200,174,116,72,64,93,241,34,4,88,66,135,159,145,233,97,124,74,102,226,182,151,86,53,85,97,44,74,200,252,98,168,220,102,15,127
193,167,191,195,243,136,229,247,234,202,51,17,129,170,146,187,226,32,12,6,229,169,217,107,136,201,243,24,161,115,150,202,91,98,250,25,56,226,226,125,73,83,69,90,3,59,243,249,203,44,183,74,233,241,81,254,109,223,45,29,223,26,103,215,127
221,40,161,194,108,22,24,52,99,82,19,167,42,77,141,252,116,142,62,249,149,173,232,99,97,246,185,24,3,1,232,19,28,171,88,242,75,139,161,136,56,174,155,195,222,87,201,112,147,203,155,143,91,68,104,81,76,253,207,105,25,232,78,218,127
192,37,12,8,92,239,41,235,212,44,33,154,29,3,54,233,25,205,65,114,156,180,76,171,32,177,201,146,34,158,203,4,189,21,93,118,152,45,209,199,60,226,11,174,198,109,86,132,113,16,142,123,39,188,205,4,123,236,2,77,103,66,25,194,127
226,167,244,252,141,44,234,128,9,127,214,2,48,97,125,74,133,96,149,138,148,179,55,1,171,78,116,195,30,18,144,253,92,158,174,95,216,54,31,204,112,48,100,136,189,134,116,95,7,150,97,120,12,148,150,219,77,137,139,68,0,239,43,50,127
241,86,244,236,161,178,166,8,169,185,83,139,39,23,112,127,96,223,86,222,139,129,214,59,242,115,169,193,39,228,170,73,128,44,202,40,22,96,115,138,97,50,212,169,123,103,34,57,74,89,181,94,134,149,227,94,53,179,33,36,185,59,46,248,127
217,156,61,38,59,205,87,185,16,83,91,139,28,24,180,252,8,150,25,233,202,147,190,13,133,150,122,181,132,33,162,206,242,120,153,246,178,40,93,89,147,128,87,32,97,94,226,44,247,34,73,110,195,11,171,117,137,10,216,60,34,157,40,75,127
135,172,129,38,135,229,121,236,213,196,134,89,163,246,26,57,26,221,51,65,122,165,79,231,38,228,85,160,169,194,105,131,206,61,188,142,196,224,77,48,133,66,214,49,145,202,121,64,163,62,178,7,36,157,38,21,19,167,189,22,132,174,55,203,127
224,5,247,37,44,206,114,213,196,81,182,213,232,214,114,134,100,46,32,218,207,58,173,237,92,103,48,170,155,210,160,4,214,176,206,169,184,175,159,47,19,3,173,135,202,199,21,56,116,174,104,168,32,128,63,188,204,87,228,90,169,14,84,234,127
102,108,130,99,206,33,246,202,228,228,35,226,126,211,235,6,175,204,248,221,135,136,161,233,143,75,237,216,85,17,133,131,21,145,97,212,43,71,195,194,46,100,36,95,103,115,49,17,41,184,16,249,136,218,216,30,213,23,229,137,36,73,95,85,127
154,231,167,26,4,67,90,138,121,169,233,146,79,78,142,85,92,59,207,157,71,33,144,140,59,131,102,207,25,112,55,189,121,10,206,213,232,7,175,175,73,85,216,29,37,18,243,104,209,46,147,137,191,120,123,17,249,197,207,241,196,30,94,6,127
169,208,105,224,181,199,41,78,4,59,106,170,221,148,44,237,231,42,38,184,244,105,193,246,29,206,34,47,150,171,55,162,77,39,236,57,167,1,135,195,18,57,204,185,247,50,61,38,211,31,65,155,80,65,90,67,204,149,120,96,181,213,144,108,127
178,227,222,6,147,245,43,73,192,53,47,75,38,43,73,172,144,36,18,157,116,223,36,215,86,83,116,125,104,29,223,230,226,21,117,24,70,149,41,125,182,129,169,148,72,227,146,97,107,186,127,183,6,170,190,198,218,82,41,235,251,118,177,127,127
45,108,113,29,93,152,131,94,105,35,86,84,197,246,23,94,163,110,97,252,232,141,160,173,155,72,166,235,92,80,210,66,121,25,146,92,241,139,158,145,80,201,146,204,234,199,208,43,38,92,48,63,175,231,183,2,27,6,70,16,163,72,69,48,127
152,226,66,104,69,173,209,84,105,174,211,124,232,154,1,225,244,34,162,195,157,119,181,78,114,36,125,9,159,241,102,199,77,126,51,102,146,233,191,100,72,110,107,14,134,174,60,218,174,3,3,38,47,245,147,186,26,54,144,114,123,57,122,58,127
81,86,168,52,219,35,44,142,144,66,103,34,218,207,144,127,84,69,166,72,187,119,253,54,232,130,73,165,13,215,2,120,237,164,33,107,125,252,196,22,137,30,1,66,127,201,170,131,204,139,137,245,86,138,244,55,97,185,220,43,244,3,66,81,127
193,173,156,225,163,204,34,128,193,38,91,222,50,197,45,51,56,136,27,206,222,246,39,138,79,170,220,168,90,31,160,236,198,18,127,202,201,183,225,79,47,80,42,45,233,118,103,110,180,4,130,45,221,127,191,58,186,30,229,172,3,100,117,67,127
114,77,102,145,99,59,25,128,82,250,19,12,246,237,122,202,68,142,56,106,171,51,24,71,173,83,116,162,72,182,31,250,126,116,206,67,217,119,212,84,4,93,184,100,64,100,198,71,29,126,132,237,34,105,102,153,250,0,62,149,91,45,224,206,127
118,25,74,2,97,244,114,132,61,32,28,248,35,197,107,23,104,39,212,239,141,81,48,186,142,208,181,220,151,121,13,195,114,73,55,97,170,25,143,178,156,90,55,163,126,27,204,49,213,35,96,140,254,39,147,149,110,48,205,207,209,131,91,185,127
200,95,37,23,126,8,40,199,139,239,148,196,227,128,235,205,5,140,83,96,206,168,148,38,153,48,43,93,87,43,81,159,51,50,101,105,179,178,111,62,45,5,110,40,237,104,131,0,221,115,102,10,144,88,45,204,21,236,95,134,109,237,170,60,127
207,4,31,120,86,34,81,222,157,232,164,205,4,59,80,59,181,211,150,240,151,3,103,135,99,190,15,163,155,178,254,56,220,205,221,60,119,195,181,110,8,154,248,135,32,99,159,196,21,205,34,220,208,204,46,21,45,128,115,195,151,31,45,124,127
79,4,29,69,106,151,103,240,230,37,86,131,244,237,231,205,142,90,234,21,165,82,72,241,13,185,181,116,116,196,66,59,131,249,89,148,247,141,24,123,191,209,180,107,87,230,113,150,125,109,227,85,202,168,26,164,66,216,176,27,215,244,66,224,127
202,151,116,182,62,126,56,127,193,140,218,207,102,20,20,19,245,10,229,246,138,122,202,151,242,235,207,72,25,100,36,225,186,180,103,242,41,107,231,121,2,118,78,150,36,100,12,182,9,11,207,33,138,11,219,200,237,110,107,22,181,124,171,15,127
130,119,101,69,133,174,133,98,103,248,136,43,87,43,119,233,218,55,33,137,220,152,51,196,200,81,83,252,85,220,236,129,220,70,182,253,67,210,55,87,142,174,89,253,187,82,50,219,49,23,152,12,232,31,142,124,12,98,59,27,185,74,210,91,127
44,184,131,244,18,24,227,63,37,81,33,192,16,230,114,193,145,170,84,112,34,46,164,155,165,179,161,36,112,66,219,40,52,163,203,244,41,229,134,66,29,213,41,231,143,178,211,37,134,97,222,151,6,40,251,144,188,11,70,186,152,71,163,102,127
125,237,185,124,91,161,107,65,93,82,203,224,124,102,14,26,143,1,178,82,44,39,200,43,237,198,49,113,121,235,86,37,43,185,78,61,85,128,229,204,41,188,60,237,144,226,115,226,208,250,187,10,159,28,63,188,66,236,205,175,145,85,183,145,127
240,78,110,185,106,218,10,98,251,136,58,231,159,126,60,51,168,117,39,121,117,189,246,180,111,213,164,9,42,162,25,201,86,36,175,215,107,39,25,6,60,162,108,188,235,224,137,181,204,150,9,239,61,217,155,44,39,231,171,41,33,140,152,64,127
211,206,221,151,50,57,175,244,15,32,15,237,222,13,20,160,133,26,144,18,3,198,103,132,185,126,108,203,159,248,2,160,179,5,15,25,253,204,250,245,122,238,175,204,135,151,201,243,236,68,28,39,141,42,92,23,178,79,2,19,98,18,159,239,127
231,218,153,62,160,98,162,97,99,33,79,135,129,79,19,91,191,109,110,123,109,101,170,185,205,231,68,78,106,185,18,117,48,21,205,215,8,246,34,20,164,157,232,190,129,73,174,234,16,130,232,204,152,171,172,28,250,228,76,47,246,22,165,99,127
108,29,215,18,144,234,77,169,70,206,93,116,217,188,228,98,33,23,236,129,178,120,249,21,115,166,34,230,136,39,154,137,187,156,163,67,72,168,135,76,108,126,166,54,124,177,208,55,51,252,31,45,189,111,231,47,182,172,220,212,181,83,12,203,127
226,226,60,21,193,229,32,19,133,69,8,60,5,9,122,99,42,179,174,19,170,48,46,52,132,131,251,92,25,76,40,89,135,46,13,100,111,140,18,103,10,141,121,127,181,24,196,9,34,28,122,5,88,182,247,12,71,49,17,189,228,8,74,169,127
227,241,171,120,52,242,16,57,157,244,220,105,174,128,152,136,142,74,246,27,128,122,148,161,195,205,100,110,228,112,47,189,87,76,217,26,57,109,3,114,194,159,234,125,246,130,91,143,216,127,161,201,91,225,150,103,218,248,250,197,219,70,180,253,127
198,123,135,8,174,117,176,22,142,157,185,13,24,100,33,98,161,248,195,229,192,147,206,10,200,10,17,146,68,12,232,173,95,152,101,184,31,236,249,33,174,52,26,116,147,52,144,53,209,79,204,171,11,61,110,71,192,198,79,77,100,249,165,179,127
114,76,11,66,228,246,196,81,139,149,193,92,194,102,144,236,67,101,214,198,97,122,232,35,129,243,110,92,79,126,103,117,98,132,76,174,144,177,144,88,112,164,73,116,46,236,76,233,20,43,128,40,205,247,177,101,126,61,204,217,213,248,37,82,127
41,194,48,238,2,167,119,235,32,46,54,219,177,53,11,246,50,141,14,217,78,49,176,121,211,156,147,151,96,180,102,117,150,175,76,173,223,230,251,89,133,175,150,60,220,190,61,198,68,12,30,34,6,67,71,253,66,219,105,128,135,59,211,242,127
103,212,4,102,139,154,51,171,149,202,86,108,24,244,201,229,23,18,105,164,73,2,140,106,30,197,44,205,15,1,34,235,248,137,51,64,10,184,149,149,38,235,28,43,144,81,211,80,162,23,215,147,252,45,76,111,187,97,2,109,228,133,206,239,127
143,193,203,130,193,241,222,212,152,129,79,85,199,73,235,184,128,30,5,87,146,221,114,186,138,217,160,14,215,4,133,162,149,25,116,228,75,159,165,182,130,36,137,35,136,134,85,65,128,56,79,227,213,99,203,105,5,195,53,245,236,26,72,212,127
66,138,117,237,212,253,24,21,237,181,78,79,12,237,153,30,252,71,190,70,78,108,186,98,60,149,66,24,217,139,131,107,167,47,120,116,150,64,239,185,61,253,156,14,140,115,14,230,42,167,16,22,21,168,54,167,21,149,71,183,65,161,39,127,127
208,134,51,211,200,88,175,28,24,146,29,90,116,10,128,157,22,164,74,103,172,235,182,69,86,237,148,95,33,144,188,89,56,3,79,129,173,75,64,83,121,102,192,127,236,27,132,204,34,51,168,179,38,7,49,4,216,10,241,134,195,59,146,145,127
4,100,146,12,152,91,27,129,122,7,126,187,129,77,50,57,184,113,251,199,83,108,31,216,206,64,141,180,142,228,95,62,5,109,139,241,55,56,132,9,102,54,32,238,87,200,232,166,32,127,120,94,165,242,240,225,92,63,184,26,40,62,95,103,127
70,196,185,37,49,32,8,122,202,90,120,20,99,12,230,14,166,229,102,119,17,92,183,39,213,211,9,39,240,143,166,141,110,173,12,62,194,166,244,144,125,235,199,213,239,58,251,84,90,3,42,106,155,186,212,199,198,34,146,64,162,89,14,134,127
55,139,162,10,202,230,10,100,22,152,238,127,227,39,41,151,116,192,244,40,149,16,233,206,89,202,104,240,148,127,36,158,3,222,170,205,35,189,233,6,202,72,8,29,142,197,156,66,251,79,57,136,203,208,36,78,85,38,166,140,3,84,168,217,127
75,64,10,164,24,78,203,244,9,114,6,184,16,228,65,147,163,143,168,106,115,77,186,30,169,177,193,66,68,36,195,29,117,54,179,235,102,215,211,154,199,75,243,20,63,203,175,196,15,156,205,175,222,68,78,249,102,227,146,5,240,87,192,189,127
145,33,119,85,117,92,252,84,41,131,230,160,115,81,92,42,219,236,148,169,133,208,249,199,12,172,109,105,22,54,106,46,224,203,138,66,36,171,156,209,138,242,124,73,160,227,113,209,150,11,142,233,16,49,238,94,171,107,217,52,34,101,145,197,127
102,157,106,31,137,68,170,80,169,24,118,184,34,13,11,37,95,48,110,48,6,239,8,110,227,123,249,6,149,17,209,207,79,239,215,143,178,165,242,103,43,47,134,190,38,164,66,205,86,173,229,177,192,153,39,151,242,233,28,106,82,125,139,54,127
168,142,39,26,232,60,36,42,227,92,248,80,160,88,187,110,243,226,148,2,215,162,66,166,18,237,206,147,57,45,123,73,180,6,247,4,119,35,55,103,160,247,171,26,237,13,1,148,220,103,244,150,181,13,233,226,81,90,184,156,33,34,183,126,127
181,245,217,32,77,109,18,240,205,213,206,123,79,29,176,104,7,241,74,130,229,146,19,80,248,33,144,245,120,104,133,157,117,53,48,2,174,157,217,92,237,17,181,24,205,22,29,26,149,138,122,217,104,69,149,124,203,205,249,246,222,22,131,90,127
216,141,59,144,73,232,230,74,49,122,197,77,154,162,116,8,134,122,99,173,75,84,180,29,157,223,138,27,222,75,50,204,124,67,21,1,125,204,105,148,97,237,197,221,45,60,151,20,179,214,70,88,240,97,144,2,250,201,53,221,141,7,148,34,127
12,254,108,176,169,109,109,14,238,125,52,185,121,211,91,153,191,48,23,84,142,170,12,186,118,240,25,94,63,236,233,7,3,147,191,123,143,234,154,3,222,133,215,218,198,158,58,37,187,86,67,101,197,134,146,250,232,251,130,84,100,23,21,87,127
64,77,241,32,37,116,47,0,28,146,232,91,123,104,35,180,123,195,44,67,14,217,108,6,93,167,78,38,239,238,45,190,136,201,48,248,132,109,109,124,216,65,19,132,131,132,145,174,99,148,163,234,129,198,35,111,240,32,119,197,210,202,194,22,127
231,38,184,170,196,55,44,89,70,94,175,154,5,126,33,12,3,215,197,59,239,153,230,171,127,162,46,115,201,243,8,139,164,20,209,132,10,18,148,187,211,245,20,120,38,9,219,70,113,57,190,152,210,183,233,191,71,58,50,46,28,244,247,13,127
252,110,117,185,208,38,149,56,12,54,127,87,130,160,77,187,173,56,99,45,211,201,143,90,223,52,154,208,157,31,139,223,126,107,201,250,183,75,20,146,198,160,222,142,151,226,212,88,56,68,61,143,208,172,206,2,248,213,194,48,251,242,111,126,127
205,81,43,231,121,102,64,171,65,194,223,244,249,62,44,200,166,150,3,178,91,62,154,75,247,220,158,196,121,152,252,191,228,146,176,207,33,106,130,195,61,9,162,165,113,172,215,73,237,166,121,156,32,82,3,70,233,21,182,195,115,218,36,164,127
2,106,95,244,191,40,214,1,121,24,3,57,178,58,39,240,67,114,198,143,61,216,181,159,55,220,102,220,9,101,33,26,3,223,144,61,26,180,118,136,12,73,28,60,50,216,93,80,105,7,146,220,43,247,163,178,169,15,214,165,192,115,130,96,127
123,88,12,192,204,251,167,61,29,104,167,156,133,154,39,179,241,216,177,77,118,230,181,21,4,231,116,222,236,106,22,131,143,139,195,147,226,39,30,7,175,189,219,111,125,60,56,113,97,142,122,90,233,102,116,40,242,167,135,181,40,129,121,206,127
198,243,86,124,126,60,200,220,17,183,202,46,212,187,162,211,243,74,203,125,179,123,240,129,190,252,111,240,13,7,83,26,213,40,7,153,222,162,194,108,231,81,83,155,221,158,239,61,250,235,42,20,208,104,211,20,46,25,48,53,160,29,128,40,127
107,183,147,234,240,209,137,145,197,239,6,95,237,169,168,144,155,39,51,117,243,32,215,198,236,66,186,82,43,165,159,42,157,172,248,174,41,194,104,122,248,134,105,37,97,112,209,243,138,172,3,126,207,166,226,84,9,253,86,196,14,106,174,11,127
227,148,184,200,30,210,154,64,208,146,70,4,51,14,38,130,78,61,80,171,87,101,172,139,71,103,26,68,89,210,225,190,12,178,222,211,104,114,237,100,184,235,247,248,225,113,144,136,26,136,142,239,34,251,11,204,14,56,240,139,59,143,66,96,127
237,125,10,244,197,131,201,129,221,40,114,93,206,12,144,84,7,170,215,189,95,189,20,241,234,207,9,56,40,7,8,234,173,113,10,64,35,243,243,145,182,41,132,3,121,142,99,28,47,109,51,18,12,109,232,61,164,228,63,134,212,31,169,39,127
101,248,11,133,82,155,180,27,110,62,180,252,194,181,59,103,47,115,44,190,137,215,36,246,121,121,4,35,19,54,39,69,50,124,66,105,249,116,189,151,209,209,59,182,217,178,63,246,17,226,115,147,248,63,97,206,200,153,29,78,111,242,236,113,127
170,183,233,166,36,115,160,192,157,99,142,23,147,237,253,147,225,113,23,178,138,46,63,152,220,77,69,196,229,145,83,120,16,177,162,189,22,101,78,242,86,80,66,20,100,130,105,11,110,2,96,250,219,77,60,245,229,16,240,30,191,226,215,245,127
125,95,41,229,131,83,223,135,115,81,28,168,195,33,108,154,249,51,40,120,237,210,60,124,239,1,85,214,39,163,61,85,200,52,249,55,181,14,155,112,195,107,1,71,111,10,196,243,171,200,88,66,222,137,152,179,60,12,177,137,124,200,150,11,127
137,5,20,107,34,112,227,66,96,248,251,79,124,130,66,204,33,180,16,49,64,100,70,221,230,88,16,181,168,105,244,208,94,205,183,33,77,126,250,125,215,224,1,146,117,70,143,249,212,237,150,229,61,128,85,10,63,153,201,120,92,185,14,242,127
238,5,244,144,196,134,33,168,160,179,176,199,153,86,162,130,187,241,26,14,25,210,221,134,104,159,80,205,113,167,121,134,77,237,201,138,122,204,188,9,81,103,86,98,115,183,149,11,106,109,184,60,63,173,222,68,174,174,195,246,224,208,9,19,127
155,79,190,218,162,71,61,16,220,85,92,98,60,27,71,238,70,169,111,140,61,55,132,42,50,121,164,145,35,14,227,247,6,64,155,197,138,132,229,66,22,211,78,129,132,35,214,224,32,200,167,233,96,37,57,130,53,236,158,98,35,59,242,26,127
233,149,241,24,142,46,204,67,158,57,94,5,130,40,5,53,130,199,210,25,247,147,103,69,99,228,193,139,154,75,169,11,224,19,171,212,106,198,182,77,95,5,11,38,69,58,193,70,218,142,184,22,207,146,86,132,32,158,172,77,149,66,63,96,127
173,149,107,173,130,37,239,109,241,214,201,61,166,79,5,156,68,228,105,33,134,103,177,235,145,118,241,14,156,112,151,204,42,142,188,71,53,159,45,26,45,57,130,181,75,74,183,175,53,212,133,234,90,17,184,17,111,160,204,169,132,139,152,27,127
104,187,233,33,44,229,90,166,58,215,53,37,247,148,208,161,173,180,74,76,189,228,108,42,149,198,207,57,47,84,31,71,247,40,184,18,249,67,16,60,156,75,198,4,39,242,141,85,58,194,205,11,37,188,196,250,108,183,129,213,226,224,87,72,127
240,185,243,190,222,187,82,192,204,72,26,112,133,100,5,22,71,221,82,165,169,4,105,4,43,204,176,219,64,143,249,57,236,110,207,208,183,149,121,97,181,220,174,52,175,227,128,172,123,130,121,46,128,242,222,155,127,64,236,140,192,219,141,207,127
42,73,58,252,37,131,179,157,102,4,203,213,137,118,131,180,125,55,137,135,250,68,16,229,192,194,56,250,176,136,178,85,227,35,180,86,75,119,229,112,165,85,128,234,244,227,129,24,134,16,117,13,201,174,7,194,95,87,170,9,137,58,53,38,127
30,188,161,62,61,141,74,239,163,232,104,149,139,247,44,117,49,102,113,122,239,19,211,23,41,176,106,78,106,169,208,232,161,138,192,195,223,200,152,89,106,148,236,112,139,218,233,1,242,15,132,8,215,56,196,249,218,200,142,139,246,172,113,162,127
180,196,131,169,230,28,47,190,120,45,175,124,175,156,59,138,252,120,108,221,165,179,251,120,31,223,72,14,196,206,173,46,87,169,193,170,85,203,182,60,100,118,253,154,61,99,117,47,128,121,68,218,62,70,201,108,24,53,38,75,193,119,183,158,127
218,161,70,53,83,7,195,51,88,206,71,156,210,43,140,100,119,1,107,181,150,46,130,156,86,22,127,240,144,3,13,148,151,253,59,203,250,50,42,186,69,212,25,74,173,9,119,175,24,217,118,8,161,67,74,70,41,144,20,248,199,238,12,190,127
38,230,139,10,103,1,163,125,150,78,134,202,34,56,192,87,237,65,106,135,38,193,110,91,174,4,26,45,11,142,163,73,103,250,184,49,163,222,130,51,45,42,180,191,95,124,98,243,80,233,6,155,106,124,48,214,187,33,133,164,62,243,117,174,127
140,35,36,40,14,121,100,143,115,248,210,112,254,23,183,184,146,118,247,128,116,201,41,89,243,33,43,156,217,112,48,69,225,56,82,91,132,165,9,22,55,112,61,154,166,9,15,128,9,44,9,184,202,210,18,106,171,215,203,90,141,122,208,51,127
50,147,161,116,38,151,231,54,66,216,239,202,240,197,166,89,15,199,213,207,122,232,80,175,127,153,5,105,25,193,125,135,67,165,97,213,43,198,25,60,234,159,249,80,98,76,73,201,189,157,151,67,150,44,51,245,217,193,233,15,63,55,39,222,127
186,100,45,216,102,78,23,215,197,135,226,80,127,225,224,184,190,123,26,100,231,104,127,252,54,99,24,108,117,75,83,170,161,17,78,80,157,116,127,182,206,132,189,189,209,88,171,170,78,5,158,78,81,56,35,21,120,141,206,186,238,170,16,207,127
39,241,115,29,45,56,177,170,247,132,85,128,46,88,167,25,130,107,129,14,165,162,115,102,73,212,200,211,153,29,67,161,80,237,39,194,138,238,86,3,97,190,226,110,192,58,156,195,40,34,253,9,126,196,174,128,118,10,81,239,155,253,7,127,127
21,28,162,124,115,117,85,177,186,202,108,90,253,115,234,16,212,15,34,135,214,20,222,196,34,135,21,36,101,57,118,71,52,194,20,155,118,67,62,73,128,46,114,128,224,220,211,141,217,234,247,58,47,215,250,5,229,198,128,77,45,43,188,102,127
110,169,128,77,249,137,50,160,97,142,120,146,41,247,234,91,15,133,25,131,201,192,16,3,109,141,108,85,95,109,74,100,22,127,59,159,161,182,1,7,172,115,48,128,190,37,235,91,18,25,251,0,40,231,248,225,157,75,97,95,85,189,82,193,127
245,36,207,174,106,103,121,196,223,250,45,117,195,138,7,46,243,168,85,89,104,177,187,47,70,214,179,207,231,196,197,132,27,112,114,30,250,143,134,195,161,84,31,144,22,181,74,160,75,113,106,12,47,103,213,120,66,237,237,69,175,173,39,57,127
81,42,143,189,150,108,20,85,59,73,28,75,114,118,102,151,75,147,238,209,197,150,246,175,189,152,37,243,76,146,246,197,176,184,109,168,137,125,171,47,206,19,170,92,69,76,193,218,197,84,232,114,41,242,1,83,214,88,211,90,250,233,186,98,127
17,11,169,209,177,236,191,178,90,146,165,86,68,40,152,40,161,223,179,242,61,49,172,61,227,39,140,36,224,179,103,41,193,152,97,35,92,183,25,235,128,216,197,233,118,239,147,125,30,156,165,110,158,223,225,42,165,185,65,218,196,144,148,81,127
92,153,11,104,239,76,93,66,187,165,172,11,233,92,216,38,33,195,7,100,210,235,78,201,140,175,214,46,106,143,217,223,18,218,99,128,212,124,236,140,130,87,127,228,184,46,110,215,12,60,91,116,123,133,217,165,60,23,38,190,79,75,161,122,127
174,243,126,20,114,212,15,54,205,164,209,233,25,166,96,184,156,69,126,66,88,32,142,172,157,37,75,80,28,50,133,242,15,108,74,38,176,101,216,68,130,4,19,9,237,238,88,115,146,20,121,101,199,19,16,239,25,127,227,221,214,103,232,21,127
189,63,84,164,18,172,95,185,115,168,64,82,251,203,228,185,26,7,174,25,31,173,31,70,197,23,68,91,205,189,42,93,172,55,143,215,242,245,13,148,69,117,35,170,150,152,149,104,218,139,253,138,23,161,213,4,235,229,164,11,134,81,187,215,127
242,136,27,57,16,157,67,86,150,53,45,191,201,191,188,223,52,101,88,197,114,246,225,220,64,138,226,14,139,240,185,148,128,176,157,48,205,222,95,76,84,221,128,224,206,59,9,188,192,196,199,87,147,201,188,168,162,173,24,71,110,94,129,228,127
158,23,11,70,30,113,172,179,192,109,67,193,125,212,32,156,73,206,155,12,46,5,105,250,199,80,143,93,63,42,22,51,212,47,230,76,123,172,216,117,222,15,5,110,196,232,212,236,116,180,9,38,243,23,10,12,54,203,70,36,82,163,213,134,127
200,36,220,76,168,160,227,47,122,43,46,26,48,238,221,117,179,108,110,132,114,137,187,206,153,90,23,126,10,214,91,198,197,130,160,87,62,41,126,13,61,26,61,224,144,219,110,81,17,175,206,94,83,178,222,122,120,123,220,156,159,167,156,206,127
124,177,10,249,205,236,247,210,130,93,134,173,46,4,183,46,246,147,138,155,235,180,169,219,51,172,166,143,232,151,121,24,4,27,13,214,182,167,72,229,24,164,147,219,100,97,52,178,191,186,155,220,19,31,169,155,117,30,253,104,73,3,55,134,127
90,109,202,132,203,97,222,163,68,225,158,129,253,46,125,154,101,130,77,166,76,166,68,64,242,183,50,26,195,67,241,55,145,69,106,51,221,27,171,228,11,30,186,91,86,12,146,121,71,17,199,224,175,227,90,119,48,247,70,210,129,218,55,80,127
122,106,135,252,79,122,9,109,106,176,54,136,187,254,60,160,226,42,221,174,110,212,14,99,26,98,65,2,79,185,156,18,85,218,245,238,153,120,249,56,94,179,237,157,190,220,164,117,94,56,169,210,174,11,190,126,160,239,10,117,203,214,152,162,127
238,55,120,94,121,155,62,187,237,109,98,175,136,232,90,234,163,180,157,248,237,110,155,21,198,22,180,92,95,109,224,177,152,142,75,6,176,233,2,240,147,151,48,110,197,6,43,102,205,11,212,211,213,254,138,241,54,91,107,140,38,183,120,15,127
154,206,187,85,156,11,80,185,93,48,118,63,60,250,216,42,215,132,109,253,210,175,209,132,33,19,211,250,28,77,11,87,249,190,114,138,174,117,102,26,51,53,25,42,241,113,51,68,82,134,233,129,69,140,162,93,43,61,220,216,60,135,208,253,127
168,30,16,254,82,172,37,168,241,156,121,133,29,106,56,138,193,200,160,244,48,241,155,178,134,87,160,60,11,193,95,52,220,79,180,94,192,20,251,220,25,194,187,61,143,22,117,68,71,146,92,162,85,250,25,242,11,127,115,80,216,60,43,251,127
140,68,108,8,140,173,154,227,137,228,190,56,43,119,14,112,138,33,52,182,229,109,10,69,183,161,216,29,112,125,152,211,48,77,4,132,169,204,115,22,170,248,56,96,201,202,195,243,82,64,83,153,114,94,52,89,193,8,65,30,44,203,100,72,127
57,210,239,202,159,37,207,189,190,185,187,151,132,190,5,58,116,127,46,27,125,122,1,85,146,215,1,139,122,241,49,177,124,71,213,113,162,57,137,148,248,68,96,87,231,92,190,8,226,254,201,23,213,247,195,66,230,86,58,145,102,244,124,181,127
114,183,18,53,30,8,174,58,186,30,253,197,96,110,135,108,231,61,233,53,191,28,37,236,251,22,125,240,44,66,53,208,154,61,179,62,5,22,4,27,50,149,254,215,101,47,99,226,182,91,221,202,198,212,249,239,27,190,109,32,24,114,151,175,127
84,10,121,10,175,42,93,89,38,47,76,98,133,93,10,196,223,180,247,51,107,148,206,74,59,162,228,130,206,22,98,26,197,73,55,109,106,0,47,86,145,86,183,214,170,251,105,221,33,120,41,139,84,44,228,159,35,241,92,75,68,11,203,163,127
250,4,238,156,109,218,106,22,251,244,251,73,248,1,247,4,248,224,208,33,89,223,246,109,103,110,159,69,23,100,121,35,136,194,244,100,250,13,36,85,112,105,185,16,154,83,2,194,233,242,86,148,183,211,23,68,49,47,61,52,210,254,67,3,127
117,54,168,139,85,197,94,213,251,116,21,246,161,101,71,145,150,167,126,54,223,196,0,188,88,245,156,12,209,207,192,22,90,59,191,169,230,252,144,50,28,131,232,197,127,220,178,68,217,51,71,59,138,82,5,58,207,234,139,128,251,165,253,169,127
154,5,242,193,62,44,234,135,228,241,130,32,102,209,182,34,130,57,219,174,174,72,253,194,157,127,77,118,250,185,131,127,180,17,182,171,84,194,231,236,31,55,236,202,245,127,38,233,219,178,50,193,53,176,74,40,104,50,151,250,106,135,4,248,127
238,216,252,138,49,212,125,119,57,250,10,105,249,175,17,124,123,7,201,179,176,246,206,147,109,173,129,217,232,31,100,150,230,55,223,246,208,246,184,96,6,167,176,67,252,250,68,8,216,61,30,178,32,99,179,164,110,86,76,220,117,227,170,204,127
87,66,160,17,22,102,106,218,72,57,65,113,64,121,38,113,29,82,168,188,174,79,203,23,249,200,220,10,46,39,77,49,201,156,28,59,207,62,241,85,181,66,213,174,243,171,170,95,134,11,13,49,99,112,240,103,106,99,208,175,49,26,106,45,127
192,178,163,41,191,180,100,154,5,177,39,172,84,148,102,107,199,96,0,96,71,156,233,191,210,254,13,2,215,135,145,100,133,139,85,208,245,225,245,11,103,189,197,172,52,96,18,251,174,28,93,215,114,155,120,103,173,212,94,224,73,18,15,151,127
63,24,112,115,119,20,11,207,212,203,203,239,129,124,61,196,166,28,71,81,12,210,251,161,118,254,14,245,99,208,164,68,50,145,14,144,183,64,79,53,133,125,158,3,122,149,100,218,97,215,13,23,198,134,174,1,21,246,78,228,243,37,141,59,127
62,157,252,109,219,59,216,114,220,114,171,66,10,226,122,58,161,56,61,184,170,55,86,153,148,36,241,9,26,32,116,187,232,235,35,153,63,223,18,0,52,172,207,60,98,204,246,126,155,245,141,169,4,179,57,119,24,250,3,36,43,117,48,51,127
190,246,120,15,22,67,161,226,108,174,44,167,165,121,101,96,15,202,154,102,95,93,35,237,168,9,55,71,134,13,178,207,218,24,141,253,206,49,154,98,82,192,53,182,38,3,24,21,218,39,242,110,132,130,7,120,161,62,21,204,254,30,182,108,127
139,209,75,3,42,167,38,202,22,252,251,21,217,57,145,15,254,242,246,16,50,137,60,165,121,144,21,76,185,232,197,36,75,217,178,240,218,11,233,228,129,25,103,154,197,109,243,151,220,76,32,175,49,235,179,192,7,84,173,222,11,201,188,241,127
216,241,197,162,162,162,222,88,229,125,212,13,211,43,37,138,137,56,143,15,40,96,200,210,102,190,17,56,239,11,48,18,65,7,22,242,231,84,215,251,159,182,53,206,199,35,39,167,197,28,194,58,39,109,220,28,134,92,63,8,186,133,71,142,127
143,100,53,106,47,69,61,66,3,148,150,181,1,101,240,232,195,177,13,129,211,183,140,144,91,151,56,165,234,122,50,47,191,207,130,18,236,194,217,105,54,16,116,50,131,49,246,252,4,180,229,230,122,31,125,180,59,107,34,149,57,6,160,161,127
132,110,125,101,222,35,80,143,85,204,244,164,37,132,217,94,158,103,65,20,216,73,138,134,37,45,9,97,136,225,53,216,158,222,83,192,194,143,253,154,210,175,98,226,23,27,99,38,138,201,207,152,235,97,104,49,214,112,238,223,234,142,145,214,127
220,23,34,17,212,2,43,183,80,181,31,174,196,69,177,12,27,23,14,74,30,173,197,209,7,156,122,14,176,110,100,207,151,90,129,228,244,48,52,244,103,132,171,47,241,50,220,174,71,53,49,41,61,16,249,132,194,120,245,104,133,109,93,183,127
115,73,99,47,2,6,8,140,242,143,52,243,136,38,207,120,200,205,35,114,205,241,57,179,109,145,143,109,148,181,16,230,87,193,214,202,186,20,197,214,163,87,205,185,231,102,193,57,163,195,118,250,204,15,91,221,166,214,230,201,68,122,33,146,127
53,50,86,170,213,227,33,54,169,141,18,32,244,18,117,194,38,49,16,80,182,252,27,61,42,54,61,188,124,48,154,166,48,236,64,135,203,197,126,35,159,230,89,184,226,64,199,191,68,112,27,130,233,40,159,169,84,217,56,239,190,79,54,171,127
235,122,241,198,58,55,133,42,199,170,247,152,136,250,243,104,152,48,137,206,229,155,159,120,139,203,45,169,168,109,217,53,218,138,199,44,46,241,98,104,220,27,31,78,160,89,173,214,232,33,208,45,188,174,59,157,205,128,48,173,6,185,36,108,127
82,134,183,136,223,27,241,159,58,203,65,63,131,249,131,193,86,67,97,76,6,213,166,12,249,193,76,102,203,218,173,103,26,77,233,105,179,116,194,200,6,99,69,233,163,71,167,52,51,239,227,128,229,107,177,55,174,62,54,203,197,161,29,163,127
17,95,174,134,150,37,245,143,145,233,78,137,70,154,73,198,75,221,131,204,32,83,190,135,244,191,177,80,253,192,3,154,157,22,85,23,104,80,243,223,174,204,48,222,71,81,69,150,32,60,248,53,181,183,21,78,108,82,88,29,213,235,17,78,127
242,74,193,238,181,98,231,184,134,59,13,198,76,140,104,244,138,1,93,217,95,240,17,194,154,64,71,144,52,227,186,110,104,56,176,214,169,216,171,236,19,211,73,172,167,201,172,13,129,199,161,186,81,75,61,115,216,170,234,168,79,122,71,38,127
23,250,51,3,148,55,229,49,142,70,151,137,5,60,169,10,6,224,70,179,18,254,121,242,14,195,125,130,28,101,194,159,181,176,160,224,9,153,123,182,0,105,97,236,110,120,43,51,66,161,88,11,69,3,54,97,246,21,97,130,218,121,209,207,127
93,143,2,114,228,214,225,161,155,28,223,224,230,164,23,182,61,186,215,220,12,241,166,15,137,223,3,29,195,220,219,139,216,83,202,220,137,231,169,54,66,189,76,106,96,44,82,226,34,247,30,169,69,19,45,33,178,125,54,118,42,46,159,39,127
229,13,187,21,138,42,163,178,189,110,184,61,103,172,17,187,143,49,234,47,1,119,50,110,39,14,164,126,31,12,151,126,136,33,48,251,13,33,242,16,78,59,45,33,236,67,100,241,222,38,43,145,33,19,218,188,9,231,214,163,219,85,10,73,127
41,82,188,101,27,173,206,74,24,123,48,196,82,156,3,72,96,132,246,234,8,241,42,11,85,188,146,29,210,14,168,207,180,30,216,113,146,97,136,217,69,251,189,122,54,212,139,252,148,44,68,132,42,164,34,187,247,197,2,40,245,201,213,252,127
223,197,211,202,253,247,145,62,31,112,87,249,59,41,221,183,106,170,70,60,192,52,223,175,247,98,210,76,137,206,176,151,183,199,124,145,26,151,115,210,121,66,169,168,14,134,193,155,107,41,227,177,35,205,7,26,234,199,102,224,123,114,243,103,127
246,8,180,87,142,20,56,249,93,152,238,65,196,27,63,12,23,1,229,100,25,209,146,13,83,162,54,139,142,219,235,154,138,162,25,232,222,9,2,128,7,171,206,80,218,45,80,149,253,212,88,66,86,144,240,163,116,20,10,146,170,222,41,91,127
193,245,83,124,85,38,27,162,84,77,234,8,35,246,94,244,57,102,45,124,97,91,223,173,231,141,36,192,91,70,173,58,9,17,97,221,102,72,103,150,137,19,28,117,144,120,87,247,209,211,43,234,116,16,11,151,92,164,33,167,43,220,139,233,127
117,113,38,145,155,201,91,179,127,84,108,170,35,106,246,130,51,224,193,231,203,8,87,141,50,117,142,126,23,241,251,247,108,3,44,246,203,218,213,121,148,15,127,84,68,122,125,155,180,44,192,88,77,85,80,5,230,74,250,210,87,128,150,166,127
94,176,152,234,35,37,128,82,8,69,127,23,186,137,111,142,40,70,181,122,108,8,208,143,14,127,18,164,75,210,234,187,227,69,217,169,81,220,141,30,210,52,233,136,13,245,11,142,188,233,142,190,252,243,91,234,187,139,247,43,28,69,115,61,127
217,97,194,53,147,107,209,134,232,138,237,87,238,85,101,110,94,76,231,164,195,246,242,48,97,177,246,215,9,219,148,207,166,43,226,203,241,155,8,48,135,219,117,218,173,236,84,103,245,163,9,107,33,110,234,25,156,105,252,6,125,117,83,51,127
35,44,252,87,143,38,89,66,97,40,153,83,90,160,174,113,114,89,126,12,253,11,140,184,132,120,240,39,41,148,110,219,21,229,254,91,192,6,94,154,184,239,214,189,190,102,216,205,61,15,141,174,85,139,230,59,112,88,239,188,60,4,126,235,127
121,195,106,196,107,25,225,11,176,84,14,107,143,68,37,172,41,25,174,246,140,61,174,211,11,34,170,228,0,156,110,141,7,70,226,154,46,194,78,236,244,14,44,232,16,169,51,6,183,93,248,224,43,197,78,22,53,126,221,173,223,55,227,138,127
16,166,33,211,234,227,244,1,7,6,223,177,45,75,253,223,95,74,73,227,78,34,8,110,37,89,53,188,55,171,93,129,206,166,143,33,214,222,23,29,101,175,41,70,62,164,4,136,9,202,205,45,19,130,95,59,212,202,104,20,156,25,76,62,127
77,59,201,69,89,19,228,149,124,80,42,37,102,181,228,13,200,237,113,207,192,21,58,241,118,202,234,43,193,233,245,57,32,220,217,119,91,116,143,190,127,51,157,21,112,49,156,35,72,87,230,60,100,246,88,137,169,0,197,206,53,246,81,15,127
136,179,14,209,120,137,159,181,239,49,132,125,33,218,63,206,68,99,231,133,151,171,129,137,40,100,143,235,186,168,249,187,117,248,12,86,122,172,149,207,179,232,164,72,57,200,169,17,197,200,171,15,45,168,88,146,106,135,63,181,161,33,12,41,127
91,60,36,127,171,170,49,198,223,150,40,20,51,111,83,49,119,49,213,212,68,252,38,194,205,221,248,145,206,180,95,139,238,133,15,242,38,102,196,92,0,87,114,90,191,197,166,19,141,200,60,123,42,68,183,42,51,15,178,172,111,121,237,137,127
177,34,74,74,198,9,206,226,118,119,130,53,122,94,235,101,247,35,183,190,156,100,118,196,40,235,226,64,12,123,0,183,214,160,99,88,61,116,218,125,161,31,84,108,112,89,228,173,208,207,167,85,75,66,88,237,100,142,239,234,241,127,95,87,127
79,3,120,223,73,135,129,128,47,4,238,244,32,242,61,110,249,52,109,57,94,108,85,95,100,165,234,82,123,211,58,166,250,178,51,143,66,4,0,128,1,207,112,219,246,233,96,79,183,190,224,79,118,4,187,87,202,79,25,127,46,67,74,209,127
30,221,54,155,234,124,21,134,213,232,170,88,7,9,201,158,96,239,221,10,89,121,73,83,45,146,7,92,41,41,222,217,141,151,164,38,140,214,54,168,2,139,149,83,173,9,124,104,21,90,50,63,173,239,239,178,89,34,172,228,68,129,245,98,127
230,230,151,179,140,90,147,225,214,102,43,75,236,180,174,233,86,205,141,120,250,137,84,79,105,179,69,27,57,65,78,102,122,163,72,5,99,6,199,179,14,244,70,254,113,18,159,69,22,127,113,83,240,38,108,78,207,79,97,84,10,191,222,141,127
164,215,117,71,14,218,244,75,88,84,139,243,133,35,143,252,162,71,125,23,33,115,36,207,91,64,229,131,235,171,44,55,170,242,34,162,126,34,214,190,162,232,97,138,177,181,78,223,157,137,121,13,33,115,166,67,195,67,226,174,31,74,172,167,127
101,215,66,168,179,146,23,135,249,125,189,195,136,85,24,69,237,164,5,82,199,85,242,134,77,188,147,169,111,199,152,44,29,142,22,235,80,251,172,205,100,253,86,128,104,56,182,237,14,247,232,225,252,12,9,5,154,236,212,68,0,246,85,216,127
131,244,84,43,49,103,31,94,194,51,136,99,78,4,153,12,78,93,37,70,64,83,12,85,233,197,173,51,226,131,127,83,164,69,20,214,142,219,154,216,131,38,74,55,4,209,134,158,164,231,64,117,56,47,145,225,11,211,28,202,51,160,103,37,127
36,129,168,118,123,123,107,66,229,241,114,177,24,153,162,194,177,30,205,155,161,107,240,23,77,20,111,118,34,187,52,90,78,35,195,102,129,122,24,29,114,204,168,184,103,165,21,191,116,237,100,77,150,103,125,7,38,139,70,95,238,108,196,31,127
111,9,36,174,187,102,74,120,39,209,242,164,72,75,228,94,160,22,100,112,61,140,200,120,58,110,8,225,104,209,31,173,128,166,176,35,154,170,222,109,192,91,189,182,183,57,138,85,174,196,93,98,118,155,217,242,6,187,219,92,37,43,188,188,127
228,47,83,169,102,68,56,195,20,214,207,84,212,85,183,134,103,178,94,144,40,49,229,220,209,155,243,72,198,242,230,145,8,227,176,116,62,96,196,162,206,143,197,108,237,58,16,63,195,185,68,49,243,74,35,111,72,6,196,1,251,172,54,226,127
61,203,57,74,131,251,231,159,190,47,226,137,150,67,242,80,75,115,107,60,65,66,64,86,88,132,69,66,241,168,201,118,191,190,91,233,25,225,209,154,242,139,59,6,34,201,161,224,44,61,190,61,186,86,241,35,150,208,194,13,228,179,84,174,127
21,26,11,2,141,151,219,34,103,57,251,233,238,29,243,64,84,164,203,134,169,239,10,181,145,46,237,129,156,170,87,99,69,146,191,229,128,219,87,3,166,242,173,50,62,61,6,174,176,166,233,115,4,81,45,226,241,107,56,108,1,214,195,22,127
181,111,69,234,244,212,79,23,198,163,37,97,212,27,56,127,7,84,125,54,115,237,217,209,213,159,58,118,35,7,136,28,231,136,70,170,132,63,180,83,88,173,195,127,250,161,44,110,128,80,196,169,212,192,233,111,131,60,50,96,130,55,176,149,127
50,117,194,249,51,79,197,219,13,32,108,193,12,111,222,120,116,194,154,218,22,22,203,10,197,8,239,183,115,9,9,152,89,49,101,222,38,182,156,66,161,48,90,39,225,184,209,13,65,10,59,29,30,196,60,125,128,173,9,224,103,110,76,225,127
68,123,205,128,142,33,17,128,33,64,15,175,117,241,217,23,208,224,242,219,191,52,242,51,247,129,217,194,83,37,189,219,0,246,125,116,183,170,116,92,8,134,221,36,137,127,34,180,156,117,194,151,70,184,136,171,250,169,68,21,136,14,207,25,127
252,13,95,80,46,184,54,99,51,128,3,10,225,227,6,26,0,200,204,60,42,126,222,127,23,53,237,107,221,224,172,84,135,19,142,67,14,146,128,55,30,10,217,164,46,120,108,199,131,56,108,250,110,243,178,195,185,11,213,55,225,106,178,50,127
12,231,48,229,140,128,185,27,37,125,185,239,103,1,16,76,136,15,111,94,31,192,26,209,154,206,33,66,243,253,72,79,11,192,161,239,25,64,134,121,177,136,9,33,160,194,178,163,68,13,184,203,14,97,33,55,184,69,238,95,239,140,111,235,127
53,106,78,205,59,254,144,142,223,168,117,17,20,191,157,107,182,210,108,34,186,205,165,231,164,45,165,15,253,226,73,193,10,206,161,107,131,177,245,100,92,224,179,165,37,70,190,127,7,106,102,60,64,79,21,134,223,55,61,144,102,17,174,38,127
197,99,123,152,79,11,50,93,209,108,193,134,218,131,23,37,200,127,249,99,203,65,207,198,116,77,154,145,214,29,57,69,239,145,165,163,140,241,169,42,26,177,251,137,213,149,217,242,119,233,171,211,58,159,16,128,130,160,70,96,35,11,97,196,127
136,81,223,221,219,177,0,254,116,67,205,90,58,36,116,117,208,125,181,34,191,81,124,37,108,250,32,240,11,245,240,53,196,52,232,244,138,157,172,154,140,123,67,212,158,175,121,200,52,39,158,165,10,178,212,97,245,127,65,115,93,188,152,121,127
167,104,212,91,230,233,34,216,166,179,186,235,36,95,37,67,231,103,195,32,63,113,214,80,59,22,150,154,92,89,254,34,167,126,208,3,125,93,61,247,12,253,72,84,37,126,56,27,88,185,192,219,222,247,62,47,50,36,102,29,188,121,139,32,127
238,107,33,78,219,35,28,3,137,195,141,250,127,176,196,133,78,145,25,38,84,31,168,196,48,204,199,55,144,65,34,129,222,60,153,109,31,217,77,250,114,149,166,67,187,145,83,191,193,194,51,101,116,27,85,240,230,201,68,58,125,253,53,87,127
137,56,83,20,93,67,32,14,212,87,42,30,80,242,59,225,199,52,221,111,198,150,31,29,63,155,223,212,175,87,244,44,84,128,232,194,116,124,135,76,249,108,74,19,39,157,246,102,107,219,27,157,160,205,102,108,165,90,39,184,178,234,25,54,127
30,231,202,137,145,219,184,56,128,148,198,222,16,91,218,223,68,151,32,88,8,252,196,58,74,102,40,163,61,165,212,210,48,198,232,14,53,163,202,107,211,132,71,214,84,99,42,0,126,27,106,54,170,194,140,230,202,64,58,137,164,11,137,214,127
139,148,242,150,26,27,163,218,4,177,1,71,244,200,154,173,167,109,43,236,240,42,211,172,241,87,160,152,122,175,9,212,80,78,155,43,241,60,186,55,131,166,137,132,216,241,51,163,122,238,244,12,231,223,167,192,99,76,169,125,216,244,51,107,127
7,142,38,216,198,242,121,135,142,48,247,12,144,36,48,136,0,212,173,240,164,229,89,229,83,198,80,73,6,135,82,100,37,229,161,202,193,128,212,24,73,109,223,178,157,68,122,152,127,26,245,142,205,117,62,186,31,133,151,29,173,36,249,52,127
147,37,179,140,240,73,189,95,64,100,24,85,155,247,122,188,93,192,64,124,165,74,188,182,181,66,252,99,229,98,225,67,97,85,117,219,28,236,14,203,80,238,184,92,39,93,94,254,132,175,61,167,148,120,161,201,110,17,26,136,80,49,81,167,127
124,253,183,209,83,17,199,86,104,109,117,157,203,89,174,81,136,104,233,200,111,254,203,147,66,13,110,104,206,234,222,113,131,41,214,126,118,102,68,22,133,1,176,38,189,49,152,56,148,235,251,234,110,157,48,142,250,117,177,176,135,146,208,158,127
48,88,33,49,135,204,60,21,94,10,221,230,135,195,10,48,242,173,81,47,93,194,181,56,214,62,104,227,176,56,2,42,71,234,226,22,46,245,106,118,66,175,232,116,87,110,177,38,109,112,76,38,69,46,14,202,66,25,189,242,70,225,51,97,127
203,208,156,253,123,211,142,87,144,10,33,94,114,220,129,232,243,248,195,52,162,206,32,203,133,43,80,109,160,136,5,105,250,96,234,15,97,68,32,38,75,63,141,238,90,13,202,11,204,15,241,27,198,130,83,76,2,165,68,220,16,51,162,172,127
164,57,213,239,0,86,237,127,141,241,132,147,131,96,185,226,90,229,249,106,212,150,29,254,3,177,65,152,0,217,238,35,151,19,250,152,70,165,227,162,154,79,246,252,23,139,213,42,81,184,219,66,17,132,153,26,4,102,80,85,92,177,203,65,127
137,110,133,185,43,160,167,120,103,150,100,97,70,9,140,12,230,183,71,117,149,223,152,30,196,10,177,84,229,87,194,3,65,10,241,49,107,7,229,254,16,90,105,45,47,113,19,148,136,178,56,229,226,123,122,164,252,151,71,197,35,250,28,167,127
205,132,48,120,24,251,250,150,108,47,137,73,116,220,7,188,110,164,203,57,160,156,100,118,246,176,13,135,231,109,135,61,227,124,151,244,86,153,136,150,10,94,222,40,217,166,173,45,113,152,73,199,80,157,198,43,90,203,239,148,181,10,95,93,127
202,134,176,10,194,136,252,141,37,104,12,19,184,91,95,174,118,31,0,83,32,228,169,35,12,52,60,233,142,13,19,193,227,227,130,1,206,87,68,129,179,34,73,109,91,84,68,137,116,218,236,243,1,177,218,242,71,168,14,141,214,174,138,253,127
173,112,110,127,47,155,168,127,8,129,158,9,121,74,14,89,174,83,227,233,176,228,236,199,228,57,66,66,216,112,160,190,216,88,105,78,32,97,207,251,201,46,236,6,198,175,190,108,62,193,39,18,69,221,163,186,11,21,107,104,163,89,80,245,127
155,98,14,244,165,186,209,96,181,66,199,234,176,108,231,31,223,152,99,231,164,182,133,96,168,139,36,86,116,42,229,209,82,21,143,110,63,18,195,193,187,153,22,253,246,73,203,125,104,187,241,51,105,154,134,157,243,116,184,28,192,104,132,166,127
146,53,227,142,71,137,224,30,139,117,72,121,81,33,105,146,93,238,226,190,250,233,22,156,163,85,90,169,38,233,188,223,124,209,142,134,155,153,46,125,2,208,28,136,94,219,163,141,56,128,0,118,47,114,71,211,187,125,103,211,30,172,192,53,127
144,87,35,107,59,173,145,161,144,8,142,224,132,208,209,180,116,118,207,90,165,66,212,175,183,208,234,239,135,195,136,67,227,185,106,39,143,109,123,175,1,186,6,117,14,162,111,87,29,201,187,157,16,164,142,5,43,38,61,246,116,144,105,235,127
197,30,104,225,85,62,114,129,57,33,147,250,209,182,251,120,6,43,122,133,245,37,140,149,41,62,248,220,133,223,27,208,91,52,238,134,157,37,45,100,222,42,134,89,138,77,104,70,3,190,233,228,136,23,29,192,43,233,200,152,106,171,221,87,127
42,226,15,228,136,46,226,208,88,190,69,74,90,38,66,49,10,227,173,82,91,252,148,221,41,102,65,240,168,176,27,150,91,146,222,35,232,251,8,66,171,251,30,145,116,46,227,6,40,205,248,174,113,15,132,42,157,140,229,108,207,55,192,25,127
