0,0,0,0,0,0,0,0,0,0,0,0,0,5,1,0,0,0,0,0,0,0,0,0,0,5,0,0,0,0,0,0,0,1,0,0,0,0,0,0,0,3,0,0,0,0,0,0,0,0,0,0,0,0,0,0,0,11,0,0,0,0,0,0
0,0,0,0,0,0,0,0,0,0,0,0,5,1,0,0,0,0,0,0,0,0,0,0,5,0,0,0,0,0,0,0,1,0,0,0,0,0,0,0,3,0,0,0,0,0,0,0,0,0,0,0,0,0,0,0,11,0,0,0,0,0,0,0
0,0,0,0,0,0,0,0,0,0,0,5,1,0,0,0,0,0,0,0,0,0,0,0,0,0,0,0,0,0,0,0,0,0,0,0,0,0,0,0,0,0,0,0,0,0,0,0,0,0,0,0,0,0,0,0,0,0,0,0,0,0,0,0
0,0,0,0,0,5,1,0,0,0,0,0,0,0,0,0,0,5,0,0,0,0,0,0,0,1,0,0,0,0,0,0,0,3,0,0,0,0,0,0,0,0,0,0,0,0,0,0,0,11,0,0,0,0,0,0,0,7,6,0,0,0,0,0
0,0,0,0,5,1,0,0,0,0,0,0,0,0,0,0,5,0,0,0,0,0,0,0,1,0,0,0,0,0,0,0,3,0,0,0,0,0,0,0,0,0,0,0,0,0,0,0,11,0,0,0,0,0,0,0,7,6,0,0,0,0,0,0
0,0,0,5,1,0,0,0,0,0,0,0,0,0,0,0,0,0,0,0,0,0,0,0,0,0,0,0,0,0,0,0,0,0,0,0,0,0,0,0,0,0,0,0,0,0,0,0,0,0,0,0,0,0,0,0,6,0,0,0,0,0,0,0
0,0,0,0,0,0,0,0,0,5,0,0,0,0,0,0,0,1,0,0,0,0,0,0,0,3,0,0,0,0,0,0,0,0,0,0,0,0,0,0,0,11,0,0,0,0,0,0,0,7,6,0,0,0,0,0,0,0,0,0,0,0,0,0
0,0,0,0,0,0,0,0,5,0,0,0,0,0,0,0,1,0,0,0,0,0,0,0,3,0,0,0,0,0,0,0,0,0,0,0,0,0,0,0,11,0,0,0,0,0,0,0,7,6,0,0,0,0,0,0,0,0,0,0,0,0,0,0
0,0,0,0,0,0,0,0,0,0,0,0,0,0,0,0,0,0,0,0,0,0,0,0,0,0,0,0,0,0,0,0,0,0,0,0,0,0,0,0,0,0,0,0,0,0,0,0,6,0,0,0,0,0,0,0,0,0,0,0,0,0,0,0
0,0,0,0,0,0,0,0,0,0,3,1,0,0,1,3,0,0,6,0,0,0,0,3,0,0,6,0,0,0,7,0,0,0,0,3,1,0,0,0,0,0,0,0,0,0,7,7,0,0,0,5,0,0,0,1,0,0,0,0,0,0,0,0
0,0,0,0,0,0,0,0,0,3,1,0,0,1,3,9,0,6,0,0,0,0,3,13,0,6,0,0,0,7,0,11,0,0,3,1,0,0,0,11,0,0,0,0,0,7,7,3,0,0,5,0,0,0,1,3,0,0,0,0,0,0,0,3
0,0,0,0,0,0,0,0,3,1,0,0,1,3,9,0,6,0,0,0,0,3,13,0,6,0,0,0,7,0,11,0,0,3,1,0,0,0,11,0,0,0,0,0,7,7,3,0,0,5,0,0,0,1,3,0,0,0,0,0,0,0,3,0
0,0,3,1,0,0,1,3,0,0,6,0,0,0,0,3,0,0,6,0,0,0,7,0,0,0,0,3,1,0,0,0,0,0,0,0,0,0,7,7,0,0,0,5,0,0,0,1,0,0,0,0,0,0,0,0,0,1,1,0,5,6,7,6
0,3,1,0,0,1,3,9,0,6,0,0,0,0,3,13,0,6,0,0,0,7,0,11,0,0,3,1,0,0,0,11,0,0,0,0,0,7,7,3,0,0,5,0,0,0,1,3,0,0,0,0,0,0,0,3,1,1,0,5,6,7,6,0
3,1,0,0,1,3,9,0,6,0,0,0,0,3,13,0,6,0,0,0,7,0,11,0,0,3,1,0,0,0,11,0,0,0,0,0,7,7,3,0,0,5,0,0,0,1,3,0,0,0,0,0,0,0,3,0,1,0,5,6,7,6,0,0
0,0,6,0,0,0,0,3,0,0,6,0,0,0,7,0,0,0,0,3,1,0,0,0,0,0,0,0,0,0,7,7,0,0,0,5,0,0,0,1,0,0,0,0,0,0,0,0,0,1,1,0,5,6,7,6,0,0,0,0,0,0,0,0
0,6,0,0,0,0,3,13,0,6,0,0,0,7,0,11,0,0,3,1,0,0,0,11,0,0,0,0,0,7,7,3,0,0,5,0,0,0,1,3,0,0,0,0,0,0,0,3,1,1,0,5,6,7,6,0,0,0,0,0,0,0,0,0
6,0,0,0,0,3,13,0,6,0,0,0,7,0,11,0,0,3,1,0,0,0,11,0,0,0,0,0,7,7,3,0,0,5,0,0,0,1,3,0,0,0,0,0,0,0,3,0,1,0,5,6,7,6,0,0,0,0,0,0,0,0,0,0
0,0,0,0,0,0,0,0,0,31,15,11,15,19,13,14,0,20,9,3,7,11,1,3,0,21,12,3,5,7,11,5,0,21,13,3,0,6,0,3,0,19,11,3,0,5,0,9,0,14,0,1,0,9,6,14,0,12,0,0,11,13,13,13
0,0,0,0,0,0,0,0,31,15,11,15,19,13,14,21,20,9,3,7,11,1,3,23,21,12,3,5,7,11,5,23,21,13,3,0,6,0,3,17,19,11,3,0,5,0,9,21,14,0,1,0,9,6,14,20,12,0,0,11,13,13,13,23
0,0,0,0,0,0,0,0,15,11,15,19,13,14,21,0,9,3,7,11,1,3,23,0,12,3,5,7,11,5,23,0,13,3,0,6,0,3,17,0,11,3,0,5,0,9,21,0,0,1,0,9,6,14,20,0,0,0,11,13,13,13,23,0
0,31,15,11,15,19,13,14,0,20,9,3,7,11,1,3,0,21,12,3,5,7,11,5,0,21,13,3,0,6,0,3,0,19,11,3,0,5,0,9,0,14,0,1,0,9,6,14,0,12,0,0,11,13,13,13,0,23,15,9,12,17,13,18
31,15,11,15,19,13,14,21,20,9,3,7,11,1,3,23,21,12,3,5,7,11,5,23,21,13,3,0,6,0,3,17,19,11,3,0,5,0,9,21,14,0,1,0,9,6,14,20,12,0,0,11,13,13,13,23,23,15,9,12,17,13,18,22
15,11,15,19,13,14,21,0,9,3,7,11,1,3,23,0,12,3,5,7,11,5,23,0,13,3,0,6,0,3,17,0,11,3,0,5,0,9,21,0,0,1,0,9,6,14,20,0,0,0,11,13,13,13,23,0,15,9,12,17,13,18,22,0
0,20,9,3,7,11,1,3,0,21,12,3,5,7,11,5,0,21,13,3,0,6,0,3,0,19,11,3,0,5,0,9,0,14,0,1,0,9,6,14,0,12,0,0,11,13,13,13,0,23,15,9,12,17,13,18,0,0,0,0,0,0,0,0
20,9,3,7,11,1,3,23,21,12,3,5,7,11,5,23,21,13,3,0,6,0,3,17,19,11,3,0,5,0,9,21,14,0,1,0,9,6,14,20,12,0,0,11,13,13,13,23,23,15,9,12,17,13,18,22,0,0,0,0,0,0,0,0
9,3,7,11,1,3,23,0,12,3,5,7,11,5,23,0,13,3,0,6,0,3,17,0,11,3,0,5,0,9,21,0,0,1,0,9,6,14,20,0,0,0,11,13,13,13,23,0,15,9,12,17,13,18,22,0,0,0,0,0,0,0,0,0
0,0,0,0,0,0,0,0,0,0,0,0,0,0,0,0,0,0,0,0,0,0,0,0,0,0,0,0,0,0,0,0,0,0,0,0,0,0,0,0,0,0,0,0,0,0,0,0,0,0,0,0,0,0,0,0,0,0,0,0,0,0,0,0
0,0,0,0,0,0,0,0,0,0,0,0,0,0,0,0,0,0,0,0,0,0,0,0,0,0,0,0,0,0,0,0,0,0,0,0,0,0,0,0,0,0,0,0,0,0,0,0,0,0,0,0,0,0,0,0,0,0,0,0,0,0,0,0
0,0,0,0,0,0,0,0,0,0,0,0,0,0,0,0,0,0,0,0,0,0,0,0,0,0,0,0,0,0,0,0,0,0,0,0,0,0,0,0,0,0,0,0,0,0,0,0,0,0,0,0,0,0,0,0,0,0,0,0,0,0,0,0
0,0,0,0,0,0,0,0,0,0,0,0,0,0,0,0,0,0,0,0,0,0,0,0,0,0,0,0,0,0,0,0,0,0,0,0,0,0,0,0,0,0,0,0,0,0,0,0,0,0,0,0,0,0,0,0,0,0,0,0,0,0,0,0
0,0,0,0,0,0,0,0,0,0,0,0,0,0,0,0,0,0,0,0,0,0,0,0,0,0,0,0,0,0,0,0,0,0,0,0,0,0,0,0,0,0,0,0,0,0,0,0,0,0,0,0,0,0,0,0,0,0,0,0,0,0,0,0
0,0,0,0,0,0,0,0,0,0,0,0,0,0,0,0,0,0,0,0,0,0,0,0,0,0,0,0,0,0,0,0,0,0,0,0,0,0,0,0,0,0,0,0,0,0,0,0,0,0,0,0,0,0,0,0,0,0,0,0,0,0,0,0
0,0,0,0,0,0,0,0,0,0,0,0,0,0,0,0,0,0,0,0,0,0,0,0,0,0,0,0,0,0,0,0,0,0,0,0,0,0,0,0,0,0,0,0,0,0,0,0,0,0,0,0,0,0,0,0,0,0,0,0,0,0,0,0
0,0,0,0,0,0,0,0,0,0,0,0,0,0,0,0,0,0,0,0,0,0,0,0,0,0,0,0,0,0,0,0,0,0,0,0,0,0,0,0,0,0,0,0,0,0,0,0,0,0,0,0,0,0,0,0,0,0,0,0,0,0,0,0
0,0,0,0,0,0,0,0,0,0,0,0,0,0,0,0,0,0,0,0,0,0,0,0,0,0,0,0,0,0,0,0,0,0,0,0,0,0,0,0,0,0,0,0,0,0,0,0,0,0,0,0,0,0,0,0,0,0,0,0,0,0,0,0
0,0,0,0,0,0,0,0,0,3,0,3,3,1,6,1,0,12,3,6,3,7,3,14,0,15,15,11,6,11,1,10,0,14,15,7,15,17,7,11,0,10,18,15,10,7,1,9,0,13,15,22,7,1,3,9,0,26,21,12,15,9,7,3
0,0,0,0,0,0,0,0,3,0,3,3,1,6,1,0,12,3,6,3,7,3,14,0,15,15,11,6,11,1,10,0,14,15,7,15,17,7,11,0,10,18,15,10,7,1,9,0,13,15,22,7,1,3,9,0,26,21,12,15,9,7,3,0
0,0,0,0,0,0,0,0,0,3,3,1,6,1,0,0,3,6,3,7,3,14,0,0,15,11,6,11,1,10,0,0,15,7,15,17,7,11,0,0,18,15,10,7,1,9,0,0,15,22,7,1,3,9,0,0,21,12,15,9,7,3,0,0
0,3,0,3,3,1,6,1,0,12,3,6,3,7,3,14,0,15,15,11,6,11,1,10,0,14,15,7,15,17,7,11,0,10,18,15,10,7,1,9,0,13,15,22,7,1,3,9,0,26,21,12,15,9,7,3,0,24,25,17,24,15,15,13
3,0,3,3,1,6,1,0,12,3,6,3,7,3,14,0,15,15,11,6,11,1,10,0,14,15,7,15,17,7,11,0,10,18,15,10,7,1,9,0,13,15,22,7,1,3,9,0,26,21,12,15,9,7,3,0,24,25,17,24,15,15,13,0
0,3,3,1,6,1,0,0,3,6,3,7,3,14,0,0,15,11,6,11,1,10,0,0,15,7,15,17,7,11,0,0,18,15,10,7,1,9,0,0,15,22,7,1,3,9,0,0,21,12,15,9,7,3,0,0,25,17,24,15,15,13,0,0
0,12,3,6,3,7,3,14,0,15,15,11,6,11,1,10,0,14,15,7,15,17,7,11,0,10,18,15,10,7,1,9,0,13,15,22,7,1,3,9,0,26,21,12,15,9,7,3,0,24,25,17,24,15,15,13,0,0,0,0,0,0,0,0
12,3,6,3,7,3,14,0,15,15,11,6,11,1,10,0,14,15,7,15,17,7,11,0,10,18,15,10,7,1,9,0,13,15,22,7,1,3,9,0,26,21,12,15,9,7,3,0,24,25,17,24,15,15,13,0,0,0,0,0,0,0,0,0
3,6,3,7,3,14,0,0,15,11,6,11,1,10,0,0,15,7,15,17,7,11,0,0,18,15,10,7,1,9,0,0,15,22,7,1,3,9,0,0,21,12,15,9,7,3,0,0,25,17,24,15,15,13,0,0,0,0,0,0,0,0,0,0
0,0,0,0,0,0,0,0,0,0,0,0,0,0,0,0,0,0,0,0,0,0,0,0,0,0,0,7,1,0,0,0,0,0,0,0,0,0,0,0,0,0,0,0,0,0,0,0,0,0,0,0,0,0,0,0,0,0,0,0,0,0,0,0
0,0,0,0,0,0,0,0,0,0,0,0,0,0,0,3,0,0,0,0,0,0,0,7,0,0,7,1,0,0,0,1,0,0,0,0,0,0,0,0,0,0,0,0,0,0,0,0,0,0,0,0,0,0,0,0,0,0,0,0,0,0,0,0
0,0,0,0,0,0,0,0,0,0,0,0,0,0,3,0,0,0,0,0,0,0,7,0,0,7,1,0,0,0,1,0,0,0,0,0,0,0,0,0,0,0,0,0,0,0,0,0,0,0,0,0,0,0,0,0,0,0,0,0,0,0,0,0
0,0,0,0,0,0,0,0,0,0,0,0,0,0,0,0,0,0,0,7,1,0,0,0,0,0,0,0,0,0,0,0,0,0,0,0,0,0,0,0,0,0,0,0,0,0,0,0,0,0,0,0,0,0,0,0,0,0,0,0,0,0,0,0
0,0,0,0,0,0,0,3,0,0,0,0,0,0,0,7,0,0,7,1,0,0,0,1,0,0,0,0,0,0,0,0,0,0,0,0,0,0,0,0,0,0,0,0,0,0,0,0,0,0,0,0,0,0,0,0,0,0,0,0,0,0,0,0
0,0,0,0,0,0,3,0,0,0,0,0,0,0,7,0,0,7,1,0,0,0,1,0,0,0,0,0,0,0,0,0,0,0,0,0,0,0,0,0,0,0,0,0,0,0,0,0,0,0,0,0,0,0,0,0,0,0,0,0,0,0,0,0
0,0,0,0,0,0,0,0,0,0,0,7,1,0,0,0,0,0,0,0,0,0,0,0,0,0,0,0,0,0,0,0,0,0,0,0,0,0,0,0,0,0,0,0,0,0,0,0,0,0,0,0,0,0,0,0,0,0,0,0,0,0,0,0
0,0,0,0,0,0,0,7,0,0,7,1,0,0,0,1,0,0,0,0,0,0,0,0,0,0,0,0,0,0,0,0,0,0,0,0,0,0,0,0,0,0,0,0,0,0,0,0,0,0,0,0,0,0,0,0,0,0,0,0,0,0,0,0
0,0,0,0,0,0,7,0,0,7,1,0,0,0,1,0,0,0,0,0,0,0,0,0,0,0,0,0,0,0,0,0,0,0,0,0,0,0,0,0,0,0,0,0,0,0,0,0,0,0,0,0,0,0,0,0,0,0,0,0,0,0,0,0
0,0,0,0,0,0,0,0,0,0,0,0,0,0,0,0,0,12,15,17,18,17,7,12,0,13,15,26,15,15,5,10,0,5,12,19,12,9,7,11,0,3,23,18,10,11,5,5,0,9,21,10,7,10,9,7,0,0,14,15,3,3,6,7
0,0,0,0,0,0,0,0,0,0,0,0,0,0,0,0,12,15,17,18,17,7,12,0,13,15,26,15,15,5,10,0,5,12,19,12,9,7,11,0,3,23,18,10,11,5,5,0,9,21,10,7,10,9,7,0,0,14,15,3,3,6,7,0
0,0,0,0,0,0,0,0,0,0,0,0,0,0,0,0,15,17,18,17,7,12,0,0,15,26,15,15,5,10,0,0,12,19,12,9,7,11,0,0,23,18,10,11,5,5,0,0,21,10,7,10,9,7,0,0,14,15,3,3,6,7,0,0
0,0,0,0,0,0,0,0,0,12,15,17,18,17,7,12,0,13,15,26,15,15,5,10,0,5,12,19,12,9,7,11,0,3,23,18,10,11,5,5,0,9,21,10,7,10,9,7,0,0,14,15,3,3,6,7,0,0,0,0,0,0,0,0
0,0,0,0,0,0,0,0,12,15,17,18,17,7,12,0,13,15,26,15,15,5,10,0,5,12,19,12,9,7,11,0,3,23,18,10,11,5,5,0,9,21,10,7,10,9,7,0,0,14,15,3,3,6,7,0,0,0,0,0,0,0,0,0
0,0,0,0,0,0,0,0,15,17,18,17,7,12,0,0,15,26,15,15,5,10,0,0,12,19,12,9,7,11,0,0,23,18,10,11,5,5,0,0,21,10,7,10,9,7,0,0,14,15,3,3,6,7,0,0,0,0,0,0,0,0,0,0
0,12,15,17,18,17,7,12,0,13,15,26,15,15,5,10,0,5,12,19,12,9,7,11,0,3,23,18,10,11,5,5,0,9,21,10,7,10,9,7,0,0,14,15,3,3,6,7,0,0,0,0,0,0,0,0,0,0,0,0,0,0,0,0
12,15,17,18,17,7,12,0,13,15,26,15,15,5,10,0,5,12,19,12,9,7,11,0,3,23,18,10,11,5,5,0,9,21,10,7,10,9,7,0,0,14,15,3,3,6,7,0,0,0,0,0,0,0,0,0,0,0,0,0,0,0,0,0
15,17,18,17,7,12,0,0,15,26,15,15,5,10,0,0,12,19,12,9,7,11,0,0,23,18,10,11,5,5,0,0,21,10,7,10,9,7,0,0,14,15,3,3,6,7,0,0,0,0,0,0,0,0,0,0,0,0,0,0,0,0,0,0
0,0,0,0,0,0,0,0,0,0,0,0,0,0,0,0,0,0,0,0,0,0,0,0,0,0,0,0,0,0,0,0,0,0,0,0,0,0,0,0,0,0,0,0,0,0,0,0,0,0,0,0,0,0,0,0,0,0,0,0,0,0,0,0
0,0,0,0,0,0,0,0,0,0,0,0,0,0,0,0,0,0,0,0,0,0,0,0,0,0,0,0,0,0,0,0,0,0,0,0,0,0,0,0,0,0,0,0,0,0,0,0,0,0,0,0,0,0,0,0,0,0,0,0,0,0,0,0
0,0,0,0,0,0,0,0,0,0,0,0,0,0,0,0,0,0,0,0,0,0,0,0,0,0,0,0,0,0,0,0,0,0,0,0,0,0,0,0,0,0,0,0,0,0,0,0,0,0,0,0,0,0,0,0,0,0,0,0,0,0,0,0
0,0,0,0,0,0,0,0,0,0,0,0,0,0,0,0,0,0,0,0,0,0,0,0,0,0,0,0,0,0,0,0,0,0,0,0,0,0,0,0,0,0,0,0,0,0,0,0,0,0,0,0,0,0,0,0,0,0,0,0,0,0,0,0
0,0,0,0,0,0,0,0,0,0,0,0,0,0,0,0,0,0,0,0,0,0,0,0,0,0,0,0,0,0,0,0,0,0,0,0,0,0,0,0,0,0,0,0,0,0,0,0,0,0,0,0,0,0,0,0,0,0,0,0,0,0,0,0
0,0,0,0,0,0,0,0,0,0,0,0,0,0,0,0,0,0,0,0,0,0,0,0,0,0,0,0,0,0,0,0,0,0,0,0,0,0,0,0,0,0,0,0,0,0,0,0,0,0,0,0,0,0,0,0,0,0,0,0,0,0,0,0
0,0,0,0,0,0,0,0,0,0,0,0,0,0,0,0,0,0,0,0,0,0,0,0,0,0,0,0,0,0,0,0,0,0,0,0,0,0,0,0,0,0,0,0,0,0,0,0,0,0,0,0,0,0,0,0,0,0,0,0,0,0,0,0
0,0,0,0,0,0,0,0,0,0,0,0,0,0,0,0,0,0,0,0,0,0,0,0,0,0,0,0,0,0,0,0,0,0,0,0,0,0,0,0,0,0,0,0,0,0,0,0,0,0,0,0,0,0,0,0,0,0,0,0,0,0,0,0
0,0,0,0,0,0,0,0,0,0,0,0,0,0,0,0,0,0,0,0,0,0,0,0,0,0,0,0,0,0,0,0,0,0,0,0,0,0,0,0,0,0,0,0,0,0,0,0,0,0,0,0,0,0,0,0,0,0,0,0,0,0,0,0
0,0,0,0,0,0,0,0,0,0,0,0,0,0,0,0,0,0,0,0,0,0,0,0,0,0,0,0,0,0,0,0,0,0,0,0,0,0,0,0,0,0,0,0,0,0,0,0,0,0,0,0,0,0,0,0,0,0,0,0,0,0,0,0
0,0,0,0,0,0,0,0,0,0,0,0,0,0,0,0,0,0,0,0,0,0,0,0,0,0,0,0,0,0,0,0,0,0,0,0,0,0,0,0,0,0,0,0,0,0,0,0,0,0,0,0,0,0,0,0,0,0,0,0,0,0,0,0
0,0,0,0,0,0,0,0,0,0,0,0,0,0,0,0,0,0,0,0,0,0,0,0,0,0,0,0,0,0,0,0,0,0,0,0,0,0,0,0,0,0,0,0,0,0,0,0,0,0,0,0,0,0,0,0,0,0,0,0,0,0,0,0
0,0,0,0,0,0,0,0,0,0,0,0,0,0,0,0,0,0,0,0,0,0,0,0,0,0,0,0,0,0,0,0,0,0,0,0,0,0,0,0,0,0,0,0,0,0,0,0,0,0,0,0,0,0,0,0,0,0,0,0,0,0,0,0
0,0,0,0,0,0,0,0,0,0,0,0,0,0,0,0,0,0,0,0,0,0,0,0,0,0,0,0,0,0,0,0,0,0,0,0,0,0,0,0,0,0,0,0,0,0,0,0,0,0,0,0,0,0,0,0,0,0,0,0,0,0,0,0
0,0,0,0,0,0,0,0,0,0,0,0,0,0,0,0,0,0,0,0,0,0,0,0,0,0,0,0,0,0,0,0,0,0,0,0,0,0,0,0,0,0,0,0,0,0,0,0,0,0,0,0,0,0,0,0,0,0,0,0,0,0,0,0
0,0,0,0,0,0,0,0,0,0,0,0,0,0,0,0,0,0,0,0,0,0,0,0,0,0,0,0,0,0,0,0,0,0,0,0,0,0,0,0,0,0,0,0,0,0,0,0,0,0,0,0,0,0,0,0,0,0,0,0,0,0,0,0
0,0,0,0,0,0,0,0,0,0,0,0,0,0,0,0,0,0,0,0,0,0,0,0,0,0,0,0,0,0,0,0,0,0,0,0,0,0,0,0,0,0,0,0,0,0,0,0,0,0,0,0,0,0,0,0,0,0,0,0,0,0,0,0
0,0,0,0,0,0,0,0,0,0,0,0,0,0,0,0,0,0,0,0,0,0,0,0,0,0,0,0,0,0,0,0,0,0,0,0,0,0,0,0,0,0,0,0,0,0,0,0,0,0,0,0,0,0,0,0,0,0,0,0,0,0,0,0
0,0,0,0,0,0,0,0,0,1,0,1,0,0,3,3,0,0,0,0,0,0,0,0,0,0,0,0,0,0,0,0,0,0,0,0,0,0,0,0,0,0,3,0,0,0,0,0,0,0,14,7,0,0,0,0,0,5,0,7,0,0,0,0
0,0,0,0,0,0,0,0,1,0,1,0,0,3,3,11,0,0,0,0,0,0,0,5,0,0,0,0,0,0,0,11,0,0,0,0,0,0,0,7,0,3,0,0,0,0,0,7,0,14,7,0,0,0,0,12,5,0,7,0,0,0,0,13
0,0,0,0,0,0,0,0,0,1,0,0,3,3,11,0,0,0,0,0,0,0,5,0,0,0,0,0,0,0,11,0,0,0,0,0,0,0,7,0,3,0,0,0,0,0,7,0,14,7,0,0,0,0,12,0,0,7,0,0,0,0,13,0
0,1,0,1,0,0,3,3,0,0,0,0,0,0,0,0,0,0,0,0,0,0,0,0,0,0,0,0,0,0,0,0,0,0,3,0,0,0,0,0,0,0,14,7,0,0,0,0,0,5,0,7,0,0,0,0,0,0,0,0,0,0,0,0
1,0,1,0,0,3,3,11,0,0,0,0,0,0,0,5,0,0,0,0,0,0,0,11,0,0,0,0,0,0,0,7,0,3,0,0,0,0,0,7,0,14,7,0,0,0,0,12,5,0,7,0,0,0,0,13,0,0,0,0,0,0,0,7
0,1,0,0,3,3,11,0,0,0,0,0,0,0,5,0,0,0,0,0,0,0,11,0,0,0,0,0,0,0,7,0,3,0,0,0,0,0,7,0,14,7,0,0,0,0,12,0,0,7,0,0,0,0,13,0,0,0,0,0,0,0,7,0
0,0,0,0,0,0,0,0,0,0,0,0,0,0,0,0,0,0,0,0,0,0,0,0,0,0,3,0,0,0,0,0,0,0,14,7,0,0,0,0,0,5,0,7,0,0,0,0,0,0,0,0,0,0,0,0,0,0,0,0,0,0,0,0
0,0,0,0,0,0,0,5,0,0,0,0,0,0,0,11,0,0,0,0,0,0,0,7,0,3,0,0,0,0,0,7,0,14,7,0,0,0,0,12,5,0,7,0,0,0,0,13,0,0,0,0,0,0,0,7,0,0,0,0,0,0,0,0
0,0,0,0,0,0,5,0,0,0,0,0,0,0,11,0,0,0,0,0,0,0,7,0,3,0,0,0,0,0,7,0,14,7,0,0,0,0,12,0,0,7,0,0,0,0,13,0,0,0,0,0,0,0,7,0,0,0,0,0,0,0,0,0
0,0,0,0,0,0,0,0,0,0,0,0,0,0,0,0,0,0,0,0,0,0,0,0,0,0,0,0,0,0,0,0,0,0,0,0,0,0,0,0,0,0,0,3,0,0,0,0,0,0,0,0,0,0,0,0,0,0,0,0,0,0,0,0
0,0,0,0,0,0,0,0,0,0,0,0,0,0,0,0,0,0,0,0,0,0,0,0,0,0,0,0,0,0,0,0,0,0,0,0,0,0,0,0,0,0,3,0,0,0,0,0,0,0,0,0,0,0,0,0,0,0,0,0,0,0,0,0
0,0,0,0,0,0,0,0,0,0,0,0,0,0,0,0,0,0,0,0,0,0,0,0,0,0,0,0,0,0,0,0,0,0,0,0,0,0,0,0,0,3,0,0,0,0,0,0,0,0,0,0,0,0,0,0,0,0,0,0,0,0,0,0
0,0,0,0,0,0,0,0,0,0,0,0,0,0,0,0,0,0,0,0,0,0,0,0,0,0,0,0,0,0,0,0,0,0,0,3,0,0,0,0,0,0,0,0,0,0,0,0,0,0,0,0,0,0,0,0,0,0,0,0,0,0,0,0
0,0,0,0,0,0,0,0,0,0,0,0,0,0,0,0,0,0,0,0,0,0,0,0,0,0,0,0,0,0,0,0,0,0,3,0,0,0,0,0,0,0,0,0,0,0,0,0,0,0,0,0,0,0,0,0,0,0,0,0,0,0,0,0
0,0,0,0,0,0,0,0,0,0,0,0,0,0,0,0,0,0,0,0,0,0,0,0,0,0,0,0,0,0,0,0,0,3,0,0,0,0,0,0,0,0,0,0,0,0,0,0,0,0,0,0,0,0,0,0,0,0,0,0,0,0,0,0
0,0,0,0,0,0,0,0,0,0,0,0,0,0,0,0,0,0,0,0,0,0,0,0,0,0,0,3,0,0,0,0,0,0,0,0,0,0,0,0,0,0,0,0,0,0,0,0,0,0,0,0,0,0,0,0,0,0,0,0,0,0,0,0
0,0,0,0,0,0,0,0,0,0,0,0,0,0,0,0,0,0,0,0,0,0,0,0,0,0,3,0,0,0,0,0,0,0,0,0,0,0,0,0,0,0,0,0,0,0,0,0,0,0,0,0,0,0,0,0,0,0,0,0,0,0,0,0
0,0,0,0,0,0,0,0,0,0,0,0,0,0,0,0,0,0,0,0,0,0,0,0,0,3,0,0,0,0,0,0,0,0,0,0,0,0,0,0,0,0,0,0,0,0,0,0,0,0,0,0,0,0,0,0,0,0,0,0,0,0,0,0
0,0,0,0,0,0,0,0,0,0,0,0,0,0,0,0,0,0,0,0,0,0,0,0,0,0,0,0,0,0,0,0,0,0,0,0,0,0,0,0,0,0,0,0,0,0,0,0,0,0,0,0,0,0,0,0,0,0,0,0,0,0,0,0
0,0,0,0,0,0,0,0,0,0,0,0,0,0,0,0,0,0,0,0,0,0,0,0,0,0,0,0,0,0,0,0,0,0,0,0,0,0,0,0,0,0,0,0,0,0,0,0,0,0,0,0,0,0,0,0,0,0,0,0,0,0,0,0
0,0,0,0,0,0,0,0,0,0,0,0,0,0,0,0,0,0,0,0,0,0,0,0,0,0,0,0,0,0,0,0,0,0,0,0,0,0,0,0,0,0,0,0,0,0,0,0,0,0,0,0,0,0,0,0,0,0,0,0,0,0,0,0
0,0,0,0,0,0,0,0,0,0,0,0,0,0,0,0,0,0,0,0,0,0,0,0,0,0,0,0,0,0,0,0,0,0,0,0,0,0,0,0,0,0,0,0,0,0,0,0,0,0,0,0,0,0,0,0,0,0,0,0,0,0,0,0
0,0,0,0,0,0,0,0,0,0,0,0,0,0,0,0,0,0,0,0,0,0,0,0,0,0,0,0,0,0,0,0,0,0,0,0,0,0,0,0,0,0,0,0,0,0,0,0,0,0,0,0,0,0,0,0,0,0,0,0,0,0,0,0
0,0,0,0,0,0,0,0,0,0,0,0,0,0,0,0,0,0,0,0,0,0,0,0,0,0,0,0,0,0,0,0,0,0,0,0,0,0,0,0,0,0,0,0,0,0,0,0,0,0,0,0,0,0,0,0,0,0,0,0,0,0,0,0
0,0,0,0,0,0,0,0,0,0,0,0,0,0,0,0,0,0,0,0,0,0,0,0,0,0,0,0,0,0,0,0,0,0,0,0,0,0,0,0,0,0,0,0,0,0,0,0,0,0,0,0,0,0,0,0,0,0,0,0,0,0,0,0
0,0,0,0,0,0,0,0,0,0,0,0,0,0,0,0,0,0,0,0,0,0,0,0,0,0,0,0,0,0,0,0,0,0,0,0,0,0,0,0,0,0,0,0,0,0,0,0,0,0,0,0,0,0,0,0,0,0,0,0,0,0,0,0
0,0,0,0,0,0,0,0,0,0,0,0,0,0,0,0,0,0,0,0,0,0,0,0,0,0,0,0,0,0,0,0,0,0,0,0,0,0,0,0,0,0,0,0,0,0,0,0,0,0,0,0,0,0,0,0,0,0,0,0,0,0,0,0
0,0,0,0,0,0,0,0,0,14,1,3,1,0,1,3,0,5,0,0,0,0,0,3,0,9,0,0,0,0,1,5,0,12,0,7,9,1,10,0,0,3,3,0,10,1,1,3,0,6,7,0,7,0,1,1,0,9,7,6,0,0,1,0
0,0,0,0,0,0,0,0,14,1,3,1,0,1,3,6,5,0,0,0,0,0,3,3,9,0,0,0,0,1,5,9,12,0,7,9,1,10,0,11,3,3,0,10,1,1,3,15,6,7,0,7,0,1,1,12,9,7,6,0,0,1,0,12
0,0,0,0,0,0,0,0,1,3,1,0,1,3,6,0,0,0,0,0,0,3,3,0,0,0,0,0,1,5,9,0,0,7,9,1,10,0,11,0,3,0,10,1,1,3,15,0,7,0,7,0,1,1,12,0,7,6,0,0,1,0,12,0
0,14,1,3,1,0,1,3,0,5,0,0,0,0,0,3,0,9,0,0,0,0,1,5,0,12,0,7,9,1,10,0,0,3,3,0,10,1,1,3,0,6,7,0,7,0,1,1,0,9,7,6,0,0,1,0,0,23,19,15,19,20,19,19
14,1,3,1,0,1,3,6,5,0,0,0,0,0,3,3,9,0,0,0,0,1,5,9,12,0,7,9,1,10,0,11,3,3,0,10,1,1,3,15,6,7,0,7,0,1,1,12,9,7,6,0,0,1,0,12,23,19,15,19,20,19,19,19
1,3,1,0,1,3,6,0,0,0,0,0,0,3,3,0,0,0,0,0,1,5,9,0,0,7,9,1,10,0,11,0,3,0,10,1,1,3,15,0,7,0,7,0,1,1,12,0,7,6,0,0,1,0,12,0,19,15,19,20,19,19,19,0
0,5,0,0,0,0,0,3,0,9,0,0,0,0,1,5,0,12,0,7,9,1,10,0,0,3,3,0,10,1,1,3,0,6,7,0,7,0,1,1,0,9,7,6,0,0,1,0,0,23,19,15,19,20,19,19,0,0,0,0,0,0,0,0
5,0,0,0,0,0,3,3,9,0,0,0,0,1,5,9,12,0,7,9,1,10,0,11,3,3,0,10,1,1,3,15,6,7,0,7,0,1,1,12,9,7,6,0,0,1,0,12,23,19,15,19,20,19,19,19,0,0,0,0,0,0,0,0
0,0,0,0,0,3,3,0,0,0,0,0,1,5,9,0,0,7,9,1,10,0,11,0,3,0,10,1,1,3,15,0,7,0,7,0,1,1,12,0,7,6,0,0,1,0,12,0,19,15,19,20,19,19,19,0,0,0,0,0,0,0,0,0
0,0,0,0,0,0,0,0,0,0,0,0,0,0,0,0,0,0,0,0,0,0,0,0,0,0,0,0,0,0,0,0,0,0,0,0,0,0,0,0,0,0,0,0,0,0,0,0,0,0,0,0,0,0,0,0,0,0,0,0,0,0,0,0
0,0,0,0,0,0,0,0,0,0,0,0,0,0,0,0,0,0,0,0,0,0,0,0,0,0,0,0,0,0,0,0,0,0,0,0,0,0,0,0,0,0,0,0,0,0,0,0,0,0,0,0,0,0,0,0,0,0,0,0,0,0,0,0
0,0,0,0,0,0,0,0,0,0,0,0,0,0,0,0,0,0,0,0,0,0,0,0,0,0,0,0,0,0,0,0,0,0,0,0,0,0,0,0,0,0,0,0,0,0,0,0,0,0,0,0,0,0,0,0,0,0,0,0,0,0,0,0
0,0,0,0,0,0,0,0,0,0,0,0,0,0,0,0,0,0,0,0,0,0,0,0,0,0,0,0,0,0,0,0,0,0,0,0,0,0,0,0,0,0,0,0,0,0,0,0,0,0,0,0,0,0,0,0,0,0,0,0,0,0,0,0
0,0,0,0,0,0,0,0,0,0,0,0,0,0,0,0,0,0,0,0,0,0,0,0,0,0,0,0,0,0,0,0,0,0,0,0,0,0,0,0,0,0,0,0,0,0,0,0,0,0,0,0,0,0,0,0,0,0,0,0,0,0,0,0
0,0,0,0,0,0,0,0,0,0,0,0,0,0,0,0,0,0,0,0,0,0,0,0,0,0,0,0,0,0,0,0,0,0,0,0,0,0,0,0,0,0,0,0,0,0,0,0,0,0,0,0,0,0,0,0,0,0,0,0,0,0,0,0
0,0,0,0,0,0,0,0,0,0,0,0,0,0,0,0,0,0,0,0,0,0,0,0,0,0,0,0,0,0,0,0,0,0,0,0,0,0,0,0,0,0,0,0,0,0,0,0,0,0,0,0,0,0,0,0,0,0,0,0,0,0,0,0
0,0,0,0,0,0,0,0,0,0,0,0,0,0,0,0,0,0,0,0,0,0,0,0,0,0,0,0,0,0,0,0,0,0,0,0,0,0,0,0,0,0,0,0,0,0,0,0,0,0,0,0,0,0,0,0,0,0,0,0,0,0,0,0
0,0,0,0,0,0,0,0,0,0,0,0,0,0,0,0,0,0,0,0,0,0,0,0,0,0,0,0,0,0,0,0,0,0,0,0,0,0,0,0,0,0,0,0,0,0,0,0,0,0,0,0,0,0,0,0,0,0,0,0,0,0,0,0
0,0,0,0,0,0,0,0,0,15,1,0,9,6,0,7,0,14,3,6,3,3,0,7,0,14,7,0,5,7,3,10,0,12,12,0,5,0,0,6,0,0,3,3,3,3,15,3,0,0,3,7,0,0,1,1,0,13,0,9,0,0,0,0
0,0,0,0,0,0,0,0,15,1,0,9,6,0,7,0,14,3,6,3,3,0,7,0,14,7,0,5,7,3,10,0,12,12,0,5,0,0,6,0,0,3,3,3,3,15,3,0,0,3,7,0,0,1,1,0,13,0,9,0,0,0,0,0
0,0,0,0,0,0,0,0,1,0,9,6,0,7,0,0,3,6,3,3,0,7,0,0,7,0,5,7,3,10,0,0,12,0,5,0,0,6,0,0,3,3,3,3,15,3,0,0,3,7,0,0,1,1,0,0,0,9,0,0,0,0,0,0
0,15,1,0,9,6,0,7,0,14,3,6,3,3,0,7,0,14,7,0,5,7,3,10,0,12,12,0,5,0,0,6,0,0,3,3,3,3,15,3,0,0,3,7,0,0,1,1,0,13,0,9,0,0,0,0,0,9,7,0,0,0,0,0
15,1,0,9,6,0,7,0,14,3,6,3,3,0,7,0,14,7,0,5,7,3,10,0,12,12,0,5,0,0,6,0,0,3,3,3,3,15,3,0,0,3,7,0,0,1,1,0,13,0,9,0,0,0,0,0,9,7,0,0,0,0,0,0
1,0,9,6,0,7,0,0,3,6,3,3,0,7,0,0,7,0,5,7,3,10,0,0,12,0,5,0,0,6,0,0,3,3,3,3,15,3,0,0,3,7,0,0,1,1,0,0,0,9,0,0,0,0,0,0,7,0,0,0,0,0,0,0
0,14,3,6,3,3,0,7,0,14,7,0,5,7,3,10,0,12,12,0,5,0,0,6,0,0,3,3,3,3,15,3,0,0,3,7,0,0,1,1,0,13,0,9,0,0,0,0,0,9,7,0,0,0,0,0,0,0,0,0,0,0,0,0
14,3,6,3,3,0,7,0,14,7,0,5,7,3,10,0,12,12,0,5,0,0,6,0,0,3,3,3,3,15,3,0,0,3,7,0,0,1,1,0,13,0,9,0,0,0,0,0,9,7,0,0,0,0,0,0,0,0,0,0,0,0,0,0
3,6,3,3,0,7,0,0,7,0,5,7,3,10,0,0,12,0,5,0,0,6,0,0,3,3,3,3,15,3,0,0,3,7,0,0,1,1,0,0,0,9,0,0,0,0,0,0,7,0,0,0,0,0,0,0,0,0,0,0,0,0,0,0
0,0,0,0,0,0,0,0,0,0,0,0,0,0,0,0,0,0,0,0,0,0,0,0,0,0,0,0,0,0,0,0,0,0,0,0,0,0,0,0,0,0,0,0,0,0,0,0,0,0,0,0,0,0,0,0,0,0,0,0,0,0,0,0
0,0,0,0,0,0,0,0,0,0,0,0,0,0,0,0,0,0,0,0,0,0,0,0,0,0,0,0,0,0,0,0,0,0,0,0,0,0,0,0,0,0,0,0,0,0,0,0,0,0,0,0,0,0,0,0,0,0,0,0,0,0,0,0
0,0,0,0,0,0,0,0,0,0,0,0,0,0,0,0,0,0,0,0,0,0,0,0,0,0,0,0,0,0,0,0,0,0,0,0,0,0,0,0,0,0,0,0,0,0,0,0,0,0,0,0,0,0,0,0,0,0,0,0,0,0,0,0
0,0,0,0,0,0,0,0,0,0,0,0,0,0,0,0,0,0,0,0,0,0,0,0,0,0,0,0,0,0,0,0,0,0,0,0,0,0,0,0,0,0,0,0,0,0,0,0,0,0,0,0,0,0,0,0,0,0,0,0,0,0,0,0
0,0,0,0,0,0,0,0,0,0,0,0,0,0,0,0,0,0,0,0,0,0,0,0,0,0,0,0,0,0,0,0,0,0,0,0,0,0,0,0,0,0,0,0,0,0,0,0,0,0,0,0,0,0,0,0,0,0,0,0,0,0,0,0
0,0,0,0,0,0,0,0,0,0,0,0,0,0,0,0,0,0,0,0,0,0,0,0,0,0,0,0,0,0,0,0,0,0,0,0,0,0,0,0,0,0,0,0,0,0,0,0,0,0,0,0,0,0,0,0,0,0,0,0,0,0,0,0
0,0,0,0,0,0,0,0,0,0,0,0,0,0,0,0,0,0,0,0,0,0,0,0,0,0,0,0,0,0,0,0,0,0,0,0,0,0,0,0,0,0,0,0,0,0,0,0,0,0,0,0,0,0,0,0,0,0,0,0,0,0,0,0
0,0,0,0,0,0,0,0,0,0,0,0,0,0,0,0,0,0,0,0,0,0,0,0,0,0,0,0,0,0,0,0,0,0,0,0,0,0,0,0,0,0,0,0,0,0,0,0,0,0,0,0,0,0,0,0,0,0,0,0,0,0,0,0
0,0,0,0,0,0,0,0,0,0,0,0,0,0,0,0,0,0,0,0,0,0,0,0,0,0,0,0,0,0,0,0,0,0,0,0,0,0,0,0,0,0,0,0,0,0,0,0,0,0,0,0,0,0,0,0,0,0,0,0,0,0,0,0
0,0,0,0,0,0,0,0,0,30,42,34,40,40,45,43,0,27,31,31,36,36,45,47,0,26,34,41,37,31,37,39,0,22,28,34,34,35,31,42,0,14,26,30,34,38,33,33,0,22,27,28,31,36,39,33,0,26,28,43,49,44,38,28
0,0,0,0,0,0,0,0,30,42,34,40,40,45,43,41,27,31,31,36,36,45,47,35,26,34,41,37,31,37,39,31,22,28,34,34,35,31,42,36,14,26,30,34,38,33,33,31,22,27,28,31,36,39,33,21,26,28,43,49,44,38,28,30
0,0,0,0,0,0,0,0,42,34,40,40,45,43,41,0,31,31,36,36,45,47,35,0,34,41,37,31,37,39,31,0,28,34,34,35,31,42,36,0,26,30,34,38,33,33,31,0,27,28,31,36,39,33,21,0,28,43,49,44,38,28,30,0
0,30,42,34,40,40,45,43,0,27,31,31,36,36,45,47,0,26,34,41,37,31,37,39,0,22,28,34,34,35,31,42,0,14,26,30,34,38,33,33,0,22,27,28,31,36,39,33,0,26,28,43,49,44,38,28,0,27,30,36,38,31,31,25
30,42,34,40,40,45,43,41,27,31,31,36,36,45,47,35,26,34,41,37,31,37,39,31,22,28,34,34,35,31,42,36,14,26,30,34,38,33,33,31,22,27,28,31,36,39,33,21,26,28,43,49,44,38,28,30,27,30,36,38,31,31,25,26
42,34,40,40,45,43,41,0,31,31,36,36,45,47,35,0,34,41,37,31,37,39,31,0,28,34,34,35,31,42,36,0,26,30,34,38,33,33,31,0,27,28,31,36,39,33,21,0,28,43,49,44,38,28,30,0,30,36,38,31,31,25,26,0
0,27,31,31,36,36,45,47,0,26,34,41,37,31,37,39,0,22,28,34,34,35,31,42,0,14,26,30,34,38,33,33,0,22,27,28,31,36,39,33,0,26,28,43,49,44,38,28,0,27,30,36,38,31,31,25,0,0,0,0,0,0,0,0
27,31,31,36,36,45,47,35,26,34,41,37,31,37,39,31,22,28,34,34,35,31,42,36,14,26,30,34,38,33,33,31,22,27,28,31,36,39,33,21,26,28,43,49,44,38,28,30,27,30,36,38,31,31,25,26,0,0,0,0,0,0,0,0
31,31,36,36,45,47,35,0,34,41,37,31,37,39,31,0,28,34,34,35,31,42,36,0,26,30,34,38,33,33,31,0,27,28,31,36,39,33,21,0,28,43,49,44,38,28,30,0,30,36,38,31,31,25,26,0,0,0,0,0,0,0,0,0
0,0,0,0,0,0,0,0,0,5,3,0,0,0,0,0,0,0,0,0,0,0,0,0,0,3,0,0,0,0,0,0,0,0,0,3,0,0,0,0,0,3,0,0,0,0,0,0,0,3,0,0,0,0,0,0,0,0,0,0,0,0,0,0
0,0,0,0,0,0,0,0,5,3,0,0,0,0,0,0,0,0,0,0,0,0,0,0,3,0,0,0,0,0,0,0,0,0,3,0,0,0,0,0,3,0,0,0,0,0,0,0,3,0,0,0,0,0,0,0,0,0,0,0,0,0,0,0
0,0,0,0,0,0,0,0,3,0,0,0,0,0,0,0,0,0,0,0,0,0,0,0,0,0,0,0,0,0,0,0,0,3,0,0,0,0,0,0,0,0,0,0,0,0,0,0,0,0,0,0,0,0,0,0,0,0,0,0,0,0,0,0
0,5,3,0,0,0,0,0,0,0,0,0,0,0,0,0,0,3,0,0,0,0,0,0,0,0,0,3,0,0,0,0,0,3,0,0,0,0,0,0,0,3,0,0,0,0,0,0,0,0,0,0,0,0,0,0,0,0,0,0,0,0,0,0
5,3,0,0,0,0,0,0,0,0,0,0,0,0,0,0,3,0,0,0,0,0,0,0,0,0,3,0,0,0,0,0,3,0,0,0,0,0,0,0,3,0,0,0,0,0,0,0,0,0,0,0,0,0,0,0,0,0,0,0,0,0,0,0
3,0,0,0,0,0,0,0,0,0,0,0,0,0,0,0,0,0,0,0,0,0,0,0,0,3,0,0,0,0,0,0,0,0,0,0,0,0,0,0,0,0,0,0,0,0,0,0,0,0,0,0,0,0,0,0,0,0,0,0,0,0,0,0
0,0,0,0,0,0,0,0,0,3,0,0,0,0,0,0,0,0,0,3,0,0,0,0,0,3,0,0,0,0,0,0,0,3,0,0,0,0,0,0,0,0,0,0,0,0,0,0,0,0,0,0,0,0,0,0,0,0,0,0,0,0,0,0
0,0,0,0,0,0,0,0,3,0,0,0,0,0,0,0,0,0,3,0,0,0,0,0,3,0,0,0,0,0,0,0,3,0,0,0,0,0,0,0,0,0,0,0,0,0,0,0,0,0,0,0,0,0,0,0,0,0,0,0,0,0,0,0
0,0,0,0,0,0,0,0,0,0,0,0,0,0,0,0,0,3,0,0,0,0,0,0,0,0,0,0,0,0,0,0,0,0,0,0,0,0,0,0,0,0,0,0,0,0,0,0,0,0,0,0,0,0,0,0,0,0,0,0,0,0,0,0
0,0,0,0,0,0,0,0,0,0,0,0,0,0,0,0,0,0,0,0,0,0,0,0,0,0,7,0,0,0,0,0,0,0,0,0,0,0,0,0,0,0,0,0,0,0,0,0,0,0,0,0,0,0,0,0,0,7,13,5,7,0,0,0
0,0,0,0,0,0,0,0,0,0,0,0,0,0,0,0,0,0,0,0,0,0,0,0,0,7,0,0,0,0,0,0,0,0,0,0,0,0,0,0,0,0,0,0,0,0,0,0,0,0,0,0,0,0,0,0,7,13,5,7,0,0,0,0
0,0,0,0,0,0,0,0,0,0,0,0,0,0,0,0,0,0,0,0,0,0,0,0,7,0,0,0,0,0,0,0,0,0,0,0,0,0,0,0,0,0,0,0,0,0,0,0,0,0,0,0,0,0,0,0,13,5,7,0,0,0,0,0
0,0,0,0,0,0,0,0,0,0,0,0,0,0,0,0,0,0,7,0,0,0,0,0,0,0,0,0,0,0,0,0,0,0,0,0,0,0,0,0,0,0,0,0,0,0,0,0,0,7,13,5,7,0,0,0,0,17,13,7,7,9,10,14
0,0,0,0,0,0,0,0,0,0,0,0,0,0,0,0,0,7,0,0,0,0,0,0,0,0,0,0,0,0,0,0,0,0,0,0,0,0,0,0,0,0,0,0,0,0,0,0,7,13,5,7,0,0,0,0,17,13,7,7,9,10,14,5
0,0,0,0,0,0,0,0,0,0,0,0,0,0,0,0,7,0,0,0,0,0,0,0,0,0,0,0,0,0,0,0,0,0,0,0,0,0,0,0,0,0,0,0,0,0,0,0,13,5,7,0,0,0,0,0,13,7,7,9,10,14,5,0
0,0,0,0,0,0,0,0,0,0,7,0,0,0,0,0,0,0,0,0,0,0,0,0,0,0,0,0,0,0,0,0,0,0,0,0,0,0,0,0,0,7,13,5,7,0,0,0,0,17,13,7,7,9,10,14,0,0,0,0,0,0,0,0
0,0,0,0,0,0,0,0,0,7,0,0,0,0,0,0,0,0,0,0,0,0,0,0,0,0,0,0,0,0,0,0,0,0,0,0,0,0,0,0,7,13,5,7,0,0,0,0,17,13,7,7,9,10,14,5,0,0,0,0,0,0,0,0
0,0,0,0,0,0,0,0,7,0,0,0,0,0,0,0,0,0,0,0,0,0,0,0,0,0,0,0,0,0,0,0,0,0,0,0,0,0,0,0,13,5,7,0,0,0,0,0,13,7,7,9,10,14,5,0,0,0,0,0,0,0,0,0
0,0,0,0,0,0,0,0,0,34,40,48,49,47,53,50,0,13,17,17,14,14,19,14,0,15,15,12,19,20,17,20,0,18,20,14,11,20,13,22,0,14,10,24,17,7,18,25,0,15,3,15,12,15,12,15,0,24,14,11,20,19,14,15
0,0,0,0,0,0,0,0,34,40,48,49,47,53,50,57,13,17,17,14,14,19,14,35,15,15,12,19,20,17,20,31,18,20,14,11,20,13,22,31,14,10,24,17,7,18,25,31,15,3,15,12,15,12,15,19,24,14,11,20,19,14,15,23
0,0,0,0,0,0,0,0,40,48,49,47,53,50,57,0,17,17,14,14,19,14,35,0,15,12,19,20,17,20,31,0,20,14,11,20,13,22,31,0,10,24,17,7,18,25,31,0,3,15,12,15,12,15,19,0,14,11,20,19,14,15,23,0
0,34,40,48,49,47,53,50,0,13,17,17,14,14,19,14,0,15,15,12,19,20,17,20,0,18,20,14,11,20,13,22,0,14,10,24,17,7,18,25,0,15,3,15,12,15,12,15,0,24,14,11,20,19,14,15,0,24,21,11,12,12,11,12
34,40,48,49,47,53,50,57,13,17,17,14,14,19,14,35,15,15,12,19,20,17,20,31,18,20,14,11,20,13,22,31,14,10,24,17,7,18,25,31,15,3,15,12,15,12,15,19,24,14,11,20,19,14,15,23,24,21,11,12,12,11,12,17
40,48,49,47,53,50,57,0,17,17,14,14,19,14,35,0,15,12,19,20,17,20,31,0,20,14,11,20,13,22,31,0,10,24,17,7,18,25,31,0,3,15,12,15,12,15,19,0,14,11,20,19,14,15,23,0,21,11,12,12,11,12,17,0
0,13,17,17,14,14,19,14,0,15,15,12,19,20,17,20,0,18,20,14,11,20,13,22,0,14,10,24,17,7,18,25,0,15,3,15,12,15,12,15,0,24,14,11,20,19,14,15,0,24,21,11,12,12,11,12,0,0,0,0,0,0,0,0
13,17,17,14,14,19,14,35,15,15,12,19,20,17,20,31,18,20,14,11,20,13,22,31,14,10,24,17,7,18,25,31,15,3,15,12,15,12,15,19,24,14,11,20,19,14,15,23,24,21,11,12,12,11,12,17,0,0,0,0,0,0,0,0
17,17,14,14,19,14,35,0,15,12,19,20,17,20,31,0,20,14,11,20,13,22,31,0,10,24,17,7,18,25,31,0,3,15,12,15,12,15,19,0,14,11,20,19,14,15,23,0,21,11,12,12,11,12,17,0,0,0,0,0,0,0,0,0
0,0,0,0,0,0,0,0,0,21,31,34,22,26,17,23,0,17,44,36,24,27,31,28,0,20,36,28,39,34,31,33,0,17,35,38,37,28,34,31,0,21,38,44,27,31,30,37,0,11,42,28,23,22,21,35,0,0,34,23,21,21,26,30
0,0,0,0,0,0,0,0,21,31,34,22,26,17,23,38,17,44,36,24,27,31,28,49,20,36,28,39,34,31,33,45,17,35,38,37,28,34,31,47,21,38,44,27,31,30,37,43,11,42,28,23,22,21,35,41,0,34,23,21,21,26,30,33
0,0,0,0,0,0,0,0,31,34,22,26,17,23,38,0,44,36,24,27,31,28,49,0,36,28,39,34,31,33,45,0,35,38,37,28,34,31,47,0,38,44,27,31,30,37,43,0,42,28,23,22,21,35,41,0,34,23,21,21,26,30,33,0
0,21,31,34,22,26,17,23,0,17,44,36,24,27,31,28,0,20,36,28,39,34,31,33,0,17,35,38,37,28,34,31,0,21,38,44,27,31,30,37,0,11,42,28,23,22,21,35,0,0,34,23,21,21,26,30,0,6,31,21,25,30,27,31
21,31,34,22,26,17,23,38,17,44,36,24,27,31,28,49,20,36,28,39,34,31,33,45,17,35,38,37,28,34,31,47,21,38,44,27,31,30,37,43,11,42,28,23,22,21,35,41,0,34,23,21,21,26,30,33,6,31,21,25,30,27,31,31
31,34,22,26,17,23,38,0,44,36,24,27,31,28,49,0,36,28,39,34,31,33,45,0,35,38,37,28,34,31,47,0,38,44,27,31,30,37,43,0,42,28,23,22,21,35,41,0,34,23,21,21,26,30,33,0,31,21,25,30,27,31,31,0
0,17,44,36,24,27,31,28,0,20,36,28,39,34,31,33,0,17,35,38,37,28,34,31,0,21,38,44,27,31,30,37,0,11,42,28,23,22,21,35,0,0,34,23,21,21,26,30,0,6,31,21,25,30,27,31,0,0,0,0,0,0,0,0
17,44,36,24,27,31,28,49,20,36,28,39,34,31,33,45,17,35,38,37,28,34,31,47,21,38,44,27,31,30,37,43,11,42,28,23,22,21,35,41,0,34,23,21,21,26,30,33,6,31,21,25,30,27,31,31,0,0,0,0,0,0,0,0
44,36,24,27,31,28,49,0,36,28,39,34,31,33,45,0,35,38,37,28,34,31,47,0,38,44,27,31,30,37,43,0,42,28,23,22,21,35,41,0,34,23,21,21,26,30,33,0,31,21,25,30,27,31,31,0,0,0,0,0,0,0,0,0
0,0,0,0,0,0,0,0,0,7,6,3,7,0,5,0,0,21,13,11,11,9,15,14,0,12,5,9,7,11,13,12,0,6,7,5,15,15,14,22,0,7,15,12,12,9,7,20,0,10,15,0,13,17,17,10,0,7,0,0,7,6,0,3
0,0,0,0,0,0,0,0,7,6,3,7,0,5,0,0,21,13,11,11,9,15,14,3,12,5,9,7,11,13,12,3,6,7,5,15,15,14,22,7,7,15,12,12,9,7,20,7,10,15,0,13,17,17,10,9,7,0,0,7,6,0,3,0
0,0,0,0,0,0,0,0,6,3,7,0,5,0,0,0,13,11,11,9,15,14,3,0,5,9,7,11,13,12,3,0,7,5,15,15,14,22,7,0,15,12,12,9,7,20,7,0,15,0,13,17,17,10,9,0,0,0,7,6,0,3,0,0
0,7,6,3,7,0,5,0,0,21,13,11,11,9,15,14,0,12,5,9,7,11,13,12,0,6,7,5,15,15,14,22,0,7,15,12,12,9,7,20,0,10,15,0,13,17,17,10,0,7,0,0,7,6,0,3,0,19,22,24,19,15,14,14
7,6,3,7,0,5,0,0,21,13,11,11,9,15,14,3,12,5,9,7,11,13,12,3,6,7,5,15,15,14,22,7,7,15,12,12,9,7,20,7,10,15,0,13,17,17,10,9,7,0,0,7,6,0,3,0,19,22,24,19,15,14,14,12
6,3,7,0,5,0,0,0,13,11,11,9,15,14,3,0,5,9,7,11,13,12,3,0,7,5,15,15,14,22,7,0,15,12,12,9,7,20,7,0,15,0,13,17,17,10,9,0,0,0,7,6,0,3,0,0,22,24,19,15,14,14,12,0
0,21,13,11,11,9,15,14,0,12,5,9,7,11,13,12,0,6,7,5,15,15,14,22,0,7,15,12,12,9,7,20,0,10,15,0,13,17,17,10,0,7,0,0,7,6,0,3,0,19,22,24,19,15,14,14,0,0,0,0,0,0,0,0
21,13,11,11,9,15,14,3,12,5,9,7,11,13,12,3,6,7,5,15,15,14,22,7,7,15,12,12,9,7,20,7,10,15,0,13,17,17,10,9,7,0,0,7,6,0,3,0,19,22,24,19,15,14,14,12,0,0,0,0,0,0,0,0
13,11,11,9,15,14,3,0,5,9,7,11,13,12,3,0,7,5,15,15,14,22,7,0,15,12,12,9,7,20,7,0,15,0,13,17,17,10,9,0,0,0,7,6,0,3,0,0,22,24,19,15,14,14,12,0,0,0,0,0,0,0,0,0
0,0,0,0,0,0,0,0,0,31,22,18,23,15,15,14,0,27,6,12,7,0,15,0,0,24,0,6,6,0,0,0,0,31,7,1,3,1,0,0,0,31,9,10,5,6,5,0,0,31,11,0,0,0,1,0,0,22,0,0,0,6,5,10
0,0,0,0,0,0,0,0,31,22,18,23,15,15,14,3,27,6,12,7,0,15,0,0,24,0,6,6,0,0,0,0,31,7,1,3,1,0,0,0,31,9,10,5,6,5,0,0,31,11,0,0,0,1,0,0,22,0,0,0,6,5,10,0
0,0,0,0,0,0,0,0,22,18,23,15,15,14,3,0,6,12,7,0,15,0,0,0,0,6,6,0,0,0,0,0,7,1,3,1,0,0,0,0,9,10,5,6,5,0,0,0,11,0,0,0,1,0,0,0,0,0,0,6,5,10,0,0
0,31,22,18,23,15,15,14,0,27,6,12,7,0,15,0,0,24,0,6,6,0,0,0,0,31,7,1,3,1,0,0,0,31,9,10,5,6,5,0,0,31,11,0,0,0,1,0,0,22,0,0,0,6,5,10,0,21,10,0,13,12,10,7
31,22,18,23,15,15,14,3,27,6,12,7,0,15,0,0,24,0,6,6,0,0,0,0,31,7,1,3,1,0,0,0,31,9,10,5,6,5,0,0,31,11,0,0,0,1,0,0,22,0,0,0,6,5,10,0,21,10,0,13,12,10,7,0
22,18,23,15,15,14,3,0,6,12,7,0,15,0,0,0,0,6,6,0,0,0,0,0,7,1,3,1,0,0,0,0,9,10,5,6,5,0,0,0,11,0,0,0,1,0,0,0,0,0,0,6,5,10,0,0,10,0,13,12,10,7,0,0
0,27,6,12,7,0,15,0,0,24,0,6,6,0,0,0,0,31,7,1,3,1,0,0,0,31,9,10,5,6,5,0,0,31,11,0,0,0,1,0,0,22,0,0,0,6,5,10,0,21,10,0,13,12,10,7,0,0,0,0,0,0,0,0
27,6,12,7,0,15,0,0,24,0,6,6,0,0,0,0,31,7,1,3,1,0,0,0,31,9,10,5,6,5,0,0,31,11,0,0,0,1,0,0,22,0,0,0,6,5,10,0,21,10,0,13,12,10,7,0,0,0,0,0,0,0,0,0
6,12,7,0,15,0,0,0,0,6,6,0,0,0,0,0,7,1,3,1,0,0,0,0,9,10,5,6,5,0,0,0,11,0,0,0,1,0,0,0,0,0,0,6,5,10,0,0,10,0,13,12,10,7,0,0,0,0,0,0,0,0,0,0
0,0,0,0,0,0,0,0,0,0,0,0,0,0,0,0,0,0,0,0,0,0,0,0,0,0,0,0,0,0,0,0,0,0,0,0,0,0,0,0,0,0,0,0,0,0,0,0,0,0,0,0,0,0,0,0,0,0,0,0,0,0,0,0
0,0,0,0,0,0,0,0,0,0,0,0,0,0,0,0,0,0,0,0,0,0,0,0,0,0,0,0,0,0,0,0,0,0,0,0,0,0,0,0,0,0,0,0,0,0,0,0,0,0,0,0,0,0,0,0,0,0,0,0,0,0,0,0
0,0,0,0,0,0,0,0,0,0,0,0,0,0,0,0,0,0,0,0,0,0,0,0,0,0,0,0,0,0,0,0,0,0,0,0,0,0,0,0,0,0,0,0,0,0,0,0,0,0,0,0,0,0,0,0,0,0,0,0,0,0,0,0
0,0,0,0,0,0,0,0,0,0,0,0,0,0,0,0,0,0,0,0,0,0,0,0,0,0,0,0,0,0,0,0,0,0,0,0,0,0,0,0,0,0,0,0,0,0,0,0,0,0,0,0,0,0,0,0,0,0,0,0,0,0,0,0
0,0,0,0,0,0,0,0,0,0,0,0,0,0,0,0,0,0,0,0,0,0,0,0,0,0,0,0,0,0,0,0,0,0,0,0,0,0,0,0,0,0,0,0,0,0,0,0,0,0,0,0,0,0,0,0,0,0,0,0,0,0,0,0
0,0,0,0,0,0,0,0,0,0,0,0,0,0,0,0,0,0,0,0,0,0,0,0,0,0,0,0,0,0,0,0,0,0,0,0,0,0,0,0,0,0,0,0,0,0,0,0,0,0,0,0,0,0,0,0,0,0,0,0,0,0,0,0
0,0,0,0,0,0,0,0,0,0,0,0,0,0,0,0,0,0,0,0,0,0,0,0,0,0,0,0,0,0,0,0,0,0,0,0,0,0,0,0,0,0,0,0,0,0,0,0,0,0,0,0,0,0,0,0,0,0,0,0,0,0,0,0
0,0,0,0,0,0,0,0,0,0,0,0,0,0,0,0,0,0,0,0,0,0,0,0,0,0,0,0,0,0,0,0,0,0,0,0,0,0,0,0,0,0,0,0,0,0,0,0,0,0,0,0,0,0,0,0,0,0,0,0,0,0,0,0
0,0,0,0,0,0,0,0,0,0,0,0,0,0,0,0,0,0,0,0,0,0,0,0,0,0,0,0,0,0,0,0,0,0,0,0,0,0,0,0,0,0,0,0,0,0,0,0,0,0,0,0,0,0,0,0,0,0,0,0,0,0,0,0
0,0,0,0,0,0,0,0,0,0,0,0,0,0,0,0,0,0,0,0,0,0,0,0,0,0,0,0,0,0,0,0,0,0,0,0,0,0,0,0,0,0,0,0,0,0,0,0,0,0,0,0,0,0,0,0,0,0,0,0,0,0,0,0
0,0,0,0,0,0,0,0,0,0,0,0,0,0,0,0,0,0,0,0,0,0,0,0,0,0,0,0,0,0,0,0,0,0,0,0,0,0,0,0,0,0,0,0,0,0,0,0,0,0,0,0,0,0,0,0,0,0,0,0,0,0,0,0
0,0,0,0,0,0,0,0,0,0,0,0,0,0,0,0,0,0,0,0,0,0,0,0,0,0,0,0,0,0,0,0,0,0,0,0,0,0,0,0,0,0,0,0,0,0,0,0,0,0,0,0,0,0,0,0,0,0,0,0,0,0,0,0
0,0,0,0,0,0,0,0,0,0,0,0,0,0,0,0,0,0,0,0,0,0,0,0,0,0,0,0,0,0,0,0,0,0,0,0,0,0,0,0,0,0,0,0,0,0,0,0,0,0,0,0,0,0,0,0,0,0,0,0,0,0,0,0
0,0,0,0,0,0,0,0,0,0,0,0,0,0,0,0,0,0,0,0,0,0,0,0,0,0,0,0,0,0,0,0,0,0,0,0,0,0,0,0,0,0,0,0,0,0,0,0,0,0,0,0,0,0,0,0,0,0,0,0,0,0,0,0
0,0,0,0,0,0,0,0,0,0,0,0,0,0,0,0,0,0,0,0,0,0,0,0,0,0,0,0,0,0,0,0,0,0,0,0,0,0,0,0,0,0,0,0,0,0,0,0,0,0,0,0,0,0,0,0,0,0,0,0,0,0,0,0
0,0,0,0,0,0,0,0,0,0,0,0,0,0,0,0,0,0,0,0,0,0,0,0,0,0,0,0,0,0,0,0,0,0,0,0,0,0,0,0,0,0,0,0,0,0,0,0,0,0,0,0,0,0,0,0,0,0,0,0,0,0,0,0
0,0,0,0,0,0,0,0,0,0,0,0,0,0,0,0,0,0,0,0,0,0,0,0,0,0,0,0,0,0,0,0,0,0,0,0,0,0,0,0,0,0,0,0,0,0,0,0,0,0,0,0,0,0,0,0,0,0,0,0,0,0,0,0
0,0,0,0,0,0,0,0,0,0,0,0,0,0,0,0,0,0,0,0,0,0,0,0,0,0,0,0,0,0,0,0,0,0,0,0,0,0,0,0,0,0,0,0,0,0,0,0,0,0,0,0,0,0,0,0,0,0,0,0,0,0,0,0
0,0,0,0,0,0,0,0,0,31,27,27,26,26,28,28,0,22,23,28,23,31,26,21,0,21,26,30,20,21,23,21,0,17,23,28,17,23,21,23,0,24,27,25,31,24,22,15,0,25,34,25,30,24,27,26,0,26,45,34,22,21,25,27
0,0,0,0,0,0,0,0,31,27,27,26,26,28,28,20,22,23,28,23,31,26,21,25,21,26,30,20,21,23,21,19,17,23,28,17,23,21,23,19,24,27,25,31,24,22,15,18,25,34,25,30,24,27,26,26,26,45,34,22,21,25,27,26
0,0,0,0,0,0,0,0,27,27,26,26,28,28,20,0,23,28,23,31,26,21,25,0,26,30,20,21,23,21,19,0,23,28,17,23,21,23,19,0,27,25,31,24,22,15,18,0,34,25,30,24,27,26,26,0,45,34,22,21,25,27,26,0
0,31,27,27,26,26,28,28,0,22,23,28,23,31,26,21,0,21,26,30,20,21,23,21,0,17,23,28,17,23,21,23,0,24,27,25,31,24,22,15,0,25,34,25,30,24,27,26,0,26,45,34,22,21,25,27,0,19,21,23,19,12,20,19
31,27,27,26,26,28,28,20,22,23,28,23,31,26,21,25,21,26,30,20,21,23,21,19,17,23,28,17,23,21,23,19,24,27,25,31,24,22,15,18,25,34,25,30,24,27,26,26,26,45,34,22,21,25,27,26,19,21,23,19,12,20,19,21
27,27,26,26,28,28,20,0,23,28,23,31,26,21,25,0,26,30,20,21,23,21,19,0,23,28,17,23,21,23,19,0,27,25,31,24,22,15,18,0,34,25,30,24,27,26,26,0,45,34,22,21,25,27,26,0,21,23,19,12,20,19,21,0
0,22,23,28,23,31,26,21,0,21,26,30,20,21,23,21,0,17,23,28,17,23,21,23,0,24,27,25,31,24,22,15,0,25,34,25,30,24,27,26,0,26,45,34,22,21,25,27,0,19,21,23,19,12,20,19,0,0,0,0,0,0,0,0
22,23,28,23,31,26,21,25,21,26,30,20,21,23,21,19,17,23,28,17,23,21,23,19,24,27,25,31,24,22,15,18,25,34,25,30,24,27,26,26,26,45,34,22,21,25,27,26,19,21,23,19,12,20,19,21,0,0,0,0,0,0,0,0
23,28,23,31,26,21,25,0,26,30,20,21,23,21,19,0,23,28,17,23,21,23,19,0,27,25,31,24,22,15,18,0,34,25,30,24,27,26,26,0,45,34,22,21,25,27,26,0,21,23,19,12,20,19,21,0,0,0,0,0,0,0,0,0
0,0,0,0,0,0,0,0,0,5,0,0,1,0,0,0,0,5,0,5,7,0,0,0,0,0,13,0,6,3,6,0,0,6,0,3,0,3,6,0,0,11,11,5,3,0,0,0,0,3,7,9,7,1,0,3,0,1,0,0,0,0,5,10
0,0,0,0,0,0,0,0,5,0,0,1,0,0,0,0,5,0,5,7,0,0,0,0,0,13,0,6,3,6,0,0,6,0,3,0,3,6,0,0,11,11,5,3,0,0,0,0,3,7,9,7,1,0,3,0,1,0,0,0,0,5,10,0
0,0,0,0,0,0,0,0,0,0,1,0,0,0,0,0,0,5,7,0,0,0,0,0,13,0,6,3,6,0,0,0,0,3,0,3,6,0,0,0,11,5,3,0,0,0,0,0,7,9,7,1,0,3,0,0,0,0,0,0,5,10,0,0
0,5,0,0,1,0,0,0,0,5,0,5,7,0,0,0,0,0,13,0,6,3,6,0,0,6,0,3,0,3,6,0,0,11,11,5,3,0,0,0,0,3,7,9,7,1,0,3,0,1,0,0,0,0,5,10,0,3,0,0,0,3,3,3
5,0,0,1,0,0,0,0,5,0,5,7,0,0,0,0,0,13,0,6,3,6,0,0,6,0,3,0,3,6,0,0,11,11,5,3,0,0,0,0,3,7,9,7,1,0,3,0,1,0,0,0,0,5,10,0,3,0,0,0,3,3,3,6
0,0,1,0,0,0,0,0,0,5,7,0,0,0,0,0,13,0,6,3,6,0,0,0,0,3,0,3,6,0,0,0,11,5,3,0,0,0,0,0,7,9,7,1,0,3,0,0,0,0,0,0,5,10,0,0,0,0,0,3,3,3,6,0
0,5,0,5,7,0,0,0,0,0,13,0,6,3,6,0,0,6,0,3,0,3,6,0,0,11,11,5,3,0,0,0,0,3,7,9,7,1,0,3,0,1,0,0,0,0,5,10,0,3,0,0,0,3,3,3,0,0,0,0,0,0,0,0
5,0,5,7,0,0,0,0,0,13,0,6,3,6,0,0,6,0,3,0,3,6,0,0,11,11,5,3,0,0,0,0,3,7,9,7,1,0,3,0,1,0,0,0,0,5,10,0,3,0,0,0,3,3,3,6,0,0,0,0,0,0,0,0
0,5,7,0,0,0,0,0,13,0,6,3,6,0,0,0,0,3,0,3,6,0,0,0,11,5,3,0,0,0,0,0,7,9,7,1,0,3,0,0,0,0,0,0,5,10,0,0,0,0,0,3,3,3,6,0,0,0,0,0,0,0,0,0
0,0,0,0,0,0,0,0,0,0,0,0,0,0,0,0,0,0,3,7,5,5,5,13,0,5,11,11,0,9,5,0,0,0,3,13,3,11,3,0,0,0,0,0,0,0,3,3,0,0,12,0,11,0,0,3,0,0,15,0,0,0,0,9
0,0,0,0,0,0,0,0,0,0,0,0,0,0,0,0,0,3,7,5,5,5,13,0,5,11,11,0,9,5,0,3,0,3,13,3,11,3,0,5,0,0,0,0,0,3,3,3,0,12,0,11,0,0,3,9,0,15,0,0,0,0,9,3
0,0,0,0,0,0,0,0,0,0,0,0,0,0,0,0,3,7,5,5,5,13,0,0,11,11,0,9,5,0,3,0,3,13,3,11,3,0,5,0,0,0,0,0,3,3,3,0,12,0,11,0,0,3,9,0,15,0,0,0,0,9,3,0
0,0,0,0,0,0,0,0,0,0,3,7,5,5,5,13,0,5,11,11,0,9,5,0,0,0,3,13,3,11,3,0,0,0,0,0,0,0,3,3,0,0,12,0,11,0,0,3,0,0,15,0,0,0,0,9,0,0,21,25,21,21,15,15
0,0,0,0,0,0,0,0,0,3,7,5,5,5,13,0,5,11,11,0,9,5,0,3,0,3,13,3,11,3,0,5,0,0,0,0,0,3,3,3,0,12,0,11,0,0,3,9,0,15,0,0,0,0,9,3,0,21,25,21,21,15,15,15
0,0,0,0,0,0,0,0,3,7,5,5,5,13,0,0,11,11,0,9,5,0,3,0,3,13,3,11,3,0,5,0,0,0,0,0,3,3,3,0,12,0,11,0,0,3,9,0,15,0,0,0,0,9,3,0,21,25,21,21,15,15,15,0
0,0,3,7,5,5,5,13,0,5,11,11,0,9,5,0,0,0,3,13,3,11,3,0,0,0,0,0,0,0,3,3,0,0,12,0,11,0,0,3,0,0,15,0,0,0,0,9,0,0,21,25,21,21,15,15,0,0,0,0,0,0,0,0
0,3,7,5,5,5,13,0,5,11,11,0,9,5,0,3,0,3,13,3,11,3,0,5,0,0,0,0,0,3,3,3,0,12,0,11,0,0,3,9,0,15,0,0,0,0,9,3,0,21,25,21,21,15,15,15,0,0,0,0,0,0,0,0
3,7,5,5,5,13,0,0,11,11,0,9,5,0,3,0,3,13,3,11,3,0,5,0,0,0,0,0,3,3,3,0,12,0,11,0,0,3,9,0,15,0,0,0,0,9,3,0,21,25,21,21,15,15,15,0,0,0,0,0,0,0,0,0
0,0,0,0,0,0,0,0,0,0,0,0,0,0,0,0,0,0,0,0,0,0,0,0,0,0,0,0,0,0,0,0,0,0,0,0,0,0,0,0,0,0,0,0,0,0,0,0,0,0,0,0,0,0,0,0,0,0,0,0,0,0,0,0
0,0,0,0,0,0,0,0,0,0,0,0,0,0,0,0,0,0,0,0,0,0,0,0,0,0,0,0,0,0,0,0,0,0,0,0,0,0,0,0,0,0,0,0,0,0,0,0,0,0,0,0,0,0,0,0,0,0,0,0,0,0,0,0
0,0,0,0,0,0,0,0,0,0,0,0,0,0,0,0,0,0,0,0,0,0,0,0,0,0,0,0,0,0,0,0,0,0,0,0,0,0,0,0,0,0,0,0,0,0,0,0,0,0,0,0,0,0,0,0,0,0,0,0,0,0,0,0
0,0,0,0,0,0,0,0,0,0,0,0,0,0,0,0,0,0,0,0,0,0,0,0,0,0,0,0,0,0,0,0,0,0,0,0,0,0,0,0,0,0,0,0,0,0,0,0,0,0,0,0,0,0,0,0,0,0,0,0,0,0,0,0
0,0,0,0,0,0,0,0,0,0,0,0,0,0,0,0,0,0,0,0,0,0,0,0,0,0,0,0,0,0,0,0,0,0,0,0,0,0,0,0,0,0,0,0,0,0,0,0,0,0,0,0,0,0,0,0,0,0,0,0,0,0,0,0
0,0,0,0,0,0,0,0,0,0,0,0,0,0,0,0,0,0,0,0,0,0,0,0,0,0,0,0,0,0,0,0,0,0,0,0,0,0,0,0,0,0,0,0,0,0,0,0,0,0,0,0,0,0,0,0,0,0,0,0,0,0,0,0
0,0,0,0,0,0,0,0,0,0,0,0,0,0,0,0,0,0,0,0,0,0,0,0,0,0,0,0,0,0,0,0,0,0,0,0,0,0,0,0,0,0,0,0,0,0,0,0,0,0,0,0,0,0,0,0,0,0,0,0,0,0,0,0
0,0,0,0,0,0,0,0,0,0,0,0,0,0,0,0,0,0,0,0,0,0,0,0,0,0,0,0,0,0,0,0,0,0,0,0,0,0,0,0,0,0,0,0,0,0,0,0,0,0,0,0,0,0,0,0,0,0,0,0,0,0,0,0
0,0,0,0,0,0,0,0,0,0,0,0,0,0,0,0,0,0,0,0,0,0,0,0,0,0,0,0,0,0,0,0,0,0,0,0,0,0,0,0,0,0,0,0,0,0,0,0,0,0,0,0,0,0,0,0,0,0,0,0,0,0,0,0
0,0,0,0,0,0,0,0,0,17,15,11,14,12,7,15,0,23,21,17,13,20,7,13,0,20,12,25,11,18,17,12,0,14,12,14,15,19,11,15,0,17,15,19,7,15,5,17,0,14,7,13,26,18,13,12,0,22,20,3,23,11,12,15
0,0,0,0,0,0,0,0,17,15,11,14,12,7,15,12,23,21,17,13,20,7,13,15,20,12,25,11,18,17,12,18,14,12,14,15,19,11,15,20,17,15,19,7,15,5,17,19,14,7,13,26,18,13,12,20,22,20,3,23,11,12,15,19
0,0,0,0,0,0,0,0,15,11,14,12,7,15,12,0,21,17,13,20,7,13,15,0,12,25,11,18,17,12,18,0,12,14,15,19,11,15,20,0,15,19,7,15,5,17,19,0,7,13,26,18,13,12,20,0,20,3,23,11,12,15,19,0
0,17,15,11,14,12,7,15,0,23,21,17,13,20,7,13,0,20,12,25,11,18,17,12,0,14,12,14,15,19,11,15,0,17,15,19,7,15,5,17,0,14,7,13,26,18,13,12,0,22,20,3,23,11,12,15,0,12,18,5,7,11,11,15
17,15,11,14,12,7,15,12,23,21,17,13,20,7,13,15,20,12,25,11,18,17,12,18,14,12,14,15,19,11,15,20,17,15,19,7,15,5,17,19,14,7,13,26,18,13,12,20,22,20,3,23,11,12,15,19,12,18,5,7,11,11,15,15
15,11,14,12,7,15,12,0,21,17,13,20,7,13,15,0,12,25,11,18,17,12,18,0,12,14,15,19,11,15,20,0,15,19,7,15,5,17,19,0,7,13,26,18,13,12,20,0,20,3,23,11,12,15,19,0,18,5,7,11,11,15,15,0
0,23,21,17,13,20,7,13,0,20,12,25,11,18,17,12,0,14,12,14,15,19,11,15,0,17,15,19,7,15,5,17,0,14,7,13,26,18,13,12,0,22,20,3,23,11,12,15,0,12,18,5,7,11,11,15,0,0,0,0,0,0,0,0
23,21,17,13,20,7,13,15,20,12,25,11,18,17,12,18,14,12,14,15,19,11,15,20,17,15,19,7,15,5,17,19,14,7,13,26,18,13,12,20,22,20,3,23,11,12,15,19,12,18,5,7,11,11,15,15,0,0,0,0,0,0,0,0
21,17,13,20,7,13,15,0,12,25,11,18,17,12,18,0,12,14,15,19,11,15,20,0,15,19,7,15,5,17,19,0,7,13,26,18,13,12,20,0,20,3,23,11,12,15,19,0,18,5,7,11,11,15,15,0,0,0,0,0,0,0,0,0
0,0,0,0,0,0,0,0,0,0,0,0,0,0,0,0,0,0,0,0,0,0,0,0,0,0,1,0,0,0,0,0,0,0,0,0,0,0,0,0,0,0,0,0,0,0,6,0,0,15,9,3,1,7,0,0,0,0,0,1,0,1,9,7
0,0,0,0,0,0,0,0,0,0,0,0,0,0,0,1,0,0,0,0,0,0,0,0,0,1,0,0,0,0,0,0,0,0,0,0,0,0,0,0,0,0,0,0,0,6,0,3,15,9,3,1,7,0,0,0,0,0,1,0,1,9,7,3
0,0,0,0,0,0,0,0,0,0,0,0,0,0,1,0,0,0,0,0,0,0,0,0,1,0,0,0,0,0,0,0,0,0,0,0,0,0,0,0,0,0,0,0,6,0,3,0,9,3,1,7,0,0,0,0,0,1,0,1,9,7,3,0
0,0,0,0,0,0,0,0,0,0,0,0,0,0,0,0,0,0,1,0,0,0,0,0,0,0,0,0,0,0,0,0,0,0,0,0,0,0,6,0,0,15,9,3,1,7,0,0,0,0,0,1,0,1,9,7,0,0,0,0,0,0,0,0
0,0,0,0,0,0,0,1,0,0,0,0,0,0,0,0,0,1,0,0,0,0,0,0,0,0,0,0,0,0,0,0,0,0,0,0,0,6,0,3,15,9,3,1,7,0,0,0,0,0,1,0,1,9,7,3,0,0,0,0,0,0,0,0
0,0,0,0,0,0,1,0,0,0,0,0,0,0,0,0,1,0,0,0,0,0,0,0,0,0,0,0,0,0,0,0,0,0,0,0,6,0,3,0,9,3,1,7,0,0,0,0,0,1,0,1,9,7,3,0,0,0,0,0,0,0,0,0
0,0,0,0,0,0,0,0,0,0,1,0,0,0,0,0,0,0,0,0,0,0,0,0,0,0,0,0,0,0,6,0,0,15,9,3,1,7,0,0,0,0,0,1,0,1,9,7,0,0,0,0,0,0,0,0,0,0,0,0,0,0,0,0
0,0,0,0,0,0,0,0,0,1,0,0,0,0,0,0,0,0,0,0,0,0,0,0,0,0,0,0,0,6,0,3,15,9,3,1,7,0,0,0,0,0,1,0,1,9,7,3,0,0,0,0,0,0,0,0,0,0,0,0,0,0,0,0
0,0,0,0,0,0,0,0,1,0,0,0,0,0,0,0,0,0,0,0,0,0,0,0,0,0,0,0,6,0,3,0,9,3,1,7,0,0,0,0,0,1,0,1,9,7,3,0,0,0,0,0,0,0,0,0,0,0,0,0,0,0,0,0
0,0,0,0,0,0,0,0,0,0,0,0,0,0,0,0,0,0,0,0,0,0,0,0,0,0,0,0,0,0,0,0,0,0,0,0,0,0,0,0,0,0,0,3,0,0,0,0,0,0,5,0,0,0,0,0,0,0,3,0,1,0,0,0
0,0,0,0,0,0,0,0,0,0,0,0,0,0,0,0,0,0,0,0,0,0,0,0,0,0,0,0,0,0,0,0,0,0,0,0,0,0,0,0,0,0,3,0,0,0,0,0,0,5,0,0,0,0,0,0,0,3,0,1,0,0,0,0
0,0,0,0,0,0,0,0,0,0,0,0,0,0,0,0,0,0,0,0,0,0,0,0,0,0,0,0,0,0,0,0,0,0,0,0,0,0,0,0,0,3,0,0,0,0,0,0,5,0,0,0,0,0,0,0,3,0,1,0,0,0,0,0
0,0,0,0,0,0,0,0,0,0,0,0,0,0,0,0,0,0,0,0,0,0,0,0,0,0,0,0,0,0,0,0,0,0,0,3,0,0,0,0,0,0,5,0,0,0,0,0,0,0,3,0,1,0,0,0,0,0,0,0,0,0,0,0
0,0,0,0,0,0,0,0,0,0,0,0,0,0,0,0,0,0,0,0,0,0,0,0,0,0,0,0,0,0,0,0,0,0,3,0,0,0,0,0,0,5,0,0,0,0,0,0,0,3,0,1,0,0,0,0,0,0,0,0,0,0,0,0
0,0,0,0,0,0,0,0,0,0,0,0,0,0,0,0,0,0,0,0,0,0,0,0,0,0,0,0,0,0,0,0,0,3,0,0,0,0,0,0,5,0,0,0,0,0,0,0,3,0,1,0,0,0,0,0,0,0,0,0,0,0,0,0
0,0,0,0,0,0,0,0,0,0,0,0,0,0,0,0,0,0,0,0,0,0,0,0,0,0,0,3,0,0,0,0,0,0,5,0,0,0,0,0,0,0,3,0,1,0,0,0,0,0,0,0,0,0,0,0,0,0,0,0,0,0,0,0
0,0,0,0,0,0,0,0,0,0,0,0,0,0,0,0,0,0,0,0,0,0,0,0,0,0,3,0,0,0,0,0,0,5,0,0,0,0,0,0,0,3,0,1,0,0,0,0,0,0,0,0,0,0,0,0,0,0,0,0,0,0,0,0
0,0,0,0,0,0,0,0,0,0,0,0,0,0,0,0,0,0,0,0,0,0,0,0,0,3,0,0,0,0,0,0,5,0,0,0,0,0,0,0,3,0,1,0,0,0,0,0,0,0,0,0,0,0,0,0,0,0,0,0,0,0,0,0
0,0,0,0,0,0,0,0,0,0,0,0,0,0,0,0,0,3,0,0,0,0,0,0,0,0,0,0,0,0,0,0,0,0,0,5,0,0,0,0,0,0,0,6,0,0,0,0,0,0,0,0,0,0,0,0,0,0,7,3,11,0,3,3
0,0,0,0,0,0,0,0,0,0,0,0,0,0,0,0,3,0,0,0,0,0,0,0,0,0,0,0,0,0,0,0,0,0,5,0,0,0,0,0,0,0,6,0,0,0,0,0,0,0,0,0,0,0,0,0,0,7,3,11,0,3,3,0
0,0,0,0,0,0,0,0,0,0,0,0,0,0,0,0,0,0,0,0,0,0,0,0,0,0,0,0,0,0,0,0,0,5,0,0,0,0,0,0,0,6,0,0,0,0,0,0,0,0,0,0,0,0,0,0,7,3,11,0,3,3,0,0
0,0,0,0,0,0,0,0,0,3,0,0,0,0,0,0,0,0,0,0,0,0,0,0,0,0,0,5,0,0,0,0,0,0,0,6,0,0,0,0,0,0,0,0,0,0,0,0,0,0,7,3,11,0,3,3,0,0,0,0,0,0,0,0
0,0,0,0,0,0,0,0,3,0,0,0,0,0,0,0,0,0,0,0,0,0,0,0,0,0,5,0,0,0,0,0,0,0,6,0,0,0,0,0,0,0,0,0,0,0,0,0,0,7,3,11,0,3,3,0,0,0,0,0,0,0,0,0
0,0,0,0,0,0,0,0,0,0,0,0,0,0,0,0,0,0,0,0,0,0,0,0,0,5,0,0,0,0,0,0,0,6,0,0,0,0,0,0,0,0,0,0,0,0,0,0,7,3,11,0,3,3,0,0,0,0,0,0,0,0,0,0
0,3,0,0,0,0,0,0,0,0,0,0,0,0,0,0,0,0,0,5,0,0,0,0,0,0,0,6,0,0,0,0,0,0,0,0,0,0,0,0,0,0,7,3,11,0,3,3,0,0,0,0,0,0,0,0,0,0,0,0,0,0,0,0
3,0,0,0,0,0,0,0,0,0,0,0,0,0,0,0,0,0,5,0,0,0,0,0,0,0,6,0,0,0,0,0,0,0,0,0,0,0,0,0,0,7,3,11,0,3,3,0,0,0,0,0,0,0,0,0,0,0,0,0,0,0,0,0
0,0,0,0,0,0,0,0,0,0,0,0,0,0,0,0,0,5,0,0,0,0,0,0,0,6,0,0,0,0,0,0,0,0,0,0,0,0,0,0,7,3,11,0,3,3,0,0,0,0,0,0,0,0,0,0,0,0,0,0,0,0,0,0
0,0,0,0,0,0,0,0,0,0,0,0,0,0,0,0,0,0,0,0,0,0,0,0,0,0,0,0,0,0,0,0,0,0,0,0,0,0,0,0,0,0,0,0,0,0,0,0,0,0,0,0,0,0,0,0,0,0,0,0,0,0,0,0
0,0,0,0,0,0,0,0,0,0,0,0,0,0,0,0,0,0,0,0,0,0,0,0,0,0,0,0,0,0,0,0,0,0,0,0,0,0,0,0,0,0,0,0,0,0,0,0,0,0,0,0,0,0,0,0,0,0,0,0,0,0,0,0
0,0,0,0,0,0,0,0,0,0,0,0,0,0,0,0,0,0,0,0,0,0,0,0,0,0,0,0,0,0,0,0,0,0,0,0,0,0,0,0,0,0,0,0,0,0,0,0,0,0,0,0,0,0,0,0,0,0,0,0,0,0,0,0
0,0,0,0,0,0,0,0,0,0,0,0,0,0,0,0,0,0,0,0,0,0,0,0,0,0,0,0,0,0,0,0,0,0,0,0,0,0,0,0,0,0,0,0,0,0,0,0,0,0,0,0,0,0,0,0,0,0,0,0,0,0,0,0
0,0,0,0,0,0,0,0,0,0,0,0,0,0,0,0,0,0,0,0,0,0,0,0,0,0,0,0,0,0,0,0,0,0,0,0,0,0,0,0,0,0,0,0,0,0,0,0,0,0,0,0,0,0,0,0,0,0,0,0,0,0,0,0
0,0,0,0,0,0,0,0,0,0,0,0,0,0,0,0,0,0,0,0,0,0,0,0,0,0,0,0,0,0,0,0,0,0,0,0,0,0,0,0,0,0,0,0,0,0,0,0,0,0,0,0,0,0,0,0,0,0,0,0,0,0,0,0
0,0,0,0,0,0,0,0,0,0,0,0,0,0,0,0,0,0,0,0,0,0,0,0,0,0,0,0,0,0,0,0,0,0,0,0,0,0,0,0,0,0,0,0,0,0,0,0,0,0,0,0,0,0,0,0,0,0,0,0,0,0,0,0
0,0,0,0,0,0,0,0,0,0,0,0,0,0,0,0,0,0,0,0,0,0,0,0,0,0,0,0,0,0,0,0,0,0,0,0,0,0,0,0,0,0,0,0,0,0,0,0,0,0,0,0,0,0,0,0,0,0,0,0,0,0,0,0
0,0,0,0,0,0,0,0,0,0,0,0,0,0,0,0,0,0,0,0,0,0,0,0,0,0,0,0,0,0,0,0,0,0,0,0,0,0,0,0,0,0,0,0,0,0,0,0,0,0,0,0,0,0,0,0,0,0,0,0,0,0,0,0
0,0,0,0,0,0,0,0,0,0,0,0,0,0,0,0,0,0,0,0,0,0,0,0,0,0,0,0,0,0,0,0,0,0,0,0,0,0,0,0,0,0,0,0,0,0,0,0,0,0,0,0,0,0,0,0,0,0,0,0,0,0,0,0
0,0,0,0,0,0,0,0,0,0,0,0,0,0,0,0,0,0,0,0,0,0,0,0,0,0,0,0,0,0,0,0,0,0,0,0,0,0,0,0,0,0,0,0,0,0,0,0,0,0,0,0,0,0,0,0,0,0,0,0,0,0,0,0
0,0,0,0,0,0,0,0,0,0,0,0,0,0,0,0,0,0,0,0,0,0,0,0,0,0,0,0,0,0,0,0,0,0,0,0,0,0,0,0,0,0,0,0,0,0,0,0,0,0,0,0,0,0,0,0,0,0,0,0,0,0,0,0
0,0,0,0,0,0,0,0,0,0,0,0,0,0,0,0,0,0,0,0,0,0,0,0,0,0,0,0,0,0,0,0,0,0,0,0,0,0,0,0,0,0,0,0,0,0,0,0,0,0,0,0,0,0,0,0,0,0,0,0,0,0,0,0
0,0,0,0,0,0,0,0,0,0,0,0,0,0,0,0,0,0,0,0,0,0,0,0,0,0,0,0,0,0,0,0,0,0,0,0,0,0,0,0,0,0,0,0,0,0,0,0,0,0,0,0,0,0,0,0,0,0,0,0,0,0,0,0
0,0,0,0,0,0,0,0,0,0,0,0,0,0,0,0,0,0,0,0,0,0,0,0,0,0,0,0,0,0,0,0,0,0,0,0,0,0,0,0,0,0,0,0,0,0,0,0,0,0,0,0,0,0,0,0,0,0,0,0,0,0,0,0
0,0,0,0,0,0,0,0,0,0,0,0,0,0,0,0,0,0,0,0,0,0,0,0,0,0,0,0,0,0,0,0,0,0,0,0,0,0,0,0,0,0,0,0,0,0,0,0,0,0,0,0,0,0,0,0,0,0,0,0,0,0,0,0
0,0,0,0,0,0,0,0,0,0,0,0,0,0,0,0,0,0,0,0,0,0,0,0,0,0,0,0,0,0,0,0,0,0,0,0,0,0,0,0,0,0,0,0,0,0,0,0,0,0,0,0,0,0,0,0,0,0,0,0,0,0,0,0
0,0,0,0,0,0,0,0,0,0,0,0,0,0,0,0,0,0,0,0,0,0,0,0,0,0,0,0,0,0,0,0,0,0,0,0,0,0,0,0,0,0,0,0,0,0,0,0,0,0,0,0,0,0,0,0,0,0,0,0,0,0,0,0
0,0,0,0,0,0,0,0,0,0,0,0,0,0,0,0,0,0,0,0,0,0,0,0,0,0,0,0,0,0,0,0,0,0,0,0,0,0,0,0,0,0,0,0,0,0,0,0,0,0,0,0,0,0,0,0,0,0,0,0,0,0,0,0
0,0,0,0,0,0,0,0,0,0,0,0,0,0,0,0,0,0,0,0,0,0,0,0,0,0,0,0,0,0,0,0,0,0,0,0,0,0,0,0,0,0,0,0,0,0,0,0,0,0,0,0,0,0,0,0,0,0,0,0,0,0,0,0
0,0,0,0,0,0,0,0,0,0,0,0,0,0,0,0,0,0,0,0,0,0,0,0,0,0,0,0,0,0,0,0,0,0,0,0,0,0,0,0,0,0,0,0,0,0,0,0,0,0,0,0,0,0,0,0,0,0,0,0,0,0,0,0
0,0,0,0,0,0,0,0,0,0,0,0,0,0,0,0,0,0,0,0,0,0,0,0,0,0,0,0,0,0,0,0,0,0,0,0,0,0,0,0,0,0,0,0,0,0,0,0,0,0,0,0,0,0,0,0,0,0,0,0,0,0,0,0
0,0,0,0,0,0,0,0,0,0,0,0,0,0,0,0,0,0,0,0,0,0,0,0,0,0,0,0,0,0,0,0,0,0,0,0,0,0,0,0,0,0,0,0,0,0,0,0,0,0,0,0,0,0,0,0,0,0,0,0,0,0,0,0
0,0,0,0,0,0,0,0,0,0,0,0,0,0,0,0,0,0,0,0,0,0,0,0,0,0,0,0,0,0,0,0,0,0,0,0,0,0,0,0,0,0,0,0,0,0,0,0,0,0,0,0,0,0,0,0,0,0,0,0,0,0,0,0
0,0,0,0,0,0,0,0,0,0,0,0,0,0,0,0,0,0,0,0,0,0,0,0,0,0,0,0,0,0,0,0,0,0,0,0,0,0,0,0,0,0,0,0,0,0,0,0,0,0,0,0,0,0,0,0,0,0,0,0,0,0,0,0
0,0,0,0,0,0,0,0,0,0,0,0,0,0,0,0,0,0,0,0,0,0,0,0,0,0,0,0,0,0,0,0,0,0,0,0,0,0,0,0,0,0,0,0,0,0,0,0,0,0,0,0,0,0,0,0,0,0,0,0,0,0,0,0
0,0,0,0,0,0,0,0,0,0,0,0,0,0,0,0,0,0,0,0,0,0,0,0,0,0,0,0,0,0,0,0,0,0,0,0,0,0,0,0,0,0,0,0,0,0,0,0,0,0,0,0,0,0,0,0,0,0,0,0,0,0,0,0
0,0,0,0,0,0,0,0,0,40,41,48,49,45,52,51,0,45,44,52,55,51,52,59,0,39,57,43,48,51,50,60,0,40,52,45,40,48,46,56,0,44,44,55,52,59,53,56,0,37,38,54,51,46,47,51,0,49,51,57,52,52,50,54
0,0,0,0,0,0,0,0,40,41,48,49,45,52,51,44,45,44,52,55,51,52,59,50,39,57,43,48,51,50,60,52,40,52,45,40,48,46,56,50,44,44,55,52,59,53,56,56,37,38,54,51,46,47,51,46,49,51,57,52,52,50,54,43
0,0,0,0,0,0,0,0,41,48,49,45,52,51,44,0,44,52,55,51,52,59,50,0,57,43,48,51,50,60,52,0,52,45,40,48,46,56,50,0,44,55,52,59,53,56,56,0,38,54,51,46,47,51,46,0,51,57,52,52,50,54,43,0
0,40,41,48,49,45,52,51,0,45,44,52,55,51,52,59,0,39,57,43,48,51,50,60,0,40,52,45,40,48,46,56,0,44,44,55,52,59,53,56,0,37,38,54,51,46,47,51,0,49,51,57,52,52,50,54,0,54,62,48,53,46,48,56
40,41,48,49,45,52,51,44,45,44,52,55,51,52,59,50,39,57,43,48,51,50,60,52,40,52,45,40,48,46,56,50,44,44,55,52,59,53,56,56,37,38,54,51,46,47,51,46,49,51,57,52,52,50,54,43,54,62,48,53,46,48,56,48
41,48,49,45,52,51,44,0,44,52,55,51,52,59,50,0,57,43,48,51,50,60,52,0,52,45,40,48,46,56,50,0,44,55,52,59,53,56,56,0,38,54,51,46,47,51,46,0,51,57,52,52,50,54,43,0,62,48,53,46,48,56,48,0
0,45,44,52,55,51,52,59,0,39,57,43,48,51,50,60,0,40,52,45,40,48,46,56,0,44,44,55,52,59,53,56,0,37,38,54,51,46,47,51,0,49,51,57,52,52,50,54,0,54,62,48,53,46,48,56,0,0,0,0,0,0,0,0
45,44,52,55,51,52,59,50,39,57,43,48,51,50,60,52,40,52,45,40,48,46,56,50,44,44,55,52,59,53,56,56,37,38,54,51,46,47,51,46,49,51,57,52,52,50,54,43,54,62,48,53,46,48,56,48,0,0,0,0,0,0,0,0
44,52,55,51,52,59,50,0,57,43,48,51,50,60,52,0,52,45,40,48,46,56,50,0,44,55,52,59,53,56,56,0,38,54,51,46,47,51,46,0,51,57,52,52,50,54,43,0,62,48,53,46,48,56,48,0,0,0,0,0,0,0,0,0
0,0,0,0,0,0,0,0,0,22,13,14,18,15,13,10,0,30,17,25,28,24,23,20,0,30,22,24,28,25,23,22,0,28,22,24,31,22,15,11,0,21,28,31,36,21,25,17,0,25,26,18,19,23,31,30,0,33,12,15,21,27,30,31
0,0,0,0,0,0,0,0,22,13,14,18,15,13,10,10,30,17,25,28,24,23,20,10,30,22,24,28,25,23,22,15,28,22,24,31,22,15,11,19,21,28,31,36,21,25,17,23,25,26,18,19,23,31,30,24,33,12,15,21,27,30,31,15
0,0,0,0,0,0,0,0,13,14,18,15,13,10,10,0,17,25,28,24,23,20,10,0,22,24,28,25,23,22,15,0,22,24,31,22,15,11,19,0,28,31,36,21,25,17,23,0,26,18,19,23,31,30,24,0,12,15,21,27,30,31,15,0
0,22,13,14,18,15,13,10,0,30,17,25,28,24,23,20,0,30,22,24,28,25,23,22,0,28,22,24,31,22,15,11,0,21,28,31,36,21,25,17,0,25,26,18,19,23,31,30,0,33,12,15,21,27,30,31,0,25,28,21,15,17,22,19
22,13,14,18,15,13,10,10,30,17,25,28,24,23,20,10,30,22,24,28,25,23,22,15,28,22,24,31,22,15,11,19,21,28,31,36,21,25,17,23,25,26,18,19,23,31,30,24,33,12,15,21,27,30,31,15,25,28,21,15,17,22,19,21
13,14,18,15,13,10,10,0,17,25,28,24,23,20,10,0,22,24,28,25,23,22,15,0,22,24,31,22,15,11,19,0,28,31,36,21,25,17,23,0,26,18,19,23,31,30,24,0,12,15,21,27,30,31,15,0,28,21,15,17,22,19,21,0
0,30,17,25,28,24,23,20,0,30,22,24,28,25,23,22,0,28,22,24,31,22,15,11,0,21,28,31,36,21,25,17,0,25,26,18,19,23,31,30,0,33,12,15,21,27,30,31,0,25,28,21,15,17,22,19,0,0,0,0,0,0,0,0
30,17,25,28,24,23,20,10,30,22,24,28,25,23,22,15,28,22,24,31,22,15,11,19,21,28,31,36,21,25,17,23,25,26,18,19,23,31,30,24,33,12,15,21,27,30,31,15,25,28,21,15,17,22,19,21,0,0,0,0,0,0,0,0
17,25,28,24,23,20,10,0,22,24,28,25,23,22,15,0,22,24,31,22,15,11,19,0,28,31,36,21,25,17,23,0,26,18,19,23,31,30,24,0,12,15,21,27,30,31,15,0,28,21,15,17,22,19,21,0,0,0,0,0,0,0,0,0
0,0,0,0,0,0,0,0,0,0,0,0,0,0,0,0,0,0,0,0,0,0,0,0,0,0,0,0,0,0,0,0,0,0,0,0,0,0,0,0,0,0,0,0,0,0,0,0,0,0,0,0,0,0,0,0,0,0,0,0,0,0,0,0
0,0,0,0,0,0,0,0,0,0,0,0,0,0,0,0,0,0,0,0,0,0,0,0,0,0,0,0,0,0,0,0,0,0,0,0,0,0,0,0,0,0,0,0,0,0,0,0,0,0,0,0,0,0,0,0,0,0,0,0,0,0,0,0
0,0,0,0,0,0,0,0,0,0,0,0,0,0,0,0,0,0,0,0,0,0,0,0,0,0,0,0,0,0,0,0,0,0,0,0,0,0,0,0,0,0,0,0,0,0,0,0,0,0,0,0,0,0,0,0,0,0,0,0,0,0,0,0
0,0,0,0,0,0,0,0,0,0,0,0,0,0,0,0,0,0,0,0,0,0,0,0,0,0,0,0,0,0,0,0,0,0,0,0,0,0,0,0,0,0,0,0,0,0,0,0,0,0,0,0,0,0,0,0,0,0,0,0,0,0,0,0
0,0,0,0,0,0,0,0,0,0,0,0,0,0,0,0,0,0,0,0,0,0,0,0,0,0,0,0,0,0,0,0,0,0,0,0,0,0,0,0,0,0,0,0,0,0,0,0,0,0,0,0,0,0,0,0,0,0,0,0,0,0,0,0
0,0,0,0,0,0,0,0,0,0,0,0,0,0,0,0,0,0,0,0,0,0,0,0,0,0,0,0,0,0,0,0,0,0,0,0,0,0,0,0,0,0,0,0,0,0,0,0,0,0,0,0,0,0,0,0,0,0,0,0,0,0,0,0
0,0,0,0,0,0,0,0,0,0,0,0,0,0,0,0,0,0,0,0,0,0,0,0,0,0,0,0,0,0,0,0,0,0,0,0,0,0,0,0,0,0,0,0,0,0,0,0,0,0,0,0,0,0,0,0,0,0,0,0,0,0,0,0
0,0,0,0,0,0,0,0,0,0,0,0,0,0,0,0,0,0,0,0,0,0,0,0,0,0,0,0,0,0,0,0,0,0,0,0,0,0,0,0,0,0,0,0,0,0,0,0,0,0,0,0,0,0,0,0,0,0,0,0,0,0,0,0
0,0,0,0,0,0,0,0,0,0,0,0,0,0,0,0,0,0,0,0,0,0,0,0,0,0,0,0,0,0,0,0,0,0,0,0,0,0,0,0,0,0,0,0,0,0,0,0,0,0,0,0,0,0,0,0,0,0,0,0,0,0,0,0
0,0,0,0,0,0,0,0,0,0,0,0,0,0,0,0,0,0,0,0,0,0,0,0,0,0,0,0,0,0,0,0,0,0,0,0,0,0,0,0,0,0,0,0,0,0,0,0,0,0,0,0,0,0,0,0,0,0,0,0,0,0,0,0
0,0,0,0,0,0,0,0,0,0,0,0,0,0,0,0,0,0,0,0,0,0,0,0,0,0,0,0,0,0,0,0,0,0,0,0,0,0,0,0,0,0,0,0,0,0,0,0,0,0,0,0,0,0,0,0,0,0,0,0,0,0,0,0
0,0,0,0,0,0,0,0,0,0,0,0,0,0,0,0,0,0,0,0,0,0,0,0,0,0,0,0,0,0,0,0,0,0,0,0,0,0,0,0,0,0,0,0,0,0,0,0,0,0,0,0,0,0,0,0,0,0,0,0,0,0,0,0
0,0,0,0,0,0,0,0,0,0,0,0,0,0,0,0,0,0,0,0,0,0,0,0,0,0,0,0,0,0,0,0,0,0,0,0,0,0,0,0,0,0,0,0,0,0,0,0,0,0,0,0,0,0,0,0,0,0,0,0,0,0,0,0
0,0,0,0,0,0,0,0,0,0,0,0,0,0,0,0,0,0,0,0,0,0,0,0,0,0,0,0,0,0,0,0,0,0,0,0,0,0,0,0,0,0,0,0,0,0,0,0,0,0,0,0,0,0,0,0,0,0,0,0,0,0,0,0
0,0,0,0,0,0,0,0,0,0,0,0,0,0,0,0,0,0,0,0,0,0,0,0,0,0,0,0,0,0,0,0,0,0,0,0,0,0,0,0,0,0,0,0,0,0,0,0,0,0,0,0,0,0,0,0,0,0,0,0,0,0,0,0
0,0,0,0,0,0,0,0,0,0,0,0,0,0,0,0,0,0,0,0,0,0,0,0,0,0,0,0,0,0,0,0,0,0,0,0,0,0,0,0,0,0,0,0,0,0,0,0,0,0,0,0,0,0,0,0,0,0,0,0,0,0,0,0
0,0,0,0,0,0,0,0,0,0,0,0,0,0,0,0,0,0,0,0,0,0,0,0,0,0,0,0,0,0,0,0,0,0,0,0,0,0,0,0,0,0,0,0,0,0,0,0,0,0,0,0,0,0,0,0,0,0,0,0,0,0,0,0
0,0,0,0,0,0,0,0,0,0,0,0,0,0,0,0,0,0,0,0,0,0,0,0,0,0,0,0,0,0,0,0,0,0,0,0,0,0,0,0,0,0,0,0,0,0,0,0,0,0,0,0,0,0,0,0,0,0,0,0,0,0,0,0
0,0,0,0,0,0,0,0,0,6,3,7,0,11,9,5,0,0,0,0,0,0,0,0,0,0,0,0,0,0,0,0,0,0,0,3,3,0,0,0,0,3,0,1,7,0,0,0,0,7,9,0,7,0,3,0,0,3,0,0,0,3,0,1
0,0,0,0,0,0,0,0,6,3,7,0,11,9,5,18,0,0,0,0,0,0,0,15,0,0,0,0,0,0,0,14,0,0,3,3,0,0,0,11,3,0,1,7,0,0,0,7,7,9,0,7,0,3,0,17,3,0,0,0,3,0,1,15
0,0,0,0,0,0,0,0,3,7,0,11,9,5,18,0,0,0,0,0,0,0,15,0,0,0,0,0,0,0,14,0,0,3,3,0,0,0,11,0,0,1,7,0,0,0,7,0,9,0,7,0,3,0,17,0,0,0,0,3,0,1,15,0
0,6,3,7,0,11,9,5,0,0,0,0,0,0,0,0,0,0,0,0,0,0,0,0,0,0,0,3,3,0,0,0,0,3,0,1,7,0,0,0,0,7,9,0,7,0,3,0,0,3,0,0,0,3,0,1,0,0,0,0,0,0,0,0
6,3,7,0,11,9,5,18,0,0,0,0,0,0,0,15,0,0,0,0,0,0,0,14,0,0,3,3,0,0,0,11,3,0,1,7,0,0,0,7,7,9,0,7,0,3,0,17,3,0,0,0,3,0,1,15,0,0,0,0,0,0,0,11
3,7,0,11,9,5,18,0,0,0,0,0,0,0,15,0,0,0,0,0,0,0,14,0,0,3,3,0,0,0,11,0,0,1,7,0,0,0,7,0,9,0,7,0,3,0,17,0,0,0,0,3,0,1,15,0,0,0,0,0,0,0,11,0
0,0,0,0,0,0,0,0,0,0,0,0,0,0,0,0,0,0,0,3,3,0,0,0,0,3,0,1,7,0,0,0,0,7,9,0,7,0,3,0,0,3,0,0,0,3,0,1,0,0,0,0,0,0,0,0,0,0,0,0,0,0,0,0
0,0,0,0,0,0,0,15,0,0,0,0,0,0,0,14,0,0,3,3,0,0,0,11,3,0,1,7,0,0,0,7,7,9,0,7,0,3,0,17,3,0,0,0,3,0,1,15,0,0,0,0,0,0,0,11,0,0,0,0,0,0,0,0
0,0,0,0,0,0,15,0,0,0,0,0,0,0,14,0,0,3,3,0,0,0,11,0,0,1,7,0,0,0,7,0,9,0,7,0,3,0,17,0,0,0,0,3,0,1,15,0,0,0,0,0,0,0,11,0,0,0,0,0,0,0,0,0
0,0,0,0,0,0,0,0,0,0,0,0,0,0,0,0,0,0,13,1,7,6,7,6,0,0,9,10,3,13,17,7,0,0,3,17,0,12,18,6,0,0,0,15,15,11,13,7,0,0,0,6,9,0,3,0,0,1,5,9,1,0,5,1
0,0,0,0,0,0,0,0,0,0,0,0,0,0,0,0,0,13,1,7,6,7,6,0,0,9,10,3,13,17,7,0,0,3,17,0,12,18,6,0,0,0,15,15,11,13,7,0,0,0,6,9,0,3,0,0,1,5,9,1,0,5,1,0
0,0,0,0,0,0,0,0,0,0,0,0,0,0,0,0,13,1,7,6,7,6,0,0,9,10,3,13,17,7,0,0,3,17,0,12,18,6,0,0,0,15,15,11,13,7,0,0,0,6,9,0,3,0,0,0,5,9,1,0,5,1,0,0
0,0,0,0,0,0,0,0,0,0,13,1,7,6,7,6,0,0,9,10,3,13,17,7,0,0,3,17,0,12,18,6,0,0,0,15,15,11,13,7,0,0,0,6,9,0,3,0,0,1,5,9,1,0,5,1,0,0,9,0,0,3,3,0
0,0,0,0,0,0,0,0,0,13,1,7,6,7,6,0,0,9,10,3,13,17,7,0,0,3,17,0,12,18,6,0,0,0,15,15,11,13,7,0,0,0,6,9,0,3,0,0,1,5,9,1,0,5,1,0,0,9,0,0,3,3,0,0
0,0,0,0,0,0,0,0,13,1,7,6,7,6,0,0,9,10,3,13,17,7,0,0,3,17,0,12,18,6,0,0,0,15,15,11,13,7,0,0,0,6,9,0,3,0,0,0,5,9,1,0,5,1,0,0,9,0,0,3,3,0,0,0
0,0,13,1,7,6,7,6,0,0,9,10,3,13,17,7,0,0,3,17,0,12,18,6,0,0,0,15,15,11,13,7,0,0,0,6,9,0,3,0,0,1,5,9,1,0,5,1,0,0,9,0,0,3,3,0,0,0,0,0,0,0,0,0
0,13,1,7,6,7,6,0,0,9,10,3,13,17,7,0,0,3,17,0,12,18,6,0,0,0,15,15,11,13,7,0,0,0,6,9,0,3,0,0,1,5,9,1,0,5,1,0,0,9,0,0,3,3,0,0,0,0,0,0,0,0,0,0
13,1,7,6,7,6,0,0,9,10,3,13,17,7,0,0,3,17,0,12,18,6,0,0,0,15,15,11,13,7,0,0,0,6,9,0,3,0,0,0,5,9,1,0,5,1,0,0,9,0,0,3,3,0,0,0,0,0,0,0,0,0,0,0
0,0,0,0,0,0,0,0,0,1,0,0,0,0,0,0,0,0,0,0,0,0,0,0,0,0,0,0,0,0,0,0,0,0,0,0,0,0,0,0,0,0,0,0,0,0,0,0,0,0,0,0,0,0,0,0,0,0,0,0,0,0,0,0
0,0,0,0,0,0,0,0,1,0,0,0,0,0,0,0,0,0,0,0,0,0,0,0,0,0,0,0,0,0,0,0,0,0,0,0,0,0,0,0,0,0,0,0,0,0,0,0,0,0,0,0,0,0,0,0,0,0,0,0,0,0,0,0
0,0,0,0,0,0,0,0,0,0,0,0,0,0,0,0,0,0,0,0,0,0,0,0,0,0,0,0,0,0,0,0,0,0,0,0,0,0,0,0,0,0,0,0,0,0,0,0,0,0,0,0,0,0,0,0,0,0,0,0,0,0,0,0
0,1,0,0,0,0,0,0,0,0,0,0,0,0,0,0,0,0,0,0,0,0,0,0,0,0,0,0,0,0,0,0,0,0,0,0,0,0,0,0,0,0,0,0,0,0,0,0,0,0,0,0,0,0,0,0,0,0,0,0,0,0,0,0
1,0,0,0,0,0,0,0,0,0,0,0,0,0,0,0,0,0,0,0,0,0,0,0,0,0,0,0,0,0,0,0,0,0,0,0,0,0,0,0,0,0,0,0,0,0,0,0,0,0,0,0,0,0,0,0,0,0,0,0,0,0,0,0
0,0,0,0,0,0,0,0,0,0,0,0,0,0,0,0,0,0,0,0,0,0,0,0,0,0,0,0,0,0,0,0,0,0,0,0,0,0,0,0,0,0,0,0,0,0,0,0,0,0,0,0,0,0,0,0,0,0,0,0,0,0,0,0
0,0,0,0,0,0,0,0,0,0,0,0,0,0,0,0,0,0,0,0,0,0,0,0,0,0,0,0,0,0,0,0,0,0,0,0,0,0,0,0,0,0,0,0,0,0,0,0,0,0,0,0,0,0,0,0,0,0,0,0,0,0,0,0
0,0,0,0,0,0,0,0,0,0,0,0,0,0,0,0,0,0,0,0,0,0,0,0,0,0,0,0,0,0,0,0,0,0,0,0,0,0,0,0,0,0,0,0,0,0,0,0,0,0,0,0,0,0,0,0,0,0,0,0,0,0,0,0
0,0,0,0,0,0,0,0,0,0,0,0,0,0,0,0,0,0,0,0,0,0,0,0,0,0,0,0,0,0,0,0,0,0,0,0,0,0,0,0,0,0,0,0,0,0,0,0,0,0,0,0,0,0,0,0,0,0,0,0,0,0,0,0
0,0,0,0,0,0,0,0,0,31,24,27,31,28,28,31,0,41,33,31,39,38,30,38,0,44,28,33,38,34,42,39,0,37,31,35,39,28,30,34,0,37,34,31,31,38,33,36,0,34,25,35,35,33,35,27,0,38,25,26,27,27,28,28
0,0,0,0,0,0,0,0,31,24,27,31,28,28,31,20,41,33,31,39,38,30,38,25,44,28,33,38,34,42,39,28,37,31,35,39,28,30,34,26,37,34,31,31,38,33,36,18,34,25,35,35,33,35,27,20,38,25,26,27,27,28,28,31
0,0,0,0,0,0,0,0,24,27,31,28,28,31,20,0,33,31,39,38,30,38,25,0,28,33,38,34,42,39,28,0,31,35,39,28,30,34,26,0,34,31,31,38,33,36,18,0,25,35,35,33,35,27,20,0,25,26,27,27,28,28,31,0
0,31,24,27,31,28,28,31,0,41,33,31,39,38,30,38,0,44,28,33,38,34,42,39,0,37,31,35,39,28,30,34,0,37,34,31,31,38,33,36,0,34,25,35,35,33,35,27,0,38,25,26,27,27,28,28,0,40,35,27,21,26,28,26
31,24,27,31,28,28,31,20,41,33,31,39,38,30,38,25,44,28,33,38,34,42,39,28,37,31,35,39,28,30,34,26,37,34,31,31,38,33,36,18,34,25,35,35,33,35,27,20,38,25,26,27,27,28,28,31,40,35,27,21,26,28,26,26
24,27,31,28,28,31,20,0,33,31,39,38,30,38,25,0,28,33,38,34,42,39,28,0,31,35,39,28,30,34,26,0,34,31,31,38,33,36,18,0,25,35,35,33,35,27,20,0,25,26,27,27,28,28,31,0,35,27,21,26,28,26,26,0
0,41,33,31,39,38,30,38,0,44,28,33,38,34,42,39,0,37,31,35,39,28,30,34,0,37,34,31,31,38,33,36,0,34,25,35,35,33,35,27,0,38,25,26,27,27,28,28,0,40,35,27,21,26,28,26,0,0,0,0,0,0,0,0
41,33,31,39,38,30,38,25,44,28,33,38,34,42,39,28,37,31,35,39,28,30,34,26,37,34,31,31,38,33,36,18,34,25,35,35,33,35,27,20,38,25,26,27,27,28,28,31,40,35,27,21,26,28,26,26,0,0,0,0,0,0,0,0
33,31,39,38,30,38,25,0,28,33,38,34,42,39,28,0,31,35,39,28,30,34,26,0,34,31,31,38,33,36,18,0,25,35,35,33,35,27,20,0,25,26,27,27,28,28,31,0,35,27,21,26,28,26,26,0,0,0,0,0,0,0,0,0
0,0,0,0,0,0,0,0,0,26,50,46,43,41,45,47,0,35,51,54,57,47,53,54,0,33,55,54,60,50,49,53,0,34,53,53,59,55,49,50,0,30,60,55,62,50,59,56,0,31,67,56,59,51,54,40,0,28,50,62,60,55,46,43
0,0,0,0,0,0,0,0,26,50,46,43,41,45,47,36,35,51,54,57,47,53,54,39,33,55,54,60,50,49,53,33,34,53,53,59,55,49,50,36,30,60,55,62,50,59,56,38,31,67,56,59,51,54,40,31,28,50,62,60,55,46,43,36
0,0,0,0,0,0,0,0,50,46,43,41,45,47,36,0,51,54,57,47,53,54,39,0,55,54,60,50,49,53,33,0,53,53,59,55,49,50,36,0,60,55,62,50,59,56,38,0,67,56,59,51,54,40,31,0,50,62,60,55,46,43,36,0
0,26,50,46,43,41,45,47,0,35,51,54,57,47,53,54,0,33,55,54,60,50,49,53,0,34,53,53,59,55,49,50,0,30,60,55,62,50,59,56,0,31,67,56,59,51,54,40,0,28,50,62,60,55,46,43,0,28,42,53,37,37,37,34
26,50,46,43,41,45,47,36,35,51,54,57,47,53,54,39,33,55,54,60,50,49,53,33,34,53,53,59,55,49,50,36,30,60,55,62,50,59,56,38,31,67,56,59,51,54,40,31,28,50,62,60,55,46,43,36,28,42,53,37,37,37,34,31
50,46,43,41,45,47,36,0,51,54,57,47,53,54,39,0,55,54,60,50,49,53,33,0,53,53,59,55,49,50,36,0,60,55,62,50,59,56,38,0,67,56,59,51,54,40,31,0,50,62,60,55,46,43,36,0,42,53,37,37,37,34,31,0
0,35,51,54,57,47,53,54,0,33,55,54,60,50,49,53,0,34,53,53,59,55,49,50,0,30,60,55,62,50,59,56,0,31,67,56,59,51,54,40,0,28,50,62,60,55,46,43,0,28,42,53,37,37,37,34,0,0,0,0,0,0,0,0
35,51,54,57,47,53,54,39,33,55,54,60,50,49,53,33,34,53,53,59,55,49,50,36,30,60,55,62,50,59,56,38,31,67,56,59,51,54,40,31,28,50,62,60,55,46,43,36,28,42,53,37,37,37,34,31,0,0,0,0,0,0,0,0
51,54,57,47,53,54,39,0,55,54,60,50,49,53,33,0,53,53,59,55,49,50,36,0,60,55,62,50,59,56,38,0,67,56,59,51,54,40,31,0,50,62,60,55,46,43,36,0,42,53,37,37,37,34,31,0,0,0,0,0,0,0,0,0
0,0,0,0,0,0,0,0,0,0,0,0,0,0,0,3,0,5,12,15,14,17,9,11,0,0,3,14,14,21,1,18,0,1,3,9,13,17,6,7,0,7,14,14,9,3,7,11,0,7,3,13,20,15,6,7,0,3,21,21,0,0,0,3
0,0,0,0,0,0,0,0,0,0,0,0,0,0,3,0,5,12,15,14,17,9,11,3,0,3,14,14,21,1,18,6,1,3,9,13,17,6,7,3,7,14,14,9,3,7,11,9,7,3,13,20,15,6,7,5,3,21,21,0,0,0,3,0
0,0,0,0,0,0,0,0,0,0,0,0,0,3,0,0,12,15,14,17,9,11,3,0,3,14,14,21,1,18,6,0,3,9,13,17,6,7,3,0,14,14,9,3,7,11,9,0,3,13,20,15,6,7,5,0,21,21,0,0,0,3,0,0
0,0,0,0,0,0,0,3,0,5,12,15,14,17,9,11,0,0,3,14,14,21,1,18,0,1,3,9,13,17,6,7,0,7,14,14,9,3,7,11,0,7,3,13,20,15,6,7,0,3,21,21,0,0,0,3,0,0,3,6,0,0,0,0
0,0,0,0,0,0,3,0,5,12,15,14,17,9,11,3,0,3,14,14,21,1,18,6,1,3,9,13,17,6,7,3,7,14,14,9,3,7,11,9,7,3,13,20,15,6,7,5,3,21,21,0,0,0,3,0,0,3,6,0,0,0,0,0
0,0,0,0,0,3,0,0,12,15,14,17,9,11,3,0,3,14,14,21,1,18,6,0,3,9,13,17,6,7,3,0,14,14,9,3,7,11,9,0,3,13,20,15,6,7,5,0,21,21,0,0,0,3,0,0,3,6,0,0,0,0,0,0
0,5,12,15,14,17,9,11,0,0,3,14,14,21,1,18,0,1,3,9,13,17,6,7,0,7,14,14,9,3,7,11,0,7,3,13,20,15,6,7,0,3,21,21,0,0,0,3,0,0,3,6,0,0,0,0,0,0,0,0,0,0,0,0
5,12,15,14,17,9,11,3,0,3,14,14,21,1,18,6,1,3,9,13,17,6,7,3,7,14,14,9,3,7,11,9,7,3,13,20,15,6,7,5,3,21,21,0,0,0,3,0,0,3,6,0,0,0,0,0,0,0,0,0,0,0,0,0
12,15,14,17,9,11,3,0,3,14,14,21,1,18,6,0,3,9,13,17,6,7,3,0,14,14,9,3,7,11,9,0,3,13,20,15,6,7,5,0,21,21,0,0,0,3,0,0,3,6,0,0,0,0,0,0,0,0,0,0,0,0,0,0
0,0,0,0,0,0,0,0,0,0,0,0,0,0,0,0,0,0,0,0,3,0,0,0,0,0,0,0,0,0,0,0,0,0,0,0,0,0,0,0,0,0,0,0,7,0,0,5,0,0,0,0,0,0,0,0,0,0,0,7,3,0,0,0
0,0,0,0,0,0,0,0,0,0,0,0,0,0,0,0,0,0,0,3,0,0,0,0,0,0,0,0,0,0,0,0,0,0,0,0,0,0,0,3,0,0,0,7,0,0,5,3,0,0,0,0,0,0,0,0,0,0,7,3,0,0,0,3
0,0,0,0,0,0,0,0,0,0,0,0,0,0,0,0,0,0,3,0,0,0,0,0,0,0,0,0,0,0,0,0,0,0,0,0,0,0,3,0,0,0,7,0,0,5,3,0,0,0,0,0,0,0,0,0,0,7,3,0,0,0,3,0
0,0,0,0,0,0,0,0,0,0,0,0,3,0,0,0,0,0,0,0,0,0,0,0,0,0,0,0,0,0,0,0,0,0,0,0,7,0,0,5,0,0,0,0,0,0,0,0,0,0,0,7,3,0,0,0,0,0,0,0,0,0,0,0
0,0,0,0,0,0,0,0,0,0,0,3,0,0,0,0,0,0,0,0,0,0,0,0,0,0,0,0,0,0,0,3,0,0,0,7,0,0,5,3,0,0,0,0,0,0,0,0,0,0,7,3,0,0,0,3,0,0,0,0,0,0,0,0
0,0,0,0,0,0,0,0,0,0,3,0,0,0,0,0,0,0,0,0,0,0,0,0,0,0,0,0,0,0,3,0,0,0,7,0,0,5,3,0,0,0,0,0,0,0,0,0,0,7,3,0,0,0,3,0,0,0,0,0,0,0,0,0
0,0,0,0,3,0,0,0,0,0,0,0,0,0,0,0,0,0,0,0,0,0,0,0,0,0,0,0,7,0,0,5,0,0,0,0,0,0,0,0,0,0,0,7,3,0,0,0,0,0,0,0,0,0,0,0,0,0,0,0,0,0,0,0
0,0,0,3,0,0,0,0,0,0,0,0,0,0,0,0,0,0,0,0,0,0,0,3,0,0,0,7,0,0,5,3,0,0,0,0,0,0,0,0,0,0,7,3,0,0,0,3,0,0,0,0,0,0,0,0,0,0,0,0,0,0,0,0
0,0,3,0,0,0,0,0,0,0,0,0,0,0,0,0,0,0,0,0,0,0,3,0,0,0,7,0,0,5,3,0,0,0,0,0,0,0,0,0,0,7,3,0,0,0,3,0,0,0,0,0,0,0,0,0,0,0,0,0,0,0,0,0
0,0,0,0,0,0,0,0,0,0,3,3,6,7,12,15,0,3,14,15,20,13,18,27,0,1,17,3,12,14,13,20,0,9,11,10,15,13,17,23,0,6,12,13,11,13,23,23,0,5,7,14,12,21,24,24,0,7,21,14,10,17,12,11
0,0,0,0,0,0,0,0,0,3,3,6,7,12,15,11,3,14,15,20,13,18,27,11,1,17,3,12,14,13,20,13,9,11,10,15,13,17,23,10,6,12,13,11,13,23,23,15,5,7,14,12,21,24,24,13,7,21,14,10,17,12,11,6
0,0,0,0,0,0,0,0,3,3,6,7,12,15,11,0,14,15,20,13,18,27,11,0,17,3,12,14,13,20,13,0,11,10,15,13,17,23,10,0,12,13,11,13,23,23,15,0,7,14,12,21,24,24,13,0,21,14,10,17,12,11,6,0
0,0,3,3,6,7,12,15,0,3,14,15,20,13,18,27,0,1,17,3,12,14,13,20,0,9,11,10,15,13,17,23,0,6,12,13,11,13,23,23,0,5,7,14,12,21,24,24,0,7,21,14,10,17,12,11,0,15,25,28,24,22,20,20
0,3,3,6,7,12,15,11,3,14,15,20,13,18,27,11,1,17,3,12,14,13,20,13,9,11,10,15,13,17,23,10,6,12,13,11,13,23,23,15,5,7,14,12,21,24,24,13,7,21,14,10,17,12,11,6,15,25,28,24,22,20,20,7
3,3,6,7,12,15,11,0,14,15,20,13,18,27,11,0,17,3,12,14,13,20,13,0,11,10,15,13,17,23,10,0,12,13,11,13,23,23,15,0,7,14,12,21,24,24,13,0,21,14,10,17,12,11,6,0,25,28,24,22,20,20,7,0
0,3,14,15,20,13,18,27,0,1,17,3,12,14,13,20,0,9,11,10,15,13,17,23,0,6,12,13,11,13,23,23,0,5,7,14,12,21,24,24,0,7,21,14,10,17,12,11,0,15,25,28,24,22,20,20,0,0,0,0,0,0,0,0
3,14,15,20,13,18,27,11,1,17,3,12,14,13,20,13,9,11,10,15,13,17,23,10,6,12,13,11,13,23,23,15,5,7,14,12,21,24,24,13,7,21,14,10,17,12,11,6,15,25,28,24,22,20,20,7,0,0,0,0,0,0,0,0
14,15,20,13,18,27,11,0,17,3,12,14,13,20,13,0,11,10,15,13,17,23,10,0,12,13,11,13,23,23,15,0,7,14,12,21,24,24,13,0,21,14,10,17,12,11,6,0,25,28,24,22,20,20,7,0,0,0,0,0,0,0,0,0
0,0,0,0,0,0,0,0,0,17,26,17,17,24,18,15,0,13,12,3,0,0,0,0,0,11,0,7,0,5,0,0,0,15,0,3,7,3,0,3,0,10,0,0,1,0,0,0,0,0,3,0,0,0,0,0,0,0,5,0,0,0,0,0
0,0,0,0,0,0,0,0,17,26,17,17,24,18,15,15,13,12,3,0,0,0,0,7,11,0,7,0,5,0,0,11,15,0,3,7,3,0,3,7,10,0,0,1,0,0,0,3,0,3,0,0,0,0,0,12,0,5,0,0,0,0,0,10
0,0,0,0,0,0,0,0,26,17,17,24,18,15,15,0,12,3,0,0,0,0,7,0,0,7,0,5,0,0,11,0,0,3,7,3,0,3,7,0,0,0,1,0,0,0,3,0,3,0,0,0,0,0,12,0,5,0,0,0,0,0,10,0
0,17,26,17,17,24,18,15,0,13,12,3,0,0,0,0,0,11,0,7,0,5,0,0,0,15,0,3,7,3,0,3,0,10,0,0,1,0,0,0,0,0,3,0,0,0,0,0,0,0,5,0,0,0,0,0,0,0,0,0,10,3,1,0
17,26,17,17,24,18,15,15,13,12,3,0,0,0,0,7,11,0,7,0,5,0,0,11,15,0,3,7,3,0,3,7,10,0,0,1,0,0,0,3,0,3,0,0,0,0,0,12,0,5,0,0,0,0,0,10,0,0,0,10,3,1,0,23
26,17,17,24,18,15,15,0,12,3,0,0,0,0,7,0,0,7,0,5,0,0,11,0,0,3,7,3,0,3,7,0,0,0,1,0,0,0,3,0,3,0,0,0,0,0,12,0,5,0,0,0,0,0,10,0,0,0,10,3,1,0,23,0
0,13,12,3,0,0,0,0,0,11,0,7,0,5,0,0,0,15,0,3,7,3,0,3,0,10,0,0,1,0,0,0,0,0,3,0,0,0,0,0,0,0,5,0,0,0,0,0,0,0,0,0,10,3,1,0,0,0,0,0,0,0,0,0
13,12,3,0,0,0,0,7,11,0,7,0,5,0,0,11,15,0,3,7,3,0,3,7,10,0,0,1,0,0,0,3,0,3,0,0,0,0,0,12,0,5,0,0,0,0,0,10,0,0,0,10,3,1,0,23,0,0,0,0,0,0,0,0
12,3,0,0,0,0,7,0,0,7,0,5,0,0,11,0,0,3,7,3,0,3,7,0,0,0,1,0,0,0,3,0,3,0,0,0,0,0,12,0,5,0,0,0,0,0,10,0,0,0,10,3,1,0,23,0,0,0,0,0,0,0,0,0
0,0,0,0,0,0,0,0,0,0,0,0,0,0,0,0,0,0,0,0,0,0,0,0,0,0,0,0,0,0,0,0,0,0,0,0,0,0,0,0,0,0,0,0,0,0,0,0,0,0,0,0,0,0,0,0,0,0,0,0,0,0,0,0
0,0,0,0,0,0,0,0,0,0,0,0,0,0,0,0,0,0,0,0,0,0,0,0,0,0,0,0,0,0,0,0,0,0,0,0,0,0,0,0,0,0,0,0,0,0,0,0,0,0,0,0,0,0,0,0,0,0,0,0,0,0,0,0
0,0,0,0,0,0,0,0,0,0,0,0,0,0,0,0,0,0,0,0,0,0,0,0,0,0,0,0,0,0,0,0,0,0,0,0,0,0,0,0,0,0,0,0,0,0,0,0,0,0,0,0,0,0,0,0,0,0,0,0,0,0,0,0
0,0,0,0,0,0,0,0,0,0,0,0,0,0,0,0,0,0,0,0,0,0,0,0,0,0,0,0,0,0,0,0,0,0,0,0,0,0,0,0,0,0,0,0,0,0,0,0,0,0,0,0,0,0,0,0,0,0,0,0,0,0,0,0
0,0,0,0,0,0,0,0,0,0,0,0,0,0,0,0,0,0,0,0,0,0,0,0,0,0,0,0,0,0,0,0,0,0,0,0,0,0,0,0,0,0,0,0,0,0,0,0,0,0,0,0,0,0,0,0,0,0,0,0,0,0,0,0
0,0,0,0,0,0,0,0,0,0,0,0,0,0,0,0,0,0,0,0,0,0,0,0,0,0,0,0,0,0,0,0,0,0,0,0,0,0,0,0,0,0,0,0,0,0,0,0,0,0,0,0,0,0,0,0,0,0,0,0,0,0,0,0
0,0,0,0,0,0,0,0,0,0,0,0,0,0,0,0,0,0,0,0,0,0,0,0,0,0,0,0,0,0,0,0,0,0,0,0,0,0,0,0,0,0,0,0,0,0,0,0,0,0,0,0,0,0,0,0,0,0,0,0,0,0,0,0
0,0,0,0,0,0,0,0,0,0,0,0,0,0,0,0,0,0,0,0,0,0,0,0,0,0,0,0,0,0,0,0,0,0,0,0,0,0,0,0,0,0,0,0,0,0,0,0,0,0,0,0,0,0,0,0,0,0,0,0,0,0,0,0
0,0,0,0,0,0,0,0,0,0,0,0,0,0,0,0,0,0,0,0,0,0,0,0,0,0,0,0,0,0,0,0,0,0,0,0,0,0,0,0,0,0,0,0,0,0,0,0,0,0,0,0,0,0,0,0,0,0,0,0,0,0,0,0
0,0,0,0,0,0,0,0,0,0,0,0,3,0,0,0,0,0,0,0,0,0,0,0,0,0,0,0,0,0,0,0,0,0,0,0,0,0,0,0,0,0,0,0,0,0,0,0,0,0,0,0,0,0,0,0,0,0,0,0,0,0,0,0
0,0,0,0,0,0,0,0,0,0,0,3,0,0,0,0,0,0,0,0,0,0,0,0,0,0,0,0,0,0,0,0,0,0,0,0,0,0,0,0,0,0,0,0,0,0,0,0,0,0,0,0,0,0,0,0,0,0,0,0,0,0,0,0
0,0,0,0,0,0,0,0,0,0,3,0,0,0,0,0,0,0,0,0,0,0,0,0,0,0,0,0,0,0,0,0,0,0,0,0,0,0,0,0,0,0,0,0,0,0,0,0,0,0,0,0,0,0,0,0,0,0,0,0,0,0,0,0
0,0,0,0,3,0,0,0,0,0,0,0,0,0,0,0,0,0,0,0,0,0,0,0,0,0,0,0,0,0,0,0,0,0,0,0,0,0,0,0,0,0,0,0,0,0,0,0,0,0,0,0,0,0,0,0,0,0,0,10,7,7,3,3
0,0,0,3,0,0,0,0,0,0,0,0,0,0,0,0,0,0,0,0,0,0,0,0,0,0,0,0,0,0,0,0,0,0,0,0,0,0,0,0,0,0,0,0,0,0,0,0,0,0,0,0,0,0,0,0,0,0,10,7,7,3,3,0
0,0,3,0,0,0,0,0,0,0,0,0,0,0,0,0,0,0,0,0,0,0,0,0,0,0,0,0,0,0,0,0,0,0,0,0,0,0,0,0,0,0,0,0,0,0,0,0,0,0,0,0,0,0,0,0,0,10,7,7,3,3,0,0
0,0,0,0,0,0,0,0,0,0,0,0,0,0,0,0,0,0,0,0,0,0,0,0,0,0,0,0,0,0,0,0,0,0,0,0,0,0,0,0,0,0,0,0,0,0,0,0,0,0,0,10,7,7,3,3,0,0,0,0,0,0,0,0
0,0,0,0,0,0,0,0,0,0,0,0,0,0,0,0,0,0,0,0,0,0,0,0,0,0,0,0,0,0,0,0,0,0,0,0,0,0,0,0,0,0,0,0,0,0,0,0,0,0,10,7,7,3,3,0,0,0,0,0,0,0,0,0
0,0,0,0,0,0,0,0,0,0,0,0,0,0,0,0,0,0,0,0,0,0,0,0,0,0,0,0,0,0,0,0,0,0,0,0,0,0,0,0,0,0,0,0,0,0,0,0,0,10,7,7,3,3,0,0,0,0,0,0,0,0,0,0
0,0,0,0,0,0,0,0,0,27,30,34,34,31,25,34,0,39,39,42,39,41,31,41,0,38,44,47,45,37,35,43,0,42,42,43,44,43,44,49,0,47,46,41,42,33,40,36,0,41,35,41,38,39,31,38,0,35,48,33,43,43,49,54
0,0,0,0,0,0,0,0,27,30,34,34,31,25,34,30,39,39,42,39,41,31,41,20,38,44,47,45,37,35,43,20,42,42,43,44,43,44,49,17,47,46,41,42,33,40,36,19,41,35,41,38,39,31,38,23,35,48,33,43,43,49,54,30
0,0,0,0,0,0,0,0,30,34,34,31,25,34,30,0,39,42,39,41,31,41,20,0,44,47,45,37,35,43,20,0,42,43,44,43,44,49,17,0,46,41,42,33,40,36,19,0,35,41,38,39,31,38,23,0,48,33,43,43,49,54,30,0
0,27,30,34,34,31,25,34,0,39,39,42,39,41,31,41,0,38,44,47,45,37,35,43,0,42,42,43,44,43,44,49,0,47,46,41,42,33,40,36,0,41,35,41,38,39,31,38,0,35,48,33,43,43,49,54,0,37,33,21,26,34,42,40
27,30,34,34,31,25,34,30,39,39,42,39,41,31,41,20,38,44,47,45,37,35,43,20,42,42,43,44,43,44,49,17,47,46,41,42,33,40,36,19,41,35,41,38,39,31,38,23,35,48,33,43,43,49,54,30,37,33,21,26,34,42,40,22
30,34,34,31,25,34,30,0,39,42,39,41,31,41,20,0,44,47,45,37,35,43,20,0,42,43,44,43,44,49,17,0,46,41,42,33,40,36,19,0,35,41,38,39,31,38,23,0,48,33,43,43,49,54,30,0,33,21,26,34,42,40,22,0
0,39,39,42,39,41,31,41,0,38,44,47,45,37,35,43,0,42,42,43,44,43,44,49,0,47,46,41,42,33,40,36,0,41,35,41,38,39,31,38,0,35,48,33,43,43,49,54,0,37,33,21,26,34,42,40,0,0,0,0,0,0,0,0
39,39,42,39,41,31,41,20,38,44,47,45,37,35,43,20,42,42,43,44,43,44,49,17,47,46,41,42,33,40,36,19,41,35,41,38,39,31,38,23,35,48,33,43,43,49,54,30,37,33,21,26,34,42,40,22,0,0,0,0,0,0,0,0
39,42,39,41,31,41,20,0,44,47,45,37,35,43,20,0,42,43,44,43,44,49,17,0,46,41,42,33,40,36,19,0,35,41,38,39,31,38,23,0,48,33,43,43,49,54,30,0,33,21,26,34,42,40,22,0,0,0,0,0,0,0,0,0
0,0,0,0,0,0,0,0,0,21,7,3,5,3,6,3,0,11,0,0,0,0,0,3,0,10,0,0,0,0,3,5,0,14,5,0,0,6,7,5,0,19,7,0,0,0,0,0,0,23,0,3,0,0,0,3,0,15,12,5,1,0,3,6
0,0,0,0,0,0,0,0,21,7,3,5,3,6,3,9,11,0,0,0,0,0,3,6,10,0,0,0,0,3,5,7,14,5,0,0,6,7,5,11,19,7,0,0,0,0,0,9,23,0,3,0,0,0,3,11,15,12,5,1,0,3,6,15
0,0,0,0,0,0,0,0,7,3,5,3,6,3,9,0,0,0,0,0,0,3,6,0,0,0,0,0,3,5,7,0,5,0,0,6,7,5,11,0,7,0,0,0,0,0,9,0,0,3,0,0,0,3,11,0,12,5,1,0,3,6,15,0
0,21,7,3,5,3,6,3,0,11,0,0,0,0,0,3,0,10,0,0,0,0,3,5,0,14,5,0,0,6,7,5,0,19,7,0,0,0,0,0,0,23,0,3,0,0,0,3,0,15,12,5,1,0,3,6,0,10,9,0,3,9,12,14
21,7,3,5,3,6,3,9,11,0,0,0,0,0,3,6,10,0,0,0,0,3,5,7,14,5,0,0,6,7,5,11,19,7,0,0,0,0,0,9,23,0,3,0,0,0,3,11,15,12,5,1,0,3,6,15,10,9,0,3,9,12,14,21
7,3,5,3,6,3,9,0,0,0,0,0,0,3,6,0,0,0,0,0,3,5,7,0,5,0,0,6,7,5,11,0,7,0,0,0,0,0,9,0,0,3,0,0,0,3,11,0,12,5,1,0,3,6,15,0,9,0,3,9,12,14,21,0
0,11,0,0,0,0,0,3,0,10,0,0,0,0,3,5,0,14,5,0,0,6,7,5,0,19,7,0,0,0,0,0,0,23,0,3,0,0,0,3,0,15,12,5,1,0,3,6,0,10,9,0,3,9,12,14,0,0,0,0,0,0,0,0
11,0,0,0,0,0,3,6,10,0,0,0,0,3,5,7,14,5,0,0,6,7,5,11,19,7,0,0,0,0,0,9,23,0,3,0,0,0,3,11,15,12,5,1,0,3,6,15,10,9,0,3,9,12,14,21,0,0,0,0,0,0,0,0
0,0,0,0,0,3,6,0,0,0,0,0,3,5,7,0,5,0,0,6,7,5,11,0,7,0,0,0,0,0,9,0,0,3,0,0,0,3,11,0,12,5,1,0,3,6,15,0,9,0,3,9,12,14,21,0,0,0,0,0,0,0,0,0
0,0,0,0,0,0,0,0,0,0,0,0,0,0,0,0,0,0,0,0,0,0,0,0,0,0,0,0,0,0,0,0,0,0,0,0,0,0,0,0,0,0,0,0,0,0,0,0,0,0,0,0,0,0,0,0,0,0,0,0,0,0,0,0
0,0,0,0,0,0,0,0,0,0,0,0,0,0,0,0,0,0,0,0,0,0,0,0,0,0,0,0,0,0,0,0,0,0,0,0,0,0,0,0,0,0,0,0,0,0,0,0,0,0,0,0,0,0,0,0,0,0,0,0,0,0,0,0
0,0,0,0,0,0,0,0,0,0,0,0,0,0,0,0,0,0,0,0,0,0,0,0,0,0,0,0,0,0,0,0,0,0,0,0,0,0,0,0,0,0,0,0,0,0,0,0,0,0,0,0,0,0,0,0,0,0,0,0,0,0,0,0
0,0,0,0,0,0,0,0,0,0,0,0,0,0,0,0,0,0,0,0,0,0,0,0,0,0,0,0,0,0,0,0,0,0,0,0,0,0,0,0,0,0,0,0,0,0,0,0,0,0,0,0,0,0,0,0,0,0,0,0,0,0,0,0
0,0,0,0,0,0,0,0,0,0,0,0,0,0,0,0,0,0,0,0,0,0,0,0,0,0,0,0,0,0,0,0,0,0,0,0,0,0,0,0,0,0,0,0,0,0,0,0,0,0,0,0,0,0,0,0,0,0,0,0,0,0,0,0
0,0,0,0,0,0,0,0,0,0,0,0,0,0,0,0,0,0,0,0,0,0,0,0,0,0,0,0,0,0,0,0,0,0,0,0,0,0,0,0,0,0,0,0,0,0,0,0,0,0,0,0,0,0,0,0,0,0,0,0,0,0,0,0
0,0,0,0,0,0,0,0,0,0,0,0,0,0,0,0,0,0,0,0,0,0,0,0,0,0,0,0,0,0,0,0,0,0,0,0,0,0,0,0,0,0,0,0,0,0,0,0,0,0,0,0,0,0,0,0,0,0,0,0,0,0,0,0
0,0,0,0,0,0,0,0,0,0,0,0,0,0,0,0,0,0,0,0,0,0,0,0,0,0,0,0,0,0,0,0,0,0,0,0,0,0,0,0,0,0,0,0,0,0,0,0,0,0,0,0,0,0,0,0,0,0,0,0,0,0,0,0
0,0,0,0,0,0,0,0,0,0,0,0,0,0,0,0,0,0,0,0,0,0,0,0,0,0,0,0,0,0,0,0,0,0,0,0,0,0,0,0,0,0,0,0,0,0,0,0,0,0,0,0,0,0,0,0,0,0,0,0,0,0,0,0
0,0,0,0,0,0,0,0,0,0,0,0,0,0,0,0,0,0,0,0,0,0,0,0,0,0,0,0,0,0,0,0,0,0,0,0,0,0,0,0,0,0,0,0,0,0,0,0,0,0,0,0,0,0,0,0,0,0,0,0,0,5,0,0
0,0,0,0,0,0,0,0,0,0,0,0,0,0,0,10,0,0,0,0,0,0,0,0,0,0,0,0,0,0,0,1,0,0,0,0,0,0,0,7,0,0,0,0,0,0,0,5,0,0,0,0,0,0,0,7,0,0,0,0,5,0,0,12
0,0,0,0,0,0,0,0,0,0,0,0,0,0,10,0,0,0,0,0,0,0,0,0,0,0,0,0,0,0,1,0,0,0,0,0,0,0,7,0,0,0,0,0,0,0,5,0,0,0,0,0,0,0,7,0,0,0,0,5,0,0,12,0
0,0,0,0,0,0,0,0,0,0,0,0,0,0,0,0,0,0,0,0,0,0,0,0,0,0,0,0,0,0,0,0,0,0,0,0,0,0,0,0,0,0,0,0,0,0,0,0,0,0,0,0,0,5,0,0,0,0,0,15,15,11,7,9
0,0,0,0,0,0,0,10,0,0,0,0,0,0,0,0,0,0,0,0,0,0,0,1,0,0,0,0,0,0,0,7,0,0,0,0,0,0,0,5,0,0,0,0,0,0,0,7,0,0,0,0,5,0,0,12,0,0,15,15,11,7,9,26
0,0,0,0,0,0,10,0,0,0,0,0,0,0,0,0,0,0,0,0,0,0,1,0,0,0,0,0,0,0,7,0,0,0,0,0,0,0,5,0,0,0,0,0,0,0,7,0,0,0,0,5,0,0,12,0,0,15,15,11,7,9,26,0
0,0,0,0,0,0,0,0,0,0,0,0,0,0,0,0,0,0,0,0,0,0,0,0,0,0,0,0,0,0,0,0,0,0,0,0,0,0,0,0,0,0,0,0,0,5,0,0,0,0,0,15,15,11,7,9,0,0,0,0,0,0,0,0
0,0,0,0,0,0,0,0,0,0,0,0,0,0,0,1,0,0,0,0,0,0,0,7,0,0,0,0,0,0,0,5,0,0,0,0,0,0,0,7,0,0,0,0,5,0,0,12,0,0,15,15,11,7,9,26,0,0,0,0,0,0,0,0
0,0,0,0,0,0,0,0,0,0,0,0,0,0,1,0,0,0,0,0,0,0,7,0,0,0,0,0,0,0,5,0,0,0,0,0,0,0,7,0,0,0,0,5,0,0,12,0,0,15,15,11,7,9,26,0,0,0,0,0,0,0,0,0
0,0,0,0,0,0,0,0,0,6,0,1,0,0,7,6,0,0,0,0,0,0,0,0,0,0,0,0,0,0,0,0,0,1,0,0,0,0,0,0,0,0,0,0,0,0,0,0,0,3,0,0,0,0,0,0,0,0,0,0,0,0,0,0
0,0,0,0,0,0,0,0,6,0,1,0,0,7,6,0,0,0,0,0,0,0,0,0,0,0,0,0,0,0,0,0,1,0,0,0,0,0,0,0,0,0,0,0,0,0,0,0,3,0,0,0,0,0,0,0,0,0,0,0,0,0,0,0
0,0,0,0,0,0,0,0,0,1,0,0,7,6,0,0,0,0,0,0,0,0,0,0,0,0,0,0,0,0,0,0,0,0,0,0,0,0,0,0,0,0,0,0,0,0,0,0,0,0,0,0,0,0,0,0,0,0,0,0,0,0,0,0
0,6,0,1,0,0,7,6,0,0,0,0,0,0,0,0,0,0,0,0,0,0,0,0,0,1,0,0,0,0,0,0,0,0,0,0,0,0,0,0,0,3,0,0,0,0,0,0,0,0,0,0,0,0,0,0,0,0,0,0,0,0,0,1
6,0,1,0,0,7,6,0,0,0,0,0,0,0,0,0,0,0,0,0,0,0,0,0,1,0,0,0,0,0,0,0,0,0,0,0,0,0,0,0,3,0,0,0,0,0,0,0,0,0,0,0,0,0,0,0,0,0,0,0,0,0,1,0
0,1,0,0,7,6,0,0,0,0,0,0,0,0,0,0,0,0,0,0,0,0,0,0,0,0,0,0,0,0,0,0,0,0,0,0,0,0,0,0,0,0,0,0,0,0,0,0,0,0,0,0,0,0,0,0,0,0,0,0,0,1,0,0
0,0,0,0,0,0,0,0,0,0,0,0,0,0,0,0,0,1,0,0,0,0,0,0,0,0,0,0,0,0,0,0,0,3,0,0,0,0,0,0,0,0,0,0,0,0,0,0,0,0,0,0,0,0,0,1,0,0,0,0,0,0,0,0
0,0,0,0,0,0,0,0,0,0,0,0,0,0,0,0,1,0,0,0,0,0,0,0,0,0,0,0,0,0,0,0,3,0,0,0,0,0,0,0,0,0,0,0,0,0,0,0,0,0,0,0,0,0,1,0,0,0,0,0,0,0,0,0
0,0,0,0,0,0,0,0,0,0,0,0,0,0,0,0,0,0,0,0,0,0,0,0,0,0,0,0,0,0,0,0,0,0,0,0,0,0,0,0,0,0,0,0,0,0,0,0,0,0,0,0,0,1,0,0,0,0,0,0,0,0,0,0
0,0,0,0,0,0,0,0,0,20,7,7,9,6,1,3,0,27,33,25,17,28,19,21,0,25,20,35,12,15,22,15,0,28,14,10,17,10,17,14,0,35,23,14,15,15,14,15,0,27,25,26,12,10,18,24,0,20,9,7,12,15,14,21
0,0,0,0,0,0,0,0,20,7,7,9,6,1,3,14,27,33,25,17,28,19,21,34,25,20,35,12,15,22,15,26,28,14,10,17,10,17,14,24,35,23,14,15,15,14,15,26,27,25,26,12,10,18,24,33,20,9,7,12,15,14,21,31
0,0,0,0,0,0,0,0,7,7,9,6,1,3,14,0,33,25,17,28,19,21,34,0,20,35,12,15,22,15,26,0,14,10,17,10,17,14,24,0,23,14,15,15,14,15,26,0,25,26,12,10,18,24,33,0,9,7,12,15,14,21,31,0
0,20,7,7,9,6,1,3,0,27,33,25,17,28,19,21,0,25,20,35,12,15,22,15,0,28,14,10,17,10,17,14,0,35,23,14,15,15,14,15,0,27,25,26,12,10,18,24,0,20,9,7,12,15,14,21,0,19,20,24,24,28,28,30
20,7,7,9,6,1,3,14,27,33,25,17,28,19,21,34,25,20,35,12,15,22,15,26,28,14,10,17,10,17,14,24,35,23,14,15,15,14,15,26,27,25,26,12,10,18,24,33,20,9,7,12,15,14,21,31,19,20,24,24,28,28,30,37
7,7,9,6,1,3,14,0,33,25,17,28,19,21,34,0,20,35,12,15,22,15,26,0,14,10,17,10,17,14,24,0,23,14,15,15,14,15,26,0,25,26,12,10,18,24,33,0,9,7,12,15,14,21,31,0,20,24,24,28,28,30,37,0
0,27,33,25,17,28,19,21,0,25,20,35,12,15,22,15,0,28,14,10,17,10,17,14,0,35,23,14,15,15,14,15,0,27,25,26,12,10,18,24,0,20,9,7,12,15,14,21,0,19,20,24,24,28,28,30,0,0,0,0,0,0,0,0
27,33,25,17,28,19,21,34,25,20,35,12,15,22,15,26,28,14,10,17,10,17,14,24,35,23,14,15,15,14,15,26,27,25,26,12,10,18,24,33,20,9,7,12,15,14,21,31,19,20,24,24,28,28,30,37,0,0,0,0,0,0,0,0
33,25,17,28,19,21,34,0,20,35,12,15,22,15,26,0,14,10,17,10,17,14,24,0,23,14,15,15,14,15,26,0,25,26,12,10,18,24,33,0,9,7,12,15,14,21,31,0,20,24,24,28,28,30,37,0,0,0,0,0,0,0,0,0
0,0,0,0,0,0,0,0,0,0,0,0,0,0,0,0,0,0,1,0,0,1,0,0,0,0,0,0,0,7,0,0,0,0,0,0,0,0,0,0,0,0,0,0,7,3,0,5,0,0,1,0,5,11,12,0,0,0,0,0,9,15,5,0
0,0,0,0,0,0,0,0,0,0,0,0,0,0,0,3,0,1,0,0,1,0,0,14,0,0,0,0,7,0,0,11,0,0,0,0,0,0,0,5,0,0,0,7,3,0,5,7,0,1,0,5,11,12,0,9,0,0,0,9,15,5,0,13
0,0,0,0,0,0,0,0,0,0,0,0,0,0,3,0,1,0,0,1,0,0,14,0,0,0,0,7,0,0,11,0,0,0,0,0,0,0,5,0,0,0,7,3,0,5,7,0,1,0,5,11,12,0,9,0,0,0,9,15,5,0,13,0
0,0,0,0,0,0,0,0,0,0,1,0,0,1,0,0,0,0,0,0,0,7,0,0,0,0,0,0,0,0,0,0,0,0,0,0,7,3,0,5,0,0,1,0,5,11,12,0,0,0,0,0,9,15,5,0,0,5,19,13,15,7,3,6
0,0,0,0,0,0,0,3,0,1,0,0,1,0,0,14,0,0,0,0,7,0,0,11,0,0,0,0,0,0,0,5,0,0,0,7,3,0,5,7,0,1,0,5,11,12,0,9,0,0,0,9,15,5,0,13,5,19,13,15,7,3,6,15
0,0,0,0,0,0,3,0,1,0,0,1,0,0,14,0,0,0,0,7,0,0,11,0,0,0,0,0,0,0,5,0,0,0,7,3,0,5,7,0,1,0,5,11,12,0,9,0,0,0,9,15,5,0,13,0,19,13,15,7,3,6,15,0
0,0,1,0,0,1,0,0,0,0,0,0,0,7,0,0,0,0,0,0,0,0,0,0,0,0,0,0,7,3,0,5,0,0,1,0,5,11,12,0,0,0,0,0,9,15,5,0,0,5,19,13,15,7,3,6,0,0,0,0,0,0,0,0
0,1,0,0,1,0,0,14,0,0,0,0,7,0,0,11,0,0,0,0,0,0,0,5,0,0,0,7,3,0,5,7,0,1,0,5,11,12,0,9,0,0,0,9,15,5,0,13,5,19,13,15,7,3,6,15,0,0,0,0,0,0,0,0
1,0,0,1,0,0,14,0,0,0,0,7,0,0,11,0,0,0,0,0,0,0,5,0,0,0,7,3,0,5,7,0,1,0,5,11,12,0,9,0,0,0,9,15,5,0,13,0,19,13,15,7,3,6,15,0,0,0,0,0,0,0,0,0
0,0,0,0,0,0,0,0,0,33,24,18,20,18,26,28,0,23,14,7,17,17,24,20,0,26,20,23,28,30,27,24,0,24,24,19,26,28,27,28,0,22,17,25,24,26,20,30,0,15,21,23,25,28,30,26,0,22,20,35,39,30,31,31
0,0,0,0,0,0,0,0,33,24,18,20,18,26,28,24,23,14,7,17,17,24,20,19,26,20,23,28,30,27,24,31,24,24,19,26,28,27,28,27,22,17,25,24,26,20,30,19,15,21,23,25,28,30,26,31,22,20,35,39,30,31,31,31
0,0,0,0,0,0,0,0,24,18,20,18,26,28,24,0,14,7,17,17,24,20,19,0,20,23,28,30,27,24,31,0,24,19,26,28,27,28,27,0,17,25,24,26,20,30,19,0,21,23,25,28,30,26,31,0,20,35,39,30,31,31,31,0
0,33,24,18,20,18,26,28,0,23,14,7,17,17,24,20,0,26,20,23,28,30,27,24,0,24,24,19,26,28,27,28,0,22,17,25,24,26,20,30,0,15,21,23,25,28,30,26,0,22,20,35,39,30,31,31,0,22,27,31,30,25,27,22
33,24,18,20,18,26,28,24,23,14,7,17,17,24,20,19,26,20,23,28,30,27,24,31,24,24,19,26,28,27,28,27,22,17,25,24,26,20,30,19,15,21,23,25,28,30,26,31,22,20,35,39,30,31,31,31,22,27,31,30,25,27,22,22
24,18,20,18,26,28,24,0,14,7,17,17,24,20,19,0,20,23,28,30,27,24,31,0,24,19,26,28,27,28,27,0,17,25,24,26,20,30,19,0,21,23,25,28,30,26,31,0,20,35,39,30,31,31,31,0,27,31,30,25,27,22,22,0
0,23,14,7,17,17,24,20,0,26,20,23,28,30,27,24,0,24,24,19,26,28,27,28,0,22,17,25,24,26,20,30,0,15,21,23,25,28,30,26,0,22,20,35,39,30,31,31,0,22,27,31,30,25,27,22,0,0,0,0,0,0,0,0
23,14,7,17,17,24,20,19,26,20,23,28,30,27,24,31,24,24,19,26,28,27,28,27,22,17,25,24,26,20,30,19,15,21,23,25,28,30,26,31,22,20,35,39,30,31,31,31,22,27,31,30,25,27,22,22,0,0,0,0,0,0,0,0
14,7,17,17,24,20,19,0,20,23,28,30,27,24,31,0,24,19,26,28,27,28,27,0,17,25,24,26,20,30,19,0,21,23,25,28,30,26,31,0,20,35,39,30,31,31,31,0,27,31,30,25,27,22,22,0,0,0,0,0,0,0,0,0
0,0,0,0,0,0,0,0,0,0,0,0,0,0,0,0,0,10,0,3,0,0,0,0,0,14,0,0,0,0,0,0,0,14,0,0,0,0,0,0,0,11,0,0,0,0,0,0,0,7,0,0,0,0,0,0,0,5,0,0,0,3,1,0
0,0,0,0,0,0,0,0,0,0,0,0,0,0,0,0,10,0,3,0,0,0,0,0,14,0,0,0,0,0,0,0,14,0,0,0,0,0,0,0,11,0,0,0,0,0,0,0,7,0,0,0,0,0,0,0,5,0,0,0,3,1,0,0
0,0,0,0,0,0,0,0,0,0,0,0,0,0,0,0,0,3,0,0,0,0,0,0,0,0,0,0,0,0,0,0,0,0,0,0,0,0,0,0,0,0,0,0,0,0,0,0,0,0,0,0,0,0,0,0,0,0,0,3,1,0,0,0
0,0,0,0,0,0,0,0,0,10,0,3,0,0,0,0,0,14,0,0,0,0,0,0,0,14,0,0,0,0,0,0,0,11,0,0,0,0,0,0,0,7,0,0,0,0,0,0,0,5,0,0,0,3,1,0,0,1,0,0,0,0,0,0
0,0,0,0,0,0,0,0,10,0,3,0,0,0,0,0,14,0,0,0,0,0,0,0,14,0,0,0,0,0,0,0,11,0,0,0,0,0,0,0,7,0,0,0,0,0,0,0,5,0,0,0,3,1,0,0,1,0,0,0,0,0,0,0
0,0,0,0,0,0,0,0,0,3,0,0,0,0,0,0,0,0,0,0,0,0,0,0,0,0,0,0,0,0,0,0,0,0,0,0,0,0,0,0,0,0,0,0,0,0,0,0,0,0,0,3,1,0,0,0,0,0,0,0,0,0,0,0
0,10,0,3,0,0,0,0,0,14,0,0,0,0,0,0,0,14,0,0,0,0,0,0,0,11,0,0,0,0,0,0,0,7,0,0,0,0,0,0,0,5,0,0,0,3,1,0,0,1,0,0,0,0,0,0,0,0,0,0,0,0,0,0
10,0,3,0,0,0,0,0,14,0,0,0,0,0,0,0,14,0,0,0,0,0,0,0,11,0,0,0,0,0,0,0,7,0,0,0,0,0,0,0,5,0,0,0,3,1,0,0,1,0,0,0,0,0,0,0,0,0,0,0,0,0,0,0
0,3,0,0,0,0,0,0,0,0,0,0,0,0,0,0,0,0,0,0,0,0,0,0,0,0,0,0,0,0,0,0,0,0,0,0,0,0,0,0,0,0,0,3,1,0,0,0,0,0,0,0,0,0,0,0,0,0,0,0,0,0,0,0
0,0,0,0,0,0,0,0,0,13,0,0,1,0,3,0,0,15,6,0,9,10,11,10,0,9,9,3,7,14,5,5,0,15,7,0,6,9,10,3,0,24,3,3,7,3,1,0,0,23,1,6,12,11,7,7,0,17,12,9,9,7,10,11
0,0,0,0,0,0,0,0,13,0,0,1,0,3,0,6,15,6,0,9,10,11,10,11,9,9,3,7,14,5,5,15,15,7,0,6,9,10,3,18,24,3,3,7,3,1,0,17,23,1,6,12,11,7,7,15,17,12,9,9,7,10,11,21
0,0,0,0,0,0,0,0,0,0,1,0,3,0,6,0,6,0,9,10,11,10,11,0,9,3,7,14,5,5,15,0,7,0,6,9,10,3,18,0,3,3,7,3,1,0,17,0,1,6,12,11,7,7,15,0,12,9,9,7,10,11,21,0
0,13,0,0,1,0,3,0,0,15,6,0,9,10,11,10,0,9,9,3,7,14,5,5,0,15,7,0,6,9,10,3,0,24,3,3,7,3,1,0,0,23,1,6,12,11,7,7,0,17,12,9,9,7,10,11,0,26,28,21,28,30,30,28
13,0,0,1,0,3,0,6,15,6,0,9,10,11,10,11,9,9,3,7,14,5,5,15,15,7,0,6,9,10,3,18,24,3,3,7,3,1,0,17,23,1,6,12,11,7,7,15,17,12,9,9,7,10,11,21,26,28,21,28,30,30,28,33
0,0,1,0,3,0,6,0,6,0,9,10,11,10,11,0,9,3,7,14,5,5,15,0,7,0,6,9,10,3,18,0,3,3,7,3,1,0,17,0,1,6,12,11,7,7,15,0,12,9,9,7,10,11,21,0,28,21,28,30,30,28,33,0
0,15,6,0,9,10,11,10,0,9,9,3,7,14,5,5,0,15,7,0,6,9,10,3,0,24,3,3,7,3,1,0,0,23,1,6,12,11,7,7,0,17,12,9,9,7,10,11,0,26,28,21,28,30,30,28,0,0,0,0,0,0,0,0
15,6,0,9,10,11,10,11,9,9,3,7,14,5,5,15,15,7,0,6,9,10,3,18,24,3,3,7,3,1,0,17,23,1,6,12,11,7,7,15,17,12,9,9,7,10,11,21,26,28,21,28,30,30,28,33,0,0,0,0,0,0,0,0
6,0,9,10,11,10,11,0,9,3,7,14,5,5,15,0,7,0,6,9,10,3,18,0,3,3,7,3,1,0,17,0,1,6,12,11,7,7,15,0,12,9,9,7,10,11,21,0,28,21,28,30,30,28,33,0,0,0,0,0,0,0,0,0
0,0,0,0,0,0,0,0,0,25,28,15,23,23,28,31,0,41,37,33,36,40,35,34,0,36,41,34,36,38,38,31,0,39,44,41,35,37,35,31,0,44,36,47,38,39,37,31,0,38,34,53,40,36,43,43,0,39,63,46,43,46,49,45
0,0,0,0,0,0,0,0,25,28,15,23,23,28,31,30,41,37,33,36,40,35,34,24,36,41,34,36,38,38,31,28,39,44,41,35,37,35,31,26,44,36,47,38,39,37,31,28,38,34,53,40,36,43,43,34,39,63,46,43,46,49,45,39
0,0,0,0,0,0,0,0,28,15,23,23,28,31,30,0,37,33,36,40,35,34,24,0,41,34,36,38,38,31,28,0,44,41,35,37,35,31,26,0,36,47,38,39,37,31,28,0,34,53,40,36,43,43,34,0,63,46,43,46,49,45,39,0
0,25,28,15,23,23,28,31,0,41,37,33,36,40,35,34,0,36,41,34,36,38,38,31,0,39,44,41,35,37,35,31,0,44,36,47,38,39,37,31,0,38,34,53,40,36,43,43,0,39,63,46,43,46,49,45,0,28,41,28,28,25,24,27
25,28,15,23,23,28,31,30,41,37,33,36,40,35,34,24,36,41,34,36,38,38,31,28,39,44,41,35,37,35,31,26,44,36,47,38,39,37,31,28,38,34,53,40,36,43,43,34,39,63,46,43,46,49,45,39,28,41,28,28,25,24,27,27
28,15,23,23,28,31,30,0,37,33,36,40,35,34,24,0,41,34,36,38,38,31,28,0,44,41,35,37,35,31,26,0,36,47,38,39,37,31,28,0,34,53,40,36,43,43,34,0,63,46,43,46,49,45,39,0,41,28,28,25,24,27,27,0
0,41,37,33,36,40,35,34,0,36,41,34,36,38,38,31,0,39,44,41,35,37,35,31,0,44,36,47,38,39,37,31,0,38,34,53,40,36,43,43,0,39,63,46,43,46,49,45,0,28,41,28,28,25,24,27,0,0,0,0,0,0,0,0
41,37,33,36,40,35,34,24,36,41,34,36,38,38,31,28,39,44,41,35,37,35,31,26,44,36,47,38,39,37,31,28,38,34,53,40,36,43,43,34,39,63,46,43,46,49,45,39,28,41,28,28,25,24,27,27,0,0,0,0,0,0,0,0
37,33,36,40,35,34,24,0,41,34,36,38,38,31,28,0,44,41,35,37,35,31,26,0,36,47,38,39,37,31,28,0,34,53,40,36,43,43,34,0,63,46,43,46,49,45,39,0,41,28,28,25,24,27,27,0,0,0,0,0,0,0,0,0
0,0,0,0,0,0,0,0,0,0,0,0,0,0,0,0,0,0,0,0,0,0,0,0,0,0,0,0,0,0,0,0,0,0,0,0,0,0,0,0,0,0,0,0,0,0,0,0,0,0,0,0,0,0,0,0,0,0,0,0,0,0,0,0
0,0,0,0,0,0,0,0,0,0,0,0,0,0,0,0,0,0,0,0,0,0,0,0,0,0,0,0,0,0,0,0,0,0,0,0,0,0,0,0,0,0,0,0,0,0,0,0,0,0,0,0,0,0,0,0,0,0,0,0,0,0,0,0
0,0,0,0,0,0,0,0,0,0,0,0,0,0,0,0,0,0,0,0,0,0,0,0,0,0,0,0,0,0,0,0,0,0,0,0,0,0,0,0,0,0,0,0,0,0,0,0,0,0,0,0,0,0,0,0,0,0,0,0,0,0,0,0
0,0,0,0,0,0,0,0,0,0,0,0,0,0,0,0,0,0,0,0,0,0,0,0,0,0,0,0,0,0,0,0,0,0,0,0,0,0,0,0,0,0,0,0,0,0,0,0,0,0,0,0,0,0,0,0,0,0,0,0,0,0,0,0
0,0,0,0,0,0,0,0,0,0,0,0,0,0,0,0,0,0,0,0,0,0,0,0,0,0,0,0,0,0,0,0,0,0,0,0,0,0,0,0,0,0,0,0,0,0,0,0,0,0,0,0,0,0,0,0,0,0,0,0,0,0,0,0
0,0,0,0,0,0,0,0,0,0,0,0,0,0,0,0,0,0,0,0,0,0,0,0,0,0,0,0,0,0,0,0,0,0,0,0,0,0,0,0,0,0,0,0,0,0,0,0,0,0,0,0,0,0,0,0,0,0,0,0,0,0,0,0
0,0,0,0,0,0,0,0,0,0,0,0,0,0,0,0,0,0,0,0,0,0,0,0,0,0,0,0,0,0,0,0,0,0,0,0,0,0,0,0,0,0,0,0,0,0,0,0,0,0,0,0,0,0,0,0,0,0,0,0,0,0,0,0
0,0,0,0,0,0,0,0,0,0,0,0,0,0,0,0,0,0,0,0,0,0,0,0,0,0,0,0,0,0,0,0,0,0,0,0,0,0,0,0,0,0,0,0,0,0,0,0,0,0,0,0,0,0,0,0,0,0,0,0,0,0,0,0
0,0,0,0,0,0,0,0,0,0,0,0,0,0,0,0,0,0,0,0,0,0,0,0,0,0,0,0,0,0,0,0,0,0,0,0,0,0,0,0,0,0,0,0,0,0,0,0,0,0,0,0,0,0,0,0,0,0,0,0,0,0,0,0
0,0,0,0,0,0,0,0,0,7,15,21,19,22,20,15,0,0,17,18,13,19,20,18,0,0,21,21,18,18,22,25,0,0,17,21,24,18,22,25,0,0,25,28,35,21,18,20,0,0,22,26,31,23,27,26,0,6,30,35,37,38,25,23
0,0,0,0,0,0,0,0,7,15,21,19,22,20,15,27,0,17,18,13,19,20,18,28,0,21,21,18,18,22,25,28,0,17,21,24,18,22,25,28,0,25,28,35,21,18,20,27,0,22,26,31,23,27,26,31,6,30,35,37,38,25,23,31
0,0,0,0,0,0,0,0,15,21,19,22,20,15,27,0,17,18,13,19,20,18,28,0,21,21,18,18,22,25,28,0,17,21,24,18,22,25,28,0,25,28,35,21,18,20,27,0,22,26,31,23,27,26,31,0,30,35,37,38,25,23,31,0
0,7,15,21,19,22,20,15,0,0,17,18,13,19,20,18,0,0,21,21,18,18,22,25,0,0,17,21,24,18,22,25,0,0,25,28,35,21,18,20,0,0,22,26,31,23,27,26,0,6,30,35,37,38,25,23,0,0,37,43,38,25,20,21
7,15,21,19,22,20,15,27,0,17,18,13,19,20,18,28,0,21,21,18,18,22,25,28,0,17,21,24,18,22,25,28,0,25,28,35,21,18,20,27,0,22,26,31,23,27,26,31,6,30,35,37,38,25,23,31,0,37,43,38,25,20,21,31
15,21,19,22,20,15,27,0,17,18,13,19,20,18,28,0,21,21,18,18,22,25,28,0,17,21,24,18,22,25,28,0,25,28,35,21,18,20,27,0,22,26,31,23,27,26,31,0,30,35,37,38,25,23,31,0,37,43,38,25,20,21,31,0
0,0,17,18,13,19,20,18,0,0,21,21,18,18,22,25,0,0,17,21,24,18,22,25,0,0,25,28,35,21,18,20,0,0,22,26,31,23,27,26,0,6,30,35,37,38,25,23,0,0,37,43,38,25,20,21,0,0,0,0,0,0,0,0
0,17,18,13,19,20,18,28,0,21,21,18,18,22,25,28,0,17,21,24,18,22,25,28,0,25,28,35,21,18,20,27,0,22,26,31,23,27,26,31,6,30,35,37,38,25,23,31,0,37,43,38,25,20,21,31,0,0,0,0,0,0,0,0
17,18,13,19,20,18,28,0,21,21,18,18,22,25,28,0,17,21,24,18,22,25,28,0,25,28,35,21,18,20,27,0,22,26,31,23,27,26,31,0,30,35,37,38,25,23,31,0,37,43,38,25,20,21,31,0,0,0,0,0,0,0,0,0
0,0,0,0,0,0,0,0,0,0,0,0,0,0,0,0,0,0,0,0,0,0,0,0,0,0,0,0,0,0,0,0,0,0,0,0,0,0,0,0,0,0,0,0,0,0,0,0,0,0,0,0,0,0,0,0,0,0,0,0,0,0,0,0
0,0,0,0,0,0,0,0,0,0,0,0,0,0,0,0,0,0,0,0,0,0,0,0,0,0,0,0,0,0,0,0,0,0,0,0,0,0,0,0,0,0,0,0,0,0,0,0,0,0,0,0,0,0,0,0,0,0,0,0,0,0,0,0
0,0,0,0,0,0,0,0,0,0,0,0,0,0,0,0,0,0,0,0,0,0,0,0,0,0,0,0,0,0,0,0,0,0,0,0,0,0,0,0,0,0,0,0,0,0,0,0,0,0,0,0,0,0,0,0,0,0,0,0,0,0,0,0
0,0,0,0,0,0,0,0,0,0,0,0,0,0,0,0,0,0,0,0,0,0,0,0,0,0,0,0,0,0,0,0,0,0,0,0,0,0,0,0,0,0,0,0,0,0,0,0,0,0,0,0,0,0,0,0,0,0,0,0,0,0,0,0
0,0,0,0,0,0,0,0,0,0,0,0,0,0,0,0,0,0,0,0,0,0,0,0,0,0,0,0,0,0,0,0,0,0,0,0,0,0,0,0,0,0,0,0,0,0,0,0,0,0,0,0,0,0,0,0,0,0,0,0,0,0,0,0
0,0,0,0,0,0,0,0,0,0,0,0,0,0,0,0,0,0,0,0,0,0,0,0,0,0,0,0,0,0,0,0,0,0,0,0,0,0,0,0,0,0,0,0,0,0,0,0,0,0,0,0,0,0,0,0,0,0,0,0,0,0,0,0
0,0,0,0,0,0,0,0,0,0,0,0,0,0,0,0,0,0,0,0,0,0,0,0,0,0,0,0,0,0,0,0,0,0,0,0,0,0,0,0,0,0,0,0,0,0,0,0,0,0,0,0,0,0,0,0,0,0,0,0,0,0,0,0
0,0,0,0,0,0,0,0,0,0,0,0,0,0,0,0,0,0,0,0,0,0,0,0,0,0,0,0,0,0,0,0,0,0,0,0,0,0,0,0,0,0,0,0,0,0,0,0,0,0,0,0,0,0,0,0,0,0,0,0,0,0,0,0
0,0,0,0,0,0,0,0,0,0,0,0,0,0,0,0,0,0,0,0,0,0,0,0,0,0,0,0,0,0,0,0,0,0,0,0,0,0,0,0,0,0,0,0,0,0,0,0,0,0,0,0,0,0,0,0,0,0,0,0,0,0,0,0
0,0,0,0,0,0,0,0,0,0,7,0,7,5,3,0,0,6,0,0,3,0,0,0,0,11,0,0,1,0,0,0,0,6,0,0,0,0,0,0,0,1,0,0,0,0,0,0,0,0,0,0,0,0,0,0,0,0,0,0,0,0,0,0
0,0,0,0,0,0,0,0,0,7,0,7,5,3,0,0,6,0,0,3,0,0,0,0,11,0,0,1,0,0,0,0,6,0,0,0,0,0,0,0,1,0,0,0,0,0,0,0,0,0,0,0,0,0,0,0,0,0,0,0,0,0,0,0
0,0,0,0,0,0,0,0,7,0,7,5,3,0,0,0,0,0,3,0,0,0,0,0,0,0,1,0,0,0,0,0,0,0,0,0,0,0,0,0,0,0,0,0,0,0,0,0,0,0,0,0,0,0,0,0,0,0,0,0,0,0,0,0
0,0,7,0,7,5,3,0,0,6,0,0,3,0,0,0,0,11,0,0,1,0,0,0,0,6,0,0,0,0,0,0,0,1,0,0,0,0,0,0,0,0,0,0,0,0,0,0,0,0,0,0,0,0,0,0,0,0,0,0,0,0,0,0
0,7,0,7,5,3,0,0,6,0,0,3,0,0,0,0,11,0,0,1,0,0,0,0,6,0,0,0,0,0,0,0,1,0,0,0,0,0,0,0,0,0,0,0,0,0,0,0,0,0,0,0,0,0,0,0,0,0,0,0,0,0,0,0
7,0,7,5,3,0,0,0,0,0,3,0,0,0,0,0,0,0,1,0,0,0,0,0,0,0,0,0,0,0,0,0,0,0,0,0,0,0,0,0,0,0,0,0,0,0,0,0,0,0,0,0,0,0,0,0,0,0,0,0,0,0,0,0
0,6,0,0,3,0,0,0,0,11,0,0,1,0,0,0,0,6,0,0,0,0,0,0,0,1,0,0,0,0,0,0,0,0,0,0,0,0,0,0,0,0,0,0,0,0,0,0,0,0,0,0,0,0,0,0,0,0,0,0,0,0,0,0
6,0,0,3,0,0,0,0,11,0,0,1,0,0,0,0,6,0,0,0,0,0,0,0,1,0,0,0,0,0,0,0,0,0,0,0,0,0,0,0,0,0,0,0,0,0,0,0,0,0,0,0,0,0,0,0,0,0,0,0,0,0,0,0
0,0,3,0,0,0,0,0,0,0,1,0,0,0,0,0,0,0,0,0,0,0,0,0,0,0,0,0,0,0,0,0,0,0,0,0,0,0,0,0,0,0,0,0,0,0,0,0,0,0,0,0,0,0,0,0,0,0,0,0,0,0,0,0
0,0,0,0,0,0,0,0,0,0,0,0,0,0,0,0,0,0,0,0,0,0,0,0,0,0,0,0,0,0,0,0,0,0,0,0,0,0,0,0,0,0,0,0,0,0,0,0,0,0,0,0,0,0,0,0,0,0,0,0,0,0,0,0
0,0,0,0,0,0,0,0,0,0,0,0,0,0,0,0,0,0,0,0,0,0,0,0,0,0,0,0,0,0,0,0,0,0,0,0,0,0,0,0,0,0,0,0,0,0,0,0,0,0,0,0,0,0,0,0,0,0,0,0,0,0,0,0
0,0,0,0,0,0,0,0,0,0,0,0,0,0,0,0,0,0,0,0,0,0,0,0,0,0,0,0,0,0,0,0,0,0,0,0,0,0,0,0,0,0,0,0,0,0,0,0,0,0,0,0,0,0,0,0,0,0,0,0,0,0,0,0
0,0,0,0,0,0,0,0,0,0,0,0,0,0,0,0,0,0,0,0,0,0,0,0,0,0,0,0,0,0,0,0,0,0,0,0,0,0,0,0,0,0,0,0,0,0,0,0,0,0,0,0,0,0,0,0,0,0,0,0,0,0,0,0
0,0,0,0,0,0,0,0,0,0,0,0,0,0,0,0,0,0,0,0,0,0,0,0,0,0,0,0,0,0,0,0,0,0,0,0,0,0,0,0,0,0,0,0,0,0,0,0,0,0,0,0,0,0,0,0,0,0,0,0,0,0,0,0
0,0,0,0,0,0,0,0,0,0,0,0,0,0,0,0,0,0,0,0,0,0,0,0,0,0,0,0,0,0,0,0,0,0,0,0,0,0,0,0,0,0,0,0,0,0,0,0,0,0,0,0,0,0,0,0,0,0,0,0,0,0,0,0
0,0,0,0,0,0,0,0,0,0,0,0,0,0,0,0,0,0,0,0,0,0,0,0,0,0,0,0,0,0,0,0,0,0,0,0,0,0,0,0,0,0,0,0,0,0,0,0,0,0,0,0,0,0,0,0,0,0,0,0,0,0,0,0
0,0,0,0,0,0,0,0,0,0,0,0,0,0,0,0,0,0,0,0,0,0,0,0,0,0,0,0,0,0,0,0,0,0,0,0,0,0,0,0,0,0,0,0,0,0,0,0,0,0,0,0,0,0,0,0,0,0,0,0,0,0,0,0
0,0,0,0,0,0,0,0,0,0,0,0,0,0,0,0,0,0,0,0,0,0,0,0,0,0,0,0,0,0,0,0,0,0,0,0,0,0,0,0,0,0,0,0,0,0,0,0,0,0,0,0,0,0,0,0,0,0,0,0,0,0,0,0
0,0,0,0,0,0,0,0,0,13,1,3,0,5,0,3,0,3,0,0,0,0,0,0,0,5,0,0,0,0,0,0,0,0,0,0,0,0,0,1,0,0,0,0,0,0,0,0,0,0,0,0,0,0,0,0,0,0,0,0,0,0,0,0
0,0,0,0,0,0,0,0,13,1,3,0,5,0,3,7,3,0,0,0,0,0,0,5,5,0,0,0,0,0,0,0,0,0,0,0,0,0,1,0,0,0,0,0,0,0,0,0,0,0,0,0,0,0,0,0,0,0,0,0,0,0,0,0
0,0,0,0,0,0,0,0,1,3,0,5,0,3,7,0,0,0,0,0,0,0,5,0,0,0,0,0,0,0,0,0,0,0,0,0,0,1,0,0,0,0,0,0,0,0,0,0,0,0,0,0,0,0,0,0,0,0,0,0,0,0,0,0
0,13,1,3,0,5,0,3,0,3,0,0,0,0,0,0,0,5,0,0,0,0,0,0,0,0,0,0,0,0,0,1,0,0,0,0,0,0,0,0,0,0,0,0,0,0,0,0,0,0,0,0,0,0,0,0,0,7,7,15,9,5,3,5
13,1,3,0,5,0,3,7,3,0,0,0,0,0,0,5,5,0,0,0,0,0,0,0,0,0,0,0,0,0,1,0,0,0,0,0,0,0,0,0,0,0,0,0,0,0,0,0,0,0,0,0,0,0,0,0,7,7,15,9,5,3,5,10
1,3,0,5,0,3,7,0,0,0,0,0,0,0,5,0,0,0,0,0,0,0,0,0,0,0,0,0,0,1,0,0,0,0,0,0,0,0,0,0,0,0,0,0,0,0,0,0,0,0,0,0,0,0,0,0,7,15,9,5,3,5,10,0
0,3,0,0,0,0,0,0,0,5,0,0,0,0,0,0,0,0,0,0,0,0,0,1,0,0,0,0,0,0,0,0,0,0,0,0,0,0,0,0,0,0,0,0,0,0,0,0,0,7,7,15,9,5,3,5,0,0,0,0,0,0,0,0
3,0,0,0,0,0,0,5,5,0,0,0,0,0,0,0,0,0,0,0,0,0,1,0,0,0,0,0,0,0,0,0,0,0,0,0,0,0,0,0,0,0,0,0,0,0,0,0,7,7,15,9,5,3,5,10,0,0,0,0,0,0,0,0
0,0,0,0,0,0,5,0,0,0,0,0,0,0,0,0,0,0,0,0,0,1,0,0,0,0,0,0,0,0,0,0,0,0,0,0,0,0,0,0,0,0,0,0,0,0,0,0,7,15,9,5,3,5,10,0,0,0,0,0,0,0,0,0
0,0,0,0,0,0,0,0,0,11,0,0,0,0,0,0,0,14,0,0,0,0,0,0,0,7,0,0,0,0,0,0,0,3,0,0,0,0,0,0,0,3,0,0,0,0,0,0,0,7,0,0,0,0,0,0,0,15,0,0,0,0,0,0
0,0,0,0,0,0,0,0,11,0,0,0,0,0,0,0,14,0,0,0,0,0,0,0,7,0,0,0,0,0,0,0,3,0,0,0,0,0,0,0,3,0,0,0,0,0,0,0,7,0,0,0,0,0,0,0,15,0,0,0,0,0,0,0
0,0,0,0,0,0,0,0,0,0,0,0,0,0,0,0,0,0,0,0,0,0,0,0,0,0,0,0,0,0,0,0,0,0,0,0,0,0,0,0,0,0,0,0,0,0,0,0,0,0,0,0,0,0,0,0,0,0,0,0,0,0,0,0
0,11,0,0,0,0,0,0,0,14,0,0,0,0,0,0,0,7,0,0,0,0,0,0,0,3,0,0,0,0,0,0,0,3,0,0,0,0,0,0,0,7,0,0,0,0,0,0,0,15,0,0,0,0,0,0,0,3,0,0,0,0,0,0
11,0,0,0,0,0,0,0,14,0,0,0,0,0,0,0,7,0,0,0,0,0,0,0,3,0,0,0,0,0,0,0,3,0,0,0,0,0,0,0,7,0,0,0,0,0,0,0,15,0,0,0,0,0,0,0,3,0,0,0,0,0,0,0
0,0,0,0,0,0,0,0,0,0,0,0,0,0,0,0,0,0,0,0,0,0,0,0,0,0,0,0,0,0,0,0,0,0,0,0,0,0,0,0,0,0,0,0,0,0,0,0,0,0,0,0,0,0,0,0,0,0,0,0,0,0,0,0
0,14,0,0,0,0,0,0,0,7,0,0,0,0,0,0,0,3,0,0,0,0,0,0,0,3,0,0,0,0,0,0,0,7,0,0,0,0,0,0,0,15,0,0,0,0,0,0,0,3,0,0,0,0,0,0,0,0,0,0,0,0,0,0
14,0,0,0,0,0,0,0,7,0,0,0,0,0,0,0,3,0,0,0,0,0,0,0,3,0,0,0,0,0,0,0,7,0,0,0,0,0,0,0,15,0,0,0,0,0,0,0,3,0,0,0,0,0,0,0,0,0,0,0,0,0,0,0
0,0,0,0,0,0,0,0,0,0,0,0,0,0,0,0,0,0,0,0,0,0,0,0,0,0,0,0,0,0,0,0,0,0,0,0,0,0,0,0,0,0,0,0,0,0,0,0,0,0,0,0,0,0,0,0,0,0,0,0,0,0,0,0
0,0,0,0,0,0,0,0,0,13,3,7,0,6,7,1,0,14,0,6,3,0,0,0,0,19,0,1,7,0,0,3,0,13,6,0,7,0,3,0,0,14,0,0,0,0,5,0,0,14,3,3,0,13,3,7,0,12,7,14,0,0,0,0
0,0,0,0,0,0,0,0,13,3,7,0,6,7,1,17,14,0,6,3,0,0,0,12,19,0,1,7,0,0,3,13,13,6,0,7,0,3,0,17,14,0,0,0,0,5,0,14,14,3,3,0,13,3,7,11,12,7,14,0,0,0,0,5
0,0,0,0,0,0,0,0,3,7,0,6,7,1,17,0,0,6,3,0,0,0,12,0,0,1,7,0,0,3,13,0,6,0,7,0,3,0,17,0,0,0,0,0,5,0,14,0,3,3,0,13,3,7,11,0,7,14,0,0,0,0,5,0
0,13,3,7,0,6,7,1,0,14,0,6,3,0,0,0,0,19,0,1,7,0,0,3,0,13,6,0,7,0,3,0,0,14,0,0,0,0,5,0,0,14,3,3,0,13,3,7,0,12,7,14,0,0,0,0,0,30,24,26,15,17,17,21
13,3,7,0,6,7,1,17,14,0,6,3,0,0,0,12,19,0,1,7,0,0,3,13,13,6,0,7,0,3,0,17,14,0,0,0,0,5,0,14,14,3,3,0,13,3,7,11,12,7,14,0,0,0,0,5,30,24,26,15,17,17,21,30
3,7,0,6,7,1,17,0,0,6,3,0,0,0,12,0,0,1,7,0,0,3,13,0,6,0,7,0,3,0,17,0,0,0,0,0,5,0,14,0,3,3,0,13,3,7,11,0,7,14,0,0,0,0,5,0,24,26,15,17,17,21,30,0
0,14,0,6,3,0,0,0,0,19,0,1,7,0,0,3,0,13,6,0,7,0,3,0,0,14,0,0,0,0,5,0,0,14,3,3,0,13,3,7,0,12,7,14,0,0,0,0,0,30,24,26,15,17,17,21,0,0,0,0,0,0,0,0
14,0,6,3,0,0,0,12,19,0,1,7,0,0,3,13,13,6,0,7,0,3,0,17,14,0,0,0,0,5,0,14,14,3,3,0,13,3,7,11,12,7,14,0,0,0,0,5,30,24,26,15,17,17,21,30,0,0,0,0,0,0,0,0
0,6,3,0,0,0,12,0,0,1,7,0,0,3,13,0,6,0,7,0,3,0,17,0,0,0,0,0,5,0,14,0,3,3,0,13,3,7,11,0,7,14,0,0,0,0,5,0,24,26,15,17,17,21,30,0,0,0,0,0,0,0,0,0
0,0,0,0,0,0,0,0,0,7,25,15,25,23,18,25,0,28,54,42,41,41,33,47,0,28,57,47,37,37,37,42,0,31,56,41,45,47,41,46,0,34,48,40,38,49,36,42,0,34,60,50,37,44,36,31,0,23,50,49,35,30,28,31
0,0,0,0,0,0,0,0,7,25,15,25,23,18,25,24,28,54,42,41,41,33,47,28,28,57,47,37,37,37,42,25,31,56,41,45,47,41,46,28,34,48,40,38,49,36,42,25,34,60,50,37,44,36,31,15,23,50,49,35,30,28,31,24
0,0,0,0,0,0,0,0,25,15,25,23,18,25,24,0,54,42,41,41,33,47,28,0,57,47,37,37,37,42,25,0,56,41,45,47,41,46,28,0,48,40,38,49,36,42,25,0,60,50,37,44,36,31,15,0,50,49,35,30,28,31,24,0
0,7,25,15,25,23,18,25,0,28,54,42,41,41,33,47,0,28,57,47,37,37,37,42,0,31,56,41,45,47,41,46,0,34,48,40,38,49,36,42,0,34,60,50,37,44,36,31,0,23,50,49,35,30,28,31,0,22,33,36,30,24,30,28
7,25,15,25,23,18,25,24,28,54,42,41,41,33,47,28,28,57,47,37,37,37,42,25,31,56,41,45,47,41,46,28,34,48,40,38,49,36,42,25,34,60,50,37,44,36,31,15,23,50,49,35,30,28,31,24,22,33,36,30,24,30,28,23
25,15,25,23,18,25,24,0,54,42,41,41,33,47,28,0,57,47,37,37,37,42,25,0,56,41,45,47,41,46,28,0,48,40,38,49,36,42,25,0,60,50,37,44,36,31,15,0,50,49,35,30,28,31,24,0,33,36,30,24,30,28,23,0
0,28,54,42,41,41,33,47,0,28,57,47,37,37,37,42,0,31,56,41,45,47,41,46,0,34,48,40,38,49,36,42,0,34,60,50,37,44,36,31,0,23,50,49,35,30,28,31,0,22,33,36,30,24,30,28,0,0,0,0,0,0,0,0
28,54,42,41,41,33,47,28,28,57,47,37,37,37,42,25,31,56,41,45,47,41,46,28,34,48,40,38,49,36,42,25,34,60,50,37,44,36,31,15,23,50,49,35,30,28,31,24,22,33,36,30,24,30,28,23,0,0,0,0,0,0,0,0
54,42,41,41,33,47,28,0,57,47,37,37,37,42,25,0,56,41,45,47,41,46,28,0,48,40,38,49,36,42,25,0,60,50,37,44,36,31,15,0,50,49,35,30,28,31,24,0,33,36,30,24,30,28,23,0,0,0,0,0,0,0,0,0
0,0,0,0,0,0,0,0,0,0,0,0,0,0,0,0,0,0,0,0,0,0,0,0,0,0,0,0,0,0,0,0,0,0,0,0,0,0,0,0,0,0,0,0,0,0,0,0,0,0,0,0,0,0,0,0,0,0,0,0,0,0,0,0
0,0,0,0,0,0,0,0,0,0,0,0,0,0,0,0,0,0,0,0,0,0,0,0,0,0,0,0,0,0,0,0,0,0,0,0,0,0,0,0,0,0,0,0,0,0,0,0,0,0,0,0,0,0,0,0,0,0,0,0,0,0,0,0
0,0,0,0,0,0,0,0,0,0,0,0,0,0,0,0,0,0,0,0,0,0,0,0,0,0,0,0,0,0,0,0,0,0,0,0,0,0,0,0,0,0,0,0,0,0,0,0,0,0,0,0,0,0,0,0,0,0,0,0,0,0,0,0
0,0,0,0,0,0,0,0,0,0,0,0,0,0,0,0,0,0,0,0,0,0,0,0,0,0,0,0,0,0,0,0,0,0,0,0,0,0,0,0,0,0,0,0,0,0,0,0,0,0,0,0,0,0,0,0,0,0,0,0,0,0,0,0
0,0,0,0,0,0,0,0,0,0,0,0,0,0,0,0,0,0,0,0,0,0,0,0,0,0,0,0,0,0,0,0,0,0,0,0,0,0,0,0,0,0,0,0,0,0,0,0,0,0,0,0,0,0,0,0,0,0,0,0,0,0,0,0
0,0,0,0,0,0,0,0,0,0,0,0,0,0,0,0,0,0,0,0,0,0,0,0,0,0,0,0,0,0,0,0,0,0,0,0,0,0,0,0,0,0,0,0,0,0,0,0,0,0,0,0,0,0,0,0,0,0,0,0,0,0,0,0
0,0,0,0,0,0,0,0,0,0,0,0,0,0,0,0,0,0,0,0,0,0,0,0,0,0,0,0,0,0,0,0,0,0,0,0,0,0,0,0,0,0,0,0,0,0,0,0,0,0,0,0,0,0,0,0,0,0,0,0,0,0,0,0
0,0,0,0,0,0,0,0,0,0,0,0,0,0,0,0,0,0,0,0,0,0,0,0,0,0,0,0,0,0,0,0,0,0,0,0,0,0,0,0,0,0,0,0,0,0,0,0,0,0,0,0,0,0,0,0,0,0,0,0,0,0,0,0
0,0,0,0,0,0,0,0,0,0,0,0,0,0,0,0,0,0,0,0,0,0,0,0,0,0,0,0,0,0,0,0,0,0,0,0,0,0,0,0,0,0,0,0,0,0,0,0,0,0,0,0,0,0,0,0,0,0,0,0,0,0,0,0
0,0,0,0,0,0,0,0,0,34,26,25,21,27,20,22,0,30,22,18,21,23,19,19,0,33,28,28,20,23,27,14,0,33,22,25,28,23,27,18,0,38,30,15,25,20,31,15,0,34,34,25,21,24,24,21,0,26,31,28,19,34,19,15
0,0,0,0,0,0,0,0,34,26,25,21,27,20,22,27,30,22,18,21,23,19,19,28,33,28,28,20,23,27,14,22,33,22,25,28,23,27,18,19,38,30,15,25,20,31,15,23,34,34,25,21,24,24,21,20,26,31,28,19,34,19,15,26
0,0,0,0,0,0,0,0,26,25,21,27,20,22,27,0,22,18,21,23,19,19,28,0,28,28,20,23,27,14,22,0,22,25,28,23,27,18,19,0,30,15,25,20,31,15,23,0,34,25,21,24,24,21,20,0,31,28,19,34,19,15,26,0
0,34,26,25,21,27,20,22,0,30,22,18,21,23,19,19,0,33,28,28,20,23,27,14,0,33,22,25,28,23,27,18,0,38,30,15,25,20,31,15,0,34,34,25,21,24,24,21,0,26,31,28,19,34,19,15,0,33,24,28,18,24,24,23
34,26,25,21,27,20,22,27,30,22,18,21,23,19,19,28,33,28,28,20,23,27,14,22,33,22,25,28,23,27,18,19,38,30,15,25,20,31,15,23,34,34,25,21,24,24,21,20,26,31,28,19,34,19,15,26,33,24,28,18,24,24,23,26
26,25,21,27,20,22,27,0,22,18,21,23,19,19,28,0,28,28,20,23,27,14,22,0,22,25,28,23,27,18,19,0,30,15,25,20,31,15,23,0,34,25,21,24,24,21,20,0,31,28,19,34,19,15,26,0,24,28,18,24,24,23,26,0
0,30,22,18,21,23,19,19,0,33,28,28,20,23,27,14,0,33,22,25,28,23,27,18,0,38,30,15,25,20,31,15,0,34,34,25,21,24,24,21,0,26,31,28,19,34,19,15,0,33,24,28,18,24,24,23,0,0,0,0,0,0,0,0
30,22,18,21,23,19,19,28,33,28,28,20,23,27,14,22,33,22,25,28,23,27,18,19,38,30,15,25,20,31,15,23,34,34,25,21,24,24,21,20,26,31,28,19,34,19,15,26,33,24,28,18,24,24,23,26,0,0,0,0,0,0,0,0
22,18,21,23,19,19,28,0,28,28,20,23,27,14,22,0,22,25,28,23,27,18,19,0,30,15,25,20,31,15,23,0,34,25,21,24,24,21,20,0,31,28,19,34,19,15,26,0,24,28,18,24,24,23,26,0,0,0,0,0,0,0,0,0
0,0,0,0,0,0,0,0,0,0,0,0,0,0,0,0,0,3,9,11,14,5,15,15,0,3,3,6,15,9,19,23,0,0,15,3,18,19,7,15,0,0,26,15,11,13,12,13,0,3,21,27,15,15,14,10,0,0,23,22,14,20,20,12
0,0,0,0,0,0,0,0,0,0,0,0,0,0,0,0,3,9,11,14,5,15,15,11,3,3,6,15,9,19,23,13,0,15,3,18,19,7,15,7,0,26,15,11,13,12,13,12,3,21,27,15,15,14,10,13,0,23,22,14,20,20,12,19
0,0,0,0,0,0,0,0,0,0,0,0,0,0,0,0,9,11,14,5,15,15,11,0,3,6,15,9,19,23,13,0,15,3,18,19,7,15,7,0,26,15,11,13,12,13,12,0,21,27,15,15,14,10,13,0,23,22,14,20,20,12,19,0
0,0,0,0,0,0,0,0,0,3,9,11,14,5,15,15,0,3,3,6,15,9,19,23,0,0,15,3,18,19,7,15,0,0,26,15,11,13,12,13,0,3,21,27,15,15,14,10,0,0,23,22,14,20,20,12,0,0,7,13,15,13,11,12
0,0,0,0,0,0,0,0,3,9,11,14,5,15,15,11,3,3,6,15,9,19,23,13,0,15,3,18,19,7,15,7,0,26,15,11,13,12,13,12,3,21,27,15,15,14,10,13,0,23,22,14,20,20,12,19,0,7,13,15,13,11,12,22
0,0,0,0,0,0,0,0,9,11,14,5,15,15,11,0,3,6,15,9,19,23,13,0,15,3,18,19,7,15,7,0,26,15,11,13,12,13,12,0,21,27,15,15,14,10,13,0,23,22,14,20,20,12,19,0,7,13,15,13,11,12,22,0
0,3,9,11,14,5,15,15,0,3,3,6,15,9,19,23,0,0,15,3,18,19,7,15,0,0,26,15,11,13,12,13,0,3,21,27,15,15,14,10,0,0,23,22,14,20,20,12,0,0,7,13,15,13,11,12,0,0,0,0,0,0,0,0
3,9,11,14,5,15,15,11,3,3,6,15,9,19,23,13,0,15,3,18,19,7,15,7,0,26,15,11,13,12,13,12,3,21,27,15,15,14,10,13,0,23,22,14,20,20,12,19,0,7,13,15,13,11,12,22,0,0,0,0,0,0,0,0
9,11,14,5,15,15,11,0,3,6,15,9,19,23,13,0,15,3,18,19,7,15,7,0,26,15,11,13,12,13,12,0,21,27,15,15,14,10,13,0,23,22,14,20,20,12,19,0,7,13,15,13,11,12,22,0,0,0,0,0,0,0,0,0
0,0,0,0,0,0,0,0,0,0,0,0,0,0,0,0,0,0,0,0,0,0,0,0,0,0,0,0,0,0,0,0,0,0,0,0,0,0,0,0,0,0,0,0,0,0,0,0,0,0,0,0,0,0,0,0,0,0,0,0,0,0,0,0
0,0,0,0,0,0,0,0,0,0,0,0,0,0,0,0,0,0,0,0,0,0,0,0,0,0,0,0,0,0,0,0,0,0,0,0,0,0,0,0,0,0,0,0,0,0,0,0,0,0,0,0,0,0,0,0,0,0,0,0,0,0,0,0
0,0,0,0,0,0,0,0,0,0,0,0,0,0,0,0,0,0,0,0,0,0,0,0,0,0,0,0,0,0,0,0,0,0,0,0,0,0,0,0,0,0,0,0,0,0,0,0,0,0,0,0,0,0,0,0,0,0,0,0,0,0,0,0
0,0,0,0,0,0,0,0,0,0,0,0,0,0,0,0,0,0,0,0,0,0,0,0,0,0,0,0,0,0,0,0,0,0,0,0,0,0,0,0,0,0,0,0,0,0,0,0,0,0,0,0,0,0,0,0,0,0,0,0,0,0,0,0
0,0,0,0,0,0,0,0,0,0,0,0,0,0,0,0,0,0,0,0,0,0,0,0,0,0,0,0,0,0,0,0,0,0,0,0,0,0,0,0,0,0,0,0,0,0,0,0,0,0,0,0,0,0,0,0,0,0,0,0,0,0,0,0
0,0,0,0,0,0,0,0,0,0,0,0,0,0,0,0,0,0,0,0,0,0,0,0,0,0,0,0,0,0,0,0,0,0,0,0,0,0,0,0,0,0,0,0,0,0,0,0,0,0,0,0,0,0,0,0,0,0,0,0,0,0,0,0
0,0,0,0,0,0,0,0,0,0,0,0,0,0,0,0,0,0,0,0,0,0,0,0,0,0,0,0,0,0,0,0,0,0,0,0,0,0,0,0,0,0,0,0,0,0,0,0,0,0,0,0,0,0,0,0,0,0,0,0,0,0,0,0
0,0,0,0,0,0,0,0,0,0,0,0,0,0,0,0,0,0,0,0,0,0,0,0,0,0,0,0,0,0,0,0,0,0,0,0,0,0,0,0,0,0,0,0,0,0,0,0,0,0,0,0,0,0,0,0,0,0,0,0,0,0,0,0
0,0,0,0,0,0,0,0,0,0,0,0,0,0,0,0,0,0,0,0,0,0,0,0,0,0,0,0,0,0,0,0,0,0,0,0,0,0,0,0,0,0,0,0,0,0,0,0,0,0,0,0,0,0,0,0,0,0,0,0,0,0,0,0
0,0,0,0,0,0,0,0,0,1,0,0,0,7,6,0,0,0,0,5,0,0,0,0,0,0,0,0,0,0,0,0,0,1,1,0,0,0,0,0,0,5,0,0,0,0,1,0,0,7,9,0,5,10,1,0,0,7,5,3,3,5,6,3
0,0,0,0,0,0,0,0,1,0,0,0,7,6,0,9,0,0,5,0,0,0,0,0,0,0,0,0,0,0,0,0,1,1,0,0,0,0,0,1,5,0,0,0,0,1,0,0,7,9,0,5,10,1,0,7,7,5,3,3,5,6,3,12
0,0,0,0,0,0,0,0,0,0,0,7,6,0,9,0,0,5,0,0,0,0,0,0,0,0,0,0,0,0,0,0,1,0,0,0,0,0,1,0,0,0,0,0,1,0,0,0,9,0,5,10,1,0,7,0,5,3,3,5,6,3,12,0
0,1,0,0,0,7,6,0,0,0,0,5,0,0,0,0,0,0,0,0,0,0,0,0,0,1,1,0,0,0,0,0,0,5,0,0,0,0,1,0,0,7,9,0,5,10,1,0,0,7,5,3,3,5,6,3,0,17,13,1,0,10,14,12
1,0,0,0,7,6,0,9,0,0,5,0,0,0,0,0,0,0,0,0,0,0,0,0,1,1,0,0,0,0,0,1,5,0,0,0,0,1,0,0,7,9,0,5,10,1,0,7,7,5,3,3,5,6,3,12,17,13,1,0,10,14,12,9
0,0,0,7,6,0,9,0,0,5,0,0,0,0,0,0,0,0,0,0,0,0,0,0,1,0,0,0,0,0,1,0,0,0,0,0,1,0,0,0,9,0,5,10,1,0,7,0,5,3,3,5,6,3,12,0,13,1,0,10,14,12,9,0
0,0,0,5,0,0,0,0,0,0,0,0,0,0,0,0,0,1,1,0,0,0,0,0,0,5,0,0,0,0,1,0,0,7,9,0,5,10,1,0,0,7,5,3,3,5,6,3,0,17,13,1,0,10,14,12,0,0,0,0,0,0,0,0
0,0,5,0,0,0,0,0,0,0,0,0,0,0,0,0,1,1,0,0,0,0,0,1,5,0,0,0,0,1,0,0,7,9,0,5,10,1,0,7,7,5,3,3,5,6,3,12,17,13,1,0,10,14,12,9,0,0,0,0,0,0,0,0
0,5,0,0,0,0,0,0,0,0,0,0,0,0,0,0,1,0,0,0,0,0,1,0,0,0,0,0,1,0,0,0,9,0,5,10,1,0,7,0,5,3,3,5,6,3,12,0,13,1,0,10,14,12,9,0,0,0,0,0,0,0,0,0
0,0,0,0,0,0,0,0,0,0,0,0,0,0,0,0,0,0,0,0,0,0,0,0,0,0,0,0,0,0,0,0,0,0,0,0,0,0,0,0,0,0,0,0,0,0,0,0,0,0,0,0,0,0,0,0,0,0,0,0,0,0,0,0
0,0,0,0,0,0,0,0,0,0,0,0,0,0,0,0,0,0,0,0,0,0,0,0,0,0,0,0,0,0,0,0,0,0,0,0,0,0,0,0,0,0,0,0,0,0,0,0,0,0,0,0,0,0,0,0,0,0,0,0,0,0,0,0
0,0,0,0,0,0,0,0,0,0,0,0,0,0,0,0,0,0,0,0,0,0,0,0,0,0,0,0,0,0,0,0,0,0,0,0,0,0,0,0,0,0,0,0,0,0,0,0,0,0,0,0,0,0,0,0,0,0,0,0,0,0,0,0
0,0,0,0,0,0,0,0,0,0,0,0,0,0,0,0,0,0,0,0,0,0,0,0,0,0,0,0,0,0,0,0,0,0,0,0,0,0,0,0,0,0,0,0,0,0,0,0,0,0,0,0,0,0,0,0,0,0,0,0,0,0,0,0
0,0,0,0,0,0,0,0,0,0,0,0,0,0,0,0,0,0,0,0,0,0,0,0,0,0,0,0,0,0,0,0,0,0,0,0,0,0,0,0,0,0,0,0,0,0,0,0,0,0,0,0,0,0,0,0,0,0,0,0,0,0,0,0
0,0,0,0,0,0,0,0,0,0,0,0,0,0,0,0,0,0,0,0,0,0,0,0,0,0,0,0,0,0,0,0,0,0,0,0,0,0,0,0,0,0,0,0,0,0,0,0,0,0,0,0,0,0,0,0,0,0,0,0,0,0,0,0
0,0,0,0,0,0,0,0,0,0,0,0,0,0,0,0,0,0,0,0,0,0,0,0,0,0,0,0,0,0,0,0,0,0,0,0,0,0,0,0,0,0,0,0,0,0,0,0,0,0,0,0,0,0,0,0,0,0,0,0,0,0,0,0
0,0,0,0,0,0,0,0,0,0,0,0,0,0,0,0,0,0,0,0,0,0,0,0,0,0,0,0,0,0,0,0,0,0,0,0,0,0,0,0,0,0,0,0,0,0,0,0,0,0,0,0,0,0,0,0,0,0,0,0,0,0,0,0
0,0,0,0,0,0,0,0,0,0,0,0,0,0,0,0,0,0,0,0,0,0,0,0,0,0,0,0,0,0,0,0,0,0,0,0,0,0,0,0,0,0,0,0,0,0,0,0,0,0,0,0,0,0,0,0,0,0,0,0,0,0,0,0
0,0,0,0,0,0,0,0,0,0,0,0,0,0,0,0,0,0,0,0,0,0,0,0,0,0,0,0,0,0,0,0,0,0,0,0,0,0,0,0,0,9,0,0,0,0,0,0,0,0,0,0,0,0,0,0,0,0,0,0,0,0,0,0
0,0,0,0,0,0,0,0,0,0,0,0,0,0,0,0,0,0,0,0,0,0,0,0,0,0,0,0,0,0,0,0,0,0,0,0,0,0,0,0,9,0,0,0,0,0,0,0,0,0,0,0,0,0,0,0,0,0,0,0,0,0,0,0
0,0,0,0,0,0,0,0,0,0,0,0,0,0,0,0,0,0,0,0,0,0,0,0,0,0,0,0,0,0,0,0,0,0,0,0,0,0,0,0,0,0,0,0,0,0,0,0,0,0,0,0,0,0,0,0,0,0,0,0,0,0,0,0
0,0,0,0,0,0,0,0,0,0,0,0,0,0,0,0,0,0,0,0,0,0,0,0,0,0,0,0,0,0,0,0,0,9,0,0,0,0,0,0,0,0,0,0,0,0,0,0,0,0,0,0,0,0,0,0,0,0,0,0,0,0,0,0
0,0,0,0,0,0,0,0,0,0,0,0,0,0,0,0,0,0,0,0,0,0,0,0,0,0,0,0,0,0,0,0,9,0,0,0,0,0,0,0,0,0,0,0,0,0,0,0,0,0,0,0,0,0,0,0,0,0,0,0,0,0,0,0
0,0,0,0,0,0,0,0,0,0,0,0,0,0,0,0,0,0,0,0,0,0,0,0,0,0,0,0,0,0,0,0,0,0,0,0,0,0,0,0,0,0,0,0,0,0,0,0,0,0,0,0,0,0,0,0,0,0,0,0,0,0,0,0
0,0,0,0,0,0,0,0,0,0,0,0,0,0,0,0,0,0,0,0,0,0,0,0,0,9,0,0,0,0,0,0,0,0,0,0,0,0,0,0,0,0,0,0,0,0,0,0,0,0,0,0,0,0,0,0,0,0,0,0,0,0,0,0
0,0,0,0,0,0,0,0,0,0,0,0,0,0,0,0,0,0,0,0,0,0,0,0,9,0,0,0,0,0,0,0,0,0,0,0,0,0,0,0,0,0,0,0,0,0,0,0,0,0,0,0,0,0,0,0,0,0,0,0,0,0,0,0
0,0,0,0,0,0,0,0,0,0,0,0,0,0,0,0,0,0,0,0,0,0,0,0,0,0,0,0,0,0,0,0,0,0,0,0,0,0,0,0,0,0,0,0,0,0,0,0,0,0,0,0,0,0,0,0,0,0,0,0,0,0,0,0
0,0,0,0,0,0,0,0,0,0,0,0,0,0,0,0,0,0,0,0,0,0,0,0,0,0,0,0,0,0,0,0,0,0,0,0,0,0,0,0,0,0,0,0,0,0,0,0,0,0,0,0,0,0,0,0,0,0,0,0,0,0,0,0
0,0,0,0,0,0,0,0,0,0,0,0,0,0,0,0,0,0,0,0,0,0,0,0,0,0,0,0,0,0,0,0,0,0,0,0,0,0,0,0,0,0,0,0,0,0,0,0,0,0,0,0,0,0,0,0,0,0,0,0,0,0,0,0
0,0,0,0,0,0,0,0,0,0,0,0,0,0,0,0,0,0,0,0,0,0,0,0,0,0,0,0,0,0,0,0,0,0,0,0,0,0,0,0,0,0,0,0,0,0,0,0,0,0,0,0,0,0,0,0,0,0,0,0,0,0,0,0
0,0,0,0,0,0,0,0,0,0,0,0,0,0,0,0,0,0,0,0,0,0,0,0,0,0,0,0,0,0,0,0,0,0,0,0,0,0,0,0,0,0,0,0,0,0,0,0,0,0,0,0,0,0,0,0,0,0,0,0,0,0,0,0
0,0,0,0,0,0,0,0,0,0,0,0,0,0,0,0,0,0,0,0,0,0,0,0,0,0,0,0,0,0,0,0,0,0,0,0,0,0,0,0,0,0,0,0,0,0,0,0,0,0,0,0,0,0,0,0,0,0,0,0,0,0,0,0
0,0,0,0,0,0,0,0,0,0,0,0,0,0,0,0,0,0,0,0,0,0,0,0,0,0,0,0,0,0,0,0,0,0,0,0,0,0,0,0,0,0,0,0,0,0,0,0,0,0,0,0,0,0,0,0,0,0,0,0,0,0,0,0
0,0,0,0,0,0,0,0,0,0,0,0,0,0,0,0,0,0,0,0,0,0,0,0,0,0,0,0,0,0,0,0,0,0,0,0,0,0,0,0,0,0,0,0,0,0,0,0,0,0,0,0,0,0,0,0,0,0,0,0,0,0,0,0
0,0,0,0,0,0,0,0,0,0,0,0,0,0,0,0,0,0,0,0,0,0,0,0,0,0,0,0,0,0,0,0,0,0,0,0,0,0,0,0,0,0,0,0,0,0,0,0,0,0,0,0,0,0,0,0,0,0,0,0,0,0,0,0
0,0,0,0,0,0,0,0,0,0,0,0,0,0,0,0,0,0,0,0,0,0,0,0,0,0,0,0,0,0,0,0,0,0,0,0,0,0,0,0,0,0,0,0,0,0,0,0,0,0,0,0,0,0,0,0,0,0,0,0,0,0,0,0
0,0,0,0,0,0,0,0,0,33,24,23,24,28,26,31,0,38,42,28,34,33,28,33,0,31,31,21,25,20,27,28,0,30,22,17,12,27,28,28,0,28,22,15,20,23,28,28,0,28,28,15,28,19,23,28,0,23,27,26,26,19,25,22
0,0,0,0,0,0,0,0,33,24,23,24,28,26,31,15,38,42,28,34,33,28,33,20,31,31,21,25,20,27,28,17,30,22,17,12,27,28,28,20,28,22,15,20,23,28,28,12,28,28,15,28,19,23,28,19,23,27,26,26,19,25,22,21
0,0,0,0,0,0,0,0,24,23,24,28,26,31,15,0,42,28,34,33,28,33,20,0,31,21,25,20,27,28,17,0,22,17,12,27,28,28,20,0,22,15,20,23,28,28,12,0,28,15,28,19,23,28,19,0,27,26,26,19,25,22,21,0
0,33,24,23,24,28,26,31,0,38,42,28,34,33,28,33,0,31,31,21,25,20,27,28,0,30,22,17,12,27,28,28,0,28,22,15,20,23,28,28,0,28,28,15,28,19,23,28,0,23,27,26,26,19,25,22,0,19,24,26,22,20,20,22
33,24,23,24,28,26,31,15,38,42,28,34,33,28,33,20,31,31,21,25,20,27,28,17,30,22,17,12,27,28,28,20,28,22,15,20,23,28,28,12,28,28,15,28,19,23,28,19,23,27,26,26,19,25,22,21,19,24,26,22,20,20,22,24
24,23,24,28,26,31,15,0,42,28,34,33,28,33,20,0,31,21,25,20,27,28,17,0,22,17,12,27,28,28,20,0,22,15,20,23,28,28,12,0,28,15,28,19,23,28,19,0,27,26,26,19,25,22,21,0,24,26,22,20,20,22,24,0
0,38,42,28,34,33,28,33,0,31,31,21,25,20,27,28,0,30,22,17,12,27,28,28,0,28,22,15,20,23,28,28,0,28,28,15,28,19,23,28,0,23,27,26,26,19,25,22,0,19,24,26,22,20,20,22,0,0,0,0,0,0,0,0
38,42,28,34,33,28,33,20,31,31,21,25,20,27,28,17,30,22,17,12,27,28,28,20,28,22,15,20,23,28,28,12,28,28,15,28,19,23,28,19,23,27,26,26,19,25,22,21,19,24,26,22,20,20,22,24,0,0,0,0,0,0,0,0
42,28,34,33,28,33,20,0,31,21,25,20,27,28,17,0,22,17,12,27,28,28,20,0,22,15,20,23,28,28,12,0,28,15,28,19,23,28,19,0,27,26,26,19,25,22,21,0,24,26,22,20,20,22,24,0,0,0,0,0,0,0,0,0
0,0,0,0,0,0,0,0,0,0,0,0,0,0,0,0,0,0,0,0,0,0,0,0,0,0,0,0,0,0,0,0,0,0,0,0,0,0,0,0,0,0,0,0,0,0,0,0,0,0,0,0,0,0,0,0,0,0,0,0,0,0,0,0
0,0,0,0,0,0,0,0,0,0,0,0,0,0,0,0,0,0,0,0,0,0,0,0,0,0,0,0,0,0,0,0,0,0,0,0,0,0,0,0,0,0,0,0,0,0,0,0,0,0,0,0,0,0,0,0,0,0,0,0,0,0,0,0
0,0,0,0,0,0,0,0,0,0,0,0,0,0,0,0,0,0,0,0,0,0,0,0,0,0,0,0,0,0,0,0,0,0,0,0,0,0,0,0,0,0,0,0,0,0,0,0,0,0,0,0,0,0,0,0,0,0,0,0,0,0,0,0
0,0,0,0,0,0,0,0,0,0,0,0,0,0,0,0,0,0,0,0,0,0,0,0,0,0,0,0,0,0,0,0,0,0,0,0,0,0,0,0,0,0,0,0,0,0,0,0,0,0,0,0,0,0,0,0,0,0,0,0,0,0,0,0
0,0,0,0,0,0,0,0,0,0,0,0,0,0,0,0,0,0,0,0,0,0,0,0,0,0,0,0,0,0,0,0,0,0,0,0,0,0,0,0,0,0,0,0,0,0,0,0,0,0,0,0,0,0,0,0,0,0,0,0,0,0,0,0
0,0,0,0,0,0,0,0,0,0,0,0,0,0,0,0,0,0,0,0,0,0,0,0,0,0,0,0,0,0,0,0,0,0,0,0,0,0,0,0,0,0,0,0,0,0,0,0,0,0,0,0,0,0,0,0,0,0,0,0,0,0,0,0
0,0,0,0,0,0,0,0,0,0,0,0,0,0,0,0,0,0,0,0,0,0,0,0,0,0,0,0,0,0,0,0,0,0,0,0,0,0,0,0,0,0,0,0,0,0,0,0,0,0,0,0,0,0,0,0,0,0,0,0,0,0,0,0
0,0,0,0,0,0,0,0,0,0,0,0,0,0,0,0,0,0,0,0,0,0,0,0,0,0,0,0,0,0,0,0,0,0,0,0,0,0,0,0,0,0,0,0,0,0,0,0,0,0,0,0,0,0,0,0,0,0,0,0,0,0,0,0
0,0,0,0,0,0,0,0,0,0,0,0,0,0,0,0,0,0,0,0,0,0,0,0,0,0,0,0,0,0,0,0,0,0,0,0,0,0,0,0,0,0,0,0,0,0,0,0,0,0,0,0,0,0,0,0,0,0,0,0,0,0,0,0
0,0,0,0,0,0,0,0,0,35,50,42,42,41,47,42,0,25,34,31,31,35,33,28,0,24,28,28,31,36,27,31,0,26,26,36,25,31,27,35,0,31,28,37,38,34,30,30,0,27,27,27,31,35,24,28,0,28,36,17,37,31,33,41
0,0,0,0,0,0,0,0,35,50,42,42,41,47,42,34,25,34,31,31,35,33,28,24,24,28,28,31,36,27,31,21,26,26,36,25,31,27,35,26,31,28,37,38,34,30,30,20,27,27,27,31,35,24,28,28,28,36,17,37,31,33,41,30
0,0,0,0,0,0,0,0,50,42,42,41,47,42,34,0,34,31,31,35,33,28,24,0,28,28,31,36,27,31,21,0,26,36,25,31,27,35,26,0,28,37,38,34,30,30,20,0,27,27,31,35,24,28,28,0,36,17,37,31,33,41,30,0
0,35,50,42,42,41,47,42,0,25,34,31,31,35,33,28,0,24,28,28,31,36,27,31,0,26,26,36,25,31,27,35,0,31,28,37,38,34,30,30,0,27,27,27,31,35,24,28,0,28,36,17,37,31,33,41,0,37,35,20,33,36,40,43
35,50,42,42,41,47,42,34,25,34,31,31,35,33,28,24,24,28,28,31,36,27,31,21,26,26,36,25,31,27,35,26,31,28,37,38,34,30,30,20,27,27,27,31,35,24,28,28,28,36,17,37,31,33,41,30,37,35,20,33,36,40,43,24
50,42,42,41,47,42,34,0,34,31,31,35,33,28,24,0,28,28,31,36,27,31,21,0,26,36,25,31,27,35,26,0,28,37,38,34,30,30,20,0,27,27,31,35,24,28,28,0,36,17,37,31,33,41,30,0,35,20,33,36,40,43,24,0
0,25,34,31,31,35,33,28,0,24,28,28,31,36,27,31,0,26,26,36,25,31,27,35,0,31,28,37,38,34,30,30,0,27,27,27,31,35,24,28,0,28,36,17,37,31,33,41,0,37,35,20,33,36,40,43,0,0,0,0,0,0,0,0
25,34,31,31,35,33,28,24,24,28,28,31,36,27,31,21,26,26,36,25,31,27,35,26,31,28,37,38,34,30,30,20,27,27,27,31,35,24,28,28,28,36,17,37,31,33,41,30,37,35,20,33,36,40,43,24,0,0,0,0,0,0,0,0
34,31,31,35,33,28,24,0,28,28,31,36,27,31,21,0,26,36,25,31,27,35,26,0,28,37,38,34,30,30,20,0,27,27,31,35,24,28,28,0,36,17,37,31,33,41,30,0,35,20,33,36,40,43,24,0,0,0,0,0,0,0,0,0
0,0,0,0,0,0,0,0,0,0,0,0,0,0,0,0,0,0,0,0,0,0,0,0,0,0,0,0,0,0,0,0,0,0,0,0,0,0,0,0,0,0,0,0,0,0,0,0,0,0,0,0,0,0,0,0,0,0,0,0,0,0,0,0
0,0,0,0,0,0,0,0,0,0,0,0,0,0,0,0,0,0,0,0,0,0,0,0,0,0,0,0,0,0,0,0,0,0,0,0,0,0,0,0,0,0,0,0,0,0,0,0,0,0,0,0,0,0,0,0,0,0,0,0,0,0,0,0
0,0,0,0,0,0,0,0,0,0,0,0,0,0,0,0,0,0,0,0,0,0,0,0,0,0,0,0,0,0,0,0,0,0,0,0,0,0,0,0,0,0,0,0,0,0,0,0,0,0,0,0,0,0,0,0,0,0,0,0,0,0,0,0
0,0,0,0,0,0,0,0,0,0,0,0,0,0,0,0,0,0,0,0,0,0,0,0,0,0,0,0,0,0,0,0,0,0,0,0,0,0,0,0,0,0,0,0,0,0,0,0,0,0,0,0,0,0,0,0,0,0,0,0,0,0,0,0
0,0,0,0,0,0,0,0,0,0,0,0,0,0,0,0,0,0,0,0,0,0,0,0,0,0,0,0,0,0,0,0,0,0,0,0,0,0,0,0,0,0,0,0,0,0,0,0,0,0,0,0,0,0,0,0,0,0,0,0,0,0,0,0
0,0,0,0,0,0,0,0,0,0,0,0,0,0,0,0,0,0,0,0,0,0,0,0,0,0,0,0,0,0,0,0,0,0,0,0,0,0,0,0,0,0,0,0,0,0,0,0,0,0,0,0,0,0,0,0,0,0,0,0,0,0,0,0
0,0,0,0,0,0,0,0,0,0,0,0,0,0,0,0,0,0,0,0,0,0,0,0,0,0,0,0,0,0,0,0,0,0,0,0,0,0,0,0,0,0,0,0,0,0,0,0,0,0,0,0,0,0,0,0,0,0,0,0,0,0,0,0
0,0,0,0,0,0,0,0,0,0,0,0,0,0,0,0,0,0,0,0,0,0,0,0,0,0,0,0,0,0,0,0,0,0,0,0,0,0,0,0,0,0,0,0,0,0,0,0,0,0,0,0,0,0,0,0,0,0,0,0,0,0,0,0
0,0,0,0,0,0,0,0,0,0,0,0,0,0,0,0,0,0,0,0,0,0,0,0,0,0,0,0,0,0,0,0,0,0,0,0,0,0,0,0,0,0,0,0,0,0,0,0,0,0,0,0,0,0,0,0,0,0,0,0,0,0,0,0
0,0,0,0,0,0,0,0,0,15,7,3,7,0,0,10,0,12,5,0,0,6,0,3,0,18,3,0,0,0,0,0,0,11,0,0,0,1,0,1,0,9,0,0,0,0,0,0,0,15,0,0,0,0,0,0,0,17,0,0,0,0,0,0
0,0,0,0,0,0,0,0,15,7,3,7,0,0,10,0,12,5,0,0,6,0,3,0,18,3,0,0,0,0,0,0,11,0,0,0,1,0,1,0,9,0,0,0,0,0,0,0,15,0,0,0,0,0,0,0,17,0,0,0,0,0,0,0
0,0,0,0,0,0,0,0,7,3,7,0,0,10,0,0,5,0,0,6,0,3,0,0,3,0,0,0,0,0,0,0,0,0,0,1,0,1,0,0,0,0,0,0,0,0,0,0,0,0,0,0,0,0,0,0,0,0,0,0,0,0,0,0
0,15,7,3,7,0,0,10,0,12,5,0,0,6,0,3,0,18,3,0,0,0,0,0,0,11,0,0,0,1,0,1,0,9,0,0,0,0,0,0,0,15,0,0,0,0,0,0,0,17,0,0,0,0,0,0,0,3,0,0,0,0,0,0
15,7,3,7,0,0,10,0,12,5,0,0,6,0,3,0,18,3,0,0,0,0,0,0,11,0,0,0,1,0,1,0,9,0,0,0,0,0,0,0,15,0,0,0,0,0,0,0,17,0,0,0,0,0,0,0,3,0,0,0,0,0,0,0
7,3,7,0,0,10,0,0,5,0,0,6,0,3,0,0,3,0,0,0,0,0,0,0,0,0,0,1,0,1,0,0,0,0,0,0,0,0,0,0,0,0,0,0,0,0,0,0,0,0,0,0,0,0,0,0,0,0,0,0,0,0,0,0
0,12,5,0,0,6,0,3,0,18,3,0,0,0,0,0,0,11,0,0,0,1,0,1,0,9,0,0,0,0,0,0,0,15,0,0,0,0,0,0,0,17,0,0,0,0,0,0,0,3,0,0,0,0,0,0,0,0,0,0,0,0,0,0
12,5,0,0,6,0,3,0,18,3,0,0,0,0,0,0,11,0,0,0,1,0,1,0,9,0,0,0,0,0,0,0,15,0,0,0,0,0,0,0,17,0,0,0,0,0,0,0,3,0,0,0,0,0,0,0,0,0,0,0,0,0,0,0
5,0,0,6,0,3,0,0,3,0,0,0,0,0,0,0,0,0,0,1,0,1,0,0,0,0,0,0,0,0,0,0,0,0,0,0,0,0,0,0,0,0,0,0,0,0,0,0,0,0,0,0,0,0,0,0,0,0,0,0,0,0,0,0
0,0,0,0,0,0,0,0,0,0,0,0,0,0,0,0,0,0,0,0,0,0,0,0,0,0,0,0,0,0,0,0,0,0,0,0,0,0,0,0,0,0,0,0,0,0,0,0,0,0,0,0,0,0,0,0,0,3,0,0,0,0,0,0
0,0,0,0,0,0,0,0,0,0,0,0,0,0,0,0,0,0,0,0,0,0,0,0,0,0,0,0,0,0,0,0,0,0,0,0,0,0,0,0,0,0,0,0,0,0,0,0,0,0,0,0,0,0,0,0,3,0,0,0,0,0,0,0
0,0,0,0,0,0,0,0,0,0,0,0,0,0,0,0,0,0,0,0,0,0,0,0,0,0,0,0,0,0,0,0,0,0,0,0,0,0,0,0,0,0,0,0,0,0,0,0,0,0,0,0,0,0,0,0,0,0,0,0,0,0,0,0
0,0,0,0,0,0,0,0,0,0,0,0,0,0,0,0,0,0,0,0,0,0,0,0,0,0,0,0,0,0,0,0,0,0,0,0,0,0,0,0,0,0,0,0,0,0,0,0,0,3,0,0,0,0,0,0,0,0,0,0,0,0,0,0
0,0,0,0,0,0,0,0,0,0,0,0,0,0,0,0,0,0,0,0,0,0,0,0,0,0,0,0,0,0,0,0,0,0,0,0,0,0,0,0,0,0,0,0,0,0,0,0,3,0,0,0,0,0,0,0,0,0,0,0,0,0,0,0
0,0,0,0,0,0,0,0,0,0,0,0,0,0,0,0,0,0,0,0,0,0,0,0,0,0,0,0,0,0,0,0,0,0,0,0,0,0,0,0,0,0,0,0,0,0,0,0,0,0,0,0,0,0,0,0,0,0,0,0,0,0,0,0
0,0,0,0,0,0,0,0,0,0,0,0,0,0,0,0,0,0,0,0,0,0,0,0,0,0,0,0,0,0,0,0,0,0,0,0,0,0,0,0,0,3,0,0,0,0,0,0,0,0,0,0,0,0,0,0,0,0,0,0,0,0,0,0
0,0,0,0,0,0,0,0,0,0,0,0,0,0,0,0,0,0,0,0,0,0,0,0,0,0,0,0,0,0,0,0,0,0,0,0,0,0,0,0,3,0,0,0,0,0,0,0,0,0,0,0,0,0,0,0,0,0,0,0,0,0,0,0
0,0,0,0,0,0,0,0,0,0,0,0,0,0,0,0,0,0,0,0,0,0,0,0,0,0,0,0,0,0,0,0,0,0,0,0,0,0,0,0,0,0,0,0,0,0,0,0,0,0,0,0,0,0,0,0,0,0,0,0,0,0,0,0
0,0,0,0,0,0,0,0,0,0,0,0,0,0,0,0,0,0,0,0,0,0,0,0,0,0,0,0,0,0,0,0,0,0,0,0,0,0,0,0,0,0,0,0,0,0,0,0,0,0,0,0,0,0,0,0,0,0,0,0,0,0,0,0
0,0,0,0,0,0,0,0,0,0,0,0,0,0,0,0,0,0,0,0,0,0,0,0,0,0,0,0,0,0,0,0,0,0,0,0,0,0,0,0,0,0,0,0,0,0,0,0,0,0,0,0,0,0,0,0,0,0,0,0,0,0,0,0
0,0,0,0,0,0,0,0,0,0,0,0,0,0,0,0,0,0,0,0,0,0,0,0,0,0,0,0,0,0,0,0,0,0,0,0,0,0,0,0,0,0,0,0,0,0,0,0,0,0,0,0,0,0,0,0,0,0,0,0,0,0,0,0
0,0,0,0,0,0,0,0,0,0,0,0,0,0,0,0,0,0,0,0,0,0,0,0,0,0,0,0,0,0,0,0,0,0,0,0,0,0,0,0,0,0,0,0,0,0,0,0,0,0,0,0,0,0,0,0,0,0,0,0,0,0,0,0
0,0,0,0,0,0,0,0,0,0,0,0,0,0,0,0,0,0,0,0,0,0,0,0,0,0,0,0,0,0,0,0,0,0,0,0,0,0,0,0,0,0,0,0,0,0,0,0,0,0,0,0,0,0,0,0,0,0,0,0,0,0,0,0
0,0,0,0,0,0,0,0,0,0,0,0,0,0,0,0,0,0,0,0,0,0,0,0,0,0,0,0,0,0,0,0,0,0,0,0,0,0,0,0,0,0,0,0,0,0,0,0,0,0,0,0,0,0,0,0,0,0,0,0,0,0,0,0
0,0,0,0,0,0,0,0,0,0,0,0,0,0,0,0,0,0,0,0,0,0,0,0,0,0,0,0,0,0,0,0,0,0,0,0,0,0,0,0,0,0,0,0,0,0,0,0,0,0,0,0,0,0,0,0,0,0,0,0,0,0,0,0
0,0,0,0,0,0,0,0,0,0,0,0,0,0,0,0,0,0,0,0,0,0,0,0,0,0,0,0,0,0,0,0,0,0,0,0,0,0,0,0,0,0,0,0,0,0,0,0,0,0,0,0,0,0,0,0,0,0,0,0,0,0,0,0
0,0,0,0,0,0,0,0,0,0,0,0,0,0,0,0,0,0,0,0,0,0,0,0,0,0,0,0,0,0,0,0,0,0,0,0,0,0,0,0,0,0,0,0,0,0,0,0,0,0,0,0,0,0,0,0,0,0,0,0,0,0,0,0
0,0,0,0,0,0,0,0,0,0,10,13,3,7,12,0,0,0,6,10,3,0,15,0,0,0,9,7,12,7,11,0,0,0,12,18,12,13,9,5,0,13,23,15,10,11,3,0,0,22,23,15,6,3,7,0,0,13,27,26,10,9,7,7
0,0,0,0,0,0,0,0,0,10,13,3,7,12,0,7,0,6,10,3,0,15,0,0,0,9,7,12,7,11,0,3,0,12,18,12,13,9,5,6,13,23,15,10,11,3,0,7,22,23,15,6,3,7,0,0,13,27,26,10,9,7,7,7
0,0,0,0,0,0,0,0,10,13,3,7,12,0,7,0,6,10,3,0,15,0,0,0,9,7,12,7,11,0,3,0,12,18,12,13,9,5,6,0,23,15,10,11,3,0,7,0,23,15,6,3,7,0,0,0,27,26,10,9,7,7,7,0
0,0,10,13,3,7,12,0,0,0,6,10,3,0,15,0,0,0,9,7,12,7,11,0,0,0,12,18,12,13,9,5,0,13,23,15,10,11,3,0,0,22,23,15,6,3,7,0,0,13,27,26,10,9,7,7,0,9,19,0,0,3,6,3
0,10,13,3,7,12,0,7,0,6,10,3,0,15,0,0,0,9,7,12,7,11,0,3,0,12,18,12,13,9,5,6,13,23,15,10,11,3,0,7,22,23,15,6,3,7,0,0,13,27,26,10,9,7,7,7,9,19,0,0,3,6,3,7
10,13,3,7,12,0,7,0,6,10,3,0,15,0,0,0,9,7,12,7,11,0,3,0,12,18,12,13,9,5,6,0,23,15,10,11,3,0,7,0,23,15,6,3,7,0,0,0,27,26,10,9,7,7,7,0,19,0,0,3,6,3,7,0
0,0,6,10,3,0,15,0,0,0,9,7,12,7,11,0,0,0,12,18,12,13,9,5,0,13,23,15,10,11,3,0,0,22,23,15,6,3,7,0,0,13,27,26,10,9,7,7,0,9,19,0,0,3,6,3,0,0,0,0,0,0,0,0
0,6,10,3,0,15,0,0,0,9,7,12,7,11,0,3,0,12,18,12,13,9,5,6,13,23,15,10,11,3,0,7,22,23,15,6,3,7,0,0,13,27,26,10,9,7,7,7,9,19,0,0,3,6,3,7,0,0,0,0,0,0,0,0
6,10,3,0,15,0,0,0,9,7,12,7,11,0,3,0,12,18,12,13,9,5,6,0,23,15,10,11,3,0,7,0,23,15,6,3,7,0,0,0,27,26,10,9,7,7,7,0,19,0,0,3,6,3,7,0,0,0,0,0,0,0,0,0
0,0,0,0,0,0,0,0,0,0,0,0,0,0,0,0,0,0,0,0,0,0,0,0,0,0,0,0,0,0,0,0,0,0,0,0,0,0,0,0,0,0,0,0,0,0,0,0,0,0,0,0,0,0,0,0,0,0,0,0,0,0,0,0
0,0,0,0,0,0,0,0,0,0,0,0,0,0,0,0,0,0,0,0,0,0,0,0,0,0,0,0,0,0,0,0,0,0,0,0,0,0,0,0,0,0,0,0,0,0,0,0,0,0,0,0,0,0,0,0,0,0,0,0,0,0,0,0
0,0,0,0,0,0,0,0,0,0,0,0,0,0,0,0,0,0,0,0,0,0,0,0,0,0,0,0,0,0,0,0,0,0,0,0,0,0,0,0,0,0,0,0,0,0,0,0,0,0,0,0,0,0,0,0,0,0,0,0,0,0,0,0
0,0,0,0,0,0,0,0,0,0,0,0,0,0,0,0,0,0,0,0,0,0,0,0,0,0,0,0,0,0,0,0,0,0,0,0,0,0,0,0,0,0,0,0,0,0,0,0,0,0,0,0,0,0,0,0,0,0,0,0,0,0,0,0
0,0,0,0,0,0,0,0,0,0,0,0,0,0,0,0,0,0,0,0,0,0,0,0,0,0,0,0,0,0,0,0,0,0,0,0,0,0,0,0,0,0,0,0,0,0,0,0,0,0,0,0,0,0,0,0,0,0,0,0,0,0,0,0
0,0,0,0,0,0,0,0,0,0,0,0,0,0,0,0,0,0,0,0,0,0,0,0,0,0,0,0,0,0,0,0,0,0,0,0,0,0,0,0,0,0,0,0,0,0,0,0,0,0,0,0,0,0,0,0,0,0,0,0,0,0,0,0
0,0,0,0,0,0,0,0,0,0,0,0,0,0,0,0,0,0,0,0,0,0,0,0,0,0,0,0,0,0,0,0,0,0,0,0,0,0,0,0,0,0,0,0,0,0,0,0,0,0,0,0,0,0,0,0,0,0,0,0,0,0,0,0
0,0,0,0,0,0,0,0,0,0,0,0,0,0,0,0,0,0,0,0,0,0,0,0,0,0,0,0,0,0,0,0,0,0,0,0,0,0,0,0,0,0,0,0,0,0,0,0,0,0,0,0,0,0,0,0,0,0,0,0,0,0,0,0
0,0,0,0,0,0,0,0,0,0,0,0,0,0,0,0,0,0,0,0,0,0,0,0,0,0,0,0,0,0,0,0,0,0,0,0,0,0,0,0,0,0,0,0,0,0,0,0,0,0,0,0,0,0,0,0,0,0,0,0,0,0,0,0
0,0,0,0,0,0,0,0,0,0,0,0,0,0,0,0,0,0,0,0,0,0,0,0,0,0,0,0,0,0,0,0,0,0,0,0,0,0,0,0,0,0,0,0,0,0,0,0,0,0,0,0,0,0,0,0,0,0,0,0,0,0,0,0
0,0,0,0,0,0,0,0,0,0,0,0,0,0,0,0,0,0,0,0,0,0,0,0,0,0,0,0,0,0,0,0,0,0,0,0,0,0,0,0,0,0,0,0,0,0,0,0,0,0,0,0,0,0,0,0,0,0,0,0,0,0,0,0
0,0,0,0,0,0,0,0,0,0,0,0,0,0,0,0,0,0,0,0,0,0,0,0,0,0,0,0,0,0,0,0,0,0,0,0,0,0,0,0,0,0,0,0,0,0,0,0,0,0,0,0,0,0,0,0,0,0,0,0,0,0,0,0
0,0,0,0,0,0,0,0,0,0,0,0,0,0,0,0,0,0,0,0,0,0,0,0,0,0,0,0,0,0,0,0,0,0,0,0,0,0,0,0,0,0,0,0,0,0,0,0,0,0,0,0,0,0,0,0,0,0,0,0,0,0,0,0
0,0,0,0,0,0,0,0,0,0,0,0,0,0,0,0,0,0,0,0,0,0,0,0,0,0,0,0,0,0,0,0,0,0,0,0,0,0,0,0,0,0,0,0,0,0,0,0,0,0,0,0,0,0,0,0,0,0,0,0,0,0,0,0
0,0,0,0,0,0,0,0,0,0,0,0,0,0,0,0,0,0,0,0,0,0,0,0,0,0,0,0,0,0,0,0,0,0,0,0,0,0,0,0,0,0,0,0,0,0,0,0,0,0,0,0,0,0,0,0,0,0,0,0,0,0,0,0
0,0,0,0,0,0,0,0,0,0,0,0,0,0,0,0,0,0,0,0,0,0,0,0,0,0,0,0,0,0,0,0,0,0,0,0,0,0,0,0,0,0,0,0,0,0,0,0,0,0,0,0,0,0,0,0,0,0,0,0,0,0,0,0
0,0,0,0,0,0,0,0,0,0,0,0,0,0,0,0,0,0,0,0,0,0,0,0,0,0,0,0,0,0,0,0,0,0,0,0,0,0,0,0,0,0,0,0,0,0,0,0,0,0,0,0,0,0,0,0,0,0,0,0,0,0,0,0
0,0,0,0,0,0,0,0,0,0,0,0,0,0,0,0,0,0,0,0,0,0,0,0,0,0,0,0,0,0,0,0,0,0,0,0,0,0,0,0,0,0,0,0,0,0,0,0,0,0,0,0,0,0,0,0,0,0,0,0,0,0,0,0
0,0,0,0,0,0,0,0,0,0,0,0,0,0,0,0,0,0,0,0,0,0,0,0,0,0,0,0,0,0,0,0,0,0,0,0,0,0,0,0,0,0,0,0,0,0,0,0,0,0,0,0,0,0,0,0,0,0,0,0,0,0,0,0
0,0,0,0,0,0,0,0,0,0,0,0,0,0,0,0,0,0,0,0,0,0,0,0,0,0,0,0,0,0,0,0,0,0,0,0,0,0,0,0,0,0,0,0,0,0,0,0,0,0,0,0,0,0,0,0,0,0,0,0,0,0,0,0
0,0,0,0,0,0,0,0,0,0,0,0,0,0,0,0,0,0,0,0,0,0,0,0,0,0,0,0,0,0,0,0,0,0,0,0,0,0,0,0,0,0,0,0,0,0,0,0,0,0,0,0,0,0,0,0,0,0,0,0,0,0,0,0
0,0,0,0,0,0,0,0,0,0,0,0,0,0,0,0,0,0,0,0,0,0,0,0,0,0,0,0,0,0,0,0,0,0,0,0,0,0,0,0,0,0,0,0,0,0,0,0,0,0,0,0,0,0,0,0,0,0,0,3,0,0,0,0
0,0,0,0,0,0,0,0,0,0,0,0,0,0,0,0,0,0,0,0,0,0,0,0,0,0,0,0,0,0,0,0,0,0,0,0,0,0,0,0,0,0,0,0,0,0,0,0,0,0,0,0,0,0,0,0,0,0,3,0,0,0,0,0
0,0,0,0,0,0,0,0,0,0,0,0,0,0,0,0,0,0,0,0,0,0,0,0,0,0,0,0,0,0,0,0,0,0,0,0,0,0,0,0,0,0,0,0,0,0,0,0,0,0,0,0,0,0,0,0,0,3,0,0,0,0,0,0
0,0,0,0,0,0,0,0,0,0,0,0,0,0,0,0,0,0,0,0,0,0,0,0,0,0,0,0,0,0,0,0,0,0,0,0,0,0,0,0,0,0,0,0,0,0,0,0,0,0,0,3,0,0,0,0,0,0,0,0,0,0,0,0
0,0,0,0,0,0,0,0,0,0,0,0,0,0,0,0,0,0,0,0,0,0,0,0,0,0,0,0,0,0,0,0,0,0,0,0,0,0,0,0,0,0,0,0,0,0,0,0,0,0,3,0,0,0,0,0,0,0,0,0,0,0,0,0
0,0,0,0,0,0,0,0,0,0,0,0,0,0,0,0,0,0,0,0,0,0,0,0,0,0,0,0,0,0,0,0,0,0,0,0,0,0,0,0,0,0,0,0,0,0,0,0,0,3,0,0,0,0,0,0,0,0,0,0,0,0,0,0
0,0,0,0,0,0,0,0,0,20,17,27,15,15,17,21,0,28,31,37,28,31,24,25,0,34,28,19,24,28,15,23,0,31,24,25,19,22,14,25,0,28,21,28,19,22,18,34,0,25,22,19,20,20,23,30,0,30,17,24,22,18,19,15
0,0,0,0,0,0,0,0,20,17,27,15,15,17,21,20,28,31,37,28,31,24,25,28,34,28,19,24,28,15,23,25,31,24,25,19,22,14,25,20,28,21,28,19,22,18,34,21,25,22,19,20,20,23,30,21,30,17,24,22,18,19,15,18
0,0,0,0,0,0,0,0,17,27,15,15,17,21,20,0,31,37,28,31,24,25,28,0,28,19,24,28,15,23,25,0,24,25,19,22,14,25,20,0,21,28,19,22,18,34,21,0,22,19,20,20,23,30,21,0,17,24,22,18,19,15,18,0
0,20,17,27,15,15,17,21,0,28,31,37,28,31,24,25,0,34,28,19,24,28,15,23,0,31,24,25,19,22,14,25,0,28,21,28,19,22,18,34,0,25,22,19,20,20,23,30,0,30,17,24,22,18,19,15,0,25,28,27,28,20,19,18
20,17,27,15,15,17,21,20,28,31,37,28,31,24,25,28,34,28,19,24,28,15,23,25,31,24,25,19,22,14,25,20,28,21,28,19,22,18,34,21,25,22,19,20,20,23,30,21,30,17,24,22,18,19,15,18,25,28,27,28,20,19,18,27
17,27,15,15,17,21,20,0,31,37,28,31,24,25,28,0,28,19,24,28,15,23,25,0,24,25,19,22,14,25,20,0,21,28,19,22,18,34,21,0,22,19,20,20,23,30,21,0,17,24,22,18,19,15,18,0,28,27,28,20,19,18,27,0
0,28,31,37,28,31,24,25,0,34,28,19,24,28,15,23,0,31,24,25,19,22,14,25,0,28,21,28,19,22,18,34,0,25,22,19,20,20,23,30,0,30,17,24,22,18,19,15,0,25,28,27,28,20,19,18,0,0,0,0,0,0,0,0
28,31,37,28,31,24,25,28,34,28,19,24,28,15,23,25,31,24,25,19,22,14,25,20,28,21,28,19,22,18,34,21,25,22,19,20,20,23,30,21,30,17,24,22,18,19,15,18,25,28,27,28,20,19,18,27,0,0,0,0,0,0,0,0
31,37,28,31,24,25,28,0,28,19,24,28,15,23,25,0,24,25,19,22,14,25,20,0,21,28,19,22,18,34,21,0,22,19,20,20,23,30,21,0,17,24,22,18,19,15,18,0,28,27,28,20,19,18,27,0,0,0,0,0,0,0,0,0
0,0,0,0,0,0,0,0,0,31,24,23,26,28,18,27,0,30,39,28,18,27,24,23,0,27,31,24,26,26,18,28,0,38,28,28,31,30,21,24,0,31,36,27,34,28,21,26,0,33,43,24,35,34,28,31,0,35,27,31,30,37,27,38
0,0,0,0,0,0,0,0,31,24,23,26,28,18,27,31,30,39,28,18,27,24,23,33,27,31,24,26,26,18,28,31,38,28,28,31,30,21,24,31,31,36,27,34,28,21,26,42,33,43,24,35,34,28,31,43,35,27,31,30,37,27,38,45
0,0,0,0,0,0,0,0,24,23,26,28,18,27,31,0,39,28,18,27,24,23,33,0,31,24,26,26,18,28,31,0,28,28,31,30,21,24,31,0,36,27,34,28,21,26,42,0,43,24,35,34,28,31,43,0,27,31,30,37,27,38,45,0
0,31,24,23,26,28,18,27,0,30,39,28,18,27,24,23,0,27,31,24,26,26,18,28,0,38,28,28,31,30,21,24,0,31,36,27,34,28,21,26,0,33,43,24,35,34,28,31,0,35,27,31,30,37,27,38,0,37,24,28,25,27,28,26
31,24,23,26,28,18,27,31,30,39,28,18,27,24,23,33,27,31,24,26,26,18,28,31,38,28,28,31,30,21,24,31,31,36,27,34,28,21,26,42,33,43,24,35,34,28,31,43,35,27,31,30,37,27,38,45,37,24,28,25,27,28,26,28
24,23,26,28,18,27,31,0,39,28,18,27,24,23,33,0,31,24,26,26,18,28,31,0,28,28,31,30,21,24,31,0,36,27,34,28,21,26,42,0,43,24,35,34,28,31,43,0,27,31,30,37,27,38,45,0,24,28,25,27,28,26,28,0
0,30,39,28,18,27,24,23,0,27,31,24,26,26,18,28,0,38,28,28,31,30,21,24,0,31,36,27,34,28,21,26,0,33,43,24,35,34,28,31,0,35,27,31,30,37,27,38,0,37,24,28,25,27,28,26,0,0,0,0,0,0,0,0
30,39,28,18,27,24,23,33,27,31,24,26,26,18,28,31,38,28,28,31,30,21,24,31,31,36,27,34,28,21,26,42,33,43,24,35,34,28,31,43,35,27,31,30,37,27,38,45,37,24,28,25,27,28,26,28,0,0,0,0,0,0,0,0
39,28,18,27,24,23,33,0,31,24,26,26,18,28,31,0,28,28,31,30,21,24,31,0,36,27,34,28,21,26,42,0,43,24,35,34,28,31,43,0,27,31,30,37,27,38,45,0,24,28,25,27,28,26,28,0,0,0,0,0,0,0,0,0
0,0,0,0,0,0,0,0,0,0,5,7,6,11,7,7,0,0,0,0,7,0,1,11,0,0,0,0,7,0,0,3,0,0,3,0,3,0,0,7,0,0,0,0,5,5,0,3,0,0,0,0,0,0,0,0,0,0,6,3,0,0,0,0
0,0,0,0,0,0,0,0,0,5,7,6,11,7,7,22,0,0,0,7,0,1,11,27,0,0,0,7,0,0,3,25,0,3,0,3,0,0,7,31,0,0,0,5,5,0,3,25,0,0,0,0,0,0,0,15,0,6,3,0,0,0,0,20
0,0,0,0,0,0,0,0,5,7,6,11,7,7,22,0,0,0,7,0,1,11,27,0,0,0,7,0,0,3,25,0,3,0,3,0,0,7,31,0,0,0,5,5,0,3,25,0,0,0,0,0,0,0,15,0,6,3,0,0,0,0,20,0
0,0,5,7,6,11,7,7,0,0,0,0,7,0,1,11,0,0,0,0,7,0,0,3,0,0,3,0,3,0,0,7,0,0,0,0,5,5,0,3,0,0,0,0,0,0,0,0,0,0,6,3,0,0,0,0,0,0,6,0,0,0,0,0
0,5,7,6,11,7,7,22,0,0,0,7,0,1,11,27,0,0,0,7,0,0,3,25,0,3,0,3,0,0,7,31,0,0,0,5,5,0,3,25,0,0,0,0,0,0,0,15,0,6,3,0,0,0,0,20,0,6,0,0,0,0,0,15
5,7,6,11,7,7,22,0,0,0,7,0,1,11,27,0,0,0,7,0,0,3,25,0,3,0,3,0,0,7,31,0,0,0,5,5,0,3,25,0,0,0,0,0,0,0,15,0,6,3,0,0,0,0,20,0,6,0,0,0,0,0,15,0
0,0,0,0,7,0,1,11,0,0,0,0,7,0,0,3,0,0,3,0,3,0,0,7,0,0,0,0,5,5,0,3,0,0,0,0,0,0,0,0,0,0,6,3,0,0,0,0,0,0,6,0,0,0,0,0,0,0,0,0,0,0,0,0
0,0,0,7,0,1,11,27,0,0,0,7,0,0,3,25,0,3,0,3,0,0,7,31,0,0,0,5,5,0,3,25,0,0,0,0,0,0,0,15,0,6,3,0,0,0,0,20,0,6,0,0,0,0,0,15,0,0,0,0,0,0,0,0
0,0,7,0,1,11,27,0,0,0,7,0,0,3,25,0,3,0,3,0,0,7,31,0,0,0,5,5,0,3,25,0,0,0,0,0,0,0,15,0,6,3,0,0,0,0,20,0,6,0,0,0,0,0,15,0,0,0,0,0,0,0,0,0
0,0,0,0,0,0,0,0,0,0,0,0,0,0,0,0,0,0,0,1,15,3,7,9,0,0,7,0,3,11,1,0,0,0,0,5,0,11,5,0,0,0,0,11,0,3,0,0,0,0,0,0,3,5,5,7,0,0,5,9,11,1,9,9
0,0,0,0,0,0,0,0,0,0,0,0,0,0,0,0,0,0,1,15,3,7,9,0,0,7,0,3,11,1,0,0,0,0,5,0,11,5,0,0,0,0,11,0,3,0,0,0,0,0,0,3,5,5,7,0,0,5,9,11,1,9,9,0
0,0,0,0,0,0,0,0,0,0,0,0,0,0,0,0,0,1,15,3,7,9,0,0,7,0,3,11,1,0,0,0,0,5,0,11,5,0,0,0,0,11,0,3,0,0,0,0,0,0,3,5,5,7,0,0,5,9,11,1,9,9,0,0
0,0,0,0,0,0,0,0,0,0,0,1,15,3,7,9,0,0,7,0,3,11,1,0,0,0,0,5,0,11,5,0,0,0,0,11,0,3,0,0,0,0,0,0,3,5,5,7,0,0,5,9,11,1,9,9,0,0,0,0,0,0,0,0
0,0,0,0,0,0,0,0,0,0,1,15,3,7,9,0,0,7,0,3,11,1,0,0,0,0,5,0,11,5,0,0,0,0,11,0,3,0,0,0,0,0,0,3,5,5,7,0,0,5,9,11,1,9,9,0,0,0,0,0,0,0,0,0
0,0,0,0,0,0,0,0,0,1,15,3,7,9,0,0,7,0,3,11,1,0,0,0,0,5,0,11,5,0,0,0,0,11,0,3,0,0,0,0,0,0,3,5,5,7,0,0,5,9,11,1,9,9,0,0,0,0,0,0,0,0,0,0
0,0,0,1,15,3,7,9,0,0,7,0,3,11,1,0,0,0,0,5,0,11,5,0,0,0,0,11,0,3,0,0,0,0,0,0,3,5,5,7,0,0,5,9,11,1,9,9,0,0,0,0,0,0,0,0,0,0,0,0,0,0,0,0
0,0,1,15,3,7,9,0,0,7,0,3,11,1,0,0,0,0,5,0,11,5,0,0,0,0,11,0,3,0,0,0,0,0,0,3,5,5,7,0,0,5,9,11,1,9,9,0,0,0,0,0,0,0,0,0,0,0,0,0,0,0,0,0
0,1,15,3,7,9,0,0,7,0,3,11,1,0,0,0,0,5,0,11,5,0,0,0,0,11,0,3,0,0,0,0,0,0,3,5,5,7,0,0,5,9,11,1,9,9,0,0,0,0,0,0,0,0,0,0,0,0,0,0,0,0,0,0
0,0,0,0,0,0,0,0,0,12,1,6,10,9,5,7,0,5,12,0,7,19,7,9,0,12,10,7,12,7,9,7,0,0,11,1,11,10,12,7,0,0,12,13,12,6,6,10,0,0,0,14,19,11,17,11,0,5,15,24,25,21,15,11
0,0,0,0,0,0,0,0,12,1,6,10,9,5,7,3,5,12,0,7,19,7,9,31,12,10,7,12,7,9,7,28,0,11,1,11,10,12,7,30,0,12,13,12,6,6,10,33,0,0,14,19,11,17,11,35,5,15,24,25,21,15,11,38
0,0,0,0,0,0,0,0,1,6,10,9,5,7,3,0,12,0,7,19,7,9,31,0,10,7,12,7,9,7,28,0,11,1,11,10,12,7,30,0,12,13,12,6,6,10,33,0,0,14,19,11,17,11,35,0,15,24,25,21,15,11,38,0
0,12,1,6,10,9,5,7,0,5,12,0,7,19,7,9,0,12,10,7,12,7,9,7,0,0,11,1,11,10,12,7,0,0,12,13,12,6,6,10,0,0,0,14,19,11,17,11,0,5,15,24,25,21,15,11,0,0,24,28,17,13,11,17
12,1,6,10,9,5,7,3,5,12,0,7,19,7,9,31,12,10,7,12,7,9,7,28,0,11,1,11,10,12,7,30,0,12,13,12,6,6,10,33,0,0,14,19,11,17,11,35,5,15,24,25,21,15,11,38,0,24,28,17,13,11,17,33
1,6,10,9,5,7,3,0,12,0,7,19,7,9,31,0,10,7,12,7,9,7,28,0,11,1,11,10,12,7,30,0,12,13,12,6,6,10,33,0,0,14,19,11,17,11,35,0,15,24,25,21,15,11,38,0,24,28,17,13,11,17,33,0
0,5,12,0,7,19,7,9,0,12,10,7,12,7,9,7,0,0,11,1,11,10,12,7,0,0,12,13,12,6,6,10,0,0,0,14,19,11,17,11,0,5,15,24,25,21,15,11,0,0,24,28,17,13,11,17,0,0,0,0,0,0,0,0
5,12,0,7,19,7,9,31,12,10,7,12,7,9,7,28,0,11,1,11,10,12,7,30,0,12,13,12,6,6,10,33,0,0,14,19,11,17,11,35,5,15,24,25,21,15,11,38,0,24,28,17,13,11,17,33,0,0,0,0,0,0,0,0
12,0,7,19,7,9,31,0,10,7,12,7,9,7,28,0,11,1,11,10,12,7,30,0,12,13,12,6,6,10,33,0,0,14,19,11,17,11,35,0,15,24,25,21,15,11,38,0,24,28,17,13,11,17,33,0,0,0,0,0,0,0,0,0
0,0,0,0,0,0,0,0,0,44,31,40,42,35,36,40,0,57,68,74,68,66,72,68,0,67,74,78,77,67,77,67,0,66,71,72,79,83,69,68,0,74,69,70,67,69,67,70,0,68,83,73,57,67,74,79,0,60,71,74,68,68,74,72
0,0,0,0,0,0,0,0,44,31,40,42,35,36,40,28,57,68,74,68,66,72,68,54,67,74,78,77,67,77,67,54,66,71,72,79,83,69,68,59,74,69,70,67,69,67,70,60,68,83,73,57,67,74,79,60,60,71,74,68,68,74,72,56
0,0,0,0,0,0,0,0,31,40,42,35,36,40,28,0,68,74,68,66,72,68,54,0,74,78,77,67,77,67,54,0,71,72,79,83,69,68,59,0,69,70,67,69,67,70,60,0,83,73,57,67,74,79,60,0,71,74,68,68,74,72,56,0
0,44,31,40,42,35,36,40,0,57,68,74,68,66,72,68,0,67,74,78,77,67,77,67,0,66,71,72,79,83,69,68,0,74,69,70,67,69,67,70,0,68,83,73,57,67,74,79,0,60,71,74,68,68,74,72,0,45,62,63,62,63,63,59
44,31,40,42,35,36,40,28,57,68,74,68,66,72,68,54,67,74,78,77,67,77,67,54,66,71,72,79,83,69,68,59,74,69,70,67,69,67,70,60,68,83,73,57,67,74,79,60,60,71,74,68,68,74,72,56,45,62,63,62,63,63,59,53
31,40,42,35,36,40,28,0,68,74,68,66,72,68,54,0,74,78,77,67,77,67,54,0,71,72,79,83,69,68,59,0,69,70,67,69,67,70,60,0,83,73,57,67,74,79,60,0,71,74,68,68,74,72,56,0,62,63,62,63,63,59,53,0
0,57,68,74,68,66,72,68,0,67,74,78,77,67,77,67,0,66,71,72,79,83,69,68,0,74,69,70,67,69,67,70,0,68,83,73,57,67,74,79,0,60,71,74,68,68,74,72,0,45,62,63,62,63,63,59,0,0,0,0,0,0,0,0
57,68,74,68,66,72,68,54,67,74,78,77,67,77,67,54,66,71,72,79,83,69,68,59,74,69,70,67,69,67,70,60,68,83,73,57,67,74,79,60,60,71,74,68,68,74,72,56,45,62,63,62,63,63,59,53,0,0,0,0,0,0,0,0
68,74,68,66,72,68,54,0,74,78,77,67,77,67,54,0,71,72,79,83,69,68,59,0,69,70,67,69,67,70,60,0,83,73,57,67,74,79,60,0,71,74,68,68,74,72,56,0,62,63,62,63,63,59,53,0,0,0,0,0,0,0,0,0
0,0,0,0,0,0,0,0,0,13,15,22,23,20,23,14,0,15,36,37,43,37,36,26,0,15,27,33,37,31,31,20,0,6,30,27,33,21,24,17,0,3,25,27,39,33,28,20,0,0,21,39,21,15,21,30,0,13,24,35,28,24,31,21
0,0,0,0,0,0,0,0,13,15,22,23,20,23,14,9,15,36,37,43,37,36,26,22,15,27,33,37,31,31,20,28,6,30,27,33,21,24,17,25,3,25,27,39,33,28,20,26,0,21,39,21,15,21,30,18,13,24,35,28,24,31,21,19
0,0,0,0,0,0,0,0,15,22,23,20,23,14,9,0,36,37,43,37,36,26,22,0,27,33,37,31,31,20,28,0,30,27,33,21,24,17,25,0,25,27,39,33,28,20,26,0,21,39,21,15,21,30,18,0,24,35,28,24,31,21,19,0
0,13,15,22,23,20,23,14,0,15,36,37,43,37,36,26,0,15,27,33,37,31,31,20,0,6,30,27,33,21,24,17,0,3,25,27,39,33,28,20,0,0,21,39,21,15,21,30,0,13,24,35,28,24,31,21,0,15,31,33,39,30,26,26
13,15,22,23,20,23,14,9,15,36,37,43,37,36,26,22,15,27,33,37,31,31,20,28,6,30,27,33,21,24,17,25,3,25,27,39,33,28,20,26,0,21,39,21,15,21,30,18,13,24,35,28,24,31,21,19,15,31,33,39,30,26,26,23
15,22,23,20,23,14,9,0,36,37,43,37,36,26,22,0,27,33,37,31,31,20,28,0,30,27,33,21,24,17,25,0,25,27,39,33,28,20,26,0,21,39,21,15,21,30,18,0,24,35,28,24,31,21,19,0,31,33,39,30,26,26,23,0
0,15,36,37,43,37,36,26,0,15,27,33,37,31,31,20,0,6,30,27,33,21,24,17,0,3,25,27,39,33,28,20,0,0,21,39,21,15,21,30,0,13,24,35,28,24,31,21,0,15,31,33,39,30,26,26,0,0,0,0,0,0,0,0
15,36,37,43,37,36,26,22,15,27,33,37,31,31,20,28,6,30,27,33,21,24,17,25,3,25,27,39,33,28,20,26,0,21,39,21,15,21,30,18,13,24,35,28,24,31,21,19,15,31,33,39,30,26,26,23,0,0,0,0,0,0,0,0
36,37,43,37,36,26,22,0,27,33,37,31,31,20,28,0,30,27,33,21,24,17,25,0,25,27,39,33,28,20,26,0,21,39,21,15,21,30,18,0,24,35,28,24,31,21,19,0,31,33,39,30,26,26,23,0,0,0,0,0,0,0,0,0
0,0,0,0,0,0,0,0,0,18,6,6,12,7,13,6,0,20,6,5,3,3,14,5,0,17,3,0,15,0,20,7,0,19,1,0,18,7,20,9,0,21,5,7,5,10,20,12,0,23,6,22,9,15,15,18,0,22,7,15,19,17,18,24
0,0,0,0,0,0,0,0,18,6,6,12,7,13,6,0,20,6,5,3,3,14,5,0,17,3,0,15,0,20,7,0,19,1,0,18,7,20,9,0,21,5,7,5,10,20,12,7,23,6,22,9,15,15,18,3,22,7,15,19,17,18,24,6
0,0,0,0,0,0,0,0,6,6,12,7,13,6,0,0,6,5,3,3,14,5,0,0,3,0,15,0,20,7,0,0,1,0,18,7,20,9,0,0,5,7,5,10,20,12,7,0,6,22,9,15,15,18,3,0,7,15,19,17,18,24,6,0
0,18,6,6,12,7,13,6,0,20,6,5,3,3,14,5,0,17,3,0,15,0,20,7,0,19,1,0,18,7,20,9,0,21,5,7,5,10,20,12,0,23,6,22,9,15,15,18,0,22,7,15,19,17,18,24,0,7,3,7,19,15,17,20
18,6,6,12,7,13,6,0,20,6,5,3,3,14,5,0,17,3,0,15,0,20,7,0,19,1,0,18,7,20,9,0,21,5,7,5,10,20,12,7,23,6,22,9,15,15,18,3,22,7,15,19,17,18,24,6,7,3,7,19,15,17,20,1
6,6,12,7,13,6,0,0,6,5,3,3,14,5,0,0,3,0,15,0,20,7,0,0,1,0,18,7,20,9,0,0,5,7,5,10,20,12,7,0,6,22,9,15,15,18,3,0,7,15,19,17,18,24,6,0,3,7,19,15,17,20,1,0
0,20,6,5,3,3,14,5,0,17,3,0,15,0,20,7,0,19,1,0,18,7,20,9,0,21,5,7,5,10,20,12,0,23,6,22,9,15,15,18,0,22,7,15,19,17,18,24,0,7,3,7,19,15,17,20,0,0,0,0,0,0,0,0
20,6,5,3,3,14,5,0,17,3,0,15,0,20,7,0,19,1,0,18,7,20,9,0,21,5,7,5,10,20,12,7,23,6,22,9,15,15,18,3,22,7,15,19,17,18,24,6,7,3,7,19,15,17,20,1,0,0,0,0,0,0,0,0
6,5,3,3,14,5,0,0,3,0,15,0,20,7,0,0,1,0,18,7,20,9,0,0,5,7,5,10,20,12,7,0,6,22,9,15,15,18,3,0,7,15,19,17,18,24,6,0,3,7,19,15,17,20,1,0,0,0,0,0,0,0,0,0
0,0,0,0,0,0,0,0,0,13,3,0,1,7,0,3,0,15,13,25,15,13,18,13,0,7,7,13,3,5,24,10,0,10,0,5,12,11,17,7,0,17,0,3,10,10,18,3,0,3,0,0,5,7,0,10,0,0,0,0,6,7,7,15
0,0,0,0,0,0,0,0,13,3,0,1,7,0,3,13,15,13,25,15,13,18,13,15,7,7,13,3,5,24,10,13,10,0,5,12,11,17,7,15,17,0,3,10,10,18,3,15,3,0,0,5,7,0,10,17,0,0,0,6,7,7,15,24
0,0,0,0,0,0,0,0,3,0,1,7,0,3,13,0,13,25,15,13,18,13,15,0,7,13,3,5,24,10,13,0,0,5,12,11,17,7,15,0,0,3,10,10,18,3,15,0,0,0,5,7,0,10,17,0,0,0,6,7,7,15,24,0
0,13,3,0,1,7,0,3,0,15,13,25,15,13,18,13,0,7,7,13,3,5,24,10,0,10,0,5,12,11,17,7,0,17,0,3,10,10,18,3,0,3,0,0,5,7,0,10,0,0,0,0,6,7,7,15,0,15,20,24,28,31,28,26
13,3,0,1,7,0,3,13,15,13,25,15,13,18,13,15,7,7,13,3,5,24,10,13,10,0,5,12,11,17,7,15,17,0,3,10,10,18,3,15,3,0,0,5,7,0,10,17,0,0,0,6,7,7,15,24,15,20,24,28,31,28,26,31
3,0,1,7,0,3,13,0,13,25,15,13,18,13,15,0,7,13,3,5,24,10,13,0,0,5,12,11,17,7,15,0,0,3,10,10,18,3,15,0,0,0,5,7,0,10,17,0,0,0,6,7,7,15,24,0,20,24,28,31,28,26,31,0
0,15,13,25,15,13,18,13,0,7,7,13,3,5,24,10,0,10,0,5,12,11,17,7,0,17,0,3,10,10,18,3,0,3,0,0,5,7,0,10,0,0,0,0,6,7,7,15,0,15,20,24,28,31,28,26,0,0,0,0,0,0,0,0
15,13,25,15,13,18,13,15,7,7,13,3,5,24,10,13,10,0,5,12,11,17,7,15,17,0,3,10,10,18,3,15,3,0,0,5,7,0,10,17,0,0,0,6,7,7,15,24,15,20,24,28,31,28,26,31,0,0,0,0,0,0,0,0
13,25,15,13,18,13,15,0,7,13,3,5,24,10,13,0,0,5,12,11,17,7,15,0,0,3,10,10,18,3,15,0,0,0,5,7,0,10,17,0,0,0,6,7,7,15,24,0,20,24,28,31,28,26,31,0,0,0,0,0,0,0,0,0
0,0,0,0,0,0,0,0,0,0,0,0,0,0,0,0,0,0,0,0,0,0,0,0,0,0,0,0,0,0,0,0,0,0,0,0,0,0,0,0,0,0,0,0,0,0,0,0,0,0,0,0,0,0,0,0,0,0,0,0,0,0,0,0
0,0,0,0,0,0,0,0,0,0,0,0,0,0,0,0,0,0,0,0,0,0,0,0,0,0,0,0,0,0,0,0,0,0,0,0,0,0,0,0,0,0,0,0,0,0,0,0,0,0,0,0,0,0,0,0,0,0,0,0,0,0,0,0
0,0,0,0,0,0,0,0,0,0,0,0,0,0,0,0,0,0,0,0,0,0,0,0,0,0,0,0,0,0,0,0,0,0,0,0,0,0,0,0,0,0,0,0,0,0,0,0,0,0,0,0,0,0,0,0,0,0,0,0,0,0,0,0
0,0,0,0,0,0,0,0,0,0,0,0,0,0,0,0,0,0,0,0,0,0,0,0,0,0,0,0,0,0,0,0,0,0,0,0,0,0,0,0,0,0,0,0,0,0,0,0,0,0,0,0,0,0,0,0,0,0,0,0,0,0,0,0
0,0,0,0,0,0,0,0,0,0,0,0,0,0,0,0,0,0,0,0,0,0,0,0,0,0,0,0,0,0,0,0,0,0,0,0,0,0,0,0,0,0,0,0,0,0,0,0,0,0,0,0,0,0,0,0,0,0,0,0,0,0,0,0
0,0,0,0,0,0,0,0,0,0,0,0,0,0,0,0,0,0,0,0,0,0,0,0,0,0,0,0,0,0,0,0,0,0,0,0,0,0,0,0,0,0,0,0,0,0,0,0,0,0,0,0,0,0,0,0,0,0,0,0,0,0,0,0
0,0,0,0,0,0,0,0,0,0,0,0,0,0,0,0,0,0,0,0,0,0,0,0,0,0,0,0,0,0,0,0,0,0,0,0,0,0,0,0,0,0,0,0,0,0,0,0,0,0,0,0,0,0,0,0,0,0,0,0,0,0,0,0
0,0,0,0,0,0,0,0,0,0,0,0,0,0,0,0,0,0,0,0,0,0,0,0,0,0,0,0,0,0,0,0,0,0,0,0,0,0,0,0,0,0,0,0,0,0,0,0,0,0,0,0,0,0,0,0,0,0,0,0,0,0,0,0
0,0,0,0,0,0,0,0,0,0,0,0,0,0,0,0,0,0,0,0,0,0,0,0,0,0,0,0,0,0,0,0,0,0,0,0,0,0,0,0,0,0,0,0,0,0,0,0,0,0,0,0,0,0,0,0,0,0,0,0,0,0,0,0
0,0,0,0,0,0,0,0,0,27,24,25,24,22,23,31,0,28,25,12,11,14,11,18,0,27,22,17,20,21,26,30,0,26,15,21,24,15,21,21,0,27,13,20,19,15,25,20,0,30,18,14,18,12,18,18,0,20,19,13,23,18,17,25
0,0,0,0,0,0,0,0,27,24,25,24,22,23,31,23,28,25,12,11,14,11,18,11,27,22,17,20,21,26,30,13,26,15,21,24,15,21,21,14,27,13,20,19,15,25,20,18,30,18,14,18,12,18,18,15,20,19,13,23,18,17,25,14
0,0,0,0,0,0,0,0,24,25,24,22,23,31,23,0,25,12,11,14,11,18,11,0,22,17,20,21,26,30,13,0,15,21,24,15,21,21,14,0,13,20,19,15,25,20,18,0,18,14,18,12,18,18,15,0,19,13,23,18,17,25,14,0
0,27,24,25,24,22,23,31,0,28,25,12,11,14,11,18,0,27,22,17,20,21,26,30,0,26,15,21,24,15,21,21,0,27,13,20,19,15,25,20,0,30,18,14,18,12,18,18,0,20,19,13,23,18,17,25,0,10,0,0,0,0,0,3
27,24,25,24,22,23,31,23,28,25,12,11,14,11,18,11,27,22,17,20,21,26,30,13,26,15,21,24,15,21,21,14,27,13,20,19,15,25,20,18,30,18,14,18,12,18,18,15,20,19,13,23,18,17,25,14,10,0,0,0,0,0,3,0
24,25,24,22,23,31,23,0,25,12,11,14,11,18,11,0,22,17,20,21,26,30,13,0,15,21,24,15,21,21,14,0,13,20,19,15,25,20,18,0,18,14,18,12,18,18,15,0,19,13,23,18,17,25,14,0,0,0,0,0,0,3,0,0
0,28,25,12,11,14,11,18,0,27,22,17,20,21,26,30,0,26,15,21,24,15,21,21,0,27,13,20,19,15,25,20,0,30,18,14,18,12,18,18,0,20,19,13,23,18,17,25,0,10,0,0,0,0,0,3,0,0,0,0,0,0,0,0
28,25,12,11,14,11,18,11,27,22,17,20,21,26,30,13,26,15,21,24,15,21,21,14,27,13,20,19,15,25,20,18,30,18,14,18,12,18,18,15,20,19,13,23,18,17,25,14,10,0,0,0,0,0,3,0,0,0,0,0,0,0,0,0
25,12,11,14,11,18,11,0,22,17,20,21,26,30,13,0,15,21,24,15,21,21,14,0,13,20,19,15,25,20,18,0,18,14,18,12,18,18,15,0,19,13,23,18,17,25,14,0,0,0,0,0,0,3,0,0,0,0,0,0,0,0,0,0
0,0,0,0,0,0,0,0,0,0,0,0,0,0,0,0,0,0,0,0,0,0,0,0,0,0,0,0,0,0,0,0,0,0,0,0,0,0,0,0,0,0,0,0,0,0,0,0,0,0,0,0,0,0,0,0,0,0,0,0,0,0,0,0
0,0,0,0,0,0,0,0,0,0,0,0,0,0,0,0,0,0,0,0,0,0,0,0,0,0,0,0,0,0,0,0,0,0,0,0,0,0,0,0,0,0,0,0,0,0,0,0,0,0,0,0,0,0,0,0,0,0,0,0,0,0,0,0
0,0,0,0,0,0,0,0,0,0,0,0,0,0,0,0,0,0,0,0,0,0,0,0,0,0,0,0,0,0,0,0,0,0,0,0,0,0,0,0,0,0,0,0,0,0,0,0,0,0,0,0,0,0,0,0,0,0,0,0,0,0,0,0
0,0,0,0,0,0,0,0,0,0,0,0,0,0,0,0,0,0,0,0,0,0,0,0,0,0,0,0,0,0,0,0,0,0,0,0,0,0,0,0,0,0,0,0,0,0,0,0,0,0,0,0,0,0,0,0,0,0,0,0,0,0,0,0
0,0,0,0,0,0,0,0,0,0,0,0,0,0,0,0,0,0,0,0,0,0,0,0,0,0,0,0,0,0,0,0,0,0,0,0,0,0,0,0,0,0,0,0,0,0,0,0,0,0,0,0,0,0,0,0,0,0,0,0,0,0,0,0
0,0,0,0,0,0,0,0,0,0,0,0,0,0,0,0,0,0,0,0,0,0,0,0,0,0,0,0,0,0,0,0,0,0,0,0,0,0,0,0,0,0,0,0,0,0,0,0,0,0,0,0,0,0,0,0,0,0,0,0,0,0,0,0
0,0,0,0,0,0,0,0,0,0,0,0,0,0,0,0,0,0,0,0,0,0,0,0,0,0,0,0,0,0,0,0,0,0,0,0,0,0,0,0,0,0,0,0,0,0,0,0,0,0,0,0,0,0,0,0,0,0,0,0,0,0,0,0
0,0,0,0,0,0,0,0,0,0,0,0,0,0,0,0,0,0,0,0,0,0,0,0,0,0,0,0,0,0,0,0,0,0,0,0,0,0,0,0,0,0,0,0,0,0,0,0,0,0,0,0,0,0,0,0,0,0,0,0,0,0,0,0
0,0,0,0,0,0,0,0,0,0,0,0,0,0,0,0,0,0,0,0,0,0,0,0,0,0,0,0,0,0,0,0,0,0,0,0,0,0,0,0,0,0,0,0,0,0,0,0,0,0,0,0,0,0,0,0,0,0,0,0,0,0,0,0
0,0,0,0,0,0,0,0,0,0,0,0,0,0,0,0,0,0,0,0,0,0,0,0,0,0,0,0,0,0,0,0,0,0,0,0,0,0,0,0,0,0,0,0,0,0,0,0,0,0,0,0,0,0,0,0,0,0,0,0,0,0,0,0
0,0,0,0,0,0,0,0,0,0,0,0,0,0,0,0,0,0,0,0,0,0,0,0,0,0,0,0,0,0,0,0,0,0,0,0,0,0,0,0,0,0,0,0,0,0,0,0,0,0,0,0,0,0,0,0,0,0,0,0,0,0,0,0
0,0,0,0,0,0,0,0,0,0,0,0,0,0,0,0,0,0,0,0,0,0,0,0,0,0,0,0,0,0,0,0,0,0,0,0,0,0,0,0,0,0,0,0,0,0,0,0,0,0,0,0,0,0,0,0,0,0,0,0,0,0,0,0
0,0,0,0,0,0,0,0,0,0,0,0,0,0,0,0,0,0,0,0,0,0,0,0,0,0,0,0,0,0,0,0,0,0,0,0,0,0,0,0,0,0,0,0,0,0,0,0,0,0,0,0,0,0,0,0,0,0,0,0,0,0,0,0
0,0,0,0,0,0,0,0,0,0,0,0,0,0,0,0,0,0,0,0,0,0,0,0,0,0,0,0,0,0,0,0,0,0,0,0,0,0,0,0,0,0,0,0,0,0,0,0,0,0,0,0,0,0,0,0,0,0,0,0,0,0,0,0
0,0,0,0,0,0,0,0,0,0,0,0,0,0,0,0,0,0,0,0,0,0,0,0,0,0,0,0,0,0,0,0,0,0,0,0,0,0,0,0,0,0,0,0,0,0,0,0,0,0,0,0,0,0,0,0,0,0,0,0,0,0,0,0
0,0,0,0,0,0,0,0,0,0,0,0,0,0,0,0,0,0,0,0,0,0,0,0,0,0,0,0,0,0,0,0,0,0,0,0,0,0,0,0,0,0,0,0,0,0,0,0,0,0,0,0,0,0,0,0,0,0,0,0,0,0,0,0
0,0,0,0,0,0,0,0,0,0,0,0,0,0,0,0,0,0,0,0,0,0,0,0,0,0,0,0,0,0,0,0,0,0,0,0,0,0,0,0,0,0,0,0,0,0,0,0,0,0,0,0,0,0,0,0,0,0,0,0,0,0,0,0
0,0,0,0,0,0,0,0,0,0,0,0,0,0,0,0,0,0,0,0,0,0,0,0,0,0,0,0,0,0,0,0,0,0,0,0,0,0,0,0,0,0,0,0,0,0,0,0,0,0,0,0,0,0,0,0,0,0,0,0,0,0,0,0
0,0,0,0,0,0,0,0,0,7,3,3,1,6,11,12,0,15,10,9,18,25,19,17,0,13,0,12,12,11,17,19,0,11,0,0,3,15,11,23,0,5,0,3,11,15,11,18,0,0,0,0,9,11,13,7,0,3,0,0,5,7,1,3
0,0,0,0,0,0,0,0,7,3,3,1,6,11,12,15,15,10,9,18,25,19,17,27,13,0,12,12,11,17,19,24,11,0,0,3,15,11,23,20,5,0,3,11,15,11,18,18,0,0,0,9,11,13,7,14,3,0,0,5,7,1,3,9
0,0,0,0,0,0,0,0,3,3,1,6,11,12,15,0,10,9,18,25,19,17,27,0,0,12,12,11,17,19,24,0,0,0,3,15,11,23,20,0,0,3,11,15,11,18,18,0,0,0,9,11,13,7,14,0,0,0,5,7,1,3,9,0
0,7,3,3,1,6,11,12,0,15,10,9,18,25,19,17,0,13,0,12,12,11,17,19,0,11,0,0,3,15,11,23,0,5,0,3,11,15,11,18,0,0,0,0,9,11,13,7,0,3,0,0,5,7,1,3,0,13,26,31,28,25,26,25
7,3,3,1,6,11,12,15,15,10,9,18,25,19,17,27,13,0,12,12,11,17,19,24,11,0,0,3,15,11,23,20,5,0,3,11,15,11,18,18,0,0,0,9,11,13,7,14,3,0,0,5,7,1,3,9,13,26,31,28,25,26,25,22
3,3,1,6,11,12,15,0,10,9,18,25,19,17,27,0,0,12,12,11,17,19,24,0,0,0,3,15,11,23,20,0,0,3,11,15,11,18,18,0,0,0,9,11,13,7,14,0,0,0,5,7,1,3,9,0,26,31,28,25,26,25,22,0
0,15,10,9,18,25,19,17,0,13,0,12,12,11,17,19,0,11,0,0,3,15,11,23,0,5,0,3,11,15,11,18,0,0,0,0,9,11,13,7,0,3,0,0,5,7,1,3,0,13,26,31,28,25,26,25,0,0,0,0,0,0,0,0
15,10,9,18,25,19,17,27,13,0,12,12,11,17,19,24,11,0,0,3,15,11,23,20,5,0,3,11,15,11,18,18,0,0,0,9,11,13,7,14,3,0,0,5,7,1,3,9,13,26,31,28,25,26,25,22,0,0,0,0,0,0,0,0
10,9,18,25,19,17,27,0,0,12,12,11,17,19,24,0,0,0,3,15,11,23,20,0,0,3,11,15,11,18,18,0,0,0,9,11,13,7,14,0,0,0,5,7,1,3,9,0,26,31,28,25,26,25,22,0,0,0,0,0,0,0,0,0
0,0,0,0,0,0,0,0,0,44,39,37,34,36,37,34,0,37,31,41,33,36,40,35,0,34,33,35,37,34,35,38,0,41,28,28,46,37,39,36,0,34,36,40,49,37,50,36,0,41,41,40,46,38,41,41,0,37,56,33,39,36,42,37
0,0,0,0,0,0,0,0,44,39,37,34,36,37,34,28,37,31,41,33,36,40,35,31,34,33,35,37,34,35,38,31,41,28,28,46,37,39,36,34,34,36,40,49,37,50,36,31,41,41,40,46,38,41,41,38,37,56,33,39,36,42,37,36
0,0,0,0,0,0,0,0,39,37,34,36,37,34,28,0,31,41,33,36,40,35,31,0,33,35,37,34,35,38,31,0,28,28,46,37,39,36,34,0,36,40,49,37,50,36,31,0,41,40,46,38,41,41,38,0,56,33,39,36,42,37,36,0
0,44,39,37,34,36,37,34,0,37,31,41,33,36,40,35,0,34,33,35,37,34,35,38,0,41,28,28,46,37,39,36,0,34,36,40,49,37,50,36,0,41,41,40,46,38,41,41,0,37,56,33,39,36,42,37,0,38,50,47,51,50,48,46
44,39,37,34,36,37,34,28,37,31,41,33,36,40,35,31,34,33,35,37,34,35,38,31,41,28,28,46,37,39,36,34,34,36,40,49,37,50,36,31,41,41,40,46,38,41,41,38,37,56,33,39,36,42,37,36,38,50,47,51,50,48,46,43
39,37,34,36,37,34,28,0,31,41,33,36,40,35,31,0,33,35,37,34,35,38,31,0,28,28,46,37,39,36,34,0,36,40,49,37,50,36,31,0,41,40,46,38,41,41,38,0,56,33,39,36,42,37,36,0,50,47,51,50,48,46,43,0
0,37,31,41,33,36,40,35,0,34,33,35,37,34,35,38,0,41,28,28,46,37,39,36,0,34,36,40,49,37,50,36,0,41,41,40,46,38,41,41,0,37,56,33,39,36,42,37,0,38,50,47,51,50,48,46,0,0,0,0,0,0,0,0
37,31,41,33,36,40,35,31,34,33,35,37,34,35,38,31,41,28,28,46,37,39,36,34,34,36,40,49,37,50,36,31,41,41,40,46,38,41,41,38,37,56,33,39,36,42,37,36,38,50,47,51,50,48,46,43,0,0,0,0,0,0,0,0
31,41,33,36,40,35,31,0,33,35,37,34,35,38,31,0,28,28,46,37,39,36,34,0,36,40,49,37,50,36,31,0,41,40,46,38,41,41,38,0,56,33,39,36,42,37,36,0,50,47,51,50,48,46,43,0,0,0,0,0,0,0,0,0
0,0,0,0,0,0,0,0,0,23,28,28,31,27,26,28,0,12,15,9,15,15,9,12,0,12,14,12,10,9,10,3,0,7,15,7,12,13,6,5,0,11,6,18,11,15,15,10,0,15,7,28,7,10,3,7,0,19,10,15,1,5,9,7
0,0,0,0,0,0,0,0,23,28,28,31,27,26,28,31,12,15,9,15,15,9,12,20,12,14,12,10,9,10,3,21,7,15,7,12,13,6,5,15,11,6,18,11,15,15,10,21,15,7,28,7,10,3,7,19,19,10,15,1,5,9,7,15
0,0,0,0,0,0,0,0,28,28,31,27,26,28,31,0,15,9,15,15,9,12,20,0,14,12,10,9,10,3,21,0,15,7,12,13,6,5,15,0,6,18,11,15,15,10,21,0,7,28,7,10,3,7,19,0,10,15,1,5,9,7,15,0
0,23,28,28,31,27,26,28,0,12,15,9,15,15,9,12,0,12,14,12,10,9,10,3,0,7,15,7,12,13,6,5,0,11,6,18,11,15,15,10,0,15,7,28,7,10,3,7,0,19,10,15,1,5,9,7,0,7,0,0,3,5,3,3
23,28,28,31,27,26,28,31,12,15,9,15,15,9,12,20,12,14,12,10,9,10,3,21,7,15,7,12,13,6,5,15,11,6,18,11,15,15,10,21,15,7,28,7,10,3,7,19,19,10,15,1,5,9,7,15,7,0,0,3,5,3,3,11
28,28,31,27,26,28,31,0,15,9,15,15,9,12,20,0,14,12,10,9,10,3,21,0,15,7,12,13,6,5,15,0,6,18,11,15,15,10,21,0,7,28,7,10,3,7,19,0,10,15,1,5,9,7,15,0,0,0,3,5,3,3,11,0
0,12,15,9,15,15,9,12,0,12,14,12,10,9,10,3,0,7,15,7,12,13,6,5,0,11,6,18,11,15,15,10,0,15,7,28,7,10,3,7,0,19,10,15,1,5,9,7,0,7,0,0,3,5,3,3,0,0,0,0,0,0,0,0
12,15,9,15,15,9,12,20,12,14,12,10,9,10,3,21,7,15,7,12,13,6,5,15,11,6,18,11,15,15,10,21,15,7,28,7,10,3,7,19,19,10,15,1,5,9,7,15,7,0,0,3,5,3,3,11,0,0,0,0,0,0,0,0
15,9,15,15,9,12,20,0,14,12,10,9,10,3,21,0,15,7,12,13,6,5,15,0,6,18,11,15,15,10,21,0,7,28,7,10,3,7,19,0,10,15,1,5,9,7,15,0,0,0,3,5,3,3,11,0,0,0,0,0,0,0,0,0
0,0,0,0,0,0,0,0,0,19,15,9,10,17,11,10,0,17,17,15,7,17,15,15,0,18,17,15,18,14,13,10,0,17,20,15,21,7,10,11,0,28,15,20,18,7,19,10,0,15,15,25,26,22,17,7,0,31,19,30,18,20,15,17
0,0,0,0,0,0,0,0,19,15,9,10,17,11,10,24,17,17,15,7,17,15,15,23,18,17,15,18,14,13,10,14,17,20,15,21,7,10,11,14,28,15,20,18,7,19,10,13,15,15,25,26,22,17,7,7,31,19,30,18,20,15,17,14
0,0,0,0,0,0,0,0,15,9,10,17,11,10,24,0,17,15,7,17,15,15,23,0,17,15,18,14,13,10,14,0,20,15,21,7,10,11,14,0,15,20,18,7,19,10,13,0,15,25,26,22,17,7,7,0,19,30,18,20,15,17,14,0
0,19,15,9,10,17,11,10,0,17,17,15,7,17,15,15,0,18,17,15,18,14,13,10,0,17,20,15,21,7,10,11,0,28,15,20,18,7,19,10,0,15,15,25,26,22,17,7,0,31,19,30,18,20,15,17,0,20,13,9,0,0,0,0
19,15,9,10,17,11,10,24,17,17,15,7,17,15,15,23,18,17,15,18,14,13,10,14,17,20,15,21,7,10,11,14,28,15,20,18,7,19,10,13,15,15,25,26,22,17,7,7,31,19,30,18,20,15,17,14,20,13,9,0,0,0,0,3
15,9,10,17,11,10,24,0,17,15,7,17,15,15,23,0,17,15,18,14,13,10,14,0,20,15,21,7,10,11,14,0,15,20,18,7,19,10,13,0,15,25,26,22,17,7,7,0,19,30,18,20,15,17,14,0,13,9,0,0,0,0,3,0
0,17,17,15,7,17,15,15,0,18,17,15,18,14,13,10,0,17,20,15,21,7,10,11,0,28,15,20,18,7,19,10,0,15,15,25,26,22,17,7,0,31,19,30,18,20,15,17,0,20,13,9,0,0,0,0,0,0,0,0,0,0,0,0
17,17,15,7,17,15,15,23,18,17,15,18,14,13,10,14,17,20,15,21,7,10,11,14,28,15,20,18,7,19,10,13,15,15,25,26,22,17,7,7,31,19,30,18,20,15,17,14,20,13,9,0,0,0,0,3,0,0,0,0,0,0,0,0
17,15,7,17,15,15,23,0,17,15,18,14,13,10,14,0,20,15,21,7,10,11,14,0,15,20,18,7,19,10,13,0,15,25,26,22,17,7,7,0,19,30,18,20,15,17,14,0,13,9,0,0,0,0,3,0,0,0,0,0,0,0,0,0
0,0,0,0,0,0,0,0,0,0,0,0,0,0,0,0,0,0,0,0,0,0,0,0,0,0,0,0,0,0,0,0,0,0,0,0,0,0,0,0,0,0,0,0,0,0,0,0,0,0,0,0,0,0,0,0,0,0,0,0,0,0,0,0
0,0,0,0,0,0,0,0,0,0,0,0,0,0,0,0,0,0,0,0,0,0,0,0,0,0,0,0,0,0,0,0,0,0,0,0,0,0,0,0,0,0,0,0,0,0,0,0,0,0,0,0,0,0,0,0,0,0,0,0,0,0,0,0
0,0,0,0,0,0,0,0,0,0,0,0,0,0,0,0,0,0,0,0,0,0,0,0,0,0,0,0,0,0,0,0,0,0,0,0,0,0,0,0,0,0,0,0,0,0,0,0,0,0,0,0,0,0,0,0,0,0,0,0,0,0,0,0
0,0,0,0,0,0,0,0,0,0,0,0,0,0,0,0,0,0,0,0,0,0,0,0,0,0,0,0,0,0,0,0,0,0,0,0,0,0,0,0,0,0,0,0,0,0,0,0,0,0,0,0,0,0,0,0,0,0,0,0,0,0,0,0
0,0,0,0,0,0,0,0,0,0,0,0,0,0,0,0,0,0,0,0,0,0,0,0,0,0,0,0,0,0,0,0,0,0,0,0,0,0,0,0,0,0,0,0,0,0,0,0,0,0,0,0,0,0,0,0,0,0,0,0,0,0,0,0
0,0,0,0,0,0,0,0,0,0,0,0,0,0,0,0,0,0,0,0,0,0,0,0,0,0,0,0,0,0,0,0,0,0,0,0,0,0,0,0,0,0,0,0,0,0,0,0,0,0,0,0,0,0,0,0,0,0,0,0,0,0,0,0
0,0,0,0,0,0,0,0,0,0,0,0,0,0,0,0,0,0,0,0,0,0,0,0,0,0,0,0,0,0,0,0,0,0,0,0,0,0,0,0,0,0,0,0,0,0,0,0,0,0,0,0,0,0,0,0,0,0,0,0,0,0,0,0
0,0,0,0,0,0,0,0,0,0,0,0,0,0,0,0,0,0,0,0,0,0,0,0,0,0,0,0,0,0,0,0,0,0,0,0,0,0,0,0,0,0,0,0,0,0,0,0,0,0,0,0,0,0,0,0,0,0,0,0,0,0,0,0
0,0,0,0,0,0,0,0,0,0,0,0,0,0,0,0,0,0,0,0,0,0,0,0,0,0,0,0,0,0,0,0,0,0,0,0,0,0,0,0,0,0,0,0,0,0,0,0,0,0,0,0,0,0,0,0,0,0,0,0,0,0,0,0
0,0,0,0,0,0,0,0,0,0,0,0,0,0,0,0,0,0,0,0,0,0,0,0,0,0,0,3,0,0,0,0,0,0,0,0,3,0,7,0,0,0,0,0,3,0,0,0,0,0,0,0,7,0,0,0,0,0,0,7,0,6,0,0
0,0,0,0,0,0,0,0,0,0,0,0,0,0,0,0,0,0,0,0,0,0,0,0,0,0,3,0,0,0,0,0,0,0,0,3,0,7,0,0,0,0,0,3,0,0,0,0,0,0,0,7,0,0,0,0,0,0,7,0,6,0,0,0
0,0,0,0,0,0,0,0,0,0,0,0,0,0,0,0,0,0,0,0,0,0,0,0,0,3,0,0,0,0,0,0,0,0,3,0,7,0,0,0,0,0,3,0,0,0,0,0,0,0,7,0,0,0,0,0,0,7,0,6,0,0,0,0
0,0,0,0,0,0,0,0,0,0,0,0,0,0,0,0,0,0,0,3,0,0,0,0,0,0,0,0,3,0,7,0,0,0,0,0,3,0,0,0,0,0,0,0,7,0,0,0,0,0,0,7,0,6,0,0,0,0,5,11,10,1,1,0
0,0,0,0,0,0,0,0,0,0,0,0,0,0,0,0,0,0,3,0,0,0,0,0,0,0,0,3,0,7,0,0,0,0,0,3,0,0,0,0,0,0,0,7,0,0,0,0,0,0,7,0,6,0,0,0,0,5,11,10,1,1,0,0
0,0,0,0,0,0,0,0,0,0,0,0,0,0,0,0,0,3,0,0,0,0,0,0,0,0,3,0,7,0,0,0,0,0,3,0,0,0,0,0,0,0,7,0,0,0,0,0,0,7,0,6,0,0,0,0,5,11,10,1,1,0,0,0
0,0,0,0,0,0,0,0,0,0,0,3,0,0,0,0,0,0,0,0,3,0,7,0,0,0,0,0,3,0,0,0,0,0,0,0,7,0,0,0,0,0,0,7,0,6,0,0,0,0,5,11,10,1,1,0,0,0,0,0,0,0,0,0
0,0,0,0,0,0,0,0,0,0,3,0,0,0,0,0,0,0,0,3,0,7,0,0,0,0,0,3,0,0,0,0,0,0,0,7,0,0,0,0,0,0,7,0,6,0,0,0,0,5,11,10,1,1,0,0,0,0,0,0,0,0,0,0
0,0,0,0,0,0,0,0,0,3,0,0,0,0,0,0,0,0,3,0,7,0,0,0,0,0,3,0,0,0,0,0,0,0,7,0,0,0,0,0,0,7,0,6,0,0,0,0,5,11,10,1,1,0,0,0,0,0,0,0,0,0,0,0
0,0,0,0,0,0,0,0,0,14,7,3,1,6,1,1,0,3,0,0,0,0,0,0,0,0,0,0,0,0,0,0,0,0,0,0,0,0,0,0,0,3,0,0,0,0,0,0,0,0,0,0,0,0,0,0,0,10,0,0,0,0,0,0
0,0,0,0,0,0,0,0,14,7,3,1,6,1,1,5,3,0,0,0,0,0,0,0,0,0,0,0,0,0,0,0,0,0,0,0,0,0,0,0,3,0,0,0,0,0,0,0,0,0,0,0,0,0,0,0,10,0,0,0,0,0,0,0
0,0,0,0,0,0,0,0,7,3,1,6,1,1,5,0,0,0,0,0,0,0,0,0,0,0,0,0,0,0,0,0,0,0,0,0,0,0,0,0,0,0,0,0,0,0,0,0,0,0,0,0,0,0,0,0,0,0,0,0,0,0,0,0
0,14,7,3,1,6,1,1,0,3,0,0,0,0,0,0,0,0,0,0,0,0,0,0,0,0,0,0,0,0,0,0,0,3,0,0,0,0,0,0,0,0,0,0,0,0,0,0,0,10,0,0,0,0,0,0,0,0,0,0,0,0,0,0
14,7,3,1,6,1,1,5,3,0,0,0,0,0,0,0,0,0,0,0,0,0,0,0,0,0,0,0,0,0,0,0,3,0,0,0,0,0,0,0,0,0,0,0,0,0,0,0,10,0,0,0,0,0,0,0,0,0,0,0,0,0,0,0
7,3,1,6,1,1,5,0,0,0,0,0,0,0,0,0,0,0,0,0,0,0,0,0,0,0,0,0,0,0,0,0,0,0,0,0,0,0,0,0,0,0,0,0,0,0,0,0,0,0,0,0,0,0,0,0,0,0,0,0,0,0,0,0
0,3,0,0,0,0,0,0,0,0,0,0,0,0,0,0,0,0,0,0,0,0,0,0,0,3,0,0,0,0,0,0,0,0,0,0,0,0,0,0,0,10,0,0,0,0,0,0,0,0,0,0,0,0,0,0,0,0,0,0,0,0,0,0
3,0,0,0,0,0,0,0,0,0,0,0,0,0,0,0,0,0,0,0,0,0,0,0,3,0,0,0,0,0,0,0,0,0,0,0,0,0,0,0,10,0,0,0,0,0,0,0,0,0,0,0,0,0,0,0,0,0,0,0,0,0,0,0
0,0,0,0,0,0,0,0,0,0,0,0,0,0,0,0,0,0,0,0,0,0,0,0,0,0,0,0,0,0,0,0,0,0,0,0,0,0,0,0,0,0,0,0,0,0,0,0,0,0,0,0,0,0,0,0,0,0,0,0,0,0,0,0
0,0,0,0,0,0,0,0,0,0,0,0,0,0,0,0,0,11,10,0,5,0,0,0,0,9,0,11,3,0,0,0,0,0,0,6,6,0,0,0,0,9,3,6,6,3,7,10,0,11,3,13,5,13,12,5,0,7,10,15,7,6,6,1
0,0,0,0,0,0,0,0,0,0,0,0,0,0,0,0,11,10,0,5,0,0,0,0,9,0,11,3,0,0,0,0,0,0,6,6,0,0,0,5,9,3,6,6,3,7,10,0,11,3,13,5,13,12,5,0,7,10,15,7,6,6,1,0
0,0,0,0,0,0,0,0,0,0,0,0,0,0,0,0,10,0,5,0,0,0,0,0,0,11,3,0,0,0,0,0,0,6,6,0,0,0,5,0,3,6,6,3,7,10,0,0,3,13,5,13,12,5,0,0,10,15,7,6,6,1,0,0
0,0,0,0,0,0,0,0,0,11,10,0,5,0,0,0,0,9,0,11,3,0,0,0,0,0,0,6,6,0,0,0,0,9,3,6,6,3,7,10,0,11,3,13,5,13,12,5,0,7,10,15,7,6,6,1,0,0,12,14,10,7,10,10
0,0,0,0,0,0,0,0,11,10,0,5,0,0,0,0,9,0,11,3,0,0,0,0,0,0,6,6,0,0,0,5,9,3,6,6,3,7,10,0,11,3,13,5,13,12,5,0,7,10,15,7,6,6,1,0,0,12,14,10,7,10,10,7
0,0,0,0,0,0,0,0,10,0,5,0,0,0,0,0,0,11,3,0,0,0,0,0,0,6,6,0,0,0,5,0,3,6,6,3,7,10,0,0,3,13,5,13,12,5,0,0,10,15,7,6,6,1,0,0,12,14,10,7,10,10,7,0
0,11,10,0,5,0,0,0,0,9,0,11,3,0,0,0,0,0,0,6,6,0,0,0,0,9,3,6,6,3,7,10,0,11,3,13,5,13,12,5,0,7,10,15,7,6,6,1,0,0,12,14,10,7,10,10,0,0,0,0,0,0,0,0
11,10,0,5,0,0,0,0,9,0,11,3,0,0,0,0,0,0,6,6,0,0,0,5,9,3,6,6,3,7,10,0,11,3,13,5,13,12,5,0,7,10,15,7,6,6,1,0,0,12,14,10,7,10,10,7,0,0,0,0,0,0,0,0
10,0,5,0,0,0,0,0,0,11,3,0,0,0,0,0,0,6,6,0,0,0,5,0,3,6,6,3,7,10,0,0,3,13,5,13,12,5,0,0,10,15,7,6,6,1,0,0,12,14,10,7,10,10,7,0,0,0,0,0,0,0,0,0
0,0,0,0,0,0,0,0,0,34,33,34,28,28,30,28,0,31,35,28,35,31,31,31,0,28,21,21,14,30,27,20,0,30,30,30,21,30,28,25,0,38,33,27,28,28,25,24,0,37,24,17,24,26,28,20,0,41,24,36,28,28,27,17
0,0,0,0,0,0,0,0,34,33,34,28,28,30,28,27,31,35,28,35,31,31,31,28,28,21,21,14,30,27,20,36,30,30,30,21,30,28,25,36,38,33,27,28,28,25,24,25,37,24,17,24,26,28,20,21,41,24,36,28,28,27,17,28
0,0,0,0,0,0,0,0,33,34,28,28,30,28,27,0,35,28,35,31,31,31,28,0,21,21,14,30,27,20,36,0,30,30,21,30,28,25,36,0,33,27,28,28,25,24,25,0,24,17,24,26,28,20,21,0,24,36,28,28,27,17,28,0
0,34,33,34,28,28,30,28,0,31,35,28,35,31,31,31,0,28,21,21,14,30,27,20,0,30,30,30,21,30,28,25,0,38,33,27,28,28,25,24,0,37,24,17,24,26,28,20,0,41,24,36,28,28,27,17,0,45,43,46,40,37,36,37
34,33,34,28,28,30,28,27,31,35,28,35,31,31,31,28,28,21,21,14,30,27,20,36,30,30,30,21,30,28,25,36,38,33,27,28,28,25,24,25,37,24,17,24,26,28,20,21,41,24,36,28,28,27,17,28,45,43,46,40,37,36,37,39
33,34,28,28,30,28,27,0,35,28,35,31,31,31,28,0,21,21,14,30,27,20,36,0,30,30,21,30,28,25,36,0,33,27,28,28,25,24,25,0,24,17,24,26,28,20,21,0,24,36,28,28,27,17,28,0,43,46,40,37,36,37,39,0
0,31,35,28,35,31,31,31,0,28,21,21,14,30,27,20,0,30,30,30,21,30,28,25,0,38,33,27,28,28,25,24,0,37,24,17,24,26,28,20,0,41,24,36,28,28,27,17,0,45,43,46,40,37,36,37,0,0,0,0,0,0,0,0
31,35,28,35,31,31,31,28,28,21,21,14,30,27,20,36,30,30,30,21,30,28,25,36,38,33,27,28,28,25,24,25,37,24,17,24,26,28,20,21,41,24,36,28,28,27,17,28,45,43,46,40,37,36,37,39,0,0,0,0,0,0,0,0
35,28,35,31,31,31,28,0,21,21,14,30,27,20,36,0,30,30,21,30,28,25,36,0,33,27,28,28,25,24,25,0,24,17,24,26,28,20,21,0,24,36,28,28,27,17,28,0,43,46,40,37,36,37,39,0,0,0,0,0,0,0,0,0
0,0,0,0,0,0,0,0,0,24,30,24,23,28,26,24,0,35,34,28,28,33,22,31,0,21,40,28,26,45,25,35,0,13,34,28,25,37,19,26,0,18,31,31,25,27,27,26,0,30,24,21,23,27,31,37,0,28,24,25,20,22,23,28
0,0,0,0,0,0,0,0,24,30,24,23,28,26,24,30,35,34,28,28,33,22,31,28,21,40,28,26,45,25,35,28,13,34,28,25,37,19,26,28,18,31,31,25,27,27,26,22,30,24,21,23,27,31,37,22,28,24,25,20,22,23,28,19
0,0,0,0,0,0,0,0,30,24,23,28,26,24,30,0,34,28,28,33,22,31,28,0,40,28,26,45,25,35,28,0,34,28,25,37,19,26,28,0,31,31,25,27,27,26,22,0,24,21,23,27,31,37,22,0,24,25,20,22,23,28,19,0
0,24,30,24,23,28,26,24,0,35,34,28,28,33,22,31,0,21,40,28,26,45,25,35,0,13,34,28,25,37,19,26,0,18,31,31,25,27,27,26,0,30,24,21,23,27,31,37,0,28,24,25,20,22,23,28,0,18,14,17,12,7,11,9
24,30,24,23,28,26,24,30,35,34,28,28,33,22,31,28,21,40,28,26,45,25,35,28,13,34,28,25,37,19,26,28,18,31,31,25,27,27,26,22,30,24,21,23,27,31,37,22,28,24,25,20,22,23,28,19,18,14,17,12,7,11,9,13
30,24,23,28,26,24,30,0,34,28,28,33,22,31,28,0,40,28,26,45,25,35,28,0,34,28,25,37,19,26,28,0,31,31,25,27,27,26,22,0,24,21,23,27,31,37,22,0,24,25,20,22,23,28,19,0,14,17,12,7,11,9,13,0
0,35,34,28,28,33,22,31,0,21,40,28,26,45,25,35,0,13,34,28,25,37,19,26,0,18,31,31,25,27,27,26,0,30,24,21,23,27,31,37,0,28,24,25,20,22,23,28,0,18,14,17,12,7,11,9,0,0,0,0,0,0,0,0
35,34,28,28,33,22,31,28,21,40,28,26,45,25,35,28,13,34,28,25,37,19,26,28,18,31,31,25,27,27,26,22,30,24,21,23,27,31,37,22,28,24,25,20,22,23,28,19,18,14,17,12,7,11,9,13,0,0,0,0,0,0,0,0
34,28,28,33,22,31,28,0,40,28,26,45,25,35,28,0,34,28,25,37,19,26,28,0,31,31,25,27,27,26,22,0,24,21,23,27,31,37,22,0,24,25,20,22,23,28,19,0,14,17,12,7,11,9,13,0,0,0,0,0,0,0,0,0
0,0,0,0,0,0,0,0,0,15,25,27,33,24,27,28,0,28,35,40,44,38,42,46,0,30,46,33,37,28,35,44,0,35,39,25,31,37,39,41,0,28,31,36,34,31,35,40,0,31,49,47,34,41,37,37,0,35,35,37,31,34,40,35
0,0,0,0,0,0,0,0,15,25,27,33,24,27,28,24,28,35,40,44,38,42,46,35,30,46,33,37,28,35,44,28,35,39,25,31,37,39,41,31,28,31,36,34,31,35,40,31,31,49,47,34,41,37,37,28,35,35,37,31,34,40,35,24
0,0,0,0,0,0,0,0,25,27,33,24,27,28,24,0,35,40,44,38,42,46,35,0,46,33,37,28,35,44,28,0,39,25,31,37,39,41,31,0,31,36,34,31,35,40,31,0,49,47,34,41,37,37,28,0,35,37,31,34,40,35,24,0
0,15,25,27,33,24,27,28,0,28,35,40,44,38,42,46,0,30,46,33,37,28,35,44,0,35,39,25,31,37,39,41,0,28,31,36,34,31,35,40,0,31,49,47,34,41,37,37,0,35,35,37,31,34,40,35,0,38,37,41,34,38,38,38
15,25,27,33,24,27,28,24,28,35,40,44,38,42,46,35,30,46,33,37,28,35,44,28,35,39,25,31,37,39,41,31,28,31,36,34,31,35,40,31,31,49,47,34,41,37,37,28,35,35,37,31,34,40,35,24,38,37,41,34,38,38,38,27
25,27,33,24,27,28,24,0,35,40,44,38,42,46,35,0,46,33,37,28,35,44,28,0,39,25,31,37,39,41,31,0,31,36,34,31,35,40,31,0,49,47,34,41,37,37,28,0,35,37,31,34,40,35,24,0,37,41,34,38,38,38,27,0
0,28,35,40,44,38,42,46,0,30,46,33,37,28,35,44,0,35,39,25,31,37,39,41,0,28,31,36,34,31,35,40,0,31,49,47,34,41,37,37,0,35,35,37,31,34,40,35,0,38,37,41,34,38,38,38,0,0,0,0,0,0,0,0
28,35,40,44,38,42,46,35,30,46,33,37,28,35,44,28,35,39,25,31,37,39,41,31,28,31,36,34,31,35,40,31,31,49,47,34,41,37,37,28,35,35,37,31,34,40,35,24,38,37,41,34,38,38,38,27,0,0,0,0,0,0,0,0
35,40,44,38,42,46,35,0,46,33,37,28,35,44,28,0,39,25,31,37,39,41,31,0,31,36,34,31,35,40,31,0,49,47,34,41,37,37,28,0,35,37,31,34,40,35,24,0,37,41,34,38,38,38,27,0,0,0,0,0,0,0,0,0
0,0,0,0,0,0,0,0,0,10,13,12,15,17,11,10,0,22,13,19,14,14,17,9,0,20,17,22,9,18,7,13,0,25,14,22,12,22,6,22,0,24,20,14,22,13,3,11,0,28,25,18,24,15,12,14,0,23,26,11,10,12,11,13
0,0,0,0,0,0,0,0,10,13,12,15,17,11,10,0,22,13,19,14,14,17,9,0,20,17,22,9,18,7,13,0,25,14,22,12,22,6,22,0,24,20,14,22,13,3,11,0,28,25,18,24,15,12,14,0,23,26,11,10,12,11,13,0
0,0,0,0,0,0,0,0,13,12,15,17,11,10,0,0,13,19,14,14,17,9,0,0,17,22,9,18,7,13,0,0,14,22,12,22,6,22,0,0,20,14,22,13,3,11,0,0,25,18,24,15,12,14,0,0,26,11,10,12,11,13,0,0
0,10,13,12,15,17,11,10,0,22,13,19,14,14,17,9,0,20,17,22,9,18,7,13,0,25,14,22,12,22,6,22,0,24,20,14,22,13,3,11,0,28,25,18,24,15,12,14,0,23,26,11,10,12,11,13,0,12,11,14,11,13,11,7
10,13,12,15,17,11,10,0,22,13,19,14,14,17,9,0,20,17,22,9,18,7,13,0,25,14,22,12,22,6,22,0,24,20,14,22,13,3,11,0,28,25,18,24,15,12,14,0,23,26,11,10,12,11,13,0,12,11,14,11,13,11,7,6
13,12,15,17,11,10,0,0,13,19,14,14,17,9,0,0,17,22,9,18,7,13,0,0,14,22,12,22,6,22,0,0,20,14,22,13,3,11,0,0,25,18,24,15,12,14,0,0,26,11,10,12,11,13,0,0,11,14,11,13,11,7,6,0
0,22,13,19,14,14,17,9,0,20,17,22,9,18,7,13,0,25,14,22,12,22,6,22,0,24,20,14,22,13,3,11,0,28,25,18,24,15,12,14,0,23,26,11,10,12,11,13,0,12,11,14,11,13,11,7,0,0,0,0,0,0,0,0
22,13,19,14,14,17,9,0,20,17,22,9,18,7,13,0,25,14,22,12,22,6,22,0,24,20,14,22,13,3,11,0,28,25,18,24,15,12,14,0,23,26,11,10,12,11,13,0,12,11,14,11,13,11,7,6,0,0,0,0,0,0,0,0
13,19,14,14,17,9,0,0,17,22,9,18,7,13,0,0,14,22,12,22,6,22,0,0,20,14,22,13,3,11,0,0,25,18,24,15,12,14,0,0,26,11,10,12,11,13,0,0,11,14,11,13,11,7,6,0,0,0,0,0,0,0,0,0
0,0,0,0,0,0,0,0,0,9,9,3,11,0,1,7,0,0,0,0,0,0,0,0,0,0,0,0,0,0,0,0,0,0,0,0,0,0,0,0,0,0,0,0,0,0,0,0,0,0,0,0,0,0,0,0,0,1,0,0,0,0,0,0
0,0,0,0,0,0,0,0,9,9,3,11,0,1,7,5,0,0,0,0,0,0,0,0,0,0,0,0,0,0,0,0,0,0,0,0,0,0,0,0,0,0,0,0,0,0,0,0,0,0,0,0,0,0,0,0,1,0,0,0,0,0,0,0
0,0,0,0,0,0,0,0,9,3,11,0,1,7,5,0,0,0,0,0,0,0,0,0,0,0,0,0,0,0,0,0,0,0,0,0,0,0,0,0,0,0,0,0,0,0,0,0,0,0,0,0,0,0,0,0,0,0,0,0,0,0,0,0
0,9,9,3,11,0,1,7,0,0,0,0,0,0,0,0,0,0,0,0,0,0,0,0,0,0,0,0,0,0,0,0,0,0,0,0,0,0,0,0,0,0,0,0,0,0,0,0,0,1,0,0,0,0,0,0,0,3,3,0,0,1,3,3
9,9,3,11,0,1,7,5,0,0,0,0,0,0,0,0,0,0,0,0,0,0,0,0,0,0,0,0,0,0,0,0,0,0,0,0,0,0,0,0,0,0,0,0,0,0,0,0,1,0,0,0,0,0,0,0,3,3,0,0,1,3,3,0
9,3,11,0,1,7,5,0,0,0,0,0,0,0,0,0,0,0,0,0,0,0,0,0,0,0,0,0,0,0,0,0,0,0,0,0,0,0,0,0,0,0,0,0,0,0,0,0,0,0,0,0,0,0,0,0,3,0,0,1,3,3,0,0
0,0,0,0,0,0,0,0,0,0,0,0,0,0,0,0,0,0,0,0,0,0,0,0,0,0,0,0,0,0,0,0,0,0,0,0,0,0,0,0,0,1,0,0,0,0,0,0,0,3,3,0,0,1,3,3,0,0,0,0,0,0,0,0
0,0,0,0,0,0,0,0,0,0,0,0,0,0,0,0,0,0,0,0,0,0,0,0,0,0,0,0,0,0,0,0,0,0,0,0,0,0,0,0,1,0,0,0,0,0,0,0,3,3,0,0,1,3,3,0,0,0,0,0,0,0,0,0
0,0,0,0,0,0,0,0,0,0,0,0,0,0,0,0,0,0,0,0,0,0,0,0,0,0,0,0,0,0,0,0,0,0,0,0,0,0,0,0,0,0,0,0,0,0,0,0,3,0,0,1,3,3,0,0,0,0,0,0,0,0,0,0
0,0,0,0,0,0,0,0,0,0,0,0,0,0,0,0,0,0,0,0,0,0,0,0,0,0,0,0,0,0,0,0,0,0,0,0,0,0,0,0,0,0,0,0,0,0,0,0,0,0,0,0,0,0,0,0,0,0,0,0,0,0,0,0
0,0,0,0,0,0,0,0,0,0,0,0,0,0,0,0,0,0,0,0,0,0,0,0,0,0,0,0,0,0,0,0,0,0,0,0,0,0,0,0,0,0,0,0,0,0,0,0,0,0,0,0,0,0,0,0,0,0,0,0,0,0,0,0
0,0,0,0,0,0,0,0,0,0,0,0,0,0,0,0,0,0,0,0,0,0,0,0,0,0,0,0,0,0,0,0,0,0,0,0,0,0,0,0,0,0,0,0,0,0,0,0,0,0,0,0,0,0,0,0,0,0,0,0,0,0,0,0
0,0,0,0,0,0,0,0,0,0,0,0,0,0,0,0,0,0,0,0,0,0,0,0,0,0,0,0,0,0,0,0,0,0,0,0,0,0,0,0,0,0,0,0,0,0,0,0,0,0,0,0,0,0,0,0,0,0,0,0,0,0,0,0
0,0,0,0,0,0,0,0,0,0,0,0,0,0,0,0,0,0,0,0,0,0,0,0,0,0,0,0,0,0,0,0,0,0,0,0,0,0,0,0,0,0,0,0,0,0,0,0,0,0,0,0,0,0,0,0,0,0,0,0,0,0,0,0
0,0,0,0,0,0,0,0,0,0,0,0,0,0,0,0,0,0,0,0,0,0,0,0,0,0,0,0,0,0,0,0,0,0,0,0,0,0,0,0,0,0,0,0,0,0,0,0,0,0,0,0,0,0,0,0,0,0,0,0,0,0,0,0
0,0,0,0,0,0,0,0,0,0,0,0,0,0,0,0,0,0,0,0,0,0,0,0,0,0,0,0,0,0,0,0,0,0,0,0,0,0,0,0,0,0,0,0,0,0,0,0,0,0,0,0,0,0,0,0,0,0,0,0,0,0,0,0
0,0,0,0,0,0,0,0,0,0,0,0,0,0,0,0,0,0,0,0,0,0,0,0,0,0,0,0,0,0,0,0,0,0,0,0,0,0,0,0,0,0,0,0,0,0,0,0,0,0,0,0,0,0,0,0,0,0,0,0,0,0,0,0
0,0,0,0,0,0,0,0,0,0,0,0,0,0,0,0,0,0,0,0,0,0,0,0,0,0,0,0,0,0,0,0,0,0,0,0,0,0,0,0,0,0,0,0,0,0,0,0,0,0,0,0,0,0,0,0,0,0,0,0,0,0,0,0
0,0,0,0,0,0,0,0,0,3,18,19,15,15,15,12,0,0,3,7,10,11,10,7,0,0,3,15,19,13,12,10,0,0,11,22,18,12,11,11,0,0,15,9,15,9,20,15,0,5,19,15,19,13,15,14,0,0,18,22,12,15,15,15
0,0,0,0,0,0,0,0,3,18,19,15,15,15,12,31,0,3,7,10,11,10,7,28,0,3,15,19,13,12,10,34,0,11,22,18,12,11,11,33,0,15,9,15,9,20,15,27,5,19,15,19,13,15,14,28,0,18,22,12,15,15,15,33
0,0,0,0,0,0,0,0,18,19,15,15,15,12,31,0,3,7,10,11,10,7,28,0,3,15,19,13,12,10,34,0,11,22,18,12,11,11,33,0,15,9,15,9,20,15,27,0,19,15,19,13,15,14,28,0,18,22,12,15,15,15,33,0
0,3,18,19,15,15,15,12,0,0,3,7,10,11,10,7,0,0,3,15,19,13,12,10,0,0,11,22,18,12,11,11,0,0,15,9,15,9,20,15,0,5,19,15,19,13,15,14,0,0,18,22,12,15,15,15,0,12,15,25,17,20,19,21
3,18,19,15,15,15,12,31,0,3,7,10,11,10,7,28,0,3,15,19,13,12,10,34,0,11,22,18,12,11,11,33,0,15,9,15,9,20,15,27,5,19,15,19,13,15,14,28,0,18,22,12,15,15,15,33,12,15,25,17,20,19,21,27
18,19,15,15,15,12,31,0,3,7,10,11,10,7,28,0,3,15,19,13,12,10,34,0,11,22,18,12,11,11,33,0,15,9,15,9,20,15,27,0,19,15,19,13,15,14,28,0,18,22,12,15,15,15,33,0,15,25,17,20,19,21,27,0
0,0,3,7,10,11,10,7,0,0,3,15,19,13,12,10,0,0,11,22,18,12,11,11,0,0,15,9,15,9,20,15,0,5,19,15,19,13,15,14,0,0,18,22,12,15,15,15,0,12,15,25,17,20,19,21,0,0,0,0,0,0,0,0
0,3,7,10,11,10,7,28,0,3,15,19,13,12,10,34,0,11,22,18,12,11,11,33,0,15,9,15,9,20,15,27,5,19,15,19,13,15,14,28,0,18,22,12,15,15,15,33,12,15,25,17,20,19,21,27,0,0,0,0,0,0,0,0
3,7,10,11,10,7,28,0,3,15,19,13,12,10,34,0,11,22,18,12,11,11,33,0,15,9,15,9,20,15,27,0,19,15,19,13,15,14,28,0,18,22,12,15,15,15,33,0,15,25,17,20,19,21,27,0,0,0,0,0,0,0,0,0
0,0,0,0,0,0,0,0,0,9,19,22,21,21,28,28,0,14,38,36,43,36,35,34,0,14,26,33,28,26,20,28,0,13,22,27,22,23,26,30,0,15,22,21,26,25,31,38,0,9,20,12,27,23,27,36,0,7,9,15,22,24,21,18
0,0,0,0,0,0,0,0,9,19,22,21,21,28,28,15,14,38,36,43,36,35,34,30,14,26,33,28,26,20,28,26,13,22,27,22,23,26,30,25,15,22,21,26,25,31,38,30,9,20,12,27,23,27,36,28,7,9,15,22,24,21,18,7
0,0,0,0,0,0,0,0,19,22,21,21,28,28,15,0,38,36,43,36,35,34,30,0,26,33,28,26,20,28,26,0,22,27,22,23,26,30,25,0,22,21,26,25,31,38,30,0,20,12,27,23,27,36,28,0,9,15,22,24,21,18,7,0
0,9,19,22,21,21,28,28,0,14,38,36,43,36,35,34,0,14,26,33,28,26,20,28,0,13,22,27,22,23,26,30,0,15,22,21,26,25,31,38,0,9,20,12,27,23,27,36,0,7,9,15,22,24,21,18,0,0,0,3,15,7,0,0
9,19,22,21,21,28,28,15,14,38,36,43,36,35,34,30,14,26,33,28,26,20,28,26,13,22,27,22,23,26,30,25,15,22,21,26,25,31,38,30,9,20,12,27,23,27,36,28,7,9,15,22,24,21,18,7,0,0,3,15,7,0,0,7
19,22,21,21,28,28,15,0,38,36,43,36,35,34,30,0,26,33,28,26,20,28,26,0,22,27,22,23,26,30,25,0,22,21,26,25,31,38,30,0,20,12,27,23,27,36,28,0,9,15,22,24,21,18,7,0,0,3,15,7,0,0,7,0
0,14,38,36,43,36,35,34,0,14,26,33,28,26,20,28,0,13,22,27,22,23,26,30,0,15,22,21,26,25,31,38,0,9,20,12,27,23,27,36,0,7,9,15,22,24,21,18,0,0,0,3,15,7,0,0,0,0,0,0,0,0,0,0
14,38,36,43,36,35,34,30,14,26,33,28,26,20,28,26,13,22,27,22,23,26,30,25,15,22,21,26,25,31,38,30,9,20,12,27,23,27,36,28,7,9,15,22,24,21,18,7,0,0,3,15,7,0,0,7,0,0,0,0,0,0,0,0
38,36,43,36,35,34,30,0,26,33,28,26,20,28,26,0,22,27,22,23,26,30,25,0,22,21,26,25,31,38,30,0,20,12,27,23,27,36,28,0,9,15,22,24,21,18,7,0,0,3,15,7,0,0,7,0,0,0,0,0,0,0,0,0
0,0,0,0,0,0,0,0,0,0,0,0,0,0,0,0,0,0,0,0,0,0,0,0,0,0,0,0,0,0,0,0,0,0,0,0,0,0,0,0,0,0,0,0,0,0,0,0,0,0,0,0,0,0,0,0,0,0,0,0,0,0,0,0
0,0,0,0,0,0,0,0,0,0,0,0,0,0,0,0,0,0,0,0,0,0,0,0,0,0,0,0,0,0,0,0,0,0,0,0,0,0,0,0,0,0,0,0,0,0,0,0,0,0,0,0,0,0,0,0,0,0,0,0,0,0,0,0
0,0,0,0,0,0,0,0,0,0,0,0,0,0,0,0,0,0,0,0,0,0,0,0,0,0,0,0,0,0,0,0,0,0,0,0,0,0,0,0,0,0,0,0,0,0,0,0,0,0,0,0,0,0,0,0,0,0,0,0,0,0,0,0
0,0,0,0,0,0,0,0,0,0,0,0,0,0,0,0,0,0,0,0,0,0,0,0,0,0,0,0,0,0,0,0,0,0,0,0,0,0,0,0,0,0,0,0,0,0,0,0,0,0,0,0,0,0,0,0,0,0,0,0,0,0,0,0
0,0,0,0,0,0,0,0,0,0,0,0,0,0,0,0,0,0,0,0,0,0,0,0,0,0,0,0,0,0,0,0,0,0,0,0,0,0,0,0,0,0,0,0,0,0,0,0,0,0,0,0,0,0,0,0,0,0,0,0,0,0,0,0
0,0,0,0,0,0,0,0,0,0,0,0,0,0,0,0,0,0,0,0,0,0,0,0,0,0,0,0,0,0,0,0,0,0,0,0,0,0,0,0,0,0,0,0,0,0,0,0,0,0,0,0,0,0,0,0,0,0,0,0,0,0,0,0
0,0,0,0,0,0,0,0,0,0,0,0,0,0,0,0,0,0,0,0,0,0,0,0,0,0,0,0,0,0,0,0,0,0,0,0,0,0,0,0,0,0,0,0,0,0,0,0,0,0,0,0,0,0,0,0,0,0,0,0,0,0,0,0
0,0,0,0,0,0,0,0,0,0,0,0,0,0,0,0,0,0,0,0,0,0,0,0,0,0,0,0,0,0,0,0,0,0,0,0,0,0,0,0,0,0,0,0,0,0,0,0,0,0,0,0,0,0,0,0,0,0,0,0,0,0,0,0
0,0,0,0,0,0,0,0,0,0,0,0,0,0,0,0,0,0,0,0,0,0,0,0,0,0,0,0,0,0,0,0,0,0,0,0,0,0,0,0,0,0,0,0,0,0,0,0,0,0,0,0,0,0,0,0,0,0,0,0,0,0,0,0
0,0,0,0,0,0,0,0,0,18,20,22,21,15,15,10,0,23,28,33,25,28,19,18,0,20,19,25,22,25,21,14,0,23,21,15,31,26,21,14,0,28,25,26,21,24,12,11,0,18,22,26,19,18,10,9,0,7,5,19,23,21,15,15
0,0,0,0,0,0,0,0,18,20,22,21,15,15,10,33,23,28,33,25,28,19,18,34,20,19,25,22,25,21,14,28,23,21,15,31,26,21,14,28,28,25,26,21,24,12,11,28,18,22,26,19,18,10,9,19,7,5,19,23,21,15,15,21
0,0,0,0,0,0,0,0,20,22,21,15,15,10,33,0,28,33,25,28,19,18,34,0,19,25,22,25,21,14,28,0,21,15,31,26,21,14,28,0,25,26,21,24,12,11,28,0,22,26,19,18,10,9,19,0,5,19,23,21,15,15,21,0
0,18,20,22,21,15,15,10,0,23,28,33,25,28,19,18,0,20,19,25,22,25,21,14,0,23,21,15,31,26,21,14,0,28,25,26,21,24,12,11,0,18,22,26,19,18,10,9,0,7,5,19,23,21,15,15,0,28,15,17,28,19,18,15
18,20,22,21,15,15,10,33,23,28,33,25,28,19,18,34,20,19,25,22,25,21,14,28,23,21,15,31,26,21,14,28,28,25,26,21,24,12,11,28,18,22,26,19,18,10,9,19,7,5,19,23,21,15,15,21,28,15,17,28,19,18,15,15
20,22,21,15,15,10,33,0,28,33,25,28,19,18,34,0,19,25,22,25,21,14,28,0,21,15,31,26,21,14,28,0,25,26,21,24,12,11,28,0,22,26,19,18,10,9,19,0,5,19,23,21,15,15,21,0,15,17,28,19,18,15,15,0
0,23,28,33,25,28,19,18,0,20,19,25,22,25,21,14,0,23,21,15,31,26,21,14,0,28,25,26,21,24,12,11,0,18,22,26,19,18,10,9,0,7,5,19,23,21,15,15,0,28,15,17,28,19,18,15,0,0,0,0,0,0,0,0
23,28,33,25,28,19,18,34,20,19,25,22,25,21,14,28,23,21,15,31,26,21,14,28,28,25,26,21,24,12,11,28,18,22,26,19,18,10,9,19,7,5,19,23,21,15,15,21,28,15,17,28,19,18,15,15,0,0,0,0,0,0,0,0
28,33,25,28,19,18,34,0,19,25,22,25,21,14,28,0,21,15,31,26,21,14,28,0,25,26,21,24,12,11,28,0,22,26,19,18,10,9,19,0,5,19,23,21,15,15,21,0,15,17,28,19,18,15,15,0,0,0,0,0,0,0,0,0
0,0,0,0,0,0,0,0,0,6,6,6,7,9,6,0,0,7,6,11,7,12,9,3,0,3,13,11,9,21,10,9,0,6,13,15,10,12,10,13,0,0,3,21,21,20,18,9,0,18,7,20,5,9,6,11,0,15,17,1,7,3,10,10
0,0,0,0,0,0,0,0,6,6,6,7,9,6,0,3,7,6,11,7,12,9,3,0,3,13,11,9,21,10,9,0,6,13,15,10,12,10,13,1,0,3,21,21,20,18,9,0,18,7,20,5,9,6,11,7,15,17,1,7,3,10,10,3
0,0,0,0,0,0,0,0,6,6,7,9,6,0,3,0,6,11,7,12,9,3,0,0,13,11,9,21,10,9,0,0,13,15,10,12,10,13,1,0,3,21,21,20,18,9,0,0,7,20,5,9,6,11,7,0,17,1,7,3,10,10,3,0
0,6,6,6,7,9,6,0,0,7,6,11,7,12,9,3,0,3,13,11,9,21,10,9,0,6,13,15,10,12,10,13,0,0,3,21,21,20,18,9,0,18,7,20,5,9,6,11,0,15,17,1,7,3,10,10,0,10,15,10,17,13,13,12
6,6,6,7,9,6,0,3,7,6,11,7,12,9,3,0,3,13,11,9,21,10,9,0,6,13,15,10,12,10,13,1,0,3,21,21,20,18,9,0,18,7,20,5,9,6,11,7,15,17,1,7,3,10,10,3,10,15,10,17,13,13,12,6
6,6,7,9,6,0,3,0,6,11,7,12,9,3,0,0,13,11,9,21,10,9,0,0,13,15,10,12,10,13,1,0,3,21,21,20,18,9,0,0,7,20,5,9,6,11,7,0,17,1,7,3,10,10,3,0,15,10,17,13,13,12,6,0
0,7,6,11,7,12,9,3,0,3,13,11,9,21,10,9,0,6,13,15,10,12,10,13,0,0,3,21,21,20,18,9,0,18,7,20,5,9,6,11,0,15,17,1,7,3,10,10,0,10,15,10,17,13,13,12,0,0,0,0,0,0,0,0
7,6,11,7,12,9,3,0,3,13,11,9,21,10,9,0,6,13,15,10,12,10,13,1,0,3,21,21,20,18,9,0,18,7,20,5,9,6,11,7,15,17,1,7,3,10,10,3,10,15,10,17,13,13,12,6,0,0,0,0,0,0,0,0
6,11,7,12,9,3,0,0,13,11,9,21,10,9,0,0,13,15,10,12,10,13,1,0,3,21,21,20,18,9,0,0,7,20,5,9,6,11,7,0,17,1,7,3,10,10,3,0,15,10,17,13,13,12,6,0,0,0,0,0,0,0,0,0
0,0,0,0,0,0,0,0,0,11,0,0,0,0,1,0,0,10,10,7,5,11,3,6,0,13,13,6,6,3,0,5,0,10,10,15,10,6,5,5,0,12,9,5,11,1,13,11,0,7,15,3,9,0,10,11,0,15,12,5,7,15,17,15
0,0,0,0,0,0,0,0,11,0,0,0,0,1,0,22,10,10,7,5,11,3,6,41,13,13,6,6,3,0,5,36,10,10,15,10,6,5,5,33,12,9,5,11,1,13,11,31,7,15,3,9,0,10,11,30,15,12,5,7,15,17,15,36
0,0,0,0,0,0,0,0,0,0,0,0,1,0,22,0,10,7,5,11,3,6,41,0,13,6,6,3,0,5,36,0,10,15,10,6,5,5,33,0,9,5,11,1,13,11,31,0,15,3,9,0,10,11,30,0,12,5,7,15,17,15,36,0
0,11,0,0,0,0,1,0,0,10,10,7,5,11,3,6,0,13,13,6,6,3,0,5,0,10,10,15,10,6,5,5,0,12,9,5,11,1,13,11,0,7,15,3,9,0,10,11,0,15,12,5,7,15,17,15,0,21,39,47,41,46,43,36
11,0,0,0,0,1,0,22,10,10,7,5,11,3,6,41,13,13,6,6,3,0,5,36,10,10,15,10,6,5,5,33,12,9,5,11,1,13,11,31,7,15,3,9,0,10,11,30,15,12,5,7,15,17,15,36,21,39,47,41,46,43,36,48
0,0,0,0,1,0,22,0,10,7,5,11,3,6,41,0,13,6,6,3,0,5,36,0,10,15,10,6,5,5,33,0,9,5,11,1,13,11,31,0,15,3,9,0,10,11,30,0,12,5,7,15,17,15,36,0,39,47,41,46,43,36,48,0
0,10,10,7,5,11,3,6,0,13,13,6,6,3,0,5,0,10,10,15,10,6,5,5,0,12,9,5,11,1,13,11,0,7,15,3,9,0,10,11,0,15,12,5,7,15,17,15,0,21,39,47,41,46,43,36,0,0,0,0,0,0,0,0
10,10,7,5,11,3,6,41,13,13,6,6,3,0,5,36,10,10,15,10,6,5,5,33,12,9,5,11,1,13,11,31,7,15,3,9,0,10,11,30,15,12,5,7,15,17,15,36,21,39,47,41,46,43,36,48,0,0,0,0,0,0,0,0
10,7,5,11,3,6,41,0,13,6,6,3,0,5,36,0,10,15,10,6,5,5,33,0,9,5,11,1,13,11,31,0,15,3,9,0,10,11,30,0,12,5,7,15,17,15,36,0,39,47,41,46,43,36,48,0,0,0,0,0,0,0,0,0
0,0,0,0,0,0,0,0,0,33,28,23,22,21,20,24,0,28,26,17,15,20,19,20,0,28,18,20,18,18,17,21,0,30,15,31,18,25,28,19,0,30,17,21,15,15,25,20,0,33,27,10,26,18,20,23,0,34,23,15,18,30,28,35
0,0,0,0,0,0,0,0,33,28,23,22,21,20,24,22,28,26,17,15,20,19,20,19,28,18,20,18,18,17,21,19,30,15,31,18,25,28,19,20,30,17,21,15,15,25,20,19,33,27,10,26,18,20,23,24,34,23,15,18,30,28,35,21
0,0,0,0,0,0,0,0,28,23,22,21,20,24,22,0,26,17,15,20,19,20,19,0,18,20,18,18,17,21,19,0,15,31,18,25,28,19,20,0,17,21,15,15,25,20,19,0,27,10,26,18,20,23,24,0,23,15,18,30,28,35,21,0
0,33,28,23,22,21,20,24,0,28,26,17,15,20,19,20,0,28,18,20,18,18,17,21,0,30,15,31,18,25,28,19,0,30,17,21,15,15,25,20,0,33,27,10,26,18,20,23,0,34,23,15,18,30,28,35,0,31,39,37,31,39,38,37
33,28,23,22,21,20,24,22,28,26,17,15,20,19,20,19,28,18,20,18,18,17,21,19,30,15,31,18,25,28,19,20,30,17,21,15,15,25,20,19,33,27,10,26,18,20,23,24,34,23,15,18,30,28,35,21,31,39,37,31,39,38,37,28
28,23,22,21,20,24,22,0,26,17,15,20,19,20,19,0,18,20,18,18,17,21,19,0,15,31,18,25,28,19,20,0,17,21,15,15,25,20,19,0,27,10,26,18,20,23,24,0,23,15,18,30,28,35,21,0,39,37,31,39,38,37,28,0
0,28,26,17,15,20,19,20,0,28,18,20,18,18,17,21,0,30,15,31,18,25,28,19,0,30,17,21,15,15,25,20,0,33,27,10,26,18,20,23,0,34,23,15,18,30,28,35,0,31,39,37,31,39,38,37,0,0,0,0,0,0,0,0
28,26,17,15,20,19,20,19,28,18,20,18,18,17,21,19,30,15,31,18,25,28,19,20,30,17,21,15,15,25,20,19,33,27,10,26,18,20,23,24,34,23,15,18,30,28,35,21,31,39,37,31,39,38,37,28,0,0,0,0,0,0,0,0
26,17,15,20,19,20,19,0,18,20,18,18,17,21,19,0,15,31,18,25,28,19,20,0,17,21,15,15,25,20,19,0,27,10,26,18,20,23,24,0,23,15,18,30,28,35,21,0,39,37,31,39,38,37,28,0,0,0,0,0,0,0,0,0
0,0,0,0,0,0,0,0,0,14,3,3,3,1,1,1,0,21,19,12,14,13,12,11,0,18,28,23,15,26,18,11,0,28,9,33,17,31,19,13,0,35,13,24,25,26,28,23,0,27,22,23,22,21,19,21,0,24,31,27,22,25,21,21
0,0,0,0,0,0,0,0,14,3,3,3,1,1,1,1,21,19,12,14,13,12,11,19,18,28,23,15,26,18,11,26,28,9,33,17,31,19,13,27,35,13,24,25,26,28,23,23,27,22,23,22,21,19,21,23,24,31,27,22,25,21,21,20
0,0,0,0,0,0,0,0,3,3,3,1,1,1,1,0,19,12,14,13,12,11,19,0,28,23,15,26,18,11,26,0,9,33,17,31,19,13,27,0,13,24,25,26,28,23,23,0,22,23,22,21,19,21,23,0,31,27,22,25,21,21,20,0
0,14,3,3,3,1,1,1,0,21,19,12,14,13,12,11,0,18,28,23,15,26,18,11,0,28,9,33,17,31,19,13,0,35,13,24,25,26,28,23,0,27,22,23,22,21,19,21,0,24,31,27,22,25,21,21,0,36,35,44,44,37,35,37
14,3,3,3,1,1,1,1,21,19,12,14,13,12,11,19,18,28,23,15,26,18,11,26,28,9,33,17,31,19,13,27,35,13,24,25,26,28,23,23,27,22,23,22,21,19,21,23,24,31,27,22,25,21,21,20,36,35,44,44,37,35,37,42
3,3,3,1,1,1,1,0,19,12,14,13,12,11,19,0,28,23,15,26,18,11,26,0,9,33,17,31,19,13,27,0,13,24,25,26,28,23,23,0,22,23,22,21,19,21,23,0,31,27,22,25,21,21,20,0,35,44,44,37,35,37,42,0
0,21,19,12,14,13,12,11,0,18,28,23,15,26,18,11,0,28,9,33,17,31,19,13,0,35,13,24,25,26,28,23,0,27,22,23,22,21,19,21,0,24,31,27,22,25,21,21,0,36,35,44,44,37,35,37,0,0,0,0,0,0,0,0
21,19,12,14,13,12,11,19,18,28,23,15,26,18,11,26,28,9,33,17,31,19,13,27,35,13,24,25,26,28,23,23,27,22,23,22,21,19,21,23,24,31,27,22,25,21,21,20,36,35,44,44,37,35,37,42,0,0,0,0,0,0,0,0
19,12,14,13,12,11,19,0,28,23,15,26,18,11,26,0,9,33,17,31,19,13,27,0,13,24,25,26,28,23,23,0,22,23,22,21,19,21,23,0,31,27,22,25,21,21,20,0,35,44,44,37,35,37,42,0,0,0,0,0,0,0,0,0
0,0,0,0,0,0,0,0,0,19,14,15,17,15,15,12,0,3,0,1,9,0,0,5,0,10,3,0,3,9,10,0,0,11,1,7,10,3,3,1,0,3,7,13,13,3,0,0,0,7,13,5,3,0,0,0,0,7,6,3,1,0,0,0
0,0,0,0,0,0,0,0,19,14,15,17,15,15,12,5,3,0,1,9,0,0,5,7,10,3,0,3,9,10,0,12,11,1,7,10,3,3,1,11,3,7,13,13,3,0,0,6,7,13,5,3,0,0,0,5,7,6,3,1,0,0,0,11
0,0,0,0,0,0,0,0,14,15,17,15,15,12,5,0,0,1,9,0,0,5,7,0,3,0,3,9,10,0,12,0,1,7,10,3,3,1,11,0,7,13,13,3,0,0,6,0,13,5,3,0,0,0,5,0,6,3,1,0,0,0,11,0
0,19,14,15,17,15,15,12,0,3,0,1,9,0,0,5,0,10,3,0,3,9,10,0,0,11,1,7,10,3,3,1,0,3,7,13,13,3,0,0,0,7,13,5,3,0,0,0,0,7,6,3,1,0,0,0,0,3,15,15,7,3,1,7
19,14,15,17,15,15,12,5,3,0,1,9,0,0,5,7,10,3,0,3,9,10,0,12,11,1,7,10,3,3,1,11,3,7,13,13,3,0,0,6,7,13,5,3,0,0,0,5,7,6,3,1,0,0,0,11,3,15,15,7,3,1,7,18
14,15,17,15,15,12,5,0,0,1,9,0,0,5,7,0,3,0,3,9,10,0,12,0,1,7,10,3,3,1,11,0,7,13,13,3,0,0,6,0,13,5,3,0,0,0,5,0,6,3,1,0,0,0,11,0,15,15,7,3,1,7,18,0
0,3,0,1,9,0,0,5,0,10,3,0,3,9,10,0,0,11,1,7,10,3,3,1,0,3,7,13,13,3,0,0,0,7,13,5,3,0,0,0,0,7,6,3,1,0,0,0,0,3,15,15,7,3,1,7,0,0,0,0,0,0,0,0
3,0,1,9,0,0,5,7,10,3,0,3,9,10,0,12,11,1,7,10,3,3,1,11,3,7,13,13,3,0,0,6,7,13,5,3,0,0,0,5,7,6,3,1,0,0,0,11,3,15,15,7,3,1,7,18,0,0,0,0,0,0,0,0
0,1,9,0,0,5,7,0,3,0,3,9,10,0,12,0,1,7,10,3,3,1,11,0,7,13,13,3,0,0,6,0,13,5,3,0,0,0,5,0,6,3,1,0,0,0,11,0,15,15,7,3,1,7,18,0,0,0,0,0,0,0,0,0
0,0,0,0,0,0,0,0,0,22,10,11,10,10,11,21,0,23,21,7,15,10,7,15,0,20,19,12,11,21,9,18,0,26,14,13,6,13,17,11,0,35,22,25,18,15,13,12,0,15,25,15,7,15,7,14,0,20,22,20,27,23,26,31
0,0,0,0,0,0,0,0,22,10,11,10,10,11,21,13,23,21,7,15,10,7,15,5,20,19,12,11,21,9,18,10,26,14,13,6,13,17,11,7,35,22,25,18,15,13,12,11,15,25,15,7,15,7,14,6,20,22,20,27,23,26,31,17
0,0,0,0,0,0,0,0,10,11,10,10,11,21,13,0,21,7,15,10,7,15,5,0,19,12,11,21,9,18,10,0,14,13,6,13,17,11,7,0,22,25,18,15,13,12,11,0,25,15,7,15,7,14,6,0,22,20,27,23,26,31,17,0
0,22,10,11,10,10,11,21,0,23,21,7,15,10,7,15,0,20,19,12,11,21,9,18,0,26,14,13,6,13,17,11,0,35,22,25,18,15,13,12,0,15,25,15,7,15,7,14,0,20,22,20,27,23,26,31,0,15,21,25,36,26,28,27
22,10,11,10,10,11,21,13,23,21,7,15,10,7,15,5,20,19,12,11,21,9,18,10,26,14,13,6,13,17,11,7,35,22,25,18,15,13,12,11,15,25,15,7,15,7,14,6,20,22,20,27,23,26,31,17,15,21,25,36,26,28,27,27
10,11,10,10,11,21,13,0,21,7,15,10,7,15,5,0,19,12,11,21,9,18,10,0,14,13,6,13,17,11,7,0,22,25,18,15,13,12,11,0,25,15,7,15,7,14,6,0,22,20,27,23,26,31,17,0,21,25,36,26,28,27,27,0
0,23,21,7,15,10,7,15,0,20,19,12,11,21,9,18,0,26,14,13,6,13,17,11,0,35,22,25,18,15,13,12,0,15,25,15,7,15,7,14,0,20,22,20,27,23,26,31,0,15,21,25,36,26,28,27,0,0,0,0,0,0,0,0
23,21,7,15,10,7,15,5,20,19,12,11,21,9,18,10,26,14,13,6,13,17,11,7,35,22,25,18,15,13,12,11,15,25,15,7,15,7,14,6,20,22,20,27,23,26,31,17,15,21,25,36,26,28,27,27,0,0,0,0,0,0,0,0
21,7,15,10,7,15,5,0,19,12,11,21,9,18,10,0,14,13,6,13,17,11,7,0,22,25,18,15,13,12,11,0,25,15,7,15,7,14,6,0,22,20,27,23,26,31,17,0,21,25,36,26,28,27,27,0,0,0,0,0,0,0,0,0
0,0,0,0,0,0,0,0,0,0,0,0,0,0,0,0,0,0,0,0,0,0,0,0,0,0,0,0,0,0,0,0,0,0,0,0,0,0,0,0,0,0,0,0,0,0,0,0,0,0,0,0,0,0,0,0,0,0,0,0,0,0,0,0
0,0,0,0,0,0,0,0,0,0,0,0,0,0,0,0,0,0,0,0,0,0,0,0,0,0,0,0,0,0,0,0,0,0,0,0,0,0,0,0,0,0,0,0,0,0,0,0,0,0,0,0,0,0,0,0,0,0,0,0,0,0,0,0
0,0,0,0,0,0,0,0,0,0,0,0,0,0,0,0,0,0,0,0,0,0,0,0,0,0,0,0,0,0,0,0,0,0,0,0,0,0,0,0,0,0,0,0,0,0,0,0,0,0,0,0,0,0,0,0,0,0,0,0,0,0,0,0
0,0,0,0,0,0,0,0,0,0,0,0,0,0,0,0,0,0,0,0,0,0,0,0,0,0,0,0,0,0,0,0,0,0,0,0,0,0,0,0,0,0,0,0,0,0,0,0,0,0,0,0,0,0,0,0,0,0,0,0,0,0,0,0
0,0,0,0,0,0,0,0,0,0,0,0,0,0,0,0,0,0,0,0,0,0,0,0,0,0,0,0,0,0,0,0,0,0,0,0,0,0,0,0,0,0,0,0,0,0,0,0,0,0,0,0,0,0,0,0,0,0,0,0,0,0,0,0
0,0,0,0,0,0,0,0,0,0,0,0,0,0,0,0,0,0,0,0,0,0,0,0,0,0,0,0,0,0,0,0,0,0,0,0,0,0,0,0,0,0,0,0,0,0,0,0,0,0,0,0,0,0,0,0,0,0,0,0,0,0,0,0
0,0,0,0,0,0,0,0,0,0,0,0,0,0,0,0,0,0,0,0,0,0,0,0,0,0,0,0,0,0,0,0,0,0,0,0,0,0,0,0,0,0,0,0,0,0,0,0,0,0,0,0,0,0,0,0,0,0,0,0,0,0,0,0
0,0,0,0,0,0,0,0,0,0,0,0,0,0,0,0,0,0,0,0,0,0,0,0,0,0,0,0,0,0,0,0,0,0,0,0,0,0,0,0,0,0,0,0,0,0,0,0,0,0,0,0,0,0,0,0,0,0,0,0,0,0,0,0
0,0,0,0,0,0,0,0,0,0,0,0,0,0,0,0,0,0,0,0,0,0,0,0,0,0,0,0,0,0,0,0,0,0,0,0,0,0,0,0,0,0,0,0,0,0,0,0,0,0,0,0,0,0,0,0,0,0,0,0,0,0,0,0
0,0,0,0,0,0,0,0,0,33,36,31,35,34,36,34,0,28,41,30,40,37,39,35,0,31,40,34,44,35,38,40,0,27,40,30,48,36,43,37,0,24,36,30,44,34,35,33,0,19,20,34,25,40,33,44,0,23,35,40,36,41,44,47
0,0,0,0,0,0,0,0,33,36,31,35,34,36,34,36,28,41,30,40,37,39,35,30,31,40,34,44,35,38,40,31,27,40,30,48,36,43,37,36,24,36,30,44,34,35,33,37,19,20,34,25,40,33,44,42,23,35,40,36,41,44,47,46
0,0,0,0,0,0,0,0,36,31,35,34,36,34,36,0,41,30,40,37,39,35,30,0,40,34,44,35,38,40,31,0,40,30,48,36,43,37,36,0,36,30,44,34,35,33,37,0,20,34,25,40,33,44,42,0,35,40,36,41,44,47,46,0
0,33,36,31,35,34,36,34,0,28,41,30,40,37,39,35,0,31,40,34,44,35,38,40,0,27,40,30,48,36,43,37,0,24,36,30,44,34,35,33,0,19,20,34,25,40,33,44,0,23,35,40,36,41,44,47,0,34,34,38,41,40,35,42
33,36,31,35,34,36,34,36,28,41,30,40,37,39,35,30,31,40,34,44,35,38,40,31,27,40,30,48,36,43,37,36,24,36,30,44,34,35,33,37,19,20,34,25,40,33,44,42,23,35,40,36,41,44,47,46,34,34,38,41,40,35,42,36
36,31,35,34,36,34,36,0,41,30,40,37,39,35,30,0,40,34,44,35,38,40,31,0,40,30,48,36,43,37,36,0,36,30,44,34,35,33,37,0,20,34,25,40,33,44,42,0,35,40,36,41,44,47,46,0,34,38,41,40,35,42,36,0
0,28,41,30,40,37,39,35,0,31,40,34,44,35,38,40,0,27,40,30,48,36,43,37,0,24,36,30,44,34,35,33,0,19,20,34,25,40,33,44,0,23,35,40,36,41,44,47,0,34,34,38,41,40,35,42,0,0,0,0,0,0,0,0
28,41,30,40,37,39,35,30,31,40,34,44,35,38,40,31,27,40,30,48,36,43,37,36,24,36,30,44,34,35,33,37,19,20,34,25,40,33,44,42,23,35,40,36,41,44,47,46,34,34,38,41,40,35,42,36,0,0,0,0,0,0,0,0
41,30,40,37,39,35,30,0,40,34,44,35,38,40,31,0,40,30,48,36,43,37,36,0,36,30,44,34,35,33,37,0,20,34,25,40,33,44,42,0,35,40,36,41,44,47,46,0,34,38,41,40,35,42,36,0,0,0,0,0,0,0,0,0
0,0,0,0,0,0,0,0,0,0,0,0,0,0,0,0,0,0,0,0,0,0,0,0,0,0,0,0,0,0,0,0,0,0,0,0,0,0,0,0,0,0,0,0,0,0,0,0,0,0,0,0,0,0,0,0,0,0,0,0,0,0,0,0
0,0,0,0,0,0,0,0,0,0,0,0,0,0,0,3,0,0,0,0,0,0,0,7,0,0,0,0,0,0,0,7,0,0,0,0,0,0,0,5,0,0,0,0,0,0,0,0,0,0,0,0,0,0,0,7,0,0,0,0,0,0,0,3
0,0,0,0,0,0,0,0,0,0,0,0,0,0,3,0,0,0,0,0,0,0,7,0,0,0,0,0,0,0,7,0,0,0,0,0,0,0,5,0,0,0,0,0,0,0,0,0,0,0,0,0,0,0,7,0,0,0,0,0,0,0,3,0
0,0,0,0,0,0,0,0,0,0,0,0,0,0,0,0,0,0,0,0,0,0,0,0,0,0,0,0,0,0,0,0,0,0,0,0,0,0,0,0,0,0,0,0,0,0,0,0,0,0,0,0,0,0,0,0,0,0,9,0,10,3,0,0
0,0,0,0,0,0,0,3,0,0,0,0,0,0,0,7,0,0,0,0,0,0,0,7,0,0,0,0,0,0,0,5,0,0,0,0,0,0,0,0,0,0,0,0,0,0,0,7,0,0,0,0,0,0,0,3,0,9,0,10,3,0,0,7
0,0,0,0,0,0,3,0,0,0,0,0,0,0,7,0,0,0,0,0,0,0,7,0,0,0,0,0,0,0,5,0,0,0,0,0,0,0,0,0,0,0,0,0,0,0,7,0,0,0,0,0,0,0,3,0,9,0,10,3,0,0,7,0
0,0,0,0,0,0,0,0,0,0,0,0,0,0,0,0,0,0,0,0,0,0,0,0,0,0,0,0,0,0,0,0,0,0,0,0,0,0,0,0,0,0,0,0,0,0,0,0,0,0,9,0,10,3,0,0,0,0,0,0,0,0,0,0
0,0,0,0,0,0,0,7,0,0,0,0,0,0,0,7,0,0,0,0,0,0,0,5,0,0,0,0,0,0,0,0,0,0,0,0,0,0,0,7,0,0,0,0,0,0,0,3,0,9,0,10,3,0,0,7,0,0,0,0,0,0,0,0
0,0,0,0,0,0,7,0,0,0,0,0,0,0,7,0,0,0,0,0,0,0,5,0,0,0,0,0,0,0,0,0,0,0,0,0,0,0,7,0,0,0,0,0,0,0,3,0,9,0,10,3,0,0,7,0,0,0,0,0,0,0,0,0
0,0,0,0,0,0,0,0,0,0,0,0,0,0,0,0,0,0,0,1,11,7,0,7,0,0,0,5,3,9,0,3,0,0,0,7,10,1,0,0,0,0,7,14,14,9,10,3,0,0,3,14,22,10,6,3,0,0,9,24,22,7,0,0
0,0,0,0,0,0,0,0,0,0,0,0,0,0,0,0,0,0,1,11,7,0,7,6,0,0,5,3,9,0,3,9,0,0,7,10,1,0,0,7,0,7,14,14,9,10,3,5,0,3,14,22,10,6,3,6,0,9,24,22,7,0,0,7
0,0,0,0,0,0,0,0,0,0,0,0,0,0,0,0,0,1,11,7,0,7,6,0,0,5,3,9,0,3,9,0,0,7,10,1,0,0,7,0,7,14,14,9,10,3,5,0,3,14,22,10,6,3,6,0,9,24,22,7,0,0,7,0
0,0,0,0,0,0,0,0,0,0,0,1,11,7,0,7,0,0,0,5,3,9,0,3,0,0,0,7,10,1,0,0,0,0,7,14,14,9,10,3,0,0,3,14,22,10,6,3,0,0,9,24,22,7,0,0,0,0,7,7,0,0,0,0
0,0,0,0,0,0,0,0,0,0,1,11,7,0,7,6,0,0,5,3,9,0,3,9,0,0,7,10,1,0,0,7,0,7,14,14,9,10,3,5,0,3,14,22,10,6,3,6,0,9,24,22,7,0,0,7,0,7,7,0,0,0,0,0
0,0,0,0,0,0,0,0,0,1,11,7,0,7,6,0,0,5,3,9,0,3,9,0,0,7,10,1,0,0,7,0,7,14,14,9,10,3,5,0,3,14,22,10,6,3,6,0,9,24,22,7,0,0,7,0,7,7,0,0,0,0,0,0
0,0,0,1,11,7,0,7,0,0,0,5,3,9,0,3,0,0,0,7,10,1,0,0,0,0,7,14,14,9,10,3,0,0,3,14,22,10,6,3,0,0,9,24,22,7,0,0,0,0,7,7,0,0,0,0,0,0,0,0,0,0,0,0
0,0,1,11,7,0,7,6,0,0,5,3,9,0,3,9,0,0,7,10,1,0,0,7,0,7,14,14,9,10,3,5,0,3,14,22,10,6,3,6,0,9,24,22,7,0,0,7,0,7,7,0,0,0,0,0,0,0,0,0,0,0,0,0
0,1,11,7,0,7,6,0,0,5,3,9,0,3,9,0,0,7,10,1,0,0,7,0,7,14,14,9,10,3,5,0,3,14,22,10,6,3,6,0,9,24,22,7,0,0,7,0,7,7,0,0,0,0,0,0,0,0,0,0,0,0,0,0
0,0,0,0,0,0,0,0,0,0,0,0,0,0,0,0,0,0,0,0,0,0,0,0,0,0,0,0,0,0,0,0,0,0,0,0,0,0,0,0,0,0,0,0,0,0,0,0,0,0,0,0,0,0,0,0,0,0,0,0,0,0,0,0
0,0,0,0,0,0,0,0,0,0,0,0,0,0,0,0,0,0,0,0,0,0,0,0,0,0,0,0,0,0,0,0,0,0,0,0,0,0,0,0,0,0,0,0,0,0,0,0,0,0,0,0,0,0,0,0,0,0,0,0,0,0,0,0
0,0,0,0,0,0,0,0,0,0,0,0,0,0,0,0,0,0,0,0,0,0,0,0,0,0,0,0,0,0,0,0,0,0,0,0,0,0,0,0,0,0,0,0,0,0,0,0,0,0,0,0,0,0,0,0,0,0,0,0,0,0,0,0
0,0,0,0,0,0,0,0,0,0,0,0,0,0,0,0,0,0,0,0,0,0,0,0,0,0,0,0,0,0,0,0,0,0,0,0,0,0,0,0,0,0,0,0,0,0,0,0,0,0,0,0,0,0,0,0,0,0,0,0,0,0,0,0
0,0,0,0,0,0,0,0,0,0,0,0,0,0,0,0,0,0,0,0,0,0,0,0,0,0,0,0,0,0,0,0,0,0,0,0,0,0,0,0,0,0,0,0,0,0,0,0,0,0,0,0,0,0,0,0,0,0,0,0,0,0,0,0
0,0,0,0,0,0,0,0,0,0,0,0,0,0,0,0,0,0,0,0,0,0,0,0,0,0,0,0,0,0,0,0,0,0,0,0,0,0,0,0,0,0,0,0,0,0,0,0,0,0,0,0,0,0,0,0,0,0,0,0,0,0,0,0
0,0,0,0,0,0,0,0,0,0,0,0,0,0,0,0,0,0,0,0,0,0,0,0,0,0,0,0,0,0,0,0,0,0,0,0,0,0,0,0,0,0,0,0,0,0,0,0,0,0,0,0,0,0,0,0,0,0,0,0,0,0,0,0
0,0,0,0,0,0,0,0,0,0,0,0,0,0,0,0,0,0,0,0,0,0,0,0,0,0,0,0,0,0,0,0,0,0,0,0,0,0,0,0,0,0,0,0,0,0,0,0,0,0,0,0,0,0,0,0,0,0,0,0,0,0,0,0
0,0,0,0,0,0,0,0,0,0,0,0,0,0,0,0,0,0,0,0,0,0,0,0,0,0,0,0,0,0,0,0,0,0,0,0,0,0,0,0,0,0,0,0,0,0,0,0,0,0,0,0,0,0,0,0,0,0,0,0,0,0,0,0
0,0,0,0,0,0,0,0,0,3,10,7,9,11,6,7,0,7,24,21,21,19,17,15,0,10,20,20,23,12,20,19,0,10,30,17,20,18,12,17,0,0,26,26,14,10,19,21,0,7,14,13,17,15,20,22,0,5,11,21,7,13,11,17
0,0,0,0,0,0,0,0,3,10,7,9,11,6,7,12,7,24,21,21,19,17,15,20,10,20,20,23,12,20,19,19,10,30,17,20,18,12,17,18,0,26,26,14,10,19,21,17,7,14,13,17,15,20,22,12,5,11,21,7,13,11,17,11
0,0,0,0,0,0,0,0,10,7,9,11,6,7,12,0,24,21,21,19,17,15,20,0,20,20,23,12,20,19,19,0,30,17,20,18,12,17,18,0,26,26,14,10,19,21,17,0,14,13,17,15,20,22,12,0,11,21,7,13,11,17,11,0
0,3,10,7,9,11,6,7,0,7,24,21,21,19,17,15,0,10,20,20,23,12,20,19,0,10,30,17,20,18,12,17,0,0,26,26,14,10,19,21,0,7,14,13,17,15,20,22,0,5,11,21,7,13,11,17,0,0,0,9,9,5,10,7
3,10,7,9,11,6,7,12,7,24,21,21,19,17,15,20,10,20,20,23,12,20,19,19,10,30,17,20,18,12,17,18,0,26,26,14,10,19,21,17,7,14,13,17,15,20,22,12,5,11,21,7,13,11,17,11,0,0,9,9,5,10,7,0
10,7,9,11,6,7,12,0,24,21,21,19,17,15,20,0,20,20,23,12,20,19,19,0,30,17,20,18,12,17,18,0,26,26,14,10,19,21,17,0,14,13,17,15,20,22,12,0,11,21,7,13,11,17,11,0,0,9,9,5,10,7,0,0
0,7,24,21,21,19,17,15,0,10,20,20,23,12,20,19,0,10,30,17,20,18,12,17,0,0,26,26,14,10,19,21,0,7,14,13,17,15,20,22,0,5,11,21,7,13,11,17,0,0,0,9,9,5,10,7,0,0,0,0,0,0,0,0
7,24,21,21,19,17,15,20,10,20,20,23,12,20,19,19,10,30,17,20,18,12,17,18,0,26,26,14,10,19,21,17,7,14,13,17,15,20,22,12,5,11,21,7,13,11,17,11,0,0,9,9,5,10,7,0,0,0,0,0,0,0,0,0
24,21,21,19,17,15,20,0,20,20,23,12,20,19,19,0,30,17,20,18,12,17,18,0,26,26,14,10,19,21,17,0,14,13,17,15,20,22,12,0,11,21,7,13,11,17,11,0,0,9,9,5,10,7,0,0,0,0,0,0,0,0,0,0
0,0,0,0,0,0,0,0,0,26,21,21,24,19,15,15,0,34,33,28,31,35,33,31,0,36,39,30,34,40,33,36,0,28,39,44,30,38,36,41,0,31,34,40,49,42,39,37,0,42,31,36,41,36,35,35,0,38,39,35,31,38,41,39
0,0,0,0,0,0,0,0,26,21,21,24,19,15,15,7,34,33,28,31,35,33,31,15,36,39,30,34,40,33,36,15,28,39,44,30,38,36,41,18,31,34,40,49,42,39,37,20,42,31,36,41,36,35,35,19,38,39,35,31,38,41,39,26
0,0,0,0,0,0,0,0,21,21,24,19,15,15,7,0,33,28,31,35,33,31,15,0,39,30,34,40,33,36,15,0,39,44,30,38,36,41,18,0,34,40,49,42,39,37,20,0,31,36,41,36,35,35,19,0,39,35,31,38,41,39,26,0
0,26,21,21,24,19,15,15,0,34,33,28,31,35,33,31,0,36,39,30,34,40,33,36,0,28,39,44,30,38,36,41,0,31,34,40,49,42,39,37,0,42,31,36,41,36,35,35,0,38,39,35,31,38,41,39,0,26,20,37,30,26,22,21
26,21,21,24,19,15,15,7,34,33,28,31,35,33,31,15,36,39,30,34,40,33,36,15,28,39,44,30,38,36,41,18,31,34,40,49,42,39,37,20,42,31,36,41,36,35,35,19,38,39,35,31,38,41,39,26,26,20,37,30,26,22,21,21
21,21,24,19,15,15,7,0,33,28,31,35,33,31,15,0,39,30,34,40,33,36,15,0,39,44,30,38,36,41,18,0,34,40,49,42,39,37,20,0,31,36,41,36,35,35,19,0,39,35,31,38,41,39,26,0,20,37,30,26,22,21,21,0
0,34,33,28,31,35,33,31,0,36,39,30,34,40,33,36,0,28,39,44,30,38,36,41,0,31,34,40,49,42,39,37,0,42,31,36,41,36,35,35,0,38,39,35,31,38,41,39,0,26,20,37,30,26,22,21,0,0,0,0,0,0,0,0
34,33,28,31,35,33,31,15,36,39,30,34,40,33,36,15,28,39,44,30,38,36,41,18,31,34,40,49,42,39,37,20,42,31,36,41,36,35,35,19,38,39,35,31,38,41,39,26,26,20,37,30,26,22,21,21,0,0,0,0,0,0,0,0
33,28,31,35,33,31,15,0,39,30,34,40,33,36,15,0,39,44,30,38,36,41,18,0,34,40,49,42,39,37,20,0,31,36,41,36,35,35,19,0,39,35,31,38,41,39,26,0,20,37,30,26,22,21,21,0,0,0,0,0,0,0,0,0
0,0,0,0,0,0,0,0,0,0,0,0,0,0,0,0,0,0,0,0,0,0,0,0,0,0,0,0,0,0,0,0,0,0,0,0,0,0,0,0,0,0,0,0,0,0,0,0,0,0,0,0,0,0,0,0,0,0,0,0,0,0,0,0
0,0,0,0,0,0,0,0,0,0,0,0,0,0,0,0,0,0,0,0,0,0,0,0,0,0,0,0,0,0,0,0,0,0,0,0,0,0,0,0,0,0,0,0,0,0,0,0,0,0,0,0,0,0,0,0,0,0,0,0,0,0,0,0
0,0,0,0,0,0,0,0,0,0,0,0,0,0,0,0,0,0,0,0,0,0,0,0,0,0,0,0,0,0,0,0,0,0,0,0,0,0,0,0,0,0,0,0,0,0,0,0,0,0,0,0,0,0,0,0,0,0,0,0,0,0,0,0
0,0,0,0,0,0,0,0,0,0,0,0,0,0,0,0,0,0,0,0,0,0,0,0,0,0,0,0,0,0,0,0,0,0,0,0,0,0,0,0,0,0,0,0,0,0,0,0,0,0,0,0,0,0,0,0,0,0,0,0,0,0,0,0
0,0,0,0,0,0,0,0,0,0,0,0,0,0,0,0,0,0,0,0,0,0,0,0,0,0,0,0,0,0,0,0,0,0,0,0,0,0,0,0,0,0,0,0,0,0,0,0,0,0,0,0,0,0,0,0,0,0,0,0,0,0,0,0
0,0,0,0,0,0,0,0,0,0,0,0,0,0,0,0,0,0,0,0,0,0,0,0,0,0,0,0,0,0,0,0,0,0,0,0,0,0,0,0,0,0,0,0,0,0,0,0,0,0,0,0,0,0,0,0,0,0,0,0,0,0,0,0
0,0,0,0,0,0,0,0,0,0,0,0,0,0,0,0,0,0,0,0,0,0,0,0,0,0,0,0,0,0,0,0,0,0,0,0,0,0,0,0,0,0,0,0,0,0,0,0,0,0,0,0,0,0,0,0,0,0,0,0,0,0,0,0
0,0,0,0,0,0,0,0,0,0,0,0,0,0,0,0,0,0,0,0,0,0,0,0,0,0,0,0,0,0,0,0,0,0,0,0,0,0,0,0,0,0,0,0,0,0,0,0,0,0,0,0,0,0,0,0,0,0,0,0,0,0,0,0
0,0,0,0,0,0,0,0,0,0,0,0,0,0,0,0,0,0,0,0,0,0,0,0,0,0,0,0,0,0,0,0,0,0,0,0,0,0,0,0,0,0,0,0,0,0,0,0,0,0,0,0,0,0,0,0,0,0,0,0,0,0,0,0
0,0,0,0,0,0,0,0,0,0,0,0,0,0,0,0,0,3,0,0,0,0,0,0,0,0,0,0,1,0,0,0,0,0,1,0,6,0,0,0,0,0,0,0,3,0,0,0,0,0,7,7,0,0,0,0,0,0,12,11,0,3,0,0
0,0,0,0,0,0,0,0,0,0,0,0,0,0,0,0,3,0,0,0,0,0,0,0,0,0,0,1,0,0,0,0,0,1,0,6,0,0,0,0,0,0,0,3,0,0,0,0,0,7,7,0,0,0,0,0,0,12,11,0,3,0,0,0
0,0,0,0,0,0,0,0,0,0,0,0,0,0,0,0,0,0,0,0,0,0,0,0,0,0,1,0,0,0,0,0,1,0,6,0,0,0,0,0,0,0,3,0,0,0,0,0,7,7,0,0,0,0,0,0,12,11,0,3,0,0,0,0
0,0,0,0,0,0,0,0,0,3,0,0,0,0,0,0,0,0,0,0,1,0,0,0,0,0,1,0,6,0,0,0,0,0,0,0,3,0,0,0,0,0,7,7,0,0,0,0,0,0,12,11,0,3,0,0,0,0,7,6,0,0,0,0
0,0,0,0,0,0,0,0,3,0,0,0,0,0,0,0,0,0,0,1,0,0,0,0,0,1,0,6,0,0,0,0,0,0,0,3,0,0,0,0,0,7,7,0,0,0,0,0,0,12,11,0,3,0,0,0,0,7,6,0,0,0,0,0
0,0,0,0,0,0,0,0,0,0,0,0,0,0,0,0,0,0,1,0,0,0,0,0,1,0,6,0,0,0,0,0,0,0,3,0,0,0,0,0,7,7,0,0,0,0,0,0,12,11,0,3,0,0,0,0,7,6,0,0,0,0,0,0
0,3,0,0,0,0,0,0,0,0,0,0,1,0,0,0,0,0,1,0,6,0,0,0,0,0,0,0,3,0,0,0,0,0,7,7,0,0,0,0,0,0,12,11,0,3,0,0,0,0,7,6,0,0,0,0,0,0,0,0,0,0,0,0
3,0,0,0,0,0,0,0,0,0,0,1,0,0,0,0,0,1,0,6,0,0,0,0,0,0,0,3,0,0,0,0,0,7,7,0,0,0,0,0,0,12,11,0,3,0,0,0,0,7,6,0,0,0,0,0,0,0,0,0,0,0,0,0
0,0,0,0,0,0,0,0,0,0,1,0,0,0,0,0,1,0,6,0,0,0,0,0,0,0,3,0,0,0,0,0,7,7,0,0,0,0,0,0,12,11,0,3,0,0,0,0,7,6,0,0,0,0,0,0,0,0,0,0,0,0,0,0
0,0,0,0,0,0,0,0,0,0,0,0,0,0,0,0,0,7,10,7,12,13,10,5,0,3,24,22,9,6,15,12,0,11,11,20,21,18,22,11,0,17,17,15,14,5,19,9,0,18,20,25,24,19,17,15,0,6,14,30,31,23,22,20
0,0,0,0,0,0,0,0,0,0,0,0,0,0,0,3,7,10,7,12,13,10,5,20,3,24,22,9,6,15,12,22,11,11,20,21,18,22,11,17,17,17,15,14,5,19,9,15,18,20,25,24,19,17,15,25,6,14,30,31,23,22,20,30
0,0,0,0,0,0,0,0,0,0,0,0,0,0,3,0,10,7,12,13,10,5,20,0,24,22,9,6,15,12,22,0,11,20,21,18,22,11,17,0,17,15,14,5,19,9,15,0,20,25,24,19,17,15,25,0,14,30,31,23,22,20,30,0
0,0,0,0,0,0,0,0,0,7,10,7,12,13,10,5,0,3,24,22,9,6,15,12,0,11,11,20,21,18,22,11,0,17,17,15,14,5,19,9,0,18,20,25,24,19,17,15,0,6,14,30,31,23,22,20,0,12,31,31,31,30,31,31
0,0,0,0,0,0,0,3,7,10,7,12,13,10,5,20,3,24,22,9,6,15,12,22,11,11,20,21,18,22,11,17,17,17,15,14,5,19,9,15,18,20,25,24,19,17,15,25,6,14,30,31,23,22,20,30,12,31,31,31,30,31,31,27
0,0,0,0,0,0,3,0,10,7,12,13,10,5,20,0,24,22,9,6,15,12,22,0,11,20,21,18,22,11,17,0,17,15,14,5,19,9,15,0,20,25,24,19,17,15,25,0,14,30,31,23,22,20,30,0,31,31,31,30,31,31,27,0
0,7,10,7,12,13,10,5,0,3,24,22,9,6,15,12,0,11,11,20,21,18,22,11,0,17,17,15,14,5,19,9,0,18,20,25,24,19,17,15,0,6,14,30,31,23,22,20,0,12,31,31,31,30,31,31,0,0,0,0,0,0,0,0
7,10,7,12,13,10,5,20,3,24,22,9,6,15,12,22,11,11,20,21,18,22,11,17,17,17,15,14,5,19,9,15,18,20,25,24,19,17,15,25,6,14,30,31,23,22,20,30,12,31,31,31,30,31,31,27,0,0,0,0,0,0,0,0
10,7,12,13,10,5,20,0,24,22,9,6,15,12,22,0,11,20,21,18,22,11,17,0,17,15,14,5,19,9,15,0,20,25,24,19,17,15,25,0,14,30,31,23,22,20,30,0,31,31,31,30,31,31,27,0,0,0,0,0,0,0,0,0
0,0,0,0,0,0,0,0,0,0,0,0,0,0,0,0,0,0,6,7,3,1,7,0,0,0,0,3,3,0,0,0,0,0,0,0,0,0,0,0,0,0,11,0,0,0,0,5,0,0,3,0,1,3,7,5,0,0,0,0,0,3,0,0
0,0,0,0,0,0,0,0,0,0,0,0,0,0,0,0,0,6,7,3,1,7,0,0,0,0,3,3,0,0,0,0,0,0,0,0,0,0,0,7,0,11,0,0,0,0,5,0,0,3,0,1,3,7,5,6,0,0,0,0,3,0,0,3
0,0,0,0,0,0,0,0,0,0,0,0,0,0,0,0,6,7,3,1,7,0,0,0,0,3,3,0,0,0,0,0,0,0,0,0,0,0,7,0,11,0,0,0,0,5,0,0,3,0,1,3,7,5,6,0,0,0,0,3,0,0,3,0
0,0,0,0,0,0,0,0,0,0,6,7,3,1,7,0,0,0,0,3,3,0,0,0,0,0,0,0,0,0,0,0,0,0,11,0,0,0,0,5,0,0,3,0,1,3,7,5,0,0,0,0,0,3,0,0,0,0,0,5,12,6,0,0
0,0,0,0,0,0,0,0,0,6,7,3,1,7,0,0,0,0,3,3,0,0,0,0,0,0,0,0,0,0,0,7,0,11,0,0,0,0,5,0,0,3,0,1,3,7,5,6,0,0,0,0,3,0,0,3,0,0,5,12,6,0,0,0
0,0,0,0,0,0,0,0,6,7,3,1,7,0,0,0,0,3,3,0,0,0,0,0,0,0,0,0,0,0,7,0,11,0,0,0,0,5,0,0,3,0,1,3,7,5,6,0,0,0,0,3,0,0,3,0,0,5,12,6,0,0,0,0
0,0,6,7,3,1,7,0,0,0,0,3,3,0,0,0,0,0,0,0,0,0,0,0,0,0,11,0,0,0,0,5,0,0,3,0,1,3,7,5,0,0,0,0,0,3,0,0,0,0,0,5,12,6,0,0,0,0,0,0,0,0,0,0
0,6,7,3,1,7,0,0,0,0,3,3,0,0,0,0,0,0,0,0,0,0,0,7,0,11,0,0,0,0,5,0,0,3,0,1,3,7,5,6,0,0,0,0,3,0,0,3,0,0,5,12,6,0,0,0,0,0,0,0,0,0,0,0
6,7,3,1,7,0,0,0,0,3,3,0,0,0,0,0,0,0,0,0,0,0,7,0,11,0,0,0,0,5,0,0,3,0,1,3,7,5,6,0,0,0,0,3,0,0,3,0,0,5,12,6,0,0,0,0,0,0,0,0,0,0,0,0
0,0,0,0,0,0,0,0,0,0,0,0,0,0,0,0,0,3,0,0,0,0,0,0,0,0,0,0,0,0,0,0,0,3,0,0,0,0,0,0,0,6,0,0,0,0,0,0,0,10,0,0,0,0,0,0,0,15,9,0,0,0,3,9
0,0,0,0,0,0,0,0,0,0,0,0,0,0,0,0,3,0,0,0,0,0,0,0,0,0,0,0,0,0,0,0,3,0,0,0,0,0,0,0,6,0,0,0,0,0,0,0,10,0,0,0,0,0,0,0,15,9,0,0,0,3,9,0
0,0,0,0,0,0,0,0,0,0,0,0,0,0,0,0,0,0,0,0,0,0,0,0,0,0,0,0,0,0,0,0,0,0,0,0,0,0,0,0,0,0,0,0,0,0,0,0,0,0,0,0,0,0,0,0,9,0,0,0,3,9,0,0
0,0,0,0,0,0,0,0,0,3,0,0,0,0,0,0,0,0,0,0,0,0,0,0,0,3,0,0,0,0,0,0,0,6,0,0,0,0,0,0,0,10,0,0,0,0,0,0,0,15,9,0,0,0,3,9,0,3,0,0,0,0,0,0
0,0,0,0,0,0,0,0,3,0,0,0,0,0,0,0,0,0,0,0,0,0,0,0,3,0,0,0,0,0,0,0,6,0,0,0,0,0,0,0,10,0,0,0,0,0,0,0,15,9,0,0,0,3,9,0,3,0,0,0,0,0,0,5
0,0,0,0,0,0,0,0,0,0,0,0,0,0,0,0,0,0,0,0,0,0,0,0,0,0,0,0,0,0,0,0,0,0,0,0,0,0,0,0,0,0,0,0,0,0,0,0,9,0,0,0,3,9,0,0,0,0,0,0,0,0,5,0
0,3,0,0,0,0,0,0,0,0,0,0,0,0,0,0,0,3,0,0,0,0,0,0,0,6,0,0,0,0,0,0,0,10,0,0,0,0,0,0,0,15,9,0,0,0,3,9,0,3,0,0,0,0,0,0,0,0,0,0,0,0,0,0
3,0,0,0,0,0,0,0,0,0,0,0,0,0,0,0,3,0,0,0,0,0,0,0,6,0,0,0,0,0,0,0,10,0,0,0,0,0,0,0,15,9,0,0,0,3,9,0,3,0,0,0,0,0,0,5,0,0,0,0,0,0,0,0
0,0,0,0,0,0,0,0,0,0,0,0,0,0,0,0,0,0,0,0,0,0,0,0,0,0,0,0,0,0,0,0,0,0,0,0,0,0,0,0,9,0,0,0,3,9,0,0,0,0,0,0,0,0,5,0,0,0,0,0,0,0,0,0
0,0,0,0,0,0,0,0,0,44,44,47,50,43,47,45,0,49,50,46,53,51,42,48,0,50,41,51,54,56,52,51,0,54,57,46,50,51,48,49,0,50,60,66,63,69,56,50,0,53,51,59,66,54,48,44,0,60,57,66,50,41,37,38
0,0,0,0,0,0,0,0,44,44,47,50,43,47,45,38,49,50,46,53,51,42,48,43,50,41,51,54,56,52,51,43,54,57,46,50,51,48,49,39,50,60,66,63,69,56,50,39,53,51,59,66,54,48,44,42,60,57,66,50,41,37,38,45
0,0,0,0,0,0,0,0,44,47,50,43,47,45,38,0,50,46,53,51,42,48,43,0,41,51,54,56,52,51,43,0,57,46,50,51,48,49,39,0,60,66,63,69,56,50,39,0,51,59,66,54,48,44,42,0,57,66,50,41,37,38,45,0
0,44,44,47,50,43,47,45,0,49,50,46,53,51,42,48,0,50,41,51,54,56,52,51,0,54,57,46,50,51,48,49,0,50,60,66,63,69,56,50,0,53,51,59,66,54,48,44,0,60,57,66,50,41,37,38,0,42,50,39,37,28,31,38
44,44,47,50,43,47,45,38,49,50,46,53,51,42,48,43,50,41,51,54,56,52,51,43,54,57,46,50,51,48,49,39,50,60,66,63,69,56,50,39,53,51,59,66,54,48,44,42,60,57,66,50,41,37,38,45,42,50,39,37,28,31,38,39
44,47,50,43,47,45,38,0,50,46,53,51,42,48,43,0,41,51,54,56,52,51,43,0,57,46,50,51,48,49,39,0,60,66,63,69,56,50,39,0,51,59,66,54,48,44,42,0,57,66,50,41,37,38,45,0,50,39,37,28,31,38,39,0
0,49,50,46,53,51,42,48,0,50,41,51,54,56,52,51,0,54,57,46,50,51,48,49,0,50,60,66,63,69,56,50,0,53,51,59,66,54,48,44,0,60,57,66,50,41,37,38,0,42,50,39,37,28,31,38,0,0,0,0,0,0,0,0
49,50,46,53,51,42,48,43,50,41,51,54,56,52,51,43,54,57,46,50,51,48,49,39,50,60,66,63,69,56,50,39,53,51,59,66,54,48,44,42,60,57,66,50,41,37,38,45,42,50,39,37,28,31,38,39,0,0,0,0,0,0,0,0
50,46,53,51,42,48,43,0,41,51,54,56,52,51,43,0,57,46,50,51,48,49,39,0,60,66,63,69,56,50,39,0,51,59,66,54,48,44,42,0,57,66,50,41,37,38,45,0,50,39,37,28,31,38,39,0,0,0,0,0,0,0,0,0
0,0,0,0,0,0,0,0,0,0,0,0,0,0,0,0,0,0,0,0,0,0,0,0,0,0,0,0,0,0,0,0,0,0,0,0,0,0,0,0,0,0,0,0,0,0,0,0,0,0,0,0,0,0,0,0,0,0,0,0,0,0,0,0
0,0,0,0,0,0,0,0,0,0,0,0,0,0,0,0,0,0,0,0,0,0,0,0,0,0,0,0,0,0,0,0,0,0,0,0,0,0,0,0,0,0,0,0,0,0,0,0,0,0,0,0,0,0,0,0,0,0,0,0,0,0,0,0
0,0,0,0,0,0,0,0,0,0,0,0,0,0,0,0,0,0,0,0,0,0,0,0,0,0,0,0,0,0,0,0,0,0,0,0,0,0,0,0,0,0,0,0,0,0,0,0,0,0,0,0,0,0,0,0,0,0,0,0,0,0,0,0
0,0,0,0,0,0,0,0,0,0,0,0,0,0,0,0,0,0,0,0,0,0,0,0,0,0,0,0,0,0,0,0,0,0,0,0,0,0,0,0,0,0,0,0,0,0,0,0,0,0,0,0,0,0,0,0,0,0,0,0,0,0,0,0
0,0,0,0,0,0,0,0,0,0,0,0,0,0,0,0,0,0,0,0,0,0,0,0,0,0,0,0,0,0,0,0,0,0,0,0,0,0,0,0,0,0,0,0,0,0,0,0,0,0,0,0,0,0,0,0,0,0,0,0,0,0,0,0
0,0,0,0,0,0,0,0,0,0,0,0,0,0,0,0,0,0,0,0,0,0,0,0,0,0,0,0,0,0,0,0,0,0,0,0,0,0,0,0,0,0,0,0,0,0,0,0,0,0,0,0,0,0,0,0,0,0,0,0,0,0,0,0
0,0,0,0,0,0,0,0,0,0,0,0,0,0,0,0,0,0,0,0,0,0,0,0,0,0,0,0,0,0,0,0,0,0,0,0,0,0,0,0,0,0,0,0,0,0,0,0,0,0,0,0,0,0,0,0,0,0,0,0,0,0,0,0
0,0,0,0,0,0,0,0,0,0,0,0,0,0,0,0,0,0,0,0,0,0,0,0,0,0,0,0,0,0,0,0,0,0,0,0,0,0,0,0,0,0,0,0,0,0,0,0,0,0,0,0,0,0,0,0,0,0,0,0,0,0,0,0
0,0,0,0,0,0,0,0,0,0,0,0,0,0,0,0,0,0,0,0,0,0,0,0,0,0,0,0,0,0,0,0,0,0,0,0,0,0,0,0,0,0,0,0,0,0,0,0,0,0,0,0,0,0,0,0,0,0,0,0,0,0,0,0
0,0,0,0,0,0,0,0,0,0,0,0,0,0,0,0,0,0,0,0,0,0,0,0,0,0,0,0,0,0,0,0,0,0,0,0,0,0,0,0,0,0,0,0,0,0,0,0,0,0,0,0,0,0,0,0,0,0,0,0,0,0,0,0
0,0,0,0,0,0,0,0,0,0,0,0,0,0,0,0,0,0,0,0,0,0,0,0,0,0,0,0,0,0,0,0,0,0,0,0,0,0,0,0,0,0,0,0,0,0,0,0,0,0,0,0,0,0,0,0,0,0,0,0,0,0,0,0
0,0,0,0,0,0,0,0,0,0,0,0,0,0,0,0,0,0,0,0,0,0,0,0,0,0,0,0,0,0,0,0,0,0,0,0,0,0,0,0,0,0,0,0,0,0,0,0,0,0,0,0,0,0,0,0,0,0,0,0,0,0,0,0
0,0,0,0,0,0,0,0,0,0,0,0,0,0,0,0,0,0,0,0,0,0,0,0,0,0,0,0,0,0,0,0,0,0,0,0,0,0,0,0,0,0,0,0,0,0,0,0,0,0,0,0,0,0,0,0,0,0,0,0,0,0,0,0
0,0,0,0,0,0,0,0,0,0,0,0,0,0,0,0,0,0,0,0,0,0,0,0,0,0,0,0,0,0,0,0,0,0,0,0,0,0,0,0,0,0,0,0,0,0,0,0,0,0,0,0,0,0,0,0,0,0,0,0,0,0,0,0
0,0,0,0,0,0,0,0,0,0,0,0,0,0,0,0,0,0,0,0,0,0,0,0,0,0,0,0,0,0,0,0,0,0,0,0,0,0,0,0,0,0,0,0,0,0,0,0,0,0,0,0,0,0,0,0,0,0,0,0,0,0,0,0
0,0,0,0,0,0,0,0,0,0,0,0,0,0,0,0,0,0,0,0,0,0,0,0,0,0,0,0,0,0,0,0,0,0,0,0,0,0,0,0,0,0,0,0,0,0,0,0,0,0,0,0,0,0,0,0,0,0,0,0,0,0,0,0
0,0,0,0,0,0,0,0,0,0,0,0,0,0,0,0,0,0,0,0,0,0,0,0,0,0,0,0,0,0,0,0,0,0,0,0,0,0,0,0,0,0,0,0,0,0,0,0,0,0,0,0,0,0,0,0,0,0,0,0,0,0,0,0
0,0,0,0,0,0,0,0,0,0,0,0,0,0,0,0,0,0,0,0,0,0,0,0,0,0,0,0,0,0,0,0,0,0,0,0,0,0,0,0,0,0,0,0,0,0,0,0,0,0,0,0,0,0,0,0,0,0,0,0,0,0,0,0
0,0,0,0,0,0,0,0,0,0,22,20,15,15,17,18,0,3,33,37,35,33,28,31,0,7,34,28,30,37,26,27,0,6,27,34,33,31,28,27,0,18,34,36,42,45,28,28,0,15,42,34,31,28,24,26,0,15,39,24,24,24,23,23
0,0,0,0,0,0,0,0,0,22,20,15,15,17,18,15,3,33,37,35,33,28,31,30,7,34,28,30,37,26,27,28,6,27,34,33,31,28,27,23,18,34,36,42,45,28,28,26,15,42,34,31,28,24,26,24,15,39,24,24,24,23,23,17
0,0,0,0,0,0,0,0,22,20,15,15,17,18,15,0,33,37,35,33,28,31,30,0,34,28,30,37,26,27,28,0,27,34,33,31,28,27,23,0,34,36,42,45,28,28,26,0,42,34,31,28,24,26,24,0,39,24,24,24,23,23,17,0
0,0,22,20,15,15,17,18,0,3,33,37,35,33,28,31,0,7,34,28,30,37,26,27,0,6,27,34,33,31,28,27,0,18,34,36,42,45,28,28,0,15,42,34,31,28,24,26,0,15,39,24,24,24,23,23,0,5,15,17,10,14,13,12
0,22,20,15,15,17,18,15,3,33,37,35,33,28,31,30,7,34,28,30,37,26,27,28,6,27,34,33,31,28,27,23,18,34,36,42,45,28,28,26,15,42,34,31,28,24,26,24,15,39,24,24,24,23,23,17,5,15,17,10,14,13,12,0
22,20,15,15,17,18,15,0,33,37,35,33,28,31,30,0,34,28,30,37,26,27,28,0,27,34,33,31,28,27,23,0,34,36,42,45,28,28,26,0,42,34,31,28,24,26,24,0,39,24,24,24,23,23,17,0,15,17,10,14,13,12,0,0
0,3,33,37,35,33,28,31,0,7,34,28,30,37,26,27,0,6,27,34,33,31,28,27,0,18,34,36,42,45,28,28,0,15,42,34,31,28,24,26,0,15,39,24,24,24,23,23,0,5,15,17,10,14,13,12,0,0,0,0,0,0,0,0
3,33,37,35,33,28,31,30,7,34,28,30,37,26,27,28,6,27,34,33,31,28,27,23,18,34,36,42,45,28,28,26,15,42,34,31,28,24,26,24,15,39,24,24,24,23,23,17,5,15,17,10,14,13,12,0,0,0,0,0,0,0,0,0
33,37,35,33,28,31,30,0,34,28,30,37,26,27,28,0,27,34,33,31,28,27,23,0,34,36,42,45,28,28,26,0,42,34,31,28,24,26,24,0,39,24,24,24,23,23,17,0,15,17,10,14,13,12,0,0,0,0,0,0,0,0,0,0
0,0,0,0,0,0,0,0,0,15,21,17,14,15,17,25,0,28,52,43,48,46,46,57,0,22,42,49,52,45,42,54,0,28,39,38,47,42,49,55,0,28,50,42,56,39,50,47,0,25,52,53,43,46,47,50,0,11,44,50,40,49,44,45
0,0,0,0,0,0,0,0,15,21,17,14,15,17,25,20,28,52,43,48,46,46,57,43,22,42,49,52,45,42,54,40,28,39,38,47,42,49,55,42,28,50,42,56,39,50,47,40,25,52,53,43,46,47,50,41,11,44,50,40,49,44,45,42
0,0,0,0,0,0,0,0,21,17,14,15,17,25,20,0,52,43,48,46,46,57,43,0,42,49,52,45,42,54,40,0,39,38,47,42,49,55,42,0,50,42,56,39,50,47,40,0,52,53,43,46,47,50,41,0,44,50,40,49,44,45,42,0
0,15,21,17,14,15,17,25,0,28,52,43,48,46,46,57,0,22,42,49,52,45,42,54,0,28,39,38,47,42,49,55,0,28,50,42,56,39,50,47,0,25,52,53,43,46,47,50,0,11,44,50,40,49,44,45,0,27,41,52,44,45,41,42
15,21,17,14,15,17,25,20,28,52,43,48,46,46,57,43,22,42,49,52,45,42,54,40,28,39,38,47,42,49,55,42,28,50,42,56,39,50,47,40,25,52,53,43,46,47,50,41,11,44,50,40,49,44,45,42,27,41,52,44,45,41,42,44
21,17,14,15,17,25,20,0,52,43,48,46,46,57,43,0,42,49,52,45,42,54,40,0,39,38,47,42,49,55,42,0,50,42,56,39,50,47,40,0,52,53,43,46,47,50,41,0,44,50,40,49,44,45,42,0,41,52,44,45,41,42,44,0
0,28,52,43,48,46,46,57,0,22,42,49,52,45,42,54,0,28,39,38,47,42,49,55,0,28,50,42,56,39,50,47,0,25,52,53,43,46,47,50,0,11,44,50,40,49,44,45,0,27,41,52,44,45,41,42,0,0,0,0,0,0,0,0
28,52,43,48,46,46,57,43,22,42,49,52,45,42,54,40,28,39,38,47,42,49,55,42,28,50,42,56,39,50,47,40,25,52,53,43,46,47,50,41,11,44,50,40,49,44,45,42,27,41,52,44,45,41,42,44,0,0,0,0,0,0,0,0
52,43,48,46,46,57,43,0,42,49,52,45,42,54,40,0,39,38,47,42,49,55,42,0,50,42,56,39,50,47,40,0,52,53,43,46,47,50,41,0,44,50,40,49,44,45,42,0,41,52,44,45,41,42,44,0,0,0,0,0,0,0,0,0
0,0,0,0,0,0,0,0,0,0,0,0,0,0,0,0,0,0,0,0,0,0,0,0,0,0,0,0,0,0,0,0,0,0,0,0,0,0,0,0,0,0,0,0,0,0,0,0,0,0,0,0,0,0,0,0,0,0,0,0,0,0,0,0
0,0,0,0,0,0,0,0,0,0,0,0,0,0,0,0,0,0,0,0,0,0,0,0,0,0,0,0,0,0,0,0,0,0,0,0,0,0,0,7,0,0,0,0,0,0,0,0,0,0,0,0,0,0,0,0,0,0,0,0,0,0,0,0
0,0,0,0,0,0,0,0,0,0,0,0,0,0,0,0,0,0,0,0,0,0,0,0,0,0,0,0,0,0,0,0,0,0,0,0,0,0,7,0,0,0,0,0,0,0,0,0,0,0,0,0,0,0,0,0,0,0,0,0,0,0,0,0
0,0,0,0,0,0,0,0,0,0,0,0,0,0,0,0,0,0,0,0,0,0,0,0,0,0,0,0,0,0,0,0,0,0,0,0,0,0,0,0,0,0,0,0,0,0,0,0,0,0,0,0,0,0,0,0,0,0,0,0,0,0,0,0
0,0,0,0,0,0,0,0,0,0,0,0,0,0,0,0,0,0,0,0,0,0,0,0,0,0,0,0,0,0,0,7,0,0,0,0,0,0,0,0,0,0,0,0,0,0,0,0,0,0,0,0,0,0,0,0,0,0,0,0,0,0,0,0
0,0,0,0,0,0,0,0,0,0,0,0,0,0,0,0,0,0,0,0,0,0,0,0,0,0,0,0,0,0,7,0,0,0,0,0,0,0,0,0,0,0,0,0,0,0,0,0,0,0,0,0,0,0,0,0,0,0,0,0,0,0,0,0
0,0,0,0,0,0,0,0,0,0,0,0,0,0,0,0,0,0,0,0,0,0,0,0,0,0,0,0,0,0,0,0,0,0,0,0,0,0,0,0,0,0,0,0,0,0,0,0,0,0,0,0,0,0,0,0,0,0,0,0,0,0,0,0
0,0,0,0,0,0,0,0,0,0,0,0,0,0,0,0,0,0,0,0,0,0,0,7,0,0,0,0,0,0,0,0,0,0,0,0,0,0,0,0,0,0,0,0,0,0,0,0,0,0,0,0,0,0,0,0,0,0,0,0,0,0,0,0
0,0,0,0,0,0,0,0,0,0,0,0,0,0,0,0,0,0,0,0,0,0,7,0,0,0,0,0,0,0,0,0,0,0,0,0,0,0,0,0,0,0,0,0,0,0,0,0,0,0,0,0,0,0,0,0,0,0,0,0,0,0,0,0
0,0,0,0,0,0,0,0,0,0,0,0,0,0,0,0,0,0,0,0,0,0,0,0,0,0,0,0,0,0,0,0,0,0,0,0,0,0,0,0,0,0,0,0,0,0,0,0,0,0,0,0,0,0,0,0,0,0,0,0,0,0,0,0
0,0,0,0,0,0,0,0,0,0,0,0,0,0,0,0,0,0,0,0,0,0,0,0,0,0,0,0,0,0,0,0,0,0,0,0,0,0,0,0,0,0,0,0,0,0,0,0,0,0,0,0,0,0,0,0,0,0,0,0,0,0,0,0
0,0,0,0,0,0,0,0,0,0,0,0,0,0,0,0,0,0,0,0,0,0,0,0,0,0,0,0,0,0,0,0,0,0,0,0,0,0,0,0,0,0,0,0,0,0,0,0,0,0,0,0,0,0,0,0,0,0,0,0,0,0,0,0
0,0,0,0,0,0,0,0,0,0,0,0,0,0,0,0,0,0,0,0,0,0,0,0,0,0,0,0,0,0,0,0,0,0,0,0,0,0,0,0,0,0,0,0,0,0,0,0,0,0,0,0,0,0,0,0,0,0,0,0,0,0,0,0
0,0,0,0,0,0,0,0,0,0,0,0,0,0,0,0,0,0,0,0,0,0,0,0,0,0,0,0,0,0,0,0,0,0,0,0,0,0,0,0,0,0,0,0,0,0,0,0,0,0,0,0,0,0,0,0,0,0,0,0,0,0,0,0
0,0,0,0,0,0,0,0,0,0,0,0,0,0,0,0,0,0,0,0,0,0,0,0,0,0,0,0,0,0,0,0,0,0,0,0,0,0,0,0,0,0,0,0,0,0,0,0,0,0,0,0,0,0,0,0,0,0,0,0,0,0,0,0
0,0,0,0,0,0,0,0,0,0,0,0,0,0,0,0,0,0,0,0,0,0,0,0,0,0,0,0,0,0,0,0,0,0,0,0,0,0,0,0,0,0,0,0,0,0,0,0,0,0,0,0,0,0,0,0,0,0,0,0,0,0,0,0
0,0,0,0,0,0,0,0,0,0,0,0,0,0,0,0,0,0,0,0,0,0,0,0,0,0,0,0,0,0,0,0,0,0,0,0,0,0,0,0,0,0,0,0,0,0,0,0,0,0,0,0,0,0,0,0,0,0,0,0,0,0,0,0
0,0,0,0,0,0,0,0,0,0,0,0,0,0,0,0,0,0,0,0,0,0,0,0,0,0,0,0,0,0,0,0,0,0,0,0,0,0,0,0,0,0,0,0,0,0,0,0,0,0,0,0,0,0,0,0,0,0,0,0,0,0,0,0
0,0,0,0,0,0,0,0,0,12,11,9,11,13,11,21,0,26,42,31,38,38,31,44,0,26,37,34,26,38,30,37,0,25,31,36,33,28,33,40,0,31,30,20,30,31,39,40,0,30,34,26,30,35,42,36,0,23,36,28,25,28,31,31
0,0,0,0,0,0,0,0,12,11,9,11,13,11,21,7,26,42,31,38,38,31,44,28,26,37,34,26,38,30,37,25,25,31,36,33,28,33,40,21,31,30,20,30,31,39,40,20,30,34,26,30,35,42,36,14,23,36,28,25,28,31,31,13
0,0,0,0,0,0,0,0,11,9,11,13,11,21,7,0,42,31,38,38,31,44,28,0,37,34,26,38,30,37,25,0,31,36,33,28,33,40,21,0,30,20,30,31,39,40,20,0,34,26,30,35,42,36,14,0,36,28,25,28,31,31,13,0
0,12,11,9,11,13,11,21,0,26,42,31,38,38,31,44,0,26,37,34,26,38,30,37,0,25,31,36,33,28,33,40,0,31,30,20,30,31,39,40,0,30,34,26,30,35,42,36,0,23,36,28,25,28,31,31,0,23,37,35,23,28,35,25
12,11,9,11,13,11,21,7,26,42,31,38,38,31,44,28,26,37,34,26,38,30,37,25,25,31,36,33,28,33,40,21,31,30,20,30,31,39,40,20,30,34,26,30,35,42,36,14,23,36,28,25,28,31,31,13,23,37,35,23,28,35,25,18
11,9,11,13,11,21,7,0,42,31,38,38,31,44,28,0,37,34,26,38,30,37,25,0,31,36,33,28,33,40,21,0,30,20,30,31,39,40,20,0,34,26,30,35,42,36,14,0,36,28,25,28,31,31,13,0,37,35,23,28,35,25,18,0
0,26,42,31,38,38,31,44,0,26,37,34,26,38,30,37,0,25,31,36,33,28,33,40,0,31,30,20,30,31,39,40,0,30,34,26,30,35,42,36,0,23,36,28,25,28,31,31,0,23,37,35,23,28,35,25,0,0,0,0,0,0,0,0
26,42,31,38,38,31,44,28,26,37,34,26,38,30,37,25,25,31,36,33,28,33,40,21,31,30,20,30,31,39,40,20,30,34,26,30,35,42,36,14,23,36,28,25,28,31,31,13,23,37,35,23,28,35,25,18,0,0,0,0,0,0,0,0
42,31,38,38,31,44,28,0,37,34,26,38,30,37,25,0,31,36,33,28,33,40,21,0,30,20,30,31,39,40,20,0,34,26,30,35,42,36,14,0,36,28,25,28,31,31,13,0,37,35,23,28,35,25,18,0,0,0,0,0,0,0,0,0
0,0,0,0,0,0,0,0,0,15,23,28,31,25,25,31,0,10,33,25,26,24,24,34,0,6,21,26,26,30,30,35,0,7,20,20,28,31,31,40,0,0,19,12,26,31,23,36,0,0,15,28,27,23,25,23,0,3,13,19,28,24,19,15
0,0,0,0,0,0,0,0,15,23,28,31,25,25,31,18,10,33,25,26,24,24,34,24,6,21,26,26,30,30,35,25,7,20,20,28,31,31,40,28,0,19,12,26,31,23,36,19,0,15,28,27,23,25,23,15,3,13,19,28,24,19,15,17
0,0,0,0,0,0,0,0,23,28,31,25,25,31,18,0,33,25,26,24,24,34,24,0,21,26,26,30,30,35,25,0,20,20,28,31,31,40,28,0,19,12,26,31,23,36,19,0,15,28,27,23,25,23,15,0,13,19,28,24,19,15,17,0
0,15,23,28,31,25,25,31,0,10,33,25,26,24,24,34,0,6,21,26,26,30,30,35,0,7,20,20,28,31,31,40,0,0,19,12,26,31,23,36,0,0,15,28,27,23,25,23,0,3,13,19,28,24,19,15,0,0,3,3,14,11,5,7
15,23,28,31,25,25,31,18,10,33,25,26,24,24,34,24,6,21,26,26,30,30,35,25,7,20,20,28,31,31,40,28,0,19,12,26,31,23,36,19,0,15,28,27,23,25,23,15,3,13,19,28,24,19,15,17,0,3,3,14,11,5,7,14
23,28,31,25,25,31,18,0,33,25,26,24,24,34,24,0,21,26,26,30,30,35,25,0,20,20,28,31,31,40,28,0,19,12,26,31,23,36,19,0,15,28,27,23,25,23,15,0,13,19,28,24,19,15,17,0,3,3,14,11,5,7,14,0
0,10,33,25,26,24,24,34,0,6,21,26,26,30,30,35,0,7,20,20,28,31,31,40,0,0,19,12,26,31,23,36,0,0,15,28,27,23,25,23,0,3,13,19,28,24,19,15,0,0,3,3,14,11,5,7,0,0,0,0,0,0,0,0
10,33,25,26,24,24,34,24,6,21,26,26,30,30,35,25,7,20,20,28,31,31,40,28,0,19,12,26,31,23,36,19,0,15,28,27,23,25,23,15,3,13,19,28,24,19,15,17,0,3,3,14,11,5,7,14,0,0,0,0,0,0,0,0
33,25,26,24,24,34,24,0,21,26,26,30,30,35,25,0,20,20,28,31,31,40,28,0,19,12,26,31,23,36,19,0,15,28,27,23,25,23,15,0,13,19,28,24,19,15,17,0,3,3,14,11,5,7,14,0,0,0,0,0,0,0,0,0
0,0,0,0,0,0,0,0,0,0,0,0,0,0,0,0,0,0,0,5,3,0,0,0,0,0,0,0,0,0,3,0,0,0,0,7,0,0,0,0,0,0,0,11,0,3,0,0,0,0,0,0,6,0,0,0,0,0,0,0,0,0,0,0
0,0,0,0,0,0,0,0,0,0,0,0,0,0,0,0,0,0,5,3,0,0,0,0,0,0,0,0,0,3,0,0,0,0,7,0,0,0,0,0,0,0,11,0,3,0,0,0,0,0,0,6,0,0,0,0,0,0,0,0,0,0,0,0
0,0,0,0,0,0,0,0,0,0,0,0,0,0,0,0,0,5,3,0,0,0,0,0,0,0,0,0,3,0,0,0,0,7,0,0,0,0,0,0,0,11,0,3,0,0,0,0,0,0,6,0,0,0,0,0,0,0,0,0,0,0,0,0
0,0,0,0,0,0,0,0,0,0,0,5,3,0,0,0,0,0,0,0,0,0,3,0,0,0,0,7,0,0,0,0,0,0,0,11,0,3,0,0,0,0,0,0,6,0,0,0,0,0,0,0,0,0,0,0,0,0,0,0,0,0,0,0
0,0,0,0,0,0,0,0,0,0,5,3,0,0,0,0,0,0,0,0,0,3,0,0,0,0,7,0,0,0,0,0,0,0,11,0,3,0,0,0,0,0,0,6,0,0,0,0,0,0,0,0,0,0,0,0,0,0,0,0,0,0,0,0
0,0,0,0,0,0,0,0,0,5,3,0,0,0,0,0,0,0,0,0,3,0,0,0,0,7,0,0,0,0,0,0,0,11,0,3,0,0,0,0,0,0,6,0,0,0,0,0,0,0,0,0,0,0,0,0,0,0,0,0,0,0,0,0
0,0,0,5,3,0,0,0,0,0,0,0,0,0,3,0,0,0,0,7,0,0,0,0,0,0,0,11,0,3,0,0,0,0,0,0,6,0,0,0,0,0,0,0,0,0,0,0,0,0,0,0,0,0,0,0,0,0,0,0,0,0,0,0
0,0,5,3,0,0,0,0,0,0,0,0,0,3,0,0,0,0,7,0,0,0,0,0,0,0,11,0,3,0,0,0,0,0,0,6,0,0,0,0,0,0,0,0,0,0,0,0,0,0,0,0,0,0,0,0,0,0,0,0,0,0,0,0
0,5,3,0,0,0,0,0,0,0,0,0,3,0,0,0,0,7,0,0,0,0,0,0,0,11,0,3,0,0,0,0,0,0,6,0,0,0,0,0,0,0,0,0,0,0,0,0,0,0,0,0,0,0,0,0,0,0,0,0,0,0,0,0
0,0,0,0,0,0,0,0,0,0,0,0,0,0,0,0,0,0,0,0,0,0,0,0,0,0,0,0,0,0,0,0,0,0,0,0,0,0,0,0,0,0,0,0,0,0,0,0,0,0,0,0,0,0,0,0,0,0,0,0,0,0,0,0
0,0,0,0,0,0,0,0,0,0,0,0,0,0,0,0,0,0,0,0,0,0,0,0,0,0,0,0,0,0,0,0,0,0,0,0,0,0,0,0,0,0,0,0,0,0,0,0,0,0,0,0,0,0,0,0,0,0,0,0,0,0,0,0
0,0,0,0,0,0,0,0,0,0,0,0,0,0,0,0,0,0,0,0,0,0,0,0,0,0,0,0,0,0,0,0,0,0,0,0,0,0,0,0,0,0,0,0,0,0,0,0,0,0,0,0,0,0,0,0,0,0,0,0,0,0,0,0
0,0,0,0,0,0,0,0,0,0,0,0,0,0,0,0,0,0,0,0,0,0,0,0,0,0,0,0,0,0,0,0,0,0,0,0,0,0,0,0,0,0,0,0,0,0,0,0,0,0,0,0,0,0,0,0,0,0,0,0,0,0,0,0
0,0,0,0,0,0,0,0,0,0,0,0,0,0,0,0,0,0,0,0,0,0,0,0,0,0,0,0,0,0,0,0,0,0,0,0,0,0,0,0,0,0,0,0,0,0,0,0,0,0,0,0,0,0,0,0,0,0,0,0,0,0,0,0
0,0,0,0,0,0,0,0,0,0,0,0,0,0,0,0,0,0,0,0,0,0,0,0,0,0,0,0,0,0,0,0,0,0,0,0,0,0,0,0,0,0,0,0,0,0,0,0,0,0,0,0,0,0,0,0,0,0,0,0,0,0,0,0
0,0,0,0,0,0,0,0,0,0,0,0,0,0,0,0,0,0,0,0,0,0,0,0,0,0,0,0,0,0,0,0,0,0,0,0,0,0,0,0,0,0,0,0,0,0,0,0,0,0,0,0,0,0,0,0,0,0,0,0,0,0,0,0
0,0,0,0,0,0,0,0,0,0,0,0,0,0,0,0,0,0,0,0,0,0,0,0,0,0,0,0,0,0,0,0,0,0,0,0,0,0,0,0,0,0,0,0,0,0,0,0,0,0,0,0,0,0,0,0,0,0,0,0,0,0,0,0
0,0,0,0,0,0,0,0,0,0,0,0,0,0,0,0,0,0,0,0,0,0,0,0,0,0,0,0,0,0,0,0,0,0,0,0,0,0,0,0,0,0,0,0,0,0,0,0,0,0,0,0,0,0,0,0,0,0,0,0,0,0,0,0
0,0,0,0,0,0,0,0,0,0,0,0,1,0,0,1,0,0,0,0,0,0,0,0,0,0,0,0,0,0,0,0,0,0,0,7,0,0,0,0,0,0,0,6,0,0,0,0,0,3,0,3,0,0,0,0,0,1,3,0,0,0,0,0
0,0,0,0,0,0,0,0,0,0,0,1,0,0,1,0,0,0,0,0,0,0,0,0,0,0,0,0,0,0,0,0,0,0,7,0,0,0,0,0,0,0,6,0,0,0,0,0,3,0,3,0,0,0,0,0,1,3,0,0,0,0,0,0
0,0,0,0,0,0,0,0,0,0,1,0,0,1,0,0,0,0,0,0,0,0,0,0,0,0,0,0,0,0,0,0,0,7,0,0,0,0,0,0,0,6,0,0,0,0,0,0,0,3,0,0,0,0,0,0,3,0,0,0,0,0,0,0
0,0,0,0,1,0,0,1,0,0,0,0,0,0,0,0,0,0,0,0,0,0,0,0,0,0,0,7,0,0,0,0,0,0,0,6,0,0,0,0,0,3,0,3,0,0,0,0,0,1,3,0,0,0,0,0,0,0,0,0,0,0,0,0
0,0,0,1,0,0,1,0,0,0,0,0,0,0,0,0,0,0,0,0,0,0,0,0,0,0,7,0,0,0,0,0,0,0,6,0,0,0,0,0,3,0,3,0,0,0,0,0,1,3,0,0,0,0,0,0,0,0,0,0,0,0,0,0
0,0,1,0,0,1,0,0,0,0,0,0,0,0,0,0,0,0,0,0,0,0,0,0,0,7,0,0,0,0,0,0,0,6,0,0,0,0,0,0,0,3,0,0,0,0,0,0,3,0,0,0,0,0,0,0,0,0,0,0,0,0,0,0
0,0,0,0,0,0,0,0,0,0,0,0,0,0,0,0,0,0,0,7,0,0,0,0,0,0,0,6,0,0,0,0,0,3,0,3,0,0,0,0,0,1,3,0,0,0,0,0,0,0,0,0,0,0,0,0,0,0,0,0,0,0,0,0
0,0,0,0,0,0,0,0,0,0,0,0,0,0,0,0,0,0,7,0,0,0,0,0,0,0,6,0,0,0,0,0,3,0,3,0,0,0,0,0,1,3,0,0,0,0,0,0,0,0,0,0,0,0,0,0,0,0,0,0,0,0,0,0
0,0,0,0,0,0,0,0,0,0,0,0,0,0,0,0,0,7,0,0,0,0,0,0,0,6,0,0,0,0,0,0,0,3,0,0,0,0,0,0,3,0,0,0,0,0,0,0,0,0,0,0,0,0,0,0,0,0,0,0,0,0,0,0
0,0,0,0,0,0,0,0,0,9,0,0,0,0,0,0,0,12,0,0,0,0,0,0,0,10,0,0,0,0,0,0,0,6,0,0,0,0,0,0,0,7,0,0,0,0,0,0,0,15,0,0,0,0,0,0,0,6,0,0,0,0,0,0
0,0,0,0,0,0,0,0,9,0,0,0,0,0,0,0,12,0,0,0,0,0,0,0,10,0,0,0,0,0,0,0,6,0,0,0,0,0,0,0,7,0,0,0,0,0,0,0,15,0,0,0,0,0,0,0,6,0,0,0,0,0,0,0
0,0,0,0,0,0,0,0,0,0,0,0,0,0,0,0,0,0,0,0,0,0,0,0,0,0,0,0,0,0,0,0,0,0,0,0,0,0,0,0,0,0,0,0,0,0,0,0,0,0,0,0,0,0,0,0,0,0,0,0,0,0,0,0
0,9,0,0,0,0,0,0,0,12,0,0,0,0,0,0,0,10,0,0,0,0,0,0,0,6,0,0,0,0,0,0,0,7,0,0,0,0,0,0,0,15,0,0,0,0,0,0,0,6,0,0,0,0,0,0,0,0,0,0,0,0,0,0
9,0,0,0,0,0,0,0,12,0,0,0,0,0,0,0,10,0,0,0,0,0,0,0,6,0,0,0,0,0,0,0,7,0,0,0,0,0,0,0,15,0,0,0,0,0,0,0,6,0,0,0,0,0,0,0,0,0,0,0,0,0,0,0
0,0,0,0,0,0,0,0,0,0,0,0,0,0,0,0,0,0,0,0,0,0,0,0,0,0,0,0,0,0,0,0,0,0,0,0,0,0,0,0,0,0,0,0,0,0,0,0,0,0,0,0,0,0,0,0,0,0,0,0,0,0,0,0
0,12,0,0,0,0,0,0,0,10,0,0,0,0,0,0,0,6,0,0,0,0,0,0,0,7,0,0,0,0,0,0,0,15,0,0,0,0,0,0,0,6,0,0,0,0,0,0,0,0,0,0,0,0,0,0,0,0,0,0,0,0,0,0
12,0,0,0,0,0,0,0,10,0,0,0,0,0,0,0,6,0,0,0,0,0,0,0,7,0,0,0,0,0,0,0,15,0,0,0,0,0,0,0,6,0,0,0,0,0,0,0,0,0,0,0,0,0,0,0,0,0,0,0,0,0,0,0
0,0,0,0,0,0,0,0,0,0,0,0,0,0,0,0,0,0,0,0,0,0,0,0,0,0,0,0,0,0,0,0,0,0,0,0,0,0,0,0,0,0,0,0,0,0,0,0,0,0,0,0,0,0,0,0,0,0,0,0,0,0,0,0
0,0,0,0,0,0,0,0,0,0,0,0,0,0,0,0,0,0,0,0,0,0,0,0,0,0,0,0,0,0,0,0,0,0,0,0,0,0,0,0,0,0,0,0,0,0,0,0,0,0,0,0,0,0,0,0,0,0,0,0,0,0,0,0
0,0,0,0,0,0,0,0,0,0,0,0,0,0,0,0,0,0,0,0,0,0,0,0,0,0,0,0,0,0,0,0,0,0,0,0,0,0,0,0,0,0,0,0,0,0,0,0,0,0,0,0,0,0,0,0,0,0,0,0,0,0,0,0
0,0,0,0,0,0,0,0,0,0,0,0,0,0,0,0,0,0,0,0,0,0,0,0,0,0,0,0,0,0,0,0,0,0,0,0,0,0,0,0,0,0,0,0,0,0,0,0,0,0,0,0,0,0,0,0,0,0,0,0,0,0,0,0
0,0,0,0,0,0,0,0,0,0,0,0,0,0,0,0,0,0,0,0,0,0,0,0,0,0,0,0,0,0,0,0,0,0,0,0,0,0,0,0,0,0,0,0,0,0,0,0,0,0,0,0,0,0,0,0,0,0,0,0,0,0,0,0
0,0,0,0,0,0,0,0,0,0,0,0,0,0,0,0,0,0,0,0,0,0,0,0,0,0,0,0,0,0,0,0,0,0,0,0,0,0,0,0,0,0,0,0,0,0,0,0,0,0,0,0,0,0,0,0,0,0,0,0,0,0,0,0
0,0,0,0,0,0,0,0,0,0,0,0,0,0,0,0,0,0,0,0,0,0,0,0,0,0,0,0,0,0,0,0,0,0,0,0,0,0,0,0,0,0,0,0,0,0,0,0,0,0,0,0,0,0,0,0,0,0,0,0,0,0,0,0
0,0,0,0,0,0,0,0,0,0,0,0,0,0,0,0,0,0,0,0,0,0,0,0,0,0,0,0,0,0,0,0,0,0,0,0,0,0,0,0,0,0,0,0,0,0,0,0,0,0,0,0,0,0,0,0,0,0,0,0,0,0,0,0
0,0,0,0,0,0,0,0,0,0,0,0,0,0,0,0,0,0,0,0,0,0,0,0,0,0,0,0,0,0,0,0,0,0,0,0,0,0,0,0,0,0,0,0,0,0,0,0,0,0,0,0,0,0,0,0,0,0,0,0,0,0,0,0
0,0,0,0,0,0,0,0,0,0,0,0,0,0,0,0,0,0,0,0,0,0,0,0,0,0,0,0,0,0,0,0,0,0,0,0,0,0,0,0,0,0,0,0,0,0,0,0,0,0,0,0,0,0,0,0,0,0,0,0,0,0,0,0
0,0,0,0,0,0,0,0,0,0,1,7,1,7,3,0,0,0,1,0,3,3,0,0,0,0,0,0,0,12,0,0,0,0,0,0,0,5,0,3,0,0,0,0,0,6,0,3,0,0,0,0,0,0,0,0,0,3,0,0,0,0,0,0
0,0,0,0,0,0,0,0,0,1,7,1,7,3,0,5,0,1,0,3,3,0,0,0,0,0,0,0,12,0,0,0,0,0,0,0,5,0,3,0,0,0,0,0,6,0,3,0,0,0,0,0,0,0,0,0,3,0,0,0,0,0,0,0
0,0,0,0,0,0,0,0,1,7,1,7,3,0,5,0,1,0,3,3,0,0,0,0,0,0,0,12,0,0,0,0,0,0,0,5,0,3,0,0,0,0,0,6,0,3,0,0,0,0,0,0,0,0,0,0,0,0,0,0,0,0,0,0
0,0,1,7,1,7,3,0,0,0,1,0,3,3,0,0,0,0,0,0,0,12,0,0,0,0,0,0,0,5,0,3,0,0,0,0,0,6,0,3,0,0,0,0,0,0,0,0,0,3,0,0,0,0,0,0,0,5,0,0,0,0,0,0
0,1,7,1,7,3,0,5,0,1,0,3,3,0,0,0,0,0,0,0,12,0,0,0,0,0,0,0,5,0,3,0,0,0,0,0,6,0,3,0,0,0,0,0,0,0,0,0,3,0,0,0,0,0,0,0,5,0,0,0,0,0,0,0
1,7,1,7,3,0,5,0,1,0,3,3,0,0,0,0,0,0,0,12,0,0,0,0,0,0,0,5,0,3,0,0,0,0,0,6,0,3,0,0,0,0,0,0,0,0,0,0,0,0,0,0,0,0,0,0,0,0,0,0,0,0,0,0
0,0,1,0,3,3,0,0,0,0,0,0,0,12,0,0,0,0,0,0,0,5,0,3,0,0,0,0,0,6,0,3,0,0,0,0,0,0,0,0,0,3,0,0,0,0,0,0,0,5,0,0,0,0,0,0,0,0,0,0,0,0,0,0
0,1,0,3,3,0,0,0,0,0,0,0,12,0,0,0,0,0,0,0,5,0,3,0,0,0,0,0,6,0,3,0,0,0,0,0,0,0,0,0,3,0,0,0,0,0,0,0,5,0,0,0,0,0,0,0,0,0,0,0,0,0,0,0
1,0,3,3,0,0,0,0,0,0,0,12,0,0,0,0,0,0,0,5,0,3,0,0,0,0,0,6,0,3,0,0,0,0,0,0,0,0,0,0,0,0,0,0,0,0,0,0,0,0,0,0,0,0,0,0,0,0,0,0,0,0,0,0
0,0,0,0,0,0,0,0,0,19,27,28,30,28,28,26,0,19,15,15,13,9,5,14,0,19,13,10,7,18,10,21,0,15,11,12,7,20,10,14,0,11,6,12,17,3,12,10,0,11,5,11,7,5,3,6,0,15,1,0,3,0,3,5
0,0,0,0,0,0,0,0,19,27,28,30,28,28,26,17,19,15,15,13,9,5,14,5,19,13,10,7,18,10,21,7,15,11,12,7,20,10,14,6,11,6,12,17,3,12,10,3,11,5,11,7,5,3,6,5,15,1,0,3,0,3,5,0
0,0,0,0,0,0,0,0,27,28,30,28,28,26,17,0,15,15,13,9,5,14,5,0,13,10,7,18,10,21,7,0,11,12,7,20,10,14,6,0,6,12,17,3,12,10,3,0,5,11,7,5,3,6,5,0,1,0,3,0,3,5,0,0
0,19,27,28,30,28,28,26,0,19,15,15,13,9,5,14,0,19,13,10,7,18,10,21,0,15,11,12,7,20,10,14,0,11,6,12,17,3,12,10,0,11,5,11,7,5,3,6,0,15,1,0,3,0,3,5,0,10,7,5,9,7,7,7
19,27,28,30,28,28,26,17,19,15,15,13,9,5,14,5,19,13,10,7,18,10,21,7,15,11,12,7,20,10,14,6,11,6,12,17,3,12,10,3,11,5,11,7,5,3,6,5,15,1,0,3,0,3,5,0,10,7,5,9,7,7,7,3
27,28,30,28,28,26,17,0,15,15,13,9,5,14,5,0,13,10,7,18,10,21,7,0,11,12,7,20,10,14,6,0,6,12,17,3,12,10,3,0,5,11,7,5,3,6,5,0,1,0,3,0,3,5,0,0,7,5,9,7,7,7,3,0
0,19,15,15,13,9,5,14,0,19,13,10,7,18,10,21,0,15,11,12,7,20,10,14,0,11,6,12,17,3,12,10,0,11,5,11,7,5,3,6,0,15,1,0,3,0,3,5,0,10,7,5,9,7,7,7,0,0,0,0,0,0,0,0
19,15,15,13,9,5,14,5,19,13,10,7,18,10,21,7,15,11,12,7,20,10,14,6,11,6,12,17,3,12,10,3,11,5,11,7,5,3,6,5,15,1,0,3,0,3,5,0,10,7,5,9,7,7,7,3,0,0,0,0,0,0,0,0
15,15,13,9,5,14,5,0,13,10,7,18,10,21,7,0,11,12,7,20,10,14,6,0,6,12,17,3,12,10,3,0,5,11,7,5,3,6,5,0,1,0,3,0,3,5,0,0,7,5,9,7,7,7,3,0,0,0,0,0,0,0,0,0
0,0,0,0,0,0,0,0,0,17,15,14,14,14,9,15,0,20,25,31,18,24,19,20,0,22,31,15,30,18,15,19,0,28,30,26,31,10,13,19,0,28,33,31,26,26,26,21,0,23,36,23,15,19,18,15,0,28,43,27,18,18,14,9
0,0,0,0,0,0,0,0,17,15,14,14,14,9,15,0,20,25,31,18,24,19,20,0,22,31,15,30,18,15,19,0,28,30,26,31,10,13,19,0,28,33,31,26,26,26,21,0,23,36,23,15,19,18,15,0,28,43,27,18,18,14,9,0
0,0,0,0,0,0,0,0,15,14,14,14,9,15,0,0,25,31,18,24,19,20,0,0,31,15,30,18,15,19,0,0,30,26,31,10,13,19,0,0,33,31,26,26,26,21,0,0,36,23,15,19,18,15,0,0,43,27,18,18,14,9,0,0
0,17,15,14,14,14,9,15,0,20,25,31,18,24,19,20,0,22,31,15,30,18,15,19,0,28,30,26,31,10,13,19,0,28,33,31,26,26,26,21,0,23,36,23,15,19,18,15,0,28,43,27,18,18,14,9,0,21,9,10,6,0,0,0
17,15,14,14,14,9,15,0,20,25,31,18,24,19,20,0,22,31,15,30,18,15,19,0,28,30,26,31,10,13,19,0,28,33,31,26,26,26,21,0,23,36,23,15,19,18,15,0,28,43,27,18,18,14,9,0,21,9,10,6,0,0,0,0
15,14,14,14,9,15,0,0,25,31,18,24,19,20,0,0,31,15,30,18,15,19,0,0,30,26,31,10,13,19,0,0,33,31,26,26,26,21,0,0,36,23,15,19,18,15,0,0,43,27,18,18,14,9,0,0,9,10,6,0,0,0,0,0
0,20,25,31,18,24,19,20,0,22,31,15,30,18,15,19,0,28,30,26,31,10,13,19,0,28,33,31,26,26,26,21,0,23,36,23,15,19,18,15,0,28,43,27,18,18,14,9,0,21,9,10,6,0,0,0,0,0,0,0,0,0,0,0
20,25,31,18,24,19,20,0,22,31,15,30,18,15,19,0,28,30,26,31,10,13,19,0,28,33,31,26,26,26,21,0,23,36,23,15,19,18,15,0,28,43,27,18,18,14,9,0,21,9,10,6,0,0,0,0,0,0,0,0,0,0,0,0
25,31,18,24,19,20,0,0,31,15,30,18,15,19,0,0,30,26,31,10,13,19,0,0,33,31,26,26,26,21,0,0,36,23,15,19,18,15,0,0,43,27,18,18,14,9,0,0,9,10,6,0,0,0,0,0,0,0,0,0,0,0,0,0
0,0,0,0,0,0,0,0,0,0,0,0,0,0,0,0,0,0,3,0,0,0,0,5,0,0,3,5,3,0,3,7,0,1,5,9,0,7,10,7,0,0,7,9,7,15,1,0,0,0,7,10,1,7,0,0,0,0,7,0,9,0,0,0
0,0,0,0,0,0,0,0,0,0,0,0,0,0,0,0,0,3,0,0,0,0,5,0,0,3,5,3,0,3,7,0,1,5,9,0,7,10,7,0,0,7,9,7,15,1,0,0,0,7,10,1,7,0,0,0,0,7,0,9,0,0,0,0
0,0,0,0,0,0,0,0,0,0,0,0,0,0,0,0,3,0,0,0,0,5,0,0,3,5,3,0,3,7,0,0,5,9,0,7,10,7,0,0,7,9,7,15,1,0,0,0,7,10,1,7,0,0,0,0,7,0,9,0,0,0,0,0
0,0,0,0,0,0,0,0,0,0,3,0,0,0,0,5,0,0,3,5,3,0,3,7,0,1,5,9,0,7,10,7,0,0,7,9,7,15,1,0,0,0,7,10,1,7,0,0,0,0,7,0,9,0,0,0,0,3,7,7,13,3,0,5
0,0,0,0,0,0,0,0,0,3,0,0,0,0,5,0,0,3,5,3,0,3,7,0,1,5,9,0,7,10,7,0,0,7,9,7,15,1,0,0,0,7,10,1,7,0,0,0,0,7,0,9,0,0,0,0,3,7,7,13,3,0,5,0
0,0,0,0,0,0,0,0,3,0,0,0,0,5,0,0,3,5,3,0,3,7,0,0,5,9,0,7,10,7,0,0,7,9,7,15,1,0,0,0,7,10,1,7,0,0,0,0,7,0,9,0,0,0,0,0,7,7,13,3,0,5,0,0
0,0,3,0,0,0,0,5,0,0,3,5,3,0,3,7,0,1,5,9,0,7,10,7,0,0,7,9,7,15,1,0,0,0,7,10,1,7,0,0,0,0,7,0,9,0,0,0,0,3,7,7,13,3,0,5,0,0,0,0,0,0,0,0
0,3,0,0,0,0,5,0,0,3,5,3,0,3,7,0,1,5,9,0,7,10,7,0,0,7,9,7,15,1,0,0,0,7,10,1,7,0,0,0,0,7,0,9,0,0,0,0,3,7,7,13,3,0,5,0,0,0,0,0,0,0,0,0
3,0,0,0,0,5,0,0,3,5,3,0,3,7,0,0,5,9,0,7,10,7,0,0,7,9,7,15,1,0,0,0,7,10,1,7,0,0,0,0,7,0,9,0,0,0,0,0,7,7,13,3,0,5,0,0,0,0,0,0,0,0,0,0
0,0,0,0,0,0,0,0,0,28,28,37,36,31,31,30,0,15,18,24,26,18,22,17,0,11,23,18,21,26,21,15,0,12,19,15,21,14,23,15,0,10,5,6,15,22,17,7,0,15,0,18,13,18,7,15,0,15,9,0,1,10,13,10
0,0,0,0,0,0,0,0,28,28,37,36,31,31,30,31,15,18,24,26,18,22,17,35,11,23,18,21,26,21,15,34,12,19,15,21,14,23,15,33,10,5,6,15,22,17,7,28,15,0,18,13,18,7,15,31,15,9,0,1,10,13,10,26
0,0,0,0,0,0,0,0,28,37,36,31,31,30,31,0,18,24,26,18,22,17,35,0,23,18,21,26,21,15,34,0,19,15,21,14,23,15,33,0,5,6,15,22,17,7,28,0,0,18,13,18,7,15,31,0,9,0,1,10,13,10,26,0
0,28,28,37,36,31,31,30,0,15,18,24,26,18,22,17,0,11,23,18,21,26,21,15,0,12,19,15,21,14,23,15,0,10,5,6,15,22,17,7,0,15,0,18,13,18,7,15,0,15,9,0,1,10,13,10,0,21,20,21,24,27,28,26
28,28,37,36,31,31,30,31,15,18,24,26,18,22,17,35,11,23,18,21,26,21,15,34,12,19,15,21,14,23,15,33,10,5,6,15,22,17,7,28,15,0,18,13,18,7,15,31,15,9,0,1,10,13,10,26,21,20,21,24,27,28,26,25
28,37,36,31,31,30,31,0,18,24,26,18,22,17,35,0,23,18,21,26,21,15,34,0,19,15,21,14,23,15,33,0,5,6,15,22,17,7,28,0,0,18,13,18,7,15,31,0,9,0,1,10,13,10,26,0,20,21,24,27,28,26,25,0
0,15,18,24,26,18,22,17,0,11,23,18,21,26,21,15,0,12,19,15,21,14,23,15,0,10,5,6,15,22,17,7,0,15,0,18,13,18,7,15,0,15,9,0,1,10,13,10,0,21,20,21,24,27,28,26,0,0,0,0,0,0,0,0
15,18,24,26,18,22,17,35,11,23,18,21,26,21,15,34,12,19,15,21,14,23,15,33,10,5,6,15,22,17,7,28,15,0,18,13,18,7,15,31,15,9,0,1,10,13,10,26,21,20,21,24,27,28,26,25,0,0,0,0,0,0,0,0
18,24,26,18,22,17,35,0,23,18,21,26,21,15,34,0,19,15,21,14,23,15,33,0,5,6,15,22,17,7,28,0,0,18,13,18,7,15,31,0,9,0,1,10,13,10,26,0,20,21,24,27,28,26,25,0,0,0,0,0,0,0,0,0
0,0,0,0,0,0,0,0,0,0,0,0,0,0,0,0,0,0,0,0,0,0,0,0,0,0,0,0,0,0,0,0,0,0,0,0,0,0,0,0,0,0,0,0,0,0,0,0,0,0,0,0,0,0,0,0,0,0,0,0,0,0,0,0
0,0,0,0,0,0,0,0,0,0,0,0,0,0,0,3,0,0,0,0,0,0,0,0,0,0,0,0,0,0,0,0,0,0,0,0,0,0,0,0,0,0,0,0,0,0,0,0,0,0,0,0,0,0,0,0,0,0,0,0,0,0,0,0
0,0,0,0,0,0,0,0,0,0,0,0,0,0,3,0,0,0,0,0,0,0,0,0,0,0,0,0,0,0,0,0,0,0,0,0,0,0,0,0,0,0,0,0,0,0,0,0,0,0,0,0,0,0,0,0,0,0,0,0,0,0,0,0
0,0,0,0,0,0,0,0,0,0,0,0,0,0,0,0,0,0,0,0,0,0,0,0,0,0,0,0,0,0,0,0,0,0,0,0,0,0,0,0,0,0,0,0,0,0,0,0,0,0,0,0,0,0,0,0,0,0,0,0,0,0,0,0
0,0,0,0,0,0,0,3,0,0,0,0,0,0,0,0,0,0,0,0,0,0,0,0,0,0,0,0,0,0,0,0,0,0,0,0,0,0,0,0,0,0,0,0,0,0,0,0,0,0,0,0,0,0,0,0,0,0,0,0,0,0,0,0
0,0,0,0,0,0,3,0,0,0,0,0,0,0,0,0,0,0,0,0,0,0,0,0,0,0,0,0,0,0,0,0,0,0,0,0,0,0,0,0,0,0,0,0,0,0,0,0,0,0,0,0,0,0,0,0,0,0,0,0,0,0,0,0
0,0,0,0,0,0,0,0,0,0,0,0,0,0,0,0,0,0,0,0,0,0,0,0,0,0,0,0,0,0,0,0,0,0,0,0,0,0,0,0,0,0,0,0,0,0,0,0,0,0,0,0,0,0,0,0,0,0,0,0,0,0,0,0
0,0,0,0,0,0,0,0,0,0,0,0,0,0,0,0,0,0,0,0,0,0,0,0,0,0,0,0,0,0,0,0,0,0,0,0,0,0,0,0,0,0,0,0,0,0,0,0,0,0,0,0,0,0,0,0,0,0,0,0,0,0,0,0
0,0,0,0,0,0,0,0,0,0,0,0,0,0,0,0,0,0,0,0,0,0,0,0,0,0,0,0,0,0,0,0,0,0,0,0,0,0,0,0,0,0,0,0,0,0,0,0,0,0,0,0,0,0,0,0,0,0,0,0,0,0,0,0
0,0,0,0,0,0,0,0,0,14,28,28,30,24,31,43,0,15,31,35,31,31,37,42,0,12,31,28,40,36,27,42,0,7,33,28,30,31,35,44,0,9,34,39,31,34,40,41,0,18,38,39,42,37,40,36,0,23,38,34,24,31,38,31
0,0,0,0,0,0,0,0,14,28,28,30,24,31,43,30,15,31,35,31,31,37,42,37,12,31,28,40,36,27,42,35,7,33,28,30,31,35,44,35,9,34,39,31,34,40,41,43,18,38,39,42,37,40,36,38,23,38,34,24,31,38,31,35
0,0,0,0,0,0,0,0,28,28,30,24,31,43,30,0,31,35,31,31,37,42,37,0,31,28,40,36,27,42,35,0,33,28,30,31,35,44,35,0,34,39,31,34,40,41,43,0,38,39,42,37,40,36,38,0,38,34,24,31,38,31,35,0
0,14,28,28,30,24,31,43,0,15,31,35,31,31,37,42,0,12,31,28,40,36,27,42,0,7,33,28,30,31,35,44,0,9,34,39,31,34,40,41,0,18,38,39,42,37,40,36,0,23,38,34,24,31,38,31,0,6,27,24,22,22,24,22
14,28,28,30,24,31,43,30,15,31,35,31,31,37,42,37,12,31,28,40,36,27,42,35,7,33,28,30,31,35,44,35,9,34,39,31,34,40,41,43,18,38,39,42,37,40,36,38,23,38,34,24,31,38,31,35,6,27,24,22,22,24,22,27
28,28,30,24,31,43,30,0,31,35,31,31,37,42,37,0,31,28,40,36,27,42,35,0,33,28,30,31,35,44,35,0,34,39,31,34,40,41,43,0,38,39,42,37,40,36,38,0,38,34,24,31,38,31,35,0,27,24,22,22,24,22,27,0
0,15,31,35,31,31,37,42,0,12,31,28,40,36,27,42,0,7,33,28,30,31,35,44,0,9,34,39,31,34,40,41,0,18,38,39,42,37,40,36,0,23,38,34,24,31,38,31,0,6,27,24,22,22,24,22,0,0,0,0,0,0,0,0
15,31,35,31,31,37,42,37,12,31,28,40,36,27,42,35,7,33,28,30,31,35,44,35,9,34,39,31,34,40,41,43,18,38,39,42,37,40,36,38,23,38,34,24,31,38,31,35,6,27,24,22,22,24,22,27,0,0,0,0,0,0,0,0
31,35,31,31,37,42,37,0,31,28,40,36,27,42,35,0,33,28,30,31,35,44,35,0,34,39,31,34,40,41,43,0,38,39,42,37,40,36,38,0,38,34,24,31,38,31,35,0,27,24,22,22,24,22,27,0,0,0,0,0,0,0,0,0
0,0,0,0,0,0,0,0,0,20,17,14,13,10,13,6,0,31,25,33,25,19,23,17,0,26,25,31,27,15,15,5,0,26,28,27,15,17,14,1,0,23,25,30,24,17,17,13,0,26,23,15,14,6,12,14,0,19,17,9,7,11,5,3
0,0,0,0,0,0,0,0,20,17,14,13,10,13,6,12,31,25,33,25,19,23,17,21,26,25,31,27,15,15,5,21,26,28,27,15,17,14,1,15,23,25,30,24,17,17,13,19,26,23,15,14,6,12,14,13,19,17,9,7,11,5,3,14
0,0,0,0,0,0,0,0,17,14,13,10,13,6,12,0,25,33,25,19,23,17,21,0,25,31,27,15,15,5,21,0,28,27,15,17,14,1,15,0,25,30,24,17,17,13,19,0,23,15,14,6,12,14,13,0,17,9,7,11,5,3,14,0
0,20,17,14,13,10,13,6,0,31,25,33,25,19,23,17,0,26,25,31,27,15,15,5,0,26,28,27,15,17,14,1,0,23,25,30,24,17,17,13,0,26,23,15,14,6,12,14,0,19,17,9,7,11,5,3,0,18,13,17,12,12,13,17
20,17,14,13,10,13,6,12,31,25,33,25,19,23,17,21,26,25,31,27,15,15,5,21,26,28,27,15,17,14,1,15,23,25,30,24,17,17,13,19,26,23,15,14,6,12,14,13,19,17,9,7,11,5,3,14,18,13,17,12,12,13,17,18
17,14,13,10,13,6,12,0,25,33,25,19,23,17,21,0,25,31,27,15,15,5,21,0,28,27,15,17,14,1,15,0,25,30,24,17,17,13,19,0,23,15,14,6,12,14,13,0,17,9,7,11,5,3,14,0,13,17,12,12,13,17,18,0
0,31,25,33,25,19,23,17,0,26,25,31,27,15,15,5,0,26,28,27,15,17,14,1,0,23,25,30,24,17,17,13,0,26,23,15,14,6,12,14,0,19,17,9,7,11,5,3,0,18,13,17,12,12,13,17,0,0,0,0,0,0,0,0
31,25,33,25,19,23,17,21,26,25,31,27,15,15,5,21,26,28,27,15,17,14,1,15,23,25,30,24,17,17,13,19,26,23,15,14,6,12,14,13,19,17,9,7,11,5,3,14,18,13,17,12,12,13,17,18,0,0,0,0,0,0,0,0
25,33,25,19,23,17,21,0,25,31,27,15,15,5,21,0,28,27,15,17,14,1,15,0,25,30,24,17,17,13,19,0,23,15,14,6,12,14,13,0,17,9,7,11,5,3,14,0,13,17,12,12,13,17,18,0,0,0,0,0,0,0,0,0
0,0,0,0,0,0,0,0,0,0,0,0,0,0,0,0,0,0,0,0,0,0,0,0,0,0,0,0,0,0,0,0,0,0,0,0,0,0,0,0,0,0,0,0,0,0,0,0,0,0,0,0,0,0,0,0,0,0,0,0,0,0,0,0
0,0,0,0,0,0,0,0,0,0,0,0,0,0,0,0,0,0,0,0,0,0,0,0,0,0,0,0,0,0,0,0,0,0,0,0,0,0,0,0,0,0,0,0,0,0,0,0,0,0,0,0,0,0,0,0,0,0,0,0,0,0,0,0
0,0,0,0,0,0,0,0,0,0,0,0,0,0,0,0,0,0,0,0,0,0,0,0,0,0,0,0,0,0,0,0,0,0,0,0,0,0,0,0,0,0,0,0,0,0,0,0,0,0,0,0,0,0,0,0,0,0,0,0,0,0,0,0
0,0,0,0,0,0,0,0,0,0,0,0,0,0,0,0,0,0,0,0,0,0,0,0,0,0,0,0,0,0,0,0,0,0,0,0,0,0,0,0,0,0,0,0,0,0,0,0,0,0,0,0,0,0,0,0,0,0,0,0,0,0,0,0
0,0,0,0,0,0,0,0,0,0,0,0,0,0,0,0,0,0,0,0,0,0,0,0,0,0,0,0,0,0,0,0,0,0,0,0,0,0,0,0,0,0,0,0,0,0,0,0,0,0,0,0,0,0,0,0,0,0,0,0,0,0,0,0
0,0,0,0,0,0,0,0,0,0,0,0,0,0,0,0,0,0,0,0,0,0,0,0,0,0,0,0,0,0,0,0,0,0,0,0,0,0,0,0,0,0,0,0,0,0,0,0,0,0,0,0,0,0,0,0,0,0,0,0,0,0,0,0
0,0,0,0,0,0,0,0,0,0,0,0,0,0,0,0,0,0,0,0,0,0,0,0,0,0,0,0,0,0,0,0,0,0,0,0,0,0,0,0,0,0,0,0,0,0,0,0,0,0,0,0,0,0,0,0,0,0,0,0,0,0,0,0
0,0,0,0,0,0,0,0,0,0,0,0,0,0,0,0,0,0,0,0,0,0,0,0,0,0,0,0,0,0,0,0,0,0,0,0,0,0,0,0,0,0,0,0,0,0,0,0,0,0,0,0,0,0,0,0,0,0,0,0,0,0,0,0
0,0,0,0,0,0,0,0,0,0,0,0,0,0,0,0,0,0,0,0,0,0,0,0,0,0,0,0,0,0,0,0,0,0,0,0,0,0,0,0,0,0,0,0,0,0,0,0,0,0,0,0,0,0,0,0,0,0,0,0,0,0,0,0
0,0,0,0,0,0,0,0,0,43,46,48,47,40,43,45,0,36,36,30,26,30,28,28,0,43,27,36,33,28,28,33,0,53,34,31,31,31,28,37,0,60,38,36,27,25,31,45,0,57,49,20,31,31,36,34,0,40,43,36,31,30,28,39
0,0,0,0,0,0,0,0,43,46,48,47,40,43,45,36,36,36,30,26,30,28,28,23,43,27,36,33,28,28,33,28,53,34,31,31,31,28,37,28,60,38,36,27,25,31,45,24,57,49,20,31,31,36,34,20,40,43,36,31,30,28,39,17
0,0,0,0,0,0,0,0,46,48,47,40,43,45,36,0,36,30,26,30,28,28,23,0,27,36,33,28,28,33,28,0,34,31,31,31,28,37,28,0,38,36,27,25,31,45,24,0,49,20,31,31,36,34,20,0,43,36,31,30,28,39,17,0
0,43,46,48,47,40,43,45,0,36,36,30,26,30,28,28,0,43,27,36,33,28,28,33,0,53,34,31,31,31,28,37,0,60,38,36,27,25,31,45,0,57,49,20,31,31,36,34,0,40,43,36,31,30,28,39,0,31,33,31,25,31,31,33
43,46,48,47,40,43,45,36,36,36,30,26,30,28,28,23,43,27,36,33,28,28,33,28,53,34,31,31,31,28,37,28,60,38,36,27,25,31,45,24,57,49,20,31,31,36,34,20,40,43,36,31,30,28,39,17,31,33,31,25,31,31,33,23
46,48,47,40,43,45,36,0,36,30,26,30,28,28,23,0,27,36,33,28,28,33,28,0,34,31,31,31,28,37,28,0,38,36,27,25,31,45,24,0,49,20,31,31,36,34,20,0,43,36,31,30,28,39,17,0,33,31,25,31,31,33,23,0
0,36,36,30,26,30,28,28,0,43,27,36,33,28,28,33,0,53,34,31,31,31,28,37,0,60,38,36,27,25,31,45,0,57,49,20,31,31,36,34,0,40,43,36,31,30,28,39,0,31,33,31,25,31,31,33,0,0,0,0,0,0,0,0
36,36,30,26,30,28,28,23,43,27,36,33,28,28,33,28,53,34,31,31,31,28,37,28,60,38,36,27,25,31,45,24,57,49,20,31,31,36,34,20,40,43,36,31,30,28,39,17,31,33,31,25,31,31,33,23,0,0,0,0,0,0,0,0
36,30,26,30,28,28,23,0,27,36,33,28,28,33,28,0,34,31,31,31,28,37,28,0,38,36,27,25,31,45,24,0,49,20,31,31,36,34,20,0,43,36,31,30,28,39,17,0,33,31,25,31,31,33,23,0,0,0,0,0,0,0,0,0
0,0,0,0,0,0,0,0,0,0,0,0,0,0,0,0,0,0,0,0,0,0,0,0,0,3,0,0,0,0,0,0,0,0,0,0,0,0,0,0,0,0,0,0,0,0,0,0,0,0,0,0,0,0,0,0,0,0,0,0,0,0,0,0
0,0,0,0,0,0,0,0,0,0,0,0,0,0,0,0,0,0,0,0,0,0,0,0,3,0,0,0,0,0,0,0,0,0,0,0,0,0,0,0,0,0,0,0,0,0,0,0,0,0,0,0,0,0,0,0,0,0,0,0,0,0,0,0
0,0,0,0,0,0,0,0,0,0,0,0,0,0,0,0,0,0,0,0,0,0,0,0,0,0,0,0,0,0,0,0,0,0,0,0,0,0,0,0,0,0,0,0,0,0,0,0,0,0,0,0,0,0,0,0,0,0,0,0,0,0,0,0
0,0,0,0,0,0,0,0,0,0,0,0,0,0,0,0,0,3,0,0,0,0,0,0,0,0,0,0,0,0,0,0,0,0,0,0,0,0,0,0,0,0,0,0,0,0,0,0,0,0,0,0,0,0,0,0,0,7,3,0,0,0,0,0
0,0,0,0,0,0,0,0,0,0,0,0,0,0,0,0,3,0,0,0,0,0,0,0,0,0,0,0,0,0,0,0,0,0,0,0,0,0,0,0,0,0,0,0,0,0,0,0,0,0,0,0,0,0,0,0,7,3,0,0,0,0,0,0
0,0,0,0,0,0,0,0,0,0,0,0,0,0,0,0,0,0,0,0,0,0,0,0,0,0,0,0,0,0,0,0,0,0,0,0,0,0,0,0,0,0,0,0,0,0,0,0,0,0,0,0,0,0,0,0,3,0,0,0,0,0,0,0
0,0,0,0,0,0,0,0,0,3,0,0,0,0,0,0,0,0,0,0,0,0,0,0,0,0,0,0,0,0,0,0,0,0,0,0,0,0,0,0,0,0,0,0,0,0,0,0,0,7,3,0,0,0,0,0,0,0,0,0,0,0,0,0
0,0,0,0,0,0,0,0,3,0,0,0,0,0,0,0,0,0,0,0,0,0,0,0,0,0,0,0,0,0,0,0,0,0,0,0,0,0,0,0,0,0,0,0,0,0,0,0,7,3,0,0,0,0,0,0,0,0,0,0,0,0,0,0
0,0,0,0,0,0,0,0,0,0,0,0,0,0,0,0,0,0,0,0,0,0,0,0,0,0,0,0,0,0,0,0,0,0,0,0,0,0,0,0,0,0,0,0,0,0,0,0,3,0,0,0,0,0,0,0,0,0,0,0,0,0,0,0
0,0,0,0,0,0,0,0,0,3,0,0,0,0,0,0,0,7,3,3,0,0,0,0,0,14,1,0,0,0,0,0,0,17,5,0,0,0,0,0,0,21,6,0,0,0,0,0,0,28,14,0,0,0,0,0,0,20,11,0,0,0,0,0
0,0,0,0,0,0,0,0,3,0,0,0,0,0,0,0,7,3,3,0,0,0,0,0,14,1,0,0,0,0,0,0,17,5,0,0,0,0,0,0,21,6,0,0,0,0,0,0,28,14,0,0,0,0,0,0,20,11,0,0,0,0,0,0
0,0,0,0,0,0,0,0,0,0,0,0,0,0,0,0,3,3,0,0,0,0,0,0,1,0,0,0,0,0,0,0,5,0,0,0,0,0,0,0,6,0,0,0,0,0,0,0,14,0,0,0,0,0,0,0,11,0,0,0,0,0,0,0
0,3,0,0,0,0,0,0,0,7,3,3,0,0,0,0,0,14,1,0,0,0,0,0,0,17,5,0,0,0,0,0,0,21,6,0,0,0,0,0,0,28,14,0,0,0,0,0,0,20,11,0,0,0,0,0,0,0,0,0,0,0,0,0
3,0,0,0,0,0,0,0,7,3,3,0,0,0,0,0,14,1,0,0,0,0,0,0,17,5,0,0,0,0,0,0,21,6,0,0,0,0,0,0,28,14,0,0,0,0,0,0,20,11,0,0,0,0,0,0,0,0,0,0,0,0,0,0
0,0,0,0,0,0,0,0,3,3,0,0,0,0,0,0,1,0,0,0,0,0,0,0,5,0,0,0,0,0,0,0,6,0,0,0,0,0,0,0,14,0,0,0,0,0,0,0,11,0,0,0,0,0,0,0,0,0,0,0,0,0,0,0
0,7,3,3,0,0,0,0,0,14,1,0,0,0,0,0,0,17,5,0,0,0,0,0,0,21,6,0,0,0,0,0,0,28,14,0,0,0,0,0,0,20,11,0,0,0,0,0,0,0,0,0,0,0,0,0,0,0,0,0,0,0,0,0
7,3,3,0,0,0,0,0,14,1,0,0,0,0,0,0,17,5,0,0,0,0,0,0,21,6,0,0,0,0,0,0,28,14,0,0,0,0,0,0,20,11,0,0,0,0,0,0,0,0,0,0,0,0,0,0,0,0,0,0,0,0,0,0
3,3,0,0,0,0,0,0,1,0,0,0,0,0,0,0,5,0,0,0,0,0,0,0,6,0,0,0,0,0,0,0,14,0,0,0,0,0,0,0,11,0,0,0,0,0,0,0,0,0,0,0,0,0,0,0,0,0,0,0,0,0,0,0
0,0,0,0,0,0,0,0,0,0,0,1,3,7,3,0,0,0,0,0,0,0,0,0,0,0,0,3,0,0,0,0,0,0,0,0,0,0,0,0,0,0,0,0,1,0,3,0,0,0,3,0,5,0,0,0,0,0,0,10,1,1,0,0
0,0,0,0,0,0,0,0,0,0,1,3,7,3,0,0,0,0,0,0,0,0,0,0,0,0,3,0,0,0,0,0,0,0,0,0,0,0,0,0,0,0,0,1,0,3,0,0,0,3,0,5,0,0,0,0,0,0,10,1,1,0,0,0
0,0,0,0,0,0,0,0,0,1,3,7,3,0,0,0,0,0,0,0,0,0,0,0,0,3,0,0,0,0,0,0,0,0,0,0,0,0,0,0,0,0,1,0,3,0,0,0,3,0,5,0,0,0,0,0,0,10,1,1,0,0,0,0
0,0,0,1,3,7,3,0,0,0,0,0,0,0,0,0,0,0,0,3,0,0,0,0,0,0,0,0,0,0,0,0,0,0,0,0,1,0,3,0,0,0,3,0,5,0,0,0,0,0,0,10,1,1,0,0,0,0,0,0,0,0,0,0
0,0,1,3,7,3,0,0,0,0,0,0,0,0,0,0,0,0,3,0,0,0,0,0,0,0,0,0,0,0,0,0,0,0,0,1,0,3,0,0,0,3,0,5,0,0,0,0,0,0,10,1,1,0,0,0,0,0,0,0,0,0,0,0
0,1,3,7,3,0,0,0,0,0,0,0,0,0,0,0,0,3,0,0,0,0,0,0,0,0,0,0,0,0,0,0,0,0,1,0,3,0,0,0,3,0,5,0,0,0,0,0,0,10,1,1,0,0,0,0,0,0,0,0,0,0,0,0
0,0,0,0,0,0,0,0,0,0,0,3,0,0,0,0,0,0,0,0,0,0,0,0,0,0,0,0,1,0,3,0,0,0,3,0,5,0,0,0,0,0,0,10,1,1,0,0,0,0,0,0,0,0,0,0,0,0,0,0,0,0,0,0
0,0,0,0,0,0,0,0,0,0,3,0,0,0,0,0,0,0,0,0,0,0,0,0,0,0,0,1,0,3,0,0,0,3,0,5,0,0,0,0,0,0,10,1,1,0,0,0,0,0,0,0,0,0,0,0,0,0,0,0,0,0,0,0
0,0,0,0,0,0,0,0,0,3,0,0,0,0,0,0,0,0,0,0,0,0,0,0,0,0,1,0,3,0,0,0,3,0,5,0,0,0,0,0,0,10,1,1,0,0,0,0,0,0,0,0,0,0,0,0,0,0,0,0,0,0,0,0
0,0,0,0,0,0,0,0,0,0,0,0,0,0,0,0,0,0,6,14,15,10,15,10,0,0,3,15,27,15,14,12,0,5,17,14,19,7,17,9,0,7,25,19,13,19,11,15,0,5,17,33,13,17,15,22,0,0,17,34,27,30,30,28
0,0,0,0,0,0,0,0,0,0,0,0,0,0,0,3,0,6,14,15,10,15,10,19,0,3,15,27,15,14,12,19,5,17,14,19,7,17,9,15,7,25,19,13,19,11,15,18,5,17,33,13,17,15,22,31,0,17,34,27,30,30,28,31
0,0,0,0,0,0,0,0,0,0,0,0,0,0,3,0,6,14,15,10,15,10,19,0,3,15,27,15,14,12,19,0,17,14,19,7,17,9,15,0,25,19,13,19,11,15,18,0,17,33,13,17,15,22,31,0,17,34,27,30,30,28,31,0
0,0,0,0,0,0,0,0,0,0,6,14,15,10,15,10,0,0,3,15,27,15,14,12,0,5,17,14,19,7,17,9,0,7,25,19,13,19,11,15,0,5,17,33,13,17,15,22,0,0,17,34,27,30,30,28,0,0,7,15,25,15,19,12
0,0,0,0,0,0,0,3,0,6,14,15,10,15,10,19,0,3,15,27,15,14,12,19,5,17,14,19,7,17,9,15,7,25,19,13,19,11,15,18,5,17,33,13,17,15,22,31,0,17,34,27,30,30,28,31,0,7,15,25,15,19,12,20
0,0,0,0,0,0,3,0,6,14,15,10,15,10,19,0,3,15,27,15,14,12,19,0,17,14,19,7,17,9,15,0,25,19,13,19,11,15,18,0,17,33,13,17,15,22,31,0,17,34,27,30,30,28,31,0,7,15,25,15,19,12,20,0
0,0,6,14,15,10,15,10,0,0,3,15,27,15,14,12,0,5,17,14,19,7,17,9,0,7,25,19,13,19,11,15,0,5,17,33,13,17,15,22,0,0,17,34,27,30,30,28,0,0,7,15,25,15,19,12,0,0,0,0,0,0,0,0
0,6,14,15,10,15,10,19,0,3,15,27,15,14,12,19,5,17,14,19,7,17,9,15,7,25,19,13,19,11,15,18,5,17,33,13,17,15,22,31,0,17,34,27,30,30,28,31,0,7,15,25,15,19,12,20,0,0,0,0,0,0,0,0
6,14,15,10,15,10,19,0,3,15,27,15,14,12,19,0,17,14,19,7,17,9,15,0,25,19,13,19,11,15,18,0,17,33,13,17,15,22,31,0,17,34,27,30,30,28,31,0,7,15,25,15,19,12,20,0,0,0,0,0,0,0,0,0
0,0,0,0,0,0,0,0,0,1,0,0,0,0,0,0,0,5,9,0,0,18,3,6,0,5,10,7,0,0,0,0,0,7,3,6,0,3,10,0,0,5,0,0,3,0,7,1,0,7,0,0,0,5,0,6,0,13,19,5,14,9,11,15
0,0,0,0,0,0,0,0,1,0,0,0,0,0,0,7,5,9,0,0,18,3,6,11,5,10,7,0,0,0,0,5,7,3,6,0,3,10,0,0,5,0,0,3,0,7,1,0,7,0,0,0,5,0,6,0,13,19,5,14,9,11,15,7
0,0,0,0,0,0,0,0,0,0,0,0,0,0,7,0,9,0,0,18,3,6,11,0,10,7,0,0,0,0,5,0,3,6,0,3,10,0,0,0,0,0,3,0,7,1,0,0,0,0,0,5,0,6,0,0,19,5,14,9,11,15,7,0
0,1,0,0,0,0,0,0,0,5,9,0,0,18,3,6,0,5,10,7,0,0,0,0,0,7,3,6,0,3,10,0,0,5,0,0,3,0,7,1,0,7,0,0,0,5,0,6,0,13,19,5,14,9,11,15,0,24,36,15,15,23,20,21
1,0,0,0,0,0,0,7,5,9,0,0,18,3,6,11,5,10,7,0,0,0,0,5,7,3,6,0,3,10,0,0,5,0,0,3,0,7,1,0,7,0,0,0,5,0,6,0,13,19,5,14,9,11,15,7,24,36,15,15,23,20,21,9
0,0,0,0,0,0,7,0,9,0,0,18,3,6,11,0,10,7,0,0,0,0,5,0,3,6,0,3,10,0,0,0,0,0,3,0,7,1,0,0,0,0,0,5,0,6,0,0,19,5,14,9,11,15,7,0,36,15,15,23,20,21,9,0
0,5,9,0,0,18,3,6,0,5,10,7,0,0,0,0,0,7,3,6,0,3,10,0,0,5,0,0,3,0,7,1,0,7,0,0,0,5,0,6,0,13,19,5,14,9,11,15,0,24,36,15,15,23,20,21,0,0,0,0,0,0,0,0
5,9,0,0,18,3,6,11,5,10,7,0,0,0,0,5,7,3,6,0,3,10,0,0,5,0,0,3,0,7,1,0,7,0,0,0,5,0,6,0,13,19,5,14,9,11,15,7,24,36,15,15,23,20,21,9,0,0,0,0,0,0,0,0
9,0,0,18,3,6,11,0,10,7,0,0,0,0,5,0,3,6,0,3,10,0,0,0,0,0,3,0,7,1,0,0,0,0,0,5,0,6,0,0,19,5,14,9,11,15,7,0,36,15,15,23,20,21,9,0,0,0,0,0,0,0,0,0
0,0,0,0,0,0,0,0,0,24,15,14,17,18,13,20,0,15,13,21,20,25,19,17,0,26,25,28,30,25,23,13,0,25,19,26,25,26,20,9,0,25,20,27,21,13,12,11,0,28,24,28,20,15,18,13,0,26,31,27,21,15,15,17
0,0,0,0,0,0,0,0,24,15,14,17,18,13,20,15,15,13,21,20,25,19,17,34,26,25,28,30,25,23,13,33,25,19,26,25,26,20,9,24,25,20,27,21,13,12,11,27,28,24,28,20,15,18,13,28,26,31,27,21,15,15,17,21
0,0,0,0,0,0,0,0,15,14,17,18,13,20,15,0,13,21,20,25,19,17,34,0,25,28,30,25,23,13,33,0,19,26,25,26,20,9,24,0,20,27,21,13,12,11,27,0,24,28,20,15,18,13,28,0,31,27,21,15,15,17,21,0
0,24,15,14,17,18,13,20,0,15,13,21,20,25,19,17,0,26,25,28,30,25,23,13,0,25,19,26,25,26,20,9,0,25,20,27,21,13,12,11,0,28,24,28,20,15,18,13,0,26,31,27,21,15,15,17,0,28,39,40,26,26,25,27
24,15,14,17,18,13,20,15,15,13,21,20,25,19,17,34,26,25,28,30,25,23,13,33,25,19,26,25,26,20,9,24,25,20,27,21,13,12,11,27,28,24,28,20,15,18,13,28,26,31,27,21,15,15,17,21,28,39,40,26,26,25,27,33
15,14,17,18,13,20,15,0,13,21,20,25,19,17,34,0,25,28,30,25,23,13,33,0,19,26,25,26,20,9,24,0,20,27,21,13,12,11,27,0,24,28,20,15,18,13,28,0,31,27,21,15,15,17,21,0,39,40,26,26,25,27,33,0
0,15,13,21,20,25,19,17,0,26,25,28,30,25,23,13,0,25,19,26,25,26,20,9,0,25,20,27,21,13,12,11,0,28,24,28,20,15,18,13,0,26,31,27,21,15,15,17,0,28,39,40,26,26,25,27,0,0,0,0,0,0,0,0
15,13,21,20,25,19,17,34,26,25,28,30,25,23,13,33,25,19,26,25,26,20,9,24,25,20,27,21,13,12,11,27,28,24,28,20,15,18,13,28,26,31,27,21,15,15,17,21,28,39,40,26,26,25,27,33,0,0,0,0,0,0,0,0
13,21,20,25,19,17,34,0,25,28,30,25,23,13,33,0,19,26,25,26,20,9,24,0,20,27,21,13,12,11,27,0,24,28,20,15,18,13,28,0,31,27,21,15,15,17,21,0,39,40,26,26,25,27,33,0,0,0,0,0,0,0,0,0
0,0,0,0,0,0,0,0,0,11,7,14,5,3,1,7,0,12,13,11,6,5,6,10,0,11,7,3,9,3,0,9,0,13,11,11,7,13,9,7,0,20,19,9,22,15,13,9,0,11,17,17,20,13,3,13,0,9,15,7,13,7,1,7
0,0,0,0,0,0,0,0,11,7,14,5,3,1,7,10,12,13,11,6,5,6,10,19,11,7,3,9,3,0,9,15,13,11,11,7,13,9,7,18,20,19,9,22,15,13,9,13,11,17,17,20,13,3,13,18,9,15,7,13,7,1,7,15
0,0,0,0,0,0,0,0,7,14,5,3,1,7,10,0,13,11,6,5,6,10,19,0,7,3,9,3,0,9,15,0,11,11,7,13,9,7,18,0,19,9,22,15,13,9,13,0,17,17,20,13,3,13,18,0,15,7,13,7,1,7,15,0
0,11,7,14,5,3,1,7,0,12,13,11,6,5,6,10,0,11,7,3,9,3,0,9,0,13,11,11,7,13,9,7,0,20,19,9,22,15,13,9,0,11,17,17,20,13,3,13,0,9,15,7,13,7,1,7,0,13,15,14,11,10,12,11
11,7,14,5,3,1,7,10,12,13,11,6,5,6,10,19,11,7,3,9,3,0,9,15,13,11,11,7,13,9,7,18,20,19,9,22,15,13,9,13,11,17,17,20,13,3,13,18,9,15,7,13,7,1,7,15,13,15,14,11,10,12,11,18
7,14,5,3,1,7,10,0,13,11,6,5,6,10,19,0,7,3,9,3,0,9,15,0,11,11,7,13,9,7,18,0,19,9,22,15,13,9,13,0,17,17,20,13,3,13,18,0,15,7,13,7,1,7,15,0,15,14,11,10,12,11,18,0
0,12,13,11,6,5,6,10,0,11,7,3,9,3,0,9,0,13,11,11,7,13,9,7,0,20,19,9,22,15,13,9,0,11,17,17,20,13,3,13,0,9,15,7,13,7,1,7,0,13,15,14,11,10,12,11,0,0,0,0,0,0,0,0
12,13,11,6,5,6,10,19,11,7,3,9,3,0,9,15,13,11,11,7,13,9,7,18,20,19,9,22,15,13,9,13,11,17,17,20,13,3,13,18,9,15,7,13,7,1,7,15,13,15,14,11,10,12,11,18,0,0,0,0,0,0,0,0
13,11,6,5,6,10,19,0,7,3,9,3,0,9,15,0,11,11,7,13,9,7,18,0,19,9,22,15,13,9,13,0,17,17,20,13,3,13,18,0,15,7,13,7,1,7,15,0,15,14,11,10,12,11,18,0,0,0,0,0,0,0,0,0
0,0,0,0,0,0,0,0,0,0,0,0,0,0,0,0,0,0,0,0,0,0,0,0,0,0,0,0,0,0,0,0,0,0,0,0,0,0,0,0,0,0,0,0,0,0,0,0,0,0,0,0,0,0,0,0,0,0,0,0,0,0,0,0
0,0,0,0,0,0,0,0,0,0,0,0,0,0,0,0,0,0,0,0,0,0,0,0,0,0,0,0,0,0,0,0,0,0,0,0,0,0,0,0,0,0,0,0,0,0,0,0,0,0,0,0,0,0,0,0,0,0,0,0,0,0,0,0
0,0,0,0,0,0,0,0,0,0,0,0,0,0,0,0,0,0,0,0,0,0,0,0,0,0,0,0,0,0,0,0,0,0,0,0,0,0,0,0,0,0,0,0,0,0,0,0,0,0,0,0,0,0,0,0,0,0,0,0,0,0,0,0
0,0,0,0,0,0,0,0,0,0,0,0,0,0,0,0,0,0,0,0,0,0,0,0,0,0,0,0,0,0,0,0,0,0,0,0,0,0,0,0,0,0,0,0,0,0,0,0,0,0,0,0,0,0,0,0,0,0,0,0,0,0,0,0
0,0,0,0,0,0,0,0,0,0,0,0,0,0,0,0,0,0,0,0,0,0,0,0,0,0,0,0,0,0,0,0,0,0,0,0,0,0,0,0,0,0,0,0,0,0,0,0,0,0,0,0,0,0,0,0,0,0,0,0,0,0,0,0
0,0,0,0,0,0,0,0,0,0,0,0,0,0,0,0,0,0,0,0,0,0,0,0,0,0,0,0,0,0,0,0,0,0,0,0,0,0,0,0,0,0,0,0,0,0,0,0,0,0,0,0,0,0,0,0,0,0,0,0,0,0,0,0
0,0,0,0,0,0,0,0,0,0,0,0,0,0,0,0,0,0,0,0,0,0,0,0,0,0,0,0,0,0,0,0,0,0,0,0,0,0,0,0,0,0,0,0,0,0,0,0,0,0,0,0,0,0,0,0,0,0,0,0,0,0,0,0
0,0,0,0,0,0,0,0,0,0,0,0,0,0,0,0,0,0,0,0,0,0,0,0,0,0,0,0,0,0,0,0,0,0,0,0,0,0,0,0,0,0,0,0,0,0,0,0,0,0,0,0,0,0,0,0,0,0,0,0,0,0,0,0
0,0,0,0,0,0,0,0,0,0,0,0,0,0,0,0,0,0,0,0,0,0,0,0,0,0,0,0,0,0,0,0,0,0,0,0,0,0,0,0,0,0,0,0,0,0,0,0,0,0,0,0,0,0,0,0,0,0,0,0,0,0,0,0
0,0,0,0,0,0,0,0,0,21,19,15,11,20,15,21,0,26,15,22,17,22,17,23,0,27,14,15,12,21,15,27,0,25,26,21,15,28,26,37,0,26,28,12,15,24,25,27,0,28,19,17,14,22,19,20,0,28,26,22,18,27,28,26
0,0,0,0,0,0,0,0,21,19,15,11,20,15,21,28,26,15,22,17,22,17,23,42,27,14,15,12,21,15,27,42,25,26,21,15,28,26,37,43,26,28,12,15,24,25,27,38,28,19,17,14,22,19,20,31,28,26,22,18,27,28,26,34
0,0,0,0,0,0,0,0,19,15,11,20,15,21,28,0,15,22,17,22,17,23,42,0,14,15,12,21,15,27,42,0,26,21,15,28,26,37,43,0,28,12,15,24,25,27,38,0,19,17,14,22,19,20,31,0,26,22,18,27,28,26,34,0
0,21,19,15,11,20,15,21,0,26,15,22,17,22,17,23,0,27,14,15,12,21,15,27,0,25,26,21,15,28,26,37,0,26,28,12,15,24,25,27,0,28,19,17,14,22,19,20,0,28,26,22,18,27,28,26,0,28,34,24,25,26,26,28
21,19,15,11,20,15,21,28,26,15,22,17,22,17,23,42,27,14,15,12,21,15,27,42,25,26,21,15,28,26,37,43,26,28,12,15,24,25,27,38,28,19,17,14,22,19,20,31,28,26,22,18,27,28,26,34,28,34,24,25,26,26,28,36
19,15,11,20,15,21,28,0,15,22,17,22,17,23,42,0,14,15,12,21,15,27,42,0,26,21,15,28,26,37,43,0,28,12,15,24,25,27,38,0,19,17,14,22,19,20,31,0,26,22,18,27,28,26,34,0,34,24,25,26,26,28,36,0
0,26,15,22,17,22,17,23,0,27,14,15,12,21,15,27,0,25,26,21,15,28,26,37,0,26,28,12,15,24,25,27,0,28,19,17,14,22,19,20,0,28,26,22,18,27,28,26,0,28,34,24,25,26,26,28,0,0,0,0,0,0,0,0
26,15,22,17,22,17,23,42,27,14,15,12,21,15,27,42,25,26,21,15,28,26,37,43,26,28,12,15,24,25,27,38,28,19,17,14,22,19,20,31,28,26,22,18,27,28,26,34,28,34,24,25,26,26,28,36,0,0,0,0,0,0,0,0
15,22,17,22,17,23,42,0,14,15,12,21,15,27,42,0,26,21,15,28,26,37,43,0,28,12,15,24,25,27,38,0,19,17,14,22,19,20,31,0,26,22,18,27,28,26,34,0,34,24,25,26,26,28,36,0,0,0,0,0,0,0,0,0
0,0,0,0,0,0,0,0,0,6,18,12,13,9,9,7,0,0,1,0,0,0,0,0,0,0,0,5,0,0,1,0,0,1,3,0,0,6,0,5,0,1,1,0,0,0,0,11,0,0,3,0,0,1,0,0,0,0,0,0,0,0,0,7
0,0,0,0,0,0,0,0,6,18,12,13,9,9,7,7,0,1,0,0,0,0,0,7,0,0,5,0,0,1,0,5,1,3,0,0,6,0,5,7,1,1,0,0,0,0,11,7,0,3,0,0,1,0,0,1,0,0,0,0,0,0,7,6
0,0,0,0,0,0,0,0,18,12,13,9,9,7,7,0,1,0,0,0,0,0,7,0,0,5,0,0,1,0,5,0,3,0,0,6,0,5,7,0,1,0,0,0,0,11,7,0,3,0,0,1,0,0,1,0,0,0,0,0,0,7,6,0
0,6,18,12,13,9,9,7,0,0,1,0,0,0,0,0,0,0,0,5,0,0,1,0,0,1,3,0,0,6,0,5,0,1,1,0,0,0,0,11,0,0,3,0,0,1,0,0,0,0,0,0,0,0,0,7,0,0,0,6,12,13,12,6
6,18,12,13,9,9,7,7,0,1,0,0,0,0,0,7,0,0,5,0,0,1,0,5,1,3,0,0,6,0,5,7,1,1,0,0,0,0,11,7,0,3,0,0,1,0,0,1,0,0,0,0,0,0,7,6,0,0,6,12,13,12,6,15
18,12,13,9,9,7,7,0,1,0,0,0,0,0,7,0,0,5,0,0,1,0,5,0,3,0,0,6,0,5,7,0,1,0,0,0,0,11,7,0,3,0,0,1,0,0,1,0,0,0,0,0,0,7,6,0,0,6,12,13,12,6,15,0
0,0,1,0,0,0,0,0,0,0,0,5,0,0,1,0,0,1,3,0,0,6,0,5,0,1,1,0,0,0,0,11,0,0,3,0,0,1,0,0,0,0,0,0,0,0,0,7,0,0,0,6,12,13,12,6,0,0,0,0,0,0,0,0
0,1,0,0,0,0,0,7,0,0,5,0,0,1,0,5,1,3,0,0,6,0,5,7,1,1,0,0,0,0,11,7,0,3,0,0,1,0,0,1,0,0,0,0,0,0,7,6,0,0,6,12,13,12,6,15,0,0,0,0,0,0,0,0
1,0,0,0,0,0,7,0,0,5,0,0,1,0,5,0,3,0,0,6,0,5,7,0,1,0,0,0,0,11,7,0,3,0,0,1,0,0,1,0,0,0,0,0,0,7,6,0,0,6,12,13,12,6,15,0,0,0,0,0,0,0,0,0
0,0,0,0,0,0,0,0,0,0,0,0,0,0,0,0,0,0,0,0,0,0,0,0,0,0,0,0,0,0,0,0,0,0,0,0,0,0,0,0,0,0,0,0,0,0,0,0,0,0,0,0,0,0,0,0,0,0,0,0,0,0,0,0
0,0,0,0,0,0,0,0,0,0,0,0,0,0,0,0,0,0,0,0,0,0,0,0,0,0,0,0,0,0,0,0,0,0,0,0,0,0,0,0,0,0,0,0,0,0,0,0,0,0,0,0,0,0,0,0,0,0,0,0,0,0,0,0
0,0,0,0,0,0,0,0,0,0,0,0,0,0,0,0,0,0,0,0,0,0,0,0,0,0,0,0,0,0,0,0,0,0,0,0,0,0,0,0,0,0,0,0,0,0,0,0,0,0,0,0,0,0,0,0,0,0,0,0,0,0,0,0
0,0,0,0,0,0,0,0,0,0,0,0,0,0,0,0,0,0,0,0,0,0,0,0,0,0,0,0,0,0,0,0,0,0,0,0,0,0,0,0,0,0,0,0,0,0,0,0,0,0,0,0,0,0,0,0,0,0,0,0,0,0,0,0
0,0,0,0,0,0,0,0,0,0,0,0,0,0,0,0,0,0,0,0,0,0,0,0,0,0,0,0,0,0,0,0,0,0,0,0,0,0,0,0,0,0,0,0,0,0,0,0,0,0,0,0,0,0,0,0,0,0,0,0,0,0,0,0
0,0,0,0,0,0,0,0,0,0,0,0,0,0,0,0,0,0,0,0,0,0,0,0,0,0,0,0,0,0,0,0,0,0,0,0,0,0,0,0,0,0,0,0,0,0,0,0,0,0,0,0,0,0,0,0,0,0,0,0,0,0,0,0
0,0,0,0,0,0,0,0,0,0,0,0,0,0,0,0,0,0,0,0,0,0,0,0,0,0,0,0,0,0,0,0,0,0,0,0,0,0,0,0,0,0,0,0,0,0,0,0,0,0,0,0,0,0,0,0,0,0,0,0,0,0,0,0
0,0,0,0,0,0,0,0,0,0,0,0,0,0,0,0,0,0,0,0,0,0,0,0,0,0,0,0,0,0,0,0,0,0,0,0,0,0,0,0,0,0,0,0,0,0,0,0,0,0,0,0,0,0,0,0,0,0,0,0,0,0,0,0
0,0,0,0,0,0,0,0,0,0,0,0,0,0,0,0,0,0,0,0,0,0,0,0,0,0,0,0,0,0,0,0,0,0,0,0,0,0,0,0,0,0,0,0,0,0,0,0,0,0,0,0,0,0,0,0,0,0,0,0,0,0,0,0
0,0,0,0,0,0,0,0,0,0,0,0,0,0,0,0,0,0,0,0,0,0,0,0,0,0,0,0,0,0,0,0,0,0,0,0,0,0,0,0,0,0,0,0,0,0,0,0,0,0,0,0,0,0,0,0,0,0,0,0,0,0,0,0
0,0,0,0,0,0,0,0,0,0,0,0,0,0,0,0,0,0,0,0,0,0,0,0,0,0,0,0,0,0,0,0,0,0,0,0,0,0,0,0,0,0,0,0,0,0,0,0,0,0,0,0,0,0,0,0,0,0,0,0,0,0,0,0
0,0,0,0,0,0,0,0,0,0,0,0,0,0,0,0,0,0,0,0,0,0,0,0,0,0,0,0,0,0,0,0,0,0,0,0,0,0,0,0,0,0,0,0,0,0,0,0,0,0,0,0,0,0,0,0,0,0,0,0,0,0,0,0
0,0,0,0,0,0,0,0,0,0,0,0,0,0,0,0,0,0,0,0,0,0,0,0,0,0,0,0,0,0,0,0,0,0,0,0,0,0,0,0,0,0,0,0,0,0,0,0,0,0,0,0,0,0,0,0,0,0,0,0,0,0,0,0
0,0,0,0,0,0,0,0,0,0,0,0,0,0,0,0,0,0,0,0,0,0,0,0,0,0,0,0,0,0,0,0,0,0,0,0,0,0,0,0,0,0,0,0,0,0,0,0,0,0,0,0,0,0,0,0,0,0,0,0,0,0,0,0
0,0,0,0,0,0,0,0,0,0,0,0,0,0,0,0,0,0,0,0,0,0,0,0,0,0,0,0,0,0,0,0,0,0,0,0,0,0,0,0,0,0,0,0,0,0,0,0,0,0,0,0,0,0,0,0,0,0,0,0,0,0,0,0
0,0,0,0,0,0,0,0,0,0,0,0,0,0,0,0,0,0,0,0,0,0,0,0,0,0,0,0,0,0,0,0,0,0,0,0,0,0,0,0,0,0,0,0,0,0,0,0,0,0,0,0,0,0,0,0,0,0,0,0,0,0,0,0
0,0,0,0,0,0,0,0,0,0,0,0,0,0,0,0,0,0,0,0,0,0,0,0,0,0,0,0,0,0,0,0,0,0,0,0,0,0,0,0,0,0,0,0,0,0,0,0,0,0,0,0,0,0,0,0,0,0,0,0,0,0,0,0
0,0,0,0,0,0,0,0,0,0,0,0,0,0,0,0,0,0,0,0,0,0,0,0,0,0,0,0,0,0,0,0,0,0,0,0,0,0,0,0,0,0,0,0,0,0,0,0,0,0,0,0,0,0,0,0,0,0,0,0,0,0,0,0
0,0,0,0,0,0,0,0,0,14,6,13,11,14,9,11,0,22,10,15,15,15,11,14,0,24,11,0,5,3,3,9,0,15,10,12,10,10,6,11,0,21,1,18,0,9,1,6,0,22,14,9,0,7,10,12,0,22,7,1,7,3,3,3
0,0,0,0,0,0,0,0,14,6,13,11,14,9,11,3,22,10,15,15,15,11,14,0,24,11,0,5,3,3,9,0,15,10,12,10,10,6,11,0,21,1,18,0,9,1,6,0,22,14,9,0,7,10,12,0,22,7,1,7,3,3,3,0
0,0,0,0,0,0,0,0,6,13,11,14,9,11,3,0,10,15,15,15,11,14,0,0,11,0,5,3,3,9,0,0,10,12,10,10,6,11,0,0,1,18,0,9,1,6,0,0,14,9,0,7,10,12,0,0,7,1,7,3,3,3,0,0
0,14,6,13,11,14,9,11,0,22,10,15,15,15,11,14,0,24,11,0,5,3,3,9,0,15,10,12,10,10,6,11,0,21,1,18,0,9,1,6,0,22,14,9,0,7,10,12,0,22,7,1,7,3,3,3,0,24,10,0,0,0,0,0
14,6,13,11,14,9,11,3,22,10,15,15,15,11,14,0,24,11,0,5,3,3,9,0,15,10,12,10,10,6,11,0,21,1,18,0,9,1,6,0,22,14,9,0,7,10,12,0,22,7,1,7,3,3,3,0,24,10,0,0,0,0,0,0
6,13,11,14,9,11,3,0,10,15,15,15,11,14,0,0,11,0,5,3,3,9,0,0,10,12,10,10,6,11,0,0,1,18,0,9,1,6,0,0,14,9,0,7,10,12,0,0,7,1,7,3,3,3,0,0,10,0,0,0,0,0,0,0
0,22,10,15,15,15,11,14,0,24,11,0,5,3,3,9,0,15,10,12,10,10,6,11,0,21,1,18,0,9,1,6,0,22,14,9,0,7,10,12,0,22,7,1,7,3,3,3,0,24,10,0,0,0,0,0,0,0,0,0,0,0,0,0
22,10,15,15,15,11,14,0,24,11,0,5,3,3,9,0,15,10,12,10,10,6,11,0,21,1,18,0,9,1,6,0,22,14,9,0,7,10,12,0,22,7,1,7,3,3,3,0,24,10,0,0,0,0,0,0,0,0,0,0,0,0,0,0
10,15,15,15,11,14,0,0,11,0,5,3,3,9,0,0,10,12,10,10,6,11,0,0,1,18,0,9,1,6,0,0,14,9,0,7,10,12,0,0,7,1,7,3,3,3,0,0,10,0,0,0,0,0,0,0,0,0,0,0,0,0,0,0
0,0,0,0,0,0,0,0,0,0,0,0,0,0,0,0,0,0,0,0,0,0,0,0,0,0,0,0,0,0,0,0,0,0,0,0,0,0,0,0,0,0,0,0,0,0,0,0,0,0,0,0,0,0,0,0,0,0,0,0,0,0,0,0
0,0,0,0,0,0,0,0,0,0,0,0,0,0,0,0,0,0,0,0,0,0,0,0,0,0,0,0,0,0,0,0,0,0,0,0,0,0,0,0,0,0,0,0,0,0,0,0,0,0,0,0,0,0,0,0,0,0,0,0,0,0,0,0
0,0,0,0,0,0,0,0,0,0,0,0,0,0,0,0,0,0,0,0,0,0,0,0,0,0,0,0,0,0,0,0,0,0,0,0,0,0,0,0,0,0,0,0,0,0,0,0,0,0,0,0,0,0,0,0,0,0,0,0,0,0,0,0
0,0,0,0,0,0,0,0,0,0,0,0,0,0,0,0,0,0,0,0,0,0,0,0,0,0,0,0,0,0,0,0,0,0,0,0,0,0,0,0,0,0,0,0,0,0,0,0,0,0,0,0,0,0,0,0,0,0,0,0,0,0,0,0
0,0,0,0,0,0,0,0,0,0,0,0,0,0,0,0,0,0,0,0,0,0,0,0,0,0,0,0,0,0,0,0,0,0,0,0,0,0,0,0,0,0,0,0,0,0,0,0,0,0,0,0,0,0,0,0,0,0,0,0,0,0,0,0
0,0,0,0,0,0,0,0,0,0,0,0,0,0,0,0,0,0,0,0,0,0,0,0,0,0,0,0,0,0,0,0,0,0,0,0,0,0,0,0,0,0,0,0,0,0,0,0,0,0,0,0,0,0,0,0,0,0,0,0,0,0,0,0
0,0,0,0,0,0,0,0,0,0,0,0,0,0,0,0,0,0,0,0,0,0,0,0,0,0,0,0,0,0,0,0,0,0,0,0,0,0,0,0,0,0,0,0,0,0,0,0,0,0,0,0,0,0,0,0,0,0,0,0,0,0,0,0
0,0,0,0,0,0,0,0,0,0,0,0,0,0,0,0,0,0,0,0,0,0,0,0,0,0,0,0,0,0,0,0,0,0,0,0,0,0,0,0,0,0,0,0,0,0,0,0,0,0,0,0,0,0,0,0,0,0,0,0,0,0,0,0
0,0,0,0,0,0,0,0,0,0,0,0,0,0,0,0,0,0,0,0,0,0,0,0,0,0,0,0,0,0,0,0,0,0,0,0,0,0,0,0,0,0,0,0,0,0,0,0,0,0,0,0,0,0,0,0,0,0,0,0,0,0,0,0
0,0,0,0,0,0,0,0,0,10,11,13,15,3,10,13,0,5,7,5,6,11,0,12,0,7,7,6,0,3,0,3,0,15,7,11,3,0,5,3,0,15,18,10,7,7,5,3,0,5,15,7,5,1,1,0,0,7,18,0,3,9,11,7
0,0,0,0,0,0,0,0,10,11,13,15,3,10,13,20,5,7,5,6,11,0,12,10,7,7,6,0,3,0,3,7,15,7,11,3,0,5,3,13,15,18,10,7,7,5,3,7,5,15,7,5,1,1,0,12,7,18,0,3,9,11,7,11
0,0,0,0,0,0,0,0,11,13,15,3,10,13,20,0,7,5,6,11,0,12,10,0,7,6,0,3,0,3,7,0,7,11,3,0,5,3,13,0,18,10,7,7,5,3,7,0,15,7,5,1,1,0,12,0,18,0,3,9,11,7,11,0
0,10,11,13,15,3,10,13,0,5,7,5,6,11,0,12,0,7,7,6,0,3,0,3,0,15,7,11,3,0,5,3,0,15,18,10,7,7,5,3,0,5,15,7,5,1,1,0,0,7,18,0,3,9,11,7,0,3,0,1,1,0,0,0
10,11,13,15,3,10,13,20,5,7,5,6,11,0,12,10,7,7,6,0,3,0,3,7,15,7,11,3,0,5,3,13,15,18,10,7,7,5,3,7,5,15,7,5,1,1,0,12,7,18,0,3,9,11,7,11,3,0,1,1,0,0,0,1
11,13,15,3,10,13,20,0,7,5,6,11,0,12,10,0,7,6,0,3,0,3,7,0,7,11,3,0,5,3,13,0,18,10,7,7,5,3,7,0,15,7,5,1,1,0,12,0,18,0,3,9,11,7,11,0,0,1,1,0,0,0,1,0
0,5,7,5,6,11,0,12,0,7,7,6,0,3,0,3,0,15,7,11,3,0,5,3,0,15,18,10,7,7,5,3,0,5,15,7,5,1,1,0,0,7,18,0,3,9,11,7,0,3,0,1,1,0,0,0,0,0,0,0,0,0,0,0
5,7,5,6,11,0,12,10,7,7,6,0,3,0,3,7,15,7,11,3,0,5,3,13,15,18,10,7,7,5,3,7,5,15,7,5,1,1,0,12,7,18,0,3,9,11,7,11,3,0,1,1,0,0,0,1,0,0,0,0,0,0,0,0
7,5,6,11,0,12,10,0,7,6,0,3,0,3,7,0,7,11,3,0,5,3,13,0,18,10,7,7,5,3,7,0,15,7,5,1,1,0,12,0,18,0,3,9,11,7,11,0,0,1,1,0,0,0,1,0,0,0,0,0,0,0,0,0
0,0,0,0,0,0,0,0,0,0,0,0,0,0,0,0,0,0,0,0,0,0,0,0,0,0,0,0,0,0,0,0,0,0,0,0,0,0,0,0,0,0,0,0,0,0,0,0,0,0,0,0,0,0,0,0,0,0,0,0,0,0,0,0
0,0,0,0,0,0,0,0,0,0,0,0,0,0,0,0,0,0,0,0,0,0,0,0,0,0,0,0,0,0,0,0,0,0,0,0,0,0,0,0,0,0,0,0,0,0,0,0,0,0,0,0,0,0,0,0,0,0,0,0,0,0,0,0
0,0,0,0,0,0,0,0,0,0,0,0,0,0,0,0,0,0,0,0,0,0,0,0,0,0,0,0,0,0,0,0,0,0,0,0,0,0,0,0,0,0,0,0,0,0,0,0,0,0,0,0,0,0,0,0,0,0,0,0,0,0,0,0
0,0,0,0,0,0,0,0,0,0,0,0,0,0,0,0,0,0,0,0,0,0,0,0,0,0,0,0,0,0,0,0,0,0,0,0,0,0,0,0,0,0,0,0,0,0,0,0,0,0,0,0,0,0,0,0,0,0,0,0,0,0,0,0
0,0,0,0,0,0,0,0,0,0,0,0,0,0,0,0,0,0,0,0,0,0,0,0,0,0,0,0,0,0,0,0,0,0,0,0,0,0,0,0,0,0,0,0,0,0,0,0,0,0,0,0,0,0,0,0,0,0,0,0,0,0,0,0
0,0,0,0,0,0,0,0,0,0,0,0,0,0,0,0,0,0,0,0,0,0,0,0,0,0,0,0,0,0,0,0,0,0,0,0,0,0,0,0,0,0,0,0,0,0,0,0,0,0,0,0,0,0,0,0,0,0,0,0,0,0,0,0
0,0,0,0,0,0,0,0,0,0,0,0,0,0,0,0,0,0,0,0,0,0,0,0,0,0,0,0,0,0,0,0,0,0,0,0,0,0,0,0,0,0,0,0,0,0,0,0,0,0,0,0,0,0,0,0,0,0,0,0,0,0,0,0
0,0,0,0,0,0,0,0,0,0,0,0,0,0,0,0,0,0,0,0,0,0,0,0,0,0,0,0,0,0,0,0,0,0,0,0,0,0,0,0,0,0,0,0,0,0,0,0,0,0,0,0,0,0,0,0,0,0,0,0,0,0,0,0
0,0,0,0,0,0,0,0,0,0,0,0,0,0,0,0,0,0,0,0,0,0,0,0,0,0,0,0,0,0,0,0,0,0,0,0,0,0,0,0,0,0,0,0,0,0,0,0,0,0,0,0,0,0,0,0,0,0,0,0,0,0,0,0
0,0,0,0,0,0,0,0,0,0,0,0,0,0,0,0,0,0,0,0,0,0,0,0,0,0,0,0,0,0,0,0,0,0,0,0,0,0,0,0,0,0,0,0,0,0,0,0,0,0,0,0,0,0,0,0,0,0,0,0,0,0,0,0
0,0,0,0,0,0,0,0,0,0,0,0,0,0,0,0,0,0,0,0,0,0,0,0,0,0,0,0,0,0,0,0,0,0,0,0,0,0,0,0,0,0,0,0,0,0,0,0,0,0,0,0,0,0,0,0,0,0,0,0,0,0,0,0
0,0,0,0,0,0,0,0,0,0,0,0,0,0,0,0,0,0,0,0,0,0,0,0,0,0,0,0,0,0,0,0,0,0,0,0,0,0,0,0,0,0,0,0,0,0,0,0,0,0,0,0,0,0,0,0,0,0,0,0,0,0,0,0
0,0,0,0,0,0,0,0,0,0,0,0,0,0,0,0,0,0,0,0,0,0,0,0,0,0,0,0,0,0,0,0,0,0,0,0,0,0,0,0,0,0,0,0,0,0,0,0,0,0,0,0,0,0,0,0,0,0,0,0,0,0,0,0
0,0,0,0,0,0,0,0,0,0,0,0,0,0,0,0,0,0,0,0,0,0,0,0,0,0,0,0,0,0,0,0,0,0,0,0,0,0,0,0,0,0,0,0,0,0,0,0,0,0,0,0,0,0,0,0,0,0,0,0,0,0,0,0
0,0,0,0,0,0,0,0,0,0,0,0,0,0,0,0,0,0,0,0,0,0,0,0,0,0,0,0,0,0,0,0,0,0,0,0,0,0,0,0,0,0,0,0,0,0,0,0,0,0,0,0,0,0,0,0,0,0,0,0,0,0,0,0
0,0,0,0,0,0,0,0,0,0,0,0,0,0,0,0,0,0,0,0,0,0,0,0,0,0,0,0,0,0,0,0,0,0,0,0,0,0,0,0,0,0,0,0,0,0,0,0,0,0,0,0,0,0,0,0,0,0,0,0,0,0,0,0
0,0,0,0,0,0,0,0,0,0,0,0,0,0,0,0,0,0,0,0,0,0,0,0,0,0,0,0,0,0,0,0,0,0,0,0,0,0,0,0,0,0,0,0,0,0,0,0,0,0,0,0,0,0,0,0,0,0,0,0,0,0,0,0
0,0,0,0,0,0,0,0,0,0,0,0,0,0,0,0,0,0,0,0,0,0,0,0,0,0,0,0,0,0,0,0,0,0,0,0,0,0,0,0,0,0,0,0,0,0,0,0,0,0,0,0,0,0,0,0,0,0,0,0,0,0,0,0
0,0,0,0,0,0,0,0,0,43,45,52,49,48,50,53,0,37,45,39,40,37,38,43,0,37,53,40,49,57,41,44,0,28,47,42,35,57,53,43,0,28,34,49,50,44,36,41,0,35,43,47,40,42,43,45,0,31,31,40,39,39,41,44
0,0,0,0,0,0,0,0,43,45,52,49,48,50,53,48,37,45,39,40,37,38,43,39,37,53,40,49,57,41,44,40,28,47,42,35,57,53,43,43,28,34,49,50,44,36,41,43,35,43,47,40,42,43,45,42,31,31,40,39,39,41,44,36
0,0,0,0,0,0,0,0,45,52,49,48,50,53,48,0,45,39,40,37,38,43,39,0,53,40,49,57,41,44,40,0,47,42,35,57,53,43,43,0,34,49,50,44,36,41,43,0,43,47,40,42,43,45,42,0,31,40,39,39,41,44,36,0
0,43,45,52,49,48,50,53,0,37,45,39,40,37,38,43,0,37,53,40,49,57,41,44,0,28,47,42,35,57,53,43,0,28,34,49,50,44,36,41,0,35,43,47,40,42,43,45,0,31,31,40,39,39,41,44,0,13,9,7,18,22,22,20
43,45,52,49,48,50,53,48,37,45,39,40,37,38,43,39,37,53,40,49,57,41,44,40,28,47,42,35,57,53,43,43,28,34,49,50,44,36,41,43,35,43,47,40,42,43,45,42,31,31,40,39,39,41,44,36,13,9,7,18,22,22,20,18
45,52,49,48,50,53,48,0,45,39,40,37,38,43,39,0,53,40,49,57,41,44,40,0,47,42,35,57,53,43,43,0,34,49,50,44,36,41,43,0,43,47,40,42,43,45,42,0,31,40,39,39,41,44,36,0,9,7,18,22,22,20,18,0
0,37,45,39,40,37,38,43,0,37,53,40,49,57,41,44,0,28,47,42,35,57,53,43,0,28,34,49,50,44,36,41,0,35,43,47,40,42,43,45,0,31,31,40,39,39,41,44,0,13,9,7,18,22,22,20,0,0,0,0,0,0,0,0
37,45,39,40,37,38,43,39,37,53,40,49,57,41,44,40,28,47,42,35,57,53,43,43,28,34,49,50,44,36,41,43,35,43,47,40,42,43,45,42,31,31,40,39,39,41,44,36,13,9,7,18,22,22,20,18,0,0,0,0,0,0,0,0
45,39,40,37,38,43,39,0,53,40,49,57,41,44,40,0,47,42,35,57,53,43,43,0,34,49,50,44,36,41,43,0,43,47,40,42,43,45,42,0,31,40,39,39,41,44,36,0,9,7,18,22,22,20,18,0,0,0,0,0,0,0,0,0
0,0,0,0,0,0,0,0,0,0,0,0,0,0,0,0,0,0,0,0,0,0,0,0,0,0,0,0,0,0,0,0,0,0,0,0,0,0,0,0,0,0,0,0,0,0,0,0,0,0,0,0,0,0,0,0,0,0,0,0,0,0,0,0
0,0,0,0,0,0,0,0,0,0,0,0,0,0,0,0,0,0,0,0,0,0,0,0,0,0,0,0,0,0,0,0,0,0,0,0,0,0,0,0,0,0,0,0,0,0,0,0,0,0,0,0,0,0,0,0,0,0,0,0,0,0,0,0
0,0,0,0,0,0,0,0,0,0,0,0,0,0,0,0,0,0,0,0,0,0,0,0,0,0,0,0,0,0,0,0,0,0,0,0,0,0,0,0,0,0,0,0,0,0,0,0,0,0,0,0,0,0,0,0,0,0,0,0,0,0,0,0
0,0,0,0,0,0,0,0,0,0,0,0,0,0,0,0,0,0,0,0,0,0,0,0,0,0,0,0,0,0,0,0,0,0,0,0,0,0,0,0,0,0,0,0,0,0,0,0,0,0,0,0,0,0,0,0,0,0,0,0,0,0,0,0
0,0,0,0,0,0,0,0,0,0,0,0,0,0,0,0,0,0,0,0,0,0,0,0,0,0,0,0,0,0,0,0,0,0,0,0,0,0,0,0,0,0,0,0,0,0,0,0,0,0,0,0,0,0,0,0,0,0,0,0,0,0,0,0
0,0,0,0,0,0,0,0,0,0,0,0,0,0,0,0,0,0,0,0,0,0,0,0,0,0,0,0,0,0,0,0,0,0,0,0,0,0,0,0,0,0,0,0,0,0,0,0,0,0,0,0,0,0,0,0,0,0,0,0,0,0,0,0
0,0,0,0,0,0,0,0,0,0,0,0,0,0,0,0,0,0,0,0,0,0,0,0,0,0,0,0,0,0,0,0,0,0,0,0,0,0,0,0,0,0,0,0,0,0,0,0,0,0,0,0,0,0,0,0,0,0,0,0,0,0,0,0
0,0,0,0,0,0,0,0,0,0,0,0,0,0,0,0,0,0,0,0,0,0,0,0,0,0,0,0,0,0,0,0,0,0,0,0,0,0,0,0,0,0,0,0,0,0,0,0,0,0,0,0,0,0,0,0,0,0,0,0,0,0,0,0
0,0,0,0,0,0,0,0,0,0,0,0,0,0,0,0,0,0,0,0,0,0,0,0,0,0,0,0,0,0,0,0,0,0,0,0,0,0,0,0,0,0,0,0,0,0,0,0,0,0,0,0,0,0,0,0,0,0,0,0,0,0,0,0
0,0,0,0,0,0,0,0,0,0,0,0,0,0,0,0,0,0,0,0,0,0,1,0,0,0,0,0,0,0,0,0,0,0,0,0,0,0,3,0,0,0,3,0,0,0,7,0,0,0,0,3,0,0,1,6,0,0,0,0,0,0,0,0
0,0,0,0,0,0,0,0,0,0,0,0,0,0,0,0,0,0,0,0,0,1,0,1,0,0,0,0,0,0,0,6,0,0,0,0,0,3,0,10,0,3,0,0,0,7,0,6,0,0,3,0,0,1,6,5,0,0,0,0,0,0,0,0
0,0,0,0,0,0,0,0,0,0,0,0,0,0,0,0,0,0,0,0,1,0,1,0,0,0,0,0,0,0,6,0,0,0,0,0,3,0,10,0,3,0,0,0,7,0,6,0,0,3,0,0,1,6,5,0,0,0,0,0,0,0,0,0
0,0,0,0,0,0,0,0,0,0,0,0,0,0,1,0,0,0,0,0,0,0,0,0,0,0,0,0,0,0,3,0,0,0,3,0,0,0,7,0,0,0,0,3,0,0,1,6,0,0,0,0,0,0,0,0,0,0,0,1,0,0,0,0
0,0,0,0,0,0,0,0,0,0,0,0,0,1,0,1,0,0,0,0,0,0,0,6,0,0,0,0,0,3,0,10,0,3,0,0,0,7,0,6,0,0,3,0,0,1,6,5,0,0,0,0,0,0,0,0,0,0,1,0,0,0,0,0
0,0,0,0,0,0,0,0,0,0,0,0,1,0,1,0,0,0,0,0,0,0,6,0,0,0,0,0,3,0,10,0,3,0,0,0,7,0,6,0,0,3,0,0,1,6,5,0,0,0,0,0,0,0,0,0,0,1,0,0,0,0,0,0
0,0,0,0,0,0,1,0,0,0,0,0,0,0,0,0,0,0,0,0,0,0,3,0,0,0,3,0,0,0,7,0,0,0,0,3,0,0,1,6,0,0,0,0,0,0,0,0,0,0,0,1,0,0,0,0,0,0,0,0,0,0,0,0
0,0,0,0,0,1,0,1,0,0,0,0,0,0,0,6,0,0,0,0,0,3,0,10,0,3,0,0,0,7,0,6,0,0,3,0,0,1,6,5,0,0,0,0,0,0,0,0,0,0,1,0,0,0,0,0,0,0,0,0,0,0,0,0
0,0,0,0,1,0,1,0,0,0,0,0,0,0,6,0,0,0,0,0,3,0,10,0,3,0,0,0,7,0,6,0,0,3,0,0,1,6,5,0,0,0,0,0,0,0,0,0,0,1,0,0,0,0,0,0,0,0,0,0,0,0,0,0
0,0,0,0,0,0,0,0,0,10,3,7,11,9,10,15,0,17,23,9,17,22,15,30,0,25,31,17,23,23,18,27,0,23,25,23,21,25,26,31,0,28,26,23,15,24,24,31,0,38,21,23,20,28,30,22,0,42,24,21,28,31,23,14
0,0,0,0,0,0,0,0,10,3,7,11,9,10,15,6,17,23,9,17,22,15,30,14,25,31,17,23,23,18,27,3,23,25,23,21,25,26,31,5,28,26,23,15,24,24,31,7,38,21,23,20,28,30,22,0,42,24,21,28,31,23,14,0
0,0,0,0,0,0,0,0,3,7,11,9,10,15,6,0,23,9,17,22,15,30,14,0,31,17,23,23,18,27,3,0,25,23,21,25,26,31,5,0,26,23,15,24,24,31,7,0,21,23,20,28,30,22,0,0,24,21,28,31,23,14,0,0
0,10,3,7,11,9,10,15,0,17,23,9,17,22,15,30,0,25,31,17,23,23,18,27,0,23,25,23,21,25,26,31,0,28,26,23,15,24,24,31,0,38,21,23,20,28,30,22,0,42,24,21,28,31,23,14,0,30,33,26,23,13,18,13
10,3,7,11,9,10,15,6,17,23,9,17,22,15,30,14,25,31,17,23,23,18,27,3,23,25,23,21,25,26,31,5,28,26,23,15,24,24,31,7,38,21,23,20,28,30,22,0,42,24,21,28,31,23,14,0,30,33,26,23,13,18,13,0
3,7,11,9,10,15,6,0,23,9,17,22,15,30,14,0,31,17,23,23,18,27,3,0,25,23,21,25,26,31,5,0,26,23,15,24,24,31,7,0,21,23,20,28,30,22,0,0,24,21,28,31,23,14,0,0,33,26,23,13,18,13,0,0
0,17,23,9,17,22,15,30,0,25,31,17,23,23,18,27,0,23,25,23,21,25,26,31,0,28,26,23,15,24,24,31,0,38,21,23,20,28,30,22,0,42,24,21,28,31,23,14,0,30,33,26,23,13,18,13,0,0,0,0,0,0,0,0
17,23,9,17,22,15,30,14,25,31,17,23,23,18,27,3,23,25,23,21,25,26,31,5,28,26,23,15,24,24,31,7,38,21,23,20,28,30,22,0,42,24,21,28,31,23,14,0,30,33,26,23,13,18,13,0,0,0,0,0,0,0,0,0
23,9,17,22,15,30,14,0,31,17,23,23,18,27,3,0,25,23,21,25,26,31,5,0,26,23,15,24,24,31,7,0,21,23,20,28,30,22,0,0,24,21,28,31,23,14,0,0,33,26,23,13,18,13,0,0,0,0,0,0,0,0,0,0
0,0,0,0,0,0,0,0,0,0,0,0,0,0,0,0,0,0,0,0,0,0,0,0,0,11,0,0,0,0,0,0,0,18,0,0,0,0,0,0,0,14,0,0,0,0,0,0,0,22,0,0,0,0,0,0,0,28,0,0,0,0,0,0
0,0,0,0,0,0,0,0,0,0,0,0,0,0,0,0,0,0,0,0,0,0,0,0,11,0,0,0,0,0,0,0,18,0,0,0,0,0,0,0,14,0,0,0,0,0,0,0,22,0,0,0,0,0,0,0,28,0,0,0,0,0,0,0
0,0,0,0,0,0,0,0,0,0,0,0,0,0,0,0,0,0,0,0,0,0,0,0,0,0,0,0,0,0,0,0,0,0,0,0,0,0,0,0,0,0,0,0,0,0,0,0,0,0,0,0,0,0,0,0,0,0,0,0,0,0,0,0
0,0,0,0,0,0,0,0,0,0,0,0,0,0,0,0,0,11,0,0,0,0,0,0,0,18,0,0,0,0,0,0,0,14,0,0,0,0,0,0,0,22,0,0,0,0,0,0,0,28,0,0,0,0,0,0,0,0,0,0,0,0,0,0
0,0,0,0,0,0,0,0,0,0,0,0,0,0,0,0,11,0,0,0,0,0,0,0,18,0,0,0,0,0,0,0,14,0,0,0,0,0,0,0,22,0,0,0,0,0,0,0,28,0,0,0,0,0,0,0,0,0,0,0,0,0,0,0
0,0,0,0,0,0,0,0,0,0,0,0,0,0,0,0,0,0,0,0,0,0,0,0,0,0,0,0,0,0,0,0,0,0,0,0,0,0,0,0,0,0,0,0,0,0,0,0,0,0,0,0,0,0,0,0,0,0,0,0,0,0,0,0
0,0,0,0,0,0,0,0,0,11,0,0,0,0,0,0,0,18,0,0,0,0,0,0,0,14,0,0,0,0,0,0,0,22,0,0,0,0,0,0,0,28,0,0,0,0,0,0,0,0,0,0,0,0,0,0,0,0,0,0,0,0,0,0
0,0,0,0,0,0,0,0,11,0,0,0,0,0,0,0,18,0,0,0,0,0,0,0,14,0,0,0,0,0,0,0,22,0,0,0,0,0,0,0,28,0,0,0,0,0,0,0,0,0,0,0,0,0,0,0,0,0,0,0,0,0,0,0
0,0,0,0,0,0,0,0,0,0,0,0,0,0,0,0,0,0,0,0,0,0,0,0,0,0,0,0,0,0,0,0,0,0,0,0,0,0,0,0,0,0,0,0,0,0,0,0,0,0,0,0,0,0,0,0,0,0,0,0,0,0,0,0
0,0,0,0,0,0,0,0,0,5,19,19,19,14,14,14,0,13,13,20,12,7,7,6,0,10,30,22,10,9,17,7,0,19,22,13,19,10,6,3,0,12,21,22,15,15,15,12,0,15,19,15,18,5,13,21,0,25,15,0,11,12,19,21
0,0,0,0,0,0,0,0,5,19,19,19,14,14,14,14,13,13,20,12,7,7,6,1,10,30,22,10,9,17,7,0,19,22,13,19,10,6,3,1,12,21,22,15,15,15,12,12,15,19,15,18,5,13,21,18,25,15,0,11,12,19,21,10
0,0,0,0,0,0,0,0,19,19,19,14,14,14,14,0,13,20,12,7,7,6,1,0,30,22,10,9,17,7,0,0,22,13,19,10,6,3,1,0,21,22,15,15,15,12,12,0,19,15,18,5,13,21,18,0,15,0,11,12,19,21,10,0
0,5,19,19,19,14,14,14,0,13,13,20,12,7,7,6,0,10,30,22,10,9,17,7,0,19,22,13,19,10,6,3,0,12,21,22,15,15,15,12,0,15,19,15,18,5,13,21,0,25,15,0,11,12,19,21,0,31,15,17,15,18,18,22
5,19,19,19,14,14,14,14,13,13,20,12,7,7,6,1,10,30,22,10,9,17,7,0,19,22,13,19,10,6,3,1,12,21,22,15,15,15,12,12,15,19,15,18,5,13,21,18,25,15,0,11,12,19,21,10,31,15,17,15,18,18,22,12
19,19,19,14,14,14,14,0,13,20,12,7,7,6,1,0,30,22,10,9,17,7,0,0,22,13,19,10,6,3,1,0,21,22,15,15,15,12,12,0,19,15,18,5,13,21,18,0,15,0,11,12,19,21,10,0,15,17,15,18,18,22,12,0
0,13,13,20,12,7,7,6,0,10,30,22,10,9,17,7,0,19,22,13,19,10,6,3,0,12,21,22,15,15,15,12,0,15,19,15,18,5,13,21,0,25,15,0,11,12,19,21,0,31,15,17,15,18,18,22,0,0,0,0,0,0,0,0
13,13,20,12,7,7,6,1,10,30,22,10,9,17,7,0,19,22,13,19,10,6,3,1,12,21,22,15,15,15,12,12,15,19,15,18,5,13,21,18,25,15,0,11,12,19,21,10,31,15,17,15,18,18,22,12,0,0,0,0,0,0,0,0
13,20,12,7,7,6,1,0,30,22,10,9,17,7,0,0,22,13,19,10,6,3,1,0,21,22,15,15,15,12,12,0,19,15,18,5,13,21,18,0,15,0,11,12,19,21,10,0,15,17,15,18,18,22,12,0,0,0,0,0,0,0,0,0
0,0,0,0,0,0,0,0,0,0,0,0,0,0,0,0,0,0,0,0,1,0,0,3,0,0,0,0,0,0,0,0,0,0,0,1,0,3,0,0,0,0,0,0,0,0,0,0,0,0,0,0,0,0,0,0,0,0,0,0,0,0,0,0
0,0,0,0,0,0,0,0,0,0,0,0,0,0,0,0,0,0,0,1,0,0,3,0,0,0,0,0,0,0,0,0,0,0,1,0,3,0,0,0,0,0,0,0,0,0,0,0,0,0,0,0,0,0,0,0,0,0,0,0,0,0,0,0
0,0,0,0,0,0,0,0,0,0,0,0,0,0,0,0,0,0,1,0,0,3,0,0,0,0,0,0,0,0,0,0,0,1,0,3,0,0,0,0,0,0,0,0,0,0,0,0,0,0,0,0,0,0,0,0,0,0,0,0,0,0,0,0
0,0,0,0,0,0,0,0,0,0,0,0,1,0,0,3,0,0,0,0,0,0,0,0,0,0,0,1,0,3,0,0,0,0,0,0,0,0,0,0,0,0,0,0,0,0,0,0,0,0,0,0,0,0,0,0,0,0,0,0,0,0,0,0
0,0,0,0,0,0,0,0,0,0,0,1,0,0,3,0,0,0,0,0,0,0,0,0,0,0,1,0,3,0,0,0,0,0,0,0,0,0,0,0,0,0,0,0,0,0,0,0,0,0,0,0,0,0,0,0,0,0,0,0,0,0,0,0
0,0,0,0,0,0,0,0,0,0,1,0,0,3,0,0,0,0,0,0,0,0,0,0,0,1,0,3,0,0,0,0,0,0,0,0,0,0,0,0,0,0,0,0,0,0,0,0,0,0,0,0,0,0,0,0,0,0,0,0,0,0,0,0
0,0,0,0,1,0,0,3,0,0,0,0,0,0,0,0,0,0,0,1,0,3,0,0,0,0,0,0,0,0,0,0,0,0,0,0,0,0,0,0,0,0,0,0,0,0,0,0,0,0,0,0,0,0,0,0,0,0,0,0,0,0,0,0
0,0,0,1,0,0,3,0,0,0,0,0,0,0,0,0,0,0,1,0,3,0,0,0,0,0,0,0,0,0,0,0,0,0,0,0,0,0,0,0,0,0,0,0,0,0,0,0,0,0,0,0,0,0,0,0,0,0,0,0,0,0,0,0
0,0,1,0,0,3,0,0,0,0,0,0,0,0,0,0,0,1,0,3,0,0,0,0,0,0,0,0,0,0,0,0,0,0,0,0,0,0,0,0,0,0,0,0,0,0,0,0,0,0,0,0,0,0,0,0,0,0,0,0,0,0,0,0
0,0,0,0,0,0,0,0,0,0,0,0,0,0,0,0,0,0,0,0,0,0,0,0,0,0,0,0,0,0,0,0,0,0,0,0,0,0,0,0,0,0,0,0,0,0,0,0,0,0,0,0,0,0,0,0,0,0,0,0,0,0,0,0
0,0,0,0,0,0,0,0,0,0,0,0,0,0,0,0,0,0,0,0,0,0,0,0,0,0,0,0,0,0,0,0,0,0,0,0,0,0,0,0,0,0,0,0,0,0,0,0,0,0,0,0,0,0,0,0,0,0,0,0,0,0,0,0
0,0,0,0,0,0,0,0,0,0,0,0,0,0,0,0,0,0,0,0,0,0,0,0,0,0,0,0,0,0,0,0,0,0,0,0,0,0,0,0,0,0,0,0,0,0,0,0,0,0,0,0,0,0,0,0,0,0,0,0,0,0,0,0
0,0,0,0,0,0,0,0,0,0,0,0,0,0,0,0,0,0,0,0,0,0,0,0,0,0,0,0,0,0,0,0,0,0,0,0,0,0,0,0,0,0,0,0,0,0,0,0,0,0,0,0,0,0,0,0,0,0,0,0,0,0,0,0
0,0,0,0,0,0,0,0,0,0,0,0,0,0,0,0,0,0,0,0,0,0,0,0,0,0,0,0,0,0,0,0,0,0,0,0,0,0,0,0,0,0,0,0,0,0,0,0,0,0,0,0,0,0,0,0,0,0,0,0,0,0,0,0
0,0,0,0,0,0,0,0,0,0,0,0,0,0,0,0,0,0,0,0,0,0,0,0,0,0,0,0,0,0,0,0,0,0,0,0,0,0,0,0,0,0,0,0,0,0,0,0,0,0,0,0,0,0,0,0,0,0,0,0,0,0,0,0
0,0,0,0,0,0,0,0,0,0,0,0,0,0,0,0,0,0,0,0,0,0,0,0,0,0,0,0,0,0,0,0,0,0,0,0,0,0,0,0,0,0,0,0,0,0,0,0,0,0,0,0,0,0,0,0,0,0,0,0,0,0,0,0
0,0,0,0,0,0,0,0,0,0,0,0,0,0,0,0,0,0,0,0,0,0,0,0,0,0,0,0,0,0,0,0,0,0,0,0,0,0,0,0,0,0,0,0,0,0,0,0,0,0,0,0,0,0,0,0,0,0,0,0,0,0,0,0
0,0,0,0,0,0,0,0,0,0,0,0,0,0,0,0,0,0,0,0,0,0,0,0,0,0,0,0,0,0,0,0,0,0,0,0,0,0,0,0,0,0,0,0,0,0,0,0,0,0,0,0,0,0,0,0,0,0,0,0,0,0,0,0
0,0,0,0,0,0,0,0,0,10,1,0,0,0,0,1,0,15,15,9,13,7,12,14,0,0,0,3,0,0,10,6,0,0,0,3,0,0,5,11,0,0,0,0,5,0,5,13,0,1,7,0,0,6,0,0,0,5,3,7,3,0,0,0
0,0,0,0,0,0,0,0,10,1,0,0,0,0,1,3,15,15,9,13,7,12,14,5,0,0,3,0,0,10,6,0,0,0,3,0,0,5,11,0,0,0,0,5,0,5,13,0,1,7,0,0,6,0,0,0,5,3,7,3,0,0,0,0
0,0,0,0,0,0,0,0,1,0,0,0,0,1,3,0,15,9,13,7,12,14,5,0,0,3,0,0,10,6,0,0,0,3,0,0,5,11,0,0,0,0,5,0,5,13,0,0,7,0,0,6,0,0,0,0,3,7,3,0,0,0,0,0
0,10,1,0,0,0,0,1,0,15,15,9,13,7,12,14,0,0,0,3,0,0,10,6,0,0,0,3,0,0,5,11,0,0,0,0,5,0,5,13,0,1,7,0,0,6,0,0,0,5,3,7,3,0,0,0,0,0,0,3,3,1,0,0
10,1,0,0,0,0,1,3,15,15,9,13,7,12,14,5,0,0,3,0,0,10,6,0,0,0,3,0,0,5,11,0,0,0,0,5,0,5,13,0,1,7,0,0,6,0,0,0,5,3,7,3,0,0,0,0,0,0,3,3,1,0,0,0
1,0,0,0,0,1,3,0,15,9,13,7,12,14,5,0,0,3,0,0,10,6,0,0,0,3,0,0,5,11,0,0,0,0,5,0,5,13,0,0,7,0,0,6,0,0,0,0,3,7,3,0,0,0,0,0,0,3,3,1,0,0,0,0
0,15,15,9,13,7,12,14,0,0,0,3,0,0,10,6,0,0,0,3,0,0,5,11,0,0,0,0,5,0,5,13,0,1,7,0,0,6,0,0,0,5,3,7,3,0,0,0,0,0,0,3,3,1,0,0,0,0,0,0,0,0,0,0
15,15,9,13,7,12,14,5,0,0,3,0,0,10,6,0,0,0,3,0,0,5,11,0,0,0,0,5,0,5,13,0,1,7,0,0,6,0,0,0,5,3,7,3,0,0,0,0,0,0,3,3,1,0,0,0,0,0,0,0,0,0,0,0
15,9,13,7,12,14,5,0,0,3,0,0,10,6,0,0,0,3,0,0,5,11,0,0,0,0,5,0,5,13,0,0,7,0,0,6,0,0,0,0,3,7,3,0,0,0,0,0,0,3,3,1,0,0,0,0,0,0,0,0,0,0,0,0
0,0,0,0,0,0,0,0,0,37,31,31,35,31,33,36,0,40,28,28,36,26,28,33,0,46,26,31,33,24,33,34,0,39,26,33,33,23,28,31,0,28,31,26,25,34,38,34,0,28,28,23,28,34,31,27,0,31,23,13,31,31,25,28
0,0,0,0,0,0,0,0,37,31,31,35,31,33,36,17,40,28,28,36,26,28,33,15,46,26,31,33,24,33,34,18,39,26,33,33,23,28,31,17,28,31,26,25,34,38,34,22,28,28,23,28,34,31,27,22,31,23,13,31,31,25,28,18
0,0,0,0,0,0,0,0,31,31,35,31,33,36,17,0,28,28,36,26,28,33,15,0,26,31,33,24,33,34,18,0,26,33,33,23,28,31,17,0,31,26,25,34,38,34,22,0,28,23,28,34,31,27,22,0,23,13,31,31,25,28,18,0
0,37,31,31,35,31,33,36,0,40,28,28,36,26,28,33,0,46,26,31,33,24,33,34,0,39,26,33,33,23,28,31,0,28,31,26,25,34,38,34,0,28,28,23,28,34,31,27,0,31,23,13,31,31,25,28,0,28,27,40,33,31,31,36
37,31,31,35,31,33,36,17,40,28,28,36,26,28,33,15,46,26,31,33,24,33,34,18,39,26,33,33,23,28,31,17,28,31,26,25,34,38,34,22,28,28,23,28,34,31,27,22,31,23,13,31,31,25,28,18,28,27,40,33,31,31,36,35
31,31,35,31,33,36,17,0,28,28,36,26,28,33,15,0,26,31,33,24,33,34,18,0,26,33,33,23,28,31,17,0,31,26,25,34,38,34,22,0,28,23,28,34,31,27,22,0,23,13,31,31,25,28,18,0,27,40,33,31,31,36,35,0
0,40,28,28,36,26,28,33,0,46,26,31,33,24,33,34,0,39,26,33,33,23,28,31,0,28,31,26,25,34,38,34,0,28,28,23,28,34,31,27,0,31,23,13,31,31,25,28,0,28,27,40,33,31,31,36,0,0,0,0,0,0,0,0
40,28,28,36,26,28,33,15,46,26,31,33,24,33,34,18,39,26,33,33,23,28,31,17,28,31,26,25,34,38,34,22,28,28,23,28,34,31,27,22,31,23,13,31,31,25,28,18,28,27,40,33,31,31,36,35,0,0,0,0,0,0,0,0
28,28,36,26,28,33,15,0,26,31,33,24,33,34,18,0,26,33,33,23,28,31,17,0,31,26,25,34,38,34,22,0,28,23,28,34,31,27,22,0,23,13,31,31,25,28,18,0,27,40,33,31,31,36,35,0,0,0,0,0,0,0,0,0
0,0,0,0,0,0,0,0,0,15,15,20,18,17,17,12,0,19,12,10,18,18,18,17,0,19,14,15,10,18,21,12,0,15,0,15,19,18,23,10,0,9,13,18,21,11,20,13,0,15,14,22,28,13,15,10,0,13,17,15,11,7,7,12
0,0,0,0,0,0,0,0,15,15,20,18,17,17,12,1,19,12,10,18,18,18,17,0,19,14,15,10,18,21,12,0,15,0,15,19,18,23,10,0,9,13,18,21,11,20,13,0,15,14,22,28,13,15,10,0,13,17,15,11,7,7,12,5
0,0,0,0,0,0,0,0,15,20,18,17,17,12,1,0,12,10,18,18,18,17,0,0,14,15,10,18,21,12,0,0,0,15,19,18,23,10,0,0,13,18,21,11,20,13,0,0,14,22,28,13,15,10,0,0,17,15,11,7,7,12,5,0
0,15,15,20,18,17,17,12,0,19,12,10,18,18,18,17,0,19,14,15,10,18,21,12,0,15,0,15,19,18,23,10,0,9,13,18,21,11,20,13,0,15,14,22,28,13,15,10,0,13,17,15,11,7,7,12,0,15,17,19,20,18,20,24
15,15,20,18,17,17,12,1,19,12,10,18,18,18,17,0,19,14,15,10,18,21,12,0,15,0,15,19,18,23,10,0,9,13,18,21,11,20,13,0,15,14,22,28,13,15,10,0,13,17,15,11,7,7,12,5,15,17,19,20,18,20,24,17
15,20,18,17,17,12,1,0,12,10,18,18,18,17,0,0,14,15,10,18,21,12,0,0,0,15,19,18,23,10,0,0,13,18,21,11,20,13,0,0,14,22,28,13,15,10,0,0,17,15,11,7,7,12,5,0,17,19,20,18,20,24,17,0
0,19,12,10,18,18,18,17,0,19,14,15,10,18,21,12,0,15,0,15,19,18,23,10,0,9,13,18,21,11,20,13,0,15,14,22,28,13,15,10,0,13,17,15,11,7,7,12,0,15,17,19,20,18,20,24,0,0,0,0,0,0,0,0
19,12,10,18,18,18,17,0,19,14,15,10,18,21,12,0,15,0,15,19,18,23,10,0,9,13,18,21,11,20,13,0,15,14,22,28,13,15,10,0,13,17,15,11,7,7,12,5,15,17,19,20,18,20,24,17,0,0,0,0,0,0,0,0
12,10,18,18,18,17,0,0,14,15,10,18,21,12,0,0,0,15,19,18,23,10,0,0,13,18,21,11,20,13,0,0,14,22,28,13,15,10,0,0,17,15,11,7,7,12,5,0,17,19,20,18,20,24,17,0,0,0,0,0,0,0,0,0
0,0,0,0,0,0,0,0,0,0,0,0,0,0,0,0,0,0,0,0,0,0,0,0,0,0,0,0,0,0,0,0,0,0,0,0,0,0,0,0,0,0,0,0,0,0,0,0,0,0,0,0,0,0,0,0,0,0,0,0,0,0,0,0
0,0,0,0,0,0,0,0,0,0,0,0,0,0,0,0,0,0,0,0,0,0,0,0,0,0,0,0,0,0,0,0,0,0,0,0,0,0,0,0,0,0,0,0,0,0,0,0,0,0,0,0,0,0,0,0,0,0,0,0,0,0,0,0
0,0,0,0,0,0,0,0,0,0,0,0,0,0,0,0,0,0,0,0,0,0,0,0,0,0,0,0,0,0,0,0,0,0,0,0,0,0,0,0,0,0,0,0,0,0,0,0,0,0,0,0,0,0,0,0,0,0,0,0,0,0,0,0
0,0,0,0,0,0,0,0,0,0,0,0,0,0,0,0,0,0,0,0,0,0,0,0,0,0,0,0,0,0,0,0,0,0,0,0,0,0,0,0,0,0,0,0,0,0,0,0,0,0,0,0,0,0,0,0,0,0,0,0,0,0,0,0
0,0,0,0,0,0,0,0,0,0,0,0,0,0,0,0,0,0,0,0,0,0,0,0,0,0,0,0,0,0,0,0,0,0,0,0,0,0,0,0,0,0,0,0,0,0,0,0,0,0,0,0,0,0,0,0,0,0,0,0,0,0,0,3
0,0,0,0,0,0,0,0,0,0,0,0,0,0,0,0,0,0,0,0,0,0,0,0,0,0,0,0,0,0,0,0,0,0,0,0,0,0,0,0,0,0,0,0,0,0,0,0,0,0,0,0,0,0,0,0,0,0,0,0,0,0,3,0
0,0,0,0,0,0,0,0,0,0,0,0,0,0,0,0,0,0,0,0,0,0,0,0,0,0,0,0,0,0,0,0,0,0,0,0,0,0,0,0,0,0,0,0,0,0,0,0,0,0,0,0,0,0,0,0,0,0,0,0,0,0,0,0
0,0,0,0,0,0,0,0,0,0,0,0,0,0,0,0,0,0,0,0,0,0,0,0,0,0,0,0,0,0,0,0,0,0,0,0,0,0,0,0,0,0,0,0,0,0,0,0,0,0,0,0,0,0,0,3,0,0,0,0,0,0,0,0
0,0,0,0,0,0,0,0,0,0,0,0,0,0,0,0,0,0,0,0,0,0,0,0,0,0,0,0,0,0,0,0,0,0,0,0,0,0,0,0,0,0,0,0,0,0,0,0,0,0,0,0,0,0,3,0,0,0,0,0,0,0,0,0
0,0,0,0,0,0,0,0,0,13,11,13,12,20,15,11,0,7,15,10,14,17,15,10,0,12,13,7,6,6,10,9,0,3,13,15,7,9,6,9,0,7,3,12,0,7,15,7,0,5,0,7,11,14,17,7,0,7,0,6,11,14,12,12
0,0,0,0,0,0,0,0,13,11,13,12,20,15,11,18,7,15,10,14,17,15,10,15,12,13,7,6,6,10,9,14,3,13,15,7,9,6,9,10,7,3,12,0,7,15,7,15,5,0,7,11,14,17,7,13,7,0,6,11,14,12,12,15
0,0,0,0,0,0,0,0,11,13,12,20,15,11,18,0,15,10,14,17,15,10,15,0,13,7,6,6,10,9,14,0,13,15,7,9,6,9,10,0,3,12,0,7,15,7,15,0,0,7,11,14,17,7,13,0,0,6,11,14,12,12,15,0
0,13,11,13,12,20,15,11,0,7,15,10,14,17,15,10,0,12,13,7,6,6,10,9,0,3,13,15,7,9,6,9,0,7,3,12,0,7,15,7,0,5,0,7,11,14,17,7,0,7,0,6,11,14,12,12,0,28,21,17,20,15,18,13
13,11,13,12,20,15,11,18,7,15,10,14,17,15,10,15,12,13,7,6,6,10,9,14,3,13,15,7,9,6,9,10,7,3,12,0,7,15,7,15,5,0,7,11,14,17,7,13,7,0,6,11,14,12,12,15,28,21,17,20,15,18,13,14
11,13,12,20,15,11,18,0,15,10,14,17,15,10,15,0,13,7,6,6,10,9,14,0,13,15,7,9,6,9,10,0,3,12,0,7,15,7,15,0,0,7,11,14,17,7,13,0,0,6,11,14,12,12,15,0,21,17,20,15,18,13,14,0
0,7,15,10,14,17,15,10,0,12,13,7,6,6,10,9,0,3,13,15,7,9,6,9,0,7,3,12,0,7,15,7,0,5,0,7,11,14,17,7,0,7,0,6,11,14,12,12,0,28,21,17,20,15,18,13,0,0,0,0,0,0,0,0
7,15,10,14,17,15,10,15,12,13,7,6,6,10,9,14,3,13,15,7,9,6,9,10,7,3,12,0,7,15,7,15,5,0,7,11,14,17,7,13,7,0,6,11,14,12,12,15,28,21,17,20,15,18,13,14,0,0,0,0,0,0,0,0
15,10,14,17,15,10,15,0,13,7,6,6,10,9,14,0,13,15,7,9,6,9,10,0,3,12,0,7,15,7,15,0,0,7,11,14,17,7,13,0,0,6,11,14,12,12,15,0,21,17,20,15,18,13,14,0,0,0,0,0,0,0,0,0
0,0,0,0,0,0,0,0,0,23,33,31,31,38,33,27,0,36,47,41,41,40,45,30,0,37,42,48,52,42,53,38,0,31,41,44,45,38,45,38,0,39,47,43,42,49,38,42,0,37,45,44,56,43,38,41,0,34,34,42,51,43,43,38
0,0,0,0,0,0,0,0,23,33,31,31,38,33,27,31,36,47,41,41,40,45,30,41,37,42,48,52,42,53,38,39,31,41,44,45,38,45,38,37,39,47,43,42,49,38,42,39,37,45,44,56,43,38,41,34,34,34,42,51,43,43,38,40
0,0,0,0,0,0,0,0,33,31,31,38,33,27,31,0,47,41,41,40,45,30,41,0,42,48,52,42,53,38,39,0,41,44,45,38,45,38,37,0,47,43,42,49,38,42,39,0,45,44,56,43,38,41,34,0,34,42,51,43,43,38,40,0
0,23,33,31,31,38,33,27,0,36,47,41,41,40,45,30,0,37,42,48,52,42,53,38,0,31,41,44,45,38,45,38,0,39,47,43,42,49,38,42,0,37,45,44,56,43,38,41,0,34,34,42,51,43,43,38,0,38,50,46,55,45,38,38
23,33,31,31,38,33,27,31,36,47,41,41,40,45,30,41,37,42,48,52,42,53,38,39,31,41,44,45,38,45,38,37,39,47,43,42,49,38,42,39,37,45,44,56,43,38,41,34,34,34,42,51,43,43,38,40,38,50,46,55,45,38,38,42
33,31,31,38,33,27,31,0,47,41,41,40,45,30,41,0,42,48,52,42,53,38,39,0,41,44,45,38,45,38,37,0,47,43,42,49,38,42,39,0,45,44,56,43,38,41,34,0,34,42,51,43,43,38,40,0,50,46,55,45,38,38,42,0
0,36,47,41,41,40,45,30,0,37,42,48,52,42,53,38,0,31,41,44,45,38,45,38,0,39,47,43,42,49,38,42,0,37,45,44,56,43,38,41,0,34,34,42,51,43,43,38,0,38,50,46,55,45,38,38,0,0,0,0,0,0,0,0
36,47,41,41,40,45,30,41,37,42,48,52,42,53,38,39,31,41,44,45,38,45,38,37,39,47,43,42,49,38,42,39,37,45,44,56,43,38,41,34,34,34,42,51,43,43,38,40,38,50,46,55,45,38,38,42,0,0,0,0,0,0,0,0
47,41,41,40,45,30,41,0,42,48,52,42,53,38,39,0,41,44,45,38,45,38,37,0,47,43,42,49,38,42,39,0,45,44,56,43,38,41,34,0,34,42,51,43,43,38,40,0,50,46,55,45,38,38,42,0,0,0,0,0,0,0,0,0
0,0,0,0,0,0,0,0,0,35,46,46,42,38,40,39,0,52,67,67,70,63,59,62,0,56,69,57,70,60,60,57,0,53,65,70,72,62,60,62,0,48,78,67,67,59,54,62,0,44,75,73,69,57,53,60,0,48,62,56,65,51,48,53
0,0,0,0,0,0,0,0,35,46,46,42,38,40,39,35,52,67,67,70,63,59,62,45,56,69,57,70,60,60,57,46,53,65,70,72,62,60,62,43,48,78,67,67,59,54,62,37,44,75,73,69,57,53,60,39,48,62,56,65,51,48,53,38
0,0,0,0,0,0,0,0,46,46,42,38,40,39,35,0,67,67,70,63,59,62,45,0,69,57,70,60,60,57,46,0,65,70,72,62,60,62,43,0,78,67,67,59,54,62,37,0,75,73,69,57,53,60,39,0,62,56,65,51,48,53,38,0
0,35,46,46,42,38,40,39,0,52,67,67,70,63,59,62,0,56,69,57,70,60,60,57,0,53,65,70,72,62,60,62,0,48,78,67,67,59,54,62,0,44,75,73,69,57,53,60,0,48,62,56,65,51,48,53,0,45,51,54,46,40,39,46
35,46,46,42,38,40,39,35,52,67,67,70,63,59,62,45,56,69,57,70,60,60,57,46,53,65,70,72,62,60,62,43,48,78,67,67,59,54,62,37,44,75,73,69,57,53,60,39,48,62,56,65,51,48,53,38,45,51,54,46,40,39,46,33
46,46,42,38,40,39,35,0,67,67,70,63,59,62,45,0,69,57,70,60,60,57,46,0,65,70,72,62,60,62,43,0,78,67,67,59,54,62,37,0,75,73,69,57,53,60,39,0,62,56,65,51,48,53,38,0,51,54,46,40,39,46,33,0
0,52,67,67,70,63,59,62,0,56,69,57,70,60,60,57,0,53,65,70,72,62,60,62,0,48,78,67,67,59,54,62,0,44,75,73,69,57,53,60,0,48,62,56,65,51,48,53,0,45,51,54,46,40,39,46,0,0,0,0,0,0,0,0
52,67,67,70,63,59,62,45,56,69,57,70,60,60,57,46,53,65,70,72,62,60,62,43,48,78,67,67,59,54,62,37,44,75,73,69,57,53,60,39,48,62,56,65,51,48,53,38,45,51,54,46,40,39,46,33,0,0,0,0,0,0,0,0
67,67,70,63,59,62,45,0,69,57,70,60,60,57,46,0,65,70,72,62,60,62,43,0,78,67,67,59,54,62,37,0,75,73,69,57,53,60,39,0,62,56,65,51,48,53,38,0,51,54,46,40,39,46,33,0,0,0,0,0,0,0,0,0
0,0,0,0,0,0,0,0,0,21,6,1,0,5,9,5,0,17,6,0,0,0,3,0,0,19,1,0,0,0,7,7,0,20,5,0,3,0,5,0,0,19,5,1,5,0,0,0,0,23,19,0,0,0,0,0,0,18,3,0,0,0,0,0
0,0,0,0,0,0,0,0,21,6,1,0,5,9,5,3,17,6,0,0,0,3,0,0,19,1,0,0,0,7,7,0,20,5,0,3,0,5,0,0,19,5,1,5,0,0,0,0,23,19,0,0,0,0,0,0,18,3,0,0,0,0,0,0
0,0,0,0,0,0,0,0,6,1,0,5,9,5,3,0,6,0,0,0,3,0,0,0,1,0,0,0,7,7,0,0,5,0,3,0,5,0,0,0,5,1,5,0,0,0,0,0,19,0,0,0,0,0,0,0,3,0,0,0,0,0,0,0
0,21,6,1,0,5,9,5,0,17,6,0,0,0,3,0,0,19,1,0,0,0,7,7,0,20,5,0,3,0,5,0,0,19,5,1,5,0,0,0,0,23,19,0,0,0,0,0,0,18,3,0,0,0,0,0,0,6,7,0,0,0,0,0
21,6,1,0,5,9,5,3,17,6,0,0,0,3,0,0,19,1,0,0,0,7,7,0,20,5,0,3,0,5,0,0,19,5,1,5,0,0,0,0,23,19,0,0,0,0,0,0,18,3,0,0,0,0,0,0,6,7,0,0,0,0,0,0
6,1,0,5,9,5,3,0,6,0,0,0,3,0,0,0,1,0,0,0,7,7,0,0,5,0,3,0,5,0,0,0,5,1,5,0,0,0,0,0,19,0,0,0,0,0,0,0,3,0,0,0,0,0,0,0,7,0,0,0,0,0,0,0
0,17,6,0,0,0,3,0,0,19,1,0,0,0,7,7,0,20,5,0,3,0,5,0,0,19,5,1,5,0,0,0,0,23,19,0,0,0,0,0,0,18,3,0,0,0,0,0,0,6,7,0,0,0,0,0,0,0,0,0,0,0,0,0
17,6,0,0,0,3,0,0,19,1,0,0,0,7,7,0,20,5,0,3,0,5,0,0,19,5,1,5,0,0,0,0,23,19,0,0,0,0,0,0,18,3,0,0,0,0,0,0,6,7,0,0,0,0,0,0,0,0,0,0,0,0,0,0
6,0,0,0,3,0,0,0,1,0,0,0,7,7,0,0,5,0,3,0,5,0,0,0,5,1,5,0,0,0,0,0,19,0,0,0,0,0,0,0,3,0,0,0,0,0,0,0,7,0,0,0,0,0,0,0,0,0,0,0,0,0,0,0
0,0,0,0,0,0,0,0,0,0,0,0,0,0,0,0,0,0,0,0,0,0,0,0,0,0,0,0,0,0,0,0,0,0,0,0,0,0,0,0,0,0,0,0,0,0,0,0,0,0,0,0,0,0,0,0,0,0,0,0,0,0,1,0
0,0,0,0,0,0,0,0,0,0,0,0,0,0,0,0,0,0,0,0,0,0,0,0,0,0,0,0,0,0,0,0,0,0,0,0,0,0,0,0,0,0,0,0,0,0,0,0,0,0,0,0,0,0,0,0,0,0,0,0,0,1,0,0
0,0,0,0,0,0,0,0,0,0,0,0,0,0,0,0,0,0,0,0,0,0,0,0,0,0,0,0,0,0,0,0,0,0,0,0,0,0,0,0,0,0,0,0,0,0,0,0,0,0,0,0,0,0,0,0,0,0,0,0,1,0,0,0
0,0,0,0,0,0,0,0,0,0,0,0,0,0,0,0,0,0,0,0,0,0,0,0,0,0,0,0,0,0,0,0,0,0,0,0,0,0,0,0,0,0,0,0,0,0,0,0,0,0,0,0,0,0,1,0,0,6,0,0,0,0,0,0
0,0,0,0,0,0,0,0,0,0,0,0,0,0,0,0,0,0,0,0,0,0,0,0,0,0,0,0,0,0,0,0,0,0,0,0,0,0,0,0,0,0,0,0,0,0,0,0,0,0,0,0,0,1,0,0,6,0,0,0,0,0,0,0
0,0,0,0,0,0,0,0,0,0,0,0,0,0,0,0,0,0,0,0,0,0,0,0,0,0,0,0,0,0,0,0,0,0,0,0,0,0,0,0,0,0,0,0,0,0,0,0,0,0,0,0,1,0,0,0,0,0,0,0,0,0,0,0
0,0,0,0,0,0,0,0,0,0,0,0,0,0,0,0,0,0,0,0,0,0,0,0,0,0,0,0,0,0,0,0,0,0,0,0,0,0,0,0,0,0,0,0,0,0,1,0,0,6,0,0,0,0,0,0,0,0,0,0,0,0,0,0
0,0,0,0,0,0,0,0,0,0,0,0,0,0,0,0,0,0,0,0,0,0,0,0,0,0,0,0,0,0,0,0,0,0,0,0,0,0,0,0,0,0,0,0,0,1,0,0,6,0,0,0,0,0,0,0,0,0,0,0,0,0,0,0
0,0,0,0,0,0,0,0,0,0,0,0,0,0,0,0,0,0,0,0,0,0,0,0,0,0,0,0,0,0,0,0,0,0,0,0,0,0,0,0,0,0,0,0,1,0,0,0,0,0,0,0,0,0,0,0,0,0,0,0,0,0,0,0
0,0,0,0,0,0,0,0,0,0,0,0,0,0,0,0,0,0,0,0,0,0,0,0,0,0,0,0,0,0,0,0,0,0,0,0,0,0,0,0,0,0,0,0,0,0,0,0,0,0,0,0,0,0,0,0,0,0,0,0,0,0,0,0
0,0,0,0,0,0,0,0,0,0,0,0,0,0,0,0,0,0,0,0,0,0,0,0,0,0,0,0,0,0,0,0,0,0,0,0,0,0,0,0,0,0,0,0,0,0,0,0,0,0,0,0,0,0,0,0,0,0,0,0,0,0,0,0
0,0,0,0,0,0,0,0,0,0,0,0,0,0,0,0,0,0,0,0,0,0,0,0,0,0,0,0,0,0,0,0,0,0,0,0,0,0,0,0,0,0,0,0,0,0,0,0,0,0,0,0,0,0,0,0,0,0,0,0,0,0,0,0
0,0,0,0,0,0,0,0,0,0,0,0,0,0,0,0,0,0,0,0,0,0,0,0,0,0,0,0,0,0,0,0,0,0,0,0,0,0,0,0,0,0,0,0,0,0,0,0,0,0,0,0,0,0,0,0,0,0,0,0,0,0,0,0
0,0,0,0,0,0,0,0,0,0,0,0,0,0,0,0,0,0,0,0,0,0,0,0,0,0,0,0,0,0,0,0,0,0,0,0,0,0,0,0,0,0,0,0,0,0,0,0,0,0,0,0,0,0,0,0,0,0,0,0,0,0,0,0
0,0,0,0,0,0,0,0,0,0,0,0,0,0,0,0,0,0,0,0,0,0,0,0,0,0,0,0,0,0,0,0,0,0,0,0,0,0,0,0,0,0,0,0,0,0,0,0,0,0,0,0,0,0,0,0,0,0,0,0,0,0,0,0
0,0,0,0,0,0,0,0,0,0,0,0,0,0,0,0,0,0,0,0,0,0,0,0,0,0,0,0,0,0,0,0,0,0,0,0,0,0,0,0,0,0,0,0,0,0,0,0,0,0,0,0,0,0,0,0,0,0,0,0,0,0,0,0
0,0,0,0,0,0,0,0,0,0,0,0,0,0,0,0,0,0,0,0,0,0,0,0,0,0,0,0,0,0,0,0,0,0,0,0,0,0,0,0,0,0,0,0,0,0,0,0,0,0,0,0,0,0,0,0,0,0,0,0,0,0,0,0
0,0,0,0,0,0,0,0,0,0,0,0,0,0,0,0,0,0,0,0,0,0,0,0,0,0,0,0,0,0,0,0,0,0,0,0,0,0,0,0,0,0,0,0,0,0,0,0,0,0,0,0,0,0,0,0,0,0,0,0,0,0,0,0
0,0,0,0,0,0,0,0,0,6,6,0,5,3,7,9,0,3,0,0,0,0,0,0,0,0,0,0,0,0,0,0,0,12,0,0,0,0,0,0,0,7,0,0,0,0,0,0,0,0,0,0,0,0,0,0,0,6,0,0,0,0,0,0
0,0,0,0,0,0,0,0,6,6,0,5,3,7,9,12,3,0,0,0,0,0,0,3,0,0,0,0,0,0,0,7,12,0,0,0,0,0,0,7,7,0,0,0,0,0,0,7,0,0,0,0,0,0,0,11,6,0,0,0,0,0,0,15
0,0,0,0,0,0,0,0,6,0,5,3,7,9,12,0,0,0,0,0,0,0,3,0,0,0,0,0,0,0,7,0,0,0,0,0,0,0,7,0,0,0,0,0,0,0,7,0,0,0,0,0,0,0,11,0,0,0,0,0,0,0,15,0
0,6,6,0,5,3,7,9,0,3,0,0,0,0,0,0,0,0,0,0,0,0,0,0,0,12,0,0,0,0,0,0,0,7,0,0,0,0,0,0,0,0,0,0,0,0,0,0,0,6,0,0,0,0,0,0,0,20,13,13,15,21,19,13
6,6,0,5,3,7,9,12,3,0,0,0,0,0,0,3,0,0,0,0,0,0,0,7,12,0,0,0,0,0,0,7,7,0,0,0,0,0,0,7,0,0,0,0,0,0,0,11,6,0,0,0,0,0,0,15,20,13,13,15,21,19,13,17
6,0,5,3,7,9,12,0,0,0,0,0,0,0,3,0,0,0,0,0,0,0,7,0,0,0,0,0,0,0,7,0,0,0,0,0,0,0,7,0,0,0,0,0,0,0,11,0,0,0,0,0,0,0,15,0,13,13,15,21,19,13,17,0
0,3,0,0,0,0,0,0,0,0,0,0,0,0,0,0,0,12,0,0,0,0,0,0,0,7,0,0,0,0,0,0,0,0,0,0,0,0,0,0,0,6,0,0,0,0,0,0,0,20,13,13,15,21,19,13,0,0,0,0,0,0,0,0
3,0,0,0,0,0,0,3,0,0,0,0,0,0,0,7,12,0,0,0,0,0,0,7,7,0,0,0,0,0,0,7,0,0,0,0,0,0,0,11,6,0,0,0,0,0,0,15,20,13,13,15,21,19,13,17,0,0,0,0,0,0,0,0
0,0,0,0,0,0,3,0,0,0,0,0,0,0,7,0,0,0,0,0,0,0,7,0,0,0,0,0,0,0,7,0,0,0,0,0,0,0,11,0,0,0,0,0,0,0,15,0,13,13,15,21,19,13,17,0,0,0,0,0,0,0,0,0
0,0,0,0,0,0,0,0,0,15,15,11,12,10,3,5,0,26,25,25,27,15,24,17,0,28,33,21,21,19,12,19,0,38,35,25,22,20,21,19,0,38,33,31,17,25,33,17,0,34,39,40,19,22,22,25,0,39,41,33,24,23,20,31
0,0,0,0,0,0,0,0,15,15,11,12,10,3,5,20,26,25,25,27,15,24,17,26,28,33,21,21,19,12,19,21,38,35,25,22,20,21,19,23,38,33,31,17,25,33,17,25,34,39,40,19,22,22,25,28,39,41,33,24,23,20,31,33
0,0,0,0,0,0,0,0,15,11,12,10,3,5,20,0,25,25,27,15,24,17,26,0,33,21,21,19,12,19,21,0,35,25,22,20,21,19,23,0,33,31,17,25,33,17,25,0,39,40,19,22,22,25,28,0,41,33,24,23,20,31,33,0
0,15,15,11,12,10,3,5,0,26,25,25,27,15,24,17,0,28,33,21,21,19,12,19,0,38,35,25,22,20,21,19,0,38,33,31,17,25,33,17,0,34,39,40,19,22,22,25,0,39,41,33,24,23,20,31,0,48,39,28,35,42,39,37
15,15,11,12,10,3,5,20,26,25,25,27,15,24,17,26,28,33,21,21,19,12,19,21,38,35,25,22,20,21,19,23,38,33,31,17,25,33,17,25,34,39,40,19,22,22,25,28,39,41,33,24,23,20,31,33,48,39,28,35,42,39,37,36
15,11,12,10,3,5,20,0,25,25,27,15,24,17,26,0,33,21,21,19,12,19,21,0,35,25,22,20,21,19,23,0,33,31,17,25,33,17,25,0,39,40,19,22,22,25,28,0,41,33,24,23,20,31,33,0,39,28,35,42,39,37,36,0
0,26,25,25,27,15,24,17,0,28,33,21,21,19,12,19,0,38,35,25,22,20,21,19,0,38,33,31,17,25,33,17,0,34,39,40,19,22,22,25,0,39,41,33,24,23,20,31,0,48,39,28,35,42,39,37,0,0,0,0,0,0,0,0
26,25,25,27,15,24,17,26,28,33,21,21,19,12,19,21,38,35,25,22,20,21,19,23,38,33,31,17,25,33,17,25,34,39,40,19,22,22,25,28,39,41,33,24,23,20,31,33,48,39,28,35,42,39,37,36,0,0,0,0,0,0,0,0
25,25,27,15,24,17,26,0,33,21,21,19,12,19,21,0,35,25,22,20,21,19,23,0,33,31,17,25,33,17,25,0,39,40,19,22,22,25,28,0,41,33,24,23,20,31,33,0,39,28,35,42,39,37,36,0,0,0,0,0,0,0,0,0
0,0,0,0,0,0,0,0,0,14,18,15,15,13,12,11,0,12,12,11,0,5,5,3,0,23,12,14,9,6,11,6,0,15,23,11,3,9,5,5,0,15,21,26,5,19,0,9,0,14,14,14,5,11,6,7,0,14,14,10,12,11,17,18
0,0,0,0,0,0,0,0,14,18,15,15,13,12,11,15,12,12,11,0,5,5,3,5,23,12,14,9,6,11,6,14,15,23,11,3,9,5,5,9,15,21,26,5,19,0,9,7,14,14,14,5,11,6,7,3,14,14,10,12,11,17,18,17
0,0,0,0,0,0,0,0,18,15,15,13,12,11,15,0,12,11,0,5,5,3,5,0,12,14,9,6,11,6,14,0,23,11,3,9,5,5,9,0,21,26,5,19,0,9,7,0,14,14,5,11,6,7,3,0,14,10,12,11,17,18,17,0
0,14,18,15,15,13,12,11,0,12,12,11,0,5,5,3,0,23,12,14,9,6,11,6,0,15,23,11,3,9,5,5,0,15,21,26,5,19,0,9,0,14,14,14,5,11,6,7,0,14,14,10,12,11,17,18,0,7,17,7,6,7,9,15
14,18,15,15,13,12,11,15,12,12,11,0,5,5,3,5,23,12,14,9,6,11,6,14,15,23,11,3,9,5,5,9,15,21,26,5,19,0,9,7,14,14,14,5,11,6,7,3,14,14,10,12,11,17,18,17,7,17,7,6,7,9,15,13
18,15,15,13,12,11,15,0,12,11,0,5,5,3,5,0,12,14,9,6,11,6,14,0,23,11,3,9,5,5,9,0,21,26,5,19,0,9,7,0,14,14,5,11,6,7,3,0,14,10,12,11,17,18,17,0,17,7,6,7,9,15,13,0
0,12,12,11,0,5,5,3,0,23,12,14,9,6,11,6,0,15,23,11,3,9,5,5,0,15,21,26,5,19,0,9,0,14,14,14,5,11,6,7,0,14,14,10,12,11,17,18,0,7,17,7,6,7,9,15,0,0,0,0,0,0,0,0
12,12,11,0,5,5,3,5,23,12,14,9,6,11,6,14,15,23,11,3,9,5,5,9,15,21,26,5,19,0,9,7,14,14,14,5,11,6,7,3,14,14,10,12,11,17,18,17,7,17,7,6,7,9,15,13,0,0,0,0,0,0,0,0
12,11,0,5,5,3,5,0,12,14,9,6,11,6,14,0,23,11,3,9,5,5,9,0,21,26,5,19,0,9,7,0,14,14,5,11,6,7,3,0,14,10,12,11,17,18,17,0,17,7,6,7,9,15,13,0,0,0,0,0,0,0,0,0
0,0,0,0,0,0,0,0,0,0,0,0,0,0,0,0,0,0,0,0,0,0,0,0,0,0,0,0,0,0,0,0,0,0,0,0,0,0,0,0,0,0,0,0,0,0,0,0,0,0,0,0,0,0,0,0,0,0,0,0,0,0,0,0
0,0,0,0,0,0,0,0,0,0,0,0,0,0,0,0,0,0,0,0,0,0,0,0,0,0,0,0,0,0,0,0,0,0,0,0,0,0,0,0,0,0,0,0,0,0,0,0,0,0,0,0,0,0,0,0,0,0,0,0,0,0,0,0
0,0,0,0,0,0,0,0,0,0,0,0,0,0,0,0,0,0,0,0,0,0,0,0,0,0,0,0,0,0,0,0,0,0,0,0,0,0,0,0,0,0,0,0,0,0,0,0,0,0,0,0,0,0,0,0,0,0,0,0,0,0,0,0
0,0,0,0,0,0,0,0,0,0,0,0,0,0,0,0,0,0,0,0,0,0,0,0,0,0,0,0,0,0,0,0,0,0,0,0,0,0,0,0,0,0,0,0,0,0,0,0,0,0,0,0,0,0,0,0,0,0,0,0,0,0,0,0
0,0,0,0,0,0,0,0,0,0,0,0,0,0,0,0,0,0,0,0,0,0,0,0,0,0,0,0,0,0,0,0,0,0,0,0,0,0,0,0,0,0,0,0,0,0,0,0,0,0,0,0,0,0,0,0,0,0,0,0,0,0,0,0
0,0,0,0,0,0,0,0,0,0,0,0,0,0,0,0,0,0,0,0,0,0,0,0,0,0,0,0,0,0,0,0,0,0,0,0,0,0,0,0,0,0,0,0,0,0,0,0,0,0,0,0,0,0,0,0,0,0,0,0,0,0,0,0
0,0,0,0,0,0,0,0,0,0,0,0,0,0,0,0,0,0,0,0,0,0,0,0,0,0,0,0,0,0,0,0,0,0,0,0,0,0,0,0,0,0,0,0,0,0,0,0,0,0,0,0,0,0,0,0,0,0,0,0,0,0,0,0
0,0,0,0,0,0,0,0,0,0,0,0,0,0,0,0,0,0,0,0,0,0,0,0,0,0,0,0,0,0,0,0,0,0,0,0,0,0,0,0,0,0,0,0,0,0,0,0,0,0,0,0,0,0,0,0,0,0,0,0,0,0,0,0
0,0,0,0,0,0,0,0,0,0,0,0,0,0,0,0,0,0,0,0,0,0,0,0,0,0,0,0,0,0,0,0,0,0,0,0,0,0,0,0,0,0,0,0,0,0,0,0,0,0,0,0,0,0,0,0,0,0,0,0,0,0,0,0
0,0,0,0,0,0,0,0,0,0,0,0,0,0,0,0,0,0,0,0,0,0,0,0,0,0,0,0,0,0,0,0,0,0,0,0,0,0,0,0,0,0,0,0,0,0,0,0,0,0,0,0,0,0,0,0,0,0,0,0,0,0,0,0
0,0,0,0,0,0,0,0,0,0,0,0,0,0,0,0,0,0,0,0,0,0,0,0,0,0,0,0,0,0,0,0,0,0,0,0,0,0,0,0,0,0,0,0,0,0,0,0,0,0,0,0,0,0,0,0,0,0,0,0,0,0,0,0
0,0,0,0,0,0,0,0,0,0,0,0,0,0,0,0,0,0,0,0,0,0,0,0,0,0,0,0,0,0,0,0,0,0,0,0,0,0,0,0,0,0,0,0,0,0,0,0,0,0,0,0,0,0,0,0,0,0,0,0,0,0,0,0
0,0,0,0,0,0,0,0,0,0,0,0,0,0,0,0,0,0,0,0,0,0,0,0,0,0,0,0,0,0,0,0,0,0,0,0,0,0,0,0,0,0,0,0,0,0,0,0,0,0,0,0,0,0,0,0,0,0,0,0,0,0,0,0
0,0,0,0,0,0,0,0,0,0,0,0,0,0,0,0,0,0,0,0,0,0,0,0,0,0,0,0,0,0,0,0,0,0,0,0,0,0,0,0,0,0,0,0,0,0,0,0,0,0,0,0,0,0,0,0,0,0,0,0,0,0,0,0
0,0,0,0,0,0,0,0,0,0,0,0,0,0,0,0,0,0,0,0,0,0,0,0,0,0,0,0,0,0,0,0,0,0,0,0,0,0,0,0,0,0,0,0,0,0,0,0,0,0,0,0,0,0,0,0,0,0,0,0,0,0,0,0
0,0,0,0,0,0,0,0,0,0,0,0,0,0,0,0,0,0,0,0,0,0,0,0,0,0,0,0,0,0,0,0,0,0,0,0,0,0,0,0,0,0,0,0,0,0,0,0,0,0,0,0,0,0,0,0,0,0,0,0,0,0,0,0
0,0,0,0,0,0,0,0,0,0,0,0,0,0,0,0,0,0,0,0,0,0,0,0,0,0,0,0,0,0,0,0,0,0,0,0,0,0,0,0,0,0,0,0,0,0,0,0,0,0,0,0,0,0,0,0,0,0,0,0,0,0,0,0
0,0,0,0,0,0,0,0,0,0,0,0,0,0,0,0,0,0,0,0,0,0,0,0,0,0,0,0,0,0,0,0,0,0,0,0,0,0,0,0,0,0,0,0,0,0,0,0,0,0,0,0,0,0,0,0,0,0,0,0,0,0,0,0
0,0,0,0,0,0,0,0,0,19,21,18,25,23,19,26,0,25,34,39,37,33,35,31,0,21,33,31,31,34,37,33,0,18,33,31,33,28,40,33,0,20,27,33,28,27,36,31,0,20,31,26,31,36,28,27,0,15,33,35,31,24,24,28
0,0,0,0,0,0,0,0,19,21,18,25,23,19,26,26,25,34,39,37,33,35,31,28,21,33,31,31,34,37,33,24,18,33,31,33,28,40,33,18,20,27,33,28,27,36,31,21,20,31,26,31,36,28,27,24,15,33,35,31,24,24,28,23
0,0,0,0,0,0,0,0,21,18,25,23,19,26,26,0,34,39,37,33,35,31,28,0,33,31,31,34,37,33,24,0,33,31,33,28,40,33,18,0,27,33,28,27,36,31,21,0,31,26,31,36,28,27,24,0,33,35,31,24,24,28,23,0
0,19,21,18,25,23,19,26,0,25,34,39,37,33,35,31,0,21,33,31,31,34,37,33,0,18,33,31,33,28,40,33,0,20,27,33,28,27,36,31,0,20,31,26,31,36,28,27,0,15,33,35,31,24,24,28,0,17,33,20,23,17,18,18
19,21,18,25,23,19,26,26,25,34,39,37,33,35,31,28,21,33,31,31,34,37,33,24,18,33,31,33,28,40,33,18,20,27,33,28,27,36,31,21,20,31,26,31,36,28,27,24,15,33,35,31,24,24,28,23,17,33,20,23,17,18,18,14
21,18,25,23,19,26,26,0,34,39,37,33,35,31,28,0,33,31,31,34,37,33,24,0,33,31,33,28,40,33,18,0,27,33,28,27,36,31,21,0,31,26,31,36,28,27,24,0,33,35,31,24,24,28,23,0,33,20,23,17,18,18,14,0
0,25,34,39,37,33,35,31,0,21,33,31,31,34,37,33,0,18,33,31,33,28,40,33,0,20,27,33,28,27,36,31,0,20,31,26,31,36,28,27,0,15,33,35,31,24,24,28,0,17,33,20,23,17,18,18,0,0,0,0,0,0,0,0
25,34,39,37,33,35,31,28,21,33,31,31,34,37,33,24,18,33,31,33,28,40,33,18,20,27,33,28,27,36,31,21,20,31,26,31,36,28,27,24,15,33,35,31,24,24,28,23,17,33,20,23,17,18,18,14,0,0,0,0,0,0,0,0
34,39,37,33,35,31,28,0,33,31,31,34,37,33,24,0,33,31,33,28,40,33,18,0,27,33,28,27,36,31,21,0,31,26,31,36,28,27,24,0,33,35,31,24,24,28,23,0,33,20,23,17,18,18,14,0,0,0,0,0,0,0,0,0
0,0,0,0,0,0,0,0,0,0,0,0,0,0,0,0,0,0,0,0,0,0,0,0,0,0,0,0,0,0,0,0,0,0,0,0,0,0,0,0,0,0,0,0,0,0,0,0,0,0,0,0,0,0,0,0,0,0,0,0,0,0,0,0
0,0,0,0,0,0,0,0,0,0,0,0,0,0,0,0,0,0,0,0,0,0,0,0,0,0,0,0,0,0,0,0,0,0,0,0,0,0,0,0,0,0,0,0,0,0,0,0,0,0,0,0,0,0,0,0,0,0,0,0,0,0,0,0
0,0,0,0,0,0,0,0,0,0,0,0,0,0,0,0,0,0,0,0,0,0,0,0,0,0,0,0,0,0,0,0,0,0,0,0,0,0,0,0,0,0,0,0,0,0,0,0,0,0,0,0,0,0,0,0,0,0,0,0,0,0,0,0
0,0,0,0,0,0,0,0,0,0,0,0,0,0,0,0,0,0,0,0,0,0,0,0,0,0,0,0,0,0,0,0,0,0,0,0,0,0,0,0,0,0,0,0,0,0,0,0,0,0,0,0,0,0,0,0,0,0,0,0,0,0,0,0
0,0,0,0,0,0,0,0,0,0,0,0,0,0,0,0,0,0,0,0,0,0,0,0,0,0,0,0,0,0,0,0,0,0,0,0,0,0,0,0,0,0,0,0,0,0,0,0,0,0,0,0,0,0,0,0,0,0,0,0,0,0,0,0
0,0,0,0,0,0,0,0,0,0,0,0,0,0,0,0,0,0,0,0,0,0,0,0,0,0,0,0,0,0,0,0,0,0,0,0,0,0,0,0,0,0,0,0,0,0,0,0,0,0,0,0,0,0,0,0,0,0,0,0,0,0,0,0
0,0,0,0,0,0,0,0,0,0,0,0,0,0,0,0,0,0,0,0,0,0,0,0,0,0,0,0,0,0,0,0,0,0,0,0,0,0,0,0,0,0,0,0,0,0,0,0,0,0,0,0,0,0,0,0,0,0,0,0,0,0,0,0
0,0,0,0,0,0,0,0,0,0,0,0,0,0,0,0,0,0,0,0,0,0,0,0,0,0,0,0,0,0,0,0,0,0,0,0,0,0,0,0,0,0,0,0,0,0,0,0,0,0,0,0,0,0,0,0,0,0,0,0,0,0,0,0
0,0,0,0,0,0,0,0,0,0,0,0,0,0,0,0,0,0,0,0,0,0,0,0,0,0,0,0,0,0,0,0,0,0,0,0,0,0,0,0,0,0,0,0,0,0,0,0,0,0,0,0,0,0,0,0,0,0,0,0,0,0,0,0
0,0,0,0,0,0,0,0,0,0,0,0,0,0,0,0,0,0,0,0,0,0,0,0,0,0,0,0,0,0,0,0,0,0,0,0,0,0,0,0,0,0,0,0,0,0,0,0,0,0,0,0,0,0,0,0,0,0,0,0,0,0,0,0
0,0,0,0,0,0,0,0,0,0,0,0,0,0,0,0,0,0,0,0,0,0,0,0,0,0,0,0,0,0,0,0,0,0,0,0,0,0,0,0,0,0,0,0,0,0,0,0,0,0,0,0,0,0,0,0,0,0,0,0,0,0,0,0
0,0,0,0,0,0,0,0,0,0,0,0,0,0,0,0,0,0,0,0,0,0,0,0,0,0,0,0,0,0,0,0,0,0,0,0,0,0,0,0,0,0,0,0,0,0,0,0,0,0,0,0,0,0,0,0,0,0,0,0,0,0,0,0
0,0,0,0,0,0,0,0,0,0,0,0,0,0,0,0,0,0,0,0,0,0,0,0,0,0,0,0,0,0,0,0,0,0,0,0,0,0,0,0,0,0,0,0,0,0,0,0,0,0,0,0,0,0,0,0,0,0,0,0,0,0,0,0
0,0,0,0,0,0,0,0,0,0,0,0,0,0,0,0,0,0,0,0,0,0,0,0,0,0,0,0,0,0,0,0,0,0,0,0,0,0,0,0,0,0,0,0,0,0,0,0,0,0,0,0,0,0,0,0,0,0,0,0,0,0,0,0
0,0,0,0,0,0,0,0,0,0,0,0,0,0,0,0,0,0,0,0,0,0,0,0,0,0,0,0,0,0,0,0,0,0,0,0,0,0,0,0,0,0,0,0,0,0,0,0,0,0,0,0,0,0,0,0,0,0,0,0,0,0,0,0
0,0,0,0,0,0,0,0,0,0,0,0,0,0,0,0,0,0,0,0,0,0,0,0,0,0,0,0,0,0,0,0,0,0,0,0,0,0,0,0,0,0,0,0,0,0,0,0,0,0,0,0,0,0,0,0,0,0,0,0,0,0,0,0
0,0,0,0,0,0,0,0,0,0,0,0,0,0,0,0,0,0,0,0,0,0,0,0,0,0,0,0,0,0,0,0,0,0,0,0,0,0,0,0,0,0,0,0,0,0,0,0,0,0,0,0,0,0,0,0,0,0,0,0,0,0,0,0
0,0,0,0,0,0,0,0,0,0,0,0,0,0,0,0,0,0,0,0,0,0,0,0,0,0,0,0,0,0,0,0,0,0,0,0,0,0,0,0,0,0,0,0,0,0,0,0,0,0,0,0,0,0,0,0,0,0,0,0,0,0,0,0
0,0,0,0,0,0,0,0,0,31,28,28,30,27,28,25,0,19,12,7,17,7,26,15,0,19,6,6,19,15,24,18,0,15,7,15,24,15,19,12,0,15,6,17,20,11,15,10,0,13,3,7,5,15,13,11,0,22,11,10,26,26,22,14
0,0,0,0,0,0,0,0,31,28,28,30,27,28,25,21,19,12,7,17,7,26,15,13,19,6,6,19,15,24,18,12,15,7,15,24,15,19,12,12,15,6,17,20,11,15,10,14,13,3,7,5,15,13,11,15,22,11,10,26,26,22,14,24
0,0,0,0,0,0,0,0,28,28,30,27,28,25,21,0,12,7,17,7,26,15,13,0,6,6,19,15,24,18,12,0,7,15,24,15,19,12,12,0,6,17,20,11,15,10,14,0,3,7,5,15,13,11,15,0,11,10,26,26,22,14,24,0
0,31,28,28,30,27,28,25,0,19,12,7,17,7,26,15,0,19,6,6,19,15,24,18,0,15,7,15,24,15,19,12,0,15,6,17,20,11,15,10,0,13,3,7,5,15,13,11,0,22,11,10,26,26,22,14,0,11,5,14,15,15,15,12
31,28,28,30,27,28,25,21,19,12,7,17,7,26,15,13,19,6,6,19,15,24,18,12,15,7,15,24,15,19,12,12,15,6,17,20,11,15,10,14,13,3,7,5,15,13,11,15,22,11,10,26,26,22,14,24,11,5,14,15,15,15,12,17
28,28,30,27,28,25,21,0,12,7,17,7,26,15,13,0,6,6,19,15,24,18,12,0,7,15,24,15,19,12,12,0,6,17,20,11,15,10,14,0,3,7,5,15,13,11,15,0,11,10,26,26,22,14,24,0,5,14,15,15,15,12,17,0
0,19,12,7,17,7,26,15,0,19,6,6,19,15,24,18,0,15,7,15,24,15,19,12,0,15,6,17,20,11,15,10,0,13,3,7,5,15,13,11,0,22,11,10,26,26,22,14,0,11,5,14,15,15,15,12,0,0,0,0,0,0,0,0
19,12,7,17,7,26,15,13,19,6,6,19,15,24,18,12,15,7,15,24,15,19,12,12,15,6,17,20,11,15,10,14,13,3,7,5,15,13,11,15,22,11,10,26,26,22,14,24,11,5,14,15,15,15,12,17,0,0,0,0,0,0,0,0
12,7,17,7,26,15,13,0,6,6,19,15,24,18,12,0,7,15,24,15,19,12,12,0,6,17,20,11,15,10,14,0,3,7,5,15,13,11,15,0,11,10,26,26,22,14,24,0,5,14,15,15,15,12,17,0,0,0,0,0,0,0,0,0
0,0,0,0,0,0,0,0,0,0,0,0,0,0,0,0,0,0,0,0,0,0,0,0,0,0,0,0,0,0,0,0,0,0,0,0,0,0,0,0,0,0,0,0,0,0,0,0,0,0,0,0,0,0,0,0,0,0,3,6,7,0,0,0
0,0,0,0,0,0,0,0,0,0,0,0,0,0,0,0,0,0,0,0,0,0,0,0,0,0,0,0,0,0,0,0,0,0,0,0,0,0,0,0,0,0,0,0,0,0,0,0,0,0,0,0,0,0,0,0,0,3,6,7,0,0,0,0
0,0,0,0,0,0,0,0,0,0,0,0,0,0,0,0,0,0,0,0,0,0,0,0,0,0,0,0,0,0,0,0,0,0,0,0,0,0,0,0,0,0,0,0,0,0,0,0,0,0,0,0,0,0,0,0,3,6,7,0,0,0,0,0
0,0,0,0,0,0,0,0,0,0,0,0,0,0,0,0,0,0,0,0,0,0,0,0,0,0,0,0,0,0,0,0,0,0,0,0,0,0,0,0,0,0,0,0,0,0,0,0,0,0,3,6,7,0,0,0,0,0,11,5,0,0,0,0
0,0,0,0,0,0,0,0,0,0,0,0,0,0,0,0,0,0,0,0,0,0,0,0,0,0,0,0,0,0,0,0,0,0,0,0,0,0,0,0,0,0,0,0,0,0,0,0,0,3,6,7,0,0,0,0,0,11,5,0,0,0,0,0
0,0,0,0,0,0,0,0,0,0,0,0,0,0,0,0,0,0,0,0,0,0,0,0,0,0,0,0,0,0,0,0,0,0,0,0,0,0,0,0,0,0,0,0,0,0,0,0,3,6,7,0,0,0,0,0,11,5,0,0,0,0,0,0
0,0,0,0,0,0,0,0,0,0,0,0,0,0,0,0,0,0,0,0,0,0,0,0,0,0,0,0,0,0,0,0,0,0,0,0,0,0,0,0,0,0,3,6,7,0,0,0,0,0,11,5,0,0,0,0,0,0,0,0,0,0,0,0
0,0,0,0,0,0,0,0,0,0,0,0,0,0,0,0,0,0,0,0,0,0,0,0,0,0,0,0,0,0,0,0,0,0,0,0,0,0,0,0,0,3,6,7,0,0,0,0,0,11,5,0,0,0,0,0,0,0,0,0,0,0,0,0
0,0,0,0,0,0,0,0,0,0,0,0,0,0,0,0,0,0,0,0,0,0,0,0,0,0,0,0,0,0,0,0,0,0,0,0,0,0,0,0,3,6,7,0,0,0,0,0,11,5,0,0,0,0,0,0,0,0,0,0,0,0,0,0
0,0,0,0,0,0,0,0,0,3,0,0,0,0,0,0,0,0,0,0,0,0,0,0,0,0,5,0,0,0,0,0,0,7,7,0,0,1,0,0,0,11,3,5,0,0,0,0,0,17,15,0,1,0,0,0,0,18,20,0,0,0,0,0
0,0,0,0,0,0,0,0,3,0,0,0,0,0,0,0,0,0,0,0,0,0,0,0,0,5,0,0,0,0,0,0,7,7,0,0,1,0,0,0,11,3,5,0,0,0,0,0,17,15,0,1,0,0,0,0,18,20,0,0,0,0,0,0
0,0,0,0,0,0,0,0,0,0,0,0,0,0,0,0,0,0,0,0,0,0,0,0,5,0,0,0,0,0,0,0,7,0,0,1,0,0,0,0,3,5,0,0,0,0,0,0,15,0,1,0,0,0,0,0,20,0,0,0,0,0,0,0
0,3,0,0,0,0,0,0,0,0,0,0,0,0,0,0,0,0,5,0,0,0,0,0,0,7,7,0,0,1,0,0,0,11,3,5,0,0,0,0,0,17,15,0,1,0,0,0,0,18,20,0,0,0,0,0,0,21,21,0,0,0,6,7
3,0,0,0,0,0,0,0,0,0,0,0,0,0,0,0,0,5,0,0,0,0,0,0,7,7,0,0,1,0,0,0,11,3,5,0,0,0,0,0,17,15,0,1,0,0,0,0,18,20,0,0,0,0,0,0,21,21,0,0,0,6,7,3
0,0,0,0,0,0,0,0,0,0,0,0,0,0,0,0,5,0,0,0,0,0,0,0,7,0,0,1,0,0,0,0,3,5,0,0,0,0,0,0,15,0,1,0,0,0,0,0,20,0,0,0,0,0,0,0,21,0,0,0,6,7,3,0
0,0,0,0,0,0,0,0,0,0,5,0,0,0,0,0,0,7,7,0,0,1,0,0,0,11,3,5,0,0,0,0,0,17,15,0,1,0,0,0,0,18,20,0,0,0,0,0,0,21,21,0,0,0,6,7,0,0,0,0,0,0,0,0
0,0,0,0,0,0,0,0,0,5,0,0,0,0,0,0,7,7,0,0,1,0,0,0,11,3,5,0,0,0,0,0,17,15,0,1,0,0,0,0,18,20,0,0,0,0,0,0,21,21,0,0,0,6,7,3,0,0,0,0,0,0,0,0
0,0,0,0,0,0,0,0,5,0,0,0,0,0,0,0,7,0,0,1,0,0,0,0,3,5,0,0,0,0,0,0,15,0,1,0,0,0,0,0,20,0,0,0,0,0,0,0,21,0,0,0,6,7,3,0,0,0,0,0,0,0,0,0
0,0,0,0,0,0,0,0,0,1,3,7,5,6,7,3,0,7,3,10,14,6,12,3,0,11,0,6,1,0,3,0,0,15,0,0,3,0,10,0,0,17,3,0,0,0,0,0,0,6,0,3,0,0,0,0,0,1,3,0,0,0,0,0
0,0,0,0,0,0,0,0,1,3,7,5,6,7,3,0,7,3,10,14,6,12,3,0,11,0,6,1,0,3,0,0,15,0,0,3,0,10,0,0,17,3,0,0,0,0,0,0,6,0,3,0,0,0,0,0,1,3,0,0,0,0,0,0
0,0,0,0,0,0,0,0,3,7,5,6,7,3,0,0,3,10,14,6,12,3,0,0,0,6,1,0,3,0,0,0,0,0,3,0,10,0,0,0,3,0,0,0,0,0,0,0,0,3,0,0,0,0,0,0,3,0,0,0,0,0,0,0
0,1,3,7,5,6,7,3,0,7,3,10,14,6,12,3,0,11,0,6,1,0,3,0,0,15,0,0,3,0,10,0,0,17,3,0,0,0,0,0,0,6,0,3,0,0,0,0,0,1,3,0,0,0,0,0,0,0,0,0,0,0,0,0
1,3,7,5,6,7,3,0,7,3,10,14,6,12,3,0,11,0,6,1,0,3,0,0,15,0,0,3,0,10,0,0,17,3,0,0,0,0,0,0,6,0,3,0,0,0,0,0,1,3,0,0,0,0,0,0,0,0,0,0,0,0,0,0
3,7,5,6,7,3,0,0,3,10,14,6,12,3,0,0,0,6,1,0,3,0,0,0,0,0,3,0,10,0,0,0,3,0,0,0,0,0,0,0,0,3,0,0,0,0,0,0,3,0,0,0,0,0,0,0,0,0,0,0,0,0,0,0
0,7,3,10,14,6,12,3,0,11,0,6,1,0,3,0,0,15,0,0,3,0,10,0,0,17,3,0,0,0,0,0,0,6,0,3,0,0,0,0,0,1,3,0,0,0,0,0,0,0,0,0,0,0,0,0,0,0,0,0,0,0,0,0
7,3,10,14,6,12,3,0,11,0,6,1,0,3,0,0,15,0,0,3,0,10,0,0,17,3,0,0,0,0,0,0,6,0,3,0,0,0,0,0,1,3,0,0,0,0,0,0,0,0,0,0,0,0,0,0,0,0,0,0,0,0,0,0
3,10,14,6,12,3,0,0,0,6,1,0,3,0,0,0,0,0,3,0,10,0,0,0,3,0,0,0,0,0,0,0,0,3,0,0,0,0,0,0,3,0,0,0,0,0,0,0,0,0,0,0,0,0,0,0,0,0,0,0,0,0,0,0
0,0,0,0,0,0,0,0,0,0,0,0,0,0,0,0,0,0,0,0,0,0,0,0,0,0,0,0,0,0,0,0,0,0,0,0,0,0,0,0,0,0,0,0,0,0,0,0,0,0,0,0,0,0,0,0,0,0,0,0,0,0,0,0
0,0,0,0,0,0,0,0,0,0,0,0,0,0,0,0,0,0,0,0,0,0,0,0,0,0,0,0,0,0,0,0,0,0,0,0,0,0,0,0,0,0,0,0,0,0,0,0,0,0,0,0,0,0,0,0,0,0,0,0,0,0,0,0
0,0,0,0,0,0,0,0,0,0,0,0,0,0,0,0,0,0,0,0,0,0,0,0,0,0,0,0,0,0,0,0,0,0,0,0,0,0,0,0,0,0,0,0,0,0,0,0,0,0,0,0,0,0,0,0,0,0,0,0,0,0,0,0
0,0,0,0,0,0,0,0,0,0,0,0,0,0,0,0,0,0,0,0,0,0,0,0,0,0,0,0,0,0,0,0,0,0,0,0,0,0,0,0,0,0,0,0,0,0,0,0,0,0,0,0,0,0,0,0,0,11,10,6,5,7,5,7
0,0,0,0,0,0,0,0,0,0,0,0,0,0,0,0,0,0,0,0,0,0,0,0,0,0,0,0,0,0,0,0,0,0,0,0,0,0,0,0,0,0,0,0,0,0,0,0,0,0,0,0,0,0,0,0,11,10,6,5,7,5,7,12
0,0,0,0,0,0,0,0,0,0,0,0,0,0,0,0,0,0,0,0,0,0,0,0,0,0,0,0,0,0,0,0,0,0,0,0,0,0,0,0,0,0,0,0,0,0,0,0,0,0,0,0,0,0,0,0,10,6,5,7,5,7,12,0
0,0,0,0,0,0,0,0,0,0,0,0,0,0,0,0,0,0,0,0,0,0,0,0,0,0,0,0,0,0,0,0,0,0,0,0,0,0,0,0,0,0,0,0,0,0,0,0,0,11,10,6,5,7,5,7,0,0,0,0,0,0,0,0
0,0,0,0,0,0,0,0,0,0,0,0,0,0,0,0,0,0,0,0,0,0,0,0,0,0,0,0,0,0,0,0,0,0,0,0,0,0,0,0,0,0,0,0,0,0,0,0,11,10,6,5,7,5,7,12,0,0,0,0,0,0,0,0
0,0,0,0,0,0,0,0,0,0,0,0,0,0,0,0,0,0,0,0,0,0,0,0,0,0,0,0,0,0,0,0,0,0,0,0,0,0,0,0,0,0,0,0,0,0,0,0,10,6,5,7,5,7,12,0,0,0,0,0,0,0,0,0
0,0,0,0,0,0,0,0,0,26,35,34,30,33,31,26,0,14,35,33,28,31,31,24,0,11,23,26,31,28,21,20,0,20,36,27,34,31,33,31,0,14,34,42,28,34,33,30,0,11,34,27,25,28,31,28,0,14,26,38,36,31,31,28
0,0,0,0,0,0,0,0,26,35,34,30,33,31,26,34,14,35,33,28,31,31,24,45,11,23,26,31,28,21,20,42,20,36,27,34,31,33,31,37,14,34,42,28,34,33,30,42,11,34,27,25,28,31,28,38,14,26,38,36,31,31,28,35
0,0,0,0,0,0,0,0,35,34,30,33,31,26,34,0,35,33,28,31,31,24,45,0,23,26,31,28,21,20,42,0,36,27,34,31,33,31,37,0,34,42,28,34,33,30,42,0,34,27,25,28,31,28,38,0,26,38,36,31,31,28,35,0
0,26,35,34,30,33,31,26,0,14,35,33,28,31,31,24,0,11,23,26,31,28,21,20,0,20,36,27,34,31,33,31,0,14,34,42,28,34,33,30,0,11,34,27,25,28,31,28,0,14,26,38,36,31,31,28,0,20,30,28,31,31,30,28
26,35,34,30,33,31,26,34,14,35,33,28,31,31,24,45,11,23,26,31,28,21,20,42,20,36,27,34,31,33,31,37,14,34,42,28,34,33,30,42,11,34,27,25,28,31,28,38,14,26,38,36,31,31,28,35,20,30,28,31,31,30,28,37
35,34,30,33,31,26,34,0,35,33,28,31,31,24,45,0,23,26,31,28,21,20,42,0,36,27,34,31,33,31,37,0,34,42,28,34,33,30,42,0,34,27,25,28,31,28,38,0,26,38,36,31,31,28,35,0,30,28,31,31,30,28,37,0
0,14,35,33,28,31,31,24,0,11,23,26,31,28,21,20,0,20,36,27,34,31,33,31,0,14,34,42,28,34,33,30,0,11,34,27,25,28,31,28,0,14,26,38,36,31,31,28,0,20,30,28,31,31,30,28,0,0,0,0,0,0,0,0
14,35,33,28,31,31,24,45,11,23,26,31,28,21,20,42,20,36,27,34,31,33,31,37,14,34,42,28,34,33,30,42,11,34,27,25,28,31,28,38,14,26,38,36,31,31,28,35,20,30,28,31,31,30,28,37,0,0,0,0,0,0,0,0
35,33,28,31,31,24,45,0,23,26,31,28,21,20,42,0,36,27,34,31,33,31,37,0,34,42,28,34,33,30,42,0,34,27,25,28,31,28,38,0,26,38,36,31,31,28,35,0,30,28,31,31,30,28,37,0,0,0,0,0,0,0,0,0
0,0,0,0,0,0,0,0,0,0,0,0,0,0,0,0,0,0,0,0,0,0,0,0,0,0,0,0,0,0,0,0,0,0,0,0,0,0,0,0,0,0,0,1,0,0,0,0,0,0,0,0,0,0,0,0,0,0,0,0,0,0,0,0
0,0,0,0,0,0,0,0,0,0,0,0,0,0,0,0,0,0,0,0,0,0,0,0,0,0,0,0,0,0,0,0,0,0,0,0,0,0,0,0,0,0,1,0,0,0,0,0,0,0,0,0,0,0,0,0,0,0,0,0,0,0,0,0
0,0,0,0,0,0,0,0,0,0,0,0,0,0,0,0,0,0,0,0,0,0,0,0,0,0,0,0,0,0,0,0,0,0,0,0,0,0,0,0,0,1,0,0,0,0,0,0,0,0,0,0,0,0,0,0,0,0,0,0,0,0,0,0
0,0,0,0,0,0,0,0,0,0,0,0,0,0,0,0,0,0,0,0,0,0,0,0,0,0,0,0,0,0,0,0,0,0,0,1,0,0,0,0,0,0,0,0,0,0,0,0,0,0,0,0,0,0,0,0,0,0,0,0,0,0,0,0
0,0,0,0,0,0,0,0,0,0,0,0,0,0,0,0,0,0,0,0,0,0,0,0,0,0,0,0,0,0,0,0,0,0,1,0,0,0,0,0,0,0,0,0,0,0,0,0,0,0,0,0,0,0,0,0,0,0,0,0,0,0,0,0
0,0,0,0,0,0,0,0,0,0,0,0,0,0,0,0,0,0,0,0,0,0,0,0,0,0,0,0,0,0,0,0,0,1,0,0,0,0,0,0,0,0,0,0,0,0,0,0,0,0,0,0,0,0,0,0,0,0,0,0,0,0,0,0
0,0,0,0,0,0,0,0,0,0,0,0,0,0,0,0,0,0,0,0,0,0,0,0,0,0,0,1,0,0,0,0,0,0,0,0,0,0,0,0,0,0,0,0,0,0,0,0,0,0,0,0,0,0,0,0,0,0,0,0,0,0,0,0
0,0,0,0,0,0,0,0,0,0,0,0,0,0,0,0,0,0,0,0,0,0,0,0,0,0,1,0,0,0,0,0,0,0,0,0,0,0,0,0,0,0,0,0,0,0,0,0,0,0,0,0,0,0,0,0,0,0,0,0,0,0,0,0
0,0,0,0,0,0,0,0,0,0,0,0,0,0,0,0,0,0,0,0,0,0,0,0,0,1,0,0,0,0,0,0,0,0,0,0,0,0,0,0,0,0,0,0,0,0,0,0,0,0,0,0,0,0,0,0,0,0,0,0,0,0,0,0
0,0,0,0,0,0,0,0,0,30,19,18,19,17,17,21,0,39,26,24,26,31,24,28,0,45,33,23,25,21,25,28,0,52,24,23,14,22,28,26,0,45,28,23,7,28,28,30,0,33,28,27,17,35,38,30,0,43,28,15,15,20,26,22
0,0,0,0,0,0,0,0,30,19,18,19,17,17,21,22,39,26,24,26,31,24,28,25,45,33,23,25,21,25,28,23,52,24,23,14,22,28,26,25,45,28,23,7,28,28,30,19,33,28,27,17,35,38,30,23,43,28,15,15,20,26,22,19
0,0,0,0,0,0,0,0,19,18,19,17,17,21,22,0,26,24,26,31,24,28,25,0,33,23,25,21,25,28,23,0,24,23,14,22,28,26,25,0,28,23,7,28,28,30,19,0,28,27,17,35,38,30,23,0,28,15,15,20,26,22,19,0
0,30,19,18,19,17,17,21,0,39,26,24,26,31,24,28,0,45,33,23,25,21,25,28,0,52,24,23,14,22,28,26,0,45,28,23,7,28,28,30,0,33,28,27,17,35,38,30,0,43,28,15,15,20,26,22,0,43,23,11,18,27,27,30
30,19,18,19,17,17,21,22,39,26,24,26,31,24,28,25,45,33,23,25,21,25,28,23,52,24,23,14,22,28,26,25,45,28,23,7,28,28,30,19,33,28,27,17,35,38,30,23,43,28,15,15,20,26,22,19,43,23,11,18,27,27,30,15
19,18,19,17,17,21,22,0,26,24,26,31,24,28,25,0,33,23,25,21,25,28,23,0,24,23,14,22,28,26,25,0,28,23,7,28,28,30,19,0,28,27,17,35,38,30,23,0,28,15,15,20,26,22,19,0,23,11,18,27,27,30,15,0
0,39,26,24,26,31,24,28,0,45,33,23,25,21,25,28,0,52,24,23,14,22,28,26,0,45,28,23,7,28,28,30,0,33,28,27,17,35,38,30,0,43,28,15,15,20,26,22,0,43,23,11,18,27,27,30,0,0,0,0,0,0,0,0
39,26,24,26,31,24,28,25,45,33,23,25,21,25,28,23,52,24,23,14,22,28,26,25,45,28,23,7,28,28,30,19,33,28,27,17,35,38,30,23,43,28,15,15,20,26,22,19,43,23,11,18,27,27,30,15,0,0,0,0,0,0,0,0
26,24,26,31,24,28,25,0,33,23,25,21,25,28,23,0,24,23,14,22,28,26,25,0,28,23,7,28,28,30,19,0,28,27,17,35,38,30,23,0,28,15,15,20,26,22,19,0,23,11,18,27,27,30,15,0,0,0,0,0,0,0,0,0
0,0,0,0,0,0,0,0,0,0,0,0,0,0,0,0,0,0,0,0,0,0,0,0,0,0,0,0,0,0,0,0,0,0,0,0,0,0,1,0,0,0,0,3,0,0,3,0,0,0,0,0,0,0,0,0,0,0,0,0,0,0,0,0
0,0,0,0,0,0,0,0,0,0,0,0,0,0,0,0,0,0,0,0,0,0,0,0,0,0,0,0,0,0,0,0,0,0,0,0,0,1,0,0,0,0,3,0,0,3,0,0,0,0,0,0,0,0,0,0,0,0,0,0,0,0,0,0
0,0,0,0,0,0,0,0,0,0,0,0,0,0,0,0,0,0,0,0,0,0,0,0,0,0,0,0,0,0,0,0,0,0,0,0,1,0,0,0,0,3,0,0,3,0,0,0,0,0,0,0,0,0,0,0,0,0,0,0,0,0,0,0
0,0,0,0,0,0,0,0,0,0,0,0,0,0,0,0,0,0,0,0,0,0,0,0,0,0,0,0,0,0,1,0,0,0,0,3,0,0,3,0,0,0,0,0,0,0,0,0,0,0,0,0,0,0,0,0,0,0,0,0,0,0,0,0
0,0,0,0,0,0,0,0,0,0,0,0,0,0,0,0,0,0,0,0,0,0,0,0,0,0,0,0,0,1,0,0,0,0,3,0,0,3,0,0,0,0,0,0,0,0,0,0,0,0,0,0,0,0,0,0,0,0,0,0,0,0,0,0
0,0,0,0,0,0,0,0,0,0,0,0,0,0,0,0,0,0,0,0,0,0,0,0,0,0,0,0,1,0,0,0,0,3,0,0,3,0,0,0,0,0,0,0,0,0,0,0,0,0,0,0,0,0,0,0,0,0,0,0,0,0,0,0
0,0,0,0,0,0,0,0,0,0,0,0,0,0,0,0,0,0,0,0,0,0,1,0,0,0,0,3,0,0,3,0,0,0,0,0,0,0,0,0,0,0,0,0,0,0,0,0,0,0,0,0,0,0,0,0,0,0,0,0,0,0,0,0
0,0,0,0,0,0,0,0,0,0,0,0,0,0,0,0,0,0,0,0,0,1,0,0,0,0,3,0,0,3,0,0,0,0,0,0,0,0,0,0,0,0,0,0,0,0,0,0,0,0,0,0,0,0,0,0,0,0,0,0,0,0,0,0
0,0,0,0,0,0,0,0,0,0,0,0,0,0,0,0,0,0,0,0,1,0,0,0,0,3,0,0,3,0,0,0,0,0,0,0,0,0,0,0,0,0,0,0,0,0,0,0,0,0,0,0,0,0,0,0,0,0,0,0,0,0,0,0
0,0,0,0,0,0,0,0,0,0,0,0,0,0,0,0,0,0,0,0,0,0,0,0,0,0,0,0,0,0,0,0,0,0,0,0,0,0,0,0,0,0,0,0,0,0,0,0,0,3,0,0,0,0,0,0,0,0,0,0,0,0,0,0
0,0,0,0,0,0,0,0,0,0,0,0,0,0,0,0,0,0,0,0,0,0,0,0,0,0,0,0,0,0,0,0,0,0,0,0,0,0,0,0,0,0,0,0,0,0,0,0,3,0,0,0,0,0,0,0,0,0,0,0,0,0,0,0
0,0,0,0,0,0,0,0,0,0,0,0,0,0,0,0,0,0,0,0,0,0,0,0,0,0,0,0,0,0,0,0,0,0,0,0,0,0,0,0,0,0,0,0,0,0,0,0,0,0,0,0,0,0,0,0,0,0,0,0,0,0,0,0
0,0,0,0,0,0,0,0,0,0,0,0,0,0,0,0,0,0,0,0,0,0,0,0,0,0,0,0,0,0,0,0,0,0,0,0,0,0,0,0,0,3,0,0,0,0,0,0,0,0,0,0,0,0,0,0,0,0,0,0,0,0,0,0
0,0,0,0,0,0,0,0,0,0,0,0,0,0,0,0,0,0,0,0,0,0,0,0,0,0,0,0,0,0,0,0,0,0,0,0,0,0,0,0,3,0,0,0,0,0,0,0,0,0,0,0,0,0,0,0,0,0,0,0,0,0,0,0
0,0,0,0,0,0,0,0,0,0,0,0,0,0,0,0,0,0,0,0,0,0,0,0,0,0,0,0,0,0,0,0,0,0,0,0,0,0,0,0,0,0,0,0,0,0,0,0,0,0,0,0,0,0,0,0,0,0,0,0,0,0,0,0
0,0,0,0,0,0,0,0,0,0,0,0,0,0,0,0,0,0,0,0,0,0,0,0,0,0,0,0,0,0,0,0,0,3,0,0,0,0,0,0,0,0,0,0,0,0,0,0,0,0,0,0,0,0,0,0,0,0,0,0,0,0,0,0
0,0,0,0,0,0,0,0,0,0,0,0,0,0,0,0,0,0,0,0,0,0,0,0,0,0,0,0,0,0,0,0,3,0,0,0,0,0,0,0,0,0,0,0,0,0,0,0,0,0,0,0,0,0,0,0,0,0,0,0,0,0,0,0
0,0,0,0,0,0,0,0,0,0,0,0,0,0,0,0,0,0,0,0,0,0,0,0,0,0,0,0,0,0,0,0,0,0,0,0,0,0,0,0,0,0,0,0,0,0,0,0,0,0,0,0,0,0,0,0,0,0,0,0,0,0,0,0
0,0,0,0,0,0,0,0,0,9,20,18,15,13,18,12,0,0,3,13,14,7,11,11,0,11,15,14,15,6,14,9,0,0,15,7,19,15,9,3,0,0,7,13,20,15,7,7,0,5,21,15,3,1,3,7,0,10,13,7,3,11,10,10
0,0,0,0,0,0,0,0,9,20,18,15,13,18,12,19,0,3,13,14,7,11,11,10,11,15,14,15,6,14,9,10,0,15,7,19,15,9,3,14,0,7,13,20,15,7,7,14,5,21,15,3,1,3,7,14,10,13,7,3,11,10,10,10
0,0,0,0,0,0,0,0,20,18,15,13,18,12,19,0,3,13,14,7,11,11,10,0,15,14,15,6,14,9,10,0,15,7,19,15,9,3,14,0,7,13,20,15,7,7,14,0,21,15,3,1,3,7,14,0,13,7,3,11,10,10,10,0
0,9,20,18,15,13,18,12,0,0,3,13,14,7,11,11,0,11,15,14,15,6,14,9,0,0,15,7,19,15,9,3,0,0,7,13,20,15,7,7,0,5,21,15,3,1,3,7,0,10,13,7,3,11,10,10,0,1,0,0,0,0,0,0
9,20,18,15,13,18,12,19,0,3,13,14,7,11,11,10,11,15,14,15,6,14,9,10,0,15,7,19,15,9,3,14,0,7,13,20,15,7,7,14,5,21,15,3,1,3,7,14,10,13,7,3,11,10,10,10,1,0,0,0,0,0,0,0
20,18,15,13,18,12,19,0,3,13,14,7,11,11,10,0,15,14,15,6,14,9,10,0,15,7,19,15,9,3,14,0,7,13,20,15,7,7,14,0,21,15,3,1,3,7,14,0,13,7,3,11,10,10,10,0,0,0,0,0,0,0,0,0
0,0,3,13,14,7,11,11,0,11,15,14,15,6,14,9,0,0,15,7,19,15,9,3,0,0,7,13,20,15,7,7,0,5,21,15,3,1,3,7,0,10,13,7,3,11,10,10,0,1,0,0,0,0,0,0,0,0,0,0,0,0,0,0
0,3,13,14,7,11,11,10,11,15,14,15,6,14,9,10,0,15,7,19,15,9,3,14,0,7,13,20,15,7,7,14,5,21,15,3,1,3,7,14,10,13,7,3,11,10,10,10,1,0,0,0,0,0,0,0,0,0,0,0,0,0,0,0
3,13,14,7,11,11,10,0,15,14,15,6,14,9,10,0,15,7,19,15,9,3,14,0,7,13,20,15,7,7,14,0,21,15,3,1,3,7,14,0,13,7,3,11,10,10,10,0,0,0,0,0,0,0,0,0,0,0,0,0,0,0,0,0
0,0,0,0,0,0,0,0,0,34,36,36,34,37,41,37,0,45,42,46,51,48,51,50,0,48,39,45,47,43,53,48,0,47,40,45,42,38,45,48,0,43,39,48,37,55,52,47,0,46,48,39,48,46,50,42,0,51,54,39,46,46,46,40
0,0,0,0,0,0,0,0,34,36,36,34,37,41,37,28,45,42,46,51,48,51,50,42,48,39,45,47,43,53,48,41,47,40,45,42,38,45,48,34,43,39,48,37,55,52,47,34,46,48,39,48,46,50,42,35,51,54,39,46,46,46,40,35
0,0,0,0,0,0,0,0,36,36,34,37,41,37,28,0,42,46,51,48,51,50,42,0,39,45,47,43,53,48,41,0,40,45,42,38,45,48,34,0,39,48,37,55,52,47,34,0,48,39,48,46,50,42,35,0,54,39,46,46,46,40,35,0
0,34,36,36,34,37,41,37,0,45,42,46,51,48,51,50,0,48,39,45,47,43,53,48,0,47,40,45,42,38,45,48,0,43,39,48,37,55,52,47,0,46,48,39,48,46,50,42,0,51,54,39,46,46,46,40,0,37,35,33,24,31,30,34
34,36,36,34,37,41,37,28,45,42,46,51,48,51,50,42,48,39,45,47,43,53,48,41,47,40,45,42,38,45,48,34,43,39,48,37,55,52,47,34,46,48,39,48,46,50,42,35,51,54,39,46,46,46,40,35,37,35,33,24,31,30,34,21
36,36,34,37,41,37,28,0,42,46,51,48,51,50,42,0,39,45,47,43,53,48,41,0,40,45,42,38,45,48,34,0,39,48,37,55,52,47,34,0,48,39,48,46,50,42,35,0,54,39,46,46,46,40,35,0,35,33,24,31,30,34,21,0
0,45,42,46,51,48,51,50,0,48,39,45,47,43,53,48,0,47,40,45,42,38,45,48,0,43,39,48,37,55,52,47,0,46,48,39,48,46,50,42,0,51,54,39,46,46,46,40,0,37,35,33,24,31,30,34,0,0,0,0,0,0,0,0
45,42,46,51,48,51,50,42,48,39,45,47,43,53,48,41,47,40,45,42,38,45,48,34,43,39,48,37,55,52,47,34,46,48,39,48,46,50,42,35,51,54,39,46,46,46,40,35,37,35,33,24,31,30,34,21,0,0,0,0,0,0,0,0
42,46,51,48,51,50,42,0,39,45,47,43,53,48,41,0,40,45,42,38,45,48,34,0,39,48,37,55,52,47,34,0,48,39,48,46,50,42,35,0,54,39,46,46,46,40,35,0,35,33,24,31,30,34,21,0,0,0,0,0,0,0,0,0
0,0,0,0,0,0,0,0,0,13,15,9,15,12,21,19,0,5,14,1,6,7,3,7,0,9,7,3,12,1,13,9,0,7,15,5,12,3,15,9,0,5,26,9,6,14,15,15,0,7,21,18,6,14,13,11,0,7,17,21,13,19,12,15
0,0,0,0,0,0,0,0,13,15,9,15,12,21,19,3,5,14,1,6,7,3,7,0,9,7,3,12,1,13,9,0,7,15,5,12,3,15,9,3,5,26,9,6,14,15,15,7,7,21,18,6,14,13,11,9,7,17,21,13,19,12,15,10
0,0,0,0,0,0,0,0,15,9,15,12,21,19,3,0,14,1,6,7,3,7,0,0,7,3,12,1,13,9,0,0,15,5,12,3,15,9,3,0,26,9,6,14,15,15,7,0,21,18,6,14,13,11,9,0,17,21,13,19,12,15,10,0
0,13,15,9,15,12,21,19,0,5,14,1,6,7,3,7,0,9,7,3,12,1,13,9,0,7,15,5,12,3,15,9,0,5,26,9,6,14,15,15,0,7,21,18,6,14,13,11,0,7,17,21,13,19,12,15,0,0,13,27,14,12,10,13
13,15,9,15,12,21,19,3,5,14,1,6,7,3,7,0,9,7,3,12,1,13,9,0,7,15,5,12,3,15,9,3,5,26,9,6,14,15,15,7,7,21,18,6,14,13,11,9,7,17,21,13,19,12,15,10,0,13,27,14,12,10,13,15
15,9,15,12,21,19,3,0,14,1,6,7,3,7,0,0,7,3,12,1,13,9,0,0,15,5,12,3,15,9,3,0,26,9,6,14,15,15,7,0,21,18,6,14,13,11,9,0,17,21,13,19,12,15,10,0,13,27,14,12,10,13,15,0
0,5,14,1,6,7,3,7,0,9,7,3,12,1,13,9,0,7,15,5,12,3,15,9,0,5,26,9,6,14,15,15,0,7,21,18,6,14,13,11,0,7,17,21,13,19,12,15,0,0,13,27,14,12,10,13,0,0,0,0,0,0,0,0
5,14,1,6,7,3,7,0,9,7,3,12,1,13,9,0,7,15,5,12,3,15,9,3,5,26,9,6,14,15,15,7,7,21,18,6,14,13,11,9,7,17,21,13,19,12,15,10,0,13,27,14,12,10,13,15,0,0,0,0,0,0,0,0
14,1,6,7,3,7,0,0,7,3,12,1,13,9,0,0,15,5,12,3,15,9,3,0,26,9,6,14,15,15,7,0,21,18,6,14,13,11,9,0,17,21,13,19,12,15,10,0,13,27,14,12,10,13,15,0,0,0,0,0,0,0,0,0
0,0,0,0,0,0,0,0,0,0,0,0,0,0,0,0,0,0,0,0,0,0,0,0,0,0,0,0,0,0,0,0,0,0,0,0,0,0,0,0,0,0,0,0,0,0,0,0,0,0,0,0,0,0,0,0,0,0,0,0,0,0,0,0
0,0,0,0,0,0,0,0,0,0,0,0,0,0,0,0,0,0,0,0,0,0,0,0,0,0,0,0,0,0,0,0,0,0,0,0,0,0,0,0,0,0,0,0,0,0,0,0,0,0,0,0,0,0,0,0,0,0,0,0,0,0,0,0
0,0,0,0,0,0,0,0,0,0,0,0,0,0,0,0,0,0,0,0,0,0,0,0,0,0,0,0,0,0,0,0,0,0,0,0,0,0,0,0,0,0,0,0,0,0,0,0,0,0,0,0,0,0,0,0,0,0,0,0,0,0,0,0
0,0,0,0,0,0,0,0,0,0,0,0,0,0,0,0,0,0,0,0,0,0,0,0,0,0,0,0,0,0,0,0,0,0,0,0,0,0,0,0,0,0,0,0,0,0,0,0,0,0,0,0,0,0,0,0,0,0,0,0,0,0,0,0
0,0,0,0,0,0,0,0,0,0,0,0,0,0,0,0,0,0,0,0,0,0,0,0,0,0,0,0,0,0,0,0,0,0,0,0,0,0,0,0,0,0,0,0,0,0,0,0,0,0,0,0,0,0,0,0,0,0,0,0,0,0,0,0
0,0,0,0,0,0,0,0,0,0,0,0,0,0,0,0,0,0,0,0,0,0,0,0,0,0,0,0,0,0,0,0,0,0,0,0,0,0,0,0,0,0,0,0,0,0,0,0,0,0,0,0,0,0,0,0,0,0,0,0,0,0,0,0
0,0,0,0,0,0,0,0,0,0,0,0,0,0,0,0,0,0,0,0,0,0,0,0,0,0,0,0,0,0,0,0,0,0,0,0,0,0,0,0,0,0,0,0,0,0,0,0,0,0,0,0,0,0,0,0,0,0,0,0,0,0,0,0
0,0,0,0,0,0,0,0,0,0,0,0,0,0,0,0,0,0,0,0,0,0,0,0,0,0,0,0,0,0,0,0,0,0,0,0,0,0,0,0,0,0,0,0,0,0,0,0,0,0,0,0,0,0,0,0,0,0,0,0,0,0,0,0
0,0,0,0,0,0,0,0,0,0,0,0,0,0,0,0,0,0,0,0,0,0,0,0,0,0,0,0,0,0,0,0,0,0,0,0,0,0,0,0,0,0,0,0,0,0,0,0,0,0,0,0,0,0,0,0,0,0,0,0,0,0,0,0
0,0,0,0,0,0,0,0,0,0,0,0,0,0,0,0,0,0,0,0,0,0,0,0,0,0,0,0,0,0,0,0,0,0,0,0,0,0,0,0,0,0,0,0,0,0,0,3,0,0,0,3,0,0,0,0,0,0,0,0,0,0,0,0
0,0,0,0,0,0,0,0,0,0,0,0,0,0,0,0,0,0,0,0,0,0,0,0,0,0,0,0,0,0,0,0,0,0,0,0,0,0,0,3,0,0,0,0,0,0,3,6,0,0,3,0,0,0,0,0,0,0,0,0,0,0,0,0
0,0,0,0,0,0,0,0,0,0,0,0,0,0,0,0,0,0,0,0,0,0,0,0,0,0,0,0,0,0,0,0,0,0,0,0,0,0,3,0,0,0,0,0,0,3,6,0,0,3,0,0,0,0,0,0,0,0,0,0,0,0,0,0
0,0,0,0,0,0,0,0,0,0,0,0,0,0,0,0,0,0,0,0,0,0,0,0,0,0,0,0,0,0,0,0,0,0,0,0,0,0,0,3,0,0,0,3,0,0,0,0,0,0,0,0,0,0,0,0,0,0,3,1,6,7,5,3
0,0,0,0,0,0,0,0,0,0,0,0,0,0,0,0,0,0,0,0,0,0,0,0,0,0,0,0,0,0,0,3,0,0,0,0,0,0,3,6,0,0,3,0,0,0,0,0,0,0,0,0,0,0,0,0,0,3,1,6,7,5,3,0
0,0,0,0,0,0,0,0,0,0,0,0,0,0,0,0,0,0,0,0,0,0,0,0,0,0,0,0,0,0,3,0,0,0,0,0,0,3,6,0,0,3,0,0,0,0,0,0,0,0,0,0,0,0,0,0,3,1,6,7,5,3,0,0
0,0,0,0,0,0,0,0,0,0,0,0,0,0,0,0,0,0,0,0,0,0,0,0,0,0,0,0,0,0,0,3,0,0,0,3,0,0,0,0,0,0,0,0,0,0,0,0,0,0,3,1,6,7,5,3,0,0,0,0,0,0,0,0
0,0,0,0,0,0,0,0,0,0,0,0,0,0,0,0,0,0,0,0,0,0,0,3,0,0,0,0,0,0,3,6,0,0,3,0,0,0,0,0,0,0,0,0,0,0,0,0,0,3,1,6,7,5,3,0,0,0,0,0,0,0,0,0
0,0,0,0,0,0,0,0,0,0,0,0,0,0,0,0,0,0,0,0,0,0,3,0,0,0,0,0,0,3,6,0,0,3,0,0,0,0,0,0,0,0,0,0,0,0,0,0,3,1,6,7,5,3,0,0,0,0,0,0,0,0,0,0
0,0,0,0,0,0,0,0,0,1,7,7,3,5,7,7,0,0,7,5,5,13,7,7,0,12,10,15,3,7,7,3,0,6,0,5,5,10,3,9,0,0,6,0,0,7,0,3,0,0,0,0,0,7,5,7,0,0,0,0,0,3,7,14
0,0,0,0,0,0,0,0,1,7,7,3,5,7,7,1,0,7,5,5,13,7,7,3,12,10,15,3,7,7,3,3,6,0,5,5,10,3,9,7,0,6,0,0,7,0,3,0,0,0,0,0,7,5,7,12,0,0,0,0,3,7,14,15
0,0,0,0,0,0,0,0,7,7,3,5,7,7,1,0,7,5,5,13,7,7,3,0,10,15,3,7,7,3,3,0,0,5,5,10,3,9,7,0,6,0,0,7,0,3,0,0,0,0,0,7,5,7,12,0,0,0,0,3,7,14,15,0
0,1,7,7,3,5,7,7,0,0,7,5,5,13,7,7,0,12,10,15,3,7,7,3,0,6,0,5,5,10,3,9,0,0,6,0,0,7,0,3,0,0,0,0,0,7,5,7,0,0,0,0,0,3,7,14,0,0,1,0,9,11,12,9
1,7,7,3,5,7,7,1,0,7,5,5,13,7,7,3,12,10,15,3,7,7,3,3,6,0,5,5,10,3,9,7,0,6,0,0,7,0,3,0,0,0,0,0,7,5,7,12,0,0,0,0,3,7,14,15,0,1,0,9,11,12,9,10
7,7,3,5,7,7,1,0,7,5,5,13,7,7,3,0,10,15,3,7,7,3,3,0,0,5,5,10,3,9,7,0,6,0,0,7,0,3,0,0,0,0,0,7,5,7,12,0,0,0,0,3,7,14,15,0,1,0,9,11,12,9,10,0
0,0,7,5,5,13,7,7,0,12,10,15,3,7,7,3,0,6,0,5,5,10,3,9,0,0,6,0,0,7,0,3,0,0,0,0,0,7,5,7,0,0,0,0,0,3,7,14,0,0,1,0,9,11,12,9,0,0,0,0,0,0,0,0
0,7,5,5,13,7,7,3,12,10,15,3,7,7,3,3,6,0,5,5,10,3,9,7,0,6,0,0,7,0,3,0,0,0,0,0,7,5,7,12,0,0,0,0,3,7,14,15,0,1,0,9,11,12,9,10,0,0,0,0,0,0,0,0
7,5,5,13,7,7,3,0,10,15,3,7,7,3,3,0,0,5,5,10,3,9,7,0,6,0,0,7,0,3,0,0,0,0,0,7,5,7,12,0,0,0,0,3,7,14,15,0,1,0,9,11,12,9,10,0,0,0,0,0,0,0,0,0
0,0,0,0,0,0,0,0,0,38,45,47,45,47,46,44,0,35,39,48,43,37,34,35,0,30,37,43,43,28,31,31,0,28,36,34,30,35,34,23,0,41,41,42,36,25,33,28,0,31,46,37,48,44,34,28,0,20,54,42,31,31,28,25
0,0,0,0,0,0,0,0,38,45,47,45,47,46,44,31,35,39,48,43,37,34,35,27,30,37,43,43,28,31,31,27,28,36,34,30,35,34,23,27,41,41,42,36,25,33,28,28,31,46,37,48,44,34,28,35,20,54,42,31,31,28,25,26
0,0,0,0,0,0,0,0,45,47,45,47,46,44,31,0,39,48,43,37,34,35,27,0,37,43,43,28,31,31,27,0,36,34,30,35,34,23,27,0,41,42,36,25,33,28,28,0,46,37,48,44,34,28,35,0,54,42,31,31,28,25,26,0
0,38,45,47,45,47,46,44,0,35,39,48,43,37,34,35,0,30,37,43,43,28,31,31,0,28,36,34,30,35,34,23,0,41,41,42,36,25,33,28,0,31,46,37,48,44,34,28,0,20,54,42,31,31,28,25,0,20,35,35,27,31,28,28
38,45,47,45,47,46,44,31,35,39,48,43,37,34,35,27,30,37,43,43,28,31,31,27,28,36,34,30,35,34,23,27,41,41,42,36,25,33,28,28,31,46,37,48,44,34,28,35,20,54,42,31,31,28,25,26,20,35,35,27,31,28,28,36
45,47,45,47,46,44,31,0,39,48,43,37,34,35,27,0,37,43,43,28,31,31,27,0,36,34,30,35,34,23,27,0,41,42,36,25,33,28,28,0,46,37,48,44,34,28,35,0,54,42,31,31,28,25,26,0,35,35,27,31,28,28,36,0
0,35,39,48,43,37,34,35,0,30,37,43,43,28,31,31,0,28,36,34,30,35,34,23,0,41,41,42,36,25,33,28,0,31,46,37,48,44,34,28,0,20,54,42,31,31,28,25,0,20,35,35,27,31,28,28,0,0,0,0,0,0,0,0
35,39,48,43,37,34,35,27,30,37,43,43,28,31,31,27,28,36,34,30,35,34,23,27,41,41,42,36,25,33,28,28,31,46,37,48,44,34,28,35,20,54,42,31,31,28,25,26,20,35,35,27,31,28,28,36,0,0,0,0,0,0,0,0
39,48,43,37,34,35,27,0,37,43,43,28,31,31,27,0,36,34,30,35,34,23,27,0,41,42,36,25,33,28,28,0,46,37,48,44,34,28,35,0,54,42,31,31,28,25,26,0,35,35,27,31,28,28,36,0,0,0,0,0,0,0,0,0
0,0,0,0,0,0,0,0,0,0,0,0,0,0,0,0,0,0,0,0,0,0,0,0,0,0,0,0,0,0,0,0,0,0,0,0,0,0,0,0,0,0,0,0,0,0,0,0,0,0,0,0,0,0,0,0,0,0,0,0,0,0,0,0
0,0,0,0,0,0,0,0,0,0,0,0,0,0,0,0,0,0,0,0,0,0,0,0,0,0,0,0,0,0,0,0,0,0,0,0,0,0,0,0,0,0,0,0,0,0,0,0,0,0,0,0,0,0,0,0,0,0,0,0,0,0,0,0
0,0,0,0,0,0,0,0,0,0,0,0,0,0,0,0,0,0,0,0,0,0,0,0,0,0,0,0,0,0,0,0,0,0,0,0,0,0,0,0,0,0,0,0,0,0,0,0,0,0,0,0,0,0,0,0,0,0,0,0,0,0,0,0
0,0,0,0,0,0,0,0,0,0,0,0,0,0,0,0,0,0,0,0,0,0,0,0,0,0,0,0,0,0,0,0,0,0,0,0,0,0,0,0,0,0,0,0,0,0,0,0,0,0,0,0,0,0,0,0,0,0,0,0,0,0,0,0
0,0,0,0,0,0,0,0,0,0,0,0,0,0,0,0,0,0,0,0,0,0,0,0,0,0,0,0,0,0,0,0,0,0,0,0,0,0,0,0,0,0,0,0,0,0,0,0,0,0,0,0,0,0,0,0,0,0,0,0,0,0,0,0
0,0,0,0,0,0,0,0,0,0,0,0,0,0,0,0,0,0,0,0,0,0,0,0,0,0,0,0,0,0,0,0,0,0,0,0,0,0,0,0,0,0,0,0,0,0,0,0,0,0,0,0,0,0,0,0,0,0,0,0,0,0,0,0
0,0,0,0,0,0,0,0,0,0,0,0,0,0,0,0,0,0,0,0,0,0,0,0,0,0,0,0,0,0,0,0,0,0,0,0,0,0,0,0,0,0,0,0,0,0,0,0,0,0,0,0,0,0,0,0,0,0,0,0,0,0,0,0
0,0,0,0,0,0,0,0,0,0,0,0,0,0,0,0,0,0,0,0,0,0,0,0,0,0,0,0,0,0,0,0,0,0,0,0,0,0,0,0,0,0,0,0,0,0,0,0,0,0,0,0,0,0,0,0,0,0,0,0,0,0,0,0
0,0,0,0,0,0,0,0,0,0,0,0,0,0,0,0,0,0,0,0,0,0,0,0,0,0,0,0,0,0,0,0,0,0,0,0,0,0,0,0,0,0,0,0,0,0,0,0,0,0,0,0,0,0,0,0,0,0,0,0,0,0,0,0
0,0,0,0,0,0,0,0,0,7,15,18,20,15,17,15,0,13,7,15,7,10,14,9,0,10,24,24,22,21,23,9,0,17,24,25,27,18,23,24,0,23,28,25,22,22,21,13,0,21,41,36,19,17,10,12,0,11,19,17,13,7,10,9
0,0,0,0,0,0,0,0,7,15,18,20,15,17,15,13,13,7,15,7,10,14,9,7,10,24,24,22,21,23,9,1,17,24,25,27,18,23,24,6,23,28,25,22,22,21,13,6,21,41,36,19,17,10,12,3,11,19,17,13,7,10,9,3
0,0,0,0,0,0,0,0,15,18,20,15,17,15,13,0,7,15,7,10,14,9,7,0,24,24,22,21,23,9,1,0,24,25,27,18,23,24,6,0,28,25,22,22,21,13,6,0,41,36,19,17,10,12,3,0,19,17,13,7,10,9,3,0
0,7,15,18,20,15,17,15,0,13,7,15,7,10,14,9,0,10,24,24,22,21,23,9,0,17,24,25,27,18,23,24,0,23,28,25,22,22,21,13,0,21,41,36,19,17,10,12,0,11,19,17,13,7,10,9,0,3,7,12,18,6,3,5
7,15,18,20,15,17,15,13,13,7,15,7,10,14,9,7,10,24,24,22,21,23,9,1,17,24,25,27,18,23,24,6,23,28,25,22,22,21,13,6,21,41,36,19,17,10,12,3,11,19,17,13,7,10,9,3,3,7,12,18,6,3,5,0
15,18,20,15,17,15,13,0,7,15,7,10,14,9,7,0,24,24,22,21,23,9,1,0,24,25,27,18,23,24,6,0,28,25,22,22,21,13,6,0,41,36,19,17,10,12,3,0,19,17,13,7,10,9,3,0,7,12,18,6,3,5,0,0
0,13,7,15,7,10,14,9,0,10,24,24,22,21,23,9,0,17,24,25,27,18,23,24,0,23,28,25,22,22,21,13,0,21,41,36,19,17,10,12,0,11,19,17,13,7,10,9,0,3,7,12,18,6,3,5,0,0,0,0,0,0,0,0
13,7,15,7,10,14,9,7,10,24,24,22,21,23,9,1,17,24,25,27,18,23,24,6,23,28,25,22,22,21,13,6,21,41,36,19,17,10,12,3,11,19,17,13,7,10,9,3,3,7,12,18,6,3,5,0,0,0,0,0,0,0,0,0
7,15,7,10,14,9,7,0,24,24,22,21,23,9,1,0,24,25,27,18,23,24,6,0,28,25,22,22,21,13,6,0,41,36,19,17,10,12,3,0,19,17,13,7,10,9,3,0,7,12,18,6,3,5,0,0,0,0,0,0,0,0,0,0
0,0,0,0,0,0,0,0,0,28,49,40,40,42,35,31,0,40,48,43,46,51,48,34,0,36,48,59,47,50,57,45,0,38,60,62,51,55,50,46,0,36,60,60,67,51,59,50,0,46,49,50,70,67,63,51,0,39,54,50,57,57,57,50
0,0,0,0,0,0,0,0,28,49,40,40,42,35,31,31,40,48,43,46,51,48,34,36,36,48,59,47,50,57,45,37,38,60,62,51,55,50,46,33,36,60,60,67,51,59,50,37,46,49,50,70,67,63,51,43,39,54,50,57,57,57,50,39
0,0,0,0,0,0,0,0,49,40,40,42,35,31,31,0,48,43,46,51,48,34,36,0,48,59,47,50,57,45,37,0,60,62,51,55,50,46,33,0,60,60,67,51,59,50,37,0,49,50,70,67,63,51,43,0,54,50,57,57,57,50,39,0
0,28,49,40,40,42,35,31,0,40,48,43,46,51,48,34,0,36,48,59,47,50,57,45,0,38,60,62,51,55,50,46,0,36,60,60,67,51,59,50,0,46,49,50,70,67,63,51,0,39,54,50,57,57,57,50,0,31,48,44,52,47,45,43
28,49,40,40,42,35,31,31,40,48,43,46,51,48,34,36,36,48,59,47,50,57,45,37,38,60,62,51,55,50,46,33,36,60,60,67,51,59,50,37,46,49,50,70,67,63,51,43,39,54,50,57,57,57,50,39,31,48,44,52,47,45,43,41
49,40,40,42,35,31,31,0,48,43,46,51,48,34,36,0,48,59,47,50,57,45,37,0,60,62,51,55,50,46,33,0,60,60,67,51,59,50,37,0,49,50,70,67,63,51,43,0,54,50,57,57,57,50,39,0,48,44,52,47,45,43,41,0
0,40,48,43,46,51,48,34,0,36,48,59,47,50,57,45,0,38,60,62,51,55,50,46,0,36,60,60,67,51,59,50,0,46,49,50,70,67,63,51,0,39,54,50,57,57,57,50,0,31,48,44,52,47,45,43,0,0,0,0,0,0,0,0
40,48,43,46,51,48,34,36,36,48,59,47,50,57,45,37,38,60,62,51,55,50,46,33,36,60,60,67,51,59,50,37,46,49,50,70,67,63,51,43,39,54,50,57,57,57,50,39,31,48,44,52,47,45,43,41,0,0,0,0,0,0,0,0
48,43,46,51,48,34,36,0,48,59,47,50,57,45,37,0,60,62,51,55,50,46,33,0,60,60,67,51,59,50,37,0,49,50,70,67,63,51,43,0,54,50,57,57,57,50,39,0,48,44,52,47,45,43,41,0,0,0,0,0,0,0,0,0
0,0,0,0,0,0,0,0,0,11,14,11,9,12,10,6,0,9,18,26,22,15,26,17,0,5,17,18,15,7,22,13,0,0,21,22,10,21,14,15,0,0,22,24,23,12,19,18,0,0,18,17,13,12,24,17,0,0,9,27,9,19,15,15
0,0,0,0,0,0,0,0,11,14,11,9,12,10,6,0,9,18,26,22,15,26,17,11,5,17,18,15,7,22,13,11,0,21,22,10,21,14,15,11,0,22,24,23,12,19,18,11,0,18,17,13,12,24,17,12,0,9,27,9,19,15,15,6
0,0,0,0,0,0,0,0,14,11,9,12,10,6,0,0,18,26,22,15,26,17,11,0,17,18,15,7,22,13,11,0,21,22,10,21,14,15,11,0,22,24,23,12,19,18,11,0,18,17,13,12,24,17,12,0,9,27,9,19,15,15,6,0
0,11,14,11,9,12,10,6,0,9,18,26,22,15,26,17,0,5,17,18,15,7,22,13,0,0,21,22,10,21,14,15,0,0,22,24,23,12,19,18,0,0,18,17,13,12,24,17,0,0,9,27,9,19,15,15,0,0,7,13,5,7,6,0
11,14,11,9,12,10,6,0,9,18,26,22,15,26,17,11,5,17,18,15,7,22,13,11,0,21,22,10,21,14,15,11,0,22,24,23,12,19,18,11,0,18,17,13,12,24,17,12,0,9,27,9,19,15,15,6,0,7,13,5,7,6,0,0
14,11,9,12,10,6,0,0,18,26,22,15,26,17,11,0,17,18,15,7,22,13,11,0,21,22,10,21,14,15,11,0,22,24,23,12,19,18,11,0,18,17,13,12,24,17,12,0,9,27,9,19,15,15,6,0,7,13,5,7,6,0,0,0
0,9,18,26,22,15,26,17,0,5,17,18,15,7,22,13,0,0,21,22,10,21,14,15,0,0,22,24,23,12,19,18,0,0,18,17,13,12,24,17,0,0,9,27,9,19,15,15,0,0,7,13,5,7,6,0,0,0,0,0,0,0,0,0
9,18,26,22,15,26,17,11,5,17,18,15,7,22,13,11,0,21,22,10,21,14,15,11,0,22,24,23,12,19,18,11,0,18,17,13,12,24,17,12,0,9,27,9,19,15,15,6,0,7,13,5,7,6,0,0,0,0,0,0,0,0,0,0
18,26,22,15,26,17,11,0,17,18,15,7,22,13,11,0,21,22,10,21,14,15,11,0,22,24,23,12,19,18,11,0,18,17,13,12,24,17,12,0,9,27,9,19,15,15,6,0,7,13,5,7,6,0,0,0,0,0,0,0,0,0,0,0
0,0,0,0,0,0,0,0,0,0,0,0,0,0,0,0,0,0,0,0,0,0,0,0,0,0,0,0,0,0,0,0,0,0,0,0,0,0,0,0,0,0,0,0,0,0,0,0,0,0,0,0,0,0,0,0,0,0,0,0,0,0,0,0
0,0,0,0,0,0,0,0,0,0,0,0,0,0,0,0,0,0,0,0,0,0,0,0,0,0,0,0,0,0,0,0,0,0,0,0,0,0,0,0,0,0,0,0,0,0,0,0,0,0,0,0,0,0,0,0,0,0,0,0,0,0,0,0
0,0,0,0,0,0,0,0,0,0,0,0,0,0,0,0,0,0,0,0,0,0,0,0,0,0,0,0,0,0,0,0,0,0,0,0,0,0,0,0,0,0,0,0,0,0,0,0,0,0,0,0,0,0,0,0,0,0,0,0,0,0,0,0
0,0,0,0,0,0,0,0,0,0,0,0,0,0,0,0,0,0,0,0,0,0,0,0,0,0,0,0,0,0,0,0,0,0,0,0,0,0,0,0,0,0,0,0,0,0,0,0,0,0,0,0,0,0,0,0,0,0,0,0,0,0,0,0
0,0,0,0,0,0,0,0,0,0,0,0,0,0,0,0,0,0,0,0,0,0,0,0,0,0,0,0,0,0,0,0,0,0,0,0,0,0,0,0,0,0,0,0,0,0,0,0,0,0,0,0,0,0,0,0,0,0,0,0,0,0,0,0
0,0,0,0,0,0,0,0,0,0,0,0,0,0,0,0,0,0,0,0,0,0,0,0,0,0,0,0,0,0,0,0,0,0,0,0,0,0,0,0,0,0,0,0,0,0,0,0,0,0,0,0,0,0,0,0,0,0,0,0,0,0,0,0
0,0,0,0,0,0,0,0,0,0,0,0,0,0,0,0,0,0,0,0,0,0,0,0,0,0,0,0,0,0,0,0,0,0,0,0,0,0,0,0,0,0,0,0,0,0,0,0,0,0,0,0,0,0,0,0,0,0,0,0,0,0,0,0
0,0,0,0,0,0,0,0,0,0,0,0,0,0,0,0,0,0,0,0,0,0,0,0,0,0,0,0,0,0,0,0,0,0,0,0,0,0,0,0,0,0,0,0,0,0,0,0,0,0,0,0,0,0,0,0,0,0,0,0,0,0,0,0
0,0,0,0,0,0,0,0,0,0,0,0,0,0,0,0,0,0,0,0,0,0,0,0,0,0,0,0,0,0,0,0,0,0,0,0,0,0,0,0,0,0,0,0,0,0,0,0,0,0,0,0,0,0,0,0,0,0,0,0,0,0,0,0
0,0,0,0,0,0,0,0,0,0,0,0,0,0,0,0,0,10,1,0,0,0,6,5,0,12,5,0,12,1,11,15,0,15,3,1,5,7,0,3,0,19,7,7,12,12,0,0,0,13,13,7,0,0,0,3,0,17,15,15,0,0,0,1
0,0,0,0,0,0,0,0,0,0,0,0,0,0,0,0,10,1,0,0,0,6,5,0,12,5,0,12,1,11,15,0,15,3,1,5,7,0,3,0,19,7,7,12,12,0,0,0,13,13,7,0,0,0,3,0,17,15,15,0,0,0,1,0
0,0,0,0,0,0,0,0,0,0,0,0,0,0,0,0,1,0,0,0,6,5,0,0,5,0,12,1,11,15,0,0,3,1,5,7,0,3,0,0,7,7,12,12,0,0,0,0,13,7,0,0,0,3,0,0,15,15,0,0,0,1,0,0
0,0,0,0,0,0,0,0,0,10,1,0,0,0,6,5,0,12,5,0,12,1,11,15,0,15,3,1,5,7,0,3,0,19,7,7,12,12,0,0,0,13,13,7,0,0,0,3,0,17,15,15,0,0,0,1,0,15,11,9,6,9,13,12
0,0,0,0,0,0,0,0,10,1,0,0,0,6,5,0,12,5,0,12,1,11,15,0,15,3,1,5,7,0,3,0,19,7,7,12,12,0,0,0,13,13,7,0,0,0,3,0,17,15,15,0,0,0,1,0,15,11,9,6,9,13,12,1
0,0,0,0,0,0,0,0,1,0,0,0,6,5,0,0,5,0,12,1,11,15,0,0,3,1,5,7,0,3,0,0,7,7,12,12,0,0,0,0,13,7,0,0,0,3,0,0,15,15,0,0,0,1,0,0,11,9,6,9,13,12,1,0
0,10,1,0,0,0,6,5,0,12,5,0,12,1,11,15,0,15,3,1,5,7,0,3,0,19,7,7,12,12,0,0,0,13,13,7,0,0,0,3,0,17,15,15,0,0,0,1,0,15,11,9,6,9,13,12,0,0,0,0,0,0,0,0
10,1,0,0,0,6,5,0,12,5,0,12,1,11,15,0,15,3,1,5,7,0,3,0,19,7,7,12,12,0,0,0,13,13,7,0,0,0,3,0,17,15,15,0,0,0,1,0,15,11,9,6,9,13,12,1,0,0,0,0,0,0,0,0
1,0,0,0,6,5,0,0,5,0,12,1,11,15,0,0,3,1,5,7,0,3,0,0,7,7,12,12,0,0,0,0,13,7,0,0,0,3,0,0,15,15,0,0,0,1,0,0,11,9,6,9,13,12,1,0,0,0,0,0,0,0,0,0
0,0,0,0,0,0,0,0,0,33,31,36,40,38,34,34,0,30,33,33,30,37,31,27,0,28,33,38,35,34,35,21,0,31,28,30,25,28,33,31,0,33,28,39,28,27,34,36,0,33,44,30,31,30,31,35,0,25,15,33,25,30,28,34
0,0,0,0,0,0,0,0,33,31,36,40,38,34,34,49,30,33,33,30,37,31,27,50,28,33,38,35,34,35,21,45,31,28,30,25,28,33,31,44,33,28,39,28,27,34,36,47,33,44,30,31,30,31,35,45,25,15,33,25,30,28,34,46
0,0,0,0,0,0,0,0,31,36,40,38,34,34,49,0,33,33,30,37,31,27,50,0,33,38,35,34,35,21,45,0,28,30,25,28,33,31,44,0,28,39,28,27,34,36,47,0,44,30,31,30,31,35,45,0,15,33,25,30,28,34,46,0
0,33,31,36,40,38,34,34,0,30,33,33,30,37,31,27,0,28,33,38,35,34,35,21,0,31,28,30,25,28,33,31,0,33,28,39,28,27,34,36,0,33,44,30,31,30,31,35,0,25,15,33,25,30,28,34,0,0,0,0,0,0,1,6
33,31,36,40,38,34,34,49,30,33,33,30,37,31,27,50,28,33,38,35,34,35,21,45,31,28,30,25,28,33,31,44,33,28,39,28,27,34,36,47,33,44,30,31,30,31,35,45,25,15,33,25,30,28,34,46,0,0,0,0,0,1,6,23
31,36,40,38,34,34,49,0,33,33,30,37,31,27,50,0,33,38,35,34,35,21,45,0,28,30,25,28,33,31,44,0,28,39,28,27,34,36,47,0,44,30,31,30,31,35,45,0,15,33,25,30,28,34,46,0,0,0,0,0,1,6,23,0
0,30,33,33,30,37,31,27,0,28,33,38,35,34,35,21,0,31,28,30,25,28,33,31,0,33,28,39,28,27,34,36,0,33,44,30,31,30,31,35,0,25,15,33,25,30,28,34,0,0,0,0,0,0,1,6,0,0,0,0,0,0,0,0
30,33,33,30,37,31,27,50,28,33,38,35,34,35,21,45,31,28,30,25,28,33,31,44,33,28,39,28,27,34,36,47,33,44,30,31,30,31,35,45,25,15,33,25,30,28,34,46,0,0,0,0,0,1,6,23,0,0,0,0,0,0,0,0
33,33,30,37,31,27,50,0,33,38,35,34,35,21,45,0,28,30,25,28,33,31,44,0,28,39,28,27,34,36,47,0,44,30,31,30,31,35,45,0,15,33,25,30,28,34,46,0,0,0,0,0,1,6,23,0,0,0,0,0,0,0,0,0
0,0,0,0,0,0,0,0,0,56,50,43,47,45,43,41,0,51,39,36,33,36,43,34,0,47,31,44,34,36,41,37,0,44,27,31,28,31,47,27,0,54,27,28,30,21,38,24,0,40,19,36,33,31,31,30,0,38,31,20,24,21,21,25
0,0,0,0,0,0,0,0,56,50,43,47,45,43,41,36,51,39,36,33,36,43,34,23,47,31,44,34,36,41,37,22,44,27,31,28,31,47,27,22,54,27,28,30,21,38,24,20,40,19,36,33,31,31,30,23,38,31,20,24,21,21,25,18
0,0,0,0,0,0,0,0,50,43,47,45,43,41,36,0,39,36,33,36,43,34,23,0,31,44,34,36,41,37,22,0,27,31,28,31,47,27,22,0,27,28,30,21,38,24,20,0,19,36,33,31,31,30,23,0,31,20,24,21,21,25,18,0
0,56,50,43,47,45,43,41,0,51,39,36,33,36,43,34,0,47,31,44,34,36,41,37,0,44,27,31,28,31,47,27,0,54,27,28,30,21,38,24,0,40,19,36,33,31,31,30,0,38,31,20,24,21,21,25,0,39,48,36,41,39,37,37
56,50,43,47,45,43,41,36,51,39,36,33,36,43,34,23,47,31,44,34,36,41,37,22,44,27,31,28,31,47,27,22,54,27,28,30,21,38,24,20,40,19,36,33,31,31,30,23,38,31,20,24,21,21,25,18,39,48,36,41,39,37,37,25
50,43,47,45,43,41,36,0,39,36,33,36,43,34,23,0,31,44,34,36,41,37,22,0,27,31,28,31,47,27,22,0,27,28,30,21,38,24,20,0,19,36,33,31,31,30,23,0,31,20,24,21,21,25,18,0,48,36,41,39,37,37,25,0
0,51,39,36,33,36,43,34,0,47,31,44,34,36,41,37,0,44,27,31,28,31,47,27,0,54,27,28,30,21,38,24,0,40,19,36,33,31,31,30,0,38,31,20,24,21,21,25,0,39,48,36,41,39,37,37,0,0,0,0,0,0,0,0
51,39,36,33,36,43,34,23,47,31,44,34,36,41,37,22,44,27,31,28,31,47,27,22,54,27,28,30,21,38,24,20,40,19,36,33,31,31,30,23,38,31,20,24,21,21,25,18,39,48,36,41,39,37,37,25,0,0,0,0,0,0,0,0
39,36,33,36,43,34,23,0,31,44,34,36,41,37,22,0,27,31,28,31,47,27,22,0,27,28,30,21,38,24,20,0,19,36,33,31,31,30,23,0,31,20,24,21,21,25,18,0,48,36,41,39,37,37,25,0,0,0,0,0,0,0,0,0
0,0,0,0,0,0,0,0,0,7,6,1,0,10,6,13,0,31,22,28,17,30,24,20,0,30,21,30,28,27,28,22,0,31,22,25,28,21,15,19,0,26,25,24,21,12,19,22,0,25,13,18,23,31,28,24,0,25,21,36,24,34,31,28
0,0,0,0,0,0,0,0,7,6,1,0,10,6,13,12,31,22,28,17,30,24,20,21,30,21,30,28,27,28,22,24,31,22,25,28,21,15,19,13,26,25,24,21,12,19,22,19,25,13,18,23,31,28,24,20,25,21,36,24,34,31,28,12
0,0,0,0,0,0,0,0,6,1,0,10,6,13,12,0,22,28,17,30,24,20,21,0,21,30,28,27,28,22,24,0,22,25,28,21,15,19,13,0,25,24,21,12,19,22,19,0,13,18,23,31,28,24,20,0,21,36,24,34,31,28,12,0
0,7,6,1,0,10,6,13,0,31,22,28,17,30,24,20,0,30,21,30,28,27,28,22,0,31,22,25,28,21,15,19,0,26,25,24,21,12,19,22,0,25,13,18,23,31,28,24,0,25,21,36,24,34,31,28,0,36,28,30,26,26,24,23
7,6,1,0,10,6,13,12,31,22,28,17,30,24,20,21,30,21,30,28,27,28,22,24,31,22,25,28,21,15,19,13,26,25,24,21,12,19,22,19,25,13,18,23,31,28,24,20,25,21,36,24,34,31,28,12,36,28,30,26,26,24,23,10
6,1,0,10,6,13,12,0,22,28,17,30,24,20,21,0,21,30,28,27,28,22,24,0,22,25,28,21,15,19,13,0,25,24,21,12,19,22,19,0,13,18,23,31,28,24,20,0,21,36,24,34,31,28,12,0,28,30,26,26,24,23,10,0
0,31,22,28,17,30,24,20,0,30,21,30,28,27,28,22,0,31,22,25,28,21,15,19,0,26,25,24,21,12,19,22,0,25,13,18,23,31,28,24,0,25,21,36,24,34,31,28,0,36,28,30,26,26,24,23,0,0,0,0,0,0,0,0
31,22,28,17,30,24,20,21,30,21,30,28,27,28,22,24,31,22,25,28,21,15,19,13,26,25,24,21,12,19,22,19,25,13,18,23,31,28,24,20,25,21,36,24,34,31,28,12,36,28,30,26,26,24,23,10,0,0,0,0,0,0,0,0
22,28,17,30,24,20,21,0,21,30,28,27,28,22,24,0,22,25,28,21,15,19,13,0,25,24,21,12,19,22,19,0,13,18,23,31,28,24,20,0,21,36,24,34,31,28,12,0,28,30,26,26,24,23,10,0,0,0,0,0,0,0,0,0
0,0,0,0,0,0,0,0,0,0,0,0,0,0,0,0,0,0,0,0,0,0,0,0,0,0,0,0,0,0,0,0,0,0,0,0,0,0,0,0,0,0,0,0,0,0,0,0,0,0,0,0,0,0,0,0,0,0,0,0,0,0,0,0
0,0,0,0,0,0,0,0,0,0,0,0,0,0,0,0,0,0,0,0,0,0,0,0,0,0,0,0,0,0,0,0,0,0,0,0,0,0,0,0,0,0,0,0,0,0,0,0,0,0,0,0,0,0,0,0,0,0,0,0,0,0,0,0
0,0,0,0,0,0,0,0,0,0,0,0,0,0,0,0,0,0,0,0,0,0,0,0,0,0,0,0,0,0,0,0,0,0,0,0,0,0,0,0,0,0,0,0,0,0,0,0,0,0,0,0,0,0,0,0,0,0,0,0,0,0,0,0
0,0,0,0,0,0,0,0,0,0,0,0,0,0,0,0,0,0,0,0,0,0,0,0,0,0,0,0,0,0,0,0,0,0,0,0,0,0,0,0,0,0,0,0,0,0,0,0,0,0,0,0,0,0,0,0,0,0,0,0,0,0,0,0
0,0,0,0,0,0,0,0,0,0,0,0,0,0,0,0,0,0,0,0,0,0,0,0,0,0,0,0,0,0,0,0,0,0,0,0,0,0,0,0,0,0,0,0,0,0,0,0,0,0,0,0,0,0,0,0,0,0,0,0,0,0,0,0
0,0,0,0,0,0,0,0,0,0,0,0,0,0,0,0,0,0,0,0,0,0,0,0,0,0,0,0,0,0,0,0,0,0,0,0,0,0,0,0,0,0,0,0,0,0,0,0,0,0,0,0,0,0,0,0,0,0,0,0,0,0,0,0
0,0,0,0,0,0,0,0,0,0,0,0,0,0,0,0,0,0,0,0,0,0,0,0,0,0,0,0,0,0,0,0,0,0,0,0,0,0,0,0,0,0,0,0,0,0,0,0,0,0,0,0,0,0,0,0,0,0,0,0,0,0,0,0
0,0,0,0,0,0,0,0,0,0,0,0,0,0,0,0,0,0,0,0,0,0,0,0,0,0,0,0,0,0,0,0,0,0,0,0,0,0,0,0,0,0,0,0,0,0,0,0,0,0,0,0,0,0,0,0,0,0,0,0,0,0,0,0
0,0,0,0,0,0,0,0,0,0,0,0,0,0,0,0,0,0,0,0,0,0,0,0,0,0,0,0,0,0,0,0,0,0,0,0,0,0,0,0,0,0,0,0,0,0,0,0,0,0,0,0,0,0,0,0,0,0,0,0,0,0,0,0
0,0,0,0,0,0,0,0,0,31,22,25,28,27,28,25,0,37,22,36,36,27,30,30,0,31,24,30,41,37,25,30,0,33,36,31,31,34,15,34,0,41,41,30,33,31,28,31,0,36,34,24,28,17,25,31,0,31,35,34,33,31,37,37
0,0,0,0,0,0,0,0,31,22,25,28,27,28,25,21,37,22,36,36,27,30,30,15,31,24,30,41,37,25,30,19,33,36,31,31,34,15,34,13,41,41,30,33,31,28,31,18,36,34,24,28,17,25,31,18,31,35,34,33,31,37,37,19
0,0,0,0,0,0,0,0,22,25,28,27,28,25,21,0,22,36,36,27,30,30,15,0,24,30,41,37,25,30,19,0,36,31,31,34,15,34,13,0,41,30,33,31,28,31,18,0,34,24,28,17,25,31,18,0,35,34,33,31,37,37,19,0
0,31,22,25,28,27,28,25,0,37,22,36,36,27,30,30,0,31,24,30,41,37,25,30,0,33,36,31,31,34,15,34,0,41,41,30,33,31,28,31,0,36,34,24,28,17,25,31,0,31,35,34,33,31,37,37,0,31,19,24,28,25,24,27
31,22,25,28,27,28,25,21,37,22,36,36,27,30,30,15,31,24,30,41,37,25,30,19,33,36,31,31,34,15,34,13,41,41,30,33,31,28,31,18,36,34,24,28,17,25,31,18,31,35,34,33,31,37,37,19,31,19,24,28,25,24,27,19
22,25,28,27,28,25,21,0,22,36,36,27,30,30,15,0,24,30,41,37,25,30,19,0,36,31,31,34,15,34,13,0,41,30,33,31,28,31,18,0,34,24,28,17,25,31,18,0,35,34,33,31,37,37,19,0,19,24,28,25,24,27,19,0
0,37,22,36,36,27,30,30,0,31,24,30,41,37,25,30,0,33,36,31,31,34,15,34,0,41,41,30,33,31,28,31,0,36,34,24,28,17,25,31,0,31,35,34,33,31,37,37,0,31,19,24,28,25,24,27,0,0,0,0,0,0,0,0
37,22,36,36,27,30,30,15,31,24,30,41,37,25,30,19,33,36,31,31,34,15,34,13,41,41,30,33,31,28,31,18,36,34,24,28,17,25,31,18,31,35,34,33,31,37,37,19,31,19,24,28,25,24,27,19,0,0,0,0,0,0,0,0
22,36,36,27,30,30,15,0,24,30,41,37,25,30,19,0,36,31,31,34,15,34,13,0,41,30,33,31,28,31,18,0,34,24,28,17,25,31,18,0,35,34,33,31,37,37,19,0,19,24,28,25,24,27,19,0,0,0,0,0,0,0,0,0
0,0,0,0,0,0,0,0,0,0,0,0,0,0,0,0,0,0,0,0,0,0,0,0,0,0,0,0,0,0,0,0,0,0,0,0,0,0,0,0,0,0,0,0,0,0,0,0,0,0,0,0,0,0,0,0,0,0,0,0,0,0,0,0
0,0,0,0,0,0,0,0,0,0,0,0,0,0,0,0,0,0,0,0,0,0,0,0,0,0,0,0,0,0,0,0,0,0,0,0,0,0,0,0,0,0,0,0,0,0,0,0,0,0,0,0,0,0,0,0,0,0,0,0,0,0,0,0
0,0,0,0,0,0,0,0,0,0,0,0,0,0,0,0,0,0,0,0,0,0,0,0,0,0,0,0,0,0,0,0,0,0,0,0,0,0,0,0,0,0,0,0,0,0,0,0,0,0,0,0,0,0,0,0,0,0,0,0,0,0,0,0
0,0,0,0,0,0,0,0,0,0,0,0,0,0,0,0,0,0,0,0,0,0,0,0,0,0,0,0,0,0,0,0,0,0,0,0,0,0,0,0,0,0,0,0,0,0,0,0,0,0,0,0,0,0,0,0,0,0,0,0,0,0,0,0
0,0,0,0,0,0,0,0,0,0,0,0,0,0,0,0,0,0,0,0,0,0,0,0,0,0,0,0,0,0,0,0,0,0,0,0,0,0,0,0,0,0,0,0,0,0,0,0,0,0,0,0,0,0,0,0,0,0,0,0,0,0,0,0
0,0,0,0,0,0,0,0,0,0,0,0,0,0,0,0,0,0,0,0,0,0,0,0,0,0,0,0,0,0,0,0,0,0,0,0,0,0,0,0,0,0,0,0,0,0,0,0,0,0,0,0,0,0,0,0,0,0,0,0,0,0,0,0
0,0,0,0,0,0,0,0,0,0,0,0,0,0,0,0,0,0,0,0,0,0,0,0,0,0,0,0,0,0,0,0,0,0,0,0,0,0,0,0,0,0,0,0,0,0,0,0,0,0,0,0,0,0,0,0,0,0,0,0,0,0,0,0
0,0,0,0,0,0,0,0,0,0,0,0,0,0,0,0,0,0,0,0,0,0,0,0,0,0,0,0,0,0,0,0,0,0,0,0,0,0,0,0,0,0,0,0,0,0,0,0,0,0,0,0,0,0,0,0,0,0,0,0,0,0,0,0
0,0,0,0,0,0,0,0,0,0,0,0,0,0,0,0,0,0,0,0,0,0,0,0,0,0,0,0,0,0,0,0,0,0,0,0,0,0,0,0,0,0,0,0,0,0,0,0,0,0,0,0,0,0,0,0,0,0,0,0,0,0,0,0
0,0,0,0,0,0,0,0,0,0,0,0,0,0,0,0,0,0,0,0,0,0,0,0,0,0,0,0,0,0,0,0,0,0,0,0,0,0,0,0,0,0,0,0,0,0,0,0,0,0,0,0,0,0,0,0,0,0,0,0,0,0,0,0
0,0,0,0,0,0,0,0,0,0,0,0,0,0,0,0,0,0,0,0,0,0,0,0,0,0,0,0,0,0,0,0,0,0,0,0,0,0,0,0,0,0,0,0,0,0,0,0,0,0,0,0,0,0,0,0,0,0,0,0,0,0,0,0
0,0,0,0,0,0,0,0,0,0,0,0,0,0,0,0,0,0,0,0,0,0,0,0,0,0,0,0,0,0,0,0,0,0,0,0,0,0,0,0,0,0,0,0,0,0,0,0,0,0,0,0,0,0,0,0,0,0,0,0,0,0,0,0
0,0,0,0,0,0,0,0,0,0,0,0,0,0,0,0,0,0,0,0,0,0,0,0,0,0,0,0,0,0,0,0,0,0,0,0,0,0,0,0,0,0,0,0,0,0,0,0,0,0,0,0,0,0,0,0,0,0,0,0,0,0,0,0
0,0,0,0,0,0,0,0,0,0,0,0,0,0,0,0,0,0,0,0,0,0,0,0,0,0,0,0,0,0,0,0,0,0,0,0,0,0,0,0,0,0,0,0,0,0,0,0,0,0,0,0,0,0,0,0,0,0,0,0,0,0,0,0
0,0,0,0,0,0,0,0,0,0,0,0,0,0,0,0,0,0,0,0,0,0,0,0,0,0,0,0,0,0,0,0,0,0,0,0,0,0,0,0,0,0,0,0,0,0,0,0,0,0,0,0,0,0,0,0,0,0,0,0,0,0,0,0
0,0,0,0,0,0,0,0,0,0,0,0,0,0,0,0,0,0,0,0,0,0,0,0,0,0,0,0,0,0,0,0,0,0,0,0,0,0,0,0,0,0,0,0,0,0,0,0,0,0,0,0,0,0,0,0,0,0,0,0,0,0,0,0
0,0,0,0,0,0,0,0,0,0,0,0,0,0,0,0,0,0,0,0,0,0,0,0,0,0,0,0,0,0,0,0,0,0,0,0,0,0,0,0,0,0,0,0,0,0,0,0,0,0,0,0,0,0,0,0,0,0,0,0,0,0,0,0
0,0,0,0,0,0,0,0,0,0,0,0,0,0,0,0,0,0,0,0,0,0,0,0,0,0,0,0,0,0,0,0,0,0,0,0,0,0,0,0,0,0,0,0,0,0,0,0,0,0,0,0,0,0,0,0,0,0,0,0,0,0,0,0
0,0,0,0,0,0,0,0,0,0,0,0,0,0,0,0,0,0,0,0,0,0,0,0,0,0,0,0,0,0,0,0,0,0,0,0,0,0,0,0,0,0,0,0,0,0,0,0,0,0,0,0,0,0,0,0,0,0,0,0,0,0,0,0
0,0,0,0,0,0,0,0,0,0,0,0,0,0,0,0,0,0,0,0,0,0,0,0,0,0,0,0,0,0,0,0,0,0,0,0,0,0,0,0,0,0,0,0,0,0,0,0,0,0,0,0,0,0,0,0,0,0,0,0,0,0,0,0
0,0,0,0,0,0,0,0,0,0,0,0,0,0,0,0,0,0,0,0,0,0,0,0,0,0,0,0,0,0,0,0,0,0,0,0,0,0,0,0,0,0,0,0,0,0,0,0,0,0,0,0,0,0,0,0,0,0,0,0,0,0,0,0
0,0,0,0,0,0,0,0,0,0,0,0,0,0,0,0,0,0,0,0,0,0,0,0,0,0,0,0,0,0,0,0,0,0,0,0,0,0,0,0,0,0,0,0,0,0,0,0,0,0,0,0,0,0,0,0,0,0,0,0,0,0,0,0
0,0,0,0,0,0,0,0,0,0,0,0,0,0,0,0,0,0,0,0,0,0,0,0,0,0,0,0,0,0,0,0,0,0,0,0,0,0,0,0,0,0,0,0,0,0,0,0,0,0,0,0,0,0,0,0,0,0,0,0,0,0,0,0
0,0,0,0,0,0,0,0,0,0,0,0,0,0,0,0,0,0,0,0,0,0,0,0,0,0,0,0,0,0,0,0,0,0,0,0,0,0,0,0,0,0,0,0,0,0,0,0,0,0,0,0,0,0,0,0,0,0,0,0,0,0,0,0
0,0,0,0,0,0,0,0,0,0,0,0,0,0,0,0,0,0,0,0,0,0,0,0,0,0,0,0,0,0,0,0,0,0,0,0,0,0,0,0,0,0,0,0,0,0,0,0,0,0,0,0,0,0,0,0,0,0,0,0,0,0,0,0
0,0,0,0,0,0,0,0,0,0,0,0,0,0,0,0,0,0,0,0,0,0,0,0,0,0,0,0,0,0,0,0,0,0,0,0,0,0,0,0,0,0,0,0,0,0,0,0,0,0,0,0,0,0,0,0,0,0,0,0,0,0,0,0
0,0,0,0,0,0,0,0,0,0,0,0,0,0,0,0,0,0,0,0,0,0,0,0,0,0,0,0,0,0,0,0,0,0,0,0,0,0,0,0,0,0,0,0,0,0,0,0,0,0,0,0,0,0,0,0,0,0,0,0,0,0,0,0
0,0,0,0,0,0,0,0,0,6,0,0,0,0,3,7,0,7,13,7,13,12,15,7,0,3,7,6,18,14,9,9,0,3,9,3,5,19,12,12,0,6,22,20,11,13,13,15,0,0,22,7,9,7,14,5,0,0,1,0,7,7,13,9
0,0,0,0,0,0,0,0,6,0,0,0,0,3,7,0,7,13,7,13,12,15,7,0,3,7,6,18,14,9,9,0,3,9,3,5,19,12,12,0,6,22,20,11,13,13,15,0,0,22,7,9,7,14,5,0,0,1,0,7,7,13,9,0
0,0,0,0,0,0,0,0,0,0,0,0,3,7,0,0,13,7,13,12,15,7,0,0,7,6,18,14,9,9,0,0,9,3,5,19,12,12,0,0,22,20,11,13,13,15,0,0,22,7,9,7,14,5,0,0,1,0,7,7,13,9,0,0
0,6,0,0,0,0,3,7,0,7,13,7,13,12,15,7,0,3,7,6,18,14,9,9,0,3,9,3,5,19,12,12,0,6,22,20,11,13,13,15,0,0,22,7,9,7,14,5,0,0,1,0,7,7,13,9,0,7,0,6,12,13,12,10
6,0,0,0,0,3,7,0,7,13,7,13,12,15,7,0,3,7,6,18,14,9,9,0,3,9,3,5,19,12,12,0,6,22,20,11,13,13,15,0,0,22,7,9,7,14,5,0,0,1,0,7,7,13,9,0,7,0,6,12,13,12,10,0
0,0,0,0,3,7,0,0,13,7,13,12,15,7,0,0,7,6,18,14,9,9,0,0,9,3,5,19,12,12,0,0,22,20,11,13,13,15,0,0,22,7,9,7,14,5,0,0,1,0,7,7,13,9,0,0,0,6,12,13,12,10,0,0
0,7,13,7,13,12,15,7,0,3,7,6,18,14,9,9,0,3,9,3,5,19,12,12,0,6,22,20,11,13,13,15,0,0,22,7,9,7,14,5,0,0,1,0,7,7,13,9,0,7,0,6,12,13,12,10,0,0,0,0,0,0,0,0
7,13,7,13,12,15,7,0,3,7,6,18,14,9,9,0,3,9,3,5,19,12,12,0,6,22,20,11,13,13,15,0,0,22,7,9,7,14,5,0,0,1,0,7,7,13,9,0,7,0,6,12,13,12,10,0,0,0,0,0,0,0,0,0
13,7,13,12,15,7,0,0,7,6,18,14,9,9,0,0,9,3,5,19,12,12,0,0,22,20,11,13,13,15,0,0,22,7,9,7,14,5,0,0,1,0,7,7,13,9,0,0,0,6,12,13,12,10,0,0,0,0,0,0,0,0,0,0
0,0,0,0,0,0,0,0,0,36,39,34,36,37,34,35,0,38,24,25,34,31,33,30,0,34,22,21,15,15,18,26,0,22,27,28,15,25,26,14,0,31,14,24,15,14,21,12,0,39,15,12,9,18,20,18,0,37,19,15,19,18,18,13
0,0,0,0,0,0,0,0,36,39,34,36,37,34,35,25,38,24,25,34,31,33,30,15,34,22,21,15,15,18,26,10,22,27,28,15,25,26,14,6,31,14,24,15,14,21,12,5,39,15,12,9,18,20,18,1,37,19,15,19,18,18,13,0
0,0,0,0,0,0,0,0,39,34,36,37,34,35,25,0,24,25,34,31,33,30,15,0,22,21,15,15,18,26,10,0,27,28,15,25,26,14,6,0,14,24,15,14,21,12,5,0,15,12,9,18,20,18,1,0,19,15,19,18,18,13,0,0
0,36,39,34,36,37,34,35,0,38,24,25,34,31,33,30,0,34,22,21,15,15,18,26,0,22,27,28,15,25,26,14,0,31,14,24,15,14,21,12,0,39,15,12,9,18,20,18,0,37,19,15,19,18,18,13,0,18,0,0,0,0,6,3
36,39,34,36,37,34,35,25,38,24,25,34,31,33,30,15,34,22,21,15,15,18,26,10,22,27,28,15,25,26,14,6,31,14,24,15,14,21,12,5,39,15,12,9,18,20,18,1,37,19,15,19,18,18,13,0,18,0,0,0,0,6,3,0
39,34,36,37,34,35,25,0,24,25,34,31,33,30,15,0,22,21,15,15,18,26,10,0,27,28,15,25,26,14,6,0,14,24,15,14,21,12,5,0,15,12,9,18,20,18,1,0,19,15,19,18,18,13,0,0,0,0,0,0,6,3,0,0
0,38,24,25,34,31,33,30,0,34,22,21,15,15,18,26,0,22,27,28,15,25,26,14,0,31,14,24,15,14,21,12,0,39,15,12,9,18,20,18,0,37,19,15,19,18,18,13,0,18,0,0,0,0,6,3,0,0,0,0,0,0,0,0
38,24,25,34,31,33,30,15,34,22,21,15,15,18,26,10,22,27,28,15,25,26,14,6,31,14,24,15,14,21,12,5,39,15,12,9,18,20,18,1,37,19,15,19,18,18,13,0,18,0,0,0,0,6,3,0,0,0,0,0,0,0,0,0
24,25,34,31,33,30,15,0,22,21,15,15,18,26,10,0,27,28,15,25,26,14,6,0,14,24,15,14,21,12,5,0,15,12,9,18,20,18,1,0,19,15,19,18,18,13,0,0,0,0,0,0,6,3,0,0,0,0,0,0,0,0,0,0
0,0,0,0,0,0,0,0,0,25,21,14,9,20,20,19,0,24,6,7,3,7,3,7,0,23,7,9,6,9,9,10,0,26,14,5,12,10,12,13,0,24,17,0,3,17,20,7,0,15,17,35,6,20,14,9,0,15,23,21,7,10,11,17
0,0,0,0,0,0,0,0,25,21,14,9,20,20,19,42,24,6,7,3,7,3,7,31,23,7,9,6,9,9,10,37,26,14,5,12,10,12,13,36,24,17,0,3,17,20,7,35,15,17,35,6,20,14,9,36,15,23,21,7,10,11,17,39
0,0,0,0,0,0,0,0,21,14,9,20,20,19,42,0,6,7,3,7,3,7,31,0,7,9,6,9,9,10,37,0,14,5,12,10,12,13,36,0,17,0,3,17,20,7,35,0,17,35,6,20,14,9,36,0,23,21,7,10,11,17,39,0
0,25,21,14,9,20,20,19,0,24,6,7,3,7,3,7,0,23,7,9,6,9,9,10,0,26,14,5,12,10,12,13,0,24,17,0,3,17,20,7,0,15,17,35,6,20,14,9,0,15,23,21,7,10,11,17,0,14,22,18,25,23,23,23
25,21,14,9,20,20,19,42,24,6,7,3,7,3,7,31,23,7,9,6,9,9,10,37,26,14,5,12,10,12,13,36,24,17,0,3,17,20,7,35,15,17,35,6,20,14,9,36,15,23,21,7,10,11,17,39,14,22,18,25,23,23,23,38
21,14,9,20,20,19,42,0,6,7,3,7,3,7,31,0,7,9,6,9,9,10,37,0,14,5,12,10,12,13,36,0,17,0,3,17,20,7,35,0,17,35,6,20,14,9,36,0,23,21,7,10,11,17,39,0,22,18,25,23,23,23,38,0
0,24,6,7,3,7,3,7,0,23,7,9,6,9,9,10,0,26,14,5,12,10,12,13,0,24,17,0,3,17,20,7,0,15,17,35,6,20,14,9,0,15,23,21,7,10,11,17,0,14,22,18,25,23,23,23,0,0,0,0,0,0,0,0
24,6,7,3,7,3,7,31,23,7,9,6,9,9,10,37,26,14,5,12,10,12,13,36,24,17,0,3,17,20,7,35,15,17,35,6,20,14,9,36,15,23,21,7,10,11,17,39,14,22,18,25,23,23,23,38,0,0,0,0,0,0,0,0
6,7,3,7,3,7,31,0,7,9,6,9,9,10,37,0,14,5,12,10,12,13,36,0,17,0,3,17,20,7,35,0,17,35,6,20,14,9,36,0,23,21,7,10,11,17,39,0,22,18,25,23,23,23,38,0,0,0,0,0,0,0,0,0
0,0,0,0,0,0,0,0,0,0,0,0,0,0,0,0,0,0,0,0,0,0,0,0,0,0,0,0,0,0,0,0,0,0,0,0,0,0,0,0,0,0,0,0,0,0,0,0,0,0,0,0,0,0,0,0,0,0,0,0,0,0,0,0
0,0,0,0,0,0,0,0,0,0,0,0,0,0,0,0,0,0,0,0,0,0,0,0,0,0,0,0,0,0,0,0,0,0,0,0,0,0,0,0,0,0,0,0,0,0,0,0,0,0,0,0,0,0,0,0,0,0,0,0,0,0,0,0
0,0,0,0,0,0,0,0,0,0,0,0,0,0,0,0,0,0,0,0,0,0,0,0,0,0,0,0,0,0,0,0,0,0,0,0,0,0,0,0,0,0,0,0,0,0,0,0,0,0,0,0,0,0,0,0,0,0,0,0,0,0,0,0
0,0,0,0,0,0,0,0,0,0,0,0,0,0,0,0,0,0,0,0,0,0,0,0,0,0,0,0,0,0,0,0,0,0,0,0,0,0,0,0,0,0,0,0,0,0,0,0,0,0,0,0,0,0,0,0,0,0,0,0,0,0,0,0
0,0,0,0,0,0,0,0,0,0,0,0,0,0,0,0,0,0,0,0,0,0,0,0,0,0,0,0,0,0,0,0,0,0,0,0,0,0,0,0,0,0,0,0,0,0,0,0,0,0,0,0,0,0,0,0,0,0,0,0,0,0,0,0
0,0,0,0,0,0,0,0,0,0,0,0,0,0,0,0,0,0,0,0,0,0,0,0,0,0,0,0,0,0,0,0,0,0,0,0,0,0,0,0,0,0,0,0,0,0,0,0,0,0,0,0,0,0,0,0,0,0,0,0,0,0,0,0
0,0,0,0,0,0,0,0,0,0,0,0,0,0,0,0,0,0,0,0,0,0,0,0,0,0,0,0,0,0,0,0,0,0,0,0,0,0,0,0,0,0,0,0,0,0,0,0,0,0,0,0,0,0,0,0,0,0,0,0,0,0,0,0
0,0,0,0,0,0,0,0,0,0,0,0,0,0,0,0,0,0,0,0,0,0,0,0,0,0,0,0,0,0,0,0,0,0,0,0,0,0,0,0,0,0,0,0,0,0,0,0,0,0,0,0,0,0,0,0,0,0,0,0,0,0,0,0
0,0,0,0,0,0,0,0,0,0,0,0,0,0,0,0,0,0,0,0,0,0,0,0,0,0,0,0,0,0,0,0,0,0,0,0,0,0,0,0,0,0,0,0,0,0,0,0,0,0,0,0,0,0,0,0,0,0,0,0,0,0,0,0
0,0,0,0,0,0,0,0,0,47,46,42,47,49,47,49,0,20,22,26,24,33,21,25,0,9,25,27,22,25,33,25,0,9,18,27,23,34,33,22,0,7,15,19,19,33,21,23,0,12,20,31,18,19,19,20,0,11,12,31,13,13,14,15
0,0,0,0,0,0,0,0,47,46,42,47,49,47,49,41,20,22,26,24,33,21,25,28,9,25,27,22,25,33,25,28,9,18,27,23,34,33,22,26,7,15,19,19,33,21,23,27,12,20,31,18,19,19,20,25,11,12,31,13,13,14,15,20
0,0,0,0,0,0,0,0,46,42,47,49,47,49,41,0,22,26,24,33,21,25,28,0,25,27,22,25,33,25,28,0,18,27,23,34,33,22,26,0,15,19,19,33,21,23,27,0,20,31,18,19,19,20,25,0,12,31,13,13,14,15,20,0
0,47,46,42,47,49,47,49,0,20,22,26,24,33,21,25,0,9,25,27,22,25,33,25,0,9,18,27,23,34,33,22,0,7,15,19,19,33,21,23,0,12,20,31,18,19,19,20,0,11,12,31,13,13,14,15,0,7,0,7,0,0,7,3
47,46,42,47,49,47,49,41,20,22,26,24,33,21,25,28,9,25,27,22,25,33,25,28,9,18,27,23,34,33,22,26,7,15,19,19,33,21,23,27,12,20,31,18,19,19,20,25,11,12,31,13,13,14,15,20,7,0,7,0,0,7,3,9
46,42,47,49,47,49,41,0,22,26,24,33,21,25,28,0,25,27,22,25,33,25,28,0,18,27,23,34,33,22,26,0,15,19,19,33,21,23,27,0,20,31,18,19,19,20,25,0,12,31,13,13,14,15,20,0,0,7,0,0,7,3,9,0
0,20,22,26,24,33,21,25,0,9,25,27,22,25,33,25,0,9,18,27,23,34,33,22,0,7,15,19,19,33,21,23,0,12,20,31,18,19,19,20,0,11,12,31,13,13,14,15,0,7,0,7,0,0,7,3,0,0,0,0,0,0,0,0
20,22,26,24,33,21,25,28,9,25,27,22,25,33,25,28,9,18,27,23,34,33,22,26,7,15,19,19,33,21,23,27,12,20,31,18,19,19,20,25,11,12,31,13,13,14,15,20,7,0,7,0,0,7,3,9,0,0,0,0,0,0,0,0
22,26,24,33,21,25,28,0,25,27,22,25,33,25,28,0,18,27,23,34,33,22,26,0,15,19,19,33,21,23,27,0,20,31,18,19,19,20,25,0,12,31,13,13,14,15,20,0,0,7,0,0,7,3,9,0,0,0,0,0,0,0,0,0
0,0,0,0,0,0,0,0,0,0,0,0,0,0,0,0,0,0,0,0,0,0,0,0,0,0,0,0,0,0,0,0,0,0,0,0,0,0,0,0,0,0,0,0,0,0,0,0,0,0,0,0,0,0,0,0,0,0,0,0,0,0,0,0
0,0,0,0,0,0,0,0,0,0,0,0,0,0,0,0,0,0,0,0,0,0,0,0,0,0,0,0,0,0,0,0,0,0,0,0,0,0,0,0,0,0,0,0,0,0,0,0,0,0,0,0,0,0,0,0,0,0,0,0,0,0,0,0
0,0,0,0,0,0,0,0,0,0,0,0,0,0,0,0,0,0,0,0,0,0,0,0,0,0,0,0,0,0,0,0,0,0,0,0,0,0,0,0,0,0,0,0,0,0,0,0,0,0,0,0,0,0,0,0,0,0,0,0,0,0,0,0
0,0,0,0,0,0,0,0,0,0,0,0,0,0,0,0,0,0,0,0,0,0,0,0,0,0,0,0,0,0,0,0,0,0,0,0,0,0,0,0,0,0,0,0,0,0,0,0,0,0,0,0,0,0,0,0,0,3,0,0,0,0,0,0
0,0,0,0,0,0,0,0,0,0,0,0,0,0,0,0,0,0,0,0,0,0,0,0,0,0,0,0,0,0,0,0,0,0,0,0,0,0,0,0,0,0,0,0,0,0,0,0,0,0,0,0,0,0,0,0,3,0,0,0,0,0,0,0
0,0,0,0,0,0,0,0,0,0,0,0,0,0,0,0,0,0,0,0,0,0,0,0,0,0,0,0,0,0,0,0,0,0,0,0,0,0,0,0,0,0,0,0,0,0,0,0,0,0,0,0,0,0,0,0,0,0,0,0,0,0,0,0
0,0,0,0,0,0,0,0,0,0,0,0,0,0,0,0,0,0,0,0,0,0,0,0,0,0,0,0,0,0,0,0,0,0,0,0,0,0,0,0,0,0,0,0,0,0,0,0,0,3,0,0,0,0,0,0,0,0,0,0,0,0,0,0
0,0,0,0,0,0,0,0,0,0,0,0,0,0,0,0,0,0,0,0,0,0,0,0,0,0,0,0,0,0,0,0,0,0,0,0,0,0,0,0,0,0,0,0,0,0,0,0,3,0,0,0,0,0,0,0,0,0,0,0,0,0,0,0
0,0,0,0,0,0,0,0,0,0,0,0,0,0,0,0,0,0,0,0,0,0,0,0,0,0,0,0,0,0,0,0,0,0,0,0,0,0,0,0,0,0,0,0,0,0,0,0,0,0,0,0,0,0,0,0,0,0,0,0,0,0,0,0
0,0,0,0,0,0,0,0,0,0,0,0,0,0,0,0,0,0,7,11,3,9,6,6,0,0,10,13,10,10,6,7,0,0,7,11,10,5,6,6,0,0,6,10,11,6,13,12,0,0,5,13,12,12,11,7,0,5,7,3,5,9,6,3
0,0,0,0,0,0,0,0,0,0,0,0,0,0,0,0,0,7,11,3,9,6,6,0,0,10,13,10,10,6,7,3,0,7,11,10,5,6,6,0,0,6,10,11,6,13,12,0,0,5,13,12,12,11,7,0,5,7,3,5,9,6,3,0
0,0,0,0,0,0,0,0,0,0,0,0,0,0,0,0,7,11,3,9,6,6,0,0,10,13,10,10,6,7,3,0,7,11,10,5,6,6,0,0,6,10,11,6,13,12,0,0,5,13,12,12,11,7,0,0,7,3,5,9,6,3,0,0
0,0,0,0,0,0,0,0,0,0,7,11,3,9,6,6,0,0,10,13,10,10,6,7,0,0,7,11,10,5,6,6,0,0,6,10,11,6,13,12,0,0,5,13,12,12,11,7,0,5,7,3,5,9,6,3,0,0,7,0,5,0,0,0
0,0,0,0,0,0,0,0,0,7,11,3,9,6,6,0,0,10,13,10,10,6,7,3,0,7,11,10,5,6,6,0,0,6,10,11,6,13,12,0,0,5,13,12,12,11,7,0,5,7,3,5,9,6,3,0,0,7,0,5,0,0,0,0
0,0,0,0,0,0,0,0,7,11,3,9,6,6,0,0,10,13,10,10,6,7,3,0,7,11,10,5,6,6,0,0,6,10,11,6,13,12,0,0,5,13,12,12,11,7,0,0,7,3,5,9,6,3,0,0,7,0,5,0,0,0,0,0
0,0,7,11,3,9,6,6,0,0,10,13,10,10,6,7,0,0,7,11,10,5,6,6,0,0,6,10,11,6,13,12,0,0,5,13,12,12,11,7,0,5,7,3,5,9,6,3,0,0,7,0,5,0,0,0,0,0,0,0,0,0,0,0
0,7,11,3,9,6,6,0,0,10,13,10,10,6,7,3,0,7,11,10,5,6,6,0,0,6,10,11,6,13,12,0,0,5,13,12,12,11,7,0,5,7,3,5,9,6,3,0,0,7,0,5,0,0,0,0,0,0,0,0,0,0,0,0
7,11,3,9,6,6,0,0,10,13,10,10,6,7,3,0,7,11,10,5,6,6,0,0,6,10,11,6,13,12,0,0,5,13,12,12,11,7,0,0,7,3,5,9,6,3,0,0,7,0,5,0,0,0,0,0,0,0,0,0,0,0,0,0
0,0,0,0,0,0,0,0,0,0,0,0,0,0,0,0,0,0,0,0,0,0,0,0,0,0,0,0,0,0,0,0,0,0,0,0,0,0,0,0,0,0,0,0,0,0,0,0,0,0,0,0,0,0,0,0,0,0,0,0,0,0,0,0
0,0,0,0,0,0,0,0,0,0,0,0,0,0,0,0,0,0,0,0,0,0,0,0,0,0,0,0,0,0,0,0,0,0,0,0,0,0,0,0,0,0,0,0,0,0,0,0,0,0,0,0,0,0,0,0,0,0,0,0,0,0,0,0
0,0,0,0,0,0,0,0,0,0,0,0,0,0,0,0,0,0,0,0,0,0,0,0,0,0,0,0,0,0,0,0,0,0,0,0,0,0,0,0,0,0,0,0,0,0,0,0,0,0,0,0,0,0,0,0,0,0,0,0,0,0,0,0
0,0,0,0,0,0,0,0,0,0,0,0,0,0,0,0,0,0,0,0,0,0,0,0,0,0,0,0,0,0,0,0,0,0,0,0,0,0,0,0,0,0,0,0,0,0,0,0,0,0,0,0,0,0,0,0,0,0,0,0,0,0,0,0
0,0,0,0,0,0,0,0,0,0,0,0,0,0,0,0,0,0,0,0,0,0,0,0,0,0,0,0,0,0,0,0,0,0,0,0,0,0,0,0,0,0,0,0,0,0,0,0,0,0,0,0,0,0,0,0,0,0,0,0,0,0,0,0
0,0,0,0,0,0,0,0,0,0,0,0,0,0,0,0,0,0,0,0,0,0,0,0,0,0,0,0,0,0,0,0,0,0,0,0,0,0,0,0,0,0,0,0,0,0,0,0,0,0,0,0,0,0,0,0,0,0,0,0,0,0,0,0
0,0,0,0,0,0,0,0,0,0,0,0,0,0,0,0,0,0,0,0,0,0,0,0,0,0,0,0,0,0,0,0,0,0,0,0,0,0,0,0,0,0,0,0,0,0,0,0,0,0,0,0,0,0,0,0,0,0,0,0,0,0,0,0
0,0,0,0,0,0,0,0,0,0,0,0,0,0,0,0,0,0,0,0,0,0,0,0,0,0,0,0,0,0,0,0,0,0,0,0,0,0,0,0,0,0,0,0,0,0,0,0,0,0,0,0,0,0,0,0,0,0,0,0,0,0,0,0
0,0,0,0,0,0,0,0,0,0,0,0,0,0,0,0,0,0,0,0,0,0,0,0,0,0,0,0,0,0,0,0,0,0,0,0,0,0,0,0,0,0,0,0,0,0,0,0,0,0,0,0,0,0,0,0,0,0,0,0,0,0,0,0
0,0,0,0,0,0,0,0,0,0,0,0,0,0,0,0,0,0,0,0,3,3,0,1,0,0,3,0,0,3,0,3,0,0,3,0,0,0,0,1,0,0,0,0,0,0,0,0,0,0,0,0,0,0,0,0,0,0,0,0,0,0,0,0
0,0,0,0,0,0,0,0,0,0,0,0,0,0,0,0,0,0,0,3,3,0,1,0,0,3,0,0,3,0,3,0,0,3,0,0,0,0,1,0,0,0,0,0,0,0,0,0,0,0,0,0,0,0,0,0,0,0,0,0,0,0,0,0
0,0,0,0,0,0,0,0,0,0,0,0,0,0,0,0,0,0,3,3,0,1,0,0,3,0,0,3,0,3,0,0,3,0,0,0,0,1,0,0,0,0,0,0,0,0,0,0,0,0,0,0,0,0,0,0,0,0,0,0,0,0,0,0
0,0,0,0,0,0,0,0,0,0,0,0,3,3,0,1,0,0,3,0,0,3,0,3,0,0,3,0,0,0,0,1,0,0,0,0,0,0,0,0,0,0,0,0,0,0,0,0,0,0,0,0,0,0,0,0,0,0,9,13,10,6,9,10
0,0,0,0,0,0,0,0,0,0,0,3,3,0,1,0,0,3,0,0,3,0,3,0,0,3,0,0,0,0,1,0,0,0,0,0,0,0,0,0,0,0,0,0,0,0,0,0,0,0,0,0,0,0,0,0,0,9,13,10,6,9,10,1
0,0,0,0,0,0,0,0,0,0,3,3,0,1,0,0,3,0,0,3,0,3,0,0,3,0,0,0,0,1,0,0,0,0,0,0,0,0,0,0,0,0,0,0,0,0,0,0,0,0,0,0,0,0,0,0,9,13,10,6,9,10,1,0
0,0,0,0,3,3,0,1,0,0,3,0,0,3,0,3,0,0,3,0,0,0,0,1,0,0,0,0,0,0,0,0,0,0,0,0,0,0,0,0,0,0,0,0,0,0,0,0,0,0,9,13,10,6,9,10,0,0,0,0,0,0,0,0
0,0,0,3,3,0,1,0,0,3,0,0,3,0,3,0,0,3,0,0,0,0,1,0,0,0,0,0,0,0,0,0,0,0,0,0,0,0,0,0,0,0,0,0,0,0,0,0,0,9,13,10,6,9,10,1,0,0,0,0,0,0,0,0
0,0,3,3,0,1,0,0,3,0,0,3,0,3,0,0,3,0,0,0,0,1,0,0,0,0,0,0,0,0,0,0,0,0,0,0,0,0,0,0,0,0,0,0,0,0,0,0,9,13,10,6,9,10,1,0,0,0,0,0,0,0,0,0
0,0,0,0,0,0,0,0,0,36,23,22,23,20,15,25,0,57,43,25,31,27,20,33,0,57,30,30,30,31,24,31,0,56,41,38,31,34,28,25,0,62,36,30,28,34,28,22,0,60,41,28,24,26,23,20,0,57,53,28,23,27,30,36
0,0,0,0,0,0,0,0,36,23,22,23,20,15,25,6,57,43,25,31,27,20,33,12,57,30,30,30,31,24,31,12,56,41,38,31,34,28,25,7,62,36,30,28,34,28,22,10,60,41,28,24,26,23,20,9,57,53,28,23,27,30,36,19
0,0,0,0,0,0,0,0,23,22,23,20,15,25,6,0,43,25,31,27,20,33,12,0,30,30,30,31,24,31,12,0,41,38,31,34,28,25,7,0,36,30,28,34,28,22,10,0,41,28,24,26,23,20,9,0,53,28,23,27,30,36,19,0
0,36,23,22,23,20,15,25,0,57,43,25,31,27,20,33,0,57,30,30,30,31,24,31,0,56,41,38,31,34,28,25,0,62,36,30,28,34,28,22,0,60,41,28,24,26,23,20,0,57,53,28,23,27,30,36,0,55,50,43,40,43,46,46
36,23,22,23,20,15,25,6,57,43,25,31,27,20,33,12,57,30,30,30,31,24,31,12,56,41,38,31,34,28,25,7,62,36,30,28,34,28,22,10,60,41,28,24,26,23,20,9,57,53,28,23,27,30,36,19,55,50,43,40,43,46,46,34
23,22,23,20,15,25,6,0,43,25,31,27,20,33,12,0,30,30,30,31,24,31,12,0,41,38,31,34,28,25,7,0,36,30,28,34,28,22,10,0,41,28,24,26,23,20,9,0,53,28,23,27,30,36,19,0,50,43,40,43,46,46,34,0
0,57,43,25,31,27,20,33,0,57,30,30,30,31,24,31,0,56,41,38,31,34,28,25,0,62,36,30,28,34,28,22,0,60,41,28,24,26,23,20,0,57,53,28,23,27,30,36,0,55,50,43,40,43,46,46,0,0,0,0,0,0,0,0
57,43,25,31,27,20,33,12,57,30,30,30,31,24,31,12,56,41,38,31,34,28,25,7,62,36,30,28,34,28,22,10,60,41,28,24,26,23,20,9,57,53,28,23,27,30,36,19,55,50,43,40,43,46,46,34,0,0,0,0,0,0,0,0
43,25,31,27,20,33,12,0,30,30,30,31,24,31,12,0,41,38,31,34,28,25,7,0,36,30,28,34,28,22,10,0,41,28,24,26,23,20,9,0,53,28,23,27,30,36,19,0,50,43,40,43,46,46,34,0,0,0,0,0,0,0,0,0
0,0,0,0,0,0,0,0,0,13,24,19,17,17,19,21,0,6,11,9,7,7,11,15,0,6,1,15,15,9,15,10,0,11,12,9,12,10,7,7,0,12,13,11,7,9,10,11,0,11,28,14,7,13,10,6,0,0,23,15,15,15,15,12
0,0,0,0,0,0,0,0,13,24,19,17,17,19,21,0,6,11,9,7,7,11,15,0,6,1,15,15,9,15,10,0,11,12,9,12,10,7,7,0,12,13,11,7,9,10,11,0,11,28,14,7,13,10,6,0,0,23,15,15,15,15,12,3
0,0,0,0,0,0,0,0,24,19,17,17,19,21,0,0,11,9,7,7,11,15,0,0,1,15,15,9,15,10,0,0,12,9,12,10,7,7,0,0,13,11,7,9,10,11,0,0,28,14,7,13,10,6,0,0,23,15,15,15,15,12,3,0
0,13,24,19,17,17,19,21,0,6,11,9,7,7,11,15,0,6,1,15,15,9,15,10,0,11,12,9,12,10,7,7,0,12,13,11,7,9,10,11,0,11,28,14,7,13,10,6,0,0,23,15,15,15,15,12,0,0,0,0,1,0,0,0
13,24,19,17,17,19,21,0,6,11,9,7,7,11,15,0,6,1,15,15,9,15,10,0,11,12,9,12,10,7,7,0,12,13,11,7,9,10,11,0,11,28,14,7,13,10,6,0,0,23,15,15,15,15,12,3,0,0,0,1,0,0,0,0
24,19,17,17,19,21,0,0,11,9,7,7,11,15,0,0,1,15,15,9,15,10,0,0,12,9,12,10,7,7,0,0,13,11,7,9,10,11,0,0,28,14,7,13,10,6,0,0,23,15,15,15,15,12,3,0,0,0,1,0,0,0,0,0
0,6,11,9,7,7,11,15,0,6,1,15,15,9,15,10,0,11,12,9,12,10,7,7,0,12,13,11,7,9,10,11,0,11,28,14,7,13,10,6,0,0,23,15,15,15,15,12,0,0,0,0,1,0,0,0,0,0,0,0,0,0,0,0
6,11,9,7,7,11,15,0,6,1,15,15,9,15,10,0,11,12,9,12,10,7,7,0,12,13,11,7,9,10,11,0,11,28,14,7,13,10,6,0,0,23,15,15,15,15,12,3,0,0,0,1,0,0,0,0,0,0,0,0,0,0,0,0
11,9,7,7,11,15,0,0,1,15,15,9,15,10,0,0,12,9,12,10,7,7,0,0,13,11,7,9,10,11,0,0,28,14,7,13,10,6,0,0,23,15,15,15,15,12,3,0,0,0,1,0,0,0,0,0,0,0,0,0,0,0,0,0
0,0,0,0,0,0,0,0,0,15,7,3,7,7,6,5,0,25,9,5,0,3,0,3,0,19,6,10,9,1,0,10,0,21,7,0,0,7,0,11,0,31,0,0,0,0,3,7,0,40,7,0,0,0,10,0,0,28,5,0,0,0,7,3
0,0,0,0,0,0,0,0,15,7,3,7,7,6,5,6,25,9,5,0,3,0,3,6,19,6,10,9,1,0,10,0,21,7,0,0,7,0,11,0,31,0,0,0,0,3,7,0,40,7,0,0,0,10,0,0,28,5,0,0,0,7,3,0
0,0,0,0,0,0,0,0,7,3,7,7,6,5,6,0,9,5,0,3,0,3,6,0,6,10,9,1,0,10,0,0,7,0,0,7,0,11,0,0,0,0,0,0,3,7,0,0,7,0,0,0,10,0,0,0,5,0,0,0,7,3,0,0
0,15,7,3,7,7,6,5,0,25,9,5,0,3,0,3,0,19,6,10,9,1,0,10,0,21,7,0,0,7,0,11,0,31,0,0,0,0,3,7,0,40,7,0,0,0,10,0,0,28,5,0,0,0,7,3,0,15,11,0,0,0,0,1
15,7,3,7,7,6,5,6,25,9,5,0,3,0,3,6,19,6,10,9,1,0,10,0,21,7,0,0,7,0,11,0,31,0,0,0,0,3,7,0,40,7,0,0,0,10,0,0,28,5,0,0,0,7,3,0,15,11,0,0,0,0,1,0
7,3,7,7,6,5,6,0,9,5,0,3,0,3,6,0,6,10,9,1,0,10,0,0,7,0,0,7,0,11,0,0,0,0,0,0,3,7,0,0,7,0,0,0,10,0,0,0,5,0,0,0,7,3,0,0,11,0,0,0,0,1,0,0
0,25,9,5,0,3,0,3,0,19,6,10,9,1,0,10,0,21,7,0,0,7,0,11,0,31,0,0,0,0,3,7,0,40,7,0,0,0,10,0,0,28,5,0,0,0,7,3,0,15,11,0,0,0,0,1,0,0,0,0,0,0,0,0
25,9,5,0,3,0,3,6,19,6,10,9,1,0,10,0,21,7,0,0,7,0,11,0,31,0,0,0,0,3,7,0,40,7,0,0,0,10,0,0,28,5,0,0,0,7,3,0,15,11,0,0,0,0,1,0,0,0,0,0,0,0,0,0
9,5,0,3,0,3,6,0,6,10,9,1,0,10,0,0,7,0,0,7,0,11,0,0,0,0,0,0,3,7,0,0,7,0,0,0,10,0,0,0,5,0,0,0,7,3,0,0,11,0,0,0,0,1,0,0,0,0,0,0,0,0,0,0
0,0,0,0,0,0,0,0,0,0,0,0,0,0,0,0,0,0,0,0,0,0,0,0,0,0,0,0,0,0,0,0,0,0,0,0,0,0,0,0,0,0,0,0,0,0,0,0,0,0,0,0,0,0,0,0,0,0,0,0,0,0,0,0
0,0,0,0,0,0,0,0,0,0,0,0,0,0,0,0,0,0,0,0,0,0,0,0,0,0,0,0,0,0,0,0,0,0,0,0,0,0,0,0,0,0,0,0,0,0,0,0,0,0,0,0,0,0,0,0,0,0,0,0,0,0,0,0
0,0,0,0,0,0,0,0,0,0,0,0,0,0,0,0,0,0,0,0,0,0,0,0,0,0,0,0,0,0,0,0,0,0,0,0,0,0,0,0,0,0,0,0,0,0,0,0,0,0,0,0,0,0,0,0,0,0,0,0,0,0,0,0
0,0,0,0,0,0,0,0,0,0,0,0,0,0,0,0,0,0,0,0,0,0,0,0,0,0,0,0,0,0,0,0,0,0,0,0,0,0,0,0,0,0,0,0,0,0,0,0,0,0,0,0,0,0,0,0,0,0,0,0,0,0,0,0
0,0,0,0,0,0,0,0,0,0,0,0,0,0,0,0,0,0,0,0,0,0,0,0,0,0,0,0,0,0,0,0,0,0,0,0,0,0,0,0,0,0,0,0,0,0,0,0,0,0,0,0,0,0,0,0,0,0,0,0,0,0,0,0
0,0,0,0,0,0,0,0,0,0,0,0,0,0,0,0,0,0,0,0,0,0,0,0,0,0,0,0,0,0,0,0,0,0,0,0,0,0,0,0,0,0,0,0,0,0,0,0,0,0,0,0,0,0,0,0,0,0,0,0,0,0,0,0
0,0,0,0,0,0,0,0,0,0,0,0,0,0,0,0,0,0,0,0,0,0,0,0,0,0,0,0,0,0,0,0,0,0,0,0,0,0,0,0,0,0,0,0,0,0,0,0,0,0,0,0,0,0,0,0,0,0,0,0,0,0,0,0
0,0,0,0,0,0,0,0,0,0,0,0,0,0,0,0,0,0,0,0,0,0,0,0,0,0,0,0,0,0,0,0,0,0,0,0,0,0,0,0,0,0,0,0,0,0,0,0,0,0,0,0,0,0,0,0,0,0,0,0,0,0,0,0
0,0,0,0,0,0,0,0,0,0,0,0,0,0,0,0,0,0,0,0,0,0,0,0,0,0,0,0,0,0,0,0,0,0,0,0,0,0,0,0,0,0,0,0,0,0,0,0,0,0,0,0,0,0,0,0,0,0,0,0,0,0,0,0
0,0,0,0,0,0,0,0,0,22,27,27,35,28,31,28,0,12,28,35,31,27,28,25,0,7,31,31,37,33,33,24,0,15,41,19,47,31,28,23,0,9,36,30,35,36,26,26,0,12,22,26,20,25,23,24,0,13,15,24,20,26,28,31
0,0,0,0,0,0,0,0,22,27,27,35,28,31,28,23,12,28,35,31,27,28,25,25,7,31,31,37,33,33,24,27,15,41,19,47,31,28,23,22,9,36,30,35,36,26,26,25,12,22,26,20,25,23,24,27,13,15,24,20,26,28,31,28
0,0,0,0,0,0,0,0,27,27,35,28,31,28,23,0,28,35,31,27,28,25,25,0,31,31,37,33,33,24,27,0,41,19,47,31,28,23,22,0,36,30,35,36,26,26,25,0,22,26,20,25,23,24,27,0,15,24,20,26,28,31,28,0
0,22,27,27,35,28,31,28,0,12,28,35,31,27,28,25,0,7,31,31,37,33,33,24,0,15,41,19,47,31,28,23,0,9,36,30,35,36,26,26,0,12,22,26,20,25,23,24,0,13,15,24,20,26,28,31,0,26,30,24,28,31,33,38
22,27,27,35,28,31,28,23,12,28,35,31,27,28,25,25,7,31,31,37,33,33,24,27,15,41,19,47,31,28,23,22,9,36,30,35,36,26,26,25,12,22,26,20,25,23,24,27,13,15,24,20,26,28,31,28,26,30,24,28,31,33,38,28
27,27,35,28,31,28,23,0,28,35,31,27,28,25,25,0,31,31,37,33,33,24,27,0,41,19,47,31,28,23,22,0,36,30,35,36,26,26,25,0,22,26,20,25,23,24,27,0,15,24,20,26,28,31,28,0,30,24,28,31,33,38,28,0
0,12,28,35,31,27,28,25,0,7,31,31,37,33,33,24,0,15,41,19,47,31,28,23,0,9,36,30,35,36,26,26,0,12,22,26,20,25,23,24,0,13,15,24,20,26,28,31,0,26,30,24,28,31,33,38,0,0,0,0,0,0,0,0
12,28,35,31,27,28,25,25,7,31,31,37,33,33,24,27,15,41,19,47,31,28,23,22,9,36,30,35,36,26,26,25,12,22,26,20,25,23,24,27,13,15,24,20,26,28,31,28,26,30,24,28,31,33,38,28,0,0,0,0,0,0,0,0
28,35,31,27,28,25,25,0,31,31,37,33,33,24,27,0,41,19,47,31,28,23,22,0,36,30,35,36,26,26,25,0,22,26,20,25,23,24,27,0,15,24,20,26,28,31,28,0,30,24,28,31,33,38,28,0,0,0,0,0,0,0,0,0
0,0,0,0,0,0,0,0,0,0,0,0,0,0,0,0,0,0,0,0,0,0,0,0,0,0,0,0,0,0,0,0,0,0,0,3,0,0,0,0,0,3,0,10,0,0,0,0,0,0,0,7,1,7,5,3,0,0,0,0,0,1,3,6
0,0,0,0,0,0,0,0,0,0,0,0,0,0,0,0,0,0,0,0,0,0,0,0,0,0,0,0,0,0,0,0,0,0,3,0,0,0,0,0,3,0,10,0,0,0,0,0,0,0,7,1,7,5,3,5,0,0,0,0,1,3,6,7
0,0,0,0,0,0,0,0,0,0,0,0,0,0,0,0,0,0,0,0,0,0,0,0,0,0,0,0,0,0,0,0,0,3,0,0,0,0,0,0,0,10,0,0,0,0,0,0,0,7,1,7,5,3,5,0,0,0,0,1,3,6,7,0
0,0,0,0,0,0,0,0,0,0,0,0,0,0,0,0,0,0,0,0,0,0,0,0,0,0,0,3,0,0,0,0,0,3,0,10,0,0,0,0,0,0,0,7,1,7,5,3,0,0,0,0,0,1,3,6,0,18,9,7,12,1,0,5
0,0,0,0,0,0,0,0,0,0,0,0,0,0,0,0,0,0,0,0,0,0,0,0,0,0,3,0,0,0,0,0,3,0,10,0,0,0,0,0,0,0,7,1,7,5,3,5,0,0,0,0,1,3,6,7,18,9,7,12,1,0,5,7
0,0,0,0,0,0,0,0,0,0,0,0,0,0,0,0,0,0,0,0,0,0,0,0,0,3,0,0,0,0,0,0,0,10,0,0,0,0,0,0,0,7,1,7,5,3,5,0,0,0,0,1,3,6,7,0,9,7,12,1,0,5,7,0
0,0,0,0,0,0,0,0,0,0,0,0,0,0,0,0,0,0,0,3,0,0,0,0,0,3,0,10,0,0,0,0,0,0,0,7,1,7,5,3,0,0,0,0,0,1,3,6,0,18,9,7,12,1,0,5,0,0,0,0,0,0,0,0
0,0,0,0,0,0,0,0,0,0,0,0,0,0,0,0,0,0,3,0,0,0,0,0,3,0,10,0,0,0,0,0,0,0,7,1,7,5,3,5,0,0,0,0,1,3,6,7,18,9,7,12,1,0,5,7,0,0,0,0,0,0,0,0
0,0,0,0,0,0,0,0,0,0,0,0,0,0,0,0,0,3,0,0,0,0,0,0,0,10,0,0,0,0,0,0,0,7,1,7,5,3,5,0,0,0,0,1,3,6,7,0,9,7,12,1,0,5,7,0,0,0,0,0,0,0,0,0
0,0,0,0,0,0,0,0,0,13,21,18,17,25,17,22,0,23,40,42,37,38,36,36,0,14,28,41,35,31,36,28,0,28,27,34,36,33,31,34,0,28,28,41,45,41,37,38,0,22,44,30,42,33,28,23,0,15,50,34,35,27,22,19
0,0,0,0,0,0,0,0,13,21,18,17,25,17,22,26,23,40,42,37,38,36,36,35,14,28,41,35,31,36,28,24,28,27,34,36,33,31,34,28,28,28,41,45,41,37,38,18,22,44,30,42,33,28,23,20,15,50,34,35,27,22,19,15
0,0,0,0,0,0,0,0,21,18,17,25,17,22,26,0,40,42,37,38,36,36,35,0,28,41,35,31,36,28,24,0,27,34,36,33,31,34,28,0,28,41,45,41,37,38,18,0,44,30,42,33,28,23,20,0,50,34,35,27,22,19,15,0
0,13,21,18,17,25,17,22,0,23,40,42,37,38,36,36,0,14,28,41,35,31,36,28,0,28,27,34,36,33,31,34,0,28,28,41,45,41,37,38,0,22,44,30,42,33,28,23,0,15,50,34,35,27,22,19,0,25,42,41,28,26,24,24
13,21,18,17,25,17,22,26,23,40,42,37,38,36,36,35,14,28,41,35,31,36,28,24,28,27,34,36,33,31,34,28,28,28,41,45,41,37,38,18,22,44,30,42,33,28,23,20,15,50,34,35,27,22,19,15,25,42,41,28,26,24,24,14
21,18,17,25,17,22,26,0,40,42,37,38,36,36,35,0,28,41,35,31,36,28,24,0,27,34,36,33,31,34,28,0,28,41,45,41,37,38,18,0,44,30,42,33,28,23,20,0,50,34,35,27,22,19,15,0,42,41,28,26,24,24,14,0
0,23,40,42,37,38,36,36,0,14,28,41,35,31,36,28,0,28,27,34,36,33,31,34,0,28,28,41,45,41,37,38,0,22,44,30,42,33,28,23,0,15,50,34,35,27,22,19,0,25,42,41,28,26,24,24,0,0,0,0,0,0,0,0
23,40,42,37,38,36,36,35,14,28,41,35,31,36,28,24,28,27,34,36,33,31,34,28,28,28,41,45,41,37,38,18,22,44,30,42,33,28,23,20,15,50,34,35,27,22,19,15,25,42,41,28,26,24,24,14,0,0,0,0,0,0,0,0
40,42,37,38,36,36,35,0,28,41,35,31,36,28,24,0,27,34,36,33,31,34,28,0,28,41,45,41,37,38,18,0,44,30,42,33,28,23,20,0,50,34,35,27,22,19,15,0,42,41,28,26,24,24,14,0,0,0,0,0,0,0,0,0
0,0,0,0,0,0,0,0,0,0,0,0,0,0,0,0,0,0,0,3,0,0,0,0,0,0,0,1,0,3,0,0,0,0,0,0,0,0,0,0,0,0,0,3,0,0,0,0,0,0,0,3,0,0,0,0,0,0,0,0,0,0,0,0
0,0,0,0,0,0,0,0,0,0,0,0,0,0,0,0,0,0,3,0,0,0,0,0,0,0,1,0,3,0,0,0,0,0,0,0,0,0,0,0,0,0,3,0,0,0,0,0,0,0,3,0,0,0,0,0,0,0,0,0,0,0,0,0
0,0,0,0,0,0,0,0,0,0,0,0,0,0,0,0,0,3,0,0,0,0,0,0,0,1,0,3,0,0,0,0,0,0,0,0,0,0,0,0,0,3,0,0,0,0,0,0,0,3,0,0,0,0,0,0,0,0,0,0,0,0,0,0
0,0,0,0,0,0,0,0,0,0,0,3,0,0,0,0,0,0,0,1,0,3,0,0,0,0,0,0,0,0,0,0,0,0,0,3,0,0,0,0,0,0,0,3,0,0,0,0,0,0,0,0,0,0,0,0,0,0,0,0,0,0,0,0
0,0,0,0,0,0,0,0,0,0,3,0,0,0,0,0,0,0,1,0,3,0,0,0,0,0,0,0,0,0,0,0,0,0,3,0,0,0,0,0,0,0,3,0,0,0,0,0,0,0,0,0,0,0,0,0,0,0,0,0,0,0,0,0
0,0,0,0,0,0,0,0,0,3,0,0,0,0,0,0,0,1,0,3,0,0,0,0,0,0,0,0,0,0,0,0,0,3,0,0,0,0,0,0,0,3,0,0,0,0,0,0,0,0,0,0,0,0,0,0,0,0,0,0,0,0,0,0
0,0,0,3,0,0,0,0,0,0,0,1,0,3,0,0,0,0,0,0,0,0,0,0,0,0,0,3,0,0,0,0,0,0,0,3,0,0,0,0,0,0,0,0,0,0,0,0,0,0,0,0,0,0,0,0,0,0,0,0,0,0,0,0
0,0,3,0,0,0,0,0,0,0,1,0,3,0,0,0,0,0,0,0,0,0,0,0,0,0,3,0,0,0,0,0,0,0,3,0,0,0,0,0,0,0,0,0,0,0,0,0,0,0,0,0,0,0,0,0,0,0,0,0,0,0,0,0
0,3,0,0,0,0,0,0,0,1,0,3,0,0,0,0,0,0,0,0,0,0,0,0,0,3,0,0,0,0,0,0,0,3,0,0,0,0,0,0,0,0,0,0,0,0,0,0,0,0,0,0,0,0,0,0,0,0,0,0,0,0,0,0
0,0,0,0,0,0,0,0,0,1,0,0,0,0,0,0,0,3,0,0,0,0,0,0,0,0,0,0,0,0,0,3,0,0,0,0,0,0,0,6,0,0,0,0,0,0,0,0,0,0,0,0,0,0,0,0,0,0,0,9,0,3,0,1
0,0,0,0,0,0,0,0,1,0,0,0,0,0,0,0,3,0,0,0,0,0,0,0,0,0,0,0,0,0,3,0,0,0,0,0,0,0,6,0,0,0,0,0,0,0,0,0,0,0,0,0,0,0,0,0,0,0,9,0,3,0,1,0
0,0,0,0,0,0,0,0,0,0,0,0,0,0,0,0,0,0,0,0,0,0,0,0,0,0,0,0,0,3,0,0,0,0,0,0,0,6,0,0,0,0,0,0,0,0,0,0,0,0,0,0,0,0,0,0,0,9,0,3,0,1,0,0
0,1,0,0,0,0,0,0,0,3,0,0,0,0,0,0,0,0,0,0,0,0,0,3,0,0,0,0,0,0,0,6,0,0,0,0,0,0,0,0,0,0,0,0,0,0,0,0,0,0,0,9,0,3,0,1,0,0,17,13,17,15,14,14
1,0,0,0,0,0,0,0,3,0,0,0,0,0,0,0,0,0,0,0,0,0,3,0,0,0,0,0,0,0,6,0,0,0,0,0,0,0,0,0,0,0,0,0,0,0,0,0,0,0,9,0,3,0,1,0,0,17,13,17,15,14,14,18
0,0,0,0,0,0,0,0,0,0,0,0,0,0,0,0,0,0,0,0,0,3,0,0,0,0,0,0,0,6,0,0,0,0,0,0,0,0,0,0,0,0,0,0,0,0,0,0,0,9,0,3,0,1,0,0,17,13,17,15,14,14,18,0
0,3,0,0,0,0,0,0,0,0,0,0,0,0,0,3,0,0,0,0,0,0,0,6,0,0,0,0,0,0,0,0,0,0,0,0,0,0,0,0,0,0,0,9,0,3,0,1,0,0,17,13,17,15,14,14,0,0,0,0,0,0,0,0
3,0,0,0,0,0,0,0,0,0,0,0,0,0,3,0,0,0,0,0,0,0,6,0,0,0,0,0,0,0,0,0,0,0,0,0,0,0,0,0,0,0,9,0,3,0,1,0,0,17,13,17,15,14,14,18,0,0,0,0,0,0,0,0
0,0,0,0,0,0,0,0,0,0,0,0,0,3,0,0,0,0,0,0,0,6,0,0,0,0,0,0,0,0,0,0,0,0,0,0,0,0,0,0,0,9,0,3,0,1,0,0,17,13,17,15,14,14,18,0,0,0,0,0,0,0,0,0
0,0,0,0,0,0,0,0,0,0,0,0,0,0,0,0,0,0,0,0,0,0,0,0,0,0,0,0,0,0,0,0,0,0,0,0,0,0,0,0,0,0,0,0,0,0,0,0,0,0,0,0,0,0,0,0,0,0,0,0,0,0,0,0
0,0,0,0,0,0,0,0,0,0,0,0,0,0,0,0,0,0,0,0,0,0,0,0,0,0,0,0,0,0,0,0,0,0,0,0,0,0,0,0,0,0,0,0,0,0,0,0,0,0,0,0,0,0,0,0,0,0,0,0,0,0,0,0
0,0,0,0,0,0,0,0,0,0,0,0,0,0,0,0,0,0,0,0,0,0,0,0,0,0,0,0,0,0,0,0,0,0,0,0,0,0,0,0,0,0,0,0,0,0,0,0,0,0,0,0,0,0,0,0,0,0,0,0,0,0,0,0
0,0,0,0,0,0,0,0,0,0,0,0,0,0,0,0,0,0,0,0,0,0,0,0,0,0,0,0,0,0,0,0,0,0,0,0,0,0,0,0,0,0,0,0,0,0,0,0,0,0,0,0,0,0,0,0,0,0,0,0,0,0,0,0
0,0,0,0,0,0,0,0,0,0,0,0,0,0,0,0,0,0,0,0,0,0,0,0,0,0,0,0,0,0,0,0,0,0,0,0,0,0,0,0,0,0,0,0,0,0,0,0,0,0,0,0,0,0,0,0,0,0,0,0,0,0,0,0
0,0,0,0,0,0,0,0,0,0,0,0,0,0,0,0,0,0,0,0,0,0,0,0,0,0,0,0,0,0,0,0,0,0,0,0,0,0,0,0,0,0,0,0,0,0,0,0,0,0,0,0,0,0,0,0,0,0,0,0,0,0,0,0
0,0,0,0,0,0,0,0,0,0,0,0,0,0,0,0,0,0,0,0,0,0,0,0,0,0,0,0,0,0,0,0,0,0,0,0,0,0,0,0,0,0,0,0,0,0,0,0,0,0,0,0,0,0,0,0,0,0,0,0,0,0,0,0
0,0,0,0,0,0,0,0,0,0,0,0,0,0,0,0,0,0,0,0,0,0,0,0,0,0,0,0,0,0,0,0,0,0,0,0,0,0,0,0,0,0,0,0,0,0,0,0,0,0,0,0,0,0,0,0,0,0,0,0,0,0,0,0
0,0,0,0,0,0,0,0,0,0,0,0,0,0,0,0,0,0,0,0,0,0,0,0,0,0,0,0,0,0,0,0,0,0,0,0,0,0,0,0,0,0,0,0,0,0,0,0,0,0,0,0,0,0,0,0,0,0,0,0,0,0,0,0
0,0,0,0,0,0,0,0,0,27,38,37,38,28,33,26,0,19,19,12,15,10,12,3,0,17,28,9,14,12,17,5,0,9,31,15,20,13,13,11,0,22,22,27,15,18,5,7,0,17,35,17,15,12,14,3,0,13,14,23,9,17,12,11
0,0,0,0,0,0,0,0,27,38,37,38,28,33,26,28,19,19,12,15,10,12,3,13,17,28,9,14,12,17,5,9,9,31,15,20,13,13,11,10,22,22,27,15,18,5,7,11,17,35,17,15,12,14,3,10,13,14,23,9,17,12,11,7
0,0,0,0,0,0,0,0,38,37,38,28,33,26,28,0,19,12,15,10,12,3,13,0,28,9,14,12,17,5,9,0,31,15,20,13,13,11,10,0,22,27,15,18,5,7,11,0,35,17,15,12,14,3,10,0,14,23,9,17,12,11,7,0
0,27,38,37,38,28,33,26,0,19,19,12,15,10,12,3,0,17,28,9,14,12,17,5,0,9,31,15,20,13,13,11,0,22,22,27,15,18,5,7,0,17,35,17,15,12,14,3,0,13,14,23,9,17,12,11,0,18,13,24,20,20,15,15
27,38,37,38,28,33,26,28,19,19,12,15,10,12,3,13,17,28,9,14,12,17,5,9,9,31,15,20,13,13,11,10,22,22,27,15,18,5,7,11,17,35,17,15,12,14,3,10,13,14,23,9,17,12,11,7,18,13,24,20,20,15,15,20
38,37,38,28,33,26,28,0,19,12,15,10,12,3,13,0,28,9,14,12,17,5,9,0,31,15,20,13,13,11,10,0,22,27,15,18,5,7,11,0,35,17,15,12,14,3,10,0,14,23,9,17,12,11,7,0,13,24,20,20,15,15,20,0
0,19,19,12,15,10,12,3,0,17,28,9,14,12,17,5,0,9,31,15,20,13,13,11,0,22,22,27,15,18,5,7,0,17,35,17,15,12,14,3,0,13,14,23,9,17,12,11,0,18,13,24,20,20,15,15,0,0,0,0,0,0,0,0
19,19,12,15,10,12,3,13,17,28,9,14,12,17,5,9,9,31,15,20,13,13,11,10,22,22,27,15,18,5,7,11,17,35,17,15,12,14,3,10,13,14,23,9,17,12,11,7,18,13,24,20,20,15,15,20,0,0,0,0,0,0,0,0
19,12,15,10,12,3,13,0,28,9,14,12,17,5,9,0,31,15,20,13,13,11,10,0,22,27,15,18,5,7,11,0,35,17,15,12,14,3,10,0,14,23,9,17,12,11,7,0,13,24,20,20,15,15,20,0,0,0,0,0,0,0,0,0
0,0,0,0,0,0,0,0,0,0,0,0,0,0,0,0,0,0,0,0,3,0,0,0,0,0,0,0,0,0,0,0,0,0,0,0,0,0,0,0,0,0,0,0,0,0,0,0,0,0,0,0,0,0,0,0,0,0,0,0,0,0,0,0
0,0,0,0,0,0,0,0,0,0,0,0,0,0,0,0,0,0,0,3,0,0,0,0,0,0,0,0,0,0,0,0,0,0,0,0,0,0,0,0,0,0,0,0,0,0,0,0,0,0,0,0,0,0,0,0,0,0,0,0,0,0,0,0
0,0,0,0,0,0,0,0,0,0,0,0,0,0,0,0,0,0,3,0,0,0,0,0,0,0,0,0,0,0,0,0,0,0,0,0,0,0,0,0,0,0,0,0,0,0,0,0,0,0,0,0,0,0,0,0,0,0,0,0,0,0,0,0
0,0,0,0,0,0,0,0,0,0,0,0,3,0,0,0,0,0,0,0,0,0,0,0,0,0,0,0,0,0,0,0,0,0,0,0,0,0,0,0,0,0,0,0,0,0,0,0,0,0,0,0,0,0,0,0,0,0,0,0,0,0,0,0
0,0,0,0,0,0,0,0,0,0,0,3,0,0,0,0,0,0,0,0,0,0,0,0,0,0,0,0,0,0,0,0,0,0,0,0,0,0,0,0,0,0,0,0,0,0,0,0,0,0,0,0,0,0,0,0,0,0,0,0,0,0,0,0
0,0,0,0,0,0,0,0,0,0,3,0,0,0,0,0,0,0,0,0,0,0,0,0,0,0,0,0,0,0,0,0,0,0,0,0,0,0,0,0,0,0,0,0,0,0,0,0,0,0,0,0,0,0,0,0,0,0,0,0,0,0,0,0
0,0,0,0,3,0,0,0,0,0,0,0,0,0,0,0,0,0,0,0,0,0,0,0,0,0,0,0,0,0,0,0,0,0,0,0,0,0,0,0,0,0,0,0,0,0,0,0,0,0,0,0,0,0,0,0,0,0,0,0,0,0,0,0
0,0,0,3,0,0,0,0,0,0,0,0,0,0,0,0,0,0,0,0,0,0,0,0,0,0,0,0,0,0,0,0,0,0,0,0,0,0,0,0,0,0,0,0,0,0,0,0,0,0,0,0,0,0,0,0,0,0,0,0,0,0,0,0
0,0,3,0,0,0,0,0,0,0,0,0,0,0,0,0,0,0,0,0,0,0,0,0,0,0,0,0,0,0,0,0,0,0,0,0,0,0,0,0,0,0,0,0,0,0,0,0,0,0,0,0,0,0,0,0,0,0,0,0,0,0,0,0
0,0,0,0,0,0,0,0,0,11,7,15,20,24,22,15,0,3,15,15,17,19,28,20,0,1,15,11,20,27,27,12,0,0,10,10,18,13,28,18,0,0,0,9,14,27,30,17,0,0,0,30,25,22,18,14,0,3,0,10,22,23,19,19
0,0,0,0,0,0,0,0,11,7,15,20,24,22,15,24,3,15,15,17,19,28,20,25,1,15,11,20,27,27,12,27,0,10,10,18,13,28,18,36,0,0,9,14,27,30,17,28,0,0,30,25,22,18,14,26,3,0,10,22,23,19,19,28
0,0,0,0,0,0,0,0,7,15,20,24,22,15,24,0,15,15,17,19,28,20,25,0,15,11,20,27,27,12,27,0,10,10,18,13,28,18,36,0,0,9,14,27,30,17,28,0,0,30,25,22,18,14,26,0,0,10,22,23,19,19,28,0
0,11,7,15,20,24,22,15,0,3,15,15,17,19,28,20,0,1,15,11,20,27,27,12,0,0,10,10,18,13,28,18,0,0,0,9,14,27,30,17,0,0,0,30,25,22,18,14,0,3,0,10,22,23,19,19,0,28,23,31,45,37,40,35
11,7,15,20,24,22,15,24,3,15,15,17,19,28,20,25,1,15,11,20,27,27,12,27,0,10,10,18,13,28,18,36,0,0,9,14,27,30,17,28,0,0,30,25,22,18,14,26,3,0,10,22,23,19,19,28,28,23,31,45,37,40,35,31
7,15,20,24,22,15,24,0,15,15,17,19,28,20,25,0,15,11,20,27,27,12,27,0,10,10,18,13,28,18,36,0,0,9,14,27,30,17,28,0,0,30,25,22,18,14,26,0,0,10,22,23,19,19,28,0,23,31,45,37,40,35,31,0
0,3,15,15,17,19,28,20,0,1,15,11,20,27,27,12,0,0,10,10,18,13,28,18,0,0,0,9,14,27,30,17,0,0,0,30,25,22,18,14,0,3,0,10,22,23,19,19,0,28,23,31,45,37,40,35,0,0,0,0,0,0,0,0
3,15,15,17,19,28,20,25,1,15,11,20,27,27,12,27,0,10,10,18,13,28,18,36,0,0,9,14,27,30,17,28,0,0,30,25,22,18,14,26,3,0,10,22,23,19,19,28,28,23,31,45,37,40,35,31,0,0,0,0,0,0,0,0
15,15,17,19,28,20,25,0,15,11,20,27,27,12,27,0,10,10,18,13,28,18,36,0,0,9,14,27,30,17,28,0,0,30,25,22,18,14,26,0,0,10,22,23,19,19,28,0,23,31,45,37,40,35,31,0,0,0,0,0,0,0,0,0
0,0,0,0,0,0,0,0,0,0,0,0,0,0,0,0,0,0,0,0,0,0,0,0,0,0,0,0,0,0,0,0,0,0,0,0,0,0,0,0,0,0,0,0,0,0,0,0,0,0,0,0,0,0,0,0,0,0,0,0,0,0,0,0
0,0,0,0,0,0,0,0,0,0,0,0,0,0,0,0,0,0,0,0,0,0,0,0,0,0,0,0,0,0,0,0,0,0,0,0,0,0,0,0,0,0,0,0,0,0,0,0,0,0,0,0,0,0,0,0,0,0,0,0,0,0,0,0
0,0,0,0,0,0,0,0,0,0,0,0,0,0,0,0,0,0,0,0,0,0,0,0,0,0,0,0,0,0,0,0,0,0,0,0,0,0,0,0,0,0,0,0,0,0,0,0,0,0,0,0,0,0,0,0,0,0,0,0,0,0,0,0
0,0,0,0,0,0,0,0,0,0,0,0,0,0,0,0,0,0,0,0,0,0,0,0,0,0,0,0,0,0,0,0,0,0,0,0,0,0,0,0,0,0,0,0,0,0,0,0,0,0,0,0,0,0,0,0,0,0,0,0,0,0,0,0
0,0,0,0,0,0,0,0,0,0,0,0,0,0,0,0,0,0,0,0,0,0,0,0,0,0,0,0,0,0,0,0,0,0,0,0,0,0,0,0,0,0,0,0,0,0,0,0,0,0,0,0,0,0,0,0,0,0,0,0,0,0,0,0
0,0,0,0,0,0,0,0,0,0,0,0,0,0,0,0,0,0,0,0,0,0,0,0,0,0,0,0,0,0,0,0,0,0,0,0,0,0,0,0,0,0,0,0,0,0,0,0,0,0,0,0,0,0,0,0,0,0,0,0,0,0,0,0
0,0,0,0,0,0,0,0,0,0,0,0,0,0,0,0,0,0,0,0,0,0,0,0,0,0,0,0,0,0,0,0,0,0,0,0,0,0,0,0,0,0,0,0,0,0,0,0,0,0,0,0,0,0,0,0,0,0,0,0,0,0,0,0
0,0,0,0,0,0,0,0,0,0,0,0,0,0,0,0,0,0,0,0,0,0,0,0,0,0,0,0,0,0,0,0,0,0,0,0,0,0,0,0,0,0,0,0,0,0,0,0,0,0,0,0,0,0,0,0,0,0,0,0,0,0,0,0
0,0,0,0,0,0,0,0,0,0,0,0,0,0,0,0,0,0,0,0,0,0,0,0,0,0,0,0,0,0,0,0,0,0,0,0,0,0,0,0,0,0,0,0,0,0,0,0,0,0,0,0,0,0,0,0,0,0,0,0,0,0,0,0
0,0,0,0,0,0,0,0,0,28,28,37,31,35,38,31,0,25,27,36,44,42,48,41,0,26,23,42,42,38,51,38,0,22,26,33,45,44,40,44,0,25,27,33,41,36,37,45,0,28,39,42,41,47,40,50,0,27,42,41,34,37,38,40
0,0,0,0,0,0,0,0,28,28,37,31,35,38,31,39,25,27,36,44,42,48,41,50,26,23,42,42,38,51,38,44,22,26,33,45,44,40,44,46,25,27,33,41,36,37,45,49,28,39,42,41,47,40,50,50,27,42,41,34,37,38,40,39
0,0,0,0,0,0,0,0,28,37,31,35,38,31,39,0,27,36,44,42,48,41,50,0,23,42,42,38,51,38,44,0,26,33,45,44,40,44,46,0,27,33,41,36,37,45,49,0,39,42,41,47,40,50,50,0,42,41,34,37,38,40,39,0
0,28,28,37,31,35,38,31,0,25,27,36,44,42,48,41,0,26,23,42,42,38,51,38,0,22,26,33,45,44,40,44,0,25,27,33,41,36,37,45,0,28,39,42,41,47,40,50,0,27,42,41,34,37,38,40,0,34,31,28,40,44,39,33
28,28,37,31,35,38,31,39,25,27,36,44,42,48,41,50,26,23,42,42,38,51,38,44,22,26,33,45,44,40,44,46,25,27,33,41,36,37,45,49,28,39,42,41,47,40,50,50,27,42,41,34,37,38,40,39,34,31,28,40,44,39,33,28
28,37,31,35,38,31,39,0,27,36,44,42,48,41,50,0,23,42,42,38,51,38,44,0,26,33,45,44,40,44,46,0,27,33,41,36,37,45,49,0,39,42,41,47,40,50,50,0,42,41,34,37,38,40,39,0,31,28,40,44,39,33,28,0
0,25,27,36,44,42,48,41,0,26,23,42,42,38,51,38,0,22,26,33,45,44,40,44,0,25,27,33,41,36,37,45,0,28,39,42,41,47,40,50,0,27,42,41,34,37,38,40,0,34,31,28,40,44,39,33,0,0,0,0,0,0,0,0
25,27,36,44,42,48,41,50,26,23,42,42,38,51,38,44,22,26,33,45,44,40,44,46,25,27,33,41,36,37,45,49,28,39,42,41,47,40,50,50,27,42,41,34,37,38,40,39,34,31,28,40,44,39,33,28,0,0,0,0,0,0,0,0
27,36,44,42,48,41,50,0,23,42,42,38,51,38,44,0,26,33,45,44,40,44,46,0,27,33,41,36,37,45,49,0,39,42,41,47,40,50,50,0,42,41,34,37,38,40,39,0,31,28,40,44,39,33,28,0,0,0,0,0,0,0,0,0
0,0,0,0,0,0,0,0,0,0,1,3,1,0,3,0,0,12,3,12,6,3,7,3,0,14,1,0,5,0,3,0,0,12,3,0,6,0,3,5,0,5,13,0,7,0,0,0,0,9,17,0,1,1,0,0,0,9,6,0,0,3,3,3
0,0,0,0,0,0,0,0,0,1,3,1,0,3,0,0,12,3,12,6,3,7,3,0,14,1,0,5,0,3,0,0,12,3,0,6,0,3,5,0,5,13,0,7,0,0,0,0,9,17,0,1,1,0,0,0,9,6,0,0,3,3,3,5
0,0,0,0,0,0,0,0,1,3,1,0,3,0,0,0,3,12,6,3,7,3,0,0,1,0,5,0,3,0,0,0,3,0,6,0,3,5,0,0,13,0,7,0,0,0,0,0,17,0,1,1,0,0,0,0,6,0,0,3,3,3,5,0
0,0,1,3,1,0,3,0,0,12,3,12,6,3,7,3,0,14,1,0,5,0,3,0,0,12,3,0,6,0,3,5,0,5,13,0,7,0,0,0,0,9,17,0,1,1,0,0,0,9,6,0,0,3,3,3,0,23,12,25,14,15,15,15
0,1,3,1,0,3,0,0,12,3,12,6,3,7,3,0,14,1,0,5,0,3,0,0,12,3,0,6,0,3,5,0,5,13,0,7,0,0,0,0,9,17,0,1,1,0,0,0,9,6,0,0,3,3,3,5,23,12,25,14,15,15,15,9
1,3,1,0,3,0,0,0,3,12,6,3,7,3,0,0,1,0,5,0,3,0,0,0,3,0,6,0,3,5,0,0,13,0,7,0,0,0,0,0,17,0,1,1,0,0,0,0,6,0,0,3,3,3,5,0,12,25,14,15,15,15,9,0
0,12,3,12,6,3,7,3,0,14,1,0,5,0,3,0,0,12,3,0,6,0,3,5,0,5,13,0,7,0,0,0,0,9,17,0,1,1,0,0,0,9,6,0,0,3,3,3,0,23,12,25,14,15,15,15,0,0,0,0,0,0,0,0
12,3,12,6,3,7,3,0,14,1,0,5,0,3,0,0,12,3,0,6,0,3,5,0,5,13,0,7,0,0,0,0,9,17,0,1,1,0,0,0,9,6,0,0,3,3,3,5,23,12,25,14,15,15,15,9,0,0,0,0,0,0,0,0
3,12,6,3,7,3,0,0,1,0,5,0,3,0,0,0,3,0,6,0,3,5,0,0,13,0,7,0,0,0,0,0,17,0,1,1,0,0,0,0,6,0,0,3,3,3,5,0,12,25,14,15,15,15,9,0,0,0,0,0,0,0,0,0
0,0,0,0,0,0,0,0,0,7,12,9,9,7,11,12,0,15,22,18,25,17,15,23,0,10,25,12,10,12,5,15,0,7,25,11,7,14,7,17,0,7,13,13,0,13,11,15,0,5,12,10,10,0,9,11,0,0,0,3,6,7,11,3
0,0,0,0,0,0,0,0,7,12,9,9,7,11,12,9,15,22,18,25,17,15,23,28,10,25,12,10,12,5,15,21,7,25,11,7,14,7,17,23,7,13,13,0,13,11,15,18,5,12,10,10,0,9,11,19,0,0,3,6,7,11,3,15
0,0,0,0,0,0,0,0,12,9,9,7,11,12,9,0,22,18,25,17,15,23,28,0,25,12,10,12,5,15,21,0,25,11,7,14,7,17,23,0,13,13,0,13,11,15,18,0,12,10,10,0,9,11,19,0,0,3,6,7,11,3,15,0
0,7,12,9,9,7,11,12,0,15,22,18,25,17,15,23,0,10,25,12,10,12,5,15,0,7,25,11,7,14,7,17,0,7,13,13,0,13,11,15,0,5,12,10,10,0,9,11,0,0,0,3,6,7,11,3,0,0,0,0,0,3,3,0
7,12,9,9,7,11,12,9,15,22,18,25,17,15,23,28,10,25,12,10,12,5,15,21,7,25,11,7,14,7,17,23,7,13,13,0,13,11,15,18,5,12,10,10,0,9,11,19,0,0,3,6,7,11,3,15,0,0,0,0,3,3,0,10
12,9,9,7,11,12,9,0,22,18,25,17,15,23,28,0,25,12,10,12,5,15,21,0,25,11,7,14,7,17,23,0,13,13,0,13,11,15,18,0,12,10,10,0,9,11,19,0,0,3,6,7,11,3,15,0,0,0,0,3,3,0,10,0
0,15,22,18,25,17,15,23,0,10,25,12,10,12,5,15,0,7,25,11,7,14,7,17,0,7,13,13,0,13,11,15,0,5,12,10,10,0,9,11,0,0,0,3,6,7,11,3,0,0,0,0,0,3,3,0,0,0,0,0,0,0,0,0
15,22,18,25,17,15,23,28,10,25,12,10,12,5,15,21,7,25,11,7,14,7,17,23,7,13,13,0,13,11,15,18,5,12,10,10,0,9,11,19,0,0,3,6,7,11,3,15,0,0,0,0,3,3,0,10,0,0,0,0,0,0,0,0
22,18,25,17,15,23,28,0,25,12,10,12,5,15,21,0,25,11,7,14,7,17,23,0,13,13,0,13,11,15,18,0,12,10,10,0,9,11,19,0,0,3,6,7,11,3,15,0,0,0,0,3,3,0,10,0,0,0,0,0,0,0,0,0
0,0,0,0,0,0,0,0,0,0,0,0,0,0,0,0,0,0,0,0,0,0,0,0,0,0,0,0,0,0,0,0,0,0,0,0,0,0,0,0,0,0,0,0,0,0,0,0,0,0,0,0,0,0,0,0,0,0,0,0,0,0,0,0
0,0,0,0,0,0,0,0,0,0,0,0,0,0,0,0,0,0,0,0,0,0,0,0,0,0,0,0,0,0,0,0,0,0,0,0,0,0,0,0,0,0,0,0,0,0,0,0,0,0,0,0,0,0,0,0,0,0,0,0,0,0,0,0
0,0,0,0,0,0,0,0,0,0,0,0,0,0,0,0,0,0,0,0,0,0,0,0,0,0,0,0,0,0,0,0,0,0,0,0,0,0,0,0,0,0,0,0,0,0,0,0,0,0,0,0,0,0,0,0,0,0,0,0,0,0,0,0
0,0,0,0,0,0,0,0,0,0,0,0,0,0,0,0,0,0,0,0,0,0,0,0,0,0,0,0,0,0,0,0,0,0,0,0,0,0,0,0,0,0,0,0,0,0,0,0,0,0,0,0,0,0,0,0,0,0,0,0,0,0,0,0
0,0,0,0,0,0,0,0,0,0,0,0,0,0,0,0,0,0,0,0,0,0,0,0,0,0,0,0,0,0,0,0,0,0,0,0,0,0,0,0,0,0,0,0,0,0,0,0,0,0,0,0,0,0,0,0,0,0,0,0,0,0,0,0
0,0,0,0,0,0,0,0,0,0,0,0,0,0,0,0,0,0,0,0,0,0,0,0,0,0,0,0,0,0,0,0,0,0,0,0,0,0,0,0,0,0,0,0,0,0,0,0,0,0,0,0,0,0,0,0,0,0,0,0,0,0,0,0
0,0,0,0,0,0,0,0,0,0,0,0,0,0,0,0,0,0,0,0,0,0,0,0,0,0,0,0,0,0,0,0,0,0,0,0,0,0,0,0,0,0,0,0,0,0,0,0,0,0,0,0,0,0,0,0,0,0,0,0,0,0,0,0
0,0,0,0,0,0,0,0,0,0,0,0,0,0,0,0,0,0,0,0,0,0,0,0,0,0,0,0,0,0,0,0,0,0,0,0,0,0,0,0,0,0,0,0,0,0,0,0,0,0,0,0,0,0,0,0,0,0,0,0,0,0,0,0
0,0,0,0,0,0,0,0,0,0,0,0,0,0,0,0,0,0,0,0,0,0,0,0,0,0,0,0,0,0,0,0,0,0,0,0,0,0,0,0,0,0,0,0,0,0,0,0,0,0,0,0,0,0,0,0,0,0,0,0,0,0,0,0
0,0,0,0,0,0,0,0,0,0,0,0,0,0,0,0,0,0,0,0,0,3,0,0,0,0,0,0,0,0,0,0,0,0,0,0,0,0,1,0,0,0,0,0,0,0,13,5,0,0,0,0,0,0,3,7,0,0,0,7,6,7,1,1
0,0,0,0,0,0,0,0,0,0,0,0,0,0,0,1,0,0,0,0,3,0,0,17,0,0,0,0,0,0,0,17,0,0,0,0,0,1,0,15,0,0,0,0,0,13,5,19,0,0,0,0,0,3,7,14,0,0,7,6,7,1,1,13
0,0,0,0,0,0,0,0,0,0,0,0,0,0,1,0,0,0,0,3,0,0,17,0,0,0,0,0,0,0,17,0,0,0,0,0,1,0,15,0,0,0,0,0,13,5,19,0,0,0,0,0,3,7,14,0,0,7,6,7,1,1,13,0
0,0,0,0,0,0,0,0,0,0,0,0,0,3,0,0,0,0,0,0,0,0,0,0,0,0,0,0,0,0,1,0,0,0,0,0,0,0,13,5,0,0,0,0,0,0,3,7,0,0,0,7,6,7,1,1,0,14,7,22,19,9,7,5
0,0,0,0,0,0,0,1,0,0,0,0,3,0,0,17,0,0,0,0,0,0,0,17,0,0,0,0,0,1,0,15,0,0,0,0,0,13,5,19,0,0,0,0,0,3,7,14,0,0,7,6,7,1,1,13,14,7,22,19,9,7,5,5
0,0,0,0,0,0,1,0,0,0,0,3,0,0,17,0,0,0,0,0,0,0,17,0,0,0,0,0,1,0,15,0,0,0,0,0,13,5,19,0,0,0,0,0,3,7,14,0,0,7,6,7,1,1,13,0,7,22,19,9,7,5,5,0
0,0,0,0,0,3,0,0,0,0,0,0,0,0,0,0,0,0,0,0,0,0,1,0,0,0,0,0,0,0,13,5,0,0,0,0,0,0,3,7,0,0,0,7,6,7,1,1,0,14,7,22,19,9,7,5,0,0,0,0,0,0,0,0
0,0,0,0,3,0,0,17,0,0,0,0,0,0,0,17,0,0,0,0,0,1,0,15,0,0,0,0,0,13,5,19,0,0,0,0,0,3,7,14,0,0,7,6,7,1,1,13,14,7,22,19,9,7,5,5,0,0,0,0,0,0,0,0
0,0,0,3,0,0,17,0,0,0,0,0,0,0,17,0,0,0,0,0,1,0,15,0,0,0,0,0,13,5,19,0,0,0,0,0,3,7,14,0,0,7,6,7,1,1,13,0,7,22,19,9,7,5,5,0,0,0,0,0,0,0,0,0
0,0,0,0,0,0,0,0,0,0,0,0,0,0,0,0,0,0,0,0,0,0,0,0,0,0,0,0,0,0,0,0,0,0,0,0,0,0,0,0,0,0,0,0,0,0,0,0,0,0,0,0,0,0,0,0,0,0,0,0,0,0,0,0
0,0,0,0,0,0,0,0,0,0,0,0,0,0,0,0,0,0,0,0,0,0,0,0,0,0,0,0,0,0,0,0,0,0,0,0,0,0,0,0,0,0,0,0,0,0,0,0,0,0,0,0,0,0,0,0,0,0,0,0,0,0,0,0
0,0,0,0,0,0,0,0,0,0,0,0,0,0,0,0,0,0,0,0,0,0,0,0,0,0,0,0,0,0,0,0,0,0,0,0,0,0,0,0,0,0,0,0,0,0,0,0,0,0,0,0,0,0,0,0,0,0,0,0,0,0,0,0
0,0,0,0,0,0,0,0,0,0,0,0,0,0,0,0,0,0,0,0,0,0,0,0,0,0,0,0,0,0,0,0,0,0,0,0,0,0,0,0,0,0,0,0,0,0,0,0,0,0,0,0,0,0,0,0,0,0,0,0,0,0,0,0
0,0,0,0,0,0,0,0,0,0,0,0,0,0,0,0,0,0,0,0,0,0,0,0,0,0,0,0,0,0,0,0,0,0,0,0,0,0,0,0,0,0,0,0,0,0,0,0,0,0,0,0,0,0,0,0,0,0,0,0,0,0,0,0
0,0,0,0,0,0,0,0,0,0,0,0,0,0,0,0,0,0,0,0,0,0,0,0,0,0,0,0,0,0,0,0,0,0,0,0,0,0,0,0,0,0,0,0,0,0,0,0,0,0,0,0,0,0,0,0,0,0,0,0,0,0,0,0
0,0,0,0,0,0,0,0,0,0,0,0,0,0,0,0,0,0,0,0,0,0,0,0,0,0,0,0,0,0,0,0,0,0,0,0,0,0,0,0,0,0,0,0,0,0,0,0,0,0,0,0,0,0,0,0,0,0,0,0,0,0,0,0
0,0,0,0,0,0,0,0,0,0,0,0,0,0,0,0,0,0,0,0,0,0,0,0,0,0,0,0,0,0,0,0,0,0,0,0,0,0,0,0,0,0,0,0,0,0,0,0,0,0,0,0,0,0,0,0,0,0,0,0,0,0,0,0
0,0,0,0,0,0,0,0,0,0,0,0,0,0,0,0,0,0,0,0,0,0,0,0,0,0,0,0,0,0,0,0,0,0,0,0,0,0,0,0,0,0,0,0,0,0,0,0,0,0,0,0,0,0,0,0,0,0,0,0,0,0,0,0
0,0,0,0,0,0,0,0,0,24,24,24,24,22,25,19,0,42,43,36,41,36,40,37,0,41,44,40,39,31,31,37,0,44,36,40,34,33,34,33,0,39,45,31,38,28,34,35,0,36,47,23,28,28,26,28,0,34,38,46,31,28,30,31
0,0,0,0,0,0,0,0,24,24,24,24,22,25,19,11,42,43,36,41,36,40,37,20,41,44,40,39,31,31,37,14,44,36,40,34,33,34,33,20,39,45,31,38,28,34,35,13,36,47,23,28,28,26,28,13,34,38,46,31,28,30,31,24
0,0,0,0,0,0,0,0,24,24,24,22,25,19,11,0,43,36,41,36,40,37,20,0,44,40,39,31,31,37,14,0,36,40,34,33,34,33,20,0,45,31,38,28,34,35,13,0,47,23,28,28,26,28,13,0,38,46,31,28,30,31,24,0
0,24,24,24,24,22,25,19,0,42,43,36,41,36,40,37,0,41,44,40,39,31,31,37,0,44,36,40,34,33,34,33,0,39,45,31,38,28,34,35,0,36,47,23,28,28,26,28,0,34,38,46,31,28,30,31,0,33,40,42,37,31,35,43
24,24,24,24,22,25,19,11,42,43,36,41,36,40,37,20,41,44,40,39,31,31,37,14,44,36,40,34,33,34,33,20,39,45,31,38,28,34,35,13,36,47,23,28,28,26,28,13,34,38,46,31,28,30,31,24,33,40,42,37,31,35,43,31
24,24,24,22,25,19,11,0,43,36,41,36,40,37,20,0,44,40,39,31,31,37,14,0,36,40,34,33,34,33,20,0,45,31,38,28,34,35,13,0,47,23,28,28,26,28,13,0,38,46,31,28,30,31,24,0,40,42,37,31,35,43,31,0
0,42,43,36,41,36,40,37,0,41,44,40,39,31,31,37,0,44,36,40,34,33,34,33,0,39,45,31,38,28,34,35,0,36,47,23,28,28,26,28,0,34,38,46,31,28,30,31,0,33,40,42,37,31,35,43,0,0,0,0,0,0,0,0
42,43,36,41,36,40,37,20,41,44,40,39,31,31,37,14,44,36,40,34,33,34,33,20,39,45,31,38,28,34,35,13,36,47,23,28,28,26,28,13,34,38,46,31,28,30,31,24,33,40,42,37,31,35,43,31,0,0,0,0,0,0,0,0
43,36,41,36,40,37,20,0,44,40,39,31,31,37,14,0,36,40,34,33,34,33,20,0,45,31,38,28,34,35,13,0,47,23,28,28,26,28,13,0,38,46,31,28,30,31,24,0,40,42,37,31,35,43,31,0,0,0,0,0,0,0,0,0
0,0,0,0,0,0,0,0,0,0,0,0,0,0,0,0,0,0,0,0,0,0,0,0,0,0,0,0,0,0,0,0,0,0,0,0,0,0,0,0,0,0,0,0,0,0,0,0,0,0,0,0,0,0,0,0,0,0,0,0,0,0,0,0
0,0,0,0,0,0,0,0,0,0,0,0,0,0,0,0,0,0,0,0,0,0,0,3,0,0,0,0,0,0,0,1,0,0,0,0,0,0,0,6,0,0,0,0,0,0,0,0,0,0,0,0,0,0,0,3,0,0,0,0,0,0,0,0
0,0,0,0,0,0,0,0,0,0,0,0,0,0,0,0,0,0,0,0,0,0,3,0,0,0,0,0,0,0,1,0,0,0,0,0,0,0,6,0,0,0,0,0,0,0,0,0,0,0,0,0,0,0,3,0,0,0,0,0,0,0,0,0
0,0,0,0,0,0,0,0,0,0,0,0,0,0,0,0,0,0,0,0,0,0,0,0,0,0,0,0,0,0,0,0,0,0,0,0,0,0,0,0,0,0,0,0,0,0,0,0,0,0,0,0,0,0,0,0,0,0,1,0,0,0,0,0
0,0,0,0,0,0,0,0,0,0,0,0,0,0,0,3,0,0,0,0,0,0,0,1,0,0,0,0,0,0,0,6,0,0,0,0,0,0,0,0,0,0,0,0,0,0,0,3,0,0,0,0,0,0,0,0,0,1,0,0,0,0,0,3
0,0,0,0,0,0,0,0,0,0,0,0,0,0,3,0,0,0,0,0,0,0,1,0,0,0,0,0,0,0,6,0,0,0,0,0,0,0,0,0,0,0,0,0,0,0,3,0,0,0,0,0,0,0,0,0,1,0,0,0,0,0,3,0
0,0,0,0,0,0,0,0,0,0,0,0,0,0,0,0,0,0,0,0,0,0,0,0,0,0,0,0,0,0,0,0,0,0,0,0,0,0,0,0,0,0,0,0,0,0,0,0,0,0,1,0,0,0,0,0,0,0,0,0,0,0,0,0
0,0,0,0,0,0,0,3,0,0,0,0,0,0,0,1,0,0,0,0,0,0,0,6,0,0,0,0,0,0,0,0,0,0,0,0,0,0,0,3,0,0,0,0,0,0,0,0,0,1,0,0,0,0,0,3,0,0,0,0,0,0,0,0
0,0,0,0,0,0,3,0,0,0,0,0,0,0,1,0,0,0,0,0,0,0,6,0,0,0,0,0,0,0,0,0,0,0,0,0,0,0,3,0,0,0,0,0,0,0,0,0,1,0,0,0,0,0,3,0,0,0,0,0,0,0,0,0
0,0,0,0,0,0,0,0,0,22,28,27,28,23,30,28,0,25,35,28,40,30,31,40,0,30,31,31,33,31,33,44,0,28,25,27,28,37,28,36,0,23,23,27,19,22,23,31,0,31,28,25,25,28,27,35,0,25,42,20,17,30,31,33
0,0,0,0,0,0,0,0,22,28,27,28,23,30,28,25,25,35,28,40,30,31,40,27,30,31,31,33,31,33,44,28,28,25,27,28,37,28,36,26,23,23,27,19,22,23,31,28,31,28,25,25,28,27,35,31,25,42,20,17,30,31,33,22
0,0,0,0,0,0,0,0,28,27,28,23,30,28,25,0,35,28,40,30,31,40,27,0,31,31,33,31,33,44,28,0,25,27,28,37,28,36,26,0,23,27,19,22,23,31,28,0,28,25,25,28,27,35,31,0,42,20,17,30,31,33,22,0
0,22,28,27,28,23,30,28,0,25,35,28,40,30,31,40,0,30,31,31,33,31,33,44,0,28,25,27,28,37,28,36,0,23,23,27,19,22,23,31,0,31,28,25,25,28,27,35,0,25,42,20,17,30,31,33,0,27,34,24,26,30,31,28
22,28,27,28,23,30,28,25,25,35,28,40,30,31,40,27,30,31,31,33,31,33,44,28,28,25,27,28,37,28,36,26,23,23,27,19,22,23,31,28,31,28,25,25,28,27,35,31,25,42,20,17,30,31,33,22,27,34,24,26,30,31,28,21
28,27,28,23,30,28,25,0,35,28,40,30,31,40,27,0,31,31,33,31,33,44,28,0,25,27,28,37,28,36,26,0,23,27,19,22,23,31,28,0,28,25,25,28,27,35,31,0,42,20,17,30,31,33,22,0,34,24,26,30,31,28,21,0
0,25,35,28,40,30,31,40,0,30,31,31,33,31,33,44,0,28,25,27,28,37,28,36,0,23,23,27,19,22,23,31,0,31,28,25,25,28,27,35,0,25,42,20,17,30,31,33,0,27,34,24,26,30,31,28,0,0,0,0,0,0,0,0
25,35,28,40,30,31,40,27,30,31,31,33,31,33,44,28,28,25,27,28,37,28,36,26,23,23,27,19,22,23,31,28,31,28,25,25,28,27,35,31,25,42,20,17,30,31,33,22,27,34,24,26,30,31,28,21,0,0,0,0,0,0,0,0
35,28,40,30,31,40,27,0,31,31,33,31,33,44,28,0,25,27,28,37,28,36,26,0,23,27,19,22,23,31,28,0,28,25,25,28,27,35,31,0,42,20,17,30,31,33,22,0,34,24,26,30,31,28,21,0,0,0,0,0,0,0,0,0
0,0,0,0,0,0,0,0,0,0,0,0,0,0,0,0,0,0,0,0,0,0,0,0,0,0,0,0,0,0,0,0,0,0,0,0,0,0,0,0,0,0,0,0,0,0,0,0,0,0,0,0,0,0,0,0,0,0,0,0,0,0,0,0
0,0,0,0,0,0,0,0,0,0,0,0,0,0,0,0,0,0,0,0,0,0,0,0,0,0,0,0,0,0,0,0,0,0,0,0,0,0,0,0,0,0,0,0,0,0,0,0,0,0,0,0,0,0,0,0,0,0,0,0,0,0,0,0
0,0,0,0,0,0,0,0,0,0,0,0,0,0,0,0,0,0,0,0,0,0,0,0,0,0,0,0,0,0,0,0,0,0,0,0,0,0,0,0,0,0,0,0,0,0,0,0,0,0,0,0,0,0,0,0,0,0,0,0,0,0,0,0
0,0,0,0,0,0,0,0,0,0,0,0,0,0,0,0,0,0,0,0,0,0,0,0,0,0,0,0,0,0,0,0,0,0,0,0,0,0,0,0,0,0,0,0,0,0,0,0,0,0,0,0,0,0,0,0,0,0,0,0,0,0,0,0
0,0,0,0,0,0,0,0,0,0,0,0,0,0,0,0,0,0,0,0,0,0,0,0,0,0,0,0,0,0,0,0,0,0,0,0,0,0,0,0,0,0,0,0,0,0,0,0,0,0,0,0,0,0,0,0,0,0,0,0,0,0,0,0
0,0,0,0,0,0,0,0,0,0,0,0,0,0,0,0,0,0,0,0,0,0,0,0,0,0,0,0,0,0,0,0,0,0,0,0,0,0,0,0,0,0,0,0,0,0,0,0,0,0,0,0,0,0,0,0,0,0,0,0,0,0,0,0
0,0,0,0,0,0,0,0,0,0,0,0,0,0,0,0,0,0,0,0,0,0,0,0,0,0,0,0,0,0,0,0,0,0,0,0,0,0,0,0,0,0,0,0,0,0,0,0,0,0,0,0,0,0,0,0,0,0,0,0,0,0,0,0
0,0,0,0,0,0,0,0,0,0,0,0,0,0,0,0,0,0,0,0,0,0,0,0,0,0,0,0,0,0,0,0,0,0,0,0,0,0,0,0,0,0,0,0,0,0,0,0,0,0,0,0,0,0,0,0,0,0,0,0,0,0,0,0
0,0,0,0,0,0,0,0,0,0,0,0,0,0,0,0,0,0,0,0,0,0,0,0,0,0,0,0,0,0,0,0,0,0,0,0,0,0,0,0,0,0,0,0,0,0,0,0,0,0,0,0,0,0,0,0,0,0,0,0,0,0,0,0
0,0,0,0,0,0,0,0,0,0,0,0,0,0,0,0,0,7,0,0,0,0,0,7,0,5,0,0,0,0,0,7,0,1,5,0,0,0,0,0,0,0,0,0,0,0,0,0,0,3,0,0,0,0,0,0,0,0,0,0,0,0,0,0
0,0,0,0,0,0,0,0,0,0,0,0,0,0,0,0,7,0,0,0,0,0,7,0,5,0,0,0,0,0,7,0,1,5,0,0,0,0,0,0,0,0,0,0,0,0,0,0,3,0,0,0,0,0,0,0,0,0,0,0,0,0,0,0
0,0,0,0,0,0,0,0,0,0,0,0,0,0,0,0,0,0,0,0,0,7,0,0,0,0,0,0,0,7,0,0,5,0,0,0,0,0,0,0,0,0,0,0,0,0,0,0,0,0,0,0,0,0,0,0,0,0,0,0,0,0,0,0
0,0,0,0,0,0,0,0,0,7,0,0,0,0,0,7,0,5,0,0,0,0,0,7,0,1,5,0,0,0,0,0,0,0,0,0,0,0,0,0,0,3,0,0,0,0,0,0,0,0,0,0,0,0,0,0,0,0,0,0,0,0,0,0
0,0,0,0,0,0,0,0,7,0,0,0,0,0,7,0,5,0,0,0,0,0,7,0,1,5,0,0,0,0,0,0,0,0,0,0,0,0,0,0,3,0,0,0,0,0,0,0,0,0,0,0,0,0,0,0,0,0,0,0,0,0,0,0
0,0,0,0,0,0,0,0,0,0,0,0,0,7,0,0,0,0,0,0,0,7,0,0,5,0,0,0,0,0,0,0,0,0,0,0,0,0,0,0,0,0,0,0,0,0,0,0,0,0,0,0,0,0,0,0,0,0,0,0,0,0,0,0
0,7,0,0,0,0,0,7,0,5,0,0,0,0,0,7,0,1,5,0,0,0,0,0,0,0,0,0,0,0,0,0,0,3,0,0,0,0,0,0,0,0,0,0,0,0,0,0,0,0,0,0,0,0,0,0,0,0,0,0,0,0,0,0
7,0,0,0,0,0,7,0,5,0,0,0,0,0,7,0,1,5,0,0,0,0,0,0,0,0,0,0,0,0,0,0,3,0,0,0,0,0,0,0,0,0,0,0,0,0,0,0,0,0,0,0,0,0,0,0,0,0,0,0,0,0,0,0
0,0,0,0,0,7,0,0,0,0,0,0,0,7,0,0,5,0,0,0,0,0,0,0,0,0,0,0,0,0,0,0,0,0,0,0,0,0,0,0,0,0,0,0,0,0,0,0,0,0,0,0,0,0,0,0,0,0,0,0,0,0,0,0
0,0,0,0,0,0,0,0,0,0,9,3,0,6,5,10,0,5,24,22,22,31,25,28,0,6,18,30,15,28,22,28,0,7,11,28,24,23,19,23,0,9,11,15,36,20,22,24,0,3,20,21,23,18,31,23,0,3,19,31,21,20,15,14
0,0,0,0,0,0,0,0,0,9,3,0,6,5,10,12,5,24,22,22,31,25,28,22,6,18,30,15,28,22,28,19,7,11,28,24,23,19,23,12,9,11,15,36,20,22,24,9,3,20,21,23,18,31,23,15,3,19,31,21,20,15,14,14
0,0,0,0,0,0,0,0,9,3,0,6,5,10,12,0,24,22,22,31,25,28,22,0,18,30,15,28,22,28,19,0,11,28,24,23,19,23,12,0,11,15,36,20,22,24,9,0,20,21,23,18,31,23,15,0,19,31,21,20,15,14,14,0
0,0,9,3,0,6,5,10,0,5,24,22,22,31,25,28,0,6,18,30,15,28,22,28,0,7,11,28,24,23,19,23,0,9,11,15,36,20,22,24,0,3,20,21,23,18,31,23,0,3,19,31,21,20,15,14,0,1,26,17,20,21,19,18
0,9,3,0,6,5,10,12,5,24,22,22,31,25,28,22,6,18,30,15,28,22,28,19,7,11,28,24,23,19,23,12,9,11,15,36,20,22,24,9,3,20,21,23,18,31,23,15,3,19,31,21,20,15,14,14,1,26,17,20,21,19,18,14
9,3,0,6,5,10,12,0,24,22,22,31,25,28,22,0,18,30,15,28,22,28,19,0,11,28,24,23,19,23,12,0,11,15,36,20,22,24,9,0,20,21,23,18,31,23,15,0,19,31,21,20,15,14,14,0,26,17,20,21,19,18,14,0
0,5,24,22,22,31,25,28,0,6,18,30,15,28,22,28,0,7,11,28,24,23,19,23,0,9,11,15,36,20,22,24,0,3,20,21,23,18,31,23,0,3,19,31,21,20,15,14,0,1,26,17,20,21,19,18,0,0,0,0,0,0,0,0
5,24,22,22,31,25,28,22,6,18,30,15,28,22,28,19,7,11,28,24,23,19,23,12,9,11,15,36,20,22,24,9,3,20,21,23,18,31,23,15,3,19,31,21,20,15,14,14,1,26,17,20,21,19,18,14,0,0,0,0,0,0,0,0
24,22,22,31,25,28,22,0,18,30,15,28,22,28,19,0,11,28,24,23,19,23,12,0,11,15,36,20,22,24,9,0,20,21,23,18,31,23,15,0,19,31,21,20,15,14,14,0,26,17,20,21,19,18,14,0,0,0,0,0,0,0,0,0
0,0,0,0,0,0,0,0,0,0,0,0,0,0,0,0,0,0,0,0,0,0,0,0,0,0,0,0,0,0,0,0,0,0,0,0,0,0,0,0,0,0,0,0,0,0,0,0,0,0,0,0,0,0,0,0,0,0,0,0,0,0,0,0
0,0,0,0,0,0,0,0,0,0,0,0,0,0,0,0,0,0,0,0,0,0,0,0,0,0,0,0,0,0,0,0,0,0,0,0,0,0,0,0,0,0,0,0,0,0,0,0,0,0,0,0,0,0,0,0,0,0,0,0,0,0,0,0
0,0,0,0,0,0,0,0,0,0,0,0,0,0,0,0,0,0,0,0,0,0,0,0,0,0,0,0,0,0,0,0,0,0,0,0,0,0,0,0,0,0,0,0,0,0,0,0,0,0,0,0,0,0,0,0,0,0,0,0,0,0,0,0
0,0,0,0,0,0,0,0,0,0,0,0,0,0,0,0,0,0,0,0,0,0,0,0,0,0,0,0,0,0,0,0,0,0,0,0,0,0,0,0,0,0,0,0,0,0,0,0,0,0,0,0,0,0,0,0,0,0,0,0,0,0,0,0
0,0,0,0,0,0,0,0,0,0,0,0,0,0,0,0,0,0,0,0,0,0,0,0,0,0,0,0,0,0,0,0,0,0,0,0,0,0,0,0,0,0,0,0,0,0,0,0,0,0,0,0,0,0,0,0,0,0,0,0,0,0,0,0
0,0,0,0,0,0,0,0,0,0,0,0,0,0,0,0,0,0,0,0,0,0,0,0,0,0,0,0,0,0,0,0,0,0,0,0,0,0,0,0,0,0,0,0,0,0,0,0,0,0,0,0,0,0,0,0,0,0,0,0,0,0,0,0
0,0,0,0,0,0,0,0,0,0,0,0,0,0,0,0,0,0,0,0,0,0,0,0,0,0,0,0,0,0,0,0,0,0,0,0,0,0,0,0,0,0,0,0,0,0,0,0,0,0,0,0,0,0,0,0,0,0,0,0,0,0,0,0
0,0,0,0,0,0,0,0,0,0,0,0,0,0,0,0,0,0,0,0,0,0,0,0,0,0,0,0,0,0,0,0,0,0,0,0,0,0,0,0,0,0,0,0,0,0,0,0,0,0,0,0,0,0,0,0,0,0,0,0,0,0,0,0
0,0,0,0,0,0,0,0,0,0,0,0,0,0,0,0,0,0,0,0,0,0,0,0,0,0,0,0,0,0,0,0,0,0,0,0,0,0,0,0,0,0,0,0,0,0,0,0,0,0,0,0,0,0,0,0,0,0,0,0,0,0,0,0
0,0,0,0,0,0,0,0,0,0,0,0,0,0,0,0,0,0,0,0,0,0,0,0,0,0,0,0,0,0,0,0,0,0,0,0,0,0,0,0,0,0,0,0,0,0,0,0,0,0,0,0,0,0,0,0,0,0,0,0,0,0,0,0
0,0,0,0,0,0,0,0,0,0,0,0,0,0,0,0,0,0,0,0,0,0,0,0,0,0,0,0,0,0,0,0,0,0,0,0,0,0,0,0,0,0,0,0,0,0,0,0,0,0,0,0,0,0,0,0,0,0,0,0,0,0,0,0
0,0,0,0,0,0,0,0,0,0,0,0,0,0,0,0,0,0,0,0,0,0,0,0,0,0,0,0,0,0,0,0,0,0,0,0,0,0,0,0,0,0,0,0,0,0,0,0,0,0,0,0,0,0,0,0,0,0,0,0,0,0,0,0
0,0,0,0,0,0,0,0,0,0,0,0,0,0,0,0,0,0,0,0,0,0,0,0,0,0,0,0,0,0,0,0,0,0,0,0,0,0,0,0,0,0,0,0,0,0,0,0,0,0,0,0,0,0,0,0,0,0,0,0,0,0,0,0
0,0,0,0,0,0,0,0,0,0,0,0,0,0,0,0,0,0,0,0,0,0,0,0,0,0,0,0,0,0,0,0,0,0,0,0,0,0,0,0,0,0,0,0,0,0,0,0,0,0,0,0,0,0,0,0,0,0,0,0,0,0,0,0
0,0,0,0,0,0,0,0,0,0,0,0,0,0,0,0,0,0,0,0,0,0,0,0,0,0,0,0,0,0,0,0,0,0,0,0,0,0,0,0,0,0,0,0,0,0,0,0,0,0,0,0,0,0,0,0,0,0,0,0,0,0,0,0
0,0,0,0,0,0,0,0,0,0,0,0,0,0,0,0,0,0,0,0,0,0,0,0,0,0,0,0,0,0,0,0,0,0,0,0,0,0,0,0,0,0,0,0,0,0,0,0,0,0,0,0,0,0,0,0,0,0,0,0,0,0,0,0
0,0,0,0,0,0,0,0,0,0,0,0,0,0,0,0,0,0,0,0,0,0,0,0,0,0,0,0,0,0,0,0,0,0,0,0,0,0,0,0,0,0,0,0,0,0,0,0,0,0,0,0,0,0,0,0,0,0,0,0,0,0,0,0
0,0,0,0,0,0,0,0,0,0,0,0,0,0,0,0,0,0,0,0,0,0,0,0,0,0,0,0,0,0,0,0,0,0,0,0,0,0,0,0,0,0,0,0,0,0,0,0,0,0,0,0,0,0,0,0,0,0,0,0,0,0,0,0
0,0,0,0,0,0,0,0,0,0,0,0,0,0,0,0,0,10,6,0,0,0,0,0,0,7,0,0,1,0,0,0,0,15,0,0,0,0,0,0,0,19,0,0,0,0,0,3,0,17,0,0,0,12,5,3,0,3,0,0,1,6,0,3
0,0,0,0,0,0,0,0,0,0,0,0,0,0,0,0,10,6,0,0,0,0,0,3,7,0,0,1,0,0,0,0,15,0,0,0,0,0,0,3,19,0,0,0,0,0,3,3,17,0,0,0,12,5,3,6,3,0,0,1,6,0,3,0
0,0,0,0,0,0,0,0,0,0,0,0,0,0,0,0,6,0,0,0,0,0,3,0,0,0,1,0,0,0,0,0,0,0,0,0,0,0,3,0,0,0,0,0,0,3,3,0,0,0,0,12,5,3,6,0,0,0,1,6,0,3,0,0
0,0,0,0,0,0,0,0,0,10,6,0,0,0,0,0,0,7,0,0,1,0,0,0,0,15,0,0,0,0,0,0,0,19,0,0,0,0,0,3,0,17,0,0,0,12,5,3,0,3,0,0,1,6,0,3,0,14,20,10,23,19,18,15
0,0,0,0,0,0,0,0,10,6,0,0,0,0,0,3,7,0,0,1,0,0,0,0,15,0,0,0,0,0,0,3,19,0,0,0,0,0,3,3,17,0,0,0,12,5,3,6,3,0,0,1,6,0,3,0,14,20,10,23,19,18,15,14
0,0,0,0,0,0,0,0,6,0,0,0,0,0,3,0,0,0,1,0,0,0,0,0,0,0,0,0,0,0,3,0,0,0,0,0,0,3,3,0,0,0,0,12,5,3,6,0,0,0,1,6,0,3,0,0,20,10,23,19,18,15,14,0
0,10,6,0,0,0,0,0,0,7,0,0,1,0,0,0,0,15,0,0,0,0,0,0,0,19,0,0,0,0,0,3,0,17,0,0,0,12,5,3,0,3,0,0,1,6,0,3,0,14,20,10,23,19,18,15,0,0,0,0,0,0,0,0
10,6,0,0,0,0,0,3,7,0,0,1,0,0,0,0,15,0,0,0,0,0,0,3,19,0,0,0,0,0,3,3,17,0,0,0,12,5,3,6,3,0,0,1,6,0,3,0,14,20,10,23,19,18,15,14,0,0,0,0,0,0,0,0
6,0,0,0,0,0,3,0,0,0,1,0,0,0,0,0,0,0,0,0,0,0,3,0,0,0,0,0,0,3,3,0,0,0,0,12,5,3,6,0,0,0,1,6,0,3,0,0,20,10,23,19,18,15,14,0,0,0,0,0,0,0,0,0
0,0,0,0,0,0,0,0,0,0,0,0,0,0,0,0,0,0,3,0,0,0,0,3,0,0,0,0,0,1,0,7,0,9,0,3,0,3,0,3,0,3,0,0,0,1,0,3,0,13,0,0,0,0,0,3,0,0,0,0,0,0,3,0
0,0,0,0,0,0,0,0,0,0,0,0,0,0,0,0,0,3,0,0,0,0,3,0,0,0,0,0,1,0,7,0,9,0,3,0,3,0,3,0,3,0,0,0,1,0,3,0,13,0,0,0,0,0,3,0,0,0,0,0,0,3,0,0
0,0,0,0,0,0,0,0,0,0,0,0,0,0,0,0,3,0,0,0,0,3,0,0,0,0,0,1,0,7,0,0,0,3,0,3,0,3,0,0,0,0,0,1,0,3,0,0,0,0,0,0,0,3,0,0,0,0,0,0,3,0,0,0
0,0,0,0,0,0,0,0,0,0,3,0,0,0,0,3,0,0,0,0,0,1,0,7,0,9,0,3,0,3,0,3,0,3,0,0,0,1,0,3,0,13,0,0,0,0,0,3,0,0,0,0,0,0,3,0,0,0,0,0,0,0,0,0
0,0,0,0,0,0,0,0,0,3,0,0,0,0,3,0,0,0,0,0,1,0,7,0,9,0,3,0,3,0,3,0,3,0,0,0,1,0,3,0,13,0,0,0,0,0,3,0,0,0,0,0,0,3,0,0,0,0,0,0,0,0,0,0
0,0,0,0,0,0,0,0,3,0,0,0,0,3,0,0,0,0,0,1,0,7,0,0,0,3,0,3,0,3,0,0,0,0,0,1,0,3,0,0,0,0,0,0,0,3,0,0,0,0,0,0,3,0,0,0,0,0,0,0,0,0,0,0
0,0,3,0,0,0,0,3,0,0,0,0,0,1,0,7,0,9,0,3,0,3,0,3,0,3,0,0,0,1,0,3,0,13,0,0,0,0,0,3,0,0,0,0,0,0,3,0,0,0,0,0,0,0,0,0,0,0,0,0,0,0,0,0
0,3,0,0,0,0,3,0,0,0,0,0,1,0,7,0,9,0,3,0,3,0,3,0,3,0,0,0,1,0,3,0,13,0,0,0,0,0,3,0,0,0,0,0,0,3,0,0,0,0,0,0,0,0,0,0,0,0,0,0,0,0,0,0
3,0,0,0,0,3,0,0,0,0,0,1,0,7,0,0,0,3,0,3,0,3,0,0,0,0,0,1,0,3,0,0,0,0,0,0,0,3,0,0,0,0,0,0,3,0,0,0,0,0,0,0,0,0,0,0,0,0,0,0,0,0,0,0
0,0,0,0,0,0,0,0,0,0,0,3,1,1,1,0,0,0,0,0,0,0,0,0,0,0,0,0,0,3,0,0,0,0,0,0,0,0,0,0,0,0,0,0,0,0,0,0,0,0,0,0,6,0,0,3,0,0,1,0,1,0,5,0
0,0,0,0,0,0,0,0,0,0,3,1,1,1,0,23,0,0,0,0,0,0,0,22,0,0,0,0,3,0,0,28,0,0,0,0,0,0,0,26,0,0,0,0,0,0,0,22,0,0,0,6,0,0,3,19,0,1,0,1,0,5,0,15
0,0,0,0,0,0,0,0,0,3,1,1,1,0,23,0,0,0,0,0,0,0,22,0,0,0,0,3,0,0,28,0,0,0,0,0,0,0,26,0,0,0,0,0,0,0,22,0,0,0,6,0,0,3,19,0,1,0,1,0,5,0,15,0
0,0,0,3,1,1,1,0,0,0,0,0,0,0,0,0,0,0,0,0,0,3,0,0,0,0,0,0,0,0,0,0,0,0,0,0,0,0,0,0,0,0,0,0,6,0,0,3,0,0,1,0,1,0,5,0,0,12,27,28,21,22,15,18
0,0,3,1,1,1,0,23,0,0,0,0,0,0,0,22,0,0,0,0,3,0,0,28,0,0,0,0,0,0,0,26,0,0,0,0,0,0,0,22,0,0,0,6,0,0,3,19,0,1,0,1,0,5,0,15,12,27,28,21,22,15,18,28
0,3,1,1,1,0,23,0,0,0,0,0,0,0,22,0,0,0,0,3,0,0,28,0,0,0,0,0,0,0,26,0,0,0,0,0,0,0,22,0,0,0,6,0,0,3,19,0,1,0,1,0,5,0,15,0,27,28,21,22,15,18,28,0
0,0,0,0,0,0,0,0,0,0,0,0,0,3,0,0,0,0,0,0,0,0,0,0,0,0,0,0,0,0,0,0,0,0,0,0,6,0,0,3,0,0,1,0,1,0,5,0,0,12,27,28,21,22,15,18,0,0,0,0,0,0,0,0
0,0,0,0,0,0,0,22,0,0,0,0,3,0,0,28,0,0,0,0,0,0,0,26,0,0,0,0,0,0,0,22,0,0,0,6,0,0,3,19,0,1,0,1,0,5,0,15,12,27,28,21,22,15,18,28,0,0,0,0,0,0,0,0
0,0,0,0,0,0,22,0,0,0,0,3,0,0,28,0,0,0,0,0,0,0,26,0,0,0,0,0,0,0,22,0,0,0,6,0,0,3,19,0,1,0,1,0,5,0,15,0,27,28,21,22,15,18,28,0,0,0,0,0,0,0,0,0
0,0,0,0,0,0,0,0,0,0,3,3,0,5,0,1,0,13,14,7,10,15,9,7,0,12,12,23,9,15,14,15,0,19,10,14,15,9,3,15,0,23,21,15,14,13,9,17,0,24,30,33,14,25,15,15,0,17,41,35,24,14,17,15
0,0,0,0,0,0,0,0,0,3,3,0,5,0,1,1,13,14,7,10,15,9,7,0,12,12,23,9,15,14,15,0,19,10,14,15,9,3,15,0,23,21,15,14,13,9,17,0,24,30,33,14,25,15,15,0,17,41,35,24,14,17,15,0
0,0,0,0,0,0,0,0,3,3,0,5,0,1,1,0,14,7,10,15,9,7,0,0,12,23,9,15,14,15,0,0,10,14,15,9,3,15,0,0,21,15,14,13,9,17,0,0,30,33,14,25,15,15,0,0,41,35,24,14,17,15,0,0
0,0,3,3,0,5,0,1,0,13,14,7,10,15,9,7,0,12,12,23,9,15,14,15,0,19,10,14,15,9,3,15,0,23,21,15,14,13,9,17,0,24,30,33,14,25,15,15,0,17,41,35,24,14,17,15,0,20,0,12,7,3,1,6
0,3,3,0,5,0,1,1,13,14,7,10,15,9,7,0,12,12,23,9,15,14,15,0,19,10,14,15,9,3,15,0,23,21,15,14,13,9,17,0,24,30,33,14,25,15,15,0,17,41,35,24,14,17,15,0,20,0,12,7,3,1,6,0
3,3,0,5,0,1,1,0,14,7,10,15,9,7,0,0,12,23,9,15,14,15,0,0,10,14,15,9,3,15,0,0,21,15,14,13,9,17,0,0,30,33,14,25,15,15,0,0,41,35,24,14,17,15,0,0,0,12,7,3,1,6,0,0
0,13,14,7,10,15,9,7,0,12,12,23,9,15,14,15,0,19,10,14,15,9,3,15,0,23,21,15,14,13,9,17,0,24,30,33,14,25,15,15,0,17,41,35,24,14,17,15,0,20,0,12,7,3,1,6,0,0,0,0,0,0,0,0
13,14,7,10,15,9,7,0,12,12,23,9,15,14,15,0,19,10,14,15,9,3,15,0,23,21,15,14,13,9,17,0,24,30,33,14,25,15,15,0,17,41,35,24,14,17,15,0,20,0,12,7,3,1,6,0,0,0,0,0,0,0,0,0
14,7,10,15,9,7,0,0,12,23,9,15,14,15,0,0,10,14,15,9,3,15,0,0,21,15,14,13,9,17,0,0,30,33,14,25,15,15,0,0,41,35,24,14,17,15,0,0,0,12,7,3,1,6,0,0,0,0,0,0,0,0,0,0
0,0,0,0,0,0,0,0,0,0,0,0,0,0,0,0,0,0,0,0,0,0,0,0,0,0,0,0,0,0,0,0,0,0,0,0,0,0,0,0,0,0,0,0,0,0,0,0,0,0,0,0,0,0,0,0,0,0,0,0,0,0,0,0
0,0,0,0,0,0,0,0,0,0,0,0,0,0,0,0,0,0,0,0,0,0,0,0,0,0,0,0,0,0,0,0,0,0,0,0,0,0,0,0,0,0,0,0,0,0,0,0,0,0,0,0,0,0,0,0,0,0,0,0,0,0,0,0
0,0,0,0,0,0,0,0,0,0,0,0,0,0,0,0,0,0,0,0,0,0,0,0,0,0,0,0,0,0,0,0,0,0,0,0,0,0,0,0,0,0,0,0,0,0,0,0,0,0,0,0,0,0,0,0,0,0,0,0,0,0,0,0
0,0,0,0,0,0,0,0,0,0,0,0,0,0,0,0,0,0,0,0,0,0,0,0,0,0,0,0,0,0,0,0,0,0,0,0,0,0,0,0,0,0,0,0,0,0,0,0,0,0,0,0,0,0,0,0,0,0,0,0,0,0,0,0
0,0,0,0,0,0,0,0,0,0,0,0,0,0,0,0,0,0,0,0,0,0,0,0,0,0,0,0,0,0,0,0,0,0,0,0,0,0,0,0,0,0,0,0,0,0,0,0,0,0,0,0,0,0,0,0,0,0,0,0,0,0,0,0
0,0,0,0,0,0,0,0,0,0,0,0,0,0,0,0,0,0,0,0,0,0,0,0,0,0,0,0,0,0,0,0,0,0,0,0,0,0,0,0,0,0,0,0,0,0,0,0,0,0,0,0,0,0,0,0,0,0,0,0,0,0,0,0
0,0,0,0,0,0,0,0,0,0,0,0,0,0,0,0,0,0,0,0,0,0,0,0,0,0,0,0,0,0,0,0,0,0,0,0,0,0,0,0,0,0,0,0,0,0,0,0,0,0,0,0,0,0,0,0,0,0,0,0,0,0,0,0
0,0,0,0,0,0,0,0,0,0,0,0,0,0,0,0,0,0,0,0,0,0,0,0,0,0,0,0,0,0,0,0,0,0,0,0,0,0,0,0,0,0,0,0,0,0,0,0,0,0,0,0,0,0,0,0,0,0,0,0,0,0,0,0
0,0,0,0,0,0,0,0,0,0,0,0,0,0,0,0,0,0,0,0,0,0,0,0,0,0,0,0,0,0,0,0,0,0,0,0,0,0,0,0,0,0,0,0,0,0,0,0,0,0,0,0,0,0,0,0,0,0,0,0,0,0,0,0
0,0,0,0,0,0,0,0,0,37,31,25,22,26,26,25,0,24,7,9,3,0,11,3,0,17,1,0,7,1,0,5,0,28,9,3,5,3,0,1,0,24,14,9,0,3,6,10,0,22,9,11,0,9,12,5,0,13,0,7,0,9,10,11
0,0,0,0,0,0,0,0,37,31,25,22,26,26,25,27,24,7,9,3,0,11,3,13,17,1,0,7,1,0,5,17,28,9,3,5,3,0,1,15,24,14,9,0,3,6,10,17,22,9,11,0,9,12,5,18,13,0,7,0,9,10,11,15
0,0,0,0,0,0,0,0,31,25,22,26,26,25,27,0,7,9,3,0,11,3,13,0,1,0,7,1,0,5,17,0,9,3,5,3,0,1,15,0,14,9,0,3,6,10,17,0,9,11,0,9,12,5,18,0,0,7,0,9,10,11,15,0
0,37,31,25,22,26,26,25,0,24,7,9,3,0,11,3,0,17,1,0,7,1,0,5,0,28,9,3,5,3,0,1,0,24,14,9,0,3,6,10,0,22,9,11,0,9,12,5,0,13,0,7,0,9,10,11,0,11,0,0,0,3,3,1
37,31,25,22,26,26,25,27,24,7,9,3,0,11,3,13,17,1,0,7,1,0,5,17,28,9,3,5,3,0,1,15,24,14,9,0,3,6,10,17,22,9,11,0,9,12,5,18,13,0,7,0,9,10,11,15,11,0,0,0,3,3,1,3
31,25,22,26,26,25,27,0,7,9,3,0,11,3,13,0,1,0,7,1,0,5,17,0,9,3,5,3,0,1,15,0,14,9,0,3,6,10,17,0,9,11,0,9,12,5,18,0,0,7,0,9,10,11,15,0,0,0,0,3,3,1,3,0
0,24,7,9,3,0,11,3,0,17,1,0,7,1,0,5,0,28,9,3,5,3,0,1,0,24,14,9,0,3,6,10,0,22,9,11,0,9,12,5,0,13,0,7,0,9,10,11,0,11,0,0,0,3,3,1,0,0,0,0,0,0,0,0
24,7,9,3,0,11,3,13,17,1,0,7,1,0,5,17,28,9,3,5,3,0,1,15,24,14,9,0,3,6,10,17,22,9,11,0,9,12,5,18,13,0,7,0,9,10,11,15,11,0,0,0,3,3,1,3,0,0,0,0,0,0,0,0
7,9,3,0,11,3,13,0,1,0,7,1,0,5,17,0,9,3,5,3,0,1,15,0,14,9,0,3,6,10,17,0,9,11,0,9,12,5,18,0,0,7,0,9,10,11,15,0,0,0,0,3,3,1,3,0,0,0,0,0,0,0,0,0
0,0,0,0,0,0,0,0,0,30,48,46,43,43,49,45,0,26,40,41,38,39,44,40,0,28,42,56,47,42,46,42,0,26,50,37,51,39,49,49,0,30,52,31,40,40,37,46,0,36,52,44,30,42,44,47,0,14,40,48,38,41,41,41
0,0,0,0,0,0,0,0,30,48,46,43,43,49,45,45,26,40,41,38,39,44,40,43,28,42,56,47,42,46,42,44,26,50,37,51,39,49,49,46,30,52,31,40,40,37,46,38,36,52,44,30,42,44,47,40,14,40,48,38,41,41,41,40
0,0,0,0,0,0,0,0,48,46,43,43,49,45,45,0,40,41,38,39,44,40,43,0,42,56,47,42,46,42,44,0,50,37,51,39,49,49,46,0,52,31,40,40,37,46,38,0,52,44,30,42,44,47,40,0,40,48,38,41,41,41,40,0
0,30,48,46,43,43,49,45,0,26,40,41,38,39,44,40,0,28,42,56,47,42,46,42,0,26,50,37,51,39,49,49,0,30,52,31,40,40,37,46,0,36,52,44,30,42,44,47,0,14,40,48,38,41,41,41,0,14,23,27,31,31,35,37
30,48,46,43,43,49,45,45,26,40,41,38,39,44,40,43,28,42,56,47,42,46,42,44,26,50,37,51,39,49,49,46,30,52,31,40,40,37,46,38,36,52,44,30,42,44,47,40,14,40,48,38,41,41,41,40,14,23,27,31,31,35,37,28
48,46,43,43,49,45,45,0,40,41,38,39,44,40,43,0,42,56,47,42,46,42,44,0,50,37,51,39,49,49,46,0,52,31,40,40,37,46,38,0,52,44,30,42,44,47,40,0,40,48,38,41,41,41,40,0,23,27,31,31,35,37,28,0
0,26,40,41,38,39,44,40,0,28,42,56,47,42,46,42,0,26,50,37,51,39,49,49,0,30,52,31,40,40,37,46,0,36,52,44,30,42,44,47,0,14,40,48,38,41,41,41,0,14,23,27,31,31,35,37,0,0,0,0,0,0,0,0
26,40,41,38,39,44,40,43,28,42,56,47,42,46,42,44,26,50,37,51,39,49,49,46,30,52,31,40,40,37,46,38,36,52,44,30,42,44,47,40,14,40,48,38,41,41,41,40,14,23,27,31,31,35,37,28,0,0,0,0,0,0,0,0
40,41,38,39,44,40,43,0,42,56,47,42,46,42,44,0,50,37,51,39,49,49,46,0,52,31,40,40,37,46,38,0,52,44,30,42,44,47,40,0,40,48,38,41,41,41,40,0,23,27,31,31,35,37,28,0,0,0,0,0,0,0,0,0
0,0,0,0,0,0,0,0,0,28,25,28,33,27,28,28,0,34,9,7,12,7,5,11,0,20,9,3,7,9,3,0,0,22,0,14,7,5,7,0,0,24,13,14,11,0,6,3,0,25,6,7,3,6,3,7,0,25,3,7,5,7,9,3
0,0,0,0,0,0,0,0,28,25,28,33,27,28,28,12,34,9,7,12,7,5,11,0,20,9,3,7,9,3,0,0,22,0,14,7,5,7,0,0,24,13,14,11,0,6,3,0,25,6,7,3,6,3,7,3,25,3,7,5,7,9,3,6
0,0,0,0,0,0,0,0,25,28,33,27,28,28,12,0,9,7,12,7,5,11,0,0,9,3,7,9,3,0,0,0,0,14,7,5,7,0,0,0,13,14,11,0,6,3,0,0,6,7,3,6,3,7,3,0,3,7,5,7,9,3,6,0
0,28,25,28,33,27,28,28,0,34,9,7,12,7,5,11,0,20,9,3,7,9,3,0,0,22,0,14,7,5,7,0,0,24,13,14,11,0,6,3,0,25,6,7,3,6,3,7,0,25,3,7,5,7,9,3,0,11,3,5,7,7,10,11
28,25,28,33,27,28,28,12,34,9,7,12,7,5,11,0,20,9,3,7,9,3,0,0,22,0,14,7,5,7,0,0,24,13,14,11,0,6,3,0,25,6,7,3,6,3,7,3,25,3,7,5,7,9,3,6,11,3,5,7,7,10,11,12
25,28,33,27,28,28,12,0,9,7,12,7,5,11,0,0,9,3,7,9,3,0,0,0,0,14,7,5,7,0,0,0,13,14,11,0,6,3,0,0,6,7,3,6,3,7,3,0,3,7,5,7,9,3,6,0,3,5,7,7,10,11,12,0
0,34,9,7,12,7,5,11,0,20,9,3,7,9,3,0,0,22,0,14,7,5,7,0,0,24,13,14,11,0,6,3,0,25,6,7,3,6,3,7,0,25,3,7,5,7,9,3,0,11,3,5,7,7,10,11,0,0,0,0,0,0,0,0
34,9,7,12,7,5,11,0,20,9,3,7,9,3,0,0,22,0,14,7,5,7,0,0,24,13,14,11,0,6,3,0,25,6,7,3,6,3,7,3,25,3,7,5,7,9,3,6,11,3,5,7,7,10,11,12,0,0,0,0,0,0,0,0
9,7,12,7,5,11,0,0,9,3,7,9,3,0,0,0,0,14,7,5,7,0,0,0,13,14,11,0,6,3,0,0,6,7,3,6,3,7,3,0,3,7,5,7,9,3,6,0,3,5,7,7,10,11,12,0,0,0,0,0,0,0,0,0
0,0,0,0,0,0,0,0,0,0,0,0,0,0,0,0,0,0,0,0,0,0,0,0,0,0,0,0,0,0,0,0,0,0,0,0,0,0,0,0,0,0,0,0,0,0,0,0,0,0,0,0,0,0,0,0,0,0,0,0,0,0,0,0
0,0,0,0,0,0,0,0,0,0,0,0,0,0,0,0,0,0,0,0,0,0,0,7,0,0,0,0,0,0,0,0,0,0,0,0,0,0,0,0,0,0,0,0,0,0,0,6,0,0,0,0,0,0,0,1,0,0,0,0,0,0,0,7
0,0,0,0,0,0,0,0,0,0,0,0,0,0,0,0,0,0,0,0,0,0,7,0,0,0,0,0,0,0,0,0,0,0,0,0,0,0,0,0,0,0,0,0,0,0,6,0,0,0,0,0,0,0,1,0,0,0,0,0,0,0,7,0
0,0,0,0,0,0,0,0,0,0,0,0,0,0,0,0,0,0,0,0,0,0,0,0,0,0,0,0,0,0,0,0,0,0,0,0,0,0,0,0,0,0,0,0,0,0,0,0,0,0,0,0,0,0,0,0,0,0,0,5,9,7,6,3
0,0,0,0,0,0,0,0,0,0,0,0,0,0,0,7,0,0,0,0,0,0,0,0,0,0,0,0,0,0,0,0,0,0,0,0,0,0,0,6,0,0,0,0,0,0,0,1,0,0,0,0,0,0,0,7,0,0,5,9,7,6,3,7
0,0,0,0,0,0,0,0,0,0,0,0,0,0,7,0,0,0,0,0,0,0,0,0,0,0,0,0,0,0,0,0,0,0,0,0,0,0,6,0,0,0,0,0,0,0,1,0,0,0,0,0,0,0,7,0,0,5,9,7,6,3,7,0
0,0,0,0,0,0,0,0,0,0,0,0,0,0,0,0,0,0,0,0,0,0,0,0,0,0,0,0,0,0,0,0,0,0,0,0,0,0,0,0,0,0,0,0,0,0,0,0,0,0,0,5,9,7,6,3,0,0,0,0,0,0,0,0
0,0,0,0,0,0,0,7,0,0,0,0,0,0,0,0,0,0,0,0,0,0,0,0,0,0,0,0,0,0,0,6,0,0,0,0,0,0,0,1,0,0,0,0,0,0,0,7,0,0,5,9,7,6,3,7,0,0,0,0,0,0,0,0
0,0,0,0,0,0,7,0,0,0,0,0,0,0,0,0,0,0,0,0,0,0,0,0,0,0,0,0,0,0,6,0,0,0,0,0,0,0,1,0,0,0,0,0,0,0,7,0,0,5,9,7,6,3,7,0,0,0,0,0,0,0,0,0
0,0,0,0,0,0,0,0,0,0,0,0,0,0,0,0,0,0,0,0,0,0,0,0,0,0,0,0,0,0,0,0,0,0,0,0,0,0,0,0,0,0,0,0,0,0,0,0,0,0,0,0,0,0,0,0,0,0,0,0,0,0,0,0
0,0,0,0,0,0,0,0,0,0,0,0,0,0,0,0,0,0,0,0,0,0,0,0,0,0,0,0,0,0,0,0,0,0,0,0,0,0,0,0,0,0,0,0,0,0,0,0,0,0,0,0,0,0,0,0,0,0,0,0,0,0,0,0
0,0,0,0,0,0,0,0,0,0,0,0,0,0,0,0,0,0,0,0,0,0,0,0,0,0,0,0,0,0,0,0,0,0,0,0,0,0,0,0,0,0,0,0,0,0,0,0,0,0,0,0,0,0,0,0,0,0,0,0,0,0,0,0
0,0,0,0,0,0,0,0,0,0,0,0,0,0,0,0,0,0,0,0,0,0,0,0,0,0,0,0,0,0,0,0,0,0,0,0,0,0,0,0,0,0,0,0,0,0,0,0,0,0,0,0,0,0,0,0,0,0,0,0,0,0,0,0
0,0,0,0,0,0,0,0,0,0,0,0,0,0,0,0,0,0,0,0,0,0,0,0,0,0,0,0,0,0,0,0,0,0,0,0,0,0,0,0,0,0,0,0,0,0,0,0,0,0,0,0,0,0,0,0,0,0,0,0,0,0,0,0
0,0,0,0,0,0,0,0,0,0,0,0,0,0,0,0,0,0,0,0,0,0,0,0,0,0,0,0,0,0,0,0,0,0,0,0,0,0,0,0,0,0,0,0,0,0,0,0,0,0,0,0,0,0,0,0,0,0,0,0,0,0,0,0
0,0,0,0,0,0,0,0,0,0,0,0,0,0,0,0,0,0,0,0,0,0,0,0,0,0,0,0,0,0,0,0,0,0,0,0,0,0,0,0,0,0,0,0,0,0,0,0,0,0,0,0,0,0,0,0,0,0,0,0,0,0,0,0
0,0,0,0,0,0,0,0,0,0,0,0,0,0,0,0,0,0,0,0,0,0,0,0,0,0,0,0,0,0,0,0,0,0,0,0,0,0,0,0,0,0,0,0,0,0,0,0,0,0,0,0,0,0,0,0,0,0,0,0,0,0,0,0
0,0,0,0,0,0,0,0,0,0,0,0,0,0,0,0,0,0,0,0,0,0,0,0,0,0,0,0,0,0,0,0,0,0,0,0,0,0,0,0,0,0,0,0,0,0,0,0,0,0,0,0,0,0,0,0,0,0,0,0,0,0,0,0
0,0,0,0,0,0,0,0,0,26,24,25,28,23,23,19,0,21,20,21,21,14,19,12,0,24,24,25,18,7,22,17,0,25,26,25,18,18,13,11,0,23,23,19,15,12,7,9,0,31,25,10,15,3,3,7,0,33,22,1,12,7,12,9
0,0,0,0,0,0,0,0,26,24,25,28,23,23,19,20,21,20,21,21,14,19,12,14,24,24,25,18,7,22,17,14,25,26,25,18,18,13,11,10,23,23,19,15,12,7,9,19,31,25,10,15,3,3,7,14,33,22,1,12,7,12,9,17
0,0,0,0,0,0,0,0,24,25,28,23,23,19,20,0,20,21,21,14,19,12,14,0,24,25,18,7,22,17,14,0,26,25,18,18,13,11,10,0,23,19,15,12,7,9,19,0,25,10,15,3,3,7,14,0,22,1,12,7,12,9,17,0
0,26,24,25,28,23,23,19,0,21,20,21,21,14,19,12,0,24,24,25,18,7,22,17,0,25,26,25,18,18,13,11,0,23,23,19,15,12,7,9,0,31,25,10,15,3,3,7,0,33,22,1,12,7,12,9,0,9,0,0,0,0,7,6
26,24,25,28,23,23,19,20,21,20,21,21,14,19,12,14,24,24,25,18,7,22,17,14,25,26,25,18,18,13,11,10,23,23,19,15,12,7,9,19,31,25,10,15,3,3,7,14,33,22,1,12,7,12,9,17,9,0,0,0,0,7,6,7
24,25,28,23,23,19,20,0,20,21,21,14,19,12,14,0,24,25,18,7,22,17,14,0,26,25,18,18,13,11,10,0,23,19,15,12,7,9,19,0,25,10,15,3,3,7,14,0,22,1,12,7,12,9,17,0,0,0,0,0,7,6,7,0
0,21,20,21,21,14,19,12,0,24,24,25,18,7,22,17,0,25,26,25,18,18,13,11,0,23,23,19,15,12,7,9,0,31,25,10,15,3,3,7,0,33,22,1,12,7,12,9,0,9,0,0,0,0,7,6,0,0,0,0,0,0,0,0
21,20,21,21,14,19,12,14,24,24,25,18,7,22,17,14,25,26,25,18,18,13,11,10,23,23,19,15,12,7,9,19,31,25,10,15,3,3,7,14,33,22,1,12,7,12,9,17,9,0,0,0,0,7,6,7,0,0,0,0,0,0,0,0
20,21,21,14,19,12,14,0,24,25,18,7,22,17,14,0,26,25,18,18,13,11,10,0,23,19,15,12,7,9,19,0,25,10,15,3,3,7,14,0,22,1,12,7,12,9,17,0,0,0,0,0,7,6,7,0,0,0,0,0,0,0,0,0
0,0,0,0,0,0,0,0,0,0,10,15,13,6,7,7,0,0,0,0,0,0,5,0,0,0,0,0,0,0,0,0,0,0,0,0,0,0,0,0,0,0,0,0,0,0,0,0,0,0,0,0,0,0,0,0,0,0,0,0,0,0,0,0
0,0,0,0,0,0,0,0,0,10,15,13,6,7,7,0,0,0,0,0,0,5,0,0,0,0,0,0,0,0,0,0,0,0,0,0,0,0,0,0,0,0,0,0,0,0,0,0,0,0,0,0,0,0,0,0,0,0,0,0,0,0,0,0
0,0,0,0,0,0,0,0,10,15,13,6,7,7,0,0,0,0,0,0,5,0,0,0,0,0,0,0,0,0,0,0,0,0,0,0,0,0,0,0,0,0,0,0,0,0,0,0,0,0,0,0,0,0,0,0,0,0,0,0,0,0,0,0
0,0,10,15,13,6,7,7,0,0,0,0,0,0,5,0,0,0,0,0,0,0,0,0,0,0,0,0,0,0,0,0,0,0,0,0,0,0,0,0,0,0,0,0,0,0,0,0,0,0,0,0,0,0,0,0,0,0,0,0,0,0,0,0
0,10,15,13,6,7,7,0,0,0,0,0,0,5,0,0,0,0,0,0,0,0,0,0,0,0,0,0,0,0,0,0,0,0,0,0,0,0,0,0,0,0,0,0,0,0,0,0,0,0,0,0,0,0,0,0,0,0,0,0,0,0,0,0
10,15,13,6,7,7,0,0,0,0,0,0,5,0,0,0,0,0,0,0,0,0,0,0,0,0,0,0,0,0,0,0,0,0,0,0,0,0,0,0,0,0,0,0,0,0,0,0,0,0,0,0,0,0,0,0,0,0,0,0,0,0,0,0
0,0,0,0,0,0,5,0,0,0,0,0,0,0,0,0,0,0,0,0,0,0,0,0,0,0,0,0,0,0,0,0,0,0,0,0,0,0,0,0,0,0,0,0,0,0,0,0,0,0,0,0,0,0,0,0,0,0,0,0,0,0,0,0
0,0,0,0,0,5,0,0,0,0,0,0,0,0,0,0,0,0,0,0,0,0,0,0,0,0,0,0,0,0,0,0,0,0,0,0,0,0,0,0,0,0,0,0,0,0,0,0,0,0,0,0,0,0,0,0,0,0,0,0,0,0,0,0
0,0,0,0,5,0,0,0,0,0,0,0,0,0,0,0,0,0,0,0,0,0,0,0,0,0,0,0,0,0,0,0,0,0,0,0,0,0,0,0,0,0,0,0,0,0,0,0,0,0,0,0,0,0,0,0,0,0,0,0,0,0,0,0
0,0,0,0,0,0,0,0,0,10,0,1,0,0,0,0,0,17,5,18,10,1,9,0,0,17,0,17,7,0,3,0,0,23,7,9,11,12,0,0,0,15,13,15,9,14,0,3,0,26,14,3,6,5,0,0,0,11,15,21,3,0,0,0
0,0,0,0,0,0,0,0,10,0,1,0,0,0,0,0,17,5,18,10,1,9,0,0,17,0,17,7,0,3,0,0,23,7,9,11,12,0,0,0,15,13,15,9,14,0,3,0,26,14,3,6,5,0,0,0,11,15,21,3,0,0,0,0
0,0,0,0,0,0,0,0,0,1,0,0,0,0,0,0,5,18,10,1,9,0,0,0,0,17,7,0,3,0,0,0,7,9,11,12,0,0,0,0,13,15,9,14,0,3,0,0,14,3,6,5,0,0,0,0,15,21,3,0,0,0,0,0
0,10,0,1,0,0,0,0,0,17,5,18,10,1,9,0,0,17,0,17,7,0,3,0,0,23,7,9,11,12,0,0,0,15,13,15,9,14,0,3,0,26,14,3,6,5,0,0,0,11,15,21,3,0,0,0,0,0,0,0,0,0,0,0
10,0,1,0,0,0,0,0,17,5,18,10,1,9,0,0,17,0,17,7,0,3,0,0,23,7,9,11,12,0,0,0,15,13,15,9,14,0,3,0,26,14,3,6,5,0,0,0,11,15,21,3,0,0,0,0,0,0,0,0,0,0,0,0
0,1,0,0,0,0,0,0,5,18,10,1,9,0,0,0,0,17,7,0,3,0,0,0,7,9,11,12,0,0,0,0,13,15,9,14,0,3,0,0,14,3,6,5,0,0,0,0,15,21,3,0,0,0,0,0,0,0,0,0,0,0,0,0
0,17,5,18,10,1,9,0,0,17,0,17,7,0,3,0,0,23,7,9,11,12,0,0,0,15,13,15,9,14,0,3,0,26,14,3,6,5,0,0,0,11,15,21,3,0,0,0,0,0,0,0,0,0,0,0,0,0,0,0,0,0,0,0
17,5,18,10,1,9,0,0,17,0,17,7,0,3,0,0,23,7,9,11,12,0,0,0,15,13,15,9,14,0,3,0,26,14,3,6,5,0,0,0,11,15,21,3,0,0,0,0,0,0,0,0,0,0,0,0,0,0,0,0,0,0,0,0
5,18,10,1,9,0,0,0,0,17,7,0,3,0,0,0,7,9,11,12,0,0,0,0,13,15,9,14,0,3,0,0,14,3,6,5,0,0,0,0,15,21,3,0,0,0,0,0,0,0,0,0,0,0,0,0,0,0,0,0,0,0,0,0
0,0,0,0,0,0,0,0,0,0,0,0,0,0,0,0,0,0,0,0,0,0,0,0,0,3,0,0,0,0,0,0,0,1,0,0,0,0,0,0,0,0,0,0,0,0,0,0,0,15,0,0,0,3,3,0,0,10,0,0,0,0,6,0
0,0,0,0,0,0,0,0,0,0,0,0,0,0,0,0,0,0,0,0,0,0,0,0,3,0,0,0,0,0,0,0,1,0,0,0,0,0,0,0,0,0,0,0,0,0,0,0,15,0,0,0,3,3,0,0,10,0,0,0,0,6,0,0
0,0,0,0,0,0,0,0,0,0,0,0,0,0,0,0,0,0,0,0,0,0,0,0,0,0,0,0,0,0,0,0,0,0,0,0,0,0,0,0,0,0,0,0,0,0,0,0,0,0,0,3,3,0,0,0,0,0,0,0,6,0,0,0
0,0,0,0,0,0,0,0,0,0,0,0,0,0,0,0,0,3,0,0,0,0,0,0,0,1,0,0,0,0,0,0,0,0,0,0,0,0,0,0,0,15,0,0,0,3,3,0,0,10,0,0,0,0,6,0,0,6,0,0,0,0,0,0
0,0,0,0,0,0,0,0,0,0,0,0,0,0,0,0,3,0,0,0,0,0,0,0,1,0,0,0,0,0,0,0,0,0,0,0,0,0,0,0,15,0,0,0,3,3,0,0,10,0,0,0,0,6,0,0,6,0,0,0,0,0,0,0
0,0,0,0,0,0,0,0,0,0,0,0,0,0,0,0,0,0,0,0,0,0,0,0,0,0,0,0,0,0,0,0,0,0,0,0,0,0,0,0,0,0,0,3,3,0,0,0,0,0,0,0,6,0,0,0,0,0,0,0,0,0,0,0
0,0,0,0,0,0,0,0,0,3,0,0,0,0,0,0,0,1,0,0,0,0,0,0,0,0,0,0,0,0,0,0,0,15,0,0,0,3,3,0,0,10,0,0,0,0,6,0,0,6,0,0,0,0,0,0,0,0,0,0,0,0,0,0
0,0,0,0,0,0,0,0,3,0,0,0,0,0,0,0,1,0,0,0,0,0,0,0,0,0,0,0,0,0,0,0,15,0,0,0,3,3,0,0,10,0,0,0,0,6,0,0,6,0,0,0,0,0,0,0,0,0,0,0,0,0,0,0
0,0,0,0,0,0,0,0,0,0,0,0,0,0,0,0,0,0,0,0,0,0,0,0,0,0,0,0,0,0,0,0,0,0,0,3,3,0,0,0,0,0,0,0,6,0,0,0,0,0,0,0,0,0,0,0,0,0,0,0,0,0,0,0
0,0,0,0,0,0,0,0,0,7,0,0,0,0,0,0,0,19,3,0,7,0,1,0,0,17,0,7,3,0,7,0,0,24,9,3,5,0,6,0,0,20,7,0,10,0,1,6,0,21,7,0,6,6,7,0,0,23,0,12,3,6,0,0
0,0,0,0,0,0,0,0,7,0,0,0,0,0,0,0,19,3,0,7,0,1,0,0,17,0,7,3,0,7,0,0,24,9,3,5,0,6,0,0,20,7,0,10,0,1,6,0,21,7,0,6,6,7,0,0,23,0,12,3,6,0,0,0
0,0,0,0,0,0,0,0,0,0,0,0,0,0,0,0,3,0,7,0,1,0,0,0,0,7,3,0,7,0,0,0,9,3,5,0,6,0,0,0,7,0,10,0,1,6,0,0,7,0,6,6,7,0,0,0,0,12,3,6,0,0,0,0
0,7,0,0,0,0,0,0,0,19,3,0,7,0,1,0,0,17,0,7,3,0,7,0,0,24,9,3,5,0,6,0,0,20,7,0,10,0,1,6,0,21,7,0,6,6,7,0,0,23,0,12,3,6,0,0,0,23,1,7,3,3,5,1
7,0,0,0,0,0,0,0,19,3,0,7,0,1,0,0,17,0,7,3,0,7,0,0,24,9,3,5,0,6,0,0,20,7,0,10,0,1,6,0,21,7,0,6,6,7,0,0,23,0,12,3,6,0,0,0,23,1,7,3,3,5,1,0
0,0,0,0,0,0,0,0,3,0,7,0,1,0,0,0,0,7,3,0,7,0,0,0,9,3,5,0,6,0,0,0,7,0,10,0,1,6,0,0,7,0,6,6,7,0,0,0,0,12,3,6,0,0,0,0,1,7,3,3,5,1,0,0
0,19,3,0,7,0,1,0,0,17,0,7,3,0,7,0,0,24,9,3,5,0,6,0,0,20,7,0,10,0,1,6,0,21,7,0,6,6,7,0,0,23,0,12,3,6,0,0,0,23,1,7,3,3,5,1,0,0,0,0,0,0,0,0
19,3,0,7,0,1,0,0,17,0,7,3,0,7,0,0,24,9,3,5,0,6,0,0,20,7,0,10,0,1,6,0,21,7,0,6,6,7,0,0,23,0,12,3,6,0,0,0,23,1,7,3,3,5,1,0,0,0,0,0,0,0,0,0
3,0,7,0,1,0,0,0,0,7,3,0,7,0,0,0,9,3,5,0,6,0,0,0,7,0,10,0,1,6,0,0,7,0,6,6,7,0,0,0,0,12,3,6,0,0,0,0,1,7,3,3,5,1,0,0,0,0,0,0,0,0,0,0
0,0,0,0,0,0,0,0,0,0,0,0,0,0,0,0,0,0,0,0,0,0,0,0,0,0,0,0,0,0,0,0,0,0,0,0,0,0,0,0,0,0,0,0,0,0,0,0,0,0,0,0,0,0,0,0,0,0,0,0,0,0,0,0
0,0,0,0,0,0,0,0,0,0,0,0,0,0,0,0,0,0,0,0,0,0,0,0,0,0,0,0,0,0,0,0,0,0,0,0,0,0,0,0,0,0,0,0,0,0,0,0,0,0,0,0,0,0,0,0,0,0,0,0,0,0,0,0
0,0,0,0,0,0,0,0,0,0,0,0,0,0,0,0,0,0,0,0,0,0,0,0,0,0,0,0,0,0,0,0,0,0,0,0,0,0,0,0,0,0,0,0,0,0,0,0,0,0,0,0,0,0,0,0,0,0,0,0,0,0,0,0
0,0,0,0,0,0,0,0,0,0,0,0,0,0,0,0,0,0,0,0,0,0,0,0,0,0,0,0,0,0,0,0,0,0,0,0,0,0,0,0,0,0,0,0,0,0,0,0,0,0,0,0,0,0,0,0,0,0,0,0,0,0,0,0
0,0,0,0,0,0,0,0,0,0,0,0,0,0,0,0,0,0,0,0,0,0,0,0,0,0,0,0,0,0,0,0,0,0,0,0,0,0,0,0,0,0,0,0,0,0,0,0,0,0,0,0,0,0,0,0,0,0,0,0,0,0,0,0
0,0,0,0,0,0,0,0,0,0,0,0,0,0,0,0,0,0,0,0,0,0,0,0,0,0,0,0,0,0,0,0,0,0,0,0,0,0,0,0,0,0,0,0,0,0,0,0,0,0,0,0,0,0,0,0,0,0,0,0,0,0,0,0
0,0,0,0,0,0,0,0,0,0,0,0,0,0,0,0,0,0,0,0,0,0,0,0,0,0,0,0,0,0,0,0,0,0,0,0,0,0,0,0,0,0,0,0,0,0,0,0,0,0,0,0,0,0,0,0,0,0,0,0,0,0,0,0
0,0,0,0,0,0,0,0,0,0,0,0,0,0,0,0,0,0,0,0,0,0,0,0,0,0,0,0,0,0,0,0,0,0,0,0,0,0,0,0,0,0,0,0,0,0,0,0,0,0,0,0,0,0,0,0,0,0,0,0,0,0,0,0
0,0,0,0,0,0,0,0,0,0,0,0,0,0,0,0,0,0,0,0,0,0,0,0,0,0,0,0,0,0,0,0,0,0,0,0,0,0,0,0,0,0,0,0,0,0,0,0,0,0,0,0,0,0,0,0,0,0,0,0,0,0,0,0
0,0,0,0,0,0,0,0,0,0,0,0,0,0,0,0,0,0,0,0,0,0,0,0,0,0,0,0,0,0,0,0,0,0,0,0,0,0,0,0,0,0,0,0,0,0,0,0,0,0,0,0,0,0,0,0,0,0,0,0,0,0,0,0
0,0,0,0,0,0,0,0,0,0,0,0,0,0,0,0,0,0,0,0,0,0,0,0,0,0,0,0,0,0,0,0,0,0,0,0,0,0,0,3,0,0,0,0,0,0,0,0,0,0,0,0,0,0,0,0,0,0,0,0,0,0,0,0
0,0,0,0,0,0,0,0,0,0,0,0,0,0,0,0,0,0,0,0,0,0,0,0,0,0,0,0,0,0,0,0,0,0,0,0,0,0,3,0,0,0,0,0,0,0,0,0,0,0,0,0,0,0,0,0,0,0,0,0,0,0,0,0
0,0,0,0,0,0,0,0,0,0,0,0,0,0,0,0,0,0,0,0,0,0,0,0,0,0,0,0,0,0,0,0,0,0,0,0,0,0,0,0,0,0,0,0,0,0,0,0,0,0,0,0,0,0,0,0,0,0,0,0,0,0,0,0
0,0,0,0,0,0,0,0,0,0,0,0,0,0,0,0,0,0,0,0,0,0,0,0,0,0,0,0,0,0,0,3,0,0,0,0,0,0,0,0,0,0,0,0,0,0,0,0,0,0,0,0,0,0,0,0,0,0,0,0,0,0,0,0
0,0,0,0,0,0,0,0,0,0,0,0,0,0,0,0,0,0,0,0,0,0,0,0,0,0,0,0,0,0,3,0,0,0,0,0,0,0,0,0,0,0,0,0,0,0,0,0,0,0,0,0,0,0,0,0,0,0,0,0,0,0,0,0
0,0,0,0,0,0,0,0,0,0,0,0,0,0,0,0,0,0,0,0,0,0,0,0,0,0,0,0,0,0,0,0,0,0,0,0,0,0,0,0,0,0,0,0,0,0,0,0,0,0,0,0,0,0,0,0,0,0,0,0,0,0,0,0
0,0,0,0,0,0,0,0,0,0,0,0,0,0,0,0,0,0,0,0,0,0,0,3,0,0,0,0,0,0,0,0,0,0,0,0,0,0,0,0,0,0,0,0,0,0,0,0,0,0,0,0,0,0,0,0,0,0,0,0,0,0,0,0
0,0,0,0,0,0,0,0,0,0,0,0,0,0,0,0,0,0,0,0,0,0,3,0,0,0,0,0,0,0,0,0,0,0,0,0,0,0,0,0,0,0,0,0,0,0,0,0,0,0,0,0,0,0,0,0,0,0,0,0,0,0,0,0
0,0,0,0,0,0,0,0,0,0,0,0,0,0,0,0,0,0,0,0,0,0,0,0,0,0,0,0,0,0,0,0,0,0,0,0,0,0,0,0,0,0,0,0,0,0,0,0,0,0,0,0,0,0,0,0,0,0,0,0,0,0,0,0
0,0,0,0,0,0,0,0,0,0,0,0,0,0,0,0,0,0,0,0,0,0,0,0,0,0,0,0,0,0,0,0,0,0,0,0,0,0,0,0,0,0,0,0,0,0,0,0,0,0,0,0,0,0,0,0,0,0,0,0,0,0,0,0
0,0,0,0,0,0,0,0,0,0,0,0,0,0,0,0,0,0,0,0,0,0,0,0,0,0,0,0,0,0,0,0,0,0,0,0,0,0,0,0,0,0,0,0,0,0,0,0,0,0,0,0,0,0,0,0,0,0,0,0,0,0,0,0
0,0,0,0,0,0,0,0,0,0,0,0,0,0,0,0,0,0,0,0,0,0,0,0,0,0,0,0,0,0,0,0,0,0,0,0,0,0,0,0,0,0,0,0,0,0,0,0,0,0,0,0,0,0,0,0,0,0,0,0,0,0,0,0
0,0,0,0,0,0,0,0,0,0,0,0,0,0,0,0,0,0,0,0,0,0,0,0,0,0,0,0,0,0,0,0,0,0,0,0,0,0,0,0,0,0,0,0,0,0,0,0,0,0,0,0,0,0,0,0,0,0,0,0,0,0,0,0
0,0,0,0,0,0,0,0,0,0,0,0,0,0,0,0,0,0,0,0,0,0,0,0,0,0,0,0,0,0,0,0,0,0,0,0,0,0,0,0,0,0,0,0,0,0,0,0,0,0,0,0,0,0,0,0,0,0,0,0,0,0,0,0
0,0,0,0,0,0,0,0,0,0,0,0,0,0,0,0,0,0,0,0,0,0,0,0,0,0,0,0,0,0,0,0,0,0,0,0,0,0,0,0,0,0,0,0,0,0,0,0,0,0,0,0,0,0,0,0,0,0,0,0,0,0,0,0
0,0,0,0,0,0,0,0,0,0,0,0,0,0,0,0,0,0,0,0,0,0,0,0,0,0,0,0,0,0,0,0,0,0,0,0,0,0,0,0,0,0,0,0,0,0,0,0,0,0,0,0,0,0,0,0,0,0,0,0,0,0,0,0
0,0,0,0,0,0,0,0,0,0,0,0,0,0,0,0,0,0,0,0,0,0,0,0,0,0,0,0,0,0,0,0,0,0,0,0,0,0,0,0,0,0,0,0,0,0,0,0,0,0,0,0,0,0,0,0,0,0,0,0,0,0,0,0
0,0,0,0,0,0,0,0,0,12,20,28,27,25,31,25,0,27,41,37,42,41,42,43,0,27,30,51,38,44,48,44,0,26,38,51,46,39,42,39,0,28,38,40,52,39,39,53,0,36,34,40,43,42,43,44,0,44,39,41,47,43,37,23
0,0,0,0,0,0,0,0,12,20,28,27,25,31,25,24,27,41,37,42,41,42,43,35,27,30,51,38,44,48,44,36,26,38,51,46,39,42,39,31,28,38,40,52,39,39,53,36,36,34,40,43,42,43,44,28,44,39,41,47,43,37,23,21
0,0,0,0,0,0,0,0,20,28,27,25,31,25,24,0,41,37,42,41,42,43,35,0,30,51,38,44,48,44,36,0,38,51,46,39,42,39,31,0,38,40,52,39,39,53,36,0,34,40,43,42,43,44,28,0,39,41,47,43,37,23,21,0
0,12,20,28,27,25,31,25,0,27,41,37,42,41,42,43,0,27,30,51,38,44,48,44,0,26,38,51,46,39,42,39,0,28,38,40,52,39,39,53,0,36,34,40,43,42,43,44,0,44,39,41,47,43,37,23,0,45,52,54,53,47,43,42
12,20,28,27,25,31,25,24,27,41,37,42,41,42,43,35,27,30,51,38,44,48,44,36,26,38,51,46,39,42,39,31,28,38,40,52,39,39,53,36,36,34,40,43,42,43,44,28,44,39,41,47,43,37,23,21,45,52,54,53,47,43,42,27
20,28,27,25,31,25,24,0,41,37,42,41,42,43,35,0,30,51,38,44,48,44,36,0,38,51,46,39,42,39,31,0,38,40,52,39,39,53,36,0,34,40,43,42,43,44,28,0,39,41,47,43,37,23,21,0,52,54,53,47,43,42,27,0
0,27,41,37,42,41,42,43,0,27,30,51,38,44,48,44,0,26,38,51,46,39,42,39,0,28,38,40,52,39,39,53,0,36,34,40,43,42,43,44,0,44,39,41,47,43,37,23,0,45,52,54,53,47,43,42,0,0,0,0,0,0,0,0
27,41,37,42,41,42,43,35,27,30,51,38,44,48,44,36,26,38,51,46,39,42,39,31,28,38,40,52,39,39,53,36,36,34,40,43,42,43,44,28,44,39,41,47,43,37,23,21,45,52,54,53,47,43,42,27,0,0,0,0,0,0,0,0
41,37,42,41,42,43,35,0,30,51,38,44,48,44,36,0,38,51,46,39,42,39,31,0,38,40,52,39,39,53,36,0,34,40,43,42,43,44,28,0,39,41,47,43,37,23,21,0,52,54,53,47,43,42,27,0,0,0,0,0,0,0,0,0
0,0,0,0,0,0,0,0,0,12,22,28,26,27,24,20,0,31,49,53,48,42,45,41,0,18,46,45,51,39,43,45,0,22,44,38,47,28,38,36,0,19,42,54,48,28,36,40,0,20,33,28,38,35,38,34,0,27,41,51,28,28,35,35
0,0,0,0,0,0,0,0,12,22,28,26,27,24,20,25,31,49,53,48,42,45,41,44,18,46,45,51,39,43,45,50,22,44,38,47,28,38,36,48,19,42,54,48,28,36,40,42,20,33,28,38,35,38,34,35,27,41,51,28,28,35,35,36
0,0,0,0,0,0,0,0,22,28,26,27,24,20,25,0,49,53,48,42,45,41,44,0,46,45,51,39,43,45,50,0,44,38,47,28,38,36,48,0,42,54,48,28,36,40,42,0,33,28,38,35,38,34,35,0,41,51,28,28,35,35,36,0
0,12,22,28,26,27,24,20,0,31,49,53,48,42,45,41,0,18,46,45,51,39,43,45,0,22,44,38,47,28,38,36,0,19,42,54,48,28,36,40,0,20,33,28,38,35,38,34,0,27,41,51,28,28,35,35,0,23,28,40,36,31,34,34
12,22,28,26,27,24,20,25,31,49,53,48,42,45,41,44,18,46,45,51,39,43,45,50,22,44,38,47,28,38,36,48,19,42,54,48,28,36,40,42,20,33,28,38,35,38,34,35,27,41,51,28,28,35,35,36,23,28,40,36,31,34,34,39
22,28,26,27,24,20,25,0,49,53,48,42,45,41,44,0,46,45,51,39,43,45,50,0,44,38,47,28,38,36,48,0,42,54,48,28,36,40,42,0,33,28,38,35,38,34,35,0,41,51,28,28,35,35,36,0,28,40,36,31,34,34,39,0
0,31,49,53,48,42,45,41,0,18,46,45,51,39,43,45,0,22,44,38,47,28,38,36,0,19,42,54,48,28,36,40,0,20,33,28,38,35,38,34,0,27,41,51,28,28,35,35,0,23,28,40,36,31,34,34,0,0,0,0,0,0,0,0
31,49,53,48,42,45,41,44,18,46,45,51,39,43,45,50,22,44,38,47,28,38,36,48,19,42,54,48,28,36,40,42,20,33,28,38,35,38,34,35,27,41,51,28,28,35,35,36,23,28,40,36,31,34,34,39,0,0,0,0,0,0,0,0
49,53,48,42,45,41,44,0,46,45,51,39,43,45,50,0,44,38,47,28,38,36,48,0,42,54,48,28,36,40,42,0,33,28,38,35,38,34,35,0,41,51,28,28,35,35,36,0,28,40,36,31,34,34,39,0,0,0,0,0,0,0,0,0
0,0,0,0,0,0,0,0,0,9,6,3,0,3,0,7,0,6,0,0,0,0,0,0,0,7,0,0,0,0,0,0,0,0,0,0,0,0,0,3,0,0,0,0,0,0,0,0,0,0,0,0,0,0,0,3,0,0,0,0,7,0,1,1
0,0,0,0,0,0,0,0,9,6,3,0,3,0,7,28,6,0,0,0,0,0,0,23,7,0,0,0,0,0,0,20,0,0,0,0,0,0,3,27,0,0,0,0,0,0,0,26,0,0,0,0,0,0,3,21,0,0,0,7,0,1,1,25
0,0,0,0,0,0,0,0,6,3,0,3,0,7,28,0,0,0,0,0,0,0,23,0,0,0,0,0,0,0,20,0,0,0,0,0,0,3,27,0,0,0,0,0,0,0,26,0,0,0,0,0,0,3,21,0,0,0,7,0,1,1,25,0
0,9,6,3,0,3,0,7,0,6,0,0,0,0,0,0,0,7,0,0,0,0,0,0,0,0,0,0,0,0,0,3,0,0,0,0,0,0,0,0,0,0,0,0,0,0,0,3,0,0,0,0,7,0,1,1,0,7,12,7,15,13,11,7
9,6,3,0,3,0,7,28,6,0,0,0,0,0,0,23,7,0,0,0,0,0,0,20,0,0,0,0,0,0,3,27,0,0,0,0,0,0,0,26,0,0,0,0,0,0,3,21,0,0,0,7,0,1,1,25,7,12,7,15,13,11,7,19
6,3,0,3,0,7,28,0,0,0,0,0,0,0,23,0,0,0,0,0,0,0,20,0,0,0,0,0,0,3,27,0,0,0,0,0,0,0,26,0,0,0,0,0,0,3,21,0,0,0,7,0,1,1,25,0,12,7,15,13,11,7,19,0
0,6,0,0,0,0,0,0,0,7,0,0,0,0,0,0,0,0,0,0,0,0,0,3,0,0,0,0,0,0,0,0,0,0,0,0,0,0,0,3,0,0,0,0,7,0,1,1,0,7,12,7,15,13,11,7,0,0,0,0,0,0,0,0
6,0,0,0,0,0,0,23,7,0,0,0,0,0,0,20,0,0,0,0,0,0,3,27,0,0,0,0,0,0,0,26,0,0,0,0,0,0,3,21,0,0,0,7,0,1,1,25,7,12,7,15,13,11,7,19,0,0,0,0,0,0,0,0
0,0,0,0,0,0,23,0,0,0,0,0,0,0,20,0,0,0,0,0,0,3,27,0,0,0,0,0,0,0,26,0,0,0,0,0,0,3,21,0,0,0,7,0,1,1,25,0,12,7,15,13,11,7,19,0,0,0,0,0,0,0,0,0
0,0,0,0,0,0,0,0,0,0,0,6,0,0,0,3,0,6,0,0,0,0,0,1,0,0,0,0,0,0,0,0,0,0,0,0,0,0,0,0,0,0,0,0,1,3,0,1,0,3,0,13,0,0,0,0,0,11,0,0,0,1,3,5
0,0,0,0,0,0,0,0,0,0,6,0,0,0,3,5,6,0,0,0,0,0,1,0,0,0,0,0,0,0,0,0,0,0,0,0,0,0,0,3,0,0,0,1,3,0,1,5,3,0,13,0,0,0,0,3,11,0,0,0,1,3,5,3
0,0,0,0,0,0,0,0,0,6,0,0,0,3,5,0,0,0,0,0,0,1,0,0,0,0,0,0,0,0,0,0,0,0,0,0,0,0,3,0,0,0,1,3,0,1,5,0,0,13,0,0,0,0,3,0,0,0,0,1,3,5,3,0
0,0,0,6,0,0,0,3,0,6,0,0,0,0,0,1,0,0,0,0,0,0,0,0,0,0,0,0,0,0,0,0,0,0,0,0,1,3,0,1,0,3,0,13,0,0,0,0,0,11,0,0,0,1,3,5,0,0,0,0,0,0,0,0
0,0,6,0,0,0,3,5,6,0,0,0,0,0,1,0,0,0,0,0,0,0,0,0,0,0,0,0,0,0,0,3,0,0,0,1,3,0,1,5,3,0,13,0,0,0,0,3,11,0,0,0,1,3,5,3,0,0,0,0,0,0,0,0
0,6,0,0,0,3,5,0,0,0,0,0,0,1,0,0,0,0,0,0,0,0,0,0,0,0,0,0,0,0,3,0,0,0,1,3,0,1,5,0,0,13,0,0,0,0,3,0,0,0,0,1,3,5,3,0,0,0,0,0,0,0,0,0
0,6,0,0,0,0,0,1,0,0,0,0,0,0,0,0,0,0,0,0,0,0,0,0,0,0,0,0,1,3,0,1,0,3,0,13,0,0,0,0,0,11,0,0,0,1,3,5,0,0,0,0,0,0,0,0,0,0,0,0,0,0,0,0
6,0,0,0,0,0,1,0,0,0,0,0,0,0,0,0,0,0,0,0,0,0,0,3,0,0,0,1,3,0,1,5,3,0,13,0,0,0,0,3,11,0,0,0,1,3,5,3,0,0,0,0,0,0,0,0,0,0,0,0,0,0,0,0
0,0,0,0,0,1,0,0,0,0,0,0,0,0,0,0,0,0,0,0,0,0,3,0,0,0,1,3,0,1,5,0,0,13,0,0,0,0,3,0,0,0,0,1,3,5,3,0,0,0,0,0,0,0,0,0,0,0,0,0,0,0,0,0
0,0,0,0,0,0,0,0,0,1,0,0,0,0,0,5,0,0,0,0,0,0,0,0,0,0,0,0,0,0,0,0,0,0,0,0,0,0,0,0,0,0,0,0,0,0,0,0,0,0,3,0,0,0,0,0,0,0,0,0,0,0,0,0
0,0,0,0,0,0,0,0,1,0,0,0,0,0,5,0,0,0,0,0,0,0,0,0,0,0,0,0,0,0,0,0,0,0,0,0,0,0,0,0,0,0,0,0,0,0,0,0,0,3,0,0,0,0,0,0,0,0,0,0,0,0,0,0
0,0,0,0,0,0,0,0,0,0,0,0,0,5,0,0,0,0,0,0,0,0,0,0,0,0,0,0,0,0,0,0,0,0,0,0,0,0,0,0,0,0,0,0,0,0,0,0,3,0,0,0,0,0,0,0,0,0,0,0,0,0,0,0
0,1,0,0,0,0,0,5,0,0,0,0,0,0,0,0,0,0,0,0,0,0,0,0,0,0,0,0,0,0,0,0,0,0,0,0,0,0,0,0,0,0,3,0,0,0,0,0,0,0,0,0,0,0,0,0,0,0,0,0,0,0,0,0
1,0,0,0,0,0,5,0,0,0,0,0,0,0,0,0,0,0,0,0,0,0,0,0,0,0,0,0,0,0,0,0,0,0,0,0,0,0,0,0,0,3,0,0,0,0,0,0,0,0,0,0,0,0,0,0,0,0,0,0,0,0,0,0
0,0,0,0,0,5,0,0,0,0,0,0,0,0,0,0,0,0,0,0,0,0,0,0,0,0,0,0,0,0,0,0,0,0,0,0,0,0,0,0,3,0,0,0,0,0,0,0,0,0,0,0,0,0,0,0,0,0,0,0,0,0,0,0
0,0,0,0,0,0,0,0,0,0,0,0,0,0,0,0,0,0,0,0,0,0,0,0,0,0,0,0,0,0,0,0,0,0,3,0,0,0,0,0,0,0,0,0,0,0,0,0,0,0,0,0,0,0,0,0,0,0,0,0,0,0,0,0
0,0,0,0,0,0,0,0,0,0,0,0,0,0,0,0,0,0,0,0,0,0,0,0,0,0,0,0,0,0,0,0,0,3,0,0,0,0,0,0,0,0,0,0,0,0,0,0,0,0,0,0,0,0,0,0,0,0,0,0,0,0,0,0
0,0,0,0,0,0,0,0,0,0,0,0,0,0,0,0,0,0,0,0,0,0,0,0,0,0,0,0,0,0,0,0,3,0,0,0,0,0,0,0,0,0,0,0,0,0,0,0,0,0,0,0,0,0,0,0,0,0,0,0,0,0,0,0
0,0,0,0,0,0,0,0,0,12,11,17,7,7,7,13,0,9,28,12,15,22,15,30,0,15,35,20,18,22,20,31,0,7,28,25,12,21,23,26,0,11,13,10,10,10,24,30,0,9,17,7,12,24,36,34,0,13,13,14,24,30,26,28
0,0,0,0,0,0,0,0,12,11,17,7,7,7,13,20,9,28,12,15,22,15,30,37,15,35,20,18,22,20,31,41,7,28,25,12,21,23,26,40,11,13,10,10,10,24,30,39,9,17,7,12,24,36,34,39,13,13,14,24,30,26,28,31
0,0,0,0,0,0,0,0,11,17,7,7,7,13,20,0,28,12,15,22,15,30,37,0,35,20,18,22,20,31,41,0,28,25,12,21,23,26,40,0,13,10,10,10,24,30,39,0,17,7,12,24,36,34,39,0,13,14,24,30,26,28,31,0
0,12,11,17,7,7,7,13,0,9,28,12,15,22,15,30,0,15,35,20,18,22,20,31,0,7,28,25,12,21,23,26,0,11,13,10,10,10,24,30,0,9,17,7,12,24,36,34,0,13,13,14,24,30,26,28,0,15,27,35,34,31,27,20
12,11,17,7,7,7,13,20,9,28,12,15,22,15,30,37,15,35,20,18,22,20,31,41,7,28,25,12,21,23,26,40,11,13,10,10,10,24,30,39,9,17,7,12,24,36,34,39,13,13,14,24,30,26,28,31,15,27,35,34,31,27,20,30
11,17,7,7,7,13,20,0,28,12,15,22,15,30,37,0,35,20,18,22,20,31,41,0,28,25,12,21,23,26,40,0,13,10,10,10,24,30,39,0,17,7,12,24,36,34,39,0,13,14,24,30,26,28,31,0,27,35,34,31,27,20,30,0
0,9,28,12,15,22,15,30,0,15,35,20,18,22,20,31,0,7,28,25,12,21,23,26,0,11,13,10,10,10,24,30,0,9,17,7,12,24,36,34,0,13,13,14,24,30,26,28,0,15,27,35,34,31,27,20,0,0,0,0,0,0,0,0
9,28,12,15,22,15,30,37,15,35,20,18,22,20,31,41,7,28,25,12,21,23,26,40,11,13,10,10,10,24,30,39,9,17,7,12,24,36,34,39,13,13,14,24,30,26,28,31,15,27,35,34,31,27,20,30,0,0,0,0,0,0,0,0
28,12,15,22,15,30,37,0,35,20,18,22,20,31,41,0,28,25,12,21,23,26,40,0,13,10,10,10,24,30,39,0,17,7,12,24,36,34,39,0,13,14,24,30,26,28,31,0,27,35,34,31,27,20,30,0,0,0,0,0,0,0,0,0
0,0,0,0,0,0,0,0,0,22,28,26,24,28,27,24,0,20,33,30,30,31,36,36,0,23,30,23,37,31,30,36,0,13,28,36,21,20,28,36,0,14,23,26,35,30,30,35,0,11,18,23,26,28,34,27,0,15,19,31,37,35,28,31
0,0,0,0,0,0,0,0,22,28,26,24,28,27,24,26,20,33,30,30,31,36,36,22,23,30,23,37,31,30,36,23,13,28,36,21,20,28,36,20,14,23,26,35,30,30,35,24,11,18,23,26,28,34,27,19,15,19,31,37,35,28,31,30
0,0,0,0,0,0,0,0,28,26,24,28,27,24,26,0,33,30,30,31,36,36,22,0,30,23,37,31,30,36,23,0,28,36,21,20,28,36,20,0,23,26,35,30,30,35,24,0,18,23,26,28,34,27,19,0,19,31,37,35,28,31,30,0
0,22,28,26,24,28,27,24,0,20,33,30,30,31,36,36,0,23,30,23,37,31,30,36,0,13,28,36,21,20,28,36,0,14,23,26,35,30,30,35,0,11,18,23,26,28,34,27,0,15,19,31,37,35,28,31,0,0,14,15,11,13,9,17
22,28,26,24,28,27,24,26,20,33,30,30,31,36,36,22,23,30,23,37,31,30,36,23,13,28,36,21,20,28,36,20,14,23,26,35,30,30,35,24,11,18,23,26,28,34,27,19,15,19,31,37,35,28,31,30,0,14,15,11,13,9,17,15
28,26,24,28,27,24,26,0,33,30,30,31,36,36,22,0,30,23,37,31,30,36,23,0,28,36,21,20,28,36,20,0,23,26,35,30,30,35,24,0,18,23,26,28,34,27,19,0,19,31,37,35,28,31,30,0,14,15,11,13,9,17,15,0
0,20,33,30,30,31,36,36,0,23,30,23,37,31,30,36,0,13,28,36,21,20,28,36,0,14,23,26,35,30,30,35,0,11,18,23,26,28,34,27,0,15,19,31,37,35,28,31,0,0,14,15,11,13,9,17,0,0,0,0,0,0,0,0
20,33,30,30,31,36,36,22,23,30,23,37,31,30,36,23,13,28,36,21,20,28,36,20,14,23,26,35,30,30,35,24,11,18,23,26,28,34,27,19,15,19,31,37,35,28,31,30,0,14,15,11,13,9,17,15,0,0,0,0,0,0,0,0
33,30,30,31,36,36,22,0,30,23,37,31,30,36,23,0,28,36,21,20,28,36,20,0,23,26,35,30,30,35,24,0,18,23,26,28,34,27,19,0,19,31,37,35,28,31,30,0,14,15,11,13,9,17,15,0,0,0,0,0,0,0,0,0
0,0,0,0,0,0,0,0,0,0,0,0,0,0,0,0,0,0,0,0,0,0,0,0,0,0,0,0,0,0,0,0,0,0,0,0,0,0,0,0,0,0,0,0,0,0,0,0,0,0,0,0,0,0,0,0,0,0,0,0,0,0,0,0
0,0,0,0,0,0,0,0,0,0,0,0,0,0,0,0,0,0,0,0,0,0,0,0,0,0,0,0,0,0,0,0,0,0,0,0,0,0,0,0,0,0,0,0,0,0,0,0,0,0,0,0,0,0,0,0,0,0,0,0,0,0,0,0
0,0,0,0,0,0,0,0,0,0,0,0,0,0,0,0,0,0,0,0,0,0,0,0,0,0,0,0,0,0,0,0,0,0,0,0,0,0,0,0,0,0,0,0,0,0,0,0,0,0,0,0,0,0,0,0,0,0,0,0,0,0,0,0
0,0,0,0,0,0,0,0,0,0,0,0,0,0,0,0,0,0,0,0,0,0,0,0,0,0,0,0,0,0,0,0,0,0,0,0,0,0,0,0,0,0,0,0,0,0,0,0,0,0,0,0,0,0,0,0,0,0,0,0,0,0,0,0
0,0,0,0,0,0,0,0,0,0,0,0,0,0,0,0,0,0,0,0,0,0,0,0,0,0,0,0,0,0,0,0,0,0,0,0,0,0,0,0,0,0,0,0,0,0,0,0,0,0,0,0,0,0,0,0,0,0,0,0,0,0,0,0
0,0,0,0,0,0,0,0,0,0,0,0,0,0,0,0,0,0,0,0,0,0,0,0,0,0,0,0,0,0,0,0,0,0,0,0,0,0,0,0,0,0,0,0,0,0,0,0,0,0,0,0,0,0,0,0,0,0,0,0,0,0,0,0
0,0,0,0,0,0,0,0,0,0,0,0,0,0,0,0,0,0,0,0,0,0,0,0,0,0,0,0,0,0,0,0,0,0,0,0,0,0,0,0,0,0,0,0,0,0,0,0,0,0,0,0,0,0,0,0,0,0,0,0,0,0,0,0
0,0,0,0,0,0,0,0,0,0,0,0,0,0,0,0,0,0,0,0,0,0,0,0,0,0,0,0,0,0,0,0,0,0,0,0,0,0,0,0,0,0,0,0,0,0,0,0,0,0,0,0,0,0,0,0,0,0,0,0,0,0,0,0
0,0,0,0,0,0,0,0,0,0,0,0,0,0,0,0,0,0,0,0,0,0,0,0,0,0,0,0,0,0,0,0,0,0,0,0,0,0,0,0,0,0,0,0,0,0,0,0,0,0,0,0,0,0,0,0,0,0,0,0,0,0,0,0
0,0,0,0,0,0,0,0,0,37,47,47,51,49,49,49,0,50,63,62,68,67,70,67,0,52,66,68,70,70,69,60,0,54,62,67,66,60,67,62,0,60,65,82,63,69,73,60,0,53,67,84,78,79,71,63,0,60,75,88,86,73,67,60
0,0,0,0,0,0,0,0,37,47,47,51,49,49,49,53,50,63,62,68,67,70,67,60,52,66,68,70,70,69,60,62,54,62,67,66,60,67,62,56,60,65,82,63,69,73,60,56,53,67,84,78,79,71,63,55,60,75,88,86,73,67,60,53
0,0,0,0,0,0,0,0,47,47,51,49,49,49,53,0,63,62,68,67,70,67,60,0,66,68,70,70,69,60,62,0,62,67,66,60,67,62,56,0,65,82,63,69,73,60,56,0,67,84,78,79,71,63,55,0,75,88,86,73,67,60,53,0
0,37,47,47,51,49,49,49,0,50,63,62,68,67,70,67,0,52,66,68,70,70,69,60,0,54,62,67,66,60,67,62,0,60,65,82,63,69,73,60,0,53,67,84,78,79,71,63,0,60,75,88,86,73,67,60,0,56,71,60,60,51,51,47
37,47,47,51,49,49,49,53,50,63,62,68,67,70,67,60,52,66,68,70,70,69,60,62,54,62,67,66,60,67,62,56,60,65,82,63,69,73,60,56,53,67,84,78,79,71,63,55,60,75,88,86,73,67,60,53,56,71,60,60,51,51,47,47
47,47,51,49,49,49,53,0,63,62,68,67,70,67,60,0,66,68,70,70,69,60,62,0,62,67,66,60,67,62,56,0,65,82,63,69,73,60,56,0,67,84,78,79,71,63,55,0,75,88,86,73,67,60,53,0,71,60,60,51,51,47,47,0
0,50,63,62,68,67,70,67,0,52,66,68,70,70,69,60,0,54,62,67,66,60,67,62,0,60,65,82,63,69,73,60,0,53,67,84,78,79,71,63,0,60,75,88,86,73,67,60,0,56,71,60,60,51,51,47,0,0,0,0,0,0,0,0
50,63,62,68,67,70,67,60,52,66,68,70,70,69,60,62,54,62,67,66,60,67,62,56,60,65,82,63,69,73,60,56,53,67,84,78,79,71,63,55,60,75,88,86,73,67,60,53,56,71,60,60,51,51,47,47,0,0,0,0,0,0,0,0
63,62,68,67,70,67,60,0,66,68,70,70,69,60,62,0,62,67,66,60,67,62,56,0,65,82,63,69,73,60,56,0,67,84,78,79,71,63,55,0,75,88,86,73,67,60,53,0,71,60,60,51,51,47,47,0,0,0,0,0,0,0,0,0
0,0,0,0,0,0,0,0,0,0,0,0,0,0,0,0,0,0,0,0,0,0,0,0,0,0,0,0,0,0,0,0,0,0,0,0,0,0,0,0,0,0,0,0,0,0,0,0,0,0,0,0,0,0,0,0,0,0,0,0,0,0,0,0
0,0,0,0,0,0,0,0,0,0,0,0,0,0,0,0,0,0,0,0,0,0,0,0,0,0,0,0,0,0,0,0,0,0,0,0,0,0,0,0,0,0,0,0,0,0,0,0,0,0,0,0,0,0,0,0,0,0,0,0,0,0,0,0
0,0,0,0,0,0,0,0,0,0,0,0,0,0,0,0,0,0,0,0,0,0,0,0,0,0,0,0,0,0,0,0,0,0,0,0,0,0,0,0,0,0,0,0,0,0,0,0,0,0,0,0,0,0,0,0,0,0,0,0,0,0,0,0
0,0,0,0,0,0,0,0,0,0,0,0,0,0,0,0,0,0,0,0,0,0,0,0,0,0,0,0,0,0,0,0,0,0,0,0,0,0,0,0,0,0,0,0,0,0,0,0,0,0,0,0,0,0,0,0,0,0,0,0,0,0,0,0
0,0,0,0,0,0,0,0,0,0,0,0,0,0,0,0,0,0,0,0,0,0,0,0,0,0,0,0,0,0,0,0,0,0,0,0,0,0,0,0,0,0,0,0,0,0,0,0,0,0,0,0,0,0,0,0,0,0,0,0,0,0,0,0
0,0,0,0,0,0,0,0,0,0,0,0,0,0,0,0,0,0,0,0,0,0,0,0,0,0,0,0,0,0,0,0,0,0,0,0,0,0,0,0,0,0,0,0,0,0,0,0,0,0,0,0,0,0,0,0,0,0,0,0,0,0,0,0
0,0,0,0,0,0,0,0,0,0,0,0,0,0,0,0,0,0,0,0,0,0,0,0,0,0,0,0,0,0,0,0,0,0,0,0,0,0,0,0,0,0,0,0,0,0,0,0,0,0,0,0,0,0,0,0,0,0,0,0,0,0,0,0
0,0,0,0,0,0,0,0,0,0,0,0,0,0,0,0,0,0,0,0,0,0,0,0,0,0,0,0,0,0,0,0,0,0,0,0,0,0,0,0,0,0,0,0,0,0,0,0,0,0,0,0,0,0,0,0,0,0,0,0,0,0,0,0
0,0,0,0,0,0,0,0,0,0,0,0,0,0,0,0,0,0,0,0,0,0,0,0,0,0,0,0,0,0,0,0,0,0,0,0,0,0,0,0,0,0,0,0,0,0,0,0,0,0,0,0,0,0,0,0,0,0,0,0,0,0,0,0
0,0,0,0,0,0,0,0,0,0,0,0,0,0,0,0,0,0,0,0,0,0,0,0,0,0,0,0,0,0,0,0,0,0,0,0,0,0,0,0,0,0,0,0,0,0,0,0,0,0,0,0,0,0,0,0,0,0,0,0,0,0,0,0
0,0,0,0,0,0,0,0,0,0,0,0,0,0,0,0,0,0,0,0,0,0,0,0,0,0,0,0,0,0,0,0,0,0,0,0,0,0,0,0,0,0,0,0,0,0,0,0,0,0,0,0,0,0,0,0,0,0,0,0,0,0,0,0
0,0,0,0,0,0,0,0,0,0,0,0,0,0,0,0,0,0,0,0,0,0,0,0,0,0,0,0,0,0,0,0,0,0,0,0,0,0,0,0,0,0,0,0,0,0,0,0,0,0,0,0,0,0,0,0,0,0,0,0,0,0,0,0
0,0,0,0,0,0,0,0,0,0,0,0,0,0,0,0,0,0,0,0,0,0,0,0,0,0,0,0,0,0,0,0,0,0,0,0,0,0,0,0,0,0,0,0,0,0,0,0,0,0,0,0,0,0,0,0,0,0,0,0,0,0,0,0
0,0,0,0,0,0,0,0,0,0,0,0,0,0,0,0,0,0,0,0,0,0,0,0,0,0,0,0,0,0,0,0,0,0,0,0,0,0,0,0,0,0,0,0,0,0,0,0,0,0,0,0,0,0,0,0,0,0,0,0,0,0,0,0
0,0,0,0,0,0,0,0,0,0,0,0,0,0,0,0,0,0,0,0,0,0,0,0,0,0,0,0,0,0,0,0,0,0,0,0,0,0,0,0,0,0,0,0,0,0,0,0,0,0,0,0,0,0,0,0,0,0,0,0,0,0,0,0
0,0,0,0,0,0,0,0,0,0,0,0,0,0,0,0,0,0,0,0,0,0,0,0,0,0,0,0,0,0,0,0,0,0,0,0,0,0,0,0,0,0,0,0,0,0,0,0,0,0,0,0,0,0,0,0,0,0,0,0,0,0,0,0
0,0,0,0,0,0,0,0,0,0,0,0,0,0,0,0,0,0,0,0,0,0,0,0,0,0,0,0,0,0,0,0,0,0,0,0,0,0,0,0,0,0,0,0,0,0,0,0,0,0,0,0,0,0,0,0,0,0,0,0,0,0,0,0
0,0,0,0,0,0,0,0,0,0,0,0,0,0,0,0,0,0,0,0,0,0,0,0,0,0,0,0,0,0,0,0,0,0,0,0,0,0,0,0,0,0,0,0,0,0,0,0,0,0,0,0,0,0,0,0,0,0,0,0,0,0,0,0
0,0,0,0,0,0,0,0,0,0,0,3,0,0,0,1,0,0,0,0,0,0,0,0,0,0,0,0,0,0,0,0,0,0,0,0,0,0,0,0,0,0,0,0,0,0,0,0,0,0,0,0,0,0,0,0,0,0,0,0,0,0,0,0
0,0,0,0,0,0,0,0,0,0,3,0,0,0,1,0,0,0,0,0,0,0,0,0,0,0,0,0,0,0,0,0,0,0,0,0,0,0,0,0,0,0,0,0,0,0,0,0,0,0,0,0,0,0,0,0,0,0,0,0,0,0,0,0
0,0,0,0,0,0,0,0,0,3,0,0,0,1,0,0,0,0,0,0,0,0,0,0,0,0,0,0,0,0,0,0,0,0,0,0,0,0,0,0,0,0,0,0,0,0,0,0,0,0,0,0,0,0,0,0,0,0,0,0,0,0,0,0
0,0,0,3,0,0,0,1,0,0,0,0,0,0,0,0,0,0,0,0,0,0,0,0,0,0,0,0,0,0,0,0,0,0,0,0,0,0,0,0,0,0,0,0,0,0,0,0,0,0,0,0,0,0,0,0,0,0,0,0,0,0,0,0
0,0,3,0,0,0,1,0,0,0,0,0,0,0,0,0,0,0,0,0,0,0,0,0,0,0,0,0,0,0,0,0,0,0,0,0,0,0,0,0,0,0,0,0,0,0,0,0,0,0,0,0,0,0,0,0,0,0,0,0,0,0,0,0
0,3,0,0,0,1,0,0,0,0,0,0,0,0,0,0,0,0,0,0,0,0,0,0,0,0,0,0,0,0,0,0,0,0,0,0,0,0,0,0,0,0,0,0,0,0,0,0,0,0,0,0,0,0,0,0,0,0,0,0,0,0,0,0
0,0,0,0,0,0,0,0,0,0,0,0,0,0,0,0,0,0,0,0,0,0,0,0,0,0,0,0,0,0,0,0,0,0,0,0,0,0,0,0,0,0,0,0,0,0,0,0,0,0,0,0,0,0,0,0,0,0,0,0,0,0,0,0
0,0,0,0,0,0,0,0,0,0,0,0,0,0,0,0,0,0,0,0,0,0,0,0,0,0,0,0,0,0,0,0,0,0,0,0,0,0,0,0,0,0,0,0,0,0,0,0,0,0,0,0,0,0,0,0,0,0,0,0,0,0,0,0
0,0,0,0,0,0,0,0,0,0,0,0,0,0,0,0,0,0,0,0,0,0,0,0,0,0,0,0,0,0,0,0,0,0,0,0,0,0,0,0,0,0,0,0,0,0,0,0,0,0,0,0,0,0,0,0,0,0,0,0,0,0,0,0
0,0,0,0,0,0,0,0,0,0,1,1,0,0,0,0,0,0,0,9,5,3,6,3,0,0,0,0,3,6,0,1,0,0,0,0,7,7,0,6,0,0,0,0,0,1,0,6,0,0,6,5,1,0,6,5,0,0,5,18,14,3,6,5
0,0,0,0,0,0,0,0,0,1,1,0,0,0,0,0,0,0,9,5,3,6,3,0,0,0,0,3,6,0,1,0,0,0,0,7,7,0,6,0,0,0,0,0,1,0,6,0,0,6,5,1,0,6,5,0,0,5,18,14,3,6,5,0
0,0,0,0,0,0,0,0,1,1,0,0,0,0,0,0,0,9,5,3,6,3,0,0,0,0,3,6,0,1,0,0,0,0,7,7,0,6,0,0,0,0,0,1,0,6,0,0,6,5,1,0,6,5,0,0,5,18,14,3,6,5,0,0
0,0,1,1,0,0,0,0,0,0,0,9,5,3,6,3,0,0,0,0,3,6,0,1,0,0,0,0,7,7,0,6,0,0,0,0,0,1,0,6,0,0,6,5,1,0,6,5,0,0,5,18,14,3,6,5,0,0,0,0,0,0,0,0
0,1,1,0,0,0,0,0,0,0,9,5,3,6,3,0,0,0,0,3,6,0,1,0,0,0,0,7,7,0,6,0,0,0,0,0,1,0,6,0,0,6,5,1,0,6,5,0,0,5,18,14,3,6,5,0,0,0,0,0,0,0,0,0
1,1,0,0,0,0,0,0,0,9,5,3,6,3,0,0,0,0,3,6,0,1,0,0,0,0,7,7,0,6,0,0,0,0,0,1,0,6,0,0,6,5,1,0,6,5,0,0,5,18,14,3,6,5,0,0,0,0,0,0,0,0,0,0
0,0,0,9,5,3,6,3,0,0,0,0,3,6,0,1,0,0,0,0,7,7,0,6,0,0,0,0,0,1,0,6,0,0,6,5,1,0,6,5,0,0,5,18,14,3,6,5,0,0,0,0,0,0,0,0,0,0,0,0,0,0,0,0
0,0,9,5,3,6,3,0,0,0,0,3,6,0,1,0,0,0,0,7,7,0,6,0,0,0,0,0,1,0,6,0,0,6,5,1,0,6,5,0,0,5,18,14,3,6,5,0,0,0,0,0,0,0,0,0,0,0,0,0,0,0,0,0
0,9,5,3,6,3,0,0,0,0,3,6,0,1,0,0,0,0,7,7,0,6,0,0,0,0,0,1,0,6,0,0,6,5,1,0,6,5,0,0,5,18,14,3,6,5,0,0,0,0,0,0,0,0,0,0,0,0,0,0,0,0,0,0
0,0,0,0,0,0,0,0,0,34,50,45,48,52,49,49,0,39,55,63,56,52,54,46,0,24,44,53,54,54,57,50,0,27,33,45,47,46,48,49,0,28,39,46,56,46,42,52,0,26,28,40,48,44,35,43,0,25,35,43,35,38,40,40
0,0,0,0,0,0,0,0,34,50,45,48,52,49,49,54,39,55,63,56,52,54,46,62,24,44,53,54,54,57,50,57,27,33,45,47,46,48,49,53,28,39,46,56,46,42,52,48,26,28,40,48,44,35,43,48,25,35,43,35,38,40,40,45
0,0,0,0,0,0,0,0,50,45,48,52,49,49,54,0,55,63,56,52,54,46,62,0,44,53,54,54,57,50,57,0,33,45,47,46,48,49,53,0,39,46,56,46,42,52,48,0,28,40,48,44,35,43,48,0,35,43,35,38,40,40,45,0
0,34,50,45,48,52,49,49,0,39,55,63,56,52,54,46,0,24,44,53,54,54,57,50,0,27,33,45,47,46,48,49,0,28,39,46,56,46,42,52,0,26,28,40,48,44,35,43,0,25,35,43,35,38,40,40,0,23,28,26,33,30,34,34
34,50,45,48,52,49,49,54,39,55,63,56,52,54,46,62,24,44,53,54,54,57,50,57,27,33,45,47,46,48,49,53,28,39,46,56,46,42,52,48,26,28,40,48,44,35,43,48,25,35,43,35,38,40,40,45,23,28,26,33,30,34,34,42
50,45,48,52,49,49,54,0,55,63,56,52,54,46,62,0,44,53,54,54,57,50,57,0,33,45,47,46,48,49,53,0,39,46,56,46,42,52,48,0,28,40,48,44,35,43,48,0,35,43,35,38,40,40,45,0,28,26,33,30,34,34,42,0
0,39,55,63,56,52,54,46,0,24,44,53,54,54,57,50,0,27,33,45,47,46,48,49,0,28,39,46,56,46,42,52,0,26,28,40,48,44,35,43,0,25,35,43,35,38,40,40,0,23,28,26,33,30,34,34,0,0,0,0,0,0,0,0
39,55,63,56,52,54,46,62,24,44,53,54,54,57,50,57,27,33,45,47,46,48,49,53,28,39,46,56,46,42,52,48,26,28,40,48,44,35,43,48,25,35,43,35,38,40,40,45,23,28,26,33,30,34,34,42,0,0,0,0,0,0,0,0
55,63,56,52,54,46,62,0,44,53,54,54,57,50,57,0,33,45,47,46,48,49,53,0,39,46,56,46,42,52,48,0,28,40,48,44,35,43,48,0,35,43,35,38,40,40,45,0,28,26,33,30,34,34,42,0,0,0,0,0,0,0,0,0
0,0,0,0,0,0,0,0,0,0,0,0,0,0,0,0,0,0,0,0,0,0,0,1,0,0,0,0,0,3,0,3,0,0,1,3,0,0,0,0,0,0,7,5,0,0,0,5,0,0,1,0,0,0,0,3,0,0,0,0,22,7,6,0
0,0,0,0,0,0,0,0,0,0,0,0,0,0,0,0,0,0,0,0,0,0,1,0,0,0,0,0,3,0,3,0,0,1,3,0,0,0,0,0,0,7,5,0,0,0,5,0,0,1,0,0,0,0,3,0,0,0,0,22,7,6,0,0
0,0,0,0,0,0,0,0,0,0,0,0,0,0,0,0,0,0,0,0,0,1,0,0,0,0,0,3,0,3,0,0,1,3,0,0,0,0,0,0,7,5,0,0,0,5,0,0,1,0,0,0,0,3,0,0,0,0,22,7,6,0,0,0
0,0,0,0,0,0,0,0,0,0,0,0,0,0,0,1,0,0,0,0,0,3,0,3,0,0,1,3,0,0,0,0,0,0,7,5,0,0,0,5,0,0,1,0,0,0,0,3,0,0,0,0,22,7,6,0,0,0,0,0,0,0,0,0
0,0,0,0,0,0,0,0,0,0,0,0,0,0,1,0,0,0,0,0,3,0,3,0,0,1,3,0,0,0,0,0,0,7,5,0,0,0,5,0,0,1,0,0,0,0,3,0,0,0,0,22,7,6,0,0,0,0,0,0,0,0,0,0
0,0,0,0,0,0,0,0,0,0,0,0,0,1,0,0,0,0,0,3,0,3,0,0,1,3,0,0,0,0,0,0,7,5,0,0,0,5,0,0,1,0,0,0,0,3,0,0,0,0,22,7,6,0,0,0,0,0,0,0,0,0,0,0
0,0,0,0,0,0,0,1,0,0,0,0,0,3,0,3,0,0,1,3,0,0,0,0,0,0,7,5,0,0,0,5,0,0,1,0,0,0,0,3,0,0,0,0,22,7,6,0,0,0,0,0,0,0,0,0,0,0,0,0,0,0,0,0
0,0,0,0,0,0,1,0,0,0,0,0,3,0,3,0,0,1,3,0,0,0,0,0,0,7,5,0,0,0,5,0,0,1,0,0,0,0,3,0,0,0,0,22,7,6,0,0,0,0,0,0,0,0,0,0,0,0,0,0,0,0,0,0
0,0,0,0,0,1,0,0,0,0,0,3,0,3,0,0,1,3,0,0,0,0,0,0,7,5,0,0,0,5,0,0,1,0,0,0,0,3,0,0,0,0,22,7,6,0,0,0,0,0,0,0,0,0,0,0,0,0,0,0,0,0,0,0
0,0,0,0,0,0,0,0,0,31,28,26,31,27,27,28,0,35,33,31,39,39,36,51,0,41,39,45,49,45,50,54,0,38,51,37,49,48,49,56,0,31,40,43,43,51,52,56,0,42,34,48,45,52,49,51,0,43,49,45,54,44,45,51
0,0,0,0,0,0,0,0,31,28,26,31,27,27,28,21,35,33,31,39,39,36,51,30,41,39,45,49,45,50,54,33,38,51,37,49,48,49,56,38,31,40,43,43,51,52,56,35,42,34,48,45,52,49,51,38,43,49,45,54,44,45,51,42
0,0,0,0,0,0,0,0,28,26,31,27,27,28,21,0,33,31,39,39,36,51,30,0,39,45,49,45,50,54,33,0,51,37,49,48,49,56,38,0,40,43,43,51,52,56,35,0,34,48,45,52,49,51,38,0,49,45,54,44,45,51,42,0
0,31,28,26,31,27,27,28,0,35,33,31,39,39,36,51,0,41,39,45,49,45,50,54,0,38,51,37,49,48,49,56,0,31,40,43,43,51,52,56,0,42,34,48,45,52,49,51,0,43,49,45,54,44,45,51,0,38,53,36,45,45,45,44
31,28,26,31,27,27,28,21,35,33,31,39,39,36,51,30,41,39,45,49,45,50,54,33,38,51,37,49,48,49,56,38,31,40,43,43,51,52,56,35,42,34,48,45,52,49,51,38,43,49,45,54,44,45,51,42,38,53,36,45,45,45,44,34
28,26,31,27,27,28,21,0,33,31,39,39,36,51,30,0,39,45,49,45,50,54,33,0,51,37,49,48,49,56,38,0,40,43,43,51,52,56,35,0,34,48,45,52,49,51,38,0,49,45,54,44,45,51,42,0,53,36,45,45,45,44,34,0
0,35,33,31,39,39,36,51,0,41,39,45,49,45,50,54,0,38,51,37,49,48,49,56,0,31,40,43,43,51,52,56,0,42,34,48,45,52,49,51,0,43,49,45,54,44,45,51,0,38,53,36,45,45,45,44,0,0,0,0,0,0,0,0
35,33,31,39,39,36,51,30,41,39,45,49,45,50,54,33,38,51,37,49,48,49,56,38,31,40,43,43,51,52,56,35,42,34,48,45,52,49,51,38,43,49,45,54,44,45,51,42,38,53,36,45,45,45,44,34,0,0,0,0,0,0,0,0
33,31,39,39,36,51,30,0,39,45,49,45,50,54,33,0,51,37,49,48,49,56,38,0,40,43,43,51,52,56,35,0,34,48,45,52,49,51,38,0,49,45,54,44,45,51,42,0,53,36,45,45,45,44,34,0,0,0,0,0,0,0,0,0
0,0,0,0,0,0,0,0,0,15,11,7,7,13,14,9,0,13,0,9,3,0,7,0,0,15,0,9,5,0,6,0,0,15,0,3,3,0,5,0,0,17,0,11,0,6,10,1,0,9,1,1,0,0,7,9,0,0,11,0,0,0,5,6
0,0,0,0,0,0,0,0,15,11,7,7,13,14,9,19,13,0,9,3,0,7,0,17,15,0,9,5,0,6,0,17,15,0,3,3,0,5,0,15,17,0,11,0,6,10,1,14,9,1,1,0,0,7,9,15,0,11,0,0,0,5,6,10
0,0,0,0,0,0,0,0,11,7,7,13,14,9,19,0,0,9,3,0,7,0,17,0,0,9,5,0,6,0,17,0,0,3,3,0,5,0,15,0,0,11,0,6,10,1,14,0,1,1,0,0,7,9,15,0,11,0,0,0,5,6,10,0
0,15,11,7,7,13,14,9,0,13,0,9,3,0,7,0,0,15,0,9,5,0,6,0,0,15,0,3,3,0,5,0,0,17,0,11,0,6,10,1,0,9,1,1,0,0,7,9,0,0,11,0,0,0,5,6,0,15,25,27,20,17,14,15
15,11,7,7,13,14,9,19,13,0,9,3,0,7,0,17,15,0,9,5,0,6,0,17,15,0,3,3,0,5,0,15,17,0,11,0,6,10,1,14,9,1,1,0,0,7,9,15,0,11,0,0,0,5,6,10,15,25,27,20,17,14,15,20
11,7,7,13,14,9,19,0,0,9,3,0,7,0,17,0,0,9,5,0,6,0,17,0,0,3,3,0,5,0,15,0,0,11,0,6,10,1,14,0,1,1,0,0,7,9,15,0,11,0,0,0,5,6,10,0,25,27,20,17,14,15,20,0
0,13,0,9,3,0,7,0,0,15,0,9,5,0,6,0,0,15,0,3,3,0,5,0,0,17,0,11,0,6,10,1,0,9,1,1,0,0,7,9,0,0,11,0,0,0,5,6,0,15,25,27,20,17,14,15,0,0,0,0,0,0,0,0
13,0,9,3,0,7,0,17,15,0,9,5,0,6,0,17,15,0,3,3,0,5,0,15,17,0,11,0,6,10,1,14,9,1,1,0,0,7,9,15,0,11,0,0,0,5,6,10,15,25,27,20,17,14,15,20,0,0,0,0,0,0,0,0
0,9,3,0,7,0,17,0,0,9,5,0,6,0,17,0,0,3,3,0,5,0,15,0,0,11,0,6,10,1,14,0,1,1,0,0,7,9,15,0,11,0,0,0,5,6,10,0,25,27,20,17,14,15,20,0,0,0,0,0,0,0,0,0
0,0,0,0,0,0,0,0,0,17,26,24,31,25,23,23,0,14,37,23,28,31,20,20,0,15,26,34,26,36,28,24,0,17,13,20,30,27,21,21,0,14,22,18,25,27,21,31,0,7,21,13,30,24,27,18,0,0,10,18,24,15,15,17
0,0,0,0,0,0,0,0,17,26,24,31,25,23,23,22,14,37,23,28,31,20,20,25,15,26,34,26,36,28,24,28,17,13,20,30,27,21,21,28,14,22,18,25,27,21,31,23,7,21,13,30,24,27,18,24,0,10,18,24,15,15,17,21
0,0,0,0,0,0,0,0,26,24,31,25,23,23,22,0,37,23,28,31,20,20,25,0,26,34,26,36,28,24,28,0,13,20,30,27,21,21,28,0,22,18,25,27,21,31,23,0,21,13,30,24,27,18,24,0,10,18,24,15,15,17,21,0
0,17,26,24,31,25,23,23,0,14,37,23,28,31,20,20,0,15,26,34,26,36,28,24,0,17,13,20,30,27,21,21,0,14,22,18,25,27,21,31,0,7,21,13,30,24,27,18,0,0,10,18,24,15,15,17,0,1,10,15,6,10,9,5
17,26,24,31,25,23,23,22,14,37,23,28,31,20,20,25,15,26,34,26,36,28,24,28,17,13,20,30,27,21,21,28,14,22,18,25,27,21,31,23,7,21,13,30,24,27,18,24,0,10,18,24,15,15,17,21,1,10,15,6,10,9,5,15
26,24,31,25,23,23,22,0,37,23,28,31,20,20,25,0,26,34,26,36,28,24,28,0,13,20,30,27,21,21,28,0,22,18,25,27,21,31,23,0,21,13,30,24,27,18,24,0,10,18,24,15,15,17,21,0,10,15,6,10,9,5,15,0
0,14,37,23,28,31,20,20,0,15,26,34,26,36,28,24,0,17,13,20,30,27,21,21,0,14,22,18,25,27,21,31,0,7,21,13,30,24,27,18,0,0,10,18,24,15,15,17,0,1,10,15,6,10,9,5,0,0,0,0,0,0,0,0
14,37,23,28,31,20,20,25,15,26,34,26,36,28,24,28,17,13,20,30,27,21,21,28,14,22,18,25,27,21,31,23,7,21,13,30,24,27,18,24,0,10,18,24,15,15,17,21,1,10,15,6,10,9,5,15,0,0,0,0,0,0,0,0
37,23,28,31,20,20,25,0,26,34,26,36,28,24,28,0,13,20,30,27,21,21,28,0,22,18,25,27,21,31,23,0,21,13,30,24,27,18,24,0,10,18,24,15,15,17,21,0,10,15,6,10,9,5,15,0,0,0,0,0,0,0,0,0
0,0,0,0,0,0,0,0,0,27,35,28,37,34,30,34,0,34,37,36,37,35,37,30,0,35,36,41,36,33,31,31,0,42,34,47,54,43,43,37,0,36,51,48,35,50,39,38,0,28,42,44,52,51,39,35,0,34,40,52,47,37,31,23
0,0,0,0,0,0,0,0,27,35,28,37,34,30,34,35,34,37,36,37,35,37,30,28,35,36,41,36,33,31,31,30,42,34,47,54,43,43,37,38,36,51,48,35,50,39,38,35,28,42,44,52,51,39,35,35,34,40,52,47,37,31,23,27
0,0,0,0,0,0,0,0,35,28,37,34,30,34,35,0,37,36,37,35,37,30,28,0,36,41,36,33,31,31,30,0,34,47,54,43,43,37,38,0,51,48,35,50,39,38,35,0,42,44,52,51,39,35,35,0,40,52,47,37,31,23,27,0
0,27,35,28,37,34,30,34,0,34,37,36,37,35,37,30,0,35,36,41,36,33,31,31,0,42,34,47,54,43,43,37,0,36,51,48,35,50,39,38,0,28,42,44,52,51,39,35,0,34,40,52,47,37,31,23,0,41,28,31,31,28,22,19
27,35,28,37,34,30,34,35,34,37,36,37,35,37,30,28,35,36,41,36,33,31,31,30,42,34,47,54,43,43,37,38,36,51,48,35,50,39,38,35,28,42,44,52,51,39,35,35,34,40,52,47,37,31,23,27,41,28,31,31,28,22,19,25
35,28,37,34,30,34,35,0,37,36,37,35,37,30,28,0,36,41,36,33,31,31,30,0,34,47,54,43,43,37,38,0,51,48,35,50,39,38,35,0,42,44,52,51,39,35,35,0,40,52,47,37,31,23,27,0,28,31,31,28,22,19,25,0
0,34,37,36,37,35,37,30,0,35,36,41,36,33,31,31,0,42,34,47,54,43,43,37,0,36,51,48,35,50,39,38,0,28,42,44,52,51,39,35,0,34,40,52,47,37,31,23,0,41,28,31,31,28,22,19,0,0,0,0,0,0,0,0
34,37,36,37,35,37,30,28,35,36,41,36,33,31,31,30,42,34,47,54,43,43,37,38,36,51,48,35,50,39,38,35,28,42,44,52,51,39,35,35,34,40,52,47,37,31,23,27,41,28,31,31,28,22,19,25,0,0,0,0,0,0,0,0
37,36,37,35,37,30,28,0,36,41,36,33,31,31,30,0,34,47,54,43,43,37,38,0,51,48,35,50,39,38,35,0,42,44,52,51,39,35,35,0,40,52,47,37,31,23,27,0,28,31,31,28,22,19,25,0,0,0,0,0,0,0,0,0
0,0,0,0,0,0,0,0,0,0,0,0,0,0,0,0,0,0,0,0,0,0,0,0,0,0,0,0,0,0,0,0,0,0,0,0,0,0,0,0,0,0,0,0,0,0,0,0,0,0,0,0,0,0,0,0,0,0,0,0,0,0,0,0
0,0,0,0,0,0,0,0,0,0,0,0,0,0,0,0,0,0,0,0,0,0,0,0,0,0,0,0,0,0,0,0,0,0,0,0,0,0,0,0,0,0,0,0,0,0,0,0,0,0,0,0,0,0,0,0,0,0,0,0,0,0,0,0
0,0,0,0,0,0,0,0,0,0,0,0,0,0,0,0,0,0,0,0,0,0,0,0,0,0,0,0,0,0,0,0,0,0,0,0,0,0,0,0,0,0,0,0,0,0,0,0,0,0,0,0,0,0,0,0,0,0,0,0,0,0,0,0
0,0,0,0,0,0,0,0,0,0,0,0,0,0,0,0,0,0,0,0,0,0,0,0,0,0,0,0,0,0,0,0,0,0,0,0,0,0,0,0,0,0,0,0,0,0,0,0,0,0,0,0,0,0,0,0,0,0,0,0,0,0,0,0
0,0,0,0,0,0,0,0,0,0,0,0,0,0,0,0,0,0,0,0,0,0,0,0,0,0,0,0,0,0,0,0,0,0,0,0,0,0,0,0,0,0,0,0,0,0,0,0,0,0,0,0,0,0,0,0,0,0,0,0,0,0,0,0
0,0,0,0,0,0,0,0,0,0,0,0,0,0,0,0,0,0,0,0,0,0,0,0,0,0,0,0,0,0,0,0,0,0,0,0,0,0,0,0,0,0,0,0,0,0,0,0,0,0,0,0,0,0,0,0,0,0,0,0,0,0,0,0
0,0,0,0,0,0,0,0,0,0,0,0,0,0,0,0,0,0,0,0,0,0,0,0,0,0,0,0,0,0,0,0,0,0,0,0,0,0,0,0,0,0,0,0,0,0,0,0,0,0,0,0,0,0,0,0,0,0,0,0,0,0,0,0
0,0,0,0,0,0,0,0,0,0,0,0,0,0,0,0,0,0,0,0,0,0,0,0,0,0,0,0,0,0,0,0,0,0,0,0,0,0,0,0,0,0,0,0,0,0,0,0,0,0,0,0,0,0,0,0,0,0,0,0,0,0,0,0
0,0,0,0,0,0,0,0,0,0,0,0,0,0,0,0,0,0,0,0,0,0,0,0,0,0,0,0,0,0,0,0,0,0,0,0,0,0,0,0,0,0,0,0,0,0,0,0,0,0,0,0,0,0,0,0,0,0,0,0,0,0,0,0
0,0,0,0,0,0,0,0,0,7,7,6,3,3,5,3,0,18,37,31,28,33,30,23,0,25,28,31,27,25,30,21,0,24,19,28,15,26,25,23,0,23,15,22,27,28,23,25,0,15,26,23,15,21,18,17,0,14,34,15,22,15,19,13
0,0,0,0,0,0,0,0,7,7,6,3,3,5,3,0,18,37,31,28,33,30,23,0,25,28,31,27,25,30,21,0,24,19,28,15,26,25,23,0,23,15,22,27,28,23,25,0,15,26,23,15,21,18,17,0,14,34,15,22,15,19,13,1
0,0,0,0,0,0,0,0,7,6,3,3,5,3,0,0,37,31,28,33,30,23,0,0,28,31,27,25,30,21,0,0,19,28,15,26,25,23,0,0,15,22,27,28,23,25,0,0,26,23,15,21,18,17,0,0,34,15,22,15,19,13,1,0
0,7,7,6,3,3,5,3,0,18,37,31,28,33,30,23,0,25,28,31,27,25,30,21,0,24,19,28,15,26,25,23,0,23,15,22,27,28,23,25,0,15,26,23,15,21,18,17,0,14,34,15,22,15,19,13,0,13,33,18,21,20,26,28
7,7,6,3,3,5,3,0,18,37,31,28,33,30,23,0,25,28,31,27,25,30,21,0,24,19,28,15,26,25,23,0,23,15,22,27,28,23,25,0,15,26,23,15,21,18,17,0,14,34,15,22,15,19,13,1,13,33,18,21,20,26,28,11
7,6,3,3,5,3,0,0,37,31,28,33,30,23,0,0,28,31,27,25,30,21,0,0,19,28,15,26,25,23,0,0,15,22,27,28,23,25,0,0,26,23,15,21,18,17,0,0,34,15,22,15,19,13,1,0,33,18,21,20,26,28,11,0
0,18,37,31,28,33,30,23,0,25,28,31,27,25,30,21,0,24,19,28,15,26,25,23,0,23,15,22,27,28,23,25,0,15,26,23,15,21,18,17,0,14,34,15,22,15,19,13,0,13,33,18,21,20,26,28,0,0,0,0,0,0,0,0
18,37,31,28,33,30,23,0,25,28,31,27,25,30,21,0,24,19,28,15,26,25,23,0,23,15,22,27,28,23,25,0,15,26,23,15,21,18,17,0,14,34,15,22,15,19,13,1,13,33,18,21,20,26,28,11,0,0,0,0,0,0,0,0
37,31,28,33,30,23,0,0,28,31,27,25,30,21,0,0,19,28,15,26,25,23,0,0,15,22,27,28,23,25,0,0,26,23,15,21,18,17,0,0,34,15,22,15,19,13,1,0,33,18,21,20,26,28,11,0,0,0,0,0,0,0,0,0
0,0,0,0,0,0,0,0,0,15,21,15,14,13,12,12,0,17,35,27,27,28,26,20,0,23,31,25,21,26,19,21,0,10,28,28,19,24,30,23,0,22,34,22,25,19,27,19,0,21,31,28,25,18,23,17,0,17,11,24,23,21,22,18
0,0,0,0,0,0,0,0,15,21,15,14,13,12,12,30,17,35,27,27,28,26,20,37,23,31,25,21,26,19,21,40,10,28,28,19,24,30,23,37,22,34,22,25,19,27,19,33,21,31,28,25,18,23,17,26,17,11,24,23,21,22,18,24
0,0,0,0,0,0,0,0,21,15,14,13,12,12,30,0,35,27,27,28,26,20,37,0,31,25,21,26,19,21,40,0,28,28,19,24,30,23,37,0,34,22,25,19,27,19,33,0,31,28,25,18,23,17,26,0,11,24,23,21,22,18,24,0
0,15,21,15,14,13,12,12,0,17,35,27,27,28,26,20,0,23,31,25,21,26,19,21,0,10,28,28,19,24,30,23,0,22,34,22,25,19,27,19,0,21,31,28,25,18,23,17,0,17,11,24,23,21,22,18,0,24,28,24,19,18,22,19
15,21,15,14,13,12,12,30,17,35,27,27,28,26,20,37,23,31,25,21,26,19,21,40,10,28,28,19,24,30,23,37,22,34,22,25,19,27,19,33,21,31,28,25,18,23,17,26,17,11,24,23,21,22,18,24,24,28,24,19,18,22,19,19
21,15,14,13,12,12,30,0,35,27,27,28,26,20,37,0,31,25,21,26,19,21,40,0,28,28,19,24,30,23,37,0,34,22,25,19,27,19,33,0,31,28,25,18,23,17,26,0,11,24,23,21,22,18,24,0,28,24,19,18,22,19,19,0
0,17,35,27,27,28,26,20,0,23,31,25,21,26,19,21,0,10,28,28,19,24,30,23,0,22,34,22,25,19,27,19,0,21,31,28,25,18,23,17,0,17,11,24,23,21,22,18,0,24,28,24,19,18,22,19,0,0,0,0,0,0,0,0
17,35,27,27,28,26,20,37,23,31,25,21,26,19,21,40,10,28,28,19,24,30,23,37,22,34,22,25,19,27,19,33,21,31,28,25,18,23,17,26,17,11,24,23,21,22,18,24,24,28,24,19,18,22,19,19,0,0,0,0,0,0,0,0
35,27,27,28,26,20,37,0,31,25,21,26,19,21,40,0,28,28,19,24,30,23,37,0,34,22,25,19,27,19,33,0,31,28,25,18,23,17,26,0,11,24,23,21,22,18,24,0,28,24,19,18,22,19,19,0,0,0,0,0,0,0,0,0
0,0,0,0,0,0,0,0,0,0,5,0,0,0,7,0,0,0,0,3,0,7,3,0,0,0,0,0,0,3,0,0,0,0,0,0,0,7,0,3,0,0,0,6,1,11,6,11,0,0,0,0,0,1,5,0,0,0,0,6,11,3,0,0
0,0,0,0,0,0,0,0,0,5,0,0,0,7,0,15,0,0,3,0,7,3,0,14,0,0,0,0,3,0,0,14,0,0,0,0,7,0,3,19,0,0,6,1,11,6,11,17,0,0,0,0,1,5,0,10,0,0,6,11,3,0,0,13
0,0,0,0,0,0,0,0,5,0,0,0,7,0,15,0,0,3,0,7,3,0,14,0,0,0,0,3,0,0,14,0,0,0,0,7,0,3,19,0,0,6,1,11,6,11,17,0,0,0,0,1,5,0,10,0,0,6,11,3,0,0,13,0
0,0,5,0,0,0,7,0,0,0,0,3,0,7,3,0,0,0,0,0,0,3,0,0,0,0,0,0,0,7,0,3,0,0,0,6,1,11,6,11,0,0,0,0,0,1,5,0,0,0,0,6,11,3,0,0,0,1,9,14,13,3,6,6
0,5,0,0,0,7,0,15,0,0,3,0,7,3,0,14,0,0,0,0,3,0,0,14,0,0,0,0,7,0,3,19,0,0,6,1,11,6,11,17,0,0,0,0,1,5,0,10,0,0,6,11,3,0,0,13,1,9,14,13,3,6,6,10
5,0,0,0,7,0,15,0,0,3,0,7,3,0,14,0,0,0,0,3,0,0,14,0,0,0,0,7,0,3,19,0,0,6,1,11,6,11,17,0,0,0,0,1,5,0,10,0,0,6,11,3,0,0,13,0,9,14,13,3,6,6,10,0
0,0,0,3,0,7,3,0,0,0,0,0,0,3,0,0,0,0,0,0,0,7,0,3,0,0,0,6,1,11,6,11,0,0,0,0,0,1,5,0,0,0,0,6,11,3,0,0,0,1,9,14,13,3,6,6,0,0,0,0,0,0,0,0
0,0,3,0,7,3,0,14,0,0,0,0,3,0,0,14,0,0,0,0,7,0,3,19,0,0,6,1,11,6,11,17,0,0,0,0,1,5,0,10,0,0,6,11,3,0,0,13,1,9,14,13,3,6,6,10,0,0,0,0,0,0,0,0
0,3,0,7,3,0,14,0,0,0,0,3,0,0,14,0,0,0,0,7,0,3,19,0,0,6,1,11,6,11,17,0,0,0,0,1,5,0,10,0,0,6,11,3,0,0,13,0,9,14,13,3,6,6,10,0,0,0,0,0,0,0,0,0
0,0,0,0,0,0,0,0,0,0,0,0,0,0,0,0,0,0,0,0,0,0,0,0,0,0,0,0,0,0,0,0,0,0,0,0,0,0,0,0,0,0,0,0,0,0,0,0,0,0,0,0,0,0,0,0,0,0,0,0,0,0,0,0
0,0,0,0,0,0,0,0,0,0,0,0,0,0,0,0,0,0,0,0,0,0,0,0,0,0,0,0,0,0,0,0,0,0,0,0,0,0,0,0,0,0,0,0,0,0,0,0,0,0,0,0,0,0,0,0,0,0,0,0,0,0,0,0
0,0,0,0,0,0,0,0,0,0,0,0,0,0,0,0,0,0,0,0,0,0,0,0,0,0,0,0,0,0,0,0,0,0,0,0,0,0,0,0,0,0,0,0,0,0,0,0,0,0,0,0,0,0,0,0,0,0,0,0,0,0,0,0
0,0,0,0,0,0,0,0,0,0,0,0,0,0,0,0,0,0,0,0,0,0,0,0,0,0,0,0,0,0,0,0,0,0,0,0,0,0,0,0,0,0,0,0,0,0,0,0,0,0,0,0,0,0,0,0,0,0,0,0,0,0,0,0
0,0,0,0,0,0,0,0,0,0,0,0,0,0,0,0,0,0,0,0,0,0,0,0,0,0,0,0,0,0,0,0,0,0,0,0,0,0,0,0,0,0,0,0,0,0,0,0,0,0,0,0,0,0,0,0,0,0,0,0,0,0,0,0
0,0,0,0,0,0,0,0,0,0,0,0,0,0,0,0,0,0,0,0,0,0,0,0,0,0,0,0,0,0,0,0,0,0,0,0,0,0,0,0,0,0,0,0,0,0,0,0,0,0,0,0,0,0,0,0,0,0,0,0,0,0,0,0
0,0,0,0,0,0,0,0,0,0,0,0,0,0,0,0,0,0,0,0,0,0,0,0,0,0,0,0,0,0,0,0,0,0,0,0,0,0,0,0,0,0,0,0,0,0,0,0,0,0,0,0,0,0,0,0,0,0,0,0,0,0,0,0
0,0,0,0,0,0,0,0,0,0,0,0,0,0,0,0,0,0,0,0,0,0,0,0,0,0,0,0,0,0,0,0,0,0,0,0,0,0,0,0,0,0,0,0,0,0,0,0,0,0,0,0,0,0,0,0,0,0,0,0,0,0,0,0
0,0,0,0,0,0,0,0,0,0,0,0,0,0,0,0,0,0,0,0,0,0,0,0,0,0,0,0,0,0,0,0,0,0,0,0,0,0,0,0,0,0,0,0,0,0,0,0,0,0,0,0,0,0,0,0,0,0,0,0,0,0,0,0
0,0,0,0,0,0,0,0,0,0,0,0,0,0,0,0,0,0,0,0,0,0,0,0,0,0,0,0,0,0,0,0,0,0,0,0,0,0,0,0,0,0,0,0,0,0,0,0,0,0,0,0,0,0,0,0,0,0,0,0,0,0,0,0
0,0,0,0,0,0,0,0,0,0,0,0,0,0,0,0,0,0,0,0,0,0,0,0,0,0,0,0,0,0,0,0,0,0,0,0,0,0,0,0,0,0,0,0,0,0,0,0,0,0,0,0,0,0,0,0,0,0,0,0,0,0,0,0
0,0,0,0,0,0,0,0,0,0,0,0,0,0,0,0,0,0,0,0,0,0,0,0,0,0,0,0,0,0,0,0,0,0,0,0,0,0,0,0,0,0,0,0,0,0,0,0,0,0,0,0,0,0,0,0,0,0,0,0,0,0,0,0
0,0,0,0,0,0,0,0,0,0,0,0,0,0,0,0,0,0,0,0,0,0,0,0,0,0,0,0,0,0,0,0,0,0,0,0,0,0,0,0,0,0,0,0,0,0,0,0,0,0,0,0,0,0,0,0,0,0,0,0,0,0,0,0
0,0,0,0,0,0,0,0,0,0,0,0,0,0,0,0,0,0,0,0,0,0,0,0,0,0,0,0,0,0,0,0,0,0,0,0,0,0,0,0,0,0,0,0,0,0,0,0,0,0,0,0,0,0,0,0,0,0,0,0,0,0,0,0
0,0,0,0,0,0,0,0,0,0,0,0,0,0,0,0,0,0,0,0,0,0,0,0,0,0,0,0,0,0,0,0,0,0,0,0,0,0,0,0,0,0,0,0,0,0,0,0,0,0,0,0,0,0,0,0,0,0,0,0,0,0,0,0
0,0,0,0,0,0,0,0,0,0,0,0,0,0,0,0,0,0,0,0,0,0,0,0,0,0,0,0,0,0,0,0,0,0,0,0,0,0,0,0,0,0,0,0,0,0,0,0,0,0,0,0,0,0,0,0,0,0,0,0,0,0,0,0
0,0,0,0,0,0,0,0,0,0,0,0,0,0,0,0,0,0,0,0,0,0,0,0,0,0,0,0,0,0,0,0,0,0,0,0,0,0,0,0,0,0,0,0,0,0,0,0,0,0,0,0,0,0,0,0,0,0,0,0,0,0,0,0
0,0,0,0,0,0,0,0,0,0,0,0,0,0,0,0,0,0,0,0,0,0,0,0,0,0,0,0,0,0,0,0,0,0,0,0,0,0,0,0,0,0,0,0,0,0,0,0,0,0,0,0,0,0,0,0,0,0,0,0,0,0,0,0
0,0,0,0,0,0,0,0,0,34,22,22,26,26,20,15,0,54,66,63,63,60,60,63,0,51,68,63,57,63,57,57,0,52,60,57,60,60,50,53,0,50,55,60,69,59,54,54,0,56,57,57,55,60,62,53,0,55,62,65,62,60,57,55
0,0,0,0,0,0,0,0,34,22,22,26,26,20,15,18,54,66,63,63,60,60,63,56,51,68,63,57,63,57,57,53,52,60,57,60,60,50,53,44,50,55,60,69,59,54,54,48,56,57,57,55,60,62,53,54,55,62,65,62,60,57,55,52
0,0,0,0,0,0,0,0,22,22,26,26,20,15,18,0,66,63,63,60,60,63,56,0,68,63,57,63,57,57,53,0,60,57,60,60,50,53,44,0,55,60,69,59,54,54,48,0,57,57,55,60,62,53,54,0,62,65,62,60,57,55,52,0
0,34,22,22,26,26,20,15,0,54,66,63,63,60,60,63,0,51,68,63,57,63,57,57,0,52,60,57,60,60,50,53,0,50,55,60,69,59,54,54,0,56,57,57,55,60,62,53,0,55,62,65,62,60,57,55,0,43,57,68,60,53,44,51
34,22,22,26,26,20,15,18,54,66,63,63,60,60,63,56,51,68,63,57,63,57,57,53,52,60,57,60,60,50,53,44,50,55,60,69,59,54,54,48,56,57,57,55,60,62,53,54,55,62,65,62,60,57,55,52,43,57,68,60,53,44,51,45
22,22,26,26,20,15,18,0,66,63,63,60,60,63,56,0,68,63,57,63,57,57,53,0,60,57,60,60,50,53,44,0,55,60,69,59,54,54,48,0,57,57,55,60,62,53,54,0,62,65,62,60,57,55,52,0,57,68,60,53,44,51,45,0
0,54,66,63,63,60,60,63,0,51,68,63,57,63,57,57,0,52,60,57,60,60,50,53,0,50,55,60,69,59,54,54,0,56,57,57,55,60,62,53,0,55,62,65,62,60,57,55,0,43,57,68,60,53,44,51,0,0,0,0,0,0,0,0
54,66,63,63,60,60,63,56,51,68,63,57,63,57,57,53,52,60,57,60,60,50,53,44,50,55,60,69,59,54,54,48,56,57,57,55,60,62,53,54,55,62,65,62,60,57,55,52,43,57,68,60,53,44,51,45,0,0,0,0,0,0,0,0
66,63,63,60,60,63,56,0,68,63,57,63,57,57,53,0,60,57,60,60,50,53,44,0,55,60,69,59,54,54,48,0,57,57,55,60,62,53,54,0,62,65,62,60,57,55,52,0,57,68,60,53,44,51,45,0,0,0,0,0,0,0,0,0
0,0,0,0,0,0,0,0,0,14,3,7,12,10,17,3,0,18,7,11,10,1,13,10,0,12,0,5,0,6,12,0,0,9,9,0,0,0,1,0,0,6,1,0,3,3,3,11,0,7,0,0,0,0,6,7,0,15,0,0,0,12,10,1
0,0,0,0,0,0,0,0,14,3,7,12,10,17,3,9,18,7,11,10,1,13,10,0,12,0,5,0,6,12,0,0,9,9,0,0,0,1,0,0,6,1,0,3,3,3,11,5,7,0,0,0,0,6,7,3,15,0,0,0,12,10,1,0
0,0,0,0,0,0,0,0,3,7,12,10,17,3,9,0,7,11,10,1,13,10,0,0,0,5,0,6,12,0,0,0,9,0,0,0,1,0,0,0,1,0,3,3,3,11,5,0,0,0,0,0,6,7,3,0,0,0,0,12,10,1,0,0
0,14,3,7,12,10,17,3,0,18,7,11,10,1,13,10,0,12,0,5,0,6,12,0,0,9,9,0,0,0,1,0,0,6,1,0,3,3,3,11,0,7,0,0,0,0,6,7,0,15,0,0,0,12,10,1,0,11,0,0,0,3,3,0
14,3,7,12,10,17,3,9,18,7,11,10,1,13,10,0,12,0,5,0,6,12,0,0,9,9,0,0,0,1,0,0,6,1,0,3,3,3,11,5,7,0,0,0,0,6,7,3,15,0,0,0,12,10,1,0,11,0,0,0,3,3,0,0
3,7,12,10,17,3,9,0,7,11,10,1,13,10,0,0,0,5,0,6,12,0,0,0,9,0,0,0,1,0,0,0,1,0,3,3,3,11,5,0,0,0,0,0,6,7,3,0,0,0,0,12,10,1,0,0,0,0,0,3,3,0,0,0
0,18,7,11,10,1,13,10,0,12,0,5,0,6,12,0,0,9,9,0,0,0,1,0,0,6,1,0,3,3,3,11,0,7,0,0,0,0,6,7,0,15,0,0,0,12,10,1,0,11,0,0,0,3,3,0,0,0,0,0,0,0,0,0
18,7,11,10,1,13,10,0,12,0,5,0,6,12,0,0,9,9,0,0,0,1,0,0,6,1,0,3,3,3,11,5,7,0,0,0,0,6,7,3,15,0,0,0,12,10,1,0,11,0,0,0,3,3,0,0,0,0,0,0,0,0,0,0
7,11,10,1,13,10,0,0,0,5,0,6,12,0,0,0,9,0,0,0,1,0,0,0,1,0,3,3,3,11,5,0,0,0,0,0,6,7,3,0,0,0,0,12,10,1,0,0,0,0,0,3,3,0,0,0,0,0,0,0,0,0,0,0
0,0,0,0,0,0,0,0,0,24,15,23,24,22,18,22,0,17,30,28,21,25,28,39,0,17,28,33,33,30,26,35,0,14,22,28,31,28,38,33,0,14,21,31,33,31,34,31,0,19,7,30,28,22,28,30,0,15,15,30,27,31,20,24
0,0,0,0,0,0,0,0,24,15,23,24,22,18,22,0,17,30,28,21,25,28,39,14,17,28,33,33,30,26,35,15,14,22,28,31,28,38,33,18,14,21,31,33,31,34,31,15,19,7,30,28,22,28,30,11,15,15,30,27,31,20,24,10
0,0,0,0,0,0,0,0,15,23,24,22,18,22,0,0,30,28,21,25,28,39,14,0,28,33,33,30,26,35,15,0,22,28,31,28,38,33,18,0,21,31,33,31,34,31,15,0,7,30,28,22,28,30,11,0,15,30,27,31,20,24,10,0
0,24,15,23,24,22,18,22,0,17,30,28,21,25,28,39,0,17,28,33,33,30,26,35,0,14,22,28,31,28,38,33,0,14,21,31,33,31,34,31,0,19,7,30,28,22,28,30,0,15,15,30,27,31,20,24,0,9,20,20,18,17,13,15
24,15,23,24,22,18,22,0,17,30,28,21,25,28,39,14,17,28,33,33,30,26,35,15,14,22,28,31,28,38,33,18,14,21,31,33,31,34,31,15,19,7,30,28,22,28,30,11,15,15,30,27,31,20,24,10,9,20,20,18,17,13,15,11
15,23,24,22,18,22,0,0,30,28,21,25,28,39,14,0,28,33,33,30,26,35,15,0,22,28,31,28,38,33,18,0,21,31,33,31,34,31,15,0,7,30,28,22,28,30,11,0,15,30,27,31,20,24,10,0,20,20,18,17,13,15,11,0
0,17,30,28,21,25,28,39,0,17,28,33,33,30,26,35,0,14,22,28,31,28,38,33,0,14,21,31,33,31,34,31,0,19,7,30,28,22,28,30,0,15,15,30,27,31,20,24,0,9,20,20,18,17,13,15,0,0,0,0,0,0,0,0
17,30,28,21,25,28,39,14,17,28,33,33,30,26,35,15,14,22,28,31,28,38,33,18,14,21,31,33,31,34,31,15,19,7,30,28,22,28,30,11,15,15,30,27,31,20,24,10,9,20,20,18,17,13,15,11,0,0,0,0,0,0,0,0
30,28,21,25,28,39,14,0,28,33,33,30,26,35,15,0,22,28,31,28,38,33,18,0,21,31,33,31,34,31,15,0,7,30,28,22,28,30,11,0,15,30,27,31,20,24,10,0,20,20,18,17,13,15,11,0,0,0,0,0,0,0,0,0
0,0,0,0,0,0,0,0,0,0,0,0,0,0,0,0,0,0,0,0,0,0,0,0,0,0,0,0,0,0,0,0,0,0,0,0,0,0,0,0,0,0,0,0,0,0,0,0,0,0,0,0,0,0,0,0,0,0,0,0,0,0,0,0
0,0,0,0,0,0,0,0,0,0,0,0,0,0,0,0,0,0,0,0,0,0,0,0,0,0,0,0,0,0,0,0,0,0,0,0,0,0,0,0,0,0,0,0,0,0,0,0,0,0,0,0,0,0,0,0,0,0,0,0,0,0,0,0
0,0,0,0,0,0,0,0,0,0,0,0,0,0,0,0,0,0,0,0,0,0,0,0,0,0,0,0,0,0,0,0,0,0,0,0,0,0,0,0,0,0,0,0,0,0,0,0,0,0,0,0,0,0,0,0,0,0,0,0,0,0,0,0
0,0,0,0,0,0,0,0,0,0,0,0,0,0,0,0,0,0,0,0,0,0,0,0,0,0,0,0,0,0,0,0,0,0,0,0,0,0,0,0,0,0,0,0,0,0,0,0,0,0,0,0,0,0,0,0,0,0,0,0,0,0,0,0
0,0,0,0,0,0,0,0,0,0,0,0,0,0,0,0,0,0,0,0,0,0,0,0,0,0,0,0,0,0,0,0,0,0,0,0,0,0,0,0,0,0,0,0,0,0,0,0,0,0,0,0,0,0,0,0,0,0,0,0,0,0,0,0
0,0,0,0,0,0,0,0,0,0,0,0,0,0,0,0,0,0,0,0,0,0,0,0,0,0,0,0,0,0,0,0,0,0,0,0,0,0,0,0,0,0,0,0,0,0,0,0,0,0,0,0,0,0,0,0,0,0,0,0,0,0,0,0
0,0,0,0,0,0,0,0,0,0,0,0,0,0,0,0,0,0,0,0,0,0,0,0,0,0,0,0,0,0,0,0,0,0,0,0,0,0,0,0,0,0,0,0,0,0,0,0,0,0,0,0,0,0,0,0,0,0,0,0,0,0,0,0
0,0,0,0,0,0,0,0,0,0,0,0,0,0,0,0,0,0,0,0,0,0,0,0,0,0,0,0,0,0,0,0,0,0,0,0,0,0,0,0,0,0,0,0,0,0,0,0,0,0,0,0,0,0,0,0,0,0,0,0,0,0,0,0
0,0,0,0,0,0,0,0,0,0,0,0,0,0,0,0,0,0,0,0,0,0,0,0,0,0,0,0,0,0,0,0,0,0,0,0,0,0,0,0,0,0,0,0,0,0,0,0,0,0,0,0,0,0,0,0,0,0,0,0,0,0,0,0
0,0,0,0,0,0,0,0,0,0,0,0,0,0,0,0,0,0,0,0,0,0,0,0,0,0,0,0,0,0,0,0,0,0,0,0,0,0,0,0,0,0,0,0,0,0,0,0,0,0,0,0,0,0,0,0,0,0,0,0,0,0,0,0
0,0,0,0,0,0,0,0,0,0,0,0,0,0,0,0,0,0,0,0,0,0,0,0,0,0,0,0,0,0,0,0,0,0,0,0,0,0,0,0,0,0,0,0,0,0,0,0,0,0,0,0,0,0,0,0,0,0,0,0,0,0,0,0
0,0,0,0,0,0,0,0,0,0,0,0,0,0,0,0,0,0,0,0,0,0,0,0,0,0,0,0,0,0,0,0,0,0,0,0,0,0,0,0,0,0,0,0,0,0,0,0,0,0,0,0,0,0,0,0,0,0,0,0,0,0,0,0
0,0,0,0,0,0,0,0,0,0,0,0,0,0,0,0,0,0,0,0,0,0,0,0,0,0,0,0,0,0,0,0,0,0,0,0,0,0,0,0,0,0,0,0,0,0,0,0,0,0,0,0,0,0,0,0,0,0,0,0,0,0,0,0
0,0,0,0,0,0,0,0,0,0,0,0,0,0,0,0,0,0,0,0,0,0,0,0,0,0,0,0,0,0,0,0,0,0,0,0,0,0,0,0,0,0,0,0,0,0,0,0,0,0,0,0,0,0,0,0,0,0,0,0,0,0,0,0
0,0,0,0,0,0,0,0,0,0,0,0,0,0,0,0,0,0,0,0,0,0,0,0,0,0,0,0,0,0,0,0,0,0,0,0,0,0,0,0,0,0,0,0,0,0,0,0,0,0,0,0,0,0,0,0,0,0,0,0,0,0,0,0
0,0,0,0,0,0,0,0,0,0,0,0,0,0,0,0,0,0,0,0,0,0,0,0,0,0,0,0,0,0,0,0,0,0,0,0,0,0,0,0,0,0,0,0,0,0,0,0,0,0,0,0,0,0,0,0,0,0,0,0,0,0,0,0
0,0,0,0,0,0,0,0,0,0,0,0,0,0,0,0,0,0,0,0,0,0,0,0,0,0,0,0,0,0,0,0,0,0,0,0,0,0,0,0,0,0,0,0,0,0,0,0,0,0,0,0,0,0,0,0,0,0,0,0,0,0,0,0
0,0,0,0,0,0,0,0,0,0,0,0,0,0,0,0,0,0,0,0,0,0,0,0,0,0,0,0,0,0,0,0,0,0,0,0,0,0,0,0,0,0,0,0,0,0,0,0,0,0,0,0,0,0,0,0,0,0,0,0,0,0,0,0
0,0,0,0,0,0,0,0,0,37,30,36,30,28,24,28,0,37,24,22,21,18,17,23,0,47,31,27,22,22,19,26,0,44,23,37,24,37,25,31,0,51,39,22,31,27,20,22,0,46,43,28,27,26,19,24,0,39,33,31,26,25,28,27
0,0,0,0,0,0,0,0,37,30,36,30,28,24,28,21,37,24,22,21,18,17,23,12,47,31,27,22,22,19,26,10,44,23,37,24,37,25,31,15,51,39,22,31,27,20,22,13,46,43,28,27,26,19,24,12,39,33,31,26,25,28,27,13
0,0,0,0,0,0,0,0,30,36,30,28,24,28,21,0,24,22,21,18,17,23,12,0,31,27,22,22,19,26,10,0,23,37,24,37,25,31,15,0,39,22,31,27,20,22,13,0,43,28,27,26,19,24,12,0,33,31,26,25,28,27,13,0
0,37,30,36,30,28,24,28,0,37,24,22,21,18,17,23,0,47,31,27,22,22,19,26,0,44,23,37,24,37,25,31,0,51,39,22,31,27,20,22,0,46,43,28,27,26,19,24,0,39,33,31,26,25,28,27,0,34,26,28,33,28,30,28
37,30,36,30,28,24,28,21,37,24,22,21,18,17,23,12,47,31,27,22,22,19,26,10,44,23,37,24,37,25,31,15,51,39,22,31,27,20,22,13,46,43,28,27,26,19,24,12,39,33,31,26,25,28,27,13,34,26,28,33,28,30,28,23
30,36,30,28,24,28,21,0,24,22,21,18,17,23,12,0,31,27,22,22,19,26,10,0,23,37,24,37,25,31,15,0,39,22,31,27,20,22,13,0,43,28,27,26,19,24,12,0,33,31,26,25,28,27,13,0,26,28,33,28,30,28,23,0
0,37,24,22,21,18,17,23,0,47,31,27,22,22,19,26,0,44,23,37,24,37,25,31,0,51,39,22,31,27,20,22,0,46,43,28,27,26,19,24,0,39,33,31,26,25,28,27,0,34,26,28,33,28,30,28,0,0,0,0,0,0,0,0
37,24,22,21,18,17,23,12,47,31,27,22,22,19,26,10,44,23,37,24,37,25,31,15,51,39,22,31,27,20,22,13,46,43,28,27,26,19,24,12,39,33,31,26,25,28,27,13,34,26,28,33,28,30,28,23,0,0,0,0,0,0,0,0
24,22,21,18,17,23,12,0,31,27,22,22,19,26,10,0,23,37,24,37,25,31,15,0,39,22,31,27,20,22,13,0,43,28,27,26,19,24,12,0,33,31,26,25,28,27,13,0,26,28,33,28,30,28,23,0,0,0,0,0,0,0,0,0
0,0,0,0,0,0,0,0,0,0,0,0,0,0,0,0,0,0,0,0,0,0,0,0,0,0,0,0,0,0,0,0,0,0,0,0,0,0,0,0,0,0,0,0,0,0,0,0,0,0,0,0,0,0,0,0,0,0,0,0,0,0,0,0
0,0,0,0,0,0,0,0,0,0,0,0,0,0,0,0,0,0,0,0,0,0,0,0,0,0,0,0,0,0,0,0,0,0,0,0,0,0,0,0,0,0,0,0,0,0,0,0,0,0,0,0,0,0,0,0,0,0,0,0,0,0,0,0
0,0,0,0,0,0,0,0,0,0,0,0,0,0,0,0,0,0,0,0,0,0,0,0,0,0,0,0,0,0,0,0,0,0,0,0,0,0,0,0,0,0,0,0,0,0,0,0,0,0,0,0,0,0,0,0,0,0,0,0,0,0,0,0
0,0,0,0,0,0,0,0,0,0,0,0,0,0,0,0,0,0,0,0,0,0,0,0,0,0,0,0,0,0,0,0,0,0,0,0,0,0,0,0,0,0,0,0,0,0,0,0,0,0,0,0,0,0,0,0,0,0,0,0,0,0,0,0
0,0,0,0,0,0,0,0,0,0,0,0,0,0,0,0,0,0,0,0,0,0,0,0,0,0,0,0,0,0,0,0,0,0,0,0,0,0,0,0,0,0,0,0,0,0,0,0,0,0,0,0,0,0,0,0,0,0,0,0,0,0,0,0
0,0,0,0,0,0,0,0,0,0,0,0,0,0,0,0,0,0,0,0,0,0,0,0,0,0,0,0,0,0,0,0,0,0,0,0,0,0,0,0,0,0,0,0,0,0,0,0,0,0,0,0,0,0,0,0,0,0,0,0,0,0,0,0
0,0,0,0,0,0,0,0,0,0,0,0,0,0,0,0,0,0,0,0,0,0,0,0,0,0,0,0,0,0,0,0,0,0,0,0,0,0,0,0,0,0,0,0,0,0,0,0,0,0,0,0,0,0,0,0,0,0,0,0,0,0,0,0
0,0,0,0,0,0,0,0,0,0,0,0,0,0,0,0,0,0,0,0,0,0,0,0,0,0,0,0,0,0,0,0,0,0,0,0,0,0,0,0,0,0,0,0,0,0,0,0,0,0,0,0,0,0,0,0,0,0,0,0,0,0,0,0
0,0,0,0,0,0,0,0,0,0,0,0,0,0,0,0,0,0,0,0,0,0,0,0,0,0,0,0,0,0,0,0,0,0,0,0,0,0,0,0,0,0,0,0,0,0,0,0,0,0,0,0,0,0,0,0,0,0,0,0,0,0,0,0
0,0,0,0,0,0,0,0,0,0,0,0,0,0,0,0,0,0,0,0,0,0,0,0,0,0,0,0,0,0,0,0,0,0,0,0,0,0,0,0,0,0,0,0,0,0,0,0,0,0,0,0,0,0,0,0,0,0,0,0,0,0,0,0
0,0,0,0,0,0,0,0,0,0,0,0,0,0,0,0,0,0,0,0,0,0,0,0,0,0,0,0,0,0,0,0,0,0,0,0,0,0,0,0,0,0,0,0,0,0,0,0,0,0,0,0,0,0,0,0,0,0,0,0,0,0,0,0
0,0,0,0,0,0,0,0,0,0,0,0,0,0,0,0,0,0,0,0,0,0,0,0,0,0,0,0,0,0,0,0,0,0,0,0,0,0,0,0,0,0,0,0,0,0,0,0,0,0,0,0,0,0,0,0,0,0,0,0,0,0,0,0
0,0,0,0,0,0,0,0,0,0,0,0,0,0,0,0,0,0,0,0,0,0,0,0,0,0,0,0,0,0,0,0,0,0,0,0,0,0,0,0,0,0,0,0,0,0,0,0,0,0,0,0,0,0,0,0,0,0,0,0,0,0,0,0
0,0,0,0,0,0,0,0,0,0,0,0,0,0,0,0,0,0,0,0,0,0,0,0,0,0,0,0,0,0,0,0,0,0,0,0,0,0,0,0,0,0,0,0,0,0,0,0,0,0,0,0,0,0,0,0,0,0,0,0,0,0,0,0
0,0,0,0,0,0,0,0,0,0,0,0,0,0,0,0,0,0,0,0,0,0,0,0,0,0,0,0,0,0,0,0,0,0,0,0,0,0,0,0,0,0,0,0,0,0,0,0,0,0,0,0,0,0,0,0,0,0,0,0,0,0,0,0
0,0,0,0,0,0,0,0,0,0,0,0,0,0,0,0,0,0,0,0,0,0,0,0,0,0,0,0,0,0,0,0,0,0,0,0,0,0,0,0,0,0,0,0,0,0,0,0,0,0,0,0,0,0,0,0,0,0,0,0,0,0,0,0
0,0,0,0,0,0,0,0,0,0,0,0,0,0,0,0,0,0,0,0,0,0,0,0,0,0,0,0,0,0,0,0,0,0,0,0,0,0,0,0,0,0,0,0,0,0,0,0,0,0,0,0,0,0,0,0,0,0,0,0,0,0,0,0
0,0,0,0,0,0,0,0,0,0,0,0,0,0,0,0,0,0,0,0,0,0,0,0,0,0,0,0,0,0,0,0,0,0,0,0,0,0,0,0,0,0,0,0,0,0,0,0,0,0,0,0,0,0,0,0,0,0,0,0,0,0,0,0
0,0,0,0,0,0,0,0,0,0,3,3,0,0,1,0,0,9,15,9,6,6,5,7,0,9,20,0,13,7,6,7,0,12,22,17,6,11,6,3,0,7,20,21,19,15,14,0,0,0,15,31,23,14,9,0,0,0,18,25,11,5,0,0
0,0,0,0,0,0,0,0,0,3,3,0,0,1,0,0,9,15,9,6,6,5,7,0,9,20,0,13,7,6,7,0,12,22,17,6,11,6,3,0,7,20,21,19,15,14,0,0,0,15,31,23,14,9,0,0,0,18,25,11,5,0,0,0
0,0,0,0,0,0,0,0,3,3,0,0,1,0,0,0,15,9,6,6,5,7,0,0,20,0,13,7,6,7,0,0,22,17,6,11,6,3,0,0,20,21,19,15,14,0,0,0,15,31,23,14,9,0,0,0,18,25,11,5,0,0,0,0
0,0,3,3,0,0,1,0,0,9,15,9,6,6,5,7,0,9,20,0,13,7,6,7,0,12,22,17,6,11,6,3,0,7,20,21,19,15,14,0,0,0,15,31,23,14,9,0,0,0,18,25,11,5,0,0,0,10,7,0,0,0,0,0
0,3,3,0,0,1,0,0,9,15,9,6,6,5,7,0,9,20,0,13,7,6,7,0,12,22,17,6,11,6,3,0,7,20,21,19,15,14,0,0,0,15,31,23,14,9,0,0,0,18,25,11,5,0,0,0,10,7,0,0,0,0,0,0
3,3,0,0,1,0,0,0,15,9,6,6,5,7,0,0,20,0,13,7,6,7,0,0,22,17,6,11,6,3,0,0,20,21,19,15,14,0,0,0,15,31,23,14,9,0,0,0,18,25,11,5,0,0,0,0,7,0,0,0,0,0,0,0
0,9,15,9,6,6,5,7,0,9,20,0,13,7,6,7,0,12,22,17,6,11,6,3,0,7,20,21,19,15,14,0,0,0,15,31,23,14,9,0,0,0,18,25,11,5,0,0,0,10,7,0,0,0,0,0,0,0,0,0,0,0,0,0
9,15,9,6,6,5,7,0,9,20,0,13,7,6,7,0,12,22,17,6,11,6,3,0,7,20,21,19,15,14,0,0,0,15,31,23,14,9,0,0,0,18,25,11,5,0,0,0,10,7,0,0,0,0,0,0,0,0,0,0,0,0,0,0
15,9,6,6,5,7,0,0,20,0,13,7,6,7,0,0,22,17,6,11,6,3,0,0,20,21,19,15,14,0,0,0,15,31,23,14,9,0,0,0,18,25,11,5,0,0,0,0,7,0,0,0,0,0,0,0,0,0,0,0,0,0,0,0
0,0,0,0,0,0,0,0,0,10,10,5,0,0,0,5,0,19,14,3,3,7,1,14,0,21,9,7,14,6,7,9,0,15,12,5,5,3,9,3,0,14,14,7,7,3,10,3,0,25,9,5,0,7,14,5,0,22,7,10,0,15,14,12
0,0,0,0,0,0,0,0,10,10,5,0,0,0,5,0,19,14,3,3,7,1,14,0,21,9,7,14,6,7,9,0,15,12,5,5,3,9,3,0,14,14,7,7,3,10,3,0,25,9,5,0,7,14,5,5,22,7,10,0,15,14,12,6
0,0,0,0,0,0,0,0,10,5,0,0,0,5,0,0,14,3,3,7,1,14,0,0,9,7,14,6,7,9,0,0,12,5,5,3,9,3,0,0,14,7,7,3,10,3,0,0,9,5,0,7,14,5,5,0,7,10,0,15,14,12,6,0
0,10,10,5,0,0,0,5,0,19,14,3,3,7,1,14,0,21,9,7,14,6,7,9,0,15,12,5,5,3,9,3,0,14,14,7,7,3,10,3,0,25,9,5,0,7,14,5,0,22,7,10,0,15,14,12,0,24,28,24,20,19,24,20
10,10,5,0,0,0,5,0,19,14,3,3,7,1,14,0,21,9,7,14,6,7,9,0,15,12,5,5,3,9,3,0,14,14,7,7,3,10,3,0,25,9,5,0,7,14,5,5,22,7,10,0,15,14,12,6,24,28,24,20,19,24,20,11
10,5,0,0,0,5,0,0,14,3,3,7,1,14,0,0,9,7,14,6,7,9,0,0,12,5,5,3,9,3,0,0,14,7,7,3,10,3,0,0,9,5,0,7,14,5,5,0,7,10,0,15,14,12,6,0,28,24,20,19,24,20,11,0
0,19,14,3,3,7,1,14,0,21,9,7,14,6,7,9,0,15,12,5,5,3,9,3,0,14,14,7,7,3,10,3,0,25,9,5,0,7,14,5,0,22,7,10,0,15,14,12,0,24,28,24,20,19,24,20,0,0,0,0,0,0,0,0
19,14,3,3,7,1,14,0,21,9,7,14,6,7,9,0,15,12,5,5,3,9,3,0,14,14,7,7,3,10,3,0,25,9,5,0,7,14,5,5,22,7,10,0,15,14,12,6,24,28,24,20,19,24,20,11,0,0,0,0,0,0,0,0
14,3,3,7,1,14,0,0,9,7,14,6,7,9,0,0,12,5,5,3,9,3,0,0,14,7,7,3,10,3,0,0,9,5,0,7,14,5,5,0,7,10,0,15,14,12,6,0,28,24,20,19,24,20,11,0,0,0,0,0,0,0,0,0
0,0,0,0,0,0,0,0,0,30,40,36,34,37,37,30,0,27,33,36,40,31,31,31,0,28,42,39,38,36,26,39,0,23,50,40,38,30,31,31,0,28,42,42,26,27,33,28,0,28,28,38,45,35,33,30,0,26,15,42,41,28,27,26
0,0,0,0,0,0,0,0,30,40,36,34,37,37,30,34,27,33,36,40,31,31,31,24,28,42,39,38,36,26,39,23,23,50,40,38,30,31,31,26,28,42,42,26,27,33,28,25,28,28,38,45,35,33,30,24,26,15,42,41,28,27,26,19
0,0,0,0,0,0,0,0,40,36,34,37,37,30,34,0,33,36,40,31,31,31,24,0,42,39,38,36,26,39,23,0,50,40,38,30,31,31,26,0,42,42,26,27,33,28,25,0,28,38,45,35,33,30,24,0,15,42,41,28,27,26,19,0
0,30,40,36,34,37,37,30,0,27,33,36,40,31,31,31,0,28,42,39,38,36,26,39,0,23,50,40,38,30,31,31,0,28,42,42,26,27,33,28,0,28,28,38,45,35,33,30,0,26,15,42,41,28,27,26,0,22,12,26,25,24,19,23
30,40,36,34,37,37,30,34,27,33,36,40,31,31,31,24,28,42,39,38,36,26,39,23,23,50,40,38,30,31,31,26,28,42,42,26,27,33,28,25,28,28,38,45,35,33,30,24,26,15,42,41,28,27,26,19,22,12,26,25,24,19,23,28
40,36,34,37,37,30,34,0,33,36,40,31,31,31,24,0,42,39,38,36,26,39,23,0,50,40,38,30,31,31,26,0,42,42,26,27,33,28,25,0,28,38,45,35,33,30,24,0,15,42,41,28,27,26,19,0,12,26,25,24,19,23,28,0
0,27,33,36,40,31,31,31,0,28,42,39,38,36,26,39,0,23,50,40,38,30,31,31,0,28,42,42,26,27,33,28,0,28,28,38,45,35,33,30,0,26,15,42,41,28,27,26,0,22,12,26,25,24,19,23,0,0,0,0,0,0,0,0
27,33,36,40,31,31,31,24,28,42,39,38,36,26,39,23,23,50,40,38,30,31,31,26,28,42,42,26,27,33,28,25,28,28,38,45,35,33,30,24,26,15,42,41,28,27,26,19,22,12,26,25,24,19,23,28,0,0,0,0,0,0,0,0
33,36,40,31,31,31,24,0,42,39,38,36,26,39,23,0,50,40,38,30,31,31,26,0,42,42,26,27,33,28,25,0,28,38,45,35,33,30,24,0,15,42,41,28,27,26,19,0,12,26,25,24,19,23,28,0,0,0,0,0,0,0,0,0
0,0,0,0,0,0,0,0,0,18,11,15,11,13,12,7,0,24,11,21,25,20,19,21,0,26,13,15,21,13,14,14,0,21,3,18,12,12,12,17,0,20,0,15,21,14,15,10,0,19,0,6,23,22,27,21,0,15,11,14,20,17,17,14
0,0,0,0,0,0,0,0,18,11,15,11,13,12,7,20,24,11,21,25,20,19,21,26,26,13,15,21,13,14,14,26,21,3,18,12,12,12,17,26,20,0,15,21,14,15,10,24,19,0,6,23,22,27,21,28,15,11,14,20,17,17,14,22
0,0,0,0,0,0,0,0,11,15,11,13,12,7,20,0,11,21,25,20,19,21,26,0,13,15,21,13,14,14,26,0,3,18,12,12,12,17,26,0,0,15,21,14,15,10,24,0,0,6,23,22,27,21,28,0,11,14,20,17,17,14,22,0
0,18,11,15,11,13,12,7,0,24,11,21,25,20,19,21,0,26,13,15,21,13,14,14,0,21,3,18,12,12,12,17,0,20,0,15,21,14,15,10,0,19,0,6,23,22,27,21,0,15,11,14,20,17,17,14,0,39,43,38,28,31,30,27
18,11,15,11,13,12,7,20,24,11,21,25,20,19,21,26,26,13,15,21,13,14,14,26,21,3,18,12,12,12,17,26,20,0,15,21,14,15,10,24,19,0,6,23,22,27,21,28,15,11,14,20,17,17,14,22,39,43,38,28,31,30,27,26
11,15,11,13,12,7,20,0,11,21,25,20,19,21,26,0,13,15,21,13,14,14,26,0,3,18,12,12,12,17,26,0,0,15,21,14,15,10,24,0,0,6,23,22,27,21,28,0,11,14,20,17,17,14,22,0,43,38,28,31,30,27,26,0
0,24,11,21,25,20,19,21,0,26,13,15,21,13,14,14,0,21,3,18,12,12,12,17,0,20,0,15,21,14,15,10,0,19,0,6,23,22,27,21,0,15,11,14,20,17,17,14,0,39,43,38,28,31,30,27,0,0,0,0,0,0,0,0
24,11,21,25,20,19,21,26,26,13,15,21,13,14,14,26,21,3,18,12,12,12,17,26,20,0,15,21,14,15,10,24,19,0,6,23,22,27,21,28,15,11,14,20,17,17,14,22,39,43,38,28,31,30,27,26,0,0,0,0,0,0,0,0
11,21,25,20,19,21,26,0,13,15,21,13,14,14,26,0,3,18,12,12,12,17,26,0,0,15,21,14,15,10,24,0,0,6,23,22,27,21,28,0,11,14,20,17,17,14,22,0,43,38,28,31,30,27,26,0,0,0,0,0,0,0,0,0
0,0,0,0,0,0,0,0,0,44,48,44,44,45,49,50,0,51,51,50,45,46,54,56,0,46,59,49,51,56,54,57,0,44,46,41,46,47,48,52,0,37,43,47,45,42,46,54,0,42,50,46,51,48,50,60,0,31,48,31,44,39,44,43
0,0,0,0,0,0,0,0,44,48,44,44,45,49,50,39,51,51,50,45,46,54,56,52,46,59,49,51,56,54,57,53,44,46,41,46,47,48,52,51,37,43,47,45,42,46,54,47,42,50,46,51,48,50,60,51,31,48,31,44,39,44,43,37
0,0,0,0,0,0,0,0,48,44,44,45,49,50,39,0,51,50,45,46,54,56,52,0,59,49,51,56,54,57,53,0,46,41,46,47,48,52,51,0,43,47,45,42,46,54,47,0,50,46,51,48,50,60,51,0,48,31,44,39,44,43,37,0
0,44,48,44,44,45,49,50,0,51,51,50,45,46,54,56,0,46,59,49,51,56,54,57,0,44,46,41,46,47,48,52,0,37,43,47,45,42,46,54,0,42,50,46,51,48,50,60,0,31,48,31,44,39,44,43,0,28,38,34,30,36,31,31
44,48,44,44,45,49,50,39,51,51,50,45,46,54,56,52,46,59,49,51,56,54,57,53,44,46,41,46,47,48,52,51,37,43,47,45,42,46,54,47,42,50,46,51,48,50,60,51,31,48,31,44,39,44,43,37,28,38,34,30,36,31,31,30
48,44,44,45,49,50,39,0,51,50,45,46,54,56,52,0,59,49,51,56,54,57,53,0,46,41,46,47,48,52,51,0,43,47,45,42,46,54,47,0,50,46,51,48,50,60,51,0,48,31,44,39,44,43,37,0,38,34,30,36,31,31,30,0
0,51,51,50,45,46,54,56,0,46,59,49,51,56,54,57,0,44,46,41,46,47,48,52,0,37,43,47,45,42,46,54,0,42,50,46,51,48,50,60,0,31,48,31,44,39,44,43,0,28,38,34,30,36,31,31,0,0,0,0,0,0,0,0
51,51,50,45,46,54,56,52,46,59,49,51,56,54,57,53,44,46,41,46,47,48,52,51,37,43,47,45,42,46,54,47,42,50,46,51,48,50,60,51,31,48,31,44,39,44,43,37,28,38,34,30,36,31,31,30,0,0,0,0,0,0,0,0
51,50,45,46,54,56,52,0,59,49,51,56,54,57,53,0,46,41,46,47,48,52,51,0,43,47,45,42,46,54,47,0,50,46,51,48,50,60,51,0,48,31,44,39,44,43,37,0,38,34,30,36,31,31,30,0,0,0,0,0,0,0,0,0
0,0,0,0,0,0,0,0,0,41,51,46,51,57,52,54,0,36,43,44,50,51,43,43,0,31,44,46,40,44,45,36,0,26,41,34,42,38,43,41,0,25,37,45,44,46,42,41,0,34,26,45,47,40,51,40,0,37,34,47,47,45,35,34
0,0,0,0,0,0,0,0,41,51,46,51,57,52,54,53,36,43,44,50,51,43,43,56,31,44,46,40,44,45,36,54,26,41,34,42,38,43,41,54,25,37,45,44,46,42,41,46,34,26,45,47,40,51,40,50,37,34,47,47,45,35,34,44
0,0,0,0,0,0,0,0,51,46,51,57,52,54,53,0,43,44,50,51,43,43,56,0,44,46,40,44,45,36,54,0,41,34,42,38,43,41,54,0,37,45,44,46,42,41,46,0,26,45,47,40,51,40,50,0,34,47,47,45,35,34,44,0
0,41,51,46,51,57,52,54,0,36,43,44,50,51,43,43,0,31,44,46,40,44,45,36,0,26,41,34,42,38,43,41,0,25,37,45,44,46,42,41,0,34,26,45,47,40,51,40,0,37,34,47,47,45,35,34,0,31,37,43,28,26,23,22
41,51,46,51,57,52,54,53,36,43,44,50,51,43,43,56,31,44,46,40,44,45,36,54,26,41,34,42,38,43,41,54,25,37,45,44,46,42,41,46,34,26,45,47,40,51,40,50,37,34,47,47,45,35,34,44,31,37,43,28,26,23,22,36
51,46,51,57,52,54,53,0,43,44,50,51,43,43,56,0,44,46,40,44,45,36,54,0,41,34,42,38,43,41,54,0,37,45,44,46,42,41,46,0,26,45,47,40,51,40,50,0,34,47,47,45,35,34,44,0,37,43,28,26,23,22,36,0
0,36,43,44,50,51,43,43,0,31,44,46,40,44,45,36,0,26,41,34,42,38,43,41,0,25,37,45,44,46,42,41,0,34,26,45,47,40,51,40,0,37,34,47,47,45,35,34,0,31,37,43,28,26,23,22,0,0,0,0,0,0,0,0
36,43,44,50,51,43,43,56,31,44,46,40,44,45,36,54,26,41,34,42,38,43,41,54,25,37,45,44,46,42,41,46,34,26,45,47,40,51,40,50,37,34,47,47,45,35,34,44,31,37,43,28,26,23,22,36,0,0,0,0,0,0,0,0
43,44,50,51,43,43,56,0,44,46,40,44,45,36,54,0,41,34,42,38,43,41,54,0,37,45,44,46,42,41,46,0,26,45,47,40,51,40,50,0,34,47,47,45,35,34,44,0,37,43,28,26,23,22,36,0,0,0,0,0,0,0,0,0
0,0,0,0,0,0,0,0,0,5,3,3,7,0,6,0,0,7,15,9,14,17,17,9,0,3,3,6,0,5,11,0,0,0,0,0,0,0,11,0,0,0,0,0,0,0,5,3,0,0,0,0,0,0,15,14,0,0,0,0,3,3,9,0
0,0,0,0,0,0,0,0,5,3,3,7,0,6,0,13,7,15,9,14,17,17,9,30,3,3,6,0,5,11,0,27,0,0,0,0,0,11,0,25,0,0,0,0,0,5,3,31,0,0,0,0,0,15,14,23,0,0,0,3,3,9,0,12
0,0,0,0,0,0,0,0,3,3,7,0,6,0,13,0,15,9,14,17,17,9,30,0,3,6,0,5,11,0,27,0,0,0,0,0,11,0,25,0,0,0,0,0,5,3,31,0,0,0,0,0,15,14,23,0,0,0,3,3,9,0,12,0
0,5,3,3,7,0,6,0,0,7,15,9,14,17,17,9,0,3,3,6,0,5,11,0,0,0,0,0,0,0,11,0,0,0,0,0,0,0,5,3,0,0,0,0,0,0,15,14,0,0,0,0,3,3,9,0,0,7,0,14,15,14,9,7
5,3,3,7,0,6,0,13,7,15,9,14,17,17,9,30,3,3,6,0,5,11,0,27,0,0,0,0,0,11,0,25,0,0,0,0,0,5,3,31,0,0,0,0,0,15,14,23,0,0,0,3,3,9,0,12,7,0,14,15,14,9,7,28
3,3,7,0,6,0,13,0,15,9,14,17,17,9,30,0,3,6,0,5,11,0,27,0,0,0,0,0,11,0,25,0,0,0,0,0,5,3,31,0,0,0,0,0,15,14,23,0,0,0,3,3,9,0,12,0,0,14,15,14,9,7,28,0
0,7,15,9,14,17,17,9,0,3,3,6,0,5,11,0,0,0,0,0,0,0,11,0,0,0,0,0,0,0,5,3,0,0,0,0,0,0,15,14,0,0,0,0,3,3,9,0,0,7,0,14,15,14,9,7,0,0,0,0,0,0,0,0
7,15,9,14,17,17,9,30,3,3,6,0,5,11,0,27,0,0,0,0,0,11,0,25,0,0,0,0,0,5,3,31,0,0,0,0,0,15,14,23,0,0,0,3,3,9,0,12,7,0,14,15,14,9,7,28,0,0,0,0,0,0,0,0
15,9,14,17,17,9,30,0,3,6,0,5,11,0,27,0,0,0,0,0,11,0,25,0,0,0,0,0,5,3,31,0,0,0,0,0,15,14,23,0,0,0,3,3,9,0,12,0,0,14,15,14,9,7,28,0,0,0,0,0,0,0,0,0
0,0,0,0,0,0,0,0,0,14,0,6,0,0,0,0,0,13,10,7,3,1,6,9,0,19,3,7,3,5,5,0,0,17,0,3,0,6,6,3,0,27,5,5,0,3,0,6,0,28,3,0,0,0,5,12,0,20,10,3,5,5,3,7
0,0,0,0,0,0,0,0,14,0,6,0,0,0,0,0,13,10,7,3,1,6,9,1,19,3,7,3,5,5,0,3,17,0,3,0,6,6,3,3,27,5,5,0,3,0,6,7,28,3,0,0,0,5,12,15,20,10,3,5,5,3,7,7
0,0,0,0,0,0,0,0,0,6,0,0,0,0,0,0,10,7,3,1,6,9,1,0,3,7,3,5,5,0,3,0,0,3,0,6,6,3,3,0,5,5,0,3,0,6,7,0,3,0,0,0,5,12,15,0,10,3,5,5,3,7,7,0
0,14,0,6,0,0,0,0,0,13,10,7,3,1,6,9,0,19,3,7,3,5,5,0,0,17,0,3,0,6,6,3,0,27,5,5,0,3,0,6,0,28,3,0,0,0,5,12,0,20,10,3,5,5,3,7,0,13,5,9,1,0,0,6
14,0,6,0,0,0,0,0,13,10,7,3,1,6,9,1,19,3,7,3,5,5,0,3,17,0,3,0,6,6,3,3,27,5,5,0,3,0,6,7,28,3,0,0,0,5,12,15,20,10,3,5,5,3,7,7,13,5,9,1,0,0,6,10
0,6,0,0,0,0,0,0,10,7,3,1,6,9,1,0,3,7,3,5,5,0,3,0,0,3,0,6,6,3,3,0,5,5,0,3,0,6,7,0,3,0,0,0,5,12,15,0,10,3,5,5,3,7,7,0,5,9,1,0,0,6,10,0
0,13,10,7,3,1,6,9,0,19,3,7,3,5,5,0,0,17,0,3,0,6,6,3,0,27,5,5,0,3,0,6,0,28,3,0,0,0,5,12,0,20,10,3,5,5,3,7,0,13,5,9,1,0,0,6,0,0,0,0,0,0,0,0
13,10,7,3,1,6,9,1,19,3,7,3,5,5,0,3,17,0,3,0,6,6,3,3,27,5,5,0,3,0,6,7,28,3,0,0,0,5,12,15,20,10,3,5,5,3,7,7,13,5,9,1,0,0,6,10,0,0,0,0,0,0,0,0
10,7,3,1,6,9,1,0,3,7,3,5,5,0,3,0,0,3,0,6,6,3,3,0,5,5,0,3,0,6,7,0,3,0,0,0,5,12,15,0,10,3,5,5,3,7,7,0,5,9,1,0,0,6,10,0,0,0,0,0,0,0,0,0
0,0,0,0,0,0,0,0,0,20,21,14,20,20,21,26,0,25,24,35,28,28,34,25,0,21,22,26,31,25,28,27,0,19,23,28,25,31,33,25,0,22,22,39,25,31,31,27,0,6,31,27,30,22,24,17,0,3,34,18,27,15,7,11
0,0,0,0,0,0,0,0,20,21,14,20,20,21,26,7,25,24,35,28,28,34,25,13,21,22,26,31,25,28,27,11,19,23,28,25,31,33,25,10,22,22,39,25,31,31,27,10,6,31,27,30,22,24,17,7,3,34,18,27,15,7,11,5
0,0,0,0,0,0,0,0,21,14,20,20,21,26,7,0,24,35,28,28,34,25,13,0,22,26,31,25,28,27,11,0,23,28,25,31,33,25,10,0,22,39,25,31,31,27,10,0,31,27,30,22,24,17,7,0,34,18,27,15,7,11,5,0
0,20,21,14,20,20,21,26,0,25,24,35,28,28,34,25,0,21,22,26,31,25,28,27,0,19,23,28,25,31,33,25,0,22,22,39,25,31,31,27,0,6,31,27,30,22,24,17,0,3,34,18,27,15,7,11,0,0,3,0,0,0,0,0
20,21,14,20,20,21,26,7,25,24,35,28,28,34,25,13,21,22,26,31,25,28,27,11,19,23,28,25,31,33,25,10,22,22,39,25,31,31,27,10,6,31,27,30,22,24,17,7,3,34,18,27,15,7,11,5,0,3,0,0,0,0,0,0
21,14,20,20,21,26,7,0,24,35,28,28,34,25,13,0,22,26,31,25,28,27,11,0,23,28,25,31,33,25,10,0,22,39,25,31,31,27,10,0,31,27,30,22,24,17,7,0,34,18,27,15,7,11,5,0,3,0,0,0,0,0,0,0
0,25,24,35,28,28,34,25,0,21,22,26,31,25,28,27,0,19,23,28,25,31,33,25,0,22,22,39,25,31,31,27,0,6,31,27,30,22,24,17,0,3,34,18,27,15,7,11,0,0,3,0,0,0,0,0,0,0,0,0,0,0,0,0
25,24,35,28,28,34,25,13,21,22,26,31,25,28,27,11,19,23,28,25,31,33,25,10,22,22,39,25,31,31,27,10,6,31,27,30,22,24,17,7,3,34,18,27,15,7,11,5,0,3,0,0,0,0,0,0,0,0,0,0,0,0,0,0
24,35,28,28,34,25,13,0,22,26,31,25,28,27,11,0,23,28,25,31,33,25,10,0,22,39,25,31,31,27,10,0,31,27,30,22,24,17,7,0,34,18,27,15,7,11,5,0,3,0,0,0,0,0,0,0,0,0,0,0,0,0,0,0
0,0,0,0,0,0,0,0,0,0,0,0,0,0,0,0,0,0,0,0,0,0,0,0,0,0,0,0,0,0,0,0,0,0,0,0,0,0,0,0,0,0,0,0,0,0,0,0,0,0,0,0,0,0,0,0,0,0,0,0,0,0,0,0
0,0,0,0,0,0,0,0,0,0,0,0,0,0,0,0,0,0,0,0,0,0,0,0,0,0,0,0,0,0,0,0,0,0,0,0,0,0,0,0,0,0,0,0,0,0,0,0,0,0,0,0,0,0,0,0,0,0,0,0,0,0,0,0
0,0,0,0,0,0,0,0,0,0,0,0,0,0,0,0,0,0,0,0,0,0,0,0,0,0,0,0,0,0,0,0,0,0,0,0,0,0,0,0,0,0,0,0,0,0,0,0,0,0,0,0,0,0,0,0,0,0,0,0,0,0,0,0
0,0,0,0,0,0,0,0,0,0,0,0,0,0,0,0,0,0,0,0,0,0,0,0,0,0,0,0,0,0,0,0,0,0,0,0,0,0,0,0,0,0,0,0,0,0,0,0,0,0,0,0,0,0,0,0,0,0,0,0,0,0,0,0
0,0,0,0,0,0,0,0,0,0,0,0,0,0,0,0,0,0,0,0,0,0,0,0,0,0,0,0,0,0,0,0,0,0,0,0,0,0,0,0,0,0,0,0,0,0,0,0,0,0,0,0,0,0,0,0,0,0,0,0,0,0,0,0
0,0,0,0,0,0,0,0,0,0,0,0,0,0,0,0,0,0,0,0,0,0,0,0,0,0,0,0,0,0,0,0,0,0,0,0,0,0,0,0,0,0,0,0,0,0,0,0,0,0,0,0,0,0,0,0,0,0,0,0,0,0,0,0
0,0,0,0,0,0,0,0,0,0,0,0,0,0,0,0,0,0,0,0,0,0,0,0,0,0,0,0,0,0,0,0,0,0,0,0,0,0,0,0,0,0,0,0,0,0,0,0,0,0,0,0,0,0,0,0,0,0,0,0,0,0,0,0
0,0,0,0,0,0,0,0,0,0,0,0,0,0,0,0,0,0,0,0,0,0,0,0,0,0,0,0,0,0,0,0,0,0,0,0,0,0,0,0,0,0,0,0,0,0,0,0,0,0,0,0,0,0,0,0,0,0,0,0,0,0,0,0
0,0,0,0,0,0,0,0,0,0,0,0,0,0,0,0,0,0,0,0,0,0,0,0,0,0,0,0,0,0,0,0,0,0,0,0,0,0,0,0,0,0,0,0,0,0,0,0,0,0,0,0,0,0,0,0,0,0,0,0,0,0,0,0
0,0,0,0,0,0,0,0,0,0,0,0,0,0,0,0,0,0,0,0,0,0,0,0,0,0,0,0,0,0,0,0,0,0,0,0,0,0,0,0,0,0,0,0,0,0,0,0,0,0,0,0,0,0,0,0,0,0,0,0,0,0,0,0
0,0,0,0,0,0,0,0,0,0,0,0,0,0,0,0,0,0,0,0,0,0,0,0,0,0,0,0,0,0,0,0,0,0,0,0,0,0,0,0,0,0,0,0,0,0,0,0,0,0,0,0,0,0,0,0,0,0,0,0,0,0,0,0
0,0,0,0,0,0,0,0,0,0,0,0,0,0,0,0,0,0,0,0,0,0,0,0,0,0,0,0,0,0,0,0,0,0,0,0,0,0,0,0,0,0,0,0,0,0,0,0,0,0,0,0,0,0,0,0,0,0,0,0,0,0,0,0
0,0,0,0,0,0,0,0,0,0,0,0,0,0,0,0,0,0,0,0,0,0,0,0,0,0,0,0,0,0,0,0,0,0,0,0,0,0,0,0,0,0,0,0,0,0,0,0,0,0,0,0,0,0,0,0,0,0,0,0,0,0,0,0
0,0,0,0,0,0,0,0,0,0,0,0,0,0,0,0,0,0,0,0,0,0,0,0,0,0,0,0,0,0,0,0,0,0,0,0,0,0,0,0,0,0,0,0,0,0,0,0,0,0,0,0,0,0,0,0,0,0,0,0,0,0,0,0
0,0,0,0,0,0,0,0,0,0,0,0,0,0,0,0,0,0,0,0,0,0,0,0,0,0,0,0,0,0,0,0,0,0,0,0,0,0,0,0,0,0,0,0,0,0,0,0,0,0,0,0,0,0,0,0,0,0,0,0,0,0,0,0
0,0,0,0,0,0,0,0,0,0,0,0,0,0,0,0,0,0,0,0,0,0,0,0,0,0,0,0,0,0,0,0,0,0,0,0,0,0,0,0,0,0,0,0,0,0,0,0,0,0,0,0,0,0,0,0,0,0,0,0,0,0,0,0
0,0,0,0,0,0,0,0,0,0,0,0,0,0,0,0,0,0,0,0,0,0,0,0,0,0,0,0,0,0,0,0,0,0,0,0,0,0,0,0,0,0,0,0,0,0,0,0,0,0,0,0,0,0,0,0,0,0,0,0,0,0,0,0
0,0,0,0,0,0,0,0,0,0,0,0,0,0,0,0,0,0,0,0,0,0,0,0,0,0,0,0,0,0,0,0,0,0,0,0,0,0,0,0,0,0,0,0,0,0,0,0,0,0,0,0,0,0,0,0,0,0,0,0,0,0,0,0
0,0,0,0,0,0,0,0,0,15,15,15,14,15,17,17,0,23,25,36,30,30,26,20,0,25,17,24,28,22,26,18,0,27,35,31,28,25,21,27,0,31,37,33,33,35,28,27,0,31,26,31,33,31,31,28,0,33,19,31,23,34,33,27
0,0,0,0,0,0,0,0,15,15,15,14,15,17,17,20,23,25,36,30,30,26,20,26,25,17,24,28,22,26,18,23,27,35,31,28,25,21,27,27,31,37,33,33,35,28,27,28,31,26,31,33,31,31,28,27,33,19,31,23,34,33,27,28
0,0,0,0,0,0,0,0,15,15,14,15,17,17,20,0,25,36,30,30,26,20,26,0,17,24,28,22,26,18,23,0,35,31,28,25,21,27,27,0,37,33,33,35,28,27,28,0,26,31,33,31,31,28,27,0,19,31,23,34,33,27,28,0
0,15,15,15,14,15,17,17,0,23,25,36,30,30,26,20,0,25,17,24,28,22,26,18,0,27,35,31,28,25,21,27,0,31,37,33,33,35,28,27,0,31,26,31,33,31,31,28,0,33,19,31,23,34,33,27,0,43,42,53,42,48,49,45
15,15,15,14,15,17,17,20,23,25,36,30,30,26,20,26,25,17,24,28,22,26,18,23,27,35,31,28,25,21,27,27,31,37,33,33,35,28,27,28,31,26,31,33,31,31,28,27,33,19,31,23,34,33,27,28,43,42,53,42,48,49,45,38
15,15,14,15,17,17,20,0,25,36,30,30,26,20,26,0,17,24,28,22,26,18,23,0,35,31,28,25,21,27,27,0,37,33,33,35,28,27,28,0,26,31,33,31,31,28,27,0,19,31,23,34,33,27,28,0,42,53,42,48,49,45,38,0
0,23,25,36,30,30,26,20,0,25,17,24,28,22,26,18,0,27,35,31,28,25,21,27,0,31,37,33,33,35,28,27,0,31,26,31,33,31,31,28,0,33,19,31,23,34,33,27,0,43,42,53,42,48,49,45,0,0,0,0,0,0,0,0
23,25,36,30,30,26,20,26,25,17,24,28,22,26,18,23,27,35,31,28,25,21,27,27,31,37,33,33,35,28,27,28,31,26,31,33,31,31,28,27,33,19,31,23,34,33,27,28,43,42,53,42,48,49,45,38,0,0,0,0,0,0,0,0
25,36,30,30,26,20,26,0,17,24,28,22,26,18,23,0,35,31,28,25,21,27,27,0,37,33,33,35,28,27,28,0,26,31,33,31,31,28,27,0,19,31,23,34,33,27,28,0,42,53,42,48,49,45,38,0,0,0,0,0,0,0,0,0
0,0,0,0,0,0,0,0,0,14,11,12,19,20,19,21,0,19,7,13,15,13,11,9,0,12,7,5,13,12,11,19,0,15,7,17,15,9,0,7,0,15,26,9,7,13,15,17,0,18,31,7,20,23,15,11,0,26,35,18,22,11,23,22
0,0,0,0,0,0,0,0,14,11,12,19,20,19,21,11,19,7,13,15,13,11,9,0,12,7,5,13,12,11,19,0,15,7,17,15,9,0,7,3,15,26,9,7,13,15,17,7,18,31,7,20,23,15,11,0,26,35,18,22,11,23,22,7
0,0,0,0,0,0,0,0,11,12,19,20,19,21,11,0,7,13,15,13,11,9,0,0,7,5,13,12,11,19,0,0,7,17,15,9,0,7,3,0,26,9,7,13,15,17,7,0,31,7,20,23,15,11,0,0,35,18,22,11,23,22,7,0
0,14,11,12,19,20,19,21,0,19,7,13,15,13,11,9,0,12,7,5,13,12,11,19,0,15,7,17,15,9,0,7,0,15,26,9,7,13,15,17,0,18,31,7,20,23,15,11,0,26,35,18,22,11,23,22,0,23,21,13,17,18,20,22
14,11,12,19,20,19,21,11,19,7,13,15,13,11,9,0,12,7,5,13,12,11,19,0,15,7,17,15,9,0,7,3,15,26,9,7,13,15,17,7,18,31,7,20,23,15,11,0,26,35,18,22,11,23,22,7,23,21,13,17,18,20,22,9
11,12,19,20,19,21,11,0,7,13,15,13,11,9,0,0,7,5,13,12,11,19,0,0,7,17,15,9,0,7,3,0,26,9,7,13,15,17,7,0,31,7,20,23,15,11,0,0,35,18,22,11,23,22,7,0,21,13,17,18,20,22,9,0
0,19,7,13,15,13,11,9,0,12,7,5,13,12,11,19,0,15,7,17,15,9,0,7,0,15,26,9,7,13,15,17,0,18,31,7,20,23,15,11,0,26,35,18,22,11,23,22,0,23,21,13,17,18,20,22,0,0,0,0,0,0,0,0
19,7,13,15,13,11,9,0,12,7,5,13,12,11,19,0,15,7,17,15,9,0,7,3,15,26,9,7,13,15,17,7,18,31,7,20,23,15,11,0,26,35,18,22,11,23,22,7,23,21,13,17,18,20,22,9,0,0,0,0,0,0,0,0
7,13,15,13,11,9,0,0,7,5,13,12,11,19,0,0,7,17,15,9,0,7,3,0,26,9,7,13,15,17,7,0,31,7,20,23,15,11,0,0,35,18,22,11,23,22,7,0,21,13,17,18,20,22,9,0,0,0,0,0,0,0,0,0
0,0,0,0,0,0,0,0,0,0,0,0,0,0,0,0,0,0,0,0,0,0,0,0,0,0,0,0,0,0,0,0,0,0,0,0,0,0,0,0,0,0,0,0,0,0,0,0,0,0,0,0,0,0,0,0,0,0,0,0,0,0,0,0
0,0,0,0,0,0,0,0,0,0,0,0,0,0,0,0,0,0,0,0,0,0,0,1,0,0,0,0,0,0,0,5,0,0,0,0,0,0,0,6,0,0,0,0,0,0,0,7,0,0,0,0,0,0,0,6,0,0,0,0,0,0,0,0
0,0,0,0,0,0,0,0,0,0,0,0,0,0,0,0,0,0,0,0,0,0,1,0,0,0,0,0,0,0,5,0,0,0,0,0,0,0,6,0,0,0,0,0,0,0,7,0,0,0,0,0,0,0,6,0,0,0,0,0,0,0,0,0
0,0,0,0,0,0,0,0,0,0,0,0,0,0,0,0,0,0,0,0,0,0,0,0,0,0,0,0,0,0,0,0,0,0,0,0,0,0,0,0,0,0,0,0,0,0,0,0,0,0,0,0,0,0,0,0,0,0,0,0,0,1,0,3
0,0,0,0,0,0,0,0,0,0,0,0,0,0,0,1,0,0,0,0,0,0,0,5,0,0,0,0,0,0,0,6,0,0,0,0,0,0,0,7,0,0,0,0,0,0,0,6,0,0,0,0,0,0,0,0,0,0,0,0,1,0,3,7
0,0,0,0,0,0,0,0,0,0,0,0,0,0,1,0,0,0,0,0,0,0,5,0,0,0,0,0,0,0,6,0,0,0,0,0,0,0,7,0,0,0,0,0,0,0,6,0,0,0,0,0,0,0,0,0,0,0,0,1,0,3,7,0
0,0,0,0,0,0,0,0,0,0,0,0,0,0,0,0,0,0,0,0,0,0,0,0,0,0,0,0,0,0,0,0,0,0,0,0,0,0,0,0,0,0,0,0,0,0,0,0,0,0,0,0,0,1,0,3,0,0,0,0,0,0,0,0
0,0,0,0,0,0,0,1,0,0,0,0,0,0,0,5,0,0,0,0,0,0,0,6,0,0,0,0,0,0,0,7,0,0,0,0,0,0,0,6,0,0,0,0,0,0,0,0,0,0,0,0,1,0,3,7,0,0,0,0,0,0,0,0
0,0,0,0,0,0,1,0,0,0,0,0,0,0,5,0,0,0,0,0,0,0,6,0,0,0,0,0,0,0,7,0,0,0,0,0,0,0,6,0,0,0,0,0,0,0,0,0,0,0,0,1,0,3,7,0,0,0,0,0,0,0,0,0
0,0,0,0,0,0,0,0,0,0,0,0,6,5,5,3,0,0,0,0,0,0,0,0,0,0,0,0,0,0,0,0,0,0,0,0,1,0,0,0,0,0,0,0,3,0,0,0,0,0,0,0,0,0,0,0,0,0,0,0,0,0,0,0
0,0,0,0,0,0,0,0,0,0,0,6,5,5,3,9,0,0,0,0,0,0,0,5,0,0,0,0,0,0,0,5,0,0,0,1,0,0,0,0,0,0,0,3,0,0,0,3,0,0,0,0,0,0,0,0,0,0,0,0,0,0,0,0
0,0,0,0,0,0,0,0,0,0,6,5,5,3,9,0,0,0,0,0,0,0,5,0,0,0,0,0,0,0,5,0,0,0,1,0,0,0,0,0,0,0,3,0,0,0,3,0,0,0,0,0,0,0,0,0,0,0,0,0,0,0,0,0
0,0,0,0,6,5,5,3,0,0,0,0,0,0,0,0,0,0,0,0,0,0,0,0,0,0,0,0,1,0,0,0,0,0,0,0,3,0,0,0,0,0,0,0,0,0,0,0,0,0,0,0,0,0,0,0,0,0,0,0,0,0,0,0
0,0,0,6,5,5,3,9,0,0,0,0,0,0,0,5,0,0,0,0,0,0,0,5,0,0,0,1,0,0,0,0,0,0,0,3,0,0,0,3,0,0,0,0,0,0,0,0,0,0,0,0,0,0,0,0,0,0,0,0,0,0,0,0
0,0,6,5,5,3,9,0,0,0,0,0,0,0,5,0,0,0,0,0,0,0,5,0,0,0,1,0,0,0,0,0,0,0,3,0,0,0,3,0,0,0,0,0,0,0,0,0,0,0,0,0,0,0,0,0,0,0,0,0,0,0,0,0
0,0,0,0,0,0,0,0,0,0,0,0,0,0,0,0,0,0,0,0,1,0,0,0,0,0,0,0,3,0,0,0,0,0,0,0,0,0,0,0,0,0,0,0,0,0,0,0,0,0,0,0,0,0,0,0,0,0,0,0,0,0,0,0
0,0,0,0,0,0,0,5,0,0,0,0,0,0,0,5,0,0,0,1,0,0,0,0,0,0,0,3,0,0,0,3,0,0,0,0,0,0,0,0,0,0,0,0,0,0,0,0,0,0,0,0,0,0,0,0,0,0,0,0,0,0,0,0
0,0,0,0,0,0,5,0,0,0,0,0,0,0,5,0,0,0,1,0,0,0,0,0,0,0,3,0,0,0,3,0,0,0,0,0,0,0,0,0,0,0,0,0,0,0,0,0,0,0,0,0,0,0,0,0,0,0,0,0,0,0,0,0
0,0,0,0,0,0,0,0,0,0,3,3,0,10,7,3,0,0,15,25,24,19,15,15,0,0,19,12,27,18,17,18,0,0,15,15,20,23,15,20,0,0,10,24,24,25,24,21,0,0,0,15,26,34,22,15,0,0,9,18,24,17,17,12
0,0,0,0,0,0,0,0,0,3,3,0,10,7,3,19,0,15,25,24,19,15,15,22,0,19,12,27,18,17,18,19,0,15,15,20,23,15,20,24,0,10,24,24,25,24,21,23,0,0,15,26,34,22,15,19,0,9,18,24,17,17,12,21
0,0,0,0,0,0,0,0,3,3,0,10,7,3,19,0,15,25,24,19,15,15,22,0,19,12,27,18,17,18,19,0,15,15,20,23,15,20,24,0,10,24,24,25,24,21,23,0,0,15,26,34,22,15,19,0,9,18,24,17,17,12,21,0
0,0,3,3,0,10,7,3,0,0,15,25,24,19,15,15,0,0,19,12,27,18,17,18,0,0,15,15,20,23,15,20,0,0,10,24,24,25,24,21,0,0,0,15,26,34,22,15,0,0,9,18,24,17,17,12,0,7,19,21,23,21,17,15
0,3,3,0,10,7,3,19,0,15,25,24,19,15,15,22,0,19,12,27,18,17,18,19,0,15,15,20,23,15,20,24,0,10,24,24,25,24,21,23,0,0,15,26,34,22,15,19,0,9,18,24,17,17,12,21,7,19,21,23,21,17,15,24
3,3,0,10,7,3,19,0,15,25,24,19,15,15,22,0,19,12,27,18,17,18,19,0,15,15,20,23,15,20,24,0,10,24,24,25,24,21,23,0,0,15,26,34,22,15,19,0,9,18,24,17,17,12,21,0,19,21,23,21,17,15,24,0
0,0,15,25,24,19,15,15,0,0,19,12,27,18,17,18,0,0,15,15,20,23,15,20,0,0,10,24,24,25,24,21,0,0,0,15,26,34,22,15,0,0,9,18,24,17,17,12,0,7,19,21,23,21,17,15,0,0,0,0,0,0,0,0
0,15,25,24,19,15,15,22,0,19,12,27,18,17,18,19,0,15,15,20,23,15,20,24,0,10,24,24,25,24,21,23,0,0,15,26,34,22,15,19,0,9,18,24,17,17,12,21,7,19,21,23,21,17,15,24,0,0,0,0,0,0,0,0
15,25,24,19,15,15,22,0,19,12,27,18,17,18,19,0,15,15,20,23,15,20,24,0,10,24,24,25,24,21,23,0,0,15,26,34,22,15,19,0,9,18,24,17,17,12,21,0,19,21,23,21,17,15,24,0,0,0,0,0,0,0,0,0
0,0,0,0,0,0,0,0,0,0,0,0,0,0,0,0,0,7,5,10,0,6,0,1,0,11,1,3,0,0,0,0,0,7,5,0,0,0,0,0,0,7,3,0,0,0,0,0,0,3,0,0,0,0,0,6,0,10,1,3,3,7,6,3
0,0,0,0,0,0,0,0,0,0,0,0,0,0,0,7,7,5,10,0,6,0,1,19,11,1,3,0,0,0,0,19,7,5,0,0,0,0,0,19,7,3,0,0,0,0,0,6,3,0,0,0,0,0,6,7,10,1,3,3,7,6,3,14
0,0,0,0,0,0,0,0,0,0,0,0,0,0,7,0,5,10,0,6,0,1,19,0,1,3,0,0,0,0,19,0,5,0,0,0,0,0,19,0,3,0,0,0,0,0,6,0,0,0,0,0,0,6,7,0,1,3,3,7,6,3,14,0
0,0,0,0,0,0,0,0,0,7,5,10,0,6,0,1,0,11,1,3,0,0,0,0,0,7,5,0,0,0,0,0,0,7,3,0,0,0,0,0,0,3,0,0,0,0,0,6,0,10,1,3,3,7,6,3,0,13,0,0,7,7,10,6
0,0,0,0,0,0,0,7,7,5,10,0,6,0,1,19,11,1,3,0,0,0,0,19,7,5,0,0,0,0,0,19,7,3,0,0,0,0,0,6,3,0,0,0,0,0,6,7,10,1,3,3,7,6,3,14,13,0,0,7,7,10,6,15
0,0,0,0,0,0,7,0,5,10,0,6,0,1,19,0,1,3,0,0,0,0,19,0,5,0,0,0,0,0,19,0,3,0,0,0,0,0,6,0,0,0,0,0,0,6,7,0,1,3,3,7,6,3,14,0,0,0,7,7,10,6,15,0
0,7,5,10,0,6,0,1,0,11,1,3,0,0,0,0,0,7,5,0,0,0,0,0,0,7,3,0,0,0,0,0,0,3,0,0,0,0,0,6,0,10,1,3,3,7,6,3,0,13,0,0,7,7,10,6,0,0,0,0,0,0,0,0
7,5,10,0,6,0,1,19,11,1,3,0,0,0,0,19,7,5,0,0,0,0,0,19,7,3,0,0,0,0,0,6,3,0,0,0,0,0,6,7,10,1,3,3,7,6,3,14,13,0,0,7,7,10,6,15,0,0,0,0,0,0,0,0
5,10,0,6,0,1,19,0,1,3,0,0,0,0,19,0,5,0,0,0,0,0,19,0,3,0,0,0,0,0,6,0,0,0,0,0,0,6,7,0,1,3,3,7,6,3,14,0,0,0,7,7,10,6,15,0,0,0,0,0,0,0,0,0
0,0,0,0,0,0,0,0,0,31,27,30,31,39,37,36,0,28,33,30,35,34,40,36,0,20,28,27,39,42,38,39,0,17,35,36,28,41,40,44,0,13,39,33,28,45,40,40,0,19,20,31,36,41,40,37,0,7,20,36,28,28,30,37
0,0,0,0,0,0,0,0,31,27,30,31,39,37,36,17,28,33,30,35,34,40,36,34,20,28,27,39,42,38,39,31,17,35,36,28,41,40,44,36,13,39,33,28,45,40,40,31,19,20,31,36,41,40,37,34,7,20,36,28,28,30,37,33
0,0,0,0,0,0,0,0,27,30,31,39,37,36,17,0,33,30,35,34,40,36,34,0,28,27,39,42,38,39,31,0,35,36,28,41,40,44,36,0,39,33,28,45,40,40,31,0,20,31,36,41,40,37,34,0,20,36,28,28,30,37,33,0
0,31,27,30,31,39,37,36,0,28,33,30,35,34,40,36,0,20,28,27,39,42,38,39,0,17,35,36,28,41,40,44,0,13,39,33,28,45,40,40,0,19,20,31,36,41,40,37,0,7,20,36,28,28,30,37,0,9,7,18,20,22,19,20
31,27,30,31,39,37,36,17,28,33,30,35,34,40,36,34,20,28,27,39,42,38,39,31,17,35,36,28,41,40,44,36,13,39,33,28,45,40,40,31,19,20,31,36,41,40,37,34,7,20,36,28,28,30,37,33,9,7,18,20,22,19,20,28
27,30,31,39,37,36,17,0,33,30,35,34,40,36,34,0,28,27,39,42,38,39,31,0,35,36,28,41,40,44,36,0,39,33,28,45,40,40,31,0,20,31,36,41,40,37,34,0,20,36,28,28,30,37,33,0,7,18,20,22,19,20,28,0
0,28,33,30,35,34,40,36,0,20,28,27,39,42,38,39,0,17,35,36,28,41,40,44,0,13,39,33,28,45,40,40,0,19,20,31,36,41,40,37,0,7,20,36,28,28,30,37,0,9,7,18,20,22,19,20,0,0,0,0,0,0,0,0
28,33,30,35,34,40,36,34,20,28,27,39,42,38,39,31,17,35,36,28,41,40,44,36,13,39,33,28,45,40,40,31,19,20,31,36,41,40,37,34,7,20,36,28,28,30,37,33,9,7,18,20,22,19,20,28,0,0,0,0,0,0,0,0
33,30,35,34,40,36,34,0,28,27,39,42,38,39,31,0,35,36,28,41,40,44,36,0,39,33,28,45,40,40,31,0,20,31,36,41,40,37,34,0,20,36,28,28,30,37,33,0,7,18,20,22,19,20,28,0,0,0,0,0,0,0,0,0
0,0,0,0,0,0,0,0,0,42,40,40,43,43,47,47,0,49,55,55,60,56,57,69,0,40,48,49,54,59,57,59,0,37,52,44,44,57,53,52,0,35,49,53,53,51,50,54,0,33,36,42,49,54,49,63,0,39,42,43,50,46,43,54
0,0,0,0,0,0,0,0,42,40,40,43,43,47,47,31,49,55,55,60,56,57,69,49,40,48,49,54,59,57,59,48,37,52,44,44,57,53,52,43,35,49,53,53,51,50,54,47,33,36,42,49,54,49,63,45,39,42,43,50,46,43,54,36
0,0,0,0,0,0,0,0,40,40,43,43,47,47,31,0,55,55,60,56,57,69,49,0,48,49,54,59,57,59,48,0,52,44,44,57,53,52,43,0,49,53,53,51,50,54,47,0,36,42,49,54,49,63,45,0,42,43,50,46,43,54,36,0
0,42,40,40,43,43,47,47,0,49,55,55,60,56,57,69,0,40,48,49,54,59,57,59,0,37,52,44,44,57,53,52,0,35,49,53,53,51,50,54,0,33,36,42,49,54,49,63,0,39,42,43,50,46,43,54,0,26,27,31,23,22,23,25
42,40,40,43,43,47,47,31,49,55,55,60,56,57,69,49,40,48,49,54,59,57,59,48,37,52,44,44,57,53,52,43,35,49,53,53,51,50,54,47,33,36,42,49,54,49,63,45,39,42,43,50,46,43,54,36,26,27,31,23,22,23,25,28
40,40,43,43,47,47,31,0,55,55,60,56,57,69,49,0,48,49,54,59,57,59,48,0,52,44,44,57,53,52,43,0,49,53,53,51,50,54,47,0,36,42,49,54,49,63,45,0,42,43,50,46,43,54,36,0,27,31,23,22,23,25,28,0
0,49,55,55,60,56,57,69,0,40,48,49,54,59,57,59,0,37,52,44,44,57,53,52,0,35,49,53,53,51,50,54,0,33,36,42,49,54,49,63,0,39,42,43,50,46,43,54,0,26,27,31,23,22,23,25,0,0,0,0,0,0,0,0
49,55,55,60,56,57,69,49,40,48,49,54,59,57,59,48,37,52,44,44,57,53,52,43,35,49,53,53,51,50,54,47,33,36,42,49,54,49,63,45,39,42,43,50,46,43,54,36,26,27,31,23,22,23,25,28,0,0,0,0,0,0,0,0
55,55,60,56,57,69,49,0,48,49,54,59,57,59,48,0,52,44,44,57,53,52,43,0,49,53,53,51,50,54,47,0,36,42,49,54,49,63,45,0,42,43,50,46,43,54,36,0,27,31,23,22,23,25,28,0,0,0,0,0,0,0,0,0
0,0,0,0,0,0,0,0,0,0,0,0,0,0,0,0,0,0,0,0,0,0,0,0,0,0,0,0,0,0,0,0,0,0,0,0,0,0,0,0,0,0,0,0,0,0,0,0,0,0,0,0,0,0,0,0,0,0,0,0,0,0,0,0
0,0,0,0,0,0,0,0,0,0,0,0,0,0,0,0,0,0,0,0,0,0,0,0,0,0,0,0,0,0,0,0,0,0,0,0,0,0,0,0,0,0,0,0,0,0,0,0,0,0,0,0,0,0,0,0,0,0,0,0,0,0,0,0
0,0,0,0,0,0,0,0,0,0,0,0,0,0,0,0,0,0,0,0,0,0,0,0,0,0,0,0,0,0,0,0,0,0,0,0,0,0,0,0,0,0,0,0,0,0,0,0,0,0,0,0,0,0,0,0,0,0,0,0,0,0,0,0
0,0,0,0,0,0,0,0,0,0,0,0,0,0,0,0,0,0,0,0,0,0,0,0,0,0,0,0,0,0,0,0,0,0,0,0,0,0,0,0,0,0,0,0,0,0,0,0,0,0,0,0,0,0,0,0,0,0,0,0,0,0,0,0
0,0,0,0,0,0,0,0,0,0,0,0,0,0,0,0,0,0,0,0,0,0,0,0,0,0,0,0,0,0,0,0,0,0,0,0,0,0,0,0,0,0,0,0,0,0,0,0,0,0,0,0,0,0,0,0,0,0,0,0,0,0,0,0
0,0,0,0,0,0,0,0,0,0,0,0,0,0,0,0,0,0,0,0,0,0,0,0,0,0,0,0,0,0,0,0,0,0,0,0,0,0,0,0,0,0,0,0,0,0,0,0,0,0,0,0,0,0,0,0,0,0,0,0,0,0,0,0
0,0,0,0,0,0,0,0,0,0,0,0,0,0,0,0,0,0,0,0,0,0,0,0,0,0,0,0,0,0,0,0,0,0,0,0,0,0,0,0,0,0,0,0,0,0,0,0,0,0,0,0,0,0,0,0,0,0,0,0,0,0,0,0
0,0,0,0,0,0,0,0,0,0,0,0,0,0,0,0,0,0,0,0,0,0,0,0,0,0,0,0,0,0,0,0,0,0,0,0,0,0,0,0,0,0,0,0,0,0,0,0,0,0,0,0,0,0,0,0,0,0,0,0,0,0,0,0
0,0,0,0,0,0,0,0,0,0,0,0,0,0,0,0,0,0,0,0,0,0,0,0,0,0,0,0,0,0,0,0,0,0,0,0,0,0,0,0,0,0,0,0,0,0,0,0,0,0,0,0,0,0,0,0,0,0,0,0,0,0,0,0
0,0,0,0,0,0,0,0,0,14,28,24,24,28,33,28,0,23,25,26,24,28,24,15,0,12,24,28,15,18,24,15,0,14,23,21,28,24,28,15,0,18,22,24,28,24,31,28,0,19,26,21,25,21,23,15,0,15,31,15,18,18,9,9
0,0,0,0,0,0,0,0,14,28,24,24,28,33,28,18,23,25,26,24,28,24,15,19,12,24,28,15,18,24,15,18,14,23,21,28,24,28,15,14,18,22,24,28,24,31,28,15,19,26,21,25,21,23,15,10,15,31,15,18,18,9,9,10
0,0,0,0,0,0,0,0,28,24,24,28,33,28,18,0,25,26,24,28,24,15,19,0,24,28,15,18,24,15,18,0,23,21,28,24,28,15,14,0,22,24,28,24,31,28,15,0,26,21,25,21,23,15,10,0,31,15,18,18,9,9,10,0
0,14,28,24,24,28,33,28,0,23,25,26,24,28,24,15,0,12,24,28,15,18,24,15,0,14,23,21,28,24,28,15,0,18,22,24,28,24,31,28,0,19,26,21,25,21,23,15,0,15,31,15,18,18,9,9,0,0,6,0,0,0,0,0
14,28,24,24,28,33,28,18,23,25,26,24,28,24,15,19,12,24,28,15,18,24,15,18,14,23,21,28,24,28,15,14,18,22,24,28,24,31,28,15,19,26,21,25,21,23,15,10,15,31,15,18,18,9,9,10,0,6,0,0,0,0,0,0
28,24,24,28,33,28,18,0,25,26,24,28,24,15,19,0,24,28,15,18,24,15,18,0,23,21,28,24,28,15,14,0,22,24,28,24,31,28,15,0,26,21,25,21,23,15,10,0,31,15,18,18,9,9,10,0,6,0,0,0,0,0,0,0
0,23,25,26,24,28,24,15,0,12,24,28,15,18,24,15,0,14,23,21,28,24,28,15,0,18,22,24,28,24,31,28,0,19,26,21,25,21,23,15,0,15,31,15,18,18,9,9,0,0,6,0,0,0,0,0,0,0,0,0,0,0,0,0
23,25,26,24,28,24,15,19,12,24,28,15,18,24,15,18,14,23,21,28,24,28,15,14,18,22,24,28,24,31,28,15,19,26,21,25,21,23,15,10,15,31,15,18,18,9,9,10,0,6,0,0,0,0,0,0,0,0,0,0,0,0,0,0
25,26,24,28,24,15,19,0,24,28,15,18,24,15,18,0,23,21,28,24,28,15,14,0,22,24,28,24,31,28,15,0,26,21,25,21,23,15,10,0,31,15,18,18,9,9,10,0,6,0,0,0,0,0,0,0,0,0,0,0,0,0,0,0
0,0,0,0,0,0,0,0,0,0,0,0,0,0,0,0,0,0,0,0,0,0,0,0,0,0,0,0,0,0,0,0,0,0,0,0,0,0,0,0,0,0,0,0,0,0,0,0,0,0,0,0,0,0,0,0,0,0,0,0,0,0,0,0
0,0,0,0,0,0,0,0,0,0,0,0,0,0,0,0,0,0,0,0,0,0,0,0,0,0,0,0,0,0,0,0,0,0,0,0,0,0,0,0,0,0,0,0,0,0,0,0,0,0,0,0,0,0,0,0,0,0,0,0,0,0,0,0
0,0,0,0,0,0,0,0,0,0,0,0,0,0,0,0,0,0,0,0,0,0,0,0,0,0,0,0,0,0,0,0,0,0,0,0,0,0,0,0,0,0,0,0,0,0,0,0,0,0,0,0,0,0,0,0,0,0,0,0,0,0,0,0
0,0,0,0,0,0,0,0,0,0,0,0,0,0,0,0,0,0,0,0,0,0,0,0,0,0,0,0,0,0,0,0,0,0,0,0,0,0,0,0,0,0,0,0,0,0,0,0,0,0,0,0,0,0,0,0,0,0,0,0,0,0,0,0
0,0,0,0,0,0,0,0,0,0,0,0,0,0,0,0,0,0,0,0,0,0,0,0,0,0,0,0,0,0,0,0,0,0,0,0,0,0,0,0,0,0,0,0,0,0,0,0,0,0,0,0,0,0,0,0,0,0,0,0,0,0,0,0
0,0,0,0,0,0,0,0,0,0,0,0,0,0,0,0,0,0,0,0,0,0,0,0,0,0,0,0,0,0,0,0,0,0,0,0,0,0,0,0,0,0,0,0,0,0,0,0,0,0,0,0,0,0,0,0,0,0,0,0,0,0,0,0
0,0,0,0,0,0,0,0,0,0,0,0,0,0,0,0,0,0,0,0,0,0,0,0,0,0,0,0,0,0,0,0,0,0,0,0,0,0,0,0,0,0,0,0,0,0,0,0,0,0,0,0,0,0,0,0,0,0,0,0,0,0,0,0
0,0,0,0,0,0,0,0,0,0,0,0,0,0,0,0,0,0,0,0,0,0,0,0,0,0,0,0,0,0,0,0,0,0,0,0,0,0,0,0,0,0,0,0,0,0,0,0,0,0,0,0,0,0,0,0,0,0,0,0,0,0,0,0
0,0,0,0,0,0,0,0,0,0,0,0,0,0,0,0,0,0,0,0,0,0,0,0,0,0,0,0,0,0,0,0,0,0,0,0,0,0,0,0,0,0,0,0,0,0,0,0,0,0,0,0,0,0,0,0,0,0,0,0,0,0,0,0
0,0,0,0,0,0,0,0,0,0,0,0,0,0,0,0,0,0,0,0,0,0,0,0,0,0,0,0,0,0,0,0,0,0,0,0,0,0,0,0,0,0,0,0,0,0,0,0,0,0,0,0,0,0,0,0,0,0,0,0,0,0,0,0
0,0,0,0,0,0,0,0,0,0,0,0,0,0,0,0,0,0,0,0,0,0,0,0,0,0,0,0,0,0,0,0,0,0,0,0,0,0,0,0,0,0,0,0,0,0,0,0,0,0,0,0,0,0,0,0,0,0,0,0,0,0,0,0
0,0,0,0,0,0,0,0,0,0,0,0,0,0,0,0,0,0,0,0,0,0,0,0,0,0,0,0,0,0,0,0,0,0,0,0,0,0,0,0,0,0,0,0,0,0,0,0,0,0,0,0,0,0,0,0,0,0,0,0,0,0,0,0
0,0,0,0,0,0,0,0,0,0,0,0,0,0,0,0,0,0,0,0,0,0,0,0,0,0,0,0,0,0,0,0,0,0,0,0,0,0,0,0,0,0,0,0,0,0,0,0,0,0,0,0,0,0,0,0,0,0,0,0,0,0,0,0
0,0,0,0,0,0,0,0,0,0,0,0,0,0,0,0,0,0,0,0,0,0,0,0,0,0,0,0,0,0,0,0,0,0,0,0,0,0,0,0,0,0,0,0,0,0,0,0,0,0,0,0,0,0,0,0,0,0,0,0,0,0,0,0
0,0,0,0,0,0,0,0,0,0,0,0,0,0,0,0,0,0,0,0,0,0,0,0,0,0,0,0,0,0,0,0,0,0,0,0,0,0,0,0,0,0,0,0,0,0,0,0,0,0,0,0,0,0,0,0,0,0,0,0,0,0,0,0
0,0,0,0,0,0,0,0,0,0,0,0,0,0,0,0,0,0,0,0,0,0,0,0,0,0,0,0,0,0,0,0,0,0,0,0,0,0,0,0,0,0,0,0,0,0,0,0,0,0,0,0,0,0,0,0,0,0,0,0,0,0,0,0
0,0,0,0,0,0,0,0,0,0,0,0,0,0,0,0,0,0,0,0,0,0,0,0,0,0,0,0,0,0,0,0,0,0,0,0,0,0,0,0,0,0,0,0,0,0,0,0,0,0,0,0,0,0,0,0,0,0,0,0,0,0,0,0
0,0,0,0,0,0,0,0,0,0,0,0,0,0,0,0,0,0,0,0,0,0,0,0,0,0,0,0,0,0,0,0,0,0,0,0,0,0,0,0,0,0,0,0,0,0,0,0,0,0,0,0,0,0,0,0,0,0,0,0,0,0,0,0
0,0,0,0,0,0,0,0,0,6,7,5,0,5,5,0,0,0,0,0,3,5,3,1,0,5,7,3,7,11,5,3,0,0,7,9,6,15,7,0,0,0,10,10,9,7,3,0,0,1,7,20,14,1,10,3,0,10,0,0,0,3,3,3
0,0,0,0,0,0,0,0,6,7,5,0,5,5,0,0,0,0,0,3,5,3,1,0,5,7,3,7,11,5,3,0,0,7,9,6,15,7,0,3,0,10,10,9,7,3,0,0,1,7,20,14,1,10,3,0,10,0,0,0,3,3,3,0
0,0,0,0,0,0,0,0,7,5,0,5,5,0,0,0,0,0,3,5,3,1,0,0,7,3,7,11,5,3,0,0,7,9,6,15,7,0,3,0,10,10,9,7,3,0,0,0,7,20,14,1,10,3,0,0,0,0,0,3,3,3,0,0
0,6,7,5,0,5,5,0,0,0,0,0,3,5,3,1,0,5,7,3,7,11,5,3,0,0,7,9,6,15,7,0,0,0,10,10,9,7,3,0,0,1,7,20,14,1,10,3,0,10,0,0,0,3,3,3,0,3,0,0,0,0,0,0
6,7,5,0,5,5,0,0,0,0,0,3,5,3,1,0,5,7,3,7,11,5,3,0,0,7,9,6,15,7,0,3,0,10,10,9,7,3,0,0,1,7,20,14,1,10,3,0,10,0,0,0,3,3,3,0,3,0,0,0,0,0,0,0
7,5,0,5,5,0,0,0,0,0,3,5,3,1,0,0,7,3,7,11,5,3,0,0,7,9,6,15,7,0,3,0,10,10,9,7,3,0,0,0,7,20,14,1,10,3,0,0,0,0,0,3,3,3,0,0,0,0,0,0,0,0,0,0
0,0,0,0,3,5,3,1,0,5,7,3,7,11,5,3,0,0,7,9,6,15,7,0,0,0,10,10,9,7,3,0,0,1,7,20,14,1,10,3,0,10,0,0,0,3,3,3,0,3,0,0,0,0,0,0,0,0,0,0,0,0,0,0
0,0,0,3,5,3,1,0,5,7,3,7,11,5,3,0,0,7,9,6,15,7,0,3,0,10,10,9,7,3,0,0,1,7,20,14,1,10,3,0,10,0,0,0,3,3,3,0,3,0,0,0,0,0,0,0,0,0,0,0,0,0,0,0
0,0,3,5,3,1,0,0,7,3,7,11,5,3,0,0,7,9,6,15,7,0,3,0,10,10,9,7,3,0,0,0,7,20,14,1,10,3,0,0,0,0,0,3,3,3,0,0,0,0,0,0,0,0,0,0,0,0,0,0,0,0,0,0
0,0,0,0,0,0,0,0,0,3,14,7,15,15,9,10,0,23,30,25,18,24,17,24,0,28,28,38,36,38,31,28,0,37,38,28,28,33,28,23,0,28,44,37,28,28,25,26,0,21,28,44,23,23,24,28,0,36,26,35,23,28,28,31
0,0,0,0,0,0,0,0,3,14,7,15,15,9,10,14,23,30,25,18,24,17,24,19,28,28,38,36,38,31,28,28,37,38,28,28,33,28,23,27,28,44,37,28,28,25,26,23,21,28,44,23,23,24,28,23,36,26,35,23,28,28,31,21
0,0,0,0,0,0,0,0,14,7,15,15,9,10,14,0,30,25,18,24,17,24,19,0,28,38,36,38,31,28,28,0,38,28,28,33,28,23,27,0,44,37,28,28,25,26,23,0,28,44,23,23,24,28,23,0,26,35,23,28,28,31,21,0
0,3,14,7,15,15,9,10,0,23,30,25,18,24,17,24,0,28,28,38,36,38,31,28,0,37,38,28,28,33,28,23,0,28,44,37,28,28,25,26,0,21,28,44,23,23,24,28,0,36,26,35,23,28,28,31,0,44,36,28,28,30,28,25
3,14,7,15,15,9,10,14,23,30,25,18,24,17,24,19,28,28,38,36,38,31,28,28,37,38,28,28,33,28,23,27,28,44,37,28,28,25,26,23,21,28,44,23,23,24,28,23,36,26,35,23,28,28,31,21,44,36,28,28,30,28,25,22
14,7,15,15,9,10,14,0,30,25,18,24,17,24,19,0,28,38,36,38,31,28,28,0,38,28,28,33,28,23,27,0,44,37,28,28,25,26,23,0,28,44,23,23,24,28,23,0,26,35,23,28,28,31,21,0,36,28,28,30,28,25,22,0
0,23,30,25,18,24,17,24,0,28,28,38,36,38,31,28,0,37,38,28,28,33,28,23,0,28,44,37,28,28,25,26,0,21,28,44,23,23,24,28,0,36,26,35,23,28,28,31,0,44,36,28,28,30,28,25,0,0,0,0,0,0,0,0
23,30,25,18,24,17,24,19,28,28,38,36,38,31,28,28,37,38,28,28,33,28,23,27,28,44,37,28,28,25,26,23,21,28,44,23,23,24,28,23,36,26,35,23,28,28,31,21,44,36,28,28,30,28,25,22,0,0,0,0,0,0,0,0
30,25,18,24,17,24,19,0,28,38,36,38,31,28,28,0,38,28,28,33,28,23,27,0,44,37,28,28,25,26,23,0,28,44,23,23,24,28,23,0,26,35,23,28,28,31,21,0,36,28,28,30,28,25,22,0,0,0,0,0,0,0,0,0
0,0,0,0,0,0,0,0,0,27,28,27,26,28,24,17,0,44,59,59,55,57,54,45,0,53,56,59,59,62,57,53,0,49,60,69,51,63,54,47,0,44,62,63,56,53,51,51,0,43,54,55,63,38,53,54,0,53,60,50,45,47,50,43
0,0,0,0,0,0,0,0,27,28,27,26,28,24,17,12,44,59,59,55,57,54,45,39,53,56,59,59,62,57,53,44,49,60,69,51,63,54,47,46,44,62,63,56,53,51,51,40,43,54,55,63,38,53,54,40,53,60,50,45,47,50,43,36
0,0,0,0,0,0,0,0,28,27,26,28,24,17,12,0,59,59,55,57,54,45,39,0,56,59,59,62,57,53,44,0,60,69,51,63,54,47,46,0,62,63,56,53,51,51,40,0,54,55,63,38,53,54,40,0,60,50,45,47,50,43,36,0
0,27,28,27,26,28,24,17,0,44,59,59,55,57,54,45,0,53,56,59,59,62,57,53,0,49,60,69,51,63,54,47,0,44,62,63,56,53,51,51,0,43,54,55,63,38,53,54,0,53,60,50,45,47,50,43,0,40,46,34,33,35,28,28
27,28,27,26,28,24,17,12,44,59,59,55,57,54,45,39,53,56,59,59,62,57,53,44,49,60,69,51,63,54,47,46,44,62,63,56,53,51,51,40,43,54,55,63,38,53,54,40,53,60,50,45,47,50,43,36,40,46,34,33,35,28,28,22
28,27,26,28,24,17,12,0,59,59,55,57,54,45,39,0,56,59,59,62,57,53,44,0,60,69,51,63,54,47,46,0,62,63,56,53,51,51,40,0,54,55,63,38,53,54,40,0,60,50,45,47,50,43,36,0,46,34,33,35,28,28,22,0
0,44,59,59,55,57,54,45,0,53,56,59,59,62,57,53,0,49,60,69,51,63,54,47,0,44,62,63,56,53,51,51,0,43,54,55,63,38,53,54,0,53,60,50,45,47,50,43,0,40,46,34,33,35,28,28,0,0,0,0,0,0,0,0
44,59,59,55,57,54,45,39,53,56,59,59,62,57,53,44,49,60,69,51,63,54,47,46,44,62,63,56,53,51,51,40,43,54,55,63,38,53,54,40,53,60,50,45,47,50,43,36,40,46,34,33,35,28,28,22,0,0,0,0,0,0,0,0
59,59,55,57,54,45,39,0,56,59,59,62,57,53,44,0,60,69,51,63,54,47,46,0,62,63,56,53,51,51,40,0,54,55,63,38,53,54,40,0,60,50,45,47,50,43,36,0,46,34,33,35,28,28,22,0,0,0,0,0,0,0,0,0
0,0,0,0,0,0,0,0,0,0,1,6,7,3,3,7,0,0,0,19,12,13,15,5,0,0,12,12,18,13,18,12,0,0,0,0,7,12,13,15,0,0,0,5,7,13,20,18,0,0,0,3,11,11,15,15,0,0,0,0,7,3,0,6
0,0,0,0,0,0,0,0,0,1,6,7,3,3,7,11,0,0,19,12,13,15,5,10,0,12,12,18,13,18,12,9,0,0,0,7,12,13,15,7,0,0,5,7,13,20,18,9,0,0,3,11,11,15,15,6,0,0,0,7,3,0,6,0
0,0,0,0,0,0,0,0,1,6,7,3,3,7,11,0,0,19,12,13,15,5,10,0,12,12,18,13,18,12,9,0,0,0,7,12,13,15,7,0,0,5,7,13,20,18,9,0,0,3,11,11,15,15,6,0,0,0,7,3,0,6,0,0
0,0,1,6,7,3,3,7,0,0,0,19,12,13,15,5,0,0,12,12,18,13,18,12,0,0,0,0,7,12,13,15,0,0,0,5,7,13,20,18,0,0,0,3,11,11,15,15,0,0,0,0,7,3,0,6,0,0,0,0,0,0,0,0
0,1,6,7,3,3,7,11,0,0,19,12,13,15,5,10,0,12,12,18,13,18,12,9,0,0,0,7,12,13,15,7,0,0,5,7,13,20,18,9,0,0,3,11,11,15,15,6,0,0,0,7,3,0,6,0,0,0,0,0,0,0,0,0
1,6,7,3,3,7,11,0,0,19,12,13,15,5,10,0,12,12,18,13,18,12,9,0,0,0,7,12,13,15,7,0,0,5,7,13,20,18,9,0,0,3,11,11,15,15,6,0,0,0,7,3,0,6,0,0,0,0,0,0,0,0,0,0
0,0,0,19,12,13,15,5,0,0,12,12,18,13,18,12,0,0,0,0,7,12,13,15,0,0,0,5,7,13,20,18,0,0,0,3,11,11,15,15,0,0,0,0,7,3,0,6,0,0,0,0,0,0,0,0,0,0,0,0,0,0,0,0
0,0,19,12,13,15,5,10,0,12,12,18,13,18,12,9,0,0,0,7,12,13,15,7,0,0,5,7,13,20,18,9,0,0,3,11,11,15,15,6,0,0,0,7,3,0,6,0,0,0,0,0,0,0,0,0,0,0,0,0,0,0,0,0
0,19,12,13,15,5,10,0,12,12,18,13,18,12,9,0,0,0,7,12,13,15,7,0,0,5,7,13,20,18,9,0,0,3,11,11,15,15,6,0,0,0,7,3,0,6,0,0,0,0,0,0,0,0,0,0,0,0,0,0,0,0,0,0
0,0,0,0,0,0,0,0,0,0,0,0,0,0,0,0,0,0,0,0,0,0,0,0,0,0,0,0,0,0,0,0,0,0,0,0,0,0,0,0,0,0,0,0,0,0,0,0,0,0,0,0,0,0,0,0,0,0,0,0,0,0,0,0
0,0,0,0,0,0,0,0,0,0,0,0,0,0,0,0,0,0,0,0,0,0,0,0,0,0,0,0,0,0,0,0,0,0,0,0,0,0,0,0,0,0,0,0,0,0,0,0,0,0,0,0,0,0,0,0,0,0,0,0,0,0,0,0
0,0,0,0,0,0,0,0,0,0,0,0,0,0,0,0,0,0,0,0,0,0,0,0,0,0,0,0,0,0,0,0,0,0,0,0,0,0,0,0,0,0,0,0,0,0,0,0,0,0,0,0,0,0,0,0,0,0,0,0,0,0,0,0
0,0,0,0,0,0,0,0,0,0,0,0,0,0,0,0,0,0,0,0,0,0,0,0,0,0,0,0,0,0,0,0,0,0,0,0,0,0,0,0,0,0,0,0,0,0,0,0,0,0,0,0,0,0,0,0,0,3,0,0,0,0,0,0
0,0,0,0,0,0,0,0,0,0,0,0,0,0,0,0,0,0,0,0,0,0,0,0,0,0,0,0,0,0,0,0,0,0,0,0,0,0,0,0,0,0,0,0,0,0,0,0,0,0,0,0,0,0,0,0,3,0,0,0,0,0,0,0
0,0,0,0,0,0,0,0,0,0,0,0,0,0,0,0,0,0,0,0,0,0,0,0,0,0,0,0,0,0,0,0,0,0,0,0,0,0,0,0,0,0,0,0,0,0,0,0,0,0,0,0,0,0,0,0,0,0,0,0,0,0,0,0
0,0,0,0,0,0,0,0,0,0,0,0,0,0,0,0,0,0,0,0,0,0,0,0,0,0,0,0,0,0,0,0,0,0,0,0,0,0,0,0,0,0,0,0,0,0,0,0,0,3,0,0,0,0,0,0,0,0,0,0,0,0,0,0
0,0,0,0,0,0,0,0,0,0,0,0,0,0,0,0,0,0,0,0,0,0,0,0,0,0,0,0,0,0,0,0,0,0,0,0,0,0,0,0,0,0,0,0,0,0,0,0,3,0,0,0,0,0,0,0,0,0,0,0,0,0,0,0
0,0,0,0,0,0,0,0,0,0,0,0,0,0,0,0,0,0,0,0,0,0,0,0,0,0,0,0,0,0,0,0,0,0,0,0,0,0,0,0,0,0,0,0,0,0,0,0,0,0,0,0,0,0,0,0,0,0,0,0,0,0,0,0
0,0,0,0,0,0,0,0,0,0,0,0,0,0,0,0,0,0,0,0,0,0,0,0,0,0,0,0,0,0,0,0,0,0,0,0,0,0,0,0,0,0,0,0,0,0,0,0,0,0,0,0,0,0,0,0,0,0,0,0,0,0,0,0
0,0,0,0,0,0,0,0,0,0,0,0,0,0,0,0,0,0,0,0,0,0,0,0,0,0,0,0,0,0,0,0,0,0,0,0,0,0,0,0,0,0,0,0,0,0,0,0,0,0,0,0,0,0,0,0,0,0,0,0,0,0,0,0
0,0,0,0,0,0,0,0,0,0,0,0,0,0,0,0,0,0,0,0,0,0,0,0,0,0,0,0,0,0,0,0,0,0,0,0,0,0,0,0,0,0,0,0,0,0,0,0,0,0,0,0,0,0,0,0,0,0,0,0,0,0,0,0
0,0,0,0,0,0,0,0,0,0,0,0,0,0,0,0,0,0,0,0,0,0,0,0,0,0,0,0,0,0,0,0,0,0,0,0,0,0,0,0,0,0,0,0,0,0,0,0,0,0,0,0,0,0,0,0,0,0,0,0,0,0,0,0
0,0,0,0,0,0,0,0,0,0,0,0,0,0,0,0,0,0,0,0,0,0,0,0,0,0,0,0,0,0,0,0,0,0,0,0,0,0,0,0,0,0,0,0,0,0,0,0,0,0,0,0,0,0,0,0,0,0,0,0,0,0,0,0
0,0,0,0,0,0,0,0,0,0,0,0,0,0,0,0,0,0,0,0,0,0,0,0,0,0,0,0,0,0,0,0,0,0,0,0,0,0,0,0,0,0,0,0,0,0,0,0,0,0,0,0,0,0,0,0,0,0,0,0,0,0,0,0
0,0,0,0,0,0,0,0,0,0,0,0,0,0,0,0,0,0,0,0,0,0,0,0,0,0,0,0,0,0,0,0,0,0,0,0,0,0,0,0,0,0,0,0,0,0,0,0,0,0,0,0,0,0,0,0,0,0,0,0,0,0,0,0
0,0,0,0,0,0,0,0,0,0,0,0,0,0,0,0,0,0,0,0,0,0,0,0,0,0,0,0,0,0,0,0,0,0,0,0,0,0,0,0,0,0,0,0,0,0,0,0,0,0,0,0,0,0,0,0,0,0,0,0,0,0,0,0
0,0,0,0,0,0,0,0,0,0,0,0,0,0,0,0,0,0,0,0,0,0,0,0,0,0,0,0,0,0,0,0,0,0,0,0,0,0,0,0,0,0,0,0,0,0,0,0,0,0,0,0,0,0,0,0,0,0,0,0,0,0,0,0
0,0,0,0,0,0,0,0,0,0,0,0,0,0,0,0,0,0,0,0,0,0,0,0,0,0,0,0,0,0,0,0,0,0,0,0,0,0,0,0,0,0,0,0,0,0,0,0,0,0,0,0,0,0,0,0,0,0,0,0,0,0,0,0
0,0,0,0,0,0,0,0,0,0,0,0,0,0,0,0,0,0,0,0,0,0,0,0,0,0,0,0,0,0,0,0,0,0,0,0,0,0,0,0,0,0,0,0,0,0,0,0,0,0,0,0,0,0,0,0,0,0,0,0,0,0,0,0
0,0,0,0,0,0,0,0,0,0,0,0,0,0,0,0,0,0,0,0,0,0,0,0,0,0,0,0,0,0,0,0,0,0,0,0,0,0,0,0,0,0,0,0,0,0,0,0,0,0,0,0,0,0,0,0,0,0,0,0,0,0,0,0
0,0,0,0,0,0,0,0,0,0,0,0,0,0,0,0,0,0,0,0,0,0,0,0,0,0,0,0,0,0,0,0,0,0,0,0,0,0,0,0,0,0,0,0,0,0,0,0,0,0,0,0,0,0,0,0,0,0,0,0,0,0,0,0
0,0,0,0,0,0,0,0,0,0,0,0,0,0,0,0,0,0,0,0,0,0,0,0,0,0,0,0,0,0,0,0,0,0,0,0,0,0,0,0,0,0,0,0,0,0,0,0,0,0,0,0,0,0,0,0,0,0,0,0,0,0,0,0
0,0,0,0,0,0,0,0,0,0,0,0,0,0,0,0,0,0,0,0,0,0,0,0,0,0,0,0,0,0,0,0,0,0,0,0,0,0,0,0,0,0,0,0,0,0,0,0,0,0,0,0,0,0,0,0,0,0,0,0,0,0,0,0
0,0,0,0,0,0,0,0,0,0,0,0,0,0,0,0,0,0,0,0,0,0,0,0,0,0,0,0,0,0,0,0,0,0,0,0,0,0,0,0,0,0,0,0,0,0,0,0,0,0,0,0,0,0,0,0,0,0,0,0,0,0,0,0
0,0,0,0,0,0,0,0,0,0,0,0,0,0,0,0,0,0,0,0,0,0,0,0,0,0,0,0,0,0,0,0,0,0,0,0,0,0,0,0,0,0,0,0,0,0,0,0,0,0,0,0,0,0,0,0,0,0,0,0,0,0,0,0
0,0,0,0,0,0,0,0,0,0,0,0,0,0,0,0,0,0,0,0,0,0,0,0,0,0,0,0,0,0,0,0,0,0,0,0,0,0,0,0,0,0,0,0,0,0,0,0,0,0,0,0,0,0,0,0,0,0,0,0,0,0,0,0
0,0,0,0,0,0,0,0,0,35,34,39,40,39,34,36,0,45,50,54,57,60,59,54,0,44,51,57,60,55,57,56,0,37,55,57,60,56,52,56,0,35,45,45,53,53,52,44,0,40,49,45,54,51,45,45,0,44,59,62,50,51,53,51
0,0,0,0,0,0,0,0,35,34,39,40,39,34,36,18,45,50,54,57,60,59,54,40,44,51,57,60,55,57,56,35,37,55,57,60,56,52,56,36,35,45,45,53,53,52,44,34,40,49,45,54,51,45,45,35,44,59,62,50,51,53,51,28
0,0,0,0,0,0,0,0,34,39,40,39,34,36,18,0,50,54,57,60,59,54,40,0,51,57,60,55,57,56,35,0,55,57,60,56,52,56,36,0,45,45,53,53,52,44,34,0,49,45,54,51,45,45,35,0,59,62,50,51,53,51,28,0
0,35,34,39,40,39,34,36,0,45,50,54,57,60,59,54,0,44,51,57,60,55,57,56,0,37,55,57,60,56,52,56,0,35,45,45,53,53,52,44,0,40,49,45,54,51,45,45,0,44,59,62,50,51,53,51,0,30,31,38,28,34,30,31
35,34,39,40,39,34,36,18,45,50,54,57,60,59,54,40,44,51,57,60,55,57,56,35,37,55,57,60,56,52,56,36,35,45,45,53,53,52,44,34,40,49,45,54,51,45,45,35,44,59,62,50,51,53,51,28,30,31,38,28,34,30,31,22
34,39,40,39,34,36,18,0,50,54,57,60,59,54,40,0,51,57,60,55,57,56,35,0,55,57,60,56,52,56,36,0,45,45,53,53,52,44,34,0,49,45,54,51,45,45,35,0,59,62,50,51,53,51,28,0,31,38,28,34,30,31,22,0
0,45,50,54,57,60,59,54,0,44,51,57,60,55,57,56,0,37,55,57,60,56,52,56,0,35,45,45,53,53,52,44,0,40,49,45,54,51,45,45,0,44,59,62,50,51,53,51,0,30,31,38,28,34,30,31,0,0,0,0,0,0,0,0
45,50,54,57,60,59,54,40,44,51,57,60,55,57,56,35,37,55,57,60,56,52,56,36,35,45,45,53,53,52,44,34,40,49,45,54,51,45,45,35,44,59,62,50,51,53,51,28,30,31,38,28,34,30,31,22,0,0,0,0,0,0,0,0
50,54,57,60,59,54,40,0,51,57,60,55,57,56,35,0,55,57,60,56,52,56,36,0,45,45,53,53,52,44,34,0,49,45,54,51,45,45,35,0,59,62,50,51,53,51,28,0,31,38,28,34,30,31,22,0,0,0,0,0,0,0,0,0
0,0,0,0,0,0,0,0,0,0,0,0,0,0,0,0,0,0,0,0,0,0,0,0,0,0,0,0,0,0,0,1,0,0,0,0,0,0,0,0,0,0,6,0,0,0,0,0,0,0,0,0,0,0,0,0,0,0,0,0,0,0,0,0
0,0,0,0,0,0,0,0,0,0,0,0,0,0,0,0,0,0,0,0,0,0,0,5,0,0,0,0,0,0,1,6,0,0,0,0,0,0,0,1,0,6,0,0,0,0,0,0,0,0,0,0,0,0,0,3,0,0,0,0,0,0,0,5
0,0,0,0,0,0,0,0,0,0,0,0,0,0,0,0,0,0,0,0,0,0,5,0,0,0,0,0,0,1,6,0,0,0,0,0,0,0,1,0,6,0,0,0,0,0,0,0,0,0,0,0,0,0,3,0,0,0,0,0,0,0,5,0
0,0,0,0,0,0,0,0,0,0,0,0,0,0,0,0,0,0,0,0,0,0,0,1,0,0,0,0,0,0,0,0,0,0,6,0,0,0,0,0,0,0,0,0,0,0,0,0,0,0,0,0,0,0,0,0,0,0,0,3,0,0,0,0
0,0,0,0,0,0,0,0,0,0,0,0,0,0,0,5,0,0,0,0,0,0,1,6,0,0,0,0,0,0,0,1,0,6,0,0,0,0,0,0,0,0,0,0,0,0,0,3,0,0,0,0,0,0,0,5,0,0,3,0,0,0,0,9
0,0,0,0,0,0,0,0,0,0,0,0,0,0,5,0,0,0,0,0,0,1,6,0,0,0,0,0,0,0,1,0,6,0,0,0,0,0,0,0,0,0,0,0,0,0,3,0,0,0,0,0,0,0,5,0,0,3,0,0,0,0,9,0
0,0,0,0,0,0,0,0,0,0,0,0,0,0,0,1,0,0,0,0,0,0,0,0,0,0,6,0,0,0,0,0,0,0,0,0,0,0,0,0,0,0,0,0,0,0,0,0,0,0,0,3,0,0,0,0,0,0,0,0,0,0,0,0
0,0,0,0,0,0,0,5,0,0,0,0,0,0,1,6,0,0,0,0,0,0,0,1,0,6,0,0,0,0,0,0,0,0,0,0,0,0,0,3,0,0,0,0,0,0,0,5,0,0,3,0,0,0,0,9,0,0,0,0,0,0,0,0
0,0,0,0,0,0,5,0,0,0,0,0,0,1,6,0,0,0,0,0,0,0,1,0,6,0,0,0,0,0,0,0,0,0,0,0,0,0,3,0,0,0,0,0,0,0,5,0,0,3,0,0,0,0,9,0,0,0,0,0,0,0,0,0
0,0,0,0,0,0,0,0,0,13,11,17,14,10,15,11,0,15,5,22,12,14,23,17,0,17,19,30,20,28,26,22,0,12,18,23,19,24,28,19,0,13,3,28,31,28,25,19,0,15,5,28,27,25,23,15,0,15,18,21,35,33,27,28
0,0,0,0,0,0,0,0,13,11,17,14,10,15,11,18,15,5,22,12,14,23,17,31,17,19,30,20,28,26,22,35,12,18,23,19,24,28,19,33,13,3,28,31,28,25,19,31,15,5,28,27,25,23,15,39,15,18,21,35,33,27,28,38
0,0,0,0,0,0,0,0,11,17,14,10,15,11,18,0,5,22,12,14,23,17,31,0,19,30,20,28,26,22,35,0,18,23,19,24,28,19,33,0,3,28,31,28,25,19,31,0,5,28,27,25,23,15,39,0,18,21,35,33,27,28,38,0
0,13,11,17,14,10,15,11,0,15,5,22,12,14,23,17,0,17,19,30,20,28,26,22,0,12,18,23,19,24,28,19,0,13,3,28,31,28,25,19,0,15,5,28,27,25,23,15,0,15,18,21,35,33,27,28,0,17,33,30,35,33,31,33
13,11,17,14,10,15,11,18,15,5,22,12,14,23,17,31,17,19,30,20,28,26,22,35,12,18,23,19,24,28,19,33,13,3,28,31,28,25,19,31,15,5,28,27,25,23,15,39,15,18,21,35,33,27,28,38,17,33,30,35,33,31,33,33
11,17,14,10,15,11,18,0,5,22,12,14,23,17,31,0,19,30,20,28,26,22,35,0,18,23,19,24,28,19,33,0,3,28,31,28,25,19,31,0,5,28,27,25,23,15,39,0,18,21,35,33,27,28,38,0,33,30,35,33,31,33,33,0
0,15,5,22,12,14,23,17,0,17,19,30,20,28,26,22,0,12,18,23,19,24,28,19,0,13,3,28,31,28,25,19,0,15,5,28,27,25,23,15,0,15,18,21,35,33,27,28,0,17,33,30,35,33,31,33,0,0,0,0,0,0,0,0
15,5,22,12,14,23,17,31,17,19,30,20,28,26,22,35,12,18,23,19,24,28,19,33,13,3,28,31,28,25,19,31,15,5,28,27,25,23,15,39,15,18,21,35,33,27,28,38,17,33,30,35,33,31,33,33,0,0,0,0,0,0,0,0
5,22,12,14,23,17,31,0,19,30,20,28,26,22,35,0,18,23,19,24,28,19,33,0,3,28,31,28,25,19,31,0,5,28,27,25,23,15,39,0,18,21,35,33,27,28,38,0,33,30,35,33,31,33,33,0,0,0,0,0,0,0,0,0
0,0,0,0,0,0,0,0,0,0,7,10,12,10,15,11,0,12,12,19,19,19,18,25,0,13,21,24,24,28,26,28,0,15,20,31,36,39,22,23,0,23,27,25,28,30,24,28,0,21,38,31,28,22,21,23,0,21,36,31,18,27,23,28
0,0,0,0,0,0,0,0,0,7,10,12,10,15,11,0,12,12,19,19,19,18,25,0,13,21,24,24,28,26,28,3,15,20,31,36,39,22,23,3,23,27,25,28,30,24,28,3,21,38,31,28,22,21,23,0,21,36,31,18,27,23,28,10
0,0,0,0,0,0,0,0,7,10,12,10,15,11,0,0,12,19,19,19,18,25,0,0,21,24,24,28,26,28,3,0,20,31,36,39,22,23,3,0,27,25,28,30,24,28,3,0,38,31,28,22,21,23,0,0,36,31,18,27,23,28,10,0
0,0,7,10,12,10,15,11,0,12,12,19,19,19,18,25,0,13,21,24,24,28,26,28,0,15,20,31,36,39,22,23,0,23,27,25,28,30,24,28,0,21,38,31,28,22,21,23,0,21,36,31,18,27,23,28,0,7,7,7,6,11,5,6
0,7,10,12,10,15,11,0,12,12,19,19,19,18,25,0,13,21,24,24,28,26,28,3,15,20,31,36,39,22,23,3,23,27,25,28,30,24,28,3,21,38,31,28,22,21,23,0,21,36,31,18,27,23,28,10,7,7,7,6,11,5,6,0
7,10,12,10,15,11,0,0,12,19,19,19,18,25,0,0,21,24,24,28,26,28,3,0,20,31,36,39,22,23,3,0,27,25,28,30,24,28,3,0,38,31,28,22,21,23,0,0,36,31,18,27,23,28,10,0,7,7,6,11,5,6,0,0
0,12,12,19,19,19,18,25,0,13,21,24,24,28,26,28,0,15,20,31,36,39,22,23,0,23,27,25,28,30,24,28,0,21,38,31,28,22,21,23,0,21,36,31,18,27,23,28,0,7,7,7,6,11,5,6,0,0,0,0,0,0,0,0
12,12,19,19,19,18,25,0,13,21,24,24,28,26,28,3,15,20,31,36,39,22,23,3,23,27,25,28,30,24,28,3,21,38,31,28,22,21,23,0,21,36,31,18,27,23,28,10,7,7,7,6,11,5,6,0,0,0,0,0,0,0,0,0
12,19,19,19,18,25,0,0,21,24,24,28,26,28,3,0,20,31,36,39,22,23,3,0,27,25,28,30,24,28,3,0,38,31,28,22,21,23,0,0,36,31,18,27,23,28,10,0,7,7,6,11,5,6,0,0,0,0,0,0,0,0,0,0
0,0,0,0,0,0,0,0,0,0,0,0,0,0,0,0,0,0,0,0,0,0,0,0,0,0,0,0,0,0,0,0,0,0,7,0,0,0,0,0,0,0,3,0,6,0,0,0,0,0,9,7,3,7,0,0,0,0,14,6,3,0,0,0
0,0,0,0,0,0,0,0,0,0,0,0,0,0,0,0,0,0,0,0,0,0,0,0,0,0,0,0,0,0,0,0,0,7,0,0,0,0,0,0,0,3,0,6,0,0,0,0,0,9,7,3,7,0,0,3,0,14,6,3,0,0,0,3
0,0,0,0,0,0,0,0,0,0,0,0,0,0,0,0,0,0,0,0,0,0,0,0,0,0,0,0,0,0,0,0,7,0,0,0,0,0,0,0,3,0,6,0,0,0,0,0,9,7,3,7,0,0,3,0,14,6,3,0,0,0,3,0
0,0,0,0,0,0,0,0,0,0,0,0,0,0,0,0,0,0,0,0,0,0,0,0,0,0,7,0,0,0,0,0,0,0,3,0,6,0,0,0,0,0,9,7,3,7,0,0,0,0,14,6,3,0,0,0,0,0,1,0,0,0,0,0
0,0,0,0,0,0,0,0,0,0,0,0,0,0,0,0,0,0,0,0,0,0,0,0,0,7,0,0,0,0,0,0,0,3,0,6,0,0,0,0,0,9,7,3,7,0,0,3,0,14,6,3,0,0,0,3,0,1,0,0,0,0,0,0
0,0,0,0,0,0,0,0,0,0,0,0,0,0,0,0,0,0,0,0,0,0,0,0,7,0,0,0,0,0,0,0,3,0,6,0,0,0,0,0,9,7,3,7,0,0,3,0,14,6,3,0,0,0,3,0,1,0,0,0,0,0,0,0
0,0,0,0,0,0,0,0,0,0,0,0,0,0,0,0,0,0,7,0,0,0,0,0,0,0,3,0,6,0,0,0,0,0,9,7,3,7,0,0,0,0,14,6,3,0,0,0,0,0,1,0,0,0,0,0,0,0,0,0,0,0,0,0
0,0,0,0,0,0,0,0,0,0,0,0,0,0,0,0,0,7,0,0,0,0,0,0,0,3,0,6,0,0,0,0,0,9,7,3,7,0,0,3,0,14,6,3,0,0,0,3,0,1,0,0,0,0,0,0,0,0,0,0,0,0,0,0
0,0,0,0,0,0,0,0,0,0,0,0,0,0,0,0,7,0,0,0,0,0,0,0,3,0,6,0,0,0,0,0,9,7,3,7,0,0,3,0,14,6,3,0,0,0,3,0,1,0,0,0,0,0,0,0,0,0,0,0,0,0,0,0
0,0,0,0,0,0,0,0,0,0,0,0,5,3,5,0,0,14,20,22,24,23,15,18,0,19,27,34,22,21,15,15,0,13,34,24,23,24,22,25,0,14,37,33,37,28,28,25,0,15,31,31,41,31,28,27,0,18,31,33,20,26,25,18
0,0,0,0,0,0,0,0,0,0,0,5,3,5,0,0,14,20,22,24,23,15,18,14,19,27,34,22,21,15,15,14,13,34,24,23,24,22,25,15,14,37,33,37,28,28,25,10,15,31,31,41,31,28,27,11,18,31,33,20,26,25,18,12
0,0,0,0,0,0,0,0,0,0,5,3,5,0,0,0,20,22,24,23,15,18,14,0,27,34,22,21,15,15,14,0,34,24,23,24,22,25,15,0,37,33,37,28,28,25,10,0,31,31,41,31,28,27,11,0,31,33,20,26,25,18,12,0
0,0,0,0,5,3,5,0,0,14,20,22,24,23,15,18,0,19,27,34,22,21,15,15,0,13,34,24,23,24,22,25,0,14,37,33,37,28,28,25,0,15,31,31,41,31,28,27,0,18,31,33,20,26,25,18,0,23,31,30,19,23,24,22
0,0,0,5,3,5,0,0,14,20,22,24,23,15,18,14,19,27,34,22,21,15,15,14,13,34,24,23,24,22,25,15,14,37,33,37,28,28,25,10,15,31,31,41,31,28,27,11,18,31,33,20,26,25,18,12,23,31,30,19,23,24,22,14
0,0,5,3,5,0,0,0,20,22,24,23,15,18,14,0,27,34,22,21,15,15,14,0,34,24,23,24,22,25,15,0,37,33,37,28,28,25,10,0,31,31,41,31,28,27,11,0,31,33,20,26,25,18,12,0,31,30,19,23,24,22,14,0
0,14,20,22,24,23,15,18,0,19,27,34,22,21,15,15,0,13,34,24,23,24,22,25,0,14,37,33,37,28,28,25,0,15,31,31,41,31,28,27,0,18,31,33,20,26,25,18,0,23,31,30,19,23,24,22,0,0,0,0,0,0,0,0
14,20,22,24,23,15,18,14,19,27,34,22,21,15,15,14,13,34,24,23,24,22,25,15,14,37,33,37,28,28,25,10,15,31,31,41,31,28,27,11,18,31,33,20,26,25,18,12,23,31,30,19,23,24,22,14,0,0,0,0,0,0,0,0
20,22,24,23,15,18,14,0,27,34,22,21,15,15,14,0,34,24,23,24,22,25,15,0,37,33,37,28,28,25,10,0,31,31,41,31,28,27,11,0,31,33,20,26,25,18,12,0,31,30,19,23,24,22,14,0,0,0,0,0,0,0,0,0
0,0,0,0,0,0,0,0,0,23,20,22,19,21,22,21,0,19,3,0,0,0,0,0,0,15,0,0,0,5,0,0,0,17,0,0,0,1,0,0,0,23,0,13,3,7,3,0,0,23,10,5,6,0,0,0,0,25,10,6,0,0,0,0
0,0,0,0,0,0,0,0,23,20,22,19,21,22,21,1,19,3,0,0,0,0,0,0,15,0,0,0,5,0,0,0,17,0,0,0,1,0,0,0,23,0,13,3,7,3,0,0,23,10,5,6,0,0,0,0,25,10,6,0,0,0,0,0
0,0,0,0,0,0,0,0,20,22,19,21,22,21,1,0,3,0,0,0,0,0,0,0,0,0,0,5,0,0,0,0,0,0,0,1,0,0,0,0,0,13,3,7,3,0,0,0,10,5,6,0,0,0,0,0,10,6,0,0,0,0,0,0
0,23,20,22,19,21,22,21,0,19,3,0,0,0,0,0,0,15,0,0,0,5,0,0,0,17,0,0,0,1,0,0,0,23,0,13,3,7,3,0,0,23,10,5,6,0,0,0,0,25,10,6,0,0,0,0,0,0,0,0,0,0,0,0
23,20,22,19,21,22,21,1,19,3,0,0,0,0,0,0,15,0,0,0,5,0,0,0,17,0,0,0,1,0,0,0,23,0,13,3,7,3,0,0,23,10,5,6,0,0,0,0,25,10,6,0,0,0,0,0,0,0,0,0,0,0,0,0
20,22,19,21,22,21,1,0,3,0,0,0,0,0,0,0,0,0,0,5,0,0,0,0,0,0,0,1,0,0,0,0,0,13,3,7,3,0,0,0,10,5,6,0,0,0,0,0,10,6,0,0,0,0,0,0,0,0,0,0,0,0,0,0
0,19,3,0,0,0,0,0,0,15,0,0,0,5,0,0,0,17,0,0,0,1,0,0,0,23,0,13,3,7,3,0,0,23,10,5,6,0,0,0,0,25,10,6,0,0,0,0,0,0,0,0,0,0,0,0,0,0,0,0,0,0,0,0
19,3,0,0,0,0,0,0,15,0,0,0,5,0,0,0,17,0,0,0,1,0,0,0,23,0,13,3,7,3,0,0,23,10,5,6,0,0,0,0,25,10,6,0,0,0,0,0,0,0,0,0,0,0,0,0,0,0,0,0,0,0,0,0
3,0,0,0,0,0,0,0,0,0,0,5,0,0,0,0,0,0,0,1,0,0,0,0,0,13,3,7,3,0,0,0,10,5,6,0,0,0,0,0,10,6,0,0,0,0,0,0,0,0,0,0,0,0,0,0,0,0,0,0,0,0,0,0
0,0,0,0,0,0,0,0,0,0,3,0,3,0,0,0,0,3,1,0,11,7,1,5,0,14,18,9,13,14,13,7,0,14,11,14,5,17,12,7,0,25,19,21,10,10,12,6,0,31,14,12,28,20,22,7,0,17,18,27,19,15,15,10
0,0,0,0,0,0,0,0,0,3,0,3,0,0,0,0,3,1,0,11,7,1,5,0,14,18,9,13,14,13,7,0,14,11,14,5,17,12,7,0,25,19,21,10,10,12,6,0,31,14,12,28,20,22,7,0,17,18,27,19,15,15,10,0
0,0,0,0,0,0,0,0,3,0,3,0,0,0,0,0,1,0,11,7,1,5,0,0,18,9,13,14,13,7,0,0,11,14,5,17,12,7,0,0,19,21,10,10,12,6,0,0,14,12,28,20,22,7,0,0,18,27,19,15,15,10,0,0
0,0,3,0,3,0,0,0,0,3,1,0,11,7,1,5,0,14,18,9,13,14,13,7,0,14,11,14,5,17,12,7,0,25,19,21,10,10,12,6,0,31,14,12,28,20,22,7,0,17,18,27,19,15,15,10,0,13,14,15,5,5,9,6
0,3,0,3,0,0,0,0,3,1,0,11,7,1,5,0,14,18,9,13,14,13,7,0,14,11,14,5,17,12,7,0,25,19,21,10,10,12,6,0,31,14,12,28,20,22,7,0,17,18,27,19,15,15,10,0,13,14,15,5,5,9,6,5
3,0,3,0,0,0,0,0,1,0,11,7,1,5,0,0,18,9,13,14,13,7,0,0,11,14,5,17,12,7,0,0,19,21,10,10,12,6,0,0,14,12,28,20,22,7,0,0,18,27,19,15,15,10,0,0,14,15,5,5,9,6,5,0
0,3,1,0,11,7,1,5,0,14,18,9,13,14,13,7,0,14,11,14,5,17,12,7,0,25,19,21,10,10,12,6,0,31,14,12,28,20,22,7,0,17,18,27,19,15,15,10,0,13,14,15,5,5,9,6,0,0,0,0,0,0,0,0
3,1,0,11,7,1,5,0,14,18,9,13,14,13,7,0,14,11,14,5,17,12,7,0,25,19,21,10,10,12,6,0,31,14,12,28,20,22,7,0,17,18,27,19,15,15,10,0,13,14,15,5,5,9,6,5,0,0,0,0,0,0,0,0
1,0,11,7,1,5,0,0,18,9,13,14,13,7,0,0,11,14,5,17,12,7,0,0,19,21,10,10,12,6,0,0,14,12,28,20,22,7,0,0,18,27,19,15,15,10,0,0,14,15,5,5,9,6,5,0,0,0,0,0,0,0,0,0
0,0,0,0,0,0,0,0,0,33,44,43,46,41,47,49,0,46,63,56,60,63,63,65,0,44,60,57,65,60,65,63,0,46,68,57,63,71,63,70,0,40,54,73,63,67,66,77,0,43,59,78,72,69,60,63,0,59,71,60,66,50,60,63
0,0,0,0,0,0,0,0,33,44,43,46,41,47,49,56,46,63,56,60,63,63,65,67,44,60,57,65,60,65,63,66,46,68,57,63,71,63,70,67,40,54,73,63,67,66,77,60,43,59,78,72,69,60,63,57,59,71,60,66,50,60,63,57
0,0,0,0,0,0,0,0,44,43,46,41,47,49,56,0,63,56,60,63,63,65,67,0,60,57,65,60,65,63,66,0,68,57,63,71,63,70,67,0,54,73,63,67,66,77,60,0,59,78,72,69,60,63,57,0,71,60,66,50,60,63,57,0
0,33,44,43,46,41,47,49,0,46,63,56,60,63,63,65,0,44,60,57,65,60,65,63,0,46,68,57,63,71,63,70,0,40,54,73,63,67,66,77,0,43,59,78,72,69,60,63,0,59,71,60,66,50,60,63,0,51,50,41,52,55,59,54
33,44,43,46,41,47,49,56,46,63,56,60,63,63,65,67,44,60,57,65,60,65,63,66,46,68,57,63,71,63,70,67,40,54,73,63,67,66,77,60,43,59,78,72,69,60,63,57,59,71,60,66,50,60,63,57,51,50,41,52,55,59,54,51
44,43,46,41,47,49,56,0,63,56,60,63,63,65,67,0,60,57,65,60,65,63,66,0,68,57,63,71,63,70,67,0,54,73,63,67,66,77,60,0,59,78,72,69,60,63,57,0,71,60,66,50,60,63,57,0,50,41,52,55,59,54,51,0
0,46,63,56,60,63,63,65,0,44,60,57,65,60,65,63,0,46,68,57,63,71,63,70,0,40,54,73,63,67,66,77,0,43,59,78,72,69,60,63,0,59,71,60,66,50,60,63,0,51,50,41,52,55,59,54,0,0,0,0,0,0,0,0
46,63,56,60,63,63,65,67,44,60,57,65,60,65,63,66,46,68,57,63,71,63,70,67,40,54,73,63,67,66,77,60,43,59,78,72,69,60,63,57,59,71,60,66,50,60,63,57,51,50,41,52,55,59,54,51,0,0,0,0,0,0,0,0
63,56,60,63,63,65,67,0,60,57,65,60,65,63,66,0,68,57,63,71,63,70,67,0,54,73,63,67,66,77,60,0,59,78,72,69,60,63,57,0,71,60,66,50,60,63,57,0,50,41,52,55,59,54,51,0,0,0,0,0,0,0,0,0
0,0,0,0,0,0,0,0,0,0,0,0,0,0,0,0,0,0,0,0,0,0,0,0,0,0,0,0,0,0,0,0,0,0,0,0,0,0,0,0,0,0,0,0,0,0,0,0,0,0,0,0,0,0,0,0,0,0,0,0,0,0,0,0
0,0,0,0,0,0,0,0,0,0,0,0,0,0,0,0,0,0,0,0,0,0,0,0,0,0,0,0,0,0,0,0,0,0,0,0,0,0,0,0,0,0,0,0,0,0,0,0,0,0,0,0,0,0,0,0,0,0,0,0,0,0,0,0
0,0,0,0,0,0,0,0,0,0,0,0,0,0,0,0,0,0,0,0,0,0,0,0,0,0,0,0,0,0,0,0,0,0,0,0,0,0,0,0,0,0,0,0,0,0,0,0,0,0,0,0,0,0,0,0,0,0,0,0,0,0,0,0
0,0,0,0,0,0,0,0,0,0,0,0,0,0,0,0,0,0,0,0,0,0,0,0,0,0,0,0,0,0,0,0,0,0,0,0,0,0,0,0,0,0,0,0,0,0,0,0,0,0,0,0,0,0,0,0,0,0,0,0,0,0,0,0
0,0,0,0,0,0,0,0,0,0,0,0,0,0,0,0,0,0,0,0,0,0,0,0,0,0,0,0,0,0,0,0,0,0,0,0,0,0,0,0,0,0,0,0,0,0,0,0,0,0,0,0,0,0,0,0,0,0,0,0,0,0,0,0
0,0,0,0,0,0,0,0,0,0,0,0,0,0,0,0,0,0,0,0,0,0,0,0,0,0,0,0,0,0,0,0,0,0,0,0,0,0,0,0,0,0,0,0,0,0,0,0,0,0,0,0,0,0,0,0,0,0,0,0,0,0,0,0
0,0,0,0,0,0,0,0,0,0,0,0,0,0,0,0,0,0,0,0,0,0,0,0,0,0,0,0,0,0,0,0,0,0,0,0,0,0,0,0,0,0,0,0,0,0,0,0,0,0,0,0,0,0,0,0,0,0,0,0,0,0,0,0
0,0,0,0,0,0,0,0,0,0,0,0,0,0,0,0,0,0,0,0,0,0,0,0,0,0,0,0,0,0,0,0,0,0,0,0,0,0,0,0,0,0,0,0,0,0,0,0,0,0,0,0,0,0,0,0,0,0,0,0,0,0,0,0
0,0,0,0,0,0,0,0,0,0,0,0,0,0,0,0,0,0,0,0,0,0,0,0,0,0,0,0,0,0,0,0,0,0,0,0,0,0,0,0,0,0,0,0,0,0,0,0,0,0,0,0,0,0,0,0,0,0,0,0,0,0,0,0
0,0,0,0,0,0,0,0,0,17,15,13,5,13,15,6,0,33,20,27,22,24,23,19,0,26,14,23,22,26,18,19,0,21,17,21,18,23,15,26,0,27,21,7,19,18,17,17,0,13,14,12,24,17,15,10,0,3,0,11,14,11,6,11
0,0,0,0,0,0,0,0,17,15,13,5,13,15,6,10,33,20,27,22,24,23,19,18,26,14,23,22,26,18,19,24,21,17,21,18,23,15,26,30,27,21,7,19,18,17,17,19,13,14,12,24,17,15,10,21,3,0,11,14,11,6,11,21
0,0,0,0,0,0,0,0,15,13,5,13,15,6,10,0,20,27,22,24,23,19,18,0,14,23,22,26,18,19,24,0,17,21,18,23,15,26,30,0,21,7,19,18,17,17,19,0,14,12,24,17,15,10,21,0,0,11,14,11,6,11,21,0
0,17,15,13,5,13,15,6,0,33,20,27,22,24,23,19,0,26,14,23,22,26,18,19,0,21,17,21,18,23,15,26,0,27,21,7,19,18,17,17,0,13,14,12,24,17,15,10,0,3,0,11,14,11,6,11,0,20,28,35,26,30,26,30
17,15,13,5,13,15,6,10,33,20,27,22,24,23,19,18,26,14,23,22,26,18,19,24,21,17,21,18,23,15,26,30,27,21,7,19,18,17,17,19,13,14,12,24,17,15,10,21,3,0,11,14,11,6,11,21,20,28,35,26,30,26,30,30
15,13,5,13,15,6,10,0,20,27,22,24,23,19,18,0,14,23,22,26,18,19,24,0,17,21,18,23,15,26,30,0,21,7,19,18,17,17,19,0,14,12,24,17,15,10,21,0,0,11,14,11,6,11,21,0,28,35,26,30,26,30,30,0
0,33,20,27,22,24,23,19,0,26,14,23,22,26,18,19,0,21,17,21,18,23,15,26,0,27,21,7,19,18,17,17,0,13,14,12,24,17,15,10,0,3,0,11,14,11,6,11,0,20,28,35,26,30,26,30,0,0,0,0,0,0,0,0
33,20,27,22,24,23,19,18,26,14,23,22,26,18,19,24,21,17,21,18,23,15,26,30,27,21,7,19,18,17,17,19,13,14,12,24,17,15,10,21,3,0,11,14,11,6,11,21,20,28,35,26,30,26,30,30,0,0,0,0,0,0,0,0
20,27,22,24,23,19,18,0,14,23,22,26,18,19,24,0,17,21,18,23,15,26,30,0,21,7,19,18,17,17,19,0,14,12,24,17,15,10,21,0,0,11,14,11,6,11,21,0,28,35,26,30,26,30,30,0,0,0,0,0,0,0,0,0
0,0,0,0,0,0,0,0,0,20,37,39,36,37,40,37,0,28,44,41,49,40,43,51,0,31,44,43,47,49,51,51,0,34,37,46,44,48,41,52,0,25,37,42,40,34,48,40,0,15,31,44,40,42,40,40,0,25,33,36,49,39,31,33
0,0,0,0,0,0,0,0,20,37,39,36,37,40,37,48,28,44,41,49,40,43,51,49,31,44,43,47,49,51,51,42,34,37,46,44,48,41,52,41,25,37,42,40,34,48,40,41,15,31,44,40,42,40,40,31,25,33,36,49,39,31,33,31
0,0,0,0,0,0,0,0,37,39,36,37,40,37,48,0,44,41,49,40,43,51,49,0,44,43,47,49,51,51,42,0,37,46,44,48,41,52,41,0,37,42,40,34,48,40,41,0,31,44,40,42,40,40,31,0,33,36,49,39,31,33,31,0
0,20,37,39,36,37,40,37,0,28,44,41,49,40,43,51,0,31,44,43,47,49,51,51,0,34,37,46,44,48,41,52,0,25,37,42,40,34,48,40,0,15,31,44,40,42,40,40,0,25,33,36,49,39,31,33,0,15,17,21,14,17,14,17
20,37,39,36,37,40,37,48,28,44,41,49,40,43,51,49,31,44,43,47,49,51,51,42,34,37,46,44,48,41,52,41,25,37,42,40,34,48,40,41,15,31,44,40,42,40,40,31,25,33,36,49,39,31,33,31,15,17,21,14,17,14,17,17
37,39,36,37,40,37,48,0,44,41,49,40,43,51,49,0,44,43,47,49,51,51,42,0,37,46,44,48,41,52,41,0,37,42,40,34,48,40,41,0,31,44,40,42,40,40,31,0,33,36,49,39,31,33,31,0,17,21,14,17,14,17,17,0
0,28,44,41,49,40,43,51,0,31,44,43,47,49,51,51,0,34,37,46,44,48,41,52,0,25,37,42,40,34,48,40,0,15,31,44,40,42,40,40,0,25,33,36,49,39,31,33,0,15,17,21,14,17,14,17,0,0,0,0,0,0,0,0
28,44,41,49,40,43,51,49,31,44,43,47,49,51,51,42,34,37,46,44,48,41,52,41,25,37,42,40,34,48,40,41,15,31,44,40,42,40,40,31,25,33,36,49,39,31,33,31,15,17,21,14,17,14,17,17,0,0,0,0,0,0,0,0
44,41,49,40,43,51,49,0,44,43,47,49,51,51,42,0,37,46,44,48,41,52,41,0,37,42,40,34,48,40,41,0,31,44,40,42,40,40,31,0,33,36,49,39,31,33,31,0,17,21,14,17,14,17,17,0,0,0,0,0,0,0,0,0
0,0,0,0,0,0,0,0,0,23,19,20,17,14,15,17,0,38,40,34,27,31,30,24,0,33,33,31,22,26,27,25,0,37,31,34,20,24,33,34,0,35,35,25,31,20,30,31,0,35,25,23,20,25,33,26,0,37,31,33,34,37,34,35
0,0,0,0,0,0,0,0,23,19,20,17,14,15,17,26,38,40,34,27,31,30,24,28,33,33,31,22,26,27,25,28,37,31,34,20,24,33,34,28,35,35,25,31,20,30,31,31,35,25,23,20,25,33,26,23,37,31,33,34,37,34,35,28
0,0,0,0,0,0,0,0,19,20,17,14,15,17,26,0,40,34,27,31,30,24,28,0,33,31,22,26,27,25,28,0,31,34,20,24,33,34,28,0,35,25,31,20,30,31,31,0,25,23,20,25,33,26,23,0,31,33,34,37,34,35,28,0
0,23,19,20,17,14,15,17,0,38,40,34,27,31,30,24,0,33,33,31,22,26,27,25,0,37,31,34,20,24,33,34,0,35,35,25,31,20,30,31,0,35,25,23,20,25,33,26,0,37,31,33,34,37,34,35,0,34,30,26,19,26,27,24
23,19,20,17,14,15,17,26,38,40,34,27,31,30,24,28,33,33,31,22,26,27,25,28,37,31,34,20,24,33,34,28,35,35,25,31,20,30,31,31,35,25,23,20,25,33,26,23,37,31,33,34,37,34,35,28,34,30,26,19,26,27,24,15
19,20,17,14,15,17,26,0,40,34,27,31,30,24,28,0,33,31,22,26,27,25,28,0,31,34,20,24,33,34,28,0,35,25,31,20,30,31,31,0,25,23,20,25,33,26,23,0,31,33,34,37,34,35,28,0,30,26,19,26,27,24,15,0
0,38,40,34,27,31,30,24,0,33,33,31,22,26,27,25,0,37,31,34,20,24,33,34,0,35,35,25,31,20,30,31,0,35,25,23,20,25,33,26,0,37,31,33,34,37,34,35,0,34,30,26,19,26,27,24,0,0,0,0,0,0,0,0
38,40,34,27,31,30,24,28,33,33,31,22,26,27,25,28,37,31,34,20,24,33,34,28,35,35,25,31,20,30,31,31,35,25,23,20,25,33,26,23,37,31,33,34,37,34,35,28,34,30,26,19,26,27,24,15,0,0,0,0,0,0,0,0
40,34,27,31,30,24,28,0,33,31,22,26,27,25,28,0,31,34,20,24,33,34,28,0,35,25,31,20,30,31,31,0,25,23,20,25,33,26,23,0,31,33,34,37,34,35,28,0,30,26,19,26,27,24,15,0,0,0,0,0,0,0,0,0
0,0,0,0,0,0,0,0,0,15,3,3,6,6,7,7,0,28,15,13,19,20,17,15,0,36,28,18,13,7,21,14,0,33,28,17,23,18,21,10,0,31,18,18,15,12,13,11,0,44,21,5,9,21,15,15,0,38,24,10,14,20,24,21
0,0,0,0,0,0,0,0,15,3,3,6,6,7,7,6,28,15,13,19,20,17,15,7,36,28,18,13,7,21,14,3,33,28,17,23,18,21,10,0,31,18,18,15,12,13,11,5,44,21,5,9,21,15,15,10,38,24,10,14,20,24,21,7
0,0,0,0,0,0,0,0,3,3,6,6,7,7,6,0,15,13,19,20,17,15,7,0,28,18,13,7,21,14,3,0,28,17,23,18,21,10,0,0,18,18,15,12,13,11,5,0,21,5,9,21,15,15,10,0,24,10,14,20,24,21,7,0
0,15,3,3,6,6,7,7,0,28,15,13,19,20,17,15,0,36,28,18,13,7,21,14,0,33,28,17,23,18,21,10,0,31,18,18,15,12,13,11,0,44,21,5,9,21,15,15,0,38,24,10,14,20,24,21,0,25,23,9,14,22,25,22
15,3,3,6,6,7,7,6,28,15,13,19,20,17,15,7,36,28,18,13,7,21,14,3,33,28,17,23,18,21,10,0,31,18,18,15,12,13,11,5,44,21,5,9,21,15,15,10,38,24,10,14,20,24,21,7,25,23,9,14,22,25,22,13
3,3,6,6,7,7,6,0,15,13,19,20,17,15,7,0,28,18,13,7,21,14,3,0,28,17,23,18,21,10,0,0,18,18,15,12,13,11,5,0,21,5,9,21,15,15,10,0,24,10,14,20,24,21,7,0,23,9,14,22,25,22,13,0
0,28,15,13,19,20,17,15,0,36,28,18,13,7,21,14,0,33,28,17,23,18,21,10,0,31,18,18,15,12,13,11,0,44,21,5,9,21,15,15,0,38,24,10,14,20,24,21,0,25,23,9,14,22,25,22,0,0,0,0,0,0,0,0
28,15,13,19,20,17,15,7,36,28,18,13,7,21,14,3,33,28,17,23,18,21,10,0,31,18,18,15,12,13,11,5,44,21,5,9,21,15,15,10,38,24,10,14,20,24,21,7,25,23,9,14,22,25,22,13,0,0,0,0,0,0,0,0
15,13,19,20,17,15,7,0,28,18,13,7,21,14,3,0,28,17,23,18,21,10,0,0,18,18,15,12,13,11,5,0,21,5,9,21,15,15,10,0,24,10,14,20,24,21,7,0,23,9,14,22,25,22,13,0,0,0,0,0,0,0,0,0
0,0,0,0,0,0,0,0,0,0,0,0,0,0,0,0,0,5,12,15,17,15,17,9,0,0,9,6,5,12,11,11,0,7,23,17,7,3,9,13,0,9,20,15,24,14,22,7,0,12,20,22,22,15,10,7,0,21,20,10,5,14,9,10
0,0,0,0,0,0,0,0,0,0,0,0,0,0,0,0,5,12,15,17,15,17,9,0,0,9,6,5,12,11,11,0,7,23,17,7,3,9,13,0,9,20,15,24,14,22,7,0,12,20,22,22,15,10,7,0,21,20,10,5,14,9,10,0
0,0,0,0,0,0,0,0,0,0,0,0,0,0,0,0,12,15,17,15,17,9,0,0,9,6,5,12,11,11,0,0,23,17,7,3,9,13,0,0,20,15,24,14,22,7,0,0,20,22,22,15,10,7,0,0,20,10,5,14,9,10,0,0
0,0,0,0,0,0,0,0,0,5,12,15,17,15,17,9,0,0,9,6,5,12,11,11,0,7,23,17,7,3,9,13,0,9,20,15,24,14,22,7,0,12,20,22,22,15,10,7,0,21,20,10,5,14,9,10,0,13,28,21,11,7,11,11
0,0,0,0,0,0,0,0,5,12,15,17,15,17,9,0,0,9,6,5,12,11,11,0,7,23,17,7,3,9,13,0,9,20,15,24,14,22,7,0,12,20,22,22,15,10,7,0,21,20,10,5,14,9,10,0,13,28,21,11,7,11,11,3
0,0,0,0,0,0,0,0,12,15,17,15,17,9,0,0,9,6,5,12,11,11,0,0,23,17,7,3,9,13,0,0,20,15,24,14,22,7,0,0,20,22,22,15,10,7,0,0,20,10,5,14,9,10,0,0,28,21,11,7,11,11,3,0
0,5,12,15,17,15,17,9,0,0,9,6,5,12,11,11,0,7,23,17,7,3,9,13,0,9,20,15,24,14,22,7,0,12,20,22,22,15,10,7,0,21,20,10,5,14,9,10,0,13,28,21,11,7,11,11,0,0,0,0,0,0,0,0
5,12,15,17,15,17,9,0,0,9,6,5,12,11,11,0,7,23,17,7,3,9,13,0,9,20,15,24,14,22,7,0,12,20,22,22,15,10,7,0,21,20,10,5,14,9,10,0,13,28,21,11,7,11,11,3,0,0,0,0,0,0,0,0
12,15,17,15,17,9,0,0,9,6,5,12,11,11,0,0,23,17,7,3,9,13,0,0,20,15,24,14,22,7,0,0,20,22,22,15,10,7,0,0,20,10,5,14,9,10,0,0,28,21,11,7,11,11,3,0,0,0,0,0,0,0,0,0
0,0,0,0,0,0,0,0,0,1,3,6,6,7,12,7,0,7,27,22,26,30,25,23,0,15,27,38,31,40,33,28,0,14,31,34,46,31,33,42,0,13,48,31,37,35,31,35,0,10,36,53,43,30,31,31,0,11,39,37,31,30,27,31
0,0,0,0,0,0,0,0,1,3,6,6,7,12,7,7,7,27,22,26,30,25,23,25,15,27,38,31,40,33,28,28,14,31,34,46,31,33,42,27,13,48,31,37,35,31,35,28,10,36,53,43,30,31,31,34,11,39,37,31,30,27,31,28
0,0,0,0,0,0,0,0,3,6,6,7,12,7,7,0,27,22,26,30,25,23,25,0,27,38,31,40,33,28,28,0,31,34,46,31,33,42,27,0,48,31,37,35,31,35,28,0,36,53,43,30,31,31,34,0,39,37,31,30,27,31,28,0
0,1,3,6,6,7,12,7,0,7,27,22,26,30,25,23,0,15,27,38,31,40,33,28,0,14,31,34,46,31,33,42,0,13,48,31,37,35,31,35,0,10,36,53,43,30,31,31,0,11,39,37,31,30,27,31,0,25,41,43,41,40,38,36
1,3,6,6,7,12,7,7,7,27,22,26,30,25,23,25,15,27,38,31,40,33,28,28,14,31,34,46,31,33,42,27,13,48,31,37,35,31,35,28,10,36,53,43,30,31,31,34,11,39,37,31,30,27,31,28,25,41,43,41,40,38,36,31
3,6,6,7,12,7,7,0,27,22,26,30,25,23,25,0,27,38,31,40,33,28,28,0,31,34,46,31,33,42,27,0,48,31,37,35,31,35,28,0,36,53,43,30,31,31,34,0,39,37,31,30,27,31,28,0,41,43,41,40,38,36,31,0
0,7,27,22,26,30,25,23,0,15,27,38,31,40,33,28,0,14,31,34,46,31,33,42,0,13,48,31,37,35,31,35,0,10,36,53,43,30,31,31,0,11,39,37,31,30,27,31,0,25,41,43,41,40,38,36,0,0,0,0,0,0,0,0
7,27,22,26,30,25,23,25,15,27,38,31,40,33,28,28,14,31,34,46,31,33,42,27,13,48,31,37,35,31,35,28,10,36,53,43,30,31,31,34,11,39,37,31,30,27,31,28,25,41,43,41,40,38,36,31,0,0,0,0,0,0,0,0
27,22,26,30,25,23,25,0,27,38,31,40,33,28,28,0,31,34,46,31,33,42,27,0,48,31,37,35,31,35,28,0,36,53,43,30,31,31,34,0,39,37,31,30,27,31,28,0,41,43,41,40,38,36,31,0,0,0,0,0,0,0,0,0
0,0,0,0,0,0,0,0,0,5,0,5,1,7,5,6,0,0,0,0,0,0,0,0,0,0,0,0,0,0,0,0,0,0,0,0,0,0,0,0,0,0,0,0,0,0,0,5,0,0,0,0,0,0,0,0,0,0,0,0,1,0,0,0
0,0,0,0,0,0,0,0,5,0,5,1,7,5,6,17,0,0,0,0,0,0,0,15,0,0,0,0,0,0,0,6,0,0,0,0,0,0,0,9,0,0,0,0,0,0,5,10,0,0,0,0,0,0,0,3,0,0,0,1,0,0,0,9
0,0,0,0,0,0,0,0,0,5,1,7,5,6,17,0,0,0,0,0,0,0,15,0,0,0,0,0,0,0,6,0,0,0,0,0,0,0,9,0,0,0,0,0,0,5,10,0,0,0,0,0,0,0,3,0,0,0,1,0,0,0,9,0
0,5,0,5,1,7,5,6,0,0,0,0,0,0,0,0,0,0,0,0,0,0,0,0,0,0,0,0,0,0,0,0,0,0,0,0,0,0,0,5,0,0,0,0,0,0,0,0,0,0,0,0,1,0,0,0,0,0,0,0,0,0,0,0
5,0,5,1,7,5,6,17,0,0,0,0,0,0,0,15,0,0,0,0,0,0,0,6,0,0,0,0,0,0,0,9,0,0,0,0,0,0,5,10,0,0,0,0,0,0,0,3,0,0,0,1,0,0,0,9,0,0,0,0,0,0,0,0
0,5,1,7,5,6,17,0,0,0,0,0,0,0,15,0,0,0,0,0,0,0,6,0,0,0,0,0,0,0,9,0,0,0,0,0,0,5,10,0,0,0,0,0,0,0,3,0,0,0,1,0,0,0,9,0,0,0,0,0,0,0,0,0
0,0,0,0,0,0,0,0,0,0,0,0,0,0,0,0,0,0,0,0,0,0,0,0,0,0,0,0,0,0,0,5,0,0,0,0,0,0,0,0,0,0,0,0,1,0,0,0,0,0,0,0,0,0,0,0,0,0,0,0,0,0,0,0
0,0,0,0,0,0,0,15,0,0,0,0,0,0,0,6,0,0,0,0,0,0,0,9,0,0,0,0,0,0,5,10,0,0,0,0,0,0,0,3,0,0,0,1,0,0,0,9,0,0,0,0,0,0,0,0,0,0,0,0,0,0,0,0
0,0,0,0,0,0,15,0,0,0,0,0,0,0,6,0,0,0,0,0,0,0,9,0,0,0,0,0,0,5,10,0,0,0,0,0,0,0,3,0,0,0,1,0,0,0,9,0,0,0,0,0,0,0,0,0,0,0,0,0,0,0,0,0
0,0,0,0,0,0,0,0,0,26,41,39,43,44,39,43,0,18,34,28,37,34,33,38,0,30,25,15,30,27,31,40,0,19,20,15,21,34,28,36,0,7,25,17,26,20,13,30,0,0,10,13,23,23,21,17,0,5,10,9,15,7,13,17
0,0,0,0,0,0,0,0,26,41,39,43,44,39,43,40,18,34,28,37,34,33,38,37,30,25,15,30,27,31,40,36,19,20,15,21,34,28,36,37,7,25,17,26,20,13,30,31,0,10,13,23,23,21,17,27,5,10,9,15,7,13,17,19
0,0,0,0,0,0,0,0,41,39,43,44,39,43,40,0,34,28,37,34,33,38,37,0,25,15,30,27,31,40,36,0,20,15,21,34,28,36,37,0,25,17,26,20,13,30,31,0,10,13,23,23,21,17,27,0,10,9,15,7,13,17,19,0
0,26,41,39,43,44,39,43,0,18,34,28,37,34,33,38,0,30,25,15,30,27,31,40,0,19,20,15,21,34,28,36,0,7,25,17,26,20,13,30,0,0,10,13,23,23,21,17,0,5,10,9,15,7,13,17,0,22,14,14,21,26,23,27
26,41,39,43,44,39,43,40,18,34,28,37,34,33,38,37,30,25,15,30,27,31,40,36,19,20,15,21,34,28,36,37,7,25,17,26,20,13,30,31,0,10,13,23,23,21,17,27,5,10,9,15,7,13,17,19,22,14,14,21,26,23,27,21
41,39,43,44,39,43,40,0,34,28,37,34,33,38,37,0,25,15,30,27,31,40,36,0,20,15,21,34,28,36,37,0,25,17,26,20,13,30,31,0,10,13,23,23,21,17,27,0,10,9,15,7,13,17,19,0,14,14,21,26,23,27,21,0
0,18,34,28,37,34,33,38,0,30,25,15,30,27,31,40,0,19,20,15,21,34,28,36,0,7,25,17,26,20,13,30,0,0,10,13,23,23,21,17,0,5,10,9,15,7,13,17,0,22,14,14,21,26,23,27,0,0,0,0,0,0,0,0
18,34,28,37,34,33,38,37,30,25,15,30,27,31,40,36,19,20,15,21,34,28,36,37,7,25,17,26,20,13,30,31,0,10,13,23,23,21,17,27,5,10,9,15,7,13,17,19,22,14,14,21,26,23,27,21,0,0,0,0,0,0,0,0
34,28,37,34,33,38,37,0,25,15,30,27,31,40,36,0,20,15,21,34,28,36,37,0,25,17,26,20,13,30,31,0,10,13,23,23,21,17,27,0,10,9,15,7,13,17,19,0,14,14,21,26,23,27,21,0,0,0,0,0,0,0,0,0
0,0,0,0,0,0,0,0,0,0,0,0,0,0,0,0,0,0,0,0,0,0,0,0,0,0,0,0,0,0,0,0,0,0,0,0,0,0,0,0,0,3,0,0,0,0,0,0,0,0,0,0,0,0,0,0,0,0,0,0,0,0,0,0
0,0,0,0,0,0,0,0,0,0,0,0,0,0,0,3,0,0,0,0,0,0,0,0,0,0,0,0,0,0,0,0,0,0,0,0,0,0,0,0,3,0,0,0,0,0,0,0,0,0,0,0,0,0,0,0,0,0,0,0,0,0,0,11
0,0,0,0,0,0,0,0,0,0,0,0,0,0,3,0,0,0,0,0,0,0,0,0,0,0,0,0,0,0,0,0,0,0,0,0,0,0,0,0,0,0,0,0,0,0,0,0,0,0,0,0,0,0,0,0,0,0,0,0,0,0,11,0
0,0,0,0,0,0,0,0,0,0,0,0,0,0,0,0,0,0,0,0,0,0,0,0,0,0,0,0,0,0,0,0,0,3,0,0,0,0,0,0,0,0,0,0,0,0,0,0,0,0,0,0,0,0,0,0,0,25,12,14,10,11,11,15
0,0,0,0,0,0,0,3,0,0,0,0,0,0,0,0,0,0,0,0,0,0,0,0,0,0,0,0,0,0,0,0,3,0,0,0,0,0,0,0,0,0,0,0,0,0,0,0,0,0,0,0,0,0,0,11,25,12,14,10,11,11,15,17
0,0,0,0,0,0,3,0,0,0,0,0,0,0,0,0,0,0,0,0,0,0,0,0,0,0,0,0,0,0,0,0,0,0,0,0,0,0,0,0,0,0,0,0,0,0,0,0,0,0,0,0,0,0,11,0,12,14,10,11,11,15,17,0
0,0,0,0,0,0,0,0,0,0,0,0,0,0,0,0,0,0,0,0,0,0,0,0,0,3,0,0,0,0,0,0,0,0,0,0,0,0,0,0,0,0,0,0,0,0,0,0,0,25,12,14,10,11,11,15,0,0,0,0,0,0,0,0
0,0,0,0,0,0,0,0,0,0,0,0,0,0,0,0,0,0,0,0,0,0,0,0,3,0,0,0,0,0,0,0,0,0,0,0,0,0,0,0,0,0,0,0,0,0,0,11,25,12,14,10,11,11,15,17,0,0,0,0,0,0,0,0
0,0,0,0,0,0,0,0,0,0,0,0,0,0,0,0,0,0,0,0,0,0,0,0,0,0,0,0,0,0,0,0,0,0,0,0,0,0,0,0,0,0,0,0,0,0,11,0,12,14,10,11,11,15,17,0,0,0,0,0,0,0,0,0
0,0,0,0,0,0,0,0,0,1,14,22,21,19,15,17,0,19,38,34,31,36,31,34,0,18,45,36,47,45,36,31,0,19,40,33,42,44,39,39,0,14,48,40,40,42,33,33,0,15,45,44,36,40,42,39,0,19,31,39,30,34,30,30
0,0,0,0,0,0,0,0,1,14,22,21,19,15,17,15,19,38,34,31,36,31,34,28,18,45,36,47,45,36,31,35,19,40,33,42,44,39,39,27,14,48,40,40,42,33,33,27,15,45,44,36,40,42,39,28,19,31,39,30,34,30,30,20
0,0,0,0,0,0,0,0,14,22,21,19,15,17,15,0,38,34,31,36,31,34,28,0,45,36,47,45,36,31,35,0,40,33,42,44,39,39,27,0,48,40,40,42,33,33,27,0,45,44,36,40,42,39,28,0,31,39,30,34,30,30,20,0
0,1,14,22,21,19,15,17,0,19,38,34,31,36,31,34,0,18,45,36,47,45,36,31,0,19,40,33,42,44,39,39,0,14,48,40,40,42,33,33,0,15,45,44,36,40,42,39,0,19,31,39,30,34,30,30,0,19,24,35,28,22,20,21
1,14,22,21,19,15,17,15,19,38,34,31,36,31,34,28,18,45,36,47,45,36,31,35,19,40,33,42,44,39,39,27,14,48,40,40,42,33,33,27,15,45,44,36,40,42,39,28,19,31,39,30,34,30,30,20,19,24,35,28,22,20,21,14
14,22,21,19,15,17,15,0,38,34,31,36,31,34,28,0,45,36,47,45,36,31,35,0,40,33,42,44,39,39,27,0,48,40,40,42,33,33,27,0,45,44,36,40,42,39,28,0,31,39,30,34,30,30,20,0,24,35,28,22,20,21,14,0
0,19,38,34,31,36,31,34,0,18,45,36,47,45,36,31,0,19,40,33,42,44,39,39,0,14,48,40,40,42,33,33,0,15,45,44,36,40,42,39,0,19,31,39,30,34,30,30,0,19,24,35,28,22,20,21,0,0,0,0,0,0,0,0
19,38,34,31,36,31,34,28,18,45,36,47,45,36,31,35,19,40,33,42,44,39,39,27,14,48,40,40,42,33,33,27,15,45,44,36,40,42,39,28,19,31,39,30,34,30,30,20,19,24,35,28,22,20,21,14,0,0,0,0,0,0,0,0
38,34,31,36,31,34,28,0,45,36,47,45,36,31,35,0,40,33,42,44,39,39,27,0,48,40,40,42,33,33,27,0,45,44,36,40,42,39,28,0,31,39,30,34,30,30,20,0,24,35,28,22,20,21,14,0,0,0,0,0,0,0,0,0
0,0,0,0,0,0,0,0,0,24,26,26,21,26,22,19,0,31,26,33,28,27,31,28,0,26,19,34,26,28,30,35,0,23,25,23,30,28,31,30,0,24,22,28,25,23,25,24,0,26,24,20,5,25,20,19,0,24,19,28,15,21,22,20
0,0,0,0,0,0,0,0,24,26,26,21,26,22,19,28,31,26,33,28,27,31,28,34,26,19,34,26,28,30,35,38,23,25,23,30,28,31,30,35,24,22,28,25,23,25,24,28,26,24,20,5,25,20,19,25,24,19,28,15,21,22,20,23
0,0,0,0,0,0,0,0,26,26,21,26,22,19,28,0,26,33,28,27,31,28,34,0,19,34,26,28,30,35,38,0,25,23,30,28,31,30,35,0,22,28,25,23,25,24,28,0,24,20,5,25,20,19,25,0,19,28,15,21,22,20,23,0
0,24,26,26,21,26,22,19,0,31,26,33,28,27,31,28,0,26,19,34,26,28,30,35,0,23,25,23,30,28,31,30,0,24,22,28,25,23,25,24,0,26,24,20,5,25,20,19,0,24,19,28,15,21,22,20,0,37,38,31,33,38,34,31
24,26,26,21,26,22,19,28,31,26,33,28,27,31,28,34,26,19,34,26,28,30,35,38,23,25,23,30,28,31,30,35,24,22,28,25,23,25,24,28,26,24,20,5,25,20,19,25,24,19,28,15,21,22,20,23,37,38,31,33,38,34,31,27
26,26,21,26,22,19,28,0,26,33,28,27,31,28,34,0,19,34,26,28,30,35,38,0,25,23,30,28,31,30,35,0,22,28,25,23,25,24,28,0,24,20,5,25,20,19,25,0,19,28,15,21,22,20,23,0,38,31,33,38,34,31,27,0
0,31,26,33,28,27,31,28,0,26,19,34,26,28,30,35,0,23,25,23,30,28,31,30,0,24,22,28,25,23,25,24,0,26,24,20,5,25,20,19,0,24,19,28,15,21,22,20,0,37,38,31,33,38,34,31,0,0,0,0,0,0,0,0
31,26,33,28,27,31,28,34,26,19,34,26,28,30,35,38,23,25,23,30,28,31,30,35,24,22,28,25,23,25,24,28,26,24,20,5,25,20,19,25,24,19,28,15,21,22,20,23,37,38,31,33,38,34,31,27,0,0,0,0,0,0,0,0
26,33,28,27,31,28,34,0,19,34,26,28,30,35,38,0,25,23,30,28,31,30,35,0,22,28,25,23,25,24,28,0,24,20,5,25,20,19,25,0,19,28,15,21,22,20,23,0,38,31,33,38,34,31,27,0,0,0,0,0,0,0,0,0
0,0,0,0,0,0,0,0,0,0,0,0,0,0,0,0,0,0,0,0,0,0,0,0,0,0,0,0,0,0,0,0,0,0,0,0,0,0,0,0,0,0,0,0,0,0,0,0,0,0,0,0,0,0,0,0,0,0,0,0,0,0,0,0
0,0,0,0,0,0,0,0,0,0,0,0,0,0,0,0,0,0,0,0,0,0,0,0,0,0,0,0,0,0,0,0,0,0,0,0,0,0,0,0,0,0,0,0,0,0,0,0,0,0,0,0,0,0,0,0,0,0,0,0,0,0,0,0
0,0,0,0,0,0,0,0,0,0,0,0,0,0,0,0,0,0,0,0,0,0,0,0,0,0,0,0,0,0,0,0,0,0,0,0,0,0,0,0,0,0,0,0,0,0,0,0,0,0,0,0,0,0,0,0,0,0,0,0,0,0,0,0
0,0,0,0,0,0,0,0,0,0,0,0,0,0,0,0,0,0,0,0,0,0,0,0,0,0,0,0,0,0,0,0,0,0,0,0,0,0,0,0,0,0,0,0,0,0,0,0,0,0,0,0,0,0,0,0,0,0,0,0,0,0,0,0
0,0,0,0,0,0,0,0,0,0,0,0,0,0,0,0,0,0,0,0,0,0,0,0,0,0,0,0,0,0,0,0,0,0,0,0,0,0,0,0,0,0,0,0,0,0,0,0,0,0,0,0,0,0,0,0,0,0,0,0,0,0,0,0
0,0,0,0,0,0,0,0,0,0,0,0,0,0,0,0,0,0,0,0,0,0,0,0,0,0,0,0,0,0,0,0,0,0,0,0,0,0,0,0,0,0,0,0,0,0,0,0,0,0,0,0,0,0,0,0,0,0,0,0,0,0,0,0
0,0,0,0,0,0,0,0,0,0,0,0,0,0,0,0,0,0,0,0,0,0,0,0,0,0,0,0,0,0,0,0,0,0,0,0,0,0,0,0,0,0,0,0,0,0,0,0,0,0,0,0,0,0,0,0,0,0,0,0,0,0,0,0
0,0,0,0,0,0,0,0,0,0,0,0,0,0,0,0,0,0,0,0,0,0,0,0,0,0,0,0,0,0,0,0,0,0,0,0,0,0,0,0,0,0,0,0,0,0,0,0,0,0,0,0,0,0,0,0,0,0,0,0,0,0,0,0
0,0,0,0,0,0,0,0,0,0,0,0,0,0,0,0,0,0,0,0,0,0,0,0,0,0,0,0,0,0,0,0,0,0,0,0,0,0,0,0,0,0,0,0,0,0,0,0,0,0,0,0,0,0,0,0,0,0,0,0,0,0,0,0
0,0,0,0,0,0,0,0,0,0,5,1,1,5,1,0,0,11,9,12,6,7,10,3,0,3,7,0,7,10,13,0,0,12,14,15,18,7,10,11,0,5,21,7,11,15,10,10,0,3,6,13,21,9,7,3,0,17,3,18,34,27,18,7
0,0,0,0,0,0,0,0,0,5,1,1,5,1,0,0,11,9,12,6,7,10,3,0,3,7,0,7,10,13,0,0,12,14,15,18,7,10,11,0,5,21,7,11,15,10,10,0,3,6,13,21,9,7,3,0,17,3,18,34,27,18,7,9
0,0,0,0,0,0,0,0,5,1,1,5,1,0,0,0,9,12,6,7,10,3,0,0,7,0,7,10,13,0,0,0,14,15,18,7,10,11,0,0,21,7,11,15,10,10,0,0,6,13,21,9,7,3,0,0,3,18,34,27,18,7,9,0
0,0,5,1,1,5,1,0,0,11,9,12,6,7,10,3,0,3,7,0,7,10,13,0,0,12,14,15,18,7,10,11,0,5,21,7,11,15,10,10,0,3,6,13,21,9,7,3,0,17,3,18,34,27,18,7,0,37,36,26,44,28,28,21
0,5,1,1,5,1,0,0,11,9,12,6,7,10,3,0,3,7,0,7,10,13,0,0,12,14,15,18,7,10,11,0,5,21,7,11,15,10,10,0,3,6,13,21,9,7,3,0,17,3,18,34,27,18,7,9,37,36,26,44,28,28,21,18
5,1,1,5,1,0,0,0,9,12,6,7,10,3,0,0,7,0,7,10,13,0,0,0,14,15,18,7,10,11,0,0,21,7,11,15,10,10,0,0,6,13,21,9,7,3,0,0,3,18,34,27,18,7,9,0,36,26,44,28,28,21,18,0
0,11,9,12,6,7,10,3,0,3,7,0,7,10,13,0,0,12,14,15,18,7,10,11,0,5,21,7,11,15,10,10,0,3,6,13,21,9,7,3,0,17,3,18,34,27,18,7,0,37,36,26,44,28,28,21,0,0,0,0,0,0,0,0
11,9,12,6,7,10,3,0,3,7,0,7,10,13,0,0,12,14,15,18,7,10,11,0,5,21,7,11,15,10,10,0,3,6,13,21,9,7,3,0,17,3,18,34,27,18,7,9,37,36,26,44,28,28,21,18,0,0,0,0,0,0,0,0
9,12,6,7,10,3,0,0,7,0,7,10,13,0,0,0,14,15,18,7,10,11,0,0,21,7,11,15,10,10,0,0,6,13,21,9,7,3,0,0,3,18,34,27,18,7,9,0,36,26,44,28,28,21,18,0,0,0,0,0,0,0,0,0
0,0,0,0,0,0,0,0,0,7,0,0,0,0,0,0,0,15,1,7,5,0,0,5,0,14,10,1,7,12,5,14,0,10,12,5,10,3,0,14,0,14,17,3,3,0,3,10,0,15,1,6,7,7,7,11,0,14,23,0,7,7,9,6
0,0,0,0,0,0,0,0,7,0,0,0,0,0,0,0,15,1,7,5,0,0,5,11,14,10,1,7,12,5,14,17,10,12,5,10,3,0,14,15,14,17,3,3,0,3,10,15,15,1,6,7,7,7,11,15,14,23,0,7,7,9,6,14
0,0,0,0,0,0,0,0,0,0,0,0,0,0,0,0,1,7,5,0,0,5,11,0,10,1,7,12,5,14,17,0,12,5,10,3,0,14,15,0,17,3,3,0,3,10,15,0,1,6,7,7,7,11,15,0,23,0,7,7,9,6,14,0
0,7,0,0,0,0,0,0,0,15,1,7,5,0,0,5,0,14,10,1,7,12,5,14,0,10,12,5,10,3,0,14,0,14,17,3,3,0,3,10,0,15,1,6,7,7,7,11,0,14,23,0,7,7,9,6,0,17,48,38,25,26,27,28
7,0,0,0,0,0,0,0,15,1,7,5,0,0,5,11,14,10,1,7,12,5,14,17,10,12,5,10,3,0,14,15,14,17,3,3,0,3,10,15,15,1,6,7,7,7,11,15,14,23,0,7,7,9,6,14,17,48,38,25,26,27,28,34
0,0,0,0,0,0,0,0,1,7,5,0,0,5,11,0,10,1,7,12,5,14,17,0,12,5,10,3,0,14,15,0,17,3,3,0,3,10,15,0,1,6,7,7,7,11,15,0,23,0,7,7,9,6,14,0,48,38,25,26,27,28,34,0
0,15,1,7,5,0,0,5,0,14,10,1,7,12,5,14,0,10,12,5,10,3,0,14,0,14,17,3,3,0,3,10,0,15,1,6,7,7,7,11,0,14,23,0,7,7,9,6,0,17,48,38,25,26,27,28,0,0,0,0,0,0,0,0
15,1,7,5,0,0,5,11,14,10,1,7,12,5,14,17,10,12,5,10,3,0,14,15,14,17,3,3,0,3,10,15,15,1,6,7,7,7,11,15,14,23,0,7,7,9,6,14,17,48,38,25,26,27,28,34,0,0,0,0,0,0,0,0
1,7,5,0,0,5,11,0,10,1,7,12,5,14,17,0,12,5,10,3,0,14,15,0,17,3,3,0,3,10,15,0,1,6,7,7,7,11,15,0,23,0,7,7,9,6,14,0,48,38,25,26,27,28,34,0,0,0,0,0,0,0,0,0
0,0,0,0,0,0,0,0,0,3,6,3,7,7,7,13,0,12,17,11,24,19,18,25,0,7,15,7,20,15,23,26,0,12,30,13,15,18,19,21,0,14,23,17,21,26,30,20,0,19,24,30,25,30,25,22,0,19,26,31,34,22,28,28
0,0,0,0,0,0,0,0,3,6,3,7,7,7,13,12,12,17,11,24,19,18,25,27,7,15,7,20,15,23,26,23,12,30,13,15,18,19,21,27,14,23,17,21,26,30,20,31,19,24,30,25,30,25,22,33,19,26,31,34,22,28,28,28
0,0,0,0,0,0,0,0,6,3,7,7,7,13,12,0,17,11,24,19,18,25,27,0,15,7,20,15,23,26,23,0,30,13,15,18,19,21,27,0,23,17,21,26,30,20,31,0,24,30,25,30,25,22,33,0,26,31,34,22,28,28,28,0
0,3,6,3,7,7,7,13,0,12,17,11,24,19,18,25,0,7,15,7,20,15,23,26,0,12,30,13,15,18,19,21,0,14,23,17,21,26,30,20,0,19,24,30,25,30,25,22,0,19,26,31,34,22,28,28,0,15,9,14,14,19,17,21
3,6,3,7,7,7,13,12,12,17,11,24,19,18,25,27,7,15,7,20,15,23,26,23,12,30,13,15,18,19,21,27,14,23,17,21,26,30,20,31,19,24,30,25,30,25,22,33,19,26,31,34,22,28,28,28,15,9,14,14,19,17,21,18
6,3,7,7,7,13,12,0,17,11,24,19,18,25,27,0,15,7,20,15,23,26,23,0,30,13,15,18,19,21,27,0,23,17,21,26,30,20,31,0,24,30,25,30,25,22,33,0,26,31,34,22,28,28,28,0,9,14,14,19,17,21,18,0
0,12,17,11,24,19,18,25,0,7,15,7,20,15,23,26,0,12,30,13,15,18,19,21,0,14,23,17,21,26,30,20,0,19,24,30,25,30,25,22,0,19,26,31,34,22,28,28,0,15,9,14,14,19,17,21,0,0,0,0,0,0,0,0
12,17,11,24,19,18,25,27,7,15,7,20,15,23,26,23,12,30,13,15,18,19,21,27,14,23,17,21,26,30,20,31,19,24,30,25,30,25,22,33,19,26,31,34,22,28,28,28,15,9,14,14,19,17,21,18,0,0,0,0,0,0,0,0
17,11,24,19,18,25,27,0,15,7,20,15,23,26,23,0,30,13,15,18,19,21,27,0,23,17,21,26,30,20,31,0,24,30,25,30,25,22,33,0,26,31,34,22,28,28,28,0,9,14,14,19,17,21,18,0,0,0,0,0,0,0,0,0
0,0,0,0,0,0,0,0,0,0,0,0,0,0,0,0,0,0,0,0,0,0,0,0,0,0,0,0,0,0,0,0,0,0,0,0,0,0,0,0,0,0,0,0,0,0,0,0,0,0,0,0,0,0,0,0,0,0,0,0,0,0,0,0
0,0,0,0,0,0,0,0,0,0,0,0,0,0,0,0,0,0,0,0,0,0,0,0,0,0,0,0,0,0,0,0,0,0,0,0,0,0,0,0,0,0,0,0,0,0,0,0,0,0,0,0,0,0,0,0,0,0,0,0,0,0,0,0
0,0,0,0,0,0,0,0,0,0,0,0,0,0,0,0,0,0,0,0,0,0,0,0,0,0,0,0,0,0,0,0,0,0,0,0,0,0,0,0,0,0,0,0,0,0,0,0,0,0,0,0,0,0,0,0,0,0,0,0,0,0,0,0
0,0,0,0,0,0,0,0,0,0,0,0,0,0,0,0,0,0,0,0,0,0,0,0,0,0,0,0,0,0,0,0,0,0,0,0,0,0,0,0,0,0,0,0,0,0,0,0,0,0,0,0,0,0,0,0,0,0,0,0,0,0,0,0
0,0,0,0,0,0,0,0,0,0,0,0,0,0,0,0,0,0,0,0,0,0,0,0,0,0,0,0,0,0,0,0,0,0,0,0,0,0,0,0,0,0,0,0,0,0,0,0,0,0,0,0,0,0,0,0,0,0,0,0,0,0,0,0
0,0,0,0,0,0,0,0,0,0,0,0,0,0,0,0,0,0,0,0,0,0,0,0,0,0,0,0,0,0,0,0,0,0,0,0,0,0,0,0,0,0,0,0,0,0,0,0,0,0,0,0,0,0,0,0,0,0,0,0,0,0,0,0
0,0,0,0,0,0,0,0,0,0,0,0,0,0,0,0,0,0,0,0,0,0,0,0,0,0,0,0,0,0,0,0,0,0,0,0,0,0,0,0,0,0,0,0,0,0,0,0,0,0,0,0,0,0,0,0,0,0,0,0,0,0,0,0
0,0,0,0,0,0,0,0,0,0,0,0,0,0,0,0,0,0,0,0,0,0,0,0,0,0,0,0,0,0,0,0,0,0,0,0,0,0,0,0,0,0,0,0,0,0,0,0,0,0,0,0,0,0,0,0,0,0,0,0,0,0,0,0
0,0,0,0,0,0,0,0,0,0,0,0,0,0,0,0,0,0,0,0,0,0,0,0,0,0,0,0,0,0,0,0,0,0,0,0,0,0,0,0,0,0,0,0,0,0,0,0,0,0,0,0,0,0,0,0,0,0,0,0,0,0,0,0
0,0,0,0,0,0,0,0,0,26,14,26,22,23,28,23,0,1,0,0,0,0,0,0,0,5,0,0,0,0,0,0,0,1,0,0,0,0,0,0,0,0,0,0,0,0,0,0,0,0,0,0,0,0,0,0,0,0,0,0,0,0,0,0
0,0,0,0,0,0,0,0,26,14,26,22,23,28,23,19,1,0,0,0,0,0,0,0,5,0,0,0,0,0,0,0,1,0,0,0,0,0,0,0,0,0,0,0,0,0,0,0,0,0,0,0,0,0,0,0,0,0,0,0,0,0,0,0
0,0,0,0,0,0,0,0,14,26,22,23,28,23,19,0,0,0,0,0,0,0,0,0,0,0,0,0,0,0,0,0,0,0,0,0,0,0,0,0,0,0,0,0,0,0,0,0,0,0,0,0,0,0,0,0,0,0,0,0,0,0,0,0
0,26,14,26,22,23,28,23,0,1,0,0,0,0,0,0,0,5,0,0,0,0,0,0,0,1,0,0,0,0,0,0,0,0,0,0,0,0,0,0,0,0,0,0,0,0,0,0,0,0,0,0,0,0,0,0,0,0,0,0,0,0,0,0
26,14,26,22,23,28,23,19,1,0,0,0,0,0,0,0,5,0,0,0,0,0,0,0,1,0,0,0,0,0,0,0,0,0,0,0,0,0,0,0,0,0,0,0,0,0,0,0,0,0,0,0,0,0,0,0,0,0,0,0,0,0,0,0
14,26,22,23,28,23,19,0,0,0,0,0,0,0,0,0,0,0,0,0,0,0,0,0,0,0,0,0,0,0,0,0,0,0,0,0,0,0,0,0,0,0,0,0,0,0,0,0,0,0,0,0,0,0,0,0,0,0,0,0,0,0,0,0
0,1,0,0,0,0,0,0,0,5,0,0,0,0,0,0,0,1,0,0,0,0,0,0,0,0,0,0,0,0,0,0,0,0,0,0,0,0,0,0,0,0,0,0,0,0,0,0,0,0,0,0,0,0,0,0,0,0,0,0,0,0,0,0
1,0,0,0,0,0,0,0,5,0,0,0,0,0,0,0,1,0,0,0,0,0,0,0,0,0,0,0,0,0,0,0,0,0,0,0,0,0,0,0,0,0,0,0,0,0,0,0,0,0,0,0,0,0,0,0,0,0,0,0,0,0,0,0
0,0,0,0,0,0,0,0,0,0,0,0,0,0,0,0,0,0,0,0,0,0,0,0,0,0,0,0,0,0,0,0,0,0,0,0,0,0,0,0,0,0,0,0,0,0,0,0,0,0,0,0,0,0,0,0,0,0,0,0,0,0,0,0
0,0,0,0,0,0,0,0,0,34,22,14,13,18,11,24,0,27,12,0,0,5,1,10,0,33,0,0,0,0,0,3,0,20,0,0,0,0,0,0,0,19,0,0,0,0,0,5,0,23,0,0,0,0,0,0,0,11,0,0,0,0,0,0
0,0,0,0,0,0,0,0,34,22,14,13,18,11,24,18,27,12,0,0,5,1,10,6,33,0,0,0,0,0,3,7,20,0,0,0,0,0,0,3,19,0,0,0,0,0,5,3,23,0,0,0,0,0,0,0,11,0,0,0,0,0,0,0
0,0,0,0,0,0,0,0,22,14,13,18,11,24,18,0,12,0,0,5,1,10,6,0,0,0,0,0,0,3,7,0,0,0,0,0,0,0,3,0,0,0,0,0,0,5,3,0,0,0,0,0,0,0,0,0,0,0,0,0,0,0,0,0
0,34,22,14,13,18,11,24,0,27,12,0,0,5,1,10,0,33,0,0,0,0,0,3,0,20,0,0,0,0,0,0,0,19,0,0,0,0,0,5,0,23,0,0,0,0,0,0,0,11,0,0,0,0,0,0,0,15,10,9,6,0,0,9
34,22,14,13,18,11,24,18,27,12,0,0,5,1,10,6,33,0,0,0,0,0,3,7,20,0,0,0,0,0,0,3,19,0,0,0,0,0,5,3,23,0,0,0,0,0,0,0,11,0,0,0,0,0,0,0,15,10,9,6,0,0,9,7
22,14,13,18,11,24,18,0,12,0,0,5,1,10,6,0,0,0,0,0,0,3,7,0,0,0,0,0,0,0,3,0,0,0,0,0,0,5,3,0,0,0,0,0,0,0,0,0,0,0,0,0,0,0,0,0,10,9,6,0,0,9,7,0
0,27,12,0,0,5,1,10,0,33,0,0,0,0,0,3,0,20,0,0,0,0,0,0,0,19,0,0,0,0,0,5,0,23,0,0,0,0,0,0,0,11,0,0,0,0,0,0,0,15,10,9,6,0,0,9,0,0,0,0,0,0,0,0
27,12,0,0,5,1,10,6,33,0,0,0,0,0,3,7,20,0,0,0,0,0,0,3,19,0,0,0,0,0,5,3,23,0,0,0,0,0,0,0,11,0,0,0,0,0,0,0,15,10,9,6,0,0,9,7,0,0,0,0,0,0,0,0
12,0,0,5,1,10,6,0,0,0,0,0,0,3,7,0,0,0,0,0,0,0,3,0,0,0,0,0,0,5,3,0,0,0,0,0,0,0,0,0,0,0,0,0,0,0,0,0,10,9,6,0,0,9,7,0,0,0,0,0,0,0,0,0
0,0,0,0,0,0,0,0,0,0,0,0,0,0,0,0,0,0,0,0,0,0,0,0,0,0,0,0,0,0,0,0,0,0,0,0,0,0,0,0,0,0,0,0,0,0,0,0,0,0,0,0,0,0,0,0,0,0,0,0,0,0,0,0
0,0,0,0,0,0,0,0,0,0,0,0,0,0,0,0,0,0,0,0,0,0,0,0,0,0,0,0,0,0,0,0,0,0,0,0,0,0,0,0,0,0,0,0,0,0,0,0,0,0,0,0,0,0,0,0,0,0,0,0,0,0,0,0
0,0,0,0,0,0,0,0,0,0,0,0,0,0,0,0,0,0,0,0,0,0,0,0,0,0,0,0,0,0,0,0,0,0,0,0,0,0,0,0,0,0,0,0,0,0,0,0,0,0,0,0,0,0,0,0,0,0,0,0,0,0,0,0
0,0,0,0,0,0,0,0,0,0,0,0,0,0,0,0,0,0,0,0,0,0,0,0,0,0,0,0,0,0,0,0,0,0,0,0,0,0,0,0,0,0,0,0,0,0,0,0,0,0,0,0,0,0,0,0,0,0,0,0,0,0,0,0
0,0,0,0,0,0,0,0,0,0,0,0,0,0,0,0,0,0,0,0,0,0,0,0,0,0,0,0,0,0,0,0,0,0,0,0,0,0,0,0,0,0,0,0,0,0,0,0,0,0,0,0,0,0,0,0,0,0,0,0,0,0,0,0
0,0,0,0,0,0,0,0,0,0,0,0,0,0,0,0,0,0,0,0,0,0,0,0,0,0,0,0,0,0,0,0,0,0,0,0,0,0,0,0,0,0,0,0,0,0,0,0,0,0,0,0,0,0,0,0,0,0,0,0,0,0,0,0
0,0,0,0,0,0,0,0,0,0,0,0,0,0,0,0,0,0,0,0,0,0,0,0,0,0,0,0,0,0,0,0,0,0,0,0,0,0,0,0,0,0,0,0,0,0,0,0,0,0,0,0,0,0,0,0,0,0,0,0,0,0,0,0
0,0,0,0,0,0,0,0,0,0,0,0,0,0,0,0,0,0,0,0,0,0,0,0,0,0,0,0,0,0,0,0,0,0,0,0,0,0,0,0,0,0,0,0,0,0,0,0,0,0,0,0,0,0,0,0,0,0,0,0,0,0,0,0
0,0,0,0,0,0,0,0,0,0,0,0,0,0,0,0,0,0,0,0,0,0,0,0,0,0,0,0,0,0,0,0,0,0,0,0,0,0,0,0,0,0,0,0,0,0,0,0,0,0,0,0,0,0,0,0,0,0,0,0,0,0,0,0
0,0,0,0,0,0,0,0,0,25,15,12,15,12,15,13,0,45,28,31,38,33,41,39,0,41,34,27,37,30,35,41,0,39,27,36,20,31,40,30,0,45,24,26,30,38,43,37,0,53,30,28,36,42,51,43,0,40,31,28,35,45,43,38
0,0,0,0,0,0,0,0,25,15,12,15,12,15,13,6,45,28,31,38,33,41,39,19,41,34,27,37,30,35,41,19,39,27,36,20,31,40,30,15,45,24,26,30,38,43,37,14,53,30,28,36,42,51,43,22,40,31,28,35,45,43,38,14
0,0,0,0,0,0,0,0,15,12,15,12,15,13,6,0,28,31,38,33,41,39,19,0,34,27,37,30,35,41,19,0,27,36,20,31,40,30,15,0,24,26,30,38,43,37,14,0,30,28,36,42,51,43,22,0,31,28,35,45,43,38,14,0
0,25,15,12,15,12,15,13,0,45,28,31,38,33,41,39,0,41,34,27,37,30,35,41,0,39,27,36,20,31,40,30,0,45,24,26,30,38,43,37,0,53,30,28,36,42,51,43,0,40,31,28,35,45,43,38,0,26,13,11,18,15,15,15
25,15,12,15,12,15,13,6,45,28,31,38,33,41,39,19,41,34,27,37,30,35,41,19,39,27,36,20,31,40,30,15,45,24,26,30,38,43,37,14,53,30,28,36,42,51,43,22,40,31,28,35,45,43,38,14,26,13,11,18,15,15,15,7
15,12,15,12,15,13,6,0,28,31,38,33,41,39,19,0,34,27,37,30,35,41,19,0,27,36,20,31,40,30,15,0,24,26,30,38,43,37,14,0,30,28,36,42,51,43,22,0,31,28,35,45,43,38,14,0,13,11,18,15,15,15,7,0
0,45,28,31,38,33,41,39,0,41,34,27,37,30,35,41,0,39,27,36,20,31,40,30,0,45,24,26,30,38,43,37,0,53,30,28,36,42,51,43,0,40,31,28,35,45,43,38,0,26,13,11,18,15,15,15,0,0,0,0,0,0,0,0
45,28,31,38,33,41,39,19,41,34,27,37,30,35,41,19,39,27,36,20,31,40,30,15,45,24,26,30,38,43,37,14,53,30,28,36,42,51,43,22,40,31,28,35,45,43,38,14,26,13,11,18,15,15,15,7,0,0,0,0,0,0,0,0
28,31,38,33,41,39,19,0,34,27,37,30,35,41,19,0,27,36,20,31,40,30,15,0,24,26,30,38,43,37,14,0,30,28,36,42,51,43,22,0,31,28,35,45,43,38,14,0,13,11,18,15,15,15,7,0,0,0,0,0,0,0,0,0
0,0,0,0,0,0,0,0,0,18,36,36,31,38,33,31,0,25,53,53,45,54,44,41,0,28,51,49,59,52,48,47,0,26,47,55,51,51,53,57,0,38,55,56,51,44,51,52,0,39,54,57,54,52,54,47,0,35,46,56,52,42,36,42
0,0,0,0,0,0,0,0,18,36,36,31,38,33,31,33,25,53,53,45,54,44,41,35,28,51,49,59,52,48,47,37,26,47,55,51,51,53,57,45,38,55,56,51,44,51,52,41,39,54,57,54,52,54,47,38,35,46,56,52,42,36,42,38
0,0,0,0,0,0,0,0,36,36,31,38,33,31,33,0,53,53,45,54,44,41,35,0,51,49,59,52,48,47,37,0,47,55,51,51,53,57,45,0,55,56,51,44,51,52,41,0,54,57,54,52,54,47,38,0,46,56,52,42,36,42,38,0
0,18,36,36,31,38,33,31,0,25,53,53,45,54,44,41,0,28,51,49,59,52,48,47,0,26,47,55,51,51,53,57,0,38,55,56,51,44,51,52,0,39,54,57,54,52,54,47,0,35,46,56,52,42,36,42,0,18,39,31,33,28,35,28
18,36,36,31,38,33,31,33,25,53,53,45,54,44,41,35,28,51,49,59,52,48,47,37,26,47,55,51,51,53,57,45,38,55,56,51,44,51,52,41,39,54,57,54,52,54,47,38,35,46,56,52,42,36,42,38,18,39,31,33,28,35,28,35
36,36,31,38,33,31,33,0,53,53,45,54,44,41,35,0,51,49,59,52,48,47,37,0,47,55,51,51,53,57,45,0,55,56,51,44,51,52,41,0,54,57,54,52,54,47,38,0,46,56,52,42,36,42,38,0,39,31,33,28,35,28,35,0
0,25,53,53,45,54,44,41,0,28,51,49,59,52,48,47,0,26,47,55,51,51,53,57,0,38,55,56,51,44,51,52,0,39,54,57,54,52,54,47,0,35,46,56,52,42,36,42,0,18,39,31,33,28,35,28,0,0,0,0,0,0,0,0
25,53,53,45,54,44,41,35,28,51,49,59,52,48,47,37,26,47,55,51,51,53,57,45,38,55,56,51,44,51,52,41,39,54,57,54,52,54,47,38,35,46,56,52,42,36,42,38,18,39,31,33,28,35,28,35,0,0,0,0,0,0,0,0
53,53,45,54,44,41,35,0,51,49,59,52,48,47,37,0,47,55,51,51,53,57,45,0,55,56,51,44,51,52,41,0,54,57,54,52,54,47,38,0,46,56,52,42,36,42,38,0,39,31,33,28,35,28,35,0,0,0,0,0,0,0,0,0
0,0,0,0,0,0,0,0,0,7,9,14,15,10,11,11,0,15,18,14,22,18,19,17,0,15,18,13,13,10,17,15,0,13,27,19,14,7,24,9,0,11,7,15,15,15,17,11,0,9,6,7,5,11,12,11,0,21,15,15,13,20,15,22
0,0,0,0,0,0,0,0,7,9,14,15,10,11,11,6,15,18,14,22,18,19,17,14,15,18,13,13,10,17,15,20,13,27,19,14,7,24,9,19,11,7,15,15,15,17,11,15,9,6,7,5,11,12,11,18,21,15,15,13,20,15,22,18
0,0,0,0,0,0,0,0,9,14,15,10,11,11,6,0,18,14,22,18,19,17,14,0,18,13,13,10,17,15,20,0,27,19,14,7,24,9,19,0,7,15,15,15,17,11,15,0,6,7,5,11,12,11,18,0,15,15,13,20,15,22,18,0
0,7,9,14,15,10,11,11,0,15,18,14,22,18,19,17,0,15,18,13,13,10,17,15,0,13,27,19,14,7,24,9,0,11,7,15,15,15,17,11,0,9,6,7,5,11,12,11,0,21,15,15,13,20,15,22,0,25,24,31,15,22,28,28
7,9,14,15,10,11,11,6,15,18,14,22,18,19,17,14,15,18,13,13,10,17,15,20,13,27,19,14,7,24,9,19,11,7,15,15,15,17,11,15,9,6,7,5,11,12,11,18,21,15,15,13,20,15,22,18,25,24,31,15,22,28,28,22
9,14,15,10,11,11,6,0,18,14,22,18,19,17,14,0,18,13,13,10,17,15,20,0,27,19,14,7,24,9,19,0,7,15,15,15,17,11,15,0,6,7,5,11,12,11,18,0,15,15,13,20,15,22,18,0,24,31,15,22,28,28,22,0
0,15,18,14,22,18,19,17,0,15,18,13,13,10,17,15,0,13,27,19,14,7,24,9,0,11,7,15,15,15,17,11,0,9,6,7,5,11,12,11,0,21,15,15,13,20,15,22,0,25,24,31,15,22,28,28,0,0,0,0,0,0,0,0
15,18,14,22,18,19,17,14,15,18,13,13,10,17,15,20,13,27,19,14,7,24,9,19,11,7,15,15,15,17,11,15,9,6,7,5,11,12,11,18,21,15,15,13,20,15,22,18,25,24,31,15,22,28,28,22,0,0,0,0,0,0,0,0
18,14,22,18,19,17,14,0,18,13,13,10,17,15,20,0,27,19,14,7,24,9,19,0,7,15,15,15,17,11,15,0,6,7,5,11,12,11,18,0,15,15,13,20,15,22,18,0,24,31,15,22,28,28,22,0,0,0,0,0,0,0,0,0
0,0,0,0,0,0,0,0,0,0,0,0,0,0,0,0,0,0,0,0,0,0,0,0,0,0,0,0,0,0,0,0,0,0,0,0,0,0,0,0,0,0,0,0,0,0,0,0,0,0,0,0,0,0,0,0,0,0,0,0,0,0,0,0
0,0,0,0,0,0,0,0,0,0,0,0,0,0,0,0,0,0,0,0,0,0,0,0,0,0,0,0,0,0,0,0,0,0,0,0,0,0,0,0,0,0,0,0,0,0,0,0,0,0,0,0,0,0,0,0,0,0,0,0,0,0,0,0
0,0,0,0,0,0,0,0,0,0,0,0,0,0,0,0,0,0,0,0,0,0,0,0,0,0,0,0,0,0,0,0,0,0,0,0,0,0,0,0,0,0,0,0,0,0,0,0,0,0,0,0,0,0,0,0,0,0,0,0,0,0,0,0
0,0,0,0,0,0,0,0,0,0,0,0,0,0,0,0,0,0,0,0,0,0,0,0,0,0,0,0,0,0,0,0,0,0,0,0,0,0,0,0,0,0,0,0,0,0,0,0,0,0,0,0,0,0,0,0,0,0,0,0,0,0,0,0
0,0,0,0,0,0,0,0,0,0,0,0,0,0,0,0,0,0,0,0,0,0,0,0,0,0,0,0,0,0,0,0,0,0,0,0,0,0,0,0,0,0,0,0,0,0,0,0,0,0,0,0,0,0,0,0,0,0,0,0,0,0,0,0
0,0,0,0,0,0,0,0,0,0,0,0,0,0,0,0,0,0,0,0,0,0,0,0,0,0,0,0,0,0,0,0,0,0,0,0,0,0,0,0,0,0,0,0,0,0,0,0,0,0,0,0,0,0,0,0,0,0,0,0,0,0,0,0
0,0,0,0,0,0,0,0,0,0,0,0,0,0,0,0,0,0,0,0,0,0,0,0,0,0,0,0,0,0,0,0,0,0,0,0,0,0,0,0,0,0,0,0,0,0,0,0,0,0,0,0,0,0,0,0,0,0,0,0,0,0,0,0
0,0,0,0,0,0,0,0,0,0,0,0,0,0,0,0,0,0,0,0,0,0,0,0,0,0,0,0,0,0,0,0,0,0,0,0,0,0,0,0,0,0,0,0,0,0,0,0,0,0,0,0,0,0,0,0,0,0,0,0,0,0,0,0
0,0,0,0,0,0,0,0,0,0,0,0,0,0,0,0,0,0,0,0,0,0,0,0,0,0,0,0,0,0,0,0,0,0,0,0,0,0,0,0,0,0,0,0,0,0,0,0,0,0,0,0,0,0,0,0,0,0,0,0,0,0,0,0
0,0,0,0,0,0,0,0,0,0,0,0,0,0,0,0,0,0,0,0,0,0,0,0,0,0,0,0,0,0,0,0,0,0,0,0,0,0,0,0,0,0,0,0,0,0,0,0,0,0,0,0,0,0,0,0,0,0,0,0,0,0,0,0
0,0,0,0,0,0,0,0,0,0,0,0,0,0,0,0,0,0,0,0,0,0,0,0,0,0,0,0,0,0,0,0,0,0,0,0,0,0,0,0,0,0,0,0,0,0,0,0,0,0,0,0,0,0,0,0,0,0,0,0,0,0,0,0
0,0,0,0,0,0,0,0,0,0,0,0,0,0,0,0,0,0,0,0,0,0,0,0,0,0,0,0,0,0,0,0,0,0,0,0,0,0,0,0,0,0,0,0,0,0,0,0,0,0,0,0,0,0,0,0,0,0,0,0,0,0,0,0
0,0,0,0,0,0,0,0,0,0,0,0,0,0,0,0,0,0,0,0,0,0,0,0,0,0,0,0,0,0,0,0,0,0,0,0,0,0,0,0,0,0,0,0,0,0,0,0,0,0,0,0,0,0,0,0,0,0,0,0,0,0,0,0
0,0,0,0,0,0,0,0,0,0,0,0,0,0,0,0,0,0,0,0,0,0,0,0,0,0,0,0,0,0,0,0,0,0,0,0,0,0,0,0,0,0,0,0,0,0,0,0,0,0,0,0,0,0,0,0,0,0,0,0,0,0,0,0
0,0,0,0,0,0,0,0,0,0,0,0,0,0,0,0,0,0,0,0,0,0,0,0,0,0,0,0,0,0,0,0,0,0,0,0,0,0,0,0,0,0,0,0,0,0,0,0,0,0,0,0,0,0,0,0,0,0,0,0,0,0,0,0
0,0,0,0,0,0,0,0,0,0,0,0,0,0,0,0,0,0,0,0,0,0,0,0,0,0,0,0,0,0,0,0,0,0,0,0,0,0,0,0,0,0,0,0,0,0,0,0,0,0,0,0,0,0,0,0,0,0,0,0,0,0,0,0
0,0,0,0,0,0,0,0,0,0,0,0,0,0,0,0,0,0,0,0,0,0,0,0,0,0,0,0,0,0,0,0,0,0,0,0,0,0,0,0,0,0,0,0,0,0,0,0,0,0,0,0,0,0,0,0,0,0,0,0,0,0,0,0
0,0,0,0,0,0,0,0,0,0,0,0,0,0,0,0,0,0,0,0,0,0,0,0,0,0,0,0,0,0,0,0,0,0,0,0,0,0,0,0,0,0,0,0,0,0,0,0,0,0,0,0,0,0,0,0,0,0,0,0,0,0,0,0
0,0,0,0,0,0,0,0,0,11,7,13,10,5,10,5,0,23,20,22,19,20,18,12,0,14,12,21,24,9,10,11,0,3,11,20,20,9,7,11,0,14,15,14,0,9,3,18,0,10,9,10,7,10,15,10,0,13,1,11,20,10,7,7
0,0,0,0,0,0,0,0,11,7,13,10,5,10,5,1,23,20,22,19,20,18,12,12,14,12,21,24,9,10,11,7,3,11,20,20,9,7,11,0,14,15,14,0,9,3,18,7,10,9,10,7,10,15,10,11,13,1,11,20,10,7,7,14
0,0,0,0,0,0,0,0,7,13,10,5,10,5,1,0,20,22,19,20,18,12,12,0,12,21,24,9,10,11,7,0,11,20,20,9,7,11,0,0,15,14,0,9,3,18,7,0,9,10,7,10,15,10,11,0,1,11,20,10,7,7,14,0
0,11,7,13,10,5,10,5,0,23,20,22,19,20,18,12,0,14,12,21,24,9,10,11,0,3,11,20,20,9,7,11,0,14,15,14,0,9,3,18,0,10,9,10,7,10,15,10,0,13,1,11,20,10,7,7,0,22,18,28,27,20,18,19
11,7,13,10,5,10,5,1,23,20,22,19,20,18,12,12,14,12,21,24,9,10,11,7,3,11,20,20,9,7,11,0,14,15,14,0,9,3,18,7,10,9,10,7,10,15,10,11,13,1,11,20,10,7,7,14,22,18,28,27,20,18,19,15
7,13,10,5,10,5,1,0,20,22,19,20,18,12,12,0,12,21,24,9,10,11,7,0,11,20,20,9,7,11,0,0,15,14,0,9,3,18,7,0,9,10,7,10,15,10,11,0,1,11,20,10,7,7,14,0,18,28,27,20,18,19,15,0
0,23,20,22,19,20,18,12,0,14,12,21,24,9,10,11,0,3,11,20,20,9,7,11,0,14,15,14,0,9,3,18,0,10,9,10,7,10,15,10,0,13,1,11,20,10,7,7,0,22,18,28,27,20,18,19,0,0,0,0,0,0,0,0
23,20,22,19,20,18,12,12,14,12,21,24,9,10,11,7,3,11,20,20,9,7,11,0,14,15,14,0,9,3,18,7,10,9,10,7,10,15,10,11,13,1,11,20,10,7,7,14,22,18,28,27,20,18,19,15,0,0,0,0,0,0,0,0
20,22,19,20,18,12,12,0,12,21,24,9,10,11,7,0,11,20,20,9,7,11,0,0,15,14,0,9,3,18,7,0,9,10,7,10,15,10,11,0,1,11,20,10,7,7,14,0,18,28,27,20,18,19,15,0,0,0,0,0,0,0,0,0
0,0,0,0,0,0,0,0,0,1,0,0,0,0,0,0,0,0,0,0,0,0,0,0,0,0,0,0,0,0,0,0,0,0,0,0,0,0,0,0,0,0,0,0,0,0,0,0,0,0,0,0,0,0,0,0,0,0,0,0,0,0,0,0
0,0,0,0,0,0,0,0,1,0,0,0,0,0,0,7,0,0,0,0,0,0,0,0,0,0,0,0,0,0,0,1,0,0,0,0,0,0,0,0,0,0,0,0,0,0,0,0,0,0,0,0,0,0,0,0,0,0,0,0,0,0,0,0
0,0,0,0,0,0,0,0,0,0,0,0,0,0,7,0,0,0,0,0,0,0,0,0,0,0,0,0,0,0,1,0,0,0,0,0,0,0,0,0,0,0,0,0,0,0,0,0,0,0,0,0,0,0,0,0,0,0,0,0,0,0,0,0
0,1,0,0,0,0,0,0,0,0,0,0,0,0,0,0,0,0,0,0,0,0,0,0,0,0,0,0,0,0,0,0,0,0,0,0,0,0,0,0,0,0,0,0,0,0,0,0,0,0,0,0,0,0,0,0,0,0,0,0,0,0,0,0
1,0,0,0,0,0,0,7,0,0,0,0,0,0,0,0,0,0,0,0,0,0,0,1,0,0,0,0,0,0,0,0,0,0,0,0,0,0,0,0,0,0,0,0,0,0,0,0,0,0,0,0,0,0,0,0,0,0,0,0,0,0,0,0
0,0,0,0,0,0,7,0,0,0,0,0,0,0,0,0,0,0,0,0,0,0,1,0,0,0,0,0,0,0,0,0,0,0,0,0,0,0,0,0,0,0,0,0,0,0,0,0,0,0,0,0,0,0,0,0,0,0,0,0,0,0,0,0
0,0,0,0,0,0,0,0,0,0,0,0,0,0,0,0,0,0,0,0,0,0,0,0,0,0,0,0,0,0,0,0,0,0,0,0,0,0,0,0,0,0,0,0,0,0,0,0,0,0,0,0,0,0,0,0,0,0,0,0,0,0,0,0
0,0,0,0,0,0,0,0,0,0,0,0,0,0,0,1,0,0,0,0,0,0,0,0,0,0,0,0,0,0,0,0,0,0,0,0,0,0,0,0,0,0,0,0,0,0,0,0,0,0,0,0,0,0,0,0,0,0,0,0,0,0,0,0
0,0,0,0,0,0,0,0,0,0,0,0,0,0,1,0,0,0,0,0,0,0,0,0,0,0,0,0,0,0,0,0,0,0,0,0,0,0,0,0,0,0,0,0,0,0,0,0,0,0,0,0,0,0,0,0,0,0,0,0,0,0,0,0
0,0,0,0,0,0,0,0,0,0,0,0,0,0,0,0,0,0,0,0,0,0,0,0,0,0,0,0,0,0,0,0,0,0,0,0,0,0,0,0,0,0,0,0,0,0,0,0,0,0,0,0,0,0,0,0,0,0,0,0,0,0,0,0
0,0,0,0,0,0,0,0,0,0,0,0,0,0,0,0,0,0,0,0,0,0,0,0,0,0,0,0,0,0,0,0,0,0,0,0,0,0,0,0,0,0,0,0,0,0,0,0,0,0,0,0,0,0,0,0,0,0,0,0,0,0,0,0
0,0,0,0,0,0,0,0,0,0,0,0,0,0,0,0,0,0,0,0,0,0,0,0,0,0,0,0,0,0,0,0,0,0,0,0,0,0,0,0,0,0,0,0,0,0,0,0,0,0,0,0,0,0,0,0,0,0,0,0,0,0,0,0
0,0,0,0,0,0,0,0,0,0,0,0,0,0,0,0,0,0,0,0,0,0,0,0,0,0,0,0,0,0,0,0,0,0,0,0,0,0,0,0,0,0,0,0,0,0,0,0,0,0,0,0,0,0,0,0,0,0,0,0,0,0,0,0
0,0,0,0,0,0,0,0,0,0,0,0,0,0,0,0,0,0,0,0,0,0,0,0,0,0,0,0,0,0,0,0,0,0,0,0,0,0,0,0,0,0,0,0,0,0,0,0,0,0,0,0,0,0,0,0,0,0,0,0,0,0,0,0
0,0,0,0,0,0,0,0,0,0,0,0,0,0,0,0,0,0,0,0,0,0,0,0,0,0,0,0,0,0,0,0,0,0,0,0,0,0,0,0,0,0,0,0,0,0,0,0,0,0,0,0,0,0,0,0,0,0,0,0,0,0,0,0
0,0,0,0,0,0,0,0,0,0,0,0,0,0,0,0,0,0,0,0,0,0,0,0,0,0,0,0,0,0,0,0,0,0,0,0,0,0,0,0,0,0,0,0,0,0,0,0,0,0,0,0,0,0,0,0,0,0,0,0,0,0,0,0
0,0,0,0,0,0,0,0,0,0,0,0,0,0,0,0,0,0,0,0,0,0,0,0,0,0,0,0,0,0,0,0,0,0,0,0,0,0,0,0,0,0,0,0,0,0,0,0,0,0,0,0,0,0,0,0,0,0,0,0,0,0,0,0
0,0,0,0,0,0,0,0,0,0,0,0,0,0,0,0,0,0,0,0,0,0,0,0,0,0,0,0,0,0,0,0,0,0,0,0,0,0,0,0,0,0,0,0,0,0,0,0,0,0,0,0,0,0,0,0,0,0,0,0,0,0,0,0
0,0,0,0,0,0,0,0,0,3,3,9,3,6,5,3,0,3,0,0,3,7,10,10,0,12,10,3,5,17,7,14,0,15,0,17,7,11,10,15,0,10,0,9,11,10,7,5,0,14,0,10,10,5,7,11,0,19,0,0,5,15,19,20
0,0,0,0,0,0,0,0,3,3,9,3,6,5,3,7,3,0,0,3,7,10,10,11,12,10,3,5,17,7,14,14,15,0,17,7,11,10,15,18,10,0,9,11,10,7,5,12,14,0,10,10,5,7,11,11,19,0,0,5,15,19,20,14
0,0,0,0,0,0,0,0,3,9,3,6,5,3,7,0,0,0,3,7,10,10,11,0,10,3,5,17,7,14,14,0,0,17,7,11,10,15,18,0,0,9,11,10,7,5,12,0,0,10,10,5,7,11,11,0,0,0,5,15,19,20,14,0
0,3,3,9,3,6,5,3,0,3,0,0,3,7,10,10,0,12,10,3,5,17,7,14,0,15,0,17,7,11,10,15,0,10,0,9,11,10,7,5,0,14,0,10,10,5,7,11,0,19,0,0,5,15,19,20,0,23,12,14,25,27,27,28
3,3,9,3,6,5,3,7,3,0,0,3,7,10,10,11,12,10,3,5,17,7,14,14,15,0,17,7,11,10,15,18,10,0,9,11,10,7,5,12,14,0,10,10,5,7,11,11,19,0,0,5,15,19,20,14,23,12,14,25,27,27,28,19
3,9,3,6,5,3,7,0,0,0,3,7,10,10,11,0,10,3,5,17,7,14,14,0,0,17,7,11,10,15,18,0,0,9,11,10,7,5,12,0,0,10,10,5,7,11,11,0,0,0,5,15,19,20,14,0,12,14,25,27,27,28,19,0
0,3,0,0,3,7,10,10,0,12,10,3,5,17,7,14,0,15,0,17,7,11,10,15,0,10,0,9,11,10,7,5,0,14,0,10,10,5,7,11,0,19,0,0,5,15,19,20,0,23,12,14,25,27,27,28,0,0,0,0,0,0,0,0
3,0,0,3,7,10,10,11,12,10,3,5,17,7,14,14,15,0,17,7,11,10,15,18,10,0,9,11,10,7,5,12,14,0,10,10,5,7,11,11,19,0,0,5,15,19,20,14,23,12,14,25,27,27,28,19,0,0,0,0,0,0,0,0
0,0,3,7,10,10,11,0,10,3,5,17,7,14,14,0,0,17,7,11,10,15,18,0,0,9,11,10,7,5,12,0,0,10,10,5,7,11,11,0,0,0,5,15,19,20,14,0,12,14,25,27,27,28,19,0,0,0,0,0,0,0,0,0
0,0,0,0,0,0,0,0,0,0,0,0,0,0,0,0,0,0,0,0,0,0,0,0,0,0,0,0,0,0,0,0,0,0,0,0,0,0,0,0,0,0,0,0,0,0,0,0,0,0,0,0,0,0,0,0,0,0,0,0,0,0,0,0
0,0,0,0,0,0,0,0,0,0,0,0,0,0,0,0,0,0,0,0,0,0,0,0,0,0,0,0,0,0,0,0,0,0,0,0,0,0,0,0,0,0,0,0,0,0,0,0,0,0,0,0,0,0,0,0,0,0,0,0,0,0,0,0
0,0,0,0,0,0,0,0,0,0,0,0,0,0,0,0,0,0,0,0,0,0,0,0,0,0,0,0,0,0,0,0,0,0,0,0,0,0,0,0,0,0,0,0,0,0,0,0,0,0,0,0,0,0,0,0,0,0,0,0,0,0,0,0
0,0,0,0,0,0,0,0,0,0,0,0,0,0,0,0,0,0,0,0,0,0,0,0,0,0,0,0,0,0,0,0,0,0,0,0,0,0,0,0,0,0,0,0,0,0,0,0,0,0,0,0,0,0,0,0,0,0,0,0,0,0,0,0
0,0,0,0,0,0,0,0,0,0,0,0,0,0,0,0,0,0,0,0,0,0,0,0,0,0,0,0,0,0,0,0,0,0,0,0,0,0,0,0,0,0,0,0,0,0,0,0,0,0,0,0,0,0,0,0,0,0,0,0,0,0,0,0
0,0,0,0,0,0,0,0,0,0,0,0,0,0,0,0,0,0,0,0,0,0,0,0,0,0,0,0,0,0,0,0,0,0,0,0,0,0,0,0,0,0,0,0,0,0,0,0,0,0,0,0,0,0,0,0,0,0,0,0,0,0,0,0
0,0,0,0,0,0,0,0,0,0,0,0,0,0,0,0,0,0,0,0,0,0,0,0,0,0,0,0,0,0,0,0,0,0,0,0,0,0,0,0,0,0,0,0,0,0,0,0,0,0,0,0,0,0,0,0,0,0,0,0,0,0,0,0
0,0,0,0,0,0,0,0,0,0,0,0,0,0,0,0,0,0,0,0,0,0,0,0,0,0,0,0,0,0,0,0,0,0,0,0,0,0,0,0,0,0,0,0,0,0,0,0,0,0,0,0,0,0,0,0,0,0,0,0,0,0,0,0
0,0,0,0,0,0,0,0,0,0,0,0,0,0,0,0,0,0,0,0,0,0,0,0,0,0,0,0,0,0,0,0,0,0,0,0,0,0,0,0,0,0,0,0,0,0,0,0,0,0,0,0,0,0,0,0,0,0,0,0,0,0,0,0
0,0,0,0,0,0,0,0,0,0,0,0,0,0,0,0,0,0,0,0,0,0,0,0,0,0,0,0,0,0,0,0,0,0,0,0,0,0,0,0,0,0,0,0,0,0,0,0,0,0,0,0,0,0,0,0,0,0,0,0,0,0,0,0
0,0,0,0,0,0,0,0,0,0,0,0,0,0,0,5,0,0,0,0,0,0,0,6,0,0,0,0,0,0,0,1,0,0,0,0,0,0,0,3,0,0,0,0,0,0,0,0,0,0,0,0,0,0,0,0,0,0,0,0,0,0,0,0
0,0,0,0,0,0,0,0,0,0,0,0,0,0,5,0,0,0,0,0,0,0,6,0,0,0,0,0,0,0,1,0,0,0,0,0,0,0,3,0,0,0,0,0,0,0,0,0,0,0,0,0,0,0,0,0,0,0,0,0,0,0,0,0
0,0,0,0,0,0,0,0,0,0,0,0,0,0,0,0,0,0,0,0,0,0,0,0,0,0,0,0,0,0,0,0,0,0,0,0,0,0,0,0,0,0,0,0,0,0,0,0,0,0,0,0,0,0,0,0,0,0,0,0,0,0,0,0
0,0,0,0,0,0,0,5,0,0,0,0,0,0,0,6,0,0,0,0,0,0,0,1,0,0,0,0,0,0,0,3,0,0,0,0,0,0,0,0,0,0,0,0,0,0,0,0,0,0,0,0,0,0,0,0,0,0,0,0,0,0,0,0
0,0,0,0,0,0,5,0,0,0,0,0,0,0,6,0,0,0,0,0,0,0,1,0,0,0,0,0,0,0,3,0,0,0,0,0,0,0,0,0,0,0,0,0,0,0,0,0,0,0,0,0,0,0,0,0,0,0,0,0,0,0,0,0
0,0,0,0,0,0,0,0,0,0,0,0,0,0,0,0,0,0,0,0,0,0,0,0,0,0,0,0,0,0,0,0,0,0,0,0,0,0,0,0,0,0,0,0,0,0,0,0,0,0,0,0,0,0,0,0,0,0,0,0,0,0,0,0
0,0,0,0,0,0,0,6,0,0,0,0,0,0,0,1,0,0,0,0,0,0,0,3,0,0,0,0,0,0,0,0,0,0,0,0,0,0,0,0,0,0,0,0,0,0,0,0,0,0,0,0,0,0,0,0,0,0,0,0,0,0,0,0
0,0,0,0,0,0,6,0,0,0,0,0,0,0,1,0,0,0,0,0,0,0,3,0,0,0,0,0,0,0,0,0,0,0,0,0,0,0,0,0,0,0,0,0,0,0,0,0,0,0,0,0,0,0,0,0,0,0,0,0,0,0,0,0
0,0,0,0,0,0,0,0,0,36,38,41,46,45,40,42,0,50,53,55,50,59,46,54,0,49,57,51,49,53,42,48,0,43,46,49,57,44,47,54,0,44,56,56,59,46,47,57,0,60,49,42,51,52,52,47,0,56,51,56,57,47,45,44
0,0,0,0,0,0,0,0,36,38,41,46,45,40,42,46,50,53,55,50,59,46,54,46,49,57,51,49,53,42,48,50,43,46,49,57,44,47,54,46,44,56,56,59,46,47,57,38,60,49,42,51,52,52,47,45,56,51,56,57,47,45,44,44
0,0,0,0,0,0,0,0,38,41,46,45,40,42,46,0,53,55,50,59,46,54,46,0,57,51,49,53,42,48,50,0,46,49,57,44,47,54,46,0,56,56,59,46,47,57,38,0,49,42,51,52,52,47,45,0,51,56,57,47,45,44,44,0
0,36,38,41,46,45,40,42,0,50,53,55,50,59,46,54,0,49,57,51,49,53,42,48,0,43,46,49,57,44,47,54,0,44,56,56,59,46,47,57,0,60,49,42,51,52,52,47,0,56,51,56,57,47,45,44,0,37,42,42,31,39,34,42
36,38,41,46,45,40,42,46,50,53,55,50,59,46,54,46,49,57,51,49,53,42,48,50,43,46,49,57,44,47,54,46,44,56,56,59,46,47,57,38,60,49,42,51,52,52,47,45,56,51,56,57,47,45,44,44,37,42,42,31,39,34,42,40
38,41,46,45,40,42,46,0,53,55,50,59,46,54,46,0,57,51,49,53,42,48,50,0,46,49,57,44,47,54,46,0,56,56,59,46,47,57,38,0,49,42,51,52,52,47,45,0,51,56,57,47,45,44,44,0,42,42,31,39,34,42,40,0
0,50,53,55,50,59,46,54,0,49,57,51,49,53,42,48,0,43,46,49,57,44,47,54,0,44,56,56,59,46,47,57,0,60,49,42,51,52,52,47,0,56,51,56,57,47,45,44,0,37,42,42,31,39,34,42,0,0,0,0,0,0,0,0
50,53,55,50,59,46,54,46,49,57,51,49,53,42,48,50,43,46,49,57,44,47,54,46,44,56,56,59,46,47,57,38,60,49,42,51,52,52,47,45,56,51,56,57,47,45,44,44,37,42,42,31,39,34,42,40,0,0,0,0,0,0,0,0
53,55,50,59,46,54,46,0,57,51,49,53,42,48,50,0,46,49,57,44,47,54,46,0,56,56,59,46,47,57,38,0,49,42,51,52,52,47,45,0,51,56,57,47,45,44,44,0,42,42,31,39,34,42,40,0,0,0,0,0,0,0,0,0
0,0,0,0,0,0,0,0,0,0,0,0,0,0,0,0,0,0,0,0,0,0,0,0,0,0,0,0,0,0,0,0,0,0,0,0,0,0,0,0,0,0,0,0,0,0,0,0,0,0,0,0,0,0,0,0,0,1,0,0,0,0,0,0
0,0,0,0,0,0,0,0,0,0,0,0,0,0,0,0,0,0,0,0,0,0,0,0,0,0,0,0,0,0,0,0,0,0,0,0,0,0,0,3,0,0,0,0,0,0,0,3,0,0,0,0,0,0,0,0,1,0,0,0,0,0,0,0
0,0,0,0,0,0,0,0,0,0,0,0,0,0,0,0,0,0,0,0,0,0,0,0,0,0,0,0,0,0,0,0,0,0,0,0,0,0,3,0,0,0,0,0,0,0,3,0,0,0,0,0,0,0,0,0,0,0,0,0,0,0,0,0
0,0,0,0,0,0,0,0,0,0,0,0,0,0,0,0,0,0,0,0,0,0,0,0,0,0,0,0,0,0,0,0,0,0,0,0,0,0,0,0,0,0,0,0,0,0,0,0,0,1,0,0,0,0,0,0,0,0,0,5,0,0,0,0
0,0,0,0,0,0,0,0,0,0,0,0,0,0,0,0,0,0,0,0,0,0,0,0,0,0,0,0,0,0,0,3,0,0,0,0,0,0,0,3,0,0,0,0,0,0,0,0,1,0,0,0,0,0,0,0,0,0,5,0,0,0,0,0
0,0,0,0,0,0,0,0,0,0,0,0,0,0,0,0,0,0,0,0,0,0,0,0,0,0,0,0,0,0,3,0,0,0,0,0,0,0,3,0,0,0,0,0,0,0,0,0,0,0,0,0,0,0,0,0,0,5,0,0,0,0,0,0
0,0,0,0,0,0,0,0,0,0,0,0,0,0,0,0,0,0,0,0,0,0,0,0,0,0,0,0,0,0,0,0,0,0,0,0,0,0,0,0,0,1,0,0,0,0,0,0,0,0,0,5,0,0,0,0,0,0,0,0,0,0,0,0
0,0,0,0,0,0,0,0,0,0,0,0,0,0,0,0,0,0,0,0,0,0,0,3,0,0,0,0,0,0,0,3,0,0,0,0,0,0,0,0,1,0,0,0,0,0,0,0,0,0,5,0,0,0,0,0,0,0,0,0,0,0,0,0
0,0,0,0,0,0,0,0,0,0,0,0,0,0,0,0,0,0,0,0,0,0,3,0,0,0,0,0,0,0,3,0,0,0,0,0,0,0,0,0,0,0,0,0,0,0,0,0,0,5,0,0,0,0,0,0,0,0,0,0,0,0,0,0
0,0,0,0,0,0,0,0,0,0,0,0,0,0,0,0,0,0,0,0,0,0,0,0,0,0,0,0,0,0,0,0,0,0,3,0,0,5,0,0,0,0,0,0,5,0,0,0,0,0,1,0,0,0,0,0,0,0,3,0,0,0,3,1
0,0,0,0,0,0,0,0,0,0,0,0,0,0,0,0,0,0,0,0,0,0,0,0,0,0,0,0,0,0,0,0,0,3,0,0,5,0,0,0,0,0,0,5,0,0,0,0,0,1,0,0,0,0,0,0,0,3,0,0,0,3,1,0
0,0,0,0,0,0,0,0,0,0,0,0,0,0,0,0,0,0,0,0,0,0,0,0,0,0,0,0,0,0,0,0,3,0,0,5,0,0,0,0,0,0,5,0,0,0,0,0,1,0,0,0,0,0,0,0,3,0,0,0,3,1,0,0
0,0,0,0,0,0,0,0,0,0,0,0,0,0,0,0,0,0,0,0,0,0,0,0,0,0,3,0,0,5,0,0,0,0,0,0,5,0,0,0,0,0,1,0,0,0,0,0,0,0,3,0,0,0,3,1,0,0,0,0,0,0,0,0
0,0,0,0,0,0,0,0,0,0,0,0,0,0,0,0,0,0,0,0,0,0,0,0,0,3,0,0,5,0,0,0,0,0,0,5,0,0,0,0,0,1,0,0,0,0,0,0,0,3,0,0,0,3,1,0,0,0,0,0,0,0,0,0
0,0,0,0,0,0,0,0,0,0,0,0,0,0,0,0,0,0,0,0,0,0,0,0,3,0,0,5,0,0,0,0,0,0,5,0,0,0,0,0,1,0,0,0,0,0,0,0,3,0,0,0,3,1,0,0,0,0,0,0,0,0,0,0
0,0,0,0,0,0,0,0,0,0,0,0,0,0,0,0,0,0,3,0,0,5,0,0,0,0,0,0,5,0,0,0,0,0,1,0,0,0,0,0,0,0,3,0,0,0,3,1,0,0,0,0,0,0,0,0,0,0,0,0,0,0,0,0
0,0,0,0,0,0,0,0,0,0,0,0,0,0,0,0,0,3,0,0,5,0,0,0,0,0,0,5,0,0,0,0,0,1,0,0,0,0,0,0,0,3,0,0,0,3,1,0,0,0,0,0,0,0,0,0,0,0,0,0,0,0,0,0
0,0,0,0,0,0,0,0,0,0,0,0,0,0,0,0,3,0,0,5,0,0,0,0,0,0,5,0,0,0,0,0,1,0,0,0,0,0,0,0,3,0,0,0,3,1,0,0,0,0,0,0,0,0,0,0,0,0,0,0,0,0,0,0
0,0,0,0,0,0,0,0,0,0,0,0,0,0,0,0,0,13,11,0,0,3,3,9,0,13,11,0,7,7,12,15,0,15,1,5,0,7,9,11,0,9,7,5,1,7,10,12,0,0,15,11,3,10,5,7,0,0,5,0,0,0,0,0
0,0,0,0,0,0,0,0,0,0,0,0,0,0,0,0,13,11,0,0,3,3,9,0,13,11,0,7,7,12,15,0,15,1,5,0,7,9,11,0,9,7,5,1,7,10,12,0,0,15,11,3,10,5,7,0,0,5,0,0,0,0,0,0
0,0,0,0,0,0,0,0,0,0,0,0,0,0,0,0,11,0,0,3,3,9,0,0,11,0,7,7,12,15,0,0,1,5,0,7,9,11,0,0,7,5,1,7,10,12,0,0,15,11,3,10,5,7,0,0,5,0,0,0,0,0,0,0
0,0,0,0,0,0,0,0,0,13,11,0,0,3,3,9,0,13,11,0,7,7,12,15,0,15,1,5,0,7,9,11,0,9,7,5,1,7,10,12,0,0,15,11,3,10,5,7,0,0,5,0,0,0,0,0,0,0,0,0,0,0,0,0
0,0,0,0,0,0,0,0,13,11,0,0,3,3,9,0,13,11,0,7,7,12,15,0,15,1,5,0,7,9,11,0,9,7,5,1,7,10,12,0,0,15,11,3,10,5,7,0,0,5,0,0,0,0,0,0,0,0,0,0,0,0,0,0
0,0,0,0,0,0,0,0,11,0,0,3,3,9,0,0,11,0,7,7,12,15,0,0,1,5,0,7,9,11,0,0,7,5,1,7,10,12,0,0,15,11,3,10,5,7,0,0,5,0,0,0,0,0,0,0,0,0,0,0,0,0,0,0
0,13,11,0,0,3,3,9,0,13,11,0,7,7,12,15,0,15,1,5,0,7,9,11,0,9,7,5,1,7,10,12,0,0,15,11,3,10,5,7,0,0,5,0,0,0,0,0,0,0,0,0,0,0,0,0,0,0,0,0,0,0,0,0
13,11,0,0,3,3,9,0,13,11,0,7,7,12,15,0,15,1,5,0,7,9,11,0,9,7,5,1,7,10,12,0,0,15,11,3,10,5,7,0,0,5,0,0,0,0,0,0,0,0,0,0,0,0,0,0,0,0,0,0,0,0,0,0
11,0,0,3,3,9,0,0,11,0,7,7,12,15,0,0,1,5,0,7,9,11,0,0,7,5,1,7,10,12,0,0,15,11,3,10,5,7,0,0,5,0,0,0,0,0,0,0,0,0,0,0,0,0,0,0,0,0,0,0,0,0,0,0
0,0,0,0,0,0,0,0,0,31,14,14,12,15,13,18,0,37,22,14,17,17,15,23,0,37,34,20,19,14,14,18,0,40,35,21,21,23,21,17,0,35,39,23,20,19,27,20,0,47,31,20,18,26,31,28,0,45,44,31,38,34,28,33
0,0,0,0,0,0,0,0,31,14,14,12,15,13,18,10,37,22,14,17,17,15,23,9,37,34,20,19,14,14,18,15,40,35,21,21,23,21,17,15,35,39,23,20,19,27,20,11,47,31,20,18,26,31,28,19,45,44,31,38,34,28,33,27
0,0,0,0,0,0,0,0,14,14,12,15,13,18,10,0,22,14,17,17,15,23,9,0,34,20,19,14,14,18,15,0,35,21,21,23,21,17,15,0,39,23,20,19,27,20,11,0,31,20,18,26,31,28,19,0,44,31,38,34,28,33,27,0
0,31,14,14,12,15,13,18,0,37,22,14,17,17,15,23,0,37,34,20,19,14,14,18,0,40,35,21,21,23,21,17,0,35,39,23,20,19,27,20,0,47,31,20,18,26,31,28,0,45,44,31,38,34,28,33,0,45,40,47,37,37,40,37
31,14,14,12,15,13,18,10,37,22,14,17,17,15,23,9,37,34,20,19,14,14,18,15,40,35,21,21,23,21,17,15,35,39,23,20,19,27,20,11,47,31,20,18,26,31,28,19,45,44,31,38,34,28,33,27,45,40,47,37,37,40,37,28
14,14,12,15,13,18,10,0,22,14,17,17,15,23,9,0,34,20,19,14,14,18,15,0,35,21,21,23,21,17,15,0,39,23,20,19,27,20,11,0,31,20,18,26,31,28,19,0,44,31,38,34,28,33,27,0,40,47,37,37,40,37,28,0
0,37,22,14,17,17,15,23,0,37,34,20,19,14,14,18,0,40,35,21,21,23,21,17,0,35,39,23,20,19,27,20,0,47,31,20,18,26,31,28,0,45,44,31,38,34,28,33,0,45,40,47,37,37,40,37,0,0,0,0,0,0,0,0
37,22,14,17,17,15,23,9,37,34,20,19,14,14,18,15,40,35,21,21,23,21,17,15,35,39,23,20,19,27,20,11,47,31,20,18,26,31,28,19,45,44,31,38,34,28,33,27,45,40,47,37,37,40,37,28,0,0,0,0,0,0,0,0
22,14,17,17,15,23,9,0,34,20,19,14,14,18,15,0,35,21,21,23,21,17,15,0,39,23,20,19,27,20,11,0,31,20,18,26,31,28,19,0,44,31,38,34,28,33,27,0,40,47,37,37,40,37,28,0,0,0,0,0,0,0,0,0
0,0,0,0,0,0,0,0,0,0,0,0,0,0,0,0,0,0,0,0,0,0,0,0,0,0,0,0,0,0,0,0,0,0,0,0,0,0,0,0,0,0,0,0,0,0,0,0,0,0,0,0,0,0,0,0,0,0,0,0,0,0,0,0
0,0,0,0,0,0,0,0,0,0,0,0,0,0,0,0,0,0,0,0,0,0,0,0,0,0,0,0,0,0,0,0,0,0,0,0,0,0,0,0,0,0,0,0,0,0,0,0,0,0,0,0,0,0,0,0,0,0,0,0,0,0,0,0
0,0,0,0,0,0,0,0,0,0,0,0,0,0,0,0,0,0,0,0,0,0,0,0,0,0,0,0,0,0,0,0,0,0,0,0,0,0,0,0,0,0,0,0,0,0,0,0,0,0,0,0,0,0,0,0,0,0,0,0,0,0,0,0
0,0,0,0,0,0,0,0,0,0,0,0,0,0,0,0,0,0,0,0,0,0,0,0,0,0,0,0,0,0,0,0,0,0,0,0,0,0,0,0,0,0,0,0,0,0,0,0,0,0,0,0,0,0,0,0,0,0,0,0,0,0,0,0
0,0,0,0,0,0,0,0,0,0,0,0,0,0,0,0,0,0,0,0,0,0,0,0,0,0,0,0,0,0,0,0,0,0,0,0,0,0,0,0,0,0,0,0,0,0,0,0,0,0,0,0,0,0,0,0,0,0,0,0,0,0,0,0
0,0,0,0,0,0,0,0,0,0,0,0,0,0,0,0,0,0,0,0,0,0,0,0,0,0,0,0,0,0,0,0,0,0,0,0,0,0,0,0,0,0,0,0,0,0,0,0,0,0,0,0,0,0,0,0,0,0,0,0,0,0,0,0
0,0,0,0,0,0,0,0,0,0,0,0,0,0,0,0,0,0,0,0,0,0,0,0,0,0,0,0,0,0,0,0,0,0,0,0,0,0,0,0,0,0,0,0,0,0,0,0,0,0,0,0,0,0,0,0,0,0,0,0,0,0,0,0
0,0,0,0,0,0,0,0,0,0,0,0,0,0,0,0,0,0,0,0,0,0,0,0,0,0,0,0,0,0,0,0,0,0,0,0,0,0,0,0,0,0,0,0,0,0,0,0,0,0,0,0,0,0,0,0,0,0,0,0,0,0,0,0
0,0,0,0,0,0,0,0,0,0,0,0,0,0,0,0,0,0,0,0,0,0,0,0,0,0,0,0,0,0,0,0,0,0,0,0,0,0,0,0,0,0,0,0,0,0,0,0,0,0,0,0,0,0,0,0,0,0,0,0,0,0,0,0
0,0,0,0,0,0,0,0,0,1,0,0,0,0,1,0,0,7,0,3,0,0,3,0,0,3,1,0,0,0,0,0,0,3,5,0,0,0,6,0,0,3,0,0,0,5,10,0,0,0,0,0,0,1,0,0,0,3,0,0,0,0,0,0
0,0,0,0,0,0,0,0,1,0,0,0,0,1,0,0,7,0,3,0,0,3,0,3,3,1,0,0,0,0,0,0,3,5,0,0,0,6,0,0,3,0,0,0,5,10,0,0,0,0,0,0,1,0,0,0,3,0,0,0,0,0,0,0
0,0,0,0,0,0,0,0,0,0,0,0,1,0,0,0,0,3,0,0,3,0,3,0,1,0,0,0,0,0,0,0,5,0,0,0,6,0,0,0,0,0,0,5,10,0,0,0,0,0,0,1,0,0,0,0,0,0,0,0,0,0,0,0
0,1,0,0,0,0,1,0,0,7,0,3,0,0,3,0,0,3,1,0,0,0,0,0,0,3,5,0,0,0,6,0,0,3,0,0,0,5,10,0,0,0,0,0,0,1,0,0,0,3,0,0,0,0,0,0,0,10,12,0,5,1,1,9
1,0,0,0,0,1,0,0,7,0,3,0,0,3,0,3,3,1,0,0,0,0,0,0,3,5,0,0,0,6,0,0,3,0,0,0,5,10,0,0,0,0,0,0,1,0,0,0,3,0,0,0,0,0,0,0,10,12,0,5,1,1,9,5
0,0,0,0,1,0,0,0,0,3,0,0,3,0,3,0,1,0,0,0,0,0,0,0,5,0,0,0,6,0,0,0,0,0,0,5,10,0,0,0,0,0,0,1,0,0,0,0,0,0,0,0,0,0,0,0,12,0,5,1,1,9,5,0
0,7,0,3,0,0,3,0,0,3,1,0,0,0,0,0,0,3,5,0,0,0,6,0,0,3,0,0,0,5,10,0,0,0,0,0,0,1,0,0,0,3,0,0,0,0,0,0,0,10,12,0,5,1,1,9,0,0,0,0,0,0,0,0
7,0,3,0,0,3,0,3,3,1,0,0,0,0,0,0,3,5,0,0,0,6,0,0,3,0,0,0,5,10,0,0,0,0,0,0,1,0,0,0,3,0,0,0,0,0,0,0,10,12,0,5,1,1,9,5,0,0,0,0,0,0,0,0
0,3,0,0,3,0,3,0,1,0,0,0,0,0,0,0,5,0,0,0,6,0,0,0,0,0,0,5,10,0,0,0,0,0,0,1,0,0,0,0,0,0,0,0,0,0,0,0,12,0,5,1,1,9,5,0,0,0,0,0,0,0,0,0
0,0,0,0,0,0,0,0,0,24,12,15,19,15,15,21,0,23,20,19,28,19,24,31,0,22,21,21,21,31,25,26,0,19,19,31,28,22,23,23,0,26,13,26,25,33,38,30,0,36,23,25,28,38,34,38,0,28,30,31,39,35,33,37
0,0,0,0,0,0,0,0,24,12,15,19,15,15,21,0,23,20,19,28,19,24,31,7,22,21,21,21,31,25,26,14,19,19,31,28,22,23,23,13,26,13,26,25,33,38,30,12,36,23,25,28,38,34,38,11,28,30,31,39,35,33,37,18
0,0,0,0,0,0,0,0,12,15,19,15,15,21,0,0,20,19,28,19,24,31,7,0,21,21,21,31,25,26,14,0,19,31,28,22,23,23,13,0,13,26,25,33,38,30,12,0,23,25,28,38,34,38,11,0,30,31,39,35,33,37,18,0
0,24,12,15,19,15,15,21,0,23,20,19,28,19,24,31,0,22,21,21,21,31,25,26,0,19,19,31,28,22,23,23,0,26,13,26,25,33,38,30,0,36,23,25,28,38,34,38,0,28,30,31,39,35,33,37,0,24,28,43,42,34,42,42
24,12,15,19,15,15,21,0,23,20,19,28,19,24,31,7,22,21,21,21,31,25,26,14,19,19,31,28,22,23,23,13,26,13,26,25,33,38,30,12,36,23,25,28,38,34,38,11,28,30,31,39,35,33,37,18,24,28,43,42,34,42,42,30
12,15,19,15,15,21,0,0,20,19,28,19,24,31,7,0,21,21,21,31,25,26,14,0,19,31,28,22,23,23,13,0,13,26,25,33,38,30,12,0,23,25,28,38,34,38,11,0,30,31,39,35,33,37,18,0,28,43,42,34,42,42,30,0
0,23,20,19,28,19,24,31,0,22,21,21,21,31,25,26,0,19,19,31,28,22,23,23,0,26,13,26,25,33,38,30,0,36,23,25,28,38,34,38,0,28,30,31,39,35,33,37,0,24,28,43,42,34,42,42,0,0,0,0,0,0,0,0
23,20,19,28,19,24,31,7,22,21,21,21,31,25,26,14,19,19,31,28,22,23,23,13,26,13,26,25,33,38,30,12,36,23,25,28,38,34,38,11,28,30,31,39,35,33,37,18,24,28,43,42,34,42,42,30,0,0,0,0,0,0,0,0
20,19,28,19,24,31,7,0,21,21,21,31,25,26,14,0,19,31,28,22,23,23,13,0,13,26,25,33,38,30,12,0,23,25,28,38,34,38,11,0,30,31,39,35,33,37,18,0,28,43,42,34,42,42,30,0,0,0,0,0,0,0,0,0
0,0,0,0,0,0,0,0,0,15,15,11,11,13,7,15,0,7,11,21,17,9,14,17,0,23,19,22,26,15,15,20,0,19,17,22,7,17,13,10,0,26,23,17,15,7,15,7,0,23,21,23,25,12,15,14,0,18,20,14,5,10,10,9
0,0,0,0,0,0,0,0,15,15,11,11,13,7,15,14,7,11,21,17,9,14,17,13,23,19,22,26,15,15,20,20,19,17,22,7,17,13,10,20,26,23,17,15,7,15,7,13,23,21,23,25,12,15,14,10,18,20,14,5,10,10,9,10
0,0,0,0,0,0,0,0,15,11,11,13,7,15,14,0,11,21,17,9,14,17,13,0,19,22,26,15,15,20,20,0,17,22,7,17,13,10,20,0,23,17,15,7,15,7,13,0,21,23,25,12,15,14,10,0,20,14,5,10,10,9,10,0
0,15,15,11,11,13,7,15,0,7,11,21,17,9,14,17,0,23,19,22,26,15,15,20,0,19,17,22,7,17,13,10,0,26,23,17,15,7,15,7,0,23,21,23,25,12,15,14,0,18,20,14,5,10,10,9,0,21,26,18,15,20,24,25
15,15,11,11,13,7,15,14,7,11,21,17,9,14,17,13,23,19,22,26,15,15,20,20,19,17,22,7,17,13,10,20,26,23,17,15,7,15,7,13,23,21,23,25,12,15,14,10,18,20,14,5,10,10,9,10,21,26,18,15,20,24,25,25
15,11,11,13,7,15,14,0,11,21,17,9,14,17,13,0,19,22,26,15,15,20,20,0,17,22,7,17,13,10,20,0,23,17,15,7,15,7,13,0,21,23,25,12,15,14,10,0,20,14,5,10,10,9,10,0,26,18,15,20,24,25,25,0
0,7,11,21,17,9,14,17,0,23,19,22,26,15,15,20,0,19,17,22,7,17,13,10,0,26,23,17,15,7,15,7,0,23,21,23,25,12,15,14,0,18,20,14,5,10,10,9,0,21,26,18,15,20,24,25,0,0,0,0,0,0,0,0
7,11,21,17,9,14,17,13,23,19,22,26,15,15,20,20,19,17,22,7,17,13,10,20,26,23,17,15,7,15,7,13,23,21,23,25,12,15,14,10,18,20,14,5,10,10,9,10,21,26,18,15,20,24,25,25,0,0,0,0,0,0,0,0
11,21,17,9,14,17,13,0,19,22,26,15,15,20,20,0,17,22,7,17,13,10,20,0,23,17,15,7,15,7,13,0,21,23,25,12,15,14,10,0,20,14,5,10,10,9,10,0,26,18,15,20,24,25,25,0,0,0,0,0,0,0,0,0
0,0,0,0,0,0,0,0,0,3,0,0,0,0,0,0,0,11,0,0,0,0,0,0,0,0,0,0,0,0,0,0,0,0,0,0,0,0,0,0,0,0,0,0,0,0,0,0,0,0,0,0,0,0,0,0,0,0,0,0,0,0,0,0
0,0,0,0,0,0,0,0,3,0,0,0,0,0,0,0,11,0,0,0,0,0,0,0,0,0,0,0,0,0,0,0,0,0,0,0,0,0,0,0,0,0,0,0,0,0,0,0,0,0,0,0,0,0,0,0,0,0,0,0,0,0,0,0
0,0,0,0,0,0,0,0,0,0,0,0,0,0,0,0,0,0,0,0,0,0,0,0,0,0,0,0,0,0,0,0,0,0,0,0,0,0,0,0,0,0,0,0,0,0,0,0,0,0,0,0,0,0,0,0,0,0,0,0,0,0,0,0
0,3,0,0,0,0,0,0,0,11,0,0,0,0,0,0,0,0,0,0,0,0,0,0,0,0,0,0,0,0,0,0,0,0,0,0,0,0,0,0,0,0,0,0,0,0,0,0,0,0,0,0,0,0,0,0,0,0,0,0,0,0,0,0
3,0,0,0,0,0,0,0,11,0,0,0,0,0,0,0,0,0,0,0,0,0,0,0,0,0,0,0,0,0,0,0,0,0,0,0,0,0,0,0,0,0,0,0,0,0,0,0,0,0,0,0,0,0,0,0,0,0,0,0,0,0,0,0
0,0,0,0,0,0,0,0,0,0,0,0,0,0,0,0,0,0,0,0,0,0,0,0,0,0,0,0,0,0,0,0,0,0,0,0,0,0,0,0,0,0,0,0,0,0,0,0,0,0,0,0,0,0,0,0,0,0,0,0,0,0,0,0
0,11,0,0,0,0,0,0,0,0,0,0,0,0,0,0,0,0,0,0,0,0,0,0,0,0,0,0,0,0,0,0,0,0,0,0,0,0,0,0,0,0,0,0,0,0,0,0,0,0,0,0,0,0,0,0,0,0,0,0,0,0,0,0
11,0,0,0,0,0,0,0,0,0,0,0,0,0,0,0,0,0,0,0,0,0,0,0,0,0,0,0,0,0,0,0,0,0,0,0,0,0,0,0,0,0,0,0,0,0,0,0,0,0,0,0,0,0,0,0,0,0,0,0,0,0,0,0
0,0,0,0,0,0,0,0,0,0,0,0,0,0,0,0,0,0,0,0,0,0,0,0,0,0,0,0,0,0,0,0,0,0,0,0,0,0,0,0,0,0,0,0,0,0,0,0,0,0,0,0,0,0,0,0,0,0,0,0,0,0,0,0
0,0,0,0,0,0,0,0,0,14,24,24,20,17,19,25,0,11,17,11,19,7,12,18,0,26,21,21,18,9,7,15,0,27,21,19,20,9,15,12,0,31,28,11,6,7,9,9,0,26,35,6,11,7,11,10,0,26,25,0,0,3,1,9
0,0,0,0,0,0,0,0,14,24,24,20,17,19,25,12,11,17,11,19,7,12,18,0,26,21,21,18,9,7,15,0,27,21,19,20,9,15,12,0,31,28,11,6,7,9,9,0,26,35,6,11,7,11,10,0,26,25,0,0,3,1,9,0
0,0,0,0,0,0,0,0,24,24,20,17,19,25,12,0,17,11,19,7,12,18,0,0,21,21,18,9,7,15,0,0,21,19,20,9,15,12,0,0,28,11,6,7,9,9,0,0,35,6,11,7,11,10,0,0,25,0,0,3,1,9,0,0
0,14,24,24,20,17,19,25,0,11,17,11,19,7,12,18,0,26,21,21,18,9,7,15,0,27,21,19,20,9,15,12,0,31,28,11,6,7,9,9,0,26,35,6,11,7,11,10,0,26,25,0,0,3,1,9,0,0,0,0,0,0,0,0
14,24,24,20,17,19,25,12,11,17,11,19,7,12,18,0,26,21,21,18,9,7,15,0,27,21,19,20,9,15,12,0,31,28,11,6,7,9,9,0,26,35,6,11,7,11,10,0,26,25,0,0,3,1,9,0,0,0,0,0,0,0,0,0
24,24,20,17,19,25,12,0,17,11,19,7,12,18,0,0,21,21,18,9,7,15,0,0,21,19,20,9,15,12,0,0,28,11,6,7,9,9,0,0,35,6,11,7,11,10,0,0,25,0,0,3,1,9,0,0,0,0,0,0,0,0,0,0
0,11,17,11,19,7,12,18,0,26,21,21,18,9,7,15,0,27,21,19,20,9,15,12,0,31,28,11,6,7,9,9,0,26,35,6,11,7,11,10,0,26,25,0,0,3,1,9,0,0,0,0,0,0,0,0,0,0,0,0,0,0,0,0
11,17,11,19,7,12,18,0,26,21,21,18,9,7,15,0,27,21,19,20,9,15,12,0,31,28,11,6,7,9,9,0,26,35,6,11,7,11,10,0,26,25,0,0,3,1,9,0,0,0,0,0,0,0,0,0,0,0,0,0,0,0,0,0
17,11,19,7,12,18,0,0,21,21,18,9,7,15,0,0,21,19,20,9,15,12,0,0,28,11,6,7,9,9,0,0,35,6,11,7,11,10,0,0,25,0,0,3,1,9,0,0,0,0,0,0,0,0,0,0,0,0,0,0,0,0,0,0
0,0,0,0,0,0,0,0,0,0,0,0,0,0,0,0,0,0,0,0,0,0,0,0,0,0,0,0,0,0,0,0,0,0,0,0,0,0,0,0,0,0,0,0,0,0,0,0,0,0,0,0,0,0,0,0,0,0,0,0,0,0,0,0
0,0,0,0,0,0,0,0,0,0,0,0,0,0,0,0,0,0,0,0,0,0,0,0,0,0,0,0,0,0,0,0,0,0,0,0,0,0,0,0,0,0,0,0,0,0,0,0,0,0,0,0,0,0,0,0,0,0,0,0,0,0,0,0
0,0,0,0,0,0,0,0,0,0,0,0,0,0,0,0,0,0,0,0,0,0,0,0,0,0,0,0,0,0,0,0,0,0,0,0,0,0,0,0,0,0,0,0,0,0,0,0,0,0,0,0,0,0,0,0,0,0,0,0,0,0,0,0
0,0,0,0,0,0,0,0,0,0,0,0,0,0,0,0,0,0,0,0,0,0,0,0,0,0,0,0,0,0,0,0,0,0,0,0,0,0,0,0,0,0,0,0,0,0,0,0,0,0,0,0,0,0,0,0,0,0,0,0,0,0,0,0
0,0,0,0,0,0,0,0,0,0,0,0,0,0,0,0,0,0,0,0,0,0,0,0,0,0,0,0,0,0,0,0,0,0,0,0,0,0,0,0,0,0,0,0,0,0,0,0,0,0,0,0,0,0,0,0,0,0,0,0,0,0,0,0
0,0,0,0,0,0,0,0,0,0,0,0,0,0,0,0,0,0,0,0,0,0,0,0,0,0,0,0,0,0,0,0,0,0,0,0,0,0,0,0,0,0,0,0,0,0,0,0,0,0,0,0,0,0,0,0,0,0,0,0,0,0,0,0
0,0,0,0,0,0,0,0,0,0,0,0,0,0,0,0,0,0,0,0,0,0,0,0,0,0,0,0,0,0,0,0,0,0,0,0,0,0,0,0,0,0,0,0,0,0,0,0,0,0,0,0,0,0,0,0,0,0,0,0,0,0,0,0
0,0,0,0,0,0,0,0,0,0,0,0,0,0,0,0,0,0,0,0,0,0,0,0,0,0,0,0,0,0,0,0,0,0,0,0,0,0,0,0,0,0,0,0,0,0,0,0,0,0,0,0,0,0,0,0,0,0,0,0,0,0,0,0
0,0,0,0,0,0,0,0,0,0,0,0,0,0,0,0,0,0,0,0,0,0,0,0,0,0,0,0,0,0,0,0,0,0,0,0,0,0,0,0,0,0,0,0,0,0,0,0,0,0,0,0,0,0,0,0,0,0,0,0,0,0,0,0
0,0,0,0,0,0,0,0,0,40,36,36,33,39,36,33,0,43,40,39,37,38,43,38,0,48,42,35,44,42,31,43,0,47,37,33,40,44,28,40,0,38,47,34,28,46,38,37,0,43,36,41,39,50,38,42,0,54,41,43,42,34,40,31
0,0,0,0,0,0,0,0,40,36,36,33,39,36,33,31,43,40,39,37,38,43,38,25,48,42,35,44,42,31,43,26,47,37,33,40,44,28,40,28,38,47,34,28,46,38,37,25,43,36,41,39,50,38,42,25,54,41,43,42,34,40,31,23
0,0,0,0,0,0,0,0,36,36,33,39,36,33,31,0,40,39,37,38,43,38,25,0,42,35,44,42,31,43,26,0,37,33,40,44,28,40,28,0,47,34,28,46,38,37,25,0,36,41,39,50,38,42,25,0,41,43,42,34,40,31,23,0
0,40,36,36,33,39,36,33,0,43,40,39,37,38,43,38,0,48,42,35,44,42,31,43,0,47,37,33,40,44,28,40,0,38,47,34,28,46,38,37,0,43,36,41,39,50,38,42,0,54,41,43,42,34,40,31,0,53,33,22,34,30,30,25
40,36,36,33,39,36,33,31,43,40,39,37,38,43,38,25,48,42,35,44,42,31,43,26,47,37,33,40,44,28,40,28,38,47,34,28,46,38,37,25,43,36,41,39,50,38,42,25,54,41,43,42,34,40,31,23,53,33,22,34,30,30,25,17
36,36,33,39,36,33,31,0,40,39,37,38,43,38,25,0,42,35,44,42,31,43,26,0,37,33,40,44,28,40,28,0,47,34,28,46,38,37,25,0,36,41,39,50,38,42,25,0,41,43,42,34,40,31,23,0,33,22,34,30,30,25,17,0
0,43,40,39,37,38,43,38,0,48,42,35,44,42,31,43,0,47,37,33,40,44,28,40,0,38,47,34,28,46,38,37,0,43,36,41,39,50,38,42,0,54,41,43,42,34,40,31,0,53,33,22,34,30,30,25,0,0,0,0,0,0,0,0
43,40,39,37,38,43,38,25,48,42,35,44,42,31,43,26,47,37,33,40,44,28,40,28,38,47,34,28,46,38,37,25,43,36,41,39,50,38,42,25,54,41,43,42,34,40,31,23,53,33,22,34,30,30,25,17,0,0,0,0,0,0,0,0
40,39,37,38,43,38,25,0,42,35,44,42,31,43,26,0,37,33,40,44,28,40,28,0,47,34,28,46,38,37,25,0,36,41,39,50,38,42,25,0,41,43,42,34,40,31,23,0,33,22,34,30,30,25,17,0,0,0,0,0,0,0,0,0
0,0,0,0,0,0,0,0,0,0,0,0,0,0,0,0,0,0,0,0,0,0,0,0,0,0,0,0,0,0,0,0,0,0,0,0,0,0,0,0,0,0,0,0,0,0,0,0,0,0,0,0,0,0,0,0,0,0,0,0,0,0,0,0
0,0,0,0,0,0,0,0,0,0,0,0,0,0,0,0,0,0,0,0,0,0,0,0,0,0,0,0,0,0,0,0,0,0,0,0,0,0,0,0,0,0,0,0,0,0,0,0,0,0,0,0,0,0,0,0,0,0,0,0,0,0,0,0
0,0,0,0,0,0,0,0,0,0,0,0,0,0,0,0,0,0,0,0,0,0,0,0,0,0,0,0,0,0,0,0,0,0,0,0,0,0,0,0,0,0,0,0,0,0,0,0,0,0,0,0,0,0,0,0,0,0,0,0,0,0,0,0
0,0,0,0,0,0,0,0,0,0,0,0,0,0,0,0,0,0,0,0,0,0,0,0,0,0,0,0,0,0,0,0,0,0,0,0,0,0,0,0,0,0,0,0,0,0,0,0,0,0,0,0,0,0,0,0,0,0,0,0,0,0,0,0
0,0,0,0,0,0,0,0,0,0,0,0,0,0,0,0,0,0,0,0,0,0,0,0,0,0,0,0,0,0,0,0,0,0,0,0,0,0,0,0,0,0,0,0,0,0,0,0,0,0,0,0,0,0,0,0,0,0,0,0,0,0,0,0
0,0,0,0,0,0,0,0,0,0,0,0,0,0,0,0,0,0,0,0,0,0,0,0,0,0,0,0,0,0,0,0,0,0,0,0,0,0,0,0,0,0,0,0,0,0,0,0,0,0,0,0,0,0,0,0,0,0,0,0,0,0,0,0
0,0,0,0,0,0,0,0,0,0,0,0,0,0,0,0,0,0,0,0,0,0,0,0,0,0,0,0,0,0,0,0,0,0,0,0,0,0,0,0,0,0,0,0,0,0,0,0,0,0,0,0,0,0,0,0,0,0,0,0,0,0,0,0
0,0,0,0,0,0,0,0,0,0,0,0,0,0,0,0,0,0,0,0,0,0,0,0,0,0,0,0,0,0,0,0,0,0,0,0,0,0,0,0,0,0,0,0,0,0,0,0,0,0,0,0,0,0,0,0,0,0,0,0,0,0,0,0
0,0,0,0,0,0,0,0,0,0,0,0,0,0,0,0,0,0,0,0,0,0,0,0,0,0,0,0,0,0,0,0,0,0,0,0,0,0,0,0,0,0,0,0,0,0,0,0,0,0,0,0,0,0,0,0,0,0,0,0,0,0,0,0
0,0,0,0,0,0,0,0,0,33,52,47,48,46,47,45,0,36,55,63,50,51,59,49,0,45,55,72,66,63,74,66,0,38,54,70,68,68,68,57,0,34,48,59,59,56,52,52,0,44,49,60,62,63,57,56,0,45,66,59,55,59,56,59
0,0,0,0,0,0,0,0,33,52,47,48,46,47,45,34,36,55,63,50,51,59,49,35,45,55,72,66,63,74,66,45,38,54,70,68,68,68,57,44,34,48,59,59,56,52,52,39,44,49,60,62,63,57,56,42,45,66,59,55,59,56,59,36
0,0,0,0,0,0,0,0,52,47,48,46,47,45,34,0,55,63,50,51,59,49,35,0,55,72,66,63,74,66,45,0,54,70,68,68,68,57,44,0,48,59,59,56,52,52,39,0,49,60,62,63,57,56,42,0,66,59,55,59,56,59,36,0
0,33,52,47,48,46,47,45,0,36,55,63,50,51,59,49,0,45,55,72,66,63,74,66,0,38,54,70,68,68,68,57,0,34,48,59,59,56,52,52,0,44,49,60,62,63,57,56,0,45,66,59,55,59,56,59,0,37,48,50,40,39,44,40
33,52,47,48,46,47,45,34,36,55,63,50,51,59,49,35,45,55,72,66,63,74,66,45,38,54,70,68,68,68,57,44,34,48,59,59,56,52,52,39,44,49,60,62,63,57,56,42,45,66,59,55,59,56,59,36,37,48,50,40,39,44,40,31
52,47,48,46,47,45,34,0,55,63,50,51,59,49,35,0,55,72,66,63,74,66,45,0,54,70,68,68,68,57,44,0,48,59,59,56,52,52,39,0,49,60,62,63,57,56,42,0,66,59,55,59,56,59,36,0,48,50,40,39,44,40,31,0
0,36,55,63,50,51,59,49,0,45,55,72,66,63,74,66,0,38,54,70,68,68,68,57,0,34,48,59,59,56,52,52,0,44,49,60,62,63,57,56,0,45,66,59,55,59,56,59,0,37,48,50,40,39,44,40,0,0,0,0,0,0,0,0
36,55,63,50,51,59,49,35,45,55,72,66,63,74,66,45,38,54,70,68,68,68,57,44,34,48,59,59,56,52,52,39,44,49,60,62,63,57,56,42,45,66,59,55,59,56,59,36,37,48,50,40,39,44,40,31,0,0,0,0,0,0,0,0
55,63,50,51,59,49,35,0,55,72,66,63,74,66,45,0,54,70,68,68,68,57,44,0,48,59,59,56,52,52,39,0,49,60,62,63,57,56,42,0,66,59,55,59,56,59,36,0,48,50,40,39,44,40,31,0,0,0,0,0,0,0,0,0
0,0,0,0,0,0,0,0,0,0,0,0,0,0,0,0,0,0,0,0,0,0,0,0,0,0,0,0,0,0,0,0,0,0,0,0,0,0,0,0,0,0,0,0,0,0,0,0,0,0,0,0,0,0,0,0,0,0,0,0,0,0,0,0
0,0,0,0,0,0,0,0,0,0,0,0,0,0,0,0,0,0,0,0,0,0,0,0,0,0,0,0,0,0,0,0,0,0,0,0,0,0,0,0,0,0,0,0,0,0,0,0,0,0,0,0,0,0,0,0,0,0,0,0,0,0,0,0
0,0,0,0,0,0,0,0,0,0,0,0,0,0,0,0,0,0,0,0,0,0,0,0,0,0,0,0,0,0,0,0,0,0,0,0,0,0,0,0,0,0,0,0,0,0,0,0,0,0,0,0,0,0,0,0,0,0,0,0,0,0,0,0
0,0,0,0,0,0,0,0,0,0,0,0,0,0,0,0,0,0,0,0,0,0,0,0,0,0,0,0,0,0,0,0,0,0,0,0,0,0,0,0,0,0,0,0,0,0,0,0,0,0,0,0,0,0,0,0,0,0,0,0,0,0,0,0
0,0,0,0,0,0,0,0,0,0,0,0,0,0,0,0,0,0,0,0,0,0,0,0,0,0,0,0,0,0,0,0,0,0,0,0,0,0,0,0,0,0,0,0,0,0,0,0,0,0,0,0,0,0,0,0,0,0,0,0,0,0,0,0
0,0,0,0,0,0,0,0,0,0,0,0,0,0,0,0,0,0,0,0,0,0,0,0,0,0,0,0,0,0,0,0,0,0,0,0,0,0,0,0,0,0,0,0,0,0,0,0,0,0,0,0,0,0,0,0,0,0,0,0,0,0,0,0
0,0,0,0,0,0,0,0,0,0,0,0,0,0,0,0,0,0,0,0,0,0,0,0,0,0,0,0,0,0,0,0,0,0,0,0,0,0,0,0,0,0,0,0,0,0,0,0,0,0,0,0,0,0,0,0,0,0,0,0,0,0,0,0
0,0,0,0,0,0,0,0,0,0,0,0,0,0,0,0,0,0,0,0,0,0,0,0,0,0,0,0,0,0,0,0,0,0,0,0,0,0,0,0,0,0,0,0,0,0,0,0,0,0,0,0,0,0,0,0,0,0,0,0,0,0,0,0
0,0,0,0,0,0,0,0,0,0,0,0,0,0,0,0,0,0,0,0,0,0,0,0,0,0,0,0,0,0,0,0,0,0,0,0,0,0,0,0,0,0,0,0,0,0,0,0,0,0,0,0,0,0,0,0,0,0,0,0,0,0,0,0
0,0,0,0,0,0,0,0,0,22,9,13,11,9,6,6,0,24,10,3,7,7,0,0,0,20,0,1,7,0,0,0,0,20,0,9,1,0,0,0,0,24,0,0,0,0,0,0,0,17,0,0,0,0,0,0,0,10,0,0,0,0,0,0
0,0,0,0,0,0,0,0,22,9,13,11,9,6,6,0,24,10,3,7,7,0,0,3,20,0,1,7,0,0,0,1,20,0,9,1,0,0,0,0,24,0,0,0,0,0,0,0,17,0,0,0,0,0,0,0,10,0,0,0,0,0,0,0
0,0,0,0,0,0,0,0,9,13,11,9,6,6,0,0,10,3,7,7,0,0,3,0,0,1,7,0,0,0,1,0,0,9,1,0,0,0,0,0,0,0,0,0,0,0,0,0,0,0,0,0,0,0,0,0,0,0,0,0,0,0,0,0
0,22,9,13,11,9,6,6,0,24,10,3,7,7,0,0,0,20,0,1,7,0,0,0,0,20,0,9,1,0,0,0,0,24,0,0,0,0,0,0,0,17,0,0,0,0,0,0,0,10,0,0,0,0,0,0,0,0,0,0,0,0,0,0
22,9,13,11,9,6,6,0,24,10,3,7,7,0,0,3,20,0,1,7,0,0,0,1,20,0,9,1,0,0,0,0,24,0,0,0,0,0,0,0,17,0,0,0,0,0,0,0,10,0,0,0,0,0,0,0,0,0,0,0,0,0,0,0
9,13,11,9,6,6,0,0,10,3,7,7,0,0,3,0,0,1,7,0,0,0,1,0,0,9,1,0,0,0,0,0,0,0,0,0,0,0,0,0,0,0,0,0,0,0,0,0,0,0,0,0,0,0,0,0,0,0,0,0,0,0,0,0
0,24,10,3,7,7,0,0,0,20,0,1,7,0,0,0,0,20,0,9,1,0,0,0,0,24,0,0,0,0,0,0,0,17,0,0,0,0,0,0,0,10,0,0,0,0,0,0,0,0,0,0,0,0,0,0,0,0,0,0,0,0,0,0
24,10,3,7,7,0,0,3,20,0,1,7,0,0,0,1,20,0,9,1,0,0,0,0,24,0,0,0,0,0,0,0,17,0,0,0,0,0,0,0,10,0,0,0,0,0,0,0,0,0,0,0,0,0,0,0,0,0,0,0,0,0,0,0
10,3,7,7,0,0,3,0,0,1,7,0,0,0,1,0,0,9,1,0,0,0,0,0,0,0,0,0,0,0,0,0,0,0,0,0,0,0,0,0,0,0,0,0,0,0,0,0,0,0,0,0,0,0,0,0,0,0,0,0,0,0,0,0
0,0,0,0,0,0,0,0,0,17,12,6,7,10,9,7,0,18,14,14,10,11,13,14,0,15,7,3,3,7,9,14,0,3,1,9,3,7,3,18,0,7,0,7,7,5,5,24,0,9,1,0,14,7,18,27,0,10,0,0,11,17,18,15
0,0,0,0,0,0,0,0,17,12,6,7,10,9,7,0,18,14,14,10,11,13,14,12,15,7,3,3,7,9,14,9,3,1,9,3,7,3,18,7,7,0,7,7,5,5,24,15,9,1,0,14,7,18,27,17,10,0,0,11,17,18,15,17
0,0,0,0,0,0,0,0,12,6,7,10,9,7,0,0,14,14,10,11,13,14,12,0,7,3,3,7,9,14,9,0,1,9,3,7,3,18,7,0,0,7,7,5,5,24,15,0,1,0,14,7,18,27,17,0,0,0,11,17,18,15,17,0
0,17,12,6,7,10,9,7,0,18,14,14,10,11,13,14,0,15,7,3,3,7,9,14,0,3,1,9,3,7,3,18,0,7,0,7,7,5,5,24,0,9,1,0,14,7,18,27,0,10,0,0,11,17,18,15,0,0,0,7,7,7,5,5
17,12,6,7,10,9,7,0,18,14,14,10,11,13,14,12,15,7,3,3,7,9,14,9,3,1,9,3,7,3,18,7,7,0,7,7,5,5,24,15,9,1,0,14,7,18,27,17,10,0,0,11,17,18,15,17,0,0,7,7,7,5,5,11
12,6,7,10,9,7,0,0,14,14,10,11,13,14,12,0,7,3,3,7,9,14,9,0,1,9,3,7,3,18,7,0,0,7,7,5,5,24,15,0,1,0,14,7,18,27,17,0,0,0,11,17,18,15,17,0,0,7,7,7,5,5,11,0
0,18,14,14,10,11,13,14,0,15,7,3,3,7,9,14,0,3,1,9,3,7,3,18,0,7,0,7,7,5,5,24,0,9,1,0,14,7,18,27,0,10,0,0,11,17,18,15,0,0,0,7,7,7,5,5,0,0,0,0,0,0,0,0
18,14,14,10,11,13,14,12,15,7,3,3,7,9,14,9,3,1,9,3,7,3,18,7,7,0,7,7,5,5,24,15,9,1,0,14,7,18,27,17,10,0,0,11,17,18,15,17,0,0,7,7,7,5,5,11,0,0,0,0,0,0,0,0
14,14,10,11,13,14,12,0,7,3,3,7,9,14,9,0,1,9,3,7,3,18,7,0,0,7,7,5,5,24,15,0,1,0,14,7,18,27,17,0,0,0,11,17,18,15,17,0,0,7,7,7,5,5,11,0,0,0,0,0,0,0,0,0
0,0,0,0,0,0,0,0,0,0,0,0,0,0,0,0,0,0,0,0,0,0,0,0,0,0,0,0,0,0,0,0,0,0,0,0,0,0,0,0,0,0,0,0,0,0,0,0,0,0,0,0,0,0,0,0,0,0,0,0,0,0,0,0
0,0,0,0,0,0,0,0,0,0,0,0,0,0,0,0,0,0,0,0,0,0,0,0,0,0,0,0,0,0,0,0,0,0,0,0,0,0,0,0,0,0,0,0,0,0,0,0,0,0,0,0,0,0,0,0,0,0,0,0,0,0,0,0
0,0,0,0,0,0,0,0,0,0,0,0,0,0,0,0,0,0,0,0,0,0,0,0,0,0,0,0,0,0,0,0,0,0,0,0,0,0,0,0,0,0,0,0,0,0,0,0,0,0,0,0,0,0,0,0,0,0,0,0,0,0,0,0
0,0,0,0,0,0,0,0,0,0,0,0,0,0,0,0,0,0,0,0,0,0,0,0,0,0,0,0,0,0,0,0,0,0,0,0,0,0,0,0,0,0,0,0,0,0,0,0,0,0,0,0,0,0,0,0,0,0,0,0,0,0,0,0
0,0,0,0,0,0,0,0,0,0,0,0,0,0,0,0,0,0,0,0,0,0,0,0,0,0,0,0,0,0,0,0,0,0,0,0,0,0,0,0,0,0,0,0,0,0,0,0,0,0,0,0,0,0,0,0,0,0,0,0,0,0,0,0
0,0,0,0,0,0,0,0,0,0,0,0,0,0,0,0,0,0,0,0,0,0,0,0,0,0,0,0,0,0,0,0,0,0,0,0,0,0,0,0,0,0,0,0,0,0,0,0,0,0,0,0,0,0,0,0,0,0,0,0,0,0,0,0
0,0,0,0,0,0,0,0,0,0,0,0,0,0,0,0,0,0,0,0,0,0,0,0,0,0,0,0,0,0,0,0,0,0,0,0,0,0,0,0,0,0,0,0,0,0,0,0,0,0,0,0,0,0,0,0,0,0,0,0,0,0,0,0
0,0,0,0,0,0,0,0,0,0,0,0,0,0,0,0,0,0,0,0,0,0,0,0,0,0,0,0,0,0,0,0,0,0,0,0,0,0,0,0,0,0,0,0,0,0,0,0,0,0,0,0,0,0,0,0,0,0,0,0,0,0,0,0
0,0,0,0,0,0,0,0,0,0,0,0,0,0,0,0,0,0,0,0,0,0,0,0,0,0,0,0,0,0,0,0,0,0,0,0,0,0,0,0,0,0,0,0,0,0,0,0,0,0,0,0,0,0,0,0,0,0,0,0,0,0,0,0
0,0,0,0,0,0,0,0,0,0,0,0,0,0,0,0,0,0,0,0,0,0,0,0,0,0,0,0,0,0,0,0,0,0,0,0,0,0,0,0,0,0,0,0,0,0,0,0,0,0,0,0,0,0,0,0,0,0,0,0,0,1,0,0
0,0,0,0,0,0,0,0,0,0,0,0,0,0,0,0,0,0,0,0,0,0,0,0,0,0,0,0,0,0,0,0,0,0,0,0,0,0,0,0,0,0,0,0,0,0,0,0,0,0,0,0,0,0,0,0,0,0,0,0,1,0,0,0
0,0,0,0,0,0,0,0,0,0,0,0,0,0,0,0,0,0,0,0,0,0,0,0,0,0,0,0,0,0,0,0,0,0,0,0,0,0,0,0,0,0,0,0,0,0,0,0,0,0,0,0,0,0,0,0,0,0,0,1,0,0,0,0
0,0,0,0,0,0,0,0,0,0,0,0,0,0,0,0,0,0,0,0,0,0,0,0,0,0,0,0,0,0,0,0,0,0,0,0,0,0,0,0,0,0,0,0,0,0,0,0,0,0,0,0,0,1,0,0,0,0,0,0,0,0,0,0
0,0,0,0,0,0,0,0,0,0,0,0,0,0,0,0,0,0,0,0,0,0,0,0,0,0,0,0,0,0,0,0,0,0,0,0,0,0,0,0,0,0,0,0,0,0,0,0,0,0,0,0,1,0,0,0,0,0,0,0,0,0,0,0
0,0,0,0,0,0,0,0,0,0,0,0,0,0,0,0,0,0,0,0,0,0,0,0,0,0,0,0,0,0,0,0,0,0,0,0,0,0,0,0,0,0,0,0,0,0,0,0,0,0,0,1,0,0,0,0,0,0,0,0,0,0,0,0
0,0,0,0,0,0,0,0,0,0,0,0,0,0,0,0,0,0,0,0,0,0,0,0,0,0,0,0,0,0,0,0,0,0,0,0,0,0,0,0,0,0,0,0,0,1,0,0,0,0,0,0,0,0,0,0,0,0,0,0,0,0,0,0
0,0,0,0,0,0,0,0,0,0,0,0,0,0,0,0,0,0,0,0,0,0,0,0,0,0,0,0,0,0,0,0,0,0,0,0,0,0,0,0,0,0,0,0,1,0,0,0,0,0,0,0,0,0,0,0,0,0,0,0,0,0,0,0
0,0,0,0,0,0,0,0,0,0,0,0,0,0,0,0,0,0,0,0,0,0,0,0,0,0,0,0,0,0,0,0,0,0,0,0,0,0,0,0,0,0,0,1,0,0,0,0,0,0,0,0,0,0,0,0,0,0,0,0,0,0,0,0
0,0,0,0,0,0,0,0,0,22,30,25,22,27,25,26,0,10,31,24,17,27,22,21,0,15,30,25,28,36,27,25,0,11,14,28,20,28,30,34,0,7,22,30,13,26,23,27,0,9,11,22,20,30,28,23,0,14,13,15,36,30,28,24
0,0,0,0,0,0,0,0,22,30,25,22,27,25,26,33,10,31,24,17,27,22,21,25,15,30,25,28,36,27,25,28,11,14,28,20,28,30,34,30,7,22,30,13,26,23,27,27,9,11,22,20,30,28,23,20,14,13,15,36,30,28,24,30
0,0,0,0,0,0,0,0,30,25,22,27,25,26,33,0,31,24,17,27,22,21,25,0,30,25,28,36,27,25,28,0,14,28,20,28,30,34,30,0,22,30,13,26,23,27,27,0,11,22,20,30,28,23,20,0,13,15,36,30,28,24,30,0
0,22,30,25,22,27,25,26,0,10,31,24,17,27,22,21,0,15,30,25,28,36,27,25,0,11,14,28,20,28,30,34,0,7,22,30,13,26,23,27,0,9,11,22,20,30,28,23,0,14,13,15,36,30,28,24,0,18,31,26,31,33,25,25
22,30,25,22,27,25,26,33,10,31,24,17,27,22,21,25,15,30,25,28,36,27,25,28,11,14,28,20,28,30,34,30,7,22,30,13,26,23,27,27,9,11,22,20,30,28,23,20,14,13,15,36,30,28,24,30,18,31,26,31,33,25,25,15
30,25,22,27,25,26,33,0,31,24,17,27,22,21,25,0,30,25,28,36,27,25,28,0,14,28,20,28,30,34,30,0,22,30,13,26,23,27,27,0,11,22,20,30,28,23,20,0,13,15,36,30,28,24,30,0,31,26,31,33,25,25,15,0
0,10,31,24,17,27,22,21,0,15,30,25,28,36,27,25,0,11,14,28,20,28,30,34,0,7,22,30,13,26,23,27,0,9,11,22,20,30,28,23,0,14,13,15,36,30,28,24,0,18,31,26,31,33,25,25,0,0,0,0,0,0,0,0
10,31,24,17,27,22,21,25,15,30,25,28,36,27,25,28,11,14,28,20,28,30,34,30,7,22,30,13,26,23,27,27,9,11,22,20,30,28,23,20,14,13,15,36,30,28,24,30,18,31,26,31,33,25,25,15,0,0,0,0,0,0,0,0
31,24,17,27,22,21,25,0,30,25,28,36,27,25,28,0,14,28,20,28,30,34,30,0,22,30,13,26,23,27,27,0,11,22,20,30,28,23,20,0,13,15,36,30,28,24,30,0,31,26,31,33,25,25,15,0,0,0,0,0,0,0,0,0
0,0,0,0,0,0,0,0,0,0,0,0,0,0,0,0,0,0,0,0,0,0,0,0,0,0,0,0,0,0,0,0,0,0,0,0,0,0,0,0,0,0,0,0,0,0,0,0,0,0,0,0,0,0,0,0,0,0,0,0,0,0,0,0
0,0,0,0,0,0,0,0,0,0,0,0,0,0,0,0,0,0,0,0,0,0,0,0,0,0,0,0,0,0,0,0,0,0,0,0,0,0,0,0,0,0,0,0,0,0,0,0,0,0,0,0,0,0,0,0,0,0,0,0,0,0,0,0
0,0,0,0,0,0,0,0,0,0,0,0,0,0,0,0,0,0,0,0,0,0,0,0,0,0,0,0,0,0,0,0,0,0,0,0,0,0,0,0,0,0,0,0,0,0,0,0,0,0,0,0,0,0,0,0,0,0,0,0,0,0,0,0
0,0,0,0,0,0,0,0,0,0,0,0,0,0,0,0,0,0,0,0,0,0,0,0,0,0,0,0,0,0,0,0,0,0,0,0,0,0,0,0,0,0,0,0,0,0,0,0,0,0,0,0,0,0,0,0,0,0,0,0,0,0,0,0
0,0,0,0,0,0,0,0,0,0,0,0,0,0,0,0,0,0,0,0,0,0,0,0,0,0,0,0,0,0,0,0,0,0,0,0,0,0,0,0,0,0,0,0,0,0,0,0,0,0,0,0,0,0,0,0,0,0,0,0,0,0,0,0
0,0,0,0,0,0,0,0,0,0,0,0,0,0,0,0,0,0,0,0,0,0,0,0,0,0,0,0,0,0,0,0,0,0,0,0,0,0,0,0,0,0,0,0,0,0,0,0,0,0,0,0,0,0,0,0,0,0,0,0,0,0,0,0
0,0,0,0,0,0,0,0,0,0,0,0,0,0,0,0,0,0,0,0,0,0,0,0,0,0,0,0,0,0,0,0,0,0,0,0,0,0,0,0,0,0,0,0,0,0,0,0,0,0,0,0,0,0,0,0,0,0,0,0,0,0,0,0
0,0,0,0,0,0,0,0,0,0,0,0,0,0,0,0,0,0,0,0,0,0,0,0,0,0,0,0,0,0,0,0,0,0,0,0,0,0,0,0,0,0,0,0,0,0,0,0,0,0,0,0,0,0,0,0,0,0,0,0,0,0,0,0
0,0,0,0,0,0,0,0,0,0,0,0,0,0,0,0,0,0,0,0,0,0,0,0,0,0,0,0,0,0,0,0,0,0,0,0,0,0,0,0,0,0,0,0,0,0,0,0,0,0,0,0,0,0,0,0,0,0,0,0,0,0,0,0
0,0,0,0,0,0,0,0,0,0,6,3,7,7,0,5,0,0,0,0,0,0,0,0,0,0,0,0,0,0,0,0,0,0,0,0,0,0,0,0,0,0,0,0,0,0,0,0,0,0,0,0,0,0,0,0,0,0,0,0,0,0,0,0
0,0,0,0,0,0,0,0,0,6,3,7,7,0,5,0,0,0,0,0,0,0,0,0,0,0,0,0,0,0,0,0,0,0,0,0,0,0,0,0,0,0,0,0,0,0,0,0,0,0,0,0,0,0,0,0,0,0,0,0,0,0,0,0
0,0,0,0,0,0,0,0,6,3,7,7,0,5,0,0,0,0,0,0,0,0,0,0,0,0,0,0,0,0,0,0,0,0,0,0,0,0,0,0,0,0,0,0,0,0,0,0,0,0,0,0,0,0,0,0,0,0,0,0,0,0,0,0
0,0,6,3,7,7,0,5,0,0,0,0,0,0,0,0,0,0,0,0,0,0,0,0,0,0,0,0,0,0,0,0,0,0,0,0,0,0,0,0,0,0,0,0,0,0,0,0,0,0,0,0,0,0,0,0,0,0,0,0,0,0,0,0
0,6,3,7,7,0,5,0,0,0,0,0,0,0,0,0,0,0,0,0,0,0,0,0,0,0,0,0,0,0,0,0,0,0,0,0,0,0,0,0,0,0,0,0,0,0,0,0,0,0,0,0,0,0,0,0,0,0,0,0,0,0,0,0
6,3,7,7,0,5,0,0,0,0,0,0,0,0,0,0,0,0,0,0,0,0,0,0,0,0,0,0,0,0,0,0,0,0,0,0,0,0,0,0,0,0,0,0,0,0,0,0,0,0,0,0,0,0,0,0,0,0,0,0,0,0,0,0
0,0,0,0,0,0,0,0,0,0,0,0,0,0,0,0,0,0,0,0,0,0,0,0,0,0,0,0,0,0,0,0,0,0,0,0,0,0,0,0,0,0,0,0,0,0,0,0,0,0,0,0,0,0,0,0,0,0,0,0,0,0,0,0
0,0,0,0,0,0,0,0,0,0,0,0,0,0,0,0,0,0,0,0,0,0,0,0,0,0,0,0,0,0,0,0,0,0,0,0,0,0,0,0,0,0,0,0,0,0,0,0,0,0,0,0,0,0,0,0,0,0,0,0,0,0,0,0
0,0,0,0,0,0,0,0,0,0,0,0,0,0,0,0,0,0,0,0,0,0,0,0,0,0,0,0,0,0,0,0,0,0,0,0,0,0,0,0,0,0,0,0,0,0,0,0,0,0,0,0,0,0,0,0,0,0,0,0,0,0,0,0
0,0,0,0,0,0,0,0,0,0,0,0,0,0,0,0,0,0,0,0,0,1,0,0,0,0,3,0,0,3,0,0,0,0,9,5,0,0,0,0,0,0,7,0,1,3,5,7,0,0,6,0,1,9,0,3,0,0,0,0,0,1,0,0
0,0,0,0,0,0,0,0,0,0,0,0,0,0,0,0,0,0,0,0,1,0,0,7,0,3,0,0,3,0,0,7,0,9,5,0,0,0,0,1,0,7,0,1,3,5,7,14,0,6,0,1,9,0,3,13,0,0,0,0,1,0,0,7
0,0,0,0,0,0,0,0,0,0,0,0,0,0,0,0,0,0,0,1,0,0,7,0,3,0,0,3,0,0,7,0,9,5,0,0,0,0,1,0,7,0,1,3,5,7,14,0,6,0,1,9,0,3,13,0,0,0,0,1,0,0,7,0
0,0,0,0,0,0,0,0,0,0,0,0,0,1,0,0,0,0,3,0,0,3,0,0,0,0,9,5,0,0,0,0,0,0,7,0,1,3,5,7,0,0,6,0,1,9,0,3,0,0,0,0,0,1,0,0,0,0,0,0,0,0,0,0
0,0,0,0,0,0,0,0,0,0,0,0,1,0,0,7,0,3,0,0,3,0,0,7,0,9,5,0,0,0,0,1,0,7,0,1,3,5,7,14,0,6,0,1,9,0,3,13,0,0,0,0,1,0,0,7,0,0,0,0,0,0,0,0
0,0,0,0,0,0,0,0,0,0,0,1,0,0,7,0,3,0,0,3,0,0,7,0,9,5,0,0,0,0,1,0,7,0,1,3,5,7,14,0,6,0,1,9,0,3,13,0,0,0,0,1,0,0,7,0,0,0,0,0,0,0,0,0
0,0,0,0,0,1,0,0,0,0,3,0,0,3,0,0,0,0,9,5,0,0,0,0,0,0,7,0,1,3,5,7,0,0,6,0,1,9,0,3,0,0,0,0,0,1,0,0,0,0,0,0,0,0,0,0,0,0,0,0,0,0,0,0
0,0,0,0,1,0,0,7,0,3,0,0,3,0,0,7,0,9,5,0,0,0,0,1,0,7,0,1,3,5,7,14,0,6,0,1,9,0,3,13,0,0,0,0,1,0,0,7,0,0,0,0,0,0,0,0,0,0,0,0,0,0,0,0
0,0,0,1,0,0,7,0,3,0,0,3,0,0,7,0,9,5,0,0,0,0,1,0,7,0,1,3,5,7,14,0,6,0,1,9,0,3,13,0,0,0,0,1,0,0,7,0,0,0,0,0,0,0,0,0,0,0,0,0,0,0,0,0
0,0,0,0,0,0,0,0,0,0,0,0,0,0,0,0,0,0,0,0,0,0,0,0,0,0,0,0,0,0,0,0,0,0,0,0,0,0,0,0,0,0,0,0,0,0,0,5,0,0,0,0,0,0,0,0,0,0,0,0,0,0,0,0
0,0,0,0,0,0,0,0,0,0,0,0,0,0,0,0,0,0,0,0,0,0,0,0,0,0,0,0,0,0,0,0,0,0,0,0,0,0,0,0,0,0,0,0,0,0,5,0,0,0,0,0,0,0,0,0,0,0,0,0,0,0,0,0
0,0,0,0,0,0,0,0,0,0,0,0,0,0,0,0,0,0,0,0,0,0,0,0,0,0,0,0,0,0,0,0,0,0,0,0,0,0,0,0,0,0,0,0,0,5,0,0,0,0,0,0,0,0,0,0,0,0,0,0,0,0,0,0
0,0,0,0,0,0,0,0,0,0,0,0,0,0,0,0,0,0,0,0,0,0,0,0,0,0,0,0,0,0,0,0,0,0,0,0,0,0,0,5,0,0,0,0,0,0,0,0,0,0,0,0,0,0,0,0,0,0,0,0,0,0,0,0
0,0,0,0,0,0,0,0,0,0,0,0,0,0,0,0,0,0,0,0,0,0,0,0,0,0,0,0,0,0,0,0,0,0,0,0,0,0,5,0,0,0,0,0,0,0,0,0,0,0,0,0,0,0,0,0,0,0,0,0,0,0,0,0
0,0,0,0,0,0,0,0,0,0,0,0,0,0,0,0,0,0,0,0,0,0,0,0,0,0,0,0,0,0,0,0,0,0,0,0,0,5,0,0,0,0,0,0,0,0,0,0,0,0,0,0,0,0,0,0,0,0,0,0,0,0,0,0
0,0,0,0,0,0,0,0,0,0,0,0,0,0,0,0,0,0,0,0,0,0,0,0,0,0,0,0,0,0,0,5,0,0,0,0,0,0,0,0,0,0,0,0,0,0,0,0,0,0,0,0,0,0,0,0,0,0,0,0,0,0,0,0
0,0,0,0,0,0,0,0,0,0,0,0,0,0,0,0,0,0,0,0,0,0,0,0,0,0,0,0,0,0,5,0,0,0,0,0,0,0,0,0,0,0,0,0,0,0,0,0,0,0,0,0,0,0,0,0,0,0,0,0,0,0,0,0
0,0,0,0,0,0,0,0,0,0,0,0,0,0,0,0,0,0,0,0,0,0,0,0,0,0,0,0,0,5,0,0,0,0,0,0,0,0,0,0,0,0,0,0,0,0,0,0,0,0,0,0,0,0,0,0,0,0,0,0,0,0,0,0
0,0,0,0,0,0,0,0,0,20,30,30,31,31,36,27,0,15,25,36,35,33,34,28,0,24,12,39,20,28,22,30,0,22,19,26,31,33,22,30,0,17,18,23,34,34,22,31,0,5,23,34,30,28,30,28,0,3,18,28,25,23,24,24
0,0,0,0,0,0,0,0,20,30,30,31,31,36,27,34,15,25,36,35,33,34,28,35,24,12,39,20,28,22,30,33,22,19,26,31,33,22,30,36,17,18,23,34,34,22,31,31,5,23,34,30,28,30,28,28,3,18,28,25,23,24,24,27
0,0,0,0,0,0,0,0,30,30,31,31,36,27,34,0,25,36,35,33,34,28,35,0,12,39,20,28,22,30,33,0,19,26,31,33,22,30,36,0,18,23,34,34,22,31,31,0,23,34,30,28,30,28,28,0,18,28,25,23,24,24,27,0
0,20,30,30,31,31,36,27,0,15,25,36,35,33,34,28,0,24,12,39,20,28,22,30,0,22,19,26,31,33,22,30,0,17,18,23,34,34,22,31,0,5,23,34,30,28,30,28,0,3,18,28,25,23,24,24,0,27,20,22,34,37,35,34
20,30,30,31,31,36,27,34,15,25,36,35,33,34,28,35,24,12,39,20,28,22,30,33,22,19,26,31,33,22,30,36,17,18,23,34,34,22,31,31,5,23,34,30,28,30,28,28,3,18,28,25,23,24,24,27,27,20,22,34,37,35,34,36
30,30,31,31,36,27,34,0,25,36,35,33,34,28,35,0,12,39,20,28,22,30,33,0,19,26,31,33,22,30,36,0,18,23,34,34,22,31,31,0,23,34,30,28,30,28,28,0,18,28,25,23,24,24,27,0,20,22,34,37,35,34,36,0
0,15,25,36,35,33,34,28,0,24,12,39,20,28,22,30,0,22,19,26,31,33,22,30,0,17,18,23,34,34,22,31,0,5,23,34,30,28,30,28,0,3,18,28,25,23,24,24,0,27,20,22,34,37,35,34,0,0,0,0,0,0,0,0
15,25,36,35,33,34,28,35,24,12,39,20,28,22,30,33,22,19,26,31,33,22,30,36,17,18,23,34,34,22,31,31,5,23,34,30,28,30,28,28,3,18,28,25,23,24,24,27,27,20,22,34,37,35,34,36,0,0,0,0,0,0,0,0
25,36,35,33,34,28,35,0,12,39,20,28,22,30,33,0,19,26,31,33,22,30,36,0,18,23,34,34,22,31,31,0,23,34,30,28,30,28,28,0,18,28,25,23,24,24,27,0,20,22,34,37,35,34,36,0,0,0,0,0,0,0,0,0
0,0,0,0,0,0,0,0,0,7,12,12,14,17,19,17,0,7,5,21,15,15,21,15,0,11,15,15,13,17,21,19,0,12,7,6,13,23,19,24,0,18,14,3,13,15,15,12,0,12,11,14,22,21,21,11,0,0,0,10,12,11,7,6
0,0,0,0,0,0,0,0,7,12,12,14,17,19,17,23,7,5,21,15,15,21,15,25,11,15,15,13,17,21,19,22,12,7,6,13,23,19,24,25,18,14,3,13,15,15,12,23,12,11,14,22,21,21,11,15,0,0,10,12,11,7,6,10
0,0,0,0,0,0,0,0,12,12,14,17,19,17,23,0,5,21,15,15,21,15,25,0,15,15,13,17,21,19,22,0,7,6,13,23,19,24,25,0,14,3,13,15,15,12,23,0,11,14,22,21,21,11,15,0,0,10,12,11,7,6,10,0
0,7,12,12,14,17,19,17,0,7,5,21,15,15,21,15,0,11,15,15,13,17,21,19,0,12,7,6,13,23,19,24,0,18,14,3,13,15,15,12,0,12,11,14,22,21,21,11,0,0,0,10,12,11,7,6,0,3,6,11,7,11,11,7
7,12,12,14,17,19,17,23,7,5,21,15,15,21,15,25,11,15,15,13,17,21,19,22,12,7,6,13,23,19,24,25,18,14,3,13,15,15,12,23,12,11,14,22,21,21,11,15,0,0,10,12,11,7,6,10,3,6,11,7,11,11,7,14
12,12,14,17,19,17,23,0,5,21,15,15,21,15,25,0,15,15,13,17,21,19,22,0,7,6,13,23,19,24,25,0,14,3,13,15,15,12,23,0,11,14,22,21,21,11,15,0,0,10,12,11,7,6,10,0,6,11,7,11,11,7,14,0
0,7,5,21,15,15,21,15,0,11,15,15,13,17,21,19,0,12,7,6,13,23,19,24,0,18,14,3,13,15,15,12,0,12,11,14,22,21,21,11,0,0,0,10,12,11,7,6,0,3,6,11,7,11,11,7,0,0,0,0,0,0,0,0
7,5,21,15,15,21,15,25,11,15,15,13,17,21,19,22,12,7,6,13,23,19,24,25,18,14,3,13,15,15,12,23,12,11,14,22,21,21,11,15,0,0,10,12,11,7,6,10,3,6,11,7,11,11,7,14,0,0,0,0,0,0,0,0
5,21,15,15,21,15,25,0,15,15,13,17,21,19,22,0,7,6,13,23,19,24,25,0,14,3,13,15,15,12,23,0,11,14,22,21,21,11,15,0,0,10,12,11,7,6,10,0,6,11,7,11,11,7,14,0,0,0,0,0,0,0,0,0
0,0,0,0,0,0,0,0,0,0,3,0,3,0,0,1,0,0,15,14,7,0,7,1,0,0,7,3,3,0,3,0,0,0,0,0,1,3,9,0,0,0,0,10,3,5,9,0,0,0,3,0,3,0,0,1,0,0,1,0,0,0,0,1
0,0,0,0,0,0,0,0,0,3,0,3,0,0,1,10,0,15,14,7,0,7,1,7,0,7,3,3,0,3,0,3,0,0,0,1,3,9,0,6,0,0,10,3,5,9,0,12,0,3,0,3,0,0,1,7,0,1,0,0,0,0,1,0
0,0,0,0,0,0,0,0,3,0,3,0,0,1,10,0,15,14,7,0,7,1,7,0,7,3,3,0,3,0,3,0,0,0,1,3,9,0,6,0,0,10,3,5,9,0,12,0,3,0,3,0,0,1,7,0,1,0,0,0,0,1,0,0
0,0,3,0,3,0,0,1,0,0,15,14,7,0,7,1,0,0,7,3,3,0,3,0,0,0,0,0,1,3,9,0,0,0,0,10,3,5,9,0,0,0,3,0,3,0,0,1,0,0,1,0,0,0,0,1,0,0,6,0,0,0,0,0
0,3,0,3,0,0,1,10,0,15,14,7,0,7,1,7,0,7,3,3,0,3,0,3,0,0,0,1,3,9,0,6,0,0,10,3,5,9,0,12,0,3,0,3,0,0,1,7,0,1,0,0,0,0,1,0,0,6,0,0,0,0,0,0
3,0,3,0,0,1,10,0,15,14,7,0,7,1,7,0,7,3,3,0,3,0,3,0,0,0,1,3,9,0,6,0,0,10,3,5,9,0,12,0,3,0,3,0,0,1,7,0,1,0,0,0,0,1,0,0,6,0,0,0,0,0,0,0
0,0,15,14,7,0,7,1,0,0,7,3,3,0,3,0,0,0,0,0,1,3,9,0,0,0,0,10,3,5,9,0,0,0,3,0,3,0,0,1,0,0,1,0,0,0,0,1,0,0,6,0,0,0,0,0,0,0,0,0,0,0,0,0
0,15,14,7,0,7,1,7,0,7,3,3,0,3,0,3,0,0,0,1,3,9,0,6,0,0,10,3,5,9,0,12,0,3,0,3,0,0,1,7,0,1,0,0,0,0,1,0,0,6,0,0,0,0,0,0,0,0,0,0,0,0,0,0
15,14,7,0,7,1,7,0,7,3,3,0,3,0,3,0,0,0,1,3,9,0,6,0,0,10,3,5,9,0,12,0,3,0,3,0,0,1,7,0,1,0,0,0,0,1,0,0,6,0,0,0,0,0,0,0,0,0,0,0,0,0,0,0
0,0,0,0,0,0,0,0,0,0,0,0,0,0,0,0,0,0,0,0,0,0,0,0,0,0,0,0,0,0,0,0,0,0,0,0,0,0,0,0,0,0,0,0,0,0,0,0,0,0,0,0,0,0,0,0,0,0,0,0,0,0,0,0
0,0,0,0,0,0,0,0,0,0,0,0,0,0,0,0,0,0,0,0,0,0,0,0,0,0,0,0,0,0,0,0,0,0,0,0,0,0,0,0,0,0,0,0,0,0,0,0,0,0,0,0,0,0,0,0,0,0,0,0,0,0,0,0
0,0,0,0,0,0,0,0,0,0,0,0,0,0,0,0,0,0,0,0,0,0,0,0,0,0,0,0,0,0,0,0,0,0,0,0,0,0,0,0,0,0,0,0,0,0,0,0,0,0,0,0,0,0,0,0,0,0,0,0,0,0,0,0
0,0,0,0,0,0,0,0,0,0,0,0,0,0,0,0,0,0,0,0,0,0,0,0,0,0,0,0,0,0,0,0,0,0,0,0,0,0,0,0,0,0,0,0,0,0,0,0,0,0,0,0,0,0,0,0,0,1,3,9,0,0,3,6
0,0,0,0,0,0,0,0,0,0,0,0,0,0,0,0,0,0,0,0,0,0,0,0,0,0,0,0,0,0,0,0,0,0,0,0,0,0,0,0,0,0,0,0,0,0,0,0,0,0,0,0,0,0,0,0,1,3,9,0,0,3,6,0
0,0,0,0,0,0,0,0,0,0,0,0,0,0,0,0,0,0,0,0,0,0,0,0,0,0,0,0,0,0,0,0,0,0,0,0,0,0,0,0,0,0,0,0,0,0,0,0,0,0,0,0,0,0,0,0,3,9,0,0,3,6,0,0
0,0,0,0,0,0,0,0,0,0,0,0,0,0,0,0,0,0,0,0,0,0,0,0,0,0,0,0,0,0,0,0,0,0,0,0,0,0,0,0,0,0,0,0,0,0,0,0,0,1,3,9,0,0,3,6,0,0,0,0,0,0,0,0
0,0,0,0,0,0,0,0,0,0,0,0,0,0,0,0,0,0,0,0,0,0,0,0,0,0,0,0,0,0,0,0,0,0,0,0,0,0,0,0,0,0,0,0,0,0,0,0,1,3,9,0,0,3,6,0,0,0,0,0,0,0,0,0
0,0,0,0,0,0,0,0,0,0,0,0,0,0,0,0,0,0,0,0,0,0,0,0,0,0,0,0,0,0,0,0,0,0,0,0,0,0,0,0,0,0,0,0,0,0,0,0,3,9,0,0,3,6,0,0,0,0,0,0,0,0,0,0
0,0,0,0,0,0,0,0,0,12,7,7,11,6,9,6,0,22,25,14,12,10,20,20,0,20,27,11,12,11,17,21,0,24,11,7,9,11,17,9,0,28,7,14,10,18,12,7,0,24,18,13,1,9,14,15,0,31,24,5,7,10,12,6
0,0,0,0,0,0,0,0,12,7,7,11,6,9,6,0,22,25,14,12,10,20,20,0,20,27,11,12,11,17,21,0,24,11,7,9,11,17,9,3,28,7,14,10,18,12,7,0,24,18,13,1,9,14,15,0,31,24,5,7,10,12,6,0
0,0,0,0,0,0,0,0,7,7,11,6,9,6,0,0,25,14,12,10,20,20,0,0,27,11,12,11,17,21,0,0,11,7,9,11,17,9,3,0,7,14,10,18,12,7,0,0,18,13,1,9,14,15,0,0,24,5,7,10,12,6,0,0
0,12,7,7,11,6,9,6,0,22,25,14,12,10,20,20,0,20,27,11,12,11,17,21,0,24,11,7,9,11,17,9,0,28,7,14,10,18,12,7,0,24,18,13,1,9,14,15,0,31,24,5,7,10,12,6,0,21,28,21,19,15,18,15
12,7,7,11,6,9,6,0,22,25,14,12,10,20,20,0,20,27,11,12,11,17,21,0,24,11,7,9,11,17,9,3,28,7,14,10,18,12,7,0,24,18,13,1,9,14,15,0,31,24,5,7,10,12,6,0,21,28,21,19,15,18,15,6
7,7,11,6,9,6,0,0,25,14,12,10,20,20,0,0,27,11,12,11,17,21,0,0,11,7,9,11,17,9,3,0,7,14,10,18,12,7,0,0,18,13,1,9,14,15,0,0,24,5,7,10,12,6,0,0,28,21,19,15,18,15,6,0
0,22,25,14,12,10,20,20,0,20,27,11,12,11,17,21,0,24,11,7,9,11,17,9,0,28,7,14,10,18,12,7,0,24,18,13,1,9,14,15,0,31,24,5,7,10,12,6,0,21,28,21,19,15,18,15,0,0,0,0,0,0,0,0
22,25,14,12,10,20,20,0,20,27,11,12,11,17,21,0,24,11,7,9,11,17,9,3,28,7,14,10,18,12,7,0,24,18,13,1,9,14,15,0,31,24,5,7,10,12,6,0,21,28,21,19,15,18,15,6,0,0,0,0,0,0,0,0
25,14,12,10,20,20,0,0,27,11,12,11,17,21,0,0,11,7,9,11,17,9,3,0,7,14,10,18,12,7,0,0,18,13,1,9,14,15,0,0,24,5,7,10,12,6,0,0,28,21,19,15,18,15,6,0,0,0,0,0,0,0,0,0
0,0,0,0,0,0,0,0,0,0,0,0,0,0,0,0,0,0,0,0,0,0,0,0,0,0,0,0,0,0,0,0,0,0,0,0,0,0,0,0,0,0,0,0,0,0,0,0,0,0,0,0,0,0,0,0,0,0,0,0,0,0,0,0
0,0,0,0,0,0,0,0,0,0,0,0,0,0,0,0,0,0,0,0,0,0,0,0,0,0,0,0,0,0,0,0,0,0,0,0,0,0,0,0,0,0,0,0,0,0,0,0,0,0,0,0,0,0,0,0,0,0,0,0,0,0,0,0
0,0,0,0,0,0,0,0,0,0,0,0,0,0,0,0,0,0,0,0,0,0,0,0,0,0,0,0,0,0,0,0,0,0,0,0,0,0,0,0,0,0,0,0,0,0,0,0,0,0,0,0,0,0,0,0,0,0,0,0,0,0,0,0
0,0,0,0,0,0,0,0,0,0,0,0,0,0,0,0,0,0,0,0,0,0,0,0,0,0,0,0,0,0,0,0,0,0,0,0,0,0,0,0,0,0,0,0,0,0,0,0,0,0,0,0,0,0,0,0,0,0,0,0,0,0,0,0
0,0,0,0,0,0,0,0,0,0,0,0,0,0,0,0,0,0,0,0,0,0,0,0,0,0,0,0,0,0,0,0,0,0,0,0,0,0,0,0,0,0,0,0,0,0,0,0,0,0,0,0,0,0,0,0,0,0,0,0,0,0,0,0
0,0,0,0,0,0,0,0,0,0,0,0,0,0,0,0,0,0,0,0,0,0,0,0,0,0,0,0,0,0,0,0,0,0,0,0,0,0,0,0,0,0,0,0,0,0,0,0,0,0,0,0,0,0,0,0,0,0,0,0,0,0,0,0
0,0,0,0,0,0,0,0,0,0,0,0,0,0,0,0,0,0,0,0,0,0,0,0,0,0,0,0,0,0,0,0,0,0,0,0,0,0,0,0,0,0,0,0,0,0,0,0,0,0,0,0,0,0,0,0,0,0,0,0,0,0,0,0
0,0,0,0,0,0,0,0,0,0,0,0,0,0,0,0,0,0,0,0,0,0,0,0,0,0,0,0,0,0,0,0,0,0,0,0,0,0,0,0,0,0,0,0,0,0,0,0,0,0,0,0,0,0,0,0,0,0,0,0,0,0,0,0
0,0,0,0,0,0,0,0,0,0,0,0,0,0,0,0,0,0,0,0,0,0,0,0,0,0,0,0,0,0,0,0,0,0,0,0,0,0,0,0,0,0,0,0,0,0,0,0,0,0,0,0,0,0,0,0,0,0,0,0,0,0,0,0
0,0,0,0,0,0,0,0,0,0,0,0,0,0,0,0,0,0,0,0,0,0,0,0,0,0,0,0,0,0,0,0,0,0,0,0,0,0,0,0,0,0,0,0,0,0,0,0,0,0,0,0,0,0,0,0,0,0,0,0,0,0,0,0
0,0,0,0,0,0,0,0,0,0,0,0,0,0,0,0,0,0,0,0,0,0,0,0,0,0,0,0,0,0,0,0,0,0,0,0,0,0,0,0,0,0,0,0,0,0,0,0,0,0,0,0,0,0,0,0,0,0,0,0,0,0,0,0
0,0,0,0,0,0,0,0,0,0,0,0,0,0,0,0,0,0,0,0,0,0,0,0,0,0,0,0,0,0,0,0,0,0,0,0,0,0,0,0,0,0,0,0,0,0,0,0,0,0,0,0,0,0,0,0,0,0,0,0,0,0,0,0
0,0,0,0,0,0,0,0,0,0,0,0,0,0,0,0,0,0,0,0,0,0,0,0,0,0,0,0,0,0,0,0,0,0,0,0,0,0,0,0,0,0,0,0,0,0,0,0,0,0,0,0,0,0,0,0,0,0,0,0,0,0,0,0
0,0,0,0,0,0,0,0,0,0,0,0,0,0,0,0,0,0,0,0,0,0,0,0,0,0,0,0,0,0,0,0,0,0,0,0,0,0,0,0,0,0,0,0,0,0,0,0,0,0,0,0,0,0,0,0,0,0,0,0,0,0,0,0
0,0,0,0,0,0,0,0,0,0,0,0,0,0,0,0,0,0,0,0,0,0,0,0,0,0,0,0,0,0,0,0,0,0,0,0,0,0,0,0,0,0,0,0,0,0,0,0,0,0,0,0,0,0,0,0,0,0,0,0,0,0,0,0
0,0,0,0,0,0,0,0,0,0,0,0,0,0,0,0,0,0,0,0,0,0,0,0,0,0,0,0,0,0,0,0,0,0,0,0,0,0,0,0,0,0,0,0,0,0,0,0,0,0,0,0,0,0,0,0,0,0,0,0,0,0,0,0
0,0,0,0,0,0,0,0,0,0,0,0,0,0,0,0,0,0,0,0,0,0,0,0,0,0,0,0,0,0,0,0,0,0,0,0,0,0,0,0,0,0,0,0,0,0,0,0,0,0,0,0,0,0,0,0,0,0,0,0,0,0,0,0
0,0,0,0,0,0,0,0,0,0,0,0,0,0,0,0,0,0,0,0,0,0,0,0,0,0,0,0,0,0,0,0,0,0,0,0,0,0,0,0,0,0,0,0,0,0,0,0,0,0,0,0,0,0,0,0,0,0,0,0,0,0,0,0
0,0,0,0,0,0,0,0,0,0,9,15,11,13,5,6,0,0,0,0,0,3,0,0,0,0,0,0,0,5,0,0,0,0,0,0,0,3,0,0,0,0,0,0,0,0,0,0,0,0,0,1,0,0,0,0,0,0,0,0,0,0,0,0
0,0,0,0,0,0,0,0,0,9,15,11,13,5,6,27,0,0,0,0,3,0,0,22,0,0,0,0,5,0,0,22,0,0,0,0,3,0,0,21,0,0,0,0,0,0,0,22,0,0,1,0,0,0,0,18,0,0,0,0,0,0,0,21
0,0,0,0,0,0,0,0,9,15,11,13,5,6,27,0,0,0,0,3,0,0,22,0,0,0,0,5,0,0,22,0,0,0,0,3,0,0,21,0,0,0,0,0,0,0,22,0,0,1,0,0,0,0,18,0,0,0,0,0,0,0,21,0
0,0,9,15,11,13,5,6,0,0,0,0,0,3,0,0,0,0,0,0,0,5,0,0,0,0,0,0,0,3,0,0,0,0,0,0,0,0,0,0,0,0,0,1,0,0,0,0,0,0,0,0,0,0,0,0,0,0,0,0,0,0,0,0
0,9,15,11,13,5,6,27,0,0,0,0,3,0,0,22,0,0,0,0,5,0,0,22,0,0,0,0,3,0,0,21,0,0,0,0,0,0,0,22,0,0,1,0,0,0,0,18,0,0,0,0,0,0,0,21,0,0,0,0,0,0,0,3
9,15,11,13,5,6,27,0,0,0,0,3,0,0,22,0,0,0,0,5,0,0,22,0,0,0,0,3,0,0,21,0,0,0,0,0,0,0,22,0,0,1,0,0,0,0,18,0,0,0,0,0,0,0,21,0,0,0,0,0,0,0,3,0
0,0,0,0,0,3,0,0,0,0,0,0,0,5,0,0,0,0,0,0,0,3,0,0,0,0,0,0,0,0,0,0,0,0,0,1,0,0,0,0,0,0,0,0,0,0,0,0,0,0,0,0,0,0,0,0,0,0,0,0,0,0,0,0
0,0,0,0,3,0,0,22,0,0,0,0,5,0,0,22,0,0,0,0,3,0,0,21,0,0,0,0,0,0,0,22,0,0,1,0,0,0,0,18,0,0,0,0,0,0,0,21,0,0,0,0,0,0,0,3,0,0,0,0,0,0,0,0
0,0,0,3,0,0,22,0,0,0,0,5,0,0,22,0,0,0,0,3,0,0,21,0,0,0,0,0,0,0,22,0,0,1,0,0,0,0,18,0,0,0,0,0,0,0,21,0,0,0,0,0,0,0,3,0,0,0,0,0,0,0,0,0
0,0,0,0,0,0,0,0,0,0,0,0,0,0,0,0,0,0,0,0,0,0,0,0,0,0,0,0,0,0,0,0,0,0,0,0,0,0,0,0,0,0,0,0,0,0,0,0,0,0,0,0,0,0,0,0,0,0,0,0,0,0,0,0
0,0,0,0,0,0,0,0,0,0,0,0,0,0,0,0,0,0,0,0,0,0,0,0,0,0,0,0,0,0,0,0,0,0,0,0,0,0,0,0,0,0,0,0,0,0,0,0,0,0,0,0,0,0,0,0,0,0,0,0,0,0,0,0
0,0,0,0,0,0,0,0,0,0,0,0,0,0,0,0,0,0,0,0,0,0,0,0,0,0,0,0,0,0,0,0,0,0,0,0,0,0,0,0,0,0,0,0,0,0,0,0,0,0,0,0,0,0,0,0,0,0,0,0,0,0,0,0
0,0,0,0,0,0,0,0,0,0,0,0,0,0,0,0,0,0,0,0,0,0,0,0,0,0,0,0,0,0,0,0,0,0,0,0,0,0,0,0,0,0,0,0,0,0,0,0,0,0,0,0,0,0,0,0,0,0,0,0,0,0,0,0
0,0,0,0,0,0,0,0,0,0,0,0,0,0,0,0,0,0,0,0,0,0,0,0,0,0,0,0,0,0,0,0,0,0,0,0,0,0,0,0,0,0,0,0,0,0,0,0,0,0,0,0,0,0,0,0,0,0,0,0,0,0,0,0
0,0,0,0,0,0,0,0,0,0,0,0,0,0,0,0,0,0,0,0,0,0,0,0,0,0,0,0,0,0,0,0,0,0,0,0,0,0,0,0,0,0,0,0,0,0,0,0,0,0,0,0,0,0,0,0,0,0,0,0,0,0,0,0
0,0,0,0,0,0,0,0,0,0,0,0,0,0,0,0,0,0,0,0,0,0,0,0,0,0,0,0,0,0,0,0,0,0,0,0,0,0,0,0,0,0,0,0,0,0,0,0,0,0,0,0,0,0,0,0,0,0,0,0,0,0,0,0
0,0,0,0,0,0,0,0,0,0,0,0,0,0,0,0,0,0,0,0,0,0,0,0,0,0,0,0,0,0,0,0,0,0,0,0,0,0,0,0,0,0,0,0,0,0,0,0,0,0,0,0,0,0,0,0,0,0,0,0,0,0,0,0
0,0,0,0,0,0,0,0,0,0,0,0,0,0,0,0,0,0,0,0,0,0,0,0,0,0,0,0,0,0,0,0,0,0,0,0,0,0,0,0,0,0,0,0,0,0,0,0,0,0,0,0,0,0,0,0,0,0,0,0,0,0,0,0
0,0,0,0,0,0,0,0,0,12,9,11,7,11,10,0,0,5,0,0,0,0,0,0,0,0,0,0,0,0,0,0,0,0,0,0,0,0,0,0,0,0,0,0,0,0,0,0,0,0,0,0,0,0,0,0,0,0,0,0,0,0,0,0
0,0,0,0,0,0,0,0,12,9,11,7,11,10,0,19,5,0,0,0,0,0,0,12,0,0,0,0,0,0,0,7,0,0,0,0,0,0,0,11,0,0,0,0,0,0,0,1,0,0,0,0,0,0,0,6,0,0,0,0,0,0,0,10
0,0,0,0,0,0,0,0,9,11,7,11,10,0,19,0,0,0,0,0,0,0,12,0,0,0,0,0,0,0,7,0,0,0,0,0,0,0,11,0,0,0,0,0,0,0,1,0,0,0,0,0,0,0,6,0,0,0,0,0,0,0,10,0
0,12,9,11,7,11,10,0,0,5,0,0,0,0,0,0,0,0,0,0,0,0,0,0,0,0,0,0,0,0,0,0,0,0,0,0,0,0,0,0,0,0,0,0,0,0,0,0,0,0,0,0,0,0,0,0,0,0,0,0,0,0,0,0
12,9,11,7,11,10,0,19,5,0,0,0,0,0,0,12,0,0,0,0,0,0,0,7,0,0,0,0,0,0,0,11,0,0,0,0,0,0,0,1,0,0,0,0,0,0,0,6,0,0,0,0,0,0,0,10,0,0,0,0,0,0,0,3
9,11,7,11,10,0,19,0,0,0,0,0,0,0,12,0,0,0,0,0,0,0,7,0,0,0,0,0,0,0,11,0,0,0,0,0,0,0,1,0,0,0,0,0,0,0,6,0,0,0,0,0,0,0,10,0,0,0,0,0,0,0,3,0
0,5,0,0,0,0,0,0,0,0,0,0,0,0,0,0,0,0,0,0,0,0,0,0,0,0,0,0,0,0,0,0,0,0,0,0,0,0,0,0,0,0,0,0,0,0,0,0,0,0,0,0,0,0,0,0,0,0,0,0,0,0,0,0
5,0,0,0,0,0,0,12,0,0,0,0,0,0,0,7,0,0,0,0,0,0,0,11,0,0,0,0,0,0,0,1,0,0,0,0,0,0,0,6,0,0,0,0,0,0,0,10,0,0,0,0,0,0,0,3,0,0,0,0,0,0,0,0
0,0,0,0,0,0,12,0,0,0,0,0,0,0,7,0,0,0,0,0,0,0,11,0,0,0,0,0,0,0,1,0,0,0,0,0,0,0,6,0,0,0,0,0,0,0,10,0,0,0,0,0,0,0,3,0,0,0,0,0,0,0,0,0
0,0,0,0,0,0,0,0,0,28,28,27,31,30,25,36,0,21,28,28,24,27,21,28,0,25,31,31,25,23,23,20,0,18,26,27,28,28,27,26,0,31,37,28,26,31,30,33,0,21,42,22,21,28,25,28,0,18,35,22,28,28,25,27
0,0,0,0,0,0,0,0,28,28,27,31,30,25,36,28,21,28,28,24,27,21,28,36,25,31,31,25,23,23,20,31,18,26,27,28,28,27,26,31,31,37,28,26,31,30,33,33,21,42,22,21,28,25,28,33,18,35,22,28,28,25,27,37
0,0,0,0,0,0,0,0,28,27,31,30,25,36,28,0,28,28,24,27,21,28,36,0,31,31,25,23,23,20,31,0,26,27,28,28,27,26,31,0,37,28,26,31,30,33,33,0,42,22,21,28,25,28,33,0,35,22,28,28,25,27,37,0
0,28,28,27,31,30,25,36,0,21,28,28,24,27,21,28,0,25,31,31,25,23,23,20,0,18,26,27,28,28,27,26,0,31,37,28,26,31,30,33,0,21,42,22,21,28,25,28,0,18,35,22,28,28,25,27,0,17,23,28,21,20,19,22
28,28,27,31,30,25,36,28,21,28,28,24,27,21,28,36,25,31,31,25,23,23,20,31,18,26,27,28,28,27,26,31,31,37,28,26,31,30,33,33,21,42,22,21,28,25,28,33,18,35,22,28,28,25,27,37,17,23,28,21,20,19,22,28
28,27,31,30,25,36,28,0,28,28,24,27,21,28,36,0,31,31,25,23,23,20,31,0,26,27,28,28,27,26,31,0,37,28,26,31,30,33,33,0,42,22,21,28,25,28,33,0,35,22,28,28,25,27,37,0,23,28,21,20,19,22,28,0
0,21,28,28,24,27,21,28,0,25,31,31,25,23,23,20,0,18,26,27,28,28,27,26,0,31,37,28,26,31,30,33,0,21,42,22,21,28,25,28,0,18,35,22,28,28,25,27,0,17,23,28,21,20,19,22,0,0,0,0,0,0,0,0
21,28,28,24,27,21,28,36,25,31,31,25,23,23,20,31,18,26,27,28,28,27,26,31,31,37,28,26,31,30,33,33,21,42,22,21,28,25,28,33,18,35,22,28,28,25,27,37,17,23,28,21,20,19,22,28,0,0,0,0,0,0,0,0
28,28,24,27,21,28,36,0,31,31,25,23,23,20,31,0,26,27,28,28,27,26,31,0,37,28,26,31,30,33,33,0,42,22,21,28,25,28,33,0,35,22,28,28,25,27,37,0,23,28,21,20,19,22,28,0,0,0,0,0,0,0,0,0
0,0,0,0,0,0,0,0,0,0,0,0,0,0,0,0,0,0,0,0,0,0,0,0,0,0,0,0,0,0,0,0,0,0,0,0,0,0,0,0,0,0,0,0,0,0,0,0,0,0,0,0,0,0,0,0,0,0,0,0,0,0,0,0
0,0,0,0,0,0,0,0,0,0,0,0,0,0,0,0,0,0,0,0,0,0,0,0,0,0,0,0,0,0,0,0,0,0,0,0,0,0,0,0,0,0,0,0,0,0,0,0,0,0,0,0,0,0,0,0,0,0,0,0,0,0,0,0
0,0,0,0,0,0,0,0,0,0,0,0,0,0,0,0,0,0,0,0,0,0,0,0,0,0,0,0,0,0,0,0,0,0,0,0,0,0,0,0,0,0,0,0,0,0,0,0,0,0,0,0,0,0,0,0,0,0,0,0,0,0,0,0
0,0,0,0,0,0,0,0,0,0,0,0,0,0,0,0,0,0,0,0,0,0,0,0,0,0,0,0,0,0,0,0,0,0,0,0,0,0,0,0,0,0,0,0,0,0,0,0,0,0,0,0,0,0,0,0,0,0,0,0,0,0,0,0
0,0,0,0,0,0,0,0,0,0,0,0,0,0,0,0,0,0,0,0,0,0,0,0,0,0,0,0,0,0,0,0,0,0,0,0,0,0,0,0,0,0,0,0,0,0,0,0,0,0,0,0,0,0,0,0,0,0,0,0,0,0,0,0
0,0,0,0,0,0,0,0,0,0,0,0,0,0,0,0,0,0,0,0,0,0,0,0,0,0,0,0,0,0,0,0,0,0,0,0,0,0,0,0,0,0,0,0,0,0,0,0,0,0,0,0,0,0,0,0,0,0,0,0,0,0,0,0
0,0,0,0,0,0,0,0,0,0,0,0,0,0,0,0,0,0,0,0,0,0,0,0,0,0,0,0,0,0,0,0,0,0,0,0,0,0,0,0,0,0,0,0,0,0,0,0,0,0,0,0,0,0,0,0,0,0,0,0,0,0,0,0
0,0,0,0,0,0,0,0,0,0,0,0,0,0,0,0,0,0,0,0,0,0,0,0,0,0,0,0,0,0,0,0,0,0,0,0,0,0,0,0,0,0,0,0,0,0,0,0,0,0,0,0,0,0,0,0,0,0,0,0,0,0,0,0
0,0,0,0,0,0,0,0,0,0,0,0,0,0,0,0,0,0,0,0,0,0,0,0,0,0,0,0,0,0,0,0,0,0,0,0,0,0,0,0,0,0,0,0,0,0,0,0,0,0,0,0,0,0,0,0,0,0,0,0,0,0,0,0
0,0,0,0,0,0,0,0,0,17,12,15,15,14,11,13,0,21,7,19,23,26,21,17,0,21,13,14,18,23,15,18,0,23,17,21,20,26,26,23,0,17,11,22,19,18,25,24,0,18,15,9,9,10,18,15,0,23,18,19,15,12,14,13
0,0,0,0,0,0,0,0,17,12,15,15,14,11,13,3,21,7,19,23,26,21,17,7,21,13,14,18,23,15,18,13,23,17,21,20,26,26,23,15,17,11,22,19,18,25,24,9,18,15,9,9,10,18,15,0,23,18,19,15,12,14,13,1
0,0,0,0,0,0,0,0,12,15,15,14,11,13,3,0,7,19,23,26,21,17,7,0,13,14,18,23,15,18,13,0,17,21,20,26,26,23,15,0,11,22,19,18,25,24,9,0,15,9,9,10,18,15,0,0,18,19,15,12,14,13,1,0
0,17,12,15,15,14,11,13,0,21,7,19,23,26,21,17,0,21,13,14,18,23,15,18,0,23,17,21,20,26,26,23,0,17,11,22,19,18,25,24,0,18,15,9,9,10,18,15,0,23,18,19,15,12,14,13,0,7,13,24,27,17,14,10
17,12,15,15,14,11,13,3,21,7,19,23,26,21,17,7,21,13,14,18,23,15,18,13,23,17,21,20,26,26,23,15,17,11,22,19,18,25,24,9,18,15,9,9,10,18,15,0,23,18,19,15,12,14,13,1,7,13,24,27,17,14,10,5
12,15,15,14,11,13,3,0,7,19,23,26,21,17,7,0,13,14,18,23,15,18,13,0,17,21,20,26,26,23,15,0,11,22,19,18,25,24,9,0,15,9,9,10,18,15,0,0,18,19,15,12,14,13,1,0,13,24,27,17,14,10,5,0
0,21,7,19,23,26,21,17,0,21,13,14,18,23,15,18,0,23,17,21,20,26,26,23,0,17,11,22,19,18,25,24,0,18,15,9,9,10,18,15,0,23,18,19,15,12,14,13,0,7,13,24,27,17,14,10,0,0,0,0,0,0,0,0
21,7,19,23,26,21,17,7,21,13,14,18,23,15,18,13,23,17,21,20,26,26,23,15,17,11,22,19,18,25,24,9,18,15,9,9,10,18,15,0,23,18,19,15,12,14,13,1,7,13,24,27,17,14,10,5,0,0,0,0,0,0,0,0
7,19,23,26,21,17,7,0,13,14,18,23,15,18,13,0,17,21,20,26,26,23,15,0,11,22,19,18,25,24,9,0,15,9,9,10,18,15,0,0,18,19,15,12,14,13,1,0,13,24,27,17,14,10,5,0,0,0,0,0,0,0,0,0
0,0,0,0,0,0,0,0,0,0,0,0,0,0,0,0,0,0,0,0,0,0,0,0,0,0,0,0,0,0,0,0,0,0,0,0,0,0,0,0,0,0,0,0,0,0,0,0,0,0,0,0,0,0,0,0,0,0,0,0,0,0,0,0
0,0,0,0,0,0,0,0,0,0,0,0,0,0,0,0,0,0,0,0,0,0,0,0,0,0,0,0,0,0,0,0,0,0,0,0,0,0,0,0,0,0,0,0,0,0,0,0,0,0,0,0,0,0,0,0,0,0,0,0,0,0,0,0
0,0,0,0,0,0,0,0,0,0,0,0,0,0,0,0,0,0,0,0,0,0,0,0,0,0,0,0,0,0,0,0,0,0,0,0,0,0,0,0,0,0,0,0,0,0,0,0,0,0,0,0,0,0,0,0,0,0,0,0,0,0,0,0
0,0,0,0,0,0,0,0,0,0,0,0,0,0,0,0,0,0,0,0,0,0,0,0,0,0,0,0,0,0,0,0,0,0,0,0,0,0,0,0,0,0,0,0,0,0,0,0,0,0,0,0,0,0,0,0,0,0,0,0,0,0,0,0
0,0,0,0,0,0,0,0,0,0,0,0,0,0,0,0,0,0,0,0,0,0,0,0,0,0,0,0,0,0,0,0,0,0,0,0,0,0,0,0,0,0,0,0,0,0,0,0,0,0,0,0,0,0,0,0,0,0,0,0,0,0,0,0
0,0,0,0,0,0,0,0,0,0,0,0,0,0,0,0,0,0,0,0,0,0,0,0,0,0,0,0,0,0,0,0,0,0,0,0,0,0,0,0,0,0,0,0,0,0,0,0,0,0,0,0,0,0,0,0,0,0,0,0,0,0,0,0
0,0,0,0,0,0,0,0,0,0,0,0,0,0,0,0,0,0,0,0,0,0,0,0,0,0,0,0,0,0,0,0,0,0,0,0,0,0,0,0,0,0,0,0,0,0,0,0,0,0,0,0,0,0,0,0,0,0,0,0,0,0,0,0
0,0,0,0,0,0,0,0,0,0,0,0,0,0,0,0,0,0,0,0,0,0,0,0,0,0,0,0,0,0,0,0,0,0,0,0,0,0,0,0,0,0,0,0,0,0,0,0,0,0,0,0,0,0,0,0,0,0,0,0,0,0,0,0
0,0,0,0,0,0,0,0,0,0,0,0,0,0,0,0,0,0,0,0,0,0,0,0,0,0,0,0,0,0,0,0,0,0,0,0,0,0,0,0,0,0,0,0,0,0,0,0,0,0,0,0,0,0,0,0,0,0,0,0,0,0,0,0
0,0,0,0,0,0,0,0,0,24,34,37,35,39,41,31,0,34,42,47,45,43,49,41,0,39,46,52,50,43,45,43,0,35,40,56,56,50,47,53,0,34,43,48,53,52,49,54,0,30,45,57,63,43,53,53,0,35,57,50,53,52,50,52
0,0,0,0,0,0,0,0,24,34,37,35,39,41,31,41,34,42,47,45,43,49,41,51,39,46,52,50,43,45,43,48,35,40,56,56,50,47,53,53,34,43,48,53,52,49,54,51,30,45,57,63,43,53,53,47,35,57,50,53,52,50,52,47
0,0,0,0,0,0,0,0,34,37,35,39,41,31,41,0,42,47,45,43,49,41,51,0,46,52,50,43,45,43,48,0,40,56,56,50,47,53,53,0,43,48,53,52,49,54,51,0,45,57,63,43,53,53,47,0,57,50,53,52,50,52,47,0
0,24,34,37,35,39,41,31,0,34,42,47,45,43,49,41,0,39,46,52,50,43,45,43,0,35,40,56,56,50,47,53,0,34,43,48,53,52,49,54,0,30,45,57,63,43,53,53,0,35,57,50,53,52,50,52,0,31,51,47,44,47,44,43
24,34,37,35,39,41,31,41,34,42,47,45,43,49,41,51,39,46,52,50,43,45,43,48,35,40,56,56,50,47,53,53,34,43,48,53,52,49,54,51,30,45,57,63,43,53,53,47,35,57,50,53,52,50,52,47,31,51,47,44,47,44,43,35
34,37,35,39,41,31,41,0,42,47,45,43,49,41,51,0,46,52,50,43,45,43,48,0,40,56,56,50,47,53,53,0,43,48,53,52,49,54,51,0,45,57,63,43,53,53,47,0,57,50,53,52,50,52,47,0,51,47,44,47,44,43,35,0
0,34,42,47,45,43,49,41,0,39,46,52,50,43,45,43,0,35,40,56,56,50,47,53,0,34,43,48,53,52,49,54,0,30,45,57,63,43,53,53,0,35,57,50,53,52,50,52,0,31,51,47,44,47,44,43,0,0,0,0,0,0,0,0
34,42,47,45,43,49,41,51,39,46,52,50,43,45,43,48,35,40,56,56,50,47,53,53,34,43,48,53,52,49,54,51,30,45,57,63,43,53,53,47,35,57,50,53,52,50,52,47,31,51,47,44,47,44,43,35,0,0,0,0,0,0,0,0
42,47,45,43,49,41,51,0,46,52,50,43,45,43,48,0,40,56,56,50,47,53,53,0,43,48,53,52,49,54,51,0,45,57,63,43,53,53,47,0,57,50,53,52,50,52,47,0,51,47,44,47,44,43,35,0,0,0,0,0,0,0,0,0
0,0,0,0,0,0,0,0,0,23,15,13,20,15,13,13,0,3,0,0,3,0,3,3,0,0,3,0,0,0,9,1,0,0,0,0,0,0,7,6,0,6,0,0,0,9,6,0,0,1,3,12,10,6,0,3,0,0,1,9,1,0,0,0
0,0,0,0,0,0,0,0,23,15,13,20,15,13,13,26,3,0,0,3,0,3,3,23,0,3,0,0,0,9,1,28,0,0,0,0,0,7,6,31,6,0,0,0,9,6,0,15,1,3,12,10,6,0,3,17,0,1,9,1,0,0,0,15
0,0,0,0,0,0,0,0,15,13,20,15,13,13,26,0,0,0,3,0,3,3,23,0,3,0,0,0,9,1,28,0,0,0,0,0,7,6,31,0,0,0,0,9,6,0,15,0,3,12,10,6,0,3,17,0,1,9,1,0,0,0,15,0
0,23,15,13,20,15,13,13,0,3,0,0,3,0,3,3,0,0,3,0,0,0,9,1,0,0,0,0,0,0,7,6,0,6,0,0,0,9,6,0,0,1,3,12,10,6,0,3,0,0,1,9,1,0,0,0,0,12,0,3,0,0,0,0
23,15,13,20,15,13,13,26,3,0,0,3,0,3,3,23,0,3,0,0,0,9,1,28,0,0,0,0,0,7,6,31,6,0,0,0,9,6,0,15,1,3,12,10,6,0,3,17,0,1,9,1,0,0,0,15,12,0,3,0,0,0,0,9
15,13,20,15,13,13,26,0,0,0,3,0,3,3,23,0,3,0,0,0,9,1,28,0,0,0,0,0,7,6,31,0,0,0,0,9,6,0,15,0,3,12,10,6,0,3,17,0,1,9,1,0,0,0,15,0,0,3,0,0,0,0,9,0
0,3,0,0,3,0,3,3,0,0,3,0,0,0,9,1,0,0,0,0,0,0,7,6,0,6,0,0,0,9,6,0,0,1,3,12,10,6,0,3,0,0,1,9,1,0,0,0,0,12,0,3,0,0,0,0,0,0,0,0,0,0,0,0
3,0,0,3,0,3,3,23,0,3,0,0,0,9,1,28,0,0,0,0,0,7,6,31,6,0,0,0,9,6,0,15,1,3,12,10,6,0,3,17,0,1,9,1,0,0,0,15,12,0,3,0,0,0,0,9,0,0,0,0,0,0,0,0
0,0,3,0,3,3,23,0,3,0,0,0,9,1,28,0,0,0,0,0,7,6,31,0,0,0,0,9,6,0,15,0,3,12,10,6,0,3,17,0,1,9,1,0,0,0,15,0,0,3,0,0,0,0,9,0,0,0,0,0,0,0,0,0
0,0,0,0,0,0,0,0,0,37,31,31,31,31,28,33,0,43,36,37,34,35,34,26,0,45,28,38,21,28,36,25,0,41,17,31,26,23,28,23,0,42,27,30,30,35,30,40,0,39,35,36,26,21,27,28,0,44,31,39,30,31,28,27
0,0,0,0,0,0,0,0,37,31,31,31,31,28,33,23,43,36,37,34,35,34,26,22,45,28,38,21,28,36,25,23,41,17,31,26,23,28,23,15,42,27,30,30,35,30,40,23,39,35,36,26,21,27,28,18,44,31,39,30,31,28,27,20
0,0,0,0,0,0,0,0,31,31,31,31,28,33,23,0,36,37,34,35,34,26,22,0,28,38,21,28,36,25,23,0,17,31,26,23,28,23,15,0,27,30,30,35,30,40,23,0,35,36,26,21,27,28,18,0,31,39,30,31,28,27,20,0
0,37,31,31,31,31,28,33,0,43,36,37,34,35,34,26,0,45,28,38,21,28,36,25,0,41,17,31,26,23,28,23,0,42,27,30,30,35,30,40,0,39,35,36,26,21,27,28,0,44,31,39,30,31,28,27,0,46,38,37,35,39,41,36
37,31,31,31,31,28,33,23,43,36,37,34,35,34,26,22,45,28,38,21,28,36,25,23,41,17,31,26,23,28,23,15,42,27,30,30,35,30,40,23,39,35,36,26,21,27,28,18,44,31,39,30,31,28,27,20,46,38,37,35,39,41,36,22
31,31,31,31,28,33,23,0,36,37,34,35,34,26,22,0,28,38,21,28,36,25,23,0,17,31,26,23,28,23,15,0,27,30,30,35,30,40,23,0,35,36,26,21,27,28,18,0,31,39,30,31,28,27,20,0,38,37,35,39,41,36,22,0
0,43,36,37,34,35,34,26,0,45,28,38,21,28,36,25,0,41,17,31,26,23,28,23,0,42,27,30,30,35,30,40,0,39,35,36,26,21,27,28,0,44,31,39,30,31,28,27,0,46,38,37,35,39,41,36,0,0,0,0,0,0,0,0
43,36,37,34,35,34,26,22,45,28,38,21,28,36,25,23,41,17,31,26,23,28,23,15,42,27,30,30,35,30,40,23,39,35,36,26,21,27,28,18,44,31,39,30,31,28,27,20,46,38,37,35,39,41,36,22,0,0,0,0,0,0,0,0
36,37,34,35,34,26,22,0,28,38,21,28,36,25,23,0,17,31,26,23,28,23,15,0,27,30,30,35,30,40,23,0,35,36,26,21,27,28,18,0,31,39,30,31,28,27,20,0,38,37,35,39,41,36,22,0,0,0,0,0,0,0,0,0
0,0,0,0,0,0,0,0,0,0,3,7,5,3,7,3,0,12,17,13,9,10,10,15,0,15,22,10,24,18,12,17,0,17,28,14,13,15,7,12,0,7,19,22,20,22,18,21,0,7,20,24,17,23,19,15,0,13,26,19,12,19,15,23
0,0,0,0,0,0,0,0,0,3,7,5,3,7,3,25,12,17,13,9,10,10,15,28,15,22,10,24,18,12,17,31,17,28,14,13,15,7,12,28,7,19,22,20,22,18,21,33,7,20,24,17,23,19,15,30,13,26,19,12,19,15,23,28
0,0,0,0,0,0,0,0,3,7,5,3,7,3,25,0,17,13,9,10,10,15,28,0,22,10,24,18,12,17,31,0,28,14,13,15,7,12,28,0,19,22,20,22,18,21,33,0,20,24,17,23,19,15,30,0,26,19,12,19,15,23,28,0
0,0,3,7,5,3,7,3,0,12,17,13,9,10,10,15,0,15,22,10,24,18,12,17,0,17,28,14,13,15,7,12,0,7,19,22,20,22,18,21,0,7,20,24,17,23,19,15,0,13,26,19,12,19,15,23,0,22,26,21,18,15,20,19
0,3,7,5,3,7,3,25,12,17,13,9,10,10,15,28,15,22,10,24,18,12,17,31,17,28,14,13,15,7,12,28,7,19,22,20,22,18,21,33,7,20,24,17,23,19,15,30,13,26,19,12,19,15,23,28,22,26,21,18,15,20,19,26
3,7,5,3,7,3,25,0,17,13,9,10,10,15,28,0,22,10,24,18,12,17,31,0,28,14,13,15,7,12,28,0,19,22,20,22,18,21,33,0,20,24,17,23,19,15,30,0,26,19,12,19,15,23,28,0,26,21,18,15,20,19,26,0
0,12,17,13,9,10,10,15,0,15,22,10,24,18,12,17,0,17,28,14,13,15,7,12,0,7,19,22,20,22,18,21,0,7,20,24,17,23,19,15,0,13,26,19,12,19,15,23,0,22,26,21,18,15,20,19,0,0,0,0,0,0,0,0
12,17,13,9,10,10,15,28,15,22,10,24,18,12,17,31,17,28,14,13,15,7,12,28,7,19,22,20,22,18,21,33,7,20,24,17,23,19,15,30,13,26,19,12,19,15,23,28,22,26,21,18,15,20,19,26,0,0,0,0,0,0,0,0
17,13,9,10,10,15,28,0,22,10,24,18,12,17,31,0,28,14,13,15,7,12,28,0,19,22,20,22,18,21,33,0,20,24,17,23,19,15,30,0,26,19,12,19,15,23,28,0,26,21,18,15,20,19,26,0,0,0,0,0,0,0,0,0
0,0,0,0,0,0,0,0,0,0,0,0,0,0,0,0,0,0,0,0,0,0,0,0,0,0,0,0,0,0,0,0,0,0,0,0,0,0,0,0,0,0,0,0,0,0,0,0,0,0,0,0,0,0,0,0,0,0,0,0,0,0,0,0
0,0,0,0,0,0,0,0,0,0,0,0,0,0,0,0,0,0,0,0,0,0,0,0,0,0,0,0,0,0,0,0,0,0,0,0,0,0,0,0,0,0,0,0,0,0,0,0,0,0,0,0,0,0,0,0,0,0,0,0,0,0,0,0
0,0,0,0,0,0,0,0,0,0,0,0,0,0,0,0,0,0,0,0,0,0,0,0,0,0,0,0,0,0,0,0,0,0,0,0,0,0,0,0,0,0,0,0,0,0,0,0,0,0,0,0,0,0,0,0,0,0,0,0,0,0,0,0
0,0,0,0,0,0,0,0,0,0,0,0,0,0,0,0,0,0,0,0,0,0,0,0,0,0,0,0,0,0,0,0,0,0,0,0,0,0,0,0,0,0,0,0,0,0,0,0,0,0,0,0,0,0,0,0,0,0,0,0,0,0,0,0
0,0,0,0,0,0,0,0,0,0,0,0,0,0,0,0,0,0,0,0,0,0,0,0,0,0,0,0,0,0,0,0,0,0,0,0,0,0,0,0,0,0,0,0,0,0,0,0,0,0,0,0,0,0,0,0,0,0,0,0,0,0,0,0
0,0,0,0,0,0,0,0,0,0,0,0,0,0,0,0,0,0,0,0,0,0,0,0,0,0,0,0,0,0,0,0,0,0,0,0,0,0,0,0,0,0,0,0,0,0,0,0,0,0,0,0,0,0,0,0,0,0,0,0,0,0,0,0
0,0,0,0,0,0,0,0,0,0,0,0,0,0,0,0,0,0,0,0,0,0,0,0,0,0,0,0,0,0,0,0,0,0,0,0,0,0,0,0,0,0,0,0,0,0,0,0,0,0,0,0,0,0,0,0,0,0,0,0,0,0,0,0
0,0,0,0,0,0,0,0,0,0,0,0,0,0,0,0,0,0,0,0,0,0,0,0,0,0,0,0,0,0,0,0,0,0,0,0,0,0,0,0,0,0,0,0,0,0,0,0,0,0,0,0,0,0,0,0,0,0,0,0,0,0,0,0
0,0,0,0,0,0,0,0,0,0,0,0,0,0,0,0,0,0,0,0,0,0,0,0,0,0,0,0,0,0,0,0,0,0,0,0,0,0,0,0,0,0,0,0,0,0,0,0,0,0,0,0,0,0,0,0,0,0,0,0,0,0,0,0
0,0,0,0,0,0,0,0,0,0,0,0,0,0,0,0,0,0,0,0,0,0,0,0,0,0,0,0,0,0,0,0,0,0,0,0,0,0,0,0,0,0,0,0,0,0,0,0,0,0,0,0,0,0,0,0,0,0,0,0,0,0,0,0
0,0,0,0,0,0,0,0,0,0,0,0,0,0,0,0,0,0,0,0,0,0,0,0,0,0,0,0,0,0,0,0,0,0,0,0,0,0,0,0,0,0,0,0,0,0,0,0,0,0,0,0,0,0,0,0,0,0,0,0,0,0,0,0
0,0,0,0,0,0,0,0,0,0,0,0,0,0,0,0,0,0,0,0,0,0,0,0,0,0,0,0,0,0,0,0,0,0,0,0,0,0,0,0,0,0,0,0,0,0,0,0,0,0,0,0,0,0,0,0,0,0,0,0,0,0,0,0
0,0,0,0,0,0,0,0,0,0,0,0,0,0,0,0,0,0,0,0,0,0,0,0,0,0,0,0,0,0,0,0,0,0,0,0,0,0,0,0,0,0,0,0,0,0,0,0,0,0,0,0,0,0,0,0,0,0,0,0,0,0,0,0
0,0,0,0,0,0,0,0,0,0,0,0,0,0,0,0,0,0,0,0,0,0,0,0,0,0,0,0,0,0,0,0,0,0,0,0,0,0,0,0,0,0,0,0,0,0,0,0,0,0,0,0,0,0,0,0,0,0,0,0,0,0,0,0
0,0,0,0,0,0,0,0,0,0,0,0,0,0,0,0,0,0,0,0,0,0,0,0,0,0,0,0,0,0,0,0,0,0,0,0,0,0,0,0,0,0,0,0,0,0,0,0,0,0,0,0,0,0,0,0,0,0,0,0,0,0,0,0
0,0,0,0,0,0,0,0,0,0,0,0,0,0,0,0,0,0,0,0,0,0,0,0,0,0,0,0,0,0,0,0,0,0,0,0,0,0,0,0,0,0,0,0,0,0,0,0,0,0,0,0,0,0,0,0,0,0,0,0,0,0,0,0
0,0,0,0,0,0,0,0,0,0,0,0,0,0,0,0,0,0,0,0,0,0,0,0,0,0,0,0,0,0,0,0,0,0,0,0,0,0,0,0,0,0,0,0,0,0,0,0,0,0,0,0,0,0,0,0,0,0,0,0,0,0,0,0
0,0,0,0,0,0,0,0,0,0,0,0,0,0,0,0,0,0,0,0,0,0,0,0,0,0,0,0,0,0,0,0,0,0,0,0,0,0,0,0,0,0,0,0,0,0,0,0,0,0,0,0,0,0,0,0,0,0,0,0,0,0,0,0
0,0,0,0,0,0,0,0,0,0,0,0,0,0,0,0,0,0,0,0,0,0,0,0,0,0,0,0,0,0,0,0,0,0,0,0,0,0,0,0,0,0,0,0,0,0,0,0,0,0,0,0,0,0,0,0,0,0,0,0,0,0,0,0
0,0,0,0,0,0,0,0,0,0,0,0,0,0,0,0,0,0,0,0,0,0,0,0,0,0,0,0,0,0,0,0,0,0,0,0,0,0,0,0,0,0,0,0,0,0,0,0,0,0,0,0,0,0,0,0,0,0,0,0,0,0,0,0
0,0,0,0,0,0,0,0,0,0,0,0,0,0,0,0,0,0,0,0,0,0,0,0,0,0,0,0,0,0,0,0,0,0,0,0,0,0,0,0,0,0,0,0,0,0,0,0,0,0,0,0,0,0,0,0,0,0,0,0,0,0,0,0
0,0,0,0,0,0,0,0,0,0,0,0,0,0,0,0,0,0,0,0,0,0,0,0,0,0,0,0,0,0,0,0,0,0,0,0,0,0,0,0,0,0,0,0,0,0,0,0,0,0,0,0,0,0,0,0,0,0,0,0,0,0,0,0
0,0,0,0,0,0,0,0,0,0,0,0,0,0,0,0,0,0,0,0,0,0,0,0,0,0,0,0,0,0,0,0,0,0,0,0,0,0,0,0,0,0,0,0,0,0,0,0,0,0,0,0,0,0,0,0,0,0,0,0,0,0,0,0
0,0,0,0,0,0,0,0,0,0,0,0,0,0,0,0,0,0,0,0,0,0,0,0,0,0,0,0,0,0,0,0,0,0,0,0,0,0,0,0,0,0,0,0,0,0,0,0,0,0,0,0,0,0,0,0,0,0,0,0,0,0,0,0
0,0,0,0,0,0,0,0,0,0,0,0,0,0,0,0,0,0,0,0,0,0,0,0,0,0,0,0,0,0,0,0,0,0,0,0,0,0,0,0,0,0,0,0,0,0,0,0,0,0,0,0,0,0,0,0,0,0,0,0,0,0,0,0
0,0,0,0,0,0,0,0,0,0,0,0,0,0,0,0,0,0,0,0,0,0,0,0,0,0,0,0,0,0,0,0,0,0,0,0,0,0,0,0,0,0,0,0,0,0,0,0,0,0,0,0,0,0,0,0,0,0,0,0,0,0,0,0
0,0,0,0,0,0,0,0,0,0,0,0,0,0,0,0,0,0,0,0,0,0,0,0,0,0,0,0,0,0,0,0,0,0,0,0,0,0,0,0,0,0,0,0,0,0,0,0,0,0,0,0,0,0,0,0,0,0,0,0,0,0,0,0
0,0,0,0,0,0,0,0,0,0,0,0,0,0,0,0,0,0,0,0,0,0,0,0,0,0,0,0,0,0,0,0,0,0,0,0,0,0,0,0,0,0,0,0,0,0,0,0,0,0,0,0,0,0,0,0,0,0,3,0,6,6,6,0
0,0,0,0,0,0,0,0,0,0,0,0,0,0,0,0,0,0,0,0,0,0,0,0,0,0,0,0,0,0,0,0,0,0,0,0,0,0,0,0,0,0,0,0,0,0,0,7,0,0,0,0,0,0,0,0,0,3,0,6,6,6,0,0
0,0,0,0,0,0,0,0,0,0,0,0,0,0,0,0,0,0,0,0,0,0,0,0,0,0,0,0,0,0,0,0,0,0,0,0,0,0,0,0,0,0,0,0,0,0,7,0,0,0,0,0,0,0,0,0,3,0,6,6,6,0,0,0
0,0,0,0,0,0,0,0,0,0,0,0,0,0,0,0,0,0,0,0,0,0,0,0,0,0,0,0,0,0,0,0,0,0,0,0,0,0,0,0,0,0,0,0,0,0,0,0,0,0,3,0,6,6,6,0,0,0,0,0,6,0,0,0
0,0,0,0,0,0,0,0,0,0,0,0,0,0,0,0,0,0,0,0,0,0,0,0,0,0,0,0,0,0,0,0,0,0,0,0,0,0,0,7,0,0,0,0,0,0,0,0,0,3,0,6,6,6,0,0,0,0,0,6,0,0,0,0
0,0,0,0,0,0,0,0,0,0,0,0,0,0,0,0,0,0,0,0,0,0,0,0,0,0,0,0,0,0,0,0,0,0,0,0,0,0,7,0,0,0,0,0,0,0,0,0,3,0,6,6,6,0,0,0,0,0,6,0,0,0,0,0
0,0,0,0,0,0,0,0,0,0,0,0,0,0,0,0,0,0,0,0,0,0,0,0,0,0,0,0,0,0,0,0,0,0,0,0,0,0,0,0,0,0,3,0,6,6,6,0,0,0,0,0,6,0,0,0,0,0,0,0,0,0,0,0
0,0,0,0,0,0,0,0,0,0,0,0,0,0,0,0,0,0,0,0,0,0,0,0,0,0,0,0,0,0,0,7,0,0,0,0,0,0,0,0,0,3,0,6,6,6,0,0,0,0,0,6,0,0,0,0,0,0,0,0,0,0,0,0
0,0,0,0,0,0,0,0,0,0,0,0,0,0,0,0,0,0,0,0,0,0,0,0,0,0,0,0,0,0,7,0,0,0,0,0,0,0,0,0,3,0,6,6,6,0,0,0,0,0,6,0,0,0,0,0,0,0,0,0,0,0,0,0
0,0,0,0,0,0,0,0,0,0,0,0,0,0,0,0,0,0,0,0,0,0,0,0,0,0,0,0,0,0,0,0,0,0,0,0,0,0,0,0,0,0,0,0,0,0,0,0,0,0,0,0,0,0,0,0,0,0,0,0,0,0,0,0
0,0,0,0,0,0,0,0,0,0,0,0,0,0,0,0,0,0,0,0,0,0,0,0,0,0,0,0,0,0,0,0,0,0,0,0,0,0,0,0,0,0,0,0,0,0,0,0,0,0,0,0,0,0,0,0,0,0,0,0,0,0,0,0
0,0,0,0,0,0,0,0,0,0,0,0,0,0,0,0,0,0,0,0,0,0,0,0,0,0,0,0,0,0,0,0,0,0,0,0,0,0,0,0,0,0,0,0,0,0,0,0,0,0,0,0,0,0,0,0,0,0,0,0,0,0,0,0
0,0,0,0,0,0,0,0,0,0,0,0,0,0,0,0,0,0,0,0,0,0,0,0,0,0,0,0,0,0,0,0,0,0,0,0,0,0,0,0,0,0,0,0,0,0,0,0,0,0,0,0,0,0,0,0,0,0,0,0,0,0,0,0
0,0,0,0,0,0,0,0,0,0,0,0,0,0,0,0,0,0,0,0,0,0,0,0,0,0,0,0,0,0,0,0,0,0,0,0,0,0,0,0,0,0,0,0,0,0,0,0,0,0,0,0,0,0,0,0,0,0,0,0,0,0,0,0
0,0,0,0,0,0,0,0,0,0,0,0,0,0,0,0,0,0,0,0,0,0,0,0,0,0,0,0,0,0,0,0,0,0,0,0,0,0,0,0,0,0,0,0,0,0,0,0,0,0,0,0,0,0,0,0,0,0,0,0,0,0,0,0
0,0,0,0,0,0,0,0,0,0,0,0,0,0,0,0,0,0,0,0,0,0,0,0,0,0,0,0,0,0,0,0,0,0,0,0,0,0,0,0,0,0,0,0,0,0,0,0,0,0,0,0,0,0,0,0,0,0,0,0,0,0,0,0
0,0,0,0,0,0,0,0,0,0,0,0,0,0,0,0,0,0,0,0,0,0,0,0,0,0,0,0,0,0,0,0,0,0,0,0,0,0,0,0,0,0,0,0,0,0,0,0,0,0,0,0,0,0,0,0,0,0,0,0,0,0,0,0
0,0,0,0,0,0,0,0,0,0,0,0,0,0,0,0,0,0,0,0,0,0,0,0,0,0,0,0,0,0,0,0,0,0,0,0,0,0,0,0,0,0,0,0,0,0,0,0,0,0,0,0,0,0,0,0,0,0,0,0,0,0,0,0
0,0,0,0,0,0,0,0,0,13,15,18,17,20,22,18,0,14,28,19,14,19,15,15,0,10,19,15,19,15,15,19,0,13,17,14,9,15,17,18,0,11,7,19,10,19,17,15,0,11,12,11,13,6,10,7,0,7,28,12,15,3,3,1
0,0,0,0,0,0,0,0,13,15,18,17,20,22,18,14,14,28,19,14,19,15,15,10,10,19,15,19,15,15,19,5,13,17,14,9,15,17,18,3,11,7,19,10,19,17,15,7,11,12,11,13,6,10,7,0,7,28,12,15,3,3,1,0
0,0,0,0,0,0,0,0,15,18,17,20,22,18,14,0,28,19,14,19,15,15,10,0,19,15,19,15,15,19,5,0,17,14,9,15,17,18,3,0,7,19,10,19,17,15,7,0,12,11,13,6,10,7,0,0,28,12,15,3,3,1,0,0
0,13,15,18,17,20,22,18,0,14,28,19,14,19,15,15,0,10,19,15,19,15,15,19,0,13,17,14,9,15,17,18,0,11,7,19,10,19,17,15,0,11,12,11,13,6,10,7,0,7,28,12,15,3,3,1,0,3,17,14,20,12,10,11
13,15,18,17,20,22,18,14,14,28,19,14,19,15,15,10,10,19,15,19,15,15,19,5,13,17,14,9,15,17,18,3,11,7,19,10,19,17,15,7,11,12,11,13,6,10,7,0,7,28,12,15,3,3,1,0,3,17,14,20,12,10,11,10
15,18,17,20,22,18,14,0,28,19,14,19,15,15,10,0,19,15,19,15,15,19,5,0,17,14,9,15,17,18,3,0,7,19,10,19,17,15,7,0,12,11,13,6,10,7,0,0,28,12,15,3,3,1,0,0,17,14,20,12,10,11,10,0
0,14,28,19,14,19,15,15,0,10,19,15,19,15,15,19,0,13,17,14,9,15,17,18,0,11,7,19,10,19,17,15,0,11,12,11,13,6,10,7,0,7,28,12,15,3,3,1,0,3,17,14,20,12,10,11,0,0,0,0,0,0,0,0
14,28,19,14,19,15,15,10,10,19,15,19,15,15,19,5,13,17,14,9,15,17,18,3,11,7,19,10,19,17,15,7,11,12,11,13,6,10,7,0,7,28,12,15,3,3,1,0,3,17,14,20,12,10,11,10,0,0,0,0,0,0,0,0
28,19,14,19,15,15,10,0,19,15,19,15,15,19,5,0,17,14,9,15,17,18,3,0,7,19,10,19,17,15,7,0,12,11,13,6,10,7,0,0,28,12,15,3,3,1,0,0,17,14,20,12,10,11,10,0,0,0,0,0,0,0,0,0
0,0,0,0,0,0,0,0,0,6,15,17,15,14,11,12,0,0,10,14,3,1,12,11,0,0,15,15,7,5,3,5,0,3,7,22,11,12,15,3,0,5,10,28,20,12,7,3,0,5,14,22,15,1,0,9,0,1,24,15,9,3,7,10
0,0,0,0,0,0,0,0,6,15,17,15,14,11,12,14,0,10,14,3,1,12,11,13,0,15,15,7,5,3,5,10,3,7,22,11,12,15,3,9,5,10,28,20,12,7,3,14,5,14,22,15,1,0,9,14,1,24,15,9,3,7,10,19
0,0,0,0,0,0,0,0,15,17,15,14,11,12,14,0,10,14,3,1,12,11,13,0,15,15,7,5,3,5,10,0,7,22,11,12,15,3,9,0,10,28,20,12,7,3,14,0,14,22,15,1,0,9,14,0,24,15,9,3,7,10,19,0
0,6,15,17,15,14,11,12,0,0,10,14,3,1,12,11,0,0,15,15,7,5,3,5,0,3,7,22,11,12,15,3,0,5,10,28,20,12,7,3,0,5,14,22,15,1,0,9,0,1,24,15,9,3,7,10,0,0,0,9,3,3,1,3
6,15,17,15,14,11,12,14,0,10,14,3,1,12,11,13,0,15,15,7,5,3,5,10,3,7,22,11,12,15,3,9,5,10,28,20,12,7,3,14,5,14,22,15,1,0,9,14,1,24,15,9,3,7,10,19,0,0,9,3,3,1,3,14
15,17,15,14,11,12,14,0,10,14,3,1,12,11,13,0,15,15,7,5,3,5,10,0,7,22,11,12,15,3,9,0,10,28,20,12,7,3,14,0,14,22,15,1,0,9,14,0,24,15,9,3,7,10,19,0,0,9,3,3,1,3,14,0
0,0,10,14,3,1,12,11,0,0,15,15,7,5,3,5,0,3,7,22,11,12,15,3,0,5,10,28,20,12,7,3,0,5,14,22,15,1,0,9,0,1,24,15,9,3,7,10,0,0,0,9,3,3,1,3,0,0,0,0,0,0,0,0
0,10,14,3,1,12,11,13,0,15,15,7,5,3,5,10,3,7,22,11,12,15,3,9,5,10,28,20,12,7,3,14,5,14,22,15,1,0,9,14,1,24,15,9,3,7,10,19,0,0,9,3,3,1,3,14,0,0,0,0,0,0,0,0
10,14,3,1,12,11,13,0,15,15,7,5,3,5,10,0,7,22,11,12,15,3,9,0,10,28,20,12,7,3,14,0,14,22,15,1,0,9,14,0,24,15,9,3,7,10,19,0,0,9,3,3,1,3,14,0,0,0,0,0,0,0,0,0
0,0,0,0,0,0,0,0,0,37,30,35,36,41,33,34,0,49,23,37,37,31,30,35,0,40,37,44,40,41,30,33,0,41,31,28,41,33,34,28,0,46,35,34,34,26,28,23,0,45,27,28,28,31,31,19,0,47,28,31,28,30,31,30
0,0,0,0,0,0,0,0,37,30,35,36,41,33,34,28,49,23,37,37,31,30,35,13,40,37,44,40,41,30,33,19,41,31,28,41,33,34,28,15,46,35,34,34,26,28,23,5,45,27,28,28,31,31,19,7,47,28,31,28,30,31,30,12
0,0,0,0,0,0,0,0,30,35,36,41,33,34,28,0,23,37,37,31,30,35,13,0,37,44,40,41,30,33,19,0,31,28,41,33,34,28,15,0,35,34,34,26,28,23,5,0,27,28,28,31,31,19,7,0,28,31,28,30,31,30,12,0
0,37,30,35,36,41,33,34,0,49,23,37,37,31,30,35,0,40,37,44,40,41,30,33,0,41,31,28,41,33,34,28,0,46,35,34,34,26,28,23,0,45,27,28,28,31,31,19,0,47,28,31,28,30,31,30,0,46,31,28,27,30,33,33
37,30,35,36,41,33,34,28,49,23,37,37,31,30,35,13,40,37,44,40,41,30,33,19,41,31,28,41,33,34,28,15,46,35,34,34,26,28,23,5,45,27,28,28,31,31,19,7,47,28,31,28,30,31,30,12,46,31,28,27,30,33,33,11
30,35,36,41,33,34,28,0,23,37,37,31,30,35,13,0,37,44,40,41,30,33,19,0,31,28,41,33,34,28,15,0,35,34,34,26,28,23,5,0,27,28,28,31,31,19,7,0,28,31,28,30,31,30,12,0,31,28,27,30,33,33,11,0
0,49,23,37,37,31,30,35,0,40,37,44,40,41,30,33,0,41,31,28,41,33,34,28,0,46,35,34,34,26,28,23,0,45,27,28,28,31,31,19,0,47,28,31,28,30,31,30,0,46,31,28,27,30,33,33,0,0,0,0,0,0,0,0
49,23,37,37,31,30,35,13,40,37,44,40,41,30,33,19,41,31,28,41,33,34,28,15,46,35,34,34,26,28,23,5,45,27,28,28,31,31,19,7,47,28,31,28,30,31,30,12,46,31,28,27,30,33,33,11,0,0,0,0,0,0,0,0
23,37,37,31,30,35,13,0,37,44,40,41,30,33,19,0,31,28,41,33,34,28,15,0,35,34,34,26,28,23,5,0,27,28,28,31,31,19,7,0,28,31,28,30,31,30,12,0,31,28,27,30,33,33,11,0,0,0,0,0,0,0,0,0
0,0,0,0,0,0,0,0,0,0,0,0,0,0,0,0,0,0,0,0,0,0,0,0,0,0,0,0,0,0,0,0,0,0,0,0,0,0,0,0,0,0,0,0,0,0,0,0,0,0,0,0,0,0,0,0,0,0,0,0,0,0,0,0
0,0,0,0,0,0,0,0,0,0,0,0,0,0,0,0,0,0,0,0,0,0,0,0,0,0,0,0,0,0,0,0,0,0,0,0,0,0,0,0,0,0,0,0,0,0,0,0,0,0,0,0,0,0,0,0,0,0,0,0,0,0,0,0
0,0,0,0,0,0,0,0,0,0,0,0,0,0,0,0,0,0,0,0,0,0,0,0,0,0,0,0,0,0,0,0,0,0,0,0,0,0,0,0,0,0,0,0,0,0,0,0,0,0,0,0,0,0,0,0,0,0,0,0,0,0,0,0
0,0,0,0,0,0,0,0,0,0,0,0,0,0,0,0,0,0,0,0,0,0,0,0,0,0,0,0,0,0,0,0,0,0,0,0,0,0,0,0,0,0,0,0,0,0,0,0,0,0,0,0,0,0,0,0,0,0,0,0,0,0,0,0
0,0,0,0,0,0,0,0,0,0,0,0,0,0,0,0,0,0,0,0,0,0,0,0,0,0,0,0,0,0,0,0,0,0,0,0,0,0,0,0,0,0,0,0,0,0,0,0,0,0,0,0,0,0,0,0,0,0,0,0,0,0,0,0
0,0,0,0,0,0,0,0,0,0,0,0,0,0,0,0,0,0,0,0,0,0,0,0,0,0,0,0,0,0,0,0,0,0,0,0,0,0,0,0,0,0,0,0,0,0,0,0,0,0,0,0,0,0,0,0,0,0,0,0,0,0,0,0
0,0,0,0,0,0,0,0,0,0,0,0,0,0,0,0,0,0,0,0,0,0,0,0,0,0,0,0,0,0,0,0,0,0,0,0,0,0,0,0,0,0,0,0,0,0,0,0,0,0,0,0,0,0,0,0,0,0,0,0,0,0,0,0
0,0,0,0,0,0,0,0,0,0,0,0,0,0,0,0,0,0,0,0,0,0,0,0,0,0,0,0,0,0,0,0,0,0,0,0,0,0,0,0,0,0,0,0,0,0,0,0,0,0,0,0,0,0,0,0,0,0,0,0,0,0,0,0
0,0,0,0,0,0,0,0,0,0,0,0,0,0,0,0,0,0,0,0,0,0,0,0,0,0,0,0,0,0,0,0,0,0,0,0,0,0,0,0,0,0,0,0,0,0,0,0,0,0,0,0,0,0,0,0,0,0,0,0,0,0,0,0
0,0,0,0,0,0,0,0,0,19,14,13,9,13,12,18,0,12,20,7,10,15,7,11,0,12,9,12,7,15,17,15,0,25,19,15,18,15,7,15,0,13,15,10,14,14,21,17,0,0,6,7,15,6,18,9,0,11,15,21,25,23,22,15
0,0,0,0,0,0,0,0,19,14,13,9,13,12,18,23,12,20,7,10,15,7,11,23,12,9,12,7,15,17,15,23,25,19,15,18,15,7,15,22,13,15,10,14,14,21,17,22,0,6,7,15,6,18,9,22,11,15,21,25,23,22,15,28
0,0,0,0,0,0,0,0,14,13,9,13,12,18,23,0,20,7,10,15,7,11,23,0,9,12,7,15,17,15,23,0,19,15,18,15,7,15,22,0,15,10,14,14,21,17,22,0,6,7,15,6,18,9,22,0,15,21,25,23,22,15,28,0
0,19,14,13,9,13,12,18,0,12,20,7,10,15,7,11,0,12,9,12,7,15,17,15,0,25,19,15,18,15,7,15,0,13,15,10,14,14,21,17,0,0,6,7,15,6,18,9,0,11,15,21,25,23,22,15,0,19,17,35,15,18,18,20
19,14,13,9,13,12,18,23,12,20,7,10,15,7,11,23,12,9,12,7,15,17,15,23,25,19,15,18,15,7,15,22,13,15,10,14,14,21,17,22,0,6,7,15,6,18,9,22,11,15,21,25,23,22,15,28,19,17,35,15,18,18,20,26
14,13,9,13,12,18,23,0,20,7,10,15,7,11,23,0,9,12,7,15,17,15,23,0,19,15,18,15,7,15,22,0,15,10,14,14,21,17,22,0,6,7,15,6,18,9,22,0,15,21,25,23,22,15,28,0,17,35,15,18,18,20,26,0
0,12,20,7,10,15,7,11,0,12,9,12,7,15,17,15,0,25,19,15,18,15,7,15,0,13,15,10,14,14,21,17,0,0,6,7,15,6,18,9,0,11,15,21,25,23,22,15,0,19,17,35,15,18,18,20,0,0,0,0,0,0,0,0
12,20,7,10,15,7,11,23,12,9,12,7,15,17,15,23,25,19,15,18,15,7,15,22,13,15,10,14,14,21,17,22,0,6,7,15,6,18,9,22,11,15,21,25,23,22,15,28,19,17,35,15,18,18,20,26,0,0,0,0,0,0,0,0
20,7,10,15,7,11,23,0,9,12,7,15,17,15,23,0,19,15,18,15,7,15,22,0,15,10,14,14,21,17,22,0,6,7,15,6,18,9,22,0,15,21,25,23,22,15,28,0,17,35,15,18,18,20,26,0,0,0,0,0,0,0,0,0
0,0,0,0,0,0,0,0,0,15,13,13,15,12,13,13,0,21,28,23,19,24,13,17,0,19,38,23,25,18,15,15,0,25,33,20,26,20,21,20,0,26,31,28,28,27,25,26,0,28,36,30,25,24,23,13,0,25,35,42,28,26,22,24
0,0,0,0,0,0,0,0,15,13,13,15,12,13,13,27,21,28,23,19,24,13,17,31,19,38,23,25,18,15,15,34,25,33,20,26,20,21,20,35,26,31,28,28,27,25,26,36,28,36,30,25,24,23,13,35,25,35,42,28,26,22,24,40
0,0,0,0,0,0,0,0,13,13,15,12,13,13,27,0,28,23,19,24,13,17,31,0,38,23,25,18,15,15,34,0,33,20,26,20,21,20,35,0,31,28,28,27,25,26,36,0,36,30,25,24,23,13,35,0,35,42,28,26,22,24,40,0
0,15,13,13,15,12,13,13,0,21,28,23,19,24,13,17,0,19,38,23,25,18,15,15,0,25,33,20,26,20,21,20,0,26,31,28,28,27,25,26,0,28,36,30,25,24,23,13,0,25,35,42,28,26,22,24,0,31,41,46,27,37,37,39
15,13,13,15,12,13,13,27,21,28,23,19,24,13,17,31,19,38,23,25,18,15,15,34,25,33,20,26,20,21,20,35,26,31,28,28,27,25,26,36,28,36,30,25,24,23,13,35,25,35,42,28,26,22,24,40,31,41,46,27,37,37,39,36
13,13,15,12,13,13,27,0,28,23,19,24,13,17,31,0,38,23,25,18,15,15,34,0,33,20,26,20,21,20,35,0,31,28,28,27,25,26,36,0,36,30,25,24,23,13,35,0,35,42,28,26,22,24,40,0,41,46,27,37,37,39,36,0
0,21,28,23,19,24,13,17,0,19,38,23,25,18,15,15,0,25,33,20,26,20,21,20,0,26,31,28,28,27,25,26,0,28,36,30,25,24,23,13,0,25,35,42,28,26,22,24,0,31,41,46,27,37,37,39,0,0,0,0,0,0,0,0
21,28,23,19,24,13,17,31,19,38,23,25,18,15,15,34,25,33,20,26,20,21,20,35,26,31,28,28,27,25,26,36,28,36,30,25,24,23,13,35,25,35,42,28,26,22,24,40,31,41,46,27,37,37,39,36,0,0,0,0,0,0,0,0
28,23,19,24,13,17,31,0,38,23,25,18,15,15,34,0,33,20,26,20,21,20,35,0,31,28,28,27,25,26,36,0,36,30,25,24,23,13,35,0,35,42,28,26,22,24,40,0,41,46,27,37,37,39,36,0,0,0,0,0,0,0,0,0
0,0,0,0,0,0,0,0,0,1,9,17,11,17,21,13,0,3,14,17,25,23,26,22,0,10,11,18,18,15,22,22,0,3,14,15,15,19,21,15,0,3,19,5,11,9,15,21,0,5,11,17,10,28,24,30,0,3,17,20,17,19,15,17
0,0,0,0,0,0,0,0,1,9,17,11,17,21,13,11,3,14,17,25,23,26,22,21,10,11,18,18,15,22,22,19,3,14,15,15,19,21,15,19,3,19,5,11,9,15,21,19,5,11,17,10,28,24,30,22,3,17,20,17,19,15,17,11
0,0,0,0,0,0,0,0,9,17,11,17,21,13,11,0,14,17,25,23,26,22,21,0,11,18,18,15,22,22,19,0,14,15,15,19,21,15,19,0,19,5,11,9,15,21,19,0,11,17,10,28,24,30,22,0,17,20,17,19,15,17,11,0
0,1,9,17,11,17,21,13,0,3,14,17,25,23,26,22,0,10,11,18,18,15,22,22,0,3,14,15,15,19,21,15,0,3,19,5,11,9,15,21,0,5,11,17,10,28,24,30,0,3,17,20,17,19,15,17,0,0,13,20,7,12,6,7
1,9,17,11,17,21,13,11,3,14,17,25,23,26,22,21,10,11,18,18,15,22,22,19,3,14,15,15,19,21,15,19,3,19,5,11,9,15,21,19,5,11,17,10,28,24,30,22,3,17,20,17,19,15,17,11,0,13,20,7,12,6,7,10
9,17,11,17,21,13,11,0,14,17,25,23,26,22,21,0,11,18,18,15,22,22,19,0,14,15,15,19,21,15,19,0,19,5,11,9,15,21,19,0,11,17,10,28,24,30,22,0,17,20,17,19,15,17,11,0,13,20,7,12,6,7,10,0
0,3,14,17,25,23,26,22,0,10,11,18,18,15,22,22,0,3,14,15,15,19,21,15,0,3,19,5,11,9,15,21,0,5,11,17,10,28,24,30,0,3,17,20,17,19,15,17,0,0,13,20,7,12,6,7,0,0,0,0,0,0,0,0
3,14,17,25,23,26,22,21,10,11,18,18,15,22,22,19,3,14,15,15,19,21,15,19,3,19,5,11,9,15,21,19,5,11,17,10,28,24,30,22,3,17,20,17,19,15,17,11,0,13,20,7,12,6,7,10,0,0,0,0,0,0,0,0
14,17,25,23,26,22,21,0,11,18,18,15,22,22,19,0,14,15,15,19,21,15,19,0,19,5,11,9,15,21,19,0,11,17,10,28,24,30,22,0,17,20,17,19,15,17,11,0,13,20,7,12,6,7,10,0,0,0,0,0,0,0,0,0
0,0,0,0,0,0,0,0,0,0,0,0,0,0,0,0,0,0,0,0,0,0,0,0,0,0,0,0,0,0,0,0,0,3,1,0,0,0,0,0,0,0,0,0,0,0,0,0,0,3,0,0,0,0,0,3,0,0,0,0,0,0,1,3
0,0,0,0,0,0,0,0,0,0,0,0,0,0,0,0,0,0,0,0,0,0,0,0,0,0,0,0,0,0,0,0,3,1,0,0,0,0,0,0,0,0,0,0,0,0,0,0,3,0,0,0,0,0,3,0,0,0,0,0,0,1,3,3
0,0,0,0,0,0,0,0,0,0,0,0,0,0,0,0,0,0,0,0,0,0,0,0,0,0,0,0,0,0,0,0,1,0,0,0,0,0,0,0,0,0,0,0,0,0,0,0,0,0,0,0,0,3,0,0,0,0,0,0,1,3,3,0
0,0,0,0,0,0,0,0,0,0,0,0,0,0,0,0,0,0,0,0,0,0,0,0,0,3,1,0,0,0,0,0,0,0,0,0,0,0,0,0,0,3,0,0,0,0,0,3,0,0,0,0,0,0,1,3,0,6,0,0,0,0,0,0
0,0,0,0,0,0,0,0,0,0,0,0,0,0,0,0,0,0,0,0,0,0,0,0,3,1,0,0,0,0,0,0,0,0,0,0,0,0,0,0,3,0,0,0,0,0,3,0,0,0,0,0,0,1,3,3,6,0,0,0,0,0,0,0
0,0,0,0,0,0,0,0,0,0,0,0,0,0,0,0,0,0,0,0,0,0,0,0,1,0,0,0,0,0,0,0,0,0,0,0,0,0,0,0,0,0,0,0,0,3,0,0,0,0,0,0,1,3,3,0,0,0,0,0,0,0,0,0
0,0,0,0,0,0,0,0,0,0,0,0,0,0,0,0,0,3,1,0,0,0,0,0,0,0,0,0,0,0,0,0,0,3,0,0,0,0,0,3,0,0,0,0,0,0,1,3,0,6,0,0,0,0,0,0,0,0,0,0,0,0,0,0
0,0,0,0,0,0,0,0,0,0,0,0,0,0,0,0,3,1,0,0,0,0,0,0,0,0,0,0,0,0,0,0,3,0,0,0,0,0,3,0,0,0,0,0,0,1,3,3,6,0,0,0,0,0,0,0,0,0,0,0,0,0,0,0
0,0,0,0,0,0,0,0,0,0,0,0,0,0,0,0,1,0,0,0,0,0,0,0,0,0,0,0,0,0,0,0,0,0,0,0,0,3,0,0,0,0,0,0,1,3,3,0,0,0,0,0,0,0,0,0,0,0,0,0,0,0,0,0
0,0,0,0,0,0,0,0,0,3,0,7,3,9,6,5,0,0,0,0,0,0,0,0,0,0,0,0,0,0,0,0,0,0,0,0,0,0,0,0,0,0,0,0,0,0,0,0,0,0,0,0,0,0,0,0,0,0,0,0,0,0,0,0
0,0,0,0,0,0,0,0,3,0,7,3,9,6,5,3,0,0,0,0,0,0,0,0,0,0,0,0,0,0,0,0,0,0,0,0,0,0,0,0,0,0,0,0,0,0,0,0,0,0,0,0,0,0,0,0,0,0,0,0,0,0,0,0
0,0,0,0,0,0,0,0,0,7,3,9,6,5,3,0,0,0,0,0,0,0,0,0,0,0,0,0,0,0,0,0,0,0,0,0,0,0,0,0,0,0,0,0,0,0,0,0,0,0,0,0,0,0,0,0,0,0,0,0,0,0,0,0
0,3,0,7,3,9,6,5,0,0,0,0,0,0,0,0,0,0,0,0,0,0,0,0,0,0,0,0,0,0,0,0,0,0,0,0,0,0,0,0,0,0,0,0,0,0,0,0,0,0,0,0,0,0,0,0,0,0,0,0,0,0,0,0
3,0,7,3,9,6,5,3,0,0,0,0,0,0,0,0,0,0,0,0,0,0,0,0,0,0,0,0,0,0,0,0,0,0,0,0,0,0,0,0,0,0,0,0,0,0,0,0,0,0,0,0,0,0,0,0,0,0,0,0,0,0,0,0
0,7,3,9,6,5,3,0,0,0,0,0,0,0,0,0,0,0,0,0,0,0,0,0,0,0,0,0,0,0,0,0,0,0,0,0,0,0,0,0,0,0,0,0,0,0,0,0,0,0,0,0,0,0,0,0,0,0,0,0,0,0,0,0
0,0,0,0,0,0,0,0,0,0,0,0,0,0,0,0,0,0,0,0,0,0,0,0,0,0,0,0,0,0,0,0,0,0,0,0,0,0,0,0,0,0,0,0,0,0,0,0,0,0,0,0,0,0,0,0,0,0,0,0,0,0,0,0
0,0,0,0,0,0,0,0,0,0,0,0,0,0,0,0,0,0,0,0,0,0,0,0,0,0,0,0,0,0,0,0,0,0,0,0,0,0,0,0,0,0,0,0,0,0,0,0,0,0,0,0,0,0,0,0,0,0,0,0,0,0,0,0
0,0,0,0,0,0,0,0,0,0,0,0,0,0,0,0,0,0,0,0,0,0,0,0,0,0,0,0,0,0,0,0,0,0,0,0,0,0,0,0,0,0,0,0,0,0,0,0,0,0,0,0,0,0,0,0,0,0,0,0,0,0,0,0
0,0,0,0,0,0,0,0,0,17,18,11,15,13,10,15,0,12,10,1,10,11,7,15,0,6,7,0,0,0,6,7,0,7,3,0,1,0,1,0,0,3,0,0,1,1,9,7,0,3,9,0,0,1,0,12,0,7,7,0,0,7,13,10
0,0,0,0,0,0,0,0,17,18,11,15,13,10,15,10,12,10,1,10,11,7,15,9,6,7,0,0,0,6,7,9,7,3,0,1,0,1,0,6,3,0,0,1,1,9,7,7,3,9,0,0,1,0,12,3,7,7,0,0,7,13,10,1
0,0,0,0,0,0,0,0,18,11,15,13,10,15,10,0,10,1,10,11,7,15,9,0,7,0,0,0,6,7,9,0,3,0,1,0,1,0,6,0,0,0,1,1,9,7,7,0,9,0,0,1,0,12,3,0,7,0,0,7,13,10,1,0
0,17,18,11,15,13,10,15,0,12,10,1,10,11,7,15,0,6,7,0,0,0,6,7,0,7,3,0,1,0,1,0,0,3,0,0,1,1,9,7,0,3,9,0,0,1,0,12,0,7,7,0,0,7,13,10,0,17,13,13,15,20,17,15
17,18,11,15,13,10,15,10,12,10,1,10,11,7,15,9,6,7,0,0,0,6,7,9,7,3,0,1,0,1,0,6,3,0,0,1,1,9,7,7,3,9,0,0,1,0,12,3,7,7,0,0,7,13,10,1,17,13,13,15,20,17,15,3
18,11,15,13,10,15,10,0,10,1,10,11,7,15,9,0,7,0,0,0,6,7,9,0,3,0,1,0,1,0,6,0,0,0,1,1,9,7,7,0,9,0,0,1,0,12,3,0,7,0,0,7,13,10,1,0,13,13,15,20,17,15,3,0
0,12,10,1,10,11,7,15,0,6,7,0,0,0,6,7,0,7,3,0,1,0,1,0,0,3,0,0,1,1,9,7,0,3,9,0,0,1,0,12,0,7,7,0,0,7,13,10,0,17,13,13,15,20,17,15,0,0,0,0,0,0,0,0
12,10,1,10,11,7,15,9,6,7,0,0,0,6,7,9,7,3,0,1,0,1,0,6,3,0,0,1,1,9,7,7,3,9,0,0,1,0,12,3,7,7,0,0,7,13,10,1,17,13,13,15,20,17,15,3,0,0,0,0,0,0,0,0
10,1,10,11,7,15,9,0,7,0,0,0,6,7,9,0,3,0,1,0,1,0,6,0,0,0,1,1,9,7,7,0,9,0,0,1,0,12,3,0,7,0,0,7,13,10,1,0,13,13,15,20,17,15,3,0,0,0,0,0,0,0,0,0
0,0,0,0,0,0,0,0,0,7,0,0,0,6,0,0,0,0,0,0,0,0,0,0,0,0,0,0,0,0,0,0,0,0,0,0,0,0,0,0,0,0,0,0,0,0,0,0,0,0,0,0,0,0,0,0,0,0,0,0,0,0,0,0
0,0,0,0,0,0,0,0,7,0,0,0,6,0,0,3,0,0,0,0,0,0,0,0,0,0,0,0,0,0,0,0,0,0,0,0,0,0,0,1,0,0,0,0,0,0,0,0,0,0,0,0,0,0,0,0,0,0,0,0,0,0,0,0
0,0,0,0,0,0,0,0,0,0,0,6,0,0,3,0,0,0,0,0,0,0,0,0,0,0,0,0,0,0,0,0,0,0,0,0,0,0,1,0,0,0,0,0,0,0,0,0,0,0,0,0,0,0,0,0,0,0,0,0,0,0,0,0
0,7,0,0,0,6,0,0,0,0,0,0,0,0,0,0,0,0,0,0,0,0,0,0,0,0,0,0,0,0,0,0,0,0,0,0,0,0,0,0,0,0,0,0,0,0,0,0,0,0,0,0,0,0,0,0,0,0,0,0,0,0,0,0
7,0,0,0,6,0,0,3,0,0,0,0,0,0,0,0,0,0,0,0,0,0,0,0,0,0,0,0,0,0,0,1,0,0,0,0,0,0,0,0,0,0,0,0,0,0,0,0,0,0,0,0,0,0,0,0,0,0,0,0,0,0,0,0
0,0,0,6,0,0,3,0,0,0,0,0,0,0,0,0,0,0,0,0,0,0,0,0,0,0,0,0,0,0,1,0,0,0,0,0,0,0,0,0,0,0,0,0,0,0,0,0,0,0,0,0,0,0,0,0,0,0,0,0,0,0,0,0
0,0,0,0,0,0,0,0,0,0,0,0,0,0,0,0,0,0,0,0,0,0,0,0,0,0,0,0,0,0,0,0,0,0,0,0,0,0,0,0,0,0,0,0,0,0,0,0,0,0,0,0,0,0,0,0,0,0,0,0,0,0,0,0
0,0,0,0,0,0,0,0,0,0,0,0,0,0,0,0,0,0,0,0,0,0,0,1,0,0,0,0,0,0,0,0,0,0,0,0,0,0,0,0,0,0,0,0,0,0,0,0,0,0,0,0,0,0,0,0,0,0,0,0,0,0,0,0
0,0,0,0,0,0,0,0,0,0,0,0,0,0,0,0,0,0,0,0,0,0,1,0,0,0,0,0,0,0,0,0,0,0,0,0,0,0,0,0,0,0,0,0,0,0,0,0,0,0,0,0,0,0,0,0,0,0,0,0,0,0,0,0
0,0,0,0,0,0,0,0,0,17,40,46,41,46,45,38,0,15,50,50,50,45,44,44,0,23,42,57,49,46,55,39,0,27,51,65,59,44,50,41,0,21,70,51,57,52,49,46,0,11,65,65,57,48,46,46,0,15,63,74,57,54,45,47
0,0,0,0,0,0,0,0,17,40,46,41,46,45,38,52,15,50,50,50,45,44,44,57,23,42,57,49,46,55,39,53,27,51,65,59,44,50,41,52,21,70,51,57,52,49,46,53,11,65,65,57,48,46,46,53,15,63,74,57,54,45,47,55
0,0,0,0,0,0,0,0,40,46,41,46,45,38,52,0,50,50,50,45,44,44,57,0,42,57,49,46,55,39,53,0,51,65,59,44,50,41,52,0,70,51,57,52,49,46,53,0,65,65,57,48,46,46,53,0,63,74,57,54,45,47,55,0
0,17,40,46,41,46,45,38,0,15,50,50,50,45,44,44,0,23,42,57,49,46,55,39,0,27,51,65,59,44,50,41,0,21,70,51,57,52,49,46,0,11,65,65,57,48,46,46,0,15,63,74,57,54,45,47,0,14,47,45,37,37,39,46
17,40,46,41,46,45,38,52,15,50,50,50,45,44,44,57,23,42,57,49,46,55,39,53,27,51,65,59,44,50,41,52,21,70,51,57,52,49,46,53,11,65,65,57,48,46,46,53,15,63,74,57,54,45,47,55,14,47,45,37,37,39,46,42
40,46,41,46,45,38,52,0,50,50,50,45,44,44,57,0,42,57,49,46,55,39,53,0,51,65,59,44,50,41,52,0,70,51,57,52,49,46,53,0,65,65,57,48,46,46,53,0,63,74,57,54,45,47,55,0,47,45,37,37,39,46,42,0
0,15,50,50,50,45,44,44,0,23,42,57,49,46,55,39,0,27,51,65,59,44,50,41,0,21,70,51,57,52,49,46,0,11,65,65,57,48,46,46,0,15,63,74,57,54,45,47,0,14,47,45,37,37,39,46,0,0,0,0,0,0,0,0
15,50,50,50,45,44,44,57,23,42,57,49,46,55,39,53,27,51,65,59,44,50,41,52,21,70,51,57,52,49,46,53,11,65,65,57,48,46,46,53,15,63,74,57,54,45,47,55,14,47,45,37,37,39,46,42,0,0,0,0,0,0,0,0
50,50,50,45,44,44,57,0,42,57,49,46,55,39,53,0,51,65,59,44,50,41,52,0,70,51,57,52,49,46,53,0,65,65,57,48,46,46,53,0,63,74,57,54,45,47,55,0,47,45,37,37,39,46,42,0,0,0,0,0,0,0,0,0
0,0,0,0,0,0,0,0,0,6,23,14,18,12,14,18,0,0,19,12,12,12,9,13,0,9,25,21,14,17,7,12,0,7,14,17,13,7,13,15,0,1,14,15,7,12,13,11,0,6,11,14,9,14,6,10,0,6,9,14,9,5,15,14
0,0,0,0,0,0,0,0,6,23,14,18,12,14,18,31,0,19,12,12,12,9,13,38,9,25,21,14,17,7,12,37,7,14,17,13,7,13,15,39,1,14,15,7,12,13,11,21,6,11,14,9,14,6,10,28,6,9,14,9,5,15,14,26
0,0,0,0,0,0,0,0,23,14,18,12,14,18,31,0,19,12,12,12,9,13,38,0,25,21,14,17,7,12,37,0,14,17,13,7,13,15,39,0,14,15,7,12,13,11,21,0,11,14,9,14,6,10,28,0,9,14,9,5,15,14,26,0
0,6,23,14,18,12,14,18,0,0,19,12,12,12,9,13,0,9,25,21,14,17,7,12,0,7,14,17,13,7,13,15,0,1,14,15,7,12,13,11,0,6,11,14,9,14,6,10,0,6,9,14,9,5,15,14,0,15,14,15,13,19,14,10
6,23,14,18,12,14,18,31,0,19,12,12,12,9,13,38,9,25,21,14,17,7,12,37,7,14,17,13,7,13,15,39,1,14,15,7,12,13,11,21,6,11,14,9,14,6,10,28,6,9,14,9,5,15,14,26,15,14,15,13,19,14,10,22
23,14,18,12,14,18,31,0,19,12,12,12,9,13,38,0,25,21,14,17,7,12,37,0,14,17,13,7,13,15,39,0,14,15,7,12,13,11,21,0,11,14,9,14,6,10,28,0,9,14,9,5,15,14,26,0,14,15,13,19,14,10,22,0
0,0,19,12,12,12,9,13,0,9,25,21,14,17,7,12,0,7,14,17,13,7,13,15,0,1,14,15,7,12,13,11,0,6,11,14,9,14,6,10,0,6,9,14,9,5,15,14,0,15,14,15,13,19,14,10,0,0,0,0,0,0,0,0
0,19,12,12,12,9,13,38,9,25,21,14,17,7,12,37,7,14,17,13,7,13,15,39,1,14,15,7,12,13,11,21,6,11,14,9,14,6,10,28,6,9,14,9,5,15,14,26,15,14,15,13,19,14,10,22,0,0,0,0,0,0,0,0
19,12,12,12,9,13,38,0,25,21,14,17,7,12,37,0,14,17,13,7,13,15,39,0,14,15,7,12,13,11,21,0,11,14,9,14,6,10,28,0,9,14,9,5,15,14,26,0,14,15,13,19,14,10,22,0,0,0,0,0,0,0,0,0
0,0,0,0,0,0,0,0,0,0,0,0,0,0,0,0,0,0,0,0,0,0,0,0,0,0,0,0,0,0,0,0,0,0,0,0,0,0,0,0,0,0,0,0,0,0,0,0,0,0,0,0,0,0,0,0,0,0,0,0,0,0,0,0
0,0,0,0,0,0,0,0,0,0,0,0,0,0,0,0,0,0,0,0,0,0,0,0,0,0,0,0,0,0,0,0,0,0,0,0,0,0,0,0,0,0,0,0,0,0,0,0,0,0,0,0,0,0,0,0,0,0,0,0,0,0,0,0
0,0,0,0,0,0,0,0,0,0,0,0,0,0,0,0,0,0,0,0,0,0,0,0,0,0,0,0,0,0,0,0,0,0,0,0,0,0,0,0,0,0,0,0,0,0,0,0,0,0,0,0,0,0,0,0,0,0,0,0,0,0,0,0
0,0,0,0,0,0,0,0,0,0,0,0,0,0,0,0,0,0,0,0,0,0,0,0,0,0,0,0,0,0,0,0,0,0,0,0,0,0,0,0,0,0,0,0,0,0,0,0,0,0,0,0,0,0,0,0,0,0,0,0,0,0,0,0
0,0,0,0,0,0,0,0,0,0,0,0,0,0,0,0,0,0,0,0,0,0,0,0,0,0,0,0,0,0,0,0,0,0,0,0,0,0,0,0,0,0,0,0,0,0,0,0,0,0,0,0,0,0,0,0,0,0,0,0,0,0,0,0
0,0,0,0,0,0,0,0,0,0,0,0,0,0,0,0,0,0,0,0,0,0,0,0,0,0,0,0,0,0,0,0,0,0,0,0,0,0,0,0,0,0,0,0,0,0,0,0,0,0,0,0,0,0,0,0,0,0,0,0,0,0,0,0
0,0,0,0,0,0,0,0,0,0,0,0,0,0,0,0,0,0,0,0,0,0,0,0,0,0,0,0,0,0,0,0,0,0,0,0,0,0,0,0,0,0,0,0,0,0,0,0,0,0,0,0,0,0,0,0,0,0,0,0,0,0,0,0
0,0,0,0,0,0,0,0,0,0,0,0,0,0,0,0,0,0,0,0,0,0,0,0,0,0,0,0,0,0,0,0,0,0,0,0,0,0,0,0,0,0,0,0,0,0,0,0,0,0,0,0,0,0,0,0,0,0,0,0,0,0,0,0
0,0,0,0,0,0,0,0,0,0,0,0,0,0,0,0,0,0,0,0,0,0,0,0,0,0,0,0,0,0,0,0,0,0,0,0,0,0,0,0,0,0,0,0,0,0,0,0,0,0,0,0,0,0,0,0,0,0,0,0,0,0,0,0
0,0,0,0,0,0,0,0,0,0,0,0,0,0,0,0,0,0,0,0,0,0,0,0,0,0,0,0,0,0,0,0,0,0,0,0,0,0,0,0,0,0,0,0,0,0,0,0,0,0,0,0,6,0,0,3,0,0,0,0,5,0,0,3
0,0,0,0,0,0,0,0,0,0,0,0,0,0,0,0,0,0,0,0,0,0,0,0,0,0,0,0,0,0,0,0,0,0,0,0,0,0,0,0,0,0,0,0,0,0,0,0,0,0,0,6,0,0,3,0,0,0,0,5,0,0,3,0
0,0,0,0,0,0,0,0,0,0,0,0,0,0,0,0,0,0,0,0,0,0,0,0,0,0,0,0,0,0,0,0,0,0,0,0,0,0,0,0,0,0,0,0,0,0,0,0,0,0,6,0,0,3,0,0,0,0,5,0,0,3,0,0
0,0,0,0,0,0,0,0,0,0,0,0,0,0,0,0,0,0,0,0,0,0,0,0,0,0,0,0,0,0,0,0,0,0,0,0,0,0,0,0,0,0,0,0,6,0,0,3,0,0,0,0,5,0,0,3,0,0,0,0,0,0,0,0
0,0,0,0,0,0,0,0,0,0,0,0,0,0,0,0,0,0,0,0,0,0,0,0,0,0,0,0,0,0,0,0,0,0,0,0,0,0,0,0,0,0,0,6,0,0,3,0,0,0,0,5,0,0,3,0,0,0,0,0,0,0,0,0
0,0,0,0,0,0,0,0,0,0,0,0,0,0,0,0,0,0,0,0,0,0,0,0,0,0,0,0,0,0,0,0,0,0,0,0,0,0,0,0,0,0,6,0,0,3,0,0,0,0,5,0,0,3,0,0,0,0,0,0,0,0,0,0
0,0,0,0,0,0,0,0,0,0,0,0,0,0,0,0,0,0,0,0,0,0,0,0,0,0,0,0,0,0,0,0,0,0,0,0,6,0,0,3,0,0,0,0,5,0,0,3,0,0,0,0,0,0,0,0,0,0,0,0,0,0,0,0
0,0,0,0,0,0,0,0,0,0,0,0,0,0,0,0,0,0,0,0,0,0,0,0,0,0,0,0,0,0,0,0,0,0,0,6,0,0,3,0,0,0,0,5,0,0,3,0,0,0,0,0,0,0,0,0,0,0,0,0,0,0,0,0
0,0,0,0,0,0,0,0,0,0,0,0,0,0,0,0,0,0,0,0,0,0,0,0,0,0,0,0,0,0,0,0,0,0,6,0,0,3,0,0,0,0,5,0,0,3,0,0,0,0,0,0,0,0,0,0,0,0,0,0,0,0,0,0
0,0,0,0,0,0,0,0,0,36,33,35,31,28,31,31,0,48,48,42,38,42,49,42,0,49,55,50,63,47,52,54,0,49,68,50,60,59,43,52,0,45,76,57,53,44,44,44,0,44,66,50,48,45,37,43,0,37,40,50,41,44,40,39
0,0,0,0,0,0,0,0,36,33,35,31,28,31,31,33,48,48,42,38,42,49,42,42,49,55,50,63,47,52,54,42,49,68,50,60,59,43,52,47,45,76,57,53,44,44,44,46,44,66,50,48,45,37,43,48,37,40,50,41,44,40,39,49
0,0,0,0,0,0,0,0,33,35,31,28,31,31,33,0,48,42,38,42,49,42,42,0,55,50,63,47,52,54,42,0,68,50,60,59,43,52,47,0,76,57,53,44,44,44,46,0,66,50,48,45,37,43,48,0,40,50,41,44,40,39,49,0
0,36,33,35,31,28,31,31,0,48,48,42,38,42,49,42,0,49,55,50,63,47,52,54,0,49,68,50,60,59,43,52,0,45,76,57,53,44,44,44,0,44,66,50,48,45,37,43,0,37,40,50,41,44,40,39,0,43,44,53,38,41,37,42
36,33,35,31,28,31,31,33,48,48,42,38,42,49,42,42,49,55,50,63,47,52,54,42,49,68,50,60,59,43,52,47,45,76,57,53,44,44,44,46,44,66,50,48,45,37,43,48,37,40,50,41,44,40,39,49,43,44,53,38,41,37,42,43
33,35,31,28,31,31,33,0,48,42,38,42,49,42,42,0,55,50,63,47,52,54,42,0,68,50,60,59,43,52,47,0,76,57,53,44,44,44,46,0,66,50,48,45,37,43,48,0,40,50,41,44,40,39,49,0,44,53,38,41,37,42,43,0
0,48,48,42,38,42,49,42,0,49,55,50,63,47,52,54,0,49,68,50,60,59,43,52,0,45,76,57,53,44,44,44,0,44,66,50,48,45,37,43,0,37,40,50,41,44,40,39,0,43,44,53,38,41,37,42,0,0,0,0,0,0,0,0
48,48,42,38,42,49,42,42,49,55,50,63,47,52,54,42,49,68,50,60,59,43,52,47,45,76,57,53,44,44,44,46,44,66,50,48,45,37,43,48,37,40,50,41,44,40,39,49,43,44,53,38,41,37,42,43,0,0,0,0,0,0,0,0
48,42,38,42,49,42,42,0,55,50,63,47,52,54,42,0,68,50,60,59,43,52,47,0,76,57,53,44,44,44,46,0,66,50,48,45,37,43,48,0,40,50,41,44,40,39,49,0,44,53,38,41,37,42,43,0,0,0,0,0,0,0,0,0
0,0,0,0,0,0,0,0,0,0,0,0,0,0,0,0,0,0,0,0,0,0,0,0,0,0,0,0,0,0,0,0,0,0,0,0,0,0,0,0,0,0,0,0,0,0,0,0,0,0,0,0,0,0,0,0,0,0,0,0,0,0,0,0
0,0,0,0,0,0,0,0,0,0,0,0,0,0,0,0,0,0,0,0,0,0,0,0,0,0,0,0,0,0,0,0,0,0,0,0,0,0,0,0,0,0,0,0,0,0,0,0,0,0,0,0,0,0,0,0,0,0,0,0,0,0,0,0
0,0,0,0,0,0,0,0,0,0,0,0,0,0,0,0,0,0,0,0,0,0,0,0,0,0,0,0,0,0,0,0,0,0,0,0,0,0,0,0,0,0,0,0,0,0,0,0,0,0,0,0,0,0,0,0,0,0,0,0,0,0,0,0
0,0,0,0,0,0,0,0,0,0,0,0,0,0,0,0,0,0,0,0,0,0,0,0,0,0,0,0,0,0,0,0,0,0,0,0,0,0,0,0,0,0,0,0,0,0,0,0,0,0,0,0,0,0,0,0,0,0,7,0,0,0,0,0
0,0,0,0,0,0,0,0,0,0,0,0,0,0,0,0,0,0,0,0,0,0,0,0,0,0,0,0,0,0,0,0,0,0,0,0,0,0,0,0,0,0,0,0,0,0,0,0,0,0,0,0,0,0,0,0,0,7,0,0,0,0,0,0
0,0,0,0,0,0,0,0,0,0,0,0,0,0,0,0,0,0,0,0,0,0,0,0,0,0,0,0,0,0,0,0,0,0,0,0,0,0,0,0,0,0,0,0,0,0,0,0,0,0,0,0,0,0,0,0,7,0,0,0,0,0,0,0
0,0,0,0,0,0,0,0,0,0,0,0,0,0,0,0,0,0,0,0,0,0,0,0,0,0,0,0,0,0,0,0,0,0,0,0,0,0,0,0,0,0,0,0,0,0,0,0,0,0,7,0,0,0,0,0,0,0,0,0,0,0,0,0
0,0,0,0,0,0,0,0,0,0,0,0,0,0,0,0,0,0,0,0,0,0,0,0,0,0,0,0,0,0,0,0,0,0,0,0,0,0,0,0,0,0,0,0,0,0,0,0,0,7,0,0,0,0,0,0,0,0,0,0,0,0,0,0
0,0,0,0,0,0,0,0,0,0,0,0,0,0,0,0,0,0,0,0,0,0,0,0,0,0,0,0,0,0,0,0,0,0,0,0,0,0,0,0,0,0,0,0,0,0,0,0,7,0,0,0,0,0,0,0,0,0,0,0,0,0,0,0
0,0,0,0,0,0,0,0,0,0,0,0,0,0,0,0,0,0,0,0,0,0,0,0,0,0,0,0,0,0,0,0,0,0,0,0,0,0,0,0,0,0,0,0,0,0,0,0,0,0,0,0,0,0,0,0,0,0,0,0,0,0,0,0
0,0,0,0,0,0,0,0,0,0,0,0,0,0,0,0,0,0,0,0,0,0,0,0,0,0,0,0,0,0,0,0,0,0,0,0,0,0,0,0,0,0,0,0,0,0,0,0,0,0,0,0,0,0,0,0,0,0,0,0,0,0,0,0
0,0,0,0,0,0,0,0,0,0,0,0,0,0,0,0,0,0,0,0,0,0,0,0,0,0,0,0,0,0,0,0,0,0,0,0,0,0,0,0,0,0,0,0,0,0,0,0,0,0,0,0,0,0,0,0,0,0,0,0,0,0,0,0
0,0,0,0,0,0,0,0,0,0,0,0,0,0,0,0,0,0,0,0,0,0,0,0,0,0,0,0,0,0,0,0,0,0,0,0,0,0,0,0,0,0,0,0,0,0,0,0,0,0,0,0,0,0,0,0,0,0,0,0,0,0,0,0
0,0,0,0,0,0,0,0,0,0,0,0,0,0,0,0,0,0,0,0,0,0,0,0,0,0,0,0,0,0,0,0,0,0,0,0,0,0,0,0,0,0,0,0,0,0,0,0,0,0,0,0,0,0,0,0,0,0,0,0,0,0,0,0
0,0,0,0,0,0,0,0,0,0,0,0,0,0,0,0,0,0,0,0,0,0,0,0,0,0,0,0,0,0,0,0,0,0,0,0,0,0,0,0,0,0,0,0,0,0,0,0,0,0,0,0,0,0,0,0,0,0,0,0,0,0,0,0
0,0,0,0,0,0,0,0,0,0,0,0,0,0,0,0,0,0,0,0,0,0,0,0,0,0,0,0,0,0,0,0,0,0,0,0,0,0,0,0,0,0,0,0,0,0,0,0,0,0,0,0,0,0,0,0,0,0,0,0,0,0,0,0
0,0,0,0,0,0,0,0,0,0,0,0,0,0,0,0,0,0,0,0,0,0,0,0,0,0,0,0,0,0,0,0,0,0,0,0,0,0,0,0,0,0,0,0,0,0,0,0,0,0,0,0,0,0,0,0,0,0,0,0,0,0,0,0
0,0,0,0,0,0,0,0,0,0,0,0,0,0,0,0,0,0,0,0,0,0,0,0,0,0,0,0,0,0,0,0,0,0,0,0,0,0,0,0,0,0,0,0,0,0,0,0,0,0,0,0,0,0,0,0,0,0,0,0,0,0,0,0
0,0,0,0,0,0,0,0,0,0,0,0,1,0,0,0,0,0,0,0,0,0,0,0,0,0,0,0,0,0,0,0,0,0,0,0,0,0,0,0,0,0,0,0,0,0,0,0,0,0,0,0,0,0,0,0,0,0,0,0,0,0,0,0
0,0,0,0,0,0,0,0,0,0,0,1,0,0,0,0,0,0,0,0,0,0,0,0,0,0,0,0,0,0,0,0,0,0,0,0,0,0,0,0,0,0,0,0,0,0,0,0,0,0,0,0,0,0,0,0,0,0,0,0,0,0,0,0
0,0,0,0,0,0,0,0,0,0,1,0,0,0,0,0,0,0,0,0,0,0,0,0,0,0,0,0,0,0,0,0,0,0,0,0,0,0,0,0,0,0,0,0,0,0,0,0,0,0,0,0,0,0,0,0,0,0,0,0,0,0,0,0
0,0,0,0,1,0,0,0,0,0,0,0,0,0,0,0,0,0,0,0,0,0,0,0,0,0,0,0,0,0,0,0,0,0,0,0,0,0,0,0,0,0,0,0,0,0,0,0,0,0,0,0,0,0,0,0,0,0,0,0,0,0,0,0
0,0,0,1,0,0,0,0,0,0,0,0,0,0,0,0,0,0,0,0,0,0,0,0,0,0,0,0,0,0,0,0,0,0,0,0,0,0,0,0,0,0,0,0,0,0,0,0,0,0,0,0,0,0,0,0,0,0,0,0,0,0,0,0
0,0,1,0,0,0,0,0,0,0,0,0,0,0,0,0,0,0,0,0,0,0,0,0,0,0,0,0,0,0,0,0,0,0,0,0,0,0,0,0,0,0,0,0,0,0,0,0,0,0,0,0,0,0,0,0,0,0,0,0,0,0,0,0
0,0,0,0,0,0,0,0,0,0,0,0,0,0,0,0,0,0,0,0,0,0,0,0,0,0,0,0,0,0,0,0,0,0,0,0,0,0,0,0,0,0,0,0,0,0,0,0,0,0,0,0,0,0,0,0,0,0,0,0,0,0,0,0
0,0,0,0,0,0,0,0,0,0,0,0,0,0,0,0,0,0,0,0,0,0,0,0,0,0,0,0,0,0,0,0,0,0,0,0,0,0,0,0,0,0,0,0,0,0,0,0,0,0,0,0,0,0,0,0,0,0,0,0,0,0,0,0
0,0,0,0,0,0,0,0,0,0,0,0,0,0,0,0,0,0,0,0,0,0,0,0,0,0,0,0,0,0,0,0,0,0,0,0,0,0,0,0,0,0,0,0,0,0,0,0,0,0,0,0,0,0,0,0,0,0,0,0,0,0,0,0
0,0,0,0,0,0,0,0,0,0,0,0,0,0,0,0,0,0,0,0,0,0,0,0,0,0,0,0,0,0,0,0,0,0,0,0,0,0,0,0,0,0,0,0,0,0,0,0,0,0,0,0,0,0,0,0,0,0,0,0,0,0,0,0
0,0,0,0,0,0,0,0,0,0,0,0,0,0,0,0,0,0,0,0,0,0,0,0,0,0,0,0,0,0,0,0,0,0,0,0,0,0,0,0,0,0,0,0,0,0,0,0,0,0,0,0,0,0,0,0,0,0,0,0,0,0,0,0
0,0,0,0,0,0,0,0,0,0,0,0,0,0,0,0,0,0,0,0,0,0,0,0,0,0,0,0,0,0,0,0,0,0,0,0,0,0,0,0,0,0,0,0,0,0,0,0,0,0,0,0,0,0,0,0,0,0,0,0,0,0,0,0
0,0,0,0,0,0,0,0,0,0,0,0,0,0,0,0,0,0,0,0,0,0,0,0,0,0,0,0,0,0,0,0,0,0,0,0,0,0,0,0,0,0,0,0,0,0,0,0,0,0,0,0,0,0,0,0,0,0,0,0,0,0,0,0
0,0,0,0,0,0,0,0,0,0,0,0,0,0,0,0,0,0,0,0,0,0,0,0,0,0,0,0,0,0,0,0,0,0,0,0,0,0,0,0,0,0,0,0,0,0,0,0,0,0,0,0,0,0,0,0,0,0,0,0,0,0,0,0
0,0,0,0,0,0,0,0,0,0,0,0,0,0,0,0,0,0,0,0,0,0,0,0,0,0,0,0,0,0,0,0,0,0,0,0,0,0,0,0,0,0,0,0,0,0,0,0,0,0,0,0,0,0,0,0,0,0,0,0,0,0,0,0
0,0,0,0,0,0,0,0,0,0,0,0,0,0,0,0,0,0,0,0,0,0,0,0,0,0,0,0,0,0,0,0,0,0,0,0,0,0,0,0,0,0,0,0,0,0,0,0,0,0,0,0,0,0,0,0,0,0,0,0,0,0,0,0
0,0,0,0,0,0,0,0,0,0,0,0,0,0,0,0,0,0,0,0,0,0,0,0,0,0,0,0,0,0,0,0,0,0,0,0,0,0,0,0,0,0,0,0,0,0,0,0,0,0,0,0,0,0,0,0,0,0,0,0,0,0,0,0
0,0,0,0,0,0,0,0,0,0,0,0,0,0,0,0,0,0,0,0,0,0,0,0,0,0,0,0,0,0,0,0,0,0,0,0,0,0,0,0,0,0,0,0,0,0,0,0,0,0,0,0,0,0,0,0,0,0,0,0,0,0,0,0
0,0,0,0,0,0,0,0,0,0,0,0,0,0,0,0,0,10,22,19,22,21,24,14,0,17,22,21,25,18,22,21,0,12,24,25,28,21,19,20,0,18,27,22,15,25,17,28,0,21,18,30,23,17,24,15,0,27,21,21,24,15,23,15
0,0,0,0,0,0,0,0,0,0,0,0,0,0,0,0,10,22,19,22,21,24,14,19,17,22,21,25,18,22,21,18,12,24,25,28,21,19,20,15,18,27,22,15,25,17,28,18,21,18,30,23,17,24,15,11,27,21,21,24,15,23,15,9
0,0,0,0,0,0,0,0,0,0,0,0,0,0,0,0,22,19,22,21,24,14,19,0,22,21,25,18,22,21,18,0,24,25,28,21,19,20,15,0,27,22,15,25,17,28,18,0,18,30,23,17,24,15,11,0,21,21,24,15,23,15,9,0
0,0,0,0,0,0,0,0,0,10,22,19,22,21,24,14,0,17,22,21,25,18,22,21,0,12,24,25,28,21,19,20,0,18,27,22,15,25,17,28,0,21,18,30,23,17,24,15,0,27,21,21,24,15,23,15,0,25,23,25,21,23,27,21
0,0,0,0,0,0,0,0,10,22,19,22,21,24,14,19,17,22,21,25,18,22,21,18,12,24,25,28,21,19,20,15,18,27,22,15,25,17,28,18,21,18,30,23,17,24,15,11,27,21,21,24,15,23,15,9,25,23,25,21,23,27,21,11
0,0,0,0,0,0,0,0,22,19,22,21,24,14,19,0,22,21,25,18,22,21,18,0,24,25,28,21,19,20,15,0,27,22,15,25,17,28,18,0,18,30,23,17,24,15,11,0,21,21,24,15,23,15,9,0,23,25,21,23,27,21,11,0
0,10,22,19,22,21,24,14,0,17,22,21,25,18,22,21,0,12,24,25,28,21,19,20,0,18,27,22,15,25,17,28,0,21,18,30,23,17,24,15,0,27,21,21,24,15,23,15,0,25,23,25,21,23,27,21,0,0,0,0,0,0,0,0
10,22,19,22,21,24,14,19,17,22,21,25,18,22,21,18,12,24,25,28,21,19,20,15,18,27,22,15,25,17,28,18,21,18,30,23,17,24,15,11,27,21,21,24,15,23,15,9,25,23,25,21,23,27,21,11,0,0,0,0,0,0,0,0
22,19,22,21,24,14,19,0,22,21,25,18,22,21,18,0,24,25,28,21,19,20,15,0,27,22,15,25,17,28,18,0,18,30,23,17,24,15,11,0,21,21,24,15,23,15,9,0,23,25,21,23,27,21,11,0,0,0,0,0,0,0,0,0
0,0,0,0,0,0,0,0,0,0,0,0,0,0,1,7,0,0,0,0,0,0,0,0,0,0,0,0,0,0,0,0,0,0,0,0,0,0,0,0,0,0,0,0,0,0,0,1,0,0,12,0,0,0,0,0,0,0,3,0,0,0,0,0
0,0,0,0,0,0,0,0,0,0,0,0,0,1,7,0,0,0,0,0,0,0,0,3,0,0,0,0,0,0,0,0,0,0,0,0,0,0,0,1,0,0,0,0,0,0,1,0,0,12,0,0,0,0,0,0,0,3,0,0,0,0,0,0
0,0,0,0,0,0,0,0,0,0,0,0,1,7,0,0,0,0,0,0,0,0,3,0,0,0,0,0,0,0,0,0,0,0,0,0,0,0,1,0,0,0,0,0,0,1,0,0,12,0,0,0,0,0,0,0,3,0,0,0,0,0,0,0
0,0,0,0,0,0,1,7,0,0,0,0,0,0,0,0,0,0,0,0,0,0,0,0,0,0,0,0,0,0,0,0,0,0,0,0,0,0,0,1,0,0,12,0,0,0,0,0,0,0,3,0,0,0,0,0,0,0,0,0,0,0,0,0
0,0,0,0,0,1,7,0,0,0,0,0,0,0,0,3,0,0,0,0,0,0,0,0,0,0,0,0,0,0,0,1,0,0,0,0,0,0,1,0,0,12,0,0,0,0,0,0,0,3,0,0,0,0,0,0,0,0,0,0,0,0,0,0
0,0,0,0,1,7,0,0,0,0,0,0,0,0,3,0,0,0,0,0,0,0,0,0,0,0,0,0,0,0,1,0,0,0,0,0,0,1,0,0,12,0,0,0,0,0,0,0,3,0,0,0,0,0,0,0,0,0,0,0,0,0,0,0
0,0,0,0,0,0,0,0,0,0,0,0,0,0,0,0,0,0,0,0,0,0,0,0,0,0,0,0,0,0,0,1,0,0,12,0,0,0,0,0,0,0,3,0,0,0,0,0,0,0,0,0,0,0,0,0,0,0,0,0,0,0,0,0
0,0,0,0,0,0,0,3,0,0,0,0,0,0,0,0,0,0,0,0,0,0,0,1,0,0,0,0,0,0,1,0,0,12,0,0,0,0,0,0,0,3,0,0,0,0,0,0,0,0,0,0,0,0,0,0,0,0,0,0,0,0,0,0
0,0,0,0,0,0,3,0,0,0,0,0,0,0,0,0,0,0,0,0,0,0,1,0,0,0,0,0,0,1,0,0,12,0,0,0,0,0,0,0,3,0,0,0,0,0,0,0,0,0,0,0,0,0,0,0,0,0,0,0,0,0,0,0
0,0,0,0,0,0,0,0,0,0,6,0,0,0,0,6,0,0,0,0,0,0,0,6,0,0,0,0,0,13,3,13,0,0,3,0,0,0,11,14,0,0,1,0,7,0,10,10,0,0,0,7,7,0,3,7,0,1,0,0,0,0,0,0
0,0,0,0,0,0,0,0,0,6,0,0,0,0,6,0,0,0,0,0,0,0,6,0,0,0,0,0,13,3,13,1,0,3,0,0,0,11,14,3,0,1,0,7,0,10,10,1,0,0,7,7,0,3,7,0,1,0,0,0,0,0,0,0
0,0,0,0,0,0,0,0,6,0,0,0,0,6,0,0,0,0,0,0,0,6,0,0,0,0,0,13,3,13,1,0,3,0,0,0,11,14,3,0,1,0,7,0,10,10,1,0,0,7,7,0,3,7,0,0,0,0,0,0,0,0,0,0
0,0,6,0,0,0,0,6,0,0,0,0,0,0,0,6,0,0,0,0,0,13,3,13,0,0,3,0,0,0,11,14,0,0,1,0,7,0,10,10,0,0,0,7,7,0,3,7,0,1,0,0,0,0,0,0,0,0,0,0,0,0,0,0
0,6,0,0,0,0,6,0,0,0,0,0,0,0,6,0,0,0,0,0,13,3,13,1,0,3,0,0,0,11,14,3,0,1,0,7,0,10,10,1,0,0,7,7,0,3,7,0,1,0,0,0,0,0,0,0,0,0,0,0,0,0,0,0
6,0,0,0,0,6,0,0,0,0,0,0,0,6,0,0,0,0,0,13,3,13,1,0,3,0,0,0,11,14,3,0,1,0,7,0,10,10,1,0,0,7,7,0,3,7,0,0,0,0,0,0,0,0,0,0,0,0,0,0,0,0,0,0
0,0,0,0,0,0,0,6,0,0,0,0,0,13,3,13,0,0,3,0,0,0,11,14,0,0,1,0,7,0,10,10,0,0,0,7,7,0,3,7,0,1,0,0,0,0,0,0,0,0,0,0,0,0,0,0,0,0,0,0,0,0,0,0
0,0,0,0,0,0,6,0,0,0,0,0,13,3,13,1,0,3,0,0,0,11,14,3,0,1,0,7,0,10,10,1,0,0,7,7,0,3,7,0,1,0,0,0,0,0,0,0,0,0,0,0,0,0,0,0,0,0,0,0,0,0,0,0
0,0,0,0,0,6,0,0,0,0,0,13,3,13,1,0,3,0,0,0,11,14,3,0,1,0,7,0,10,10,1,0,0,7,7,0,3,7,0,0,0,0,0,0,0,0,0,0,0,0,0,0,0,0,0,0,0,0,0,0,0,0,0,0
0,0,0,0,0,0,0,0,0,0,0,0,0,0,0,0,0,0,0,0,0,0,0,0,0,0,0,0,0,0,0,0,0,0,0,0,0,0,0,0,0,0,0,0,0,0,0,0,0,0,0,0,0,0,0,0,0,0,0,0,0,0,0,0
0,0,0,0,0,0,0,0,0,0,0,0,0,0,0,0,0,0,0,0,0,0,0,0,0,0,0,0,0,0,0,0,0,0,0,0,0,0,0,0,0,0,0,0,0,0,0,0,0,0,0,0,0,0,0,0,0,0,0,0,0,0,0,0
0,0,0,0,0,0,0,0,0,0,0,0,0,0,0,0,0,0,0,0,0,0,0,0,0,0,0,0,0,0,0,0,0,0,0,0,0,0,0,0,0,0,0,0,0,0,0,0,0,0,0,0,0,0,0,0,0,0,0,0,0,0,0,0
0,0,0,0,0,0,0,0,0,0,0,0,0,0,0,0,0,0,0,0,0,0,0,0,0,0,0,0,0,0,0,0,0,0,0,0,0,0,0,0,0,0,0,0,0,0,0,0,0,0,0,0,0,0,0,0,0,0,0,0,0,0,0,0
0,0,0,0,0,0,0,0,0,0,0,0,0,0,0,0,0,0,0,0,0,0,0,0,0,0,0,0,0,0,0,0,0,0,0,0,0,0,0,0,0,0,0,0,0,0,0,0,0,0,0,0,0,0,0,0,0,0,0,0,0,0,0,0
0,0,0,0,0,0,0,0,0,0,0,0,0,0,0,0,0,0,0,0,0,0,0,0,0,0,0,0,0,0,0,0,0,0,0,0,0,0,0,0,0,0,0,0,0,0,0,0,0,0,0,0,0,0,0,0,0,0,0,0,0,0,0,0
0,0,0,0,0,0,0,0,0,0,0,0,0,0,0,0,0,0,0,0,0,0,0,0,0,0,0,0,0,0,0,0,0,0,0,0,0,0,0,0,0,0,0,0,0,0,0,0,0,0,0,0,0,0,0,0,0,0,0,0,0,0,0,0
0,0,0,0,0,0,0,0,0,0,0,0,0,0,0,0,0,0,0,0,0,0,0,0,0,0,0,0,0,0,0,0,0,0,0,0,0,0,0,0,0,0,0,0,0,0,0,0,0,0,0,0,0,0,0,0,0,0,0,0,0,0,0,0
0,0,0,0,0,0,0,0,0,0,0,0,0,0,0,0,0,0,0,0,0,0,0,0,0,0,0,0,0,0,0,0,0,0,0,0,0,0,0,0,0,0,0,0,0,0,0,0,0,0,0,0,0,0,0,0,0,0,0,0,0,0,0,0
0,0,0,0,0,0,0,0,0,0,0,5,9,9,12,9,0,0,0,0,0,0,0,0,0,0,0,0,0,0,0,1,0,0,0,0,0,0,0,0,0,0,0,0,0,0,0,0,0,0,0,0,0,0,0,0,0,0,0,0,9,0,1,0
0,0,0,0,0,0,0,0,0,0,5,9,9,12,9,3,0,0,0,0,0,0,0,1,0,0,0,0,0,0,1,3,0,0,0,0,0,0,0,0,0,0,0,0,0,0,0,0,0,0,0,0,0,0,0,0,0,0,0,9,0,1,0,0
0,0,0,0,0,0,0,0,0,5,9,9,12,9,3,0,0,0,0,0,0,0,1,0,0,0,0,0,0,1,3,0,0,0,0,0,0,0,0,0,0,0,0,0,0,0,0,0,0,0,0,0,0,0,0,0,0,0,9,0,1,0,0,0
0,0,0,5,9,9,12,9,0,0,0,0,0,0,0,0,0,0,0,0,0,0,0,1,0,0,0,0,0,0,0,0,0,0,0,0,0,0,0,0,0,0,0,0,0,0,0,0,0,0,0,0,9,0,1,0,0,0,0,0,0,0,0,0
0,0,5,9,9,12,9,3,0,0,0,0,0,0,0,1,0,0,0,0,0,0,1,3,0,0,0,0,0,0,0,0,0,0,0,0,0,0,0,0,0,0,0,0,0,0,0,0,0,0,0,9,0,1,0,0,0,0,0,0,0,0,0,5
0,5,9,9,12,9,3,0,0,0,0,0,0,0,1,0,0,0,0,0,0,1,3,0,0,0,0,0,0,0,0,0,0,0,0,0,0,0,0,0,0,0,0,0,0,0,0,0,0,0,9,0,1,0,0,0,0,0,0,0,0,0,5,0
0,0,0,0,0,0,0,0,0,0,0,0,0,0,0,1,0,0,0,0,0,0,0,0,0,0,0,0,0,0,0,0,0,0,0,0,0,0,0,0,0,0,0,0,9,0,1,0,0,0,0,0,0,0,0,0,0,0,0,0,0,0,0,0
0,0,0,0,0,0,0,1,0,0,0,0,0,0,1,3,0,0,0,0,0,0,0,0,0,0,0,0,0,0,0,0,0,0,0,0,0,0,0,0,0,0,0,9,0,1,0,0,0,0,0,0,0,0,0,5,0,0,0,0,0,0,0,0
0,0,0,0,0,0,1,0,0,0,0,0,0,1,3,0,0,0,0,0,0,0,0,0,0,0,0,0,0,0,0,0,0,0,0,0,0,0,0,0,0,0,9,0,1,0,0,0,0,0,0,0,0,0,5,0,0,0,0,0,0,0,0,0
0,0,0,0,0,0,0,0,0,0,0,0,0,0,0,0,0,0,7,11,21,11,7,0,0,0,3,3,15,6,7,7,0,0,6,12,12,11,9,6,0,0,0,17,7,11,1,6,0,0,0,6,7,7,0,0,0,0,0,0,7,0,1,3
0,0,0,0,0,0,0,0,0,0,0,0,0,0,0,0,0,7,11,21,11,7,0,0,0,3,3,15,6,7,7,0,0,6,12,12,11,9,6,0,0,0,17,7,11,1,6,0,0,0,6,7,7,0,0,0,0,0,0,7,0,1,3,0
0,0,0,0,0,0,0,0,0,0,0,0,0,0,0,0,7,11,21,11,7,0,0,0,3,3,15,6,7,7,0,0,6,12,12,11,9,6,0,0,0,17,7,11,1,6,0,0,0,6,7,7,0,0,0,0,0,0,7,0,1,3,0,0
0,0,0,0,0,0,0,0,0,0,7,11,21,11,7,0,0,0,3,3,15,6,7,7,0,0,6,12,12,11,9,6,0,0,0,17,7,11,1,6,0,0,0,6,7,7,0,0,0,0,0,0,7,0,1,3,0,0,0,1,12,9,0,3
0,0,0,0,0,0,0,0,0,7,11,21,11,7,0,0,0,3,3,15,6,7,7,0,0,6,12,12,11,9,6,0,0,0,17,7,11,1,6,0,0,0,6,7,7,0,0,0,0,0,0,7,0,1,3,0,0,0,1,12,9,0,3,0
0,0,0,0,0,0,0,0,7,11,21,11,7,0,0,0,3,3,15,6,7,7,0,0,6,12,12,11,9,6,0,0,0,17,7,11,1,6,0,0,0,6,7,7,0,0,0,0,0,0,7,0,1,3,0,0,0,1,12,9,0,3,0,0
0,0,7,11,21,11,7,0,0,0,3,3,15,6,7,7,0,0,6,12,12,11,9,6,0,0,0,17,7,11,1,6,0,0,0,6,7,7,0,0,0,0,0,0,7,0,1,3,0,0,0,1,12,9,0,3,0,0,0,0,0,0,0,0
0,7,11,21,11,7,0,0,0,3,3,15,6,7,7,0,0,6,12,12,11,9,6,0,0,0,17,7,11,1,6,0,0,0,6,7,7,0,0,0,0,0,0,7,0,1,3,0,0,0,1,12,9,0,3,0,0,0,0,0,0,0,0,0
7,11,21,11,7,0,0,0,3,3,15,6,7,7,0,0,6,12,12,11,9,6,0,0,0,17,7,11,1,6,0,0,0,6,7,7,0,0,0,0,0,0,7,0,1,3,0,0,0,1,12,9,0,3,0,0,0,0,0,0,0,0,0,0
0,0,0,0,0,0,0,0,0,41,30,34,24,27,22,21,0,38,26,23,17,31,25,24,0,44,26,26,17,28,23,25,0,39,21,24,22,27,24,24,0,40,17,12,23,15,24,21,0,43,24,15,23,22,24,23,0,37,23,18,18,24,26,23
0,0,0,0,0,0,0,0,41,30,34,24,27,22,21,31,38,26,23,17,31,25,24,31,44,26,26,17,28,23,25,26,39,21,24,22,27,24,24,26,40,17,12,23,15,24,21,18,43,24,15,23,22,24,23,18,37,23,18,18,24,26,23,28
0,0,0,0,0,0,0,0,30,34,24,27,22,21,31,0,26,23,17,31,25,24,31,0,26,26,17,28,23,25,26,0,21,24,22,27,24,24,26,0,17,12,23,15,24,21,18,0,24,15,23,22,24,23,18,0,23,18,18,24,26,23,28,0
0,41,30,34,24,27,22,21,0,38,26,23,17,31,25,24,0,44,26,26,17,28,23,25,0,39,21,24,22,27,24,24,0,40,17,12,23,15,24,21,0,43,24,15,23,22,24,23,0,37,23,18,18,24,26,23,0,35,24,21,18,25,21,19
41,30,34,24,27,22,21,31,38,26,23,17,31,25,24,31,44,26,26,17,28,23,25,26,39,21,24,22,27,24,24,26,40,17,12,23,15,24,21,18,43,24,15,23,22,24,23,18,37,23,18,18,24,26,23,28,35,24,21,18,25,21,19,21
30,34,24,27,22,21,31,0,26,23,17,31,25,24,31,0,26,26,17,28,23,25,26,0,21,24,22,27,24,24,26,0,17,12,23,15,24,21,18,0,24,15,23,22,24,23,18,0,23,18,18,24,26,23,28,0,24,21,18,25,21,19,21,0
0,38,26,23,17,31,25,24,0,44,26,26,17,28,23,25,0,39,21,24,22,27,24,24,0,40,17,12,23,15,24,21,0,43,24,15,23,22,24,23,0,37,23,18,18,24,26,23,0,35,24,21,18,25,21,19,0,0,0,0,0,0,0,0
38,26,23,17,31,25,24,31,44,26,26,17,28,23,25,26,39,21,24,22,27,24,24,26,40,17,12,23,15,24,21,18,43,24,15,23,22,24,23,18,37,23,18,18,24,26,23,28,35,24,21,18,25,21,19,21,0,0,0,0,0,0,0,0
26,23,17,31,25,24,31,0,26,26,17,28,23,25,26,0,21,24,22,27,24,24,26,0,17,12,23,15,24,21,18,0,24,15,23,22,24,23,18,0,23,18,18,24,26,23,28,0,24,21,18,25,21,19,21,0,0,0,0,0,0,0,0,0
0,0,0,0,0,0,0,0,0,20,27,21,19,15,13,21,0,25,30,34,31,25,26,21,0,25,40,24,34,28,28,31,0,18,40,44,40,39,27,34,0,17,43,46,31,34,24,26,0,22,43,43,41,30,28,22,0,18,43,39,31,23,19,15
0,0,0,0,0,0,0,0,20,27,21,19,15,13,21,30,25,30,34,31,25,26,21,35,25,40,24,34,28,28,31,31,18,40,44,40,39,27,34,33,17,43,46,31,34,24,26,37,22,43,43,41,30,28,22,40,18,43,39,31,23,19,15,31
0,0,0,0,0,0,0,0,27,21,19,15,13,21,30,0,30,34,31,25,26,21,35,0,40,24,34,28,28,31,31,0,40,44,40,39,27,34,33,0,43,46,31,34,24,26,37,0,43,43,41,30,28,22,40,0,43,39,31,23,19,15,31,0
0,20,27,21,19,15,13,21,0,25,30,34,31,25,26,21,0,25,40,24,34,28,28,31,0,18,40,44,40,39,27,34,0,17,43,46,31,34,24,26,0,22,43,43,41,30,28,22,0,18,43,39,31,23,19,15,0,22,34,28,27,20,21,20
20,27,21,19,15,13,21,30,25,30,34,31,25,26,21,35,25,40,24,34,28,28,31,31,18,40,44,40,39,27,34,33,17,43,46,31,34,24,26,37,22,43,43,41,30,28,22,40,18,43,39,31,23,19,15,31,22,34,28,27,20,21,20,33
27,21,19,15,13,21,30,0,30,34,31,25,26,21,35,0,40,24,34,28,28,31,31,0,40,44,40,39,27,34,33,0,43,46,31,34,24,26,37,0,43,43,41,30,28,22,40,0,43,39,31,23,19,15,31,0,34,28,27,20,21,20,33,0
0,25,30,34,31,25,26,21,0,25,40,24,34,28,28,31,0,18,40,44,40,39,27,34,0,17,43,46,31,34,24,26,0,22,43,43,41,30,28,22,0,18,43,39,31,23,19,15,0,22,34,28,27,20,21,20,0,0,0,0,0,0,0,0
25,30,34,31,25,26,21,35,25,40,24,34,28,28,31,31,18,40,44,40,39,27,34,33,17,43,46,31,34,24,26,37,22,43,43,41,30,28,22,40,18,43,39,31,23,19,15,31,22,34,28,27,20,21,20,33,0,0,0,0,0,0,0,0
30,34,31,25,26,21,35,0,40,24,34,28,28,31,31,0,40,44,40,39,27,34,33,0,43,46,31,34,24,26,37,0,43,43,41,30,28,22,40,0,43,39,31,23,19,15,31,0,34,28,27,20,21,20,33,0,0,0,0,0,0,0,0,0
0,0,0,0,0,0,0,0,0,0,0,0,0,0,0,0,0,0,0,0,0,0,0,0,0,0,0,0,0,0,0,0,0,0,0,0,0,0,0,0,0,0,0,0,0,0,0,0,0,0,0,0,0,0,0,0,0,0,0,0,0,0,0,0
0,0,0,0,0,0,0,0,0,0,0,0,0,0,0,0,0,0,0,0,0,0,0,3,0,0,0,0,0,0,0,0,0,0,0,0,0,0,0,3,0,0,0,0,0,0,0,7,0,0,0,0,0,0,0,6,0,0,0,0,0,0,0,5
0,0,0,0,0,0,0,0,0,0,0,0,0,0,0,0,0,0,0,0,0,0,3,0,0,0,0,0,0,0,0,0,0,0,0,0,0,0,3,0,0,0,0,0,0,0,7,0,0,0,0,0,0,0,6,0,0,0,0,0,0,0,5,0
0,0,0,0,0,0,0,0,0,0,0,0,0,0,0,0,0,0,0,0,0,0,0,0,0,0,0,0,0,0,0,0,0,0,0,0,0,0,0,0,0,0,0,0,0,0,0,0,0,0,0,0,0,0,0,0,0,3,0,0,0,0,1,0
0,0,0,0,0,0,0,0,0,0,0,0,0,0,0,3,0,0,0,0,0,0,0,0,0,0,0,0,0,0,0,3,0,0,0,0,0,0,0,7,0,0,0,0,0,0,0,6,0,0,0,0,0,0,0,5,3,0,0,0,0,1,0,7
0,0,0,0,0,0,0,0,0,0,0,0,0,0,3,0,0,0,0,0,0,0,0,0,0,0,0,0,0,0,3,0,0,0,0,0,0,0,7,0,0,0,0,0,0,0,6,0,0,0,0,0,0,0,5,0,0,0,0,0,1,0,7,0
0,0,0,0,0,0,0,0,0,0,0,0,0,0,0,0,0,0,0,0,0,0,0,0,0,0,0,0,0,0,0,0,0,0,0,0,0,0,0,0,0,0,0,0,0,0,0,0,0,3,0,0,0,0,1,0,0,0,0,0,0,0,0,0
0,0,0,0,0,0,0,3,0,0,0,0,0,0,0,0,0,0,0,0,0,0,0,3,0,0,0,0,0,0,0,7,0,0,0,0,0,0,0,6,0,0,0,0,0,0,0,5,3,0,0,0,0,1,0,7,0,0,0,0,0,0,0,0
0,0,0,0,0,0,3,0,0,0,0,0,0,0,0,0,0,0,0,0,0,0,3,0,0,0,0,0,0,0,7,0,0,0,0,0,0,0,6,0,0,0,0,0,0,0,5,0,0,0,0,0,1,0,7,0,0,0,0,0,0,0,0,0
0,0,0,0,0,0,0,0,0,3,0,0,0,0,0,0,0,0,0,0,0,0,0,0,0,0,0,0,0,0,0,0,0,0,0,0,0,0,0,0,0,0,0,0,7,0,0,0,0,1,0,0,0,0,0,0,0,0,0,0,0,0,0,0
0,0,0,0,0,0,0,0,3,0,0,0,0,0,0,3,0,0,0,0,0,0,0,7,0,0,0,0,0,0,0,10,0,0,0,0,0,0,0,7,0,0,0,7,0,0,0,0,1,0,0,0,0,0,0,9,0,0,0,0,0,0,0,12
0,0,0,0,0,0,0,0,0,0,0,0,0,0,3,0,0,0,0,0,0,0,7,0,0,0,0,0,0,0,10,0,0,0,0,0,0,0,7,0,0,0,7,0,0,0,0,0,0,0,0,0,0,0,9,0,0,0,0,0,0,0,12,0
0,3,0,0,0,0,0,0,0,0,0,0,0,0,0,0,0,0,0,0,0,0,0,0,0,0,0,0,0,0,0,0,0,0,0,0,7,0,0,0,0,1,0,0,0,0,0,0,0,0,0,0,0,0,0,0,0,5,1,3,7,5,1,1
3,0,0,0,0,0,0,3,0,0,0,0,0,0,0,7,0,0,0,0,0,0,0,10,0,0,0,0,0,0,0,7,0,0,0,7,0,0,0,0,1,0,0,0,0,0,0,9,0,0,0,0,0,0,0,12,5,1,3,7,5,1,1,7
0,0,0,0,0,0,3,0,0,0,0,0,0,0,7,0,0,0,0,0,0,0,10,0,0,0,0,0,0,0,7,0,0,0,7,0,0,0,0,0,0,0,0,0,0,0,9,0,0,0,0,0,0,0,12,0,1,3,7,5,1,1,7,0
0,0,0,0,0,0,0,0,0,0,0,0,0,0,0,0,0,0,0,0,0,0,0,0,0,0,0,0,7,0,0,0,0,1,0,0,0,0,0,0,0,0,0,0,0,0,0,0,0,5,1,3,7,5,1,1,0,0,0,0,0,0,0,0
0,0,0,0,0,0,0,7,0,0,0,0,0,0,0,10,0,0,0,0,0,0,0,7,0,0,0,7,0,0,0,0,1,0,0,0,0,0,0,9,0,0,0,0,0,0,0,12,5,1,3,7,5,1,1,7,0,0,0,0,0,0,0,0
0,0,0,0,0,0,7,0,0,0,0,0,0,0,10,0,0,0,0,0,0,0,7,0,0,0,7,0,0,0,0,0,0,0,0,0,0,0,9,0,0,0,0,0,0,0,12,0,1,3,7,5,1,1,7,0,0,0,0,0,0,0,0,0
0,0,0,0,0,0,0,0,0,0,0,0,0,0,0,0,0,0,0,0,0,0,0,0,0,0,0,0,0,0,0,0,0,0,0,0,0,0,0,0,0,0,0,0,0,0,0,0,0,0,0,0,0,0,0,0,0,0,0,0,0,0,0,0
0,0,0,0,0,0,0,0,0,0,0,0,0,0,0,0,0,0,0,0,0,0,0,0,0,0,0,0,0,0,0,0,0,0,0,0,0,0,0,0,0,0,0,0,0,0,0,0,0,0,0,0,0,0,0,0,0,0,0,0,0,0,0,0
0,0,0,0,0,0,0,0,0,0,0,0,0,0,0,0,0,0,0,0,0,0,0,0,0,0,0,0,0,0,0,0,0,0,0,0,0,0,0,0,0,0,0,0,0,0,0,0,0,0,0,0,0,0,0,0,0,0,0,0,0,0,0,0
0,0,0,0,0,0,0,0,0,0,0,0,0,0,0,0,0,0,0,0,0,0,0,0,0,0,0,0,0,0,0,0,0,0,0,0,0,0,0,0,0,0,0,0,0,0,0,0,0,0,0,0,0,0,0,0,0,0,0,0,0,0,0,0
0,0,0,0,0,0,0,0,0,0,0,0,0,0,0,0,0,0,0,0,0,0,0,0,0,0,0,0,0,0,0,0,0,0,0,0,0,0,0,0,0,0,0,0,0,0,0,0,0,0,0,0,0,0,0,0,0,0,0,0,0,0,0,0
0,0,0,0,0,0,0,0,0,0,0,0,0,0,0,0,0,0,0,0,0,0,0,0,0,0,0,0,0,0,0,0,0,0,0,0,0,0,0,0,0,0,0,0,0,0,0,0,0,0,0,0,0,0,0,0,0,0,0,0,0,0,0,0
0,0,0,0,0,0,0,0,0,0,0,0,0,0,0,0,0,0,0,0,0,0,0,0,0,0,0,0,0,0,0,0,0,0,0,0,0,0,0,0,0,0,0,0,0,0,0,0,0,0,0,0,0,0,0,0,0,0,0,0,0,0,0,0
0,0,0,0,0,0,0,0,0,0,0,0,0,0,0,0,0,0,0,0,0,0,0,0,0,0,0,0,0,0,0,0,0,0,0,0,0,0,0,0,0,0,0,0,0,0,0,0,0,0,0,0,0,0,0,0,0,0,0,0,0,0,0,0
0,0,0,0,0,0,0,0,0,0,0,0,0,0,0,0,0,0,0,0,0,0,0,0,0,0,0,0,0,0,0,0,0,0,0,0,0,0,0,0,0,0,0,0,0,0,0,0,0,0,0,0,0,0,0,0,0,0,0,0,0,0,0,0
0,0,0,0,0,0,0,0,0,7,14,15,13,18,15,14,0,0,5,6,12,7,7,14,0,3,9,1,6,3,3,11,0,3,10,13,13,6,11,3,0,0,5,5,7,10,1,9,0,0,9,7,0,0,0,5,0,5,0,0,0,3,7,6
0,0,0,0,0,0,0,0,7,14,15,13,18,15,14,7,0,5,6,12,7,7,14,3,3,9,1,6,3,3,11,5,3,10,13,13,6,11,3,11,0,5,5,7,10,1,9,7,0,9,7,0,0,0,5,3,5,0,0,0,3,7,6,3
0,0,0,0,0,0,0,0,14,15,13,18,15,14,7,0,5,6,12,7,7,14,3,0,9,1,6,3,3,11,5,0,10,13,13,6,11,3,11,0,5,5,7,10,1,9,7,0,9,7,0,0,0,5,3,0,0,0,0,3,7,6,3,0
0,7,14,15,13,18,15,14,0,0,5,6,12,7,7,14,0,3,9,1,6,3,3,11,0,3,10,13,13,6,11,3,0,0,5,5,7,10,1,9,0,0,9,7,0,0,0,5,0,5,0,0,0,3,7,6,0,0,0,0,0,0,0,0
7,14,15,13,18,15,14,7,0,5,6,12,7,7,14,3,3,9,1,6,3,3,11,5,3,10,13,13,6,11,3,11,0,5,5,7,10,1,9,7,0,9,7,0,0,0,5,3,5,0,0,0,3,7,6,3,0,0,0,0,0,0,0,0
14,15,13,18,15,14,7,0,5,6,12,7,7,14,3,0,9,1,6,3,3,11,5,0,10,13,13,6,11,3,11,0,5,5,7,10,1,9,7,0,9,7,0,0,0,5,3,0,0,0,0,3,7,6,3,0,0,0,0,0,0,0,0,0
0,0,5,6,12,7,7,14,0,3,9,1,6,3,3,11,0,3,10,13,13,6,11,3,0,0,5,5,7,10,1,9,0,0,9,7,0,0,0,5,0,5,0,0,0,3,7,6,0,0,0,0,0,0,0,0,0,0,0,0,0,0,0,0
0,5,6,12,7,7,14,3,3,9,1,6,3,3,11,5,3,10,13,13,6,11,3,11,0,5,5,7,10,1,9,7,0,9,7,0,0,0,5,3,5,0,0,0,3,7,6,3,0,0,0,0,0,0,0,0,0,0,0,0,0,0,0,0
5,6,12,7,7,14,3,0,9,1,6,3,3,11,5,0,10,13,13,6,11,3,11,0,5,5,7,10,1,9,7,0,9,7,0,0,0,5,3,0,0,0,0,3,7,6,3,0,0,0,0,0,0,0,0,0,0,0,0,0,0,0,0,0
0,0,0,0,0,0,0,0,0,0,0,0,0,0,0,0,0,0,0,0,0,0,0,0,0,0,0,0,0,0,0,0,0,0,0,0,0,0,0,0,0,0,0,0,0,0,0,0,0,0,0,0,0,0,0,0,0,0,0,0,0,0,0,0
0,0,0,0,0,0,0,0,0,0,0,0,0,0,0,0,0,0,0,0,0,0,0,0,0,0,0,0,0,0,0,0,0,0,0,0,0,0,0,0,0,0,0,0,0,0,0,0,0,0,0,0,0,0,0,0,0,0,0,0,0,0,0,0
0,0,0,0,0,0,0,0,0,0,0,0,0,0,0,0,0,0,0,0,0,0,0,0,0,0,0,0,0,0,0,0,0,0,0,0,0,0,0,0,0,0,0,0,0,0,0,0,0,0,0,0,0,0,0,0,0,0,0,0,0,0,0,0
0,0,0,0,0,0,0,0,0,0,0,0,0,0,0,0,0,0,0,0,0,0,0,0,0,0,0,0,0,0,0,0,0,0,0,0,0,0,0,0,0,0,0,0,0,0,0,0,0,0,0,0,0,0,0,0,0,0,0,0,0,0,0,0
0,0,0,0,0,0,0,0,0,0,0,0,0,0,0,0,0,0,0,0,0,0,0,0,0,0,0,0,0,0,0,0,0,0,0,0,0,0,0,0,0,0,0,0,0,0,0,0,0,0,0,0,0,0,0,0,0,0,0,0,0,0,0,0
0,0,0,0,0,0,0,0,0,0,0,0,0,0,0,0,0,0,0,0,0,0,0,0,0,0,0,0,0,0,0,0,0,0,0,0,0,0,0,0,0,0,0,0,0,0,0,0,0,0,0,0,0,0,0,0,0,0,0,0,0,0,0,0
0,0,0,0,0,0,0,0,0,0,0,0,0,0,0,0,0,0,0,0,0,0,0,0,0,0,0,0,0,0,0,0,0,0,0,0,0,0,0,0,0,0,0,0,0,0,0,0,0,0,0,0,0,0,0,0,0,0,0,0,0,0,0,0
0,0,0,0,0,0,0,0,0,0,0,0,0,0,0,0,0,0,0,0,0,0,0,0,0,0,0,0,0,0,0,0,0,0,0,0,0,0,0,0,0,0,0,0,0,0,0,0,0,0,0,0,0,0,0,0,0,0,0,0,0,0,0,0
0,0,0,0,0,0,0,0,0,0,0,0,0,0,0,0,0,0,0,0,0,0,0,0,0,0,0,0,0,0,0,0,0,0,0,0,0,0,0,0,0,0,0,0,0,0,0,0,0,0,0,0,0,0,0,0,0,0,0,0,0,0,0,0
0,0,0,0,0,0,0,0,0,0,0,0,0,0,0,0,0,3,0,0,3,0,5,5,0,3,0,0,5,0,0,5,0,1,0,0,9,0,3,7,0,0,9,0,5,0,1,0,0,0,0,0,7,13,7,0,0,0,0,15,0,3,0,0
0,0,0,0,0,0,0,0,0,0,0,0,0,0,0,0,3,0,0,3,0,5,5,0,3,0,0,5,0,0,5,0,1,0,0,9,0,3,7,0,0,9,0,5,0,1,0,0,0,0,0,7,13,7,0,0,0,0,15,0,3,0,0,0
0,0,0,0,0,0,0,0,0,0,0,0,0,0,0,0,0,0,3,0,5,5,0,0,0,0,5,0,0,5,0,0,0,0,9,0,3,7,0,0,9,0,5,0,1,0,0,0,0,0,7,13,7,0,0,0,0,15,0,3,0,0,0,0
0,0,0,0,0,0,0,0,0,3,0,0,3,0,5,5,0,3,0,0,5,0,0,5,0,1,0,0,9,0,3,7,0,0,9,0,5,0,1,0,0,0,0,0,7,13,7,0,0,0,0,15,0,3,0,0,0,0,0,0,0,0,0,0
0,0,0,0,0,0,0,0,3,0,0,3,0,5,5,0,3,0,0,5,0,0,5,0,1,0,0,9,0,3,7,0,0,9,0,5,0,1,0,0,0,0,0,7,13,7,0,0,0,0,15,0,3,0,0,0,0,0,0,0,0,0,0,0
0,0,0,0,0,0,0,0,0,0,3,0,5,5,0,0,0,0,5,0,0,5,0,0,0,0,9,0,3,7,0,0,9,0,5,0,1,0,0,0,0,0,7,13,7,0,0,0,0,15,0,3,0,0,0,0,0,0,0,0,0,0,0,0
0,3,0,0,3,0,5,5,0,3,0,0,5,0,0,5,0,1,0,0,9,0,3,7,0,0,9,0,5,0,1,0,0,0,0,0,7,13,7,0,0,0,0,15,0,3,0,0,0,0,0,0,0,0,0,0,0,0,0,0,0,0,0,0
3,0,0,3,0,5,5,0,3,0,0,5,0,0,5,0,1,0,0,9,0,3,7,0,0,9,0,5,0,1,0,0,0,0,0,7,13,7,0,0,0,0,15,0,3,0,0,0,0,0,0,0,0,0,0,0,0,0,0,0,0,0,0,0
0,0,3,0,5,5,0,0,0,0,5,0,0,5,0,0,0,0,9,0,3,7,0,0,9,0,5,0,1,0,0,0,0,0,7,13,7,0,0,0,0,15,0,3,0,0,0,0,0,0,0,0,0,0,0,0,0,0,0,0,0,0,0,0
0,0,0,0,0,0,0,0,0,14,3,0,0,3,0,0,0,15,22,15,26,28,21,18,0,13,18,21,14,24,21,21,0,13,27,25,18,20,15,19,0,20,23,25,26,17,30,21,0,15,12,26,22,19,20,12,0,9,17,18,9,15,10,15
0,0,0,0,0,0,0,0,14,3,0,0,3,0,0,0,15,22,15,26,28,21,18,24,13,18,21,14,24,21,21,19,13,27,25,18,20,15,19,20,20,23,25,26,17,30,21,23,15,12,26,22,19,20,12,23,9,17,18,9,15,10,15,21
0,0,0,0,0,0,0,0,3,0,0,3,0,0,0,0,22,15,26,28,21,18,24,0,18,21,14,24,21,21,19,0,27,25,18,20,15,19,20,0,23,25,26,17,30,21,23,0,12,26,22,19,20,12,23,0,17,18,9,15,10,15,21,0
0,14,3,0,0,3,0,0,0,15,22,15,26,28,21,18,0,13,18,21,14,24,21,21,0,13,27,25,18,20,15,19,0,20,23,25,26,17,30,21,0,15,12,26,22,19,20,12,0,9,17,18,9,15,10,15,0,15,28,30,20,21,24,21
14,3,0,0,3,0,0,0,15,22,15,26,28,21,18,24,13,18,21,14,24,21,21,19,13,27,25,18,20,15,19,20,20,23,25,26,17,30,21,23,15,12,26,22,19,20,12,23,9,17,18,9,15,10,15,21,15,28,30,20,21,24,21,23
3,0,0,3,0,0,0,0,22,15,26,28,21,18,24,0,18,21,14,24,21,21,19,0,27,25,18,20,15,19,20,0,23,25,26,17,30,21,23,0,12,26,22,19,20,12,23,0,17,18,9,15,10,15,21,0,28,30,20,21,24,21,23,0
0,15,22,15,26,28,21,18,0,13,18,21,14,24,21,21,0,13,27,25,18,20,15,19,0,20,23,25,26,17,30,21,0,15,12,26,22,19,20,12,0,9,17,18,9,15,10,15,0,15,28,30,20,21,24,21,0,0,0,0,0,0,0,0
15,22,15,26,28,21,18,24,13,18,21,14,24,21,21,19,13,27,25,18,20,15,19,20,20,23,25,26,17,30,21,23,15,12,26,22,19,20,12,23,9,17,18,9,15,10,15,21,15,28,30,20,21,24,21,23,0,0,0,0,0,0,0,0
22,15,26,28,21,18,24,0,18,21,14,24,21,21,19,0,27,25,18,20,15,19,20,0,23,25,26,17,30,21,23,0,12,26,22,19,20,12,23,0,17,18,9,15,10,15,21,0,28,30,20,21,24,21,23,0,0,0,0,0,0,0,0,0
0,0,0,0,0,0,0,0,0,0,0,0,0,0,0,0,0,0,0,0,0,0,0,0,0,0,0,0,0,5,0,0,0,3,3,0,0,1,0,0,0,1,9,0,0,0,0,3,0,0,11,3,3,3,5,5,0,3,0,17,3,7,13,9
0,0,0,0,0,0,0,0,0,0,0,0,0,0,0,0,0,0,0,0,0,0,0,0,0,0,0,0,5,0,0,0,3,3,0,0,1,0,0,0,1,9,0,0,0,0,3,0,0,11,3,3,3,5,5,0,3,0,17,3,7,13,9,0
0,0,0,0,0,0,0,0,0,0,0,0,0,0,0,0,0,0,0,0,0,0,0,0,0,0,0,5,0,0,0,0,3,0,0,1,0,0,0,0,9,0,0,0,0,3,0,0,11,3,3,3,5,5,0,0,0,17,3,7,13,9,0,0
0,0,0,0,0,0,0,0,0,0,0,0,0,0,0,0,0,0,0,0,0,5,0,0,0,3,3,0,0,1,0,0,0,1,9,0,0,0,0,3,0,0,11,3,3,3,5,5,0,3,0,17,3,7,13,9,0,3,0,1,0,7,0,0
0,0,0,0,0,0,0,0,0,0,0,0,0,0,0,0,0,0,0,0,5,0,0,0,3,3,0,0,1,0,0,0,1,9,0,0,0,0,3,0,0,11,3,3,3,5,5,0,3,0,17,3,7,13,9,0,3,0,1,0,7,0,0,0
0,0,0,0,0,0,0,0,0,0,0,0,0,0,0,0,0,0,0,5,0,0,0,0,3,0,0,1,0,0,0,0,9,0,0,0,0,3,0,0,11,3,3,3,5,5,0,0,0,17,3,7,13,9,0,0,0,1,0,7,0,0,0,0
0,0,0,0,0,0,0,0,0,0,0,0,0,5,0,0,0,3,3,0,0,1,0,0,0,1,9,0,0,0,0,3,0,0,11,3,3,3,5,5,0,3,0,17,3,7,13,9,0,3,0,1,0,7,0,0,0,0,0,0,0,0,0,0
0,0,0,0,0,0,0,0,0,0,0,0,5,0,0,0,3,3,0,0,1,0,0,0,1,9,0,0,0,0,3,0,0,11,3,3,3,5,5,0,3,0,17,3,7,13,9,0,3,0,1,0,7,0,0,0,0,0,0,0,0,0,0,0
0,0,0,0,0,0,0,0,0,0,0,5,0,0,0,0,3,0,0,1,0,0,0,0,9,0,0,0,0,3,0,0,11,3,3,3,5,5,0,0,0,17,3,7,13,9,0,0,0,1,0,7,0,0,0,0,0,0,0,0,0,0,0,0
0,0,0,0,0,0,0,0,0,0,0,0,0,0,0,0,0,0,0,0,0,0,0,0,0,0,0,0,0,0,0,0,0,0,0,0,0,0,0,0,0,0,0,0,0,0,0,0,0,0,0,0,0,0,0,0,0,0,0,0,0,0,0,0
0,0,0,0,0,0,0,0,0,0,0,0,0,0,0,0,0,0,0,0,0,0,0,0,0,0,0,0,0,0,0,0,0,0,0,0,0,0,0,0,0,0,0,0,0,0,0,0,0,0,0,0,0,0,0,0,0,0,0,0,0,0,0,0
0,0,0,0,0,0,0,0,0,0,0,0,0,0,0,0,0,0,0,0,0,0,0,0,0,0,0,0,0,0,0,0,0,0,0,0,0,0,0,0,0,0,0,0,0,0,0,0,0,0,0,0,0,0,0,0,0,0,0,0,0,0,0,0
0,0,0,0,0,0,0,0,0,0,0,0,0,0,0,0,0,0,0,0,0,0,0,0,0,0,0,0,0,0,0,0,0,0,0,0,0,0,0,0,0,0,0,0,0,0,0,0,0,0,0,0,0,0,0,0,0,0,0,0,0,0,0,0
0,0,0,0,0,0,0,0,0,0,0,0,0,0,0,0,0,0,0,0,0,0,0,0,0,0,0,0,0,0,0,0,0,0,0,0,0,0,0,0,0,0,0,0,0,0,0,0,0,0,0,0,0,0,0,0,0,0,0,0,0,0,0,0
0,0,0,0,0,0,0,0,0,0,0,0,0,0,0,0,0,0,0,0,0,0,0,0,0,0,0,0,0,0,0,0,0,0,0,0,0,0,0,0,0,0,0,0,0,0,0,0,0,0,0,0,0,0,0,0,0,0,0,0,0,0,0,0
0,0,0,0,0,0,0,0,0,0,0,0,0,0,0,0,0,0,0,0,0,0,0,0,0,0,0,0,0,0,0,0,0,0,0,0,0,0,0,0,0,0,0,0,0,0,0,0,0,0,0,0,0,0,0,0,0,0,0,0,0,0,0,0
0,0,0,0,0,0,0,0,0,0,0,0,0,0,0,0,0,0,0,0,0,0,0,0,0,0,0,0,0,0,0,0,0,0,0,0,0,0,0,0,0,0,0,0,0,0,0,0,0,0,0,0,0,0,0,0,0,0,0,0,0,0,0,0
0,0,0,0,0,0,0,0,0,0,0,0,0,0,0,0,0,0,0,0,0,0,0,0,0,0,0,0,0,0,0,0,0,0,0,0,0,0,0,0,0,0,0,0,0,0,0,0,0,0,0,0,0,0,0,0,0,0,0,0,0,0,0,0
0,0,0,0,0,0,0,0,0,0,0,0,0,0,0,0,0,0,0,0,0,0,0,0,0,0,0,0,0,0,0,0,0,0,0,0,0,0,0,0,0,0,0,0,0,0,0,0,0,0,0,0,0,0,0,0,0,0,0,0,0,0,0,0
0,0,0,0,0,0,0,0,0,0,0,0,0,0,0,3,0,0,0,0,0,0,0,0,0,0,0,0,0,0,0,0,0,0,0,0,0,0,0,0,0,0,0,0,0,0,0,0,0,0,0,0,0,0,0,0,0,0,0,0,0,0,0,0
0,0,0,0,0,0,0,0,0,0,0,0,0,0,3,0,0,0,0,0,0,0,0,0,0,0,0,0,0,0,0,0,0,0,0,0,0,0,0,0,0,0,0,0,0,0,0,0,0,0,0,0,0,0,0,0,0,0,0,0,0,0,0,0
0,0,0,0,0,0,0,0,0,0,0,0,0,0,0,0,0,0,0,0,0,0,0,0,0,0,0,0,0,0,0,0,0,0,0,0,0,0,0,0,0,0,0,0,0,0,0,0,0,0,0,0,0,0,0,0,0,0,0,0,0,0,0,0
0,0,0,0,0,0,0,3,0,0,0,0,0,0,0,0,0,0,0,0,0,0,0,0,0,0,0,0,0,0,0,0,0,0,0,0,0,0,0,0,0,0,0,0,0,0,0,0,0,0,0,0,0,0,0,0,0,0,0,0,0,0,0,0
0,0,0,0,0,0,3,0,0,0,0,0,0,0,0,0,0,0,0,0,0,0,0,0,0,0,0,0,0,0,0,0,0,0,0,0,0,0,0,0,0,0,0,0,0,0,0,0,0,0,0,0,0,0,0,0,0,0,0,0,0,0,0,0
0,0,0,0,0,0,0,0,0,0,0,0,0,0,0,0,0,0,0,0,0,0,0,0,0,0,0,0,0,0,0,0,0,0,0,0,0,0,0,0,0,0,0,0,0,0,0,0,0,0,0,0,0,0,0,0,0,0,0,0,0,0,0,0
0,0,0,0,0,0,0,0,0,0,0,0,0,0,0,0,0,0,0,0,0,0,0,0,0,0,0,0,0,0,0,0,0,0,0,0,0,0,0,0,0,0,0,0,0,0,0,0,0,0,0,0,0,0,0,0,0,0,0,0,0,0,0,0
0,0,0,0,0,0,0,0,0,0,0,0,0,0,0,0,0,0,0,0,0,0,0,0,0,0,0,0,0,0,0,0,0,0,0,0,0,0,0,0,0,0,0,0,0,0,0,0,0,0,0,0,0,0,0,0,0,0,0,0,0,0,0,0
0,0,0,0,0,0,0,0,0,1,0,0,0,0,0,0,0,1,0,0,3,0,0,3,0,0,3,0,0,0,0,9,0,0,12,5,7,6,1,7,0,0,12,0,7,3,10,7,0,10,21,11,9,3,7,0,0,0,19,0,0,0,0,0
0,0,0,0,0,0,0,0,1,0,0,0,0,0,0,0,1,0,0,3,0,0,3,0,0,3,0,0,0,0,9,0,0,12,5,7,6,1,7,0,0,12,0,7,3,10,7,0,10,21,11,9,3,7,0,0,0,19,0,0,0,0,0,0
0,0,0,0,0,0,0,0,0,0,0,0,0,0,0,0,0,0,3,0,0,3,0,0,3,0,0,0,0,9,0,0,12,5,7,6,1,7,0,0,12,0,7,3,10,7,0,0,21,11,9,3,7,0,0,0,19,0,0,0,0,0,0,0
0,1,0,0,0,0,0,0,0,1,0,0,3,0,0,3,0,0,3,0,0,0,0,9,0,0,12,5,7,6,1,7,0,0,12,0,7,3,10,7,0,10,21,11,9,3,7,0,0,0,19,0,0,0,0,0,0,7,11,7,5,5,10,14
1,0,0,0,0,0,0,0,1,0,0,3,0,0,3,0,0,3,0,0,0,0,9,0,0,12,5,7,6,1,7,0,0,12,0,7,3,10,7,0,10,21,11,9,3,7,0,0,0,19,0,0,0,0,0,0,7,11,7,5,5,10,14,0
0,0,0,0,0,0,0,0,0,0,3,0,0,3,0,0,3,0,0,0,0,9,0,0,12,5,7,6,1,7,0,0,12,0,7,3,10,7,0,0,21,11,9,3,7,0,0,0,19,0,0,0,0,0,0,0,11,7,5,5,10,14,0,0
0,1,0,0,3,0,0,3,0,0,3,0,0,0,0,9,0,0,12,5,7,6,1,7,0,0,12,0,7,3,10,7,0,10,21,11,9,3,7,0,0,0,19,0,0,0,0,0,0,7,11,7,5,5,10,14,0,0,0,0,0,0,0,0
1,0,0,3,0,0,3,0,0,3,0,0,0,0,9,0,0,12,5,7,6,1,7,0,0,12,0,7,3,10,7,0,10,21,11,9,3,7,0,0,0,19,0,0,0,0,0,0,7,11,7,5,5,10,14,0,0,0,0,0,0,0,0,0
0,0,3,0,0,3,0,0,3,0,0,0,0,9,0,0,12,5,7,6,1,7,0,0,12,0,7,3,10,7,0,0,21,11,9,3,7,0,0,0,19,0,0,0,0,0,0,0,11,7,5,5,10,14,0,0,0,0,0,0,0,0,0,0
0,0,0,0,0,0,0,0,0,28,20,15,18,19,12,13,0,36,23,15,28,21,18,20,0,41,27,28,30,31,26,26,0,37,31,30,26,20,25,26,0,47,33,31,35,25,26,17,0,33,35,39,28,20,19,26,0,42,33,28,28,20,18,21
0,0,0,0,0,0,0,0,28,20,15,18,19,12,13,14,36,23,15,28,21,18,20,21,41,27,28,30,31,26,26,22,37,31,30,26,20,25,26,24,47,33,31,35,25,26,17,24,33,35,39,28,20,19,26,21,42,33,28,28,20,18,21,23
0,0,0,0,0,0,0,0,20,15,18,19,12,13,14,0,23,15,28,21,18,20,21,0,27,28,30,31,26,26,22,0,31,30,26,20,25,26,24,0,33,31,35,25,26,17,24,0,35,39,28,20,19,26,21,0,33,28,28,20,18,21,23,0
0,28,20,15,18,19,12,13,0,36,23,15,28,21,18,20,0,41,27,28,30,31,26,26,0,37,31,30,26,20,25,26,0,47,33,31,35,25,26,17,0,33,35,39,28,20,19,26,0,42,33,28,28,20,18,21,0,33,28,31,26,15,22,26
28,20,15,18,19,12,13,14,36,23,15,28,21,18,20,21,41,27,28,30,31,26,26,22,37,31,30,26,20,25,26,24,47,33,31,35,25,26,17,24,33,35,39,28,20,19,26,21,42,33,28,28,20,18,21,23,33,28,31,26,15,22,26,25
20,15,18,19,12,13,14,0,23,15,28,21,18,20,21,0,27,28,30,31,26,26,22,0,31,30,26,20,25,26,24,0,33,31,35,25,26,17,24,0,35,39,28,20,19,26,21,0,33,28,28,20,18,21,23,0,28,31,26,15,22,26,25,0
0,36,23,15,28,21,18,20,0,41,27,28,30,31,26,26,0,37,31,30,26,20,25,26,0,47,33,31,35,25,26,17,0,33,35,39,28,20,19,26,0,42,33,28,28,20,18,21,0,33,28,31,26,15,22,26,0,0,0,0,0,0,0,0
36,23,15,28,21,18,20,21,41,27,28,30,31,26,26,22,37,31,30,26,20,25,26,24,47,33,31,35,25,26,17,24,33,35,39,28,20,19,26,21,42,33,28,28,20,18,21,23,33,28,31,26,15,22,26,25,0,0,0,0,0,0,0,0
23,15,28,21,18,20,21,0,27,28,30,31,26,26,22,0,31,30,26,20,25,26,24,0,33,31,35,25,26,17,24,0,35,39,28,20,19,26,21,0,33,28,28,20,18,21,23,0,28,31,26,15,22,26,25,0,0,0,0,0,0,0,0,0
0,0,0,0,0,0,0,0,0,9,10,7,3,0,6,0,0,0,0,0,0,0,0,0,0,1,0,0,0,0,0,0,0,0,0,0,0,3,0,0,0,0,0,0,0,0,0,0,0,1,0,0,3,0,0,0,0,0,0,0,0,0,0,0
0,0,0,0,0,0,0,0,9,10,7,3,0,6,0,0,0,0,0,0,0,0,0,3,1,0,0,0,0,0,0,0,0,0,0,0,3,0,0,9,0,0,0,0,0,0,0,6,1,0,0,3,0,0,0,0,0,0,0,0,0,0,0,1
0,0,0,0,0,0,0,0,10,7,3,0,6,0,0,0,0,0,0,0,0,0,3,0,0,0,0,0,0,0,0,0,0,0,0,3,0,0,9,0,0,0,0,0,0,0,6,0,0,0,3,0,0,0,0,0,0,0,0,0,0,0,1,0
0,9,10,7,3,0,6,0,0,0,0,0,0,0,0,0,0,1,0,0,0,0,0,0,0,0,0,0,0,3,0,0,0,0,0,0,0,0,0,0,0,1,0,0,3,0,0,0,0,0,0,0,0,0,0,0,0,0,0,0,0,3,3,0
9,10,7,3,0,6,0,0,0,0,0,0,0,0,0,3,1,0,0,0,0,0,0,0,0,0,0,0,3,0,0,9,0,0,0,0,0,0,0,6,1,0,0,3,0,0,0,0,0,0,0,0,0,0,0,1,0,0,0,0,3,3,0,7
10,7,3,0,6,0,0,0,0,0,0,0,0,0,3,0,0,0,0,0,0,0,0,0,0,0,0,3,0,0,9,0,0,0,0,0,0,0,6,0,0,0,3,0,0,0,0,0,0,0,0,0,0,0,1,0,0,0,0,3,3,0,7,0
0,0,0,0,0,0,0,0,0,1,0,0,0,0,0,0,0,0,0,0,0,3,0,0,0,0,0,0,0,0,0,0,0,1,0,0,3,0,0,0,0,0,0,0,0,0,0,0,0,0,0,0,0,3,3,0,0,0,0,0,0,0,0,0
0,0,0,0,0,0,0,3,1,0,0,0,0,0,0,0,0,0,0,0,3,0,0,9,0,0,0,0,0,0,0,6,1,0,0,3,0,0,0,0,0,0,0,0,0,0,0,1,0,0,0,0,3,3,0,7,0,0,0,0,0,0,0,0
0,0,0,0,0,0,3,0,0,0,0,0,0,0,0,0,0,0,0,3,0,0,9,0,0,0,0,0,0,0,6,0,0,0,3,0,0,0,0,0,0,0,0,0,0,0,1,0,0,0,0,3,3,0,7,0,0,0,0,0,0,0,0,0
0,0,0,0,0,0,0,0,0,6,9,13,9,11,13,7,0,0,5,3,0,0,6,0,0,0,0,15,9,7,9,3,0,7,0,3,7,11,7,14,0,6,22,3,13,15,0,15,0,0,15,18,19,10,6,13,0,0,5,0,11,6,6,10
0,0,0,0,0,0,0,0,6,9,13,9,11,13,7,6,0,5,3,0,0,6,0,1,0,0,15,9,7,9,3,3,7,0,3,7,11,7,14,0,6,22,3,13,15,0,15,9,0,15,18,19,10,6,13,10,0,5,0,11,6,6,10,7
0,0,0,0,0,0,0,0,9,13,9,11,13,7,6,0,5,3,0,0,6,0,1,0,0,15,9,7,9,3,3,0,0,3,7,11,7,14,0,0,22,3,13,15,0,15,9,0,15,18,19,10,6,13,10,0,5,0,11,6,6,10,7,0
0,6,9,13,9,11,13,7,0,0,5,3,0,0,6,0,0,0,0,15,9,7,9,3,0,7,0,3,7,11,7,14,0,6,22,3,13,15,0,15,0,0,15,18,19,10,6,13,0,0,5,0,11,6,6,10,0,0,0,0,0,0,0,0
6,9,13,9,11,13,7,6,0,5,3,0,0,6,0,1,0,0,15,9,7,9,3,3,7,0,3,7,11,7,14,0,6,22,3,13,15,0,15,9,0,15,18,19,10,6,13,10,0,5,0,11,6,6,10,7,0,0,0,0,0,0,0,0
9,13,9,11,13,7,6,0,5,3,0,0,6,0,1,0,0,15,9,7,9,3,3,0,0,3,7,11,7,14,0,0,22,3,13,15,0,15,9,0,15,18,19,10,6,13,10,0,5,0,11,6,6,10,7,0,0,0,0,0,0,0,0,0
0,0,5,3,0,0,6,0,0,0,0,15,9,7,9,3,0,7,0,3,7,11,7,14,0,6,22,3,13,15,0,15,0,0,15,18,19,10,6,13,0,0,5,0,11,6,6,10,0,0,0,0,0,0,0,0,0,0,0,0,0,0,0,0
0,5,3,0,0,6,0,1,0,0,15,9,7,9,3,3,7,0,3,7,11,7,14,0,6,22,3,13,15,0,15,9,0,15,18,19,10,6,13,10,0,5,0,11,6,6,10,7,0,0,0,0,0,0,0,0,0,0,0,0,0,0,0,0
5,3,0,0,6,0,1,0,0,15,9,7,9,3,3,0,0,3,7,11,7,14,0,0,22,3,13,15,0,15,9,0,15,18,19,10,6,13,10,0,5,0,11,6,6,10,7,0,0,0,0,0,0,0,0,0,0,0,0,0,0,0,0,0
0,0,0,0,0,0,0,0,0,0,0,0,5,0,0,0,0,3,12,6,13,10,9,17,0,7,9,12,5,18,15,12,0,3,0,9,1,11,10,10,0,7,0,5,15,15,15,9,0,11,9,3,14,15,10,17,0,18,21,11,0,9,6,5
0,0,0,0,0,0,0,0,0,0,0,5,0,0,0,0,3,12,6,13,10,9,17,0,7,9,12,5,18,15,12,0,3,0,9,1,11,10,10,0,7,0,5,15,15,15,9,0,11,9,3,14,15,10,17,0,18,21,11,0,9,6,5,0
0,0,0,0,0,0,0,0,0,0,5,0,0,0,0,0,12,6,13,10,9,17,0,0,9,12,5,18,15,12,0,0,0,9,1,11,10,10,0,0,0,5,15,15,15,9,0,0,9,3,14,15,10,17,0,0,21,11,0,9,6,5,0,0
0,0,0,0,5,0,0,0,0,3,12,6,13,10,9,17,0,7,9,12,5,18,15,12,0,3,0,9,1,11,10,10,0,7,0,5,15,15,15,9,0,11,9,3,14,15,10,17,0,18,21,11,0,9,6,5,0,15,15,6,6,7,5,0
0,0,0,5,0,0,0,0,3,12,6,13,10,9,17,0,7,9,12,5,18,15,12,0,3,0,9,1,11,10,10,0,7,0,5,15,15,15,9,0,11,9,3,14,15,10,17,0,18,21,11,0,9,6,5,0,15,15,6,6,7,5,0,0
0,0,5,0,0,0,0,0,12,6,13,10,9,17,0,0,9,12,5,18,15,12,0,0,0,9,1,11,10,10,0,0,0,5,15,15,15,9,0,0,9,3,14,15,10,17,0,0,21,11,0,9,6,5,0,0,15,6,6,7,5,0,0,0
0,3,12,6,13,10,9,17,0,7,9,12,5,18,15,12,0,3,0,9,1,11,10,10,0,7,0,5,15,15,15,9,0,11,9,3,14,15,10,17,0,18,21,11,0,9,6,5,0,15,15,6,6,7,5,0,0,0,0,0,0,0,0,0
3,12,6,13,10,9,17,0,7,9,12,5,18,15,12,0,3,0,9,1,11,10,10,0,7,0,5,15,15,15,9,0,11,9,3,14,15,10,17,0,18,21,11,0,9,6,5,0,15,15,6,6,7,5,0,0,0,0,0,0,0,0,0,0
12,6,13,10,9,17,0,0,9,12,5,18,15,12,0,0,0,9,1,11,10,10,0,0,0,5,15,15,15,9,0,0,9,3,14,15,10,17,0,0,21,11,0,9,6,5,0,0,15,6,6,7,5,0,0,0,0,0,0,0,0,0,0,0
0,0,0,0,0,0,0,0,0,0,0,0,0,0,0,0,0,0,0,0,0,0,0,0,0,0,0,0,0,0,0,0,0,0,0,0,0,0,0,0,0,0,0,0,0,0,0,0,0,0,0,0,0,0,0,0,0,0,0,0,0,0,0,0
0,0,0,0,0,0,0,0,0,0,0,0,0,0,0,0,0,0,0,0,0,0,0,3,0,0,0,0,0,0,0,0,0,0,0,0,0,0,0,0,0,0,0,0,0,0,0,0,0,0,0,0,0,0,0,0,0,0,0,0,0,0,0,0
0,0,0,0,0,0,0,0,0,0,0,0,0,0,0,0,0,0,0,0,0,0,3,0,0,0,0,0,0,0,0,0,0,0,0,0,0,0,0,0,0,0,0,0,0,0,0,0,0,0,0,0,0,0,0,0,0,0,0,0,0,0,0,0
0,0,0,0,0,0,0,0,0,0,0,0,0,0,0,0,0,0,0,0,0,0,0,0,0,0,0,0,0,0,0,0,0,0,0,0,0,0,0,0,0,0,0,0,0,0,0,0,0,0,0,0,0,0,0,0,0,0,0,0,0,0,0,0
0,0,0,0,0,0,0,0,0,0,0,0,0,0,0,3,0,0,0,0,0,0,0,0,0,0,0,0,0,0,0,0,0,0,0,0,0,0,0,0,0,0,0,0,0,0,0,0,0,0,0,0,0,0,0,0,0,0,0,0,0,0,0,0
0,0,0,0,0,0,0,0,0,0,0,0,0,0,3,0,0,0,0,0,0,0,0,0,0,0,0,0,0,0,0,0,0,0,0,0,0,0,0,0,0,0,0,0,0,0,0,0,0,0,0,0,0,0,0,0,0,0,0,0,0,0,0,0
0,0,0,0,0,0,0,0,0,0,0,0,0,0,0,0,0,0,0,0,0,0,0,0,0,0,0,0,0,0,0,0,0,0,0,0,0,0,0,0,0,0,0,0,0,0,0,0,0,0,0,0,0,0,0,0,0,0,0,0,0,0,0,0
0,0,0,0,0,0,0,3,0,0,0,0,0,0,0,0,0,0,0,0,0,0,0,0,0,0,0,0,0,0,0,0,0,0,0,0,0,0,0,0,0,0,0,0,0,0,0,0,0,0,0,0,0,0,0,0,0,0,0,0,0,0,0,0
0,0,0,0,0,0,3,0,0,0,0,0,0,0,0,0,0,0,0,0,0,0,0,0,0,0,0,0,0,0,0,0,0,0,0,0,0,0,0,0,0,0,0,0,0,0,0,0,0,0,0,0,0,0,0,0,0,0,0,0,0,0,0,0
0,0,0,0,0,0,0,0,0,7,7,11,11,3,10,11,0,7,11,14,14,3,11,11,0,7,13,7,9,1,0,9,0,0,15,10,10,3,0,3,0,0,21,5,0,5,0,1,0,0,10,3,10,7,7,6,0,5,3,0,0,7,6,9
0,0,0,0,0,0,0,0,7,7,11,11,3,10,11,7,7,11,14,14,3,11,11,0,7,13,7,9,1,0,9,6,0,15,10,10,3,0,3,5,0,21,5,0,5,0,1,7,0,10,3,10,7,7,6,11,5,3,0,0,7,6,9,7
0,0,0,0,0,0,0,0,7,11,11,3,10,11,7,0,11,14,14,3,11,11,0,0,13,7,9,1,0,9,6,0,15,10,10,3,0,3,5,0,21,5,0,5,0,1,7,0,10,3,10,7,7,6,11,0,3,0,0,7,6,9,7,0
0,7,7,11,11,3,10,11,0,7,11,14,14,3,11,11,0,7,13,7,9,1,0,9,0,0,15,10,10,3,0,3,0,0,21,5,0,5,0,1,0,0,10,3,10,7,7,6,0,5,3,0,0,7,6,9,0,0,0,0,0,0,0,0
7,7,11,11,3,10,11,7,7,11,14,14,3,11,11,0,7,13,7,9,1,0,9,6,0,15,10,10,3,0,3,5,0,21,5,0,5,0,1,7,0,10,3,10,7,7,6,11,5,3,0,0,7,6,9,7,0,0,0,0,0,0,0,3
7,11,11,3,10,11,7,0,11,14,14,3,11,11,0,0,13,7,9,1,0,9,6,0,15,10,10,3,0,3,5,0,21,5,0,5,0,1,7,0,10,3,10,7,7,6,11,0,3,0,0,7,6,9,7,0,0,0,0,0,0,0,3,0
0,7,11,14,14,3,11,11,0,7,13,7,9,1,0,9,0,0,15,10,10,3,0,3,0,0,21,5,0,5,0,1,0,0,10,3,10,7,7,6,0,5,3,0,0,7,6,9,0,0,0,0,0,0,0,0,0,0,0,0,0,0,0,0
7,11,14,14,3,11,11,0,7,13,7,9,1,0,9,6,0,15,10,10,3,0,3,5,0,21,5,0,5,0,1,7,0,10,3,10,7,7,6,11,5,3,0,0,7,6,9,7,0,0,0,0,0,0,0,3,0,0,0,0,0,0,0,0
11,14,14,3,11,11,0,0,13,7,9,1,0,9,6,0,15,10,10,3,0,3,5,0,21,5,0,5,0,1,7,0,10,3,10,7,7,6,11,0,3,0,0,7,6,9,7,0,0,0,0,0,0,0,3,0,0,0,0,0,0,0,0,0
0,0,0,0,0,0,0,0,0,0,0,0,0,0,0,0,0,0,0,0,0,0,0,0,0,0,0,3,0,0,0,0,0,0,0,3,0,0,0,0,0,0,0,10,0,0,0,0,0,0,0,1,0,0,0,0,0,0,0,0,1,0,0,0
0,0,0,0,0,0,0,0,0,0,0,0,0,0,0,0,0,0,0,0,0,0,0,6,0,0,3,0,0,0,0,7,0,0,3,0,0,0,0,5,0,0,10,0,0,0,0,10,0,0,1,0,0,0,0,6,0,0,0,1,0,0,0,7
0,0,0,0,0,0,0,0,0,0,0,0,0,0,0,0,0,0,0,0,0,0,6,0,0,3,0,0,0,0,7,0,0,3,0,0,0,0,5,0,0,10,0,0,0,0,10,0,0,1,0,0,0,0,6,0,0,0,1,0,0,0,7,0
0,0,0,0,0,0,0,0,0,0,0,0,0,0,0,0,0,0,0,3,0,0,0,0,0,0,0,3,0,0,0,0,0,0,0,10,0,0,0,0,0,0,0,1,0,0,0,0,0,0,0,0,1,0,0,0,0,0,0,0,0,0,0,0
0,0,0,0,0,0,0,0,0,0,0,0,0,0,0,6,0,0,3,0,0,0,0,7,0,0,3,0,0,0,0,5,0,0,10,0,0,0,0,10,0,0,1,0,0,0,0,6,0,0,0,1,0,0,0,7,0,0,0,0,0,0,0,0
0,0,0,0,0,0,0,0,0,0,0,0,0,0,6,0,0,3,0,0,0,0,7,0,0,3,0,0,0,0,5,0,0,10,0,0,0,0,10,0,0,1,0,0,0,0,6,0,0,0,1,0,0,0,7,0,0,0,0,0,0,0,0,0
0,0,0,0,0,0,0,0,0,0,0,3,0,0,0,0,0,0,0,3,0,0,0,0,0,0,0,10,0,0,0,0,0,0,0,1,0,0,0,0,0,0,0,0,1,0,0,0,0,0,0,0,0,0,0,0,0,0,0,0,0,0,0,0
0,0,0,0,0,0,0,6,0,0,3,0,0,0,0,7,0,0,3,0,0,0,0,5,0,0,10,0,0,0,0,10,0,0,1,0,0,0,0,6,0,0,0,1,0,0,0,7,0,0,0,0,0,0,0,0,0,0,0,0,0,0,0,0
0,0,0,0,0,0,6,0,0,3,0,0,0,0,7,0,0,3,0,0,0,0,5,0,0,10,0,0,0,0,10,0,0,1,0,0,0,0,6,0,0,0,1,0,0,0,7,0,0,0,0,0,0,0,0,0,0,0,0,0,0,0,0,0
0,0,0,0,0,0,0,0,0,23,13,13,14,14,15,14,0,7,0,1,0,0,0,0,0,5,3,0,1,0,3,0,0,0,10,0,3,0,0,0,0,0,0,1,0,0,0,0,0,7,0,9,0,5,0,0,0,10,0,0,9,0,0,0
0,0,0,0,0,0,0,0,23,13,13,14,14,15,14,6,7,0,1,0,0,0,0,0,5,3,0,1,0,3,0,0,0,10,0,3,0,0,0,0,0,0,1,0,0,0,0,0,7,0,9,0,5,0,0,0,10,0,0,9,0,0,0,1
0,0,0,0,0,0,0,0,13,13,14,14,15,14,6,0,0,1,0,0,0,0,0,0,3,0,1,0,3,0,0,0,10,0,3,0,0,0,0,0,0,1,0,0,0,0,0,0,0,9,0,5,0,0,0,0,0,0,9,0,0,0,1,0
0,23,13,13,14,14,15,14,0,7,0,1,0,0,0,0,0,5,3,0,1,0,3,0,0,0,10,0,3,0,0,0,0,0,0,1,0,0,0,0,0,7,0,9,0,5,0,0,0,10,0,0,9,0,0,0,0,0,1,0,6,0,7,0
23,13,13,14,14,15,14,6,7,0,1,0,0,0,0,0,5,3,0,1,0,3,0,0,0,10,0,3,0,0,0,0,0,0,1,0,0,0,0,0,7,0,9,0,5,0,0,0,10,0,0,9,0,0,0,1,0,1,0,6,0,7,0,0
13,13,14,14,15,14,6,0,0,1,0,0,0,0,0,0,3,0,1,0,3,0,0,0,10,0,3,0,0,0,0,0,0,1,0,0,0,0,0,0,0,9,0,5,0,0,0,0,0,0,9,0,0,0,1,0,1,0,6,0,7,0,0,0
0,7,0,1,0,0,0,0,0,5,3,0,1,0,3,0,0,0,10,0,3,0,0,0,0,0,0,1,0,0,0,0,0,7,0,9,0,5,0,0,0,10,0,0,9,0,0,0,0,0,1,0,6,0,7,0,0,0,0,0,0,0,0,0
7,0,1,0,0,0,0,0,5,3,0,1,0,3,0,0,0,10,0,3,0,0,0,0,0,0,1,0,0,0,0,0,7,0,9,0,5,0,0,0,10,0,0,9,0,0,0,1,0,1,0,6,0,7,0,0,0,0,0,0,0,0,0,0
0,1,0,0,0,0,0,0,3,0,1,0,3,0,0,0,10,0,3,0,0,0,0,0,0,1,0,0,0,0,0,0,0,9,0,5,0,0,0,0,0,0,9,0,0,0,1,0,1,0,6,0,7,0,0,0,0,0,0,0,0,0,0,0
0,0,0,0,0,0,0,0,0,0,0,0,0,0,0,0,0,0,0,0,0,0,0,0,0,0,0,0,0,0,0,0,0,0,0,0,0,0,0,0,0,0,0,0,0,0,0,0,0,0,0,0,0,0,0,0,0,0,0,0,0,0,0,0
0,0,0,0,0,0,0,0,0,0,0,0,0,0,0,0,0,0,0,0,0,0,0,0,0,0,0,0,0,0,0,0,0,0,0,0,0,0,0,0,0,0,0,0,0,0,0,0,0,0,0,0,0,0,0,0,0,0,0,0,0,0,0,0
0,0,0,0,0,0,0,0,0,0,0,0,0,0,0,0,0,0,0,0,0,0,0,0,0,0,0,0,0,0,0,0,0,0,0,0,0,0,0,0,0,0,0,0,0,0,0,0,0,0,0,0,0,0,0,0,0,0,0,0,0,0,0,0
0,0,0,0,0,0,0,0,0,0,0,0,0,0,0,0,0,0,0,0,0,0,0,0,0,0,0,0,0,0,0,0,0,0,0,0,0,0,0,0,0,0,0,0,0,0,0,0,0,0,0,0,0,0,0,0,0,0,7,17,11,0,3,0
0,0,0,0,0,0,0,0,0,0,0,0,0,0,0,0,0,0,0,0,0,0,0,0,0,0,0,0,0,0,0,0,0,0,0,0,0,0,0,0,0,0,0,0,0,0,0,0,0,0,0,0,0,0,0,0,0,7,17,11,0,3,0,0
0,0,0,0,0,0,0,0,0,0,0,0,0,0,0,0,0,0,0,0,0,0,0,0,0,0,0,0,0,0,0,0,0,0,0,0,0,0,0,0,0,0,0,0,0,0,0,0,0,0,0,0,0,0,0,0,7,17,11,0,3,0,0,0
0,0,0,0,0,0,0,0,0,0,0,0,0,0,0,0,0,0,0,0,0,0,0,0,0,0,0,0,0,0,0,0,0,0,0,0,0,0,0,0,0,0,0,0,0,0,0,0,0,0,7,17,11,0,3,0,0,0,0,0,0,0,0,0
0,0,0,0,0,0,0,0,0,0,0,0,0,0,0,0,0,0,0,0,0,0,0,0,0,0,0,0,0,0,0,0,0,0,0,0,0,0,0,0,0,0,0,0,0,0,0,0,0,7,17,11,0,3,0,0,0,0,0,0,0,0,0,0
0,0,0,0,0,0,0,0,0,0,0,0,0,0,0,0,0,0,0,0,0,0,0,0,0,0,0,0,0,0,0,0,0,0,0,0,0,0,0,0,0,0,0,0,0,0,0,0,7,17,11,0,3,0,0,0,0,0,0,0,0,0,0,0
0,0,0,0,0,0,0,0,0,13,10,17,15,15,18,11,0,17,0,7,10,5,10,11,0,14,7,7,0,7,3,7,0,21,11,0,7,15,12,7,0,18,10,18,3,7,5,13,0,17,3,15,7,7,14,19,0,19,13,13,11,13,15,13
0,0,0,0,0,0,0,0,13,10,17,15,15,18,11,14,17,0,7,10,5,10,11,18,14,7,7,0,7,3,7,21,21,11,0,7,15,12,7,17,18,10,18,3,7,5,13,14,17,3,15,7,7,14,19,22,19,13,13,11,13,15,13,18
0,0,0,0,0,0,0,0,10,17,15,15,18,11,14,0,0,7,10,5,10,11,18,0,7,7,0,7,3,7,21,0,11,0,7,15,12,7,17,0,10,18,3,7,5,13,14,0,3,15,7,7,14,19,22,0,13,13,11,13,15,13,18,0
0,13,10,17,15,15,18,11,0,17,0,7,10,5,10,11,0,14,7,7,0,7,3,7,0,21,11,0,7,15,12,7,0,18,10,18,3,7,5,13,0,17,3,15,7,7,14,19,0,19,13,13,11,13,15,13,0,23,22,17,14,13,15,11
13,10,17,15,15,18,11,14,17,0,7,10,5,10,11,18,14,7,7,0,7,3,7,21,21,11,0,7,15,12,7,17,18,10,18,3,7,5,13,14,17,3,15,7,7,14,19,22,19,13,13,11,13,15,13,18,23,22,17,14,13,15,11,15
10,17,15,15,18,11,14,0,0,7,10,5,10,11,18,0,7,7,0,7,3,7,21,0,11,0,7,15,12,7,17,0,10,18,3,7,5,13,14,0,3,15,7,7,14,19,22,0,13,13,11,13,15,13,18,0,22,17,14,13,15,11,15,0
0,17,0,7,10,5,10,11,0,14,7,7,0,7,3,7,0,21,11,0,7,15,12,7,0,18,10,18,3,7,5,13,0,17,3,15,7,7,14,19,0,19,13,13,11,13,15,13,0,23,22,17,14,13,15,11,0,0,0,0,0,0,0,0
17,0,7,10,5,10,11,18,14,7,7,0,7,3,7,21,21,11,0,7,15,12,7,17,18,10,18,3,7,5,13,14,17,3,15,7,7,14,19,22,19,13,13,11,13,15,13,18,23,22,17,14,13,15,11,15,0,0,0,0,0,0,0,0
0,7,10,5,10,11,18,0,7,7,0,7,3,7,21,0,11,0,7,15,12,7,17,0,10,18,3,7,5,13,14,0,3,15,7,7,14,19,22,0,13,13,11,13,15,13,18,0,22,17,14,13,15,11,15,0,0,0,0,0,0,0,0,0
0,0,0,0,0,0,0,0,0,0,0,0,0,0,0,0,0,0,19,12,11,14,9,10,0,0,11,17,9,14,12,20,0,9,15,10,9,18,14,17,0,7,20,21,18,7,13,15,0,14,10,13,12,14,13,10,0,15,7,15,10,1,6,7
0,0,0,0,0,0,0,0,0,0,0,0,0,0,0,0,0,19,12,11,14,9,10,0,0,11,17,9,14,12,20,3,9,15,10,9,18,14,17,11,7,20,21,18,7,13,15,0,14,10,13,12,14,13,10,0,15,7,15,10,1,6,7,0
0,0,0,0,0,0,0,0,0,0,0,0,0,0,0,0,19,12,11,14,9,10,0,0,11,17,9,14,12,20,3,0,15,10,9,18,14,17,11,0,20,21,18,7,13,15,0,0,10,13,12,14,13,10,0,0,7,15,10,1,6,7,0,0
0,0,0,0,0,0,0,0,0,0,19,12,11,14,9,10,0,0,11,17,9,14,12,20,0,9,15,10,9,18,14,17,0,7,20,21,18,7,13,15,0,14,10,13,12,14,13,10,0,15,7,15,10,1,6,7,0,7,18,15,9,7,9,7
0,0,0,0,0,0,0,0,0,19,12,11,14,9,10,0,0,11,17,9,14,12,20,3,9,15,10,9,18,14,17,11,7,20,21,18,7,13,15,0,14,10,13,12,14,13,10,0,15,7,15,10,1,6,7,0,7,18,15,9,7,9,7,0
0,0,0,0,0,0,0,0,19,12,11,14,9,10,0,0,11,17,9,14,12,20,3,0,15,10,9,18,14,17,11,0,20,21,18,7,13,15,0,0,10,13,12,14,13,10,0,0,7,15,10,1,6,7,0,0,18,15,9,7,9,7,0,0
0,0,19,12,11,14,9,10,0,0,11,17,9,14,12,20,0,9,15,10,9,18,14,17,0,7,20,21,18,7,13,15,0,14,10,13,12,14,13,10,0,15,7,15,10,1,6,7,0,7,18,15,9,7,9,7,0,0,0,0,0,0,0,0
0,19,12,11,14,9,10,0,0,11,17,9,14,12,20,3,9,15,10,9,18,14,17,11,7,20,21,18,7,13,15,0,14,10,13,12,14,13,10,0,15,7,15,10,1,6,7,0,7,18,15,9,7,9,7,0,0,0,0,0,0,0,0,0
19,12,11,14,9,10,0,0,11,17,9,14,12,20,3,0,15,10,9,18,14,17,11,0,20,21,18,7,13,15,0,0,10,13,12,14,13,10,0,0,7,15,10,1,6,7,0,0,18,15,9,7,9,7,0,0,0,0,0,0,0,0,0,0
0,0,0,0,0,0,0,0,0,0,0,0,0,0,0,0,0,0,0,0,0,0,0,0,0,0,0,0,0,0,0,0,0,0,0,0,0,0,0,0,0,0,0,0,0,0,0,0,0,0,0,0,0,0,0,0,0,0,0,0,0,0,0,0
0,0,0,0,0,0,0,0,0,0,0,0,0,0,0,0,0,0,0,0,0,0,0,0,0,0,0,0,0,0,0,0,0,0,0,0,0,0,0,0,0,0,0,0,0,0,0,0,0,0,0,0,0,0,0,0,0,0,0,0,0,0,0,0
0,0,0,0,0,0,0,0,0,0,0,0,0,0,0,0,0,0,0,0,0,0,0,0,0,0,0,0,0,0,0,0,0,0,0,0,0,0,0,0,0,0,0,0,0,0,0,0,0,0,0,0,0,0,0,0,0,0,0,0,0,0,0,0
0,0,0,0,0,0,0,0,0,0,0,0,0,0,0,0,0,0,0,0,0,0,0,0,0,0,0,0,0,0,0,0,0,0,0,0,0,0,0,0,0,0,0,0,0,0,0,0,0,0,0,0,0,0,0,0,0,0,0,0,0,0,0,0
0,0,0,0,0,0,0,0,0,0,0,0,0,0,0,0,0,0,0,0,0,0,0,0,0,0,0,0,0,0,0,0,0,0,0,0,0,0,0,0,0,0,0,0,0,0,0,0,0,0,0,0,0,0,0,0,0,0,0,0,0,0,0,0
0,0,0,0,0,0,0,0,0,0,0,0,0,0,0,0,0,0,0,0,0,0,0,0,0,0,0,0,0,0,0,0,0,0,0,0,0,0,0,0,0,0,0,0,0,0,0,0,0,0,0,0,0,0,0,0,0,0,0,0,0,0,0,0
0,0,0,0,0,0,0,0,0,0,0,0,0,0,0,0,0,0,0,0,0,0,0,0,0,0,0,0,0,0,0,0,0,0,0,0,0,0,0,0,0,0,0,0,0,0,0,0,0,0,0,0,0,0,0,0,0,0,0,0,0,0,0,0
0,0,0,0,0,0,0,0,0,0,0,0,0,0,0,0,0,0,0,0,0,0,0,0,0,0,0,0,0,0,0,0,0,0,0,0,0,0,0,0,0,0,0,0,0,0,0,0,0,0,0,0,0,0,0,0,0,0,0,0,0,0,0,0
0,0,0,0,0,0,0,0,0,0,0,0,0,0,0,0,0,0,0,0,0,0,0,0,0,0,0,0,0,0,0,0,0,0,0,0,0,0,0,0,0,0,0,0,0,0,0,0,0,0,0,0,0,0,0,0,0,0,0,0,0,0,0,0
0,0,0,0,0,0,0,0,0,0,3,6,7,7,7,5,0,13,3,0,1,14,3,7,0,6,0,7,12,13,11,3,0,0,3,7,10,6,3,6,0,0,3,0,9,6,6,1,0,0,0,0,10,5,9,0,0,7,0,9,18,11,3,0
0,0,0,0,0,0,0,0,0,3,6,7,7,7,5,21,13,3,0,1,14,3,7,18,6,0,7,12,13,11,3,20,0,3,7,10,6,3,6,17,0,3,0,9,6,6,1,14,0,0,0,10,5,9,0,13,7,0,9,18,11,3,0,20
0,0,0,0,0,0,0,0,3,6,7,7,7,5,21,0,3,0,1,14,3,7,18,0,0,7,12,13,11,3,20,0,3,7,10,6,3,6,17,0,3,0,9,6,6,1,14,0,0,0,10,5,9,0,13,0,0,9,18,11,3,0,20,0
0,0,3,6,7,7,7,5,0,13,3,0,1,14,3,7,0,6,0,7,12,13,11,3,0,0,3,7,10,6,3,6,0,0,3,0,9,6,6,1,0,0,0,0,10,5,9,0,0,7,0,9,18,11,3,0,0,13,5,3,0,0,0,0
0,3,6,7,7,7,5,21,13,3,0,1,14,3,7,18,6,0,7,12,13,11,3,20,0,3,7,10,6,3,6,17,0,3,0,9,6,6,1,14,0,0,0,10,5,9,0,13,7,0,9,18,11,3,0,20,13,5,3,0,0,0,0,1
3,6,7,7,7,5,21,0,3,0,1,14,3,7,18,0,0,7,12,13,11,3,20,0,3,7,10,6,3,6,17,0,3,0,9,6,6,1,14,0,0,0,10,5,9,0,13,0,0,9,18,11,3,0,20,0,5,3,0,0,0,0,1,0
0,13,3,0,1,14,3,7,0,6,0,7,12,13,11,3,0,0,3,7,10,6,3,6,0,0,3,0,9,6,6,1,0,0,0,0,10,5,9,0,0,7,0,9,18,11,3,0,0,13,5,3,0,0,0,0,0,0,0,0,0,0,0,0
13,3,0,1,14,3,7,18,6,0,7,12,13,11,3,20,0,3,7,10,6,3,6,17,0,3,0,9,6,6,1,14,0,0,0,10,5,9,0,13,7,0,9,18,11,3,0,20,13,5,3,0,0,0,0,1,0,0,0,0,0,0,0,0
3,0,1,14,3,7,18,0,0,7,12,13,11,3,20,0,3,7,10,6,3,6,17,0,3,0,9,6,6,1,14,0,0,0,10,5,9,0,13,0,0,9,18,11,3,0,20,0,5,3,0,0,0,0,1,0,0,0,0,0,0,0,0,0
0,0,0,0,0,0,0,0,0,0,0,0,0,0,0,0,0,0,0,3,0,0,0,5,0,0,0,0,0,9,0,10,0,0,0,3,0,0,0,6,0,0,0,3,0,0,0,6,0,0,0,0,0,0,0,0,0,0,0,0,0,0,0,0
0,0,0,0,0,0,0,0,0,0,0,0,0,0,0,0,0,0,3,0,0,0,5,3,0,0,0,0,9,0,10,6,0,0,3,0,0,0,6,6,0,0,3,0,0,0,6,0,0,0,0,0,0,0,0,0,0,0,0,0,0,0,0,0
0,0,0,0,0,0,0,0,0,0,0,0,0,0,0,0,0,3,0,0,0,5,3,0,0,0,0,9,0,10,6,0,0,3,0,0,0,6,6,0,0,3,0,0,0,6,0,0,0,0,0,0,0,0,0,0,0,0,0,0,0,0,0,0
0,0,0,0,0,0,0,0,0,0,0,3,0,0,0,5,0,0,0,0,0,9,0,10,0,0,0,3,0,0,0,6,0,0,0,3,0,0,0,6,0,0,0,0,0,0,0,0,0,0,0,0,0,0,0,0,0,3,0,0,3,5,7,7
0,0,0,0,0,0,0,0,0,0,3,0,0,0,5,3,0,0,0,0,9,0,10,6,0,0,3,0,0,0,6,6,0,0,3,0,0,0,6,0,0,0,0,0,0,0,0,0,0,0,0,0,0,0,0,0,3,0,0,3,5,7,7,3
0,0,0,0,0,0,0,0,0,3,0,0,0,5,3,0,0,0,0,9,0,10,6,0,0,3,0,0,0,6,6,0,0,3,0,0,0,6,0,0,0,0,0,0,0,0,0,0,0,0,0,0,0,0,0,0,0,0,3,5,7,7,3,0
0,0,0,3,0,0,0,5,0,0,0,0,0,9,0,10,0,0,0,3,0,0,0,6,0,0,0,3,0,0,0,6,0,0,0,0,0,0,0,0,0,0,0,0,0,0,0,0,0,3,0,0,3,5,7,7,0,0,0,0,0,0,0,0
0,0,3,0,0,0,5,3,0,0,0,0,9,0,10,6,0,0,3,0,0,0,6,6,0,0,3,0,0,0,6,0,0,0,0,0,0,0,0,0,0,0,0,0,0,0,0,0,3,0,0,3,5,7,7,3,0,0,0,0,0,0,0,0
0,3,0,0,0,5,3,0,0,0,0,9,0,10,6,0,0,3,0,0,0,6,6,0,0,3,0,0,0,6,0,0,0,0,0,0,0,0,0,0,0,0,0,0,0,0,0,0,0,0,3,5,7,7,3,0,0,0,0,0,0,0,0,0
0,0,0,0,0,0,0,0,0,0,0,0,0,0,0,0,0,0,0,0,0,0,0,0,0,0,0,1,5,0,0,0,0,7,3,1,0,0,0,0,0,0,0,9,6,5,5,1,0,0,0,0,15,0,0,0,0,0,6,0,7,0,0,0
0,0,0,0,0,0,0,0,0,0,0,0,0,0,0,0,0,0,0,0,0,0,0,0,0,0,1,5,0,0,0,0,7,3,1,0,0,0,0,0,0,0,9,6,5,5,1,0,0,0,0,15,0,0,0,0,0,6,0,7,0,0,0,0
0,0,0,0,0,0,0,0,0,0,0,0,0,0,0,0,0,0,0,0,0,0,0,0,0,1,5,0,0,0,0,0,3,1,0,0,0,0,0,0,0,9,6,5,5,1,0,0,0,0,15,0,0,0,0,0,6,0,7,0,0,0,0,0
0,0,0,0,0,0,0,0,0,0,0,0,0,0,0,0,0,0,0,1,5,0,0,0,0,7,3,1,0,0,0,0,0,0,0,9,6,5,5,1,0,0,0,0,15,0,0,0,0,0,6,0,7,0,0,0,0,5,3,5,0,0,0,3
0,0,0,0,0,0,0,0,0,0,0,0,0,0,0,0,0,0,1,5,0,0,0,0,7,3,1,0,0,0,0,0,0,0,9,6,5,5,1,0,0,0,0,15,0,0,0,0,0,6,0,7,0,0,0,0,5,3,5,0,0,0,3,0
0,0,0,0,0,0,0,0,0,0,0,0,0,0,0,0,0,1,5,0,0,0,0,0,3,1,0,0,0,0,0,0,0,9,6,5,5,1,0,0,0,0,15,0,0,0,0,0,6,0,7,0,0,0,0,0,3,5,0,0,0,3,0,0
0,0,0,0,0,0,0,0,0,0,0,1,5,0,0,0,0,7,3,1,0,0,0,0,0,0,0,9,6,5,5,1,0,0,0,0,15,0,0,0,0,0,6,0,7,0,0,0,0,5,3,5,0,0,0,3,0,0,0,0,0,0,0,0
0,0,0,0,0,0,0,0,0,0,1,5,0,0,0,0,7,3,1,0,0,0,0,0,0,0,9,6,5,5,1,0,0,0,0,15,0,0,0,0,0,6,0,7,0,0,0,0,5,3,5,0,0,0,3,0,0,0,0,0,0,0,0,0
0,0,0,0,0,0,0,0,0,1,5,0,0,0,0,0,3,1,0,0,0,0,0,0,0,9,6,5,5,1,0,0,0,0,15,0,0,0,0,0,6,0,7,0,0,0,0,0,3,5,0,0,0,3,0,0,0,0,0,0,0,0,0,0
0,0,0,0,0,0,0,0,0,0,0,0,0,0,0,0,0,0,0,0,0,0,0,0,0,0,0,0,0,0,0,0,0,0,0,0,0,0,0,0,0,0,0,0,0,0,0,0,0,0,0,0,0,0,0,0,0,0,0,0,0,0,0,0
0,0,0,0,0,0,0,0,0,0,0,0,0,0,0,0,0,0,0,0,0,0,0,0,0,0,0,0,0,0,0,0,0,0,0,0,0,0,0,0,0,0,0,0,0,0,0,0,0,0,0,0,0,0,0,0,0,0,0,0,0,0,0,0
0,0,0,0,0,0,0,0,0,0,0,0,0,0,0,0,0,0,0,0,0,0,0,0,0,0,0,0,0,0,0,0,0,0,0,0,0,0,0,0,0,0,0,0,0,0,0,0,0,0,0,0,0,0,0,0,0,0,0,0,0,0,0,0
0,0,0,0,0,0,0,0,0,0,0,0,0,0,0,0,0,0,0,0,0,0,0,0,0,0,0,0,0,0,0,0,0,0,0,0,0,0,0,0,0,0,0,0,0,0,0,0,0,0,0,0,0,0,0,0,0,0,0,0,0,0,0,0
0,0,0,0,0,0,0,0,0,0,0,0,0,0,0,0,0,0,0,0,0,0,0,0,0,0,0,0,0,0,0,0,0,0,0,0,0,0,0,0,0,0,0,0,0,0,0,0,0,0,0,0,0,0,0,0,0,0,0,0,0,0,0,0
0,0,0,0,0,0,0,0,0,0,0,0,0,0,0,0,0,0,0,0,0,0,0,0,0,0,0,0,0,0,0,0,0,0,0,0,0,0,0,0,0,0,0,0,0,0,0,0,0,0,0,0,0,0,0,0,0,0,0,0,0,0,0,0
0,0,0,0,0,0,0,0,0,0,0,0,0,0,0,0,0,0,0,0,0,0,0,0,0,0,0,0,0,0,0,0,0,0,0,0,0,0,0,0,0,0,0,0,0,0,0,0,0,0,0,0,0,0,0,0,0,0,0,0,0,0,0,0
0,0,0,0,0,0,0,0,0,0,0,0,0,0,0,0,0,0,0,0,0,0,0,0,0,0,0,0,0,0,0,0,0,0,0,0,0,0,0,0,0,0,0,0,0,0,0,0,0,0,0,0,0,0,0,0,0,0,0,0,0,0,0,0
0,0,0,0,0,0,0,0,0,0,0,0,0,0,0,0,0,0,0,0,0,0,0,0,0,0,0,0,0,0,0,0,0,0,0,0,0,0,0,0,0,0,0,0,0,0,0,0,0,0,0,0,0,0,0,0,0,0,0,0,0,0,0,0
0,0,0,0,0,0,0,0,0,0,0,0,0,0,1,0,0,0,0,0,0,0,0,0,0,0,0,0,0,0,0,0,0,0,0,0,0,0,0,0,0,0,0,0,0,0,0,0,0,0,0,0,0,0,0,0,0,0,0,0,0,0,0,0
0,0,0,0,0,0,0,0,0,0,0,0,0,1,0,0,0,0,0,0,0,0,0,0,0,0,0,0,0,0,0,0,0,0,0,0,0,0,0,0,0,0,0,0,0,0,0,0,0,0,0,0,0,0,0,0,0,0,0,0,0,0,0,0
0,0,0,0,0,0,0,0,0,0,0,0,1,0,0,0,0,0,0,0,0,0,0,0,0,0,0,0,0,0,0,0,0,0,0,0,0,0,0,0,0,0,0,0,0,0,0,0,0,0,0,0,0,0,0,0,0,0,0,0,0,0,0,0
0,0,0,0,0,0,1,0,0,0,0,0,0,0,0,0,0,0,0,0,0,0,0,0,0,0,0,0,0,0,0,0,0,0,0,0,0,0,0,0,0,0,0,0,0,0,0,0,0,0,0,0,0,0,0,0,0,0,0,0,0,0,0,0
0,0,0,0,0,1,0,0,0,0,0,0,0,0,0,0,0,0,0,0,0,0,0,0,0,0,0,0,0,0,0,0,0,0,0,0,0,0,0,0,0,0,0,0,0,0,0,0,0,0,0,0,0,0,0,0,0,0,0,0,0,0,0,0
0,0,0,0,1,0,0,0,0,0,0,0,0,0,0,0,0,0,0,0,0,0,0,0,0,0,0,0,0,0,0,0,0,0,0,0,0,0,0,0,0,0,0,0,0,0,0,0,0,0,0,0,0,0,0,0,0,0,0,0,0,0,0,0
0,0,0,0,0,0,0,0,0,0,0,0,0,0,0,0,0,0,0,0,0,0,0,0,0,0,0,0,0,0,0,0,0,0,0,0,0,0,0,0,0,0,0,0,0,0,0,0,0,0,0,0,0,0,0,0,0,0,0,0,0,0,0,0
0,0,0,0,0,0,0,0,0,0,0,0,0,0,0,0,0,0,0,0,0,0,0,0,0,0,0,0,0,0,0,0,0,0,0,0,0,0,0,0,0,0,0,0,0,0,0,0,0,0,0,0,0,0,0,0,0,0,0,0,0,0,0,0
0,0,0,0,0,0,0,0,0,0,0,0,0,0,0,0,0,0,0,0,0,0,0,0,0,0,0,0,0,0,0,0,0,0,0,0,0,0,0,0,0,0,0,0,0,0,0,0,0,0,0,0,0,0,0,0,0,0,0,0,0,0,0,0
0,0,0,0,0,0,0,0,0,0,0,0,0,0,0,0,0,0,0,0,0,0,0,0,0,0,0,0,0,0,0,0,0,0,0,0,0,0,0,0,0,0,0,0,0,0,0,0,0,0,0,0,0,0,0,0,0,0,0,0,0,0,0,0
0,0,0,0,0,0,0,0,0,0,0,0,0,0,0,3,0,0,0,0,0,0,0,0,0,0,0,0,0,0,0,0,0,0,0,0,0,0,0,0,0,0,0,0,0,0,0,0,0,0,0,0,0,0,0,0,0,0,0,0,0,0,0,0
0,0,0,0,0,0,0,0,0,0,0,0,0,0,3,0,0,0,0,0,0,0,0,0,0,0,0,0,0,0,0,0,0,0,0,0,0,0,0,0,0,0,0,0,0,0,0,0,0,0,0,0,0,0,0,0,0,0,0,0,0,0,0,0
0,0,0,0,0,0,0,0,0,0,0,0,0,0,0,0,0,0,0,0,0,0,0,0,0,0,0,0,0,0,0,0,0,0,0,0,0,0,0,0,0,0,0,0,0,0,0,0,0,0,0,0,0,0,0,0,0,0,0,0,0,0,0,0
0,0,0,0,0,0,0,3,0,0,0,0,0,0,0,0,0,0,0,0,0,0,0,0,0,0,0,0,0,0,0,0,0,0,0,0,0,0,0,0,0,0,0,0,0,0,0,0,0,0,0,0,0,0,0,0,0,0,0,0,0,0,0,0
0,0,0,0,0,0,3,0,0,0,0,0,0,0,0,0,0,0,0,0,0,0,0,0,0,0,0,0,0,0,0,0,0,0,0,0,0,0,0,0,0,0,0,0,0,0,0,0,0,0,0,0,0,0,0,0,0,0,0,0,0,0,0,0
0,0,0,0,0,0,0,0,0,0,0,0,0,0,0,0,0,0,0,0,0,0,0,0,0,0,0,0,0,0,0,0,0,0,0,0,0,0,0,0,0,0,0,0,0,0,0,0,0,0,0,0,0,0,0,0,0,0,0,0,0,0,0,0
0,0,0,0,0,0,0,0,0,0,0,0,0,0,0,0,0,0,0,0,0,0,0,0,0,0,0,0,0,0,0,0,0,0,0,0,0,0,0,0,0,0,0,0,0,0,0,0,0,0,0,0,0,0,0,0,0,0,0,0,0,0,0,0
0,0,0,0,0,0,0,0,0,0,0,0,0,0,0,0,0,0,0,0,0,0,0,0,0,0,0,0,0,0,0,0,0,0,0,0,0,0,0,0,0,0,0,0,0,0,0,0,0,0,0,0,0,0,0,0,0,0,0,0,0,0,0,0
0,0,0,0,0,0,0,0,0,0,0,0,0,0,0,0,0,0,0,0,0,0,0,0,0,0,0,0,0,0,0,0,0,0,0,0,0,0,0,0,0,0,0,0,0,0,0,0,0,0,5,0,0,0,0,0,0,0,3,0,0,0,0,0
0,0,0,0,0,0,0,0,0,0,0,0,0,0,0,0,0,0,0,0,0,0,0,0,0,0,0,0,0,0,0,0,0,0,0,0,0,0,0,0,0,0,0,0,0,0,0,0,0,5,0,0,0,0,0,0,0,3,0,0,0,0,0,0
0,0,0,0,0,0,0,0,0,0,0,0,0,0,0,0,0,0,0,0,0,0,0,0,0,0,0,0,0,0,0,0,0,0,0,0,0,0,0,0,0,0,0,0,0,0,0,0,5,0,0,0,0,0,0,0,3,0,0,0,0,0,0,0
0,0,0,0,0,0,0,0,0,0,0,0,0,0,0,0,0,0,0,0,0,0,0,0,0,0,0,0,0,0,0,0,0,0,0,0,0,0,0,0,0,0,5,0,0,0,0,0,0,0,3,0,0,0,0,0,0,0,1,0,0,0,0,0
0,0,0,0,0,0,0,0,0,0,0,0,0,0,0,0,0,0,0,0,0,0,0,0,0,0,0,0,0,0,0,0,0,0,0,0,0,0,0,0,0,5,0,0,0,0,0,0,0,3,0,0,0,0,0,0,0,1,0,0,0,0,0,0
0,0,0,0,0,0,0,0,0,0,0,0,0,0,0,0,0,0,0,0,0,0,0,0,0,0,0,0,0,0,0,0,0,0,0,0,0,0,0,0,5,0,0,0,0,0,0,0,3,0,0,0,0,0,0,0,1,0,0,0,0,0,0,0
0,0,0,0,0,0,0,0,0,0,0,0,0,0,0,0,0,0,0,0,0,0,0,0,0,0,0,0,0,0,0,0,0,0,5,0,0,0,0,0,0,0,3,0,0,0,0,0,0,0,1,0,0,0,0,0,0,0,0,0,0,0,0,0
0,0,0,0,0,0,0,0,0,0,0,0,0,0,0,0,0,0,0,0,0,0,0,0,0,0,0,0,0,0,0,0,0,5,0,0,0,0,0,0,0,3,0,0,0,0,0,0,0,1,0,0,0,0,0,0,0,0,0,0,0,0,0,0
0,0,0,0,0,0,0,0,0,0,0,0,0,0,0,0,0,0,0,0,0,0,0,0,0,0,0,0,0,0,0,0,5,0,0,0,0,0,0,0,3,0,0,0,0,0,0,0,1,0,0,0,0,0,0,0,0,0,0,0,0,0,0,0
0,0,0,0,0,0,0,0,0,0,0,0,0,0,0,0,0,0,0,0,0,0,0,0,0,0,0,0,0,0,0,0,0,0,0,0,0,0,0,0,0,0,0,0,0,0,0,0,0,0,0,0,0,0,0,0,0,0,0,0,0,0,0,0
0,0,0,0,0,0,0,0,0,0,0,0,0,0,0,0,0,0,0,0,0,0,0,0,0,0,0,0,0,0,0,0,0,0,0,0,0,0,0,0,0,0,0,0,0,0,0,0,0,0,0,0,0,0,0,0,0,0,0,0,0,0,0,0
0,0,0,0,0,0,0,0,0,0,0,0,0,0,0,0,0,0,0,0,0,0,0,0,0,0,0,0,0,0,0,0,0,0,0,0,0,0,0,0,0,0,0,0,0,0,0,0,0,0,0,0,0,0,0,0,0,0,0,0,0,0,0,0
0,0,0,0,0,0,0,0,0,0,0,0,0,0,0,0,0,0,0,0,0,0,0,0,0,0,0,0,0,0,0,0,0,0,0,0,0,0,0,0,0,0,0,0,0,0,0,0,0,0,0,0,0,0,0,0,0,0,0,0,0,0,0,0
0,0,0,0,0,0,0,0,0,0,0,0,0,0,0,0,0,0,0,0,0,0,0,0,0,0,0,0,0,0,0,0,0,0,0,0,0,0,0,0,0,0,0,0,0,0,0,0,0,0,0,0,0,0,0,0,0,0,0,0,0,0,0,0
0,0,0,0,0,0,0,0,0,0,0,0,0,0,0,0,0,0,0,0,0,0,0,0,0,0,0,0,0,0,0,0,0,0,0,0,0,0,0,0,0,0,0,0,0,0,0,0,0,0,0,0,0,0,0,0,0,0,0,0,0,0,0,0
0,0,0,0,0,0,0,0,0,0,0,0,0,0,0,0,0,0,0,0,0,0,0,0,0,0,0,0,0,0,0,0,0,0,0,0,0,0,0,0,0,0,0,0,0,0,0,0,0,0,0,0,0,0,0,0,0,0,0,0,0,0,0,0
0,0,0,0,0,0,0,0,0,0,0,0,0,0,0,0,0,0,0,0,0,0,0,0,0,0,0,0,0,0,0,0,0,0,0,0,0,0,0,0,0,0,0,0,0,0,0,0,0,0,0,0,0,0,0,0,0,0,0,0,0,0,0,0
0,0,0,0,0,0,0,0,0,0,0,0,0,0,0,0,0,0,0,0,0,0,0,0,0,0,0,0,0,0,0,0,0,0,0,0,0,0,0,0,0,0,0,0,0,0,0,0,0,0,0,0,0,0,0,0,0,0,0,0,0,0,0,0
0,0,0,0,0,0,0,0,0,28,20,23,25,27,22,33,0,25,18,13,12,10,19,26,0,21,25,12,15,11,25,27,0,36,15,22,24,30,26,30,0,38,12,7,12,25,24,19,0,37,14,19,26,27,15,19,0,26,25,20,20,18,12,10
0,0,0,0,0,0,0,0,28,20,23,25,27,22,33,12,25,18,13,12,10,19,26,7,21,25,12,15,11,25,27,9,36,15,22,24,30,26,30,12,38,12,7,12,25,24,19,10,37,14,19,26,27,15,19,7,26,25,20,20,18,12,10,5
0,0,0,0,0,0,0,0,20,23,25,27,22,33,12,0,18,13,12,10,19,26,7,0,25,12,15,11,25,27,9,0,15,22,24,30,26,30,12,0,12,7,12,25,24,19,10,0,14,19,26,27,15,19,7,0,25,20,20,18,12,10,5,0
0,28,20,23,25,27,22,33,0,25,18,13,12,10,19,26,0,21,25,12,15,11,25,27,0,36,15,22,24,30,26,30,0,38,12,7,12,25,24,19,0,37,14,19,26,27,15,19,0,26,25,20,20,18,12,10,0,43,46,34,31,34,28,34
28,20,23,25,27,22,33,12,25,18,13,12,10,19,26,7,21,25,12,15,11,25,27,9,36,15,22,24,30,26,30,12,38,12,7,12,25,24,19,10,37,14,19,26,27,15,19,7,26,25,20,20,18,12,10,5,43,46,34,31,34,28,34,26
20,23,25,27,22,33,12,0,18,13,12,10,19,26,7,0,25,12,15,11,25,27,9,0,15,22,24,30,26,30,12,0,12,7,12,25,24,19,10,0,14,19,26,27,15,19,7,0,25,20,20,18,12,10,5,0,46,34,31,34,28,34,26,0
0,25,18,13,12,10,19,26,0,21,25,12,15,11,25,27,0,36,15,22,24,30,26,30,0,38,12,7,12,25,24,19,0,37,14,19,26,27,15,19,0,26,25,20,20,18,12,10,0,43,46,34,31,34,28,34,0,0,0,0,0,0,0,0
25,18,13,12,10,19,26,7,21,25,12,15,11,25,27,9,36,15,22,24,30,26,30,12,38,12,7,12,25,24,19,10,37,14,19,26,27,15,19,7,26,25,20,20,18,12,10,5,43,46,34,31,34,28,34,26,0,0,0,0,0,0,0,0
18,13,12,10,19,26,7,0,25,12,15,11,25,27,9,0,15,22,24,30,26,30,12,0,12,7,12,25,24,19,10,0,14,19,26,27,15,19,7,0,25,20,20,18,12,10,5,0,46,34,31,34,28,34,26,0,0,0,0,0,0,0,0,0
0,0,0,0,0,0,0,0,0,9,14,5,7,6,12,1,0,19,30,24,26,21,21,26,0,18,28,14,13,13,15,20,0,15,22,24,18,19,14,22,0,19,19,17,20,21,22,24,0,10,12,6,19,28,25,26,0,9,15,15,23,21,22,23
0,0,0,0,0,0,0,0,9,14,5,7,6,12,1,15,19,30,24,26,21,21,26,22,18,28,14,13,13,15,20,27,15,22,24,18,19,14,22,24,19,19,17,20,21,22,24,24,10,12,6,19,28,25,26,23,9,15,15,23,21,22,23,17
0,0,0,0,0,0,0,0,14,5,7,6,12,1,15,0,30,24,26,21,21,26,22,0,28,14,13,13,15,20,27,0,22,24,18,19,14,22,24,0,19,17,20,21,22,24,24,0,12,6,19,28,25,26,23,0,15,15,23,21,22,23,17,0
0,9,14,5,7,6,12,1,0,19,30,24,26,21,21,26,0,18,28,14,13,13,15,20,0,15,22,24,18,19,14,22,0,19,19,17,20,21,22,24,0,10,12,6,19,28,25,26,0,9,15,15,23,21,22,23,0,19,22,19,20,19,19,25
9,14,5,7,6,12,1,15,19,30,24,26,21,21,26,22,18,28,14,13,13,15,20,27,15,22,24,18,19,14,22,24,19,19,17,20,21,22,24,24,10,12,6,19,28,25,26,23,9,15,15,23,21,22,23,17,19,22,19,20,19,19,25,22
14,5,7,6,12,1,15,0,30,24,26,21,21,26,22,0,28,14,13,13,15,20,27,0,22,24,18,19,14,22,24,0,19,17,20,21,22,24,24,0,12,6,19,28,25,26,23,0,15,15,23,21,22,23,17,0,22,19,20,19,19,25,22,0
0,19,30,24,26,21,21,26,0,18,28,14,13,13,15,20,0,15,22,24,18,19,14,22,0,19,19,17,20,21,22,24,0,10,12,6,19,28,25,26,0,9,15,15,23,21,22,23,0,19,22,19,20,19,19,25,0,0,0,0,0,0,0,0
19,30,24,26,21,21,26,22,18,28,14,13,13,15,20,27,15,22,24,18,19,14,22,24,19,19,17,20,21,22,24,24,10,12,6,19,28,25,26,23,9,15,15,23,21,22,23,17,19,22,19,20,19,19,25,22,0,0,0,0,0,0,0,0
30,24,26,21,21,26,22,0,28,14,13,13,15,20,27,0,22,24,18,19,14,22,24,0,19,17,20,21,22,24,24,0,12,6,19,28,25,26,23,0,15,15,23,21,22,23,17,0,22,19,20,19,19,25,22,0,0,0,0,0,0,0,0,0
0,0,0,0,0,0,0,0,0,11,19,19,15,17,15,15,0,0,0,7,1,10,5,9,0,0,3,11,5,7,12,1,0,0,0,5,12,12,14,14,0,0,0,5,6,6,3,7,0,0,5,3,7,3,5,0,0,0,0,1,15,12,10,0
0,0,0,0,0,0,0,0,11,19,19,15,17,15,15,0,0,0,7,1,10,5,9,0,0,3,11,5,7,12,1,0,0,0,5,12,12,14,14,0,0,0,5,6,6,3,7,0,0,5,3,7,3,5,0,0,0,0,1,15,12,10,0,0
0,0,0,0,0,0,0,0,19,19,15,17,15,15,0,0,0,7,1,10,5,9,0,0,3,11,5,7,12,1,0,0,0,5,12,12,14,14,0,0,0,5,6,6,3,7,0,0,5,3,7,3,5,0,0,0,0,1,15,12,10,0,0,0
0,11,19,19,15,17,15,15,0,0,0,7,1,10,5,9,0,0,3,11,5,7,12,1,0,0,0,5,12,12,14,14,0,0,0,5,6,6,3,7,0,0,5,3,7,3,5,0,0,0,0,1,15,12,10,0,0,0,3,9,15,7,7,5
11,19,19,15,17,15,15,0,0,0,7,1,10,5,9,0,0,3,11,5,7,12,1,0,0,0,5,12,12,14,14,0,0,0,5,6,6,3,7,0,0,5,3,7,3,5,0,0,0,0,1,15,12,10,0,0,0,3,9,15,7,7,5,5
19,19,15,17,15,15,0,0,0,7,1,10,5,9,0,0,3,11,5,7,12,1,0,0,0,5,12,12,14,14,0,0,0,5,6,6,3,7,0,0,5,3,7,3,5,0,0,0,0,1,15,12,10,0,0,0,3,9,15,7,7,5,5,0
0,0,0,7,1,10,5,9,0,0,3,11,5,7,12,1,0,0,0,5,12,12,14,14,0,0,0,5,6,6,3,7,0,0,5,3,7,3,5,0,0,0,0,1,15,12,10,0,0,0,3,9,15,7,7,5,0,0,0,0,0,0,0,0
0,0,7,1,10,5,9,0,0,3,11,5,7,12,1,0,0,0,5,12,12,14,14,0,0,0,5,6,6,3,7,0,0,5,3,7,3,5,0,0,0,0,1,15,12,10,0,0,0,3,9,15,7,7,5,5,0,0,0,0,0,0,0,0
0,7,1,10,5,9,0,0,3,11,5,7,12,1,0,0,0,5,12,12,14,14,0,0,0,5,6,6,3,7,0,0,5,3,7,3,5,0,0,0,0,1,15,12,10,0,0,0,3,9,15,7,7,5,5,0,0,0,0,0,0,0,0,0
0,0,0,0,0,0,0,0,0,30,35,39,31,31,28,24,0,27,37,36,30,40,30,27,0,31,34,38,35,37,28,33,0,31,35,35,25,30,25,34,0,28,46,47,39,26,25,21,0,25,31,23,35,26,34,26,0,23,15,14,25,28,31,28
0,0,0,0,0,0,0,0,30,35,39,31,31,28,24,30,27,37,36,30,40,30,27,31,31,34,38,35,37,28,33,28,31,35,35,25,30,25,34,28,28,46,47,39,26,25,21,24,25,31,23,35,26,34,26,27,23,15,14,25,28,31,28,25
0,0,0,0,0,0,0,0,35,39,31,31,28,24,30,0,37,36,30,40,30,27,31,0,34,38,35,37,28,33,28,0,35,35,25,30,25,34,28,0,46,47,39,26,25,21,24,0,31,23,35,26,34,26,27,0,15,14,25,28,31,28,25,0
0,30,35,39,31,31,28,24,0,27,37,36,30,40,30,27,0,31,34,38,35,37,28,33,0,31,35,35,25,30,25,34,0,28,46,47,39,26,25,21,0,25,31,23,35,26,34,26,0,23,15,14,25,28,31,28,0,23,12,7,12,10,15,10
30,35,39,31,31,28,24,30,27,37,36,30,40,30,27,31,31,34,38,35,37,28,33,28,31,35,35,25,30,25,34,28,28,46,47,39,26,25,21,24,25,31,23,35,26,34,26,27,23,15,14,25,28,31,28,25,23,12,7,12,10,15,10,10
35,39,31,31,28,24,30,0,37,36,30,40,30,27,31,0,34,38,35,37,28,33,28,0,35,35,25,30,25,34,28,0,46,47,39,26,25,21,24,0,31,23,35,26,34,26,27,0,15,14,25,28,31,28,25,0,12,7,12,10,15,10,10,0
0,27,37,36,30,40,30,27,0,31,34,38,35,37,28,33,0,31,35,35,25,30,25,34,0,28,46,47,39,26,25,21,0,25,31,23,35,26,34,26,0,23,15,14,25,28,31,28,0,23,12,7,12,10,15,10,0,0,0,0,0,0,0,0
27,37,36,30,40,30,27,31,31,34,38,35,37,28,33,28,31,35,35,25,30,25,34,28,28,46,47,39,26,25,21,24,25,31,23,35,26,34,26,27,23,15,14,25,28,31,28,25,23,12,7,12,10,15,10,10,0,0,0,0,0,0,0,0
37,36,30,40,30,27,31,0,34,38,35,37,28,33,28,0,35,35,25,30,25,34,28,0,46,47,39,26,25,21,24,0,31,23,35,26,34,26,27,0,15,14,25,28,31,28,25,0,12,7,12,10,15,10,10,0,0,0,0,0,0,0,0,0
0,0,0,0,0,0,0,0,0,0,0,0,0,0,0,0,0,0,0,0,0,0,0,0,0,0,0,0,0,0,0,0,0,0,0,0,0,0,0,0,0,0,0,0,0,0,0,0,0,0,0,0,0,0,0,0,0,0,0,0,0,0,0,0
0,0,0,0,0,0,0,0,0,0,0,0,0,0,0,0,0,0,0,0,0,0,0,0,0,0,0,0,0,0,0,0,0,0,0,0,0,0,0,0,0,0,0,0,0,0,0,0,0,0,0,0,0,0,0,0,0,0,0,0,0,0,0,0
0,0,0,0,0,0,0,0,0,0,0,0,0,0,0,0,0,0,0,0,0,0,0,0,0,0,0,0,0,0,0,0,0,0,0,0,0,0,0,0,0,0,0,0,0,0,0,0,0,0,0,0,0,0,0,0,0,0,0,0,0,0,0,0
0,0,0,0,0,0,0,0,0,0,0,0,0,0,0,0,0,0,0,0,0,0,0,0,0,0,0,0,0,0,0,0,0,0,0,0,0,0,0,0,0,0,0,0,0,0,0,0,0,0,0,0,0,0,0,0,0,0,0,0,0,0,0,0
0,0,0,0,0,0,0,0,0,0,0,0,0,0,0,0,0,0,0,0,0,0,0,0,0,0,0,0,0,0,0,0,0,0,0,0,0,0,0,0,0,0,0,0,0,0,0,0,0,0,0,0,0,0,0,0,0,0,0,0,0,0,0,0
0,0,0,0,0,0,0,0,0,0,0,0,0,0,0,0,0,0,0,0,0,0,0,0,0,0,0,0,0,0,0,0,0,0,0,0,0,0,0,0,0,0,0,0,0,0,0,0,0,0,0,0,0,0,0,0,0,0,0,0,0,0,0,0
0,0,0,0,0,0,0,0,0,0,0,0,0,0,0,0,0,0,0,0,0,0,0,0,0,0,0,0,0,0,0,0,0,0,0,0,0,0,0,0,0,0,0,0,0,0,0,0,0,0,0,0,0,0,0,0,0,0,0,0,0,0,0,0
0,0,0,0,0,0,0,0,0,0,0,0,0,0,0,0,0,0,0,0,0,0,0,0,0,0,0,0,0,0,0,0,0,0,0,0,0,0,0,0,0,0,0,0,0,0,0,0,0,0,0,0,0,0,0,0,0,0,0,0,0,0,0,0
0,0,0,0,0,0,0,0,0,0,0,0,0,0,0,0,0,0,0,0,0,0,0,0,0,0,0,0,0,0,0,0,0,0,0,0,0,0,0,0,0,0,0,0,0,0,0,0,0,0,0,0,0,0,0,0,0,0,0,0,0,0,0,0
0,0,0,0,0,0,0,0,0,0,15,18,22,19,20,15,0,0,18,23,19,17,24,20,0,0,13,7,13,18,18,19,0,0,6,7,13,7,17,26,0,0,1,13,17,18,19,19,0,0,1,6,14,17,13,15,0,0,0,10,14,15,19,14
0,0,0,0,0,0,0,0,0,15,18,22,19,20,15,20,0,18,23,19,17,24,20,12,0,13,7,13,18,18,19,12,0,6,7,13,7,17,26,15,0,1,13,17,18,19,19,18,0,1,6,14,17,13,15,13,0,0,10,14,15,19,14,11
0,0,0,0,0,0,0,0,15,18,22,19,20,15,20,0,18,23,19,17,24,20,12,0,13,7,13,18,18,19,12,0,6,7,13,7,17,26,15,0,1,13,17,18,19,19,18,0,1,6,14,17,13,15,13,0,0,10,14,15,19,14,11,0
0,0,15,18,22,19,20,15,0,0,18,23,19,17,24,20,0,0,13,7,13,18,18,19,0,0,6,7,13,7,17,26,0,0,1,13,17,18,19,19,0,0,1,6,14,17,13,15,0,0,0,10,14,15,19,14,0,0,0,1,7,7,5,3
0,15,18,22,19,20,15,20,0,18,23,19,17,24,20,12,0,13,7,13,18,18,19,12,0,6,7,13,7,17,26,15,0,1,13,17,18,19,19,18,0,1,6,14,17,13,15,13,0,0,10,14,15,19,14,11,0,0,1,7,7,5,3,3
15,18,22,19,20,15,20,0,18,23,19,17,24,20,12,0,13,7,13,18,18,19,12,0,6,7,13,7,17,26,15,0,1,13,17,18,19,19,18,0,1,6,14,17,13,15,13,0,0,10,14,15,19,14,11,0,0,1,7,7,5,3,3,0
0,0,18,23,19,17,24,20,0,0,13,7,13,18,18,19,0,0,6,7,13,7,17,26,0,0,1,13,17,18,19,19,0,0,1,6,14,17,13,15,0,0,0,10,14,15,19,14,0,0,0,1,7,7,5,3,0,0,0,0,0,0,0,0
0,18,23,19,17,24,20,12,0,13,7,13,18,18,19,12,0,6,7,13,7,17,26,15,0,1,13,17,18,19,19,18,0,1,6,14,17,13,15,13,0,0,10,14,15,19,14,11,0,0,1,7,7,5,3,3,0,0,0,0,0,0,0,0
18,23,19,17,24,20,12,0,13,7,13,18,18,19,12,0,6,7,13,7,17,26,15,0,1,13,17,18,19,19,18,0,1,6,14,17,13,15,13,0,0,10,14,15,19,14,11,0,0,1,7,7,5,3,3,0,0,0,0,0,0,0,0,0
0,0,0,0,0,0,0,0,0,0,0,0,0,0,0,0,0,0,0,0,0,0,0,0,0,0,0,0,0,0,0,0,0,0,0,0,0,0,0,0,0,0,0,0,0,0,0,0,0,0,0,0,0,0,0,0,0,0,0,3,1,0,0,0
0,0,0,0,0,0,0,0,0,0,0,0,0,0,0,1,0,0,0,0,0,0,0,0,0,0,0,0,0,0,0,0,0,0,0,0,0,0,0,0,0,0,0,0,0,0,0,0,0,0,0,0,0,0,0,0,0,0,3,1,0,0,0,3
0,0,0,0,0,0,0,0,0,0,0,0,0,0,1,0,0,0,0,0,0,0,0,0,0,0,0,0,0,0,0,0,0,0,0,0,0,0,0,0,0,0,0,0,0,0,0,0,0,0,0,0,0,0,0,0,0,3,1,0,0,0,3,0
0,0,0,0,0,0,0,0,0,0,0,0,0,0,0,0,0,0,0,0,0,0,0,0,0,0,0,0,0,0,0,0,0,0,0,0,0,0,0,0,0,0,0,0,0,0,0,0,0,0,0,3,1,0,0,0,0,0,0,3,1,0,0,0
0,0,0,0,0,0,0,1,0,0,0,0,0,0,0,0,0,0,0,0,0,0,0,0,0,0,0,0,0,0,0,0,0,0,0,0,0,0,0,0,0,0,0,0,0,0,0,0,0,0,3,1,0,0,0,3,0,0,3,1,0,0,0,3
0,0,0,0,0,0,1,0,0,0,0,0,0,0,0,0,0,0,0,0,0,0,0,0,0,0,0,0,0,0,0,0,0,0,0,0,0,0,0,0,0,0,0,0,0,0,0,0,0,3,1,0,0,0,3,0,0,3,1,0,0,0,3,0
0,0,0,0,0,0,0,0,0,0,0,0,0,0,0,0,0,0,0,0,0,0,0,0,0,0,0,0,0,0,0,0,0,0,0,0,0,0,0,0,0,0,0,3,1,0,0,0,0,0,0,3,1,0,0,0,0,0,0,0,0,0,0,0
0,0,0,0,0,0,0,0,0,0,0,0,0,0,0,0,0,0,0,0,0,0,0,0,0,0,0,0,0,0,0,0,0,0,0,0,0,0,0,0,0,0,3,1,0,0,0,3,0,0,3,1,0,0,0,3,0,0,0,0,0,0,0,0
0,0,0,0,0,0,0,0,0,0,0,0,0,0,0,0,0,0,0,0,0,0,0,0,0,0,0,0,0,0,0,0,0,0,0,0,0,0,0,0,0,3,1,0,0,0,3,0,0,3,1,0,0,0,3,0,0,0,0,0,0,0,0,0
0,0,0,0,0,0,0,0,0,15,12,15,11,13,14,10,0,28,17,24,19,17,20,18,0,33,26,23,21,30,15,22,0,28,27,22,17,22,15,14,0,26,24,22,21,15,21,19,0,23,22,21,15,18,23,22,0,24,17,0,15,22,25,30
0,0,0,0,0,0,0,0,15,12,15,11,13,14,10,14,28,17,24,19,17,20,18,15,33,26,23,21,30,15,22,22,28,27,22,17,22,15,14,20,26,24,22,21,15,21,19,19,23,22,21,15,18,23,22,18,24,17,0,15,22,25,30,9
0,0,0,0,0,0,0,0,12,15,11,13,14,10,14,0,17,24,19,17,20,18,15,0,26,23,21,30,15,22,22,0,27,22,17,22,15,14,20,0,24,22,21,15,21,19,19,0,22,21,15,18,23,22,18,0,17,0,15,22,25,30,9,0
0,15,12,15,11,13,14,10,0,28,17,24,19,17,20,18,0,33,26,23,21,30,15,22,0,28,27,22,17,22,15,14,0,26,24,22,21,15,21,19,0,23,22,21,15,18,23,22,0,24,17,0,15,22,25,30,0,28,19,22,21,26,25,25
15,12,15,11,13,14,10,14,28,17,24,19,17,20,18,15,33,26,23,21,30,15,22,22,28,27,22,17,22,15,14,20,26,24,22,21,15,21,19,19,23,22,21,15,18,23,22,18,24,17,0,15,22,25,30,9,28,19,22,21,26,25,25,15
12,15,11,13,14,10,14,0,17,24,19,17,20,18,15,0,26,23,21,30,15,22,22,0,27,22,17,22,15,14,20,0,24,22,21,15,21,19,19,0,22,21,15,18,23,22,18,0,17,0,15,22,25,30,9,0,19,22,21,26,25,25,15,0
0,28,17,24,19,17,20,18,0,33,26,23,21,30,15,22,0,28,27,22,17,22,15,14,0,26,24,22,21,15,21,19,0,23,22,21,15,18,23,22,0,24,17,0,15,22,25,30,0,28,19,22,21,26,25,25,0,0,0,0,0,0,0,0
28,17,24,19,17,20,18,15,33,26,23,21,30,15,22,22,28,27,22,17,22,15,14,20,26,24,22,21,15,21,19,19,23,22,21,15,18,23,22,18,24,17,0,15,22,25,30,9,28,19,22,21,26,25,25,15,0,0,0,0,0,0,0,0
17,24,19,17,20,18,15,0,26,23,21,30,15,22,22,0,27,22,17,22,15,14,20,0,24,22,21,15,21,19,19,0,22,21,15,18,23,22,18,0,17,0,15,22,25,30,9,0,19,22,21,26,25,25,15,0,0,0,0,0,0,0,0,0
0,0,0,0,0,0,0,0,0,0,0,0,0,0,0,0,0,0,0,0,0,0,0,0,0,0,0,0,0,0,0,0,0,0,0,0,0,0,0,0,0,0,0,0,7,3,0,0,0,0,1,0,0,0,0,0,0,0,10,9,5,1,0,0
0,0,0,0,0,0,0,0,0,0,0,0,0,0,0,0,0,0,0,0,0,0,0,0,0,0,0,0,0,0,0,0,0,0,0,0,0,0,0,0,0,0,0,7,3,0,0,0,0,1,0,0,0,0,0,0,0,10,9,5,1,0,0,3
0,0,0,0,0,0,0,0,0,0,0,0,0,0,0,0,0,0,0,0,0,0,0,0,0,0,0,0,0,0,0,0,0,0,0,0,0,0,0,0,0,0,7,3,0,0,0,0,1,0,0,0,0,0,0,0,10,9,5,1,0,0,3,0
0,0,0,0,0,0,0,0,0,0,0,0,0,0,0,0,0,0,0,0,0,0,0,0,0,0,0,0,0,0,0,0,0,0,0,0,7,3,0,0,0,0,1,0,0,0,0,0,0,0,10,9,5,1,0,0,0,0,17,24,10,10,10,10
0,0,0,0,0,0,0,0,0,0,0,0,0,0,0,0,0,0,0,0,0,0,0,0,0,0,0,0,0,0,0,0,0,0,0,7,3,0,0,0,0,1,0,0,0,0,0,0,0,10,9,5,1,0,0,3,0,17,24,10,10,10,10,3
0,0,0,0,0,0,0,0,0,0,0,0,0,0,0,0,0,0,0,0,0,0,0,0,0,0,0,0,0,0,0,0,0,0,7,3,0,0,0,0,1,0,0,0,0,0,0,0,10,9,5,1,0,0,3,0,17,24,10,10,10,10,3,0
0,0,0,0,0,0,0,0,0,0,0,0,0,0,0,0,0,0,0,0,0,0,0,0,0,0,0,0,7,3,0,0,0,0,1,0,0,0,0,0,0,0,10,9,5,1,0,0,0,0,17,24,10,10,10,10,0,0,0,0,0,0,0,0
0,0,0,0,0,0,0,0,0,0,0,0,0,0,0,0,0,0,0,0,0,0,0,0,0,0,0,7,3,0,0,0,0,1,0,0,0,0,0,0,0,10,9,5,1,0,0,3,0,17,24,10,10,10,10,3,0,0,0,0,0,0,0,0
0,0,0,0,0,0,0,0,0,0,0,0,0,0,0,0,0,0,0,0,0,0,0,0,0,0,7,3,0,0,0,0,1,0,0,0,0,0,0,0,10,9,5,1,0,0,3,0,17,24,10,10,10,10,3,0,0,0,0,0,0,0,0,0
0,0,0,0,0,0,0,0,0,0,0,0,0,0,0,0,0,0,0,0,0,0,0,0,0,0,0,0,0,0,0,0,0,0,0,0,0,0,0,0,0,0,0,0,0,0,0,0,0,0,0,0,0,0,0,0,0,0,0,0,0,0,0,0
0,0,0,0,0,0,0,0,0,0,0,0,0,0,0,0,0,0,0,0,0,0,0,0,0,0,0,0,0,0,0,0,0,0,0,0,0,0,0,0,0,0,0,0,0,0,0,0,0,0,0,0,0,0,0,0,0,0,0,0,0,0,0,0
0,0,0,0,0,0,0,0,0,0,0,0,0,0,0,0,0,0,0,0,0,0,0,0,0,0,0,0,0,0,0,0,0,0,0,0,0,0,0,0,0,0,0,0,0,0,0,0,0,0,0,0,0,0,0,0,0,0,0,0,0,0,0,0
0,0,0,0,0,0,0,0,0,0,0,0,0,0,0,0,0,0,0,0,0,0,0,0,0,0,0,0,0,0,0,0,0,0,0,0,0,0,0,0,0,0,0,0,0,0,0,0,0,0,0,0,0,0,0,0,0,0,0,0,0,0,0,0
0,0,0,0,0,0,0,0,0,0,0,0,0,0,0,0,0,0,0,0,0,0,0,0,0,0,0,0,0,0,0,0,0,0,0,0,0,0,0,0,0,0,0,0,0,0,0,0,0,0,0,0,0,0,0,0,0,0,0,0,0,0,0,0
0,0,0,0,0,0,0,0,0,0,0,0,0,0,0,0,0,0,0,0,0,0,0,0,0,0,0,0,0,0,0,0,0,0,0,0,0,0,0,0,0,0,0,0,0,0,0,0,0,0,0,0,0,0,0,0,0,0,0,0,0,0,0,0
0,0,0,0,0,0,0,0,0,0,0,0,0,0,0,0,0,0,0,0,0,0,0,0,0,0,0,0,0,0,0,0,0,0,0,0,0,0,0,0,0,0,0,0,0,0,0,0,0,0,0,0,0,0,0,0,0,0,0,0,0,0,0,0
0,0,0,0,0,0,0,0,0,0,0,0,0,0,0,0,0,0,0,0,0,0,0,0,0,0,0,0,0,0,0,0,0,0,0,0,0,0,0,0,0,0,0,0,0,0,0,0,0,0,0,0,0,0,0,0,0,0,0,0,0,0,0,0
0,0,0,0,0,0,0,0,0,0,0,0,0,0,0,0,0,0,0,0,0,0,0,0,0,0,0,0,0,0,0,0,0,0,0,0,0,0,0,0,0,0,0,0,0,0,0,0,0,0,0,0,0,0,0,0,0,0,0,0,0,0,0,0
